LAB1 1
name "System with zero right-hand side (500 x 500)"
task 3
outcomes 0 0
limits 1e-12 1e-09 0.05 40
A 500 500
601 1 -1 2 0 -2 1 -1 2 0 -2 1 -1 2 0 -2 1 -1 2 0 -2 1 -1 2 0 -2 1 -1 2 0 -2 1 -1 2 0 -2 1 -1 2 0 -2 1 -1 2 0 -2 1 -1 2 0 -2 1 -1 2 0 -2 1 -1 2 0 -2 1 -1 2 0 -2 1 -1 2 0 -2 1 -1 2 0 -2 1 -1 2 0 -2 1 -1 2 0 -2 1 -1 2 0 -2 1 -1 2 0 -2 1 -1 2 0 -2 1 -1 2 0 -2 1 -1 2 0 -2 1 -1 2 0 -2 1 -1 2 0 -2 1 -1 2 0 -2 1 -1 2 0 -2 1 -1 2 0 -2 1 -1 2 0 -2 1 -1 2 0 -2 1 -1 2 0 -2 1 -1 2 0 -2 1 -1 2 0 -2 1 -1 2 0 -2 1 -1 2 0 -2 1 -1 2 0 -2 1 -1 2 0 -2 1 -1 2 0 -2 1 -1 2 0 -2 1 -1 2 0 -2 1 -1 2 0 -2 1 -1 2 0 -2 1 -1 2 0 -2 1 -1 2 0 -2 1 -1 2 0 -2 1 -1 2 0 -2 1 -1 2 0 -2 1 -1 2 0 -2 1 -1 2 0 -2 1 -1 2 0 -2 1 -1 2 0 -2 1 -1 2 0 -2 1 -1 2 0 -2 1 -1 2 0 -2 1 -1 2 0 -2 1 -1 2 0 -2 1 -1 2 0 -2 1 -1 2 0 -2 1 -1 2 0 -2 1 -1 2 0 -2 1 -1 2 0 -2 1 -1 2 0 -2 1 -1 2 0 -2 1 -1 2 0 -2 1 -1 2 0 -2 1 -1 2 0 -2 1 -1 2 0 -2 1 -1 2 0 -2 1 -1 2 0 -2 1 -1 2 0 -2 1 -1 2 0 -2 1 -1 2 0 -2 1 -1 2 0 -2 1 -1 2 0 -2 1 -1 2 0 -2 1 -1 2 0 -2 1 -1 2 0 -2 1 -1 2 0 -2 1 -1 2 0 -2 1 -1 2 0 -2 1 -1 2 0 -2 1 -1 2 0 -2 1 -1 2 0 -2 1 -1 2 0 -2 1 -1 2 0 -2 1 -1 2 0 -2 1 -1 2 0 -2 1 -1 2 0 -2 1 -1 2 0 -2 1 -1 2 0 -2 1 -1 2 0 -2 1 -1 2 0 -2 1 -1 2 0 -2 1 -1 2 0 -2 1 -1 2 0 -2 1 -1 2 0 -2 1 -1 2 0 -2 1 -1 2 0 -2 1 -1 2 0 -2 1 -1 2 0 -2 1 -1 2 0
0 602 -2 2 1 0 -1 -2 2 1 0 -1 -2 2 1 0 -1 -2 2 1 0 -1 -2 2 1 0 -1 -2 2 1 0 -1 -2 2 1 0 -1 -2 2 1 0 -1 -2 2 1 0 -1 -2 2 1 0 -1 -2 2 1 0 -1 -2 2 1 0 -1 -2 2 1 0 -1 -2 2 1 0 -1 -2 2 1 0 -1 -2 2 1 0 -1 -2 2 1 0 -1 -2 2 1 0 -1 -2 2 1 0 -1 -2 2 1 0 -1 -2 2 1 0 -1 -2 2 1 0 -1 -2 2 1 0 -1 -2 2 1 0 -1 -2 2 1 0 -1 -2 2 1 0 -1 -2 2 1 0 -1 -2 2 1 0 -1 -2 2 1 0 -1 -2 2 1 0 -1 -2 2 1 0 -1 -2 2 1 0 -1 -2 2 1 0 -1 -2 2 1 0 -1 -2 2 1 0 -1 -2 2 1 0 -1 -2 2 1 0 -1 -2 2 1 0 -1 -2 2 1 0 -1 -2 2 1 0 -1 -2 2 1 0 -1 -2 2 1 0 -1 -2 2 1 0 -1 -2 2 1 0 -1 -2 2 1 0 -1 -2 2 1 0 -1 -2 2 1 0 -1 -2 2 1 0 -1 -2 2 1 0 -1 -2 2 1 0 -1 -2 2 1 0 -1 -2 2 1 0 -1 -2 2 1 0 -1 -2 2 1 0 -1 -2 2 1 0 -1 -2 2 1 0 -1 -2 2 1 0 -1 -2 2 1 0 -1 -2 2 1 0 -1 -2 2 1 0 -1 -2 2 1 0 -1 -2 2 1 0 -1 -2 2 1 0 -1 -2 2 1 0 -1 -2 2 1 0 -1 -2 2 1 0 -1 -2 2 1 0 -1 -2 2 1 0 -1 -2 2 1 0 -1 -2 2 1 0 -1 -2 2 1 0 -1 -2 2 1 0 -1 -2 2 1 0 -1 -2 2 1 0 -1 -2 2 1 0 -1 -2 2 1 0 -1 -2 2 1 0 -1 -2 2 1 0 -1 -2 2 1 0 -1 -2 2 1 0 -1 -2 2 1 0 -1 -2 2 1 0 -1 -2 2 1 0 -1 -2 2 1 0 -1 -2 2 1 0 -1 -2 2 1 0 -1 -2 2 1 0 -1 -2 2 1 0 -1 -2 2 1 0 -1 -2 2 1 0 -1 -2 2 1 0 -1 -2 2 1 0 -1 -2 2 1 0 -1 -2 2 1 0 -1 -2 2 1 0 -1 -2 2 1 0 -1 -2 2 1 0 -1 -2 2 1 0 -1 -2 2 1 0 -1 -2 2 1
2 2 1001 2 2 2 2 2 2 2 2 2 2 2 2 2 2 2 2 2 2 2 2 2 2 2 2 2 2 2 2 2 2 2 2 2 2 2 2 2 2 2 2 2 2 2 2 2 2 2 2 2 2 2 2 2 2 2 2 2 2 2 2 2 2 2 2 2 2 2 2 2 2 2 2 2 2 2 2 2 2 2 2 2 2 2 2 2 2 2 2 2 2 2 2 2 2 2 2 2 2 2 2 2 2 2 2 2 2 2 2 2 2 2 2 2 2 2 2 2 2 2 2 2 2 2 2 2 2 2 2 2 2 2 2 2 2 2 2 2 2 2 2 2 2 2 2 2 2 2 2 2 2 2 2 2 2 2 2 2 2 2 2 2 2 2 2 2 2 2 2 2 2 2 2 2 2 2 2 2 2 2 2 2 2 2 2 2 2 2 2 2 2 2 2 2 2 2 2 2 2 2 2 2 2 2 2 2 2 2 2 2 2 2 2 2 2 2 2 2 2 2 2 2 2 2 2 2 2 2 2 2 2 2 2 2 2 2 2 2 2 2 2 2 2 2 2 2 2 2 2 2 2 2 2 2 2 2 2 2 2 2 2 2 2 2 2 2 2 2 2 2 2 2 2 2 2 2 2 2 2 2 2 2 2 2 2 2 2 2 2 2 2 2 2 2 2 2 2 2 2 2 2 2 2 2 2 2 2 2 2 2 2 2 2 2 2 2 2 2 2 2 2 2 2 2 2 2 2 2 2 2 2 2 2 2 2 2 2 2 2 2 2 2 2 2 2 2 2 2 2 2 2 2 2 2 2 2 2 2 2 2 2 2 2 2 2 2 2 2 2 2 2 2 2 2 2 2 2 2 2 2 2 2 2 2 2 2 2 2 2 2 2 2 2 2 2 2 2 2 2 2 2 2 2 2 2 2 2 2 2 2 2 2 2 2 2 2 2 2 2 2 2 2 2 2 2 2 2 2 2 2 2 2 2 2 2 2 2 2 2 2 2 2 2 2 2 2 2 2 2 2 2 2 2 2 2 2 2 2 2 2 2 2 2 2 2 2 2 2 2 2 2 2 2 2 2 2 2 2 2 2 2 2 2 2 2 2 2 2 2 2 2 2 2 2 2 2 2 2
-1 0 1 601 -2 -1 0 1 2 -2 -1 0 1 2 -2 -1 0 1 2 -2 -1 0 1 2 -2 -1 0 1 2 -2 -1 0 1 2 -2 -1 0 1 2 -2 -1 0 1 2 -2 -1 0 1 2 -2 -1 0 1 2 -2 -1 0 1 2 -2 -1 0 1 2 -2 -1 0 1 2 -2 -1 0 1 2 -2 -1 0 1 2 -2 -1 0 1 2 -2 -1 0 1 2 -2 -1 0 1 2 -2 -1 0 1 2 -2 -1 0 1 2 -2 -1 0 1 2 -2 -1 0 1 2 -2 -1 0 1 2 -2 -1 0 1 2 -2 -1 0 1 2 -2 -1 0 1 2 -2 -1 0 1 2 -2 -1 0 1 2 -2 -1 0 1 2 -2 -1 0 1 2 -2 -1 0 1 2 -2 -1 0 1 2 -2 -1 0 1 2 -2 -1 0 1 2 -2 -1 0 1 2 -2 -1 0 1 2 -2 -1 0 1 2 -2 -1 0 1 2 -2 -1 0 1 2 -2 -1 0 1 2 -2 -1 0 1 2 -2 -1 0 1 2 -2 -1 0 1 2 -2 -1 0 1 2 -2 -1 0 1 2 -2 -1 0 1 2 -2 -1 0 1 2 -2 -1 0 1 2 -2 -1 0 1 2 -2 -1 0 1 2 -2 -1 0 1 2 -2 -1 0 1 2 -2 -1 0 1 2 -2 -1 0 1 2 -2 -1 0 1 2 -2 -1 0 1 2 -2 -1 0 1 2 -2 -1 0 1 2 -2 -1 0 1 2 -2 -1 0 1 2 -2 -1 0 1 2 -2 -1 0 1 2 -2 -1 0 1 2 -2 -1 0 1 2 -2 -1 0 1 2 -2 -1 0 1 2 -2 -1 0 1 2 -2 -1 0 1 2 -2 -1 0 1 2 -2 -1 0 1 2 -2 -1 0 1 2 -2 -1 0 1 2 -2 -1 0 1 2 -2 -1 0 1 2 -2 -1 0 1 2 -2 -1 0 1 2 -2 -1 0 1 2 -2 -1 0 1 2 -2 -1 0 1 2 -2 -1 0 1 2 -2 -1 0 1 2 -2 -1 0 1 2 -2 -1 0 1 2 -2 -1 0 1 2 -2 -1 0 1 2 -2 -1 0 1 2 -2 -1 0 1 2 -2 -1 0 1 2 -2 -1 0 1 2 -2 -1 0 1 2 -2 -1 0 1 2 -2 -1 0 1 2 -2 -1 0 1 2 -2 -1 0 1 2 -2 -1 0 1 2 -2 -1 0 1 2 -2 -1 0 1 2 -2 -1 0 1 2 -2 -1 0 1 2 -2
1 -2 0 2 602 1 -2 0 2 -1 1 -2 0 2 -1 1 -2 0 2 -1 1 -2 0 2 -1 1 -2 0 2 -1 1 -2 0 2 -1 1 -2 0 2 -1 1 -2 0 2 -1 1 -2 0 2 -1 1 -2 0 2 -1 1 -2 0 2 -1 1 -2 0 2 -1 1 -2 0 2 -1 1 -2 0 2 -1 1 -2 0 2 -1 1 -2 0 2 -1 1 -2 0 2 -1 1 -2 0 2 -1 1 -2 0 2 -1 1 -2 0 2 -1 1 -2 0 2 -1 1 -2 0 2 -1 1 -2 0 2 -1 1 -2 0 2 -1 1 -2 0 2 -1 1 -2 0 2 -1 1 -2 0 2 -1 1 -2 0 2 -1 1 -2 0 2 -1 1 -2 0 2 -1 1 -2 0 2 -1 1 -2 0 2 -1 1 -2 0 2 -1 1 -2 0 2 -1 1 -2 0 2 -1 1 -2 0 2 -1 1 -2 0 2 -1 1 -2 0 2 -1 1 -2 0 2 -1 1 -2 0 2 -1 1 -2 0 2 -1 1 -2 0 2 -1 1 -2 0 2 -1 1 -2 0 2 -1 1 -2 0 2 -1 1 -2 0 2 -1 1 -2 0 2 -1 1 -2 0 2 -1 1 -2 0 2 -1 1 -2 0 2 -1 1 -2 0 2 -1 1 -2 0 2 -1 1 -2 0 2 -1 1 -2 0 2 -1 1 -2 0 2 -1 1 -2 0 2 -1 1 -2 0 2 -1 1 -2 0 2 -1 1 -2 0 2 -1 1 -2 0 2 -1 1 -2 0 2 -1 1 -2 0 2 -1 1 -2 0 2 -1 1 -2 0 2 -1 1 -2 0 2 -1 1 -2 0 2 -1 1 -2 0 2 -1 1 -2 0 2 -1 1 -2 0 2 -1 1 -2 0 2 -1 1 -2 0 2 -1 1 -2 0 2 -1 1 -2 0 2 -1 1 -2 0 2 -1 1 -2 0 2 -1 1 -2 0 2 -1 1 -2 0 2 -1 1 -2 0 2 -1 1 -2 0 2 -1 1 -2 0 2 -1 1 -2 0 2 -1 1 -2 0 2 -1 1 -2 0 2 -1 1 -2 0 2 -1 1 -2 0 2 -1 1 -2 0 2 -1 1 -2 0 2 -1 1 -2 0 2 -1 1 -2 0 2 -1 1 -2 0 2 -1 1 -2 0 2 -1 1 -2 0 2 -1 1 -2 0 2 -1 1 -2 0 2 -1 1 -2 0 2 -1 1 -2 0 2 -1 1 -2 0 2 -1 1 -2 0 2 -1 1 -2 0 2 -1
-2 1 -1 2 0 601 1 -1 2 0 -2 1 -1 2 0 -2 1 -1 2 0 -2 1 -1 2 0 -2 1 -1 2 0 -2 1 -1 2 0 -2 1 -1 2 0 -2 1 -1 2 0 -2 1 -1 2 0 -2 1 -1 2 0 -2 1 -1 2 0 -2 1 -1 2 0 -2 1 -1 2 0 -2 1 -1 2 0 -2 1 -1 2 0 -2 1 -1 2 0 -2 1 -1 2 0 -2 1 -1 2 0 -2 1 -1 2 0 -2 1 -1 2 0 -2 1 -1 2 0 -2 1 -1 2 0 -2 1 -1 2 0 -2 1 -1 2 0 -2 1 -1 2 0 -2 1 -1 2 0 -2 1 -1 2 0 -2 1 -1 2 0 -2 1 -1 2 0 -2 1 -1 2 0 -2 1 -1 2 0 -2 1 -1 2 0 -2 1 -1 2 0 -2 1 -1 2 0 -2 1 -1 2 0 -2 1 -1 2 0 -2 1 -1 2 0 -2 1 -1 2 0 -2 1 -1 2 0 -2 1 -1 2 0 -2 1 -1 2 0 -2 1 -1 2 0 -2 1 -1 2 0 -2 1 -1 2 0 -2 1 -1 2 0 -2 1 -1 2 0 -2 1 -1 2 0 -2 1 -1 2 0 -2 1 -1 2 0 -2 1 -1 2 0 -2 1 -1 2 0 -2 1 -1 2 0 -2 1 -1 2 0 -2 1 -1 2 0 -2 1 -1 2 0 -2 1 -1 2 0 -2 1 -1 2 0 -2 1 -1 2 0 -2 1 -1 2 0 -2 1 -1 2 0 -2 1 -1 2 0 -2 1 -1 2 0 -2 1 -1 2 0 -2 1 -1 2 0 -2 1 -1 2 0 -2 1 -1 2 0 -2 1 -1 2 0 -2 1 -1 2 0 -2 1 -1 2 0 -2 1 -1 2 0 -2 1 -1 2 0 -2 1 -1 2 0 -2 1 -1 2 0 -2 1 -1 2 0 -2 1 -1 2 0 -2 1 -1 2 0 -2 1 -1 2 0 -2 1 -1 2 0 -2 1 -1 2 0 -2 1 -1 2 0 -2 1 -1 2 0 -2 1 -1 2 0 -2 1 -1 2 0 -2 1 -1 2 0 -2 1 -1 2 0 -2 1 -1 2 0 -2 1 -1 2 0 -2 1 -1 2 0 -2 1 -1 2 0 -2 1 -1 2 0 -2 1 -1 2 0 -2 1 -1 2 0 -2 1 -1 2 0 -2 1 -1 2 0 -2 1 -1 2 0 -2 1 -1 2 0 -2 1 -1 2 0 -2 1 -1 2 0 -2 1 -1 2 0
0 -1 -2 2 1 0 602 -2 2 1 0 -1 -2 2 1 0 -1 -2 2 1 0 -1 -2 2 1 0 -1 -2 2 1 0 -1 -2 2 1 0 -1 -2 2 1 0 -1 -2 2 1 0 -1 -2 2 1 0 -1 -2 2 1 0 -1 -2 2 1 0 -1 -2 2 1 0 -1 -2 2 1 0 -1 -2 2 1 0 -1 -2 2 1 0 -1 -2 2 1 0 -1 -2 2 1 0 -1 -2 2 1 0 -1 -2 2 1 0 -1 -2 2 1 0 -1 -2 2 1 0 -1 -2 2 1 0 -1 -2 2 1 0 -1 -2 2 1 0 -1 -2 2 1 0 -1 -2 2 1 0 -1 -2 2 1 0 -1 -2 2 1 0 -1 -2 2 1 0 -1 -2 2 1 0 -1 -2 2 1 0 -1 -2 2 1 0 -1 -2 2 1 0 -1 -2 2 1 0 -1 -2 2 1 0 -1 -2 2 1 0 -1 -2 2 1 0 -1 -2 2 1 0 -1 -2 2 1 0 -1 -2 2 1 0 -1 -2 2 1 0 -1 -2 2 1 0 -1 -2 2 1 0 -1 -2 2 1 0 -1 -2 2 1 0 -1 -2 2 1 0 -1 -2 2 1 0 -1 -2 2 1 0 -1 -2 2 1 0 -1 -2 2 1 0 -1 -2 2 1 0 -1 -2 2 1 0 -1 -2 2 1 0 -1 -2 2 1 0 -1 -2 2 1 0 -1 -2 2 1 0 -1 -2 2 1 0 -1 -2 2 1 0 -1 -2 2 1 0 -1 -2 2 1 0 -1 -2 2 1 0 -1 -2 2 1 0 -1 -2 2 1 0 -1 -2 2 1 0 -1 -2 2 1 0 -1 -2 2 1 0 -1 -2 2 1 0 -1 -2 2 1 0 -1 -2 2 1 0 -1 -2 2 1 0 -1 -2 2 1 0 -1 -2 2 1 0 -1 -2 2 1 0 -1 -2 2 1 0 -1 -2 2 1 0 -1 -2 2 1 0 -1 -2 2 1 0 -1 -2 2 1 0 -1 -2 2 1 0 -1 -2 2 1 0 -1 -2 2 1 0 -1 -2 2 1 0 -1 -2 2 1 0 -1 -2 2 1 0 -1 -2 2 1 0 -1 -2 2 1 0 -1 -2 2 1 0 -1 -2 2 1 0 -1 -2 2 1 0 -1 -2 2 1 0 -1 -2 2 1 0 -1 -2 2 1 0 -1 -2 2 1 0 -1 -2 2 1 0 -1 -2 2 1 0 -1 -2 2 1 0 -1 -2 2 1 0 -1 -2 2 1 0 -1 -2 2 1
2 2 2 2 2 2 2 1001 2 2 2 2 2 2 2 2 2 2 2 2 2 2 2 2 2 2 2 2 2 2 2 2 2 2 2 2 2 2 2 2 2 2 2 2 2 2 2 2 2 2 2 2 2 2 2 2 2 2 2 2 2 2 2 2 2 2 2 2 2 2 2 2 2 2 2 2 2 2 2 2 2 2 2 2 2 2 2 2 2 2 2 2 2 2 2 2 2 2 2 2 2 2 2 2 2 2 2 2 2 2 2 2 2 2 2 2 2 2 2 2 2 2 2 2 2 2 2 2 2 2 2 2 2 2 2 2 2 2 2 2 2 2 2 2 2 2 2 2 2 2 2 2 2 2 2 2 2 2 2 2 2 2 2 2 2 2 2 2 2 2 2 2 2 2 2 2 2 2 2 2 2 2 2 2 2 2 2 2 2 2 2 2 2 2 2 2 2 2 2 2 2 2 2 2 2 2 2 2 2 2 2 2 2 2 2 2 2 2 2 2 2 2 2 2 2 2 2 2 2 2 2 2 2 2 2 2 2 2 2 2 2 2 2 2 2 2 2 2 2 2 2 2 2 2 2 2 2 2 2 2 2 2 2 2 2 2 2 2 2 2 2 2 2 2 2 2 2 2 2 2 2 2 2 2 2 2 2 2 2 2 2 2 2 2 2 2 2 2 2 2 2 2 2 2 2 2 2 2 2 2 2 2 2 2 2 2 2 2 2 2 2 2 2 2 2 2 2 2 2 2 2 2 2 2 2 2 2 2 2 2 2 2 2 2 2 2 2 2 2 2 2 2 2 2 2 2 2 2 2 2 2 2 2 2 2 2 2 2 2 2 2 2 2 2 2 2 2 2 2 2 2 2 2 2 2 2 2 2 2 2 2 2 2 2 2 2 2 2 2 2 2 2 2 2 2 2 2 2 2 2 2 2 2 2 2 2 2 2 2 2 2 2 2 2 2 2 2 2 2 2 2 2 2 2 2 2 2 2 2 2 2 2 2 2 2 2 2 2 2 2 2 2 2 2 2 2 2 2 2 2 2 2 2 2 2 2 2 2 2 2 2 2 2 2 2 2 2 2 2 2 2 2 2 2 2 2 2 2 2 2 2 2 2 2 2 2 2 2 2 2
-1 0 1 2 -2 -1 0 1 601 -2 -1 0 1 2 -2 -1 0 1 2 -2 -1 0 1 2 -2 -1 0 1 2 -2 -1 0 1 2 -2 -1 0 1 2 -2 -1 0 1 2 -2 -1 0 1 2 -2 -1 0 1 2 -2 -1 0 1 2 -2 -1 0 1 2 -2 -1 0 1 2 -2 -1 0 1 2 -2 -1 0 1 2 -2 -1 0 1 2 -2 -1 0 1 2 -2 -1 0 1 2 -2 -1 0 1 2 -2 -1 0 1 2 -2 -1 0 1 2 -2 -1 0 1 2 -2 -1 0 1 2 -2 -1 0 1 2 -2 -1 0 1 2 -2 -1 0 1 2 -2 -1 0 1 2 -2 -1 0 1 2 -2 -1 0 1 2 -2 -1 0 1 2 -2 -1 0 1 2 -2 -1 0 1 2 -2 -1 0 1 2 -2 -1 0 1 2 -2 -1 0 1 2 -2 -1 0 1 2 -2 -1 0 1 2 -2 -1 0 1 2 -2 -1 0 1 2 -2 -1 0 1 2 -2 -1 0 1 2 -2 -1 0 1 2 -2 -1 0 1 2 -2 -1 0 1 2 -2 -1 0 1 2 -2 -1 0 1 2 -2 -1 0 1 2 -2 -1 0 1 2 -2 -1 0 1 2 -2 -1 0 1 2 -2 -1 0 1 2 -2 -1 0 1 2 -2 -1 0 1 2 -2 -1 0 1 2 -2 -1 0 1 2 -2 -1 0 1 2 -2 -1 0 1 2 -2 -1 0 1 2 -2 -1 0 1 2 -2 -1 0 1 2 -2 -1 0 1 2 -2 -1 0 1 2 -2 -1 0 1 2 -2 -1 0 1 2 -2 -1 0 1 2 -2 -1 0 1 2 -2 -1 0 1 2 -2 -1 0 1 2 -2 -1 0 1 2 -2 -1 0 1 2 -2 -1 0 1 2 -2 -1 0 1 2 -2 -1 0 1 2 -2 -1 0 1 2 -2 -1 0 1 2 -2 -1 0 1 2 -2 -1 0 1 2 -2 -1 0 1 2 -2 -1 0 1 2 -2 -1 0 1 2 -2 -1 0 1 2 -2 -1 0 1 2 -2 -1 0 1 2 -2 -1 0 1 2 -2 -1 0 1 2 -2 -1 0 1 2 -2 -1 0 1 2 -2 -1 0 1 2 -2 -1 0 1 2 -2 -1 0 1 2 -2 -1 0 1 2 -2 -1 0 1 2 -2 -1 0 1 2 -2 -1 0 1 2 -2 -1 0 1 2 -2 -1 0 1 2 -2 -1 0 1 2 -2 -1 0 1 2 -2 -1 0 1 2 -2
1 -2 0 2 -1 1 -2 0 2 602 1 -2 0 2 -1 1 -2 0 2 -1 1 -2 0 2 -1 1 -2 0 2 -1 1 -2 0 2 -1 1 -2 0 2 -1 1 -2 0 2 -1 1 -2 0 2 -1 1 -2 0 2 -1 1 -2 0 2 -1 1 -2 0 2 -1 1 -2 0 2 -1 1 -2 0 2 -1 1 -2 0 2 -1 1 -2 0 2 -1 1 -2 0 2 -1 1 -2 0 2 -1 1 -2 0 2 -1 1 -2 0 2 -1 1 -2 0 2 -1 1 -2 0 2 -1 1 -2 0 2 -1 1 -2 0 2 -1 1 -2 0 2 -1 1 -2 0 2 -1 1 -2 0 2 -1 1 -2 0 2 -1 1 -2 0 2 -1 1 -2 0 2 -1 1 -2 0 2 -1 1 -2 0 2 -1 1 -2 0 2 -1 1 -2 0 2 -1 1 -2 0 2 -1 1 -2 0 2 -1 1 -2 0 2 -1 1 -2 0 2 -1 1 -2 0 2 -1 1 -2 0 2 -1 1 -2 0 2 -1 1 -2 0 2 -1 1 -2 0 2 -1 1 -2 0 2 -1 1 -2 0 2 -1 1 -2 0 2 -1 1 -2 0 2 -1 1 -2 0 2 -1 1 -2 0 2 -1 1 -2 0 2 -1 1 -2 0 2 -1 1 -2 0 2 -1 1 -2 0 2 -1 1 -2 0 2 -1 1 -2 0 2 -1 1 -2 0 2 -1 1 -2 0 2 -1 1 -2 0 2 -1 1 -2 0 2 -1 1 -2 0 2 -1 1 -2 0 2 -1 1 -2 0 2 -1 1 -2 0 2 -1 1 -2 0 2 -1 1 -2 0 2 -1 1 -2 0 2 -1 1 -2 0 2 -1 1 -2 0 2 -1 1 -2 0 2 -1 1 -2 0 2 -1 1 -2 0 2 -1 1 -2 0 2 -1 1 -2 0 2 -1 1 -2 0 2 -1 1 -2 0 2 -1 1 -2 0 2 -1 1 -2 0 2 -1 1 -2 0 2 -1 1 -2 0 2 -1 1 -2 0 2 -1 1 -2 0 2 -1 1 -2 0 2 -1 1 -2 0 2 -1 1 -2 0 2 -1 1 -2 0 2 -1 1 -2 0 2 -1 1 -2 0 2 -1 1 -2 0 2 -1 1 -2 0 2 -1 1 -2 0 2 -1 1 -2 0 2 -1 1 -2 0 2 -1 1 -2 0 2 -1 1 -2 0 2 -1 1 -2 0 2 -1 1 -2 0 2 -1 1 -2 0 2 -1 1 -2 0 2 -1 1 -2 0 2 -1
-2 1 -1 2 0 -2 1 -1 2 0 601 1 -1 2 0 -2 1 -1 2 0 -2 1 -1 2 0 -2 1 -1 2 0 -2 1 -1 2 0 -2 1 -1 2 0 -2 1 -1 2 0 -2 1 -1 2 0 -2 1 -1 2 0 -2 1 -1 2 0 -2 1 -1 2 0 -2 1 -1 2 0 -2 1 -1 2 0 -2 1 -1 2 0 -2 1 -1 2 0 -2 1 -1 2 0 -2 1 -1 2 0 -2 1 -1 2 0 -2 1 -1 2 0 -2 1 -1 2 0 -2 1 -1 2 0 -2 1 -1 2 0 -2 1 -1 2 0 -2 1 -1 2 0 -2 1 -1 2 0 -2 1 -1 2 0 -2 1 -1 2 0 -2 1 -1 2 0 -2 1 -1 2 0 -2 1 -1 2 0 -2 1 -1 2 0 -2 1 -1 2 0 -2 1 -1 2 0 -2 1 -1 2 0 -2 1 -1 2 0 -2 1 -1 2 0 -2 1 -1 2 0 -2 1 -1 2 0 -2 1 -1 2 0 -2 1 -1 2 0 -2 1 -1 2 0 -2 1 -1 2 0 -2 1 -1 2 0 -2 1 -1 2 0 -2 1 -1 2 0 -2 1 -1 2 0 -2 1 -1 2 0 -2 1 -1 2 0 -2 1 -1 2 0 -2 1 -1 2 0 -2 1 -1 2 0 -2 1 -1 2 0 -2 1 -1 2 0 -2 1 -1 2 0 -2 1 -1 2 0 -2 1 -1 2 0 -2 1 -1 2 0 -2 1 -1 2 0 -2 1 -1 2 0 -2 1 -1 2 0 -2 1 -1 2 0 -2 1 -1 2 0 -2 1 -1 2 0 -2 1 -1 2 0 -2 1 -1 2 0 -2 1 -1 2 0 -2 1 -1 2 0 -2 1 -1 2 0 -2 1 -1 2 0 -2 1 -1 2 0 -2 1 -1 2 0 -2 1 -1 2 0 -2 1 -1 2 0 -2 1 -1 2 0 -2 1 -1 2 0 -2 1 -1 2 0 -2 1 -1 2 0 -2 1 -1 2 0 -2 1 -1 2 0 -2 1 -1 2 0 -2 1 -1 2 0 -2 1 -1 2 0 -2 1 -1 2 0 -2 1 -1 2 0 -2 1 -1 2 0 -2 1 -1 2 0 -2 1 -1 2 0 -2 1 -1 2 0 -2 1 -1 2 0 -2 1 -1 2 0 -2 1 -1 2 0 -2 1 -1 2 0 -2 1 -1 2 0 -2 1 -1 2 0 -2 1 -1 2 0 -2 1 -1 2 0 -2 1 -1 2 0 -2 1 -1 2 0
0 -1 -2 2 1 0 -1 -2 2 1 0 602 -2 2 1 0 -1 -2 2 1 0 -1 -2 2 1 0 -1 -2 2 1 0 -1 -2 2 1 0 -1 -2 2 1 0 -1 -2 2 1 0 -1 -2 2 1 0 -1 -2 2 1 0 -1 -2 2 1 0 -1 -2 2 1 0 -1 -2 2 1 0 -1 -2 2 1 0 -1 -2 2 1 0 -1 -2 2 1 0 -1 -2 2 1 0 -1 -2 2 1 0 -1 -2 2 1 0 -1 -2 2 1 0 -1 -2 2 1 0 -1 -2 2 1 0 -1 -2 2 1 0 -1 -2 2 1 0 -1 -2 2 1 0 -1 -2 2 1 0 -1 -2 2 1 0 -1 -2 2 1 0 -1 -2 2 1 0 -1 -2 2 1 0 -1 -2 2 1 0 -1 -2 2 1 0 -1 -2 2 1 0 -1 -2 2 1 0 -1 -2 2 1 0 -1 -2 2 1 0 -1 -2 2 1 0 -1 -2 2 1 0 -1 -2 2 1 0 -1 -2 2 1 0 -1 -2 2 1 0 -1 -2 2 1 0 -1 -2 2 1 0 -1 -2 2 1 0 -1 -2 2 1 0 -1 -2 2 1 0 -1 -2 2 1 0 -1 -2 2 1 0 -1 -2 2 1 0 -1 -2 2 1 0 -1 -2 2 1 0 -1 -2 2 1 0 -1 -2 2 1 0 -1 -2 2 1 0 -1 -2 2 1 0 -1 -2 2 1 0 -1 -2 2 1 0 -1 -2 2 1 0 -1 -2 2 1 0 -1 -2 2 1 0 -1 -2 2 1 0 -1 -2 2 1 0 -1 -2 2 1 0 -1 -2 2 1 0 -1 -2 2 1 0 -1 -2 2 1 0 -1 -2 2 1 0 -1 -2 2 1 0 -1 -2 2 1 0 -1 -2 2 1 0 -1 -2 2 1 0 -1 -2 2 1 0 -1 -2 2 1 0 -1 -2 2 1 0 -1 -2 2 1 0 -1 -2 2 1 0 -1 -2 2 1 0 -1 -2 2 1 0 -1 -2 2 1 0 -1 -2 2 1 0 -1 -2 2 1 0 -1 -2 2 1 0 -1 -2 2 1 0 -1 -2 2 1 0 -1 -2 2 1 0 -1 -2 2 1 0 -1 -2 2 1 0 -1 -2 2 1 0 -1 -2 2 1 0 -1 -2 2 1 0 -1 -2 2 1 0 -1 -2 2 1 0 -1 -2 2 1 0 -1 -2 2 1 0 -1 -2 2 1 0 -1 -2 2 1 0 -1 -2 2 1 0 -1 -2 2 1 0 -1 -2 2 1
2 2 2 2 2 2 2 2 2 2 2 2 1001 2 2 2 2 2 2 2 2 2 2 2 2 2 2 2 2 2 2 2 2 2 2 2 2 2 2 2 2 2 2 2 2 2 2 2 2 2 2 2 2 2 2 2 2 2 2 2 2 2 2 2 2 2 2 2 2 2 2 2 2 2 2 2 2 2 2 2 2 2 2 2 2 2 2 2 2 2 2 2 2 2 2 2 2 2 2 2 2 2 2 2 2 2 2 2 2 2 2 2 2 2 2 2 2 2 2 2 2 2 2 2 2 2 2 2 2 2 2 2 2 2 2 2 2 2 2 2 2 2 2 2 2 2 2 2 2 2 2 2 2 2 2 2 2 2 2 2 2 2 2 2 2 2 2 2 2 2 2 2 2 2 2 2 2 2 2 2 2 2 2 2 2 2 2 2 2 2 2 2 2 2 2 2 2 2 2 2 2 2 2 2 2 2 2 2 2 2 2 2 2 2 2 2 2 2 2 2 2 2 2 2 2 2 2 2 2 2 2 2 2 2 2 2 2 2 2 2 2 2 2 2 2 2 2 2 2 2 2 2 2 2 2 2 2 2 2 2 2 2 2 2 2 2 2 2 2 2 2 2 2 2 2 2 2 2 2 2 2 2 2 2 2 2 2 2 2 2 2 2 2 2 2 2 2 2 2 2 2 2 2 2 2 2 2 2 2 2 2 2 2 2 2 2 2 2 2 2 2 2 2 2 2 2 2 2 2 2 2 2 2 2 2 2 2 2 2 2 2 2 2 2 2 2 2 2 2 2 2 2 2 2 2 2 2 2 2 2 2 2 2 2 2 2 2 2 2 2 2 2 2 2 2 2 2 2 2 2 2 2 2 2 2 2 2 2 2 2 2 2 2 2 2 2 2 2 2 2 2 2 2 2 2 2 2 2 2 2 2 2 2 2 2 2 2 2 2 2 2 2 2 2 2 2 2 2 2 2 2 2 2 2 2 2 2 2 2 2 2 2 2 2 2 2 2 2 2 2 2 2 2 2 2 2 2 2 2 2 2 2 2 2 2 2 2 2 2 2 2 2 2 2 2 2 2 2 2 2 2 2 2 2 2 2 2 2 2 2 2 2 2 2 2 2 2 2 2 2
-1 0 1 2 -2 -1 0 1 2 -2 -1 0 1 601 -2 -1 0 1 2 -2 -1 0 1 2 -2 -1 0 1 2 -2 -1 0 1 2 -2 -1 0 1 2 -2 -1 0 1 2 -2 -1 0 1 2 -2 -1 0 1 2 -2 -1 0 1 2 -2 -1 0 1 2 -2 -1 0 1 2 -2 -1 0 1 2 -2 -1 0 1 2 -2 -1 0 1 2 -2 -1 0 1 2 -2 -1 0 1 2 -2 -1 0 1 2 -2 -1 0 1 2 -2 -1 0 1 2 -2 -1 0 1 2 -2 -1 0 1 2 -2 -1 0 1 2 -2 -1 0 1 2 -2 -1 0 1 2 -2 -1 0 1 2 -2 -1 0 1 2 -2 -1 0 1 2 -2 -1 0 1 2 -2 -1 0 1 2 -2 -1 0 1 2 -2 -1 0 1 2 -2 -1 0 1 2 -2 -1 0 1 2 -2 -1 0 1 2 -2 -1 0 1 2 -2 -1 0 1 2 -2 -1 0 1 2 -2 -1 0 1 2 -2 -1 0 1 2 -2 -1 0 1 2 -2 -1 0 1 2 -2 -1 0 1 2 -2 -1 0 1 2 -2 -1 0 1 2 -2 -1 0 1 2 -2 -1 0 1 2 -2 -1 0 1 2 -2 -1 0 1 2 -2 -1 0 1 2 -2 -1 0 1 2 -2 -1 0 1 2 -2 -1 0 1 2 -2 -1 0 1 2 -2 -1 0 1 2 -2 -1 0 1 2 -2 -1 0 1 2 -2 -1 0 1 2 -2 -1 0 1 2 -2 -1 0 1 2 -2 -1 0 1 2 -2 -1 0 1 2 -2 -1 0 1 2 -2 -1 0 1 2 -2 -1 0 1 2 -2 -1 0 1 2 -2 -1 0 1 2 -2 -1 0 1 2 -2 -1 0 1 2 -2 -1 0 1 2 -2 -1 0 1 2 -2 -1 0 1 2 -2 -1 0 1 2 -2 -1 0 1 2 -2 -1 0 1 2 -2 -1 0 1 2 -2 -1 0 1 2 -2 -1 0 1 2 -2 -1 0 1 2 -2 -1 0 1 2 -2 -1 0 1 2 -2 -1 0 1 2 -2 -1 0 1 2 -2 -1 0 1 2 -2 -1 0 1 2 -2 -1 0 1 2 -2 -1 0 1 2 -2 -1 0 1 2 -2 -1 0 1 2 -2 -1 0 1 2 -2 -1 0 1 2 -2 -1 0 1 2 -2 -1 0 1 2 -2 -1 0 1 2 -2 -1 0 1 2 -2 -1 0 1 2 -2 -1 0 1 2 -2 -1 0 1 2 -2
1 -2 0 2 -1 1 -2 0 2 -1 1 -2 0 2 602 1 -2 0 2 -1 1 -2 0 2 -1 1 -2 0 2 -1 1 -2 0 2 -1 1 -2 0 2 -1 1 -2 0 2 -1 1 -2 0 2 -1 1 -2 0 2 -1 1 -2 0 2 -1 1 -2 0 2 -1 1 -2 0 2 -1 1 -2 0 2 -1 1 -2 0 2 -1 1 -2 0 2 -1 1 -2 0 2 -1 1 -2 0 2 -1 1 -2 0 2 -1 1 -2 0 2 -1 1 -2 0 2 -1 1 -2 0 2 -1 1 -2 0 2 -1 1 -2 0 2 -1 1 -2 0 2 -1 1 -2 0 2 -1 1 -2 0 2 -1 1 -2 0 2 -1 1 -2 0 2 -1 1 -2 0 2 -1 1 -2 0 2 -1 1 -2 0 2 -1 1 -2 0 2 -1 1 -2 0 2 -1 1 -2 0 2 -1 1 -2 0 2 -1 1 -2 0 2 -1 1 -2 0 2 -1 1 -2 0 2 -1 1 -2 0 2 -1 1 -2 0 2 -1 1 -2 0 2 -1 1 -2 0 2 -1 1 -2 0 2 -1 1 -2 0 2 -1 1 -2 0 2 -1 1 -2 0 2 -1 1 -2 0 2 -1 1 -2 0 2 -1 1 -2 0 2 -1 1 -2 0 2 -1 1 -2 0 2 -1 1 -2 0 2 -1 1 -2 0 2 -1 1 -2 0 2 -1 1 -2 0 2 -1 1 -2 0 2 -1 1 -2 0 2 -1 1 -2 0 2 -1 1 -2 0 2 -1 1 -2 0 2 -1 1 -2 0 2 -1 1 -2 0 2 -1 1 -2 0 2 -1 1 -2 0 2 -1 1 -2 0 2 -1 1 -2 0 2 -1 1 -2 0 2 -1 1 -2 0 2 -1 1 -2 0 2 -1 1 -2 0 2 -1 1 -2 0 2 -1 1 -2 0 2 -1 1 -2 0 2 -1 1 -2 0 2 -1 1 -2 0 2 -1 1 -2 0 2 -1 1 -2 0 2 -1 1 -2 0 2 -1 1 -2 0 2 -1 1 -2 0 2 -1 1 -2 0 2 -1 1 -2 0 2 -1 1 -2 0 2 -1 1 -2 0 2 -1 1 -2 0 2 -1 1 -2 0 2 -1 1 -2 0 2 -1 1 -2 0 2 -1 1 -2 0 2 -1 1 -2 0 2 -1 1 -2 0 2 -1 1 -2 0 2 -1 1 -2 0 2 -1 1 -2 0 2 -1 1 -2 0 2 -1 1 -2 0 2 -1 1 -2 0 2 -1 1 -2 0 2 -1
-2 1 -1 2 0 -2 1 -1 2 0 -2 1 -1 2 0 601 1 -1 2 0 -2 1 -1 2 0 -2 1 -1 2 0 -2 1 -1 2 0 -2 1 -1 2 0 -2 1 -1 2 0 -2 1 -1 2 0 -2 1 -1 2 0 -2 1 -1 2 0 -2 1 -1 2 0 -2 1 -1 2 0 -2 1 -1 2 0 -2 1 -1 2 0 -2 1 -1 2 0 -2 1 -1 2 0 -2 1 -1 2 0 -2 1 -1 2 0 -2 1 -1 2 0 -2 1 -1 2 0 -2 1 -1 2 0 -2 1 -1 2 0 -2 1 -1 2 0 -2 1 -1 2 0 -2 1 -1 2 0 -2 1 -1 2 0 -2 1 -1 2 0 -2 1 -1 2 0 -2 1 -1 2 0 -2 1 -1 2 0 -2 1 -1 2 0 -2 1 -1 2 0 -2 1 -1 2 0 -2 1 -1 2 0 -2 1 -1 2 0 -2 1 -1 2 0 -2 1 -1 2 0 -2 1 -1 2 0 -2 1 -1 2 0 -2 1 -1 2 0 -2 1 -1 2 0 -2 1 -1 2 0 -2 1 -1 2 0 -2 1 -1 2 0 -2 1 -1 2 0 -2 1 -1 2 0 -2 1 -1 2 0 -2 1 -1 2 0 -2 1 -1 2 0 -2 1 -1 2 0 -2 1 -1 2 0 -2 1 -1 2 0 -2 1 -1 2 0 -2 1 -1 2 0 -2 1 -1 2 0 -2 1 -1 2 0 -2 1 -1 2 0 -2 1 -1 2 0 -2 1 -1 2 0 -2 1 -1 2 0 -2 1 -1 2 0 -2 1 -1 2 0 -2 1 -1 2 0 -2 1 -1 2 0 -2 1 -1 2 0 -2 1 -1 2 0 -2 1 -1 2 0 -2 1 -1 2 0 -2 1 -1 2 0 -2 1 -1 2 0 -2 1 -1 2 0 -2 1 -1 2 0 -2 1 -1 2 0 -2 1 -1 2 0 -2 1 -1 2 0 -2 1 -1 2 0 -2 1 -1 2 0 -2 1 -1 2 0 -2 1 -1 2 0 -2 1 -1 2 0 -2 1 -1 2 0 -2 1 -1 2 0 -2 1 -1 2 0 -2 1 -1 2 0 -2 1 -1 2 0 -2 1 -1 2 0 -2 1 -1 2 0 -2 1 -1 2 0 -2 1 -1 2 0 -2 1 -1 2 0 -2 1 -1 2 0 -2 1 -1 2 0 -2 1 -1 2 0 -2 1 -1 2 0 -2 1 -1 2 0 -2 1 -1 2 0 -2 1 -1 2 0 -2 1 -1 2 0
0 -1 -2 2 1 0 -1 -2 2 1 0 -1 -2 2 1 0 602 -2 2 1 0 -1 -2 2 1 0 -1 -2 2 1 0 -1 -2 2 1 0 -1 -2 2 1 0 -1 -2 2 1 0 -1 -2 2 1 0 -1 -2 2 1 0 -1 -2 2 1 0 -1 -2 2 1 0 -1 -2 2 1 0 -1 -2 2 1 0 -1 -2 2 1 0 -1 -2 2 1 0 -1 -2 2 1 0 -1 -2 2 1 0 -1 -2 2 1 0 -1 -2 2 1 0 -1 -2 2 1 0 -1 -2 2 1 0 -1 -2 2 1 0 -1 -2 2 1 0 -1 -2 2 1 0 -1 -2 2 1 0 -1 -2 2 1 0 -1 -2 2 1 0 -1 -2 2 1 0 -1 -2 2 1 0 -1 -2 2 1 0 -1 -2 2 1 0 -1 -2 2 1 0 -1 -2 2 1 0 -1 -2 2 1 0 -1 -2 2 1 0 -1 -2 2 1 0 -1 -2 2 1 0 -1 -2 2 1 0 -1 -2 2 1 0 -1 -2 2 1 0 -1 -2 2 1 0 -1 -2 2 1 0 -1 -2 2 1 0 -1 -2 2 1 0 -1 -2 2 1 0 -1 -2 2 1 0 -1 -2 2 1 0 -1 -2 2 1 0 -1 -2 2 1 0 -1 -2 2 1 0 -1 -2 2 1 0 -1 -2 2 1 0 -1 -2 2 1 0 -1 -2 2 1 0 -1 -2 2 1 0 -1 -2 2 1 0 -1 -2 2 1 0 -1 -2 2 1 0 -1 -2 2 1 0 -1 -2 2 1 0 -1 -2 2 1 0 -1 -2 2 1 0 -1 -2 2 1 0 -1 -2 2 1 0 -1 -2 2 1 0 -1 -2 2 1 0 -1 -2 2 1 0 -1 -2 2 1 0 -1 -2 2 1 0 -1 -2 2 1 0 -1 -2 2 1 0 -1 -2 2 1 0 -1 -2 2 1 0 -1 -2 2 1 0 -1 -2 2 1 0 -1 -2 2 1 0 -1 -2 2 1 0 -1 -2 2 1 0 -1 -2 2 1 0 -1 -2 2 1 0 -1 -2 2 1 0 -1 -2 2 1 0 -1 -2 2 1 0 -1 -2 2 1 0 -1 -2 2 1 0 -1 -2 2 1 0 -1 -2 2 1 0 -1 -2 2 1 0 -1 -2 2 1 0 -1 -2 2 1 0 -1 -2 2 1 0 -1 -2 2 1 0 -1 -2 2 1 0 -1 -2 2 1 0 -1 -2 2 1 0 -1 -2 2 1 0 -1 -2 2 1 0 -1 -2 2 1
2 2 2 2 2 2 2 2 2 2 2 2 2 2 2 2 2 1001 2 2 2 2 2 2 2 2 2 2 2 2 2 2 2 2 2 2 2 2 2 2 2 2 2 2 2 2 2 2 2 2 2 2 2 2 2 2 2 2 2 2 2 2 2 2 2 2 2 2 2 2 2 2 2 2 2 2 2 2 2 2 2 2 2 2 2 2 2 2 2 2 2 2 2 2 2 2 2 2 2 2 2 2 2 2 2 2 2 2 2 2 2 2 2 2 2 2 2 2 2 2 2 2 2 2 2 2 2 2 2 2 2 2 2 2 2 2 2 2 2 2 2 2 2 2 2 2 2 2 2 2 2 2 2 2 2 2 2 2 2 2 2 2 2 2 2 2 2 2 2 2 2 2 2 2 2 2 2 2 2 2 2 2 2 2 2 2 2 2 2 2 2 2 2 2 2 2 2 2 2 2 2 2 2 2 2 2 2 2 2 2 2 2 2 2 2 2 2 2 2 2 2 2 2 2 2 2 2 2 2 2 2 2 2 2 2 2 2 2 2 2 2 2 2 2 2 2 2 2 2 2 2 2 2 2 2 2 2 2 2 2 2 2 2 2 2 2 2 2 2 2 2 2 2 2 2 2 2 2 2 2 2 2 2 2 2 2 2 2 2 2 2 2 2 2 2 2 2 2 2 2 2 2 2 2 2 2 2 2 2 2 2 2 2 2 2 2 2 2 2 2 2 2 2 2 2 2 2 2 2 2 2 2 2 2 2 2 2 2 2 2 2 2 2 2 2 2 2 2 2 2 2 2 2 2 2 2 2 2 2 2 2 2 2 2 2 2 2 2 2 2 2 2 2 2 2 2 2 2 2 2 2 2 2 2 2 2 2 2 2 2 2 2 2 2 2 2 2 2 2 2 2 2 2 2 2 2 2 2 2 2 2 2 2 2 2 2 2 2 2 2 2 2 2 2 2 2 2 2 2 2 2 2 2 2 2 2 2 2 2 2 2 2 2 2 2 2 2 2 2 2 2 2 2 2 2 2 2 2 2 2 2 2 2 2 2 2 2 2 2 2 2 2 2 2 2 2 2 2 2 2 2 2 2 2 2 2 2 2 2 2 2 2 2 2 2 2 2 2 2 2
-1 0 1 2 -2 -1 0 1 2 -2 -1 0 1 2 -2 -1 0 1 601 -2 -1 0 1 2 -2 -1 0 1 2 -2 -1 0 1 2 -2 -1 0 1 2 -2 -1 0 1 2 -2 -1 0 1 2 -2 -1 0 1 2 -2 -1 0 1 2 -2 -1 0 1 2 -2 -1 0 1 2 -2 -1 0 1 2 -2 -1 0 1 2 -2 -1 0 1 2 -2 -1 0 1 2 -2 -1 0 1 2 -2 -1 0 1 2 -2 -1 0 1 2 -2 -1 0 1 2 -2 -1 0 1 2 -2 -1 0 1 2 -2 -1 0 1 2 -2 -1 0 1 2 -2 -1 0 1 2 -2 -1 0 1 2 -2 -1 0 1 2 -2 -1 0 1 2 -2 -1 0 1 2 -2 -1 0 1 2 -2 -1 0 1 2 -2 -1 0 1 2 -2 -1 0 1 2 -2 -1 0 1 2 -2 -1 0 1 2 -2 -1 0 1 2 -2 -1 0 1 2 -2 -1 0 1 2 -2 -1 0 1 2 -2 -1 0 1 2 -2 -1 0 1 2 -2 -1 0 1 2 -2 -1 0 1 2 -2 -1 0 1 2 -2 -1 0 1 2 -2 -1 0 1 2 -2 -1 0 1 2 -2 -1 0 1 2 -2 -1 0 1 2 -2 -1 0 1 2 -2 -1 0 1 2 -2 -1 0 1 2 -2 -1 0 1 2 -2 -1 0 1 2 -2 -1 0 1 2 -2 -1 0 1 2 -2 -1 0 1 2 -2 -1 0 1 2 -2 -1 0 1 2 -2 -1 0 1 2 -2 -1 0 1 2 -2 -1 0 1 2 -2 -1 0 1 2 -2 -1 0 1 2 -2 -1 0 1 2 -2 -1 0 1 2 -2 -1 0 1 2 -2 -1 0 1 2 -2 -1 0 1 2 -2 -1 0 1 2 -2 -1 0 1 2 -2 -1 0 1 2 -2 -1 0 1 2 -2 -1 0 1 2 -2 -1 0 1 2 -2 -1 0 1 2 -2 -1 0 1 2 -2 -1 0 1 2 -2 -1 0 1 2 -2 -1 0 1 2 -2 -1 0 1 2 -2 -1 0 1 2 -2 -1 0 1 2 -2 -1 0 1 2 -2 -1 0 1 2 -2 -1 0 1 2 -2 -1 0 1 2 -2 -1 0 1 2 -2 -1 0 1 2 -2 -1 0 1 2 -2 -1 0 1 2 -2 -1 0 1 2 -2 -1 0 1 2 -2 -1 0 1 2 -2 -1 0 1 2 -2 -1 0 1 2 -2 -1 0 1 2 -2 -1 0 1 2 -2
1 -2 0 2 -1 1 -2 0 2 -1 1 -2 0 2 -1 1 -2 0 2 602 1 -2 0 2 -1 1 -2 0 2 -1 1 -2 0 2 -1 1 -2 0 2 -1 1 -2 0 2 -1 1 -2 0 2 -1 1 -2 0 2 -1 1 -2 0 2 -1 1 -2 0 2 -1 1 -2 0 2 -1 1 -2 0 2 -1 1 -2 0 2 -1 1 -2 0 2 -1 1 -2 0 2 -1 1 -2 0 2 -1 1 -2 0 2 -1 1 -2 0 2 -1 1 -2 0 2 -1 1 -2 0 2 -1 1 -2 0 2 -1 1 -2 0 2 -1 1 -2 0 2 -1 1 -2 0 2 -1 1 -2 0 2 -1 1 -2 0 2 -1 1 -2 0 2 -1 1 -2 0 2 -1 1 -2 0 2 -1 1 -2 0 2 -1 1 -2 0 2 -1 1 -2 0 2 -1 1 -2 0 2 -1 1 -2 0 2 -1 1 -2 0 2 -1 1 -2 0 2 -1 1 -2 0 2 -1 1 -2 0 2 -1 1 -2 0 2 -1 1 -2 0 2 -1 1 -2 0 2 -1 1 -2 0 2 -1 1 -2 0 2 -1 1 -2 0 2 -1 1 -2 0 2 -1 1 -2 0 2 -1 1 -2 0 2 -1 1 -2 0 2 -1 1 -2 0 2 -1 1 -2 0 2 -1 1 -2 0 2 -1 1 -2 0 2 -1 1 -2 0 2 -1 1 -2 0 2 -1 1 -2 0 2 -1 1 -2 0 2 -1 1 -2 0 2 -1 1 -2 0 2 -1 1 -2 0 2 -1 1 -2 0 2 -1 1 -2 0 2 -1 1 -2 0 2 -1 1 -2 0 2 -1 1 -2 0 2 -1 1 -2 0 2 -1 1 -2 0 2 -1 1 -2 0 2 -1 1 -2 0 2 -1 1 -2 0 2 -1 1 -2 0 2 -1 1 -2 0 2 -1 1 -2 0 2 -1 1 -2 0 2 -1 1 -2 0 2 -1 1 -2 0 2 -1 1 -2 0 2 -1 1 -2 0 2 -1 1 -2 0 2 -1 1 -2 0 2 -1 1 -2 0 2 -1 1 -2 0 2 -1 1 -2 0 2 -1 1 -2 0 2 -1 1 -2 0 2 -1 1 -2 0 2 -1 1 -2 0 2 -1 1 -2 0 2 -1 1 -2 0 2 -1 1 -2 0 2 -1 1 -2 0 2 -1 1 -2 0 2 -1 1 -2 0 2 -1 1 -2 0 2 -1 1 -2 0 2 -1 1 -2 0 2 -1 1 -2 0 2 -1 1 -2 0 2 -1
-2 1 -1 2 0 -2 1 -1 2 0 -2 1 -1 2 0 -2 1 -1 2 0 601 1 -1 2 0 -2 1 -1 2 0 -2 1 -1 2 0 -2 1 -1 2 0 -2 1 -1 2 0 -2 1 -1 2 0 -2 1 -1 2 0 -2 1 -1 2 0 -2 1 -1 2 0 -2 1 -1 2 0 -2 1 -1 2 0 -2 1 -1 2 0 -2 1 -1 2 0 -2 1 -1 2 0 -2 1 -1 2 0 -2 1 -1 2 0 -2 1 -1 2 0 -2 1 -1 2 0 -2 1 -1 2 0 -2 1 -1 2 0 -2 1 -1 2 0 -2 1 -1 2 0 -2 1 -1 2 0 -2 1 -1 2 0 -2 1 -1 2 0 -2 1 -1 2 0 -2 1 -1 2 0 -2 1 -1 2 0 -2 1 -1 2 0 -2 1 -1 2 0 -2 1 -1 2 0 -2 1 -1 2 0 -2 1 -1 2 0 -2 1 -1 2 0 -2 1 -1 2 0 -2 1 -1 2 0 -2 1 -1 2 0 -2 1 -1 2 0 -2 1 -1 2 0 -2 1 -1 2 0 -2 1 -1 2 0 -2 1 -1 2 0 -2 1 -1 2 0 -2 1 -1 2 0 -2 1 -1 2 0 -2 1 -1 2 0 -2 1 -1 2 0 -2 1 -1 2 0 -2 1 -1 2 0 -2 1 -1 2 0 -2 1 -1 2 0 -2 1 -1 2 0 -2 1 -1 2 0 -2 1 -1 2 0 -2 1 -1 2 0 -2 1 -1 2 0 -2 1 -1 2 0 -2 1 -1 2 0 -2 1 -1 2 0 -2 1 -1 2 0 -2 1 -1 2 0 -2 1 -1 2 0 -2 1 -1 2 0 -2 1 -1 2 0 -2 1 -1 2 0 -2 1 -1 2 0 -2 1 -1 2 0 -2 1 -1 2 0 -2 1 -1 2 0 -2 1 -1 2 0 -2 1 -1 2 0 -2 1 -1 2 0 -2 1 -1 2 0 -2 1 -1 2 0 -2 1 -1 2 0 -2 1 -1 2 0 -2 1 -1 2 0 -2 1 -1 2 0 -2 1 -1 2 0 -2 1 -1 2 0 -2 1 -1 2 0 -2 1 -1 2 0 -2 1 -1 2 0 -2 1 -1 2 0 -2 1 -1 2 0 -2 1 -1 2 0 -2 1 -1 2 0 -2 1 -1 2 0 -2 1 -1 2 0 -2 1 -1 2 0 -2 1 -1 2 0 -2 1 -1 2 0 -2 1 -1 2 0 -2 1 -1 2 0 -2 1 -1 2 0 -2 1 -1 2 0
0 -1 -2 2 1 0 -1 -2 2 1 0 -1 -2 2 1 0 -1 -2 2 1 0 602 -2 2 1 0 -1 -2 2 1 0 -1 -2 2 1 0 -1 -2 2 1 0 -1 -2 2 1 0 -1 -2 2 1 0 -1 -2 2 1 0 -1 -2 2 1 0 -1 -2 2 1 0 -1 -2 2 1 0 -1 -2 2 1 0 -1 -2 2 1 0 -1 -2 2 1 0 -1 -2 2 1 0 -1 -2 2 1 0 -1 -2 2 1 0 -1 -2 2 1 0 -1 -2 2 1 0 -1 -2 2 1 0 -1 -2 2 1 0 -1 -2 2 1 0 -1 -2 2 1 0 -1 -2 2 1 0 -1 -2 2 1 0 -1 -2 2 1 0 -1 -2 2 1 0 -1 -2 2 1 0 -1 -2 2 1 0 -1 -2 2 1 0 -1 -2 2 1 0 -1 -2 2 1 0 -1 -2 2 1 0 -1 -2 2 1 0 -1 -2 2 1 0 -1 -2 2 1 0 -1 -2 2 1 0 -1 -2 2 1 0 -1 -2 2 1 0 -1 -2 2 1 0 -1 -2 2 1 0 -1 -2 2 1 0 -1 -2 2 1 0 -1 -2 2 1 0 -1 -2 2 1 0 -1 -2 2 1 0 -1 -2 2 1 0 -1 -2 2 1 0 -1 -2 2 1 0 -1 -2 2 1 0 -1 -2 2 1 0 -1 -2 2 1 0 -1 -2 2 1 0 -1 -2 2 1 0 -1 -2 2 1 0 -1 -2 2 1 0 -1 -2 2 1 0 -1 -2 2 1 0 -1 -2 2 1 0 -1 -2 2 1 0 -1 -2 2 1 0 -1 -2 2 1 0 -1 -2 2 1 0 -1 -2 2 1 0 -1 -2 2 1 0 -1 -2 2 1 0 -1 -2 2 1 0 -1 -2 2 1 0 -1 -2 2 1 0 -1 -2 2 1 0 -1 -2 2 1 0 -1 -2 2 1 0 -1 -2 2 1 0 -1 -2 2 1 0 -1 -2 2 1 0 -1 -2 2 1 0 -1 -2 2 1 0 -1 -2 2 1 0 -1 -2 2 1 0 -1 -2 2 1 0 -1 -2 2 1 0 -1 -2 2 1 0 -1 -2 2 1 0 -1 -2 2 1 0 -1 -2 2 1 0 -1 -2 2 1 0 -1 -2 2 1 0 -1 -2 2 1 0 -1 -2 2 1 0 -1 -2 2 1 0 -1 -2 2 1 0 -1 -2 2 1 0 -1 -2 2 1 0 -1 -2 2 1 0 -1 -2 2 1 0 -1 -2 2 1 0 -1 -2 2 1
2 2 2 2 2 2 2 2 2 2 2 2 2 2 2 2 2 2 2 2 2 2 1001 2 2 2 2 2 2 2 2 2 2 2 2 2 2 2 2 2 2 2 2 2 2 2 2 2 2 2 2 2 2 2 2 2 2 2 2 2 2 2 2 2 2 2 2 2 2 2 2 2 2 2 2 2 2 2 2 2 2 2 2 2 2 2 2 2 2 2 2 2 2 2 2 2 2 2 2 2 2 2 2 2 2 2 2 2 2 2 2 2 2 2 2 2 2 2 2 2 2 2 2 2 2 2 2 2 2 2 2 2 2 2 2 2 2 2 2 2 2 2 2 2 2 2 2 2 2 2 2 2 2 2 2 2 2 2 2 2 2 2 2 2 2 2 2 2 2 2 2 2 2 2 2 2 2 2 2 2 2 2 2 2 2 2 2 2 2 2 2 2 2 2 2 2 2 2 2 2 2 2 2 2 2 2 2 2 2 2 2 2 2 2 2 2 2 2 2 2 2 2 2 2 2 2 2 2 2 2 2 2 2 2 2 2 2 2 2 2 2 2 2 2 2 2 2 2 2 2 2 2 2 2 2 2 2 2 2 2 2 2 2 2 2 2 2 2 2 2 2 2 2 2 2 2 2 2 2 2 2 2 2 2 2 2 2 2 2 2 2 2 2 2 2 2 2 2 2 2 2 2 2 2 2 2 2 2 2 2 2 2 2 2 2 2 2 2 2 2 2 2 2 2 2 2 2 2 2 2 2 2 2 2 2 2 2 2 2 2 2 2 2 2 2 2 2 2 2 2 2 2 2 2 2 2 2 2 2 2 2 2 2 2 2 2 2 2 2 2 2 2 2 2 2 2 2 2 2 2 2 2 2 2 2 2 2 2 2 2 2 2 2 2 2 2 2 2 2 2 2 2 2 2 2 2 2 2 2 2 2 2 2 2 2 2 2 2 2 2 2 2 2 2 2 2 2 2 2 2 2 2 2 2 2 2 2 2 2 2 2 2 2 2 2 2 2 2 2 2 2 2 2 2 2 2 2 2 2 2 2 2 2 2 2 2 2 2 2 2 2 2 2 2 2 2 2 2 2 2 2 2 2 2 2 2 2 2 2 2 2 2 2 2 2 2 2 2 2 2
-1 0 1 2 -2 -1 0 1 2 -2 -1 0 1 2 -2 -1 0 1 2 -2 -1 0 1 601 -2 -1 0 1 2 -2 -1 0 1 2 -2 -1 0 1 2 -2 -1 0 1 2 -2 -1 0 1 2 -2 -1 0 1 2 -2 -1 0 1 2 -2 -1 0 1 2 -2 -1 0 1 2 -2 -1 0 1 2 -2 -1 0 1 2 -2 -1 0 1 2 -2 -1 0 1 2 -2 -1 0 1 2 -2 -1 0 1 2 -2 -1 0 1 2 -2 -1 0 1 2 -2 -1 0 1 2 -2 -1 0 1 2 -2 -1 0 1 2 -2 -1 0 1 2 -2 -1 0 1 2 -2 -1 0 1 2 -2 -1 0 1 2 -2 -1 0 1 2 -2 -1 0 1 2 -2 -1 0 1 2 -2 -1 0 1 2 -2 -1 0 1 2 -2 -1 0 1 2 -2 -1 0 1 2 -2 -1 0 1 2 -2 -1 0 1 2 -2 -1 0 1 2 -2 -1 0 1 2 -2 -1 0 1 2 -2 -1 0 1 2 -2 -1 0 1 2 -2 -1 0 1 2 -2 -1 0 1 2 -2 -1 0 1 2 -2 -1 0 1 2 -2 -1 0 1 2 -2 -1 0 1 2 -2 -1 0 1 2 -2 -1 0 1 2 -2 -1 0 1 2 -2 -1 0 1 2 -2 -1 0 1 2 -2 -1 0 1 2 -2 -1 0 1 2 -2 -1 0 1 2 -2 -1 0 1 2 -2 -1 0 1 2 -2 -1 0 1 2 -2 -1 0 1 2 -2 -1 0 1 2 -2 -1 0 1 2 -2 -1 0 1 2 -2 -1 0 1 2 -2 -1 0 1 2 -2 -1 0 1 2 -2 -1 0 1 2 -2 -1 0 1 2 -2 -1 0 1 2 -2 -1 0 1 2 -2 -1 0 1 2 -2 -1 0 1 2 -2 -1 0 1 2 -2 -1 0 1 2 -2 -1 0 1 2 -2 -1 0 1 2 -2 -1 0 1 2 -2 -1 0 1 2 -2 -1 0 1 2 -2 -1 0 1 2 -2 -1 0 1 2 -2 -1 0 1 2 -2 -1 0 1 2 -2 -1 0 1 2 -2 -1 0 1 2 -2 -1 0 1 2 -2 -1 0 1 2 -2 -1 0 1 2 -2 -1 0 1 2 -2 -1 0 1 2 -2 -1 0 1 2 -2 -1 0 1 2 -2 -1 0 1 2 -2 -1 0 1 2 -2 -1 0 1 2 -2 -1 0 1 2 -2 -1 0 1 2 -2 -1 0 1 2 -2 -1 0 1 2 -2
1 -2 0 2 -1 1 -2 0 2 -1 1 -2 0 2 -1 1 -2 0 2 -1 1 -2 0 2 602 1 -2 0 2 -1 1 -2 0 2 -1 1 -2 0 2 -1 1 -2 0 2 -1 1 -2 0 2 -1 1 -2 0 2 -1 1 -2 0 2 -1 1 -2 0 2 -1 1 -2 0 2 -1 1 -2 0 2 -1 1 -2 0 2 -1 1 -2 0 2 -1 1 -2 0 2 -1 1 -2 0 2 -1 1 -2 0 2 -1 1 -2 0 2 -1 1 -2 0 2 -1 1 -2 0 2 -1 1 -2 0 2 -1 1 -2 0 2 -1 1 -2 0 2 -1 1 -2 0 2 -1 1 -2 0 2 -1 1 -2 0 2 -1 1 -2 0 2 -1 1 -2 0 2 -1 1 -2 0 2 -1 1 -2 0 2 -1 1 -2 0 2 -1 1 -2 0 2 -1 1 -2 0 2 -1 1 -2 0 2 -1 1 -2 0 2 -1 1 -2 0 2 -1 1 -2 0 2 -1 1 -2 0 2 -1 1 -2 0 2 -1 1 -2 0 2 -1 1 -2 0 2 -1 1 -2 0 2 -1 1 -2 0 2 -1 1 -2 0 2 -1 1 -2 0 2 -1 1 -2 0 2 -1 1 -2 0 2 -1 1 -2 0 2 -1 1 -2 0 2 -1 1 -2 0 2 -1 1 -2 0 2 -1 1 -2 0 2 -1 1 -2 0 2 -1 1 -2 0 2 -1 1 -2 0 2 -1 1 -2 0 2 -1 1 -2 0 2 -1 1 -2 0 2 -1 1 -2 0 2 -1 1 -2 0 2 -1 1 -2 0 2 -1 1 -2 0 2 -1 1 -2 0 2 -1 1 -2 0 2 -1 1 -2 0 2 -1 1 -2 0 2 -1 1 -2 0 2 -1 1 -2 0 2 -1 1 -2 0 2 -1 1 -2 0 2 -1 1 -2 0 2 -1 1 -2 0 2 -1 1 -2 0 2 -1 1 -2 0 2 -1 1 -2 0 2 -1 1 -2 0 2 -1 1 -2 0 2 -1 1 -2 0 2 -1 1 -2 0 2 -1 1 -2 0 2 -1 1 -2 0 2 -1 1 -2 0 2 -1 1 -2 0 2 -1 1 -2 0 2 -1 1 -2 0 2 -1 1 -2 0 2 -1 1 -2 0 2 -1 1 -2 0 2 -1 1 -2 0 2 -1 1 -2 0 2 -1 1 -2 0 2 -1 1 -2 0 2 -1 1 -2 0 2 -1 1 -2 0 2 -1 1 -2 0 2 -1 1 -2 0 2 -1 1 -2 0 2 -1
-2 1 -1 2 0 -2 1 -1 2 0 -2 1 -1 2 0 -2 1 -1 2 0 -2 1 -1 2 0 601 1 -1 2 0 -2 1 -1 2 0 -2 1 -1 2 0 -2 1 -1 2 0 -2 1 -1 2 0 -2 1 -1 2 0 -2 1 -1 2 0 -2 1 -1 2 0 -2 1 -1 2 0 -2 1 -1 2 0 -2 1 -1 2 0 -2 1 -1 2 0 -2 1 -1 2 0 -2 1 -1 2 0 -2 1 -1 2 0 -2 1 -1 2 0 -2 1 -1 2 0 -2 1 -1 2 0 -2 1 -1 2 0 -2 1 -1 2 0 -2 1 -1 2 0 -2 1 -1 2 0 -2 1 -1 2 0 -2 1 -1 2 0 -2 1 -1 2 0 -2 1 -1 2 0 -2 1 -1 2 0 -2 1 -1 2 0 -2 1 -1 2 0 -2 1 -1 2 0 -2 1 -1 2 0 -2 1 -1 2 0 -2 1 -1 2 0 -2 1 -1 2 0 -2 1 -1 2 0 -2 1 -1 2 0 -2 1 -1 2 0 -2 1 -1 2 0 -2 1 -1 2 0 -2 1 -1 2 0 -2 1 -1 2 0 -2 1 -1 2 0 -2 1 -1 2 0 -2 1 -1 2 0 -2 1 -1 2 0 -2 1 -1 2 0 -2 1 -1 2 0 -2 1 -1 2 0 -2 1 -1 2 0 -2 1 -1 2 0 -2 1 -1 2 0 -2 1 -1 2 0 -2 1 -1 2 0 -2 1 -1 2 0 -2 1 -1 2 0 -2 1 -1 2 0 -2 1 -1 2 0 -2 1 -1 2 0 -2 1 -1 2 0 -2 1 -1 2 0 -2 1 -1 2 0 -2 1 -1 2 0 -2 1 -1 2 0 -2 1 -1 2 0 -2 1 -1 2 0 -2 1 -1 2 0 -2 1 -1 2 0 -2 1 -1 2 0 -2 1 -1 2 0 -2 1 -1 2 0 -2 1 -1 2 0 -2 1 -1 2 0 -2 1 -1 2 0 -2 1 -1 2 0 -2 1 -1 2 0 -2 1 -1 2 0 -2 1 -1 2 0 -2 1 -1 2 0 -2 1 -1 2 0 -2 1 -1 2 0 -2 1 -1 2 0 -2 1 -1 2 0 -2 1 -1 2 0 -2 1 -1 2 0 -2 1 -1 2 0 -2 1 -1 2 0 -2 1 -1 2 0 -2 1 -1 2 0 -2 1 -1 2 0 -2 1 -1 2 0 -2 1 -1 2 0 -2 1 -1 2 0 -2 1 -1 2 0 -2 1 -1 2 0 -2 1 -1 2 0
0 -1 -2 2 1 0 -1 -2 2 1 0 -1 -2 2 1 0 -1 -2 2 1 0 -1 -2 2 1 0 602 -2 2 1 0 -1 -2 2 1 0 -1 -2 2 1 0 -1 -2 2 1 0 -1 -2 2 1 0 -1 -2 2 1 0 -1 -2 2 1 0 -1 -2 2 1 0 -1 -2 2 1 0 -1 -2 2 1 0 -1 -2 2 1 0 -1 -2 2 1 0 -1 -2 2 1 0 -1 -2 2 1 0 -1 -2 2 1 0 -1 -2 2 1 0 -1 -2 2 1 0 -1 -2 2 1 0 -1 -2 2 1 0 -1 -2 2 1 0 -1 -2 2 1 0 -1 -2 2 1 0 -1 -2 2 1 0 -1 -2 2 1 0 -1 -2 2 1 0 -1 -2 2 1 0 -1 -2 2 1 0 -1 -2 2 1 0 -1 -2 2 1 0 -1 -2 2 1 0 -1 -2 2 1 0 -1 -2 2 1 0 -1 -2 2 1 0 -1 -2 2 1 0 -1 -2 2 1 0 -1 -2 2 1 0 -1 -2 2 1 0 -1 -2 2 1 0 -1 -2 2 1 0 -1 -2 2 1 0 -1 -2 2 1 0 -1 -2 2 1 0 -1 -2 2 1 0 -1 -2 2 1 0 -1 -2 2 1 0 -1 -2 2 1 0 -1 -2 2 1 0 -1 -2 2 1 0 -1 -2 2 1 0 -1 -2 2 1 0 -1 -2 2 1 0 -1 -2 2 1 0 -1 -2 2 1 0 -1 -2 2 1 0 -1 -2 2 1 0 -1 -2 2 1 0 -1 -2 2 1 0 -1 -2 2 1 0 -1 -2 2 1 0 -1 -2 2 1 0 -1 -2 2 1 0 -1 -2 2 1 0 -1 -2 2 1 0 -1 -2 2 1 0 -1 -2 2 1 0 -1 -2 2 1 0 -1 -2 2 1 0 -1 -2 2 1 0 -1 -2 2 1 0 -1 -2 2 1 0 -1 -2 2 1 0 -1 -2 2 1 0 -1 -2 2 1 0 -1 -2 2 1 0 -1 -2 2 1 0 -1 -2 2 1 0 -1 -2 2 1 0 -1 -2 2 1 0 -1 -2 2 1 0 -1 -2 2 1 0 -1 -2 2 1 0 -1 -2 2 1 0 -1 -2 2 1 0 -1 -2 2 1 0 -1 -2 2 1 0 -1 -2 2 1 0 -1 -2 2 1 0 -1 -2 2 1 0 -1 -2 2 1 0 -1 -2 2 1 0 -1 -2 2 1 0 -1 -2 2 1 0 -1 -2 2 1 0 -1 -2 2 1 0 -1 -2 2 1
2 2 2 2 2 2 2 2 2 2 2 2 2 2 2 2 2 2 2 2 2 2 2 2 2 2 2 1001 2 2 2 2 2 2 2 2 2 2 2 2 2 2 2 2 2 2 2 2 2 2 2 2 2 2 2 2 2 2 2 2 2 2 2 2 2 2 2 2 2 2 2 2 2 2 2 2 2 2 2 2 2 2 2 2 2 2 2 2 2 2 2 2 2 2 2 2 2 2 2 2 2 2 2 2 2 2 2 2 2 2 2 2 2 2 2 2 2 2 2 2 2 2 2 2 2 2 2 2 2 2 2 2 2 2 2 2 2 2 2 2 2 2 2 2 2 2 2 2 2 2 2 2 2 2 2 2 2 2 2 2 2 2 2 2 2 2 2 2 2 2 2 2 2 2 2 2 2 2 2 2 2 2 2 2 2 2 2 2 2 2 2 2 2 2 2 2 2 2 2 2 2 2 2 2 2 2 2 2 2 2 2 2 2 2 2 2 2 2 2 2 2 2 2 2 2 2 2 2 2 2 2 2 2 2 2 2 2 2 2 2 2 2 2 2 2 2 2 2 2 2 2 2 2 2 2 2 2 2 2 2 2 2 2 2 2 2 2 2 2 2 2 2 2 2 2 2 2 2 2 2 2 2 2 2 2 2 2 2 2 2 2 2 2 2 2 2 2 2 2 2 2 2 2 2 2 2 2 2 2 2 2 2 2 2 2 2 2 2 2 2 2 2 2 2 2 2 2 2 2 2 2 2 2 2 2 2 2 2 2 2 2 2 2 2 2 2 2 2 2 2 2 2 2 2 2 2 2 2 2 2 2 2 2 2 2 2 2 2 2 2 2 2 2 2 2 2 2 2 2 2 2 2 2 2 2 2 2 2 2 2 2 2 2 2 2 2 2 2 2 2 2 2 2 2 2 2 2 2 2 2 2 2 2 2 2 2 2 2 2 2 2 2 2 2 2 2 2 2 2 2 2 2 2 2 2 2 2 2 2 2 2 2 2 2 2 2 2 2 2 2 2 2 2 2 2 2 2 2 2 2 2 2 2 2 2 2 2 2 2 2 2 2 2 2 2 2 2 2 2 2 2 2 2 2 2 2 2 2 2 2 2 2 2 2 2 2 2 2 2 2
-1 0 1 2 -2 -1 0 1 2 -2 -1 0 1 2 -2 -1 0 1 2 -2 -1 0 1 2 -2 -1 0 1 601 -2 -1 0 1 2 -2 -1 0 1 2 -2 -1 0 1 2 -2 -1 0 1 2 -2 -1 0 1 2 -2 -1 0 1 2 -2 -1 0 1 2 -2 -1 0 1 2 -2 -1 0 1 2 -2 -1 0 1 2 -2 -1 0 1 2 -2 -1 0 1 2 -2 -1 0 1 2 -2 -1 0 1 2 -2 -1 0 1 2 -2 -1 0 1 2 -2 -1 0 1 2 -2 -1 0 1 2 -2 -1 0 1 2 -2 -1 0 1 2 -2 -1 0 1 2 -2 -1 0 1 2 -2 -1 0 1 2 -2 -1 0 1 2 -2 -1 0 1 2 -2 -1 0 1 2 -2 -1 0 1 2 -2 -1 0 1 2 -2 -1 0 1 2 -2 -1 0 1 2 -2 -1 0 1 2 -2 -1 0 1 2 -2 -1 0 1 2 -2 -1 0 1 2 -2 -1 0 1 2 -2 -1 0 1 2 -2 -1 0 1 2 -2 -1 0 1 2 -2 -1 0 1 2 -2 -1 0 1 2 -2 -1 0 1 2 -2 -1 0 1 2 -2 -1 0 1 2 -2 -1 0 1 2 -2 -1 0 1 2 -2 -1 0 1 2 -2 -1 0 1 2 -2 -1 0 1 2 -2 -1 0 1 2 -2 -1 0 1 2 -2 -1 0 1 2 -2 -1 0 1 2 -2 -1 0 1 2 -2 -1 0 1 2 -2 -1 0 1 2 -2 -1 0 1 2 -2 -1 0 1 2 -2 -1 0 1 2 -2 -1 0 1 2 -2 -1 0 1 2 -2 -1 0 1 2 -2 -1 0 1 2 -2 -1 0 1 2 -2 -1 0 1 2 -2 -1 0 1 2 -2 -1 0 1 2 -2 -1 0 1 2 -2 -1 0 1 2 -2 -1 0 1 2 -2 -1 0 1 2 -2 -1 0 1 2 -2 -1 0 1 2 -2 -1 0 1 2 -2 -1 0 1 2 -2 -1 0 1 2 -2 -1 0 1 2 -2 -1 0 1 2 -2 -1 0 1 2 -2 -1 0 1 2 -2 -1 0 1 2 -2 -1 0 1 2 -2 -1 0 1 2 -2 -1 0 1 2 -2 -1 0 1 2 -2 -1 0 1 2 -2 -1 0 1 2 -2 -1 0 1 2 -2 -1 0 1 2 -2 -1 0 1 2 -2 -1 0 1 2 -2 -1 0 1 2 -2 -1 0 1 2 -2 -1 0 1 2 -2 -1 0 1 2 -2
1 -2 0 2 -1 1 -2 0 2 -1 1 -2 0 2 -1 1 -2 0 2 -1 1 -2 0 2 -1 1 -2 0 2 602 1 -2 0 2 -1 1 -2 0 2 -1 1 -2 0 2 -1 1 -2 0 2 -1 1 -2 0 2 -1 1 -2 0 2 -1 1 -2 0 2 -1 1 -2 0 2 -1 1 -2 0 2 -1 1 -2 0 2 -1 1 -2 0 2 -1 1 -2 0 2 -1 1 -2 0 2 -1 1 -2 0 2 -1 1 -2 0 2 -1 1 -2 0 2 -1 1 -2 0 2 -1 1 -2 0 2 -1 1 -2 0 2 -1 1 -2 0 2 -1 1 -2 0 2 -1 1 -2 0 2 -1 1 -2 0 2 -1 1 -2 0 2 -1 1 -2 0 2 -1 1 -2 0 2 -1 1 -2 0 2 -1 1 -2 0 2 -1 1 -2 0 2 -1 1 -2 0 2 -1 1 -2 0 2 -1 1 -2 0 2 -1 1 -2 0 2 -1 1 -2 0 2 -1 1 -2 0 2 -1 1 -2 0 2 -1 1 -2 0 2 -1 1 -2 0 2 -1 1 -2 0 2 -1 1 -2 0 2 -1 1 -2 0 2 -1 1 -2 0 2 -1 1 -2 0 2 -1 1 -2 0 2 -1 1 -2 0 2 -1 1 -2 0 2 -1 1 -2 0 2 -1 1 -2 0 2 -1 1 -2 0 2 -1 1 -2 0 2 -1 1 -2 0 2 -1 1 -2 0 2 -1 1 -2 0 2 -1 1 -2 0 2 -1 1 -2 0 2 -1 1 -2 0 2 -1 1 -2 0 2 -1 1 -2 0 2 -1 1 -2 0 2 -1 1 -2 0 2 -1 1 -2 0 2 -1 1 -2 0 2 -1 1 -2 0 2 -1 1 -2 0 2 -1 1 -2 0 2 -1 1 -2 0 2 -1 1 -2 0 2 -1 1 -2 0 2 -1 1 -2 0 2 -1 1 -2 0 2 -1 1 -2 0 2 -1 1 -2 0 2 -1 1 -2 0 2 -1 1 -2 0 2 -1 1 -2 0 2 -1 1 -2 0 2 -1 1 -2 0 2 -1 1 -2 0 2 -1 1 -2 0 2 -1 1 -2 0 2 -1 1 -2 0 2 -1 1 -2 0 2 -1 1 -2 0 2 -1 1 -2 0 2 -1 1 -2 0 2 -1 1 -2 0 2 -1 1 -2 0 2 -1 1 -2 0 2 -1 1 -2 0 2 -1 1 -2 0 2 -1 1 -2 0 2 -1 1 -2 0 2 -1 1 -2 0 2 -1 1 -2 0 2 -1
-2 1 -1 2 0 -2 1 -1 2 0 -2 1 -1 2 0 -2 1 -1 2 0 -2 1 -1 2 0 -2 1 -1 2 0 601 1 -1 2 0 -2 1 -1 2 0 -2 1 -1 2 0 -2 1 -1 2 0 -2 1 -1 2 0 -2 1 -1 2 0 -2 1 -1 2 0 -2 1 -1 2 0 -2 1 -1 2 0 -2 1 -1 2 0 -2 1 -1 2 0 -2 1 -1 2 0 -2 1 -1 2 0 -2 1 -1 2 0 -2 1 -1 2 0 -2 1 -1 2 0 -2 1 -1 2 0 -2 1 -1 2 0 -2 1 -1 2 0 -2 1 -1 2 0 -2 1 -1 2 0 -2 1 -1 2 0 -2 1 -1 2 0 -2 1 -1 2 0 -2 1 -1 2 0 -2 1 -1 2 0 -2 1 -1 2 0 -2 1 -1 2 0 -2 1 -1 2 0 -2 1 -1 2 0 -2 1 -1 2 0 -2 1 -1 2 0 -2 1 -1 2 0 -2 1 -1 2 0 -2 1 -1 2 0 -2 1 -1 2 0 -2 1 -1 2 0 -2 1 -1 2 0 -2 1 -1 2 0 -2 1 -1 2 0 -2 1 -1 2 0 -2 1 -1 2 0 -2 1 -1 2 0 -2 1 -1 2 0 -2 1 -1 2 0 -2 1 -1 2 0 -2 1 -1 2 0 -2 1 -1 2 0 -2 1 -1 2 0 -2 1 -1 2 0 -2 1 -1 2 0 -2 1 -1 2 0 -2 1 -1 2 0 -2 1 -1 2 0 -2 1 -1 2 0 -2 1 -1 2 0 -2 1 -1 2 0 -2 1 -1 2 0 -2 1 -1 2 0 -2 1 -1 2 0 -2 1 -1 2 0 -2 1 -1 2 0 -2 1 -1 2 0 -2 1 -1 2 0 -2 1 -1 2 0 -2 1 -1 2 0 -2 1 -1 2 0 -2 1 -1 2 0 -2 1 -1 2 0 -2 1 -1 2 0 -2 1 -1 2 0 -2 1 -1 2 0 -2 1 -1 2 0 -2 1 -1 2 0 -2 1 -1 2 0 -2 1 -1 2 0 -2 1 -1 2 0 -2 1 -1 2 0 -2 1 -1 2 0 -2 1 -1 2 0 -2 1 -1 2 0 -2 1 -1 2 0 -2 1 -1 2 0 -2 1 -1 2 0 -2 1 -1 2 0 -2 1 -1 2 0 -2 1 -1 2 0 -2 1 -1 2 0 -2 1 -1 2 0 -2 1 -1 2 0 -2 1 -1 2 0 -2 1 -1 2 0 -2 1 -1 2 0 -2 1 -1 2 0
0 -1 -2 2 1 0 -1 -2 2 1 0 -1 -2 2 1 0 -1 -2 2 1 0 -1 -2 2 1 0 -1 -2 2 1 0 602 -2 2 1 0 -1 -2 2 1 0 -1 -2 2 1 0 -1 -2 2 1 0 -1 -2 2 1 0 -1 -2 2 1 0 -1 -2 2 1 0 -1 -2 2 1 0 -1 -2 2 1 0 -1 -2 2 1 0 -1 -2 2 1 0 -1 -2 2 1 0 -1 -2 2 1 0 -1 -2 2 1 0 -1 -2 2 1 0 -1 -2 2 1 0 -1 -2 2 1 0 -1 -2 2 1 0 -1 -2 2 1 0 -1 -2 2 1 0 -1 -2 2 1 0 -1 -2 2 1 0 -1 -2 2 1 0 -1 -2 2 1 0 -1 -2 2 1 0 -1 -2 2 1 0 -1 -2 2 1 0 -1 -2 2 1 0 -1 -2 2 1 0 -1 -2 2 1 0 -1 -2 2 1 0 -1 -2 2 1 0 -1 -2 2 1 0 -1 -2 2 1 0 -1 -2 2 1 0 -1 -2 2 1 0 -1 -2 2 1 0 -1 -2 2 1 0 -1 -2 2 1 0 -1 -2 2 1 0 -1 -2 2 1 0 -1 -2 2 1 0 -1 -2 2 1 0 -1 -2 2 1 0 -1 -2 2 1 0 -1 -2 2 1 0 -1 -2 2 1 0 -1 -2 2 1 0 -1 -2 2 1 0 -1 -2 2 1 0 -1 -2 2 1 0 -1 -2 2 1 0 -1 -2 2 1 0 -1 -2 2 1 0 -1 -2 2 1 0 -1 -2 2 1 0 -1 -2 2 1 0 -1 -2 2 1 0 -1 -2 2 1 0 -1 -2 2 1 0 -1 -2 2 1 0 -1 -2 2 1 0 -1 -2 2 1 0 -1 -2 2 1 0 -1 -2 2 1 0 -1 -2 2 1 0 -1 -2 2 1 0 -1 -2 2 1 0 -1 -2 2 1 0 -1 -2 2 1 0 -1 -2 2 1 0 -1 -2 2 1 0 -1 -2 2 1 0 -1 -2 2 1 0 -1 -2 2 1 0 -1 -2 2 1 0 -1 -2 2 1 0 -1 -2 2 1 0 -1 -2 2 1 0 -1 -2 2 1 0 -1 -2 2 1 0 -1 -2 2 1 0 -1 -2 2 1 0 -1 -2 2 1 0 -1 -2 2 1 0 -1 -2 2 1 0 -1 -2 2 1 0 -1 -2 2 1 0 -1 -2 2 1 0 -1 -2 2 1 0 -1 -2 2 1 0 -1 -2 2 1 0 -1 -2 2 1 0 -1 -2 2 1
2 2 2 2 2 2 2 2 2 2 2 2 2 2 2 2 2 2 2 2 2 2 2 2 2 2 2 2 2 2 2 2 1001 2 2 2 2 2 2 2 2 2 2 2 2 2 2 2 2 2 2 2 2 2 2 2 2 2 2 2 2 2 2 2 2 2 2 2 2 2 2 2 2 2 2 2 2 2 2 2 2 2 2 2 2 2 2 2 2 2 2 2 2 2 2 2 2 2 2 2 2 2 2 2 2 2 2 2 2 2 2 2 2 2 2 2 2 2 2 2 2 2 2 2 2 2 2 2 2 2 2 2 2 2 2 2 2 2 2 2 2 2 2 2 2 2 2 2 2 2 2 2 2 2 2 2 2 2 2 2 2 2 2 2 2 2 2 2 2 2 2 2 2 2 2 2 2 2 2 2 2 2 2 2 2 2 2 2 2 2 2 2 2 2 2 2 2 2 2 2 2 2 2 2 2 2 2 2 2 2 2 2 2 2 2 2 2 2 2 2 2 2 2 2 2 2 2 2 2 2 2 2 2 2 2 2 2 2 2 2 2 2 2 2 2 2 2 2 2 2 2 2 2 2 2 2 2 2 2 2 2 2 2 2 2 2 2 2 2 2 2 2 2 2 2 2 2 2 2 2 2 2 2 2 2 2 2 2 2 2 2 2 2 2 2 2 2 2 2 2 2 2 2 2 2 2 2 2 2 2 2 2 2 2 2 2 2 2 2 2 2 2 2 2 2 2 2 2 2 2 2 2 2 2 2 2 2 2 2 2 2 2 2 2 2 2 2 2 2 2 2 2 2 2 2 2 2 2 2 2 2 2 2 2 2 2 2 2 2 2 2 2 2 2 2 2 2 2 2 2 2 2 2 2 2 2 2 2 2 2 2 2 2 2 2 2 2 2 2 2 2 2 2 2 2 2 2 2 2 2 2 2 2 2 2 2 2 2 2 2 2 2 2 2 2 2 2 2 2 2 2 2 2 2 2 2 2 2 2 2 2 2 2 2 2 2 2 2 2 2 2 2 2 2 2 2 2 2 2 2 2 2 2 2 2 2 2 2 2 2 2 2 2 2 2 2 2 2 2 2 2 2 2 2 2 2 2 2 2 2 2 2 2 2 2 2 2 2 2 2
-1 0 1 2 -2 -1 0 1 2 -2 -1 0 1 2 -2 -1 0 1 2 -2 -1 0 1 2 -2 -1 0 1 2 -2 -1 0 1 601 -2 -1 0 1 2 -2 -1 0 1 2 -2 -1 0 1 2 -2 -1 0 1 2 -2 -1 0 1 2 -2 -1 0 1 2 -2 -1 0 1 2 -2 -1 0 1 2 -2 -1 0 1 2 -2 -1 0 1 2 -2 -1 0 1 2 -2 -1 0 1 2 -2 -1 0 1 2 -2 -1 0 1 2 -2 -1 0 1 2 -2 -1 0 1 2 -2 -1 0 1 2 -2 -1 0 1 2 -2 -1 0 1 2 -2 -1 0 1 2 -2 -1 0 1 2 -2 -1 0 1 2 -2 -1 0 1 2 -2 -1 0 1 2 -2 -1 0 1 2 -2 -1 0 1 2 -2 -1 0 1 2 -2 -1 0 1 2 -2 -1 0 1 2 -2 -1 0 1 2 -2 -1 0 1 2 -2 -1 0 1 2 -2 -1 0 1 2 -2 -1 0 1 2 -2 -1 0 1 2 -2 -1 0 1 2 -2 -1 0 1 2 -2 -1 0 1 2 -2 -1 0 1 2 -2 -1 0 1 2 -2 -1 0 1 2 -2 -1 0 1 2 -2 -1 0 1 2 -2 -1 0 1 2 -2 -1 0 1 2 -2 -1 0 1 2 -2 -1 0 1 2 -2 -1 0 1 2 -2 -1 0 1 2 -2 -1 0 1 2 -2 -1 0 1 2 -2 -1 0 1 2 -2 -1 0 1 2 -2 -1 0 1 2 -2 -1 0 1 2 -2 -1 0 1 2 -2 -1 0 1 2 -2 -1 0 1 2 -2 -1 0 1 2 -2 -1 0 1 2 -2 -1 0 1 2 -2 -1 0 1 2 -2 -1 0 1 2 -2 -1 0 1 2 -2 -1 0 1 2 -2 -1 0 1 2 -2 -1 0 1 2 -2 -1 0 1 2 -2 -1 0 1 2 -2 -1 0 1 2 -2 -1 0 1 2 -2 -1 0 1 2 -2 -1 0 1 2 -2 -1 0 1 2 -2 -1 0 1 2 -2 -1 0 1 2 -2 -1 0 1 2 -2 -1 0 1 2 -2 -1 0 1 2 -2 -1 0 1 2 -2 -1 0 1 2 -2 -1 0 1 2 -2 -1 0 1 2 -2 -1 0 1 2 -2 -1 0 1 2 -2 -1 0 1 2 -2 -1 0 1 2 -2 -1 0 1 2 -2 -1 0 1 2 -2 -1 0 1 2 -2 -1 0 1 2 -2 -1 0 1 2 -2 -1 0 1 2 -2
1 -2 0 2 -1 1 -2 0 2 -1 1 -2 0 2 -1 1 -2 0 2 -1 1 -2 0 2 -1 1 -2 0 2 -1 1 -2 0 2 602 1 -2 0 2 -1 1 -2 0 2 -1 1 -2 0 2 -1 1 -2 0 2 -1 1 -2 0 2 -1 1 -2 0 2 -1 1 -2 0 2 -1 1 -2 0 2 -1 1 -2 0 2 -1 1 -2 0 2 -1 1 -2 0 2 -1 1 -2 0 2 -1 1 -2 0 2 -1 1 -2 0 2 -1 1 -2 0 2 -1 1 -2 0 2 -1 1 -2 0 2 -1 1 -2 0 2 -1 1 -2 0 2 -1 1 -2 0 2 -1 1 -2 0 2 -1 1 -2 0 2 -1 1 -2 0 2 -1 1 -2 0 2 -1 1 -2 0 2 -1 1 -2 0 2 -1 1 -2 0 2 -1 1 -2 0 2 -1 1 -2 0 2 -1 1 -2 0 2 -1 1 -2 0 2 -1 1 -2 0 2 -1 1 -2 0 2 -1 1 -2 0 2 -1 1 -2 0 2 -1 1 -2 0 2 -1 1 -2 0 2 -1 1 -2 0 2 -1 1 -2 0 2 -1 1 -2 0 2 -1 1 -2 0 2 -1 1 -2 0 2 -1 1 -2 0 2 -1 1 -2 0 2 -1 1 -2 0 2 -1 1 -2 0 2 -1 1 -2 0 2 -1 1 -2 0 2 -1 1 -2 0 2 -1 1 -2 0 2 -1 1 -2 0 2 -1 1 -2 0 2 -1 1 -2 0 2 -1 1 -2 0 2 -1 1 -2 0 2 -1 1 -2 0 2 -1 1 -2 0 2 -1 1 -2 0 2 -1 1 -2 0 2 -1 1 -2 0 2 -1 1 -2 0 2 -1 1 -2 0 2 -1 1 -2 0 2 -1 1 -2 0 2 -1 1 -2 0 2 -1 1 -2 0 2 -1 1 -2 0 2 -1 1 -2 0 2 -1 1 -2 0 2 -1 1 -2 0 2 -1 1 -2 0 2 -1 1 -2 0 2 -1 1 -2 0 2 -1 1 -2 0 2 -1 1 -2 0 2 -1 1 -2 0 2 -1 1 -2 0 2 -1 1 -2 0 2 -1 1 -2 0 2 -1 1 -2 0 2 -1 1 -2 0 2 -1 1 -2 0 2 -1 1 -2 0 2 -1 1 -2 0 2 -1 1 -2 0 2 -1 1 -2 0 2 -1 1 -2 0 2 -1 1 -2 0 2 -1 1 -2 0 2 -1 1 -2 0 2 -1 1 -2 0 2 -1 1 -2 0 2 -1 1 -2 0 2 -1
-2 1 -1 2 0 -2 1 -1 2 0 -2 1 -1 2 0 -2 1 -1 2 0 -2 1 -1 2 0 -2 1 -1 2 0 -2 1 -1 2 0 601 1 -1 2 0 -2 1 -1 2 0 -2 1 -1 2 0 -2 1 -1 2 0 -2 1 -1 2 0 -2 1 -1 2 0 -2 1 -1 2 0 -2 1 -1 2 0 -2 1 -1 2 0 -2 1 -1 2 0 -2 1 -1 2 0 -2 1 -1 2 0 -2 1 -1 2 0 -2 1 -1 2 0 -2 1 -1 2 0 -2 1 -1 2 0 -2 1 -1 2 0 -2 1 -1 2 0 -2 1 -1 2 0 -2 1 -1 2 0 -2 1 -1 2 0 -2 1 -1 2 0 -2 1 -1 2 0 -2 1 -1 2 0 -2 1 -1 2 0 -2 1 -1 2 0 -2 1 -1 2 0 -2 1 -1 2 0 -2 1 -1 2 0 -2 1 -1 2 0 -2 1 -1 2 0 -2 1 -1 2 0 -2 1 -1 2 0 -2 1 -1 2 0 -2 1 -1 2 0 -2 1 -1 2 0 -2 1 -1 2 0 -2 1 -1 2 0 -2 1 -1 2 0 -2 1 -1 2 0 -2 1 -1 2 0 -2 1 -1 2 0 -2 1 -1 2 0 -2 1 -1 2 0 -2 1 -1 2 0 -2 1 -1 2 0 -2 1 -1 2 0 -2 1 -1 2 0 -2 1 -1 2 0 -2 1 -1 2 0 -2 1 -1 2 0 -2 1 -1 2 0 -2 1 -1 2 0 -2 1 -1 2 0 -2 1 -1 2 0 -2 1 -1 2 0 -2 1 -1 2 0 -2 1 -1 2 0 -2 1 -1 2 0 -2 1 -1 2 0 -2 1 -1 2 0 -2 1 -1 2 0 -2 1 -1 2 0 -2 1 -1 2 0 -2 1 -1 2 0 -2 1 -1 2 0 -2 1 -1 2 0 -2 1 -1 2 0 -2 1 -1 2 0 -2 1 -1 2 0 -2 1 -1 2 0 -2 1 -1 2 0 -2 1 -1 2 0 -2 1 -1 2 0 -2 1 -1 2 0 -2 1 -1 2 0 -2 1 -1 2 0 -2 1 -1 2 0 -2 1 -1 2 0 -2 1 -1 2 0 -2 1 -1 2 0 -2 1 -1 2 0 -2 1 -1 2 0 -2 1 -1 2 0 -2 1 -1 2 0 -2 1 -1 2 0 -2 1 -1 2 0 -2 1 -1 2 0 -2 1 -1 2 0 -2 1 -1 2 0 -2 1 -1 2 0 -2 1 -1 2 0 -2 1 -1 2 0
0 -1 -2 2 1 0 -1 -2 2 1 0 -1 -2 2 1 0 -1 -2 2 1 0 -1 -2 2 1 0 -1 -2 2 1 0 -1 -2 2 1 0 602 -2 2 1 0 -1 -2 2 1 0 -1 -2 2 1 0 -1 -2 2 1 0 -1 -2 2 1 0 -1 -2 2 1 0 -1 -2 2 1 0 -1 -2 2 1 0 -1 -2 2 1 0 -1 -2 2 1 0 -1 -2 2 1 0 -1 -2 2 1 0 -1 -2 2 1 0 -1 -2 2 1 0 -1 -2 2 1 0 -1 -2 2 1 0 -1 -2 2 1 0 -1 -2 2 1 0 -1 -2 2 1 0 -1 -2 2 1 0 -1 -2 2 1 0 -1 -2 2 1 0 -1 -2 2 1 0 -1 -2 2 1 0 -1 -2 2 1 0 -1 -2 2 1 0 -1 -2 2 1 0 -1 -2 2 1 0 -1 -2 2 1 0 -1 -2 2 1 0 -1 -2 2 1 0 -1 -2 2 1 0 -1 -2 2 1 0 -1 -2 2 1 0 -1 -2 2 1 0 -1 -2 2 1 0 -1 -2 2 1 0 -1 -2 2 1 0 -1 -2 2 1 0 -1 -2 2 1 0 -1 -2 2 1 0 -1 -2 2 1 0 -1 -2 2 1 0 -1 -2 2 1 0 -1 -2 2 1 0 -1 -2 2 1 0 -1 -2 2 1 0 -1 -2 2 1 0 -1 -2 2 1 0 -1 -2 2 1 0 -1 -2 2 1 0 -1 -2 2 1 0 -1 -2 2 1 0 -1 -2 2 1 0 -1 -2 2 1 0 -1 -2 2 1 0 -1 -2 2 1 0 -1 -2 2 1 0 -1 -2 2 1 0 -1 -2 2 1 0 -1 -2 2 1 0 -1 -2 2 1 0 -1 -2 2 1 0 -1 -2 2 1 0 -1 -2 2 1 0 -1 -2 2 1 0 -1 -2 2 1 0 -1 -2 2 1 0 -1 -2 2 1 0 -1 -2 2 1 0 -1 -2 2 1 0 -1 -2 2 1 0 -1 -2 2 1 0 -1 -2 2 1 0 -1 -2 2 1 0 -1 -2 2 1 0 -1 -2 2 1 0 -1 -2 2 1 0 -1 -2 2 1 0 -1 -2 2 1 0 -1 -2 2 1 0 -1 -2 2 1 0 -1 -2 2 1 0 -1 -2 2 1 0 -1 -2 2 1 0 -1 -2 2 1 0 -1 -2 2 1 0 -1 -2 2 1 0 -1 -2 2 1 0 -1 -2 2 1 0 -1 -2 2 1 0 -1 -2 2 1 0 -1 -2 2 1
2 2 2 2 2 2 2 2 2 2 2 2 2 2 2 2 2 2 2 2 2 2 2 2 2 2 2 2 2 2 2 2 2 2 2 2 2 1001 2 2 2 2 2 2 2 2 2 2 2 2 2 2 2 2 2 2 2 2 2 2 2 2 2 2 2 2 2 2 2 2 2 2 2 2 2 2 2 2 2 2 2 2 2 2 2 2 2 2 2 2 2 2 2 2 2 2 2 2 2 2 2 2 2 2 2 2 2 2 2 2 2 2 2 2 2 2 2 2 2 2 2 2 2 2 2 2 2 2 2 2 2 2 2 2 2 2 2 2 2 2 2 2 2 2 2 2 2 2 2 2 2 2 2 2 2 2 2 2 2 2 2 2 2 2 2 2 2 2 2 2 2 2 2 2 2 2 2 2 2 2 2 2 2 2 2 2 2 2 2 2 2 2 2 2 2 2 2 2 2 2 2 2 2 2 2 2 2 2 2 2 2 2 2 2 2 2 2 2 2 2 2 2 2 2 2 2 2 2 2 2 2 2 2 2 2 2 2 2 2 2 2 2 2 2 2 2 2 2 2 2 2 2 2 2 2 2 2 2 2 2 2 2 2 2 2 2 2 2 2 2 2 2 2 2 2 2 2 2 2 2 2 2 2 2 2 2 2 2 2 2 2 2 2 2 2 2 2 2 2 2 2 2 2 2 2 2 2 2 2 2 2 2 2 2 2 2 2 2 2 2 2 2 2 2 2 2 2 2 2 2 2 2 2 2 2 2 2 2 2 2 2 2 2 2 2 2 2 2 2 2 2 2 2 2 2 2 2 2 2 2 2 2 2 2 2 2 2 2 2 2 2 2 2 2 2 2 2 2 2 2 2 2 2 2 2 2 2 2 2 2 2 2 2 2 2 2 2 2 2 2 2 2 2 2 2 2 2 2 2 2 2 2 2 2 2 2 2 2 2 2 2 2 2 2 2 2 2 2 2 2 2 2 2 2 2 2 2 2 2 2 2 2 2 2 2 2 2 2 2 2 2 2 2 2 2 2 2 2 2 2 2 2 2 2 2 2 2 2 2 2 2 2 2 2 2 2 2 2 2 2 2 2 2 2 2 2 2 2 2 2 2 2 2 2 2 2 2 2 2 2
-1 0 1 2 -2 -1 0 1 2 -2 -1 0 1 2 -2 -1 0 1 2 -2 -1 0 1 2 -2 -1 0 1 2 -2 -1 0 1 2 -2 -1 0 1 601 -2 -1 0 1 2 -2 -1 0 1 2 -2 -1 0 1 2 -2 -1 0 1 2 -2 -1 0 1 2 -2 -1 0 1 2 -2 -1 0 1 2 -2 -1 0 1 2 -2 -1 0 1 2 -2 -1 0 1 2 -2 -1 0 1 2 -2 -1 0 1 2 -2 -1 0 1 2 -2 -1 0 1 2 -2 -1 0 1 2 -2 -1 0 1 2 -2 -1 0 1 2 -2 -1 0 1 2 -2 -1 0 1 2 -2 -1 0 1 2 -2 -1 0 1 2 -2 -1 0 1 2 -2 -1 0 1 2 -2 -1 0 1 2 -2 -1 0 1 2 -2 -1 0 1 2 -2 -1 0 1 2 -2 -1 0 1 2 -2 -1 0 1 2 -2 -1 0 1 2 -2 -1 0 1 2 -2 -1 0 1 2 -2 -1 0 1 2 -2 -1 0 1 2 -2 -1 0 1 2 -2 -1 0 1 2 -2 -1 0 1 2 -2 -1 0 1 2 -2 -1 0 1 2 -2 -1 0 1 2 -2 -1 0 1 2 -2 -1 0 1 2 -2 -1 0 1 2 -2 -1 0 1 2 -2 -1 0 1 2 -2 -1 0 1 2 -2 -1 0 1 2 -2 -1 0 1 2 -2 -1 0 1 2 -2 -1 0 1 2 -2 -1 0 1 2 -2 -1 0 1 2 -2 -1 0 1 2 -2 -1 0 1 2 -2 -1 0 1 2 -2 -1 0 1 2 -2 -1 0 1 2 -2 -1 0 1 2 -2 -1 0 1 2 -2 -1 0 1 2 -2 -1 0 1 2 -2 -1 0 1 2 -2 -1 0 1 2 -2 -1 0 1 2 -2 -1 0 1 2 -2 -1 0 1 2 -2 -1 0 1 2 -2 -1 0 1 2 -2 -1 0 1 2 -2 -1 0 1 2 -2 -1 0 1 2 -2 -1 0 1 2 -2 -1 0 1 2 -2 -1 0 1 2 -2 -1 0 1 2 -2 -1 0 1 2 -2 -1 0 1 2 -2 -1 0 1 2 -2 -1 0 1 2 -2 -1 0 1 2 -2 -1 0 1 2 -2 -1 0 1 2 -2 -1 0 1 2 -2 -1 0 1 2 -2 -1 0 1 2 -2 -1 0 1 2 -2 -1 0 1 2 -2 -1 0 1 2 -2 -1 0 1 2 -2 -1 0 1 2 -2 -1 0 1 2 -2 -1 0 1 2 -2
1 -2 0 2 -1 1 -2 0 2 -1 1 -2 0 2 -1 1 -2 0 2 -1 1 -2 0 2 -1 1 -2 0 2 -1 1 -2 0 2 -1 1 -2 0 2 602 1 -2 0 2 -1 1 -2 0 2 -1 1 -2 0 2 -1 1 -2 0 2 -1 1 -2 0 2 -1 1 -2 0 2 -1 1 -2 0 2 -1 1 -2 0 2 -1 1 -2 0 2 -1 1 -2 0 2 -1 1 -2 0 2 -1 1 -2 0 2 -1 1 -2 0 2 -1 1 -2 0 2 -1 1 -2 0 2 -1 1 -2 0 2 -1 1 -2 0 2 -1 1 -2 0 2 -1 1 -2 0 2 -1 1 -2 0 2 -1 1 -2 0 2 -1 1 -2 0 2 -1 1 -2 0 2 -1 1 -2 0 2 -1 1 -2 0 2 -1 1 -2 0 2 -1 1 -2 0 2 -1 1 -2 0 2 -1 1 -2 0 2 -1 1 -2 0 2 -1 1 -2 0 2 -1 1 -2 0 2 -1 1 -2 0 2 -1 1 -2 0 2 -1 1 -2 0 2 -1 1 -2 0 2 -1 1 -2 0 2 -1 1 -2 0 2 -1 1 -2 0 2 -1 1 -2 0 2 -1 1 -2 0 2 -1 1 -2 0 2 -1 1 -2 0 2 -1 1 -2 0 2 -1 1 -2 0 2 -1 1 -2 0 2 -1 1 -2 0 2 -1 1 -2 0 2 -1 1 -2 0 2 -1 1 -2 0 2 -1 1 -2 0 2 -1 1 -2 0 2 -1 1 -2 0 2 -1 1 -2 0 2 -1 1 -2 0 2 -1 1 -2 0 2 -1 1 -2 0 2 -1 1 -2 0 2 -1 1 -2 0 2 -1 1 -2 0 2 -1 1 -2 0 2 -1 1 -2 0 2 -1 1 -2 0 2 -1 1 -2 0 2 -1 1 -2 0 2 -1 1 -2 0 2 -1 1 -2 0 2 -1 1 -2 0 2 -1 1 -2 0 2 -1 1 -2 0 2 -1 1 -2 0 2 -1 1 -2 0 2 -1 1 -2 0 2 -1 1 -2 0 2 -1 1 -2 0 2 -1 1 -2 0 2 -1 1 -2 0 2 -1 1 -2 0 2 -1 1 -2 0 2 -1 1 -2 0 2 -1 1 -2 0 2 -1 1 -2 0 2 -1 1 -2 0 2 -1 1 -2 0 2 -1 1 -2 0 2 -1 1 -2 0 2 -1 1 -2 0 2 -1 1 -2 0 2 -1 1 -2 0 2 -1 1 -2 0 2 -1 1 -2 0 2 -1 1 -2 0 2 -1
-2 1 -1 2 0 -2 1 -1 2 0 -2 1 -1 2 0 -2 1 -1 2 0 -2 1 -1 2 0 -2 1 -1 2 0 -2 1 -1 2 0 -2 1 -1 2 0 601 1 -1 2 0 -2 1 -1 2 0 -2 1 -1 2 0 -2 1 -1 2 0 -2 1 -1 2 0 -2 1 -1 2 0 -2 1 -1 2 0 -2 1 -1 2 0 -2 1 -1 2 0 -2 1 -1 2 0 -2 1 -1 2 0 -2 1 -1 2 0 -2 1 -1 2 0 -2 1 -1 2 0 -2 1 -1 2 0 -2 1 -1 2 0 -2 1 -1 2 0 -2 1 -1 2 0 -2 1 -1 2 0 -2 1 -1 2 0 -2 1 -1 2 0 -2 1 -1 2 0 -2 1 -1 2 0 -2 1 -1 2 0 -2 1 -1 2 0 -2 1 -1 2 0 -2 1 -1 2 0 -2 1 -1 2 0 -2 1 -1 2 0 -2 1 -1 2 0 -2 1 -1 2 0 -2 1 -1 2 0 -2 1 -1 2 0 -2 1 -1 2 0 -2 1 -1 2 0 -2 1 -1 2 0 -2 1 -1 2 0 -2 1 -1 2 0 -2 1 -1 2 0 -2 1 -1 2 0 -2 1 -1 2 0 -2 1 -1 2 0 -2 1 -1 2 0 -2 1 -1 2 0 -2 1 -1 2 0 -2 1 -1 2 0 -2 1 -1 2 0 -2 1 -1 2 0 -2 1 -1 2 0 -2 1 -1 2 0 -2 1 -1 2 0 -2 1 -1 2 0 -2 1 -1 2 0 -2 1 -1 2 0 -2 1 -1 2 0 -2 1 -1 2 0 -2 1 -1 2 0 -2 1 -1 2 0 -2 1 -1 2 0 -2 1 -1 2 0 -2 1 -1 2 0 -2 1 -1 2 0 -2 1 -1 2 0 -2 1 -1 2 0 -2 1 -1 2 0 -2 1 -1 2 0 -2 1 -1 2 0 -2 1 -1 2 0 -2 1 -1 2 0 -2 1 -1 2 0 -2 1 -1 2 0 -2 1 -1 2 0 -2 1 -1 2 0 -2 1 -1 2 0 -2 1 -1 2 0 -2 1 -1 2 0 -2 1 -1 2 0 -2 1 -1 2 0 -2 1 -1 2 0 -2 1 -1 2 0 -2 1 -1 2 0 -2 1 -1 2 0 -2 1 -1 2 0 -2 1 -1 2 0 -2 1 -1 2 0 -2 1 -1 2 0 -2 1 -1 2 0 -2 1 -1 2 0 -2 1 -1 2 0 -2 1 -1 2 0 -2 1 -1 2 0 -2 1 -1 2 0
0 -1 -2 2 1 0 -1 -2 2 1 0 -1 -2 2 1 0 -1 -2 2 1 0 -1 -2 2 1 0 -1 -2 2 1 0 -1 -2 2 1 0 -1 -2 2 1 0 602 -2 2 1 0 -1 -2 2 1 0 -1 -2 2 1 0 -1 -2 2 1 0 -1 -2 2 1 0 -1 -2 2 1 0 -1 -2 2 1 0 -1 -2 2 1 0 -1 -2 2 1 0 -1 -2 2 1 0 -1 -2 2 1 0 -1 -2 2 1 0 -1 -2 2 1 0 -1 -2 2 1 0 -1 -2 2 1 0 -1 -2 2 1 0 -1 -2 2 1 0 -1 -2 2 1 0 -1 -2 2 1 0 -1 -2 2 1 0 -1 -2 2 1 0 -1 -2 2 1 0 -1 -2 2 1 0 -1 -2 2 1 0 -1 -2 2 1 0 -1 -2 2 1 0 -1 -2 2 1 0 -1 -2 2 1 0 -1 -2 2 1 0 -1 -2 2 1 0 -1 -2 2 1 0 -1 -2 2 1 0 -1 -2 2 1 0 -1 -2 2 1 0 -1 -2 2 1 0 -1 -2 2 1 0 -1 -2 2 1 0 -1 -2 2 1 0 -1 -2 2 1 0 -1 -2 2 1 0 -1 -2 2 1 0 -1 -2 2 1 0 -1 -2 2 1 0 -1 -2 2 1 0 -1 -2 2 1 0 -1 -2 2 1 0 -1 -2 2 1 0 -1 -2 2 1 0 -1 -2 2 1 0 -1 -2 2 1 0 -1 -2 2 1 0 -1 -2 2 1 0 -1 -2 2 1 0 -1 -2 2 1 0 -1 -2 2 1 0 -1 -2 2 1 0 -1 -2 2 1 0 -1 -2 2 1 0 -1 -2 2 1 0 -1 -2 2 1 0 -1 -2 2 1 0 -1 -2 2 1 0 -1 -2 2 1 0 -1 -2 2 1 0 -1 -2 2 1 0 -1 -2 2 1 0 -1 -2 2 1 0 -1 -2 2 1 0 -1 -2 2 1 0 -1 -2 2 1 0 -1 -2 2 1 0 -1 -2 2 1 0 -1 -2 2 1 0 -1 -2 2 1 0 -1 -2 2 1 0 -1 -2 2 1 0 -1 -2 2 1 0 -1 -2 2 1 0 -1 -2 2 1 0 -1 -2 2 1 0 -1 -2 2 1 0 -1 -2 2 1 0 -1 -2 2 1 0 -1 -2 2 1 0 -1 -2 2 1 0 -1 -2 2 1 0 -1 -2 2 1 0 -1 -2 2 1 0 -1 -2 2 1 0 -1 -2 2 1 0 -1 -2 2 1 0 -1 -2 2 1
2 2 2 2 2 2 2 2 2 2 2 2 2 2 2 2 2 2 2 2 2 2 2 2 2 2 2 2 2 2 2 2 2 2 2 2 2 2 2 2 2 2 1001 2 2 2 2 2 2 2 2 2 2 2 2 2 2 2 2 2 2 2 2 2 2 2 2 2 2 2 2 2 2 2 2 2 2 2 2 2 2 2 2 2 2 2 2 2 2 2 2 2 2 2 2 2 2 2 2 2 2 2 2 2 2 2 2 2 2 2 2 2 2 2 2 2 2 2 2 2 2 2 2 2 2 2 2 2 2 2 2 2 2 2 2 2 2 2 2 2 2 2 2 2 2 2 2 2 2 2 2 2 2 2 2 2 2 2 2 2 2 2 2 2 2 2 2 2 2 2 2 2 2 2 2 2 2 2 2 2 2 2 2 2 2 2 2 2 2 2 2 2 2 2 2 2 2 2 2 2 2 2 2 2 2 2 2 2 2 2 2 2 2 2 2 2 2 2 2 2 2 2 2 2 2 2 2 2 2 2 2 2 2 2 2 2 2 2 2 2 2 2 2 2 2 2 2 2 2 2 2 2 2 2 2 2 2 2 2 2 2 2 2 2 2 2 2 2 2 2 2 2 2 2 2 2 2 2 2 2 2 2 2 2 2 2 2 2 2 2 2 2 2 2 2 2 2 2 2 2 2 2 2 2 2 2 2 2 2 2 2 2 2 2 2 2 2 2 2 2 2 2 2 2 2 2 2 2 2 2 2 2 2 2 2 2 2 2 2 2 2 2 2 2 2 2 2 2 2 2 2 2 2 2 2 2 2 2 2 2 2 2 2 2 2 2 2 2 2 2 2 2 2 2 2 2 2 2 2 2 2 2 2 2 2 2 2 2 2 2 2 2 2 2 2 2 2 2 2 2 2 2 2 2 2 2 2 2 2 2 2 2 2 2 2 2 2 2 2 2 2 2 2 2 2 2 2 2 2 2 2 2 2 2 2 2 2 2 2 2 2 2 2 2 2 2 2 2 2 2 2 2 2 2 2 2 2 2 2 2 2 2 2 2 2 2 2 2 2 2 2 2 2 2 2 2 2 2 2 2 2 2 2 2 2 2 2 2 2 2 2 2 2 2 2 2 2 2 2 2
-1 0 1 2 -2 -1 0 1 2 -2 -1 0 1 2 -2 -1 0 1 2 -2 -1 0 1 2 -2 -1 0 1 2 -2 -1 0 1 2 -2 -1 0 1 2 -2 -1 0 1 601 -2 -1 0 1 2 -2 -1 0 1 2 -2 -1 0 1 2 -2 -1 0 1 2 -2 -1 0 1 2 -2 -1 0 1 2 -2 -1 0 1 2 -2 -1 0 1 2 -2 -1 0 1 2 -2 -1 0 1 2 -2 -1 0 1 2 -2 -1 0 1 2 -2 -1 0 1 2 -2 -1 0 1 2 -2 -1 0 1 2 -2 -1 0 1 2 -2 -1 0 1 2 -2 -1 0 1 2 -2 -1 0 1 2 -2 -1 0 1 2 -2 -1 0 1 2 -2 -1 0 1 2 -2 -1 0 1 2 -2 -1 0 1 2 -2 -1 0 1 2 -2 -1 0 1 2 -2 -1 0 1 2 -2 -1 0 1 2 -2 -1 0 1 2 -2 -1 0 1 2 -2 -1 0 1 2 -2 -1 0 1 2 -2 -1 0 1 2 -2 -1 0 1 2 -2 -1 0 1 2 -2 -1 0 1 2 -2 -1 0 1 2 -2 -1 0 1 2 -2 -1 0 1 2 -2 -1 0 1 2 -2 -1 0 1 2 -2 -1 0 1 2 -2 -1 0 1 2 -2 -1 0 1 2 -2 -1 0 1 2 -2 -1 0 1 2 -2 -1 0 1 2 -2 -1 0 1 2 -2 -1 0 1 2 -2 -1 0 1 2 -2 -1 0 1 2 -2 -1 0 1 2 -2 -1 0 1 2 -2 -1 0 1 2 -2 -1 0 1 2 -2 -1 0 1 2 -2 -1 0 1 2 -2 -1 0 1 2 -2 -1 0 1 2 -2 -1 0 1 2 -2 -1 0 1 2 -2 -1 0 1 2 -2 -1 0 1 2 -2 -1 0 1 2 -2 -1 0 1 2 -2 -1 0 1 2 -2 -1 0 1 2 -2 -1 0 1 2 -2 -1 0 1 2 -2 -1 0 1 2 -2 -1 0 1 2 -2 -1 0 1 2 -2 -1 0 1 2 -2 -1 0 1 2 -2 -1 0 1 2 -2 -1 0 1 2 -2 -1 0 1 2 -2 -1 0 1 2 -2 -1 0 1 2 -2 -1 0 1 2 -2 -1 0 1 2 -2 -1 0 1 2 -2 -1 0 1 2 -2 -1 0 1 2 -2 -1 0 1 2 -2 -1 0 1 2 -2 -1 0 1 2 -2 -1 0 1 2 -2 -1 0 1 2 -2 -1 0 1 2 -2 -1 0 1 2 -2
1 -2 0 2 -1 1 -2 0 2 -1 1 -2 0 2 -1 1 -2 0 2 -1 1 -2 0 2 -1 1 -2 0 2 -1 1 -2 0 2 -1 1 -2 0 2 -1 1 -2 0 2 602 1 -2 0 2 -1 1 -2 0 2 -1 1 -2 0 2 -1 1 -2 0 2 -1 1 -2 0 2 -1 1 -2 0 2 -1 1 -2 0 2 -1 1 -2 0 2 -1 1 -2 0 2 -1 1 -2 0 2 -1 1 -2 0 2 -1 1 -2 0 2 -1 1 -2 0 2 -1 1 -2 0 2 -1 1 -2 0 2 -1 1 -2 0 2 -1 1 -2 0 2 -1 1 -2 0 2 -1 1 -2 0 2 -1 1 -2 0 2 -1 1 -2 0 2 -1 1 -2 0 2 -1 1 -2 0 2 -1 1 -2 0 2 -1 1 -2 0 2 -1 1 -2 0 2 -1 1 -2 0 2 -1 1 -2 0 2 -1 1 -2 0 2 -1 1 -2 0 2 -1 1 -2 0 2 -1 1 -2 0 2 -1 1 -2 0 2 -1 1 -2 0 2 -1 1 -2 0 2 -1 1 -2 0 2 -1 1 -2 0 2 -1 1 -2 0 2 -1 1 -2 0 2 -1 1 -2 0 2 -1 1 -2 0 2 -1 1 -2 0 2 -1 1 -2 0 2 -1 1 -2 0 2 -1 1 -2 0 2 -1 1 -2 0 2 -1 1 -2 0 2 -1 1 -2 0 2 -1 1 -2 0 2 -1 1 -2 0 2 -1 1 -2 0 2 -1 1 -2 0 2 -1 1 -2 0 2 -1 1 -2 0 2 -1 1 -2 0 2 -1 1 -2 0 2 -1 1 -2 0 2 -1 1 -2 0 2 -1 1 -2 0 2 -1 1 -2 0 2 -1 1 -2 0 2 -1 1 -2 0 2 -1 1 -2 0 2 -1 1 -2 0 2 -1 1 -2 0 2 -1 1 -2 0 2 -1 1 -2 0 2 -1 1 -2 0 2 -1 1 -2 0 2 -1 1 -2 0 2 -1 1 -2 0 2 -1 1 -2 0 2 -1 1 -2 0 2 -1 1 -2 0 2 -1 1 -2 0 2 -1 1 -2 0 2 -1 1 -2 0 2 -1 1 -2 0 2 -1 1 -2 0 2 -1 1 -2 0 2 -1 1 -2 0 2 -1 1 -2 0 2 -1 1 -2 0 2 -1 1 -2 0 2 -1 1 -2 0 2 -1 1 -2 0 2 -1 1 -2 0 2 -1 1 -2 0 2 -1 1 -2 0 2 -1 1 -2 0 2 -1 1 -2 0 2 -1
-2 1 -1 2 0 -2 1 -1 2 0 -2 1 -1 2 0 -2 1 -1 2 0 -2 1 -1 2 0 -2 1 -1 2 0 -2 1 -1 2 0 -2 1 -1 2 0 -2 1 -1 2 0 601 1 -1 2 0 -2 1 -1 2 0 -2 1 -1 2 0 -2 1 -1 2 0 -2 1 -1 2 0 -2 1 -1 2 0 -2 1 -1 2 0 -2 1 -1 2 0 -2 1 -1 2 0 -2 1 -1 2 0 -2 1 -1 2 0 -2 1 -1 2 0 -2 1 -1 2 0 -2 1 -1 2 0 -2 1 -1 2 0 -2 1 -1 2 0 -2 1 -1 2 0 -2 1 -1 2 0 -2 1 -1 2 0 -2 1 -1 2 0 -2 1 -1 2 0 -2 1 -1 2 0 -2 1 -1 2 0 -2 1 -1 2 0 -2 1 -1 2 0 -2 1 -1 2 0 -2 1 -1 2 0 -2 1 -1 2 0 -2 1 -1 2 0 -2 1 -1 2 0 -2 1 -1 2 0 -2 1 -1 2 0 -2 1 -1 2 0 -2 1 -1 2 0 -2 1 -1 2 0 -2 1 -1 2 0 -2 1 -1 2 0 -2 1 -1 2 0 -2 1 -1 2 0 -2 1 -1 2 0 -2 1 -1 2 0 -2 1 -1 2 0 -2 1 -1 2 0 -2 1 -1 2 0 -2 1 -1 2 0 -2 1 -1 2 0 -2 1 -1 2 0 -2 1 -1 2 0 -2 1 -1 2 0 -2 1 -1 2 0 -2 1 -1 2 0 -2 1 -1 2 0 -2 1 -1 2 0 -2 1 -1 2 0 -2 1 -1 2 0 -2 1 -1 2 0 -2 1 -1 2 0 -2 1 -1 2 0 -2 1 -1 2 0 -2 1 -1 2 0 -2 1 -1 2 0 -2 1 -1 2 0 -2 1 -1 2 0 -2 1 -1 2 0 -2 1 -1 2 0 -2 1 -1 2 0 -2 1 -1 2 0 -2 1 -1 2 0 -2 1 -1 2 0 -2 1 -1 2 0 -2 1 -1 2 0 -2 1 -1 2 0 -2 1 -1 2 0 -2 1 -1 2 0 -2 1 -1 2 0 -2 1 -1 2 0 -2 1 -1 2 0 -2 1 -1 2 0 -2 1 -1 2 0 -2 1 -1 2 0 -2 1 -1 2 0 -2 1 -1 2 0 -2 1 -1 2 0 -2 1 -1 2 0 -2 1 -1 2 0 -2 1 -1 2 0 -2 1 -1 2 0 -2 1 -1 2 0 -2 1 -1 2 0 -2 1 -1 2 0 -2 1 -1 2 0
0 -1 -2 2 1 0 -1 -2 2 1 0 -1 -2 2 1 0 -1 -2 2 1 0 -1 -2 2 1 0 -1 -2 2 1 0 -1 -2 2 1 0 -1 -2 2 1 0 -1 -2 2 1 0 602 -2 2 1 0 -1 -2 2 1 0 -1 -2 2 1 0 -1 -2 2 1 0 -1 -2 2 1 0 -1 -2 2 1 0 -1 -2 2 1 0 -1 -2 2 1 0 -1 -2 2 1 0 -1 -2 2 1 0 -1 -2 2 1 0 -1 -2 2 1 0 -1 -2 2 1 0 -1 -2 2 1 0 -1 -2 2 1 0 -1 -2 2 1 0 -1 -2 2 1 0 -1 -2 2 1 0 -1 -2 2 1 0 -1 -2 2 1 0 -1 -2 2 1 0 -1 -2 2 1 0 -1 -2 2 1 0 -1 -2 2 1 0 -1 -2 2 1 0 -1 -2 2 1 0 -1 -2 2 1 0 -1 -2 2 1 0 -1 -2 2 1 0 -1 -2 2 1 0 -1 -2 2 1 0 -1 -2 2 1 0 -1 -2 2 1 0 -1 -2 2 1 0 -1 -2 2 1 0 -1 -2 2 1 0 -1 -2 2 1 0 -1 -2 2 1 0 -1 -2 2 1 0 -1 -2 2 1 0 -1 -2 2 1 0 -1 -2 2 1 0 -1 -2 2 1 0 -1 -2 2 1 0 -1 -2 2 1 0 -1 -2 2 1 0 -1 -2 2 1 0 -1 -2 2 1 0 -1 -2 2 1 0 -1 -2 2 1 0 -1 -2 2 1 0 -1 -2 2 1 0 -1 -2 2 1 0 -1 -2 2 1 0 -1 -2 2 1 0 -1 -2 2 1 0 -1 -2 2 1 0 -1 -2 2 1 0 -1 -2 2 1 0 -1 -2 2 1 0 -1 -2 2 1 0 -1 -2 2 1 0 -1 -2 2 1 0 -1 -2 2 1 0 -1 -2 2 1 0 -1 -2 2 1 0 -1 -2 2 1 0 -1 -2 2 1 0 -1 -2 2 1 0 -1 -2 2 1 0 -1 -2 2 1 0 -1 -2 2 1 0 -1 -2 2 1 0 -1 -2 2 1 0 -1 -2 2 1 0 -1 -2 2 1 0 -1 -2 2 1 0 -1 -2 2 1 0 -1 -2 2 1 0 -1 -2 2 1 0 -1 -2 2 1 0 -1 -2 2 1 0 -1 -2 2 1 0 -1 -2 2 1 0 -1 -2 2 1 0 -1 -2 2 1 0 -1 -2 2 1 0 -1 -2 2 1 0 -1 -2 2 1 0 -1 -2 2 1 0 -1 -2 2 1
2 2 2 2 2 2 2 2 2 2 2 2 2 2 2 2 2 2 2 2 2 2 2 2 2 2 2 2 2 2 2 2 2 2 2 2 2 2 2 2 2 2 2 2 2 2 2 1001 2 2 2 2 2 2 2 2 2 2 2 2 2 2 2 2 2 2 2 2 2 2 2 2 2 2 2 2 2 2 2 2 2 2 2 2 2 2 2 2 2 2 2 2 2 2 2 2 2 2 2 2 2 2 2 2 2 2 2 2 2 2 2 2 2 2 2 2 2 2 2 2 2 2 2 2 2 2 2 2 2 2 2 2 2 2 2 2 2 2 2 2 2 2 2 2 2 2 2 2 2 2 2 2 2 2 2 2 2 2 2 2 2 2 2 2 2 2 2 2 2 2 2 2 2 2 2 2 2 2 2 2 2 2 2 2 2 2 2 2 2 2 2 2 2 2 2 2 2 2 2 2 2 2 2 2 2 2 2 2 2 2 2 2 2 2 2 2 2 2 2 2 2 2 2 2 2 2 2 2 2 2 2 2 2 2 2 2 2 2 2 2 2 2 2 2 2 2 2 2 2 2 2 2 2 2 2 2 2 2 2 2 2 2 2 2 2 2 2 2 2 2 2 2 2 2 2 2 2 2 2 2 2 2 2 2 2 2 2 2 2 2 2 2 2 2 2 2 2 2 2 2 2 2 2 2 2 2 2 2 2 2 2 2 2 2 2 2 2 2 2 2 2 2 2 2 2 2 2 2 2 2 2 2 2 2 2 2 2 2 2 2 2 2 2 2 2 2 2 2 2 2 2 2 2 2 2 2 2 2 2 2 2 2 2 2 2 2 2 2 2 2 2 2 2 2 2 2 2 2 2 2 2 2 2 2 2 2 2 2 2 2 2 2 2 2 2 2 2 2 2 2 2 2 2 2 2 2 2 2 2 2 2 2 2 2 2 2 2 2 2 2 2 2 2 2 2 2 2 2 2 2 2 2 2 2 2 2 2 2 2 2 2 2 2 2 2 2 2 2 2 2 2 2 2 2 2 2 2 2 2 2 2 2 2 2 2 2 2 2 2 2 2 2 2 2 2 2 2 2 2 2 2 2 2 2 2 2 2 2 2 2 2 2 2 2 2 2 2 2 2 2
-1 0 1 2 -2 -1 0 1 2 -2 -1 0 1 2 -2 -1 0 1 2 -2 -1 0 1 2 -2 -1 0 1 2 -2 -1 0 1 2 -2 -1 0 1 2 -2 -1 0 1 2 -2 -1 0 1 601 -2 -1 0 1 2 -2 -1 0 1 2 -2 -1 0 1 2 -2 -1 0 1 2 -2 -1 0 1 2 -2 -1 0 1 2 -2 -1 0 1 2 -2 -1 0 1 2 -2 -1 0 1 2 -2 -1 0 1 2 -2 -1 0 1 2 -2 -1 0 1 2 -2 -1 0 1 2 -2 -1 0 1 2 -2 -1 0 1 2 -2 -1 0 1 2 -2 -1 0 1 2 -2 -1 0 1 2 -2 -1 0 1 2 -2 -1 0 1 2 -2 -1 0 1 2 -2 -1 0 1 2 -2 -1 0 1 2 -2 -1 0 1 2 -2 -1 0 1 2 -2 -1 0 1 2 -2 -1 0 1 2 -2 -1 0 1 2 -2 -1 0 1 2 -2 -1 0 1 2 -2 -1 0 1 2 -2 -1 0 1 2 -2 -1 0 1 2 -2 -1 0 1 2 -2 -1 0 1 2 -2 -1 0 1 2 -2 -1 0 1 2 -2 -1 0 1 2 -2 -1 0 1 2 -2 -1 0 1 2 -2 -1 0 1 2 -2 -1 0 1 2 -2 -1 0 1 2 -2 -1 0 1 2 -2 -1 0 1 2 -2 -1 0 1 2 -2 -1 0 1 2 -2 -1 0 1 2 -2 -1 0 1 2 -2 -1 0 1 2 -2 -1 0 1 2 -2 -1 0 1 2 -2 -1 0 1 2 -2 -1 0 1 2 -2 -1 0 1 2 -2 -1 0 1 2 -2 -1 0 1 2 -2 -1 0 1 2 -2 -1 0 1 2 -2 -1 0 1 2 -2 -1 0 1 2 -2 -1 0 1 2 -2 -1 0 1 2 -2 -1 0 1 2 -2 -1 0 1 2 -2 -1 0 1 2 -2 -1 0 1 2 -2 -1 0 1 2 -2 -1 0 1 2 -2 -1 0 1 2 -2 -1 0 1 2 -2 -1 0 1 2 -2 -1 0 1 2 -2 -1 0 1 2 -2 -1 0 1 2 -2 -1 0 1 2 -2 -1 0 1 2 -2 -1 0 1 2 -2 -1 0 1 2 -2 -1 0 1 2 -2 -1 0 1 2 -2 -1 0 1 2 -2 -1 0 1 2 -2 -1 0 1 2 -2 -1 0 1 2 -2 -1 0 1 2 -2 -1 0 1 2 -2 -1 0 1 2 -2 -1 0 1 2 -2 -1 0 1 2 -2
1 -2 0 2 -1 1 -2 0 2 -1 1 -2 0 2 -1 1 -2 0 2 -1 1 -2 0 2 -1 1 -2 0 2 -1 1 -2 0 2 -1 1 -2 0 2 -1 1 -2 0 2 -1 1 -2 0 2 602 1 -2 0 2 -1 1 -2 0 2 -1 1 -2 0 2 -1 1 -2 0 2 -1 1 -2 0 2 -1 1 -2 0 2 -1 1 -2 0 2 -1 1 -2 0 2 -1 1 -2 0 2 -1 1 -2 0 2 -1 1 -2 0 2 -1 1 -2 0 2 -1 1 -2 0 2 -1 1 -2 0 2 -1 1 -2 0 2 -1 1 -2 0 2 -1 1 -2 0 2 -1 1 -2 0 2 -1 1 -2 0 2 -1 1 -2 0 2 -1 1 -2 0 2 -1 1 -2 0 2 -1 1 -2 0 2 -1 1 -2 0 2 -1 1 -2 0 2 -1 1 -2 0 2 -1 1 -2 0 2 -1 1 -2 0 2 -1 1 -2 0 2 -1 1 -2 0 2 -1 1 -2 0 2 -1 1 -2 0 2 -1 1 -2 0 2 -1 1 -2 0 2 -1 1 -2 0 2 -1 1 -2 0 2 -1 1 -2 0 2 -1 1 -2 0 2 -1 1 -2 0 2 -1 1 -2 0 2 -1 1 -2 0 2 -1 1 -2 0 2 -1 1 -2 0 2 -1 1 -2 0 2 -1 1 -2 0 2 -1 1 -2 0 2 -1 1 -2 0 2 -1 1 -2 0 2 -1 1 -2 0 2 -1 1 -2 0 2 -1 1 -2 0 2 -1 1 -2 0 2 -1 1 -2 0 2 -1 1 -2 0 2 -1 1 -2 0 2 -1 1 -2 0 2 -1 1 -2 0 2 -1 1 -2 0 2 -1 1 -2 0 2 -1 1 -2 0 2 -1 1 -2 0 2 -1 1 -2 0 2 -1 1 -2 0 2 -1 1 -2 0 2 -1 1 -2 0 2 -1 1 -2 0 2 -1 1 -2 0 2 -1 1 -2 0 2 -1 1 -2 0 2 -1 1 -2 0 2 -1 1 -2 0 2 -1 1 -2 0 2 -1 1 -2 0 2 -1 1 -2 0 2 -1 1 -2 0 2 -1 1 -2 0 2 -1 1 -2 0 2 -1 1 -2 0 2 -1 1 -2 0 2 -1 1 -2 0 2 -1 1 -2 0 2 -1 1 -2 0 2 -1 1 -2 0 2 -1 1 -2 0 2 -1 1 -2 0 2 -1 1 -2 0 2 -1 1 -2 0 2 -1 1 -2 0 2 -1 1 -2 0 2 -1 1 -2 0 2 -1
-2 1 -1 2 0 -2 1 -1 2 0 -2 1 -1 2 0 -2 1 -1 2 0 -2 1 -1 2 0 -2 1 -1 2 0 -2 1 -1 2 0 -2 1 -1 2 0 -2 1 -1 2 0 -2 1 -1 2 0 601 1 -1 2 0 -2 1 -1 2 0 -2 1 -1 2 0 -2 1 -1 2 0 -2 1 -1 2 0 -2 1 -1 2 0 -2 1 -1 2 0 -2 1 -1 2 0 -2 1 -1 2 0 -2 1 -1 2 0 -2 1 -1 2 0 -2 1 -1 2 0 -2 1 -1 2 0 -2 1 -1 2 0 -2 1 -1 2 0 -2 1 -1 2 0 -2 1 -1 2 0 -2 1 -1 2 0 -2 1 -1 2 0 -2 1 -1 2 0 -2 1 -1 2 0 -2 1 -1 2 0 -2 1 -1 2 0 -2 1 -1 2 0 -2 1 -1 2 0 -2 1 -1 2 0 -2 1 -1 2 0 -2 1 -1 2 0 -2 1 -1 2 0 -2 1 -1 2 0 -2 1 -1 2 0 -2 1 -1 2 0 -2 1 -1 2 0 -2 1 -1 2 0 -2 1 -1 2 0 -2 1 -1 2 0 -2 1 -1 2 0 -2 1 -1 2 0 -2 1 -1 2 0 -2 1 -1 2 0 -2 1 -1 2 0 -2 1 -1 2 0 -2 1 -1 2 0 -2 1 -1 2 0 -2 1 -1 2 0 -2 1 -1 2 0 -2 1 -1 2 0 -2 1 -1 2 0 -2 1 -1 2 0 -2 1 -1 2 0 -2 1 -1 2 0 -2 1 -1 2 0 -2 1 -1 2 0 -2 1 -1 2 0 -2 1 -1 2 0 -2 1 -1 2 0 -2 1 -1 2 0 -2 1 -1 2 0 -2 1 -1 2 0 -2 1 -1 2 0 -2 1 -1 2 0 -2 1 -1 2 0 -2 1 -1 2 0 -2 1 -1 2 0 -2 1 -1 2 0 -2 1 -1 2 0 -2 1 -1 2 0 -2 1 -1 2 0 -2 1 -1 2 0 -2 1 -1 2 0 -2 1 -1 2 0 -2 1 -1 2 0 -2 1 -1 2 0 -2 1 -1 2 0 -2 1 -1 2 0 -2 1 -1 2 0 -2 1 -1 2 0 -2 1 -1 2 0 -2 1 -1 2 0 -2 1 -1 2 0 -2 1 -1 2 0 -2 1 -1 2 0 -2 1 -1 2 0 -2 1 -1 2 0 -2 1 -1 2 0 -2 1 -1 2 0 -2 1 -1 2 0 -2 1 -1 2 0 -2 1 -1 2 0 -2 1 -1 2 0
0 -1 -2 2 1 0 -1 -2 2 1 0 -1 -2 2 1 0 -1 -2 2 1 0 -1 -2 2 1 0 -1 -2 2 1 0 -1 -2 2 1 0 -1 -2 2 1 0 -1 -2 2 1 0 -1 -2 2 1 0 602 -2 2 1 0 -1 -2 2 1 0 -1 -2 2 1 0 -1 -2 2 1 0 -1 -2 2 1 0 -1 -2 2 1 0 -1 -2 2 1 0 -1 -2 2 1 0 -1 -2 2 1 0 -1 -2 2 1 0 -1 -2 2 1 0 -1 -2 2 1 0 -1 -2 2 1 0 -1 -2 2 1 0 -1 -2 2 1 0 -1 -2 2 1 0 -1 -2 2 1 0 -1 -2 2 1 0 -1 -2 2 1 0 -1 -2 2 1 0 -1 -2 2 1 0 -1 -2 2 1 0 -1 -2 2 1 0 -1 -2 2 1 0 -1 -2 2 1 0 -1 -2 2 1 0 -1 -2 2 1 0 -1 -2 2 1 0 -1 -2 2 1 0 -1 -2 2 1 0 -1 -2 2 1 0 -1 -2 2 1 0 -1 -2 2 1 0 -1 -2 2 1 0 -1 -2 2 1 0 -1 -2 2 1 0 -1 -2 2 1 0 -1 -2 2 1 0 -1 -2 2 1 0 -1 -2 2 1 0 -1 -2 2 1 0 -1 -2 2 1 0 -1 -2 2 1 0 -1 -2 2 1 0 -1 -2 2 1 0 -1 -2 2 1 0 -1 -2 2 1 0 -1 -2 2 1 0 -1 -2 2 1 0 -1 -2 2 1 0 -1 -2 2 1 0 -1 -2 2 1 0 -1 -2 2 1 0 -1 -2 2 1 0 -1 -2 2 1 0 -1 -2 2 1 0 -1 -2 2 1 0 -1 -2 2 1 0 -1 -2 2 1 0 -1 -2 2 1 0 -1 -2 2 1 0 -1 -2 2 1 0 -1 -2 2 1 0 -1 -2 2 1 0 -1 -2 2 1 0 -1 -2 2 1 0 -1 -2 2 1 0 -1 -2 2 1 0 -1 -2 2 1 0 -1 -2 2 1 0 -1 -2 2 1 0 -1 -2 2 1 0 -1 -2 2 1 0 -1 -2 2 1 0 -1 -2 2 1 0 -1 -2 2 1 0 -1 -2 2 1 0 -1 -2 2 1 0 -1 -2 2 1 0 -1 -2 2 1 0 -1 -2 2 1 0 -1 -2 2 1 0 -1 -2 2 1 0 -1 -2 2 1 0 -1 -2 2 1 0 -1 -2 2 1 0 -1 -2 2 1 0 -1 -2 2 1 0 -1 -2 2 1 0 -1 -2 2 1
2 2 2 2 2 2 2 2 2 2 2 2 2 2 2 2 2 2 2 2 2 2 2 2 2 2 2 2 2 2 2 2 2 2 2 2 2 2 2 2 2 2 2 2 2 2 2 2 2 2 2 2 1001 2 2 2 2 2 2 2 2 2 2 2 2 2 2 2 2 2 2 2 2 2 2 2 2 2 2 2 2 2 2 2 2 2 2 2 2 2 2 2 2 2 2 2 2 2 2 2 2 2 2 2 2 2 2 2 2 2 2 2 2 2 2 2 2 2 2 2 2 2 2 2 2 2 2 2 2 2 2 2 2 2 2 2 2 2 2 2 2 2 2 2 2 2 2 2 2 2 2 2 2 2 2 2 2 2 2 2 2 2 2 2 2 2 2 2 2 2 2 2 2 2 2 2 2 2 2 2 2 2 2 2 2 2 2 2 2 2 2 2 2 2 2 2 2 2 2 2 2 2 2 2 2 2 2 2 2 2 2 2 2 2 2 2 2 2 2 2 2 2 2 2 2 2 2 2 2 2 2 2 2 2 2 2 2 2 2 2 2 2 2 2 2 2 2 2 2 2 2 2 2 2 2 2 2 2 2 2 2 2 2 2 2 2 2 2 2 2 2 2 2 2 2 2 2 2 2 2 2 2 2 2 2 2 2 2 2 2 2 2 2 2 2 2 2 2 2 2 2 2 2 2 2 2 2 2 2 2 2 2 2 2 2 2 2 2 2 2 2 2 2 2 2 2 2 2 2 2 2 2 2 2 2 2 2 2 2 2 2 2 2 2 2 2 2 2 2 2 2 2 2 2 2 2 2 2 2 2 2 2 2 2 2 2 2 2 2 2 2 2 2 2 2 2 2 2 2 2 2 2 2 2 2 2 2 2 2 2 2 2 2 2 2 2 2 2 2 2 2 2 2 2 2 2 2 2 2 2 2 2 2 2 2 2 2 2 2 2 2 2 2 2 2 2 2 2 2 2 2 2 2 2 2 2 2 2 2 2 2 2 2 2 2 2 2 2 2 2 2 2 2 2 2 2 2 2 2 2 2 2 2 2 2 2 2 2 2 2 2 2 2 2 2 2 2 2 2 2 2 2 2 2 2 2 2 2 2 2 2 2 2 2 2 2 2 2 2 2
-1 0 1 2 -2 -1 0 1 2 -2 -1 0 1 2 -2 -1 0 1 2 -2 -1 0 1 2 -2 -1 0 1 2 -2 -1 0 1 2 -2 -1 0 1 2 -2 -1 0 1 2 -2 -1 0 1 2 -2 -1 0 1 601 -2 -1 0 1 2 -2 -1 0 1 2 -2 -1 0 1 2 -2 -1 0 1 2 -2 -1 0 1 2 -2 -1 0 1 2 -2 -1 0 1 2 -2 -1 0 1 2 -2 -1 0 1 2 -2 -1 0 1 2 -2 -1 0 1 2 -2 -1 0 1 2 -2 -1 0 1 2 -2 -1 0 1 2 -2 -1 0 1 2 -2 -1 0 1 2 -2 -1 0 1 2 -2 -1 0 1 2 -2 -1 0 1 2 -2 -1 0 1 2 -2 -1 0 1 2 -2 -1 0 1 2 -2 -1 0 1 2 -2 -1 0 1 2 -2 -1 0 1 2 -2 -1 0 1 2 -2 -1 0 1 2 -2 -1 0 1 2 -2 -1 0 1 2 -2 -1 0 1 2 -2 -1 0 1 2 -2 -1 0 1 2 -2 -1 0 1 2 -2 -1 0 1 2 -2 -1 0 1 2 -2 -1 0 1 2 -2 -1 0 1 2 -2 -1 0 1 2 -2 -1 0 1 2 -2 -1 0 1 2 -2 -1 0 1 2 -2 -1 0 1 2 -2 -1 0 1 2 -2 -1 0 1 2 -2 -1 0 1 2 -2 -1 0 1 2 -2 -1 0 1 2 -2 -1 0 1 2 -2 -1 0 1 2 -2 -1 0 1 2 -2 -1 0 1 2 -2 -1 0 1 2 -2 -1 0 1 2 -2 -1 0 1 2 -2 -1 0 1 2 -2 -1 0 1 2 -2 -1 0 1 2 -2 -1 0 1 2 -2 -1 0 1 2 -2 -1 0 1 2 -2 -1 0 1 2 -2 -1 0 1 2 -2 -1 0 1 2 -2 -1 0 1 2 -2 -1 0 1 2 -2 -1 0 1 2 -2 -1 0 1 2 -2 -1 0 1 2 -2 -1 0 1 2 -2 -1 0 1 2 -2 -1 0 1 2 -2 -1 0 1 2 -2 -1 0 1 2 -2 -1 0 1 2 -2 -1 0 1 2 -2 -1 0 1 2 -2 -1 0 1 2 -2 -1 0 1 2 -2 -1 0 1 2 -2 -1 0 1 2 -2 -1 0 1 2 -2 -1 0 1 2 -2 -1 0 1 2 -2 -1 0 1 2 -2 -1 0 1 2 -2 -1 0 1 2 -2 -1 0 1 2 -2 -1 0 1 2 -2 -1 0 1 2 -2
1 -2 0 2 -1 1 -2 0 2 -1 1 -2 0 2 -1 1 -2 0 2 -1 1 -2 0 2 -1 1 -2 0 2 -1 1 -2 0 2 -1 1 -2 0 2 -1 1 -2 0 2 -1 1 -2 0 2 -1 1 -2 0 2 602 1 -2 0 2 -1 1 -2 0 2 -1 1 -2 0 2 -1 1 -2 0 2 -1 1 -2 0 2 -1 1 -2 0 2 -1 1 -2 0 2 -1 1 -2 0 2 -1 1 -2 0 2 -1 1 -2 0 2 -1 1 -2 0 2 -1 1 -2 0 2 -1 1 -2 0 2 -1 1 -2 0 2 -1 1 -2 0 2 -1 1 -2 0 2 -1 1 -2 0 2 -1 1 -2 0 2 -1 1 -2 0 2 -1 1 -2 0 2 -1 1 -2 0 2 -1 1 -2 0 2 -1 1 -2 0 2 -1 1 -2 0 2 -1 1 -2 0 2 -1 1 -2 0 2 -1 1 -2 0 2 -1 1 -2 0 2 -1 1 -2 0 2 -1 1 -2 0 2 -1 1 -2 0 2 -1 1 -2 0 2 -1 1 -2 0 2 -1 1 -2 0 2 -1 1 -2 0 2 -1 1 -2 0 2 -1 1 -2 0 2 -1 1 -2 0 2 -1 1 -2 0 2 -1 1 -2 0 2 -1 1 -2 0 2 -1 1 -2 0 2 -1 1 -2 0 2 -1 1 -2 0 2 -1 1 -2 0 2 -1 1 -2 0 2 -1 1 -2 0 2 -1 1 -2 0 2 -1 1 -2 0 2 -1 1 -2 0 2 -1 1 -2 0 2 -1 1 -2 0 2 -1 1 -2 0 2 -1 1 -2 0 2 -1 1 -2 0 2 -1 1 -2 0 2 -1 1 -2 0 2 -1 1 -2 0 2 -1 1 -2 0 2 -1 1 -2 0 2 -1 1 -2 0 2 -1 1 -2 0 2 -1 1 -2 0 2 -1 1 -2 0 2 -1 1 -2 0 2 -1 1 -2 0 2 -1 1 -2 0 2 -1 1 -2 0 2 -1 1 -2 0 2 -1 1 -2 0 2 -1 1 -2 0 2 -1 1 -2 0 2 -1 1 -2 0 2 -1 1 -2 0 2 -1 1 -2 0 2 -1 1 -2 0 2 -1 1 -2 0 2 -1 1 -2 0 2 -1 1 -2 0 2 -1 1 -2 0 2 -1 1 -2 0 2 -1 1 -2 0 2 -1 1 -2 0 2 -1 1 -2 0 2 -1 1 -2 0 2 -1 1 -2 0 2 -1 1 -2 0 2 -1 1 -2 0 2 -1 1 -2 0 2 -1
-2 1 -1 2 0 -2 1 -1 2 0 -2 1 -1 2 0 -2 1 -1 2 0 -2 1 -1 2 0 -2 1 -1 2 0 -2 1 -1 2 0 -2 1 -1 2 0 -2 1 -1 2 0 -2 1 -1 2 0 -2 1 -1 2 0 601 1 -1 2 0 -2 1 -1 2 0 -2 1 -1 2 0 -2 1 -1 2 0 -2 1 -1 2 0 -2 1 -1 2 0 -2 1 -1 2 0 -2 1 -1 2 0 -2 1 -1 2 0 -2 1 -1 2 0 -2 1 -1 2 0 -2 1 -1 2 0 -2 1 -1 2 0 -2 1 -1 2 0 -2 1 -1 2 0 -2 1 -1 2 0 -2 1 -1 2 0 -2 1 -1 2 0 -2 1 -1 2 0 -2 1 -1 2 0 -2 1 -1 2 0 -2 1 -1 2 0 -2 1 -1 2 0 -2 1 -1 2 0 -2 1 -1 2 0 -2 1 -1 2 0 -2 1 -1 2 0 -2 1 -1 2 0 -2 1 -1 2 0 -2 1 -1 2 0 -2 1 -1 2 0 -2 1 -1 2 0 -2 1 -1 2 0 -2 1 -1 2 0 -2 1 -1 2 0 -2 1 -1 2 0 -2 1 -1 2 0 -2 1 -1 2 0 -2 1 -1 2 0 -2 1 -1 2 0 -2 1 -1 2 0 -2 1 -1 2 0 -2 1 -1 2 0 -2 1 -1 2 0 -2 1 -1 2 0 -2 1 -1 2 0 -2 1 -1 2 0 -2 1 -1 2 0 -2 1 -1 2 0 -2 1 -1 2 0 -2 1 -1 2 0 -2 1 -1 2 0 -2 1 -1 2 0 -2 1 -1 2 0 -2 1 -1 2 0 -2 1 -1 2 0 -2 1 -1 2 0 -2 1 -1 2 0 -2 1 -1 2 0 -2 1 -1 2 0 -2 1 -1 2 0 -2 1 -1 2 0 -2 1 -1 2 0 -2 1 -1 2 0 -2 1 -1 2 0 -2 1 -1 2 0 -2 1 -1 2 0 -2 1 -1 2 0 -2 1 -1 2 0 -2 1 -1 2 0 -2 1 -1 2 0 -2 1 -1 2 0 -2 1 -1 2 0 -2 1 -1 2 0 -2 1 -1 2 0 -2 1 -1 2 0 -2 1 -1 2 0 -2 1 -1 2 0 -2 1 -1 2 0 -2 1 -1 2 0 -2 1 -1 2 0 -2 1 -1 2 0 -2 1 -1 2 0 -2 1 -1 2 0 -2 1 -1 2 0 -2 1 -1 2 0 -2 1 -1 2 0 -2 1 -1 2 0 -2 1 -1 2 0
0 -1 -2 2 1 0 -1 -2 2 1 0 -1 -2 2 1 0 -1 -2 2 1 0 -1 -2 2 1 0 -1 -2 2 1 0 -1 -2 2 1 0 -1 -2 2 1 0 -1 -2 2 1 0 -1 -2 2 1 0 -1 -2 2 1 0 602 -2 2 1 0 -1 -2 2 1 0 -1 -2 2 1 0 -1 -2 2 1 0 -1 -2 2 1 0 -1 -2 2 1 0 -1 -2 2 1 0 -1 -2 2 1 0 -1 -2 2 1 0 -1 -2 2 1 0 -1 -2 2 1 0 -1 -2 2 1 0 -1 -2 2 1 0 -1 -2 2 1 0 -1 -2 2 1 0 -1 -2 2 1 0 -1 -2 2 1 0 -1 -2 2 1 0 -1 -2 2 1 0 -1 -2 2 1 0 -1 -2 2 1 0 -1 -2 2 1 0 -1 -2 2 1 0 -1 -2 2 1 0 -1 -2 2 1 0 -1 -2 2 1 0 -1 -2 2 1 0 -1 -2 2 1 0 -1 -2 2 1 0 -1 -2 2 1 0 -1 -2 2 1 0 -1 -2 2 1 0 -1 -2 2 1 0 -1 -2 2 1 0 -1 -2 2 1 0 -1 -2 2 1 0 -1 -2 2 1 0 -1 -2 2 1 0 -1 -2 2 1 0 -1 -2 2 1 0 -1 -2 2 1 0 -1 -2 2 1 0 -1 -2 2 1 0 -1 -2 2 1 0 -1 -2 2 1 0 -1 -2 2 1 0 -1 -2 2 1 0 -1 -2 2 1 0 -1 -2 2 1 0 -1 -2 2 1 0 -1 -2 2 1 0 -1 -2 2 1 0 -1 -2 2 1 0 -1 -2 2 1 0 -1 -2 2 1 0 -1 -2 2 1 0 -1 -2 2 1 0 -1 -2 2 1 0 -1 -2 2 1 0 -1 -2 2 1 0 -1 -2 2 1 0 -1 -2 2 1 0 -1 -2 2 1 0 -1 -2 2 1 0 -1 -2 2 1 0 -1 -2 2 1 0 -1 -2 2 1 0 -1 -2 2 1 0 -1 -2 2 1 0 -1 -2 2 1 0 -1 -2 2 1 0 -1 -2 2 1 0 -1 -2 2 1 0 -1 -2 2 1 0 -1 -2 2 1 0 -1 -2 2 1 0 -1 -2 2 1 0 -1 -2 2 1 0 -1 -2 2 1 0 -1 -2 2 1 0 -1 -2 2 1 0 -1 -2 2 1 0 -1 -2 2 1 0 -1 -2 2 1 0 -1 -2 2 1 0 -1 -2 2 1 0 -1 -2 2 1 0 -1 -2 2 1 0 -1 -2 2 1
2 2 2 2 2 2 2 2 2 2 2 2 2 2 2 2 2 2 2 2 2 2 2 2 2 2 2 2 2 2 2 2 2 2 2 2 2 2 2 2 2 2 2 2 2 2 2 2 2 2 2 2 2 2 2 2 2 1001 2 2 2 2 2 2 2 2 2 2 2 2 2 2 2 2 2 2 2 2 2 2 2 2 2 2 2 2 2 2 2 2 2 2 2 2 2 2 2 2 2 2 2 2 2 2 2 2 2 2 2 2 2 2 2 2 2 2 2 2 2 2 2 2 2 2 2 2 2 2 2 2 2 2 2 2 2 2 2 2 2 2 2 2 2 2 2 2 2 2 2 2 2 2 2 2 2 2 2 2 2 2 2 2 2 2 2 2 2 2 2 2 2 2 2 2 2 2 2 2 2 2 2 2 2 2 2 2 2 2 2 2 2 2 2 2 2 2 2 2 2 2 2 2 2 2 2 2 2 2 2 2 2 2 2 2 2 2 2 2 2 2 2 2 2 2 2 2 2 2 2 2 2 2 2 2 2 2 2 2 2 2 2 2 2 2 2 2 2 2 2 2 2 2 2 2 2 2 2 2 2 2 2 2 2 2 2 2 2 2 2 2 2 2 2 2 2 2 2 2 2 2 2 2 2 2 2 2 2 2 2 2 2 2 2 2 2 2 2 2 2 2 2 2 2 2 2 2 2 2 2 2 2 2 2 2 2 2 2 2 2 2 2 2 2 2 2 2 2 2 2 2 2 2 2 2 2 2 2 2 2 2 2 2 2 2 2 2 2 2 2 2 2 2 2 2 2 2 2 2 2 2 2 2 2 2 2 2 2 2 2 2 2 2 2 2 2 2 2 2 2 2 2 2 2 2 2 2 2 2 2 2 2 2 2 2 2 2 2 2 2 2 2 2 2 2 2 2 2 2 2 2 2 2 2 2 2 2 2 2 2 2 2 2 2 2 2 2 2 2 2 2 2 2 2 2 2 2 2 2 2 2 2 2 2 2 2 2 2 2 2 2 2 2 2 2 2 2 2 2 2 2 2 2 2 2 2 2 2 2 2 2 2 2 2 2 2 2 2 2 2 2 2 2 2 2 2 2 2 2 2 2 2 2 2 2 2 2 2 2 2 2
-1 0 1 2 -2 -1 0 1 2 -2 -1 0 1 2 -2 -1 0 1 2 -2 -1 0 1 2 -2 -1 0 1 2 -2 -1 0 1 2 -2 -1 0 1 2 -2 -1 0 1 2 -2 -1 0 1 2 -2 -1 0 1 2 -2 -1 0 1 601 -2 -1 0 1 2 -2 -1 0 1 2 -2 -1 0 1 2 -2 -1 0 1 2 -2 -1 0 1 2 -2 -1 0 1 2 -2 -1 0 1 2 -2 -1 0 1 2 -2 -1 0 1 2 -2 -1 0 1 2 -2 -1 0 1 2 -2 -1 0 1 2 -2 -1 0 1 2 -2 -1 0 1 2 -2 -1 0 1 2 -2 -1 0 1 2 -2 -1 0 1 2 -2 -1 0 1 2 -2 -1 0 1 2 -2 -1 0 1 2 -2 -1 0 1 2 -2 -1 0 1 2 -2 -1 0 1 2 -2 -1 0 1 2 -2 -1 0 1 2 -2 -1 0 1 2 -2 -1 0 1 2 -2 -1 0 1 2 -2 -1 0 1 2 -2 -1 0 1 2 -2 -1 0 1 2 -2 -1 0 1 2 -2 -1 0 1 2 -2 -1 0 1 2 -2 -1 0 1 2 -2 -1 0 1 2 -2 -1 0 1 2 -2 -1 0 1 2 -2 -1 0 1 2 -2 -1 0 1 2 -2 -1 0 1 2 -2 -1 0 1 2 -2 -1 0 1 2 -2 -1 0 1 2 -2 -1 0 1 2 -2 -1 0 1 2 -2 -1 0 1 2 -2 -1 0 1 2 -2 -1 0 1 2 -2 -1 0 1 2 -2 -1 0 1 2 -2 -1 0 1 2 -2 -1 0 1 2 -2 -1 0 1 2 -2 -1 0 1 2 -2 -1 0 1 2 -2 -1 0 1 2 -2 -1 0 1 2 -2 -1 0 1 2 -2 -1 0 1 2 -2 -1 0 1 2 -2 -1 0 1 2 -2 -1 0 1 2 -2 -1 0 1 2 -2 -1 0 1 2 -2 -1 0 1 2 -2 -1 0 1 2 -2 -1 0 1 2 -2 -1 0 1 2 -2 -1 0 1 2 -2 -1 0 1 2 -2 -1 0 1 2 -2 -1 0 1 2 -2 -1 0 1 2 -2 -1 0 1 2 -2 -1 0 1 2 -2 -1 0 1 2 -2 -1 0 1 2 -2 -1 0 1 2 -2 -1 0 1 2 -2 -1 0 1 2 -2 -1 0 1 2 -2 -1 0 1 2 -2 -1 0 1 2 -2 -1 0 1 2 -2 -1 0 1 2 -2 -1 0 1 2 -2 -1 0 1 2 -2
1 -2 0 2 -1 1 -2 0 2 -1 1 -2 0 2 -1 1 -2 0 2 -1 1 -2 0 2 -1 1 -2 0 2 -1 1 -2 0 2 -1 1 -2 0 2 -1 1 -2 0 2 -1 1 -2 0 2 -1 1 -2 0 2 -1 1 -2 0 2 602 1 -2 0 2 -1 1 -2 0 2 -1 1 -2 0 2 -1 1 -2 0 2 -1 1 -2 0 2 -1 1 -2 0 2 -1 1 -2 0 2 -1 1 -2 0 2 -1 1 -2 0 2 -1 1 -2 0 2 -1 1 -2 0 2 -1 1 -2 0 2 -1 1 -2 0 2 -1 1 -2 0 2 -1 1 -2 0 2 -1 1 -2 0 2 -1 1 -2 0 2 -1 1 -2 0 2 -1 1 -2 0 2 -1 1 -2 0 2 -1 1 -2 0 2 -1 1 -2 0 2 -1 1 -2 0 2 -1 1 -2 0 2 -1 1 -2 0 2 -1 1 -2 0 2 -1 1 -2 0 2 -1 1 -2 0 2 -1 1 -2 0 2 -1 1 -2 0 2 -1 1 -2 0 2 -1 1 -2 0 2 -1 1 -2 0 2 -1 1 -2 0 2 -1 1 -2 0 2 -1 1 -2 0 2 -1 1 -2 0 2 -1 1 -2 0 2 -1 1 -2 0 2 -1 1 -2 0 2 -1 1 -2 0 2 -1 1 -2 0 2 -1 1 -2 0 2 -1 1 -2 0 2 -1 1 -2 0 2 -1 1 -2 0 2 -1 1 -2 0 2 -1 1 -2 0 2 -1 1 -2 0 2 -1 1 -2 0 2 -1 1 -2 0 2 -1 1 -2 0 2 -1 1 -2 0 2 -1 1 -2 0 2 -1 1 -2 0 2 -1 1 -2 0 2 -1 1 -2 0 2 -1 1 -2 0 2 -1 1 -2 0 2 -1 1 -2 0 2 -1 1 -2 0 2 -1 1 -2 0 2 -1 1 -2 0 2 -1 1 -2 0 2 -1 1 -2 0 2 -1 1 -2 0 2 -1 1 -2 0 2 -1 1 -2 0 2 -1 1 -2 0 2 -1 1 -2 0 2 -1 1 -2 0 2 -1 1 -2 0 2 -1 1 -2 0 2 -1 1 -2 0 2 -1 1 -2 0 2 -1 1 -2 0 2 -1 1 -2 0 2 -1 1 -2 0 2 -1 1 -2 0 2 -1 1 -2 0 2 -1 1 -2 0 2 -1 1 -2 0 2 -1 1 -2 0 2 -1 1 -2 0 2 -1 1 -2 0 2 -1 1 -2 0 2 -1 1 -2 0 2 -1 1 -2 0 2 -1
-2 1 -1 2 0 -2 1 -1 2 0 -2 1 -1 2 0 -2 1 -1 2 0 -2 1 -1 2 0 -2 1 -1 2 0 -2 1 -1 2 0 -2 1 -1 2 0 -2 1 -1 2 0 -2 1 -1 2 0 -2 1 -1 2 0 -2 1 -1 2 0 601 1 -1 2 0 -2 1 -1 2 0 -2 1 -1 2 0 -2 1 -1 2 0 -2 1 -1 2 0 -2 1 -1 2 0 -2 1 -1 2 0 -2 1 -1 2 0 -2 1 -1 2 0 -2 1 -1 2 0 -2 1 -1 2 0 -2 1 -1 2 0 -2 1 -1 2 0 -2 1 -1 2 0 -2 1 -1 2 0 -2 1 -1 2 0 -2 1 -1 2 0 -2 1 -1 2 0 -2 1 -1 2 0 -2 1 -1 2 0 -2 1 -1 2 0 -2 1 -1 2 0 -2 1 -1 2 0 -2 1 -1 2 0 -2 1 -1 2 0 -2 1 -1 2 0 -2 1 -1 2 0 -2 1 -1 2 0 -2 1 -1 2 0 -2 1 -1 2 0 -2 1 -1 2 0 -2 1 -1 2 0 -2 1 -1 2 0 -2 1 -1 2 0 -2 1 -1 2 0 -2 1 -1 2 0 -2 1 -1 2 0 -2 1 -1 2 0 -2 1 -1 2 0 -2 1 -1 2 0 -2 1 -1 2 0 -2 1 -1 2 0 -2 1 -1 2 0 -2 1 -1 2 0 -2 1 -1 2 0 -2 1 -1 2 0 -2 1 -1 2 0 -2 1 -1 2 0 -2 1 -1 2 0 -2 1 -1 2 0 -2 1 -1 2 0 -2 1 -1 2 0 -2 1 -1 2 0 -2 1 -1 2 0 -2 1 -1 2 0 -2 1 -1 2 0 -2 1 -1 2 0 -2 1 -1 2 0 -2 1 -1 2 0 -2 1 -1 2 0 -2 1 -1 2 0 -2 1 -1 2 0 -2 1 -1 2 0 -2 1 -1 2 0 -2 1 -1 2 0 -2 1 -1 2 0 -2 1 -1 2 0 -2 1 -1 2 0 -2 1 -1 2 0 -2 1 -1 2 0 -2 1 -1 2 0 -2 1 -1 2 0 -2 1 -1 2 0 -2 1 -1 2 0 -2 1 -1 2 0 -2 1 -1 2 0 -2 1 -1 2 0 -2 1 -1 2 0 -2 1 -1 2 0 -2 1 -1 2 0 -2 1 -1 2 0 -2 1 -1 2 0 -2 1 -1 2 0 -2 1 -1 2 0 -2 1 -1 2 0 -2 1 -1 2 0 -2 1 -1 2 0 -2 1 -1 2 0
0 -1 -2 2 1 0 -1 -2 2 1 0 -1 -2 2 1 0 -1 -2 2 1 0 -1 -2 2 1 0 -1 -2 2 1 0 -1 -2 2 1 0 -1 -2 2 1 0 -1 -2 2 1 0 -1 -2 2 1 0 -1 -2 2 1 0 -1 -2 2 1 0 602 -2 2 1 0 -1 -2 2 1 0 -1 -2 2 1 0 -1 -2 2 1 0 -1 -2 2 1 0 -1 -2 2 1 0 -1 -2 2 1 0 -1 -2 2 1 0 -1 -2 2 1 0 -1 -2 2 1 0 -1 -2 2 1 0 -1 -2 2 1 0 -1 -2 2 1 0 -1 -2 2 1 0 -1 -2 2 1 0 -1 -2 2 1 0 -1 -2 2 1 0 -1 -2 2 1 0 -1 -2 2 1 0 -1 -2 2 1 0 -1 -2 2 1 0 -1 -2 2 1 0 -1 -2 2 1 0 -1 -2 2 1 0 -1 -2 2 1 0 -1 -2 2 1 0 -1 -2 2 1 0 -1 -2 2 1 0 -1 -2 2 1 0 -1 -2 2 1 0 -1 -2 2 1 0 -1 -2 2 1 0 -1 -2 2 1 0 -1 -2 2 1 0 -1 -2 2 1 0 -1 -2 2 1 0 -1 -2 2 1 0 -1 -2 2 1 0 -1 -2 2 1 0 -1 -2 2 1 0 -1 -2 2 1 0 -1 -2 2 1 0 -1 -2 2 1 0 -1 -2 2 1 0 -1 -2 2 1 0 -1 -2 2 1 0 -1 -2 2 1 0 -1 -2 2 1 0 -1 -2 2 1 0 -1 -2 2 1 0 -1 -2 2 1 0 -1 -2 2 1 0 -1 -2 2 1 0 -1 -2 2 1 0 -1 -2 2 1 0 -1 -2 2 1 0 -1 -2 2 1 0 -1 -2 2 1 0 -1 -2 2 1 0 -1 -2 2 1 0 -1 -2 2 1 0 -1 -2 2 1 0 -1 -2 2 1 0 -1 -2 2 1 0 -1 -2 2 1 0 -1 -2 2 1 0 -1 -2 2 1 0 -1 -2 2 1 0 -1 -2 2 1 0 -1 -2 2 1 0 -1 -2 2 1 0 -1 -2 2 1 0 -1 -2 2 1 0 -1 -2 2 1 0 -1 -2 2 1 0 -1 -2 2 1 0 -1 -2 2 1 0 -1 -2 2 1 0 -1 -2 2 1 0 -1 -2 2 1 0 -1 -2 2 1 0 -1 -2 2 1 0 -1 -2 2 1 0 -1 -2 2 1 0 -1 -2 2 1 0 -1 -2 2 1 0 -1 -2 2 1 0 -1 -2 2 1
2 2 2 2 2 2 2 2 2 2 2 2 2 2 2 2 2 2 2 2 2 2 2 2 2 2 2 2 2 2 2 2 2 2 2 2 2 2 2 2 2 2 2 2 2 2 2 2 2 2 2 2 2 2 2 2 2 2 2 2 2 2 1001 2 2 2 2 2 2 2 2 2 2 2 2 2 2 2 2 2 2 2 2 2 2 2 2 2 2 2 2 2 2 2 2 2 2 2 2 2 2 2 2 2 2 2 2 2 2 2 2 2 2 2 2 2 2 2 2 2 2 2 2 2 2 2 2 2 2 2 2 2 2 2 2 2 2 2 2 2 2 2 2 2 2 2 2 2 2 2 2 2 2 2 2 2 2 2 2 2 2 2 2 2 2 2 2 2 2 2 2 2 2 2 2 2 2 2 2 2 2 2 2 2 2 2 2 2 2 2 2 2 2 2 2 2 2 2 2 2 2 2 2 2 2 2 2 2 2 2 2 2 2 2 2 2 2 2 2 2 2 2 2 2 2 2 2 2 2 2 2 2 2 2 2 2 2 2 2 2 2 2 2 2 2 2 2 2 2 2 2 2 2 2 2 2 2 2 2 2 2 2 2 2 2 2 2 2 2 2 2 2 2 2 2 2 2 2 2 2 2 2 2 2 2 2 2 2 2 2 2 2 2 2 2 2 2 2 2 2 2 2 2 2 2 2 2 2 2 2 2 2 2 2 2 2 2 2 2 2 2 2 2 2 2 2 2 2 2 2 2 2 2 2 2 2 2 2 2 2 2 2 2 2 2 2 2 2 2 2 2 2 2 2 2 2 2 2 2 2 2 2 2 2 2 2 2 2 2 2 2 2 2 2 2 2 2 2 2 2 2 2 2 2 2 2 2 2 2 2 2 2 2 2 2 2 2 2 2 2 2 2 2 2 2 2 2 2 2 2 2 2 2 2 2 2 2 2 2 2 2 2 2 2 2 2 2 2 2 2 2 2 2 2 2 2 2 2 2 2 2 2 2 2 2 2 2 2 2 2 2 2 2 2 2 2 2 2 2 2 2 2 2 2 2 2 2 2 2 2 2 2 2 2 2 2 2 2 2 2 2 2 2 2 2 2 2 2 2 2 2 2 2 2 2 2 2 2 2 2
-1 0 1 2 -2 -1 0 1 2 -2 -1 0 1 2 -2 -1 0 1 2 -2 -1 0 1 2 -2 -1 0 1 2 -2 -1 0 1 2 -2 -1 0 1 2 -2 -1 0 1 2 -2 -1 0 1 2 -2 -1 0 1 2 -2 -1 0 1 2 -2 -1 0 1 601 -2 -1 0 1 2 -2 -1 0 1 2 -2 -1 0 1 2 -2 -1 0 1 2 -2 -1 0 1 2 -2 -1 0 1 2 -2 -1 0 1 2 -2 -1 0 1 2 -2 -1 0 1 2 -2 -1 0 1 2 -2 -1 0 1 2 -2 -1 0 1 2 -2 -1 0 1 2 -2 -1 0 1 2 -2 -1 0 1 2 -2 -1 0 1 2 -2 -1 0 1 2 -2 -1 0 1 2 -2 -1 0 1 2 -2 -1 0 1 2 -2 -1 0 1 2 -2 -1 0 1 2 -2 -1 0 1 2 -2 -1 0 1 2 -2 -1 0 1 2 -2 -1 0 1 2 -2 -1 0 1 2 -2 -1 0 1 2 -2 -1 0 1 2 -2 -1 0 1 2 -2 -1 0 1 2 -2 -1 0 1 2 -2 -1 0 1 2 -2 -1 0 1 2 -2 -1 0 1 2 -2 -1 0 1 2 -2 -1 0 1 2 -2 -1 0 1 2 -2 -1 0 1 2 -2 -1 0 1 2 -2 -1 0 1 2 -2 -1 0 1 2 -2 -1 0 1 2 -2 -1 0 1 2 -2 -1 0 1 2 -2 -1 0 1 2 -2 -1 0 1 2 -2 -1 0 1 2 -2 -1 0 1 2 -2 -1 0 1 2 -2 -1 0 1 2 -2 -1 0 1 2 -2 -1 0 1 2 -2 -1 0 1 2 -2 -1 0 1 2 -2 -1 0 1 2 -2 -1 0 1 2 -2 -1 0 1 2 -2 -1 0 1 2 -2 -1 0 1 2 -2 -1 0 1 2 -2 -1 0 1 2 -2 -1 0 1 2 -2 -1 0 1 2 -2 -1 0 1 2 -2 -1 0 1 2 -2 -1 0 1 2 -2 -1 0 1 2 -2 -1 0 1 2 -2 -1 0 1 2 -2 -1 0 1 2 -2 -1 0 1 2 -2 -1 0 1 2 -2 -1 0 1 2 -2 -1 0 1 2 -2 -1 0 1 2 -2 -1 0 1 2 -2 -1 0 1 2 -2 -1 0 1 2 -2 -1 0 1 2 -2 -1 0 1 2 -2 -1 0 1 2 -2 -1 0 1 2 -2 -1 0 1 2 -2 -1 0 1 2 -2 -1 0 1 2 -2 -1 0 1 2 -2
1 -2 0 2 -1 1 -2 0 2 -1 1 -2 0 2 -1 1 -2 0 2 -1 1 -2 0 2 -1 1 -2 0 2 -1 1 -2 0 2 -1 1 -2 0 2 -1 1 -2 0 2 -1 1 -2 0 2 -1 1 -2 0 2 -1 1 -2 0 2 -1 1 -2 0 2 602 1 -2 0 2 -1 1 -2 0 2 -1 1 -2 0 2 -1 1 -2 0 2 -1 1 -2 0 2 -1 1 -2 0 2 -1 1 -2 0 2 -1 1 -2 0 2 -1 1 -2 0 2 -1 1 -2 0 2 -1 1 -2 0 2 -1 1 -2 0 2 -1 1 -2 0 2 -1 1 -2 0 2 -1 1 -2 0 2 -1 1 -2 0 2 -1 1 -2 0 2 -1 1 -2 0 2 -1 1 -2 0 2 -1 1 -2 0 2 -1 1 -2 0 2 -1 1 -2 0 2 -1 1 -2 0 2 -1 1 -2 0 2 -1 1 -2 0 2 -1 1 -2 0 2 -1 1 -2 0 2 -1 1 -2 0 2 -1 1 -2 0 2 -1 1 -2 0 2 -1 1 -2 0 2 -1 1 -2 0 2 -1 1 -2 0 2 -1 1 -2 0 2 -1 1 -2 0 2 -1 1 -2 0 2 -1 1 -2 0 2 -1 1 -2 0 2 -1 1 -2 0 2 -1 1 -2 0 2 -1 1 -2 0 2 -1 1 -2 0 2 -1 1 -2 0 2 -1 1 -2 0 2 -1 1 -2 0 2 -1 1 -2 0 2 -1 1 -2 0 2 -1 1 -2 0 2 -1 1 -2 0 2 -1 1 -2 0 2 -1 1 -2 0 2 -1 1 -2 0 2 -1 1 -2 0 2 -1 1 -2 0 2 -1 1 -2 0 2 -1 1 -2 0 2 -1 1 -2 0 2 -1 1 -2 0 2 -1 1 -2 0 2 -1 1 -2 0 2 -1 1 -2 0 2 -1 1 -2 0 2 -1 1 -2 0 2 -1 1 -2 0 2 -1 1 -2 0 2 -1 1 -2 0 2 -1 1 -2 0 2 -1 1 -2 0 2 -1 1 -2 0 2 -1 1 -2 0 2 -1 1 -2 0 2 -1 1 -2 0 2 -1 1 -2 0 2 -1 1 -2 0 2 -1 1 -2 0 2 -1 1 -2 0 2 -1 1 -2 0 2 -1 1 -2 0 2 -1 1 -2 0 2 -1 1 -2 0 2 -1 1 -2 0 2 -1 1 -2 0 2 -1 1 -2 0 2 -1 1 -2 0 2 -1 1 -2 0 2 -1 1 -2 0 2 -1 1 -2 0 2 -1
-2 1 -1 2 0 -2 1 -1 2 0 -2 1 -1 2 0 -2 1 -1 2 0 -2 1 -1 2 0 -2 1 -1 2 0 -2 1 -1 2 0 -2 1 -1 2 0 -2 1 -1 2 0 -2 1 -1 2 0 -2 1 -1 2 0 -2 1 -1 2 0 -2 1 -1 2 0 601 1 -1 2 0 -2 1 -1 2 0 -2 1 -1 2 0 -2 1 -1 2 0 -2 1 -1 2 0 -2 1 -1 2 0 -2 1 -1 2 0 -2 1 -1 2 0 -2 1 -1 2 0 -2 1 -1 2 0 -2 1 -1 2 0 -2 1 -1 2 0 -2 1 -1 2 0 -2 1 -1 2 0 -2 1 -1 2 0 -2 1 -1 2 0 -2 1 -1 2 0 -2 1 -1 2 0 -2 1 -1 2 0 -2 1 -1 2 0 -2 1 -1 2 0 -2 1 -1 2 0 -2 1 -1 2 0 -2 1 -1 2 0 -2 1 -1 2 0 -2 1 -1 2 0 -2 1 -1 2 0 -2 1 -1 2 0 -2 1 -1 2 0 -2 1 -1 2 0 -2 1 -1 2 0 -2 1 -1 2 0 -2 1 -1 2 0 -2 1 -1 2 0 -2 1 -1 2 0 -2 1 -1 2 0 -2 1 -1 2 0 -2 1 -1 2 0 -2 1 -1 2 0 -2 1 -1 2 0 -2 1 -1 2 0 -2 1 -1 2 0 -2 1 -1 2 0 -2 1 -1 2 0 -2 1 -1 2 0 -2 1 -1 2 0 -2 1 -1 2 0 -2 1 -1 2 0 -2 1 -1 2 0 -2 1 -1 2 0 -2 1 -1 2 0 -2 1 -1 2 0 -2 1 -1 2 0 -2 1 -1 2 0 -2 1 -1 2 0 -2 1 -1 2 0 -2 1 -1 2 0 -2 1 -1 2 0 -2 1 -1 2 0 -2 1 -1 2 0 -2 1 -1 2 0 -2 1 -1 2 0 -2 1 -1 2 0 -2 1 -1 2 0 -2 1 -1 2 0 -2 1 -1 2 0 -2 1 -1 2 0 -2 1 -1 2 0 -2 1 -1 2 0 -2 1 -1 2 0 -2 1 -1 2 0 -2 1 -1 2 0 -2 1 -1 2 0 -2 1 -1 2 0 -2 1 -1 2 0 -2 1 -1 2 0 -2 1 -1 2 0 -2 1 -1 2 0 -2 1 -1 2 0 -2 1 -1 2 0 -2 1 -1 2 0 -2 1 -1 2 0 -2 1 -1 2 0 -2 1 -1 2 0 -2 1 -1 2 0 -2 1 -1 2 0 -2 1 -1 2 0
0 -1 -2 2 1 0 -1 -2 2 1 0 -1 -2 2 1 0 -1 -2 2 1 0 -1 -2 2 1 0 -1 -2 2 1 0 -1 -2 2 1 0 -1 -2 2 1 0 -1 -2 2 1 0 -1 -2 2 1 0 -1 -2 2 1 0 -1 -2 2 1 0 -1 -2 2 1 0 602 -2 2 1 0 -1 -2 2 1 0 -1 -2 2 1 0 -1 -2 2 1 0 -1 -2 2 1 0 -1 -2 2 1 0 -1 -2 2 1 0 -1 -2 2 1 0 -1 -2 2 1 0 -1 -2 2 1 0 -1 -2 2 1 0 -1 -2 2 1 0 -1 -2 2 1 0 -1 -2 2 1 0 -1 -2 2 1 0 -1 -2 2 1 0 -1 -2 2 1 0 -1 -2 2 1 0 -1 -2 2 1 0 -1 -2 2 1 0 -1 -2 2 1 0 -1 -2 2 1 0 -1 -2 2 1 0 -1 -2 2 1 0 -1 -2 2 1 0 -1 -2 2 1 0 -1 -2 2 1 0 -1 -2 2 1 0 -1 -2 2 1 0 -1 -2 2 1 0 -1 -2 2 1 0 -1 -2 2 1 0 -1 -2 2 1 0 -1 -2 2 1 0 -1 -2 2 1 0 -1 -2 2 1 0 -1 -2 2 1 0 -1 -2 2 1 0 -1 -2 2 1 0 -1 -2 2 1 0 -1 -2 2 1 0 -1 -2 2 1 0 -1 -2 2 1 0 -1 -2 2 1 0 -1 -2 2 1 0 -1 -2 2 1 0 -1 -2 2 1 0 -1 -2 2 1 0 -1 -2 2 1 0 -1 -2 2 1 0 -1 -2 2 1 0 -1 -2 2 1 0 -1 -2 2 1 0 -1 -2 2 1 0 -1 -2 2 1 0 -1 -2 2 1 0 -1 -2 2 1 0 -1 -2 2 1 0 -1 -2 2 1 0 -1 -2 2 1 0 -1 -2 2 1 0 -1 -2 2 1 0 -1 -2 2 1 0 -1 -2 2 1 0 -1 -2 2 1 0 -1 -2 2 1 0 -1 -2 2 1 0 -1 -2 2 1 0 -1 -2 2 1 0 -1 -2 2 1 0 -1 -2 2 1 0 -1 -2 2 1 0 -1 -2 2 1 0 -1 -2 2 1 0 -1 -2 2 1 0 -1 -2 2 1 0 -1 -2 2 1 0 -1 -2 2 1 0 -1 -2 2 1 0 -1 -2 2 1 0 -1 -2 2 1 0 -1 -2 2 1 0 -1 -2 2 1 0 -1 -2 2 1 0 -1 -2 2 1 0 -1 -2 2 1 0 -1 -2 2 1
2 2 2 2 2 2 2 2 2 2 2 2 2 2 2 2 2 2 2 2 2 2 2 2 2 2 2 2 2 2 2 2 2 2 2 2 2 2 2 2 2 2 2 2 2 2 2 2 2 2 2 2 2 2 2 2 2 2 2 2 2 2 2 2 2 2 2 1001 2 2 2 2 2 2 2 2 2 2 2 2 2 2 2 2 2 2 2 2 2 2 2 2 2 2 2 2 2 2 2 2 2 2 2 2 2 2 2 2 2 2 2 2 2 2 2 2 2 2 2 2 2 2 2 2 2 2 2 2 2 2 2 2 2 2 2 2 2 2 2 2 2 2 2 2 2 2 2 2 2 2 2 2 2 2 2 2 2 2 2 2 2 2 2 2 2 2 2 2 2 2 2 2 2 2 2 2 2 2 2 2 2 2 2 2 2 2 2 2 2 2 2 2 2 2 2 2 2 2 2 2 2 2 2 2 2 2 2 2 2 2 2 2 2 2 2 2 2 2 2 2 2 2 2 2 2 2 2 2 2 2 2 2 2 2 2 2 2 2 2 2 2 2 2 2 2 2 2 2 2 2 2 2 2 2 2 2 2 2 2 2 2 2 2 2 2 2 2 2 2 2 2 2 2 2 2 2 2 2 2 2 2 2 2 2 2 2 2 2 2 2 2 2 2 2 2 2 2 2 2 2 2 2 2 2 2 2 2 2 2 2 2 2 2 2 2 2 2 2 2 2 2 2 2 2 2 2 2 2 2 2 2 2 2 2 2 2 2 2 2 2 2 2 2 2 2 2 2 2 2 2 2 2 2 2 2 2 2 2 2 2 2 2 2 2 2 2 2 2 2 2 2 2 2 2 2 2 2 2 2 2 2 2 2 2 2 2 2 2 2 2 2 2 2 2 2 2 2 2 2 2 2 2 2 2 2 2 2 2 2 2 2 2 2 2 2 2 2 2 2 2 2 2 2 2 2 2 2 2 2 2 2 2 2 2 2 2 2 2 2 2 2 2 2 2 2 2 2 2 2 2 2 2 2 2 2 2 2 2 2 2 2 2 2 2 2 2 2 2 2 2 2 2 2 2 2 2 2 2 2 2 2 2 2 2 2 2 2 2 2 2 2 2 2 2 2 2 2 2 2 2
-1 0 1 2 -2 -1 0 1 2 -2 -1 0 1 2 -2 -1 0 1 2 -2 -1 0 1 2 -2 -1 0 1 2 -2 -1 0 1 2 -2 -1 0 1 2 -2 -1 0 1 2 -2 -1 0 1 2 -2 -1 0 1 2 -2 -1 0 1 2 -2 -1 0 1 2 -2 -1 0 1 601 -2 -1 0 1 2 -2 -1 0 1 2 -2 -1 0 1 2 -2 -1 0 1 2 -2 -1 0 1 2 -2 -1 0 1 2 -2 -1 0 1 2 -2 -1 0 1 2 -2 -1 0 1 2 -2 -1 0 1 2 -2 -1 0 1 2 -2 -1 0 1 2 -2 -1 0 1 2 -2 -1 0 1 2 -2 -1 0 1 2 -2 -1 0 1 2 -2 -1 0 1 2 -2 -1 0 1 2 -2 -1 0 1 2 -2 -1 0 1 2 -2 -1 0 1 2 -2 -1 0 1 2 -2 -1 0 1 2 -2 -1 0 1 2 -2 -1 0 1 2 -2 -1 0 1 2 -2 -1 0 1 2 -2 -1 0 1 2 -2 -1 0 1 2 -2 -1 0 1 2 -2 -1 0 1 2 -2 -1 0 1 2 -2 -1 0 1 2 -2 -1 0 1 2 -2 -1 0 1 2 -2 -1 0 1 2 -2 -1 0 1 2 -2 -1 0 1 2 -2 -1 0 1 2 -2 -1 0 1 2 -2 -1 0 1 2 -2 -1 0 1 2 -2 -1 0 1 2 -2 -1 0 1 2 -2 -1 0 1 2 -2 -1 0 1 2 -2 -1 0 1 2 -2 -1 0 1 2 -2 -1 0 1 2 -2 -1 0 1 2 -2 -1 0 1 2 -2 -1 0 1 2 -2 -1 0 1 2 -2 -1 0 1 2 -2 -1 0 1 2 -2 -1 0 1 2 -2 -1 0 1 2 -2 -1 0 1 2 -2 -1 0 1 2 -2 -1 0 1 2 -2 -1 0 1 2 -2 -1 0 1 2 -2 -1 0 1 2 -2 -1 0 1 2 -2 -1 0 1 2 -2 -1 0 1 2 -2 -1 0 1 2 -2 -1 0 1 2 -2 -1 0 1 2 -2 -1 0 1 2 -2 -1 0 1 2 -2 -1 0 1 2 -2 -1 0 1 2 -2 -1 0 1 2 -2 -1 0 1 2 -2 -1 0 1 2 -2 -1 0 1 2 -2 -1 0 1 2 -2 -1 0 1 2 -2 -1 0 1 2 -2 -1 0 1 2 -2 -1 0 1 2 -2 -1 0 1 2 -2 -1 0 1 2 -2 -1 0 1 2 -2 -1 0 1 2 -2
1 -2 0 2 -1 1 -2 0 2 -1 1 -2 0 2 -1 1 -2 0 2 -1 1 -2 0 2 -1 1 -2 0 2 -1 1 -2 0 2 -1 1 -2 0 2 -1 1 -2 0 2 -1 1 -2 0 2 -1 1 -2 0 2 -1 1 -2 0 2 -1 1 -2 0 2 -1 1 -2 0 2 602 1 -2 0 2 -1 1 -2 0 2 -1 1 -2 0 2 -1 1 -2 0 2 -1 1 -2 0 2 -1 1 -2 0 2 -1 1 -2 0 2 -1 1 -2 0 2 -1 1 -2 0 2 -1 1 -2 0 2 -1 1 -2 0 2 -1 1 -2 0 2 -1 1 -2 0 2 -1 1 -2 0 2 -1 1 -2 0 2 -1 1 -2 0 2 -1 1 -2 0 2 -1 1 -2 0 2 -1 1 -2 0 2 -1 1 -2 0 2 -1 1 -2 0 2 -1 1 -2 0 2 -1 1 -2 0 2 -1 1 -2 0 2 -1 1 -2 0 2 -1 1 -2 0 2 -1 1 -2 0 2 -1 1 -2 0 2 -1 1 -2 0 2 -1 1 -2 0 2 -1 1 -2 0 2 -1 1 -2 0 2 -1 1 -2 0 2 -1 1 -2 0 2 -1 1 -2 0 2 -1 1 -2 0 2 -1 1 -2 0 2 -1 1 -2 0 2 -1 1 -2 0 2 -1 1 -2 0 2 -1 1 -2 0 2 -1 1 -2 0 2 -1 1 -2 0 2 -1 1 -2 0 2 -1 1 -2 0 2 -1 1 -2 0 2 -1 1 -2 0 2 -1 1 -2 0 2 -1 1 -2 0 2 -1 1 -2 0 2 -1 1 -2 0 2 -1 1 -2 0 2 -1 1 -2 0 2 -1 1 -2 0 2 -1 1 -2 0 2 -1 1 -2 0 2 -1 1 -2 0 2 -1 1 -2 0 2 -1 1 -2 0 2 -1 1 -2 0 2 -1 1 -2 0 2 -1 1 -2 0 2 -1 1 -2 0 2 -1 1 -2 0 2 -1 1 -2 0 2 -1 1 -2 0 2 -1 1 -2 0 2 -1 1 -2 0 2 -1 1 -2 0 2 -1 1 -2 0 2 -1 1 -2 0 2 -1 1 -2 0 2 -1 1 -2 0 2 -1 1 -2 0 2 -1 1 -2 0 2 -1 1 -2 0 2 -1 1 -2 0 2 -1 1 -2 0 2 -1 1 -2 0 2 -1 1 -2 0 2 -1 1 -2 0 2 -1 1 -2 0 2 -1 1 -2 0 2 -1 1 -2 0 2 -1 1 -2 0 2 -1 1 -2 0 2 -1
-2 1 -1 2 0 -2 1 -1 2 0 -2 1 -1 2 0 -2 1 -1 2 0 -2 1 -1 2 0 -2 1 -1 2 0 -2 1 -1 2 0 -2 1 -1 2 0 -2 1 -1 2 0 -2 1 -1 2 0 -2 1 -1 2 0 -2 1 -1 2 0 -2 1 -1 2 0 -2 1 -1 2 0 601 1 -1 2 0 -2 1 -1 2 0 -2 1 -1 2 0 -2 1 -1 2 0 -2 1 -1 2 0 -2 1 -1 2 0 -2 1 -1 2 0 -2 1 -1 2 0 -2 1 -1 2 0 -2 1 -1 2 0 -2 1 -1 2 0 -2 1 -1 2 0 -2 1 -1 2 0 -2 1 -1 2 0 -2 1 -1 2 0 -2 1 -1 2 0 -2 1 -1 2 0 -2 1 -1 2 0 -2 1 -1 2 0 -2 1 -1 2 0 -2 1 -1 2 0 -2 1 -1 2 0 -2 1 -1 2 0 -2 1 -1 2 0 -2 1 -1 2 0 -2 1 -1 2 0 -2 1 -1 2 0 -2 1 -1 2 0 -2 1 -1 2 0 -2 1 -1 2 0 -2 1 -1 2 0 -2 1 -1 2 0 -2 1 -1 2 0 -2 1 -1 2 0 -2 1 -1 2 0 -2 1 -1 2 0 -2 1 -1 2 0 -2 1 -1 2 0 -2 1 -1 2 0 -2 1 -1 2 0 -2 1 -1 2 0 -2 1 -1 2 0 -2 1 -1 2 0 -2 1 -1 2 0 -2 1 -1 2 0 -2 1 -1 2 0 -2 1 -1 2 0 -2 1 -1 2 0 -2 1 -1 2 0 -2 1 -1 2 0 -2 1 -1 2 0 -2 1 -1 2 0 -2 1 -1 2 0 -2 1 -1 2 0 -2 1 -1 2 0 -2 1 -1 2 0 -2 1 -1 2 0 -2 1 -1 2 0 -2 1 -1 2 0 -2 1 -1 2 0 -2 1 -1 2 0 -2 1 -1 2 0 -2 1 -1 2 0 -2 1 -1 2 0 -2 1 -1 2 0 -2 1 -1 2 0 -2 1 -1 2 0 -2 1 -1 2 0 -2 1 -1 2 0 -2 1 -1 2 0 -2 1 -1 2 0 -2 1 -1 2 0 -2 1 -1 2 0 -2 1 -1 2 0 -2 1 -1 2 0 -2 1 -1 2 0 -2 1 -1 2 0 -2 1 -1 2 0 -2 1 -1 2 0 -2 1 -1 2 0 -2 1 -1 2 0 -2 1 -1 2 0 -2 1 -1 2 0 -2 1 -1 2 0 -2 1 -1 2 0 -2 1 -1 2 0
0 -1 -2 2 1 0 -1 -2 2 1 0 -1 -2 2 1 0 -1 -2 2 1 0 -1 -2 2 1 0 -1 -2 2 1 0 -1 -2 2 1 0 -1 -2 2 1 0 -1 -2 2 1 0 -1 -2 2 1 0 -1 -2 2 1 0 -1 -2 2 1 0 -1 -2 2 1 0 -1 -2 2 1 0 602 -2 2 1 0 -1 -2 2 1 0 -1 -2 2 1 0 -1 -2 2 1 0 -1 -2 2 1 0 -1 -2 2 1 0 -1 -2 2 1 0 -1 -2 2 1 0 -1 -2 2 1 0 -1 -2 2 1 0 -1 -2 2 1 0 -1 -2 2 1 0 -1 -2 2 1 0 -1 -2 2 1 0 -1 -2 2 1 0 -1 -2 2 1 0 -1 -2 2 1 0 -1 -2 2 1 0 -1 -2 2 1 0 -1 -2 2 1 0 -1 -2 2 1 0 -1 -2 2 1 0 -1 -2 2 1 0 -1 -2 2 1 0 -1 -2 2 1 0 -1 -2 2 1 0 -1 -2 2 1 0 -1 -2 2 1 0 -1 -2 2 1 0 -1 -2 2 1 0 -1 -2 2 1 0 -1 -2 2 1 0 -1 -2 2 1 0 -1 -2 2 1 0 -1 -2 2 1 0 -1 -2 2 1 0 -1 -2 2 1 0 -1 -2 2 1 0 -1 -2 2 1 0 -1 -2 2 1 0 -1 -2 2 1 0 -1 -2 2 1 0 -1 -2 2 1 0 -1 -2 2 1 0 -1 -2 2 1 0 -1 -2 2 1 0 -1 -2 2 1 0 -1 -2 2 1 0 -1 -2 2 1 0 -1 -2 2 1 0 -1 -2 2 1 0 -1 -2 2 1 0 -1 -2 2 1 0 -1 -2 2 1 0 -1 -2 2 1 0 -1 -2 2 1 0 -1 -2 2 1 0 -1 -2 2 1 0 -1 -2 2 1 0 -1 -2 2 1 0 -1 -2 2 1 0 -1 -2 2 1 0 -1 -2 2 1 0 -1 -2 2 1 0 -1 -2 2 1 0 -1 -2 2 1 0 -1 -2 2 1 0 -1 -2 2 1 0 -1 -2 2 1 0 -1 -2 2 1 0 -1 -2 2 1 0 -1 -2 2 1 0 -1 -2 2 1 0 -1 -2 2 1 0 -1 -2 2 1 0 -1 -2 2 1 0 -1 -2 2 1 0 -1 -2 2 1 0 -1 -2 2 1 0 -1 -2 2 1 0 -1 -2 2 1 0 -1 -2 2 1 0 -1 -2 2 1 0 -1 -2 2 1 0 -1 -2 2 1 0 -1 -2 2 1
2 2 2 2 2 2 2 2 2 2 2 2 2 2 2 2 2 2 2 2 2 2 2 2 2 2 2 2 2 2 2 2 2 2 2 2 2 2 2 2 2 2 2 2 2 2 2 2 2 2 2 2 2 2 2 2 2 2 2 2 2 2 2 2 2 2 2 2 2 2 2 2 1001 2 2 2 2 2 2 2 2 2 2 2 2 2 2 2 2 2 2 2 2 2 2 2 2 2 2 2 2 2 2 2 2 2 2 2 2 2 2 2 2 2 2 2 2 2 2 2 2 2 2 2 2 2 2 2 2 2 2 2 2 2 2 2 2 2 2 2 2 2 2 2 2 2 2 2 2 2 2 2 2 2 2 2 2 2 2 2 2 2 2 2 2 2 2 2 2 2 2 2 2 2 2 2 2 2 2 2 2 2 2 2 2 2 2 2 2 2 2 2 2 2 2 2 2 2 2 2 2 2 2 2 2 2 2 2 2 2 2 2 2 2 2 2 2 2 2 2 2 2 2 2 2 2 2 2 2 2 2 2 2 2 2 2 2 2 2 2 2 2 2 2 2 2 2 2 2 2 2 2 2 2 2 2 2 2 2 2 2 2 2 2 2 2 2 2 2 2 2 2 2 2 2 2 2 2 2 2 2 2 2 2 2 2 2 2 2 2 2 2 2 2 2 2 2 2 2 2 2 2 2 2 2 2 2 2 2 2 2 2 2 2 2 2 2 2 2 2 2 2 2 2 2 2 2 2 2 2 2 2 2 2 2 2 2 2 2 2 2 2 2 2 2 2 2 2 2 2 2 2 2 2 2 2 2 2 2 2 2 2 2 2 2 2 2 2 2 2 2 2 2 2 2 2 2 2 2 2 2 2 2 2 2 2 2 2 2 2 2 2 2 2 2 2 2 2 2 2 2 2 2 2 2 2 2 2 2 2 2 2 2 2 2 2 2 2 2 2 2 2 2 2 2 2 2 2 2 2 2 2 2 2 2 2 2 2 2 2 2 2 2 2 2 2 2 2 2 2 2 2 2 2 2 2 2 2 2 2 2 2 2 2 2 2 2 2 2 2 2 2 2 2 2 2 2 2 2 2 2 2 2 2 2 2 2 2 2 2 2 2 2 2 2 2 2 2 2 2
-1 0 1 2 -2 -1 0 1 2 -2 -1 0 1 2 -2 -1 0 1 2 -2 -1 0 1 2 -2 -1 0 1 2 -2 -1 0 1 2 -2 -1 0 1 2 -2 -1 0 1 2 -2 -1 0 1 2 -2 -1 0 1 2 -2 -1 0 1 2 -2 -1 0 1 2 -2 -1 0 1 2 -2 -1 0 1 601 -2 -1 0 1 2 -2 -1 0 1 2 -2 -1 0 1 2 -2 -1 0 1 2 -2 -1 0 1 2 -2 -1 0 1 2 -2 -1 0 1 2 -2 -1 0 1 2 -2 -1 0 1 2 -2 -1 0 1 2 -2 -1 0 1 2 -2 -1 0 1 2 -2 -1 0 1 2 -2 -1 0 1 2 -2 -1 0 1 2 -2 -1 0 1 2 -2 -1 0 1 2 -2 -1 0 1 2 -2 -1 0 1 2 -2 -1 0 1 2 -2 -1 0 1 2 -2 -1 0 1 2 -2 -1 0 1 2 -2 -1 0 1 2 -2 -1 0 1 2 -2 -1 0 1 2 -2 -1 0 1 2 -2 -1 0 1 2 -2 -1 0 1 2 -2 -1 0 1 2 -2 -1 0 1 2 -2 -1 0 1 2 -2 -1 0 1 2 -2 -1 0 1 2 -2 -1 0 1 2 -2 -1 0 1 2 -2 -1 0 1 2 -2 -1 0 1 2 -2 -1 0 1 2 -2 -1 0 1 2 -2 -1 0 1 2 -2 -1 0 1 2 -2 -1 0 1 2 -2 -1 0 1 2 -2 -1 0 1 2 -2 -1 0 1 2 -2 -1 0 1 2 -2 -1 0 1 2 -2 -1 0 1 2 -2 -1 0 1 2 -2 -1 0 1 2 -2 -1 0 1 2 -2 -1 0 1 2 -2 -1 0 1 2 -2 -1 0 1 2 -2 -1 0 1 2 -2 -1 0 1 2 -2 -1 0 1 2 -2 -1 0 1 2 -2 -1 0 1 2 -2 -1 0 1 2 -2 -1 0 1 2 -2 -1 0 1 2 -2 -1 0 1 2 -2 -1 0 1 2 -2 -1 0 1 2 -2 -1 0 1 2 -2 -1 0 1 2 -2 -1 0 1 2 -2 -1 0 1 2 -2 -1 0 1 2 -2 -1 0 1 2 -2 -1 0 1 2 -2 -1 0 1 2 -2 -1 0 1 2 -2 -1 0 1 2 -2 -1 0 1 2 -2 -1 0 1 2 -2 -1 0 1 2 -2 -1 0 1 2 -2 -1 0 1 2 -2 -1 0 1 2 -2 -1 0 1 2 -2 -1 0 1 2 -2 -1 0 1 2 -2
1 -2 0 2 -1 1 -2 0 2 -1 1 -2 0 2 -1 1 -2 0 2 -1 1 -2 0 2 -1 1 -2 0 2 -1 1 -2 0 2 -1 1 -2 0 2 -1 1 -2 0 2 -1 1 -2 0 2 -1 1 -2 0 2 -1 1 -2 0 2 -1 1 -2 0 2 -1 1 -2 0 2 -1 1 -2 0 2 602 1 -2 0 2 -1 1 -2 0 2 -1 1 -2 0 2 -1 1 -2 0 2 -1 1 -2 0 2 -1 1 -2 0 2 -1 1 -2 0 2 -1 1 -2 0 2 -1 1 -2 0 2 -1 1 -2 0 2 -1 1 -2 0 2 -1 1 -2 0 2 -1 1 -2 0 2 -1 1 -2 0 2 -1 1 -2 0 2 -1 1 -2 0 2 -1 1 -2 0 2 -1 1 -2 0 2 -1 1 -2 0 2 -1 1 -2 0 2 -1 1 -2 0 2 -1 1 -2 0 2 -1 1 -2 0 2 -1 1 -2 0 2 -1 1 -2 0 2 -1 1 -2 0 2 -1 1 -2 0 2 -1 1 -2 0 2 -1 1 -2 0 2 -1 1 -2 0 2 -1 1 -2 0 2 -1 1 -2 0 2 -1 1 -2 0 2 -1 1 -2 0 2 -1 1 -2 0 2 -1 1 -2 0 2 -1 1 -2 0 2 -1 1 -2 0 2 -1 1 -2 0 2 -1 1 -2 0 2 -1 1 -2 0 2 -1 1 -2 0 2 -1 1 -2 0 2 -1 1 -2 0 2 -1 1 -2 0 2 -1 1 -2 0 2 -1 1 -2 0 2 -1 1 -2 0 2 -1 1 -2 0 2 -1 1 -2 0 2 -1 1 -2 0 2 -1 1 -2 0 2 -1 1 -2 0 2 -1 1 -2 0 2 -1 1 -2 0 2 -1 1 -2 0 2 -1 1 -2 0 2 -1 1 -2 0 2 -1 1 -2 0 2 -1 1 -2 0 2 -1 1 -2 0 2 -1 1 -2 0 2 -1 1 -2 0 2 -1 1 -2 0 2 -1 1 -2 0 2 -1 1 -2 0 2 -1 1 -2 0 2 -1 1 -2 0 2 -1 1 -2 0 2 -1 1 -2 0 2 -1 1 -2 0 2 -1 1 -2 0 2 -1 1 -2 0 2 -1 1 -2 0 2 -1 1 -2 0 2 -1 1 -2 0 2 -1 1 -2 0 2 -1 1 -2 0 2 -1 1 -2 0 2 -1 1 -2 0 2 -1 1 -2 0 2 -1 1 -2 0 2 -1 1 -2 0 2 -1 1 -2 0 2 -1 1 -2 0 2 -1
-2 1 -1 2 0 -2 1 -1 2 0 -2 1 -1 2 0 -2 1 -1 2 0 -2 1 -1 2 0 -2 1 -1 2 0 -2 1 -1 2 0 -2 1 -1 2 0 -2 1 -1 2 0 -2 1 -1 2 0 -2 1 -1 2 0 -2 1 -1 2 0 -2 1 -1 2 0 -2 1 -1 2 0 -2 1 -1 2 0 601 1 -1 2 0 -2 1 -1 2 0 -2 1 -1 2 0 -2 1 -1 2 0 -2 1 -1 2 0 -2 1 -1 2 0 -2 1 -1 2 0 -2 1 -1 2 0 -2 1 -1 2 0 -2 1 -1 2 0 -2 1 -1 2 0 -2 1 -1 2 0 -2 1 -1 2 0 -2 1 -1 2 0 -2 1 -1 2 0 -2 1 -1 2 0 -2 1 -1 2 0 -2 1 -1 2 0 -2 1 -1 2 0 -2 1 -1 2 0 -2 1 -1 2 0 -2 1 -1 2 0 -2 1 -1 2 0 -2 1 -1 2 0 -2 1 -1 2 0 -2 1 -1 2 0 -2 1 -1 2 0 -2 1 -1 2 0 -2 1 -1 2 0 -2 1 -1 2 0 -2 1 -1 2 0 -2 1 -1 2 0 -2 1 -1 2 0 -2 1 -1 2 0 -2 1 -1 2 0 -2 1 -1 2 0 -2 1 -1 2 0 -2 1 -1 2 0 -2 1 -1 2 0 -2 1 -1 2 0 -2 1 -1 2 0 -2 1 -1 2 0 -2 1 -1 2 0 -2 1 -1 2 0 -2 1 -1 2 0 -2 1 -1 2 0 -2 1 -1 2 0 -2 1 -1 2 0 -2 1 -1 2 0 -2 1 -1 2 0 -2 1 -1 2 0 -2 1 -1 2 0 -2 1 -1 2 0 -2 1 -1 2 0 -2 1 -1 2 0 -2 1 -1 2 0 -2 1 -1 2 0 -2 1 -1 2 0 -2 1 -1 2 0 -2 1 -1 2 0 -2 1 -1 2 0 -2 1 -1 2 0 -2 1 -1 2 0 -2 1 -1 2 0 -2 1 -1 2 0 -2 1 -1 2 0 -2 1 -1 2 0 -2 1 -1 2 0 -2 1 -1 2 0 -2 1 -1 2 0 -2 1 -1 2 0 -2 1 -1 2 0 -2 1 -1 2 0 -2 1 -1 2 0 -2 1 -1 2 0 -2 1 -1 2 0 -2 1 -1 2 0 -2 1 -1 2 0 -2 1 -1 2 0 -2 1 -1 2 0 -2 1 -1 2 0 -2 1 -1 2 0 -2 1 -1 2 0 -2 1 -1 2 0 -2 1 -1 2 0
0 -1 -2 2 1 0 -1 -2 2 1 0 -1 -2 2 1 0 -1 -2 2 1 0 -1 -2 2 1 0 -1 -2 2 1 0 -1 -2 2 1 0 -1 -2 2 1 0 -1 -2 2 1 0 -1 -2 2 1 0 -1 -2 2 1 0 -1 -2 2 1 0 -1 -2 2 1 0 -1 -2 2 1 0 -1 -2 2 1 0 602 -2 2 1 0 -1 -2 2 1 0 -1 -2 2 1 0 -1 -2 2 1 0 -1 -2 2 1 0 -1 -2 2 1 0 -1 -2 2 1 0 -1 -2 2 1 0 -1 -2 2 1 0 -1 -2 2 1 0 -1 -2 2 1 0 -1 -2 2 1 0 -1 -2 2 1 0 -1 -2 2 1 0 -1 -2 2 1 0 -1 -2 2 1 0 -1 -2 2 1 0 -1 -2 2 1 0 -1 -2 2 1 0 -1 -2 2 1 0 -1 -2 2 1 0 -1 -2 2 1 0 -1 -2 2 1 0 -1 -2 2 1 0 -1 -2 2 1 0 -1 -2 2 1 0 -1 -2 2 1 0 -1 -2 2 1 0 -1 -2 2 1 0 -1 -2 2 1 0 -1 -2 2 1 0 -1 -2 2 1 0 -1 -2 2 1 0 -1 -2 2 1 0 -1 -2 2 1 0 -1 -2 2 1 0 -1 -2 2 1 0 -1 -2 2 1 0 -1 -2 2 1 0 -1 -2 2 1 0 -1 -2 2 1 0 -1 -2 2 1 0 -1 -2 2 1 0 -1 -2 2 1 0 -1 -2 2 1 0 -1 -2 2 1 0 -1 -2 2 1 0 -1 -2 2 1 0 -1 -2 2 1 0 -1 -2 2 1 0 -1 -2 2 1 0 -1 -2 2 1 0 -1 -2 2 1 0 -1 -2 2 1 0 -1 -2 2 1 0 -1 -2 2 1 0 -1 -2 2 1 0 -1 -2 2 1 0 -1 -2 2 1 0 -1 -2 2 1 0 -1 -2 2 1 0 -1 -2 2 1 0 -1 -2 2 1 0 -1 -2 2 1 0 -1 -2 2 1 0 -1 -2 2 1 0 -1 -2 2 1 0 -1 -2 2 1 0 -1 -2 2 1 0 -1 -2 2 1 0 -1 -2 2 1 0 -1 -2 2 1 0 -1 -2 2 1 0 -1 -2 2 1 0 -1 -2 2 1 0 -1 -2 2 1 0 -1 -2 2 1 0 -1 -2 2 1 0 -1 -2 2 1 0 -1 -2 2 1 0 -1 -2 2 1 0 -1 -2 2 1 0 -1 -2 2 1 0 -1 -2 2 1 0 -1 -2 2 1
2 2 2 2 2 2 2 2 2 2 2 2 2 2 2 2 2 2 2 2 2 2 2 2 2 2 2 2 2 2 2 2 2 2 2 2 2 2 2 2 2 2 2 2 2 2 2 2 2 2 2 2 2 2 2 2 2 2 2 2 2 2 2 2 2 2 2 2 2 2 2 2 2 2 2 2 2 1001 2 2 2 2 2 2 2 2 2 2 2 2 2 2 2 2 2 2 2 2 2 2 2 2 2 2 2 2 2 2 2 2 2 2 2 2 2 2 2 2 2 2 2 2 2 2 2 2 2 2 2 2 2 2 2 2 2 2 2 2 2 2 2 2 2 2 2 2 2 2 2 2 2 2 2 2 2 2 2 2 2 2 2 2 2 2 2 2 2 2 2 2 2 2 2 2 2 2 2 2 2 2 2 2 2 2 2 2 2 2 2 2 2 2 2 2 2 2 2 2 2 2 2 2 2 2 2 2 2 2 2 2 2 2 2 2 2 2 2 2 2 2 2 2 2 2 2 2 2 2 2 2 2 2 2 2 2 2 2 2 2 2 2 2 2 2 2 2 2 2 2 2 2 2 2 2 2 2 2 2 2 2 2 2 2 2 2 2 2 2 2 2 2 2 2 2 2 2 2 2 2 2 2 2 2 2 2 2 2 2 2 2 2 2 2 2 2 2 2 2 2 2 2 2 2 2 2 2 2 2 2 2 2 2 2 2 2 2 2 2 2 2 2 2 2 2 2 2 2 2 2 2 2 2 2 2 2 2 2 2 2 2 2 2 2 2 2 2 2 2 2 2 2 2 2 2 2 2 2 2 2 2 2 2 2 2 2 2 2 2 2 2 2 2 2 2 2 2 2 2 2 2 2 2 2 2 2 2 2 2 2 2 2 2 2 2 2 2 2 2 2 2 2 2 2 2 2 2 2 2 2 2 2 2 2 2 2 2 2 2 2 2 2 2 2 2 2 2 2 2 2 2 2 2 2 2 2 2 2 2 2 2 2 2 2 2 2 2 2 2 2 2 2 2 2 2 2 2 2 2 2 2 2 2 2 2 2 2 2 2 2 2 2 2 2 2 2 2 2 2 2 2 2 2 2 2 2 2 2 2 2 2 2 2 2 2 2 2 2 2 2 2
-1 0 1 2 -2 -1 0 1 2 -2 -1 0 1 2 -2 -1 0 1 2 -2 -1 0 1 2 -2 -1 0 1 2 -2 -1 0 1 2 -2 -1 0 1 2 -2 -1 0 1 2 -2 -1 0 1 2 -2 -1 0 1 2 -2 -1 0 1 2 -2 -1 0 1 2 -2 -1 0 1 2 -2 -1 0 1 2 -2 -1 0 1 601 -2 -1 0 1 2 -2 -1 0 1 2 -2 -1 0 1 2 -2 -1 0 1 2 -2 -1 0 1 2 -2 -1 0 1 2 -2 -1 0 1 2 -2 -1 0 1 2 -2 -1 0 1 2 -2 -1 0 1 2 -2 -1 0 1 2 -2 -1 0 1 2 -2 -1 0 1 2 -2 -1 0 1 2 -2 -1 0 1 2 -2 -1 0 1 2 -2 -1 0 1 2 -2 -1 0 1 2 -2 -1 0 1 2 -2 -1 0 1 2 -2 -1 0 1 2 -2 -1 0 1 2 -2 -1 0 1 2 -2 -1 0 1 2 -2 -1 0 1 2 -2 -1 0 1 2 -2 -1 0 1 2 -2 -1 0 1 2 -2 -1 0 1 2 -2 -1 0 1 2 -2 -1 0 1 2 -2 -1 0 1 2 -2 -1 0 1 2 -2 -1 0 1 2 -2 -1 0 1 2 -2 -1 0 1 2 -2 -1 0 1 2 -2 -1 0 1 2 -2 -1 0 1 2 -2 -1 0 1 2 -2 -1 0 1 2 -2 -1 0 1 2 -2 -1 0 1 2 -2 -1 0 1 2 -2 -1 0 1 2 -2 -1 0 1 2 -2 -1 0 1 2 -2 -1 0 1 2 -2 -1 0 1 2 -2 -1 0 1 2 -2 -1 0 1 2 -2 -1 0 1 2 -2 -1 0 1 2 -2 -1 0 1 2 -2 -1 0 1 2 -2 -1 0 1 2 -2 -1 0 1 2 -2 -1 0 1 2 -2 -1 0 1 2 -2 -1 0 1 2 -2 -1 0 1 2 -2 -1 0 1 2 -2 -1 0 1 2 -2 -1 0 1 2 -2 -1 0 1 2 -2 -1 0 1 2 -2 -1 0 1 2 -2 -1 0 1 2 -2 -1 0 1 2 -2 -1 0 1 2 -2 -1 0 1 2 -2 -1 0 1 2 -2 -1 0 1 2 -2 -1 0 1 2 -2 -1 0 1 2 -2 -1 0 1 2 -2 -1 0 1 2 -2 -1 0 1 2 -2 -1 0 1 2 -2 -1 0 1 2 -2 -1 0 1 2 -2 -1 0 1 2 -2 -1 0 1 2 -2 -1 0 1 2 -2
1 -2 0 2 -1 1 -2 0 2 -1 1 -2 0 2 -1 1 -2 0 2 -1 1 -2 0 2 -1 1 -2 0 2 -1 1 -2 0 2 -1 1 -2 0 2 -1 1 -2 0 2 -1 1 -2 0 2 -1 1 -2 0 2 -1 1 -2 0 2 -1 1 -2 0 2 -1 1 -2 0 2 -1 1 -2 0 2 -1 1 -2 0 2 602 1 -2 0 2 -1 1 -2 0 2 -1 1 -2 0 2 -1 1 -2 0 2 -1 1 -2 0 2 -1 1 -2 0 2 -1 1 -2 0 2 -1 1 -2 0 2 -1 1 -2 0 2 -1 1 -2 0 2 -1 1 -2 0 2 -1 1 -2 0 2 -1 1 -2 0 2 -1 1 -2 0 2 -1 1 -2 0 2 -1 1 -2 0 2 -1 1 -2 0 2 -1 1 -2 0 2 -1 1 -2 0 2 -1 1 -2 0 2 -1 1 -2 0 2 -1 1 -2 0 2 -1 1 -2 0 2 -1 1 -2 0 2 -1 1 -2 0 2 -1 1 -2 0 2 -1 1 -2 0 2 -1 1 -2 0 2 -1 1 -2 0 2 -1 1 -2 0 2 -1 1 -2 0 2 -1 1 -2 0 2 -1 1 -2 0 2 -1 1 -2 0 2 -1 1 -2 0 2 -1 1 -2 0 2 -1 1 -2 0 2 -1 1 -2 0 2 -1 1 -2 0 2 -1 1 -2 0 2 -1 1 -2 0 2 -1 1 -2 0 2 -1 1 -2 0 2 -1 1 -2 0 2 -1 1 -2 0 2 -1 1 -2 0 2 -1 1 -2 0 2 -1 1 -2 0 2 -1 1 -2 0 2 -1 1 -2 0 2 -1 1 -2 0 2 -1 1 -2 0 2 -1 1 -2 0 2 -1 1 -2 0 2 -1 1 -2 0 2 -1 1 -2 0 2 -1 1 -2 0 2 -1 1 -2 0 2 -1 1 -2 0 2 -1 1 -2 0 2 -1 1 -2 0 2 -1 1 -2 0 2 -1 1 -2 0 2 -1 1 -2 0 2 -1 1 -2 0 2 -1 1 -2 0 2 -1 1 -2 0 2 -1 1 -2 0 2 -1 1 -2 0 2 -1 1 -2 0 2 -1 1 -2 0 2 -1 1 -2 0 2 -1 1 -2 0 2 -1 1 -2 0 2 -1 1 -2 0 2 -1 1 -2 0 2 -1 1 -2 0 2 -1 1 -2 0 2 -1 1 -2 0 2 -1 1 -2 0 2 -1 1 -2 0 2 -1 1 -2 0 2 -1 1 -2 0 2 -1 1 -2 0 2 -1
-2 1 -1 2 0 -2 1 -1 2 0 -2 1 -1 2 0 -2 1 -1 2 0 -2 1 -1 2 0 -2 1 -1 2 0 -2 1 -1 2 0 -2 1 -1 2 0 -2 1 -1 2 0 -2 1 -1 2 0 -2 1 -1 2 0 -2 1 -1 2 0 -2 1 -1 2 0 -2 1 -1 2 0 -2 1 -1 2 0 -2 1 -1 2 0 601 1 -1 2 0 -2 1 -1 2 0 -2 1 -1 2 0 -2 1 -1 2 0 -2 1 -1 2 0 -2 1 -1 2 0 -2 1 -1 2 0 -2 1 -1 2 0 -2 1 -1 2 0 -2 1 -1 2 0 -2 1 -1 2 0 -2 1 -1 2 0 -2 1 -1 2 0 -2 1 -1 2 0 -2 1 -1 2 0 -2 1 -1 2 0 -2 1 -1 2 0 -2 1 -1 2 0 -2 1 -1 2 0 -2 1 -1 2 0 -2 1 -1 2 0 -2 1 -1 2 0 -2 1 -1 2 0 -2 1 -1 2 0 -2 1 -1 2 0 -2 1 -1 2 0 -2 1 -1 2 0 -2 1 -1 2 0 -2 1 -1 2 0 -2 1 -1 2 0 -2 1 -1 2 0 -2 1 -1 2 0 -2 1 -1 2 0 -2 1 -1 2 0 -2 1 -1 2 0 -2 1 -1 2 0 -2 1 -1 2 0 -2 1 -1 2 0 -2 1 -1 2 0 -2 1 -1 2 0 -2 1 -1 2 0 -2 1 -1 2 0 -2 1 -1 2 0 -2 1 -1 2 0 -2 1 -1 2 0 -2 1 -1 2 0 -2 1 -1 2 0 -2 1 -1 2 0 -2 1 -1 2 0 -2 1 -1 2 0 -2 1 -1 2 0 -2 1 -1 2 0 -2 1 -1 2 0 -2 1 -1 2 0 -2 1 -1 2 0 -2 1 -1 2 0 -2 1 -1 2 0 -2 1 -1 2 0 -2 1 -1 2 0 -2 1 -1 2 0 -2 1 -1 2 0 -2 1 -1 2 0 -2 1 -1 2 0 -2 1 -1 2 0 -2 1 -1 2 0 -2 1 -1 2 0 -2 1 -1 2 0 -2 1 -1 2 0 -2 1 -1 2 0 -2 1 -1 2 0 -2 1 -1 2 0 -2 1 -1 2 0 -2 1 -1 2 0 -2 1 -1 2 0 -2 1 -1 2 0 -2 1 -1 2 0 -2 1 -1 2 0 -2 1 -1 2 0 -2 1 -1 2 0 -2 1 -1 2 0 -2 1 -1 2 0 -2 1 -1 2 0 -2 1 -1 2 0 -2 1 -1 2 0
0 -1 -2 2 1 0 -1 -2 2 1 0 -1 -2 2 1 0 -1 -2 2 1 0 -1 -2 2 1 0 -1 -2 2 1 0 -1 -2 2 1 0 -1 -2 2 1 0 -1 -2 2 1 0 -1 -2 2 1 0 -1 -2 2 1 0 -1 -2 2 1 0 -1 -2 2 1 0 -1 -2 2 1 0 -1 -2 2 1 0 -1 -2 2 1 0 602 -2 2 1 0 -1 -2 2 1 0 -1 -2 2 1 0 -1 -2 2 1 0 -1 -2 2 1 0 -1 -2 2 1 0 -1 -2 2 1 0 -1 -2 2 1 0 -1 -2 2 1 0 -1 -2 2 1 0 -1 -2 2 1 0 -1 -2 2 1 0 -1 -2 2 1 0 -1 -2 2 1 0 -1 -2 2 1 0 -1 -2 2 1 0 -1 -2 2 1 0 -1 -2 2 1 0 -1 -2 2 1 0 -1 -2 2 1 0 -1 -2 2 1 0 -1 -2 2 1 0 -1 -2 2 1 0 -1 -2 2 1 0 -1 -2 2 1 0 -1 -2 2 1 0 -1 -2 2 1 0 -1 -2 2 1 0 -1 -2 2 1 0 -1 -2 2 1 0 -1 -2 2 1 0 -1 -2 2 1 0 -1 -2 2 1 0 -1 -2 2 1 0 -1 -2 2 1 0 -1 -2 2 1 0 -1 -2 2 1 0 -1 -2 2 1 0 -1 -2 2 1 0 -1 -2 2 1 0 -1 -2 2 1 0 -1 -2 2 1 0 -1 -2 2 1 0 -1 -2 2 1 0 -1 -2 2 1 0 -1 -2 2 1 0 -1 -2 2 1 0 -1 -2 2 1 0 -1 -2 2 1 0 -1 -2 2 1 0 -1 -2 2 1 0 -1 -2 2 1 0 -1 -2 2 1 0 -1 -2 2 1 0 -1 -2 2 1 0 -1 -2 2 1 0 -1 -2 2 1 0 -1 -2 2 1 0 -1 -2 2 1 0 -1 -2 2 1 0 -1 -2 2 1 0 -1 -2 2 1 0 -1 -2 2 1 0 -1 -2 2 1 0 -1 -2 2 1 0 -1 -2 2 1 0 -1 -2 2 1 0 -1 -2 2 1 0 -1 -2 2 1 0 -1 -2 2 1 0 -1 -2 2 1 0 -1 -2 2 1 0 -1 -2 2 1 0 -1 -2 2 1 0 -1 -2 2 1 0 -1 -2 2 1 0 -1 -2 2 1 0 -1 -2 2 1 0 -1 -2 2 1 0 -1 -2 2 1 0 -1 -2 2 1 0 -1 -2 2 1 0 -1 -2 2 1 0 -1 -2 2 1
2 2 2 2 2 2 2 2 2 2 2 2 2 2 2 2 2 2 2 2 2 2 2 2 2 2 2 2 2 2 2 2 2 2 2 2 2 2 2 2 2 2 2 2 2 2 2 2 2 2 2 2 2 2 2 2 2 2 2 2 2 2 2 2 2 2 2 2 2 2 2 2 2 2 2 2 2 2 2 2 2 2 1001 2 2 2 2 2 2 2 2 2 2 2 2 2 2 2 2 2 2 2 2 2 2 2 2 2 2 2 2 2 2 2 2 2 2 2 2 2 2 2 2 2 2 2 2 2 2 2 2 2 2 2 2 2 2 2 2 2 2 2 2 2 2 2 2 2 2 2 2 2 2 2 2 2 2 2 2 2 2 2 2 2 2 2 2 2 2 2 2 2 2 2 2 2 2 2 2 2 2 2 2 2 2 2 2 2 2 2 2 2 2 2 2 2 2 2 2 2 2 2 2 2 2 2 2 2 2 2 2 2 2 2 2 2 2 2 2 2 2 2 2 2 2 2 2 2 2 2 2 2 2 2 2 2 2 2 2 2 2 2 2 2 2 2 2 2 2 2 2 2 2 2 2 2 2 2 2 2 2 2 2 2 2 2 2 2 2 2 2 2 2 2 2 2 2 2 2 2 2 2 2 2 2 2 2 2 2 2 2 2 2 2 2 2 2 2 2 2 2 2 2 2 2 2 2 2 2 2 2 2 2 2 2 2 2 2 2 2 2 2 2 2 2 2 2 2 2 2 2 2 2 2 2 2 2 2 2 2 2 2 2 2 2 2 2 2 2 2 2 2 2 2 2 2 2 2 2 2 2 2 2 2 2 2 2 2 2 2 2 2 2 2 2 2 2 2 2 2 2 2 2 2 2 2 2 2 2 2 2 2 2 2 2 2 2 2 2 2 2 2 2 2 2 2 2 2 2 2 2 2 2 2 2 2 2 2 2 2 2 2 2 2 2 2 2 2 2 2 2 2 2 2 2 2 2 2 2 2 2 2 2 2 2 2 2 2 2 2 2 2 2 2 2 2 2 2 2 2 2 2 2 2 2 2 2 2 2 2 2 2 2 2 2 2 2 2 2 2 2 2 2 2 2 2 2 2 2 2 2 2 2 2 2 2 2 2 2 2
-1 0 1 2 -2 -1 0 1 2 -2 -1 0 1 2 -2 -1 0 1 2 -2 -1 0 1 2 -2 -1 0 1 2 -2 -1 0 1 2 -2 -1 0 1 2 -2 -1 0 1 2 -2 -1 0 1 2 -2 -1 0 1 2 -2 -1 0 1 2 -2 -1 0 1 2 -2 -1 0 1 2 -2 -1 0 1 2 -2 -1 0 1 2 -2 -1 0 1 601 -2 -1 0 1 2 -2 -1 0 1 2 -2 -1 0 1 2 -2 -1 0 1 2 -2 -1 0 1 2 -2 -1 0 1 2 -2 -1 0 1 2 -2 -1 0 1 2 -2 -1 0 1 2 -2 -1 0 1 2 -2 -1 0 1 2 -2 -1 0 1 2 -2 -1 0 1 2 -2 -1 0 1 2 -2 -1 0 1 2 -2 -1 0 1 2 -2 -1 0 1 2 -2 -1 0 1 2 -2 -1 0 1 2 -2 -1 0 1 2 -2 -1 0 1 2 -2 -1 0 1 2 -2 -1 0 1 2 -2 -1 0 1 2 -2 -1 0 1 2 -2 -1 0 1 2 -2 -1 0 1 2 -2 -1 0 1 2 -2 -1 0 1 2 -2 -1 0 1 2 -2 -1 0 1 2 -2 -1 0 1 2 -2 -1 0 1 2 -2 -1 0 1 2 -2 -1 0 1 2 -2 -1 0 1 2 -2 -1 0 1 2 -2 -1 0 1 2 -2 -1 0 1 2 -2 -1 0 1 2 -2 -1 0 1 2 -2 -1 0 1 2 -2 -1 0 1 2 -2 -1 0 1 2 -2 -1 0 1 2 -2 -1 0 1 2 -2 -1 0 1 2 -2 -1 0 1 2 -2 -1 0 1 2 -2 -1 0 1 2 -2 -1 0 1 2 -2 -1 0 1 2 -2 -1 0 1 2 -2 -1 0 1 2 -2 -1 0 1 2 -2 -1 0 1 2 -2 -1 0 1 2 -2 -1 0 1 2 -2 -1 0 1 2 -2 -1 0 1 2 -2 -1 0 1 2 -2 -1 0 1 2 -2 -1 0 1 2 -2 -1 0 1 2 -2 -1 0 1 2 -2 -1 0 1 2 -2 -1 0 1 2 -2 -1 0 1 2 -2 -1 0 1 2 -2 -1 0 1 2 -2 -1 0 1 2 -2 -1 0 1 2 -2 -1 0 1 2 -2 -1 0 1 2 -2 -1 0 1 2 -2 -1 0 1 2 -2 -1 0 1 2 -2 -1 0 1 2 -2 -1 0 1 2 -2 -1 0 1 2 -2 -1 0 1 2 -2 -1 0 1 2 -2 -1 0 1 2 -2
1 -2 0 2 -1 1 -2 0 2 -1 1 -2 0 2 -1 1 -2 0 2 -1 1 -2 0 2 -1 1 -2 0 2 -1 1 -2 0 2 -1 1 -2 0 2 -1 1 -2 0 2 -1 1 -2 0 2 -1 1 -2 0 2 -1 1 -2 0 2 -1 1 -2 0 2 -1 1 -2 0 2 -1 1 -2 0 2 -1 1 -2 0 2 -1 1 -2 0 2 602 1 -2 0 2 -1 1 -2 0 2 -1 1 -2 0 2 -1 1 -2 0 2 -1 1 -2 0 2 -1 1 -2 0 2 -1 1 -2 0 2 -1 1 -2 0 2 -1 1 -2 0 2 -1 1 -2 0 2 -1 1 -2 0 2 -1 1 -2 0 2 -1 1 -2 0 2 -1 1 -2 0 2 -1 1 -2 0 2 -1 1 -2 0 2 -1 1 -2 0 2 -1 1 -2 0 2 -1 1 -2 0 2 -1 1 -2 0 2 -1 1 -2 0 2 -1 1 -2 0 2 -1 1 -2 0 2 -1 1 -2 0 2 -1 1 -2 0 2 -1 1 -2 0 2 -1 1 -2 0 2 -1 1 -2 0 2 -1 1 -2 0 2 -1 1 -2 0 2 -1 1 -2 0 2 -1 1 -2 0 2 -1 1 -2 0 2 -1 1 -2 0 2 -1 1 -2 0 2 -1 1 -2 0 2 -1 1 -2 0 2 -1 1 -2 0 2 -1 1 -2 0 2 -1 1 -2 0 2 -1 1 -2 0 2 -1 1 -2 0 2 -1 1 -2 0 2 -1 1 -2 0 2 -1 1 -2 0 2 -1 1 -2 0 2 -1 1 -2 0 2 -1 1 -2 0 2 -1 1 -2 0 2 -1 1 -2 0 2 -1 1 -2 0 2 -1 1 -2 0 2 -1 1 -2 0 2 -1 1 -2 0 2 -1 1 -2 0 2 -1 1 -2 0 2 -1 1 -2 0 2 -1 1 -2 0 2 -1 1 -2 0 2 -1 1 -2 0 2 -1 1 -2 0 2 -1 1 -2 0 2 -1 1 -2 0 2 -1 1 -2 0 2 -1 1 -2 0 2 -1 1 -2 0 2 -1 1 -2 0 2 -1 1 -2 0 2 -1 1 -2 0 2 -1 1 -2 0 2 -1 1 -2 0 2 -1 1 -2 0 2 -1 1 -2 0 2 -1 1 -2 0 2 -1 1 -2 0 2 -1 1 -2 0 2 -1 1 -2 0 2 -1 1 -2 0 2 -1 1 -2 0 2 -1 1 -2 0 2 -1 1 -2 0 2 -1 1 -2 0 2 -1 1 -2 0 2 -1
-2 1 -1 2 0 -2 1 -1 2 0 -2 1 -1 2 0 -2 1 -1 2 0 -2 1 -1 2 0 -2 1 -1 2 0 -2 1 -1 2 0 -2 1 -1 2 0 -2 1 -1 2 0 -2 1 -1 2 0 -2 1 -1 2 0 -2 1 -1 2 0 -2 1 -1 2 0 -2 1 -1 2 0 -2 1 -1 2 0 -2 1 -1 2 0 -2 1 -1 2 0 601 1 -1 2 0 -2 1 -1 2 0 -2 1 -1 2 0 -2 1 -1 2 0 -2 1 -1 2 0 -2 1 -1 2 0 -2 1 -1 2 0 -2 1 -1 2 0 -2 1 -1 2 0 -2 1 -1 2 0 -2 1 -1 2 0 -2 1 -1 2 0 -2 1 -1 2 0 -2 1 -1 2 0 -2 1 -1 2 0 -2 1 -1 2 0 -2 1 -1 2 0 -2 1 -1 2 0 -2 1 -1 2 0 -2 1 -1 2 0 -2 1 -1 2 0 -2 1 -1 2 0 -2 1 -1 2 0 -2 1 -1 2 0 -2 1 -1 2 0 -2 1 -1 2 0 -2 1 -1 2 0 -2 1 -1 2 0 -2 1 -1 2 0 -2 1 -1 2 0 -2 1 -1 2 0 -2 1 -1 2 0 -2 1 -1 2 0 -2 1 -1 2 0 -2 1 -1 2 0 -2 1 -1 2 0 -2 1 -1 2 0 -2 1 -1 2 0 -2 1 -1 2 0 -2 1 -1 2 0 -2 1 -1 2 0 -2 1 -1 2 0 -2 1 -1 2 0 -2 1 -1 2 0 -2 1 -1 2 0 -2 1 -1 2 0 -2 1 -1 2 0 -2 1 -1 2 0 -2 1 -1 2 0 -2 1 -1 2 0 -2 1 -1 2 0 -2 1 -1 2 0 -2 1 -1 2 0 -2 1 -1 2 0 -2 1 -1 2 0 -2 1 -1 2 0 -2 1 -1 2 0 -2 1 -1 2 0 -2 1 -1 2 0 -2 1 -1 2 0 -2 1 -1 2 0 -2 1 -1 2 0 -2 1 -1 2 0 -2 1 -1 2 0 -2 1 -1 2 0 -2 1 -1 2 0 -2 1 -1 2 0 -2 1 -1 2 0 -2 1 -1 2 0 -2 1 -1 2 0 -2 1 -1 2 0 -2 1 -1 2 0 -2 1 -1 2 0 -2 1 -1 2 0 -2 1 -1 2 0 -2 1 -1 2 0 -2 1 -1 2 0 -2 1 -1 2 0 -2 1 -1 2 0 -2 1 -1 2 0 -2 1 -1 2 0 -2 1 -1 2 0 -2 1 -1 2 0
0 -1 -2 2 1 0 -1 -2 2 1 0 -1 -2 2 1 0 -1 -2 2 1 0 -1 -2 2 1 0 -1 -2 2 1 0 -1 -2 2 1 0 -1 -2 2 1 0 -1 -2 2 1 0 -1 -2 2 1 0 -1 -2 2 1 0 -1 -2 2 1 0 -1 -2 2 1 0 -1 -2 2 1 0 -1 -2 2 1 0 -1 -2 2 1 0 -1 -2 2 1 0 602 -2 2 1 0 -1 -2 2 1 0 -1 -2 2 1 0 -1 -2 2 1 0 -1 -2 2 1 0 -1 -2 2 1 0 -1 -2 2 1 0 -1 -2 2 1 0 -1 -2 2 1 0 -1 -2 2 1 0 -1 -2 2 1 0 -1 -2 2 1 0 -1 -2 2 1 0 -1 -2 2 1 0 -1 -2 2 1 0 -1 -2 2 1 0 -1 -2 2 1 0 -1 -2 2 1 0 -1 -2 2 1 0 -1 -2 2 1 0 -1 -2 2 1 0 -1 -2 2 1 0 -1 -2 2 1 0 -1 -2 2 1 0 -1 -2 2 1 0 -1 -2 2 1 0 -1 -2 2 1 0 -1 -2 2 1 0 -1 -2 2 1 0 -1 -2 2 1 0 -1 -2 2 1 0 -1 -2 2 1 0 -1 -2 2 1 0 -1 -2 2 1 0 -1 -2 2 1 0 -1 -2 2 1 0 -1 -2 2 1 0 -1 -2 2 1 0 -1 -2 2 1 0 -1 -2 2 1 0 -1 -2 2 1 0 -1 -2 2 1 0 -1 -2 2 1 0 -1 -2 2 1 0 -1 -2 2 1 0 -1 -2 2 1 0 -1 -2 2 1 0 -1 -2 2 1 0 -1 -2 2 1 0 -1 -2 2 1 0 -1 -2 2 1 0 -1 -2 2 1 0 -1 -2 2 1 0 -1 -2 2 1 0 -1 -2 2 1 0 -1 -2 2 1 0 -1 -2 2 1 0 -1 -2 2 1 0 -1 -2 2 1 0 -1 -2 2 1 0 -1 -2 2 1 0 -1 -2 2 1 0 -1 -2 2 1 0 -1 -2 2 1 0 -1 -2 2 1 0 -1 -2 2 1 0 -1 -2 2 1 0 -1 -2 2 1 0 -1 -2 2 1 0 -1 -2 2 1 0 -1 -2 2 1 0 -1 -2 2 1 0 -1 -2 2 1 0 -1 -2 2 1 0 -1 -2 2 1 0 -1 -2 2 1 0 -1 -2 2 1 0 -1 -2 2 1 0 -1 -2 2 1 0 -1 -2 2 1 0 -1 -2 2 1 0 -1 -2 2 1 0 -1 -2 2 1
2 2 2 2 2 2 2 2 2 2 2 2 2 2 2 2 2 2 2 2 2 2 2 2 2 2 2 2 2 2 2 2 2 2 2 2 2 2 2 2 2 2 2 2 2 2 2 2 2 2 2 2 2 2 2 2 2 2 2 2 2 2 2 2 2 2 2 2 2 2 2 2 2 2 2 2 2 2 2 2 2 2 2 2 2 2 2 1001 2 2 2 2 2 2 2 2 2 2 2 2 2 2 2 2 2 2 2 2 2 2 2 2 2 2 2 2 2 2 2 2 2 2 2 2 2 2 2 2 2 2 2 2 2 2 2 2 2 2 2 2 2 2 2 2 2 2 2 2 2 2 2 2 2 2 2 2 2 2 2 2 2 2 2 2 2 2 2 2 2 2 2 2 2 2 2 2 2 2 2 2 2 2 2 2 2 2 2 2 2 2 2 2 2 2 2 2 2 2 2 2 2 2 2 2 2 2 2 2 2 2 2 2 2 2 2 2 2 2 2 2 2 2 2 2 2 2 2 2 2 2 2 2 2 2 2 2 2 2 2 2 2 2 2 2 2 2 2 2 2 2 2 2 2 2 2 2 2 2 2 2 2 2 2 2 2 2 2 2 2 2 2 2 2 2 2 2 2 2 2 2 2 2 2 2 2 2 2 2 2 2 2 2 2 2 2 2 2 2 2 2 2 2 2 2 2 2 2 2 2 2 2 2 2 2 2 2 2 2 2 2 2 2 2 2 2 2 2 2 2 2 2 2 2 2 2 2 2 2 2 2 2 2 2 2 2 2 2 2 2 2 2 2 2 2 2 2 2 2 2 2 2 2 2 2 2 2 2 2 2 2 2 2 2 2 2 2 2 2 2 2 2 2 2 2 2 2 2 2 2 2 2 2 2 2 2 2 2 2 2 2 2 2 2 2 2 2 2 2 2 2 2 2 2 2 2 2 2 2 2 2 2 2 2 2 2 2 2 2 2 2 2 2 2 2 2 2 2 2 2 2 2 2 2 2 2 2 2 2 2 2 2 2 2 2 2 2 2 2 2 2 2 2 2 2 2 2 2 2 2 2 2 2 2 2 2 2 2 2 2 2 2 2 2 2 2 2 2 2 2 2 2 2 2 2 2 2 2 2 2 2
-1 0 1 2 -2 -1 0 1 2 -2 -1 0 1 2 -2 -1 0 1 2 -2 -1 0 1 2 -2 -1 0 1 2 -2 -1 0 1 2 -2 -1 0 1 2 -2 -1 0 1 2 -2 -1 0 1 2 -2 -1 0 1 2 -2 -1 0 1 2 -2 -1 0 1 2 -2 -1 0 1 2 -2 -1 0 1 2 -2 -1 0 1 2 -2 -1 0 1 2 -2 -1 0 1 601 -2 -1 0 1 2 -2 -1 0 1 2 -2 -1 0 1 2 -2 -1 0 1 2 -2 -1 0 1 2 -2 -1 0 1 2 -2 -1 0 1 2 -2 -1 0 1 2 -2 -1 0 1 2 -2 -1 0 1 2 -2 -1 0 1 2 -2 -1 0 1 2 -2 -1 0 1 2 -2 -1 0 1 2 -2 -1 0 1 2 -2 -1 0 1 2 -2 -1 0 1 2 -2 -1 0 1 2 -2 -1 0 1 2 -2 -1 0 1 2 -2 -1 0 1 2 -2 -1 0 1 2 -2 -1 0 1 2 -2 -1 0 1 2 -2 -1 0 1 2 -2 -1 0 1 2 -2 -1 0 1 2 -2 -1 0 1 2 -2 -1 0 1 2 -2 -1 0 1 2 -2 -1 0 1 2 -2 -1 0 1 2 -2 -1 0 1 2 -2 -1 0 1 2 -2 -1 0 1 2 -2 -1 0 1 2 -2 -1 0 1 2 -2 -1 0 1 2 -2 -1 0 1 2 -2 -1 0 1 2 -2 -1 0 1 2 -2 -1 0 1 2 -2 -1 0 1 2 -2 -1 0 1 2 -2 -1 0 1 2 -2 -1 0 1 2 -2 -1 0 1 2 -2 -1 0 1 2 -2 -1 0 1 2 -2 -1 0 1 2 -2 -1 0 1 2 -2 -1 0 1 2 -2 -1 0 1 2 -2 -1 0 1 2 -2 -1 0 1 2 -2 -1 0 1 2 -2 -1 0 1 2 -2 -1 0 1 2 -2 -1 0 1 2 -2 -1 0 1 2 -2 -1 0 1 2 -2 -1 0 1 2 -2 -1 0 1 2 -2 -1 0 1 2 -2 -1 0 1 2 -2 -1 0 1 2 -2 -1 0 1 2 -2 -1 0 1 2 -2 -1 0 1 2 -2 -1 0 1 2 -2 -1 0 1 2 -2 -1 0 1 2 -2 -1 0 1 2 -2 -1 0 1 2 -2 -1 0 1 2 -2 -1 0 1 2 -2 -1 0 1 2 -2 -1 0 1 2 -2 -1 0 1 2 -2 -1 0 1 2 -2 -1 0 1 2 -2 -1 0 1 2 -2
1 -2 0 2 -1 1 -2 0 2 -1 1 -2 0 2 -1 1 -2 0 2 -1 1 -2 0 2 -1 1 -2 0 2 -1 1 -2 0 2 -1 1 -2 0 2 -1 1 -2 0 2 -1 1 -2 0 2 -1 1 -2 0 2 -1 1 -2 0 2 -1 1 -2 0 2 -1 1 -2 0 2 -1 1 -2 0 2 -1 1 -2 0 2 -1 1 -2 0 2 -1 1 -2 0 2 602 1 -2 0 2 -1 1 -2 0 2 -1 1 -2 0 2 -1 1 -2 0 2 -1 1 -2 0 2 -1 1 -2 0 2 -1 1 -2 0 2 -1 1 -2 0 2 -1 1 -2 0 2 -1 1 -2 0 2 -1 1 -2 0 2 -1 1 -2 0 2 -1 1 -2 0 2 -1 1 -2 0 2 -1 1 -2 0 2 -1 1 -2 0 2 -1 1 -2 0 2 -1 1 -2 0 2 -1 1 -2 0 2 -1 1 -2 0 2 -1 1 -2 0 2 -1 1 -2 0 2 -1 1 -2 0 2 -1 1 -2 0 2 -1 1 -2 0 2 -1 1 -2 0 2 -1 1 -2 0 2 -1 1 -2 0 2 -1 1 -2 0 2 -1 1 -2 0 2 -1 1 -2 0 2 -1 1 -2 0 2 -1 1 -2 0 2 -1 1 -2 0 2 -1 1 -2 0 2 -1 1 -2 0 2 -1 1 -2 0 2 -1 1 -2 0 2 -1 1 -2 0 2 -1 1 -2 0 2 -1 1 -2 0 2 -1 1 -2 0 2 -1 1 -2 0 2 -1 1 -2 0 2 -1 1 -2 0 2 -1 1 -2 0 2 -1 1 -2 0 2 -1 1 -2 0 2 -1 1 -2 0 2 -1 1 -2 0 2 -1 1 -2 0 2 -1 1 -2 0 2 -1 1 -2 0 2 -1 1 -2 0 2 -1 1 -2 0 2 -1 1 -2 0 2 -1 1 -2 0 2 -1 1 -2 0 2 -1 1 -2 0 2 -1 1 -2 0 2 -1 1 -2 0 2 -1 1 -2 0 2 -1 1 -2 0 2 -1 1 -2 0 2 -1 1 -2 0 2 -1 1 -2 0 2 -1 1 -2 0 2 -1 1 -2 0 2 -1 1 -2 0 2 -1 1 -2 0 2 -1 1 -2 0 2 -1 1 -2 0 2 -1 1 -2 0 2 -1 1 -2 0 2 -1 1 -2 0 2 -1 1 -2 0 2 -1 1 -2 0 2 -1 1 -2 0 2 -1 1 -2 0 2 -1 1 -2 0 2 -1 1 -2 0 2 -1 1 -2 0 2 -1
-2 1 -1 2 0 -2 1 -1 2 0 -2 1 -1 2 0 -2 1 -1 2 0 -2 1 -1 2 0 -2 1 -1 2 0 -2 1 -1 2 0 -2 1 -1 2 0 -2 1 -1 2 0 -2 1 -1 2 0 -2 1 -1 2 0 -2 1 -1 2 0 -2 1 -1 2 0 -2 1 -1 2 0 -2 1 -1 2 0 -2 1 -1 2 0 -2 1 -1 2 0 -2 1 -1 2 0 601 1 -1 2 0 -2 1 -1 2 0 -2 1 -1 2 0 -2 1 -1 2 0 -2 1 -1 2 0 -2 1 -1 2 0 -2 1 -1 2 0 -2 1 -1 2 0 -2 1 -1 2 0 -2 1 -1 2 0 -2 1 -1 2 0 -2 1 -1 2 0 -2 1 -1 2 0 -2 1 -1 2 0 -2 1 -1 2 0 -2 1 -1 2 0 -2 1 -1 2 0 -2 1 -1 2 0 -2 1 -1 2 0 -2 1 -1 2 0 -2 1 -1 2 0 -2 1 -1 2 0 -2 1 -1 2 0 -2 1 -1 2 0 -2 1 -1 2 0 -2 1 -1 2 0 -2 1 -1 2 0 -2 1 -1 2 0 -2 1 -1 2 0 -2 1 -1 2 0 -2 1 -1 2 0 -2 1 -1 2 0 -2 1 -1 2 0 -2 1 -1 2 0 -2 1 -1 2 0 -2 1 -1 2 0 -2 1 -1 2 0 -2 1 -1 2 0 -2 1 -1 2 0 -2 1 -1 2 0 -2 1 -1 2 0 -2 1 -1 2 0 -2 1 -1 2 0 -2 1 -1 2 0 -2 1 -1 2 0 -2 1 -1 2 0 -2 1 -1 2 0 -2 1 -1 2 0 -2 1 -1 2 0 -2 1 -1 2 0 -2 1 -1 2 0 -2 1 -1 2 0 -2 1 -1 2 0 -2 1 -1 2 0 -2 1 -1 2 0 -2 1 -1 2 0 -2 1 -1 2 0 -2 1 -1 2 0 -2 1 -1 2 0 -2 1 -1 2 0 -2 1 -1 2 0 -2 1 -1 2 0 -2 1 -1 2 0 -2 1 -1 2 0 -2 1 -1 2 0 -2 1 -1 2 0 -2 1 -1 2 0 -2 1 -1 2 0 -2 1 -1 2 0 -2 1 -1 2 0 -2 1 -1 2 0 -2 1 -1 2 0 -2 1 -1 2 0 -2 1 -1 2 0 -2 1 -1 2 0 -2 1 -1 2 0 -2 1 -1 2 0 -2 1 -1 2 0 -2 1 -1 2 0 -2 1 -1 2 0 -2 1 -1 2 0 -2 1 -1 2 0
0 -1 -2 2 1 0 -1 -2 2 1 0 -1 -2 2 1 0 -1 -2 2 1 0 -1 -2 2 1 0 -1 -2 2 1 0 -1 -2 2 1 0 -1 -2 2 1 0 -1 -2 2 1 0 -1 -2 2 1 0 -1 -2 2 1 0 -1 -2 2 1 0 -1 -2 2 1 0 -1 -2 2 1 0 -1 -2 2 1 0 -1 -2 2 1 0 -1 -2 2 1 0 -1 -2 2 1 0 602 -2 2 1 0 -1 -2 2 1 0 -1 -2 2 1 0 -1 -2 2 1 0 -1 -2 2 1 0 -1 -2 2 1 0 -1 -2 2 1 0 -1 -2 2 1 0 -1 -2 2 1 0 -1 -2 2 1 0 -1 -2 2 1 0 -1 -2 2 1 0 -1 -2 2 1 0 -1 -2 2 1 0 -1 -2 2 1 0 -1 -2 2 1 0 -1 -2 2 1 0 -1 -2 2 1 0 -1 -2 2 1 0 -1 -2 2 1 0 -1 -2 2 1 0 -1 -2 2 1 0 -1 -2 2 1 0 -1 -2 2 1 0 -1 -2 2 1 0 -1 -2 2 1 0 -1 -2 2 1 0 -1 -2 2 1 0 -1 -2 2 1 0 -1 -2 2 1 0 -1 -2 2 1 0 -1 -2 2 1 0 -1 -2 2 1 0 -1 -2 2 1 0 -1 -2 2 1 0 -1 -2 2 1 0 -1 -2 2 1 0 -1 -2 2 1 0 -1 -2 2 1 0 -1 -2 2 1 0 -1 -2 2 1 0 -1 -2 2 1 0 -1 -2 2 1 0 -1 -2 2 1 0 -1 -2 2 1 0 -1 -2 2 1 0 -1 -2 2 1 0 -1 -2 2 1 0 -1 -2 2 1 0 -1 -2 2 1 0 -1 -2 2 1 0 -1 -2 2 1 0 -1 -2 2 1 0 -1 -2 2 1 0 -1 -2 2 1 0 -1 -2 2 1 0 -1 -2 2 1 0 -1 -2 2 1 0 -1 -2 2 1 0 -1 -2 2 1 0 -1 -2 2 1 0 -1 -2 2 1 0 -1 -2 2 1 0 -1 -2 2 1 0 -1 -2 2 1 0 -1 -2 2 1 0 -1 -2 2 1 0 -1 -2 2 1 0 -1 -2 2 1 0 -1 -2 2 1 0 -1 -2 2 1 0 -1 -2 2 1 0 -1 -2 2 1 0 -1 -2 2 1 0 -1 -2 2 1 0 -1 -2 2 1 0 -1 -2 2 1 0 -1 -2 2 1 0 -1 -2 2 1 0 -1 -2 2 1 0 -1 -2 2 1 0 -1 -2 2 1
2 2 2 2 2 2 2 2 2 2 2 2 2 2 2 2 2 2 2 2 2 2 2 2 2 2 2 2 2 2 2 2 2 2 2 2 2 2 2 2 2 2 2 2 2 2 2 2 2 2 2 2 2 2 2 2 2 2 2 2 2 2 2 2 2 2 2 2 2 2 2 2 2 2 2 2 2 2 2 2 2 2 2 2 2 2 2 2 2 2 2 2 1001 2 2 2 2 2 2 2 2 2 2 2 2 2 2 2 2 2 2 2 2 2 2 2 2 2 2 2 2 2 2 2 2 2 2 2 2 2 2 2 2 2 2 2 2 2 2 2 2 2 2 2 2 2 2 2 2 2 2 2 2 2 2 2 2 2 2 2 2 2 2 2 2 2 2 2 2 2 2 2 2 2 2 2 2 2 2 2 2 2 2 2 2 2 2 2 2 2 2 2 2 2 2 2 2 2 2 2 2 2 2 2 2 2 2 2 2 2 2 2 2 2 2 2 2 2 2 2 2 2 2 2 2 2 2 2 2 2 2 2 2 2 2 2 2 2 2 2 2 2 2 2 2 2 2 2 2 2 2 2 2 2 2 2 2 2 2 2 2 2 2 2 2 2 2 2 2 2 2 2 2 2 2 2 2 2 2 2 2 2 2 2 2 2 2 2 2 2 2 2 2 2 2 2 2 2 2 2 2 2 2 2 2 2 2 2 2 2 2 2 2 2 2 2 2 2 2 2 2 2 2 2 2 2 2 2 2 2 2 2 2 2 2 2 2 2 2 2 2 2 2 2 2 2 2 2 2 2 2 2 2 2 2 2 2 2 2 2 2 2 2 2 2 2 2 2 2 2 2 2 2 2 2 2 2 2 2 2 2 2 2 2 2 2 2 2 2 2 2 2 2 2 2 2 2 2 2 2 2 2 2 2 2 2 2 2 2 2 2 2 2 2 2 2 2 2 2 2 2 2 2 2 2 2 2 2 2 2 2 2 2 2 2 2 2 2 2 2 2 2 2 2 2 2 2 2 2 2 2 2 2 2 2 2 2 2 2 2 2 2 2 2 2 2 2 2 2 2 2 2 2 2 2 2 2 2 2 2 2 2 2 2 2 2 2 2 2 2 2 2 2 2 2 2 2 2 2 2
-1 0 1 2 -2 -1 0 1 2 -2 -1 0 1 2 -2 -1 0 1 2 -2 -1 0 1 2 -2 -1 0 1 2 -2 -1 0 1 2 -2 -1 0 1 2 -2 -1 0 1 2 -2 -1 0 1 2 -2 -1 0 1 2 -2 -1 0 1 2 -2 -1 0 1 2 -2 -1 0 1 2 -2 -1 0 1 2 -2 -1 0 1 2 -2 -1 0 1 2 -2 -1 0 1 2 -2 -1 0 1 601 -2 -1 0 1 2 -2 -1 0 1 2 -2 -1 0 1 2 -2 -1 0 1 2 -2 -1 0 1 2 -2 -1 0 1 2 -2 -1 0 1 2 -2 -1 0 1 2 -2 -1 0 1 2 -2 -1 0 1 2 -2 -1 0 1 2 -2 -1 0 1 2 -2 -1 0 1 2 -2 -1 0 1 2 -2 -1 0 1 2 -2 -1 0 1 2 -2 -1 0 1 2 -2 -1 0 1 2 -2 -1 0 1 2 -2 -1 0 1 2 -2 -1 0 1 2 -2 -1 0 1 2 -2 -1 0 1 2 -2 -1 0 1 2 -2 -1 0 1 2 -2 -1 0 1 2 -2 -1 0 1 2 -2 -1 0 1 2 -2 -1 0 1 2 -2 -1 0 1 2 -2 -1 0 1 2 -2 -1 0 1 2 -2 -1 0 1 2 -2 -1 0 1 2 -2 -1 0 1 2 -2 -1 0 1 2 -2 -1 0 1 2 -2 -1 0 1 2 -2 -1 0 1 2 -2 -1 0 1 2 -2 -1 0 1 2 -2 -1 0 1 2 -2 -1 0 1 2 -2 -1 0 1 2 -2 -1 0 1 2 -2 -1 0 1 2 -2 -1 0 1 2 -2 -1 0 1 2 -2 -1 0 1 2 -2 -1 0 1 2 -2 -1 0 1 2 -2 -1 0 1 2 -2 -1 0 1 2 -2 -1 0 1 2 -2 -1 0 1 2 -2 -1 0 1 2 -2 -1 0 1 2 -2 -1 0 1 2 -2 -1 0 1 2 -2 -1 0 1 2 -2 -1 0 1 2 -2 -1 0 1 2 -2 -1 0 1 2 -2 -1 0 1 2 -2 -1 0 1 2 -2 -1 0 1 2 -2 -1 0 1 2 -2 -1 0 1 2 -2 -1 0 1 2 -2 -1 0 1 2 -2 -1 0 1 2 -2 -1 0 1 2 -2 -1 0 1 2 -2 -1 0 1 2 -2 -1 0 1 2 -2 -1 0 1 2 -2 -1 0 1 2 -2 -1 0 1 2 -2 -1 0 1 2 -2 -1 0 1 2 -2 -1 0 1 2 -2
1 -2 0 2 -1 1 -2 0 2 -1 1 -2 0 2 -1 1 -2 0 2 -1 1 -2 0 2 -1 1 -2 0 2 -1 1 -2 0 2 -1 1 -2 0 2 -1 1 -2 0 2 -1 1 -2 0 2 -1 1 -2 0 2 -1 1 -2 0 2 -1 1 -2 0 2 -1 1 -2 0 2 -1 1 -2 0 2 -1 1 -2 0 2 -1 1 -2 0 2 -1 1 -2 0 2 -1 1 -2 0 2 602 1 -2 0 2 -1 1 -2 0 2 -1 1 -2 0 2 -1 1 -2 0 2 -1 1 -2 0 2 -1 1 -2 0 2 -1 1 -2 0 2 -1 1 -2 0 2 -1 1 -2 0 2 -1 1 -2 0 2 -1 1 -2 0 2 -1 1 -2 0 2 -1 1 -2 0 2 -1 1 -2 0 2 -1 1 -2 0 2 -1 1 -2 0 2 -1 1 -2 0 2 -1 1 -2 0 2 -1 1 -2 0 2 -1 1 -2 0 2 -1 1 -2 0 2 -1 1 -2 0 2 -1 1 -2 0 2 -1 1 -2 0 2 -1 1 -2 0 2 -1 1 -2 0 2 -1 1 -2 0 2 -1 1 -2 0 2 -1 1 -2 0 2 -1 1 -2 0 2 -1 1 -2 0 2 -1 1 -2 0 2 -1 1 -2 0 2 -1 1 -2 0 2 -1 1 -2 0 2 -1 1 -2 0 2 -1 1 -2 0 2 -1 1 -2 0 2 -1 1 -2 0 2 -1 1 -2 0 2 -1 1 -2 0 2 -1 1 -2 0 2 -1 1 -2 0 2 -1 1 -2 0 2 -1 1 -2 0 2 -1 1 -2 0 2 -1 1 -2 0 2 -1 1 -2 0 2 -1 1 -2 0 2 -1 1 -2 0 2 -1 1 -2 0 2 -1 1 -2 0 2 -1 1 -2 0 2 -1 1 -2 0 2 -1 1 -2 0 2 -1 1 -2 0 2 -1 1 -2 0 2 -1 1 -2 0 2 -1 1 -2 0 2 -1 1 -2 0 2 -1 1 -2 0 2 -1 1 -2 0 2 -1 1 -2 0 2 -1 1 -2 0 2 -1 1 -2 0 2 -1 1 -2 0 2 -1 1 -2 0 2 -1 1 -2 0 2 -1 1 -2 0 2 -1 1 -2 0 2 -1 1 -2 0 2 -1 1 -2 0 2 -1 1 -2 0 2 -1 1 -2 0 2 -1 1 -2 0 2 -1 1 -2 0 2 -1 1 -2 0 2 -1 1 -2 0 2 -1 1 -2 0 2 -1 1 -2 0 2 -1 1 -2 0 2 -1
-2 1 -1 2 0 -2 1 -1 2 0 -2 1 -1 2 0 -2 1 -1 2 0 -2 1 -1 2 0 -2 1 -1 2 0 -2 1 -1 2 0 -2 1 -1 2 0 -2 1 -1 2 0 -2 1 -1 2 0 -2 1 -1 2 0 -2 1 -1 2 0 -2 1 -1 2 0 -2 1 -1 2 0 -2 1 -1 2 0 -2 1 -1 2 0 -2 1 -1 2 0 -2 1 -1 2 0 -2 1 -1 2 0 601 1 -1 2 0 -2 1 -1 2 0 -2 1 -1 2 0 -2 1 -1 2 0 -2 1 -1 2 0 -2 1 -1 2 0 -2 1 -1 2 0 -2 1 -1 2 0 -2 1 -1 2 0 -2 1 -1 2 0 -2 1 -1 2 0 -2 1 -1 2 0 -2 1 -1 2 0 -2 1 -1 2 0 -2 1 -1 2 0 -2 1 -1 2 0 -2 1 -1 2 0 -2 1 -1 2 0 -2 1 -1 2 0 -2 1 -1 2 0 -2 1 -1 2 0 -2 1 -1 2 0 -2 1 -1 2 0 -2 1 -1 2 0 -2 1 -1 2 0 -2 1 -1 2 0 -2 1 -1 2 0 -2 1 -1 2 0 -2 1 -1 2 0 -2 1 -1 2 0 -2 1 -1 2 0 -2 1 -1 2 0 -2 1 -1 2 0 -2 1 -1 2 0 -2 1 -1 2 0 -2 1 -1 2 0 -2 1 -1 2 0 -2 1 -1 2 0 -2 1 -1 2 0 -2 1 -1 2 0 -2 1 -1 2 0 -2 1 -1 2 0 -2 1 -1 2 0 -2 1 -1 2 0 -2 1 -1 2 0 -2 1 -1 2 0 -2 1 -1 2 0 -2 1 -1 2 0 -2 1 -1 2 0 -2 1 -1 2 0 -2 1 -1 2 0 -2 1 -1 2 0 -2 1 -1 2 0 -2 1 -1 2 0 -2 1 -1 2 0 -2 1 -1 2 0 -2 1 -1 2 0 -2 1 -1 2 0 -2 1 -1 2 0 -2 1 -1 2 0 -2 1 -1 2 0 -2 1 -1 2 0 -2 1 -1 2 0 -2 1 -1 2 0 -2 1 -1 2 0 -2 1 -1 2 0 -2 1 -1 2 0 -2 1 -1 2 0 -2 1 -1 2 0 -2 1 -1 2 0 -2 1 -1 2 0 -2 1 -1 2 0 -2 1 -1 2 0 -2 1 -1 2 0 -2 1 -1 2 0 -2 1 -1 2 0 -2 1 -1 2 0 -2 1 -1 2 0 -2 1 -1 2 0 -2 1 -1 2 0 -2 1 -1 2 0
0 -1 -2 2 1 0 -1 -2 2 1 0 -1 -2 2 1 0 -1 -2 2 1 0 -1 -2 2 1 0 -1 -2 2 1 0 -1 -2 2 1 0 -1 -2 2 1 0 -1 -2 2 1 0 -1 -2 2 1 0 -1 -2 2 1 0 -1 -2 2 1 0 -1 -2 2 1 0 -1 -2 2 1 0 -1 -2 2 1 0 -1 -2 2 1 0 -1 -2 2 1 0 -1 -2 2 1 0 -1 -2 2 1 0 602 -2 2 1 0 -1 -2 2 1 0 -1 -2 2 1 0 -1 -2 2 1 0 -1 -2 2 1 0 -1 -2 2 1 0 -1 -2 2 1 0 -1 -2 2 1 0 -1 -2 2 1 0 -1 -2 2 1 0 -1 -2 2 1 0 -1 -2 2 1 0 -1 -2 2 1 0 -1 -2 2 1 0 -1 -2 2 1 0 -1 -2 2 1 0 -1 -2 2 1 0 -1 -2 2 1 0 -1 -2 2 1 0 -1 -2 2 1 0 -1 -2 2 1 0 -1 -2 2 1 0 -1 -2 2 1 0 -1 -2 2 1 0 -1 -2 2 1 0 -1 -2 2 1 0 -1 -2 2 1 0 -1 -2 2 1 0 -1 -2 2 1 0 -1 -2 2 1 0 -1 -2 2 1 0 -1 -2 2 1 0 -1 -2 2 1 0 -1 -2 2 1 0 -1 -2 2 1 0 -1 -2 2 1 0 -1 -2 2 1 0 -1 -2 2 1 0 -1 -2 2 1 0 -1 -2 2 1 0 -1 -2 2 1 0 -1 -2 2 1 0 -1 -2 2 1 0 -1 -2 2 1 0 -1 -2 2 1 0 -1 -2 2 1 0 -1 -2 2 1 0 -1 -2 2 1 0 -1 -2 2 1 0 -1 -2 2 1 0 -1 -2 2 1 0 -1 -2 2 1 0 -1 -2 2 1 0 -1 -2 2 1 0 -1 -2 2 1 0 -1 -2 2 1 0 -1 -2 2 1 0 -1 -2 2 1 0 -1 -2 2 1 0 -1 -2 2 1 0 -1 -2 2 1 0 -1 -2 2 1 0 -1 -2 2 1 0 -1 -2 2 1 0 -1 -2 2 1 0 -1 -2 2 1 0 -1 -2 2 1 0 -1 -2 2 1 0 -1 -2 2 1 0 -1 -2 2 1 0 -1 -2 2 1 0 -1 -2 2 1 0 -1 -2 2 1 0 -1 -2 2 1 0 -1 -2 2 1 0 -1 -2 2 1 0 -1 -2 2 1 0 -1 -2 2 1 0 -1 -2 2 1 0 -1 -2 2 1 0 -1 -2 2 1
2 2 2 2 2 2 2 2 2 2 2 2 2 2 2 2 2 2 2 2 2 2 2 2 2 2 2 2 2 2 2 2 2 2 2 2 2 2 2 2 2 2 2 2 2 2 2 2 2 2 2 2 2 2 2 2 2 2 2 2 2 2 2 2 2 2 2 2 2 2 2 2 2 2 2 2 2 2 2 2 2 2 2 2 2 2 2 2 2 2 2 2 2 2 2 2 2 1001 2 2 2 2 2 2 2 2 2 2 2 2 2 2 2 2 2 2 2 2 2 2 2 2 2 2 2 2 2 2 2 2 2 2 2 2 2 2 2 2 2 2 2 2 2 2 2 2 2 2 2 2 2 2 2 2 2 2 2 2 2 2 2 2 2 2 2 2 2 2 2 2 2 2 2 2 2 2 2 2 2 2 2 2 2 2 2 2 2 2 2 2 2 2 2 2 2 2 2 2 2 2 2 2 2 2 2 2 2 2 2 2 2 2 2 2 2 2 2 2 2 2 2 2 2 2 2 2 2 2 2 2 2 2 2 2 2 2 2 2 2 2 2 2 2 2 2 2 2 2 2 2 2 2 2 2 2 2 2 2 2 2 2 2 2 2 2 2 2 2 2 2 2 2 2 2 2 2 2 2 2 2 2 2 2 2 2 2 2 2 2 2 2 2 2 2 2 2 2 2 2 2 2 2 2 2 2 2 2 2 2 2 2 2 2 2 2 2 2 2 2 2 2 2 2 2 2 2 2 2 2 2 2 2 2 2 2 2 2 2 2 2 2 2 2 2 2 2 2 2 2 2 2 2 2 2 2 2 2 2 2 2 2 2 2 2 2 2 2 2 2 2 2 2 2 2 2 2 2 2 2 2 2 2 2 2 2 2 2 2 2 2 2 2 2 2 2 2 2 2 2 2 2 2 2 2 2 2 2 2 2 2 2 2 2 2 2 2 2 2 2 2 2 2 2 2 2 2 2 2 2 2 2 2 2 2 2 2 2 2 2 2 2 2 2 2 2 2 2 2 2 2 2 2 2 2 2 2 2 2 2 2 2 2 2 2 2 2 2 2 2 2 2 2 2 2 2 2 2 2 2 2 2 2 2 2 2 2 2 2 2 2 2 2 2 2 2 2 2 2 2 2
-1 0 1 2 -2 -1 0 1 2 -2 -1 0 1 2 -2 -1 0 1 2 -2 -1 0 1 2 -2 -1 0 1 2 -2 -1 0 1 2 -2 -1 0 1 2 -2 -1 0 1 2 -2 -1 0 1 2 -2 -1 0 1 2 -2 -1 0 1 2 -2 -1 0 1 2 -2 -1 0 1 2 -2 -1 0 1 2 -2 -1 0 1 2 -2 -1 0 1 2 -2 -1 0 1 2 -2 -1 0 1 2 -2 -1 0 1 601 -2 -1 0 1 2 -2 -1 0 1 2 -2 -1 0 1 2 -2 -1 0 1 2 -2 -1 0 1 2 -2 -1 0 1 2 -2 -1 0 1 2 -2 -1 0 1 2 -2 -1 0 1 2 -2 -1 0 1 2 -2 -1 0 1 2 -2 -1 0 1 2 -2 -1 0 1 2 -2 -1 0 1 2 -2 -1 0 1 2 -2 -1 0 1 2 -2 -1 0 1 2 -2 -1 0 1 2 -2 -1 0 1 2 -2 -1 0 1 2 -2 -1 0 1 2 -2 -1 0 1 2 -2 -1 0 1 2 -2 -1 0 1 2 -2 -1 0 1 2 -2 -1 0 1 2 -2 -1 0 1 2 -2 -1 0 1 2 -2 -1 0 1 2 -2 -1 0 1 2 -2 -1 0 1 2 -2 -1 0 1 2 -2 -1 0 1 2 -2 -1 0 1 2 -2 -1 0 1 2 -2 -1 0 1 2 -2 -1 0 1 2 -2 -1 0 1 2 -2 -1 0 1 2 -2 -1 0 1 2 -2 -1 0 1 2 -2 -1 0 1 2 -2 -1 0 1 2 -2 -1 0 1 2 -2 -1 0 1 2 -2 -1 0 1 2 -2 -1 0 1 2 -2 -1 0 1 2 -2 -1 0 1 2 -2 -1 0 1 2 -2 -1 0 1 2 -2 -1 0 1 2 -2 -1 0 1 2 -2 -1 0 1 2 -2 -1 0 1 2 -2 -1 0 1 2 -2 -1 0 1 2 -2 -1 0 1 2 -2 -1 0 1 2 -2 -1 0 1 2 -2 -1 0 1 2 -2 -1 0 1 2 -2 -1 0 1 2 -2 -1 0 1 2 -2 -1 0 1 2 -2 -1 0 1 2 -2 -1 0 1 2 -2 -1 0 1 2 -2 -1 0 1 2 -2 -1 0 1 2 -2 -1 0 1 2 -2 -1 0 1 2 -2 -1 0 1 2 -2 -1 0 1 2 -2 -1 0 1 2 -2 -1 0 1 2 -2 -1 0 1 2 -2 -1 0 1 2 -2 -1 0 1 2 -2 -1 0 1 2 -2
1 -2 0 2 -1 1 -2 0 2 -1 1 -2 0 2 -1 1 -2 0 2 -1 1 -2 0 2 -1 1 -2 0 2 -1 1 -2 0 2 -1 1 -2 0 2 -1 1 -2 0 2 -1 1 -2 0 2 -1 1 -2 0 2 -1 1 -2 0 2 -1 1 -2 0 2 -1 1 -2 0 2 -1 1 -2 0 2 -1 1 -2 0 2 -1 1 -2 0 2 -1 1 -2 0 2 -1 1 -2 0 2 -1 1 -2 0 2 602 1 -2 0 2 -1 1 -2 0 2 -1 1 -2 0 2 -1 1 -2 0 2 -1 1 -2 0 2 -1 1 -2 0 2 -1 1 -2 0 2 -1 1 -2 0 2 -1 1 -2 0 2 -1 1 -2 0 2 -1 1 -2 0 2 -1 1 -2 0 2 -1 1 -2 0 2 -1 1 -2 0 2 -1 1 -2 0 2 -1 1 -2 0 2 -1 1 -2 0 2 -1 1 -2 0 2 -1 1 -2 0 2 -1 1 -2 0 2 -1 1 -2 0 2 -1 1 -2 0 2 -1 1 -2 0 2 -1 1 -2 0 2 -1 1 -2 0 2 -1 1 -2 0 2 -1 1 -2 0 2 -1 1 -2 0 2 -1 1 -2 0 2 -1 1 -2 0 2 -1 1 -2 0 2 -1 1 -2 0 2 -1 1 -2 0 2 -1 1 -2 0 2 -1 1 -2 0 2 -1 1 -2 0 2 -1 1 -2 0 2 -1 1 -2 0 2 -1 1 -2 0 2 -1 1 -2 0 2 -1 1 -2 0 2 -1 1 -2 0 2 -1 1 -2 0 2 -1 1 -2 0 2 -1 1 -2 0 2 -1 1 -2 0 2 -1 1 -2 0 2 -1 1 -2 0 2 -1 1 -2 0 2 -1 1 -2 0 2 -1 1 -2 0 2 -1 1 -2 0 2 -1 1 -2 0 2 -1 1 -2 0 2 -1 1 -2 0 2 -1 1 -2 0 2 -1 1 -2 0 2 -1 1 -2 0 2 -1 1 -2 0 2 -1 1 -2 0 2 -1 1 -2 0 2 -1 1 -2 0 2 -1 1 -2 0 2 -1 1 -2 0 2 -1 1 -2 0 2 -1 1 -2 0 2 -1 1 -2 0 2 -1 1 -2 0 2 -1 1 -2 0 2 -1 1 -2 0 2 -1 1 -2 0 2 -1 1 -2 0 2 -1 1 -2 0 2 -1 1 -2 0 2 -1 1 -2 0 2 -1 1 -2 0 2 -1 1 -2 0 2 -1 1 -2 0 2 -1 1 -2 0 2 -1 1 -2 0 2 -1
-2 1 -1 2 0 -2 1 -1 2 0 -2 1 -1 2 0 -2 1 -1 2 0 -2 1 -1 2 0 -2 1 -1 2 0 -2 1 -1 2 0 -2 1 -1 2 0 -2 1 -1 2 0 -2 1 -1 2 0 -2 1 -1 2 0 -2 1 -1 2 0 -2 1 -1 2 0 -2 1 -1 2 0 -2 1 -1 2 0 -2 1 -1 2 0 -2 1 -1 2 0 -2 1 -1 2 0 -2 1 -1 2 0 -2 1 -1 2 0 601 1 -1 2 0 -2 1 -1 2 0 -2 1 -1 2 0 -2 1 -1 2 0 -2 1 -1 2 0 -2 1 -1 2 0 -2 1 -1 2 0 -2 1 -1 2 0 -2 1 -1 2 0 -2 1 -1 2 0 -2 1 -1 2 0 -2 1 -1 2 0 -2 1 -1 2 0 -2 1 -1 2 0 -2 1 -1 2 0 -2 1 -1 2 0 -2 1 -1 2 0 -2 1 -1 2 0 -2 1 -1 2 0 -2 1 -1 2 0 -2 1 -1 2 0 -2 1 -1 2 0 -2 1 -1 2 0 -2 1 -1 2 0 -2 1 -1 2 0 -2 1 -1 2 0 -2 1 -1 2 0 -2 1 -1 2 0 -2 1 -1 2 0 -2 1 -1 2 0 -2 1 -1 2 0 -2 1 -1 2 0 -2 1 -1 2 0 -2 1 -1 2 0 -2 1 -1 2 0 -2 1 -1 2 0 -2 1 -1 2 0 -2 1 -1 2 0 -2 1 -1 2 0 -2 1 -1 2 0 -2 1 -1 2 0 -2 1 -1 2 0 -2 1 -1 2 0 -2 1 -1 2 0 -2 1 -1 2 0 -2 1 -1 2 0 -2 1 -1 2 0 -2 1 -1 2 0 -2 1 -1 2 0 -2 1 -1 2 0 -2 1 -1 2 0 -2 1 -1 2 0 -2 1 -1 2 0 -2 1 -1 2 0 -2 1 -1 2 0 -2 1 -1 2 0 -2 1 -1 2 0 -2 1 -1 2 0 -2 1 -1 2 0 -2 1 -1 2 0 -2 1 -1 2 0 -2 1 -1 2 0 -2 1 -1 2 0 -2 1 -1 2 0 -2 1 -1 2 0 -2 1 -1 2 0 -2 1 -1 2 0 -2 1 -1 2 0 -2 1 -1 2 0 -2 1 -1 2 0 -2 1 -1 2 0 -2 1 -1 2 0 -2 1 -1 2 0 -2 1 -1 2 0 -2 1 -1 2 0 -2 1 -1 2 0 -2 1 -1 2 0 -2 1 -1 2 0 -2 1 -1 2 0 -2 1 -1 2 0
0 -1 -2 2 1 0 -1 -2 2 1 0 -1 -2 2 1 0 -1 -2 2 1 0 -1 -2 2 1 0 -1 -2 2 1 0 -1 -2 2 1 0 -1 -2 2 1 0 -1 -2 2 1 0 -1 -2 2 1 0 -1 -2 2 1 0 -1 -2 2 1 0 -1 -2 2 1 0 -1 -2 2 1 0 -1 -2 2 1 0 -1 -2 2 1 0 -1 -2 2 1 0 -1 -2 2 1 0 -1 -2 2 1 0 -1 -2 2 1 0 602 -2 2 1 0 -1 -2 2 1 0 -1 -2 2 1 0 -1 -2 2 1 0 -1 -2 2 1 0 -1 -2 2 1 0 -1 -2 2 1 0 -1 -2 2 1 0 -1 -2 2 1 0 -1 -2 2 1 0 -1 -2 2 1 0 -1 -2 2 1 0 -1 -2 2 1 0 -1 -2 2 1 0 -1 -2 2 1 0 -1 -2 2 1 0 -1 -2 2 1 0 -1 -2 2 1 0 -1 -2 2 1 0 -1 -2 2 1 0 -1 -2 2 1 0 -1 -2 2 1 0 -1 -2 2 1 0 -1 -2 2 1 0 -1 -2 2 1 0 -1 -2 2 1 0 -1 -2 2 1 0 -1 -2 2 1 0 -1 -2 2 1 0 -1 -2 2 1 0 -1 -2 2 1 0 -1 -2 2 1 0 -1 -2 2 1 0 -1 -2 2 1 0 -1 -2 2 1 0 -1 -2 2 1 0 -1 -2 2 1 0 -1 -2 2 1 0 -1 -2 2 1 0 -1 -2 2 1 0 -1 -2 2 1 0 -1 -2 2 1 0 -1 -2 2 1 0 -1 -2 2 1 0 -1 -2 2 1 0 -1 -2 2 1 0 -1 -2 2 1 0 -1 -2 2 1 0 -1 -2 2 1 0 -1 -2 2 1 0 -1 -2 2 1 0 -1 -2 2 1 0 -1 -2 2 1 0 -1 -2 2 1 0 -1 -2 2 1 0 -1 -2 2 1 0 -1 -2 2 1 0 -1 -2 2 1 0 -1 -2 2 1 0 -1 -2 2 1 0 -1 -2 2 1 0 -1 -2 2 1 0 -1 -2 2 1 0 -1 -2 2 1 0 -1 -2 2 1 0 -1 -2 2 1 0 -1 -2 2 1 0 -1 -2 2 1 0 -1 -2 2 1 0 -1 -2 2 1 0 -1 -2 2 1 0 -1 -2 2 1 0 -1 -2 2 1 0 -1 -2 2 1 0 -1 -2 2 1 0 -1 -2 2 1 0 -1 -2 2 1 0 -1 -2 2 1 0 -1 -2 2 1 0 -1 -2 2 1
2 2 2 2 2 2 2 2 2 2 2 2 2 2 2 2 2 2 2 2 2 2 2 2 2 2 2 2 2 2 2 2 2 2 2 2 2 2 2 2 2 2 2 2 2 2 2 2 2 2 2 2 2 2 2 2 2 2 2 2 2 2 2 2 2 2 2 2 2 2 2 2 2 2 2 2 2 2 2 2 2 2 2 2 2 2 2 2 2 2 2 2 2 2 2 2 2 2 2 2 2 2 1001 2 2 2 2 2 2 2 2 2 2 2 2 2 2 2 2 2 2 2 2 2 2 2 2 2 2 2 2 2 2 2 2 2 2 2 2 2 2 2 2 2 2 2 2 2 2 2 2 2 2 2 2 2 2 2 2 2 2 2 2 2 2 2 2 2 2 2 2 2 2 2 2 2 2 2 2 2 2 2 2 2 2 2 2 2 2 2 2 2 2 2 2 2 2 2 2 2 2 2 2 2 2 2 2 2 2 2 2 2 2 2 2 2 2 2 2 2 2 2 2 2 2 2 2 2 2 2 2 2 2 2 2 2 2 2 2 2 2 2 2 2 2 2 2 2 2 2 2 2 2 2 2 2 2 2 2 2 2 2 2 2 2 2 2 2 2 2 2 2 2 2 2 2 2 2 2 2 2 2 2 2 2 2 2 2 2 2 2 2 2 2 2 2 2 2 2 2 2 2 2 2 2 2 2 2 2 2 2 2 2 2 2 2 2 2 2 2 2 2 2 2 2 2 2 2 2 2 2 2 2 2 2 2 2 2 2 2 2 2 2 2 2 2 2 2 2 2 2 2 2 2 2 2 2 2 2 2 2 2 2 2 2 2 2 2 2 2 2 2 2 2 2 2 2 2 2 2 2 2 2 2 2 2 2 2 2 2 2 2 2 2 2 2 2 2 2 2 2 2 2 2 2 2 2 2 2 2 2 2 2 2 2 2 2 2 2 2 2 2 2 2 2 2 2 2 2 2 2 2 2 2 2 2 2 2 2 2 2 2 2 2 2 2 2 2 2 2 2 2 2 2 2 2 2 2 2 2 2 2 2 2 2 2 2 2 2 2 2 2 2 2 2 2 2 2 2 2 2 2 2 2 2 2 2 2 2 2 2 2 2 2 2 2 2 2 2 2
-1 0 1 2 -2 -1 0 1 2 -2 -1 0 1 2 -2 -1 0 1 2 -2 -1 0 1 2 -2 -1 0 1 2 -2 -1 0 1 2 -2 -1 0 1 2 -2 -1 0 1 2 -2 -1 0 1 2 -2 -1 0 1 2 -2 -1 0 1 2 -2 -1 0 1 2 -2 -1 0 1 2 -2 -1 0 1 2 -2 -1 0 1 2 -2 -1 0 1 2 -2 -1 0 1 2 -2 -1 0 1 2 -2 -1 0 1 2 -2 -1 0 1 601 -2 -1 0 1 2 -2 -1 0 1 2 -2 -1 0 1 2 -2 -1 0 1 2 -2 -1 0 1 2 -2 -1 0 1 2 -2 -1 0 1 2 -2 -1 0 1 2 -2 -1 0 1 2 -2 -1 0 1 2 -2 -1 0 1 2 -2 -1 0 1 2 -2 -1 0 1 2 -2 -1 0 1 2 -2 -1 0 1 2 -2 -1 0 1 2 -2 -1 0 1 2 -2 -1 0 1 2 -2 -1 0 1 2 -2 -1 0 1 2 -2 -1 0 1 2 -2 -1 0 1 2 -2 -1 0 1 2 -2 -1 0 1 2 -2 -1 0 1 2 -2 -1 0 1 2 -2 -1 0 1 2 -2 -1 0 1 2 -2 -1 0 1 2 -2 -1 0 1 2 -2 -1 0 1 2 -2 -1 0 1 2 -2 -1 0 1 2 -2 -1 0 1 2 -2 -1 0 1 2 -2 -1 0 1 2 -2 -1 0 1 2 -2 -1 0 1 2 -2 -1 0 1 2 -2 -1 0 1 2 -2 -1 0 1 2 -2 -1 0 1 2 -2 -1 0 1 2 -2 -1 0 1 2 -2 -1 0 1 2 -2 -1 0 1 2 -2 -1 0 1 2 -2 -1 0 1 2 -2 -1 0 1 2 -2 -1 0 1 2 -2 -1 0 1 2 -2 -1 0 1 2 -2 -1 0 1 2 -2 -1 0 1 2 -2 -1 0 1 2 -2 -1 0 1 2 -2 -1 0 1 2 -2 -1 0 1 2 -2 -1 0 1 2 -2 -1 0 1 2 -2 -1 0 1 2 -2 -1 0 1 2 -2 -1 0 1 2 -2 -1 0 1 2 -2 -1 0 1 2 -2 -1 0 1 2 -2 -1 0 1 2 -2 -1 0 1 2 -2 -1 0 1 2 -2 -1 0 1 2 -2 -1 0 1 2 -2 -1 0 1 2 -2 -1 0 1 2 -2 -1 0 1 2 -2 -1 0 1 2 -2 -1 0 1 2 -2 -1 0 1 2 -2 -1 0 1 2 -2 -1 0 1 2 -2
1 -2 0 2 -1 1 -2 0 2 -1 1 -2 0 2 -1 1 -2 0 2 -1 1 -2 0 2 -1 1 -2 0 2 -1 1 -2 0 2 -1 1 -2 0 2 -1 1 -2 0 2 -1 1 -2 0 2 -1 1 -2 0 2 -1 1 -2 0 2 -1 1 -2 0 2 -1 1 -2 0 2 -1 1 -2 0 2 -1 1 -2 0 2 -1 1 -2 0 2 -1 1 -2 0 2 -1 1 -2 0 2 -1 1 -2 0 2 -1 1 -2 0 2 602 1 -2 0 2 -1 1 -2 0 2 -1 1 -2 0 2 -1 1 -2 0 2 -1 1 -2 0 2 -1 1 -2 0 2 -1 1 -2 0 2 -1 1 -2 0 2 -1 1 -2 0 2 -1 1 -2 0 2 -1 1 -2 0 2 -1 1 -2 0 2 -1 1 -2 0 2 -1 1 -2 0 2 -1 1 -2 0 2 -1 1 -2 0 2 -1 1 -2 0 2 -1 1 -2 0 2 -1 1 -2 0 2 -1 1 -2 0 2 -1 1 -2 0 2 -1 1 -2 0 2 -1 1 -2 0 2 -1 1 -2 0 2 -1 1 -2 0 2 -1 1 -2 0 2 -1 1 -2 0 2 -1 1 -2 0 2 -1 1 -2 0 2 -1 1 -2 0 2 -1 1 -2 0 2 -1 1 -2 0 2 -1 1 -2 0 2 -1 1 -2 0 2 -1 1 -2 0 2 -1 1 -2 0 2 -1 1 -2 0 2 -1 1 -2 0 2 -1 1 -2 0 2 -1 1 -2 0 2 -1 1 -2 0 2 -1 1 -2 0 2 -1 1 -2 0 2 -1 1 -2 0 2 -1 1 -2 0 2 -1 1 -2 0 2 -1 1 -2 0 2 -1 1 -2 0 2 -1 1 -2 0 2 -1 1 -2 0 2 -1 1 -2 0 2 -1 1 -2 0 2 -1 1 -2 0 2 -1 1 -2 0 2 -1 1 -2 0 2 -1 1 -2 0 2 -1 1 -2 0 2 -1 1 -2 0 2 -1 1 -2 0 2 -1 1 -2 0 2 -1 1 -2 0 2 -1 1 -2 0 2 -1 1 -2 0 2 -1 1 -2 0 2 -1 1 -2 0 2 -1 1 -2 0 2 -1 1 -2 0 2 -1 1 -2 0 2 -1 1 -2 0 2 -1 1 -2 0 2 -1 1 -2 0 2 -1 1 -2 0 2 -1 1 -2 0 2 -1 1 -2 0 2 -1 1 -2 0 2 -1 1 -2 0 2 -1 1 -2 0 2 -1 1 -2 0 2 -1 1 -2 0 2 -1
-2 1 -1 2 0 -2 1 -1 2 0 -2 1 -1 2 0 -2 1 -1 2 0 -2 1 -1 2 0 -2 1 -1 2 0 -2 1 -1 2 0 -2 1 -1 2 0 -2 1 -1 2 0 -2 1 -1 2 0 -2 1 -1 2 0 -2 1 -1 2 0 -2 1 -1 2 0 -2 1 -1 2 0 -2 1 -1 2 0 -2 1 -1 2 0 -2 1 -1 2 0 -2 1 -1 2 0 -2 1 -1 2 0 -2 1 -1 2 0 -2 1 -1 2 0 601 1 -1 2 0 -2 1 -1 2 0 -2 1 -1 2 0 -2 1 -1 2 0 -2 1 -1 2 0 -2 1 -1 2 0 -2 1 -1 2 0 -2 1 -1 2 0 -2 1 -1 2 0 -2 1 -1 2 0 -2 1 -1 2 0 -2 1 -1 2 0 -2 1 -1 2 0 -2 1 -1 2 0 -2 1 -1 2 0 -2 1 -1 2 0 -2 1 -1 2 0 -2 1 -1 2 0 -2 1 -1 2 0 -2 1 -1 2 0 -2 1 -1 2 0 -2 1 -1 2 0 -2 1 -1 2 0 -2 1 -1 2 0 -2 1 -1 2 0 -2 1 -1 2 0 -2 1 -1 2 0 -2 1 -1 2 0 -2 1 -1 2 0 -2 1 -1 2 0 -2 1 -1 2 0 -2 1 -1 2 0 -2 1 -1 2 0 -2 1 -1 2 0 -2 1 -1 2 0 -2 1 -1 2 0 -2 1 -1 2 0 -2 1 -1 2 0 -2 1 -1 2 0 -2 1 -1 2 0 -2 1 -1 2 0 -2 1 -1 2 0 -2 1 -1 2 0 -2 1 -1 2 0 -2 1 -1 2 0 -2 1 -1 2 0 -2 1 -1 2 0 -2 1 -1 2 0 -2 1 -1 2 0 -2 1 -1 2 0 -2 1 -1 2 0 -2 1 -1 2 0 -2 1 -1 2 0 -2 1 -1 2 0 -2 1 -1 2 0 -2 1 -1 2 0 -2 1 -1 2 0 -2 1 -1 2 0 -2 1 -1 2 0 -2 1 -1 2 0 -2 1 -1 2 0 -2 1 -1 2 0 -2 1 -1 2 0 -2 1 -1 2 0 -2 1 -1 2 0 -2 1 -1 2 0 -2 1 -1 2 0 -2 1 -1 2 0 -2 1 -1 2 0 -2 1 -1 2 0 -2 1 -1 2 0 -2 1 -1 2 0 -2 1 -1 2 0 -2 1 -1 2 0 -2 1 -1 2 0 -2 1 -1 2 0 -2 1 -1 2 0 -2 1 -1 2 0 -2 1 -1 2 0
0 -1 -2 2 1 0 -1 -2 2 1 0 -1 -2 2 1 0 -1 -2 2 1 0 -1 -2 2 1 0 -1 -2 2 1 0 -1 -2 2 1 0 -1 -2 2 1 0 -1 -2 2 1 0 -1 -2 2 1 0 -1 -2 2 1 0 -1 -2 2 1 0 -1 -2 2 1 0 -1 -2 2 1 0 -1 -2 2 1 0 -1 -2 2 1 0 -1 -2 2 1 0 -1 -2 2 1 0 -1 -2 2 1 0 -1 -2 2 1 0 -1 -2 2 1 0 602 -2 2 1 0 -1 -2 2 1 0 -1 -2 2 1 0 -1 -2 2 1 0 -1 -2 2 1 0 -1 -2 2 1 0 -1 -2 2 1 0 -1 -2 2 1 0 -1 -2 2 1 0 -1 -2 2 1 0 -1 -2 2 1 0 -1 -2 2 1 0 -1 -2 2 1 0 -1 -2 2 1 0 -1 -2 2 1 0 -1 -2 2 1 0 -1 -2 2 1 0 -1 -2 2 1 0 -1 -2 2 1 0 -1 -2 2 1 0 -1 -2 2 1 0 -1 -2 2 1 0 -1 -2 2 1 0 -1 -2 2 1 0 -1 -2 2 1 0 -1 -2 2 1 0 -1 -2 2 1 0 -1 -2 2 1 0 -1 -2 2 1 0 -1 -2 2 1 0 -1 -2 2 1 0 -1 -2 2 1 0 -1 -2 2 1 0 -1 -2 2 1 0 -1 -2 2 1 0 -1 -2 2 1 0 -1 -2 2 1 0 -1 -2 2 1 0 -1 -2 2 1 0 -1 -2 2 1 0 -1 -2 2 1 0 -1 -2 2 1 0 -1 -2 2 1 0 -1 -2 2 1 0 -1 -2 2 1 0 -1 -2 2 1 0 -1 -2 2 1 0 -1 -2 2 1 0 -1 -2 2 1 0 -1 -2 2 1 0 -1 -2 2 1 0 -1 -2 2 1 0 -1 -2 2 1 0 -1 -2 2 1 0 -1 -2 2 1 0 -1 -2 2 1 0 -1 -2 2 1 0 -1 -2 2 1 0 -1 -2 2 1 0 -1 -2 2 1 0 -1 -2 2 1 0 -1 -2 2 1 0 -1 -2 2 1 0 -1 -2 2 1 0 -1 -2 2 1 0 -1 -2 2 1 0 -1 -2 2 1 0 -1 -2 2 1 0 -1 -2 2 1 0 -1 -2 2 1 0 -1 -2 2 1 0 -1 -2 2 1 0 -1 -2 2 1 0 -1 -2 2 1 0 -1 -2 2 1 0 -1 -2 2 1 0 -1 -2 2 1 0 -1 -2 2 1 0 -1 -2 2 1
2 2 2 2 2 2 2 2 2 2 2 2 2 2 2 2 2 2 2 2 2 2 2 2 2 2 2 2 2 2 2 2 2 2 2 2 2 2 2 2 2 2 2 2 2 2 2 2 2 2 2 2 2 2 2 2 2 2 2 2 2 2 2 2 2 2 2 2 2 2 2 2 2 2 2 2 2 2 2 2 2 2 2 2 2 2 2 2 2 2 2 2 2 2 2 2 2 2 2 2 2 2 2 2 2 2 2 1001 2 2 2 2 2 2 2 2 2 2 2 2 2 2 2 2 2 2 2 2 2 2 2 2 2 2 2 2 2 2 2 2 2 2 2 2 2 2 2 2 2 2 2 2 2 2 2 2 2 2 2 2 2 2 2 2 2 2 2 2 2 2 2 2 2 2 2 2 2 2 2 2 2 2 2 2 2 2 2 2 2 2 2 2 2 2 2 2 2 2 2 2 2 2 2 2 2 2 2 2 2 2 2 2 2 2 2 2 2 2 2 2 2 2 2 2 2 2 2 2 2 2 2 2 2 2 2 2 2 2 2 2 2 2 2 2 2 2 2 2 2 2 2 2 2 2 2 2 2 2 2 2 2 2 2 2 2 2 2 2 2 2 2 2 2 2 2 2 2 2 2 2 2 2 2 2 2 2 2 2 2 2 2 2 2 2 2 2 2 2 2 2 2 2 2 2 2 2 2 2 2 2 2 2 2 2 2 2 2 2 2 2 2 2 2 2 2 2 2 2 2 2 2 2 2 2 2 2 2 2 2 2 2 2 2 2 2 2 2 2 2 2 2 2 2 2 2 2 2 2 2 2 2 2 2 2 2 2 2 2 2 2 2 2 2 2 2 2 2 2 2 2 2 2 2 2 2 2 2 2 2 2 2 2 2 2 2 2 2 2 2 2 2 2 2 2 2 2 2 2 2 2 2 2 2 2 2 2 2 2 2 2 2 2 2 2 2 2 2 2 2 2 2 2 2 2 2 2 2 2 2 2 2 2 2 2 2 2 2 2 2 2 2 2 2 2 2 2 2 2 2 2 2 2 2 2 2 2 2 2 2 2 2 2 2 2 2 2 2 2 2 2 2 2 2 2 2 2 2 2 2 2 2 2 2 2 2 2 2 2 2 2
-1 0 1 2 -2 -1 0 1 2 -2 -1 0 1 2 -2 -1 0 1 2 -2 -1 0 1 2 -2 -1 0 1 2 -2 -1 0 1 2 -2 -1 0 1 2 -2 -1 0 1 2 -2 -1 0 1 2 -2 -1 0 1 2 -2 -1 0 1 2 -2 -1 0 1 2 -2 -1 0 1 2 -2 -1 0 1 2 -2 -1 0 1 2 -2 -1 0 1 2 -2 -1 0 1 2 -2 -1 0 1 2 -2 -1 0 1 2 -2 -1 0 1 2 -2 -1 0 1 601 -2 -1 0 1 2 -2 -1 0 1 2 -2 -1 0 1 2 -2 -1 0 1 2 -2 -1 0 1 2 -2 -1 0 1 2 -2 -1 0 1 2 -2 -1 0 1 2 -2 -1 0 1 2 -2 -1 0 1 2 -2 -1 0 1 2 -2 -1 0 1 2 -2 -1 0 1 2 -2 -1 0 1 2 -2 -1 0 1 2 -2 -1 0 1 2 -2 -1 0 1 2 -2 -1 0 1 2 -2 -1 0 1 2 -2 -1 0 1 2 -2 -1 0 1 2 -2 -1 0 1 2 -2 -1 0 1 2 -2 -1 0 1 2 -2 -1 0 1 2 -2 -1 0 1 2 -2 -1 0 1 2 -2 -1 0 1 2 -2 -1 0 1 2 -2 -1 0 1 2 -2 -1 0 1 2 -2 -1 0 1 2 -2 -1 0 1 2 -2 -1 0 1 2 -2 -1 0 1 2 -2 -1 0 1 2 -2 -1 0 1 2 -2 -1 0 1 2 -2 -1 0 1 2 -2 -1 0 1 2 -2 -1 0 1 2 -2 -1 0 1 2 -2 -1 0 1 2 -2 -1 0 1 2 -2 -1 0 1 2 -2 -1 0 1 2 -2 -1 0 1 2 -2 -1 0 1 2 -2 -1 0 1 2 -2 -1 0 1 2 -2 -1 0 1 2 -2 -1 0 1 2 -2 -1 0 1 2 -2 -1 0 1 2 -2 -1 0 1 2 -2 -1 0 1 2 -2 -1 0 1 2 -2 -1 0 1 2 -2 -1 0 1 2 -2 -1 0 1 2 -2 -1 0 1 2 -2 -1 0 1 2 -2 -1 0 1 2 -2 -1 0 1 2 -2 -1 0 1 2 -2 -1 0 1 2 -2 -1 0 1 2 -2 -1 0 1 2 -2 -1 0 1 2 -2 -1 0 1 2 -2 -1 0 1 2 -2 -1 0 1 2 -2 -1 0 1 2 -2 -1 0 1 2 -2 -1 0 1 2 -2 -1 0 1 2 -2 -1 0 1 2 -2 -1 0 1 2 -2
1 -2 0 2 -1 1 -2 0 2 -1 1 -2 0 2 -1 1 -2 0 2 -1 1 -2 0 2 -1 1 -2 0 2 -1 1 -2 0 2 -1 1 -2 0 2 -1 1 -2 0 2 -1 1 -2 0 2 -1 1 -2 0 2 -1 1 -2 0 2 -1 1 -2 0 2 -1 1 -2 0 2 -1 1 -2 0 2 -1 1 -2 0 2 -1 1 -2 0 2 -1 1 -2 0 2 -1 1 -2 0 2 -1 1 -2 0 2 -1 1 -2 0 2 -1 1 -2 0 2 602 1 -2 0 2 -1 1 -2 0 2 -1 1 -2 0 2 -1 1 -2 0 2 -1 1 -2 0 2 -1 1 -2 0 2 -1 1 -2 0 2 -1 1 -2 0 2 -1 1 -2 0 2 -1 1 -2 0 2 -1 1 -2 0 2 -1 1 -2 0 2 -1 1 -2 0 2 -1 1 -2 0 2 -1 1 -2 0 2 -1 1 -2 0 2 -1 1 -2 0 2 -1 1 -2 0 2 -1 1 -2 0 2 -1 1 -2 0 2 -1 1 -2 0 2 -1 1 -2 0 2 -1 1 -2 0 2 -1 1 -2 0 2 -1 1 -2 0 2 -1 1 -2 0 2 -1 1 -2 0 2 -1 1 -2 0 2 -1 1 -2 0 2 -1 1 -2 0 2 -1 1 -2 0 2 -1 1 -2 0 2 -1 1 -2 0 2 -1 1 -2 0 2 -1 1 -2 0 2 -1 1 -2 0 2 -1 1 -2 0 2 -1 1 -2 0 2 -1 1 -2 0 2 -1 1 -2 0 2 -1 1 -2 0 2 -1 1 -2 0 2 -1 1 -2 0 2 -1 1 -2 0 2 -1 1 -2 0 2 -1 1 -2 0 2 -1 1 -2 0 2 -1 1 -2 0 2 -1 1 -2 0 2 -1 1 -2 0 2 -1 1 -2 0 2 -1 1 -2 0 2 -1 1 -2 0 2 -1 1 -2 0 2 -1 1 -2 0 2 -1 1 -2 0 2 -1 1 -2 0 2 -1 1 -2 0 2 -1 1 -2 0 2 -1 1 -2 0 2 -1 1 -2 0 2 -1 1 -2 0 2 -1 1 -2 0 2 -1 1 -2 0 2 -1 1 -2 0 2 -1 1 -2 0 2 -1 1 -2 0 2 -1 1 -2 0 2 -1 1 -2 0 2 -1 1 -2 0 2 -1 1 -2 0 2 -1 1 -2 0 2 -1 1 -2 0 2 -1 1 -2 0 2 -1 1 -2 0 2 -1 1 -2 0 2 -1 1 -2 0 2 -1 1 -2 0 2 -1
-2 1 -1 2 0 -2 1 -1 2 0 -2 1 -1 2 0 -2 1 -1 2 0 -2 1 -1 2 0 -2 1 -1 2 0 -2 1 -1 2 0 -2 1 -1 2 0 -2 1 -1 2 0 -2 1 -1 2 0 -2 1 -1 2 0 -2 1 -1 2 0 -2 1 -1 2 0 -2 1 -1 2 0 -2 1 -1 2 0 -2 1 -1 2 0 -2 1 -1 2 0 -2 1 -1 2 0 -2 1 -1 2 0 -2 1 -1 2 0 -2 1 -1 2 0 -2 1 -1 2 0 601 1 -1 2 0 -2 1 -1 2 0 -2 1 -1 2 0 -2 1 -1 2 0 -2 1 -1 2 0 -2 1 -1 2 0 -2 1 -1 2 0 -2 1 -1 2 0 -2 1 -1 2 0 -2 1 -1 2 0 -2 1 -1 2 0 -2 1 -1 2 0 -2 1 -1 2 0 -2 1 -1 2 0 -2 1 -1 2 0 -2 1 -1 2 0 -2 1 -1 2 0 -2 1 -1 2 0 -2 1 -1 2 0 -2 1 -1 2 0 -2 1 -1 2 0 -2 1 -1 2 0 -2 1 -1 2 0 -2 1 -1 2 0 -2 1 -1 2 0 -2 1 -1 2 0 -2 1 -1 2 0 -2 1 -1 2 0 -2 1 -1 2 0 -2 1 -1 2 0 -2 1 -1 2 0 -2 1 -1 2 0 -2 1 -1 2 0 -2 1 -1 2 0 -2 1 -1 2 0 -2 1 -1 2 0 -2 1 -1 2 0 -2 1 -1 2 0 -2 1 -1 2 0 -2 1 -1 2 0 -2 1 -1 2 0 -2 1 -1 2 0 -2 1 -1 2 0 -2 1 -1 2 0 -2 1 -1 2 0 -2 1 -1 2 0 -2 1 -1 2 0 -2 1 -1 2 0 -2 1 -1 2 0 -2 1 -1 2 0 -2 1 -1 2 0 -2 1 -1 2 0 -2 1 -1 2 0 -2 1 -1 2 0 -2 1 -1 2 0 -2 1 -1 2 0 -2 1 -1 2 0 -2 1 -1 2 0 -2 1 -1 2 0 -2 1 -1 2 0 -2 1 -1 2 0 -2 1 -1 2 0 -2 1 -1 2 0 -2 1 -1 2 0 -2 1 -1 2 0 -2 1 -1 2 0 -2 1 -1 2 0 -2 1 -1 2 0 -2 1 -1 2 0 -2 1 -1 2 0 -2 1 -1 2 0 -2 1 -1 2 0 -2 1 -1 2 0 -2 1 -1 2 0 -2 1 -1 2 0 -2 1 -1 2 0 -2 1 -1 2 0 -2 1 -1 2 0
0 -1 -2 2 1 0 -1 -2 2 1 0 -1 -2 2 1 0 -1 -2 2 1 0 -1 -2 2 1 0 -1 -2 2 1 0 -1 -2 2 1 0 -1 -2 2 1 0 -1 -2 2 1 0 -1 -2 2 1 0 -1 -2 2 1 0 -1 -2 2 1 0 -1 -2 2 1 0 -1 -2 2 1 0 -1 -2 2 1 0 -1 -2 2 1 0 -1 -2 2 1 0 -1 -2 2 1 0 -1 -2 2 1 0 -1 -2 2 1 0 -1 -2 2 1 0 -1 -2 2 1 0 602 -2 2 1 0 -1 -2 2 1 0 -1 -2 2 1 0 -1 -2 2 1 0 -1 -2 2 1 0 -1 -2 2 1 0 -1 -2 2 1 0 -1 -2 2 1 0 -1 -2 2 1 0 -1 -2 2 1 0 -1 -2 2 1 0 -1 -2 2 1 0 -1 -2 2 1 0 -1 -2 2 1 0 -1 -2 2 1 0 -1 -2 2 1 0 -1 -2 2 1 0 -1 -2 2 1 0 -1 -2 2 1 0 -1 -2 2 1 0 -1 -2 2 1 0 -1 -2 2 1 0 -1 -2 2 1 0 -1 -2 2 1 0 -1 -2 2 1 0 -1 -2 2 1 0 -1 -2 2 1 0 -1 -2 2 1 0 -1 -2 2 1 0 -1 -2 2 1 0 -1 -2 2 1 0 -1 -2 2 1 0 -1 -2 2 1 0 -1 -2 2 1 0 -1 -2 2 1 0 -1 -2 2 1 0 -1 -2 2 1 0 -1 -2 2 1 0 -1 -2 2 1 0 -1 -2 2 1 0 -1 -2 2 1 0 -1 -2 2 1 0 -1 -2 2 1 0 -1 -2 2 1 0 -1 -2 2 1 0 -1 -2 2 1 0 -1 -2 2 1 0 -1 -2 2 1 0 -1 -2 2 1 0 -1 -2 2 1 0 -1 -2 2 1 0 -1 -2 2 1 0 -1 -2 2 1 0 -1 -2 2 1 0 -1 -2 2 1 0 -1 -2 2 1 0 -1 -2 2 1 0 -1 -2 2 1 0 -1 -2 2 1 0 -1 -2 2 1 0 -1 -2 2 1 0 -1 -2 2 1 0 -1 -2 2 1 0 -1 -2 2 1 0 -1 -2 2 1 0 -1 -2 2 1 0 -1 -2 2 1 0 -1 -2 2 1 0 -1 -2 2 1 0 -1 -2 2 1 0 -1 -2 2 1 0 -1 -2 2 1 0 -1 -2 2 1 0 -1 -2 2 1 0 -1 -2 2 1 0 -1 -2 2 1 0 -1 -2 2 1 0 -1 -2 2 1
2 2 2 2 2 2 2 2 2 2 2 2 2 2 2 2 2 2 2 2 2 2 2 2 2 2 2 2 2 2 2 2 2 2 2 2 2 2 2 2 2 2 2 2 2 2 2 2 2 2 2 2 2 2 2 2 2 2 2 2 2 2 2 2 2 2 2 2 2 2 2 2 2 2 2 2 2 2 2 2 2 2 2 2 2 2 2 2 2 2 2 2 2 2 2 2 2 2 2 2 2 2 2 2 2 2 2 2 2 2 2 2 1001 2 2 2 2 2 2 2 2 2 2 2 2 2 2 2 2 2 2 2 2 2 2 2 2 2 2 2 2 2 2 2 2 2 2 2 2 2 2 2 2 2 2 2 2 2 2 2 2 2 2 2 2 2 2 2 2 2 2 2 2 2 2 2 2 2 2 2 2 2 2 2 2 2 2 2 2 2 2 2 2 2 2 2 2 2 2 2 2 2 2 2 2 2 2 2 2 2 2 2 2 2 2 2 2 2 2 2 2 2 2 2 2 2 2 2 2 2 2 2 2 2 2 2 2 2 2 2 2 2 2 2 2 2 2 2 2 2 2 2 2 2 2 2 2 2 2 2 2 2 2 2 2 2 2 2 2 2 2 2 2 2 2 2 2 2 2 2 2 2 2 2 2 2 2 2 2 2 2 2 2 2 2 2 2 2 2 2 2 2 2 2 2 2 2 2 2 2 2 2 2 2 2 2 2 2 2 2 2 2 2 2 2 2 2 2 2 2 2 2 2 2 2 2 2 2 2 2 2 2 2 2 2 2 2 2 2 2 2 2 2 2 2 2 2 2 2 2 2 2 2 2 2 2 2 2 2 2 2 2 2 2 2 2 2 2 2 2 2 2 2 2 2 2 2 2 2 2 2 2 2 2 2 2 2 2 2 2 2 2 2 2 2 2 2 2 2 2 2 2 2 2 2 2 2 2 2 2 2 2 2 2 2 2 2 2 2 2 2 2 2 2 2 2 2 2 2 2 2 2 2 2 2 2 2 2 2 2 2 2 2 2 2 2 2 2 2 2 2 2 2 2 2 2 2 2 2 2 2 2 2 2 2 2 2 2 2 2 2 2 2 2 2 2 2 2 2 2 2 2 2 2 2 2 2 2 2 2
-1 0 1 2 -2 -1 0 1 2 -2 -1 0 1 2 -2 -1 0 1 2 -2 -1 0 1 2 -2 -1 0 1 2 -2 -1 0 1 2 -2 -1 0 1 2 -2 -1 0 1 2 -2 -1 0 1 2 -2 -1 0 1 2 -2 -1 0 1 2 -2 -1 0 1 2 -2 -1 0 1 2 -2 -1 0 1 2 -2 -1 0 1 2 -2 -1 0 1 2 -2 -1 0 1 2 -2 -1 0 1 2 -2 -1 0 1 2 -2 -1 0 1 2 -2 -1 0 1 2 -2 -1 0 1 601 -2 -1 0 1 2 -2 -1 0 1 2 -2 -1 0 1 2 -2 -1 0 1 2 -2 -1 0 1 2 -2 -1 0 1 2 -2 -1 0 1 2 -2 -1 0 1 2 -2 -1 0 1 2 -2 -1 0 1 2 -2 -1 0 1 2 -2 -1 0 1 2 -2 -1 0 1 2 -2 -1 0 1 2 -2 -1 0 1 2 -2 -1 0 1 2 -2 -1 0 1 2 -2 -1 0 1 2 -2 -1 0 1 2 -2 -1 0 1 2 -2 -1 0 1 2 -2 -1 0 1 2 -2 -1 0 1 2 -2 -1 0 1 2 -2 -1 0 1 2 -2 -1 0 1 2 -2 -1 0 1 2 -2 -1 0 1 2 -2 -1 0 1 2 -2 -1 0 1 2 -2 -1 0 1 2 -2 -1 0 1 2 -2 -1 0 1 2 -2 -1 0 1 2 -2 -1 0 1 2 -2 -1 0 1 2 -2 -1 0 1 2 -2 -1 0 1 2 -2 -1 0 1 2 -2 -1 0 1 2 -2 -1 0 1 2 -2 -1 0 1 2 -2 -1 0 1 2 -2 -1 0 1 2 -2 -1 0 1 2 -2 -1 0 1 2 -2 -1 0 1 2 -2 -1 0 1 2 -2 -1 0 1 2 -2 -1 0 1 2 -2 -1 0 1 2 -2 -1 0 1 2 -2 -1 0 1 2 -2 -1 0 1 2 -2 -1 0 1 2 -2 -1 0 1 2 -2 -1 0 1 2 -2 -1 0 1 2 -2 -1 0 1 2 -2 -1 0 1 2 -2 -1 0 1 2 -2 -1 0 1 2 -2 -1 0 1 2 -2 -1 0 1 2 -2 -1 0 1 2 -2 -1 0 1 2 -2 -1 0 1 2 -2 -1 0 1 2 -2 -1 0 1 2 -2 -1 0 1 2 -2 -1 0 1 2 -2 -1 0 1 2 -2 -1 0 1 2 -2 -1 0 1 2 -2 -1 0 1 2 -2 -1 0 1 2 -2 -1 0 1 2 -2
1 -2 0 2 -1 1 -2 0 2 -1 1 -2 0 2 -1 1 -2 0 2 -1 1 -2 0 2 -1 1 -2 0 2 -1 1 -2 0 2 -1 1 -2 0 2 -1 1 -2 0 2 -1 1 -2 0 2 -1 1 -2 0 2 -1 1 -2 0 2 -1 1 -2 0 2 -1 1 -2 0 2 -1 1 -2 0 2 -1 1 -2 0 2 -1 1 -2 0 2 -1 1 -2 0 2 -1 1 -2 0 2 -1 1 -2 0 2 -1 1 -2 0 2 -1 1 -2 0 2 -1 1 -2 0 2 602 1 -2 0 2 -1 1 -2 0 2 -1 1 -2 0 2 -1 1 -2 0 2 -1 1 -2 0 2 -1 1 -2 0 2 -1 1 -2 0 2 -1 1 -2 0 2 -1 1 -2 0 2 -1 1 -2 0 2 -1 1 -2 0 2 -1 1 -2 0 2 -1 1 -2 0 2 -1 1 -2 0 2 -1 1 -2 0 2 -1 1 -2 0 2 -1 1 -2 0 2 -1 1 -2 0 2 -1 1 -2 0 2 -1 1 -2 0 2 -1 1 -2 0 2 -1 1 -2 0 2 -1 1 -2 0 2 -1 1 -2 0 2 -1 1 -2 0 2 -1 1 -2 0 2 -1 1 -2 0 2 -1 1 -2 0 2 -1 1 -2 0 2 -1 1 -2 0 2 -1 1 -2 0 2 -1 1 -2 0 2 -1 1 -2 0 2 -1 1 -2 0 2 -1 1 -2 0 2 -1 1 -2 0 2 -1 1 -2 0 2 -1 1 -2 0 2 -1 1 -2 0 2 -1 1 -2 0 2 -1 1 -2 0 2 -1 1 -2 0 2 -1 1 -2 0 2 -1 1 -2 0 2 -1 1 -2 0 2 -1 1 -2 0 2 -1 1 -2 0 2 -1 1 -2 0 2 -1 1 -2 0 2 -1 1 -2 0 2 -1 1 -2 0 2 -1 1 -2 0 2 -1 1 -2 0 2 -1 1 -2 0 2 -1 1 -2 0 2 -1 1 -2 0 2 -1 1 -2 0 2 -1 1 -2 0 2 -1 1 -2 0 2 -1 1 -2 0 2 -1 1 -2 0 2 -1 1 -2 0 2 -1 1 -2 0 2 -1 1 -2 0 2 -1 1 -2 0 2 -1 1 -2 0 2 -1 1 -2 0 2 -1 1 -2 0 2 -1 1 -2 0 2 -1 1 -2 0 2 -1 1 -2 0 2 -1 1 -2 0 2 -1 1 -2 0 2 -1 1 -2 0 2 -1 1 -2 0 2 -1 1 -2 0 2 -1 1 -2 0 2 -1
-2 1 -1 2 0 -2 1 -1 2 0 -2 1 -1 2 0 -2 1 -1 2 0 -2 1 -1 2 0 -2 1 -1 2 0 -2 1 -1 2 0 -2 1 -1 2 0 -2 1 -1 2 0 -2 1 -1 2 0 -2 1 -1 2 0 -2 1 -1 2 0 -2 1 -1 2 0 -2 1 -1 2 0 -2 1 -1 2 0 -2 1 -1 2 0 -2 1 -1 2 0 -2 1 -1 2 0 -2 1 -1 2 0 -2 1 -1 2 0 -2 1 -1 2 0 -2 1 -1 2 0 -2 1 -1 2 0 601 1 -1 2 0 -2 1 -1 2 0 -2 1 -1 2 0 -2 1 -1 2 0 -2 1 -1 2 0 -2 1 -1 2 0 -2 1 -1 2 0 -2 1 -1 2 0 -2 1 -1 2 0 -2 1 -1 2 0 -2 1 -1 2 0 -2 1 -1 2 0 -2 1 -1 2 0 -2 1 -1 2 0 -2 1 -1 2 0 -2 1 -1 2 0 -2 1 -1 2 0 -2 1 -1 2 0 -2 1 -1 2 0 -2 1 -1 2 0 -2 1 -1 2 0 -2 1 -1 2 0 -2 1 -1 2 0 -2 1 -1 2 0 -2 1 -1 2 0 -2 1 -1 2 0 -2 1 -1 2 0 -2 1 -1 2 0 -2 1 -1 2 0 -2 1 -1 2 0 -2 1 -1 2 0 -2 1 -1 2 0 -2 1 -1 2 0 -2 1 -1 2 0 -2 1 -1 2 0 -2 1 -1 2 0 -2 1 -1 2 0 -2 1 -1 2 0 -2 1 -1 2 0 -2 1 -1 2 0 -2 1 -1 2 0 -2 1 -1 2 0 -2 1 -1 2 0 -2 1 -1 2 0 -2 1 -1 2 0 -2 1 -1 2 0 -2 1 -1 2 0 -2 1 -1 2 0 -2 1 -1 2 0 -2 1 -1 2 0 -2 1 -1 2 0 -2 1 -1 2 0 -2 1 -1 2 0 -2 1 -1 2 0 -2 1 -1 2 0 -2 1 -1 2 0 -2 1 -1 2 0 -2 1 -1 2 0 -2 1 -1 2 0 -2 1 -1 2 0 -2 1 -1 2 0 -2 1 -1 2 0 -2 1 -1 2 0 -2 1 -1 2 0 -2 1 -1 2 0 -2 1 -1 2 0 -2 1 -1 2 0 -2 1 -1 2 0 -2 1 -1 2 0 -2 1 -1 2 0 -2 1 -1 2 0 -2 1 -1 2 0 -2 1 -1 2 0 -2 1 -1 2 0 -2 1 -1 2 0 -2 1 -1 2 0 -2 1 -1 2 0
0 -1 -2 2 1 0 -1 -2 2 1 0 -1 -2 2 1 0 -1 -2 2 1 0 -1 -2 2 1 0 -1 -2 2 1 0 -1 -2 2 1 0 -1 -2 2 1 0 -1 -2 2 1 0 -1 -2 2 1 0 -1 -2 2 1 0 -1 -2 2 1 0 -1 -2 2 1 0 -1 -2 2 1 0 -1 -2 2 1 0 -1 -2 2 1 0 -1 -2 2 1 0 -1 -2 2 1 0 -1 -2 2 1 0 -1 -2 2 1 0 -1 -2 2 1 0 -1 -2 2 1 0 -1 -2 2 1 0 602 -2 2 1 0 -1 -2 2 1 0 -1 -2 2 1 0 -1 -2 2 1 0 -1 -2 2 1 0 -1 -2 2 1 0 -1 -2 2 1 0 -1 -2 2 1 0 -1 -2 2 1 0 -1 -2 2 1 0 -1 -2 2 1 0 -1 -2 2 1 0 -1 -2 2 1 0 -1 -2 2 1 0 -1 -2 2 1 0 -1 -2 2 1 0 -1 -2 2 1 0 -1 -2 2 1 0 -1 -2 2 1 0 -1 -2 2 1 0 -1 -2 2 1 0 -1 -2 2 1 0 -1 -2 2 1 0 -1 -2 2 1 0 -1 -2 2 1 0 -1 -2 2 1 0 -1 -2 2 1 0 -1 -2 2 1 0 -1 -2 2 1 0 -1 -2 2 1 0 -1 -2 2 1 0 -1 -2 2 1 0 -1 -2 2 1 0 -1 -2 2 1 0 -1 -2 2 1 0 -1 -2 2 1 0 -1 -2 2 1 0 -1 -2 2 1 0 -1 -2 2 1 0 -1 -2 2 1 0 -1 -2 2 1 0 -1 -2 2 1 0 -1 -2 2 1 0 -1 -2 2 1 0 -1 -2 2 1 0 -1 -2 2 1 0 -1 -2 2 1 0 -1 -2 2 1 0 -1 -2 2 1 0 -1 -2 2 1 0 -1 -2 2 1 0 -1 -2 2 1 0 -1 -2 2 1 0 -1 -2 2 1 0 -1 -2 2 1 0 -1 -2 2 1 0 -1 -2 2 1 0 -1 -2 2 1 0 -1 -2 2 1 0 -1 -2 2 1 0 -1 -2 2 1 0 -1 -2 2 1 0 -1 -2 2 1 0 -1 -2 2 1 0 -1 -2 2 1 0 -1 -2 2 1 0 -1 -2 2 1 0 -1 -2 2 1 0 -1 -2 2 1 0 -1 -2 2 1 0 -1 -2 2 1 0 -1 -2 2 1 0 -1 -2 2 1 0 -1 -2 2 1 0 -1 -2 2 1 0 -1 -2 2 1 0 -1 -2 2 1
2 2 2 2 2 2 2 2 2 2 2 2 2 2 2 2 2 2 2 2 2 2 2 2 2 2 2 2 2 2 2 2 2 2 2 2 2 2 2 2 2 2 2 2 2 2 2 2 2 2 2 2 2 2 2 2 2 2 2 2 2 2 2 2 2 2 2 2 2 2 2 2 2 2 2 2 2 2 2 2 2 2 2 2 2 2 2 2 2 2 2 2 2 2 2 2 2 2 2 2 2 2 2 2 2 2 2 2 2 2 2 2 2 2 2 2 2 1001 2 2 2 2 2 2 2 2 2 2 2 2 2 2 2 2 2 2 2 2 2 2 2 2 2 2 2 2 2 2 2 2 2 2 2 2 2 2 2 2 2 2 2 2 2 2 2 2 2 2 2 2 2 2 2 2 2 2 2 2 2 2 2 2 2 2 2 2 2 2 2 2 2 2 2 2 2 2 2 2 2 2 2 2 2 2 2 2 2 2 2 2 2 2 2 2 2 2 2 2 2 2 2 2 2 2 2 2 2 2 2 2 2 2 2 2 2 2 2 2 2 2 2 2 2 2 2 2 2 2 2 2 2 2 2 2 2 2 2 2 2 2 2 2 2 2 2 2 2 2 2 2 2 2 2 2 2 2 2 2 2 2 2 2 2 2 2 2 2 2 2 2 2 2 2 2 2 2 2 2 2 2 2 2 2 2 2 2 2 2 2 2 2 2 2 2 2 2 2 2 2 2 2 2 2 2 2 2 2 2 2 2 2 2 2 2 2 2 2 2 2 2 2 2 2 2 2 2 2 2 2 2 2 2 2 2 2 2 2 2 2 2 2 2 2 2 2 2 2 2 2 2 2 2 2 2 2 2 2 2 2 2 2 2 2 2 2 2 2 2 2 2 2 2 2 2 2 2 2 2 2 2 2 2 2 2 2 2 2 2 2 2 2 2 2 2 2 2 2 2 2 2 2 2 2 2 2 2 2 2 2 2 2 2 2 2 2 2 2 2 2 2 2 2 2 2 2 2 2 2 2 2 2 2 2 2 2 2 2 2 2 2 2 2 2 2 2 2 2 2 2 2 2 2 2 2 2 2 2 2 2 2 2 2 2 2 2 2 2 2 2 2 2 2 2 2 2 2 2 2 2 2
-1 0 1 2 -2 -1 0 1 2 -2 -1 0 1 2 -2 -1 0 1 2 -2 -1 0 1 2 -2 -1 0 1 2 -2 -1 0 1 2 -2 -1 0 1 2 -2 -1 0 1 2 -2 -1 0 1 2 -2 -1 0 1 2 -2 -1 0 1 2 -2 -1 0 1 2 -2 -1 0 1 2 -2 -1 0 1 2 -2 -1 0 1 2 -2 -1 0 1 2 -2 -1 0 1 2 -2 -1 0 1 2 -2 -1 0 1 2 -2 -1 0 1 2 -2 -1 0 1 2 -2 -1 0 1 2 -2 -1 0 1 601 -2 -1 0 1 2 -2 -1 0 1 2 -2 -1 0 1 2 -2 -1 0 1 2 -2 -1 0 1 2 -2 -1 0 1 2 -2 -1 0 1 2 -2 -1 0 1 2 -2 -1 0 1 2 -2 -1 0 1 2 -2 -1 0 1 2 -2 -1 0 1 2 -2 -1 0 1 2 -2 -1 0 1 2 -2 -1 0 1 2 -2 -1 0 1 2 -2 -1 0 1 2 -2 -1 0 1 2 -2 -1 0 1 2 -2 -1 0 1 2 -2 -1 0 1 2 -2 -1 0 1 2 -2 -1 0 1 2 -2 -1 0 1 2 -2 -1 0 1 2 -2 -1 0 1 2 -2 -1 0 1 2 -2 -1 0 1 2 -2 -1 0 1 2 -2 -1 0 1 2 -2 -1 0 1 2 -2 -1 0 1 2 -2 -1 0 1 2 -2 -1 0 1 2 -2 -1 0 1 2 -2 -1 0 1 2 -2 -1 0 1 2 -2 -1 0 1 2 -2 -1 0 1 2 -2 -1 0 1 2 -2 -1 0 1 2 -2 -1 0 1 2 -2 -1 0 1 2 -2 -1 0 1 2 -2 -1 0 1 2 -2 -1 0 1 2 -2 -1 0 1 2 -2 -1 0 1 2 -2 -1 0 1 2 -2 -1 0 1 2 -2 -1 0 1 2 -2 -1 0 1 2 -2 -1 0 1 2 -2 -1 0 1 2 -2 -1 0 1 2 -2 -1 0 1 2 -2 -1 0 1 2 -2 -1 0 1 2 -2 -1 0 1 2 -2 -1 0 1 2 -2 -1 0 1 2 -2 -1 0 1 2 -2 -1 0 1 2 -2 -1 0 1 2 -2 -1 0 1 2 -2 -1 0 1 2 -2 -1 0 1 2 -2 -1 0 1 2 -2 -1 0 1 2 -2 -1 0 1 2 -2 -1 0 1 2 -2 -1 0 1 2 -2 -1 0 1 2 -2 -1 0 1 2 -2 -1 0 1 2 -2 -1 0 1 2 -2
1 -2 0 2 -1 1 -2 0 2 -1 1 -2 0 2 -1 1 -2 0 2 -1 1 -2 0 2 -1 1 -2 0 2 -1 1 -2 0 2 -1 1 -2 0 2 -1 1 -2 0 2 -1 1 -2 0 2 -1 1 -2 0 2 -1 1 -2 0 2 -1 1 -2 0 2 -1 1 -2 0 2 -1 1 -2 0 2 -1 1 -2 0 2 -1 1 -2 0 2 -1 1 -2 0 2 -1 1 -2 0 2 -1 1 -2 0 2 -1 1 -2 0 2 -1 1 -2 0 2 -1 1 -2 0 2 -1 1 -2 0 2 602 1 -2 0 2 -1 1 -2 0 2 -1 1 -2 0 2 -1 1 -2 0 2 -1 1 -2 0 2 -1 1 -2 0 2 -1 1 -2 0 2 -1 1 -2 0 2 -1 1 -2 0 2 -1 1 -2 0 2 -1 1 -2 0 2 -1 1 -2 0 2 -1 1 -2 0 2 -1 1 -2 0 2 -1 1 -2 0 2 -1 1 -2 0 2 -1 1 -2 0 2 -1 1 -2 0 2 -1 1 -2 0 2 -1 1 -2 0 2 -1 1 -2 0 2 -1 1 -2 0 2 -1 1 -2 0 2 -1 1 -2 0 2 -1 1 -2 0 2 -1 1 -2 0 2 -1 1 -2 0 2 -1 1 -2 0 2 -1 1 -2 0 2 -1 1 -2 0 2 -1 1 -2 0 2 -1 1 -2 0 2 -1 1 -2 0 2 -1 1 -2 0 2 -1 1 -2 0 2 -1 1 -2 0 2 -1 1 -2 0 2 -1 1 -2 0 2 -1 1 -2 0 2 -1 1 -2 0 2 -1 1 -2 0 2 -1 1 -2 0 2 -1 1 -2 0 2 -1 1 -2 0 2 -1 1 -2 0 2 -1 1 -2 0 2 -1 1 -2 0 2 -1 1 -2 0 2 -1 1 -2 0 2 -1 1 -2 0 2 -1 1 -2 0 2 -1 1 -2 0 2 -1 1 -2 0 2 -1 1 -2 0 2 -1 1 -2 0 2 -1 1 -2 0 2 -1 1 -2 0 2 -1 1 -2 0 2 -1 1 -2 0 2 -1 1 -2 0 2 -1 1 -2 0 2 -1 1 -2 0 2 -1 1 -2 0 2 -1 1 -2 0 2 -1 1 -2 0 2 -1 1 -2 0 2 -1 1 -2 0 2 -1 1 -2 0 2 -1 1 -2 0 2 -1 1 -2 0 2 -1 1 -2 0 2 -1 1 -2 0 2 -1 1 -2 0 2 -1 1 -2 0 2 -1 1 -2 0 2 -1 1 -2 0 2 -1
-2 1 -1 2 0 -2 1 -1 2 0 -2 1 -1 2 0 -2 1 -1 2 0 -2 1 -1 2 0 -2 1 -1 2 0 -2 1 -1 2 0 -2 1 -1 2 0 -2 1 -1 2 0 -2 1 -1 2 0 -2 1 -1 2 0 -2 1 -1 2 0 -2 1 -1 2 0 -2 1 -1 2 0 -2 1 -1 2 0 -2 1 -1 2 0 -2 1 -1 2 0 -2 1 -1 2 0 -2 1 -1 2 0 -2 1 -1 2 0 -2 1 -1 2 0 -2 1 -1 2 0 -2 1 -1 2 0 -2 1 -1 2 0 601 1 -1 2 0 -2 1 -1 2 0 -2 1 -1 2 0 -2 1 -1 2 0 -2 1 -1 2 0 -2 1 -1 2 0 -2 1 -1 2 0 -2 1 -1 2 0 -2 1 -1 2 0 -2 1 -1 2 0 -2 1 -1 2 0 -2 1 -1 2 0 -2 1 -1 2 0 -2 1 -1 2 0 -2 1 -1 2 0 -2 1 -1 2 0 -2 1 -1 2 0 -2 1 -1 2 0 -2 1 -1 2 0 -2 1 -1 2 0 -2 1 -1 2 0 -2 1 -1 2 0 -2 1 -1 2 0 -2 1 -1 2 0 -2 1 -1 2 0 -2 1 -1 2 0 -2 1 -1 2 0 -2 1 -1 2 0 -2 1 -1 2 0 -2 1 -1 2 0 -2 1 -1 2 0 -2 1 -1 2 0 -2 1 -1 2 0 -2 1 -1 2 0 -2 1 -1 2 0 -2 1 -1 2 0 -2 1 -1 2 0 -2 1 -1 2 0 -2 1 -1 2 0 -2 1 -1 2 0 -2 1 -1 2 0 -2 1 -1 2 0 -2 1 -1 2 0 -2 1 -1 2 0 -2 1 -1 2 0 -2 1 -1 2 0 -2 1 -1 2 0 -2 1 -1 2 0 -2 1 -1 2 0 -2 1 -1 2 0 -2 1 -1 2 0 -2 1 -1 2 0 -2 1 -1 2 0 -2 1 -1 2 0 -2 1 -1 2 0 -2 1 -1 2 0 -2 1 -1 2 0 -2 1 -1 2 0 -2 1 -1 2 0 -2 1 -1 2 0 -2 1 -1 2 0 -2 1 -1 2 0 -2 1 -1 2 0 -2 1 -1 2 0 -2 1 -1 2 0 -2 1 -1 2 0 -2 1 -1 2 0 -2 1 -1 2 0 -2 1 -1 2 0 -2 1 -1 2 0 -2 1 -1 2 0 -2 1 -1 2 0 -2 1 -1 2 0 -2 1 -1 2 0 -2 1 -1 2 0 -2 1 -1 2 0
0 -1 -2 2 1 0 -1 -2 2 1 0 -1 -2 2 1 0 -1 -2 2 1 0 -1 -2 2 1 0 -1 -2 2 1 0 -1 -2 2 1 0 -1 -2 2 1 0 -1 -2 2 1 0 -1 -2 2 1 0 -1 -2 2 1 0 -1 -2 2 1 0 -1 -2 2 1 0 -1 -2 2 1 0 -1 -2 2 1 0 -1 -2 2 1 0 -1 -2 2 1 0 -1 -2 2 1 0 -1 -2 2 1 0 -1 -2 2 1 0 -1 -2 2 1 0 -1 -2 2 1 0 -1 -2 2 1 0 -1 -2 2 1 0 602 -2 2 1 0 -1 -2 2 1 0 -1 -2 2 1 0 -1 -2 2 1 0 -1 -2 2 1 0 -1 -2 2 1 0 -1 -2 2 1 0 -1 -2 2 1 0 -1 -2 2 1 0 -1 -2 2 1 0 -1 -2 2 1 0 -1 -2 2 1 0 -1 -2 2 1 0 -1 -2 2 1 0 -1 -2 2 1 0 -1 -2 2 1 0 -1 -2 2 1 0 -1 -2 2 1 0 -1 -2 2 1 0 -1 -2 2 1 0 -1 -2 2 1 0 -1 -2 2 1 0 -1 -2 2 1 0 -1 -2 2 1 0 -1 -2 2 1 0 -1 -2 2 1 0 -1 -2 2 1 0 -1 -2 2 1 0 -1 -2 2 1 0 -1 -2 2 1 0 -1 -2 2 1 0 -1 -2 2 1 0 -1 -2 2 1 0 -1 -2 2 1 0 -1 -2 2 1 0 -1 -2 2 1 0 -1 -2 2 1 0 -1 -2 2 1 0 -1 -2 2 1 0 -1 -2 2 1 0 -1 -2 2 1 0 -1 -2 2 1 0 -1 -2 2 1 0 -1 -2 2 1 0 -1 -2 2 1 0 -1 -2 2 1 0 -1 -2 2 1 0 -1 -2 2 1 0 -1 -2 2 1 0 -1 -2 2 1 0 -1 -2 2 1 0 -1 -2 2 1 0 -1 -2 2 1 0 -1 -2 2 1 0 -1 -2 2 1 0 -1 -2 2 1 0 -1 -2 2 1 0 -1 -2 2 1 0 -1 -2 2 1 0 -1 -2 2 1 0 -1 -2 2 1 0 -1 -2 2 1 0 -1 -2 2 1 0 -1 -2 2 1 0 -1 -2 2 1 0 -1 -2 2 1 0 -1 -2 2 1 0 -1 -2 2 1 0 -1 -2 2 1 0 -1 -2 2 1 0 -1 -2 2 1 0 -1 -2 2 1 0 -1 -2 2 1 0 -1 -2 2 1 0 -1 -2 2 1 0 -1 -2 2 1
2 2 2 2 2 2 2 2 2 2 2 2 2 2 2 2 2 2 2 2 2 2 2 2 2 2 2 2 2 2 2 2 2 2 2 2 2 2 2 2 2 2 2 2 2 2 2 2 2 2 2 2 2 2 2 2 2 2 2 2 2 2 2 2 2 2 2 2 2 2 2 2 2 2 2 2 2 2 2 2 2 2 2 2 2 2 2 2 2 2 2 2 2 2 2 2 2 2 2 2 2 2 2 2 2 2 2 2 2 2 2 2 2 2 2 2 2 2 2 2 2 2 1001 2 2 2 2 2 2 2 2 2 2 2 2 2 2 2 2 2 2 2 2 2 2 2 2 2 2 2 2 2 2 2 2 2 2 2 2 2 2 2 2 2 2 2 2 2 2 2 2 2 2 2 2 2 2 2 2 2 2 2 2 2 2 2 2 2 2 2 2 2 2 2 2 2 2 2 2 2 2 2 2 2 2 2 2 2 2 2 2 2 2 2 2 2 2 2 2 2 2 2 2 2 2 2 2 2 2 2 2 2 2 2 2 2 2 2 2 2 2 2 2 2 2 2 2 2 2 2 2 2 2 2 2 2 2 2 2 2 2 2 2 2 2 2 2 2 2 2 2 2 2 2 2 2 2 2 2 2 2 2 2 2 2 2 2 2 2 2 2 2 2 2 2 2 2 2 2 2 2 2 2 2 2 2 2 2 2 2 2 2 2 2 2 2 2 2 2 2 2 2 2 2 2 2 2 2 2 2 2 2 2 2 2 2 2 2 2 2 2 2 2 2 2 2 2 2 2 2 2 2 2 2 2 2 2 2 2 2 2 2 2 2 2 2 2 2 2 2 2 2 2 2 2 2 2 2 2 2 2 2 2 2 2 2 2 2 2 2 2 2 2 2 2 2 2 2 2 2 2 2 2 2 2 2 2 2 2 2 2 2 2 2 2 2 2 2 2 2 2 2 2 2 2 2 2 2 2 2 2 2 2 2 2 2 2 2 2 2 2 2 2 2 2 2 2 2 2 2 2 2 2 2 2 2 2 2 2 2 2 2 2 2 2 2 2 2 2 2 2 2 2 2 2 2 2 2 2 2 2 2 2 2 2 2 2 2 2 2 2 2 2 2 2 2 2 2 2 2
-1 0 1 2 -2 -1 0 1 2 -2 -1 0 1 2 -2 -1 0 1 2 -2 -1 0 1 2 -2 -1 0 1 2 -2 -1 0 1 2 -2 -1 0 1 2 -2 -1 0 1 2 -2 -1 0 1 2 -2 -1 0 1 2 -2 -1 0 1 2 -2 -1 0 1 2 -2 -1 0 1 2 -2 -1 0 1 2 -2 -1 0 1 2 -2 -1 0 1 2 -2 -1 0 1 2 -2 -1 0 1 2 -2 -1 0 1 2 -2 -1 0 1 2 -2 -1 0 1 2 -2 -1 0 1 2 -2 -1 0 1 2 -2 -1 0 1 601 -2 -1 0 1 2 -2 -1 0 1 2 -2 -1 0 1 2 -2 -1 0 1 2 -2 -1 0 1 2 -2 -1 0 1 2 -2 -1 0 1 2 -2 -1 0 1 2 -2 -1 0 1 2 -2 -1 0 1 2 -2 -1 0 1 2 -2 -1 0 1 2 -2 -1 0 1 2 -2 -1 0 1 2 -2 -1 0 1 2 -2 -1 0 1 2 -2 -1 0 1 2 -2 -1 0 1 2 -2 -1 0 1 2 -2 -1 0 1 2 -2 -1 0 1 2 -2 -1 0 1 2 -2 -1 0 1 2 -2 -1 0 1 2 -2 -1 0 1 2 -2 -1 0 1 2 -2 -1 0 1 2 -2 -1 0 1 2 -2 -1 0 1 2 -2 -1 0 1 2 -2 -1 0 1 2 -2 -1 0 1 2 -2 -1 0 1 2 -2 -1 0 1 2 -2 -1 0 1 2 -2 -1 0 1 2 -2 -1 0 1 2 -2 -1 0 1 2 -2 -1 0 1 2 -2 -1 0 1 2 -2 -1 0 1 2 -2 -1 0 1 2 -2 -1 0 1 2 -2 -1 0 1 2 -2 -1 0 1 2 -2 -1 0 1 2 -2 -1 0 1 2 -2 -1 0 1 2 -2 -1 0 1 2 -2 -1 0 1 2 -2 -1 0 1 2 -2 -1 0 1 2 -2 -1 0 1 2 -2 -1 0 1 2 -2 -1 0 1 2 -2 -1 0 1 2 -2 -1 0 1 2 -2 -1 0 1 2 -2 -1 0 1 2 -2 -1 0 1 2 -2 -1 0 1 2 -2 -1 0 1 2 -2 -1 0 1 2 -2 -1 0 1 2 -2 -1 0 1 2 -2 -1 0 1 2 -2 -1 0 1 2 -2 -1 0 1 2 -2 -1 0 1 2 -2 -1 0 1 2 -2 -1 0 1 2 -2 -1 0 1 2 -2 -1 0 1 2 -2 -1 0 1 2 -2 -1 0 1 2 -2
1 -2 0 2 -1 1 -2 0 2 -1 1 -2 0 2 -1 1 -2 0 2 -1 1 -2 0 2 -1 1 -2 0 2 -1 1 -2 0 2 -1 1 -2 0 2 -1 1 -2 0 2 -1 1 -2 0 2 -1 1 -2 0 2 -1 1 -2 0 2 -1 1 -2 0 2 -1 1 -2 0 2 -1 1 -2 0 2 -1 1 -2 0 2 -1 1 -2 0 2 -1 1 -2 0 2 -1 1 -2 0 2 -1 1 -2 0 2 -1 1 -2 0 2 -1 1 -2 0 2 -1 1 -2 0 2 -1 1 -2 0 2 -1 1 -2 0 2 602 1 -2 0 2 -1 1 -2 0 2 -1 1 -2 0 2 -1 1 -2 0 2 -1 1 -2 0 2 -1 1 -2 0 2 -1 1 -2 0 2 -1 1 -2 0 2 -1 1 -2 0 2 -1 1 -2 0 2 -1 1 -2 0 2 -1 1 -2 0 2 -1 1 -2 0 2 -1 1 -2 0 2 -1 1 -2 0 2 -1 1 -2 0 2 -1 1 -2 0 2 -1 1 -2 0 2 -1 1 -2 0 2 -1 1 -2 0 2 -1 1 -2 0 2 -1 1 -2 0 2 -1 1 -2 0 2 -1 1 -2 0 2 -1 1 -2 0 2 -1 1 -2 0 2 -1 1 -2 0 2 -1 1 -2 0 2 -1 1 -2 0 2 -1 1 -2 0 2 -1 1 -2 0 2 -1 1 -2 0 2 -1 1 -2 0 2 -1 1 -2 0 2 -1 1 -2 0 2 -1 1 -2 0 2 -1 1 -2 0 2 -1 1 -2 0 2 -1 1 -2 0 2 -1 1 -2 0 2 -1 1 -2 0 2 -1 1 -2 0 2 -1 1 -2 0 2 -1 1 -2 0 2 -1 1 -2 0 2 -1 1 -2 0 2 -1 1 -2 0 2 -1 1 -2 0 2 -1 1 -2 0 2 -1 1 -2 0 2 -1 1 -2 0 2 -1 1 -2 0 2 -1 1 -2 0 2 -1 1 -2 0 2 -1 1 -2 0 2 -1 1 -2 0 2 -1 1 -2 0 2 -1 1 -2 0 2 -1 1 -2 0 2 -1 1 -2 0 2 -1 1 -2 0 2 -1 1 -2 0 2 -1 1 -2 0 2 -1 1 -2 0 2 -1 1 -2 0 2 -1 1 -2 0 2 -1 1 -2 0 2 -1 1 -2 0 2 -1 1 -2 0 2 -1 1 -2 0 2 -1 1 -2 0 2 -1 1 -2 0 2 -1 1 -2 0 2 -1 1 -2 0 2 -1 1 -2 0 2 -1
-2 1 -1 2 0 -2 1 -1 2 0 -2 1 -1 2 0 -2 1 -1 2 0 -2 1 -1 2 0 -2 1 -1 2 0 -2 1 -1 2 0 -2 1 -1 2 0 -2 1 -1 2 0 -2 1 -1 2 0 -2 1 -1 2 0 -2 1 -1 2 0 -2 1 -1 2 0 -2 1 -1 2 0 -2 1 -1 2 0 -2 1 -1 2 0 -2 1 -1 2 0 -2 1 -1 2 0 -2 1 -1 2 0 -2 1 -1 2 0 -2 1 -1 2 0 -2 1 -1 2 0 -2 1 -1 2 0 -2 1 -1 2 0 -2 1 -1 2 0 601 1 -1 2 0 -2 1 -1 2 0 -2 1 -1 2 0 -2 1 -1 2 0 -2 1 -1 2 0 -2 1 -1 2 0 -2 1 -1 2 0 -2 1 -1 2 0 -2 1 -1 2 0 -2 1 -1 2 0 -2 1 -1 2 0 -2 1 -1 2 0 -2 1 -1 2 0 -2 1 -1 2 0 -2 1 -1 2 0 -2 1 -1 2 0 -2 1 -1 2 0 -2 1 -1 2 0 -2 1 -1 2 0 -2 1 -1 2 0 -2 1 -1 2 0 -2 1 -1 2 0 -2 1 -1 2 0 -2 1 -1 2 0 -2 1 -1 2 0 -2 1 -1 2 0 -2 1 -1 2 0 -2 1 -1 2 0 -2 1 -1 2 0 -2 1 -1 2 0 -2 1 -1 2 0 -2 1 -1 2 0 -2 1 -1 2 0 -2 1 -1 2 0 -2 1 -1 2 0 -2 1 -1 2 0 -2 1 -1 2 0 -2 1 -1 2 0 -2 1 -1 2 0 -2 1 -1 2 0 -2 1 -1 2 0 -2 1 -1 2 0 -2 1 -1 2 0 -2 1 -1 2 0 -2 1 -1 2 0 -2 1 -1 2 0 -2 1 -1 2 0 -2 1 -1 2 0 -2 1 -1 2 0 -2 1 -1 2 0 -2 1 -1 2 0 -2 1 -1 2 0 -2 1 -1 2 0 -2 1 -1 2 0 -2 1 -1 2 0 -2 1 -1 2 0 -2 1 -1 2 0 -2 1 -1 2 0 -2 1 -1 2 0 -2 1 -1 2 0 -2 1 -1 2 0 -2 1 -1 2 0 -2 1 -1 2 0 -2 1 -1 2 0 -2 1 -1 2 0 -2 1 -1 2 0 -2 1 -1 2 0 -2 1 -1 2 0 -2 1 -1 2 0 -2 1 -1 2 0 -2 1 -1 2 0 -2 1 -1 2 0 -2 1 -1 2 0 -2 1 -1 2 0 -2 1 -1 2 0
0 -1 -2 2 1 0 -1 -2 2 1 0 -1 -2 2 1 0 -1 -2 2 1 0 -1 -2 2 1 0 -1 -2 2 1 0 -1 -2 2 1 0 -1 -2 2 1 0 -1 -2 2 1 0 -1 -2 2 1 0 -1 -2 2 1 0 -1 -2 2 1 0 -1 -2 2 1 0 -1 -2 2 1 0 -1 -2 2 1 0 -1 -2 2 1 0 -1 -2 2 1 0 -1 -2 2 1 0 -1 -2 2 1 0 -1 -2 2 1 0 -1 -2 2 1 0 -1 -2 2 1 0 -1 -2 2 1 0 -1 -2 2 1 0 -1 -2 2 1 0 602 -2 2 1 0 -1 -2 2 1 0 -1 -2 2 1 0 -1 -2 2 1 0 -1 -2 2 1 0 -1 -2 2 1 0 -1 -2 2 1 0 -1 -2 2 1 0 -1 -2 2 1 0 -1 -2 2 1 0 -1 -2 2 1 0 -1 -2 2 1 0 -1 -2 2 1 0 -1 -2 2 1 0 -1 -2 2 1 0 -1 -2 2 1 0 -1 -2 2 1 0 -1 -2 2 1 0 -1 -2 2 1 0 -1 -2 2 1 0 -1 -2 2 1 0 -1 -2 2 1 0 -1 -2 2 1 0 -1 -2 2 1 0 -1 -2 2 1 0 -1 -2 2 1 0 -1 -2 2 1 0 -1 -2 2 1 0 -1 -2 2 1 0 -1 -2 2 1 0 -1 -2 2 1 0 -1 -2 2 1 0 -1 -2 2 1 0 -1 -2 2 1 0 -1 -2 2 1 0 -1 -2 2 1 0 -1 -2 2 1 0 -1 -2 2 1 0 -1 -2 2 1 0 -1 -2 2 1 0 -1 -2 2 1 0 -1 -2 2 1 0 -1 -2 2 1 0 -1 -2 2 1 0 -1 -2 2 1 0 -1 -2 2 1 0 -1 -2 2 1 0 -1 -2 2 1 0 -1 -2 2 1 0 -1 -2 2 1 0 -1 -2 2 1 0 -1 -2 2 1 0 -1 -2 2 1 0 -1 -2 2 1 0 -1 -2 2 1 0 -1 -2 2 1 0 -1 -2 2 1 0 -1 -2 2 1 0 -1 -2 2 1 0 -1 -2 2 1 0 -1 -2 2 1 0 -1 -2 2 1 0 -1 -2 2 1 0 -1 -2 2 1 0 -1 -2 2 1 0 -1 -2 2 1 0 -1 -2 2 1 0 -1 -2 2 1 0 -1 -2 2 1 0 -1 -2 2 1 0 -1 -2 2 1 0 -1 -2 2 1 0 -1 -2 2 1 0 -1 -2 2 1 0 -1 -2 2 1
2 2 2 2 2 2 2 2 2 2 2 2 2 2 2 2 2 2 2 2 2 2 2 2 2 2 2 2 2 2 2 2 2 2 2 2 2 2 2 2 2 2 2 2 2 2 2 2 2 2 2 2 2 2 2 2 2 2 2 2 2 2 2 2 2 2 2 2 2 2 2 2 2 2 2 2 2 2 2 2 2 2 2 2 2 2 2 2 2 2 2 2 2 2 2 2 2 2 2 2 2 2 2 2 2 2 2 2 2 2 2 2 2 2 2 2 2 2 2 2 2 2 2 2 2 2 2 1001 2 2 2 2 2 2 2 2 2 2 2 2 2 2 2 2 2 2 2 2 2 2 2 2 2 2 2 2 2 2 2 2 2 2 2 2 2 2 2 2 2 2 2 2 2 2 2 2 2 2 2 2 2 2 2 2 2 2 2 2 2 2 2 2 2 2 2 2 2 2 2 2 2 2 2 2 2 2 2 2 2 2 2 2 2 2 2 2 2 2 2 2 2 2 2 2 2 2 2 2 2 2 2 2 2 2 2 2 2 2 2 2 2 2 2 2 2 2 2 2 2 2 2 2 2 2 2 2 2 2 2 2 2 2 2 2 2 2 2 2 2 2 2 2 2 2 2 2 2 2 2 2 2 2 2 2 2 2 2 2 2 2 2 2 2 2 2 2 2 2 2 2 2 2 2 2 2 2 2 2 2 2 2 2 2 2 2 2 2 2 2 2 2 2 2 2 2 2 2 2 2 2 2 2 2 2 2 2 2 2 2 2 2 2 2 2 2 2 2 2 2 2 2 2 2 2 2 2 2 2 2 2 2 2 2 2 2 2 2 2 2 2 2 2 2 2 2 2 2 2 2 2 2 2 2 2 2 2 2 2 2 2 2 2 2 2 2 2 2 2 2 2 2 2 2 2 2 2 2 2 2 2 2 2 2 2 2 2 2 2 2 2 2 2 2 2 2 2 2 2 2 2 2 2 2 2 2 2 2 2 2 2 2 2 2 2 2 2 2 2 2 2 2 2 2 2 2 2 2 2 2 2 2 2 2 2 2 2 2 2 2 2 2 2 2 2 2 2 2 2 2 2 2 2 2 2 2 2 2 2 2 2 2 2 2 2 2 2 2 2 2 2
-1 0 1 2 -2 -1 0 1 2 -2 -1 0 1 2 -2 -1 0 1 2 -2 -1 0 1 2 -2 -1 0 1 2 -2 -1 0 1 2 -2 -1 0 1 2 -2 -1 0 1 2 -2 -1 0 1 2 -2 -1 0 1 2 -2 -1 0 1 2 -2 -1 0 1 2 -2 -1 0 1 2 -2 -1 0 1 2 -2 -1 0 1 2 -2 -1 0 1 2 -2 -1 0 1 2 -2 -1 0 1 2 -2 -1 0 1 2 -2 -1 0 1 2 -2 -1 0 1 2 -2 -1 0 1 2 -2 -1 0 1 2 -2 -1 0 1 2 -2 -1 0 1 601 -2 -1 0 1 2 -2 -1 0 1 2 -2 -1 0 1 2 -2 -1 0 1 2 -2 -1 0 1 2 -2 -1 0 1 2 -2 -1 0 1 2 -2 -1 0 1 2 -2 -1 0 1 2 -2 -1 0 1 2 -2 -1 0 1 2 -2 -1 0 1 2 -2 -1 0 1 2 -2 -1 0 1 2 -2 -1 0 1 2 -2 -1 0 1 2 -2 -1 0 1 2 -2 -1 0 1 2 -2 -1 0 1 2 -2 -1 0 1 2 -2 -1 0 1 2 -2 -1 0 1 2 -2 -1 0 1 2 -2 -1 0 1 2 -2 -1 0 1 2 -2 -1 0 1 2 -2 -1 0 1 2 -2 -1 0 1 2 -2 -1 0 1 2 -2 -1 0 1 2 -2 -1 0 1 2 -2 -1 0 1 2 -2 -1 0 1 2 -2 -1 0 1 2 -2 -1 0 1 2 -2 -1 0 1 2 -2 -1 0 1 2 -2 -1 0 1 2 -2 -1 0 1 2 -2 -1 0 1 2 -2 -1 0 1 2 -2 -1 0 1 2 -2 -1 0 1 2 -2 -1 0 1 2 -2 -1 0 1 2 -2 -1 0 1 2 -2 -1 0 1 2 -2 -1 0 1 2 -2 -1 0 1 2 -2 -1 0 1 2 -2 -1 0 1 2 -2 -1 0 1 2 -2 -1 0 1 2 -2 -1 0 1 2 -2 -1 0 1 2 -2 -1 0 1 2 -2 -1 0 1 2 -2 -1 0 1 2 -2 -1 0 1 2 -2 -1 0 1 2 -2 -1 0 1 2 -2 -1 0 1 2 -2 -1 0 1 2 -2 -1 0 1 2 -2 -1 0 1 2 -2 -1 0 1 2 -2 -1 0 1 2 -2 -1 0 1 2 -2 -1 0 1 2 -2 -1 0 1 2 -2 -1 0 1 2 -2 -1 0 1 2 -2 -1 0 1 2 -2 -1 0 1 2 -2
1 -2 0 2 -1 1 -2 0 2 -1 1 -2 0 2 -1 1 -2 0 2 -1 1 -2 0 2 -1 1 -2 0 2 -1 1 -2 0 2 -1 1 -2 0 2 -1 1 -2 0 2 -1 1 -2 0 2 -1 1 -2 0 2 -1 1 -2 0 2 -1 1 -2 0 2 -1 1 -2 0 2 -1 1 -2 0 2 -1 1 -2 0 2 -1 1 -2 0 2 -1 1 -2 0 2 -1 1 -2 0 2 -1 1 -2 0 2 -1 1 -2 0 2 -1 1 -2 0 2 -1 1 -2 0 2 -1 1 -2 0 2 -1 1 -2 0 2 -1 1 -2 0 2 602 1 -2 0 2 -1 1 -2 0 2 -1 1 -2 0 2 -1 1 -2 0 2 -1 1 -2 0 2 -1 1 -2 0 2 -1 1 -2 0 2 -1 1 -2 0 2 -1 1 -2 0 2 -1 1 -2 0 2 -1 1 -2 0 2 -1 1 -2 0 2 -1 1 -2 0 2 -1 1 -2 0 2 -1 1 -2 0 2 -1 1 -2 0 2 -1 1 -2 0 2 -1 1 -2 0 2 -1 1 -2 0 2 -1 1 -2 0 2 -1 1 -2 0 2 -1 1 -2 0 2 -1 1 -2 0 2 -1 1 -2 0 2 -1 1 -2 0 2 -1 1 -2 0 2 -1 1 -2 0 2 -1 1 -2 0 2 -1 1 -2 0 2 -1 1 -2 0 2 -1 1 -2 0 2 -1 1 -2 0 2 -1 1 -2 0 2 -1 1 -2 0 2 -1 1 -2 0 2 -1 1 -2 0 2 -1 1 -2 0 2 -1 1 -2 0 2 -1 1 -2 0 2 -1 1 -2 0 2 -1 1 -2 0 2 -1 1 -2 0 2 -1 1 -2 0 2 -1 1 -2 0 2 -1 1 -2 0 2 -1 1 -2 0 2 -1 1 -2 0 2 -1 1 -2 0 2 -1 1 -2 0 2 -1 1 -2 0 2 -1 1 -2 0 2 -1 1 -2 0 2 -1 1 -2 0 2 -1 1 -2 0 2 -1 1 -2 0 2 -1 1 -2 0 2 -1 1 -2 0 2 -1 1 -2 0 2 -1 1 -2 0 2 -1 1 -2 0 2 -1 1 -2 0 2 -1 1 -2 0 2 -1 1 -2 0 2 -1 1 -2 0 2 -1 1 -2 0 2 -1 1 -2 0 2 -1 1 -2 0 2 -1 1 -2 0 2 -1 1 -2 0 2 -1 1 -2 0 2 -1 1 -2 0 2 -1 1 -2 0 2 -1 1 -2 0 2 -1 1 -2 0 2 -1
-2 1 -1 2 0 -2 1 -1 2 0 -2 1 -1 2 0 -2 1 -1 2 0 -2 1 -1 2 0 -2 1 -1 2 0 -2 1 -1 2 0 -2 1 -1 2 0 -2 1 -1 2 0 -2 1 -1 2 0 -2 1 -1 2 0 -2 1 -1 2 0 -2 1 -1 2 0 -2 1 -1 2 0 -2 1 -1 2 0 -2 1 -1 2 0 -2 1 -1 2 0 -2 1 -1 2 0 -2 1 -1 2 0 -2 1 -1 2 0 -2 1 -1 2 0 -2 1 -1 2 0 -2 1 -1 2 0 -2 1 -1 2 0 -2 1 -1 2 0 -2 1 -1 2 0 601 1 -1 2 0 -2 1 -1 2 0 -2 1 -1 2 0 -2 1 -1 2 0 -2 1 -1 2 0 -2 1 -1 2 0 -2 1 -1 2 0 -2 1 -1 2 0 -2 1 -1 2 0 -2 1 -1 2 0 -2 1 -1 2 0 -2 1 -1 2 0 -2 1 -1 2 0 -2 1 -1 2 0 -2 1 -1 2 0 -2 1 -1 2 0 -2 1 -1 2 0 -2 1 -1 2 0 -2 1 -1 2 0 -2 1 -1 2 0 -2 1 -1 2 0 -2 1 -1 2 0 -2 1 -1 2 0 -2 1 -1 2 0 -2 1 -1 2 0 -2 1 -1 2 0 -2 1 -1 2 0 -2 1 -1 2 0 -2 1 -1 2 0 -2 1 -1 2 0 -2 1 -1 2 0 -2 1 -1 2 0 -2 1 -1 2 0 -2 1 -1 2 0 -2 1 -1 2 0 -2 1 -1 2 0 -2 1 -1 2 0 -2 1 -1 2 0 -2 1 -1 2 0 -2 1 -1 2 0 -2 1 -1 2 0 -2 1 -1 2 0 -2 1 -1 2 0 -2 1 -1 2 0 -2 1 -1 2 0 -2 1 -1 2 0 -2 1 -1 2 0 -2 1 -1 2 0 -2 1 -1 2 0 -2 1 -1 2 0 -2 1 -1 2 0 -2 1 -1 2 0 -2 1 -1 2 0 -2 1 -1 2 0 -2 1 -1 2 0 -2 1 -1 2 0 -2 1 -1 2 0 -2 1 -1 2 0 -2 1 -1 2 0 -2 1 -1 2 0 -2 1 -1 2 0 -2 1 -1 2 0 -2 1 -1 2 0 -2 1 -1 2 0 -2 1 -1 2 0 -2 1 -1 2 0 -2 1 -1 2 0 -2 1 -1 2 0 -2 1 -1 2 0 -2 1 -1 2 0 -2 1 -1 2 0 -2 1 -1 2 0 -2 1 -1 2 0 -2 1 -1 2 0
0 -1 -2 2 1 0 -1 -2 2 1 0 -1 -2 2 1 0 -1 -2 2 1 0 -1 -2 2 1 0 -1 -2 2 1 0 -1 -2 2 1 0 -1 -2 2 1 0 -1 -2 2 1 0 -1 -2 2 1 0 -1 -2 2 1 0 -1 -2 2 1 0 -1 -2 2 1 0 -1 -2 2 1 0 -1 -2 2 1 0 -1 -2 2 1 0 -1 -2 2 1 0 -1 -2 2 1 0 -1 -2 2 1 0 -1 -2 2 1 0 -1 -2 2 1 0 -1 -2 2 1 0 -1 -2 2 1 0 -1 -2 2 1 0 -1 -2 2 1 0 -1 -2 2 1 0 602 -2 2 1 0 -1 -2 2 1 0 -1 -2 2 1 0 -1 -2 2 1 0 -1 -2 2 1 0 -1 -2 2 1 0 -1 -2 2 1 0 -1 -2 2 1 0 -1 -2 2 1 0 -1 -2 2 1 0 -1 -2 2 1 0 -1 -2 2 1 0 -1 -2 2 1 0 -1 -2 2 1 0 -1 -2 2 1 0 -1 -2 2 1 0 -1 -2 2 1 0 -1 -2 2 1 0 -1 -2 2 1 0 -1 -2 2 1 0 -1 -2 2 1 0 -1 -2 2 1 0 -1 -2 2 1 0 -1 -2 2 1 0 -1 -2 2 1 0 -1 -2 2 1 0 -1 -2 2 1 0 -1 -2 2 1 0 -1 -2 2 1 0 -1 -2 2 1 0 -1 -2 2 1 0 -1 -2 2 1 0 -1 -2 2 1 0 -1 -2 2 1 0 -1 -2 2 1 0 -1 -2 2 1 0 -1 -2 2 1 0 -1 -2 2 1 0 -1 -2 2 1 0 -1 -2 2 1 0 -1 -2 2 1 0 -1 -2 2 1 0 -1 -2 2 1 0 -1 -2 2 1 0 -1 -2 2 1 0 -1 -2 2 1 0 -1 -2 2 1 0 -1 -2 2 1 0 -1 -2 2 1 0 -1 -2 2 1 0 -1 -2 2 1 0 -1 -2 2 1 0 -1 -2 2 1 0 -1 -2 2 1 0 -1 -2 2 1 0 -1 -2 2 1 0 -1 -2 2 1 0 -1 -2 2 1 0 -1 -2 2 1 0 -1 -2 2 1 0 -1 -2 2 1 0 -1 -2 2 1 0 -1 -2 2 1 0 -1 -2 2 1 0 -1 -2 2 1 0 -1 -2 2 1 0 -1 -2 2 1 0 -1 -2 2 1 0 -1 -2 2 1 0 -1 -2 2 1 0 -1 -2 2 1 0 -1 -2 2 1 0 -1 -2 2 1 0 -1 -2 2 1
2 2 2 2 2 2 2 2 2 2 2 2 2 2 2 2 2 2 2 2 2 2 2 2 2 2 2 2 2 2 2 2 2 2 2 2 2 2 2 2 2 2 2 2 2 2 2 2 2 2 2 2 2 2 2 2 2 2 2 2 2 2 2 2 2 2 2 2 2 2 2 2 2 2 2 2 2 2 2 2 2 2 2 2 2 2 2 2 2 2 2 2 2 2 2 2 2 2 2 2 2 2 2 2 2 2 2 2 2 2 2 2 2 2 2 2 2 2 2 2 2 2 2 2 2 2 2 2 2 2 2 2 1001 2 2 2 2 2 2 2 2 2 2 2 2 2 2 2 2 2 2 2 2 2 2 2 2 2 2 2 2 2 2 2 2 2 2 2 2 2 2 2 2 2 2 2 2 2 2 2 2 2 2 2 2 2 2 2 2 2 2 2 2 2 2 2 2 2 2 2 2 2 2 2 2 2 2 2 2 2 2 2 2 2 2 2 2 2 2 2 2 2 2 2 2 2 2 2 2 2 2 2 2 2 2 2 2 2 2 2 2 2 2 2 2 2 2 2 2 2 2 2 2 2 2 2 2 2 2 2 2 2 2 2 2 2 2 2 2 2 2 2 2 2 2 2 2 2 2 2 2 2 2 2 2 2 2 2 2 2 2 2 2 2 2 2 2 2 2 2 2 2 2 2 2 2 2 2 2 2 2 2 2 2 2 2 2 2 2 2 2 2 2 2 2 2 2 2 2 2 2 2 2 2 2 2 2 2 2 2 2 2 2 2 2 2 2 2 2 2 2 2 2 2 2 2 2 2 2 2 2 2 2 2 2 2 2 2 2 2 2 2 2 2 2 2 2 2 2 2 2 2 2 2 2 2 2 2 2 2 2 2 2 2 2 2 2 2 2 2 2 2 2 2 2 2 2 2 2 2 2 2 2 2 2 2 2 2 2 2 2 2 2 2 2 2 2 2 2 2 2 2 2 2 2 2 2 2 2 2 2 2 2 2 2 2 2 2 2 2 2 2 2 2 2 2 2 2 2 2 2 2 2 2 2 2 2 2 2 2 2 2 2 2 2 2 2 2 2 2 2 2 2 2 2 2 2 2 2 2 2 2 2 2 2 2 2 2 2 2
-1 0 1 2 -2 -1 0 1 2 -2 -1 0 1 2 -2 -1 0 1 2 -2 -1 0 1 2 -2 -1 0 1 2 -2 -1 0 1 2 -2 -1 0 1 2 -2 -1 0 1 2 -2 -1 0 1 2 -2 -1 0 1 2 -2 -1 0 1 2 -2 -1 0 1 2 -2 -1 0 1 2 -2 -1 0 1 2 -2 -1 0 1 2 -2 -1 0 1 2 -2 -1 0 1 2 -2 -1 0 1 2 -2 -1 0 1 2 -2 -1 0 1 2 -2 -1 0 1 2 -2 -1 0 1 2 -2 -1 0 1 2 -2 -1 0 1 2 -2 -1 0 1 2 -2 -1 0 1 601 -2 -1 0 1 2 -2 -1 0 1 2 -2 -1 0 1 2 -2 -1 0 1 2 -2 -1 0 1 2 -2 -1 0 1 2 -2 -1 0 1 2 -2 -1 0 1 2 -2 -1 0 1 2 -2 -1 0 1 2 -2 -1 0 1 2 -2 -1 0 1 2 -2 -1 0 1 2 -2 -1 0 1 2 -2 -1 0 1 2 -2 -1 0 1 2 -2 -1 0 1 2 -2 -1 0 1 2 -2 -1 0 1 2 -2 -1 0 1 2 -2 -1 0 1 2 -2 -1 0 1 2 -2 -1 0 1 2 -2 -1 0 1 2 -2 -1 0 1 2 -2 -1 0 1 2 -2 -1 0 1 2 -2 -1 0 1 2 -2 -1 0 1 2 -2 -1 0 1 2 -2 -1 0 1 2 -2 -1 0 1 2 -2 -1 0 1 2 -2 -1 0 1 2 -2 -1 0 1 2 -2 -1 0 1 2 -2 -1 0 1 2 -2 -1 0 1 2 -2 -1 0 1 2 -2 -1 0 1 2 -2 -1 0 1 2 -2 -1 0 1 2 -2 -1 0 1 2 -2 -1 0 1 2 -2 -1 0 1 2 -2 -1 0 1 2 -2 -1 0 1 2 -2 -1 0 1 2 -2 -1 0 1 2 -2 -1 0 1 2 -2 -1 0 1 2 -2 -1 0 1 2 -2 -1 0 1 2 -2 -1 0 1 2 -2 -1 0 1 2 -2 -1 0 1 2 -2 -1 0 1 2 -2 -1 0 1 2 -2 -1 0 1 2 -2 -1 0 1 2 -2 -1 0 1 2 -2 -1 0 1 2 -2 -1 0 1 2 -2 -1 0 1 2 -2 -1 0 1 2 -2 -1 0 1 2 -2 -1 0 1 2 -2 -1 0 1 2 -2 -1 0 1 2 -2 -1 0 1 2 -2 -1 0 1 2 -2 -1 0 1 2 -2 -1 0 1 2 -2
1 -2 0 2 -1 1 -2 0 2 -1 1 -2 0 2 -1 1 -2 0 2 -1 1 -2 0 2 -1 1 -2 0 2 -1 1 -2 0 2 -1 1 -2 0 2 -1 1 -2 0 2 -1 1 -2 0 2 -1 1 -2 0 2 -1 1 -2 0 2 -1 1 -2 0 2 -1 1 -2 0 2 -1 1 -2 0 2 -1 1 -2 0 2 -1 1 -2 0 2 -1 1 -2 0 2 -1 1 -2 0 2 -1 1 -2 0 2 -1 1 -2 0 2 -1 1 -2 0 2 -1 1 -2 0 2 -1 1 -2 0 2 -1 1 -2 0 2 -1 1 -2 0 2 -1 1 -2 0 2 602 1 -2 0 2 -1 1 -2 0 2 -1 1 -2 0 2 -1 1 -2 0 2 -1 1 -2 0 2 -1 1 -2 0 2 -1 1 -2 0 2 -1 1 -2 0 2 -1 1 -2 0 2 -1 1 -2 0 2 -1 1 -2 0 2 -1 1 -2 0 2 -1 1 -2 0 2 -1 1 -2 0 2 -1 1 -2 0 2 -1 1 -2 0 2 -1 1 -2 0 2 -1 1 -2 0 2 -1 1 -2 0 2 -1 1 -2 0 2 -1 1 -2 0 2 -1 1 -2 0 2 -1 1 -2 0 2 -1 1 -2 0 2 -1 1 -2 0 2 -1 1 -2 0 2 -1 1 -2 0 2 -1 1 -2 0 2 -1 1 -2 0 2 -1 1 -2 0 2 -1 1 -2 0 2 -1 1 -2 0 2 -1 1 -2 0 2 -1 1 -2 0 2 -1 1 -2 0 2 -1 1 -2 0 2 -1 1 -2 0 2 -1 1 -2 0 2 -1 1 -2 0 2 -1 1 -2 0 2 -1 1 -2 0 2 -1 1 -2 0 2 -1 1 -2 0 2 -1 1 -2 0 2 -1 1 -2 0 2 -1 1 -2 0 2 -1 1 -2 0 2 -1 1 -2 0 2 -1 1 -2 0 2 -1 1 -2 0 2 -1 1 -2 0 2 -1 1 -2 0 2 -1 1 -2 0 2 -1 1 -2 0 2 -1 1 -2 0 2 -1 1 -2 0 2 -1 1 -2 0 2 -1 1 -2 0 2 -1 1 -2 0 2 -1 1 -2 0 2 -1 1 -2 0 2 -1 1 -2 0 2 -1 1 -2 0 2 -1 1 -2 0 2 -1 1 -2 0 2 -1 1 -2 0 2 -1 1 -2 0 2 -1 1 -2 0 2 -1 1 -2 0 2 -1 1 -2 0 2 -1 1 -2 0 2 -1 1 -2 0 2 -1 1 -2 0 2 -1
-2 1 -1 2 0 -2 1 -1 2 0 -2 1 -1 2 0 -2 1 -1 2 0 -2 1 -1 2 0 -2 1 -1 2 0 -2 1 -1 2 0 -2 1 -1 2 0 -2 1 -1 2 0 -2 1 -1 2 0 -2 1 -1 2 0 -2 1 -1 2 0 -2 1 -1 2 0 -2 1 -1 2 0 -2 1 -1 2 0 -2 1 -1 2 0 -2 1 -1 2 0 -2 1 -1 2 0 -2 1 -1 2 0 -2 1 -1 2 0 -2 1 -1 2 0 -2 1 -1 2 0 -2 1 -1 2 0 -2 1 -1 2 0 -2 1 -1 2 0 -2 1 -1 2 0 -2 1 -1 2 0 601 1 -1 2 0 -2 1 -1 2 0 -2 1 -1 2 0 -2 1 -1 2 0 -2 1 -1 2 0 -2 1 -1 2 0 -2 1 -1 2 0 -2 1 -1 2 0 -2 1 -1 2 0 -2 1 -1 2 0 -2 1 -1 2 0 -2 1 -1 2 0 -2 1 -1 2 0 -2 1 -1 2 0 -2 1 -1 2 0 -2 1 -1 2 0 -2 1 -1 2 0 -2 1 -1 2 0 -2 1 -1 2 0 -2 1 -1 2 0 -2 1 -1 2 0 -2 1 -1 2 0 -2 1 -1 2 0 -2 1 -1 2 0 -2 1 -1 2 0 -2 1 -1 2 0 -2 1 -1 2 0 -2 1 -1 2 0 -2 1 -1 2 0 -2 1 -1 2 0 -2 1 -1 2 0 -2 1 -1 2 0 -2 1 -1 2 0 -2 1 -1 2 0 -2 1 -1 2 0 -2 1 -1 2 0 -2 1 -1 2 0 -2 1 -1 2 0 -2 1 -1 2 0 -2 1 -1 2 0 -2 1 -1 2 0 -2 1 -1 2 0 -2 1 -1 2 0 -2 1 -1 2 0 -2 1 -1 2 0 -2 1 -1 2 0 -2 1 -1 2 0 -2 1 -1 2 0 -2 1 -1 2 0 -2 1 -1 2 0 -2 1 -1 2 0 -2 1 -1 2 0 -2 1 -1 2 0 -2 1 -1 2 0 -2 1 -1 2 0 -2 1 -1 2 0 -2 1 -1 2 0 -2 1 -1 2 0 -2 1 -1 2 0 -2 1 -1 2 0 -2 1 -1 2 0 -2 1 -1 2 0 -2 1 -1 2 0 -2 1 -1 2 0 -2 1 -1 2 0 -2 1 -1 2 0 -2 1 -1 2 0 -2 1 -1 2 0 -2 1 -1 2 0 -2 1 -1 2 0 -2 1 -1 2 0 -2 1 -1 2 0 -2 1 -1 2 0
0 -1 -2 2 1 0 -1 -2 2 1 0 -1 -2 2 1 0 -1 -2 2 1 0 -1 -2 2 1 0 -1 -2 2 1 0 -1 -2 2 1 0 -1 -2 2 1 0 -1 -2 2 1 0 -1 -2 2 1 0 -1 -2 2 1 0 -1 -2 2 1 0 -1 -2 2 1 0 -1 -2 2 1 0 -1 -2 2 1 0 -1 -2 2 1 0 -1 -2 2 1 0 -1 -2 2 1 0 -1 -2 2 1 0 -1 -2 2 1 0 -1 -2 2 1 0 -1 -2 2 1 0 -1 -2 2 1 0 -1 -2 2 1 0 -1 -2 2 1 0 -1 -2 2 1 0 -1 -2 2 1 0 602 -2 2 1 0 -1 -2 2 1 0 -1 -2 2 1 0 -1 -2 2 1 0 -1 -2 2 1 0 -1 -2 2 1 0 -1 -2 2 1 0 -1 -2 2 1 0 -1 -2 2 1 0 -1 -2 2 1 0 -1 -2 2 1 0 -1 -2 2 1 0 -1 -2 2 1 0 -1 -2 2 1 0 -1 -2 2 1 0 -1 -2 2 1 0 -1 -2 2 1 0 -1 -2 2 1 0 -1 -2 2 1 0 -1 -2 2 1 0 -1 -2 2 1 0 -1 -2 2 1 0 -1 -2 2 1 0 -1 -2 2 1 0 -1 -2 2 1 0 -1 -2 2 1 0 -1 -2 2 1 0 -1 -2 2 1 0 -1 -2 2 1 0 -1 -2 2 1 0 -1 -2 2 1 0 -1 -2 2 1 0 -1 -2 2 1 0 -1 -2 2 1 0 -1 -2 2 1 0 -1 -2 2 1 0 -1 -2 2 1 0 -1 -2 2 1 0 -1 -2 2 1 0 -1 -2 2 1 0 -1 -2 2 1 0 -1 -2 2 1 0 -1 -2 2 1 0 -1 -2 2 1 0 -1 -2 2 1 0 -1 -2 2 1 0 -1 -2 2 1 0 -1 -2 2 1 0 -1 -2 2 1 0 -1 -2 2 1 0 -1 -2 2 1 0 -1 -2 2 1 0 -1 -2 2 1 0 -1 -2 2 1 0 -1 -2 2 1 0 -1 -2 2 1 0 -1 -2 2 1 0 -1 -2 2 1 0 -1 -2 2 1 0 -1 -2 2 1 0 -1 -2 2 1 0 -1 -2 2 1 0 -1 -2 2 1 0 -1 -2 2 1 0 -1 -2 2 1 0 -1 -2 2 1 0 -1 -2 2 1 0 -1 -2 2 1 0 -1 -2 2 1 0 -1 -2 2 1 0 -1 -2 2 1 0 -1 -2 2 1 0 -1 -2 2 1
2 2 2 2 2 2 2 2 2 2 2 2 2 2 2 2 2 2 2 2 2 2 2 2 2 2 2 2 2 2 2 2 2 2 2 2 2 2 2 2 2 2 2 2 2 2 2 2 2 2 2 2 2 2 2 2 2 2 2 2 2 2 2 2 2 2 2 2 2 2 2 2 2 2 2 2 2 2 2 2 2 2 2 2 2 2 2 2 2 2 2 2 2 2 2 2 2 2 2 2 2 2 2 2 2 2 2 2 2 2 2 2 2 2 2 2 2 2 2 2 2 2 2 2 2 2 2 2 2 2 2 2 2 2 2 2 2 1001 2 2 2 2 2 2 2 2 2 2 2 2 2 2 2 2 2 2 2 2 2 2 2 2 2 2 2 2 2 2 2 2 2 2 2 2 2 2 2 2 2 2 2 2 2 2 2 2 2 2 2 2 2 2 2 2 2 2 2 2 2 2 2 2 2 2 2 2 2 2 2 2 2 2 2 2 2 2 2 2 2 2 2 2 2 2 2 2 2 2 2 2 2 2 2 2 2 2 2 2 2 2 2 2 2 2 2 2 2 2 2 2 2 2 2 2 2 2 2 2 2 2 2 2 2 2 2 2 2 2 2 2 2 2 2 2 2 2 2 2 2 2 2 2 2 2 2 2 2 2 2 2 2 2 2 2 2 2 2 2 2 2 2 2 2 2 2 2 2 2 2 2 2 2 2 2 2 2 2 2 2 2 2 2 2 2 2 2 2 2 2 2 2 2 2 2 2 2 2 2 2 2 2 2 2 2 2 2 2 2 2 2 2 2 2 2 2 2 2 2 2 2 2 2 2 2 2 2 2 2 2 2 2 2 2 2 2 2 2 2 2 2 2 2 2 2 2 2 2 2 2 2 2 2 2 2 2 2 2 2 2 2 2 2 2 2 2 2 2 2 2 2 2 2 2 2 2 2 2 2 2 2 2 2 2 2 2 2 2 2 2 2 2 2 2 2 2 2 2 2 2 2 2 2 2 2 2 2 2 2 2 2 2 2 2 2 2 2 2 2 2 2 2 2 2 2 2 2 2 2 2 2 2 2 2 2 2 2 2 2 2 2 2 2 2 2 2 2 2 2 2 2 2 2 2 2 2 2 2 2 2 2
-1 0 1 2 -2 -1 0 1 2 -2 -1 0 1 2 -2 -1 0 1 2 -2 -1 0 1 2 -2 -1 0 1 2 -2 -1 0 1 2 -2 -1 0 1 2 -2 -1 0 1 2 -2 -1 0 1 2 -2 -1 0 1 2 -2 -1 0 1 2 -2 -1 0 1 2 -2 -1 0 1 2 -2 -1 0 1 2 -2 -1 0 1 2 -2 -1 0 1 2 -2 -1 0 1 2 -2 -1 0 1 2 -2 -1 0 1 2 -2 -1 0 1 2 -2 -1 0 1 2 -2 -1 0 1 2 -2 -1 0 1 2 -2 -1 0 1 2 -2 -1 0 1 2 -2 -1 0 1 2 -2 -1 0 1 601 -2 -1 0 1 2 -2 -1 0 1 2 -2 -1 0 1 2 -2 -1 0 1 2 -2 -1 0 1 2 -2 -1 0 1 2 -2 -1 0 1 2 -2 -1 0 1 2 -2 -1 0 1 2 -2 -1 0 1 2 -2 -1 0 1 2 -2 -1 0 1 2 -2 -1 0 1 2 -2 -1 0 1 2 -2 -1 0 1 2 -2 -1 0 1 2 -2 -1 0 1 2 -2 -1 0 1 2 -2 -1 0 1 2 -2 -1 0 1 2 -2 -1 0 1 2 -2 -1 0 1 2 -2 -1 0 1 2 -2 -1 0 1 2 -2 -1 0 1 2 -2 -1 0 1 2 -2 -1 0 1 2 -2 -1 0 1 2 -2 -1 0 1 2 -2 -1 0 1 2 -2 -1 0 1 2 -2 -1 0 1 2 -2 -1 0 1 2 -2 -1 0 1 2 -2 -1 0 1 2 -2 -1 0 1 2 -2 -1 0 1 2 -2 -1 0 1 2 -2 -1 0 1 2 -2 -1 0 1 2 -2 -1 0 1 2 -2 -1 0 1 2 -2 -1 0 1 2 -2 -1 0 1 2 -2 -1 0 1 2 -2 -1 0 1 2 -2 -1 0 1 2 -2 -1 0 1 2 -2 -1 0 1 2 -2 -1 0 1 2 -2 -1 0 1 2 -2 -1 0 1 2 -2 -1 0 1 2 -2 -1 0 1 2 -2 -1 0 1 2 -2 -1 0 1 2 -2 -1 0 1 2 -2 -1 0 1 2 -2 -1 0 1 2 -2 -1 0 1 2 -2 -1 0 1 2 -2 -1 0 1 2 -2 -1 0 1 2 -2 -1 0 1 2 -2 -1 0 1 2 -2 -1 0 1 2 -2 -1 0 1 2 -2 -1 0 1 2 -2 -1 0 1 2 -2 -1 0 1 2 -2 -1 0 1 2 -2 -1 0 1 2 -2
1 -2 0 2 -1 1 -2 0 2 -1 1 -2 0 2 -1 1 -2 0 2 -1 1 -2 0 2 -1 1 -2 0 2 -1 1 -2 0 2 -1 1 -2 0 2 -1 1 -2 0 2 -1 1 -2 0 2 -1 1 -2 0 2 -1 1 -2 0 2 -1 1 -2 0 2 -1 1 -2 0 2 -1 1 -2 0 2 -1 1 -2 0 2 -1 1 -2 0 2 -1 1 -2 0 2 -1 1 -2 0 2 -1 1 -2 0 2 -1 1 -2 0 2 -1 1 -2 0 2 -1 1 -2 0 2 -1 1 -2 0 2 -1 1 -2 0 2 -1 1 -2 0 2 -1 1 -2 0 2 -1 1 -2 0 2 602 1 -2 0 2 -1 1 -2 0 2 -1 1 -2 0 2 -1 1 -2 0 2 -1 1 -2 0 2 -1 1 -2 0 2 -1 1 -2 0 2 -1 1 -2 0 2 -1 1 -2 0 2 -1 1 -2 0 2 -1 1 -2 0 2 -1 1 -2 0 2 -1 1 -2 0 2 -1 1 -2 0 2 -1 1 -2 0 2 -1 1 -2 0 2 -1 1 -2 0 2 -1 1 -2 0 2 -1 1 -2 0 2 -1 1 -2 0 2 -1 1 -2 0 2 -1 1 -2 0 2 -1 1 -2 0 2 -1 1 -2 0 2 -1 1 -2 0 2 -1 1 -2 0 2 -1 1 -2 0 2 -1 1 -2 0 2 -1 1 -2 0 2 -1 1 -2 0 2 -1 1 -2 0 2 -1 1 -2 0 2 -1 1 -2 0 2 -1 1 -2 0 2 -1 1 -2 0 2 -1 1 -2 0 2 -1 1 -2 0 2 -1 1 -2 0 2 -1 1 -2 0 2 -1 1 -2 0 2 -1 1 -2 0 2 -1 1 -2 0 2 -1 1 -2 0 2 -1 1 -2 0 2 -1 1 -2 0 2 -1 1 -2 0 2 -1 1 -2 0 2 -1 1 -2 0 2 -1 1 -2 0 2 -1 1 -2 0 2 -1 1 -2 0 2 -1 1 -2 0 2 -1 1 -2 0 2 -1 1 -2 0 2 -1 1 -2 0 2 -1 1 -2 0 2 -1 1 -2 0 2 -1 1 -2 0 2 -1 1 -2 0 2 -1 1 -2 0 2 -1 1 -2 0 2 -1 1 -2 0 2 -1 1 -2 0 2 -1 1 -2 0 2 -1 1 -2 0 2 -1 1 -2 0 2 -1 1 -2 0 2 -1 1 -2 0 2 -1 1 -2 0 2 -1 1 -2 0 2 -1 1 -2 0 2 -1 1 -2 0 2 -1
-2 1 -1 2 0 -2 1 -1 2 0 -2 1 -1 2 0 -2 1 -1 2 0 -2 1 -1 2 0 -2 1 -1 2 0 -2 1 -1 2 0 -2 1 -1 2 0 -2 1 -1 2 0 -2 1 -1 2 0 -2 1 -1 2 0 -2 1 -1 2 0 -2 1 -1 2 0 -2 1 -1 2 0 -2 1 -1 2 0 -2 1 -1 2 0 -2 1 -1 2 0 -2 1 -1 2 0 -2 1 -1 2 0 -2 1 -1 2 0 -2 1 -1 2 0 -2 1 -1 2 0 -2 1 -1 2 0 -2 1 -1 2 0 -2 1 -1 2 0 -2 1 -1 2 0 -2 1 -1 2 0 -2 1 -1 2 0 601 1 -1 2 0 -2 1 -1 2 0 -2 1 -1 2 0 -2 1 -1 2 0 -2 1 -1 2 0 -2 1 -1 2 0 -2 1 -1 2 0 -2 1 -1 2 0 -2 1 -1 2 0 -2 1 -1 2 0 -2 1 -1 2 0 -2 1 -1 2 0 -2 1 -1 2 0 -2 1 -1 2 0 -2 1 -1 2 0 -2 1 -1 2 0 -2 1 -1 2 0 -2 1 -1 2 0 -2 1 -1 2 0 -2 1 -1 2 0 -2 1 -1 2 0 -2 1 -1 2 0 -2 1 -1 2 0 -2 1 -1 2 0 -2 1 -1 2 0 -2 1 -1 2 0 -2 1 -1 2 0 -2 1 -1 2 0 -2 1 -1 2 0 -2 1 -1 2 0 -2 1 -1 2 0 -2 1 -1 2 0 -2 1 -1 2 0 -2 1 -1 2 0 -2 1 -1 2 0 -2 1 -1 2 0 -2 1 -1 2 0 -2 1 -1 2 0 -2 1 -1 2 0 -2 1 -1 2 0 -2 1 -1 2 0 -2 1 -1 2 0 -2 1 -1 2 0 -2 1 -1 2 0 -2 1 -1 2 0 -2 1 -1 2 0 -2 1 -1 2 0 -2 1 -1 2 0 -2 1 -1 2 0 -2 1 -1 2 0 -2 1 -1 2 0 -2 1 -1 2 0 -2 1 -1 2 0 -2 1 -1 2 0 -2 1 -1 2 0 -2 1 -1 2 0 -2 1 -1 2 0 -2 1 -1 2 0 -2 1 -1 2 0 -2 1 -1 2 0 -2 1 -1 2 0 -2 1 -1 2 0 -2 1 -1 2 0 -2 1 -1 2 0 -2 1 -1 2 0 -2 1 -1 2 0 -2 1 -1 2 0 -2 1 -1 2 0 -2 1 -1 2 0 -2 1 -1 2 0 -2 1 -1 2 0 -2 1 -1 2 0
0 -1 -2 2 1 0 -1 -2 2 1 0 -1 -2 2 1 0 -1 -2 2 1 0 -1 -2 2 1 0 -1 -2 2 1 0 -1 -2 2 1 0 -1 -2 2 1 0 -1 -2 2 1 0 -1 -2 2 1 0 -1 -2 2 1 0 -1 -2 2 1 0 -1 -2 2 1 0 -1 -2 2 1 0 -1 -2 2 1 0 -1 -2 2 1 0 -1 -2 2 1 0 -1 -2 2 1 0 -1 -2 2 1 0 -1 -2 2 1 0 -1 -2 2 1 0 -1 -2 2 1 0 -1 -2 2 1 0 -1 -2 2 1 0 -1 -2 2 1 0 -1 -2 2 1 0 -1 -2 2 1 0 -1 -2 2 1 0 602 -2 2 1 0 -1 -2 2 1 0 -1 -2 2 1 0 -1 -2 2 1 0 -1 -2 2 1 0 -1 -2 2 1 0 -1 -2 2 1 0 -1 -2 2 1 0 -1 -2 2 1 0 -1 -2 2 1 0 -1 -2 2 1 0 -1 -2 2 1 0 -1 -2 2 1 0 -1 -2 2 1 0 -1 -2 2 1 0 -1 -2 2 1 0 -1 -2 2 1 0 -1 -2 2 1 0 -1 -2 2 1 0 -1 -2 2 1 0 -1 -2 2 1 0 -1 -2 2 1 0 -1 -2 2 1 0 -1 -2 2 1 0 -1 -2 2 1 0 -1 -2 2 1 0 -1 -2 2 1 0 -1 -2 2 1 0 -1 -2 2 1 0 -1 -2 2 1 0 -1 -2 2 1 0 -1 -2 2 1 0 -1 -2 2 1 0 -1 -2 2 1 0 -1 -2 2 1 0 -1 -2 2 1 0 -1 -2 2 1 0 -1 -2 2 1 0 -1 -2 2 1 0 -1 -2 2 1 0 -1 -2 2 1 0 -1 -2 2 1 0 -1 -2 2 1 0 -1 -2 2 1 0 -1 -2 2 1 0 -1 -2 2 1 0 -1 -2 2 1 0 -1 -2 2 1 0 -1 -2 2 1 0 -1 -2 2 1 0 -1 -2 2 1 0 -1 -2 2 1 0 -1 -2 2 1 0 -1 -2 2 1 0 -1 -2 2 1 0 -1 -2 2 1 0 -1 -2 2 1 0 -1 -2 2 1 0 -1 -2 2 1 0 -1 -2 2 1 0 -1 -2 2 1 0 -1 -2 2 1 0 -1 -2 2 1 0 -1 -2 2 1 0 -1 -2 2 1 0 -1 -2 2 1 0 -1 -2 2 1 0 -1 -2 2 1 0 -1 -2 2 1 0 -1 -2 2 1 0 -1 -2 2 1 0 -1 -2 2 1
2 2 2 2 2 2 2 2 2 2 2 2 2 2 2 2 2 2 2 2 2 2 2 2 2 2 2 2 2 2 2 2 2 2 2 2 2 2 2 2 2 2 2 2 2 2 2 2 2 2 2 2 2 2 2 2 2 2 2 2 2 2 2 2 2 2 2 2 2 2 2 2 2 2 2 2 2 2 2 2 2 2 2 2 2 2 2 2 2 2 2 2 2 2 2 2 2 2 2 2 2 2 2 2 2 2 2 2 2 2 2 2 2 2 2 2 2 2 2 2 2 2 2 2 2 2 2 2 2 2 2 2 2 2 2 2 2 2 2 2 2 2 1001 2 2 2 2 2 2 2 2 2 2 2 2 2 2 2 2 2 2 2 2 2 2 2 2 2 2 2 2 2 2 2 2 2 2 2 2 2 2 2 2 2 2 2 2 2 2 2 2 2 2 2 2 2 2 2 2 2 2 2 2 2 2 2 2 2 2 2 2 2 2 2 2 2 2 2 2 2 2 2 2 2 2 2 2 2 2 2 2 2 2 2 2 2 2 2 2 2 2 2 2 2 2 2 2 2 2 2 2 2 2 2 2 2 2 2 2 2 2 2 2 2 2 2 2 2 2 2 2 2 2 2 2 2 2 2 2 2 2 2 2 2 2 2 2 2 2 2 2 2 2 2 2 2 2 2 2 2 2 2 2 2 2 2 2 2 2 2 2 2 2 2 2 2 2 2 2 2 2 2 2 2 2 2 2 2 2 2 2 2 2 2 2 2 2 2 2 2 2 2 2 2 2 2 2 2 2 2 2 2 2 2 2 2 2 2 2 2 2 2 2 2 2 2 2 2 2 2 2 2 2 2 2 2 2 2 2 2 2 2 2 2 2 2 2 2 2 2 2 2 2 2 2 2 2 2 2 2 2 2 2 2 2 2 2 2 2 2 2 2 2 2 2 2 2 2 2 2 2 2 2 2 2 2 2 2 2 2 2 2 2 2 2 2 2 2 2 2 2 2 2 2 2 2 2 2 2 2 2 2 2 2 2 2 2 2 2 2 2 2 2 2 2 2 2 2 2 2 2 2 2 2 2 2 2 2 2 2 2 2 2 2 2 2 2 2 2 2 2 2 2 2 2 2 2 2 2 2
-1 0 1 2 -2 -1 0 1 2 -2 -1 0 1 2 -2 -1 0 1 2 -2 -1 0 1 2 -2 -1 0 1 2 -2 -1 0 1 2 -2 -1 0 1 2 -2 -1 0 1 2 -2 -1 0 1 2 -2 -1 0 1 2 -2 -1 0 1 2 -2 -1 0 1 2 -2 -1 0 1 2 -2 -1 0 1 2 -2 -1 0 1 2 -2 -1 0 1 2 -2 -1 0 1 2 -2 -1 0 1 2 -2 -1 0 1 2 -2 -1 0 1 2 -2 -1 0 1 2 -2 -1 0 1 2 -2 -1 0 1 2 -2 -1 0 1 2 -2 -1 0 1 2 -2 -1 0 1 2 -2 -1 0 1 2 -2 -1 0 1 601 -2 -1 0 1 2 -2 -1 0 1 2 -2 -1 0 1 2 -2 -1 0 1 2 -2 -1 0 1 2 -2 -1 0 1 2 -2 -1 0 1 2 -2 -1 0 1 2 -2 -1 0 1 2 -2 -1 0 1 2 -2 -1 0 1 2 -2 -1 0 1 2 -2 -1 0 1 2 -2 -1 0 1 2 -2 -1 0 1 2 -2 -1 0 1 2 -2 -1 0 1 2 -2 -1 0 1 2 -2 -1 0 1 2 -2 -1 0 1 2 -2 -1 0 1 2 -2 -1 0 1 2 -2 -1 0 1 2 -2 -1 0 1 2 -2 -1 0 1 2 -2 -1 0 1 2 -2 -1 0 1 2 -2 -1 0 1 2 -2 -1 0 1 2 -2 -1 0 1 2 -2 -1 0 1 2 -2 -1 0 1 2 -2 -1 0 1 2 -2 -1 0 1 2 -2 -1 0 1 2 -2 -1 0 1 2 -2 -1 0 1 2 -2 -1 0 1 2 -2 -1 0 1 2 -2 -1 0 1 2 -2 -1 0 1 2 -2 -1 0 1 2 -2 -1 0 1 2 -2 -1 0 1 2 -2 -1 0 1 2 -2 -1 0 1 2 -2 -1 0 1 2 -2 -1 0 1 2 -2 -1 0 1 2 -2 -1 0 1 2 -2 -1 0 1 2 -2 -1 0 1 2 -2 -1 0 1 2 -2 -1 0 1 2 -2 -1 0 1 2 -2 -1 0 1 2 -2 -1 0 1 2 -2 -1 0 1 2 -2 -1 0 1 2 -2 -1 0 1 2 -2 -1 0 1 2 -2 -1 0 1 2 -2 -1 0 1 2 -2 -1 0 1 2 -2 -1 0 1 2 -2 -1 0 1 2 -2 -1 0 1 2 -2 -1 0 1 2 -2 -1 0 1 2 -2 -1 0 1 2 -2 -1 0 1 2 -2
1 -2 0 2 -1 1 -2 0 2 -1 1 -2 0 2 -1 1 -2 0 2 -1 1 -2 0 2 -1 1 -2 0 2 -1 1 -2 0 2 -1 1 -2 0 2 -1 1 -2 0 2 -1 1 -2 0 2 -1 1 -2 0 2 -1 1 -2 0 2 -1 1 -2 0 2 -1 1 -2 0 2 -1 1 -2 0 2 -1 1 -2 0 2 -1 1 -2 0 2 -1 1 -2 0 2 -1 1 -2 0 2 -1 1 -2 0 2 -1 1 -2 0 2 -1 1 -2 0 2 -1 1 -2 0 2 -1 1 -2 0 2 -1 1 -2 0 2 -1 1 -2 0 2 -1 1 -2 0 2 -1 1 -2 0 2 -1 1 -2 0 2 602 1 -2 0 2 -1 1 -2 0 2 -1 1 -2 0 2 -1 1 -2 0 2 -1 1 -2 0 2 -1 1 -2 0 2 -1 1 -2 0 2 -1 1 -2 0 2 -1 1 -2 0 2 -1 1 -2 0 2 -1 1 -2 0 2 -1 1 -2 0 2 -1 1 -2 0 2 -1 1 -2 0 2 -1 1 -2 0 2 -1 1 -2 0 2 -1 1 -2 0 2 -1 1 -2 0 2 -1 1 -2 0 2 -1 1 -2 0 2 -1 1 -2 0 2 -1 1 -2 0 2 -1 1 -2 0 2 -1 1 -2 0 2 -1 1 -2 0 2 -1 1 -2 0 2 -1 1 -2 0 2 -1 1 -2 0 2 -1 1 -2 0 2 -1 1 -2 0 2 -1 1 -2 0 2 -1 1 -2 0 2 -1 1 -2 0 2 -1 1 -2 0 2 -1 1 -2 0 2 -1 1 -2 0 2 -1 1 -2 0 2 -1 1 -2 0 2 -1 1 -2 0 2 -1 1 -2 0 2 -1 1 -2 0 2 -1 1 -2 0 2 -1 1 -2 0 2 -1 1 -2 0 2 -1 1 -2 0 2 -1 1 -2 0 2 -1 1 -2 0 2 -1 1 -2 0 2 -1 1 -2 0 2 -1 1 -2 0 2 -1 1 -2 0 2 -1 1 -2 0 2 -1 1 -2 0 2 -1 1 -2 0 2 -1 1 -2 0 2 -1 1 -2 0 2 -1 1 -2 0 2 -1 1 -2 0 2 -1 1 -2 0 2 -1 1 -2 0 2 -1 1 -2 0 2 -1 1 -2 0 2 -1 1 -2 0 2 -1 1 -2 0 2 -1 1 -2 0 2 -1 1 -2 0 2 -1 1 -2 0 2 -1 1 -2 0 2 -1 1 -2 0 2 -1 1 -2 0 2 -1 1 -2 0 2 -1
-2 1 -1 2 0 -2 1 -1 2 0 -2 1 -1 2 0 -2 1 -1 2 0 -2 1 -1 2 0 -2 1 -1 2 0 -2 1 -1 2 0 -2 1 -1 2 0 -2 1 -1 2 0 -2 1 -1 2 0 -2 1 -1 2 0 -2 1 -1 2 0 -2 1 -1 2 0 -2 1 -1 2 0 -2 1 -1 2 0 -2 1 -1 2 0 -2 1 -1 2 0 -2 1 -1 2 0 -2 1 -1 2 0 -2 1 -1 2 0 -2 1 -1 2 0 -2 1 -1 2 0 -2 1 -1 2 0 -2 1 -1 2 0 -2 1 -1 2 0 -2 1 -1 2 0 -2 1 -1 2 0 -2 1 -1 2 0 -2 1 -1 2 0 601 1 -1 2 0 -2 1 -1 2 0 -2 1 -1 2 0 -2 1 -1 2 0 -2 1 -1 2 0 -2 1 -1 2 0 -2 1 -1 2 0 -2 1 -1 2 0 -2 1 -1 2 0 -2 1 -1 2 0 -2 1 -1 2 0 -2 1 -1 2 0 -2 1 -1 2 0 -2 1 -1 2 0 -2 1 -1 2 0 -2 1 -1 2 0 -2 1 -1 2 0 -2 1 -1 2 0 -2 1 -1 2 0 -2 1 -1 2 0 -2 1 -1 2 0 -2 1 -1 2 0 -2 1 -1 2 0 -2 1 -1 2 0 -2 1 -1 2 0 -2 1 -1 2 0 -2 1 -1 2 0 -2 1 -1 2 0 -2 1 -1 2 0 -2 1 -1 2 0 -2 1 -1 2 0 -2 1 -1 2 0 -2 1 -1 2 0 -2 1 -1 2 0 -2 1 -1 2 0 -2 1 -1 2 0 -2 1 -1 2 0 -2 1 -1 2 0 -2 1 -1 2 0 -2 1 -1 2 0 -2 1 -1 2 0 -2 1 -1 2 0 -2 1 -1 2 0 -2 1 -1 2 0 -2 1 -1 2 0 -2 1 -1 2 0 -2 1 -1 2 0 -2 1 -1 2 0 -2 1 -1 2 0 -2 1 -1 2 0 -2 1 -1 2 0 -2 1 -1 2 0 -2 1 -1 2 0 -2 1 -1 2 0 -2 1 -1 2 0 -2 1 -1 2 0 -2 1 -1 2 0 -2 1 -1 2 0 -2 1 -1 2 0 -2 1 -1 2 0 -2 1 -1 2 0 -2 1 -1 2 0 -2 1 -1 2 0 -2 1 -1 2 0 -2 1 -1 2 0 -2 1 -1 2 0 -2 1 -1 2 0 -2 1 -1 2 0 -2 1 -1 2 0 -2 1 -1 2 0 -2 1 -1 2 0
0 -1 -2 2 1 0 -1 -2 2 1 0 -1 -2 2 1 0 -1 -2 2 1 0 -1 -2 2 1 0 -1 -2 2 1 0 -1 -2 2 1 0 -1 -2 2 1 0 -1 -2 2 1 0 -1 -2 2 1 0 -1 -2 2 1 0 -1 -2 2 1 0 -1 -2 2 1 0 -1 -2 2 1 0 -1 -2 2 1 0 -1 -2 2 1 0 -1 -2 2 1 0 -1 -2 2 1 0 -1 -2 2 1 0 -1 -2 2 1 0 -1 -2 2 1 0 -1 -2 2 1 0 -1 -2 2 1 0 -1 -2 2 1 0 -1 -2 2 1 0 -1 -2 2 1 0 -1 -2 2 1 0 -1 -2 2 1 0 -1 -2 2 1 0 602 -2 2 1 0 -1 -2 2 1 0 -1 -2 2 1 0 -1 -2 2 1 0 -1 -2 2 1 0 -1 -2 2 1 0 -1 -2 2 1 0 -1 -2 2 1 0 -1 -2 2 1 0 -1 -2 2 1 0 -1 -2 2 1 0 -1 -2 2 1 0 -1 -2 2 1 0 -1 -2 2 1 0 -1 -2 2 1 0 -1 -2 2 1 0 -1 -2 2 1 0 -1 -2 2 1 0 -1 -2 2 1 0 -1 -2 2 1 0 -1 -2 2 1 0 -1 -2 2 1 0 -1 -2 2 1 0 -1 -2 2 1 0 -1 -2 2 1 0 -1 -2 2 1 0 -1 -2 2 1 0 -1 -2 2 1 0 -1 -2 2 1 0 -1 -2 2 1 0 -1 -2 2 1 0 -1 -2 2 1 0 -1 -2 2 1 0 -1 -2 2 1 0 -1 -2 2 1 0 -1 -2 2 1 0 -1 -2 2 1 0 -1 -2 2 1 0 -1 -2 2 1 0 -1 -2 2 1 0 -1 -2 2 1 0 -1 -2 2 1 0 -1 -2 2 1 0 -1 -2 2 1 0 -1 -2 2 1 0 -1 -2 2 1 0 -1 -2 2 1 0 -1 -2 2 1 0 -1 -2 2 1 0 -1 -2 2 1 0 -1 -2 2 1 0 -1 -2 2 1 0 -1 -2 2 1 0 -1 -2 2 1 0 -1 -2 2 1 0 -1 -2 2 1 0 -1 -2 2 1 0 -1 -2 2 1 0 -1 -2 2 1 0 -1 -2 2 1 0 -1 -2 2 1 0 -1 -2 2 1 0 -1 -2 2 1 0 -1 -2 2 1 0 -1 -2 2 1 0 -1 -2 2 1 0 -1 -2 2 1 0 -1 -2 2 1 0 -1 -2 2 1 0 -1 -2 2 1 0 -1 -2 2 1
2 2 2 2 2 2 2 2 2 2 2 2 2 2 2 2 2 2 2 2 2 2 2 2 2 2 2 2 2 2 2 2 2 2 2 2 2 2 2 2 2 2 2 2 2 2 2 2 2 2 2 2 2 2 2 2 2 2 2 2 2 2 2 2 2 2 2 2 2 2 2 2 2 2 2 2 2 2 2 2 2 2 2 2 2 2 2 2 2 2 2 2 2 2 2 2 2 2 2 2 2 2 2 2 2 2 2 2 2 2 2 2 2 2 2 2 2 2 2 2 2 2 2 2 2 2 2 2 2 2 2 2 2 2 2 2 2 2 2 2 2 2 2 2 2 2 2 1001 2 2 2 2 2 2 2 2 2 2 2 2 2 2 2 2 2 2 2 2 2 2 2 2 2 2 2 2 2 2 2 2 2 2 2 2 2 2 2 2 2 2 2 2 2 2 2 2 2 2 2 2 2 2 2 2 2 2 2 2 2 2 2 2 2 2 2 2 2 2 2 2 2 2 2 2 2 2 2 2 2 2 2 2 2 2 2 2 2 2 2 2 2 2 2 2 2 2 2 2 2 2 2 2 2 2 2 2 2 2 2 2 2 2 2 2 2 2 2 2 2 2 2 2 2 2 2 2 2 2 2 2 2 2 2 2 2 2 2 2 2 2 2 2 2 2 2 2 2 2 2 2 2 2 2 2 2 2 2 2 2 2 2 2 2 2 2 2 2 2 2 2 2 2 2 2 2 2 2 2 2 2 2 2 2 2 2 2 2 2 2 2 2 2 2 2 2 2 2 2 2 2 2 2 2 2 2 2 2 2 2 2 2 2 2 2 2 2 2 2 2 2 2 2 2 2 2 2 2 2 2 2 2 2 2 2 2 2 2 2 2 2 2 2 2 2 2 2 2 2 2 2 2 2 2 2 2 2 2 2 2 2 2 2 2 2 2 2 2 2 2 2 2 2 2 2 2 2 2 2 2 2 2 2 2 2 2 2 2 2 2 2 2 2 2 2 2 2 2 2 2 2 2 2 2 2 2 2 2 2 2 2 2 2 2 2 2 2 2 2 2 2 2 2 2 2 2 2 2 2 2 2 2 2 2 2 2 2 2 2 2 2 2 2 2 2 2 2 2 2 2 2
-1 0 1 2 -2 -1 0 1 2 -2 -1 0 1 2 -2 -1 0 1 2 -2 -1 0 1 2 -2 -1 0 1 2 -2 -1 0 1 2 -2 -1 0 1 2 -2 -1 0 1 2 -2 -1 0 1 2 -2 -1 0 1 2 -2 -1 0 1 2 -2 -1 0 1 2 -2 -1 0 1 2 -2 -1 0 1 2 -2 -1 0 1 2 -2 -1 0 1 2 -2 -1 0 1 2 -2 -1 0 1 2 -2 -1 0 1 2 -2 -1 0 1 2 -2 -1 0 1 2 -2 -1 0 1 2 -2 -1 0 1 2 -2 -1 0 1 2 -2 -1 0 1 2 -2 -1 0 1 2 -2 -1 0 1 2 -2 -1 0 1 2 -2 -1 0 1 601 -2 -1 0 1 2 -2 -1 0 1 2 -2 -1 0 1 2 -2 -1 0 1 2 -2 -1 0 1 2 -2 -1 0 1 2 -2 -1 0 1 2 -2 -1 0 1 2 -2 -1 0 1 2 -2 -1 0 1 2 -2 -1 0 1 2 -2 -1 0 1 2 -2 -1 0 1 2 -2 -1 0 1 2 -2 -1 0 1 2 -2 -1 0 1 2 -2 -1 0 1 2 -2 -1 0 1 2 -2 -1 0 1 2 -2 -1 0 1 2 -2 -1 0 1 2 -2 -1 0 1 2 -2 -1 0 1 2 -2 -1 0 1 2 -2 -1 0 1 2 -2 -1 0 1 2 -2 -1 0 1 2 -2 -1 0 1 2 -2 -1 0 1 2 -2 -1 0 1 2 -2 -1 0 1 2 -2 -1 0 1 2 -2 -1 0 1 2 -2 -1 0 1 2 -2 -1 0 1 2 -2 -1 0 1 2 -2 -1 0 1 2 -2 -1 0 1 2 -2 -1 0 1 2 -2 -1 0 1 2 -2 -1 0 1 2 -2 -1 0 1 2 -2 -1 0 1 2 -2 -1 0 1 2 -2 -1 0 1 2 -2 -1 0 1 2 -2 -1 0 1 2 -2 -1 0 1 2 -2 -1 0 1 2 -2 -1 0 1 2 -2 -1 0 1 2 -2 -1 0 1 2 -2 -1 0 1 2 -2 -1 0 1 2 -2 -1 0 1 2 -2 -1 0 1 2 -2 -1 0 1 2 -2 -1 0 1 2 -2 -1 0 1 2 -2 -1 0 1 2 -2 -1 0 1 2 -2 -1 0 1 2 -2 -1 0 1 2 -2 -1 0 1 2 -2 -1 0 1 2 -2 -1 0 1 2 -2 -1 0 1 2 -2 -1 0 1 2 -2 -1 0 1 2 -2 -1 0 1 2 -2
1 -2 0 2 -1 1 -2 0 2 -1 1 -2 0 2 -1 1 -2 0 2 -1 1 -2 0 2 -1 1 -2 0 2 -1 1 -2 0 2 -1 1 -2 0 2 -1 1 -2 0 2 -1 1 -2 0 2 -1 1 -2 0 2 -1 1 -2 0 2 -1 1 -2 0 2 -1 1 -2 0 2 -1 1 -2 0 2 -1 1 -2 0 2 -1 1 -2 0 2 -1 1 -2 0 2 -1 1 -2 0 2 -1 1 -2 0 2 -1 1 -2 0 2 -1 1 -2 0 2 -1 1 -2 0 2 -1 1 -2 0 2 -1 1 -2 0 2 -1 1 -2 0 2 -1 1 -2 0 2 -1 1 -2 0 2 -1 1 -2 0 2 -1 1 -2 0 2 602 1 -2 0 2 -1 1 -2 0 2 -1 1 -2 0 2 -1 1 -2 0 2 -1 1 -2 0 2 -1 1 -2 0 2 -1 1 -2 0 2 -1 1 -2 0 2 -1 1 -2 0 2 -1 1 -2 0 2 -1 1 -2 0 2 -1 1 -2 0 2 -1 1 -2 0 2 -1 1 -2 0 2 -1 1 -2 0 2 -1 1 -2 0 2 -1 1 -2 0 2 -1 1 -2 0 2 -1 1 -2 0 2 -1 1 -2 0 2 -1 1 -2 0 2 -1 1 -2 0 2 -1 1 -2 0 2 -1 1 -2 0 2 -1 1 -2 0 2 -1 1 -2 0 2 -1 1 -2 0 2 -1 1 -2 0 2 -1 1 -2 0 2 -1 1 -2 0 2 -1 1 -2 0 2 -1 1 -2 0 2 -1 1 -2 0 2 -1 1 -2 0 2 -1 1 -2 0 2 -1 1 -2 0 2 -1 1 -2 0 2 -1 1 -2 0 2 -1 1 -2 0 2 -1 1 -2 0 2 -1 1 -2 0 2 -1 1 -2 0 2 -1 1 -2 0 2 -1 1 -2 0 2 -1 1 -2 0 2 -1 1 -2 0 2 -1 1 -2 0 2 -1 1 -2 0 2 -1 1 -2 0 2 -1 1 -2 0 2 -1 1 -2 0 2 -1 1 -2 0 2 -1 1 -2 0 2 -1 1 -2 0 2 -1 1 -2 0 2 -1 1 -2 0 2 -1 1 -2 0 2 -1 1 -2 0 2 -1 1 -2 0 2 -1 1 -2 0 2 -1 1 -2 0 2 -1 1 -2 0 2 -1 1 -2 0 2 -1 1 -2 0 2 -1 1 -2 0 2 -1 1 -2 0 2 -1 1 -2 0 2 -1 1 -2 0 2 -1 1 -2 0 2 -1 1 -2 0 2 -1
-2 1 -1 2 0 -2 1 -1 2 0 -2 1 -1 2 0 -2 1 -1 2 0 -2 1 -1 2 0 -2 1 -1 2 0 -2 1 -1 2 0 -2 1 -1 2 0 -2 1 -1 2 0 -2 1 -1 2 0 -2 1 -1 2 0 -2 1 -1 2 0 -2 1 -1 2 0 -2 1 -1 2 0 -2 1 -1 2 0 -2 1 -1 2 0 -2 1 -1 2 0 -2 1 -1 2 0 -2 1 -1 2 0 -2 1 -1 2 0 -2 1 -1 2 0 -2 1 -1 2 0 -2 1 -1 2 0 -2 1 -1 2 0 -2 1 -1 2 0 -2 1 -1 2 0 -2 1 -1 2 0 -2 1 -1 2 0 -2 1 -1 2 0 -2 1 -1 2 0 601 1 -1 2 0 -2 1 -1 2 0 -2 1 -1 2 0 -2 1 -1 2 0 -2 1 -1 2 0 -2 1 -1 2 0 -2 1 -1 2 0 -2 1 -1 2 0 -2 1 -1 2 0 -2 1 -1 2 0 -2 1 -1 2 0 -2 1 -1 2 0 -2 1 -1 2 0 -2 1 -1 2 0 -2 1 -1 2 0 -2 1 -1 2 0 -2 1 -1 2 0 -2 1 -1 2 0 -2 1 -1 2 0 -2 1 -1 2 0 -2 1 -1 2 0 -2 1 -1 2 0 -2 1 -1 2 0 -2 1 -1 2 0 -2 1 -1 2 0 -2 1 -1 2 0 -2 1 -1 2 0 -2 1 -1 2 0 -2 1 -1 2 0 -2 1 -1 2 0 -2 1 -1 2 0 -2 1 -1 2 0 -2 1 -1 2 0 -2 1 -1 2 0 -2 1 -1 2 0 -2 1 -1 2 0 -2 1 -1 2 0 -2 1 -1 2 0 -2 1 -1 2 0 -2 1 -1 2 0 -2 1 -1 2 0 -2 1 -1 2 0 -2 1 -1 2 0 -2 1 -1 2 0 -2 1 -1 2 0 -2 1 -1 2 0 -2 1 -1 2 0 -2 1 -1 2 0 -2 1 -1 2 0 -2 1 -1 2 0 -2 1 -1 2 0 -2 1 -1 2 0 -2 1 -1 2 0 -2 1 -1 2 0 -2 1 -1 2 0 -2 1 -1 2 0 -2 1 -1 2 0 -2 1 -1 2 0 -2 1 -1 2 0 -2 1 -1 2 0 -2 1 -1 2 0 -2 1 -1 2 0 -2 1 -1 2 0 -2 1 -1 2 0 -2 1 -1 2 0 -2 1 -1 2 0 -2 1 -1 2 0 -2 1 -1 2 0 -2 1 -1 2 0 -2 1 -1 2 0
0 -1 -2 2 1 0 -1 -2 2 1 0 -1 -2 2 1 0 -1 -2 2 1 0 -1 -2 2 1 0 -1 -2 2 1 0 -1 -2 2 1 0 -1 -2 2 1 0 -1 -2 2 1 0 -1 -2 2 1 0 -1 -2 2 1 0 -1 -2 2 1 0 -1 -2 2 1 0 -1 -2 2 1 0 -1 -2 2 1 0 -1 -2 2 1 0 -1 -2 2 1 0 -1 -2 2 1 0 -1 -2 2 1 0 -1 -2 2 1 0 -1 -2 2 1 0 -1 -2 2 1 0 -1 -2 2 1 0 -1 -2 2 1 0 -1 -2 2 1 0 -1 -2 2 1 0 -1 -2 2 1 0 -1 -2 2 1 0 -1 -2 2 1 0 -1 -2 2 1 0 602 -2 2 1 0 -1 -2 2 1 0 -1 -2 2 1 0 -1 -2 2 1 0 -1 -2 2 1 0 -1 -2 2 1 0 -1 -2 2 1 0 -1 -2 2 1 0 -1 -2 2 1 0 -1 -2 2 1 0 -1 -2 2 1 0 -1 -2 2 1 0 -1 -2 2 1 0 -1 -2 2 1 0 -1 -2 2 1 0 -1 -2 2 1 0 -1 -2 2 1 0 -1 -2 2 1 0 -1 -2 2 1 0 -1 -2 2 1 0 -1 -2 2 1 0 -1 -2 2 1 0 -1 -2 2 1 0 -1 -2 2 1 0 -1 -2 2 1 0 -1 -2 2 1 0 -1 -2 2 1 0 -1 -2 2 1 0 -1 -2 2 1 0 -1 -2 2 1 0 -1 -2 2 1 0 -1 -2 2 1 0 -1 -2 2 1 0 -1 -2 2 1 0 -1 -2 2 1 0 -1 -2 2 1 0 -1 -2 2 1 0 -1 -2 2 1 0 -1 -2 2 1 0 -1 -2 2 1 0 -1 -2 2 1 0 -1 -2 2 1 0 -1 -2 2 1 0 -1 -2 2 1 0 -1 -2 2 1 0 -1 -2 2 1 0 -1 -2 2 1 0 -1 -2 2 1 0 -1 -2 2 1 0 -1 -2 2 1 0 -1 -2 2 1 0 -1 -2 2 1 0 -1 -2 2 1 0 -1 -2 2 1 0 -1 -2 2 1 0 -1 -2 2 1 0 -1 -2 2 1 0 -1 -2 2 1 0 -1 -2 2 1 0 -1 -2 2 1 0 -1 -2 2 1 0 -1 -2 2 1 0 -1 -2 2 1 0 -1 -2 2 1 0 -1 -2 2 1 0 -1 -2 2 1 0 -1 -2 2 1 0 -1 -2 2 1 0 -1 -2 2 1 0 -1 -2 2 1
2 2 2 2 2 2 2 2 2 2 2 2 2 2 2 2 2 2 2 2 2 2 2 2 2 2 2 2 2 2 2 2 2 2 2 2 2 2 2 2 2 2 2 2 2 2 2 2 2 2 2 2 2 2 2 2 2 2 2 2 2 2 2 2 2 2 2 2 2 2 2 2 2 2 2 2 2 2 2 2 2 2 2 2 2 2 2 2 2 2 2 2 2 2 2 2 2 2 2 2 2 2 2 2 2 2 2 2 2 2 2 2 2 2 2 2 2 2 2 2 2 2 2 2 2 2 2 2 2 2 2 2 2 2 2 2 2 2 2 2 2 2 2 2 2 2 2 2 2 2 2 2 1001 2 2 2 2 2 2 2 2 2 2 2 2 2 2 2 2 2 2 2 2 2 2 2 2 2 2 2 2 2 2 2 2 2 2 2 2 2 2 2 2 2 2 2 2 2 2 2 2 2 2 2 2 2 2 2 2 2 2 2 2 2 2 2 2 2 2 2 2 2 2 2 2 2 2 2 2 2 2 2 2 2 2 2 2 2 2 2 2 2 2 2 2 2 2 2 2 2 2 2 2 2 2 2 2 2 2 2 2 2 2 2 2 2 2 2 2 2 2 2 2 2 2 2 2 2 2 2 2 2 2 2 2 2 2 2 2 2 2 2 2 2 2 2 2 2 2 2 2 2 2 2 2 2 2 2 2 2 2 2 2 2 2 2 2 2 2 2 2 2 2 2 2 2 2 2 2 2 2 2 2 2 2 2 2 2 2 2 2 2 2 2 2 2 2 2 2 2 2 2 2 2 2 2 2 2 2 2 2 2 2 2 2 2 2 2 2 2 2 2 2 2 2 2 2 2 2 2 2 2 2 2 2 2 2 2 2 2 2 2 2 2 2 2 2 2 2 2 2 2 2 2 2 2 2 2 2 2 2 2 2 2 2 2 2 2 2 2 2 2 2 2 2 2 2 2 2 2 2 2 2 2 2 2 2 2 2 2 2 2 2 2 2 2 2 2 2 2 2 2 2 2 2 2 2 2 2 2 2 2 2 2 2 2 2 2 2 2 2 2 2 2 2 2 2 2 2 2 2 2 2 2 2 2 2 2 2 2 2 2 2 2 2 2 2 2 2 2
-1 0 1 2 -2 -1 0 1 2 -2 -1 0 1 2 -2 -1 0 1 2 -2 -1 0 1 2 -2 -1 0 1 2 -2 -1 0 1 2 -2 -1 0 1 2 -2 -1 0 1 2 -2 -1 0 1 2 -2 -1 0 1 2 -2 -1 0 1 2 -2 -1 0 1 2 -2 -1 0 1 2 -2 -1 0 1 2 -2 -1 0 1 2 -2 -1 0 1 2 -2 -1 0 1 2 -2 -1 0 1 2 -2 -1 0 1 2 -2 -1 0 1 2 -2 -1 0 1 2 -2 -1 0 1 2 -2 -1 0 1 2 -2 -1 0 1 2 -2 -1 0 1 2 -2 -1 0 1 2 -2 -1 0 1 2 -2 -1 0 1 2 -2 -1 0 1 2 -2 -1 0 1 601 -2 -1 0 1 2 -2 -1 0 1 2 -2 -1 0 1 2 -2 -1 0 1 2 -2 -1 0 1 2 -2 -1 0 1 2 -2 -1 0 1 2 -2 -1 0 1 2 -2 -1 0 1 2 -2 -1 0 1 2 -2 -1 0 1 2 -2 -1 0 1 2 -2 -1 0 1 2 -2 -1 0 1 2 -2 -1 0 1 2 -2 -1 0 1 2 -2 -1 0 1 2 -2 -1 0 1 2 -2 -1 0 1 2 -2 -1 0 1 2 -2 -1 0 1 2 -2 -1 0 1 2 -2 -1 0 1 2 -2 -1 0 1 2 -2 -1 0 1 2 -2 -1 0 1 2 -2 -1 0 1 2 -2 -1 0 1 2 -2 -1 0 1 2 -2 -1 0 1 2 -2 -1 0 1 2 -2 -1 0 1 2 -2 -1 0 1 2 -2 -1 0 1 2 -2 -1 0 1 2 -2 -1 0 1 2 -2 -1 0 1 2 -2 -1 0 1 2 -2 -1 0 1 2 -2 -1 0 1 2 -2 -1 0 1 2 -2 -1 0 1 2 -2 -1 0 1 2 -2 -1 0 1 2 -2 -1 0 1 2 -2 -1 0 1 2 -2 -1 0 1 2 -2 -1 0 1 2 -2 -1 0 1 2 -2 -1 0 1 2 -2 -1 0 1 2 -2 -1 0 1 2 -2 -1 0 1 2 -2 -1 0 1 2 -2 -1 0 1 2 -2 -1 0 1 2 -2 -1 0 1 2 -2 -1 0 1 2 -2 -1 0 1 2 -2 -1 0 1 2 -2 -1 0 1 2 -2 -1 0 1 2 -2 -1 0 1 2 -2 -1 0 1 2 -2 -1 0 1 2 -2 -1 0 1 2 -2 -1 0 1 2 -2 -1 0 1 2 -2 -1 0 1 2 -2
1 -2 0 2 -1 1 -2 0 2 -1 1 -2 0 2 -1 1 -2 0 2 -1 1 -2 0 2 -1 1 -2 0 2 -1 1 -2 0 2 -1 1 -2 0 2 -1 1 -2 0 2 -1 1 -2 0 2 -1 1 -2 0 2 -1 1 -2 0 2 -1 1 -2 0 2 -1 1 -2 0 2 -1 1 -2 0 2 -1 1 -2 0 2 -1 1 -2 0 2 -1 1 -2 0 2 -1 1 -2 0 2 -1 1 -2 0 2 -1 1 -2 0 2 -1 1 -2 0 2 -1 1 -2 0 2 -1 1 -2 0 2 -1 1 -2 0 2 -1 1 -2 0 2 -1 1 -2 0 2 -1 1 -2 0 2 -1 1 -2 0 2 -1 1 -2 0 2 -1 1 -2 0 2 602 1 -2 0 2 -1 1 -2 0 2 -1 1 -2 0 2 -1 1 -2 0 2 -1 1 -2 0 2 -1 1 -2 0 2 -1 1 -2 0 2 -1 1 -2 0 2 -1 1 -2 0 2 -1 1 -2 0 2 -1 1 -2 0 2 -1 1 -2 0 2 -1 1 -2 0 2 -1 1 -2 0 2 -1 1 -2 0 2 -1 1 -2 0 2 -1 1 -2 0 2 -1 1 -2 0 2 -1 1 -2 0 2 -1 1 -2 0 2 -1 1 -2 0 2 -1 1 -2 0 2 -1 1 -2 0 2 -1 1 -2 0 2 -1 1 -2 0 2 -1 1 -2 0 2 -1 1 -2 0 2 -1 1 -2 0 2 -1 1 -2 0 2 -1 1 -2 0 2 -1 1 -2 0 2 -1 1 -2 0 2 -1 1 -2 0 2 -1 1 -2 0 2 -1 1 -2 0 2 -1 1 -2 0 2 -1 1 -2 0 2 -1 1 -2 0 2 -1 1 -2 0 2 -1 1 -2 0 2 -1 1 -2 0 2 -1 1 -2 0 2 -1 1 -2 0 2 -1 1 -2 0 2 -1 1 -2 0 2 -1 1 -2 0 2 -1 1 -2 0 2 -1 1 -2 0 2 -1 1 -2 0 2 -1 1 -2 0 2 -1 1 -2 0 2 -1 1 -2 0 2 -1 1 -2 0 2 -1 1 -2 0 2 -1 1 -2 0 2 -1 1 -2 0 2 -1 1 -2 0 2 -1 1 -2 0 2 -1 1 -2 0 2 -1 1 -2 0 2 -1 1 -2 0 2 -1 1 -2 0 2 -1 1 -2 0 2 -1 1 -2 0 2 -1 1 -2 0 2 -1 1 -2 0 2 -1 1 -2 0 2 -1 1 -2 0 2 -1 1 -2 0 2 -1
-2 1 -1 2 0 -2 1 -1 2 0 -2 1 -1 2 0 -2 1 -1 2 0 -2 1 -1 2 0 -2 1 -1 2 0 -2 1 -1 2 0 -2 1 -1 2 0 -2 1 -1 2 0 -2 1 -1 2 0 -2 1 -1 2 0 -2 1 -1 2 0 -2 1 -1 2 0 -2 1 -1 2 0 -2 1 -1 2 0 -2 1 -1 2 0 -2 1 -1 2 0 -2 1 -1 2 0 -2 1 -1 2 0 -2 1 -1 2 0 -2 1 -1 2 0 -2 1 -1 2 0 -2 1 -1 2 0 -2 1 -1 2 0 -2 1 -1 2 0 -2 1 -1 2 0 -2 1 -1 2 0 -2 1 -1 2 0 -2 1 -1 2 0 -2 1 -1 2 0 -2 1 -1 2 0 601 1 -1 2 0 -2 1 -1 2 0 -2 1 -1 2 0 -2 1 -1 2 0 -2 1 -1 2 0 -2 1 -1 2 0 -2 1 -1 2 0 -2 1 -1 2 0 -2 1 -1 2 0 -2 1 -1 2 0 -2 1 -1 2 0 -2 1 -1 2 0 -2 1 -1 2 0 -2 1 -1 2 0 -2 1 -1 2 0 -2 1 -1 2 0 -2 1 -1 2 0 -2 1 -1 2 0 -2 1 -1 2 0 -2 1 -1 2 0 -2 1 -1 2 0 -2 1 -1 2 0 -2 1 -1 2 0 -2 1 -1 2 0 -2 1 -1 2 0 -2 1 -1 2 0 -2 1 -1 2 0 -2 1 -1 2 0 -2 1 -1 2 0 -2 1 -1 2 0 -2 1 -1 2 0 -2 1 -1 2 0 -2 1 -1 2 0 -2 1 -1 2 0 -2 1 -1 2 0 -2 1 -1 2 0 -2 1 -1 2 0 -2 1 -1 2 0 -2 1 -1 2 0 -2 1 -1 2 0 -2 1 -1 2 0 -2 1 -1 2 0 -2 1 -1 2 0 -2 1 -1 2 0 -2 1 -1 2 0 -2 1 -1 2 0 -2 1 -1 2 0 -2 1 -1 2 0 -2 1 -1 2 0 -2 1 -1 2 0 -2 1 -1 2 0 -2 1 -1 2 0 -2 1 -1 2 0 -2 1 -1 2 0 -2 1 -1 2 0 -2 1 -1 2 0 -2 1 -1 2 0 -2 1 -1 2 0 -2 1 -1 2 0 -2 1 -1 2 0 -2 1 -1 2 0 -2 1 -1 2 0 -2 1 -1 2 0 -2 1 -1 2 0 -2 1 -1 2 0 -2 1 -1 2 0 -2 1 -1 2 0 -2 1 -1 2 0 -2 1 -1 2 0
0 -1 -2 2 1 0 -1 -2 2 1 0 -1 -2 2 1 0 -1 -2 2 1 0 -1 -2 2 1 0 -1 -2 2 1 0 -1 -2 2 1 0 -1 -2 2 1 0 -1 -2 2 1 0 -1 -2 2 1 0 -1 -2 2 1 0 -1 -2 2 1 0 -1 -2 2 1 0 -1 -2 2 1 0 -1 -2 2 1 0 -1 -2 2 1 0 -1 -2 2 1 0 -1 -2 2 1 0 -1 -2 2 1 0 -1 -2 2 1 0 -1 -2 2 1 0 -1 -2 2 1 0 -1 -2 2 1 0 -1 -2 2 1 0 -1 -2 2 1 0 -1 -2 2 1 0 -1 -2 2 1 0 -1 -2 2 1 0 -1 -2 2 1 0 -1 -2 2 1 0 -1 -2 2 1 0 602 -2 2 1 0 -1 -2 2 1 0 -1 -2 2 1 0 -1 -2 2 1 0 -1 -2 2 1 0 -1 -2 2 1 0 -1 -2 2 1 0 -1 -2 2 1 0 -1 -2 2 1 0 -1 -2 2 1 0 -1 -2 2 1 0 -1 -2 2 1 0 -1 -2 2 1 0 -1 -2 2 1 0 -1 -2 2 1 0 -1 -2 2 1 0 -1 -2 2 1 0 -1 -2 2 1 0 -1 -2 2 1 0 -1 -2 2 1 0 -1 -2 2 1 0 -1 -2 2 1 0 -1 -2 2 1 0 -1 -2 2 1 0 -1 -2 2 1 0 -1 -2 2 1 0 -1 -2 2 1 0 -1 -2 2 1 0 -1 -2 2 1 0 -1 -2 2 1 0 -1 -2 2 1 0 -1 -2 2 1 0 -1 -2 2 1 0 -1 -2 2 1 0 -1 -2 2 1 0 -1 -2 2 1 0 -1 -2 2 1 0 -1 -2 2 1 0 -1 -2 2 1 0 -1 -2 2 1 0 -1 -2 2 1 0 -1 -2 2 1 0 -1 -2 2 1 0 -1 -2 2 1 0 -1 -2 2 1 0 -1 -2 2 1 0 -1 -2 2 1 0 -1 -2 2 1 0 -1 -2 2 1 0 -1 -2 2 1 0 -1 -2 2 1 0 -1 -2 2 1 0 -1 -2 2 1 0 -1 -2 2 1 0 -1 -2 2 1 0 -1 -2 2 1 0 -1 -2 2 1 0 -1 -2 2 1 0 -1 -2 2 1 0 -1 -2 2 1 0 -1 -2 2 1 0 -1 -2 2 1 0 -1 -2 2 1 0 -1 -2 2 1 0 -1 -2 2 1 0 -1 -2 2 1 0 -1 -2 2 1 0 -1 -2 2 1 0 -1 -2 2 1
2 2 2 2 2 2 2 2 2 2 2 2 2 2 2 2 2 2 2 2 2 2 2 2 2 2 2 2 2 2 2 2 2 2 2 2 2 2 2 2 2 2 2 2 2 2 2 2 2 2 2 2 2 2 2 2 2 2 2 2 2 2 2 2 2 2 2 2 2 2 2 2 2 2 2 2 2 2 2 2 2 2 2 2 2 2 2 2 2 2 2 2 2 2 2 2 2 2 2 2 2 2 2 2 2 2 2 2 2 2 2 2 2 2 2 2 2 2 2 2 2 2 2 2 2 2 2 2 2 2 2 2 2 2 2 2 2 2 2 2 2 2 2 2 2 2 2 2 2 2 2 2 2 2 2 2 2 1001 2 2 2 2 2 2 2 2 2 2 2 2 2 2 2 2 2 2 2 2 2 2 2 2 2 2 2 2 2 2 2 2 2 2 2 2 2 2 2 2 2 2 2 2 2 2 2 2 2 2 2 2 2 2 2 2 2 2 2 2 2 2 2 2 2 2 2 2 2 2 2 2 2 2 2 2 2 2 2 2 2 2 2 2 2 2 2 2 2 2 2 2 2 2 2 2 2 2 2 2 2 2 2 2 2 2 2 2 2 2 2 2 2 2 2 2 2 2 2 2 2 2 2 2 2 2 2 2 2 2 2 2 2 2 2 2 2 2 2 2 2 2 2 2 2 2 2 2 2 2 2 2 2 2 2 2 2 2 2 2 2 2 2 2 2 2 2 2 2 2 2 2 2 2 2 2 2 2 2 2 2 2 2 2 2 2 2 2 2 2 2 2 2 2 2 2 2 2 2 2 2 2 2 2 2 2 2 2 2 2 2 2 2 2 2 2 2 2 2 2 2 2 2 2 2 2 2 2 2 2 2 2 2 2 2 2 2 2 2 2 2 2 2 2 2 2 2 2 2 2 2 2 2 2 2 2 2 2 2 2 2 2 2 2 2 2 2 2 2 2 2 2 2 2 2 2 2 2 2 2 2 2 2 2 2 2 2 2 2 2 2 2 2 2 2 2 2 2 2 2 2 2 2 2 2 2 2 2 2 2 2 2 2 2 2 2 2 2 2 2 2 2 2 2 2 2 2 2 2 2 2 2 2 2 2 2 2 2 2 2 2 2
-1 0 1 2 -2 -1 0 1 2 -2 -1 0 1 2 -2 -1 0 1 2 -2 -1 0 1 2 -2 -1 0 1 2 -2 -1 0 1 2 -2 -1 0 1 2 -2 -1 0 1 2 -2 -1 0 1 2 -2 -1 0 1 2 -2 -1 0 1 2 -2 -1 0 1 2 -2 -1 0 1 2 -2 -1 0 1 2 -2 -1 0 1 2 -2 -1 0 1 2 -2 -1 0 1 2 -2 -1 0 1 2 -2 -1 0 1 2 -2 -1 0 1 2 -2 -1 0 1 2 -2 -1 0 1 2 -2 -1 0 1 2 -2 -1 0 1 2 -2 -1 0 1 2 -2 -1 0 1 2 -2 -1 0 1 2 -2 -1 0 1 2 -2 -1 0 1 2 -2 -1 0 1 2 -2 -1 0 1 601 -2 -1 0 1 2 -2 -1 0 1 2 -2 -1 0 1 2 -2 -1 0 1 2 -2 -1 0 1 2 -2 -1 0 1 2 -2 -1 0 1 2 -2 -1 0 1 2 -2 -1 0 1 2 -2 -1 0 1 2 -2 -1 0 1 2 -2 -1 0 1 2 -2 -1 0 1 2 -2 -1 0 1 2 -2 -1 0 1 2 -2 -1 0 1 2 -2 -1 0 1 2 -2 -1 0 1 2 -2 -1 0 1 2 -2 -1 0 1 2 -2 -1 0 1 2 -2 -1 0 1 2 -2 -1 0 1 2 -2 -1 0 1 2 -2 -1 0 1 2 -2 -1 0 1 2 -2 -1 0 1 2 -2 -1 0 1 2 -2 -1 0 1 2 -2 -1 0 1 2 -2 -1 0 1 2 -2 -1 0 1 2 -2 -1 0 1 2 -2 -1 0 1 2 -2 -1 0 1 2 -2 -1 0 1 2 -2 -1 0 1 2 -2 -1 0 1 2 -2 -1 0 1 2 -2 -1 0 1 2 -2 -1 0 1 2 -2 -1 0 1 2 -2 -1 0 1 2 -2 -1 0 1 2 -2 -1 0 1 2 -2 -1 0 1 2 -2 -1 0 1 2 -2 -1 0 1 2 -2 -1 0 1 2 -2 -1 0 1 2 -2 -1 0 1 2 -2 -1 0 1 2 -2 -1 0 1 2 -2 -1 0 1 2 -2 -1 0 1 2 -2 -1 0 1 2 -2 -1 0 1 2 -2 -1 0 1 2 -2 -1 0 1 2 -2 -1 0 1 2 -2 -1 0 1 2 -2 -1 0 1 2 -2 -1 0 1 2 -2 -1 0 1 2 -2 -1 0 1 2 -2 -1 0 1 2 -2 -1 0 1 2 -2 -1 0 1 2 -2
1 -2 0 2 -1 1 -2 0 2 -1 1 -2 0 2 -1 1 -2 0 2 -1 1 -2 0 2 -1 1 -2 0 2 -1 1 -2 0 2 -1 1 -2 0 2 -1 1 -2 0 2 -1 1 -2 0 2 -1 1 -2 0 2 -1 1 -2 0 2 -1 1 -2 0 2 -1 1 -2 0 2 -1 1 -2 0 2 -1 1 -2 0 2 -1 1 -2 0 2 -1 1 -2 0 2 -1 1 -2 0 2 -1 1 -2 0 2 -1 1 -2 0 2 -1 1 -2 0 2 -1 1 -2 0 2 -1 1 -2 0 2 -1 1 -2 0 2 -1 1 -2 0 2 -1 1 -2 0 2 -1 1 -2 0 2 -1 1 -2 0 2 -1 1 -2 0 2 -1 1 -2 0 2 -1 1 -2 0 2 602 1 -2 0 2 -1 1 -2 0 2 -1 1 -2 0 2 -1 1 -2 0 2 -1 1 -2 0 2 -1 1 -2 0 2 -1 1 -2 0 2 -1 1 -2 0 2 -1 1 -2 0 2 -1 1 -2 0 2 -1 1 -2 0 2 -1 1 -2 0 2 -1 1 -2 0 2 -1 1 -2 0 2 -1 1 -2 0 2 -1 1 -2 0 2 -1 1 -2 0 2 -1 1 -2 0 2 -1 1 -2 0 2 -1 1 -2 0 2 -1 1 -2 0 2 -1 1 -2 0 2 -1 1 -2 0 2 -1 1 -2 0 2 -1 1 -2 0 2 -1 1 -2 0 2 -1 1 -2 0 2 -1 1 -2 0 2 -1 1 -2 0 2 -1 1 -2 0 2 -1 1 -2 0 2 -1 1 -2 0 2 -1 1 -2 0 2 -1 1 -2 0 2 -1 1 -2 0 2 -1 1 -2 0 2 -1 1 -2 0 2 -1 1 -2 0 2 -1 1 -2 0 2 -1 1 -2 0 2 -1 1 -2 0 2 -1 1 -2 0 2 -1 1 -2 0 2 -1 1 -2 0 2 -1 1 -2 0 2 -1 1 -2 0 2 -1 1 -2 0 2 -1 1 -2 0 2 -1 1 -2 0 2 -1 1 -2 0 2 -1 1 -2 0 2 -1 1 -2 0 2 -1 1 -2 0 2 -1 1 -2 0 2 -1 1 -2 0 2 -1 1 -2 0 2 -1 1 -2 0 2 -1 1 -2 0 2 -1 1 -2 0 2 -1 1 -2 0 2 -1 1 -2 0 2 -1 1 -2 0 2 -1 1 -2 0 2 -1 1 -2 0 2 -1 1 -2 0 2 -1 1 -2 0 2 -1 1 -2 0 2 -1 1 -2 0 2 -1
-2 1 -1 2 0 -2 1 -1 2 0 -2 1 -1 2 0 -2 1 -1 2 0 -2 1 -1 2 0 -2 1 -1 2 0 -2 1 -1 2 0 -2 1 -1 2 0 -2 1 -1 2 0 -2 1 -1 2 0 -2 1 -1 2 0 -2 1 -1 2 0 -2 1 -1 2 0 -2 1 -1 2 0 -2 1 -1 2 0 -2 1 -1 2 0 -2 1 -1 2 0 -2 1 -1 2 0 -2 1 -1 2 0 -2 1 -1 2 0 -2 1 -1 2 0 -2 1 -1 2 0 -2 1 -1 2 0 -2 1 -1 2 0 -2 1 -1 2 0 -2 1 -1 2 0 -2 1 -1 2 0 -2 1 -1 2 0 -2 1 -1 2 0 -2 1 -1 2 0 -2 1 -1 2 0 -2 1 -1 2 0 601 1 -1 2 0 -2 1 -1 2 0 -2 1 -1 2 0 -2 1 -1 2 0 -2 1 -1 2 0 -2 1 -1 2 0 -2 1 -1 2 0 -2 1 -1 2 0 -2 1 -1 2 0 -2 1 -1 2 0 -2 1 -1 2 0 -2 1 -1 2 0 -2 1 -1 2 0 -2 1 -1 2 0 -2 1 -1 2 0 -2 1 -1 2 0 -2 1 -1 2 0 -2 1 -1 2 0 -2 1 -1 2 0 -2 1 -1 2 0 -2 1 -1 2 0 -2 1 -1 2 0 -2 1 -1 2 0 -2 1 -1 2 0 -2 1 -1 2 0 -2 1 -1 2 0 -2 1 -1 2 0 -2 1 -1 2 0 -2 1 -1 2 0 -2 1 -1 2 0 -2 1 -1 2 0 -2 1 -1 2 0 -2 1 -1 2 0 -2 1 -1 2 0 -2 1 -1 2 0 -2 1 -1 2 0 -2 1 -1 2 0 -2 1 -1 2 0 -2 1 -1 2 0 -2 1 -1 2 0 -2 1 -1 2 0 -2 1 -1 2 0 -2 1 -1 2 0 -2 1 -1 2 0 -2 1 -1 2 0 -2 1 -1 2 0 -2 1 -1 2 0 -2 1 -1 2 0 -2 1 -1 2 0 -2 1 -1 2 0 -2 1 -1 2 0 -2 1 -1 2 0 -2 1 -1 2 0 -2 1 -1 2 0 -2 1 -1 2 0 -2 1 -1 2 0 -2 1 -1 2 0 -2 1 -1 2 0 -2 1 -1 2 0 -2 1 -1 2 0 -2 1 -1 2 0 -2 1 -1 2 0 -2 1 -1 2 0 -2 1 -1 2 0 -2 1 -1 2 0 -2 1 -1 2 0 -2 1 -1 2 0 -2 1 -1 2 0
0 -1 -2 2 1 0 -1 -2 2 1 0 -1 -2 2 1 0 -1 -2 2 1 0 -1 -2 2 1 0 -1 -2 2 1 0 -1 -2 2 1 0 -1 -2 2 1 0 -1 -2 2 1 0 -1 -2 2 1 0 -1 -2 2 1 0 -1 -2 2 1 0 -1 -2 2 1 0 -1 -2 2 1 0 -1 -2 2 1 0 -1 -2 2 1 0 -1 -2 2 1 0 -1 -2 2 1 0 -1 -2 2 1 0 -1 -2 2 1 0 -1 -2 2 1 0 -1 -2 2 1 0 -1 -2 2 1 0 -1 -2 2 1 0 -1 -2 2 1 0 -1 -2 2 1 0 -1 -2 2 1 0 -1 -2 2 1 0 -1 -2 2 1 0 -1 -2 2 1 0 -1 -2 2 1 0 -1 -2 2 1 0 602 -2 2 1 0 -1 -2 2 1 0 -1 -2 2 1 0 -1 -2 2 1 0 -1 -2 2 1 0 -1 -2 2 1 0 -1 -2 2 1 0 -1 -2 2 1 0 -1 -2 2 1 0 -1 -2 2 1 0 -1 -2 2 1 0 -1 -2 2 1 0 -1 -2 2 1 0 -1 -2 2 1 0 -1 -2 2 1 0 -1 -2 2 1 0 -1 -2 2 1 0 -1 -2 2 1 0 -1 -2 2 1 0 -1 -2 2 1 0 -1 -2 2 1 0 -1 -2 2 1 0 -1 -2 2 1 0 -1 -2 2 1 0 -1 -2 2 1 0 -1 -2 2 1 0 -1 -2 2 1 0 -1 -2 2 1 0 -1 -2 2 1 0 -1 -2 2 1 0 -1 -2 2 1 0 -1 -2 2 1 0 -1 -2 2 1 0 -1 -2 2 1 0 -1 -2 2 1 0 -1 -2 2 1 0 -1 -2 2 1 0 -1 -2 2 1 0 -1 -2 2 1 0 -1 -2 2 1 0 -1 -2 2 1 0 -1 -2 2 1 0 -1 -2 2 1 0 -1 -2 2 1 0 -1 -2 2 1 0 -1 -2 2 1 0 -1 -2 2 1 0 -1 -2 2 1 0 -1 -2 2 1 0 -1 -2 2 1 0 -1 -2 2 1 0 -1 -2 2 1 0 -1 -2 2 1 0 -1 -2 2 1 0 -1 -2 2 1 0 -1 -2 2 1 0 -1 -2 2 1 0 -1 -2 2 1 0 -1 -2 2 1 0 -1 -2 2 1 0 -1 -2 2 1 0 -1 -2 2 1 0 -1 -2 2 1 0 -1 -2 2 1 0 -1 -2 2 1 0 -1 -2 2 1 0 -1 -2 2 1 0 -1 -2 2 1
2 2 2 2 2 2 2 2 2 2 2 2 2 2 2 2 2 2 2 2 2 2 2 2 2 2 2 2 2 2 2 2 2 2 2 2 2 2 2 2 2 2 2 2 2 2 2 2 2 2 2 2 2 2 2 2 2 2 2 2 2 2 2 2 2 2 2 2 2 2 2 2 2 2 2 2 2 2 2 2 2 2 2 2 2 2 2 2 2 2 2 2 2 2 2 2 2 2 2 2 2 2 2 2 2 2 2 2 2 2 2 2 2 2 2 2 2 2 2 2 2 2 2 2 2 2 2 2 2 2 2 2 2 2 2 2 2 2 2 2 2 2 2 2 2 2 2 2 2 2 2 2 2 2 2 2 2 2 2 2 2 2 1001 2 2 2 2 2 2 2 2 2 2 2 2 2 2 2 2 2 2 2 2 2 2 2 2 2 2 2 2 2 2 2 2 2 2 2 2 2 2 2 2 2 2 2 2 2 2 2 2 2 2 2 2 2 2 2 2 2 2 2 2 2 2 2 2 2 2 2 2 2 2 2 2 2 2 2 2 2 2 2 2 2 2 2 2 2 2 2 2 2 2 2 2 2 2 2 2 2 2 2 2 2 2 2 2 2 2 2 2 2 2 2 2 2 2 2 2 2 2 2 2 2 2 2 2 2 2 2 2 2 2 2 2 2 2 2 2 2 2 2 2 2 2 2 2 2 2 2 2 2 2 2 2 2 2 2 2 2 2 2 2 2 2 2 2 2 2 2 2 2 2 2 2 2 2 2 2 2 2 2 2 2 2 2 2 2 2 2 2 2 2 2 2 2 2 2 2 2 2 2 2 2 2 2 2 2 2 2 2 2 2 2 2 2 2 2 2 2 2 2 2 2 2 2 2 2 2 2 2 2 2 2 2 2 2 2 2 2 2 2 2 2 2 2 2 2 2 2 2 2 2 2 2 2 2 2 2 2 2 2 2 2 2 2 2 2 2 2 2 2 2 2 2 2 2 2 2 2 2 2 2 2 2 2 2 2 2 2 2 2 2 2 2 2 2 2 2 2 2 2 2 2 2 2 2 2 2 2 2 2 2 2 2 2 2 2 2 2 2 2 2 2 2 2 2 2 2 2 2 2 2 2 2 2 2 2 2 2
-1 0 1 2 -2 -1 0 1 2 -2 -1 0 1 2 -2 -1 0 1 2 -2 -1 0 1 2 -2 -1 0 1 2 -2 -1 0 1 2 -2 -1 0 1 2 -2 -1 0 1 2 -2 -1 0 1 2 -2 -1 0 1 2 -2 -1 0 1 2 -2 -1 0 1 2 -2 -1 0 1 2 -2 -1 0 1 2 -2 -1 0 1 2 -2 -1 0 1 2 -2 -1 0 1 2 -2 -1 0 1 2 -2 -1 0 1 2 -2 -1 0 1 2 -2 -1 0 1 2 -2 -1 0 1 2 -2 -1 0 1 2 -2 -1 0 1 2 -2 -1 0 1 2 -2 -1 0 1 2 -2 -1 0 1 2 -2 -1 0 1 2 -2 -1 0 1 2 -2 -1 0 1 2 -2 -1 0 1 2 -2 -1 0 1 601 -2 -1 0 1 2 -2 -1 0 1 2 -2 -1 0 1 2 -2 -1 0 1 2 -2 -1 0 1 2 -2 -1 0 1 2 -2 -1 0 1 2 -2 -1 0 1 2 -2 -1 0 1 2 -2 -1 0 1 2 -2 -1 0 1 2 -2 -1 0 1 2 -2 -1 0 1 2 -2 -1 0 1 2 -2 -1 0 1 2 -2 -1 0 1 2 -2 -1 0 1 2 -2 -1 0 1 2 -2 -1 0 1 2 -2 -1 0 1 2 -2 -1 0 1 2 -2 -1 0 1 2 -2 -1 0 1 2 -2 -1 0 1 2 -2 -1 0 1 2 -2 -1 0 1 2 -2 -1 0 1 2 -2 -1 0 1 2 -2 -1 0 1 2 -2 -1 0 1 2 -2 -1 0 1 2 -2 -1 0 1 2 -2 -1 0 1 2 -2 -1 0 1 2 -2 -1 0 1 2 -2 -1 0 1 2 -2 -1 0 1 2 -2 -1 0 1 2 -2 -1 0 1 2 -2 -1 0 1 2 -2 -1 0 1 2 -2 -1 0 1 2 -2 -1 0 1 2 -2 -1 0 1 2 -2 -1 0 1 2 -2 -1 0 1 2 -2 -1 0 1 2 -2 -1 0 1 2 -2 -1 0 1 2 -2 -1 0 1 2 -2 -1 0 1 2 -2 -1 0 1 2 -2 -1 0 1 2 -2 -1 0 1 2 -2 -1 0 1 2 -2 -1 0 1 2 -2 -1 0 1 2 -2 -1 0 1 2 -2 -1 0 1 2 -2 -1 0 1 2 -2 -1 0 1 2 -2 -1 0 1 2 -2 -1 0 1 2 -2 -1 0 1 2 -2 -1 0 1 2 -2 -1 0 1 2 -2 -1 0 1 2 -2
1 -2 0 2 -1 1 -2 0 2 -1 1 -2 0 2 -1 1 -2 0 2 -1 1 -2 0 2 -1 1 -2 0 2 -1 1 -2 0 2 -1 1 -2 0 2 -1 1 -2 0 2 -1 1 -2 0 2 -1 1 -2 0 2 -1 1 -2 0 2 -1 1 -2 0 2 -1 1 -2 0 2 -1 1 -2 0 2 -1 1 -2 0 2 -1 1 -2 0 2 -1 1 -2 0 2 -1 1 -2 0 2 -1 1 -2 0 2 -1 1 -2 0 2 -1 1 -2 0 2 -1 1 -2 0 2 -1 1 -2 0 2 -1 1 -2 0 2 -1 1 -2 0 2 -1 1 -2 0 2 -1 1 -2 0 2 -1 1 -2 0 2 -1 1 -2 0 2 -1 1 -2 0 2 -1 1 -2 0 2 -1 1 -2 0 2 602 1 -2 0 2 -1 1 -2 0 2 -1 1 -2 0 2 -1 1 -2 0 2 -1 1 -2 0 2 -1 1 -2 0 2 -1 1 -2 0 2 -1 1 -2 0 2 -1 1 -2 0 2 -1 1 -2 0 2 -1 1 -2 0 2 -1 1 -2 0 2 -1 1 -2 0 2 -1 1 -2 0 2 -1 1 -2 0 2 -1 1 -2 0 2 -1 1 -2 0 2 -1 1 -2 0 2 -1 1 -2 0 2 -1 1 -2 0 2 -1 1 -2 0 2 -1 1 -2 0 2 -1 1 -2 0 2 -1 1 -2 0 2 -1 1 -2 0 2 -1 1 -2 0 2 -1 1 -2 0 2 -1 1 -2 0 2 -1 1 -2 0 2 -1 1 -2 0 2 -1 1 -2 0 2 -1 1 -2 0 2 -1 1 -2 0 2 -1 1 -2 0 2 -1 1 -2 0 2 -1 1 -2 0 2 -1 1 -2 0 2 -1 1 -2 0 2 -1 1 -2 0 2 -1 1 -2 0 2 -1 1 -2 0 2 -1 1 -2 0 2 -1 1 -2 0 2 -1 1 -2 0 2 -1 1 -2 0 2 -1 1 -2 0 2 -1 1 -2 0 2 -1 1 -2 0 2 -1 1 -2 0 2 -1 1 -2 0 2 -1 1 -2 0 2 -1 1 -2 0 2 -1 1 -2 0 2 -1 1 -2 0 2 -1 1 -2 0 2 -1 1 -2 0 2 -1 1 -2 0 2 -1 1 -2 0 2 -1 1 -2 0 2 -1 1 -2 0 2 -1 1 -2 0 2 -1 1 -2 0 2 -1 1 -2 0 2 -1 1 -2 0 2 -1 1 -2 0 2 -1 1 -2 0 2 -1 1 -2 0 2 -1
-2 1 -1 2 0 -2 1 -1 2 0 -2 1 -1 2 0 -2 1 -1 2 0 -2 1 -1 2 0 -2 1 -1 2 0 -2 1 -1 2 0 -2 1 -1 2 0 -2 1 -1 2 0 -2 1 -1 2 0 -2 1 -1 2 0 -2 1 -1 2 0 -2 1 -1 2 0 -2 1 -1 2 0 -2 1 -1 2 0 -2 1 -1 2 0 -2 1 -1 2 0 -2 1 -1 2 0 -2 1 -1 2 0 -2 1 -1 2 0 -2 1 -1 2 0 -2 1 -1 2 0 -2 1 -1 2 0 -2 1 -1 2 0 -2 1 -1 2 0 -2 1 -1 2 0 -2 1 -1 2 0 -2 1 -1 2 0 -2 1 -1 2 0 -2 1 -1 2 0 -2 1 -1 2 0 -2 1 -1 2 0 -2 1 -1 2 0 601 1 -1 2 0 -2 1 -1 2 0 -2 1 -1 2 0 -2 1 -1 2 0 -2 1 -1 2 0 -2 1 -1 2 0 -2 1 -1 2 0 -2 1 -1 2 0 -2 1 -1 2 0 -2 1 -1 2 0 -2 1 -1 2 0 -2 1 -1 2 0 -2 1 -1 2 0 -2 1 -1 2 0 -2 1 -1 2 0 -2 1 -1 2 0 -2 1 -1 2 0 -2 1 -1 2 0 -2 1 -1 2 0 -2 1 -1 2 0 -2 1 -1 2 0 -2 1 -1 2 0 -2 1 -1 2 0 -2 1 -1 2 0 -2 1 -1 2 0 -2 1 -1 2 0 -2 1 -1 2 0 -2 1 -1 2 0 -2 1 -1 2 0 -2 1 -1 2 0 -2 1 -1 2 0 -2 1 -1 2 0 -2 1 -1 2 0 -2 1 -1 2 0 -2 1 -1 2 0 -2 1 -1 2 0 -2 1 -1 2 0 -2 1 -1 2 0 -2 1 -1 2 0 -2 1 -1 2 0 -2 1 -1 2 0 -2 1 -1 2 0 -2 1 -1 2 0 -2 1 -1 2 0 -2 1 -1 2 0 -2 1 -1 2 0 -2 1 -1 2 0 -2 1 -1 2 0 -2 1 -1 2 0 -2 1 -1 2 0 -2 1 -1 2 0 -2 1 -1 2 0 -2 1 -1 2 0 -2 1 -1 2 0 -2 1 -1 2 0 -2 1 -1 2 0 -2 1 -1 2 0 -2 1 -1 2 0 -2 1 -1 2 0 -2 1 -1 2 0 -2 1 -1 2 0 -2 1 -1 2 0 -2 1 -1 2 0 -2 1 -1 2 0 -2 1 -1 2 0 -2 1 -1 2 0 -2 1 -1 2 0
0 -1 -2 2 1 0 -1 -2 2 1 0 -1 -2 2 1 0 -1 -2 2 1 0 -1 -2 2 1 0 -1 -2 2 1 0 -1 -2 2 1 0 -1 -2 2 1 0 -1 -2 2 1 0 -1 -2 2 1 0 -1 -2 2 1 0 -1 -2 2 1 0 -1 -2 2 1 0 -1 -2 2 1 0 -1 -2 2 1 0 -1 -2 2 1 0 -1 -2 2 1 0 -1 -2 2 1 0 -1 -2 2 1 0 -1 -2 2 1 0 -1 -2 2 1 0 -1 -2 2 1 0 -1 -2 2 1 0 -1 -2 2 1 0 -1 -2 2 1 0 -1 -2 2 1 0 -1 -2 2 1 0 -1 -2 2 1 0 -1 -2 2 1 0 -1 -2 2 1 0 -1 -2 2 1 0 -1 -2 2 1 0 -1 -2 2 1 0 602 -2 2 1 0 -1 -2 2 1 0 -1 -2 2 1 0 -1 -2 2 1 0 -1 -2 2 1 0 -1 -2 2 1 0 -1 -2 2 1 0 -1 -2 2 1 0 -1 -2 2 1 0 -1 -2 2 1 0 -1 -2 2 1 0 -1 -2 2 1 0 -1 -2 2 1 0 -1 -2 2 1 0 -1 -2 2 1 0 -1 -2 2 1 0 -1 -2 2 1 0 -1 -2 2 1 0 -1 -2 2 1 0 -1 -2 2 1 0 -1 -2 2 1 0 -1 -2 2 1 0 -1 -2 2 1 0 -1 -2 2 1 0 -1 -2 2 1 0 -1 -2 2 1 0 -1 -2 2 1 0 -1 -2 2 1 0 -1 -2 2 1 0 -1 -2 2 1 0 -1 -2 2 1 0 -1 -2 2 1 0 -1 -2 2 1 0 -1 -2 2 1 0 -1 -2 2 1 0 -1 -2 2 1 0 -1 -2 2 1 0 -1 -2 2 1 0 -1 -2 2 1 0 -1 -2 2 1 0 -1 -2 2 1 0 -1 -2 2 1 0 -1 -2 2 1 0 -1 -2 2 1 0 -1 -2 2 1 0 -1 -2 2 1 0 -1 -2 2 1 0 -1 -2 2 1 0 -1 -2 2 1 0 -1 -2 2 1 0 -1 -2 2 1 0 -1 -2 2 1 0 -1 -2 2 1 0 -1 -2 2 1 0 -1 -2 2 1 0 -1 -2 2 1 0 -1 -2 2 1 0 -1 -2 2 1 0 -1 -2 2 1 0 -1 -2 2 1 0 -1 -2 2 1 0 -1 -2 2 1 0 -1 -2 2 1 0 -1 -2 2 1 0 -1 -2 2 1 0 -1 -2 2 1 0 -1 -2 2 1
2 2 2 2 2 2 2 2 2 2 2 2 2 2 2 2 2 2 2 2 2 2 2 2 2 2 2 2 2 2 2 2 2 2 2 2 2 2 2 2 2 2 2 2 2 2 2 2 2 2 2 2 2 2 2 2 2 2 2 2 2 2 2 2 2 2 2 2 2 2 2 2 2 2 2 2 2 2 2 2 2 2 2 2 2 2 2 2 2 2 2 2 2 2 2 2 2 2 2 2 2 2 2 2 2 2 2 2 2 2 2 2 2 2 2 2 2 2 2 2 2 2 2 2 2 2 2 2 2 2 2 2 2 2 2 2 2 2 2 2 2 2 2 2 2 2 2 2 2 2 2 2 2 2 2 2 2 2 2 2 2 2 2 2 2 2 2 1001 2 2 2 2 2 2 2 2 2 2 2 2 2 2 2 2 2 2 2 2 2 2 2 2 2 2 2 2 2 2 2 2 2 2 2 2 2 2 2 2 2 2 2 2 2 2 2 2 2 2 2 2 2 2 2 2 2 2 2 2 2 2 2 2 2 2 2 2 2 2 2 2 2 2 2 2 2 2 2 2 2 2 2 2 2 2 2 2 2 2 2 2 2 2 2 2 2 2 2 2 2 2 2 2 2 2 2 2 2 2 2 2 2 2 2 2 2 2 2 2 2 2 2 2 2 2 2 2 2 2 2 2 2 2 2 2 2 2 2 2 2 2 2 2 2 2 2 2 2 2 2 2 2 2 2 2 2 2 2 2 2 2 2 2 2 2 2 2 2 2 2 2 2 2 2 2 2 2 2 2 2 2 2 2 2 2 2 2 2 2 2 2 2 2 2 2 2 2 2 2 2 2 2 2 2 2 2 2 2 2 2 2 2 2 2 2 2 2 2 2 2 2 2 2 2 2 2 2 2 2 2 2 2 2 2 2 2 2 2 2 2 2 2 2 2 2 2 2 2 2 2 2 2 2 2 2 2 2 2 2 2 2 2 2 2 2 2 2 2 2 2 2 2 2 2 2 2 2 2 2 2 2 2 2 2 2 2 2 2 2 2 2 2 2 2 2 2 2 2 2 2 2 2 2 2 2 2 2 2 2 2 2 2 2 2 2 2 2 2 2 2 2 2 2 2 2 2 2 2 2 2 2
-1 0 1 2 -2 -1 0 1 2 -2 -1 0 1 2 -2 -1 0 1 2 -2 -1 0 1 2 -2 -1 0 1 2 -2 -1 0 1 2 -2 -1 0 1 2 -2 -1 0 1 2 -2 -1 0 1 2 -2 -1 0 1 2 -2 -1 0 1 2 -2 -1 0 1 2 -2 -1 0 1 2 -2 -1 0 1 2 -2 -1 0 1 2 -2 -1 0 1 2 -2 -1 0 1 2 -2 -1 0 1 2 -2 -1 0 1 2 -2 -1 0 1 2 -2 -1 0 1 2 -2 -1 0 1 2 -2 -1 0 1 2 -2 -1 0 1 2 -2 -1 0 1 2 -2 -1 0 1 2 -2 -1 0 1 2 -2 -1 0 1 2 -2 -1 0 1 2 -2 -1 0 1 2 -2 -1 0 1 2 -2 -1 0 1 2 -2 -1 0 1 601 -2 -1 0 1 2 -2 -1 0 1 2 -2 -1 0 1 2 -2 -1 0 1 2 -2 -1 0 1 2 -2 -1 0 1 2 -2 -1 0 1 2 -2 -1 0 1 2 -2 -1 0 1 2 -2 -1 0 1 2 -2 -1 0 1 2 -2 -1 0 1 2 -2 -1 0 1 2 -2 -1 0 1 2 -2 -1 0 1 2 -2 -1 0 1 2 -2 -1 0 1 2 -2 -1 0 1 2 -2 -1 0 1 2 -2 -1 0 1 2 -2 -1 0 1 2 -2 -1 0 1 2 -2 -1 0 1 2 -2 -1 0 1 2 -2 -1 0 1 2 -2 -1 0 1 2 -2 -1 0 1 2 -2 -1 0 1 2 -2 -1 0 1 2 -2 -1 0 1 2 -2 -1 0 1 2 -2 -1 0 1 2 -2 -1 0 1 2 -2 -1 0 1 2 -2 -1 0 1 2 -2 -1 0 1 2 -2 -1 0 1 2 -2 -1 0 1 2 -2 -1 0 1 2 -2 -1 0 1 2 -2 -1 0 1 2 -2 -1 0 1 2 -2 -1 0 1 2 -2 -1 0 1 2 -2 -1 0 1 2 -2 -1 0 1 2 -2 -1 0 1 2 -2 -1 0 1 2 -2 -1 0 1 2 -2 -1 0 1 2 -2 -1 0 1 2 -2 -1 0 1 2 -2 -1 0 1 2 -2 -1 0 1 2 -2 -1 0 1 2 -2 -1 0 1 2 -2 -1 0 1 2 -2 -1 0 1 2 -2 -1 0 1 2 -2 -1 0 1 2 -2 -1 0 1 2 -2 -1 0 1 2 -2 -1 0 1 2 -2 -1 0 1 2 -2 -1 0 1 2 -2 -1 0 1 2 -2
1 -2 0 2 -1 1 -2 0 2 -1 1 -2 0 2 -1 1 -2 0 2 -1 1 -2 0 2 -1 1 -2 0 2 -1 1 -2 0 2 -1 1 -2 0 2 -1 1 -2 0 2 -1 1 -2 0 2 -1 1 -2 0 2 -1 1 -2 0 2 -1 1 -2 0 2 -1 1 -2 0 2 -1 1 -2 0 2 -1 1 -2 0 2 -1 1 -2 0 2 -1 1 -2 0 2 -1 1 -2 0 2 -1 1 -2 0 2 -1 1 -2 0 2 -1 1 -2 0 2 -1 1 -2 0 2 -1 1 -2 0 2 -1 1 -2 0 2 -1 1 -2 0 2 -1 1 -2 0 2 -1 1 -2 0 2 -1 1 -2 0 2 -1 1 -2 0 2 -1 1 -2 0 2 -1 1 -2 0 2 -1 1 -2 0 2 -1 1 -2 0 2 602 1 -2 0 2 -1 1 -2 0 2 -1 1 -2 0 2 -1 1 -2 0 2 -1 1 -2 0 2 -1 1 -2 0 2 -1 1 -2 0 2 -1 1 -2 0 2 -1 1 -2 0 2 -1 1 -2 0 2 -1 1 -2 0 2 -1 1 -2 0 2 -1 1 -2 0 2 -1 1 -2 0 2 -1 1 -2 0 2 -1 1 -2 0 2 -1 1 -2 0 2 -1 1 -2 0 2 -1 1 -2 0 2 -1 1 -2 0 2 -1 1 -2 0 2 -1 1 -2 0 2 -1 1 -2 0 2 -1 1 -2 0 2 -1 1 -2 0 2 -1 1 -2 0 2 -1 1 -2 0 2 -1 1 -2 0 2 -1 1 -2 0 2 -1 1 -2 0 2 -1 1 -2 0 2 -1 1 -2 0 2 -1 1 -2 0 2 -1 1 -2 0 2 -1 1 -2 0 2 -1 1 -2 0 2 -1 1 -2 0 2 -1 1 -2 0 2 -1 1 -2 0 2 -1 1 -2 0 2 -1 1 -2 0 2 -1 1 -2 0 2 -1 1 -2 0 2 -1 1 -2 0 2 -1 1 -2 0 2 -1 1 -2 0 2 -1 1 -2 0 2 -1 1 -2 0 2 -1 1 -2 0 2 -1 1 -2 0 2 -1 1 -2 0 2 -1 1 -2 0 2 -1 1 -2 0 2 -1 1 -2 0 2 -1 1 -2 0 2 -1 1 -2 0 2 -1 1 -2 0 2 -1 1 -2 0 2 -1 1 -2 0 2 -1 1 -2 0 2 -1 1 -2 0 2 -1 1 -2 0 2 -1 1 -2 0 2 -1 1 -2 0 2 -1 1 -2 0 2 -1 1 -2 0 2 -1
-2 1 -1 2 0 -2 1 -1 2 0 -2 1 -1 2 0 -2 1 -1 2 0 -2 1 -1 2 0 -2 1 -1 2 0 -2 1 -1 2 0 -2 1 -1 2 0 -2 1 -1 2 0 -2 1 -1 2 0 -2 1 -1 2 0 -2 1 -1 2 0 -2 1 -1 2 0 -2 1 -1 2 0 -2 1 -1 2 0 -2 1 -1 2 0 -2 1 -1 2 0 -2 1 -1 2 0 -2 1 -1 2 0 -2 1 -1 2 0 -2 1 -1 2 0 -2 1 -1 2 0 -2 1 -1 2 0 -2 1 -1 2 0 -2 1 -1 2 0 -2 1 -1 2 0 -2 1 -1 2 0 -2 1 -1 2 0 -2 1 -1 2 0 -2 1 -1 2 0 -2 1 -1 2 0 -2 1 -1 2 0 -2 1 -1 2 0 -2 1 -1 2 0 601 1 -1 2 0 -2 1 -1 2 0 -2 1 -1 2 0 -2 1 -1 2 0 -2 1 -1 2 0 -2 1 -1 2 0 -2 1 -1 2 0 -2 1 -1 2 0 -2 1 -1 2 0 -2 1 -1 2 0 -2 1 -1 2 0 -2 1 -1 2 0 -2 1 -1 2 0 -2 1 -1 2 0 -2 1 -1 2 0 -2 1 -1 2 0 -2 1 -1 2 0 -2 1 -1 2 0 -2 1 -1 2 0 -2 1 -1 2 0 -2 1 -1 2 0 -2 1 -1 2 0 -2 1 -1 2 0 -2 1 -1 2 0 -2 1 -1 2 0 -2 1 -1 2 0 -2 1 -1 2 0 -2 1 -1 2 0 -2 1 -1 2 0 -2 1 -1 2 0 -2 1 -1 2 0 -2 1 -1 2 0 -2 1 -1 2 0 -2 1 -1 2 0 -2 1 -1 2 0 -2 1 -1 2 0 -2 1 -1 2 0 -2 1 -1 2 0 -2 1 -1 2 0 -2 1 -1 2 0 -2 1 -1 2 0 -2 1 -1 2 0 -2 1 -1 2 0 -2 1 -1 2 0 -2 1 -1 2 0 -2 1 -1 2 0 -2 1 -1 2 0 -2 1 -1 2 0 -2 1 -1 2 0 -2 1 -1 2 0 -2 1 -1 2 0 -2 1 -1 2 0 -2 1 -1 2 0 -2 1 -1 2 0 -2 1 -1 2 0 -2 1 -1 2 0 -2 1 -1 2 0 -2 1 -1 2 0 -2 1 -1 2 0 -2 1 -1 2 0 -2 1 -1 2 0 -2 1 -1 2 0 -2 1 -1 2 0 -2 1 -1 2 0 -2 1 -1 2 0 -2 1 -1 2 0
0 -1 -2 2 1 0 -1 -2 2 1 0 -1 -2 2 1 0 -1 -2 2 1 0 -1 -2 2 1 0 -1 -2 2 1 0 -1 -2 2 1 0 -1 -2 2 1 0 -1 -2 2 1 0 -1 -2 2 1 0 -1 -2 2 1 0 -1 -2 2 1 0 -1 -2 2 1 0 -1 -2 2 1 0 -1 -2 2 1 0 -1 -2 2 1 0 -1 -2 2 1 0 -1 -2 2 1 0 -1 -2 2 1 0 -1 -2 2 1 0 -1 -2 2 1 0 -1 -2 2 1 0 -1 -2 2 1 0 -1 -2 2 1 0 -1 -2 2 1 0 -1 -2 2 1 0 -1 -2 2 1 0 -1 -2 2 1 0 -1 -2 2 1 0 -1 -2 2 1 0 -1 -2 2 1 0 -1 -2 2 1 0 -1 -2 2 1 0 -1 -2 2 1 0 602 -2 2 1 0 -1 -2 2 1 0 -1 -2 2 1 0 -1 -2 2 1 0 -1 -2 2 1 0 -1 -2 2 1 0 -1 -2 2 1 0 -1 -2 2 1 0 -1 -2 2 1 0 -1 -2 2 1 0 -1 -2 2 1 0 -1 -2 2 1 0 -1 -2 2 1 0 -1 -2 2 1 0 -1 -2 2 1 0 -1 -2 2 1 0 -1 -2 2 1 0 -1 -2 2 1 0 -1 -2 2 1 0 -1 -2 2 1 0 -1 -2 2 1 0 -1 -2 2 1 0 -1 -2 2 1 0 -1 -2 2 1 0 -1 -2 2 1 0 -1 -2 2 1 0 -1 -2 2 1 0 -1 -2 2 1 0 -1 -2 2 1 0 -1 -2 2 1 0 -1 -2 2 1 0 -1 -2 2 1 0 -1 -2 2 1 0 -1 -2 2 1 0 -1 -2 2 1 0 -1 -2 2 1 0 -1 -2 2 1 0 -1 -2 2 1 0 -1 -2 2 1 0 -1 -2 2 1 0 -1 -2 2 1 0 -1 -2 2 1 0 -1 -2 2 1 0 -1 -2 2 1 0 -1 -2 2 1 0 -1 -2 2 1 0 -1 -2 2 1 0 -1 -2 2 1 0 -1 -2 2 1 0 -1 -2 2 1 0 -1 -2 2 1 0 -1 -2 2 1 0 -1 -2 2 1 0 -1 -2 2 1 0 -1 -2 2 1 0 -1 -2 2 1 0 -1 -2 2 1 0 -1 -2 2 1 0 -1 -2 2 1 0 -1 -2 2 1 0 -1 -2 2 1 0 -1 -2 2 1 0 -1 -2 2 1 0 -1 -2 2 1 0 -1 -2 2 1 0 -1 -2 2 1
2 2 2 2 2 2 2 2 2 2 2 2 2 2 2 2 2 2 2 2 2 2 2 2 2 2 2 2 2 2 2 2 2 2 2 2 2 2 2 2 2 2 2 2 2 2 2 2 2 2 2 2 2 2 2 2 2 2 2 2 2 2 2 2 2 2 2 2 2 2 2 2 2 2 2 2 2 2 2 2 2 2 2 2 2 2 2 2 2 2 2 2 2 2 2 2 2 2 2 2 2 2 2 2 2 2 2 2 2 2 2 2 2 2 2 2 2 2 2 2 2 2 2 2 2 2 2 2 2 2 2 2 2 2 2 2 2 2 2 2 2 2 2 2 2 2 2 2 2 2 2 2 2 2 2 2 2 2 2 2 2 2 2 2 2 2 2 2 2 2 2 2 1001 2 2 2 2 2 2 2 2 2 2 2 2 2 2 2 2 2 2 2 2 2 2 2 2 2 2 2 2 2 2 2 2 2 2 2 2 2 2 2 2 2 2 2 2 2 2 2 2 2 2 2 2 2 2 2 2 2 2 2 2 2 2 2 2 2 2 2 2 2 2 2 2 2 2 2 2 2 2 2 2 2 2 2 2 2 2 2 2 2 2 2 2 2 2 2 2 2 2 2 2 2 2 2 2 2 2 2 2 2 2 2 2 2 2 2 2 2 2 2 2 2 2 2 2 2 2 2 2 2 2 2 2 2 2 2 2 2 2 2 2 2 2 2 2 2 2 2 2 2 2 2 2 2 2 2 2 2 2 2 2 2 2 2 2 2 2 2 2 2 2 2 2 2 2 2 2 2 2 2 2 2 2 2 2 2 2 2 2 2 2 2 2 2 2 2 2 2 2 2 2 2 2 2 2 2 2 2 2 2 2 2 2 2 2 2 2 2 2 2 2 2 2 2 2 2 2 2 2 2 2 2 2 2 2 2 2 2 2 2 2 2 2 2 2 2 2 2 2 2 2 2 2 2 2 2 2 2 2 2 2 2 2 2 2 2 2 2 2 2 2 2 2 2 2 2 2 2 2 2 2 2 2 2 2 2 2 2 2 2 2 2 2 2 2 2 2 2 2 2 2 2 2 2 2 2 2 2 2 2 2 2 2 2 2 2 2 2 2 2 2 2 2 2 2 2 2 2
-1 0 1 2 -2 -1 0 1 2 -2 -1 0 1 2 -2 -1 0 1 2 -2 -1 0 1 2 -2 -1 0 1 2 -2 -1 0 1 2 -2 -1 0 1 2 -2 -1 0 1 2 -2 -1 0 1 2 -2 -1 0 1 2 -2 -1 0 1 2 -2 -1 0 1 2 -2 -1 0 1 2 -2 -1 0 1 2 -2 -1 0 1 2 -2 -1 0 1 2 -2 -1 0 1 2 -2 -1 0 1 2 -2 -1 0 1 2 -2 -1 0 1 2 -2 -1 0 1 2 -2 -1 0 1 2 -2 -1 0 1 2 -2 -1 0 1 2 -2 -1 0 1 2 -2 -1 0 1 2 -2 -1 0 1 2 -2 -1 0 1 2 -2 -1 0 1 2 -2 -1 0 1 2 -2 -1 0 1 2 -2 -1 0 1 2 -2 -1 0 1 2 -2 -1 0 1 601 -2 -1 0 1 2 -2 -1 0 1 2 -2 -1 0 1 2 -2 -1 0 1 2 -2 -1 0 1 2 -2 -1 0 1 2 -2 -1 0 1 2 -2 -1 0 1 2 -2 -1 0 1 2 -2 -1 0 1 2 -2 -1 0 1 2 -2 -1 0 1 2 -2 -1 0 1 2 -2 -1 0 1 2 -2 -1 0 1 2 -2 -1 0 1 2 -2 -1 0 1 2 -2 -1 0 1 2 -2 -1 0 1 2 -2 -1 0 1 2 -2 -1 0 1 2 -2 -1 0 1 2 -2 -1 0 1 2 -2 -1 0 1 2 -2 -1 0 1 2 -2 -1 0 1 2 -2 -1 0 1 2 -2 -1 0 1 2 -2 -1 0 1 2 -2 -1 0 1 2 -2 -1 0 1 2 -2 -1 0 1 2 -2 -1 0 1 2 -2 -1 0 1 2 -2 -1 0 1 2 -2 -1 0 1 2 -2 -1 0 1 2 -2 -1 0 1 2 -2 -1 0 1 2 -2 -1 0 1 2 -2 -1 0 1 2 -2 -1 0 1 2 -2 -1 0 1 2 -2 -1 0 1 2 -2 -1 0 1 2 -2 -1 0 1 2 -2 -1 0 1 2 -2 -1 0 1 2 -2 -1 0 1 2 -2 -1 0 1 2 -2 -1 0 1 2 -2 -1 0 1 2 -2 -1 0 1 2 -2 -1 0 1 2 -2 -1 0 1 2 -2 -1 0 1 2 -2 -1 0 1 2 -2 -1 0 1 2 -2 -1 0 1 2 -2 -1 0 1 2 -2 -1 0 1 2 -2 -1 0 1 2 -2 -1 0 1 2 -2 -1 0 1 2 -2 -1 0 1 2 -2
1 -2 0 2 -1 1 -2 0 2 -1 1 -2 0 2 -1 1 -2 0 2 -1 1 -2 0 2 -1 1 -2 0 2 -1 1 -2 0 2 -1 1 -2 0 2 -1 1 -2 0 2 -1 1 -2 0 2 -1 1 -2 0 2 -1 1 -2 0 2 -1 1 -2 0 2 -1 1 -2 0 2 -1 1 -2 0 2 -1 1 -2 0 2 -1 1 -2 0 2 -1 1 -2 0 2 -1 1 -2 0 2 -1 1 -2 0 2 -1 1 -2 0 2 -1 1 -2 0 2 -1 1 -2 0 2 -1 1 -2 0 2 -1 1 -2 0 2 -1 1 -2 0 2 -1 1 -2 0 2 -1 1 -2 0 2 -1 1 -2 0 2 -1 1 -2 0 2 -1 1 -2 0 2 -1 1 -2 0 2 -1 1 -2 0 2 -1 1 -2 0 2 -1 1 -2 0 2 602 1 -2 0 2 -1 1 -2 0 2 -1 1 -2 0 2 -1 1 -2 0 2 -1 1 -2 0 2 -1 1 -2 0 2 -1 1 -2 0 2 -1 1 -2 0 2 -1 1 -2 0 2 -1 1 -2 0 2 -1 1 -2 0 2 -1 1 -2 0 2 -1 1 -2 0 2 -1 1 -2 0 2 -1 1 -2 0 2 -1 1 -2 0 2 -1 1 -2 0 2 -1 1 -2 0 2 -1 1 -2 0 2 -1 1 -2 0 2 -1 1 -2 0 2 -1 1 -2 0 2 -1 1 -2 0 2 -1 1 -2 0 2 -1 1 -2 0 2 -1 1 -2 0 2 -1 1 -2 0 2 -1 1 -2 0 2 -1 1 -2 0 2 -1 1 -2 0 2 -1 1 -2 0 2 -1 1 -2 0 2 -1 1 -2 0 2 -1 1 -2 0 2 -1 1 -2 0 2 -1 1 -2 0 2 -1 1 -2 0 2 -1 1 -2 0 2 -1 1 -2 0 2 -1 1 -2 0 2 -1 1 -2 0 2 -1 1 -2 0 2 -1 1 -2 0 2 -1 1 -2 0 2 -1 1 -2 0 2 -1 1 -2 0 2 -1 1 -2 0 2 -1 1 -2 0 2 -1 1 -2 0 2 -1 1 -2 0 2 -1 1 -2 0 2 -1 1 -2 0 2 -1 1 -2 0 2 -1 1 -2 0 2 -1 1 -2 0 2 -1 1 -2 0 2 -1 1 -2 0 2 -1 1 -2 0 2 -1 1 -2 0 2 -1 1 -2 0 2 -1 1 -2 0 2 -1 1 -2 0 2 -1 1 -2 0 2 -1 1 -2 0 2 -1 1 -2 0 2 -1
-2 1 -1 2 0 -2 1 -1 2 0 -2 1 -1 2 0 -2 1 -1 2 0 -2 1 -1 2 0 -2 1 -1 2 0 -2 1 -1 2 0 -2 1 -1 2 0 -2 1 -1 2 0 -2 1 -1 2 0 -2 1 -1 2 0 -2 1 -1 2 0 -2 1 -1 2 0 -2 1 -1 2 0 -2 1 -1 2 0 -2 1 -1 2 0 -2 1 -1 2 0 -2 1 -1 2 0 -2 1 -1 2 0 -2 1 -1 2 0 -2 1 -1 2 0 -2 1 -1 2 0 -2 1 -1 2 0 -2 1 -1 2 0 -2 1 -1 2 0 -2 1 -1 2 0 -2 1 -1 2 0 -2 1 -1 2 0 -2 1 -1 2 0 -2 1 -1 2 0 -2 1 -1 2 0 -2 1 -1 2 0 -2 1 -1 2 0 -2 1 -1 2 0 -2 1 -1 2 0 601 1 -1 2 0 -2 1 -1 2 0 -2 1 -1 2 0 -2 1 -1 2 0 -2 1 -1 2 0 -2 1 -1 2 0 -2 1 -1 2 0 -2 1 -1 2 0 -2 1 -1 2 0 -2 1 -1 2 0 -2 1 -1 2 0 -2 1 -1 2 0 -2 1 -1 2 0 -2 1 -1 2 0 -2 1 -1 2 0 -2 1 -1 2 0 -2 1 -1 2 0 -2 1 -1 2 0 -2 1 -1 2 0 -2 1 -1 2 0 -2 1 -1 2 0 -2 1 -1 2 0 -2 1 -1 2 0 -2 1 -1 2 0 -2 1 -1 2 0 -2 1 -1 2 0 -2 1 -1 2 0 -2 1 -1 2 0 -2 1 -1 2 0 -2 1 -1 2 0 -2 1 -1 2 0 -2 1 -1 2 0 -2 1 -1 2 0 -2 1 -1 2 0 -2 1 -1 2 0 -2 1 -1 2 0 -2 1 -1 2 0 -2 1 -1 2 0 -2 1 -1 2 0 -2 1 -1 2 0 -2 1 -1 2 0 -2 1 -1 2 0 -2 1 -1 2 0 -2 1 -1 2 0 -2 1 -1 2 0 -2 1 -1 2 0 -2 1 -1 2 0 -2 1 -1 2 0 -2 1 -1 2 0 -2 1 -1 2 0 -2 1 -1 2 0 -2 1 -1 2 0 -2 1 -1 2 0 -2 1 -1 2 0 -2 1 -1 2 0 -2 1 -1 2 0 -2 1 -1 2 0 -2 1 -1 2 0 -2 1 -1 2 0 -2 1 -1 2 0 -2 1 -1 2 0 -2 1 -1 2 0 -2 1 -1 2 0 -2 1 -1 2 0 -2 1 -1 2 0
0 -1 -2 2 1 0 -1 -2 2 1 0 -1 -2 2 1 0 -1 -2 2 1 0 -1 -2 2 1 0 -1 -2 2 1 0 -1 -2 2 1 0 -1 -2 2 1 0 -1 -2 2 1 0 -1 -2 2 1 0 -1 -2 2 1 0 -1 -2 2 1 0 -1 -2 2 1 0 -1 -2 2 1 0 -1 -2 2 1 0 -1 -2 2 1 0 -1 -2 2 1 0 -1 -2 2 1 0 -1 -2 2 1 0 -1 -2 2 1 0 -1 -2 2 1 0 -1 -2 2 1 0 -1 -2 2 1 0 -1 -2 2 1 0 -1 -2 2 1 0 -1 -2 2 1 0 -1 -2 2 1 0 -1 -2 2 1 0 -1 -2 2 1 0 -1 -2 2 1 0 -1 -2 2 1 0 -1 -2 2 1 0 -1 -2 2 1 0 -1 -2 2 1 0 -1 -2 2 1 0 602 -2 2 1 0 -1 -2 2 1 0 -1 -2 2 1 0 -1 -2 2 1 0 -1 -2 2 1 0 -1 -2 2 1 0 -1 -2 2 1 0 -1 -2 2 1 0 -1 -2 2 1 0 -1 -2 2 1 0 -1 -2 2 1 0 -1 -2 2 1 0 -1 -2 2 1 0 -1 -2 2 1 0 -1 -2 2 1 0 -1 -2 2 1 0 -1 -2 2 1 0 -1 -2 2 1 0 -1 -2 2 1 0 -1 -2 2 1 0 -1 -2 2 1 0 -1 -2 2 1 0 -1 -2 2 1 0 -1 -2 2 1 0 -1 -2 2 1 0 -1 -2 2 1 0 -1 -2 2 1 0 -1 -2 2 1 0 -1 -2 2 1 0 -1 -2 2 1 0 -1 -2 2 1 0 -1 -2 2 1 0 -1 -2 2 1 0 -1 -2 2 1 0 -1 -2 2 1 0 -1 -2 2 1 0 -1 -2 2 1 0 -1 -2 2 1 0 -1 -2 2 1 0 -1 -2 2 1 0 -1 -2 2 1 0 -1 -2 2 1 0 -1 -2 2 1 0 -1 -2 2 1 0 -1 -2 2 1 0 -1 -2 2 1 0 -1 -2 2 1 0 -1 -2 2 1 0 -1 -2 2 1 0 -1 -2 2 1 0 -1 -2 2 1 0 -1 -2 2 1 0 -1 -2 2 1 0 -1 -2 2 1 0 -1 -2 2 1 0 -1 -2 2 1 0 -1 -2 2 1 0 -1 -2 2 1 0 -1 -2 2 1 0 -1 -2 2 1 0 -1 -2 2 1 0 -1 -2 2 1 0 -1 -2 2 1 0 -1 -2 2 1 0 -1 -2 2 1
2 2 2 2 2 2 2 2 2 2 2 2 2 2 2 2 2 2 2 2 2 2 2 2 2 2 2 2 2 2 2 2 2 2 2 2 2 2 2 2 2 2 2 2 2 2 2 2 2 2 2 2 2 2 2 2 2 2 2 2 2 2 2 2 2 2 2 2 2 2 2 2 2 2 2 2 2 2 2 2 2 2 2 2 2 2 2 2 2 2 2 2 2 2 2 2 2 2 2 2 2 2 2 2 2 2 2 2 2 2 2 2 2 2 2 2 2 2 2 2 2 2 2 2 2 2 2 2 2 2 2 2 2 2 2 2 2 2 2 2 2 2 2 2 2 2 2 2 2 2 2 2 2 2 2 2 2 2 2 2 2 2 2 2 2 2 2 2 2 2 2 2 2 2 2 2 2 1001 2 2 2 2 2 2 2 2 2 2 2 2 2 2 2 2 2 2 2 2 2 2 2 2 2 2 2 2 2 2 2 2 2 2 2 2 2 2 2 2 2 2 2 2 2 2 2 2 2 2 2 2 2 2 2 2 2 2 2 2 2 2 2 2 2 2 2 2 2 2 2 2 2 2 2 2 2 2 2 2 2 2 2 2 2 2 2 2 2 2 2 2 2 2 2 2 2 2 2 2 2 2 2 2 2 2 2 2 2 2 2 2 2 2 2 2 2 2 2 2 2 2 2 2 2 2 2 2 2 2 2 2 2 2 2 2 2 2 2 2 2 2 2 2 2 2 2 2 2 2 2 2 2 2 2 2 2 2 2 2 2 2 2 2 2 2 2 2 2 2 2 2 2 2 2 2 2 2 2 2 2 2 2 2 2 2 2 2 2 2 2 2 2 2 2 2 2 2 2 2 2 2 2 2 2 2 2 2 2 2 2 2 2 2 2 2 2 2 2 2 2 2 2 2 2 2 2 2 2 2 2 2 2 2 2 2 2 2 2 2 2 2 2 2 2 2 2 2 2 2 2 2 2 2 2 2 2 2 2 2 2 2 2 2 2 2 2 2 2 2 2 2 2 2 2 2 2 2 2 2 2 2 2 2 2 2 2 2 2 2 2 2 2 2 2 2 2 2 2 2 2 2 2 2 2 2 2 2 2 2 2 2 2 2 2 2 2 2 2 2 2 2
-1 0 1 2 -2 -1 0 1 2 -2 -1 0 1 2 -2 -1 0 1 2 -2 -1 0 1 2 -2 -1 0 1 2 -2 -1 0 1 2 -2 -1 0 1 2 -2 -1 0 1 2 -2 -1 0 1 2 -2 -1 0 1 2 -2 -1 0 1 2 -2 -1 0 1 2 -2 -1 0 1 2 -2 -1 0 1 2 -2 -1 0 1 2 -2 -1 0 1 2 -2 -1 0 1 2 -2 -1 0 1 2 -2 -1 0 1 2 -2 -1 0 1 2 -2 -1 0 1 2 -2 -1 0 1 2 -2 -1 0 1 2 -2 -1 0 1 2 -2 -1 0 1 2 -2 -1 0 1 2 -2 -1 0 1 2 -2 -1 0 1 2 -2 -1 0 1 2 -2 -1 0 1 2 -2 -1 0 1 2 -2 -1 0 1 2 -2 -1 0 1 2 -2 -1 0 1 2 -2 -1 0 1 601 -2 -1 0 1 2 -2 -1 0 1 2 -2 -1 0 1 2 -2 -1 0 1 2 -2 -1 0 1 2 -2 -1 0 1 2 -2 -1 0 1 2 -2 -1 0 1 2 -2 -1 0 1 2 -2 -1 0 1 2 -2 -1 0 1 2 -2 -1 0 1 2 -2 -1 0 1 2 -2 -1 0 1 2 -2 -1 0 1 2 -2 -1 0 1 2 -2 -1 0 1 2 -2 -1 0 1 2 -2 -1 0 1 2 -2 -1 0 1 2 -2 -1 0 1 2 -2 -1 0 1 2 -2 -1 0 1 2 -2 -1 0 1 2 -2 -1 0 1 2 -2 -1 0 1 2 -2 -1 0 1 2 -2 -1 0 1 2 -2 -1 0 1 2 -2 -1 0 1 2 -2 -1 0 1 2 -2 -1 0 1 2 -2 -1 0 1 2 -2 -1 0 1 2 -2 -1 0 1 2 -2 -1 0 1 2 -2 -1 0 1 2 -2 -1 0 1 2 -2 -1 0 1 2 -2 -1 0 1 2 -2 -1 0 1 2 -2 -1 0 1 2 -2 -1 0 1 2 -2 -1 0 1 2 -2 -1 0 1 2 -2 -1 0 1 2 -2 -1 0 1 2 -2 -1 0 1 2 -2 -1 0 1 2 -2 -1 0 1 2 -2 -1 0 1 2 -2 -1 0 1 2 -2 -1 0 1 2 -2 -1 0 1 2 -2 -1 0 1 2 -2 -1 0 1 2 -2 -1 0 1 2 -2 -1 0 1 2 -2 -1 0 1 2 -2 -1 0 1 2 -2 -1 0 1 2 -2 -1 0 1 2 -2 -1 0 1 2 -2 -1 0 1 2 -2
1 -2 0 2 -1 1 -2 0 2 -1 1 -2 0 2 -1 1 -2 0 2 -1 1 -2 0 2 -1 1 -2 0 2 -1 1 -2 0 2 -1 1 -2 0 2 -1 1 -2 0 2 -1 1 -2 0 2 -1 1 -2 0 2 -1 1 -2 0 2 -1 1 -2 0 2 -1 1 -2 0 2 -1 1 -2 0 2 -1 1 -2 0 2 -1 1 -2 0 2 -1 1 -2 0 2 -1 1 -2 0 2 -1 1 -2 0 2 -1 1 -2 0 2 -1 1 -2 0 2 -1 1 -2 0 2 -1 1 -2 0 2 -1 1 -2 0 2 -1 1 -2 0 2 -1 1 -2 0 2 -1 1 -2 0 2 -1 1 -2 0 2 -1 1 -2 0 2 -1 1 -2 0 2 -1 1 -2 0 2 -1 1 -2 0 2 -1 1 -2 0 2 -1 1 -2 0 2 -1 1 -2 0 2 602 1 -2 0 2 -1 1 -2 0 2 -1 1 -2 0 2 -1 1 -2 0 2 -1 1 -2 0 2 -1 1 -2 0 2 -1 1 -2 0 2 -1 1 -2 0 2 -1 1 -2 0 2 -1 1 -2 0 2 -1 1 -2 0 2 -1 1 -2 0 2 -1 1 -2 0 2 -1 1 -2 0 2 -1 1 -2 0 2 -1 1 -2 0 2 -1 1 -2 0 2 -1 1 -2 0 2 -1 1 -2 0 2 -1 1 -2 0 2 -1 1 -2 0 2 -1 1 -2 0 2 -1 1 -2 0 2 -1 1 -2 0 2 -1 1 -2 0 2 -1 1 -2 0 2 -1 1 -2 0 2 -1 1 -2 0 2 -1 1 -2 0 2 -1 1 -2 0 2 -1 1 -2 0 2 -1 1 -2 0 2 -1 1 -2 0 2 -1 1 -2 0 2 -1 1 -2 0 2 -1 1 -2 0 2 -1 1 -2 0 2 -1 1 -2 0 2 -1 1 -2 0 2 -1 1 -2 0 2 -1 1 -2 0 2 -1 1 -2 0 2 -1 1 -2 0 2 -1 1 -2 0 2 -1 1 -2 0 2 -1 1 -2 0 2 -1 1 -2 0 2 -1 1 -2 0 2 -1 1 -2 0 2 -1 1 -2 0 2 -1 1 -2 0 2 -1 1 -2 0 2 -1 1 -2 0 2 -1 1 -2 0 2 -1 1 -2 0 2 -1 1 -2 0 2 -1 1 -2 0 2 -1 1 -2 0 2 -1 1 -2 0 2 -1 1 -2 0 2 -1 1 -2 0 2 -1 1 -2 0 2 -1 1 -2 0 2 -1 1 -2 0 2 -1
-2 1 -1 2 0 -2 1 -1 2 0 -2 1 -1 2 0 -2 1 -1 2 0 -2 1 -1 2 0 -2 1 -1 2 0 -2 1 -1 2 0 -2 1 -1 2 0 -2 1 -1 2 0 -2 1 -1 2 0 -2 1 -1 2 0 -2 1 -1 2 0 -2 1 -1 2 0 -2 1 -1 2 0 -2 1 -1 2 0 -2 1 -1 2 0 -2 1 -1 2 0 -2 1 -1 2 0 -2 1 -1 2 0 -2 1 -1 2 0 -2 1 -1 2 0 -2 1 -1 2 0 -2 1 -1 2 0 -2 1 -1 2 0 -2 1 -1 2 0 -2 1 -1 2 0 -2 1 -1 2 0 -2 1 -1 2 0 -2 1 -1 2 0 -2 1 -1 2 0 -2 1 -1 2 0 -2 1 -1 2 0 -2 1 -1 2 0 -2 1 -1 2 0 -2 1 -1 2 0 -2 1 -1 2 0 601 1 -1 2 0 -2 1 -1 2 0 -2 1 -1 2 0 -2 1 -1 2 0 -2 1 -1 2 0 -2 1 -1 2 0 -2 1 -1 2 0 -2 1 -1 2 0 -2 1 -1 2 0 -2 1 -1 2 0 -2 1 -1 2 0 -2 1 -1 2 0 -2 1 -1 2 0 -2 1 -1 2 0 -2 1 -1 2 0 -2 1 -1 2 0 -2 1 -1 2 0 -2 1 -1 2 0 -2 1 -1 2 0 -2 1 -1 2 0 -2 1 -1 2 0 -2 1 -1 2 0 -2 1 -1 2 0 -2 1 -1 2 0 -2 1 -1 2 0 -2 1 -1 2 0 -2 1 -1 2 0 -2 1 -1 2 0 -2 1 -1 2 0 -2 1 -1 2 0 -2 1 -1 2 0 -2 1 -1 2 0 -2 1 -1 2 0 -2 1 -1 2 0 -2 1 -1 2 0 -2 1 -1 2 0 -2 1 -1 2 0 -2 1 -1 2 0 -2 1 -1 2 0 -2 1 -1 2 0 -2 1 -1 2 0 -2 1 -1 2 0 -2 1 -1 2 0 -2 1 -1 2 0 -2 1 -1 2 0 -2 1 -1 2 0 -2 1 -1 2 0 -2 1 -1 2 0 -2 1 -1 2 0 -2 1 -1 2 0 -2 1 -1 2 0 -2 1 -1 2 0 -2 1 -1 2 0 -2 1 -1 2 0 -2 1 -1 2 0 -2 1 -1 2 0 -2 1 -1 2 0 -2 1 -1 2 0 -2 1 -1 2 0 -2 1 -1 2 0 -2 1 -1 2 0 -2 1 -1 2 0 -2 1 -1 2 0 -2 1 -1 2 0
0 -1 -2 2 1 0 -1 -2 2 1 0 -1 -2 2 1 0 -1 -2 2 1 0 -1 -2 2 1 0 -1 -2 2 1 0 -1 -2 2 1 0 -1 -2 2 1 0 -1 -2 2 1 0 -1 -2 2 1 0 -1 -2 2 1 0 -1 -2 2 1 0 -1 -2 2 1 0 -1 -2 2 1 0 -1 -2 2 1 0 -1 -2 2 1 0 -1 -2 2 1 0 -1 -2 2 1 0 -1 -2 2 1 0 -1 -2 2 1 0 -1 -2 2 1 0 -1 -2 2 1 0 -1 -2 2 1 0 -1 -2 2 1 0 -1 -2 2 1 0 -1 -2 2 1 0 -1 -2 2 1 0 -1 -2 2 1 0 -1 -2 2 1 0 -1 -2 2 1 0 -1 -2 2 1 0 -1 -2 2 1 0 -1 -2 2 1 0 -1 -2 2 1 0 -1 -2 2 1 0 -1 -2 2 1 0 602 -2 2 1 0 -1 -2 2 1 0 -1 -2 2 1 0 -1 -2 2 1 0 -1 -2 2 1 0 -1 -2 2 1 0 -1 -2 2 1 0 -1 -2 2 1 0 -1 -2 2 1 0 -1 -2 2 1 0 -1 -2 2 1 0 -1 -2 2 1 0 -1 -2 2 1 0 -1 -2 2 1 0 -1 -2 2 1 0 -1 -2 2 1 0 -1 -2 2 1 0 -1 -2 2 1 0 -1 -2 2 1 0 -1 -2 2 1 0 -1 -2 2 1 0 -1 -2 2 1 0 -1 -2 2 1 0 -1 -2 2 1 0 -1 -2 2 1 0 -1 -2 2 1 0 -1 -2 2 1 0 -1 -2 2 1 0 -1 -2 2 1 0 -1 -2 2 1 0 -1 -2 2 1 0 -1 -2 2 1 0 -1 -2 2 1 0 -1 -2 2 1 0 -1 -2 2 1 0 -1 -2 2 1 0 -1 -2 2 1 0 -1 -2 2 1 0 -1 -2 2 1 0 -1 -2 2 1 0 -1 -2 2 1 0 -1 -2 2 1 0 -1 -2 2 1 0 -1 -2 2 1 0 -1 -2 2 1 0 -1 -2 2 1 0 -1 -2 2 1 0 -1 -2 2 1 0 -1 -2 2 1 0 -1 -2 2 1 0 -1 -2 2 1 0 -1 -2 2 1 0 -1 -2 2 1 0 -1 -2 2 1 0 -1 -2 2 1 0 -1 -2 2 1 0 -1 -2 2 1 0 -1 -2 2 1 0 -1 -2 2 1 0 -1 -2 2 1 0 -1 -2 2 1 0 -1 -2 2 1 0 -1 -2 2 1 0 -1 -2 2 1
2 2 2 2 2 2 2 2 2 2 2 2 2 2 2 2 2 2 2 2 2 2 2 2 2 2 2 2 2 2 2 2 2 2 2 2 2 2 2 2 2 2 2 2 2 2 2 2 2 2 2 2 2 2 2 2 2 2 2 2 2 2 2 2 2 2 2 2 2 2 2 2 2 2 2 2 2 2 2 2 2 2 2 2 2 2 2 2 2 2 2 2 2 2 2 2 2 2 2 2 2 2 2 2 2 2 2 2 2 2 2 2 2 2 2 2 2 2 2 2 2 2 2 2 2 2 2 2 2 2 2 2 2 2 2 2 2 2 2 2 2 2 2 2 2 2 2 2 2 2 2 2 2 2 2 2 2 2 2 2 2 2 2 2 2 2 2 2 2 2 2 2 2 2 2 2 2 2 2 2 2 2 1001 2 2 2 2 2 2 2 2 2 2 2 2 2 2 2 2 2 2 2 2 2 2 2 2 2 2 2 2 2 2 2 2 2 2 2 2 2 2 2 2 2 2 2 2 2 2 2 2 2 2 2 2 2 2 2 2 2 2 2 2 2 2 2 2 2 2 2 2 2 2 2 2 2 2 2 2 2 2 2 2 2 2 2 2 2 2 2 2 2 2 2 2 2 2 2 2 2 2 2 2 2 2 2 2 2 2 2 2 2 2 2 2 2 2 2 2 2 2 2 2 2 2 2 2 2 2 2 2 2 2 2 2 2 2 2 2 2 2 2 2 2 2 2 2 2 2 2 2 2 2 2 2 2 2 2 2 2 2 2 2 2 2 2 2 2 2 2 2 2 2 2 2 2 2 2 2 2 2 2 2 2 2 2 2 2 2 2 2 2 2 2 2 2 2 2 2 2 2 2 2 2 2 2 2 2 2 2 2 2 2 2 2 2 2 2 2 2 2 2 2 2 2 2 2 2 2 2 2 2 2 2 2 2 2 2 2 2 2 2 2 2 2 2 2 2 2 2 2 2 2 2 2 2 2 2 2 2 2 2 2 2 2 2 2 2 2 2 2 2 2 2 2 2 2 2 2 2 2 2 2 2 2 2 2 2 2 2 2 2 2 2 2 2 2 2 2 2 2 2 2 2 2 2 2 2 2 2 2 2 2 2 2 2 2 2 2 2
-1 0 1 2 -2 -1 0 1 2 -2 -1 0 1 2 -2 -1 0 1 2 -2 -1 0 1 2 -2 -1 0 1 2 -2 -1 0 1 2 -2 -1 0 1 2 -2 -1 0 1 2 -2 -1 0 1 2 -2 -1 0 1 2 -2 -1 0 1 2 -2 -1 0 1 2 -2 -1 0 1 2 -2 -1 0 1 2 -2 -1 0 1 2 -2 -1 0 1 2 -2 -1 0 1 2 -2 -1 0 1 2 -2 -1 0 1 2 -2 -1 0 1 2 -2 -1 0 1 2 -2 -1 0 1 2 -2 -1 0 1 2 -2 -1 0 1 2 -2 -1 0 1 2 -2 -1 0 1 2 -2 -1 0 1 2 -2 -1 0 1 2 -2 -1 0 1 2 -2 -1 0 1 2 -2 -1 0 1 2 -2 -1 0 1 2 -2 -1 0 1 2 -2 -1 0 1 2 -2 -1 0 1 2 -2 -1 0 1 601 -2 -1 0 1 2 -2 -1 0 1 2 -2 -1 0 1 2 -2 -1 0 1 2 -2 -1 0 1 2 -2 -1 0 1 2 -2 -1 0 1 2 -2 -1 0 1 2 -2 -1 0 1 2 -2 -1 0 1 2 -2 -1 0 1 2 -2 -1 0 1 2 -2 -1 0 1 2 -2 -1 0 1 2 -2 -1 0 1 2 -2 -1 0 1 2 -2 -1 0 1 2 -2 -1 0 1 2 -2 -1 0 1 2 -2 -1 0 1 2 -2 -1 0 1 2 -2 -1 0 1 2 -2 -1 0 1 2 -2 -1 0 1 2 -2 -1 0 1 2 -2 -1 0 1 2 -2 -1 0 1 2 -2 -1 0 1 2 -2 -1 0 1 2 -2 -1 0 1 2 -2 -1 0 1 2 -2 -1 0 1 2 -2 -1 0 1 2 -2 -1 0 1 2 -2 -1 0 1 2 -2 -1 0 1 2 -2 -1 0 1 2 -2 -1 0 1 2 -2 -1 0 1 2 -2 -1 0 1 2 -2 -1 0 1 2 -2 -1 0 1 2 -2 -1 0 1 2 -2 -1 0 1 2 -2 -1 0 1 2 -2 -1 0 1 2 -2 -1 0 1 2 -2 -1 0 1 2 -2 -1 0 1 2 -2 -1 0 1 2 -2 -1 0 1 2 -2 -1 0 1 2 -2 -1 0 1 2 -2 -1 0 1 2 -2 -1 0 1 2 -2 -1 0 1 2 -2 -1 0 1 2 -2 -1 0 1 2 -2 -1 0 1 2 -2 -1 0 1 2 -2 -1 0 1 2 -2 -1 0 1 2 -2 -1 0 1 2 -2
1 -2 0 2 -1 1 -2 0 2 -1 1 -2 0 2 -1 1 -2 0 2 -1 1 -2 0 2 -1 1 -2 0 2 -1 1 -2 0 2 -1 1 -2 0 2 -1 1 -2 0 2 -1 1 -2 0 2 -1 1 -2 0 2 -1 1 -2 0 2 -1 1 -2 0 2 -1 1 -2 0 2 -1 1 -2 0 2 -1 1 -2 0 2 -1 1 -2 0 2 -1 1 -2 0 2 -1 1 -2 0 2 -1 1 -2 0 2 -1 1 -2 0 2 -1 1 -2 0 2 -1 1 -2 0 2 -1 1 -2 0 2 -1 1 -2 0 2 -1 1 -2 0 2 -1 1 -2 0 2 -1 1 -2 0 2 -1 1 -2 0 2 -1 1 -2 0 2 -1 1 -2 0 2 -1 1 -2 0 2 -1 1 -2 0 2 -1 1 -2 0 2 -1 1 -2 0 2 -1 1 -2 0 2 -1 1 -2 0 2 602 1 -2 0 2 -1 1 -2 0 2 -1 1 -2 0 2 -1 1 -2 0 2 -1 1 -2 0 2 -1 1 -2 0 2 -1 1 -2 0 2 -1 1 -2 0 2 -1 1 -2 0 2 -1 1 -2 0 2 -1 1 -2 0 2 -1 1 -2 0 2 -1 1 -2 0 2 -1 1 -2 0 2 -1 1 -2 0 2 -1 1 -2 0 2 -1 1 -2 0 2 -1 1 -2 0 2 -1 1 -2 0 2 -1 1 -2 0 2 -1 1 -2 0 2 -1 1 -2 0 2 -1 1 -2 0 2 -1 1 -2 0 2 -1 1 -2 0 2 -1 1 -2 0 2 -1 1 -2 0 2 -1 1 -2 0 2 -1 1 -2 0 2 -1 1 -2 0 2 -1 1 -2 0 2 -1 1 -2 0 2 -1 1 -2 0 2 -1 1 -2 0 2 -1 1 -2 0 2 -1 1 -2 0 2 -1 1 -2 0 2 -1 1 -2 0 2 -1 1 -2 0 2 -1 1 -2 0 2 -1 1 -2 0 2 -1 1 -2 0 2 -1 1 -2 0 2 -1 1 -2 0 2 -1 1 -2 0 2 -1 1 -2 0 2 -1 1 -2 0 2 -1 1 -2 0 2 -1 1 -2 0 2 -1 1 -2 0 2 -1 1 -2 0 2 -1 1 -2 0 2 -1 1 -2 0 2 -1 1 -2 0 2 -1 1 -2 0 2 -1 1 -2 0 2 -1 1 -2 0 2 -1 1 -2 0 2 -1 1 -2 0 2 -1 1 -2 0 2 -1 1 -2 0 2 -1 1 -2 0 2 -1 1 -2 0 2 -1
-2 1 -1 2 0 -2 1 -1 2 0 -2 1 -1 2 0 -2 1 -1 2 0 -2 1 -1 2 0 -2 1 -1 2 0 -2 1 -1 2 0 -2 1 -1 2 0 -2 1 -1 2 0 -2 1 -1 2 0 -2 1 -1 2 0 -2 1 -1 2 0 -2 1 -1 2 0 -2 1 -1 2 0 -2 1 -1 2 0 -2 1 -1 2 0 -2 1 -1 2 0 -2 1 -1 2 0 -2 1 -1 2 0 -2 1 -1 2 0 -2 1 -1 2 0 -2 1 -1 2 0 -2 1 -1 2 0 -2 1 -1 2 0 -2 1 -1 2 0 -2 1 -1 2 0 -2 1 -1 2 0 -2 1 -1 2 0 -2 1 -1 2 0 -2 1 -1 2 0 -2 1 -1 2 0 -2 1 -1 2 0 -2 1 -1 2 0 -2 1 -1 2 0 -2 1 -1 2 0 -2 1 -1 2 0 -2 1 -1 2 0 601 1 -1 2 0 -2 1 -1 2 0 -2 1 -1 2 0 -2 1 -1 2 0 -2 1 -1 2 0 -2 1 -1 2 0 -2 1 -1 2 0 -2 1 -1 2 0 -2 1 -1 2 0 -2 1 -1 2 0 -2 1 -1 2 0 -2 1 -1 2 0 -2 1 -1 2 0 -2 1 -1 2 0 -2 1 -1 2 0 -2 1 -1 2 0 -2 1 -1 2 0 -2 1 -1 2 0 -2 1 -1 2 0 -2 1 -1 2 0 -2 1 -1 2 0 -2 1 -1 2 0 -2 1 -1 2 0 -2 1 -1 2 0 -2 1 -1 2 0 -2 1 -1 2 0 -2 1 -1 2 0 -2 1 -1 2 0 -2 1 -1 2 0 -2 1 -1 2 0 -2 1 -1 2 0 -2 1 -1 2 0 -2 1 -1 2 0 -2 1 -1 2 0 -2 1 -1 2 0 -2 1 -1 2 0 -2 1 -1 2 0 -2 1 -1 2 0 -2 1 -1 2 0 -2 1 -1 2 0 -2 1 -1 2 0 -2 1 -1 2 0 -2 1 -1 2 0 -2 1 -1 2 0 -2 1 -1 2 0 -2 1 -1 2 0 -2 1 -1 2 0 -2 1 -1 2 0 -2 1 -1 2 0 -2 1 -1 2 0 -2 1 -1 2 0 -2 1 -1 2 0 -2 1 -1 2 0 -2 1 -1 2 0 -2 1 -1 2 0 -2 1 -1 2 0 -2 1 -1 2 0 -2 1 -1 2 0 -2 1 -1 2 0 -2 1 -1 2 0 -2 1 -1 2 0 -2 1 -1 2 0 -2 1 -1 2 0
0 -1 -2 2 1 0 -1 -2 2 1 0 -1 -2 2 1 0 -1 -2 2 1 0 -1 -2 2 1 0 -1 -2 2 1 0 -1 -2 2 1 0 -1 -2 2 1 0 -1 -2 2 1 0 -1 -2 2 1 0 -1 -2 2 1 0 -1 -2 2 1 0 -1 -2 2 1 0 -1 -2 2 1 0 -1 -2 2 1 0 -1 -2 2 1 0 -1 -2 2 1 0 -1 -2 2 1 0 -1 -2 2 1 0 -1 -2 2 1 0 -1 -2 2 1 0 -1 -2 2 1 0 -1 -2 2 1 0 -1 -2 2 1 0 -1 -2 2 1 0 -1 -2 2 1 0 -1 -2 2 1 0 -1 -2 2 1 0 -1 -2 2 1 0 -1 -2 2 1 0 -1 -2 2 1 0 -1 -2 2 1 0 -1 -2 2 1 0 -1 -2 2 1 0 -1 -2 2 1 0 -1 -2 2 1 0 -1 -2 2 1 0 602 -2 2 1 0 -1 -2 2 1 0 -1 -2 2 1 0 -1 -2 2 1 0 -1 -2 2 1 0 -1 -2 2 1 0 -1 -2 2 1 0 -1 -2 2 1 0 -1 -2 2 1 0 -1 -2 2 1 0 -1 -2 2 1 0 -1 -2 2 1 0 -1 -2 2 1 0 -1 -2 2 1 0 -1 -2 2 1 0 -1 -2 2 1 0 -1 -2 2 1 0 -1 -2 2 1 0 -1 -2 2 1 0 -1 -2 2 1 0 -1 -2 2 1 0 -1 -2 2 1 0 -1 -2 2 1 0 -1 -2 2 1 0 -1 -2 2 1 0 -1 -2 2 1 0 -1 -2 2 1 0 -1 -2 2 1 0 -1 -2 2 1 0 -1 -2 2 1 0 -1 -2 2 1 0 -1 -2 2 1 0 -1 -2 2 1 0 -1 -2 2 1 0 -1 -2 2 1 0 -1 -2 2 1 0 -1 -2 2 1 0 -1 -2 2 1 0 -1 -2 2 1 0 -1 -2 2 1 0 -1 -2 2 1 0 -1 -2 2 1 0 -1 -2 2 1 0 -1 -2 2 1 0 -1 -2 2 1 0 -1 -2 2 1 0 -1 -2 2 1 0 -1 -2 2 1 0 -1 -2 2 1 0 -1 -2 2 1 0 -1 -2 2 1 0 -1 -2 2 1 0 -1 -2 2 1 0 -1 -2 2 1 0 -1 -2 2 1 0 -1 -2 2 1 0 -1 -2 2 1 0 -1 -2 2 1 0 -1 -2 2 1 0 -1 -2 2 1 0 -1 -2 2 1 0 -1 -2 2 1 0 -1 -2 2 1
2 2 2 2 2 2 2 2 2 2 2 2 2 2 2 2 2 2 2 2 2 2 2 2 2 2 2 2 2 2 2 2 2 2 2 2 2 2 2 2 2 2 2 2 2 2 2 2 2 2 2 2 2 2 2 2 2 2 2 2 2 2 2 2 2 2 2 2 2 2 2 2 2 2 2 2 2 2 2 2 2 2 2 2 2 2 2 2 2 2 2 2 2 2 2 2 2 2 2 2 2 2 2 2 2 2 2 2 2 2 2 2 2 2 2 2 2 2 2 2 2 2 2 2 2 2 2 2 2 2 2 2 2 2 2 2 2 2 2 2 2 2 2 2 2 2 2 2 2 2 2 2 2 2 2 2 2 2 2 2 2 2 2 2 2 2 2 2 2 2 2 2 2 2 2 2 2 2 2 2 2 2 2 2 2 2 2 1001 2 2 2 2 2 2 2 2 2 2 2 2 2 2 2 2 2 2 2 2 2 2 2 2 2 2 2 2 2 2 2 2 2 2 2 2 2 2 2 2 2 2 2 2 2 2 2 2 2 2 2 2 2 2 2 2 2 2 2 2 2 2 2 2 2 2 2 2 2 2 2 2 2 2 2 2 2 2 2 2 2 2 2 2 2 2 2 2 2 2 2 2 2 2 2 2 2 2 2 2 2 2 2 2 2 2 2 2 2 2 2 2 2 2 2 2 2 2 2 2 2 2 2 2 2 2 2 2 2 2 2 2 2 2 2 2 2 2 2 2 2 2 2 2 2 2 2 2 2 2 2 2 2 2 2 2 2 2 2 2 2 2 2 2 2 2 2 2 2 2 2 2 2 2 2 2 2 2 2 2 2 2 2 2 2 2 2 2 2 2 2 2 2 2 2 2 2 2 2 2 2 2 2 2 2 2 2 2 2 2 2 2 2 2 2 2 2 2 2 2 2 2 2 2 2 2 2 2 2 2 2 2 2 2 2 2 2 2 2 2 2 2 2 2 2 2 2 2 2 2 2 2 2 2 2 2 2 2 2 2 2 2 2 2 2 2 2 2 2 2 2 2 2 2 2 2 2 2 2 2 2 2 2 2 2 2 2 2 2 2 2 2 2 2 2 2 2 2 2 2 2 2 2 2 2 2 2 2 2 2 2 2
-1 0 1 2 -2 -1 0 1 2 -2 -1 0 1 2 -2 -1 0 1 2 -2 -1 0 1 2 -2 -1 0 1 2 -2 -1 0 1 2 -2 -1 0 1 2 -2 -1 0 1 2 -2 -1 0 1 2 -2 -1 0 1 2 -2 -1 0 1 2 -2 -1 0 1 2 -2 -1 0 1 2 -2 -1 0 1 2 -2 -1 0 1 2 -2 -1 0 1 2 -2 -1 0 1 2 -2 -1 0 1 2 -2 -1 0 1 2 -2 -1 0 1 2 -2 -1 0 1 2 -2 -1 0 1 2 -2 -1 0 1 2 -2 -1 0 1 2 -2 -1 0 1 2 -2 -1 0 1 2 -2 -1 0 1 2 -2 -1 0 1 2 -2 -1 0 1 2 -2 -1 0 1 2 -2 -1 0 1 2 -2 -1 0 1 2 -2 -1 0 1 2 -2 -1 0 1 2 -2 -1 0 1 2 -2 -1 0 1 2 -2 -1 0 1 601 -2 -1 0 1 2 -2 -1 0 1 2 -2 -1 0 1 2 -2 -1 0 1 2 -2 -1 0 1 2 -2 -1 0 1 2 -2 -1 0 1 2 -2 -1 0 1 2 -2 -1 0 1 2 -2 -1 0 1 2 -2 -1 0 1 2 -2 -1 0 1 2 -2 -1 0 1 2 -2 -1 0 1 2 -2 -1 0 1 2 -2 -1 0 1 2 -2 -1 0 1 2 -2 -1 0 1 2 -2 -1 0 1 2 -2 -1 0 1 2 -2 -1 0 1 2 -2 -1 0 1 2 -2 -1 0 1 2 -2 -1 0 1 2 -2 -1 0 1 2 -2 -1 0 1 2 -2 -1 0 1 2 -2 -1 0 1 2 -2 -1 0 1 2 -2 -1 0 1 2 -2 -1 0 1 2 -2 -1 0 1 2 -2 -1 0 1 2 -2 -1 0 1 2 -2 -1 0 1 2 -2 -1 0 1 2 -2 -1 0 1 2 -2 -1 0 1 2 -2 -1 0 1 2 -2 -1 0 1 2 -2 -1 0 1 2 -2 -1 0 1 2 -2 -1 0 1 2 -2 -1 0 1 2 -2 -1 0 1 2 -2 -1 0 1 2 -2 -1 0 1 2 -2 -1 0 1 2 -2 -1 0 1 2 -2 -1 0 1 2 -2 -1 0 1 2 -2 -1 0 1 2 -2 -1 0 1 2 -2 -1 0 1 2 -2 -1 0 1 2 -2 -1 0 1 2 -2 -1 0 1 2 -2 -1 0 1 2 -2 -1 0 1 2 -2 -1 0 1 2 -2 -1 0 1 2 -2 -1 0 1 2 -2
1 -2 0 2 -1 1 -2 0 2 -1 1 -2 0 2 -1 1 -2 0 2 -1 1 -2 0 2 -1 1 -2 0 2 -1 1 -2 0 2 -1 1 -2 0 2 -1 1 -2 0 2 -1 1 -2 0 2 -1 1 -2 0 2 -1 1 -2 0 2 -1 1 -2 0 2 -1 1 -2 0 2 -1 1 -2 0 2 -1 1 -2 0 2 -1 1 -2 0 2 -1 1 -2 0 2 -1 1 -2 0 2 -1 1 -2 0 2 -1 1 -2 0 2 -1 1 -2 0 2 -1 1 -2 0 2 -1 1 -2 0 2 -1 1 -2 0 2 -1 1 -2 0 2 -1 1 -2 0 2 -1 1 -2 0 2 -1 1 -2 0 2 -1 1 -2 0 2 -1 1 -2 0 2 -1 1 -2 0 2 -1 1 -2 0 2 -1 1 -2 0 2 -1 1 -2 0 2 -1 1 -2 0 2 -1 1 -2 0 2 -1 1 -2 0 2 602 1 -2 0 2 -1 1 -2 0 2 -1 1 -2 0 2 -1 1 -2 0 2 -1 1 -2 0 2 -1 1 -2 0 2 -1 1 -2 0 2 -1 1 -2 0 2 -1 1 -2 0 2 -1 1 -2 0 2 -1 1 -2 0 2 -1 1 -2 0 2 -1 1 -2 0 2 -1 1 -2 0 2 -1 1 -2 0 2 -1 1 -2 0 2 -1 1 -2 0 2 -1 1 -2 0 2 -1 1 -2 0 2 -1 1 -2 0 2 -1 1 -2 0 2 -1 1 -2 0 2 -1 1 -2 0 2 -1 1 -2 0 2 -1 1 -2 0 2 -1 1 -2 0 2 -1 1 -2 0 2 -1 1 -2 0 2 -1 1 -2 0 2 -1 1 -2 0 2 -1 1 -2 0 2 -1 1 -2 0 2 -1 1 -2 0 2 -1 1 -2 0 2 -1 1 -2 0 2 -1 1 -2 0 2 -1 1 -2 0 2 -1 1 -2 0 2 -1 1 -2 0 2 -1 1 -2 0 2 -1 1 -2 0 2 -1 1 -2 0 2 -1 1 -2 0 2 -1 1 -2 0 2 -1 1 -2 0 2 -1 1 -2 0 2 -1 1 -2 0 2 -1 1 -2 0 2 -1 1 -2 0 2 -1 1 -2 0 2 -1 1 -2 0 2 -1 1 -2 0 2 -1 1 -2 0 2 -1 1 -2 0 2 -1 1 -2 0 2 -1 1 -2 0 2 -1 1 -2 0 2 -1 1 -2 0 2 -1 1 -2 0 2 -1 1 -2 0 2 -1 1 -2 0 2 -1 1 -2 0 2 -1
-2 1 -1 2 0 -2 1 -1 2 0 -2 1 -1 2 0 -2 1 -1 2 0 -2 1 -1 2 0 -2 1 -1 2 0 -2 1 -1 2 0 -2 1 -1 2 0 -2 1 -1 2 0 -2 1 -1 2 0 -2 1 -1 2 0 -2 1 -1 2 0 -2 1 -1 2 0 -2 1 -1 2 0 -2 1 -1 2 0 -2 1 -1 2 0 -2 1 -1 2 0 -2 1 -1 2 0 -2 1 -1 2 0 -2 1 -1 2 0 -2 1 -1 2 0 -2 1 -1 2 0 -2 1 -1 2 0 -2 1 -1 2 0 -2 1 -1 2 0 -2 1 -1 2 0 -2 1 -1 2 0 -2 1 -1 2 0 -2 1 -1 2 0 -2 1 -1 2 0 -2 1 -1 2 0 -2 1 -1 2 0 -2 1 -1 2 0 -2 1 -1 2 0 -2 1 -1 2 0 -2 1 -1 2 0 -2 1 -1 2 0 -2 1 -1 2 0 601 1 -1 2 0 -2 1 -1 2 0 -2 1 -1 2 0 -2 1 -1 2 0 -2 1 -1 2 0 -2 1 -1 2 0 -2 1 -1 2 0 -2 1 -1 2 0 -2 1 -1 2 0 -2 1 -1 2 0 -2 1 -1 2 0 -2 1 -1 2 0 -2 1 -1 2 0 -2 1 -1 2 0 -2 1 -1 2 0 -2 1 -1 2 0 -2 1 -1 2 0 -2 1 -1 2 0 -2 1 -1 2 0 -2 1 -1 2 0 -2 1 -1 2 0 -2 1 -1 2 0 -2 1 -1 2 0 -2 1 -1 2 0 -2 1 -1 2 0 -2 1 -1 2 0 -2 1 -1 2 0 -2 1 -1 2 0 -2 1 -1 2 0 -2 1 -1 2 0 -2 1 -1 2 0 -2 1 -1 2 0 -2 1 -1 2 0 -2 1 -1 2 0 -2 1 -1 2 0 -2 1 -1 2 0 -2 1 -1 2 0 -2 1 -1 2 0 -2 1 -1 2 0 -2 1 -1 2 0 -2 1 -1 2 0 -2 1 -1 2 0 -2 1 -1 2 0 -2 1 -1 2 0 -2 1 -1 2 0 -2 1 -1 2 0 -2 1 -1 2 0 -2 1 -1 2 0 -2 1 -1 2 0 -2 1 -1 2 0 -2 1 -1 2 0 -2 1 -1 2 0 -2 1 -1 2 0 -2 1 -1 2 0 -2 1 -1 2 0 -2 1 -1 2 0 -2 1 -1 2 0 -2 1 -1 2 0 -2 1 -1 2 0 -2 1 -1 2 0 -2 1 -1 2 0 -2 1 -1 2 0
0 -1 -2 2 1 0 -1 -2 2 1 0 -1 -2 2 1 0 -1 -2 2 1 0 -1 -2 2 1 0 -1 -2 2 1 0 -1 -2 2 1 0 -1 -2 2 1 0 -1 -2 2 1 0 -1 -2 2 1 0 -1 -2 2 1 0 -1 -2 2 1 0 -1 -2 2 1 0 -1 -2 2 1 0 -1 -2 2 1 0 -1 -2 2 1 0 -1 -2 2 1 0 -1 -2 2 1 0 -1 -2 2 1 0 -1 -2 2 1 0 -1 -2 2 1 0 -1 -2 2 1 0 -1 -2 2 1 0 -1 -2 2 1 0 -1 -2 2 1 0 -1 -2 2 1 0 -1 -2 2 1 0 -1 -2 2 1 0 -1 -2 2 1 0 -1 -2 2 1 0 -1 -2 2 1 0 -1 -2 2 1 0 -1 -2 2 1 0 -1 -2 2 1 0 -1 -2 2 1 0 -1 -2 2 1 0 -1 -2 2 1 0 -1 -2 2 1 0 602 -2 2 1 0 -1 -2 2 1 0 -1 -2 2 1 0 -1 -2 2 1 0 -1 -2 2 1 0 -1 -2 2 1 0 -1 -2 2 1 0 -1 -2 2 1 0 -1 -2 2 1 0 -1 -2 2 1 0 -1 -2 2 1 0 -1 -2 2 1 0 -1 -2 2 1 0 -1 -2 2 1 0 -1 -2 2 1 0 -1 -2 2 1 0 -1 -2 2 1 0 -1 -2 2 1 0 -1 -2 2 1 0 -1 -2 2 1 0 -1 -2 2 1 0 -1 -2 2 1 0 -1 -2 2 1 0 -1 -2 2 1 0 -1 -2 2 1 0 -1 -2 2 1 0 -1 -2 2 1 0 -1 -2 2 1 0 -1 -2 2 1 0 -1 -2 2 1 0 -1 -2 2 1 0 -1 -2 2 1 0 -1 -2 2 1 0 -1 -2 2 1 0 -1 -2 2 1 0 -1 -2 2 1 0 -1 -2 2 1 0 -1 -2 2 1 0 -1 -2 2 1 0 -1 -2 2 1 0 -1 -2 2 1 0 -1 -2 2 1 0 -1 -2 2 1 0 -1 -2 2 1 0 -1 -2 2 1 0 -1 -2 2 1 0 -1 -2 2 1 0 -1 -2 2 1 0 -1 -2 2 1 0 -1 -2 2 1 0 -1 -2 2 1 0 -1 -2 2 1 0 -1 -2 2 1 0 -1 -2 2 1 0 -1 -2 2 1 0 -1 -2 2 1 0 -1 -2 2 1 0 -1 -2 2 1 0 -1 -2 2 1 0 -1 -2 2 1 0 -1 -2 2 1 0 -1 -2 2 1
2 2 2 2 2 2 2 2 2 2 2 2 2 2 2 2 2 2 2 2 2 2 2 2 2 2 2 2 2 2 2 2 2 2 2 2 2 2 2 2 2 2 2 2 2 2 2 2 2 2 2 2 2 2 2 2 2 2 2 2 2 2 2 2 2 2 2 2 2 2 2 2 2 2 2 2 2 2 2 2 2 2 2 2 2 2 2 2 2 2 2 2 2 2 2 2 2 2 2 2 2 2 2 2 2 2 2 2 2 2 2 2 2 2 2 2 2 2 2 2 2 2 2 2 2 2 2 2 2 2 2 2 2 2 2 2 2 2 2 2 2 2 2 2 2 2 2 2 2 2 2 2 2 2 2 2 2 2 2 2 2 2 2 2 2 2 2 2 2 2 2 2 2 2 2 2 2 2 2 2 2 2 2 2 2 2 2 2 2 2 2 2 1001 2 2 2 2 2 2 2 2 2 2 2 2 2 2 2 2 2 2 2 2 2 2 2 2 2 2 2 2 2 2 2 2 2 2 2 2 2 2 2 2 2 2 2 2 2 2 2 2 2 2 2 2 2 2 2 2 2 2 2 2 2 2 2 2 2 2 2 2 2 2 2 2 2 2 2 2 2 2 2 2 2 2 2 2 2 2 2 2 2 2 2 2 2 2 2 2 2 2 2 2 2 2 2 2 2 2 2 2 2 2 2 2 2 2 2 2 2 2 2 2 2 2 2 2 2 2 2 2 2 2 2 2 2 2 2 2 2 2 2 2 2 2 2 2 2 2 2 2 2 2 2 2 2 2 2 2 2 2 2 2 2 2 2 2 2 2 2 2 2 2 2 2 2 2 2 2 2 2 2 2 2 2 2 2 2 2 2 2 2 2 2 2 2 2 2 2 2 2 2 2 2 2 2 2 2 2 2 2 2 2 2 2 2 2 2 2 2 2 2 2 2 2 2 2 2 2 2 2 2 2 2 2 2 2 2 2 2 2 2 2 2 2 2 2 2 2 2 2 2 2 2 2 2 2 2 2 2 2 2 2 2 2 2 2 2 2 2 2 2 2 2 2 2 2 2 2 2 2 2 2 2 2 2 2 2 2 2 2 2 2 2 2 2 2 2 2 2 2 2 2 2 2 2 2 2 2 2
-1 0 1 2 -2 -1 0 1 2 -2 -1 0 1 2 -2 -1 0 1 2 -2 -1 0 1 2 -2 -1 0 1 2 -2 -1 0 1 2 -2 -1 0 1 2 -2 -1 0 1 2 -2 -1 0 1 2 -2 -1 0 1 2 -2 -1 0 1 2 -2 -1 0 1 2 -2 -1 0 1 2 -2 -1 0 1 2 -2 -1 0 1 2 -2 -1 0 1 2 -2 -1 0 1 2 -2 -1 0 1 2 -2 -1 0 1 2 -2 -1 0 1 2 -2 -1 0 1 2 -2 -1 0 1 2 -2 -1 0 1 2 -2 -1 0 1 2 -2 -1 0 1 2 -2 -1 0 1 2 -2 -1 0 1 2 -2 -1 0 1 2 -2 -1 0 1 2 -2 -1 0 1 2 -2 -1 0 1 2 -2 -1 0 1 2 -2 -1 0 1 2 -2 -1 0 1 2 -2 -1 0 1 2 -2 -1 0 1 2 -2 -1 0 1 2 -2 -1 0 1 601 -2 -1 0 1 2 -2 -1 0 1 2 -2 -1 0 1 2 -2 -1 0 1 2 -2 -1 0 1 2 -2 -1 0 1 2 -2 -1 0 1 2 -2 -1 0 1 2 -2 -1 0 1 2 -2 -1 0 1 2 -2 -1 0 1 2 -2 -1 0 1 2 -2 -1 0 1 2 -2 -1 0 1 2 -2 -1 0 1 2 -2 -1 0 1 2 -2 -1 0 1 2 -2 -1 0 1 2 -2 -1 0 1 2 -2 -1 0 1 2 -2 -1 0 1 2 -2 -1 0 1 2 -2 -1 0 1 2 -2 -1 0 1 2 -2 -1 0 1 2 -2 -1 0 1 2 -2 -1 0 1 2 -2 -1 0 1 2 -2 -1 0 1 2 -2 -1 0 1 2 -2 -1 0 1 2 -2 -1 0 1 2 -2 -1 0 1 2 -2 -1 0 1 2 -2 -1 0 1 2 -2 -1 0 1 2 -2 -1 0 1 2 -2 -1 0 1 2 -2 -1 0 1 2 -2 -1 0 1 2 -2 -1 0 1 2 -2 -1 0 1 2 -2 -1 0 1 2 -2 -1 0 1 2 -2 -1 0 1 2 -2 -1 0 1 2 -2 -1 0 1 2 -2 -1 0 1 2 -2 -1 0 1 2 -2 -1 0 1 2 -2 -1 0 1 2 -2 -1 0 1 2 -2 -1 0 1 2 -2 -1 0 1 2 -2 -1 0 1 2 -2 -1 0 1 2 -2 -1 0 1 2 -2 -1 0 1 2 -2 -1 0 1 2 -2 -1 0 1 2 -2 -1 0 1 2 -2
1 -2 0 2 -1 1 -2 0 2 -1 1 -2 0 2 -1 1 -2 0 2 -1 1 -2 0 2 -1 1 -2 0 2 -1 1 -2 0 2 -1 1 -2 0 2 -1 1 -2 0 2 -1 1 -2 0 2 -1 1 -2 0 2 -1 1 -2 0 2 -1 1 -2 0 2 -1 1 -2 0 2 -1 1 -2 0 2 -1 1 -2 0 2 -1 1 -2 0 2 -1 1 -2 0 2 -1 1 -2 0 2 -1 1 -2 0 2 -1 1 -2 0 2 -1 1 -2 0 2 -1 1 -2 0 2 -1 1 -2 0 2 -1 1 -2 0 2 -1 1 -2 0 2 -1 1 -2 0 2 -1 1 -2 0 2 -1 1 -2 0 2 -1 1 -2 0 2 -1 1 -2 0 2 -1 1 -2 0 2 -1 1 -2 0 2 -1 1 -2 0 2 -1 1 -2 0 2 -1 1 -2 0 2 -1 1 -2 0 2 -1 1 -2 0 2 -1 1 -2 0 2 602 1 -2 0 2 -1 1 -2 0 2 -1 1 -2 0 2 -1 1 -2 0 2 -1 1 -2 0 2 -1 1 -2 0 2 -1 1 -2 0 2 -1 1 -2 0 2 -1 1 -2 0 2 -1 1 -2 0 2 -1 1 -2 0 2 -1 1 -2 0 2 -1 1 -2 0 2 -1 1 -2 0 2 -1 1 -2 0 2 -1 1 -2 0 2 -1 1 -2 0 2 -1 1 -2 0 2 -1 1 -2 0 2 -1 1 -2 0 2 -1 1 -2 0 2 -1 1 -2 0 2 -1 1 -2 0 2 -1 1 -2 0 2 -1 1 -2 0 2 -1 1 -2 0 2 -1 1 -2 0 2 -1 1 -2 0 2 -1 1 -2 0 2 -1 1 -2 0 2 -1 1 -2 0 2 -1 1 -2 0 2 -1 1 -2 0 2 -1 1 -2 0 2 -1 1 -2 0 2 -1 1 -2 0 2 -1 1 -2 0 2 -1 1 -2 0 2 -1 1 -2 0 2 -1 1 -2 0 2 -1 1 -2 0 2 -1 1 -2 0 2 -1 1 -2 0 2 -1 1 -2 0 2 -1 1 -2 0 2 -1 1 -2 0 2 -1 1 -2 0 2 -1 1 -2 0 2 -1 1 -2 0 2 -1 1 -2 0 2 -1 1 -2 0 2 -1 1 -2 0 2 -1 1 -2 0 2 -1 1 -2 0 2 -1 1 -2 0 2 -1 1 -2 0 2 -1 1 -2 0 2 -1 1 -2 0 2 -1 1 -2 0 2 -1 1 -2 0 2 -1 1 -2 0 2 -1
-2 1 -1 2 0 -2 1 -1 2 0 -2 1 -1 2 0 -2 1 -1 2 0 -2 1 -1 2 0 -2 1 -1 2 0 -2 1 -1 2 0 -2 1 -1 2 0 -2 1 -1 2 0 -2 1 -1 2 0 -2 1 -1 2 0 -2 1 -1 2 0 -2 1 -1 2 0 -2 1 -1 2 0 -2 1 -1 2 0 -2 1 -1 2 0 -2 1 -1 2 0 -2 1 -1 2 0 -2 1 -1 2 0 -2 1 -1 2 0 -2 1 -1 2 0 -2 1 -1 2 0 -2 1 -1 2 0 -2 1 -1 2 0 -2 1 -1 2 0 -2 1 -1 2 0 -2 1 -1 2 0 -2 1 -1 2 0 -2 1 -1 2 0 -2 1 -1 2 0 -2 1 -1 2 0 -2 1 -1 2 0 -2 1 -1 2 0 -2 1 -1 2 0 -2 1 -1 2 0 -2 1 -1 2 0 -2 1 -1 2 0 -2 1 -1 2 0 -2 1 -1 2 0 601 1 -1 2 0 -2 1 -1 2 0 -2 1 -1 2 0 -2 1 -1 2 0 -2 1 -1 2 0 -2 1 -1 2 0 -2 1 -1 2 0 -2 1 -1 2 0 -2 1 -1 2 0 -2 1 -1 2 0 -2 1 -1 2 0 -2 1 -1 2 0 -2 1 -1 2 0 -2 1 -1 2 0 -2 1 -1 2 0 -2 1 -1 2 0 -2 1 -1 2 0 -2 1 -1 2 0 -2 1 -1 2 0 -2 1 -1 2 0 -2 1 -1 2 0 -2 1 -1 2 0 -2 1 -1 2 0 -2 1 -1 2 0 -2 1 -1 2 0 -2 1 -1 2 0 -2 1 -1 2 0 -2 1 -1 2 0 -2 1 -1 2 0 -2 1 -1 2 0 -2 1 -1 2 0 -2 1 -1 2 0 -2 1 -1 2 0 -2 1 -1 2 0 -2 1 -1 2 0 -2 1 -1 2 0 -2 1 -1 2 0 -2 1 -1 2 0 -2 1 -1 2 0 -2 1 -1 2 0 -2 1 -1 2 0 -2 1 -1 2 0 -2 1 -1 2 0 -2 1 -1 2 0 -2 1 -1 2 0 -2 1 -1 2 0 -2 1 -1 2 0 -2 1 -1 2 0 -2 1 -1 2 0 -2 1 -1 2 0 -2 1 -1 2 0 -2 1 -1 2 0 -2 1 -1 2 0 -2 1 -1 2 0 -2 1 -1 2 0 -2 1 -1 2 0 -2 1 -1 2 0 -2 1 -1 2 0 -2 1 -1 2 0 -2 1 -1 2 0 -2 1 -1 2 0
0 -1 -2 2 1 0 -1 -2 2 1 0 -1 -2 2 1 0 -1 -2 2 1 0 -1 -2 2 1 0 -1 -2 2 1 0 -1 -2 2 1 0 -1 -2 2 1 0 -1 -2 2 1 0 -1 -2 2 1 0 -1 -2 2 1 0 -1 -2 2 1 0 -1 -2 2 1 0 -1 -2 2 1 0 -1 -2 2 1 0 -1 -2 2 1 0 -1 -2 2 1 0 -1 -2 2 1 0 -1 -2 2 1 0 -1 -2 2 1 0 -1 -2 2 1 0 -1 -2 2 1 0 -1 -2 2 1 0 -1 -2 2 1 0 -1 -2 2 1 0 -1 -2 2 1 0 -1 -2 2 1 0 -1 -2 2 1 0 -1 -2 2 1 0 -1 -2 2 1 0 -1 -2 2 1 0 -1 -2 2 1 0 -1 -2 2 1 0 -1 -2 2 1 0 -1 -2 2 1 0 -1 -2 2 1 0 -1 -2 2 1 0 -1 -2 2 1 0 -1 -2 2 1 0 602 -2 2 1 0 -1 -2 2 1 0 -1 -2 2 1 0 -1 -2 2 1 0 -1 -2 2 1 0 -1 -2 2 1 0 -1 -2 2 1 0 -1 -2 2 1 0 -1 -2 2 1 0 -1 -2 2 1 0 -1 -2 2 1 0 -1 -2 2 1 0 -1 -2 2 1 0 -1 -2 2 1 0 -1 -2 2 1 0 -1 -2 2 1 0 -1 -2 2 1 0 -1 -2 2 1 0 -1 -2 2 1 0 -1 -2 2 1 0 -1 -2 2 1 0 -1 -2 2 1 0 -1 -2 2 1 0 -1 -2 2 1 0 -1 -2 2 1 0 -1 -2 2 1 0 -1 -2 2 1 0 -1 -2 2 1 0 -1 -2 2 1 0 -1 -2 2 1 0 -1 -2 2 1 0 -1 -2 2 1 0 -1 -2 2 1 0 -1 -2 2 1 0 -1 -2 2 1 0 -1 -2 2 1 0 -1 -2 2 1 0 -1 -2 2 1 0 -1 -2 2 1 0 -1 -2 2 1 0 -1 -2 2 1 0 -1 -2 2 1 0 -1 -2 2 1 0 -1 -2 2 1 0 -1 -2 2 1 0 -1 -2 2 1 0 -1 -2 2 1 0 -1 -2 2 1 0 -1 -2 2 1 0 -1 -2 2 1 0 -1 -2 2 1 0 -1 -2 2 1 0 -1 -2 2 1 0 -1 -2 2 1 0 -1 -2 2 1 0 -1 -2 2 1 0 -1 -2 2 1 0 -1 -2 2 1 0 -1 -2 2 1 0 -1 -2 2 1 0 -1 -2 2 1
2 2 2 2 2 2 2 2 2 2 2 2 2 2 2 2 2 2 2 2 2 2 2 2 2 2 2 2 2 2 2 2 2 2 2 2 2 2 2 2 2 2 2 2 2 2 2 2 2 2 2 2 2 2 2 2 2 2 2 2 2 2 2 2 2 2 2 2 2 2 2 2 2 2 2 2 2 2 2 2 2 2 2 2 2 2 2 2 2 2 2 2 2 2 2 2 2 2 2 2 2 2 2 2 2 2 2 2 2 2 2 2 2 2 2 2 2 2 2 2 2 2 2 2 2 2 2 2 2 2 2 2 2 2 2 2 2 2 2 2 2 2 2 2 2 2 2 2 2 2 2 2 2 2 2 2 2 2 2 2 2 2 2 2 2 2 2 2 2 2 2 2 2 2 2 2 2 2 2 2 2 2 2 2 2 2 2 2 2 2 2 2 2 2 2 2 2 1001 2 2 2 2 2 2 2 2 2 2 2 2 2 2 2 2 2 2 2 2 2 2 2 2 2 2 2 2 2 2 2 2 2 2 2 2 2 2 2 2 2 2 2 2 2 2 2 2 2 2 2 2 2 2 2 2 2 2 2 2 2 2 2 2 2 2 2 2 2 2 2 2 2 2 2 2 2 2 2 2 2 2 2 2 2 2 2 2 2 2 2 2 2 2 2 2 2 2 2 2 2 2 2 2 2 2 2 2 2 2 2 2 2 2 2 2 2 2 2 2 2 2 2 2 2 2 2 2 2 2 2 2 2 2 2 2 2 2 2 2 2 2 2 2 2 2 2 2 2 2 2 2 2 2 2 2 2 2 2 2 2 2 2 2 2 2 2 2 2 2 2 2 2 2 2 2 2 2 2 2 2 2 2 2 2 2 2 2 2 2 2 2 2 2 2 2 2 2 2 2 2 2 2 2 2 2 2 2 2 2 2 2 2 2 2 2 2 2 2 2 2 2 2 2 2 2 2 2 2 2 2 2 2 2 2 2 2 2 2 2 2 2 2 2 2 2 2 2 2 2 2 2 2 2 2 2 2 2 2 2 2 2 2 2 2 2 2 2 2 2 2 2 2 2 2 2 2 2 2 2 2 2 2 2 2 2 2 2 2 2 2 2 2 2 2 2 2 2 2 2 2 2
-1 0 1 2 -2 -1 0 1 2 -2 -1 0 1 2 -2 -1 0 1 2 -2 -1 0 1 2 -2 -1 0 1 2 -2 -1 0 1 2 -2 -1 0 1 2 -2 -1 0 1 2 -2 -1 0 1 2 -2 -1 0 1 2 -2 -1 0 1 2 -2 -1 0 1 2 -2 -1 0 1 2 -2 -1 0 1 2 -2 -1 0 1 2 -2 -1 0 1 2 -2 -1 0 1 2 -2 -1 0 1 2 -2 -1 0 1 2 -2 -1 0 1 2 -2 -1 0 1 2 -2 -1 0 1 2 -2 -1 0 1 2 -2 -1 0 1 2 -2 -1 0 1 2 -2 -1 0 1 2 -2 -1 0 1 2 -2 -1 0 1 2 -2 -1 0 1 2 -2 -1 0 1 2 -2 -1 0 1 2 -2 -1 0 1 2 -2 -1 0 1 2 -2 -1 0 1 2 -2 -1 0 1 2 -2 -1 0 1 2 -2 -1 0 1 2 -2 -1 0 1 2 -2 -1 0 1 601 -2 -1 0 1 2 -2 -1 0 1 2 -2 -1 0 1 2 -2 -1 0 1 2 -2 -1 0 1 2 -2 -1 0 1 2 -2 -1 0 1 2 -2 -1 0 1 2 -2 -1 0 1 2 -2 -1 0 1 2 -2 -1 0 1 2 -2 -1 0 1 2 -2 -1 0 1 2 -2 -1 0 1 2 -2 -1 0 1 2 -2 -1 0 1 2 -2 -1 0 1 2 -2 -1 0 1 2 -2 -1 0 1 2 -2 -1 0 1 2 -2 -1 0 1 2 -2 -1 0 1 2 -2 -1 0 1 2 -2 -1 0 1 2 -2 -1 0 1 2 -2 -1 0 1 2 -2 -1 0 1 2 -2 -1 0 1 2 -2 -1 0 1 2 -2 -1 0 1 2 -2 -1 0 1 2 -2 -1 0 1 2 -2 -1 0 1 2 -2 -1 0 1 2 -2 -1 0 1 2 -2 -1 0 1 2 -2 -1 0 1 2 -2 -1 0 1 2 -2 -1 0 1 2 -2 -1 0 1 2 -2 -1 0 1 2 -2 -1 0 1 2 -2 -1 0 1 2 -2 -1 0 1 2 -2 -1 0 1 2 -2 -1 0 1 2 -2 -1 0 1 2 -2 -1 0 1 2 -2 -1 0 1 2 -2 -1 0 1 2 -2 -1 0 1 2 -2 -1 0 1 2 -2 -1 0 1 2 -2 -1 0 1 2 -2 -1 0 1 2 -2 -1 0 1 2 -2 -1 0 1 2 -2 -1 0 1 2 -2 -1 0 1 2 -2 -1 0 1 2 -2
1 -2 0 2 -1 1 -2 0 2 -1 1 -2 0 2 -1 1 -2 0 2 -1 1 -2 0 2 -1 1 -2 0 2 -1 1 -2 0 2 -1 1 -2 0 2 -1 1 -2 0 2 -1 1 -2 0 2 -1 1 -2 0 2 -1 1 -2 0 2 -1 1 -2 0 2 -1 1 -2 0 2 -1 1 -2 0 2 -1 1 -2 0 2 -1 1 -2 0 2 -1 1 -2 0 2 -1 1 -2 0 2 -1 1 -2 0 2 -1 1 -2 0 2 -1 1 -2 0 2 -1 1 -2 0 2 -1 1 -2 0 2 -1 1 -2 0 2 -1 1 -2 0 2 -1 1 -2 0 2 -1 1 -2 0 2 -1 1 -2 0 2 -1 1 -2 0 2 -1 1 -2 0 2 -1 1 -2 0 2 -1 1 -2 0 2 -1 1 -2 0 2 -1 1 -2 0 2 -1 1 -2 0 2 -1 1 -2 0 2 -1 1 -2 0 2 -1 1 -2 0 2 -1 1 -2 0 2 602 1 -2 0 2 -1 1 -2 0 2 -1 1 -2 0 2 -1 1 -2 0 2 -1 1 -2 0 2 -1 1 -2 0 2 -1 1 -2 0 2 -1 1 -2 0 2 -1 1 -2 0 2 -1 1 -2 0 2 -1 1 -2 0 2 -1 1 -2 0 2 -1 1 -2 0 2 -1 1 -2 0 2 -1 1 -2 0 2 -1 1 -2 0 2 -1 1 -2 0 2 -1 1 -2 0 2 -1 1 -2 0 2 -1 1 -2 0 2 -1 1 -2 0 2 -1 1 -2 0 2 -1 1 -2 0 2 -1 1 -2 0 2 -1 1 -2 0 2 -1 1 -2 0 2 -1 1 -2 0 2 -1 1 -2 0 2 -1 1 -2 0 2 -1 1 -2 0 2 -1 1 -2 0 2 -1 1 -2 0 2 -1 1 -2 0 2 -1 1 -2 0 2 -1 1 -2 0 2 -1 1 -2 0 2 -1 1 -2 0 2 -1 1 -2 0 2 -1 1 -2 0 2 -1 1 -2 0 2 -1 1 -2 0 2 -1 1 -2 0 2 -1 1 -2 0 2 -1 1 -2 0 2 -1 1 -2 0 2 -1 1 -2 0 2 -1 1 -2 0 2 -1 1 -2 0 2 -1 1 -2 0 2 -1 1 -2 0 2 -1 1 -2 0 2 -1 1 -2 0 2 -1 1 -2 0 2 -1 1 -2 0 2 -1 1 -2 0 2 -1 1 -2 0 2 -1 1 -2 0 2 -1 1 -2 0 2 -1 1 -2 0 2 -1 1 -2 0 2 -1
-2 1 -1 2 0 -2 1 -1 2 0 -2 1 -1 2 0 -2 1 -1 2 0 -2 1 -1 2 0 -2 1 -1 2 0 -2 1 -1 2 0 -2 1 -1 2 0 -2 1 -1 2 0 -2 1 -1 2 0 -2 1 -1 2 0 -2 1 -1 2 0 -2 1 -1 2 0 -2 1 -1 2 0 -2 1 -1 2 0 -2 1 -1 2 0 -2 1 -1 2 0 -2 1 -1 2 0 -2 1 -1 2 0 -2 1 -1 2 0 -2 1 -1 2 0 -2 1 -1 2 0 -2 1 -1 2 0 -2 1 -1 2 0 -2 1 -1 2 0 -2 1 -1 2 0 -2 1 -1 2 0 -2 1 -1 2 0 -2 1 -1 2 0 -2 1 -1 2 0 -2 1 -1 2 0 -2 1 -1 2 0 -2 1 -1 2 0 -2 1 -1 2 0 -2 1 -1 2 0 -2 1 -1 2 0 -2 1 -1 2 0 -2 1 -1 2 0 -2 1 -1 2 0 -2 1 -1 2 0 601 1 -1 2 0 -2 1 -1 2 0 -2 1 -1 2 0 -2 1 -1 2 0 -2 1 -1 2 0 -2 1 -1 2 0 -2 1 -1 2 0 -2 1 -1 2 0 -2 1 -1 2 0 -2 1 -1 2 0 -2 1 -1 2 0 -2 1 -1 2 0 -2 1 -1 2 0 -2 1 -1 2 0 -2 1 -1 2 0 -2 1 -1 2 0 -2 1 -1 2 0 -2 1 -1 2 0 -2 1 -1 2 0 -2 1 -1 2 0 -2 1 -1 2 0 -2 1 -1 2 0 -2 1 -1 2 0 -2 1 -1 2 0 -2 1 -1 2 0 -2 1 -1 2 0 -2 1 -1 2 0 -2 1 -1 2 0 -2 1 -1 2 0 -2 1 -1 2 0 -2 1 -1 2 0 -2 1 -1 2 0 -2 1 -1 2 0 -2 1 -1 2 0 -2 1 -1 2 0 -2 1 -1 2 0 -2 1 -1 2 0 -2 1 -1 2 0 -2 1 -1 2 0 -2 1 -1 2 0 -2 1 -1 2 0 -2 1 -1 2 0 -2 1 -1 2 0 -2 1 -1 2 0 -2 1 -1 2 0 -2 1 -1 2 0 -2 1 -1 2 0 -2 1 -1 2 0 -2 1 -1 2 0 -2 1 -1 2 0 -2 1 -1 2 0 -2 1 -1 2 0 -2 1 -1 2 0 -2 1 -1 2 0 -2 1 -1 2 0 -2 1 -1 2 0 -2 1 -1 2 0 -2 1 -1 2 0 -2 1 -1 2 0 -2 1 -1 2 0
0 -1 -2 2 1 0 -1 -2 2 1 0 -1 -2 2 1 0 -1 -2 2 1 0 -1 -2 2 1 0 -1 -2 2 1 0 -1 -2 2 1 0 -1 -2 2 1 0 -1 -2 2 1 0 -1 -2 2 1 0 -1 -2 2 1 0 -1 -2 2 1 0 -1 -2 2 1 0 -1 -2 2 1 0 -1 -2 2 1 0 -1 -2 2 1 0 -1 -2 2 1 0 -1 -2 2 1 0 -1 -2 2 1 0 -1 -2 2 1 0 -1 -2 2 1 0 -1 -2 2 1 0 -1 -2 2 1 0 -1 -2 2 1 0 -1 -2 2 1 0 -1 -2 2 1 0 -1 -2 2 1 0 -1 -2 2 1 0 -1 -2 2 1 0 -1 -2 2 1 0 -1 -2 2 1 0 -1 -2 2 1 0 -1 -2 2 1 0 -1 -2 2 1 0 -1 -2 2 1 0 -1 -2 2 1 0 -1 -2 2 1 0 -1 -2 2 1 0 -1 -2 2 1 0 -1 -2 2 1 0 602 -2 2 1 0 -1 -2 2 1 0 -1 -2 2 1 0 -1 -2 2 1 0 -1 -2 2 1 0 -1 -2 2 1 0 -1 -2 2 1 0 -1 -2 2 1 0 -1 -2 2 1 0 -1 -2 2 1 0 -1 -2 2 1 0 -1 -2 2 1 0 -1 -2 2 1 0 -1 -2 2 1 0 -1 -2 2 1 0 -1 -2 2 1 0 -1 -2 2 1 0 -1 -2 2 1 0 -1 -2 2 1 0 -1 -2 2 1 0 -1 -2 2 1 0 -1 -2 2 1 0 -1 -2 2 1 0 -1 -2 2 1 0 -1 -2 2 1 0 -1 -2 2 1 0 -1 -2 2 1 0 -1 -2 2 1 0 -1 -2 2 1 0 -1 -2 2 1 0 -1 -2 2 1 0 -1 -2 2 1 0 -1 -2 2 1 0 -1 -2 2 1 0 -1 -2 2 1 0 -1 -2 2 1 0 -1 -2 2 1 0 -1 -2 2 1 0 -1 -2 2 1 0 -1 -2 2 1 0 -1 -2 2 1 0 -1 -2 2 1 0 -1 -2 2 1 0 -1 -2 2 1 0 -1 -2 2 1 0 -1 -2 2 1 0 -1 -2 2 1 0 -1 -2 2 1 0 -1 -2 2 1 0 -1 -2 2 1 0 -1 -2 2 1 0 -1 -2 2 1 0 -1 -2 2 1 0 -1 -2 2 1 0 -1 -2 2 1 0 -1 -2 2 1 0 -1 -2 2 1 0 -1 -2 2 1 0 -1 -2 2 1 0 -1 -2 2 1
2 2 2 2 2 2 2 2 2 2 2 2 2 2 2 2 2 2 2 2 2 2 2 2 2 2 2 2 2 2 2 2 2 2 2 2 2 2 2 2 2 2 2 2 2 2 2 2 2 2 2 2 2 2 2 2 2 2 2 2 2 2 2 2 2 2 2 2 2 2 2 2 2 2 2 2 2 2 2 2 2 2 2 2 2 2 2 2 2 2 2 2 2 2 2 2 2 2 2 2 2 2 2 2 2 2 2 2 2 2 2 2 2 2 2 2 2 2 2 2 2 2 2 2 2 2 2 2 2 2 2 2 2 2 2 2 2 2 2 2 2 2 2 2 2 2 2 2 2 2 2 2 2 2 2 2 2 2 2 2 2 2 2 2 2 2 2 2 2 2 2 2 2 2 2 2 2 2 2 2 2 2 2 2 2 2 2 2 2 2 2 2 2 2 2 2 2 2 2 2 2 2 1001 2 2 2 2 2 2 2 2 2 2 2 2 2 2 2 2 2 2 2 2 2 2 2 2 2 2 2 2 2 2 2 2 2 2 2 2 2 2 2 2 2 2 2 2 2 2 2 2 2 2 2 2 2 2 2 2 2 2 2 2 2 2 2 2 2 2 2 2 2 2 2 2 2 2 2 2 2 2 2 2 2 2 2 2 2 2 2 2 2 2 2 2 2 2 2 2 2 2 2 2 2 2 2 2 2 2 2 2 2 2 2 2 2 2 2 2 2 2 2 2 2 2 2 2 2 2 2 2 2 2 2 2 2 2 2 2 2 2 2 2 2 2 2 2 2 2 2 2 2 2 2 2 2 2 2 2 2 2 2 2 2 2 2 2 2 2 2 2 2 2 2 2 2 2 2 2 2 2 2 2 2 2 2 2 2 2 2 2 2 2 2 2 2 2 2 2 2 2 2 2 2 2 2 2 2 2 2 2 2 2 2 2 2 2 2 2 2 2 2 2 2 2 2 2 2 2 2 2 2 2 2 2 2 2 2 2 2 2 2 2 2 2 2 2 2 2 2 2 2 2 2 2 2 2 2 2 2 2 2 2 2 2 2 2 2 2 2 2 2 2 2 2 2 2 2 2 2 2 2 2 2 2 2 2 2 2 2 2 2 2 2 2 2 2 2 2 2
-1 0 1 2 -2 -1 0 1 2 -2 -1 0 1 2 -2 -1 0 1 2 -2 -1 0 1 2 -2 -1 0 1 2 -2 -1 0 1 2 -2 -1 0 1 2 -2 -1 0 1 2 -2 -1 0 1 2 -2 -1 0 1 2 -2 -1 0 1 2 -2 -1 0 1 2 -2 -1 0 1 2 -2 -1 0 1 2 -2 -1 0 1 2 -2 -1 0 1 2 -2 -1 0 1 2 -2 -1 0 1 2 -2 -1 0 1 2 -2 -1 0 1 2 -2 -1 0 1 2 -2 -1 0 1 2 -2 -1 0 1 2 -2 -1 0 1 2 -2 -1 0 1 2 -2 -1 0 1 2 -2 -1 0 1 2 -2 -1 0 1 2 -2 -1 0 1 2 -2 -1 0 1 2 -2 -1 0 1 2 -2 -1 0 1 2 -2 -1 0 1 2 -2 -1 0 1 2 -2 -1 0 1 2 -2 -1 0 1 2 -2 -1 0 1 2 -2 -1 0 1 2 -2 -1 0 1 2 -2 -1 0 1 601 -2 -1 0 1 2 -2 -1 0 1 2 -2 -1 0 1 2 -2 -1 0 1 2 -2 -1 0 1 2 -2 -1 0 1 2 -2 -1 0 1 2 -2 -1 0 1 2 -2 -1 0 1 2 -2 -1 0 1 2 -2 -1 0 1 2 -2 -1 0 1 2 -2 -1 0 1 2 -2 -1 0 1 2 -2 -1 0 1 2 -2 -1 0 1 2 -2 -1 0 1 2 -2 -1 0 1 2 -2 -1 0 1 2 -2 -1 0 1 2 -2 -1 0 1 2 -2 -1 0 1 2 -2 -1 0 1 2 -2 -1 0 1 2 -2 -1 0 1 2 -2 -1 0 1 2 -2 -1 0 1 2 -2 -1 0 1 2 -2 -1 0 1 2 -2 -1 0 1 2 -2 -1 0 1 2 -2 -1 0 1 2 -2 -1 0 1 2 -2 -1 0 1 2 -2 -1 0 1 2 -2 -1 0 1 2 -2 -1 0 1 2 -2 -1 0 1 2 -2 -1 0 1 2 -2 -1 0 1 2 -2 -1 0 1 2 -2 -1 0 1 2 -2 -1 0 1 2 -2 -1 0 1 2 -2 -1 0 1 2 -2 -1 0 1 2 -2 -1 0 1 2 -2 -1 0 1 2 -2 -1 0 1 2 -2 -1 0 1 2 -2 -1 0 1 2 -2 -1 0 1 2 -2 -1 0 1 2 -2 -1 0 1 2 -2 -1 0 1 2 -2 -1 0 1 2 -2 -1 0 1 2 -2 -1 0 1 2 -2 -1 0 1 2 -2
1 -2 0 2 -1 1 -2 0 2 -1 1 -2 0 2 -1 1 -2 0 2 -1 1 -2 0 2 -1 1 -2 0 2 -1 1 -2 0 2 -1 1 -2 0 2 -1 1 -2 0 2 -1 1 -2 0 2 -1 1 -2 0 2 -1 1 -2 0 2 -1 1 -2 0 2 -1 1 -2 0 2 -1 1 -2 0 2 -1 1 -2 0 2 -1 1 -2 0 2 -1 1 -2 0 2 -1 1 -2 0 2 -1 1 -2 0 2 -1 1 -2 0 2 -1 1 -2 0 2 -1 1 -2 0 2 -1 1 -2 0 2 -1 1 -2 0 2 -1 1 -2 0 2 -1 1 -2 0 2 -1 1 -2 0 2 -1 1 -2 0 2 -1 1 -2 0 2 -1 1 -2 0 2 -1 1 -2 0 2 -1 1 -2 0 2 -1 1 -2 0 2 -1 1 -2 0 2 -1 1 -2 0 2 -1 1 -2 0 2 -1 1 -2 0 2 -1 1 -2 0 2 -1 1 -2 0 2 -1 1 -2 0 2 602 1 -2 0 2 -1 1 -2 0 2 -1 1 -2 0 2 -1 1 -2 0 2 -1 1 -2 0 2 -1 1 -2 0 2 -1 1 -2 0 2 -1 1 -2 0 2 -1 1 -2 0 2 -1 1 -2 0 2 -1 1 -2 0 2 -1 1 -2 0 2 -1 1 -2 0 2 -1 1 -2 0 2 -1 1 -2 0 2 -1 1 -2 0 2 -1 1 -2 0 2 -1 1 -2 0 2 -1 1 -2 0 2 -1 1 -2 0 2 -1 1 -2 0 2 -1 1 -2 0 2 -1 1 -2 0 2 -1 1 -2 0 2 -1 1 -2 0 2 -1 1 -2 0 2 -1 1 -2 0 2 -1 1 -2 0 2 -1 1 -2 0 2 -1 1 -2 0 2 -1 1 -2 0 2 -1 1 -2 0 2 -1 1 -2 0 2 -1 1 -2 0 2 -1 1 -2 0 2 -1 1 -2 0 2 -1 1 -2 0 2 -1 1 -2 0 2 -1 1 -2 0 2 -1 1 -2 0 2 -1 1 -2 0 2 -1 1 -2 0 2 -1 1 -2 0 2 -1 1 -2 0 2 -1 1 -2 0 2 -1 1 -2 0 2 -1 1 -2 0 2 -1 1 -2 0 2 -1 1 -2 0 2 -1 1 -2 0 2 -1 1 -2 0 2 -1 1 -2 0 2 -1 1 -2 0 2 -1 1 -2 0 2 -1 1 -2 0 2 -1 1 -2 0 2 -1 1 -2 0 2 -1 1 -2 0 2 -1 1 -2 0 2 -1
-2 1 -1 2 0 -2 1 -1 2 0 -2 1 -1 2 0 -2 1 -1 2 0 -2 1 -1 2 0 -2 1 -1 2 0 -2 1 -1 2 0 -2 1 -1 2 0 -2 1 -1 2 0 -2 1 -1 2 0 -2 1 -1 2 0 -2 1 -1 2 0 -2 1 -1 2 0 -2 1 -1 2 0 -2 1 -1 2 0 -2 1 -1 2 0 -2 1 -1 2 0 -2 1 -1 2 0 -2 1 -1 2 0 -2 1 -1 2 0 -2 1 -1 2 0 -2 1 -1 2 0 -2 1 -1 2 0 -2 1 -1 2 0 -2 1 -1 2 0 -2 1 -1 2 0 -2 1 -1 2 0 -2 1 -1 2 0 -2 1 -1 2 0 -2 1 -1 2 0 -2 1 -1 2 0 -2 1 -1 2 0 -2 1 -1 2 0 -2 1 -1 2 0 -2 1 -1 2 0 -2 1 -1 2 0 -2 1 -1 2 0 -2 1 -1 2 0 -2 1 -1 2 0 -2 1 -1 2 0 -2 1 -1 2 0 601 1 -1 2 0 -2 1 -1 2 0 -2 1 -1 2 0 -2 1 -1 2 0 -2 1 -1 2 0 -2 1 -1 2 0 -2 1 -1 2 0 -2 1 -1 2 0 -2 1 -1 2 0 -2 1 -1 2 0 -2 1 -1 2 0 -2 1 -1 2 0 -2 1 -1 2 0 -2 1 -1 2 0 -2 1 -1 2 0 -2 1 -1 2 0 -2 1 -1 2 0 -2 1 -1 2 0 -2 1 -1 2 0 -2 1 -1 2 0 -2 1 -1 2 0 -2 1 -1 2 0 -2 1 -1 2 0 -2 1 -1 2 0 -2 1 -1 2 0 -2 1 -1 2 0 -2 1 -1 2 0 -2 1 -1 2 0 -2 1 -1 2 0 -2 1 -1 2 0 -2 1 -1 2 0 -2 1 -1 2 0 -2 1 -1 2 0 -2 1 -1 2 0 -2 1 -1 2 0 -2 1 -1 2 0 -2 1 -1 2 0 -2 1 -1 2 0 -2 1 -1 2 0 -2 1 -1 2 0 -2 1 -1 2 0 -2 1 -1 2 0 -2 1 -1 2 0 -2 1 -1 2 0 -2 1 -1 2 0 -2 1 -1 2 0 -2 1 -1 2 0 -2 1 -1 2 0 -2 1 -1 2 0 -2 1 -1 2 0 -2 1 -1 2 0 -2 1 -1 2 0 -2 1 -1 2 0 -2 1 -1 2 0 -2 1 -1 2 0 -2 1 -1 2 0 -2 1 -1 2 0 -2 1 -1 2 0 -2 1 -1 2 0
0 -1 -2 2 1 0 -1 -2 2 1 0 -1 -2 2 1 0 -1 -2 2 1 0 -1 -2 2 1 0 -1 -2 2 1 0 -1 -2 2 1 0 -1 -2 2 1 0 -1 -2 2 1 0 -1 -2 2 1 0 -1 -2 2 1 0 -1 -2 2 1 0 -1 -2 2 1 0 -1 -2 2 1 0 -1 -2 2 1 0 -1 -2 2 1 0 -1 -2 2 1 0 -1 -2 2 1 0 -1 -2 2 1 0 -1 -2 2 1 0 -1 -2 2 1 0 -1 -2 2 1 0 -1 -2 2 1 0 -1 -2 2 1 0 -1 -2 2 1 0 -1 -2 2 1 0 -1 -2 2 1 0 -1 -2 2 1 0 -1 -2 2 1 0 -1 -2 2 1 0 -1 -2 2 1 0 -1 -2 2 1 0 -1 -2 2 1 0 -1 -2 2 1 0 -1 -2 2 1 0 -1 -2 2 1 0 -1 -2 2 1 0 -1 -2 2 1 0 -1 -2 2 1 0 -1 -2 2 1 0 -1 -2 2 1 0 602 -2 2 1 0 -1 -2 2 1 0 -1 -2 2 1 0 -1 -2 2 1 0 -1 -2 2 1 0 -1 -2 2 1 0 -1 -2 2 1 0 -1 -2 2 1 0 -1 -2 2 1 0 -1 -2 2 1 0 -1 -2 2 1 0 -1 -2 2 1 0 -1 -2 2 1 0 -1 -2 2 1 0 -1 -2 2 1 0 -1 -2 2 1 0 -1 -2 2 1 0 -1 -2 2 1 0 -1 -2 2 1 0 -1 -2 2 1 0 -1 -2 2 1 0 -1 -2 2 1 0 -1 -2 2 1 0 -1 -2 2 1 0 -1 -2 2 1 0 -1 -2 2 1 0 -1 -2 2 1 0 -1 -2 2 1 0 -1 -2 2 1 0 -1 -2 2 1 0 -1 -2 2 1 0 -1 -2 2 1 0 -1 -2 2 1 0 -1 -2 2 1 0 -1 -2 2 1 0 -1 -2 2 1 0 -1 -2 2 1 0 -1 -2 2 1 0 -1 -2 2 1 0 -1 -2 2 1 0 -1 -2 2 1 0 -1 -2 2 1 0 -1 -2 2 1 0 -1 -2 2 1 0 -1 -2 2 1 0 -1 -2 2 1 0 -1 -2 2 1 0 -1 -2 2 1 0 -1 -2 2 1 0 -1 -2 2 1 0 -1 -2 2 1 0 -1 -2 2 1 0 -1 -2 2 1 0 -1 -2 2 1 0 -1 -2 2 1 0 -1 -2 2 1 0 -1 -2 2 1 0 -1 -2 2 1 0 -1 -2 2 1
2 2 2 2 2 2 2 2 2 2 2 2 2 2 2 2 2 2 2 2 2 2 2 2 2 2 2 2 2 2 2 2 2 2 2 2 2 2 2 2 2 2 2 2 2 2 2 2 2 2 2 2 2 2 2 2 2 2 2 2 2 2 2 2 2 2 2 2 2 2 2 2 2 2 2 2 2 2 2 2 2 2 2 2 2 2 2 2 2 2 2 2 2 2 2 2 2 2 2 2 2 2 2 2 2 2 2 2 2 2 2 2 2 2 2 2 2 2 2 2 2 2 2 2 2 2 2 2 2 2 2 2 2 2 2 2 2 2 2 2 2 2 2 2 2 2 2 2 2 2 2 2 2 2 2 2 2 2 2 2 2 2 2 2 2 2 2 2 2 2 2 2 2 2 2 2 2 2 2 2 2 2 2 2 2 2 2 2 2 2 2 2 2 2 2 2 2 2 2 2 2 2 2 2 2 2 2 1001 2 2 2 2 2 2 2 2 2 2 2 2 2 2 2 2 2 2 2 2 2 2 2 2 2 2 2 2 2 2 2 2 2 2 2 2 2 2 2 2 2 2 2 2 2 2 2 2 2 2 2 2 2 2 2 2 2 2 2 2 2 2 2 2 2 2 2 2 2 2 2 2 2 2 2 2 2 2 2 2 2 2 2 2 2 2 2 2 2 2 2 2 2 2 2 2 2 2 2 2 2 2 2 2 2 2 2 2 2 2 2 2 2 2 2 2 2 2 2 2 2 2 2 2 2 2 2 2 2 2 2 2 2 2 2 2 2 2 2 2 2 2 2 2 2 2 2 2 2 2 2 2 2 2 2 2 2 2 2 2 2 2 2 2 2 2 2 2 2 2 2 2 2 2 2 2 2 2 2 2 2 2 2 2 2 2 2 2 2 2 2 2 2 2 2 2 2 2 2 2 2 2 2 2 2 2 2 2 2 2 2 2 2 2 2 2 2 2 2 2 2 2 2 2 2 2 2 2 2 2 2 2 2 2 2 2 2 2 2 2 2 2 2 2 2 2 2 2 2 2 2 2 2 2 2 2 2 2 2 2 2 2 2 2 2 2 2 2 2 2 2 2 2 2 2 2 2 2 2 2 2 2 2 2 2 2 2 2 2 2 2 2
-1 0 1 2 -2 -1 0 1 2 -2 -1 0 1 2 -2 -1 0 1 2 -2 -1 0 1 2 -2 -1 0 1 2 -2 -1 0 1 2 -2 -1 0 1 2 -2 -1 0 1 2 -2 -1 0 1 2 -2 -1 0 1 2 -2 -1 0 1 2 -2 -1 0 1 2 -2 -1 0 1 2 -2 -1 0 1 2 -2 -1 0 1 2 -2 -1 0 1 2 -2 -1 0 1 2 -2 -1 0 1 2 -2 -1 0 1 2 -2 -1 0 1 2 -2 -1 0 1 2 -2 -1 0 1 2 -2 -1 0 1 2 -2 -1 0 1 2 -2 -1 0 1 2 -2 -1 0 1 2 -2 -1 0 1 2 -2 -1 0 1 2 -2 -1 0 1 2 -2 -1 0 1 2 -2 -1 0 1 2 -2 -1 0 1 2 -2 -1 0 1 2 -2 -1 0 1 2 -2 -1 0 1 2 -2 -1 0 1 2 -2 -1 0 1 2 -2 -1 0 1 2 -2 -1 0 1 2 -2 -1 0 1 2 -2 -1 0 1 601 -2 -1 0 1 2 -2 -1 0 1 2 -2 -1 0 1 2 -2 -1 0 1 2 -2 -1 0 1 2 -2 -1 0 1 2 -2 -1 0 1 2 -2 -1 0 1 2 -2 -1 0 1 2 -2 -1 0 1 2 -2 -1 0 1 2 -2 -1 0 1 2 -2 -1 0 1 2 -2 -1 0 1 2 -2 -1 0 1 2 -2 -1 0 1 2 -2 -1 0 1 2 -2 -1 0 1 2 -2 -1 0 1 2 -2 -1 0 1 2 -2 -1 0 1 2 -2 -1 0 1 2 -2 -1 0 1 2 -2 -1 0 1 2 -2 -1 0 1 2 -2 -1 0 1 2 -2 -1 0 1 2 -2 -1 0 1 2 -2 -1 0 1 2 -2 -1 0 1 2 -2 -1 0 1 2 -2 -1 0 1 2 -2 -1 0 1 2 -2 -1 0 1 2 -2 -1 0 1 2 -2 -1 0 1 2 -2 -1 0 1 2 -2 -1 0 1 2 -2 -1 0 1 2 -2 -1 0 1 2 -2 -1 0 1 2 -2 -1 0 1 2 -2 -1 0 1 2 -2 -1 0 1 2 -2 -1 0 1 2 -2 -1 0 1 2 -2 -1 0 1 2 -2 -1 0 1 2 -2 -1 0 1 2 -2 -1 0 1 2 -2 -1 0 1 2 -2 -1 0 1 2 -2 -1 0 1 2 -2 -1 0 1 2 -2 -1 0 1 2 -2 -1 0 1 2 -2 -1 0 1 2 -2 -1 0 1 2 -2
1 -2 0 2 -1 1 -2 0 2 -1 1 -2 0 2 -1 1 -2 0 2 -1 1 -2 0 2 -1 1 -2 0 2 -1 1 -2 0 2 -1 1 -2 0 2 -1 1 -2 0 2 -1 1 -2 0 2 -1 1 -2 0 2 -1 1 -2 0 2 -1 1 -2 0 2 -1 1 -2 0 2 -1 1 -2 0 2 -1 1 -2 0 2 -1 1 -2 0 2 -1 1 -2 0 2 -1 1 -2 0 2 -1 1 -2 0 2 -1 1 -2 0 2 -1 1 -2 0 2 -1 1 -2 0 2 -1 1 -2 0 2 -1 1 -2 0 2 -1 1 -2 0 2 -1 1 -2 0 2 -1 1 -2 0 2 -1 1 -2 0 2 -1 1 -2 0 2 -1 1 -2 0 2 -1 1 -2 0 2 -1 1 -2 0 2 -1 1 -2 0 2 -1 1 -2 0 2 -1 1 -2 0 2 -1 1 -2 0 2 -1 1 -2 0 2 -1 1 -2 0 2 -1 1 -2 0 2 -1 1 -2 0 2 -1 1 -2 0 2 602 1 -2 0 2 -1 1 -2 0 2 -1 1 -2 0 2 -1 1 -2 0 2 -1 1 -2 0 2 -1 1 -2 0 2 -1 1 -2 0 2 -1 1 -2 0 2 -1 1 -2 0 2 -1 1 -2 0 2 -1 1 -2 0 2 -1 1 -2 0 2 -1 1 -2 0 2 -1 1 -2 0 2 -1 1 -2 0 2 -1 1 -2 0 2 -1 1 -2 0 2 -1 1 -2 0 2 -1 1 -2 0 2 -1 1 -2 0 2 -1 1 -2 0 2 -1 1 -2 0 2 -1 1 -2 0 2 -1 1 -2 0 2 -1 1 -2 0 2 -1 1 -2 0 2 -1 1 -2 0 2 -1 1 -2 0 2 -1 1 -2 0 2 -1 1 -2 0 2 -1 1 -2 0 2 -1 1 -2 0 2 -1 1 -2 0 2 -1 1 -2 0 2 -1 1 -2 0 2 -1 1 -2 0 2 -1 1 -2 0 2 -1 1 -2 0 2 -1 1 -2 0 2 -1 1 -2 0 2 -1 1 -2 0 2 -1 1 -2 0 2 -1 1 -2 0 2 -1 1 -2 0 2 -1 1 -2 0 2 -1 1 -2 0 2 -1 1 -2 0 2 -1 1 -2 0 2 -1 1 -2 0 2 -1 1 -2 0 2 -1 1 -2 0 2 -1 1 -2 0 2 -1 1 -2 0 2 -1 1 -2 0 2 -1 1 -2 0 2 -1 1 -2 0 2 -1 1 -2 0 2 -1 1 -2 0 2 -1
-2 1 -1 2 0 -2 1 -1 2 0 -2 1 -1 2 0 -2 1 -1 2 0 -2 1 -1 2 0 -2 1 -1 2 0 -2 1 -1 2 0 -2 1 -1 2 0 -2 1 -1 2 0 -2 1 -1 2 0 -2 1 -1 2 0 -2 1 -1 2 0 -2 1 -1 2 0 -2 1 -1 2 0 -2 1 -1 2 0 -2 1 -1 2 0 -2 1 -1 2 0 -2 1 -1 2 0 -2 1 -1 2 0 -2 1 -1 2 0 -2 1 -1 2 0 -2 1 -1 2 0 -2 1 -1 2 0 -2 1 -1 2 0 -2 1 -1 2 0 -2 1 -1 2 0 -2 1 -1 2 0 -2 1 -1 2 0 -2 1 -1 2 0 -2 1 -1 2 0 -2 1 -1 2 0 -2 1 -1 2 0 -2 1 -1 2 0 -2 1 -1 2 0 -2 1 -1 2 0 -2 1 -1 2 0 -2 1 -1 2 0 -2 1 -1 2 0 -2 1 -1 2 0 -2 1 -1 2 0 -2 1 -1 2 0 -2 1 -1 2 0 601 1 -1 2 0 -2 1 -1 2 0 -2 1 -1 2 0 -2 1 -1 2 0 -2 1 -1 2 0 -2 1 -1 2 0 -2 1 -1 2 0 -2 1 -1 2 0 -2 1 -1 2 0 -2 1 -1 2 0 -2 1 -1 2 0 -2 1 -1 2 0 -2 1 -1 2 0 -2 1 -1 2 0 -2 1 -1 2 0 -2 1 -1 2 0 -2 1 -1 2 0 -2 1 -1 2 0 -2 1 -1 2 0 -2 1 -1 2 0 -2 1 -1 2 0 -2 1 -1 2 0 -2 1 -1 2 0 -2 1 -1 2 0 -2 1 -1 2 0 -2 1 -1 2 0 -2 1 -1 2 0 -2 1 -1 2 0 -2 1 -1 2 0 -2 1 -1 2 0 -2 1 -1 2 0 -2 1 -1 2 0 -2 1 -1 2 0 -2 1 -1 2 0 -2 1 -1 2 0 -2 1 -1 2 0 -2 1 -1 2 0 -2 1 -1 2 0 -2 1 -1 2 0 -2 1 -1 2 0 -2 1 -1 2 0 -2 1 -1 2 0 -2 1 -1 2 0 -2 1 -1 2 0 -2 1 -1 2 0 -2 1 -1 2 0 -2 1 -1 2 0 -2 1 -1 2 0 -2 1 -1 2 0 -2 1 -1 2 0 -2 1 -1 2 0 -2 1 -1 2 0 -2 1 -1 2 0 -2 1 -1 2 0 -2 1 -1 2 0 -2 1 -1 2 0 -2 1 -1 2 0 -2 1 -1 2 0
0 -1 -2 2 1 0 -1 -2 2 1 0 -1 -2 2 1 0 -1 -2 2 1 0 -1 -2 2 1 0 -1 -2 2 1 0 -1 -2 2 1 0 -1 -2 2 1 0 -1 -2 2 1 0 -1 -2 2 1 0 -1 -2 2 1 0 -1 -2 2 1 0 -1 -2 2 1 0 -1 -2 2 1 0 -1 -2 2 1 0 -1 -2 2 1 0 -1 -2 2 1 0 -1 -2 2 1 0 -1 -2 2 1 0 -1 -2 2 1 0 -1 -2 2 1 0 -1 -2 2 1 0 -1 -2 2 1 0 -1 -2 2 1 0 -1 -2 2 1 0 -1 -2 2 1 0 -1 -2 2 1 0 -1 -2 2 1 0 -1 -2 2 1 0 -1 -2 2 1 0 -1 -2 2 1 0 -1 -2 2 1 0 -1 -2 2 1 0 -1 -2 2 1 0 -1 -2 2 1 0 -1 -2 2 1 0 -1 -2 2 1 0 -1 -2 2 1 0 -1 -2 2 1 0 -1 -2 2 1 0 -1 -2 2 1 0 -1 -2 2 1 0 602 -2 2 1 0 -1 -2 2 1 0 -1 -2 2 1 0 -1 -2 2 1 0 -1 -2 2 1 0 -1 -2 2 1 0 -1 -2 2 1 0 -1 -2 2 1 0 -1 -2 2 1 0 -1 -2 2 1 0 -1 -2 2 1 0 -1 -2 2 1 0 -1 -2 2 1 0 -1 -2 2 1 0 -1 -2 2 1 0 -1 -2 2 1 0 -1 -2 2 1 0 -1 -2 2 1 0 -1 -2 2 1 0 -1 -2 2 1 0 -1 -2 2 1 0 -1 -2 2 1 0 -1 -2 2 1 0 -1 -2 2 1 0 -1 -2 2 1 0 -1 -2 2 1 0 -1 -2 2 1 0 -1 -2 2 1 0 -1 -2 2 1 0 -1 -2 2 1 0 -1 -2 2 1 0 -1 -2 2 1 0 -1 -2 2 1 0 -1 -2 2 1 0 -1 -2 2 1 0 -1 -2 2 1 0 -1 -2 2 1 0 -1 -2 2 1 0 -1 -2 2 1 0 -1 -2 2 1 0 -1 -2 2 1 0 -1 -2 2 1 0 -1 -2 2 1 0 -1 -2 2 1 0 -1 -2 2 1 0 -1 -2 2 1 0 -1 -2 2 1 0 -1 -2 2 1 0 -1 -2 2 1 0 -1 -2 2 1 0 -1 -2 2 1 0 -1 -2 2 1 0 -1 -2 2 1 0 -1 -2 2 1 0 -1 -2 2 1 0 -1 -2 2 1 0 -1 -2 2 1 0 -1 -2 2 1
2 2 2 2 2 2 2 2 2 2 2 2 2 2 2 2 2 2 2 2 2 2 2 2 2 2 2 2 2 2 2 2 2 2 2 2 2 2 2 2 2 2 2 2 2 2 2 2 2 2 2 2 2 2 2 2 2 2 2 2 2 2 2 2 2 2 2 2 2 2 2 2 2 2 2 2 2 2 2 2 2 2 2 2 2 2 2 2 2 2 2 2 2 2 2 2 2 2 2 2 2 2 2 2 2 2 2 2 2 2 2 2 2 2 2 2 2 2 2 2 2 2 2 2 2 2 2 2 2 2 2 2 2 2 2 2 2 2 2 2 2 2 2 2 2 2 2 2 2 2 2 2 2 2 2 2 2 2 2 2 2 2 2 2 2 2 2 2 2 2 2 2 2 2 2 2 2 2 2 2 2 2 2 2 2 2 2 2 2 2 2 2 2 2 2 2 2 2 2 2 2 2 2 2 2 2 2 2 2 2 2 2 1001 2 2 2 2 2 2 2 2 2 2 2 2 2 2 2 2 2 2 2 2 2 2 2 2 2 2 2 2 2 2 2 2 2 2 2 2 2 2 2 2 2 2 2 2 2 2 2 2 2 2 2 2 2 2 2 2 2 2 2 2 2 2 2 2 2 2 2 2 2 2 2 2 2 2 2 2 2 2 2 2 2 2 2 2 2 2 2 2 2 2 2 2 2 2 2 2 2 2 2 2 2 2 2 2 2 2 2 2 2 2 2 2 2 2 2 2 2 2 2 2 2 2 2 2 2 2 2 2 2 2 2 2 2 2 2 2 2 2 2 2 2 2 2 2 2 2 2 2 2 2 2 2 2 2 2 2 2 2 2 2 2 2 2 2 2 2 2 2 2 2 2 2 2 2 2 2 2 2 2 2 2 2 2 2 2 2 2 2 2 2 2 2 2 2 2 2 2 2 2 2 2 2 2 2 2 2 2 2 2 2 2 2 2 2 2 2 2 2 2 2 2 2 2 2 2 2 2 2 2 2 2 2 2 2 2 2 2 2 2 2 2 2 2 2 2 2 2 2 2 2 2 2 2 2 2 2 2 2 2 2 2 2 2 2 2 2 2 2 2 2 2 2 2 2 2 2 2 2 2 2 2 2 2 2 2 2 2
-1 0 1 2 -2 -1 0 1 2 -2 -1 0 1 2 -2 -1 0 1 2 -2 -1 0 1 2 -2 -1 0 1 2 -2 -1 0 1 2 -2 -1 0 1 2 -2 -1 0 1 2 -2 -1 0 1 2 -2 -1 0 1 2 -2 -1 0 1 2 -2 -1 0 1 2 -2 -1 0 1 2 -2 -1 0 1 2 -2 -1 0 1 2 -2 -1 0 1 2 -2 -1 0 1 2 -2 -1 0 1 2 -2 -1 0 1 2 -2 -1 0 1 2 -2 -1 0 1 2 -2 -1 0 1 2 -2 -1 0 1 2 -2 -1 0 1 2 -2 -1 0 1 2 -2 -1 0 1 2 -2 -1 0 1 2 -2 -1 0 1 2 -2 -1 0 1 2 -2 -1 0 1 2 -2 -1 0 1 2 -2 -1 0 1 2 -2 -1 0 1 2 -2 -1 0 1 2 -2 -1 0 1 2 -2 -1 0 1 2 -2 -1 0 1 2 -2 -1 0 1 2 -2 -1 0 1 2 -2 -1 0 1 2 -2 -1 0 1 2 -2 -1 0 1 601 -2 -1 0 1 2 -2 -1 0 1 2 -2 -1 0 1 2 -2 -1 0 1 2 -2 -1 0 1 2 -2 -1 0 1 2 -2 -1 0 1 2 -2 -1 0 1 2 -2 -1 0 1 2 -2 -1 0 1 2 -2 -1 0 1 2 -2 -1 0 1 2 -2 -1 0 1 2 -2 -1 0 1 2 -2 -1 0 1 2 -2 -1 0 1 2 -2 -1 0 1 2 -2 -1 0 1 2 -2 -1 0 1 2 -2 -1 0 1 2 -2 -1 0 1 2 -2 -1 0 1 2 -2 -1 0 1 2 -2 -1 0 1 2 -2 -1 0 1 2 -2 -1 0 1 2 -2 -1 0 1 2 -2 -1 0 1 2 -2 -1 0 1 2 -2 -1 0 1 2 -2 -1 0 1 2 -2 -1 0 1 2 -2 -1 0 1 2 -2 -1 0 1 2 -2 -1 0 1 2 -2 -1 0 1 2 -2 -1 0 1 2 -2 -1 0 1 2 -2 -1 0 1 2 -2 -1 0 1 2 -2 -1 0 1 2 -2 -1 0 1 2 -2 -1 0 1 2 -2 -1 0 1 2 -2 -1 0 1 2 -2 -1 0 1 2 -2 -1 0 1 2 -2 -1 0 1 2 -2 -1 0 1 2 -2 -1 0 1 2 -2 -1 0 1 2 -2 -1 0 1 2 -2 -1 0 1 2 -2 -1 0 1 2 -2 -1 0 1 2 -2 -1 0 1 2 -2 -1 0 1 2 -2
1 -2 0 2 -1 1 -2 0 2 -1 1 -2 0 2 -1 1 -2 0 2 -1 1 -2 0 2 -1 1 -2 0 2 -1 1 -2 0 2 -1 1 -2 0 2 -1 1 -2 0 2 -1 1 -2 0 2 -1 1 -2 0 2 -1 1 -2 0 2 -1 1 -2 0 2 -1 1 -2 0 2 -1 1 -2 0 2 -1 1 -2 0 2 -1 1 -2 0 2 -1 1 -2 0 2 -1 1 -2 0 2 -1 1 -2 0 2 -1 1 -2 0 2 -1 1 -2 0 2 -1 1 -2 0 2 -1 1 -2 0 2 -1 1 -2 0 2 -1 1 -2 0 2 -1 1 -2 0 2 -1 1 -2 0 2 -1 1 -2 0 2 -1 1 -2 0 2 -1 1 -2 0 2 -1 1 -2 0 2 -1 1 -2 0 2 -1 1 -2 0 2 -1 1 -2 0 2 -1 1 -2 0 2 -1 1 -2 0 2 -1 1 -2 0 2 -1 1 -2 0 2 -1 1 -2 0 2 -1 1 -2 0 2 -1 1 -2 0 2 -1 1 -2 0 2 602 1 -2 0 2 -1 1 -2 0 2 -1 1 -2 0 2 -1 1 -2 0 2 -1 1 -2 0 2 -1 1 -2 0 2 -1 1 -2 0 2 -1 1 -2 0 2 -1 1 -2 0 2 -1 1 -2 0 2 -1 1 -2 0 2 -1 1 -2 0 2 -1 1 -2 0 2 -1 1 -2 0 2 -1 1 -2 0 2 -1 1 -2 0 2 -1 1 -2 0 2 -1 1 -2 0 2 -1 1 -2 0 2 -1 1 -2 0 2 -1 1 -2 0 2 -1 1 -2 0 2 -1 1 -2 0 2 -1 1 -2 0 2 -1 1 -2 0 2 -1 1 -2 0 2 -1 1 -2 0 2 -1 1 -2 0 2 -1 1 -2 0 2 -1 1 -2 0 2 -1 1 -2 0 2 -1 1 -2 0 2 -1 1 -2 0 2 -1 1 -2 0 2 -1 1 -2 0 2 -1 1 -2 0 2 -1 1 -2 0 2 -1 1 -2 0 2 -1 1 -2 0 2 -1 1 -2 0 2 -1 1 -2 0 2 -1 1 -2 0 2 -1 1 -2 0 2 -1 1 -2 0 2 -1 1 -2 0 2 -1 1 -2 0 2 -1 1 -2 0 2 -1 1 -2 0 2 -1 1 -2 0 2 -1 1 -2 0 2 -1 1 -2 0 2 -1 1 -2 0 2 -1 1 -2 0 2 -1 1 -2 0 2 -1 1 -2 0 2 -1 1 -2 0 2 -1 1 -2 0 2 -1
-2 1 -1 2 0 -2 1 -1 2 0 -2 1 -1 2 0 -2 1 -1 2 0 -2 1 -1 2 0 -2 1 -1 2 0 -2 1 -1 2 0 -2 1 -1 2 0 -2 1 -1 2 0 -2 1 -1 2 0 -2 1 -1 2 0 -2 1 -1 2 0 -2 1 -1 2 0 -2 1 -1 2 0 -2 1 -1 2 0 -2 1 -1 2 0 -2 1 -1 2 0 -2 1 -1 2 0 -2 1 -1 2 0 -2 1 -1 2 0 -2 1 -1 2 0 -2 1 -1 2 0 -2 1 -1 2 0 -2 1 -1 2 0 -2 1 -1 2 0 -2 1 -1 2 0 -2 1 -1 2 0 -2 1 -1 2 0 -2 1 -1 2 0 -2 1 -1 2 0 -2 1 -1 2 0 -2 1 -1 2 0 -2 1 -1 2 0 -2 1 -1 2 0 -2 1 -1 2 0 -2 1 -1 2 0 -2 1 -1 2 0 -2 1 -1 2 0 -2 1 -1 2 0 -2 1 -1 2 0 -2 1 -1 2 0 -2 1 -1 2 0 -2 1 -1 2 0 601 1 -1 2 0 -2 1 -1 2 0 -2 1 -1 2 0 -2 1 -1 2 0 -2 1 -1 2 0 -2 1 -1 2 0 -2 1 -1 2 0 -2 1 -1 2 0 -2 1 -1 2 0 -2 1 -1 2 0 -2 1 -1 2 0 -2 1 -1 2 0 -2 1 -1 2 0 -2 1 -1 2 0 -2 1 -1 2 0 -2 1 -1 2 0 -2 1 -1 2 0 -2 1 -1 2 0 -2 1 -1 2 0 -2 1 -1 2 0 -2 1 -1 2 0 -2 1 -1 2 0 -2 1 -1 2 0 -2 1 -1 2 0 -2 1 -1 2 0 -2 1 -1 2 0 -2 1 -1 2 0 -2 1 -1 2 0 -2 1 -1 2 0 -2 1 -1 2 0 -2 1 -1 2 0 -2 1 -1 2 0 -2 1 -1 2 0 -2 1 -1 2 0 -2 1 -1 2 0 -2 1 -1 2 0 -2 1 -1 2 0 -2 1 -1 2 0 -2 1 -1 2 0 -2 1 -1 2 0 -2 1 -1 2 0 -2 1 -1 2 0 -2 1 -1 2 0 -2 1 -1 2 0 -2 1 -1 2 0 -2 1 -1 2 0 -2 1 -1 2 0 -2 1 -1 2 0 -2 1 -1 2 0 -2 1 -1 2 0 -2 1 -1 2 0 -2 1 -1 2 0 -2 1 -1 2 0 -2 1 -1 2 0 -2 1 -1 2 0 -2 1 -1 2 0 -2 1 -1 2 0
0 -1 -2 2 1 0 -1 -2 2 1 0 -1 -2 2 1 0 -1 -2 2 1 0 -1 -2 2 1 0 -1 -2 2 1 0 -1 -2 2 1 0 -1 -2 2 1 0 -1 -2 2 1 0 -1 -2 2 1 0 -1 -2 2 1 0 -1 -2 2 1 0 -1 -2 2 1 0 -1 -2 2 1 0 -1 -2 2 1 0 -1 -2 2 1 0 -1 -2 2 1 0 -1 -2 2 1 0 -1 -2 2 1 0 -1 -2 2 1 0 -1 -2 2 1 0 -1 -2 2 1 0 -1 -2 2 1 0 -1 -2 2 1 0 -1 -2 2 1 0 -1 -2 2 1 0 -1 -2 2 1 0 -1 -2 2 1 0 -1 -2 2 1 0 -1 -2 2 1 0 -1 -2 2 1 0 -1 -2 2 1 0 -1 -2 2 1 0 -1 -2 2 1 0 -1 -2 2 1 0 -1 -2 2 1 0 -1 -2 2 1 0 -1 -2 2 1 0 -1 -2 2 1 0 -1 -2 2 1 0 -1 -2 2 1 0 -1 -2 2 1 0 -1 -2 2 1 0 602 -2 2 1 0 -1 -2 2 1 0 -1 -2 2 1 0 -1 -2 2 1 0 -1 -2 2 1 0 -1 -2 2 1 0 -1 -2 2 1 0 -1 -2 2 1 0 -1 -2 2 1 0 -1 -2 2 1 0 -1 -2 2 1 0 -1 -2 2 1 0 -1 -2 2 1 0 -1 -2 2 1 0 -1 -2 2 1 0 -1 -2 2 1 0 -1 -2 2 1 0 -1 -2 2 1 0 -1 -2 2 1 0 -1 -2 2 1 0 -1 -2 2 1 0 -1 -2 2 1 0 -1 -2 2 1 0 -1 -2 2 1 0 -1 -2 2 1 0 -1 -2 2 1 0 -1 -2 2 1 0 -1 -2 2 1 0 -1 -2 2 1 0 -1 -2 2 1 0 -1 -2 2 1 0 -1 -2 2 1 0 -1 -2 2 1 0 -1 -2 2 1 0 -1 -2 2 1 0 -1 -2 2 1 0 -1 -2 2 1 0 -1 -2 2 1 0 -1 -2 2 1 0 -1 -2 2 1 0 -1 -2 2 1 0 -1 -2 2 1 0 -1 -2 2 1 0 -1 -2 2 1 0 -1 -2 2 1 0 -1 -2 2 1 0 -1 -2 2 1 0 -1 -2 2 1 0 -1 -2 2 1 0 -1 -2 2 1 0 -1 -2 2 1 0 -1 -2 2 1 0 -1 -2 2 1 0 -1 -2 2 1 0 -1 -2 2 1 0 -1 -2 2 1 0 -1 -2 2 1
2 2 2 2 2 2 2 2 2 2 2 2 2 2 2 2 2 2 2 2 2 2 2 2 2 2 2 2 2 2 2 2 2 2 2 2 2 2 2 2 2 2 2 2 2 2 2 2 2 2 2 2 2 2 2 2 2 2 2 2 2 2 2 2 2 2 2 2 2 2 2 2 2 2 2 2 2 2 2 2 2 2 2 2 2 2 2 2 2 2 2 2 2 2 2 2 2 2 2 2 2 2 2 2 2 2 2 2 2 2 2 2 2 2 2 2 2 2 2 2 2 2 2 2 2 2 2 2 2 2 2 2 2 2 2 2 2 2 2 2 2 2 2 2 2 2 2 2 2 2 2 2 2 2 2 2 2 2 2 2 2 2 2 2 2 2 2 2 2 2 2 2 2 2 2 2 2 2 2 2 2 2 2 2 2 2 2 2 2 2 2 2 2 2 2 2 2 2 2 2 2 2 2 2 2 2 2 2 2 2 2 2 2 2 2 2 2 1001 2 2 2 2 2 2 2 2 2 2 2 2 2 2 2 2 2 2 2 2 2 2 2 2 2 2 2 2 2 2 2 2 2 2 2 2 2 2 2 2 2 2 2 2 2 2 2 2 2 2 2 2 2 2 2 2 2 2 2 2 2 2 2 2 2 2 2 2 2 2 2 2 2 2 2 2 2 2 2 2 2 2 2 2 2 2 2 2 2 2 2 2 2 2 2 2 2 2 2 2 2 2 2 2 2 2 2 2 2 2 2 2 2 2 2 2 2 2 2 2 2 2 2 2 2 2 2 2 2 2 2 2 2 2 2 2 2 2 2 2 2 2 2 2 2 2 2 2 2 2 2 2 2 2 2 2 2 2 2 2 2 2 2 2 2 2 2 2 2 2 2 2 2 2 2 2 2 2 2 2 2 2 2 2 2 2 2 2 2 2 2 2 2 2 2 2 2 2 2 2 2 2 2 2 2 2 2 2 2 2 2 2 2 2 2 2 2 2 2 2 2 2 2 2 2 2 2 2 2 2 2 2 2 2 2 2 2 2 2 2 2 2 2 2 2 2 2 2 2 2 2 2 2 2 2 2 2 2 2 2 2 2 2 2 2 2 2 2 2 2 2 2 2 2 2 2 2 2 2 2 2 2
-1 0 1 2 -2 -1 0 1 2 -2 -1 0 1 2 -2 -1 0 1 2 -2 -1 0 1 2 -2 -1 0 1 2 -2 -1 0 1 2 -2 -1 0 1 2 -2 -1 0 1 2 -2 -1 0 1 2 -2 -1 0 1 2 -2 -1 0 1 2 -2 -1 0 1 2 -2 -1 0 1 2 -2 -1 0 1 2 -2 -1 0 1 2 -2 -1 0 1 2 -2 -1 0 1 2 -2 -1 0 1 2 -2 -1 0 1 2 -2 -1 0 1 2 -2 -1 0 1 2 -2 -1 0 1 2 -2 -1 0 1 2 -2 -1 0 1 2 -2 -1 0 1 2 -2 -1 0 1 2 -2 -1 0 1 2 -2 -1 0 1 2 -2 -1 0 1 2 -2 -1 0 1 2 -2 -1 0 1 2 -2 -1 0 1 2 -2 -1 0 1 2 -2 -1 0 1 2 -2 -1 0 1 2 -2 -1 0 1 2 -2 -1 0 1 2 -2 -1 0 1 2 -2 -1 0 1 2 -2 -1 0 1 2 -2 -1 0 1 2 -2 -1 0 1 2 -2 -1 0 1 601 -2 -1 0 1 2 -2 -1 0 1 2 -2 -1 0 1 2 -2 -1 0 1 2 -2 -1 0 1 2 -2 -1 0 1 2 -2 -1 0 1 2 -2 -1 0 1 2 -2 -1 0 1 2 -2 -1 0 1 2 -2 -1 0 1 2 -2 -1 0 1 2 -2 -1 0 1 2 -2 -1 0 1 2 -2 -1 0 1 2 -2 -1 0 1 2 -2 -1 0 1 2 -2 -1 0 1 2 -2 -1 0 1 2 -2 -1 0 1 2 -2 -1 0 1 2 -2 -1 0 1 2 -2 -1 0 1 2 -2 -1 0 1 2 -2 -1 0 1 2 -2 -1 0 1 2 -2 -1 0 1 2 -2 -1 0 1 2 -2 -1 0 1 2 -2 -1 0 1 2 -2 -1 0 1 2 -2 -1 0 1 2 -2 -1 0 1 2 -2 -1 0 1 2 -2 -1 0 1 2 -2 -1 0 1 2 -2 -1 0 1 2 -2 -1 0 1 2 -2 -1 0 1 2 -2 -1 0 1 2 -2 -1 0 1 2 -2 -1 0 1 2 -2 -1 0 1 2 -2 -1 0 1 2 -2 -1 0 1 2 -2 -1 0 1 2 -2 -1 0 1 2 -2 -1 0 1 2 -2 -1 0 1 2 -2 -1 0 1 2 -2 -1 0 1 2 -2 -1 0 1 2 -2 -1 0 1 2 -2 -1 0 1 2 -2 -1 0 1 2 -2 -1 0 1 2 -2
1 -2 0 2 -1 1 -2 0 2 -1 1 -2 0 2 -1 1 -2 0 2 -1 1 -2 0 2 -1 1 -2 0 2 -1 1 -2 0 2 -1 1 -2 0 2 -1 1 -2 0 2 -1 1 -2 0 2 -1 1 -2 0 2 -1 1 -2 0 2 -1 1 -2 0 2 -1 1 -2 0 2 -1 1 -2 0 2 -1 1 -2 0 2 -1 1 -2 0 2 -1 1 -2 0 2 -1 1 -2 0 2 -1 1 -2 0 2 -1 1 -2 0 2 -1 1 -2 0 2 -1 1 -2 0 2 -1 1 -2 0 2 -1 1 -2 0 2 -1 1 -2 0 2 -1 1 -2 0 2 -1 1 -2 0 2 -1 1 -2 0 2 -1 1 -2 0 2 -1 1 -2 0 2 -1 1 -2 0 2 -1 1 -2 0 2 -1 1 -2 0 2 -1 1 -2 0 2 -1 1 -2 0 2 -1 1 -2 0 2 -1 1 -2 0 2 -1 1 -2 0 2 -1 1 -2 0 2 -1 1 -2 0 2 -1 1 -2 0 2 -1 1 -2 0 2 -1 1 -2 0 2 602 1 -2 0 2 -1 1 -2 0 2 -1 1 -2 0 2 -1 1 -2 0 2 -1 1 -2 0 2 -1 1 -2 0 2 -1 1 -2 0 2 -1 1 -2 0 2 -1 1 -2 0 2 -1 1 -2 0 2 -1 1 -2 0 2 -1 1 -2 0 2 -1 1 -2 0 2 -1 1 -2 0 2 -1 1 -2 0 2 -1 1 -2 0 2 -1 1 -2 0 2 -1 1 -2 0 2 -1 1 -2 0 2 -1 1 -2 0 2 -1 1 -2 0 2 -1 1 -2 0 2 -1 1 -2 0 2 -1 1 -2 0 2 -1 1 -2 0 2 -1 1 -2 0 2 -1 1 -2 0 2 -1 1 -2 0 2 -1 1 -2 0 2 -1 1 -2 0 2 -1 1 -2 0 2 -1 1 -2 0 2 -1 1 -2 0 2 -1 1 -2 0 2 -1 1 -2 0 2 -1 1 -2 0 2 -1 1 -2 0 2 -1 1 -2 0 2 -1 1 -2 0 2 -1 1 -2 0 2 -1 1 -2 0 2 -1 1 -2 0 2 -1 1 -2 0 2 -1 1 -2 0 2 -1 1 -2 0 2 -1 1 -2 0 2 -1 1 -2 0 2 -1 1 -2 0 2 -1 1 -2 0 2 -1 1 -2 0 2 -1 1 -2 0 2 -1 1 -2 0 2 -1 1 -2 0 2 -1 1 -2 0 2 -1 1 -2 0 2 -1 1 -2 0 2 -1
-2 1 -1 2 0 -2 1 -1 2 0 -2 1 -1 2 0 -2 1 -1 2 0 -2 1 -1 2 0 -2 1 -1 2 0 -2 1 -1 2 0 -2 1 -1 2 0 -2 1 -1 2 0 -2 1 -1 2 0 -2 1 -1 2 0 -2 1 -1 2 0 -2 1 -1 2 0 -2 1 -1 2 0 -2 1 -1 2 0 -2 1 -1 2 0 -2 1 -1 2 0 -2 1 -1 2 0 -2 1 -1 2 0 -2 1 -1 2 0 -2 1 -1 2 0 -2 1 -1 2 0 -2 1 -1 2 0 -2 1 -1 2 0 -2 1 -1 2 0 -2 1 -1 2 0 -2 1 -1 2 0 -2 1 -1 2 0 -2 1 -1 2 0 -2 1 -1 2 0 -2 1 -1 2 0 -2 1 -1 2 0 -2 1 -1 2 0 -2 1 -1 2 0 -2 1 -1 2 0 -2 1 -1 2 0 -2 1 -1 2 0 -2 1 -1 2 0 -2 1 -1 2 0 -2 1 -1 2 0 -2 1 -1 2 0 -2 1 -1 2 0 -2 1 -1 2 0 -2 1 -1 2 0 601 1 -1 2 0 -2 1 -1 2 0 -2 1 -1 2 0 -2 1 -1 2 0 -2 1 -1 2 0 -2 1 -1 2 0 -2 1 -1 2 0 -2 1 -1 2 0 -2 1 -1 2 0 -2 1 -1 2 0 -2 1 -1 2 0 -2 1 -1 2 0 -2 1 -1 2 0 -2 1 -1 2 0 -2 1 -1 2 0 -2 1 -1 2 0 -2 1 -1 2 0 -2 1 -1 2 0 -2 1 -1 2 0 -2 1 -1 2 0 -2 1 -1 2 0 -2 1 -1 2 0 -2 1 -1 2 0 -2 1 -1 2 0 -2 1 -1 2 0 -2 1 -1 2 0 -2 1 -1 2 0 -2 1 -1 2 0 -2 1 -1 2 0 -2 1 -1 2 0 -2 1 -1 2 0 -2 1 -1 2 0 -2 1 -1 2 0 -2 1 -1 2 0 -2 1 -1 2 0 -2 1 -1 2 0 -2 1 -1 2 0 -2 1 -1 2 0 -2 1 -1 2 0 -2 1 -1 2 0 -2 1 -1 2 0 -2 1 -1 2 0 -2 1 -1 2 0 -2 1 -1 2 0 -2 1 -1 2 0 -2 1 -1 2 0 -2 1 -1 2 0 -2 1 -1 2 0 -2 1 -1 2 0 -2 1 -1 2 0 -2 1 -1 2 0 -2 1 -1 2 0 -2 1 -1 2 0 -2 1 -1 2 0 -2 1 -1 2 0 -2 1 -1 2 0
0 -1 -2 2 1 0 -1 -2 2 1 0 -1 -2 2 1 0 -1 -2 2 1 0 -1 -2 2 1 0 -1 -2 2 1 0 -1 -2 2 1 0 -1 -2 2 1 0 -1 -2 2 1 0 -1 -2 2 1 0 -1 -2 2 1 0 -1 -2 2 1 0 -1 -2 2 1 0 -1 -2 2 1 0 -1 -2 2 1 0 -1 -2 2 1 0 -1 -2 2 1 0 -1 -2 2 1 0 -1 -2 2 1 0 -1 -2 2 1 0 -1 -2 2 1 0 -1 -2 2 1 0 -1 -2 2 1 0 -1 -2 2 1 0 -1 -2 2 1 0 -1 -2 2 1 0 -1 -2 2 1 0 -1 -2 2 1 0 -1 -2 2 1 0 -1 -2 2 1 0 -1 -2 2 1 0 -1 -2 2 1 0 -1 -2 2 1 0 -1 -2 2 1 0 -1 -2 2 1 0 -1 -2 2 1 0 -1 -2 2 1 0 -1 -2 2 1 0 -1 -2 2 1 0 -1 -2 2 1 0 -1 -2 2 1 0 -1 -2 2 1 0 -1 -2 2 1 0 -1 -2 2 1 0 602 -2 2 1 0 -1 -2 2 1 0 -1 -2 2 1 0 -1 -2 2 1 0 -1 -2 2 1 0 -1 -2 2 1 0 -1 -2 2 1 0 -1 -2 2 1 0 -1 -2 2 1 0 -1 -2 2 1 0 -1 -2 2 1 0 -1 -2 2 1 0 -1 -2 2 1 0 -1 -2 2 1 0 -1 -2 2 1 0 -1 -2 2 1 0 -1 -2 2 1 0 -1 -2 2 1 0 -1 -2 2 1 0 -1 -2 2 1 0 -1 -2 2 1 0 -1 -2 2 1 0 -1 -2 2 1 0 -1 -2 2 1 0 -1 -2 2 1 0 -1 -2 2 1 0 -1 -2 2 1 0 -1 -2 2 1 0 -1 -2 2 1 0 -1 -2 2 1 0 -1 -2 2 1 0 -1 -2 2 1 0 -1 -2 2 1 0 -1 -2 2 1 0 -1 -2 2 1 0 -1 -2 2 1 0 -1 -2 2 1 0 -1 -2 2 1 0 -1 -2 2 1 0 -1 -2 2 1 0 -1 -2 2 1 0 -1 -2 2 1 0 -1 -2 2 1 0 -1 -2 2 1 0 -1 -2 2 1 0 -1 -2 2 1 0 -1 -2 2 1 0 -1 -2 2 1 0 -1 -2 2 1 0 -1 -2 2 1 0 -1 -2 2 1 0 -1 -2 2 1 0 -1 -2 2 1 0 -1 -2 2 1 0 -1 -2 2 1 0 -1 -2 2 1
2 2 2 2 2 2 2 2 2 2 2 2 2 2 2 2 2 2 2 2 2 2 2 2 2 2 2 2 2 2 2 2 2 2 2 2 2 2 2 2 2 2 2 2 2 2 2 2 2 2 2 2 2 2 2 2 2 2 2 2 2 2 2 2 2 2 2 2 2 2 2 2 2 2 2 2 2 2 2 2 2 2 2 2 2 2 2 2 2 2 2 2 2 2 2 2 2 2 2 2 2 2 2 2 2 2 2 2 2 2 2 2 2 2 2 2 2 2 2 2 2 2 2 2 2 2 2 2 2 2 2 2 2 2 2 2 2 2 2 2 2 2 2 2 2 2 2 2 2 2 2 2 2 2 2 2 2 2 2 2 2 2 2 2 2 2 2 2 2 2 2 2 2 2 2 2 2 2 2 2 2 2 2 2 2 2 2 2 2 2 2 2 2 2 2 2 2 2 2 2 2 2 2 2 2 2 2 2 2 2 2 2 2 2 2 2 2 2 2 2 2 2 1001 2 2 2 2 2 2 2 2 2 2 2 2 2 2 2 2 2 2 2 2 2 2 2 2 2 2 2 2 2 2 2 2 2 2 2 2 2 2 2 2 2 2 2 2 2 2 2 2 2 2 2 2 2 2 2 2 2 2 2 2 2 2 2 2 2 2 2 2 2 2 2 2 2 2 2 2 2 2 2 2 2 2 2 2 2 2 2 2 2 2 2 2 2 2 2 2 2 2 2 2 2 2 2 2 2 2 2 2 2 2 2 2 2 2 2 2 2 2 2 2 2 2 2 2 2 2 2 2 2 2 2 2 2 2 2 2 2 2 2 2 2 2 2 2 2 2 2 2 2 2 2 2 2 2 2 2 2 2 2 2 2 2 2 2 2 2 2 2 2 2 2 2 2 2 2 2 2 2 2 2 2 2 2 2 2 2 2 2 2 2 2 2 2 2 2 2 2 2 2 2 2 2 2 2 2 2 2 2 2 2 2 2 2 2 2 2 2 2 2 2 2 2 2 2 2 2 2 2 2 2 2 2 2 2 2 2 2 2 2 2 2 2 2 2 2 2 2 2 2 2 2 2 2 2 2 2 2 2 2 2 2 2 2 2 2 2 2 2 2 2 2 2 2 2 2 2 2
-1 0 1 2 -2 -1 0 1 2 -2 -1 0 1 2 -2 -1 0 1 2 -2 -1 0 1 2 -2 -1 0 1 2 -2 -1 0 1 2 -2 -1 0 1 2 -2 -1 0 1 2 -2 -1 0 1 2 -2 -1 0 1 2 -2 -1 0 1 2 -2 -1 0 1 2 -2 -1 0 1 2 -2 -1 0 1 2 -2 -1 0 1 2 -2 -1 0 1 2 -2 -1 0 1 2 -2 -1 0 1 2 -2 -1 0 1 2 -2 -1 0 1 2 -2 -1 0 1 2 -2 -1 0 1 2 -2 -1 0 1 2 -2 -1 0 1 2 -2 -1 0 1 2 -2 -1 0 1 2 -2 -1 0 1 2 -2 -1 0 1 2 -2 -1 0 1 2 -2 -1 0 1 2 -2 -1 0 1 2 -2 -1 0 1 2 -2 -1 0 1 2 -2 -1 0 1 2 -2 -1 0 1 2 -2 -1 0 1 2 -2 -1 0 1 2 -2 -1 0 1 2 -2 -1 0 1 2 -2 -1 0 1 2 -2 -1 0 1 2 -2 -1 0 1 2 -2 -1 0 1 2 -2 -1 0 1 601 -2 -1 0 1 2 -2 -1 0 1 2 -2 -1 0 1 2 -2 -1 0 1 2 -2 -1 0 1 2 -2 -1 0 1 2 -2 -1 0 1 2 -2 -1 0 1 2 -2 -1 0 1 2 -2 -1 0 1 2 -2 -1 0 1 2 -2 -1 0 1 2 -2 -1 0 1 2 -2 -1 0 1 2 -2 -1 0 1 2 -2 -1 0 1 2 -2 -1 0 1 2 -2 -1 0 1 2 -2 -1 0 1 2 -2 -1 0 1 2 -2 -1 0 1 2 -2 -1 0 1 2 -2 -1 0 1 2 -2 -1 0 1 2 -2 -1 0 1 2 -2 -1 0 1 2 -2 -1 0 1 2 -2 -1 0 1 2 -2 -1 0 1 2 -2 -1 0 1 2 -2 -1 0 1 2 -2 -1 0 1 2 -2 -1 0 1 2 -2 -1 0 1 2 -2 -1 0 1 2 -2 -1 0 1 2 -2 -1 0 1 2 -2 -1 0 1 2 -2 -1 0 1 2 -2 -1 0 1 2 -2 -1 0 1 2 -2 -1 0 1 2 -2 -1 0 1 2 -2 -1 0 1 2 -2 -1 0 1 2 -2 -1 0 1 2 -2 -1 0 1 2 -2 -1 0 1 2 -2 -1 0 1 2 -2 -1 0 1 2 -2 -1 0 1 2 -2 -1 0 1 2 -2 -1 0 1 2 -2 -1 0 1 2 -2 -1 0 1 2 -2
1 -2 0 2 -1 1 -2 0 2 -1 1 -2 0 2 -1 1 -2 0 2 -1 1 -2 0 2 -1 1 -2 0 2 -1 1 -2 0 2 -1 1 -2 0 2 -1 1 -2 0 2 -1 1 -2 0 2 -1 1 -2 0 2 -1 1 -2 0 2 -1 1 -2 0 2 -1 1 -2 0 2 -1 1 -2 0 2 -1 1 -2 0 2 -1 1 -2 0 2 -1 1 -2 0 2 -1 1 -2 0 2 -1 1 -2 0 2 -1 1 -2 0 2 -1 1 -2 0 2 -1 1 -2 0 2 -1 1 -2 0 2 -1 1 -2 0 2 -1 1 -2 0 2 -1 1 -2 0 2 -1 1 -2 0 2 -1 1 -2 0 2 -1 1 -2 0 2 -1 1 -2 0 2 -1 1 -2 0 2 -1 1 -2 0 2 -1 1 -2 0 2 -1 1 -2 0 2 -1 1 -2 0 2 -1 1 -2 0 2 -1 1 -2 0 2 -1 1 -2 0 2 -1 1 -2 0 2 -1 1 -2 0 2 -1 1 -2 0 2 -1 1 -2 0 2 -1 1 -2 0 2 -1 1 -2 0 2 602 1 -2 0 2 -1 1 -2 0 2 -1 1 -2 0 2 -1 1 -2 0 2 -1 1 -2 0 2 -1 1 -2 0 2 -1 1 -2 0 2 -1 1 -2 0 2 -1 1 -2 0 2 -1 1 -2 0 2 -1 1 -2 0 2 -1 1 -2 0 2 -1 1 -2 0 2 -1 1 -2 0 2 -1 1 -2 0 2 -1 1 -2 0 2 -1 1 -2 0 2 -1 1 -2 0 2 -1 1 -2 0 2 -1 1 -2 0 2 -1 1 -2 0 2 -1 1 -2 0 2 -1 1 -2 0 2 -1 1 -2 0 2 -1 1 -2 0 2 -1 1 -2 0 2 -1 1 -2 0 2 -1 1 -2 0 2 -1 1 -2 0 2 -1 1 -2 0 2 -1 1 -2 0 2 -1 1 -2 0 2 -1 1 -2 0 2 -1 1 -2 0 2 -1 1 -2 0 2 -1 1 -2 0 2 -1 1 -2 0 2 -1 1 -2 0 2 -1 1 -2 0 2 -1 1 -2 0 2 -1 1 -2 0 2 -1 1 -2 0 2 -1 1 -2 0 2 -1 1 -2 0 2 -1 1 -2 0 2 -1 1 -2 0 2 -1 1 -2 0 2 -1 1 -2 0 2 -1 1 -2 0 2 -1 1 -2 0 2 -1 1 -2 0 2 -1 1 -2 0 2 -1 1 -2 0 2 -1 1 -2 0 2 -1 1 -2 0 2 -1
-2 1 -1 2 0 -2 1 -1 2 0 -2 1 -1 2 0 -2 1 -1 2 0 -2 1 -1 2 0 -2 1 -1 2 0 -2 1 -1 2 0 -2 1 -1 2 0 -2 1 -1 2 0 -2 1 -1 2 0 -2 1 -1 2 0 -2 1 -1 2 0 -2 1 -1 2 0 -2 1 -1 2 0 -2 1 -1 2 0 -2 1 -1 2 0 -2 1 -1 2 0 -2 1 -1 2 0 -2 1 -1 2 0 -2 1 -1 2 0 -2 1 -1 2 0 -2 1 -1 2 0 -2 1 -1 2 0 -2 1 -1 2 0 -2 1 -1 2 0 -2 1 -1 2 0 -2 1 -1 2 0 -2 1 -1 2 0 -2 1 -1 2 0 -2 1 -1 2 0 -2 1 -1 2 0 -2 1 -1 2 0 -2 1 -1 2 0 -2 1 -1 2 0 -2 1 -1 2 0 -2 1 -1 2 0 -2 1 -1 2 0 -2 1 -1 2 0 -2 1 -1 2 0 -2 1 -1 2 0 -2 1 -1 2 0 -2 1 -1 2 0 -2 1 -1 2 0 -2 1 -1 2 0 -2 1 -1 2 0 601 1 -1 2 0 -2 1 -1 2 0 -2 1 -1 2 0 -2 1 -1 2 0 -2 1 -1 2 0 -2 1 -1 2 0 -2 1 -1 2 0 -2 1 -1 2 0 -2 1 -1 2 0 -2 1 -1 2 0 -2 1 -1 2 0 -2 1 -1 2 0 -2 1 -1 2 0 -2 1 -1 2 0 -2 1 -1 2 0 -2 1 -1 2 0 -2 1 -1 2 0 -2 1 -1 2 0 -2 1 -1 2 0 -2 1 -1 2 0 -2 1 -1 2 0 -2 1 -1 2 0 -2 1 -1 2 0 -2 1 -1 2 0 -2 1 -1 2 0 -2 1 -1 2 0 -2 1 -1 2 0 -2 1 -1 2 0 -2 1 -1 2 0 -2 1 -1 2 0 -2 1 -1 2 0 -2 1 -1 2 0 -2 1 -1 2 0 -2 1 -1 2 0 -2 1 -1 2 0 -2 1 -1 2 0 -2 1 -1 2 0 -2 1 -1 2 0 -2 1 -1 2 0 -2 1 -1 2 0 -2 1 -1 2 0 -2 1 -1 2 0 -2 1 -1 2 0 -2 1 -1 2 0 -2 1 -1 2 0 -2 1 -1 2 0 -2 1 -1 2 0 -2 1 -1 2 0 -2 1 -1 2 0 -2 1 -1 2 0 -2 1 -1 2 0 -2 1 -1 2 0 -2 1 -1 2 0 -2 1 -1 2 0 -2 1 -1 2 0
0 -1 -2 2 1 0 -1 -2 2 1 0 -1 -2 2 1 0 -1 -2 2 1 0 -1 -2 2 1 0 -1 -2 2 1 0 -1 -2 2 1 0 -1 -2 2 1 0 -1 -2 2 1 0 -1 -2 2 1 0 -1 -2 2 1 0 -1 -2 2 1 0 -1 -2 2 1 0 -1 -2 2 1 0 -1 -2 2 1 0 -1 -2 2 1 0 -1 -2 2 1 0 -1 -2 2 1 0 -1 -2 2 1 0 -1 -2 2 1 0 -1 -2 2 1 0 -1 -2 2 1 0 -1 -2 2 1 0 -1 -2 2 1 0 -1 -2 2 1 0 -1 -2 2 1 0 -1 -2 2 1 0 -1 -2 2 1 0 -1 -2 2 1 0 -1 -2 2 1 0 -1 -2 2 1 0 -1 -2 2 1 0 -1 -2 2 1 0 -1 -2 2 1 0 -1 -2 2 1 0 -1 -2 2 1 0 -1 -2 2 1 0 -1 -2 2 1 0 -1 -2 2 1 0 -1 -2 2 1 0 -1 -2 2 1 0 -1 -2 2 1 0 -1 -2 2 1 0 -1 -2 2 1 0 -1 -2 2 1 0 602 -2 2 1 0 -1 -2 2 1 0 -1 -2 2 1 0 -1 -2 2 1 0 -1 -2 2 1 0 -1 -2 2 1 0 -1 -2 2 1 0 -1 -2 2 1 0 -1 -2 2 1 0 -1 -2 2 1 0 -1 -2 2 1 0 -1 -2 2 1 0 -1 -2 2 1 0 -1 -2 2 1 0 -1 -2 2 1 0 -1 -2 2 1 0 -1 -2 2 1 0 -1 -2 2 1 0 -1 -2 2 1 0 -1 -2 2 1 0 -1 -2 2 1 0 -1 -2 2 1 0 -1 -2 2 1 0 -1 -2 2 1 0 -1 -2 2 1 0 -1 -2 2 1 0 -1 -2 2 1 0 -1 -2 2 1 0 -1 -2 2 1 0 -1 -2 2 1 0 -1 -2 2 1 0 -1 -2 2 1 0 -1 -2 2 1 0 -1 -2 2 1 0 -1 -2 2 1 0 -1 -2 2 1 0 -1 -2 2 1 0 -1 -2 2 1 0 -1 -2 2 1 0 -1 -2 2 1 0 -1 -2 2 1 0 -1 -2 2 1 0 -1 -2 2 1 0 -1 -2 2 1 0 -1 -2 2 1 0 -1 -2 2 1 0 -1 -2 2 1 0 -1 -2 2 1 0 -1 -2 2 1 0 -1 -2 2 1 0 -1 -2 2 1 0 -1 -2 2 1 0 -1 -2 2 1 0 -1 -2 2 1 0 -1 -2 2 1
2 2 2 2 2 2 2 2 2 2 2 2 2 2 2 2 2 2 2 2 2 2 2 2 2 2 2 2 2 2 2 2 2 2 2 2 2 2 2 2 2 2 2 2 2 2 2 2 2 2 2 2 2 2 2 2 2 2 2 2 2 2 2 2 2 2 2 2 2 2 2 2 2 2 2 2 2 2 2 2 2 2 2 2 2 2 2 2 2 2 2 2 2 2 2 2 2 2 2 2 2 2 2 2 2 2 2 2 2 2 2 2 2 2 2 2 2 2 2 2 2 2 2 2 2 2 2 2 2 2 2 2 2 2 2 2 2 2 2 2 2 2 2 2 2 2 2 2 2 2 2 2 2 2 2 2 2 2 2 2 2 2 2 2 2 2 2 2 2 2 2 2 2 2 2 2 2 2 2 2 2 2 2 2 2 2 2 2 2 2 2 2 2 2 2 2 2 2 2 2 2 2 2 2 2 2 2 2 2 2 2 2 2 2 2 2 2 2 2 2 2 2 2 2 2 2 2 1001 2 2 2 2 2 2 2 2 2 2 2 2 2 2 2 2 2 2 2 2 2 2 2 2 2 2 2 2 2 2 2 2 2 2 2 2 2 2 2 2 2 2 2 2 2 2 2 2 2 2 2 2 2 2 2 2 2 2 2 2 2 2 2 2 2 2 2 2 2 2 2 2 2 2 2 2 2 2 2 2 2 2 2 2 2 2 2 2 2 2 2 2 2 2 2 2 2 2 2 2 2 2 2 2 2 2 2 2 2 2 2 2 2 2 2 2 2 2 2 2 2 2 2 2 2 2 2 2 2 2 2 2 2 2 2 2 2 2 2 2 2 2 2 2 2 2 2 2 2 2 2 2 2 2 2 2 2 2 2 2 2 2 2 2 2 2 2 2 2 2 2 2 2 2 2 2 2 2 2 2 2 2 2 2 2 2 2 2 2 2 2 2 2 2 2 2 2 2 2 2 2 2 2 2 2 2 2 2 2 2 2 2 2 2 2 2 2 2 2 2 2 2 2 2 2 2 2 2 2 2 2 2 2 2 2 2 2 2 2 2 2 2 2 2 2 2 2 2 2 2 2 2 2 2 2 2 2 2 2 2 2 2 2 2 2 2 2 2 2 2 2 2
-1 0 1 2 -2 -1 0 1 2 -2 -1 0 1 2 -2 -1 0 1 2 -2 -1 0 1 2 -2 -1 0 1 2 -2 -1 0 1 2 -2 -1 0 1 2 -2 -1 0 1 2 -2 -1 0 1 2 -2 -1 0 1 2 -2 -1 0 1 2 -2 -1 0 1 2 -2 -1 0 1 2 -2 -1 0 1 2 -2 -1 0 1 2 -2 -1 0 1 2 -2 -1 0 1 2 -2 -1 0 1 2 -2 -1 0 1 2 -2 -1 0 1 2 -2 -1 0 1 2 -2 -1 0 1 2 -2 -1 0 1 2 -2 -1 0 1 2 -2 -1 0 1 2 -2 -1 0 1 2 -2 -1 0 1 2 -2 -1 0 1 2 -2 -1 0 1 2 -2 -1 0 1 2 -2 -1 0 1 2 -2 -1 0 1 2 -2 -1 0 1 2 -2 -1 0 1 2 -2 -1 0 1 2 -2 -1 0 1 2 -2 -1 0 1 2 -2 -1 0 1 2 -2 -1 0 1 2 -2 -1 0 1 2 -2 -1 0 1 2 -2 -1 0 1 2 -2 -1 0 1 2 -2 -1 0 1 2 -2 -1 0 1 601 -2 -1 0 1 2 -2 -1 0 1 2 -2 -1 0 1 2 -2 -1 0 1 2 -2 -1 0 1 2 -2 -1 0 1 2 -2 -1 0 1 2 -2 -1 0 1 2 -2 -1 0 1 2 -2 -1 0 1 2 -2 -1 0 1 2 -2 -1 0 1 2 -2 -1 0 1 2 -2 -1 0 1 2 -2 -1 0 1 2 -2 -1 0 1 2 -2 -1 0 1 2 -2 -1 0 1 2 -2 -1 0 1 2 -2 -1 0 1 2 -2 -1 0 1 2 -2 -1 0 1 2 -2 -1 0 1 2 -2 -1 0 1 2 -2 -1 0 1 2 -2 -1 0 1 2 -2 -1 0 1 2 -2 -1 0 1 2 -2 -1 0 1 2 -2 -1 0 1 2 -2 -1 0 1 2 -2 -1 0 1 2 -2 -1 0 1 2 -2 -1 0 1 2 -2 -1 0 1 2 -2 -1 0 1 2 -2 -1 0 1 2 -2 -1 0 1 2 -2 -1 0 1 2 -2 -1 0 1 2 -2 -1 0 1 2 -2 -1 0 1 2 -2 -1 0 1 2 -2 -1 0 1 2 -2 -1 0 1 2 -2 -1 0 1 2 -2 -1 0 1 2 -2 -1 0 1 2 -2 -1 0 1 2 -2 -1 0 1 2 -2 -1 0 1 2 -2 -1 0 1 2 -2 -1 0 1 2 -2 -1 0 1 2 -2
1 -2 0 2 -1 1 -2 0 2 -1 1 -2 0 2 -1 1 -2 0 2 -1 1 -2 0 2 -1 1 -2 0 2 -1 1 -2 0 2 -1 1 -2 0 2 -1 1 -2 0 2 -1 1 -2 0 2 -1 1 -2 0 2 -1 1 -2 0 2 -1 1 -2 0 2 -1 1 -2 0 2 -1 1 -2 0 2 -1 1 -2 0 2 -1 1 -2 0 2 -1 1 -2 0 2 -1 1 -2 0 2 -1 1 -2 0 2 -1 1 -2 0 2 -1 1 -2 0 2 -1 1 -2 0 2 -1 1 -2 0 2 -1 1 -2 0 2 -1 1 -2 0 2 -1 1 -2 0 2 -1 1 -2 0 2 -1 1 -2 0 2 -1 1 -2 0 2 -1 1 -2 0 2 -1 1 -2 0 2 -1 1 -2 0 2 -1 1 -2 0 2 -1 1 -2 0 2 -1 1 -2 0 2 -1 1 -2 0 2 -1 1 -2 0 2 -1 1 -2 0 2 -1 1 -2 0 2 -1 1 -2 0 2 -1 1 -2 0 2 -1 1 -2 0 2 -1 1 -2 0 2 -1 1 -2 0 2 -1 1 -2 0 2 602 1 -2 0 2 -1 1 -2 0 2 -1 1 -2 0 2 -1 1 -2 0 2 -1 1 -2 0 2 -1 1 -2 0 2 -1 1 -2 0 2 -1 1 -2 0 2 -1 1 -2 0 2 -1 1 -2 0 2 -1 1 -2 0 2 -1 1 -2 0 2 -1 1 -2 0 2 -1 1 -2 0 2 -1 1 -2 0 2 -1 1 -2 0 2 -1 1 -2 0 2 -1 1 -2 0 2 -1 1 -2 0 2 -1 1 -2 0 2 -1 1 -2 0 2 -1 1 -2 0 2 -1 1 -2 0 2 -1 1 -2 0 2 -1 1 -2 0 2 -1 1 -2 0 2 -1 1 -2 0 2 -1 1 -2 0 2 -1 1 -2 0 2 -1 1 -2 0 2 -1 1 -2 0 2 -1 1 -2 0 2 -1 1 -2 0 2 -1 1 -2 0 2 -1 1 -2 0 2 -1 1 -2 0 2 -1 1 -2 0 2 -1 1 -2 0 2 -1 1 -2 0 2 -1 1 -2 0 2 -1 1 -2 0 2 -1 1 -2 0 2 -1 1 -2 0 2 -1 1 -2 0 2 -1 1 -2 0 2 -1 1 -2 0 2 -1 1 -2 0 2 -1 1 -2 0 2 -1 1 -2 0 2 -1 1 -2 0 2 -1 1 -2 0 2 -1 1 -2 0 2 -1 1 -2 0 2 -1 1 -2 0 2 -1
-2 1 -1 2 0 -2 1 -1 2 0 -2 1 -1 2 0 -2 1 -1 2 0 -2 1 -1 2 0 -2 1 -1 2 0 -2 1 -1 2 0 -2 1 -1 2 0 -2 1 -1 2 0 -2 1 -1 2 0 -2 1 -1 2 0 -2 1 -1 2 0 -2 1 -1 2 0 -2 1 -1 2 0 -2 1 -1 2 0 -2 1 -1 2 0 -2 1 -1 2 0 -2 1 -1 2 0 -2 1 -1 2 0 -2 1 -1 2 0 -2 1 -1 2 0 -2 1 -1 2 0 -2 1 -1 2 0 -2 1 -1 2 0 -2 1 -1 2 0 -2 1 -1 2 0 -2 1 -1 2 0 -2 1 -1 2 0 -2 1 -1 2 0 -2 1 -1 2 0 -2 1 -1 2 0 -2 1 -1 2 0 -2 1 -1 2 0 -2 1 -1 2 0 -2 1 -1 2 0 -2 1 -1 2 0 -2 1 -1 2 0 -2 1 -1 2 0 -2 1 -1 2 0 -2 1 -1 2 0 -2 1 -1 2 0 -2 1 -1 2 0 -2 1 -1 2 0 -2 1 -1 2 0 -2 1 -1 2 0 -2 1 -1 2 0 601 1 -1 2 0 -2 1 -1 2 0 -2 1 -1 2 0 -2 1 -1 2 0 -2 1 -1 2 0 -2 1 -1 2 0 -2 1 -1 2 0 -2 1 -1 2 0 -2 1 -1 2 0 -2 1 -1 2 0 -2 1 -1 2 0 -2 1 -1 2 0 -2 1 -1 2 0 -2 1 -1 2 0 -2 1 -1 2 0 -2 1 -1 2 0 -2 1 -1 2 0 -2 1 -1 2 0 -2 1 -1 2 0 -2 1 -1 2 0 -2 1 -1 2 0 -2 1 -1 2 0 -2 1 -1 2 0 -2 1 -1 2 0 -2 1 -1 2 0 -2 1 -1 2 0 -2 1 -1 2 0 -2 1 -1 2 0 -2 1 -1 2 0 -2 1 -1 2 0 -2 1 -1 2 0 -2 1 -1 2 0 -2 1 -1 2 0 -2 1 -1 2 0 -2 1 -1 2 0 -2 1 -1 2 0 -2 1 -1 2 0 -2 1 -1 2 0 -2 1 -1 2 0 -2 1 -1 2 0 -2 1 -1 2 0 -2 1 -1 2 0 -2 1 -1 2 0 -2 1 -1 2 0 -2 1 -1 2 0 -2 1 -1 2 0 -2 1 -1 2 0 -2 1 -1 2 0 -2 1 -1 2 0 -2 1 -1 2 0 -2 1 -1 2 0 -2 1 -1 2 0 -2 1 -1 2 0 -2 1 -1 2 0
0 -1 -2 2 1 0 -1 -2 2 1 0 -1 -2 2 1 0 -1 -2 2 1 0 -1 -2 2 1 0 -1 -2 2 1 0 -1 -2 2 1 0 -1 -2 2 1 0 -1 -2 2 1 0 -1 -2 2 1 0 -1 -2 2 1 0 -1 -2 2 1 0 -1 -2 2 1 0 -1 -2 2 1 0 -1 -2 2 1 0 -1 -2 2 1 0 -1 -2 2 1 0 -1 -2 2 1 0 -1 -2 2 1 0 -1 -2 2 1 0 -1 -2 2 1 0 -1 -2 2 1 0 -1 -2 2 1 0 -1 -2 2 1 0 -1 -2 2 1 0 -1 -2 2 1 0 -1 -2 2 1 0 -1 -2 2 1 0 -1 -2 2 1 0 -1 -2 2 1 0 -1 -2 2 1 0 -1 -2 2 1 0 -1 -2 2 1 0 -1 -2 2 1 0 -1 -2 2 1 0 -1 -2 2 1 0 -1 -2 2 1 0 -1 -2 2 1 0 -1 -2 2 1 0 -1 -2 2 1 0 -1 -2 2 1 0 -1 -2 2 1 0 -1 -2 2 1 0 -1 -2 2 1 0 -1 -2 2 1 0 -1 -2 2 1 0 602 -2 2 1 0 -1 -2 2 1 0 -1 -2 2 1 0 -1 -2 2 1 0 -1 -2 2 1 0 -1 -2 2 1 0 -1 -2 2 1 0 -1 -2 2 1 0 -1 -2 2 1 0 -1 -2 2 1 0 -1 -2 2 1 0 -1 -2 2 1 0 -1 -2 2 1 0 -1 -2 2 1 0 -1 -2 2 1 0 -1 -2 2 1 0 -1 -2 2 1 0 -1 -2 2 1 0 -1 -2 2 1 0 -1 -2 2 1 0 -1 -2 2 1 0 -1 -2 2 1 0 -1 -2 2 1 0 -1 -2 2 1 0 -1 -2 2 1 0 -1 -2 2 1 0 -1 -2 2 1 0 -1 -2 2 1 0 -1 -2 2 1 0 -1 -2 2 1 0 -1 -2 2 1 0 -1 -2 2 1 0 -1 -2 2 1 0 -1 -2 2 1 0 -1 -2 2 1 0 -1 -2 2 1 0 -1 -2 2 1 0 -1 -2 2 1 0 -1 -2 2 1 0 -1 -2 2 1 0 -1 -2 2 1 0 -1 -2 2 1 0 -1 -2 2 1 0 -1 -2 2 1 0 -1 -2 2 1 0 -1 -2 2 1 0 -1 -2 2 1 0 -1 -2 2 1 0 -1 -2 2 1 0 -1 -2 2 1 0 -1 -2 2 1 0 -1 -2 2 1 0 -1 -2 2 1 0 -1 -2 2 1
2 2 2 2 2 2 2 2 2 2 2 2 2 2 2 2 2 2 2 2 2 2 2 2 2 2 2 2 2 2 2 2 2 2 2 2 2 2 2 2 2 2 2 2 2 2 2 2 2 2 2 2 2 2 2 2 2 2 2 2 2 2 2 2 2 2 2 2 2 2 2 2 2 2 2 2 2 2 2 2 2 2 2 2 2 2 2 2 2 2 2 2 2 2 2 2 2 2 2 2 2 2 2 2 2 2 2 2 2 2 2 2 2 2 2 2 2 2 2 2 2 2 2 2 2 2 2 2 2 2 2 2 2 2 2 2 2 2 2 2 2 2 2 2 2 2 2 2 2 2 2 2 2 2 2 2 2 2 2 2 2 2 2 2 2 2 2 2 2 2 2 2 2 2 2 2 2 2 2 2 2 2 2 2 2 2 2 2 2 2 2 2 2 2 2 2 2 2 2 2 2 2 2 2 2 2 2 2 2 2 2 2 2 2 2 2 2 2 2 2 2 2 2 2 2 2 2 2 2 2 2 2 1001 2 2 2 2 2 2 2 2 2 2 2 2 2 2 2 2 2 2 2 2 2 2 2 2 2 2 2 2 2 2 2 2 2 2 2 2 2 2 2 2 2 2 2 2 2 2 2 2 2 2 2 2 2 2 2 2 2 2 2 2 2 2 2 2 2 2 2 2 2 2 2 2 2 2 2 2 2 2 2 2 2 2 2 2 2 2 2 2 2 2 2 2 2 2 2 2 2 2 2 2 2 2 2 2 2 2 2 2 2 2 2 2 2 2 2 2 2 2 2 2 2 2 2 2 2 2 2 2 2 2 2 2 2 2 2 2 2 2 2 2 2 2 2 2 2 2 2 2 2 2 2 2 2 2 2 2 2 2 2 2 2 2 2 2 2 2 2 2 2 2 2 2 2 2 2 2 2 2 2 2 2 2 2 2 2 2 2 2 2 2 2 2 2 2 2 2 2 2 2 2 2 2 2 2 2 2 2 2 2 2 2 2 2 2 2 2 2 2 2 2 2 2 2 2 2 2 2 2 2 2 2 2 2 2 2 2 2 2 2 2 2 2 2 2 2 2 2 2 2 2 2 2 2 2 2 2 2 2 2 2 2 2 2 2 2 2 2
-1 0 1 2 -2 -1 0 1 2 -2 -1 0 1 2 -2 -1 0 1 2 -2 -1 0 1 2 -2 -1 0 1 2 -2 -1 0 1 2 -2 -1 0 1 2 -2 -1 0 1 2 -2 -1 0 1 2 -2 -1 0 1 2 -2 -1 0 1 2 -2 -1 0 1 2 -2 -1 0 1 2 -2 -1 0 1 2 -2 -1 0 1 2 -2 -1 0 1 2 -2 -1 0 1 2 -2 -1 0 1 2 -2 -1 0 1 2 -2 -1 0 1 2 -2 -1 0 1 2 -2 -1 0 1 2 -2 -1 0 1 2 -2 -1 0 1 2 -2 -1 0 1 2 -2 -1 0 1 2 -2 -1 0 1 2 -2 -1 0 1 2 -2 -1 0 1 2 -2 -1 0 1 2 -2 -1 0 1 2 -2 -1 0 1 2 -2 -1 0 1 2 -2 -1 0 1 2 -2 -1 0 1 2 -2 -1 0 1 2 -2 -1 0 1 2 -2 -1 0 1 2 -2 -1 0 1 2 -2 -1 0 1 2 -2 -1 0 1 2 -2 -1 0 1 2 -2 -1 0 1 2 -2 -1 0 1 2 -2 -1 0 1 2 -2 -1 0 1 601 -2 -1 0 1 2 -2 -1 0 1 2 -2 -1 0 1 2 -2 -1 0 1 2 -2 -1 0 1 2 -2 -1 0 1 2 -2 -1 0 1 2 -2 -1 0 1 2 -2 -1 0 1 2 -2 -1 0 1 2 -2 -1 0 1 2 -2 -1 0 1 2 -2 -1 0 1 2 -2 -1 0 1 2 -2 -1 0 1 2 -2 -1 0 1 2 -2 -1 0 1 2 -2 -1 0 1 2 -2 -1 0 1 2 -2 -1 0 1 2 -2 -1 0 1 2 -2 -1 0 1 2 -2 -1 0 1 2 -2 -1 0 1 2 -2 -1 0 1 2 -2 -1 0 1 2 -2 -1 0 1 2 -2 -1 0 1 2 -2 -1 0 1 2 -2 -1 0 1 2 -2 -1 0 1 2 -2 -1 0 1 2 -2 -1 0 1 2 -2 -1 0 1 2 -2 -1 0 1 2 -2 -1 0 1 2 -2 -1 0 1 2 -2 -1 0 1 2 -2 -1 0 1 2 -2 -1 0 1 2 -2 -1 0 1 2 -2 -1 0 1 2 -2 -1 0 1 2 -2 -1 0 1 2 -2 -1 0 1 2 -2 -1 0 1 2 -2 -1 0 1 2 -2 -1 0 1 2 -2 -1 0 1 2 -2 -1 0 1 2 -2 -1 0 1 2 -2 -1 0 1 2 -2 -1 0 1 2 -2
1 -2 0 2 -1 1 -2 0 2 -1 1 -2 0 2 -1 1 -2 0 2 -1 1 -2 0 2 -1 1 -2 0 2 -1 1 -2 0 2 -1 1 -2 0 2 -1 1 -2 0 2 -1 1 -2 0 2 -1 1 -2 0 2 -1 1 -2 0 2 -1 1 -2 0 2 -1 1 -2 0 2 -1 1 -2 0 2 -1 1 -2 0 2 -1 1 -2 0 2 -1 1 -2 0 2 -1 1 -2 0 2 -1 1 -2 0 2 -1 1 -2 0 2 -1 1 -2 0 2 -1 1 -2 0 2 -1 1 -2 0 2 -1 1 -2 0 2 -1 1 -2 0 2 -1 1 -2 0 2 -1 1 -2 0 2 -1 1 -2 0 2 -1 1 -2 0 2 -1 1 -2 0 2 -1 1 -2 0 2 -1 1 -2 0 2 -1 1 -2 0 2 -1 1 -2 0 2 -1 1 -2 0 2 -1 1 -2 0 2 -1 1 -2 0 2 -1 1 -2 0 2 -1 1 -2 0 2 -1 1 -2 0 2 -1 1 -2 0 2 -1 1 -2 0 2 -1 1 -2 0 2 -1 1 -2 0 2 -1 1 -2 0 2 -1 1 -2 0 2 602 1 -2 0 2 -1 1 -2 0 2 -1 1 -2 0 2 -1 1 -2 0 2 -1 1 -2 0 2 -1 1 -2 0 2 -1 1 -2 0 2 -1 1 -2 0 2 -1 1 -2 0 2 -1 1 -2 0 2 -1 1 -2 0 2 -1 1 -2 0 2 -1 1 -2 0 2 -1 1 -2 0 2 -1 1 -2 0 2 -1 1 -2 0 2 -1 1 -2 0 2 -1 1 -2 0 2 -1 1 -2 0 2 -1 1 -2 0 2 -1 1 -2 0 2 -1 1 -2 0 2 -1 1 -2 0 2 -1 1 -2 0 2 -1 1 -2 0 2 -1 1 -2 0 2 -1 1 -2 0 2 -1 1 -2 0 2 -1 1 -2 0 2 -1 1 -2 0 2 -1 1 -2 0 2 -1 1 -2 0 2 -1 1 -2 0 2 -1 1 -2 0 2 -1 1 -2 0 2 -1 1 -2 0 2 -1 1 -2 0 2 -1 1 -2 0 2 -1 1 -2 0 2 -1 1 -2 0 2 -1 1 -2 0 2 -1 1 -2 0 2 -1 1 -2 0 2 -1 1 -2 0 2 -1 1 -2 0 2 -1 1 -2 0 2 -1 1 -2 0 2 -1 1 -2 0 2 -1 1 -2 0 2 -1 1 -2 0 2 -1 1 -2 0 2 -1 1 -2 0 2 -1 1 -2 0 2 -1
-2 1 -1 2 0 -2 1 -1 2 0 -2 1 -1 2 0 -2 1 -1 2 0 -2 1 -1 2 0 -2 1 -1 2 0 -2 1 -1 2 0 -2 1 -1 2 0 -2 1 -1 2 0 -2 1 -1 2 0 -2 1 -1 2 0 -2 1 -1 2 0 -2 1 -1 2 0 -2 1 -1 2 0 -2 1 -1 2 0 -2 1 -1 2 0 -2 1 -1 2 0 -2 1 -1 2 0 -2 1 -1 2 0 -2 1 -1 2 0 -2 1 -1 2 0 -2 1 -1 2 0 -2 1 -1 2 0 -2 1 -1 2 0 -2 1 -1 2 0 -2 1 -1 2 0 -2 1 -1 2 0 -2 1 -1 2 0 -2 1 -1 2 0 -2 1 -1 2 0 -2 1 -1 2 0 -2 1 -1 2 0 -2 1 -1 2 0 -2 1 -1 2 0 -2 1 -1 2 0 -2 1 -1 2 0 -2 1 -1 2 0 -2 1 -1 2 0 -2 1 -1 2 0 -2 1 -1 2 0 -2 1 -1 2 0 -2 1 -1 2 0 -2 1 -1 2 0 -2 1 -1 2 0 -2 1 -1 2 0 -2 1 -1 2 0 -2 1 -1 2 0 601 1 -1 2 0 -2 1 -1 2 0 -2 1 -1 2 0 -2 1 -1 2 0 -2 1 -1 2 0 -2 1 -1 2 0 -2 1 -1 2 0 -2 1 -1 2 0 -2 1 -1 2 0 -2 1 -1 2 0 -2 1 -1 2 0 -2 1 -1 2 0 -2 1 -1 2 0 -2 1 -1 2 0 -2 1 -1 2 0 -2 1 -1 2 0 -2 1 -1 2 0 -2 1 -1 2 0 -2 1 -1 2 0 -2 1 -1 2 0 -2 1 -1 2 0 -2 1 -1 2 0 -2 1 -1 2 0 -2 1 -1 2 0 -2 1 -1 2 0 -2 1 -1 2 0 -2 1 -1 2 0 -2 1 -1 2 0 -2 1 -1 2 0 -2 1 -1 2 0 -2 1 -1 2 0 -2 1 -1 2 0 -2 1 -1 2 0 -2 1 -1 2 0 -2 1 -1 2 0 -2 1 -1 2 0 -2 1 -1 2 0 -2 1 -1 2 0 -2 1 -1 2 0 -2 1 -1 2 0 -2 1 -1 2 0 -2 1 -1 2 0 -2 1 -1 2 0 -2 1 -1 2 0 -2 1 -1 2 0 -2 1 -1 2 0 -2 1 -1 2 0 -2 1 -1 2 0 -2 1 -1 2 0 -2 1 -1 2 0 -2 1 -1 2 0 -2 1 -1 2 0 -2 1 -1 2 0
0 -1 -2 2 1 0 -1 -2 2 1 0 -1 -2 2 1 0 -1 -2 2 1 0 -1 -2 2 1 0 -1 -2 2 1 0 -1 -2 2 1 0 -1 -2 2 1 0 -1 -2 2 1 0 -1 -2 2 1 0 -1 -2 2 1 0 -1 -2 2 1 0 -1 -2 2 1 0 -1 -2 2 1 0 -1 -2 2 1 0 -1 -2 2 1 0 -1 -2 2 1 0 -1 -2 2 1 0 -1 -2 2 1 0 -1 -2 2 1 0 -1 -2 2 1 0 -1 -2 2 1 0 -1 -2 2 1 0 -1 -2 2 1 0 -1 -2 2 1 0 -1 -2 2 1 0 -1 -2 2 1 0 -1 -2 2 1 0 -1 -2 2 1 0 -1 -2 2 1 0 -1 -2 2 1 0 -1 -2 2 1 0 -1 -2 2 1 0 -1 -2 2 1 0 -1 -2 2 1 0 -1 -2 2 1 0 -1 -2 2 1 0 -1 -2 2 1 0 -1 -2 2 1 0 -1 -2 2 1 0 -1 -2 2 1 0 -1 -2 2 1 0 -1 -2 2 1 0 -1 -2 2 1 0 -1 -2 2 1 0 -1 -2 2 1 0 -1 -2 2 1 0 602 -2 2 1 0 -1 -2 2 1 0 -1 -2 2 1 0 -1 -2 2 1 0 -1 -2 2 1 0 -1 -2 2 1 0 -1 -2 2 1 0 -1 -2 2 1 0 -1 -2 2 1 0 -1 -2 2 1 0 -1 -2 2 1 0 -1 -2 2 1 0 -1 -2 2 1 0 -1 -2 2 1 0 -1 -2 2 1 0 -1 -2 2 1 0 -1 -2 2 1 0 -1 -2 2 1 0 -1 -2 2 1 0 -1 -2 2 1 0 -1 -2 2 1 0 -1 -2 2 1 0 -1 -2 2 1 0 -1 -2 2 1 0 -1 -2 2 1 0 -1 -2 2 1 0 -1 -2 2 1 0 -1 -2 2 1 0 -1 -2 2 1 0 -1 -2 2 1 0 -1 -2 2 1 0 -1 -2 2 1 0 -1 -2 2 1 0 -1 -2 2 1 0 -1 -2 2 1 0 -1 -2 2 1 0 -1 -2 2 1 0 -1 -2 2 1 0 -1 -2 2 1 0 -1 -2 2 1 0 -1 -2 2 1 0 -1 -2 2 1 0 -1 -2 2 1 0 -1 -2 2 1 0 -1 -2 2 1 0 -1 -2 2 1 0 -1 -2 2 1 0 -1 -2 2 1 0 -1 -2 2 1 0 -1 -2 2 1 0 -1 -2 2 1 0 -1 -2 2 1 0 -1 -2 2 1
2 2 2 2 2 2 2 2 2 2 2 2 2 2 2 2 2 2 2 2 2 2 2 2 2 2 2 2 2 2 2 2 2 2 2 2 2 2 2 2 2 2 2 2 2 2 2 2 2 2 2 2 2 2 2 2 2 2 2 2 2 2 2 2 2 2 2 2 2 2 2 2 2 2 2 2 2 2 2 2 2 2 2 2 2 2 2 2 2 2 2 2 2 2 2 2 2 2 2 2 2 2 2 2 2 2 2 2 2 2 2 2 2 2 2 2 2 2 2 2 2 2 2 2 2 2 2 2 2 2 2 2 2 2 2 2 2 2 2 2 2 2 2 2 2 2 2 2 2 2 2 2 2 2 2 2 2 2 2 2 2 2 2 2 2 2 2 2 2 2 2 2 2 2 2 2 2 2 2 2 2 2 2 2 2 2 2 2 2 2 2 2 2 2 2 2 2 2 2 2 2 2 2 2 2 2 2 2 2 2 2 2 2 2 2 2 2 2 2 2 2 2 2 2 2 2 2 2 2 2 2 2 2 2 2 2 2 1001 2 2 2 2 2 2 2 2 2 2 2 2 2 2 2 2 2 2 2 2 2 2 2 2 2 2 2 2 2 2 2 2 2 2 2 2 2 2 2 2 2 2 2 2 2 2 2 2 2 2 2 2 2 2 2 2 2 2 2 2 2 2 2 2 2 2 2 2 2 2 2 2 2 2 2 2 2 2 2 2 2 2 2 2 2 2 2 2 2 2 2 2 2 2 2 2 2 2 2 2 2 2 2 2 2 2 2 2 2 2 2 2 2 2 2 2 2 2 2 2 2 2 2 2 2 2 2 2 2 2 2 2 2 2 2 2 2 2 2 2 2 2 2 2 2 2 2 2 2 2 2 2 2 2 2 2 2 2 2 2 2 2 2 2 2 2 2 2 2 2 2 2 2 2 2 2 2 2 2 2 2 2 2 2 2 2 2 2 2 2 2 2 2 2 2 2 2 2 2 2 2 2 2 2 2 2 2 2 2 2 2 2 2 2 2 2 2 2 2 2 2 2 2 2 2 2 2 2 2 2 2 2 2 2 2 2 2 2 2 2 2 2 2 2 2 2 2 2 2 2 2 2 2 2 2 2 2 2 2 2 2 2
-1 0 1 2 -2 -1 0 1 2 -2 -1 0 1 2 -2 -1 0 1 2 -2 -1 0 1 2 -2 -1 0 1 2 -2 -1 0 1 2 -2 -1 0 1 2 -2 -1 0 1 2 -2 -1 0 1 2 -2 -1 0 1 2 -2 -1 0 1 2 -2 -1 0 1 2 -2 -1 0 1 2 -2 -1 0 1 2 -2 -1 0 1 2 -2 -1 0 1 2 -2 -1 0 1 2 -2 -1 0 1 2 -2 -1 0 1 2 -2 -1 0 1 2 -2 -1 0 1 2 -2 -1 0 1 2 -2 -1 0 1 2 -2 -1 0 1 2 -2 -1 0 1 2 -2 -1 0 1 2 -2 -1 0 1 2 -2 -1 0 1 2 -2 -1 0 1 2 -2 -1 0 1 2 -2 -1 0 1 2 -2 -1 0 1 2 -2 -1 0 1 2 -2 -1 0 1 2 -2 -1 0 1 2 -2 -1 0 1 2 -2 -1 0 1 2 -2 -1 0 1 2 -2 -1 0 1 2 -2 -1 0 1 2 -2 -1 0 1 2 -2 -1 0 1 2 -2 -1 0 1 2 -2 -1 0 1 2 -2 -1 0 1 2 -2 -1 0 1 2 -2 -1 0 1 601 -2 -1 0 1 2 -2 -1 0 1 2 -2 -1 0 1 2 -2 -1 0 1 2 -2 -1 0 1 2 -2 -1 0 1 2 -2 -1 0 1 2 -2 -1 0 1 2 -2 -1 0 1 2 -2 -1 0 1 2 -2 -1 0 1 2 -2 -1 0 1 2 -2 -1 0 1 2 -2 -1 0 1 2 -2 -1 0 1 2 -2 -1 0 1 2 -2 -1 0 1 2 -2 -1 0 1 2 -2 -1 0 1 2 -2 -1 0 1 2 -2 -1 0 1 2 -2 -1 0 1 2 -2 -1 0 1 2 -2 -1 0 1 2 -2 -1 0 1 2 -2 -1 0 1 2 -2 -1 0 1 2 -2 -1 0 1 2 -2 -1 0 1 2 -2 -1 0 1 2 -2 -1 0 1 2 -2 -1 0 1 2 -2 -1 0 1 2 -2 -1 0 1 2 -2 -1 0 1 2 -2 -1 0 1 2 -2 -1 0 1 2 -2 -1 0 1 2 -2 -1 0 1 2 -2 -1 0 1 2 -2 -1 0 1 2 -2 -1 0 1 2 -2 -1 0 1 2 -2 -1 0 1 2 -2 -1 0 1 2 -2 -1 0 1 2 -2 -1 0 1 2 -2 -1 0 1 2 -2 -1 0 1 2 -2 -1 0 1 2 -2 -1 0 1 2 -2 -1 0 1 2 -2
1 -2 0 2 -1 1 -2 0 2 -1 1 -2 0 2 -1 1 -2 0 2 -1 1 -2 0 2 -1 1 -2 0 2 -1 1 -2 0 2 -1 1 -2 0 2 -1 1 -2 0 2 -1 1 -2 0 2 -1 1 -2 0 2 -1 1 -2 0 2 -1 1 -2 0 2 -1 1 -2 0 2 -1 1 -2 0 2 -1 1 -2 0 2 -1 1 -2 0 2 -1 1 -2 0 2 -1 1 -2 0 2 -1 1 -2 0 2 -1 1 -2 0 2 -1 1 -2 0 2 -1 1 -2 0 2 -1 1 -2 0 2 -1 1 -2 0 2 -1 1 -2 0 2 -1 1 -2 0 2 -1 1 -2 0 2 -1 1 -2 0 2 -1 1 -2 0 2 -1 1 -2 0 2 -1 1 -2 0 2 -1 1 -2 0 2 -1 1 -2 0 2 -1 1 -2 0 2 -1 1 -2 0 2 -1 1 -2 0 2 -1 1 -2 0 2 -1 1 -2 0 2 -1 1 -2 0 2 -1 1 -2 0 2 -1 1 -2 0 2 -1 1 -2 0 2 -1 1 -2 0 2 -1 1 -2 0 2 -1 1 -2 0 2 -1 1 -2 0 2 -1 1 -2 0 2 602 1 -2 0 2 -1 1 -2 0 2 -1 1 -2 0 2 -1 1 -2 0 2 -1 1 -2 0 2 -1 1 -2 0 2 -1 1 -2 0 2 -1 1 -2 0 2 -1 1 -2 0 2 -1 1 -2 0 2 -1 1 -2 0 2 -1 1 -2 0 2 -1 1 -2 0 2 -1 1 -2 0 2 -1 1 -2 0 2 -1 1 -2 0 2 -1 1 -2 0 2 -1 1 -2 0 2 -1 1 -2 0 2 -1 1 -2 0 2 -1 1 -2 0 2 -1 1 -2 0 2 -1 1 -2 0 2 -1 1 -2 0 2 -1 1 -2 0 2 -1 1 -2 0 2 -1 1 -2 0 2 -1 1 -2 0 2 -1 1 -2 0 2 -1 1 -2 0 2 -1 1 -2 0 2 -1 1 -2 0 2 -1 1 -2 0 2 -1 1 -2 0 2 -1 1 -2 0 2 -1 1 -2 0 2 -1 1 -2 0 2 -1 1 -2 0 2 -1 1 -2 0 2 -1 1 -2 0 2 -1 1 -2 0 2 -1 1 -2 0 2 -1 1 -2 0 2 -1 1 -2 0 2 -1 1 -2 0 2 -1 1 -2 0 2 -1 1 -2 0 2 -1 1 -2 0 2 -1 1 -2 0 2 -1 1 -2 0 2 -1 1 -2 0 2 -1 1 -2 0 2 -1
-2 1 -1 2 0 -2 1 -1 2 0 -2 1 -1 2 0 -2 1 -1 2 0 -2 1 -1 2 0 -2 1 -1 2 0 -2 1 -1 2 0 -2 1 -1 2 0 -2 1 -1 2 0 -2 1 -1 2 0 -2 1 -1 2 0 -2 1 -1 2 0 -2 1 -1 2 0 -2 1 -1 2 0 -2 1 -1 2 0 -2 1 -1 2 0 -2 1 -1 2 0 -2 1 -1 2 0 -2 1 -1 2 0 -2 1 -1 2 0 -2 1 -1 2 0 -2 1 -1 2 0 -2 1 -1 2 0 -2 1 -1 2 0 -2 1 -1 2 0 -2 1 -1 2 0 -2 1 -1 2 0 -2 1 -1 2 0 -2 1 -1 2 0 -2 1 -1 2 0 -2 1 -1 2 0 -2 1 -1 2 0 -2 1 -1 2 0 -2 1 -1 2 0 -2 1 -1 2 0 -2 1 -1 2 0 -2 1 -1 2 0 -2 1 -1 2 0 -2 1 -1 2 0 -2 1 -1 2 0 -2 1 -1 2 0 -2 1 -1 2 0 -2 1 -1 2 0 -2 1 -1 2 0 -2 1 -1 2 0 -2 1 -1 2 0 -2 1 -1 2 0 -2 1 -1 2 0 601 1 -1 2 0 -2 1 -1 2 0 -2 1 -1 2 0 -2 1 -1 2 0 -2 1 -1 2 0 -2 1 -1 2 0 -2 1 -1 2 0 -2 1 -1 2 0 -2 1 -1 2 0 -2 1 -1 2 0 -2 1 -1 2 0 -2 1 -1 2 0 -2 1 -1 2 0 -2 1 -1 2 0 -2 1 -1 2 0 -2 1 -1 2 0 -2 1 -1 2 0 -2 1 -1 2 0 -2 1 -1 2 0 -2 1 -1 2 0 -2 1 -1 2 0 -2 1 -1 2 0 -2 1 -1 2 0 -2 1 -1 2 0 -2 1 -1 2 0 -2 1 -1 2 0 -2 1 -1 2 0 -2 1 -1 2 0 -2 1 -1 2 0 -2 1 -1 2 0 -2 1 -1 2 0 -2 1 -1 2 0 -2 1 -1 2 0 -2 1 -1 2 0 -2 1 -1 2 0 -2 1 -1 2 0 -2 1 -1 2 0 -2 1 -1 2 0 -2 1 -1 2 0 -2 1 -1 2 0 -2 1 -1 2 0 -2 1 -1 2 0 -2 1 -1 2 0 -2 1 -1 2 0 -2 1 -1 2 0 -2 1 -1 2 0 -2 1 -1 2 0 -2 1 -1 2 0 -2 1 -1 2 0 -2 1 -1 2 0 -2 1 -1 2 0 -2 1 -1 2 0
0 -1 -2 2 1 0 -1 -2 2 1 0 -1 -2 2 1 0 -1 -2 2 1 0 -1 -2 2 1 0 -1 -2 2 1 0 -1 -2 2 1 0 -1 -2 2 1 0 -1 -2 2 1 0 -1 -2 2 1 0 -1 -2 2 1 0 -1 -2 2 1 0 -1 -2 2 1 0 -1 -2 2 1 0 -1 -2 2 1 0 -1 -2 2 1 0 -1 -2 2 1 0 -1 -2 2 1 0 -1 -2 2 1 0 -1 -2 2 1 0 -1 -2 2 1 0 -1 -2 2 1 0 -1 -2 2 1 0 -1 -2 2 1 0 -1 -2 2 1 0 -1 -2 2 1 0 -1 -2 2 1 0 -1 -2 2 1 0 -1 -2 2 1 0 -1 -2 2 1 0 -1 -2 2 1 0 -1 -2 2 1 0 -1 -2 2 1 0 -1 -2 2 1 0 -1 -2 2 1 0 -1 -2 2 1 0 -1 -2 2 1 0 -1 -2 2 1 0 -1 -2 2 1 0 -1 -2 2 1 0 -1 -2 2 1 0 -1 -2 2 1 0 -1 -2 2 1 0 -1 -2 2 1 0 -1 -2 2 1 0 -1 -2 2 1 0 -1 -2 2 1 0 -1 -2 2 1 0 602 -2 2 1 0 -1 -2 2 1 0 -1 -2 2 1 0 -1 -2 2 1 0 -1 -2 2 1 0 -1 -2 2 1 0 -1 -2 2 1 0 -1 -2 2 1 0 -1 -2 2 1 0 -1 -2 2 1 0 -1 -2 2 1 0 -1 -2 2 1 0 -1 -2 2 1 0 -1 -2 2 1 0 -1 -2 2 1 0 -1 -2 2 1 0 -1 -2 2 1 0 -1 -2 2 1 0 -1 -2 2 1 0 -1 -2 2 1 0 -1 -2 2 1 0 -1 -2 2 1 0 -1 -2 2 1 0 -1 -2 2 1 0 -1 -2 2 1 0 -1 -2 2 1 0 -1 -2 2 1 0 -1 -2 2 1 0 -1 -2 2 1 0 -1 -2 2 1 0 -1 -2 2 1 0 -1 -2 2 1 0 -1 -2 2 1 0 -1 -2 2 1 0 -1 -2 2 1 0 -1 -2 2 1 0 -1 -2 2 1 0 -1 -2 2 1 0 -1 -2 2 1 0 -1 -2 2 1 0 -1 -2 2 1 0 -1 -2 2 1 0 -1 -2 2 1 0 -1 -2 2 1 0 -1 -2 2 1 0 -1 -2 2 1 0 -1 -2 2 1 0 -1 -2 2 1 0 -1 -2 2 1 0 -1 -2 2 1 0 -1 -2 2 1 0 -1 -2 2 1
2 2 2 2 2 2 2 2 2 2 2 2 2 2 2 2 2 2 2 2 2 2 2 2 2 2 2 2 2 2 2 2 2 2 2 2 2 2 2 2 2 2 2 2 2 2 2 2 2 2 2 2 2 2 2 2 2 2 2 2 2 2 2 2 2 2 2 2 2 2 2 2 2 2 2 2 2 2 2 2 2 2 2 2 2 2 2 2 2 2 2 2 2 2 2 2 2 2 2 2 2 2 2 2 2 2 2 2 2 2 2 2 2 2 2 2 2 2 2 2 2 2 2 2 2 2 2 2 2 2 2 2 2 2 2 2 2 2 2 2 2 2 2 2 2 2 2 2 2 2 2 2 2 2 2 2 2 2 2 2 2 2 2 2 2 2 2 2 2 2 2 2 2 2 2 2 2 2 2 2 2 2 2 2 2 2 2 2 2 2 2 2 2 2 2 2 2 2 2 2 2 2 2 2 2 2 2 2 2 2 2 2 2 2 2 2 2 2 2 2 2 2 2 2 2 2 2 2 2 2 2 2 2 2 2 2 2 2 2 2 2 2 1001 2 2 2 2 2 2 2 2 2 2 2 2 2 2 2 2 2 2 2 2 2 2 2 2 2 2 2 2 2 2 2 2 2 2 2 2 2 2 2 2 2 2 2 2 2 2 2 2 2 2 2 2 2 2 2 2 2 2 2 2 2 2 2 2 2 2 2 2 2 2 2 2 2 2 2 2 2 2 2 2 2 2 2 2 2 2 2 2 2 2 2 2 2 2 2 2 2 2 2 2 2 2 2 2 2 2 2 2 2 2 2 2 2 2 2 2 2 2 2 2 2 2 2 2 2 2 2 2 2 2 2 2 2 2 2 2 2 2 2 2 2 2 2 2 2 2 2 2 2 2 2 2 2 2 2 2 2 2 2 2 2 2 2 2 2 2 2 2 2 2 2 2 2 2 2 2 2 2 2 2 2 2 2 2 2 2 2 2 2 2 2 2 2 2 2 2 2 2 2 2 2 2 2 2 2 2 2 2 2 2 2 2 2 2 2 2 2 2 2 2 2 2 2 2 2 2 2 2 2 2 2 2 2 2 2 2 2 2 2 2 2 2 2 2 2 2 2 2 2 2 2 2 2 2 2 2 2
-1 0 1 2 -2 -1 0 1 2 -2 -1 0 1 2 -2 -1 0 1 2 -2 -1 0 1 2 -2 -1 0 1 2 -2 -1 0 1 2 -2 -1 0 1 2 -2 -1 0 1 2 -2 -1 0 1 2 -2 -1 0 1 2 -2 -1 0 1 2 -2 -1 0 1 2 -2 -1 0 1 2 -2 -1 0 1 2 -2 -1 0 1 2 -2 -1 0 1 2 -2 -1 0 1 2 -2 -1 0 1 2 -2 -1 0 1 2 -2 -1 0 1 2 -2 -1 0 1 2 -2 -1 0 1 2 -2 -1 0 1 2 -2 -1 0 1 2 -2 -1 0 1 2 -2 -1 0 1 2 -2 -1 0 1 2 -2 -1 0 1 2 -2 -1 0 1 2 -2 -1 0 1 2 -2 -1 0 1 2 -2 -1 0 1 2 -2 -1 0 1 2 -2 -1 0 1 2 -2 -1 0 1 2 -2 -1 0 1 2 -2 -1 0 1 2 -2 -1 0 1 2 -2 -1 0 1 2 -2 -1 0 1 2 -2 -1 0 1 2 -2 -1 0 1 2 -2 -1 0 1 2 -2 -1 0 1 2 -2 -1 0 1 2 -2 -1 0 1 2 -2 -1 0 1 2 -2 -1 0 1 601 -2 -1 0 1 2 -2 -1 0 1 2 -2 -1 0 1 2 -2 -1 0 1 2 -2 -1 0 1 2 -2 -1 0 1 2 -2 -1 0 1 2 -2 -1 0 1 2 -2 -1 0 1 2 -2 -1 0 1 2 -2 -1 0 1 2 -2 -1 0 1 2 -2 -1 0 1 2 -2 -1 0 1 2 -2 -1 0 1 2 -2 -1 0 1 2 -2 -1 0 1 2 -2 -1 0 1 2 -2 -1 0 1 2 -2 -1 0 1 2 -2 -1 0 1 2 -2 -1 0 1 2 -2 -1 0 1 2 -2 -1 0 1 2 -2 -1 0 1 2 -2 -1 0 1 2 -2 -1 0 1 2 -2 -1 0 1 2 -2 -1 0 1 2 -2 -1 0 1 2 -2 -1 0 1 2 -2 -1 0 1 2 -2 -1 0 1 2 -2 -1 0 1 2 -2 -1 0 1 2 -2 -1 0 1 2 -2 -1 0 1 2 -2 -1 0 1 2 -2 -1 0 1 2 -2 -1 0 1 2 -2 -1 0 1 2 -2 -1 0 1 2 -2 -1 0 1 2 -2 -1 0 1 2 -2 -1 0 1 2 -2 -1 0 1 2 -2 -1 0 1 2 -2 -1 0 1 2 -2 -1 0 1 2 -2 -1 0 1 2 -2 -1 0 1 2 -2
1 -2 0 2 -1 1 -2 0 2 -1 1 -2 0 2 -1 1 -2 0 2 -1 1 -2 0 2 -1 1 -2 0 2 -1 1 -2 0 2 -1 1 -2 0 2 -1 1 -2 0 2 -1 1 -2 0 2 -1 1 -2 0 2 -1 1 -2 0 2 -1 1 -2 0 2 -1 1 -2 0 2 -1 1 -2 0 2 -1 1 -2 0 2 -1 1 -2 0 2 -1 1 -2 0 2 -1 1 -2 0 2 -1 1 -2 0 2 -1 1 -2 0 2 -1 1 -2 0 2 -1 1 -2 0 2 -1 1 -2 0 2 -1 1 -2 0 2 -1 1 -2 0 2 -1 1 -2 0 2 -1 1 -2 0 2 -1 1 -2 0 2 -1 1 -2 0 2 -1 1 -2 0 2 -1 1 -2 0 2 -1 1 -2 0 2 -1 1 -2 0 2 -1 1 -2 0 2 -1 1 -2 0 2 -1 1 -2 0 2 -1 1 -2 0 2 -1 1 -2 0 2 -1 1 -2 0 2 -1 1 -2 0 2 -1 1 -2 0 2 -1 1 -2 0 2 -1 1 -2 0 2 -1 1 -2 0 2 -1 1 -2 0 2 -1 1 -2 0 2 -1 1 -2 0 2 -1 1 -2 0 2 602 1 -2 0 2 -1 1 -2 0 2 -1 1 -2 0 2 -1 1 -2 0 2 -1 1 -2 0 2 -1 1 -2 0 2 -1 1 -2 0 2 -1 1 -2 0 2 -1 1 -2 0 2 -1 1 -2 0 2 -1 1 -2 0 2 -1 1 -2 0 2 -1 1 -2 0 2 -1 1 -2 0 2 -1 1 -2 0 2 -1 1 -2 0 2 -1 1 -2 0 2 -1 1 -2 0 2 -1 1 -2 0 2 -1 1 -2 0 2 -1 1 -2 0 2 -1 1 -2 0 2 -1 1 -2 0 2 -1 1 -2 0 2 -1 1 -2 0 2 -1 1 -2 0 2 -1 1 -2 0 2 -1 1 -2 0 2 -1 1 -2 0 2 -1 1 -2 0 2 -1 1 -2 0 2 -1 1 -2 0 2 -1 1 -2 0 2 -1 1 -2 0 2 -1 1 -2 0 2 -1 1 -2 0 2 -1 1 -2 0 2 -1 1 -2 0 2 -1 1 -2 0 2 -1 1 -2 0 2 -1 1 -2 0 2 -1 1 -2 0 2 -1 1 -2 0 2 -1 1 -2 0 2 -1 1 -2 0 2 -1 1 -2 0 2 -1 1 -2 0 2 -1 1 -2 0 2 -1 1 -2 0 2 -1 1 -2 0 2 -1 1 -2 0 2 -1
-2 1 -1 2 0 -2 1 -1 2 0 -2 1 -1 2 0 -2 1 -1 2 0 -2 1 -1 2 0 -2 1 -1 2 0 -2 1 -1 2 0 -2 1 -1 2 0 -2 1 -1 2 0 -2 1 -1 2 0 -2 1 -1 2 0 -2 1 -1 2 0 -2 1 -1 2 0 -2 1 -1 2 0 -2 1 -1 2 0 -2 1 -1 2 0 -2 1 -1 2 0 -2 1 -1 2 0 -2 1 -1 2 0 -2 1 -1 2 0 -2 1 -1 2 0 -2 1 -1 2 0 -2 1 -1 2 0 -2 1 -1 2 0 -2 1 -1 2 0 -2 1 -1 2 0 -2 1 -1 2 0 -2 1 -1 2 0 -2 1 -1 2 0 -2 1 -1 2 0 -2 1 -1 2 0 -2 1 -1 2 0 -2 1 -1 2 0 -2 1 -1 2 0 -2 1 -1 2 0 -2 1 -1 2 0 -2 1 -1 2 0 -2 1 -1 2 0 -2 1 -1 2 0 -2 1 -1 2 0 -2 1 -1 2 0 -2 1 -1 2 0 -2 1 -1 2 0 -2 1 -1 2 0 -2 1 -1 2 0 -2 1 -1 2 0 -2 1 -1 2 0 -2 1 -1 2 0 -2 1 -1 2 0 601 1 -1 2 0 -2 1 -1 2 0 -2 1 -1 2 0 -2 1 -1 2 0 -2 1 -1 2 0 -2 1 -1 2 0 -2 1 -1 2 0 -2 1 -1 2 0 -2 1 -1 2 0 -2 1 -1 2 0 -2 1 -1 2 0 -2 1 -1 2 0 -2 1 -1 2 0 -2 1 -1 2 0 -2 1 -1 2 0 -2 1 -1 2 0 -2 1 -1 2 0 -2 1 -1 2 0 -2 1 -1 2 0 -2 1 -1 2 0 -2 1 -1 2 0 -2 1 -1 2 0 -2 1 -1 2 0 -2 1 -1 2 0 -2 1 -1 2 0 -2 1 -1 2 0 -2 1 -1 2 0 -2 1 -1 2 0 -2 1 -1 2 0 -2 1 -1 2 0 -2 1 -1 2 0 -2 1 -1 2 0 -2 1 -1 2 0 -2 1 -1 2 0 -2 1 -1 2 0 -2 1 -1 2 0 -2 1 -1 2 0 -2 1 -1 2 0 -2 1 -1 2 0 -2 1 -1 2 0 -2 1 -1 2 0 -2 1 -1 2 0 -2 1 -1 2 0 -2 1 -1 2 0 -2 1 -1 2 0 -2 1 -1 2 0 -2 1 -1 2 0 -2 1 -1 2 0 -2 1 -1 2 0 -2 1 -1 2 0 -2 1 -1 2 0
0 -1 -2 2 1 0 -1 -2 2 1 0 -1 -2 2 1 0 -1 -2 2 1 0 -1 -2 2 1 0 -1 -2 2 1 0 -1 -2 2 1 0 -1 -2 2 1 0 -1 -2 2 1 0 -1 -2 2 1 0 -1 -2 2 1 0 -1 -2 2 1 0 -1 -2 2 1 0 -1 -2 2 1 0 -1 -2 2 1 0 -1 -2 2 1 0 -1 -2 2 1 0 -1 -2 2 1 0 -1 -2 2 1 0 -1 -2 2 1 0 -1 -2 2 1 0 -1 -2 2 1 0 -1 -2 2 1 0 -1 -2 2 1 0 -1 -2 2 1 0 -1 -2 2 1 0 -1 -2 2 1 0 -1 -2 2 1 0 -1 -2 2 1 0 -1 -2 2 1 0 -1 -2 2 1 0 -1 -2 2 1 0 -1 -2 2 1 0 -1 -2 2 1 0 -1 -2 2 1 0 -1 -2 2 1 0 -1 -2 2 1 0 -1 -2 2 1 0 -1 -2 2 1 0 -1 -2 2 1 0 -1 -2 2 1 0 -1 -2 2 1 0 -1 -2 2 1 0 -1 -2 2 1 0 -1 -2 2 1 0 -1 -2 2 1 0 -1 -2 2 1 0 -1 -2 2 1 0 -1 -2 2 1 0 602 -2 2 1 0 -1 -2 2 1 0 -1 -2 2 1 0 -1 -2 2 1 0 -1 -2 2 1 0 -1 -2 2 1 0 -1 -2 2 1 0 -1 -2 2 1 0 -1 -2 2 1 0 -1 -2 2 1 0 -1 -2 2 1 0 -1 -2 2 1 0 -1 -2 2 1 0 -1 -2 2 1 0 -1 -2 2 1 0 -1 -2 2 1 0 -1 -2 2 1 0 -1 -2 2 1 0 -1 -2 2 1 0 -1 -2 2 1 0 -1 -2 2 1 0 -1 -2 2 1 0 -1 -2 2 1 0 -1 -2 2 1 0 -1 -2 2 1 0 -1 -2 2 1 0 -1 -2 2 1 0 -1 -2 2 1 0 -1 -2 2 1 0 -1 -2 2 1 0 -1 -2 2 1 0 -1 -2 2 1 0 -1 -2 2 1 0 -1 -2 2 1 0 -1 -2 2 1 0 -1 -2 2 1 0 -1 -2 2 1 0 -1 -2 2 1 0 -1 -2 2 1 0 -1 -2 2 1 0 -1 -2 2 1 0 -1 -2 2 1 0 -1 -2 2 1 0 -1 -2 2 1 0 -1 -2 2 1 0 -1 -2 2 1 0 -1 -2 2 1 0 -1 -2 2 1 0 -1 -2 2 1 0 -1 -2 2 1 0 -1 -2 2 1
2 2 2 2 2 2 2 2 2 2 2 2 2 2 2 2 2 2 2 2 2 2 2 2 2 2 2 2 2 2 2 2 2 2 2 2 2 2 2 2 2 2 2 2 2 2 2 2 2 2 2 2 2 2 2 2 2 2 2 2 2 2 2 2 2 2 2 2 2 2 2 2 2 2 2 2 2 2 2 2 2 2 2 2 2 2 2 2 2 2 2 2 2 2 2 2 2 2 2 2 2 2 2 2 2 2 2 2 2 2 2 2 2 2 2 2 2 2 2 2 2 2 2 2 2 2 2 2 2 2 2 2 2 2 2 2 2 2 2 2 2 2 2 2 2 2 2 2 2 2 2 2 2 2 2 2 2 2 2 2 2 2 2 2 2 2 2 2 2 2 2 2 2 2 2 2 2 2 2 2 2 2 2 2 2 2 2 2 2 2 2 2 2 2 2 2 2 2 2 2 2 2 2 2 2 2 2 2 2 2 2 2 2 2 2 2 2 2 2 2 2 2 2 2 2 2 2 2 2 2 2 2 2 2 2 2 2 2 2 2 2 2 2 2 2 2 2 1001 2 2 2 2 2 2 2 2 2 2 2 2 2 2 2 2 2 2 2 2 2 2 2 2 2 2 2 2 2 2 2 2 2 2 2 2 2 2 2 2 2 2 2 2 2 2 2 2 2 2 2 2 2 2 2 2 2 2 2 2 2 2 2 2 2 2 2 2 2 2 2 2 2 2 2 2 2 2 2 2 2 2 2 2 2 2 2 2 2 2 2 2 2 2 2 2 2 2 2 2 2 2 2 2 2 2 2 2 2 2 2 2 2 2 2 2 2 2 2 2 2 2 2 2 2 2 2 2 2 2 2 2 2 2 2 2 2 2 2 2 2 2 2 2 2 2 2 2 2 2 2 2 2 2 2 2 2 2 2 2 2 2 2 2 2 2 2 2 2 2 2 2 2 2 2 2 2 2 2 2 2 2 2 2 2 2 2 2 2 2 2 2 2 2 2 2 2 2 2 2 2 2 2 2 2 2 2 2 2 2 2 2 2 2 2 2 2 2 2 2 2 2 2 2 2 2 2 2 2 2 2 2 2 2 2 2 2 2 2 2 2 2 2 2 2 2 2 2 2 2 2 2
-1 0 1 2 -2 -1 0 1 2 -2 -1 0 1 2 -2 -1 0 1 2 -2 -1 0 1 2 -2 -1 0 1 2 -2 -1 0 1 2 -2 -1 0 1 2 -2 -1 0 1 2 -2 -1 0 1 2 -2 -1 0 1 2 -2 -1 0 1 2 -2 -1 0 1 2 -2 -1 0 1 2 -2 -1 0 1 2 -2 -1 0 1 2 -2 -1 0 1 2 -2 -1 0 1 2 -2 -1 0 1 2 -2 -1 0 1 2 -2 -1 0 1 2 -2 -1 0 1 2 -2 -1 0 1 2 -2 -1 0 1 2 -2 -1 0 1 2 -2 -1 0 1 2 -2 -1 0 1 2 -2 -1 0 1 2 -2 -1 0 1 2 -2 -1 0 1 2 -2 -1 0 1 2 -2 -1 0 1 2 -2 -1 0 1 2 -2 -1 0 1 2 -2 -1 0 1 2 -2 -1 0 1 2 -2 -1 0 1 2 -2 -1 0 1 2 -2 -1 0 1 2 -2 -1 0 1 2 -2 -1 0 1 2 -2 -1 0 1 2 -2 -1 0 1 2 -2 -1 0 1 2 -2 -1 0 1 2 -2 -1 0 1 2 -2 -1 0 1 2 -2 -1 0 1 2 -2 -1 0 1 2 -2 -1 0 1 601 -2 -1 0 1 2 -2 -1 0 1 2 -2 -1 0 1 2 -2 -1 0 1 2 -2 -1 0 1 2 -2 -1 0 1 2 -2 -1 0 1 2 -2 -1 0 1 2 -2 -1 0 1 2 -2 -1 0 1 2 -2 -1 0 1 2 -2 -1 0 1 2 -2 -1 0 1 2 -2 -1 0 1 2 -2 -1 0 1 2 -2 -1 0 1 2 -2 -1 0 1 2 -2 -1 0 1 2 -2 -1 0 1 2 -2 -1 0 1 2 -2 -1 0 1 2 -2 -1 0 1 2 -2 -1 0 1 2 -2 -1 0 1 2 -2 -1 0 1 2 -2 -1 0 1 2 -2 -1 0 1 2 -2 -1 0 1 2 -2 -1 0 1 2 -2 -1 0 1 2 -2 -1 0 1 2 -2 -1 0 1 2 -2 -1 0 1 2 -2 -1 0 1 2 -2 -1 0 1 2 -2 -1 0 1 2 -2 -1 0 1 2 -2 -1 0 1 2 -2 -1 0 1 2 -2 -1 0 1 2 -2 -1 0 1 2 -2 -1 0 1 2 -2 -1 0 1 2 -2 -1 0 1 2 -2 -1 0 1 2 -2 -1 0 1 2 -2 -1 0 1 2 -2 -1 0 1 2 -2 -1 0 1 2 -2 -1 0 1 2 -2
1 -2 0 2 -1 1 -2 0 2 -1 1 -2 0 2 -1 1 -2 0 2 -1 1 -2 0 2 -1 1 -2 0 2 -1 1 -2 0 2 -1 1 -2 0 2 -1 1 -2 0 2 -1 1 -2 0 2 -1 1 -2 0 2 -1 1 -2 0 2 -1 1 -2 0 2 -1 1 -2 0 2 -1 1 -2 0 2 -1 1 -2 0 2 -1 1 -2 0 2 -1 1 -2 0 2 -1 1 -2 0 2 -1 1 -2 0 2 -1 1 -2 0 2 -1 1 -2 0 2 -1 1 -2 0 2 -1 1 -2 0 2 -1 1 -2 0 2 -1 1 -2 0 2 -1 1 -2 0 2 -1 1 -2 0 2 -1 1 -2 0 2 -1 1 -2 0 2 -1 1 -2 0 2 -1 1 -2 0 2 -1 1 -2 0 2 -1 1 -2 0 2 -1 1 -2 0 2 -1 1 -2 0 2 -1 1 -2 0 2 -1 1 -2 0 2 -1 1 -2 0 2 -1 1 -2 0 2 -1 1 -2 0 2 -1 1 -2 0 2 -1 1 -2 0 2 -1 1 -2 0 2 -1 1 -2 0 2 -1 1 -2 0 2 -1 1 -2 0 2 -1 1 -2 0 2 -1 1 -2 0 2 -1 1 -2 0 2 602 1 -2 0 2 -1 1 -2 0 2 -1 1 -2 0 2 -1 1 -2 0 2 -1 1 -2 0 2 -1 1 -2 0 2 -1 1 -2 0 2 -1 1 -2 0 2 -1 1 -2 0 2 -1 1 -2 0 2 -1 1 -2 0 2 -1 1 -2 0 2 -1 1 -2 0 2 -1 1 -2 0 2 -1 1 -2 0 2 -1 1 -2 0 2 -1 1 -2 0 2 -1 1 -2 0 2 -1 1 -2 0 2 -1 1 -2 0 2 -1 1 -2 0 2 -1 1 -2 0 2 -1 1 -2 0 2 -1 1 -2 0 2 -1 1 -2 0 2 -1 1 -2 0 2 -1 1 -2 0 2 -1 1 -2 0 2 -1 1 -2 0 2 -1 1 -2 0 2 -1 1 -2 0 2 -1 1 -2 0 2 -1 1 -2 0 2 -1 1 -2 0 2 -1 1 -2 0 2 -1 1 -2 0 2 -1 1 -2 0 2 -1 1 -2 0 2 -1 1 -2 0 2 -1 1 -2 0 2 -1 1 -2 0 2 -1 1 -2 0 2 -1 1 -2 0 2 -1 1 -2 0 2 -1 1 -2 0 2 -1 1 -2 0 2 -1 1 -2 0 2 -1 1 -2 0 2 -1 1 -2 0 2 -1 1 -2 0 2 -1
-2 1 -1 2 0 -2 1 -1 2 0 -2 1 -1 2 0 -2 1 -1 2 0 -2 1 -1 2 0 -2 1 -1 2 0 -2 1 -1 2 0 -2 1 -1 2 0 -2 1 -1 2 0 -2 1 -1 2 0 -2 1 -1 2 0 -2 1 -1 2 0 -2 1 -1 2 0 -2 1 -1 2 0 -2 1 -1 2 0 -2 1 -1 2 0 -2 1 -1 2 0 -2 1 -1 2 0 -2 1 -1 2 0 -2 1 -1 2 0 -2 1 -1 2 0 -2 1 -1 2 0 -2 1 -1 2 0 -2 1 -1 2 0 -2 1 -1 2 0 -2 1 -1 2 0 -2 1 -1 2 0 -2 1 -1 2 0 -2 1 -1 2 0 -2 1 -1 2 0 -2 1 -1 2 0 -2 1 -1 2 0 -2 1 -1 2 0 -2 1 -1 2 0 -2 1 -1 2 0 -2 1 -1 2 0 -2 1 -1 2 0 -2 1 -1 2 0 -2 1 -1 2 0 -2 1 -1 2 0 -2 1 -1 2 0 -2 1 -1 2 0 -2 1 -1 2 0 -2 1 -1 2 0 -2 1 -1 2 0 -2 1 -1 2 0 -2 1 -1 2 0 -2 1 -1 2 0 -2 1 -1 2 0 -2 1 -1 2 0 601 1 -1 2 0 -2 1 -1 2 0 -2 1 -1 2 0 -2 1 -1 2 0 -2 1 -1 2 0 -2 1 -1 2 0 -2 1 -1 2 0 -2 1 -1 2 0 -2 1 -1 2 0 -2 1 -1 2 0 -2 1 -1 2 0 -2 1 -1 2 0 -2 1 -1 2 0 -2 1 -1 2 0 -2 1 -1 2 0 -2 1 -1 2 0 -2 1 -1 2 0 -2 1 -1 2 0 -2 1 -1 2 0 -2 1 -1 2 0 -2 1 -1 2 0 -2 1 -1 2 0 -2 1 -1 2 0 -2 1 -1 2 0 -2 1 -1 2 0 -2 1 -1 2 0 -2 1 -1 2 0 -2 1 -1 2 0 -2 1 -1 2 0 -2 1 -1 2 0 -2 1 -1 2 0 -2 1 -1 2 0 -2 1 -1 2 0 -2 1 -1 2 0 -2 1 -1 2 0 -2 1 -1 2 0 -2 1 -1 2 0 -2 1 -1 2 0 -2 1 -1 2 0 -2 1 -1 2 0 -2 1 -1 2 0 -2 1 -1 2 0 -2 1 -1 2 0 -2 1 -1 2 0 -2 1 -1 2 0 -2 1 -1 2 0 -2 1 -1 2 0 -2 1 -1 2 0 -2 1 -1 2 0 -2 1 -1 2 0
0 -1 -2 2 1 0 -1 -2 2 1 0 -1 -2 2 1 0 -1 -2 2 1 0 -1 -2 2 1 0 -1 -2 2 1 0 -1 -2 2 1 0 -1 -2 2 1 0 -1 -2 2 1 0 -1 -2 2 1 0 -1 -2 2 1 0 -1 -2 2 1 0 -1 -2 2 1 0 -1 -2 2 1 0 -1 -2 2 1 0 -1 -2 2 1 0 -1 -2 2 1 0 -1 -2 2 1 0 -1 -2 2 1 0 -1 -2 2 1 0 -1 -2 2 1 0 -1 -2 2 1 0 -1 -2 2 1 0 -1 -2 2 1 0 -1 -2 2 1 0 -1 -2 2 1 0 -1 -2 2 1 0 -1 -2 2 1 0 -1 -2 2 1 0 -1 -2 2 1 0 -1 -2 2 1 0 -1 -2 2 1 0 -1 -2 2 1 0 -1 -2 2 1 0 -1 -2 2 1 0 -1 -2 2 1 0 -1 -2 2 1 0 -1 -2 2 1 0 -1 -2 2 1 0 -1 -2 2 1 0 -1 -2 2 1 0 -1 -2 2 1 0 -1 -2 2 1 0 -1 -2 2 1 0 -1 -2 2 1 0 -1 -2 2 1 0 -1 -2 2 1 0 -1 -2 2 1 0 -1 -2 2 1 0 -1 -2 2 1 0 602 -2 2 1 0 -1 -2 2 1 0 -1 -2 2 1 0 -1 -2 2 1 0 -1 -2 2 1 0 -1 -2 2 1 0 -1 -2 2 1 0 -1 -2 2 1 0 -1 -2 2 1 0 -1 -2 2 1 0 -1 -2 2 1 0 -1 -2 2 1 0 -1 -2 2 1 0 -1 -2 2 1 0 -1 -2 2 1 0 -1 -2 2 1 0 -1 -2 2 1 0 -1 -2 2 1 0 -1 -2 2 1 0 -1 -2 2 1 0 -1 -2 2 1 0 -1 -2 2 1 0 -1 -2 2 1 0 -1 -2 2 1 0 -1 -2 2 1 0 -1 -2 2 1 0 -1 -2 2 1 0 -1 -2 2 1 0 -1 -2 2 1 0 -1 -2 2 1 0 -1 -2 2 1 0 -1 -2 2 1 0 -1 -2 2 1 0 -1 -2 2 1 0 -1 -2 2 1 0 -1 -2 2 1 0 -1 -2 2 1 0 -1 -2 2 1 0 -1 -2 2 1 0 -1 -2 2 1 0 -1 -2 2 1 0 -1 -2 2 1 0 -1 -2 2 1 0 -1 -2 2 1 0 -1 -2 2 1 0 -1 -2 2 1 0 -1 -2 2 1 0 -1 -2 2 1 0 -1 -2 2 1 0 -1 -2 2 1
2 2 2 2 2 2 2 2 2 2 2 2 2 2 2 2 2 2 2 2 2 2 2 2 2 2 2 2 2 2 2 2 2 2 2 2 2 2 2 2 2 2 2 2 2 2 2 2 2 2 2 2 2 2 2 2 2 2 2 2 2 2 2 2 2 2 2 2 2 2 2 2 2 2 2 2 2 2 2 2 2 2 2 2 2 2 2 2 2 2 2 2 2 2 2 2 2 2 2 2 2 2 2 2 2 2 2 2 2 2 2 2 2 2 2 2 2 2 2 2 2 2 2 2 2 2 2 2 2 2 2 2 2 2 2 2 2 2 2 2 2 2 2 2 2 2 2 2 2 2 2 2 2 2 2 2 2 2 2 2 2 2 2 2 2 2 2 2 2 2 2 2 2 2 2 2 2 2 2 2 2 2 2 2 2 2 2 2 2 2 2 2 2 2 2 2 2 2 2 2 2 2 2 2 2 2 2 2 2 2 2 2 2 2 2 2 2 2 2 2 2 2 2 2 2 2 2 2 2 2 2 2 2 2 2 2 2 2 2 2 2 2 2 2 2 2 2 2 2 2 2 2 1001 2 2 2 2 2 2 2 2 2 2 2 2 2 2 2 2 2 2 2 2 2 2 2 2 2 2 2 2 2 2 2 2 2 2 2 2 2 2 2 2 2 2 2 2 2 2 2 2 2 2 2 2 2 2 2 2 2 2 2 2 2 2 2 2 2 2 2 2 2 2 2 2 2 2 2 2 2 2 2 2 2 2 2 2 2 2 2 2 2 2 2 2 2 2 2 2 2 2 2 2 2 2 2 2 2 2 2 2 2 2 2 2 2 2 2 2 2 2 2 2 2 2 2 2 2 2 2 2 2 2 2 2 2 2 2 2 2 2 2 2 2 2 2 2 2 2 2 2 2 2 2 2 2 2 2 2 2 2 2 2 2 2 2 2 2 2 2 2 2 2 2 2 2 2 2 2 2 2 2 2 2 2 2 2 2 2 2 2 2 2 2 2 2 2 2 2 2 2 2 2 2 2 2 2 2 2 2 2 2 2 2 2 2 2 2 2 2 2 2 2 2 2 2 2 2 2 2 2 2 2 2 2 2 2 2 2 2 2 2 2 2 2 2 2 2 2 2
-1 0 1 2 -2 -1 0 1 2 -2 -1 0 1 2 -2 -1 0 1 2 -2 -1 0 1 2 -2 -1 0 1 2 -2 -1 0 1 2 -2 -1 0 1 2 -2 -1 0 1 2 -2 -1 0 1 2 -2 -1 0 1 2 -2 -1 0 1 2 -2 -1 0 1 2 -2 -1 0 1 2 -2 -1 0 1 2 -2 -1 0 1 2 -2 -1 0 1 2 -2 -1 0 1 2 -2 -1 0 1 2 -2 -1 0 1 2 -2 -1 0 1 2 -2 -1 0 1 2 -2 -1 0 1 2 -2 -1 0 1 2 -2 -1 0 1 2 -2 -1 0 1 2 -2 -1 0 1 2 -2 -1 0 1 2 -2 -1 0 1 2 -2 -1 0 1 2 -2 -1 0 1 2 -2 -1 0 1 2 -2 -1 0 1 2 -2 -1 0 1 2 -2 -1 0 1 2 -2 -1 0 1 2 -2 -1 0 1 2 -2 -1 0 1 2 -2 -1 0 1 2 -2 -1 0 1 2 -2 -1 0 1 2 -2 -1 0 1 2 -2 -1 0 1 2 -2 -1 0 1 2 -2 -1 0 1 2 -2 -1 0 1 2 -2 -1 0 1 2 -2 -1 0 1 2 -2 -1 0 1 2 -2 -1 0 1 2 -2 -1 0 1 601 -2 -1 0 1 2 -2 -1 0 1 2 -2 -1 0 1 2 -2 -1 0 1 2 -2 -1 0 1 2 -2 -1 0 1 2 -2 -1 0 1 2 -2 -1 0 1 2 -2 -1 0 1 2 -2 -1 0 1 2 -2 -1 0 1 2 -2 -1 0 1 2 -2 -1 0 1 2 -2 -1 0 1 2 -2 -1 0 1 2 -2 -1 0 1 2 -2 -1 0 1 2 -2 -1 0 1 2 -2 -1 0 1 2 -2 -1 0 1 2 -2 -1 0 1 2 -2 -1 0 1 2 -2 -1 0 1 2 -2 -1 0 1 2 -2 -1 0 1 2 -2 -1 0 1 2 -2 -1 0 1 2 -2 -1 0 1 2 -2 -1 0 1 2 -2 -1 0 1 2 -2 -1 0 1 2 -2 -1 0 1 2 -2 -1 0 1 2 -2 -1 0 1 2 -2 -1 0 1 2 -2 -1 0 1 2 -2 -1 0 1 2 -2 -1 0 1 2 -2 -1 0 1 2 -2 -1 0 1 2 -2 -1 0 1 2 -2 -1 0 1 2 -2 -1 0 1 2 -2 -1 0 1 2 -2 -1 0 1 2 -2 -1 0 1 2 -2 -1 0 1 2 -2 -1 0 1 2 -2 -1 0 1 2 -2
1 -2 0 2 -1 1 -2 0 2 -1 1 -2 0 2 -1 1 -2 0 2 -1 1 -2 0 2 -1 1 -2 0 2 -1 1 -2 0 2 -1 1 -2 0 2 -1 1 -2 0 2 -1 1 -2 0 2 -1 1 -2 0 2 -1 1 -2 0 2 -1 1 -2 0 2 -1 1 -2 0 2 -1 1 -2 0 2 -1 1 -2 0 2 -1 1 -2 0 2 -1 1 -2 0 2 -1 1 -2 0 2 -1 1 -2 0 2 -1 1 -2 0 2 -1 1 -2 0 2 -1 1 -2 0 2 -1 1 -2 0 2 -1 1 -2 0 2 -1 1 -2 0 2 -1 1 -2 0 2 -1 1 -2 0 2 -1 1 -2 0 2 -1 1 -2 0 2 -1 1 -2 0 2 -1 1 -2 0 2 -1 1 -2 0 2 -1 1 -2 0 2 -1 1 -2 0 2 -1 1 -2 0 2 -1 1 -2 0 2 -1 1 -2 0 2 -1 1 -2 0 2 -1 1 -2 0 2 -1 1 -2 0 2 -1 1 -2 0 2 -1 1 -2 0 2 -1 1 -2 0 2 -1 1 -2 0 2 -1 1 -2 0 2 -1 1 -2 0 2 -1 1 -2 0 2 -1 1 -2 0 2 -1 1 -2 0 2 -1 1 -2 0 2 602 1 -2 0 2 -1 1 -2 0 2 -1 1 -2 0 2 -1 1 -2 0 2 -1 1 -2 0 2 -1 1 -2 0 2 -1 1 -2 0 2 -1 1 -2 0 2 -1 1 -2 0 2 -1 1 -2 0 2 -1 1 -2 0 2 -1 1 -2 0 2 -1 1 -2 0 2 -1 1 -2 0 2 -1 1 -2 0 2 -1 1 -2 0 2 -1 1 -2 0 2 -1 1 -2 0 2 -1 1 -2 0 2 -1 1 -2 0 2 -1 1 -2 0 2 -1 1 -2 0 2 -1 1 -2 0 2 -1 1 -2 0 2 -1 1 -2 0 2 -1 1 -2 0 2 -1 1 -2 0 2 -1 1 -2 0 2 -1 1 -2 0 2 -1 1 -2 0 2 -1 1 -2 0 2 -1 1 -2 0 2 -1 1 -2 0 2 -1 1 -2 0 2 -1 1 -2 0 2 -1 1 -2 0 2 -1 1 -2 0 2 -1 1 -2 0 2 -1 1 -2 0 2 -1 1 -2 0 2 -1 1 -2 0 2 -1 1 -2 0 2 -1 1 -2 0 2 -1 1 -2 0 2 -1 1 -2 0 2 -1 1 -2 0 2 -1 1 -2 0 2 -1 1 -2 0 2 -1 1 -2 0 2 -1
-2 1 -1 2 0 -2 1 -1 2 0 -2 1 -1 2 0 -2 1 -1 2 0 -2 1 -1 2 0 -2 1 -1 2 0 -2 1 -1 2 0 -2 1 -1 2 0 -2 1 -1 2 0 -2 1 -1 2 0 -2 1 -1 2 0 -2 1 -1 2 0 -2 1 -1 2 0 -2 1 -1 2 0 -2 1 -1 2 0 -2 1 -1 2 0 -2 1 -1 2 0 -2 1 -1 2 0 -2 1 -1 2 0 -2 1 -1 2 0 -2 1 -1 2 0 -2 1 -1 2 0 -2 1 -1 2 0 -2 1 -1 2 0 -2 1 -1 2 0 -2 1 -1 2 0 -2 1 -1 2 0 -2 1 -1 2 0 -2 1 -1 2 0 -2 1 -1 2 0 -2 1 -1 2 0 -2 1 -1 2 0 -2 1 -1 2 0 -2 1 -1 2 0 -2 1 -1 2 0 -2 1 -1 2 0 -2 1 -1 2 0 -2 1 -1 2 0 -2 1 -1 2 0 -2 1 -1 2 0 -2 1 -1 2 0 -2 1 -1 2 0 -2 1 -1 2 0 -2 1 -1 2 0 -2 1 -1 2 0 -2 1 -1 2 0 -2 1 -1 2 0 -2 1 -1 2 0 -2 1 -1 2 0 -2 1 -1 2 0 -2 1 -1 2 0 601 1 -1 2 0 -2 1 -1 2 0 -2 1 -1 2 0 -2 1 -1 2 0 -2 1 -1 2 0 -2 1 -1 2 0 -2 1 -1 2 0 -2 1 -1 2 0 -2 1 -1 2 0 -2 1 -1 2 0 -2 1 -1 2 0 -2 1 -1 2 0 -2 1 -1 2 0 -2 1 -1 2 0 -2 1 -1 2 0 -2 1 -1 2 0 -2 1 -1 2 0 -2 1 -1 2 0 -2 1 -1 2 0 -2 1 -1 2 0 -2 1 -1 2 0 -2 1 -1 2 0 -2 1 -1 2 0 -2 1 -1 2 0 -2 1 -1 2 0 -2 1 -1 2 0 -2 1 -1 2 0 -2 1 -1 2 0 -2 1 -1 2 0 -2 1 -1 2 0 -2 1 -1 2 0 -2 1 -1 2 0 -2 1 -1 2 0 -2 1 -1 2 0 -2 1 -1 2 0 -2 1 -1 2 0 -2 1 -1 2 0 -2 1 -1 2 0 -2 1 -1 2 0 -2 1 -1 2 0 -2 1 -1 2 0 -2 1 -1 2 0 -2 1 -1 2 0 -2 1 -1 2 0 -2 1 -1 2 0 -2 1 -1 2 0 -2 1 -1 2 0 -2 1 -1 2 0 -2 1 -1 2 0
0 -1 -2 2 1 0 -1 -2 2 1 0 -1 -2 2 1 0 -1 -2 2 1 0 -1 -2 2 1 0 -1 -2 2 1 0 -1 -2 2 1 0 -1 -2 2 1 0 -1 -2 2 1 0 -1 -2 2 1 0 -1 -2 2 1 0 -1 -2 2 1 0 -1 -2 2 1 0 -1 -2 2 1 0 -1 -2 2 1 0 -1 -2 2 1 0 -1 -2 2 1 0 -1 -2 2 1 0 -1 -2 2 1 0 -1 -2 2 1 0 -1 -2 2 1 0 -1 -2 2 1 0 -1 -2 2 1 0 -1 -2 2 1 0 -1 -2 2 1 0 -1 -2 2 1 0 -1 -2 2 1 0 -1 -2 2 1 0 -1 -2 2 1 0 -1 -2 2 1 0 -1 -2 2 1 0 -1 -2 2 1 0 -1 -2 2 1 0 -1 -2 2 1 0 -1 -2 2 1 0 -1 -2 2 1 0 -1 -2 2 1 0 -1 -2 2 1 0 -1 -2 2 1 0 -1 -2 2 1 0 -1 -2 2 1 0 -1 -2 2 1 0 -1 -2 2 1 0 -1 -2 2 1 0 -1 -2 2 1 0 -1 -2 2 1 0 -1 -2 2 1 0 -1 -2 2 1 0 -1 -2 2 1 0 -1 -2 2 1 0 -1 -2 2 1 0 602 -2 2 1 0 -1 -2 2 1 0 -1 -2 2 1 0 -1 -2 2 1 0 -1 -2 2 1 0 -1 -2 2 1 0 -1 -2 2 1 0 -1 -2 2 1 0 -1 -2 2 1 0 -1 -2 2 1 0 -1 -2 2 1 0 -1 -2 2 1 0 -1 -2 2 1 0 -1 -2 2 1 0 -1 -2 2 1 0 -1 -2 2 1 0 -1 -2 2 1 0 -1 -2 2 1 0 -1 -2 2 1 0 -1 -2 2 1 0 -1 -2 2 1 0 -1 -2 2 1 0 -1 -2 2 1 0 -1 -2 2 1 0 -1 -2 2 1 0 -1 -2 2 1 0 -1 -2 2 1 0 -1 -2 2 1 0 -1 -2 2 1 0 -1 -2 2 1 0 -1 -2 2 1 0 -1 -2 2 1 0 -1 -2 2 1 0 -1 -2 2 1 0 -1 -2 2 1 0 -1 -2 2 1 0 -1 -2 2 1 0 -1 -2 2 1 0 -1 -2 2 1 0 -1 -2 2 1 0 -1 -2 2 1 0 -1 -2 2 1 0 -1 -2 2 1 0 -1 -2 2 1 0 -1 -2 2 1 0 -1 -2 2 1 0 -1 -2 2 1 0 -1 -2 2 1 0 -1 -2 2 1
2 2 2 2 2 2 2 2 2 2 2 2 2 2 2 2 2 2 2 2 2 2 2 2 2 2 2 2 2 2 2 2 2 2 2 2 2 2 2 2 2 2 2 2 2 2 2 2 2 2 2 2 2 2 2 2 2 2 2 2 2 2 2 2 2 2 2 2 2 2 2 2 2 2 2 2 2 2 2 2 2 2 2 2 2 2 2 2 2 2 2 2 2 2 2 2 2 2 2 2 2 2 2 2 2 2 2 2 2 2 2 2 2 2 2 2 2 2 2 2 2 2 2 2 2 2 2 2 2 2 2 2 2 2 2 2 2 2 2 2 2 2 2 2 2 2 2 2 2 2 2 2 2 2 2 2 2 2 2 2 2 2 2 2 2 2 2 2 2 2 2 2 2 2 2 2 2 2 2 2 2 2 2 2 2 2 2 2 2 2 2 2 2 2 2 2 2 2 2 2 2 2 2 2 2 2 2 2 2 2 2 2 2 2 2 2 2 2 2 2 2 2 2 2 2 2 2 2 2 2 2 2 2 2 2 2 2 2 2 2 2 2 2 2 2 2 2 2 2 2 2 2 2 2 2 2 2 1001 2 2 2 2 2 2 2 2 2 2 2 2 2 2 2 2 2 2 2 2 2 2 2 2 2 2 2 2 2 2 2 2 2 2 2 2 2 2 2 2 2 2 2 2 2 2 2 2 2 2 2 2 2 2 2 2 2 2 2 2 2 2 2 2 2 2 2 2 2 2 2 2 2 2 2 2 2 2 2 2 2 2 2 2 2 2 2 2 2 2 2 2 2 2 2 2 2 2 2 2 2 2 2 2 2 2 2 2 2 2 2 2 2 2 2 2 2 2 2 2 2 2 2 2 2 2 2 2 2 2 2 2 2 2 2 2 2 2 2 2 2 2 2 2 2 2 2 2 2 2 2 2 2 2 2 2 2 2 2 2 2 2 2 2 2 2 2 2 2 2 2 2 2 2 2 2 2 2 2 2 2 2 2 2 2 2 2 2 2 2 2 2 2 2 2 2 2 2 2 2 2 2 2 2 2 2 2 2 2 2 2 2 2 2 2 2 2 2 2 2 2 2 2 2 2 2 2 2 2 2 2 2 2 2 2 2 2 2 2 2 2 2
-1 0 1 2 -2 -1 0 1 2 -2 -1 0 1 2 -2 -1 0 1 2 -2 -1 0 1 2 -2 -1 0 1 2 -2 -1 0 1 2 -2 -1 0 1 2 -2 -1 0 1 2 -2 -1 0 1 2 -2 -1 0 1 2 -2 -1 0 1 2 -2 -1 0 1 2 -2 -1 0 1 2 -2 -1 0 1 2 -2 -1 0 1 2 -2 -1 0 1 2 -2 -1 0 1 2 -2 -1 0 1 2 -2 -1 0 1 2 -2 -1 0 1 2 -2 -1 0 1 2 -2 -1 0 1 2 -2 -1 0 1 2 -2 -1 0 1 2 -2 -1 0 1 2 -2 -1 0 1 2 -2 -1 0 1 2 -2 -1 0 1 2 -2 -1 0 1 2 -2 -1 0 1 2 -2 -1 0 1 2 -2 -1 0 1 2 -2 -1 0 1 2 -2 -1 0 1 2 -2 -1 0 1 2 -2 -1 0 1 2 -2 -1 0 1 2 -2 -1 0 1 2 -2 -1 0 1 2 -2 -1 0 1 2 -2 -1 0 1 2 -2 -1 0 1 2 -2 -1 0 1 2 -2 -1 0 1 2 -2 -1 0 1 2 -2 -1 0 1 2 -2 -1 0 1 2 -2 -1 0 1 2 -2 -1 0 1 2 -2 -1 0 1 2 -2 -1 0 1 601 -2 -1 0 1 2 -2 -1 0 1 2 -2 -1 0 1 2 -2 -1 0 1 2 -2 -1 0 1 2 -2 -1 0 1 2 -2 -1 0 1 2 -2 -1 0 1 2 -2 -1 0 1 2 -2 -1 0 1 2 -2 -1 0 1 2 -2 -1 0 1 2 -2 -1 0 1 2 -2 -1 0 1 2 -2 -1 0 1 2 -2 -1 0 1 2 -2 -1 0 1 2 -2 -1 0 1 2 -2 -1 0 1 2 -2 -1 0 1 2 -2 -1 0 1 2 -2 -1 0 1 2 -2 -1 0 1 2 -2 -1 0 1 2 -2 -1 0 1 2 -2 -1 0 1 2 -2 -1 0 1 2 -2 -1 0 1 2 -2 -1 0 1 2 -2 -1 0 1 2 -2 -1 0 1 2 -2 -1 0 1 2 -2 -1 0 1 2 -2 -1 0 1 2 -2 -1 0 1 2 -2 -1 0 1 2 -2 -1 0 1 2 -2 -1 0 1 2 -2 -1 0 1 2 -2 -1 0 1 2 -2 -1 0 1 2 -2 -1 0 1 2 -2 -1 0 1 2 -2 -1 0 1 2 -2 -1 0 1 2 -2 -1 0 1 2 -2 -1 0 1 2 -2 -1 0 1 2 -2
1 -2 0 2 -1 1 -2 0 2 -1 1 -2 0 2 -1 1 -2 0 2 -1 1 -2 0 2 -1 1 -2 0 2 -1 1 -2 0 2 -1 1 -2 0 2 -1 1 -2 0 2 -1 1 -2 0 2 -1 1 -2 0 2 -1 1 -2 0 2 -1 1 -2 0 2 -1 1 -2 0 2 -1 1 -2 0 2 -1 1 -2 0 2 -1 1 -2 0 2 -1 1 -2 0 2 -1 1 -2 0 2 -1 1 -2 0 2 -1 1 -2 0 2 -1 1 -2 0 2 -1 1 -2 0 2 -1 1 -2 0 2 -1 1 -2 0 2 -1 1 -2 0 2 -1 1 -2 0 2 -1 1 -2 0 2 -1 1 -2 0 2 -1 1 -2 0 2 -1 1 -2 0 2 -1 1 -2 0 2 -1 1 -2 0 2 -1 1 -2 0 2 -1 1 -2 0 2 -1 1 -2 0 2 -1 1 -2 0 2 -1 1 -2 0 2 -1 1 -2 0 2 -1 1 -2 0 2 -1 1 -2 0 2 -1 1 -2 0 2 -1 1 -2 0 2 -1 1 -2 0 2 -1 1 -2 0 2 -1 1 -2 0 2 -1 1 -2 0 2 -1 1 -2 0 2 -1 1 -2 0 2 -1 1 -2 0 2 -1 1 -2 0 2 -1 1 -2 0 2 602 1 -2 0 2 -1 1 -2 0 2 -1 1 -2 0 2 -1 1 -2 0 2 -1 1 -2 0 2 -1 1 -2 0 2 -1 1 -2 0 2 -1 1 -2 0 2 -1 1 -2 0 2 -1 1 -2 0 2 -1 1 -2 0 2 -1 1 -2 0 2 -1 1 -2 0 2 -1 1 -2 0 2 -1 1 -2 0 2 -1 1 -2 0 2 -1 1 -2 0 2 -1 1 -2 0 2 -1 1 -2 0 2 -1 1 -2 0 2 -1 1 -2 0 2 -1 1 -2 0 2 -1 1 -2 0 2 -1 1 -2 0 2 -1 1 -2 0 2 -1 1 -2 0 2 -1 1 -2 0 2 -1 1 -2 0 2 -1 1 -2 0 2 -1 1 -2 0 2 -1 1 -2 0 2 -1 1 -2 0 2 -1 1 -2 0 2 -1 1 -2 0 2 -1 1 -2 0 2 -1 1 -2 0 2 -1 1 -2 0 2 -1 1 -2 0 2 -1 1 -2 0 2 -1 1 -2 0 2 -1 1 -2 0 2 -1 1 -2 0 2 -1 1 -2 0 2 -1 1 -2 0 2 -1 1 -2 0 2 -1 1 -2 0 2 -1 1 -2 0 2 -1 1 -2 0 2 -1
-2 1 -1 2 0 -2 1 -1 2 0 -2 1 -1 2 0 -2 1 -1 2 0 -2 1 -1 2 0 -2 1 -1 2 0 -2 1 -1 2 0 -2 1 -1 2 0 -2 1 -1 2 0 -2 1 -1 2 0 -2 1 -1 2 0 -2 1 -1 2 0 -2 1 -1 2 0 -2 1 -1 2 0 -2 1 -1 2 0 -2 1 -1 2 0 -2 1 -1 2 0 -2 1 -1 2 0 -2 1 -1 2 0 -2 1 -1 2 0 -2 1 -1 2 0 -2 1 -1 2 0 -2 1 -1 2 0 -2 1 -1 2 0 -2 1 -1 2 0 -2 1 -1 2 0 -2 1 -1 2 0 -2 1 -1 2 0 -2 1 -1 2 0 -2 1 -1 2 0 -2 1 -1 2 0 -2 1 -1 2 0 -2 1 -1 2 0 -2 1 -1 2 0 -2 1 -1 2 0 -2 1 -1 2 0 -2 1 -1 2 0 -2 1 -1 2 0 -2 1 -1 2 0 -2 1 -1 2 0 -2 1 -1 2 0 -2 1 -1 2 0 -2 1 -1 2 0 -2 1 -1 2 0 -2 1 -1 2 0 -2 1 -1 2 0 -2 1 -1 2 0 -2 1 -1 2 0 -2 1 -1 2 0 -2 1 -1 2 0 -2 1 -1 2 0 -2 1 -1 2 0 601 1 -1 2 0 -2 1 -1 2 0 -2 1 -1 2 0 -2 1 -1 2 0 -2 1 -1 2 0 -2 1 -1 2 0 -2 1 -1 2 0 -2 1 -1 2 0 -2 1 -1 2 0 -2 1 -1 2 0 -2 1 -1 2 0 -2 1 -1 2 0 -2 1 -1 2 0 -2 1 -1 2 0 -2 1 -1 2 0 -2 1 -1 2 0 -2 1 -1 2 0 -2 1 -1 2 0 -2 1 -1 2 0 -2 1 -1 2 0 -2 1 -1 2 0 -2 1 -1 2 0 -2 1 -1 2 0 -2 1 -1 2 0 -2 1 -1 2 0 -2 1 -1 2 0 -2 1 -1 2 0 -2 1 -1 2 0 -2 1 -1 2 0 -2 1 -1 2 0 -2 1 -1 2 0 -2 1 -1 2 0 -2 1 -1 2 0 -2 1 -1 2 0 -2 1 -1 2 0 -2 1 -1 2 0 -2 1 -1 2 0 -2 1 -1 2 0 -2 1 -1 2 0 -2 1 -1 2 0 -2 1 -1 2 0 -2 1 -1 2 0 -2 1 -1 2 0 -2 1 -1 2 0 -2 1 -1 2 0 -2 1 -1 2 0 -2 1 -1 2 0 -2 1 -1 2 0
0 -1 -2 2 1 0 -1 -2 2 1 0 -1 -2 2 1 0 -1 -2 2 1 0 -1 -2 2 1 0 -1 -2 2 1 0 -1 -2 2 1 0 -1 -2 2 1 0 -1 -2 2 1 0 -1 -2 2 1 0 -1 -2 2 1 0 -1 -2 2 1 0 -1 -2 2 1 0 -1 -2 2 1 0 -1 -2 2 1 0 -1 -2 2 1 0 -1 -2 2 1 0 -1 -2 2 1 0 -1 -2 2 1 0 -1 -2 2 1 0 -1 -2 2 1 0 -1 -2 2 1 0 -1 -2 2 1 0 -1 -2 2 1 0 -1 -2 2 1 0 -1 -2 2 1 0 -1 -2 2 1 0 -1 -2 2 1 0 -1 -2 2 1 0 -1 -2 2 1 0 -1 -2 2 1 0 -1 -2 2 1 0 -1 -2 2 1 0 -1 -2 2 1 0 -1 -2 2 1 0 -1 -2 2 1 0 -1 -2 2 1 0 -1 -2 2 1 0 -1 -2 2 1 0 -1 -2 2 1 0 -1 -2 2 1 0 -1 -2 2 1 0 -1 -2 2 1 0 -1 -2 2 1 0 -1 -2 2 1 0 -1 -2 2 1 0 -1 -2 2 1 0 -1 -2 2 1 0 -1 -2 2 1 0 -1 -2 2 1 0 -1 -2 2 1 0 -1 -2 2 1 0 602 -2 2 1 0 -1 -2 2 1 0 -1 -2 2 1 0 -1 -2 2 1 0 -1 -2 2 1 0 -1 -2 2 1 0 -1 -2 2 1 0 -1 -2 2 1 0 -1 -2 2 1 0 -1 -2 2 1 0 -1 -2 2 1 0 -1 -2 2 1 0 -1 -2 2 1 0 -1 -2 2 1 0 -1 -2 2 1 0 -1 -2 2 1 0 -1 -2 2 1 0 -1 -2 2 1 0 -1 -2 2 1 0 -1 -2 2 1 0 -1 -2 2 1 0 -1 -2 2 1 0 -1 -2 2 1 0 -1 -2 2 1 0 -1 -2 2 1 0 -1 -2 2 1 0 -1 -2 2 1 0 -1 -2 2 1 0 -1 -2 2 1 0 -1 -2 2 1 0 -1 -2 2 1 0 -1 -2 2 1 0 -1 -2 2 1 0 -1 -2 2 1 0 -1 -2 2 1 0 -1 -2 2 1 0 -1 -2 2 1 0 -1 -2 2 1 0 -1 -2 2 1 0 -1 -2 2 1 0 -1 -2 2 1 0 -1 -2 2 1 0 -1 -2 2 1 0 -1 -2 2 1 0 -1 -2 2 1 0 -1 -2 2 1 0 -1 -2 2 1 0 -1 -2 2 1
2 2 2 2 2 2 2 2 2 2 2 2 2 2 2 2 2 2 2 2 2 2 2 2 2 2 2 2 2 2 2 2 2 2 2 2 2 2 2 2 2 2 2 2 2 2 2 2 2 2 2 2 2 2 2 2 2 2 2 2 2 2 2 2 2 2 2 2 2 2 2 2 2 2 2 2 2 2 2 2 2 2 2 2 2 2 2 2 2 2 2 2 2 2 2 2 2 2 2 2 2 2 2 2 2 2 2 2 2 2 2 2 2 2 2 2 2 2 2 2 2 2 2 2 2 2 2 2 2 2 2 2 2 2 2 2 2 2 2 2 2 2 2 2 2 2 2 2 2 2 2 2 2 2 2 2 2 2 2 2 2 2 2 2 2 2 2 2 2 2 2 2 2 2 2 2 2 2 2 2 2 2 2 2 2 2 2 2 2 2 2 2 2 2 2 2 2 2 2 2 2 2 2 2 2 2 2 2 2 2 2 2 2 2 2 2 2 2 2 2 2 2 2 2 2 2 2 2 2 2 2 2 2 2 2 2 2 2 2 2 2 2 2 2 2 2 2 2 2 2 2 2 2 2 2 2 2 2 2 2 2 2 1001 2 2 2 2 2 2 2 2 2 2 2 2 2 2 2 2 2 2 2 2 2 2 2 2 2 2 2 2 2 2 2 2 2 2 2 2 2 2 2 2 2 2 2 2 2 2 2 2 2 2 2 2 2 2 2 2 2 2 2 2 2 2 2 2 2 2 2 2 2 2 2 2 2 2 2 2 2 2 2 2 2 2 2 2 2 2 2 2 2 2 2 2 2 2 2 2 2 2 2 2 2 2 2 2 2 2 2 2 2 2 2 2 2 2 2 2 2 2 2 2 2 2 2 2 2 2 2 2 2 2 2 2 2 2 2 2 2 2 2 2 2 2 2 2 2 2 2 2 2 2 2 2 2 2 2 2 2 2 2 2 2 2 2 2 2 2 2 2 2 2 2 2 2 2 2 2 2 2 2 2 2 2 2 2 2 2 2 2 2 2 2 2 2 2 2 2 2 2 2 2 2 2 2 2 2 2 2 2 2 2 2 2 2 2 2 2 2 2 2 2 2 2 2 2 2 2 2 2 2 2 2 2 2 2 2 2 2
-1 0 1 2 -2 -1 0 1 2 -2 -1 0 1 2 -2 -1 0 1 2 -2 -1 0 1 2 -2 -1 0 1 2 -2 -1 0 1 2 -2 -1 0 1 2 -2 -1 0 1 2 -2 -1 0 1 2 -2 -1 0 1 2 -2 -1 0 1 2 -2 -1 0 1 2 -2 -1 0 1 2 -2 -1 0 1 2 -2 -1 0 1 2 -2 -1 0 1 2 -2 -1 0 1 2 -2 -1 0 1 2 -2 -1 0 1 2 -2 -1 0 1 2 -2 -1 0 1 2 -2 -1 0 1 2 -2 -1 0 1 2 -2 -1 0 1 2 -2 -1 0 1 2 -2 -1 0 1 2 -2 -1 0 1 2 -2 -1 0 1 2 -2 -1 0 1 2 -2 -1 0 1 2 -2 -1 0 1 2 -2 -1 0 1 2 -2 -1 0 1 2 -2 -1 0 1 2 -2 -1 0 1 2 -2 -1 0 1 2 -2 -1 0 1 2 -2 -1 0 1 2 -2 -1 0 1 2 -2 -1 0 1 2 -2 -1 0 1 2 -2 -1 0 1 2 -2 -1 0 1 2 -2 -1 0 1 2 -2 -1 0 1 2 -2 -1 0 1 2 -2 -1 0 1 2 -2 -1 0 1 2 -2 -1 0 1 2 -2 -1 0 1 2 -2 -1 0 1 2 -2 -1 0 1 601 -2 -1 0 1 2 -2 -1 0 1 2 -2 -1 0 1 2 -2 -1 0 1 2 -2 -1 0 1 2 -2 -1 0 1 2 -2 -1 0 1 2 -2 -1 0 1 2 -2 -1 0 1 2 -2 -1 0 1 2 -2 -1 0 1 2 -2 -1 0 1 2 -2 -1 0 1 2 -2 -1 0 1 2 -2 -1 0 1 2 -2 -1 0 1 2 -2 -1 0 1 2 -2 -1 0 1 2 -2 -1 0 1 2 -2 -1 0 1 2 -2 -1 0 1 2 -2 -1 0 1 2 -2 -1 0 1 2 -2 -1 0 1 2 -2 -1 0 1 2 -2 -1 0 1 2 -2 -1 0 1 2 -2 -1 0 1 2 -2 -1 0 1 2 -2 -1 0 1 2 -2 -1 0 1 2 -2 -1 0 1 2 -2 -1 0 1 2 -2 -1 0 1 2 -2 -1 0 1 2 -2 -1 0 1 2 -2 -1 0 1 2 -2 -1 0 1 2 -2 -1 0 1 2 -2 -1 0 1 2 -2 -1 0 1 2 -2 -1 0 1 2 -2 -1 0 1 2 -2 -1 0 1 2 -2 -1 0 1 2 -2 -1 0 1 2 -2 -1 0 1 2 -2
1 -2 0 2 -1 1 -2 0 2 -1 1 -2 0 2 -1 1 -2 0 2 -1 1 -2 0 2 -1 1 -2 0 2 -1 1 -2 0 2 -1 1 -2 0 2 -1 1 -2 0 2 -1 1 -2 0 2 -1 1 -2 0 2 -1 1 -2 0 2 -1 1 -2 0 2 -1 1 -2 0 2 -1 1 -2 0 2 -1 1 -2 0 2 -1 1 -2 0 2 -1 1 -2 0 2 -1 1 -2 0 2 -1 1 -2 0 2 -1 1 -2 0 2 -1 1 -2 0 2 -1 1 -2 0 2 -1 1 -2 0 2 -1 1 -2 0 2 -1 1 -2 0 2 -1 1 -2 0 2 -1 1 -2 0 2 -1 1 -2 0 2 -1 1 -2 0 2 -1 1 -2 0 2 -1 1 -2 0 2 -1 1 -2 0 2 -1 1 -2 0 2 -1 1 -2 0 2 -1 1 -2 0 2 -1 1 -2 0 2 -1 1 -2 0 2 -1 1 -2 0 2 -1 1 -2 0 2 -1 1 -2 0 2 -1 1 -2 0 2 -1 1 -2 0 2 -1 1 -2 0 2 -1 1 -2 0 2 -1 1 -2 0 2 -1 1 -2 0 2 -1 1 -2 0 2 -1 1 -2 0 2 -1 1 -2 0 2 -1 1 -2 0 2 -1 1 -2 0 2 -1 1 -2 0 2 602 1 -2 0 2 -1 1 -2 0 2 -1 1 -2 0 2 -1 1 -2 0 2 -1 1 -2 0 2 -1 1 -2 0 2 -1 1 -2 0 2 -1 1 -2 0 2 -1 1 -2 0 2 -1 1 -2 0 2 -1 1 -2 0 2 -1 1 -2 0 2 -1 1 -2 0 2 -1 1 -2 0 2 -1 1 -2 0 2 -1 1 -2 0 2 -1 1 -2 0 2 -1 1 -2 0 2 -1 1 -2 0 2 -1 1 -2 0 2 -1 1 -2 0 2 -1 1 -2 0 2 -1 1 -2 0 2 -1 1 -2 0 2 -1 1 -2 0 2 -1 1 -2 0 2 -1 1 -2 0 2 -1 1 -2 0 2 -1 1 -2 0 2 -1 1 -2 0 2 -1 1 -2 0 2 -1 1 -2 0 2 -1 1 -2 0 2 -1 1 -2 0 2 -1 1 -2 0 2 -1 1 -2 0 2 -1 1 -2 0 2 -1 1 -2 0 2 -1 1 -2 0 2 -1 1 -2 0 2 -1 1 -2 0 2 -1 1 -2 0 2 -1 1 -2 0 2 -1 1 -2 0 2 -1 1 -2 0 2 -1 1 -2 0 2 -1 1 -2 0 2 -1
-2 1 -1 2 0 -2 1 -1 2 0 -2 1 -1 2 0 -2 1 -1 2 0 -2 1 -1 2 0 -2 1 -1 2 0 -2 1 -1 2 0 -2 1 -1 2 0 -2 1 -1 2 0 -2 1 -1 2 0 -2 1 -1 2 0 -2 1 -1 2 0 -2 1 -1 2 0 -2 1 -1 2 0 -2 1 -1 2 0 -2 1 -1 2 0 -2 1 -1 2 0 -2 1 -1 2 0 -2 1 -1 2 0 -2 1 -1 2 0 -2 1 -1 2 0 -2 1 -1 2 0 -2 1 -1 2 0 -2 1 -1 2 0 -2 1 -1 2 0 -2 1 -1 2 0 -2 1 -1 2 0 -2 1 -1 2 0 -2 1 -1 2 0 -2 1 -1 2 0 -2 1 -1 2 0 -2 1 -1 2 0 -2 1 -1 2 0 -2 1 -1 2 0 -2 1 -1 2 0 -2 1 -1 2 0 -2 1 -1 2 0 -2 1 -1 2 0 -2 1 -1 2 0 -2 1 -1 2 0 -2 1 -1 2 0 -2 1 -1 2 0 -2 1 -1 2 0 -2 1 -1 2 0 -2 1 -1 2 0 -2 1 -1 2 0 -2 1 -1 2 0 -2 1 -1 2 0 -2 1 -1 2 0 -2 1 -1 2 0 -2 1 -1 2 0 -2 1 -1 2 0 -2 1 -1 2 0 601 1 -1 2 0 -2 1 -1 2 0 -2 1 -1 2 0 -2 1 -1 2 0 -2 1 -1 2 0 -2 1 -1 2 0 -2 1 -1 2 0 -2 1 -1 2 0 -2 1 -1 2 0 -2 1 -1 2 0 -2 1 -1 2 0 -2 1 -1 2 0 -2 1 -1 2 0 -2 1 -1 2 0 -2 1 -1 2 0 -2 1 -1 2 0 -2 1 -1 2 0 -2 1 -1 2 0 -2 1 -1 2 0 -2 1 -1 2 0 -2 1 -1 2 0 -2 1 -1 2 0 -2 1 -1 2 0 -2 1 -1 2 0 -2 1 -1 2 0 -2 1 -1 2 0 -2 1 -1 2 0 -2 1 -1 2 0 -2 1 -1 2 0 -2 1 -1 2 0 -2 1 -1 2 0 -2 1 -1 2 0 -2 1 -1 2 0 -2 1 -1 2 0 -2 1 -1 2 0 -2 1 -1 2 0 -2 1 -1 2 0 -2 1 -1 2 0 -2 1 -1 2 0 -2 1 -1 2 0 -2 1 -1 2 0 -2 1 -1 2 0 -2 1 -1 2 0 -2 1 -1 2 0 -2 1 -1 2 0 -2 1 -1 2 0 -2 1 -1 2 0
0 -1 -2 2 1 0 -1 -2 2 1 0 -1 -2 2 1 0 -1 -2 2 1 0 -1 -2 2 1 0 -1 -2 2 1 0 -1 -2 2 1 0 -1 -2 2 1 0 -1 -2 2 1 0 -1 -2 2 1 0 -1 -2 2 1 0 -1 -2 2 1 0 -1 -2 2 1 0 -1 -2 2 1 0 -1 -2 2 1 0 -1 -2 2 1 0 -1 -2 2 1 0 -1 -2 2 1 0 -1 -2 2 1 0 -1 -2 2 1 0 -1 -2 2 1 0 -1 -2 2 1 0 -1 -2 2 1 0 -1 -2 2 1 0 -1 -2 2 1 0 -1 -2 2 1 0 -1 -2 2 1 0 -1 -2 2 1 0 -1 -2 2 1 0 -1 -2 2 1 0 -1 -2 2 1 0 -1 -2 2 1 0 -1 -2 2 1 0 -1 -2 2 1 0 -1 -2 2 1 0 -1 -2 2 1 0 -1 -2 2 1 0 -1 -2 2 1 0 -1 -2 2 1 0 -1 -2 2 1 0 -1 -2 2 1 0 -1 -2 2 1 0 -1 -2 2 1 0 -1 -2 2 1 0 -1 -2 2 1 0 -1 -2 2 1 0 -1 -2 2 1 0 -1 -2 2 1 0 -1 -2 2 1 0 -1 -2 2 1 0 -1 -2 2 1 0 -1 -2 2 1 0 -1 -2 2 1 0 602 -2 2 1 0 -1 -2 2 1 0 -1 -2 2 1 0 -1 -2 2 1 0 -1 -2 2 1 0 -1 -2 2 1 0 -1 -2 2 1 0 -1 -2 2 1 0 -1 -2 2 1 0 -1 -2 2 1 0 -1 -2 2 1 0 -1 -2 2 1 0 -1 -2 2 1 0 -1 -2 2 1 0 -1 -2 2 1 0 -1 -2 2 1 0 -1 -2 2 1 0 -1 -2 2 1 0 -1 -2 2 1 0 -1 -2 2 1 0 -1 -2 2 1 0 -1 -2 2 1 0 -1 -2 2 1 0 -1 -2 2 1 0 -1 -2 2 1 0 -1 -2 2 1 0 -1 -2 2 1 0 -1 -2 2 1 0 -1 -2 2 1 0 -1 -2 2 1 0 -1 -2 2 1 0 -1 -2 2 1 0 -1 -2 2 1 0 -1 -2 2 1 0 -1 -2 2 1 0 -1 -2 2 1 0 -1 -2 2 1 0 -1 -2 2 1 0 -1 -2 2 1 0 -1 -2 2 1 0 -1 -2 2 1 0 -1 -2 2 1 0 -1 -2 2 1 0 -1 -2 2 1 0 -1 -2 2 1 0 -1 -2 2 1 0 -1 -2 2 1
2 2 2 2 2 2 2 2 2 2 2 2 2 2 2 2 2 2 2 2 2 2 2 2 2 2 2 2 2 2 2 2 2 2 2 2 2 2 2 2 2 2 2 2 2 2 2 2 2 2 2 2 2 2 2 2 2 2 2 2 2 2 2 2 2 2 2 2 2 2 2 2 2 2 2 2 2 2 2 2 2 2 2 2 2 2 2 2 2 2 2 2 2 2 2 2 2 2 2 2 2 2 2 2 2 2 2 2 2 2 2 2 2 2 2 2 2 2 2 2 2 2 2 2 2 2 2 2 2 2 2 2 2 2 2 2 2 2 2 2 2 2 2 2 2 2 2 2 2 2 2 2 2 2 2 2 2 2 2 2 2 2 2 2 2 2 2 2 2 2 2 2 2 2 2 2 2 2 2 2 2 2 2 2 2 2 2 2 2 2 2 2 2 2 2 2 2 2 2 2 2 2 2 2 2 2 2 2 2 2 2 2 2 2 2 2 2 2 2 2 2 2 2 2 2 2 2 2 2 2 2 2 2 2 2 2 2 2 2 2 2 2 2 2 2 2 2 2 2 2 2 2 2 2 2 2 2 2 2 2 2 2 2 2 2 2 2 1001 2 2 2 2 2 2 2 2 2 2 2 2 2 2 2 2 2 2 2 2 2 2 2 2 2 2 2 2 2 2 2 2 2 2 2 2 2 2 2 2 2 2 2 2 2 2 2 2 2 2 2 2 2 2 2 2 2 2 2 2 2 2 2 2 2 2 2 2 2 2 2 2 2 2 2 2 2 2 2 2 2 2 2 2 2 2 2 2 2 2 2 2 2 2 2 2 2 2 2 2 2 2 2 2 2 2 2 2 2 2 2 2 2 2 2 2 2 2 2 2 2 2 2 2 2 2 2 2 2 2 2 2 2 2 2 2 2 2 2 2 2 2 2 2 2 2 2 2 2 2 2 2 2 2 2 2 2 2 2 2 2 2 2 2 2 2 2 2 2 2 2 2 2 2 2 2 2 2 2 2 2 2 2 2 2 2 2 2 2 2 2 2 2 2 2 2 2 2 2 2 2 2 2 2 2 2 2 2 2 2 2 2 2 2 2 2 2 2 2 2 2 2 2 2 2 2 2 2 2 2 2 2
-1 0 1 2 -2 -1 0 1 2 -2 -1 0 1 2 -2 -1 0 1 2 -2 -1 0 1 2 -2 -1 0 1 2 -2 -1 0 1 2 -2 -1 0 1 2 -2 -1 0 1 2 -2 -1 0 1 2 -2 -1 0 1 2 -2 -1 0 1 2 -2 -1 0 1 2 -2 -1 0 1 2 -2 -1 0 1 2 -2 -1 0 1 2 -2 -1 0 1 2 -2 -1 0 1 2 -2 -1 0 1 2 -2 -1 0 1 2 -2 -1 0 1 2 -2 -1 0 1 2 -2 -1 0 1 2 -2 -1 0 1 2 -2 -1 0 1 2 -2 -1 0 1 2 -2 -1 0 1 2 -2 -1 0 1 2 -2 -1 0 1 2 -2 -1 0 1 2 -2 -1 0 1 2 -2 -1 0 1 2 -2 -1 0 1 2 -2 -1 0 1 2 -2 -1 0 1 2 -2 -1 0 1 2 -2 -1 0 1 2 -2 -1 0 1 2 -2 -1 0 1 2 -2 -1 0 1 2 -2 -1 0 1 2 -2 -1 0 1 2 -2 -1 0 1 2 -2 -1 0 1 2 -2 -1 0 1 2 -2 -1 0 1 2 -2 -1 0 1 2 -2 -1 0 1 2 -2 -1 0 1 2 -2 -1 0 1 2 -2 -1 0 1 2 -2 -1 0 1 2 -2 -1 0 1 2 -2 -1 0 1 601 -2 -1 0 1 2 -2 -1 0 1 2 -2 -1 0 1 2 -2 -1 0 1 2 -2 -1 0 1 2 -2 -1 0 1 2 -2 -1 0 1 2 -2 -1 0 1 2 -2 -1 0 1 2 -2 -1 0 1 2 -2 -1 0 1 2 -2 -1 0 1 2 -2 -1 0 1 2 -2 -1 0 1 2 -2 -1 0 1 2 -2 -1 0 1 2 -2 -1 0 1 2 -2 -1 0 1 2 -2 -1 0 1 2 -2 -1 0 1 2 -2 -1 0 1 2 -2 -1 0 1 2 -2 -1 0 1 2 -2 -1 0 1 2 -2 -1 0 1 2 -2 -1 0 1 2 -2 -1 0 1 2 -2 -1 0 1 2 -2 -1 0 1 2 -2 -1 0 1 2 -2 -1 0 1 2 -2 -1 0 1 2 -2 -1 0 1 2 -2 -1 0 1 2 -2 -1 0 1 2 -2 -1 0 1 2 -2 -1 0 1 2 -2 -1 0 1 2 -2 -1 0 1 2 -2 -1 0 1 2 -2 -1 0 1 2 -2 -1 0 1 2 -2 -1 0 1 2 -2 -1 0 1 2 -2 -1 0 1 2 -2 -1 0 1 2 -2
1 -2 0 2 -1 1 -2 0 2 -1 1 -2 0 2 -1 1 -2 0 2 -1 1 -2 0 2 -1 1 -2 0 2 -1 1 -2 0 2 -1 1 -2 0 2 -1 1 -2 0 2 -1 1 -2 0 2 -1 1 -2 0 2 -1 1 -2 0 2 -1 1 -2 0 2 -1 1 -2 0 2 -1 1 -2 0 2 -1 1 -2 0 2 -1 1 -2 0 2 -1 1 -2 0 2 -1 1 -2 0 2 -1 1 -2 0 2 -1 1 -2 0 2 -1 1 -2 0 2 -1 1 -2 0 2 -1 1 -2 0 2 -1 1 -2 0 2 -1 1 -2 0 2 -1 1 -2 0 2 -1 1 -2 0 2 -1 1 -2 0 2 -1 1 -2 0 2 -1 1 -2 0 2 -1 1 -2 0 2 -1 1 -2 0 2 -1 1 -2 0 2 -1 1 -2 0 2 -1 1 -2 0 2 -1 1 -2 0 2 -1 1 -2 0 2 -1 1 -2 0 2 -1 1 -2 0 2 -1 1 -2 0 2 -1 1 -2 0 2 -1 1 -2 0 2 -1 1 -2 0 2 -1 1 -2 0 2 -1 1 -2 0 2 -1 1 -2 0 2 -1 1 -2 0 2 -1 1 -2 0 2 -1 1 -2 0 2 -1 1 -2 0 2 -1 1 -2 0 2 -1 1 -2 0 2 -1 1 -2 0 2 602 1 -2 0 2 -1 1 -2 0 2 -1 1 -2 0 2 -1 1 -2 0 2 -1 1 -2 0 2 -1 1 -2 0 2 -1 1 -2 0 2 -1 1 -2 0 2 -1 1 -2 0 2 -1 1 -2 0 2 -1 1 -2 0 2 -1 1 -2 0 2 -1 1 -2 0 2 -1 1 -2 0 2 -1 1 -2 0 2 -1 1 -2 0 2 -1 1 -2 0 2 -1 1 -2 0 2 -1 1 -2 0 2 -1 1 -2 0 2 -1 1 -2 0 2 -1 1 -2 0 2 -1 1 -2 0 2 -1 1 -2 0 2 -1 1 -2 0 2 -1 1 -2 0 2 -1 1 -2 0 2 -1 1 -2 0 2 -1 1 -2 0 2 -1 1 -2 0 2 -1 1 -2 0 2 -1 1 -2 0 2 -1 1 -2 0 2 -1 1 -2 0 2 -1 1 -2 0 2 -1 1 -2 0 2 -1 1 -2 0 2 -1 1 -2 0 2 -1 1 -2 0 2 -1 1 -2 0 2 -1 1 -2 0 2 -1 1 -2 0 2 -1 1 -2 0 2 -1 1 -2 0 2 -1 1 -2 0 2 -1 1 -2 0 2 -1
-2 1 -1 2 0 -2 1 -1 2 0 -2 1 -1 2 0 -2 1 -1 2 0 -2 1 -1 2 0 -2 1 -1 2 0 -2 1 -1 2 0 -2 1 -1 2 0 -2 1 -1 2 0 -2 1 -1 2 0 -2 1 -1 2 0 -2 1 -1 2 0 -2 1 -1 2 0 -2 1 -1 2 0 -2 1 -1 2 0 -2 1 -1 2 0 -2 1 -1 2 0 -2 1 -1 2 0 -2 1 -1 2 0 -2 1 -1 2 0 -2 1 -1 2 0 -2 1 -1 2 0 -2 1 -1 2 0 -2 1 -1 2 0 -2 1 -1 2 0 -2 1 -1 2 0 -2 1 -1 2 0 -2 1 -1 2 0 -2 1 -1 2 0 -2 1 -1 2 0 -2 1 -1 2 0 -2 1 -1 2 0 -2 1 -1 2 0 -2 1 -1 2 0 -2 1 -1 2 0 -2 1 -1 2 0 -2 1 -1 2 0 -2 1 -1 2 0 -2 1 -1 2 0 -2 1 -1 2 0 -2 1 -1 2 0 -2 1 -1 2 0 -2 1 -1 2 0 -2 1 -1 2 0 -2 1 -1 2 0 -2 1 -1 2 0 -2 1 -1 2 0 -2 1 -1 2 0 -2 1 -1 2 0 -2 1 -1 2 0 -2 1 -1 2 0 -2 1 -1 2 0 -2 1 -1 2 0 -2 1 -1 2 0 601 1 -1 2 0 -2 1 -1 2 0 -2 1 -1 2 0 -2 1 -1 2 0 -2 1 -1 2 0 -2 1 -1 2 0 -2 1 -1 2 0 -2 1 -1 2 0 -2 1 -1 2 0 -2 1 -1 2 0 -2 1 -1 2 0 -2 1 -1 2 0 -2 1 -1 2 0 -2 1 -1 2 0 -2 1 -1 2 0 -2 1 -1 2 0 -2 1 -1 2 0 -2 1 -1 2 0 -2 1 -1 2 0 -2 1 -1 2 0 -2 1 -1 2 0 -2 1 -1 2 0 -2 1 -1 2 0 -2 1 -1 2 0 -2 1 -1 2 0 -2 1 -1 2 0 -2 1 -1 2 0 -2 1 -1 2 0 -2 1 -1 2 0 -2 1 -1 2 0 -2 1 -1 2 0 -2 1 -1 2 0 -2 1 -1 2 0 -2 1 -1 2 0 -2 1 -1 2 0 -2 1 -1 2 0 -2 1 -1 2 0 -2 1 -1 2 0 -2 1 -1 2 0 -2 1 -1 2 0 -2 1 -1 2 0 -2 1 -1 2 0 -2 1 -1 2 0 -2 1 -1 2 0 -2 1 -1 2 0 -2 1 -1 2 0
0 -1 -2 2 1 0 -1 -2 2 1 0 -1 -2 2 1 0 -1 -2 2 1 0 -1 -2 2 1 0 -1 -2 2 1 0 -1 -2 2 1 0 -1 -2 2 1 0 -1 -2 2 1 0 -1 -2 2 1 0 -1 -2 2 1 0 -1 -2 2 1 0 -1 -2 2 1 0 -1 -2 2 1 0 -1 -2 2 1 0 -1 -2 2 1 0 -1 -2 2 1 0 -1 -2 2 1 0 -1 -2 2 1 0 -1 -2 2 1 0 -1 -2 2 1 0 -1 -2 2 1 0 -1 -2 2 1 0 -1 -2 2 1 0 -1 -2 2 1 0 -1 -2 2 1 0 -1 -2 2 1 0 -1 -2 2 1 0 -1 -2 2 1 0 -1 -2 2 1 0 -1 -2 2 1 0 -1 -2 2 1 0 -1 -2 2 1 0 -1 -2 2 1 0 -1 -2 2 1 0 -1 -2 2 1 0 -1 -2 2 1 0 -1 -2 2 1 0 -1 -2 2 1 0 -1 -2 2 1 0 -1 -2 2 1 0 -1 -2 2 1 0 -1 -2 2 1 0 -1 -2 2 1 0 -1 -2 2 1 0 -1 -2 2 1 0 -1 -2 2 1 0 -1 -2 2 1 0 -1 -2 2 1 0 -1 -2 2 1 0 -1 -2 2 1 0 -1 -2 2 1 0 -1 -2 2 1 0 -1 -2 2 1 0 602 -2 2 1 0 -1 -2 2 1 0 -1 -2 2 1 0 -1 -2 2 1 0 -1 -2 2 1 0 -1 -2 2 1 0 -1 -2 2 1 0 -1 -2 2 1 0 -1 -2 2 1 0 -1 -2 2 1 0 -1 -2 2 1 0 -1 -2 2 1 0 -1 -2 2 1 0 -1 -2 2 1 0 -1 -2 2 1 0 -1 -2 2 1 0 -1 -2 2 1 0 -1 -2 2 1 0 -1 -2 2 1 0 -1 -2 2 1 0 -1 -2 2 1 0 -1 -2 2 1 0 -1 -2 2 1 0 -1 -2 2 1 0 -1 -2 2 1 0 -1 -2 2 1 0 -1 -2 2 1 0 -1 -2 2 1 0 -1 -2 2 1 0 -1 -2 2 1 0 -1 -2 2 1 0 -1 -2 2 1 0 -1 -2 2 1 0 -1 -2 2 1 0 -1 -2 2 1 0 -1 -2 2 1 0 -1 -2 2 1 0 -1 -2 2 1 0 -1 -2 2 1 0 -1 -2 2 1 0 -1 -2 2 1 0 -1 -2 2 1 0 -1 -2 2 1 0 -1 -2 2 1 0 -1 -2 2 1 0 -1 -2 2 1
2 2 2 2 2 2 2 2 2 2 2 2 2 2 2 2 2 2 2 2 2 2 2 2 2 2 2 2 2 2 2 2 2 2 2 2 2 2 2 2 2 2 2 2 2 2 2 2 2 2 2 2 2 2 2 2 2 2 2 2 2 2 2 2 2 2 2 2 2 2 2 2 2 2 2 2 2 2 2 2 2 2 2 2 2 2 2 2 2 2 2 2 2 2 2 2 2 2 2 2 2 2 2 2 2 2 2 2 2 2 2 2 2 2 2 2 2 2 2 2 2 2 2 2 2 2 2 2 2 2 2 2 2 2 2 2 2 2 2 2 2 2 2 2 2 2 2 2 2 2 2 2 2 2 2 2 2 2 2 2 2 2 2 2 2 2 2 2 2 2 2 2 2 2 2 2 2 2 2 2 2 2 2 2 2 2 2 2 2 2 2 2 2 2 2 2 2 2 2 2 2 2 2 2 2 2 2 2 2 2 2 2 2 2 2 2 2 2 2 2 2 2 2 2 2 2 2 2 2 2 2 2 2 2 2 2 2 2 2 2 2 2 2 2 2 2 2 2 2 2 2 2 2 2 2 2 2 2 2 2 2 2 2 2 2 2 2 2 2 2 2 2 1001 2 2 2 2 2 2 2 2 2 2 2 2 2 2 2 2 2 2 2 2 2 2 2 2 2 2 2 2 2 2 2 2 2 2 2 2 2 2 2 2 2 2 2 2 2 2 2 2 2 2 2 2 2 2 2 2 2 2 2 2 2 2 2 2 2 2 2 2 2 2 2 2 2 2 2 2 2 2 2 2 2 2 2 2 2 2 2 2 2 2 2 2 2 2 2 2 2 2 2 2 2 2 2 2 2 2 2 2 2 2 2 2 2 2 2 2 2 2 2 2 2 2 2 2 2 2 2 2 2 2 2 2 2 2 2 2 2 2 2 2 2 2 2 2 2 2 2 2 2 2 2 2 2 2 2 2 2 2 2 2 2 2 2 2 2 2 2 2 2 2 2 2 2 2 2 2 2 2 2 2 2 2 2 2 2 2 2 2 2 2 2 2 2 2 2 2 2 2 2 2 2 2 2 2 2 2 2 2 2 2 2 2 2 2 2 2 2 2 2 2 2 2 2 2 2 2 2
-1 0 1 2 -2 -1 0 1 2 -2 -1 0 1 2 -2 -1 0 1 2 -2 -1 0 1 2 -2 -1 0 1 2 -2 -1 0 1 2 -2 -1 0 1 2 -2 -1 0 1 2 -2 -1 0 1 2 -2 -1 0 1 2 -2 -1 0 1 2 -2 -1 0 1 2 -2 -1 0 1 2 -2 -1 0 1 2 -2 -1 0 1 2 -2 -1 0 1 2 -2 -1 0 1 2 -2 -1 0 1 2 -2 -1 0 1 2 -2 -1 0 1 2 -2 -1 0 1 2 -2 -1 0 1 2 -2 -1 0 1 2 -2 -1 0 1 2 -2 -1 0 1 2 -2 -1 0 1 2 -2 -1 0 1 2 -2 -1 0 1 2 -2 -1 0 1 2 -2 -1 0 1 2 -2 -1 0 1 2 -2 -1 0 1 2 -2 -1 0 1 2 -2 -1 0 1 2 -2 -1 0 1 2 -2 -1 0 1 2 -2 -1 0 1 2 -2 -1 0 1 2 -2 -1 0 1 2 -2 -1 0 1 2 -2 -1 0 1 2 -2 -1 0 1 2 -2 -1 0 1 2 -2 -1 0 1 2 -2 -1 0 1 2 -2 -1 0 1 2 -2 -1 0 1 2 -2 -1 0 1 2 -2 -1 0 1 2 -2 -1 0 1 2 -2 -1 0 1 2 -2 -1 0 1 2 -2 -1 0 1 2 -2 -1 0 1 601 -2 -1 0 1 2 -2 -1 0 1 2 -2 -1 0 1 2 -2 -1 0 1 2 -2 -1 0 1 2 -2 -1 0 1 2 -2 -1 0 1 2 -2 -1 0 1 2 -2 -1 0 1 2 -2 -1 0 1 2 -2 -1 0 1 2 -2 -1 0 1 2 -2 -1 0 1 2 -2 -1 0 1 2 -2 -1 0 1 2 -2 -1 0 1 2 -2 -1 0 1 2 -2 -1 0 1 2 -2 -1 0 1 2 -2 -1 0 1 2 -2 -1 0 1 2 -2 -1 0 1 2 -2 -1 0 1 2 -2 -1 0 1 2 -2 -1 0 1 2 -2 -1 0 1 2 -2 -1 0 1 2 -2 -1 0 1 2 -2 -1 0 1 2 -2 -1 0 1 2 -2 -1 0 1 2 -2 -1 0 1 2 -2 -1 0 1 2 -2 -1 0 1 2 -2 -1 0 1 2 -2 -1 0 1 2 -2 -1 0 1 2 -2 -1 0 1 2 -2 -1 0 1 2 -2 -1 0 1 2 -2 -1 0 1 2 -2 -1 0 1 2 -2 -1 0 1 2 -2 -1 0 1 2 -2 -1 0 1 2 -2
1 -2 0 2 -1 1 -2 0 2 -1 1 -2 0 2 -1 1 -2 0 2 -1 1 -2 0 2 -1 1 -2 0 2 -1 1 -2 0 2 -1 1 -2 0 2 -1 1 -2 0 2 -1 1 -2 0 2 -1 1 -2 0 2 -1 1 -2 0 2 -1 1 -2 0 2 -1 1 -2 0 2 -1 1 -2 0 2 -1 1 -2 0 2 -1 1 -2 0 2 -1 1 -2 0 2 -1 1 -2 0 2 -1 1 -2 0 2 -1 1 -2 0 2 -1 1 -2 0 2 -1 1 -2 0 2 -1 1 -2 0 2 -1 1 -2 0 2 -1 1 -2 0 2 -1 1 -2 0 2 -1 1 -2 0 2 -1 1 -2 0 2 -1 1 -2 0 2 -1 1 -2 0 2 -1 1 -2 0 2 -1 1 -2 0 2 -1 1 -2 0 2 -1 1 -2 0 2 -1 1 -2 0 2 -1 1 -2 0 2 -1 1 -2 0 2 -1 1 -2 0 2 -1 1 -2 0 2 -1 1 -2 0 2 -1 1 -2 0 2 -1 1 -2 0 2 -1 1 -2 0 2 -1 1 -2 0 2 -1 1 -2 0 2 -1 1 -2 0 2 -1 1 -2 0 2 -1 1 -2 0 2 -1 1 -2 0 2 -1 1 -2 0 2 -1 1 -2 0 2 -1 1 -2 0 2 -1 1 -2 0 2 -1 1 -2 0 2 602 1 -2 0 2 -1 1 -2 0 2 -1 1 -2 0 2 -1 1 -2 0 2 -1 1 -2 0 2 -1 1 -2 0 2 -1 1 -2 0 2 -1 1 -2 0 2 -1 1 -2 0 2 -1 1 -2 0 2 -1 1 -2 0 2 -1 1 -2 0 2 -1 1 -2 0 2 -1 1 -2 0 2 -1 1 -2 0 2 -1 1 -2 0 2 -1 1 -2 0 2 -1 1 -2 0 2 -1 1 -2 0 2 -1 1 -2 0 2 -1 1 -2 0 2 -1 1 -2 0 2 -1 1 -2 0 2 -1 1 -2 0 2 -1 1 -2 0 2 -1 1 -2 0 2 -1 1 -2 0 2 -1 1 -2 0 2 -1 1 -2 0 2 -1 1 -2 0 2 -1 1 -2 0 2 -1 1 -2 0 2 -1 1 -2 0 2 -1 1 -2 0 2 -1 1 -2 0 2 -1 1 -2 0 2 -1 1 -2 0 2 -1 1 -2 0 2 -1 1 -2 0 2 -1 1 -2 0 2 -1 1 -2 0 2 -1 1 -2 0 2 -1 1 -2 0 2 -1 1 -2 0 2 -1 1 -2 0 2 -1
-2 1 -1 2 0 -2 1 -1 2 0 -2 1 -1 2 0 -2 1 -1 2 0 -2 1 -1 2 0 -2 1 -1 2 0 -2 1 -1 2 0 -2 1 -1 2 0 -2 1 -1 2 0 -2 1 -1 2 0 -2 1 -1 2 0 -2 1 -1 2 0 -2 1 -1 2 0 -2 1 -1 2 0 -2 1 -1 2 0 -2 1 -1 2 0 -2 1 -1 2 0 -2 1 -1 2 0 -2 1 -1 2 0 -2 1 -1 2 0 -2 1 -1 2 0 -2 1 -1 2 0 -2 1 -1 2 0 -2 1 -1 2 0 -2 1 -1 2 0 -2 1 -1 2 0 -2 1 -1 2 0 -2 1 -1 2 0 -2 1 -1 2 0 -2 1 -1 2 0 -2 1 -1 2 0 -2 1 -1 2 0 -2 1 -1 2 0 -2 1 -1 2 0 -2 1 -1 2 0 -2 1 -1 2 0 -2 1 -1 2 0 -2 1 -1 2 0 -2 1 -1 2 0 -2 1 -1 2 0 -2 1 -1 2 0 -2 1 -1 2 0 -2 1 -1 2 0 -2 1 -1 2 0 -2 1 -1 2 0 -2 1 -1 2 0 -2 1 -1 2 0 -2 1 -1 2 0 -2 1 -1 2 0 -2 1 -1 2 0 -2 1 -1 2 0 -2 1 -1 2 0 -2 1 -1 2 0 -2 1 -1 2 0 -2 1 -1 2 0 601 1 -1 2 0 -2 1 -1 2 0 -2 1 -1 2 0 -2 1 -1 2 0 -2 1 -1 2 0 -2 1 -1 2 0 -2 1 -1 2 0 -2 1 -1 2 0 -2 1 -1 2 0 -2 1 -1 2 0 -2 1 -1 2 0 -2 1 -1 2 0 -2 1 -1 2 0 -2 1 -1 2 0 -2 1 -1 2 0 -2 1 -1 2 0 -2 1 -1 2 0 -2 1 -1 2 0 -2 1 -1 2 0 -2 1 -1 2 0 -2 1 -1 2 0 -2 1 -1 2 0 -2 1 -1 2 0 -2 1 -1 2 0 -2 1 -1 2 0 -2 1 -1 2 0 -2 1 -1 2 0 -2 1 -1 2 0 -2 1 -1 2 0 -2 1 -1 2 0 -2 1 -1 2 0 -2 1 -1 2 0 -2 1 -1 2 0 -2 1 -1 2 0 -2 1 -1 2 0 -2 1 -1 2 0 -2 1 -1 2 0 -2 1 -1 2 0 -2 1 -1 2 0 -2 1 -1 2 0 -2 1 -1 2 0 -2 1 -1 2 0 -2 1 -1 2 0 -2 1 -1 2 0 -2 1 -1 2 0
0 -1 -2 2 1 0 -1 -2 2 1 0 -1 -2 2 1 0 -1 -2 2 1 0 -1 -2 2 1 0 -1 -2 2 1 0 -1 -2 2 1 0 -1 -2 2 1 0 -1 -2 2 1 0 -1 -2 2 1 0 -1 -2 2 1 0 -1 -2 2 1 0 -1 -2 2 1 0 -1 -2 2 1 0 -1 -2 2 1 0 -1 -2 2 1 0 -1 -2 2 1 0 -1 -2 2 1 0 -1 -2 2 1 0 -1 -2 2 1 0 -1 -2 2 1 0 -1 -2 2 1 0 -1 -2 2 1 0 -1 -2 2 1 0 -1 -2 2 1 0 -1 -2 2 1 0 -1 -2 2 1 0 -1 -2 2 1 0 -1 -2 2 1 0 -1 -2 2 1 0 -1 -2 2 1 0 -1 -2 2 1 0 -1 -2 2 1 0 -1 -2 2 1 0 -1 -2 2 1 0 -1 -2 2 1 0 -1 -2 2 1 0 -1 -2 2 1 0 -1 -2 2 1 0 -1 -2 2 1 0 -1 -2 2 1 0 -1 -2 2 1 0 -1 -2 2 1 0 -1 -2 2 1 0 -1 -2 2 1 0 -1 -2 2 1 0 -1 -2 2 1 0 -1 -2 2 1 0 -1 -2 2 1 0 -1 -2 2 1 0 -1 -2 2 1 0 -1 -2 2 1 0 -1 -2 2 1 0 -1 -2 2 1 0 -1 -2 2 1 0 602 -2 2 1 0 -1 -2 2 1 0 -1 -2 2 1 0 -1 -2 2 1 0 -1 -2 2 1 0 -1 -2 2 1 0 -1 -2 2 1 0 -1 -2 2 1 0 -1 -2 2 1 0 -1 -2 2 1 0 -1 -2 2 1 0 -1 -2 2 1 0 -1 -2 2 1 0 -1 -2 2 1 0 -1 -2 2 1 0 -1 -2 2 1 0 -1 -2 2 1 0 -1 -2 2 1 0 -1 -2 2 1 0 -1 -2 2 1 0 -1 -2 2 1 0 -1 -2 2 1 0 -1 -2 2 1 0 -1 -2 2 1 0 -1 -2 2 1 0 -1 -2 2 1 0 -1 -2 2 1 0 -1 -2 2 1 0 -1 -2 2 1 0 -1 -2 2 1 0 -1 -2 2 1 0 -1 -2 2 1 0 -1 -2 2 1 0 -1 -2 2 1 0 -1 -2 2 1 0 -1 -2 2 1 0 -1 -2 2 1 0 -1 -2 2 1 0 -1 -2 2 1 0 -1 -2 2 1 0 -1 -2 2 1 0 -1 -2 2 1 0 -1 -2 2 1 0 -1 -2 2 1 0 -1 -2 2 1
2 2 2 2 2 2 2 2 2 2 2 2 2 2 2 2 2 2 2 2 2 2 2 2 2 2 2 2 2 2 2 2 2 2 2 2 2 2 2 2 2 2 2 2 2 2 2 2 2 2 2 2 2 2 2 2 2 2 2 2 2 2 2 2 2 2 2 2 2 2 2 2 2 2 2 2 2 2 2 2 2 2 2 2 2 2 2 2 2 2 2 2 2 2 2 2 2 2 2 2 2 2 2 2 2 2 2 2 2 2 2 2 2 2 2 2 2 2 2 2 2 2 2 2 2 2 2 2 2 2 2 2 2 2 2 2 2 2 2 2 2 2 2 2 2 2 2 2 2 2 2 2 2 2 2 2 2 2 2 2 2 2 2 2 2 2 2 2 2 2 2 2 2 2 2 2 2 2 2 2 2 2 2 2 2 2 2 2 2 2 2 2 2 2 2 2 2 2 2 2 2 2 2 2 2 2 2 2 2 2 2 2 2 2 2 2 2 2 2 2 2 2 2 2 2 2 2 2 2 2 2 2 2 2 2 2 2 2 2 2 2 2 2 2 2 2 2 2 2 2 2 2 2 2 2 2 2 2 2 2 2 2 2 2 2 2 2 2 2 2 2 2 2 2 2 2 2 1001 2 2 2 2 2 2 2 2 2 2 2 2 2 2 2 2 2 2 2 2 2 2 2 2 2 2 2 2 2 2 2 2 2 2 2 2 2 2 2 2 2 2 2 2 2 2 2 2 2 2 2 2 2 2 2 2 2 2 2 2 2 2 2 2 2 2 2 2 2 2 2 2 2 2 2 2 2 2 2 2 2 2 2 2 2 2 2 2 2 2 2 2 2 2 2 2 2 2 2 2 2 2 2 2 2 2 2 2 2 2 2 2 2 2 2 2 2 2 2 2 2 2 2 2 2 2 2 2 2 2 2 2 2 2 2 2 2 2 2 2 2 2 2 2 2 2 2 2 2 2 2 2 2 2 2 2 2 2 2 2 2 2 2 2 2 2 2 2 2 2 2 2 2 2 2 2 2 2 2 2 2 2 2 2 2 2 2 2 2 2 2 2 2 2 2 2 2 2 2 2 2 2 2 2 2 2 2 2 2 2 2 2 2 2 2 2 2 2 2 2 2 2
-1 0 1 2 -2 -1 0 1 2 -2 -1 0 1 2 -2 -1 0 1 2 -2 -1 0 1 2 -2 -1 0 1 2 -2 -1 0 1 2 -2 -1 0 1 2 -2 -1 0 1 2 -2 -1 0 1 2 -2 -1 0 1 2 -2 -1 0 1 2 -2 -1 0 1 2 -2 -1 0 1 2 -2 -1 0 1 2 -2 -1 0 1 2 -2 -1 0 1 2 -2 -1 0 1 2 -2 -1 0 1 2 -2 -1 0 1 2 -2 -1 0 1 2 -2 -1 0 1 2 -2 -1 0 1 2 -2 -1 0 1 2 -2 -1 0 1 2 -2 -1 0 1 2 -2 -1 0 1 2 -2 -1 0 1 2 -2 -1 0 1 2 -2 -1 0 1 2 -2 -1 0 1 2 -2 -1 0 1 2 -2 -1 0 1 2 -2 -1 0 1 2 -2 -1 0 1 2 -2 -1 0 1 2 -2 -1 0 1 2 -2 -1 0 1 2 -2 -1 0 1 2 -2 -1 0 1 2 -2 -1 0 1 2 -2 -1 0 1 2 -2 -1 0 1 2 -2 -1 0 1 2 -2 -1 0 1 2 -2 -1 0 1 2 -2 -1 0 1 2 -2 -1 0 1 2 -2 -1 0 1 2 -2 -1 0 1 2 -2 -1 0 1 2 -2 -1 0 1 2 -2 -1 0 1 2 -2 -1 0 1 2 -2 -1 0 1 2 -2 -1 0 1 601 -2 -1 0 1 2 -2 -1 0 1 2 -2 -1 0 1 2 -2 -1 0 1 2 -2 -1 0 1 2 -2 -1 0 1 2 -2 -1 0 1 2 -2 -1 0 1 2 -2 -1 0 1 2 -2 -1 0 1 2 -2 -1 0 1 2 -2 -1 0 1 2 -2 -1 0 1 2 -2 -1 0 1 2 -2 -1 0 1 2 -2 -1 0 1 2 -2 -1 0 1 2 -2 -1 0 1 2 -2 -1 0 1 2 -2 -1 0 1 2 -2 -1 0 1 2 -2 -1 0 1 2 -2 -1 0 1 2 -2 -1 0 1 2 -2 -1 0 1 2 -2 -1 0 1 2 -2 -1 0 1 2 -2 -1 0 1 2 -2 -1 0 1 2 -2 -1 0 1 2 -2 -1 0 1 2 -2 -1 0 1 2 -2 -1 0 1 2 -2 -1 0 1 2 -2 -1 0 1 2 -2 -1 0 1 2 -2 -1 0 1 2 -2 -1 0 1 2 -2 -1 0 1 2 -2 -1 0 1 2 -2 -1 0 1 2 -2 -1 0 1 2 -2 -1 0 1 2 -2 -1 0 1 2 -2
1 -2 0 2 -1 1 -2 0 2 -1 1 -2 0 2 -1 1 -2 0 2 -1 1 -2 0 2 -1 1 -2 0 2 -1 1 -2 0 2 -1 1 -2 0 2 -1 1 -2 0 2 -1 1 -2 0 2 -1 1 -2 0 2 -1 1 -2 0 2 -1 1 -2 0 2 -1 1 -2 0 2 -1 1 -2 0 2 -1 1 -2 0 2 -1 1 -2 0 2 -1 1 -2 0 2 -1 1 -2 0 2 -1 1 -2 0 2 -1 1 -2 0 2 -1 1 -2 0 2 -1 1 -2 0 2 -1 1 -2 0 2 -1 1 -2 0 2 -1 1 -2 0 2 -1 1 -2 0 2 -1 1 -2 0 2 -1 1 -2 0 2 -1 1 -2 0 2 -1 1 -2 0 2 -1 1 -2 0 2 -1 1 -2 0 2 -1 1 -2 0 2 -1 1 -2 0 2 -1 1 -2 0 2 -1 1 -2 0 2 -1 1 -2 0 2 -1 1 -2 0 2 -1 1 -2 0 2 -1 1 -2 0 2 -1 1 -2 0 2 -1 1 -2 0 2 -1 1 -2 0 2 -1 1 -2 0 2 -1 1 -2 0 2 -1 1 -2 0 2 -1 1 -2 0 2 -1 1 -2 0 2 -1 1 -2 0 2 -1 1 -2 0 2 -1 1 -2 0 2 -1 1 -2 0 2 -1 1 -2 0 2 -1 1 -2 0 2 -1 1 -2 0 2 602 1 -2 0 2 -1 1 -2 0 2 -1 1 -2 0 2 -1 1 -2 0 2 -1 1 -2 0 2 -1 1 -2 0 2 -1 1 -2 0 2 -1 1 -2 0 2 -1 1 -2 0 2 -1 1 -2 0 2 -1 1 -2 0 2 -1 1 -2 0 2 -1 1 -2 0 2 -1 1 -2 0 2 -1 1 -2 0 2 -1 1 -2 0 2 -1 1 -2 0 2 -1 1 -2 0 2 -1 1 -2 0 2 -1 1 -2 0 2 -1 1 -2 0 2 -1 1 -2 0 2 -1 1 -2 0 2 -1 1 -2 0 2 -1 1 -2 0 2 -1 1 -2 0 2 -1 1 -2 0 2 -1 1 -2 0 2 -1 1 -2 0 2 -1 1 -2 0 2 -1 1 -2 0 2 -1 1 -2 0 2 -1 1 -2 0 2 -1 1 -2 0 2 -1 1 -2 0 2 -1 1 -2 0 2 -1 1 -2 0 2 -1 1 -2 0 2 -1 1 -2 0 2 -1 1 -2 0 2 -1 1 -2 0 2 -1 1 -2 0 2 -1 1 -2 0 2 -1 1 -2 0 2 -1
-2 1 -1 2 0 -2 1 -1 2 0 -2 1 -1 2 0 -2 1 -1 2 0 -2 1 -1 2 0 -2 1 -1 2 0 -2 1 -1 2 0 -2 1 -1 2 0 -2 1 -1 2 0 -2 1 -1 2 0 -2 1 -1 2 0 -2 1 -1 2 0 -2 1 -1 2 0 -2 1 -1 2 0 -2 1 -1 2 0 -2 1 -1 2 0 -2 1 -1 2 0 -2 1 -1 2 0 -2 1 -1 2 0 -2 1 -1 2 0 -2 1 -1 2 0 -2 1 -1 2 0 -2 1 -1 2 0 -2 1 -1 2 0 -2 1 -1 2 0 -2 1 -1 2 0 -2 1 -1 2 0 -2 1 -1 2 0 -2 1 -1 2 0 -2 1 -1 2 0 -2 1 -1 2 0 -2 1 -1 2 0 -2 1 -1 2 0 -2 1 -1 2 0 -2 1 -1 2 0 -2 1 -1 2 0 -2 1 -1 2 0 -2 1 -1 2 0 -2 1 -1 2 0 -2 1 -1 2 0 -2 1 -1 2 0 -2 1 -1 2 0 -2 1 -1 2 0 -2 1 -1 2 0 -2 1 -1 2 0 -2 1 -1 2 0 -2 1 -1 2 0 -2 1 -1 2 0 -2 1 -1 2 0 -2 1 -1 2 0 -2 1 -1 2 0 -2 1 -1 2 0 -2 1 -1 2 0 -2 1 -1 2 0 -2 1 -1 2 0 -2 1 -1 2 0 601 1 -1 2 0 -2 1 -1 2 0 -2 1 -1 2 0 -2 1 -1 2 0 -2 1 -1 2 0 -2 1 -1 2 0 -2 1 -1 2 0 -2 1 -1 2 0 -2 1 -1 2 0 -2 1 -1 2 0 -2 1 -1 2 0 -2 1 -1 2 0 -2 1 -1 2 0 -2 1 -1 2 0 -2 1 -1 2 0 -2 1 -1 2 0 -2 1 -1 2 0 -2 1 -1 2 0 -2 1 -1 2 0 -2 1 -1 2 0 -2 1 -1 2 0 -2 1 -1 2 0 -2 1 -1 2 0 -2 1 -1 2 0 -2 1 -1 2 0 -2 1 -1 2 0 -2 1 -1 2 0 -2 1 -1 2 0 -2 1 -1 2 0 -2 1 -1 2 0 -2 1 -1 2 0 -2 1 -1 2 0 -2 1 -1 2 0 -2 1 -1 2 0 -2 1 -1 2 0 -2 1 -1 2 0 -2 1 -1 2 0 -2 1 -1 2 0 -2 1 -1 2 0 -2 1 -1 2 0 -2 1 -1 2 0 -2 1 -1 2 0 -2 1 -1 2 0 -2 1 -1 2 0
0 -1 -2 2 1 0 -1 -2 2 1 0 -1 -2 2 1 0 -1 -2 2 1 0 -1 -2 2 1 0 -1 -2 2 1 0 -1 -2 2 1 0 -1 -2 2 1 0 -1 -2 2 1 0 -1 -2 2 1 0 -1 -2 2 1 0 -1 -2 2 1 0 -1 -2 2 1 0 -1 -2 2 1 0 -1 -2 2 1 0 -1 -2 2 1 0 -1 -2 2 1 0 -1 -2 2 1 0 -1 -2 2 1 0 -1 -2 2 1 0 -1 -2 2 1 0 -1 -2 2 1 0 -1 -2 2 1 0 -1 -2 2 1 0 -1 -2 2 1 0 -1 -2 2 1 0 -1 -2 2 1 0 -1 -2 2 1 0 -1 -2 2 1 0 -1 -2 2 1 0 -1 -2 2 1 0 -1 -2 2 1 0 -1 -2 2 1 0 -1 -2 2 1 0 -1 -2 2 1 0 -1 -2 2 1 0 -1 -2 2 1 0 -1 -2 2 1 0 -1 -2 2 1 0 -1 -2 2 1 0 -1 -2 2 1 0 -1 -2 2 1 0 -1 -2 2 1 0 -1 -2 2 1 0 -1 -2 2 1 0 -1 -2 2 1 0 -1 -2 2 1 0 -1 -2 2 1 0 -1 -2 2 1 0 -1 -2 2 1 0 -1 -2 2 1 0 -1 -2 2 1 0 -1 -2 2 1 0 -1 -2 2 1 0 -1 -2 2 1 0 -1 -2 2 1 0 602 -2 2 1 0 -1 -2 2 1 0 -1 -2 2 1 0 -1 -2 2 1 0 -1 -2 2 1 0 -1 -2 2 1 0 -1 -2 2 1 0 -1 -2 2 1 0 -1 -2 2 1 0 -1 -2 2 1 0 -1 -2 2 1 0 -1 -2 2 1 0 -1 -2 2 1 0 -1 -2 2 1 0 -1 -2 2 1 0 -1 -2 2 1 0 -1 -2 2 1 0 -1 -2 2 1 0 -1 -2 2 1 0 -1 -2 2 1 0 -1 -2 2 1 0 -1 -2 2 1 0 -1 -2 2 1 0 -1 -2 2 1 0 -1 -2 2 1 0 -1 -2 2 1 0 -1 -2 2 1 0 -1 -2 2 1 0 -1 -2 2 1 0 -1 -2 2 1 0 -1 -2 2 1 0 -1 -2 2 1 0 -1 -2 2 1 0 -1 -2 2 1 0 -1 -2 2 1 0 -1 -2 2 1 0 -1 -2 2 1 0 -1 -2 2 1 0 -1 -2 2 1 0 -1 -2 2 1 0 -1 -2 2 1 0 -1 -2 2 1 0 -1 -2 2 1 0 -1 -2 2 1
2 2 2 2 2 2 2 2 2 2 2 2 2 2 2 2 2 2 2 2 2 2 2 2 2 2 2 2 2 2 2 2 2 2 2 2 2 2 2 2 2 2 2 2 2 2 2 2 2 2 2 2 2 2 2 2 2 2 2 2 2 2 2 2 2 2 2 2 2 2 2 2 2 2 2 2 2 2 2 2 2 2 2 2 2 2 2 2 2 2 2 2 2 2 2 2 2 2 2 2 2 2 2 2 2 2 2 2 2 2 2 2 2 2 2 2 2 2 2 2 2 2 2 2 2 2 2 2 2 2 2 2 2 2 2 2 2 2 2 2 2 2 2 2 2 2 2 2 2 2 2 2 2 2 2 2 2 2 2 2 2 2 2 2 2 2 2 2 2 2 2 2 2 2 2 2 2 2 2 2 2 2 2 2 2 2 2 2 2 2 2 2 2 2 2 2 2 2 2 2 2 2 2 2 2 2 2 2 2 2 2 2 2 2 2 2 2 2 2 2 2 2 2 2 2 2 2 2 2 2 2 2 2 2 2 2 2 2 2 2 2 2 2 2 2 2 2 2 2 2 2 2 2 2 2 2 2 2 2 2 2 2 2 2 2 2 2 2 2 2 2 2 2 2 2 2 2 2 2 2 2 2 1001 2 2 2 2 2 2 2 2 2 2 2 2 2 2 2 2 2 2 2 2 2 2 2 2 2 2 2 2 2 2 2 2 2 2 2 2 2 2 2 2 2 2 2 2 2 2 2 2 2 2 2 2 2 2 2 2 2 2 2 2 2 2 2 2 2 2 2 2 2 2 2 2 2 2 2 2 2 2 2 2 2 2 2 2 2 2 2 2 2 2 2 2 2 2 2 2 2 2 2 2 2 2 2 2 2 2 2 2 2 2 2 2 2 2 2 2 2 2 2 2 2 2 2 2 2 2 2 2 2 2 2 2 2 2 2 2 2 2 2 2 2 2 2 2 2 2 2 2 2 2 2 2 2 2 2 2 2 2 2 2 2 2 2 2 2 2 2 2 2 2 2 2 2 2 2 2 2 2 2 2 2 2 2 2 2 2 2 2 2 2 2 2 2 2 2 2 2 2 2 2 2 2 2 2 2 2 2 2 2 2 2 2 2 2 2 2 2
-1 0 1 2 -2 -1 0 1 2 -2 -1 0 1 2 -2 -1 0 1 2 -2 -1 0 1 2 -2 -1 0 1 2 -2 -1 0 1 2 -2 -1 0 1 2 -2 -1 0 1 2 -2 -1 0 1 2 -2 -1 0 1 2 -2 -1 0 1 2 -2 -1 0 1 2 -2 -1 0 1 2 -2 -1 0 1 2 -2 -1 0 1 2 -2 -1 0 1 2 -2 -1 0 1 2 -2 -1 0 1 2 -2 -1 0 1 2 -2 -1 0 1 2 -2 -1 0 1 2 -2 -1 0 1 2 -2 -1 0 1 2 -2 -1 0 1 2 -2 -1 0 1 2 -2 -1 0 1 2 -2 -1 0 1 2 -2 -1 0 1 2 -2 -1 0 1 2 -2 -1 0 1 2 -2 -1 0 1 2 -2 -1 0 1 2 -2 -1 0 1 2 -2 -1 0 1 2 -2 -1 0 1 2 -2 -1 0 1 2 -2 -1 0 1 2 -2 -1 0 1 2 -2 -1 0 1 2 -2 -1 0 1 2 -2 -1 0 1 2 -2 -1 0 1 2 -2 -1 0 1 2 -2 -1 0 1 2 -2 -1 0 1 2 -2 -1 0 1 2 -2 -1 0 1 2 -2 -1 0 1 2 -2 -1 0 1 2 -2 -1 0 1 2 -2 -1 0 1 2 -2 -1 0 1 2 -2 -1 0 1 2 -2 -1 0 1 2 -2 -1 0 1 2 -2 -1 0 1 601 -2 -1 0 1 2 -2 -1 0 1 2 -2 -1 0 1 2 -2 -1 0 1 2 -2 -1 0 1 2 -2 -1 0 1 2 -2 -1 0 1 2 -2 -1 0 1 2 -2 -1 0 1 2 -2 -1 0 1 2 -2 -1 0 1 2 -2 -1 0 1 2 -2 -1 0 1 2 -2 -1 0 1 2 -2 -1 0 1 2 -2 -1 0 1 2 -2 -1 0 1 2 -2 -1 0 1 2 -2 -1 0 1 2 -2 -1 0 1 2 -2 -1 0 1 2 -2 -1 0 1 2 -2 -1 0 1 2 -2 -1 0 1 2 -2 -1 0 1 2 -2 -1 0 1 2 -2 -1 0 1 2 -2 -1 0 1 2 -2 -1 0 1 2 -2 -1 0 1 2 -2 -1 0 1 2 -2 -1 0 1 2 -2 -1 0 1 2 -2 -1 0 1 2 -2 -1 0 1 2 -2 -1 0 1 2 -2 -1 0 1 2 -2 -1 0 1 2 -2 -1 0 1 2 -2 -1 0 1 2 -2 -1 0 1 2 -2 -1 0 1 2 -2 -1 0 1 2 -2
1 -2 0 2 -1 1 -2 0 2 -1 1 -2 0 2 -1 1 -2 0 2 -1 1 -2 0 2 -1 1 -2 0 2 -1 1 -2 0 2 -1 1 -2 0 2 -1 1 -2 0 2 -1 1 -2 0 2 -1 1 -2 0 2 -1 1 -2 0 2 -1 1 -2 0 2 -1 1 -2 0 2 -1 1 -2 0 2 -1 1 -2 0 2 -1 1 -2 0 2 -1 1 -2 0 2 -1 1 -2 0 2 -1 1 -2 0 2 -1 1 -2 0 2 -1 1 -2 0 2 -1 1 -2 0 2 -1 1 -2 0 2 -1 1 -2 0 2 -1 1 -2 0 2 -1 1 -2 0 2 -1 1 -2 0 2 -1 1 -2 0 2 -1 1 -2 0 2 -1 1 -2 0 2 -1 1 -2 0 2 -1 1 -2 0 2 -1 1 -2 0 2 -1 1 -2 0 2 -1 1 -2 0 2 -1 1 -2 0 2 -1 1 -2 0 2 -1 1 -2 0 2 -1 1 -2 0 2 -1 1 -2 0 2 -1 1 -2 0 2 -1 1 -2 0 2 -1 1 -2 0 2 -1 1 -2 0 2 -1 1 -2 0 2 -1 1 -2 0 2 -1 1 -2 0 2 -1 1 -2 0 2 -1 1 -2 0 2 -1 1 -2 0 2 -1 1 -2 0 2 -1 1 -2 0 2 -1 1 -2 0 2 -1 1 -2 0 2 -1 1 -2 0 2 -1 1 -2 0 2 602 1 -2 0 2 -1 1 -2 0 2 -1 1 -2 0 2 -1 1 -2 0 2 -1 1 -2 0 2 -1 1 -2 0 2 -1 1 -2 0 2 -1 1 -2 0 2 -1 1 -2 0 2 -1 1 -2 0 2 -1 1 -2 0 2 -1 1 -2 0 2 -1 1 -2 0 2 -1 1 -2 0 2 -1 1 -2 0 2 -1 1 -2 0 2 -1 1 -2 0 2 -1 1 -2 0 2 -1 1 -2 0 2 -1 1 -2 0 2 -1 1 -2 0 2 -1 1 -2 0 2 -1 1 -2 0 2 -1 1 -2 0 2 -1 1 -2 0 2 -1 1 -2 0 2 -1 1 -2 0 2 -1 1 -2 0 2 -1 1 -2 0 2 -1 1 -2 0 2 -1 1 -2 0 2 -1 1 -2 0 2 -1 1 -2 0 2 -1 1 -2 0 2 -1 1 -2 0 2 -1 1 -2 0 2 -1 1 -2 0 2 -1 1 -2 0 2 -1 1 -2 0 2 -1 1 -2 0 2 -1 1 -2 0 2 -1 1 -2 0 2 -1 1 -2 0 2 -1
-2 1 -1 2 0 -2 1 -1 2 0 -2 1 -1 2 0 -2 1 -1 2 0 -2 1 -1 2 0 -2 1 -1 2 0 -2 1 -1 2 0 -2 1 -1 2 0 -2 1 -1 2 0 -2 1 -1 2 0 -2 1 -1 2 0 -2 1 -1 2 0 -2 1 -1 2 0 -2 1 -1 2 0 -2 1 -1 2 0 -2 1 -1 2 0 -2 1 -1 2 0 -2 1 -1 2 0 -2 1 -1 2 0 -2 1 -1 2 0 -2 1 -1 2 0 -2 1 -1 2 0 -2 1 -1 2 0 -2 1 -1 2 0 -2 1 -1 2 0 -2 1 -1 2 0 -2 1 -1 2 0 -2 1 -1 2 0 -2 1 -1 2 0 -2 1 -1 2 0 -2 1 -1 2 0 -2 1 -1 2 0 -2 1 -1 2 0 -2 1 -1 2 0 -2 1 -1 2 0 -2 1 -1 2 0 -2 1 -1 2 0 -2 1 -1 2 0 -2 1 -1 2 0 -2 1 -1 2 0 -2 1 -1 2 0 -2 1 -1 2 0 -2 1 -1 2 0 -2 1 -1 2 0 -2 1 -1 2 0 -2 1 -1 2 0 -2 1 -1 2 0 -2 1 -1 2 0 -2 1 -1 2 0 -2 1 -1 2 0 -2 1 -1 2 0 -2 1 -1 2 0 -2 1 -1 2 0 -2 1 -1 2 0 -2 1 -1 2 0 -2 1 -1 2 0 -2 1 -1 2 0 601 1 -1 2 0 -2 1 -1 2 0 -2 1 -1 2 0 -2 1 -1 2 0 -2 1 -1 2 0 -2 1 -1 2 0 -2 1 -1 2 0 -2 1 -1 2 0 -2 1 -1 2 0 -2 1 -1 2 0 -2 1 -1 2 0 -2 1 -1 2 0 -2 1 -1 2 0 -2 1 -1 2 0 -2 1 -1 2 0 -2 1 -1 2 0 -2 1 -1 2 0 -2 1 -1 2 0 -2 1 -1 2 0 -2 1 -1 2 0 -2 1 -1 2 0 -2 1 -1 2 0 -2 1 -1 2 0 -2 1 -1 2 0 -2 1 -1 2 0 -2 1 -1 2 0 -2 1 -1 2 0 -2 1 -1 2 0 -2 1 -1 2 0 -2 1 -1 2 0 -2 1 -1 2 0 -2 1 -1 2 0 -2 1 -1 2 0 -2 1 -1 2 0 -2 1 -1 2 0 -2 1 -1 2 0 -2 1 -1 2 0 -2 1 -1 2 0 -2 1 -1 2 0 -2 1 -1 2 0 -2 1 -1 2 0 -2 1 -1 2 0 -2 1 -1 2 0
0 -1 -2 2 1 0 -1 -2 2 1 0 -1 -2 2 1 0 -1 -2 2 1 0 -1 -2 2 1 0 -1 -2 2 1 0 -1 -2 2 1 0 -1 -2 2 1 0 -1 -2 2 1 0 -1 -2 2 1 0 -1 -2 2 1 0 -1 -2 2 1 0 -1 -2 2 1 0 -1 -2 2 1 0 -1 -2 2 1 0 -1 -2 2 1 0 -1 -2 2 1 0 -1 -2 2 1 0 -1 -2 2 1 0 -1 -2 2 1 0 -1 -2 2 1 0 -1 -2 2 1 0 -1 -2 2 1 0 -1 -2 2 1 0 -1 -2 2 1 0 -1 -2 2 1 0 -1 -2 2 1 0 -1 -2 2 1 0 -1 -2 2 1 0 -1 -2 2 1 0 -1 -2 2 1 0 -1 -2 2 1 0 -1 -2 2 1 0 -1 -2 2 1 0 -1 -2 2 1 0 -1 -2 2 1 0 -1 -2 2 1 0 -1 -2 2 1 0 -1 -2 2 1 0 -1 -2 2 1 0 -1 -2 2 1 0 -1 -2 2 1 0 -1 -2 2 1 0 -1 -2 2 1 0 -1 -2 2 1 0 -1 -2 2 1 0 -1 -2 2 1 0 -1 -2 2 1 0 -1 -2 2 1 0 -1 -2 2 1 0 -1 -2 2 1 0 -1 -2 2 1 0 -1 -2 2 1 0 -1 -2 2 1 0 -1 -2 2 1 0 -1 -2 2 1 0 -1 -2 2 1 0 602 -2 2 1 0 -1 -2 2 1 0 -1 -2 2 1 0 -1 -2 2 1 0 -1 -2 2 1 0 -1 -2 2 1 0 -1 -2 2 1 0 -1 -2 2 1 0 -1 -2 2 1 0 -1 -2 2 1 0 -1 -2 2 1 0 -1 -2 2 1 0 -1 -2 2 1 0 -1 -2 2 1 0 -1 -2 2 1 0 -1 -2 2 1 0 -1 -2 2 1 0 -1 -2 2 1 0 -1 -2 2 1 0 -1 -2 2 1 0 -1 -2 2 1 0 -1 -2 2 1 0 -1 -2 2 1 0 -1 -2 2 1 0 -1 -2 2 1 0 -1 -2 2 1 0 -1 -2 2 1 0 -1 -2 2 1 0 -1 -2 2 1 0 -1 -2 2 1 0 -1 -2 2 1 0 -1 -2 2 1 0 -1 -2 2 1 0 -1 -2 2 1 0 -1 -2 2 1 0 -1 -2 2 1 0 -1 -2 2 1 0 -1 -2 2 1 0 -1 -2 2 1 0 -1 -2 2 1 0 -1 -2 2 1 0 -1 -2 2 1 0 -1 -2 2 1
2 2 2 2 2 2 2 2 2 2 2 2 2 2 2 2 2 2 2 2 2 2 2 2 2 2 2 2 2 2 2 2 2 2 2 2 2 2 2 2 2 2 2 2 2 2 2 2 2 2 2 2 2 2 2 2 2 2 2 2 2 2 2 2 2 2 2 2 2 2 2 2 2 2 2 2 2 2 2 2 2 2 2 2 2 2 2 2 2 2 2 2 2 2 2 2 2 2 2 2 2 2 2 2 2 2 2 2 2 2 2 2 2 2 2 2 2 2 2 2 2 2 2 2 2 2 2 2 2 2 2 2 2 2 2 2 2 2 2 2 2 2 2 2 2 2 2 2 2 2 2 2 2 2 2 2 2 2 2 2 2 2 2 2 2 2 2 2 2 2 2 2 2 2 2 2 2 2 2 2 2 2 2 2 2 2 2 2 2 2 2 2 2 2 2 2 2 2 2 2 2 2 2 2 2 2 2 2 2 2 2 2 2 2 2 2 2 2 2 2 2 2 2 2 2 2 2 2 2 2 2 2 2 2 2 2 2 2 2 2 2 2 2 2 2 2 2 2 2 2 2 2 2 2 2 2 2 2 2 2 2 2 2 2 2 2 2 2 2 2 2 2 2 2 2 2 2 2 2 2 2 2 2 2 2 2 2 1001 2 2 2 2 2 2 2 2 2 2 2 2 2 2 2 2 2 2 2 2 2 2 2 2 2 2 2 2 2 2 2 2 2 2 2 2 2 2 2 2 2 2 2 2 2 2 2 2 2 2 2 2 2 2 2 2 2 2 2 2 2 2 2 2 2 2 2 2 2 2 2 2 2 2 2 2 2 2 2 2 2 2 2 2 2 2 2 2 2 2 2 2 2 2 2 2 2 2 2 2 2 2 2 2 2 2 2 2 2 2 2 2 2 2 2 2 2 2 2 2 2 2 2 2 2 2 2 2 2 2 2 2 2 2 2 2 2 2 2 2 2 2 2 2 2 2 2 2 2 2 2 2 2 2 2 2 2 2 2 2 2 2 2 2 2 2 2 2 2 2 2 2 2 2 2 2 2 2 2 2 2 2 2 2 2 2 2 2 2 2 2 2 2 2 2 2 2 2 2 2 2 2 2 2 2 2 2 2 2 2 2 2
-1 0 1 2 -2 -1 0 1 2 -2 -1 0 1 2 -2 -1 0 1 2 -2 -1 0 1 2 -2 -1 0 1 2 -2 -1 0 1 2 -2 -1 0 1 2 -2 -1 0 1 2 -2 -1 0 1 2 -2 -1 0 1 2 -2 -1 0 1 2 -2 -1 0 1 2 -2 -1 0 1 2 -2 -1 0 1 2 -2 -1 0 1 2 -2 -1 0 1 2 -2 -1 0 1 2 -2 -1 0 1 2 -2 -1 0 1 2 -2 -1 0 1 2 -2 -1 0 1 2 -2 -1 0 1 2 -2 -1 0 1 2 -2 -1 0 1 2 -2 -1 0 1 2 -2 -1 0 1 2 -2 -1 0 1 2 -2 -1 0 1 2 -2 -1 0 1 2 -2 -1 0 1 2 -2 -1 0 1 2 -2 -1 0 1 2 -2 -1 0 1 2 -2 -1 0 1 2 -2 -1 0 1 2 -2 -1 0 1 2 -2 -1 0 1 2 -2 -1 0 1 2 -2 -1 0 1 2 -2 -1 0 1 2 -2 -1 0 1 2 -2 -1 0 1 2 -2 -1 0 1 2 -2 -1 0 1 2 -2 -1 0 1 2 -2 -1 0 1 2 -2 -1 0 1 2 -2 -1 0 1 2 -2 -1 0 1 2 -2 -1 0 1 2 -2 -1 0 1 2 -2 -1 0 1 2 -2 -1 0 1 2 -2 -1 0 1 2 -2 -1 0 1 2 -2 -1 0 1 2 -2 -1 0 1 601 -2 -1 0 1 2 -2 -1 0 1 2 -2 -1 0 1 2 -2 -1 0 1 2 -2 -1 0 1 2 -2 -1 0 1 2 -2 -1 0 1 2 -2 -1 0 1 2 -2 -1 0 1 2 -2 -1 0 1 2 -2 -1 0 1 2 -2 -1 0 1 2 -2 -1 0 1 2 -2 -1 0 1 2 -2 -1 0 1 2 -2 -1 0 1 2 -2 -1 0 1 2 -2 -1 0 1 2 -2 -1 0 1 2 -2 -1 0 1 2 -2 -1 0 1 2 -2 -1 0 1 2 -2 -1 0 1 2 -2 -1 0 1 2 -2 -1 0 1 2 -2 -1 0 1 2 -2 -1 0 1 2 -2 -1 0 1 2 -2 -1 0 1 2 -2 -1 0 1 2 -2 -1 0 1 2 -2 -1 0 1 2 -2 -1 0 1 2 -2 -1 0 1 2 -2 -1 0 1 2 -2 -1 0 1 2 -2 -1 0 1 2 -2 -1 0 1 2 -2 -1 0 1 2 -2 -1 0 1 2 -2 -1 0 1 2 -2 -1 0 1 2 -2
1 -2 0 2 -1 1 -2 0 2 -1 1 -2 0 2 -1 1 -2 0 2 -1 1 -2 0 2 -1 1 -2 0 2 -1 1 -2 0 2 -1 1 -2 0 2 -1 1 -2 0 2 -1 1 -2 0 2 -1 1 -2 0 2 -1 1 -2 0 2 -1 1 -2 0 2 -1 1 -2 0 2 -1 1 -2 0 2 -1 1 -2 0 2 -1 1 -2 0 2 -1 1 -2 0 2 -1 1 -2 0 2 -1 1 -2 0 2 -1 1 -2 0 2 -1 1 -2 0 2 -1 1 -2 0 2 -1 1 -2 0 2 -1 1 -2 0 2 -1 1 -2 0 2 -1 1 -2 0 2 -1 1 -2 0 2 -1 1 -2 0 2 -1 1 -2 0 2 -1 1 -2 0 2 -1 1 -2 0 2 -1 1 -2 0 2 -1 1 -2 0 2 -1 1 -2 0 2 -1 1 -2 0 2 -1 1 -2 0 2 -1 1 -2 0 2 -1 1 -2 0 2 -1 1 -2 0 2 -1 1 -2 0 2 -1 1 -2 0 2 -1 1 -2 0 2 -1 1 -2 0 2 -1 1 -2 0 2 -1 1 -2 0 2 -1 1 -2 0 2 -1 1 -2 0 2 -1 1 -2 0 2 -1 1 -2 0 2 -1 1 -2 0 2 -1 1 -2 0 2 -1 1 -2 0 2 -1 1 -2 0 2 -1 1 -2 0 2 -1 1 -2 0 2 -1 1 -2 0 2 -1 1 -2 0 2 602 1 -2 0 2 -1 1 -2 0 2 -1 1 -2 0 2 -1 1 -2 0 2 -1 1 -2 0 2 -1 1 -2 0 2 -1 1 -2 0 2 -1 1 -2 0 2 -1 1 -2 0 2 -1 1 -2 0 2 -1 1 -2 0 2 -1 1 -2 0 2 -1 1 -2 0 2 -1 1 -2 0 2 -1 1 -2 0 2 -1 1 -2 0 2 -1 1 -2 0 2 -1 1 -2 0 2 -1 1 -2 0 2 -1 1 -2 0 2 -1 1 -2 0 2 -1 1 -2 0 2 -1 1 -2 0 2 -1 1 -2 0 2 -1 1 -2 0 2 -1 1 -2 0 2 -1 1 -2 0 2 -1 1 -2 0 2 -1 1 -2 0 2 -1 1 -2 0 2 -1 1 -2 0 2 -1 1 -2 0 2 -1 1 -2 0 2 -1 1 -2 0 2 -1 1 -2 0 2 -1 1 -2 0 2 -1 1 -2 0 2 -1 1 -2 0 2 -1 1 -2 0 2 -1 1 -2 0 2 -1 1 -2 0 2 -1 1 -2 0 2 -1
-2 1 -1 2 0 -2 1 -1 2 0 -2 1 -1 2 0 -2 1 -1 2 0 -2 1 -1 2 0 -2 1 -1 2 0 -2 1 -1 2 0 -2 1 -1 2 0 -2 1 -1 2 0 -2 1 -1 2 0 -2 1 -1 2 0 -2 1 -1 2 0 -2 1 -1 2 0 -2 1 -1 2 0 -2 1 -1 2 0 -2 1 -1 2 0 -2 1 -1 2 0 -2 1 -1 2 0 -2 1 -1 2 0 -2 1 -1 2 0 -2 1 -1 2 0 -2 1 -1 2 0 -2 1 -1 2 0 -2 1 -1 2 0 -2 1 -1 2 0 -2 1 -1 2 0 -2 1 -1 2 0 -2 1 -1 2 0 -2 1 -1 2 0 -2 1 -1 2 0 -2 1 -1 2 0 -2 1 -1 2 0 -2 1 -1 2 0 -2 1 -1 2 0 -2 1 -1 2 0 -2 1 -1 2 0 -2 1 -1 2 0 -2 1 -1 2 0 -2 1 -1 2 0 -2 1 -1 2 0 -2 1 -1 2 0 -2 1 -1 2 0 -2 1 -1 2 0 -2 1 -1 2 0 -2 1 -1 2 0 -2 1 -1 2 0 -2 1 -1 2 0 -2 1 -1 2 0 -2 1 -1 2 0 -2 1 -1 2 0 -2 1 -1 2 0 -2 1 -1 2 0 -2 1 -1 2 0 -2 1 -1 2 0 -2 1 -1 2 0 -2 1 -1 2 0 -2 1 -1 2 0 -2 1 -1 2 0 601 1 -1 2 0 -2 1 -1 2 0 -2 1 -1 2 0 -2 1 -1 2 0 -2 1 -1 2 0 -2 1 -1 2 0 -2 1 -1 2 0 -2 1 -1 2 0 -2 1 -1 2 0 -2 1 -1 2 0 -2 1 -1 2 0 -2 1 -1 2 0 -2 1 -1 2 0 -2 1 -1 2 0 -2 1 -1 2 0 -2 1 -1 2 0 -2 1 -1 2 0 -2 1 -1 2 0 -2 1 -1 2 0 -2 1 -1 2 0 -2 1 -1 2 0 -2 1 -1 2 0 -2 1 -1 2 0 -2 1 -1 2 0 -2 1 -1 2 0 -2 1 -1 2 0 -2 1 -1 2 0 -2 1 -1 2 0 -2 1 -1 2 0 -2 1 -1 2 0 -2 1 -1 2 0 -2 1 -1 2 0 -2 1 -1 2 0 -2 1 -1 2 0 -2 1 -1 2 0 -2 1 -1 2 0 -2 1 -1 2 0 -2 1 -1 2 0 -2 1 -1 2 0 -2 1 -1 2 0 -2 1 -1 2 0 -2 1 -1 2 0
0 -1 -2 2 1 0 -1 -2 2 1 0 -1 -2 2 1 0 -1 -2 2 1 0 -1 -2 2 1 0 -1 -2 2 1 0 -1 -2 2 1 0 -1 -2 2 1 0 -1 -2 2 1 0 -1 -2 2 1 0 -1 -2 2 1 0 -1 -2 2 1 0 -1 -2 2 1 0 -1 -2 2 1 0 -1 -2 2 1 0 -1 -2 2 1 0 -1 -2 2 1 0 -1 -2 2 1 0 -1 -2 2 1 0 -1 -2 2 1 0 -1 -2 2 1 0 -1 -2 2 1 0 -1 -2 2 1 0 -1 -2 2 1 0 -1 -2 2 1 0 -1 -2 2 1 0 -1 -2 2 1 0 -1 -2 2 1 0 -1 -2 2 1 0 -1 -2 2 1 0 -1 -2 2 1 0 -1 -2 2 1 0 -1 -2 2 1 0 -1 -2 2 1 0 -1 -2 2 1 0 -1 -2 2 1 0 -1 -2 2 1 0 -1 -2 2 1 0 -1 -2 2 1 0 -1 -2 2 1 0 -1 -2 2 1 0 -1 -2 2 1 0 -1 -2 2 1 0 -1 -2 2 1 0 -1 -2 2 1 0 -1 -2 2 1 0 -1 -2 2 1 0 -1 -2 2 1 0 -1 -2 2 1 0 -1 -2 2 1 0 -1 -2 2 1 0 -1 -2 2 1 0 -1 -2 2 1 0 -1 -2 2 1 0 -1 -2 2 1 0 -1 -2 2 1 0 -1 -2 2 1 0 -1 -2 2 1 0 602 -2 2 1 0 -1 -2 2 1 0 -1 -2 2 1 0 -1 -2 2 1 0 -1 -2 2 1 0 -1 -2 2 1 0 -1 -2 2 1 0 -1 -2 2 1 0 -1 -2 2 1 0 -1 -2 2 1 0 -1 -2 2 1 0 -1 -2 2 1 0 -1 -2 2 1 0 -1 -2 2 1 0 -1 -2 2 1 0 -1 -2 2 1 0 -1 -2 2 1 0 -1 -2 2 1 0 -1 -2 2 1 0 -1 -2 2 1 0 -1 -2 2 1 0 -1 -2 2 1 0 -1 -2 2 1 0 -1 -2 2 1 0 -1 -2 2 1 0 -1 -2 2 1 0 -1 -2 2 1 0 -1 -2 2 1 0 -1 -2 2 1 0 -1 -2 2 1 0 -1 -2 2 1 0 -1 -2 2 1 0 -1 -2 2 1 0 -1 -2 2 1 0 -1 -2 2 1 0 -1 -2 2 1 0 -1 -2 2 1 0 -1 -2 2 1 0 -1 -2 2 1 0 -1 -2 2 1 0 -1 -2 2 1 0 -1 -2 2 1
2 2 2 2 2 2 2 2 2 2 2 2 2 2 2 2 2 2 2 2 2 2 2 2 2 2 2 2 2 2 2 2 2 2 2 2 2 2 2 2 2 2 2 2 2 2 2 2 2 2 2 2 2 2 2 2 2 2 2 2 2 2 2 2 2 2 2 2 2 2 2 2 2 2 2 2 2 2 2 2 2 2 2 2 2 2 2 2 2 2 2 2 2 2 2 2 2 2 2 2 2 2 2 2 2 2 2 2 2 2 2 2 2 2 2 2 2 2 2 2 2 2 2 2 2 2 2 2 2 2 2 2 2 2 2 2 2 2 2 2 2 2 2 2 2 2 2 2 2 2 2 2 2 2 2 2 2 2 2 2 2 2 2 2 2 2 2 2 2 2 2 2 2 2 2 2 2 2 2 2 2 2 2 2 2 2 2 2 2 2 2 2 2 2 2 2 2 2 2 2 2 2 2 2 2 2 2 2 2 2 2 2 2 2 2 2 2 2 2 2 2 2 2 2 2 2 2 2 2 2 2 2 2 2 2 2 2 2 2 2 2 2 2 2 2 2 2 2 2 2 2 2 2 2 2 2 2 2 2 2 2 2 2 2 2 2 2 2 2 2 2 2 2 2 2 2 2 2 2 2 2 2 2 2 2 2 2 2 2 2 2 2 1001 2 2 2 2 2 2 2 2 2 2 2 2 2 2 2 2 2 2 2 2 2 2 2 2 2 2 2 2 2 2 2 2 2 2 2 2 2 2 2 2 2 2 2 2 2 2 2 2 2 2 2 2 2 2 2 2 2 2 2 2 2 2 2 2 2 2 2 2 2 2 2 2 2 2 2 2 2 2 2 2 2 2 2 2 2 2 2 2 2 2 2 2 2 2 2 2 2 2 2 2 2 2 2 2 2 2 2 2 2 2 2 2 2 2 2 2 2 2 2 2 2 2 2 2 2 2 2 2 2 2 2 2 2 2 2 2 2 2 2 2 2 2 2 2 2 2 2 2 2 2 2 2 2 2 2 2 2 2 2 2 2 2 2 2 2 2 2 2 2 2 2 2 2 2 2 2 2 2 2 2 2 2 2 2 2 2 2 2 2 2 2 2 2 2 2 2 2 2 2 2 2 2 2 2 2 2 2
-1 0 1 2 -2 -1 0 1 2 -2 -1 0 1 2 -2 -1 0 1 2 -2 -1 0 1 2 -2 -1 0 1 2 -2 -1 0 1 2 -2 -1 0 1 2 -2 -1 0 1 2 -2 -1 0 1 2 -2 -1 0 1 2 -2 -1 0 1 2 -2 -1 0 1 2 -2 -1 0 1 2 -2 -1 0 1 2 -2 -1 0 1 2 -2 -1 0 1 2 -2 -1 0 1 2 -2 -1 0 1 2 -2 -1 0 1 2 -2 -1 0 1 2 -2 -1 0 1 2 -2 -1 0 1 2 -2 -1 0 1 2 -2 -1 0 1 2 -2 -1 0 1 2 -2 -1 0 1 2 -2 -1 0 1 2 -2 -1 0 1 2 -2 -1 0 1 2 -2 -1 0 1 2 -2 -1 0 1 2 -2 -1 0 1 2 -2 -1 0 1 2 -2 -1 0 1 2 -2 -1 0 1 2 -2 -1 0 1 2 -2 -1 0 1 2 -2 -1 0 1 2 -2 -1 0 1 2 -2 -1 0 1 2 -2 -1 0 1 2 -2 -1 0 1 2 -2 -1 0 1 2 -2 -1 0 1 2 -2 -1 0 1 2 -2 -1 0 1 2 -2 -1 0 1 2 -2 -1 0 1 2 -2 -1 0 1 2 -2 -1 0 1 2 -2 -1 0 1 2 -2 -1 0 1 2 -2 -1 0 1 2 -2 -1 0 1 2 -2 -1 0 1 2 -2 -1 0 1 2 -2 -1 0 1 2 -2 -1 0 1 601 -2 -1 0 1 2 -2 -1 0 1 2 -2 -1 0 1 2 -2 -1 0 1 2 -2 -1 0 1 2 -2 -1 0 1 2 -2 -1 0 1 2 -2 -1 0 1 2 -2 -1 0 1 2 -2 -1 0 1 2 -2 -1 0 1 2 -2 -1 0 1 2 -2 -1 0 1 2 -2 -1 0 1 2 -2 -1 0 1 2 -2 -1 0 1 2 -2 -1 0 1 2 -2 -1 0 1 2 -2 -1 0 1 2 -2 -1 0 1 2 -2 -1 0 1 2 -2 -1 0 1 2 -2 -1 0 1 2 -2 -1 0 1 2 -2 -1 0 1 2 -2 -1 0 1 2 -2 -1 0 1 2 -2 -1 0 1 2 -2 -1 0 1 2 -2 -1 0 1 2 -2 -1 0 1 2 -2 -1 0 1 2 -2 -1 0 1 2 -2 -1 0 1 2 -2 -1 0 1 2 -2 -1 0 1 2 -2 -1 0 1 2 -2 -1 0 1 2 -2 -1 0 1 2 -2 -1 0 1 2 -2 -1 0 1 2 -2
1 -2 0 2 -1 1 -2 0 2 -1 1 -2 0 2 -1 1 -2 0 2 -1 1 -2 0 2 -1 1 -2 0 2 -1 1 -2 0 2 -1 1 -2 0 2 -1 1 -2 0 2 -1 1 -2 0 2 -1 1 -2 0 2 -1 1 -2 0 2 -1 1 -2 0 2 -1 1 -2 0 2 -1 1 -2 0 2 -1 1 -2 0 2 -1 1 -2 0 2 -1 1 -2 0 2 -1 1 -2 0 2 -1 1 -2 0 2 -1 1 -2 0 2 -1 1 -2 0 2 -1 1 -2 0 2 -1 1 -2 0 2 -1 1 -2 0 2 -1 1 -2 0 2 -1 1 -2 0 2 -1 1 -2 0 2 -1 1 -2 0 2 -1 1 -2 0 2 -1 1 -2 0 2 -1 1 -2 0 2 -1 1 -2 0 2 -1 1 -2 0 2 -1 1 -2 0 2 -1 1 -2 0 2 -1 1 -2 0 2 -1 1 -2 0 2 -1 1 -2 0 2 -1 1 -2 0 2 -1 1 -2 0 2 -1 1 -2 0 2 -1 1 -2 0 2 -1 1 -2 0 2 -1 1 -2 0 2 -1 1 -2 0 2 -1 1 -2 0 2 -1 1 -2 0 2 -1 1 -2 0 2 -1 1 -2 0 2 -1 1 -2 0 2 -1 1 -2 0 2 -1 1 -2 0 2 -1 1 -2 0 2 -1 1 -2 0 2 -1 1 -2 0 2 -1 1 -2 0 2 -1 1 -2 0 2 -1 1 -2 0 2 602 1 -2 0 2 -1 1 -2 0 2 -1 1 -2 0 2 -1 1 -2 0 2 -1 1 -2 0 2 -1 1 -2 0 2 -1 1 -2 0 2 -1 1 -2 0 2 -1 1 -2 0 2 -1 1 -2 0 2 -1 1 -2 0 2 -1 1 -2 0 2 -1 1 -2 0 2 -1 1 -2 0 2 -1 1 -2 0 2 -1 1 -2 0 2 -1 1 -2 0 2 -1 1 -2 0 2 -1 1 -2 0 2 -1 1 -2 0 2 -1 1 -2 0 2 -1 1 -2 0 2 -1 1 -2 0 2 -1 1 -2 0 2 -1 1 -2 0 2 -1 1 -2 0 2 -1 1 -2 0 2 -1 1 -2 0 2 -1 1 -2 0 2 -1 1 -2 0 2 -1 1 -2 0 2 -1 1 -2 0 2 -1 1 -2 0 2 -1 1 -2 0 2 -1 1 -2 0 2 -1 1 -2 0 2 -1 1 -2 0 2 -1 1 -2 0 2 -1 1 -2 0 2 -1 1 -2 0 2 -1 1 -2 0 2 -1
-2 1 -1 2 0 -2 1 -1 2 0 -2 1 -1 2 0 -2 1 -1 2 0 -2 1 -1 2 0 -2 1 -1 2 0 -2 1 -1 2 0 -2 1 -1 2 0 -2 1 -1 2 0 -2 1 -1 2 0 -2 1 -1 2 0 -2 1 -1 2 0 -2 1 -1 2 0 -2 1 -1 2 0 -2 1 -1 2 0 -2 1 -1 2 0 -2 1 -1 2 0 -2 1 -1 2 0 -2 1 -1 2 0 -2 1 -1 2 0 -2 1 -1 2 0 -2 1 -1 2 0 -2 1 -1 2 0 -2 1 -1 2 0 -2 1 -1 2 0 -2 1 -1 2 0 -2 1 -1 2 0 -2 1 -1 2 0 -2 1 -1 2 0 -2 1 -1 2 0 -2 1 -1 2 0 -2 1 -1 2 0 -2 1 -1 2 0 -2 1 -1 2 0 -2 1 -1 2 0 -2 1 -1 2 0 -2 1 -1 2 0 -2 1 -1 2 0 -2 1 -1 2 0 -2 1 -1 2 0 -2 1 -1 2 0 -2 1 -1 2 0 -2 1 -1 2 0 -2 1 -1 2 0 -2 1 -1 2 0 -2 1 -1 2 0 -2 1 -1 2 0 -2 1 -1 2 0 -2 1 -1 2 0 -2 1 -1 2 0 -2 1 -1 2 0 -2 1 -1 2 0 -2 1 -1 2 0 -2 1 -1 2 0 -2 1 -1 2 0 -2 1 -1 2 0 -2 1 -1 2 0 -2 1 -1 2 0 -2 1 -1 2 0 601 1 -1 2 0 -2 1 -1 2 0 -2 1 -1 2 0 -2 1 -1 2 0 -2 1 -1 2 0 -2 1 -1 2 0 -2 1 -1 2 0 -2 1 -1 2 0 -2 1 -1 2 0 -2 1 -1 2 0 -2 1 -1 2 0 -2 1 -1 2 0 -2 1 -1 2 0 -2 1 -1 2 0 -2 1 -1 2 0 -2 1 -1 2 0 -2 1 -1 2 0 -2 1 -1 2 0 -2 1 -1 2 0 -2 1 -1 2 0 -2 1 -1 2 0 -2 1 -1 2 0 -2 1 -1 2 0 -2 1 -1 2 0 -2 1 -1 2 0 -2 1 -1 2 0 -2 1 -1 2 0 -2 1 -1 2 0 -2 1 -1 2 0 -2 1 -1 2 0 -2 1 -1 2 0 -2 1 -1 2 0 -2 1 -1 2 0 -2 1 -1 2 0 -2 1 -1 2 0 -2 1 -1 2 0 -2 1 -1 2 0 -2 1 -1 2 0 -2 1 -1 2 0 -2 1 -1 2 0 -2 1 -1 2 0
0 -1 -2 2 1 0 -1 -2 2 1 0 -1 -2 2 1 0 -1 -2 2 1 0 -1 -2 2 1 0 -1 -2 2 1 0 -1 -2 2 1 0 -1 -2 2 1 0 -1 -2 2 1 0 -1 -2 2 1 0 -1 -2 2 1 0 -1 -2 2 1 0 -1 -2 2 1 0 -1 -2 2 1 0 -1 -2 2 1 0 -1 -2 2 1 0 -1 -2 2 1 0 -1 -2 2 1 0 -1 -2 2 1 0 -1 -2 2 1 0 -1 -2 2 1 0 -1 -2 2 1 0 -1 -2 2 1 0 -1 -2 2 1 0 -1 -2 2 1 0 -1 -2 2 1 0 -1 -2 2 1 0 -1 -2 2 1 0 -1 -2 2 1 0 -1 -2 2 1 0 -1 -2 2 1 0 -1 -2 2 1 0 -1 -2 2 1 0 -1 -2 2 1 0 -1 -2 2 1 0 -1 -2 2 1 0 -1 -2 2 1 0 -1 -2 2 1 0 -1 -2 2 1 0 -1 -2 2 1 0 -1 -2 2 1 0 -1 -2 2 1 0 -1 -2 2 1 0 -1 -2 2 1 0 -1 -2 2 1 0 -1 -2 2 1 0 -1 -2 2 1 0 -1 -2 2 1 0 -1 -2 2 1 0 -1 -2 2 1 0 -1 -2 2 1 0 -1 -2 2 1 0 -1 -2 2 1 0 -1 -2 2 1 0 -1 -2 2 1 0 -1 -2 2 1 0 -1 -2 2 1 0 -1 -2 2 1 0 -1 -2 2 1 0 602 -2 2 1 0 -1 -2 2 1 0 -1 -2 2 1 0 -1 -2 2 1 0 -1 -2 2 1 0 -1 -2 2 1 0 -1 -2 2 1 0 -1 -2 2 1 0 -1 -2 2 1 0 -1 -2 2 1 0 -1 -2 2 1 0 -1 -2 2 1 0 -1 -2 2 1 0 -1 -2 2 1 0 -1 -2 2 1 0 -1 -2 2 1 0 -1 -2 2 1 0 -1 -2 2 1 0 -1 -2 2 1 0 -1 -2 2 1 0 -1 -2 2 1 0 -1 -2 2 1 0 -1 -2 2 1 0 -1 -2 2 1 0 -1 -2 2 1 0 -1 -2 2 1 0 -1 -2 2 1 0 -1 -2 2 1 0 -1 -2 2 1 0 -1 -2 2 1 0 -1 -2 2 1 0 -1 -2 2 1 0 -1 -2 2 1 0 -1 -2 2 1 0 -1 -2 2 1 0 -1 -2 2 1 0 -1 -2 2 1 0 -1 -2 2 1 0 -1 -2 2 1 0 -1 -2 2 1 0 -1 -2 2 1
2 2 2 2 2 2 2 2 2 2 2 2 2 2 2 2 2 2 2 2 2 2 2 2 2 2 2 2 2 2 2 2 2 2 2 2 2 2 2 2 2 2 2 2 2 2 2 2 2 2 2 2 2 2 2 2 2 2 2 2 2 2 2 2 2 2 2 2 2 2 2 2 2 2 2 2 2 2 2 2 2 2 2 2 2 2 2 2 2 2 2 2 2 2 2 2 2 2 2 2 2 2 2 2 2 2 2 2 2 2 2 2 2 2 2 2 2 2 2 2 2 2 2 2 2 2 2 2 2 2 2 2 2 2 2 2 2 2 2 2 2 2 2 2 2 2 2 2 2 2 2 2 2 2 2 2 2 2 2 2 2 2 2 2 2 2 2 2 2 2 2 2 2 2 2 2 2 2 2 2 2 2 2 2 2 2 2 2 2 2 2 2 2 2 2 2 2 2 2 2 2 2 2 2 2 2 2 2 2 2 2 2 2 2 2 2 2 2 2 2 2 2 2 2 2 2 2 2 2 2 2 2 2 2 2 2 2 2 2 2 2 2 2 2 2 2 2 2 2 2 2 2 2 2 2 2 2 2 2 2 2 2 2 2 2 2 2 2 2 2 2 2 2 2 2 2 2 2 2 2 2 2 2 2 2 2 2 2 2 2 2 2 2 2 2 2 2 1001 2 2 2 2 2 2 2 2 2 2 2 2 2 2 2 2 2 2 2 2 2 2 2 2 2 2 2 2 2 2 2 2 2 2 2 2 2 2 2 2 2 2 2 2 2 2 2 2 2 2 2 2 2 2 2 2 2 2 2 2 2 2 2 2 2 2 2 2 2 2 2 2 2 2 2 2 2 2 2 2 2 2 2 2 2 2 2 2 2 2 2 2 2 2 2 2 2 2 2 2 2 2 2 2 2 2 2 2 2 2 2 2 2 2 2 2 2 2 2 2 2 2 2 2 2 2 2 2 2 2 2 2 2 2 2 2 2 2 2 2 2 2 2 2 2 2 2 2 2 2 2 2 2 2 2 2 2 2 2 2 2 2 2 2 2 2 2 2 2 2 2 2 2 2 2 2 2 2 2 2 2 2 2 2 2 2 2 2 2 2 2 2 2 2 2 2 2 2 2 2 2 2
-1 0 1 2 -2 -1 0 1 2 -2 -1 0 1 2 -2 -1 0 1 2 -2 -1 0 1 2 -2 -1 0 1 2 -2 -1 0 1 2 -2 -1 0 1 2 -2 -1 0 1 2 -2 -1 0 1 2 -2 -1 0 1 2 -2 -1 0 1 2 -2 -1 0 1 2 -2 -1 0 1 2 -2 -1 0 1 2 -2 -1 0 1 2 -2 -1 0 1 2 -2 -1 0 1 2 -2 -1 0 1 2 -2 -1 0 1 2 -2 -1 0 1 2 -2 -1 0 1 2 -2 -1 0 1 2 -2 -1 0 1 2 -2 -1 0 1 2 -2 -1 0 1 2 -2 -1 0 1 2 -2 -1 0 1 2 -2 -1 0 1 2 -2 -1 0 1 2 -2 -1 0 1 2 -2 -1 0 1 2 -2 -1 0 1 2 -2 -1 0 1 2 -2 -1 0 1 2 -2 -1 0 1 2 -2 -1 0 1 2 -2 -1 0 1 2 -2 -1 0 1 2 -2 -1 0 1 2 -2 -1 0 1 2 -2 -1 0 1 2 -2 -1 0 1 2 -2 -1 0 1 2 -2 -1 0 1 2 -2 -1 0 1 2 -2 -1 0 1 2 -2 -1 0 1 2 -2 -1 0 1 2 -2 -1 0 1 2 -2 -1 0 1 2 -2 -1 0 1 2 -2 -1 0 1 2 -2 -1 0 1 2 -2 -1 0 1 2 -2 -1 0 1 2 -2 -1 0 1 2 -2 -1 0 1 2 -2 -1 0 1 2 -2 -1 0 1 601 -2 -1 0 1 2 -2 -1 0 1 2 -2 -1 0 1 2 -2 -1 0 1 2 -2 -1 0 1 2 -2 -1 0 1 2 -2 -1 0 1 2 -2 -1 0 1 2 -2 -1 0 1 2 -2 -1 0 1 2 -2 -1 0 1 2 -2 -1 0 1 2 -2 -1 0 1 2 -2 -1 0 1 2 -2 -1 0 1 2 -2 -1 0 1 2 -2 -1 0 1 2 -2 -1 0 1 2 -2 -1 0 1 2 -2 -1 0 1 2 -2 -1 0 1 2 -2 -1 0 1 2 -2 -1 0 1 2 -2 -1 0 1 2 -2 -1 0 1 2 -2 -1 0 1 2 -2 -1 0 1 2 -2 -1 0 1 2 -2 -1 0 1 2 -2 -1 0 1 2 -2 -1 0 1 2 -2 -1 0 1 2 -2 -1 0 1 2 -2 -1 0 1 2 -2 -1 0 1 2 -2 -1 0 1 2 -2 -1 0 1 2 -2 -1 0 1 2 -2 -1 0 1 2 -2 -1 0 1 2 -2
1 -2 0 2 -1 1 -2 0 2 -1 1 -2 0 2 -1 1 -2 0 2 -1 1 -2 0 2 -1 1 -2 0 2 -1 1 -2 0 2 -1 1 -2 0 2 -1 1 -2 0 2 -1 1 -2 0 2 -1 1 -2 0 2 -1 1 -2 0 2 -1 1 -2 0 2 -1 1 -2 0 2 -1 1 -2 0 2 -1 1 -2 0 2 -1 1 -2 0 2 -1 1 -2 0 2 -1 1 -2 0 2 -1 1 -2 0 2 -1 1 -2 0 2 -1 1 -2 0 2 -1 1 -2 0 2 -1 1 -2 0 2 -1 1 -2 0 2 -1 1 -2 0 2 -1 1 -2 0 2 -1 1 -2 0 2 -1 1 -2 0 2 -1 1 -2 0 2 -1 1 -2 0 2 -1 1 -2 0 2 -1 1 -2 0 2 -1 1 -2 0 2 -1 1 -2 0 2 -1 1 -2 0 2 -1 1 -2 0 2 -1 1 -2 0 2 -1 1 -2 0 2 -1 1 -2 0 2 -1 1 -2 0 2 -1 1 -2 0 2 -1 1 -2 0 2 -1 1 -2 0 2 -1 1 -2 0 2 -1 1 -2 0 2 -1 1 -2 0 2 -1 1 -2 0 2 -1 1 -2 0 2 -1 1 -2 0 2 -1 1 -2 0 2 -1 1 -2 0 2 -1 1 -2 0 2 -1 1 -2 0 2 -1 1 -2 0 2 -1 1 -2 0 2 -1 1 -2 0 2 -1 1 -2 0 2 -1 1 -2 0 2 -1 1 -2 0 2 602 1 -2 0 2 -1 1 -2 0 2 -1 1 -2 0 2 -1 1 -2 0 2 -1 1 -2 0 2 -1 1 -2 0 2 -1 1 -2 0 2 -1 1 -2 0 2 -1 1 -2 0 2 -1 1 -2 0 2 -1 1 -2 0 2 -1 1 -2 0 2 -1 1 -2 0 2 -1 1 -2 0 2 -1 1 -2 0 2 -1 1 -2 0 2 -1 1 -2 0 2 -1 1 -2 0 2 -1 1 -2 0 2 -1 1 -2 0 2 -1 1 -2 0 2 -1 1 -2 0 2 -1 1 -2 0 2 -1 1 -2 0 2 -1 1 -2 0 2 -1 1 -2 0 2 -1 1 -2 0 2 -1 1 -2 0 2 -1 1 -2 0 2 -1 1 -2 0 2 -1 1 -2 0 2 -1 1 -2 0 2 -1 1 -2 0 2 -1 1 -2 0 2 -1 1 -2 0 2 -1 1 -2 0 2 -1 1 -2 0 2 -1 1 -2 0 2 -1 1 -2 0 2 -1 1 -2 0 2 -1
-2 1 -1 2 0 -2 1 -1 2 0 -2 1 -1 2 0 -2 1 -1 2 0 -2 1 -1 2 0 -2 1 -1 2 0 -2 1 -1 2 0 -2 1 -1 2 0 -2 1 -1 2 0 -2 1 -1 2 0 -2 1 -1 2 0 -2 1 -1 2 0 -2 1 -1 2 0 -2 1 -1 2 0 -2 1 -1 2 0 -2 1 -1 2 0 -2 1 -1 2 0 -2 1 -1 2 0 -2 1 -1 2 0 -2 1 -1 2 0 -2 1 -1 2 0 -2 1 -1 2 0 -2 1 -1 2 0 -2 1 -1 2 0 -2 1 -1 2 0 -2 1 -1 2 0 -2 1 -1 2 0 -2 1 -1 2 0 -2 1 -1 2 0 -2 1 -1 2 0 -2 1 -1 2 0 -2 1 -1 2 0 -2 1 -1 2 0 -2 1 -1 2 0 -2 1 -1 2 0 -2 1 -1 2 0 -2 1 -1 2 0 -2 1 -1 2 0 -2 1 -1 2 0 -2 1 -1 2 0 -2 1 -1 2 0 -2 1 -1 2 0 -2 1 -1 2 0 -2 1 -1 2 0 -2 1 -1 2 0 -2 1 -1 2 0 -2 1 -1 2 0 -2 1 -1 2 0 -2 1 -1 2 0 -2 1 -1 2 0 -2 1 -1 2 0 -2 1 -1 2 0 -2 1 -1 2 0 -2 1 -1 2 0 -2 1 -1 2 0 -2 1 -1 2 0 -2 1 -1 2 0 -2 1 -1 2 0 -2 1 -1 2 0 -2 1 -1 2 0 601 1 -1 2 0 -2 1 -1 2 0 -2 1 -1 2 0 -2 1 -1 2 0 -2 1 -1 2 0 -2 1 -1 2 0 -2 1 -1 2 0 -2 1 -1 2 0 -2 1 -1 2 0 -2 1 -1 2 0 -2 1 -1 2 0 -2 1 -1 2 0 -2 1 -1 2 0 -2 1 -1 2 0 -2 1 -1 2 0 -2 1 -1 2 0 -2 1 -1 2 0 -2 1 -1 2 0 -2 1 -1 2 0 -2 1 -1 2 0 -2 1 -1 2 0 -2 1 -1 2 0 -2 1 -1 2 0 -2 1 -1 2 0 -2 1 -1 2 0 -2 1 -1 2 0 -2 1 -1 2 0 -2 1 -1 2 0 -2 1 -1 2 0 -2 1 -1 2 0 -2 1 -1 2 0 -2 1 -1 2 0 -2 1 -1 2 0 -2 1 -1 2 0 -2 1 -1 2 0 -2 1 -1 2 0 -2 1 -1 2 0 -2 1 -1 2 0 -2 1 -1 2 0 -2 1 -1 2 0
0 -1 -2 2 1 0 -1 -2 2 1 0 -1 -2 2 1 0 -1 -2 2 1 0 -1 -2 2 1 0 -1 -2 2 1 0 -1 -2 2 1 0 -1 -2 2 1 0 -1 -2 2 1 0 -1 -2 2 1 0 -1 -2 2 1 0 -1 -2 2 1 0 -1 -2 2 1 0 -1 -2 2 1 0 -1 -2 2 1 0 -1 -2 2 1 0 -1 -2 2 1 0 -1 -2 2 1 0 -1 -2 2 1 0 -1 -2 2 1 0 -1 -2 2 1 0 -1 -2 2 1 0 -1 -2 2 1 0 -1 -2 2 1 0 -1 -2 2 1 0 -1 -2 2 1 0 -1 -2 2 1 0 -1 -2 2 1 0 -1 -2 2 1 0 -1 -2 2 1 0 -1 -2 2 1 0 -1 -2 2 1 0 -1 -2 2 1 0 -1 -2 2 1 0 -1 -2 2 1 0 -1 -2 2 1 0 -1 -2 2 1 0 -1 -2 2 1 0 -1 -2 2 1 0 -1 -2 2 1 0 -1 -2 2 1 0 -1 -2 2 1 0 -1 -2 2 1 0 -1 -2 2 1 0 -1 -2 2 1 0 -1 -2 2 1 0 -1 -2 2 1 0 -1 -2 2 1 0 -1 -2 2 1 0 -1 -2 2 1 0 -1 -2 2 1 0 -1 -2 2 1 0 -1 -2 2 1 0 -1 -2 2 1 0 -1 -2 2 1 0 -1 -2 2 1 0 -1 -2 2 1 0 -1 -2 2 1 0 -1 -2 2 1 0 -1 -2 2 1 0 602 -2 2 1 0 -1 -2 2 1 0 -1 -2 2 1 0 -1 -2 2 1 0 -1 -2 2 1 0 -1 -2 2 1 0 -1 -2 2 1 0 -1 -2 2 1 0 -1 -2 2 1 0 -1 -2 2 1 0 -1 -2 2 1 0 -1 -2 2 1 0 -1 -2 2 1 0 -1 -2 2 1 0 -1 -2 2 1 0 -1 -2 2 1 0 -1 -2 2 1 0 -1 -2 2 1 0 -1 -2 2 1 0 -1 -2 2 1 0 -1 -2 2 1 0 -1 -2 2 1 0 -1 -2 2 1 0 -1 -2 2 1 0 -1 -2 2 1 0 -1 -2 2 1 0 -1 -2 2 1 0 -1 -2 2 1 0 -1 -2 2 1 0 -1 -2 2 1 0 -1 -2 2 1 0 -1 -2 2 1 0 -1 -2 2 1 0 -1 -2 2 1 0 -1 -2 2 1 0 -1 -2 2 1 0 -1 -2 2 1 0 -1 -2 2 1 0 -1 -2 2 1 0 -1 -2 2 1
2 2 2 2 2 2 2 2 2 2 2 2 2 2 2 2 2 2 2 2 2 2 2 2 2 2 2 2 2 2 2 2 2 2 2 2 2 2 2 2 2 2 2 2 2 2 2 2 2 2 2 2 2 2 2 2 2 2 2 2 2 2 2 2 2 2 2 2 2 2 2 2 2 2 2 2 2 2 2 2 2 2 2 2 2 2 2 2 2 2 2 2 2 2 2 2 2 2 2 2 2 2 2 2 2 2 2 2 2 2 2 2 2 2 2 2 2 2 2 2 2 2 2 2 2 2 2 2 2 2 2 2 2 2 2 2 2 2 2 2 2 2 2 2 2 2 2 2 2 2 2 2 2 2 2 2 2 2 2 2 2 2 2 2 2 2 2 2 2 2 2 2 2 2 2 2 2 2 2 2 2 2 2 2 2 2 2 2 2 2 2 2 2 2 2 2 2 2 2 2 2 2 2 2 2 2 2 2 2 2 2 2 2 2 2 2 2 2 2 2 2 2 2 2 2 2 2 2 2 2 2 2 2 2 2 2 2 2 2 2 2 2 2 2 2 2 2 2 2 2 2 2 2 2 2 2 2 2 2 2 2 2 2 2 2 2 2 2 2 2 2 2 2 2 2 2 2 2 2 2 2 2 2 2 2 2 2 2 2 2 2 2 2 2 2 2 2 2 2 2 2 2 1001 2 2 2 2 2 2 2 2 2 2 2 2 2 2 2 2 2 2 2 2 2 2 2 2 2 2 2 2 2 2 2 2 2 2 2 2 2 2 2 2 2 2 2 2 2 2 2 2 2 2 2 2 2 2 2 2 2 2 2 2 2 2 2 2 2 2 2 2 2 2 2 2 2 2 2 2 2 2 2 2 2 2 2 2 2 2 2 2 2 2 2 2 2 2 2 2 2 2 2 2 2 2 2 2 2 2 2 2 2 2 2 2 2 2 2 2 2 2 2 2 2 2 2 2 2 2 2 2 2 2 2 2 2 2 2 2 2 2 2 2 2 2 2 2 2 2 2 2 2 2 2 2 2 2 2 2 2 2 2 2 2 2 2 2 2 2 2 2 2 2 2 2 2 2 2 2 2 2 2 2 2 2 2 2 2 2 2 2 2 2 2 2 2 2 2 2 2
-1 0 1 2 -2 -1 0 1 2 -2 -1 0 1 2 -2 -1 0 1 2 -2 -1 0 1 2 -2 -1 0 1 2 -2 -1 0 1 2 -2 -1 0 1 2 -2 -1 0 1 2 -2 -1 0 1 2 -2 -1 0 1 2 -2 -1 0 1 2 -2 -1 0 1 2 -2 -1 0 1 2 -2 -1 0 1 2 -2 -1 0 1 2 -2 -1 0 1 2 -2 -1 0 1 2 -2 -1 0 1 2 -2 -1 0 1 2 -2 -1 0 1 2 -2 -1 0 1 2 -2 -1 0 1 2 -2 -1 0 1 2 -2 -1 0 1 2 -2 -1 0 1 2 -2 -1 0 1 2 -2 -1 0 1 2 -2 -1 0 1 2 -2 -1 0 1 2 -2 -1 0 1 2 -2 -1 0 1 2 -2 -1 0 1 2 -2 -1 0 1 2 -2 -1 0 1 2 -2 -1 0 1 2 -2 -1 0 1 2 -2 -1 0 1 2 -2 -1 0 1 2 -2 -1 0 1 2 -2 -1 0 1 2 -2 -1 0 1 2 -2 -1 0 1 2 -2 -1 0 1 2 -2 -1 0 1 2 -2 -1 0 1 2 -2 -1 0 1 2 -2 -1 0 1 2 -2 -1 0 1 2 -2 -1 0 1 2 -2 -1 0 1 2 -2 -1 0 1 2 -2 -1 0 1 2 -2 -1 0 1 2 -2 -1 0 1 2 -2 -1 0 1 2 -2 -1 0 1 2 -2 -1 0 1 2 -2 -1 0 1 2 -2 -1 0 1 2 -2 -1 0 1 601 -2 -1 0 1 2 -2 -1 0 1 2 -2 -1 0 1 2 -2 -1 0 1 2 -2 -1 0 1 2 -2 -1 0 1 2 -2 -1 0 1 2 -2 -1 0 1 2 -2 -1 0 1 2 -2 -1 0 1 2 -2 -1 0 1 2 -2 -1 0 1 2 -2 -1 0 1 2 -2 -1 0 1 2 -2 -1 0 1 2 -2 -1 0 1 2 -2 -1 0 1 2 -2 -1 0 1 2 -2 -1 0 1 2 -2 -1 0 1 2 -2 -1 0 1 2 -2 -1 0 1 2 -2 -1 0 1 2 -2 -1 0 1 2 -2 -1 0 1 2 -2 -1 0 1 2 -2 -1 0 1 2 -2 -1 0 1 2 -2 -1 0 1 2 -2 -1 0 1 2 -2 -1 0 1 2 -2 -1 0 1 2 -2 -1 0 1 2 -2 -1 0 1 2 -2 -1 0 1 2 -2 -1 0 1 2 -2 -1 0 1 2 -2 -1 0 1 2 -2 -1 0 1 2 -2
1 -2 0 2 -1 1 -2 0 2 -1 1 -2 0 2 -1 1 -2 0 2 -1 1 -2 0 2 -1 1 -2 0 2 -1 1 -2 0 2 -1 1 -2 0 2 -1 1 -2 0 2 -1 1 -2 0 2 -1 1 -2 0 2 -1 1 -2 0 2 -1 1 -2 0 2 -1 1 -2 0 2 -1 1 -2 0 2 -1 1 -2 0 2 -1 1 -2 0 2 -1 1 -2 0 2 -1 1 -2 0 2 -1 1 -2 0 2 -1 1 -2 0 2 -1 1 -2 0 2 -1 1 -2 0 2 -1 1 -2 0 2 -1 1 -2 0 2 -1 1 -2 0 2 -1 1 -2 0 2 -1 1 -2 0 2 -1 1 -2 0 2 -1 1 -2 0 2 -1 1 -2 0 2 -1 1 -2 0 2 -1 1 -2 0 2 -1 1 -2 0 2 -1 1 -2 0 2 -1 1 -2 0 2 -1 1 -2 0 2 -1 1 -2 0 2 -1 1 -2 0 2 -1 1 -2 0 2 -1 1 -2 0 2 -1 1 -2 0 2 -1 1 -2 0 2 -1 1 -2 0 2 -1 1 -2 0 2 -1 1 -2 0 2 -1 1 -2 0 2 -1 1 -2 0 2 -1 1 -2 0 2 -1 1 -2 0 2 -1 1 -2 0 2 -1 1 -2 0 2 -1 1 -2 0 2 -1 1 -2 0 2 -1 1 -2 0 2 -1 1 -2 0 2 -1 1 -2 0 2 -1 1 -2 0 2 -1 1 -2 0 2 -1 1 -2 0 2 -1 1 -2 0 2 602 1 -2 0 2 -1 1 -2 0 2 -1 1 -2 0 2 -1 1 -2 0 2 -1 1 -2 0 2 -1 1 -2 0 2 -1 1 -2 0 2 -1 1 -2 0 2 -1 1 -2 0 2 -1 1 -2 0 2 -1 1 -2 0 2 -1 1 -2 0 2 -1 1 -2 0 2 -1 1 -2 0 2 -1 1 -2 0 2 -1 1 -2 0 2 -1 1 -2 0 2 -1 1 -2 0 2 -1 1 -2 0 2 -1 1 -2 0 2 -1 1 -2 0 2 -1 1 -2 0 2 -1 1 -2 0 2 -1 1 -2 0 2 -1 1 -2 0 2 -1 1 -2 0 2 -1 1 -2 0 2 -1 1 -2 0 2 -1 1 -2 0 2 -1 1 -2 0 2 -1 1 -2 0 2 -1 1 -2 0 2 -1 1 -2 0 2 -1 1 -2 0 2 -1 1 -2 0 2 -1 1 -2 0 2 -1 1 -2 0 2 -1 1 -2 0 2 -1 1 -2 0 2 -1
-2 1 -1 2 0 -2 1 -1 2 0 -2 1 -1 2 0 -2 1 -1 2 0 -2 1 -1 2 0 -2 1 -1 2 0 -2 1 -1 2 0 -2 1 -1 2 0 -2 1 -1 2 0 -2 1 -1 2 0 -2 1 -1 2 0 -2 1 -1 2 0 -2 1 -1 2 0 -2 1 -1 2 0 -2 1 -1 2 0 -2 1 -1 2 0 -2 1 -1 2 0 -2 1 -1 2 0 -2 1 -1 2 0 -2 1 -1 2 0 -2 1 -1 2 0 -2 1 -1 2 0 -2 1 -1 2 0 -2 1 -1 2 0 -2 1 -1 2 0 -2 1 -1 2 0 -2 1 -1 2 0 -2 1 -1 2 0 -2 1 -1 2 0 -2 1 -1 2 0 -2 1 -1 2 0 -2 1 -1 2 0 -2 1 -1 2 0 -2 1 -1 2 0 -2 1 -1 2 0 -2 1 -1 2 0 -2 1 -1 2 0 -2 1 -1 2 0 -2 1 -1 2 0 -2 1 -1 2 0 -2 1 -1 2 0 -2 1 -1 2 0 -2 1 -1 2 0 -2 1 -1 2 0 -2 1 -1 2 0 -2 1 -1 2 0 -2 1 -1 2 0 -2 1 -1 2 0 -2 1 -1 2 0 -2 1 -1 2 0 -2 1 -1 2 0 -2 1 -1 2 0 -2 1 -1 2 0 -2 1 -1 2 0 -2 1 -1 2 0 -2 1 -1 2 0 -2 1 -1 2 0 -2 1 -1 2 0 -2 1 -1 2 0 -2 1 -1 2 0 -2 1 -1 2 0 601 1 -1 2 0 -2 1 -1 2 0 -2 1 -1 2 0 -2 1 -1 2 0 -2 1 -1 2 0 -2 1 -1 2 0 -2 1 -1 2 0 -2 1 -1 2 0 -2 1 -1 2 0 -2 1 -1 2 0 -2 1 -1 2 0 -2 1 -1 2 0 -2 1 -1 2 0 -2 1 -1 2 0 -2 1 -1 2 0 -2 1 -1 2 0 -2 1 -1 2 0 -2 1 -1 2 0 -2 1 -1 2 0 -2 1 -1 2 0 -2 1 -1 2 0 -2 1 -1 2 0 -2 1 -1 2 0 -2 1 -1 2 0 -2 1 -1 2 0 -2 1 -1 2 0 -2 1 -1 2 0 -2 1 -1 2 0 -2 1 -1 2 0 -2 1 -1 2 0 -2 1 -1 2 0 -2 1 -1 2 0 -2 1 -1 2 0 -2 1 -1 2 0 -2 1 -1 2 0 -2 1 -1 2 0 -2 1 -1 2 0 -2 1 -1 2 0 -2 1 -1 2 0
0 -1 -2 2 1 0 -1 -2 2 1 0 -1 -2 2 1 0 -1 -2 2 1 0 -1 -2 2 1 0 -1 -2 2 1 0 -1 -2 2 1 0 -1 -2 2 1 0 -1 -2 2 1 0 -1 -2 2 1 0 -1 -2 2 1 0 -1 -2 2 1 0 -1 -2 2 1 0 -1 -2 2 1 0 -1 -2 2 1 0 -1 -2 2 1 0 -1 -2 2 1 0 -1 -2 2 1 0 -1 -2 2 1 0 -1 -2 2 1 0 -1 -2 2 1 0 -1 -2 2 1 0 -1 -2 2 1 0 -1 -2 2 1 0 -1 -2 2 1 0 -1 -2 2 1 0 -1 -2 2 1 0 -1 -2 2 1 0 -1 -2 2 1 0 -1 -2 2 1 0 -1 -2 2 1 0 -1 -2 2 1 0 -1 -2 2 1 0 -1 -2 2 1 0 -1 -2 2 1 0 -1 -2 2 1 0 -1 -2 2 1 0 -1 -2 2 1 0 -1 -2 2 1 0 -1 -2 2 1 0 -1 -2 2 1 0 -1 -2 2 1 0 -1 -2 2 1 0 -1 -2 2 1 0 -1 -2 2 1 0 -1 -2 2 1 0 -1 -2 2 1 0 -1 -2 2 1 0 -1 -2 2 1 0 -1 -2 2 1 0 -1 -2 2 1 0 -1 -2 2 1 0 -1 -2 2 1 0 -1 -2 2 1 0 -1 -2 2 1 0 -1 -2 2 1 0 -1 -2 2 1 0 -1 -2 2 1 0 -1 -2 2 1 0 -1 -2 2 1 0 -1 -2 2 1 0 602 -2 2 1 0 -1 -2 2 1 0 -1 -2 2 1 0 -1 -2 2 1 0 -1 -2 2 1 0 -1 -2 2 1 0 -1 -2 2 1 0 -1 -2 2 1 0 -1 -2 2 1 0 -1 -2 2 1 0 -1 -2 2 1 0 -1 -2 2 1 0 -1 -2 2 1 0 -1 -2 2 1 0 -1 -2 2 1 0 -1 -2 2 1 0 -1 -2 2 1 0 -1 -2 2 1 0 -1 -2 2 1 0 -1 -2 2 1 0 -1 -2 2 1 0 -1 -2 2 1 0 -1 -2 2 1 0 -1 -2 2 1 0 -1 -2 2 1 0 -1 -2 2 1 0 -1 -2 2 1 0 -1 -2 2 1 0 -1 -2 2 1 0 -1 -2 2 1 0 -1 -2 2 1 0 -1 -2 2 1 0 -1 -2 2 1 0 -1 -2 2 1 0 -1 -2 2 1 0 -1 -2 2 1 0 -1 -2 2 1 0 -1 -2 2 1 0 -1 -2 2 1
2 2 2 2 2 2 2 2 2 2 2 2 2 2 2 2 2 2 2 2 2 2 2 2 2 2 2 2 2 2 2 2 2 2 2 2 2 2 2 2 2 2 2 2 2 2 2 2 2 2 2 2 2 2 2 2 2 2 2 2 2 2 2 2 2 2 2 2 2 2 2 2 2 2 2 2 2 2 2 2 2 2 2 2 2 2 2 2 2 2 2 2 2 2 2 2 2 2 2 2 2 2 2 2 2 2 2 2 2 2 2 2 2 2 2 2 2 2 2 2 2 2 2 2 2 2 2 2 2 2 2 2 2 2 2 2 2 2 2 2 2 2 2 2 2 2 2 2 2 2 2 2 2 2 2 2 2 2 2 2 2 2 2 2 2 2 2 2 2 2 2 2 2 2 2 2 2 2 2 2 2 2 2 2 2 2 2 2 2 2 2 2 2 2 2 2 2 2 2 2 2 2 2 2 2 2 2 2 2 2 2 2 2 2 2 2 2 2 2 2 2 2 2 2 2 2 2 2 2 2 2 2 2 2 2 2 2 2 2 2 2 2 2 2 2 2 2 2 2 2 2 2 2 2 2 2 2 2 2 2 2 2 2 2 2 2 2 2 2 2 2 2 2 2 2 2 2 2 2 2 2 2 2 2 2 2 2 2 2 2 2 2 2 2 2 2 2 2 2 2 2 2 2 2 2 2 2 1001 2 2 2 2 2 2 2 2 2 2 2 2 2 2 2 2 2 2 2 2 2 2 2 2 2 2 2 2 2 2 2 2 2 2 2 2 2 2 2 2 2 2 2 2 2 2 2 2 2 2 2 2 2 2 2 2 2 2 2 2 2 2 2 2 2 2 2 2 2 2 2 2 2 2 2 2 2 2 2 2 2 2 2 2 2 2 2 2 2 2 2 2 2 2 2 2 2 2 2 2 2 2 2 2 2 2 2 2 2 2 2 2 2 2 2 2 2 2 2 2 2 2 2 2 2 2 2 2 2 2 2 2 2 2 2 2 2 2 2 2 2 2 2 2 2 2 2 2 2 2 2 2 2 2 2 2 2 2 2 2 2 2 2 2 2 2 2 2 2 2 2 2 2 2 2 2 2 2 2 2 2 2 2 2 2 2 2 2 2 2 2 2
-1 0 1 2 -2 -1 0 1 2 -2 -1 0 1 2 -2 -1 0 1 2 -2 -1 0 1 2 -2 -1 0 1 2 -2 -1 0 1 2 -2 -1 0 1 2 -2 -1 0 1 2 -2 -1 0 1 2 -2 -1 0 1 2 -2 -1 0 1 2 -2 -1 0 1 2 -2 -1 0 1 2 -2 -1 0 1 2 -2 -1 0 1 2 -2 -1 0 1 2 -2 -1 0 1 2 -2 -1 0 1 2 -2 -1 0 1 2 -2 -1 0 1 2 -2 -1 0 1 2 -2 -1 0 1 2 -2 -1 0 1 2 -2 -1 0 1 2 -2 -1 0 1 2 -2 -1 0 1 2 -2 -1 0 1 2 -2 -1 0 1 2 -2 -1 0 1 2 -2 -1 0 1 2 -2 -1 0 1 2 -2 -1 0 1 2 -2 -1 0 1 2 -2 -1 0 1 2 -2 -1 0 1 2 -2 -1 0 1 2 -2 -1 0 1 2 -2 -1 0 1 2 -2 -1 0 1 2 -2 -1 0 1 2 -2 -1 0 1 2 -2 -1 0 1 2 -2 -1 0 1 2 -2 -1 0 1 2 -2 -1 0 1 2 -2 -1 0 1 2 -2 -1 0 1 2 -2 -1 0 1 2 -2 -1 0 1 2 -2 -1 0 1 2 -2 -1 0 1 2 -2 -1 0 1 2 -2 -1 0 1 2 -2 -1 0 1 2 -2 -1 0 1 2 -2 -1 0 1 2 -2 -1 0 1 2 -2 -1 0 1 2 -2 -1 0 1 2 -2 -1 0 1 2 -2 -1 0 1 601 -2 -1 0 1 2 -2 -1 0 1 2 -2 -1 0 1 2 -2 -1 0 1 2 -2 -1 0 1 2 -2 -1 0 1 2 -2 -1 0 1 2 -2 -1 0 1 2 -2 -1 0 1 2 -2 -1 0 1 2 -2 -1 0 1 2 -2 -1 0 1 2 -2 -1 0 1 2 -2 -1 0 1 2 -2 -1 0 1 2 -2 -1 0 1 2 -2 -1 0 1 2 -2 -1 0 1 2 -2 -1 0 1 2 -2 -1 0 1 2 -2 -1 0 1 2 -2 -1 0 1 2 -2 -1 0 1 2 -2 -1 0 1 2 -2 -1 0 1 2 -2 -1 0 1 2 -2 -1 0 1 2 -2 -1 0 1 2 -2 -1 0 1 2 -2 -1 0 1 2 -2 -1 0 1 2 -2 -1 0 1 2 -2 -1 0 1 2 -2 -1 0 1 2 -2 -1 0 1 2 -2 -1 0 1 2 -2 -1 0 1 2 -2 -1 0 1 2 -2
1 -2 0 2 -1 1 -2 0 2 -1 1 -2 0 2 -1 1 -2 0 2 -1 1 -2 0 2 -1 1 -2 0 2 -1 1 -2 0 2 -1 1 -2 0 2 -1 1 -2 0 2 -1 1 -2 0 2 -1 1 -2 0 2 -1 1 -2 0 2 -1 1 -2 0 2 -1 1 -2 0 2 -1 1 -2 0 2 -1 1 -2 0 2 -1 1 -2 0 2 -1 1 -2 0 2 -1 1 -2 0 2 -1 1 -2 0 2 -1 1 -2 0 2 -1 1 -2 0 2 -1 1 -2 0 2 -1 1 -2 0 2 -1 1 -2 0 2 -1 1 -2 0 2 -1 1 -2 0 2 -1 1 -2 0 2 -1 1 -2 0 2 -1 1 -2 0 2 -1 1 -2 0 2 -1 1 -2 0 2 -1 1 -2 0 2 -1 1 -2 0 2 -1 1 -2 0 2 -1 1 -2 0 2 -1 1 -2 0 2 -1 1 -2 0 2 -1 1 -2 0 2 -1 1 -2 0 2 -1 1 -2 0 2 -1 1 -2 0 2 -1 1 -2 0 2 -1 1 -2 0 2 -1 1 -2 0 2 -1 1 -2 0 2 -1 1 -2 0 2 -1 1 -2 0 2 -1 1 -2 0 2 -1 1 -2 0 2 -1 1 -2 0 2 -1 1 -2 0 2 -1 1 -2 0 2 -1 1 -2 0 2 -1 1 -2 0 2 -1 1 -2 0 2 -1 1 -2 0 2 -1 1 -2 0 2 -1 1 -2 0 2 -1 1 -2 0 2 -1 1 -2 0 2 -1 1 -2 0 2 602 1 -2 0 2 -1 1 -2 0 2 -1 1 -2 0 2 -1 1 -2 0 2 -1 1 -2 0 2 -1 1 -2 0 2 -1 1 -2 0 2 -1 1 -2 0 2 -1 1 -2 0 2 -1 1 -2 0 2 -1 1 -2 0 2 -1 1 -2 0 2 -1 1 -2 0 2 -1 1 -2 0 2 -1 1 -2 0 2 -1 1 -2 0 2 -1 1 -2 0 2 -1 1 -2 0 2 -1 1 -2 0 2 -1 1 -2 0 2 -1 1 -2 0 2 -1 1 -2 0 2 -1 1 -2 0 2 -1 1 -2 0 2 -1 1 -2 0 2 -1 1 -2 0 2 -1 1 -2 0 2 -1 1 -2 0 2 -1 1 -2 0 2 -1 1 -2 0 2 -1 1 -2 0 2 -1 1 -2 0 2 -1 1 -2 0 2 -1 1 -2 0 2 -1 1 -2 0 2 -1 1 -2 0 2 -1 1 -2 0 2 -1 1 -2 0 2 -1
-2 1 -1 2 0 -2 1 -1 2 0 -2 1 -1 2 0 -2 1 -1 2 0 -2 1 -1 2 0 -2 1 -1 2 0 -2 1 -1 2 0 -2 1 -1 2 0 -2 1 -1 2 0 -2 1 -1 2 0 -2 1 -1 2 0 -2 1 -1 2 0 -2 1 -1 2 0 -2 1 -1 2 0 -2 1 -1 2 0 -2 1 -1 2 0 -2 1 -1 2 0 -2 1 -1 2 0 -2 1 -1 2 0 -2 1 -1 2 0 -2 1 -1 2 0 -2 1 -1 2 0 -2 1 -1 2 0 -2 1 -1 2 0 -2 1 -1 2 0 -2 1 -1 2 0 -2 1 -1 2 0 -2 1 -1 2 0 -2 1 -1 2 0 -2 1 -1 2 0 -2 1 -1 2 0 -2 1 -1 2 0 -2 1 -1 2 0 -2 1 -1 2 0 -2 1 -1 2 0 -2 1 -1 2 0 -2 1 -1 2 0 -2 1 -1 2 0 -2 1 -1 2 0 -2 1 -1 2 0 -2 1 -1 2 0 -2 1 -1 2 0 -2 1 -1 2 0 -2 1 -1 2 0 -2 1 -1 2 0 -2 1 -1 2 0 -2 1 -1 2 0 -2 1 -1 2 0 -2 1 -1 2 0 -2 1 -1 2 0 -2 1 -1 2 0 -2 1 -1 2 0 -2 1 -1 2 0 -2 1 -1 2 0 -2 1 -1 2 0 -2 1 -1 2 0 -2 1 -1 2 0 -2 1 -1 2 0 -2 1 -1 2 0 -2 1 -1 2 0 -2 1 -1 2 0 -2 1 -1 2 0 601 1 -1 2 0 -2 1 -1 2 0 -2 1 -1 2 0 -2 1 -1 2 0 -2 1 -1 2 0 -2 1 -1 2 0 -2 1 -1 2 0 -2 1 -1 2 0 -2 1 -1 2 0 -2 1 -1 2 0 -2 1 -1 2 0 -2 1 -1 2 0 -2 1 -1 2 0 -2 1 -1 2 0 -2 1 -1 2 0 -2 1 -1 2 0 -2 1 -1 2 0 -2 1 -1 2 0 -2 1 -1 2 0 -2 1 -1 2 0 -2 1 -1 2 0 -2 1 -1 2 0 -2 1 -1 2 0 -2 1 -1 2 0 -2 1 -1 2 0 -2 1 -1 2 0 -2 1 -1 2 0 -2 1 -1 2 0 -2 1 -1 2 0 -2 1 -1 2 0 -2 1 -1 2 0 -2 1 -1 2 0 -2 1 -1 2 0 -2 1 -1 2 0 -2 1 -1 2 0 -2 1 -1 2 0 -2 1 -1 2 0 -2 1 -1 2 0
0 -1 -2 2 1 0 -1 -2 2 1 0 -1 -2 2 1 0 -1 -2 2 1 0 -1 -2 2 1 0 -1 -2 2 1 0 -1 -2 2 1 0 -1 -2 2 1 0 -1 -2 2 1 0 -1 -2 2 1 0 -1 -2 2 1 0 -1 -2 2 1 0 -1 -2 2 1 0 -1 -2 2 1 0 -1 -2 2 1 0 -1 -2 2 1 0 -1 -2 2 1 0 -1 -2 2 1 0 -1 -2 2 1 0 -1 -2 2 1 0 -1 -2 2 1 0 -1 -2 2 1 0 -1 -2 2 1 0 -1 -2 2 1 0 -1 -2 2 1 0 -1 -2 2 1 0 -1 -2 2 1 0 -1 -2 2 1 0 -1 -2 2 1 0 -1 -2 2 1 0 -1 -2 2 1 0 -1 -2 2 1 0 -1 -2 2 1 0 -1 -2 2 1 0 -1 -2 2 1 0 -1 -2 2 1 0 -1 -2 2 1 0 -1 -2 2 1 0 -1 -2 2 1 0 -1 -2 2 1 0 -1 -2 2 1 0 -1 -2 2 1 0 -1 -2 2 1 0 -1 -2 2 1 0 -1 -2 2 1 0 -1 -2 2 1 0 -1 -2 2 1 0 -1 -2 2 1 0 -1 -2 2 1 0 -1 -2 2 1 0 -1 -2 2 1 0 -1 -2 2 1 0 -1 -2 2 1 0 -1 -2 2 1 0 -1 -2 2 1 0 -1 -2 2 1 0 -1 -2 2 1 0 -1 -2 2 1 0 -1 -2 2 1 0 -1 -2 2 1 0 -1 -2 2 1 0 -1 -2 2 1 0 602 -2 2 1 0 -1 -2 2 1 0 -1 -2 2 1 0 -1 -2 2 1 0 -1 -2 2 1 0 -1 -2 2 1 0 -1 -2 2 1 0 -1 -2 2 1 0 -1 -2 2 1 0 -1 -2 2 1 0 -1 -2 2 1 0 -1 -2 2 1 0 -1 -2 2 1 0 -1 -2 2 1 0 -1 -2 2 1 0 -1 -2 2 1 0 -1 -2 2 1 0 -1 -2 2 1 0 -1 -2 2 1 0 -1 -2 2 1 0 -1 -2 2 1 0 -1 -2 2 1 0 -1 -2 2 1 0 -1 -2 2 1 0 -1 -2 2 1 0 -1 -2 2 1 0 -1 -2 2 1 0 -1 -2 2 1 0 -1 -2 2 1 0 -1 -2 2 1 0 -1 -2 2 1 0 -1 -2 2 1 0 -1 -2 2 1 0 -1 -2 2 1 0 -1 -2 2 1 0 -1 -2 2 1 0 -1 -2 2 1 0 -1 -2 2 1
2 2 2 2 2 2 2 2 2 2 2 2 2 2 2 2 2 2 2 2 2 2 2 2 2 2 2 2 2 2 2 2 2 2 2 2 2 2 2 2 2 2 2 2 2 2 2 2 2 2 2 2 2 2 2 2 2 2 2 2 2 2 2 2 2 2 2 2 2 2 2 2 2 2 2 2 2 2 2 2 2 2 2 2 2 2 2 2 2 2 2 2 2 2 2 2 2 2 2 2 2 2 2 2 2 2 2 2 2 2 2 2 2 2 2 2 2 2 2 2 2 2 2 2 2 2 2 2 2 2 2 2 2 2 2 2 2 2 2 2 2 2 2 2 2 2 2 2 2 2 2 2 2 2 2 2 2 2 2 2 2 2 2 2 2 2 2 2 2 2 2 2 2 2 2 2 2 2 2 2 2 2 2 2 2 2 2 2 2 2 2 2 2 2 2 2 2 2 2 2 2 2 2 2 2 2 2 2 2 2 2 2 2 2 2 2 2 2 2 2 2 2 2 2 2 2 2 2 2 2 2 2 2 2 2 2 2 2 2 2 2 2 2 2 2 2 2 2 2 2 2 2 2 2 2 2 2 2 2 2 2 2 2 2 2 2 2 2 2 2 2 2 2 2 2 2 2 2 2 2 2 2 2 2 2 2 2 2 2 2 2 2 2 2 2 2 2 2 2 2 2 2 2 2 2 2 2 2 2 2 2 2 1001 2 2 2 2 2 2 2 2 2 2 2 2 2 2 2 2 2 2 2 2 2 2 2 2 2 2 2 2 2 2 2 2 2 2 2 2 2 2 2 2 2 2 2 2 2 2 2 2 2 2 2 2 2 2 2 2 2 2 2 2 2 2 2 2 2 2 2 2 2 2 2 2 2 2 2 2 2 2 2 2 2 2 2 2 2 2 2 2 2 2 2 2 2 2 2 2 2 2 2 2 2 2 2 2 2 2 2 2 2 2 2 2 2 2 2 2 2 2 2 2 2 2 2 2 2 2 2 2 2 2 2 2 2 2 2 2 2 2 2 2 2 2 2 2 2 2 2 2 2 2 2 2 2 2 2 2 2 2 2 2 2 2 2 2 2 2 2 2 2 2 2 2 2 2 2 2 2 2 2 2 2 2 2 2 2 2 2
-1 0 1 2 -2 -1 0 1 2 -2 -1 0 1 2 -2 -1 0 1 2 -2 -1 0 1 2 -2 -1 0 1 2 -2 -1 0 1 2 -2 -1 0 1 2 -2 -1 0 1 2 -2 -1 0 1 2 -2 -1 0 1 2 -2 -1 0 1 2 -2 -1 0 1 2 -2 -1 0 1 2 -2 -1 0 1 2 -2 -1 0 1 2 -2 -1 0 1 2 -2 -1 0 1 2 -2 -1 0 1 2 -2 -1 0 1 2 -2 -1 0 1 2 -2 -1 0 1 2 -2 -1 0 1 2 -2 -1 0 1 2 -2 -1 0 1 2 -2 -1 0 1 2 -2 -1 0 1 2 -2 -1 0 1 2 -2 -1 0 1 2 -2 -1 0 1 2 -2 -1 0 1 2 -2 -1 0 1 2 -2 -1 0 1 2 -2 -1 0 1 2 -2 -1 0 1 2 -2 -1 0 1 2 -2 -1 0 1 2 -2 -1 0 1 2 -2 -1 0 1 2 -2 -1 0 1 2 -2 -1 0 1 2 -2 -1 0 1 2 -2 -1 0 1 2 -2 -1 0 1 2 -2 -1 0 1 2 -2 -1 0 1 2 -2 -1 0 1 2 -2 -1 0 1 2 -2 -1 0 1 2 -2 -1 0 1 2 -2 -1 0 1 2 -2 -1 0 1 2 -2 -1 0 1 2 -2 -1 0 1 2 -2 -1 0 1 2 -2 -1 0 1 2 -2 -1 0 1 2 -2 -1 0 1 2 -2 -1 0 1 2 -2 -1 0 1 2 -2 -1 0 1 2 -2 -1 0 1 2 -2 -1 0 1 601 -2 -1 0 1 2 -2 -1 0 1 2 -2 -1 0 1 2 -2 -1 0 1 2 -2 -1 0 1 2 -2 -1 0 1 2 -2 -1 0 1 2 -2 -1 0 1 2 -2 -1 0 1 2 -2 -1 0 1 2 -2 -1 0 1 2 -2 -1 0 1 2 -2 -1 0 1 2 -2 -1 0 1 2 -2 -1 0 1 2 -2 -1 0 1 2 -2 -1 0 1 2 -2 -1 0 1 2 -2 -1 0 1 2 -2 -1 0 1 2 -2 -1 0 1 2 -2 -1 0 1 2 -2 -1 0 1 2 -2 -1 0 1 2 -2 -1 0 1 2 -2 -1 0 1 2 -2 -1 0 1 2 -2 -1 0 1 2 -2 -1 0 1 2 -2 -1 0 1 2 -2 -1 0 1 2 -2 -1 0 1 2 -2 -1 0 1 2 -2 -1 0 1 2 -2 -1 0 1 2 -2 -1 0 1 2 -2 -1 0 1 2 -2
1 -2 0 2 -1 1 -2 0 2 -1 1 -2 0 2 -1 1 -2 0 2 -1 1 -2 0 2 -1 1 -2 0 2 -1 1 -2 0 2 -1 1 -2 0 2 -1 1 -2 0 2 -1 1 -2 0 2 -1 1 -2 0 2 -1 1 -2 0 2 -1 1 -2 0 2 -1 1 -2 0 2 -1 1 -2 0 2 -1 1 -2 0 2 -1 1 -2 0 2 -1 1 -2 0 2 -1 1 -2 0 2 -1 1 -2 0 2 -1 1 -2 0 2 -1 1 -2 0 2 -1 1 -2 0 2 -1 1 -2 0 2 -1 1 -2 0 2 -1 1 -2 0 2 -1 1 -2 0 2 -1 1 -2 0 2 -1 1 -2 0 2 -1 1 -2 0 2 -1 1 -2 0 2 -1 1 -2 0 2 -1 1 -2 0 2 -1 1 -2 0 2 -1 1 -2 0 2 -1 1 -2 0 2 -1 1 -2 0 2 -1 1 -2 0 2 -1 1 -2 0 2 -1 1 -2 0 2 -1 1 -2 0 2 -1 1 -2 0 2 -1 1 -2 0 2 -1 1 -2 0 2 -1 1 -2 0 2 -1 1 -2 0 2 -1 1 -2 0 2 -1 1 -2 0 2 -1 1 -2 0 2 -1 1 -2 0 2 -1 1 -2 0 2 -1 1 -2 0 2 -1 1 -2 0 2 -1 1 -2 0 2 -1 1 -2 0 2 -1 1 -2 0 2 -1 1 -2 0 2 -1 1 -2 0 2 -1 1 -2 0 2 -1 1 -2 0 2 -1 1 -2 0 2 -1 1 -2 0 2 -1 1 -2 0 2 602 1 -2 0 2 -1 1 -2 0 2 -1 1 -2 0 2 -1 1 -2 0 2 -1 1 -2 0 2 -1 1 -2 0 2 -1 1 -2 0 2 -1 1 -2 0 2 -1 1 -2 0 2 -1 1 -2 0 2 -1 1 -2 0 2 -1 1 -2 0 2 -1 1 -2 0 2 -1 1 -2 0 2 -1 1 -2 0 2 -1 1 -2 0 2 -1 1 -2 0 2 -1 1 -2 0 2 -1 1 -2 0 2 -1 1 -2 0 2 -1 1 -2 0 2 -1 1 -2 0 2 -1 1 -2 0 2 -1 1 -2 0 2 -1 1 -2 0 2 -1 1 -2 0 2 -1 1 -2 0 2 -1 1 -2 0 2 -1 1 -2 0 2 -1 1 -2 0 2 -1 1 -2 0 2 -1 1 -2 0 2 -1 1 -2 0 2 -1 1 -2 0 2 -1 1 -2 0 2 -1 1 -2 0 2 -1 1 -2 0 2 -1
-2 1 -1 2 0 -2 1 -1 2 0 -2 1 -1 2 0 -2 1 -1 2 0 -2 1 -1 2 0 -2 1 -1 2 0 -2 1 -1 2 0 -2 1 -1 2 0 -2 1 -1 2 0 -2 1 -1 2 0 -2 1 -1 2 0 -2 1 -1 2 0 -2 1 -1 2 0 -2 1 -1 2 0 -2 1 -1 2 0 -2 1 -1 2 0 -2 1 -1 2 0 -2 1 -1 2 0 -2 1 -1 2 0 -2 1 -1 2 0 -2 1 -1 2 0 -2 1 -1 2 0 -2 1 -1 2 0 -2 1 -1 2 0 -2 1 -1 2 0 -2 1 -1 2 0 -2 1 -1 2 0 -2 1 -1 2 0 -2 1 -1 2 0 -2 1 -1 2 0 -2 1 -1 2 0 -2 1 -1 2 0 -2 1 -1 2 0 -2 1 -1 2 0 -2 1 -1 2 0 -2 1 -1 2 0 -2 1 -1 2 0 -2 1 -1 2 0 -2 1 -1 2 0 -2 1 -1 2 0 -2 1 -1 2 0 -2 1 -1 2 0 -2 1 -1 2 0 -2 1 -1 2 0 -2 1 -1 2 0 -2 1 -1 2 0 -2 1 -1 2 0 -2 1 -1 2 0 -2 1 -1 2 0 -2 1 -1 2 0 -2 1 -1 2 0 -2 1 -1 2 0 -2 1 -1 2 0 -2 1 -1 2 0 -2 1 -1 2 0 -2 1 -1 2 0 -2 1 -1 2 0 -2 1 -1 2 0 -2 1 -1 2 0 -2 1 -1 2 0 -2 1 -1 2 0 -2 1 -1 2 0 -2 1 -1 2 0 601 1 -1 2 0 -2 1 -1 2 0 -2 1 -1 2 0 -2 1 -1 2 0 -2 1 -1 2 0 -2 1 -1 2 0 -2 1 -1 2 0 -2 1 -1 2 0 -2 1 -1 2 0 -2 1 -1 2 0 -2 1 -1 2 0 -2 1 -1 2 0 -2 1 -1 2 0 -2 1 -1 2 0 -2 1 -1 2 0 -2 1 -1 2 0 -2 1 -1 2 0 -2 1 -1 2 0 -2 1 -1 2 0 -2 1 -1 2 0 -2 1 -1 2 0 -2 1 -1 2 0 -2 1 -1 2 0 -2 1 -1 2 0 -2 1 -1 2 0 -2 1 -1 2 0 -2 1 -1 2 0 -2 1 -1 2 0 -2 1 -1 2 0 -2 1 -1 2 0 -2 1 -1 2 0 -2 1 -1 2 0 -2 1 -1 2 0 -2 1 -1 2 0 -2 1 -1 2 0 -2 1 -1 2 0 -2 1 -1 2 0
0 -1 -2 2 1 0 -1 -2 2 1 0 -1 -2 2 1 0 -1 -2 2 1 0 -1 -2 2 1 0 -1 -2 2 1 0 -1 -2 2 1 0 -1 -2 2 1 0 -1 -2 2 1 0 -1 -2 2 1 0 -1 -2 2 1 0 -1 -2 2 1 0 -1 -2 2 1 0 -1 -2 2 1 0 -1 -2 2 1 0 -1 -2 2 1 0 -1 -2 2 1 0 -1 -2 2 1 0 -1 -2 2 1 0 -1 -2 2 1 0 -1 -2 2 1 0 -1 -2 2 1 0 -1 -2 2 1 0 -1 -2 2 1 0 -1 -2 2 1 0 -1 -2 2 1 0 -1 -2 2 1 0 -1 -2 2 1 0 -1 -2 2 1 0 -1 -2 2 1 0 -1 -2 2 1 0 -1 -2 2 1 0 -1 -2 2 1 0 -1 -2 2 1 0 -1 -2 2 1 0 -1 -2 2 1 0 -1 -2 2 1 0 -1 -2 2 1 0 -1 -2 2 1 0 -1 -2 2 1 0 -1 -2 2 1 0 -1 -2 2 1 0 -1 -2 2 1 0 -1 -2 2 1 0 -1 -2 2 1 0 -1 -2 2 1 0 -1 -2 2 1 0 -1 -2 2 1 0 -1 -2 2 1 0 -1 -2 2 1 0 -1 -2 2 1 0 -1 -2 2 1 0 -1 -2 2 1 0 -1 -2 2 1 0 -1 -2 2 1 0 -1 -2 2 1 0 -1 -2 2 1 0 -1 -2 2 1 0 -1 -2 2 1 0 -1 -2 2 1 0 -1 -2 2 1 0 -1 -2 2 1 0 -1 -2 2 1 0 602 -2 2 1 0 -1 -2 2 1 0 -1 -2 2 1 0 -1 -2 2 1 0 -1 -2 2 1 0 -1 -2 2 1 0 -1 -2 2 1 0 -1 -2 2 1 0 -1 -2 2 1 0 -1 -2 2 1 0 -1 -2 2 1 0 -1 -2 2 1 0 -1 -2 2 1 0 -1 -2 2 1 0 -1 -2 2 1 0 -1 -2 2 1 0 -1 -2 2 1 0 -1 -2 2 1 0 -1 -2 2 1 0 -1 -2 2 1 0 -1 -2 2 1 0 -1 -2 2 1 0 -1 -2 2 1 0 -1 -2 2 1 0 -1 -2 2 1 0 -1 -2 2 1 0 -1 -2 2 1 0 -1 -2 2 1 0 -1 -2 2 1 0 -1 -2 2 1 0 -1 -2 2 1 0 -1 -2 2 1 0 -1 -2 2 1 0 -1 -2 2 1 0 -1 -2 2 1 0 -1 -2 2 1 0 -1 -2 2 1
2 2 2 2 2 2 2 2 2 2 2 2 2 2 2 2 2 2 2 2 2 2 2 2 2 2 2 2 2 2 2 2 2 2 2 2 2 2 2 2 2 2 2 2 2 2 2 2 2 2 2 2 2 2 2 2 2 2 2 2 2 2 2 2 2 2 2 2 2 2 2 2 2 2 2 2 2 2 2 2 2 2 2 2 2 2 2 2 2 2 2 2 2 2 2 2 2 2 2 2 2 2 2 2 2 2 2 2 2 2 2 2 2 2 2 2 2 2 2 2 2 2 2 2 2 2 2 2 2 2 2 2 2 2 2 2 2 2 2 2 2 2 2 2 2 2 2 2 2 2 2 2 2 2 2 2 2 2 2 2 2 2 2 2 2 2 2 2 2 2 2 2 2 2 2 2 2 2 2 2 2 2 2 2 2 2 2 2 2 2 2 2 2 2 2 2 2 2 2 2 2 2 2 2 2 2 2 2 2 2 2 2 2 2 2 2 2 2 2 2 2 2 2 2 2 2 2 2 2 2 2 2 2 2 2 2 2 2 2 2 2 2 2 2 2 2 2 2 2 2 2 2 2 2 2 2 2 2 2 2 2 2 2 2 2 2 2 2 2 2 2 2 2 2 2 2 2 2 2 2 2 2 2 2 2 2 2 2 2 2 2 2 2 2 2 2 2 2 2 2 2 2 2 2 2 2 2 2 2 2 2 2 2 2 2 2 2 1001 2 2 2 2 2 2 2 2 2 2 2 2 2 2 2 2 2 2 2 2 2 2 2 2 2 2 2 2 2 2 2 2 2 2 2 2 2 2 2 2 2 2 2 2 2 2 2 2 2 2 2 2 2 2 2 2 2 2 2 2 2 2 2 2 2 2 2 2 2 2 2 2 2 2 2 2 2 2 2 2 2 2 2 2 2 2 2 2 2 2 2 2 2 2 2 2 2 2 2 2 2 2 2 2 2 2 2 2 2 2 2 2 2 2 2 2 2 2 2 2 2 2 2 2 2 2 2 2 2 2 2 2 2 2 2 2 2 2 2 2 2 2 2 2 2 2 2 2 2 2 2 2 2 2 2 2 2 2 2 2 2 2 2 2 2 2 2 2 2 2 2 2 2 2 2 2 2 2 2 2 2 2
-1 0 1 2 -2 -1 0 1 2 -2 -1 0 1 2 -2 -1 0 1 2 -2 -1 0 1 2 -2 -1 0 1 2 -2 -1 0 1 2 -2 -1 0 1 2 -2 -1 0 1 2 -2 -1 0 1 2 -2 -1 0 1 2 -2 -1 0 1 2 -2 -1 0 1 2 -2 -1 0 1 2 -2 -1 0 1 2 -2 -1 0 1 2 -2 -1 0 1 2 -2 -1 0 1 2 -2 -1 0 1 2 -2 -1 0 1 2 -2 -1 0 1 2 -2 -1 0 1 2 -2 -1 0 1 2 -2 -1 0 1 2 -2 -1 0 1 2 -2 -1 0 1 2 -2 -1 0 1 2 -2 -1 0 1 2 -2 -1 0 1 2 -2 -1 0 1 2 -2 -1 0 1 2 -2 -1 0 1 2 -2 -1 0 1 2 -2 -1 0 1 2 -2 -1 0 1 2 -2 -1 0 1 2 -2 -1 0 1 2 -2 -1 0 1 2 -2 -1 0 1 2 -2 -1 0 1 2 -2 -1 0 1 2 -2 -1 0 1 2 -2 -1 0 1 2 -2 -1 0 1 2 -2 -1 0 1 2 -2 -1 0 1 2 -2 -1 0 1 2 -2 -1 0 1 2 -2 -1 0 1 2 -2 -1 0 1 2 -2 -1 0 1 2 -2 -1 0 1 2 -2 -1 0 1 2 -2 -1 0 1 2 -2 -1 0 1 2 -2 -1 0 1 2 -2 -1 0 1 2 -2 -1 0 1 2 -2 -1 0 1 2 -2 -1 0 1 2 -2 -1 0 1 2 -2 -1 0 1 2 -2 -1 0 1 2 -2 -1 0 1 601 -2 -1 0 1 2 -2 -1 0 1 2 -2 -1 0 1 2 -2 -1 0 1 2 -2 -1 0 1 2 -2 -1 0 1 2 -2 -1 0 1 2 -2 -1 0 1 2 -2 -1 0 1 2 -2 -1 0 1 2 -2 -1 0 1 2 -2 -1 0 1 2 -2 -1 0 1 2 -2 -1 0 1 2 -2 -1 0 1 2 -2 -1 0 1 2 -2 -1 0 1 2 -2 -1 0 1 2 -2 -1 0 1 2 -2 -1 0 1 2 -2 -1 0 1 2 -2 -1 0 1 2 -2 -1 0 1 2 -2 -1 0 1 2 -2 -1 0 1 2 -2 -1 0 1 2 -2 -1 0 1 2 -2 -1 0 1 2 -2 -1 0 1 2 -2 -1 0 1 2 -2 -1 0 1 2 -2 -1 0 1 2 -2 -1 0 1 2 -2 -1 0 1 2 -2 -1 0 1 2 -2 -1 0 1 2 -2
1 -2 0 2 -1 1 -2 0 2 -1 1 -2 0 2 -1 1 -2 0 2 -1 1 -2 0 2 -1 1 -2 0 2 -1 1 -2 0 2 -1 1 -2 0 2 -1 1 -2 0 2 -1 1 -2 0 2 -1 1 -2 0 2 -1 1 -2 0 2 -1 1 -2 0 2 -1 1 -2 0 2 -1 1 -2 0 2 -1 1 -2 0 2 -1 1 -2 0 2 -1 1 -2 0 2 -1 1 -2 0 2 -1 1 -2 0 2 -1 1 -2 0 2 -1 1 -2 0 2 -1 1 -2 0 2 -1 1 -2 0 2 -1 1 -2 0 2 -1 1 -2 0 2 -1 1 -2 0 2 -1 1 -2 0 2 -1 1 -2 0 2 -1 1 -2 0 2 -1 1 -2 0 2 -1 1 -2 0 2 -1 1 -2 0 2 -1 1 -2 0 2 -1 1 -2 0 2 -1 1 -2 0 2 -1 1 -2 0 2 -1 1 -2 0 2 -1 1 -2 0 2 -1 1 -2 0 2 -1 1 -2 0 2 -1 1 -2 0 2 -1 1 -2 0 2 -1 1 -2 0 2 -1 1 -2 0 2 -1 1 -2 0 2 -1 1 -2 0 2 -1 1 -2 0 2 -1 1 -2 0 2 -1 1 -2 0 2 -1 1 -2 0 2 -1 1 -2 0 2 -1 1 -2 0 2 -1 1 -2 0 2 -1 1 -2 0 2 -1 1 -2 0 2 -1 1 -2 0 2 -1 1 -2 0 2 -1 1 -2 0 2 -1 1 -2 0 2 -1 1 -2 0 2 -1 1 -2 0 2 -1 1 -2 0 2 -1 1 -2 0 2 602 1 -2 0 2 -1 1 -2 0 2 -1 1 -2 0 2 -1 1 -2 0 2 -1 1 -2 0 2 -1 1 -2 0 2 -1 1 -2 0 2 -1 1 -2 0 2 -1 1 -2 0 2 -1 1 -2 0 2 -1 1 -2 0 2 -1 1 -2 0 2 -1 1 -2 0 2 -1 1 -2 0 2 -1 1 -2 0 2 -1 1 -2 0 2 -1 1 -2 0 2 -1 1 -2 0 2 -1 1 -2 0 2 -1 1 -2 0 2 -1 1 -2 0 2 -1 1 -2 0 2 -1 1 -2 0 2 -1 1 -2 0 2 -1 1 -2 0 2 -1 1 -2 0 2 -1 1 -2 0 2 -1 1 -2 0 2 -1 1 -2 0 2 -1 1 -2 0 2 -1 1 -2 0 2 -1 1 -2 0 2 -1 1 -2 0 2 -1 1 -2 0 2 -1 1 -2 0 2 -1 1 -2 0 2 -1
-2 1 -1 2 0 -2 1 -1 2 0 -2 1 -1 2 0 -2 1 -1 2 0 -2 1 -1 2 0 -2 1 -1 2 0 -2 1 -1 2 0 -2 1 -1 2 0 -2 1 -1 2 0 -2 1 -1 2 0 -2 1 -1 2 0 -2 1 -1 2 0 -2 1 -1 2 0 -2 1 -1 2 0 -2 1 -1 2 0 -2 1 -1 2 0 -2 1 -1 2 0 -2 1 -1 2 0 -2 1 -1 2 0 -2 1 -1 2 0 -2 1 -1 2 0 -2 1 -1 2 0 -2 1 -1 2 0 -2 1 -1 2 0 -2 1 -1 2 0 -2 1 -1 2 0 -2 1 -1 2 0 -2 1 -1 2 0 -2 1 -1 2 0 -2 1 -1 2 0 -2 1 -1 2 0 -2 1 -1 2 0 -2 1 -1 2 0 -2 1 -1 2 0 -2 1 -1 2 0 -2 1 -1 2 0 -2 1 -1 2 0 -2 1 -1 2 0 -2 1 -1 2 0 -2 1 -1 2 0 -2 1 -1 2 0 -2 1 -1 2 0 -2 1 -1 2 0 -2 1 -1 2 0 -2 1 -1 2 0 -2 1 -1 2 0 -2 1 -1 2 0 -2 1 -1 2 0 -2 1 -1 2 0 -2 1 -1 2 0 -2 1 -1 2 0 -2 1 -1 2 0 -2 1 -1 2 0 -2 1 -1 2 0 -2 1 -1 2 0 -2 1 -1 2 0 -2 1 -1 2 0 -2 1 -1 2 0 -2 1 -1 2 0 -2 1 -1 2 0 -2 1 -1 2 0 -2 1 -1 2 0 -2 1 -1 2 0 -2 1 -1 2 0 601 1 -1 2 0 -2 1 -1 2 0 -2 1 -1 2 0 -2 1 -1 2 0 -2 1 -1 2 0 -2 1 -1 2 0 -2 1 -1 2 0 -2 1 -1 2 0 -2 1 -1 2 0 -2 1 -1 2 0 -2 1 -1 2 0 -2 1 -1 2 0 -2 1 -1 2 0 -2 1 -1 2 0 -2 1 -1 2 0 -2 1 -1 2 0 -2 1 -1 2 0 -2 1 -1 2 0 -2 1 -1 2 0 -2 1 -1 2 0 -2 1 -1 2 0 -2 1 -1 2 0 -2 1 -1 2 0 -2 1 -1 2 0 -2 1 -1 2 0 -2 1 -1 2 0 -2 1 -1 2 0 -2 1 -1 2 0 -2 1 -1 2 0 -2 1 -1 2 0 -2 1 -1 2 0 -2 1 -1 2 0 -2 1 -1 2 0 -2 1 -1 2 0 -2 1 -1 2 0 -2 1 -1 2 0
0 -1 -2 2 1 0 -1 -2 2 1 0 -1 -2 2 1 0 -1 -2 2 1 0 -1 -2 2 1 0 -1 -2 2 1 0 -1 -2 2 1 0 -1 -2 2 1 0 -1 -2 2 1 0 -1 -2 2 1 0 -1 -2 2 1 0 -1 -2 2 1 0 -1 -2 2 1 0 -1 -2 2 1 0 -1 -2 2 1 0 -1 -2 2 1 0 -1 -2 2 1 0 -1 -2 2 1 0 -1 -2 2 1 0 -1 -2 2 1 0 -1 -2 2 1 0 -1 -2 2 1 0 -1 -2 2 1 0 -1 -2 2 1 0 -1 -2 2 1 0 -1 -2 2 1 0 -1 -2 2 1 0 -1 -2 2 1 0 -1 -2 2 1 0 -1 -2 2 1 0 -1 -2 2 1 0 -1 -2 2 1 0 -1 -2 2 1 0 -1 -2 2 1 0 -1 -2 2 1 0 -1 -2 2 1 0 -1 -2 2 1 0 -1 -2 2 1 0 -1 -2 2 1 0 -1 -2 2 1 0 -1 -2 2 1 0 -1 -2 2 1 0 -1 -2 2 1 0 -1 -2 2 1 0 -1 -2 2 1 0 -1 -2 2 1 0 -1 -2 2 1 0 -1 -2 2 1 0 -1 -2 2 1 0 -1 -2 2 1 0 -1 -2 2 1 0 -1 -2 2 1 0 -1 -2 2 1 0 -1 -2 2 1 0 -1 -2 2 1 0 -1 -2 2 1 0 -1 -2 2 1 0 -1 -2 2 1 0 -1 -2 2 1 0 -1 -2 2 1 0 -1 -2 2 1 0 -1 -2 2 1 0 -1 -2 2 1 0 -1 -2 2 1 0 602 -2 2 1 0 -1 -2 2 1 0 -1 -2 2 1 0 -1 -2 2 1 0 -1 -2 2 1 0 -1 -2 2 1 0 -1 -2 2 1 0 -1 -2 2 1 0 -1 -2 2 1 0 -1 -2 2 1 0 -1 -2 2 1 0 -1 -2 2 1 0 -1 -2 2 1 0 -1 -2 2 1 0 -1 -2 2 1 0 -1 -2 2 1 0 -1 -2 2 1 0 -1 -2 2 1 0 -1 -2 2 1 0 -1 -2 2 1 0 -1 -2 2 1 0 -1 -2 2 1 0 -1 -2 2 1 0 -1 -2 2 1 0 -1 -2 2 1 0 -1 -2 2 1 0 -1 -2 2 1 0 -1 -2 2 1 0 -1 -2 2 1 0 -1 -2 2 1 0 -1 -2 2 1 0 -1 -2 2 1 0 -1 -2 2 1 0 -1 -2 2 1 0 -1 -2 2 1 0 -1 -2 2 1
2 2 2 2 2 2 2 2 2 2 2 2 2 2 2 2 2 2 2 2 2 2 2 2 2 2 2 2 2 2 2 2 2 2 2 2 2 2 2 2 2 2 2 2 2 2 2 2 2 2 2 2 2 2 2 2 2 2 2 2 2 2 2 2 2 2 2 2 2 2 2 2 2 2 2 2 2 2 2 2 2 2 2 2 2 2 2 2 2 2 2 2 2 2 2 2 2 2 2 2 2 2 2 2 2 2 2 2 2 2 2 2 2 2 2 2 2 2 2 2 2 2 2 2 2 2 2 2 2 2 2 2 2 2 2 2 2 2 2 2 2 2 2 2 2 2 2 2 2 2 2 2 2 2 2 2 2 2 2 2 2 2 2 2 2 2 2 2 2 2 2 2 2 2 2 2 2 2 2 2 2 2 2 2 2 2 2 2 2 2 2 2 2 2 2 2 2 2 2 2 2 2 2 2 2 2 2 2 2 2 2 2 2 2 2 2 2 2 2 2 2 2 2 2 2 2 2 2 2 2 2 2 2 2 2 2 2 2 2 2 2 2 2 2 2 2 2 2 2 2 2 2 2 2 2 2 2 2 2 2 2 2 2 2 2 2 2 2 2 2 2 2 2 2 2 2 2 2 2 2 2 2 2 2 2 2 2 2 2 2 2 2 2 2 2 2 2 2 2 2 2 2 2 2 2 2 2 2 2 2 2 2 2 2 2 2 2 2 2 2 2 2 1001 2 2 2 2 2 2 2 2 2 2 2 2 2 2 2 2 2 2 2 2 2 2 2 2 2 2 2 2 2 2 2 2 2 2 2 2 2 2 2 2 2 2 2 2 2 2 2 2 2 2 2 2 2 2 2 2 2 2 2 2 2 2 2 2 2 2 2 2 2 2 2 2 2 2 2 2 2 2 2 2 2 2 2 2 2 2 2 2 2 2 2 2 2 2 2 2 2 2 2 2 2 2 2 2 2 2 2 2 2 2 2 2 2 2 2 2 2 2 2 2 2 2 2 2 2 2 2 2 2 2 2 2 2 2 2 2 2 2 2 2 2 2 2 2 2 2 2 2 2 2 2 2 2 2 2 2 2 2 2 2 2 2 2 2 2 2 2 2 2 2 2 2 2 2 2 2 2
-1 0 1 2 -2 -1 0 1 2 -2 -1 0 1 2 -2 -1 0 1 2 -2 -1 0 1 2 -2 -1 0 1 2 -2 -1 0 1 2 -2 -1 0 1 2 -2 -1 0 1 2 -2 -1 0 1 2 -2 -1 0 1 2 -2 -1 0 1 2 -2 -1 0 1 2 -2 -1 0 1 2 -2 -1 0 1 2 -2 -1 0 1 2 -2 -1 0 1 2 -2 -1 0 1 2 -2 -1 0 1 2 -2 -1 0 1 2 -2 -1 0 1 2 -2 -1 0 1 2 -2 -1 0 1 2 -2 -1 0 1 2 -2 -1 0 1 2 -2 -1 0 1 2 -2 -1 0 1 2 -2 -1 0 1 2 -2 -1 0 1 2 -2 -1 0 1 2 -2 -1 0 1 2 -2 -1 0 1 2 -2 -1 0 1 2 -2 -1 0 1 2 -2 -1 0 1 2 -2 -1 0 1 2 -2 -1 0 1 2 -2 -1 0 1 2 -2 -1 0 1 2 -2 -1 0 1 2 -2 -1 0 1 2 -2 -1 0 1 2 -2 -1 0 1 2 -2 -1 0 1 2 -2 -1 0 1 2 -2 -1 0 1 2 -2 -1 0 1 2 -2 -1 0 1 2 -2 -1 0 1 2 -2 -1 0 1 2 -2 -1 0 1 2 -2 -1 0 1 2 -2 -1 0 1 2 -2 -1 0 1 2 -2 -1 0 1 2 -2 -1 0 1 2 -2 -1 0 1 2 -2 -1 0 1 2 -2 -1 0 1 2 -2 -1 0 1 2 -2 -1 0 1 2 -2 -1 0 1 2 -2 -1 0 1 2 -2 -1 0 1 2 -2 -1 0 1 601 -2 -1 0 1 2 -2 -1 0 1 2 -2 -1 0 1 2 -2 -1 0 1 2 -2 -1 0 1 2 -2 -1 0 1 2 -2 -1 0 1 2 -2 -1 0 1 2 -2 -1 0 1 2 -2 -1 0 1 2 -2 -1 0 1 2 -2 -1 0 1 2 -2 -1 0 1 2 -2 -1 0 1 2 -2 -1 0 1 2 -2 -1 0 1 2 -2 -1 0 1 2 -2 -1 0 1 2 -2 -1 0 1 2 -2 -1 0 1 2 -2 -1 0 1 2 -2 -1 0 1 2 -2 -1 0 1 2 -2 -1 0 1 2 -2 -1 0 1 2 -2 -1 0 1 2 -2 -1 0 1 2 -2 -1 0 1 2 -2 -1 0 1 2 -2 -1 0 1 2 -2 -1 0 1 2 -2 -1 0 1 2 -2 -1 0 1 2 -2 -1 0 1 2 -2 -1 0 1 2 -2
1 -2 0 2 -1 1 -2 0 2 -1 1 -2 0 2 -1 1 -2 0 2 -1 1 -2 0 2 -1 1 -2 0 2 -1 1 -2 0 2 -1 1 -2 0 2 -1 1 -2 0 2 -1 1 -2 0 2 -1 1 -2 0 2 -1 1 -2 0 2 -1 1 -2 0 2 -1 1 -2 0 2 -1 1 -2 0 2 -1 1 -2 0 2 -1 1 -2 0 2 -1 1 -2 0 2 -1 1 -2 0 2 -1 1 -2 0 2 -1 1 -2 0 2 -1 1 -2 0 2 -1 1 -2 0 2 -1 1 -2 0 2 -1 1 -2 0 2 -1 1 -2 0 2 -1 1 -2 0 2 -1 1 -2 0 2 -1 1 -2 0 2 -1 1 -2 0 2 -1 1 -2 0 2 -1 1 -2 0 2 -1 1 -2 0 2 -1 1 -2 0 2 -1 1 -2 0 2 -1 1 -2 0 2 -1 1 -2 0 2 -1 1 -2 0 2 -1 1 -2 0 2 -1 1 -2 0 2 -1 1 -2 0 2 -1 1 -2 0 2 -1 1 -2 0 2 -1 1 -2 0 2 -1 1 -2 0 2 -1 1 -2 0 2 -1 1 -2 0 2 -1 1 -2 0 2 -1 1 -2 0 2 -1 1 -2 0 2 -1 1 -2 0 2 -1 1 -2 0 2 -1 1 -2 0 2 -1 1 -2 0 2 -1 1 -2 0 2 -1 1 -2 0 2 -1 1 -2 0 2 -1 1 -2 0 2 -1 1 -2 0 2 -1 1 -2 0 2 -1 1 -2 0 2 -1 1 -2 0 2 -1 1 -2 0 2 -1 1 -2 0 2 -1 1 -2 0 2 602 1 -2 0 2 -1 1 -2 0 2 -1 1 -2 0 2 -1 1 -2 0 2 -1 1 -2 0 2 -1 1 -2 0 2 -1 1 -2 0 2 -1 1 -2 0 2 -1 1 -2 0 2 -1 1 -2 0 2 -1 1 -2 0 2 -1 1 -2 0 2 -1 1 -2 0 2 -1 1 -2 0 2 -1 1 -2 0 2 -1 1 -2 0 2 -1 1 -2 0 2 -1 1 -2 0 2 -1 1 -2 0 2 -1 1 -2 0 2 -1 1 -2 0 2 -1 1 -2 0 2 -1 1 -2 0 2 -1 1 -2 0 2 -1 1 -2 0 2 -1 1 -2 0 2 -1 1 -2 0 2 -1 1 -2 0 2 -1 1 -2 0 2 -1 1 -2 0 2 -1 1 -2 0 2 -1 1 -2 0 2 -1 1 -2 0 2 -1 1 -2 0 2 -1 1 -2 0 2 -1
-2 1 -1 2 0 -2 1 -1 2 0 -2 1 -1 2 0 -2 1 -1 2 0 -2 1 -1 2 0 -2 1 -1 2 0 -2 1 -1 2 0 -2 1 -1 2 0 -2 1 -1 2 0 -2 1 -1 2 0 -2 1 -1 2 0 -2 1 -1 2 0 -2 1 -1 2 0 -2 1 -1 2 0 -2 1 -1 2 0 -2 1 -1 2 0 -2 1 -1 2 0 -2 1 -1 2 0 -2 1 -1 2 0 -2 1 -1 2 0 -2 1 -1 2 0 -2 1 -1 2 0 -2 1 -1 2 0 -2 1 -1 2 0 -2 1 -1 2 0 -2 1 -1 2 0 -2 1 -1 2 0 -2 1 -1 2 0 -2 1 -1 2 0 -2 1 -1 2 0 -2 1 -1 2 0 -2 1 -1 2 0 -2 1 -1 2 0 -2 1 -1 2 0 -2 1 -1 2 0 -2 1 -1 2 0 -2 1 -1 2 0 -2 1 -1 2 0 -2 1 -1 2 0 -2 1 -1 2 0 -2 1 -1 2 0 -2 1 -1 2 0 -2 1 -1 2 0 -2 1 -1 2 0 -2 1 -1 2 0 -2 1 -1 2 0 -2 1 -1 2 0 -2 1 -1 2 0 -2 1 -1 2 0 -2 1 -1 2 0 -2 1 -1 2 0 -2 1 -1 2 0 -2 1 -1 2 0 -2 1 -1 2 0 -2 1 -1 2 0 -2 1 -1 2 0 -2 1 -1 2 0 -2 1 -1 2 0 -2 1 -1 2 0 -2 1 -1 2 0 -2 1 -1 2 0 -2 1 -1 2 0 -2 1 -1 2 0 -2 1 -1 2 0 -2 1 -1 2 0 601 1 -1 2 0 -2 1 -1 2 0 -2 1 -1 2 0 -2 1 -1 2 0 -2 1 -1 2 0 -2 1 -1 2 0 -2 1 -1 2 0 -2 1 -1 2 0 -2 1 -1 2 0 -2 1 -1 2 0 -2 1 -1 2 0 -2 1 -1 2 0 -2 1 -1 2 0 -2 1 -1 2 0 -2 1 -1 2 0 -2 1 -1 2 0 -2 1 -1 2 0 -2 1 -1 2 0 -2 1 -1 2 0 -2 1 -1 2 0 -2 1 -1 2 0 -2 1 -1 2 0 -2 1 -1 2 0 -2 1 -1 2 0 -2 1 -1 2 0 -2 1 -1 2 0 -2 1 -1 2 0 -2 1 -1 2 0 -2 1 -1 2 0 -2 1 -1 2 0 -2 1 -1 2 0 -2 1 -1 2 0 -2 1 -1 2 0 -2 1 -1 2 0 -2 1 -1 2 0
0 -1 -2 2 1 0 -1 -2 2 1 0 -1 -2 2 1 0 -1 -2 2 1 0 -1 -2 2 1 0 -1 -2 2 1 0 -1 -2 2 1 0 -1 -2 2 1 0 -1 -2 2 1 0 -1 -2 2 1 0 -1 -2 2 1 0 -1 -2 2 1 0 -1 -2 2 1 0 -1 -2 2 1 0 -1 -2 2 1 0 -1 -2 2 1 0 -1 -2 2 1 0 -1 -2 2 1 0 -1 -2 2 1 0 -1 -2 2 1 0 -1 -2 2 1 0 -1 -2 2 1 0 -1 -2 2 1 0 -1 -2 2 1 0 -1 -2 2 1 0 -1 -2 2 1 0 -1 -2 2 1 0 -1 -2 2 1 0 -1 -2 2 1 0 -1 -2 2 1 0 -1 -2 2 1 0 -1 -2 2 1 0 -1 -2 2 1 0 -1 -2 2 1 0 -1 -2 2 1 0 -1 -2 2 1 0 -1 -2 2 1 0 -1 -2 2 1 0 -1 -2 2 1 0 -1 -2 2 1 0 -1 -2 2 1 0 -1 -2 2 1 0 -1 -2 2 1 0 -1 -2 2 1 0 -1 -2 2 1 0 -1 -2 2 1 0 -1 -2 2 1 0 -1 -2 2 1 0 -1 -2 2 1 0 -1 -2 2 1 0 -1 -2 2 1 0 -1 -2 2 1 0 -1 -2 2 1 0 -1 -2 2 1 0 -1 -2 2 1 0 -1 -2 2 1 0 -1 -2 2 1 0 -1 -2 2 1 0 -1 -2 2 1 0 -1 -2 2 1 0 -1 -2 2 1 0 -1 -2 2 1 0 -1 -2 2 1 0 -1 -2 2 1 0 -1 -2 2 1 0 602 -2 2 1 0 -1 -2 2 1 0 -1 -2 2 1 0 -1 -2 2 1 0 -1 -2 2 1 0 -1 -2 2 1 0 -1 -2 2 1 0 -1 -2 2 1 0 -1 -2 2 1 0 -1 -2 2 1 0 -1 -2 2 1 0 -1 -2 2 1 0 -1 -2 2 1 0 -1 -2 2 1 0 -1 -2 2 1 0 -1 -2 2 1 0 -1 -2 2 1 0 -1 -2 2 1 0 -1 -2 2 1 0 -1 -2 2 1 0 -1 -2 2 1 0 -1 -2 2 1 0 -1 -2 2 1 0 -1 -2 2 1 0 -1 -2 2 1 0 -1 -2 2 1 0 -1 -2 2 1 0 -1 -2 2 1 0 -1 -2 2 1 0 -1 -2 2 1 0 -1 -2 2 1 0 -1 -2 2 1 0 -1 -2 2 1 0 -1 -2 2 1 0 -1 -2 2 1
2 2 2 2 2 2 2 2 2 2 2 2 2 2 2 2 2 2 2 2 2 2 2 2 2 2 2 2 2 2 2 2 2 2 2 2 2 2 2 2 2 2 2 2 2 2 2 2 2 2 2 2 2 2 2 2 2 2 2 2 2 2 2 2 2 2 2 2 2 2 2 2 2 2 2 2 2 2 2 2 2 2 2 2 2 2 2 2 2 2 2 2 2 2 2 2 2 2 2 2 2 2 2 2 2 2 2 2 2 2 2 2 2 2 2 2 2 2 2 2 2 2 2 2 2 2 2 2 2 2 2 2 2 2 2 2 2 2 2 2 2 2 2 2 2 2 2 2 2 2 2 2 2 2 2 2 2 2 2 2 2 2 2 2 2 2 2 2 2 2 2 2 2 2 2 2 2 2 2 2 2 2 2 2 2 2 2 2 2 2 2 2 2 2 2 2 2 2 2 2 2 2 2 2 2 2 2 2 2 2 2 2 2 2 2 2 2 2 2 2 2 2 2 2 2 2 2 2 2 2 2 2 2 2 2 2 2 2 2 2 2 2 2 2 2 2 2 2 2 2 2 2 2 2 2 2 2 2 2 2 2 2 2 2 2 2 2 2 2 2 2 2 2 2 2 2 2 2 2 2 2 2 2 2 2 2 2 2 2 2 2 2 2 2 2 2 2 2 2 2 2 2 2 2 2 2 2 2 2 2 2 2 2 2 2 2 2 2 2 2 2 2 2 2 2 2 2 1001 2 2 2 2 2 2 2 2 2 2 2 2 2 2 2 2 2 2 2 2 2 2 2 2 2 2 2 2 2 2 2 2 2 2 2 2 2 2 2 2 2 2 2 2 2 2 2 2 2 2 2 2 2 2 2 2 2 2 2 2 2 2 2 2 2 2 2 2 2 2 2 2 2 2 2 2 2 2 2 2 2 2 2 2 2 2 2 2 2 2 2 2 2 2 2 2 2 2 2 2 2 2 2 2 2 2 2 2 2 2 2 2 2 2 2 2 2 2 2 2 2 2 2 2 2 2 2 2 2 2 2 2 2 2 2 2 2 2 2 2 2 2 2 2 2 2 2 2 2 2 2 2 2 2 2 2 2 2 2 2 2 2 2 2 2 2 2 2 2 2 2 2
-1 0 1 2 -2 -1 0 1 2 -2 -1 0 1 2 -2 -1 0 1 2 -2 -1 0 1 2 -2 -1 0 1 2 -2 -1 0 1 2 -2 -1 0 1 2 -2 -1 0 1 2 -2 -1 0 1 2 -2 -1 0 1 2 -2 -1 0 1 2 -2 -1 0 1 2 -2 -1 0 1 2 -2 -1 0 1 2 -2 -1 0 1 2 -2 -1 0 1 2 -2 -1 0 1 2 -2 -1 0 1 2 -2 -1 0 1 2 -2 -1 0 1 2 -2 -1 0 1 2 -2 -1 0 1 2 -2 -1 0 1 2 -2 -1 0 1 2 -2 -1 0 1 2 -2 -1 0 1 2 -2 -1 0 1 2 -2 -1 0 1 2 -2 -1 0 1 2 -2 -1 0 1 2 -2 -1 0 1 2 -2 -1 0 1 2 -2 -1 0 1 2 -2 -1 0 1 2 -2 -1 0 1 2 -2 -1 0 1 2 -2 -1 0 1 2 -2 -1 0 1 2 -2 -1 0 1 2 -2 -1 0 1 2 -2 -1 0 1 2 -2 -1 0 1 2 -2 -1 0 1 2 -2 -1 0 1 2 -2 -1 0 1 2 -2 -1 0 1 2 -2 -1 0 1 2 -2 -1 0 1 2 -2 -1 0 1 2 -2 -1 0 1 2 -2 -1 0 1 2 -2 -1 0 1 2 -2 -1 0 1 2 -2 -1 0 1 2 -2 -1 0 1 2 -2 -1 0 1 2 -2 -1 0 1 2 -2 -1 0 1 2 -2 -1 0 1 2 -2 -1 0 1 2 -2 -1 0 1 2 -2 -1 0 1 2 -2 -1 0 1 2 -2 -1 0 1 2 -2 -1 0 1 601 -2 -1 0 1 2 -2 -1 0 1 2 -2 -1 0 1 2 -2 -1 0 1 2 -2 -1 0 1 2 -2 -1 0 1 2 -2 -1 0 1 2 -2 -1 0 1 2 -2 -1 0 1 2 -2 -1 0 1 2 -2 -1 0 1 2 -2 -1 0 1 2 -2 -1 0 1 2 -2 -1 0 1 2 -2 -1 0 1 2 -2 -1 0 1 2 -2 -1 0 1 2 -2 -1 0 1 2 -2 -1 0 1 2 -2 -1 0 1 2 -2 -1 0 1 2 -2 -1 0 1 2 -2 -1 0 1 2 -2 -1 0 1 2 -2 -1 0 1 2 -2 -1 0 1 2 -2 -1 0 1 2 -2 -1 0 1 2 -2 -1 0 1 2 -2 -1 0 1 2 -2 -1 0 1 2 -2 -1 0 1 2 -2 -1 0 1 2 -2 -1 0 1 2 -2
1 -2 0 2 -1 1 -2 0 2 -1 1 -2 0 2 -1 1 -2 0 2 -1 1 -2 0 2 -1 1 -2 0 2 -1 1 -2 0 2 -1 1 -2 0 2 -1 1 -2 0 2 -1 1 -2 0 2 -1 1 -2 0 2 -1 1 -2 0 2 -1 1 -2 0 2 -1 1 -2 0 2 -1 1 -2 0 2 -1 1 -2 0 2 -1 1 -2 0 2 -1 1 -2 0 2 -1 1 -2 0 2 -1 1 -2 0 2 -1 1 -2 0 2 -1 1 -2 0 2 -1 1 -2 0 2 -1 1 -2 0 2 -1 1 -2 0 2 -1 1 -2 0 2 -1 1 -2 0 2 -1 1 -2 0 2 -1 1 -2 0 2 -1 1 -2 0 2 -1 1 -2 0 2 -1 1 -2 0 2 -1 1 -2 0 2 -1 1 -2 0 2 -1 1 -2 0 2 -1 1 -2 0 2 -1 1 -2 0 2 -1 1 -2 0 2 -1 1 -2 0 2 -1 1 -2 0 2 -1 1 -2 0 2 -1 1 -2 0 2 -1 1 -2 0 2 -1 1 -2 0 2 -1 1 -2 0 2 -1 1 -2 0 2 -1 1 -2 0 2 -1 1 -2 0 2 -1 1 -2 0 2 -1 1 -2 0 2 -1 1 -2 0 2 -1 1 -2 0 2 -1 1 -2 0 2 -1 1 -2 0 2 -1 1 -2 0 2 -1 1 -2 0 2 -1 1 -2 0 2 -1 1 -2 0 2 -1 1 -2 0 2 -1 1 -2 0 2 -1 1 -2 0 2 -1 1 -2 0 2 -1 1 -2 0 2 -1 1 -2 0 2 -1 1 -2 0 2 -1 1 -2 0 2 602 1 -2 0 2 -1 1 -2 0 2 -1 1 -2 0 2 -1 1 -2 0 2 -1 1 -2 0 2 -1 1 -2 0 2 -1 1 -2 0 2 -1 1 -2 0 2 -1 1 -2 0 2 -1 1 -2 0 2 -1 1 -2 0 2 -1 1 -2 0 2 -1 1 -2 0 2 -1 1 -2 0 2 -1 1 -2 0 2 -1 1 -2 0 2 -1 1 -2 0 2 -1 1 -2 0 2 -1 1 -2 0 2 -1 1 -2 0 2 -1 1 -2 0 2 -1 1 -2 0 2 -1 1 -2 0 2 -1 1 -2 0 2 -1 1 -2 0 2 -1 1 -2 0 2 -1 1 -2 0 2 -1 1 -2 0 2 -1 1 -2 0 2 -1 1 -2 0 2 -1 1 -2 0 2 -1 1 -2 0 2 -1 1 -2 0 2 -1 1 -2 0 2 -1
-2 1 -1 2 0 -2 1 -1 2 0 -2 1 -1 2 0 -2 1 -1 2 0 -2 1 -1 2 0 -2 1 -1 2 0 -2 1 -1 2 0 -2 1 -1 2 0 -2 1 -1 2 0 -2 1 -1 2 0 -2 1 -1 2 0 -2 1 -1 2 0 -2 1 -1 2 0 -2 1 -1 2 0 -2 1 -1 2 0 -2 1 -1 2 0 -2 1 -1 2 0 -2 1 -1 2 0 -2 1 -1 2 0 -2 1 -1 2 0 -2 1 -1 2 0 -2 1 -1 2 0 -2 1 -1 2 0 -2 1 -1 2 0 -2 1 -1 2 0 -2 1 -1 2 0 -2 1 -1 2 0 -2 1 -1 2 0 -2 1 -1 2 0 -2 1 -1 2 0 -2 1 -1 2 0 -2 1 -1 2 0 -2 1 -1 2 0 -2 1 -1 2 0 -2 1 -1 2 0 -2 1 -1 2 0 -2 1 -1 2 0 -2 1 -1 2 0 -2 1 -1 2 0 -2 1 -1 2 0 -2 1 -1 2 0 -2 1 -1 2 0 -2 1 -1 2 0 -2 1 -1 2 0 -2 1 -1 2 0 -2 1 -1 2 0 -2 1 -1 2 0 -2 1 -1 2 0 -2 1 -1 2 0 -2 1 -1 2 0 -2 1 -1 2 0 -2 1 -1 2 0 -2 1 -1 2 0 -2 1 -1 2 0 -2 1 -1 2 0 -2 1 -1 2 0 -2 1 -1 2 0 -2 1 -1 2 0 -2 1 -1 2 0 -2 1 -1 2 0 -2 1 -1 2 0 -2 1 -1 2 0 -2 1 -1 2 0 -2 1 -1 2 0 -2 1 -1 2 0 -2 1 -1 2 0 601 1 -1 2 0 -2 1 -1 2 0 -2 1 -1 2 0 -2 1 -1 2 0 -2 1 -1 2 0 -2 1 -1 2 0 -2 1 -1 2 0 -2 1 -1 2 0 -2 1 -1 2 0 -2 1 -1 2 0 -2 1 -1 2 0 -2 1 -1 2 0 -2 1 -1 2 0 -2 1 -1 2 0 -2 1 -1 2 0 -2 1 -1 2 0 -2 1 -1 2 0 -2 1 -1 2 0 -2 1 -1 2 0 -2 1 -1 2 0 -2 1 -1 2 0 -2 1 -1 2 0 -2 1 -1 2 0 -2 1 -1 2 0 -2 1 -1 2 0 -2 1 -1 2 0 -2 1 -1 2 0 -2 1 -1 2 0 -2 1 -1 2 0 -2 1 -1 2 0 -2 1 -1 2 0 -2 1 -1 2 0 -2 1 -1 2 0 -2 1 -1 2 0
0 -1 -2 2 1 0 -1 -2 2 1 0 -1 -2 2 1 0 -1 -2 2 1 0 -1 -2 2 1 0 -1 -2 2 1 0 -1 -2 2 1 0 -1 -2 2 1 0 -1 -2 2 1 0 -1 -2 2 1 0 -1 -2 2 1 0 -1 -2 2 1 0 -1 -2 2 1 0 -1 -2 2 1 0 -1 -2 2 1 0 -1 -2 2 1 0 -1 -2 2 1 0 -1 -2 2 1 0 -1 -2 2 1 0 -1 -2 2 1 0 -1 -2 2 1 0 -1 -2 2 1 0 -1 -2 2 1 0 -1 -2 2 1 0 -1 -2 2 1 0 -1 -2 2 1 0 -1 -2 2 1 0 -1 -2 2 1 0 -1 -2 2 1 0 -1 -2 2 1 0 -1 -2 2 1 0 -1 -2 2 1 0 -1 -2 2 1 0 -1 -2 2 1 0 -1 -2 2 1 0 -1 -2 2 1 0 -1 -2 2 1 0 -1 -2 2 1 0 -1 -2 2 1 0 -1 -2 2 1 0 -1 -2 2 1 0 -1 -2 2 1 0 -1 -2 2 1 0 -1 -2 2 1 0 -1 -2 2 1 0 -1 -2 2 1 0 -1 -2 2 1 0 -1 -2 2 1 0 -1 -2 2 1 0 -1 -2 2 1 0 -1 -2 2 1 0 -1 -2 2 1 0 -1 -2 2 1 0 -1 -2 2 1 0 -1 -2 2 1 0 -1 -2 2 1 0 -1 -2 2 1 0 -1 -2 2 1 0 -1 -2 2 1 0 -1 -2 2 1 0 -1 -2 2 1 0 -1 -2 2 1 0 -1 -2 2 1 0 -1 -2 2 1 0 -1 -2 2 1 0 -1 -2 2 1 0 602 -2 2 1 0 -1 -2 2 1 0 -1 -2 2 1 0 -1 -2 2 1 0 -1 -2 2 1 0 -1 -2 2 1 0 -1 -2 2 1 0 -1 -2 2 1 0 -1 -2 2 1 0 -1 -2 2 1 0 -1 -2 2 1 0 -1 -2 2 1 0 -1 -2 2 1 0 -1 -2 2 1 0 -1 -2 2 1 0 -1 -2 2 1 0 -1 -2 2 1 0 -1 -2 2 1 0 -1 -2 2 1 0 -1 -2 2 1 0 -1 -2 2 1 0 -1 -2 2 1 0 -1 -2 2 1 0 -1 -2 2 1 0 -1 -2 2 1 0 -1 -2 2 1 0 -1 -2 2 1 0 -1 -2 2 1 0 -1 -2 2 1 0 -1 -2 2 1 0 -1 -2 2 1 0 -1 -2 2 1 0 -1 -2 2 1 0 -1 -2 2 1
2 2 2 2 2 2 2 2 2 2 2 2 2 2 2 2 2 2 2 2 2 2 2 2 2 2 2 2 2 2 2 2 2 2 2 2 2 2 2 2 2 2 2 2 2 2 2 2 2 2 2 2 2 2 2 2 2 2 2 2 2 2 2 2 2 2 2 2 2 2 2 2 2 2 2 2 2 2 2 2 2 2 2 2 2 2 2 2 2 2 2 2 2 2 2 2 2 2 2 2 2 2 2 2 2 2 2 2 2 2 2 2 2 2 2 2 2 2 2 2 2 2 2 2 2 2 2 2 2 2 2 2 2 2 2 2 2 2 2 2 2 2 2 2 2 2 2 2 2 2 2 2 2 2 2 2 2 2 2 2 2 2 2 2 2 2 2 2 2 2 2 2 2 2 2 2 2 2 2 2 2 2 2 2 2 2 2 2 2 2 2 2 2 2 2 2 2 2 2 2 2 2 2 2 2 2 2 2 2 2 2 2 2 2 2 2 2 2 2 2 2 2 2 2 2 2 2 2 2 2 2 2 2 2 2 2 2 2 2 2 2 2 2 2 2 2 2 2 2 2 2 2 2 2 2 2 2 2 2 2 2 2 2 2 2 2 2 2 2 2 2 2 2 2 2 2 2 2 2 2 2 2 2 2 2 2 2 2 2 2 2 2 2 2 2 2 2 2 2 2 2 2 2 2 2 2 2 2 2 2 2 2 2 2 2 2 2 2 2 2 2 2 2 2 2 2 2 2 2 2 2 2 1001 2 2 2 2 2 2 2 2 2 2 2 2 2 2 2 2 2 2 2 2 2 2 2 2 2 2 2 2 2 2 2 2 2 2 2 2 2 2 2 2 2 2 2 2 2 2 2 2 2 2 2 2 2 2 2 2 2 2 2 2 2 2 2 2 2 2 2 2 2 2 2 2 2 2 2 2 2 2 2 2 2 2 2 2 2 2 2 2 2 2 2 2 2 2 2 2 2 2 2 2 2 2 2 2 2 2 2 2 2 2 2 2 2 2 2 2 2 2 2 2 2 2 2 2 2 2 2 2 2 2 2 2 2 2 2 2 2 2 2 2 2 2 2 2 2 2 2 2 2 2 2 2 2 2 2 2 2 2 2 2 2 2 2 2 2 2 2
-1 0 1 2 -2 -1 0 1 2 -2 -1 0 1 2 -2 -1 0 1 2 -2 -1 0 1 2 -2 -1 0 1 2 -2 -1 0 1 2 -2 -1 0 1 2 -2 -1 0 1 2 -2 -1 0 1 2 -2 -1 0 1 2 -2 -1 0 1 2 -2 -1 0 1 2 -2 -1 0 1 2 -2 -1 0 1 2 -2 -1 0 1 2 -2 -1 0 1 2 -2 -1 0 1 2 -2 -1 0 1 2 -2 -1 0 1 2 -2 -1 0 1 2 -2 -1 0 1 2 -2 -1 0 1 2 -2 -1 0 1 2 -2 -1 0 1 2 -2 -1 0 1 2 -2 -1 0 1 2 -2 -1 0 1 2 -2 -1 0 1 2 -2 -1 0 1 2 -2 -1 0 1 2 -2 -1 0 1 2 -2 -1 0 1 2 -2 -1 0 1 2 -2 -1 0 1 2 -2 -1 0 1 2 -2 -1 0 1 2 -2 -1 0 1 2 -2 -1 0 1 2 -2 -1 0 1 2 -2 -1 0 1 2 -2 -1 0 1 2 -2 -1 0 1 2 -2 -1 0 1 2 -2 -1 0 1 2 -2 -1 0 1 2 -2 -1 0 1 2 -2 -1 0 1 2 -2 -1 0 1 2 -2 -1 0 1 2 -2 -1 0 1 2 -2 -1 0 1 2 -2 -1 0 1 2 -2 -1 0 1 2 -2 -1 0 1 2 -2 -1 0 1 2 -2 -1 0 1 2 -2 -1 0 1 2 -2 -1 0 1 2 -2 -1 0 1 2 -2 -1 0 1 2 -2 -1 0 1 2 -2 -1 0 1 2 -2 -1 0 1 2 -2 -1 0 1 2 -2 -1 0 1 2 -2 -1 0 1 601 -2 -1 0 1 2 -2 -1 0 1 2 -2 -1 0 1 2 -2 -1 0 1 2 -2 -1 0 1 2 -2 -1 0 1 2 -2 -1 0 1 2 -2 -1 0 1 2 -2 -1 0 1 2 -2 -1 0 1 2 -2 -1 0 1 2 -2 -1 0 1 2 -2 -1 0 1 2 -2 -1 0 1 2 -2 -1 0 1 2 -2 -1 0 1 2 -2 -1 0 1 2 -2 -1 0 1 2 -2 -1 0 1 2 -2 -1 0 1 2 -2 -1 0 1 2 -2 -1 0 1 2 -2 -1 0 1 2 -2 -1 0 1 2 -2 -1 0 1 2 -2 -1 0 1 2 -2 -1 0 1 2 -2 -1 0 1 2 -2 -1 0 1 2 -2 -1 0 1 2 -2 -1 0 1 2 -2 -1 0 1 2 -2 -1 0 1 2 -2
1 -2 0 2 -1 1 -2 0 2 -1 1 -2 0 2 -1 1 -2 0 2 -1 1 -2 0 2 -1 1 -2 0 2 -1 1 -2 0 2 -1 1 -2 0 2 -1 1 -2 0 2 -1 1 -2 0 2 -1 1 -2 0 2 -1 1 -2 0 2 -1 1 -2 0 2 -1 1 -2 0 2 -1 1 -2 0 2 -1 1 -2 0 2 -1 1 -2 0 2 -1 1 -2 0 2 -1 1 -2 0 2 -1 1 -2 0 2 -1 1 -2 0 2 -1 1 -2 0 2 -1 1 -2 0 2 -1 1 -2 0 2 -1 1 -2 0 2 -1 1 -2 0 2 -1 1 -2 0 2 -1 1 -2 0 2 -1 1 -2 0 2 -1 1 -2 0 2 -1 1 -2 0 2 -1 1 -2 0 2 -1 1 -2 0 2 -1 1 -2 0 2 -1 1 -2 0 2 -1 1 -2 0 2 -1 1 -2 0 2 -1 1 -2 0 2 -1 1 -2 0 2 -1 1 -2 0 2 -1 1 -2 0 2 -1 1 -2 0 2 -1 1 -2 0 2 -1 1 -2 0 2 -1 1 -2 0 2 -1 1 -2 0 2 -1 1 -2 0 2 -1 1 -2 0 2 -1 1 -2 0 2 -1 1 -2 0 2 -1 1 -2 0 2 -1 1 -2 0 2 -1 1 -2 0 2 -1 1 -2 0 2 -1 1 -2 0 2 -1 1 -2 0 2 -1 1 -2 0 2 -1 1 -2 0 2 -1 1 -2 0 2 -1 1 -2 0 2 -1 1 -2 0 2 -1 1 -2 0 2 -1 1 -2 0 2 -1 1 -2 0 2 -1 1 -2 0 2 -1 1 -2 0 2 -1 1 -2 0 2 602 1 -2 0 2 -1 1 -2 0 2 -1 1 -2 0 2 -1 1 -2 0 2 -1 1 -2 0 2 -1 1 -2 0 2 -1 1 -2 0 2 -1 1 -2 0 2 -1 1 -2 0 2 -1 1 -2 0 2 -1 1 -2 0 2 -1 1 -2 0 2 -1 1 -2 0 2 -1 1 -2 0 2 -1 1 -2 0 2 -1 1 -2 0 2 -1 1 -2 0 2 -1 1 -2 0 2 -1 1 -2 0 2 -1 1 -2 0 2 -1 1 -2 0 2 -1 1 -2 0 2 -1 1 -2 0 2 -1 1 -2 0 2 -1 1 -2 0 2 -1 1 -2 0 2 -1 1 -2 0 2 -1 1 -2 0 2 -1 1 -2 0 2 -1 1 -2 0 2 -1 1 -2 0 2 -1 1 -2 0 2 -1 1 -2 0 2 -1
-2 1 -1 2 0 -2 1 -1 2 0 -2 1 -1 2 0 -2 1 -1 2 0 -2 1 -1 2 0 -2 1 -1 2 0 -2 1 -1 2 0 -2 1 -1 2 0 -2 1 -1 2 0 -2 1 -1 2 0 -2 1 -1 2 0 -2 1 -1 2 0 -2 1 -1 2 0 -2 1 -1 2 0 -2 1 -1 2 0 -2 1 -1 2 0 -2 1 -1 2 0 -2 1 -1 2 0 -2 1 -1 2 0 -2 1 -1 2 0 -2 1 -1 2 0 -2 1 -1 2 0 -2 1 -1 2 0 -2 1 -1 2 0 -2 1 -1 2 0 -2 1 -1 2 0 -2 1 -1 2 0 -2 1 -1 2 0 -2 1 -1 2 0 -2 1 -1 2 0 -2 1 -1 2 0 -2 1 -1 2 0 -2 1 -1 2 0 -2 1 -1 2 0 -2 1 -1 2 0 -2 1 -1 2 0 -2 1 -1 2 0 -2 1 -1 2 0 -2 1 -1 2 0 -2 1 -1 2 0 -2 1 -1 2 0 -2 1 -1 2 0 -2 1 -1 2 0 -2 1 -1 2 0 -2 1 -1 2 0 -2 1 -1 2 0 -2 1 -1 2 0 -2 1 -1 2 0 -2 1 -1 2 0 -2 1 -1 2 0 -2 1 -1 2 0 -2 1 -1 2 0 -2 1 -1 2 0 -2 1 -1 2 0 -2 1 -1 2 0 -2 1 -1 2 0 -2 1 -1 2 0 -2 1 -1 2 0 -2 1 -1 2 0 -2 1 -1 2 0 -2 1 -1 2 0 -2 1 -1 2 0 -2 1 -1 2 0 -2 1 -1 2 0 -2 1 -1 2 0 -2 1 -1 2 0 -2 1 -1 2 0 601 1 -1 2 0 -2 1 -1 2 0 -2 1 -1 2 0 -2 1 -1 2 0 -2 1 -1 2 0 -2 1 -1 2 0 -2 1 -1 2 0 -2 1 -1 2 0 -2 1 -1 2 0 -2 1 -1 2 0 -2 1 -1 2 0 -2 1 -1 2 0 -2 1 -1 2 0 -2 1 -1 2 0 -2 1 -1 2 0 -2 1 -1 2 0 -2 1 -1 2 0 -2 1 -1 2 0 -2 1 -1 2 0 -2 1 -1 2 0 -2 1 -1 2 0 -2 1 -1 2 0 -2 1 -1 2 0 -2 1 -1 2 0 -2 1 -1 2 0 -2 1 -1 2 0 -2 1 -1 2 0 -2 1 -1 2 0 -2 1 -1 2 0 -2 1 -1 2 0 -2 1 -1 2 0 -2 1 -1 2 0 -2 1 -1 2 0
0 -1 -2 2 1 0 -1 -2 2 1 0 -1 -2 2 1 0 -1 -2 2 1 0 -1 -2 2 1 0 -1 -2 2 1 0 -1 -2 2 1 0 -1 -2 2 1 0 -1 -2 2 1 0 -1 -2 2 1 0 -1 -2 2 1 0 -1 -2 2 1 0 -1 -2 2 1 0 -1 -2 2 1 0 -1 -2 2 1 0 -1 -2 2 1 0 -1 -2 2 1 0 -1 -2 2 1 0 -1 -2 2 1 0 -1 -2 2 1 0 -1 -2 2 1 0 -1 -2 2 1 0 -1 -2 2 1 0 -1 -2 2 1 0 -1 -2 2 1 0 -1 -2 2 1 0 -1 -2 2 1 0 -1 -2 2 1 0 -1 -2 2 1 0 -1 -2 2 1 0 -1 -2 2 1 0 -1 -2 2 1 0 -1 -2 2 1 0 -1 -2 2 1 0 -1 -2 2 1 0 -1 -2 2 1 0 -1 -2 2 1 0 -1 -2 2 1 0 -1 -2 2 1 0 -1 -2 2 1 0 -1 -2 2 1 0 -1 -2 2 1 0 -1 -2 2 1 0 -1 -2 2 1 0 -1 -2 2 1 0 -1 -2 2 1 0 -1 -2 2 1 0 -1 -2 2 1 0 -1 -2 2 1 0 -1 -2 2 1 0 -1 -2 2 1 0 -1 -2 2 1 0 -1 -2 2 1 0 -1 -2 2 1 0 -1 -2 2 1 0 -1 -2 2 1 0 -1 -2 2 1 0 -1 -2 2 1 0 -1 -2 2 1 0 -1 -2 2 1 0 -1 -2 2 1 0 -1 -2 2 1 0 -1 -2 2 1 0 -1 -2 2 1 0 -1 -2 2 1 0 -1 -2 2 1 0 -1 -2 2 1 0 602 -2 2 1 0 -1 -2 2 1 0 -1 -2 2 1 0 -1 -2 2 1 0 -1 -2 2 1 0 -1 -2 2 1 0 -1 -2 2 1 0 -1 -2 2 1 0 -1 -2 2 1 0 -1 -2 2 1 0 -1 -2 2 1 0 -1 -2 2 1 0 -1 -2 2 1 0 -1 -2 2 1 0 -1 -2 2 1 0 -1 -2 2 1 0 -1 -2 2 1 0 -1 -2 2 1 0 -1 -2 2 1 0 -1 -2 2 1 0 -1 -2 2 1 0 -1 -2 2 1 0 -1 -2 2 1 0 -1 -2 2 1 0 -1 -2 2 1 0 -1 -2 2 1 0 -1 -2 2 1 0 -1 -2 2 1 0 -1 -2 2 1 0 -1 -2 2 1 0 -1 -2 2 1 0 -1 -2 2 1 0 -1 -2 2 1
2 2 2 2 2 2 2 2 2 2 2 2 2 2 2 2 2 2 2 2 2 2 2 2 2 2 2 2 2 2 2 2 2 2 2 2 2 2 2 2 2 2 2 2 2 2 2 2 2 2 2 2 2 2 2 2 2 2 2 2 2 2 2 2 2 2 2 2 2 2 2 2 2 2 2 2 2 2 2 2 2 2 2 2 2 2 2 2 2 2 2 2 2 2 2 2 2 2 2 2 2 2 2 2 2 2 2 2 2 2 2 2 2 2 2 2 2 2 2 2 2 2 2 2 2 2 2 2 2 2 2 2 2 2 2 2 2 2 2 2 2 2 2 2 2 2 2 2 2 2 2 2 2 2 2 2 2 2 2 2 2 2 2 2 2 2 2 2 2 2 2 2 2 2 2 2 2 2 2 2 2 2 2 2 2 2 2 2 2 2 2 2 2 2 2 2 2 2 2 2 2 2 2 2 2 2 2 2 2 2 2 2 2 2 2 2 2 2 2 2 2 2 2 2 2 2 2 2 2 2 2 2 2 2 2 2 2 2 2 2 2 2 2 2 2 2 2 2 2 2 2 2 2 2 2 2 2 2 2 2 2 2 2 2 2 2 2 2 2 2 2 2 2 2 2 2 2 2 2 2 2 2 2 2 2 2 2 2 2 2 2 2 2 2 2 2 2 2 2 2 2 2 2 2 2 2 2 2 2 2 2 2 2 2 2 2 2 2 2 2 2 2 2 2 2 2 2 2 2 2 2 2 2 2 2 2 2 1001 2 2 2 2 2 2 2 2 2 2 2 2 2 2 2 2 2 2 2 2 2 2 2 2 2 2 2 2 2 2 2 2 2 2 2 2 2 2 2 2 2 2 2 2 2 2 2 2 2 2 2 2 2 2 2 2 2 2 2 2 2 2 2 2 2 2 2 2 2 2 2 2 2 2 2 2 2 2 2 2 2 2 2 2 2 2 2 2 2 2 2 2 2 2 2 2 2 2 2 2 2 2 2 2 2 2 2 2 2 2 2 2 2 2 2 2 2 2 2 2 2 2 2 2 2 2 2 2 2 2 2 2 2 2 2 2 2 2 2 2 2 2 2 2 2 2 2 2 2 2 2 2 2 2 2 2 2 2 2 2 2 2
-1 0 1 2 -2 -1 0 1 2 -2 -1 0 1 2 -2 -1 0 1 2 -2 -1 0 1 2 -2 -1 0 1 2 -2 -1 0 1 2 -2 -1 0 1 2 -2 -1 0 1 2 -2 -1 0 1 2 -2 -1 0 1 2 -2 -1 0 1 2 -2 -1 0 1 2 -2 -1 0 1 2 -2 -1 0 1 2 -2 -1 0 1 2 -2 -1 0 1 2 -2 -1 0 1 2 -2 -1 0 1 2 -2 -1 0 1 2 -2 -1 0 1 2 -2 -1 0 1 2 -2 -1 0 1 2 -2 -1 0 1 2 -2 -1 0 1 2 -2 -1 0 1 2 -2 -1 0 1 2 -2 -1 0 1 2 -2 -1 0 1 2 -2 -1 0 1 2 -2 -1 0 1 2 -2 -1 0 1 2 -2 -1 0 1 2 -2 -1 0 1 2 -2 -1 0 1 2 -2 -1 0 1 2 -2 -1 0 1 2 -2 -1 0 1 2 -2 -1 0 1 2 -2 -1 0 1 2 -2 -1 0 1 2 -2 -1 0 1 2 -2 -1 0 1 2 -2 -1 0 1 2 -2 -1 0 1 2 -2 -1 0 1 2 -2 -1 0 1 2 -2 -1 0 1 2 -2 -1 0 1 2 -2 -1 0 1 2 -2 -1 0 1 2 -2 -1 0 1 2 -2 -1 0 1 2 -2 -1 0 1 2 -2 -1 0 1 2 -2 -1 0 1 2 -2 -1 0 1 2 -2 -1 0 1 2 -2 -1 0 1 2 -2 -1 0 1 2 -2 -1 0 1 2 -2 -1 0 1 2 -2 -1 0 1 2 -2 -1 0 1 2 -2 -1 0 1 2 -2 -1 0 1 2 -2 -1 0 1 2 -2 -1 0 1 601 -2 -1 0 1 2 -2 -1 0 1 2 -2 -1 0 1 2 -2 -1 0 1 2 -2 -1 0 1 2 -2 -1 0 1 2 -2 -1 0 1 2 -2 -1 0 1 2 -2 -1 0 1 2 -2 -1 0 1 2 -2 -1 0 1 2 -2 -1 0 1 2 -2 -1 0 1 2 -2 -1 0 1 2 -2 -1 0 1 2 -2 -1 0 1 2 -2 -1 0 1 2 -2 -1 0 1 2 -2 -1 0 1 2 -2 -1 0 1 2 -2 -1 0 1 2 -2 -1 0 1 2 -2 -1 0 1 2 -2 -1 0 1 2 -2 -1 0 1 2 -2 -1 0 1 2 -2 -1 0 1 2 -2 -1 0 1 2 -2 -1 0 1 2 -2 -1 0 1 2 -2 -1 0 1 2 -2 -1 0 1 2 -2
1 -2 0 2 -1 1 -2 0 2 -1 1 -2 0 2 -1 1 -2 0 2 -1 1 -2 0 2 -1 1 -2 0 2 -1 1 -2 0 2 -1 1 -2 0 2 -1 1 -2 0 2 -1 1 -2 0 2 -1 1 -2 0 2 -1 1 -2 0 2 -1 1 -2 0 2 -1 1 -2 0 2 -1 1 -2 0 2 -1 1 -2 0 2 -1 1 -2 0 2 -1 1 -2 0 2 -1 1 -2 0 2 -1 1 -2 0 2 -1 1 -2 0 2 -1 1 -2 0 2 -1 1 -2 0 2 -1 1 -2 0 2 -1 1 -2 0 2 -1 1 -2 0 2 -1 1 -2 0 2 -1 1 -2 0 2 -1 1 -2 0 2 -1 1 -2 0 2 -1 1 -2 0 2 -1 1 -2 0 2 -1 1 -2 0 2 -1 1 -2 0 2 -1 1 -2 0 2 -1 1 -2 0 2 -1 1 -2 0 2 -1 1 -2 0 2 -1 1 -2 0 2 -1 1 -2 0 2 -1 1 -2 0 2 -1 1 -2 0 2 -1 1 -2 0 2 -1 1 -2 0 2 -1 1 -2 0 2 -1 1 -2 0 2 -1 1 -2 0 2 -1 1 -2 0 2 -1 1 -2 0 2 -1 1 -2 0 2 -1 1 -2 0 2 -1 1 -2 0 2 -1 1 -2 0 2 -1 1 -2 0 2 -1 1 -2 0 2 -1 1 -2 0 2 -1 1 -2 0 2 -1 1 -2 0 2 -1 1 -2 0 2 -1 1 -2 0 2 -1 1 -2 0 2 -1 1 -2 0 2 -1 1 -2 0 2 -1 1 -2 0 2 -1 1 -2 0 2 -1 1 -2 0 2 -1 1 -2 0 2 -1 1 -2 0 2 602 1 -2 0 2 -1 1 -2 0 2 -1 1 -2 0 2 -1 1 -2 0 2 -1 1 -2 0 2 -1 1 -2 0 2 -1 1 -2 0 2 -1 1 -2 0 2 -1 1 -2 0 2 -1 1 -2 0 2 -1 1 -2 0 2 -1 1 -2 0 2 -1 1 -2 0 2 -1 1 -2 0 2 -1 1 -2 0 2 -1 1 -2 0 2 -1 1 -2 0 2 -1 1 -2 0 2 -1 1 -2 0 2 -1 1 -2 0 2 -1 1 -2 0 2 -1 1 -2 0 2 -1 1 -2 0 2 -1 1 -2 0 2 -1 1 -2 0 2 -1 1 -2 0 2 -1 1 -2 0 2 -1 1 -2 0 2 -1 1 -2 0 2 -1 1 -2 0 2 -1 1 -2 0 2 -1 1 -2 0 2 -1
-2 1 -1 2 0 -2 1 -1 2 0 -2 1 -1 2 0 -2 1 -1 2 0 -2 1 -1 2 0 -2 1 -1 2 0 -2 1 -1 2 0 -2 1 -1 2 0 -2 1 -1 2 0 -2 1 -1 2 0 -2 1 -1 2 0 -2 1 -1 2 0 -2 1 -1 2 0 -2 1 -1 2 0 -2 1 -1 2 0 -2 1 -1 2 0 -2 1 -1 2 0 -2 1 -1 2 0 -2 1 -1 2 0 -2 1 -1 2 0 -2 1 -1 2 0 -2 1 -1 2 0 -2 1 -1 2 0 -2 1 -1 2 0 -2 1 -1 2 0 -2 1 -1 2 0 -2 1 -1 2 0 -2 1 -1 2 0 -2 1 -1 2 0 -2 1 -1 2 0 -2 1 -1 2 0 -2 1 -1 2 0 -2 1 -1 2 0 -2 1 -1 2 0 -2 1 -1 2 0 -2 1 -1 2 0 -2 1 -1 2 0 -2 1 -1 2 0 -2 1 -1 2 0 -2 1 -1 2 0 -2 1 -1 2 0 -2 1 -1 2 0 -2 1 -1 2 0 -2 1 -1 2 0 -2 1 -1 2 0 -2 1 -1 2 0 -2 1 -1 2 0 -2 1 -1 2 0 -2 1 -1 2 0 -2 1 -1 2 0 -2 1 -1 2 0 -2 1 -1 2 0 -2 1 -1 2 0 -2 1 -1 2 0 -2 1 -1 2 0 -2 1 -1 2 0 -2 1 -1 2 0 -2 1 -1 2 0 -2 1 -1 2 0 -2 1 -1 2 0 -2 1 -1 2 0 -2 1 -1 2 0 -2 1 -1 2 0 -2 1 -1 2 0 -2 1 -1 2 0 -2 1 -1 2 0 -2 1 -1 2 0 -2 1 -1 2 0 601 1 -1 2 0 -2 1 -1 2 0 -2 1 -1 2 0 -2 1 -1 2 0 -2 1 -1 2 0 -2 1 -1 2 0 -2 1 -1 2 0 -2 1 -1 2 0 -2 1 -1 2 0 -2 1 -1 2 0 -2 1 -1 2 0 -2 1 -1 2 0 -2 1 -1 2 0 -2 1 -1 2 0 -2 1 -1 2 0 -2 1 -1 2 0 -2 1 -1 2 0 -2 1 -1 2 0 -2 1 -1 2 0 -2 1 -1 2 0 -2 1 -1 2 0 -2 1 -1 2 0 -2 1 -1 2 0 -2 1 -1 2 0 -2 1 -1 2 0 -2 1 -1 2 0 -2 1 -1 2 0 -2 1 -1 2 0 -2 1 -1 2 0 -2 1 -1 2 0 -2 1 -1 2 0 -2 1 -1 2 0
0 -1 -2 2 1 0 -1 -2 2 1 0 -1 -2 2 1 0 -1 -2 2 1 0 -1 -2 2 1 0 -1 -2 2 1 0 -1 -2 2 1 0 -1 -2 2 1 0 -1 -2 2 1 0 -1 -2 2 1 0 -1 -2 2 1 0 -1 -2 2 1 0 -1 -2 2 1 0 -1 -2 2 1 0 -1 -2 2 1 0 -1 -2 2 1 0 -1 -2 2 1 0 -1 -2 2 1 0 -1 -2 2 1 0 -1 -2 2 1 0 -1 -2 2 1 0 -1 -2 2 1 0 -1 -2 2 1 0 -1 -2 2 1 0 -1 -2 2 1 0 -1 -2 2 1 0 -1 -2 2 1 0 -1 -2 2 1 0 -1 -2 2 1 0 -1 -2 2 1 0 -1 -2 2 1 0 -1 -2 2 1 0 -1 -2 2 1 0 -1 -2 2 1 0 -1 -2 2 1 0 -1 -2 2 1 0 -1 -2 2 1 0 -1 -2 2 1 0 -1 -2 2 1 0 -1 -2 2 1 0 -1 -2 2 1 0 -1 -2 2 1 0 -1 -2 2 1 0 -1 -2 2 1 0 -1 -2 2 1 0 -1 -2 2 1 0 -1 -2 2 1 0 -1 -2 2 1 0 -1 -2 2 1 0 -1 -2 2 1 0 -1 -2 2 1 0 -1 -2 2 1 0 -1 -2 2 1 0 -1 -2 2 1 0 -1 -2 2 1 0 -1 -2 2 1 0 -1 -2 2 1 0 -1 -2 2 1 0 -1 -2 2 1 0 -1 -2 2 1 0 -1 -2 2 1 0 -1 -2 2 1 0 -1 -2 2 1 0 -1 -2 2 1 0 -1 -2 2 1 0 -1 -2 2 1 0 -1 -2 2 1 0 -1 -2 2 1 0 602 -2 2 1 0 -1 -2 2 1 0 -1 -2 2 1 0 -1 -2 2 1 0 -1 -2 2 1 0 -1 -2 2 1 0 -1 -2 2 1 0 -1 -2 2 1 0 -1 -2 2 1 0 -1 -2 2 1 0 -1 -2 2 1 0 -1 -2 2 1 0 -1 -2 2 1 0 -1 -2 2 1 0 -1 -2 2 1 0 -1 -2 2 1 0 -1 -2 2 1 0 -1 -2 2 1 0 -1 -2 2 1 0 -1 -2 2 1 0 -1 -2 2 1 0 -1 -2 2 1 0 -1 -2 2 1 0 -1 -2 2 1 0 -1 -2 2 1 0 -1 -2 2 1 0 -1 -2 2 1 0 -1 -2 2 1 0 -1 -2 2 1 0 -1 -2 2 1 0 -1 -2 2 1 0 -1 -2 2 1
2 2 2 2 2 2 2 2 2 2 2 2 2 2 2 2 2 2 2 2 2 2 2 2 2 2 2 2 2 2 2 2 2 2 2 2 2 2 2 2 2 2 2 2 2 2 2 2 2 2 2 2 2 2 2 2 2 2 2 2 2 2 2 2 2 2 2 2 2 2 2 2 2 2 2 2 2 2 2 2 2 2 2 2 2 2 2 2 2 2 2 2 2 2 2 2 2 2 2 2 2 2 2 2 2 2 2 2 2 2 2 2 2 2 2 2 2 2 2 2 2 2 2 2 2 2 2 2 2 2 2 2 2 2 2 2 2 2 2 2 2 2 2 2 2 2 2 2 2 2 2 2 2 2 2 2 2 2 2 2 2 2 2 2 2 2 2 2 2 2 2 2 2 2 2 2 2 2 2 2 2 2 2 2 2 2 2 2 2 2 2 2 2 2 2 2 2 2 2 2 2 2 2 2 2 2 2 2 2 2 2 2 2 2 2 2 2 2 2 2 2 2 2 2 2 2 2 2 2 2 2 2 2 2 2 2 2 2 2 2 2 2 2 2 2 2 2 2 2 2 2 2 2 2 2 2 2 2 2 2 2 2 2 2 2 2 2 2 2 2 2 2 2 2 2 2 2 2 2 2 2 2 2 2 2 2 2 2 2 2 2 2 2 2 2 2 2 2 2 2 2 2 2 2 2 2 2 2 2 2 2 2 2 2 2 2 2 2 2 2 2 2 2 2 2 2 2 2 2 2 2 2 2 2 2 2 2 2 2 2 2 2 1001 2 2 2 2 2 2 2 2 2 2 2 2 2 2 2 2 2 2 2 2 2 2 2 2 2 2 2 2 2 2 2 2 2 2 2 2 2 2 2 2 2 2 2 2 2 2 2 2 2 2 2 2 2 2 2 2 2 2 2 2 2 2 2 2 2 2 2 2 2 2 2 2 2 2 2 2 2 2 2 2 2 2 2 2 2 2 2 2 2 2 2 2 2 2 2 2 2 2 2 2 2 2 2 2 2 2 2 2 2 2 2 2 2 2 2 2 2 2 2 2 2 2 2 2 2 2 2 2 2 2 2 2 2 2 2 2 2 2 2 2 2 2 2 2 2 2 2 2 2 2 2 2 2 2 2 2 2
-1 0 1 2 -2 -1 0 1 2 -2 -1 0 1 2 -2 -1 0 1 2 -2 -1 0 1 2 -2 -1 0 1 2 -2 -1 0 1 2 -2 -1 0 1 2 -2 -1 0 1 2 -2 -1 0 1 2 -2 -1 0 1 2 -2 -1 0 1 2 -2 -1 0 1 2 -2 -1 0 1 2 -2 -1 0 1 2 -2 -1 0 1 2 -2 -1 0 1 2 -2 -1 0 1 2 -2 -1 0 1 2 -2 -1 0 1 2 -2 -1 0 1 2 -2 -1 0 1 2 -2 -1 0 1 2 -2 -1 0 1 2 -2 -1 0 1 2 -2 -1 0 1 2 -2 -1 0 1 2 -2 -1 0 1 2 -2 -1 0 1 2 -2 -1 0 1 2 -2 -1 0 1 2 -2 -1 0 1 2 -2 -1 0 1 2 -2 -1 0 1 2 -2 -1 0 1 2 -2 -1 0 1 2 -2 -1 0 1 2 -2 -1 0 1 2 -2 -1 0 1 2 -2 -1 0 1 2 -2 -1 0 1 2 -2 -1 0 1 2 -2 -1 0 1 2 -2 -1 0 1 2 -2 -1 0 1 2 -2 -1 0 1 2 -2 -1 0 1 2 -2 -1 0 1 2 -2 -1 0 1 2 -2 -1 0 1 2 -2 -1 0 1 2 -2 -1 0 1 2 -2 -1 0 1 2 -2 -1 0 1 2 -2 -1 0 1 2 -2 -1 0 1 2 -2 -1 0 1 2 -2 -1 0 1 2 -2 -1 0 1 2 -2 -1 0 1 2 -2 -1 0 1 2 -2 -1 0 1 2 -2 -1 0 1 2 -2 -1 0 1 2 -2 -1 0 1 2 -2 -1 0 1 2 -2 -1 0 1 2 -2 -1 0 1 2 -2 -1 0 1 601 -2 -1 0 1 2 -2 -1 0 1 2 -2 -1 0 1 2 -2 -1 0 1 2 -2 -1 0 1 2 -2 -1 0 1 2 -2 -1 0 1 2 -2 -1 0 1 2 -2 -1 0 1 2 -2 -1 0 1 2 -2 -1 0 1 2 -2 -1 0 1 2 -2 -1 0 1 2 -2 -1 0 1 2 -2 -1 0 1 2 -2 -1 0 1 2 -2 -1 0 1 2 -2 -1 0 1 2 -2 -1 0 1 2 -2 -1 0 1 2 -2 -1 0 1 2 -2 -1 0 1 2 -2 -1 0 1 2 -2 -1 0 1 2 -2 -1 0 1 2 -2 -1 0 1 2 -2 -1 0 1 2 -2 -1 0 1 2 -2 -1 0 1 2 -2 -1 0 1 2 -2 -1 0 1 2 -2
1 -2 0 2 -1 1 -2 0 2 -1 1 -2 0 2 -1 1 -2 0 2 -1 1 -2 0 2 -1 1 -2 0 2 -1 1 -2 0 2 -1 1 -2 0 2 -1 1 -2 0 2 -1 1 -2 0 2 -1 1 -2 0 2 -1 1 -2 0 2 -1 1 -2 0 2 -1 1 -2 0 2 -1 1 -2 0 2 -1 1 -2 0 2 -1 1 -2 0 2 -1 1 -2 0 2 -1 1 -2 0 2 -1 1 -2 0 2 -1 1 -2 0 2 -1 1 -2 0 2 -1 1 -2 0 2 -1 1 -2 0 2 -1 1 -2 0 2 -1 1 -2 0 2 -1 1 -2 0 2 -1 1 -2 0 2 -1 1 -2 0 2 -1 1 -2 0 2 -1 1 -2 0 2 -1 1 -2 0 2 -1 1 -2 0 2 -1 1 -2 0 2 -1 1 -2 0 2 -1 1 -2 0 2 -1 1 -2 0 2 -1 1 -2 0 2 -1 1 -2 0 2 -1 1 -2 0 2 -1 1 -2 0 2 -1 1 -2 0 2 -1 1 -2 0 2 -1 1 -2 0 2 -1 1 -2 0 2 -1 1 -2 0 2 -1 1 -2 0 2 -1 1 -2 0 2 -1 1 -2 0 2 -1 1 -2 0 2 -1 1 -2 0 2 -1 1 -2 0 2 -1 1 -2 0 2 -1 1 -2 0 2 -1 1 -2 0 2 -1 1 -2 0 2 -1 1 -2 0 2 -1 1 -2 0 2 -1 1 -2 0 2 -1 1 -2 0 2 -1 1 -2 0 2 -1 1 -2 0 2 -1 1 -2 0 2 -1 1 -2 0 2 -1 1 -2 0 2 -1 1 -2 0 2 -1 1 -2 0 2 -1 1 -2 0 2 -1 1 -2 0 2 602 1 -2 0 2 -1 1 -2 0 2 -1 1 -2 0 2 -1 1 -2 0 2 -1 1 -2 0 2 -1 1 -2 0 2 -1 1 -2 0 2 -1 1 -2 0 2 -1 1 -2 0 2 -1 1 -2 0 2 -1 1 -2 0 2 -1 1 -2 0 2 -1 1 -2 0 2 -1 1 -2 0 2 -1 1 -2 0 2 -1 1 -2 0 2 -1 1 -2 0 2 -1 1 -2 0 2 -1 1 -2 0 2 -1 1 -2 0 2 -1 1 -2 0 2 -1 1 -2 0 2 -1 1 -2 0 2 -1 1 -2 0 2 -1 1 -2 0 2 -1 1 -2 0 2 -1 1 -2 0 2 -1 1 -2 0 2 -1 1 -2 0 2 -1 1 -2 0 2 -1 1 -2 0 2 -1
-2 1 -1 2 0 -2 1 -1 2 0 -2 1 -1 2 0 -2 1 -1 2 0 -2 1 -1 2 0 -2 1 -1 2 0 -2 1 -1 2 0 -2 1 -1 2 0 -2 1 -1 2 0 -2 1 -1 2 0 -2 1 -1 2 0 -2 1 -1 2 0 -2 1 -1 2 0 -2 1 -1 2 0 -2 1 -1 2 0 -2 1 -1 2 0 -2 1 -1 2 0 -2 1 -1 2 0 -2 1 -1 2 0 -2 1 -1 2 0 -2 1 -1 2 0 -2 1 -1 2 0 -2 1 -1 2 0 -2 1 -1 2 0 -2 1 -1 2 0 -2 1 -1 2 0 -2 1 -1 2 0 -2 1 -1 2 0 -2 1 -1 2 0 -2 1 -1 2 0 -2 1 -1 2 0 -2 1 -1 2 0 -2 1 -1 2 0 -2 1 -1 2 0 -2 1 -1 2 0 -2 1 -1 2 0 -2 1 -1 2 0 -2 1 -1 2 0 -2 1 -1 2 0 -2 1 -1 2 0 -2 1 -1 2 0 -2 1 -1 2 0 -2 1 -1 2 0 -2 1 -1 2 0 -2 1 -1 2 0 -2 1 -1 2 0 -2 1 -1 2 0 -2 1 -1 2 0 -2 1 -1 2 0 -2 1 -1 2 0 -2 1 -1 2 0 -2 1 -1 2 0 -2 1 -1 2 0 -2 1 -1 2 0 -2 1 -1 2 0 -2 1 -1 2 0 -2 1 -1 2 0 -2 1 -1 2 0 -2 1 -1 2 0 -2 1 -1 2 0 -2 1 -1 2 0 -2 1 -1 2 0 -2 1 -1 2 0 -2 1 -1 2 0 -2 1 -1 2 0 -2 1 -1 2 0 -2 1 -1 2 0 -2 1 -1 2 0 -2 1 -1 2 0 601 1 -1 2 0 -2 1 -1 2 0 -2 1 -1 2 0 -2 1 -1 2 0 -2 1 -1 2 0 -2 1 -1 2 0 -2 1 -1 2 0 -2 1 -1 2 0 -2 1 -1 2 0 -2 1 -1 2 0 -2 1 -1 2 0 -2 1 -1 2 0 -2 1 -1 2 0 -2 1 -1 2 0 -2 1 -1 2 0 -2 1 -1 2 0 -2 1 -1 2 0 -2 1 -1 2 0 -2 1 -1 2 0 -2 1 -1 2 0 -2 1 -1 2 0 -2 1 -1 2 0 -2 1 -1 2 0 -2 1 -1 2 0 -2 1 -1 2 0 -2 1 -1 2 0 -2 1 -1 2 0 -2 1 -1 2 0 -2 1 -1 2 0 -2 1 -1 2 0 -2 1 -1 2 0
0 -1 -2 2 1 0 -1 -2 2 1 0 -1 -2 2 1 0 -1 -2 2 1 0 -1 -2 2 1 0 -1 -2 2 1 0 -1 -2 2 1 0 -1 -2 2 1 0 -1 -2 2 1 0 -1 -2 2 1 0 -1 -2 2 1 0 -1 -2 2 1 0 -1 -2 2 1 0 -1 -2 2 1 0 -1 -2 2 1 0 -1 -2 2 1 0 -1 -2 2 1 0 -1 -2 2 1 0 -1 -2 2 1 0 -1 -2 2 1 0 -1 -2 2 1 0 -1 -2 2 1 0 -1 -2 2 1 0 -1 -2 2 1 0 -1 -2 2 1 0 -1 -2 2 1 0 -1 -2 2 1 0 -1 -2 2 1 0 -1 -2 2 1 0 -1 -2 2 1 0 -1 -2 2 1 0 -1 -2 2 1 0 -1 -2 2 1 0 -1 -2 2 1 0 -1 -2 2 1 0 -1 -2 2 1 0 -1 -2 2 1 0 -1 -2 2 1 0 -1 -2 2 1 0 -1 -2 2 1 0 -1 -2 2 1 0 -1 -2 2 1 0 -1 -2 2 1 0 -1 -2 2 1 0 -1 -2 2 1 0 -1 -2 2 1 0 -1 -2 2 1 0 -1 -2 2 1 0 -1 -2 2 1 0 -1 -2 2 1 0 -1 -2 2 1 0 -1 -2 2 1 0 -1 -2 2 1 0 -1 -2 2 1 0 -1 -2 2 1 0 -1 -2 2 1 0 -1 -2 2 1 0 -1 -2 2 1 0 -1 -2 2 1 0 -1 -2 2 1 0 -1 -2 2 1 0 -1 -2 2 1 0 -1 -2 2 1 0 -1 -2 2 1 0 -1 -2 2 1 0 -1 -2 2 1 0 -1 -2 2 1 0 -1 -2 2 1 0 -1 -2 2 1 0 602 -2 2 1 0 -1 -2 2 1 0 -1 -2 2 1 0 -1 -2 2 1 0 -1 -2 2 1 0 -1 -2 2 1 0 -1 -2 2 1 0 -1 -2 2 1 0 -1 -2 2 1 0 -1 -2 2 1 0 -1 -2 2 1 0 -1 -2 2 1 0 -1 -2 2 1 0 -1 -2 2 1 0 -1 -2 2 1 0 -1 -2 2 1 0 -1 -2 2 1 0 -1 -2 2 1 0 -1 -2 2 1 0 -1 -2 2 1 0 -1 -2 2 1 0 -1 -2 2 1 0 -1 -2 2 1 0 -1 -2 2 1 0 -1 -2 2 1 0 -1 -2 2 1 0 -1 -2 2 1 0 -1 -2 2 1 0 -1 -2 2 1 0 -1 -2 2 1 0 -1 -2 2 1
2 2 2 2 2 2 2 2 2 2 2 2 2 2 2 2 2 2 2 2 2 2 2 2 2 2 2 2 2 2 2 2 2 2 2 2 2 2 2 2 2 2 2 2 2 2 2 2 2 2 2 2 2 2 2 2 2 2 2 2 2 2 2 2 2 2 2 2 2 2 2 2 2 2 2 2 2 2 2 2 2 2 2 2 2 2 2 2 2 2 2 2 2 2 2 2 2 2 2 2 2 2 2 2 2 2 2 2 2 2 2 2 2 2 2 2 2 2 2 2 2 2 2 2 2 2 2 2 2 2 2 2 2 2 2 2 2 2 2 2 2 2 2 2 2 2 2 2 2 2 2 2 2 2 2 2 2 2 2 2 2 2 2 2 2 2 2 2 2 2 2 2 2 2 2 2 2 2 2 2 2 2 2 2 2 2 2 2 2 2 2 2 2 2 2 2 2 2 2 2 2 2 2 2 2 2 2 2 2 2 2 2 2 2 2 2 2 2 2 2 2 2 2 2 2 2 2 2 2 2 2 2 2 2 2 2 2 2 2 2 2 2 2 2 2 2 2 2 2 2 2 2 2 2 2 2 2 2 2 2 2 2 2 2 2 2 2 2 2 2 2 2 2 2 2 2 2 2 2 2 2 2 2 2 2 2 2 2 2 2 2 2 2 2 2 2 2 2 2 2 2 2 2 2 2 2 2 2 2 2 2 2 2 2 2 2 2 2 2 2 2 2 2 2 2 2 2 2 2 2 2 2 2 2 2 2 2 2 2 2 2 2 2 2 2 2 2 1001 2 2 2 2 2 2 2 2 2 2 2 2 2 2 2 2 2 2 2 2 2 2 2 2 2 2 2 2 2 2 2 2 2 2 2 2 2 2 2 2 2 2 2 2 2 2 2 2 2 2 2 2 2 2 2 2 2 2 2 2 2 2 2 2 2 2 2 2 2 2 2 2 2 2 2 2 2 2 2 2 2 2 2 2 2 2 2 2 2 2 2 2 2 2 2 2 2 2 2 2 2 2 2 2 2 2 2 2 2 2 2 2 2 2 2 2 2 2 2 2 2 2 2 2 2 2 2 2 2 2 2 2 2 2 2 2 2 2 2 2 2 2 2 2 2 2 2 2 2 2 2 2
-1 0 1 2 -2 -1 0 1 2 -2 -1 0 1 2 -2 -1 0 1 2 -2 -1 0 1 2 -2 -1 0 1 2 -2 -1 0 1 2 -2 -1 0 1 2 -2 -1 0 1 2 -2 -1 0 1 2 -2 -1 0 1 2 -2 -1 0 1 2 -2 -1 0 1 2 -2 -1 0 1 2 -2 -1 0 1 2 -2 -1 0 1 2 -2 -1 0 1 2 -2 -1 0 1 2 -2 -1 0 1 2 -2 -1 0 1 2 -2 -1 0 1 2 -2 -1 0 1 2 -2 -1 0 1 2 -2 -1 0 1 2 -2 -1 0 1 2 -2 -1 0 1 2 -2 -1 0 1 2 -2 -1 0 1 2 -2 -1 0 1 2 -2 -1 0 1 2 -2 -1 0 1 2 -2 -1 0 1 2 -2 -1 0 1 2 -2 -1 0 1 2 -2 -1 0 1 2 -2 -1 0 1 2 -2 -1 0 1 2 -2 -1 0 1 2 -2 -1 0 1 2 -2 -1 0 1 2 -2 -1 0 1 2 -2 -1 0 1 2 -2 -1 0 1 2 -2 -1 0 1 2 -2 -1 0 1 2 -2 -1 0 1 2 -2 -1 0 1 2 -2 -1 0 1 2 -2 -1 0 1 2 -2 -1 0 1 2 -2 -1 0 1 2 -2 -1 0 1 2 -2 -1 0 1 2 -2 -1 0 1 2 -2 -1 0 1 2 -2 -1 0 1 2 -2 -1 0 1 2 -2 -1 0 1 2 -2 -1 0 1 2 -2 -1 0 1 2 -2 -1 0 1 2 -2 -1 0 1 2 -2 -1 0 1 2 -2 -1 0 1 2 -2 -1 0 1 2 -2 -1 0 1 2 -2 -1 0 1 2 -2 -1 0 1 2 -2 -1 0 1 2 -2 -1 0 1 601 -2 -1 0 1 2 -2 -1 0 1 2 -2 -1 0 1 2 -2 -1 0 1 2 -2 -1 0 1 2 -2 -1 0 1 2 -2 -1 0 1 2 -2 -1 0 1 2 -2 -1 0 1 2 -2 -1 0 1 2 -2 -1 0 1 2 -2 -1 0 1 2 -2 -1 0 1 2 -2 -1 0 1 2 -2 -1 0 1 2 -2 -1 0 1 2 -2 -1 0 1 2 -2 -1 0 1 2 -2 -1 0 1 2 -2 -1 0 1 2 -2 -1 0 1 2 -2 -1 0 1 2 -2 -1 0 1 2 -2 -1 0 1 2 -2 -1 0 1 2 -2 -1 0 1 2 -2 -1 0 1 2 -2 -1 0 1 2 -2 -1 0 1 2 -2 -1 0 1 2 -2
1 -2 0 2 -1 1 -2 0 2 -1 1 -2 0 2 -1 1 -2 0 2 -1 1 -2 0 2 -1 1 -2 0 2 -1 1 -2 0 2 -1 1 -2 0 2 -1 1 -2 0 2 -1 1 -2 0 2 -1 1 -2 0 2 -1 1 -2 0 2 -1 1 -2 0 2 -1 1 -2 0 2 -1 1 -2 0 2 -1 1 -2 0 2 -1 1 -2 0 2 -1 1 -2 0 2 -1 1 -2 0 2 -1 1 -2 0 2 -1 1 -2 0 2 -1 1 -2 0 2 -1 1 -2 0 2 -1 1 -2 0 2 -1 1 -2 0 2 -1 1 -2 0 2 -1 1 -2 0 2 -1 1 -2 0 2 -1 1 -2 0 2 -1 1 -2 0 2 -1 1 -2 0 2 -1 1 -2 0 2 -1 1 -2 0 2 -1 1 -2 0 2 -1 1 -2 0 2 -1 1 -2 0 2 -1 1 -2 0 2 -1 1 -2 0 2 -1 1 -2 0 2 -1 1 -2 0 2 -1 1 -2 0 2 -1 1 -2 0 2 -1 1 -2 0 2 -1 1 -2 0 2 -1 1 -2 0 2 -1 1 -2 0 2 -1 1 -2 0 2 -1 1 -2 0 2 -1 1 -2 0 2 -1 1 -2 0 2 -1 1 -2 0 2 -1 1 -2 0 2 -1 1 -2 0 2 -1 1 -2 0 2 -1 1 -2 0 2 -1 1 -2 0 2 -1 1 -2 0 2 -1 1 -2 0 2 -1 1 -2 0 2 -1 1 -2 0 2 -1 1 -2 0 2 -1 1 -2 0 2 -1 1 -2 0 2 -1 1 -2 0 2 -1 1 -2 0 2 -1 1 -2 0 2 -1 1 -2 0 2 -1 1 -2 0 2 -1 1 -2 0 2 -1 1 -2 0 2 602 1 -2 0 2 -1 1 -2 0 2 -1 1 -2 0 2 -1 1 -2 0 2 -1 1 -2 0 2 -1 1 -2 0 2 -1 1 -2 0 2 -1 1 -2 0 2 -1 1 -2 0 2 -1 1 -2 0 2 -1 1 -2 0 2 -1 1 -2 0 2 -1 1 -2 0 2 -1 1 -2 0 2 -1 1 -2 0 2 -1 1 -2 0 2 -1 1 -2 0 2 -1 1 -2 0 2 -1 1 -2 0 2 -1 1 -2 0 2 -1 1 -2 0 2 -1 1 -2 0 2 -1 1 -2 0 2 -1 1 -2 0 2 -1 1 -2 0 2 -1 1 -2 0 2 -1 1 -2 0 2 -1 1 -2 0 2 -1 1 -2 0 2 -1 1 -2 0 2 -1
-2 1 -1 2 0 -2 1 -1 2 0 -2 1 -1 2 0 -2 1 -1 2 0 -2 1 -1 2 0 -2 1 -1 2 0 -2 1 -1 2 0 -2 1 -1 2 0 -2 1 -1 2 0 -2 1 -1 2 0 -2 1 -1 2 0 -2 1 -1 2 0 -2 1 -1 2 0 -2 1 -1 2 0 -2 1 -1 2 0 -2 1 -1 2 0 -2 1 -1 2 0 -2 1 -1 2 0 -2 1 -1 2 0 -2 1 -1 2 0 -2 1 -1 2 0 -2 1 -1 2 0 -2 1 -1 2 0 -2 1 -1 2 0 -2 1 -1 2 0 -2 1 -1 2 0 -2 1 -1 2 0 -2 1 -1 2 0 -2 1 -1 2 0 -2 1 -1 2 0 -2 1 -1 2 0 -2 1 -1 2 0 -2 1 -1 2 0 -2 1 -1 2 0 -2 1 -1 2 0 -2 1 -1 2 0 -2 1 -1 2 0 -2 1 -1 2 0 -2 1 -1 2 0 -2 1 -1 2 0 -2 1 -1 2 0 -2 1 -1 2 0 -2 1 -1 2 0 -2 1 -1 2 0 -2 1 -1 2 0 -2 1 -1 2 0 -2 1 -1 2 0 -2 1 -1 2 0 -2 1 -1 2 0 -2 1 -1 2 0 -2 1 -1 2 0 -2 1 -1 2 0 -2 1 -1 2 0 -2 1 -1 2 0 -2 1 -1 2 0 -2 1 -1 2 0 -2 1 -1 2 0 -2 1 -1 2 0 -2 1 -1 2 0 -2 1 -1 2 0 -2 1 -1 2 0 -2 1 -1 2 0 -2 1 -1 2 0 -2 1 -1 2 0 -2 1 -1 2 0 -2 1 -1 2 0 -2 1 -1 2 0 -2 1 -1 2 0 -2 1 -1 2 0 -2 1 -1 2 0 601 1 -1 2 0 -2 1 -1 2 0 -2 1 -1 2 0 -2 1 -1 2 0 -2 1 -1 2 0 -2 1 -1 2 0 -2 1 -1 2 0 -2 1 -1 2 0 -2 1 -1 2 0 -2 1 -1 2 0 -2 1 -1 2 0 -2 1 -1 2 0 -2 1 -1 2 0 -2 1 -1 2 0 -2 1 -1 2 0 -2 1 -1 2 0 -2 1 -1 2 0 -2 1 -1 2 0 -2 1 -1 2 0 -2 1 -1 2 0 -2 1 -1 2 0 -2 1 -1 2 0 -2 1 -1 2 0 -2 1 -1 2 0 -2 1 -1 2 0 -2 1 -1 2 0 -2 1 -1 2 0 -2 1 -1 2 0 -2 1 -1 2 0 -2 1 -1 2 0
0 -1 -2 2 1 0 -1 -2 2 1 0 -1 -2 2 1 0 -1 -2 2 1 0 -1 -2 2 1 0 -1 -2 2 1 0 -1 -2 2 1 0 -1 -2 2 1 0 -1 -2 2 1 0 -1 -2 2 1 0 -1 -2 2 1 0 -1 -2 2 1 0 -1 -2 2 1 0 -1 -2 2 1 0 -1 -2 2 1 0 -1 -2 2 1 0 -1 -2 2 1 0 -1 -2 2 1 0 -1 -2 2 1 0 -1 -2 2 1 0 -1 -2 2 1 0 -1 -2 2 1 0 -1 -2 2 1 0 -1 -2 2 1 0 -1 -2 2 1 0 -1 -2 2 1 0 -1 -2 2 1 0 -1 -2 2 1 0 -1 -2 2 1 0 -1 -2 2 1 0 -1 -2 2 1 0 -1 -2 2 1 0 -1 -2 2 1 0 -1 -2 2 1 0 -1 -2 2 1 0 -1 -2 2 1 0 -1 -2 2 1 0 -1 -2 2 1 0 -1 -2 2 1 0 -1 -2 2 1 0 -1 -2 2 1 0 -1 -2 2 1 0 -1 -2 2 1 0 -1 -2 2 1 0 -1 -2 2 1 0 -1 -2 2 1 0 -1 -2 2 1 0 -1 -2 2 1 0 -1 -2 2 1 0 -1 -2 2 1 0 -1 -2 2 1 0 -1 -2 2 1 0 -1 -2 2 1 0 -1 -2 2 1 0 -1 -2 2 1 0 -1 -2 2 1 0 -1 -2 2 1 0 -1 -2 2 1 0 -1 -2 2 1 0 -1 -2 2 1 0 -1 -2 2 1 0 -1 -2 2 1 0 -1 -2 2 1 0 -1 -2 2 1 0 -1 -2 2 1 0 -1 -2 2 1 0 -1 -2 2 1 0 -1 -2 2 1 0 -1 -2 2 1 0 -1 -2 2 1 0 602 -2 2 1 0 -1 -2 2 1 0 -1 -2 2 1 0 -1 -2 2 1 0 -1 -2 2 1 0 -1 -2 2 1 0 -1 -2 2 1 0 -1 -2 2 1 0 -1 -2 2 1 0 -1 -2 2 1 0 -1 -2 2 1 0 -1 -2 2 1 0 -1 -2 2 1 0 -1 -2 2 1 0 -1 -2 2 1 0 -1 -2 2 1 0 -1 -2 2 1 0 -1 -2 2 1 0 -1 -2 2 1 0 -1 -2 2 1 0 -1 -2 2 1 0 -1 -2 2 1 0 -1 -2 2 1 0 -1 -2 2 1 0 -1 -2 2 1 0 -1 -2 2 1 0 -1 -2 2 1 0 -1 -2 2 1 0 -1 -2 2 1 0 -1 -2 2 1
2 2 2 2 2 2 2 2 2 2 2 2 2 2 2 2 2 2 2 2 2 2 2 2 2 2 2 2 2 2 2 2 2 2 2 2 2 2 2 2 2 2 2 2 2 2 2 2 2 2 2 2 2 2 2 2 2 2 2 2 2 2 2 2 2 2 2 2 2 2 2 2 2 2 2 2 2 2 2 2 2 2 2 2 2 2 2 2 2 2 2 2 2 2 2 2 2 2 2 2 2 2 2 2 2 2 2 2 2 2 2 2 2 2 2 2 2 2 2 2 2 2 2 2 2 2 2 2 2 2 2 2 2 2 2 2 2 2 2 2 2 2 2 2 2 2 2 2 2 2 2 2 2 2 2 2 2 2 2 2 2 2 2 2 2 2 2 2 2 2 2 2 2 2 2 2 2 2 2 2 2 2 2 2 2 2 2 2 2 2 2 2 2 2 2 2 2 2 2 2 2 2 2 2 2 2 2 2 2 2 2 2 2 2 2 2 2 2 2 2 2 2 2 2 2 2 2 2 2 2 2 2 2 2 2 2 2 2 2 2 2 2 2 2 2 2 2 2 2 2 2 2 2 2 2 2 2 2 2 2 2 2 2 2 2 2 2 2 2 2 2 2 2 2 2 2 2 2 2 2 2 2 2 2 2 2 2 2 2 2 2 2 2 2 2 2 2 2 2 2 2 2 2 2 2 2 2 2 2 2 2 2 2 2 2 2 2 2 2 2 2 2 2 2 2 2 2 2 2 2 2 2 2 2 2 2 2 2 2 2 2 2 2 2 2 2 2 2 2 2 2 2 1001 2 2 2 2 2 2 2 2 2 2 2 2 2 2 2 2 2 2 2 2 2 2 2 2 2 2 2 2 2 2 2 2 2 2 2 2 2 2 2 2 2 2 2 2 2 2 2 2 2 2 2 2 2 2 2 2 2 2 2 2 2 2 2 2 2 2 2 2 2 2 2 2 2 2 2 2 2 2 2 2 2 2 2 2 2 2 2 2 2 2 2 2 2 2 2 2 2 2 2 2 2 2 2 2 2 2 2 2 2 2 2 2 2 2 2 2 2 2 2 2 2 2 2 2 2 2 2 2 2 2 2 2 2 2 2 2 2 2 2 2 2 2 2 2 2 2 2
-1 0 1 2 -2 -1 0 1 2 -2 -1 0 1 2 -2 -1 0 1 2 -2 -1 0 1 2 -2 -1 0 1 2 -2 -1 0 1 2 -2 -1 0 1 2 -2 -1 0 1 2 -2 -1 0 1 2 -2 -1 0 1 2 -2 -1 0 1 2 -2 -1 0 1 2 -2 -1 0 1 2 -2 -1 0 1 2 -2 -1 0 1 2 -2 -1 0 1 2 -2 -1 0 1 2 -2 -1 0 1 2 -2 -1 0 1 2 -2 -1 0 1 2 -2 -1 0 1 2 -2 -1 0 1 2 -2 -1 0 1 2 -2 -1 0 1 2 -2 -1 0 1 2 -2 -1 0 1 2 -2 -1 0 1 2 -2 -1 0 1 2 -2 -1 0 1 2 -2 -1 0 1 2 -2 -1 0 1 2 -2 -1 0 1 2 -2 -1 0 1 2 -2 -1 0 1 2 -2 -1 0 1 2 -2 -1 0 1 2 -2 -1 0 1 2 -2 -1 0 1 2 -2 -1 0 1 2 -2 -1 0 1 2 -2 -1 0 1 2 -2 -1 0 1 2 -2 -1 0 1 2 -2 -1 0 1 2 -2 -1 0 1 2 -2 -1 0 1 2 -2 -1 0 1 2 -2 -1 0 1 2 -2 -1 0 1 2 -2 -1 0 1 2 -2 -1 0 1 2 -2 -1 0 1 2 -2 -1 0 1 2 -2 -1 0 1 2 -2 -1 0 1 2 -2 -1 0 1 2 -2 -1 0 1 2 -2 -1 0 1 2 -2 -1 0 1 2 -2 -1 0 1 2 -2 -1 0 1 2 -2 -1 0 1 2 -2 -1 0 1 2 -2 -1 0 1 2 -2 -1 0 1 2 -2 -1 0 1 2 -2 -1 0 1 2 -2 -1 0 1 2 -2 -1 0 1 2 -2 -1 0 1 601 -2 -1 0 1 2 -2 -1 0 1 2 -2 -1 0 1 2 -2 -1 0 1 2 -2 -1 0 1 2 -2 -1 0 1 2 -2 -1 0 1 2 -2 -1 0 1 2 -2 -1 0 1 2 -2 -1 0 1 2 -2 -1 0 1 2 -2 -1 0 1 2 -2 -1 0 1 2 -2 -1 0 1 2 -2 -1 0 1 2 -2 -1 0 1 2 -2 -1 0 1 2 -2 -1 0 1 2 -2 -1 0 1 2 -2 -1 0 1 2 -2 -1 0 1 2 -2 -1 0 1 2 -2 -1 0 1 2 -2 -1 0 1 2 -2 -1 0 1 2 -2 -1 0 1 2 -2 -1 0 1 2 -2 -1 0 1 2 -2 -1 0 1 2 -2
1 -2 0 2 -1 1 -2 0 2 -1 1 -2 0 2 -1 1 -2 0 2 -1 1 -2 0 2 -1 1 -2 0 2 -1 1 -2 0 2 -1 1 -2 0 2 -1 1 -2 0 2 -1 1 -2 0 2 -1 1 -2 0 2 -1 1 -2 0 2 -1 1 -2 0 2 -1 1 -2 0 2 -1 1 -2 0 2 -1 1 -2 0 2 -1 1 -2 0 2 -1 1 -2 0 2 -1 1 -2 0 2 -1 1 -2 0 2 -1 1 -2 0 2 -1 1 -2 0 2 -1 1 -2 0 2 -1 1 -2 0 2 -1 1 -2 0 2 -1 1 -2 0 2 -1 1 -2 0 2 -1 1 -2 0 2 -1 1 -2 0 2 -1 1 -2 0 2 -1 1 -2 0 2 -1 1 -2 0 2 -1 1 -2 0 2 -1 1 -2 0 2 -1 1 -2 0 2 -1 1 -2 0 2 -1 1 -2 0 2 -1 1 -2 0 2 -1 1 -2 0 2 -1 1 -2 0 2 -1 1 -2 0 2 -1 1 -2 0 2 -1 1 -2 0 2 -1 1 -2 0 2 -1 1 -2 0 2 -1 1 -2 0 2 -1 1 -2 0 2 -1 1 -2 0 2 -1 1 -2 0 2 -1 1 -2 0 2 -1 1 -2 0 2 -1 1 -2 0 2 -1 1 -2 0 2 -1 1 -2 0 2 -1 1 -2 0 2 -1 1 -2 0 2 -1 1 -2 0 2 -1 1 -2 0 2 -1 1 -2 0 2 -1 1 -2 0 2 -1 1 -2 0 2 -1 1 -2 0 2 -1 1 -2 0 2 -1 1 -2 0 2 -1 1 -2 0 2 -1 1 -2 0 2 -1 1 -2 0 2 -1 1 -2 0 2 -1 1 -2 0 2 -1 1 -2 0 2 -1 1 -2 0 2 602 1 -2 0 2 -1 1 -2 0 2 -1 1 -2 0 2 -1 1 -2 0 2 -1 1 -2 0 2 -1 1 -2 0 2 -1 1 -2 0 2 -1 1 -2 0 2 -1 1 -2 0 2 -1 1 -2 0 2 -1 1 -2 0 2 -1 1 -2 0 2 -1 1 -2 0 2 -1 1 -2 0 2 -1 1 -2 0 2 -1 1 -2 0 2 -1 1 -2 0 2 -1 1 -2 0 2 -1 1 -2 0 2 -1 1 -2 0 2 -1 1 -2 0 2 -1 1 -2 0 2 -1 1 -2 0 2 -1 1 -2 0 2 -1 1 -2 0 2 -1 1 -2 0 2 -1 1 -2 0 2 -1 1 -2 0 2 -1 1 -2 0 2 -1
-2 1 -1 2 0 -2 1 -1 2 0 -2 1 -1 2 0 -2 1 -1 2 0 -2 1 -1 2 0 -2 1 -1 2 0 -2 1 -1 2 0 -2 1 -1 2 0 -2 1 -1 2 0 -2 1 -1 2 0 -2 1 -1 2 0 -2 1 -1 2 0 -2 1 -1 2 0 -2 1 -1 2 0 -2 1 -1 2 0 -2 1 -1 2 0 -2 1 -1 2 0 -2 1 -1 2 0 -2 1 -1 2 0 -2 1 -1 2 0 -2 1 -1 2 0 -2 1 -1 2 0 -2 1 -1 2 0 -2 1 -1 2 0 -2 1 -1 2 0 -2 1 -1 2 0 -2 1 -1 2 0 -2 1 -1 2 0 -2 1 -1 2 0 -2 1 -1 2 0 -2 1 -1 2 0 -2 1 -1 2 0 -2 1 -1 2 0 -2 1 -1 2 0 -2 1 -1 2 0 -2 1 -1 2 0 -2 1 -1 2 0 -2 1 -1 2 0 -2 1 -1 2 0 -2 1 -1 2 0 -2 1 -1 2 0 -2 1 -1 2 0 -2 1 -1 2 0 -2 1 -1 2 0 -2 1 -1 2 0 -2 1 -1 2 0 -2 1 -1 2 0 -2 1 -1 2 0 -2 1 -1 2 0 -2 1 -1 2 0 -2 1 -1 2 0 -2 1 -1 2 0 -2 1 -1 2 0 -2 1 -1 2 0 -2 1 -1 2 0 -2 1 -1 2 0 -2 1 -1 2 0 -2 1 -1 2 0 -2 1 -1 2 0 -2 1 -1 2 0 -2 1 -1 2 0 -2 1 -1 2 0 -2 1 -1 2 0 -2 1 -1 2 0 -2 1 -1 2 0 -2 1 -1 2 0 -2 1 -1 2 0 -2 1 -1 2 0 -2 1 -1 2 0 -2 1 -1 2 0 -2 1 -1 2 0 601 1 -1 2 0 -2 1 -1 2 0 -2 1 -1 2 0 -2 1 -1 2 0 -2 1 -1 2 0 -2 1 -1 2 0 -2 1 -1 2 0 -2 1 -1 2 0 -2 1 -1 2 0 -2 1 -1 2 0 -2 1 -1 2 0 -2 1 -1 2 0 -2 1 -1 2 0 -2 1 -1 2 0 -2 1 -1 2 0 -2 1 -1 2 0 -2 1 -1 2 0 -2 1 -1 2 0 -2 1 -1 2 0 -2 1 -1 2 0 -2 1 -1 2 0 -2 1 -1 2 0 -2 1 -1 2 0 -2 1 -1 2 0 -2 1 -1 2 0 -2 1 -1 2 0 -2 1 -1 2 0 -2 1 -1 2 0 -2 1 -1 2 0
0 -1 -2 2 1 0 -1 -2 2 1 0 -1 -2 2 1 0 -1 -2 2 1 0 -1 -2 2 1 0 -1 -2 2 1 0 -1 -2 2 1 0 -1 -2 2 1 0 -1 -2 2 1 0 -1 -2 2 1 0 -1 -2 2 1 0 -1 -2 2 1 0 -1 -2 2 1 0 -1 -2 2 1 0 -1 -2 2 1 0 -1 -2 2 1 0 -1 -2 2 1 0 -1 -2 2 1 0 -1 -2 2 1 0 -1 -2 2 1 0 -1 -2 2 1 0 -1 -2 2 1 0 -1 -2 2 1 0 -1 -2 2 1 0 -1 -2 2 1 0 -1 -2 2 1 0 -1 -2 2 1 0 -1 -2 2 1 0 -1 -2 2 1 0 -1 -2 2 1 0 -1 -2 2 1 0 -1 -2 2 1 0 -1 -2 2 1 0 -1 -2 2 1 0 -1 -2 2 1 0 -1 -2 2 1 0 -1 -2 2 1 0 -1 -2 2 1 0 -1 -2 2 1 0 -1 -2 2 1 0 -1 -2 2 1 0 -1 -2 2 1 0 -1 -2 2 1 0 -1 -2 2 1 0 -1 -2 2 1 0 -1 -2 2 1 0 -1 -2 2 1 0 -1 -2 2 1 0 -1 -2 2 1 0 -1 -2 2 1 0 -1 -2 2 1 0 -1 -2 2 1 0 -1 -2 2 1 0 -1 -2 2 1 0 -1 -2 2 1 0 -1 -2 2 1 0 -1 -2 2 1 0 -1 -2 2 1 0 -1 -2 2 1 0 -1 -2 2 1 0 -1 -2 2 1 0 -1 -2 2 1 0 -1 -2 2 1 0 -1 -2 2 1 0 -1 -2 2 1 0 -1 -2 2 1 0 -1 -2 2 1 0 -1 -2 2 1 0 -1 -2 2 1 0 -1 -2 2 1 0 -1 -2 2 1 0 602 -2 2 1 0 -1 -2 2 1 0 -1 -2 2 1 0 -1 -2 2 1 0 -1 -2 2 1 0 -1 -2 2 1 0 -1 -2 2 1 0 -1 -2 2 1 0 -1 -2 2 1 0 -1 -2 2 1 0 -1 -2 2 1 0 -1 -2 2 1 0 -1 -2 2 1 0 -1 -2 2 1 0 -1 -2 2 1 0 -1 -2 2 1 0 -1 -2 2 1 0 -1 -2 2 1 0 -1 -2 2 1 0 -1 -2 2 1 0 -1 -2 2 1 0 -1 -2 2 1 0 -1 -2 2 1 0 -1 -2 2 1 0 -1 -2 2 1 0 -1 -2 2 1 0 -1 -2 2 1 0 -1 -2 2 1 0 -1 -2 2 1
2 2 2 2 2 2 2 2 2 2 2 2 2 2 2 2 2 2 2 2 2 2 2 2 2 2 2 2 2 2 2 2 2 2 2 2 2 2 2 2 2 2 2 2 2 2 2 2 2 2 2 2 2 2 2 2 2 2 2 2 2 2 2 2 2 2 2 2 2 2 2 2 2 2 2 2 2 2 2 2 2 2 2 2 2 2 2 2 2 2 2 2 2 2 2 2 2 2 2 2 2 2 2 2 2 2 2 2 2 2 2 2 2 2 2 2 2 2 2 2 2 2 2 2 2 2 2 2 2 2 2 2 2 2 2 2 2 2 2 2 2 2 2 2 2 2 2 2 2 2 2 2 2 2 2 2 2 2 2 2 2 2 2 2 2 2 2 2 2 2 2 2 2 2 2 2 2 2 2 2 2 2 2 2 2 2 2 2 2 2 2 2 2 2 2 2 2 2 2 2 2 2 2 2 2 2 2 2 2 2 2 2 2 2 2 2 2 2 2 2 2 2 2 2 2 2 2 2 2 2 2 2 2 2 2 2 2 2 2 2 2 2 2 2 2 2 2 2 2 2 2 2 2 2 2 2 2 2 2 2 2 2 2 2 2 2 2 2 2 2 2 2 2 2 2 2 2 2 2 2 2 2 2 2 2 2 2 2 2 2 2 2 2 2 2 2 2 2 2 2 2 2 2 2 2 2 2 2 2 2 2 2 2 2 2 2 2 2 2 2 2 2 2 2 2 2 2 2 2 2 2 2 2 2 2 2 2 2 2 2 2 2 2 2 2 2 2 2 2 2 2 2 2 2 2 2 2 1001 2 2 2 2 2 2 2 2 2 2 2 2 2 2 2 2 2 2 2 2 2 2 2 2 2 2 2 2 2 2 2 2 2 2 2 2 2 2 2 2 2 2 2 2 2 2 2 2 2 2 2 2 2 2 2 2 2 2 2 2 2 2 2 2 2 2 2 2 2 2 2 2 2 2 2 2 2 2 2 2 2 2 2 2 2 2 2 2 2 2 2 2 2 2 2 2 2 2 2 2 2 2 2 2 2 2 2 2 2 2 2 2 2 2 2 2 2 2 2 2 2 2 2 2 2 2 2 2 2 2 2 2 2 2 2 2 2 2 2 2 2 2
-1 0 1 2 -2 -1 0 1 2 -2 -1 0 1 2 -2 -1 0 1 2 -2 -1 0 1 2 -2 -1 0 1 2 -2 -1 0 1 2 -2 -1 0 1 2 -2 -1 0 1 2 -2 -1 0 1 2 -2 -1 0 1 2 -2 -1 0 1 2 -2 -1 0 1 2 -2 -1 0 1 2 -2 -1 0 1 2 -2 -1 0 1 2 -2 -1 0 1 2 -2 -1 0 1 2 -2 -1 0 1 2 -2 -1 0 1 2 -2 -1 0 1 2 -2 -1 0 1 2 -2 -1 0 1 2 -2 -1 0 1 2 -2 -1 0 1 2 -2 -1 0 1 2 -2 -1 0 1 2 -2 -1 0 1 2 -2 -1 0 1 2 -2 -1 0 1 2 -2 -1 0 1 2 -2 -1 0 1 2 -2 -1 0 1 2 -2 -1 0 1 2 -2 -1 0 1 2 -2 -1 0 1 2 -2 -1 0 1 2 -2 -1 0 1 2 -2 -1 0 1 2 -2 -1 0 1 2 -2 -1 0 1 2 -2 -1 0 1 2 -2 -1 0 1 2 -2 -1 0 1 2 -2 -1 0 1 2 -2 -1 0 1 2 -2 -1 0 1 2 -2 -1 0 1 2 -2 -1 0 1 2 -2 -1 0 1 2 -2 -1 0 1 2 -2 -1 0 1 2 -2 -1 0 1 2 -2 -1 0 1 2 -2 -1 0 1 2 -2 -1 0 1 2 -2 -1 0 1 2 -2 -1 0 1 2 -2 -1 0 1 2 -2 -1 0 1 2 -2 -1 0 1 2 -2 -1 0 1 2 -2 -1 0 1 2 -2 -1 0 1 2 -2 -1 0 1 2 -2 -1 0 1 2 -2 -1 0 1 2 -2 -1 0 1 2 -2 -1 0 1 2 -2 -1 0 1 2 -2 -1 0 1 2 -2 -1 0 1 601 -2 -1 0 1 2 -2 -1 0 1 2 -2 -1 0 1 2 -2 -1 0 1 2 -2 -1 0 1 2 -2 -1 0 1 2 -2 -1 0 1 2 -2 -1 0 1 2 -2 -1 0 1 2 -2 -1 0 1 2 -2 -1 0 1 2 -2 -1 0 1 2 -2 -1 0 1 2 -2 -1 0 1 2 -2 -1 0 1 2 -2 -1 0 1 2 -2 -1 0 1 2 -2 -1 0 1 2 -2 -1 0 1 2 -2 -1 0 1 2 -2 -1 0 1 2 -2 -1 0 1 2 -2 -1 0 1 2 -2 -1 0 1 2 -2 -1 0 1 2 -2 -1 0 1 2 -2 -1 0 1 2 -2 -1 0 1 2 -2
1 -2 0 2 -1 1 -2 0 2 -1 1 -2 0 2 -1 1 -2 0 2 -1 1 -2 0 2 -1 1 -2 0 2 -1 1 -2 0 2 -1 1 -2 0 2 -1 1 -2 0 2 -1 1 -2 0 2 -1 1 -2 0 2 -1 1 -2 0 2 -1 1 -2 0 2 -1 1 -2 0 2 -1 1 -2 0 2 -1 1 -2 0 2 -1 1 -2 0 2 -1 1 -2 0 2 -1 1 -2 0 2 -1 1 -2 0 2 -1 1 -2 0 2 -1 1 -2 0 2 -1 1 -2 0 2 -1 1 -2 0 2 -1 1 -2 0 2 -1 1 -2 0 2 -1 1 -2 0 2 -1 1 -2 0 2 -1 1 -2 0 2 -1 1 -2 0 2 -1 1 -2 0 2 -1 1 -2 0 2 -1 1 -2 0 2 -1 1 -2 0 2 -1 1 -2 0 2 -1 1 -2 0 2 -1 1 -2 0 2 -1 1 -2 0 2 -1 1 -2 0 2 -1 1 -2 0 2 -1 1 -2 0 2 -1 1 -2 0 2 -1 1 -2 0 2 -1 1 -2 0 2 -1 1 -2 0 2 -1 1 -2 0 2 -1 1 -2 0 2 -1 1 -2 0 2 -1 1 -2 0 2 -1 1 -2 0 2 -1 1 -2 0 2 -1 1 -2 0 2 -1 1 -2 0 2 -1 1 -2 0 2 -1 1 -2 0 2 -1 1 -2 0 2 -1 1 -2 0 2 -1 1 -2 0 2 -1 1 -2 0 2 -1 1 -2 0 2 -1 1 -2 0 2 -1 1 -2 0 2 -1 1 -2 0 2 -1 1 -2 0 2 -1 1 -2 0 2 -1 1 -2 0 2 -1 1 -2 0 2 -1 1 -2 0 2 -1 1 -2 0 2 -1 1 -2 0 2 -1 1 -2 0 2 -1 1 -2 0 2 602 1 -2 0 2 -1 1 -2 0 2 -1 1 -2 0 2 -1 1 -2 0 2 -1 1 -2 0 2 -1 1 -2 0 2 -1 1 -2 0 2 -1 1 -2 0 2 -1 1 -2 0 2 -1 1 -2 0 2 -1 1 -2 0 2 -1 1 -2 0 2 -1 1 -2 0 2 -1 1 -2 0 2 -1 1 -2 0 2 -1 1 -2 0 2 -1 1 -2 0 2 -1 1 -2 0 2 -1 1 -2 0 2 -1 1 -2 0 2 -1 1 -2 0 2 -1 1 -2 0 2 -1 1 -2 0 2 -1 1 -2 0 2 -1 1 -2 0 2 -1 1 -2 0 2 -1 1 -2 0 2 -1 1 -2 0 2 -1
-2 1 -1 2 0 -2 1 -1 2 0 -2 1 -1 2 0 -2 1 -1 2 0 -2 1 -1 2 0 -2 1 -1 2 0 -2 1 -1 2 0 -2 1 -1 2 0 -2 1 -1 2 0 -2 1 -1 2 0 -2 1 -1 2 0 -2 1 -1 2 0 -2 1 -1 2 0 -2 1 -1 2 0 -2 1 -1 2 0 -2 1 -1 2 0 -2 1 -1 2 0 -2 1 -1 2 0 -2 1 -1 2 0 -2 1 -1 2 0 -2 1 -1 2 0 -2 1 -1 2 0 -2 1 -1 2 0 -2 1 -1 2 0 -2 1 -1 2 0 -2 1 -1 2 0 -2 1 -1 2 0 -2 1 -1 2 0 -2 1 -1 2 0 -2 1 -1 2 0 -2 1 -1 2 0 -2 1 -1 2 0 -2 1 -1 2 0 -2 1 -1 2 0 -2 1 -1 2 0 -2 1 -1 2 0 -2 1 -1 2 0 -2 1 -1 2 0 -2 1 -1 2 0 -2 1 -1 2 0 -2 1 -1 2 0 -2 1 -1 2 0 -2 1 -1 2 0 -2 1 -1 2 0 -2 1 -1 2 0 -2 1 -1 2 0 -2 1 -1 2 0 -2 1 -1 2 0 -2 1 -1 2 0 -2 1 -1 2 0 -2 1 -1 2 0 -2 1 -1 2 0 -2 1 -1 2 0 -2 1 -1 2 0 -2 1 -1 2 0 -2 1 -1 2 0 -2 1 -1 2 0 -2 1 -1 2 0 -2 1 -1 2 0 -2 1 -1 2 0 -2 1 -1 2 0 -2 1 -1 2 0 -2 1 -1 2 0 -2 1 -1 2 0 -2 1 -1 2 0 -2 1 -1 2 0 -2 1 -1 2 0 -2 1 -1 2 0 -2 1 -1 2 0 -2 1 -1 2 0 -2 1 -1 2 0 -2 1 -1 2 0 601 1 -1 2 0 -2 1 -1 2 0 -2 1 -1 2 0 -2 1 -1 2 0 -2 1 -1 2 0 -2 1 -1 2 0 -2 1 -1 2 0 -2 1 -1 2 0 -2 1 -1 2 0 -2 1 -1 2 0 -2 1 -1 2 0 -2 1 -1 2 0 -2 1 -1 2 0 -2 1 -1 2 0 -2 1 -1 2 0 -2 1 -1 2 0 -2 1 -1 2 0 -2 1 -1 2 0 -2 1 -1 2 0 -2 1 -1 2 0 -2 1 -1 2 0 -2 1 -1 2 0 -2 1 -1 2 0 -2 1 -1 2 0 -2 1 -1 2 0 -2 1 -1 2 0 -2 1 -1 2 0 -2 1 -1 2 0
0 -1 -2 2 1 0 -1 -2 2 1 0 -1 -2 2 1 0 -1 -2 2 1 0 -1 -2 2 1 0 -1 -2 2 1 0 -1 -2 2 1 0 -1 -2 2 1 0 -1 -2 2 1 0 -1 -2 2 1 0 -1 -2 2 1 0 -1 -2 2 1 0 -1 -2 2 1 0 -1 -2 2 1 0 -1 -2 2 1 0 -1 -2 2 1 0 -1 -2 2 1 0 -1 -2 2 1 0 -1 -2 2 1 0 -1 -2 2 1 0 -1 -2 2 1 0 -1 -2 2 1 0 -1 -2 2 1 0 -1 -2 2 1 0 -1 -2 2 1 0 -1 -2 2 1 0 -1 -2 2 1 0 -1 -2 2 1 0 -1 -2 2 1 0 -1 -2 2 1 0 -1 -2 2 1 0 -1 -2 2 1 0 -1 -2 2 1 0 -1 -2 2 1 0 -1 -2 2 1 0 -1 -2 2 1 0 -1 -2 2 1 0 -1 -2 2 1 0 -1 -2 2 1 0 -1 -2 2 1 0 -1 -2 2 1 0 -1 -2 2 1 0 -1 -2 2 1 0 -1 -2 2 1 0 -1 -2 2 1 0 -1 -2 2 1 0 -1 -2 2 1 0 -1 -2 2 1 0 -1 -2 2 1 0 -1 -2 2 1 0 -1 -2 2 1 0 -1 -2 2 1 0 -1 -2 2 1 0 -1 -2 2 1 0 -1 -2 2 1 0 -1 -2 2 1 0 -1 -2 2 1 0 -1 -2 2 1 0 -1 -2 2 1 0 -1 -2 2 1 0 -1 -2 2 1 0 -1 -2 2 1 0 -1 -2 2 1 0 -1 -2 2 1 0 -1 -2 2 1 0 -1 -2 2 1 0 -1 -2 2 1 0 -1 -2 2 1 0 -1 -2 2 1 0 -1 -2 2 1 0 -1 -2 2 1 0 -1 -2 2 1 0 602 -2 2 1 0 -1 -2 2 1 0 -1 -2 2 1 0 -1 -2 2 1 0 -1 -2 2 1 0 -1 -2 2 1 0 -1 -2 2 1 0 -1 -2 2 1 0 -1 -2 2 1 0 -1 -2 2 1 0 -1 -2 2 1 0 -1 -2 2 1 0 -1 -2 2 1 0 -1 -2 2 1 0 -1 -2 2 1 0 -1 -2 2 1 0 -1 -2 2 1 0 -1 -2 2 1 0 -1 -2 2 1 0 -1 -2 2 1 0 -1 -2 2 1 0 -1 -2 2 1 0 -1 -2 2 1 0 -1 -2 2 1 0 -1 -2 2 1 0 -1 -2 2 1 0 -1 -2 2 1 0 -1 -2 2 1
2 2 2 2 2 2 2 2 2 2 2 2 2 2 2 2 2 2 2 2 2 2 2 2 2 2 2 2 2 2 2 2 2 2 2 2 2 2 2 2 2 2 2 2 2 2 2 2 2 2 2 2 2 2 2 2 2 2 2 2 2 2 2 2 2 2 2 2 2 2 2 2 2 2 2 2 2 2 2 2 2 2 2 2 2 2 2 2 2 2 2 2 2 2 2 2 2 2 2 2 2 2 2 2 2 2 2 2 2 2 2 2 2 2 2 2 2 2 2 2 2 2 2 2 2 2 2 2 2 2 2 2 2 2 2 2 2 2 2 2 2 2 2 2 2 2 2 2 2 2 2 2 2 2 2 2 2 2 2 2 2 2 2 2 2 2 2 2 2 2 2 2 2 2 2 2 2 2 2 2 2 2 2 2 2 2 2 2 2 2 2 2 2 2 2 2 2 2 2 2 2 2 2 2 2 2 2 2 2 2 2 2 2 2 2 2 2 2 2 2 2 2 2 2 2 2 2 2 2 2 2 2 2 2 2 2 2 2 2 2 2 2 2 2 2 2 2 2 2 2 2 2 2 2 2 2 2 2 2 2 2 2 2 2 2 2 2 2 2 2 2 2 2 2 2 2 2 2 2 2 2 2 2 2 2 2 2 2 2 2 2 2 2 2 2 2 2 2 2 2 2 2 2 2 2 2 2 2 2 2 2 2 2 2 2 2 2 2 2 2 2 2 2 2 2 2 2 2 2 2 2 2 2 2 2 2 2 2 2 2 2 2 2 2 2 2 2 2 2 2 2 2 2 2 2 2 2 2 2 2 2 2 1001 2 2 2 2 2 2 2 2 2 2 2 2 2 2 2 2 2 2 2 2 2 2 2 2 2 2 2 2 2 2 2 2 2 2 2 2 2 2 2 2 2 2 2 2 2 2 2 2 2 2 2 2 2 2 2 2 2 2 2 2 2 2 2 2 2 2 2 2 2 2 2 2 2 2 2 2 2 2 2 2 2 2 2 2 2 2 2 2 2 2 2 2 2 2 2 2 2 2 2 2 2 2 2 2 2 2 2 2 2 2 2 2 2 2 2 2 2 2 2 2 2 2 2 2 2 2 2 2 2 2 2 2 2 2 2 2 2
-1 0 1 2 -2 -1 0 1 2 -2 -1 0 1 2 -2 -1 0 1 2 -2 -1 0 1 2 -2 -1 0 1 2 -2 -1 0 1 2 -2 -1 0 1 2 -2 -1 0 1 2 -2 -1 0 1 2 -2 -1 0 1 2 -2 -1 0 1 2 -2 -1 0 1 2 -2 -1 0 1 2 -2 -1 0 1 2 -2 -1 0 1 2 -2 -1 0 1 2 -2 -1 0 1 2 -2 -1 0 1 2 -2 -1 0 1 2 -2 -1 0 1 2 -2 -1 0 1 2 -2 -1 0 1 2 -2 -1 0 1 2 -2 -1 0 1 2 -2 -1 0 1 2 -2 -1 0 1 2 -2 -1 0 1 2 -2 -1 0 1 2 -2 -1 0 1 2 -2 -1 0 1 2 -2 -1 0 1 2 -2 -1 0 1 2 -2 -1 0 1 2 -2 -1 0 1 2 -2 -1 0 1 2 -2 -1 0 1 2 -2 -1 0 1 2 -2 -1 0 1 2 -2 -1 0 1 2 -2 -1 0 1 2 -2 -1 0 1 2 -2 -1 0 1 2 -2 -1 0 1 2 -2 -1 0 1 2 -2 -1 0 1 2 -2 -1 0 1 2 -2 -1 0 1 2 -2 -1 0 1 2 -2 -1 0 1 2 -2 -1 0 1 2 -2 -1 0 1 2 -2 -1 0 1 2 -2 -1 0 1 2 -2 -1 0 1 2 -2 -1 0 1 2 -2 -1 0 1 2 -2 -1 0 1 2 -2 -1 0 1 2 -2 -1 0 1 2 -2 -1 0 1 2 -2 -1 0 1 2 -2 -1 0 1 2 -2 -1 0 1 2 -2 -1 0 1 2 -2 -1 0 1 2 -2 -1 0 1 2 -2 -1 0 1 2 -2 -1 0 1 2 -2 -1 0 1 2 -2 -1 0 1 2 -2 -1 0 1 2 -2 -1 0 1 601 -2 -1 0 1 2 -2 -1 0 1 2 -2 -1 0 1 2 -2 -1 0 1 2 -2 -1 0 1 2 -2 -1 0 1 2 -2 -1 0 1 2 -2 -1 0 1 2 -2 -1 0 1 2 -2 -1 0 1 2 -2 -1 0 1 2 -2 -1 0 1 2 -2 -1 0 1 2 -2 -1 0 1 2 -2 -1 0 1 2 -2 -1 0 1 2 -2 -1 0 1 2 -2 -1 0 1 2 -2 -1 0 1 2 -2 -1 0 1 2 -2 -1 0 1 2 -2 -1 0 1 2 -2 -1 0 1 2 -2 -1 0 1 2 -2 -1 0 1 2 -2 -1 0 1 2 -2 -1 0 1 2 -2
1 -2 0 2 -1 1 -2 0 2 -1 1 -2 0 2 -1 1 -2 0 2 -1 1 -2 0 2 -1 1 -2 0 2 -1 1 -2 0 2 -1 1 -2 0 2 -1 1 -2 0 2 -1 1 -2 0 2 -1 1 -2 0 2 -1 1 -2 0 2 -1 1 -2 0 2 -1 1 -2 0 2 -1 1 -2 0 2 -1 1 -2 0 2 -1 1 -2 0 2 -1 1 -2 0 2 -1 1 -2 0 2 -1 1 -2 0 2 -1 1 -2 0 2 -1 1 -2 0 2 -1 1 -2 0 2 -1 1 -2 0 2 -1 1 -2 0 2 -1 1 -2 0 2 -1 1 -2 0 2 -1 1 -2 0 2 -1 1 -2 0 2 -1 1 -2 0 2 -1 1 -2 0 2 -1 1 -2 0 2 -1 1 -2 0 2 -1 1 -2 0 2 -1 1 -2 0 2 -1 1 -2 0 2 -1 1 -2 0 2 -1 1 -2 0 2 -1 1 -2 0 2 -1 1 -2 0 2 -1 1 -2 0 2 -1 1 -2 0 2 -1 1 -2 0 2 -1 1 -2 0 2 -1 1 -2 0 2 -1 1 -2 0 2 -1 1 -2 0 2 -1 1 -2 0 2 -1 1 -2 0 2 -1 1 -2 0 2 -1 1 -2 0 2 -1 1 -2 0 2 -1 1 -2 0 2 -1 1 -2 0 2 -1 1 -2 0 2 -1 1 -2 0 2 -1 1 -2 0 2 -1 1 -2 0 2 -1 1 -2 0 2 -1 1 -2 0 2 -1 1 -2 0 2 -1 1 -2 0 2 -1 1 -2 0 2 -1 1 -2 0 2 -1 1 -2 0 2 -1 1 -2 0 2 -1 1 -2 0 2 -1 1 -2 0 2 -1 1 -2 0 2 -1 1 -2 0 2 -1 1 -2 0 2 -1 1 -2 0 2 -1 1 -2 0 2 602 1 -2 0 2 -1 1 -2 0 2 -1 1 -2 0 2 -1 1 -2 0 2 -1 1 -2 0 2 -1 1 -2 0 2 -1 1 -2 0 2 -1 1 -2 0 2 -1 1 -2 0 2 -1 1 -2 0 2 -1 1 -2 0 2 -1 1 -2 0 2 -1 1 -2 0 2 -1 1 -2 0 2 -1 1 -2 0 2 -1 1 -2 0 2 -1 1 -2 0 2 -1 1 -2 0 2 -1 1 -2 0 2 -1 1 -2 0 2 -1 1 -2 0 2 -1 1 -2 0 2 -1 1 -2 0 2 -1 1 -2 0 2 -1 1 -2 0 2 -1 1 -2 0 2 -1 1 -2 0 2 -1
-2 1 -1 2 0 -2 1 -1 2 0 -2 1 -1 2 0 -2 1 -1 2 0 -2 1 -1 2 0 -2 1 -1 2 0 -2 1 -1 2 0 -2 1 -1 2 0 -2 1 -1 2 0 -2 1 -1 2 0 -2 1 -1 2 0 -2 1 -1 2 0 -2 1 -1 2 0 -2 1 -1 2 0 -2 1 -1 2 0 -2 1 -1 2 0 -2 1 -1 2 0 -2 1 -1 2 0 -2 1 -1 2 0 -2 1 -1 2 0 -2 1 -1 2 0 -2 1 -1 2 0 -2 1 -1 2 0 -2 1 -1 2 0 -2 1 -1 2 0 -2 1 -1 2 0 -2 1 -1 2 0 -2 1 -1 2 0 -2 1 -1 2 0 -2 1 -1 2 0 -2 1 -1 2 0 -2 1 -1 2 0 -2 1 -1 2 0 -2 1 -1 2 0 -2 1 -1 2 0 -2 1 -1 2 0 -2 1 -1 2 0 -2 1 -1 2 0 -2 1 -1 2 0 -2 1 -1 2 0 -2 1 -1 2 0 -2 1 -1 2 0 -2 1 -1 2 0 -2 1 -1 2 0 -2 1 -1 2 0 -2 1 -1 2 0 -2 1 -1 2 0 -2 1 -1 2 0 -2 1 -1 2 0 -2 1 -1 2 0 -2 1 -1 2 0 -2 1 -1 2 0 -2 1 -1 2 0 -2 1 -1 2 0 -2 1 -1 2 0 -2 1 -1 2 0 -2 1 -1 2 0 -2 1 -1 2 0 -2 1 -1 2 0 -2 1 -1 2 0 -2 1 -1 2 0 -2 1 -1 2 0 -2 1 -1 2 0 -2 1 -1 2 0 -2 1 -1 2 0 -2 1 -1 2 0 -2 1 -1 2 0 -2 1 -1 2 0 -2 1 -1 2 0 -2 1 -1 2 0 -2 1 -1 2 0 -2 1 -1 2 0 -2 1 -1 2 0 601 1 -1 2 0 -2 1 -1 2 0 -2 1 -1 2 0 -2 1 -1 2 0 -2 1 -1 2 0 -2 1 -1 2 0 -2 1 -1 2 0 -2 1 -1 2 0 -2 1 -1 2 0 -2 1 -1 2 0 -2 1 -1 2 0 -2 1 -1 2 0 -2 1 -1 2 0 -2 1 -1 2 0 -2 1 -1 2 0 -2 1 -1 2 0 -2 1 -1 2 0 -2 1 -1 2 0 -2 1 -1 2 0 -2 1 -1 2 0 -2 1 -1 2 0 -2 1 -1 2 0 -2 1 -1 2 0 -2 1 -1 2 0 -2 1 -1 2 0 -2 1 -1 2 0 -2 1 -1 2 0
0 -1 -2 2 1 0 -1 -2 2 1 0 -1 -2 2 1 0 -1 -2 2 1 0 -1 -2 2 1 0 -1 -2 2 1 0 -1 -2 2 1 0 -1 -2 2 1 0 -1 -2 2 1 0 -1 -2 2 1 0 -1 -2 2 1 0 -1 -2 2 1 0 -1 -2 2 1 0 -1 -2 2 1 0 -1 -2 2 1 0 -1 -2 2 1 0 -1 -2 2 1 0 -1 -2 2 1 0 -1 -2 2 1 0 -1 -2 2 1 0 -1 -2 2 1 0 -1 -2 2 1 0 -1 -2 2 1 0 -1 -2 2 1 0 -1 -2 2 1 0 -1 -2 2 1 0 -1 -2 2 1 0 -1 -2 2 1 0 -1 -2 2 1 0 -1 -2 2 1 0 -1 -2 2 1 0 -1 -2 2 1 0 -1 -2 2 1 0 -1 -2 2 1 0 -1 -2 2 1 0 -1 -2 2 1 0 -1 -2 2 1 0 -1 -2 2 1 0 -1 -2 2 1 0 -1 -2 2 1 0 -1 -2 2 1 0 -1 -2 2 1 0 -1 -2 2 1 0 -1 -2 2 1 0 -1 -2 2 1 0 -1 -2 2 1 0 -1 -2 2 1 0 -1 -2 2 1 0 -1 -2 2 1 0 -1 -2 2 1 0 -1 -2 2 1 0 -1 -2 2 1 0 -1 -2 2 1 0 -1 -2 2 1 0 -1 -2 2 1 0 -1 -2 2 1 0 -1 -2 2 1 0 -1 -2 2 1 0 -1 -2 2 1 0 -1 -2 2 1 0 -1 -2 2 1 0 -1 -2 2 1 0 -1 -2 2 1 0 -1 -2 2 1 0 -1 -2 2 1 0 -1 -2 2 1 0 -1 -2 2 1 0 -1 -2 2 1 0 -1 -2 2 1 0 -1 -2 2 1 0 -1 -2 2 1 0 -1 -2 2 1 0 -1 -2 2 1 0 602 -2 2 1 0 -1 -2 2 1 0 -1 -2 2 1 0 -1 -2 2 1 0 -1 -2 2 1 0 -1 -2 2 1 0 -1 -2 2 1 0 -1 -2 2 1 0 -1 -2 2 1 0 -1 -2 2 1 0 -1 -2 2 1 0 -1 -2 2 1 0 -1 -2 2 1 0 -1 -2 2 1 0 -1 -2 2 1 0 -1 -2 2 1 0 -1 -2 2 1 0 -1 -2 2 1 0 -1 -2 2 1 0 -1 -2 2 1 0 -1 -2 2 1 0 -1 -2 2 1 0 -1 -2 2 1 0 -1 -2 2 1 0 -1 -2 2 1 0 -1 -2 2 1 0 -1 -2 2 1
2 2 2 2 2 2 2 2 2 2 2 2 2 2 2 2 2 2 2 2 2 2 2 2 2 2 2 2 2 2 2 2 2 2 2 2 2 2 2 2 2 2 2 2 2 2 2 2 2 2 2 2 2 2 2 2 2 2 2 2 2 2 2 2 2 2 2 2 2 2 2 2 2 2 2 2 2 2 2 2 2 2 2 2 2 2 2 2 2 2 2 2 2 2 2 2 2 2 2 2 2 2 2 2 2 2 2 2 2 2 2 2 2 2 2 2 2 2 2 2 2 2 2 2 2 2 2 2 2 2 2 2 2 2 2 2 2 2 2 2 2 2 2 2 2 2 2 2 2 2 2 2 2 2 2 2 2 2 2 2 2 2 2 2 2 2 2 2 2 2 2 2 2 2 2 2 2 2 2 2 2 2 2 2 2 2 2 2 2 2 2 2 2 2 2 2 2 2 2 2 2 2 2 2 2 2 2 2 2 2 2 2 2 2 2 2 2 2 2 2 2 2 2 2 2 2 2 2 2 2 2 2 2 2 2 2 2 2 2 2 2 2 2 2 2 2 2 2 2 2 2 2 2 2 2 2 2 2 2 2 2 2 2 2 2 2 2 2 2 2 2 2 2 2 2 2 2 2 2 2 2 2 2 2 2 2 2 2 2 2 2 2 2 2 2 2 2 2 2 2 2 2 2 2 2 2 2 2 2 2 2 2 2 2 2 2 2 2 2 2 2 2 2 2 2 2 2 2 2 2 2 2 2 2 2 2 2 2 2 2 2 2 2 2 2 2 2 2 2 2 2 2 2 2 2 2 2 2 2 2 2 2 2 2 2 2 2 1001 2 2 2 2 2 2 2 2 2 2 2 2 2 2 2 2 2 2 2 2 2 2 2 2 2 2 2 2 2 2 2 2 2 2 2 2 2 2 2 2 2 2 2 2 2 2 2 2 2 2 2 2 2 2 2 2 2 2 2 2 2 2 2 2 2 2 2 2 2 2 2 2 2 2 2 2 2 2 2 2 2 2 2 2 2 2 2 2 2 2 2 2 2 2 2 2 2 2 2 2 2 2 2 2 2 2 2 2 2 2 2 2 2 2 2 2 2 2 2 2 2 2 2 2 2 2 2 2 2 2 2 2
-1 0 1 2 -2 -1 0 1 2 -2 -1 0 1 2 -2 -1 0 1 2 -2 -1 0 1 2 -2 -1 0 1 2 -2 -1 0 1 2 -2 -1 0 1 2 -2 -1 0 1 2 -2 -1 0 1 2 -2 -1 0 1 2 -2 -1 0 1 2 -2 -1 0 1 2 -2 -1 0 1 2 -2 -1 0 1 2 -2 -1 0 1 2 -2 -1 0 1 2 -2 -1 0 1 2 -2 -1 0 1 2 -2 -1 0 1 2 -2 -1 0 1 2 -2 -1 0 1 2 -2 -1 0 1 2 -2 -1 0 1 2 -2 -1 0 1 2 -2 -1 0 1 2 -2 -1 0 1 2 -2 -1 0 1 2 -2 -1 0 1 2 -2 -1 0 1 2 -2 -1 0 1 2 -2 -1 0 1 2 -2 -1 0 1 2 -2 -1 0 1 2 -2 -1 0 1 2 -2 -1 0 1 2 -2 -1 0 1 2 -2 -1 0 1 2 -2 -1 0 1 2 -2 -1 0 1 2 -2 -1 0 1 2 -2 -1 0 1 2 -2 -1 0 1 2 -2 -1 0 1 2 -2 -1 0 1 2 -2 -1 0 1 2 -2 -1 0 1 2 -2 -1 0 1 2 -2 -1 0 1 2 -2 -1 0 1 2 -2 -1 0 1 2 -2 -1 0 1 2 -2 -1 0 1 2 -2 -1 0 1 2 -2 -1 0 1 2 -2 -1 0 1 2 -2 -1 0 1 2 -2 -1 0 1 2 -2 -1 0 1 2 -2 -1 0 1 2 -2 -1 0 1 2 -2 -1 0 1 2 -2 -1 0 1 2 -2 -1 0 1 2 -2 -1 0 1 2 -2 -1 0 1 2 -2 -1 0 1 2 -2 -1 0 1 2 -2 -1 0 1 2 -2 -1 0 1 2 -2 -1 0 1 2 -2 -1 0 1 2 -2 -1 0 1 2 -2 -1 0 1 601 -2 -1 0 1 2 -2 -1 0 1 2 -2 -1 0 1 2 -2 -1 0 1 2 -2 -1 0 1 2 -2 -1 0 1 2 -2 -1 0 1 2 -2 -1 0 1 2 -2 -1 0 1 2 -2 -1 0 1 2 -2 -1 0 1 2 -2 -1 0 1 2 -2 -1 0 1 2 -2 -1 0 1 2 -2 -1 0 1 2 -2 -1 0 1 2 -2 -1 0 1 2 -2 -1 0 1 2 -2 -1 0 1 2 -2 -1 0 1 2 -2 -1 0 1 2 -2 -1 0 1 2 -2 -1 0 1 2 -2 -1 0 1 2 -2 -1 0 1 2 -2 -1 0 1 2 -2
1 -2 0 2 -1 1 -2 0 2 -1 1 -2 0 2 -1 1 -2 0 2 -1 1 -2 0 2 -1 1 -2 0 2 -1 1 -2 0 2 -1 1 -2 0 2 -1 1 -2 0 2 -1 1 -2 0 2 -1 1 -2 0 2 -1 1 -2 0 2 -1 1 -2 0 2 -1 1 -2 0 2 -1 1 -2 0 2 -1 1 -2 0 2 -1 1 -2 0 2 -1 1 -2 0 2 -1 1 -2 0 2 -1 1 -2 0 2 -1 1 -2 0 2 -1 1 -2 0 2 -1 1 -2 0 2 -1 1 -2 0 2 -1 1 -2 0 2 -1 1 -2 0 2 -1 1 -2 0 2 -1 1 -2 0 2 -1 1 -2 0 2 -1 1 -2 0 2 -1 1 -2 0 2 -1 1 -2 0 2 -1 1 -2 0 2 -1 1 -2 0 2 -1 1 -2 0 2 -1 1 -2 0 2 -1 1 -2 0 2 -1 1 -2 0 2 -1 1 -2 0 2 -1 1 -2 0 2 -1 1 -2 0 2 -1 1 -2 0 2 -1 1 -2 0 2 -1 1 -2 0 2 -1 1 -2 0 2 -1 1 -2 0 2 -1 1 -2 0 2 -1 1 -2 0 2 -1 1 -2 0 2 -1 1 -2 0 2 -1 1 -2 0 2 -1 1 -2 0 2 -1 1 -2 0 2 -1 1 -2 0 2 -1 1 -2 0 2 -1 1 -2 0 2 -1 1 -2 0 2 -1 1 -2 0 2 -1 1 -2 0 2 -1 1 -2 0 2 -1 1 -2 0 2 -1 1 -2 0 2 -1 1 -2 0 2 -1 1 -2 0 2 -1 1 -2 0 2 -1 1 -2 0 2 -1 1 -2 0 2 -1 1 -2 0 2 -1 1 -2 0 2 -1 1 -2 0 2 -1 1 -2 0 2 -1 1 -2 0 2 -1 1 -2 0 2 -1 1 -2 0 2 602 1 -2 0 2 -1 1 -2 0 2 -1 1 -2 0 2 -1 1 -2 0 2 -1 1 -2 0 2 -1 1 -2 0 2 -1 1 -2 0 2 -1 1 -2 0 2 -1 1 -2 0 2 -1 1 -2 0 2 -1 1 -2 0 2 -1 1 -2 0 2 -1 1 -2 0 2 -1 1 -2 0 2 -1 1 -2 0 2 -1 1 -2 0 2 -1 1 -2 0 2 -1 1 -2 0 2 -1 1 -2 0 2 -1 1 -2 0 2 -1 1 -2 0 2 -1 1 -2 0 2 -1 1 -2 0 2 -1 1 -2 0 2 -1 1 -2 0 2 -1 1 -2 0 2 -1
-2 1 -1 2 0 -2 1 -1 2 0 -2 1 -1 2 0 -2 1 -1 2 0 -2 1 -1 2 0 -2 1 -1 2 0 -2 1 -1 2 0 -2 1 -1 2 0 -2 1 -1 2 0 -2 1 -1 2 0 -2 1 -1 2 0 -2 1 -1 2 0 -2 1 -1 2 0 -2 1 -1 2 0 -2 1 -1 2 0 -2 1 -1 2 0 -2 1 -1 2 0 -2 1 -1 2 0 -2 1 -1 2 0 -2 1 -1 2 0 -2 1 -1 2 0 -2 1 -1 2 0 -2 1 -1 2 0 -2 1 -1 2 0 -2 1 -1 2 0 -2 1 -1 2 0 -2 1 -1 2 0 -2 1 -1 2 0 -2 1 -1 2 0 -2 1 -1 2 0 -2 1 -1 2 0 -2 1 -1 2 0 -2 1 -1 2 0 -2 1 -1 2 0 -2 1 -1 2 0 -2 1 -1 2 0 -2 1 -1 2 0 -2 1 -1 2 0 -2 1 -1 2 0 -2 1 -1 2 0 -2 1 -1 2 0 -2 1 -1 2 0 -2 1 -1 2 0 -2 1 -1 2 0 -2 1 -1 2 0 -2 1 -1 2 0 -2 1 -1 2 0 -2 1 -1 2 0 -2 1 -1 2 0 -2 1 -1 2 0 -2 1 -1 2 0 -2 1 -1 2 0 -2 1 -1 2 0 -2 1 -1 2 0 -2 1 -1 2 0 -2 1 -1 2 0 -2 1 -1 2 0 -2 1 -1 2 0 -2 1 -1 2 0 -2 1 -1 2 0 -2 1 -1 2 0 -2 1 -1 2 0 -2 1 -1 2 0 -2 1 -1 2 0 -2 1 -1 2 0 -2 1 -1 2 0 -2 1 -1 2 0 -2 1 -1 2 0 -2 1 -1 2 0 -2 1 -1 2 0 -2 1 -1 2 0 -2 1 -1 2 0 -2 1 -1 2 0 -2 1 -1 2 0 601 1 -1 2 0 -2 1 -1 2 0 -2 1 -1 2 0 -2 1 -1 2 0 -2 1 -1 2 0 -2 1 -1 2 0 -2 1 -1 2 0 -2 1 -1 2 0 -2 1 -1 2 0 -2 1 -1 2 0 -2 1 -1 2 0 -2 1 -1 2 0 -2 1 -1 2 0 -2 1 -1 2 0 -2 1 -1 2 0 -2 1 -1 2 0 -2 1 -1 2 0 -2 1 -1 2 0 -2 1 -1 2 0 -2 1 -1 2 0 -2 1 -1 2 0 -2 1 -1 2 0 -2 1 -1 2 0 -2 1 -1 2 0 -2 1 -1 2 0 -2 1 -1 2 0
0 -1 -2 2 1 0 -1 -2 2 1 0 -1 -2 2 1 0 -1 -2 2 1 0 -1 -2 2 1 0 -1 -2 2 1 0 -1 -2 2 1 0 -1 -2 2 1 0 -1 -2 2 1 0 -1 -2 2 1 0 -1 -2 2 1 0 -1 -2 2 1 0 -1 -2 2 1 0 -1 -2 2 1 0 -1 -2 2 1 0 -1 -2 2 1 0 -1 -2 2 1 0 -1 -2 2 1 0 -1 -2 2 1 0 -1 -2 2 1 0 -1 -2 2 1 0 -1 -2 2 1 0 -1 -2 2 1 0 -1 -2 2 1 0 -1 -2 2 1 0 -1 -2 2 1 0 -1 -2 2 1 0 -1 -2 2 1 0 -1 -2 2 1 0 -1 -2 2 1 0 -1 -2 2 1 0 -1 -2 2 1 0 -1 -2 2 1 0 -1 -2 2 1 0 -1 -2 2 1 0 -1 -2 2 1 0 -1 -2 2 1 0 -1 -2 2 1 0 -1 -2 2 1 0 -1 -2 2 1 0 -1 -2 2 1 0 -1 -2 2 1 0 -1 -2 2 1 0 -1 -2 2 1 0 -1 -2 2 1 0 -1 -2 2 1 0 -1 -2 2 1 0 -1 -2 2 1 0 -1 -2 2 1 0 -1 -2 2 1 0 -1 -2 2 1 0 -1 -2 2 1 0 -1 -2 2 1 0 -1 -2 2 1 0 -1 -2 2 1 0 -1 -2 2 1 0 -1 -2 2 1 0 -1 -2 2 1 0 -1 -2 2 1 0 -1 -2 2 1 0 -1 -2 2 1 0 -1 -2 2 1 0 -1 -2 2 1 0 -1 -2 2 1 0 -1 -2 2 1 0 -1 -2 2 1 0 -1 -2 2 1 0 -1 -2 2 1 0 -1 -2 2 1 0 -1 -2 2 1 0 -1 -2 2 1 0 -1 -2 2 1 0 -1 -2 2 1 0 -1 -2 2 1 0 602 -2 2 1 0 -1 -2 2 1 0 -1 -2 2 1 0 -1 -2 2 1 0 -1 -2 2 1 0 -1 -2 2 1 0 -1 -2 2 1 0 -1 -2 2 1 0 -1 -2 2 1 0 -1 -2 2 1 0 -1 -2 2 1 0 -1 -2 2 1 0 -1 -2 2 1 0 -1 -2 2 1 0 -1 -2 2 1 0 -1 -2 2 1 0 -1 -2 2 1 0 -1 -2 2 1 0 -1 -2 2 1 0 -1 -2 2 1 0 -1 -2 2 1 0 -1 -2 2 1 0 -1 -2 2 1 0 -1 -2 2 1 0 -1 -2 2 1 0 -1 -2 2 1
2 2 2 2 2 2 2 2 2 2 2 2 2 2 2 2 2 2 2 2 2 2 2 2 2 2 2 2 2 2 2 2 2 2 2 2 2 2 2 2 2 2 2 2 2 2 2 2 2 2 2 2 2 2 2 2 2 2 2 2 2 2 2 2 2 2 2 2 2 2 2 2 2 2 2 2 2 2 2 2 2 2 2 2 2 2 2 2 2 2 2 2 2 2 2 2 2 2 2 2 2 2 2 2 2 2 2 2 2 2 2 2 2 2 2 2 2 2 2 2 2 2 2 2 2 2 2 2 2 2 2 2 2 2 2 2 2 2 2 2 2 2 2 2 2 2 2 2 2 2 2 2 2 2 2 2 2 2 2 2 2 2 2 2 2 2 2 2 2 2 2 2 2 2 2 2 2 2 2 2 2 2 2 2 2 2 2 2 2 2 2 2 2 2 2 2 2 2 2 2 2 2 2 2 2 2 2 2 2 2 2 2 2 2 2 2 2 2 2 2 2 2 2 2 2 2 2 2 2 2 2 2 2 2 2 2 2 2 2 2 2 2 2 2 2 2 2 2 2 2 2 2 2 2 2 2 2 2 2 2 2 2 2 2 2 2 2 2 2 2 2 2 2 2 2 2 2 2 2 2 2 2 2 2 2 2 2 2 2 2 2 2 2 2 2 2 2 2 2 2 2 2 2 2 2 2 2 2 2 2 2 2 2 2 2 2 2 2 2 2 2 2 2 2 2 2 2 2 2 2 2 2 2 2 2 2 2 2 2 2 2 2 2 2 2 2 2 2 2 2 2 2 2 2 2 2 2 2 2 2 2 2 2 2 2 2 2 2 2 2 2 2 1001 2 2 2 2 2 2 2 2 2 2 2 2 2 2 2 2 2 2 2 2 2 2 2 2 2 2 2 2 2 2 2 2 2 2 2 2 2 2 2 2 2 2 2 2 2 2 2 2 2 2 2 2 2 2 2 2 2 2 2 2 2 2 2 2 2 2 2 2 2 2 2 2 2 2 2 2 2 2 2 2 2 2 2 2 2 2 2 2 2 2 2 2 2 2 2 2 2 2 2 2 2 2 2 2 2 2 2 2 2 2 2 2 2 2 2 2 2 2 2 2 2 2 2 2 2 2 2
-1 0 1 2 -2 -1 0 1 2 -2 -1 0 1 2 -2 -1 0 1 2 -2 -1 0 1 2 -2 -1 0 1 2 -2 -1 0 1 2 -2 -1 0 1 2 -2 -1 0 1 2 -2 -1 0 1 2 -2 -1 0 1 2 -2 -1 0 1 2 -2 -1 0 1 2 -2 -1 0 1 2 -2 -1 0 1 2 -2 -1 0 1 2 -2 -1 0 1 2 -2 -1 0 1 2 -2 -1 0 1 2 -2 -1 0 1 2 -2 -1 0 1 2 -2 -1 0 1 2 -2 -1 0 1 2 -2 -1 0 1 2 -2 -1 0 1 2 -2 -1 0 1 2 -2 -1 0 1 2 -2 -1 0 1 2 -2 -1 0 1 2 -2 -1 0 1 2 -2 -1 0 1 2 -2 -1 0 1 2 -2 -1 0 1 2 -2 -1 0 1 2 -2 -1 0 1 2 -2 -1 0 1 2 -2 -1 0 1 2 -2 -1 0 1 2 -2 -1 0 1 2 -2 -1 0 1 2 -2 -1 0 1 2 -2 -1 0 1 2 -2 -1 0 1 2 -2 -1 0 1 2 -2 -1 0 1 2 -2 -1 0 1 2 -2 -1 0 1 2 -2 -1 0 1 2 -2 -1 0 1 2 -2 -1 0 1 2 -2 -1 0 1 2 -2 -1 0 1 2 -2 -1 0 1 2 -2 -1 0 1 2 -2 -1 0 1 2 -2 -1 0 1 2 -2 -1 0 1 2 -2 -1 0 1 2 -2 -1 0 1 2 -2 -1 0 1 2 -2 -1 0 1 2 -2 -1 0 1 2 -2 -1 0 1 2 -2 -1 0 1 2 -2 -1 0 1 2 -2 -1 0 1 2 -2 -1 0 1 2 -2 -1 0 1 2 -2 -1 0 1 2 -2 -1 0 1 2 -2 -1 0 1 2 -2 -1 0 1 2 -2 -1 0 1 2 -2 -1 0 1 2 -2 -1 0 1 601 -2 -1 0 1 2 -2 -1 0 1 2 -2 -1 0 1 2 -2 -1 0 1 2 -2 -1 0 1 2 -2 -1 0 1 2 -2 -1 0 1 2 -2 -1 0 1 2 -2 -1 0 1 2 -2 -1 0 1 2 -2 -1 0 1 2 -2 -1 0 1 2 -2 -1 0 1 2 -2 -1 0 1 2 -2 -1 0 1 2 -2 -1 0 1 2 -2 -1 0 1 2 -2 -1 0 1 2 -2 -1 0 1 2 -2 -1 0 1 2 -2 -1 0 1 2 -2 -1 0 1 2 -2 -1 0 1 2 -2 -1 0 1 2 -2 -1 0 1 2 -2
1 -2 0 2 -1 1 -2 0 2 -1 1 -2 0 2 -1 1 -2 0 2 -1 1 -2 0 2 -1 1 -2 0 2 -1 1 -2 0 2 -1 1 -2 0 2 -1 1 -2 0 2 -1 1 -2 0 2 -1 1 -2 0 2 -1 1 -2 0 2 -1 1 -2 0 2 -1 1 -2 0 2 -1 1 -2 0 2 -1 1 -2 0 2 -1 1 -2 0 2 -1 1 -2 0 2 -1 1 -2 0 2 -1 1 -2 0 2 -1 1 -2 0 2 -1 1 -2 0 2 -1 1 -2 0 2 -1 1 -2 0 2 -1 1 -2 0 2 -1 1 -2 0 2 -1 1 -2 0 2 -1 1 -2 0 2 -1 1 -2 0 2 -1 1 -2 0 2 -1 1 -2 0 2 -1 1 -2 0 2 -1 1 -2 0 2 -1 1 -2 0 2 -1 1 -2 0 2 -1 1 -2 0 2 -1 1 -2 0 2 -1 1 -2 0 2 -1 1 -2 0 2 -1 1 -2 0 2 -1 1 -2 0 2 -1 1 -2 0 2 -1 1 -2 0 2 -1 1 -2 0 2 -1 1 -2 0 2 -1 1 -2 0 2 -1 1 -2 0 2 -1 1 -2 0 2 -1 1 -2 0 2 -1 1 -2 0 2 -1 1 -2 0 2 -1 1 -2 0 2 -1 1 -2 0 2 -1 1 -2 0 2 -1 1 -2 0 2 -1 1 -2 0 2 -1 1 -2 0 2 -1 1 -2 0 2 -1 1 -2 0 2 -1 1 -2 0 2 -1 1 -2 0 2 -1 1 -2 0 2 -1 1 -2 0 2 -1 1 -2 0 2 -1 1 -2 0 2 -1 1 -2 0 2 -1 1 -2 0 2 -1 1 -2 0 2 -1 1 -2 0 2 -1 1 -2 0 2 -1 1 -2 0 2 -1 1 -2 0 2 -1 1 -2 0 2 -1 1 -2 0 2 -1 1 -2 0 2 602 1 -2 0 2 -1 1 -2 0 2 -1 1 -2 0 2 -1 1 -2 0 2 -1 1 -2 0 2 -1 1 -2 0 2 -1 1 -2 0 2 -1 1 -2 0 2 -1 1 -2 0 2 -1 1 -2 0 2 -1 1 -2 0 2 -1 1 -2 0 2 -1 1 -2 0 2 -1 1 -2 0 2 -1 1 -2 0 2 -1 1 -2 0 2 -1 1 -2 0 2 -1 1 -2 0 2 -1 1 -2 0 2 -1 1 -2 0 2 -1 1 -2 0 2 -1 1 -2 0 2 -1 1 -2 0 2 -1 1 -2 0 2 -1 1 -2 0 2 -1
-2 1 -1 2 0 -2 1 -1 2 0 -2 1 -1 2 0 -2 1 -1 2 0 -2 1 -1 2 0 -2 1 -1 2 0 -2 1 -1 2 0 -2 1 -1 2 0 -2 1 -1 2 0 -2 1 -1 2 0 -2 1 -1 2 0 -2 1 -1 2 0 -2 1 -1 2 0 -2 1 -1 2 0 -2 1 -1 2 0 -2 1 -1 2 0 -2 1 -1 2 0 -2 1 -1 2 0 -2 1 -1 2 0 -2 1 -1 2 0 -2 1 -1 2 0 -2 1 -1 2 0 -2 1 -1 2 0 -2 1 -1 2 0 -2 1 -1 2 0 -2 1 -1 2 0 -2 1 -1 2 0 -2 1 -1 2 0 -2 1 -1 2 0 -2 1 -1 2 0 -2 1 -1 2 0 -2 1 -1 2 0 -2 1 -1 2 0 -2 1 -1 2 0 -2 1 -1 2 0 -2 1 -1 2 0 -2 1 -1 2 0 -2 1 -1 2 0 -2 1 -1 2 0 -2 1 -1 2 0 -2 1 -1 2 0 -2 1 -1 2 0 -2 1 -1 2 0 -2 1 -1 2 0 -2 1 -1 2 0 -2 1 -1 2 0 -2 1 -1 2 0 -2 1 -1 2 0 -2 1 -1 2 0 -2 1 -1 2 0 -2 1 -1 2 0 -2 1 -1 2 0 -2 1 -1 2 0 -2 1 -1 2 0 -2 1 -1 2 0 -2 1 -1 2 0 -2 1 -1 2 0 -2 1 -1 2 0 -2 1 -1 2 0 -2 1 -1 2 0 -2 1 -1 2 0 -2 1 -1 2 0 -2 1 -1 2 0 -2 1 -1 2 0 -2 1 -1 2 0 -2 1 -1 2 0 -2 1 -1 2 0 -2 1 -1 2 0 -2 1 -1 2 0 -2 1 -1 2 0 -2 1 -1 2 0 -2 1 -1 2 0 -2 1 -1 2 0 -2 1 -1 2 0 -2 1 -1 2 0 601 1 -1 2 0 -2 1 -1 2 0 -2 1 -1 2 0 -2 1 -1 2 0 -2 1 -1 2 0 -2 1 -1 2 0 -2 1 -1 2 0 -2 1 -1 2 0 -2 1 -1 2 0 -2 1 -1 2 0 -2 1 -1 2 0 -2 1 -1 2 0 -2 1 -1 2 0 -2 1 -1 2 0 -2 1 -1 2 0 -2 1 -1 2 0 -2 1 -1 2 0 -2 1 -1 2 0 -2 1 -1 2 0 -2 1 -1 2 0 -2 1 -1 2 0 -2 1 -1 2 0 -2 1 -1 2 0 -2 1 -1 2 0 -2 1 -1 2 0
0 -1 -2 2 1 0 -1 -2 2 1 0 -1 -2 2 1 0 -1 -2 2 1 0 -1 -2 2 1 0 -1 -2 2 1 0 -1 -2 2 1 0 -1 -2 2 1 0 -1 -2 2 1 0 -1 -2 2 1 0 -1 -2 2 1 0 -1 -2 2 1 0 -1 -2 2 1 0 -1 -2 2 1 0 -1 -2 2 1 0 -1 -2 2 1 0 -1 -2 2 1 0 -1 -2 2 1 0 -1 -2 2 1 0 -1 -2 2 1 0 -1 -2 2 1 0 -1 -2 2 1 0 -1 -2 2 1 0 -1 -2 2 1 0 -1 -2 2 1 0 -1 -2 2 1 0 -1 -2 2 1 0 -1 -2 2 1 0 -1 -2 2 1 0 -1 -2 2 1 0 -1 -2 2 1 0 -1 -2 2 1 0 -1 -2 2 1 0 -1 -2 2 1 0 -1 -2 2 1 0 -1 -2 2 1 0 -1 -2 2 1 0 -1 -2 2 1 0 -1 -2 2 1 0 -1 -2 2 1 0 -1 -2 2 1 0 -1 -2 2 1 0 -1 -2 2 1 0 -1 -2 2 1 0 -1 -2 2 1 0 -1 -2 2 1 0 -1 -2 2 1 0 -1 -2 2 1 0 -1 -2 2 1 0 -1 -2 2 1 0 -1 -2 2 1 0 -1 -2 2 1 0 -1 -2 2 1 0 -1 -2 2 1 0 -1 -2 2 1 0 -1 -2 2 1 0 -1 -2 2 1 0 -1 -2 2 1 0 -1 -2 2 1 0 -1 -2 2 1 0 -1 -2 2 1 0 -1 -2 2 1 0 -1 -2 2 1 0 -1 -2 2 1 0 -1 -2 2 1 0 -1 -2 2 1 0 -1 -2 2 1 0 -1 -2 2 1 0 -1 -2 2 1 0 -1 -2 2 1 0 -1 -2 2 1 0 -1 -2 2 1 0 -1 -2 2 1 0 -1 -2 2 1 0 -1 -2 2 1 0 602 -2 2 1 0 -1 -2 2 1 0 -1 -2 2 1 0 -1 -2 2 1 0 -1 -2 2 1 0 -1 -2 2 1 0 -1 -2 2 1 0 -1 -2 2 1 0 -1 -2 2 1 0 -1 -2 2 1 0 -1 -2 2 1 0 -1 -2 2 1 0 -1 -2 2 1 0 -1 -2 2 1 0 -1 -2 2 1 0 -1 -2 2 1 0 -1 -2 2 1 0 -1 -2 2 1 0 -1 -2 2 1 0 -1 -2 2 1 0 -1 -2 2 1 0 -1 -2 2 1 0 -1 -2 2 1 0 -1 -2 2 1 0 -1 -2 2 1
2 2 2 2 2 2 2 2 2 2 2 2 2 2 2 2 2 2 2 2 2 2 2 2 2 2 2 2 2 2 2 2 2 2 2 2 2 2 2 2 2 2 2 2 2 2 2 2 2 2 2 2 2 2 2 2 2 2 2 2 2 2 2 2 2 2 2 2 2 2 2 2 2 2 2 2 2 2 2 2 2 2 2 2 2 2 2 2 2 2 2 2 2 2 2 2 2 2 2 2 2 2 2 2 2 2 2 2 2 2 2 2 2 2 2 2 2 2 2 2 2 2 2 2 2 2 2 2 2 2 2 2 2 2 2 2 2 2 2 2 2 2 2 2 2 2 2 2 2 2 2 2 2 2 2 2 2 2 2 2 2 2 2 2 2 2 2 2 2 2 2 2 2 2 2 2 2 2 2 2 2 2 2 2 2 2 2 2 2 2 2 2 2 2 2 2 2 2 2 2 2 2 2 2 2 2 2 2 2 2 2 2 2 2 2 2 2 2 2 2 2 2 2 2 2 2 2 2 2 2 2 2 2 2 2 2 2 2 2 2 2 2 2 2 2 2 2 2 2 2 2 2 2 2 2 2 2 2 2 2 2 2 2 2 2 2 2 2 2 2 2 2 2 2 2 2 2 2 2 2 2 2 2 2 2 2 2 2 2 2 2 2 2 2 2 2 2 2 2 2 2 2 2 2 2 2 2 2 2 2 2 2 2 2 2 2 2 2 2 2 2 2 2 2 2 2 2 2 2 2 2 2 2 2 2 2 2 2 2 2 2 2 2 2 2 2 2 2 2 2 2 2 2 2 2 2 2 2 2 2 2 2 2 2 2 2 2 2 2 2 2 2 2 2 2 2 2 1001 2 2 2 2 2 2 2 2 2 2 2 2 2 2 2 2 2 2 2 2 2 2 2 2 2 2 2 2 2 2 2 2 2 2 2 2 2 2 2 2 2 2 2 2 2 2 2 2 2 2 2 2 2 2 2 2 2 2 2 2 2 2 2 2 2 2 2 2 2 2 2 2 2 2 2 2 2 2 2 2 2 2 2 2 2 2 2 2 2 2 2 2 2 2 2 2 2 2 2 2 2 2 2 2 2 2 2 2 2 2 2 2 2 2 2 2 2 2 2 2 2 2
-1 0 1 2 -2 -1 0 1 2 -2 -1 0 1 2 -2 -1 0 1 2 -2 -1 0 1 2 -2 -1 0 1 2 -2 -1 0 1 2 -2 -1 0 1 2 -2 -1 0 1 2 -2 -1 0 1 2 -2 -1 0 1 2 -2 -1 0 1 2 -2 -1 0 1 2 -2 -1 0 1 2 -2 -1 0 1 2 -2 -1 0 1 2 -2 -1 0 1 2 -2 -1 0 1 2 -2 -1 0 1 2 -2 -1 0 1 2 -2 -1 0 1 2 -2 -1 0 1 2 -2 -1 0 1 2 -2 -1 0 1 2 -2 -1 0 1 2 -2 -1 0 1 2 -2 -1 0 1 2 -2 -1 0 1 2 -2 -1 0 1 2 -2 -1 0 1 2 -2 -1 0 1 2 -2 -1 0 1 2 -2 -1 0 1 2 -2 -1 0 1 2 -2 -1 0 1 2 -2 -1 0 1 2 -2 -1 0 1 2 -2 -1 0 1 2 -2 -1 0 1 2 -2 -1 0 1 2 -2 -1 0 1 2 -2 -1 0 1 2 -2 -1 0 1 2 -2 -1 0 1 2 -2 -1 0 1 2 -2 -1 0 1 2 -2 -1 0 1 2 -2 -1 0 1 2 -2 -1 0 1 2 -2 -1 0 1 2 -2 -1 0 1 2 -2 -1 0 1 2 -2 -1 0 1 2 -2 -1 0 1 2 -2 -1 0 1 2 -2 -1 0 1 2 -2 -1 0 1 2 -2 -1 0 1 2 -2 -1 0 1 2 -2 -1 0 1 2 -2 -1 0 1 2 -2 -1 0 1 2 -2 -1 0 1 2 -2 -1 0 1 2 -2 -1 0 1 2 -2 -1 0 1 2 -2 -1 0 1 2 -2 -1 0 1 2 -2 -1 0 1 2 -2 -1 0 1 2 -2 -1 0 1 2 -2 -1 0 1 2 -2 -1 0 1 2 -2 -1 0 1 2 -2 -1 0 1 2 -2 -1 0 1 601 -2 -1 0 1 2 -2 -1 0 1 2 -2 -1 0 1 2 -2 -1 0 1 2 -2 -1 0 1 2 -2 -1 0 1 2 -2 -1 0 1 2 -2 -1 0 1 2 -2 -1 0 1 2 -2 -1 0 1 2 -2 -1 0 1 2 -2 -1 0 1 2 -2 -1 0 1 2 -2 -1 0 1 2 -2 -1 0 1 2 -2 -1 0 1 2 -2 -1 0 1 2 -2 -1 0 1 2 -2 -1 0 1 2 -2 -1 0 1 2 -2 -1 0 1 2 -2 -1 0 1 2 -2 -1 0 1 2 -2 -1 0 1 2 -2
1 -2 0 2 -1 1 -2 0 2 -1 1 -2 0 2 -1 1 -2 0 2 -1 1 -2 0 2 -1 1 -2 0 2 -1 1 -2 0 2 -1 1 -2 0 2 -1 1 -2 0 2 -1 1 -2 0 2 -1 1 -2 0 2 -1 1 -2 0 2 -1 1 -2 0 2 -1 1 -2 0 2 -1 1 -2 0 2 -1 1 -2 0 2 -1 1 -2 0 2 -1 1 -2 0 2 -1 1 -2 0 2 -1 1 -2 0 2 -1 1 -2 0 2 -1 1 -2 0 2 -1 1 -2 0 2 -1 1 -2 0 2 -1 1 -2 0 2 -1 1 -2 0 2 -1 1 -2 0 2 -1 1 -2 0 2 -1 1 -2 0 2 -1 1 -2 0 2 -1 1 -2 0 2 -1 1 -2 0 2 -1 1 -2 0 2 -1 1 -2 0 2 -1 1 -2 0 2 -1 1 -2 0 2 -1 1 -2 0 2 -1 1 -2 0 2 -1 1 -2 0 2 -1 1 -2 0 2 -1 1 -2 0 2 -1 1 -2 0 2 -1 1 -2 0 2 -1 1 -2 0 2 -1 1 -2 0 2 -1 1 -2 0 2 -1 1 -2 0 2 -1 1 -2 0 2 -1 1 -2 0 2 -1 1 -2 0 2 -1 1 -2 0 2 -1 1 -2 0 2 -1 1 -2 0 2 -1 1 -2 0 2 -1 1 -2 0 2 -1 1 -2 0 2 -1 1 -2 0 2 -1 1 -2 0 2 -1 1 -2 0 2 -1 1 -2 0 2 -1 1 -2 0 2 -1 1 -2 0 2 -1 1 -2 0 2 -1 1 -2 0 2 -1 1 -2 0 2 -1 1 -2 0 2 -1 1 -2 0 2 -1 1 -2 0 2 -1 1 -2 0 2 -1 1 -2 0 2 -1 1 -2 0 2 -1 1 -2 0 2 -1 1 -2 0 2 -1 1 -2 0 2 -1 1 -2 0 2 -1 1 -2 0 2 602 1 -2 0 2 -1 1 -2 0 2 -1 1 -2 0 2 -1 1 -2 0 2 -1 1 -2 0 2 -1 1 -2 0 2 -1 1 -2 0 2 -1 1 -2 0 2 -1 1 -2 0 2 -1 1 -2 0 2 -1 1 -2 0 2 -1 1 -2 0 2 -1 1 -2 0 2 -1 1 -2 0 2 -1 1 -2 0 2 -1 1 -2 0 2 -1 1 -2 0 2 -1 1 -2 0 2 -1 1 -2 0 2 -1 1 -2 0 2 -1 1 -2 0 2 -1 1 -2 0 2 -1 1 -2 0 2 -1 1 -2 0 2 -1
-2 1 -1 2 0 -2 1 -1 2 0 -2 1 -1 2 0 -2 1 -1 2 0 -2 1 -1 2 0 -2 1 -1 2 0 -2 1 -1 2 0 -2 1 -1 2 0 -2 1 -1 2 0 -2 1 -1 2 0 -2 1 -1 2 0 -2 1 -1 2 0 -2 1 -1 2 0 -2 1 -1 2 0 -2 1 -1 2 0 -2 1 -1 2 0 -2 1 -1 2 0 -2 1 -1 2 0 -2 1 -1 2 0 -2 1 -1 2 0 -2 1 -1 2 0 -2 1 -1 2 0 -2 1 -1 2 0 -2 1 -1 2 0 -2 1 -1 2 0 -2 1 -1 2 0 -2 1 -1 2 0 -2 1 -1 2 0 -2 1 -1 2 0 -2 1 -1 2 0 -2 1 -1 2 0 -2 1 -1 2 0 -2 1 -1 2 0 -2 1 -1 2 0 -2 1 -1 2 0 -2 1 -1 2 0 -2 1 -1 2 0 -2 1 -1 2 0 -2 1 -1 2 0 -2 1 -1 2 0 -2 1 -1 2 0 -2 1 -1 2 0 -2 1 -1 2 0 -2 1 -1 2 0 -2 1 -1 2 0 -2 1 -1 2 0 -2 1 -1 2 0 -2 1 -1 2 0 -2 1 -1 2 0 -2 1 -1 2 0 -2 1 -1 2 0 -2 1 -1 2 0 -2 1 -1 2 0 -2 1 -1 2 0 -2 1 -1 2 0 -2 1 -1 2 0 -2 1 -1 2 0 -2 1 -1 2 0 -2 1 -1 2 0 -2 1 -1 2 0 -2 1 -1 2 0 -2 1 -1 2 0 -2 1 -1 2 0 -2 1 -1 2 0 -2 1 -1 2 0 -2 1 -1 2 0 -2 1 -1 2 0 -2 1 -1 2 0 -2 1 -1 2 0 -2 1 -1 2 0 -2 1 -1 2 0 -2 1 -1 2 0 -2 1 -1 2 0 -2 1 -1 2 0 -2 1 -1 2 0 -2 1 -1 2 0 601 1 -1 2 0 -2 1 -1 2 0 -2 1 -1 2 0 -2 1 -1 2 0 -2 1 -1 2 0 -2 1 -1 2 0 -2 1 -1 2 0 -2 1 -1 2 0 -2 1 -1 2 0 -2 1 -1 2 0 -2 1 -1 2 0 -2 1 -1 2 0 -2 1 -1 2 0 -2 1 -1 2 0 -2 1 -1 2 0 -2 1 -1 2 0 -2 1 -1 2 0 -2 1 -1 2 0 -2 1 -1 2 0 -2 1 -1 2 0 -2 1 -1 2 0 -2 1 -1 2 0 -2 1 -1 2 0 -2 1 -1 2 0
0 -1 -2 2 1 0 -1 -2 2 1 0 -1 -2 2 1 0 -1 -2 2 1 0 -1 -2 2 1 0 -1 -2 2 1 0 -1 -2 2 1 0 -1 -2 2 1 0 -1 -2 2 1 0 -1 -2 2 1 0 -1 -2 2 1 0 -1 -2 2 1 0 -1 -2 2 1 0 -1 -2 2 1 0 -1 -2 2 1 0 -1 -2 2 1 0 -1 -2 2 1 0 -1 -2 2 1 0 -1 -2 2 1 0 -1 -2 2 1 0 -1 -2 2 1 0 -1 -2 2 1 0 -1 -2 2 1 0 -1 -2 2 1 0 -1 -2 2 1 0 -1 -2 2 1 0 -1 -2 2 1 0 -1 -2 2 1 0 -1 -2 2 1 0 -1 -2 2 1 0 -1 -2 2 1 0 -1 -2 2 1 0 -1 -2 2 1 0 -1 -2 2 1 0 -1 -2 2 1 0 -1 -2 2 1 0 -1 -2 2 1 0 -1 -2 2 1 0 -1 -2 2 1 0 -1 -2 2 1 0 -1 -2 2 1 0 -1 -2 2 1 0 -1 -2 2 1 0 -1 -2 2 1 0 -1 -2 2 1 0 -1 -2 2 1 0 -1 -2 2 1 0 -1 -2 2 1 0 -1 -2 2 1 0 -1 -2 2 1 0 -1 -2 2 1 0 -1 -2 2 1 0 -1 -2 2 1 0 -1 -2 2 1 0 -1 -2 2 1 0 -1 -2 2 1 0 -1 -2 2 1 0 -1 -2 2 1 0 -1 -2 2 1 0 -1 -2 2 1 0 -1 -2 2 1 0 -1 -2 2 1 0 -1 -2 2 1 0 -1 -2 2 1 0 -1 -2 2 1 0 -1 -2 2 1 0 -1 -2 2 1 0 -1 -2 2 1 0 -1 -2 2 1 0 -1 -2 2 1 0 -1 -2 2 1 0 -1 -2 2 1 0 -1 -2 2 1 0 -1 -2 2 1 0 -1 -2 2 1 0 -1 -2 2 1 0 602 -2 2 1 0 -1 -2 2 1 0 -1 -2 2 1 0 -1 -2 2 1 0 -1 -2 2 1 0 -1 -2 2 1 0 -1 -2 2 1 0 -1 -2 2 1 0 -1 -2 2 1 0 -1 -2 2 1 0 -1 -2 2 1 0 -1 -2 2 1 0 -1 -2 2 1 0 -1 -2 2 1 0 -1 -2 2 1 0 -1 -2 2 1 0 -1 -2 2 1 0 -1 -2 2 1 0 -1 -2 2 1 0 -1 -2 2 1 0 -1 -2 2 1 0 -1 -2 2 1 0 -1 -2 2 1 0 -1 -2 2 1
2 2 2 2 2 2 2 2 2 2 2 2 2 2 2 2 2 2 2 2 2 2 2 2 2 2 2 2 2 2 2 2 2 2 2 2 2 2 2 2 2 2 2 2 2 2 2 2 2 2 2 2 2 2 2 2 2 2 2 2 2 2 2 2 2 2 2 2 2 2 2 2 2 2 2 2 2 2 2 2 2 2 2 2 2 2 2 2 2 2 2 2 2 2 2 2 2 2 2 2 2 2 2 2 2 2 2 2 2 2 2 2 2 2 2 2 2 2 2 2 2 2 2 2 2 2 2 2 2 2 2 2 2 2 2 2 2 2 2 2 2 2 2 2 2 2 2 2 2 2 2 2 2 2 2 2 2 2 2 2 2 2 2 2 2 2 2 2 2 2 2 2 2 2 2 2 2 2 2 2 2 2 2 2 2 2 2 2 2 2 2 2 2 2 2 2 2 2 2 2 2 2 2 2 2 2 2 2 2 2 2 2 2 2 2 2 2 2 2 2 2 2 2 2 2 2 2 2 2 2 2 2 2 2 2 2 2 2 2 2 2 2 2 2 2 2 2 2 2 2 2 2 2 2 2 2 2 2 2 2 2 2 2 2 2 2 2 2 2 2 2 2 2 2 2 2 2 2 2 2 2 2 2 2 2 2 2 2 2 2 2 2 2 2 2 2 2 2 2 2 2 2 2 2 2 2 2 2 2 2 2 2 2 2 2 2 2 2 2 2 2 2 2 2 2 2 2 2 2 2 2 2 2 2 2 2 2 2 2 2 2 2 2 2 2 2 2 2 2 2 2 2 2 2 2 2 2 2 2 2 2 2 2 2 2 2 2 2 2 2 2 2 2 2 2 2 2 2 2 2 2 2 1001 2 2 2 2 2 2 2 2 2 2 2 2 2 2 2 2 2 2 2 2 2 2 2 2 2 2 2 2 2 2 2 2 2 2 2 2 2 2 2 2 2 2 2 2 2 2 2 2 2 2 2 2 2 2 2 2 2 2 2 2 2 2 2 2 2 2 2 2 2 2 2 2 2 2 2 2 2 2 2 2 2 2 2 2 2 2 2 2 2 2 2 2 2 2 2 2 2 2 2 2 2 2 2 2 2 2 2 2 2 2 2 2 2 2 2 2 2
-1 0 1 2 -2 -1 0 1 2 -2 -1 0 1 2 -2 -1 0 1 2 -2 -1 0 1 2 -2 -1 0 1 2 -2 -1 0 1 2 -2 -1 0 1 2 -2 -1 0 1 2 -2 -1 0 1 2 -2 -1 0 1 2 -2 -1 0 1 2 -2 -1 0 1 2 -2 -1 0 1 2 -2 -1 0 1 2 -2 -1 0 1 2 -2 -1 0 1 2 -2 -1 0 1 2 -2 -1 0 1 2 -2 -1 0 1 2 -2 -1 0 1 2 -2 -1 0 1 2 -2 -1 0 1 2 -2 -1 0 1 2 -2 -1 0 1 2 -2 -1 0 1 2 -2 -1 0 1 2 -2 -1 0 1 2 -2 -1 0 1 2 -2 -1 0 1 2 -2 -1 0 1 2 -2 -1 0 1 2 -2 -1 0 1 2 -2 -1 0 1 2 -2 -1 0 1 2 -2 -1 0 1 2 -2 -1 0 1 2 -2 -1 0 1 2 -2 -1 0 1 2 -2 -1 0 1 2 -2 -1 0 1 2 -2 -1 0 1 2 -2 -1 0 1 2 -2 -1 0 1 2 -2 -1 0 1 2 -2 -1 0 1 2 -2 -1 0 1 2 -2 -1 0 1 2 -2 -1 0 1 2 -2 -1 0 1 2 -2 -1 0 1 2 -2 -1 0 1 2 -2 -1 0 1 2 -2 -1 0 1 2 -2 -1 0 1 2 -2 -1 0 1 2 -2 -1 0 1 2 -2 -1 0 1 2 -2 -1 0 1 2 -2 -1 0 1 2 -2 -1 0 1 2 -2 -1 0 1 2 -2 -1 0 1 2 -2 -1 0 1 2 -2 -1 0 1 2 -2 -1 0 1 2 -2 -1 0 1 2 -2 -1 0 1 2 -2 -1 0 1 2 -2 -1 0 1 2 -2 -1 0 1 2 -2 -1 0 1 2 -2 -1 0 1 2 -2 -1 0 1 2 -2 -1 0 1 2 -2 -1 0 1 2 -2 -1 0 1 601 -2 -1 0 1 2 -2 -1 0 1 2 -2 -1 0 1 2 -2 -1 0 1 2 -2 -1 0 1 2 -2 -1 0 1 2 -2 -1 0 1 2 -2 -1 0 1 2 -2 -1 0 1 2 -2 -1 0 1 2 -2 -1 0 1 2 -2 -1 0 1 2 -2 -1 0 1 2 -2 -1 0 1 2 -2 -1 0 1 2 -2 -1 0 1 2 -2 -1 0 1 2 -2 -1 0 1 2 -2 -1 0 1 2 -2 -1 0 1 2 -2 -1 0 1 2 -2 -1 0 1 2 -2 -1 0 1 2 -2
1 -2 0 2 -1 1 -2 0 2 -1 1 -2 0 2 -1 1 -2 0 2 -1 1 -2 0 2 -1 1 -2 0 2 -1 1 -2 0 2 -1 1 -2 0 2 -1 1 -2 0 2 -1 1 -2 0 2 -1 1 -2 0 2 -1 1 -2 0 2 -1 1 -2 0 2 -1 1 -2 0 2 -1 1 -2 0 2 -1 1 -2 0 2 -1 1 -2 0 2 -1 1 -2 0 2 -1 1 -2 0 2 -1 1 -2 0 2 -1 1 -2 0 2 -1 1 -2 0 2 -1 1 -2 0 2 -1 1 -2 0 2 -1 1 -2 0 2 -1 1 -2 0 2 -1 1 -2 0 2 -1 1 -2 0 2 -1 1 -2 0 2 -1 1 -2 0 2 -1 1 -2 0 2 -1 1 -2 0 2 -1 1 -2 0 2 -1 1 -2 0 2 -1 1 -2 0 2 -1 1 -2 0 2 -1 1 -2 0 2 -1 1 -2 0 2 -1 1 -2 0 2 -1 1 -2 0 2 -1 1 -2 0 2 -1 1 -2 0 2 -1 1 -2 0 2 -1 1 -2 0 2 -1 1 -2 0 2 -1 1 -2 0 2 -1 1 -2 0 2 -1 1 -2 0 2 -1 1 -2 0 2 -1 1 -2 0 2 -1 1 -2 0 2 -1 1 -2 0 2 -1 1 -2 0 2 -1 1 -2 0 2 -1 1 -2 0 2 -1 1 -2 0 2 -1 1 -2 0 2 -1 1 -2 0 2 -1 1 -2 0 2 -1 1 -2 0 2 -1 1 -2 0 2 -1 1 -2 0 2 -1 1 -2 0 2 -1 1 -2 0 2 -1 1 -2 0 2 -1 1 -2 0 2 -1 1 -2 0 2 -1 1 -2 0 2 -1 1 -2 0 2 -1 1 -2 0 2 -1 1 -2 0 2 -1 1 -2 0 2 -1 1 -2 0 2 -1 1 -2 0 2 -1 1 -2 0 2 -1 1 -2 0 2 -1 1 -2 0 2 602 1 -2 0 2 -1 1 -2 0 2 -1 1 -2 0 2 -1 1 -2 0 2 -1 1 -2 0 2 -1 1 -2 0 2 -1 1 -2 0 2 -1 1 -2 0 2 -1 1 -2 0 2 -1 1 -2 0 2 -1 1 -2 0 2 -1 1 -2 0 2 -1 1 -2 0 2 -1 1 -2 0 2 -1 1 -2 0 2 -1 1 -2 0 2 -1 1 -2 0 2 -1 1 -2 0 2 -1 1 -2 0 2 -1 1 -2 0 2 -1 1 -2 0 2 -1 1 -2 0 2 -1 1 -2 0 2 -1
-2 1 -1 2 0 -2 1 -1 2 0 -2 1 -1 2 0 -2 1 -1 2 0 -2 1 -1 2 0 -2 1 -1 2 0 -2 1 -1 2 0 -2 1 -1 2 0 -2 1 -1 2 0 -2 1 -1 2 0 -2 1 -1 2 0 -2 1 -1 2 0 -2 1 -1 2 0 -2 1 -1 2 0 -2 1 -1 2 0 -2 1 -1 2 0 -2 1 -1 2 0 -2 1 -1 2 0 -2 1 -1 2 0 -2 1 -1 2 0 -2 1 -1 2 0 -2 1 -1 2 0 -2 1 -1 2 0 -2 1 -1 2 0 -2 1 -1 2 0 -2 1 -1 2 0 -2 1 -1 2 0 -2 1 -1 2 0 -2 1 -1 2 0 -2 1 -1 2 0 -2 1 -1 2 0 -2 1 -1 2 0 -2 1 -1 2 0 -2 1 -1 2 0 -2 1 -1 2 0 -2 1 -1 2 0 -2 1 -1 2 0 -2 1 -1 2 0 -2 1 -1 2 0 -2 1 -1 2 0 -2 1 -1 2 0 -2 1 -1 2 0 -2 1 -1 2 0 -2 1 -1 2 0 -2 1 -1 2 0 -2 1 -1 2 0 -2 1 -1 2 0 -2 1 -1 2 0 -2 1 -1 2 0 -2 1 -1 2 0 -2 1 -1 2 0 -2 1 -1 2 0 -2 1 -1 2 0 -2 1 -1 2 0 -2 1 -1 2 0 -2 1 -1 2 0 -2 1 -1 2 0 -2 1 -1 2 0 -2 1 -1 2 0 -2 1 -1 2 0 -2 1 -1 2 0 -2 1 -1 2 0 -2 1 -1 2 0 -2 1 -1 2 0 -2 1 -1 2 0 -2 1 -1 2 0 -2 1 -1 2 0 -2 1 -1 2 0 -2 1 -1 2 0 -2 1 -1 2 0 -2 1 -1 2 0 -2 1 -1 2 0 -2 1 -1 2 0 -2 1 -1 2 0 -2 1 -1 2 0 -2 1 -1 2 0 -2 1 -1 2 0 601 1 -1 2 0 -2 1 -1 2 0 -2 1 -1 2 0 -2 1 -1 2 0 -2 1 -1 2 0 -2 1 -1 2 0 -2 1 -1 2 0 -2 1 -1 2 0 -2 1 -1 2 0 -2 1 -1 2 0 -2 1 -1 2 0 -2 1 -1 2 0 -2 1 -1 2 0 -2 1 -1 2 0 -2 1 -1 2 0 -2 1 -1 2 0 -2 1 -1 2 0 -2 1 -1 2 0 -2 1 -1 2 0 -2 1 -1 2 0 -2 1 -1 2 0 -2 1 -1 2 0 -2 1 -1 2 0
0 -1 -2 2 1 0 -1 -2 2 1 0 -1 -2 2 1 0 -1 -2 2 1 0 -1 -2 2 1 0 -1 -2 2 1 0 -1 -2 2 1 0 -1 -2 2 1 0 -1 -2 2 1 0 -1 -2 2 1 0 -1 -2 2 1 0 -1 -2 2 1 0 -1 -2 2 1 0 -1 -2 2 1 0 -1 -2 2 1 0 -1 -2 2 1 0 -1 -2 2 1 0 -1 -2 2 1 0 -1 -2 2 1 0 -1 -2 2 1 0 -1 -2 2 1 0 -1 -2 2 1 0 -1 -2 2 1 0 -1 -2 2 1 0 -1 -2 2 1 0 -1 -2 2 1 0 -1 -2 2 1 0 -1 -2 2 1 0 -1 -2 2 1 0 -1 -2 2 1 0 -1 -2 2 1 0 -1 -2 2 1 0 -1 -2 2 1 0 -1 -2 2 1 0 -1 -2 2 1 0 -1 -2 2 1 0 -1 -2 2 1 0 -1 -2 2 1 0 -1 -2 2 1 0 -1 -2 2 1 0 -1 -2 2 1 0 -1 -2 2 1 0 -1 -2 2 1 0 -1 -2 2 1 0 -1 -2 2 1 0 -1 -2 2 1 0 -1 -2 2 1 0 -1 -2 2 1 0 -1 -2 2 1 0 -1 -2 2 1 0 -1 -2 2 1 0 -1 -2 2 1 0 -1 -2 2 1 0 -1 -2 2 1 0 -1 -2 2 1 0 -1 -2 2 1 0 -1 -2 2 1 0 -1 -2 2 1 0 -1 -2 2 1 0 -1 -2 2 1 0 -1 -2 2 1 0 -1 -2 2 1 0 -1 -2 2 1 0 -1 -2 2 1 0 -1 -2 2 1 0 -1 -2 2 1 0 -1 -2 2 1 0 -1 -2 2 1 0 -1 -2 2 1 0 -1 -2 2 1 0 -1 -2 2 1 0 -1 -2 2 1 0 -1 -2 2 1 0 -1 -2 2 1 0 -1 -2 2 1 0 -1 -2 2 1 0 -1 -2 2 1 0 602 -2 2 1 0 -1 -2 2 1 0 -1 -2 2 1 0 -1 -2 2 1 0 -1 -2 2 1 0 -1 -2 2 1 0 -1 -2 2 1 0 -1 -2 2 1 0 -1 -2 2 1 0 -1 -2 2 1 0 -1 -2 2 1 0 -1 -2 2 1 0 -1 -2 2 1 0 -1 -2 2 1 0 -1 -2 2 1 0 -1 -2 2 1 0 -1 -2 2 1 0 -1 -2 2 1 0 -1 -2 2 1 0 -1 -2 2 1 0 -1 -2 2 1 0 -1 -2 2 1 0 -1 -2 2 1
2 2 2 2 2 2 2 2 2 2 2 2 2 2 2 2 2 2 2 2 2 2 2 2 2 2 2 2 2 2 2 2 2 2 2 2 2 2 2 2 2 2 2 2 2 2 2 2 2 2 2 2 2 2 2 2 2 2 2 2 2 2 2 2 2 2 2 2 2 2 2 2 2 2 2 2 2 2 2 2 2 2 2 2 2 2 2 2 2 2 2 2 2 2 2 2 2 2 2 2 2 2 2 2 2 2 2 2 2 2 2 2 2 2 2 2 2 2 2 2 2 2 2 2 2 2 2 2 2 2 2 2 2 2 2 2 2 2 2 2 2 2 2 2 2 2 2 2 2 2 2 2 2 2 2 2 2 2 2 2 2 2 2 2 2 2 2 2 2 2 2 2 2 2 2 2 2 2 2 2 2 2 2 2 2 2 2 2 2 2 2 2 2 2 2 2 2 2 2 2 2 2 2 2 2 2 2 2 2 2 2 2 2 2 2 2 2 2 2 2 2 2 2 2 2 2 2 2 2 2 2 2 2 2 2 2 2 2 2 2 2 2 2 2 2 2 2 2 2 2 2 2 2 2 2 2 2 2 2 2 2 2 2 2 2 2 2 2 2 2 2 2 2 2 2 2 2 2 2 2 2 2 2 2 2 2 2 2 2 2 2 2 2 2 2 2 2 2 2 2 2 2 2 2 2 2 2 2 2 2 2 2 2 2 2 2 2 2 2 2 2 2 2 2 2 2 2 2 2 2 2 2 2 2 2 2 2 2 2 2 2 2 2 2 2 2 2 2 2 2 2 2 2 2 2 2 2 2 2 2 2 2 2 2 2 2 2 2 2 2 2 2 2 2 2 2 2 2 2 2 2 2 2 2 2 2 2 1001 2 2 2 2 2 2 2 2 2 2 2 2 2 2 2 2 2 2 2 2 2 2 2 2 2 2 2 2 2 2 2 2 2 2 2 2 2 2 2 2 2 2 2 2 2 2 2 2 2 2 2 2 2 2 2 2 2 2 2 2 2 2 2 2 2 2 2 2 2 2 2 2 2 2 2 2 2 2 2 2 2 2 2 2 2 2 2 2 2 2 2 2 2 2 2 2 2 2 2 2 2 2 2 2 2 2 2 2 2 2 2 2
-1 0 1 2 -2 -1 0 1 2 -2 -1 0 1 2 -2 -1 0 1 2 -2 -1 0 1 2 -2 -1 0 1 2 -2 -1 0 1 2 -2 -1 0 1 2 -2 -1 0 1 2 -2 -1 0 1 2 -2 -1 0 1 2 -2 -1 0 1 2 -2 -1 0 1 2 -2 -1 0 1 2 -2 -1 0 1 2 -2 -1 0 1 2 -2 -1 0 1 2 -2 -1 0 1 2 -2 -1 0 1 2 -2 -1 0 1 2 -2 -1 0 1 2 -2 -1 0 1 2 -2 -1 0 1 2 -2 -1 0 1 2 -2 -1 0 1 2 -2 -1 0 1 2 -2 -1 0 1 2 -2 -1 0 1 2 -2 -1 0 1 2 -2 -1 0 1 2 -2 -1 0 1 2 -2 -1 0 1 2 -2 -1 0 1 2 -2 -1 0 1 2 -2 -1 0 1 2 -2 -1 0 1 2 -2 -1 0 1 2 -2 -1 0 1 2 -2 -1 0 1 2 -2 -1 0 1 2 -2 -1 0 1 2 -2 -1 0 1 2 -2 -1 0 1 2 -2 -1 0 1 2 -2 -1 0 1 2 -2 -1 0 1 2 -2 -1 0 1 2 -2 -1 0 1 2 -2 -1 0 1 2 -2 -1 0 1 2 -2 -1 0 1 2 -2 -1 0 1 2 -2 -1 0 1 2 -2 -1 0 1 2 -2 -1 0 1 2 -2 -1 0 1 2 -2 -1 0 1 2 -2 -1 0 1 2 -2 -1 0 1 2 -2 -1 0 1 2 -2 -1 0 1 2 -2 -1 0 1 2 -2 -1 0 1 2 -2 -1 0 1 2 -2 -1 0 1 2 -2 -1 0 1 2 -2 -1 0 1 2 -2 -1 0 1 2 -2 -1 0 1 2 -2 -1 0 1 2 -2 -1 0 1 2 -2 -1 0 1 2 -2 -1 0 1 2 -2 -1 0 1 2 -2 -1 0 1 2 -2 -1 0 1 2 -2 -1 0 1 2 -2 -1 0 1 601 -2 -1 0 1 2 -2 -1 0 1 2 -2 -1 0 1 2 -2 -1 0 1 2 -2 -1 0 1 2 -2 -1 0 1 2 -2 -1 0 1 2 -2 -1 0 1 2 -2 -1 0 1 2 -2 -1 0 1 2 -2 -1 0 1 2 -2 -1 0 1 2 -2 -1 0 1 2 -2 -1 0 1 2 -2 -1 0 1 2 -2 -1 0 1 2 -2 -1 0 1 2 -2 -1 0 1 2 -2 -1 0 1 2 -2 -1 0 1 2 -2 -1 0 1 2 -2 -1 0 1 2 -2
1 -2 0 2 -1 1 -2 0 2 -1 1 -2 0 2 -1 1 -2 0 2 -1 1 -2 0 2 -1 1 -2 0 2 -1 1 -2 0 2 -1 1 -2 0 2 -1 1 -2 0 2 -1 1 -2 0 2 -1 1 -2 0 2 -1 1 -2 0 2 -1 1 -2 0 2 -1 1 -2 0 2 -1 1 -2 0 2 -1 1 -2 0 2 -1 1 -2 0 2 -1 1 -2 0 2 -1 1 -2 0 2 -1 1 -2 0 2 -1 1 -2 0 2 -1 1 -2 0 2 -1 1 -2 0 2 -1 1 -2 0 2 -1 1 -2 0 2 -1 1 -2 0 2 -1 1 -2 0 2 -1 1 -2 0 2 -1 1 -2 0 2 -1 1 -2 0 2 -1 1 -2 0 2 -1 1 -2 0 2 -1 1 -2 0 2 -1 1 -2 0 2 -1 1 -2 0 2 -1 1 -2 0 2 -1 1 -2 0 2 -1 1 -2 0 2 -1 1 -2 0 2 -1 1 -2 0 2 -1 1 -2 0 2 -1 1 -2 0 2 -1 1 -2 0 2 -1 1 -2 0 2 -1 1 -2 0 2 -1 1 -2 0 2 -1 1 -2 0 2 -1 1 -2 0 2 -1 1 -2 0 2 -1 1 -2 0 2 -1 1 -2 0 2 -1 1 -2 0 2 -1 1 -2 0 2 -1 1 -2 0 2 -1 1 -2 0 2 -1 1 -2 0 2 -1 1 -2 0 2 -1 1 -2 0 2 -1 1 -2 0 2 -1 1 -2 0 2 -1 1 -2 0 2 -1 1 -2 0 2 -1 1 -2 0 2 -1 1 -2 0 2 -1 1 -2 0 2 -1 1 -2 0 2 -1 1 -2 0 2 -1 1 -2 0 2 -1 1 -2 0 2 -1 1 -2 0 2 -1 1 -2 0 2 -1 1 -2 0 2 -1 1 -2 0 2 -1 1 -2 0 2 -1 1 -2 0 2 -1 1 -2 0 2 -1 1 -2 0 2 -1 1 -2 0 2 602 1 -2 0 2 -1 1 -2 0 2 -1 1 -2 0 2 -1 1 -2 0 2 -1 1 -2 0 2 -1 1 -2 0 2 -1 1 -2 0 2 -1 1 -2 0 2 -1 1 -2 0 2 -1 1 -2 0 2 -1 1 -2 0 2 -1 1 -2 0 2 -1 1 -2 0 2 -1 1 -2 0 2 -1 1 -2 0 2 -1 1 -2 0 2 -1 1 -2 0 2 -1 1 -2 0 2 -1 1 -2 0 2 -1 1 -2 0 2 -1 1 -2 0 2 -1 1 -2 0 2 -1
-2 1 -1 2 0 -2 1 -1 2 0 -2 1 -1 2 0 -2 1 -1 2 0 -2 1 -1 2 0 -2 1 -1 2 0 -2 1 -1 2 0 -2 1 -1 2 0 -2 1 -1 2 0 -2 1 -1 2 0 -2 1 -1 2 0 -2 1 -1 2 0 -2 1 -1 2 0 -2 1 -1 2 0 -2 1 -1 2 0 -2 1 -1 2 0 -2 1 -1 2 0 -2 1 -1 2 0 -2 1 -1 2 0 -2 1 -1 2 0 -2 1 -1 2 0 -2 1 -1 2 0 -2 1 -1 2 0 -2 1 -1 2 0 -2 1 -1 2 0 -2 1 -1 2 0 -2 1 -1 2 0 -2 1 -1 2 0 -2 1 -1 2 0 -2 1 -1 2 0 -2 1 -1 2 0 -2 1 -1 2 0 -2 1 -1 2 0 -2 1 -1 2 0 -2 1 -1 2 0 -2 1 -1 2 0 -2 1 -1 2 0 -2 1 -1 2 0 -2 1 -1 2 0 -2 1 -1 2 0 -2 1 -1 2 0 -2 1 -1 2 0 -2 1 -1 2 0 -2 1 -1 2 0 -2 1 -1 2 0 -2 1 -1 2 0 -2 1 -1 2 0 -2 1 -1 2 0 -2 1 -1 2 0 -2 1 -1 2 0 -2 1 -1 2 0 -2 1 -1 2 0 -2 1 -1 2 0 -2 1 -1 2 0 -2 1 -1 2 0 -2 1 -1 2 0 -2 1 -1 2 0 -2 1 -1 2 0 -2 1 -1 2 0 -2 1 -1 2 0 -2 1 -1 2 0 -2 1 -1 2 0 -2 1 -1 2 0 -2 1 -1 2 0 -2 1 -1 2 0 -2 1 -1 2 0 -2 1 -1 2 0 -2 1 -1 2 0 -2 1 -1 2 0 -2 1 -1 2 0 -2 1 -1 2 0 -2 1 -1 2 0 -2 1 -1 2 0 -2 1 -1 2 0 -2 1 -1 2 0 -2 1 -1 2 0 -2 1 -1 2 0 -2 1 -1 2 0 601 1 -1 2 0 -2 1 -1 2 0 -2 1 -1 2 0 -2 1 -1 2 0 -2 1 -1 2 0 -2 1 -1 2 0 -2 1 -1 2 0 -2 1 -1 2 0 -2 1 -1 2 0 -2 1 -1 2 0 -2 1 -1 2 0 -2 1 -1 2 0 -2 1 -1 2 0 -2 1 -1 2 0 -2 1 -1 2 0 -2 1 -1 2 0 -2 1 -1 2 0 -2 1 -1 2 0 -2 1 -1 2 0 -2 1 -1 2 0 -2 1 -1 2 0 -2 1 -1 2 0
0 -1 -2 2 1 0 -1 -2 2 1 0 -1 -2 2 1 0 -1 -2 2 1 0 -1 -2 2 1 0 -1 -2 2 1 0 -1 -2 2 1 0 -1 -2 2 1 0 -1 -2 2 1 0 -1 -2 2 1 0 -1 -2 2 1 0 -1 -2 2 1 0 -1 -2 2 1 0 -1 -2 2 1 0 -1 -2 2 1 0 -1 -2 2 1 0 -1 -2 2 1 0 -1 -2 2 1 0 -1 -2 2 1 0 -1 -2 2 1 0 -1 -2 2 1 0 -1 -2 2 1 0 -1 -2 2 1 0 -1 -2 2 1 0 -1 -2 2 1 0 -1 -2 2 1 0 -1 -2 2 1 0 -1 -2 2 1 0 -1 -2 2 1 0 -1 -2 2 1 0 -1 -2 2 1 0 -1 -2 2 1 0 -1 -2 2 1 0 -1 -2 2 1 0 -1 -2 2 1 0 -1 -2 2 1 0 -1 -2 2 1 0 -1 -2 2 1 0 -1 -2 2 1 0 -1 -2 2 1 0 -1 -2 2 1 0 -1 -2 2 1 0 -1 -2 2 1 0 -1 -2 2 1 0 -1 -2 2 1 0 -1 -2 2 1 0 -1 -2 2 1 0 -1 -2 2 1 0 -1 -2 2 1 0 -1 -2 2 1 0 -1 -2 2 1 0 -1 -2 2 1 0 -1 -2 2 1 0 -1 -2 2 1 0 -1 -2 2 1 0 -1 -2 2 1 0 -1 -2 2 1 0 -1 -2 2 1 0 -1 -2 2 1 0 -1 -2 2 1 0 -1 -2 2 1 0 -1 -2 2 1 0 -1 -2 2 1 0 -1 -2 2 1 0 -1 -2 2 1 0 -1 -2 2 1 0 -1 -2 2 1 0 -1 -2 2 1 0 -1 -2 2 1 0 -1 -2 2 1 0 -1 -2 2 1 0 -1 -2 2 1 0 -1 -2 2 1 0 -1 -2 2 1 0 -1 -2 2 1 0 -1 -2 2 1 0 -1 -2 2 1 0 -1 -2 2 1 0 602 -2 2 1 0 -1 -2 2 1 0 -1 -2 2 1 0 -1 -2 2 1 0 -1 -2 2 1 0 -1 -2 2 1 0 -1 -2 2 1 0 -1 -2 2 1 0 -1 -2 2 1 0 -1 -2 2 1 0 -1 -2 2 1 0 -1 -2 2 1 0 -1 -2 2 1 0 -1 -2 2 1 0 -1 -2 2 1 0 -1 -2 2 1 0 -1 -2 2 1 0 -1 -2 2 1 0 -1 -2 2 1 0 -1 -2 2 1 0 -1 -2 2 1 0 -1 -2 2 1
2 2 2 2 2 2 2 2 2 2 2 2 2 2 2 2 2 2 2 2 2 2 2 2 2 2 2 2 2 2 2 2 2 2 2 2 2 2 2 2 2 2 2 2 2 2 2 2 2 2 2 2 2 2 2 2 2 2 2 2 2 2 2 2 2 2 2 2 2 2 2 2 2 2 2 2 2 2 2 2 2 2 2 2 2 2 2 2 2 2 2 2 2 2 2 2 2 2 2 2 2 2 2 2 2 2 2 2 2 2 2 2 2 2 2 2 2 2 2 2 2 2 2 2 2 2 2 2 2 2 2 2 2 2 2 2 2 2 2 2 2 2 2 2 2 2 2 2 2 2 2 2 2 2 2 2 2 2 2 2 2 2 2 2 2 2 2 2 2 2 2 2 2 2 2 2 2 2 2 2 2 2 2 2 2 2 2 2 2 2 2 2 2 2 2 2 2 2 2 2 2 2 2 2 2 2 2 2 2 2 2 2 2 2 2 2 2 2 2 2 2 2 2 2 2 2 2 2 2 2 2 2 2 2 2 2 2 2 2 2 2 2 2 2 2 2 2 2 2 2 2 2 2 2 2 2 2 2 2 2 2 2 2 2 2 2 2 2 2 2 2 2 2 2 2 2 2 2 2 2 2 2 2 2 2 2 2 2 2 2 2 2 2 2 2 2 2 2 2 2 2 2 2 2 2 2 2 2 2 2 2 2 2 2 2 2 2 2 2 2 2 2 2 2 2 2 2 2 2 2 2 2 2 2 2 2 2 2 2 2 2 2 2 2 2 2 2 2 2 2 2 2 2 2 2 2 2 2 2 2 2 2 2 2 2 2 2 2 2 2 2 2 2 2 2 2 2 2 2 2 2 2 2 2 2 2 2 2 2 2 2 2 1001 2 2 2 2 2 2 2 2 2 2 2 2 2 2 2 2 2 2 2 2 2 2 2 2 2 2 2 2 2 2 2 2 2 2 2 2 2 2 2 2 2 2 2 2 2 2 2 2 2 2 2 2 2 2 2 2 2 2 2 2 2 2 2 2 2 2 2 2 2 2 2 2 2 2 2 2 2 2 2 2 2 2 2 2 2 2 2 2 2 2 2 2 2 2 2 2 2 2 2 2 2 2 2 2 2 2 2
-1 0 1 2 -2 -1 0 1 2 -2 -1 0 1 2 -2 -1 0 1 2 -2 -1 0 1 2 -2 -1 0 1 2 -2 -1 0 1 2 -2 -1 0 1 2 -2 -1 0 1 2 -2 -1 0 1 2 -2 -1 0 1 2 -2 -1 0 1 2 -2 -1 0 1 2 -2 -1 0 1 2 -2 -1 0 1 2 -2 -1 0 1 2 -2 -1 0 1 2 -2 -1 0 1 2 -2 -1 0 1 2 -2 -1 0 1 2 -2 -1 0 1 2 -2 -1 0 1 2 -2 -1 0 1 2 -2 -1 0 1 2 -2 -1 0 1 2 -2 -1 0 1 2 -2 -1 0 1 2 -2 -1 0 1 2 -2 -1 0 1 2 -2 -1 0 1 2 -2 -1 0 1 2 -2 -1 0 1 2 -2 -1 0 1 2 -2 -1 0 1 2 -2 -1 0 1 2 -2 -1 0 1 2 -2 -1 0 1 2 -2 -1 0 1 2 -2 -1 0 1 2 -2 -1 0 1 2 -2 -1 0 1 2 -2 -1 0 1 2 -2 -1 0 1 2 -2 -1 0 1 2 -2 -1 0 1 2 -2 -1 0 1 2 -2 -1 0 1 2 -2 -1 0 1 2 -2 -1 0 1 2 -2 -1 0 1 2 -2 -1 0 1 2 -2 -1 0 1 2 -2 -1 0 1 2 -2 -1 0 1 2 -2 -1 0 1 2 -2 -1 0 1 2 -2 -1 0 1 2 -2 -1 0 1 2 -2 -1 0 1 2 -2 -1 0 1 2 -2 -1 0 1 2 -2 -1 0 1 2 -2 -1 0 1 2 -2 -1 0 1 2 -2 -1 0 1 2 -2 -1 0 1 2 -2 -1 0 1 2 -2 -1 0 1 2 -2 -1 0 1 2 -2 -1 0 1 2 -2 -1 0 1 2 -2 -1 0 1 2 -2 -1 0 1 2 -2 -1 0 1 2 -2 -1 0 1 2 -2 -1 0 1 2 -2 -1 0 1 2 -2 -1 0 1 2 -2 -1 0 1 601 -2 -1 0 1 2 -2 -1 0 1 2 -2 -1 0 1 2 -2 -1 0 1 2 -2 -1 0 1 2 -2 -1 0 1 2 -2 -1 0 1 2 -2 -1 0 1 2 -2 -1 0 1 2 -2 -1 0 1 2 -2 -1 0 1 2 -2 -1 0 1 2 -2 -1 0 1 2 -2 -1 0 1 2 -2 -1 0 1 2 -2 -1 0 1 2 -2 -1 0 1 2 -2 -1 0 1 2 -2 -1 0 1 2 -2 -1 0 1 2 -2 -1 0 1 2 -2
1 -2 0 2 -1 1 -2 0 2 -1 1 -2 0 2 -1 1 -2 0 2 -1 1 -2 0 2 -1 1 -2 0 2 -1 1 -2 0 2 -1 1 -2 0 2 -1 1 -2 0 2 -1 1 -2 0 2 -1 1 -2 0 2 -1 1 -2 0 2 -1 1 -2 0 2 -1 1 -2 0 2 -1 1 -2 0 2 -1 1 -2 0 2 -1 1 -2 0 2 -1 1 -2 0 2 -1 1 -2 0 2 -1 1 -2 0 2 -1 1 -2 0 2 -1 1 -2 0 2 -1 1 -2 0 2 -1 1 -2 0 2 -1 1 -2 0 2 -1 1 -2 0 2 -1 1 -2 0 2 -1 1 -2 0 2 -1 1 -2 0 2 -1 1 -2 0 2 -1 1 -2 0 2 -1 1 -2 0 2 -1 1 -2 0 2 -1 1 -2 0 2 -1 1 -2 0 2 -1 1 -2 0 2 -1 1 -2 0 2 -1 1 -2 0 2 -1 1 -2 0 2 -1 1 -2 0 2 -1 1 -2 0 2 -1 1 -2 0 2 -1 1 -2 0 2 -1 1 -2 0 2 -1 1 -2 0 2 -1 1 -2 0 2 -1 1 -2 0 2 -1 1 -2 0 2 -1 1 -2 0 2 -1 1 -2 0 2 -1 1 -2 0 2 -1 1 -2 0 2 -1 1 -2 0 2 -1 1 -2 0 2 -1 1 -2 0 2 -1 1 -2 0 2 -1 1 -2 0 2 -1 1 -2 0 2 -1 1 -2 0 2 -1 1 -2 0 2 -1 1 -2 0 2 -1 1 -2 0 2 -1 1 -2 0 2 -1 1 -2 0 2 -1 1 -2 0 2 -1 1 -2 0 2 -1 1 -2 0 2 -1 1 -2 0 2 -1 1 -2 0 2 -1 1 -2 0 2 -1 1 -2 0 2 -1 1 -2 0 2 -1 1 -2 0 2 -1 1 -2 0 2 -1 1 -2 0 2 -1 1 -2 0 2 -1 1 -2 0 2 -1 1 -2 0 2 -1 1 -2 0 2 602 1 -2 0 2 -1 1 -2 0 2 -1 1 -2 0 2 -1 1 -2 0 2 -1 1 -2 0 2 -1 1 -2 0 2 -1 1 -2 0 2 -1 1 -2 0 2 -1 1 -2 0 2 -1 1 -2 0 2 -1 1 -2 0 2 -1 1 -2 0 2 -1 1 -2 0 2 -1 1 -2 0 2 -1 1 -2 0 2 -1 1 -2 0 2 -1 1 -2 0 2 -1 1 -2 0 2 -1 1 -2 0 2 -1 1 -2 0 2 -1 1 -2 0 2 -1
-2 1 -1 2 0 -2 1 -1 2 0 -2 1 -1 2 0 -2 1 -1 2 0 -2 1 -1 2 0 -2 1 -1 2 0 -2 1 -1 2 0 -2 1 -1 2 0 -2 1 -1 2 0 -2 1 -1 2 0 -2 1 -1 2 0 -2 1 -1 2 0 -2 1 -1 2 0 -2 1 -1 2 0 -2 1 -1 2 0 -2 1 -1 2 0 -2 1 -1 2 0 -2 1 -1 2 0 -2 1 -1 2 0 -2 1 -1 2 0 -2 1 -1 2 0 -2 1 -1 2 0 -2 1 -1 2 0 -2 1 -1 2 0 -2 1 -1 2 0 -2 1 -1 2 0 -2 1 -1 2 0 -2 1 -1 2 0 -2 1 -1 2 0 -2 1 -1 2 0 -2 1 -1 2 0 -2 1 -1 2 0 -2 1 -1 2 0 -2 1 -1 2 0 -2 1 -1 2 0 -2 1 -1 2 0 -2 1 -1 2 0 -2 1 -1 2 0 -2 1 -1 2 0 -2 1 -1 2 0 -2 1 -1 2 0 -2 1 -1 2 0 -2 1 -1 2 0 -2 1 -1 2 0 -2 1 -1 2 0 -2 1 -1 2 0 -2 1 -1 2 0 -2 1 -1 2 0 -2 1 -1 2 0 -2 1 -1 2 0 -2 1 -1 2 0 -2 1 -1 2 0 -2 1 -1 2 0 -2 1 -1 2 0 -2 1 -1 2 0 -2 1 -1 2 0 -2 1 -1 2 0 -2 1 -1 2 0 -2 1 -1 2 0 -2 1 -1 2 0 -2 1 -1 2 0 -2 1 -1 2 0 -2 1 -1 2 0 -2 1 -1 2 0 -2 1 -1 2 0 -2 1 -1 2 0 -2 1 -1 2 0 -2 1 -1 2 0 -2 1 -1 2 0 -2 1 -1 2 0 -2 1 -1 2 0 -2 1 -1 2 0 -2 1 -1 2 0 -2 1 -1 2 0 -2 1 -1 2 0 -2 1 -1 2 0 -2 1 -1 2 0 -2 1 -1 2 0 -2 1 -1 2 0 601 1 -1 2 0 -2 1 -1 2 0 -2 1 -1 2 0 -2 1 -1 2 0 -2 1 -1 2 0 -2 1 -1 2 0 -2 1 -1 2 0 -2 1 -1 2 0 -2 1 -1 2 0 -2 1 -1 2 0 -2 1 -1 2 0 -2 1 -1 2 0 -2 1 -1 2 0 -2 1 -1 2 0 -2 1 -1 2 0 -2 1 -1 2 0 -2 1 -1 2 0 -2 1 -1 2 0 -2 1 -1 2 0 -2 1 -1 2 0 -2 1 -1 2 0
0 -1 -2 2 1 0 -1 -2 2 1 0 -1 -2 2 1 0 -1 -2 2 1 0 -1 -2 2 1 0 -1 -2 2 1 0 -1 -2 2 1 0 -1 -2 2 1 0 -1 -2 2 1 0 -1 -2 2 1 0 -1 -2 2 1 0 -1 -2 2 1 0 -1 -2 2 1 0 -1 -2 2 1 0 -1 -2 2 1 0 -1 -2 2 1 0 -1 -2 2 1 0 -1 -2 2 1 0 -1 -2 2 1 0 -1 -2 2 1 0 -1 -2 2 1 0 -1 -2 2 1 0 -1 -2 2 1 0 -1 -2 2 1 0 -1 -2 2 1 0 -1 -2 2 1 0 -1 -2 2 1 0 -1 -2 2 1 0 -1 -2 2 1 0 -1 -2 2 1 0 -1 -2 2 1 0 -1 -2 2 1 0 -1 -2 2 1 0 -1 -2 2 1 0 -1 -2 2 1 0 -1 -2 2 1 0 -1 -2 2 1 0 -1 -2 2 1 0 -1 -2 2 1 0 -1 -2 2 1 0 -1 -2 2 1 0 -1 -2 2 1 0 -1 -2 2 1 0 -1 -2 2 1 0 -1 -2 2 1 0 -1 -2 2 1 0 -1 -2 2 1 0 -1 -2 2 1 0 -1 -2 2 1 0 -1 -2 2 1 0 -1 -2 2 1 0 -1 -2 2 1 0 -1 -2 2 1 0 -1 -2 2 1 0 -1 -2 2 1 0 -1 -2 2 1 0 -1 -2 2 1 0 -1 -2 2 1 0 -1 -2 2 1 0 -1 -2 2 1 0 -1 -2 2 1 0 -1 -2 2 1 0 -1 -2 2 1 0 -1 -2 2 1 0 -1 -2 2 1 0 -1 -2 2 1 0 -1 -2 2 1 0 -1 -2 2 1 0 -1 -2 2 1 0 -1 -2 2 1 0 -1 -2 2 1 0 -1 -2 2 1 0 -1 -2 2 1 0 -1 -2 2 1 0 -1 -2 2 1 0 -1 -2 2 1 0 -1 -2 2 1 0 -1 -2 2 1 0 -1 -2 2 1 0 602 -2 2 1 0 -1 -2 2 1 0 -1 -2 2 1 0 -1 -2 2 1 0 -1 -2 2 1 0 -1 -2 2 1 0 -1 -2 2 1 0 -1 -2 2 1 0 -1 -2 2 1 0 -1 -2 2 1 0 -1 -2 2 1 0 -1 -2 2 1 0 -1 -2 2 1 0 -1 -2 2 1 0 -1 -2 2 1 0 -1 -2 2 1 0 -1 -2 2 1 0 -1 -2 2 1 0 -1 -2 2 1 0 -1 -2 2 1 0 -1 -2 2 1
2 2 2 2 2 2 2 2 2 2 2 2 2 2 2 2 2 2 2 2 2 2 2 2 2 2 2 2 2 2 2 2 2 2 2 2 2 2 2 2 2 2 2 2 2 2 2 2 2 2 2 2 2 2 2 2 2 2 2 2 2 2 2 2 2 2 2 2 2 2 2 2 2 2 2 2 2 2 2 2 2 2 2 2 2 2 2 2 2 2 2 2 2 2 2 2 2 2 2 2 2 2 2 2 2 2 2 2 2 2 2 2 2 2 2 2 2 2 2 2 2 2 2 2 2 2 2 2 2 2 2 2 2 2 2 2 2 2 2 2 2 2 2 2 2 2 2 2 2 2 2 2 2 2 2 2 2 2 2 2 2 2 2 2 2 2 2 2 2 2 2 2 2 2 2 2 2 2 2 2 2 2 2 2 2 2 2 2 2 2 2 2 2 2 2 2 2 2 2 2 2 2 2 2 2 2 2 2 2 2 2 2 2 2 2 2 2 2 2 2 2 2 2 2 2 2 2 2 2 2 2 2 2 2 2 2 2 2 2 2 2 2 2 2 2 2 2 2 2 2 2 2 2 2 2 2 2 2 2 2 2 2 2 2 2 2 2 2 2 2 2 2 2 2 2 2 2 2 2 2 2 2 2 2 2 2 2 2 2 2 2 2 2 2 2 2 2 2 2 2 2 2 2 2 2 2 2 2 2 2 2 2 2 2 2 2 2 2 2 2 2 2 2 2 2 2 2 2 2 2 2 2 2 2 2 2 2 2 2 2 2 2 2 2 2 2 2 2 2 2 2 2 2 2 2 2 2 2 2 2 2 2 2 2 2 2 2 2 2 2 2 2 2 2 2 2 2 2 2 2 2 2 2 2 2 2 2 2 2 2 2 2 2 2 2 2 2 1001 2 2 2 2 2 2 2 2 2 2 2 2 2 2 2 2 2 2 2 2 2 2 2 2 2 2 2 2 2 2 2 2 2 2 2 2 2 2 2 2 2 2 2 2 2 2 2 2 2 2 2 2 2 2 2 2 2 2 2 2 2 2 2 2 2 2 2 2 2 2 2 2 2 2 2 2 2 2 2 2 2 2 2 2 2 2 2 2 2 2 2 2 2 2 2 2 2 2 2 2 2 2
-1 0 1 2 -2 -1 0 1 2 -2 -1 0 1 2 -2 -1 0 1 2 -2 -1 0 1 2 -2 -1 0 1 2 -2 -1 0 1 2 -2 -1 0 1 2 -2 -1 0 1 2 -2 -1 0 1 2 -2 -1 0 1 2 -2 -1 0 1 2 -2 -1 0 1 2 -2 -1 0 1 2 -2 -1 0 1 2 -2 -1 0 1 2 -2 -1 0 1 2 -2 -1 0 1 2 -2 -1 0 1 2 -2 -1 0 1 2 -2 -1 0 1 2 -2 -1 0 1 2 -2 -1 0 1 2 -2 -1 0 1 2 -2 -1 0 1 2 -2 -1 0 1 2 -2 -1 0 1 2 -2 -1 0 1 2 -2 -1 0 1 2 -2 -1 0 1 2 -2 -1 0 1 2 -2 -1 0 1 2 -2 -1 0 1 2 -2 -1 0 1 2 -2 -1 0 1 2 -2 -1 0 1 2 -2 -1 0 1 2 -2 -1 0 1 2 -2 -1 0 1 2 -2 -1 0 1 2 -2 -1 0 1 2 -2 -1 0 1 2 -2 -1 0 1 2 -2 -1 0 1 2 -2 -1 0 1 2 -2 -1 0 1 2 -2 -1 0 1 2 -2 -1 0 1 2 -2 -1 0 1 2 -2 -1 0 1 2 -2 -1 0 1 2 -2 -1 0 1 2 -2 -1 0 1 2 -2 -1 0 1 2 -2 -1 0 1 2 -2 -1 0 1 2 -2 -1 0 1 2 -2 -1 0 1 2 -2 -1 0 1 2 -2 -1 0 1 2 -2 -1 0 1 2 -2 -1 0 1 2 -2 -1 0 1 2 -2 -1 0 1 2 -2 -1 0 1 2 -2 -1 0 1 2 -2 -1 0 1 2 -2 -1 0 1 2 -2 -1 0 1 2 -2 -1 0 1 2 -2 -1 0 1 2 -2 -1 0 1 2 -2 -1 0 1 2 -2 -1 0 1 2 -2 -1 0 1 2 -2 -1 0 1 2 -2 -1 0 1 2 -2 -1 0 1 2 -2 -1 0 1 2 -2 -1 0 1 601 -2 -1 0 1 2 -2 -1 0 1 2 -2 -1 0 1 2 -2 -1 0 1 2 -2 -1 0 1 2 -2 -1 0 1 2 -2 -1 0 1 2 -2 -1 0 1 2 -2 -1 0 1 2 -2 -1 0 1 2 -2 -1 0 1 2 -2 -1 0 1 2 -2 -1 0 1 2 -2 -1 0 1 2 -2 -1 0 1 2 -2 -1 0 1 2 -2 -1 0 1 2 -2 -1 0 1 2 -2 -1 0 1 2 -2 -1 0 1 2 -2
1 -2 0 2 -1 1 -2 0 2 -1 1 -2 0 2 -1 1 -2 0 2 -1 1 -2 0 2 -1 1 -2 0 2 -1 1 -2 0 2 -1 1 -2 0 2 -1 1 -2 0 2 -1 1 -2 0 2 -1 1 -2 0 2 -1 1 -2 0 2 -1 1 -2 0 2 -1 1 -2 0 2 -1 1 -2 0 2 -1 1 -2 0 2 -1 1 -2 0 2 -1 1 -2 0 2 -1 1 -2 0 2 -1 1 -2 0 2 -1 1 -2 0 2 -1 1 -2 0 2 -1 1 -2 0 2 -1 1 -2 0 2 -1 1 -2 0 2 -1 1 -2 0 2 -1 1 -2 0 2 -1 1 -2 0 2 -1 1 -2 0 2 -1 1 -2 0 2 -1 1 -2 0 2 -1 1 -2 0 2 -1 1 -2 0 2 -1 1 -2 0 2 -1 1 -2 0 2 -1 1 -2 0 2 -1 1 -2 0 2 -1 1 -2 0 2 -1 1 -2 0 2 -1 1 -2 0 2 -1 1 -2 0 2 -1 1 -2 0 2 -1 1 -2 0 2 -1 1 -2 0 2 -1 1 -2 0 2 -1 1 -2 0 2 -1 1 -2 0 2 -1 1 -2 0 2 -1 1 -2 0 2 -1 1 -2 0 2 -1 1 -2 0 2 -1 1 -2 0 2 -1 1 -2 0 2 -1 1 -2 0 2 -1 1 -2 0 2 -1 1 -2 0 2 -1 1 -2 0 2 -1 1 -2 0 2 -1 1 -2 0 2 -1 1 -2 0 2 -1 1 -2 0 2 -1 1 -2 0 2 -1 1 -2 0 2 -1 1 -2 0 2 -1 1 -2 0 2 -1 1 -2 0 2 -1 1 -2 0 2 -1 1 -2 0 2 -1 1 -2 0 2 -1 1 -2 0 2 -1 1 -2 0 2 -1 1 -2 0 2 -1 1 -2 0 2 -1 1 -2 0 2 -1 1 -2 0 2 -1 1 -2 0 2 -1 1 -2 0 2 -1 1 -2 0 2 -1 1 -2 0 2 -1 1 -2 0 2 602 1 -2 0 2 -1 1 -2 0 2 -1 1 -2 0 2 -1 1 -2 0 2 -1 1 -2 0 2 -1 1 -2 0 2 -1 1 -2 0 2 -1 1 -2 0 2 -1 1 -2 0 2 -1 1 -2 0 2 -1 1 -2 0 2 -1 1 -2 0 2 -1 1 -2 0 2 -1 1 -2 0 2 -1 1 -2 0 2 -1 1 -2 0 2 -1 1 -2 0 2 -1 1 -2 0 2 -1 1 -2 0 2 -1 1 -2 0 2 -1
-2 1 -1 2 0 -2 1 -1 2 0 -2 1 -1 2 0 -2 1 -1 2 0 -2 1 -1 2 0 -2 1 -1 2 0 -2 1 -1 2 0 -2 1 -1 2 0 -2 1 -1 2 0 -2 1 -1 2 0 -2 1 -1 2 0 -2 1 -1 2 0 -2 1 -1 2 0 -2 1 -1 2 0 -2 1 -1 2 0 -2 1 -1 2 0 -2 1 -1 2 0 -2 1 -1 2 0 -2 1 -1 2 0 -2 1 -1 2 0 -2 1 -1 2 0 -2 1 -1 2 0 -2 1 -1 2 0 -2 1 -1 2 0 -2 1 -1 2 0 -2 1 -1 2 0 -2 1 -1 2 0 -2 1 -1 2 0 -2 1 -1 2 0 -2 1 -1 2 0 -2 1 -1 2 0 -2 1 -1 2 0 -2 1 -1 2 0 -2 1 -1 2 0 -2 1 -1 2 0 -2 1 -1 2 0 -2 1 -1 2 0 -2 1 -1 2 0 -2 1 -1 2 0 -2 1 -1 2 0 -2 1 -1 2 0 -2 1 -1 2 0 -2 1 -1 2 0 -2 1 -1 2 0 -2 1 -1 2 0 -2 1 -1 2 0 -2 1 -1 2 0 -2 1 -1 2 0 -2 1 -1 2 0 -2 1 -1 2 0 -2 1 -1 2 0 -2 1 -1 2 0 -2 1 -1 2 0 -2 1 -1 2 0 -2 1 -1 2 0 -2 1 -1 2 0 -2 1 -1 2 0 -2 1 -1 2 0 -2 1 -1 2 0 -2 1 -1 2 0 -2 1 -1 2 0 -2 1 -1 2 0 -2 1 -1 2 0 -2 1 -1 2 0 -2 1 -1 2 0 -2 1 -1 2 0 -2 1 -1 2 0 -2 1 -1 2 0 -2 1 -1 2 0 -2 1 -1 2 0 -2 1 -1 2 0 -2 1 -1 2 0 -2 1 -1 2 0 -2 1 -1 2 0 -2 1 -1 2 0 -2 1 -1 2 0 -2 1 -1 2 0 -2 1 -1 2 0 -2 1 -1 2 0 -2 1 -1 2 0 601 1 -1 2 0 -2 1 -1 2 0 -2 1 -1 2 0 -2 1 -1 2 0 -2 1 -1 2 0 -2 1 -1 2 0 -2 1 -1 2 0 -2 1 -1 2 0 -2 1 -1 2 0 -2 1 -1 2 0 -2 1 -1 2 0 -2 1 -1 2 0 -2 1 -1 2 0 -2 1 -1 2 0 -2 1 -1 2 0 -2 1 -1 2 0 -2 1 -1 2 0 -2 1 -1 2 0 -2 1 -1 2 0 -2 1 -1 2 0
0 -1 -2 2 1 0 -1 -2 2 1 0 -1 -2 2 1 0 -1 -2 2 1 0 -1 -2 2 1 0 -1 -2 2 1 0 -1 -2 2 1 0 -1 -2 2 1 0 -1 -2 2 1 0 -1 -2 2 1 0 -1 -2 2 1 0 -1 -2 2 1 0 -1 -2 2 1 0 -1 -2 2 1 0 -1 -2 2 1 0 -1 -2 2 1 0 -1 -2 2 1 0 -1 -2 2 1 0 -1 -2 2 1 0 -1 -2 2 1 0 -1 -2 2 1 0 -1 -2 2 1 0 -1 -2 2 1 0 -1 -2 2 1 0 -1 -2 2 1 0 -1 -2 2 1 0 -1 -2 2 1 0 -1 -2 2 1 0 -1 -2 2 1 0 -1 -2 2 1 0 -1 -2 2 1 0 -1 -2 2 1 0 -1 -2 2 1 0 -1 -2 2 1 0 -1 -2 2 1 0 -1 -2 2 1 0 -1 -2 2 1 0 -1 -2 2 1 0 -1 -2 2 1 0 -1 -2 2 1 0 -1 -2 2 1 0 -1 -2 2 1 0 -1 -2 2 1 0 -1 -2 2 1 0 -1 -2 2 1 0 -1 -2 2 1 0 -1 -2 2 1 0 -1 -2 2 1 0 -1 -2 2 1 0 -1 -2 2 1 0 -1 -2 2 1 0 -1 -2 2 1 0 -1 -2 2 1 0 -1 -2 2 1 0 -1 -2 2 1 0 -1 -2 2 1 0 -1 -2 2 1 0 -1 -2 2 1 0 -1 -2 2 1 0 -1 -2 2 1 0 -1 -2 2 1 0 -1 -2 2 1 0 -1 -2 2 1 0 -1 -2 2 1 0 -1 -2 2 1 0 -1 -2 2 1 0 -1 -2 2 1 0 -1 -2 2 1 0 -1 -2 2 1 0 -1 -2 2 1 0 -1 -2 2 1 0 -1 -2 2 1 0 -1 -2 2 1 0 -1 -2 2 1 0 -1 -2 2 1 0 -1 -2 2 1 0 -1 -2 2 1 0 -1 -2 2 1 0 -1 -2 2 1 0 -1 -2 2 1 0 602 -2 2 1 0 -1 -2 2 1 0 -1 -2 2 1 0 -1 -2 2 1 0 -1 -2 2 1 0 -1 -2 2 1 0 -1 -2 2 1 0 -1 -2 2 1 0 -1 -2 2 1 0 -1 -2 2 1 0 -1 -2 2 1 0 -1 -2 2 1 0 -1 -2 2 1 0 -1 -2 2 1 0 -1 -2 2 1 0 -1 -2 2 1 0 -1 -2 2 1 0 -1 -2 2 1 0 -1 -2 2 1 0 -1 -2 2 1
2 2 2 2 2 2 2 2 2 2 2 2 2 2 2 2 2 2 2 2 2 2 2 2 2 2 2 2 2 2 2 2 2 2 2 2 2 2 2 2 2 2 2 2 2 2 2 2 2 2 2 2 2 2 2 2 2 2 2 2 2 2 2 2 2 2 2 2 2 2 2 2 2 2 2 2 2 2 2 2 2 2 2 2 2 2 2 2 2 2 2 2 2 2 2 2 2 2 2 2 2 2 2 2 2 2 2 2 2 2 2 2 2 2 2 2 2 2 2 2 2 2 2 2 2 2 2 2 2 2 2 2 2 2 2 2 2 2 2 2 2 2 2 2 2 2 2 2 2 2 2 2 2 2 2 2 2 2 2 2 2 2 2 2 2 2 2 2 2 2 2 2 2 2 2 2 2 2 2 2 2 2 2 2 2 2 2 2 2 2 2 2 2 2 2 2 2 2 2 2 2 2 2 2 2 2 2 2 2 2 2 2 2 2 2 2 2 2 2 2 2 2 2 2 2 2 2 2 2 2 2 2 2 2 2 2 2 2 2 2 2 2 2 2 2 2 2 2 2 2 2 2 2 2 2 2 2 2 2 2 2 2 2 2 2 2 2 2 2 2 2 2 2 2 2 2 2 2 2 2 2 2 2 2 2 2 2 2 2 2 2 2 2 2 2 2 2 2 2 2 2 2 2 2 2 2 2 2 2 2 2 2 2 2 2 2 2 2 2 2 2 2 2 2 2 2 2 2 2 2 2 2 2 2 2 2 2 2 2 2 2 2 2 2 2 2 2 2 2 2 2 2 2 2 2 2 2 2 2 2 2 2 2 2 2 2 2 2 2 2 2 2 2 2 2 2 2 2 2 2 2 2 2 2 2 2 2 2 2 2 2 2 2 2 2 2 2 2 2 2 2 2 1001 2 2 2 2 2 2 2 2 2 2 2 2 2 2 2 2 2 2 2 2 2 2 2 2 2 2 2 2 2 2 2 2 2 2 2 2 2 2 2 2 2 2 2 2 2 2 2 2 2 2 2 2 2 2 2 2 2 2 2 2 2 2 2 2 2 2 2 2 2 2 2 2 2 2 2 2 2 2 2 2 2 2 2 2 2 2 2 2 2 2 2 2 2 2 2 2 2
-1 0 1 2 -2 -1 0 1 2 -2 -1 0 1 2 -2 -1 0 1 2 -2 -1 0 1 2 -2 -1 0 1 2 -2 -1 0 1 2 -2 -1 0 1 2 -2 -1 0 1 2 -2 -1 0 1 2 -2 -1 0 1 2 -2 -1 0 1 2 -2 -1 0 1 2 -2 -1 0 1 2 -2 -1 0 1 2 -2 -1 0 1 2 -2 -1 0 1 2 -2 -1 0 1 2 -2 -1 0 1 2 -2 -1 0 1 2 -2 -1 0 1 2 -2 -1 0 1 2 -2 -1 0 1 2 -2 -1 0 1 2 -2 -1 0 1 2 -2 -1 0 1 2 -2 -1 0 1 2 -2 -1 0 1 2 -2 -1 0 1 2 -2 -1 0 1 2 -2 -1 0 1 2 -2 -1 0 1 2 -2 -1 0 1 2 -2 -1 0 1 2 -2 -1 0 1 2 -2 -1 0 1 2 -2 -1 0 1 2 -2 -1 0 1 2 -2 -1 0 1 2 -2 -1 0 1 2 -2 -1 0 1 2 -2 -1 0 1 2 -2 -1 0 1 2 -2 -1 0 1 2 -2 -1 0 1 2 -2 -1 0 1 2 -2 -1 0 1 2 -2 -1 0 1 2 -2 -1 0 1 2 -2 -1 0 1 2 -2 -1 0 1 2 -2 -1 0 1 2 -2 -1 0 1 2 -2 -1 0 1 2 -2 -1 0 1 2 -2 -1 0 1 2 -2 -1 0 1 2 -2 -1 0 1 2 -2 -1 0 1 2 -2 -1 0 1 2 -2 -1 0 1 2 -2 -1 0 1 2 -2 -1 0 1 2 -2 -1 0 1 2 -2 -1 0 1 2 -2 -1 0 1 2 -2 -1 0 1 2 -2 -1 0 1 2 -2 -1 0 1 2 -2 -1 0 1 2 -2 -1 0 1 2 -2 -1 0 1 2 -2 -1 0 1 2 -2 -1 0 1 2 -2 -1 0 1 2 -2 -1 0 1 2 -2 -1 0 1 2 -2 -1 0 1 2 -2 -1 0 1 2 -2 -1 0 1 2 -2 -1 0 1 601 -2 -1 0 1 2 -2 -1 0 1 2 -2 -1 0 1 2 -2 -1 0 1 2 -2 -1 0 1 2 -2 -1 0 1 2 -2 -1 0 1 2 -2 -1 0 1 2 -2 -1 0 1 2 -2 -1 0 1 2 -2 -1 0 1 2 -2 -1 0 1 2 -2 -1 0 1 2 -2 -1 0 1 2 -2 -1 0 1 2 -2 -1 0 1 2 -2 -1 0 1 2 -2 -1 0 1 2 -2 -1 0 1 2 -2
1 -2 0 2 -1 1 -2 0 2 -1 1 -2 0 2 -1 1 -2 0 2 -1 1 -2 0 2 -1 1 -2 0 2 -1 1 -2 0 2 -1 1 -2 0 2 -1 1 -2 0 2 -1 1 -2 0 2 -1 1 -2 0 2 -1 1 -2 0 2 -1 1 -2 0 2 -1 1 -2 0 2 -1 1 -2 0 2 -1 1 -2 0 2 -1 1 -2 0 2 -1 1 -2 0 2 -1 1 -2 0 2 -1 1 -2 0 2 -1 1 -2 0 2 -1 1 -2 0 2 -1 1 -2 0 2 -1 1 -2 0 2 -1 1 -2 0 2 -1 1 -2 0 2 -1 1 -2 0 2 -1 1 -2 0 2 -1 1 -2 0 2 -1 1 -2 0 2 -1 1 -2 0 2 -1 1 -2 0 2 -1 1 -2 0 2 -1 1 -2 0 2 -1 1 -2 0 2 -1 1 -2 0 2 -1 1 -2 0 2 -1 1 -2 0 2 -1 1 -2 0 2 -1 1 -2 0 2 -1 1 -2 0 2 -1 1 -2 0 2 -1 1 -2 0 2 -1 1 -2 0 2 -1 1 -2 0 2 -1 1 -2 0 2 -1 1 -2 0 2 -1 1 -2 0 2 -1 1 -2 0 2 -1 1 -2 0 2 -1 1 -2 0 2 -1 1 -2 0 2 -1 1 -2 0 2 -1 1 -2 0 2 -1 1 -2 0 2 -1 1 -2 0 2 -1 1 -2 0 2 -1 1 -2 0 2 -1 1 -2 0 2 -1 1 -2 0 2 -1 1 -2 0 2 -1 1 -2 0 2 -1 1 -2 0 2 -1 1 -2 0 2 -1 1 -2 0 2 -1 1 -2 0 2 -1 1 -2 0 2 -1 1 -2 0 2 -1 1 -2 0 2 -1 1 -2 0 2 -1 1 -2 0 2 -1 1 -2 0 2 -1 1 -2 0 2 -1 1 -2 0 2 -1 1 -2 0 2 -1 1 -2 0 2 -1 1 -2 0 2 -1 1 -2 0 2 -1 1 -2 0 2 -1 1 -2 0 2 -1 1 -2 0 2 602 1 -2 0 2 -1 1 -2 0 2 -1 1 -2 0 2 -1 1 -2 0 2 -1 1 -2 0 2 -1 1 -2 0 2 -1 1 -2 0 2 -1 1 -2 0 2 -1 1 -2 0 2 -1 1 -2 0 2 -1 1 -2 0 2 -1 1 -2 0 2 -1 1 -2 0 2 -1 1 -2 0 2 -1 1 -2 0 2 -1 1 -2 0 2 -1 1 -2 0 2 -1 1 -2 0 2 -1 1 -2 0 2 -1
-2 1 -1 2 0 -2 1 -1 2 0 -2 1 -1 2 0 -2 1 -1 2 0 -2 1 -1 2 0 -2 1 -1 2 0 -2 1 -1 2 0 -2 1 -1 2 0 -2 1 -1 2 0 -2 1 -1 2 0 -2 1 -1 2 0 -2 1 -1 2 0 -2 1 -1 2 0 -2 1 -1 2 0 -2 1 -1 2 0 -2 1 -1 2 0 -2 1 -1 2 0 -2 1 -1 2 0 -2 1 -1 2 0 -2 1 -1 2 0 -2 1 -1 2 0 -2 1 -1 2 0 -2 1 -1 2 0 -2 1 -1 2 0 -2 1 -1 2 0 -2 1 -1 2 0 -2 1 -1 2 0 -2 1 -1 2 0 -2 1 -1 2 0 -2 1 -1 2 0 -2 1 -1 2 0 -2 1 -1 2 0 -2 1 -1 2 0 -2 1 -1 2 0 -2 1 -1 2 0 -2 1 -1 2 0 -2 1 -1 2 0 -2 1 -1 2 0 -2 1 -1 2 0 -2 1 -1 2 0 -2 1 -1 2 0 -2 1 -1 2 0 -2 1 -1 2 0 -2 1 -1 2 0 -2 1 -1 2 0 -2 1 -1 2 0 -2 1 -1 2 0 -2 1 -1 2 0 -2 1 -1 2 0 -2 1 -1 2 0 -2 1 -1 2 0 -2 1 -1 2 0 -2 1 -1 2 0 -2 1 -1 2 0 -2 1 -1 2 0 -2 1 -1 2 0 -2 1 -1 2 0 -2 1 -1 2 0 -2 1 -1 2 0 -2 1 -1 2 0 -2 1 -1 2 0 -2 1 -1 2 0 -2 1 -1 2 0 -2 1 -1 2 0 -2 1 -1 2 0 -2 1 -1 2 0 -2 1 -1 2 0 -2 1 -1 2 0 -2 1 -1 2 0 -2 1 -1 2 0 -2 1 -1 2 0 -2 1 -1 2 0 -2 1 -1 2 0 -2 1 -1 2 0 -2 1 -1 2 0 -2 1 -1 2 0 -2 1 -1 2 0 -2 1 -1 2 0 -2 1 -1 2 0 -2 1 -1 2 0 -2 1 -1 2 0 601 1 -1 2 0 -2 1 -1 2 0 -2 1 -1 2 0 -2 1 -1 2 0 -2 1 -1 2 0 -2 1 -1 2 0 -2 1 -1 2 0 -2 1 -1 2 0 -2 1 -1 2 0 -2 1 -1 2 0 -2 1 -1 2 0 -2 1 -1 2 0 -2 1 -1 2 0 -2 1 -1 2 0 -2 1 -1 2 0 -2 1 -1 2 0 -2 1 -1 2 0 -2 1 -1 2 0 -2 1 -1 2 0
0 -1 -2 2 1 0 -1 -2 2 1 0 -1 -2 2 1 0 -1 -2 2 1 0 -1 -2 2 1 0 -1 -2 2 1 0 -1 -2 2 1 0 -1 -2 2 1 0 -1 -2 2 1 0 -1 -2 2 1 0 -1 -2 2 1 0 -1 -2 2 1 0 -1 -2 2 1 0 -1 -2 2 1 0 -1 -2 2 1 0 -1 -2 2 1 0 -1 -2 2 1 0 -1 -2 2 1 0 -1 -2 2 1 0 -1 -2 2 1 0 -1 -2 2 1 0 -1 -2 2 1 0 -1 -2 2 1 0 -1 -2 2 1 0 -1 -2 2 1 0 -1 -2 2 1 0 -1 -2 2 1 0 -1 -2 2 1 0 -1 -2 2 1 0 -1 -2 2 1 0 -1 -2 2 1 0 -1 -2 2 1 0 -1 -2 2 1 0 -1 -2 2 1 0 -1 -2 2 1 0 -1 -2 2 1 0 -1 -2 2 1 0 -1 -2 2 1 0 -1 -2 2 1 0 -1 -2 2 1 0 -1 -2 2 1 0 -1 -2 2 1 0 -1 -2 2 1 0 -1 -2 2 1 0 -1 -2 2 1 0 -1 -2 2 1 0 -1 -2 2 1 0 -1 -2 2 1 0 -1 -2 2 1 0 -1 -2 2 1 0 -1 -2 2 1 0 -1 -2 2 1 0 -1 -2 2 1 0 -1 -2 2 1 0 -1 -2 2 1 0 -1 -2 2 1 0 -1 -2 2 1 0 -1 -2 2 1 0 -1 -2 2 1 0 -1 -2 2 1 0 -1 -2 2 1 0 -1 -2 2 1 0 -1 -2 2 1 0 -1 -2 2 1 0 -1 -2 2 1 0 -1 -2 2 1 0 -1 -2 2 1 0 -1 -2 2 1 0 -1 -2 2 1 0 -1 -2 2 1 0 -1 -2 2 1 0 -1 -2 2 1 0 -1 -2 2 1 0 -1 -2 2 1 0 -1 -2 2 1 0 -1 -2 2 1 0 -1 -2 2 1 0 -1 -2 2 1 0 -1 -2 2 1 0 -1 -2 2 1 0 -1 -2 2 1 0 602 -2 2 1 0 -1 -2 2 1 0 -1 -2 2 1 0 -1 -2 2 1 0 -1 -2 2 1 0 -1 -2 2 1 0 -1 -2 2 1 0 -1 -2 2 1 0 -1 -2 2 1 0 -1 -2 2 1 0 -1 -2 2 1 0 -1 -2 2 1 0 -1 -2 2 1 0 -1 -2 2 1 0 -1 -2 2 1 0 -1 -2 2 1 0 -1 -2 2 1 0 -1 -2 2 1 0 -1 -2 2 1
2 2 2 2 2 2 2 2 2 2 2 2 2 2 2 2 2 2 2 2 2 2 2 2 2 2 2 2 2 2 2 2 2 2 2 2 2 2 2 2 2 2 2 2 2 2 2 2 2 2 2 2 2 2 2 2 2 2 2 2 2 2 2 2 2 2 2 2 2 2 2 2 2 2 2 2 2 2 2 2 2 2 2 2 2 2 2 2 2 2 2 2 2 2 2 2 2 2 2 2 2 2 2 2 2 2 2 2 2 2 2 2 2 2 2 2 2 2 2 2 2 2 2 2 2 2 2 2 2 2 2 2 2 2 2 2 2 2 2 2 2 2 2 2 2 2 2 2 2 2 2 2 2 2 2 2 2 2 2 2 2 2 2 2 2 2 2 2 2 2 2 2 2 2 2 2 2 2 2 2 2 2 2 2 2 2 2 2 2 2 2 2 2 2 2 2 2 2 2 2 2 2 2 2 2 2 2 2 2 2 2 2 2 2 2 2 2 2 2 2 2 2 2 2 2 2 2 2 2 2 2 2 2 2 2 2 2 2 2 2 2 2 2 2 2 2 2 2 2 2 2 2 2 2 2 2 2 2 2 2 2 2 2 2 2 2 2 2 2 2 2 2 2 2 2 2 2 2 2 2 2 2 2 2 2 2 2 2 2 2 2 2 2 2 2 2 2 2 2 2 2 2 2 2 2 2 2 2 2 2 2 2 2 2 2 2 2 2 2 2 2 2 2 2 2 2 2 2 2 2 2 2 2 2 2 2 2 2 2 2 2 2 2 2 2 2 2 2 2 2 2 2 2 2 2 2 2 2 2 2 2 2 2 2 2 2 2 2 2 2 2 2 2 2 2 2 2 2 2 2 2 2 2 2 2 2 2 2 2 2 2 2 2 2 2 2 2 2 2 2 2 2 2 2 2 2 2 1001 2 2 2 2 2 2 2 2 2 2 2 2 2 2 2 2 2 2 2 2 2 2 2 2 2 2 2 2 2 2 2 2 2 2 2 2 2 2 2 2 2 2 2 2 2 2 2 2 2 2 2 2 2 2 2 2 2 2 2 2 2 2 2 2 2 2 2 2 2 2 2 2 2 2 2 2 2 2 2 2 2 2 2 2 2 2 2 2 2 2 2 2
-1 0 1 2 -2 -1 0 1 2 -2 -1 0 1 2 -2 -1 0 1 2 -2 -1 0 1 2 -2 -1 0 1 2 -2 -1 0 1 2 -2 -1 0 1 2 -2 -1 0 1 2 -2 -1 0 1 2 -2 -1 0 1 2 -2 -1 0 1 2 -2 -1 0 1 2 -2 -1 0 1 2 -2 -1 0 1 2 -2 -1 0 1 2 -2 -1 0 1 2 -2 -1 0 1 2 -2 -1 0 1 2 -2 -1 0 1 2 -2 -1 0 1 2 -2 -1 0 1 2 -2 -1 0 1 2 -2 -1 0 1 2 -2 -1 0 1 2 -2 -1 0 1 2 -2 -1 0 1 2 -2 -1 0 1 2 -2 -1 0 1 2 -2 -1 0 1 2 -2 -1 0 1 2 -2 -1 0 1 2 -2 -1 0 1 2 -2 -1 0 1 2 -2 -1 0 1 2 -2 -1 0 1 2 -2 -1 0 1 2 -2 -1 0 1 2 -2 -1 0 1 2 -2 -1 0 1 2 -2 -1 0 1 2 -2 -1 0 1 2 -2 -1 0 1 2 -2 -1 0 1 2 -2 -1 0 1 2 -2 -1 0 1 2 -2 -1 0 1 2 -2 -1 0 1 2 -2 -1 0 1 2 -2 -1 0 1 2 -2 -1 0 1 2 -2 -1 0 1 2 -2 -1 0 1 2 -2 -1 0 1 2 -2 -1 0 1 2 -2 -1 0 1 2 -2 -1 0 1 2 -2 -1 0 1 2 -2 -1 0 1 2 -2 -1 0 1 2 -2 -1 0 1 2 -2 -1 0 1 2 -2 -1 0 1 2 -2 -1 0 1 2 -2 -1 0 1 2 -2 -1 0 1 2 -2 -1 0 1 2 -2 -1 0 1 2 -2 -1 0 1 2 -2 -1 0 1 2 -2 -1 0 1 2 -2 -1 0 1 2 -2 -1 0 1 2 -2 -1 0 1 2 -2 -1 0 1 2 -2 -1 0 1 2 -2 -1 0 1 2 -2 -1 0 1 2 -2 -1 0 1 2 -2 -1 0 1 2 -2 -1 0 1 2 -2 -1 0 1 601 -2 -1 0 1 2 -2 -1 0 1 2 -2 -1 0 1 2 -2 -1 0 1 2 -2 -1 0 1 2 -2 -1 0 1 2 -2 -1 0 1 2 -2 -1 0 1 2 -2 -1 0 1 2 -2 -1 0 1 2 -2 -1 0 1 2 -2 -1 0 1 2 -2 -1 0 1 2 -2 -1 0 1 2 -2 -1 0 1 2 -2 -1 0 1 2 -2 -1 0 1 2 -2 -1 0 1 2 -2
1 -2 0 2 -1 1 -2 0 2 -1 1 -2 0 2 -1 1 -2 0 2 -1 1 -2 0 2 -1 1 -2 0 2 -1 1 -2 0 2 -1 1 -2 0 2 -1 1 -2 0 2 -1 1 -2 0 2 -1 1 -2 0 2 -1 1 -2 0 2 -1 1 -2 0 2 -1 1 -2 0 2 -1 1 -2 0 2 -1 1 -2 0 2 -1 1 -2 0 2 -1 1 -2 0 2 -1 1 -2 0 2 -1 1 -2 0 2 -1 1 -2 0 2 -1 1 -2 0 2 -1 1 -2 0 2 -1 1 -2 0 2 -1 1 -2 0 2 -1 1 -2 0 2 -1 1 -2 0 2 -1 1 -2 0 2 -1 1 -2 0 2 -1 1 -2 0 2 -1 1 -2 0 2 -1 1 -2 0 2 -1 1 -2 0 2 -1 1 -2 0 2 -1 1 -2 0 2 -1 1 -2 0 2 -1 1 -2 0 2 -1 1 -2 0 2 -1 1 -2 0 2 -1 1 -2 0 2 -1 1 -2 0 2 -1 1 -2 0 2 -1 1 -2 0 2 -1 1 -2 0 2 -1 1 -2 0 2 -1 1 -2 0 2 -1 1 -2 0 2 -1 1 -2 0 2 -1 1 -2 0 2 -1 1 -2 0 2 -1 1 -2 0 2 -1 1 -2 0 2 -1 1 -2 0 2 -1 1 -2 0 2 -1 1 -2 0 2 -1 1 -2 0 2 -1 1 -2 0 2 -1 1 -2 0 2 -1 1 -2 0 2 -1 1 -2 0 2 -1 1 -2 0 2 -1 1 -2 0 2 -1 1 -2 0 2 -1 1 -2 0 2 -1 1 -2 0 2 -1 1 -2 0 2 -1 1 -2 0 2 -1 1 -2 0 2 -1 1 -2 0 2 -1 1 -2 0 2 -1 1 -2 0 2 -1 1 -2 0 2 -1 1 -2 0 2 -1 1 -2 0 2 -1 1 -2 0 2 -1 1 -2 0 2 -1 1 -2 0 2 -1 1 -2 0 2 -1 1 -2 0 2 -1 1 -2 0 2 -1 1 -2 0 2 -1 1 -2 0 2 602 1 -2 0 2 -1 1 -2 0 2 -1 1 -2 0 2 -1 1 -2 0 2 -1 1 -2 0 2 -1 1 -2 0 2 -1 1 -2 0 2 -1 1 -2 0 2 -1 1 -2 0 2 -1 1 -2 0 2 -1 1 -2 0 2 -1 1 -2 0 2 -1 1 -2 0 2 -1 1 -2 0 2 -1 1 -2 0 2 -1 1 -2 0 2 -1 1 -2 0 2 -1 1 -2 0 2 -1
-2 1 -1 2 0 -2 1 -1 2 0 -2 1 -1 2 0 -2 1 -1 2 0 -2 1 -1 2 0 -2 1 -1 2 0 -2 1 -1 2 0 -2 1 -1 2 0 -2 1 -1 2 0 -2 1 -1 2 0 -2 1 -1 2 0 -2 1 -1 2 0 -2 1 -1 2 0 -2 1 -1 2 0 -2 1 -1 2 0 -2 1 -1 2 0 -2 1 -1 2 0 -2 1 -1 2 0 -2 1 -1 2 0 -2 1 -1 2 0 -2 1 -1 2 0 -2 1 -1 2 0 -2 1 -1 2 0 -2 1 -1 2 0 -2 1 -1 2 0 -2 1 -1 2 0 -2 1 -1 2 0 -2 1 -1 2 0 -2 1 -1 2 0 -2 1 -1 2 0 -2 1 -1 2 0 -2 1 -1 2 0 -2 1 -1 2 0 -2 1 -1 2 0 -2 1 -1 2 0 -2 1 -1 2 0 -2 1 -1 2 0 -2 1 -1 2 0 -2 1 -1 2 0 -2 1 -1 2 0 -2 1 -1 2 0 -2 1 -1 2 0 -2 1 -1 2 0 -2 1 -1 2 0 -2 1 -1 2 0 -2 1 -1 2 0 -2 1 -1 2 0 -2 1 -1 2 0 -2 1 -1 2 0 -2 1 -1 2 0 -2 1 -1 2 0 -2 1 -1 2 0 -2 1 -1 2 0 -2 1 -1 2 0 -2 1 -1 2 0 -2 1 -1 2 0 -2 1 -1 2 0 -2 1 -1 2 0 -2 1 -1 2 0 -2 1 -1 2 0 -2 1 -1 2 0 -2 1 -1 2 0 -2 1 -1 2 0 -2 1 -1 2 0 -2 1 -1 2 0 -2 1 -1 2 0 -2 1 -1 2 0 -2 1 -1 2 0 -2 1 -1 2 0 -2 1 -1 2 0 -2 1 -1 2 0 -2 1 -1 2 0 -2 1 -1 2 0 -2 1 -1 2 0 -2 1 -1 2 0 -2 1 -1 2 0 -2 1 -1 2 0 -2 1 -1 2 0 -2 1 -1 2 0 -2 1 -1 2 0 -2 1 -1 2 0 -2 1 -1 2 0 601 1 -1 2 0 -2 1 -1 2 0 -2 1 -1 2 0 -2 1 -1 2 0 -2 1 -1 2 0 -2 1 -1 2 0 -2 1 -1 2 0 -2 1 -1 2 0 -2 1 -1 2 0 -2 1 -1 2 0 -2 1 -1 2 0 -2 1 -1 2 0 -2 1 -1 2 0 -2 1 -1 2 0 -2 1 -1 2 0 -2 1 -1 2 0 -2 1 -1 2 0 -2 1 -1 2 0
0 -1 -2 2 1 0 -1 -2 2 1 0 -1 -2 2 1 0 -1 -2 2 1 0 -1 -2 2 1 0 -1 -2 2 1 0 -1 -2 2 1 0 -1 -2 2 1 0 -1 -2 2 1 0 -1 -2 2 1 0 -1 -2 2 1 0 -1 -2 2 1 0 -1 -2 2 1 0 -1 -2 2 1 0 -1 -2 2 1 0 -1 -2 2 1 0 -1 -2 2 1 0 -1 -2 2 1 0 -1 -2 2 1 0 -1 -2 2 1 0 -1 -2 2 1 0 -1 -2 2 1 0 -1 -2 2 1 0 -1 -2 2 1 0 -1 -2 2 1 0 -1 -2 2 1 0 -1 -2 2 1 0 -1 -2 2 1 0 -1 -2 2 1 0 -1 -2 2 1 0 -1 -2 2 1 0 -1 -2 2 1 0 -1 -2 2 1 0 -1 -2 2 1 0 -1 -2 2 1 0 -1 -2 2 1 0 -1 -2 2 1 0 -1 -2 2 1 0 -1 -2 2 1 0 -1 -2 2 1 0 -1 -2 2 1 0 -1 -2 2 1 0 -1 -2 2 1 0 -1 -2 2 1 0 -1 -2 2 1 0 -1 -2 2 1 0 -1 -2 2 1 0 -1 -2 2 1 0 -1 -2 2 1 0 -1 -2 2 1 0 -1 -2 2 1 0 -1 -2 2 1 0 -1 -2 2 1 0 -1 -2 2 1 0 -1 -2 2 1 0 -1 -2 2 1 0 -1 -2 2 1 0 -1 -2 2 1 0 -1 -2 2 1 0 -1 -2 2 1 0 -1 -2 2 1 0 -1 -2 2 1 0 -1 -2 2 1 0 -1 -2 2 1 0 -1 -2 2 1 0 -1 -2 2 1 0 -1 -2 2 1 0 -1 -2 2 1 0 -1 -2 2 1 0 -1 -2 2 1 0 -1 -2 2 1 0 -1 -2 2 1 0 -1 -2 2 1 0 -1 -2 2 1 0 -1 -2 2 1 0 -1 -2 2 1 0 -1 -2 2 1 0 -1 -2 2 1 0 -1 -2 2 1 0 -1 -2 2 1 0 -1 -2 2 1 0 -1 -2 2 1 0 602 -2 2 1 0 -1 -2 2 1 0 -1 -2 2 1 0 -1 -2 2 1 0 -1 -2 2 1 0 -1 -2 2 1 0 -1 -2 2 1 0 -1 -2 2 1 0 -1 -2 2 1 0 -1 -2 2 1 0 -1 -2 2 1 0 -1 -2 2 1 0 -1 -2 2 1 0 -1 -2 2 1 0 -1 -2 2 1 0 -1 -2 2 1 0 -1 -2 2 1 0 -1 -2 2 1
2 2 2 2 2 2 2 2 2 2 2 2 2 2 2 2 2 2 2 2 2 2 2 2 2 2 2 2 2 2 2 2 2 2 2 2 2 2 2 2 2 2 2 2 2 2 2 2 2 2 2 2 2 2 2 2 2 2 2 2 2 2 2 2 2 2 2 2 2 2 2 2 2 2 2 2 2 2 2 2 2 2 2 2 2 2 2 2 2 2 2 2 2 2 2 2 2 2 2 2 2 2 2 2 2 2 2 2 2 2 2 2 2 2 2 2 2 2 2 2 2 2 2 2 2 2 2 2 2 2 2 2 2 2 2 2 2 2 2 2 2 2 2 2 2 2 2 2 2 2 2 2 2 2 2 2 2 2 2 2 2 2 2 2 2 2 2 2 2 2 2 2 2 2 2 2 2 2 2 2 2 2 2 2 2 2 2 2 2 2 2 2 2 2 2 2 2 2 2 2 2 2 2 2 2 2 2 2 2 2 2 2 2 2 2 2 2 2 2 2 2 2 2 2 2 2 2 2 2 2 2 2 2 2 2 2 2 2 2 2 2 2 2 2 2 2 2 2 2 2 2 2 2 2 2 2 2 2 2 2 2 2 2 2 2 2 2 2 2 2 2 2 2 2 2 2 2 2 2 2 2 2 2 2 2 2 2 2 2 2 2 2 2 2 2 2 2 2 2 2 2 2 2 2 2 2 2 2 2 2 2 2 2 2 2 2 2 2 2 2 2 2 2 2 2 2 2 2 2 2 2 2 2 2 2 2 2 2 2 2 2 2 2 2 2 2 2 2 2 2 2 2 2 2 2 2 2 2 2 2 2 2 2 2 2 2 2 2 2 2 2 2 2 2 2 2 2 2 2 2 2 2 2 2 2 2 2 2 2 2 2 2 2 2 2 2 2 2 2 2 2 2 2 2 2 2 2 2 2 2 2 2 1001 2 2 2 2 2 2 2 2 2 2 2 2 2 2 2 2 2 2 2 2 2 2 2 2 2 2 2 2 2 2 2 2 2 2 2 2 2 2 2 2 2 2 2 2 2 2 2 2 2 2 2 2 2 2 2 2 2 2 2 2 2 2 2 2 2 2 2 2 2 2 2 2 2 2 2 2 2 2 2 2 2 2 2 2 2 2 2
-1 0 1 2 -2 -1 0 1 2 -2 -1 0 1 2 -2 -1 0 1 2 -2 -1 0 1 2 -2 -1 0 1 2 -2 -1 0 1 2 -2 -1 0 1 2 -2 -1 0 1 2 -2 -1 0 1 2 -2 -1 0 1 2 -2 -1 0 1 2 -2 -1 0 1 2 -2 -1 0 1 2 -2 -1 0 1 2 -2 -1 0 1 2 -2 -1 0 1 2 -2 -1 0 1 2 -2 -1 0 1 2 -2 -1 0 1 2 -2 -1 0 1 2 -2 -1 0 1 2 -2 -1 0 1 2 -2 -1 0 1 2 -2 -1 0 1 2 -2 -1 0 1 2 -2 -1 0 1 2 -2 -1 0 1 2 -2 -1 0 1 2 -2 -1 0 1 2 -2 -1 0 1 2 -2 -1 0 1 2 -2 -1 0 1 2 -2 -1 0 1 2 -2 -1 0 1 2 -2 -1 0 1 2 -2 -1 0 1 2 -2 -1 0 1 2 -2 -1 0 1 2 -2 -1 0 1 2 -2 -1 0 1 2 -2 -1 0 1 2 -2 -1 0 1 2 -2 -1 0 1 2 -2 -1 0 1 2 -2 -1 0 1 2 -2 -1 0 1 2 -2 -1 0 1 2 -2 -1 0 1 2 -2 -1 0 1 2 -2 -1 0 1 2 -2 -1 0 1 2 -2 -1 0 1 2 -2 -1 0 1 2 -2 -1 0 1 2 -2 -1 0 1 2 -2 -1 0 1 2 -2 -1 0 1 2 -2 -1 0 1 2 -2 -1 0 1 2 -2 -1 0 1 2 -2 -1 0 1 2 -2 -1 0 1 2 -2 -1 0 1 2 -2 -1 0 1 2 -2 -1 0 1 2 -2 -1 0 1 2 -2 -1 0 1 2 -2 -1 0 1 2 -2 -1 0 1 2 -2 -1 0 1 2 -2 -1 0 1 2 -2 -1 0 1 2 -2 -1 0 1 2 -2 -1 0 1 2 -2 -1 0 1 2 -2 -1 0 1 2 -2 -1 0 1 2 -2 -1 0 1 2 -2 -1 0 1 2 -2 -1 0 1 2 -2 -1 0 1 2 -2 -1 0 1 601 -2 -1 0 1 2 -2 -1 0 1 2 -2 -1 0 1 2 -2 -1 0 1 2 -2 -1 0 1 2 -2 -1 0 1 2 -2 -1 0 1 2 -2 -1 0 1 2 -2 -1 0 1 2 -2 -1 0 1 2 -2 -1 0 1 2 -2 -1 0 1 2 -2 -1 0 1 2 -2 -1 0 1 2 -2 -1 0 1 2 -2 -1 0 1 2 -2 -1 0 1 2 -2
1 -2 0 2 -1 1 -2 0 2 -1 1 -2 0 2 -1 1 -2 0 2 -1 1 -2 0 2 -1 1 -2 0 2 -1 1 -2 0 2 -1 1 -2 0 2 -1 1 -2 0 2 -1 1 -2 0 2 -1 1 -2 0 2 -1 1 -2 0 2 -1 1 -2 0 2 -1 1 -2 0 2 -1 1 -2 0 2 -1 1 -2 0 2 -1 1 -2 0 2 -1 1 -2 0 2 -1 1 -2 0 2 -1 1 -2 0 2 -1 1 -2 0 2 -1 1 -2 0 2 -1 1 -2 0 2 -1 1 -2 0 2 -1 1 -2 0 2 -1 1 -2 0 2 -1 1 -2 0 2 -1 1 -2 0 2 -1 1 -2 0 2 -1 1 -2 0 2 -1 1 -2 0 2 -1 1 -2 0 2 -1 1 -2 0 2 -1 1 -2 0 2 -1 1 -2 0 2 -1 1 -2 0 2 -1 1 -2 0 2 -1 1 -2 0 2 -1 1 -2 0 2 -1 1 -2 0 2 -1 1 -2 0 2 -1 1 -2 0 2 -1 1 -2 0 2 -1 1 -2 0 2 -1 1 -2 0 2 -1 1 -2 0 2 -1 1 -2 0 2 -1 1 -2 0 2 -1 1 -2 0 2 -1 1 -2 0 2 -1 1 -2 0 2 -1 1 -2 0 2 -1 1 -2 0 2 -1 1 -2 0 2 -1 1 -2 0 2 -1 1 -2 0 2 -1 1 -2 0 2 -1 1 -2 0 2 -1 1 -2 0 2 -1 1 -2 0 2 -1 1 -2 0 2 -1 1 -2 0 2 -1 1 -2 0 2 -1 1 -2 0 2 -1 1 -2 0 2 -1 1 -2 0 2 -1 1 -2 0 2 -1 1 -2 0 2 -1 1 -2 0 2 -1 1 -2 0 2 -1 1 -2 0 2 -1 1 -2 0 2 -1 1 -2 0 2 -1 1 -2 0 2 -1 1 -2 0 2 -1 1 -2 0 2 -1 1 -2 0 2 -1 1 -2 0 2 -1 1 -2 0 2 -1 1 -2 0 2 -1 1 -2 0 2 -1 1 -2 0 2 -1 1 -2 0 2 602 1 -2 0 2 -1 1 -2 0 2 -1 1 -2 0 2 -1 1 -2 0 2 -1 1 -2 0 2 -1 1 -2 0 2 -1 1 -2 0 2 -1 1 -2 0 2 -1 1 -2 0 2 -1 1 -2 0 2 -1 1 -2 0 2 -1 1 -2 0 2 -1 1 -2 0 2 -1 1 -2 0 2 -1 1 -2 0 2 -1 1 -2 0 2 -1 1 -2 0 2 -1
-2 1 -1 2 0 -2 1 -1 2 0 -2 1 -1 2 0 -2 1 -1 2 0 -2 1 -1 2 0 -2 1 -1 2 0 -2 1 -1 2 0 -2 1 -1 2 0 -2 1 -1 2 0 -2 1 -1 2 0 -2 1 -1 2 0 -2 1 -1 2 0 -2 1 -1 2 0 -2 1 -1 2 0 -2 1 -1 2 0 -2 1 -1 2 0 -2 1 -1 2 0 -2 1 -1 2 0 -2 1 -1 2 0 -2 1 -1 2 0 -2 1 -1 2 0 -2 1 -1 2 0 -2 1 -1 2 0 -2 1 -1 2 0 -2 1 -1 2 0 -2 1 -1 2 0 -2 1 -1 2 0 -2 1 -1 2 0 -2 1 -1 2 0 -2 1 -1 2 0 -2 1 -1 2 0 -2 1 -1 2 0 -2 1 -1 2 0 -2 1 -1 2 0 -2 1 -1 2 0 -2 1 -1 2 0 -2 1 -1 2 0 -2 1 -1 2 0 -2 1 -1 2 0 -2 1 -1 2 0 -2 1 -1 2 0 -2 1 -1 2 0 -2 1 -1 2 0 -2 1 -1 2 0 -2 1 -1 2 0 -2 1 -1 2 0 -2 1 -1 2 0 -2 1 -1 2 0 -2 1 -1 2 0 -2 1 -1 2 0 -2 1 -1 2 0 -2 1 -1 2 0 -2 1 -1 2 0 -2 1 -1 2 0 -2 1 -1 2 0 -2 1 -1 2 0 -2 1 -1 2 0 -2 1 -1 2 0 -2 1 -1 2 0 -2 1 -1 2 0 -2 1 -1 2 0 -2 1 -1 2 0 -2 1 -1 2 0 -2 1 -1 2 0 -2 1 -1 2 0 -2 1 -1 2 0 -2 1 -1 2 0 -2 1 -1 2 0 -2 1 -1 2 0 -2 1 -1 2 0 -2 1 -1 2 0 -2 1 -1 2 0 -2 1 -1 2 0 -2 1 -1 2 0 -2 1 -1 2 0 -2 1 -1 2 0 -2 1 -1 2 0 -2 1 -1 2 0 -2 1 -1 2 0 -2 1 -1 2 0 -2 1 -1 2 0 -2 1 -1 2 0 -2 1 -1 2 0 601 1 -1 2 0 -2 1 -1 2 0 -2 1 -1 2 0 -2 1 -1 2 0 -2 1 -1 2 0 -2 1 -1 2 0 -2 1 -1 2 0 -2 1 -1 2 0 -2 1 -1 2 0 -2 1 -1 2 0 -2 1 -1 2 0 -2 1 -1 2 0 -2 1 -1 2 0 -2 1 -1 2 0 -2 1 -1 2 0 -2 1 -1 2 0 -2 1 -1 2 0
0 -1 -2 2 1 0 -1 -2 2 1 0 -1 -2 2 1 0 -1 -2 2 1 0 -1 -2 2 1 0 -1 -2 2 1 0 -1 -2 2 1 0 -1 -2 2 1 0 -1 -2 2 1 0 -1 -2 2 1 0 -1 -2 2 1 0 -1 -2 2 1 0 -1 -2 2 1 0 -1 -2 2 1 0 -1 -2 2 1 0 -1 -2 2 1 0 -1 -2 2 1 0 -1 -2 2 1 0 -1 -2 2 1 0 -1 -2 2 1 0 -1 -2 2 1 0 -1 -2 2 1 0 -1 -2 2 1 0 -1 -2 2 1 0 -1 -2 2 1 0 -1 -2 2 1 0 -1 -2 2 1 0 -1 -2 2 1 0 -1 -2 2 1 0 -1 -2 2 1 0 -1 -2 2 1 0 -1 -2 2 1 0 -1 -2 2 1 0 -1 -2 2 1 0 -1 -2 2 1 0 -1 -2 2 1 0 -1 -2 2 1 0 -1 -2 2 1 0 -1 -2 2 1 0 -1 -2 2 1 0 -1 -2 2 1 0 -1 -2 2 1 0 -1 -2 2 1 0 -1 -2 2 1 0 -1 -2 2 1 0 -1 -2 2 1 0 -1 -2 2 1 0 -1 -2 2 1 0 -1 -2 2 1 0 -1 -2 2 1 0 -1 -2 2 1 0 -1 -2 2 1 0 -1 -2 2 1 0 -1 -2 2 1 0 -1 -2 2 1 0 -1 -2 2 1 0 -1 -2 2 1 0 -1 -2 2 1 0 -1 -2 2 1 0 -1 -2 2 1 0 -1 -2 2 1 0 -1 -2 2 1 0 -1 -2 2 1 0 -1 -2 2 1 0 -1 -2 2 1 0 -1 -2 2 1 0 -1 -2 2 1 0 -1 -2 2 1 0 -1 -2 2 1 0 -1 -2 2 1 0 -1 -2 2 1 0 -1 -2 2 1 0 -1 -2 2 1 0 -1 -2 2 1 0 -1 -2 2 1 0 -1 -2 2 1 0 -1 -2 2 1 0 -1 -2 2 1 0 -1 -2 2 1 0 -1 -2 2 1 0 -1 -2 2 1 0 -1 -2 2 1 0 -1 -2 2 1 0 602 -2 2 1 0 -1 -2 2 1 0 -1 -2 2 1 0 -1 -2 2 1 0 -1 -2 2 1 0 -1 -2 2 1 0 -1 -2 2 1 0 -1 -2 2 1 0 -1 -2 2 1 0 -1 -2 2 1 0 -1 -2 2 1 0 -1 -2 2 1 0 -1 -2 2 1 0 -1 -2 2 1 0 -1 -2 2 1 0 -1 -2 2 1 0 -1 -2 2 1
2 2 2 2 2 2 2 2 2 2 2 2 2 2 2 2 2 2 2 2 2 2 2 2 2 2 2 2 2 2 2 2 2 2 2 2 2 2 2 2 2 2 2 2 2 2 2 2 2 2 2 2 2 2 2 2 2 2 2 2 2 2 2 2 2 2 2 2 2 2 2 2 2 2 2 2 2 2 2 2 2 2 2 2 2 2 2 2 2 2 2 2 2 2 2 2 2 2 2 2 2 2 2 2 2 2 2 2 2 2 2 2 2 2 2 2 2 2 2 2 2 2 2 2 2 2 2 2 2 2 2 2 2 2 2 2 2 2 2 2 2 2 2 2 2 2 2 2 2 2 2 2 2 2 2 2 2 2 2 2 2 2 2 2 2 2 2 2 2 2 2 2 2 2 2 2 2 2 2 2 2 2 2 2 2 2 2 2 2 2 2 2 2 2 2 2 2 2 2 2 2 2 2 2 2 2 2 2 2 2 2 2 2 2 2 2 2 2 2 2 2 2 2 2 2 2 2 2 2 2 2 2 2 2 2 2 2 2 2 2 2 2 2 2 2 2 2 2 2 2 2 2 2 2 2 2 2 2 2 2 2 2 2 2 2 2 2 2 2 2 2 2 2 2 2 2 2 2 2 2 2 2 2 2 2 2 2 2 2 2 2 2 2 2 2 2 2 2 2 2 2 2 2 2 2 2 2 2 2 2 2 2 2 2 2 2 2 2 2 2 2 2 2 2 2 2 2 2 2 2 2 2 2 2 2 2 2 2 2 2 2 2 2 2 2 2 2 2 2 2 2 2 2 2 2 2 2 2 2 2 2 2 2 2 2 2 2 2 2 2 2 2 2 2 2 2 2 2 2 2 2 2 2 2 2 2 2 2 2 2 2 2 2 2 2 2 2 2 2 2 2 2 2 2 2 2 2 2 2 2 2 2 2 2 2 2 2 1001 2 2 2 2 2 2 2 2 2 2 2 2 2 2 2 2 2 2 2 2 2 2 2 2 2 2 2 2 2 2 2 2 2 2 2 2 2 2 2 2 2 2 2 2 2 2 2 2 2 2 2 2 2 2 2 2 2 2 2 2 2 2 2 2 2 2 2 2 2 2 2 2 2 2 2 2 2 2 2 2 2 2
-1 0 1 2 -2 -1 0 1 2 -2 -1 0 1 2 -2 -1 0 1 2 -2 -1 0 1 2 -2 -1 0 1 2 -2 -1 0 1 2 -2 -1 0 1 2 -2 -1 0 1 2 -2 -1 0 1 2 -2 -1 0 1 2 -2 -1 0 1 2 -2 -1 0 1 2 -2 -1 0 1 2 -2 -1 0 1 2 -2 -1 0 1 2 -2 -1 0 1 2 -2 -1 0 1 2 -2 -1 0 1 2 -2 -1 0 1 2 -2 -1 0 1 2 -2 -1 0 1 2 -2 -1 0 1 2 -2 -1 0 1 2 -2 -1 0 1 2 -2 -1 0 1 2 -2 -1 0 1 2 -2 -1 0 1 2 -2 -1 0 1 2 -2 -1 0 1 2 -2 -1 0 1 2 -2 -1 0 1 2 -2 -1 0 1 2 -2 -1 0 1 2 -2 -1 0 1 2 -2 -1 0 1 2 -2 -1 0 1 2 -2 -1 0 1 2 -2 -1 0 1 2 -2 -1 0 1 2 -2 -1 0 1 2 -2 -1 0 1 2 -2 -1 0 1 2 -2 -1 0 1 2 -2 -1 0 1 2 -2 -1 0 1 2 -2 -1 0 1 2 -2 -1 0 1 2 -2 -1 0 1 2 -2 -1 0 1 2 -2 -1 0 1 2 -2 -1 0 1 2 -2 -1 0 1 2 -2 -1 0 1 2 -2 -1 0 1 2 -2 -1 0 1 2 -2 -1 0 1 2 -2 -1 0 1 2 -2 -1 0 1 2 -2 -1 0 1 2 -2 -1 0 1 2 -2 -1 0 1 2 -2 -1 0 1 2 -2 -1 0 1 2 -2 -1 0 1 2 -2 -1 0 1 2 -2 -1 0 1 2 -2 -1 0 1 2 -2 -1 0 1 2 -2 -1 0 1 2 -2 -1 0 1 2 -2 -1 0 1 2 -2 -1 0 1 2 -2 -1 0 1 2 -2 -1 0 1 2 -2 -1 0 1 2 -2 -1 0 1 2 -2 -1 0 1 2 -2 -1 0 1 2 -2 -1 0 1 2 -2 -1 0 1 2 -2 -1 0 1 2 -2 -1 0 1 2 -2 -1 0 1 601 -2 -1 0 1 2 -2 -1 0 1 2 -2 -1 0 1 2 -2 -1 0 1 2 -2 -1 0 1 2 -2 -1 0 1 2 -2 -1 0 1 2 -2 -1 0 1 2 -2 -1 0 1 2 -2 -1 0 1 2 -2 -1 0 1 2 -2 -1 0 1 2 -2 -1 0 1 2 -2 -1 0 1 2 -2 -1 0 1 2 -2 -1 0 1 2 -2
1 -2 0 2 -1 1 -2 0 2 -1 1 -2 0 2 -1 1 -2 0 2 -1 1 -2 0 2 -1 1 -2 0 2 -1 1 -2 0 2 -1 1 -2 0 2 -1 1 -2 0 2 -1 1 -2 0 2 -1 1 -2 0 2 -1 1 -2 0 2 -1 1 -2 0 2 -1 1 -2 0 2 -1 1 -2 0 2 -1 1 -2 0 2 -1 1 -2 0 2 -1 1 -2 0 2 -1 1 -2 0 2 -1 1 -2 0 2 -1 1 -2 0 2 -1 1 -2 0 2 -1 1 -2 0 2 -1 1 -2 0 2 -1 1 -2 0 2 -1 1 -2 0 2 -1 1 -2 0 2 -1 1 -2 0 2 -1 1 -2 0 2 -1 1 -2 0 2 -1 1 -2 0 2 -1 1 -2 0 2 -1 1 -2 0 2 -1 1 -2 0 2 -1 1 -2 0 2 -1 1 -2 0 2 -1 1 -2 0 2 -1 1 -2 0 2 -1 1 -2 0 2 -1 1 -2 0 2 -1 1 -2 0 2 -1 1 -2 0 2 -1 1 -2 0 2 -1 1 -2 0 2 -1 1 -2 0 2 -1 1 -2 0 2 -1 1 -2 0 2 -1 1 -2 0 2 -1 1 -2 0 2 -1 1 -2 0 2 -1 1 -2 0 2 -1 1 -2 0 2 -1 1 -2 0 2 -1 1 -2 0 2 -1 1 -2 0 2 -1 1 -2 0 2 -1 1 -2 0 2 -1 1 -2 0 2 -1 1 -2 0 2 -1 1 -2 0 2 -1 1 -2 0 2 -1 1 -2 0 2 -1 1 -2 0 2 -1 1 -2 0 2 -1 1 -2 0 2 -1 1 -2 0 2 -1 1 -2 0 2 -1 1 -2 0 2 -1 1 -2 0 2 -1 1 -2 0 2 -1 1 -2 0 2 -1 1 -2 0 2 -1 1 -2 0 2 -1 1 -2 0 2 -1 1 -2 0 2 -1 1 -2 0 2 -1 1 -2 0 2 -1 1 -2 0 2 -1 1 -2 0 2 -1 1 -2 0 2 -1 1 -2 0 2 -1 1 -2 0 2 -1 1 -2 0 2 -1 1 -2 0 2 602 1 -2 0 2 -1 1 -2 0 2 -1 1 -2 0 2 -1 1 -2 0 2 -1 1 -2 0 2 -1 1 -2 0 2 -1 1 -2 0 2 -1 1 -2 0 2 -1 1 -2 0 2 -1 1 -2 0 2 -1 1 -2 0 2 -1 1 -2 0 2 -1 1 -2 0 2 -1 1 -2 0 2 -1 1 -2 0 2 -1 1 -2 0 2 -1
-2 1 -1 2 0 -2 1 -1 2 0 -2 1 -1 2 0 -2 1 -1 2 0 -2 1 -1 2 0 -2 1 -1 2 0 -2 1 -1 2 0 -2 1 -1 2 0 -2 1 -1 2 0 -2 1 -1 2 0 -2 1 -1 2 0 -2 1 -1 2 0 -2 1 -1 2 0 -2 1 -1 2 0 -2 1 -1 2 0 -2 1 -1 2 0 -2 1 -1 2 0 -2 1 -1 2 0 -2 1 -1 2 0 -2 1 -1 2 0 -2 1 -1 2 0 -2 1 -1 2 0 -2 1 -1 2 0 -2 1 -1 2 0 -2 1 -1 2 0 -2 1 -1 2 0 -2 1 -1 2 0 -2 1 -1 2 0 -2 1 -1 2 0 -2 1 -1 2 0 -2 1 -1 2 0 -2 1 -1 2 0 -2 1 -1 2 0 -2 1 -1 2 0 -2 1 -1 2 0 -2 1 -1 2 0 -2 1 -1 2 0 -2 1 -1 2 0 -2 1 -1 2 0 -2 1 -1 2 0 -2 1 -1 2 0 -2 1 -1 2 0 -2 1 -1 2 0 -2 1 -1 2 0 -2 1 -1 2 0 -2 1 -1 2 0 -2 1 -1 2 0 -2 1 -1 2 0 -2 1 -1 2 0 -2 1 -1 2 0 -2 1 -1 2 0 -2 1 -1 2 0 -2 1 -1 2 0 -2 1 -1 2 0 -2 1 -1 2 0 -2 1 -1 2 0 -2 1 -1 2 0 -2 1 -1 2 0 -2 1 -1 2 0 -2 1 -1 2 0 -2 1 -1 2 0 -2 1 -1 2 0 -2 1 -1 2 0 -2 1 -1 2 0 -2 1 -1 2 0 -2 1 -1 2 0 -2 1 -1 2 0 -2 1 -1 2 0 -2 1 -1 2 0 -2 1 -1 2 0 -2 1 -1 2 0 -2 1 -1 2 0 -2 1 -1 2 0 -2 1 -1 2 0 -2 1 -1 2 0 -2 1 -1 2 0 -2 1 -1 2 0 -2 1 -1 2 0 -2 1 -1 2 0 -2 1 -1 2 0 -2 1 -1 2 0 -2 1 -1 2 0 -2 1 -1 2 0 -2 1 -1 2 0 601 1 -1 2 0 -2 1 -1 2 0 -2 1 -1 2 0 -2 1 -1 2 0 -2 1 -1 2 0 -2 1 -1 2 0 -2 1 -1 2 0 -2 1 -1 2 0 -2 1 -1 2 0 -2 1 -1 2 0 -2 1 -1 2 0 -2 1 -1 2 0 -2 1 -1 2 0 -2 1 -1 2 0 -2 1 -1 2 0 -2 1 -1 2 0
0 -1 -2 2 1 0 -1 -2 2 1 0 -1 -2 2 1 0 -1 -2 2 1 0 -1 -2 2 1 0 -1 -2 2 1 0 -1 -2 2 1 0 -1 -2 2 1 0 -1 -2 2 1 0 -1 -2 2 1 0 -1 -2 2 1 0 -1 -2 2 1 0 -1 -2 2 1 0 -1 -2 2 1 0 -1 -2 2 1 0 -1 -2 2 1 0 -1 -2 2 1 0 -1 -2 2 1 0 -1 -2 2 1 0 -1 -2 2 1 0 -1 -2 2 1 0 -1 -2 2 1 0 -1 -2 2 1 0 -1 -2 2 1 0 -1 -2 2 1 0 -1 -2 2 1 0 -1 -2 2 1 0 -1 -2 2 1 0 -1 -2 2 1 0 -1 -2 2 1 0 -1 -2 2 1 0 -1 -2 2 1 0 -1 -2 2 1 0 -1 -2 2 1 0 -1 -2 2 1 0 -1 -2 2 1 0 -1 -2 2 1 0 -1 -2 2 1 0 -1 -2 2 1 0 -1 -2 2 1 0 -1 -2 2 1 0 -1 -2 2 1 0 -1 -2 2 1 0 -1 -2 2 1 0 -1 -2 2 1 0 -1 -2 2 1 0 -1 -2 2 1 0 -1 -2 2 1 0 -1 -2 2 1 0 -1 -2 2 1 0 -1 -2 2 1 0 -1 -2 2 1 0 -1 -2 2 1 0 -1 -2 2 1 0 -1 -2 2 1 0 -1 -2 2 1 0 -1 -2 2 1 0 -1 -2 2 1 0 -1 -2 2 1 0 -1 -2 2 1 0 -1 -2 2 1 0 -1 -2 2 1 0 -1 -2 2 1 0 -1 -2 2 1 0 -1 -2 2 1 0 -1 -2 2 1 0 -1 -2 2 1 0 -1 -2 2 1 0 -1 -2 2 1 0 -1 -2 2 1 0 -1 -2 2 1 0 -1 -2 2 1 0 -1 -2 2 1 0 -1 -2 2 1 0 -1 -2 2 1 0 -1 -2 2 1 0 -1 -2 2 1 0 -1 -2 2 1 0 -1 -2 2 1 0 -1 -2 2 1 0 -1 -2 2 1 0 -1 -2 2 1 0 -1 -2 2 1 0 -1 -2 2 1 0 602 -2 2 1 0 -1 -2 2 1 0 -1 -2 2 1 0 -1 -2 2 1 0 -1 -2 2 1 0 -1 -2 2 1 0 -1 -2 2 1 0 -1 -2 2 1 0 -1 -2 2 1 0 -1 -2 2 1 0 -1 -2 2 1 0 -1 -2 2 1 0 -1 -2 2 1 0 -1 -2 2 1 0 -1 -2 2 1 0 -1 -2 2 1
2 2 2 2 2 2 2 2 2 2 2 2 2 2 2 2 2 2 2 2 2 2 2 2 2 2 2 2 2 2 2 2 2 2 2 2 2 2 2 2 2 2 2 2 2 2 2 2 2 2 2 2 2 2 2 2 2 2 2 2 2 2 2 2 2 2 2 2 2 2 2 2 2 2 2 2 2 2 2 2 2 2 2 2 2 2 2 2 2 2 2 2 2 2 2 2 2 2 2 2 2 2 2 2 2 2 2 2 2 2 2 2 2 2 2 2 2 2 2 2 2 2 2 2 2 2 2 2 2 2 2 2 2 2 2 2 2 2 2 2 2 2 2 2 2 2 2 2 2 2 2 2 2 2 2 2 2 2 2 2 2 2 2 2 2 2 2 2 2 2 2 2 2 2 2 2 2 2 2 2 2 2 2 2 2 2 2 2 2 2 2 2 2 2 2 2 2 2 2 2 2 2 2 2 2 2 2 2 2 2 2 2 2 2 2 2 2 2 2 2 2 2 2 2 2 2 2 2 2 2 2 2 2 2 2 2 2 2 2 2 2 2 2 2 2 2 2 2 2 2 2 2 2 2 2 2 2 2 2 2 2 2 2 2 2 2 2 2 2 2 2 2 2 2 2 2 2 2 2 2 2 2 2 2 2 2 2 2 2 2 2 2 2 2 2 2 2 2 2 2 2 2 2 2 2 2 2 2 2 2 2 2 2 2 2 2 2 2 2 2 2 2 2 2 2 2 2 2 2 2 2 2 2 2 2 2 2 2 2 2 2 2 2 2 2 2 2 2 2 2 2 2 2 2 2 2 2 2 2 2 2 2 2 2 2 2 2 2 2 2 2 2 2 2 2 2 2 2 2 2 2 2 2 2 2 2 2 2 2 2 2 2 2 2 2 2 2 2 2 2 2 2 2 2 2 2 2 2 2 2 2 2 2 2 2 2 2 2 2 2 2 2 1001 2 2 2 2 2 2 2 2 2 2 2 2 2 2 2 2 2 2 2 2 2 2 2 2 2 2 2 2 2 2 2 2 2 2 2 2 2 2 2 2 2 2 2 2 2 2 2 2 2 2 2 2 2 2 2 2 2 2 2 2 2 2 2 2 2 2 2 2 2 2 2 2 2 2 2 2 2
-1 0 1 2 -2 -1 0 1 2 -2 -1 0 1 2 -2 -1 0 1 2 -2 -1 0 1 2 -2 -1 0 1 2 -2 -1 0 1 2 -2 -1 0 1 2 -2 -1 0 1 2 -2 -1 0 1 2 -2 -1 0 1 2 -2 -1 0 1 2 -2 -1 0 1 2 -2 -1 0 1 2 -2 -1 0 1 2 -2 -1 0 1 2 -2 -1 0 1 2 -2 -1 0 1 2 -2 -1 0 1 2 -2 -1 0 1 2 -2 -1 0 1 2 -2 -1 0 1 2 -2 -1 0 1 2 -2 -1 0 1 2 -2 -1 0 1 2 -2 -1 0 1 2 -2 -1 0 1 2 -2 -1 0 1 2 -2 -1 0 1 2 -2 -1 0 1 2 -2 -1 0 1 2 -2 -1 0 1 2 -2 -1 0 1 2 -2 -1 0 1 2 -2 -1 0 1 2 -2 -1 0 1 2 -2 -1 0 1 2 -2 -1 0 1 2 -2 -1 0 1 2 -2 -1 0 1 2 -2 -1 0 1 2 -2 -1 0 1 2 -2 -1 0 1 2 -2 -1 0 1 2 -2 -1 0 1 2 -2 -1 0 1 2 -2 -1 0 1 2 -2 -1 0 1 2 -2 -1 0 1 2 -2 -1 0 1 2 -2 -1 0 1 2 -2 -1 0 1 2 -2 -1 0 1 2 -2 -1 0 1 2 -2 -1 0 1 2 -2 -1 0 1 2 -2 -1 0 1 2 -2 -1 0 1 2 -2 -1 0 1 2 -2 -1 0 1 2 -2 -1 0 1 2 -2 -1 0 1 2 -2 -1 0 1 2 -2 -1 0 1 2 -2 -1 0 1 2 -2 -1 0 1 2 -2 -1 0 1 2 -2 -1 0 1 2 -2 -1 0 1 2 -2 -1 0 1 2 -2 -1 0 1 2 -2 -1 0 1 2 -2 -1 0 1 2 -2 -1 0 1 2 -2 -1 0 1 2 -2 -1 0 1 2 -2 -1 0 1 2 -2 -1 0 1 2 -2 -1 0 1 2 -2 -1 0 1 2 -2 -1 0 1 2 -2 -1 0 1 2 -2 -1 0 1 2 -2 -1 0 1 2 -2 -1 0 1 601 -2 -1 0 1 2 -2 -1 0 1 2 -2 -1 0 1 2 -2 -1 0 1 2 -2 -1 0 1 2 -2 -1 0 1 2 -2 -1 0 1 2 -2 -1 0 1 2 -2 -1 0 1 2 -2 -1 0 1 2 -2 -1 0 1 2 -2 -1 0 1 2 -2 -1 0 1 2 -2 -1 0 1 2 -2 -1 0 1 2 -2
1 -2 0 2 -1 1 -2 0 2 -1 1 -2 0 2 -1 1 -2 0 2 -1 1 -2 0 2 -1 1 -2 0 2 -1 1 -2 0 2 -1 1 -2 0 2 -1 1 -2 0 2 -1 1 -2 0 2 -1 1 -2 0 2 -1 1 -2 0 2 -1 1 -2 0 2 -1 1 -2 0 2 -1 1 -2 0 2 -1 1 -2 0 2 -1 1 -2 0 2 -1 1 -2 0 2 -1 1 -2 0 2 -1 1 -2 0 2 -1 1 -2 0 2 -1 1 -2 0 2 -1 1 -2 0 2 -1 1 -2 0 2 -1 1 -2 0 2 -1 1 -2 0 2 -1 1 -2 0 2 -1 1 -2 0 2 -1 1 -2 0 2 -1 1 -2 0 2 -1 1 -2 0 2 -1 1 -2 0 2 -1 1 -2 0 2 -1 1 -2 0 2 -1 1 -2 0 2 -1 1 -2 0 2 -1 1 -2 0 2 -1 1 -2 0 2 -1 1 -2 0 2 -1 1 -2 0 2 -1 1 -2 0 2 -1 1 -2 0 2 -1 1 -2 0 2 -1 1 -2 0 2 -1 1 -2 0 2 -1 1 -2 0 2 -1 1 -2 0 2 -1 1 -2 0 2 -1 1 -2 0 2 -1 1 -2 0 2 -1 1 -2 0 2 -1 1 -2 0 2 -1 1 -2 0 2 -1 1 -2 0 2 -1 1 -2 0 2 -1 1 -2 0 2 -1 1 -2 0 2 -1 1 -2 0 2 -1 1 -2 0 2 -1 1 -2 0 2 -1 1 -2 0 2 -1 1 -2 0 2 -1 1 -2 0 2 -1 1 -2 0 2 -1 1 -2 0 2 -1 1 -2 0 2 -1 1 -2 0 2 -1 1 -2 0 2 -1 1 -2 0 2 -1 1 -2 0 2 -1 1 -2 0 2 -1 1 -2 0 2 -1 1 -2 0 2 -1 1 -2 0 2 -1 1 -2 0 2 -1 1 -2 0 2 -1 1 -2 0 2 -1 1 -2 0 2 -1 1 -2 0 2 -1 1 -2 0 2 -1 1 -2 0 2 -1 1 -2 0 2 -1 1 -2 0 2 -1 1 -2 0 2 -1 1 -2 0 2 602 1 -2 0 2 -1 1 -2 0 2 -1 1 -2 0 2 -1 1 -2 0 2 -1 1 -2 0 2 -1 1 -2 0 2 -1 1 -2 0 2 -1 1 -2 0 2 -1 1 -2 0 2 -1 1 -2 0 2 -1 1 -2 0 2 -1 1 -2 0 2 -1 1 -2 0 2 -1 1 -2 0 2 -1 1 -2 0 2 -1
-2 1 -1 2 0 -2 1 -1 2 0 -2 1 -1 2 0 -2 1 -1 2 0 -2 1 -1 2 0 -2 1 -1 2 0 -2 1 -1 2 0 -2 1 -1 2 0 -2 1 -1 2 0 -2 1 -1 2 0 -2 1 -1 2 0 -2 1 -1 2 0 -2 1 -1 2 0 -2 1 -1 2 0 -2 1 -1 2 0 -2 1 -1 2 0 -2 1 -1 2 0 -2 1 -1 2 0 -2 1 -1 2 0 -2 1 -1 2 0 -2 1 -1 2 0 -2 1 -1 2 0 -2 1 -1 2 0 -2 1 -1 2 0 -2 1 -1 2 0 -2 1 -1 2 0 -2 1 -1 2 0 -2 1 -1 2 0 -2 1 -1 2 0 -2 1 -1 2 0 -2 1 -1 2 0 -2 1 -1 2 0 -2 1 -1 2 0 -2 1 -1 2 0 -2 1 -1 2 0 -2 1 -1 2 0 -2 1 -1 2 0 -2 1 -1 2 0 -2 1 -1 2 0 -2 1 -1 2 0 -2 1 -1 2 0 -2 1 -1 2 0 -2 1 -1 2 0 -2 1 -1 2 0 -2 1 -1 2 0 -2 1 -1 2 0 -2 1 -1 2 0 -2 1 -1 2 0 -2 1 -1 2 0 -2 1 -1 2 0 -2 1 -1 2 0 -2 1 -1 2 0 -2 1 -1 2 0 -2 1 -1 2 0 -2 1 -1 2 0 -2 1 -1 2 0 -2 1 -1 2 0 -2 1 -1 2 0 -2 1 -1 2 0 -2 1 -1 2 0 -2 1 -1 2 0 -2 1 -1 2 0 -2 1 -1 2 0 -2 1 -1 2 0 -2 1 -1 2 0 -2 1 -1 2 0 -2 1 -1 2 0 -2 1 -1 2 0 -2 1 -1 2 0 -2 1 -1 2 0 -2 1 -1 2 0 -2 1 -1 2 0 -2 1 -1 2 0 -2 1 -1 2 0 -2 1 -1 2 0 -2 1 -1 2 0 -2 1 -1 2 0 -2 1 -1 2 0 -2 1 -1 2 0 -2 1 -1 2 0 -2 1 -1 2 0 -2 1 -1 2 0 -2 1 -1 2 0 -2 1 -1 2 0 -2 1 -1 2 0 601 1 -1 2 0 -2 1 -1 2 0 -2 1 -1 2 0 -2 1 -1 2 0 -2 1 -1 2 0 -2 1 -1 2 0 -2 1 -1 2 0 -2 1 -1 2 0 -2 1 -1 2 0 -2 1 -1 2 0 -2 1 -1 2 0 -2 1 -1 2 0 -2 1 -1 2 0 -2 1 -1 2 0 -2 1 -1 2 0
0 -1 -2 2 1 0 -1 -2 2 1 0 -1 -2 2 1 0 -1 -2 2 1 0 -1 -2 2 1 0 -1 -2 2 1 0 -1 -2 2 1 0 -1 -2 2 1 0 -1 -2 2 1 0 -1 -2 2 1 0 -1 -2 2 1 0 -1 -2 2 1 0 -1 -2 2 1 0 -1 -2 2 1 0 -1 -2 2 1 0 -1 -2 2 1 0 -1 -2 2 1 0 -1 -2 2 1 0 -1 -2 2 1 0 -1 -2 2 1 0 -1 -2 2 1 0 -1 -2 2 1 0 -1 -2 2 1 0 -1 -2 2 1 0 -1 -2 2 1 0 -1 -2 2 1 0 -1 -2 2 1 0 -1 -2 2 1 0 -1 -2 2 1 0 -1 -2 2 1 0 -1 -2 2 1 0 -1 -2 2 1 0 -1 -2 2 1 0 -1 -2 2 1 0 -1 -2 2 1 0 -1 -2 2 1 0 -1 -2 2 1 0 -1 -2 2 1 0 -1 -2 2 1 0 -1 -2 2 1 0 -1 -2 2 1 0 -1 -2 2 1 0 -1 -2 2 1 0 -1 -2 2 1 0 -1 -2 2 1 0 -1 -2 2 1 0 -1 -2 2 1 0 -1 -2 2 1 0 -1 -2 2 1 0 -1 -2 2 1 0 -1 -2 2 1 0 -1 -2 2 1 0 -1 -2 2 1 0 -1 -2 2 1 0 -1 -2 2 1 0 -1 -2 2 1 0 -1 -2 2 1 0 -1 -2 2 1 0 -1 -2 2 1 0 -1 -2 2 1 0 -1 -2 2 1 0 -1 -2 2 1 0 -1 -2 2 1 0 -1 -2 2 1 0 -1 -2 2 1 0 -1 -2 2 1 0 -1 -2 2 1 0 -1 -2 2 1 0 -1 -2 2 1 0 -1 -2 2 1 0 -1 -2 2 1 0 -1 -2 2 1 0 -1 -2 2 1 0 -1 -2 2 1 0 -1 -2 2 1 0 -1 -2 2 1 0 -1 -2 2 1 0 -1 -2 2 1 0 -1 -2 2 1 0 -1 -2 2 1 0 -1 -2 2 1 0 -1 -2 2 1 0 -1 -2 2 1 0 -1 -2 2 1 0 -1 -2 2 1 0 602 -2 2 1 0 -1 -2 2 1 0 -1 -2 2 1 0 -1 -2 2 1 0 -1 -2 2 1 0 -1 -2 2 1 0 -1 -2 2 1 0 -1 -2 2 1 0 -1 -2 2 1 0 -1 -2 2 1 0 -1 -2 2 1 0 -1 -2 2 1 0 -1 -2 2 1 0 -1 -2 2 1 0 -1 -2 2 1
2 2 2 2 2 2 2 2 2 2 2 2 2 2 2 2 2 2 2 2 2 2 2 2 2 2 2 2 2 2 2 2 2 2 2 2 2 2 2 2 2 2 2 2 2 2 2 2 2 2 2 2 2 2 2 2 2 2 2 2 2 2 2 2 2 2 2 2 2 2 2 2 2 2 2 2 2 2 2 2 2 2 2 2 2 2 2 2 2 2 2 2 2 2 2 2 2 2 2 2 2 2 2 2 2 2 2 2 2 2 2 2 2 2 2 2 2 2 2 2 2 2 2 2 2 2 2 2 2 2 2 2 2 2 2 2 2 2 2 2 2 2 2 2 2 2 2 2 2 2 2 2 2 2 2 2 2 2 2 2 2 2 2 2 2 2 2 2 2 2 2 2 2 2 2 2 2 2 2 2 2 2 2 2 2 2 2 2 2 2 2 2 2 2 2 2 2 2 2 2 2 2 2 2 2 2 2 2 2 2 2 2 2 2 2 2 2 2 2 2 2 2 2 2 2 2 2 2 2 2 2 2 2 2 2 2 2 2 2 2 2 2 2 2 2 2 2 2 2 2 2 2 2 2 2 2 2 2 2 2 2 2 2 2 2 2 2 2 2 2 2 2 2 2 2 2 2 2 2 2 2 2 2 2 2 2 2 2 2 2 2 2 2 2 2 2 2 2 2 2 2 2 2 2 2 2 2 2 2 2 2 2 2 2 2 2 2 2 2 2 2 2 2 2 2 2 2 2 2 2 2 2 2 2 2 2 2 2 2 2 2 2 2 2 2 2 2 2 2 2 2 2 2 2 2 2 2 2 2 2 2 2 2 2 2 2 2 2 2 2 2 2 2 2 2 2 2 2 2 2 2 2 2 2 2 2 2 2 2 2 2 2 2 2 2 2 2 2 2 2 2 2 2 2 2 2 2 2 2 2 2 2 2 2 2 2 2 2 2 2 2 2 2 2 2 2 2 1001 2 2 2 2 2 2 2 2 2 2 2 2 2 2 2 2 2 2 2 2 2 2 2 2 2 2 2 2 2 2 2 2 2 2 2 2 2 2 2 2 2 2 2 2 2 2 2 2 2 2 2 2 2 2 2 2 2 2 2 2 2 2 2 2 2 2 2 2 2 2 2 2
-1 0 1 2 -2 -1 0 1 2 -2 -1 0 1 2 -2 -1 0 1 2 -2 -1 0 1 2 -2 -1 0 1 2 -2 -1 0 1 2 -2 -1 0 1 2 -2 -1 0 1 2 -2 -1 0 1 2 -2 -1 0 1 2 -2 -1 0 1 2 -2 -1 0 1 2 -2 -1 0 1 2 -2 -1 0 1 2 -2 -1 0 1 2 -2 -1 0 1 2 -2 -1 0 1 2 -2 -1 0 1 2 -2 -1 0 1 2 -2 -1 0 1 2 -2 -1 0 1 2 -2 -1 0 1 2 -2 -1 0 1 2 -2 -1 0 1 2 -2 -1 0 1 2 -2 -1 0 1 2 -2 -1 0 1 2 -2 -1 0 1 2 -2 -1 0 1 2 -2 -1 0 1 2 -2 -1 0 1 2 -2 -1 0 1 2 -2 -1 0 1 2 -2 -1 0 1 2 -2 -1 0 1 2 -2 -1 0 1 2 -2 -1 0 1 2 -2 -1 0 1 2 -2 -1 0 1 2 -2 -1 0 1 2 -2 -1 0 1 2 -2 -1 0 1 2 -2 -1 0 1 2 -2 -1 0 1 2 -2 -1 0 1 2 -2 -1 0 1 2 -2 -1 0 1 2 -2 -1 0 1 2 -2 -1 0 1 2 -2 -1 0 1 2 -2 -1 0 1 2 -2 -1 0 1 2 -2 -1 0 1 2 -2 -1 0 1 2 -2 -1 0 1 2 -2 -1 0 1 2 -2 -1 0 1 2 -2 -1 0 1 2 -2 -1 0 1 2 -2 -1 0 1 2 -2 -1 0 1 2 -2 -1 0 1 2 -2 -1 0 1 2 -2 -1 0 1 2 -2 -1 0 1 2 -2 -1 0 1 2 -2 -1 0 1 2 -2 -1 0 1 2 -2 -1 0 1 2 -2 -1 0 1 2 -2 -1 0 1 2 -2 -1 0 1 2 -2 -1 0 1 2 -2 -1 0 1 2 -2 -1 0 1 2 -2 -1 0 1 2 -2 -1 0 1 2 -2 -1 0 1 2 -2 -1 0 1 2 -2 -1 0 1 2 -2 -1 0 1 2 -2 -1 0 1 2 -2 -1 0 1 2 -2 -1 0 1 2 -2 -1 0 1 601 -2 -1 0 1 2 -2 -1 0 1 2 -2 -1 0 1 2 -2 -1 0 1 2 -2 -1 0 1 2 -2 -1 0 1 2 -2 -1 0 1 2 -2 -1 0 1 2 -2 -1 0 1 2 -2 -1 0 1 2 -2 -1 0 1 2 -2 -1 0 1 2 -2 -1 0 1 2 -2 -1 0 1 2 -2
1 -2 0 2 -1 1 -2 0 2 -1 1 -2 0 2 -1 1 -2 0 2 -1 1 -2 0 2 -1 1 -2 0 2 -1 1 -2 0 2 -1 1 -2 0 2 -1 1 -2 0 2 -1 1 -2 0 2 -1 1 -2 0 2 -1 1 -2 0 2 -1 1 -2 0 2 -1 1 -2 0 2 -1 1 -2 0 2 -1 1 -2 0 2 -1 1 -2 0 2 -1 1 -2 0 2 -1 1 -2 0 2 -1 1 -2 0 2 -1 1 -2 0 2 -1 1 -2 0 2 -1 1 -2 0 2 -1 1 -2 0 2 -1 1 -2 0 2 -1 1 -2 0 2 -1 1 -2 0 2 -1 1 -2 0 2 -1 1 -2 0 2 -1 1 -2 0 2 -1 1 -2 0 2 -1 1 -2 0 2 -1 1 -2 0 2 -1 1 -2 0 2 -1 1 -2 0 2 -1 1 -2 0 2 -1 1 -2 0 2 -1 1 -2 0 2 -1 1 -2 0 2 -1 1 -2 0 2 -1 1 -2 0 2 -1 1 -2 0 2 -1 1 -2 0 2 -1 1 -2 0 2 -1 1 -2 0 2 -1 1 -2 0 2 -1 1 -2 0 2 -1 1 -2 0 2 -1 1 -2 0 2 -1 1 -2 0 2 -1 1 -2 0 2 -1 1 -2 0 2 -1 1 -2 0 2 -1 1 -2 0 2 -1 1 -2 0 2 -1 1 -2 0 2 -1 1 -2 0 2 -1 1 -2 0 2 -1 1 -2 0 2 -1 1 -2 0 2 -1 1 -2 0 2 -1 1 -2 0 2 -1 1 -2 0 2 -1 1 -2 0 2 -1 1 -2 0 2 -1 1 -2 0 2 -1 1 -2 0 2 -1 1 -2 0 2 -1 1 -2 0 2 -1 1 -2 0 2 -1 1 -2 0 2 -1 1 -2 0 2 -1 1 -2 0 2 -1 1 -2 0 2 -1 1 -2 0 2 -1 1 -2 0 2 -1 1 -2 0 2 -1 1 -2 0 2 -1 1 -2 0 2 -1 1 -2 0 2 -1 1 -2 0 2 -1 1 -2 0 2 -1 1 -2 0 2 -1 1 -2 0 2 -1 1 -2 0 2 -1 1 -2 0 2 602 1 -2 0 2 -1 1 -2 0 2 -1 1 -2 0 2 -1 1 -2 0 2 -1 1 -2 0 2 -1 1 -2 0 2 -1 1 -2 0 2 -1 1 -2 0 2 -1 1 -2 0 2 -1 1 -2 0 2 -1 1 -2 0 2 -1 1 -2 0 2 -1 1 -2 0 2 -1 1 -2 0 2 -1
-2 1 -1 2 0 -2 1 -1 2 0 -2 1 -1 2 0 -2 1 -1 2 0 -2 1 -1 2 0 -2 1 -1 2 0 -2 1 -1 2 0 -2 1 -1 2 0 -2 1 -1 2 0 -2 1 -1 2 0 -2 1 -1 2 0 -2 1 -1 2 0 -2 1 -1 2 0 -2 1 -1 2 0 -2 1 -1 2 0 -2 1 -1 2 0 -2 1 -1 2 0 -2 1 -1 2 0 -2 1 -1 2 0 -2 1 -1 2 0 -2 1 -1 2 0 -2 1 -1 2 0 -2 1 -1 2 0 -2 1 -1 2 0 -2 1 -1 2 0 -2 1 -1 2 0 -2 1 -1 2 0 -2 1 -1 2 0 -2 1 -1 2 0 -2 1 -1 2 0 -2 1 -1 2 0 -2 1 -1 2 0 -2 1 -1 2 0 -2 1 -1 2 0 -2 1 -1 2 0 -2 1 -1 2 0 -2 1 -1 2 0 -2 1 -1 2 0 -2 1 -1 2 0 -2 1 -1 2 0 -2 1 -1 2 0 -2 1 -1 2 0 -2 1 -1 2 0 -2 1 -1 2 0 -2 1 -1 2 0 -2 1 -1 2 0 -2 1 -1 2 0 -2 1 -1 2 0 -2 1 -1 2 0 -2 1 -1 2 0 -2 1 -1 2 0 -2 1 -1 2 0 -2 1 -1 2 0 -2 1 -1 2 0 -2 1 -1 2 0 -2 1 -1 2 0 -2 1 -1 2 0 -2 1 -1 2 0 -2 1 -1 2 0 -2 1 -1 2 0 -2 1 -1 2 0 -2 1 -1 2 0 -2 1 -1 2 0 -2 1 -1 2 0 -2 1 -1 2 0 -2 1 -1 2 0 -2 1 -1 2 0 -2 1 -1 2 0 -2 1 -1 2 0 -2 1 -1 2 0 -2 1 -1 2 0 -2 1 -1 2 0 -2 1 -1 2 0 -2 1 -1 2 0 -2 1 -1 2 0 -2 1 -1 2 0 -2 1 -1 2 0 -2 1 -1 2 0 -2 1 -1 2 0 -2 1 -1 2 0 -2 1 -1 2 0 -2 1 -1 2 0 -2 1 -1 2 0 -2 1 -1 2 0 -2 1 -1 2 0 -2 1 -1 2 0 601 1 -1 2 0 -2 1 -1 2 0 -2 1 -1 2 0 -2 1 -1 2 0 -2 1 -1 2 0 -2 1 -1 2 0 -2 1 -1 2 0 -2 1 -1 2 0 -2 1 -1 2 0 -2 1 -1 2 0 -2 1 -1 2 0 -2 1 -1 2 0 -2 1 -1 2 0 -2 1 -1 2 0
0 -1 -2 2 1 0 -1 -2 2 1 0 -1 -2 2 1 0 -1 -2 2 1 0 -1 -2 2 1 0 -1 -2 2 1 0 -1 -2 2 1 0 -1 -2 2 1 0 -1 -2 2 1 0 -1 -2 2 1 0 -1 -2 2 1 0 -1 -2 2 1 0 -1 -2 2 1 0 -1 -2 2 1 0 -1 -2 2 1 0 -1 -2 2 1 0 -1 -2 2 1 0 -1 -2 2 1 0 -1 -2 2 1 0 -1 -2 2 1 0 -1 -2 2 1 0 -1 -2 2 1 0 -1 -2 2 1 0 -1 -2 2 1 0 -1 -2 2 1 0 -1 -2 2 1 0 -1 -2 2 1 0 -1 -2 2 1 0 -1 -2 2 1 0 -1 -2 2 1 0 -1 -2 2 1 0 -1 -2 2 1 0 -1 -2 2 1 0 -1 -2 2 1 0 -1 -2 2 1 0 -1 -2 2 1 0 -1 -2 2 1 0 -1 -2 2 1 0 -1 -2 2 1 0 -1 -2 2 1 0 -1 -2 2 1 0 -1 -2 2 1 0 -1 -2 2 1 0 -1 -2 2 1 0 -1 -2 2 1 0 -1 -2 2 1 0 -1 -2 2 1 0 -1 -2 2 1 0 -1 -2 2 1 0 -1 -2 2 1 0 -1 -2 2 1 0 -1 -2 2 1 0 -1 -2 2 1 0 -1 -2 2 1 0 -1 -2 2 1 0 -1 -2 2 1 0 -1 -2 2 1 0 -1 -2 2 1 0 -1 -2 2 1 0 -1 -2 2 1 0 -1 -2 2 1 0 -1 -2 2 1 0 -1 -2 2 1 0 -1 -2 2 1 0 -1 -2 2 1 0 -1 -2 2 1 0 -1 -2 2 1 0 -1 -2 2 1 0 -1 -2 2 1 0 -1 -2 2 1 0 -1 -2 2 1 0 -1 -2 2 1 0 -1 -2 2 1 0 -1 -2 2 1 0 -1 -2 2 1 0 -1 -2 2 1 0 -1 -2 2 1 0 -1 -2 2 1 0 -1 -2 2 1 0 -1 -2 2 1 0 -1 -2 2 1 0 -1 -2 2 1 0 -1 -2 2 1 0 -1 -2 2 1 0 -1 -2 2 1 0 -1 -2 2 1 0 602 -2 2 1 0 -1 -2 2 1 0 -1 -2 2 1 0 -1 -2 2 1 0 -1 -2 2 1 0 -1 -2 2 1 0 -1 -2 2 1 0 -1 -2 2 1 0 -1 -2 2 1 0 -1 -2 2 1 0 -1 -2 2 1 0 -1 -2 2 1 0 -1 -2 2 1 0 -1 -2 2 1
2 2 2 2 2 2 2 2 2 2 2 2 2 2 2 2 2 2 2 2 2 2 2 2 2 2 2 2 2 2 2 2 2 2 2 2 2 2 2 2 2 2 2 2 2 2 2 2 2 2 2 2 2 2 2 2 2 2 2 2 2 2 2 2 2 2 2 2 2 2 2 2 2 2 2 2 2 2 2 2 2 2 2 2 2 2 2 2 2 2 2 2 2 2 2 2 2 2 2 2 2 2 2 2 2 2 2 2 2 2 2 2 2 2 2 2 2 2 2 2 2 2 2 2 2 2 2 2 2 2 2 2 2 2 2 2 2 2 2 2 2 2 2 2 2 2 2 2 2 2 2 2 2 2 2 2 2 2 2 2 2 2 2 2 2 2 2 2 2 2 2 2 2 2 2 2 2 2 2 2 2 2 2 2 2 2 2 2 2 2 2 2 2 2 2 2 2 2 2 2 2 2 2 2 2 2 2 2 2 2 2 2 2 2 2 2 2 2 2 2 2 2 2 2 2 2 2 2 2 2 2 2 2 2 2 2 2 2 2 2 2 2 2 2 2 2 2 2 2 2 2 2 2 2 2 2 2 2 2 2 2 2 2 2 2 2 2 2 2 2 2 2 2 2 2 2 2 2 2 2 2 2 2 2 2 2 2 2 2 2 2 2 2 2 2 2 2 2 2 2 2 2 2 2 2 2 2 2 2 2 2 2 2 2 2 2 2 2 2 2 2 2 2 2 2 2 2 2 2 2 2 2 2 2 2 2 2 2 2 2 2 2 2 2 2 2 2 2 2 2 2 2 2 2 2 2 2 2 2 2 2 2 2 2 2 2 2 2 2 2 2 2 2 2 2 2 2 2 2 2 2 2 2 2 2 2 2 2 2 2 2 2 2 2 2 2 2 2 2 2 2 2 2 2 2 2 2 2 2 2 2 2 2 2 2 2 2 2 2 2 2 2 2 2 2 2 2 2 2 2 2 2 1001 2 2 2 2 2 2 2 2 2 2 2 2 2 2 2 2 2 2 2 2 2 2 2 2 2 2 2 2 2 2 2 2 2 2 2 2 2 2 2 2 2 2 2 2 2 2 2 2 2 2 2 2 2 2 2 2 2 2 2 2 2 2 2 2 2 2 2
-1 0 1 2 -2 -1 0 1 2 -2 -1 0 1 2 -2 -1 0 1 2 -2 -1 0 1 2 -2 -1 0 1 2 -2 -1 0 1 2 -2 -1 0 1 2 -2 -1 0 1 2 -2 -1 0 1 2 -2 -1 0 1 2 -2 -1 0 1 2 -2 -1 0 1 2 -2 -1 0 1 2 -2 -1 0 1 2 -2 -1 0 1 2 -2 -1 0 1 2 -2 -1 0 1 2 -2 -1 0 1 2 -2 -1 0 1 2 -2 -1 0 1 2 -2 -1 0 1 2 -2 -1 0 1 2 -2 -1 0 1 2 -2 -1 0 1 2 -2 -1 0 1 2 -2 -1 0 1 2 -2 -1 0 1 2 -2 -1 0 1 2 -2 -1 0 1 2 -2 -1 0 1 2 -2 -1 0 1 2 -2 -1 0 1 2 -2 -1 0 1 2 -2 -1 0 1 2 -2 -1 0 1 2 -2 -1 0 1 2 -2 -1 0 1 2 -2 -1 0 1 2 -2 -1 0 1 2 -2 -1 0 1 2 -2 -1 0 1 2 -2 -1 0 1 2 -2 -1 0 1 2 -2 -1 0 1 2 -2 -1 0 1 2 -2 -1 0 1 2 -2 -1 0 1 2 -2 -1 0 1 2 -2 -1 0 1 2 -2 -1 0 1 2 -2 -1 0 1 2 -2 -1 0 1 2 -2 -1 0 1 2 -2 -1 0 1 2 -2 -1 0 1 2 -2 -1 0 1 2 -2 -1 0 1 2 -2 -1 0 1 2 -2 -1 0 1 2 -2 -1 0 1 2 -2 -1 0 1 2 -2 -1 0 1 2 -2 -1 0 1 2 -2 -1 0 1 2 -2 -1 0 1 2 -2 -1 0 1 2 -2 -1 0 1 2 -2 -1 0 1 2 -2 -1 0 1 2 -2 -1 0 1 2 -2 -1 0 1 2 -2 -1 0 1 2 -2 -1 0 1 2 -2 -1 0 1 2 -2 -1 0 1 2 -2 -1 0 1 2 -2 -1 0 1 2 -2 -1 0 1 2 -2 -1 0 1 2 -2 -1 0 1 2 -2 -1 0 1 2 -2 -1 0 1 2 -2 -1 0 1 2 -2 -1 0 1 2 -2 -1 0 1 2 -2 -1 0 1 601 -2 -1 0 1 2 -2 -1 0 1 2 -2 -1 0 1 2 -2 -1 0 1 2 -2 -1 0 1 2 -2 -1 0 1 2 -2 -1 0 1 2 -2 -1 0 1 2 -2 -1 0 1 2 -2 -1 0 1 2 -2 -1 0 1 2 -2 -1 0 1 2 -2 -1 0 1 2 -2
1 -2 0 2 -1 1 -2 0 2 -1 1 -2 0 2 -1 1 -2 0 2 -1 1 -2 0 2 -1 1 -2 0 2 -1 1 -2 0 2 -1 1 -2 0 2 -1 1 -2 0 2 -1 1 -2 0 2 -1 1 -2 0 2 -1 1 -2 0 2 -1 1 -2 0 2 -1 1 -2 0 2 -1 1 -2 0 2 -1 1 -2 0 2 -1 1 -2 0 2 -1 1 -2 0 2 -1 1 -2 0 2 -1 1 -2 0 2 -1 1 -2 0 2 -1 1 -2 0 2 -1 1 -2 0 2 -1 1 -2 0 2 -1 1 -2 0 2 -1 1 -2 0 2 -1 1 -2 0 2 -1 1 -2 0 2 -1 1 -2 0 2 -1 1 -2 0 2 -1 1 -2 0 2 -1 1 -2 0 2 -1 1 -2 0 2 -1 1 -2 0 2 -1 1 -2 0 2 -1 1 -2 0 2 -1 1 -2 0 2 -1 1 -2 0 2 -1 1 -2 0 2 -1 1 -2 0 2 -1 1 -2 0 2 -1 1 -2 0 2 -1 1 -2 0 2 -1 1 -2 0 2 -1 1 -2 0 2 -1 1 -2 0 2 -1 1 -2 0 2 -1 1 -2 0 2 -1 1 -2 0 2 -1 1 -2 0 2 -1 1 -2 0 2 -1 1 -2 0 2 -1 1 -2 0 2 -1 1 -2 0 2 -1 1 -2 0 2 -1 1 -2 0 2 -1 1 -2 0 2 -1 1 -2 0 2 -1 1 -2 0 2 -1 1 -2 0 2 -1 1 -2 0 2 -1 1 -2 0 2 -1 1 -2 0 2 -1 1 -2 0 2 -1 1 -2 0 2 -1 1 -2 0 2 -1 1 -2 0 2 -1 1 -2 0 2 -1 1 -2 0 2 -1 1 -2 0 2 -1 1 -2 0 2 -1 1 -2 0 2 -1 1 -2 0 2 -1 1 -2 0 2 -1 1 -2 0 2 -1 1 -2 0 2 -1 1 -2 0 2 -1 1 -2 0 2 -1 1 -2 0 2 -1 1 -2 0 2 -1 1 -2 0 2 -1 1 -2 0 2 -1 1 -2 0 2 -1 1 -2 0 2 -1 1 -2 0 2 -1 1 -2 0 2 -1 1 -2 0 2 602 1 -2 0 2 -1 1 -2 0 2 -1 1 -2 0 2 -1 1 -2 0 2 -1 1 -2 0 2 -1 1 -2 0 2 -1 1 -2 0 2 -1 1 -2 0 2 -1 1 -2 0 2 -1 1 -2 0 2 -1 1 -2 0 2 -1 1 -2 0 2 -1 1 -2 0 2 -1
-2 1 -1 2 0 -2 1 -1 2 0 -2 1 -1 2 0 -2 1 -1 2 0 -2 1 -1 2 0 -2 1 -1 2 0 -2 1 -1 2 0 -2 1 -1 2 0 -2 1 -1 2 0 -2 1 -1 2 0 -2 1 -1 2 0 -2 1 -1 2 0 -2 1 -1 2 0 -2 1 -1 2 0 -2 1 -1 2 0 -2 1 -1 2 0 -2 1 -1 2 0 -2 1 -1 2 0 -2 1 -1 2 0 -2 1 -1 2 0 -2 1 -1 2 0 -2 1 -1 2 0 -2 1 -1 2 0 -2 1 -1 2 0 -2 1 -1 2 0 -2 1 -1 2 0 -2 1 -1 2 0 -2 1 -1 2 0 -2 1 -1 2 0 -2 1 -1 2 0 -2 1 -1 2 0 -2 1 -1 2 0 -2 1 -1 2 0 -2 1 -1 2 0 -2 1 -1 2 0 -2 1 -1 2 0 -2 1 -1 2 0 -2 1 -1 2 0 -2 1 -1 2 0 -2 1 -1 2 0 -2 1 -1 2 0 -2 1 -1 2 0 -2 1 -1 2 0 -2 1 -1 2 0 -2 1 -1 2 0 -2 1 -1 2 0 -2 1 -1 2 0 -2 1 -1 2 0 -2 1 -1 2 0 -2 1 -1 2 0 -2 1 -1 2 0 -2 1 -1 2 0 -2 1 -1 2 0 -2 1 -1 2 0 -2 1 -1 2 0 -2 1 -1 2 0 -2 1 -1 2 0 -2 1 -1 2 0 -2 1 -1 2 0 -2 1 -1 2 0 -2 1 -1 2 0 -2 1 -1 2 0 -2 1 -1 2 0 -2 1 -1 2 0 -2 1 -1 2 0 -2 1 -1 2 0 -2 1 -1 2 0 -2 1 -1 2 0 -2 1 -1 2 0 -2 1 -1 2 0 -2 1 -1 2 0 -2 1 -1 2 0 -2 1 -1 2 0 -2 1 -1 2 0 -2 1 -1 2 0 -2 1 -1 2 0 -2 1 -1 2 0 -2 1 -1 2 0 -2 1 -1 2 0 -2 1 -1 2 0 -2 1 -1 2 0 -2 1 -1 2 0 -2 1 -1 2 0 -2 1 -1 2 0 -2 1 -1 2 0 -2 1 -1 2 0 -2 1 -1 2 0 601 1 -1 2 0 -2 1 -1 2 0 -2 1 -1 2 0 -2 1 -1 2 0 -2 1 -1 2 0 -2 1 -1 2 0 -2 1 -1 2 0 -2 1 -1 2 0 -2 1 -1 2 0 -2 1 -1 2 0 -2 1 -1 2 0 -2 1 -1 2 0 -2 1 -1 2 0
0 -1 -2 2 1 0 -1 -2 2 1 0 -1 -2 2 1 0 -1 -2 2 1 0 -1 -2 2 1 0 -1 -2 2 1 0 -1 -2 2 1 0 -1 -2 2 1 0 -1 -2 2 1 0 -1 -2 2 1 0 -1 -2 2 1 0 -1 -2 2 1 0 -1 -2 2 1 0 -1 -2 2 1 0 -1 -2 2 1 0 -1 -2 2 1 0 -1 -2 2 1 0 -1 -2 2 1 0 -1 -2 2 1 0 -1 -2 2 1 0 -1 -2 2 1 0 -1 -2 2 1 0 -1 -2 2 1 0 -1 -2 2 1 0 -1 -2 2 1 0 -1 -2 2 1 0 -1 -2 2 1 0 -1 -2 2 1 0 -1 -2 2 1 0 -1 -2 2 1 0 -1 -2 2 1 0 -1 -2 2 1 0 -1 -2 2 1 0 -1 -2 2 1 0 -1 -2 2 1 0 -1 -2 2 1 0 -1 -2 2 1 0 -1 -2 2 1 0 -1 -2 2 1 0 -1 -2 2 1 0 -1 -2 2 1 0 -1 -2 2 1 0 -1 -2 2 1 0 -1 -2 2 1 0 -1 -2 2 1 0 -1 -2 2 1 0 -1 -2 2 1 0 -1 -2 2 1 0 -1 -2 2 1 0 -1 -2 2 1 0 -1 -2 2 1 0 -1 -2 2 1 0 -1 -2 2 1 0 -1 -2 2 1 0 -1 -2 2 1 0 -1 -2 2 1 0 -1 -2 2 1 0 -1 -2 2 1 0 -1 -2 2 1 0 -1 -2 2 1 0 -1 -2 2 1 0 -1 -2 2 1 0 -1 -2 2 1 0 -1 -2 2 1 0 -1 -2 2 1 0 -1 -2 2 1 0 -1 -2 2 1 0 -1 -2 2 1 0 -1 -2 2 1 0 -1 -2 2 1 0 -1 -2 2 1 0 -1 -2 2 1 0 -1 -2 2 1 0 -1 -2 2 1 0 -1 -2 2 1 0 -1 -2 2 1 0 -1 -2 2 1 0 -1 -2 2 1 0 -1 -2 2 1 0 -1 -2 2 1 0 -1 -2 2 1 0 -1 -2 2 1 0 -1 -2 2 1 0 -1 -2 2 1 0 -1 -2 2 1 0 -1 -2 2 1 0 -1 -2 2 1 0 602 -2 2 1 0 -1 -2 2 1 0 -1 -2 2 1 0 -1 -2 2 1 0 -1 -2 2 1 0 -1 -2 2 1 0 -1 -2 2 1 0 -1 -2 2 1 0 -1 -2 2 1 0 -1 -2 2 1 0 -1 -2 2 1 0 -1 -2 2 1 0 -1 -2 2 1
2 2 2 2 2 2 2 2 2 2 2 2 2 2 2 2 2 2 2 2 2 2 2 2 2 2 2 2 2 2 2 2 2 2 2 2 2 2 2 2 2 2 2 2 2 2 2 2 2 2 2 2 2 2 2 2 2 2 2 2 2 2 2 2 2 2 2 2 2 2 2 2 2 2 2 2 2 2 2 2 2 2 2 2 2 2 2 2 2 2 2 2 2 2 2 2 2 2 2 2 2 2 2 2 2 2 2 2 2 2 2 2 2 2 2 2 2 2 2 2 2 2 2 2 2 2 2 2 2 2 2 2 2 2 2 2 2 2 2 2 2 2 2 2 2 2 2 2 2 2 2 2 2 2 2 2 2 2 2 2 2 2 2 2 2 2 2 2 2 2 2 2 2 2 2 2 2 2 2 2 2 2 2 2 2 2 2 2 2 2 2 2 2 2 2 2 2 2 2 2 2 2 2 2 2 2 2 2 2 2 2 2 2 2 2 2 2 2 2 2 2 2 2 2 2 2 2 2 2 2 2 2 2 2 2 2 2 2 2 2 2 2 2 2 2 2 2 2 2 2 2 2 2 2 2 2 2 2 2 2 2 2 2 2 2 2 2 2 2 2 2 2 2 2 2 2 2 2 2 2 2 2 2 2 2 2 2 2 2 2 2 2 2 2 2 2 2 2 2 2 2 2 2 2 2 2 2 2 2 2 2 2 2 2 2 2 2 2 2 2 2 2 2 2 2 2 2 2 2 2 2 2 2 2 2 2 2 2 2 2 2 2 2 2 2 2 2 2 2 2 2 2 2 2 2 2 2 2 2 2 2 2 2 2 2 2 2 2 2 2 2 2 2 2 2 2 2 2 2 2 2 2 2 2 2 2 2 2 2 2 2 2 2 2 2 2 2 2 2 2 2 2 2 2 2 2 2 2 2 2 2 2 2 2 2 2 2 2 2 2 2 2 2 2 2 2 2 2 2 2 2 2 2 2 2 2 2 1001 2 2 2 2 2 2 2 2 2 2 2 2 2 2 2 2 2 2 2 2 2 2 2 2 2 2 2 2 2 2 2 2 2 2 2 2 2 2 2 2 2 2 2 2 2 2 2 2 2 2 2 2 2 2 2 2 2 2 2 2 2 2
-1 0 1 2 -2 -1 0 1 2 -2 -1 0 1 2 -2 -1 0 1 2 -2 -1 0 1 2 -2 -1 0 1 2 -2 -1 0 1 2 -2 -1 0 1 2 -2 -1 0 1 2 -2 -1 0 1 2 -2 -1 0 1 2 -2 -1 0 1 2 -2 -1 0 1 2 -2 -1 0 1 2 -2 -1 0 1 2 -2 -1 0 1 2 -2 -1 0 1 2 -2 -1 0 1 2 -2 -1 0 1 2 -2 -1 0 1 2 -2 -1 0 1 2 -2 -1 0 1 2 -2 -1 0 1 2 -2 -1 0 1 2 -2 -1 0 1 2 -2 -1 0 1 2 -2 -1 0 1 2 -2 -1 0 1 2 -2 -1 0 1 2 -2 -1 0 1 2 -2 -1 0 1 2 -2 -1 0 1 2 -2 -1 0 1 2 -2 -1 0 1 2 -2 -1 0 1 2 -2 -1 0 1 2 -2 -1 0 1 2 -2 -1 0 1 2 -2 -1 0 1 2 -2 -1 0 1 2 -2 -1 0 1 2 -2 -1 0 1 2 -2 -1 0 1 2 -2 -1 0 1 2 -2 -1 0 1 2 -2 -1 0 1 2 -2 -1 0 1 2 -2 -1 0 1 2 -2 -1 0 1 2 -2 -1 0 1 2 -2 -1 0 1 2 -2 -1 0 1 2 -2 -1 0 1 2 -2 -1 0 1 2 -2 -1 0 1 2 -2 -1 0 1 2 -2 -1 0 1 2 -2 -1 0 1 2 -2 -1 0 1 2 -2 -1 0 1 2 -2 -1 0 1 2 -2 -1 0 1 2 -2 -1 0 1 2 -2 -1 0 1 2 -2 -1 0 1 2 -2 -1 0 1 2 -2 -1 0 1 2 -2 -1 0 1 2 -2 -1 0 1 2 -2 -1 0 1 2 -2 -1 0 1 2 -2 -1 0 1 2 -2 -1 0 1 2 -2 -1 0 1 2 -2 -1 0 1 2 -2 -1 0 1 2 -2 -1 0 1 2 -2 -1 0 1 2 -2 -1 0 1 2 -2 -1 0 1 2 -2 -1 0 1 2 -2 -1 0 1 2 -2 -1 0 1 2 -2 -1 0 1 2 -2 -1 0 1 2 -2 -1 0 1 2 -2 -1 0 1 2 -2 -1 0 1 601 -2 -1 0 1 2 -2 -1 0 1 2 -2 -1 0 1 2 -2 -1 0 1 2 -2 -1 0 1 2 -2 -1 0 1 2 -2 -1 0 1 2 -2 -1 0 1 2 -2 -1 0 1 2 -2 -1 0 1 2 -2 -1 0 1 2 -2 -1 0 1 2 -2
1 -2 0 2 -1 1 -2 0 2 -1 1 -2 0 2 -1 1 -2 0 2 -1 1 -2 0 2 -1 1 -2 0 2 -1 1 -2 0 2 -1 1 -2 0 2 -1 1 -2 0 2 -1 1 -2 0 2 -1 1 -2 0 2 -1 1 -2 0 2 -1 1 -2 0 2 -1 1 -2 0 2 -1 1 -2 0 2 -1 1 -2 0 2 -1 1 -2 0 2 -1 1 -2 0 2 -1 1 -2 0 2 -1 1 -2 0 2 -1 1 -2 0 2 -1 1 -2 0 2 -1 1 -2 0 2 -1 1 -2 0 2 -1 1 -2 0 2 -1 1 -2 0 2 -1 1 -2 0 2 -1 1 -2 0 2 -1 1 -2 0 2 -1 1 -2 0 2 -1 1 -2 0 2 -1 1 -2 0 2 -1 1 -2 0 2 -1 1 -2 0 2 -1 1 -2 0 2 -1 1 -2 0 2 -1 1 -2 0 2 -1 1 -2 0 2 -1 1 -2 0 2 -1 1 -2 0 2 -1 1 -2 0 2 -1 1 -2 0 2 -1 1 -2 0 2 -1 1 -2 0 2 -1 1 -2 0 2 -1 1 -2 0 2 -1 1 -2 0 2 -1 1 -2 0 2 -1 1 -2 0 2 -1 1 -2 0 2 -1 1 -2 0 2 -1 1 -2 0 2 -1 1 -2 0 2 -1 1 -2 0 2 -1 1 -2 0 2 -1 1 -2 0 2 -1 1 -2 0 2 -1 1 -2 0 2 -1 1 -2 0 2 -1 1 -2 0 2 -1 1 -2 0 2 -1 1 -2 0 2 -1 1 -2 0 2 -1 1 -2 0 2 -1 1 -2 0 2 -1 1 -2 0 2 -1 1 -2 0 2 -1 1 -2 0 2 -1 1 -2 0 2 -1 1 -2 0 2 -1 1 -2 0 2 -1 1 -2 0 2 -1 1 -2 0 2 -1 1 -2 0 2 -1 1 -2 0 2 -1 1 -2 0 2 -1 1 -2 0 2 -1 1 -2 0 2 -1 1 -2 0 2 -1 1 -2 0 2 -1 1 -2 0 2 -1 1 -2 0 2 -1 1 -2 0 2 -1 1 -2 0 2 -1 1 -2 0 2 -1 1 -2 0 2 -1 1 -2 0 2 -1 1 -2 0 2 602 1 -2 0 2 -1 1 -2 0 2 -1 1 -2 0 2 -1 1 -2 0 2 -1 1 -2 0 2 -1 1 -2 0 2 -1 1 -2 0 2 -1 1 -2 0 2 -1 1 -2 0 2 -1 1 -2 0 2 -1 1 -2 0 2 -1 1 -2 0 2 -1
-2 1 -1 2 0 -2 1 -1 2 0 -2 1 -1 2 0 -2 1 -1 2 0 -2 1 -1 2 0 -2 1 -1 2 0 -2 1 -1 2 0 -2 1 -1 2 0 -2 1 -1 2 0 -2 1 -1 2 0 -2 1 -1 2 0 -2 1 -1 2 0 -2 1 -1 2 0 -2 1 -1 2 0 -2 1 -1 2 0 -2 1 -1 2 0 -2 1 -1 2 0 -2 1 -1 2 0 -2 1 -1 2 0 -2 1 -1 2 0 -2 1 -1 2 0 -2 1 -1 2 0 -2 1 -1 2 0 -2 1 -1 2 0 -2 1 -1 2 0 -2 1 -1 2 0 -2 1 -1 2 0 -2 1 -1 2 0 -2 1 -1 2 0 -2 1 -1 2 0 -2 1 -1 2 0 -2 1 -1 2 0 -2 1 -1 2 0 -2 1 -1 2 0 -2 1 -1 2 0 -2 1 -1 2 0 -2 1 -1 2 0 -2 1 -1 2 0 -2 1 -1 2 0 -2 1 -1 2 0 -2 1 -1 2 0 -2 1 -1 2 0 -2 1 -1 2 0 -2 1 -1 2 0 -2 1 -1 2 0 -2 1 -1 2 0 -2 1 -1 2 0 -2 1 -1 2 0 -2 1 -1 2 0 -2 1 -1 2 0 -2 1 -1 2 0 -2 1 -1 2 0 -2 1 -1 2 0 -2 1 -1 2 0 -2 1 -1 2 0 -2 1 -1 2 0 -2 1 -1 2 0 -2 1 -1 2 0 -2 1 -1 2 0 -2 1 -1 2 0 -2 1 -1 2 0 -2 1 -1 2 0 -2 1 -1 2 0 -2 1 -1 2 0 -2 1 -1 2 0 -2 1 -1 2 0 -2 1 -1 2 0 -2 1 -1 2 0 -2 1 -1 2 0 -2 1 -1 2 0 -2 1 -1 2 0 -2 1 -1 2 0 -2 1 -1 2 0 -2 1 -1 2 0 -2 1 -1 2 0 -2 1 -1 2 0 -2 1 -1 2 0 -2 1 -1 2 0 -2 1 -1 2 0 -2 1 -1 2 0 -2 1 -1 2 0 -2 1 -1 2 0 -2 1 -1 2 0 -2 1 -1 2 0 -2 1 -1 2 0 -2 1 -1 2 0 -2 1 -1 2 0 -2 1 -1 2 0 601 1 -1 2 0 -2 1 -1 2 0 -2 1 -1 2 0 -2 1 -1 2 0 -2 1 -1 2 0 -2 1 -1 2 0 -2 1 -1 2 0 -2 1 -1 2 0 -2 1 -1 2 0 -2 1 -1 2 0 -2 1 -1 2 0 -2 1 -1 2 0
0 -1 -2 2 1 0 -1 -2 2 1 0 -1 -2 2 1 0 -1 -2 2 1 0 -1 -2 2 1 0 -1 -2 2 1 0 -1 -2 2 1 0 -1 -2 2 1 0 -1 -2 2 1 0 -1 -2 2 1 0 -1 -2 2 1 0 -1 -2 2 1 0 -1 -2 2 1 0 -1 -2 2 1 0 -1 -2 2 1 0 -1 -2 2 1 0 -1 -2 2 1 0 -1 -2 2 1 0 -1 -2 2 1 0 -1 -2 2 1 0 -1 -2 2 1 0 -1 -2 2 1 0 -1 -2 2 1 0 -1 -2 2 1 0 -1 -2 2 1 0 -1 -2 2 1 0 -1 -2 2 1 0 -1 -2 2 1 0 -1 -2 2 1 0 -1 -2 2 1 0 -1 -2 2 1 0 -1 -2 2 1 0 -1 -2 2 1 0 -1 -2 2 1 0 -1 -2 2 1 0 -1 -2 2 1 0 -1 -2 2 1 0 -1 -2 2 1 0 -1 -2 2 1 0 -1 -2 2 1 0 -1 -2 2 1 0 -1 -2 2 1 0 -1 -2 2 1 0 -1 -2 2 1 0 -1 -2 2 1 0 -1 -2 2 1 0 -1 -2 2 1 0 -1 -2 2 1 0 -1 -2 2 1 0 -1 -2 2 1 0 -1 -2 2 1 0 -1 -2 2 1 0 -1 -2 2 1 0 -1 -2 2 1 0 -1 -2 2 1 0 -1 -2 2 1 0 -1 -2 2 1 0 -1 -2 2 1 0 -1 -2 2 1 0 -1 -2 2 1 0 -1 -2 2 1 0 -1 -2 2 1 0 -1 -2 2 1 0 -1 -2 2 1 0 -1 -2 2 1 0 -1 -2 2 1 0 -1 -2 2 1 0 -1 -2 2 1 0 -1 -2 2 1 0 -1 -2 2 1 0 -1 -2 2 1 0 -1 -2 2 1 0 -1 -2 2 1 0 -1 -2 2 1 0 -1 -2 2 1 0 -1 -2 2 1 0 -1 -2 2 1 0 -1 -2 2 1 0 -1 -2 2 1 0 -1 -2 2 1 0 -1 -2 2 1 0 -1 -2 2 1 0 -1 -2 2 1 0 -1 -2 2 1 0 -1 -2 2 1 0 -1 -2 2 1 0 -1 -2 2 1 0 -1 -2 2 1 0 602 -2 2 1 0 -1 -2 2 1 0 -1 -2 2 1 0 -1 -2 2 1 0 -1 -2 2 1 0 -1 -2 2 1 0 -1 -2 2 1 0 -1 -2 2 1 0 -1 -2 2 1 0 -1 -2 2 1 0 -1 -2 2 1 0 -1 -2 2 1
2 2 2 2 2 2 2 2 2 2 2 2 2 2 2 2 2 2 2 2 2 2 2 2 2 2 2 2 2 2 2 2 2 2 2 2 2 2 2 2 2 2 2 2 2 2 2 2 2 2 2 2 2 2 2 2 2 2 2 2 2 2 2 2 2 2 2 2 2 2 2 2 2 2 2 2 2 2 2 2 2 2 2 2 2 2 2 2 2 2 2 2 2 2 2 2 2 2 2 2 2 2 2 2 2 2 2 2 2 2 2 2 2 2 2 2 2 2 2 2 2 2 2 2 2 2 2 2 2 2 2 2 2 2 2 2 2 2 2 2 2 2 2 2 2 2 2 2 2 2 2 2 2 2 2 2 2 2 2 2 2 2 2 2 2 2 2 2 2 2 2 2 2 2 2 2 2 2 2 2 2 2 2 2 2 2 2 2 2 2 2 2 2 2 2 2 2 2 2 2 2 2 2 2 2 2 2 2 2 2 2 2 2 2 2 2 2 2 2 2 2 2 2 2 2 2 2 2 2 2 2 2 2 2 2 2 2 2 2 2 2 2 2 2 2 2 2 2 2 2 2 2 2 2 2 2 2 2 2 2 2 2 2 2 2 2 2 2 2 2 2 2 2 2 2 2 2 2 2 2 2 2 2 2 2 2 2 2 2 2 2 2 2 2 2 2 2 2 2 2 2 2 2 2 2 2 2 2 2 2 2 2 2 2 2 2 2 2 2 2 2 2 2 2 2 2 2 2 2 2 2 2 2 2 2 2 2 2 2 2 2 2 2 2 2 2 2 2 2 2 2 2 2 2 2 2 2 2 2 2 2 2 2 2 2 2 2 2 2 2 2 2 2 2 2 2 2 2 2 2 2 2 2 2 2 2 2 2 2 2 2 2 2 2 2 2 2 2 2 2 2 2 2 2 2 2 2 2 2 2 2 2 2 2 2 2 2 2 2 2 2 2 2 2 2 2 2 2 2 2 2 2 2 2 2 2 2 2 2 2 2 2 1001 2 2 2 2 2 2 2 2 2 2 2 2 2 2 2 2 2 2 2 2 2 2 2 2 2 2 2 2 2 2 2 2 2 2 2 2 2 2 2 2 2 2 2 2 2 2 2 2 2 2 2 2 2 2 2 2 2
-1 0 1 2 -2 -1 0 1 2 -2 -1 0 1 2 -2 -1 0 1 2 -2 -1 0 1 2 -2 -1 0 1 2 -2 -1 0 1 2 -2 -1 0 1 2 -2 -1 0 1 2 -2 -1 0 1 2 -2 -1 0 1 2 -2 -1 0 1 2 -2 -1 0 1 2 -2 -1 0 1 2 -2 -1 0 1 2 -2 -1 0 1 2 -2 -1 0 1 2 -2 -1 0 1 2 -2 -1 0 1 2 -2 -1 0 1 2 -2 -1 0 1 2 -2 -1 0 1 2 -2 -1 0 1 2 -2 -1 0 1 2 -2 -1 0 1 2 -2 -1 0 1 2 -2 -1 0 1 2 -2 -1 0 1 2 -2 -1 0 1 2 -2 -1 0 1 2 -2 -1 0 1 2 -2 -1 0 1 2 -2 -1 0 1 2 -2 -1 0 1 2 -2 -1 0 1 2 -2 -1 0 1 2 -2 -1 0 1 2 -2 -1 0 1 2 -2 -1 0 1 2 -2 -1 0 1 2 -2 -1 0 1 2 -2 -1 0 1 2 -2 -1 0 1 2 -2 -1 0 1 2 -2 -1 0 1 2 -2 -1 0 1 2 -2 -1 0 1 2 -2 -1 0 1 2 -2 -1 0 1 2 -2 -1 0 1 2 -2 -1 0 1 2 -2 -1 0 1 2 -2 -1 0 1 2 -2 -1 0 1 2 -2 -1 0 1 2 -2 -1 0 1 2 -2 -1 0 1 2 -2 -1 0 1 2 -2 -1 0 1 2 -2 -1 0 1 2 -2 -1 0 1 2 -2 -1 0 1 2 -2 -1 0 1 2 -2 -1 0 1 2 -2 -1 0 1 2 -2 -1 0 1 2 -2 -1 0 1 2 -2 -1 0 1 2 -2 -1 0 1 2 -2 -1 0 1 2 -2 -1 0 1 2 -2 -1 0 1 2 -2 -1 0 1 2 -2 -1 0 1 2 -2 -1 0 1 2 -2 -1 0 1 2 -2 -1 0 1 2 -2 -1 0 1 2 -2 -1 0 1 2 -2 -1 0 1 2 -2 -1 0 1 2 -2 -1 0 1 2 -2 -1 0 1 2 -2 -1 0 1 2 -2 -1 0 1 2 -2 -1 0 1 2 -2 -1 0 1 2 -2 -1 0 1 2 -2 -1 0 1 601 -2 -1 0 1 2 -2 -1 0 1 2 -2 -1 0 1 2 -2 -1 0 1 2 -2 -1 0 1 2 -2 -1 0 1 2 -2 -1 0 1 2 -2 -1 0 1 2 -2 -1 0 1 2 -2 -1 0 1 2 -2 -1 0 1 2 -2
1 -2 0 2 -1 1 -2 0 2 -1 1 -2 0 2 -1 1 -2 0 2 -1 1 -2 0 2 -1 1 -2 0 2 -1 1 -2 0 2 -1 1 -2 0 2 -1 1 -2 0 2 -1 1 -2 0 2 -1 1 -2 0 2 -1 1 -2 0 2 -1 1 -2 0 2 -1 1 -2 0 2 -1 1 -2 0 2 -1 1 -2 0 2 -1 1 -2 0 2 -1 1 -2 0 2 -1 1 -2 0 2 -1 1 -2 0 2 -1 1 -2 0 2 -1 1 -2 0 2 -1 1 -2 0 2 -1 1 -2 0 2 -1 1 -2 0 2 -1 1 -2 0 2 -1 1 -2 0 2 -1 1 -2 0 2 -1 1 -2 0 2 -1 1 -2 0 2 -1 1 -2 0 2 -1 1 -2 0 2 -1 1 -2 0 2 -1 1 -2 0 2 -1 1 -2 0 2 -1 1 -2 0 2 -1 1 -2 0 2 -1 1 -2 0 2 -1 1 -2 0 2 -1 1 -2 0 2 -1 1 -2 0 2 -1 1 -2 0 2 -1 1 -2 0 2 -1 1 -2 0 2 -1 1 -2 0 2 -1 1 -2 0 2 -1 1 -2 0 2 -1 1 -2 0 2 -1 1 -2 0 2 -1 1 -2 0 2 -1 1 -2 0 2 -1 1 -2 0 2 -1 1 -2 0 2 -1 1 -2 0 2 -1 1 -2 0 2 -1 1 -2 0 2 -1 1 -2 0 2 -1 1 -2 0 2 -1 1 -2 0 2 -1 1 -2 0 2 -1 1 -2 0 2 -1 1 -2 0 2 -1 1 -2 0 2 -1 1 -2 0 2 -1 1 -2 0 2 -1 1 -2 0 2 -1 1 -2 0 2 -1 1 -2 0 2 -1 1 -2 0 2 -1 1 -2 0 2 -1 1 -2 0 2 -1 1 -2 0 2 -1 1 -2 0 2 -1 1 -2 0 2 -1 1 -2 0 2 -1 1 -2 0 2 -1 1 -2 0 2 -1 1 -2 0 2 -1 1 -2 0 2 -1 1 -2 0 2 -1 1 -2 0 2 -1 1 -2 0 2 -1 1 -2 0 2 -1 1 -2 0 2 -1 1 -2 0 2 -1 1 -2 0 2 -1 1 -2 0 2 -1 1 -2 0 2 -1 1 -2 0 2 602 1 -2 0 2 -1 1 -2 0 2 -1 1 -2 0 2 -1 1 -2 0 2 -1 1 -2 0 2 -1 1 -2 0 2 -1 1 -2 0 2 -1 1 -2 0 2 -1 1 -2 0 2 -1 1 -2 0 2 -1 1 -2 0 2 -1
-2 1 -1 2 0 -2 1 -1 2 0 -2 1 -1 2 0 -2 1 -1 2 0 -2 1 -1 2 0 -2 1 -1 2 0 -2 1 -1 2 0 -2 1 -1 2 0 -2 1 -1 2 0 -2 1 -1 2 0 -2 1 -1 2 0 -2 1 -1 2 0 -2 1 -1 2 0 -2 1 -1 2 0 -2 1 -1 2 0 -2 1 -1 2 0 -2 1 -1 2 0 -2 1 -1 2 0 -2 1 -1 2 0 -2 1 -1 2 0 -2 1 -1 2 0 -2 1 -1 2 0 -2 1 -1 2 0 -2 1 -1 2 0 -2 1 -1 2 0 -2 1 -1 2 0 -2 1 -1 2 0 -2 1 -1 2 0 -2 1 -1 2 0 -2 1 -1 2 0 -2 1 -1 2 0 -2 1 -1 2 0 -2 1 -1 2 0 -2 1 -1 2 0 -2 1 -1 2 0 -2 1 -1 2 0 -2 1 -1 2 0 -2 1 -1 2 0 -2 1 -1 2 0 -2 1 -1 2 0 -2 1 -1 2 0 -2 1 -1 2 0 -2 1 -1 2 0 -2 1 -1 2 0 -2 1 -1 2 0 -2 1 -1 2 0 -2 1 -1 2 0 -2 1 -1 2 0 -2 1 -1 2 0 -2 1 -1 2 0 -2 1 -1 2 0 -2 1 -1 2 0 -2 1 -1 2 0 -2 1 -1 2 0 -2 1 -1 2 0 -2 1 -1 2 0 -2 1 -1 2 0 -2 1 -1 2 0 -2 1 -1 2 0 -2 1 -1 2 0 -2 1 -1 2 0 -2 1 -1 2 0 -2 1 -1 2 0 -2 1 -1 2 0 -2 1 -1 2 0 -2 1 -1 2 0 -2 1 -1 2 0 -2 1 -1 2 0 -2 1 -1 2 0 -2 1 -1 2 0 -2 1 -1 2 0 -2 1 -1 2 0 -2 1 -1 2 0 -2 1 -1 2 0 -2 1 -1 2 0 -2 1 -1 2 0 -2 1 -1 2 0 -2 1 -1 2 0 -2 1 -1 2 0 -2 1 -1 2 0 -2 1 -1 2 0 -2 1 -1 2 0 -2 1 -1 2 0 -2 1 -1 2 0 -2 1 -1 2 0 -2 1 -1 2 0 -2 1 -1 2 0 -2 1 -1 2 0 -2 1 -1 2 0 601 1 -1 2 0 -2 1 -1 2 0 -2 1 -1 2 0 -2 1 -1 2 0 -2 1 -1 2 0 -2 1 -1 2 0 -2 1 -1 2 0 -2 1 -1 2 0 -2 1 -1 2 0 -2 1 -1 2 0 -2 1 -1 2 0
0 -1 -2 2 1 0 -1 -2 2 1 0 -1 -2 2 1 0 -1 -2 2 1 0 -1 -2 2 1 0 -1 -2 2 1 0 -1 -2 2 1 0 -1 -2 2 1 0 -1 -2 2 1 0 -1 -2 2 1 0 -1 -2 2 1 0 -1 -2 2 1 0 -1 -2 2 1 0 -1 -2 2 1 0 -1 -2 2 1 0 -1 -2 2 1 0 -1 -2 2 1 0 -1 -2 2 1 0 -1 -2 2 1 0 -1 -2 2 1 0 -1 -2 2 1 0 -1 -2 2 1 0 -1 -2 2 1 0 -1 -2 2 1 0 -1 -2 2 1 0 -1 -2 2 1 0 -1 -2 2 1 0 -1 -2 2 1 0 -1 -2 2 1 0 -1 -2 2 1 0 -1 -2 2 1 0 -1 -2 2 1 0 -1 -2 2 1 0 -1 -2 2 1 0 -1 -2 2 1 0 -1 -2 2 1 0 -1 -2 2 1 0 -1 -2 2 1 0 -1 -2 2 1 0 -1 -2 2 1 0 -1 -2 2 1 0 -1 -2 2 1 0 -1 -2 2 1 0 -1 -2 2 1 0 -1 -2 2 1 0 -1 -2 2 1 0 -1 -2 2 1 0 -1 -2 2 1 0 -1 -2 2 1 0 -1 -2 2 1 0 -1 -2 2 1 0 -1 -2 2 1 0 -1 -2 2 1 0 -1 -2 2 1 0 -1 -2 2 1 0 -1 -2 2 1 0 -1 -2 2 1 0 -1 -2 2 1 0 -1 -2 2 1 0 -1 -2 2 1 0 -1 -2 2 1 0 -1 -2 2 1 0 -1 -2 2 1 0 -1 -2 2 1 0 -1 -2 2 1 0 -1 -2 2 1 0 -1 -2 2 1 0 -1 -2 2 1 0 -1 -2 2 1 0 -1 -2 2 1 0 -1 -2 2 1 0 -1 -2 2 1 0 -1 -2 2 1 0 -1 -2 2 1 0 -1 -2 2 1 0 -1 -2 2 1 0 -1 -2 2 1 0 -1 -2 2 1 0 -1 -2 2 1 0 -1 -2 2 1 0 -1 -2 2 1 0 -1 -2 2 1 0 -1 -2 2 1 0 -1 -2 2 1 0 -1 -2 2 1 0 -1 -2 2 1 0 -1 -2 2 1 0 -1 -2 2 1 0 -1 -2 2 1 0 602 -2 2 1 0 -1 -2 2 1 0 -1 -2 2 1 0 -1 -2 2 1 0 -1 -2 2 1 0 -1 -2 2 1 0 -1 -2 2 1 0 -1 -2 2 1 0 -1 -2 2 1 0 -1 -2 2 1 0 -1 -2 2 1
2 2 2 2 2 2 2 2 2 2 2 2 2 2 2 2 2 2 2 2 2 2 2 2 2 2 2 2 2 2 2 2 2 2 2 2 2 2 2 2 2 2 2 2 2 2 2 2 2 2 2 2 2 2 2 2 2 2 2 2 2 2 2 2 2 2 2 2 2 2 2 2 2 2 2 2 2 2 2 2 2 2 2 2 2 2 2 2 2 2 2 2 2 2 2 2 2 2 2 2 2 2 2 2 2 2 2 2 2 2 2 2 2 2 2 2 2 2 2 2 2 2 2 2 2 2 2 2 2 2 2 2 2 2 2 2 2 2 2 2 2 2 2 2 2 2 2 2 2 2 2 2 2 2 2 2 2 2 2 2 2 2 2 2 2 2 2 2 2 2 2 2 2 2 2 2 2 2 2 2 2 2 2 2 2 2 2 2 2 2 2 2 2 2 2 2 2 2 2 2 2 2 2 2 2 2 2 2 2 2 2 2 2 2 2 2 2 2 2 2 2 2 2 2 2 2 2 2 2 2 2 2 2 2 2 2 2 2 2 2 2 2 2 2 2 2 2 2 2 2 2 2 2 2 2 2 2 2 2 2 2 2 2 2 2 2 2 2 2 2 2 2 2 2 2 2 2 2 2 2 2 2 2 2 2 2 2 2 2 2 2 2 2 2 2 2 2 2 2 2 2 2 2 2 2 2 2 2 2 2 2 2 2 2 2 2 2 2 2 2 2 2 2 2 2 2 2 2 2 2 2 2 2 2 2 2 2 2 2 2 2 2 2 2 2 2 2 2 2 2 2 2 2 2 2 2 2 2 2 2 2 2 2 2 2 2 2 2 2 2 2 2 2 2 2 2 2 2 2 2 2 2 2 2 2 2 2 2 2 2 2 2 2 2 2 2 2 2 2 2 2 2 2 2 2 2 2 2 2 2 2 2 2 2 2 2 2 2 2 2 2 2 2 2 2 2 2 2 2 2 2 2 2 2 2 2 2 2 2 2 2 2 2 2 2 2 2 1001 2 2 2 2 2 2 2 2 2 2 2 2 2 2 2 2 2 2 2 2 2 2 2 2 2 2 2 2 2 2 2 2 2 2 2 2 2 2 2 2 2 2 2 2 2 2 2 2 2 2 2 2
-1 0 1 2 -2 -1 0 1 2 -2 -1 0 1 2 -2 -1 0 1 2 -2 -1 0 1 2 -2 -1 0 1 2 -2 -1 0 1 2 -2 -1 0 1 2 -2 -1 0 1 2 -2 -1 0 1 2 -2 -1 0 1 2 -2 -1 0 1 2 -2 -1 0 1 2 -2 -1 0 1 2 -2 -1 0 1 2 -2 -1 0 1 2 -2 -1 0 1 2 -2 -1 0 1 2 -2 -1 0 1 2 -2 -1 0 1 2 -2 -1 0 1 2 -2 -1 0 1 2 -2 -1 0 1 2 -2 -1 0 1 2 -2 -1 0 1 2 -2 -1 0 1 2 -2 -1 0 1 2 -2 -1 0 1 2 -2 -1 0 1 2 -2 -1 0 1 2 -2 -1 0 1 2 -2 -1 0 1 2 -2 -1 0 1 2 -2 -1 0 1 2 -2 -1 0 1 2 -2 -1 0 1 2 -2 -1 0 1 2 -2 -1 0 1 2 -2 -1 0 1 2 -2 -1 0 1 2 -2 -1 0 1 2 -2 -1 0 1 2 -2 -1 0 1 2 -2 -1 0 1 2 -2 -1 0 1 2 -2 -1 0 1 2 -2 -1 0 1 2 -2 -1 0 1 2 -2 -1 0 1 2 -2 -1 0 1 2 -2 -1 0 1 2 -2 -1 0 1 2 -2 -1 0 1 2 -2 -1 0 1 2 -2 -1 0 1 2 -2 -1 0 1 2 -2 -1 0 1 2 -2 -1 0 1 2 -2 -1 0 1 2 -2 -1 0 1 2 -2 -1 0 1 2 -2 -1 0 1 2 -2 -1 0 1 2 -2 -1 0 1 2 -2 -1 0 1 2 -2 -1 0 1 2 -2 -1 0 1 2 -2 -1 0 1 2 -2 -1 0 1 2 -2 -1 0 1 2 -2 -1 0 1 2 -2 -1 0 1 2 -2 -1 0 1 2 -2 -1 0 1 2 -2 -1 0 1 2 -2 -1 0 1 2 -2 -1 0 1 2 -2 -1 0 1 2 -2 -1 0 1 2 -2 -1 0 1 2 -2 -1 0 1 2 -2 -1 0 1 2 -2 -1 0 1 2 -2 -1 0 1 2 -2 -1 0 1 2 -2 -1 0 1 2 -2 -1 0 1 2 -2 -1 0 1 2 -2 -1 0 1 2 -2 -1 0 1 601 -2 -1 0 1 2 -2 -1 0 1 2 -2 -1 0 1 2 -2 -1 0 1 2 -2 -1 0 1 2 -2 -1 0 1 2 -2 -1 0 1 2 -2 -1 0 1 2 -2 -1 0 1 2 -2 -1 0 1 2 -2
1 -2 0 2 -1 1 -2 0 2 -1 1 -2 0 2 -1 1 -2 0 2 -1 1 -2 0 2 -1 1 -2 0 2 -1 1 -2 0 2 -1 1 -2 0 2 -1 1 -2 0 2 -1 1 -2 0 2 -1 1 -2 0 2 -1 1 -2 0 2 -1 1 -2 0 2 -1 1 -2 0 2 -1 1 -2 0 2 -1 1 -2 0 2 -1 1 -2 0 2 -1 1 -2 0 2 -1 1 -2 0 2 -1 1 -2 0 2 -1 1 -2 0 2 -1 1 -2 0 2 -1 1 -2 0 2 -1 1 -2 0 2 -1 1 -2 0 2 -1 1 -2 0 2 -1 1 -2 0 2 -1 1 -2 0 2 -1 1 -2 0 2 -1 1 -2 0 2 -1 1 -2 0 2 -1 1 -2 0 2 -1 1 -2 0 2 -1 1 -2 0 2 -1 1 -2 0 2 -1 1 -2 0 2 -1 1 -2 0 2 -1 1 -2 0 2 -1 1 -2 0 2 -1 1 -2 0 2 -1 1 -2 0 2 -1 1 -2 0 2 -1 1 -2 0 2 -1 1 -2 0 2 -1 1 -2 0 2 -1 1 -2 0 2 -1 1 -2 0 2 -1 1 -2 0 2 -1 1 -2 0 2 -1 1 -2 0 2 -1 1 -2 0 2 -1 1 -2 0 2 -1 1 -2 0 2 -1 1 -2 0 2 -1 1 -2 0 2 -1 1 -2 0 2 -1 1 -2 0 2 -1 1 -2 0 2 -1 1 -2 0 2 -1 1 -2 0 2 -1 1 -2 0 2 -1 1 -2 0 2 -1 1 -2 0 2 -1 1 -2 0 2 -1 1 -2 0 2 -1 1 -2 0 2 -1 1 -2 0 2 -1 1 -2 0 2 -1 1 -2 0 2 -1 1 -2 0 2 -1 1 -2 0 2 -1 1 -2 0 2 -1 1 -2 0 2 -1 1 -2 0 2 -1 1 -2 0 2 -1 1 -2 0 2 -1 1 -2 0 2 -1 1 -2 0 2 -1 1 -2 0 2 -1 1 -2 0 2 -1 1 -2 0 2 -1 1 -2 0 2 -1 1 -2 0 2 -1 1 -2 0 2 -1 1 -2 0 2 -1 1 -2 0 2 -1 1 -2 0 2 -1 1 -2 0 2 -1 1 -2 0 2 -1 1 -2 0 2 602 1 -2 0 2 -1 1 -2 0 2 -1 1 -2 0 2 -1 1 -2 0 2 -1 1 -2 0 2 -1 1 -2 0 2 -1 1 -2 0 2 -1 1 -2 0 2 -1 1 -2 0 2 -1 1 -2 0 2 -1
-2 1 -1 2 0 -2 1 -1 2 0 -2 1 -1 2 0 -2 1 -1 2 0 -2 1 -1 2 0 -2 1 -1 2 0 -2 1 -1 2 0 -2 1 -1 2 0 -2 1 -1 2 0 -2 1 -1 2 0 -2 1 -1 2 0 -2 1 -1 2 0 -2 1 -1 2 0 -2 1 -1 2 0 -2 1 -1 2 0 -2 1 -1 2 0 -2 1 -1 2 0 -2 1 -1 2 0 -2 1 -1 2 0 -2 1 -1 2 0 -2 1 -1 2 0 -2 1 -1 2 0 -2 1 -1 2 0 -2 1 -1 2 0 -2 1 -1 2 0 -2 1 -1 2 0 -2 1 -1 2 0 -2 1 -1 2 0 -2 1 -1 2 0 -2 1 -1 2 0 -2 1 -1 2 0 -2 1 -1 2 0 -2 1 -1 2 0 -2 1 -1 2 0 -2 1 -1 2 0 -2 1 -1 2 0 -2 1 -1 2 0 -2 1 -1 2 0 -2 1 -1 2 0 -2 1 -1 2 0 -2 1 -1 2 0 -2 1 -1 2 0 -2 1 -1 2 0 -2 1 -1 2 0 -2 1 -1 2 0 -2 1 -1 2 0 -2 1 -1 2 0 -2 1 -1 2 0 -2 1 -1 2 0 -2 1 -1 2 0 -2 1 -1 2 0 -2 1 -1 2 0 -2 1 -1 2 0 -2 1 -1 2 0 -2 1 -1 2 0 -2 1 -1 2 0 -2 1 -1 2 0 -2 1 -1 2 0 -2 1 -1 2 0 -2 1 -1 2 0 -2 1 -1 2 0 -2 1 -1 2 0 -2 1 -1 2 0 -2 1 -1 2 0 -2 1 -1 2 0 -2 1 -1 2 0 -2 1 -1 2 0 -2 1 -1 2 0 -2 1 -1 2 0 -2 1 -1 2 0 -2 1 -1 2 0 -2 1 -1 2 0 -2 1 -1 2 0 -2 1 -1 2 0 -2 1 -1 2 0 -2 1 -1 2 0 -2 1 -1 2 0 -2 1 -1 2 0 -2 1 -1 2 0 -2 1 -1 2 0 -2 1 -1 2 0 -2 1 -1 2 0 -2 1 -1 2 0 -2 1 -1 2 0 -2 1 -1 2 0 -2 1 -1 2 0 -2 1 -1 2 0 -2 1 -1 2 0 -2 1 -1 2 0 -2 1 -1 2 0 601 1 -1 2 0 -2 1 -1 2 0 -2 1 -1 2 0 -2 1 -1 2 0 -2 1 -1 2 0 -2 1 -1 2 0 -2 1 -1 2 0 -2 1 -1 2 0 -2 1 -1 2 0 -2 1 -1 2 0
0 -1 -2 2 1 0 -1 -2 2 1 0 -1 -2 2 1 0 -1 -2 2 1 0 -1 -2 2 1 0 -1 -2 2 1 0 -1 -2 2 1 0 -1 -2 2 1 0 -1 -2 2 1 0 -1 -2 2 1 0 -1 -2 2 1 0 -1 -2 2 1 0 -1 -2 2 1 0 -1 -2 2 1 0 -1 -2 2 1 0 -1 -2 2 1 0 -1 -2 2 1 0 -1 -2 2 1 0 -1 -2 2 1 0 -1 -2 2 1 0 -1 -2 2 1 0 -1 -2 2 1 0 -1 -2 2 1 0 -1 -2 2 1 0 -1 -2 2 1 0 -1 -2 2 1 0 -1 -2 2 1 0 -1 -2 2 1 0 -1 -2 2 1 0 -1 -2 2 1 0 -1 -2 2 1 0 -1 -2 2 1 0 -1 -2 2 1 0 -1 -2 2 1 0 -1 -2 2 1 0 -1 -2 2 1 0 -1 -2 2 1 0 -1 -2 2 1 0 -1 -2 2 1 0 -1 -2 2 1 0 -1 -2 2 1 0 -1 -2 2 1 0 -1 -2 2 1 0 -1 -2 2 1 0 -1 -2 2 1 0 -1 -2 2 1 0 -1 -2 2 1 0 -1 -2 2 1 0 -1 -2 2 1 0 -1 -2 2 1 0 -1 -2 2 1 0 -1 -2 2 1 0 -1 -2 2 1 0 -1 -2 2 1 0 -1 -2 2 1 0 -1 -2 2 1 0 -1 -2 2 1 0 -1 -2 2 1 0 -1 -2 2 1 0 -1 -2 2 1 0 -1 -2 2 1 0 -1 -2 2 1 0 -1 -2 2 1 0 -1 -2 2 1 0 -1 -2 2 1 0 -1 -2 2 1 0 -1 -2 2 1 0 -1 -2 2 1 0 -1 -2 2 1 0 -1 -2 2 1 0 -1 -2 2 1 0 -1 -2 2 1 0 -1 -2 2 1 0 -1 -2 2 1 0 -1 -2 2 1 0 -1 -2 2 1 0 -1 -2 2 1 0 -1 -2 2 1 0 -1 -2 2 1 0 -1 -2 2 1 0 -1 -2 2 1 0 -1 -2 2 1 0 -1 -2 2 1 0 -1 -2 2 1 0 -1 -2 2 1 0 -1 -2 2 1 0 -1 -2 2 1 0 -1 -2 2 1 0 -1 -2 2 1 0 -1 -2 2 1 0 602 -2 2 1 0 -1 -2 2 1 0 -1 -2 2 1 0 -1 -2 2 1 0 -1 -2 2 1 0 -1 -2 2 1 0 -1 -2 2 1 0 -1 -2 2 1 0 -1 -2 2 1 0 -1 -2 2 1
2 2 2 2 2 2 2 2 2 2 2 2 2 2 2 2 2 2 2 2 2 2 2 2 2 2 2 2 2 2 2 2 2 2 2 2 2 2 2 2 2 2 2 2 2 2 2 2 2 2 2 2 2 2 2 2 2 2 2 2 2 2 2 2 2 2 2 2 2 2 2 2 2 2 2 2 2 2 2 2 2 2 2 2 2 2 2 2 2 2 2 2 2 2 2 2 2 2 2 2 2 2 2 2 2 2 2 2 2 2 2 2 2 2 2 2 2 2 2 2 2 2 2 2 2 2 2 2 2 2 2 2 2 2 2 2 2 2 2 2 2 2 2 2 2 2 2 2 2 2 2 2 2 2 2 2 2 2 2 2 2 2 2 2 2 2 2 2 2 2 2 2 2 2 2 2 2 2 2 2 2 2 2 2 2 2 2 2 2 2 2 2 2 2 2 2 2 2 2 2 2 2 2 2 2 2 2 2 2 2 2 2 2 2 2 2 2 2 2 2 2 2 2 2 2 2 2 2 2 2 2 2 2 2 2 2 2 2 2 2 2 2 2 2 2 2 2 2 2 2 2 2 2 2 2 2 2 2 2 2 2 2 2 2 2 2 2 2 2 2 2 2 2 2 2 2 2 2 2 2 2 2 2 2 2 2 2 2 2 2 2 2 2 2 2 2 2 2 2 2 2 2 2 2 2 2 2 2 2 2 2 2 2 2 2 2 2 2 2 2 2 2 2 2 2 2 2 2 2 2 2 2 2 2 2 2 2 2 2 2 2 2 2 2 2 2 2 2 2 2 2 2 2 2 2 2 2 2 2 2 2 2 2 2 2 2 2 2 2 2 2 2 2 2 2 2 2 2 2 2 2 2 2 2 2 2 2 2 2 2 2 2 2 2 2 2 2 2 2 2 2 2 2 2 2 2 2 2 2 2 2 2 2 2 2 2 2 2 2 2 2 2 2 2 2 2 2 2 2 2 2 2 2 2 2 2 2 2 2 2 2 2 2 2 2 2 2 2 2 2 2 2 1001 2 2 2 2 2 2 2 2 2 2 2 2 2 2 2 2 2 2 2 2 2 2 2 2 2 2 2 2 2 2 2 2 2 2 2 2 2 2 2 2 2 2 2 2 2 2 2
-1 0 1 2 -2 -1 0 1 2 -2 -1 0 1 2 -2 -1 0 1 2 -2 -1 0 1 2 -2 -1 0 1 2 -2 -1 0 1 2 -2 -1 0 1 2 -2 -1 0 1 2 -2 -1 0 1 2 -2 -1 0 1 2 -2 -1 0 1 2 -2 -1 0 1 2 -2 -1 0 1 2 -2 -1 0 1 2 -2 -1 0 1 2 -2 -1 0 1 2 -2 -1 0 1 2 -2 -1 0 1 2 -2 -1 0 1 2 -2 -1 0 1 2 -2 -1 0 1 2 -2 -1 0 1 2 -2 -1 0 1 2 -2 -1 0 1 2 -2 -1 0 1 2 -2 -1 0 1 2 -2 -1 0 1 2 -2 -1 0 1 2 -2 -1 0 1 2 -2 -1 0 1 2 -2 -1 0 1 2 -2 -1 0 1 2 -2 -1 0 1 2 -2 -1 0 1 2 -2 -1 0 1 2 -2 -1 0 1 2 -2 -1 0 1 2 -2 -1 0 1 2 -2 -1 0 1 2 -2 -1 0 1 2 -2 -1 0 1 2 -2 -1 0 1 2 -2 -1 0 1 2 -2 -1 0 1 2 -2 -1 0 1 2 -2 -1 0 1 2 -2 -1 0 1 2 -2 -1 0 1 2 -2 -1 0 1 2 -2 -1 0 1 2 -2 -1 0 1 2 -2 -1 0 1 2 -2 -1 0 1 2 -2 -1 0 1 2 -2 -1 0 1 2 -2 -1 0 1 2 -2 -1 0 1 2 -2 -1 0 1 2 -2 -1 0 1 2 -2 -1 0 1 2 -2 -1 0 1 2 -2 -1 0 1 2 -2 -1 0 1 2 -2 -1 0 1 2 -2 -1 0 1 2 -2 -1 0 1 2 -2 -1 0 1 2 -2 -1 0 1 2 -2 -1 0 1 2 -2 -1 0 1 2 -2 -1 0 1 2 -2 -1 0 1 2 -2 -1 0 1 2 -2 -1 0 1 2 -2 -1 0 1 2 -2 -1 0 1 2 -2 -1 0 1 2 -2 -1 0 1 2 -2 -1 0 1 2 -2 -1 0 1 2 -2 -1 0 1 2 -2 -1 0 1 2 -2 -1 0 1 2 -2 -1 0 1 2 -2 -1 0 1 2 -2 -1 0 1 2 -2 -1 0 1 2 -2 -1 0 1 2 -2 -1 0 1 2 -2 -1 0 1 601 -2 -1 0 1 2 -2 -1 0 1 2 -2 -1 0 1 2 -2 -1 0 1 2 -2 -1 0 1 2 -2 -1 0 1 2 -2 -1 0 1 2 -2 -1 0 1 2 -2 -1 0 1 2 -2
1 -2 0 2 -1 1 -2 0 2 -1 1 -2 0 2 -1 1 -2 0 2 -1 1 -2 0 2 -1 1 -2 0 2 -1 1 -2 0 2 -1 1 -2 0 2 -1 1 -2 0 2 -1 1 -2 0 2 -1 1 -2 0 2 -1 1 -2 0 2 -1 1 -2 0 2 -1 1 -2 0 2 -1 1 -2 0 2 -1 1 -2 0 2 -1 1 -2 0 2 -1 1 -2 0 2 -1 1 -2 0 2 -1 1 -2 0 2 -1 1 -2 0 2 -1 1 -2 0 2 -1 1 -2 0 2 -1 1 -2 0 2 -1 1 -2 0 2 -1 1 -2 0 2 -1 1 -2 0 2 -1 1 -2 0 2 -1 1 -2 0 2 -1 1 -2 0 2 -1 1 -2 0 2 -1 1 -2 0 2 -1 1 -2 0 2 -1 1 -2 0 2 -1 1 -2 0 2 -1 1 -2 0 2 -1 1 -2 0 2 -1 1 -2 0 2 -1 1 -2 0 2 -1 1 -2 0 2 -1 1 -2 0 2 -1 1 -2 0 2 -1 1 -2 0 2 -1 1 -2 0 2 -1 1 -2 0 2 -1 1 -2 0 2 -1 1 -2 0 2 -1 1 -2 0 2 -1 1 -2 0 2 -1 1 -2 0 2 -1 1 -2 0 2 -1 1 -2 0 2 -1 1 -2 0 2 -1 1 -2 0 2 -1 1 -2 0 2 -1 1 -2 0 2 -1 1 -2 0 2 -1 1 -2 0 2 -1 1 -2 0 2 -1 1 -2 0 2 -1 1 -2 0 2 -1 1 -2 0 2 -1 1 -2 0 2 -1 1 -2 0 2 -1 1 -2 0 2 -1 1 -2 0 2 -1 1 -2 0 2 -1 1 -2 0 2 -1 1 -2 0 2 -1 1 -2 0 2 -1 1 -2 0 2 -1 1 -2 0 2 -1 1 -2 0 2 -1 1 -2 0 2 -1 1 -2 0 2 -1 1 -2 0 2 -1 1 -2 0 2 -1 1 -2 0 2 -1 1 -2 0 2 -1 1 -2 0 2 -1 1 -2 0 2 -1 1 -2 0 2 -1 1 -2 0 2 -1 1 -2 0 2 -1 1 -2 0 2 -1 1 -2 0 2 -1 1 -2 0 2 -1 1 -2 0 2 -1 1 -2 0 2 -1 1 -2 0 2 -1 1 -2 0 2 602 1 -2 0 2 -1 1 -2 0 2 -1 1 -2 0 2 -1 1 -2 0 2 -1 1 -2 0 2 -1 1 -2 0 2 -1 1 -2 0 2 -1 1 -2 0 2 -1 1 -2 0 2 -1
-2 1 -1 2 0 -2 1 -1 2 0 -2 1 -1 2 0 -2 1 -1 2 0 -2 1 -1 2 0 -2 1 -1 2 0 -2 1 -1 2 0 -2 1 -1 2 0 -2 1 -1 2 0 -2 1 -1 2 0 -2 1 -1 2 0 -2 1 -1 2 0 -2 1 -1 2 0 -2 1 -1 2 0 -2 1 -1 2 0 -2 1 -1 2 0 -2 1 -1 2 0 -2 1 -1 2 0 -2 1 -1 2 0 -2 1 -1 2 0 -2 1 -1 2 0 -2 1 -1 2 0 -2 1 -1 2 0 -2 1 -1 2 0 -2 1 -1 2 0 -2 1 -1 2 0 -2 1 -1 2 0 -2 1 -1 2 0 -2 1 -1 2 0 -2 1 -1 2 0 -2 1 -1 2 0 -2 1 -1 2 0 -2 1 -1 2 0 -2 1 -1 2 0 -2 1 -1 2 0 -2 1 -1 2 0 -2 1 -1 2 0 -2 1 -1 2 0 -2 1 -1 2 0 -2 1 -1 2 0 -2 1 -1 2 0 -2 1 -1 2 0 -2 1 -1 2 0 -2 1 -1 2 0 -2 1 -1 2 0 -2 1 -1 2 0 -2 1 -1 2 0 -2 1 -1 2 0 -2 1 -1 2 0 -2 1 -1 2 0 -2 1 -1 2 0 -2 1 -1 2 0 -2 1 -1 2 0 -2 1 -1 2 0 -2 1 -1 2 0 -2 1 -1 2 0 -2 1 -1 2 0 -2 1 -1 2 0 -2 1 -1 2 0 -2 1 -1 2 0 -2 1 -1 2 0 -2 1 -1 2 0 -2 1 -1 2 0 -2 1 -1 2 0 -2 1 -1 2 0 -2 1 -1 2 0 -2 1 -1 2 0 -2 1 -1 2 0 -2 1 -1 2 0 -2 1 -1 2 0 -2 1 -1 2 0 -2 1 -1 2 0 -2 1 -1 2 0 -2 1 -1 2 0 -2 1 -1 2 0 -2 1 -1 2 0 -2 1 -1 2 0 -2 1 -1 2 0 -2 1 -1 2 0 -2 1 -1 2 0 -2 1 -1 2 0 -2 1 -1 2 0 -2 1 -1 2 0 -2 1 -1 2 0 -2 1 -1 2 0 -2 1 -1 2 0 -2 1 -1 2 0 -2 1 -1 2 0 -2 1 -1 2 0 -2 1 -1 2 0 -2 1 -1 2 0 601 1 -1 2 0 -2 1 -1 2 0 -2 1 -1 2 0 -2 1 -1 2 0 -2 1 -1 2 0 -2 1 -1 2 0 -2 1 -1 2 0 -2 1 -1 2 0 -2 1 -1 2 0
0 -1 -2 2 1 0 -1 -2 2 1 0 -1 -2 2 1 0 -1 -2 2 1 0 -1 -2 2 1 0 -1 -2 2 1 0 -1 -2 2 1 0 -1 -2 2 1 0 -1 -2 2 1 0 -1 -2 2 1 0 -1 -2 2 1 0 -1 -2 2 1 0 -1 -2 2 1 0 -1 -2 2 1 0 -1 -2 2 1 0 -1 -2 2 1 0 -1 -2 2 1 0 -1 -2 2 1 0 -1 -2 2 1 0 -1 -2 2 1 0 -1 -2 2 1 0 -1 -2 2 1 0 -1 -2 2 1 0 -1 -2 2 1 0 -1 -2 2 1 0 -1 -2 2 1 0 -1 -2 2 1 0 -1 -2 2 1 0 -1 -2 2 1 0 -1 -2 2 1 0 -1 -2 2 1 0 -1 -2 2 1 0 -1 -2 2 1 0 -1 -2 2 1 0 -1 -2 2 1 0 -1 -2 2 1 0 -1 -2 2 1 0 -1 -2 2 1 0 -1 -2 2 1 0 -1 -2 2 1 0 -1 -2 2 1 0 -1 -2 2 1 0 -1 -2 2 1 0 -1 -2 2 1 0 -1 -2 2 1 0 -1 -2 2 1 0 -1 -2 2 1 0 -1 -2 2 1 0 -1 -2 2 1 0 -1 -2 2 1 0 -1 -2 2 1 0 -1 -2 2 1 0 -1 -2 2 1 0 -1 -2 2 1 0 -1 -2 2 1 0 -1 -2 2 1 0 -1 -2 2 1 0 -1 -2 2 1 0 -1 -2 2 1 0 -1 -2 2 1 0 -1 -2 2 1 0 -1 -2 2 1 0 -1 -2 2 1 0 -1 -2 2 1 0 -1 -2 2 1 0 -1 -2 2 1 0 -1 -2 2 1 0 -1 -2 2 1 0 -1 -2 2 1 0 -1 -2 2 1 0 -1 -2 2 1 0 -1 -2 2 1 0 -1 -2 2 1 0 -1 -2 2 1 0 -1 -2 2 1 0 -1 -2 2 1 0 -1 -2 2 1 0 -1 -2 2 1 0 -1 -2 2 1 0 -1 -2 2 1 0 -1 -2 2 1 0 -1 -2 2 1 0 -1 -2 2 1 0 -1 -2 2 1 0 -1 -2 2 1 0 -1 -2 2 1 0 -1 -2 2 1 0 -1 -2 2 1 0 -1 -2 2 1 0 -1 -2 2 1 0 -1 -2 2 1 0 602 -2 2 1 0 -1 -2 2 1 0 -1 -2 2 1 0 -1 -2 2 1 0 -1 -2 2 1 0 -1 -2 2 1 0 -1 -2 2 1 0 -1 -2 2 1 0 -1 -2 2 1
2 2 2 2 2 2 2 2 2 2 2 2 2 2 2 2 2 2 2 2 2 2 2 2 2 2 2 2 2 2 2 2 2 2 2 2 2 2 2 2 2 2 2 2 2 2 2 2 2 2 2 2 2 2 2 2 2 2 2 2 2 2 2 2 2 2 2 2 2 2 2 2 2 2 2 2 2 2 2 2 2 2 2 2 2 2 2 2 2 2 2 2 2 2 2 2 2 2 2 2 2 2 2 2 2 2 2 2 2 2 2 2 2 2 2 2 2 2 2 2 2 2 2 2 2 2 2 2 2 2 2 2 2 2 2 2 2 2 2 2 2 2 2 2 2 2 2 2 2 2 2 2 2 2 2 2 2 2 2 2 2 2 2 2 2 2 2 2 2 2 2 2 2 2 2 2 2 2 2 2 2 2 2 2 2 2 2 2 2 2 2 2 2 2 2 2 2 2 2 2 2 2 2 2 2 2 2 2 2 2 2 2 2 2 2 2 2 2 2 2 2 2 2 2 2 2 2 2 2 2 2 2 2 2 2 2 2 2 2 2 2 2 2 2 2 2 2 2 2 2 2 2 2 2 2 2 2 2 2 2 2 2 2 2 2 2 2 2 2 2 2 2 2 2 2 2 2 2 2 2 2 2 2 2 2 2 2 2 2 2 2 2 2 2 2 2 2 2 2 2 2 2 2 2 2 2 2 2 2 2 2 2 2 2 2 2 2 2 2 2 2 2 2 2 2 2 2 2 2 2 2 2 2 2 2 2 2 2 2 2 2 2 2 2 2 2 2 2 2 2 2 2 2 2 2 2 2 2 2 2 2 2 2 2 2 2 2 2 2 2 2 2 2 2 2 2 2 2 2 2 2 2 2 2 2 2 2 2 2 2 2 2 2 2 2 2 2 2 2 2 2 2 2 2 2 2 2 2 2 2 2 2 2 2 2 2 2 2 2 2 2 2 2 2 2 2 2 2 2 2 2 2 2 2 2 2 2 2 2 2 2 2 2 2 2 2 2 2 2 2 2 2 2 2 2 2 2 1001 2 2 2 2 2 2 2 2 2 2 2 2 2 2 2 2 2 2 2 2 2 2 2 2 2 2 2 2 2 2 2 2 2 2 2 2 2 2 2 2 2 2
-1 0 1 2 -2 -1 0 1 2 -2 -1 0 1 2 -2 -1 0 1 2 -2 -1 0 1 2 -2 -1 0 1 2 -2 -1 0 1 2 -2 -1 0 1 2 -2 -1 0 1 2 -2 -1 0 1 2 -2 -1 0 1 2 -2 -1 0 1 2 -2 -1 0 1 2 -2 -1 0 1 2 -2 -1 0 1 2 -2 -1 0 1 2 -2 -1 0 1 2 -2 -1 0 1 2 -2 -1 0 1 2 -2 -1 0 1 2 -2 -1 0 1 2 -2 -1 0 1 2 -2 -1 0 1 2 -2 -1 0 1 2 -2 -1 0 1 2 -2 -1 0 1 2 -2 -1 0 1 2 -2 -1 0 1 2 -2 -1 0 1 2 -2 -1 0 1 2 -2 -1 0 1 2 -2 -1 0 1 2 -2 -1 0 1 2 -2 -1 0 1 2 -2 -1 0 1 2 -2 -1 0 1 2 -2 -1 0 1 2 -2 -1 0 1 2 -2 -1 0 1 2 -2 -1 0 1 2 -2 -1 0 1 2 -2 -1 0 1 2 -2 -1 0 1 2 -2 -1 0 1 2 -2 -1 0 1 2 -2 -1 0 1 2 -2 -1 0 1 2 -2 -1 0 1 2 -2 -1 0 1 2 -2 -1 0 1 2 -2 -1 0 1 2 -2 -1 0 1 2 -2 -1 0 1 2 -2 -1 0 1 2 -2 -1 0 1 2 -2 -1 0 1 2 -2 -1 0 1 2 -2 -1 0 1 2 -2 -1 0 1 2 -2 -1 0 1 2 -2 -1 0 1 2 -2 -1 0 1 2 -2 -1 0 1 2 -2 -1 0 1 2 -2 -1 0 1 2 -2 -1 0 1 2 -2 -1 0 1 2 -2 -1 0 1 2 -2 -1 0 1 2 -2 -1 0 1 2 -2 -1 0 1 2 -2 -1 0 1 2 -2 -1 0 1 2 -2 -1 0 1 2 -2 -1 0 1 2 -2 -1 0 1 2 -2 -1 0 1 2 -2 -1 0 1 2 -2 -1 0 1 2 -2 -1 0 1 2 -2 -1 0 1 2 -2 -1 0 1 2 -2 -1 0 1 2 -2 -1 0 1 2 -2 -1 0 1 2 -2 -1 0 1 2 -2 -1 0 1 2 -2 -1 0 1 2 -2 -1 0 1 2 -2 -1 0 1 2 -2 -1 0 1 2 -2 -1 0 1 601 -2 -1 0 1 2 -2 -1 0 1 2 -2 -1 0 1 2 -2 -1 0 1 2 -2 -1 0 1 2 -2 -1 0 1 2 -2 -1 0 1 2 -2 -1 0 1 2 -2
1 -2 0 2 -1 1 -2 0 2 -1 1 -2 0 2 -1 1 -2 0 2 -1 1 -2 0 2 -1 1 -2 0 2 -1 1 -2 0 2 -1 1 -2 0 2 -1 1 -2 0 2 -1 1 -2 0 2 -1 1 -2 0 2 -1 1 -2 0 2 -1 1 -2 0 2 -1 1 -2 0 2 -1 1 -2 0 2 -1 1 -2 0 2 -1 1 -2 0 2 -1 1 -2 0 2 -1 1 -2 0 2 -1 1 -2 0 2 -1 1 -2 0 2 -1 1 -2 0 2 -1 1 -2 0 2 -1 1 -2 0 2 -1 1 -2 0 2 -1 1 -2 0 2 -1 1 -2 0 2 -1 1 -2 0 2 -1 1 -2 0 2 -1 1 -2 0 2 -1 1 -2 0 2 -1 1 -2 0 2 -1 1 -2 0 2 -1 1 -2 0 2 -1 1 -2 0 2 -1 1 -2 0 2 -1 1 -2 0 2 -1 1 -2 0 2 -1 1 -2 0 2 -1 1 -2 0 2 -1 1 -2 0 2 -1 1 -2 0 2 -1 1 -2 0 2 -1 1 -2 0 2 -1 1 -2 0 2 -1 1 -2 0 2 -1 1 -2 0 2 -1 1 -2 0 2 -1 1 -2 0 2 -1 1 -2 0 2 -1 1 -2 0 2 -1 1 -2 0 2 -1 1 -2 0 2 -1 1 -2 0 2 -1 1 -2 0 2 -1 1 -2 0 2 -1 1 -2 0 2 -1 1 -2 0 2 -1 1 -2 0 2 -1 1 -2 0 2 -1 1 -2 0 2 -1 1 -2 0 2 -1 1 -2 0 2 -1 1 -2 0 2 -1 1 -2 0 2 -1 1 -2 0 2 -1 1 -2 0 2 -1 1 -2 0 2 -1 1 -2 0 2 -1 1 -2 0 2 -1 1 -2 0 2 -1 1 -2 0 2 -1 1 -2 0 2 -1 1 -2 0 2 -1 1 -2 0 2 -1 1 -2 0 2 -1 1 -2 0 2 -1 1 -2 0 2 -1 1 -2 0 2 -1 1 -2 0 2 -1 1 -2 0 2 -1 1 -2 0 2 -1 1 -2 0 2 -1 1 -2 0 2 -1 1 -2 0 2 -1 1 -2 0 2 -1 1 -2 0 2 -1 1 -2 0 2 -1 1 -2 0 2 -1 1 -2 0 2 -1 1 -2 0 2 -1 1 -2 0 2 602 1 -2 0 2 -1 1 -2 0 2 -1 1 -2 0 2 -1 1 -2 0 2 -1 1 -2 0 2 -1 1 -2 0 2 -1 1 -2 0 2 -1 1 -2 0 2 -1
-2 1 -1 2 0 -2 1 -1 2 0 -2 1 -1 2 0 -2 1 -1 2 0 -2 1 -1 2 0 -2 1 -1 2 0 -2 1 -1 2 0 -2 1 -1 2 0 -2 1 -1 2 0 -2 1 -1 2 0 -2 1 -1 2 0 -2 1 -1 2 0 -2 1 -1 2 0 -2 1 -1 2 0 -2 1 -1 2 0 -2 1 -1 2 0 -2 1 -1 2 0 -2 1 -1 2 0 -2 1 -1 2 0 -2 1 -1 2 0 -2 1 -1 2 0 -2 1 -1 2 0 -2 1 -1 2 0 -2 1 -1 2 0 -2 1 -1 2 0 -2 1 -1 2 0 -2 1 -1 2 0 -2 1 -1 2 0 -2 1 -1 2 0 -2 1 -1 2 0 -2 1 -1 2 0 -2 1 -1 2 0 -2 1 -1 2 0 -2 1 -1 2 0 -2 1 -1 2 0 -2 1 -1 2 0 -2 1 -1 2 0 -2 1 -1 2 0 -2 1 -1 2 0 -2 1 -1 2 0 -2 1 -1 2 0 -2 1 -1 2 0 -2 1 -1 2 0 -2 1 -1 2 0 -2 1 -1 2 0 -2 1 -1 2 0 -2 1 -1 2 0 -2 1 -1 2 0 -2 1 -1 2 0 -2 1 -1 2 0 -2 1 -1 2 0 -2 1 -1 2 0 -2 1 -1 2 0 -2 1 -1 2 0 -2 1 -1 2 0 -2 1 -1 2 0 -2 1 -1 2 0 -2 1 -1 2 0 -2 1 -1 2 0 -2 1 -1 2 0 -2 1 -1 2 0 -2 1 -1 2 0 -2 1 -1 2 0 -2 1 -1 2 0 -2 1 -1 2 0 -2 1 -1 2 0 -2 1 -1 2 0 -2 1 -1 2 0 -2 1 -1 2 0 -2 1 -1 2 0 -2 1 -1 2 0 -2 1 -1 2 0 -2 1 -1 2 0 -2 1 -1 2 0 -2 1 -1 2 0 -2 1 -1 2 0 -2 1 -1 2 0 -2 1 -1 2 0 -2 1 -1 2 0 -2 1 -1 2 0 -2 1 -1 2 0 -2 1 -1 2 0 -2 1 -1 2 0 -2 1 -1 2 0 -2 1 -1 2 0 -2 1 -1 2 0 -2 1 -1 2 0 -2 1 -1 2 0 -2 1 -1 2 0 -2 1 -1 2 0 -2 1 -1 2 0 -2 1 -1 2 0 601 1 -1 2 0 -2 1 -1 2 0 -2 1 -1 2 0 -2 1 -1 2 0 -2 1 -1 2 0 -2 1 -1 2 0 -2 1 -1 2 0 -2 1 -1 2 0
0 -1 -2 2 1 0 -1 -2 2 1 0 -1 -2 2 1 0 -1 -2 2 1 0 -1 -2 2 1 0 -1 -2 2 1 0 -1 -2 2 1 0 -1 -2 2 1 0 -1 -2 2 1 0 -1 -2 2 1 0 -1 -2 2 1 0 -1 -2 2 1 0 -1 -2 2 1 0 -1 -2 2 1 0 -1 -2 2 1 0 -1 -2 2 1 0 -1 -2 2 1 0 -1 -2 2 1 0 -1 -2 2 1 0 -1 -2 2 1 0 -1 -2 2 1 0 -1 -2 2 1 0 -1 -2 2 1 0 -1 -2 2 1 0 -1 -2 2 1 0 -1 -2 2 1 0 -1 -2 2 1 0 -1 -2 2 1 0 -1 -2 2 1 0 -1 -2 2 1 0 -1 -2 2 1 0 -1 -2 2 1 0 -1 -2 2 1 0 -1 -2 2 1 0 -1 -2 2 1 0 -1 -2 2 1 0 -1 -2 2 1 0 -1 -2 2 1 0 -1 -2 2 1 0 -1 -2 2 1 0 -1 -2 2 1 0 -1 -2 2 1 0 -1 -2 2 1 0 -1 -2 2 1 0 -1 -2 2 1 0 -1 -2 2 1 0 -1 -2 2 1 0 -1 -2 2 1 0 -1 -2 2 1 0 -1 -2 2 1 0 -1 -2 2 1 0 -1 -2 2 1 0 -1 -2 2 1 0 -1 -2 2 1 0 -1 -2 2 1 0 -1 -2 2 1 0 -1 -2 2 1 0 -1 -2 2 1 0 -1 -2 2 1 0 -1 -2 2 1 0 -1 -2 2 1 0 -1 -2 2 1 0 -1 -2 2 1 0 -1 -2 2 1 0 -1 -2 2 1 0 -1 -2 2 1 0 -1 -2 2 1 0 -1 -2 2 1 0 -1 -2 2 1 0 -1 -2 2 1 0 -1 -2 2 1 0 -1 -2 2 1 0 -1 -2 2 1 0 -1 -2 2 1 0 -1 -2 2 1 0 -1 -2 2 1 0 -1 -2 2 1 0 -1 -2 2 1 0 -1 -2 2 1 0 -1 -2 2 1 0 -1 -2 2 1 0 -1 -2 2 1 0 -1 -2 2 1 0 -1 -2 2 1 0 -1 -2 2 1 0 -1 -2 2 1 0 -1 -2 2 1 0 -1 -2 2 1 0 -1 -2 2 1 0 -1 -2 2 1 0 -1 -2 2 1 0 -1 -2 2 1 0 602 -2 2 1 0 -1 -2 2 1 0 -1 -2 2 1 0 -1 -2 2 1 0 -1 -2 2 1 0 -1 -2 2 1 0 -1 -2 2 1 0 -1 -2 2 1
2 2 2 2 2 2 2 2 2 2 2 2 2 2 2 2 2 2 2 2 2 2 2 2 2 2 2 2 2 2 2 2 2 2 2 2 2 2 2 2 2 2 2 2 2 2 2 2 2 2 2 2 2 2 2 2 2 2 2 2 2 2 2 2 2 2 2 2 2 2 2 2 2 2 2 2 2 2 2 2 2 2 2 2 2 2 2 2 2 2 2 2 2 2 2 2 2 2 2 2 2 2 2 2 2 2 2 2 2 2 2 2 2 2 2 2 2 2 2 2 2 2 2 2 2 2 2 2 2 2 2 2 2 2 2 2 2 2 2 2 2 2 2 2 2 2 2 2 2 2 2 2 2 2 2 2 2 2 2 2 2 2 2 2 2 2 2 2 2 2 2 2 2 2 2 2 2 2 2 2 2 2 2 2 2 2 2 2 2 2 2 2 2 2 2 2 2 2 2 2 2 2 2 2 2 2 2 2 2 2 2 2 2 2 2 2 2 2 2 2 2 2 2 2 2 2 2 2 2 2 2 2 2 2 2 2 2 2 2 2 2 2 2 2 2 2 2 2 2 2 2 2 2 2 2 2 2 2 2 2 2 2 2 2 2 2 2 2 2 2 2 2 2 2 2 2 2 2 2 2 2 2 2 2 2 2 2 2 2 2 2 2 2 2 2 2 2 2 2 2 2 2 2 2 2 2 2 2 2 2 2 2 2 2 2 2 2 2 2 2 2 2 2 2 2 2 2 2 2 2 2 2 2 2 2 2 2 2 2 2 2 2 2 2 2 2 2 2 2 2 2 2 2 2 2 2 2 2 2 2 2 2 2 2 2 2 2 2 2 2 2 2 2 2 2 2 2 2 2 2 2 2 2 2 2 2 2 2 2 2 2 2 2 2 2 2 2 2 2 2 2 2 2 2 2 2 2 2 2 2 2 2 2 2 2 2 2 2 2 2 2 2 2 2 2 2 2 2 2 2 2 2 2 2 2 2 2 2 2 2 2 2 2 2 2 2 2 2 2 2 2 2 2 2 2 2 2 2 2 2 2 2 1001 2 2 2 2 2 2 2 2 2 2 2 2 2 2 2 2 2 2 2 2 2 2 2 2 2 2 2 2 2 2 2 2 2 2 2 2 2
-1 0 1 2 -2 -1 0 1 2 -2 -1 0 1 2 -2 -1 0 1 2 -2 -1 0 1 2 -2 -1 0 1 2 -2 -1 0 1 2 -2 -1 0 1 2 -2 -1 0 1 2 -2 -1 0 1 2 -2 -1 0 1 2 -2 -1 0 1 2 -2 -1 0 1 2 -2 -1 0 1 2 -2 -1 0 1 2 -2 -1 0 1 2 -2 -1 0 1 2 -2 -1 0 1 2 -2 -1 0 1 2 -2 -1 0 1 2 -2 -1 0 1 2 -2 -1 0 1 2 -2 -1 0 1 2 -2 -1 0 1 2 -2 -1 0 1 2 -2 -1 0 1 2 -2 -1 0 1 2 -2 -1 0 1 2 -2 -1 0 1 2 -2 -1 0 1 2 -2 -1 0 1 2 -2 -1 0 1 2 -2 -1 0 1 2 -2 -1 0 1 2 -2 -1 0 1 2 -2 -1 0 1 2 -2 -1 0 1 2 -2 -1 0 1 2 -2 -1 0 1 2 -2 -1 0 1 2 -2 -1 0 1 2 -2 -1 0 1 2 -2 -1 0 1 2 -2 -1 0 1 2 -2 -1 0 1 2 -2 -1 0 1 2 -2 -1 0 1 2 -2 -1 0 1 2 -2 -1 0 1 2 -2 -1 0 1 2 -2 -1 0 1 2 -2 -1 0 1 2 -2 -1 0 1 2 -2 -1 0 1 2 -2 -1 0 1 2 -2 -1 0 1 2 -2 -1 0 1 2 -2 -1 0 1 2 -2 -1 0 1 2 -2 -1 0 1 2 -2 -1 0 1 2 -2 -1 0 1 2 -2 -1 0 1 2 -2 -1 0 1 2 -2 -1 0 1 2 -2 -1 0 1 2 -2 -1 0 1 2 -2 -1 0 1 2 -2 -1 0 1 2 -2 -1 0 1 2 -2 -1 0 1 2 -2 -1 0 1 2 -2 -1 0 1 2 -2 -1 0 1 2 -2 -1 0 1 2 -2 -1 0 1 2 -2 -1 0 1 2 -2 -1 0 1 2 -2 -1 0 1 2 -2 -1 0 1 2 -2 -1 0 1 2 -2 -1 0 1 2 -2 -1 0 1 2 -2 -1 0 1 2 -2 -1 0 1 2 -2 -1 0 1 2 -2 -1 0 1 2 -2 -1 0 1 2 -2 -1 0 1 2 -2 -1 0 1 2 -2 -1 0 1 2 -2 -1 0 1 2 -2 -1 0 1 601 -2 -1 0 1 2 -2 -1 0 1 2 -2 -1 0 1 2 -2 -1 0 1 2 -2 -1 0 1 2 -2 -1 0 1 2 -2 -1 0 1 2 -2
1 -2 0 2 -1 1 -2 0 2 -1 1 -2 0 2 -1 1 -2 0 2 -1 1 -2 0 2 -1 1 -2 0 2 -1 1 -2 0 2 -1 1 -2 0 2 -1 1 -2 0 2 -1 1 -2 0 2 -1 1 -2 0 2 -1 1 -2 0 2 -1 1 -2 0 2 -1 1 -2 0 2 -1 1 -2 0 2 -1 1 -2 0 2 -1 1 -2 0 2 -1 1 -2 0 2 -1 1 -2 0 2 -1 1 -2 0 2 -1 1 -2 0 2 -1 1 -2 0 2 -1 1 -2 0 2 -1 1 -2 0 2 -1 1 -2 0 2 -1 1 -2 0 2 -1 1 -2 0 2 -1 1 -2 0 2 -1 1 -2 0 2 -1 1 -2 0 2 -1 1 -2 0 2 -1 1 -2 0 2 -1 1 -2 0 2 -1 1 -2 0 2 -1 1 -2 0 2 -1 1 -2 0 2 -1 1 -2 0 2 -1 1 -2 0 2 -1 1 -2 0 2 -1 1 -2 0 2 -1 1 -2 0 2 -1 1 -2 0 2 -1 1 -2 0 2 -1 1 -2 0 2 -1 1 -2 0 2 -1 1 -2 0 2 -1 1 -2 0 2 -1 1 -2 0 2 -1 1 -2 0 2 -1 1 -2 0 2 -1 1 -2 0 2 -1 1 -2 0 2 -1 1 -2 0 2 -1 1 -2 0 2 -1 1 -2 0 2 -1 1 -2 0 2 -1 1 -2 0 2 -1 1 -2 0 2 -1 1 -2 0 2 -1 1 -2 0 2 -1 1 -2 0 2 -1 1 -2 0 2 -1 1 -2 0 2 -1 1 -2 0 2 -1 1 -2 0 2 -1 1 -2 0 2 -1 1 -2 0 2 -1 1 -2 0 2 -1 1 -2 0 2 -1 1 -2 0 2 -1 1 -2 0 2 -1 1 -2 0 2 -1 1 -2 0 2 -1 1 -2 0 2 -1 1 -2 0 2 -1 1 -2 0 2 -1 1 -2 0 2 -1 1 -2 0 2 -1 1 -2 0 2 -1 1 -2 0 2 -1 1 -2 0 2 -1 1 -2 0 2 -1 1 -2 0 2 -1 1 -2 0 2 -1 1 -2 0 2 -1 1 -2 0 2 -1 1 -2 0 2 -1 1 -2 0 2 -1 1 -2 0 2 -1 1 -2 0 2 -1 1 -2 0 2 -1 1 -2 0 2 -1 1 -2 0 2 602 1 -2 0 2 -1 1 -2 0 2 -1 1 -2 0 2 -1 1 -2 0 2 -1 1 -2 0 2 -1 1 -2 0 2 -1 1 -2 0 2 -1
-2 1 -1 2 0 -2 1 -1 2 0 -2 1 -1 2 0 -2 1 -1 2 0 -2 1 -1 2 0 -2 1 -1 2 0 -2 1 -1 2 0 -2 1 -1 2 0 -2 1 -1 2 0 -2 1 -1 2 0 -2 1 -1 2 0 -2 1 -1 2 0 -2 1 -1 2 0 -2 1 -1 2 0 -2 1 -1 2 0 -2 1 -1 2 0 -2 1 -1 2 0 -2 1 -1 2 0 -2 1 -1 2 0 -2 1 -1 2 0 -2 1 -1 2 0 -2 1 -1 2 0 -2 1 -1 2 0 -2 1 -1 2 0 -2 1 -1 2 0 -2 1 -1 2 0 -2 1 -1 2 0 -2 1 -1 2 0 -2 1 -1 2 0 -2 1 -1 2 0 -2 1 -1 2 0 -2 1 -1 2 0 -2 1 -1 2 0 -2 1 -1 2 0 -2 1 -1 2 0 -2 1 -1 2 0 -2 1 -1 2 0 -2 1 -1 2 0 -2 1 -1 2 0 -2 1 -1 2 0 -2 1 -1 2 0 -2 1 -1 2 0 -2 1 -1 2 0 -2 1 -1 2 0 -2 1 -1 2 0 -2 1 -1 2 0 -2 1 -1 2 0 -2 1 -1 2 0 -2 1 -1 2 0 -2 1 -1 2 0 -2 1 -1 2 0 -2 1 -1 2 0 -2 1 -1 2 0 -2 1 -1 2 0 -2 1 -1 2 0 -2 1 -1 2 0 -2 1 -1 2 0 -2 1 -1 2 0 -2 1 -1 2 0 -2 1 -1 2 0 -2 1 -1 2 0 -2 1 -1 2 0 -2 1 -1 2 0 -2 1 -1 2 0 -2 1 -1 2 0 -2 1 -1 2 0 -2 1 -1 2 0 -2 1 -1 2 0 -2 1 -1 2 0 -2 1 -1 2 0 -2 1 -1 2 0 -2 1 -1 2 0 -2 1 -1 2 0 -2 1 -1 2 0 -2 1 -1 2 0 -2 1 -1 2 0 -2 1 -1 2 0 -2 1 -1 2 0 -2 1 -1 2 0 -2 1 -1 2 0 -2 1 -1 2 0 -2 1 -1 2 0 -2 1 -1 2 0 -2 1 -1 2 0 -2 1 -1 2 0 -2 1 -1 2 0 -2 1 -1 2 0 -2 1 -1 2 0 -2 1 -1 2 0 -2 1 -1 2 0 -2 1 -1 2 0 -2 1 -1 2 0 -2 1 -1 2 0 601 1 -1 2 0 -2 1 -1 2 0 -2 1 -1 2 0 -2 1 -1 2 0 -2 1 -1 2 0 -2 1 -1 2 0 -2 1 -1 2 0
0 -1 -2 2 1 0 -1 -2 2 1 0 -1 -2 2 1 0 -1 -2 2 1 0 -1 -2 2 1 0 -1 -2 2 1 0 -1 -2 2 1 0 -1 -2 2 1 0 -1 -2 2 1 0 -1 -2 2 1 0 -1 -2 2 1 0 -1 -2 2 1 0 -1 -2 2 1 0 -1 -2 2 1 0 -1 -2 2 1 0 -1 -2 2 1 0 -1 -2 2 1 0 -1 -2 2 1 0 -1 -2 2 1 0 -1 -2 2 1 0 -1 -2 2 1 0 -1 -2 2 1 0 -1 -2 2 1 0 -1 -2 2 1 0 -1 -2 2 1 0 -1 -2 2 1 0 -1 -2 2 1 0 -1 -2 2 1 0 -1 -2 2 1 0 -1 -2 2 1 0 -1 -2 2 1 0 -1 -2 2 1 0 -1 -2 2 1 0 -1 -2 2 1 0 -1 -2 2 1 0 -1 -2 2 1 0 -1 -2 2 1 0 -1 -2 2 1 0 -1 -2 2 1 0 -1 -2 2 1 0 -1 -2 2 1 0 -1 -2 2 1 0 -1 -2 2 1 0 -1 -2 2 1 0 -1 -2 2 1 0 -1 -2 2 1 0 -1 -2 2 1 0 -1 -2 2 1 0 -1 -2 2 1 0 -1 -2 2 1 0 -1 -2 2 1 0 -1 -2 2 1 0 -1 -2 2 1 0 -1 -2 2 1 0 -1 -2 2 1 0 -1 -2 2 1 0 -1 -2 2 1 0 -1 -2 2 1 0 -1 -2 2 1 0 -1 -2 2 1 0 -1 -2 2 1 0 -1 -2 2 1 0 -1 -2 2 1 0 -1 -2 2 1 0 -1 -2 2 1 0 -1 -2 2 1 0 -1 -2 2 1 0 -1 -2 2 1 0 -1 -2 2 1 0 -1 -2 2 1 0 -1 -2 2 1 0 -1 -2 2 1 0 -1 -2 2 1 0 -1 -2 2 1 0 -1 -2 2 1 0 -1 -2 2 1 0 -1 -2 2 1 0 -1 -2 2 1 0 -1 -2 2 1 0 -1 -2 2 1 0 -1 -2 2 1 0 -1 -2 2 1 0 -1 -2 2 1 0 -1 -2 2 1 0 -1 -2 2 1 0 -1 -2 2 1 0 -1 -2 2 1 0 -1 -2 2 1 0 -1 -2 2 1 0 -1 -2 2 1 0 -1 -2 2 1 0 -1 -2 2 1 0 -1 -2 2 1 0 602 -2 2 1 0 -1 -2 2 1 0 -1 -2 2 1 0 -1 -2 2 1 0 -1 -2 2 1 0 -1 -2 2 1 0 -1 -2 2 1
2 2 2 2 2 2 2 2 2 2 2 2 2 2 2 2 2 2 2 2 2 2 2 2 2 2 2 2 2 2 2 2 2 2 2 2 2 2 2 2 2 2 2 2 2 2 2 2 2 2 2 2 2 2 2 2 2 2 2 2 2 2 2 2 2 2 2 2 2 2 2 2 2 2 2 2 2 2 2 2 2 2 2 2 2 2 2 2 2 2 2 2 2 2 2 2 2 2 2 2 2 2 2 2 2 2 2 2 2 2 2 2 2 2 2 2 2 2 2 2 2 2 2 2 2 2 2 2 2 2 2 2 2 2 2 2 2 2 2 2 2 2 2 2 2 2 2 2 2 2 2 2 2 2 2 2 2 2 2 2 2 2 2 2 2 2 2 2 2 2 2 2 2 2 2 2 2 2 2 2 2 2 2 2 2 2 2 2 2 2 2 2 2 2 2 2 2 2 2 2 2 2 2 2 2 2 2 2 2 2 2 2 2 2 2 2 2 2 2 2 2 2 2 2 2 2 2 2 2 2 2 2 2 2 2 2 2 2 2 2 2 2 2 2 2 2 2 2 2 2 2 2 2 2 2 2 2 2 2 2 2 2 2 2 2 2 2 2 2 2 2 2 2 2 2 2 2 2 2 2 2 2 2 2 2 2 2 2 2 2 2 2 2 2 2 2 2 2 2 2 2 2 2 2 2 2 2 2 2 2 2 2 2 2 2 2 2 2 2 2 2 2 2 2 2 2 2 2 2 2 2 2 2 2 2 2 2 2 2 2 2 2 2 2 2 2 2 2 2 2 2 2 2 2 2 2 2 2 2 2 2 2 2 2 2 2 2 2 2 2 2 2 2 2 2 2 2 2 2 2 2 2 2 2 2 2 2 2 2 2 2 2 2 2 2 2 2 2 2 2 2 2 2 2 2 2 2 2 2 2 2 2 2 2 2 2 2 2 2 2 2 2 2 2 2 2 2 2 2 2 2 2 2 2 2 2 2 2 2 2 2 2 2 2 2 2 2 2 2 2 2 2 2 2 2 2 2 2 2 2 2 2 2 2 2 2 2 1001 2 2 2 2 2 2 2 2 2 2 2 2 2 2 2 2 2 2 2 2 2 2 2 2 2 2 2 2 2 2 2 2
-1 0 1 2 -2 -1 0 1 2 -2 -1 0 1 2 -2 -1 0 1 2 -2 -1 0 1 2 -2 -1 0 1 2 -2 -1 0 1 2 -2 -1 0 1 2 -2 -1 0 1 2 -2 -1 0 1 2 -2 -1 0 1 2 -2 -1 0 1 2 -2 -1 0 1 2 -2 -1 0 1 2 -2 -1 0 1 2 -2 -1 0 1 2 -2 -1 0 1 2 -2 -1 0 1 2 -2 -1 0 1 2 -2 -1 0 1 2 -2 -1 0 1 2 -2 -1 0 1 2 -2 -1 0 1 2 -2 -1 0 1 2 -2 -1 0 1 2 -2 -1 0 1 2 -2 -1 0 1 2 -2 -1 0 1 2 -2 -1 0 1 2 -2 -1 0 1 2 -2 -1 0 1 2 -2 -1 0 1 2 -2 -1 0 1 2 -2 -1 0 1 2 -2 -1 0 1 2 -2 -1 0 1 2 -2 -1 0 1 2 -2 -1 0 1 2 -2 -1 0 1 2 -2 -1 0 1 2 -2 -1 0 1 2 -2 -1 0 1 2 -2 -1 0 1 2 -2 -1 0 1 2 -2 -1 0 1 2 -2 -1 0 1 2 -2 -1 0 1 2 -2 -1 0 1 2 -2 -1 0 1 2 -2 -1 0 1 2 -2 -1 0 1 2 -2 -1 0 1 2 -2 -1 0 1 2 -2 -1 0 1 2 -2 -1 0 1 2 -2 -1 0 1 2 -2 -1 0 1 2 -2 -1 0 1 2 -2 -1 0 1 2 -2 -1 0 1 2 -2 -1 0 1 2 -2 -1 0 1 2 -2 -1 0 1 2 -2 -1 0 1 2 -2 -1 0 1 2 -2 -1 0 1 2 -2 -1 0 1 2 -2 -1 0 1 2 -2 -1 0 1 2 -2 -1 0 1 2 -2 -1 0 1 2 -2 -1 0 1 2 -2 -1 0 1 2 -2 -1 0 1 2 -2 -1 0 1 2 -2 -1 0 1 2 -2 -1 0 1 2 -2 -1 0 1 2 -2 -1 0 1 2 -2 -1 0 1 2 -2 -1 0 1 2 -2 -1 0 1 2 -2 -1 0 1 2 -2 -1 0 1 2 -2 -1 0 1 2 -2 -1 0 1 2 -2 -1 0 1 2 -2 -1 0 1 2 -2 -1 0 1 2 -2 -1 0 1 2 -2 -1 0 1 2 -2 -1 0 1 2 -2 -1 0 1 2 -2 -1 0 1 601 -2 -1 0 1 2 -2 -1 0 1 2 -2 -1 0 1 2 -2 -1 0 1 2 -2 -1 0 1 2 -2 -1 0 1 2 -2
1 -2 0 2 -1 1 -2 0 2 -1 1 -2 0 2 -1 1 -2 0 2 -1 1 -2 0 2 -1 1 -2 0 2 -1 1 -2 0 2 -1 1 -2 0 2 -1 1 -2 0 2 -1 1 -2 0 2 -1 1 -2 0 2 -1 1 -2 0 2 -1 1 -2 0 2 -1 1 -2 0 2 -1 1 -2 0 2 -1 1 -2 0 2 -1 1 -2 0 2 -1 1 -2 0 2 -1 1 -2 0 2 -1 1 -2 0 2 -1 1 -2 0 2 -1 1 -2 0 2 -1 1 -2 0 2 -1 1 -2 0 2 -1 1 -2 0 2 -1 1 -2 0 2 -1 1 -2 0 2 -1 1 -2 0 2 -1 1 -2 0 2 -1 1 -2 0 2 -1 1 -2 0 2 -1 1 -2 0 2 -1 1 -2 0 2 -1 1 -2 0 2 -1 1 -2 0 2 -1 1 -2 0 2 -1 1 -2 0 2 -1 1 -2 0 2 -1 1 -2 0 2 -1 1 -2 0 2 -1 1 -2 0 2 -1 1 -2 0 2 -1 1 -2 0 2 -1 1 -2 0 2 -1 1 -2 0 2 -1 1 -2 0 2 -1 1 -2 0 2 -1 1 -2 0 2 -1 1 -2 0 2 -1 1 -2 0 2 -1 1 -2 0 2 -1 1 -2 0 2 -1 1 -2 0 2 -1 1 -2 0 2 -1 1 -2 0 2 -1 1 -2 0 2 -1 1 -2 0 2 -1 1 -2 0 2 -1 1 -2 0 2 -1 1 -2 0 2 -1 1 -2 0 2 -1 1 -2 0 2 -1 1 -2 0 2 -1 1 -2 0 2 -1 1 -2 0 2 -1 1 -2 0 2 -1 1 -2 0 2 -1 1 -2 0 2 -1 1 -2 0 2 -1 1 -2 0 2 -1 1 -2 0 2 -1 1 -2 0 2 -1 1 -2 0 2 -1 1 -2 0 2 -1 1 -2 0 2 -1 1 -2 0 2 -1 1 -2 0 2 -1 1 -2 0 2 -1 1 -2 0 2 -1 1 -2 0 2 -1 1 -2 0 2 -1 1 -2 0 2 -1 1 -2 0 2 -1 1 -2 0 2 -1 1 -2 0 2 -1 1 -2 0 2 -1 1 -2 0 2 -1 1 -2 0 2 -1 1 -2 0 2 -1 1 -2 0 2 -1 1 -2 0 2 -1 1 -2 0 2 -1 1 -2 0 2 -1 1 -2 0 2 602 1 -2 0 2 -1 1 -2 0 2 -1 1 -2 0 2 -1 1 -2 0 2 -1 1 -2 0 2 -1 1 -2 0 2 -1
-2 1 -1 2 0 -2 1 -1 2 0 -2 1 -1 2 0 -2 1 -1 2 0 -2 1 -1 2 0 -2 1 -1 2 0 -2 1 -1 2 0 -2 1 -1 2 0 -2 1 -1 2 0 -2 1 -1 2 0 -2 1 -1 2 0 -2 1 -1 2 0 -2 1 -1 2 0 -2 1 -1 2 0 -2 1 -1 2 0 -2 1 -1 2 0 -2 1 -1 2 0 -2 1 -1 2 0 -2 1 -1 2 0 -2 1 -1 2 0 -2 1 -1 2 0 -2 1 -1 2 0 -2 1 -1 2 0 -2 1 -1 2 0 -2 1 -1 2 0 -2 1 -1 2 0 -2 1 -1 2 0 -2 1 -1 2 0 -2 1 -1 2 0 -2 1 -1 2 0 -2 1 -1 2 0 -2 1 -1 2 0 -2 1 -1 2 0 -2 1 -1 2 0 -2 1 -1 2 0 -2 1 -1 2 0 -2 1 -1 2 0 -2 1 -1 2 0 -2 1 -1 2 0 -2 1 -1 2 0 -2 1 -1 2 0 -2 1 -1 2 0 -2 1 -1 2 0 -2 1 -1 2 0 -2 1 -1 2 0 -2 1 -1 2 0 -2 1 -1 2 0 -2 1 -1 2 0 -2 1 -1 2 0 -2 1 -1 2 0 -2 1 -1 2 0 -2 1 -1 2 0 -2 1 -1 2 0 -2 1 -1 2 0 -2 1 -1 2 0 -2 1 -1 2 0 -2 1 -1 2 0 -2 1 -1 2 0 -2 1 -1 2 0 -2 1 -1 2 0 -2 1 -1 2 0 -2 1 -1 2 0 -2 1 -1 2 0 -2 1 -1 2 0 -2 1 -1 2 0 -2 1 -1 2 0 -2 1 -1 2 0 -2 1 -1 2 0 -2 1 -1 2 0 -2 1 -1 2 0 -2 1 -1 2 0 -2 1 -1 2 0 -2 1 -1 2 0 -2 1 -1 2 0 -2 1 -1 2 0 -2 1 -1 2 0 -2 1 -1 2 0 -2 1 -1 2 0 -2 1 -1 2 0 -2 1 -1 2 0 -2 1 -1 2 0 -2 1 -1 2 0 -2 1 -1 2 0 -2 1 -1 2 0 -2 1 -1 2 0 -2 1 -1 2 0 -2 1 -1 2 0 -2 1 -1 2 0 -2 1 -1 2 0 -2 1 -1 2 0 -2 1 -1 2 0 -2 1 -1 2 0 -2 1 -1 2 0 -2 1 -1 2 0 601 1 -1 2 0 -2 1 -1 2 0 -2 1 -1 2 0 -2 1 -1 2 0 -2 1 -1 2 0 -2 1 -1 2 0
0 -1 -2 2 1 0 -1 -2 2 1 0 -1 -2 2 1 0 -1 -2 2 1 0 -1 -2 2 1 0 -1 -2 2 1 0 -1 -2 2 1 0 -1 -2 2 1 0 -1 -2 2 1 0 -1 -2 2 1 0 -1 -2 2 1 0 -1 -2 2 1 0 -1 -2 2 1 0 -1 -2 2 1 0 -1 -2 2 1 0 -1 -2 2 1 0 -1 -2 2 1 0 -1 -2 2 1 0 -1 -2 2 1 0 -1 -2 2 1 0 -1 -2 2 1 0 -1 -2 2 1 0 -1 -2 2 1 0 -1 -2 2 1 0 -1 -2 2 1 0 -1 -2 2 1 0 -1 -2 2 1 0 -1 -2 2 1 0 -1 -2 2 1 0 -1 -2 2 1 0 -1 -2 2 1 0 -1 -2 2 1 0 -1 -2 2 1 0 -1 -2 2 1 0 -1 -2 2 1 0 -1 -2 2 1 0 -1 -2 2 1 0 -1 -2 2 1 0 -1 -2 2 1 0 -1 -2 2 1 0 -1 -2 2 1 0 -1 -2 2 1 0 -1 -2 2 1 0 -1 -2 2 1 0 -1 -2 2 1 0 -1 -2 2 1 0 -1 -2 2 1 0 -1 -2 2 1 0 -1 -2 2 1 0 -1 -2 2 1 0 -1 -2 2 1 0 -1 -2 2 1 0 -1 -2 2 1 0 -1 -2 2 1 0 -1 -2 2 1 0 -1 -2 2 1 0 -1 -2 2 1 0 -1 -2 2 1 0 -1 -2 2 1 0 -1 -2 2 1 0 -1 -2 2 1 0 -1 -2 2 1 0 -1 -2 2 1 0 -1 -2 2 1 0 -1 -2 2 1 0 -1 -2 2 1 0 -1 -2 2 1 0 -1 -2 2 1 0 -1 -2 2 1 0 -1 -2 2 1 0 -1 -2 2 1 0 -1 -2 2 1 0 -1 -2 2 1 0 -1 -2 2 1 0 -1 -2 2 1 0 -1 -2 2 1 0 -1 -2 2 1 0 -1 -2 2 1 0 -1 -2 2 1 0 -1 -2 2 1 0 -1 -2 2 1 0 -1 -2 2 1 0 -1 -2 2 1 0 -1 -2 2 1 0 -1 -2 2 1 0 -1 -2 2 1 0 -1 -2 2 1 0 -1 -2 2 1 0 -1 -2 2 1 0 -1 -2 2 1 0 -1 -2 2 1 0 -1 -2 2 1 0 -1 -2 2 1 0 -1 -2 2 1 0 602 -2 2 1 0 -1 -2 2 1 0 -1 -2 2 1 0 -1 -2 2 1 0 -1 -2 2 1 0 -1 -2 2 1
2 2 2 2 2 2 2 2 2 2 2 2 2 2 2 2 2 2 2 2 2 2 2 2 2 2 2 2 2 2 2 2 2 2 2 2 2 2 2 2 2 2 2 2 2 2 2 2 2 2 2 2 2 2 2 2 2 2 2 2 2 2 2 2 2 2 2 2 2 2 2 2 2 2 2 2 2 2 2 2 2 2 2 2 2 2 2 2 2 2 2 2 2 2 2 2 2 2 2 2 2 2 2 2 2 2 2 2 2 2 2 2 2 2 2 2 2 2 2 2 2 2 2 2 2 2 2 2 2 2 2 2 2 2 2 2 2 2 2 2 2 2 2 2 2 2 2 2 2 2 2 2 2 2 2 2 2 2 2 2 2 2 2 2 2 2 2 2 2 2 2 2 2 2 2 2 2 2 2 2 2 2 2 2 2 2 2 2 2 2 2 2 2 2 2 2 2 2 2 2 2 2 2 2 2 2 2 2 2 2 2 2 2 2 2 2 2 2 2 2 2 2 2 2 2 2 2 2 2 2 2 2 2 2 2 2 2 2 2 2 2 2 2 2 2 2 2 2 2 2 2 2 2 2 2 2 2 2 2 2 2 2 2 2 2 2 2 2 2 2 2 2 2 2 2 2 2 2 2 2 2 2 2 2 2 2 2 2 2 2 2 2 2 2 2 2 2 2 2 2 2 2 2 2 2 2 2 2 2 2 2 2 2 2 2 2 2 2 2 2 2 2 2 2 2 2 2 2 2 2 2 2 2 2 2 2 2 2 2 2 2 2 2 2 2 2 2 2 2 2 2 2 2 2 2 2 2 2 2 2 2 2 2 2 2 2 2 2 2 2 2 2 2 2 2 2 2 2 2 2 2 2 2 2 2 2 2 2 2 2 2 2 2 2 2 2 2 2 2 2 2 2 2 2 2 2 2 2 2 2 2 2 2 2 2 2 2 2 2 2 2 2 2 2 2 2 2 2 2 2 2 2 2 2 2 2 2 2 2 2 2 2 2 2 2 2 2 2 2 2 2 2 2 2 2 2 2 2 2 2 2 2 2 2 2 2 2 2 2 2 2 2 1001 2 2 2 2 2 2 2 2 2 2 2 2 2 2 2 2 2 2 2 2 2 2 2 2 2 2 2
-1 0 1 2 -2 -1 0 1 2 -2 -1 0 1 2 -2 -1 0 1 2 -2 -1 0 1 2 -2 -1 0 1 2 -2 -1 0 1 2 -2 -1 0 1 2 -2 -1 0 1 2 -2 -1 0 1 2 -2 -1 0 1 2 -2 -1 0 1 2 -2 -1 0 1 2 -2 -1 0 1 2 -2 -1 0 1 2 -2 -1 0 1 2 -2 -1 0 1 2 -2 -1 0 1 2 -2 -1 0 1 2 -2 -1 0 1 2 -2 -1 0 1 2 -2 -1 0 1 2 -2 -1 0 1 2 -2 -1 0 1 2 -2 -1 0 1 2 -2 -1 0 1 2 -2 -1 0 1 2 -2 -1 0 1 2 -2 -1 0 1 2 -2 -1 0 1 2 -2 -1 0 1 2 -2 -1 0 1 2 -2 -1 0 1 2 -2 -1 0 1 2 -2 -1 0 1 2 -2 -1 0 1 2 -2 -1 0 1 2 -2 -1 0 1 2 -2 -1 0 1 2 -2 -1 0 1 2 -2 -1 0 1 2 -2 -1 0 1 2 -2 -1 0 1 2 -2 -1 0 1 2 -2 -1 0 1 2 -2 -1 0 1 2 -2 -1 0 1 2 -2 -1 0 1 2 -2 -1 0 1 2 -2 -1 0 1 2 -2 -1 0 1 2 -2 -1 0 1 2 -2 -1 0 1 2 -2 -1 0 1 2 -2 -1 0 1 2 -2 -1 0 1 2 -2 -1 0 1 2 -2 -1 0 1 2 -2 -1 0 1 2 -2 -1 0 1 2 -2 -1 0 1 2 -2 -1 0 1 2 -2 -1 0 1 2 -2 -1 0 1 2 -2 -1 0 1 2 -2 -1 0 1 2 -2 -1 0 1 2 -2 -1 0 1 2 -2 -1 0 1 2 -2 -1 0 1 2 -2 -1 0 1 2 -2 -1 0 1 2 -2 -1 0 1 2 -2 -1 0 1 2 -2 -1 0 1 2 -2 -1 0 1 2 -2 -1 0 1 2 -2 -1 0 1 2 -2 -1 0 1 2 -2 -1 0 1 2 -2 -1 0 1 2 -2 -1 0 1 2 -2 -1 0 1 2 -2 -1 0 1 2 -2 -1 0 1 2 -2 -1 0 1 2 -2 -1 0 1 2 -2 -1 0 1 2 -2 -1 0 1 2 -2 -1 0 1 2 -2 -1 0 1 2 -2 -1 0 1 2 -2 -1 0 1 2 -2 -1 0 1 2 -2 -1 0 1 601 -2 -1 0 1 2 -2 -1 0 1 2 -2 -1 0 1 2 -2 -1 0 1 2 -2 -1 0 1 2 -2
1 -2 0 2 -1 1 -2 0 2 -1 1 -2 0 2 -1 1 -2 0 2 -1 1 -2 0 2 -1 1 -2 0 2 -1 1 -2 0 2 -1 1 -2 0 2 -1 1 -2 0 2 -1 1 -2 0 2 -1 1 -2 0 2 -1 1 -2 0 2 -1 1 -2 0 2 -1 1 -2 0 2 -1 1 -2 0 2 -1 1 -2 0 2 -1 1 -2 0 2 -1 1 -2 0 2 -1 1 -2 0 2 -1 1 -2 0 2 -1 1 -2 0 2 -1 1 -2 0 2 -1 1 -2 0 2 -1 1 -2 0 2 -1 1 -2 0 2 -1 1 -2 0 2 -1 1 -2 0 2 -1 1 -2 0 2 -1 1 -2 0 2 -1 1 -2 0 2 -1 1 -2 0 2 -1 1 -2 0 2 -1 1 -2 0 2 -1 1 -2 0 2 -1 1 -2 0 2 -1 1 -2 0 2 -1 1 -2 0 2 -1 1 -2 0 2 -1 1 -2 0 2 -1 1 -2 0 2 -1 1 -2 0 2 -1 1 -2 0 2 -1 1 -2 0 2 -1 1 -2 0 2 -1 1 -2 0 2 -1 1 -2 0 2 -1 1 -2 0 2 -1 1 -2 0 2 -1 1 -2 0 2 -1 1 -2 0 2 -1 1 -2 0 2 -1 1 -2 0 2 -1 1 -2 0 2 -1 1 -2 0 2 -1 1 -2 0 2 -1 1 -2 0 2 -1 1 -2 0 2 -1 1 -2 0 2 -1 1 -2 0 2 -1 1 -2 0 2 -1 1 -2 0 2 -1 1 -2 0 2 -1 1 -2 0 2 -1 1 -2 0 2 -1 1 -2 0 2 -1 1 -2 0 2 -1 1 -2 0 2 -1 1 -2 0 2 -1 1 -2 0 2 -1 1 -2 0 2 -1 1 -2 0 2 -1 1 -2 0 2 -1 1 -2 0 2 -1 1 -2 0 2 -1 1 -2 0 2 -1 1 -2 0 2 -1 1 -2 0 2 -1 1 -2 0 2 -1 1 -2 0 2 -1 1 -2 0 2 -1 1 -2 0 2 -1 1 -2 0 2 -1 1 -2 0 2 -1 1 -2 0 2 -1 1 -2 0 2 -1 1 -2 0 2 -1 1 -2 0 2 -1 1 -2 0 2 -1 1 -2 0 2 -1 1 -2 0 2 -1 1 -2 0 2 -1 1 -2 0 2 -1 1 -2 0 2 -1 1 -2 0 2 -1 1 -2 0 2 602 1 -2 0 2 -1 1 -2 0 2 -1 1 -2 0 2 -1 1 -2 0 2 -1 1 -2 0 2 -1
-2 1 -1 2 0 -2 1 -1 2 0 -2 1 -1 2 0 -2 1 -1 2 0 -2 1 -1 2 0 -2 1 -1 2 0 -2 1 -1 2 0 -2 1 -1 2 0 -2 1 -1 2 0 -2 1 -1 2 0 -2 1 -1 2 0 -2 1 -1 2 0 -2 1 -1 2 0 -2 1 -1 2 0 -2 1 -1 2 0 -2 1 -1 2 0 -2 1 -1 2 0 -2 1 -1 2 0 -2 1 -1 2 0 -2 1 -1 2 0 -2 1 -1 2 0 -2 1 -1 2 0 -2 1 -1 2 0 -2 1 -1 2 0 -2 1 -1 2 0 -2 1 -1 2 0 -2 1 -1 2 0 -2 1 -1 2 0 -2 1 -1 2 0 -2 1 -1 2 0 -2 1 -1 2 0 -2 1 -1 2 0 -2 1 -1 2 0 -2 1 -1 2 0 -2 1 -1 2 0 -2 1 -1 2 0 -2 1 -1 2 0 -2 1 -1 2 0 -2 1 -1 2 0 -2 1 -1 2 0 -2 1 -1 2 0 -2 1 -1 2 0 -2 1 -1 2 0 -2 1 -1 2 0 -2 1 -1 2 0 -2 1 -1 2 0 -2 1 -1 2 0 -2 1 -1 2 0 -2 1 -1 2 0 -2 1 -1 2 0 -2 1 -1 2 0 -2 1 -1 2 0 -2 1 -1 2 0 -2 1 -1 2 0 -2 1 -1 2 0 -2 1 -1 2 0 -2 1 -1 2 0 -2 1 -1 2 0 -2 1 -1 2 0 -2 1 -1 2 0 -2 1 -1 2 0 -2 1 -1 2 0 -2 1 -1 2 0 -2 1 -1 2 0 -2 1 -1 2 0 -2 1 -1 2 0 -2 1 -1 2 0 -2 1 -1 2 0 -2 1 -1 2 0 -2 1 -1 2 0 -2 1 -1 2 0 -2 1 -1 2 0 -2 1 -1 2 0 -2 1 -1 2 0 -2 1 -1 2 0 -2 1 -1 2 0 -2 1 -1 2 0 -2 1 -1 2 0 -2 1 -1 2 0 -2 1 -1 2 0 -2 1 -1 2 0 -2 1 -1 2 0 -2 1 -1 2 0 -2 1 -1 2 0 -2 1 -1 2 0 -2 1 -1 2 0 -2 1 -1 2 0 -2 1 -1 2 0 -2 1 -1 2 0 -2 1 -1 2 0 -2 1 -1 2 0 -2 1 -1 2 0 -2 1 -1 2 0 -2 1 -1 2 0 -2 1 -1 2 0 601 1 -1 2 0 -2 1 -1 2 0 -2 1 -1 2 0 -2 1 -1 2 0 -2 1 -1 2 0
0 -1 -2 2 1 0 -1 -2 2 1 0 -1 -2 2 1 0 -1 -2 2 1 0 -1 -2 2 1 0 -1 -2 2 1 0 -1 -2 2 1 0 -1 -2 2 1 0 -1 -2 2 1 0 -1 -2 2 1 0 -1 -2 2 1 0 -1 -2 2 1 0 -1 -2 2 1 0 -1 -2 2 1 0 -1 -2 2 1 0 -1 -2 2 1 0 -1 -2 2 1 0 -1 -2 2 1 0 -1 -2 2 1 0 -1 -2 2 1 0 -1 -2 2 1 0 -1 -2 2 1 0 -1 -2 2 1 0 -1 -2 2 1 0 -1 -2 2 1 0 -1 -2 2 1 0 -1 -2 2 1 0 -1 -2 2 1 0 -1 -2 2 1 0 -1 -2 2 1 0 -1 -2 2 1 0 -1 -2 2 1 0 -1 -2 2 1 0 -1 -2 2 1 0 -1 -2 2 1 0 -1 -2 2 1 0 -1 -2 2 1 0 -1 -2 2 1 0 -1 -2 2 1 0 -1 -2 2 1 0 -1 -2 2 1 0 -1 -2 2 1 0 -1 -2 2 1 0 -1 -2 2 1 0 -1 -2 2 1 0 -1 -2 2 1 0 -1 -2 2 1 0 -1 -2 2 1 0 -1 -2 2 1 0 -1 -2 2 1 0 -1 -2 2 1 0 -1 -2 2 1 0 -1 -2 2 1 0 -1 -2 2 1 0 -1 -2 2 1 0 -1 -2 2 1 0 -1 -2 2 1 0 -1 -2 2 1 0 -1 -2 2 1 0 -1 -2 2 1 0 -1 -2 2 1 0 -1 -2 2 1 0 -1 -2 2 1 0 -1 -2 2 1 0 -1 -2 2 1 0 -1 -2 2 1 0 -1 -2 2 1 0 -1 -2 2 1 0 -1 -2 2 1 0 -1 -2 2 1 0 -1 -2 2 1 0 -1 -2 2 1 0 -1 -2 2 1 0 -1 -2 2 1 0 -1 -2 2 1 0 -1 -2 2 1 0 -1 -2 2 1 0 -1 -2 2 1 0 -1 -2 2 1 0 -1 -2 2 1 0 -1 -2 2 1 0 -1 -2 2 1 0 -1 -2 2 1 0 -1 -2 2 1 0 -1 -2 2 1 0 -1 -2 2 1 0 -1 -2 2 1 0 -1 -2 2 1 0 -1 -2 2 1 0 -1 -2 2 1 0 -1 -2 2 1 0 -1 -2 2 1 0 -1 -2 2 1 0 -1 -2 2 1 0 -1 -2 2 1 0 602 -2 2 1 0 -1 -2 2 1 0 -1 -2 2 1 0 -1 -2 2 1 0 -1 -2 2 1
2 2 2 2 2 2 2 2 2 2 2 2 2 2 2 2 2 2 2 2 2 2 2 2 2 2 2 2 2 2 2 2 2 2 2 2 2 2 2 2 2 2 2 2 2 2 2 2 2 2 2 2 2 2 2 2 2 2 2 2 2 2 2 2 2 2 2 2 2 2 2 2 2 2 2 2 2 2 2 2 2 2 2 2 2 2 2 2 2 2 2 2 2 2 2 2 2 2 2 2 2 2 2 2 2 2 2 2 2 2 2 2 2 2 2 2 2 2 2 2 2 2 2 2 2 2 2 2 2 2 2 2 2 2 2 2 2 2 2 2 2 2 2 2 2 2 2 2 2 2 2 2 2 2 2 2 2 2 2 2 2 2 2 2 2 2 2 2 2 2 2 2 2 2 2 2 2 2 2 2 2 2 2 2 2 2 2 2 2 2 2 2 2 2 2 2 2 2 2 2 2 2 2 2 2 2 2 2 2 2 2 2 2 2 2 2 2 2 2 2 2 2 2 2 2 2 2 2 2 2 2 2 2 2 2 2 2 2 2 2 2 2 2 2 2 2 2 2 2 2 2 2 2 2 2 2 2 2 2 2 2 2 2 2 2 2 2 2 2 2 2 2 2 2 2 2 2 2 2 2 2 2 2 2 2 2 2 2 2 2 2 2 2 2 2 2 2 2 2 2 2 2 2 2 2 2 2 2 2 2 2 2 2 2 2 2 2 2 2 2 2 2 2 2 2 2 2 2 2 2 2 2 2 2 2 2 2 2 2 2 2 2 2 2 2 2 2 2 2 2 2 2 2 2 2 2 2 2 2 2 2 2 2 2 2 2 2 2 2 2 2 2 2 2 2 2 2 2 2 2 2 2 2 2 2 2 2 2 2 2 2 2 2 2 2 2 2 2 2 2 2 2 2 2 2 2 2 2 2 2 2 2 2 2 2 2 2 2 2 2 2 2 2 2 2 2 2 2 2 2 2 2 2 2 2 2 2 2 2 2 2 2 2 2 2 2 2 2 2 2 2 2 2 2 2 2 2 2 2 2 2 2 2 2 2 2 2 2 2 2 2 2 2 2 2 2 2 1001 2 2 2 2 2 2 2 2 2 2 2 2 2 2 2 2 2 2 2 2 2 2
-1 0 1 2 -2 -1 0 1 2 -2 -1 0 1 2 -2 -1 0 1 2 -2 -1 0 1 2 -2 -1 0 1 2 -2 -1 0 1 2 -2 -1 0 1 2 -2 -1 0 1 2 -2 -1 0 1 2 -2 -1 0 1 2 -2 -1 0 1 2 -2 -1 0 1 2 -2 -1 0 1 2 -2 -1 0 1 2 -2 -1 0 1 2 -2 -1 0 1 2 -2 -1 0 1 2 -2 -1 0 1 2 -2 -1 0 1 2 -2 -1 0 1 2 -2 -1 0 1 2 -2 -1 0 1 2 -2 -1 0 1 2 -2 -1 0 1 2 -2 -1 0 1 2 -2 -1 0 1 2 -2 -1 0 1 2 -2 -1 0 1 2 -2 -1 0 1 2 -2 -1 0 1 2 -2 -1 0 1 2 -2 -1 0 1 2 -2 -1 0 1 2 -2 -1 0 1 2 -2 -1 0 1 2 -2 -1 0 1 2 -2 -1 0 1 2 -2 -1 0 1 2 -2 -1 0 1 2 -2 -1 0 1 2 -2 -1 0 1 2 -2 -1 0 1 2 -2 -1 0 1 2 -2 -1 0 1 2 -2 -1 0 1 2 -2 -1 0 1 2 -2 -1 0 1 2 -2 -1 0 1 2 -2 -1 0 1 2 -2 -1 0 1 2 -2 -1 0 1 2 -2 -1 0 1 2 -2 -1 0 1 2 -2 -1 0 1 2 -2 -1 0 1 2 -2 -1 0 1 2 -2 -1 0 1 2 -2 -1 0 1 2 -2 -1 0 1 2 -2 -1 0 1 2 -2 -1 0 1 2 -2 -1 0 1 2 -2 -1 0 1 2 -2 -1 0 1 2 -2 -1 0 1 2 -2 -1 0 1 2 -2 -1 0 1 2 -2 -1 0 1 2 -2 -1 0 1 2 -2 -1 0 1 2 -2 -1 0 1 2 -2 -1 0 1 2 -2 -1 0 1 2 -2 -1 0 1 2 -2 -1 0 1 2 -2 -1 0 1 2 -2 -1 0 1 2 -2 -1 0 1 2 -2 -1 0 1 2 -2 -1 0 1 2 -2 -1 0 1 2 -2 -1 0 1 2 -2 -1 0 1 2 -2 -1 0 1 2 -2 -1 0 1 2 -2 -1 0 1 2 -2 -1 0 1 2 -2 -1 0 1 2 -2 -1 0 1 2 -2 -1 0 1 2 -2 -1 0 1 2 -2 -1 0 1 2 -2 -1 0 1 2 -2 -1 0 1 2 -2 -1 0 1 601 -2 -1 0 1 2 -2 -1 0 1 2 -2 -1 0 1 2 -2 -1 0 1 2 -2
1 -2 0 2 -1 1 -2 0 2 -1 1 -2 0 2 -1 1 -2 0 2 -1 1 -2 0 2 -1 1 -2 0 2 -1 1 -2 0 2 -1 1 -2 0 2 -1 1 -2 0 2 -1 1 -2 0 2 -1 1 -2 0 2 -1 1 -2 0 2 -1 1 -2 0 2 -1 1 -2 0 2 -1 1 -2 0 2 -1 1 -2 0 2 -1 1 -2 0 2 -1 1 -2 0 2 -1 1 -2 0 2 -1 1 -2 0 2 -1 1 -2 0 2 -1 1 -2 0 2 -1 1 -2 0 2 -1 1 -2 0 2 -1 1 -2 0 2 -1 1 -2 0 2 -1 1 -2 0 2 -1 1 -2 0 2 -1 1 -2 0 2 -1 1 -2 0 2 -1 1 -2 0 2 -1 1 -2 0 2 -1 1 -2 0 2 -1 1 -2 0 2 -1 1 -2 0 2 -1 1 -2 0 2 -1 1 -2 0 2 -1 1 -2 0 2 -1 1 -2 0 2 -1 1 -2 0 2 -1 1 -2 0 2 -1 1 -2 0 2 -1 1 -2 0 2 -1 1 -2 0 2 -1 1 -2 0 2 -1 1 -2 0 2 -1 1 -2 0 2 -1 1 -2 0 2 -1 1 -2 0 2 -1 1 -2 0 2 -1 1 -2 0 2 -1 1 -2 0 2 -1 1 -2 0 2 -1 1 -2 0 2 -1 1 -2 0 2 -1 1 -2 0 2 -1 1 -2 0 2 -1 1 -2 0 2 -1 1 -2 0 2 -1 1 -2 0 2 -1 1 -2 0 2 -1 1 -2 0 2 -1 1 -2 0 2 -1 1 -2 0 2 -1 1 -2 0 2 -1 1 -2 0 2 -1 1 -2 0 2 -1 1 -2 0 2 -1 1 -2 0 2 -1 1 -2 0 2 -1 1 -2 0 2 -1 1 -2 0 2 -1 1 -2 0 2 -1 1 -2 0 2 -1 1 -2 0 2 -1 1 -2 0 2 -1 1 -2 0 2 -1 1 -2 0 2 -1 1 -2 0 2 -1 1 -2 0 2 -1 1 -2 0 2 -1 1 -2 0 2 -1 1 -2 0 2 -1 1 -2 0 2 -1 1 -2 0 2 -1 1 -2 0 2 -1 1 -2 0 2 -1 1 -2 0 2 -1 1 -2 0 2 -1 1 -2 0 2 -1 1 -2 0 2 -1 1 -2 0 2 -1 1 -2 0 2 -1 1 -2 0 2 -1 1 -2 0 2 -1 1 -2 0 2 602 1 -2 0 2 -1 1 -2 0 2 -1 1 -2 0 2 -1 1 -2 0 2 -1
-2 1 -1 2 0 -2 1 -1 2 0 -2 1 -1 2 0 -2 1 -1 2 0 -2 1 -1 2 0 -2 1 -1 2 0 -2 1 -1 2 0 -2 1 -1 2 0 -2 1 -1 2 0 -2 1 -1 2 0 -2 1 -1 2 0 -2 1 -1 2 0 -2 1 -1 2 0 -2 1 -1 2 0 -2 1 -1 2 0 -2 1 -1 2 0 -2 1 -1 2 0 -2 1 -1 2 0 -2 1 -1 2 0 -2 1 -1 2 0 -2 1 -1 2 0 -2 1 -1 2 0 -2 1 -1 2 0 -2 1 -1 2 0 -2 1 -1 2 0 -2 1 -1 2 0 -2 1 -1 2 0 -2 1 -1 2 0 -2 1 -1 2 0 -2 1 -1 2 0 -2 1 -1 2 0 -2 1 -1 2 0 -2 1 -1 2 0 -2 1 -1 2 0 -2 1 -1 2 0 -2 1 -1 2 0 -2 1 -1 2 0 -2 1 -1 2 0 -2 1 -1 2 0 -2 1 -1 2 0 -2 1 -1 2 0 -2 1 -1 2 0 -2 1 -1 2 0 -2 1 -1 2 0 -2 1 -1 2 0 -2 1 -1 2 0 -2 1 -1 2 0 -2 1 -1 2 0 -2 1 -1 2 0 -2 1 -1 2 0 -2 1 -1 2 0 -2 1 -1 2 0 -2 1 -1 2 0 -2 1 -1 2 0 -2 1 -1 2 0 -2 1 -1 2 0 -2 1 -1 2 0 -2 1 -1 2 0 -2 1 -1 2 0 -2 1 -1 2 0 -2 1 -1 2 0 -2 1 -1 2 0 -2 1 -1 2 0 -2 1 -1 2 0 -2 1 -1 2 0 -2 1 -1 2 0 -2 1 -1 2 0 -2 1 -1 2 0 -2 1 -1 2 0 -2 1 -1 2 0 -2 1 -1 2 0 -2 1 -1 2 0 -2 1 -1 2 0 -2 1 -1 2 0 -2 1 -1 2 0 -2 1 -1 2 0 -2 1 -1 2 0 -2 1 -1 2 0 -2 1 -1 2 0 -2 1 -1 2 0 -2 1 -1 2 0 -2 1 -1 2 0 -2 1 -1 2 0 -2 1 -1 2 0 -2 1 -1 2 0 -2 1 -1 2 0 -2 1 -1 2 0 -2 1 -1 2 0 -2 1 -1 2 0 -2 1 -1 2 0 -2 1 -1 2 0 -2 1 -1 2 0 -2 1 -1 2 0 -2 1 -1 2 0 -2 1 -1 2 0 -2 1 -1 2 0 601 1 -1 2 0 -2 1 -1 2 0 -2 1 -1 2 0 -2 1 -1 2 0
0 -1 -2 2 1 0 -1 -2 2 1 0 -1 -2 2 1 0 -1 -2 2 1 0 -1 -2 2 1 0 -1 -2 2 1 0 -1 -2 2 1 0 -1 -2 2 1 0 -1 -2 2 1 0 -1 -2 2 1 0 -1 -2 2 1 0 -1 -2 2 1 0 -1 -2 2 1 0 -1 -2 2 1 0 -1 -2 2 1 0 -1 -2 2 1 0 -1 -2 2 1 0 -1 -2 2 1 0 -1 -2 2 1 0 -1 -2 2 1 0 -1 -2 2 1 0 -1 -2 2 1 0 -1 -2 2 1 0 -1 -2 2 1 0 -1 -2 2 1 0 -1 -2 2 1 0 -1 -2 2 1 0 -1 -2 2 1 0 -1 -2 2 1 0 -1 -2 2 1 0 -1 -2 2 1 0 -1 -2 2 1 0 -1 -2 2 1 0 -1 -2 2 1 0 -1 -2 2 1 0 -1 -2 2 1 0 -1 -2 2 1 0 -1 -2 2 1 0 -1 -2 2 1 0 -1 -2 2 1 0 -1 -2 2 1 0 -1 -2 2 1 0 -1 -2 2 1 0 -1 -2 2 1 0 -1 -2 2 1 0 -1 -2 2 1 0 -1 -2 2 1 0 -1 -2 2 1 0 -1 -2 2 1 0 -1 -2 2 1 0 -1 -2 2 1 0 -1 -2 2 1 0 -1 -2 2 1 0 -1 -2 2 1 0 -1 -2 2 1 0 -1 -2 2 1 0 -1 -2 2 1 0 -1 -2 2 1 0 -1 -2 2 1 0 -1 -2 2 1 0 -1 -2 2 1 0 -1 -2 2 1 0 -1 -2 2 1 0 -1 -2 2 1 0 -1 -2 2 1 0 -1 -2 2 1 0 -1 -2 2 1 0 -1 -2 2 1 0 -1 -2 2 1 0 -1 -2 2 1 0 -1 -2 2 1 0 -1 -2 2 1 0 -1 -2 2 1 0 -1 -2 2 1 0 -1 -2 2 1 0 -1 -2 2 1 0 -1 -2 2 1 0 -1 -2 2 1 0 -1 -2 2 1 0 -1 -2 2 1 0 -1 -2 2 1 0 -1 -2 2 1 0 -1 -2 2 1 0 -1 -2 2 1 0 -1 -2 2 1 0 -1 -2 2 1 0 -1 -2 2 1 0 -1 -2 2 1 0 -1 -2 2 1 0 -1 -2 2 1 0 -1 -2 2 1 0 -1 -2 2 1 0 -1 -2 2 1 0 -1 -2 2 1 0 -1 -2 2 1 0 -1 -2 2 1 0 602 -2 2 1 0 -1 -2 2 1 0 -1 -2 2 1 0 -1 -2 2 1
2 2 2 2 2 2 2 2 2 2 2 2 2 2 2 2 2 2 2 2 2 2 2 2 2 2 2 2 2 2 2 2 2 2 2 2 2 2 2 2 2 2 2 2 2 2 2 2 2 2 2 2 2 2 2 2 2 2 2 2 2 2 2 2 2 2 2 2 2 2 2 2 2 2 2 2 2 2 2 2 2 2 2 2 2 2 2 2 2 2 2 2 2 2 2 2 2 2 2 2 2 2 2 2 2 2 2 2 2 2 2 2 2 2 2 2 2 2 2 2 2 2 2 2 2 2 2 2 2 2 2 2 2 2 2 2 2 2 2 2 2 2 2 2 2 2 2 2 2 2 2 2 2 2 2 2 2 2 2 2 2 2 2 2 2 2 2 2 2 2 2 2 2 2 2 2 2 2 2 2 2 2 2 2 2 2 2 2 2 2 2 2 2 2 2 2 2 2 2 2 2 2 2 2 2 2 2 2 2 2 2 2 2 2 2 2 2 2 2 2 2 2 2 2 2 2 2 2 2 2 2 2 2 2 2 2 2 2 2 2 2 2 2 2 2 2 2 2 2 2 2 2 2 2 2 2 2 2 2 2 2 2 2 2 2 2 2 2 2 2 2 2 2 2 2 2 2 2 2 2 2 2 2 2 2 2 2 2 2 2 2 2 2 2 2 2 2 2 2 2 2 2 2 2 2 2 2 2 2 2 2 2 2 2 2 2 2 2 2 2 2 2 2 2 2 2 2 2 2 2 2 2 2 2 2 2 2 2 2 2 2 2 2 2 2 2 2 2 2 2 2 2 2 2 2 2 2 2 2 2 2 2 2 2 2 2 2 2 2 2 2 2 2 2 2 2 2 2 2 2 2 2 2 2 2 2 2 2 2 2 2 2 2 2 2 2 2 2 2 2 2 2 2 2 2 2 2 2 2 2 2 2 2 2 2 2 2 2 2 2 2 2 2 2 2 2 2 2 2 2 2 2 2 2 2 2 2 2 2 2 2 2 2 2 2 2 2 2 2 2 2 2 2 2 2 2 2 2 2 2 2 2 2 2 2 2 2 2 2 2 2 2 2 2 2 2 2 2 2 2 2 2 1001 2 2 2 2 2 2 2 2 2 2 2 2 2 2 2 2 2
-1 0 1 2 -2 -1 0 1 2 -2 -1 0 1 2 -2 -1 0 1 2 -2 -1 0 1 2 -2 -1 0 1 2 -2 -1 0 1 2 -2 -1 0 1 2 -2 -1 0 1 2 -2 -1 0 1 2 -2 -1 0 1 2 -2 -1 0 1 2 -2 -1 0 1 2 -2 -1 0 1 2 -2 -1 0 1 2 -2 -1 0 1 2 -2 -1 0 1 2 -2 -1 0 1 2 -2 -1 0 1 2 -2 -1 0 1 2 -2 -1 0 1 2 -2 -1 0 1 2 -2 -1 0 1 2 -2 -1 0 1 2 -2 -1 0 1 2 -2 -1 0 1 2 -2 -1 0 1 2 -2 -1 0 1 2 -2 -1 0 1 2 -2 -1 0 1 2 -2 -1 0 1 2 -2 -1 0 1 2 -2 -1 0 1 2 -2 -1 0 1 2 -2 -1 0 1 2 -2 -1 0 1 2 -2 -1 0 1 2 -2 -1 0 1 2 -2 -1 0 1 2 -2 -1 0 1 2 -2 -1 0 1 2 -2 -1 0 1 2 -2 -1 0 1 2 -2 -1 0 1 2 -2 -1 0 1 2 -2 -1 0 1 2 -2 -1 0 1 2 -2 -1 0 1 2 -2 -1 0 1 2 -2 -1 0 1 2 -2 -1 0 1 2 -2 -1 0 1 2 -2 -1 0 1 2 -2 -1 0 1 2 -2 -1 0 1 2 -2 -1 0 1 2 -2 -1 0 1 2 -2 -1 0 1 2 -2 -1 0 1 2 -2 -1 0 1 2 -2 -1 0 1 2 -2 -1 0 1 2 -2 -1 0 1 2 -2 -1 0 1 2 -2 -1 0 1 2 -2 -1 0 1 2 -2 -1 0 1 2 -2 -1 0 1 2 -2 -1 0 1 2 -2 -1 0 1 2 -2 -1 0 1 2 -2 -1 0 1 2 -2 -1 0 1 2 -2 -1 0 1 2 -2 -1 0 1 2 -2 -1 0 1 2 -2 -1 0 1 2 -2 -1 0 1 2 -2 -1 0 1 2 -2 -1 0 1 2 -2 -1 0 1 2 -2 -1 0 1 2 -2 -1 0 1 2 -2 -1 0 1 2 -2 -1 0 1 2 -2 -1 0 1 2 -2 -1 0 1 2 -2 -1 0 1 2 -2 -1 0 1 2 -2 -1 0 1 2 -2 -1 0 1 2 -2 -1 0 1 2 -2 -1 0 1 2 -2 -1 0 1 2 -2 -1 0 1 2 -2 -1 0 1 2 -2 -1 0 1 601 -2 -1 0 1 2 -2 -1 0 1 2 -2 -1 0 1 2 -2
1 -2 0 2 -1 1 -2 0 2 -1 1 -2 0 2 -1 1 -2 0 2 -1 1 -2 0 2 -1 1 -2 0 2 -1 1 -2 0 2 -1 1 -2 0 2 -1 1 -2 0 2 -1 1 -2 0 2 -1 1 -2 0 2 -1 1 -2 0 2 -1 1 -2 0 2 -1 1 -2 0 2 -1 1 -2 0 2 -1 1 -2 0 2 -1 1 -2 0 2 -1 1 -2 0 2 -1 1 -2 0 2 -1 1 -2 0 2 -1 1 -2 0 2 -1 1 -2 0 2 -1 1 -2 0 2 -1 1 -2 0 2 -1 1 -2 0 2 -1 1 -2 0 2 -1 1 -2 0 2 -1 1 -2 0 2 -1 1 -2 0 2 -1 1 -2 0 2 -1 1 -2 0 2 -1 1 -2 0 2 -1 1 -2 0 2 -1 1 -2 0 2 -1 1 -2 0 2 -1 1 -2 0 2 -1 1 -2 0 2 -1 1 -2 0 2 -1 1 -2 0 2 -1 1 -2 0 2 -1 1 -2 0 2 -1 1 -2 0 2 -1 1 -2 0 2 -1 1 -2 0 2 -1 1 -2 0 2 -1 1 -2 0 2 -1 1 -2 0 2 -1 1 -2 0 2 -1 1 -2 0 2 -1 1 -2 0 2 -1 1 -2 0 2 -1 1 -2 0 2 -1 1 -2 0 2 -1 1 -2 0 2 -1 1 -2 0 2 -1 1 -2 0 2 -1 1 -2 0 2 -1 1 -2 0 2 -1 1 -2 0 2 -1 1 -2 0 2 -1 1 -2 0 2 -1 1 -2 0 2 -1 1 -2 0 2 -1 1 -2 0 2 -1 1 -2 0 2 -1 1 -2 0 2 -1 1 -2 0 2 -1 1 -2 0 2 -1 1 -2 0 2 -1 1 -2 0 2 -1 1 -2 0 2 -1 1 -2 0 2 -1 1 -2 0 2 -1 1 -2 0 2 -1 1 -2 0 2 -1 1 -2 0 2 -1 1 -2 0 2 -1 1 -2 0 2 -1 1 -2 0 2 -1 1 -2 0 2 -1 1 -2 0 2 -1 1 -2 0 2 -1 1 -2 0 2 -1 1 -2 0 2 -1 1 -2 0 2 -1 1 -2 0 2 -1 1 -2 0 2 -1 1 -2 0 2 -1 1 -2 0 2 -1 1 -2 0 2 -1 1 -2 0 2 -1 1 -2 0 2 -1 1 -2 0 2 -1 1 -2 0 2 -1 1 -2 0 2 -1 1 -2 0 2 -1 1 -2 0 2 602 1 -2 0 2 -1 1 -2 0 2 -1 1 -2 0 2 -1
-2 1 -1 2 0 -2 1 -1 2 0 -2 1 -1 2 0 -2 1 -1 2 0 -2 1 -1 2 0 -2 1 -1 2 0 -2 1 -1 2 0 -2 1 -1 2 0 -2 1 -1 2 0 -2 1 -1 2 0 -2 1 -1 2 0 -2 1 -1 2 0 -2 1 -1 2 0 -2 1 -1 2 0 -2 1 -1 2 0 -2 1 -1 2 0 -2 1 -1 2 0 -2 1 -1 2 0 -2 1 -1 2 0 -2 1 -1 2 0 -2 1 -1 2 0 -2 1 -1 2 0 -2 1 -1 2 0 -2 1 -1 2 0 -2 1 -1 2 0 -2 1 -1 2 0 -2 1 -1 2 0 -2 1 -1 2 0 -2 1 -1 2 0 -2 1 -1 2 0 -2 1 -1 2 0 -2 1 -1 2 0 -2 1 -1 2 0 -2 1 -1 2 0 -2 1 -1 2 0 -2 1 -1 2 0 -2 1 -1 2 0 -2 1 -1 2 0 -2 1 -1 2 0 -2 1 -1 2 0 -2 1 -1 2 0 -2 1 -1 2 0 -2 1 -1 2 0 -2 1 -1 2 0 -2 1 -1 2 0 -2 1 -1 2 0 -2 1 -1 2 0 -2 1 -1 2 0 -2 1 -1 2 0 -2 1 -1 2 0 -2 1 -1 2 0 -2 1 -1 2 0 -2 1 -1 2 0 -2 1 -1 2 0 -2 1 -1 2 0 -2 1 -1 2 0 -2 1 -1 2 0 -2 1 -1 2 0 -2 1 -1 2 0 -2 1 -1 2 0 -2 1 -1 2 0 -2 1 -1 2 0 -2 1 -1 2 0 -2 1 -1 2 0 -2 1 -1 2 0 -2 1 -1 2 0 -2 1 -1 2 0 -2 1 -1 2 0 -2 1 -1 2 0 -2 1 -1 2 0 -2 1 -1 2 0 -2 1 -1 2 0 -2 1 -1 2 0 -2 1 -1 2 0 -2 1 -1 2 0 -2 1 -1 2 0 -2 1 -1 2 0 -2 1 -1 2 0 -2 1 -1 2 0 -2 1 -1 2 0 -2 1 -1 2 0 -2 1 -1 2 0 -2 1 -1 2 0 -2 1 -1 2 0 -2 1 -1 2 0 -2 1 -1 2 0 -2 1 -1 2 0 -2 1 -1 2 0 -2 1 -1 2 0 -2 1 -1 2 0 -2 1 -1 2 0 -2 1 -1 2 0 -2 1 -1 2 0 -2 1 -1 2 0 -2 1 -1 2 0 -2 1 -1 2 0 -2 1 -1 2 0 601 1 -1 2 0 -2 1 -1 2 0 -2 1 -1 2 0
0 -1 -2 2 1 0 -1 -2 2 1 0 -1 -2 2 1 0 -1 -2 2 1 0 -1 -2 2 1 0 -1 -2 2 1 0 -1 -2 2 1 0 -1 -2 2 1 0 -1 -2 2 1 0 -1 -2 2 1 0 -1 -2 2 1 0 -1 -2 2 1 0 -1 -2 2 1 0 -1 -2 2 1 0 -1 -2 2 1 0 -1 -2 2 1 0 -1 -2 2 1 0 -1 -2 2 1 0 -1 -2 2 1 0 -1 -2 2 1 0 -1 -2 2 1 0 -1 -2 2 1 0 -1 -2 2 1 0 -1 -2 2 1 0 -1 -2 2 1 0 -1 -2 2 1 0 -1 -2 2 1 0 -1 -2 2 1 0 -1 -2 2 1 0 -1 -2 2 1 0 -1 -2 2 1 0 -1 -2 2 1 0 -1 -2 2 1 0 -1 -2 2 1 0 -1 -2 2 1 0 -1 -2 2 1 0 -1 -2 2 1 0 -1 -2 2 1 0 -1 -2 2 1 0 -1 -2 2 1 0 -1 -2 2 1 0 -1 -2 2 1 0 -1 -2 2 1 0 -1 -2 2 1 0 -1 -2 2 1 0 -1 -2 2 1 0 -1 -2 2 1 0 -1 -2 2 1 0 -1 -2 2 1 0 -1 -2 2 1 0 -1 -2 2 1 0 -1 -2 2 1 0 -1 -2 2 1 0 -1 -2 2 1 0 -1 -2 2 1 0 -1 -2 2 1 0 -1 -2 2 1 0 -1 -2 2 1 0 -1 -2 2 1 0 -1 -2 2 1 0 -1 -2 2 1 0 -1 -2 2 1 0 -1 -2 2 1 0 -1 -2 2 1 0 -1 -2 2 1 0 -1 -2 2 1 0 -1 -2 2 1 0 -1 -2 2 1 0 -1 -2 2 1 0 -1 -2 2 1 0 -1 -2 2 1 0 -1 -2 2 1 0 -1 -2 2 1 0 -1 -2 2 1 0 -1 -2 2 1 0 -1 -2 2 1 0 -1 -2 2 1 0 -1 -2 2 1 0 -1 -2 2 1 0 -1 -2 2 1 0 -1 -2 2 1 0 -1 -2 2 1 0 -1 -2 2 1 0 -1 -2 2 1 0 -1 -2 2 1 0 -1 -2 2 1 0 -1 -2 2 1 0 -1 -2 2 1 0 -1 -2 2 1 0 -1 -2 2 1 0 -1 -2 2 1 0 -1 -2 2 1 0 -1 -2 2 1 0 -1 -2 2 1 0 -1 -2 2 1 0 -1 -2 2 1 0 -1 -2 2 1 0 602 -2 2 1 0 -1 -2 2 1 0 -1 -2 2 1
2 2 2 2 2 2 2 2 2 2 2 2 2 2 2 2 2 2 2 2 2 2 2 2 2 2 2 2 2 2 2 2 2 2 2 2 2 2 2 2 2 2 2 2 2 2 2 2 2 2 2 2 2 2 2 2 2 2 2 2 2 2 2 2 2 2 2 2 2 2 2 2 2 2 2 2 2 2 2 2 2 2 2 2 2 2 2 2 2 2 2 2 2 2 2 2 2 2 2 2 2 2 2 2 2 2 2 2 2 2 2 2 2 2 2 2 2 2 2 2 2 2 2 2 2 2 2 2 2 2 2 2 2 2 2 2 2 2 2 2 2 2 2 2 2 2 2 2 2 2 2 2 2 2 2 2 2 2 2 2 2 2 2 2 2 2 2 2 2 2 2 2 2 2 2 2 2 2 2 2 2 2 2 2 2 2 2 2 2 2 2 2 2 2 2 2 2 2 2 2 2 2 2 2 2 2 2 2 2 2 2 2 2 2 2 2 2 2 2 2 2 2 2 2 2 2 2 2 2 2 2 2 2 2 2 2 2 2 2 2 2 2 2 2 2 2 2 2 2 2 2 2 2 2 2 2 2 2 2 2 2 2 2 2 2 2 2 2 2 2 2 2 2 2 2 2 2 2 2 2 2 2 2 2 2 2 2 2 2 2 2 2 2 2 2 2 2 2 2 2 2 2 2 2 2 2 2 2 2 2 2 2 2 2 2 2 2 2 2 2 2 2 2 2 2 2 2 2 2 2 2 2 2 2 2 2 2 2 2 2 2 2 2 2 2 2 2 2 2 2 2 2 2 2 2 2 2 2 2 2 2 2 2 2 2 2 2 2 2 2 2 2 2 2 2 2 2 2 2 2 2 2 2 2 2 2 2 2 2 2 2 2 2 2 2 2 2 2 2 2 2 2 2 2 2 2 2 2 2 2 2 2 2 2 2 2 2 2 2 2 2 2 2 2 2 2 2 2 2 2 2 2 2 2 2 2 2 2 2 2 2 2 2 2 2 2 2 2 2 2 2 2 2 2 2 2 2 2 2 2 2 2 2 2 2 2 2 2 2 2 2 2 2 2 2 2 2 2 2 2 2 2 2 2 2 2 2 1001 2 2 2 2 2 2 2 2 2 2 2 2
-1 0 1 2 -2 -1 0 1 2 -2 -1 0 1 2 -2 -1 0 1 2 -2 -1 0 1 2 -2 -1 0 1 2 -2 -1 0 1 2 -2 -1 0 1 2 -2 -1 0 1 2 -2 -1 0 1 2 -2 -1 0 1 2 -2 -1 0 1 2 -2 -1 0 1 2 -2 -1 0 1 2 -2 -1 0 1 2 -2 -1 0 1 2 -2 -1 0 1 2 -2 -1 0 1 2 -2 -1 0 1 2 -2 -1 0 1 2 -2 -1 0 1 2 -2 -1 0 1 2 -2 -1 0 1 2 -2 -1 0 1 2 -2 -1 0 1 2 -2 -1 0 1 2 -2 -1 0 1 2 -2 -1 0 1 2 -2 -1 0 1 2 -2 -1 0 1 2 -2 -1 0 1 2 -2 -1 0 1 2 -2 -1 0 1 2 -2 -1 0 1 2 -2 -1 0 1 2 -2 -1 0 1 2 -2 -1 0 1 2 -2 -1 0 1 2 -2 -1 0 1 2 -2 -1 0 1 2 -2 -1 0 1 2 -2 -1 0 1 2 -2 -1 0 1 2 -2 -1 0 1 2 -2 -1 0 1 2 -2 -1 0 1 2 -2 -1 0 1 2 -2 -1 0 1 2 -2 -1 0 1 2 -2 -1 0 1 2 -2 -1 0 1 2 -2 -1 0 1 2 -2 -1 0 1 2 -2 -1 0 1 2 -2 -1 0 1 2 -2 -1 0 1 2 -2 -1 0 1 2 -2 -1 0 1 2 -2 -1 0 1 2 -2 -1 0 1 2 -2 -1 0 1 2 -2 -1 0 1 2 -2 -1 0 1 2 -2 -1 0 1 2 -2 -1 0 1 2 -2 -1 0 1 2 -2 -1 0 1 2 -2 -1 0 1 2 -2 -1 0 1 2 -2 -1 0 1 2 -2 -1 0 1 2 -2 -1 0 1 2 -2 -1 0 1 2 -2 -1 0 1 2 -2 -1 0 1 2 -2 -1 0 1 2 -2 -1 0 1 2 -2 -1 0 1 2 -2 -1 0 1 2 -2 -1 0 1 2 -2 -1 0 1 2 -2 -1 0 1 2 -2 -1 0 1 2 -2 -1 0 1 2 -2 -1 0 1 2 -2 -1 0 1 2 -2 -1 0 1 2 -2 -1 0 1 2 -2 -1 0 1 2 -2 -1 0 1 2 -2 -1 0 1 2 -2 -1 0 1 2 -2 -1 0 1 2 -2 -1 0 1 2 -2 -1 0 1 2 -2 -1 0 1 2 -2 -1 0 1 2 -2 -1 0 1 601 -2 -1 0 1 2 -2 -1 0 1 2 -2
1 -2 0 2 -1 1 -2 0 2 -1 1 -2 0 2 -1 1 -2 0 2 -1 1 -2 0 2 -1 1 -2 0 2 -1 1 -2 0 2 -1 1 -2 0 2 -1 1 -2 0 2 -1 1 -2 0 2 -1 1 -2 0 2 -1 1 -2 0 2 -1 1 -2 0 2 -1 1 -2 0 2 -1 1 -2 0 2 -1 1 -2 0 2 -1 1 -2 0 2 -1 1 -2 0 2 -1 1 -2 0 2 -1 1 -2 0 2 -1 1 -2 0 2 -1 1 -2 0 2 -1 1 -2 0 2 -1 1 -2 0 2 -1 1 -2 0 2 -1 1 -2 0 2 -1 1 -2 0 2 -1 1 -2 0 2 -1 1 -2 0 2 -1 1 -2 0 2 -1 1 -2 0 2 -1 1 -2 0 2 -1 1 -2 0 2 -1 1 -2 0 2 -1 1 -2 0 2 -1 1 -2 0 2 -1 1 -2 0 2 -1 1 -2 0 2 -1 1 -2 0 2 -1 1 -2 0 2 -1 1 -2 0 2 -1 1 -2 0 2 -1 1 -2 0 2 -1 1 -2 0 2 -1 1 -2 0 2 -1 1 -2 0 2 -1 1 -2 0 2 -1 1 -2 0 2 -1 1 -2 0 2 -1 1 -2 0 2 -1 1 -2 0 2 -1 1 -2 0 2 -1 1 -2 0 2 -1 1 -2 0 2 -1 1 -2 0 2 -1 1 -2 0 2 -1 1 -2 0 2 -1 1 -2 0 2 -1 1 -2 0 2 -1 1 -2 0 2 -1 1 -2 0 2 -1 1 -2 0 2 -1 1 -2 0 2 -1 1 -2 0 2 -1 1 -2 0 2 -1 1 -2 0 2 -1 1 -2 0 2 -1 1 -2 0 2 -1 1 -2 0 2 -1 1 -2 0 2 -1 1 -2 0 2 -1 1 -2 0 2 -1 1 -2 0 2 -1 1 -2 0 2 -1 1 -2 0 2 -1 1 -2 0 2 -1 1 -2 0 2 -1 1 -2 0 2 -1 1 -2 0 2 -1 1 -2 0 2 -1 1 -2 0 2 -1 1 -2 0 2 -1 1 -2 0 2 -1 1 -2 0 2 -1 1 -2 0 2 -1 1 -2 0 2 -1 1 -2 0 2 -1 1 -2 0 2 -1 1 -2 0 2 -1 1 -2 0 2 -1 1 -2 0 2 -1 1 -2 0 2 -1 1 -2 0 2 -1 1 -2 0 2 -1 1 -2 0 2 -1 1 -2 0 2 -1 1 -2 0 2 -1 1 -2 0 2 602 1 -2 0 2 -1 1 -2 0 2 -1
-2 1 -1 2 0 -2 1 -1 2 0 -2 1 -1 2 0 -2 1 -1 2 0 -2 1 -1 2 0 -2 1 -1 2 0 -2 1 -1 2 0 -2 1 -1 2 0 -2 1 -1 2 0 -2 1 -1 2 0 -2 1 -1 2 0 -2 1 -1 2 0 -2 1 -1 2 0 -2 1 -1 2 0 -2 1 -1 2 0 -2 1 -1 2 0 -2 1 -1 2 0 -2 1 -1 2 0 -2 1 -1 2 0 -2 1 -1 2 0 -2 1 -1 2 0 -2 1 -1 2 0 -2 1 -1 2 0 -2 1 -1 2 0 -2 1 -1 2 0 -2 1 -1 2 0 -2 1 -1 2 0 -2 1 -1 2 0 -2 1 -1 2 0 -2 1 -1 2 0 -2 1 -1 2 0 -2 1 -1 2 0 -2 1 -1 2 0 -2 1 -1 2 0 -2 1 -1 2 0 -2 1 -1 2 0 -2 1 -1 2 0 -2 1 -1 2 0 -2 1 -1 2 0 -2 1 -1 2 0 -2 1 -1 2 0 -2 1 -1 2 0 -2 1 -1 2 0 -2 1 -1 2 0 -2 1 -1 2 0 -2 1 -1 2 0 -2 1 -1 2 0 -2 1 -1 2 0 -2 1 -1 2 0 -2 1 -1 2 0 -2 1 -1 2 0 -2 1 -1 2 0 -2 1 -1 2 0 -2 1 -1 2 0 -2 1 -1 2 0 -2 1 -1 2 0 -2 1 -1 2 0 -2 1 -1 2 0 -2 1 -1 2 0 -2 1 -1 2 0 -2 1 -1 2 0 -2 1 -1 2 0 -2 1 -1 2 0 -2 1 -1 2 0 -2 1 -1 2 0 -2 1 -1 2 0 -2 1 -1 2 0 -2 1 -1 2 0 -2 1 -1 2 0 -2 1 -1 2 0 -2 1 -1 2 0 -2 1 -1 2 0 -2 1 -1 2 0 -2 1 -1 2 0 -2 1 -1 2 0 -2 1 -1 2 0 -2 1 -1 2 0 -2 1 -1 2 0 -2 1 -1 2 0 -2 1 -1 2 0 -2 1 -1 2 0 -2 1 -1 2 0 -2 1 -1 2 0 -2 1 -1 2 0 -2 1 -1 2 0 -2 1 -1 2 0 -2 1 -1 2 0 -2 1 -1 2 0 -2 1 -1 2 0 -2 1 -1 2 0 -2 1 -1 2 0 -2 1 -1 2 0 -2 1 -1 2 0 -2 1 -1 2 0 -2 1 -1 2 0 -2 1 -1 2 0 -2 1 -1 2 0 -2 1 -1 2 0 601 1 -1 2 0 -2 1 -1 2 0
0 -1 -2 2 1 0 -1 -2 2 1 0 -1 -2 2 1 0 -1 -2 2 1 0 -1 -2 2 1 0 -1 -2 2 1 0 -1 -2 2 1 0 -1 -2 2 1 0 -1 -2 2 1 0 -1 -2 2 1 0 -1 -2 2 1 0 -1 -2 2 1 0 -1 -2 2 1 0 -1 -2 2 1 0 -1 -2 2 1 0 -1 -2 2 1 0 -1 -2 2 1 0 -1 -2 2 1 0 -1 -2 2 1 0 -1 -2 2 1 0 -1 -2 2 1 0 -1 -2 2 1 0 -1 -2 2 1 0 -1 -2 2 1 0 -1 -2 2 1 0 -1 -2 2 1 0 -1 -2 2 1 0 -1 -2 2 1 0 -1 -2 2 1 0 -1 -2 2 1 0 -1 -2 2 1 0 -1 -2 2 1 0 -1 -2 2 1 0 -1 -2 2 1 0 -1 -2 2 1 0 -1 -2 2 1 0 -1 -2 2 1 0 -1 -2 2 1 0 -1 -2 2 1 0 -1 -2 2 1 0 -1 -2 2 1 0 -1 -2 2 1 0 -1 -2 2 1 0 -1 -2 2 1 0 -1 -2 2 1 0 -1 -2 2 1 0 -1 -2 2 1 0 -1 -2 2 1 0 -1 -2 2 1 0 -1 -2 2 1 0 -1 -2 2 1 0 -1 -2 2 1 0 -1 -2 2 1 0 -1 -2 2 1 0 -1 -2 2 1 0 -1 -2 2 1 0 -1 -2 2 1 0 -1 -2 2 1 0 -1 -2 2 1 0 -1 -2 2 1 0 -1 -2 2 1 0 -1 -2 2 1 0 -1 -2 2 1 0 -1 -2 2 1 0 -1 -2 2 1 0 -1 -2 2 1 0 -1 -2 2 1 0 -1 -2 2 1 0 -1 -2 2 1 0 -1 -2 2 1 0 -1 -2 2 1 0 -1 -2 2 1 0 -1 -2 2 1 0 -1 -2 2 1 0 -1 -2 2 1 0 -1 -2 2 1 0 -1 -2 2 1 0 -1 -2 2 1 0 -1 -2 2 1 0 -1 -2 2 1 0 -1 -2 2 1 0 -1 -2 2 1 0 -1 -2 2 1 0 -1 -2 2 1 0 -1 -2 2 1 0 -1 -2 2 1 0 -1 -2 2 1 0 -1 -2 2 1 0 -1 -2 2 1 0 -1 -2 2 1 0 -1 -2 2 1 0 -1 -2 2 1 0 -1 -2 2 1 0 -1 -2 2 1 0 -1 -2 2 1 0 -1 -2 2 1 0 -1 -2 2 1 0 -1 -2 2 1 0 602 -2 2 1 0 -1 -2 2 1
2 2 2 2 2 2 2 2 2 2 2 2 2 2 2 2 2 2 2 2 2 2 2 2 2 2 2 2 2 2 2 2 2 2 2 2 2 2 2 2 2 2 2 2 2 2 2 2 2 2 2 2 2 2 2 2 2 2 2 2 2 2 2 2 2 2 2 2 2 2 2 2 2 2 2 2 2 2 2 2 2 2 2 2 2 2 2 2 2 2 2 2 2 2 2 2 2 2 2 2 2 2 2 2 2 2 2 2 2 2 2 2 2 2 2 2 2 2 2 2 2 2 2 2 2 2 2 2 2 2 2 2 2 2 2 2 2 2 2 2 2 2 2 2 2 2 2 2 2 2 2 2 2 2 2 2 2 2 2 2 2 2 2 2 2 2 2 2 2 2 2 2 2 2 2 2 2 2 2 2 2 2 2 2 2 2 2 2 2 2 2 2 2 2 2 2 2 2 2 2 2 2 2 2 2 2 2 2 2 2 2 2 2 2 2 2 2 2 2 2 2 2 2 2 2 2 2 2 2 2 2 2 2 2 2 2 2 2 2 2 2 2 2 2 2 2 2 2 2 2 2 2 2 2 2 2 2 2 2 2 2 2 2 2 2 2 2 2 2 2 2 2 2 2 2 2 2 2 2 2 2 2 2 2 2 2 2 2 2 2 2 2 2 2 2 2 2 2 2 2 2 2 2 2 2 2 2 2 2 2 2 2 2 2 2 2 2 2 2 2 2 2 2 2 2 2 2 2 2 2 2 2 2 2 2 2 2 2 2 2 2 2 2 2 2 2 2 2 2 2 2 2 2 2 2 2 2 2 2 2 2 2 2 2 2 2 2 2 2 2 2 2 2 2 2 2 2 2 2 2 2 2 2 2 2 2 2 2 2 2 2 2 2 2 2 2 2 2 2 2 2 2 2 2 2 2 2 2 2 2 2 2 2 2 2 2 2 2 2 2 2 2 2 2 2 2 2 2 2 2 2 2 2 2 2 2 2 2 2 2 2 2 2 2 2 2 2 2 2 2 2 2 2 2 2 2 2 2 2 2 2 2 2 2 2 2 2 2 2 2 2 2 2 2 2 2 2 2 2 2 2 2 2 2 2 2 2 2 2 2 2 2 1001 2 2 2 2 2 2 2
-1 0 1 2 -2 -1 0 1 2 -2 -1 0 1 2 -2 -1 0 1 2 -2 -1 0 1 2 -2 -1 0 1 2 -2 -1 0 1 2 -2 -1 0 1 2 -2 -1 0 1 2 -2 -1 0 1 2 -2 -1 0 1 2 -2 -1 0 1 2 -2 -1 0 1 2 -2 -1 0 1 2 -2 -1 0 1 2 -2 -1 0 1 2 -2 -1 0 1 2 -2 -1 0 1 2 -2 -1 0 1 2 -2 -1 0 1 2 -2 -1 0 1 2 -2 -1 0 1 2 -2 -1 0 1 2 -2 -1 0 1 2 -2 -1 0 1 2 -2 -1 0 1 2 -2 -1 0 1 2 -2 -1 0 1 2 -2 -1 0 1 2 -2 -1 0 1 2 -2 -1 0 1 2 -2 -1 0 1 2 -2 -1 0 1 2 -2 -1 0 1 2 -2 -1 0 1 2 -2 -1 0 1 2 -2 -1 0 1 2 -2 -1 0 1 2 -2 -1 0 1 2 -2 -1 0 1 2 -2 -1 0 1 2 -2 -1 0 1 2 -2 -1 0 1 2 -2 -1 0 1 2 -2 -1 0 1 2 -2 -1 0 1 2 -2 -1 0 1 2 -2 -1 0 1 2 -2 -1 0 1 2 -2 -1 0 1 2 -2 -1 0 1 2 -2 -1 0 1 2 -2 -1 0 1 2 -2 -1 0 1 2 -2 -1 0 1 2 -2 -1 0 1 2 -2 -1 0 1 2 -2 -1 0 1 2 -2 -1 0 1 2 -2 -1 0 1 2 -2 -1 0 1 2 -2 -1 0 1 2 -2 -1 0 1 2 -2 -1 0 1 2 -2 -1 0 1 2 -2 -1 0 1 2 -2 -1 0 1 2 -2 -1 0 1 2 -2 -1 0 1 2 -2 -1 0 1 2 -2 -1 0 1 2 -2 -1 0 1 2 -2 -1 0 1 2 -2 -1 0 1 2 -2 -1 0 1 2 -2 -1 0 1 2 -2 -1 0 1 2 -2 -1 0 1 2 -2 -1 0 1 2 -2 -1 0 1 2 -2 -1 0 1 2 -2 -1 0 1 2 -2 -1 0 1 2 -2 -1 0 1 2 -2 -1 0 1 2 -2 -1 0 1 2 -2 -1 0 1 2 -2 -1 0 1 2 -2 -1 0 1 2 -2 -1 0 1 2 -2 -1 0 1 2 -2 -1 0 1 2 -2 -1 0 1 2 -2 -1 0 1 2 -2 -1 0 1 2 -2 -1 0 1 2 -2 -1 0 1 2 -2 -1 0 1 2 -2 -1 0 1 601 -2 -1 0 1 2 -2
1 -2 0 2 -1 1 -2 0 2 -1 1 -2 0 2 -1 1 -2 0 2 -1 1 -2 0 2 -1 1 -2 0 2 -1 1 -2 0 2 -1 1 -2 0 2 -1 1 -2 0 2 -1 1 -2 0 2 -1 1 -2 0 2 -1 1 -2 0 2 -1 1 -2 0 2 -1 1 -2 0 2 -1 1 -2 0 2 -1 1 -2 0 2 -1 1 -2 0 2 -1 1 -2 0 2 -1 1 -2 0 2 -1 1 -2 0 2 -1 1 -2 0 2 -1 1 -2 0 2 -1 1 -2 0 2 -1 1 -2 0 2 -1 1 -2 0 2 -1 1 -2 0 2 -1 1 -2 0 2 -1 1 -2 0 2 -1 1 -2 0 2 -1 1 -2 0 2 -1 1 -2 0 2 -1 1 -2 0 2 -1 1 -2 0 2 -1 1 -2 0 2 -1 1 -2 0 2 -1 1 -2 0 2 -1 1 -2 0 2 -1 1 -2 0 2 -1 1 -2 0 2 -1 1 -2 0 2 -1 1 -2 0 2 -1 1 -2 0 2 -1 1 -2 0 2 -1 1 -2 0 2 -1 1 -2 0 2 -1 1 -2 0 2 -1 1 -2 0 2 -1 1 -2 0 2 -1 1 -2 0 2 -1 1 -2 0 2 -1 1 -2 0 2 -1 1 -2 0 2 -1 1 -2 0 2 -1 1 -2 0 2 -1 1 -2 0 2 -1 1 -2 0 2 -1 1 -2 0 2 -1 1 -2 0 2 -1 1 -2 0 2 -1 1 -2 0 2 -1 1 -2 0 2 -1 1 -2 0 2 -1 1 -2 0 2 -1 1 -2 0 2 -1 1 -2 0 2 -1 1 -2 0 2 -1 1 -2 0 2 -1 1 -2 0 2 -1 1 -2 0 2 -1 1 -2 0 2 -1 1 -2 0 2 -1 1 -2 0 2 -1 1 -2 0 2 -1 1 -2 0 2 -1 1 -2 0 2 -1 1 -2 0 2 -1 1 -2 0 2 -1 1 -2 0 2 -1 1 -2 0 2 -1 1 -2 0 2 -1 1 -2 0 2 -1 1 -2 0 2 -1 1 -2 0 2 -1 1 -2 0 2 -1 1 -2 0 2 -1 1 -2 0 2 -1 1 -2 0 2 -1 1 -2 0 2 -1 1 -2 0 2 -1 1 -2 0 2 -1 1 -2 0 2 -1 1 -2 0 2 -1 1 -2 0 2 -1 1 -2 0 2 -1 1 -2 0 2 -1 1 -2 0 2 -1 1 -2 0 2 -1 1 -2 0 2 -1 1 -2 0 2 602 1 -2 0 2 -1
-2 1 -1 2 0 -2 1 -1 2 0 -2 1 -1 2 0 -2 1 -1 2 0 -2 1 -1 2 0 -2 1 -1 2 0 -2 1 -1 2 0 -2 1 -1 2 0 -2 1 -1 2 0 -2 1 -1 2 0 -2 1 -1 2 0 -2 1 -1 2 0 -2 1 -1 2 0 -2 1 -1 2 0 -2 1 -1 2 0 -2 1 -1 2 0 -2 1 -1 2 0 -2 1 -1 2 0 -2 1 -1 2 0 -2 1 -1 2 0 -2 1 -1 2 0 -2 1 -1 2 0 -2 1 -1 2 0 -2 1 -1 2 0 -2 1 -1 2 0 -2 1 -1 2 0 -2 1 -1 2 0 -2 1 -1 2 0 -2 1 -1 2 0 -2 1 -1 2 0 -2 1 -1 2 0 -2 1 -1 2 0 -2 1 -1 2 0 -2 1 -1 2 0 -2 1 -1 2 0 -2 1 -1 2 0 -2 1 -1 2 0 -2 1 -1 2 0 -2 1 -1 2 0 -2 1 -1 2 0 -2 1 -1 2 0 -2 1 -1 2 0 -2 1 -1 2 0 -2 1 -1 2 0 -2 1 -1 2 0 -2 1 -1 2 0 -2 1 -1 2 0 -2 1 -1 2 0 -2 1 -1 2 0 -2 1 -1 2 0 -2 1 -1 2 0 -2 1 -1 2 0 -2 1 -1 2 0 -2 1 -1 2 0 -2 1 -1 2 0 -2 1 -1 2 0 -2 1 -1 2 0 -2 1 -1 2 0 -2 1 -1 2 0 -2 1 -1 2 0 -2 1 -1 2 0 -2 1 -1 2 0 -2 1 -1 2 0 -2 1 -1 2 0 -2 1 -1 2 0 -2 1 -1 2 0 -2 1 -1 2 0 -2 1 -1 2 0 -2 1 -1 2 0 -2 1 -1 2 0 -2 1 -1 2 0 -2 1 -1 2 0 -2 1 -1 2 0 -2 1 -1 2 0 -2 1 -1 2 0 -2 1 -1 2 0 -2 1 -1 2 0 -2 1 -1 2 0 -2 1 -1 2 0 -2 1 -1 2 0 -2 1 -1 2 0 -2 1 -1 2 0 -2 1 -1 2 0 -2 1 -1 2 0 -2 1 -1 2 0 -2 1 -1 2 0 -2 1 -1 2 0 -2 1 -1 2 0 -2 1 -1 2 0 -2 1 -1 2 0 -2 1 -1 2 0 -2 1 -1 2 0 -2 1 -1 2 0 -2 1 -1 2 0 -2 1 -1 2 0 -2 1 -1 2 0 -2 1 -1 2 0 -2 1 -1 2 0 -2 1 -1 2 0 601 1 -1 2 0
0 -1 -2 2 1 0 -1 -2 2 1 0 -1 -2 2 1 0 -1 -2 2 1 0 -1 -2 2 1 0 -1 -2 2 1 0 -1 -2 2 1 0 -1 -2 2 1 0 -1 -2 2 1 0 -1 -2 2 1 0 -1 -2 2 1 0 -1 -2 2 1 0 -1 -2 2 1 0 -1 -2 2 1 0 -1 -2 2 1 0 -1 -2 2 1 0 -1 -2 2 1 0 -1 -2 2 1 0 -1 -2 2 1 0 -1 -2 2 1 0 -1 -2 2 1 0 -1 -2 2 1 0 -1 -2 2 1 0 -1 -2 2 1 0 -1 -2 2 1 0 -1 -2 2 1 0 -1 -2 2 1 0 -1 -2 2 1 0 -1 -2 2 1 0 -1 -2 2 1 0 -1 -2 2 1 0 -1 -2 2 1 0 -1 -2 2 1 0 -1 -2 2 1 0 -1 -2 2 1 0 -1 -2 2 1 0 -1 -2 2 1 0 -1 -2 2 1 0 -1 -2 2 1 0 -1 -2 2 1 0 -1 -2 2 1 0 -1 -2 2 1 0 -1 -2 2 1 0 -1 -2 2 1 0 -1 -2 2 1 0 -1 -2 2 1 0 -1 -2 2 1 0 -1 -2 2 1 0 -1 -2 2 1 0 -1 -2 2 1 0 -1 -2 2 1 0 -1 -2 2 1 0 -1 -2 2 1 0 -1 -2 2 1 0 -1 -2 2 1 0 -1 -2 2 1 0 -1 -2 2 1 0 -1 -2 2 1 0 -1 -2 2 1 0 -1 -2 2 1 0 -1 -2 2 1 0 -1 -2 2 1 0 -1 -2 2 1 0 -1 -2 2 1 0 -1 -2 2 1 0 -1 -2 2 1 0 -1 -2 2 1 0 -1 -2 2 1 0 -1 -2 2 1 0 -1 -2 2 1 0 -1 -2 2 1 0 -1 -2 2 1 0 -1 -2 2 1 0 -1 -2 2 1 0 -1 -2 2 1 0 -1 -2 2 1 0 -1 -2 2 1 0 -1 -2 2 1 0 -1 -2 2 1 0 -1 -2 2 1 0 -1 -2 2 1 0 -1 -2 2 1 0 -1 -2 2 1 0 -1 -2 2 1 0 -1 -2 2 1 0 -1 -2 2 1 0 -1 -2 2 1 0 -1 -2 2 1 0 -1 -2 2 1 0 -1 -2 2 1 0 -1 -2 2 1 0 -1 -2 2 1 0 -1 -2 2 1 0 -1 -2 2 1 0 -1 -2 2 1 0 -1 -2 2 1 0 -1 -2 2 1 0 -1 -2 2 1 0 -1 -2 2 1 0 602 -2 2 1
2 2 2 2 2 2 2 2 2 2 2 2 2 2 2 2 2 2 2 2 2 2 2 2 2 2 2 2 2 2 2 2 2 2 2 2 2 2 2 2 2 2 2 2 2 2 2 2 2 2 2 2 2 2 2 2 2 2 2 2 2 2 2 2 2 2 2 2 2 2 2 2 2 2 2 2 2 2 2 2 2 2 2 2 2 2 2 2 2 2 2 2 2 2 2 2 2 2 2 2 2 2 2 2 2 2 2 2 2 2 2 2 2 2 2 2 2 2 2 2 2 2 2 2 2 2 2 2 2 2 2 2 2 2 2 2 2 2 2 2 2 2 2 2 2 2 2 2 2 2 2 2 2 2 2 2 2 2 2 2 2 2 2 2 2 2 2 2 2 2 2 2 2 2 2 2 2 2 2 2 2 2 2 2 2 2 2 2 2 2 2 2 2 2 2 2 2 2 2 2 2 2 2 2 2 2 2 2 2 2 2 2 2 2 2 2 2 2 2 2 2 2 2 2 2 2 2 2 2 2 2 2 2 2 2 2 2 2 2 2 2 2 2 2 2 2 2 2 2 2 2 2 2 2 2 2 2 2 2 2 2 2 2 2 2 2 2 2 2 2 2 2 2 2 2 2 2 2 2 2 2 2 2 2 2 2 2 2 2 2 2 2 2 2 2 2 2 2 2 2 2 2 2 2 2 2 2 2 2 2 2 2 2 2 2 2 2 2 2 2 2 2 2 2 2 2 2 2 2 2 2 2 2 2 2 2 2 2 2 2 2 2 2 2 2 2 2 2 2 2 2 2 2 2 2 2 2 2 2 2 2 2 2 2 2 2 2 2 2 2 2 2 2 2 2 2 2 2 2 2 2 2 2 2 2 2 2 2 2 2 2 2 2 2 2 2 2 2 2 2 2 2 2 2 2 2 2 2 2 2 2 2 2 2 2 2 2 2 2 2 2 2 2 2 2 2 2 2 2 2 2 2 2 2 2 2 2 2 2 2 2 2 2 2 2 2 2 2 2 2 2 2 2 2 2 2 2 2 2 2 2 2 2 2 2 2 2 2 2 2 2 2 2 2 2 2 2 2 2 2 2 2 2 2 2 2 2 2 2 2 2 2 2 2 2 2 2 1001 2 2
-1 0 1 2 -2 -1 0 1 2 -2 -1 0 1 2 -2 -1 0 1 2 -2 -1 0 1 2 -2 -1 0 1 2 -2 -1 0 1 2 -2 -1 0 1 2 -2 -1 0 1 2 -2 -1 0 1 2 -2 -1 0 1 2 -2 -1 0 1 2 -2 -1 0 1 2 -2 -1 0 1 2 -2 -1 0 1 2 -2 -1 0 1 2 -2 -1 0 1 2 -2 -1 0 1 2 -2 -1 0 1 2 -2 -1 0 1 2 -2 -1 0 1 2 -2 -1 0 1 2 -2 -1 0 1 2 -2 -1 0 1 2 -2 -1 0 1 2 -2 -1 0 1 2 -2 -1 0 1 2 -2 -1 0 1 2 -2 -1 0 1 2 -2 -1 0 1 2 -2 -1 0 1 2 -2 -1 0 1 2 -2 -1 0 1 2 -2 -1 0 1 2 -2 -1 0 1 2 -2 -1 0 1 2 -2 -1 0 1 2 -2 -1 0 1 2 -2 -1 0 1 2 -2 -1 0 1 2 -2 -1 0 1 2 -2 -1 0 1 2 -2 -1 0 1 2 -2 -1 0 1 2 -2 -1 0 1 2 -2 -1 0 1 2 -2 -1 0 1 2 -2 -1 0 1 2 -2 -1 0 1 2 -2 -1 0 1 2 -2 -1 0 1 2 -2 -1 0 1 2 -2 -1 0 1 2 -2 -1 0 1 2 -2 -1 0 1 2 -2 -1 0 1 2 -2 -1 0 1 2 -2 -1 0 1 2 -2 -1 0 1 2 -2 -1 0 1 2 -2 -1 0 1 2 -2 -1 0 1 2 -2 -1 0 1 2 -2 -1 0 1 2 -2 -1 0 1 2 -2 -1 0 1 2 -2 -1 0 1 2 -2 -1 0 1 2 -2 -1 0 1 2 -2 -1 0 1 2 -2 -1 0 1 2 -2 -1 0 1 2 -2 -1 0 1 2 -2 -1 0 1 2 -2 -1 0 1 2 -2 -1 0 1 2 -2 -1 0 1 2 -2 -1 0 1 2 -2 -1 0 1 2 -2 -1 0 1 2 -2 -1 0 1 2 -2 -1 0 1 2 -2 -1 0 1 2 -2 -1 0 1 2 -2 -1 0 1 2 -2 -1 0 1 2 -2 -1 0 1 2 -2 -1 0 1 2 -2 -1 0 1 2 -2 -1 0 1 2 -2 -1 0 1 2 -2 -1 0 1 2 -2 -1 0 1 2 -2 -1 0 1 2 -2 -1 0 1 2 -2 -1 0 1 2 -2 -1 0 1 2 -2 -1 0 1 2 -2 -1 0 1 2 -2 -1 0 1 601 -2
1 -2 0 2 -1 1 -2 0 2 -1 1 -2 0 2 -1 1 -2 0 2 -1 1 -2 0 2 -1 1 -2 0 2 -1 1 -2 0 2 -1 1 -2 0 2 -1 1 -2 0 2 -1 1 -2 0 2 -1 1 -2 0 2 -1 1 -2 0 2 -1 1 -2 0 2 -1 1 -2 0 2 -1 1 -2 0 2 -1 1 -2 0 2 -1 1 -2 0 2 -1 1 -2 0 2 -1 1 -2 0 2 -1 1 -2 0 2 -1 1 -2 0 2 -1 1 -2 0 2 -1 1 -2 0 2 -1 1 -2 0 2 -1 1 -2 0 2 -1 1 -2 0 2 -1 1 -2 0 2 -1 1 -2 0 2 -1 1 -2 0 2 -1 1 -2 0 2 -1 1 -2 0 2 -1 1 -2 0 2 -1 1 -2 0 2 -1 1 -2 0 2 -1 1 -2 0 2 -1 1 -2 0 2 -1 1 -2 0 2 -1 1 -2 0 2 -1 1 -2 0 2 -1 1 -2 0 2 -1 1 -2 0 2 -1 1 -2 0 2 -1 1 -2 0 2 -1 1 -2 0 2 -1 1 -2 0 2 -1 1 -2 0 2 -1 1 -2 0 2 -1 1 -2 0 2 -1 1 -2 0 2 -1 1 -2 0 2 -1 1 -2 0 2 -1 1 -2 0 2 -1 1 -2 0 2 -1 1 -2 0 2 -1 1 -2 0 2 -1 1 -2 0 2 -1 1 -2 0 2 -1 1 -2 0 2 -1 1 -2 0 2 -1 1 -2 0 2 -1 1 -2 0 2 -1 1 -2 0 2 -1 1 -2 0 2 -1 1 -2 0 2 -1 1 -2 0 2 -1 1 -2 0 2 -1 1 -2 0 2 -1 1 -2 0 2 -1 1 -2 0 2 -1 1 -2 0 2 -1 1 -2 0 2 -1 1 -2 0 2 -1 1 -2 0 2 -1 1 -2 0 2 -1 1 -2 0 2 -1 1 -2 0 2 -1 1 -2 0 2 -1 1 -2 0 2 -1 1 -2 0 2 -1 1 -2 0 2 -1 1 -2 0 2 -1 1 -2 0 2 -1 1 -2 0 2 -1 1 -2 0 2 -1 1 -2 0 2 -1 1 -2 0 2 -1 1 -2 0 2 -1 1 -2 0 2 -1 1 -2 0 2 -1 1 -2 0 2 -1 1 -2 0 2 -1 1 -2 0 2 -1 1 -2 0 2 -1 1 -2 0 2 -1 1 -2 0 2 -1 1 -2 0 2 -1 1 -2 0 2 -1 1 -2 0 2 -1 1 -2 0 2 -1 1 -2 0 2 602
B 0 0
input 500
0 0 0 0 0 0 0 0 0 0 0 0 0 0 0 0 0 0 0 0 0 0 0 0 0 0 0 0 0 0 0 0 0 0 0 0 0 0 0 0 0 0 0 0 0 0 0 0 0 0 0 0 0 0 0 0 0 0 0 0 0 0 0 0 0 0 0 0 0 0 0 0 0 0 0 0 0 0 0 0 0 0 0 0 0 0 0 0 0 0 0 0 0 0 0 0 0 0 0 0 0 0 0 0 0 0 0 0 0 0 0 0 0 0 0 0 0 0 0 0 0 0 0 0 0 0 0 0 0 0 0 0 0 0 0 0 0 0 0 0 0 0 0 0 0 0 0 0 0 0 0 0 0 0 0 0 0 0 0 0 0 0 0 0 0 0 0 0 0 0 0 0 0 0 0 0 0 0 0 0 0 0 0 0 0 0 0 0 0 0 0 0 0 0 0 0 0 0 0 0 0 0 0 0 0 0 0 0 0 0 0 0 0 0 0 0 0 0 0 0 0 0 0 0 0 0 0 0 0 0 0 0 0 0 0 0 0 0 0 0 0 0 0 0 0 0 0 0 0 0 0 0 0 0 0 0 0 0 0 0 0 0 0 0 0 0 0 0 0 0 0 0 0 0 0 0 0 0 0 0 0 0 0 0 0 0 0 0 0 0 0 0 0 0 0 0 0 0 0 0 0 0 0 0 0 0 0 0 0 0 0 0 0 0 0 0 0 0 0 0 0 0 0 0 0 0 0 0 0 0 0 0 0 0 0 0 0 0 0 0 0 0 0 0 0 0 0 0 0 0 0 0 0 0 0 0 0 0 0 0 0 0 0 0 0 0 0 0 0 0 0 0 0 0 0 0 0 0 0 0 0 0 0 0 0 0 0 0 0 0 0 0 0 0 0 0 0 0 0 0 0 0 0 0 0 0 0 0 0 0 0 0 0 0 0 0 0 0 0 0 0 0 0 0 0 0 0 0 0 0 0 0 0 0 0 0 0 0 0 0 0 0 0 0 0 0 0 0 0 0 0 0 0 0 0 0 0 0 0 0 0 0 0 0 0 0 0 0 0 0 0 0 0 0 0 0 0 0 0 0 0 0 0 0 0 0 0 0 0 0 0 0 0 0 0 0 0 0 0 0
expected 500
0 0 0 0 0 0 0 0 0 0 0 0 0 0 0 0 0 0 0 0 0 0 0 0 0 0 0 0 0 0 0 0 0 0 0 0 0 0 0 0 0 0 0 0 0 0 0 0 0 0 0 0 0 0 0 0 0 0 0 0 0 0 0 0 0 0 0 0 0 0 0 0 0 0 0 0 0 0 0 0 0 0 0 0 0 0 0 0 0 0 0 0 0 0 0 0 0 0 0 0 0 0 0 0 0 0 0 0 0 0 0 0 0 0 0 0 0 0 0 0 0 0 0 0 0 0 0 0 0 0 0 0 0 0 0 0 0 0 0 0 0 0 0 0 0 0 0 0 0 0 0 0 0 0 0 0 0 0 0 0 0 0 0 0 0 0 0 0 0 0 0 0 0 0 0 0 0 0 0 0 0 0 0 0 0 0 0 0 0 0 0 0 0 0 0 0 0 0 0 0 0 0 0 0 0 0 0 0 0 0 0 0 0 0 0 0 0 0 0 0 0 0 0 0 0 0 0 0 0 0 0 0 0 0 0 0 0 0 0 0 0 0 0 0 0 0 0 0 0 0 0 0 0 0 0 0 0 0 0 0 0 0 0 0 0 0 0 0 0 0 0 0 0 0 0 0 0 0 0 0 0 0 0 0 0 0 0 0 0 0 0 0 0 0 0 0 0 0 0 0 0 0 0 0 0 0 0 0 0 0 0 0 0 0 0 0 0 0 0 0 0 0 0 0 0 0 0 0 0 0 0 0 0 0 0 0 0 0 0 0 0 0 0 0 0 0 0 0 0 0 0 0 0 0 0 0 0 0 0 0 0 0 0 0 0 0 0 0 0 0 0 0 0 0 0 0 0 0 0 0 0 0 0 0 0 0 0 0 0 0 0 0 0 0 0 0 0 0 0 0 0 0 0 0 0 0 0 0 0 0 0 0 0 0 0 0 0 0 0 0 0 0 0 0 0 0 0 0 0 0 0 0 0 0 0 0 0 0 0 0 0 0 0 0 0 0 0 0 0 0 0 0 0 0 0 0 0 0 0 0 0 0 0 0 0 0 0 0 0 0 0 0 0 0 0 0 0 0 0 0 0 0 0 0 0 0 0 0 0 0 0 0 0 0 0 0 0 0 0 0
end
