LAB1 1
name "Rectangular matrix-vector product (700 x 500)"
task 1
outcomes 0 0
limits 1e-12 1e-09 0.05 40
A 700 500
-6 5 3 1 -1 -3 -5 6 4 2 0 -2 -4 -6 5 3 1 -1 -3 -5 6 4 2 0 -2 -4 -6 5 3 1 -1 -3 -5 6 4 2 0 -2 -4 -6 5 3 1 -1 -3 -5 6 4 2 0 -2 -4 -6 5 3 1 -1 -3 -5 6 4 2 0 -2 -4 -6 5 3 1 -1 -3 -5 6 4 2 0 -2 -4 -6 5 3 1 -1 -3 -5 6 4 2 0 -2 -4 -6 5 3 1 -1 -3 -5 6 4 2 0 -2 -4 -6 5 3 1 -1 -3 -5 6 4 2 0 -2 -4 -6 5 3 1 -1 -3 -5 6 4 2 0 -2 -4 -6 5 3 1 -1 -3 -5 6 4 2 0 -2 -4 -6 5 3 1 -1 -3 -5 6 4 2 0 -2 -4 -6 5 3 1 -1 -3 -5 6 4 2 0 -2 -4 -6 5 3 1 -1 -3 -5 6 4 2 0 -2 -4 -6 5 3 1 -1 -3 -5 6 4 2 0 -2 -4 -6 5 3 1 -1 -3 -5 6 4 2 0 -2 -4 -6 5 3 1 -1 -3 -5 6 4 2 0 -2 -4 -6 5 3 1 -1 -3 -5 6 4 2 0 -2 -4 -6 5 3 1 -1 -3 -5 6 4 2 0 -2 -4 -6 5 3 1 -1 -3 -5 6 4 2 0 -2 -4 -6 5 3 1 -1 -3 -5 6 4 2 0 -2 -4 -6 5 3 1 -1 -3 -5 6 4 2 0 -2 -4 -6 5 3 1 -1 -3 -5 6 4 2 0 -2 -4 -6 5 3 1 -1 -3 -5 6 4 2 0 -2 -4 -6 5 3 1 -1 -3 -5 6 4 2 0 -2 -4 -6 5 3 1 -1 -3 -5 6 4 2 0 -2 -4 -6 5 3 1 -1 -3 -5 6 4 2 0 -2 -4 -6 5 3 1 -1 -3 -5 6 4 2 0 -2 -4 -6 5 3 1 -1 -3 -5 6 4 2 0 -2 -4 -6 5 3 1 -1 -3 -5 6 4 2 0 -2 -4 -6 5 3 1 -1 -3 -5 6 4 2 0 -2 -4 -6 5 3 1 -1 -3 -5 6 4 2 0 -2 -4 -6 5 3 1 -1 -3 -5 6 4 2 0 -2 -4 -6 5 3 1 -1 -3 -5 6 4 2 0 -2 -4 -6 5 3 1 -1 -3 -5 6 4 2 0 -2 -4 -6 5 3 1 -1 -3 -5 6 4 2 0 -2 -4 -6 5 3 1 -1 -3 -5 6 4 2 0 -2 -4 -6 5 3 1 -1 -3 -5 6 4 2 0 -2 -4 -6 5 3 1 -1 -3
1 -1 -3 -5 6 4 2 0 -2 -4 -6 5 3 1 -1 -3 -5 6 4 2 0 -2 -4 -6 5 3 1 -1 -3 -5 6 4 2 0 -2 -4 -6 5 3 1 -1 -3 -5 6 4 2 0 -2 -4 -6 5 3 1 -1 -3 -5 6 4 2 0 -2 -4 -6 5 3 1 -1 -3 -5 6 4 2 0 -2 -4 -6 5 3 1 -1 -3 -5 6 4 2 0 -2 -4 -6 5 3 1 -1 -3 -5 6 4 2 0 -2 -4 -6 5 3 1 -1 -3 -5 6 4 2 0 -2 -4 -6 5 3 1 -1 -3 -5 6 4 2 0 -2 -4 -6 5 3 1 -1 -3 -5 6 4 2 0 -2 -4 -6 5 3 1 -1 -3 -5 6 4 2 0 -2 -4 -6 5 3 1 -1 -3 -5 6 4 2 0 -2 -4 -6 5 3 1 -1 -3 -5 6 4 2 0 -2 -4 -6 5 3 1 -1 -3 -5 6 4 2 0 -2 -4 -6 5 3 1 -1 -3 -5 6 4 2 0 -2 -4 -6 5 3 1 -1 -3 -5 6 4 2 0 -2 -4 -6 5 3 1 -1 -3 -5 6 4 2 0 -2 -4 -6 5 3 1 -1 -3 -5 6 4 2 0 -2 -4 -6 5 3 1 -1 -3 -5 6 4 2 0 -2 -4 -6 5 3 1 -1 -3 -5 6 4 2 0 -2 -4 -6 5 3 1 -1 -3 -5 6 4 2 0 -2 -4 -6 5 3 1 -1 -3 -5 6 4 2 0 -2 -4 -6 5 3 1 -1 -3 -5 6 4 2 0 -2 -4 -6 5 3 1 -1 -3 -5 6 4 2 0 -2 -4 -6 5 3 1 -1 -3 -5 6 4 2 0 -2 -4 -6 5 3 1 -1 -3 -5 6 4 2 0 -2 -4 -6 5 3 1 -1 -3 -5 6 4 2 0 -2 -4 -6 5 3 1 -1 -3 -5 6 4 2 0 -2 -4 -6 5 3 1 -1 -3 -5 6 4 2 0 -2 -4 -6 5 3 1 -1 -3 -5 6 4 2 0 -2 -4 -6 5 3 1 -1 -3 -5 6 4 2 0 -2 -4 -6 5 3 1 -1 -3 -5 6 4 2 0 -2 -4 -6 5 3 1 -1 -3 -5 6 4 2 0 -2 -4 -6 5 3 1 -1 -3 -5 6 4 2 0 -2 -4 -6 5 3 1 -1 -3 -5 6 4 2 0 -2 -4 -6 5 3 1 -1 -3 -5 6 4 2 0 -2 -4 -6 5 3 1 -1 -3 -5 6 4 2 0 -2 -4 -6 5 3 1 -1 -3 -5 6 4
-5 6 4 2 0 -2 -4 -6 5 3 1 -1 -3 -5 6 4 2 0 -2 -4 -6 5 3 1 -1 -3 -5 6 4 2 0 -2 -4 -6 5 3 1 -1 -3 -5 6 4 2 0 -2 -4 -6 5 3 1 -1 -3 -5 6 4 2 0 -2 -4 -6 5 3 1 -1 -3 -5 6 4 2 0 -2 -4 -6 5 3 1 -1 -3 -5 6 4 2 0 -2 -4 -6 5 3 1 -1 -3 -5 6 4 2 0 -2 -4 -6 5 3 1 -1 -3 -5 6 4 2 0 -2 -4 -6 5 3 1 -1 -3 -5 6 4 2 0 -2 -4 -6 5 3 1 -1 -3 -5 6 4 2 0 -2 -4 -6 5 3 1 -1 -3 -5 6 4 2 0 -2 -4 -6 5 3 1 -1 -3 -5 6 4 2 0 -2 -4 -6 5 3 1 -1 -3 -5 6 4 2 0 -2 -4 -6 5 3 1 -1 -3 -5 6 4 2 0 -2 -4 -6 5 3 1 -1 -3 -5 6 4 2 0 -2 -4 -6 5 3 1 -1 -3 -5 6 4 2 0 -2 -4 -6 5 3 1 -1 -3 -5 6 4 2 0 -2 -4 -6 5 3 1 -1 -3 -5 6 4 2 0 -2 -4 -6 5 3 1 -1 -3 -5 6 4 2 0 -2 -4 -6 5 3 1 -1 -3 -5 6 4 2 0 -2 -4 -6 5 3 1 -1 -3 -5 6 4 2 0 -2 -4 -6 5 3 1 -1 -3 -5 6 4 2 0 -2 -4 -6 5 3 1 -1 -3 -5 6 4 2 0 -2 -4 -6 5 3 1 -1 -3 -5 6 4 2 0 -2 -4 -6 5 3 1 -1 -3 -5 6 4 2 0 -2 -4 -6 5 3 1 -1 -3 -5 6 4 2 0 -2 -4 -6 5 3 1 -1 -3 -5 6 4 2 0 -2 -4 -6 5 3 1 -1 -3 -5 6 4 2 0 -2 -4 -6 5 3 1 -1 -3 -5 6 4 2 0 -2 -4 -6 5 3 1 -1 -3 -5 6 4 2 0 -2 -4 -6 5 3 1 -1 -3 -5 6 4 2 0 -2 -4 -6 5 3 1 -1 -3 -5 6 4 2 0 -2 -4 -6 5 3 1 -1 -3 -5 6 4 2 0 -2 -4 -6 5 3 1 -1 -3 -5 6 4 2 0 -2 -4 -6 5 3 1 -1 -3 -5 6 4 2 0 -2 -4 -6 5 3 1 -1 -3 -5 6 4 2 0 -2 -4 -6 5 3 1 -1 -3 -5 6 4 2 0 -2 -4 -6 5 3 1 -1 -3 -5 6 4 2 0 -2
2 0 -2 -4 -6 5 3 1 -1 -3 -5 6 4 2 0 -2 -4 -6 5 3 1 -1 -3 -5 6 4 2 0 -2 -4 -6 5 3 1 -1 -3 -5 6 4 2 0 -2 -4 -6 5 3 1 -1 -3 -5 6 4 2 0 -2 -4 -6 5 3 1 -1 -3 -5 6 4 2 0 -2 -4 -6 5 3 1 -1 -3 -5 6 4 2 0 -2 -4 -6 5 3 1 -1 -3 -5 6 4 2 0 -2 -4 -6 5 3 1 -1 -3 -5 6 4 2 0 -2 -4 -6 5 3 1 -1 -3 -5 6 4 2 0 -2 -4 -6 5 3 1 -1 -3 -5 6 4 2 0 -2 -4 -6 5 3 1 -1 -3 -5 6 4 2 0 -2 -4 -6 5 3 1 -1 -3 -5 6 4 2 0 -2 -4 -6 5 3 1 -1 -3 -5 6 4 2 0 -2 -4 -6 5 3 1 -1 -3 -5 6 4 2 0 -2 -4 -6 5 3 1 -1 -3 -5 6 4 2 0 -2 -4 -6 5 3 1 -1 -3 -5 6 4 2 0 -2 -4 -6 5 3 1 -1 -3 -5 6 4 2 0 -2 -4 -6 5 3 1 -1 -3 -5 6 4 2 0 -2 -4 -6 5 3 1 -1 -3 -5 6 4 2 0 -2 -4 -6 5 3 1 -1 -3 -5 6 4 2 0 -2 -4 -6 5 3 1 -1 -3 -5 6 4 2 0 -2 -4 -6 5 3 1 -1 -3 -5 6 4 2 0 -2 -4 -6 5 3 1 -1 -3 -5 6 4 2 0 -2 -4 -6 5 3 1 -1 -3 -5 6 4 2 0 -2 -4 -6 5 3 1 -1 -3 -5 6 4 2 0 -2 -4 -6 5 3 1 -1 -3 -5 6 4 2 0 -2 -4 -6 5 3 1 -1 -3 -5 6 4 2 0 -2 -4 -6 5 3 1 -1 -3 -5 6 4 2 0 -2 -4 -6 5 3 1 -1 -3 -5 6 4 2 0 -2 -4 -6 5 3 1 -1 -3 -5 6 4 2 0 -2 -4 -6 5 3 1 -1 -3 -5 6 4 2 0 -2 -4 -6 5 3 1 -1 -3 -5 6 4 2 0 -2 -4 -6 5 3 1 -1 -3 -5 6 4 2 0 -2 -4 -6 5 3 1 -1 -3 -5 6 4 2 0 -2 -4 -6 5 3 1 -1 -3 -5 6 4 2 0 -2 -4 -6 5 3 1 -1 -3 -5 6 4 2 0 -2 -4 -6 5 3 1 -1 -3 -5 6 4 2 0 -2 -4 -6 5 3 1 -1 -3 -5 6 4 2 0 -2 -4 -6 5
-4 -6 5 3 1 -1 -3 -5 6 4 2 0 -2 -4 -6 5 3 1 -1 -3 -5 6 4 2 0 -2 -4 -6 5 3 1 -1 -3 -5 6 4 2 0 -2 -4 -6 5 3 1 -1 -3 -5 6 4 2 0 -2 -4 -6 5 3 1 -1 -3 -5 6 4 2 0 -2 -4 -6 5 3 1 -1 -3 -5 6 4 2 0 -2 -4 -6 5 3 1 -1 -3 -5 6 4 2 0 -2 -4 -6 5 3 1 -1 -3 -5 6 4 2 0 -2 -4 -6 5 3 1 -1 -3 -5 6 4 2 0 -2 -4 -6 5 3 1 -1 -3 -5 6 4 2 0 -2 -4 -6 5 3 1 -1 -3 -5 6 4 2 0 -2 -4 -6 5 3 1 -1 -3 -5 6 4 2 0 -2 -4 -6 5 3 1 -1 -3 -5 6 4 2 0 -2 -4 -6 5 3 1 -1 -3 -5 6 4 2 0 -2 -4 -6 5 3 1 -1 -3 -5 6 4 2 0 -2 -4 -6 5 3 1 -1 -3 -5 6 4 2 0 -2 -4 -6 5 3 1 -1 -3 -5 6 4 2 0 -2 -4 -6 5 3 1 -1 -3 -5 6 4 2 0 -2 -4 -6 5 3 1 -1 -3 -5 6 4 2 0 -2 -4 -6 5 3 1 -1 -3 -5 6 4 2 0 -2 -4 -6 5 3 1 -1 -3 -5 6 4 2 0 -2 -4 -6 5 3 1 -1 -3 -5 6 4 2 0 -2 -4 -6 5 3 1 -1 -3 -5 6 4 2 0 -2 -4 -6 5 3 1 -1 -3 -5 6 4 2 0 -2 -4 -6 5 3 1 -1 -3 -5 6 4 2 0 -2 -4 -6 5 3 1 -1 -3 -5 6 4 2 0 -2 -4 -6 5 3 1 -1 -3 -5 6 4 2 0 -2 -4 -6 5 3 1 -1 -3 -5 6 4 2 0 -2 -4 -6 5 3 1 -1 -3 -5 6 4 2 0 -2 -4 -6 5 3 1 -1 -3 -5 6 4 2 0 -2 -4 -6 5 3 1 -1 -3 -5 6 4 2 0 -2 -4 -6 5 3 1 -1 -3 -5 6 4 2 0 -2 -4 -6 5 3 1 -1 -3 -5 6 4 2 0 -2 -4 -6 5 3 1 -1 -3 -5 6 4 2 0 -2 -4 -6 5 3 1 -1 -3 -5 6 4 2 0 -2 -4 -6 5 3 1 -1 -3 -5 6 4 2 0 -2 -4 -6 5 3 1 -1 -3 -5 6 4 2 0 -2 -4 -6 5 3 1 -1 -3 -5 6 4 2 0 -2 -4 -6 5 3 1 -1
3 1 -1 -3 -5 6 4 2 0 -2 -4 -6 5 3 1 -1 -3 -5 6 4 2 0 -2 -4 -6 5 3 1 -1 -3 -5 6 4 2 0 -2 -4 -6 5 3 1 -1 -3 -5 6 4 2 0 -2 -4 -6 5 3 1 -1 -3 -5 6 4 2 0 -2 -4 -6 5 3 1 -1 -3 -5 6 4 2 0 -2 -4 -6 5 3 1 -1 -3 -5 6 4 2 0 -2 -4 -6 5 3 1 -1 -3 -5 6 4 2 0 -2 -4 -6 5 3 1 -1 -3 -5 6 4 2 0 -2 -4 -6 5 3 1 -1 -3 -5 6 4 2 0 -2 -4 -6 5 3 1 -1 -3 -5 6 4 2 0 -2 -4 -6 5 3 1 -1 -3 -5 6 4 2 0 -2 -4 -6 5 3 1 -1 -3 -5 6 4 2 0 -2 -4 -6 5 3 1 -1 -3 -5 6 4 2 0 -2 -4 -6 5 3 1 -1 -3 -5 6 4 2 0 -2 -4 -6 5 3 1 -1 -3 -5 6 4 2 0 -2 -4 -6 5 3 1 -1 -3 -5 6 4 2 0 -2 -4 -6 5 3 1 -1 -3 -5 6 4 2 0 -2 -4 -6 5 3 1 -1 -3 -5 6 4 2 0 -2 -4 -6 5 3 1 -1 -3 -5 6 4 2 0 -2 -4 -6 5 3 1 -1 -3 -5 6 4 2 0 -2 -4 -6 5 3 1 -1 -3 -5 6 4 2 0 -2 -4 -6 5 3 1 -1 -3 -5 6 4 2 0 -2 -4 -6 5 3 1 -1 -3 -5 6 4 2 0 -2 -4 -6 5 3 1 -1 -3 -5 6 4 2 0 -2 -4 -6 5 3 1 -1 -3 -5 6 4 2 0 -2 -4 -6 5 3 1 -1 -3 -5 6 4 2 0 -2 -4 -6 5 3 1 -1 -3 -5 6 4 2 0 -2 -4 -6 5 3 1 -1 -3 -5 6 4 2 0 -2 -4 -6 5 3 1 -1 -3 -5 6 4 2 0 -2 -4 -6 5 3 1 -1 -3 -5 6 4 2 0 -2 -4 -6 5 3 1 -1 -3 -5 6 4 2 0 -2 -4 -6 5 3 1 -1 -3 -5 6 4 2 0 -2 -4 -6 5 3 1 -1 -3 -5 6 4 2 0 -2 -4 -6 5 3 1 -1 -3 -5 6 4 2 0 -2 -4 -6 5 3 1 -1 -3 -5 6 4 2 0 -2 -4 -6 5 3 1 -1 -3 -5 6 4 2 0 -2 -4 -6 5 3 1 -1 -3 -5 6 4 2 0 -2 -4 -6 5 3 1 -1 -3 -5 6
-3 -5 6 4 2 0 -2 -4 -6 5 3 1 -1 -3 -5 6 4 2 0 -2 -4 -6 5 3 1 -1 -3 -5 6 4 2 0 -2 -4 -6 5 3 1 -1 -3 -5 6 4 2 0 -2 -4 -6 5 3 1 -1 -3 -5 6 4 2 0 -2 -4 -6 5 3 1 -1 -3 -5 6 4 2 0 -2 -4 -6 5 3 1 -1 -3 -5 6 4 2 0 -2 -4 -6 5 3 1 -1 -3 -5 6 4 2 0 -2 -4 -6 5 3 1 -1 -3 -5 6 4 2 0 -2 -4 -6 5 3 1 -1 -3 -5 6 4 2 0 -2 -4 -6 5 3 1 -1 -3 -5 6 4 2 0 -2 -4 -6 5 3 1 -1 -3 -5 6 4 2 0 -2 -4 -6 5 3 1 -1 -3 -5 6 4 2 0 -2 -4 -6 5 3 1 -1 -3 -5 6 4 2 0 -2 -4 -6 5 3 1 -1 -3 -5 6 4 2 0 -2 -4 -6 5 3 1 -1 -3 -5 6 4 2 0 -2 -4 -6 5 3 1 -1 -3 -5 6 4 2 0 -2 -4 -6 5 3 1 -1 -3 -5 6 4 2 0 -2 -4 -6 5 3 1 -1 -3 -5 6 4 2 0 -2 -4 -6 5 3 1 -1 -3 -5 6 4 2 0 -2 -4 -6 5 3 1 -1 -3 -5 6 4 2 0 -2 -4 -6 5 3 1 -1 -3 -5 6 4 2 0 -2 -4 -6 5 3 1 -1 -3 -5 6 4 2 0 -2 -4 -6 5 3 1 -1 -3 -5 6 4 2 0 -2 -4 -6 5 3 1 -1 -3 -5 6 4 2 0 -2 -4 -6 5 3 1 -1 -3 -5 6 4 2 0 -2 -4 -6 5 3 1 -1 -3 -5 6 4 2 0 -2 -4 -6 5 3 1 -1 -3 -5 6 4 2 0 -2 -4 -6 5 3 1 -1 -3 -5 6 4 2 0 -2 -4 -6 5 3 1 -1 -3 -5 6 4 2 0 -2 -4 -6 5 3 1 -1 -3 -5 6 4 2 0 -2 -4 -6 5 3 1 -1 -3 -5 6 4 2 0 -2 -4 -6 5 3 1 -1 -3 -5 6 4 2 0 -2 -4 -6 5 3 1 -1 -3 -5 6 4 2 0 -2 -4 -6 5 3 1 -1 -3 -5 6 4 2 0 -2 -4 -6 5 3 1 -1 -3 -5 6 4 2 0 -2 -4 -6 5 3 1 -1 -3 -5 6 4 2 0 -2 -4 -6 5 3 1 -1 -3 -5 6 4 2 0 -2 -4 -6 5 3 1 -1 -3 -5 6 4 2 0
4 2 0 -2 -4 -6 5 3 1 -1 -3 -5 6 4 2 0 -2 -4 -6 5 3 1 -1 -3 -5 6 4 2 0 -2 -4 -6 5 3 1 -1 -3 -5 6 4 2 0 -2 -4 -6 5 3 1 -1 -3 -5 6 4 2 0 -2 -4 -6 5 3 1 -1 -3 -5 6 4 2 0 -2 -4 -6 5 3 1 -1 -3 -5 6 4 2 0 -2 -4 -6 5 3 1 -1 -3 -5 6 4 2 0 -2 -4 -6 5 3 1 -1 -3 -5 6 4 2 0 -2 -4 -6 5 3 1 -1 -3 -5 6 4 2 0 -2 -4 -6 5 3 1 -1 -3 -5 6 4 2 0 -2 -4 -6 5 3 1 -1 -3 -5 6 4 2 0 -2 -4 -6 5 3 1 -1 -3 -5 6 4 2 0 -2 -4 -6 5 3 1 -1 -3 -5 6 4 2 0 -2 -4 -6 5 3 1 -1 -3 -5 6 4 2 0 -2 -4 -6 5 3 1 -1 -3 -5 6 4 2 0 -2 -4 -6 5 3 1 -1 -3 -5 6 4 2 0 -2 -4 -6 5 3 1 -1 -3 -5 6 4 2 0 -2 -4 -6 5 3 1 -1 -3 -5 6 4 2 0 -2 -4 -6 5 3 1 -1 -3 -5 6 4 2 0 -2 -4 -6 5 3 1 -1 -3 -5 6 4 2 0 -2 -4 -6 5 3 1 -1 -3 -5 6 4 2 0 -2 -4 -6 5 3 1 -1 -3 -5 6 4 2 0 -2 -4 -6 5 3 1 -1 -3 -5 6 4 2 0 -2 -4 -6 5 3 1 -1 -3 -5 6 4 2 0 -2 -4 -6 5 3 1 -1 -3 -5 6 4 2 0 -2 -4 -6 5 3 1 -1 -3 -5 6 4 2 0 -2 -4 -6 5 3 1 -1 -3 -5 6 4 2 0 -2 -4 -6 5 3 1 -1 -3 -5 6 4 2 0 -2 -4 -6 5 3 1 -1 -3 -5 6 4 2 0 -2 -4 -6 5 3 1 -1 -3 -5 6 4 2 0 -2 -4 -6 5 3 1 -1 -3 -5 6 4 2 0 -2 -4 -6 5 3 1 -1 -3 -5 6 4 2 0 -2 -4 -6 5 3 1 -1 -3 -5 6 4 2 0 -2 -4 -6 5 3 1 -1 -3 -5 6 4 2 0 -2 -4 -6 5 3 1 -1 -3 -5 6 4 2 0 -2 -4 -6 5 3 1 -1 -3 -5 6 4 2 0 -2 -4 -6 5 3 1 -1 -3 -5 6 4 2 0 -2 -4 -6 5 3 1 -1 -3 -5 6 4 2 0 -2 -4 -6
-2 -4 -6 5 3 1 -1 -3 -5 6 4 2 0 -2 -4 -6 5 3 1 -1 -3 -5 6 4 2 0 -2 -4 -6 5 3 1 -1 -3 -5 6 4 2 0 -2 -4 -6 5 3 1 -1 -3 -5 6 4 2 0 -2 -4 -6 5 3 1 -1 -3 -5 6 4 2 0 -2 -4 -6 5 3 1 -1 -3 -5 6 4 2 0 -2 -4 -6 5 3 1 -1 -3 -5 6 4 2 0 -2 -4 -6 5 3 1 -1 -3 -5 6 4 2 0 -2 -4 -6 5 3 1 -1 -3 -5 6 4 2 0 -2 -4 -6 5 3 1 -1 -3 -5 6 4 2 0 -2 -4 -6 5 3 1 -1 -3 -5 6 4 2 0 -2 -4 -6 5 3 1 -1 -3 -5 6 4 2 0 -2 -4 -6 5 3 1 -1 -3 -5 6 4 2 0 -2 -4 -6 5 3 1 -1 -3 -5 6 4 2 0 -2 -4 -6 5 3 1 -1 -3 -5 6 4 2 0 -2 -4 -6 5 3 1 -1 -3 -5 6 4 2 0 -2 -4 -6 5 3 1 -1 -3 -5 6 4 2 0 -2 -4 -6 5 3 1 -1 -3 -5 6 4 2 0 -2 -4 -6 5 3 1 -1 -3 -5 6 4 2 0 -2 -4 -6 5 3 1 -1 -3 -5 6 4 2 0 -2 -4 -6 5 3 1 -1 -3 -5 6 4 2 0 -2 -4 -6 5 3 1 -1 -3 -5 6 4 2 0 -2 -4 -6 5 3 1 -1 -3 -5 6 4 2 0 -2 -4 -6 5 3 1 -1 -3 -5 6 4 2 0 -2 -4 -6 5 3 1 -1 -3 -5 6 4 2 0 -2 -4 -6 5 3 1 -1 -3 -5 6 4 2 0 -2 -4 -6 5 3 1 -1 -3 -5 6 4 2 0 -2 -4 -6 5 3 1 -1 -3 -5 6 4 2 0 -2 -4 -6 5 3 1 -1 -3 -5 6 4 2 0 -2 -4 -6 5 3 1 -1 -3 -5 6 4 2 0 -2 -4 -6 5 3 1 -1 -3 -5 6 4 2 0 -2 -4 -6 5 3 1 -1 -3 -5 6 4 2 0 -2 -4 -6 5 3 1 -1 -3 -5 6 4 2 0 -2 -4 -6 5 3 1 -1 -3 -5 6 4 2 0 -2 -4 -6 5 3 1 -1 -3 -5 6 4 2 0 -2 -4 -6 5 3 1 -1 -3 -5 6 4 2 0 -2 -4 -6 5 3 1 -1 -3 -5 6 4 2 0 -2 -4 -6 5 3 1 -1 -3 -5 6 4 2 0 -2 -4 -6 5 3 1
5 3 1 -1 -3 -5 6 4 2 0 -2 -4 -6 5 3 1 -1 -3 -5 6 4 2 0 -2 -4 -6 5 3 1 -1 -3 -5 6 4 2 0 -2 -4 -6 5 3 1 -1 -3 -5 6 4 2 0 -2 -4 -6 5 3 1 -1 -3 -5 6 4 2 0 -2 -4 -6 5 3 1 -1 -3 -5 6 4 2 0 -2 -4 -6 5 3 1 -1 -3 -5 6 4 2 0 -2 -4 -6 5 3 1 -1 -3 -5 6 4 2 0 -2 -4 -6 5 3 1 -1 -3 -5 6 4 2 0 -2 -4 -6 5 3 1 -1 -3 -5 6 4 2 0 -2 -4 -6 5 3 1 -1 -3 -5 6 4 2 0 -2 -4 -6 5 3 1 -1 -3 -5 6 4 2 0 -2 -4 -6 5 3 1 -1 -3 -5 6 4 2 0 -2 -4 -6 5 3 1 -1 -3 -5 6 4 2 0 -2 -4 -6 5 3 1 -1 -3 -5 6 4 2 0 -2 -4 -6 5 3 1 -1 -3 -5 6 4 2 0 -2 -4 -6 5 3 1 -1 -3 -5 6 4 2 0 -2 -4 -6 5 3 1 -1 -3 -5 6 4 2 0 -2 -4 -6 5 3 1 -1 -3 -5 6 4 2 0 -2 -4 -6 5 3 1 -1 -3 -5 6 4 2 0 -2 -4 -6 5 3 1 -1 -3 -5 6 4 2 0 -2 -4 -6 5 3 1 -1 -3 -5 6 4 2 0 -2 -4 -6 5 3 1 -1 -3 -5 6 4 2 0 -2 -4 -6 5 3 1 -1 -3 -5 6 4 2 0 -2 -4 -6 5 3 1 -1 -3 -5 6 4 2 0 -2 -4 -6 5 3 1 -1 -3 -5 6 4 2 0 -2 -4 -6 5 3 1 -1 -3 -5 6 4 2 0 -2 -4 -6 5 3 1 -1 -3 -5 6 4 2 0 -2 -4 -6 5 3 1 -1 -3 -5 6 4 2 0 -2 -4 -6 5 3 1 -1 -3 -5 6 4 2 0 -2 -4 -6 5 3 1 -1 -3 -5 6 4 2 0 -2 -4 -6 5 3 1 -1 -3 -5 6 4 2 0 -2 -4 -6 5 3 1 -1 -3 -5 6 4 2 0 -2 -4 -6 5 3 1 -1 -3 -5 6 4 2 0 -2 -4 -6 5 3 1 -1 -3 -5 6 4 2 0 -2 -4 -6 5 3 1 -1 -3 -5 6 4 2 0 -2 -4 -6 5 3 1 -1 -3 -5 6 4 2 0 -2 -4 -6 5 3 1 -1 -3 -5 6 4 2 0 -2 -4 -6 5 3 1 -1 -3 -5
-1 -3 -5 6 4 2 0 -2 -4 -6 5 3 1 -1 -3 -5 6 4 2 0 -2 -4 -6 5 3 1 -1 -3 -5 6 4 2 0 -2 -4 -6 5 3 1 -1 -3 -5 6 4 2 0 -2 -4 -6 5 3 1 -1 -3 -5 6 4 2 0 -2 -4 -6 5 3 1 -1 -3 -5 6 4 2 0 -2 -4 -6 5 3 1 -1 -3 -5 6 4 2 0 -2 -4 -6 5 3 1 -1 -3 -5 6 4 2 0 -2 -4 -6 5 3 1 -1 -3 -5 6 4 2 0 -2 -4 -6 5 3 1 -1 -3 -5 6 4 2 0 -2 -4 -6 5 3 1 -1 -3 -5 6 4 2 0 -2 -4 -6 5 3 1 -1 -3 -5 6 4 2 0 -2 -4 -6 5 3 1 -1 -3 -5 6 4 2 0 -2 -4 -6 5 3 1 -1 -3 -5 6 4 2 0 -2 -4 -6 5 3 1 -1 -3 -5 6 4 2 0 -2 -4 -6 5 3 1 -1 -3 -5 6 4 2 0 -2 -4 -6 5 3 1 -1 -3 -5 6 4 2 0 -2 -4 -6 5 3 1 -1 -3 -5 6 4 2 0 -2 -4 -6 5 3 1 -1 -3 -5 6 4 2 0 -2 -4 -6 5 3 1 -1 -3 -5 6 4 2 0 -2 -4 -6 5 3 1 -1 -3 -5 6 4 2 0 -2 -4 -6 5 3 1 -1 -3 -5 6 4 2 0 -2 -4 -6 5 3 1 -1 -3 -5 6 4 2 0 -2 -4 -6 5 3 1 -1 -3 -5 6 4 2 0 -2 -4 -6 5 3 1 -1 -3 -5 6 4 2 0 -2 -4 -6 5 3 1 -1 -3 -5 6 4 2 0 -2 -4 -6 5 3 1 -1 -3 -5 6 4 2 0 -2 -4 -6 5 3 1 -1 -3 -5 6 4 2 0 -2 -4 -6 5 3 1 -1 -3 -5 6 4 2 0 -2 -4 -6 5 3 1 -1 -3 -5 6 4 2 0 -2 -4 -6 5 3 1 -1 -3 -5 6 4 2 0 -2 -4 -6 5 3 1 -1 -3 -5 6 4 2 0 -2 -4 -6 5 3 1 -1 -3 -5 6 4 2 0 -2 -4 -6 5 3 1 -1 -3 -5 6 4 2 0 -2 -4 -6 5 3 1 -1 -3 -5 6 4 2 0 -2 -4 -6 5 3 1 -1 -3 -5 6 4 2 0 -2 -4 -6 5 3 1 -1 -3 -5 6 4 2 0 -2 -4 -6 5 3 1 -1 -3 -5 6 4 2 0 -2 -4 -6 5 3 1 -1 -3 -5 6 4 2
6 4 2 0 -2 -4 -6 5 3 1 -1 -3 -5 6 4 2 0 -2 -4 -6 5 3 1 -1 -3 -5 6 4 2 0 -2 -4 -6 5 3 1 -1 -3 -5 6 4 2 0 -2 -4 -6 5 3 1 -1 -3 -5 6 4 2 0 -2 -4 -6 5 3 1 -1 -3 -5 6 4 2 0 -2 -4 -6 5 3 1 -1 -3 -5 6 4 2 0 -2 -4 -6 5 3 1 -1 -3 -5 6 4 2 0 -2 -4 -6 5 3 1 -1 -3 -5 6 4 2 0 -2 -4 -6 5 3 1 -1 -3 -5 6 4 2 0 -2 -4 -6 5 3 1 -1 -3 -5 6 4 2 0 -2 -4 -6 5 3 1 -1 -3 -5 6 4 2 0 -2 -4 -6 5 3 1 -1 -3 -5 6 4 2 0 -2 -4 -6 5 3 1 -1 -3 -5 6 4 2 0 -2 -4 -6 5 3 1 -1 -3 -5 6 4 2 0 -2 -4 -6 5 3 1 -1 -3 -5 6 4 2 0 -2 -4 -6 5 3 1 -1 -3 -5 6 4 2 0 -2 -4 -6 5 3 1 -1 -3 -5 6 4 2 0 -2 -4 -6 5 3 1 -1 -3 -5 6 4 2 0 -2 -4 -6 5 3 1 -1 -3 -5 6 4 2 0 -2 -4 -6 5 3 1 -1 -3 -5 6 4 2 0 -2 -4 -6 5 3 1 -1 -3 -5 6 4 2 0 -2 -4 -6 5 3 1 -1 -3 -5 6 4 2 0 -2 -4 -6 5 3 1 -1 -3 -5 6 4 2 0 -2 -4 -6 5 3 1 -1 -3 -5 6 4 2 0 -2 -4 -6 5 3 1 -1 -3 -5 6 4 2 0 -2 -4 -6 5 3 1 -1 -3 -5 6 4 2 0 -2 -4 -6 5 3 1 -1 -3 -5 6 4 2 0 -2 -4 -6 5 3 1 -1 -3 -5 6 4 2 0 -2 -4 -6 5 3 1 -1 -3 -5 6 4 2 0 -2 -4 -6 5 3 1 -1 -3 -5 6 4 2 0 -2 -4 -6 5 3 1 -1 -3 -5 6 4 2 0 -2 -4 -6 5 3 1 -1 -3 -5 6 4 2 0 -2 -4 -6 5 3 1 -1 -3 -5 6 4 2 0 -2 -4 -6 5 3 1 -1 -3 -5 6 4 2 0 -2 -4 -6 5 3 1 -1 -3 -5 6 4 2 0 -2 -4 -6 5 3 1 -1 -3 -5 6 4 2 0 -2 -4 -6 5 3 1 -1 -3 -5 6 4 2 0 -2 -4 -6 5 3 1 -1 -3 -5 6 4 2 0 -2 -4
0 -2 -4 -6 5 3 1 -1 -3 -5 6 4 2 0 -2 -4 -6 5 3 1 -1 -3 -5 6 4 2 0 -2 -4 -6 5 3 1 -1 -3 -5 6 4 2 0 -2 -4 -6 5 3 1 -1 -3 -5 6 4 2 0 -2 -4 -6 5 3 1 -1 -3 -5 6 4 2 0 -2 -4 -6 5 3 1 -1 -3 -5 6 4 2 0 -2 -4 -6 5 3 1 -1 -3 -5 6 4 2 0 -2 -4 -6 5 3 1 -1 -3 -5 6 4 2 0 -2 -4 -6 5 3 1 -1 -3 -5 6 4 2 0 -2 -4 -6 5 3 1 -1 -3 -5 6 4 2 0 -2 -4 -6 5 3 1 -1 -3 -5 6 4 2 0 -2 -4 -6 5 3 1 -1 -3 -5 6 4 2 0 -2 -4 -6 5 3 1 -1 -3 -5 6 4 2 0 -2 -4 -6 5 3 1 -1 -3 -5 6 4 2 0 -2 -4 -6 5 3 1 -1 -3 -5 6 4 2 0 -2 -4 -6 5 3 1 -1 -3 -5 6 4 2 0 -2 -4 -6 5 3 1 -1 -3 -5 6 4 2 0 -2 -4 -6 5 3 1 -1 -3 -5 6 4 2 0 -2 -4 -6 5 3 1 -1 -3 -5 6 4 2 0 -2 -4 -6 5 3 1 -1 -3 -5 6 4 2 0 -2 -4 -6 5 3 1 -1 -3 -5 6 4 2 0 -2 -4 -6 5 3 1 -1 -3 -5 6 4 2 0 -2 -4 -6 5 3 1 -1 -3 -5 6 4 2 0 -2 -4 -6 5 3 1 -1 -3 -5 6 4 2 0 -2 -4 -6 5 3 1 -1 -3 -5 6 4 2 0 -2 -4 -6 5 3 1 -1 -3 -5 6 4 2 0 -2 -4 -6 5 3 1 -1 -3 -5 6 4 2 0 -2 -4 -6 5 3 1 -1 -3 -5 6 4 2 0 -2 -4 -6 5 3 1 -1 -3 -5 6 4 2 0 -2 -4 -6 5 3 1 -1 -3 -5 6 4 2 0 -2 -4 -6 5 3 1 -1 -3 -5 6 4 2 0 -2 -4 -6 5 3 1 -1 -3 -5 6 4 2 0 -2 -4 -6 5 3 1 -1 -3 -5 6 4 2 0 -2 -4 -6 5 3 1 -1 -3 -5 6 4 2 0 -2 -4 -6 5 3 1 -1 -3 -5 6 4 2 0 -2 -4 -6 5 3 1 -1 -3 -5 6 4 2 0 -2 -4 -6 5 3 1 -1 -3 -5 6 4 2 0 -2 -4 -6 5 3 1 -1 -3 -5 6 4 2 0 -2 -4 -6 5 3
-6 5 3 1 -1 -3 -5 6 4 2 0 -2 -4 -6 5 3 1 -1 -3 -5 6 4 2 0 -2 -4 -6 5 3 1 -1 -3 -5 6 4 2 0 -2 -4 -6 5 3 1 -1 -3 -5 6 4 2 0 -2 -4 -6 5 3 1 -1 -3 -5 6 4 2 0 -2 -4 -6 5 3 1 -1 -3 -5 6 4 2 0 -2 -4 -6 5 3 1 -1 -3 -5 6 4 2 0 -2 -4 -6 5 3 1 -1 -3 -5 6 4 2 0 -2 -4 -6 5 3 1 -1 -3 -5 6 4 2 0 -2 -4 -6 5 3 1 -1 -3 -5 6 4 2 0 -2 -4 -6 5 3 1 -1 -3 -5 6 4 2 0 -2 -4 -6 5 3 1 -1 -3 -5 6 4 2 0 -2 -4 -6 5 3 1 -1 -3 -5 6 4 2 0 -2 -4 -6 5 3 1 -1 -3 -5 6 4 2 0 -2 -4 -6 5 3 1 -1 -3 -5 6 4 2 0 -2 -4 -6 5 3 1 -1 -3 -5 6 4 2 0 -2 -4 -6 5 3 1 -1 -3 -5 6 4 2 0 -2 -4 -6 5 3 1 -1 -3 -5 6 4 2 0 -2 -4 -6 5 3 1 -1 -3 -5 6 4 2 0 -2 -4 -6 5 3 1 -1 -3 -5 6 4 2 0 -2 -4 -6 5 3 1 -1 -3 -5 6 4 2 0 -2 -4 -6 5 3 1 -1 -3 -5 6 4 2 0 -2 -4 -6 5 3 1 -1 -3 -5 6 4 2 0 -2 -4 -6 5 3 1 -1 -3 -5 6 4 2 0 -2 -4 -6 5 3 1 -1 -3 -5 6 4 2 0 -2 -4 -6 5 3 1 -1 -3 -5 6 4 2 0 -2 -4 -6 5 3 1 -1 -3 -5 6 4 2 0 -2 -4 -6 5 3 1 -1 -3 -5 6 4 2 0 -2 -4 -6 5 3 1 -1 -3 -5 6 4 2 0 -2 -4 -6 5 3 1 -1 -3 -5 6 4 2 0 -2 -4 -6 5 3 1 -1 -3 -5 6 4 2 0 -2 -4 -6 5 3 1 -1 -3 -5 6 4 2 0 -2 -4 -6 5 3 1 -1 -3 -5 6 4 2 0 -2 -4 -6 5 3 1 -1 -3 -5 6 4 2 0 -2 -4 -6 5 3 1 -1 -3 -5 6 4 2 0 -2 -4 -6 5 3 1 -1 -3 -5 6 4 2 0 -2 -4 -6 5 3 1 -1 -3 -5 6 4 2 0 -2 -4 -6 5 3 1 -1 -3 -5 6 4 2 0 -2 -4 -6 5 3 1 -1 -3
1 -1 -3 -5 6 4 2 0 -2 -4 -6 5 3 1 -1 -3 -5 6 4 2 0 -2 -4 -6 5 3 1 -1 -3 -5 6 4 2 0 -2 -4 -6 5 3 1 -1 -3 -5 6 4 2 0 -2 -4 -6 5 3 1 -1 -3 -5 6 4 2 0 -2 -4 -6 5 3 1 -1 -3 -5 6 4 2 0 -2 -4 -6 5 3 1 -1 -3 -5 6 4 2 0 -2 -4 -6 5 3 1 -1 -3 -5 6 4 2 0 -2 -4 -6 5 3 1 -1 -3 -5 6 4 2 0 -2 -4 -6 5 3 1 -1 -3 -5 6 4 2 0 -2 -4 -6 5 3 1 -1 -3 -5 6 4 2 0 -2 -4 -6 5 3 1 -1 -3 -5 6 4 2 0 -2 -4 -6 5 3 1 -1 -3 -5 6 4 2 0 -2 -4 -6 5 3 1 -1 -3 -5 6 4 2 0 -2 -4 -6 5 3 1 -1 -3 -5 6 4 2 0 -2 -4 -6 5 3 1 -1 -3 -5 6 4 2 0 -2 -4 -6 5 3 1 -1 -3 -5 6 4 2 0 -2 -4 -6 5 3 1 -1 -3 -5 6 4 2 0 -2 -4 -6 5 3 1 -1 -3 -5 6 4 2 0 -2 -4 -6 5 3 1 -1 -3 -5 6 4 2 0 -2 -4 -6 5 3 1 -1 -3 -5 6 4 2 0 -2 -4 -6 5 3 1 -1 -3 -5 6 4 2 0 -2 -4 -6 5 3 1 -1 -3 -5 6 4 2 0 -2 -4 -6 5 3 1 -1 -3 -5 6 4 2 0 -2 -4 -6 5 3 1 -1 -3 -5 6 4 2 0 -2 -4 -6 5 3 1 -1 -3 -5 6 4 2 0 -2 -4 -6 5 3 1 -1 -3 -5 6 4 2 0 -2 -4 -6 5 3 1 -1 -3 -5 6 4 2 0 -2 -4 -6 5 3 1 -1 -3 -5 6 4 2 0 -2 -4 -6 5 3 1 -1 -3 -5 6 4 2 0 -2 -4 -6 5 3 1 -1 -3 -5 6 4 2 0 -2 -4 -6 5 3 1 -1 -3 -5 6 4 2 0 -2 -4 -6 5 3 1 -1 -3 -5 6 4 2 0 -2 -4 -6 5 3 1 -1 -3 -5 6 4 2 0 -2 -4 -6 5 3 1 -1 -3 -5 6 4 2 0 -2 -4 -6 5 3 1 -1 -3 -5 6 4 2 0 -2 -4 -6 5 3 1 -1 -3 -5 6 4 2 0 -2 -4 -6 5 3 1 -1 -3 -5 6 4 2 0 -2 -4 -6 5 3 1 -1 -3 -5 6 4
-5 6 4 2 0 -2 -4 -6 5 3 1 -1 -3 -5 6 4 2 0 -2 -4 -6 5 3 1 -1 -3 -5 6 4 2 0 -2 -4 -6 5 3 1 -1 -3 -5 6 4 2 0 -2 -4 -6 5 3 1 -1 -3 -5 6 4 2 0 -2 -4 -6 5 3 1 -1 -3 -5 6 4 2 0 -2 -4 -6 5 3 1 -1 -3 -5 6 4 2 0 -2 -4 -6 5 3 1 -1 -3 -5 6 4 2 0 -2 -4 -6 5 3 1 -1 -3 -5 6 4 2 0 -2 -4 -6 5 3 1 -1 -3 -5 6 4 2 0 -2 -4 -6 5 3 1 -1 -3 -5 6 4 2 0 -2 -4 -6 5 3 1 -1 -3 -5 6 4 2 0 -2 -4 -6 5 3 1 -1 -3 -5 6 4 2 0 -2 -4 -6 5 3 1 -1 -3 -5 6 4 2 0 -2 -4 -6 5 3 1 -1 -3 -5 6 4 2 0 -2 -4 -6 5 3 1 -1 -3 -5 6 4 2 0 -2 -4 -6 5 3 1 -1 -3 -5 6 4 2 0 -2 -4 -6 5 3 1 -1 -3 -5 6 4 2 0 -2 -4 -6 5 3 1 -1 -3 -5 6 4 2 0 -2 -4 -6 5 3 1 -1 -3 -5 6 4 2 0 -2 -4 -6 5 3 1 -1 -3 -5 6 4 2 0 -2 -4 -6 5 3 1 -1 -3 -5 6 4 2 0 -2 -4 -6 5 3 1 -1 -3 -5 6 4 2 0 -2 -4 -6 5 3 1 -1 -3 -5 6 4 2 0 -2 -4 -6 5 3 1 -1 -3 -5 6 4 2 0 -2 -4 -6 5 3 1 -1 -3 -5 6 4 2 0 -2 -4 -6 5 3 1 -1 -3 -5 6 4 2 0 -2 -4 -6 5 3 1 -1 -3 -5 6 4 2 0 -2 -4 -6 5 3 1 -1 -3 -5 6 4 2 0 -2 -4 -6 5 3 1 -1 -3 -5 6 4 2 0 -2 -4 -6 5 3 1 -1 -3 -5 6 4 2 0 -2 -4 -6 5 3 1 -1 -3 -5 6 4 2 0 -2 -4 -6 5 3 1 -1 -3 -5 6 4 2 0 -2 -4 -6 5 3 1 -1 -3 -5 6 4 2 0 -2 -4 -6 5 3 1 -1 -3 -5 6 4 2 0 -2 -4 -6 5 3 1 -1 -3 -5 6 4 2 0 -2 -4 -6 5 3 1 -1 -3 -5 6 4 2 0 -2 -4 -6 5 3 1 -1 -3 -5 6 4 2 0 -2 -4 -6 5 3 1 -1 -3 -5 6 4 2 0 -2
2 0 -2 -4 -6 5 3 1 -1 -3 -5 6 4 2 0 -2 -4 -6 5 3 1 -1 -3 -5 6 4 2 0 -2 -4 -6 5 3 1 -1 -3 -5 6 4 2 0 -2 -4 -6 5 3 1 -1 -3 -5 6 4 2 0 -2 -4 -6 5 3 1 -1 -3 -5 6 4 2 0 -2 -4 -6 5 3 1 -1 -3 -5 6 4 2 0 -2 -4 -6 5 3 1 -1 -3 -5 6 4 2 0 -2 -4 -6 5 3 1 -1 -3 -5 6 4 2 0 -2 -4 -6 5 3 1 -1 -3 -5 6 4 2 0 -2 -4 -6 5 3 1 -1 -3 -5 6 4 2 0 -2 -4 -6 5 3 1 -1 -3 -5 6 4 2 0 -2 -4 -6 5 3 1 -1 -3 -5 6 4 2 0 -2 -4 -6 5 3 1 -1 -3 -5 6 4 2 0 -2 -4 -6 5 3 1 -1 -3 -5 6 4 2 0 -2 -4 -6 5 3 1 -1 -3 -5 6 4 2 0 -2 -4 -6 5 3 1 -1 -3 -5 6 4 2 0 -2 -4 -6 5 3 1 -1 -3 -5 6 4 2 0 -2 -4 -6 5 3 1 -1 -3 -5 6 4 2 0 -2 -4 -6 5 3 1 -1 -3 -5 6 4 2 0 -2 -4 -6 5 3 1 -1 -3 -5 6 4 2 0 -2 -4 -6 5 3 1 -1 -3 -5 6 4 2 0 -2 -4 -6 5 3 1 -1 -3 -5 6 4 2 0 -2 -4 -6 5 3 1 -1 -3 -5 6 4 2 0 -2 -4 -6 5 3 1 -1 -3 -5 6 4 2 0 -2 -4 -6 5 3 1 -1 -3 -5 6 4 2 0 -2 -4 -6 5 3 1 -1 -3 -5 6 4 2 0 -2 -4 -6 5 3 1 -1 -3 -5 6 4 2 0 -2 -4 -6 5 3 1 -1 -3 -5 6 4 2 0 -2 -4 -6 5 3 1 -1 -3 -5 6 4 2 0 -2 -4 -6 5 3 1 -1 -3 -5 6 4 2 0 -2 -4 -6 5 3 1 -1 -3 -5 6 4 2 0 -2 -4 -6 5 3 1 -1 -3 -5 6 4 2 0 -2 -4 -6 5 3 1 -1 -3 -5 6 4 2 0 -2 -4 -6 5 3 1 -1 -3 -5 6 4 2 0 -2 -4 -6 5 3 1 -1 -3 -5 6 4 2 0 -2 -4 -6 5 3 1 -1 -3 -5 6 4 2 0 -2 -4 -6 5 3 1 -1 -3 -5 6 4 2 0 -2 -4 -6 5 3 1 -1 -3 -5 6 4 2 0 -2 -4 -6 5
-4 -6 5 3 1 -1 -3 -5 6 4 2 0 -2 -4 -6 5 3 1 -1 -3 -5 6 4 2 0 -2 -4 -6 5 3 1 -1 -3 -5 6 4 2 0 -2 -4 -6 5 3 1 -1 -3 -5 6 4 2 0 -2 -4 -6 5 3 1 -1 -3 -5 6 4 2 0 -2 -4 -6 5 3 1 -1 -3 -5 6 4 2 0 -2 -4 -6 5 3 1 -1 -3 -5 6 4 2 0 -2 -4 -6 5 3 1 -1 -3 -5 6 4 2 0 -2 -4 -6 5 3 1 -1 -3 -5 6 4 2 0 -2 -4 -6 5 3 1 -1 -3 -5 6 4 2 0 -2 -4 -6 5 3 1 -1 -3 -5 6 4 2 0 -2 -4 -6 5 3 1 -1 -3 -5 6 4 2 0 -2 -4 -6 5 3 1 -1 -3 -5 6 4 2 0 -2 -4 -6 5 3 1 -1 -3 -5 6 4 2 0 -2 -4 -6 5 3 1 -1 -3 -5 6 4 2 0 -2 -4 -6 5 3 1 -1 -3 -5 6 4 2 0 -2 -4 -6 5 3 1 -1 -3 -5 6 4 2 0 -2 -4 -6 5 3 1 -1 -3 -5 6 4 2 0 -2 -4 -6 5 3 1 -1 -3 -5 6 4 2 0 -2 -4 -6 5 3 1 -1 -3 -5 6 4 2 0 -2 -4 -6 5 3 1 -1 -3 -5 6 4 2 0 -2 -4 -6 5 3 1 -1 -3 -5 6 4 2 0 -2 -4 -6 5 3 1 -1 -3 -5 6 4 2 0 -2 -4 -6 5 3 1 -1 -3 -5 6 4 2 0 -2 -4 -6 5 3 1 -1 -3 -5 6 4 2 0 -2 -4 -6 5 3 1 -1 -3 -5 6 4 2 0 -2 -4 -6 5 3 1 -1 -3 -5 6 4 2 0 -2 -4 -6 5 3 1 -1 -3 -5 6 4 2 0 -2 -4 -6 5 3 1 -1 -3 -5 6 4 2 0 -2 -4 -6 5 3 1 -1 -3 -5 6 4 2 0 -2 -4 -6 5 3 1 -1 -3 -5 6 4 2 0 -2 -4 -6 5 3 1 -1 -3 -5 6 4 2 0 -2 -4 -6 5 3 1 -1 -3 -5 6 4 2 0 -2 -4 -6 5 3 1 -1 -3 -5 6 4 2 0 -2 -4 -6 5 3 1 -1 -3 -5 6 4 2 0 -2 -4 -6 5 3 1 -1 -3 -5 6 4 2 0 -2 -4 -6 5 3 1 -1 -3 -5 6 4 2 0 -2 -4 -6 5 3 1 -1 -3 -5 6 4 2 0 -2 -4 -6 5 3 1 -1
3 1 -1 -3 -5 6 4 2 0 -2 -4 -6 5 3 1 -1 -3 -5 6 4 2 0 -2 -4 -6 5 3 1 -1 -3 -5 6 4 2 0 -2 -4 -6 5 3 1 -1 -3 -5 6 4 2 0 -2 -4 -6 5 3 1 -1 -3 -5 6 4 2 0 -2 -4 -6 5 3 1 -1 -3 -5 6 4 2 0 -2 -4 -6 5 3 1 -1 -3 -5 6 4 2 0 -2 -4 -6 5 3 1 -1 -3 -5 6 4 2 0 -2 -4 -6 5 3 1 -1 -3 -5 6 4 2 0 -2 -4 -6 5 3 1 -1 -3 -5 6 4 2 0 -2 -4 -6 5 3 1 -1 -3 -5 6 4 2 0 -2 -4 -6 5 3 1 -1 -3 -5 6 4 2 0 -2 -4 -6 5 3 1 -1 -3 -5 6 4 2 0 -2 -4 -6 5 3 1 -1 -3 -5 6 4 2 0 -2 -4 -6 5 3 1 -1 -3 -5 6 4 2 0 -2 -4 -6 5 3 1 -1 -3 -5 6 4 2 0 -2 -4 -6 5 3 1 -1 -3 -5 6 4 2 0 -2 -4 -6 5 3 1 -1 -3 -5 6 4 2 0 -2 -4 -6 5 3 1 -1 -3 -5 6 4 2 0 -2 -4 -6 5 3 1 -1 -3 -5 6 4 2 0 -2 -4 -6 5 3 1 -1 -3 -5 6 4 2 0 -2 -4 -6 5 3 1 -1 -3 -5 6 4 2 0 -2 -4 -6 5 3 1 -1 -3 -5 6 4 2 0 -2 -4 -6 5 3 1 -1 -3 -5 6 4 2 0 -2 -4 -6 5 3 1 -1 -3 -5 6 4 2 0 -2 -4 -6 5 3 1 -1 -3 -5 6 4 2 0 -2 -4 -6 5 3 1 -1 -3 -5 6 4 2 0 -2 -4 -6 5 3 1 -1 -3 -5 6 4 2 0 -2 -4 -6 5 3 1 -1 -3 -5 6 4 2 0 -2 -4 -6 5 3 1 -1 -3 -5 6 4 2 0 -2 -4 -6 5 3 1 -1 -3 -5 6 4 2 0 -2 -4 -6 5 3 1 -1 -3 -5 6 4 2 0 -2 -4 -6 5 3 1 -1 -3 -5 6 4 2 0 -2 -4 -6 5 3 1 -1 -3 -5 6 4 2 0 -2 -4 -6 5 3 1 -1 -3 -5 6 4 2 0 -2 -4 -6 5 3 1 -1 -3 -5 6 4 2 0 -2 -4 -6 5 3 1 -1 -3 -5 6 4 2 0 -2 -4 -6 5 3 1 -1 -3 -5 6 4 2 0 -2 -4 -6 5 3 1 -1 -3 -5 6
-3 -5 6 4 2 0 -2 -4 -6 5 3 1 -1 -3 -5 6 4 2 0 -2 -4 -6 5 3 1 -1 -3 -5 6 4 2 0 -2 -4 -6 5 3 1 -1 -3 -5 6 4 2 0 -2 -4 -6 5 3 1 -1 -3 -5 6 4 2 0 -2 -4 -6 5 3 1 -1 -3 -5 6 4 2 0 -2 -4 -6 5 3 1 -1 -3 -5 6 4 2 0 -2 -4 -6 5 3 1 -1 -3 -5 6 4 2 0 -2 -4 -6 5 3 1 -1 -3 -5 6 4 2 0 -2 -4 -6 5 3 1 -1 -3 -5 6 4 2 0 -2 -4 -6 5 3 1 -1 -3 -5 6 4 2 0 -2 -4 -6 5 3 1 -1 -3 -5 6 4 2 0 -2 -4 -6 5 3 1 -1 -3 -5 6 4 2 0 -2 -4 -6 5 3 1 -1 -3 -5 6 4 2 0 -2 -4 -6 5 3 1 -1 -3 -5 6 4 2 0 -2 -4 -6 5 3 1 -1 -3 -5 6 4 2 0 -2 -4 -6 5 3 1 -1 -3 -5 6 4 2 0 -2 -4 -6 5 3 1 -1 -3 -5 6 4 2 0 -2 -4 -6 5 3 1 -1 -3 -5 6 4 2 0 -2 -4 -6 5 3 1 -1 -3 -5 6 4 2 0 -2 -4 -6 5 3 1 -1 -3 -5 6 4 2 0 -2 -4 -6 5 3 1 -1 -3 -5 6 4 2 0 -2 -4 -6 5 3 1 -1 -3 -5 6 4 2 0 -2 -4 -6 5 3 1 -1 -3 -5 6 4 2 0 -2 -4 -6 5 3 1 -1 -3 -5 6 4 2 0 -2 -4 -6 5 3 1 -1 -3 -5 6 4 2 0 -2 -4 -6 5 3 1 -1 -3 -5 6 4 2 0 -2 -4 -6 5 3 1 -1 -3 -5 6 4 2 0 -2 -4 -6 5 3 1 -1 -3 -5 6 4 2 0 -2 -4 -6 5 3 1 -1 -3 -5 6 4 2 0 -2 -4 -6 5 3 1 -1 -3 -5 6 4 2 0 -2 -4 -6 5 3 1 -1 -3 -5 6 4 2 0 -2 -4 -6 5 3 1 -1 -3 -5 6 4 2 0 -2 -4 -6 5 3 1 -1 -3 -5 6 4 2 0 -2 -4 -6 5 3 1 -1 -3 -5 6 4 2 0 -2 -4 -6 5 3 1 -1 -3 -5 6 4 2 0 -2 -4 -6 5 3 1 -1 -3 -5 6 4 2 0 -2 -4 -6 5 3 1 -1 -3 -5 6 4 2 0 -2 -4 -6 5 3 1 -1 -3 -5 6 4 2 0
4 2 0 -2 -4 -6 5 3 1 -1 -3 -5 6 4 2 0 -2 -4 -6 5 3 1 -1 -3 -5 6 4 2 0 -2 -4 -6 5 3 1 -1 -3 -5 6 4 2 0 -2 -4 -6 5 3 1 -1 -3 -5 6 4 2 0 -2 -4 -6 5 3 1 -1 -3 -5 6 4 2 0 -2 -4 -6 5 3 1 -1 -3 -5 6 4 2 0 -2 -4 -6 5 3 1 -1 -3 -5 6 4 2 0 -2 -4 -6 5 3 1 -1 -3 -5 6 4 2 0 -2 -4 -6 5 3 1 -1 -3 -5 6 4 2 0 -2 -4 -6 5 3 1 -1 -3 -5 6 4 2 0 -2 -4 -6 5 3 1 -1 -3 -5 6 4 2 0 -2 -4 -6 5 3 1 -1 -3 -5 6 4 2 0 -2 -4 -6 5 3 1 -1 -3 -5 6 4 2 0 -2 -4 -6 5 3 1 -1 -3 -5 6 4 2 0 -2 -4 -6 5 3 1 -1 -3 -5 6 4 2 0 -2 -4 -6 5 3 1 -1 -3 -5 6 4 2 0 -2 -4 -6 5 3 1 -1 -3 -5 6 4 2 0 -2 -4 -6 5 3 1 -1 -3 -5 6 4 2 0 -2 -4 -6 5 3 1 -1 -3 -5 6 4 2 0 -2 -4 -6 5 3 1 -1 -3 -5 6 4 2 0 -2 -4 -6 5 3 1 -1 -3 -5 6 4 2 0 -2 -4 -6 5 3 1 -1 -3 -5 6 4 2 0 -2 -4 -6 5 3 1 -1 -3 -5 6 4 2 0 -2 -4 -6 5 3 1 -1 -3 -5 6 4 2 0 -2 -4 -6 5 3 1 -1 -3 -5 6 4 2 0 -2 -4 -6 5 3 1 -1 -3 -5 6 4 2 0 -2 -4 -6 5 3 1 -1 -3 -5 6 4 2 0 -2 -4 -6 5 3 1 -1 -3 -5 6 4 2 0 -2 -4 -6 5 3 1 -1 -3 -5 6 4 2 0 -2 -4 -6 5 3 1 -1 -3 -5 6 4 2 0 -2 -4 -6 5 3 1 -1 -3 -5 6 4 2 0 -2 -4 -6 5 3 1 -1 -3 -5 6 4 2 0 -2 -4 -6 5 3 1 -1 -3 -5 6 4 2 0 -2 -4 -6 5 3 1 -1 -3 -5 6 4 2 0 -2 -4 -6 5 3 1 -1 -3 -5 6 4 2 0 -2 -4 -6 5 3 1 -1 -3 -5 6 4 2 0 -2 -4 -6 5 3 1 -1 -3 -5 6 4 2 0 -2 -4 -6 5 3 1 -1 -3 -5 6 4 2 0 -2 -4 -6
-2 -4 -6 5 3 1 -1 -3 -5 6 4 2 0 -2 -4 -6 5 3 1 -1 -3 -5 6 4 2 0 -2 -4 -6 5 3 1 -1 -3 -5 6 4 2 0 -2 -4 -6 5 3 1 -1 -3 -5 6 4 2 0 -2 -4 -6 5 3 1 -1 -3 -5 6 4 2 0 -2 -4 -6 5 3 1 -1 -3 -5 6 4 2 0 -2 -4 -6 5 3 1 -1 -3 -5 6 4 2 0 -2 -4 -6 5 3 1 -1 -3 -5 6 4 2 0 -2 -4 -6 5 3 1 -1 -3 -5 6 4 2 0 -2 -4 -6 5 3 1 -1 -3 -5 6 4 2 0 -2 -4 -6 5 3 1 -1 -3 -5 6 4 2 0 -2 -4 -6 5 3 1 -1 -3 -5 6 4 2 0 -2 -4 -6 5 3 1 -1 -3 -5 6 4 2 0 -2 -4 -6 5 3 1 -1 -3 -5 6 4 2 0 -2 -4 -6 5 3 1 -1 -3 -5 6 4 2 0 -2 -4 -6 5 3 1 -1 -3 -5 6 4 2 0 -2 -4 -6 5 3 1 -1 -3 -5 6 4 2 0 -2 -4 -6 5 3 1 -1 -3 -5 6 4 2 0 -2 -4 -6 5 3 1 -1 -3 -5 6 4 2 0 -2 -4 -6 5 3 1 -1 -3 -5 6 4 2 0 -2 -4 -6 5 3 1 -1 -3 -5 6 4 2 0 -2 -4 -6 5 3 1 -1 -3 -5 6 4 2 0 -2 -4 -6 5 3 1 -1 -3 -5 6 4 2 0 -2 -4 -6 5 3 1 -1 -3 -5 6 4 2 0 -2 -4 -6 5 3 1 -1 -3 -5 6 4 2 0 -2 -4 -6 5 3 1 -1 -3 -5 6 4 2 0 -2 -4 -6 5 3 1 -1 -3 -5 6 4 2 0 -2 -4 -6 5 3 1 -1 -3 -5 6 4 2 0 -2 -4 -6 5 3 1 -1 -3 -5 6 4 2 0 -2 -4 -6 5 3 1 -1 -3 -5 6 4 2 0 -2 -4 -6 5 3 1 -1 -3 -5 6 4 2 0 -2 -4 -6 5 3 1 -1 -3 -5 6 4 2 0 -2 -4 -6 5 3 1 -1 -3 -5 6 4 2 0 -2 -4 -6 5 3 1 -1 -3 -5 6 4 2 0 -2 -4 -6 5 3 1 -1 -3 -5 6 4 2 0 -2 -4 -6 5 3 1 -1 -3 -5 6 4 2 0 -2 -4 -6 5 3 1 -1 -3 -5 6 4 2 0 -2 -4 -6 5 3 1 -1 -3 -5 6 4 2 0 -2 -4 -6 5 3 1
5 3 1 -1 -3 -5 6 4 2 0 -2 -4 -6 5 3 1 -1 -3 -5 6 4 2 0 -2 -4 -6 5 3 1 -1 -3 -5 6 4 2 0 -2 -4 -6 5 3 1 -1 -3 -5 6 4 2 0 -2 -4 -6 5 3 1 -1 -3 -5 6 4 2 0 -2 -4 -6 5 3 1 -1 -3 -5 6 4 2 0 -2 -4 -6 5 3 1 -1 -3 -5 6 4 2 0 -2 -4 -6 5 3 1 -1 -3 -5 6 4 2 0 -2 -4 -6 5 3 1 -1 -3 -5 6 4 2 0 -2 -4 -6 5 3 1 -1 -3 -5 6 4 2 0 -2 -4 -6 5 3 1 -1 -3 -5 6 4 2 0 -2 -4 -6 5 3 1 -1 -3 -5 6 4 2 0 -2 -4 -6 5 3 1 -1 -3 -5 6 4 2 0 -2 -4 -6 5 3 1 -1 -3 -5 6 4 2 0 -2 -4 -6 5 3 1 -1 -3 -5 6 4 2 0 -2 -4 -6 5 3 1 -1 -3 -5 6 4 2 0 -2 -4 -6 5 3 1 -1 -3 -5 6 4 2 0 -2 -4 -6 5 3 1 -1 -3 -5 6 4 2 0 -2 -4 -6 5 3 1 -1 -3 -5 6 4 2 0 -2 -4 -6 5 3 1 -1 -3 -5 6 4 2 0 -2 -4 -6 5 3 1 -1 -3 -5 6 4 2 0 -2 -4 -6 5 3 1 -1 -3 -5 6 4 2 0 -2 -4 -6 5 3 1 -1 -3 -5 6 4 2 0 -2 -4 -6 5 3 1 -1 -3 -5 6 4 2 0 -2 -4 -6 5 3 1 -1 -3 -5 6 4 2 0 -2 -4 -6 5 3 1 -1 -3 -5 6 4 2 0 -2 -4 -6 5 3 1 -1 -3 -5 6 4 2 0 -2 -4 -6 5 3 1 -1 -3 -5 6 4 2 0 -2 -4 -6 5 3 1 -1 -3 -5 6 4 2 0 -2 -4 -6 5 3 1 -1 -3 -5 6 4 2 0 -2 -4 -6 5 3 1 -1 -3 -5 6 4 2 0 -2 -4 -6 5 3 1 -1 -3 -5 6 4 2 0 -2 -4 -6 5 3 1 -1 -3 -5 6 4 2 0 -2 -4 -6 5 3 1 -1 -3 -5 6 4 2 0 -2 -4 -6 5 3 1 -1 -3 -5 6 4 2 0 -2 -4 -6 5 3 1 -1 -3 -5 6 4 2 0 -2 -4 -6 5 3 1 -1 -3 -5 6 4 2 0 -2 -4 -6 5 3 1 -1 -3 -5 6 4 2 0 -2 -4 -6 5 3 1 -1 -3 -5
-1 -3 -5 6 4 2 0 -2 -4 -6 5 3 1 -1 -3 -5 6 4 2 0 -2 -4 -6 5 3 1 -1 -3 -5 6 4 2 0 -2 -4 -6 5 3 1 -1 -3 -5 6 4 2 0 -2 -4 -6 5 3 1 -1 -3 -5 6 4 2 0 -2 -4 -6 5 3 1 -1 -3 -5 6 4 2 0 -2 -4 -6 5 3 1 -1 -3 -5 6 4 2 0 -2 -4 -6 5 3 1 -1 -3 -5 6 4 2 0 -2 -4 -6 5 3 1 -1 -3 -5 6 4 2 0 -2 -4 -6 5 3 1 -1 -3 -5 6 4 2 0 -2 -4 -6 5 3 1 -1 -3 -5 6 4 2 0 -2 -4 -6 5 3 1 -1 -3 -5 6 4 2 0 -2 -4 -6 5 3 1 -1 -3 -5 6 4 2 0 -2 -4 -6 5 3 1 -1 -3 -5 6 4 2 0 -2 -4 -6 5 3 1 -1 -3 -5 6 4 2 0 -2 -4 -6 5 3 1 -1 -3 -5 6 4 2 0 -2 -4 -6 5 3 1 -1 -3 -5 6 4 2 0 -2 -4 -6 5 3 1 -1 -3 -5 6 4 2 0 -2 -4 -6 5 3 1 -1 -3 -5 6 4 2 0 -2 -4 -6 5 3 1 -1 -3 -5 6 4 2 0 -2 -4 -6 5 3 1 -1 -3 -5 6 4 2 0 -2 -4 -6 5 3 1 -1 -3 -5 6 4 2 0 -2 -4 -6 5 3 1 -1 -3 -5 6 4 2 0 -2 -4 -6 5 3 1 -1 -3 -5 6 4 2 0 -2 -4 -6 5 3 1 -1 -3 -5 6 4 2 0 -2 -4 -6 5 3 1 -1 -3 -5 6 4 2 0 -2 -4 -6 5 3 1 -1 -3 -5 6 4 2 0 -2 -4 -6 5 3 1 -1 -3 -5 6 4 2 0 -2 -4 -6 5 3 1 -1 -3 -5 6 4 2 0 -2 -4 -6 5 3 1 -1 -3 -5 6 4 2 0 -2 -4 -6 5 3 1 -1 -3 -5 6 4 2 0 -2 -4 -6 5 3 1 -1 -3 -5 6 4 2 0 -2 -4 -6 5 3 1 -1 -3 -5 6 4 2 0 -2 -4 -6 5 3 1 -1 -3 -5 6 4 2 0 -2 -4 -6 5 3 1 -1 -3 -5 6 4 2 0 -2 -4 -6 5 3 1 -1 -3 -5 6 4 2 0 -2 -4 -6 5 3 1 -1 -3 -5 6 4 2 0 -2 -4 -6 5 3 1 -1 -3 -5 6 4 2 0 -2 -4 -6 5 3 1 -1 -3 -5 6 4 2
6 4 2 0 -2 -4 -6 5 3 1 -1 -3 -5 6 4 2 0 -2 -4 -6 5 3 1 -1 -3 -5 6 4 2 0 -2 -4 -6 5 3 1 -1 -3 -5 6 4 2 0 -2 -4 -6 5 3 1 -1 -3 -5 6 4 2 0 -2 -4 -6 5 3 1 -1 -3 -5 6 4 2 0 -2 -4 -6 5 3 1 -1 -3 -5 6 4 2 0 -2 -4 -6 5 3 1 -1 -3 -5 6 4 2 0 -2 -4 -6 5 3 1 -1 -3 -5 6 4 2 0 -2 -4 -6 5 3 1 -1 -3 -5 6 4 2 0 -2 -4 -6 5 3 1 -1 -3 -5 6 4 2 0 -2 -4 -6 5 3 1 -1 -3 -5 6 4 2 0 -2 -4 -6 5 3 1 -1 -3 -5 6 4 2 0 -2 -4 -6 5 3 1 -1 -3 -5 6 4 2 0 -2 -4 -6 5 3 1 -1 -3 -5 6 4 2 0 -2 -4 -6 5 3 1 -1 -3 -5 6 4 2 0 -2 -4 -6 5 3 1 -1 -3 -5 6 4 2 0 -2 -4 -6 5 3 1 -1 -3 -5 6 4 2 0 -2 -4 -6 5 3 1 -1 -3 -5 6 4 2 0 -2 -4 -6 5 3 1 -1 -3 -5 6 4 2 0 -2 -4 -6 5 3 1 -1 -3 -5 6 4 2 0 -2 -4 -6 5 3 1 -1 -3 -5 6 4 2 0 -2 -4 -6 5 3 1 -1 -3 -5 6 4 2 0 -2 -4 -6 5 3 1 -1 -3 -5 6 4 2 0 -2 -4 -6 5 3 1 -1 -3 -5 6 4 2 0 -2 -4 -6 5 3 1 -1 -3 -5 6 4 2 0 -2 -4 -6 5 3 1 -1 -3 -5 6 4 2 0 -2 -4 -6 5 3 1 -1 -3 -5 6 4 2 0 -2 -4 -6 5 3 1 -1 -3 -5 6 4 2 0 -2 -4 -6 5 3 1 -1 -3 -5 6 4 2 0 -2 -4 -6 5 3 1 -1 -3 -5 6 4 2 0 -2 -4 -6 5 3 1 -1 -3 -5 6 4 2 0 -2 -4 -6 5 3 1 -1 -3 -5 6 4 2 0 -2 -4 -6 5 3 1 -1 -3 -5 6 4 2 0 -2 -4 -6 5 3 1 -1 -3 -5 6 4 2 0 -2 -4 -6 5 3 1 -1 -3 -5 6 4 2 0 -2 -4 -6 5 3 1 -1 -3 -5 6 4 2 0 -2 -4 -6 5 3 1 -1 -3 -5 6 4 2 0 -2 -4 -6 5 3 1 -1 -3 -5 6 4 2 0 -2 -4
0 -2 -4 -6 5 3 1 -1 -3 -5 6 4 2 0 -2 -4 -6 5 3 1 -1 -3 -5 6 4 2 0 -2 -4 -6 5 3 1 -1 -3 -5 6 4 2 0 -2 -4 -6 5 3 1 -1 -3 -5 6 4 2 0 -2 -4 -6 5 3 1 -1 -3 -5 6 4 2 0 -2 -4 -6 5 3 1 -1 -3 -5 6 4 2 0 -2 -4 -6 5 3 1 -1 -3 -5 6 4 2 0 -2 -4 -6 5 3 1 -1 -3 -5 6 4 2 0 -2 -4 -6 5 3 1 -1 -3 -5 6 4 2 0 -2 -4 -6 5 3 1 -1 -3 -5 6 4 2 0 -2 -4 -6 5 3 1 -1 -3 -5 6 4 2 0 -2 -4 -6 5 3 1 -1 -3 -5 6 4 2 0 -2 -4 -6 5 3 1 -1 -3 -5 6 4 2 0 -2 -4 -6 5 3 1 -1 -3 -5 6 4 2 0 -2 -4 -6 5 3 1 -1 -3 -5 6 4 2 0 -2 -4 -6 5 3 1 -1 -3 -5 6 4 2 0 -2 -4 -6 5 3 1 -1 -3 -5 6 4 2 0 -2 -4 -6 5 3 1 -1 -3 -5 6 4 2 0 -2 -4 -6 5 3 1 -1 -3 -5 6 4 2 0 -2 -4 -6 5 3 1 -1 -3 -5 6 4 2 0 -2 -4 -6 5 3 1 -1 -3 -5 6 4 2 0 -2 -4 -6 5 3 1 -1 -3 -5 6 4 2 0 -2 -4 -6 5 3 1 -1 -3 -5 6 4 2 0 -2 -4 -6 5 3 1 -1 -3 -5 6 4 2 0 -2 -4 -6 5 3 1 -1 -3 -5 6 4 2 0 -2 -4 -6 5 3 1 -1 -3 -5 6 4 2 0 -2 -4 -6 5 3 1 -1 -3 -5 6 4 2 0 -2 -4 -6 5 3 1 -1 -3 -5 6 4 2 0 -2 -4 -6 5 3 1 -1 -3 -5 6 4 2 0 -2 -4 -6 5 3 1 -1 -3 -5 6 4 2 0 -2 -4 -6 5 3 1 -1 -3 -5 6 4 2 0 -2 -4 -6 5 3 1 -1 -3 -5 6 4 2 0 -2 -4 -6 5 3 1 -1 -3 -5 6 4 2 0 -2 -4 -6 5 3 1 -1 -3 -5 6 4 2 0 -2 -4 -6 5 3 1 -1 -3 -5 6 4 2 0 -2 -4 -6 5 3 1 -1 -3 -5 6 4 2 0 -2 -4 -6 5 3 1 -1 -3 -5 6 4 2 0 -2 -4 -6 5 3 1 -1 -3 -5 6 4 2 0 -2 -4 -6 5 3
-6 5 3 1 -1 -3 -5 6 4 2 0 -2 -4 -6 5 3 1 -1 -3 -5 6 4 2 0 -2 -4 -6 5 3 1 -1 -3 -5 6 4 2 0 -2 -4 -6 5 3 1 -1 -3 -5 6 4 2 0 -2 -4 -6 5 3 1 -1 -3 -5 6 4 2 0 -2 -4 -6 5 3 1 -1 -3 -5 6 4 2 0 -2 -4 -6 5 3 1 -1 -3 -5 6 4 2 0 -2 -4 -6 5 3 1 -1 -3 -5 6 4 2 0 -2 -4 -6 5 3 1 -1 -3 -5 6 4 2 0 -2 -4 -6 5 3 1 -1 -3 -5 6 4 2 0 -2 -4 -6 5 3 1 -1 -3 -5 6 4 2 0 -2 -4 -6 5 3 1 -1 -3 -5 6 4 2 0 -2 -4 -6 5 3 1 -1 -3 -5 6 4 2 0 -2 -4 -6 5 3 1 -1 -3 -5 6 4 2 0 -2 -4 -6 5 3 1 -1 -3 -5 6 4 2 0 -2 -4 -6 5 3 1 -1 -3 -5 6 4 2 0 -2 -4 -6 5 3 1 -1 -3 -5 6 4 2 0 -2 -4 -6 5 3 1 -1 -3 -5 6 4 2 0 -2 -4 -6 5 3 1 -1 -3 -5 6 4 2 0 -2 -4 -6 5 3 1 -1 -3 -5 6 4 2 0 -2 -4 -6 5 3 1 -1 -3 -5 6 4 2 0 -2 -4 -6 5 3 1 -1 -3 -5 6 4 2 0 -2 -4 -6 5 3 1 -1 -3 -5 6 4 2 0 -2 -4 -6 5 3 1 -1 -3 -5 6 4 2 0 -2 -4 -6 5 3 1 -1 -3 -5 6 4 2 0 -2 -4 -6 5 3 1 -1 -3 -5 6 4 2 0 -2 -4 -6 5 3 1 -1 -3 -5 6 4 2 0 -2 -4 -6 5 3 1 -1 -3 -5 6 4 2 0 -2 -4 -6 5 3 1 -1 -3 -5 6 4 2 0 -2 -4 -6 5 3 1 -1 -3 -5 6 4 2 0 -2 -4 -6 5 3 1 -1 -3 -5 6 4 2 0 -2 -4 -6 5 3 1 -1 -3 -5 6 4 2 0 -2 -4 -6 5 3 1 -1 -3 -5 6 4 2 0 -2 -4 -6 5 3 1 -1 -3 -5 6 4 2 0 -2 -4 -6 5 3 1 -1 -3 -5 6 4 2 0 -2 -4 -6 5 3 1 -1 -3 -5 6 4 2 0 -2 -4 -6 5 3 1 -1 -3 -5 6 4 2 0 -2 -4 -6 5 3 1 -1 -3 -5 6 4 2 0 -2 -4 -6 5 3 1 -1 -3
1 -1 -3 -5 6 4 2 0 -2 -4 -6 5 3 1 -1 -3 -5 6 4 2 0 -2 -4 -6 5 3 1 -1 -3 -5 6 4 2 0 -2 -4 -6 5 3 1 -1 -3 -5 6 4 2 0 -2 -4 -6 5 3 1 -1 -3 -5 6 4 2 0 -2 -4 -6 5 3 1 -1 -3 -5 6 4 2 0 -2 -4 -6 5 3 1 -1 -3 -5 6 4 2 0 -2 -4 -6 5 3 1 -1 -3 -5 6 4 2 0 -2 -4 -6 5 3 1 -1 -3 -5 6 4 2 0 -2 -4 -6 5 3 1 -1 -3 -5 6 4 2 0 -2 -4 -6 5 3 1 -1 -3 -5 6 4 2 0 -2 -4 -6 5 3 1 -1 -3 -5 6 4 2 0 -2 -4 -6 5 3 1 -1 -3 -5 6 4 2 0 -2 -4 -6 5 3 1 -1 -3 -5 6 4 2 0 -2 -4 -6 5 3 1 -1 -3 -5 6 4 2 0 -2 -4 -6 5 3 1 -1 -3 -5 6 4 2 0 -2 -4 -6 5 3 1 -1 -3 -5 6 4 2 0 -2 -4 -6 5 3 1 -1 -3 -5 6 4 2 0 -2 -4 -6 5 3 1 -1 -3 -5 6 4 2 0 -2 -4 -6 5 3 1 -1 -3 -5 6 4 2 0 -2 -4 -6 5 3 1 -1 -3 -5 6 4 2 0 -2 -4 -6 5 3 1 -1 -3 -5 6 4 2 0 -2 -4 -6 5 3 1 -1 -3 -5 6 4 2 0 -2 -4 -6 5 3 1 -1 -3 -5 6 4 2 0 -2 -4 -6 5 3 1 -1 -3 -5 6 4 2 0 -2 -4 -6 5 3 1 -1 -3 -5 6 4 2 0 -2 -4 -6 5 3 1 -1 -3 -5 6 4 2 0 -2 -4 -6 5 3 1 -1 -3 -5 6 4 2 0 -2 -4 -6 5 3 1 -1 -3 -5 6 4 2 0 -2 -4 -6 5 3 1 -1 -3 -5 6 4 2 0 -2 -4 -6 5 3 1 -1 -3 -5 6 4 2 0 -2 -4 -6 5 3 1 -1 -3 -5 6 4 2 0 -2 -4 -6 5 3 1 -1 -3 -5 6 4 2 0 -2 -4 -6 5 3 1 -1 -3 -5 6 4 2 0 -2 -4 -6 5 3 1 -1 -3 -5 6 4 2 0 -2 -4 -6 5 3 1 -1 -3 -5 6 4 2 0 -2 -4 -6 5 3 1 -1 -3 -5 6 4 2 0 -2 -4 -6 5 3 1 -1 -3 -5 6 4 2 0 -2 -4 -6 5 3 1 -1 -3 -5 6 4
-5 6 4 2 0 -2 -4 -6 5 3 1 -1 -3 -5 6 4 2 0 -2 -4 -6 5 3 1 -1 -3 -5 6 4 2 0 -2 -4 -6 5 3 1 -1 -3 -5 6 4 2 0 -2 -4 -6 5 3 1 -1 -3 -5 6 4 2 0 -2 -4 -6 5 3 1 -1 -3 -5 6 4 2 0 -2 -4 -6 5 3 1 -1 -3 -5 6 4 2 0 -2 -4 -6 5 3 1 -1 -3 -5 6 4 2 0 -2 -4 -6 5 3 1 -1 -3 -5 6 4 2 0 -2 -4 -6 5 3 1 -1 -3 -5 6 4 2 0 -2 -4 -6 5 3 1 -1 -3 -5 6 4 2 0 -2 -4 -6 5 3 1 -1 -3 -5 6 4 2 0 -2 -4 -6 5 3 1 -1 -3 -5 6 4 2 0 -2 -4 -6 5 3 1 -1 -3 -5 6 4 2 0 -2 -4 -6 5 3 1 -1 -3 -5 6 4 2 0 -2 -4 -6 5 3 1 -1 -3 -5 6 4 2 0 -2 -4 -6 5 3 1 -1 -3 -5 6 4 2 0 -2 -4 -6 5 3 1 -1 -3 -5 6 4 2 0 -2 -4 -6 5 3 1 -1 -3 -5 6 4 2 0 -2 -4 -6 5 3 1 -1 -3 -5 6 4 2 0 -2 -4 -6 5 3 1 -1 -3 -5 6 4 2 0 -2 -4 -6 5 3 1 -1 -3 -5 6 4 2 0 -2 -4 -6 5 3 1 -1 -3 -5 6 4 2 0 -2 -4 -6 5 3 1 -1 -3 -5 6 4 2 0 -2 -4 -6 5 3 1 -1 -3 -5 6 4 2 0 -2 -4 -6 5 3 1 -1 -3 -5 6 4 2 0 -2 -4 -6 5 3 1 -1 -3 -5 6 4 2 0 -2 -4 -6 5 3 1 -1 -3 -5 6 4 2 0 -2 -4 -6 5 3 1 -1 -3 -5 6 4 2 0 -2 -4 -6 5 3 1 -1 -3 -5 6 4 2 0 -2 -4 -6 5 3 1 -1 -3 -5 6 4 2 0 -2 -4 -6 5 3 1 -1 -3 -5 6 4 2 0 -2 -4 -6 5 3 1 -1 -3 -5 6 4 2 0 -2 -4 -6 5 3 1 -1 -3 -5 6 4 2 0 -2 -4 -6 5 3 1 -1 -3 -5 6 4 2 0 -2 -4 -6 5 3 1 -1 -3 -5 6 4 2 0 -2 -4 -6 5 3 1 -1 -3 -5 6 4 2 0 -2 -4 -6 5 3 1 -1 -3 -5 6 4 2 0 -2 -4 -6 5 3 1 -1 -3 -5 6 4 2 0 -2
2 0 -2 -4 -6 5 3 1 -1 -3 -5 6 4 2 0 -2 -4 -6 5 3 1 -1 -3 -5 6 4 2 0 -2 -4 -6 5 3 1 -1 -3 -5 6 4 2 0 -2 -4 -6 5 3 1 -1 -3 -5 6 4 2 0 -2 -4 -6 5 3 1 -1 -3 -5 6 4 2 0 -2 -4 -6 5 3 1 -1 -3 -5 6 4 2 0 -2 -4 -6 5 3 1 -1 -3 -5 6 4 2 0 -2 -4 -6 5 3 1 -1 -3 -5 6 4 2 0 -2 -4 -6 5 3 1 -1 -3 -5 6 4 2 0 -2 -4 -6 5 3 1 -1 -3 -5 6 4 2 0 -2 -4 -6 5 3 1 -1 -3 -5 6 4 2 0 -2 -4 -6 5 3 1 -1 -3 -5 6 4 2 0 -2 -4 -6 5 3 1 -1 -3 -5 6 4 2 0 -2 -4 -6 5 3 1 -1 -3 -5 6 4 2 0 -2 -4 -6 5 3 1 -1 -3 -5 6 4 2 0 -2 -4 -6 5 3 1 -1 -3 -5 6 4 2 0 -2 -4 -6 5 3 1 -1 -3 -5 6 4 2 0 -2 -4 -6 5 3 1 -1 -3 -5 6 4 2 0 -2 -4 -6 5 3 1 -1 -3 -5 6 4 2 0 -2 -4 -6 5 3 1 -1 -3 -5 6 4 2 0 -2 -4 -6 5 3 1 -1 -3 -5 6 4 2 0 -2 -4 -6 5 3 1 -1 -3 -5 6 4 2 0 -2 -4 -6 5 3 1 -1 -3 -5 6 4 2 0 -2 -4 -6 5 3 1 -1 -3 -5 6 4 2 0 -2 -4 -6 5 3 1 -1 -3 -5 6 4 2 0 -2 -4 -6 5 3 1 -1 -3 -5 6 4 2 0 -2 -4 -6 5 3 1 -1 -3 -5 6 4 2 0 -2 -4 -6 5 3 1 -1 -3 -5 6 4 2 0 -2 -4 -6 5 3 1 -1 -3 -5 6 4 2 0 -2 -4 -6 5 3 1 -1 -3 -5 6 4 2 0 -2 -4 -6 5 3 1 -1 -3 -5 6 4 2 0 -2 -4 -6 5 3 1 -1 -3 -5 6 4 2 0 -2 -4 -6 5 3 1 -1 -3 -5 6 4 2 0 -2 -4 -6 5 3 1 -1 -3 -5 6 4 2 0 -2 -4 -6 5 3 1 -1 -3 -5 6 4 2 0 -2 -4 -6 5 3 1 -1 -3 -5 6 4 2 0 -2 -4 -6 5 3 1 -1 -3 -5 6 4 2 0 -2 -4 -6 5 3 1 -1 -3 -5 6 4 2 0 -2 -4 -6 5
-4 -6 5 3 1 -1 -3 -5 6 4 2 0 -2 -4 -6 5 3 1 -1 -3 -5 6 4 2 0 -2 -4 -6 5 3 1 -1 -3 -5 6 4 2 0 -2 -4 -6 5 3 1 -1 -3 -5 6 4 2 0 -2 -4 -6 5 3 1 -1 -3 -5 6 4 2 0 -2 -4 -6 5 3 1 -1 -3 -5 6 4 2 0 -2 -4 -6 5 3 1 -1 -3 -5 6 4 2 0 -2 -4 -6 5 3 1 -1 -3 -5 6 4 2 0 -2 -4 -6 5 3 1 -1 -3 -5 6 4 2 0 -2 -4 -6 5 3 1 -1 -3 -5 6 4 2 0 -2 -4 -6 5 3 1 -1 -3 -5 6 4 2 0 -2 -4 -6 5 3 1 -1 -3 -5 6 4 2 0 -2 -4 -6 5 3 1 -1 -3 -5 6 4 2 0 -2 -4 -6 5 3 1 -1 -3 -5 6 4 2 0 -2 -4 -6 5 3 1 -1 -3 -5 6 4 2 0 -2 -4 -6 5 3 1 -1 -3 -5 6 4 2 0 -2 -4 -6 5 3 1 -1 -3 -5 6 4 2 0 -2 -4 -6 5 3 1 -1 -3 -5 6 4 2 0 -2 -4 -6 5 3 1 -1 -3 -5 6 4 2 0 -2 -4 -6 5 3 1 -1 -3 -5 6 4 2 0 -2 -4 -6 5 3 1 -1 -3 -5 6 4 2 0 -2 -4 -6 5 3 1 -1 -3 -5 6 4 2 0 -2 -4 -6 5 3 1 -1 -3 -5 6 4 2 0 -2 -4 -6 5 3 1 -1 -3 -5 6 4 2 0 -2 -4 -6 5 3 1 -1 -3 -5 6 4 2 0 -2 -4 -6 5 3 1 -1 -3 -5 6 4 2 0 -2 -4 -6 5 3 1 -1 -3 -5 6 4 2 0 -2 -4 -6 5 3 1 -1 -3 -5 6 4 2 0 -2 -4 -6 5 3 1 -1 -3 -5 6 4 2 0 -2 -4 -6 5 3 1 -1 -3 -5 6 4 2 0 -2 -4 -6 5 3 1 -1 -3 -5 6 4 2 0 -2 -4 -6 5 3 1 -1 -3 -5 6 4 2 0 -2 -4 -6 5 3 1 -1 -3 -5 6 4 2 0 -2 -4 -6 5 3 1 -1 -3 -5 6 4 2 0 -2 -4 -6 5 3 1 -1 -3 -5 6 4 2 0 -2 -4 -6 5 3 1 -1 -3 -5 6 4 2 0 -2 -4 -6 5 3 1 -1 -3 -5 6 4 2 0 -2 -4 -6 5 3 1 -1 -3 -5 6 4 2 0 -2 -4 -6 5 3 1 -1
3 1 -1 -3 -5 6 4 2 0 -2 -4 -6 5 3 1 -1 -3 -5 6 4 2 0 -2 -4 -6 5 3 1 -1 -3 -5 6 4 2 0 -2 -4 -6 5 3 1 -1 -3 -5 6 4 2 0 -2 -4 -6 5 3 1 -1 -3 -5 6 4 2 0 -2 -4 -6 5 3 1 -1 -3 -5 6 4 2 0 -2 -4 -6 5 3 1 -1 -3 -5 6 4 2 0 -2 -4 -6 5 3 1 -1 -3 -5 6 4 2 0 -2 -4 -6 5 3 1 -1 -3 -5 6 4 2 0 -2 -4 -6 5 3 1 -1 -3 -5 6 4 2 0 -2 -4 -6 5 3 1 -1 -3 -5 6 4 2 0 -2 -4 -6 5 3 1 -1 -3 -5 6 4 2 0 -2 -4 -6 5 3 1 -1 -3 -5 6 4 2 0 -2 -4 -6 5 3 1 -1 -3 -5 6 4 2 0 -2 -4 -6 5 3 1 -1 -3 -5 6 4 2 0 -2 -4 -6 5 3 1 -1 -3 -5 6 4 2 0 -2 -4 -6 5 3 1 -1 -3 -5 6 4 2 0 -2 -4 -6 5 3 1 -1 -3 -5 6 4 2 0 -2 -4 -6 5 3 1 -1 -3 -5 6 4 2 0 -2 -4 -6 5 3 1 -1 -3 -5 6 4 2 0 -2 -4 -6 5 3 1 -1 -3 -5 6 4 2 0 -2 -4 -6 5 3 1 -1 -3 -5 6 4 2 0 -2 -4 -6 5 3 1 -1 -3 -5 6 4 2 0 -2 -4 -6 5 3 1 -1 -3 -5 6 4 2 0 -2 -4 -6 5 3 1 -1 -3 -5 6 4 2 0 -2 -4 -6 5 3 1 -1 -3 -5 6 4 2 0 -2 -4 -6 5 3 1 -1 -3 -5 6 4 2 0 -2 -4 -6 5 3 1 -1 -3 -5 6 4 2 0 -2 -4 -6 5 3 1 -1 -3 -5 6 4 2 0 -2 -4 -6 5 3 1 -1 -3 -5 6 4 2 0 -2 -4 -6 5 3 1 -1 -3 -5 6 4 2 0 -2 -4 -6 5 3 1 -1 -3 -5 6 4 2 0 -2 -4 -6 5 3 1 -1 -3 -5 6 4 2 0 -2 -4 -6 5 3 1 -1 -3 -5 6 4 2 0 -2 -4 -6 5 3 1 -1 -3 -5 6 4 2 0 -2 -4 -6 5 3 1 -1 -3 -5 6 4 2 0 -2 -4 -6 5 3 1 -1 -3 -5 6 4 2 0 -2 -4 -6 5 3 1 -1 -3 -5 6 4 2 0 -2 -4 -6 5 3 1 -1 -3 -5 6
-3 -5 6 4 2 0 -2 -4 -6 5 3 1 -1 -3 -5 6 4 2 0 -2 -4 -6 5 3 1 -1 -3 -5 6 4 2 0 -2 -4 -6 5 3 1 -1 -3 -5 6 4 2 0 -2 -4 -6 5 3 1 -1 -3 -5 6 4 2 0 -2 -4 -6 5 3 1 -1 -3 -5 6 4 2 0 -2 -4 -6 5 3 1 -1 -3 -5 6 4 2 0 -2 -4 -6 5 3 1 -1 -3 -5 6 4 2 0 -2 -4 -6 5 3 1 -1 -3 -5 6 4 2 0 -2 -4 -6 5 3 1 -1 -3 -5 6 4 2 0 -2 -4 -6 5 3 1 -1 -3 -5 6 4 2 0 -2 -4 -6 5 3 1 -1 -3 -5 6 4 2 0 -2 -4 -6 5 3 1 -1 -3 -5 6 4 2 0 -2 -4 -6 5 3 1 -1 -3 -5 6 4 2 0 -2 -4 -6 5 3 1 -1 -3 -5 6 4 2 0 -2 -4 -6 5 3 1 -1 -3 -5 6 4 2 0 -2 -4 -6 5 3 1 -1 -3 -5 6 4 2 0 -2 -4 -6 5 3 1 -1 -3 -5 6 4 2 0 -2 -4 -6 5 3 1 -1 -3 -5 6 4 2 0 -2 -4 -6 5 3 1 -1 -3 -5 6 4 2 0 -2 -4 -6 5 3 1 -1 -3 -5 6 4 2 0 -2 -4 -6 5 3 1 -1 -3 -5 6 4 2 0 -2 -4 -6 5 3 1 -1 -3 -5 6 4 2 0 -2 -4 -6 5 3 1 -1 -3 -5 6 4 2 0 -2 -4 -6 5 3 1 -1 -3 -5 6 4 2 0 -2 -4 -6 5 3 1 -1 -3 -5 6 4 2 0 -2 -4 -6 5 3 1 -1 -3 -5 6 4 2 0 -2 -4 -6 5 3 1 -1 -3 -5 6 4 2 0 -2 -4 -6 5 3 1 -1 -3 -5 6 4 2 0 -2 -4 -6 5 3 1 -1 -3 -5 6 4 2 0 -2 -4 -6 5 3 1 -1 -3 -5 6 4 2 0 -2 -4 -6 5 3 1 -1 -3 -5 6 4 2 0 -2 -4 -6 5 3 1 -1 -3 -5 6 4 2 0 -2 -4 -6 5 3 1 -1 -3 -5 6 4 2 0 -2 -4 -6 5 3 1 -1 -3 -5 6 4 2 0 -2 -4 -6 5 3 1 -1 -3 -5 6 4 2 0 -2 -4 -6 5 3 1 -1 -3 -5 6 4 2 0 -2 -4 -6 5 3 1 -1 -3 -5 6 4 2 0 -2 -4 -6 5 3 1 -1 -3 -5 6 4 2 0
4 2 0 -2 -4 -6 5 3 1 -1 -3 -5 6 4 2 0 -2 -4 -6 5 3 1 -1 -3 -5 6 4 2 0 -2 -4 -6 5 3 1 -1 -3 -5 6 4 2 0 -2 -4 -6 5 3 1 -1 -3 -5 6 4 2 0 -2 -4 -6 5 3 1 -1 -3 -5 6 4 2 0 -2 -4 -6 5 3 1 -1 -3 -5 6 4 2 0 -2 -4 -6 5 3 1 -1 -3 -5 6 4 2 0 -2 -4 -6 5 3 1 -1 -3 -5 6 4 2 0 -2 -4 -6 5 3 1 -1 -3 -5 6 4 2 0 -2 -4 -6 5 3 1 -1 -3 -5 6 4 2 0 -2 -4 -6 5 3 1 -1 -3 -5 6 4 2 0 -2 -4 -6 5 3 1 -1 -3 -5 6 4 2 0 -2 -4 -6 5 3 1 -1 -3 -5 6 4 2 0 -2 -4 -6 5 3 1 -1 -3 -5 6 4 2 0 -2 -4 -6 5 3 1 -1 -3 -5 6 4 2 0 -2 -4 -6 5 3 1 -1 -3 -5 6 4 2 0 -2 -4 -6 5 3 1 -1 -3 -5 6 4 2 0 -2 -4 -6 5 3 1 -1 -3 -5 6 4 2 0 -2 -4 -6 5 3 1 -1 -3 -5 6 4 2 0 -2 -4 -6 5 3 1 -1 -3 -5 6 4 2 0 -2 -4 -6 5 3 1 -1 -3 -5 6 4 2 0 -2 -4 -6 5 3 1 -1 -3 -5 6 4 2 0 -2 -4 -6 5 3 1 -1 -3 -5 6 4 2 0 -2 -4 -6 5 3 1 -1 -3 -5 6 4 2 0 -2 -4 -6 5 3 1 -1 -3 -5 6 4 2 0 -2 -4 -6 5 3 1 -1 -3 -5 6 4 2 0 -2 -4 -6 5 3 1 -1 -3 -5 6 4 2 0 -2 -4 -6 5 3 1 -1 -3 -5 6 4 2 0 -2 -4 -6 5 3 1 -1 -3 -5 6 4 2 0 -2 -4 -6 5 3 1 -1 -3 -5 6 4 2 0 -2 -4 -6 5 3 1 -1 -3 -5 6 4 2 0 -2 -4 -6 5 3 1 -1 -3 -5 6 4 2 0 -2 -4 -6 5 3 1 -1 -3 -5 6 4 2 0 -2 -4 -6 5 3 1 -1 -3 -5 6 4 2 0 -2 -4 -6 5 3 1 -1 -3 -5 6 4 2 0 -2 -4 -6 5 3 1 -1 -3 -5 6 4 2 0 -2 -4 -6 5 3 1 -1 -3 -5 6 4 2 0 -2 -4 -6 5 3 1 -1 -3 -5 6 4 2 0 -2 -4 -6
-2 -4 -6 5 3 1 -1 -3 -5 6 4 2 0 -2 -4 -6 5 3 1 -1 -3 -5 6 4 2 0 -2 -4 -6 5 3 1 -1 -3 -5 6 4 2 0 -2 -4 -6 5 3 1 -1 -3 -5 6 4 2 0 -2 -4 -6 5 3 1 -1 -3 -5 6 4 2 0 -2 -4 -6 5 3 1 -1 -3 -5 6 4 2 0 -2 -4 -6 5 3 1 -1 -3 -5 6 4 2 0 -2 -4 -6 5 3 1 -1 -3 -5 6 4 2 0 -2 -4 -6 5 3 1 -1 -3 -5 6 4 2 0 -2 -4 -6 5 3 1 -1 -3 -5 6 4 2 0 -2 -4 -6 5 3 1 -1 -3 -5 6 4 2 0 -2 -4 -6 5 3 1 -1 -3 -5 6 4 2 0 -2 -4 -6 5 3 1 -1 -3 -5 6 4 2 0 -2 -4 -6 5 3 1 -1 -3 -5 6 4 2 0 -2 -4 -6 5 3 1 -1 -3 -5 6 4 2 0 -2 -4 -6 5 3 1 -1 -3 -5 6 4 2 0 -2 -4 -6 5 3 1 -1 -3 -5 6 4 2 0 -2 -4 -6 5 3 1 -1 -3 -5 6 4 2 0 -2 -4 -6 5 3 1 -1 -3 -5 6 4 2 0 -2 -4 -6 5 3 1 -1 -3 -5 6 4 2 0 -2 -4 -6 5 3 1 -1 -3 -5 6 4 2 0 -2 -4 -6 5 3 1 -1 -3 -5 6 4 2 0 -2 -4 -6 5 3 1 -1 -3 -5 6 4 2 0 -2 -4 -6 5 3 1 -1 -3 -5 6 4 2 0 -2 -4 -6 5 3 1 -1 -3 -5 6 4 2 0 -2 -4 -6 5 3 1 -1 -3 -5 6 4 2 0 -2 -4 -6 5 3 1 -1 -3 -5 6 4 2 0 -2 -4 -6 5 3 1 -1 -3 -5 6 4 2 0 -2 -4 -6 5 3 1 -1 -3 -5 6 4 2 0 -2 -4 -6 5 3 1 -1 -3 -5 6 4 2 0 -2 -4 -6 5 3 1 -1 -3 -5 6 4 2 0 -2 -4 -6 5 3 1 -1 -3 -5 6 4 2 0 -2 -4 -6 5 3 1 -1 -3 -5 6 4 2 0 -2 -4 -6 5 3 1 -1 -3 -5 6 4 2 0 -2 -4 -6 5 3 1 -1 -3 -5 6 4 2 0 -2 -4 -6 5 3 1 -1 -3 -5 6 4 2 0 -2 -4 -6 5 3 1 -1 -3 -5 6 4 2 0 -2 -4 -6 5 3 1 -1 -3 -5 6 4 2 0 -2 -4 -6 5 3 1
5 3 1 -1 -3 -5 6 4 2 0 -2 -4 -6 5 3 1 -1 -3 -5 6 4 2 0 -2 -4 -6 5 3 1 -1 -3 -5 6 4 2 0 -2 -4 -6 5 3 1 -1 -3 -5 6 4 2 0 -2 -4 -6 5 3 1 -1 -3 -5 6 4 2 0 -2 -4 -6 5 3 1 -1 -3 -5 6 4 2 0 -2 -4 -6 5 3 1 -1 -3 -5 6 4 2 0 -2 -4 -6 5 3 1 -1 -3 -5 6 4 2 0 -2 -4 -6 5 3 1 -1 -3 -5 6 4 2 0 -2 -4 -6 5 3 1 -1 -3 -5 6 4 2 0 -2 -4 -6 5 3 1 -1 -3 -5 6 4 2 0 -2 -4 -6 5 3 1 -1 -3 -5 6 4 2 0 -2 -4 -6 5 3 1 -1 -3 -5 6 4 2 0 -2 -4 -6 5 3 1 -1 -3 -5 6 4 2 0 -2 -4 -6 5 3 1 -1 -3 -5 6 4 2 0 -2 -4 -6 5 3 1 -1 -3 -5 6 4 2 0 -2 -4 -6 5 3 1 -1 -3 -5 6 4 2 0 -2 -4 -6 5 3 1 -1 -3 -5 6 4 2 0 -2 -4 -6 5 3 1 -1 -3 -5 6 4 2 0 -2 -4 -6 5 3 1 -1 -3 -5 6 4 2 0 -2 -4 -6 5 3 1 -1 -3 -5 6 4 2 0 -2 -4 -6 5 3 1 -1 -3 -5 6 4 2 0 -2 -4 -6 5 3 1 -1 -3 -5 6 4 2 0 -2 -4 -6 5 3 1 -1 -3 -5 6 4 2 0 -2 -4 -6 5 3 1 -1 -3 -5 6 4 2 0 -2 -4 -6 5 3 1 -1 -3 -5 6 4 2 0 -2 -4 -6 5 3 1 -1 -3 -5 6 4 2 0 -2 -4 -6 5 3 1 -1 -3 -5 6 4 2 0 -2 -4 -6 5 3 1 -1 -3 -5 6 4 2 0 -2 -4 -6 5 3 1 -1 -3 -5 6 4 2 0 -2 -4 -6 5 3 1 -1 -3 -5 6 4 2 0 -2 -4 -6 5 3 1 -1 -3 -5 6 4 2 0 -2 -4 -6 5 3 1 -1 -3 -5 6 4 2 0 -2 -4 -6 5 3 1 -1 -3 -5 6 4 2 0 -2 -4 -6 5 3 1 -1 -3 -5 6 4 2 0 -2 -4 -6 5 3 1 -1 -3 -5 6 4 2 0 -2 -4 -6 5 3 1 -1 -3 -5 6 4 2 0 -2 -4 -6 5 3 1 -1 -3 -5 6 4 2 0 -2 -4 -6 5 3 1 -1 -3 -5
-1 -3 -5 6 4 2 0 -2 -4 -6 5 3 1 -1 -3 -5 6 4 2 0 -2 -4 -6 5 3 1 -1 -3 -5 6 4 2 0 -2 -4 -6 5 3 1 -1 -3 -5 6 4 2 0 -2 -4 -6 5 3 1 -1 -3 -5 6 4 2 0 -2 -4 -6 5 3 1 -1 -3 -5 6 4 2 0 -2 -4 -6 5 3 1 -1 -3 -5 6 4 2 0 -2 -4 -6 5 3 1 -1 -3 -5 6 4 2 0 -2 -4 -6 5 3 1 -1 -3 -5 6 4 2 0 -2 -4 -6 5 3 1 -1 -3 -5 6 4 2 0 -2 -4 -6 5 3 1 -1 -3 -5 6 4 2 0 -2 -4 -6 5 3 1 -1 -3 -5 6 4 2 0 -2 -4 -6 5 3 1 -1 -3 -5 6 4 2 0 -2 -4 -6 5 3 1 -1 -3 -5 6 4 2 0 -2 -4 -6 5 3 1 -1 -3 -5 6 4 2 0 -2 -4 -6 5 3 1 -1 -3 -5 6 4 2 0 -2 -4 -6 5 3 1 -1 -3 -5 6 4 2 0 -2 -4 -6 5 3 1 -1 -3 -5 6 4 2 0 -2 -4 -6 5 3 1 -1 -3 -5 6 4 2 0 -2 -4 -6 5 3 1 -1 -3 -5 6 4 2 0 -2 -4 -6 5 3 1 -1 -3 -5 6 4 2 0 -2 -4 -6 5 3 1 -1 -3 -5 6 4 2 0 -2 -4 -6 5 3 1 -1 -3 -5 6 4 2 0 -2 -4 -6 5 3 1 -1 -3 -5 6 4 2 0 -2 -4 -6 5 3 1 -1 -3 -5 6 4 2 0 -2 -4 -6 5 3 1 -1 -3 -5 6 4 2 0 -2 -4 -6 5 3 1 -1 -3 -5 6 4 2 0 -2 -4 -6 5 3 1 -1 -3 -5 6 4 2 0 -2 -4 -6 5 3 1 -1 -3 -5 6 4 2 0 -2 -4 -6 5 3 1 -1 -3 -5 6 4 2 0 -2 -4 -6 5 3 1 -1 -3 -5 6 4 2 0 -2 -4 -6 5 3 1 -1 -3 -5 6 4 2 0 -2 -4 -6 5 3 1 -1 -3 -5 6 4 2 0 -2 -4 -6 5 3 1 -1 -3 -5 6 4 2 0 -2 -4 -6 5 3 1 -1 -3 -5 6 4 2 0 -2 -4 -6 5 3 1 -1 -3 -5 6 4 2 0 -2 -4 -6 5 3 1 -1 -3 -5 6 4 2 0 -2 -4 -6 5 3 1 -1 -3 -5 6 4 2 0 -2 -4 -6 5 3 1 -1 -3 -5 6 4 2
6 4 2 0 -2 -4 -6 5 3 1 -1 -3 -5 6 4 2 0 -2 -4 -6 5 3 1 -1 -3 -5 6 4 2 0 -2 -4 -6 5 3 1 -1 -3 -5 6 4 2 0 -2 -4 -6 5 3 1 -1 -3 -5 6 4 2 0 -2 -4 -6 5 3 1 -1 -3 -5 6 4 2 0 -2 -4 -6 5 3 1 -1 -3 -5 6 4 2 0 -2 -4 -6 5 3 1 -1 -3 -5 6 4 2 0 -2 -4 -6 5 3 1 -1 -3 -5 6 4 2 0 -2 -4 -6 5 3 1 -1 -3 -5 6 4 2 0 -2 -4 -6 5 3 1 -1 -3 -5 6 4 2 0 -2 -4 -6 5 3 1 -1 -3 -5 6 4 2 0 -2 -4 -6 5 3 1 -1 -3 -5 6 4 2 0 -2 -4 -6 5 3 1 -1 -3 -5 6 4 2 0 -2 -4 -6 5 3 1 -1 -3 -5 6 4 2 0 -2 -4 -6 5 3 1 -1 -3 -5 6 4 2 0 -2 -4 -6 5 3 1 -1 -3 -5 6 4 2 0 -2 -4 -6 5 3 1 -1 -3 -5 6 4 2 0 -2 -4 -6 5 3 1 -1 -3 -5 6 4 2 0 -2 -4 -6 5 3 1 -1 -3 -5 6 4 2 0 -2 -4 -6 5 3 1 -1 -3 -5 6 4 2 0 -2 -4 -6 5 3 1 -1 -3 -5 6 4 2 0 -2 -4 -6 5 3 1 -1 -3 -5 6 4 2 0 -2 -4 -6 5 3 1 -1 -3 -5 6 4 2 0 -2 -4 -6 5 3 1 -1 -3 -5 6 4 2 0 -2 -4 -6 5 3 1 -1 -3 -5 6 4 2 0 -2 -4 -6 5 3 1 -1 -3 -5 6 4 2 0 -2 -4 -6 5 3 1 -1 -3 -5 6 4 2 0 -2 -4 -6 5 3 1 -1 -3 -5 6 4 2 0 -2 -4 -6 5 3 1 -1 -3 -5 6 4 2 0 -2 -4 -6 5 3 1 -1 -3 -5 6 4 2 0 -2 -4 -6 5 3 1 -1 -3 -5 6 4 2 0 -2 -4 -6 5 3 1 -1 -3 -5 6 4 2 0 -2 -4 -6 5 3 1 -1 -3 -5 6 4 2 0 -2 -4 -6 5 3 1 -1 -3 -5 6 4 2 0 -2 -4 -6 5 3 1 -1 -3 -5 6 4 2 0 -2 -4 -6 5 3 1 -1 -3 -5 6 4 2 0 -2 -4 -6 5 3 1 -1 -3 -5 6 4 2 0 -2 -4 -6 5 3 1 -1 -3 -5 6 4 2 0 -2 -4
0 -2 -4 -6 5 3 1 -1 -3 -5 6 4 2 0 -2 -4 -6 5 3 1 -1 -3 -5 6 4 2 0 -2 -4 -6 5 3 1 -1 -3 -5 6 4 2 0 -2 -4 -6 5 3 1 -1 -3 -5 6 4 2 0 -2 -4 -6 5 3 1 -1 -3 -5 6 4 2 0 -2 -4 -6 5 3 1 -1 -3 -5 6 4 2 0 -2 -4 -6 5 3 1 -1 -3 -5 6 4 2 0 -2 -4 -6 5 3 1 -1 -3 -5 6 4 2 0 -2 -4 -6 5 3 1 -1 -3 -5 6 4 2 0 -2 -4 -6 5 3 1 -1 -3 -5 6 4 2 0 -2 -4 -6 5 3 1 -1 -3 -5 6 4 2 0 -2 -4 -6 5 3 1 -1 -3 -5 6 4 2 0 -2 -4 -6 5 3 1 -1 -3 -5 6 4 2 0 -2 -4 -6 5 3 1 -1 -3 -5 6 4 2 0 -2 -4 -6 5 3 1 -1 -3 -5 6 4 2 0 -2 -4 -6 5 3 1 -1 -3 -5 6 4 2 0 -2 -4 -6 5 3 1 -1 -3 -5 6 4 2 0 -2 -4 -6 5 3 1 -1 -3 -5 6 4 2 0 -2 -4 -6 5 3 1 -1 -3 -5 6 4 2 0 -2 -4 -6 5 3 1 -1 -3 -5 6 4 2 0 -2 -4 -6 5 3 1 -1 -3 -5 6 4 2 0 -2 -4 -6 5 3 1 -1 -3 -5 6 4 2 0 -2 -4 -6 5 3 1 -1 -3 -5 6 4 2 0 -2 -4 -6 5 3 1 -1 -3 -5 6 4 2 0 -2 -4 -6 5 3 1 -1 -3 -5 6 4 2 0 -2 -4 -6 5 3 1 -1 -3 -5 6 4 2 0 -2 -4 -6 5 3 1 -1 -3 -5 6 4 2 0 -2 -4 -6 5 3 1 -1 -3 -5 6 4 2 0 -2 -4 -6 5 3 1 -1 -3 -5 6 4 2 0 -2 -4 -6 5 3 1 -1 -3 -5 6 4 2 0 -2 -4 -6 5 3 1 -1 -3 -5 6 4 2 0 -2 -4 -6 5 3 1 -1 -3 -5 6 4 2 0 -2 -4 -6 5 3 1 -1 -3 -5 6 4 2 0 -2 -4 -6 5 3 1 -1 -3 -5 6 4 2 0 -2 -4 -6 5 3 1 -1 -3 -5 6 4 2 0 -2 -4 -6 5 3 1 -1 -3 -5 6 4 2 0 -2 -4 -6 5 3 1 -1 -3 -5 6 4 2 0 -2 -4 -6 5 3 1 -1 -3 -5 6 4 2 0 -2 -4 -6 5 3
-6 5 3 1 -1 -3 -5 6 4 2 0 -2 -4 -6 5 3 1 -1 -3 -5 6 4 2 0 -2 -4 -6 5 3 1 -1 -3 -5 6 4 2 0 -2 -4 -6 5 3 1 -1 -3 -5 6 4 2 0 -2 -4 -6 5 3 1 -1 -3 -5 6 4 2 0 -2 -4 -6 5 3 1 -1 -3 -5 6 4 2 0 -2 -4 -6 5 3 1 -1 -3 -5 6 4 2 0 -2 -4 -6 5 3 1 -1 -3 -5 6 4 2 0 -2 -4 -6 5 3 1 -1 -3 -5 6 4 2 0 -2 -4 -6 5 3 1 -1 -3 -5 6 4 2 0 -2 -4 -6 5 3 1 -1 -3 -5 6 4 2 0 -2 -4 -6 5 3 1 -1 -3 -5 6 4 2 0 -2 -4 -6 5 3 1 -1 -3 -5 6 4 2 0 -2 -4 -6 5 3 1 -1 -3 -5 6 4 2 0 -2 -4 -6 5 3 1 -1 -3 -5 6 4 2 0 -2 -4 -6 5 3 1 -1 -3 -5 6 4 2 0 -2 -4 -6 5 3 1 -1 -3 -5 6 4 2 0 -2 -4 -6 5 3 1 -1 -3 -5 6 4 2 0 -2 -4 -6 5 3 1 -1 -3 -5 6 4 2 0 -2 -4 -6 5 3 1 -1 -3 -5 6 4 2 0 -2 -4 -6 5 3 1 -1 -3 -5 6 4 2 0 -2 -4 -6 5 3 1 -1 -3 -5 6 4 2 0 -2 -4 -6 5 3 1 -1 -3 -5 6 4 2 0 -2 -4 -6 5 3 1 -1 -3 -5 6 4 2 0 -2 -4 -6 5 3 1 -1 -3 -5 6 4 2 0 -2 -4 -6 5 3 1 -1 -3 -5 6 4 2 0 -2 -4 -6 5 3 1 -1 -3 -5 6 4 2 0 -2 -4 -6 5 3 1 -1 -3 -5 6 4 2 0 -2 -4 -6 5 3 1 -1 -3 -5 6 4 2 0 -2 -4 -6 5 3 1 -1 -3 -5 6 4 2 0 -2 -4 -6 5 3 1 -1 -3 -5 6 4 2 0 -2 -4 -6 5 3 1 -1 -3 -5 6 4 2 0 -2 -4 -6 5 3 1 -1 -3 -5 6 4 2 0 -2 -4 -6 5 3 1 -1 -3 -5 6 4 2 0 -2 -4 -6 5 3 1 -1 -3 -5 6 4 2 0 -2 -4 -6 5 3 1 -1 -3 -5 6 4 2 0 -2 -4 -6 5 3 1 -1 -3 -5 6 4 2 0 -2 -4 -6 5 3 1 -1 -3 -5 6 4 2 0 -2 -4 -6 5 3 1 -1 -3
1 -1 -3 -5 6 4 2 0 -2 -4 -6 5 3 1 -1 -3 -5 6 4 2 0 -2 -4 -6 5 3 1 -1 -3 -5 6 4 2 0 -2 -4 -6 5 3 1 -1 -3 -5 6 4 2 0 -2 -4 -6 5 3 1 -1 -3 -5 6 4 2 0 -2 -4 -6 5 3 1 -1 -3 -5 6 4 2 0 -2 -4 -6 5 3 1 -1 -3 -5 6 4 2 0 -2 -4 -6 5 3 1 -1 -3 -5 6 4 2 0 -2 -4 -6 5 3 1 -1 -3 -5 6 4 2 0 -2 -4 -6 5 3 1 -1 -3 -5 6 4 2 0 -2 -4 -6 5 3 1 -1 -3 -5 6 4 2 0 -2 -4 -6 5 3 1 -1 -3 -5 6 4 2 0 -2 -4 -6 5 3 1 -1 -3 -5 6 4 2 0 -2 -4 -6 5 3 1 -1 -3 -5 6 4 2 0 -2 -4 -6 5 3 1 -1 -3 -5 6 4 2 0 -2 -4 -6 5 3 1 -1 -3 -5 6 4 2 0 -2 -4 -6 5 3 1 -1 -3 -5 6 4 2 0 -2 -4 -6 5 3 1 -1 -3 -5 6 4 2 0 -2 -4 -6 5 3 1 -1 -3 -5 6 4 2 0 -2 -4 -6 5 3 1 -1 -3 -5 6 4 2 0 -2 -4 -6 5 3 1 -1 -3 -5 6 4 2 0 -2 -4 -6 5 3 1 -1 -3 -5 6 4 2 0 -2 -4 -6 5 3 1 -1 -3 -5 6 4 2 0 -2 -4 -6 5 3 1 -1 -3 -5 6 4 2 0 -2 -4 -6 5 3 1 -1 -3 -5 6 4 2 0 -2 -4 -6 5 3 1 -1 -3 -5 6 4 2 0 -2 -4 -6 5 3 1 -1 -3 -5 6 4 2 0 -2 -4 -6 5 3 1 -1 -3 -5 6 4 2 0 -2 -4 -6 5 3 1 -1 -3 -5 6 4 2 0 -2 -4 -6 5 3 1 -1 -3 -5 6 4 2 0 -2 -4 -6 5 3 1 -1 -3 -5 6 4 2 0 -2 -4 -6 5 3 1 -1 -3 -5 6 4 2 0 -2 -4 -6 5 3 1 -1 -3 -5 6 4 2 0 -2 -4 -6 5 3 1 -1 -3 -5 6 4 2 0 -2 -4 -6 5 3 1 -1 -3 -5 6 4 2 0 -2 -4 -6 5 3 1 -1 -3 -5 6 4 2 0 -2 -4 -6 5 3 1 -1 -3 -5 6 4 2 0 -2 -4 -6 5 3 1 -1 -3 -5 6 4 2 0 -2 -4 -6 5 3 1 -1 -3 -5 6 4
-5 6 4 2 0 -2 -4 -6 5 3 1 -1 -3 -5 6 4 2 0 -2 -4 -6 5 3 1 -1 -3 -5 6 4 2 0 -2 -4 -6 5 3 1 -1 -3 -5 6 4 2 0 -2 -4 -6 5 3 1 -1 -3 -5 6 4 2 0 -2 -4 -6 5 3 1 -1 -3 -5 6 4 2 0 -2 -4 -6 5 3 1 -1 -3 -5 6 4 2 0 -2 -4 -6 5 3 1 -1 -3 -5 6 4 2 0 -2 -4 -6 5 3 1 -1 -3 -5 6 4 2 0 -2 -4 -6 5 3 1 -1 -3 -5 6 4 2 0 -2 -4 -6 5 3 1 -1 -3 -5 6 4 2 0 -2 -4 -6 5 3 1 -1 -3 -5 6 4 2 0 -2 -4 -6 5 3 1 -1 -3 -5 6 4 2 0 -2 -4 -6 5 3 1 -1 -3 -5 6 4 2 0 -2 -4 -6 5 3 1 -1 -3 -5 6 4 2 0 -2 -4 -6 5 3 1 -1 -3 -5 6 4 2 0 -2 -4 -6 5 3 1 -1 -3 -5 6 4 2 0 -2 -4 -6 5 3 1 -1 -3 -5 6 4 2 0 -2 -4 -6 5 3 1 -1 -3 -5 6 4 2 0 -2 -4 -6 5 3 1 -1 -3 -5 6 4 2 0 -2 -4 -6 5 3 1 -1 -3 -5 6 4 2 0 -2 -4 -6 5 3 1 -1 -3 -5 6 4 2 0 -2 -4 -6 5 3 1 -1 -3 -5 6 4 2 0 -2 -4 -6 5 3 1 -1 -3 -5 6 4 2 0 -2 -4 -6 5 3 1 -1 -3 -5 6 4 2 0 -2 -4 -6 5 3 1 -1 -3 -5 6 4 2 0 -2 -4 -6 5 3 1 -1 -3 -5 6 4 2 0 -2 -4 -6 5 3 1 -1 -3 -5 6 4 2 0 -2 -4 -6 5 3 1 -1 -3 -5 6 4 2 0 -2 -4 -6 5 3 1 -1 -3 -5 6 4 2 0 -2 -4 -6 5 3 1 -1 -3 -5 6 4 2 0 -2 -4 -6 5 3 1 -1 -3 -5 6 4 2 0 -2 -4 -6 5 3 1 -1 -3 -5 6 4 2 0 -2 -4 -6 5 3 1 -1 -3 -5 6 4 2 0 -2 -4 -6 5 3 1 -1 -3 -5 6 4 2 0 -2 -4 -6 5 3 1 -1 -3 -5 6 4 2 0 -2 -4 -6 5 3 1 -1 -3 -5 6 4 2 0 -2 -4 -6 5 3 1 -1 -3 -5 6 4 2 0 -2 -4 -6 5 3 1 -1 -3 -5 6 4 2 0 -2
2 0 -2 -4 -6 5 3 1 -1 -3 -5 6 4 2 0 -2 -4 -6 5 3 1 -1 -3 -5 6 4 2 0 -2 -4 -6 5 3 1 -1 -3 -5 6 4 2 0 -2 -4 -6 5 3 1 -1 -3 -5 6 4 2 0 -2 -4 -6 5 3 1 -1 -3 -5 6 4 2 0 -2 -4 -6 5 3 1 -1 -3 -5 6 4 2 0 -2 -4 -6 5 3 1 -1 -3 -5 6 4 2 0 -2 -4 -6 5 3 1 -1 -3 -5 6 4 2 0 -2 -4 -6 5 3 1 -1 -3 -5 6 4 2 0 -2 -4 -6 5 3 1 -1 -3 -5 6 4 2 0 -2 -4 -6 5 3 1 -1 -3 -5 6 4 2 0 -2 -4 -6 5 3 1 -1 -3 -5 6 4 2 0 -2 -4 -6 5 3 1 -1 -3 -5 6 4 2 0 -2 -4 -6 5 3 1 -1 -3 -5 6 4 2 0 -2 -4 -6 5 3 1 -1 -3 -5 6 4 2 0 -2 -4 -6 5 3 1 -1 -3 -5 6 4 2 0 -2 -4 -6 5 3 1 -1 -3 -5 6 4 2 0 -2 -4 -6 5 3 1 -1 -3 -5 6 4 2 0 -2 -4 -6 5 3 1 -1 -3 -5 6 4 2 0 -2 -4 -6 5 3 1 -1 -3 -5 6 4 2 0 -2 -4 -6 5 3 1 -1 -3 -5 6 4 2 0 -2 -4 -6 5 3 1 -1 -3 -5 6 4 2 0 -2 -4 -6 5 3 1 -1 -3 -5 6 4 2 0 -2 -4 -6 5 3 1 -1 -3 -5 6 4 2 0 -2 -4 -6 5 3 1 -1 -3 -5 6 4 2 0 -2 -4 -6 5 3 1 -1 -3 -5 6 4 2 0 -2 -4 -6 5 3 1 -1 -3 -5 6 4 2 0 -2 -4 -6 5 3 1 -1 -3 -5 6 4 2 0 -2 -4 -6 5 3 1 -1 -3 -5 6 4 2 0 -2 -4 -6 5 3 1 -1 -3 -5 6 4 2 0 -2 -4 -6 5 3 1 -1 -3 -5 6 4 2 0 -2 -4 -6 5 3 1 -1 -3 -5 6 4 2 0 -2 -4 -6 5 3 1 -1 -3 -5 6 4 2 0 -2 -4 -6 5 3 1 -1 -3 -5 6 4 2 0 -2 -4 -6 5 3 1 -1 -3 -5 6 4 2 0 -2 -4 -6 5 3 1 -1 -3 -5 6 4 2 0 -2 -4 -6 5 3 1 -1 -3 -5 6 4 2 0 -2 -4 -6 5 3 1 -1 -3 -5 6 4 2 0 -2 -4 -6 5
-4 -6 5 3 1 -1 -3 -5 6 4 2 0 -2 -4 -6 5 3 1 -1 -3 -5 6 4 2 0 -2 -4 -6 5 3 1 -1 -3 -5 6 4 2 0 -2 -4 -6 5 3 1 -1 -3 -5 6 4 2 0 -2 -4 -6 5 3 1 -1 -3 -5 6 4 2 0 -2 -4 -6 5 3 1 -1 -3 -5 6 4 2 0 -2 -4 -6 5 3 1 -1 -3 -5 6 4 2 0 -2 -4 -6 5 3 1 -1 -3 -5 6 4 2 0 -2 -4 -6 5 3 1 -1 -3 -5 6 4 2 0 -2 -4 -6 5 3 1 -1 -3 -5 6 4 2 0 -2 -4 -6 5 3 1 -1 -3 -5 6 4 2 0 -2 -4 -6 5 3 1 -1 -3 -5 6 4 2 0 -2 -4 -6 5 3 1 -1 -3 -5 6 4 2 0 -2 -4 -6 5 3 1 -1 -3 -5 6 4 2 0 -2 -4 -6 5 3 1 -1 -3 -5 6 4 2 0 -2 -4 -6 5 3 1 -1 -3 -5 6 4 2 0 -2 -4 -6 5 3 1 -1 -3 -5 6 4 2 0 -2 -4 -6 5 3 1 -1 -3 -5 6 4 2 0 -2 -4 -6 5 3 1 -1 -3 -5 6 4 2 0 -2 -4 -6 5 3 1 -1 -3 -5 6 4 2 0 -2 -4 -6 5 3 1 -1 -3 -5 6 4 2 0 -2 -4 -6 5 3 1 -1 -3 -5 6 4 2 0 -2 -4 -6 5 3 1 -1 -3 -5 6 4 2 0 -2 -4 -6 5 3 1 -1 -3 -5 6 4 2 0 -2 -4 -6 5 3 1 -1 -3 -5 6 4 2 0 -2 -4 -6 5 3 1 -1 -3 -5 6 4 2 0 -2 -4 -6 5 3 1 -1 -3 -5 6 4 2 0 -2 -4 -6 5 3 1 -1 -3 -5 6 4 2 0 -2 -4 -6 5 3 1 -1 -3 -5 6 4 2 0 -2 -4 -6 5 3 1 -1 -3 -5 6 4 2 0 -2 -4 -6 5 3 1 -1 -3 -5 6 4 2 0 -2 -4 -6 5 3 1 -1 -3 -5 6 4 2 0 -2 -4 -6 5 3 1 -1 -3 -5 6 4 2 0 -2 -4 -6 5 3 1 -1 -3 -5 6 4 2 0 -2 -4 -6 5 3 1 -1 -3 -5 6 4 2 0 -2 -4 -6 5 3 1 -1 -3 -5 6 4 2 0 -2 -4 -6 5 3 1 -1 -3 -5 6 4 2 0 -2 -4 -6 5 3 1 -1 -3 -5 6 4 2 0 -2 -4 -6 5 3 1 -1
3 1 -1 -3 -5 6 4 2 0 -2 -4 -6 5 3 1 -1 -3 -5 6 4 2 0 -2 -4 -6 5 3 1 -1 -3 -5 6 4 2 0 -2 -4 -6 5 3 1 -1 -3 -5 6 4 2 0 -2 -4 -6 5 3 1 -1 -3 -5 6 4 2 0 -2 -4 -6 5 3 1 -1 -3 -5 6 4 2 0 -2 -4 -6 5 3 1 -1 -3 -5 6 4 2 0 -2 -4 -6 5 3 1 -1 -3 -5 6 4 2 0 -2 -4 -6 5 3 1 -1 -3 -5 6 4 2 0 -2 -4 -6 5 3 1 -1 -3 -5 6 4 2 0 -2 -4 -6 5 3 1 -1 -3 -5 6 4 2 0 -2 -4 -6 5 3 1 -1 -3 -5 6 4 2 0 -2 -4 -6 5 3 1 -1 -3 -5 6 4 2 0 -2 -4 -6 5 3 1 -1 -3 -5 6 4 2 0 -2 -4 -6 5 3 1 -1 -3 -5 6 4 2 0 -2 -4 -6 5 3 1 -1 -3 -5 6 4 2 0 -2 -4 -6 5 3 1 -1 -3 -5 6 4 2 0 -2 -4 -6 5 3 1 -1 -3 -5 6 4 2 0 -2 -4 -6 5 3 1 -1 -3 -5 6 4 2 0 -2 -4 -6 5 3 1 -1 -3 -5 6 4 2 0 -2 -4 -6 5 3 1 -1 -3 -5 6 4 2 0 -2 -4 -6 5 3 1 -1 -3 -5 6 4 2 0 -2 -4 -6 5 3 1 -1 -3 -5 6 4 2 0 -2 -4 -6 5 3 1 -1 -3 -5 6 4 2 0 -2 -4 -6 5 3 1 -1 -3 -5 6 4 2 0 -2 -4 -6 5 3 1 -1 -3 -5 6 4 2 0 -2 -4 -6 5 3 1 -1 -3 -5 6 4 2 0 -2 -4 -6 5 3 1 -1 -3 -5 6 4 2 0 -2 -4 -6 5 3 1 -1 -3 -5 6 4 2 0 -2 -4 -6 5 3 1 -1 -3 -5 6 4 2 0 -2 -4 -6 5 3 1 -1 -3 -5 6 4 2 0 -2 -4 -6 5 3 1 -1 -3 -5 6 4 2 0 -2 -4 -6 5 3 1 -1 -3 -5 6 4 2 0 -2 -4 -6 5 3 1 -1 -3 -5 6 4 2 0 -2 -4 -6 5 3 1 -1 -3 -5 6 4 2 0 -2 -4 -6 5 3 1 -1 -3 -5 6 4 2 0 -2 -4 -6 5 3 1 -1 -3 -5 6 4 2 0 -2 -4 -6 5 3 1 -1 -3 -5 6 4 2 0 -2 -4 -6 5 3 1 -1 -3 -5 6
-3 -5 6 4 2 0 -2 -4 -6 5 3 1 -1 -3 -5 6 4 2 0 -2 -4 -6 5 3 1 -1 -3 -5 6 4 2 0 -2 -4 -6 5 3 1 -1 -3 -5 6 4 2 0 -2 -4 -6 5 3 1 -1 -3 -5 6 4 2 0 -2 -4 -6 5 3 1 -1 -3 -5 6 4 2 0 -2 -4 -6 5 3 1 -1 -3 -5 6 4 2 0 -2 -4 -6 5 3 1 -1 -3 -5 6 4 2 0 -2 -4 -6 5 3 1 -1 -3 -5 6 4 2 0 -2 -4 -6 5 3 1 -1 -3 -5 6 4 2 0 -2 -4 -6 5 3 1 -1 -3 -5 6 4 2 0 -2 -4 -6 5 3 1 -1 -3 -5 6 4 2 0 -2 -4 -6 5 3 1 -1 -3 -5 6 4 2 0 -2 -4 -6 5 3 1 -1 -3 -5 6 4 2 0 -2 -4 -6 5 3 1 -1 -3 -5 6 4 2 0 -2 -4 -6 5 3 1 -1 -3 -5 6 4 2 0 -2 -4 -6 5 3 1 -1 -3 -5 6 4 2 0 -2 -4 -6 5 3 1 -1 -3 -5 6 4 2 0 -2 -4 -6 5 3 1 -1 -3 -5 6 4 2 0 -2 -4 -6 5 3 1 -1 -3 -5 6 4 2 0 -2 -4 -6 5 3 1 -1 -3 -5 6 4 2 0 -2 -4 -6 5 3 1 -1 -3 -5 6 4 2 0 -2 -4 -6 5 3 1 -1 -3 -5 6 4 2 0 -2 -4 -6 5 3 1 -1 -3 -5 6 4 2 0 -2 -4 -6 5 3 1 -1 -3 -5 6 4 2 0 -2 -4 -6 5 3 1 -1 -3 -5 6 4 2 0 -2 -4 -6 5 3 1 -1 -3 -5 6 4 2 0 -2 -4 -6 5 3 1 -1 -3 -5 6 4 2 0 -2 -4 -6 5 3 1 -1 -3 -5 6 4 2 0 -2 -4 -6 5 3 1 -1 -3 -5 6 4 2 0 -2 -4 -6 5 3 1 -1 -3 -5 6 4 2 0 -2 -4 -6 5 3 1 -1 -3 -5 6 4 2 0 -2 -4 -6 5 3 1 -1 -3 -5 6 4 2 0 -2 -4 -6 5 3 1 -1 -3 -5 6 4 2 0 -2 -4 -6 5 3 1 -1 -3 -5 6 4 2 0 -2 -4 -6 5 3 1 -1 -3 -5 6 4 2 0 -2 -4 -6 5 3 1 -1 -3 -5 6 4 2 0 -2 -4 -6 5 3 1 -1 -3 -5 6 4 2 0 -2 -4 -6 5 3 1 -1 -3 -5 6 4 2 0
4 2 0 -2 -4 -6 5 3 1 -1 -3 -5 6 4 2 0 -2 -4 -6 5 3 1 -1 -3 -5 6 4 2 0 -2 -4 -6 5 3 1 -1 -3 -5 6 4 2 0 -2 -4 -6 5 3 1 -1 -3 -5 6 4 2 0 -2 -4 -6 5 3 1 -1 -3 -5 6 4 2 0 -2 -4 -6 5 3 1 -1 -3 -5 6 4 2 0 -2 -4 -6 5 3 1 -1 -3 -5 6 4 2 0 -2 -4 -6 5 3 1 -1 -3 -5 6 4 2 0 -2 -4 -6 5 3 1 -1 -3 -5 6 4 2 0 -2 -4 -6 5 3 1 -1 -3 -5 6 4 2 0 -2 -4 -6 5 3 1 -1 -3 -5 6 4 2 0 -2 -4 -6 5 3 1 -1 -3 -5 6 4 2 0 -2 -4 -6 5 3 1 -1 -3 -5 6 4 2 0 -2 -4 -6 5 3 1 -1 -3 -5 6 4 2 0 -2 -4 -6 5 3 1 -1 -3 -5 6 4 2 0 -2 -4 -6 5 3 1 -1 -3 -5 6 4 2 0 -2 -4 -6 5 3 1 -1 -3 -5 6 4 2 0 -2 -4 -6 5 3 1 -1 -3 -5 6 4 2 0 -2 -4 -6 5 3 1 -1 -3 -5 6 4 2 0 -2 -4 -6 5 3 1 -1 -3 -5 6 4 2 0 -2 -4 -6 5 3 1 -1 -3 -5 6 4 2 0 -2 -4 -6 5 3 1 -1 -3 -5 6 4 2 0 -2 -4 -6 5 3 1 -1 -3 -5 6 4 2 0 -2 -4 -6 5 3 1 -1 -3 -5 6 4 2 0 -2 -4 -6 5 3 1 -1 -3 -5 6 4 2 0 -2 -4 -6 5 3 1 -1 -3 -5 6 4 2 0 -2 -4 -6 5 3 1 -1 -3 -5 6 4 2 0 -2 -4 -6 5 3 1 -1 -3 -5 6 4 2 0 -2 -4 -6 5 3 1 -1 -3 -5 6 4 2 0 -2 -4 -6 5 3 1 -1 -3 -5 6 4 2 0 -2 -4 -6 5 3 1 -1 -3 -5 6 4 2 0 -2 -4 -6 5 3 1 -1 -3 -5 6 4 2 0 -2 -4 -6 5 3 1 -1 -3 -5 6 4 2 0 -2 -4 -6 5 3 1 -1 -3 -5 6 4 2 0 -2 -4 -6 5 3 1 -1 -3 -5 6 4 2 0 -2 -4 -6 5 3 1 -1 -3 -5 6 4 2 0 -2 -4 -6 5 3 1 -1 -3 -5 6 4 2 0 -2 -4 -6 5 3 1 -1 -3 -5 6 4 2 0 -2 -4 -6
-2 -4 -6 5 3 1 -1 -3 -5 6 4 2 0 -2 -4 -6 5 3 1 -1 -3 -5 6 4 2 0 -2 -4 -6 5 3 1 -1 -3 -5 6 4 2 0 -2 -4 -6 5 3 1 -1 -3 -5 6 4 2 0 -2 -4 -6 5 3 1 -1 -3 -5 6 4 2 0 -2 -4 -6 5 3 1 -1 -3 -5 6 4 2 0 -2 -4 -6 5 3 1 -1 -3 -5 6 4 2 0 -2 -4 -6 5 3 1 -1 -3 -5 6 4 2 0 -2 -4 -6 5 3 1 -1 -3 -5 6 4 2 0 -2 -4 -6 5 3 1 -1 -3 -5 6 4 2 0 -2 -4 -6 5 3 1 -1 -3 -5 6 4 2 0 -2 -4 -6 5 3 1 -1 -3 -5 6 4 2 0 -2 -4 -6 5 3 1 -1 -3 -5 6 4 2 0 -2 -4 -6 5 3 1 -1 -3 -5 6 4 2 0 -2 -4 -6 5 3 1 -1 -3 -5 6 4 2 0 -2 -4 -6 5 3 1 -1 -3 -5 6 4 2 0 -2 -4 -6 5 3 1 -1 -3 -5 6 4 2 0 -2 -4 -6 5 3 1 -1 -3 -5 6 4 2 0 -2 -4 -6 5 3 1 -1 -3 -5 6 4 2 0 -2 -4 -6 5 3 1 -1 -3 -5 6 4 2 0 -2 -4 -6 5 3 1 -1 -3 -5 6 4 2 0 -2 -4 -6 5 3 1 -1 -3 -5 6 4 2 0 -2 -4 -6 5 3 1 -1 -3 -5 6 4 2 0 -2 -4 -6 5 3 1 -1 -3 -5 6 4 2 0 -2 -4 -6 5 3 1 -1 -3 -5 6 4 2 0 -2 -4 -6 5 3 1 -1 -3 -5 6 4 2 0 -2 -4 -6 5 3 1 -1 -3 -5 6 4 2 0 -2 -4 -6 5 3 1 -1 -3 -5 6 4 2 0 -2 -4 -6 5 3 1 -1 -3 -5 6 4 2 0 -2 -4 -6 5 3 1 -1 -3 -5 6 4 2 0 -2 -4 -6 5 3 1 -1 -3 -5 6 4 2 0 -2 -4 -6 5 3 1 -1 -3 -5 6 4 2 0 -2 -4 -6 5 3 1 -1 -3 -5 6 4 2 0 -2 -4 -6 5 3 1 -1 -3 -5 6 4 2 0 -2 -4 -6 5 3 1 -1 -3 -5 6 4 2 0 -2 -4 -6 5 3 1 -1 -3 -5 6 4 2 0 -2 -4 -6 5 3 1 -1 -3 -5 6 4 2 0 -2 -4 -6 5 3 1 -1 -3 -5 6 4 2 0 -2 -4 -6 5 3 1
5 3 1 -1 -3 -5 6 4 2 0 -2 -4 -6 5 3 1 -1 -3 -5 6 4 2 0 -2 -4 -6 5 3 1 -1 -3 -5 6 4 2 0 -2 -4 -6 5 3 1 -1 -3 -5 6 4 2 0 -2 -4 -6 5 3 1 -1 -3 -5 6 4 2 0 -2 -4 -6 5 3 1 -1 -3 -5 6 4 2 0 -2 -4 -6 5 3 1 -1 -3 -5 6 4 2 0 -2 -4 -6 5 3 1 -1 -3 -5 6 4 2 0 -2 -4 -6 5 3 1 -1 -3 -5 6 4 2 0 -2 -4 -6 5 3 1 -1 -3 -5 6 4 2 0 -2 -4 -6 5 3 1 -1 -3 -5 6 4 2 0 -2 -4 -6 5 3 1 -1 -3 -5 6 4 2 0 -2 -4 -6 5 3 1 -1 -3 -5 6 4 2 0 -2 -4 -6 5 3 1 -1 -3 -5 6 4 2 0 -2 -4 -6 5 3 1 -1 -3 -5 6 4 2 0 -2 -4 -6 5 3 1 -1 -3 -5 6 4 2 0 -2 -4 -6 5 3 1 -1 -3 -5 6 4 2 0 -2 -4 -6 5 3 1 -1 -3 -5 6 4 2 0 -2 -4 -6 5 3 1 -1 -3 -5 6 4 2 0 -2 -4 -6 5 3 1 -1 -3 -5 6 4 2 0 -2 -4 -6 5 3 1 -1 -3 -5 6 4 2 0 -2 -4 -6 5 3 1 -1 -3 -5 6 4 2 0 -2 -4 -6 5 3 1 -1 -3 -5 6 4 2 0 -2 -4 -6 5 3 1 -1 -3 -5 6 4 2 0 -2 -4 -6 5 3 1 -1 -3 -5 6 4 2 0 -2 -4 -6 5 3 1 -1 -3 -5 6 4 2 0 -2 -4 -6 5 3 1 -1 -3 -5 6 4 2 0 -2 -4 -6 5 3 1 -1 -3 -5 6 4 2 0 -2 -4 -6 5 3 1 -1 -3 -5 6 4 2 0 -2 -4 -6 5 3 1 -1 -3 -5 6 4 2 0 -2 -4 -6 5 3 1 -1 -3 -5 6 4 2 0 -2 -4 -6 5 3 1 -1 -3 -5 6 4 2 0 -2 -4 -6 5 3 1 -1 -3 -5 6 4 2 0 -2 -4 -6 5 3 1 -1 -3 -5 6 4 2 0 -2 -4 -6 5 3 1 -1 -3 -5 6 4 2 0 -2 -4 -6 5 3 1 -1 -3 -5 6 4 2 0 -2 -4 -6 5 3 1 -1 -3 -5 6 4 2 0 -2 -4 -6 5 3 1 -1 -3 -5 6 4 2 0 -2 -4 -6 5 3 1 -1 -3 -5
-1 -3 -5 6 4 2 0 -2 -4 -6 5 3 1 -1 -3 -5 6 4 2 0 -2 -4 -6 5 3 1 -1 -3 -5 6 4 2 0 -2 -4 -6 5 3 1 -1 -3 -5 6 4 2 0 -2 -4 -6 5 3 1 -1 -3 -5 6 4 2 0 -2 -4 -6 5 3 1 -1 -3 -5 6 4 2 0 -2 -4 -6 5 3 1 -1 -3 -5 6 4 2 0 -2 -4 -6 5 3 1 -1 -3 -5 6 4 2 0 -2 -4 -6 5 3 1 -1 -3 -5 6 4 2 0 -2 -4 -6 5 3 1 -1 -3 -5 6 4 2 0 -2 -4 -6 5 3 1 -1 -3 -5 6 4 2 0 -2 -4 -6 5 3 1 -1 -3 -5 6 4 2 0 -2 -4 -6 5 3 1 -1 -3 -5 6 4 2 0 -2 -4 -6 5 3 1 -1 -3 -5 6 4 2 0 -2 -4 -6 5 3 1 -1 -3 -5 6 4 2 0 -2 -4 -6 5 3 1 -1 -3 -5 6 4 2 0 -2 -4 -6 5 3 1 -1 -3 -5 6 4 2 0 -2 -4 -6 5 3 1 -1 -3 -5 6 4 2 0 -2 -4 -6 5 3 1 -1 -3 -5 6 4 2 0 -2 -4 -6 5 3 1 -1 -3 -5 6 4 2 0 -2 -4 -6 5 3 1 -1 -3 -5 6 4 2 0 -2 -4 -6 5 3 1 -1 -3 -5 6 4 2 0 -2 -4 -6 5 3 1 -1 -3 -5 6 4 2 0 -2 -4 -6 5 3 1 -1 -3 -5 6 4 2 0 -2 -4 -6 5 3 1 -1 -3 -5 6 4 2 0 -2 -4 -6 5 3 1 -1 -3 -5 6 4 2 0 -2 -4 -6 5 3 1 -1 -3 -5 6 4 2 0 -2 -4 -6 5 3 1 -1 -3 -5 6 4 2 0 -2 -4 -6 5 3 1 -1 -3 -5 6 4 2 0 -2 -4 -6 5 3 1 -1 -3 -5 6 4 2 0 -2 -4 -6 5 3 1 -1 -3 -5 6 4 2 0 -2 -4 -6 5 3 1 -1 -3 -5 6 4 2 0 -2 -4 -6 5 3 1 -1 -3 -5 6 4 2 0 -2 -4 -6 5 3 1 -1 -3 -5 6 4 2 0 -2 -4 -6 5 3 1 -1 -3 -5 6 4 2 0 -2 -4 -6 5 3 1 -1 -3 -5 6 4 2 0 -2 -4 -6 5 3 1 -1 -3 -5 6 4 2 0 -2 -4 -6 5 3 1 -1 -3 -5 6 4 2 0 -2 -4 -6 5 3 1 -1 -3 -5 6 4 2
6 4 2 0 -2 -4 -6 5 3 1 -1 -3 -5 6 4 2 0 -2 -4 -6 5 3 1 -1 -3 -5 6 4 2 0 -2 -4 -6 5 3 1 -1 -3 -5 6 4 2 0 -2 -4 -6 5 3 1 -1 -3 -5 6 4 2 0 -2 -4 -6 5 3 1 -1 -3 -5 6 4 2 0 -2 -4 -6 5 3 1 -1 -3 -5 6 4 2 0 -2 -4 -6 5 3 1 -1 -3 -5 6 4 2 0 -2 -4 -6 5 3 1 -1 -3 -5 6 4 2 0 -2 -4 -6 5 3 1 -1 -3 -5 6 4 2 0 -2 -4 -6 5 3 1 -1 -3 -5 6 4 2 0 -2 -4 -6 5 3 1 -1 -3 -5 6 4 2 0 -2 -4 -6 5 3 1 -1 -3 -5 6 4 2 0 -2 -4 -6 5 3 1 -1 -3 -5 6 4 2 0 -2 -4 -6 5 3 1 -1 -3 -5 6 4 2 0 -2 -4 -6 5 3 1 -1 -3 -5 6 4 2 0 -2 -4 -6 5 3 1 -1 -3 -5 6 4 2 0 -2 -4 -6 5 3 1 -1 -3 -5 6 4 2 0 -2 -4 -6 5 3 1 -1 -3 -5 6 4 2 0 -2 -4 -6 5 3 1 -1 -3 -5 6 4 2 0 -2 -4 -6 5 3 1 -1 -3 -5 6 4 2 0 -2 -4 -6 5 3 1 -1 -3 -5 6 4 2 0 -2 -4 -6 5 3 1 -1 -3 -5 6 4 2 0 -2 -4 -6 5 3 1 -1 -3 -5 6 4 2 0 -2 -4 -6 5 3 1 -1 -3 -5 6 4 2 0 -2 -4 -6 5 3 1 -1 -3 -5 6 4 2 0 -2 -4 -6 5 3 1 -1 -3 -5 6 4 2 0 -2 -4 -6 5 3 1 -1 -3 -5 6 4 2 0 -2 -4 -6 5 3 1 -1 -3 -5 6 4 2 0 -2 -4 -6 5 3 1 -1 -3 -5 6 4 2 0 -2 -4 -6 5 3 1 -1 -3 -5 6 4 2 0 -2 -4 -6 5 3 1 -1 -3 -5 6 4 2 0 -2 -4 -6 5 3 1 -1 -3 -5 6 4 2 0 -2 -4 -6 5 3 1 -1 -3 -5 6 4 2 0 -2 -4 -6 5 3 1 -1 -3 -5 6 4 2 0 -2 -4 -6 5 3 1 -1 -3 -5 6 4 2 0 -2 -4 -6 5 3 1 -1 -3 -5 6 4 2 0 -2 -4 -6 5 3 1 -1 -3 -5 6 4 2 0 -2 -4 -6 5 3 1 -1 -3 -5 6 4 2 0 -2 -4
0 -2 -4 -6 5 3 1 -1 -3 -5 6 4 2 0 -2 -4 -6 5 3 1 -1 -3 -5 6 4 2 0 -2 -4 -6 5 3 1 -1 -3 -5 6 4 2 0 -2 -4 -6 5 3 1 -1 -3 -5 6 4 2 0 -2 -4 -6 5 3 1 -1 -3 -5 6 4 2 0 -2 -4 -6 5 3 1 -1 -3 -5 6 4 2 0 -2 -4 -6 5 3 1 -1 -3 -5 6 4 2 0 -2 -4 -6 5 3 1 -1 -3 -5 6 4 2 0 -2 -4 -6 5 3 1 -1 -3 -5 6 4 2 0 -2 -4 -6 5 3 1 -1 -3 -5 6 4 2 0 -2 -4 -6 5 3 1 -1 -3 -5 6 4 2 0 -2 -4 -6 5 3 1 -1 -3 -5 6 4 2 0 -2 -4 -6 5 3 1 -1 -3 -5 6 4 2 0 -2 -4 -6 5 3 1 -1 -3 -5 6 4 2 0 -2 -4 -6 5 3 1 -1 -3 -5 6 4 2 0 -2 -4 -6 5 3 1 -1 -3 -5 6 4 2 0 -2 -4 -6 5 3 1 -1 -3 -5 6 4 2 0 -2 -4 -6 5 3 1 -1 -3 -5 6 4 2 0 -2 -4 -6 5 3 1 -1 -3 -5 6 4 2 0 -2 -4 -6 5 3 1 -1 -3 -5 6 4 2 0 -2 -4 -6 5 3 1 -1 -3 -5 6 4 2 0 -2 -4 -6 5 3 1 -1 -3 -5 6 4 2 0 -2 -4 -6 5 3 1 -1 -3 -5 6 4 2 0 -2 -4 -6 5 3 1 -1 -3 -5 6 4 2 0 -2 -4 -6 5 3 1 -1 -3 -5 6 4 2 0 -2 -4 -6 5 3 1 -1 -3 -5 6 4 2 0 -2 -4 -6 5 3 1 -1 -3 -5 6 4 2 0 -2 -4 -6 5 3 1 -1 -3 -5 6 4 2 0 -2 -4 -6 5 3 1 -1 -3 -5 6 4 2 0 -2 -4 -6 5 3 1 -1 -3 -5 6 4 2 0 -2 -4 -6 5 3 1 -1 -3 -5 6 4 2 0 -2 -4 -6 5 3 1 -1 -3 -5 6 4 2 0 -2 -4 -6 5 3 1 -1 -3 -5 6 4 2 0 -2 -4 -6 5 3 1 -1 -3 -5 6 4 2 0 -2 -4 -6 5 3 1 -1 -3 -5 6 4 2 0 -2 -4 -6 5 3 1 -1 -3 -5 6 4 2 0 -2 -4 -6 5 3 1 -1 -3 -5 6 4 2 0 -2 -4 -6 5 3 1 -1 -3 -5 6 4 2 0 -2 -4 -6 5 3
-6 5 3 1 -1 -3 -5 6 4 2 0 -2 -4 -6 5 3 1 -1 -3 -5 6 4 2 0 -2 -4 -6 5 3 1 -1 -3 -5 6 4 2 0 -2 -4 -6 5 3 1 -1 -3 -5 6 4 2 0 -2 -4 -6 5 3 1 -1 -3 -5 6 4 2 0 -2 -4 -6 5 3 1 -1 -3 -5 6 4 2 0 -2 -4 -6 5 3 1 -1 -3 -5 6 4 2 0 -2 -4 -6 5 3 1 -1 -3 -5 6 4 2 0 -2 -4 -6 5 3 1 -1 -3 -5 6 4 2 0 -2 -4 -6 5 3 1 -1 -3 -5 6 4 2 0 -2 -4 -6 5 3 1 -1 -3 -5 6 4 2 0 -2 -4 -6 5 3 1 -1 -3 -5 6 4 2 0 -2 -4 -6 5 3 1 -1 -3 -5 6 4 2 0 -2 -4 -6 5 3 1 -1 -3 -5 6 4 2 0 -2 -4 -6 5 3 1 -1 -3 -5 6 4 2 0 -2 -4 -6 5 3 1 -1 -3 -5 6 4 2 0 -2 -4 -6 5 3 1 -1 -3 -5 6 4 2 0 -2 -4 -6 5 3 1 -1 -3 -5 6 4 2 0 -2 -4 -6 5 3 1 -1 -3 -5 6 4 2 0 -2 -4 -6 5 3 1 -1 -3 -5 6 4 2 0 -2 -4 -6 5 3 1 -1 -3 -5 6 4 2 0 -2 -4 -6 5 3 1 -1 -3 -5 6 4 2 0 -2 -4 -6 5 3 1 -1 -3 -5 6 4 2 0 -2 -4 -6 5 3 1 -1 -3 -5 6 4 2 0 -2 -4 -6 5 3 1 -1 -3 -5 6 4 2 0 -2 -4 -6 5 3 1 -1 -3 -5 6 4 2 0 -2 -4 -6 5 3 1 -1 -3 -5 6 4 2 0 -2 -4 -6 5 3 1 -1 -3 -5 6 4 2 0 -2 -4 -6 5 3 1 -1 -3 -5 6 4 2 0 -2 -4 -6 5 3 1 -1 -3 -5 6 4 2 0 -2 -4 -6 5 3 1 -1 -3 -5 6 4 2 0 -2 -4 -6 5 3 1 -1 -3 -5 6 4 2 0 -2 -4 -6 5 3 1 -1 -3 -5 6 4 2 0 -2 -4 -6 5 3 1 -1 -3 -5 6 4 2 0 -2 -4 -6 5 3 1 -1 -3 -5 6 4 2 0 -2 -4 -6 5 3 1 -1 -3 -5 6 4 2 0 -2 -4 -6 5 3 1 -1 -3 -5 6 4 2 0 -2 -4 -6 5 3 1 -1 -3 -5 6 4 2 0 -2 -4 -6 5 3 1 -1 -3
1 -1 -3 -5 6 4 2 0 -2 -4 -6 5 3 1 -1 -3 -5 6 4 2 0 -2 -4 -6 5 3 1 -1 -3 -5 6 4 2 0 -2 -4 -6 5 3 1 -1 -3 -5 6 4 2 0 -2 -4 -6 5 3 1 -1 -3 -5 6 4 2 0 -2 -4 -6 5 3 1 -1 -3 -5 6 4 2 0 -2 -4 -6 5 3 1 -1 -3 -5 6 4 2 0 -2 -4 -6 5 3 1 -1 -3 -5 6 4 2 0 -2 -4 -6 5 3 1 -1 -3 -5 6 4 2 0 -2 -4 -6 5 3 1 -1 -3 -5 6 4 2 0 -2 -4 -6 5 3 1 -1 -3 -5 6 4 2 0 -2 -4 -6 5 3 1 -1 -3 -5 6 4 2 0 -2 -4 -6 5 3 1 -1 -3 -5 6 4 2 0 -2 -4 -6 5 3 1 -1 -3 -5 6 4 2 0 -2 -4 -6 5 3 1 -1 -3 -5 6 4 2 0 -2 -4 -6 5 3 1 -1 -3 -5 6 4 2 0 -2 -4 -6 5 3 1 -1 -3 -5 6 4 2 0 -2 -4 -6 5 3 1 -1 -3 -5 6 4 2 0 -2 -4 -6 5 3 1 -1 -3 -5 6 4 2 0 -2 -4 -6 5 3 1 -1 -3 -5 6 4 2 0 -2 -4 -6 5 3 1 -1 -3 -5 6 4 2 0 -2 -4 -6 5 3 1 -1 -3 -5 6 4 2 0 -2 -4 -6 5 3 1 -1 -3 -5 6 4 2 0 -2 -4 -6 5 3 1 -1 -3 -5 6 4 2 0 -2 -4 -6 5 3 1 -1 -3 -5 6 4 2 0 -2 -4 -6 5 3 1 -1 -3 -5 6 4 2 0 -2 -4 -6 5 3 1 -1 -3 -5 6 4 2 0 -2 -4 -6 5 3 1 -1 -3 -5 6 4 2 0 -2 -4 -6 5 3 1 -1 -3 -5 6 4 2 0 -2 -4 -6 5 3 1 -1 -3 -5 6 4 2 0 -2 -4 -6 5 3 1 -1 -3 -5 6 4 2 0 -2 -4 -6 5 3 1 -1 -3 -5 6 4 2 0 -2 -4 -6 5 3 1 -1 -3 -5 6 4 2 0 -2 -4 -6 5 3 1 -1 -3 -5 6 4 2 0 -2 -4 -6 5 3 1 -1 -3 -5 6 4 2 0 -2 -4 -6 5 3 1 -1 -3 -5 6 4 2 0 -2 -4 -6 5 3 1 -1 -3 -5 6 4 2 0 -2 -4 -6 5 3 1 -1 -3 -5 6 4 2 0 -2 -4 -6 5 3 1 -1 -3 -5 6 4
-5 6 4 2 0 -2 -4 -6 5 3 1 -1 -3 -5 6 4 2 0 -2 -4 -6 5 3 1 -1 -3 -5 6 4 2 0 -2 -4 -6 5 3 1 -1 -3 -5 6 4 2 0 -2 -4 -6 5 3 1 -1 -3 -5 6 4 2 0 -2 -4 -6 5 3 1 -1 -3 -5 6 4 2 0 -2 -4 -6 5 3 1 -1 -3 -5 6 4 2 0 -2 -4 -6 5 3 1 -1 -3 -5 6 4 2 0 -2 -4 -6 5 3 1 -1 -3 -5 6 4 2 0 -2 -4 -6 5 3 1 -1 -3 -5 6 4 2 0 -2 -4 -6 5 3 1 -1 -3 -5 6 4 2 0 -2 -4 -6 5 3 1 -1 -3 -5 6 4 2 0 -2 -4 -6 5 3 1 -1 -3 -5 6 4 2 0 -2 -4 -6 5 3 1 -1 -3 -5 6 4 2 0 -2 -4 -6 5 3 1 -1 -3 -5 6 4 2 0 -2 -4 -6 5 3 1 -1 -3 -5 6 4 2 0 -2 -4 -6 5 3 1 -1 -3 -5 6 4 2 0 -2 -4 -6 5 3 1 -1 -3 -5 6 4 2 0 -2 -4 -6 5 3 1 -1 -3 -5 6 4 2 0 -2 -4 -6 5 3 1 -1 -3 -5 6 4 2 0 -2 -4 -6 5 3 1 -1 -3 -5 6 4 2 0 -2 -4 -6 5 3 1 -1 -3 -5 6 4 2 0 -2 -4 -6 5 3 1 -1 -3 -5 6 4 2 0 -2 -4 -6 5 3 1 -1 -3 -5 6 4 2 0 -2 -4 -6 5 3 1 -1 -3 -5 6 4 2 0 -2 -4 -6 5 3 1 -1 -3 -5 6 4 2 0 -2 -4 -6 5 3 1 -1 -3 -5 6 4 2 0 -2 -4 -6 5 3 1 -1 -3 -5 6 4 2 0 -2 -4 -6 5 3 1 -1 -3 -5 6 4 2 0 -2 -4 -6 5 3 1 -1 -3 -5 6 4 2 0 -2 -4 -6 5 3 1 -1 -3 -5 6 4 2 0 -2 -4 -6 5 3 1 -1 -3 -5 6 4 2 0 -2 -4 -6 5 3 1 -1 -3 -5 6 4 2 0 -2 -4 -6 5 3 1 -1 -3 -5 6 4 2 0 -2 -4 -6 5 3 1 -1 -3 -5 6 4 2 0 -2 -4 -6 5 3 1 -1 -3 -5 6 4 2 0 -2 -4 -6 5 3 1 -1 -3 -5 6 4 2 0 -2 -4 -6 5 3 1 -1 -3 -5 6 4 2 0 -2 -4 -6 5 3 1 -1 -3 -5 6 4 2 0 -2
2 0 -2 -4 -6 5 3 1 -1 -3 -5 6 4 2 0 -2 -4 -6 5 3 1 -1 -3 -5 6 4 2 0 -2 -4 -6 5 3 1 -1 -3 -5 6 4 2 0 -2 -4 -6 5 3 1 -1 -3 -5 6 4 2 0 -2 -4 -6 5 3 1 -1 -3 -5 6 4 2 0 -2 -4 -6 5 3 1 -1 -3 -5 6 4 2 0 -2 -4 -6 5 3 1 -1 -3 -5 6 4 2 0 -2 -4 -6 5 3 1 -1 -3 -5 6 4 2 0 -2 -4 -6 5 3 1 -1 -3 -5 6 4 2 0 -2 -4 -6 5 3 1 -1 -3 -5 6 4 2 0 -2 -4 -6 5 3 1 -1 -3 -5 6 4 2 0 -2 -4 -6 5 3 1 -1 -3 -5 6 4 2 0 -2 -4 -6 5 3 1 -1 -3 -5 6 4 2 0 -2 -4 -6 5 3 1 -1 -3 -5 6 4 2 0 -2 -4 -6 5 3 1 -1 -3 -5 6 4 2 0 -2 -4 -6 5 3 1 -1 -3 -5 6 4 2 0 -2 -4 -6 5 3 1 -1 -3 -5 6 4 2 0 -2 -4 -6 5 3 1 -1 -3 -5 6 4 2 0 -2 -4 -6 5 3 1 -1 -3 -5 6 4 2 0 -2 -4 -6 5 3 1 -1 -3 -5 6 4 2 0 -2 -4 -6 5 3 1 -1 -3 -5 6 4 2 0 -2 -4 -6 5 3 1 -1 -3 -5 6 4 2 0 -2 -4 -6 5 3 1 -1 -3 -5 6 4 2 0 -2 -4 -6 5 3 1 -1 -3 -5 6 4 2 0 -2 -4 -6 5 3 1 -1 -3 -5 6 4 2 0 -2 -4 -6 5 3 1 -1 -3 -5 6 4 2 0 -2 -4 -6 5 3 1 -1 -3 -5 6 4 2 0 -2 -4 -6 5 3 1 -1 -3 -5 6 4 2 0 -2 -4 -6 5 3 1 -1 -3 -5 6 4 2 0 -2 -4 -6 5 3 1 -1 -3 -5 6 4 2 0 -2 -4 -6 5 3 1 -1 -3 -5 6 4 2 0 -2 -4 -6 5 3 1 -1 -3 -5 6 4 2 0 -2 -4 -6 5 3 1 -1 -3 -5 6 4 2 0 -2 -4 -6 5 3 1 -1 -3 -5 6 4 2 0 -2 -4 -6 5 3 1 -1 -3 -5 6 4 2 0 -2 -4 -6 5 3 1 -1 -3 -5 6 4 2 0 -2 -4 -6 5 3 1 -1 -3 -5 6 4 2 0 -2 -4 -6 5 3 1 -1 -3 -5 6 4 2 0 -2 -4 -6 5
-4 -6 5 3 1 -1 -3 -5 6 4 2 0 -2 -4 -6 5 3 1 -1 -3 -5 6 4 2 0 -2 -4 -6 5 3 1 -1 -3 -5 6 4 2 0 -2 -4 -6 5 3 1 -1 -3 -5 6 4 2 0 -2 -4 -6 5 3 1 -1 -3 -5 6 4 2 0 -2 -4 -6 5 3 1 -1 -3 -5 6 4 2 0 -2 -4 -6 5 3 1 -1 -3 -5 6 4 2 0 -2 -4 -6 5 3 1 -1 -3 -5 6 4 2 0 -2 -4 -6 5 3 1 -1 -3 -5 6 4 2 0 -2 -4 -6 5 3 1 -1 -3 -5 6 4 2 0 -2 -4 -6 5 3 1 -1 -3 -5 6 4 2 0 -2 -4 -6 5 3 1 -1 -3 -5 6 4 2 0 -2 -4 -6 5 3 1 -1 -3 -5 6 4 2 0 -2 -4 -6 5 3 1 -1 -3 -5 6 4 2 0 -2 -4 -6 5 3 1 -1 -3 -5 6 4 2 0 -2 -4 -6 5 3 1 -1 -3 -5 6 4 2 0 -2 -4 -6 5 3 1 -1 -3 -5 6 4 2 0 -2 -4 -6 5 3 1 -1 -3 -5 6 4 2 0 -2 -4 -6 5 3 1 -1 -3 -5 6 4 2 0 -2 -4 -6 5 3 1 -1 -3 -5 6 4 2 0 -2 -4 -6 5 3 1 -1 -3 -5 6 4 2 0 -2 -4 -6 5 3 1 -1 -3 -5 6 4 2 0 -2 -4 -6 5 3 1 -1 -3 -5 6 4 2 0 -2 -4 -6 5 3 1 -1 -3 -5 6 4 2 0 -2 -4 -6 5 3 1 -1 -3 -5 6 4 2 0 -2 -4 -6 5 3 1 -1 -3 -5 6 4 2 0 -2 -4 -6 5 3 1 -1 -3 -5 6 4 2 0 -2 -4 -6 5 3 1 -1 -3 -5 6 4 2 0 -2 -4 -6 5 3 1 -1 -3 -5 6 4 2 0 -2 -4 -6 5 3 1 -1 -3 -5 6 4 2 0 -2 -4 -6 5 3 1 -1 -3 -5 6 4 2 0 -2 -4 -6 5 3 1 -1 -3 -5 6 4 2 0 -2 -4 -6 5 3 1 -1 -3 -5 6 4 2 0 -2 -4 -6 5 3 1 -1 -3 -5 6 4 2 0 -2 -4 -6 5 3 1 -1 -3 -5 6 4 2 0 -2 -4 -6 5 3 1 -1 -3 -5 6 4 2 0 -2 -4 -6 5 3 1 -1 -3 -5 6 4 2 0 -2 -4 -6 5 3 1 -1 -3 -5 6 4 2 0 -2 -4 -6 5 3 1 -1
3 1 -1 -3 -5 6 4 2 0 -2 -4 -6 5 3 1 -1 -3 -5 6 4 2 0 -2 -4 -6 5 3 1 -1 -3 -5 6 4 2 0 -2 -4 -6 5 3 1 -1 -3 -5 6 4 2 0 -2 -4 -6 5 3 1 -1 -3 -5 6 4 2 0 -2 -4 -6 5 3 1 -1 -3 -5 6 4 2 0 -2 -4 -6 5 3 1 -1 -3 -5 6 4 2 0 -2 -4 -6 5 3 1 -1 -3 -5 6 4 2 0 -2 -4 -6 5 3 1 -1 -3 -5 6 4 2 0 -2 -4 -6 5 3 1 -1 -3 -5 6 4 2 0 -2 -4 -6 5 3 1 -1 -3 -5 6 4 2 0 -2 -4 -6 5 3 1 -1 -3 -5 6 4 2 0 -2 -4 -6 5 3 1 -1 -3 -5 6 4 2 0 -2 -4 -6 5 3 1 -1 -3 -5 6 4 2 0 -2 -4 -6 5 3 1 -1 -3 -5 6 4 2 0 -2 -4 -6 5 3 1 -1 -3 -5 6 4 2 0 -2 -4 -6 5 3 1 -1 -3 -5 6 4 2 0 -2 -4 -6 5 3 1 -1 -3 -5 6 4 2 0 -2 -4 -6 5 3 1 -1 -3 -5 6 4 2 0 -2 -4 -6 5 3 1 -1 -3 -5 6 4 2 0 -2 -4 -6 5 3 1 -1 -3 -5 6 4 2 0 -2 -4 -6 5 3 1 -1 -3 -5 6 4 2 0 -2 -4 -6 5 3 1 -1 -3 -5 6 4 2 0 -2 -4 -6 5 3 1 -1 -3 -5 6 4 2 0 -2 -4 -6 5 3 1 -1 -3 -5 6 4 2 0 -2 -4 -6 5 3 1 -1 -3 -5 6 4 2 0 -2 -4 -6 5 3 1 -1 -3 -5 6 4 2 0 -2 -4 -6 5 3 1 -1 -3 -5 6 4 2 0 -2 -4 -6 5 3 1 -1 -3 -5 6 4 2 0 -2 -4 -6 5 3 1 -1 -3 -5 6 4 2 0 -2 -4 -6 5 3 1 -1 -3 -5 6 4 2 0 -2 -4 -6 5 3 1 -1 -3 -5 6 4 2 0 -2 -4 -6 5 3 1 -1 -3 -5 6 4 2 0 -2 -4 -6 5 3 1 -1 -3 -5 6 4 2 0 -2 -4 -6 5 3 1 -1 -3 -5 6 4 2 0 -2 -4 -6 5 3 1 -1 -3 -5 6 4 2 0 -2 -4 -6 5 3 1 -1 -3 -5 6 4 2 0 -2 -4 -6 5 3 1 -1 -3 -5 6 4 2 0 -2 -4 -6 5 3 1 -1 -3 -5 6
-3 -5 6 4 2 0 -2 -4 -6 5 3 1 -1 -3 -5 6 4 2 0 -2 -4 -6 5 3 1 -1 -3 -5 6 4 2 0 -2 -4 -6 5 3 1 -1 -3 -5 6 4 2 0 -2 -4 -6 5 3 1 -1 -3 -5 6 4 2 0 -2 -4 -6 5 3 1 -1 -3 -5 6 4 2 0 -2 -4 -6 5 3 1 -1 -3 -5 6 4 2 0 -2 -4 -6 5 3 1 -1 -3 -5 6 4 2 0 -2 -4 -6 5 3 1 -1 -3 -5 6 4 2 0 -2 -4 -6 5 3 1 -1 -3 -5 6 4 2 0 -2 -4 -6 5 3 1 -1 -3 -5 6 4 2 0 -2 -4 -6 5 3 1 -1 -3 -5 6 4 2 0 -2 -4 -6 5 3 1 -1 -3 -5 6 4 2 0 -2 -4 -6 5 3 1 -1 -3 -5 6 4 2 0 -2 -4 -6 5 3 1 -1 -3 -5 6 4 2 0 -2 -4 -6 5 3 1 -1 -3 -5 6 4 2 0 -2 -4 -6 5 3 1 -1 -3 -5 6 4 2 0 -2 -4 -6 5 3 1 -1 -3 -5 6 4 2 0 -2 -4 -6 5 3 1 -1 -3 -5 6 4 2 0 -2 -4 -6 5 3 1 -1 -3 -5 6 4 2 0 -2 -4 -6 5 3 1 -1 -3 -5 6 4 2 0 -2 -4 -6 5 3 1 -1 -3 -5 6 4 2 0 -2 -4 -6 5 3 1 -1 -3 -5 6 4 2 0 -2 -4 -6 5 3 1 -1 -3 -5 6 4 2 0 -2 -4 -6 5 3 1 -1 -3 -5 6 4 2 0 -2 -4 -6 5 3 1 -1 -3 -5 6 4 2 0 -2 -4 -6 5 3 1 -1 -3 -5 6 4 2 0 -2 -4 -6 5 3 1 -1 -3 -5 6 4 2 0 -2 -4 -6 5 3 1 -1 -3 -5 6 4 2 0 -2 -4 -6 5 3 1 -1 -3 -5 6 4 2 0 -2 -4 -6 5 3 1 -1 -3 -5 6 4 2 0 -2 -4 -6 5 3 1 -1 -3 -5 6 4 2 0 -2 -4 -6 5 3 1 -1 -3 -5 6 4 2 0 -2 -4 -6 5 3 1 -1 -3 -5 6 4 2 0 -2 -4 -6 5 3 1 -1 -3 -5 6 4 2 0 -2 -4 -6 5 3 1 -1 -3 -5 6 4 2 0 -2 -4 -6 5 3 1 -1 -3 -5 6 4 2 0 -2 -4 -6 5 3 1 -1 -3 -5 6 4 2 0 -2 -4 -6 5 3 1 -1 -3 -5 6 4 2 0
4 2 0 -2 -4 -6 5 3 1 -1 -3 -5 6 4 2 0 -2 -4 -6 5 3 1 -1 -3 -5 6 4 2 0 -2 -4 -6 5 3 1 -1 -3 -5 6 4 2 0 -2 -4 -6 5 3 1 -1 -3 -5 6 4 2 0 -2 -4 -6 5 3 1 -1 -3 -5 6 4 2 0 -2 -4 -6 5 3 1 -1 -3 -5 6 4 2 0 -2 -4 -6 5 3 1 -1 -3 -5 6 4 2 0 -2 -4 -6 5 3 1 -1 -3 -5 6 4 2 0 -2 -4 -6 5 3 1 -1 -3 -5 6 4 2 0 -2 -4 -6 5 3 1 -1 -3 -5 6 4 2 0 -2 -4 -6 5 3 1 -1 -3 -5 6 4 2 0 -2 -4 -6 5 3 1 -1 -3 -5 6 4 2 0 -2 -4 -6 5 3 1 -1 -3 -5 6 4 2 0 -2 -4 -6 5 3 1 -1 -3 -5 6 4 2 0 -2 -4 -6 5 3 1 -1 -3 -5 6 4 2 0 -2 -4 -6 5 3 1 -1 -3 -5 6 4 2 0 -2 -4 -6 5 3 1 -1 -3 -5 6 4 2 0 -2 -4 -6 5 3 1 -1 -3 -5 6 4 2 0 -2 -4 -6 5 3 1 -1 -3 -5 6 4 2 0 -2 -4 -6 5 3 1 -1 -3 -5 6 4 2 0 -2 -4 -6 5 3 1 -1 -3 -5 6 4 2 0 -2 -4 -6 5 3 1 -1 -3 -5 6 4 2 0 -2 -4 -6 5 3 1 -1 -3 -5 6 4 2 0 -2 -4 -6 5 3 1 -1 -3 -5 6 4 2 0 -2 -4 -6 5 3 1 -1 -3 -5 6 4 2 0 -2 -4 -6 5 3 1 -1 -3 -5 6 4 2 0 -2 -4 -6 5 3 1 -1 -3 -5 6 4 2 0 -2 -4 -6 5 3 1 -1 -3 -5 6 4 2 0 -2 -4 -6 5 3 1 -1 -3 -5 6 4 2 0 -2 -4 -6 5 3 1 -1 -3 -5 6 4 2 0 -2 -4 -6 5 3 1 -1 -3 -5 6 4 2 0 -2 -4 -6 5 3 1 -1 -3 -5 6 4 2 0 -2 -4 -6 5 3 1 -1 -3 -5 6 4 2 0 -2 -4 -6 5 3 1 -1 -3 -5 6 4 2 0 -2 -4 -6 5 3 1 -1 -3 -5 6 4 2 0 -2 -4 -6 5 3 1 -1 -3 -5 6 4 2 0 -2 -4 -6 5 3 1 -1 -3 -5 6 4 2 0 -2 -4 -6 5 3 1 -1 -3 -5 6 4 2 0 -2 -4 -6
-2 -4 -6 5 3 1 -1 -3 -5 6 4 2 0 -2 -4 -6 5 3 1 -1 -3 -5 6 4 2 0 -2 -4 -6 5 3 1 -1 -3 -5 6 4 2 0 -2 -4 -6 5 3 1 -1 -3 -5 6 4 2 0 -2 -4 -6 5 3 1 -1 -3 -5 6 4 2 0 -2 -4 -6 5 3 1 -1 -3 -5 6 4 2 0 -2 -4 -6 5 3 1 -1 -3 -5 6 4 2 0 -2 -4 -6 5 3 1 -1 -3 -5 6 4 2 0 -2 -4 -6 5 3 1 -1 -3 -5 6 4 2 0 -2 -4 -6 5 3 1 -1 -3 -5 6 4 2 0 -2 -4 -6 5 3 1 -1 -3 -5 6 4 2 0 -2 -4 -6 5 3 1 -1 -3 -5 6 4 2 0 -2 -4 -6 5 3 1 -1 -3 -5 6 4 2 0 -2 -4 -6 5 3 1 -1 -3 -5 6 4 2 0 -2 -4 -6 5 3 1 -1 -3 -5 6 4 2 0 -2 -4 -6 5 3 1 -1 -3 -5 6 4 2 0 -2 -4 -6 5 3 1 -1 -3 -5 6 4 2 0 -2 -4 -6 5 3 1 -1 -3 -5 6 4 2 0 -2 -4 -6 5 3 1 -1 -3 -5 6 4 2 0 -2 -4 -6 5 3 1 -1 -3 -5 6 4 2 0 -2 -4 -6 5 3 1 -1 -3 -5 6 4 2 0 -2 -4 -6 5 3 1 -1 -3 -5 6 4 2 0 -2 -4 -6 5 3 1 -1 -3 -5 6 4 2 0 -2 -4 -6 5 3 1 -1 -3 -5 6 4 2 0 -2 -4 -6 5 3 1 -1 -3 -5 6 4 2 0 -2 -4 -6 5 3 1 -1 -3 -5 6 4 2 0 -2 -4 -6 5 3 1 -1 -3 -5 6 4 2 0 -2 -4 -6 5 3 1 -1 -3 -5 6 4 2 0 -2 -4 -6 5 3 1 -1 -3 -5 6 4 2 0 -2 -4 -6 5 3 1 -1 -3 -5 6 4 2 0 -2 -4 -6 5 3 1 -1 -3 -5 6 4 2 0 -2 -4 -6 5 3 1 -1 -3 -5 6 4 2 0 -2 -4 -6 5 3 1 -1 -3 -5 6 4 2 0 -2 -4 -6 5 3 1 -1 -3 -5 6 4 2 0 -2 -4 -6 5 3 1 -1 -3 -5 6 4 2 0 -2 -4 -6 5 3 1 -1 -3 -5 6 4 2 0 -2 -4 -6 5 3 1 -1 -3 -5 6 4 2 0 -2 -4 -6 5 3 1 -1 -3 -5 6 4 2 0 -2 -4 -6 5 3 1
5 3 1 -1 -3 -5 6 4 2 0 -2 -4 -6 5 3 1 -1 -3 -5 6 4 2 0 -2 -4 -6 5 3 1 -1 -3 -5 6 4 2 0 -2 -4 -6 5 3 1 -1 -3 -5 6 4 2 0 -2 -4 -6 5 3 1 -1 -3 -5 6 4 2 0 -2 -4 -6 5 3 1 -1 -3 -5 6 4 2 0 -2 -4 -6 5 3 1 -1 -3 -5 6 4 2 0 -2 -4 -6 5 3 1 -1 -3 -5 6 4 2 0 -2 -4 -6 5 3 1 -1 -3 -5 6 4 2 0 -2 -4 -6 5 3 1 -1 -3 -5 6 4 2 0 -2 -4 -6 5 3 1 -1 -3 -5 6 4 2 0 -2 -4 -6 5 3 1 -1 -3 -5 6 4 2 0 -2 -4 -6 5 3 1 -1 -3 -5 6 4 2 0 -2 -4 -6 5 3 1 -1 -3 -5 6 4 2 0 -2 -4 -6 5 3 1 -1 -3 -5 6 4 2 0 -2 -4 -6 5 3 1 -1 -3 -5 6 4 2 0 -2 -4 -6 5 3 1 -1 -3 -5 6 4 2 0 -2 -4 -6 5 3 1 -1 -3 -5 6 4 2 0 -2 -4 -6 5 3 1 -1 -3 -5 6 4 2 0 -2 -4 -6 5 3 1 -1 -3 -5 6 4 2 0 -2 -4 -6 5 3 1 -1 -3 -5 6 4 2 0 -2 -4 -6 5 3 1 -1 -3 -5 6 4 2 0 -2 -4 -6 5 3 1 -1 -3 -5 6 4 2 0 -2 -4 -6 5 3 1 -1 -3 -5 6 4 2 0 -2 -4 -6 5 3 1 -1 -3 -5 6 4 2 0 -2 -4 -6 5 3 1 -1 -3 -5 6 4 2 0 -2 -4 -6 5 3 1 -1 -3 -5 6 4 2 0 -2 -4 -6 5 3 1 -1 -3 -5 6 4 2 0 -2 -4 -6 5 3 1 -1 -3 -5 6 4 2 0 -2 -4 -6 5 3 1 -1 -3 -5 6 4 2 0 -2 -4 -6 5 3 1 -1 -3 -5 6 4 2 0 -2 -4 -6 5 3 1 -1 -3 -5 6 4 2 0 -2 -4 -6 5 3 1 -1 -3 -5 6 4 2 0 -2 -4 -6 5 3 1 -1 -3 -5 6 4 2 0 -2 -4 -6 5 3 1 -1 -3 -5 6 4 2 0 -2 -4 -6 5 3 1 -1 -3 -5 6 4 2 0 -2 -4 -6 5 3 1 -1 -3 -5 6 4 2 0 -2 -4 -6 5 3 1 -1 -3 -5 6 4 2 0 -2 -4 -6 5 3 1 -1 -3 -5
-1 -3 -5 6 4 2 0 -2 -4 -6 5 3 1 -1 -3 -5 6 4 2 0 -2 -4 -6 5 3 1 -1 -3 -5 6 4 2 0 -2 -4 -6 5 3 1 -1 -3 -5 6 4 2 0 -2 -4 -6 5 3 1 -1 -3 -5 6 4 2 0 -2 -4 -6 5 3 1 -1 -3 -5 6 4 2 0 -2 -4 -6 5 3 1 -1 -3 -5 6 4 2 0 -2 -4 -6 5 3 1 -1 -3 -5 6 4 2 0 -2 -4 -6 5 3 1 -1 -3 -5 6 4 2 0 -2 -4 -6 5 3 1 -1 -3 -5 6 4 2 0 -2 -4 -6 5 3 1 -1 -3 -5 6 4 2 0 -2 -4 -6 5 3 1 -1 -3 -5 6 4 2 0 -2 -4 -6 5 3 1 -1 -3 -5 6 4 2 0 -2 -4 -6 5 3 1 -1 -3 -5 6 4 2 0 -2 -4 -6 5 3 1 -1 -3 -5 6 4 2 0 -2 -4 -6 5 3 1 -1 -3 -5 6 4 2 0 -2 -4 -6 5 3 1 -1 -3 -5 6 4 2 0 -2 -4 -6 5 3 1 -1 -3 -5 6 4 2 0 -2 -4 -6 5 3 1 -1 -3 -5 6 4 2 0 -2 -4 -6 5 3 1 -1 -3 -5 6 4 2 0 -2 -4 -6 5 3 1 -1 -3 -5 6 4 2 0 -2 -4 -6 5 3 1 -1 -3 -5 6 4 2 0 -2 -4 -6 5 3 1 -1 -3 -5 6 4 2 0 -2 -4 -6 5 3 1 -1 -3 -5 6 4 2 0 -2 -4 -6 5 3 1 -1 -3 -5 6 4 2 0 -2 -4 -6 5 3 1 -1 -3 -5 6 4 2 0 -2 -4 -6 5 3 1 -1 -3 -5 6 4 2 0 -2 -4 -6 5 3 1 -1 -3 -5 6 4 2 0 -2 -4 -6 5 3 1 -1 -3 -5 6 4 2 0 -2 -4 -6 5 3 1 -1 -3 -5 6 4 2 0 -2 -4 -6 5 3 1 -1 -3 -5 6 4 2 0 -2 -4 -6 5 3 1 -1 -3 -5 6 4 2 0 -2 -4 -6 5 3 1 -1 -3 -5 6 4 2 0 -2 -4 -6 5 3 1 -1 -3 -5 6 4 2 0 -2 -4 -6 5 3 1 -1 -3 -5 6 4 2 0 -2 -4 -6 5 3 1 -1 -3 -5 6 4 2 0 -2 -4 -6 5 3 1 -1 -3 -5 6 4 2 0 -2 -4 -6 5 3 1 -1 -3 -5 6 4 2 0 -2 -4 -6 5 3 1 -1 -3 -5 6 4 2
6 4 2 0 -2 -4 -6 5 3 1 -1 -3 -5 6 4 2 0 -2 -4 -6 5 3 1 -1 -3 -5 6 4 2 0 -2 -4 -6 5 3 1 -1 -3 -5 6 4 2 0 -2 -4 -6 5 3 1 -1 -3 -5 6 4 2 0 -2 -4 -6 5 3 1 -1 -3 -5 6 4 2 0 -2 -4 -6 5 3 1 -1 -3 -5 6 4 2 0 -2 -4 -6 5 3 1 -1 -3 -5 6 4 2 0 -2 -4 -6 5 3 1 -1 -3 -5 6 4 2 0 -2 -4 -6 5 3 1 -1 -3 -5 6 4 2 0 -2 -4 -6 5 3 1 -1 -3 -5 6 4 2 0 -2 -4 -6 5 3 1 -1 -3 -5 6 4 2 0 -2 -4 -6 5 3 1 -1 -3 -5 6 4 2 0 -2 -4 -6 5 3 1 -1 -3 -5 6 4 2 0 -2 -4 -6 5 3 1 -1 -3 -5 6 4 2 0 -2 -4 -6 5 3 1 -1 -3 -5 6 4 2 0 -2 -4 -6 5 3 1 -1 -3 -5 6 4 2 0 -2 -4 -6 5 3 1 -1 -3 -5 6 4 2 0 -2 -4 -6 5 3 1 -1 -3 -5 6 4 2 0 -2 -4 -6 5 3 1 -1 -3 -5 6 4 2 0 -2 -4 -6 5 3 1 -1 -3 -5 6 4 2 0 -2 -4 -6 5 3 1 -1 -3 -5 6 4 2 0 -2 -4 -6 5 3 1 -1 -3 -5 6 4 2 0 -2 -4 -6 5 3 1 -1 -3 -5 6 4 2 0 -2 -4 -6 5 3 1 -1 -3 -5 6 4 2 0 -2 -4 -6 5 3 1 -1 -3 -5 6 4 2 0 -2 -4 -6 5 3 1 -1 -3 -5 6 4 2 0 -2 -4 -6 5 3 1 -1 -3 -5 6 4 2 0 -2 -4 -6 5 3 1 -1 -3 -5 6 4 2 0 -2 -4 -6 5 3 1 -1 -3 -5 6 4 2 0 -2 -4 -6 5 3 1 -1 -3 -5 6 4 2 0 -2 -4 -6 5 3 1 -1 -3 -5 6 4 2 0 -2 -4 -6 5 3 1 -1 -3 -5 6 4 2 0 -2 -4 -6 5 3 1 -1 -3 -5 6 4 2 0 -2 -4 -6 5 3 1 -1 -3 -5 6 4 2 0 -2 -4 -6 5 3 1 -1 -3 -5 6 4 2 0 -2 -4 -6 5 3 1 -1 -3 -5 6 4 2 0 -2 -4 -6 5 3 1 -1 -3 -5 6 4 2 0 -2 -4 -6 5 3 1 -1 -3 -5 6 4 2 0 -2 -4
0 -2 -4 -6 5 3 1 -1 -3 -5 6 4 2 0 -2 -4 -6 5 3 1 -1 -3 -5 6 4 2 0 -2 -4 -6 5 3 1 -1 -3 -5 6 4 2 0 -2 -4 -6 5 3 1 -1 -3 -5 6 4 2 0 -2 -4 -6 5 3 1 -1 -3 -5 6 4 2 0 -2 -4 -6 5 3 1 -1 -3 -5 6 4 2 0 -2 -4 -6 5 3 1 -1 -3 -5 6 4 2 0 -2 -4 -6 5 3 1 -1 -3 -5 6 4 2 0 -2 -4 -6 5 3 1 -1 -3 -5 6 4 2 0 -2 -4 -6 5 3 1 -1 -3 -5 6 4 2 0 -2 -4 -6 5 3 1 -1 -3 -5 6 4 2 0 -2 -4 -6 5 3 1 -1 -3 -5 6 4 2 0 -2 -4 -6 5 3 1 -1 -3 -5 6 4 2 0 -2 -4 -6 5 3 1 -1 -3 -5 6 4 2 0 -2 -4 -6 5 3 1 -1 -3 -5 6 4 2 0 -2 -4 -6 5 3 1 -1 -3 -5 6 4 2 0 -2 -4 -6 5 3 1 -1 -3 -5 6 4 2 0 -2 -4 -6 5 3 1 -1 -3 -5 6 4 2 0 -2 -4 -6 5 3 1 -1 -3 -5 6 4 2 0 -2 -4 -6 5 3 1 -1 -3 -5 6 4 2 0 -2 -4 -6 5 3 1 -1 -3 -5 6 4 2 0 -2 -4 -6 5 3 1 -1 -3 -5 6 4 2 0 -2 -4 -6 5 3 1 -1 -3 -5 6 4 2 0 -2 -4 -6 5 3 1 -1 -3 -5 6 4 2 0 -2 -4 -6 5 3 1 -1 -3 -5 6 4 2 0 -2 -4 -6 5 3 1 -1 -3 -5 6 4 2 0 -2 -4 -6 5 3 1 -1 -3 -5 6 4 2 0 -2 -4 -6 5 3 1 -1 -3 -5 6 4 2 0 -2 -4 -6 5 3 1 -1 -3 -5 6 4 2 0 -2 -4 -6 5 3 1 -1 -3 -5 6 4 2 0 -2 -4 -6 5 3 1 -1 -3 -5 6 4 2 0 -2 -4 -6 5 3 1 -1 -3 -5 6 4 2 0 -2 -4 -6 5 3 1 -1 -3 -5 6 4 2 0 -2 -4 -6 5 3 1 -1 -3 -5 6 4 2 0 -2 -4 -6 5 3 1 -1 -3 -5 6 4 2 0 -2 -4 -6 5 3 1 -1 -3 -5 6 4 2 0 -2 -4 -6 5 3 1 -1 -3 -5 6 4 2 0 -2 -4 -6 5 3 1 -1 -3 -5 6 4 2 0 -2 -4 -6 5 3
-6 5 3 1 -1 -3 -5 6 4 2 0 -2 -4 -6 5 3 1 -1 -3 -5 6 4 2 0 -2 -4 -6 5 3 1 -1 -3 -5 6 4 2 0 -2 -4 -6 5 3 1 -1 -3 -5 6 4 2 0 -2 -4 -6 5 3 1 -1 -3 -5 6 4 2 0 -2 -4 -6 5 3 1 -1 -3 -5 6 4 2 0 -2 -4 -6 5 3 1 -1 -3 -5 6 4 2 0 -2 -4 -6 5 3 1 -1 -3 -5 6 4 2 0 -2 -4 -6 5 3 1 -1 -3 -5 6 4 2 0 -2 -4 -6 5 3 1 -1 -3 -5 6 4 2 0 -2 -4 -6 5 3 1 -1 -3 -5 6 4 2 0 -2 -4 -6 5 3 1 -1 -3 -5 6 4 2 0 -2 -4 -6 5 3 1 -1 -3 -5 6 4 2 0 -2 -4 -6 5 3 1 -1 -3 -5 6 4 2 0 -2 -4 -6 5 3 1 -1 -3 -5 6 4 2 0 -2 -4 -6 5 3 1 -1 -3 -5 6 4 2 0 -2 -4 -6 5 3 1 -1 -3 -5 6 4 2 0 -2 -4 -6 5 3 1 -1 -3 -5 6 4 2 0 -2 -4 -6 5 3 1 -1 -3 -5 6 4 2 0 -2 -4 -6 5 3 1 -1 -3 -5 6 4 2 0 -2 -4 -6 5 3 1 -1 -3 -5 6 4 2 0 -2 -4 -6 5 3 1 -1 -3 -5 6 4 2 0 -2 -4 -6 5 3 1 -1 -3 -5 6 4 2 0 -2 -4 -6 5 3 1 -1 -3 -5 6 4 2 0 -2 -4 -6 5 3 1 -1 -3 -5 6 4 2 0 -2 -4 -6 5 3 1 -1 -3 -5 6 4 2 0 -2 -4 -6 5 3 1 -1 -3 -5 6 4 2 0 -2 -4 -6 5 3 1 -1 -3 -5 6 4 2 0 -2 -4 -6 5 3 1 -1 -3 -5 6 4 2 0 -2 -4 -6 5 3 1 -1 -3 -5 6 4 2 0 -2 -4 -6 5 3 1 -1 -3 -5 6 4 2 0 -2 -4 -6 5 3 1 -1 -3 -5 6 4 2 0 -2 -4 -6 5 3 1 -1 -3 -5 6 4 2 0 -2 -4 -6 5 3 1 -1 -3 -5 6 4 2 0 -2 -4 -6 5 3 1 -1 -3 -5 6 4 2 0 -2 -4 -6 5 3 1 -1 -3 -5 6 4 2 0 -2 -4 -6 5 3 1 -1 -3 -5 6 4 2 0 -2 -4 -6 5 3 1 -1 -3 -5 6 4 2 0 -2 -4 -6 5 3 1 -1 -3
1 -1 -3 -5 6 4 2 0 -2 -4 -6 5 3 1 -1 -3 -5 6 4 2 0 -2 -4 -6 5 3 1 -1 -3 -5 6 4 2 0 -2 -4 -6 5 3 1 -1 -3 -5 6 4 2 0 -2 -4 -6 5 3 1 -1 -3 -5 6 4 2 0 -2 -4 -6 5 3 1 -1 -3 -5 6 4 2 0 -2 -4 -6 5 3 1 -1 -3 -5 6 4 2 0 -2 -4 -6 5 3 1 -1 -3 -5 6 4 2 0 -2 -4 -6 5 3 1 -1 -3 -5 6 4 2 0 -2 -4 -6 5 3 1 -1 -3 -5 6 4 2 0 -2 -4 -6 5 3 1 -1 -3 -5 6 4 2 0 -2 -4 -6 5 3 1 -1 -3 -5 6 4 2 0 -2 -4 -6 5 3 1 -1 -3 -5 6 4 2 0 -2 -4 -6 5 3 1 -1 -3 -5 6 4 2 0 -2 -4 -6 5 3 1 -1 -3 -5 6 4 2 0 -2 -4 -6 5 3 1 -1 -3 -5 6 4 2 0 -2 -4 -6 5 3 1 -1 -3 -5 6 4 2 0 -2 -4 -6 5 3 1 -1 -3 -5 6 4 2 0 -2 -4 -6 5 3 1 -1 -3 -5 6 4 2 0 -2 -4 -6 5 3 1 -1 -3 -5 6 4 2 0 -2 -4 -6 5 3 1 -1 -3 -5 6 4 2 0 -2 -4 -6 5 3 1 -1 -3 -5 6 4 2 0 -2 -4 -6 5 3 1 -1 -3 -5 6 4 2 0 -2 -4 -6 5 3 1 -1 -3 -5 6 4 2 0 -2 -4 -6 5 3 1 -1 -3 -5 6 4 2 0 -2 -4 -6 5 3 1 -1 -3 -5 6 4 2 0 -2 -4 -6 5 3 1 -1 -3 -5 6 4 2 0 -2 -4 -6 5 3 1 -1 -3 -5 6 4 2 0 -2 -4 -6 5 3 1 -1 -3 -5 6 4 2 0 -2 -4 -6 5 3 1 -1 -3 -5 6 4 2 0 -2 -4 -6 5 3 1 -1 -3 -5 6 4 2 0 -2 -4 -6 5 3 1 -1 -3 -5 6 4 2 0 -2 -4 -6 5 3 1 -1 -3 -5 6 4 2 0 -2 -4 -6 5 3 1 -1 -3 -5 6 4 2 0 -2 -4 -6 5 3 1 -1 -3 -5 6 4 2 0 -2 -4 -6 5 3 1 -1 -3 -5 6 4 2 0 -2 -4 -6 5 3 1 -1 -3 -5 6 4 2 0 -2 -4 -6 5 3 1 -1 -3 -5 6 4 2 0 -2 -4 -6 5 3 1 -1 -3 -5 6 4
-5 6 4 2 0 -2 -4 -6 5 3 1 -1 -3 -5 6 4 2 0 -2 -4 -6 5 3 1 -1 -3 -5 6 4 2 0 -2 -4 -6 5 3 1 -1 -3 -5 6 4 2 0 -2 -4 -6 5 3 1 -1 -3 -5 6 4 2 0 -2 -4 -6 5 3 1 -1 -3 -5 6 4 2 0 -2 -4 -6 5 3 1 -1 -3 -5 6 4 2 0 -2 -4 -6 5 3 1 -1 -3 -5 6 4 2 0 -2 -4 -6 5 3 1 -1 -3 -5 6 4 2 0 -2 -4 -6 5 3 1 -1 -3 -5 6 4 2 0 -2 -4 -6 5 3 1 -1 -3 -5 6 4 2 0 -2 -4 -6 5 3 1 -1 -3 -5 6 4 2 0 -2 -4 -6 5 3 1 -1 -3 -5 6 4 2 0 -2 -4 -6 5 3 1 -1 -3 -5 6 4 2 0 -2 -4 -6 5 3 1 -1 -3 -5 6 4 2 0 -2 -4 -6 5 3 1 -1 -3 -5 6 4 2 0 -2 -4 -6 5 3 1 -1 -3 -5 6 4 2 0 -2 -4 -6 5 3 1 -1 -3 -5 6 4 2 0 -2 -4 -6 5 3 1 -1 -3 -5 6 4 2 0 -2 -4 -6 5 3 1 -1 -3 -5 6 4 2 0 -2 -4 -6 5 3 1 -1 -3 -5 6 4 2 0 -2 -4 -6 5 3 1 -1 -3 -5 6 4 2 0 -2 -4 -6 5 3 1 -1 -3 -5 6 4 2 0 -2 -4 -6 5 3 1 -1 -3 -5 6 4 2 0 -2 -4 -6 5 3 1 -1 -3 -5 6 4 2 0 -2 -4 -6 5 3 1 -1 -3 -5 6 4 2 0 -2 -4 -6 5 3 1 -1 -3 -5 6 4 2 0 -2 -4 -6 5 3 1 -1 -3 -5 6 4 2 0 -2 -4 -6 5 3 1 -1 -3 -5 6 4 2 0 -2 -4 -6 5 3 1 -1 -3 -5 6 4 2 0 -2 -4 -6 5 3 1 -1 -3 -5 6 4 2 0 -2 -4 -6 5 3 1 -1 -3 -5 6 4 2 0 -2 -4 -6 5 3 1 -1 -3 -5 6 4 2 0 -2 -4 -6 5 3 1 -1 -3 -5 6 4 2 0 -2 -4 -6 5 3 1 -1 -3 -5 6 4 2 0 -2 -4 -6 5 3 1 -1 -3 -5 6 4 2 0 -2 -4 -6 5 3 1 -1 -3 -5 6 4 2 0 -2 -4 -6 5 3 1 -1 -3 -5 6 4 2 0 -2 -4 -6 5 3 1 -1 -3 -5 6 4 2 0 -2
2 0 -2 -4 -6 5 3 1 -1 -3 -5 6 4 2 0 -2 -4 -6 5 3 1 -1 -3 -5 6 4 2 0 -2 -4 -6 5 3 1 -1 -3 -5 6 4 2 0 -2 -4 -6 5 3 1 -1 -3 -5 6 4 2 0 -2 -4 -6 5 3 1 -1 -3 -5 6 4 2 0 -2 -4 -6 5 3 1 -1 -3 -5 6 4 2 0 -2 -4 -6 5 3 1 -1 -3 -5 6 4 2 0 -2 -4 -6 5 3 1 -1 -3 -5 6 4 2 0 -2 -4 -6 5 3 1 -1 -3 -5 6 4 2 0 -2 -4 -6 5 3 1 -1 -3 -5 6 4 2 0 -2 -4 -6 5 3 1 -1 -3 -5 6 4 2 0 -2 -4 -6 5 3 1 -1 -3 -5 6 4 2 0 -2 -4 -6 5 3 1 -1 -3 -5 6 4 2 0 -2 -4 -6 5 3 1 -1 -3 -5 6 4 2 0 -2 -4 -6 5 3 1 -1 -3 -5 6 4 2 0 -2 -4 -6 5 3 1 -1 -3 -5 6 4 2 0 -2 -4 -6 5 3 1 -1 -3 -5 6 4 2 0 -2 -4 -6 5 3 1 -1 -3 -5 6 4 2 0 -2 -4 -6 5 3 1 -1 -3 -5 6 4 2 0 -2 -4 -6 5 3 1 -1 -3 -5 6 4 2 0 -2 -4 -6 5 3 1 -1 -3 -5 6 4 2 0 -2 -4 -6 5 3 1 -1 -3 -5 6 4 2 0 -2 -4 -6 5 3 1 -1 -3 -5 6 4 2 0 -2 -4 -6 5 3 1 -1 -3 -5 6 4 2 0 -2 -4 -6 5 3 1 -1 -3 -5 6 4 2 0 -2 -4 -6 5 3 1 -1 -3 -5 6 4 2 0 -2 -4 -6 5 3 1 -1 -3 -5 6 4 2 0 -2 -4 -6 5 3 1 -1 -3 -5 6 4 2 0 -2 -4 -6 5 3 1 -1 -3 -5 6 4 2 0 -2 -4 -6 5 3 1 -1 -3 -5 6 4 2 0 -2 -4 -6 5 3 1 -1 -3 -5 6 4 2 0 -2 -4 -6 5 3 1 -1 -3 -5 6 4 2 0 -2 -4 -6 5 3 1 -1 -3 -5 6 4 2 0 -2 -4 -6 5 3 1 -1 -3 -5 6 4 2 0 -2 -4 -6 5 3 1 -1 -3 -5 6 4 2 0 -2 -4 -6 5 3 1 -1 -3 -5 6 4 2 0 -2 -4 -6 5 3 1 -1 -3 -5 6 4 2 0 -2 -4 -6 5 3 1 -1 -3 -5 6 4 2 0 -2 -4 -6 5
-4 -6 5 3 1 -1 -3 -5 6 4 2 0 -2 -4 -6 5 3 1 -1 -3 -5 6 4 2 0 -2 -4 -6 5 3 1 -1 -3 -5 6 4 2 0 -2 -4 -6 5 3 1 -1 -3 -5 6 4 2 0 -2 -4 -6 5 3 1 -1 -3 -5 6 4 2 0 -2 -4 -6 5 3 1 -1 -3 -5 6 4 2 0 -2 -4 -6 5 3 1 -1 -3 -5 6 4 2 0 -2 -4 -6 5 3 1 -1 -3 -5 6 4 2 0 -2 -4 -6 5 3 1 -1 -3 -5 6 4 2 0 -2 -4 -6 5 3 1 -1 -3 -5 6 4 2 0 -2 -4 -6 5 3 1 -1 -3 -5 6 4 2 0 -2 -4 -6 5 3 1 -1 -3 -5 6 4 2 0 -2 -4 -6 5 3 1 -1 -3 -5 6 4 2 0 -2 -4 -6 5 3 1 -1 -3 -5 6 4 2 0 -2 -4 -6 5 3 1 -1 -3 -5 6 4 2 0 -2 -4 -6 5 3 1 -1 -3 -5 6 4 2 0 -2 -4 -6 5 3 1 -1 -3 -5 6 4 2 0 -2 -4 -6 5 3 1 -1 -3 -5 6 4 2 0 -2 -4 -6 5 3 1 -1 -3 -5 6 4 2 0 -2 -4 -6 5 3 1 -1 -3 -5 6 4 2 0 -2 -4 -6 5 3 1 -1 -3 -5 6 4 2 0 -2 -4 -6 5 3 1 -1 -3 -5 6 4 2 0 -2 -4 -6 5 3 1 -1 -3 -5 6 4 2 0 -2 -4 -6 5 3 1 -1 -3 -5 6 4 2 0 -2 -4 -6 5 3 1 -1 -3 -5 6 4 2 0 -2 -4 -6 5 3 1 -1 -3 -5 6 4 2 0 -2 -4 -6 5 3 1 -1 -3 -5 6 4 2 0 -2 -4 -6 5 3 1 -1 -3 -5 6 4 2 0 -2 -4 -6 5 3 1 -1 -3 -5 6 4 2 0 -2 -4 -6 5 3 1 -1 -3 -5 6 4 2 0 -2 -4 -6 5 3 1 -1 -3 -5 6 4 2 0 -2 -4 -6 5 3 1 -1 -3 -5 6 4 2 0 -2 -4 -6 5 3 1 -1 -3 -5 6 4 2 0 -2 -4 -6 5 3 1 -1 -3 -5 6 4 2 0 -2 -4 -6 5 3 1 -1 -3 -5 6 4 2 0 -2 -4 -6 5 3 1 -1 -3 -5 6 4 2 0 -2 -4 -6 5 3 1 -1 -3 -5 6 4 2 0 -2 -4 -6 5 3 1 -1 -3 -5 6 4 2 0 -2 -4 -6 5 3 1 -1
3 1 -1 -3 -5 6 4 2 0 -2 -4 -6 5 3 1 -1 -3 -5 6 4 2 0 -2 -4 -6 5 3 1 -1 -3 -5 6 4 2 0 -2 -4 -6 5 3 1 -1 -3 -5 6 4 2 0 -2 -4 -6 5 3 1 -1 -3 -5 6 4 2 0 -2 -4 -6 5 3 1 -1 -3 -5 6 4 2 0 -2 -4 -6 5 3 1 -1 -3 -5 6 4 2 0 -2 -4 -6 5 3 1 -1 -3 -5 6 4 2 0 -2 -4 -6 5 3 1 -1 -3 -5 6 4 2 0 -2 -4 -6 5 3 1 -1 -3 -5 6 4 2 0 -2 -4 -6 5 3 1 -1 -3 -5 6 4 2 0 -2 -4 -6 5 3 1 -1 -3 -5 6 4 2 0 -2 -4 -6 5 3 1 -1 -3 -5 6 4 2 0 -2 -4 -6 5 3 1 -1 -3 -5 6 4 2 0 -2 -4 -6 5 3 1 -1 -3 -5 6 4 2 0 -2 -4 -6 5 3 1 -1 -3 -5 6 4 2 0 -2 -4 -6 5 3 1 -1 -3 -5 6 4 2 0 -2 -4 -6 5 3 1 -1 -3 -5 6 4 2 0 -2 -4 -6 5 3 1 -1 -3 -5 6 4 2 0 -2 -4 -6 5 3 1 -1 -3 -5 6 4 2 0 -2 -4 -6 5 3 1 -1 -3 -5 6 4 2 0 -2 -4 -6 5 3 1 -1 -3 -5 6 4 2 0 -2 -4 -6 5 3 1 -1 -3 -5 6 4 2 0 -2 -4 -6 5 3 1 -1 -3 -5 6 4 2 0 -2 -4 -6 5 3 1 -1 -3 -5 6 4 2 0 -2 -4 -6 5 3 1 -1 -3 -5 6 4 2 0 -2 -4 -6 5 3 1 -1 -3 -5 6 4 2 0 -2 -4 -6 5 3 1 -1 -3 -5 6 4 2 0 -2 -4 -6 5 3 1 -1 -3 -5 6 4 2 0 -2 -4 -6 5 3 1 -1 -3 -5 6 4 2 0 -2 -4 -6 5 3 1 -1 -3 -5 6 4 2 0 -2 -4 -6 5 3 1 -1 -3 -5 6 4 2 0 -2 -4 -6 5 3 1 -1 -3 -5 6 4 2 0 -2 -4 -6 5 3 1 -1 -3 -5 6 4 2 0 -2 -4 -6 5 3 1 -1 -3 -5 6 4 2 0 -2 -4 -6 5 3 1 -1 -3 -5 6 4 2 0 -2 -4 -6 5 3 1 -1 -3 -5 6 4 2 0 -2 -4 -6 5 3 1 -1 -3 -5 6 4 2 0 -2 -4 -6 5 3 1 -1 -3 -5 6
-3 -5 6 4 2 0 -2 -4 -6 5 3 1 -1 -3 -5 6 4 2 0 -2 -4 -6 5 3 1 -1 -3 -5 6 4 2 0 -2 -4 -6 5 3 1 -1 -3 -5 6 4 2 0 -2 -4 -6 5 3 1 -1 -3 -5 6 4 2 0 -2 -4 -6 5 3 1 -1 -3 -5 6 4 2 0 -2 -4 -6 5 3 1 -1 -3 -5 6 4 2 0 -2 -4 -6 5 3 1 -1 -3 -5 6 4 2 0 -2 -4 -6 5 3 1 -1 -3 -5 6 4 2 0 -2 -4 -6 5 3 1 -1 -3 -5 6 4 2 0 -2 -4 -6 5 3 1 -1 -3 -5 6 4 2 0 -2 -4 -6 5 3 1 -1 -3 -5 6 4 2 0 -2 -4 -6 5 3 1 -1 -3 -5 6 4 2 0 -2 -4 -6 5 3 1 -1 -3 -5 6 4 2 0 -2 -4 -6 5 3 1 -1 -3 -5 6 4 2 0 -2 -4 -6 5 3 1 -1 -3 -5 6 4 2 0 -2 -4 -6 5 3 1 -1 -3 -5 6 4 2 0 -2 -4 -6 5 3 1 -1 -3 -5 6 4 2 0 -2 -4 -6 5 3 1 -1 -3 -5 6 4 2 0 -2 -4 -6 5 3 1 -1 -3 -5 6 4 2 0 -2 -4 -6 5 3 1 -1 -3 -5 6 4 2 0 -2 -4 -6 5 3 1 -1 -3 -5 6 4 2 0 -2 -4 -6 5 3 1 -1 -3 -5 6 4 2 0 -2 -4 -6 5 3 1 -1 -3 -5 6 4 2 0 -2 -4 -6 5 3 1 -1 -3 -5 6 4 2 0 -2 -4 -6 5 3 1 -1 -3 -5 6 4 2 0 -2 -4 -6 5 3 1 -1 -3 -5 6 4 2 0 -2 -4 -6 5 3 1 -1 -3 -5 6 4 2 0 -2 -4 -6 5 3 1 -1 -3 -5 6 4 2 0 -2 -4 -6 5 3 1 -1 -3 -5 6 4 2 0 -2 -4 -6 5 3 1 -1 -3 -5 6 4 2 0 -2 -4 -6 5 3 1 -1 -3 -5 6 4 2 0 -2 -4 -6 5 3 1 -1 -3 -5 6 4 2 0 -2 -4 -6 5 3 1 -1 -3 -5 6 4 2 0 -2 -4 -6 5 3 1 -1 -3 -5 6 4 2 0 -2 -4 -6 5 3 1 -1 -3 -5 6 4 2 0 -2 -4 -6 5 3 1 -1 -3 -5 6 4 2 0 -2 -4 -6 5 3 1 -1 -3 -5 6 4 2 0 -2 -4 -6 5 3 1 -1 -3 -5 6 4 2 0
4 2 0 -2 -4 -6 5 3 1 -1 -3 -5 6 4 2 0 -2 -4 -6 5 3 1 -1 -3 -5 6 4 2 0 -2 -4 -6 5 3 1 -1 -3 -5 6 4 2 0 -2 -4 -6 5 3 1 -1 -3 -5 6 4 2 0 -2 -4 -6 5 3 1 -1 -3 -5 6 4 2 0 -2 -4 -6 5 3 1 -1 -3 -5 6 4 2 0 -2 -4 -6 5 3 1 -1 -3 -5 6 4 2 0 -2 -4 -6 5 3 1 -1 -3 -5 6 4 2 0 -2 -4 -6 5 3 1 -1 -3 -5 6 4 2 0 -2 -4 -6 5 3 1 -1 -3 -5 6 4 2 0 -2 -4 -6 5 3 1 -1 -3 -5 6 4 2 0 -2 -4 -6 5 3 1 -1 -3 -5 6 4 2 0 -2 -4 -6 5 3 1 -1 -3 -5 6 4 2 0 -2 -4 -6 5 3 1 -1 -3 -5 6 4 2 0 -2 -4 -6 5 3 1 -1 -3 -5 6 4 2 0 -2 -4 -6 5 3 1 -1 -3 -5 6 4 2 0 -2 -4 -6 5 3 1 -1 -3 -5 6 4 2 0 -2 -4 -6 5 3 1 -1 -3 -5 6 4 2 0 -2 -4 -6 5 3 1 -1 -3 -5 6 4 2 0 -2 -4 -6 5 3 1 -1 -3 -5 6 4 2 0 -2 -4 -6 5 3 1 -1 -3 -5 6 4 2 0 -2 -4 -6 5 3 1 -1 -3 -5 6 4 2 0 -2 -4 -6 5 3 1 -1 -3 -5 6 4 2 0 -2 -4 -6 5 3 1 -1 -3 -5 6 4 2 0 -2 -4 -6 5 3 1 -1 -3 -5 6 4 2 0 -2 -4 -6 5 3 1 -1 -3 -5 6 4 2 0 -2 -4 -6 5 3 1 -1 -3 -5 6 4 2 0 -2 -4 -6 5 3 1 -1 -3 -5 6 4 2 0 -2 -4 -6 5 3 1 -1 -3 -5 6 4 2 0 -2 -4 -6 5 3 1 -1 -3 -5 6 4 2 0 -2 -4 -6 5 3 1 -1 -3 -5 6 4 2 0 -2 -4 -6 5 3 1 -1 -3 -5 6 4 2 0 -2 -4 -6 5 3 1 -1 -3 -5 6 4 2 0 -2 -4 -6 5 3 1 -1 -3 -5 6 4 2 0 -2 -4 -6 5 3 1 -1 -3 -5 6 4 2 0 -2 -4 -6 5 3 1 -1 -3 -5 6 4 2 0 -2 -4 -6 5 3 1 -1 -3 -5 6 4 2 0 -2 -4 -6 5 3 1 -1 -3 -5 6 4 2 0 -2 -4 -6
-2 -4 -6 5 3 1 -1 -3 -5 6 4 2 0 -2 -4 -6 5 3 1 -1 -3 -5 6 4 2 0 -2 -4 -6 5 3 1 -1 -3 -5 6 4 2 0 -2 -4 -6 5 3 1 -1 -3 -5 6 4 2 0 -2 -4 -6 5 3 1 -1 -3 -5 6 4 2 0 -2 -4 -6 5 3 1 -1 -3 -5 6 4 2 0 -2 -4 -6 5 3 1 -1 -3 -5 6 4 2 0 -2 -4 -6 5 3 1 -1 -3 -5 6 4 2 0 -2 -4 -6 5 3 1 -1 -3 -5 6 4 2 0 -2 -4 -6 5 3 1 -1 -3 -5 6 4 2 0 -2 -4 -6 5 3 1 -1 -3 -5 6 4 2 0 -2 -4 -6 5 3 1 -1 -3 -5 6 4 2 0 -2 -4 -6 5 3 1 -1 -3 -5 6 4 2 0 -2 -4 -6 5 3 1 -1 -3 -5 6 4 2 0 -2 -4 -6 5 3 1 -1 -3 -5 6 4 2 0 -2 -4 -6 5 3 1 -1 -3 -5 6 4 2 0 -2 -4 -6 5 3 1 -1 -3 -5 6 4 2 0 -2 -4 -6 5 3 1 -1 -3 -5 6 4 2 0 -2 -4 -6 5 3 1 -1 -3 -5 6 4 2 0 -2 -4 -6 5 3 1 -1 -3 -5 6 4 2 0 -2 -4 -6 5 3 1 -1 -3 -5 6 4 2 0 -2 -4 -6 5 3 1 -1 -3 -5 6 4 2 0 -2 -4 -6 5 3 1 -1 -3 -5 6 4 2 0 -2 -4 -6 5 3 1 -1 -3 -5 6 4 2 0 -2 -4 -6 5 3 1 -1 -3 -5 6 4 2 0 -2 -4 -6 5 3 1 -1 -3 -5 6 4 2 0 -2 -4 -6 5 3 1 -1 -3 -5 6 4 2 0 -2 -4 -6 5 3 1 -1 -3 -5 6 4 2 0 -2 -4 -6 5 3 1 -1 -3 -5 6 4 2 0 -2 -4 -6 5 3 1 -1 -3 -5 6 4 2 0 -2 -4 -6 5 3 1 -1 -3 -5 6 4 2 0 -2 -4 -6 5 3 1 -1 -3 -5 6 4 2 0 -2 -4 -6 5 3 1 -1 -3 -5 6 4 2 0 -2 -4 -6 5 3 1 -1 -3 -5 6 4 2 0 -2 -4 -6 5 3 1 -1 -3 -5 6 4 2 0 -2 -4 -6 5 3 1 -1 -3 -5 6 4 2 0 -2 -4 -6 5 3 1 -1 -3 -5 6 4 2 0 -2 -4 -6 5 3 1 -1 -3 -5 6 4 2 0 -2 -4 -6 5 3 1
5 3 1 -1 -3 -5 6 4 2 0 -2 -4 -6 5 3 1 -1 -3 -5 6 4 2 0 -2 -4 -6 5 3 1 -1 -3 -5 6 4 2 0 -2 -4 -6 5 3 1 -1 -3 -5 6 4 2 0 -2 -4 -6 5 3 1 -1 -3 -5 6 4 2 0 -2 -4 -6 5 3 1 -1 -3 -5 6 4 2 0 -2 -4 -6 5 3 1 -1 -3 -5 6 4 2 0 -2 -4 -6 5 3 1 -1 -3 -5 6 4 2 0 -2 -4 -6 5 3 1 -1 -3 -5 6 4 2 0 -2 -4 -6 5 3 1 -1 -3 -5 6 4 2 0 -2 -4 -6 5 3 1 -1 -3 -5 6 4 2 0 -2 -4 -6 5 3 1 -1 -3 -5 6 4 2 0 -2 -4 -6 5 3 1 -1 -3 -5 6 4 2 0 -2 -4 -6 5 3 1 -1 -3 -5 6 4 2 0 -2 -4 -6 5 3 1 -1 -3 -5 6 4 2 0 -2 -4 -6 5 3 1 -1 -3 -5 6 4 2 0 -2 -4 -6 5 3 1 -1 -3 -5 6 4 2 0 -2 -4 -6 5 3 1 -1 -3 -5 6 4 2 0 -2 -4 -6 5 3 1 -1 -3 -5 6 4 2 0 -2 -4 -6 5 3 1 -1 -3 -5 6 4 2 0 -2 -4 -6 5 3 1 -1 -3 -5 6 4 2 0 -2 -4 -6 5 3 1 -1 -3 -5 6 4 2 0 -2 -4 -6 5 3 1 -1 -3 -5 6 4 2 0 -2 -4 -6 5 3 1 -1 -3 -5 6 4 2 0 -2 -4 -6 5 3 1 -1 -3 -5 6 4 2 0 -2 -4 -6 5 3 1 -1 -3 -5 6 4 2 0 -2 -4 -6 5 3 1 -1 -3 -5 6 4 2 0 -2 -4 -6 5 3 1 -1 -3 -5 6 4 2 0 -2 -4 -6 5 3 1 -1 -3 -5 6 4 2 0 -2 -4 -6 5 3 1 -1 -3 -5 6 4 2 0 -2 -4 -6 5 3 1 -1 -3 -5 6 4 2 0 -2 -4 -6 5 3 1 -1 -3 -5 6 4 2 0 -2 -4 -6 5 3 1 -1 -3 -5 6 4 2 0 -2 -4 -6 5 3 1 -1 -3 -5 6 4 2 0 -2 -4 -6 5 3 1 -1 -3 -5 6 4 2 0 -2 -4 -6 5 3 1 -1 -3 -5 6 4 2 0 -2 -4 -6 5 3 1 -1 -3 -5 6 4 2 0 -2 -4 -6 5 3 1 -1 -3 -5 6 4 2 0 -2 -4 -6 5 3 1 -1 -3 -5
-1 -3 -5 6 4 2 0 -2 -4 -6 5 3 1 -1 -3 -5 6 4 2 0 -2 -4 -6 5 3 1 -1 -3 -5 6 4 2 0 -2 -4 -6 5 3 1 -1 -3 -5 6 4 2 0 -2 -4 -6 5 3 1 -1 -3 -5 6 4 2 0 -2 -4 -6 5 3 1 -1 -3 -5 6 4 2 0 -2 -4 -6 5 3 1 -1 -3 -5 6 4 2 0 -2 -4 -6 5 3 1 -1 -3 -5 6 4 2 0 -2 -4 -6 5 3 1 -1 -3 -5 6 4 2 0 -2 -4 -6 5 3 1 -1 -3 -5 6 4 2 0 -2 -4 -6 5 3 1 -1 -3 -5 6 4 2 0 -2 -4 -6 5 3 1 -1 -3 -5 6 4 2 0 -2 -4 -6 5 3 1 -1 -3 -5 6 4 2 0 -2 -4 -6 5 3 1 -1 -3 -5 6 4 2 0 -2 -4 -6 5 3 1 -1 -3 -5 6 4 2 0 -2 -4 -6 5 3 1 -1 -3 -5 6 4 2 0 -2 -4 -6 5 3 1 -1 -3 -5 6 4 2 0 -2 -4 -6 5 3 1 -1 -3 -5 6 4 2 0 -2 -4 -6 5 3 1 -1 -3 -5 6 4 2 0 -2 -4 -6 5 3 1 -1 -3 -5 6 4 2 0 -2 -4 -6 5 3 1 -1 -3 -5 6 4 2 0 -2 -4 -6 5 3 1 -1 -3 -5 6 4 2 0 -2 -4 -6 5 3 1 -1 -3 -5 6 4 2 0 -2 -4 -6 5 3 1 -1 -3 -5 6 4 2 0 -2 -4 -6 5 3 1 -1 -3 -5 6 4 2 0 -2 -4 -6 5 3 1 -1 -3 -5 6 4 2 0 -2 -4 -6 5 3 1 -1 -3 -5 6 4 2 0 -2 -4 -6 5 3 1 -1 -3 -5 6 4 2 0 -2 -4 -6 5 3 1 -1 -3 -5 6 4 2 0 -2 -4 -6 5 3 1 -1 -3 -5 6 4 2 0 -2 -4 -6 5 3 1 -1 -3 -5 6 4 2 0 -2 -4 -6 5 3 1 -1 -3 -5 6 4 2 0 -2 -4 -6 5 3 1 -1 -3 -5 6 4 2 0 -2 -4 -6 5 3 1 -1 -3 -5 6 4 2 0 -2 -4 -6 5 3 1 -1 -3 -5 6 4 2 0 -2 -4 -6 5 3 1 -1 -3 -5 6 4 2 0 -2 -4 -6 5 3 1 -1 -3 -5 6 4 2 0 -2 -4 -6 5 3 1 -1 -3 -5 6 4 2 0 -2 -4 -6 5 3 1 -1 -3 -5 6 4 2
6 4 2 0 -2 -4 -6 5 3 1 -1 -3 -5 6 4 2 0 -2 -4 -6 5 3 1 -1 -3 -5 6 4 2 0 -2 -4 -6 5 3 1 -1 -3 -5 6 4 2 0 -2 -4 -6 5 3 1 -1 -3 -5 6 4 2 0 -2 -4 -6 5 3 1 -1 -3 -5 6 4 2 0 -2 -4 -6 5 3 1 -1 -3 -5 6 4 2 0 -2 -4 -6 5 3 1 -1 -3 -5 6 4 2 0 -2 -4 -6 5 3 1 -1 -3 -5 6 4 2 0 -2 -4 -6 5 3 1 -1 -3 -5 6 4 2 0 -2 -4 -6 5 3 1 -1 -3 -5 6 4 2 0 -2 -4 -6 5 3 1 -1 -3 -5 6 4 2 0 -2 -4 -6 5 3 1 -1 -3 -5 6 4 2 0 -2 -4 -6 5 3 1 -1 -3 -5 6 4 2 0 -2 -4 -6 5 3 1 -1 -3 -5 6 4 2 0 -2 -4 -6 5 3 1 -1 -3 -5 6 4 2 0 -2 -4 -6 5 3 1 -1 -3 -5 6 4 2 0 -2 -4 -6 5 3 1 -1 -3 -5 6 4 2 0 -2 -4 -6 5 3 1 -1 -3 -5 6 4 2 0 -2 -4 -6 5 3 1 -1 -3 -5 6 4 2 0 -2 -4 -6 5 3 1 -1 -3 -5 6 4 2 0 -2 -4 -6 5 3 1 -1 -3 -5 6 4 2 0 -2 -4 -6 5 3 1 -1 -3 -5 6 4 2 0 -2 -4 -6 5 3 1 -1 -3 -5 6 4 2 0 -2 -4 -6 5 3 1 -1 -3 -5 6 4 2 0 -2 -4 -6 5 3 1 -1 -3 -5 6 4 2 0 -2 -4 -6 5 3 1 -1 -3 -5 6 4 2 0 -2 -4 -6 5 3 1 -1 -3 -5 6 4 2 0 -2 -4 -6 5 3 1 -1 -3 -5 6 4 2 0 -2 -4 -6 5 3 1 -1 -3 -5 6 4 2 0 -2 -4 -6 5 3 1 -1 -3 -5 6 4 2 0 -2 -4 -6 5 3 1 -1 -3 -5 6 4 2 0 -2 -4 -6 5 3 1 -1 -3 -5 6 4 2 0 -2 -4 -6 5 3 1 -1 -3 -5 6 4 2 0 -2 -4 -6 5 3 1 -1 -3 -5 6 4 2 0 -2 -4 -6 5 3 1 -1 -3 -5 6 4 2 0 -2 -4 -6 5 3 1 -1 -3 -5 6 4 2 0 -2 -4 -6 5 3 1 -1 -3 -5 6 4 2 0 -2 -4 -6 5 3 1 -1 -3 -5 6 4 2 0 -2 -4
0 -2 -4 -6 5 3 1 -1 -3 -5 6 4 2 0 -2 -4 -6 5 3 1 -1 -3 -5 6 4 2 0 -2 -4 -6 5 3 1 -1 -3 -5 6 4 2 0 -2 -4 -6 5 3 1 -1 -3 -5 6 4 2 0 -2 -4 -6 5 3 1 -1 -3 -5 6 4 2 0 -2 -4 -6 5 3 1 -1 -3 -5 6 4 2 0 -2 -4 -6 5 3 1 -1 -3 -5 6 4 2 0 -2 -4 -6 5 3 1 -1 -3 -5 6 4 2 0 -2 -4 -6 5 3 1 -1 -3 -5 6 4 2 0 -2 -4 -6 5 3 1 -1 -3 -5 6 4 2 0 -2 -4 -6 5 3 1 -1 -3 -5 6 4 2 0 -2 -4 -6 5 3 1 -1 -3 -5 6 4 2 0 -2 -4 -6 5 3 1 -1 -3 -5 6 4 2 0 -2 -4 -6 5 3 1 -1 -3 -5 6 4 2 0 -2 -4 -6 5 3 1 -1 -3 -5 6 4 2 0 -2 -4 -6 5 3 1 -1 -3 -5 6 4 2 0 -2 -4 -6 5 3 1 -1 -3 -5 6 4 2 0 -2 -4 -6 5 3 1 -1 -3 -5 6 4 2 0 -2 -4 -6 5 3 1 -1 -3 -5 6 4 2 0 -2 -4 -6 5 3 1 -1 -3 -5 6 4 2 0 -2 -4 -6 5 3 1 -1 -3 -5 6 4 2 0 -2 -4 -6 5 3 1 -1 -3 -5 6 4 2 0 -2 -4 -6 5 3 1 -1 -3 -5 6 4 2 0 -2 -4 -6 5 3 1 -1 -3 -5 6 4 2 0 -2 -4 -6 5 3 1 -1 -3 -5 6 4 2 0 -2 -4 -6 5 3 1 -1 -3 -5 6 4 2 0 -2 -4 -6 5 3 1 -1 -3 -5 6 4 2 0 -2 -4 -6 5 3 1 -1 -3 -5 6 4 2 0 -2 -4 -6 5 3 1 -1 -3 -5 6 4 2 0 -2 -4 -6 5 3 1 -1 -3 -5 6 4 2 0 -2 -4 -6 5 3 1 -1 -3 -5 6 4 2 0 -2 -4 -6 5 3 1 -1 -3 -5 6 4 2 0 -2 -4 -6 5 3 1 -1 -3 -5 6 4 2 0 -2 -4 -6 5 3 1 -1 -3 -5 6 4 2 0 -2 -4 -6 5 3 1 -1 -3 -5 6 4 2 0 -2 -4 -6 5 3 1 -1 -3 -5 6 4 2 0 -2 -4 -6 5 3 1 -1 -3 -5 6 4 2 0 -2 -4 -6 5 3 1 -1 -3 -5 6 4 2 0 -2 -4 -6 5 3
-6 5 3 1 -1 -3 -5 6 4 2 0 -2 -4 -6 5 3 1 -1 -3 -5 6 4 2 0 -2 -4 -6 5 3 1 -1 -3 -5 6 4 2 0 -2 -4 -6 5 3 1 -1 -3 -5 6 4 2 0 -2 -4 -6 5 3 1 -1 -3 -5 6 4 2 0 -2 -4 -6 5 3 1 -1 -3 -5 6 4 2 0 -2 -4 -6 5 3 1 -1 -3 -5 6 4 2 0 -2 -4 -6 5 3 1 -1 -3 -5 6 4 2 0 -2 -4 -6 5 3 1 -1 -3 -5 6 4 2 0 -2 -4 -6 5 3 1 -1 -3 -5 6 4 2 0 -2 -4 -6 5 3 1 -1 -3 -5 6 4 2 0 -2 -4 -6 5 3 1 -1 -3 -5 6 4 2 0 -2 -4 -6 5 3 1 -1 -3 -5 6 4 2 0 -2 -4 -6 5 3 1 -1 -3 -5 6 4 2 0 -2 -4 -6 5 3 1 -1 -3 -5 6 4 2 0 -2 -4 -6 5 3 1 -1 -3 -5 6 4 2 0 -2 -4 -6 5 3 1 -1 -3 -5 6 4 2 0 -2 -4 -6 5 3 1 -1 -3 -5 6 4 2 0 -2 -4 -6 5 3 1 -1 -3 -5 6 4 2 0 -2 -4 -6 5 3 1 -1 -3 -5 6 4 2 0 -2 -4 -6 5 3 1 -1 -3 -5 6 4 2 0 -2 -4 -6 5 3 1 -1 -3 -5 6 4 2 0 -2 -4 -6 5 3 1 -1 -3 -5 6 4 2 0 -2 -4 -6 5 3 1 -1 -3 -5 6 4 2 0 -2 -4 -6 5 3 1 -1 -3 -5 6 4 2 0 -2 -4 -6 5 3 1 -1 -3 -5 6 4 2 0 -2 -4 -6 5 3 1 -1 -3 -5 6 4 2 0 -2 -4 -6 5 3 1 -1 -3 -5 6 4 2 0 -2 -4 -6 5 3 1 -1 -3 -5 6 4 2 0 -2 -4 -6 5 3 1 -1 -3 -5 6 4 2 0 -2 -4 -6 5 3 1 -1 -3 -5 6 4 2 0 -2 -4 -6 5 3 1 -1 -3 -5 6 4 2 0 -2 -4 -6 5 3 1 -1 -3 -5 6 4 2 0 -2 -4 -6 5 3 1 -1 -3 -5 6 4 2 0 -2 -4 -6 5 3 1 -1 -3 -5 6 4 2 0 -2 -4 -6 5 3 1 -1 -3 -5 6 4 2 0 -2 -4 -6 5 3 1 -1 -3 -5 6 4 2 0 -2 -4 -6 5 3 1 -1 -3 -5 6 4 2 0 -2 -4 -6 5 3 1 -1 -3
1 -1 -3 -5 6 4 2 0 -2 -4 -6 5 3 1 -1 -3 -5 6 4 2 0 -2 -4 -6 5 3 1 -1 -3 -5 6 4 2 0 -2 -4 -6 5 3 1 -1 -3 -5 6 4 2 0 -2 -4 -6 5 3 1 -1 -3 -5 6 4 2 0 -2 -4 -6 5 3 1 -1 -3 -5 6 4 2 0 -2 -4 -6 5 3 1 -1 -3 -5 6 4 2 0 -2 -4 -6 5 3 1 -1 -3 -5 6 4 2 0 -2 -4 -6 5 3 1 -1 -3 -5 6 4 2 0 -2 -4 -6 5 3 1 -1 -3 -5 6 4 2 0 -2 -4 -6 5 3 1 -1 -3 -5 6 4 2 0 -2 -4 -6 5 3 1 -1 -3 -5 6 4 2 0 -2 -4 -6 5 3 1 -1 -3 -5 6 4 2 0 -2 -4 -6 5 3 1 -1 -3 -5 6 4 2 0 -2 -4 -6 5 3 1 -1 -3 -5 6 4 2 0 -2 -4 -6 5 3 1 -1 -3 -5 6 4 2 0 -2 -4 -6 5 3 1 -1 -3 -5 6 4 2 0 -2 -4 -6 5 3 1 -1 -3 -5 6 4 2 0 -2 -4 -6 5 3 1 -1 -3 -5 6 4 2 0 -2 -4 -6 5 3 1 -1 -3 -5 6 4 2 0 -2 -4 -6 5 3 1 -1 -3 -5 6 4 2 0 -2 -4 -6 5 3 1 -1 -3 -5 6 4 2 0 -2 -4 -6 5 3 1 -1 -3 -5 6 4 2 0 -2 -4 -6 5 3 1 -1 -3 -5 6 4 2 0 -2 -4 -6 5 3 1 -1 -3 -5 6 4 2 0 -2 -4 -6 5 3 1 -1 -3 -5 6 4 2 0 -2 -4 -6 5 3 1 -1 -3 -5 6 4 2 0 -2 -4 -6 5 3 1 -1 -3 -5 6 4 2 0 -2 -4 -6 5 3 1 -1 -3 -5 6 4 2 0 -2 -4 -6 5 3 1 -1 -3 -5 6 4 2 0 -2 -4 -6 5 3 1 -1 -3 -5 6 4 2 0 -2 -4 -6 5 3 1 -1 -3 -5 6 4 2 0 -2 -4 -6 5 3 1 -1 -3 -5 6 4 2 0 -2 -4 -6 5 3 1 -1 -3 -5 6 4 2 0 -2 -4 -6 5 3 1 -1 -3 -5 6 4 2 0 -2 -4 -6 5 3 1 -1 -3 -5 6 4 2 0 -2 -4 -6 5 3 1 -1 -3 -5 6 4 2 0 -2 -4 -6 5 3 1 -1 -3 -5 6 4 2 0 -2 -4 -6 5 3 1 -1 -3 -5 6 4
-5 6 4 2 0 -2 -4 -6 5 3 1 -1 -3 -5 6 4 2 0 -2 -4 -6 5 3 1 -1 -3 -5 6 4 2 0 -2 -4 -6 5 3 1 -1 -3 -5 6 4 2 0 -2 -4 -6 5 3 1 -1 -3 -5 6 4 2 0 -2 -4 -6 5 3 1 -1 -3 -5 6 4 2 0 -2 -4 -6 5 3 1 -1 -3 -5 6 4 2 0 -2 -4 -6 5 3 1 -1 -3 -5 6 4 2 0 -2 -4 -6 5 3 1 -1 -3 -5 6 4 2 0 -2 -4 -6 5 3 1 -1 -3 -5 6 4 2 0 -2 -4 -6 5 3 1 -1 -3 -5 6 4 2 0 -2 -4 -6 5 3 1 -1 -3 -5 6 4 2 0 -2 -4 -6 5 3 1 -1 -3 -5 6 4 2 0 -2 -4 -6 5 3 1 -1 -3 -5 6 4 2 0 -2 -4 -6 5 3 1 -1 -3 -5 6 4 2 0 -2 -4 -6 5 3 1 -1 -3 -5 6 4 2 0 -2 -4 -6 5 3 1 -1 -3 -5 6 4 2 0 -2 -4 -6 5 3 1 -1 -3 -5 6 4 2 0 -2 -4 -6 5 3 1 -1 -3 -5 6 4 2 0 -2 -4 -6 5 3 1 -1 -3 -5 6 4 2 0 -2 -4 -6 5 3 1 -1 -3 -5 6 4 2 0 -2 -4 -6 5 3 1 -1 -3 -5 6 4 2 0 -2 -4 -6 5 3 1 -1 -3 -5 6 4 2 0 -2 -4 -6 5 3 1 -1 -3 -5 6 4 2 0 -2 -4 -6 5 3 1 -1 -3 -5 6 4 2 0 -2 -4 -6 5 3 1 -1 -3 -5 6 4 2 0 -2 -4 -6 5 3 1 -1 -3 -5 6 4 2 0 -2 -4 -6 5 3 1 -1 -3 -5 6 4 2 0 -2 -4 -6 5 3 1 -1 -3 -5 6 4 2 0 -2 -4 -6 5 3 1 -1 -3 -5 6 4 2 0 -2 -4 -6 5 3 1 -1 -3 -5 6 4 2 0 -2 -4 -6 5 3 1 -1 -3 -5 6 4 2 0 -2 -4 -6 5 3 1 -1 -3 -5 6 4 2 0 -2 -4 -6 5 3 1 -1 -3 -5 6 4 2 0 -2 -4 -6 5 3 1 -1 -3 -5 6 4 2 0 -2 -4 -6 5 3 1 -1 -3 -5 6 4 2 0 -2 -4 -6 5 3 1 -1 -3 -5 6 4 2 0 -2 -4 -6 5 3 1 -1 -3 -5 6 4 2 0 -2 -4 -6 5 3 1 -1 -3 -5 6 4 2 0 -2
2 0 -2 -4 -6 5 3 1 -1 -3 -5 6 4 2 0 -2 -4 -6 5 3 1 -1 -3 -5 6 4 2 0 -2 -4 -6 5 3 1 -1 -3 -5 6 4 2 0 -2 -4 -6 5 3 1 -1 -3 -5 6 4 2 0 -2 -4 -6 5 3 1 -1 -3 -5 6 4 2 0 -2 -4 -6 5 3 1 -1 -3 -5 6 4 2 0 -2 -4 -6 5 3 1 -1 -3 -5 6 4 2 0 -2 -4 -6 5 3 1 -1 -3 -5 6 4 2 0 -2 -4 -6 5 3 1 -1 -3 -5 6 4 2 0 -2 -4 -6 5 3 1 -1 -3 -5 6 4 2 0 -2 -4 -6 5 3 1 -1 -3 -5 6 4 2 0 -2 -4 -6 5 3 1 -1 -3 -5 6 4 2 0 -2 -4 -6 5 3 1 -1 -3 -5 6 4 2 0 -2 -4 -6 5 3 1 -1 -3 -5 6 4 2 0 -2 -4 -6 5 3 1 -1 -3 -5 6 4 2 0 -2 -4 -6 5 3 1 -1 -3 -5 6 4 2 0 -2 -4 -6 5 3 1 -1 -3 -5 6 4 2 0 -2 -4 -6 5 3 1 -1 -3 -5 6 4 2 0 -2 -4 -6 5 3 1 -1 -3 -5 6 4 2 0 -2 -4 -6 5 3 1 -1 -3 -5 6 4 2 0 -2 -4 -6 5 3 1 -1 -3 -5 6 4 2 0 -2 -4 -6 5 3 1 -1 -3 -5 6 4 2 0 -2 -4 -6 5 3 1 -1 -3 -5 6 4 2 0 -2 -4 -6 5 3 1 -1 -3 -5 6 4 2 0 -2 -4 -6 5 3 1 -1 -3 -5 6 4 2 0 -2 -4 -6 5 3 1 -1 -3 -5 6 4 2 0 -2 -4 -6 5 3 1 -1 -3 -5 6 4 2 0 -2 -4 -6 5 3 1 -1 -3 -5 6 4 2 0 -2 -4 -6 5 3 1 -1 -3 -5 6 4 2 0 -2 -4 -6 5 3 1 -1 -3 -5 6 4 2 0 -2 -4 -6 5 3 1 -1 -3 -5 6 4 2 0 -2 -4 -6 5 3 1 -1 -3 -5 6 4 2 0 -2 -4 -6 5 3 1 -1 -3 -5 6 4 2 0 -2 -4 -6 5 3 1 -1 -3 -5 6 4 2 0 -2 -4 -6 5 3 1 -1 -3 -5 6 4 2 0 -2 -4 -6 5 3 1 -1 -3 -5 6 4 2 0 -2 -4 -6 5 3 1 -1 -3 -5 6 4 2 0 -2 -4 -6 5 3 1 -1 -3 -5 6 4 2 0 -2 -4 -6 5
-4 -6 5 3 1 -1 -3 -5 6 4 2 0 -2 -4 -6 5 3 1 -1 -3 -5 6 4 2 0 -2 -4 -6 5 3 1 -1 -3 -5 6 4 2 0 -2 -4 -6 5 3 1 -1 -3 -5 6 4 2 0 -2 -4 -6 5 3 1 -1 -3 -5 6 4 2 0 -2 -4 -6 5 3 1 -1 -3 -5 6 4 2 0 -2 -4 -6 5 3 1 -1 -3 -5 6 4 2 0 -2 -4 -6 5 3 1 -1 -3 -5 6 4 2 0 -2 -4 -6 5 3 1 -1 -3 -5 6 4 2 0 -2 -4 -6 5 3 1 -1 -3 -5 6 4 2 0 -2 -4 -6 5 3 1 -1 -3 -5 6 4 2 0 -2 -4 -6 5 3 1 -1 -3 -5 6 4 2 0 -2 -4 -6 5 3 1 -1 -3 -5 6 4 2 0 -2 -4 -6 5 3 1 -1 -3 -5 6 4 2 0 -2 -4 -6 5 3 1 -1 -3 -5 6 4 2 0 -2 -4 -6 5 3 1 -1 -3 -5 6 4 2 0 -2 -4 -6 5 3 1 -1 -3 -5 6 4 2 0 -2 -4 -6 5 3 1 -1 -3 -5 6 4 2 0 -2 -4 -6 5 3 1 -1 -3 -5 6 4 2 0 -2 -4 -6 5 3 1 -1 -3 -5 6 4 2 0 -2 -4 -6 5 3 1 -1 -3 -5 6 4 2 0 -2 -4 -6 5 3 1 -1 -3 -5 6 4 2 0 -2 -4 -6 5 3 1 -1 -3 -5 6 4 2 0 -2 -4 -6 5 3 1 -1 -3 -5 6 4 2 0 -2 -4 -6 5 3 1 -1 -3 -5 6 4 2 0 -2 -4 -6 5 3 1 -1 -3 -5 6 4 2 0 -2 -4 -6 5 3 1 -1 -3 -5 6 4 2 0 -2 -4 -6 5 3 1 -1 -3 -5 6 4 2 0 -2 -4 -6 5 3 1 -1 -3 -5 6 4 2 0 -2 -4 -6 5 3 1 -1 -3 -5 6 4 2 0 -2 -4 -6 5 3 1 -1 -3 -5 6 4 2 0 -2 -4 -6 5 3 1 -1 -3 -5 6 4 2 0 -2 -4 -6 5 3 1 -1 -3 -5 6 4 2 0 -2 -4 -6 5 3 1 -1 -3 -5 6 4 2 0 -2 -4 -6 5 3 1 -1 -3 -5 6 4 2 0 -2 -4 -6 5 3 1 -1 -3 -5 6 4 2 0 -2 -4 -6 5 3 1 -1 -3 -5 6 4 2 0 -2 -4 -6 5 3 1 -1 -3 -5 6 4 2 0 -2 -4 -6 5 3 1 -1
3 1 -1 -3 -5 6 4 2 0 -2 -4 -6 5 3 1 -1 -3 -5 6 4 2 0 -2 -4 -6 5 3 1 -1 -3 -5 6 4 2 0 -2 -4 -6 5 3 1 -1 -3 -5 6 4 2 0 -2 -4 -6 5 3 1 -1 -3 -5 6 4 2 0 -2 -4 -6 5 3 1 -1 -3 -5 6 4 2 0 -2 -4 -6 5 3 1 -1 -3 -5 6 4 2 0 -2 -4 -6 5 3 1 -1 -3 -5 6 4 2 0 -2 -4 -6 5 3 1 -1 -3 -5 6 4 2 0 -2 -4 -6 5 3 1 -1 -3 -5 6 4 2 0 -2 -4 -6 5 3 1 -1 -3 -5 6 4 2 0 -2 -4 -6 5 3 1 -1 -3 -5 6 4 2 0 -2 -4 -6 5 3 1 -1 -3 -5 6 4 2 0 -2 -4 -6 5 3 1 -1 -3 -5 6 4 2 0 -2 -4 -6 5 3 1 -1 -3 -5 6 4 2 0 -2 -4 -6 5 3 1 -1 -3 -5 6 4 2 0 -2 -4 -6 5 3 1 -1 -3 -5 6 4 2 0 -2 -4 -6 5 3 1 -1 -3 -5 6 4 2 0 -2 -4 -6 5 3 1 -1 -3 -5 6 4 2 0 -2 -4 -6 5 3 1 -1 -3 -5 6 4 2 0 -2 -4 -6 5 3 1 -1 -3 -5 6 4 2 0 -2 -4 -6 5 3 1 -1 -3 -5 6 4 2 0 -2 -4 -6 5 3 1 -1 -3 -5 6 4 2 0 -2 -4 -6 5 3 1 -1 -3 -5 6 4 2 0 -2 -4 -6 5 3 1 -1 -3 -5 6 4 2 0 -2 -4 -6 5 3 1 -1 -3 -5 6 4 2 0 -2 -4 -6 5 3 1 -1 -3 -5 6 4 2 0 -2 -4 -6 5 3 1 -1 -3 -5 6 4 2 0 -2 -4 -6 5 3 1 -1 -3 -5 6 4 2 0 -2 -4 -6 5 3 1 -1 -3 -5 6 4 2 0 -2 -4 -6 5 3 1 -1 -3 -5 6 4 2 0 -2 -4 -6 5 3 1 -1 -3 -5 6 4 2 0 -2 -4 -6 5 3 1 -1 -3 -5 6 4 2 0 -2 -4 -6 5 3 1 -1 -3 -5 6 4 2 0 -2 -4 -6 5 3 1 -1 -3 -5 6 4 2 0 -2 -4 -6 5 3 1 -1 -3 -5 6 4 2 0 -2 -4 -6 5 3 1 -1 -3 -5 6 4 2 0 -2 -4 -6 5 3 1 -1 -3 -5 6 4 2 0 -2 -4 -6 5 3 1 -1 -3 -5 6
-3 -5 6 4 2 0 -2 -4 -6 5 3 1 -1 -3 -5 6 4 2 0 -2 -4 -6 5 3 1 -1 -3 -5 6 4 2 0 -2 -4 -6 5 3 1 -1 -3 -5 6 4 2 0 -2 -4 -6 5 3 1 -1 -3 -5 6 4 2 0 -2 -4 -6 5 3 1 -1 -3 -5 6 4 2 0 -2 -4 -6 5 3 1 -1 -3 -5 6 4 2 0 -2 -4 -6 5 3 1 -1 -3 -5 6 4 2 0 -2 -4 -6 5 3 1 -1 -3 -5 6 4 2 0 -2 -4 -6 5 3 1 -1 -3 -5 6 4 2 0 -2 -4 -6 5 3 1 -1 -3 -5 6 4 2 0 -2 -4 -6 5 3 1 -1 -3 -5 6 4 2 0 -2 -4 -6 5 3 1 -1 -3 -5 6 4 2 0 -2 -4 -6 5 3 1 -1 -3 -5 6 4 2 0 -2 -4 -6 5 3 1 -1 -3 -5 6 4 2 0 -2 -4 -6 5 3 1 -1 -3 -5 6 4 2 0 -2 -4 -6 5 3 1 -1 -3 -5 6 4 2 0 -2 -4 -6 5 3 1 -1 -3 -5 6 4 2 0 -2 -4 -6 5 3 1 -1 -3 -5 6 4 2 0 -2 -4 -6 5 3 1 -1 -3 -5 6 4 2 0 -2 -4 -6 5 3 1 -1 -3 -5 6 4 2 0 -2 -4 -6 5 3 1 -1 -3 -5 6 4 2 0 -2 -4 -6 5 3 1 -1 -3 -5 6 4 2 0 -2 -4 -6 5 3 1 -1 -3 -5 6 4 2 0 -2 -4 -6 5 3 1 -1 -3 -5 6 4 2 0 -2 -4 -6 5 3 1 -1 -3 -5 6 4 2 0 -2 -4 -6 5 3 1 -1 -3 -5 6 4 2 0 -2 -4 -6 5 3 1 -1 -3 -5 6 4 2 0 -2 -4 -6 5 3 1 -1 -3 -5 6 4 2 0 -2 -4 -6 5 3 1 -1 -3 -5 6 4 2 0 -2 -4 -6 5 3 1 -1 -3 -5 6 4 2 0 -2 -4 -6 5 3 1 -1 -3 -5 6 4 2 0 -2 -4 -6 5 3 1 -1 -3 -5 6 4 2 0 -2 -4 -6 5 3 1 -1 -3 -5 6 4 2 0 -2 -4 -6 5 3 1 -1 -3 -5 6 4 2 0 -2 -4 -6 5 3 1 -1 -3 -5 6 4 2 0 -2 -4 -6 5 3 1 -1 -3 -5 6 4 2 0 -2 -4 -6 5 3 1 -1 -3 -5 6 4 2 0 -2 -4 -6 5 3 1 -1 -3 -5 6 4 2 0
4 2 0 -2 -4 -6 5 3 1 -1 -3 -5 6 4 2 0 -2 -4 -6 5 3 1 -1 -3 -5 6 4 2 0 -2 -4 -6 5 3 1 -1 -3 -5 6 4 2 0 -2 -4 -6 5 3 1 -1 -3 -5 6 4 2 0 -2 -4 -6 5 3 1 -1 -3 -5 6 4 2 0 -2 -4 -6 5 3 1 -1 -3 -5 6 4 2 0 -2 -4 -6 5 3 1 -1 -3 -5 6 4 2 0 -2 -4 -6 5 3 1 -1 -3 -5 6 4 2 0 -2 -4 -6 5 3 1 -1 -3 -5 6 4 2 0 -2 -4 -6 5 3 1 -1 -3 -5 6 4 2 0 -2 -4 -6 5 3 1 -1 -3 -5 6 4 2 0 -2 -4 -6 5 3 1 -1 -3 -5 6 4 2 0 -2 -4 -6 5 3 1 -1 -3 -5 6 4 2 0 -2 -4 -6 5 3 1 -1 -3 -5 6 4 2 0 -2 -4 -6 5 3 1 -1 -3 -5 6 4 2 0 -2 -4 -6 5 3 1 -1 -3 -5 6 4 2 0 -2 -4 -6 5 3 1 -1 -3 -5 6 4 2 0 -2 -4 -6 5 3 1 -1 -3 -5 6 4 2 0 -2 -4 -6 5 3 1 -1 -3 -5 6 4 2 0 -2 -4 -6 5 3 1 -1 -3 -5 6 4 2 0 -2 -4 -6 5 3 1 -1 -3 -5 6 4 2 0 -2 -4 -6 5 3 1 -1 -3 -5 6 4 2 0 -2 -4 -6 5 3 1 -1 -3 -5 6 4 2 0 -2 -4 -6 5 3 1 -1 -3 -5 6 4 2 0 -2 -4 -6 5 3 1 -1 -3 -5 6 4 2 0 -2 -4 -6 5 3 1 -1 -3 -5 6 4 2 0 -2 -4 -6 5 3 1 -1 -3 -5 6 4 2 0 -2 -4 -6 5 3 1 -1 -3 -5 6 4 2 0 -2 -4 -6 5 3 1 -1 -3 -5 6 4 2 0 -2 -4 -6 5 3 1 -1 -3 -5 6 4 2 0 -2 -4 -6 5 3 1 -1 -3 -5 6 4 2 0 -2 -4 -6 5 3 1 -1 -3 -5 6 4 2 0 -2 -4 -6 5 3 1 -1 -3 -5 6 4 2 0 -2 -4 -6 5 3 1 -1 -3 -5 6 4 2 0 -2 -4 -6 5 3 1 -1 -3 -5 6 4 2 0 -2 -4 -6 5 3 1 -1 -3 -5 6 4 2 0 -2 -4 -6 5 3 1 -1 -3 -5 6 4 2 0 -2 -4 -6 5 3 1 -1 -3 -5 6 4 2 0 -2 -4 -6
-2 -4 -6 5 3 1 -1 -3 -5 6 4 2 0 -2 -4 -6 5 3 1 -1 -3 -5 6 4 2 0 -2 -4 -6 5 3 1 -1 -3 -5 6 4 2 0 -2 -4 -6 5 3 1 -1 -3 -5 6 4 2 0 -2 -4 -6 5 3 1 -1 -3 -5 6 4 2 0 -2 -4 -6 5 3 1 -1 -3 -5 6 4 2 0 -2 -4 -6 5 3 1 -1 -3 -5 6 4 2 0 -2 -4 -6 5 3 1 -1 -3 -5 6 4 2 0 -2 -4 -6 5 3 1 -1 -3 -5 6 4 2 0 -2 -4 -6 5 3 1 -1 -3 -5 6 4 2 0 -2 -4 -6 5 3 1 -1 -3 -5 6 4 2 0 -2 -4 -6 5 3 1 -1 -3 -5 6 4 2 0 -2 -4 -6 5 3 1 -1 -3 -5 6 4 2 0 -2 -4 -6 5 3 1 -1 -3 -5 6 4 2 0 -2 -4 -6 5 3 1 -1 -3 -5 6 4 2 0 -2 -4 -6 5 3 1 -1 -3 -5 6 4 2 0 -2 -4 -6 5 3 1 -1 -3 -5 6 4 2 0 -2 -4 -6 5 3 1 -1 -3 -5 6 4 2 0 -2 -4 -6 5 3 1 -1 -3 -5 6 4 2 0 -2 -4 -6 5 3 1 -1 -3 -5 6 4 2 0 -2 -4 -6 5 3 1 -1 -3 -5 6 4 2 0 -2 -4 -6 5 3 1 -1 -3 -5 6 4 2 0 -2 -4 -6 5 3 1 -1 -3 -5 6 4 2 0 -2 -4 -6 5 3 1 -1 -3 -5 6 4 2 0 -2 -4 -6 5 3 1 -1 -3 -5 6 4 2 0 -2 -4 -6 5 3 1 -1 -3 -5 6 4 2 0 -2 -4 -6 5 3 1 -1 -3 -5 6 4 2 0 -2 -4 -6 5 3 1 -1 -3 -5 6 4 2 0 -2 -4 -6 5 3 1 -1 -3 -5 6 4 2 0 -2 -4 -6 5 3 1 -1 -3 -5 6 4 2 0 -2 -4 -6 5 3 1 -1 -3 -5 6 4 2 0 -2 -4 -6 5 3 1 -1 -3 -5 6 4 2 0 -2 -4 -6 5 3 1 -1 -3 -5 6 4 2 0 -2 -4 -6 5 3 1 -1 -3 -5 6 4 2 0 -2 -4 -6 5 3 1 -1 -3 -5 6 4 2 0 -2 -4 -6 5 3 1 -1 -3 -5 6 4 2 0 -2 -4 -6 5 3 1 -1 -3 -5 6 4 2 0 -2 -4 -6 5 3 1 -1 -3 -5 6 4 2 0 -2 -4 -6 5 3 1
5 3 1 -1 -3 -5 6 4 2 0 -2 -4 -6 5 3 1 -1 -3 -5 6 4 2 0 -2 -4 -6 5 3 1 -1 -3 -5 6 4 2 0 -2 -4 -6 5 3 1 -1 -3 -5 6 4 2 0 -2 -4 -6 5 3 1 -1 -3 -5 6 4 2 0 -2 -4 -6 5 3 1 -1 -3 -5 6 4 2 0 -2 -4 -6 5 3 1 -1 -3 -5 6 4 2 0 -2 -4 -6 5 3 1 -1 -3 -5 6 4 2 0 -2 -4 -6 5 3 1 -1 -3 -5 6 4 2 0 -2 -4 -6 5 3 1 -1 -3 -5 6 4 2 0 -2 -4 -6 5 3 1 -1 -3 -5 6 4 2 0 -2 -4 -6 5 3 1 -1 -3 -5 6 4 2 0 -2 -4 -6 5 3 1 -1 -3 -5 6 4 2 0 -2 -4 -6 5 3 1 -1 -3 -5 6 4 2 0 -2 -4 -6 5 3 1 -1 -3 -5 6 4 2 0 -2 -4 -6 5 3 1 -1 -3 -5 6 4 2 0 -2 -4 -6 5 3 1 -1 -3 -5 6 4 2 0 -2 -4 -6 5 3 1 -1 -3 -5 6 4 2 0 -2 -4 -6 5 3 1 -1 -3 -5 6 4 2 0 -2 -4 -6 5 3 1 -1 -3 -5 6 4 2 0 -2 -4 -6 5 3 1 -1 -3 -5 6 4 2 0 -2 -4 -6 5 3 1 -1 -3 -5 6 4 2 0 -2 -4 -6 5 3 1 -1 -3 -5 6 4 2 0 -2 -4 -6 5 3 1 -1 -3 -5 6 4 2 0 -2 -4 -6 5 3 1 -1 -3 -5 6 4 2 0 -2 -4 -6 5 3 1 -1 -3 -5 6 4 2 0 -2 -4 -6 5 3 1 -1 -3 -5 6 4 2 0 -2 -4 -6 5 3 1 -1 -3 -5 6 4 2 0 -2 -4 -6 5 3 1 -1 -3 -5 6 4 2 0 -2 -4 -6 5 3 1 -1 -3 -5 6 4 2 0 -2 -4 -6 5 3 1 -1 -3 -5 6 4 2 0 -2 -4 -6 5 3 1 -1 -3 -5 6 4 2 0 -2 -4 -6 5 3 1 -1 -3 -5 6 4 2 0 -2 -4 -6 5 3 1 -1 -3 -5 6 4 2 0 -2 -4 -6 5 3 1 -1 -3 -5 6 4 2 0 -2 -4 -6 5 3 1 -1 -3 -5 6 4 2 0 -2 -4 -6 5 3 1 -1 -3 -5 6 4 2 0 -2 -4 -6 5 3 1 -1 -3 -5 6 4 2 0 -2 -4 -6 5 3 1 -1 -3 -5
-1 -3 -5 6 4 2 0 -2 -4 -6 5 3 1 -1 -3 -5 6 4 2 0 -2 -4 -6 5 3 1 -1 -3 -5 6 4 2 0 -2 -4 -6 5 3 1 -1 -3 -5 6 4 2 0 -2 -4 -6 5 3 1 -1 -3 -5 6 4 2 0 -2 -4 -6 5 3 1 -1 -3 -5 6 4 2 0 -2 -4 -6 5 3 1 -1 -3 -5 6 4 2 0 -2 -4 -6 5 3 1 -1 -3 -5 6 4 2 0 -2 -4 -6 5 3 1 -1 -3 -5 6 4 2 0 -2 -4 -6 5 3 1 -1 -3 -5 6 4 2 0 -2 -4 -6 5 3 1 -1 -3 -5 6 4 2 0 -2 -4 -6 5 3 1 -1 -3 -5 6 4 2 0 -2 -4 -6 5 3 1 -1 -3 -5 6 4 2 0 -2 -4 -6 5 3 1 -1 -3 -5 6 4 2 0 -2 -4 -6 5 3 1 -1 -3 -5 6 4 2 0 -2 -4 -6 5 3 1 -1 -3 -5 6 4 2 0 -2 -4 -6 5 3 1 -1 -3 -5 6 4 2 0 -2 -4 -6 5 3 1 -1 -3 -5 6 4 2 0 -2 -4 -6 5 3 1 -1 -3 -5 6 4 2 0 -2 -4 -6 5 3 1 -1 -3 -5 6 4 2 0 -2 -4 -6 5 3 1 -1 -3 -5 6 4 2 0 -2 -4 -6 5 3 1 -1 -3 -5 6 4 2 0 -2 -4 -6 5 3 1 -1 -3 -5 6 4 2 0 -2 -4 -6 5 3 1 -1 -3 -5 6 4 2 0 -2 -4 -6 5 3 1 -1 -3 -5 6 4 2 0 -2 -4 -6 5 3 1 -1 -3 -5 6 4 2 0 -2 -4 -6 5 3 1 -1 -3 -5 6 4 2 0 -2 -4 -6 5 3 1 -1 -3 -5 6 4 2 0 -2 -4 -6 5 3 1 -1 -3 -5 6 4 2 0 -2 -4 -6 5 3 1 -1 -3 -5 6 4 2 0 -2 -4 -6 5 3 1 -1 -3 -5 6 4 2 0 -2 -4 -6 5 3 1 -1 -3 -5 6 4 2 0 -2 -4 -6 5 3 1 -1 -3 -5 6 4 2 0 -2 -4 -6 5 3 1 -1 -3 -5 6 4 2 0 -2 -4 -6 5 3 1 -1 -3 -5 6 4 2 0 -2 -4 -6 5 3 1 -1 -3 -5 6 4 2 0 -2 -4 -6 5 3 1 -1 -3 -5 6 4 2 0 -2 -4 -6 5 3 1 -1 -3 -5 6 4 2 0 -2 -4 -6 5 3 1 -1 -3 -5 6 4 2
6 4 2 0 -2 -4 -6 5 3 1 -1 -3 -5 6 4 2 0 -2 -4 -6 5 3 1 -1 -3 -5 6 4 2 0 -2 -4 -6 5 3 1 -1 -3 -5 6 4 2 0 -2 -4 -6 5 3 1 -1 -3 -5 6 4 2 0 -2 -4 -6 5 3 1 -1 -3 -5 6 4 2 0 -2 -4 -6 5 3 1 -1 -3 -5 6 4 2 0 -2 -4 -6 5 3 1 -1 -3 -5 6 4 2 0 -2 -4 -6 5 3 1 -1 -3 -5 6 4 2 0 -2 -4 -6 5 3 1 -1 -3 -5 6 4 2 0 -2 -4 -6 5 3 1 -1 -3 -5 6 4 2 0 -2 -4 -6 5 3 1 -1 -3 -5 6 4 2 0 -2 -4 -6 5 3 1 -1 -3 -5 6 4 2 0 -2 -4 -6 5 3 1 -1 -3 -5 6 4 2 0 -2 -4 -6 5 3 1 -1 -3 -5 6 4 2 0 -2 -4 -6 5 3 1 -1 -3 -5 6 4 2 0 -2 -4 -6 5 3 1 -1 -3 -5 6 4 2 0 -2 -4 -6 5 3 1 -1 -3 -5 6 4 2 0 -2 -4 -6 5 3 1 -1 -3 -5 6 4 2 0 -2 -4 -6 5 3 1 -1 -3 -5 6 4 2 0 -2 -4 -6 5 3 1 -1 -3 -5 6 4 2 0 -2 -4 -6 5 3 1 -1 -3 -5 6 4 2 0 -2 -4 -6 5 3 1 -1 -3 -5 6 4 2 0 -2 -4 -6 5 3 1 -1 -3 -5 6 4 2 0 -2 -4 -6 5 3 1 -1 -3 -5 6 4 2 0 -2 -4 -6 5 3 1 -1 -3 -5 6 4 2 0 -2 -4 -6 5 3 1 -1 -3 -5 6 4 2 0 -2 -4 -6 5 3 1 -1 -3 -5 6 4 2 0 -2 -4 -6 5 3 1 -1 -3 -5 6 4 2 0 -2 -4 -6 5 3 1 -1 -3 -5 6 4 2 0 -2 -4 -6 5 3 1 -1 -3 -5 6 4 2 0 -2 -4 -6 5 3 1 -1 -3 -5 6 4 2 0 -2 -4 -6 5 3 1 -1 -3 -5 6 4 2 0 -2 -4 -6 5 3 1 -1 -3 -5 6 4 2 0 -2 -4 -6 5 3 1 -1 -3 -5 6 4 2 0 -2 -4 -6 5 3 1 -1 -3 -5 6 4 2 0 -2 -4 -6 5 3 1 -1 -3 -5 6 4 2 0 -2 -4 -6 5 3 1 -1 -3 -5 6 4 2 0 -2 -4 -6 5 3 1 -1 -3 -5 6 4 2 0 -2 -4
0 -2 -4 -6 5 3 1 -1 -3 -5 6 4 2 0 -2 -4 -6 5 3 1 -1 -3 -5 6 4 2 0 -2 -4 -6 5 3 1 -1 -3 -5 6 4 2 0 -2 -4 -6 5 3 1 -1 -3 -5 6 4 2 0 -2 -4 -6 5 3 1 -1 -3 -5 6 4 2 0 -2 -4 -6 5 3 1 -1 -3 -5 6 4 2 0 -2 -4 -6 5 3 1 -1 -3 -5 6 4 2 0 -2 -4 -6 5 3 1 -1 -3 -5 6 4 2 0 -2 -4 -6 5 3 1 -1 -3 -5 6 4 2 0 -2 -4 -6 5 3 1 -1 -3 -5 6 4 2 0 -2 -4 -6 5 3 1 -1 -3 -5 6 4 2 0 -2 -4 -6 5 3 1 -1 -3 -5 6 4 2 0 -2 -4 -6 5 3 1 -1 -3 -5 6 4 2 0 -2 -4 -6 5 3 1 -1 -3 -5 6 4 2 0 -2 -4 -6 5 3 1 -1 -3 -5 6 4 2 0 -2 -4 -6 5 3 1 -1 -3 -5 6 4 2 0 -2 -4 -6 5 3 1 -1 -3 -5 6 4 2 0 -2 -4 -6 5 3 1 -1 -3 -5 6 4 2 0 -2 -4 -6 5 3 1 -1 -3 -5 6 4 2 0 -2 -4 -6 5 3 1 -1 -3 -5 6 4 2 0 -2 -4 -6 5 3 1 -1 -3 -5 6 4 2 0 -2 -4 -6 5 3 1 -1 -3 -5 6 4 2 0 -2 -4 -6 5 3 1 -1 -3 -5 6 4 2 0 -2 -4 -6 5 3 1 -1 -3 -5 6 4 2 0 -2 -4 -6 5 3 1 -1 -3 -5 6 4 2 0 -2 -4 -6 5 3 1 -1 -3 -5 6 4 2 0 -2 -4 -6 5 3 1 -1 -3 -5 6 4 2 0 -2 -4 -6 5 3 1 -1 -3 -5 6 4 2 0 -2 -4 -6 5 3 1 -1 -3 -5 6 4 2 0 -2 -4 -6 5 3 1 -1 -3 -5 6 4 2 0 -2 -4 -6 5 3 1 -1 -3 -5 6 4 2 0 -2 -4 -6 5 3 1 -1 -3 -5 6 4 2 0 -2 -4 -6 5 3 1 -1 -3 -5 6 4 2 0 -2 -4 -6 5 3 1 -1 -3 -5 6 4 2 0 -2 -4 -6 5 3 1 -1 -3 -5 6 4 2 0 -2 -4 -6 5 3 1 -1 -3 -5 6 4 2 0 -2 -4 -6 5 3 1 -1 -3 -5 6 4 2 0 -2 -4 -6 5 3 1 -1 -3 -5 6 4 2 0 -2 -4 -6 5 3
-6 5 3 1 -1 -3 -5 6 4 2 0 -2 -4 -6 5 3 1 -1 -3 -5 6 4 2 0 -2 -4 -6 5 3 1 -1 -3 -5 6 4 2 0 -2 -4 -6 5 3 1 -1 -3 -5 6 4 2 0 -2 -4 -6 5 3 1 -1 -3 -5 6 4 2 0 -2 -4 -6 5 3 1 -1 -3 -5 6 4 2 0 -2 -4 -6 5 3 1 -1 -3 -5 6 4 2 0 -2 -4 -6 5 3 1 -1 -3 -5 6 4 2 0 -2 -4 -6 5 3 1 -1 -3 -5 6 4 2 0 -2 -4 -6 5 3 1 -1 -3 -5 6 4 2 0 -2 -4 -6 5 3 1 -1 -3 -5 6 4 2 0 -2 -4 -6 5 3 1 -1 -3 -5 6 4 2 0 -2 -4 -6 5 3 1 -1 -3 -5 6 4 2 0 -2 -4 -6 5 3 1 -1 -3 -5 6 4 2 0 -2 -4 -6 5 3 1 -1 -3 -5 6 4 2 0 -2 -4 -6 5 3 1 -1 -3 -5 6 4 2 0 -2 -4 -6 5 3 1 -1 -3 -5 6 4 2 0 -2 -4 -6 5 3 1 -1 -3 -5 6 4 2 0 -2 -4 -6 5 3 1 -1 -3 -5 6 4 2 0 -2 -4 -6 5 3 1 -1 -3 -5 6 4 2 0 -2 -4 -6 5 3 1 -1 -3 -5 6 4 2 0 -2 -4 -6 5 3 1 -1 -3 -5 6 4 2 0 -2 -4 -6 5 3 1 -1 -3 -5 6 4 2 0 -2 -4 -6 5 3 1 -1 -3 -5 6 4 2 0 -2 -4 -6 5 3 1 -1 -3 -5 6 4 2 0 -2 -4 -6 5 3 1 -1 -3 -5 6 4 2 0 -2 -4 -6 5 3 1 -1 -3 -5 6 4 2 0 -2 -4 -6 5 3 1 -1 -3 -5 6 4 2 0 -2 -4 -6 5 3 1 -1 -3 -5 6 4 2 0 -2 -4 -6 5 3 1 -1 -3 -5 6 4 2 0 -2 -4 -6 5 3 1 -1 -3 -5 6 4 2 0 -2 -4 -6 5 3 1 -1 -3 -5 6 4 2 0 -2 -4 -6 5 3 1 -1 -3 -5 6 4 2 0 -2 -4 -6 5 3 1 -1 -3 -5 6 4 2 0 -2 -4 -6 5 3 1 -1 -3 -5 6 4 2 0 -2 -4 -6 5 3 1 -1 -3 -5 6 4 2 0 -2 -4 -6 5 3 1 -1 -3 -5 6 4 2 0 -2 -4 -6 5 3 1 -1 -3 -5 6 4 2 0 -2 -4 -6 5 3 1 -1 -3
1 -1 -3 -5 6 4 2 0 -2 -4 -6 5 3 1 -1 -3 -5 6 4 2 0 -2 -4 -6 5 3 1 -1 -3 -5 6 4 2 0 -2 -4 -6 5 3 1 -1 -3 -5 6 4 2 0 -2 -4 -6 5 3 1 -1 -3 -5 6 4 2 0 -2 -4 -6 5 3 1 -1 -3 -5 6 4 2 0 -2 -4 -6 5 3 1 -1 -3 -5 6 4 2 0 -2 -4 -6 5 3 1 -1 -3 -5 6 4 2 0 -2 -4 -6 5 3 1 -1 -3 -5 6 4 2 0 -2 -4 -6 5 3 1 -1 -3 -5 6 4 2 0 -2 -4 -6 5 3 1 -1 -3 -5 6 4 2 0 -2 -4 -6 5 3 1 -1 -3 -5 6 4 2 0 -2 -4 -6 5 3 1 -1 -3 -5 6 4 2 0 -2 -4 -6 5 3 1 -1 -3 -5 6 4 2 0 -2 -4 -6 5 3 1 -1 -3 -5 6 4 2 0 -2 -4 -6 5 3 1 -1 -3 -5 6 4 2 0 -2 -4 -6 5 3 1 -1 -3 -5 6 4 2 0 -2 -4 -6 5 3 1 -1 -3 -5 6 4 2 0 -2 -4 -6 5 3 1 -1 -3 -5 6 4 2 0 -2 -4 -6 5 3 1 -1 -3 -5 6 4 2 0 -2 -4 -6 5 3 1 -1 -3 -5 6 4 2 0 -2 -4 -6 5 3 1 -1 -3 -5 6 4 2 0 -2 -4 -6 5 3 1 -1 -3 -5 6 4 2 0 -2 -4 -6 5 3 1 -1 -3 -5 6 4 2 0 -2 -4 -6 5 3 1 -1 -3 -5 6 4 2 0 -2 -4 -6 5 3 1 -1 -3 -5 6 4 2 0 -2 -4 -6 5 3 1 -1 -3 -5 6 4 2 0 -2 -4 -6 5 3 1 -1 -3 -5 6 4 2 0 -2 -4 -6 5 3 1 -1 -3 -5 6 4 2 0 -2 -4 -6 5 3 1 -1 -3 -5 6 4 2 0 -2 -4 -6 5 3 1 -1 -3 -5 6 4 2 0 -2 -4 -6 5 3 1 -1 -3 -5 6 4 2 0 -2 -4 -6 5 3 1 -1 -3 -5 6 4 2 0 -2 -4 -6 5 3 1 -1 -3 -5 6 4 2 0 -2 -4 -6 5 3 1 -1 -3 -5 6 4 2 0 -2 -4 -6 5 3 1 -1 -3 -5 6 4 2 0 -2 -4 -6 5 3 1 -1 -3 -5 6 4 2 0 -2 -4 -6 5 3 1 -1 -3 -5 6 4 2 0 -2 -4 -6 5 3 1 -1 -3 -5 6 4
-5 6 4 2 0 -2 -4 -6 5 3 1 -1 -3 -5 6 4 2 0 -2 -4 -6 5 3 1 -1 -3 -5 6 4 2 0 -2 -4 -6 5 3 1 -1 -3 -5 6 4 2 0 -2 -4 -6 5 3 1 -1 -3 -5 6 4 2 0 -2 -4 -6 5 3 1 -1 -3 -5 6 4 2 0 -2 -4 -6 5 3 1 -1 -3 -5 6 4 2 0 -2 -4 -6 5 3 1 -1 -3 -5 6 4 2 0 -2 -4 -6 5 3 1 -1 -3 -5 6 4 2 0 -2 -4 -6 5 3 1 -1 -3 -5 6 4 2 0 -2 -4 -6 5 3 1 -1 -3 -5 6 4 2 0 -2 -4 -6 5 3 1 -1 -3 -5 6 4 2 0 -2 -4 -6 5 3 1 -1 -3 -5 6 4 2 0 -2 -4 -6 5 3 1 -1 -3 -5 6 4 2 0 -2 -4 -6 5 3 1 -1 -3 -5 6 4 2 0 -2 -4 -6 5 3 1 -1 -3 -5 6 4 2 0 -2 -4 -6 5 3 1 -1 -3 -5 6 4 2 0 -2 -4 -6 5 3 1 -1 -3 -5 6 4 2 0 -2 -4 -6 5 3 1 -1 -3 -5 6 4 2 0 -2 -4 -6 5 3 1 -1 -3 -5 6 4 2 0 -2 -4 -6 5 3 1 -1 -3 -5 6 4 2 0 -2 -4 -6 5 3 1 -1 -3 -5 6 4 2 0 -2 -4 -6 5 3 1 -1 -3 -5 6 4 2 0 -2 -4 -6 5 3 1 -1 -3 -5 6 4 2 0 -2 -4 -6 5 3 1 -1 -3 -5 6 4 2 0 -2 -4 -6 5 3 1 -1 -3 -5 6 4 2 0 -2 -4 -6 5 3 1 -1 -3 -5 6 4 2 0 -2 -4 -6 5 3 1 -1 -3 -5 6 4 2 0 -2 -4 -6 5 3 1 -1 -3 -5 6 4 2 0 -2 -4 -6 5 3 1 -1 -3 -5 6 4 2 0 -2 -4 -6 5 3 1 -1 -3 -5 6 4 2 0 -2 -4 -6 5 3 1 -1 -3 -5 6 4 2 0 -2 -4 -6 5 3 1 -1 -3 -5 6 4 2 0 -2 -4 -6 5 3 1 -1 -3 -5 6 4 2 0 -2 -4 -6 5 3 1 -1 -3 -5 6 4 2 0 -2 -4 -6 5 3 1 -1 -3 -5 6 4 2 0 -2 -4 -6 5 3 1 -1 -3 -5 6 4 2 0 -2 -4 -6 5 3 1 -1 -3 -5 6 4 2 0 -2 -4 -6 5 3 1 -1 -3 -5 6 4 2 0 -2
2 0 -2 -4 -6 5 3 1 -1 -3 -5 6 4 2 0 -2 -4 -6 5 3 1 -1 -3 -5 6 4 2 0 -2 -4 -6 5 3 1 -1 -3 -5 6 4 2 0 -2 -4 -6 5 3 1 -1 -3 -5 6 4 2 0 -2 -4 -6 5 3 1 -1 -3 -5 6 4 2 0 -2 -4 -6 5 3 1 -1 -3 -5 6 4 2 0 -2 -4 -6 5 3 1 -1 -3 -5 6 4 2 0 -2 -4 -6 5 3 1 -1 -3 -5 6 4 2 0 -2 -4 -6 5 3 1 -1 -3 -5 6 4 2 0 -2 -4 -6 5 3 1 -1 -3 -5 6 4 2 0 -2 -4 -6 5 3 1 -1 -3 -5 6 4 2 0 -2 -4 -6 5 3 1 -1 -3 -5 6 4 2 0 -2 -4 -6 5 3 1 -1 -3 -5 6 4 2 0 -2 -4 -6 5 3 1 -1 -3 -5 6 4 2 0 -2 -4 -6 5 3 1 -1 -3 -5 6 4 2 0 -2 -4 -6 5 3 1 -1 -3 -5 6 4 2 0 -2 -4 -6 5 3 1 -1 -3 -5 6 4 2 0 -2 -4 -6 5 3 1 -1 -3 -5 6 4 2 0 -2 -4 -6 5 3 1 -1 -3 -5 6 4 2 0 -2 -4 -6 5 3 1 -1 -3 -5 6 4 2 0 -2 -4 -6 5 3 1 -1 -3 -5 6 4 2 0 -2 -4 -6 5 3 1 -1 -3 -5 6 4 2 0 -2 -4 -6 5 3 1 -1 -3 -5 6 4 2 0 -2 -4 -6 5 3 1 -1 -3 -5 6 4 2 0 -2 -4 -6 5 3 1 -1 -3 -5 6 4 2 0 -2 -4 -6 5 3 1 -1 -3 -5 6 4 2 0 -2 -4 -6 5 3 1 -1 -3 -5 6 4 2 0 -2 -4 -6 5 3 1 -1 -3 -5 6 4 2 0 -2 -4 -6 5 3 1 -1 -3 -5 6 4 2 0 -2 -4 -6 5 3 1 -1 -3 -5 6 4 2 0 -2 -4 -6 5 3 1 -1 -3 -5 6 4 2 0 -2 -4 -6 5 3 1 -1 -3 -5 6 4 2 0 -2 -4 -6 5 3 1 -1 -3 -5 6 4 2 0 -2 -4 -6 5 3 1 -1 -3 -5 6 4 2 0 -2 -4 -6 5 3 1 -1 -3 -5 6 4 2 0 -2 -4 -6 5 3 1 -1 -3 -5 6 4 2 0 -2 -4 -6 5 3 1 -1 -3 -5 6 4 2 0 -2 -4 -6 5 3 1 -1 -3 -5 6 4 2 0 -2 -4 -6 5
-4 -6 5 3 1 -1 -3 -5 6 4 2 0 -2 -4 -6 5 3 1 -1 -3 -5 6 4 2 0 -2 -4 -6 5 3 1 -1 -3 -5 6 4 2 0 -2 -4 -6 5 3 1 -1 -3 -5 6 4 2 0 -2 -4 -6 5 3 1 -1 -3 -5 6 4 2 0 -2 -4 -6 5 3 1 -1 -3 -5 6 4 2 0 -2 -4 -6 5 3 1 -1 -3 -5 6 4 2 0 -2 -4 -6 5 3 1 -1 -3 -5 6 4 2 0 -2 -4 -6 5 3 1 -1 -3 -5 6 4 2 0 -2 -4 -6 5 3 1 -1 -3 -5 6 4 2 0 -2 -4 -6 5 3 1 -1 -3 -5 6 4 2 0 -2 -4 -6 5 3 1 -1 -3 -5 6 4 2 0 -2 -4 -6 5 3 1 -1 -3 -5 6 4 2 0 -2 -4 -6 5 3 1 -1 -3 -5 6 4 2 0 -2 -4 -6 5 3 1 -1 -3 -5 6 4 2 0 -2 -4 -6 5 3 1 -1 -3 -5 6 4 2 0 -2 -4 -6 5 3 1 -1 -3 -5 6 4 2 0 -2 -4 -6 5 3 1 -1 -3 -5 6 4 2 0 -2 -4 -6 5 3 1 -1 -3 -5 6 4 2 0 -2 -4 -6 5 3 1 -1 -3 -5 6 4 2 0 -2 -4 -6 5 3 1 -1 -3 -5 6 4 2 0 -2 -4 -6 5 3 1 -1 -3 -5 6 4 2 0 -2 -4 -6 5 3 1 -1 -3 -5 6 4 2 0 -2 -4 -6 5 3 1 -1 -3 -5 6 4 2 0 -2 -4 -6 5 3 1 -1 -3 -5 6 4 2 0 -2 -4 -6 5 3 1 -1 -3 -5 6 4 2 0 -2 -4 -6 5 3 1 -1 -3 -5 6 4 2 0 -2 -4 -6 5 3 1 -1 -3 -5 6 4 2 0 -2 -4 -6 5 3 1 -1 -3 -5 6 4 2 0 -2 -4 -6 5 3 1 -1 -3 -5 6 4 2 0 -2 -4 -6 5 3 1 -1 -3 -5 6 4 2 0 -2 -4 -6 5 3 1 -1 -3 -5 6 4 2 0 -2 -4 -6 5 3 1 -1 -3 -5 6 4 2 0 -2 -4 -6 5 3 1 -1 -3 -5 6 4 2 0 -2 -4 -6 5 3 1 -1 -3 -5 6 4 2 0 -2 -4 -6 5 3 1 -1 -3 -5 6 4 2 0 -2 -4 -6 5 3 1 -1 -3 -5 6 4 2 0 -2 -4 -6 5 3 1 -1 -3 -5 6 4 2 0 -2 -4 -6 5 3 1 -1
3 1 -1 -3 -5 6 4 2 0 -2 -4 -6 5 3 1 -1 -3 -5 6 4 2 0 -2 -4 -6 5 3 1 -1 -3 -5 6 4 2 0 -2 -4 -6 5 3 1 -1 -3 -5 6 4 2 0 -2 -4 -6 5 3 1 -1 -3 -5 6 4 2 0 -2 -4 -6 5 3 1 -1 -3 -5 6 4 2 0 -2 -4 -6 5 3 1 -1 -3 -5 6 4 2 0 -2 -4 -6 5 3 1 -1 -3 -5 6 4 2 0 -2 -4 -6 5 3 1 -1 -3 -5 6 4 2 0 -2 -4 -6 5 3 1 -1 -3 -5 6 4 2 0 -2 -4 -6 5 3 1 -1 -3 -5 6 4 2 0 -2 -4 -6 5 3 1 -1 -3 -5 6 4 2 0 -2 -4 -6 5 3 1 -1 -3 -5 6 4 2 0 -2 -4 -6 5 3 1 -1 -3 -5 6 4 2 0 -2 -4 -6 5 3 1 -1 -3 -5 6 4 2 0 -2 -4 -6 5 3 1 -1 -3 -5 6 4 2 0 -2 -4 -6 5 3 1 -1 -3 -5 6 4 2 0 -2 -4 -6 5 3 1 -1 -3 -5 6 4 2 0 -2 -4 -6 5 3 1 -1 -3 -5 6 4 2 0 -2 -4 -6 5 3 1 -1 -3 -5 6 4 2 0 -2 -4 -6 5 3 1 -1 -3 -5 6 4 2 0 -2 -4 -6 5 3 1 -1 -3 -5 6 4 2 0 -2 -4 -6 5 3 1 -1 -3 -5 6 4 2 0 -2 -4 -6 5 3 1 -1 -3 -5 6 4 2 0 -2 -4 -6 5 3 1 -1 -3 -5 6 4 2 0 -2 -4 -6 5 3 1 -1 -3 -5 6 4 2 0 -2 -4 -6 5 3 1 -1 -3 -5 6 4 2 0 -2 -4 -6 5 3 1 -1 -3 -5 6 4 2 0 -2 -4 -6 5 3 1 -1 -3 -5 6 4 2 0 -2 -4 -6 5 3 1 -1 -3 -5 6 4 2 0 -2 -4 -6 5 3 1 -1 -3 -5 6 4 2 0 -2 -4 -6 5 3 1 -1 -3 -5 6 4 2 0 -2 -4 -6 5 3 1 -1 -3 -5 6 4 2 0 -2 -4 -6 5 3 1 -1 -3 -5 6 4 2 0 -2 -4 -6 5 3 1 -1 -3 -5 6 4 2 0 -2 -4 -6 5 3 1 -1 -3 -5 6 4 2 0 -2 -4 -6 5 3 1 -1 -3 -5 6 4 2 0 -2 -4 -6 5 3 1 -1 -3 -5 6 4 2 0 -2 -4 -6 5 3 1 -1 -3 -5 6
-3 -5 6 4 2 0 -2 -4 -6 5 3 1 -1 -3 -5 6 4 2 0 -2 -4 -6 5 3 1 -1 -3 -5 6 4 2 0 -2 -4 -6 5 3 1 -1 -3 -5 6 4 2 0 -2 -4 -6 5 3 1 -1 -3 -5 6 4 2 0 -2 -4 -6 5 3 1 -1 -3 -5 6 4 2 0 -2 -4 -6 5 3 1 -1 -3 -5 6 4 2 0 -2 -4 -6 5 3 1 -1 -3 -5 6 4 2 0 -2 -4 -6 5 3 1 -1 -3 -5 6 4 2 0 -2 -4 -6 5 3 1 -1 -3 -5 6 4 2 0 -2 -4 -6 5 3 1 -1 -3 -5 6 4 2 0 -2 -4 -6 5 3 1 -1 -3 -5 6 4 2 0 -2 -4 -6 5 3 1 -1 -3 -5 6 4 2 0 -2 -4 -6 5 3 1 -1 -3 -5 6 4 2 0 -2 -4 -6 5 3 1 -1 -3 -5 6 4 2 0 -2 -4 -6 5 3 1 -1 -3 -5 6 4 2 0 -2 -4 -6 5 3 1 -1 -3 -5 6 4 2 0 -2 -4 -6 5 3 1 -1 -3 -5 6 4 2 0 -2 -4 -6 5 3 1 -1 -3 -5 6 4 2 0 -2 -4 -6 5 3 1 -1 -3 -5 6 4 2 0 -2 -4 -6 5 3 1 -1 -3 -5 6 4 2 0 -2 -4 -6 5 3 1 -1 -3 -5 6 4 2 0 -2 -4 -6 5 3 1 -1 -3 -5 6 4 2 0 -2 -4 -6 5 3 1 -1 -3 -5 6 4 2 0 -2 -4 -6 5 3 1 -1 -3 -5 6 4 2 0 -2 -4 -6 5 3 1 -1 -3 -5 6 4 2 0 -2 -4 -6 5 3 1 -1 -3 -5 6 4 2 0 -2 -4 -6 5 3 1 -1 -3 -5 6 4 2 0 -2 -4 -6 5 3 1 -1 -3 -5 6 4 2 0 -2 -4 -6 5 3 1 -1 -3 -5 6 4 2 0 -2 -4 -6 5 3 1 -1 -3 -5 6 4 2 0 -2 -4 -6 5 3 1 -1 -3 -5 6 4 2 0 -2 -4 -6 5 3 1 -1 -3 -5 6 4 2 0 -2 -4 -6 5 3 1 -1 -3 -5 6 4 2 0 -2 -4 -6 5 3 1 -1 -3 -5 6 4 2 0 -2 -4 -6 5 3 1 -1 -3 -5 6 4 2 0 -2 -4 -6 5 3 1 -1 -3 -5 6 4 2 0 -2 -4 -6 5 3 1 -1 -3 -5 6 4 2 0 -2 -4 -6 5 3 1 -1 -3 -5 6 4 2 0
4 2 0 -2 -4 -6 5 3 1 -1 -3 -5 6 4 2 0 -2 -4 -6 5 3 1 -1 -3 -5 6 4 2 0 -2 -4 -6 5 3 1 -1 -3 -5 6 4 2 0 -2 -4 -6 5 3 1 -1 -3 -5 6 4 2 0 -2 -4 -6 5 3 1 -1 -3 -5 6 4 2 0 -2 -4 -6 5 3 1 -1 -3 -5 6 4 2 0 -2 -4 -6 5 3 1 -1 -3 -5 6 4 2 0 -2 -4 -6 5 3 1 -1 -3 -5 6 4 2 0 -2 -4 -6 5 3 1 -1 -3 -5 6 4 2 0 -2 -4 -6 5 3 1 -1 -3 -5 6 4 2 0 -2 -4 -6 5 3 1 -1 -3 -5 6 4 2 0 -2 -4 -6 5 3 1 -1 -3 -5 6 4 2 0 -2 -4 -6 5 3 1 -1 -3 -5 6 4 2 0 -2 -4 -6 5 3 1 -1 -3 -5 6 4 2 0 -2 -4 -6 5 3 1 -1 -3 -5 6 4 2 0 -2 -4 -6 5 3 1 -1 -3 -5 6 4 2 0 -2 -4 -6 5 3 1 -1 -3 -5 6 4 2 0 -2 -4 -6 5 3 1 -1 -3 -5 6 4 2 0 -2 -4 -6 5 3 1 -1 -3 -5 6 4 2 0 -2 -4 -6 5 3 1 -1 -3 -5 6 4 2 0 -2 -4 -6 5 3 1 -1 -3 -5 6 4 2 0 -2 -4 -6 5 3 1 -1 -3 -5 6 4 2 0 -2 -4 -6 5 3 1 -1 -3 -5 6 4 2 0 -2 -4 -6 5 3 1 -1 -3 -5 6 4 2 0 -2 -4 -6 5 3 1 -1 -3 -5 6 4 2 0 -2 -4 -6 5 3 1 -1 -3 -5 6 4 2 0 -2 -4 -6 5 3 1 -1 -3 -5 6 4 2 0 -2 -4 -6 5 3 1 -1 -3 -5 6 4 2 0 -2 -4 -6 5 3 1 -1 -3 -5 6 4 2 0 -2 -4 -6 5 3 1 -1 -3 -5 6 4 2 0 -2 -4 -6 5 3 1 -1 -3 -5 6 4 2 0 -2 -4 -6 5 3 1 -1 -3 -5 6 4 2 0 -2 -4 -6 5 3 1 -1 -3 -5 6 4 2 0 -2 -4 -6 5 3 1 -1 -3 -5 6 4 2 0 -2 -4 -6 5 3 1 -1 -3 -5 6 4 2 0 -2 -4 -6 5 3 1 -1 -3 -5 6 4 2 0 -2 -4 -6 5 3 1 -1 -3 -5 6 4 2 0 -2 -4 -6 5 3 1 -1 -3 -5 6 4 2 0 -2 -4 -6
-2 -4 -6 5 3 1 -1 -3 -5 6 4 2 0 -2 -4 -6 5 3 1 -1 -3 -5 6 4 2 0 -2 -4 -6 5 3 1 -1 -3 -5 6 4 2 0 -2 -4 -6 5 3 1 -1 -3 -5 6 4 2 0 -2 -4 -6 5 3 1 -1 -3 -5 6 4 2 0 -2 -4 -6 5 3 1 -1 -3 -5 6 4 2 0 -2 -4 -6 5 3 1 -1 -3 -5 6 4 2 0 -2 -4 -6 5 3 1 -1 -3 -5 6 4 2 0 -2 -4 -6 5 3 1 -1 -3 -5 6 4 2 0 -2 -4 -6 5 3 1 -1 -3 -5 6 4 2 0 -2 -4 -6 5 3 1 -1 -3 -5 6 4 2 0 -2 -4 -6 5 3 1 -1 -3 -5 6 4 2 0 -2 -4 -6 5 3 1 -1 -3 -5 6 4 2 0 -2 -4 -6 5 3 1 -1 -3 -5 6 4 2 0 -2 -4 -6 5 3 1 -1 -3 -5 6 4 2 0 -2 -4 -6 5 3 1 -1 -3 -5 6 4 2 0 -2 -4 -6 5 3 1 -1 -3 -5 6 4 2 0 -2 -4 -6 5 3 1 -1 -3 -5 6 4 2 0 -2 -4 -6 5 3 1 -1 -3 -5 6 4 2 0 -2 -4 -6 5 3 1 -1 -3 -5 6 4 2 0 -2 -4 -6 5 3 1 -1 -3 -5 6 4 2 0 -2 -4 -6 5 3 1 -1 -3 -5 6 4 2 0 -2 -4 -6 5 3 1 -1 -3 -5 6 4 2 0 -2 -4 -6 5 3 1 -1 -3 -5 6 4 2 0 -2 -4 -6 5 3 1 -1 -3 -5 6 4 2 0 -2 -4 -6 5 3 1 -1 -3 -5 6 4 2 0 -2 -4 -6 5 3 1 -1 -3 -5 6 4 2 0 -2 -4 -6 5 3 1 -1 -3 -5 6 4 2 0 -2 -4 -6 5 3 1 -1 -3 -5 6 4 2 0 -2 -4 -6 5 3 1 -1 -3 -5 6 4 2 0 -2 -4 -6 5 3 1 -1 -3 -5 6 4 2 0 -2 -4 -6 5 3 1 -1 -3 -5 6 4 2 0 -2 -4 -6 5 3 1 -1 -3 -5 6 4 2 0 -2 -4 -6 5 3 1 -1 -3 -5 6 4 2 0 -2 -4 -6 5 3 1 -1 -3 -5 6 4 2 0 -2 -4 -6 5 3 1 -1 -3 -5 6 4 2 0 -2 -4 -6 5 3 1 -1 -3 -5 6 4 2 0 -2 -4 -6 5 3 1 -1 -3 -5 6 4 2 0 -2 -4 -6 5 3 1
5 3 1 -1 -3 -5 6 4 2 0 -2 -4 -6 5 3 1 -1 -3 -5 6 4 2 0 -2 -4 -6 5 3 1 -1 -3 -5 6 4 2 0 -2 -4 -6 5 3 1 -1 -3 -5 6 4 2 0 -2 -4 -6 5 3 1 -1 -3 -5 6 4 2 0 -2 -4 -6 5 3 1 -1 -3 -5 6 4 2 0 -2 -4 -6 5 3 1 -1 -3 -5 6 4 2 0 -2 -4 -6 5 3 1 -1 -3 -5 6 4 2 0 -2 -4 -6 5 3 1 -1 -3 -5 6 4 2 0 -2 -4 -6 5 3 1 -1 -3 -5 6 4 2 0 -2 -4 -6 5 3 1 -1 -3 -5 6 4 2 0 -2 -4 -6 5 3 1 -1 -3 -5 6 4 2 0 -2 -4 -6 5 3 1 -1 -3 -5 6 4 2 0 -2 -4 -6 5 3 1 -1 -3 -5 6 4 2 0 -2 -4 -6 5 3 1 -1 -3 -5 6 4 2 0 -2 -4 -6 5 3 1 -1 -3 -5 6 4 2 0 -2 -4 -6 5 3 1 -1 -3 -5 6 4 2 0 -2 -4 -6 5 3 1 -1 -3 -5 6 4 2 0 -2 -4 -6 5 3 1 -1 -3 -5 6 4 2 0 -2 -4 -6 5 3 1 -1 -3 -5 6 4 2 0 -2 -4 -6 5 3 1 -1 -3 -5 6 4 2 0 -2 -4 -6 5 3 1 -1 -3 -5 6 4 2 0 -2 -4 -6 5 3 1 -1 -3 -5 6 4 2 0 -2 -4 -6 5 3 1 -1 -3 -5 6 4 2 0 -2 -4 -6 5 3 1 -1 -3 -5 6 4 2 0 -2 -4 -6 5 3 1 -1 -3 -5 6 4 2 0 -2 -4 -6 5 3 1 -1 -3 -5 6 4 2 0 -2 -4 -6 5 3 1 -1 -3 -5 6 4 2 0 -2 -4 -6 5 3 1 -1 -3 -5 6 4 2 0 -2 -4 -6 5 3 1 -1 -3 -5 6 4 2 0 -2 -4 -6 5 3 1 -1 -3 -5 6 4 2 0 -2 -4 -6 5 3 1 -1 -3 -5 6 4 2 0 -2 -4 -6 5 3 1 -1 -3 -5 6 4 2 0 -2 -4 -6 5 3 1 -1 -3 -5 6 4 2 0 -2 -4 -6 5 3 1 -1 -3 -5 6 4 2 0 -2 -4 -6 5 3 1 -1 -3 -5 6 4 2 0 -2 -4 -6 5 3 1 -1 -3 -5 6 4 2 0 -2 -4 -6 5 3 1 -1 -3 -5 6 4 2 0 -2 -4 -6 5 3 1 -1 -3 -5
-1 -3 -5 6 4 2 0 -2 -4 -6 5 3 1 -1 -3 -5 6 4 2 0 -2 -4 -6 5 3 1 -1 -3 -5 6 4 2 0 -2 -4 -6 5 3 1 -1 -3 -5 6 4 2 0 -2 -4 -6 5 3 1 -1 -3 -5 6 4 2 0 -2 -4 -6 5 3 1 -1 -3 -5 6 4 2 0 -2 -4 -6 5 3 1 -1 -3 -5 6 4 2 0 -2 -4 -6 5 3 1 -1 -3 -5 6 4 2 0 -2 -4 -6 5 3 1 -1 -3 -5 6 4 2 0 -2 -4 -6 5 3 1 -1 -3 -5 6 4 2 0 -2 -4 -6 5 3 1 -1 -3 -5 6 4 2 0 -2 -4 -6 5 3 1 -1 -3 -5 6 4 2 0 -2 -4 -6 5 3 1 -1 -3 -5 6 4 2 0 -2 -4 -6 5 3 1 -1 -3 -5 6 4 2 0 -2 -4 -6 5 3 1 -1 -3 -5 6 4 2 0 -2 -4 -6 5 3 1 -1 -3 -5 6 4 2 0 -2 -4 -6 5 3 1 -1 -3 -5 6 4 2 0 -2 -4 -6 5 3 1 -1 -3 -5 6 4 2 0 -2 -4 -6 5 3 1 -1 -3 -5 6 4 2 0 -2 -4 -6 5 3 1 -1 -3 -5 6 4 2 0 -2 -4 -6 5 3 1 -1 -3 -5 6 4 2 0 -2 -4 -6 5 3 1 -1 -3 -5 6 4 2 0 -2 -4 -6 5 3 1 -1 -3 -5 6 4 2 0 -2 -4 -6 5 3 1 -1 -3 -5 6 4 2 0 -2 -4 -6 5 3 1 -1 -3 -5 6 4 2 0 -2 -4 -6 5 3 1 -1 -3 -5 6 4 2 0 -2 -4 -6 5 3 1 -1 -3 -5 6 4 2 0 -2 -4 -6 5 3 1 -1 -3 -5 6 4 2 0 -2 -4 -6 5 3 1 -1 -3 -5 6 4 2 0 -2 -4 -6 5 3 1 -1 -3 -5 6 4 2 0 -2 -4 -6 5 3 1 -1 -3 -5 6 4 2 0 -2 -4 -6 5 3 1 -1 -3 -5 6 4 2 0 -2 -4 -6 5 3 1 -1 -3 -5 6 4 2 0 -2 -4 -6 5 3 1 -1 -3 -5 6 4 2 0 -2 -4 -6 5 3 1 -1 -3 -5 6 4 2 0 -2 -4 -6 5 3 1 -1 -3 -5 6 4 2 0 -2 -4 -6 5 3 1 -1 -3 -5 6 4 2 0 -2 -4 -6 5 3 1 -1 -3 -5 6 4 2 0 -2 -4 -6 5 3 1 -1 -3 -5 6 4 2
6 4 2 0 -2 -4 -6 5 3 1 -1 -3 -5 6 4 2 0 -2 -4 -6 5 3 1 -1 -3 -5 6 4 2 0 -2 -4 -6 5 3 1 -1 -3 -5 6 4 2 0 -2 -4 -6 5 3 1 -1 -3 -5 6 4 2 0 -2 -4 -6 5 3 1 -1 -3 -5 6 4 2 0 -2 -4 -6 5 3 1 -1 -3 -5 6 4 2 0 -2 -4 -6 5 3 1 -1 -3 -5 6 4 2 0 -2 -4 -6 5 3 1 -1 -3 -5 6 4 2 0 -2 -4 -6 5 3 1 -1 -3 -5 6 4 2 0 -2 -4 -6 5 3 1 -1 -3 -5 6 4 2 0 -2 -4 -6 5 3 1 -1 -3 -5 6 4 2 0 -2 -4 -6 5 3 1 -1 -3 -5 6 4 2 0 -2 -4 -6 5 3 1 -1 -3 -5 6 4 2 0 -2 -4 -6 5 3 1 -1 -3 -5 6 4 2 0 -2 -4 -6 5 3 1 -1 -3 -5 6 4 2 0 -2 -4 -6 5 3 1 -1 -3 -5 6 4 2 0 -2 -4 -6 5 3 1 -1 -3 -5 6 4 2 0 -2 -4 -6 5 3 1 -1 -3 -5 6 4 2 0 -2 -4 -6 5 3 1 -1 -3 -5 6 4 2 0 -2 -4 -6 5 3 1 -1 -3 -5 6 4 2 0 -2 -4 -6 5 3 1 -1 -3 -5 6 4 2 0 -2 -4 -6 5 3 1 -1 -3 -5 6 4 2 0 -2 -4 -6 5 3 1 -1 -3 -5 6 4 2 0 -2 -4 -6 5 3 1 -1 -3 -5 6 4 2 0 -2 -4 -6 5 3 1 -1 -3 -5 6 4 2 0 -2 -4 -6 5 3 1 -1 -3 -5 6 4 2 0 -2 -4 -6 5 3 1 -1 -3 -5 6 4 2 0 -2 -4 -6 5 3 1 -1 -3 -5 6 4 2 0 -2 -4 -6 5 3 1 -1 -3 -5 6 4 2 0 -2 -4 -6 5 3 1 -1 -3 -5 6 4 2 0 -2 -4 -6 5 3 1 -1 -3 -5 6 4 2 0 -2 -4 -6 5 3 1 -1 -3 -5 6 4 2 0 -2 -4 -6 5 3 1 -1 -3 -5 6 4 2 0 -2 -4 -6 5 3 1 -1 -3 -5 6 4 2 0 -2 -4 -6 5 3 1 -1 -3 -5 6 4 2 0 -2 -4 -6 5 3 1 -1 -3 -5 6 4 2 0 -2 -4 -6 5 3 1 -1 -3 -5 6 4 2 0 -2 -4 -6 5 3 1 -1 -3 -5 6 4 2 0 -2 -4
0 -2 -4 -6 5 3 1 -1 -3 -5 6 4 2 0 -2 -4 -6 5 3 1 -1 -3 -5 6 4 2 0 -2 -4 -6 5 3 1 -1 -3 -5 6 4 2 0 -2 -4 -6 5 3 1 -1 -3 -5 6 4 2 0 -2 -4 -6 5 3 1 -1 -3 -5 6 4 2 0 -2 -4 -6 5 3 1 -1 -3 -5 6 4 2 0 -2 -4 -6 5 3 1 -1 -3 -5 6 4 2 0 -2 -4 -6 5 3 1 -1 -3 -5 6 4 2 0 -2 -4 -6 5 3 1 -1 -3 -5 6 4 2 0 -2 -4 -6 5 3 1 -1 -3 -5 6 4 2 0 -2 -4 -6 5 3 1 -1 -3 -5 6 4 2 0 -2 -4 -6 5 3 1 -1 -3 -5 6 4 2 0 -2 -4 -6 5 3 1 -1 -3 -5 6 4 2 0 -2 -4 -6 5 3 1 -1 -3 -5 6 4 2 0 -2 -4 -6 5 3 1 -1 -3 -5 6 4 2 0 -2 -4 -6 5 3 1 -1 -3 -5 6 4 2 0 -2 -4 -6 5 3 1 -1 -3 -5 6 4 2 0 -2 -4 -6 5 3 1 -1 -3 -5 6 4 2 0 -2 -4 -6 5 3 1 -1 -3 -5 6 4 2 0 -2 -4 -6 5 3 1 -1 -3 -5 6 4 2 0 -2 -4 -6 5 3 1 -1 -3 -5 6 4 2 0 -2 -4 -6 5 3 1 -1 -3 -5 6 4 2 0 -2 -4 -6 5 3 1 -1 -3 -5 6 4 2 0 -2 -4 -6 5 3 1 -1 -3 -5 6 4 2 0 -2 -4 -6 5 3 1 -1 -3 -5 6 4 2 0 -2 -4 -6 5 3 1 -1 -3 -5 6 4 2 0 -2 -4 -6 5 3 1 -1 -3 -5 6 4 2 0 -2 -4 -6 5 3 1 -1 -3 -5 6 4 2 0 -2 -4 -6 5 3 1 -1 -3 -5 6 4 2 0 -2 -4 -6 5 3 1 -1 -3 -5 6 4 2 0 -2 -4 -6 5 3 1 -1 -3 -5 6 4 2 0 -2 -4 -6 5 3 1 -1 -3 -5 6 4 2 0 -2 -4 -6 5 3 1 -1 -3 -5 6 4 2 0 -2 -4 -6 5 3 1 -1 -3 -5 6 4 2 0 -2 -4 -6 5 3 1 -1 -3 -5 6 4 2 0 -2 -4 -6 5 3 1 -1 -3 -5 6 4 2 0 -2 -4 -6 5 3 1 -1 -3 -5 6 4 2 0 -2 -4 -6 5 3 1 -1 -3 -5 6 4 2 0 -2 -4 -6 5 3
-6 5 3 1 -1 -3 -5 6 4 2 0 -2 -4 -6 5 3 1 -1 -3 -5 6 4 2 0 -2 -4 -6 5 3 1 -1 -3 -5 6 4 2 0 -2 -4 -6 5 3 1 -1 -3 -5 6 4 2 0 -2 -4 -6 5 3 1 -1 -3 -5 6 4 2 0 -2 -4 -6 5 3 1 -1 -3 -5 6 4 2 0 -2 -4 -6 5 3 1 -1 -3 -5 6 4 2 0 -2 -4 -6 5 3 1 -1 -3 -5 6 4 2 0 -2 -4 -6 5 3 1 -1 -3 -5 6 4 2 0 -2 -4 -6 5 3 1 -1 -3 -5 6 4 2 0 -2 -4 -6 5 3 1 -1 -3 -5 6 4 2 0 -2 -4 -6 5 3 1 -1 -3 -5 6 4 2 0 -2 -4 -6 5 3 1 -1 -3 -5 6 4 2 0 -2 -4 -6 5 3 1 -1 -3 -5 6 4 2 0 -2 -4 -6 5 3 1 -1 -3 -5 6 4 2 0 -2 -4 -6 5 3 1 -1 -3 -5 6 4 2 0 -2 -4 -6 5 3 1 -1 -3 -5 6 4 2 0 -2 -4 -6 5 3 1 -1 -3 -5 6 4 2 0 -2 -4 -6 5 3 1 -1 -3 -5 6 4 2 0 -2 -4 -6 5 3 1 -1 -3 -5 6 4 2 0 -2 -4 -6 5 3 1 -1 -3 -5 6 4 2 0 -2 -4 -6 5 3 1 -1 -3 -5 6 4 2 0 -2 -4 -6 5 3 1 -1 -3 -5 6 4 2 0 -2 -4 -6 5 3 1 -1 -3 -5 6 4 2 0 -2 -4 -6 5 3 1 -1 -3 -5 6 4 2 0 -2 -4 -6 5 3 1 -1 -3 -5 6 4 2 0 -2 -4 -6 5 3 1 -1 -3 -5 6 4 2 0 -2 -4 -6 5 3 1 -1 -3 -5 6 4 2 0 -2 -4 -6 5 3 1 -1 -3 -5 6 4 2 0 -2 -4 -6 5 3 1 -1 -3 -5 6 4 2 0 -2 -4 -6 5 3 1 -1 -3 -5 6 4 2 0 -2 -4 -6 5 3 1 -1 -3 -5 6 4 2 0 -2 -4 -6 5 3 1 -1 -3 -5 6 4 2 0 -2 -4 -6 5 3 1 -1 -3 -5 6 4 2 0 -2 -4 -6 5 3 1 -1 -3 -5 6 4 2 0 -2 -4 -6 5 3 1 -1 -3 -5 6 4 2 0 -2 -4 -6 5 3 1 -1 -3 -5 6 4 2 0 -2 -4 -6 5 3 1 -1 -3 -5 6 4 2 0 -2 -4 -6 5 3 1 -1 -3
1 -1 -3 -5 6 4 2 0 -2 -4 -6 5 3 1 -1 -3 -5 6 4 2 0 -2 -4 -6 5 3 1 -1 -3 -5 6 4 2 0 -2 -4 -6 5 3 1 -1 -3 -5 6 4 2 0 -2 -4 -6 5 3 1 -1 -3 -5 6 4 2 0 -2 -4 -6 5 3 1 -1 -3 -5 6 4 2 0 -2 -4 -6 5 3 1 -1 -3 -5 6 4 2 0 -2 -4 -6 5 3 1 -1 -3 -5 6 4 2 0 -2 -4 -6 5 3 1 -1 -3 -5 6 4 2 0 -2 -4 -6 5 3 1 -1 -3 -5 6 4 2 0 -2 -4 -6 5 3 1 -1 -3 -5 6 4 2 0 -2 -4 -6 5 3 1 -1 -3 -5 6 4 2 0 -2 -4 -6 5 3 1 -1 -3 -5 6 4 2 0 -2 -4 -6 5 3 1 -1 -3 -5 6 4 2 0 -2 -4 -6 5 3 1 -1 -3 -5 6 4 2 0 -2 -4 -6 5 3 1 -1 -3 -5 6 4 2 0 -2 -4 -6 5 3 1 -1 -3 -5 6 4 2 0 -2 -4 -6 5 3 1 -1 -3 -5 6 4 2 0 -2 -4 -6 5 3 1 -1 -3 -5 6 4 2 0 -2 -4 -6 5 3 1 -1 -3 -5 6 4 2 0 -2 -4 -6 5 3 1 -1 -3 -5 6 4 2 0 -2 -4 -6 5 3 1 -1 -3 -5 6 4 2 0 -2 -4 -6 5 3 1 -1 -3 -5 6 4 2 0 -2 -4 -6 5 3 1 -1 -3 -5 6 4 2 0 -2 -4 -6 5 3 1 -1 -3 -5 6 4 2 0 -2 -4 -6 5 3 1 -1 -3 -5 6 4 2 0 -2 -4 -6 5 3 1 -1 -3 -5 6 4 2 0 -2 -4 -6 5 3 1 -1 -3 -5 6 4 2 0 -2 -4 -6 5 3 1 -1 -3 -5 6 4 2 0 -2 -4 -6 5 3 1 -1 -3 -5 6 4 2 0 -2 -4 -6 5 3 1 -1 -3 -5 6 4 2 0 -2 -4 -6 5 3 1 -1 -3 -5 6 4 2 0 -2 -4 -6 5 3 1 -1 -3 -5 6 4 2 0 -2 -4 -6 5 3 1 -1 -3 -5 6 4 2 0 -2 -4 -6 5 3 1 -1 -3 -5 6 4 2 0 -2 -4 -6 5 3 1 -1 -3 -5 6 4 2 0 -2 -4 -6 5 3 1 -1 -3 -5 6 4 2 0 -2 -4 -6 5 3 1 -1 -3 -5 6 4 2 0 -2 -4 -6 5 3 1 -1 -3 -5 6 4
-5 6 4 2 0 -2 -4 -6 5 3 1 -1 -3 -5 6 4 2 0 -2 -4 -6 5 3 1 -1 -3 -5 6 4 2 0 -2 -4 -6 5 3 1 -1 -3 -5 6 4 2 0 -2 -4 -6 5 3 1 -1 -3 -5 6 4 2 0 -2 -4 -6 5 3 1 -1 -3 -5 6 4 2 0 -2 -4 -6 5 3 1 -1 -3 -5 6 4 2 0 -2 -4 -6 5 3 1 -1 -3 -5 6 4 2 0 -2 -4 -6 5 3 1 -1 -3 -5 6 4 2 0 -2 -4 -6 5 3 1 -1 -3 -5 6 4 2 0 -2 -4 -6 5 3 1 -1 -3 -5 6 4 2 0 -2 -4 -6 5 3 1 -1 -3 -5 6 4 2 0 -2 -4 -6 5 3 1 -1 -3 -5 6 4 2 0 -2 -4 -6 5 3 1 -1 -3 -5 6 4 2 0 -2 -4 -6 5 3 1 -1 -3 -5 6 4 2 0 -2 -4 -6 5 3 1 -1 -3 -5 6 4 2 0 -2 -4 -6 5 3 1 -1 -3 -5 6 4 2 0 -2 -4 -6 5 3 1 -1 -3 -5 6 4 2 0 -2 -4 -6 5 3 1 -1 -3 -5 6 4 2 0 -2 -4 -6 5 3 1 -1 -3 -5 6 4 2 0 -2 -4 -6 5 3 1 -1 -3 -5 6 4 2 0 -2 -4 -6 5 3 1 -1 -3 -5 6 4 2 0 -2 -4 -6 5 3 1 -1 -3 -5 6 4 2 0 -2 -4 -6 5 3 1 -1 -3 -5 6 4 2 0 -2 -4 -6 5 3 1 -1 -3 -5 6 4 2 0 -2 -4 -6 5 3 1 -1 -3 -5 6 4 2 0 -2 -4 -6 5 3 1 -1 -3 -5 6 4 2 0 -2 -4 -6 5 3 1 -1 -3 -5 6 4 2 0 -2 -4 -6 5 3 1 -1 -3 -5 6 4 2 0 -2 -4 -6 5 3 1 -1 -3 -5 6 4 2 0 -2 -4 -6 5 3 1 -1 -3 -5 6 4 2 0 -2 -4 -6 5 3 1 -1 -3 -5 6 4 2 0 -2 -4 -6 5 3 1 -1 -3 -5 6 4 2 0 -2 -4 -6 5 3 1 -1 -3 -5 6 4 2 0 -2 -4 -6 5 3 1 -1 -3 -5 6 4 2 0 -2 -4 -6 5 3 1 -1 -3 -5 6 4 2 0 -2 -4 -6 5 3 1 -1 -3 -5 6 4 2 0 -2 -4 -6 5 3 1 -1 -3 -5 6 4 2 0 -2 -4 -6 5 3 1 -1 -3 -5 6 4 2 0 -2
2 0 -2 -4 -6 5 3 1 -1 -3 -5 6 4 2 0 -2 -4 -6 5 3 1 -1 -3 -5 6 4 2 0 -2 -4 -6 5 3 1 -1 -3 -5 6 4 2 0 -2 -4 -6 5 3 1 -1 -3 -5 6 4 2 0 -2 -4 -6 5 3 1 -1 -3 -5 6 4 2 0 -2 -4 -6 5 3 1 -1 -3 -5 6 4 2 0 -2 -4 -6 5 3 1 -1 -3 -5 6 4 2 0 -2 -4 -6 5 3 1 -1 -3 -5 6 4 2 0 -2 -4 -6 5 3 1 -1 -3 -5 6 4 2 0 -2 -4 -6 5 3 1 -1 -3 -5 6 4 2 0 -2 -4 -6 5 3 1 -1 -3 -5 6 4 2 0 -2 -4 -6 5 3 1 -1 -3 -5 6 4 2 0 -2 -4 -6 5 3 1 -1 -3 -5 6 4 2 0 -2 -4 -6 5 3 1 -1 -3 -5 6 4 2 0 -2 -4 -6 5 3 1 -1 -3 -5 6 4 2 0 -2 -4 -6 5 3 1 -1 -3 -5 6 4 2 0 -2 -4 -6 5 3 1 -1 -3 -5 6 4 2 0 -2 -4 -6 5 3 1 -1 -3 -5 6 4 2 0 -2 -4 -6 5 3 1 -1 -3 -5 6 4 2 0 -2 -4 -6 5 3 1 -1 -3 -5 6 4 2 0 -2 -4 -6 5 3 1 -1 -3 -5 6 4 2 0 -2 -4 -6 5 3 1 -1 -3 -5 6 4 2 0 -2 -4 -6 5 3 1 -1 -3 -5 6 4 2 0 -2 -4 -6 5 3 1 -1 -3 -5 6 4 2 0 -2 -4 -6 5 3 1 -1 -3 -5 6 4 2 0 -2 -4 -6 5 3 1 -1 -3 -5 6 4 2 0 -2 -4 -6 5 3 1 -1 -3 -5 6 4 2 0 -2 -4 -6 5 3 1 -1 -3 -5 6 4 2 0 -2 -4 -6 5 3 1 -1 -3 -5 6 4 2 0 -2 -4 -6 5 3 1 -1 -3 -5 6 4 2 0 -2 -4 -6 5 3 1 -1 -3 -5 6 4 2 0 -2 -4 -6 5 3 1 -1 -3 -5 6 4 2 0 -2 -4 -6 5 3 1 -1 -3 -5 6 4 2 0 -2 -4 -6 5 3 1 -1 -3 -5 6 4 2 0 -2 -4 -6 5 3 1 -1 -3 -5 6 4 2 0 -2 -4 -6 5 3 1 -1 -3 -5 6 4 2 0 -2 -4 -6 5 3 1 -1 -3 -5 6 4 2 0 -2 -4 -6 5 3 1 -1 -3 -5 6 4 2 0 -2 -4 -6 5
-4 -6 5 3 1 -1 -3 -5 6 4 2 0 -2 -4 -6 5 3 1 -1 -3 -5 6 4 2 0 -2 -4 -6 5 3 1 -1 -3 -5 6 4 2 0 -2 -4 -6 5 3 1 -1 -3 -5 6 4 2 0 -2 -4 -6 5 3 1 -1 -3 -5 6 4 2 0 -2 -4 -6 5 3 1 -1 -3 -5 6 4 2 0 -2 -4 -6 5 3 1 -1 -3 -5 6 4 2 0 -2 -4 -6 5 3 1 -1 -3 -5 6 4 2 0 -2 -4 -6 5 3 1 -1 -3 -5 6 4 2 0 -2 -4 -6 5 3 1 -1 -3 -5 6 4 2 0 -2 -4 -6 5 3 1 -1 -3 -5 6 4 2 0 -2 -4 -6 5 3 1 -1 -3 -5 6 4 2 0 -2 -4 -6 5 3 1 -1 -3 -5 6 4 2 0 -2 -4 -6 5 3 1 -1 -3 -5 6 4 2 0 -2 -4 -6 5 3 1 -1 -3 -5 6 4 2 0 -2 -4 -6 5 3 1 -1 -3 -5 6 4 2 0 -2 -4 -6 5 3 1 -1 -3 -5 6 4 2 0 -2 -4 -6 5 3 1 -1 -3 -5 6 4 2 0 -2 -4 -6 5 3 1 -1 -3 -5 6 4 2 0 -2 -4 -6 5 3 1 -1 -3 -5 6 4 2 0 -2 -4 -6 5 3 1 -1 -3 -5 6 4 2 0 -2 -4 -6 5 3 1 -1 -3 -5 6 4 2 0 -2 -4 -6 5 3 1 -1 -3 -5 6 4 2 0 -2 -4 -6 5 3 1 -1 -3 -5 6 4 2 0 -2 -4 -6 5 3 1 -1 -3 -5 6 4 2 0 -2 -4 -6 5 3 1 -1 -3 -5 6 4 2 0 -2 -4 -6 5 3 1 -1 -3 -5 6 4 2 0 -2 -4 -6 5 3 1 -1 -3 -5 6 4 2 0 -2 -4 -6 5 3 1 -1 -3 -5 6 4 2 0 -2 -4 -6 5 3 1 -1 -3 -5 6 4 2 0 -2 -4 -6 5 3 1 -1 -3 -5 6 4 2 0 -2 -4 -6 5 3 1 -1 -3 -5 6 4 2 0 -2 -4 -6 5 3 1 -1 -3 -5 6 4 2 0 -2 -4 -6 5 3 1 -1 -3 -5 6 4 2 0 -2 -4 -6 5 3 1 -1 -3 -5 6 4 2 0 -2 -4 -6 5 3 1 -1 -3 -5 6 4 2 0 -2 -4 -6 5 3 1 -1 -3 -5 6 4 2 0 -2 -4 -6 5 3 1 -1 -3 -5 6 4 2 0 -2 -4 -6 5 3 1 -1
3 1 -1 -3 -5 6 4 2 0 -2 -4 -6 5 3 1 -1 -3 -5 6 4 2 0 -2 -4 -6 5 3 1 -1 -3 -5 6 4 2 0 -2 -4 -6 5 3 1 -1 -3 -5 6 4 2 0 -2 -4 -6 5 3 1 -1 -3 -5 6 4 2 0 -2 -4 -6 5 3 1 -1 -3 -5 6 4 2 0 -2 -4 -6 5 3 1 -1 -3 -5 6 4 2 0 -2 -4 -6 5 3 1 -1 -3 -5 6 4 2 0 -2 -4 -6 5 3 1 -1 -3 -5 6 4 2 0 -2 -4 -6 5 3 1 -1 -3 -5 6 4 2 0 -2 -4 -6 5 3 1 -1 -3 -5 6 4 2 0 -2 -4 -6 5 3 1 -1 -3 -5 6 4 2 0 -2 -4 -6 5 3 1 -1 -3 -5 6 4 2 0 -2 -4 -6 5 3 1 -1 -3 -5 6 4 2 0 -2 -4 -6 5 3 1 -1 -3 -5 6 4 2 0 -2 -4 -6 5 3 1 -1 -3 -5 6 4 2 0 -2 -4 -6 5 3 1 -1 -3 -5 6 4 2 0 -2 -4 -6 5 3 1 -1 -3 -5 6 4 2 0 -2 -4 -6 5 3 1 -1 -3 -5 6 4 2 0 -2 -4 -6 5 3 1 -1 -3 -5 6 4 2 0 -2 -4 -6 5 3 1 -1 -3 -5 6 4 2 0 -2 -4 -6 5 3 1 -1 -3 -5 6 4 2 0 -2 -4 -6 5 3 1 -1 -3 -5 6 4 2 0 -2 -4 -6 5 3 1 -1 -3 -5 6 4 2 0 -2 -4 -6 5 3 1 -1 -3 -5 6 4 2 0 -2 -4 -6 5 3 1 -1 -3 -5 6 4 2 0 -2 -4 -6 5 3 1 -1 -3 -5 6 4 2 0 -2 -4 -6 5 3 1 -1 -3 -5 6 4 2 0 -2 -4 -6 5 3 1 -1 -3 -5 6 4 2 0 -2 -4 -6 5 3 1 -1 -3 -5 6 4 2 0 -2 -4 -6 5 3 1 -1 -3 -5 6 4 2 0 -2 -4 -6 5 3 1 -1 -3 -5 6 4 2 0 -2 -4 -6 5 3 1 -1 -3 -5 6 4 2 0 -2 -4 -6 5 3 1 -1 -3 -5 6 4 2 0 -2 -4 -6 5 3 1 -1 -3 -5 6 4 2 0 -2 -4 -6 5 3 1 -1 -3 -5 6 4 2 0 -2 -4 -6 5 3 1 -1 -3 -5 6 4 2 0 -2 -4 -6 5 3 1 -1 -3 -5 6 4 2 0 -2 -4 -6 5 3 1 -1 -3 -5 6
-3 -5 6 4 2 0 -2 -4 -6 5 3 1 -1 -3 -5 6 4 2 0 -2 -4 -6 5 3 1 -1 -3 -5 6 4 2 0 -2 -4 -6 5 3 1 -1 -3 -5 6 4 2 0 -2 -4 -6 5 3 1 -1 -3 -5 6 4 2 0 -2 -4 -6 5 3 1 -1 -3 -5 6 4 2 0 -2 -4 -6 5 3 1 -1 -3 -5 6 4 2 0 -2 -4 -6 5 3 1 -1 -3 -5 6 4 2 0 -2 -4 -6 5 3 1 -1 -3 -5 6 4 2 0 -2 -4 -6 5 3 1 -1 -3 -5 6 4 2 0 -2 -4 -6 5 3 1 -1 -3 -5 6 4 2 0 -2 -4 -6 5 3 1 -1 -3 -5 6 4 2 0 -2 -4 -6 5 3 1 -1 -3 -5 6 4 2 0 -2 -4 -6 5 3 1 -1 -3 -5 6 4 2 0 -2 -4 -6 5 3 1 -1 -3 -5 6 4 2 0 -2 -4 -6 5 3 1 -1 -3 -5 6 4 2 0 -2 -4 -6 5 3 1 -1 -3 -5 6 4 2 0 -2 -4 -6 5 3 1 -1 -3 -5 6 4 2 0 -2 -4 -6 5 3 1 -1 -3 -5 6 4 2 0 -2 -4 -6 5 3 1 -1 -3 -5 6 4 2 0 -2 -4 -6 5 3 1 -1 -3 -5 6 4 2 0 -2 -4 -6 5 3 1 -1 -3 -5 6 4 2 0 -2 -4 -6 5 3 1 -1 -3 -5 6 4 2 0 -2 -4 -6 5 3 1 -1 -3 -5 6 4 2 0 -2 -4 -6 5 3 1 -1 -3 -5 6 4 2 0 -2 -4 -6 5 3 1 -1 -3 -5 6 4 2 0 -2 -4 -6 5 3 1 -1 -3 -5 6 4 2 0 -2 -4 -6 5 3 1 -1 -3 -5 6 4 2 0 -2 -4 -6 5 3 1 -1 -3 -5 6 4 2 0 -2 -4 -6 5 3 1 -1 -3 -5 6 4 2 0 -2 -4 -6 5 3 1 -1 -3 -5 6 4 2 0 -2 -4 -6 5 3 1 -1 -3 -5 6 4 2 0 -2 -4 -6 5 3 1 -1 -3 -5 6 4 2 0 -2 -4 -6 5 3 1 -1 -3 -5 6 4 2 0 -2 -4 -6 5 3 1 -1 -3 -5 6 4 2 0 -2 -4 -6 5 3 1 -1 -3 -5 6 4 2 0 -2 -4 -6 5 3 1 -1 -3 -5 6 4 2 0 -2 -4 -6 5 3 1 -1 -3 -5 6 4 2 0 -2 -4 -6 5 3 1 -1 -3 -5 6 4 2 0
4 2 0 -2 -4 -6 5 3 1 -1 -3 -5 6 4 2 0 -2 -4 -6 5 3 1 -1 -3 -5 6 4 2 0 -2 -4 -6 5 3 1 -1 -3 -5 6 4 2 0 -2 -4 -6 5 3 1 -1 -3 -5 6 4 2 0 -2 -4 -6 5 3 1 -1 -3 -5 6 4 2 0 -2 -4 -6 5 3 1 -1 -3 -5 6 4 2 0 -2 -4 -6 5 3 1 -1 -3 -5 6 4 2 0 -2 -4 -6 5 3 1 -1 -3 -5 6 4 2 0 -2 -4 -6 5 3 1 -1 -3 -5 6 4 2 0 -2 -4 -6 5 3 1 -1 -3 -5 6 4 2 0 -2 -4 -6 5 3 1 -1 -3 -5 6 4 2 0 -2 -4 -6 5 3 1 -1 -3 -5 6 4 2 0 -2 -4 -6 5 3 1 -1 -3 -5 6 4 2 0 -2 -4 -6 5 3 1 -1 -3 -5 6 4 2 0 -2 -4 -6 5 3 1 -1 -3 -5 6 4 2 0 -2 -4 -6 5 3 1 -1 -3 -5 6 4 2 0 -2 -4 -6 5 3 1 -1 -3 -5 6 4 2 0 -2 -4 -6 5 3 1 -1 -3 -5 6 4 2 0 -2 -4 -6 5 3 1 -1 -3 -5 6 4 2 0 -2 -4 -6 5 3 1 -1 -3 -5 6 4 2 0 -2 -4 -6 5 3 1 -1 -3 -5 6 4 2 0 -2 -4 -6 5 3 1 -1 -3 -5 6 4 2 0 -2 -4 -6 5 3 1 -1 -3 -5 6 4 2 0 -2 -4 -6 5 3 1 -1 -3 -5 6 4 2 0 -2 -4 -6 5 3 1 -1 -3 -5 6 4 2 0 -2 -4 -6 5 3 1 -1 -3 -5 6 4 2 0 -2 -4 -6 5 3 1 -1 -3 -5 6 4 2 0 -2 -4 -6 5 3 1 -1 -3 -5 6 4 2 0 -2 -4 -6 5 3 1 -1 -3 -5 6 4 2 0 -2 -4 -6 5 3 1 -1 -3 -5 6 4 2 0 -2 -4 -6 5 3 1 -1 -3 -5 6 4 2 0 -2 -4 -6 5 3 1 -1 -3 -5 6 4 2 0 -2 -4 -6 5 3 1 -1 -3 -5 6 4 2 0 -2 -4 -6 5 3 1 -1 -3 -5 6 4 2 0 -2 -4 -6 5 3 1 -1 -3 -5 6 4 2 0 -2 -4 -6 5 3 1 -1 -3 -5 6 4 2 0 -2 -4 -6 5 3 1 -1 -3 -5 6 4 2 0 -2 -4 -6 5 3 1 -1 -3 -5 6 4 2 0 -2 -4 -6
-2 -4 -6 5 3 1 -1 -3 -5 6 4 2 0 -2 -4 -6 5 3 1 -1 -3 -5 6 4 2 0 -2 -4 -6 5 3 1 -1 -3 -5 6 4 2 0 -2 -4 -6 5 3 1 -1 -3 -5 6 4 2 0 -2 -4 -6 5 3 1 -1 -3 -5 6 4 2 0 -2 -4 -6 5 3 1 -1 -3 -5 6 4 2 0 -2 -4 -6 5 3 1 -1 -3 -5 6 4 2 0 -2 -4 -6 5 3 1 -1 -3 -5 6 4 2 0 -2 -4 -6 5 3 1 -1 -3 -5 6 4 2 0 -2 -4 -6 5 3 1 -1 -3 -5 6 4 2 0 -2 -4 -6 5 3 1 -1 -3 -5 6 4 2 0 -2 -4 -6 5 3 1 -1 -3 -5 6 4 2 0 -2 -4 -6 5 3 1 -1 -3 -5 6 4 2 0 -2 -4 -6 5 3 1 -1 -3 -5 6 4 2 0 -2 -4 -6 5 3 1 -1 -3 -5 6 4 2 0 -2 -4 -6 5 3 1 -1 -3 -5 6 4 2 0 -2 -4 -6 5 3 1 -1 -3 -5 6 4 2 0 -2 -4 -6 5 3 1 -1 -3 -5 6 4 2 0 -2 -4 -6 5 3 1 -1 -3 -5 6 4 2 0 -2 -4 -6 5 3 1 -1 -3 -5 6 4 2 0 -2 -4 -6 5 3 1 -1 -3 -5 6 4 2 0 -2 -4 -6 5 3 1 -1 -3 -5 6 4 2 0 -2 -4 -6 5 3 1 -1 -3 -5 6 4 2 0 -2 -4 -6 5 3 1 -1 -3 -5 6 4 2 0 -2 -4 -6 5 3 1 -1 -3 -5 6 4 2 0 -2 -4 -6 5 3 1 -1 -3 -5 6 4 2 0 -2 -4 -6 5 3 1 -1 -3 -5 6 4 2 0 -2 -4 -6 5 3 1 -1 -3 -5 6 4 2 0 -2 -4 -6 5 3 1 -1 -3 -5 6 4 2 0 -2 -4 -6 5 3 1 -1 -3 -5 6 4 2 0 -2 -4 -6 5 3 1 -1 -3 -5 6 4 2 0 -2 -4 -6 5 3 1 -1 -3 -5 6 4 2 0 -2 -4 -6 5 3 1 -1 -3 -5 6 4 2 0 -2 -4 -6 5 3 1 -1 -3 -5 6 4 2 0 -2 -4 -6 5 3 1 -1 -3 -5 6 4 2 0 -2 -4 -6 5 3 1 -1 -3 -5 6 4 2 0 -2 -4 -6 5 3 1 -1 -3 -5 6 4 2 0 -2 -4 -6 5 3 1 -1 -3 -5 6 4 2 0 -2 -4 -6 5 3 1
5 3 1 -1 -3 -5 6 4 2 0 -2 -4 -6 5 3 1 -1 -3 -5 6 4 2 0 -2 -4 -6 5 3 1 -1 -3 -5 6 4 2 0 -2 -4 -6 5 3 1 -1 -3 -5 6 4 2 0 -2 -4 -6 5 3 1 -1 -3 -5 6 4 2 0 -2 -4 -6 5 3 1 -1 -3 -5 6 4 2 0 -2 -4 -6 5 3 1 -1 -3 -5 6 4 2 0 -2 -4 -6 5 3 1 -1 -3 -5 6 4 2 0 -2 -4 -6 5 3 1 -1 -3 -5 6 4 2 0 -2 -4 -6 5 3 1 -1 -3 -5 6 4 2 0 -2 -4 -6 5 3 1 -1 -3 -5 6 4 2 0 -2 -4 -6 5 3 1 -1 -3 -5 6 4 2 0 -2 -4 -6 5 3 1 -1 -3 -5 6 4 2 0 -2 -4 -6 5 3 1 -1 -3 -5 6 4 2 0 -2 -4 -6 5 3 1 -1 -3 -5 6 4 2 0 -2 -4 -6 5 3 1 -1 -3 -5 6 4 2 0 -2 -4 -6 5 3 1 -1 -3 -5 6 4 2 0 -2 -4 -6 5 3 1 -1 -3 -5 6 4 2 0 -2 -4 -6 5 3 1 -1 -3 -5 6 4 2 0 -2 -4 -6 5 3 1 -1 -3 -5 6 4 2 0 -2 -4 -6 5 3 1 -1 -3 -5 6 4 2 0 -2 -4 -6 5 3 1 -1 -3 -5 6 4 2 0 -2 -4 -6 5 3 1 -1 -3 -5 6 4 2 0 -2 -4 -6 5 3 1 -1 -3 -5 6 4 2 0 -2 -4 -6 5 3 1 -1 -3 -5 6 4 2 0 -2 -4 -6 5 3 1 -1 -3 -5 6 4 2 0 -2 -4 -6 5 3 1 -1 -3 -5 6 4 2 0 -2 -4 -6 5 3 1 -1 -3 -5 6 4 2 0 -2 -4 -6 5 3 1 -1 -3 -5 6 4 2 0 -2 -4 -6 5 3 1 -1 -3 -5 6 4 2 0 -2 -4 -6 5 3 1 -1 -3 -5 6 4 2 0 -2 -4 -6 5 3 1 -1 -3 -5 6 4 2 0 -2 -4 -6 5 3 1 -1 -3 -5 6 4 2 0 -2 -4 -6 5 3 1 -1 -3 -5 6 4 2 0 -2 -4 -6 5 3 1 -1 -3 -5 6 4 2 0 -2 -4 -6 5 3 1 -1 -3 -5 6 4 2 0 -2 -4 -6 5 3 1 -1 -3 -5 6 4 2 0 -2 -4 -6 5 3 1 -1 -3 -5 6 4 2 0 -2 -4 -6 5 3 1 -1 -3 -5
-1 -3 -5 6 4 2 0 -2 -4 -6 5 3 1 -1 -3 -5 6 4 2 0 -2 -4 -6 5 3 1 -1 -3 -5 6 4 2 0 -2 -4 -6 5 3 1 -1 -3 -5 6 4 2 0 -2 -4 -6 5 3 1 -1 -3 -5 6 4 2 0 -2 -4 -6 5 3 1 -1 -3 -5 6 4 2 0 -2 -4 -6 5 3 1 -1 -3 -5 6 4 2 0 -2 -4 -6 5 3 1 -1 -3 -5 6 4 2 0 -2 -4 -6 5 3 1 -1 -3 -5 6 4 2 0 -2 -4 -6 5 3 1 -1 -3 -5 6 4 2 0 -2 -4 -6 5 3 1 -1 -3 -5 6 4 2 0 -2 -4 -6 5 3 1 -1 -3 -5 6 4 2 0 -2 -4 -6 5 3 1 -1 -3 -5 6 4 2 0 -2 -4 -6 5 3 1 -1 -3 -5 6 4 2 0 -2 -4 -6 5 3 1 -1 -3 -5 6 4 2 0 -2 -4 -6 5 3 1 -1 -3 -5 6 4 2 0 -2 -4 -6 5 3 1 -1 -3 -5 6 4 2 0 -2 -4 -6 5 3 1 -1 -3 -5 6 4 2 0 -2 -4 -6 5 3 1 -1 -3 -5 6 4 2 0 -2 -4 -6 5 3 1 -1 -3 -5 6 4 2 0 -2 -4 -6 5 3 1 -1 -3 -5 6 4 2 0 -2 -4 -6 5 3 1 -1 -3 -5 6 4 2 0 -2 -4 -6 5 3 1 -1 -3 -5 6 4 2 0 -2 -4 -6 5 3 1 -1 -3 -5 6 4 2 0 -2 -4 -6 5 3 1 -1 -3 -5 6 4 2 0 -2 -4 -6 5 3 1 -1 -3 -5 6 4 2 0 -2 -4 -6 5 3 1 -1 -3 -5 6 4 2 0 -2 -4 -6 5 3 1 -1 -3 -5 6 4 2 0 -2 -4 -6 5 3 1 -1 -3 -5 6 4 2 0 -2 -4 -6 5 3 1 -1 -3 -5 6 4 2 0 -2 -4 -6 5 3 1 -1 -3 -5 6 4 2 0 -2 -4 -6 5 3 1 -1 -3 -5 6 4 2 0 -2 -4 -6 5 3 1 -1 -3 -5 6 4 2 0 -2 -4 -6 5 3 1 -1 -3 -5 6 4 2 0 -2 -4 -6 5 3 1 -1 -3 -5 6 4 2 0 -2 -4 -6 5 3 1 -1 -3 -5 6 4 2 0 -2 -4 -6 5 3 1 -1 -3 -5 6 4 2 0 -2 -4 -6 5 3 1 -1 -3 -5 6 4 2 0 -2 -4 -6 5 3 1 -1 -3 -5 6 4 2
6 4 2 0 -2 -4 -6 5 3 1 -1 -3 -5 6 4 2 0 -2 -4 -6 5 3 1 -1 -3 -5 6 4 2 0 -2 -4 -6 5 3 1 -1 -3 -5 6 4 2 0 -2 -4 -6 5 3 1 -1 -3 -5 6 4 2 0 -2 -4 -6 5 3 1 -1 -3 -5 6 4 2 0 -2 -4 -6 5 3 1 -1 -3 -5 6 4 2 0 -2 -4 -6 5 3 1 -1 -3 -5 6 4 2 0 -2 -4 -6 5 3 1 -1 -3 -5 6 4 2 0 -2 -4 -6 5 3 1 -1 -3 -5 6 4 2 0 -2 -4 -6 5 3 1 -1 -3 -5 6 4 2 0 -2 -4 -6 5 3 1 -1 -3 -5 6 4 2 0 -2 -4 -6 5 3 1 -1 -3 -5 6 4 2 0 -2 -4 -6 5 3 1 -1 -3 -5 6 4 2 0 -2 -4 -6 5 3 1 -1 -3 -5 6 4 2 0 -2 -4 -6 5 3 1 -1 -3 -5 6 4 2 0 -2 -4 -6 5 3 1 -1 -3 -5 6 4 2 0 -2 -4 -6 5 3 1 -1 -3 -5 6 4 2 0 -2 -4 -6 5 3 1 -1 -3 -5 6 4 2 0 -2 -4 -6 5 3 1 -1 -3 -5 6 4 2 0 -2 -4 -6 5 3 1 -1 -3 -5 6 4 2 0 -2 -4 -6 5 3 1 -1 -3 -5 6 4 2 0 -2 -4 -6 5 3 1 -1 -3 -5 6 4 2 0 -2 -4 -6 5 3 1 -1 -3 -5 6 4 2 0 -2 -4 -6 5 3 1 -1 -3 -5 6 4 2 0 -2 -4 -6 5 3 1 -1 -3 -5 6 4 2 0 -2 -4 -6 5 3 1 -1 -3 -5 6 4 2 0 -2 -4 -6 5 3 1 -1 -3 -5 6 4 2 0 -2 -4 -6 5 3 1 -1 -3 -5 6 4 2 0 -2 -4 -6 5 3 1 -1 -3 -5 6 4 2 0 -2 -4 -6 5 3 1 -1 -3 -5 6 4 2 0 -2 -4 -6 5 3 1 -1 -3 -5 6 4 2 0 -2 -4 -6 5 3 1 -1 -3 -5 6 4 2 0 -2 -4 -6 5 3 1 -1 -3 -5 6 4 2 0 -2 -4 -6 5 3 1 -1 -3 -5 6 4 2 0 -2 -4 -6 5 3 1 -1 -3 -5 6 4 2 0 -2 -4 -6 5 3 1 -1 -3 -5 6 4 2 0 -2 -4 -6 5 3 1 -1 -3 -5 6 4 2 0 -2 -4 -6 5 3 1 -1 -3 -5 6 4 2 0 -2 -4
0 -2 -4 -6 5 3 1 -1 -3 -5 6 4 2 0 -2 -4 -6 5 3 1 -1 -3 -5 6 4 2 0 -2 -4 -6 5 3 1 -1 -3 -5 6 4 2 0 -2 -4 -6 5 3 1 -1 -3 -5 6 4 2 0 -2 -4 -6 5 3 1 -1 -3 -5 6 4 2 0 -2 -4 -6 5 3 1 -1 -3 -5 6 4 2 0 -2 -4 -6 5 3 1 -1 -3 -5 6 4 2 0 -2 -4 -6 5 3 1 -1 -3 -5 6 4 2 0 -2 -4 -6 5 3 1 -1 -3 -5 6 4 2 0 -2 -4 -6 5 3 1 -1 -3 -5 6 4 2 0 -2 -4 -6 5 3 1 -1 -3 -5 6 4 2 0 -2 -4 -6 5 3 1 -1 -3 -5 6 4 2 0 -2 -4 -6 5 3 1 -1 -3 -5 6 4 2 0 -2 -4 -6 5 3 1 -1 -3 -5 6 4 2 0 -2 -4 -6 5 3 1 -1 -3 -5 6 4 2 0 -2 -4 -6 5 3 1 -1 -3 -5 6 4 2 0 -2 -4 -6 5 3 1 -1 -3 -5 6 4 2 0 -2 -4 -6 5 3 1 -1 -3 -5 6 4 2 0 -2 -4 -6 5 3 1 -1 -3 -5 6 4 2 0 -2 -4 -6 5 3 1 -1 -3 -5 6 4 2 0 -2 -4 -6 5 3 1 -1 -3 -5 6 4 2 0 -2 -4 -6 5 3 1 -1 -3 -5 6 4 2 0 -2 -4 -6 5 3 1 -1 -3 -5 6 4 2 0 -2 -4 -6 5 3 1 -1 -3 -5 6 4 2 0 -2 -4 -6 5 3 1 -1 -3 -5 6 4 2 0 -2 -4 -6 5 3 1 -1 -3 -5 6 4 2 0 -2 -4 -6 5 3 1 -1 -3 -5 6 4 2 0 -2 -4 -6 5 3 1 -1 -3 -5 6 4 2 0 -2 -4 -6 5 3 1 -1 -3 -5 6 4 2 0 -2 -4 -6 5 3 1 -1 -3 -5 6 4 2 0 -2 -4 -6 5 3 1 -1 -3 -5 6 4 2 0 -2 -4 -6 5 3 1 -1 -3 -5 6 4 2 0 -2 -4 -6 5 3 1 -1 -3 -5 6 4 2 0 -2 -4 -6 5 3 1 -1 -3 -5 6 4 2 0 -2 -4 -6 5 3 1 -1 -3 -5 6 4 2 0 -2 -4 -6 5 3 1 -1 -3 -5 6 4 2 0 -2 -4 -6 5 3 1 -1 -3 -5 6 4 2 0 -2 -4 -6 5 3 1 -1 -3 -5 6 4 2 0 -2 -4 -6 5 3
-6 5 3 1 -1 -3 -5 6 4 2 0 -2 -4 -6 5 3 1 -1 -3 -5 6 4 2 0 -2 -4 -6 5 3 1 -1 -3 -5 6 4 2 0 -2 -4 -6 5 3 1 -1 -3 -5 6 4 2 0 -2 -4 -6 5 3 1 -1 -3 -5 6 4 2 0 -2 -4 -6 5 3 1 -1 -3 -5 6 4 2 0 -2 -4 -6 5 3 1 -1 -3 -5 6 4 2 0 -2 -4 -6 5 3 1 -1 -3 -5 6 4 2 0 -2 -4 -6 5 3 1 -1 -3 -5 6 4 2 0 -2 -4 -6 5 3 1 -1 -3 -5 6 4 2 0 -2 -4 -6 5 3 1 -1 -3 -5 6 4 2 0 -2 -4 -6 5 3 1 -1 -3 -5 6 4 2 0 -2 -4 -6 5 3 1 -1 -3 -5 6 4 2 0 -2 -4 -6 5 3 1 -1 -3 -5 6 4 2 0 -2 -4 -6 5 3 1 -1 -3 -5 6 4 2 0 -2 -4 -6 5 3 1 -1 -3 -5 6 4 2 0 -2 -4 -6 5 3 1 -1 -3 -5 6 4 2 0 -2 -4 -6 5 3 1 -1 -3 -5 6 4 2 0 -2 -4 -6 5 3 1 -1 -3 -5 6 4 2 0 -2 -4 -6 5 3 1 -1 -3 -5 6 4 2 0 -2 -4 -6 5 3 1 -1 -3 -5 6 4 2 0 -2 -4 -6 5 3 1 -1 -3 -5 6 4 2 0 -2 -4 -6 5 3 1 -1 -3 -5 6 4 2 0 -2 -4 -6 5 3 1 -1 -3 -5 6 4 2 0 -2 -4 -6 5 3 1 -1 -3 -5 6 4 2 0 -2 -4 -6 5 3 1 -1 -3 -5 6 4 2 0 -2 -4 -6 5 3 1 -1 -3 -5 6 4 2 0 -2 -4 -6 5 3 1 -1 -3 -5 6 4 2 0 -2 -4 -6 5 3 1 -1 -3 -5 6 4 2 0 -2 -4 -6 5 3 1 -1 -3 -5 6 4 2 0 -2 -4 -6 5 3 1 -1 -3 -5 6 4 2 0 -2 -4 -6 5 3 1 -1 -3 -5 6 4 2 0 -2 -4 -6 5 3 1 -1 -3 -5 6 4 2 0 -2 -4 -6 5 3 1 -1 -3 -5 6 4 2 0 -2 -4 -6 5 3 1 -1 -3 -5 6 4 2 0 -2 -4 -6 5 3 1 -1 -3 -5 6 4 2 0 -2 -4 -6 5 3 1 -1 -3 -5 6 4 2 0 -2 -4 -6 5 3 1 -1 -3 -5 6 4 2 0 -2 -4 -6 5 3 1 -1 -3
1 -1 -3 -5 6 4 2 0 -2 -4 -6 5 3 1 -1 -3 -5 6 4 2 0 -2 -4 -6 5 3 1 -1 -3 -5 6 4 2 0 -2 -4 -6 5 3 1 -1 -3 -5 6 4 2 0 -2 -4 -6 5 3 1 -1 -3 -5 6 4 2 0 -2 -4 -6 5 3 1 -1 -3 -5 6 4 2 0 -2 -4 -6 5 3 1 -1 -3 -5 6 4 2 0 -2 -4 -6 5 3 1 -1 -3 -5 6 4 2 0 -2 -4 -6 5 3 1 -1 -3 -5 6 4 2 0 -2 -4 -6 5 3 1 -1 -3 -5 6 4 2 0 -2 -4 -6 5 3 1 -1 -3 -5 6 4 2 0 -2 -4 -6 5 3 1 -1 -3 -5 6 4 2 0 -2 -4 -6 5 3 1 -1 -3 -5 6 4 2 0 -2 -4 -6 5 3 1 -1 -3 -5 6 4 2 0 -2 -4 -6 5 3 1 -1 -3 -5 6 4 2 0 -2 -4 -6 5 3 1 -1 -3 -5 6 4 2 0 -2 -4 -6 5 3 1 -1 -3 -5 6 4 2 0 -2 -4 -6 5 3 1 -1 -3 -5 6 4 2 0 -2 -4 -6 5 3 1 -1 -3 -5 6 4 2 0 -2 -4 -6 5 3 1 -1 -3 -5 6 4 2 0 -2 -4 -6 5 3 1 -1 -3 -5 6 4 2 0 -2 -4 -6 5 3 1 -1 -3 -5 6 4 2 0 -2 -4 -6 5 3 1 -1 -3 -5 6 4 2 0 -2 -4 -6 5 3 1 -1 -3 -5 6 4 2 0 -2 -4 -6 5 3 1 -1 -3 -5 6 4 2 0 -2 -4 -6 5 3 1 -1 -3 -5 6 4 2 0 -2 -4 -6 5 3 1 -1 -3 -5 6 4 2 0 -2 -4 -6 5 3 1 -1 -3 -5 6 4 2 0 -2 -4 -6 5 3 1 -1 -3 -5 6 4 2 0 -2 -4 -6 5 3 1 -1 -3 -5 6 4 2 0 -2 -4 -6 5 3 1 -1 -3 -5 6 4 2 0 -2 -4 -6 5 3 1 -1 -3 -5 6 4 2 0 -2 -4 -6 5 3 1 -1 -3 -5 6 4 2 0 -2 -4 -6 5 3 1 -1 -3 -5 6 4 2 0 -2 -4 -6 5 3 1 -1 -3 -5 6 4 2 0 -2 -4 -6 5 3 1 -1 -3 -5 6 4 2 0 -2 -4 -6 5 3 1 -1 -3 -5 6 4 2 0 -2 -4 -6 5 3 1 -1 -3 -5 6 4 2 0 -2 -4 -6 5 3 1 -1 -3 -5 6 4
-5 6 4 2 0 -2 -4 -6 5 3 1 -1 -3 -5 6 4 2 0 -2 -4 -6 5 3 1 -1 -3 -5 6 4 2 0 -2 -4 -6 5 3 1 -1 -3 -5 6 4 2 0 -2 -4 -6 5 3 1 -1 -3 -5 6 4 2 0 -2 -4 -6 5 3 1 -1 -3 -5 6 4 2 0 -2 -4 -6 5 3 1 -1 -3 -5 6 4 2 0 -2 -4 -6 5 3 1 -1 -3 -5 6 4 2 0 -2 -4 -6 5 3 1 -1 -3 -5 6 4 2 0 -2 -4 -6 5 3 1 -1 -3 -5 6 4 2 0 -2 -4 -6 5 3 1 -1 -3 -5 6 4 2 0 -2 -4 -6 5 3 1 -1 -3 -5 6 4 2 0 -2 -4 -6 5 3 1 -1 -3 -5 6 4 2 0 -2 -4 -6 5 3 1 -1 -3 -5 6 4 2 0 -2 -4 -6 5 3 1 -1 -3 -5 6 4 2 0 -2 -4 -6 5 3 1 -1 -3 -5 6 4 2 0 -2 -4 -6 5 3 1 -1 -3 -5 6 4 2 0 -2 -4 -6 5 3 1 -1 -3 -5 6 4 2 0 -2 -4 -6 5 3 1 -1 -3 -5 6 4 2 0 -2 -4 -6 5 3 1 -1 -3 -5 6 4 2 0 -2 -4 -6 5 3 1 -1 -3 -5 6 4 2 0 -2 -4 -6 5 3 1 -1 -3 -5 6 4 2 0 -2 -4 -6 5 3 1 -1 -3 -5 6 4 2 0 -2 -4 -6 5 3 1 -1 -3 -5 6 4 2 0 -2 -4 -6 5 3 1 -1 -3 -5 6 4 2 0 -2 -4 -6 5 3 1 -1 -3 -5 6 4 2 0 -2 -4 -6 5 3 1 -1 -3 -5 6 4 2 0 -2 -4 -6 5 3 1 -1 -3 -5 6 4 2 0 -2 -4 -6 5 3 1 -1 -3 -5 6 4 2 0 -2 -4 -6 5 3 1 -1 -3 -5 6 4 2 0 -2 -4 -6 5 3 1 -1 -3 -5 6 4 2 0 -2 -4 -6 5 3 1 -1 -3 -5 6 4 2 0 -2 -4 -6 5 3 1 -1 -3 -5 6 4 2 0 -2 -4 -6 5 3 1 -1 -3 -5 6 4 2 0 -2 -4 -6 5 3 1 -1 -3 -5 6 4 2 0 -2 -4 -6 5 3 1 -1 -3 -5 6 4 2 0 -2 -4 -6 5 3 1 -1 -3 -5 6 4 2 0 -2 -4 -6 5 3 1 -1 -3 -5 6 4 2 0 -2 -4 -6 5 3 1 -1 -3 -5 6 4 2 0 -2
2 0 -2 -4 -6 5 3 1 -1 -3 -5 6 4 2 0 -2 -4 -6 5 3 1 -1 -3 -5 6 4 2 0 -2 -4 -6 5 3 1 -1 -3 -5 6 4 2 0 -2 -4 -6 5 3 1 -1 -3 -5 6 4 2 0 -2 -4 -6 5 3 1 -1 -3 -5 6 4 2 0 -2 -4 -6 5 3 1 -1 -3 -5 6 4 2 0 -2 -4 -6 5 3 1 -1 -3 -5 6 4 2 0 -2 -4 -6 5 3 1 -1 -3 -5 6 4 2 0 -2 -4 -6 5 3 1 -1 -3 -5 6 4 2 0 -2 -4 -6 5 3 1 -1 -3 -5 6 4 2 0 -2 -4 -6 5 3 1 -1 -3 -5 6 4 2 0 -2 -4 -6 5 3 1 -1 -3 -5 6 4 2 0 -2 -4 -6 5 3 1 -1 -3 -5 6 4 2 0 -2 -4 -6 5 3 1 -1 -3 -5 6 4 2 0 -2 -4 -6 5 3 1 -1 -3 -5 6 4 2 0 -2 -4 -6 5 3 1 -1 -3 -5 6 4 2 0 -2 -4 -6 5 3 1 -1 -3 -5 6 4 2 0 -2 -4 -6 5 3 1 -1 -3 -5 6 4 2 0 -2 -4 -6 5 3 1 -1 -3 -5 6 4 2 0 -2 -4 -6 5 3 1 -1 -3 -5 6 4 2 0 -2 -4 -6 5 3 1 -1 -3 -5 6 4 2 0 -2 -4 -6 5 3 1 -1 -3 -5 6 4 2 0 -2 -4 -6 5 3 1 -1 -3 -5 6 4 2 0 -2 -4 -6 5 3 1 -1 -3 -5 6 4 2 0 -2 -4 -6 5 3 1 -1 -3 -5 6 4 2 0 -2 -4 -6 5 3 1 -1 -3 -5 6 4 2 0 -2 -4 -6 5 3 1 -1 -3 -5 6 4 2 0 -2 -4 -6 5 3 1 -1 -3 -5 6 4 2 0 -2 -4 -6 5 3 1 -1 -3 -5 6 4 2 0 -2 -4 -6 5 3 1 -1 -3 -5 6 4 2 0 -2 -4 -6 5 3 1 -1 -3 -5 6 4 2 0 -2 -4 -6 5 3 1 -1 -3 -5 6 4 2 0 -2 -4 -6 5 3 1 -1 -3 -5 6 4 2 0 -2 -4 -6 5 3 1 -1 -3 -5 6 4 2 0 -2 -4 -6 5 3 1 -1 -3 -5 6 4 2 0 -2 -4 -6 5 3 1 -1 -3 -5 6 4 2 0 -2 -4 -6 5 3 1 -1 -3 -5 6 4 2 0 -2 -4 -6 5 3 1 -1 -3 -5 6 4 2 0 -2 -4 -6 5
-4 -6 5 3 1 -1 -3 -5 6 4 2 0 -2 -4 -6 5 3 1 -1 -3 -5 6 4 2 0 -2 -4 -6 5 3 1 -1 -3 -5 6 4 2 0 -2 -4 -6 5 3 1 -1 -3 -5 6 4 2 0 -2 -4 -6 5 3 1 -1 -3 -5 6 4 2 0 -2 -4 -6 5 3 1 -1 -3 -5 6 4 2 0 -2 -4 -6 5 3 1 -1 -3 -5 6 4 2 0 -2 -4 -6 5 3 1 -1 -3 -5 6 4 2 0 -2 -4 -6 5 3 1 -1 -3 -5 6 4 2 0 -2 -4 -6 5 3 1 -1 -3 -5 6 4 2 0 -2 -4 -6 5 3 1 -1 -3 -5 6 4 2 0 -2 -4 -6 5 3 1 -1 -3 -5 6 4 2 0 -2 -4 -6 5 3 1 -1 -3 -5 6 4 2 0 -2 -4 -6 5 3 1 -1 -3 -5 6 4 2 0 -2 -4 -6 5 3 1 -1 -3 -5 6 4 2 0 -2 -4 -6 5 3 1 -1 -3 -5 6 4 2 0 -2 -4 -6 5 3 1 -1 -3 -5 6 4 2 0 -2 -4 -6 5 3 1 -1 -3 -5 6 4 2 0 -2 -4 -6 5 3 1 -1 -3 -5 6 4 2 0 -2 -4 -6 5 3 1 -1 -3 -5 6 4 2 0 -2 -4 -6 5 3 1 -1 -3 -5 6 4 2 0 -2 -4 -6 5 3 1 -1 -3 -5 6 4 2 0 -2 -4 -6 5 3 1 -1 -3 -5 6 4 2 0 -2 -4 -6 5 3 1 -1 -3 -5 6 4 2 0 -2 -4 -6 5 3 1 -1 -3 -5 6 4 2 0 -2 -4 -6 5 3 1 -1 -3 -5 6 4 2 0 -2 -4 -6 5 3 1 -1 -3 -5 6 4 2 0 -2 -4 -6 5 3 1 -1 -3 -5 6 4 2 0 -2 -4 -6 5 3 1 -1 -3 -5 6 4 2 0 -2 -4 -6 5 3 1 -1 -3 -5 6 4 2 0 -2 -4 -6 5 3 1 -1 -3 -5 6 4 2 0 -2 -4 -6 5 3 1 -1 -3 -5 6 4 2 0 -2 -4 -6 5 3 1 -1 -3 -5 6 4 2 0 -2 -4 -6 5 3 1 -1 -3 -5 6 4 2 0 -2 -4 -6 5 3 1 -1 -3 -5 6 4 2 0 -2 -4 -6 5 3 1 -1 -3 -5 6 4 2 0 -2 -4 -6 5 3 1 -1 -3 -5 6 4 2 0 -2 -4 -6 5 3 1 -1 -3 -5 6 4 2 0 -2 -4 -6 5 3 1 -1
3 1 -1 -3 -5 6 4 2 0 -2 -4 -6 5 3 1 -1 -3 -5 6 4 2 0 -2 -4 -6 5 3 1 -1 -3 -5 6 4 2 0 -2 -4 -6 5 3 1 -1 -3 -5 6 4 2 0 -2 -4 -6 5 3 1 -1 -3 -5 6 4 2 0 -2 -4 -6 5 3 1 -1 -3 -5 6 4 2 0 -2 -4 -6 5 3 1 -1 -3 -5 6 4 2 0 -2 -4 -6 5 3 1 -1 -3 -5 6 4 2 0 -2 -4 -6 5 3 1 -1 -3 -5 6 4 2 0 -2 -4 -6 5 3 1 -1 -3 -5 6 4 2 0 -2 -4 -6 5 3 1 -1 -3 -5 6 4 2 0 -2 -4 -6 5 3 1 -1 -3 -5 6 4 2 0 -2 -4 -6 5 3 1 -1 -3 -5 6 4 2 0 -2 -4 -6 5 3 1 -1 -3 -5 6 4 2 0 -2 -4 -6 5 3 1 -1 -3 -5 6 4 2 0 -2 -4 -6 5 3 1 -1 -3 -5 6 4 2 0 -2 -4 -6 5 3 1 -1 -3 -5 6 4 2 0 -2 -4 -6 5 3 1 -1 -3 -5 6 4 2 0 -2 -4 -6 5 3 1 -1 -3 -5 6 4 2 0 -2 -4 -6 5 3 1 -1 -3 -5 6 4 2 0 -2 -4 -6 5 3 1 -1 -3 -5 6 4 2 0 -2 -4 -6 5 3 1 -1 -3 -5 6 4 2 0 -2 -4 -6 5 3 1 -1 -3 -5 6 4 2 0 -2 -4 -6 5 3 1 -1 -3 -5 6 4 2 0 -2 -4 -6 5 3 1 -1 -3 -5 6 4 2 0 -2 -4 -6 5 3 1 -1 -3 -5 6 4 2 0 -2 -4 -6 5 3 1 -1 -3 -5 6 4 2 0 -2 -4 -6 5 3 1 -1 -3 -5 6 4 2 0 -2 -4 -6 5 3 1 -1 -3 -5 6 4 2 0 -2 -4 -6 5 3 1 -1 -3 -5 6 4 2 0 -2 -4 -6 5 3 1 -1 -3 -5 6 4 2 0 -2 -4 -6 5 3 1 -1 -3 -5 6 4 2 0 -2 -4 -6 5 3 1 -1 -3 -5 6 4 2 0 -2 -4 -6 5 3 1 -1 -3 -5 6 4 2 0 -2 -4 -6 5 3 1 -1 -3 -5 6 4 2 0 -2 -4 -6 5 3 1 -1 -3 -5 6 4 2 0 -2 -4 -6 5 3 1 -1 -3 -5 6 4 2 0 -2 -4 -6 5 3 1 -1 -3 -5 6 4 2 0 -2 -4 -6 5 3 1 -1 -3 -5 6
-3 -5 6 4 2 0 -2 -4 -6 5 3 1 -1 -3 -5 6 4 2 0 -2 -4 -6 5 3 1 -1 -3 -5 6 4 2 0 -2 -4 -6 5 3 1 -1 -3 -5 6 4 2 0 -2 -4 -6 5 3 1 -1 -3 -5 6 4 2 0 -2 -4 -6 5 3 1 -1 -3 -5 6 4 2 0 -2 -4 -6 5 3 1 -1 -3 -5 6 4 2 0 -2 -4 -6 5 3 1 -1 -3 -5 6 4 2 0 -2 -4 -6 5 3 1 -1 -3 -5 6 4 2 0 -2 -4 -6 5 3 1 -1 -3 -5 6 4 2 0 -2 -4 -6 5 3 1 -1 -3 -5 6 4 2 0 -2 -4 -6 5 3 1 -1 -3 -5 6 4 2 0 -2 -4 -6 5 3 1 -1 -3 -5 6 4 2 0 -2 -4 -6 5 3 1 -1 -3 -5 6 4 2 0 -2 -4 -6 5 3 1 -1 -3 -5 6 4 2 0 -2 -4 -6 5 3 1 -1 -3 -5 6 4 2 0 -2 -4 -6 5 3 1 -1 -3 -5 6 4 2 0 -2 -4 -6 5 3 1 -1 -3 -5 6 4 2 0 -2 -4 -6 5 3 1 -1 -3 -5 6 4 2 0 -2 -4 -6 5 3 1 -1 -3 -5 6 4 2 0 -2 -4 -6 5 3 1 -1 -3 -5 6 4 2 0 -2 -4 -6 5 3 1 -1 -3 -5 6 4 2 0 -2 -4 -6 5 3 1 -1 -3 -5 6 4 2 0 -2 -4 -6 5 3 1 -1 -3 -5 6 4 2 0 -2 -4 -6 5 3 1 -1 -3 -5 6 4 2 0 -2 -4 -6 5 3 1 -1 -3 -5 6 4 2 0 -2 -4 -6 5 3 1 -1 -3 -5 6 4 2 0 -2 -4 -6 5 3 1 -1 -3 -5 6 4 2 0 -2 -4 -6 5 3 1 -1 -3 -5 6 4 2 0 -2 -4 -6 5 3 1 -1 -3 -5 6 4 2 0 -2 -4 -6 5 3 1 -1 -3 -5 6 4 2 0 -2 -4 -6 5 3 1 -1 -3 -5 6 4 2 0 -2 -4 -6 5 3 1 -1 -3 -5 6 4 2 0 -2 -4 -6 5 3 1 -1 -3 -5 6 4 2 0 -2 -4 -6 5 3 1 -1 -3 -5 6 4 2 0 -2 -4 -6 5 3 1 -1 -3 -5 6 4 2 0 -2 -4 -6 5 3 1 -1 -3 -5 6 4 2 0 -2 -4 -6 5 3 1 -1 -3 -5 6 4 2 0 -2 -4 -6 5 3 1 -1 -3 -5 6 4 2 0
4 2 0 -2 -4 -6 5 3 1 -1 -3 -5 6 4 2 0 -2 -4 -6 5 3 1 -1 -3 -5 6 4 2 0 -2 -4 -6 5 3 1 -1 -3 -5 6 4 2 0 -2 -4 -6 5 3 1 -1 -3 -5 6 4 2 0 -2 -4 -6 5 3 1 -1 -3 -5 6 4 2 0 -2 -4 -6 5 3 1 -1 -3 -5 6 4 2 0 -2 -4 -6 5 3 1 -1 -3 -5 6 4 2 0 -2 -4 -6 5 3 1 -1 -3 -5 6 4 2 0 -2 -4 -6 5 3 1 -1 -3 -5 6 4 2 0 -2 -4 -6 5 3 1 -1 -3 -5 6 4 2 0 -2 -4 -6 5 3 1 -1 -3 -5 6 4 2 0 -2 -4 -6 5 3 1 -1 -3 -5 6 4 2 0 -2 -4 -6 5 3 1 -1 -3 -5 6 4 2 0 -2 -4 -6 5 3 1 -1 -3 -5 6 4 2 0 -2 -4 -6 5 3 1 -1 -3 -5 6 4 2 0 -2 -4 -6 5 3 1 -1 -3 -5 6 4 2 0 -2 -4 -6 5 3 1 -1 -3 -5 6 4 2 0 -2 -4 -6 5 3 1 -1 -3 -5 6 4 2 0 -2 -4 -6 5 3 1 -1 -3 -5 6 4 2 0 -2 -4 -6 5 3 1 -1 -3 -5 6 4 2 0 -2 -4 -6 5 3 1 -1 -3 -5 6 4 2 0 -2 -4 -6 5 3 1 -1 -3 -5 6 4 2 0 -2 -4 -6 5 3 1 -1 -3 -5 6 4 2 0 -2 -4 -6 5 3 1 -1 -3 -5 6 4 2 0 -2 -4 -6 5 3 1 -1 -3 -5 6 4 2 0 -2 -4 -6 5 3 1 -1 -3 -5 6 4 2 0 -2 -4 -6 5 3 1 -1 -3 -5 6 4 2 0 -2 -4 -6 5 3 1 -1 -3 -5 6 4 2 0 -2 -4 -6 5 3 1 -1 -3 -5 6 4 2 0 -2 -4 -6 5 3 1 -1 -3 -5 6 4 2 0 -2 -4 -6 5 3 1 -1 -3 -5 6 4 2 0 -2 -4 -6 5 3 1 -1 -3 -5 6 4 2 0 -2 -4 -6 5 3 1 -1 -3 -5 6 4 2 0 -2 -4 -6 5 3 1 -1 -3 -5 6 4 2 0 -2 -4 -6 5 3 1 -1 -3 -5 6 4 2 0 -2 -4 -6 5 3 1 -1 -3 -5 6 4 2 0 -2 -4 -6 5 3 1 -1 -3 -5 6 4 2 0 -2 -4 -6 5 3 1 -1 -3 -5 6 4 2 0 -2 -4 -6
-2 -4 -6 5 3 1 -1 -3 -5 6 4 2 0 -2 -4 -6 5 3 1 -1 -3 -5 6 4 2 0 -2 -4 -6 5 3 1 -1 -3 -5 6 4 2 0 -2 -4 -6 5 3 1 -1 -3 -5 6 4 2 0 -2 -4 -6 5 3 1 -1 -3 -5 6 4 2 0 -2 -4 -6 5 3 1 -1 -3 -5 6 4 2 0 -2 -4 -6 5 3 1 -1 -3 -5 6 4 2 0 -2 -4 -6 5 3 1 -1 -3 -5 6 4 2 0 -2 -4 -6 5 3 1 -1 -3 -5 6 4 2 0 -2 -4 -6 5 3 1 -1 -3 -5 6 4 2 0 -2 -4 -6 5 3 1 -1 -3 -5 6 4 2 0 -2 -4 -6 5 3 1 -1 -3 -5 6 4 2 0 -2 -4 -6 5 3 1 -1 -3 -5 6 4 2 0 -2 -4 -6 5 3 1 -1 -3 -5 6 4 2 0 -2 -4 -6 5 3 1 -1 -3 -5 6 4 2 0 -2 -4 -6 5 3 1 -1 -3 -5 6 4 2 0 -2 -4 -6 5 3 1 -1 -3 -5 6 4 2 0 -2 -4 -6 5 3 1 -1 -3 -5 6 4 2 0 -2 -4 -6 5 3 1 -1 -3 -5 6 4 2 0 -2 -4 -6 5 3 1 -1 -3 -5 6 4 2 0 -2 -4 -6 5 3 1 -1 -3 -5 6 4 2 0 -2 -4 -6 5 3 1 -1 -3 -5 6 4 2 0 -2 -4 -6 5 3 1 -1 -3 -5 6 4 2 0 -2 -4 -6 5 3 1 -1 -3 -5 6 4 2 0 -2 -4 -6 5 3 1 -1 -3 -5 6 4 2 0 -2 -4 -6 5 3 1 -1 -3 -5 6 4 2 0 -2 -4 -6 5 3 1 -1 -3 -5 6 4 2 0 -2 -4 -6 5 3 1 -1 -3 -5 6 4 2 0 -2 -4 -6 5 3 1 -1 -3 -5 6 4 2 0 -2 -4 -6 5 3 1 -1 -3 -5 6 4 2 0 -2 -4 -6 5 3 1 -1 -3 -5 6 4 2 0 -2 -4 -6 5 3 1 -1 -3 -5 6 4 2 0 -2 -4 -6 5 3 1 -1 -3 -5 6 4 2 0 -2 -4 -6 5 3 1 -1 -3 -5 6 4 2 0 -2 -4 -6 5 3 1 -1 -3 -5 6 4 2 0 -2 -4 -6 5 3 1 -1 -3 -5 6 4 2 0 -2 -4 -6 5 3 1 -1 -3 -5 6 4 2 0 -2 -4 -6 5 3 1 -1 -3 -5 6 4 2 0 -2 -4 -6 5 3 1
5 3 1 -1 -3 -5 6 4 2 0 -2 -4 -6 5 3 1 -1 -3 -5 6 4 2 0 -2 -4 -6 5 3 1 -1 -3 -5 6 4 2 0 -2 -4 -6 5 3 1 -1 -3 -5 6 4 2 0 -2 -4 -6 5 3 1 -1 -3 -5 6 4 2 0 -2 -4 -6 5 3 1 -1 -3 -5 6 4 2 0 -2 -4 -6 5 3 1 -1 -3 -5 6 4 2 0 -2 -4 -6 5 3 1 -1 -3 -5 6 4 2 0 -2 -4 -6 5 3 1 -1 -3 -5 6 4 2 0 -2 -4 -6 5 3 1 -1 -3 -5 6 4 2 0 -2 -4 -6 5 3 1 -1 -3 -5 6 4 2 0 -2 -4 -6 5 3 1 -1 -3 -5 6 4 2 0 -2 -4 -6 5 3 1 -1 -3 -5 6 4 2 0 -2 -4 -6 5 3 1 -1 -3 -5 6 4 2 0 -2 -4 -6 5 3 1 -1 -3 -5 6 4 2 0 -2 -4 -6 5 3 1 -1 -3 -5 6 4 2 0 -2 -4 -6 5 3 1 -1 -3 -5 6 4 2 0 -2 -4 -6 5 3 1 -1 -3 -5 6 4 2 0 -2 -4 -6 5 3 1 -1 -3 -5 6 4 2 0 -2 -4 -6 5 3 1 -1 -3 -5 6 4 2 0 -2 -4 -6 5 3 1 -1 -3 -5 6 4 2 0 -2 -4 -6 5 3 1 -1 -3 -5 6 4 2 0 -2 -4 -6 5 3 1 -1 -3 -5 6 4 2 0 -2 -4 -6 5 3 1 -1 -3 -5 6 4 2 0 -2 -4 -6 5 3 1 -1 -3 -5 6 4 2 0 -2 -4 -6 5 3 1 -1 -3 -5 6 4 2 0 -2 -4 -6 5 3 1 -1 -3 -5 6 4 2 0 -2 -4 -6 5 3 1 -1 -3 -5 6 4 2 0 -2 -4 -6 5 3 1 -1 -3 -5 6 4 2 0 -2 -4 -6 5 3 1 -1 -3 -5 6 4 2 0 -2 -4 -6 5 3 1 -1 -3 -5 6 4 2 0 -2 -4 -6 5 3 1 -1 -3 -5 6 4 2 0 -2 -4 -6 5 3 1 -1 -3 -5 6 4 2 0 -2 -4 -6 5 3 1 -1 -3 -5 6 4 2 0 -2 -4 -6 5 3 1 -1 -3 -5 6 4 2 0 -2 -4 -6 5 3 1 -1 -3 -5 6 4 2 0 -2 -4 -6 5 3 1 -1 -3 -5 6 4 2 0 -2 -4 -6 5 3 1 -1 -3 -5 6 4 2 0 -2 -4 -6 5 3 1 -1 -3 -5
-1 -3 -5 6 4 2 0 -2 -4 -6 5 3 1 -1 -3 -5 6 4 2 0 -2 -4 -6 5 3 1 -1 -3 -5 6 4 2 0 -2 -4 -6 5 3 1 -1 -3 -5 6 4 2 0 -2 -4 -6 5 3 1 -1 -3 -5 6 4 2 0 -2 -4 -6 5 3 1 -1 -3 -5 6 4 2 0 -2 -4 -6 5 3 1 -1 -3 -5 6 4 2 0 -2 -4 -6 5 3 1 -1 -3 -5 6 4 2 0 -2 -4 -6 5 3 1 -1 -3 -5 6 4 2 0 -2 -4 -6 5 3 1 -1 -3 -5 6 4 2 0 -2 -4 -6 5 3 1 -1 -3 -5 6 4 2 0 -2 -4 -6 5 3 1 -1 -3 -5 6 4 2 0 -2 -4 -6 5 3 1 -1 -3 -5 6 4 2 0 -2 -4 -6 5 3 1 -1 -3 -5 6 4 2 0 -2 -4 -6 5 3 1 -1 -3 -5 6 4 2 0 -2 -4 -6 5 3 1 -1 -3 -5 6 4 2 0 -2 -4 -6 5 3 1 -1 -3 -5 6 4 2 0 -2 -4 -6 5 3 1 -1 -3 -5 6 4 2 0 -2 -4 -6 5 3 1 -1 -3 -5 6 4 2 0 -2 -4 -6 5 3 1 -1 -3 -5 6 4 2 0 -2 -4 -6 5 3 1 -1 -3 -5 6 4 2 0 -2 -4 -6 5 3 1 -1 -3 -5 6 4 2 0 -2 -4 -6 5 3 1 -1 -3 -5 6 4 2 0 -2 -4 -6 5 3 1 -1 -3 -5 6 4 2 0 -2 -4 -6 5 3 1 -1 -3 -5 6 4 2 0 -2 -4 -6 5 3 1 -1 -3 -5 6 4 2 0 -2 -4 -6 5 3 1 -1 -3 -5 6 4 2 0 -2 -4 -6 5 3 1 -1 -3 -5 6 4 2 0 -2 -4 -6 5 3 1 -1 -3 -5 6 4 2 0 -2 -4 -6 5 3 1 -1 -3 -5 6 4 2 0 -2 -4 -6 5 3 1 -1 -3 -5 6 4 2 0 -2 -4 -6 5 3 1 -1 -3 -5 6 4 2 0 -2 -4 -6 5 3 1 -1 -3 -5 6 4 2 0 -2 -4 -6 5 3 1 -1 -3 -5 6 4 2 0 -2 -4 -6 5 3 1 -1 -3 -5 6 4 2 0 -2 -4 -6 5 3 1 -1 -3 -5 6 4 2 0 -2 -4 -6 5 3 1 -1 -3 -5 6 4 2 0 -2 -4 -6 5 3 1 -1 -3 -5 6 4 2 0 -2 -4 -6 5 3 1 -1 -3 -5 6 4 2
6 4 2 0 -2 -4 -6 5 3 1 -1 -3 -5 6 4 2 0 -2 -4 -6 5 3 1 -1 -3 -5 6 4 2 0 -2 -4 -6 5 3 1 -1 -3 -5 6 4 2 0 -2 -4 -6 5 3 1 -1 -3 -5 6 4 2 0 -2 -4 -6 5 3 1 -1 -3 -5 6 4 2 0 -2 -4 -6 5 3 1 -1 -3 -5 6 4 2 0 -2 -4 -6 5 3 1 -1 -3 -5 6 4 2 0 -2 -4 -6 5 3 1 -1 -3 -5 6 4 2 0 -2 -4 -6 5 3 1 -1 -3 -5 6 4 2 0 -2 -4 -6 5 3 1 -1 -3 -5 6 4 2 0 -2 -4 -6 5 3 1 -1 -3 -5 6 4 2 0 -2 -4 -6 5 3 1 -1 -3 -5 6 4 2 0 -2 -4 -6 5 3 1 -1 -3 -5 6 4 2 0 -2 -4 -6 5 3 1 -1 -3 -5 6 4 2 0 -2 -4 -6 5 3 1 -1 -3 -5 6 4 2 0 -2 -4 -6 5 3 1 -1 -3 -5 6 4 2 0 -2 -4 -6 5 3 1 -1 -3 -5 6 4 2 0 -2 -4 -6 5 3 1 -1 -3 -5 6 4 2 0 -2 -4 -6 5 3 1 -1 -3 -5 6 4 2 0 -2 -4 -6 5 3 1 -1 -3 -5 6 4 2 0 -2 -4 -6 5 3 1 -1 -3 -5 6 4 2 0 -2 -4 -6 5 3 1 -1 -3 -5 6 4 2 0 -2 -4 -6 5 3 1 -1 -3 -5 6 4 2 0 -2 -4 -6 5 3 1 -1 -3 -5 6 4 2 0 -2 -4 -6 5 3 1 -1 -3 -5 6 4 2 0 -2 -4 -6 5 3 1 -1 -3 -5 6 4 2 0 -2 -4 -6 5 3 1 -1 -3 -5 6 4 2 0 -2 -4 -6 5 3 1 -1 -3 -5 6 4 2 0 -2 -4 -6 5 3 1 -1 -3 -5 6 4 2 0 -2 -4 -6 5 3 1 -1 -3 -5 6 4 2 0 -2 -4 -6 5 3 1 -1 -3 -5 6 4 2 0 -2 -4 -6 5 3 1 -1 -3 -5 6 4 2 0 -2 -4 -6 5 3 1 -1 -3 -5 6 4 2 0 -2 -4 -6 5 3 1 -1 -3 -5 6 4 2 0 -2 -4 -6 5 3 1 -1 -3 -5 6 4 2 0 -2 -4 -6 5 3 1 -1 -3 -5 6 4 2 0 -2 -4 -6 5 3 1 -1 -3 -5 6 4 2 0 -2 -4 -6 5 3 1 -1 -3 -5 6 4 2 0 -2 -4
0 -2 -4 -6 5 3 1 -1 -3 -5 6 4 2 0 -2 -4 -6 5 3 1 -1 -3 -5 6 4 2 0 -2 -4 -6 5 3 1 -1 -3 -5 6 4 2 0 -2 -4 -6 5 3 1 -1 -3 -5 6 4 2 0 -2 -4 -6 5 3 1 -1 -3 -5 6 4 2 0 -2 -4 -6 5 3 1 -1 -3 -5 6 4 2 0 -2 -4 -6 5 3 1 -1 -3 -5 6 4 2 0 -2 -4 -6 5 3 1 -1 -3 -5 6 4 2 0 -2 -4 -6 5 3 1 -1 -3 -5 6 4 2 0 -2 -4 -6 5 3 1 -1 -3 -5 6 4 2 0 -2 -4 -6 5 3 1 -1 -3 -5 6 4 2 0 -2 -4 -6 5 3 1 -1 -3 -5 6 4 2 0 -2 -4 -6 5 3 1 -1 -3 -5 6 4 2 0 -2 -4 -6 5 3 1 -1 -3 -5 6 4 2 0 -2 -4 -6 5 3 1 -1 -3 -5 6 4 2 0 -2 -4 -6 5 3 1 -1 -3 -5 6 4 2 0 -2 -4 -6 5 3 1 -1 -3 -5 6 4 2 0 -2 -4 -6 5 3 1 -1 -3 -5 6 4 2 0 -2 -4 -6 5 3 1 -1 -3 -5 6 4 2 0 -2 -4 -6 5 3 1 -1 -3 -5 6 4 2 0 -2 -4 -6 5 3 1 -1 -3 -5 6 4 2 0 -2 -4 -6 5 3 1 -1 -3 -5 6 4 2 0 -2 -4 -6 5 3 1 -1 -3 -5 6 4 2 0 -2 -4 -6 5 3 1 -1 -3 -5 6 4 2 0 -2 -4 -6 5 3 1 -1 -3 -5 6 4 2 0 -2 -4 -6 5 3 1 -1 -3 -5 6 4 2 0 -2 -4 -6 5 3 1 -1 -3 -5 6 4 2 0 -2 -4 -6 5 3 1 -1 -3 -5 6 4 2 0 -2 -4 -6 5 3 1 -1 -3 -5 6 4 2 0 -2 -4 -6 5 3 1 -1 -3 -5 6 4 2 0 -2 -4 -6 5 3 1 -1 -3 -5 6 4 2 0 -2 -4 -6 5 3 1 -1 -3 -5 6 4 2 0 -2 -4 -6 5 3 1 -1 -3 -5 6 4 2 0 -2 -4 -6 5 3 1 -1 -3 -5 6 4 2 0 -2 -4 -6 5 3 1 -1 -3 -5 6 4 2 0 -2 -4 -6 5 3 1 -1 -3 -5 6 4 2 0 -2 -4 -6 5 3 1 -1 -3 -5 6 4 2 0 -2 -4 -6 5 3 1 -1 -3 -5 6 4 2 0 -2 -4 -6 5 3
-6 5 3 1 -1 -3 -5 6 4 2 0 -2 -4 -6 5 3 1 -1 -3 -5 6 4 2 0 -2 -4 -6 5 3 1 -1 -3 -5 6 4 2 0 -2 -4 -6 5 3 1 -1 -3 -5 6 4 2 0 -2 -4 -6 5 3 1 -1 -3 -5 6 4 2 0 -2 -4 -6 5 3 1 -1 -3 -5 6 4 2 0 -2 -4 -6 5 3 1 -1 -3 -5 6 4 2 0 -2 -4 -6 5 3 1 -1 -3 -5 6 4 2 0 -2 -4 -6 5 3 1 -1 -3 -5 6 4 2 0 -2 -4 -6 5 3 1 -1 -3 -5 6 4 2 0 -2 -4 -6 5 3 1 -1 -3 -5 6 4 2 0 -2 -4 -6 5 3 1 -1 -3 -5 6 4 2 0 -2 -4 -6 5 3 1 -1 -3 -5 6 4 2 0 -2 -4 -6 5 3 1 -1 -3 -5 6 4 2 0 -2 -4 -6 5 3 1 -1 -3 -5 6 4 2 0 -2 -4 -6 5 3 1 -1 -3 -5 6 4 2 0 -2 -4 -6 5 3 1 -1 -3 -5 6 4 2 0 -2 -4 -6 5 3 1 -1 -3 -5 6 4 2 0 -2 -4 -6 5 3 1 -1 -3 -5 6 4 2 0 -2 -4 -6 5 3 1 -1 -3 -5 6 4 2 0 -2 -4 -6 5 3 1 -1 -3 -5 6 4 2 0 -2 -4 -6 5 3 1 -1 -3 -5 6 4 2 0 -2 -4 -6 5 3 1 -1 -3 -5 6 4 2 0 -2 -4 -6 5 3 1 -1 -3 -5 6 4 2 0 -2 -4 -6 5 3 1 -1 -3 -5 6 4 2 0 -2 -4 -6 5 3 1 -1 -3 -5 6 4 2 0 -2 -4 -6 5 3 1 -1 -3 -5 6 4 2 0 -2 -4 -6 5 3 1 -1 -3 -5 6 4 2 0 -2 -4 -6 5 3 1 -1 -3 -5 6 4 2 0 -2 -4 -6 5 3 1 -1 -3 -5 6 4 2 0 -2 -4 -6 5 3 1 -1 -3 -5 6 4 2 0 -2 -4 -6 5 3 1 -1 -3 -5 6 4 2 0 -2 -4 -6 5 3 1 -1 -3 -5 6 4 2 0 -2 -4 -6 5 3 1 -1 -3 -5 6 4 2 0 -2 -4 -6 5 3 1 -1 -3 -5 6 4 2 0 -2 -4 -6 5 3 1 -1 -3 -5 6 4 2 0 -2 -4 -6 5 3 1 -1 -3 -5 6 4 2 0 -2 -4 -6 5 3 1 -1 -3 -5 6 4 2 0 -2 -4 -6 5 3 1 -1 -3
1 -1 -3 -5 6 4 2 0 -2 -4 -6 5 3 1 -1 -3 -5 6 4 2 0 -2 -4 -6 5 3 1 -1 -3 -5 6 4 2 0 -2 -4 -6 5 3 1 -1 -3 -5 6 4 2 0 -2 -4 -6 5 3 1 -1 -3 -5 6 4 2 0 -2 -4 -6 5 3 1 -1 -3 -5 6 4 2 0 -2 -4 -6 5 3 1 -1 -3 -5 6 4 2 0 -2 -4 -6 5 3 1 -1 -3 -5 6 4 2 0 -2 -4 -6 5 3 1 -1 -3 -5 6 4 2 0 -2 -4 -6 5 3 1 -1 -3 -5 6 4 2 0 -2 -4 -6 5 3 1 -1 -3 -5 6 4 2 0 -2 -4 -6 5 3 1 -1 -3 -5 6 4 2 0 -2 -4 -6 5 3 1 -1 -3 -5 6 4 2 0 -2 -4 -6 5 3 1 -1 -3 -5 6 4 2 0 -2 -4 -6 5 3 1 -1 -3 -5 6 4 2 0 -2 -4 -6 5 3 1 -1 -3 -5 6 4 2 0 -2 -4 -6 5 3 1 -1 -3 -5 6 4 2 0 -2 -4 -6 5 3 1 -1 -3 -5 6 4 2 0 -2 -4 -6 5 3 1 -1 -3 -5 6 4 2 0 -2 -4 -6 5 3 1 -1 -3 -5 6 4 2 0 -2 -4 -6 5 3 1 -1 -3 -5 6 4 2 0 -2 -4 -6 5 3 1 -1 -3 -5 6 4 2 0 -2 -4 -6 5 3 1 -1 -3 -5 6 4 2 0 -2 -4 -6 5 3 1 -1 -3 -5 6 4 2 0 -2 -4 -6 5 3 1 -1 -3 -5 6 4 2 0 -2 -4 -6 5 3 1 -1 -3 -5 6 4 2 0 -2 -4 -6 5 3 1 -1 -3 -5 6 4 2 0 -2 -4 -6 5 3 1 -1 -3 -5 6 4 2 0 -2 -4 -6 5 3 1 -1 -3 -5 6 4 2 0 -2 -4 -6 5 3 1 -1 -3 -5 6 4 2 0 -2 -4 -6 5 3 1 -1 -3 -5 6 4 2 0 -2 -4 -6 5 3 1 -1 -3 -5 6 4 2 0 -2 -4 -6 5 3 1 -1 -3 -5 6 4 2 0 -2 -4 -6 5 3 1 -1 -3 -5 6 4 2 0 -2 -4 -6 5 3 1 -1 -3 -5 6 4 2 0 -2 -4 -6 5 3 1 -1 -3 -5 6 4 2 0 -2 -4 -6 5 3 1 -1 -3 -5 6 4 2 0 -2 -4 -6 5 3 1 -1 -3 -5 6 4 2 0 -2 -4 -6 5 3 1 -1 -3 -5 6 4
-5 6 4 2 0 -2 -4 -6 5 3 1 -1 -3 -5 6 4 2 0 -2 -4 -6 5 3 1 -1 -3 -5 6 4 2 0 -2 -4 -6 5 3 1 -1 -3 -5 6 4 2 0 -2 -4 -6 5 3 1 -1 -3 -5 6 4 2 0 -2 -4 -6 5 3 1 -1 -3 -5 6 4 2 0 -2 -4 -6 5 3 1 -1 -3 -5 6 4 2 0 -2 -4 -6 5 3 1 -1 -3 -5 6 4 2 0 -2 -4 -6 5 3 1 -1 -3 -5 6 4 2 0 -2 -4 -6 5 3 1 -1 -3 -5 6 4 2 0 -2 -4 -6 5 3 1 -1 -3 -5 6 4 2 0 -2 -4 -6 5 3 1 -1 -3 -5 6 4 2 0 -2 -4 -6 5 3 1 -1 -3 -5 6 4 2 0 -2 -4 -6 5 3 1 -1 -3 -5 6 4 2 0 -2 -4 -6 5 3 1 -1 -3 -5 6 4 2 0 -2 -4 -6 5 3 1 -1 -3 -5 6 4 2 0 -2 -4 -6 5 3 1 -1 -3 -5 6 4 2 0 -2 -4 -6 5 3 1 -1 -3 -5 6 4 2 0 -2 -4 -6 5 3 1 -1 -3 -5 6 4 2 0 -2 -4 -6 5 3 1 -1 -3 -5 6 4 2 0 -2 -4 -6 5 3 1 -1 -3 -5 6 4 2 0 -2 -4 -6 5 3 1 -1 -3 -5 6 4 2 0 -2 -4 -6 5 3 1 -1 -3 -5 6 4 2 0 -2 -4 -6 5 3 1 -1 -3 -5 6 4 2 0 -2 -4 -6 5 3 1 -1 -3 -5 6 4 2 0 -2 -4 -6 5 3 1 -1 -3 -5 6 4 2 0 -2 -4 -6 5 3 1 -1 -3 -5 6 4 2 0 -2 -4 -6 5 3 1 -1 -3 -5 6 4 2 0 -2 -4 -6 5 3 1 -1 -3 -5 6 4 2 0 -2 -4 -6 5 3 1 -1 -3 -5 6 4 2 0 -2 -4 -6 5 3 1 -1 -3 -5 6 4 2 0 -2 -4 -6 5 3 1 -1 -3 -5 6 4 2 0 -2 -4 -6 5 3 1 -1 -3 -5 6 4 2 0 -2 -4 -6 5 3 1 -1 -3 -5 6 4 2 0 -2 -4 -6 5 3 1 -1 -3 -5 6 4 2 0 -2 -4 -6 5 3 1 -1 -3 -5 6 4 2 0 -2 -4 -6 5 3 1 -1 -3 -5 6 4 2 0 -2 -4 -6 5 3 1 -1 -3 -5 6 4 2 0 -2 -4 -6 5 3 1 -1 -3 -5 6 4 2 0 -2
2 0 -2 -4 -6 5 3 1 -1 -3 -5 6 4 2 0 -2 -4 -6 5 3 1 -1 -3 -5 6 4 2 0 -2 -4 -6 5 3 1 -1 -3 -5 6 4 2 0 -2 -4 -6 5 3 1 -1 -3 -5 6 4 2 0 -2 -4 -6 5 3 1 -1 -3 -5 6 4 2 0 -2 -4 -6 5 3 1 -1 -3 -5 6 4 2 0 -2 -4 -6 5 3 1 -1 -3 -5 6 4 2 0 -2 -4 -6 5 3 1 -1 -3 -5 6 4 2 0 -2 -4 -6 5 3 1 -1 -3 -5 6 4 2 0 -2 -4 -6 5 3 1 -1 -3 -5 6 4 2 0 -2 -4 -6 5 3 1 -1 -3 -5 6 4 2 0 -2 -4 -6 5 3 1 -1 -3 -5 6 4 2 0 -2 -4 -6 5 3 1 -1 -3 -5 6 4 2 0 -2 -4 -6 5 3 1 -1 -3 -5 6 4 2 0 -2 -4 -6 5 3 1 -1 -3 -5 6 4 2 0 -2 -4 -6 5 3 1 -1 -3 -5 6 4 2 0 -2 -4 -6 5 3 1 -1 -3 -5 6 4 2 0 -2 -4 -6 5 3 1 -1 -3 -5 6 4 2 0 -2 -4 -6 5 3 1 -1 -3 -5 6 4 2 0 -2 -4 -6 5 3 1 -1 -3 -5 6 4 2 0 -2 -4 -6 5 3 1 -1 -3 -5 6 4 2 0 -2 -4 -6 5 3 1 -1 -3 -5 6 4 2 0 -2 -4 -6 5 3 1 -1 -3 -5 6 4 2 0 -2 -4 -6 5 3 1 -1 -3 -5 6 4 2 0 -2 -4 -6 5 3 1 -1 -3 -5 6 4 2 0 -2 -4 -6 5 3 1 -1 -3 -5 6 4 2 0 -2 -4 -6 5 3 1 -1 -3 -5 6 4 2 0 -2 -4 -6 5 3 1 -1 -3 -5 6 4 2 0 -2 -4 -6 5 3 1 -1 -3 -5 6 4 2 0 -2 -4 -6 5 3 1 -1 -3 -5 6 4 2 0 -2 -4 -6 5 3 1 -1 -3 -5 6 4 2 0 -2 -4 -6 5 3 1 -1 -3 -5 6 4 2 0 -2 -4 -6 5 3 1 -1 -3 -5 6 4 2 0 -2 -4 -6 5 3 1 -1 -3 -5 6 4 2 0 -2 -4 -6 5 3 1 -1 -3 -5 6 4 2 0 -2 -4 -6 5 3 1 -1 -3 -5 6 4 2 0 -2 -4 -6 5 3 1 -1 -3 -5 6 4 2 0 -2 -4 -6 5 3 1 -1 -3 -5 6 4 2 0 -2 -4 -6 5
-4 -6 5 3 1 -1 -3 -5 6 4 2 0 -2 -4 -6 5 3 1 -1 -3 -5 6 4 2 0 -2 -4 -6 5 3 1 -1 -3 -5 6 4 2 0 -2 -4 -6 5 3 1 -1 -3 -5 6 4 2 0 -2 -4 -6 5 3 1 -1 -3 -5 6 4 2 0 -2 -4 -6 5 3 1 -1 -3 -5 6 4 2 0 -2 -4 -6 5 3 1 -1 -3 -5 6 4 2 0 -2 -4 -6 5 3 1 -1 -3 -5 6 4 2 0 -2 -4 -6 5 3 1 -1 -3 -5 6 4 2 0 -2 -4 -6 5 3 1 -1 -3 -5 6 4 2 0 -2 -4 -6 5 3 1 -1 -3 -5 6 4 2 0 -2 -4 -6 5 3 1 -1 -3 -5 6 4 2 0 -2 -4 -6 5 3 1 -1 -3 -5 6 4 2 0 -2 -4 -6 5 3 1 -1 -3 -5 6 4 2 0 -2 -4 -6 5 3 1 -1 -3 -5 6 4 2 0 -2 -4 -6 5 3 1 -1 -3 -5 6 4 2 0 -2 -4 -6 5 3 1 -1 -3 -5 6 4 2 0 -2 -4 -6 5 3 1 -1 -3 -5 6 4 2 0 -2 -4 -6 5 3 1 -1 -3 -5 6 4 2 0 -2 -4 -6 5 3 1 -1 -3 -5 6 4 2 0 -2 -4 -6 5 3 1 -1 -3 -5 6 4 2 0 -2 -4 -6 5 3 1 -1 -3 -5 6 4 2 0 -2 -4 -6 5 3 1 -1 -3 -5 6 4 2 0 -2 -4 -6 5 3 1 -1 -3 -5 6 4 2 0 -2 -4 -6 5 3 1 -1 -3 -5 6 4 2 0 -2 -4 -6 5 3 1 -1 -3 -5 6 4 2 0 -2 -4 -6 5 3 1 -1 -3 -5 6 4 2 0 -2 -4 -6 5 3 1 -1 -3 -5 6 4 2 0 -2 -4 -6 5 3 1 -1 -3 -5 6 4 2 0 -2 -4 -6 5 3 1 -1 -3 -5 6 4 2 0 -2 -4 -6 5 3 1 -1 -3 -5 6 4 2 0 -2 -4 -6 5 3 1 -1 -3 -5 6 4 2 0 -2 -4 -6 5 3 1 -1 -3 -5 6 4 2 0 -2 -4 -6 5 3 1 -1 -3 -5 6 4 2 0 -2 -4 -6 5 3 1 -1 -3 -5 6 4 2 0 -2 -4 -6 5 3 1 -1 -3 -5 6 4 2 0 -2 -4 -6 5 3 1 -1 -3 -5 6 4 2 0 -2 -4 -6 5 3 1 -1 -3 -5 6 4 2 0 -2 -4 -6 5 3 1 -1
3 1 -1 -3 -5 6 4 2 0 -2 -4 -6 5 3 1 -1 -3 -5 6 4 2 0 -2 -4 -6 5 3 1 -1 -3 -5 6 4 2 0 -2 -4 -6 5 3 1 -1 -3 -5 6 4 2 0 -2 -4 -6 5 3 1 -1 -3 -5 6 4 2 0 -2 -4 -6 5 3 1 -1 -3 -5 6 4 2 0 -2 -4 -6 5 3 1 -1 -3 -5 6 4 2 0 -2 -4 -6 5 3 1 -1 -3 -5 6 4 2 0 -2 -4 -6 5 3 1 -1 -3 -5 6 4 2 0 -2 -4 -6 5 3 1 -1 -3 -5 6 4 2 0 -2 -4 -6 5 3 1 -1 -3 -5 6 4 2 0 -2 -4 -6 5 3 1 -1 -3 -5 6 4 2 0 -2 -4 -6 5 3 1 -1 -3 -5 6 4 2 0 -2 -4 -6 5 3 1 -1 -3 -5 6 4 2 0 -2 -4 -6 5 3 1 -1 -3 -5 6 4 2 0 -2 -4 -6 5 3 1 -1 -3 -5 6 4 2 0 -2 -4 -6 5 3 1 -1 -3 -5 6 4 2 0 -2 -4 -6 5 3 1 -1 -3 -5 6 4 2 0 -2 -4 -6 5 3 1 -1 -3 -5 6 4 2 0 -2 -4 -6 5 3 1 -1 -3 -5 6 4 2 0 -2 -4 -6 5 3 1 -1 -3 -5 6 4 2 0 -2 -4 -6 5 3 1 -1 -3 -5 6 4 2 0 -2 -4 -6 5 3 1 -1 -3 -5 6 4 2 0 -2 -4 -6 5 3 1 -1 -3 -5 6 4 2 0 -2 -4 -6 5 3 1 -1 -3 -5 6 4 2 0 -2 -4 -6 5 3 1 -1 -3 -5 6 4 2 0 -2 -4 -6 5 3 1 -1 -3 -5 6 4 2 0 -2 -4 -6 5 3 1 -1 -3 -5 6 4 2 0 -2 -4 -6 5 3 1 -1 -3 -5 6 4 2 0 -2 -4 -6 5 3 1 -1 -3 -5 6 4 2 0 -2 -4 -6 5 3 1 -1 -3 -5 6 4 2 0 -2 -4 -6 5 3 1 -1 -3 -5 6 4 2 0 -2 -4 -6 5 3 1 -1 -3 -5 6 4 2 0 -2 -4 -6 5 3 1 -1 -3 -5 6 4 2 0 -2 -4 -6 5 3 1 -1 -3 -5 6 4 2 0 -2 -4 -6 5 3 1 -1 -3 -5 6 4 2 0 -2 -4 -6 5 3 1 -1 -3 -5 6 4 2 0 -2 -4 -6 5 3 1 -1 -3 -5 6 4 2 0 -2 -4 -6 5 3 1 -1 -3 -5 6
-3 -5 6 4 2 0 -2 -4 -6 5 3 1 -1 -3 -5 6 4 2 0 -2 -4 -6 5 3 1 -1 -3 -5 6 4 2 0 -2 -4 -6 5 3 1 -1 -3 -5 6 4 2 0 -2 -4 -6 5 3 1 -1 -3 -5 6 4 2 0 -2 -4 -6 5 3 1 -1 -3 -5 6 4 2 0 -2 -4 -6 5 3 1 -1 -3 -5 6 4 2 0 -2 -4 -6 5 3 1 -1 -3 -5 6 4 2 0 -2 -4 -6 5 3 1 -1 -3 -5 6 4 2 0 -2 -4 -6 5 3 1 -1 -3 -5 6 4 2 0 -2 -4 -6 5 3 1 -1 -3 -5 6 4 2 0 -2 -4 -6 5 3 1 -1 -3 -5 6 4 2 0 -2 -4 -6 5 3 1 -1 -3 -5 6 4 2 0 -2 -4 -6 5 3 1 -1 -3 -5 6 4 2 0 -2 -4 -6 5 3 1 -1 -3 -5 6 4 2 0 -2 -4 -6 5 3 1 -1 -3 -5 6 4 2 0 -2 -4 -6 5 3 1 -1 -3 -5 6 4 2 0 -2 -4 -6 5 3 1 -1 -3 -5 6 4 2 0 -2 -4 -6 5 3 1 -1 -3 -5 6 4 2 0 -2 -4 -6 5 3 1 -1 -3 -5 6 4 2 0 -2 -4 -6 5 3 1 -1 -3 -5 6 4 2 0 -2 -4 -6 5 3 1 -1 -3 -5 6 4 2 0 -2 -4 -6 5 3 1 -1 -3 -5 6 4 2 0 -2 -4 -6 5 3 1 -1 -3 -5 6 4 2 0 -2 -4 -6 5 3 1 -1 -3 -5 6 4 2 0 -2 -4 -6 5 3 1 -1 -3 -5 6 4 2 0 -2 -4 -6 5 3 1 -1 -3 -5 6 4 2 0 -2 -4 -6 5 3 1 -1 -3 -5 6 4 2 0 -2 -4 -6 5 3 1 -1 -3 -5 6 4 2 0 -2 -4 -6 5 3 1 -1 -3 -5 6 4 2 0 -2 -4 -6 5 3 1 -1 -3 -5 6 4 2 0 -2 -4 -6 5 3 1 -1 -3 -5 6 4 2 0 -2 -4 -6 5 3 1 -1 -3 -5 6 4 2 0 -2 -4 -6 5 3 1 -1 -3 -5 6 4 2 0 -2 -4 -6 5 3 1 -1 -3 -5 6 4 2 0 -2 -4 -6 5 3 1 -1 -3 -5 6 4 2 0 -2 -4 -6 5 3 1 -1 -3 -5 6 4 2 0 -2 -4 -6 5 3 1 -1 -3 -5 6 4 2 0 -2 -4 -6 5 3 1 -1 -3 -5 6 4 2 0
4 2 0 -2 -4 -6 5 3 1 -1 -3 -5 6 4 2 0 -2 -4 -6 5 3 1 -1 -3 -5 6 4 2 0 -2 -4 -6 5 3 1 -1 -3 -5 6 4 2 0 -2 -4 -6 5 3 1 -1 -3 -5 6 4 2 0 -2 -4 -6 5 3 1 -1 -3 -5 6 4 2 0 -2 -4 -6 5 3 1 -1 -3 -5 6 4 2 0 -2 -4 -6 5 3 1 -1 -3 -5 6 4 2 0 -2 -4 -6 5 3 1 -1 -3 -5 6 4 2 0 -2 -4 -6 5 3 1 -1 -3 -5 6 4 2 0 -2 -4 -6 5 3 1 -1 -3 -5 6 4 2 0 -2 -4 -6 5 3 1 -1 -3 -5 6 4 2 0 -2 -4 -6 5 3 1 -1 -3 -5 6 4 2 0 -2 -4 -6 5 3 1 -1 -3 -5 6 4 2 0 -2 -4 -6 5 3 1 -1 -3 -5 6 4 2 0 -2 -4 -6 5 3 1 -1 -3 -5 6 4 2 0 -2 -4 -6 5 3 1 -1 -3 -5 6 4 2 0 -2 -4 -6 5 3 1 -1 -3 -5 6 4 2 0 -2 -4 -6 5 3 1 -1 -3 -5 6 4 2 0 -2 -4 -6 5 3 1 -1 -3 -5 6 4 2 0 -2 -4 -6 5 3 1 -1 -3 -5 6 4 2 0 -2 -4 -6 5 3 1 -1 -3 -5 6 4 2 0 -2 -4 -6 5 3 1 -1 -3 -5 6 4 2 0 -2 -4 -6 5 3 1 -1 -3 -5 6 4 2 0 -2 -4 -6 5 3 1 -1 -3 -5 6 4 2 0 -2 -4 -6 5 3 1 -1 -3 -5 6 4 2 0 -2 -4 -6 5 3 1 -1 -3 -5 6 4 2 0 -2 -4 -6 5 3 1 -1 -3 -5 6 4 2 0 -2 -4 -6 5 3 1 -1 -3 -5 6 4 2 0 -2 -4 -6 5 3 1 -1 -3 -5 6 4 2 0 -2 -4 -6 5 3 1 -1 -3 -5 6 4 2 0 -2 -4 -6 5 3 1 -1 -3 -5 6 4 2 0 -2 -4 -6 5 3 1 -1 -3 -5 6 4 2 0 -2 -4 -6 5 3 1 -1 -3 -5 6 4 2 0 -2 -4 -6 5 3 1 -1 -3 -5 6 4 2 0 -2 -4 -6 5 3 1 -1 -3 -5 6 4 2 0 -2 -4 -6 5 3 1 -1 -3 -5 6 4 2 0 -2 -4 -6 5 3 1 -1 -3 -5 6 4 2 0 -2 -4 -6 5 3 1 -1 -3 -5 6 4 2 0 -2 -4 -6
-2 -4 -6 5 3 1 -1 -3 -5 6 4 2 0 -2 -4 -6 5 3 1 -1 -3 -5 6 4 2 0 -2 -4 -6 5 3 1 -1 -3 -5 6 4 2 0 -2 -4 -6 5 3 1 -1 -3 -5 6 4 2 0 -2 -4 -6 5 3 1 -1 -3 -5 6 4 2 0 -2 -4 -6 5 3 1 -1 -3 -5 6 4 2 0 -2 -4 -6 5 3 1 -1 -3 -5 6 4 2 0 -2 -4 -6 5 3 1 -1 -3 -5 6 4 2 0 -2 -4 -6 5 3 1 -1 -3 -5 6 4 2 0 -2 -4 -6 5 3 1 -1 -3 -5 6 4 2 0 -2 -4 -6 5 3 1 -1 -3 -5 6 4 2 0 -2 -4 -6 5 3 1 -1 -3 -5 6 4 2 0 -2 -4 -6 5 3 1 -1 -3 -5 6 4 2 0 -2 -4 -6 5 3 1 -1 -3 -5 6 4 2 0 -2 -4 -6 5 3 1 -1 -3 -5 6 4 2 0 -2 -4 -6 5 3 1 -1 -3 -5 6 4 2 0 -2 -4 -6 5 3 1 -1 -3 -5 6 4 2 0 -2 -4 -6 5 3 1 -1 -3 -5 6 4 2 0 -2 -4 -6 5 3 1 -1 -3 -5 6 4 2 0 -2 -4 -6 5 3 1 -1 -3 -5 6 4 2 0 -2 -4 -6 5 3 1 -1 -3 -5 6 4 2 0 -2 -4 -6 5 3 1 -1 -3 -5 6 4 2 0 -2 -4 -6 5 3 1 -1 -3 -5 6 4 2 0 -2 -4 -6 5 3 1 -1 -3 -5 6 4 2 0 -2 -4 -6 5 3 1 -1 -3 -5 6 4 2 0 -2 -4 -6 5 3 1 -1 -3 -5 6 4 2 0 -2 -4 -6 5 3 1 -1 -3 -5 6 4 2 0 -2 -4 -6 5 3 1 -1 -3 -5 6 4 2 0 -2 -4 -6 5 3 1 -1 -3 -5 6 4 2 0 -2 -4 -6 5 3 1 -1 -3 -5 6 4 2 0 -2 -4 -6 5 3 1 -1 -3 -5 6 4 2 0 -2 -4 -6 5 3 1 -1 -3 -5 6 4 2 0 -2 -4 -6 5 3 1 -1 -3 -5 6 4 2 0 -2 -4 -6 5 3 1 -1 -3 -5 6 4 2 0 -2 -4 -6 5 3 1 -1 -3 -5 6 4 2 0 -2 -4 -6 5 3 1 -1 -3 -5 6 4 2 0 -2 -4 -6 5 3 1 -1 -3 -5 6 4 2 0 -2 -4 -6 5 3 1 -1 -3 -5 6 4 2 0 -2 -4 -6 5 3 1
5 3 1 -1 -3 -5 6 4 2 0 -2 -4 -6 5 3 1 -1 -3 -5 6 4 2 0 -2 -4 -6 5 3 1 -1 -3 -5 6 4 2 0 -2 -4 -6 5 3 1 -1 -3 -5 6 4 2 0 -2 -4 -6 5 3 1 -1 -3 -5 6 4 2 0 -2 -4 -6 5 3 1 -1 -3 -5 6 4 2 0 -2 -4 -6 5 3 1 -1 -3 -5 6 4 2 0 -2 -4 -6 5 3 1 -1 -3 -5 6 4 2 0 -2 -4 -6 5 3 1 -1 -3 -5 6 4 2 0 -2 -4 -6 5 3 1 -1 -3 -5 6 4 2 0 -2 -4 -6 5 3 1 -1 -3 -5 6 4 2 0 -2 -4 -6 5 3 1 -1 -3 -5 6 4 2 0 -2 -4 -6 5 3 1 -1 -3 -5 6 4 2 0 -2 -4 -6 5 3 1 -1 -3 -5 6 4 2 0 -2 -4 -6 5 3 1 -1 -3 -5 6 4 2 0 -2 -4 -6 5 3 1 -1 -3 -5 6 4 2 0 -2 -4 -6 5 3 1 -1 -3 -5 6 4 2 0 -2 -4 -6 5 3 1 -1 -3 -5 6 4 2 0 -2 -4 -6 5 3 1 -1 -3 -5 6 4 2 0 -2 -4 -6 5 3 1 -1 -3 -5 6 4 2 0 -2 -4 -6 5 3 1 -1 -3 -5 6 4 2 0 -2 -4 -6 5 3 1 -1 -3 -5 6 4 2 0 -2 -4 -6 5 3 1 -1 -3 -5 6 4 2 0 -2 -4 -6 5 3 1 -1 -3 -5 6 4 2 0 -2 -4 -6 5 3 1 -1 -3 -5 6 4 2 0 -2 -4 -6 5 3 1 -1 -3 -5 6 4 2 0 -2 -4 -6 5 3 1 -1 -3 -5 6 4 2 0 -2 -4 -6 5 3 1 -1 -3 -5 6 4 2 0 -2 -4 -6 5 3 1 -1 -3 -5 6 4 2 0 -2 -4 -6 5 3 1 -1 -3 -5 6 4 2 0 -2 -4 -6 5 3 1 -1 -3 -5 6 4 2 0 -2 -4 -6 5 3 1 -1 -3 -5 6 4 2 0 -2 -4 -6 5 3 1 -1 -3 -5 6 4 2 0 -2 -4 -6 5 3 1 -1 -3 -5 6 4 2 0 -2 -4 -6 5 3 1 -1 -3 -5 6 4 2 0 -2 -4 -6 5 3 1 -1 -3 -5 6 4 2 0 -2 -4 -6 5 3 1 -1 -3 -5 6 4 2 0 -2 -4 -6 5 3 1 -1 -3 -5 6 4 2 0 -2 -4 -6 5 3 1 -1 -3 -5
-1 -3 -5 6 4 2 0 -2 -4 -6 5 3 1 -1 -3 -5 6 4 2 0 -2 -4 -6 5 3 1 -1 -3 -5 6 4 2 0 -2 -4 -6 5 3 1 -1 -3 -5 6 4 2 0 -2 -4 -6 5 3 1 -1 -3 -5 6 4 2 0 -2 -4 -6 5 3 1 -1 -3 -5 6 4 2 0 -2 -4 -6 5 3 1 -1 -3 -5 6 4 2 0 -2 -4 -6 5 3 1 -1 -3 -5 6 4 2 0 -2 -4 -6 5 3 1 -1 -3 -5 6 4 2 0 -2 -4 -6 5 3 1 -1 -3 -5 6 4 2 0 -2 -4 -6 5 3 1 -1 -3 -5 6 4 2 0 -2 -4 -6 5 3 1 -1 -3 -5 6 4 2 0 -2 -4 -6 5 3 1 -1 -3 -5 6 4 2 0 -2 -4 -6 5 3 1 -1 -3 -5 6 4 2 0 -2 -4 -6 5 3 1 -1 -3 -5 6 4 2 0 -2 -4 -6 5 3 1 -1 -3 -5 6 4 2 0 -2 -4 -6 5 3 1 -1 -3 -5 6 4 2 0 -2 -4 -6 5 3 1 -1 -3 -5 6 4 2 0 -2 -4 -6 5 3 1 -1 -3 -5 6 4 2 0 -2 -4 -6 5 3 1 -1 -3 -5 6 4 2 0 -2 -4 -6 5 3 1 -1 -3 -5 6 4 2 0 -2 -4 -6 5 3 1 -1 -3 -5 6 4 2 0 -2 -4 -6 5 3 1 -1 -3 -5 6 4 2 0 -2 -4 -6 5 3 1 -1 -3 -5 6 4 2 0 -2 -4 -6 5 3 1 -1 -3 -5 6 4 2 0 -2 -4 -6 5 3 1 -1 -3 -5 6 4 2 0 -2 -4 -6 5 3 1 -1 -3 -5 6 4 2 0 -2 -4 -6 5 3 1 -1 -3 -5 6 4 2 0 -2 -4 -6 5 3 1 -1 -3 -5 6 4 2 0 -2 -4 -6 5 3 1 -1 -3 -5 6 4 2 0 -2 -4 -6 5 3 1 -1 -3 -5 6 4 2 0 -2 -4 -6 5 3 1 -1 -3 -5 6 4 2 0 -2 -4 -6 5 3 1 -1 -3 -5 6 4 2 0 -2 -4 -6 5 3 1 -1 -3 -5 6 4 2 0 -2 -4 -6 5 3 1 -1 -3 -5 6 4 2 0 -2 -4 -6 5 3 1 -1 -3 -5 6 4 2 0 -2 -4 -6 5 3 1 -1 -3 -5 6 4 2 0 -2 -4 -6 5 3 1 -1 -3 -5 6 4 2 0 -2 -4 -6 5 3 1 -1 -3 -5 6 4 2
6 4 2 0 -2 -4 -6 5 3 1 -1 -3 -5 6 4 2 0 -2 -4 -6 5 3 1 -1 -3 -5 6 4 2 0 -2 -4 -6 5 3 1 -1 -3 -5 6 4 2 0 -2 -4 -6 5 3 1 -1 -3 -5 6 4 2 0 -2 -4 -6 5 3 1 -1 -3 -5 6 4 2 0 -2 -4 -6 5 3 1 -1 -3 -5 6 4 2 0 -2 -4 -6 5 3 1 -1 -3 -5 6 4 2 0 -2 -4 -6 5 3 1 -1 -3 -5 6 4 2 0 -2 -4 -6 5 3 1 -1 -3 -5 6 4 2 0 -2 -4 -6 5 3 1 -1 -3 -5 6 4 2 0 -2 -4 -6 5 3 1 -1 -3 -5 6 4 2 0 -2 -4 -6 5 3 1 -1 -3 -5 6 4 2 0 -2 -4 -6 5 3 1 -1 -3 -5 6 4 2 0 -2 -4 -6 5 3 1 -1 -3 -5 6 4 2 0 -2 -4 -6 5 3 1 -1 -3 -5 6 4 2 0 -2 -4 -6 5 3 1 -1 -3 -5 6 4 2 0 -2 -4 -6 5 3 1 -1 -3 -5 6 4 2 0 -2 -4 -6 5 3 1 -1 -3 -5 6 4 2 0 -2 -4 -6 5 3 1 -1 -3 -5 6 4 2 0 -2 -4 -6 5 3 1 -1 -3 -5 6 4 2 0 -2 -4 -6 5 3 1 -1 -3 -5 6 4 2 0 -2 -4 -6 5 3 1 -1 -3 -5 6 4 2 0 -2 -4 -6 5 3 1 -1 -3 -5 6 4 2 0 -2 -4 -6 5 3 1 -1 -3 -5 6 4 2 0 -2 -4 -6 5 3 1 -1 -3 -5 6 4 2 0 -2 -4 -6 5 3 1 -1 -3 -5 6 4 2 0 -2 -4 -6 5 3 1 -1 -3 -5 6 4 2 0 -2 -4 -6 5 3 1 -1 -3 -5 6 4 2 0 -2 -4 -6 5 3 1 -1 -3 -5 6 4 2 0 -2 -4 -6 5 3 1 -1 -3 -5 6 4 2 0 -2 -4 -6 5 3 1 -1 -3 -5 6 4 2 0 -2 -4 -6 5 3 1 -1 -3 -5 6 4 2 0 -2 -4 -6 5 3 1 -1 -3 -5 6 4 2 0 -2 -4 -6 5 3 1 -1 -3 -5 6 4 2 0 -2 -4 -6 5 3 1 -1 -3 -5 6 4 2 0 -2 -4 -6 5 3 1 -1 -3 -5 6 4 2 0 -2 -4 -6 5 3 1 -1 -3 -5 6 4 2 0 -2 -4 -6 5 3 1 -1 -3 -5 6 4 2 0 -2 -4
0 -2 -4 -6 5 3 1 -1 -3 -5 6 4 2 0 -2 -4 -6 5 3 1 -1 -3 -5 6 4 2 0 -2 -4 -6 5 3 1 -1 -3 -5 6 4 2 0 -2 -4 -6 5 3 1 -1 -3 -5 6 4 2 0 -2 -4 -6 5 3 1 -1 -3 -5 6 4 2 0 -2 -4 -6 5 3 1 -1 -3 -5 6 4 2 0 -2 -4 -6 5 3 1 -1 -3 -5 6 4 2 0 -2 -4 -6 5 3 1 -1 -3 -5 6 4 2 0 -2 -4 -6 5 3 1 -1 -3 -5 6 4 2 0 -2 -4 -6 5 3 1 -1 -3 -5 6 4 2 0 -2 -4 -6 5 3 1 -1 -3 -5 6 4 2 0 -2 -4 -6 5 3 1 -1 -3 -5 6 4 2 0 -2 -4 -6 5 3 1 -1 -3 -5 6 4 2 0 -2 -4 -6 5 3 1 -1 -3 -5 6 4 2 0 -2 -4 -6 5 3 1 -1 -3 -5 6 4 2 0 -2 -4 -6 5 3 1 -1 -3 -5 6 4 2 0 -2 -4 -6 5 3 1 -1 -3 -5 6 4 2 0 -2 -4 -6 5 3 1 -1 -3 -5 6 4 2 0 -2 -4 -6 5 3 1 -1 -3 -5 6 4 2 0 -2 -4 -6 5 3 1 -1 -3 -5 6 4 2 0 -2 -4 -6 5 3 1 -1 -3 -5 6 4 2 0 -2 -4 -6 5 3 1 -1 -3 -5 6 4 2 0 -2 -4 -6 5 3 1 -1 -3 -5 6 4 2 0 -2 -4 -6 5 3 1 -1 -3 -5 6 4 2 0 -2 -4 -6 5 3 1 -1 -3 -5 6 4 2 0 -2 -4 -6 5 3 1 -1 -3 -5 6 4 2 0 -2 -4 -6 5 3 1 -1 -3 -5 6 4 2 0 -2 -4 -6 5 3 1 -1 -3 -5 6 4 2 0 -2 -4 -6 5 3 1 -1 -3 -5 6 4 2 0 -2 -4 -6 5 3 1 -1 -3 -5 6 4 2 0 -2 -4 -6 5 3 1 -1 -3 -5 6 4 2 0 -2 -4 -6 5 3 1 -1 -3 -5 6 4 2 0 -2 -4 -6 5 3 1 -1 -3 -5 6 4 2 0 -2 -4 -6 5 3 1 -1 -3 -5 6 4 2 0 -2 -4 -6 5 3 1 -1 -3 -5 6 4 2 0 -2 -4 -6 5 3 1 -1 -3 -5 6 4 2 0 -2 -4 -6 5 3 1 -1 -3 -5 6 4 2 0 -2 -4 -6 5 3 1 -1 -3 -5 6 4 2 0 -2 -4 -6 5 3
-6 5 3 1 -1 -3 -5 6 4 2 0 -2 -4 -6 5 3 1 -1 -3 -5 6 4 2 0 -2 -4 -6 5 3 1 -1 -3 -5 6 4 2 0 -2 -4 -6 5 3 1 -1 -3 -5 6 4 2 0 -2 -4 -6 5 3 1 -1 -3 -5 6 4 2 0 -2 -4 -6 5 3 1 -1 -3 -5 6 4 2 0 -2 -4 -6 5 3 1 -1 -3 -5 6 4 2 0 -2 -4 -6 5 3 1 -1 -3 -5 6 4 2 0 -2 -4 -6 5 3 1 -1 -3 -5 6 4 2 0 -2 -4 -6 5 3 1 -1 -3 -5 6 4 2 0 -2 -4 -6 5 3 1 -1 -3 -5 6 4 2 0 -2 -4 -6 5 3 1 -1 -3 -5 6 4 2 0 -2 -4 -6 5 3 1 -1 -3 -5 6 4 2 0 -2 -4 -6 5 3 1 -1 -3 -5 6 4 2 0 -2 -4 -6 5 3 1 -1 -3 -5 6 4 2 0 -2 -4 -6 5 3 1 -1 -3 -5 6 4 2 0 -2 -4 -6 5 3 1 -1 -3 -5 6 4 2 0 -2 -4 -6 5 3 1 -1 -3 -5 6 4 2 0 -2 -4 -6 5 3 1 -1 -3 -5 6 4 2 0 -2 -4 -6 5 3 1 -1 -3 -5 6 4 2 0 -2 -4 -6 5 3 1 -1 -3 -5 6 4 2 0 -2 -4 -6 5 3 1 -1 -3 -5 6 4 2 0 -2 -4 -6 5 3 1 -1 -3 -5 6 4 2 0 -2 -4 -6 5 3 1 -1 -3 -5 6 4 2 0 -2 -4 -6 5 3 1 -1 -3 -5 6 4 2 0 -2 -4 -6 5 3 1 -1 -3 -5 6 4 2 0 -2 -4 -6 5 3 1 -1 -3 -5 6 4 2 0 -2 -4 -6 5 3 1 -1 -3 -5 6 4 2 0 -2 -4 -6 5 3 1 -1 -3 -5 6 4 2 0 -2 -4 -6 5 3 1 -1 -3 -5 6 4 2 0 -2 -4 -6 5 3 1 -1 -3 -5 6 4 2 0 -2 -4 -6 5 3 1 -1 -3 -5 6 4 2 0 -2 -4 -6 5 3 1 -1 -3 -5 6 4 2 0 -2 -4 -6 5 3 1 -1 -3 -5 6 4 2 0 -2 -4 -6 5 3 1 -1 -3 -5 6 4 2 0 -2 -4 -6 5 3 1 -1 -3 -5 6 4 2 0 -2 -4 -6 5 3 1 -1 -3 -5 6 4 2 0 -2 -4 -6 5 3 1 -1 -3 -5 6 4 2 0 -2 -4 -6 5 3 1 -1 -3
1 -1 -3 -5 6 4 2 0 -2 -4 -6 5 3 1 -1 -3 -5 6 4 2 0 -2 -4 -6 5 3 1 -1 -3 -5 6 4 2 0 -2 -4 -6 5 3 1 -1 -3 -5 6 4 2 0 -2 -4 -6 5 3 1 -1 -3 -5 6 4 2 0 -2 -4 -6 5 3 1 -1 -3 -5 6 4 2 0 -2 -4 -6 5 3 1 -1 -3 -5 6 4 2 0 -2 -4 -6 5 3 1 -1 -3 -5 6 4 2 0 -2 -4 -6 5 3 1 -1 -3 -5 6 4 2 0 -2 -4 -6 5 3 1 -1 -3 -5 6 4 2 0 -2 -4 -6 5 3 1 -1 -3 -5 6 4 2 0 -2 -4 -6 5 3 1 -1 -3 -5 6 4 2 0 -2 -4 -6 5 3 1 -1 -3 -5 6 4 2 0 -2 -4 -6 5 3 1 -1 -3 -5 6 4 2 0 -2 -4 -6 5 3 1 -1 -3 -5 6 4 2 0 -2 -4 -6 5 3 1 -1 -3 -5 6 4 2 0 -2 -4 -6 5 3 1 -1 -3 -5 6 4 2 0 -2 -4 -6 5 3 1 -1 -3 -5 6 4 2 0 -2 -4 -6 5 3 1 -1 -3 -5 6 4 2 0 -2 -4 -6 5 3 1 -1 -3 -5 6 4 2 0 -2 -4 -6 5 3 1 -1 -3 -5 6 4 2 0 -2 -4 -6 5 3 1 -1 -3 -5 6 4 2 0 -2 -4 -6 5 3 1 -1 -3 -5 6 4 2 0 -2 -4 -6 5 3 1 -1 -3 -5 6 4 2 0 -2 -4 -6 5 3 1 -1 -3 -5 6 4 2 0 -2 -4 -6 5 3 1 -1 -3 -5 6 4 2 0 -2 -4 -6 5 3 1 -1 -3 -5 6 4 2 0 -2 -4 -6 5 3 1 -1 -3 -5 6 4 2 0 -2 -4 -6 5 3 1 -1 -3 -5 6 4 2 0 -2 -4 -6 5 3 1 -1 -3 -5 6 4 2 0 -2 -4 -6 5 3 1 -1 -3 -5 6 4 2 0 -2 -4 -6 5 3 1 -1 -3 -5 6 4 2 0 -2 -4 -6 5 3 1 -1 -3 -5 6 4 2 0 -2 -4 -6 5 3 1 -1 -3 -5 6 4 2 0 -2 -4 -6 5 3 1 -1 -3 -5 6 4 2 0 -2 -4 -6 5 3 1 -1 -3 -5 6 4 2 0 -2 -4 -6 5 3 1 -1 -3 -5 6 4 2 0 -2 -4 -6 5 3 1 -1 -3 -5 6 4 2 0 -2 -4 -6 5 3 1 -1 -3 -5 6 4
-5 6 4 2 0 -2 -4 -6 5 3 1 -1 -3 -5 6 4 2 0 -2 -4 -6 5 3 1 -1 -3 -5 6 4 2 0 -2 -4 -6 5 3 1 -1 -3 -5 6 4 2 0 -2 -4 -6 5 3 1 -1 -3 -5 6 4 2 0 -2 -4 -6 5 3 1 -1 -3 -5 6 4 2 0 -2 -4 -6 5 3 1 -1 -3 -5 6 4 2 0 -2 -4 -6 5 3 1 -1 -3 -5 6 4 2 0 -2 -4 -6 5 3 1 -1 -3 -5 6 4 2 0 -2 -4 -6 5 3 1 -1 -3 -5 6 4 2 0 -2 -4 -6 5 3 1 -1 -3 -5 6 4 2 0 -2 -4 -6 5 3 1 -1 -3 -5 6 4 2 0 -2 -4 -6 5 3 1 -1 -3 -5 6 4 2 0 -2 -4 -6 5 3 1 -1 -3 -5 6 4 2 0 -2 -4 -6 5 3 1 -1 -3 -5 6 4 2 0 -2 -4 -6 5 3 1 -1 -3 -5 6 4 2 0 -2 -4 -6 5 3 1 -1 -3 -5 6 4 2 0 -2 -4 -6 5 3 1 -1 -3 -5 6 4 2 0 -2 -4 -6 5 3 1 -1 -3 -5 6 4 2 0 -2 -4 -6 5 3 1 -1 -3 -5 6 4 2 0 -2 -4 -6 5 3 1 -1 -3 -5 6 4 2 0 -2 -4 -6 5 3 1 -1 -3 -5 6 4 2 0 -2 -4 -6 5 3 1 -1 -3 -5 6 4 2 0 -2 -4 -6 5 3 1 -1 -3 -5 6 4 2 0 -2 -4 -6 5 3 1 -1 -3 -5 6 4 2 0 -2 -4 -6 5 3 1 -1 -3 -5 6 4 2 0 -2 -4 -6 5 3 1 -1 -3 -5 6 4 2 0 -2 -4 -6 5 3 1 -1 -3 -5 6 4 2 0 -2 -4 -6 5 3 1 -1 -3 -5 6 4 2 0 -2 -4 -6 5 3 1 -1 -3 -5 6 4 2 0 -2 -4 -6 5 3 1 -1 -3 -5 6 4 2 0 -2 -4 -6 5 3 1 -1 -3 -5 6 4 2 0 -2 -4 -6 5 3 1 -1 -3 -5 6 4 2 0 -2 -4 -6 5 3 1 -1 -3 -5 6 4 2 0 -2 -4 -6 5 3 1 -1 -3 -5 6 4 2 0 -2 -4 -6 5 3 1 -1 -3 -5 6 4 2 0 -2 -4 -6 5 3 1 -1 -3 -5 6 4 2 0 -2 -4 -6 5 3 1 -1 -3 -5 6 4 2 0 -2 -4 -6 5 3 1 -1 -3 -5 6 4 2 0 -2
2 0 -2 -4 -6 5 3 1 -1 -3 -5 6 4 2 0 -2 -4 -6 5 3 1 -1 -3 -5 6 4 2 0 -2 -4 -6 5 3 1 -1 -3 -5 6 4 2 0 -2 -4 -6 5 3 1 -1 -3 -5 6 4 2 0 -2 -4 -6 5 3 1 -1 -3 -5 6 4 2 0 -2 -4 -6 5 3 1 -1 -3 -5 6 4 2 0 -2 -4 -6 5 3 1 -1 -3 -5 6 4 2 0 -2 -4 -6 5 3 1 -1 -3 -5 6 4 2 0 -2 -4 -6 5 3 1 -1 -3 -5 6 4 2 0 -2 -4 -6 5 3 1 -1 -3 -5 6 4 2 0 -2 -4 -6 5 3 1 -1 -3 -5 6 4 2 0 -2 -4 -6 5 3 1 -1 -3 -5 6 4 2 0 -2 -4 -6 5 3 1 -1 -3 -5 6 4 2 0 -2 -4 -6 5 3 1 -1 -3 -5 6 4 2 0 -2 -4 -6 5 3 1 -1 -3 -5 6 4 2 0 -2 -4 -6 5 3 1 -1 -3 -5 6 4 2 0 -2 -4 -6 5 3 1 -1 -3 -5 6 4 2 0 -2 -4 -6 5 3 1 -1 -3 -5 6 4 2 0 -2 -4 -6 5 3 1 -1 -3 -5 6 4 2 0 -2 -4 -6 5 3 1 -1 -3 -5 6 4 2 0 -2 -4 -6 5 3 1 -1 -3 -5 6 4 2 0 -2 -4 -6 5 3 1 -1 -3 -5 6 4 2 0 -2 -4 -6 5 3 1 -1 -3 -5 6 4 2 0 -2 -4 -6 5 3 1 -1 -3 -5 6 4 2 0 -2 -4 -6 5 3 1 -1 -3 -5 6 4 2 0 -2 -4 -6 5 3 1 -1 -3 -5 6 4 2 0 -2 -4 -6 5 3 1 -1 -3 -5 6 4 2 0 -2 -4 -6 5 3 1 -1 -3 -5 6 4 2 0 -2 -4 -6 5 3 1 -1 -3 -5 6 4 2 0 -2 -4 -6 5 3 1 -1 -3 -5 6 4 2 0 -2 -4 -6 5 3 1 -1 -3 -5 6 4 2 0 -2 -4 -6 5 3 1 -1 -3 -5 6 4 2 0 -2 -4 -6 5 3 1 -1 -3 -5 6 4 2 0 -2 -4 -6 5 3 1 -1 -3 -5 6 4 2 0 -2 -4 -6 5 3 1 -1 -3 -5 6 4 2 0 -2 -4 -6 5 3 1 -1 -3 -5 6 4 2 0 -2 -4 -6 5 3 1 -1 -3 -5 6 4 2 0 -2 -4 -6 5 3 1 -1 -3 -5 6 4 2 0 -2 -4 -6 5
-4 -6 5 3 1 -1 -3 -5 6 4 2 0 -2 -4 -6 5 3 1 -1 -3 -5 6 4 2 0 -2 -4 -6 5 3 1 -1 -3 -5 6 4 2 0 -2 -4 -6 5 3 1 -1 -3 -5 6 4 2 0 -2 -4 -6 5 3 1 -1 -3 -5 6 4 2 0 -2 -4 -6 5 3 1 -1 -3 -5 6 4 2 0 -2 -4 -6 5 3 1 -1 -3 -5 6 4 2 0 -2 -4 -6 5 3 1 -1 -3 -5 6 4 2 0 -2 -4 -6 5 3 1 -1 -3 -5 6 4 2 0 -2 -4 -6 5 3 1 -1 -3 -5 6 4 2 0 -2 -4 -6 5 3 1 -1 -3 -5 6 4 2 0 -2 -4 -6 5 3 1 -1 -3 -5 6 4 2 0 -2 -4 -6 5 3 1 -1 -3 -5 6 4 2 0 -2 -4 -6 5 3 1 -1 -3 -5 6 4 2 0 -2 -4 -6 5 3 1 -1 -3 -5 6 4 2 0 -2 -4 -6 5 3 1 -1 -3 -5 6 4 2 0 -2 -4 -6 5 3 1 -1 -3 -5 6 4 2 0 -2 -4 -6 5 3 1 -1 -3 -5 6 4 2 0 -2 -4 -6 5 3 1 -1 -3 -5 6 4 2 0 -2 -4 -6 5 3 1 -1 -3 -5 6 4 2 0 -2 -4 -6 5 3 1 -1 -3 -5 6 4 2 0 -2 -4 -6 5 3 1 -1 -3 -5 6 4 2 0 -2 -4 -6 5 3 1 -1 -3 -5 6 4 2 0 -2 -4 -6 5 3 1 -1 -3 -5 6 4 2 0 -2 -4 -6 5 3 1 -1 -3 -5 6 4 2 0 -2 -4 -6 5 3 1 -1 -3 -5 6 4 2 0 -2 -4 -6 5 3 1 -1 -3 -5 6 4 2 0 -2 -4 -6 5 3 1 -1 -3 -5 6 4 2 0 -2 -4 -6 5 3 1 -1 -3 -5 6 4 2 0 -2 -4 -6 5 3 1 -1 -3 -5 6 4 2 0 -2 -4 -6 5 3 1 -1 -3 -5 6 4 2 0 -2 -4 -6 5 3 1 -1 -3 -5 6 4 2 0 -2 -4 -6 5 3 1 -1 -3 -5 6 4 2 0 -2 -4 -6 5 3 1 -1 -3 -5 6 4 2 0 -2 -4 -6 5 3 1 -1 -3 -5 6 4 2 0 -2 -4 -6 5 3 1 -1 -3 -5 6 4 2 0 -2 -4 -6 5 3 1 -1 -3 -5 6 4 2 0 -2 -4 -6 5 3 1 -1 -3 -5 6 4 2 0 -2 -4 -6 5 3 1 -1
3 1 -1 -3 -5 6 4 2 0 -2 -4 -6 5 3 1 -1 -3 -5 6 4 2 0 -2 -4 -6 5 3 1 -1 -3 -5 6 4 2 0 -2 -4 -6 5 3 1 -1 -3 -5 6 4 2 0 -2 -4 -6 5 3 1 -1 -3 -5 6 4 2 0 -2 -4 -6 5 3 1 -1 -3 -5 6 4 2 0 -2 -4 -6 5 3 1 -1 -3 -5 6 4 2 0 -2 -4 -6 5 3 1 -1 -3 -5 6 4 2 0 -2 -4 -6 5 3 1 -1 -3 -5 6 4 2 0 -2 -4 -6 5 3 1 -1 -3 -5 6 4 2 0 -2 -4 -6 5 3 1 -1 -3 -5 6 4 2 0 -2 -4 -6 5 3 1 -1 -3 -5 6 4 2 0 -2 -4 -6 5 3 1 -1 -3 -5 6 4 2 0 -2 -4 -6 5 3 1 -1 -3 -5 6 4 2 0 -2 -4 -6 5 3 1 -1 -3 -5 6 4 2 0 -2 -4 -6 5 3 1 -1 -3 -5 6 4 2 0 -2 -4 -6 5 3 1 -1 -3 -5 6 4 2 0 -2 -4 -6 5 3 1 -1 -3 -5 6 4 2 0 -2 -4 -6 5 3 1 -1 -3 -5 6 4 2 0 -2 -4 -6 5 3 1 -1 -3 -5 6 4 2 0 -2 -4 -6 5 3 1 -1 -3 -5 6 4 2 0 -2 -4 -6 5 3 1 -1 -3 -5 6 4 2 0 -2 -4 -6 5 3 1 -1 -3 -5 6 4 2 0 -2 -4 -6 5 3 1 -1 -3 -5 6 4 2 0 -2 -4 -6 5 3 1 -1 -3 -5 6 4 2 0 -2 -4 -6 5 3 1 -1 -3 -5 6 4 2 0 -2 -4 -6 5 3 1 -1 -3 -5 6 4 2 0 -2 -4 -6 5 3 1 -1 -3 -5 6 4 2 0 -2 -4 -6 5 3 1 -1 -3 -5 6 4 2 0 -2 -4 -6 5 3 1 -1 -3 -5 6 4 2 0 -2 -4 -6 5 3 1 -1 -3 -5 6 4 2 0 -2 -4 -6 5 3 1 -1 -3 -5 6 4 2 0 -2 -4 -6 5 3 1 -1 -3 -5 6 4 2 0 -2 -4 -6 5 3 1 -1 -3 -5 6 4 2 0 -2 -4 -6 5 3 1 -1 -3 -5 6 4 2 0 -2 -4 -6 5 3 1 -1 -3 -5 6 4 2 0 -2 -4 -6 5 3 1 -1 -3 -5 6 4 2 0 -2 -4 -6 5 3 1 -1 -3 -5 6 4 2 0 -2 -4 -6 5 3 1 -1 -3 -5 6
-3 -5 6 4 2 0 -2 -4 -6 5 3 1 -1 -3 -5 6 4 2 0 -2 -4 -6 5 3 1 -1 -3 -5 6 4 2 0 -2 -4 -6 5 3 1 -1 -3 -5 6 4 2 0 -2 -4 -6 5 3 1 -1 -3 -5 6 4 2 0 -2 -4 -6 5 3 1 -1 -3 -5 6 4 2 0 -2 -4 -6 5 3 1 -1 -3 -5 6 4 2 0 -2 -4 -6 5 3 1 -1 -3 -5 6 4 2 0 -2 -4 -6 5 3 1 -1 -3 -5 6 4 2 0 -2 -4 -6 5 3 1 -1 -3 -5 6 4 2 0 -2 -4 -6 5 3 1 -1 -3 -5 6 4 2 0 -2 -4 -6 5 3 1 -1 -3 -5 6 4 2 0 -2 -4 -6 5 3 1 -1 -3 -5 6 4 2 0 -2 -4 -6 5 3 1 -1 -3 -5 6 4 2 0 -2 -4 -6 5 3 1 -1 -3 -5 6 4 2 0 -2 -4 -6 5 3 1 -1 -3 -5 6 4 2 0 -2 -4 -6 5 3 1 -1 -3 -5 6 4 2 0 -2 -4 -6 5 3 1 -1 -3 -5 6 4 2 0 -2 -4 -6 5 3 1 -1 -3 -5 6 4 2 0 -2 -4 -6 5 3 1 -1 -3 -5 6 4 2 0 -2 -4 -6 5 3 1 -1 -3 -5 6 4 2 0 -2 -4 -6 5 3 1 -1 -3 -5 6 4 2 0 -2 -4 -6 5 3 1 -1 -3 -5 6 4 2 0 -2 -4 -6 5 3 1 -1 -3 -5 6 4 2 0 -2 -4 -6 5 3 1 -1 -3 -5 6 4 2 0 -2 -4 -6 5 3 1 -1 -3 -5 6 4 2 0 -2 -4 -6 5 3 1 -1 -3 -5 6 4 2 0 -2 -4 -6 5 3 1 -1 -3 -5 6 4 2 0 -2 -4 -6 5 3 1 -1 -3 -5 6 4 2 0 -2 -4 -6 5 3 1 -1 -3 -5 6 4 2 0 -2 -4 -6 5 3 1 -1 -3 -5 6 4 2 0 -2 -4 -6 5 3 1 -1 -3 -5 6 4 2 0 -2 -4 -6 5 3 1 -1 -3 -5 6 4 2 0 -2 -4 -6 5 3 1 -1 -3 -5 6 4 2 0 -2 -4 -6 5 3 1 -1 -3 -5 6 4 2 0 -2 -4 -6 5 3 1 -1 -3 -5 6 4 2 0 -2 -4 -6 5 3 1 -1 -3 -5 6 4 2 0 -2 -4 -6 5 3 1 -1 -3 -5 6 4 2 0 -2 -4 -6 5 3 1 -1 -3 -5 6 4 2 0
4 2 0 -2 -4 -6 5 3 1 -1 -3 -5 6 4 2 0 -2 -4 -6 5 3 1 -1 -3 -5 6 4 2 0 -2 -4 -6 5 3 1 -1 -3 -5 6 4 2 0 -2 -4 -6 5 3 1 -1 -3 -5 6 4 2 0 -2 -4 -6 5 3 1 -1 -3 -5 6 4 2 0 -2 -4 -6 5 3 1 -1 -3 -5 6 4 2 0 -2 -4 -6 5 3 1 -1 -3 -5 6 4 2 0 -2 -4 -6 5 3 1 -1 -3 -5 6 4 2 0 -2 -4 -6 5 3 1 -1 -3 -5 6 4 2 0 -2 -4 -6 5 3 1 -1 -3 -5 6 4 2 0 -2 -4 -6 5 3 1 -1 -3 -5 6 4 2 0 -2 -4 -6 5 3 1 -1 -3 -5 6 4 2 0 -2 -4 -6 5 3 1 -1 -3 -5 6 4 2 0 -2 -4 -6 5 3 1 -1 -3 -5 6 4 2 0 -2 -4 -6 5 3 1 -1 -3 -5 6 4 2 0 -2 -4 -6 5 3 1 -1 -3 -5 6 4 2 0 -2 -4 -6 5 3 1 -1 -3 -5 6 4 2 0 -2 -4 -6 5 3 1 -1 -3 -5 6 4 2 0 -2 -4 -6 5 3 1 -1 -3 -5 6 4 2 0 -2 -4 -6 5 3 1 -1 -3 -5 6 4 2 0 -2 -4 -6 5 3 1 -1 -3 -5 6 4 2 0 -2 -4 -6 5 3 1 -1 -3 -5 6 4 2 0 -2 -4 -6 5 3 1 -1 -3 -5 6 4 2 0 -2 -4 -6 5 3 1 -1 -3 -5 6 4 2 0 -2 -4 -6 5 3 1 -1 -3 -5 6 4 2 0 -2 -4 -6 5 3 1 -1 -3 -5 6 4 2 0 -2 -4 -6 5 3 1 -1 -3 -5 6 4 2 0 -2 -4 -6 5 3 1 -1 -3 -5 6 4 2 0 -2 -4 -6 5 3 1 -1 -3 -5 6 4 2 0 -2 -4 -6 5 3 1 -1 -3 -5 6 4 2 0 -2 -4 -6 5 3 1 -1 -3 -5 6 4 2 0 -2 -4 -6 5 3 1 -1 -3 -5 6 4 2 0 -2 -4 -6 5 3 1 -1 -3 -5 6 4 2 0 -2 -4 -6 5 3 1 -1 -3 -5 6 4 2 0 -2 -4 -6 5 3 1 -1 -3 -5 6 4 2 0 -2 -4 -6 5 3 1 -1 -3 -5 6 4 2 0 -2 -4 -6 5 3 1 -1 -3 -5 6 4 2 0 -2 -4 -6 5 3 1 -1 -3 -5 6 4 2 0 -2 -4 -6
-2 -4 -6 5 3 1 -1 -3 -5 6 4 2 0 -2 -4 -6 5 3 1 -1 -3 -5 6 4 2 0 -2 -4 -6 5 3 1 -1 -3 -5 6 4 2 0 -2 -4 -6 5 3 1 -1 -3 -5 6 4 2 0 -2 -4 -6 5 3 1 -1 -3 -5 6 4 2 0 -2 -4 -6 5 3 1 -1 -3 -5 6 4 2 0 -2 -4 -6 5 3 1 -1 -3 -5 6 4 2 0 -2 -4 -6 5 3 1 -1 -3 -5 6 4 2 0 -2 -4 -6 5 3 1 -1 -3 -5 6 4 2 0 -2 -4 -6 5 3 1 -1 -3 -5 6 4 2 0 -2 -4 -6 5 3 1 -1 -3 -5 6 4 2 0 -2 -4 -6 5 3 1 -1 -3 -5 6 4 2 0 -2 -4 -6 5 3 1 -1 -3 -5 6 4 2 0 -2 -4 -6 5 3 1 -1 -3 -5 6 4 2 0 -2 -4 -6 5 3 1 -1 -3 -5 6 4 2 0 -2 -4 -6 5 3 1 -1 -3 -5 6 4 2 0 -2 -4 -6 5 3 1 -1 -3 -5 6 4 2 0 -2 -4 -6 5 3 1 -1 -3 -5 6 4 2 0 -2 -4 -6 5 3 1 -1 -3 -5 6 4 2 0 -2 -4 -6 5 3 1 -1 -3 -5 6 4 2 0 -2 -4 -6 5 3 1 -1 -3 -5 6 4 2 0 -2 -4 -6 5 3 1 -1 -3 -5 6 4 2 0 -2 -4 -6 5 3 1 -1 -3 -5 6 4 2 0 -2 -4 -6 5 3 1 -1 -3 -5 6 4 2 0 -2 -4 -6 5 3 1 -1 -3 -5 6 4 2 0 -2 -4 -6 5 3 1 -1 -3 -5 6 4 2 0 -2 -4 -6 5 3 1 -1 -3 -5 6 4 2 0 -2 -4 -6 5 3 1 -1 -3 -5 6 4 2 0 -2 -4 -6 5 3 1 -1 -3 -5 6 4 2 0 -2 -4 -6 5 3 1 -1 -3 -5 6 4 2 0 -2 -4 -6 5 3 1 -1 -3 -5 6 4 2 0 -2 -4 -6 5 3 1 -1 -3 -5 6 4 2 0 -2 -4 -6 5 3 1 -1 -3 -5 6 4 2 0 -2 -4 -6 5 3 1 -1 -3 -5 6 4 2 0 -2 -4 -6 5 3 1 -1 -3 -5 6 4 2 0 -2 -4 -6 5 3 1 -1 -3 -5 6 4 2 0 -2 -4 -6 5 3 1 -1 -3 -5 6 4 2 0 -2 -4 -6 5 3 1 -1 -3 -5 6 4 2 0 -2 -4 -6 5 3 1
5 3 1 -1 -3 -5 6 4 2 0 -2 -4 -6 5 3 1 -1 -3 -5 6 4 2 0 -2 -4 -6 5 3 1 -1 -3 -5 6 4 2 0 -2 -4 -6 5 3 1 -1 -3 -5 6 4 2 0 -2 -4 -6 5 3 1 -1 -3 -5 6 4 2 0 -2 -4 -6 5 3 1 -1 -3 -5 6 4 2 0 -2 -4 -6 5 3 1 -1 -3 -5 6 4 2 0 -2 -4 -6 5 3 1 -1 -3 -5 6 4 2 0 -2 -4 -6 5 3 1 -1 -3 -5 6 4 2 0 -2 -4 -6 5 3 1 -1 -3 -5 6 4 2 0 -2 -4 -6 5 3 1 -1 -3 -5 6 4 2 0 -2 -4 -6 5 3 1 -1 -3 -5 6 4 2 0 -2 -4 -6 5 3 1 -1 -3 -5 6 4 2 0 -2 -4 -6 5 3 1 -1 -3 -5 6 4 2 0 -2 -4 -6 5 3 1 -1 -3 -5 6 4 2 0 -2 -4 -6 5 3 1 -1 -3 -5 6 4 2 0 -2 -4 -6 5 3 1 -1 -3 -5 6 4 2 0 -2 -4 -6 5 3 1 -1 -3 -5 6 4 2 0 -2 -4 -6 5 3 1 -1 -3 -5 6 4 2 0 -2 -4 -6 5 3 1 -1 -3 -5 6 4 2 0 -2 -4 -6 5 3 1 -1 -3 -5 6 4 2 0 -2 -4 -6 5 3 1 -1 -3 -5 6 4 2 0 -2 -4 -6 5 3 1 -1 -3 -5 6 4 2 0 -2 -4 -6 5 3 1 -1 -3 -5 6 4 2 0 -2 -4 -6 5 3 1 -1 -3 -5 6 4 2 0 -2 -4 -6 5 3 1 -1 -3 -5 6 4 2 0 -2 -4 -6 5 3 1 -1 -3 -5 6 4 2 0 -2 -4 -6 5 3 1 -1 -3 -5 6 4 2 0 -2 -4 -6 5 3 1 -1 -3 -5 6 4 2 0 -2 -4 -6 5 3 1 -1 -3 -5 6 4 2 0 -2 -4 -6 5 3 1 -1 -3 -5 6 4 2 0 -2 -4 -6 5 3 1 -1 -3 -5 6 4 2 0 -2 -4 -6 5 3 1 -1 -3 -5 6 4 2 0 -2 -4 -6 5 3 1 -1 -3 -5 6 4 2 0 -2 -4 -6 5 3 1 -1 -3 -5 6 4 2 0 -2 -4 -6 5 3 1 -1 -3 -5 6 4 2 0 -2 -4 -6 5 3 1 -1 -3 -5 6 4 2 0 -2 -4 -6 5 3 1 -1 -3 -5 6 4 2 0 -2 -4 -6 5 3 1 -1 -3 -5
-1 -3 -5 6 4 2 0 -2 -4 -6 5 3 1 -1 -3 -5 6 4 2 0 -2 -4 -6 5 3 1 -1 -3 -5 6 4 2 0 -2 -4 -6 5 3 1 -1 -3 -5 6 4 2 0 -2 -4 -6 5 3 1 -1 -3 -5 6 4 2 0 -2 -4 -6 5 3 1 -1 -3 -5 6 4 2 0 -2 -4 -6 5 3 1 -1 -3 -5 6 4 2 0 -2 -4 -6 5 3 1 -1 -3 -5 6 4 2 0 -2 -4 -6 5 3 1 -1 -3 -5 6 4 2 0 -2 -4 -6 5 3 1 -1 -3 -5 6 4 2 0 -2 -4 -6 5 3 1 -1 -3 -5 6 4 2 0 -2 -4 -6 5 3 1 -1 -3 -5 6 4 2 0 -2 -4 -6 5 3 1 -1 -3 -5 6 4 2 0 -2 -4 -6 5 3 1 -1 -3 -5 6 4 2 0 -2 -4 -6 5 3 1 -1 -3 -5 6 4 2 0 -2 -4 -6 5 3 1 -1 -3 -5 6 4 2 0 -2 -4 -6 5 3 1 -1 -3 -5 6 4 2 0 -2 -4 -6 5 3 1 -1 -3 -5 6 4 2 0 -2 -4 -6 5 3 1 -1 -3 -5 6 4 2 0 -2 -4 -6 5 3 1 -1 -3 -5 6 4 2 0 -2 -4 -6 5 3 1 -1 -3 -5 6 4 2 0 -2 -4 -6 5 3 1 -1 -3 -5 6 4 2 0 -2 -4 -6 5 3 1 -1 -3 -5 6 4 2 0 -2 -4 -6 5 3 1 -1 -3 -5 6 4 2 0 -2 -4 -6 5 3 1 -1 -3 -5 6 4 2 0 -2 -4 -6 5 3 1 -1 -3 -5 6 4 2 0 -2 -4 -6 5 3 1 -1 -3 -5 6 4 2 0 -2 -4 -6 5 3 1 -1 -3 -5 6 4 2 0 -2 -4 -6 5 3 1 -1 -3 -5 6 4 2 0 -2 -4 -6 5 3 1 -1 -3 -5 6 4 2 0 -2 -4 -6 5 3 1 -1 -3 -5 6 4 2 0 -2 -4 -6 5 3 1 -1 -3 -5 6 4 2 0 -2 -4 -6 5 3 1 -1 -3 -5 6 4 2 0 -2 -4 -6 5 3 1 -1 -3 -5 6 4 2 0 -2 -4 -6 5 3 1 -1 -3 -5 6 4 2 0 -2 -4 -6 5 3 1 -1 -3 -5 6 4 2 0 -2 -4 -6 5 3 1 -1 -3 -5 6 4 2 0 -2 -4 -6 5 3 1 -1 -3 -5 6 4 2 0 -2 -4 -6 5 3 1 -1 -3 -5 6 4 2
6 4 2 0 -2 -4 -6 5 3 1 -1 -3 -5 6 4 2 0 -2 -4 -6 5 3 1 -1 -3 -5 6 4 2 0 -2 -4 -6 5 3 1 -1 -3 -5 6 4 2 0 -2 -4 -6 5 3 1 -1 -3 -5 6 4 2 0 -2 -4 -6 5 3 1 -1 -3 -5 6 4 2 0 -2 -4 -6 5 3 1 -1 -3 -5 6 4 2 0 -2 -4 -6 5 3 1 -1 -3 -5 6 4 2 0 -2 -4 -6 5 3 1 -1 -3 -5 6 4 2 0 -2 -4 -6 5 3 1 -1 -3 -5 6 4 2 0 -2 -4 -6 5 3 1 -1 -3 -5 6 4 2 0 -2 -4 -6 5 3 1 -1 -3 -5 6 4 2 0 -2 -4 -6 5 3 1 -1 -3 -5 6 4 2 0 -2 -4 -6 5 3 1 -1 -3 -5 6 4 2 0 -2 -4 -6 5 3 1 -1 -3 -5 6 4 2 0 -2 -4 -6 5 3 1 -1 -3 -5 6 4 2 0 -2 -4 -6 5 3 1 -1 -3 -5 6 4 2 0 -2 -4 -6 5 3 1 -1 -3 -5 6 4 2 0 -2 -4 -6 5 3 1 -1 -3 -5 6 4 2 0 -2 -4 -6 5 3 1 -1 -3 -5 6 4 2 0 -2 -4 -6 5 3 1 -1 -3 -5 6 4 2 0 -2 -4 -6 5 3 1 -1 -3 -5 6 4 2 0 -2 -4 -6 5 3 1 -1 -3 -5 6 4 2 0 -2 -4 -6 5 3 1 -1 -3 -5 6 4 2 0 -2 -4 -6 5 3 1 -1 -3 -5 6 4 2 0 -2 -4 -6 5 3 1 -1 -3 -5 6 4 2 0 -2 -4 -6 5 3 1 -1 -3 -5 6 4 2 0 -2 -4 -6 5 3 1 -1 -3 -5 6 4 2 0 -2 -4 -6 5 3 1 -1 -3 -5 6 4 2 0 -2 -4 -6 5 3 1 -1 -3 -5 6 4 2 0 -2 -4 -6 5 3 1 -1 -3 -5 6 4 2 0 -2 -4 -6 5 3 1 -1 -3 -5 6 4 2 0 -2 -4 -6 5 3 1 -1 -3 -5 6 4 2 0 -2 -4 -6 5 3 1 -1 -3 -5 6 4 2 0 -2 -4 -6 5 3 1 -1 -3 -5 6 4 2 0 -2 -4 -6 5 3 1 -1 -3 -5 6 4 2 0 -2 -4 -6 5 3 1 -1 -3 -5 6 4 2 0 -2 -4 -6 5 3 1 -1 -3 -5 6 4 2 0 -2 -4 -6 5 3 1 -1 -3 -5 6 4 2 0 -2 -4
0 -2 -4 -6 5 3 1 -1 -3 -5 6 4 2 0 -2 -4 -6 5 3 1 -1 -3 -5 6 4 2 0 -2 -4 -6 5 3 1 -1 -3 -5 6 4 2 0 -2 -4 -6 5 3 1 -1 -3 -5 6 4 2 0 -2 -4 -6 5 3 1 -1 -3 -5 6 4 2 0 -2 -4 -6 5 3 1 -1 -3 -5 6 4 2 0 -2 -4 -6 5 3 1 -1 -3 -5 6 4 2 0 -2 -4 -6 5 3 1 -1 -3 -5 6 4 2 0 -2 -4 -6 5 3 1 -1 -3 -5 6 4 2 0 -2 -4 -6 5 3 1 -1 -3 -5 6 4 2 0 -2 -4 -6 5 3 1 -1 -3 -5 6 4 2 0 -2 -4 -6 5 3 1 -1 -3 -5 6 4 2 0 -2 -4 -6 5 3 1 -1 -3 -5 6 4 2 0 -2 -4 -6 5 3 1 -1 -3 -5 6 4 2 0 -2 -4 -6 5 3 1 -1 -3 -5 6 4 2 0 -2 -4 -6 5 3 1 -1 -3 -5 6 4 2 0 -2 -4 -6 5 3 1 -1 -3 -5 6 4 2 0 -2 -4 -6 5 3 1 -1 -3 -5 6 4 2 0 -2 -4 -6 5 3 1 -1 -3 -5 6 4 2 0 -2 -4 -6 5 3 1 -1 -3 -5 6 4 2 0 -2 -4 -6 5 3 1 -1 -3 -5 6 4 2 0 -2 -4 -6 5 3 1 -1 -3 -5 6 4 2 0 -2 -4 -6 5 3 1 -1 -3 -5 6 4 2 0 -2 -4 -6 5 3 1 -1 -3 -5 6 4 2 0 -2 -4 -6 5 3 1 -1 -3 -5 6 4 2 0 -2 -4 -6 5 3 1 -1 -3 -5 6 4 2 0 -2 -4 -6 5 3 1 -1 -3 -5 6 4 2 0 -2 -4 -6 5 3 1 -1 -3 -5 6 4 2 0 -2 -4 -6 5 3 1 -1 -3 -5 6 4 2 0 -2 -4 -6 5 3 1 -1 -3 -5 6 4 2 0 -2 -4 -6 5 3 1 -1 -3 -5 6 4 2 0 -2 -4 -6 5 3 1 -1 -3 -5 6 4 2 0 -2 -4 -6 5 3 1 -1 -3 -5 6 4 2 0 -2 -4 -6 5 3 1 -1 -3 -5 6 4 2 0 -2 -4 -6 5 3 1 -1 -3 -5 6 4 2 0 -2 -4 -6 5 3 1 -1 -3 -5 6 4 2 0 -2 -4 -6 5 3 1 -1 -3 -5 6 4 2 0 -2 -4 -6 5 3 1 -1 -3 -5 6 4 2 0 -2 -4 -6 5 3
-6 5 3 1 -1 -3 -5 6 4 2 0 -2 -4 -6 5 3 1 -1 -3 -5 6 4 2 0 -2 -4 -6 5 3 1 -1 -3 -5 6 4 2 0 -2 -4 -6 5 3 1 -1 -3 -5 6 4 2 0 -2 -4 -6 5 3 1 -1 -3 -5 6 4 2 0 -2 -4 -6 5 3 1 -1 -3 -5 6 4 2 0 -2 -4 -6 5 3 1 -1 -3 -5 6 4 2 0 -2 -4 -6 5 3 1 -1 -3 -5 6 4 2 0 -2 -4 -6 5 3 1 -1 -3 -5 6 4 2 0 -2 -4 -6 5 3 1 -1 -3 -5 6 4 2 0 -2 -4 -6 5 3 1 -1 -3 -5 6 4 2 0 -2 -4 -6 5 3 1 -1 -3 -5 6 4 2 0 -2 -4 -6 5 3 1 -1 -3 -5 6 4 2 0 -2 -4 -6 5 3 1 -1 -3 -5 6 4 2 0 -2 -4 -6 5 3 1 -1 -3 -5 6 4 2 0 -2 -4 -6 5 3 1 -1 -3 -5 6 4 2 0 -2 -4 -6 5 3 1 -1 -3 -5 6 4 2 0 -2 -4 -6 5 3 1 -1 -3 -5 6 4 2 0 -2 -4 -6 5 3 1 -1 -3 -5 6 4 2 0 -2 -4 -6 5 3 1 -1 -3 -5 6 4 2 0 -2 -4 -6 5 3 1 -1 -3 -5 6 4 2 0 -2 -4 -6 5 3 1 -1 -3 -5 6 4 2 0 -2 -4 -6 5 3 1 -1 -3 -5 6 4 2 0 -2 -4 -6 5 3 1 -1 -3 -5 6 4 2 0 -2 -4 -6 5 3 1 -1 -3 -5 6 4 2 0 -2 -4 -6 5 3 1 -1 -3 -5 6 4 2 0 -2 -4 -6 5 3 1 -1 -3 -5 6 4 2 0 -2 -4 -6 5 3 1 -1 -3 -5 6 4 2 0 -2 -4 -6 5 3 1 -1 -3 -5 6 4 2 0 -2 -4 -6 5 3 1 -1 -3 -5 6 4 2 0 -2 -4 -6 5 3 1 -1 -3 -5 6 4 2 0 -2 -4 -6 5 3 1 -1 -3 -5 6 4 2 0 -2 -4 -6 5 3 1 -1 -3 -5 6 4 2 0 -2 -4 -6 5 3 1 -1 -3 -5 6 4 2 0 -2 -4 -6 5 3 1 -1 -3 -5 6 4 2 0 -2 -4 -6 5 3 1 -1 -3 -5 6 4 2 0 -2 -4 -6 5 3 1 -1 -3 -5 6 4 2 0 -2 -4 -6 5 3 1 -1 -3 -5 6 4 2 0 -2 -4 -6 5 3 1 -1 -3
1 -1 -3 -5 6 4 2 0 -2 -4 -6 5 3 1 -1 -3 -5 6 4 2 0 -2 -4 -6 5 3 1 -1 -3 -5 6 4 2 0 -2 -4 -6 5 3 1 -1 -3 -5 6 4 2 0 -2 -4 -6 5 3 1 -1 -3 -5 6 4 2 0 -2 -4 -6 5 3 1 -1 -3 -5 6 4 2 0 -2 -4 -6 5 3 1 -1 -3 -5 6 4 2 0 -2 -4 -6 5 3 1 -1 -3 -5 6 4 2 0 -2 -4 -6 5 3 1 -1 -3 -5 6 4 2 0 -2 -4 -6 5 3 1 -1 -3 -5 6 4 2 0 -2 -4 -6 5 3 1 -1 -3 -5 6 4 2 0 -2 -4 -6 5 3 1 -1 -3 -5 6 4 2 0 -2 -4 -6 5 3 1 -1 -3 -5 6 4 2 0 -2 -4 -6 5 3 1 -1 -3 -5 6 4 2 0 -2 -4 -6 5 3 1 -1 -3 -5 6 4 2 0 -2 -4 -6 5 3 1 -1 -3 -5 6 4 2 0 -2 -4 -6 5 3 1 -1 -3 -5 6 4 2 0 -2 -4 -6 5 3 1 -1 -3 -5 6 4 2 0 -2 -4 -6 5 3 1 -1 -3 -5 6 4 2 0 -2 -4 -6 5 3 1 -1 -3 -5 6 4 2 0 -2 -4 -6 5 3 1 -1 -3 -5 6 4 2 0 -2 -4 -6 5 3 1 -1 -3 -5 6 4 2 0 -2 -4 -6 5 3 1 -1 -3 -5 6 4 2 0 -2 -4 -6 5 3 1 -1 -3 -5 6 4 2 0 -2 -4 -6 5 3 1 -1 -3 -5 6 4 2 0 -2 -4 -6 5 3 1 -1 -3 -5 6 4 2 0 -2 -4 -6 5 3 1 -1 -3 -5 6 4 2 0 -2 -4 -6 5 3 1 -1 -3 -5 6 4 2 0 -2 -4 -6 5 3 1 -1 -3 -5 6 4 2 0 -2 -4 -6 5 3 1 -1 -3 -5 6 4 2 0 -2 -4 -6 5 3 1 -1 -3 -5 6 4 2 0 -2 -4 -6 5 3 1 -1 -3 -5 6 4 2 0 -2 -4 -6 5 3 1 -1 -3 -5 6 4 2 0 -2 -4 -6 5 3 1 -1 -3 -5 6 4 2 0 -2 -4 -6 5 3 1 -1 -3 -5 6 4 2 0 -2 -4 -6 5 3 1 -1 -3 -5 6 4 2 0 -2 -4 -6 5 3 1 -1 -3 -5 6 4 2 0 -2 -4 -6 5 3 1 -1 -3 -5 6 4 2 0 -2 -4 -6 5 3 1 -1 -3 -5 6 4
-5 6 4 2 0 -2 -4 -6 5 3 1 -1 -3 -5 6 4 2 0 -2 -4 -6 5 3 1 -1 -3 -5 6 4 2 0 -2 -4 -6 5 3 1 -1 -3 -5 6 4 2 0 -2 -4 -6 5 3 1 -1 -3 -5 6 4 2 0 -2 -4 -6 5 3 1 -1 -3 -5 6 4 2 0 -2 -4 -6 5 3 1 -1 -3 -5 6 4 2 0 -2 -4 -6 5 3 1 -1 -3 -5 6 4 2 0 -2 -4 -6 5 3 1 -1 -3 -5 6 4 2 0 -2 -4 -6 5 3 1 -1 -3 -5 6 4 2 0 -2 -4 -6 5 3 1 -1 -3 -5 6 4 2 0 -2 -4 -6 5 3 1 -1 -3 -5 6 4 2 0 -2 -4 -6 5 3 1 -1 -3 -5 6 4 2 0 -2 -4 -6 5 3 1 -1 -3 -5 6 4 2 0 -2 -4 -6 5 3 1 -1 -3 -5 6 4 2 0 -2 -4 -6 5 3 1 -1 -3 -5 6 4 2 0 -2 -4 -6 5 3 1 -1 -3 -5 6 4 2 0 -2 -4 -6 5 3 1 -1 -3 -5 6 4 2 0 -2 -4 -6 5 3 1 -1 -3 -5 6 4 2 0 -2 -4 -6 5 3 1 -1 -3 -5 6 4 2 0 -2 -4 -6 5 3 1 -1 -3 -5 6 4 2 0 -2 -4 -6 5 3 1 -1 -3 -5 6 4 2 0 -2 -4 -6 5 3 1 -1 -3 -5 6 4 2 0 -2 -4 -6 5 3 1 -1 -3 -5 6 4 2 0 -2 -4 -6 5 3 1 -1 -3 -5 6 4 2 0 -2 -4 -6 5 3 1 -1 -3 -5 6 4 2 0 -2 -4 -6 5 3 1 -1 -3 -5 6 4 2 0 -2 -4 -6 5 3 1 -1 -3 -5 6 4 2 0 -2 -4 -6 5 3 1 -1 -3 -5 6 4 2 0 -2 -4 -6 5 3 1 -1 -3 -5 6 4 2 0 -2 -4 -6 5 3 1 -1 -3 -5 6 4 2 0 -2 -4 -6 5 3 1 -1 -3 -5 6 4 2 0 -2 -4 -6 5 3 1 -1 -3 -5 6 4 2 0 -2 -4 -6 5 3 1 -1 -3 -5 6 4 2 0 -2 -4 -6 5 3 1 -1 -3 -5 6 4 2 0 -2 -4 -6 5 3 1 -1 -3 -5 6 4 2 0 -2 -4 -6 5 3 1 -1 -3 -5 6 4 2 0 -2 -4 -6 5 3 1 -1 -3 -5 6 4 2 0 -2 -4 -6 5 3 1 -1 -3 -5 6 4 2 0 -2
2 0 -2 -4 -6 5 3 1 -1 -3 -5 6 4 2 0 -2 -4 -6 5 3 1 -1 -3 -5 6 4 2 0 -2 -4 -6 5 3 1 -1 -3 -5 6 4 2 0 -2 -4 -6 5 3 1 -1 -3 -5 6 4 2 0 -2 -4 -6 5 3 1 -1 -3 -5 6 4 2 0 -2 -4 -6 5 3 1 -1 -3 -5 6 4 2 0 -2 -4 -6 5 3 1 -1 -3 -5 6 4 2 0 -2 -4 -6 5 3 1 -1 -3 -5 6 4 2 0 -2 -4 -6 5 3 1 -1 -3 -5 6 4 2 0 -2 -4 -6 5 3 1 -1 -3 -5 6 4 2 0 -2 -4 -6 5 3 1 -1 -3 -5 6 4 2 0 -2 -4 -6 5 3 1 -1 -3 -5 6 4 2 0 -2 -4 -6 5 3 1 -1 -3 -5 6 4 2 0 -2 -4 -6 5 3 1 -1 -3 -5 6 4 2 0 -2 -4 -6 5 3 1 -1 -3 -5 6 4 2 0 -2 -4 -6 5 3 1 -1 -3 -5 6 4 2 0 -2 -4 -6 5 3 1 -1 -3 -5 6 4 2 0 -2 -4 -6 5 3 1 -1 -3 -5 6 4 2 0 -2 -4 -6 5 3 1 -1 -3 -5 6 4 2 0 -2 -4 -6 5 3 1 -1 -3 -5 6 4 2 0 -2 -4 -6 5 3 1 -1 -3 -5 6 4 2 0 -2 -4 -6 5 3 1 -1 -3 -5 6 4 2 0 -2 -4 -6 5 3 1 -1 -3 -5 6 4 2 0 -2 -4 -6 5 3 1 -1 -3 -5 6 4 2 0 -2 -4 -6 5 3 1 -1 -3 -5 6 4 2 0 -2 -4 -6 5 3 1 -1 -3 -5 6 4 2 0 -2 -4 -6 5 3 1 -1 -3 -5 6 4 2 0 -2 -4 -6 5 3 1 -1 -3 -5 6 4 2 0 -2 -4 -6 5 3 1 -1 -3 -5 6 4 2 0 -2 -4 -6 5 3 1 -1 -3 -5 6 4 2 0 -2 -4 -6 5 3 1 -1 -3 -5 6 4 2 0 -2 -4 -6 5 3 1 -1 -3 -5 6 4 2 0 -2 -4 -6 5 3 1 -1 -3 -5 6 4 2 0 -2 -4 -6 5 3 1 -1 -3 -5 6 4 2 0 -2 -4 -6 5 3 1 -1 -3 -5 6 4 2 0 -2 -4 -6 5 3 1 -1 -3 -5 6 4 2 0 -2 -4 -6 5 3 1 -1 -3 -5 6 4 2 0 -2 -4 -6 5 3 1 -1 -3 -5 6 4 2 0 -2 -4 -6 5
-4 -6 5 3 1 -1 -3 -5 6 4 2 0 -2 -4 -6 5 3 1 -1 -3 -5 6 4 2 0 -2 -4 -6 5 3 1 -1 -3 -5 6 4 2 0 -2 -4 -6 5 3 1 -1 -3 -5 6 4 2 0 -2 -4 -6 5 3 1 -1 -3 -5 6 4 2 0 -2 -4 -6 5 3 1 -1 -3 -5 6 4 2 0 -2 -4 -6 5 3 1 -1 -3 -5 6 4 2 0 -2 -4 -6 5 3 1 -1 -3 -5 6 4 2 0 -2 -4 -6 5 3 1 -1 -3 -5 6 4 2 0 -2 -4 -6 5 3 1 -1 -3 -5 6 4 2 0 -2 -4 -6 5 3 1 -1 -3 -5 6 4 2 0 -2 -4 -6 5 3 1 -1 -3 -5 6 4 2 0 -2 -4 -6 5 3 1 -1 -3 -5 6 4 2 0 -2 -4 -6 5 3 1 -1 -3 -5 6 4 2 0 -2 -4 -6 5 3 1 -1 -3 -5 6 4 2 0 -2 -4 -6 5 3 1 -1 -3 -5 6 4 2 0 -2 -4 -6 5 3 1 -1 -3 -5 6 4 2 0 -2 -4 -6 5 3 1 -1 -3 -5 6 4 2 0 -2 -4 -6 5 3 1 -1 -3 -5 6 4 2 0 -2 -4 -6 5 3 1 -1 -3 -5 6 4 2 0 -2 -4 -6 5 3 1 -1 -3 -5 6 4 2 0 -2 -4 -6 5 3 1 -1 -3 -5 6 4 2 0 -2 -4 -6 5 3 1 -1 -3 -5 6 4 2 0 -2 -4 -6 5 3 1 -1 -3 -5 6 4 2 0 -2 -4 -6 5 3 1 -1 -3 -5 6 4 2 0 -2 -4 -6 5 3 1 -1 -3 -5 6 4 2 0 -2 -4 -6 5 3 1 -1 -3 -5 6 4 2 0 -2 -4 -6 5 3 1 -1 -3 -5 6 4 2 0 -2 -4 -6 5 3 1 -1 -3 -5 6 4 2 0 -2 -4 -6 5 3 1 -1 -3 -5 6 4 2 0 -2 -4 -6 5 3 1 -1 -3 -5 6 4 2 0 -2 -4 -6 5 3 1 -1 -3 -5 6 4 2 0 -2 -4 -6 5 3 1 -1 -3 -5 6 4 2 0 -2 -4 -6 5 3 1 -1 -3 -5 6 4 2 0 -2 -4 -6 5 3 1 -1 -3 -5 6 4 2 0 -2 -4 -6 5 3 1 -1 -3 -5 6 4 2 0 -2 -4 -6 5 3 1 -1 -3 -5 6 4 2 0 -2 -4 -6 5 3 1 -1 -3 -5 6 4 2 0 -2 -4 -6 5 3 1 -1
3 1 -1 -3 -5 6 4 2 0 -2 -4 -6 5 3 1 -1 -3 -5 6 4 2 0 -2 -4 -6 5 3 1 -1 -3 -5 6 4 2 0 -2 -4 -6 5 3 1 -1 -3 -5 6 4 2 0 -2 -4 -6 5 3 1 -1 -3 -5 6 4 2 0 -2 -4 -6 5 3 1 -1 -3 -5 6 4 2 0 -2 -4 -6 5 3 1 -1 -3 -5 6 4 2 0 -2 -4 -6 5 3 1 -1 -3 -5 6 4 2 0 -2 -4 -6 5 3 1 -1 -3 -5 6 4 2 0 -2 -4 -6 5 3 1 -1 -3 -5 6 4 2 0 -2 -4 -6 5 3 1 -1 -3 -5 6 4 2 0 -2 -4 -6 5 3 1 -1 -3 -5 6 4 2 0 -2 -4 -6 5 3 1 -1 -3 -5 6 4 2 0 -2 -4 -6 5 3 1 -1 -3 -5 6 4 2 0 -2 -4 -6 5 3 1 -1 -3 -5 6 4 2 0 -2 -4 -6 5 3 1 -1 -3 -5 6 4 2 0 -2 -4 -6 5 3 1 -1 -3 -5 6 4 2 0 -2 -4 -6 5 3 1 -1 -3 -5 6 4 2 0 -2 -4 -6 5 3 1 -1 -3 -5 6 4 2 0 -2 -4 -6 5 3 1 -1 -3 -5 6 4 2 0 -2 -4 -6 5 3 1 -1 -3 -5 6 4 2 0 -2 -4 -6 5 3 1 -1 -3 -5 6 4 2 0 -2 -4 -6 5 3 1 -1 -3 -5 6 4 2 0 -2 -4 -6 5 3 1 -1 -3 -5 6 4 2 0 -2 -4 -6 5 3 1 -1 -3 -5 6 4 2 0 -2 -4 -6 5 3 1 -1 -3 -5 6 4 2 0 -2 -4 -6 5 3 1 -1 -3 -5 6 4 2 0 -2 -4 -6 5 3 1 -1 -3 -5 6 4 2 0 -2 -4 -6 5 3 1 -1 -3 -5 6 4 2 0 -2 -4 -6 5 3 1 -1 -3 -5 6 4 2 0 -2 -4 -6 5 3 1 -1 -3 -5 6 4 2 0 -2 -4 -6 5 3 1 -1 -3 -5 6 4 2 0 -2 -4 -6 5 3 1 -1 -3 -5 6 4 2 0 -2 -4 -6 5 3 1 -1 -3 -5 6 4 2 0 -2 -4 -6 5 3 1 -1 -3 -5 6 4 2 0 -2 -4 -6 5 3 1 -1 -3 -5 6 4 2 0 -2 -4 -6 5 3 1 -1 -3 -5 6 4 2 0 -2 -4 -6 5 3 1 -1 -3 -5 6 4 2 0 -2 -4 -6 5 3 1 -1 -3 -5 6
-3 -5 6 4 2 0 -2 -4 -6 5 3 1 -1 -3 -5 6 4 2 0 -2 -4 -6 5 3 1 -1 -3 -5 6 4 2 0 -2 -4 -6 5 3 1 -1 -3 -5 6 4 2 0 -2 -4 -6 5 3 1 -1 -3 -5 6 4 2 0 -2 -4 -6 5 3 1 -1 -3 -5 6 4 2 0 -2 -4 -6 5 3 1 -1 -3 -5 6 4 2 0 -2 -4 -6 5 3 1 -1 -3 -5 6 4 2 0 -2 -4 -6 5 3 1 -1 -3 -5 6 4 2 0 -2 -4 -6 5 3 1 -1 -3 -5 6 4 2 0 -2 -4 -6 5 3 1 -1 -3 -5 6 4 2 0 -2 -4 -6 5 3 1 -1 -3 -5 6 4 2 0 -2 -4 -6 5 3 1 -1 -3 -5 6 4 2 0 -2 -4 -6 5 3 1 -1 -3 -5 6 4 2 0 -2 -4 -6 5 3 1 -1 -3 -5 6 4 2 0 -2 -4 -6 5 3 1 -1 -3 -5 6 4 2 0 -2 -4 -6 5 3 1 -1 -3 -5 6 4 2 0 -2 -4 -6 5 3 1 -1 -3 -5 6 4 2 0 -2 -4 -6 5 3 1 -1 -3 -5 6 4 2 0 -2 -4 -6 5 3 1 -1 -3 -5 6 4 2 0 -2 -4 -6 5 3 1 -1 -3 -5 6 4 2 0 -2 -4 -6 5 3 1 -1 -3 -5 6 4 2 0 -2 -4 -6 5 3 1 -1 -3 -5 6 4 2 0 -2 -4 -6 5 3 1 -1 -3 -5 6 4 2 0 -2 -4 -6 5 3 1 -1 -3 -5 6 4 2 0 -2 -4 -6 5 3 1 -1 -3 -5 6 4 2 0 -2 -4 -6 5 3 1 -1 -3 -5 6 4 2 0 -2 -4 -6 5 3 1 -1 -3 -5 6 4 2 0 -2 -4 -6 5 3 1 -1 -3 -5 6 4 2 0 -2 -4 -6 5 3 1 -1 -3 -5 6 4 2 0 -2 -4 -6 5 3 1 -1 -3 -5 6 4 2 0 -2 -4 -6 5 3 1 -1 -3 -5 6 4 2 0 -2 -4 -6 5 3 1 -1 -3 -5 6 4 2 0 -2 -4 -6 5 3 1 -1 -3 -5 6 4 2 0 -2 -4 -6 5 3 1 -1 -3 -5 6 4 2 0 -2 -4 -6 5 3 1 -1 -3 -5 6 4 2 0 -2 -4 -6 5 3 1 -1 -3 -5 6 4 2 0 -2 -4 -6 5 3 1 -1 -3 -5 6 4 2 0 -2 -4 -6 5 3 1 -1 -3 -5 6 4 2 0
4 2 0 -2 -4 -6 5 3 1 -1 -3 -5 6 4 2 0 -2 -4 -6 5 3 1 -1 -3 -5 6 4 2 0 -2 -4 -6 5 3 1 -1 -3 -5 6 4 2 0 -2 -4 -6 5 3 1 -1 -3 -5 6 4 2 0 -2 -4 -6 5 3 1 -1 -3 -5 6 4 2 0 -2 -4 -6 5 3 1 -1 -3 -5 6 4 2 0 -2 -4 -6 5 3 1 -1 -3 -5 6 4 2 0 -2 -4 -6 5 3 1 -1 -3 -5 6 4 2 0 -2 -4 -6 5 3 1 -1 -3 -5 6 4 2 0 -2 -4 -6 5 3 1 -1 -3 -5 6 4 2 0 -2 -4 -6 5 3 1 -1 -3 -5 6 4 2 0 -2 -4 -6 5 3 1 -1 -3 -5 6 4 2 0 -2 -4 -6 5 3 1 -1 -3 -5 6 4 2 0 -2 -4 -6 5 3 1 -1 -3 -5 6 4 2 0 -2 -4 -6 5 3 1 -1 -3 -5 6 4 2 0 -2 -4 -6 5 3 1 -1 -3 -5 6 4 2 0 -2 -4 -6 5 3 1 -1 -3 -5 6 4 2 0 -2 -4 -6 5 3 1 -1 -3 -5 6 4 2 0 -2 -4 -6 5 3 1 -1 -3 -5 6 4 2 0 -2 -4 -6 5 3 1 -1 -3 -5 6 4 2 0 -2 -4 -6 5 3 1 -1 -3 -5 6 4 2 0 -2 -4 -6 5 3 1 -1 -3 -5 6 4 2 0 -2 -4 -6 5 3 1 -1 -3 -5 6 4 2 0 -2 -4 -6 5 3 1 -1 -3 -5 6 4 2 0 -2 -4 -6 5 3 1 -1 -3 -5 6 4 2 0 -2 -4 -6 5 3 1 -1 -3 -5 6 4 2 0 -2 -4 -6 5 3 1 -1 -3 -5 6 4 2 0 -2 -4 -6 5 3 1 -1 -3 -5 6 4 2 0 -2 -4 -6 5 3 1 -1 -3 -5 6 4 2 0 -2 -4 -6 5 3 1 -1 -3 -5 6 4 2 0 -2 -4 -6 5 3 1 -1 -3 -5 6 4 2 0 -2 -4 -6 5 3 1 -1 -3 -5 6 4 2 0 -2 -4 -6 5 3 1 -1 -3 -5 6 4 2 0 -2 -4 -6 5 3 1 -1 -3 -5 6 4 2 0 -2 -4 -6 5 3 1 -1 -3 -5 6 4 2 0 -2 -4 -6 5 3 1 -1 -3 -5 6 4 2 0 -2 -4 -6 5 3 1 -1 -3 -5 6 4 2 0 -2 -4 -6 5 3 1 -1 -3 -5 6 4 2 0 -2 -4 -6
-2 -4 -6 5 3 1 -1 -3 -5 6 4 2 0 -2 -4 -6 5 3 1 -1 -3 -5 6 4 2 0 -2 -4 -6 5 3 1 -1 -3 -5 6 4 2 0 -2 -4 -6 5 3 1 -1 -3 -5 6 4 2 0 -2 -4 -6 5 3 1 -1 -3 -5 6 4 2 0 -2 -4 -6 5 3 1 -1 -3 -5 6 4 2 0 -2 -4 -6 5 3 1 -1 -3 -5 6 4 2 0 -2 -4 -6 5 3 1 -1 -3 -5 6 4 2 0 -2 -4 -6 5 3 1 -1 -3 -5 6 4 2 0 -2 -4 -6 5 3 1 -1 -3 -5 6 4 2 0 -2 -4 -6 5 3 1 -1 -3 -5 6 4 2 0 -2 -4 -6 5 3 1 -1 -3 -5 6 4 2 0 -2 -4 -6 5 3 1 -1 -3 -5 6 4 2 0 -2 -4 -6 5 3 1 -1 -3 -5 6 4 2 0 -2 -4 -6 5 3 1 -1 -3 -5 6 4 2 0 -2 -4 -6 5 3 1 -1 -3 -5 6 4 2 0 -2 -4 -6 5 3 1 -1 -3 -5 6 4 2 0 -2 -4 -6 5 3 1 -1 -3 -5 6 4 2 0 -2 -4 -6 5 3 1 -1 -3 -5 6 4 2 0 -2 -4 -6 5 3 1 -1 -3 -5 6 4 2 0 -2 -4 -6 5 3 1 -1 -3 -5 6 4 2 0 -2 -4 -6 5 3 1 -1 -3 -5 6 4 2 0 -2 -4 -6 5 3 1 -1 -3 -5 6 4 2 0 -2 -4 -6 5 3 1 -1 -3 -5 6 4 2 0 -2 -4 -6 5 3 1 -1 -3 -5 6 4 2 0 -2 -4 -6 5 3 1 -1 -3 -5 6 4 2 0 -2 -4 -6 5 3 1 -1 -3 -5 6 4 2 0 -2 -4 -6 5 3 1 -1 -3 -5 6 4 2 0 -2 -4 -6 5 3 1 -1 -3 -5 6 4 2 0 -2 -4 -6 5 3 1 -1 -3 -5 6 4 2 0 -2 -4 -6 5 3 1 -1 -3 -5 6 4 2 0 -2 -4 -6 5 3 1 -1 -3 -5 6 4 2 0 -2 -4 -6 5 3 1 -1 -3 -5 6 4 2 0 -2 -4 -6 5 3 1 -1 -3 -5 6 4 2 0 -2 -4 -6 5 3 1 -1 -3 -5 6 4 2 0 -2 -4 -6 5 3 1 -1 -3 -5 6 4 2 0 -2 -4 -6 5 3 1 -1 -3 -5 6 4 2 0 -2 -4 -6 5 3 1 -1 -3 -5 6 4 2 0 -2 -4 -6 5 3 1
5 3 1 -1 -3 -5 6 4 2 0 -2 -4 -6 5 3 1 -1 -3 -5 6 4 2 0 -2 -4 -6 5 3 1 -1 -3 -5 6 4 2 0 -2 -4 -6 5 3 1 -1 -3 -5 6 4 2 0 -2 -4 -6 5 3 1 -1 -3 -5 6 4 2 0 -2 -4 -6 5 3 1 -1 -3 -5 6 4 2 0 -2 -4 -6 5 3 1 -1 -3 -5 6 4 2 0 -2 -4 -6 5 3 1 -1 -3 -5 6 4 2 0 -2 -4 -6 5 3 1 -1 -3 -5 6 4 2 0 -2 -4 -6 5 3 1 -1 -3 -5 6 4 2 0 -2 -4 -6 5 3 1 -1 -3 -5 6 4 2 0 -2 -4 -6 5 3 1 -1 -3 -5 6 4 2 0 -2 -4 -6 5 3 1 -1 -3 -5 6 4 2 0 -2 -4 -6 5 3 1 -1 -3 -5 6 4 2 0 -2 -4 -6 5 3 1 -1 -3 -5 6 4 2 0 -2 -4 -6 5 3 1 -1 -3 -5 6 4 2 0 -2 -4 -6 5 3 1 -1 -3 -5 6 4 2 0 -2 -4 -6 5 3 1 -1 -3 -5 6 4 2 0 -2 -4 -6 5 3 1 -1 -3 -5 6 4 2 0 -2 -4 -6 5 3 1 -1 -3 -5 6 4 2 0 -2 -4 -6 5 3 1 -1 -3 -5 6 4 2 0 -2 -4 -6 5 3 1 -1 -3 -5 6 4 2 0 -2 -4 -6 5 3 1 -1 -3 -5 6 4 2 0 -2 -4 -6 5 3 1 -1 -3 -5 6 4 2 0 -2 -4 -6 5 3 1 -1 -3 -5 6 4 2 0 -2 -4 -6 5 3 1 -1 -3 -5 6 4 2 0 -2 -4 -6 5 3 1 -1 -3 -5 6 4 2 0 -2 -4 -6 5 3 1 -1 -3 -5 6 4 2 0 -2 -4 -6 5 3 1 -1 -3 -5 6 4 2 0 -2 -4 -6 5 3 1 -1 -3 -5 6 4 2 0 -2 -4 -6 5 3 1 -1 -3 -5 6 4 2 0 -2 -4 -6 5 3 1 -1 -3 -5 6 4 2 0 -2 -4 -6 5 3 1 -1 -3 -5 6 4 2 0 -2 -4 -6 5 3 1 -1 -3 -5 6 4 2 0 -2 -4 -6 5 3 1 -1 -3 -5 6 4 2 0 -2 -4 -6 5 3 1 -1 -3 -5 6 4 2 0 -2 -4 -6 5 3 1 -1 -3 -5 6 4 2 0 -2 -4 -6 5 3 1 -1 -3 -5 6 4 2 0 -2 -4 -6 5 3 1 -1 -3 -5
-1 -3 -5 6 4 2 0 -2 -4 -6 5 3 1 -1 -3 -5 6 4 2 0 -2 -4 -6 5 3 1 -1 -3 -5 6 4 2 0 -2 -4 -6 5 3 1 -1 -3 -5 6 4 2 0 -2 -4 -6 5 3 1 -1 -3 -5 6 4 2 0 -2 -4 -6 5 3 1 -1 -3 -5 6 4 2 0 -2 -4 -6 5 3 1 -1 -3 -5 6 4 2 0 -2 -4 -6 5 3 1 -1 -3 -5 6 4 2 0 -2 -4 -6 5 3 1 -1 -3 -5 6 4 2 0 -2 -4 -6 5 3 1 -1 -3 -5 6 4 2 0 -2 -4 -6 5 3 1 -1 -3 -5 6 4 2 0 -2 -4 -6 5 3 1 -1 -3 -5 6 4 2 0 -2 -4 -6 5 3 1 -1 -3 -5 6 4 2 0 -2 -4 -6 5 3 1 -1 -3 -5 6 4 2 0 -2 -4 -6 5 3 1 -1 -3 -5 6 4 2 0 -2 -4 -6 5 3 1 -1 -3 -5 6 4 2 0 -2 -4 -6 5 3 1 -1 -3 -5 6 4 2 0 -2 -4 -6 5 3 1 -1 -3 -5 6 4 2 0 -2 -4 -6 5 3 1 -1 -3 -5 6 4 2 0 -2 -4 -6 5 3 1 -1 -3 -5 6 4 2 0 -2 -4 -6 5 3 1 -1 -3 -5 6 4 2 0 -2 -4 -6 5 3 1 -1 -3 -5 6 4 2 0 -2 -4 -6 5 3 1 -1 -3 -5 6 4 2 0 -2 -4 -6 5 3 1 -1 -3 -5 6 4 2 0 -2 -4 -6 5 3 1 -1 -3 -5 6 4 2 0 -2 -4 -6 5 3 1 -1 -3 -5 6 4 2 0 -2 -4 -6 5 3 1 -1 -3 -5 6 4 2 0 -2 -4 -6 5 3 1 -1 -3 -5 6 4 2 0 -2 -4 -6 5 3 1 -1 -3 -5 6 4 2 0 -2 -4 -6 5 3 1 -1 -3 -5 6 4 2 0 -2 -4 -6 5 3 1 -1 -3 -5 6 4 2 0 -2 -4 -6 5 3 1 -1 -3 -5 6 4 2 0 -2 -4 -6 5 3 1 -1 -3 -5 6 4 2 0 -2 -4 -6 5 3 1 -1 -3 -5 6 4 2 0 -2 -4 -6 5 3 1 -1 -3 -5 6 4 2 0 -2 -4 -6 5 3 1 -1 -3 -5 6 4 2 0 -2 -4 -6 5 3 1 -1 -3 -5 6 4 2 0 -2 -4 -6 5 3 1 -1 -3 -5 6 4 2 0 -2 -4 -6 5 3 1 -1 -3 -5 6 4 2
6 4 2 0 -2 -4 -6 5 3 1 -1 -3 -5 6 4 2 0 -2 -4 -6 5 3 1 -1 -3 -5 6 4 2 0 -2 -4 -6 5 3 1 -1 -3 -5 6 4 2 0 -2 -4 -6 5 3 1 -1 -3 -5 6 4 2 0 -2 -4 -6 5 3 1 -1 -3 -5 6 4 2 0 -2 -4 -6 5 3 1 -1 -3 -5 6 4 2 0 -2 -4 -6 5 3 1 -1 -3 -5 6 4 2 0 -2 -4 -6 5 3 1 -1 -3 -5 6 4 2 0 -2 -4 -6 5 3 1 -1 -3 -5 6 4 2 0 -2 -4 -6 5 3 1 -1 -3 -5 6 4 2 0 -2 -4 -6 5 3 1 -1 -3 -5 6 4 2 0 -2 -4 -6 5 3 1 -1 -3 -5 6 4 2 0 -2 -4 -6 5 3 1 -1 -3 -5 6 4 2 0 -2 -4 -6 5 3 1 -1 -3 -5 6 4 2 0 -2 -4 -6 5 3 1 -1 -3 -5 6 4 2 0 -2 -4 -6 5 3 1 -1 -3 -5 6 4 2 0 -2 -4 -6 5 3 1 -1 -3 -5 6 4 2 0 -2 -4 -6 5 3 1 -1 -3 -5 6 4 2 0 -2 -4 -6 5 3 1 -1 -3 -5 6 4 2 0 -2 -4 -6 5 3 1 -1 -3 -5 6 4 2 0 -2 -4 -6 5 3 1 -1 -3 -5 6 4 2 0 -2 -4 -6 5 3 1 -1 -3 -5 6 4 2 0 -2 -4 -6 5 3 1 -1 -3 -5 6 4 2 0 -2 -4 -6 5 3 1 -1 -3 -5 6 4 2 0 -2 -4 -6 5 3 1 -1 -3 -5 6 4 2 0 -2 -4 -6 5 3 1 -1 -3 -5 6 4 2 0 -2 -4 -6 5 3 1 -1 -3 -5 6 4 2 0 -2 -4 -6 5 3 1 -1 -3 -5 6 4 2 0 -2 -4 -6 5 3 1 -1 -3 -5 6 4 2 0 -2 -4 -6 5 3 1 -1 -3 -5 6 4 2 0 -2 -4 -6 5 3 1 -1 -3 -5 6 4 2 0 -2 -4 -6 5 3 1 -1 -3 -5 6 4 2 0 -2 -4 -6 5 3 1 -1 -3 -5 6 4 2 0 -2 -4 -6 5 3 1 -1 -3 -5 6 4 2 0 -2 -4 -6 5 3 1 -1 -3 -5 6 4 2 0 -2 -4 -6 5 3 1 -1 -3 -5 6 4 2 0 -2 -4 -6 5 3 1 -1 -3 -5 6 4 2 0 -2 -4 -6 5 3 1 -1 -3 -5 6 4 2 0 -2 -4
0 -2 -4 -6 5 3 1 -1 -3 -5 6 4 2 0 -2 -4 -6 5 3 1 -1 -3 -5 6 4 2 0 -2 -4 -6 5 3 1 -1 -3 -5 6 4 2 0 -2 -4 -6 5 3 1 -1 -3 -5 6 4 2 0 -2 -4 -6 5 3 1 -1 -3 -5 6 4 2 0 -2 -4 -6 5 3 1 -1 -3 -5 6 4 2 0 -2 -4 -6 5 3 1 -1 -3 -5 6 4 2 0 -2 -4 -6 5 3 1 -1 -3 -5 6 4 2 0 -2 -4 -6 5 3 1 -1 -3 -5 6 4 2 0 -2 -4 -6 5 3 1 -1 -3 -5 6 4 2 0 -2 -4 -6 5 3 1 -1 -3 -5 6 4 2 0 -2 -4 -6 5 3 1 -1 -3 -5 6 4 2 0 -2 -4 -6 5 3 1 -1 -3 -5 6 4 2 0 -2 -4 -6 5 3 1 -1 -3 -5 6 4 2 0 -2 -4 -6 5 3 1 -1 -3 -5 6 4 2 0 -2 -4 -6 5 3 1 -1 -3 -5 6 4 2 0 -2 -4 -6 5 3 1 -1 -3 -5 6 4 2 0 -2 -4 -6 5 3 1 -1 -3 -5 6 4 2 0 -2 -4 -6 5 3 1 -1 -3 -5 6 4 2 0 -2 -4 -6 5 3 1 -1 -3 -5 6 4 2 0 -2 -4 -6 5 3 1 -1 -3 -5 6 4 2 0 -2 -4 -6 5 3 1 -1 -3 -5 6 4 2 0 -2 -4 -6 5 3 1 -1 -3 -5 6 4 2 0 -2 -4 -6 5 3 1 -1 -3 -5 6 4 2 0 -2 -4 -6 5 3 1 -1 -3 -5 6 4 2 0 -2 -4 -6 5 3 1 -1 -3 -5 6 4 2 0 -2 -4 -6 5 3 1 -1 -3 -5 6 4 2 0 -2 -4 -6 5 3 1 -1 -3 -5 6 4 2 0 -2 -4 -6 5 3 1 -1 -3 -5 6 4 2 0 -2 -4 -6 5 3 1 -1 -3 -5 6 4 2 0 -2 -4 -6 5 3 1 -1 -3 -5 6 4 2 0 -2 -4 -6 5 3 1 -1 -3 -5 6 4 2 0 -2 -4 -6 5 3 1 -1 -3 -5 6 4 2 0 -2 -4 -6 5 3 1 -1 -3 -5 6 4 2 0 -2 -4 -6 5 3 1 -1 -3 -5 6 4 2 0 -2 -4 -6 5 3 1 -1 -3 -5 6 4 2 0 -2 -4 -6 5 3 1 -1 -3 -5 6 4 2 0 -2 -4 -6 5 3 1 -1 -3 -5 6 4 2 0 -2 -4 -6 5 3
-6 5 3 1 -1 -3 -5 6 4 2 0 -2 -4 -6 5 3 1 -1 -3 -5 6 4 2 0 -2 -4 -6 5 3 1 -1 -3 -5 6 4 2 0 -2 -4 -6 5 3 1 -1 -3 -5 6 4 2 0 -2 -4 -6 5 3 1 -1 -3 -5 6 4 2 0 -2 -4 -6 5 3 1 -1 -3 -5 6 4 2 0 -2 -4 -6 5 3 1 -1 -3 -5 6 4 2 0 -2 -4 -6 5 3 1 -1 -3 -5 6 4 2 0 -2 -4 -6 5 3 1 -1 -3 -5 6 4 2 0 -2 -4 -6 5 3 1 -1 -3 -5 6 4 2 0 -2 -4 -6 5 3 1 -1 -3 -5 6 4 2 0 -2 -4 -6 5 3 1 -1 -3 -5 6 4 2 0 -2 -4 -6 5 3 1 -1 -3 -5 6 4 2 0 -2 -4 -6 5 3 1 -1 -3 -5 6 4 2 0 -2 -4 -6 5 3 1 -1 -3 -5 6 4 2 0 -2 -4 -6 5 3 1 -1 -3 -5 6 4 2 0 -2 -4 -6 5 3 1 -1 -3 -5 6 4 2 0 -2 -4 -6 5 3 1 -1 -3 -5 6 4 2 0 -2 -4 -6 5 3 1 -1 -3 -5 6 4 2 0 -2 -4 -6 5 3 1 -1 -3 -5 6 4 2 0 -2 -4 -6 5 3 1 -1 -3 -5 6 4 2 0 -2 -4 -6 5 3 1 -1 -3 -5 6 4 2 0 -2 -4 -6 5 3 1 -1 -3 -5 6 4 2 0 -2 -4 -6 5 3 1 -1 -3 -5 6 4 2 0 -2 -4 -6 5 3 1 -1 -3 -5 6 4 2 0 -2 -4 -6 5 3 1 -1 -3 -5 6 4 2 0 -2 -4 -6 5 3 1 -1 -3 -5 6 4 2 0 -2 -4 -6 5 3 1 -1 -3 -5 6 4 2 0 -2 -4 -6 5 3 1 -1 -3 -5 6 4 2 0 -2 -4 -6 5 3 1 -1 -3 -5 6 4 2 0 -2 -4 -6 5 3 1 -1 -3 -5 6 4 2 0 -2 -4 -6 5 3 1 -1 -3 -5 6 4 2 0 -2 -4 -6 5 3 1 -1 -3 -5 6 4 2 0 -2 -4 -6 5 3 1 -1 -3 -5 6 4 2 0 -2 -4 -6 5 3 1 -1 -3 -5 6 4 2 0 -2 -4 -6 5 3 1 -1 -3 -5 6 4 2 0 -2 -4 -6 5 3 1 -1 -3 -5 6 4 2 0 -2 -4 -6 5 3 1 -1 -3 -5 6 4 2 0 -2 -4 -6 5 3 1 -1 -3
1 -1 -3 -5 6 4 2 0 -2 -4 -6 5 3 1 -1 -3 -5 6 4 2 0 -2 -4 -6 5 3 1 -1 -3 -5 6 4 2 0 -2 -4 -6 5 3 1 -1 -3 -5 6 4 2 0 -2 -4 -6 5 3 1 -1 -3 -5 6 4 2 0 -2 -4 -6 5 3 1 -1 -3 -5 6 4 2 0 -2 -4 -6 5 3 1 -1 -3 -5 6 4 2 0 -2 -4 -6 5 3 1 -1 -3 -5 6 4 2 0 -2 -4 -6 5 3 1 -1 -3 -5 6 4 2 0 -2 -4 -6 5 3 1 -1 -3 -5 6 4 2 0 -2 -4 -6 5 3 1 -1 -3 -5 6 4 2 0 -2 -4 -6 5 3 1 -1 -3 -5 6 4 2 0 -2 -4 -6 5 3 1 -1 -3 -5 6 4 2 0 -2 -4 -6 5 3 1 -1 -3 -5 6 4 2 0 -2 -4 -6 5 3 1 -1 -3 -5 6 4 2 0 -2 -4 -6 5 3 1 -1 -3 -5 6 4 2 0 -2 -4 -6 5 3 1 -1 -3 -5 6 4 2 0 -2 -4 -6 5 3 1 -1 -3 -5 6 4 2 0 -2 -4 -6 5 3 1 -1 -3 -5 6 4 2 0 -2 -4 -6 5 3 1 -1 -3 -5 6 4 2 0 -2 -4 -6 5 3 1 -1 -3 -5 6 4 2 0 -2 -4 -6 5 3 1 -1 -3 -5 6 4 2 0 -2 -4 -6 5 3 1 -1 -3 -5 6 4 2 0 -2 -4 -6 5 3 1 -1 -3 -5 6 4 2 0 -2 -4 -6 5 3 1 -1 -3 -5 6 4 2 0 -2 -4 -6 5 3 1 -1 -3 -5 6 4 2 0 -2 -4 -6 5 3 1 -1 -3 -5 6 4 2 0 -2 -4 -6 5 3 1 -1 -3 -5 6 4 2 0 -2 -4 -6 5 3 1 -1 -3 -5 6 4 2 0 -2 -4 -6 5 3 1 -1 -3 -5 6 4 2 0 -2 -4 -6 5 3 1 -1 -3 -5 6 4 2 0 -2 -4 -6 5 3 1 -1 -3 -5 6 4 2 0 -2 -4 -6 5 3 1 -1 -3 -5 6 4 2 0 -2 -4 -6 5 3 1 -1 -3 -5 6 4 2 0 -2 -4 -6 5 3 1 -1 -3 -5 6 4 2 0 -2 -4 -6 5 3 1 -1 -3 -5 6 4 2 0 -2 -4 -6 5 3 1 -1 -3 -5 6 4 2 0 -2 -4 -6 5 3 1 -1 -3 -5 6 4 2 0 -2 -4 -6 5 3 1 -1 -3 -5 6 4
-5 6 4 2 0 -2 -4 -6 5 3 1 -1 -3 -5 6 4 2 0 -2 -4 -6 5 3 1 -1 -3 -5 6 4 2 0 -2 -4 -6 5 3 1 -1 -3 -5 6 4 2 0 -2 -4 -6 5 3 1 -1 -3 -5 6 4 2 0 -2 -4 -6 5 3 1 -1 -3 -5 6 4 2 0 -2 -4 -6 5 3 1 -1 -3 -5 6 4 2 0 -2 -4 -6 5 3 1 -1 -3 -5 6 4 2 0 -2 -4 -6 5 3 1 -1 -3 -5 6 4 2 0 -2 -4 -6 5 3 1 -1 -3 -5 6 4 2 0 -2 -4 -6 5 3 1 -1 -3 -5 6 4 2 0 -2 -4 -6 5 3 1 -1 -3 -5 6 4 2 0 -2 -4 -6 5 3 1 -1 -3 -5 6 4 2 0 -2 -4 -6 5 3 1 -1 -3 -5 6 4 2 0 -2 -4 -6 5 3 1 -1 -3 -5 6 4 2 0 -2 -4 -6 5 3 1 -1 -3 -5 6 4 2 0 -2 -4 -6 5 3 1 -1 -3 -5 6 4 2 0 -2 -4 -6 5 3 1 -1 -3 -5 6 4 2 0 -2 -4 -6 5 3 1 -1 -3 -5 6 4 2 0 -2 -4 -6 5 3 1 -1 -3 -5 6 4 2 0 -2 -4 -6 5 3 1 -1 -3 -5 6 4 2 0 -2 -4 -6 5 3 1 -1 -3 -5 6 4 2 0 -2 -4 -6 5 3 1 -1 -3 -5 6 4 2 0 -2 -4 -6 5 3 1 -1 -3 -5 6 4 2 0 -2 -4 -6 5 3 1 -1 -3 -5 6 4 2 0 -2 -4 -6 5 3 1 -1 -3 -5 6 4 2 0 -2 -4 -6 5 3 1 -1 -3 -5 6 4 2 0 -2 -4 -6 5 3 1 -1 -3 -5 6 4 2 0 -2 -4 -6 5 3 1 -1 -3 -5 6 4 2 0 -2 -4 -6 5 3 1 -1 -3 -5 6 4 2 0 -2 -4 -6 5 3 1 -1 -3 -5 6 4 2 0 -2 -4 -6 5 3 1 -1 -3 -5 6 4 2 0 -2 -4 -6 5 3 1 -1 -3 -5 6 4 2 0 -2 -4 -6 5 3 1 -1 -3 -5 6 4 2 0 -2 -4 -6 5 3 1 -1 -3 -5 6 4 2 0 -2 -4 -6 5 3 1 -1 -3 -5 6 4 2 0 -2 -4 -6 5 3 1 -1 -3 -5 6 4 2 0 -2 -4 -6 5 3 1 -1 -3 -5 6 4 2 0 -2 -4 -6 5 3 1 -1 -3 -5 6 4 2 0 -2
2 0 -2 -4 -6 5 3 1 -1 -3 -5 6 4 2 0 -2 -4 -6 5 3 1 -1 -3 -5 6 4 2 0 -2 -4 -6 5 3 1 -1 -3 -5 6 4 2 0 -2 -4 -6 5 3 1 -1 -3 -5 6 4 2 0 -2 -4 -6 5 3 1 -1 -3 -5 6 4 2 0 -2 -4 -6 5 3 1 -1 -3 -5 6 4 2 0 -2 -4 -6 5 3 1 -1 -3 -5 6 4 2 0 -2 -4 -6 5 3 1 -1 -3 -5 6 4 2 0 -2 -4 -6 5 3 1 -1 -3 -5 6 4 2 0 -2 -4 -6 5 3 1 -1 -3 -5 6 4 2 0 -2 -4 -6 5 3 1 -1 -3 -5 6 4 2 0 -2 -4 -6 5 3 1 -1 -3 -5 6 4 2 0 -2 -4 -6 5 3 1 -1 -3 -5 6 4 2 0 -2 -4 -6 5 3 1 -1 -3 -5 6 4 2 0 -2 -4 -6 5 3 1 -1 -3 -5 6 4 2 0 -2 -4 -6 5 3 1 -1 -3 -5 6 4 2 0 -2 -4 -6 5 3 1 -1 -3 -5 6 4 2 0 -2 -4 -6 5 3 1 -1 -3 -5 6 4 2 0 -2 -4 -6 5 3 1 -1 -3 -5 6 4 2 0 -2 -4 -6 5 3 1 -1 -3 -5 6 4 2 0 -2 -4 -6 5 3 1 -1 -3 -5 6 4 2 0 -2 -4 -6 5 3 1 -1 -3 -5 6 4 2 0 -2 -4 -6 5 3 1 -1 -3 -5 6 4 2 0 -2 -4 -6 5 3 1 -1 -3 -5 6 4 2 0 -2 -4 -6 5 3 1 -1 -3 -5 6 4 2 0 -2 -4 -6 5 3 1 -1 -3 -5 6 4 2 0 -2 -4 -6 5 3 1 -1 -3 -5 6 4 2 0 -2 -4 -6 5 3 1 -1 -3 -5 6 4 2 0 -2 -4 -6 5 3 1 -1 -3 -5 6 4 2 0 -2 -4 -6 5 3 1 -1 -3 -5 6 4 2 0 -2 -4 -6 5 3 1 -1 -3 -5 6 4 2 0 -2 -4 -6 5 3 1 -1 -3 -5 6 4 2 0 -2 -4 -6 5 3 1 -1 -3 -5 6 4 2 0 -2 -4 -6 5 3 1 -1 -3 -5 6 4 2 0 -2 -4 -6 5 3 1 -1 -3 -5 6 4 2 0 -2 -4 -6 5 3 1 -1 -3 -5 6 4 2 0 -2 -4 -6 5 3 1 -1 -3 -5 6 4 2 0 -2 -4 -6 5 3 1 -1 -3 -5 6 4 2 0 -2 -4 -6 5
-4 -6 5 3 1 -1 -3 -5 6 4 2 0 -2 -4 -6 5 3 1 -1 -3 -5 6 4 2 0 -2 -4 -6 5 3 1 -1 -3 -5 6 4 2 0 -2 -4 -6 5 3 1 -1 -3 -5 6 4 2 0 -2 -4 -6 5 3 1 -1 -3 -5 6 4 2 0 -2 -4 -6 5 3 1 -1 -3 -5 6 4 2 0 -2 -4 -6 5 3 1 -1 -3 -5 6 4 2 0 -2 -4 -6 5 3 1 -1 -3 -5 6 4 2 0 -2 -4 -6 5 3 1 -1 -3 -5 6 4 2 0 -2 -4 -6 5 3 1 -1 -3 -5 6 4 2 0 -2 -4 -6 5 3 1 -1 -3 -5 6 4 2 0 -2 -4 -6 5 3 1 -1 -3 -5 6 4 2 0 -2 -4 -6 5 3 1 -1 -3 -5 6 4 2 0 -2 -4 -6 5 3 1 -1 -3 -5 6 4 2 0 -2 -4 -6 5 3 1 -1 -3 -5 6 4 2 0 -2 -4 -6 5 3 1 -1 -3 -5 6 4 2 0 -2 -4 -6 5 3 1 -1 -3 -5 6 4 2 0 -2 -4 -6 5 3 1 -1 -3 -5 6 4 2 0 -2 -4 -6 5 3 1 -1 -3 -5 6 4 2 0 -2 -4 -6 5 3 1 -1 -3 -5 6 4 2 0 -2 -4 -6 5 3 1 -1 -3 -5 6 4 2 0 -2 -4 -6 5 3 1 -1 -3 -5 6 4 2 0 -2 -4 -6 5 3 1 -1 -3 -5 6 4 2 0 -2 -4 -6 5 3 1 -1 -3 -5 6 4 2 0 -2 -4 -6 5 3 1 -1 -3 -5 6 4 2 0 -2 -4 -6 5 3 1 -1 -3 -5 6 4 2 0 -2 -4 -6 5 3 1 -1 -3 -5 6 4 2 0 -2 -4 -6 5 3 1 -1 -3 -5 6 4 2 0 -2 -4 -6 5 3 1 -1 -3 -5 6 4 2 0 -2 -4 -6 5 3 1 -1 -3 -5 6 4 2 0 -2 -4 -6 5 3 1 -1 -3 -5 6 4 2 0 -2 -4 -6 5 3 1 -1 -3 -5 6 4 2 0 -2 -4 -6 5 3 1 -1 -3 -5 6 4 2 0 -2 -4 -6 5 3 1 -1 -3 -5 6 4 2 0 -2 -4 -6 5 3 1 -1 -3 -5 6 4 2 0 -2 -4 -6 5 3 1 -1 -3 -5 6 4 2 0 -2 -4 -6 5 3 1 -1 -3 -5 6 4 2 0 -2 -4 -6 5 3 1 -1 -3 -5 6 4 2 0 -2 -4 -6 5 3 1 -1
3 1 -1 -3 -5 6 4 2 0 -2 -4 -6 5 3 1 -1 -3 -5 6 4 2 0 -2 -4 -6 5 3 1 -1 -3 -5 6 4 2 0 -2 -4 -6 5 3 1 -1 -3 -5 6 4 2 0 -2 -4 -6 5 3 1 -1 -3 -5 6 4 2 0 -2 -4 -6 5 3 1 -1 -3 -5 6 4 2 0 -2 -4 -6 5 3 1 -1 -3 -5 6 4 2 0 -2 -4 -6 5 3 1 -1 -3 -5 6 4 2 0 -2 -4 -6 5 3 1 -1 -3 -5 6 4 2 0 -2 -4 -6 5 3 1 -1 -3 -5 6 4 2 0 -2 -4 -6 5 3 1 -1 -3 -5 6 4 2 0 -2 -4 -6 5 3 1 -1 -3 -5 6 4 2 0 -2 -4 -6 5 3 1 -1 -3 -5 6 4 2 0 -2 -4 -6 5 3 1 -1 -3 -5 6 4 2 0 -2 -4 -6 5 3 1 -1 -3 -5 6 4 2 0 -2 -4 -6 5 3 1 -1 -3 -5 6 4 2 0 -2 -4 -6 5 3 1 -1 -3 -5 6 4 2 0 -2 -4 -6 5 3 1 -1 -3 -5 6 4 2 0 -2 -4 -6 5 3 1 -1 -3 -5 6 4 2 0 -2 -4 -6 5 3 1 -1 -3 -5 6 4 2 0 -2 -4 -6 5 3 1 -1 -3 -5 6 4 2 0 -2 -4 -6 5 3 1 -1 -3 -5 6 4 2 0 -2 -4 -6 5 3 1 -1 -3 -5 6 4 2 0 -2 -4 -6 5 3 1 -1 -3 -5 6 4 2 0 -2 -4 -6 5 3 1 -1 -3 -5 6 4 2 0 -2 -4 -6 5 3 1 -1 -3 -5 6 4 2 0 -2 -4 -6 5 3 1 -1 -3 -5 6 4 2 0 -2 -4 -6 5 3 1 -1 -3 -5 6 4 2 0 -2 -4 -6 5 3 1 -1 -3 -5 6 4 2 0 -2 -4 -6 5 3 1 -1 -3 -5 6 4 2 0 -2 -4 -6 5 3 1 -1 -3 -5 6 4 2 0 -2 -4 -6 5 3 1 -1 -3 -5 6 4 2 0 -2 -4 -6 5 3 1 -1 -3 -5 6 4 2 0 -2 -4 -6 5 3 1 -1 -3 -5 6 4 2 0 -2 -4 -6 5 3 1 -1 -3 -5 6 4 2 0 -2 -4 -6 5 3 1 -1 -3 -5 6 4 2 0 -2 -4 -6 5 3 1 -1 -3 -5 6 4 2 0 -2 -4 -6 5 3 1 -1 -3 -5 6 4 2 0 -2 -4 -6 5 3 1 -1 -3 -5 6
-3 -5 6 4 2 0 -2 -4 -6 5 3 1 -1 -3 -5 6 4 2 0 -2 -4 -6 5 3 1 -1 -3 -5 6 4 2 0 -2 -4 -6 5 3 1 -1 -3 -5 6 4 2 0 -2 -4 -6 5 3 1 -1 -3 -5 6 4 2 0 -2 -4 -6 5 3 1 -1 -3 -5 6 4 2 0 -2 -4 -6 5 3 1 -1 -3 -5 6 4 2 0 -2 -4 -6 5 3 1 -1 -3 -5 6 4 2 0 -2 -4 -6 5 3 1 -1 -3 -5 6 4 2 0 -2 -4 -6 5 3 1 -1 -3 -5 6 4 2 0 -2 -4 -6 5 3 1 -1 -3 -5 6 4 2 0 -2 -4 -6 5 3 1 -1 -3 -5 6 4 2 0 -2 -4 -6 5 3 1 -1 -3 -5 6 4 2 0 -2 -4 -6 5 3 1 -1 -3 -5 6 4 2 0 -2 -4 -6 5 3 1 -1 -3 -5 6 4 2 0 -2 -4 -6 5 3 1 -1 -3 -5 6 4 2 0 -2 -4 -6 5 3 1 -1 -3 -5 6 4 2 0 -2 -4 -6 5 3 1 -1 -3 -5 6 4 2 0 -2 -4 -6 5 3 1 -1 -3 -5 6 4 2 0 -2 -4 -6 5 3 1 -1 -3 -5 6 4 2 0 -2 -4 -6 5 3 1 -1 -3 -5 6 4 2 0 -2 -4 -6 5 3 1 -1 -3 -5 6 4 2 0 -2 -4 -6 5 3 1 -1 -3 -5 6 4 2 0 -2 -4 -6 5 3 1 -1 -3 -5 6 4 2 0 -2 -4 -6 5 3 1 -1 -3 -5 6 4 2 0 -2 -4 -6 5 3 1 -1 -3 -5 6 4 2 0 -2 -4 -6 5 3 1 -1 -3 -5 6 4 2 0 -2 -4 -6 5 3 1 -1 -3 -5 6 4 2 0 -2 -4 -6 5 3 1 -1 -3 -5 6 4 2 0 -2 -4 -6 5 3 1 -1 -3 -5 6 4 2 0 -2 -4 -6 5 3 1 -1 -3 -5 6 4 2 0 -2 -4 -6 5 3 1 -1 -3 -5 6 4 2 0 -2 -4 -6 5 3 1 -1 -3 -5 6 4 2 0 -2 -4 -6 5 3 1 -1 -3 -5 6 4 2 0 -2 -4 -6 5 3 1 -1 -3 -5 6 4 2 0 -2 -4 -6 5 3 1 -1 -3 -5 6 4 2 0 -2 -4 -6 5 3 1 -1 -3 -5 6 4 2 0 -2 -4 -6 5 3 1 -1 -3 -5 6 4 2 0 -2 -4 -6 5 3 1 -1 -3 -5 6 4 2 0
4 2 0 -2 -4 -6 5 3 1 -1 -3 -5 6 4 2 0 -2 -4 -6 5 3 1 -1 -3 -5 6 4 2 0 -2 -4 -6 5 3 1 -1 -3 -5 6 4 2 0 -2 -4 -6 5 3 1 -1 -3 -5 6 4 2 0 -2 -4 -6 5 3 1 -1 -3 -5 6 4 2 0 -2 -4 -6 5 3 1 -1 -3 -5 6 4 2 0 -2 -4 -6 5 3 1 -1 -3 -5 6 4 2 0 -2 -4 -6 5 3 1 -1 -3 -5 6 4 2 0 -2 -4 -6 5 3 1 -1 -3 -5 6 4 2 0 -2 -4 -6 5 3 1 -1 -3 -5 6 4 2 0 -2 -4 -6 5 3 1 -1 -3 -5 6 4 2 0 -2 -4 -6 5 3 1 -1 -3 -5 6 4 2 0 -2 -4 -6 5 3 1 -1 -3 -5 6 4 2 0 -2 -4 -6 5 3 1 -1 -3 -5 6 4 2 0 -2 -4 -6 5 3 1 -1 -3 -5 6 4 2 0 -2 -4 -6 5 3 1 -1 -3 -5 6 4 2 0 -2 -4 -6 5 3 1 -1 -3 -5 6 4 2 0 -2 -4 -6 5 3 1 -1 -3 -5 6 4 2 0 -2 -4 -6 5 3 1 -1 -3 -5 6 4 2 0 -2 -4 -6 5 3 1 -1 -3 -5 6 4 2 0 -2 -4 -6 5 3 1 -1 -3 -5 6 4 2 0 -2 -4 -6 5 3 1 -1 -3 -5 6 4 2 0 -2 -4 -6 5 3 1 -1 -3 -5 6 4 2 0 -2 -4 -6 5 3 1 -1 -3 -5 6 4 2 0 -2 -4 -6 5 3 1 -1 -3 -5 6 4 2 0 -2 -4 -6 5 3 1 -1 -3 -5 6 4 2 0 -2 -4 -6 5 3 1 -1 -3 -5 6 4 2 0 -2 -4 -6 5 3 1 -1 -3 -5 6 4 2 0 -2 -4 -6 5 3 1 -1 -3 -5 6 4 2 0 -2 -4 -6 5 3 1 -1 -3 -5 6 4 2 0 -2 -4 -6 5 3 1 -1 -3 -5 6 4 2 0 -2 -4 -6 5 3 1 -1 -3 -5 6 4 2 0 -2 -4 -6 5 3 1 -1 -3 -5 6 4 2 0 -2 -4 -6 5 3 1 -1 -3 -5 6 4 2 0 -2 -4 -6 5 3 1 -1 -3 -5 6 4 2 0 -2 -4 -6 5 3 1 -1 -3 -5 6 4 2 0 -2 -4 -6 5 3 1 -1 -3 -5 6 4 2 0 -2 -4 -6 5 3 1 -1 -3 -5 6 4 2 0 -2 -4 -6
-2 -4 -6 5 3 1 -1 -3 -5 6 4 2 0 -2 -4 -6 5 3 1 -1 -3 -5 6 4 2 0 -2 -4 -6 5 3 1 -1 -3 -5 6 4 2 0 -2 -4 -6 5 3 1 -1 -3 -5 6 4 2 0 -2 -4 -6 5 3 1 -1 -3 -5 6 4 2 0 -2 -4 -6 5 3 1 -1 -3 -5 6 4 2 0 -2 -4 -6 5 3 1 -1 -3 -5 6 4 2 0 -2 -4 -6 5 3 1 -1 -3 -5 6 4 2 0 -2 -4 -6 5 3 1 -1 -3 -5 6 4 2 0 -2 -4 -6 5 3 1 -1 -3 -5 6 4 2 0 -2 -4 -6 5 3 1 -1 -3 -5 6 4 2 0 -2 -4 -6 5 3 1 -1 -3 -5 6 4 2 0 -2 -4 -6 5 3 1 -1 -3 -5 6 4 2 0 -2 -4 -6 5 3 1 -1 -3 -5 6 4 2 0 -2 -4 -6 5 3 1 -1 -3 -5 6 4 2 0 -2 -4 -6 5 3 1 -1 -3 -5 6 4 2 0 -2 -4 -6 5 3 1 -1 -3 -5 6 4 2 0 -2 -4 -6 5 3 1 -1 -3 -5 6 4 2 0 -2 -4 -6 5 3 1 -1 -3 -5 6 4 2 0 -2 -4 -6 5 3 1 -1 -3 -5 6 4 2 0 -2 -4 -6 5 3 1 -1 -3 -5 6 4 2 0 -2 -4 -6 5 3 1 -1 -3 -5 6 4 2 0 -2 -4 -6 5 3 1 -1 -3 -5 6 4 2 0 -2 -4 -6 5 3 1 -1 -3 -5 6 4 2 0 -2 -4 -6 5 3 1 -1 -3 -5 6 4 2 0 -2 -4 -6 5 3 1 -1 -3 -5 6 4 2 0 -2 -4 -6 5 3 1 -1 -3 -5 6 4 2 0 -2 -4 -6 5 3 1 -1 -3 -5 6 4 2 0 -2 -4 -6 5 3 1 -1 -3 -5 6 4 2 0 -2 -4 -6 5 3 1 -1 -3 -5 6 4 2 0 -2 -4 -6 5 3 1 -1 -3 -5 6 4 2 0 -2 -4 -6 5 3 1 -1 -3 -5 6 4 2 0 -2 -4 -6 5 3 1 -1 -3 -5 6 4 2 0 -2 -4 -6 5 3 1 -1 -3 -5 6 4 2 0 -2 -4 -6 5 3 1 -1 -3 -5 6 4 2 0 -2 -4 -6 5 3 1 -1 -3 -5 6 4 2 0 -2 -4 -6 5 3 1 -1 -3 -5 6 4 2 0 -2 -4 -6 5 3 1 -1 -3 -5 6 4 2 0 -2 -4 -6 5 3 1
5 3 1 -1 -3 -5 6 4 2 0 -2 -4 -6 5 3 1 -1 -3 -5 6 4 2 0 -2 -4 -6 5 3 1 -1 -3 -5 6 4 2 0 -2 -4 -6 5 3 1 -1 -3 -5 6 4 2 0 -2 -4 -6 5 3 1 -1 -3 -5 6 4 2 0 -2 -4 -6 5 3 1 -1 -3 -5 6 4 2 0 -2 -4 -6 5 3 1 -1 -3 -5 6 4 2 0 -2 -4 -6 5 3 1 -1 -3 -5 6 4 2 0 -2 -4 -6 5 3 1 -1 -3 -5 6 4 2 0 -2 -4 -6 5 3 1 -1 -3 -5 6 4 2 0 -2 -4 -6 5 3 1 -1 -3 -5 6 4 2 0 -2 -4 -6 5 3 1 -1 -3 -5 6 4 2 0 -2 -4 -6 5 3 1 -1 -3 -5 6 4 2 0 -2 -4 -6 5 3 1 -1 -3 -5 6 4 2 0 -2 -4 -6 5 3 1 -1 -3 -5 6 4 2 0 -2 -4 -6 5 3 1 -1 -3 -5 6 4 2 0 -2 -4 -6 5 3 1 -1 -3 -5 6 4 2 0 -2 -4 -6 5 3 1 -1 -3 -5 6 4 2 0 -2 -4 -6 5 3 1 -1 -3 -5 6 4 2 0 -2 -4 -6 5 3 1 -1 -3 -5 6 4 2 0 -2 -4 -6 5 3 1 -1 -3 -5 6 4 2 0 -2 -4 -6 5 3 1 -1 -3 -5 6 4 2 0 -2 -4 -6 5 3 1 -1 -3 -5 6 4 2 0 -2 -4 -6 5 3 1 -1 -3 -5 6 4 2 0 -2 -4 -6 5 3 1 -1 -3 -5 6 4 2 0 -2 -4 -6 5 3 1 -1 -3 -5 6 4 2 0 -2 -4 -6 5 3 1 -1 -3 -5 6 4 2 0 -2 -4 -6 5 3 1 -1 -3 -5 6 4 2 0 -2 -4 -6 5 3 1 -1 -3 -5 6 4 2 0 -2 -4 -6 5 3 1 -1 -3 -5 6 4 2 0 -2 -4 -6 5 3 1 -1 -3 -5 6 4 2 0 -2 -4 -6 5 3 1 -1 -3 -5 6 4 2 0 -2 -4 -6 5 3 1 -1 -3 -5 6 4 2 0 -2 -4 -6 5 3 1 -1 -3 -5 6 4 2 0 -2 -4 -6 5 3 1 -1 -3 -5 6 4 2 0 -2 -4 -6 5 3 1 -1 -3 -5 6 4 2 0 -2 -4 -6 5 3 1 -1 -3 -5 6 4 2 0 -2 -4 -6 5 3 1 -1 -3 -5 6 4 2 0 -2 -4 -6 5 3 1 -1 -3 -5
-1 -3 -5 6 4 2 0 -2 -4 -6 5 3 1 -1 -3 -5 6 4 2 0 -2 -4 -6 5 3 1 -1 -3 -5 6 4 2 0 -2 -4 -6 5 3 1 -1 -3 -5 6 4 2 0 -2 -4 -6 5 3 1 -1 -3 -5 6 4 2 0 -2 -4 -6 5 3 1 -1 -3 -5 6 4 2 0 -2 -4 -6 5 3 1 -1 -3 -5 6 4 2 0 -2 -4 -6 5 3 1 -1 -3 -5 6 4 2 0 -2 -4 -6 5 3 1 -1 -3 -5 6 4 2 0 -2 -4 -6 5 3 1 -1 -3 -5 6 4 2 0 -2 -4 -6 5 3 1 -1 -3 -5 6 4 2 0 -2 -4 -6 5 3 1 -1 -3 -5 6 4 2 0 -2 -4 -6 5 3 1 -1 -3 -5 6 4 2 0 -2 -4 -6 5 3 1 -1 -3 -5 6 4 2 0 -2 -4 -6 5 3 1 -1 -3 -5 6 4 2 0 -2 -4 -6 5 3 1 -1 -3 -5 6 4 2 0 -2 -4 -6 5 3 1 -1 -3 -5 6 4 2 0 -2 -4 -6 5 3 1 -1 -3 -5 6 4 2 0 -2 -4 -6 5 3 1 -1 -3 -5 6 4 2 0 -2 -4 -6 5 3 1 -1 -3 -5 6 4 2 0 -2 -4 -6 5 3 1 -1 -3 -5 6 4 2 0 -2 -4 -6 5 3 1 -1 -3 -5 6 4 2 0 -2 -4 -6 5 3 1 -1 -3 -5 6 4 2 0 -2 -4 -6 5 3 1 -1 -3 -5 6 4 2 0 -2 -4 -6 5 3 1 -1 -3 -5 6 4 2 0 -2 -4 -6 5 3 1 -1 -3 -5 6 4 2 0 -2 -4 -6 5 3 1 -1 -3 -5 6 4 2 0 -2 -4 -6 5 3 1 -1 -3 -5 6 4 2 0 -2 -4 -6 5 3 1 -1 -3 -5 6 4 2 0 -2 -4 -6 5 3 1 -1 -3 -5 6 4 2 0 -2 -4 -6 5 3 1 -1 -3 -5 6 4 2 0 -2 -4 -6 5 3 1 -1 -3 -5 6 4 2 0 -2 -4 -6 5 3 1 -1 -3 -5 6 4 2 0 -2 -4 -6 5 3 1 -1 -3 -5 6 4 2 0 -2 -4 -6 5 3 1 -1 -3 -5 6 4 2 0 -2 -4 -6 5 3 1 -1 -3 -5 6 4 2 0 -2 -4 -6 5 3 1 -1 -3 -5 6 4 2 0 -2 -4 -6 5 3 1 -1 -3 -5 6 4 2 0 -2 -4 -6 5 3 1 -1 -3 -5 6 4 2
6 4 2 0 -2 -4 -6 5 3 1 -1 -3 -5 6 4 2 0 -2 -4 -6 5 3 1 -1 -3 -5 6 4 2 0 -2 -4 -6 5 3 1 -1 -3 -5 6 4 2 0 -2 -4 -6 5 3 1 -1 -3 -5 6 4 2 0 -2 -4 -6 5 3 1 -1 -3 -5 6 4 2 0 -2 -4 -6 5 3 1 -1 -3 -5 6 4 2 0 -2 -4 -6 5 3 1 -1 -3 -5 6 4 2 0 -2 -4 -6 5 3 1 -1 -3 -5 6 4 2 0 -2 -4 -6 5 3 1 -1 -3 -5 6 4 2 0 -2 -4 -6 5 3 1 -1 -3 -5 6 4 2 0 -2 -4 -6 5 3 1 -1 -3 -5 6 4 2 0 -2 -4 -6 5 3 1 -1 -3 -5 6 4 2 0 -2 -4 -6 5 3 1 -1 -3 -5 6 4 2 0 -2 -4 -6 5 3 1 -1 -3 -5 6 4 2 0 -2 -4 -6 5 3 1 -1 -3 -5 6 4 2 0 -2 -4 -6 5 3 1 -1 -3 -5 6 4 2 0 -2 -4 -6 5 3 1 -1 -3 -5 6 4 2 0 -2 -4 -6 5 3 1 -1 -3 -5 6 4 2 0 -2 -4 -6 5 3 1 -1 -3 -5 6 4 2 0 -2 -4 -6 5 3 1 -1 -3 -5 6 4 2 0 -2 -4 -6 5 3 1 -1 -3 -5 6 4 2 0 -2 -4 -6 5 3 1 -1 -3 -5 6 4 2 0 -2 -4 -6 5 3 1 -1 -3 -5 6 4 2 0 -2 -4 -6 5 3 1 -1 -3 -5 6 4 2 0 -2 -4 -6 5 3 1 -1 -3 -5 6 4 2 0 -2 -4 -6 5 3 1 -1 -3 -5 6 4 2 0 -2 -4 -6 5 3 1 -1 -3 -5 6 4 2 0 -2 -4 -6 5 3 1 -1 -3 -5 6 4 2 0 -2 -4 -6 5 3 1 -1 -3 -5 6 4 2 0 -2 -4 -6 5 3 1 -1 -3 -5 6 4 2 0 -2 -4 -6 5 3 1 -1 -3 -5 6 4 2 0 -2 -4 -6 5 3 1 -1 -3 -5 6 4 2 0 -2 -4 -6 5 3 1 -1 -3 -5 6 4 2 0 -2 -4 -6 5 3 1 -1 -3 -5 6 4 2 0 -2 -4 -6 5 3 1 -1 -3 -5 6 4 2 0 -2 -4 -6 5 3 1 -1 -3 -5 6 4 2 0 -2 -4 -6 5 3 1 -1 -3 -5 6 4 2 0 -2 -4 -6 5 3 1 -1 -3 -5 6 4 2 0 -2 -4
0 -2 -4 -6 5 3 1 -1 -3 -5 6 4 2 0 -2 -4 -6 5 3 1 -1 -3 -5 6 4 2 0 -2 -4 -6 5 3 1 -1 -3 -5 6 4 2 0 -2 -4 -6 5 3 1 -1 -3 -5 6 4 2 0 -2 -4 -6 5 3 1 -1 -3 -5 6 4 2 0 -2 -4 -6 5 3 1 -1 -3 -5 6 4 2 0 -2 -4 -6 5 3 1 -1 -3 -5 6 4 2 0 -2 -4 -6 5 3 1 -1 -3 -5 6 4 2 0 -2 -4 -6 5 3 1 -1 -3 -5 6 4 2 0 -2 -4 -6 5 3 1 -1 -3 -5 6 4 2 0 -2 -4 -6 5 3 1 -1 -3 -5 6 4 2 0 -2 -4 -6 5 3 1 -1 -3 -5 6 4 2 0 -2 -4 -6 5 3 1 -1 -3 -5 6 4 2 0 -2 -4 -6 5 3 1 -1 -3 -5 6 4 2 0 -2 -4 -6 5 3 1 -1 -3 -5 6 4 2 0 -2 -4 -6 5 3 1 -1 -3 -5 6 4 2 0 -2 -4 -6 5 3 1 -1 -3 -5 6 4 2 0 -2 -4 -6 5 3 1 -1 -3 -5 6 4 2 0 -2 -4 -6 5 3 1 -1 -3 -5 6 4 2 0 -2 -4 -6 5 3 1 -1 -3 -5 6 4 2 0 -2 -4 -6 5 3 1 -1 -3 -5 6 4 2 0 -2 -4 -6 5 3 1 -1 -3 -5 6 4 2 0 -2 -4 -6 5 3 1 -1 -3 -5 6 4 2 0 -2 -4 -6 5 3 1 -1 -3 -5 6 4 2 0 -2 -4 -6 5 3 1 -1 -3 -5 6 4 2 0 -2 -4 -6 5 3 1 -1 -3 -5 6 4 2 0 -2 -4 -6 5 3 1 -1 -3 -5 6 4 2 0 -2 -4 -6 5 3 1 -1 -3 -5 6 4 2 0 -2 -4 -6 5 3 1 -1 -3 -5 6 4 2 0 -2 -4 -6 5 3 1 -1 -3 -5 6 4 2 0 -2 -4 -6 5 3 1 -1 -3 -5 6 4 2 0 -2 -4 -6 5 3 1 -1 -3 -5 6 4 2 0 -2 -4 -6 5 3 1 -1 -3 -5 6 4 2 0 -2 -4 -6 5 3 1 -1 -3 -5 6 4 2 0 -2 -4 -6 5 3 1 -1 -3 -5 6 4 2 0 -2 -4 -6 5 3 1 -1 -3 -5 6 4 2 0 -2 -4 -6 5 3 1 -1 -3 -5 6 4 2 0 -2 -4 -6 5 3 1 -1 -3 -5 6 4 2 0 -2 -4 -6 5 3
-6 5 3 1 -1 -3 -5 6 4 2 0 -2 -4 -6 5 3 1 -1 -3 -5 6 4 2 0 -2 -4 -6 5 3 1 -1 -3 -5 6 4 2 0 -2 -4 -6 5 3 1 -1 -3 -5 6 4 2 0 -2 -4 -6 5 3 1 -1 -3 -5 6 4 2 0 -2 -4 -6 5 3 1 -1 -3 -5 6 4 2 0 -2 -4 -6 5 3 1 -1 -3 -5 6 4 2 0 -2 -4 -6 5 3 1 -1 -3 -5 6 4 2 0 -2 -4 -6 5 3 1 -1 -3 -5 6 4 2 0 -2 -4 -6 5 3 1 -1 -3 -5 6 4 2 0 -2 -4 -6 5 3 1 -1 -3 -5 6 4 2 0 -2 -4 -6 5 3 1 -1 -3 -5 6 4 2 0 -2 -4 -6 5 3 1 -1 -3 -5 6 4 2 0 -2 -4 -6 5 3 1 -1 -3 -5 6 4 2 0 -2 -4 -6 5 3 1 -1 -3 -5 6 4 2 0 -2 -4 -6 5 3 1 -1 -3 -5 6 4 2 0 -2 -4 -6 5 3 1 -1 -3 -5 6 4 2 0 -2 -4 -6 5 3 1 -1 -3 -5 6 4 2 0 -2 -4 -6 5 3 1 -1 -3 -5 6 4 2 0 -2 -4 -6 5 3 1 -1 -3 -5 6 4 2 0 -2 -4 -6 5 3 1 -1 -3 -5 6 4 2 0 -2 -4 -6 5 3 1 -1 -3 -5 6 4 2 0 -2 -4 -6 5 3 1 -1 -3 -5 6 4 2 0 -2 -4 -6 5 3 1 -1 -3 -5 6 4 2 0 -2 -4 -6 5 3 1 -1 -3 -5 6 4 2 0 -2 -4 -6 5 3 1 -1 -3 -5 6 4 2 0 -2 -4 -6 5 3 1 -1 -3 -5 6 4 2 0 -2 -4 -6 5 3 1 -1 -3 -5 6 4 2 0 -2 -4 -6 5 3 1 -1 -3 -5 6 4 2 0 -2 -4 -6 5 3 1 -1 -3 -5 6 4 2 0 -2 -4 -6 5 3 1 -1 -3 -5 6 4 2 0 -2 -4 -6 5 3 1 -1 -3 -5 6 4 2 0 -2 -4 -6 5 3 1 -1 -3 -5 6 4 2 0 -2 -4 -6 5 3 1 -1 -3 -5 6 4 2 0 -2 -4 -6 5 3 1 -1 -3 -5 6 4 2 0 -2 -4 -6 5 3 1 -1 -3 -5 6 4 2 0 -2 -4 -6 5 3 1 -1 -3 -5 6 4 2 0 -2 -4 -6 5 3 1 -1 -3 -5 6 4 2 0 -2 -4 -6 5 3 1 -1 -3
1 -1 -3 -5 6 4 2 0 -2 -4 -6 5 3 1 -1 -3 -5 6 4 2 0 -2 -4 -6 5 3 1 -1 -3 -5 6 4 2 0 -2 -4 -6 5 3 1 -1 -3 -5 6 4 2 0 -2 -4 -6 5 3 1 -1 -3 -5 6 4 2 0 -2 -4 -6 5 3 1 -1 -3 -5 6 4 2 0 -2 -4 -6 5 3 1 -1 -3 -5 6 4 2 0 -2 -4 -6 5 3 1 -1 -3 -5 6 4 2 0 -2 -4 -6 5 3 1 -1 -3 -5 6 4 2 0 -2 -4 -6 5 3 1 -1 -3 -5 6 4 2 0 -2 -4 -6 5 3 1 -1 -3 -5 6 4 2 0 -2 -4 -6 5 3 1 -1 -3 -5 6 4 2 0 -2 -4 -6 5 3 1 -1 -3 -5 6 4 2 0 -2 -4 -6 5 3 1 -1 -3 -5 6 4 2 0 -2 -4 -6 5 3 1 -1 -3 -5 6 4 2 0 -2 -4 -6 5 3 1 -1 -3 -5 6 4 2 0 -2 -4 -6 5 3 1 -1 -3 -5 6 4 2 0 -2 -4 -6 5 3 1 -1 -3 -5 6 4 2 0 -2 -4 -6 5 3 1 -1 -3 -5 6 4 2 0 -2 -4 -6 5 3 1 -1 -3 -5 6 4 2 0 -2 -4 -6 5 3 1 -1 -3 -5 6 4 2 0 -2 -4 -6 5 3 1 -1 -3 -5 6 4 2 0 -2 -4 -6 5 3 1 -1 -3 -5 6 4 2 0 -2 -4 -6 5 3 1 -1 -3 -5 6 4 2 0 -2 -4 -6 5 3 1 -1 -3 -5 6 4 2 0 -2 -4 -6 5 3 1 -1 -3 -5 6 4 2 0 -2 -4 -6 5 3 1 -1 -3 -5 6 4 2 0 -2 -4 -6 5 3 1 -1 -3 -5 6 4 2 0 -2 -4 -6 5 3 1 -1 -3 -5 6 4 2 0 -2 -4 -6 5 3 1 -1 -3 -5 6 4 2 0 -2 -4 -6 5 3 1 -1 -3 -5 6 4 2 0 -2 -4 -6 5 3 1 -1 -3 -5 6 4 2 0 -2 -4 -6 5 3 1 -1 -3 -5 6 4 2 0 -2 -4 -6 5 3 1 -1 -3 -5 6 4 2 0 -2 -4 -6 5 3 1 -1 -3 -5 6 4 2 0 -2 -4 -6 5 3 1 -1 -3 -5 6 4 2 0 -2 -4 -6 5 3 1 -1 -3 -5 6 4 2 0 -2 -4 -6 5 3 1 -1 -3 -5 6 4 2 0 -2 -4 -6 5 3 1 -1 -3 -5 6 4
-5 6 4 2 0 -2 -4 -6 5 3 1 -1 -3 -5 6 4 2 0 -2 -4 -6 5 3 1 -1 -3 -5 6 4 2 0 -2 -4 -6 5 3 1 -1 -3 -5 6 4 2 0 -2 -4 -6 5 3 1 -1 -3 -5 6 4 2 0 -2 -4 -6 5 3 1 -1 -3 -5 6 4 2 0 -2 -4 -6 5 3 1 -1 -3 -5 6 4 2 0 -2 -4 -6 5 3 1 -1 -3 -5 6 4 2 0 -2 -4 -6 5 3 1 -1 -3 -5 6 4 2 0 -2 -4 -6 5 3 1 -1 -3 -5 6 4 2 0 -2 -4 -6 5 3 1 -1 -3 -5 6 4 2 0 -2 -4 -6 5 3 1 -1 -3 -5 6 4 2 0 -2 -4 -6 5 3 1 -1 -3 -5 6 4 2 0 -2 -4 -6 5 3 1 -1 -3 -5 6 4 2 0 -2 -4 -6 5 3 1 -1 -3 -5 6 4 2 0 -2 -4 -6 5 3 1 -1 -3 -5 6 4 2 0 -2 -4 -6 5 3 1 -1 -3 -5 6 4 2 0 -2 -4 -6 5 3 1 -1 -3 -5 6 4 2 0 -2 -4 -6 5 3 1 -1 -3 -5 6 4 2 0 -2 -4 -6 5 3 1 -1 -3 -5 6 4 2 0 -2 -4 -6 5 3 1 -1 -3 -5 6 4 2 0 -2 -4 -6 5 3 1 -1 -3 -5 6 4 2 0 -2 -4 -6 5 3 1 -1 -3 -5 6 4 2 0 -2 -4 -6 5 3 1 -1 -3 -5 6 4 2 0 -2 -4 -6 5 3 1 -1 -3 -5 6 4 2 0 -2 -4 -6 5 3 1 -1 -3 -5 6 4 2 0 -2 -4 -6 5 3 1 -1 -3 -5 6 4 2 0 -2 -4 -6 5 3 1 -1 -3 -5 6 4 2 0 -2 -4 -6 5 3 1 -1 -3 -5 6 4 2 0 -2 -4 -6 5 3 1 -1 -3 -5 6 4 2 0 -2 -4 -6 5 3 1 -1 -3 -5 6 4 2 0 -2 -4 -6 5 3 1 -1 -3 -5 6 4 2 0 -2 -4 -6 5 3 1 -1 -3 -5 6 4 2 0 -2 -4 -6 5 3 1 -1 -3 -5 6 4 2 0 -2 -4 -6 5 3 1 -1 -3 -5 6 4 2 0 -2 -4 -6 5 3 1 -1 -3 -5 6 4 2 0 -2 -4 -6 5 3 1 -1 -3 -5 6 4 2 0 -2 -4 -6 5 3 1 -1 -3 -5 6 4 2 0 -2 -4 -6 5 3 1 -1 -3 -5 6 4 2 0 -2
2 0 -2 -4 -6 5 3 1 -1 -3 -5 6 4 2 0 -2 -4 -6 5 3 1 -1 -3 -5 6 4 2 0 -2 -4 -6 5 3 1 -1 -3 -5 6 4 2 0 -2 -4 -6 5 3 1 -1 -3 -5 6 4 2 0 -2 -4 -6 5 3 1 -1 -3 -5 6 4 2 0 -2 -4 -6 5 3 1 -1 -3 -5 6 4 2 0 -2 -4 -6 5 3 1 -1 -3 -5 6 4 2 0 -2 -4 -6 5 3 1 -1 -3 -5 6 4 2 0 -2 -4 -6 5 3 1 -1 -3 -5 6 4 2 0 -2 -4 -6 5 3 1 -1 -3 -5 6 4 2 0 -2 -4 -6 5 3 1 -1 -3 -5 6 4 2 0 -2 -4 -6 5 3 1 -1 -3 -5 6 4 2 0 -2 -4 -6 5 3 1 -1 -3 -5 6 4 2 0 -2 -4 -6 5 3 1 -1 -3 -5 6 4 2 0 -2 -4 -6 5 3 1 -1 -3 -5 6 4 2 0 -2 -4 -6 5 3 1 -1 -3 -5 6 4 2 0 -2 -4 -6 5 3 1 -1 -3 -5 6 4 2 0 -2 -4 -6 5 3 1 -1 -3 -5 6 4 2 0 -2 -4 -6 5 3 1 -1 -3 -5 6 4 2 0 -2 -4 -6 5 3 1 -1 -3 -5 6 4 2 0 -2 -4 -6 5 3 1 -1 -3 -5 6 4 2 0 -2 -4 -6 5 3 1 -1 -3 -5 6 4 2 0 -2 -4 -6 5 3 1 -1 -3 -5 6 4 2 0 -2 -4 -6 5 3 1 -1 -3 -5 6 4 2 0 -2 -4 -6 5 3 1 -1 -3 -5 6 4 2 0 -2 -4 -6 5 3 1 -1 -3 -5 6 4 2 0 -2 -4 -6 5 3 1 -1 -3 -5 6 4 2 0 -2 -4 -6 5 3 1 -1 -3 -5 6 4 2 0 -2 -4 -6 5 3 1 -1 -3 -5 6 4 2 0 -2 -4 -6 5 3 1 -1 -3 -5 6 4 2 0 -2 -4 -6 5 3 1 -1 -3 -5 6 4 2 0 -2 -4 -6 5 3 1 -1 -3 -5 6 4 2 0 -2 -4 -6 5 3 1 -1 -3 -5 6 4 2 0 -2 -4 -6 5 3 1 -1 -3 -5 6 4 2 0 -2 -4 -6 5 3 1 -1 -3 -5 6 4 2 0 -2 -4 -6 5 3 1 -1 -3 -5 6 4 2 0 -2 -4 -6 5 3 1 -1 -3 -5 6 4 2 0 -2 -4 -6 5 3 1 -1 -3 -5 6 4 2 0 -2 -4 -6 5
-4 -6 5 3 1 -1 -3 -5 6 4 2 0 -2 -4 -6 5 3 1 -1 -3 -5 6 4 2 0 -2 -4 -6 5 3 1 -1 -3 -5 6 4 2 0 -2 -4 -6 5 3 1 -1 -3 -5 6 4 2 0 -2 -4 -6 5 3 1 -1 -3 -5 6 4 2 0 -2 -4 -6 5 3 1 -1 -3 -5 6 4 2 0 -2 -4 -6 5 3 1 -1 -3 -5 6 4 2 0 -2 -4 -6 5 3 1 -1 -3 -5 6 4 2 0 -2 -4 -6 5 3 1 -1 -3 -5 6 4 2 0 -2 -4 -6 5 3 1 -1 -3 -5 6 4 2 0 -2 -4 -6 5 3 1 -1 -3 -5 6 4 2 0 -2 -4 -6 5 3 1 -1 -3 -5 6 4 2 0 -2 -4 -6 5 3 1 -1 -3 -5 6 4 2 0 -2 -4 -6 5 3 1 -1 -3 -5 6 4 2 0 -2 -4 -6 5 3 1 -1 -3 -5 6 4 2 0 -2 -4 -6 5 3 1 -1 -3 -5 6 4 2 0 -2 -4 -6 5 3 1 -1 -3 -5 6 4 2 0 -2 -4 -6 5 3 1 -1 -3 -5 6 4 2 0 -2 -4 -6 5 3 1 -1 -3 -5 6 4 2 0 -2 -4 -6 5 3 1 -1 -3 -5 6 4 2 0 -2 -4 -6 5 3 1 -1 -3 -5 6 4 2 0 -2 -4 -6 5 3 1 -1 -3 -5 6 4 2 0 -2 -4 -6 5 3 1 -1 -3 -5 6 4 2 0 -2 -4 -6 5 3 1 -1 -3 -5 6 4 2 0 -2 -4 -6 5 3 1 -1 -3 -5 6 4 2 0 -2 -4 -6 5 3 1 -1 -3 -5 6 4 2 0 -2 -4 -6 5 3 1 -1 -3 -5 6 4 2 0 -2 -4 -6 5 3 1 -1 -3 -5 6 4 2 0 -2 -4 -6 5 3 1 -1 -3 -5 6 4 2 0 -2 -4 -6 5 3 1 -1 -3 -5 6 4 2 0 -2 -4 -6 5 3 1 -1 -3 -5 6 4 2 0 -2 -4 -6 5 3 1 -1 -3 -5 6 4 2 0 -2 -4 -6 5 3 1 -1 -3 -5 6 4 2 0 -2 -4 -6 5 3 1 -1 -3 -5 6 4 2 0 -2 -4 -6 5 3 1 -1 -3 -5 6 4 2 0 -2 -4 -6 5 3 1 -1 -3 -5 6 4 2 0 -2 -4 -6 5 3 1 -1 -3 -5 6 4 2 0 -2 -4 -6 5 3 1 -1 -3 -5 6 4 2 0 -2 -4 -6 5 3 1 -1
3 1 -1 -3 -5 6 4 2 0 -2 -4 -6 5 3 1 -1 -3 -5 6 4 2 0 -2 -4 -6 5 3 1 -1 -3 -5 6 4 2 0 -2 -4 -6 5 3 1 -1 -3 -5 6 4 2 0 -2 -4 -6 5 3 1 -1 -3 -5 6 4 2 0 -2 -4 -6 5 3 1 -1 -3 -5 6 4 2 0 -2 -4 -6 5 3 1 -1 -3 -5 6 4 2 0 -2 -4 -6 5 3 1 -1 -3 -5 6 4 2 0 -2 -4 -6 5 3 1 -1 -3 -5 6 4 2 0 -2 -4 -6 5 3 1 -1 -3 -5 6 4 2 0 -2 -4 -6 5 3 1 -1 -3 -5 6 4 2 0 -2 -4 -6 5 3 1 -1 -3 -5 6 4 2 0 -2 -4 -6 5 3 1 -1 -3 -5 6 4 2 0 -2 -4 -6 5 3 1 -1 -3 -5 6 4 2 0 -2 -4 -6 5 3 1 -1 -3 -5 6 4 2 0 -2 -4 -6 5 3 1 -1 -3 -5 6 4 2 0 -2 -4 -6 5 3 1 -1 -3 -5 6 4 2 0 -2 -4 -6 5 3 1 -1 -3 -5 6 4 2 0 -2 -4 -6 5 3 1 -1 -3 -5 6 4 2 0 -2 -4 -6 5 3 1 -1 -3 -5 6 4 2 0 -2 -4 -6 5 3 1 -1 -3 -5 6 4 2 0 -2 -4 -6 5 3 1 -1 -3 -5 6 4 2 0 -2 -4 -6 5 3 1 -1 -3 -5 6 4 2 0 -2 -4 -6 5 3 1 -1 -3 -5 6 4 2 0 -2 -4 -6 5 3 1 -1 -3 -5 6 4 2 0 -2 -4 -6 5 3 1 -1 -3 -5 6 4 2 0 -2 -4 -6 5 3 1 -1 -3 -5 6 4 2 0 -2 -4 -6 5 3 1 -1 -3 -5 6 4 2 0 -2 -4 -6 5 3 1 -1 -3 -5 6 4 2 0 -2 -4 -6 5 3 1 -1 -3 -5 6 4 2 0 -2 -4 -6 5 3 1 -1 -3 -5 6 4 2 0 -2 -4 -6 5 3 1 -1 -3 -5 6 4 2 0 -2 -4 -6 5 3 1 -1 -3 -5 6 4 2 0 -2 -4 -6 5 3 1 -1 -3 -5 6 4 2 0 -2 -4 -6 5 3 1 -1 -3 -5 6 4 2 0 -2 -4 -6 5 3 1 -1 -3 -5 6 4 2 0 -2 -4 -6 5 3 1 -1 -3 -5 6 4 2 0 -2 -4 -6 5 3 1 -1 -3 -5 6 4 2 0 -2 -4 -6 5 3 1 -1 -3 -5 6
-3 -5 6 4 2 0 -2 -4 -6 5 3 1 -1 -3 -5 6 4 2 0 -2 -4 -6 5 3 1 -1 -3 -5 6 4 2 0 -2 -4 -6 5 3 1 -1 -3 -5 6 4 2 0 -2 -4 -6 5 3 1 -1 -3 -5 6 4 2 0 -2 -4 -6 5 3 1 -1 -3 -5 6 4 2 0 -2 -4 -6 5 3 1 -1 -3 -5 6 4 2 0 -2 -4 -6 5 3 1 -1 -3 -5 6 4 2 0 -2 -4 -6 5 3 1 -1 -3 -5 6 4 2 0 -2 -4 -6 5 3 1 -1 -3 -5 6 4 2 0 -2 -4 -6 5 3 1 -1 -3 -5 6 4 2 0 -2 -4 -6 5 3 1 -1 -3 -5 6 4 2 0 -2 -4 -6 5 3 1 -1 -3 -5 6 4 2 0 -2 -4 -6 5 3 1 -1 -3 -5 6 4 2 0 -2 -4 -6 5 3 1 -1 -3 -5 6 4 2 0 -2 -4 -6 5 3 1 -1 -3 -5 6 4 2 0 -2 -4 -6 5 3 1 -1 -3 -5 6 4 2 0 -2 -4 -6 5 3 1 -1 -3 -5 6 4 2 0 -2 -4 -6 5 3 1 -1 -3 -5 6 4 2 0 -2 -4 -6 5 3 1 -1 -3 -5 6 4 2 0 -2 -4 -6 5 3 1 -1 -3 -5 6 4 2 0 -2 -4 -6 5 3 1 -1 -3 -5 6 4 2 0 -2 -4 -6 5 3 1 -1 -3 -5 6 4 2 0 -2 -4 -6 5 3 1 -1 -3 -5 6 4 2 0 -2 -4 -6 5 3 1 -1 -3 -5 6 4 2 0 -2 -4 -6 5 3 1 -1 -3 -5 6 4 2 0 -2 -4 -6 5 3 1 -1 -3 -5 6 4 2 0 -2 -4 -6 5 3 1 -1 -3 -5 6 4 2 0 -2 -4 -6 5 3 1 -1 -3 -5 6 4 2 0 -2 -4 -6 5 3 1 -1 -3 -5 6 4 2 0 -2 -4 -6 5 3 1 -1 -3 -5 6 4 2 0 -2 -4 -6 5 3 1 -1 -3 -5 6 4 2 0 -2 -4 -6 5 3 1 -1 -3 -5 6 4 2 0 -2 -4 -6 5 3 1 -1 -3 -5 6 4 2 0 -2 -4 -6 5 3 1 -1 -3 -5 6 4 2 0 -2 -4 -6 5 3 1 -1 -3 -5 6 4 2 0 -2 -4 -6 5 3 1 -1 -3 -5 6 4 2 0 -2 -4 -6 5 3 1 -1 -3 -5 6 4 2 0 -2 -4 -6 5 3 1 -1 -3 -5 6 4 2 0
4 2 0 -2 -4 -6 5 3 1 -1 -3 -5 6 4 2 0 -2 -4 -6 5 3 1 -1 -3 -5 6 4 2 0 -2 -4 -6 5 3 1 -1 -3 -5 6 4 2 0 -2 -4 -6 5 3 1 -1 -3 -5 6 4 2 0 -2 -4 -6 5 3 1 -1 -3 -5 6 4 2 0 -2 -4 -6 5 3 1 -1 -3 -5 6 4 2 0 -2 -4 -6 5 3 1 -1 -3 -5 6 4 2 0 -2 -4 -6 5 3 1 -1 -3 -5 6 4 2 0 -2 -4 -6 5 3 1 -1 -3 -5 6 4 2 0 -2 -4 -6 5 3 1 -1 -3 -5 6 4 2 0 -2 -4 -6 5 3 1 -1 -3 -5 6 4 2 0 -2 -4 -6 5 3 1 -1 -3 -5 6 4 2 0 -2 -4 -6 5 3 1 -1 -3 -5 6 4 2 0 -2 -4 -6 5 3 1 -1 -3 -5 6 4 2 0 -2 -4 -6 5 3 1 -1 -3 -5 6 4 2 0 -2 -4 -6 5 3 1 -1 -3 -5 6 4 2 0 -2 -4 -6 5 3 1 -1 -3 -5 6 4 2 0 -2 -4 -6 5 3 1 -1 -3 -5 6 4 2 0 -2 -4 -6 5 3 1 -1 -3 -5 6 4 2 0 -2 -4 -6 5 3 1 -1 -3 -5 6 4 2 0 -2 -4 -6 5 3 1 -1 -3 -5 6 4 2 0 -2 -4 -6 5 3 1 -1 -3 -5 6 4 2 0 -2 -4 -6 5 3 1 -1 -3 -5 6 4 2 0 -2 -4 -6 5 3 1 -1 -3 -5 6 4 2 0 -2 -4 -6 5 3 1 -1 -3 -5 6 4 2 0 -2 -4 -6 5 3 1 -1 -3 -5 6 4 2 0 -2 -4 -6 5 3 1 -1 -3 -5 6 4 2 0 -2 -4 -6 5 3 1 -1 -3 -5 6 4 2 0 -2 -4 -6 5 3 1 -1 -3 -5 6 4 2 0 -2 -4 -6 5 3 1 -1 -3 -5 6 4 2 0 -2 -4 -6 5 3 1 -1 -3 -5 6 4 2 0 -2 -4 -6 5 3 1 -1 -3 -5 6 4 2 0 -2 -4 -6 5 3 1 -1 -3 -5 6 4 2 0 -2 -4 -6 5 3 1 -1 -3 -5 6 4 2 0 -2 -4 -6 5 3 1 -1 -3 -5 6 4 2 0 -2 -4 -6 5 3 1 -1 -3 -5 6 4 2 0 -2 -4 -6 5 3 1 -1 -3 -5 6 4 2 0 -2 -4 -6 5 3 1 -1 -3 -5 6 4 2 0 -2 -4 -6
-2 -4 -6 5 3 1 -1 -3 -5 6 4 2 0 -2 -4 -6 5 3 1 -1 -3 -5 6 4 2 0 -2 -4 -6 5 3 1 -1 -3 -5 6 4 2 0 -2 -4 -6 5 3 1 -1 -3 -5 6 4 2 0 -2 -4 -6 5 3 1 -1 -3 -5 6 4 2 0 -2 -4 -6 5 3 1 -1 -3 -5 6 4 2 0 -2 -4 -6 5 3 1 -1 -3 -5 6 4 2 0 -2 -4 -6 5 3 1 -1 -3 -5 6 4 2 0 -2 -4 -6 5 3 1 -1 -3 -5 6 4 2 0 -2 -4 -6 5 3 1 -1 -3 -5 6 4 2 0 -2 -4 -6 5 3 1 -1 -3 -5 6 4 2 0 -2 -4 -6 5 3 1 -1 -3 -5 6 4 2 0 -2 -4 -6 5 3 1 -1 -3 -5 6 4 2 0 -2 -4 -6 5 3 1 -1 -3 -5 6 4 2 0 -2 -4 -6 5 3 1 -1 -3 -5 6 4 2 0 -2 -4 -6 5 3 1 -1 -3 -5 6 4 2 0 -2 -4 -6 5 3 1 -1 -3 -5 6 4 2 0 -2 -4 -6 5 3 1 -1 -3 -5 6 4 2 0 -2 -4 -6 5 3 1 -1 -3 -5 6 4 2 0 -2 -4 -6 5 3 1 -1 -3 -5 6 4 2 0 -2 -4 -6 5 3 1 -1 -3 -5 6 4 2 0 -2 -4 -6 5 3 1 -1 -3 -5 6 4 2 0 -2 -4 -6 5 3 1 -1 -3 -5 6 4 2 0 -2 -4 -6 5 3 1 -1 -3 -5 6 4 2 0 -2 -4 -6 5 3 1 -1 -3 -5 6 4 2 0 -2 -4 -6 5 3 1 -1 -3 -5 6 4 2 0 -2 -4 -6 5 3 1 -1 -3 -5 6 4 2 0 -2 -4 -6 5 3 1 -1 -3 -5 6 4 2 0 -2 -4 -6 5 3 1 -1 -3 -5 6 4 2 0 -2 -4 -6 5 3 1 -1 -3 -5 6 4 2 0 -2 -4 -6 5 3 1 -1 -3 -5 6 4 2 0 -2 -4 -6 5 3 1 -1 -3 -5 6 4 2 0 -2 -4 -6 5 3 1 -1 -3 -5 6 4 2 0 -2 -4 -6 5 3 1 -1 -3 -5 6 4 2 0 -2 -4 -6 5 3 1 -1 -3 -5 6 4 2 0 -2 -4 -6 5 3 1 -1 -3 -5 6 4 2 0 -2 -4 -6 5 3 1 -1 -3 -5 6 4 2 0 -2 -4 -6 5 3 1 -1 -3 -5 6 4 2 0 -2 -4 -6 5 3 1
5 3 1 -1 -3 -5 6 4 2 0 -2 -4 -6 5 3 1 -1 -3 -5 6 4 2 0 -2 -4 -6 5 3 1 -1 -3 -5 6 4 2 0 -2 -4 -6 5 3 1 -1 -3 -5 6 4 2 0 -2 -4 -6 5 3 1 -1 -3 -5 6 4 2 0 -2 -4 -6 5 3 1 -1 -3 -5 6 4 2 0 -2 -4 -6 5 3 1 -1 -3 -5 6 4 2 0 -2 -4 -6 5 3 1 -1 -3 -5 6 4 2 0 -2 -4 -6 5 3 1 -1 -3 -5 6 4 2 0 -2 -4 -6 5 3 1 -1 -3 -5 6 4 2 0 -2 -4 -6 5 3 1 -1 -3 -5 6 4 2 0 -2 -4 -6 5 3 1 -1 -3 -5 6 4 2 0 -2 -4 -6 5 3 1 -1 -3 -5 6 4 2 0 -2 -4 -6 5 3 1 -1 -3 -5 6 4 2 0 -2 -4 -6 5 3 1 -1 -3 -5 6 4 2 0 -2 -4 -6 5 3 1 -1 -3 -5 6 4 2 0 -2 -4 -6 5 3 1 -1 -3 -5 6 4 2 0 -2 -4 -6 5 3 1 -1 -3 -5 6 4 2 0 -2 -4 -6 5 3 1 -1 -3 -5 6 4 2 0 -2 -4 -6 5 3 1 -1 -3 -5 6 4 2 0 -2 -4 -6 5 3 1 -1 -3 -5 6 4 2 0 -2 -4 -6 5 3 1 -1 -3 -5 6 4 2 0 -2 -4 -6 5 3 1 -1 -3 -5 6 4 2 0 -2 -4 -6 5 3 1 -1 -3 -5 6 4 2 0 -2 -4 -6 5 3 1 -1 -3 -5 6 4 2 0 -2 -4 -6 5 3 1 -1 -3 -5 6 4 2 0 -2 -4 -6 5 3 1 -1 -3 -5 6 4 2 0 -2 -4 -6 5 3 1 -1 -3 -5 6 4 2 0 -2 -4 -6 5 3 1 -1 -3 -5 6 4 2 0 -2 -4 -6 5 3 1 -1 -3 -5 6 4 2 0 -2 -4 -6 5 3 1 -1 -3 -5 6 4 2 0 -2 -4 -6 5 3 1 -1 -3 -5 6 4 2 0 -2 -4 -6 5 3 1 -1 -3 -5 6 4 2 0 -2 -4 -6 5 3 1 -1 -3 -5 6 4 2 0 -2 -4 -6 5 3 1 -1 -3 -5 6 4 2 0 -2 -4 -6 5 3 1 -1 -3 -5 6 4 2 0 -2 -4 -6 5 3 1 -1 -3 -5 6 4 2 0 -2 -4 -6 5 3 1 -1 -3 -5 6 4 2 0 -2 -4 -6 5 3 1 -1 -3 -5
-1 -3 -5 6 4 2 0 -2 -4 -6 5 3 1 -1 -3 -5 6 4 2 0 -2 -4 -6 5 3 1 -1 -3 -5 6 4 2 0 -2 -4 -6 5 3 1 -1 -3 -5 6 4 2 0 -2 -4 -6 5 3 1 -1 -3 -5 6 4 2 0 -2 -4 -6 5 3 1 -1 -3 -5 6 4 2 0 -2 -4 -6 5 3 1 -1 -3 -5 6 4 2 0 -2 -4 -6 5 3 1 -1 -3 -5 6 4 2 0 -2 -4 -6 5 3 1 -1 -3 -5 6 4 2 0 -2 -4 -6 5 3 1 -1 -3 -5 6 4 2 0 -2 -4 -6 5 3 1 -1 -3 -5 6 4 2 0 -2 -4 -6 5 3 1 -1 -3 -5 6 4 2 0 -2 -4 -6 5 3 1 -1 -3 -5 6 4 2 0 -2 -4 -6 5 3 1 -1 -3 -5 6 4 2 0 -2 -4 -6 5 3 1 -1 -3 -5 6 4 2 0 -2 -4 -6 5 3 1 -1 -3 -5 6 4 2 0 -2 -4 -6 5 3 1 -1 -3 -5 6 4 2 0 -2 -4 -6 5 3 1 -1 -3 -5 6 4 2 0 -2 -4 -6 5 3 1 -1 -3 -5 6 4 2 0 -2 -4 -6 5 3 1 -1 -3 -5 6 4 2 0 -2 -4 -6 5 3 1 -1 -3 -5 6 4 2 0 -2 -4 -6 5 3 1 -1 -3 -5 6 4 2 0 -2 -4 -6 5 3 1 -1 -3 -5 6 4 2 0 -2 -4 -6 5 3 1 -1 -3 -5 6 4 2 0 -2 -4 -6 5 3 1 -1 -3 -5 6 4 2 0 -2 -4 -6 5 3 1 -1 -3 -5 6 4 2 0 -2 -4 -6 5 3 1 -1 -3 -5 6 4 2 0 -2 -4 -6 5 3 1 -1 -3 -5 6 4 2 0 -2 -4 -6 5 3 1 -1 -3 -5 6 4 2 0 -2 -4 -6 5 3 1 -1 -3 -5 6 4 2 0 -2 -4 -6 5 3 1 -1 -3 -5 6 4 2 0 -2 -4 -6 5 3 1 -1 -3 -5 6 4 2 0 -2 -4 -6 5 3 1 -1 -3 -5 6 4 2 0 -2 -4 -6 5 3 1 -1 -3 -5 6 4 2 0 -2 -4 -6 5 3 1 -1 -3 -5 6 4 2 0 -2 -4 -6 5 3 1 -1 -3 -5 6 4 2 0 -2 -4 -6 5 3 1 -1 -3 -5 6 4 2 0 -2 -4 -6 5 3 1 -1 -3 -5 6 4 2 0 -2 -4 -6 5 3 1 -1 -3 -5 6 4 2
6 4 2 0 -2 -4 -6 5 3 1 -1 -3 -5 6 4 2 0 -2 -4 -6 5 3 1 -1 -3 -5 6 4 2 0 -2 -4 -6 5 3 1 -1 -3 -5 6 4 2 0 -2 -4 -6 5 3 1 -1 -3 -5 6 4 2 0 -2 -4 -6 5 3 1 -1 -3 -5 6 4 2 0 -2 -4 -6 5 3 1 -1 -3 -5 6 4 2 0 -2 -4 -6 5 3 1 -1 -3 -5 6 4 2 0 -2 -4 -6 5 3 1 -1 -3 -5 6 4 2 0 -2 -4 -6 5 3 1 -1 -3 -5 6 4 2 0 -2 -4 -6 5 3 1 -1 -3 -5 6 4 2 0 -2 -4 -6 5 3 1 -1 -3 -5 6 4 2 0 -2 -4 -6 5 3 1 -1 -3 -5 6 4 2 0 -2 -4 -6 5 3 1 -1 -3 -5 6 4 2 0 -2 -4 -6 5 3 1 -1 -3 -5 6 4 2 0 -2 -4 -6 5 3 1 -1 -3 -5 6 4 2 0 -2 -4 -6 5 3 1 -1 -3 -5 6 4 2 0 -2 -4 -6 5 3 1 -1 -3 -5 6 4 2 0 -2 -4 -6 5 3 1 -1 -3 -5 6 4 2 0 -2 -4 -6 5 3 1 -1 -3 -5 6 4 2 0 -2 -4 -6 5 3 1 -1 -3 -5 6 4 2 0 -2 -4 -6 5 3 1 -1 -3 -5 6 4 2 0 -2 -4 -6 5 3 1 -1 -3 -5 6 4 2 0 -2 -4 -6 5 3 1 -1 -3 -5 6 4 2 0 -2 -4 -6 5 3 1 -1 -3 -5 6 4 2 0 -2 -4 -6 5 3 1 -1 -3 -5 6 4 2 0 -2 -4 -6 5 3 1 -1 -3 -5 6 4 2 0 -2 -4 -6 5 3 1 -1 -3 -5 6 4 2 0 -2 -4 -6 5 3 1 -1 -3 -5 6 4 2 0 -2 -4 -6 5 3 1 -1 -3 -5 6 4 2 0 -2 -4 -6 5 3 1 -1 -3 -5 6 4 2 0 -2 -4 -6 5 3 1 -1 -3 -5 6 4 2 0 -2 -4 -6 5 3 1 -1 -3 -5 6 4 2 0 -2 -4 -6 5 3 1 -1 -3 -5 6 4 2 0 -2 -4 -6 5 3 1 -1 -3 -5 6 4 2 0 -2 -4 -6 5 3 1 -1 -3 -5 6 4 2 0 -2 -4 -6 5 3 1 -1 -3 -5 6 4 2 0 -2 -4 -6 5 3 1 -1 -3 -5 6 4 2 0 -2 -4 -6 5 3 1 -1 -3 -5 6 4 2 0 -2 -4
0 -2 -4 -6 5 3 1 -1 -3 -5 6 4 2 0 -2 -4 -6 5 3 1 -1 -3 -5 6 4 2 0 -2 -4 -6 5 3 1 -1 -3 -5 6 4 2 0 -2 -4 -6 5 3 1 -1 -3 -5 6 4 2 0 -2 -4 -6 5 3 1 -1 -3 -5 6 4 2 0 -2 -4 -6 5 3 1 -1 -3 -5 6 4 2 0 -2 -4 -6 5 3 1 -1 -3 -5 6 4 2 0 -2 -4 -6 5 3 1 -1 -3 -5 6 4 2 0 -2 -4 -6 5 3 1 -1 -3 -5 6 4 2 0 -2 -4 -6 5 3 1 -1 -3 -5 6 4 2 0 -2 -4 -6 5 3 1 -1 -3 -5 6 4 2 0 -2 -4 -6 5 3 1 -1 -3 -5 6 4 2 0 -2 -4 -6 5 3 1 -1 -3 -5 6 4 2 0 -2 -4 -6 5 3 1 -1 -3 -5 6 4 2 0 -2 -4 -6 5 3 1 -1 -3 -5 6 4 2 0 -2 -4 -6 5 3 1 -1 -3 -5 6 4 2 0 -2 -4 -6 5 3 1 -1 -3 -5 6 4 2 0 -2 -4 -6 5 3 1 -1 -3 -5 6 4 2 0 -2 -4 -6 5 3 1 -1 -3 -5 6 4 2 0 -2 -4 -6 5 3 1 -1 -3 -5 6 4 2 0 -2 -4 -6 5 3 1 -1 -3 -5 6 4 2 0 -2 -4 -6 5 3 1 -1 -3 -5 6 4 2 0 -2 -4 -6 5 3 1 -1 -3 -5 6 4 2 0 -2 -4 -6 5 3 1 -1 -3 -5 6 4 2 0 -2 -4 -6 5 3 1 -1 -3 -5 6 4 2 0 -2 -4 -6 5 3 1 -1 -3 -5 6 4 2 0 -2 -4 -6 5 3 1 -1 -3 -5 6 4 2 0 -2 -4 -6 5 3 1 -1 -3 -5 6 4 2 0 -2 -4 -6 5 3 1 -1 -3 -5 6 4 2 0 -2 -4 -6 5 3 1 -1 -3 -5 6 4 2 0 -2 -4 -6 5 3 1 -1 -3 -5 6 4 2 0 -2 -4 -6 5 3 1 -1 -3 -5 6 4 2 0 -2 -4 -6 5 3 1 -1 -3 -5 6 4 2 0 -2 -4 -6 5 3 1 -1 -3 -5 6 4 2 0 -2 -4 -6 5 3 1 -1 -3 -5 6 4 2 0 -2 -4 -6 5 3 1 -1 -3 -5 6 4 2 0 -2 -4 -6 5 3 1 -1 -3 -5 6 4 2 0 -2 -4 -6 5 3 1 -1 -3 -5 6 4 2 0 -2 -4 -6 5 3
-6 5 3 1 -1 -3 -5 6 4 2 0 -2 -4 -6 5 3 1 -1 -3 -5 6 4 2 0 -2 -4 -6 5 3 1 -1 -3 -5 6 4 2 0 -2 -4 -6 5 3 1 -1 -3 -5 6 4 2 0 -2 -4 -6 5 3 1 -1 -3 -5 6 4 2 0 -2 -4 -6 5 3 1 -1 -3 -5 6 4 2 0 -2 -4 -6 5 3 1 -1 -3 -5 6 4 2 0 -2 -4 -6 5 3 1 -1 -3 -5 6 4 2 0 -2 -4 -6 5 3 1 -1 -3 -5 6 4 2 0 -2 -4 -6 5 3 1 -1 -3 -5 6 4 2 0 -2 -4 -6 5 3 1 -1 -3 -5 6 4 2 0 -2 -4 -6 5 3 1 -1 -3 -5 6 4 2 0 -2 -4 -6 5 3 1 -1 -3 -5 6 4 2 0 -2 -4 -6 5 3 1 -1 -3 -5 6 4 2 0 -2 -4 -6 5 3 1 -1 -3 -5 6 4 2 0 -2 -4 -6 5 3 1 -1 -3 -5 6 4 2 0 -2 -4 -6 5 3 1 -1 -3 -5 6 4 2 0 -2 -4 -6 5 3 1 -1 -3 -5 6 4 2 0 -2 -4 -6 5 3 1 -1 -3 -5 6 4 2 0 -2 -4 -6 5 3 1 -1 -3 -5 6 4 2 0 -2 -4 -6 5 3 1 -1 -3 -5 6 4 2 0 -2 -4 -6 5 3 1 -1 -3 -5 6 4 2 0 -2 -4 -6 5 3 1 -1 -3 -5 6 4 2 0 -2 -4 -6 5 3 1 -1 -3 -5 6 4 2 0 -2 -4 -6 5 3 1 -1 -3 -5 6 4 2 0 -2 -4 -6 5 3 1 -1 -3 -5 6 4 2 0 -2 -4 -6 5 3 1 -1 -3 -5 6 4 2 0 -2 -4 -6 5 3 1 -1 -3 -5 6 4 2 0 -2 -4 -6 5 3 1 -1 -3 -5 6 4 2 0 -2 -4 -6 5 3 1 -1 -3 -5 6 4 2 0 -2 -4 -6 5 3 1 -1 -3 -5 6 4 2 0 -2 -4 -6 5 3 1 -1 -3 -5 6 4 2 0 -2 -4 -6 5 3 1 -1 -3 -5 6 4 2 0 -2 -4 -6 5 3 1 -1 -3 -5 6 4 2 0 -2 -4 -6 5 3 1 -1 -3 -5 6 4 2 0 -2 -4 -6 5 3 1 -1 -3 -5 6 4 2 0 -2 -4 -6 5 3 1 -1 -3 -5 6 4 2 0 -2 -4 -6 5 3 1 -1 -3 -5 6 4 2 0 -2 -4 -6 5 3 1 -1 -3
1 -1 -3 -5 6 4 2 0 -2 -4 -6 5 3 1 -1 -3 -5 6 4 2 0 -2 -4 -6 5 3 1 -1 -3 -5 6 4 2 0 -2 -4 -6 5 3 1 -1 -3 -5 6 4 2 0 -2 -4 -6 5 3 1 -1 -3 -5 6 4 2 0 -2 -4 -6 5 3 1 -1 -3 -5 6 4 2 0 -2 -4 -6 5 3 1 -1 -3 -5 6 4 2 0 -2 -4 -6 5 3 1 -1 -3 -5 6 4 2 0 -2 -4 -6 5 3 1 -1 -3 -5 6 4 2 0 -2 -4 -6 5 3 1 -1 -3 -5 6 4 2 0 -2 -4 -6 5 3 1 -1 -3 -5 6 4 2 0 -2 -4 -6 5 3 1 -1 -3 -5 6 4 2 0 -2 -4 -6 5 3 1 -1 -3 -5 6 4 2 0 -2 -4 -6 5 3 1 -1 -3 -5 6 4 2 0 -2 -4 -6 5 3 1 -1 -3 -5 6 4 2 0 -2 -4 -6 5 3 1 -1 -3 -5 6 4 2 0 -2 -4 -6 5 3 1 -1 -3 -5 6 4 2 0 -2 -4 -6 5 3 1 -1 -3 -5 6 4 2 0 -2 -4 -6 5 3 1 -1 -3 -5 6 4 2 0 -2 -4 -6 5 3 1 -1 -3 -5 6 4 2 0 -2 -4 -6 5 3 1 -1 -3 -5 6 4 2 0 -2 -4 -6 5 3 1 -1 -3 -5 6 4 2 0 -2 -4 -6 5 3 1 -1 -3 -5 6 4 2 0 -2 -4 -6 5 3 1 -1 -3 -5 6 4 2 0 -2 -4 -6 5 3 1 -1 -3 -5 6 4 2 0 -2 -4 -6 5 3 1 -1 -3 -5 6 4 2 0 -2 -4 -6 5 3 1 -1 -3 -5 6 4 2 0 -2 -4 -6 5 3 1 -1 -3 -5 6 4 2 0 -2 -4 -6 5 3 1 -1 -3 -5 6 4 2 0 -2 -4 -6 5 3 1 -1 -3 -5 6 4 2 0 -2 -4 -6 5 3 1 -1 -3 -5 6 4 2 0 -2 -4 -6 5 3 1 -1 -3 -5 6 4 2 0 -2 -4 -6 5 3 1 -1 -3 -5 6 4 2 0 -2 -4 -6 5 3 1 -1 -3 -5 6 4 2 0 -2 -4 -6 5 3 1 -1 -3 -5 6 4 2 0 -2 -4 -6 5 3 1 -1 -3 -5 6 4 2 0 -2 -4 -6 5 3 1 -1 -3 -5 6 4 2 0 -2 -4 -6 5 3 1 -1 -3 -5 6 4 2 0 -2 -4 -6 5 3 1 -1 -3 -5 6 4
-5 6 4 2 0 -2 -4 -6 5 3 1 -1 -3 -5 6 4 2 0 -2 -4 -6 5 3 1 -1 -3 -5 6 4 2 0 -2 -4 -6 5 3 1 -1 -3 -5 6 4 2 0 -2 -4 -6 5 3 1 -1 -3 -5 6 4 2 0 -2 -4 -6 5 3 1 -1 -3 -5 6 4 2 0 -2 -4 -6 5 3 1 -1 -3 -5 6 4 2 0 -2 -4 -6 5 3 1 -1 -3 -5 6 4 2 0 -2 -4 -6 5 3 1 -1 -3 -5 6 4 2 0 -2 -4 -6 5 3 1 -1 -3 -5 6 4 2 0 -2 -4 -6 5 3 1 -1 -3 -5 6 4 2 0 -2 -4 -6 5 3 1 -1 -3 -5 6 4 2 0 -2 -4 -6 5 3 1 -1 -3 -5 6 4 2 0 -2 -4 -6 5 3 1 -1 -3 -5 6 4 2 0 -2 -4 -6 5 3 1 -1 -3 -5 6 4 2 0 -2 -4 -6 5 3 1 -1 -3 -5 6 4 2 0 -2 -4 -6 5 3 1 -1 -3 -5 6 4 2 0 -2 -4 -6 5 3 1 -1 -3 -5 6 4 2 0 -2 -4 -6 5 3 1 -1 -3 -5 6 4 2 0 -2 -4 -6 5 3 1 -1 -3 -5 6 4 2 0 -2 -4 -6 5 3 1 -1 -3 -5 6 4 2 0 -2 -4 -6 5 3 1 -1 -3 -5 6 4 2 0 -2 -4 -6 5 3 1 -1 -3 -5 6 4 2 0 -2 -4 -6 5 3 1 -1 -3 -5 6 4 2 0 -2 -4 -6 5 3 1 -1 -3 -5 6 4 2 0 -2 -4 -6 5 3 1 -1 -3 -5 6 4 2 0 -2 -4 -6 5 3 1 -1 -3 -5 6 4 2 0 -2 -4 -6 5 3 1 -1 -3 -5 6 4 2 0 -2 -4 -6 5 3 1 -1 -3 -5 6 4 2 0 -2 -4 -6 5 3 1 -1 -3 -5 6 4 2 0 -2 -4 -6 5 3 1 -1 -3 -5 6 4 2 0 -2 -4 -6 5 3 1 -1 -3 -5 6 4 2 0 -2 -4 -6 5 3 1 -1 -3 -5 6 4 2 0 -2 -4 -6 5 3 1 -1 -3 -5 6 4 2 0 -2 -4 -6 5 3 1 -1 -3 -5 6 4 2 0 -2 -4 -6 5 3 1 -1 -3 -5 6 4 2 0 -2 -4 -6 5 3 1 -1 -3 -5 6 4 2 0 -2 -4 -6 5 3 1 -1 -3 -5 6 4 2 0 -2 -4 -6 5 3 1 -1 -3 -5 6 4 2 0 -2
2 0 -2 -4 -6 5 3 1 -1 -3 -5 6 4 2 0 -2 -4 -6 5 3 1 -1 -3 -5 6 4 2 0 -2 -4 -6 5 3 1 -1 -3 -5 6 4 2 0 -2 -4 -6 5 3 1 -1 -3 -5 6 4 2 0 -2 -4 -6 5 3 1 -1 -3 -5 6 4 2 0 -2 -4 -6 5 3 1 -1 -3 -5 6 4 2 0 -2 -4 -6 5 3 1 -1 -3 -5 6 4 2 0 -2 -4 -6 5 3 1 -1 -3 -5 6 4 2 0 -2 -4 -6 5 3 1 -1 -3 -5 6 4 2 0 -2 -4 -6 5 3 1 -1 -3 -5 6 4 2 0 -2 -4 -6 5 3 1 -1 -3 -5 6 4 2 0 -2 -4 -6 5 3 1 -1 -3 -5 6 4 2 0 -2 -4 -6 5 3 1 -1 -3 -5 6 4 2 0 -2 -4 -6 5 3 1 -1 -3 -5 6 4 2 0 -2 -4 -6 5 3 1 -1 -3 -5 6 4 2 0 -2 -4 -6 5 3 1 -1 -3 -5 6 4 2 0 -2 -4 -6 5 3 1 -1 -3 -5 6 4 2 0 -2 -4 -6 5 3 1 -1 -3 -5 6 4 2 0 -2 -4 -6 5 3 1 -1 -3 -5 6 4 2 0 -2 -4 -6 5 3 1 -1 -3 -5 6 4 2 0 -2 -4 -6 5 3 1 -1 -3 -5 6 4 2 0 -2 -4 -6 5 3 1 -1 -3 -5 6 4 2 0 -2 -4 -6 5 3 1 -1 -3 -5 6 4 2 0 -2 -4 -6 5 3 1 -1 -3 -5 6 4 2 0 -2 -4 -6 5 3 1 -1 -3 -5 6 4 2 0 -2 -4 -6 5 3 1 -1 -3 -5 6 4 2 0 -2 -4 -6 5 3 1 -1 -3 -5 6 4 2 0 -2 -4 -6 5 3 1 -1 -3 -5 6 4 2 0 -2 -4 -6 5 3 1 -1 -3 -5 6 4 2 0 -2 -4 -6 5 3 1 -1 -3 -5 6 4 2 0 -2 -4 -6 5 3 1 -1 -3 -5 6 4 2 0 -2 -4 -6 5 3 1 -1 -3 -5 6 4 2 0 -2 -4 -6 5 3 1 -1 -3 -5 6 4 2 0 -2 -4 -6 5 3 1 -1 -3 -5 6 4 2 0 -2 -4 -6 5 3 1 -1 -3 -5 6 4 2 0 -2 -4 -6 5 3 1 -1 -3 -5 6 4 2 0 -2 -4 -6 5 3 1 -1 -3 -5 6 4 2 0 -2 -4 -6 5 3 1 -1 -3 -5 6 4 2 0 -2 -4 -6 5
-4 -6 5 3 1 -1 -3 -5 6 4 2 0 -2 -4 -6 5 3 1 -1 -3 -5 6 4 2 0 -2 -4 -6 5 3 1 -1 -3 -5 6 4 2 0 -2 -4 -6 5 3 1 -1 -3 -5 6 4 2 0 -2 -4 -6 5 3 1 -1 -3 -5 6 4 2 0 -2 -4 -6 5 3 1 -1 -3 -5 6 4 2 0 -2 -4 -6 5 3 1 -1 -3 -5 6 4 2 0 -2 -4 -6 5 3 1 -1 -3 -5 6 4 2 0 -2 -4 -6 5 3 1 -1 -3 -5 6 4 2 0 -2 -4 -6 5 3 1 -1 -3 -5 6 4 2 0 -2 -4 -6 5 3 1 -1 -3 -5 6 4 2 0 -2 -4 -6 5 3 1 -1 -3 -5 6 4 2 0 -2 -4 -6 5 3 1 -1 -3 -5 6 4 2 0 -2 -4 -6 5 3 1 -1 -3 -5 6 4 2 0 -2 -4 -6 5 3 1 -1 -3 -5 6 4 2 0 -2 -4 -6 5 3 1 -1 -3 -5 6 4 2 0 -2 -4 -6 5 3 1 -1 -3 -5 6 4 2 0 -2 -4 -6 5 3 1 -1 -3 -5 6 4 2 0 -2 -4 -6 5 3 1 -1 -3 -5 6 4 2 0 -2 -4 -6 5 3 1 -1 -3 -5 6 4 2 0 -2 -4 -6 5 3 1 -1 -3 -5 6 4 2 0 -2 -4 -6 5 3 1 -1 -3 -5 6 4 2 0 -2 -4 -6 5 3 1 -1 -3 -5 6 4 2 0 -2 -4 -6 5 3 1 -1 -3 -5 6 4 2 0 -2 -4 -6 5 3 1 -1 -3 -5 6 4 2 0 -2 -4 -6 5 3 1 -1 -3 -5 6 4 2 0 -2 -4 -6 5 3 1 -1 -3 -5 6 4 2 0 -2 -4 -6 5 3 1 -1 -3 -5 6 4 2 0 -2 -4 -6 5 3 1 -1 -3 -5 6 4 2 0 -2 -4 -6 5 3 1 -1 -3 -5 6 4 2 0 -2 -4 -6 5 3 1 -1 -3 -5 6 4 2 0 -2 -4 -6 5 3 1 -1 -3 -5 6 4 2 0 -2 -4 -6 5 3 1 -1 -3 -5 6 4 2 0 -2 -4 -6 5 3 1 -1 -3 -5 6 4 2 0 -2 -4 -6 5 3 1 -1 -3 -5 6 4 2 0 -2 -4 -6 5 3 1 -1 -3 -5 6 4 2 0 -2 -4 -6 5 3 1 -1 -3 -5 6 4 2 0 -2 -4 -6 5 3 1 -1 -3 -5 6 4 2 0 -2 -4 -6 5 3 1 -1
3 1 -1 -3 -5 6 4 2 0 -2 -4 -6 5 3 1 -1 -3 -5 6 4 2 0 -2 -4 -6 5 3 1 -1 -3 -5 6 4 2 0 -2 -4 -6 5 3 1 -1 -3 -5 6 4 2 0 -2 -4 -6 5 3 1 -1 -3 -5 6 4 2 0 -2 -4 -6 5 3 1 -1 -3 -5 6 4 2 0 -2 -4 -6 5 3 1 -1 -3 -5 6 4 2 0 -2 -4 -6 5 3 1 -1 -3 -5 6 4 2 0 -2 -4 -6 5 3 1 -1 -3 -5 6 4 2 0 -2 -4 -6 5 3 1 -1 -3 -5 6 4 2 0 -2 -4 -6 5 3 1 -1 -3 -5 6 4 2 0 -2 -4 -6 5 3 1 -1 -3 -5 6 4 2 0 -2 -4 -6 5 3 1 -1 -3 -5 6 4 2 0 -2 -4 -6 5 3 1 -1 -3 -5 6 4 2 0 -2 -4 -6 5 3 1 -1 -3 -5 6 4 2 0 -2 -4 -6 5 3 1 -1 -3 -5 6 4 2 0 -2 -4 -6 5 3 1 -1 -3 -5 6 4 2 0 -2 -4 -6 5 3 1 -1 -3 -5 6 4 2 0 -2 -4 -6 5 3 1 -1 -3 -5 6 4 2 0 -2 -4 -6 5 3 1 -1 -3 -5 6 4 2 0 -2 -4 -6 5 3 1 -1 -3 -5 6 4 2 0 -2 -4 -6 5 3 1 -1 -3 -5 6 4 2 0 -2 -4 -6 5 3 1 -1 -3 -5 6 4 2 0 -2 -4 -6 5 3 1 -1 -3 -5 6 4 2 0 -2 -4 -6 5 3 1 -1 -3 -5 6 4 2 0 -2 -4 -6 5 3 1 -1 -3 -5 6 4 2 0 -2 -4 -6 5 3 1 -1 -3 -5 6 4 2 0 -2 -4 -6 5 3 1 -1 -3 -5 6 4 2 0 -2 -4 -6 5 3 1 -1 -3 -5 6 4 2 0 -2 -4 -6 5 3 1 -1 -3 -5 6 4 2 0 -2 -4 -6 5 3 1 -1 -3 -5 6 4 2 0 -2 -4 -6 5 3 1 -1 -3 -5 6 4 2 0 -2 -4 -6 5 3 1 -1 -3 -5 6 4 2 0 -2 -4 -6 5 3 1 -1 -3 -5 6 4 2 0 -2 -4 -6 5 3 1 -1 -3 -5 6 4 2 0 -2 -4 -6 5 3 1 -1 -3 -5 6 4 2 0 -2 -4 -6 5 3 1 -1 -3 -5 6 4 2 0 -2 -4 -6 5 3 1 -1 -3 -5 6 4 2 0 -2 -4 -6 5 3 1 -1 -3 -5 6
-3 -5 6 4 2 0 -2 -4 -6 5 3 1 -1 -3 -5 6 4 2 0 -2 -4 -6 5 3 1 -1 -3 -5 6 4 2 0 -2 -4 -6 5 3 1 -1 -3 -5 6 4 2 0 -2 -4 -6 5 3 1 -1 -3 -5 6 4 2 0 -2 -4 -6 5 3 1 -1 -3 -5 6 4 2 0 -2 -4 -6 5 3 1 -1 -3 -5 6 4 2 0 -2 -4 -6 5 3 1 -1 -3 -5 6 4 2 0 -2 -4 -6 5 3 1 -1 -3 -5 6 4 2 0 -2 -4 -6 5 3 1 -1 -3 -5 6 4 2 0 -2 -4 -6 5 3 1 -1 -3 -5 6 4 2 0 -2 -4 -6 5 3 1 -1 -3 -5 6 4 2 0 -2 -4 -6 5 3 1 -1 -3 -5 6 4 2 0 -2 -4 -6 5 3 1 -1 -3 -5 6 4 2 0 -2 -4 -6 5 3 1 -1 -3 -5 6 4 2 0 -2 -4 -6 5 3 1 -1 -3 -5 6 4 2 0 -2 -4 -6 5 3 1 -1 -3 -5 6 4 2 0 -2 -4 -6 5 3 1 -1 -3 -5 6 4 2 0 -2 -4 -6 5 3 1 -1 -3 -5 6 4 2 0 -2 -4 -6 5 3 1 -1 -3 -5 6 4 2 0 -2 -4 -6 5 3 1 -1 -3 -5 6 4 2 0 -2 -4 -6 5 3 1 -1 -3 -5 6 4 2 0 -2 -4 -6 5 3 1 -1 -3 -5 6 4 2 0 -2 -4 -6 5 3 1 -1 -3 -5 6 4 2 0 -2 -4 -6 5 3 1 -1 -3 -5 6 4 2 0 -2 -4 -6 5 3 1 -1 -3 -5 6 4 2 0 -2 -4 -6 5 3 1 -1 -3 -5 6 4 2 0 -2 -4 -6 5 3 1 -1 -3 -5 6 4 2 0 -2 -4 -6 5 3 1 -1 -3 -5 6 4 2 0 -2 -4 -6 5 3 1 -1 -3 -5 6 4 2 0 -2 -4 -6 5 3 1 -1 -3 -5 6 4 2 0 -2 -4 -6 5 3 1 -1 -3 -5 6 4 2 0 -2 -4 -6 5 3 1 -1 -3 -5 6 4 2 0 -2 -4 -6 5 3 1 -1 -3 -5 6 4 2 0 -2 -4 -6 5 3 1 -1 -3 -5 6 4 2 0 -2 -4 -6 5 3 1 -1 -3 -5 6 4 2 0 -2 -4 -6 5 3 1 -1 -3 -5 6 4 2 0 -2 -4 -6 5 3 1 -1 -3 -5 6 4 2 0 -2 -4 -6 5 3 1 -1 -3 -5 6 4 2 0
4 2 0 -2 -4 -6 5 3 1 -1 -3 -5 6 4 2 0 -2 -4 -6 5 3 1 -1 -3 -5 6 4 2 0 -2 -4 -6 5 3 1 -1 -3 -5 6 4 2 0 -2 -4 -6 5 3 1 -1 -3 -5 6 4 2 0 -2 -4 -6 5 3 1 -1 -3 -5 6 4 2 0 -2 -4 -6 5 3 1 -1 -3 -5 6 4 2 0 -2 -4 -6 5 3 1 -1 -3 -5 6 4 2 0 -2 -4 -6 5 3 1 -1 -3 -5 6 4 2 0 -2 -4 -6 5 3 1 -1 -3 -5 6 4 2 0 -2 -4 -6 5 3 1 -1 -3 -5 6 4 2 0 -2 -4 -6 5 3 1 -1 -3 -5 6 4 2 0 -2 -4 -6 5 3 1 -1 -3 -5 6 4 2 0 -2 -4 -6 5 3 1 -1 -3 -5 6 4 2 0 -2 -4 -6 5 3 1 -1 -3 -5 6 4 2 0 -2 -4 -6 5 3 1 -1 -3 -5 6 4 2 0 -2 -4 -6 5 3 1 -1 -3 -5 6 4 2 0 -2 -4 -6 5 3 1 -1 -3 -5 6 4 2 0 -2 -4 -6 5 3 1 -1 -3 -5 6 4 2 0 -2 -4 -6 5 3 1 -1 -3 -5 6 4 2 0 -2 -4 -6 5 3 1 -1 -3 -5 6 4 2 0 -2 -4 -6 5 3 1 -1 -3 -5 6 4 2 0 -2 -4 -6 5 3 1 -1 -3 -5 6 4 2 0 -2 -4 -6 5 3 1 -1 -3 -5 6 4 2 0 -2 -4 -6 5 3 1 -1 -3 -5 6 4 2 0 -2 -4 -6 5 3 1 -1 -3 -5 6 4 2 0 -2 -4 -6 5 3 1 -1 -3 -5 6 4 2 0 -2 -4 -6 5 3 1 -1 -3 -5 6 4 2 0 -2 -4 -6 5 3 1 -1 -3 -5 6 4 2 0 -2 -4 -6 5 3 1 -1 -3 -5 6 4 2 0 -2 -4 -6 5 3 1 -1 -3 -5 6 4 2 0 -2 -4 -6 5 3 1 -1 -3 -5 6 4 2 0 -2 -4 -6 5 3 1 -1 -3 -5 6 4 2 0 -2 -4 -6 5 3 1 -1 -3 -5 6 4 2 0 -2 -4 -6 5 3 1 -1 -3 -5 6 4 2 0 -2 -4 -6 5 3 1 -1 -3 -5 6 4 2 0 -2 -4 -6 5 3 1 -1 -3 -5 6 4 2 0 -2 -4 -6 5 3 1 -1 -3 -5 6 4 2 0 -2 -4 -6 5 3 1 -1 -3 -5 6 4 2 0 -2 -4 -6
-2 -4 -6 5 3 1 -1 -3 -5 6 4 2 0 -2 -4 -6 5 3 1 -1 -3 -5 6 4 2 0 -2 -4 -6 5 3 1 -1 -3 -5 6 4 2 0 -2 -4 -6 5 3 1 -1 -3 -5 6 4 2 0 -2 -4 -6 5 3 1 -1 -3 -5 6 4 2 0 -2 -4 -6 5 3 1 -1 -3 -5 6 4 2 0 -2 -4 -6 5 3 1 -1 -3 -5 6 4 2 0 -2 -4 -6 5 3 1 -1 -3 -5 6 4 2 0 -2 -4 -6 5 3 1 -1 -3 -5 6 4 2 0 -2 -4 -6 5 3 1 -1 -3 -5 6 4 2 0 -2 -4 -6 5 3 1 -1 -3 -5 6 4 2 0 -2 -4 -6 5 3 1 -1 -3 -5 6 4 2 0 -2 -4 -6 5 3 1 -1 -3 -5 6 4 2 0 -2 -4 -6 5 3 1 -1 -3 -5 6 4 2 0 -2 -4 -6 5 3 1 -1 -3 -5 6 4 2 0 -2 -4 -6 5 3 1 -1 -3 -5 6 4 2 0 -2 -4 -6 5 3 1 -1 -3 -5 6 4 2 0 -2 -4 -6 5 3 1 -1 -3 -5 6 4 2 0 -2 -4 -6 5 3 1 -1 -3 -5 6 4 2 0 -2 -4 -6 5 3 1 -1 -3 -5 6 4 2 0 -2 -4 -6 5 3 1 -1 -3 -5 6 4 2 0 -2 -4 -6 5 3 1 -1 -3 -5 6 4 2 0 -2 -4 -6 5 3 1 -1 -3 -5 6 4 2 0 -2 -4 -6 5 3 1 -1 -3 -5 6 4 2 0 -2 -4 -6 5 3 1 -1 -3 -5 6 4 2 0 -2 -4 -6 5 3 1 -1 -3 -5 6 4 2 0 -2 -4 -6 5 3 1 -1 -3 -5 6 4 2 0 -2 -4 -6 5 3 1 -1 -3 -5 6 4 2 0 -2 -4 -6 5 3 1 -1 -3 -5 6 4 2 0 -2 -4 -6 5 3 1 -1 -3 -5 6 4 2 0 -2 -4 -6 5 3 1 -1 -3 -5 6 4 2 0 -2 -4 -6 5 3 1 -1 -3 -5 6 4 2 0 -2 -4 -6 5 3 1 -1 -3 -5 6 4 2 0 -2 -4 -6 5 3 1 -1 -3 -5 6 4 2 0 -2 -4 -6 5 3 1 -1 -3 -5 6 4 2 0 -2 -4 -6 5 3 1 -1 -3 -5 6 4 2 0 -2 -4 -6 5 3 1 -1 -3 -5 6 4 2 0 -2 -4 -6 5 3 1 -1 -3 -5 6 4 2 0 -2 -4 -6 5 3 1
5 3 1 -1 -3 -5 6 4 2 0 -2 -4 -6 5 3 1 -1 -3 -5 6 4 2 0 -2 -4 -6 5 3 1 -1 -3 -5 6 4 2 0 -2 -4 -6 5 3 1 -1 -3 -5 6 4 2 0 -2 -4 -6 5 3 1 -1 -3 -5 6 4 2 0 -2 -4 -6 5 3 1 -1 -3 -5 6 4 2 0 -2 -4 -6 5 3 1 -1 -3 -5 6 4 2 0 -2 -4 -6 5 3 1 -1 -3 -5 6 4 2 0 -2 -4 -6 5 3 1 -1 -3 -5 6 4 2 0 -2 -4 -6 5 3 1 -1 -3 -5 6 4 2 0 -2 -4 -6 5 3 1 -1 -3 -5 6 4 2 0 -2 -4 -6 5 3 1 -1 -3 -5 6 4 2 0 -2 -4 -6 5 3 1 -1 -3 -5 6 4 2 0 -2 -4 -6 5 3 1 -1 -3 -5 6 4 2 0 -2 -4 -6 5 3 1 -1 -3 -5 6 4 2 0 -2 -4 -6 5 3 1 -1 -3 -5 6 4 2 0 -2 -4 -6 5 3 1 -1 -3 -5 6 4 2 0 -2 -4 -6 5 3 1 -1 -3 -5 6 4 2 0 -2 -4 -6 5 3 1 -1 -3 -5 6 4 2 0 -2 -4 -6 5 3 1 -1 -3 -5 6 4 2 0 -2 -4 -6 5 3 1 -1 -3 -5 6 4 2 0 -2 -4 -6 5 3 1 -1 -3 -5 6 4 2 0 -2 -4 -6 5 3 1 -1 -3 -5 6 4 2 0 -2 -4 -6 5 3 1 -1 -3 -5 6 4 2 0 -2 -4 -6 5 3 1 -1 -3 -5 6 4 2 0 -2 -4 -6 5 3 1 -1 -3 -5 6 4 2 0 -2 -4 -6 5 3 1 -1 -3 -5 6 4 2 0 -2 -4 -6 5 3 1 -1 -3 -5 6 4 2 0 -2 -4 -6 5 3 1 -1 -3 -5 6 4 2 0 -2 -4 -6 5 3 1 -1 -3 -5 6 4 2 0 -2 -4 -6 5 3 1 -1 -3 -5 6 4 2 0 -2 -4 -6 5 3 1 -1 -3 -5 6 4 2 0 -2 -4 -6 5 3 1 -1 -3 -5 6 4 2 0 -2 -4 -6 5 3 1 -1 -3 -5 6 4 2 0 -2 -4 -6 5 3 1 -1 -3 -5 6 4 2 0 -2 -4 -6 5 3 1 -1 -3 -5 6 4 2 0 -2 -4 -6 5 3 1 -1 -3 -5 6 4 2 0 -2 -4 -6 5 3 1 -1 -3 -5 6 4 2 0 -2 -4 -6 5 3 1 -1 -3 -5
-1 -3 -5 6 4 2 0 -2 -4 -6 5 3 1 -1 -3 -5 6 4 2 0 -2 -4 -6 5 3 1 -1 -3 -5 6 4 2 0 -2 -4 -6 5 3 1 -1 -3 -5 6 4 2 0 -2 -4 -6 5 3 1 -1 -3 -5 6 4 2 0 -2 -4 -6 5 3 1 -1 -3 -5 6 4 2 0 -2 -4 -6 5 3 1 -1 -3 -5 6 4 2 0 -2 -4 -6 5 3 1 -1 -3 -5 6 4 2 0 -2 -4 -6 5 3 1 -1 -3 -5 6 4 2 0 -2 -4 -6 5 3 1 -1 -3 -5 6 4 2 0 -2 -4 -6 5 3 1 -1 -3 -5 6 4 2 0 -2 -4 -6 5 3 1 -1 -3 -5 6 4 2 0 -2 -4 -6 5 3 1 -1 -3 -5 6 4 2 0 -2 -4 -6 5 3 1 -1 -3 -5 6 4 2 0 -2 -4 -6 5 3 1 -1 -3 -5 6 4 2 0 -2 -4 -6 5 3 1 -1 -3 -5 6 4 2 0 -2 -4 -6 5 3 1 -1 -3 -5 6 4 2 0 -2 -4 -6 5 3 1 -1 -3 -5 6 4 2 0 -2 -4 -6 5 3 1 -1 -3 -5 6 4 2 0 -2 -4 -6 5 3 1 -1 -3 -5 6 4 2 0 -2 -4 -6 5 3 1 -1 -3 -5 6 4 2 0 -2 -4 -6 5 3 1 -1 -3 -5 6 4 2 0 -2 -4 -6 5 3 1 -1 -3 -5 6 4 2 0 -2 -4 -6 5 3 1 -1 -3 -5 6 4 2 0 -2 -4 -6 5 3 1 -1 -3 -5 6 4 2 0 -2 -4 -6 5 3 1 -1 -3 -5 6 4 2 0 -2 -4 -6 5 3 1 -1 -3 -5 6 4 2 0 -2 -4 -6 5 3 1 -1 -3 -5 6 4 2 0 -2 -4 -6 5 3 1 -1 -3 -5 6 4 2 0 -2 -4 -6 5 3 1 -1 -3 -5 6 4 2 0 -2 -4 -6 5 3 1 -1 -3 -5 6 4 2 0 -2 -4 -6 5 3 1 -1 -3 -5 6 4 2 0 -2 -4 -6 5 3 1 -1 -3 -5 6 4 2 0 -2 -4 -6 5 3 1 -1 -3 -5 6 4 2 0 -2 -4 -6 5 3 1 -1 -3 -5 6 4 2 0 -2 -4 -6 5 3 1 -1 -3 -5 6 4 2 0 -2 -4 -6 5 3 1 -1 -3 -5 6 4 2 0 -2 -4 -6 5 3 1 -1 -3 -5 6 4 2 0 -2 -4 -6 5 3 1 -1 -3 -5 6 4 2
6 4 2 0 -2 -4 -6 5 3 1 -1 -3 -5 6 4 2 0 -2 -4 -6 5 3 1 -1 -3 -5 6 4 2 0 -2 -4 -6 5 3 1 -1 -3 -5 6 4 2 0 -2 -4 -6 5 3 1 -1 -3 -5 6 4 2 0 -2 -4 -6 5 3 1 -1 -3 -5 6 4 2 0 -2 -4 -6 5 3 1 -1 -3 -5 6 4 2 0 -2 -4 -6 5 3 1 -1 -3 -5 6 4 2 0 -2 -4 -6 5 3 1 -1 -3 -5 6 4 2 0 -2 -4 -6 5 3 1 -1 -3 -5 6 4 2 0 -2 -4 -6 5 3 1 -1 -3 -5 6 4 2 0 -2 -4 -6 5 3 1 -1 -3 -5 6 4 2 0 -2 -4 -6 5 3 1 -1 -3 -5 6 4 2 0 -2 -4 -6 5 3 1 -1 -3 -5 6 4 2 0 -2 -4 -6 5 3 1 -1 -3 -5 6 4 2 0 -2 -4 -6 5 3 1 -1 -3 -5 6 4 2 0 -2 -4 -6 5 3 1 -1 -3 -5 6 4 2 0 -2 -4 -6 5 3 1 -1 -3 -5 6 4 2 0 -2 -4 -6 5 3 1 -1 -3 -5 6 4 2 0 -2 -4 -6 5 3 1 -1 -3 -5 6 4 2 0 -2 -4 -6 5 3 1 -1 -3 -5 6 4 2 0 -2 -4 -6 5 3 1 -1 -3 -5 6 4 2 0 -2 -4 -6 5 3 1 -1 -3 -5 6 4 2 0 -2 -4 -6 5 3 1 -1 -3 -5 6 4 2 0 -2 -4 -6 5 3 1 -1 -3 -5 6 4 2 0 -2 -4 -6 5 3 1 -1 -3 -5 6 4 2 0 -2 -4 -6 5 3 1 -1 -3 -5 6 4 2 0 -2 -4 -6 5 3 1 -1 -3 -5 6 4 2 0 -2 -4 -6 5 3 1 -1 -3 -5 6 4 2 0 -2 -4 -6 5 3 1 -1 -3 -5 6 4 2 0 -2 -4 -6 5 3 1 -1 -3 -5 6 4 2 0 -2 -4 -6 5 3 1 -1 -3 -5 6 4 2 0 -2 -4 -6 5 3 1 -1 -3 -5 6 4 2 0 -2 -4 -6 5 3 1 -1 -3 -5 6 4 2 0 -2 -4 -6 5 3 1 -1 -3 -5 6 4 2 0 -2 -4 -6 5 3 1 -1 -3 -5 6 4 2 0 -2 -4 -6 5 3 1 -1 -3 -5 6 4 2 0 -2 -4 -6 5 3 1 -1 -3 -5 6 4 2 0 -2 -4 -6 5 3 1 -1 -3 -5 6 4 2 0 -2 -4
0 -2 -4 -6 5 3 1 -1 -3 -5 6 4 2 0 -2 -4 -6 5 3 1 -1 -3 -5 6 4 2 0 -2 -4 -6 5 3 1 -1 -3 -5 6 4 2 0 -2 -4 -6 5 3 1 -1 -3 -5 6 4 2 0 -2 -4 -6 5 3 1 -1 -3 -5 6 4 2 0 -2 -4 -6 5 3 1 -1 -3 -5 6 4 2 0 -2 -4 -6 5 3 1 -1 -3 -5 6 4 2 0 -2 -4 -6 5 3 1 -1 -3 -5 6 4 2 0 -2 -4 -6 5 3 1 -1 -3 -5 6 4 2 0 -2 -4 -6 5 3 1 -1 -3 -5 6 4 2 0 -2 -4 -6 5 3 1 -1 -3 -5 6 4 2 0 -2 -4 -6 5 3 1 -1 -3 -5 6 4 2 0 -2 -4 -6 5 3 1 -1 -3 -5 6 4 2 0 -2 -4 -6 5 3 1 -1 -3 -5 6 4 2 0 -2 -4 -6 5 3 1 -1 -3 -5 6 4 2 0 -2 -4 -6 5 3 1 -1 -3 -5 6 4 2 0 -2 -4 -6 5 3 1 -1 -3 -5 6 4 2 0 -2 -4 -6 5 3 1 -1 -3 -5 6 4 2 0 -2 -4 -6 5 3 1 -1 -3 -5 6 4 2 0 -2 -4 -6 5 3 1 -1 -3 -5 6 4 2 0 -2 -4 -6 5 3 1 -1 -3 -5 6 4 2 0 -2 -4 -6 5 3 1 -1 -3 -5 6 4 2 0 -2 -4 -6 5 3 1 -1 -3 -5 6 4 2 0 -2 -4 -6 5 3 1 -1 -3 -5 6 4 2 0 -2 -4 -6 5 3 1 -1 -3 -5 6 4 2 0 -2 -4 -6 5 3 1 -1 -3 -5 6 4 2 0 -2 -4 -6 5 3 1 -1 -3 -5 6 4 2 0 -2 -4 -6 5 3 1 -1 -3 -5 6 4 2 0 -2 -4 -6 5 3 1 -1 -3 -5 6 4 2 0 -2 -4 -6 5 3 1 -1 -3 -5 6 4 2 0 -2 -4 -6 5 3 1 -1 -3 -5 6 4 2 0 -2 -4 -6 5 3 1 -1 -3 -5 6 4 2 0 -2 -4 -6 5 3 1 -1 -3 -5 6 4 2 0 -2 -4 -6 5 3 1 -1 -3 -5 6 4 2 0 -2 -4 -6 5 3 1 -1 -3 -5 6 4 2 0 -2 -4 -6 5 3 1 -1 -3 -5 6 4 2 0 -2 -4 -6 5 3 1 -1 -3 -5 6 4 2 0 -2 -4 -6 5 3 1 -1 -3 -5 6 4 2 0 -2 -4 -6 5 3
-6 5 3 1 -1 -3 -5 6 4 2 0 -2 -4 -6 5 3 1 -1 -3 -5 6 4 2 0 -2 -4 -6 5 3 1 -1 -3 -5 6 4 2 0 -2 -4 -6 5 3 1 -1 -3 -5 6 4 2 0 -2 -4 -6 5 3 1 -1 -3 -5 6 4 2 0 -2 -4 -6 5 3 1 -1 -3 -5 6 4 2 0 -2 -4 -6 5 3 1 -1 -3 -5 6 4 2 0 -2 -4 -6 5 3 1 -1 -3 -5 6 4 2 0 -2 -4 -6 5 3 1 -1 -3 -5 6 4 2 0 -2 -4 -6 5 3 1 -1 -3 -5 6 4 2 0 -2 -4 -6 5 3 1 -1 -3 -5 6 4 2 0 -2 -4 -6 5 3 1 -1 -3 -5 6 4 2 0 -2 -4 -6 5 3 1 -1 -3 -5 6 4 2 0 -2 -4 -6 5 3 1 -1 -3 -5 6 4 2 0 -2 -4 -6 5 3 1 -1 -3 -5 6 4 2 0 -2 -4 -6 5 3 1 -1 -3 -5 6 4 2 0 -2 -4 -6 5 3 1 -1 -3 -5 6 4 2 0 -2 -4 -6 5 3 1 -1 -3 -5 6 4 2 0 -2 -4 -6 5 3 1 -1 -3 -5 6 4 2 0 -2 -4 -6 5 3 1 -1 -3 -5 6 4 2 0 -2 -4 -6 5 3 1 -1 -3 -5 6 4 2 0 -2 -4 -6 5 3 1 -1 -3 -5 6 4 2 0 -2 -4 -6 5 3 1 -1 -3 -5 6 4 2 0 -2 -4 -6 5 3 1 -1 -3 -5 6 4 2 0 -2 -4 -6 5 3 1 -1 -3 -5 6 4 2 0 -2 -4 -6 5 3 1 -1 -3 -5 6 4 2 0 -2 -4 -6 5 3 1 -1 -3 -5 6 4 2 0 -2 -4 -6 5 3 1 -1 -3 -5 6 4 2 0 -2 -4 -6 5 3 1 -1 -3 -5 6 4 2 0 -2 -4 -6 5 3 1 -1 -3 -5 6 4 2 0 -2 -4 -6 5 3 1 -1 -3 -5 6 4 2 0 -2 -4 -6 5 3 1 -1 -3 -5 6 4 2 0 -2 -4 -6 5 3 1 -1 -3 -5 6 4 2 0 -2 -4 -6 5 3 1 -1 -3 -5 6 4 2 0 -2 -4 -6 5 3 1 -1 -3 -5 6 4 2 0 -2 -4 -6 5 3 1 -1 -3 -5 6 4 2 0 -2 -4 -6 5 3 1 -1 -3 -5 6 4 2 0 -2 -4 -6 5 3 1 -1 -3 -5 6 4 2 0 -2 -4 -6 5 3 1 -1 -3
1 -1 -3 -5 6 4 2 0 -2 -4 -6 5 3 1 -1 -3 -5 6 4 2 0 -2 -4 -6 5 3 1 -1 -3 -5 6 4 2 0 -2 -4 -6 5 3 1 -1 -3 -5 6 4 2 0 -2 -4 -6 5 3 1 -1 -3 -5 6 4 2 0 -2 -4 -6 5 3 1 -1 -3 -5 6 4 2 0 -2 -4 -6 5 3 1 -1 -3 -5 6 4 2 0 -2 -4 -6 5 3 1 -1 -3 -5 6 4 2 0 -2 -4 -6 5 3 1 -1 -3 -5 6 4 2 0 -2 -4 -6 5 3 1 -1 -3 -5 6 4 2 0 -2 -4 -6 5 3 1 -1 -3 -5 6 4 2 0 -2 -4 -6 5 3 1 -1 -3 -5 6 4 2 0 -2 -4 -6 5 3 1 -1 -3 -5 6 4 2 0 -2 -4 -6 5 3 1 -1 -3 -5 6 4 2 0 -2 -4 -6 5 3 1 -1 -3 -5 6 4 2 0 -2 -4 -6 5 3 1 -1 -3 -5 6 4 2 0 -2 -4 -6 5 3 1 -1 -3 -5 6 4 2 0 -2 -4 -6 5 3 1 -1 -3 -5 6 4 2 0 -2 -4 -6 5 3 1 -1 -3 -5 6 4 2 0 -2 -4 -6 5 3 1 -1 -3 -5 6 4 2 0 -2 -4 -6 5 3 1 -1 -3 -5 6 4 2 0 -2 -4 -6 5 3 1 -1 -3 -5 6 4 2 0 -2 -4 -6 5 3 1 -1 -3 -5 6 4 2 0 -2 -4 -6 5 3 1 -1 -3 -5 6 4 2 0 -2 -4 -6 5 3 1 -1 -3 -5 6 4 2 0 -2 -4 -6 5 3 1 -1 -3 -5 6 4 2 0 -2 -4 -6 5 3 1 -1 -3 -5 6 4 2 0 -2 -4 -6 5 3 1 -1 -3 -5 6 4 2 0 -2 -4 -6 5 3 1 -1 -3 -5 6 4 2 0 -2 -4 -6 5 3 1 -1 -3 -5 6 4 2 0 -2 -4 -6 5 3 1 -1 -3 -5 6 4 2 0 -2 -4 -6 5 3 1 -1 -3 -5 6 4 2 0 -2 -4 -6 5 3 1 -1 -3 -5 6 4 2 0 -2 -4 -6 5 3 1 -1 -3 -5 6 4 2 0 -2 -4 -6 5 3 1 -1 -3 -5 6 4 2 0 -2 -4 -6 5 3 1 -1 -3 -5 6 4 2 0 -2 -4 -6 5 3 1 -1 -3 -5 6 4 2 0 -2 -4 -6 5 3 1 -1 -3 -5 6 4 2 0 -2 -4 -6 5 3 1 -1 -3 -5 6 4
-5 6 4 2 0 -2 -4 -6 5 3 1 -1 -3 -5 6 4 2 0 -2 -4 -6 5 3 1 -1 -3 -5 6 4 2 0 -2 -4 -6 5 3 1 -1 -3 -5 6 4 2 0 -2 -4 -6 5 3 1 -1 -3 -5 6 4 2 0 -2 -4 -6 5 3 1 -1 -3 -5 6 4 2 0 -2 -4 -6 5 3 1 -1 -3 -5 6 4 2 0 -2 -4 -6 5 3 1 -1 -3 -5 6 4 2 0 -2 -4 -6 5 3 1 -1 -3 -5 6 4 2 0 -2 -4 -6 5 3 1 -1 -3 -5 6 4 2 0 -2 -4 -6 5 3 1 -1 -3 -5 6 4 2 0 -2 -4 -6 5 3 1 -1 -3 -5 6 4 2 0 -2 -4 -6 5 3 1 -1 -3 -5 6 4 2 0 -2 -4 -6 5 3 1 -1 -3 -5 6 4 2 0 -2 -4 -6 5 3 1 -1 -3 -5 6 4 2 0 -2 -4 -6 5 3 1 -1 -3 -5 6 4 2 0 -2 -4 -6 5 3 1 -1 -3 -5 6 4 2 0 -2 -4 -6 5 3 1 -1 -3 -5 6 4 2 0 -2 -4 -6 5 3 1 -1 -3 -5 6 4 2 0 -2 -4 -6 5 3 1 -1 -3 -5 6 4 2 0 -2 -4 -6 5 3 1 -1 -3 -5 6 4 2 0 -2 -4 -6 5 3 1 -1 -3 -5 6 4 2 0 -2 -4 -6 5 3 1 -1 -3 -5 6 4 2 0 -2 -4 -6 5 3 1 -1 -3 -5 6 4 2 0 -2 -4 -6 5 3 1 -1 -3 -5 6 4 2 0 -2 -4 -6 5 3 1 -1 -3 -5 6 4 2 0 -2 -4 -6 5 3 1 -1 -3 -5 6 4 2 0 -2 -4 -6 5 3 1 -1 -3 -5 6 4 2 0 -2 -4 -6 5 3 1 -1 -3 -5 6 4 2 0 -2 -4 -6 5 3 1 -1 -3 -5 6 4 2 0 -2 -4 -6 5 3 1 -1 -3 -5 6 4 2 0 -2 -4 -6 5 3 1 -1 -3 -5 6 4 2 0 -2 -4 -6 5 3 1 -1 -3 -5 6 4 2 0 -2 -4 -6 5 3 1 -1 -3 -5 6 4 2 0 -2 -4 -6 5 3 1 -1 -3 -5 6 4 2 0 -2 -4 -6 5 3 1 -1 -3 -5 6 4 2 0 -2 -4 -6 5 3 1 -1 -3 -5 6 4 2 0 -2 -4 -6 5 3 1 -1 -3 -5 6 4 2 0 -2 -4 -6 5 3 1 -1 -3 -5 6 4 2 0 -2
2 0 -2 -4 -6 5 3 1 -1 -3 -5 6 4 2 0 -2 -4 -6 5 3 1 -1 -3 -5 6 4 2 0 -2 -4 -6 5 3 1 -1 -3 -5 6 4 2 0 -2 -4 -6 5 3 1 -1 -3 -5 6 4 2 0 -2 -4 -6 5 3 1 -1 -3 -5 6 4 2 0 -2 -4 -6 5 3 1 -1 -3 -5 6 4 2 0 -2 -4 -6 5 3 1 -1 -3 -5 6 4 2 0 -2 -4 -6 5 3 1 -1 -3 -5 6 4 2 0 -2 -4 -6 5 3 1 -1 -3 -5 6 4 2 0 -2 -4 -6 5 3 1 -1 -3 -5 6 4 2 0 -2 -4 -6 5 3 1 -1 -3 -5 6 4 2 0 -2 -4 -6 5 3 1 -1 -3 -5 6 4 2 0 -2 -4 -6 5 3 1 -1 -3 -5 6 4 2 0 -2 -4 -6 5 3 1 -1 -3 -5 6 4 2 0 -2 -4 -6 5 3 1 -1 -3 -5 6 4 2 0 -2 -4 -6 5 3 1 -1 -3 -5 6 4 2 0 -2 -4 -6 5 3 1 -1 -3 -5 6 4 2 0 -2 -4 -6 5 3 1 -1 -3 -5 6 4 2 0 -2 -4 -6 5 3 1 -1 -3 -5 6 4 2 0 -2 -4 -6 5 3 1 -1 -3 -5 6 4 2 0 -2 -4 -6 5 3 1 -1 -3 -5 6 4 2 0 -2 -4 -6 5 3 1 -1 -3 -5 6 4 2 0 -2 -4 -6 5 3 1 -1 -3 -5 6 4 2 0 -2 -4 -6 5 3 1 -1 -3 -5 6 4 2 0 -2 -4 -6 5 3 1 -1 -3 -5 6 4 2 0 -2 -4 -6 5 3 1 -1 -3 -5 6 4 2 0 -2 -4 -6 5 3 1 -1 -3 -5 6 4 2 0 -2 -4 -6 5 3 1 -1 -3 -5 6 4 2 0 -2 -4 -6 5 3 1 -1 -3 -5 6 4 2 0 -2 -4 -6 5 3 1 -1 -3 -5 6 4 2 0 -2 -4 -6 5 3 1 -1 -3 -5 6 4 2 0 -2 -4 -6 5 3 1 -1 -3 -5 6 4 2 0 -2 -4 -6 5 3 1 -1 -3 -5 6 4 2 0 -2 -4 -6 5 3 1 -1 -3 -5 6 4 2 0 -2 -4 -6 5 3 1 -1 -3 -5 6 4 2 0 -2 -4 -6 5 3 1 -1 -3 -5 6 4 2 0 -2 -4 -6 5 3 1 -1 -3 -5 6 4 2 0 -2 -4 -6 5 3 1 -1 -3 -5 6 4 2 0 -2 -4 -6 5
-4 -6 5 3 1 -1 -3 -5 6 4 2 0 -2 -4 -6 5 3 1 -1 -3 -5 6 4 2 0 -2 -4 -6 5 3 1 -1 -3 -5 6 4 2 0 -2 -4 -6 5 3 1 -1 -3 -5 6 4 2 0 -2 -4 -6 5 3 1 -1 -3 -5 6 4 2 0 -2 -4 -6 5 3 1 -1 -3 -5 6 4 2 0 -2 -4 -6 5 3 1 -1 -3 -5 6 4 2 0 -2 -4 -6 5 3 1 -1 -3 -5 6 4 2 0 -2 -4 -6 5 3 1 -1 -3 -5 6 4 2 0 -2 -4 -6 5 3 1 -1 -3 -5 6 4 2 0 -2 -4 -6 5 3 1 -1 -3 -5 6 4 2 0 -2 -4 -6 5 3 1 -1 -3 -5 6 4 2 0 -2 -4 -6 5 3 1 -1 -3 -5 6 4 2 0 -2 -4 -6 5 3 1 -1 -3 -5 6 4 2 0 -2 -4 -6 5 3 1 -1 -3 -5 6 4 2 0 -2 -4 -6 5 3 1 -1 -3 -5 6 4 2 0 -2 -4 -6 5 3 1 -1 -3 -5 6 4 2 0 -2 -4 -6 5 3 1 -1 -3 -5 6 4 2 0 -2 -4 -6 5 3 1 -1 -3 -5 6 4 2 0 -2 -4 -6 5 3 1 -1 -3 -5 6 4 2 0 -2 -4 -6 5 3 1 -1 -3 -5 6 4 2 0 -2 -4 -6 5 3 1 -1 -3 -5 6 4 2 0 -2 -4 -6 5 3 1 -1 -3 -5 6 4 2 0 -2 -4 -6 5 3 1 -1 -3 -5 6 4 2 0 -2 -4 -6 5 3 1 -1 -3 -5 6 4 2 0 -2 -4 -6 5 3 1 -1 -3 -5 6 4 2 0 -2 -4 -6 5 3 1 -1 -3 -5 6 4 2 0 -2 -4 -6 5 3 1 -1 -3 -5 6 4 2 0 -2 -4 -6 5 3 1 -1 -3 -5 6 4 2 0 -2 -4 -6 5 3 1 -1 -3 -5 6 4 2 0 -2 -4 -6 5 3 1 -1 -3 -5 6 4 2 0 -2 -4 -6 5 3 1 -1 -3 -5 6 4 2 0 -2 -4 -6 5 3 1 -1 -3 -5 6 4 2 0 -2 -4 -6 5 3 1 -1 -3 -5 6 4 2 0 -2 -4 -6 5 3 1 -1 -3 -5 6 4 2 0 -2 -4 -6 5 3 1 -1 -3 -5 6 4 2 0 -2 -4 -6 5 3 1 -1 -3 -5 6 4 2 0 -2 -4 -6 5 3 1 -1 -3 -5 6 4 2 0 -2 -4 -6 5 3 1 -1
3 1 -1 -3 -5 6 4 2 0 -2 -4 -6 5 3 1 -1 -3 -5 6 4 2 0 -2 -4 -6 5 3 1 -1 -3 -5 6 4 2 0 -2 -4 -6 5 3 1 -1 -3 -5 6 4 2 0 -2 -4 -6 5 3 1 -1 -3 -5 6 4 2 0 -2 -4 -6 5 3 1 -1 -3 -5 6 4 2 0 -2 -4 -6 5 3 1 -1 -3 -5 6 4 2 0 -2 -4 -6 5 3 1 -1 -3 -5 6 4 2 0 -2 -4 -6 5 3 1 -1 -3 -5 6 4 2 0 -2 -4 -6 5 3 1 -1 -3 -5 6 4 2 0 -2 -4 -6 5 3 1 -1 -3 -5 6 4 2 0 -2 -4 -6 5 3 1 -1 -3 -5 6 4 2 0 -2 -4 -6 5 3 1 -1 -3 -5 6 4 2 0 -2 -4 -6 5 3 1 -1 -3 -5 6 4 2 0 -2 -4 -6 5 3 1 -1 -3 -5 6 4 2 0 -2 -4 -6 5 3 1 -1 -3 -5 6 4 2 0 -2 -4 -6 5 3 1 -1 -3 -5 6 4 2 0 -2 -4 -6 5 3 1 -1 -3 -5 6 4 2 0 -2 -4 -6 5 3 1 -1 -3 -5 6 4 2 0 -2 -4 -6 5 3 1 -1 -3 -5 6 4 2 0 -2 -4 -6 5 3 1 -1 -3 -5 6 4 2 0 -2 -4 -6 5 3 1 -1 -3 -5 6 4 2 0 -2 -4 -6 5 3 1 -1 -3 -5 6 4 2 0 -2 -4 -6 5 3 1 -1 -3 -5 6 4 2 0 -2 -4 -6 5 3 1 -1 -3 -5 6 4 2 0 -2 -4 -6 5 3 1 -1 -3 -5 6 4 2 0 -2 -4 -6 5 3 1 -1 -3 -5 6 4 2 0 -2 -4 -6 5 3 1 -1 -3 -5 6 4 2 0 -2 -4 -6 5 3 1 -1 -3 -5 6 4 2 0 -2 -4 -6 5 3 1 -1 -3 -5 6 4 2 0 -2 -4 -6 5 3 1 -1 -3 -5 6 4 2 0 -2 -4 -6 5 3 1 -1 -3 -5 6 4 2 0 -2 -4 -6 5 3 1 -1 -3 -5 6 4 2 0 -2 -4 -6 5 3 1 -1 -3 -5 6 4 2 0 -2 -4 -6 5 3 1 -1 -3 -5 6 4 2 0 -2 -4 -6 5 3 1 -1 -3 -5 6 4 2 0 -2 -4 -6 5 3 1 -1 -3 -5 6 4 2 0 -2 -4 -6 5 3 1 -1 -3 -5 6 4 2 0 -2 -4 -6 5 3 1 -1 -3 -5 6
-3 -5 6 4 2 0 -2 -4 -6 5 3 1 -1 -3 -5 6 4 2 0 -2 -4 -6 5 3 1 -1 -3 -5 6 4 2 0 -2 -4 -6 5 3 1 -1 -3 -5 6 4 2 0 -2 -4 -6 5 3 1 -1 -3 -5 6 4 2 0 -2 -4 -6 5 3 1 -1 -3 -5 6 4 2 0 -2 -4 -6 5 3 1 -1 -3 -5 6 4 2 0 -2 -4 -6 5 3 1 -1 -3 -5 6 4 2 0 -2 -4 -6 5 3 1 -1 -3 -5 6 4 2 0 -2 -4 -6 5 3 1 -1 -3 -5 6 4 2 0 -2 -4 -6 5 3 1 -1 -3 -5 6 4 2 0 -2 -4 -6 5 3 1 -1 -3 -5 6 4 2 0 -2 -4 -6 5 3 1 -1 -3 -5 6 4 2 0 -2 -4 -6 5 3 1 -1 -3 -5 6 4 2 0 -2 -4 -6 5 3 1 -1 -3 -5 6 4 2 0 -2 -4 -6 5 3 1 -1 -3 -5 6 4 2 0 -2 -4 -6 5 3 1 -1 -3 -5 6 4 2 0 -2 -4 -6 5 3 1 -1 -3 -5 6 4 2 0 -2 -4 -6 5 3 1 -1 -3 -5 6 4 2 0 -2 -4 -6 5 3 1 -1 -3 -5 6 4 2 0 -2 -4 -6 5 3 1 -1 -3 -5 6 4 2 0 -2 -4 -6 5 3 1 -1 -3 -5 6 4 2 0 -2 -4 -6 5 3 1 -1 -3 -5 6 4 2 0 -2 -4 -6 5 3 1 -1 -3 -5 6 4 2 0 -2 -4 -6 5 3 1 -1 -3 -5 6 4 2 0 -2 -4 -6 5 3 1 -1 -3 -5 6 4 2 0 -2 -4 -6 5 3 1 -1 -3 -5 6 4 2 0 -2 -4 -6 5 3 1 -1 -3 -5 6 4 2 0 -2 -4 -6 5 3 1 -1 -3 -5 6 4 2 0 -2 -4 -6 5 3 1 -1 -3 -5 6 4 2 0 -2 -4 -6 5 3 1 -1 -3 -5 6 4 2 0 -2 -4 -6 5 3 1 -1 -3 -5 6 4 2 0 -2 -4 -6 5 3 1 -1 -3 -5 6 4 2 0 -2 -4 -6 5 3 1 -1 -3 -5 6 4 2 0 -2 -4 -6 5 3 1 -1 -3 -5 6 4 2 0 -2 -4 -6 5 3 1 -1 -3 -5 6 4 2 0 -2 -4 -6 5 3 1 -1 -3 -5 6 4 2 0 -2 -4 -6 5 3 1 -1 -3 -5 6 4 2 0 -2 -4 -6 5 3 1 -1 -3 -5 6 4 2 0
4 2 0 -2 -4 -6 5 3 1 -1 -3 -5 6 4 2 0 -2 -4 -6 5 3 1 -1 -3 -5 6 4 2 0 -2 -4 -6 5 3 1 -1 -3 -5 6 4 2 0 -2 -4 -6 5 3 1 -1 -3 -5 6 4 2 0 -2 -4 -6 5 3 1 -1 -3 -5 6 4 2 0 -2 -4 -6 5 3 1 -1 -3 -5 6 4 2 0 -2 -4 -6 5 3 1 -1 -3 -5 6 4 2 0 -2 -4 -6 5 3 1 -1 -3 -5 6 4 2 0 -2 -4 -6 5 3 1 -1 -3 -5 6 4 2 0 -2 -4 -6 5 3 1 -1 -3 -5 6 4 2 0 -2 -4 -6 5 3 1 -1 -3 -5 6 4 2 0 -2 -4 -6 5 3 1 -1 -3 -5 6 4 2 0 -2 -4 -6 5 3 1 -1 -3 -5 6 4 2 0 -2 -4 -6 5 3 1 -1 -3 -5 6 4 2 0 -2 -4 -6 5 3 1 -1 -3 -5 6 4 2 0 -2 -4 -6 5 3 1 -1 -3 -5 6 4 2 0 -2 -4 -6 5 3 1 -1 -3 -5 6 4 2 0 -2 -4 -6 5 3 1 -1 -3 -5 6 4 2 0 -2 -4 -6 5 3 1 -1 -3 -5 6 4 2 0 -2 -4 -6 5 3 1 -1 -3 -5 6 4 2 0 -2 -4 -6 5 3 1 -1 -3 -5 6 4 2 0 -2 -4 -6 5 3 1 -1 -3 -5 6 4 2 0 -2 -4 -6 5 3 1 -1 -3 -5 6 4 2 0 -2 -4 -6 5 3 1 -1 -3 -5 6 4 2 0 -2 -4 -6 5 3 1 -1 -3 -5 6 4 2 0 -2 -4 -6 5 3 1 -1 -3 -5 6 4 2 0 -2 -4 -6 5 3 1 -1 -3 -5 6 4 2 0 -2 -4 -6 5 3 1 -1 -3 -5 6 4 2 0 -2 -4 -6 5 3 1 -1 -3 -5 6 4 2 0 -2 -4 -6 5 3 1 -1 -3 -5 6 4 2 0 -2 -4 -6 5 3 1 -1 -3 -5 6 4 2 0 -2 -4 -6 5 3 1 -1 -3 -5 6 4 2 0 -2 -4 -6 5 3 1 -1 -3 -5 6 4 2 0 -2 -4 -6 5 3 1 -1 -3 -5 6 4 2 0 -2 -4 -6 5 3 1 -1 -3 -5 6 4 2 0 -2 -4 -6 5 3 1 -1 -3 -5 6 4 2 0 -2 -4 -6 5 3 1 -1 -3 -5 6 4 2 0 -2 -4 -6 5 3 1 -1 -3 -5 6 4 2 0 -2 -4 -6
-2 -4 -6 5 3 1 -1 -3 -5 6 4 2 0 -2 -4 -6 5 3 1 -1 -3 -5 6 4 2 0 -2 -4 -6 5 3 1 -1 -3 -5 6 4 2 0 -2 -4 -6 5 3 1 -1 -3 -5 6 4 2 0 -2 -4 -6 5 3 1 -1 -3 -5 6 4 2 0 -2 -4 -6 5 3 1 -1 -3 -5 6 4 2 0 -2 -4 -6 5 3 1 -1 -3 -5 6 4 2 0 -2 -4 -6 5 3 1 -1 -3 -5 6 4 2 0 -2 -4 -6 5 3 1 -1 -3 -5 6 4 2 0 -2 -4 -6 5 3 1 -1 -3 -5 6 4 2 0 -2 -4 -6 5 3 1 -1 -3 -5 6 4 2 0 -2 -4 -6 5 3 1 -1 -3 -5 6 4 2 0 -2 -4 -6 5 3 1 -1 -3 -5 6 4 2 0 -2 -4 -6 5 3 1 -1 -3 -5 6 4 2 0 -2 -4 -6 5 3 1 -1 -3 -5 6 4 2 0 -2 -4 -6 5 3 1 -1 -3 -5 6 4 2 0 -2 -4 -6 5 3 1 -1 -3 -5 6 4 2 0 -2 -4 -6 5 3 1 -1 -3 -5 6 4 2 0 -2 -4 -6 5 3 1 -1 -3 -5 6 4 2 0 -2 -4 -6 5 3 1 -1 -3 -5 6 4 2 0 -2 -4 -6 5 3 1 -1 -3 -5 6 4 2 0 -2 -4 -6 5 3 1 -1 -3 -5 6 4 2 0 -2 -4 -6 5 3 1 -1 -3 -5 6 4 2 0 -2 -4 -6 5 3 1 -1 -3 -5 6 4 2 0 -2 -4 -6 5 3 1 -1 -3 -5 6 4 2 0 -2 -4 -6 5 3 1 -1 -3 -5 6 4 2 0 -2 -4 -6 5 3 1 -1 -3 -5 6 4 2 0 -2 -4 -6 5 3 1 -1 -3 -5 6 4 2 0 -2 -4 -6 5 3 1 -1 -3 -5 6 4 2 0 -2 -4 -6 5 3 1 -1 -3 -5 6 4 2 0 -2 -4 -6 5 3 1 -1 -3 -5 6 4 2 0 -2 -4 -6 5 3 1 -1 -3 -5 6 4 2 0 -2 -4 -6 5 3 1 -1 -3 -5 6 4 2 0 -2 -4 -6 5 3 1 -1 -3 -5 6 4 2 0 -2 -4 -6 5 3 1 -1 -3 -5 6 4 2 0 -2 -4 -6 5 3 1 -1 -3 -5 6 4 2 0 -2 -4 -6 5 3 1 -1 -3 -5 6 4 2 0 -2 -4 -6 5 3 1 -1 -3 -5 6 4 2 0 -2 -4 -6 5 3 1
5 3 1 -1 -3 -5 6 4 2 0 -2 -4 -6 5 3 1 -1 -3 -5 6 4 2 0 -2 -4 -6 5 3 1 -1 -3 -5 6 4 2 0 -2 -4 -6 5 3 1 -1 -3 -5 6 4 2 0 -2 -4 -6 5 3 1 -1 -3 -5 6 4 2 0 -2 -4 -6 5 3 1 -1 -3 -5 6 4 2 0 -2 -4 -6 5 3 1 -1 -3 -5 6 4 2 0 -2 -4 -6 5 3 1 -1 -3 -5 6 4 2 0 -2 -4 -6 5 3 1 -1 -3 -5 6 4 2 0 -2 -4 -6 5 3 1 -1 -3 -5 6 4 2 0 -2 -4 -6 5 3 1 -1 -3 -5 6 4 2 0 -2 -4 -6 5 3 1 -1 -3 -5 6 4 2 0 -2 -4 -6 5 3 1 -1 -3 -5 6 4 2 0 -2 -4 -6 5 3 1 -1 -3 -5 6 4 2 0 -2 -4 -6 5 3 1 -1 -3 -5 6 4 2 0 -2 -4 -6 5 3 1 -1 -3 -5 6 4 2 0 -2 -4 -6 5 3 1 -1 -3 -5 6 4 2 0 -2 -4 -6 5 3 1 -1 -3 -5 6 4 2 0 -2 -4 -6 5 3 1 -1 -3 -5 6 4 2 0 -2 -4 -6 5 3 1 -1 -3 -5 6 4 2 0 -2 -4 -6 5 3 1 -1 -3 -5 6 4 2 0 -2 -4 -6 5 3 1 -1 -3 -5 6 4 2 0 -2 -4 -6 5 3 1 -1 -3 -5 6 4 2 0 -2 -4 -6 5 3 1 -1 -3 -5 6 4 2 0 -2 -4 -6 5 3 1 -1 -3 -5 6 4 2 0 -2 -4 -6 5 3 1 -1 -3 -5 6 4 2 0 -2 -4 -6 5 3 1 -1 -3 -5 6 4 2 0 -2 -4 -6 5 3 1 -1 -3 -5 6 4 2 0 -2 -4 -6 5 3 1 -1 -3 -5 6 4 2 0 -2 -4 -6 5 3 1 -1 -3 -5 6 4 2 0 -2 -4 -6 5 3 1 -1 -3 -5 6 4 2 0 -2 -4 -6 5 3 1 -1 -3 -5 6 4 2 0 -2 -4 -6 5 3 1 -1 -3 -5 6 4 2 0 -2 -4 -6 5 3 1 -1 -3 -5 6 4 2 0 -2 -4 -6 5 3 1 -1 -3 -5 6 4 2 0 -2 -4 -6 5 3 1 -1 -3 -5 6 4 2 0 -2 -4 -6 5 3 1 -1 -3 -5 6 4 2 0 -2 -4 -6 5 3 1 -1 -3 -5 6 4 2 0 -2 -4 -6 5 3 1 -1 -3 -5
-1 -3 -5 6 4 2 0 -2 -4 -6 5 3 1 -1 -3 -5 6 4 2 0 -2 -4 -6 5 3 1 -1 -3 -5 6 4 2 0 -2 -4 -6 5 3 1 -1 -3 -5 6 4 2 0 -2 -4 -6 5 3 1 -1 -3 -5 6 4 2 0 -2 -4 -6 5 3 1 -1 -3 -5 6 4 2 0 -2 -4 -6 5 3 1 -1 -3 -5 6 4 2 0 -2 -4 -6 5 3 1 -1 -3 -5 6 4 2 0 -2 -4 -6 5 3 1 -1 -3 -5 6 4 2 0 -2 -4 -6 5 3 1 -1 -3 -5 6 4 2 0 -2 -4 -6 5 3 1 -1 -3 -5 6 4 2 0 -2 -4 -6 5 3 1 -1 -3 -5 6 4 2 0 -2 -4 -6 5 3 1 -1 -3 -5 6 4 2 0 -2 -4 -6 5 3 1 -1 -3 -5 6 4 2 0 -2 -4 -6 5 3 1 -1 -3 -5 6 4 2 0 -2 -4 -6 5 3 1 -1 -3 -5 6 4 2 0 -2 -4 -6 5 3 1 -1 -3 -5 6 4 2 0 -2 -4 -6 5 3 1 -1 -3 -5 6 4 2 0 -2 -4 -6 5 3 1 -1 -3 -5 6 4 2 0 -2 -4 -6 5 3 1 -1 -3 -5 6 4 2 0 -2 -4 -6 5 3 1 -1 -3 -5 6 4 2 0 -2 -4 -6 5 3 1 -1 -3 -5 6 4 2 0 -2 -4 -6 5 3 1 -1 -3 -5 6 4 2 0 -2 -4 -6 5 3 1 -1 -3 -5 6 4 2 0 -2 -4 -6 5 3 1 -1 -3 -5 6 4 2 0 -2 -4 -6 5 3 1 -1 -3 -5 6 4 2 0 -2 -4 -6 5 3 1 -1 -3 -5 6 4 2 0 -2 -4 -6 5 3 1 -1 -3 -5 6 4 2 0 -2 -4 -6 5 3 1 -1 -3 -5 6 4 2 0 -2 -4 -6 5 3 1 -1 -3 -5 6 4 2 0 -2 -4 -6 5 3 1 -1 -3 -5 6 4 2 0 -2 -4 -6 5 3 1 -1 -3 -5 6 4 2 0 -2 -4 -6 5 3 1 -1 -3 -5 6 4 2 0 -2 -4 -6 5 3 1 -1 -3 -5 6 4 2 0 -2 -4 -6 5 3 1 -1 -3 -5 6 4 2 0 -2 -4 -6 5 3 1 -1 -3 -5 6 4 2 0 -2 -4 -6 5 3 1 -1 -3 -5 6 4 2 0 -2 -4 -6 5 3 1 -1 -3 -5 6 4 2 0 -2 -4 -6 5 3 1 -1 -3 -5 6 4 2
6 4 2 0 -2 -4 -6 5 3 1 -1 -3 -5 6 4 2 0 -2 -4 -6 5 3 1 -1 -3 -5 6 4 2 0 -2 -4 -6 5 3 1 -1 -3 -5 6 4 2 0 -2 -4 -6 5 3 1 -1 -3 -5 6 4 2 0 -2 -4 -6 5 3 1 -1 -3 -5 6 4 2 0 -2 -4 -6 5 3 1 -1 -3 -5 6 4 2 0 -2 -4 -6 5 3 1 -1 -3 -5 6 4 2 0 -2 -4 -6 5 3 1 -1 -3 -5 6 4 2 0 -2 -4 -6 5 3 1 -1 -3 -5 6 4 2 0 -2 -4 -6 5 3 1 -1 -3 -5 6 4 2 0 -2 -4 -6 5 3 1 -1 -3 -5 6 4 2 0 -2 -4 -6 5 3 1 -1 -3 -5 6 4 2 0 -2 -4 -6 5 3 1 -1 -3 -5 6 4 2 0 -2 -4 -6 5 3 1 -1 -3 -5 6 4 2 0 -2 -4 -6 5 3 1 -1 -3 -5 6 4 2 0 -2 -4 -6 5 3 1 -1 -3 -5 6 4 2 0 -2 -4 -6 5 3 1 -1 -3 -5 6 4 2 0 -2 -4 -6 5 3 1 -1 -3 -5 6 4 2 0 -2 -4 -6 5 3 1 -1 -3 -5 6 4 2 0 -2 -4 -6 5 3 1 -1 -3 -5 6 4 2 0 -2 -4 -6 5 3 1 -1 -3 -5 6 4 2 0 -2 -4 -6 5 3 1 -1 -3 -5 6 4 2 0 -2 -4 -6 5 3 1 -1 -3 -5 6 4 2 0 -2 -4 -6 5 3 1 -1 -3 -5 6 4 2 0 -2 -4 -6 5 3 1 -1 -3 -5 6 4 2 0 -2 -4 -6 5 3 1 -1 -3 -5 6 4 2 0 -2 -4 -6 5 3 1 -1 -3 -5 6 4 2 0 -2 -4 -6 5 3 1 -1 -3 -5 6 4 2 0 -2 -4 -6 5 3 1 -1 -3 -5 6 4 2 0 -2 -4 -6 5 3 1 -1 -3 -5 6 4 2 0 -2 -4 -6 5 3 1 -1 -3 -5 6 4 2 0 -2 -4 -6 5 3 1 -1 -3 -5 6 4 2 0 -2 -4 -6 5 3 1 -1 -3 -5 6 4 2 0 -2 -4 -6 5 3 1 -1 -3 -5 6 4 2 0 -2 -4 -6 5 3 1 -1 -3 -5 6 4 2 0 -2 -4 -6 5 3 1 -1 -3 -5 6 4 2 0 -2 -4 -6 5 3 1 -1 -3 -5 6 4 2 0 -2 -4 -6 5 3 1 -1 -3 -5 6 4 2 0 -2 -4
0 -2 -4 -6 5 3 1 -1 -3 -5 6 4 2 0 -2 -4 -6 5 3 1 -1 -3 -5 6 4 2 0 -2 -4 -6 5 3 1 -1 -3 -5 6 4 2 0 -2 -4 -6 5 3 1 -1 -3 -5 6 4 2 0 -2 -4 -6 5 3 1 -1 -3 -5 6 4 2 0 -2 -4 -6 5 3 1 -1 -3 -5 6 4 2 0 -2 -4 -6 5 3 1 -1 -3 -5 6 4 2 0 -2 -4 -6 5 3 1 -1 -3 -5 6 4 2 0 -2 -4 -6 5 3 1 -1 -3 -5 6 4 2 0 -2 -4 -6 5 3 1 -1 -3 -5 6 4 2 0 -2 -4 -6 5 3 1 -1 -3 -5 6 4 2 0 -2 -4 -6 5 3 1 -1 -3 -5 6 4 2 0 -2 -4 -6 5 3 1 -1 -3 -5 6 4 2 0 -2 -4 -6 5 3 1 -1 -3 -5 6 4 2 0 -2 -4 -6 5 3 1 -1 -3 -5 6 4 2 0 -2 -4 -6 5 3 1 -1 -3 -5 6 4 2 0 -2 -4 -6 5 3 1 -1 -3 -5 6 4 2 0 -2 -4 -6 5 3 1 -1 -3 -5 6 4 2 0 -2 -4 -6 5 3 1 -1 -3 -5 6 4 2 0 -2 -4 -6 5 3 1 -1 -3 -5 6 4 2 0 -2 -4 -6 5 3 1 -1 -3 -5 6 4 2 0 -2 -4 -6 5 3 1 -1 -3 -5 6 4 2 0 -2 -4 -6 5 3 1 -1 -3 -5 6 4 2 0 -2 -4 -6 5 3 1 -1 -3 -5 6 4 2 0 -2 -4 -6 5 3 1 -1 -3 -5 6 4 2 0 -2 -4 -6 5 3 1 -1 -3 -5 6 4 2 0 -2 -4 -6 5 3 1 -1 -3 -5 6 4 2 0 -2 -4 -6 5 3 1 -1 -3 -5 6 4 2 0 -2 -4 -6 5 3 1 -1 -3 -5 6 4 2 0 -2 -4 -6 5 3 1 -1 -3 -5 6 4 2 0 -2 -4 -6 5 3 1 -1 -3 -5 6 4 2 0 -2 -4 -6 5 3 1 -1 -3 -5 6 4 2 0 -2 -4 -6 5 3 1 -1 -3 -5 6 4 2 0 -2 -4 -6 5 3 1 -1 -3 -5 6 4 2 0 -2 -4 -6 5 3 1 -1 -3 -5 6 4 2 0 -2 -4 -6 5 3 1 -1 -3 -5 6 4 2 0 -2 -4 -6 5 3 1 -1 -3 -5 6 4 2 0 -2 -4 -6 5 3 1 -1 -3 -5 6 4 2 0 -2 -4 -6 5 3
-6 5 3 1 -1 -3 -5 6 4 2 0 -2 -4 -6 5 3 1 -1 -3 -5 6 4 2 0 -2 -4 -6 5 3 1 -1 -3 -5 6 4 2 0 -2 -4 -6 5 3 1 -1 -3 -5 6 4 2 0 -2 -4 -6 5 3 1 -1 -3 -5 6 4 2 0 -2 -4 -6 5 3 1 -1 -3 -5 6 4 2 0 -2 -4 -6 5 3 1 -1 -3 -5 6 4 2 0 -2 -4 -6 5 3 1 -1 -3 -5 6 4 2 0 -2 -4 -6 5 3 1 -1 -3 -5 6 4 2 0 -2 -4 -6 5 3 1 -1 -3 -5 6 4 2 0 -2 -4 -6 5 3 1 -1 -3 -5 6 4 2 0 -2 -4 -6 5 3 1 -1 -3 -5 6 4 2 0 -2 -4 -6 5 3 1 -1 -3 -5 6 4 2 0 -2 -4 -6 5 3 1 -1 -3 -5 6 4 2 0 -2 -4 -6 5 3 1 -1 -3 -5 6 4 2 0 -2 -4 -6 5 3 1 -1 -3 -5 6 4 2 0 -2 -4 -6 5 3 1 -1 -3 -5 6 4 2 0 -2 -4 -6 5 3 1 -1 -3 -5 6 4 2 0 -2 -4 -6 5 3 1 -1 -3 -5 6 4 2 0 -2 -4 -6 5 3 1 -1 -3 -5 6 4 2 0 -2 -4 -6 5 3 1 -1 -3 -5 6 4 2 0 -2 -4 -6 5 3 1 -1 -3 -5 6 4 2 0 -2 -4 -6 5 3 1 -1 -3 -5 6 4 2 0 -2 -4 -6 5 3 1 -1 -3 -5 6 4 2 0 -2 -4 -6 5 3 1 -1 -3 -5 6 4 2 0 -2 -4 -6 5 3 1 -1 -3 -5 6 4 2 0 -2 -4 -6 5 3 1 -1 -3 -5 6 4 2 0 -2 -4 -6 5 3 1 -1 -3 -5 6 4 2 0 -2 -4 -6 5 3 1 -1 -3 -5 6 4 2 0 -2 -4 -6 5 3 1 -1 -3 -5 6 4 2 0 -2 -4 -6 5 3 1 -1 -3 -5 6 4 2 0 -2 -4 -6 5 3 1 -1 -3 -5 6 4 2 0 -2 -4 -6 5 3 1 -1 -3 -5 6 4 2 0 -2 -4 -6 5 3 1 -1 -3 -5 6 4 2 0 -2 -4 -6 5 3 1 -1 -3 -5 6 4 2 0 -2 -4 -6 5 3 1 -1 -3 -5 6 4 2 0 -2 -4 -6 5 3 1 -1 -3 -5 6 4 2 0 -2 -4 -6 5 3 1 -1 -3 -5 6 4 2 0 -2 -4 -6 5 3 1 -1 -3
1 -1 -3 -5 6 4 2 0 -2 -4 -6 5 3 1 -1 -3 -5 6 4 2 0 -2 -4 -6 5 3 1 -1 -3 -5 6 4 2 0 -2 -4 -6 5 3 1 -1 -3 -5 6 4 2 0 -2 -4 -6 5 3 1 -1 -3 -5 6 4 2 0 -2 -4 -6 5 3 1 -1 -3 -5 6 4 2 0 -2 -4 -6 5 3 1 -1 -3 -5 6 4 2 0 -2 -4 -6 5 3 1 -1 -3 -5 6 4 2 0 -2 -4 -6 5 3 1 -1 -3 -5 6 4 2 0 -2 -4 -6 5 3 1 -1 -3 -5 6 4 2 0 -2 -4 -6 5 3 1 -1 -3 -5 6 4 2 0 -2 -4 -6 5 3 1 -1 -3 -5 6 4 2 0 -2 -4 -6 5 3 1 -1 -3 -5 6 4 2 0 -2 -4 -6 5 3 1 -1 -3 -5 6 4 2 0 -2 -4 -6 5 3 1 -1 -3 -5 6 4 2 0 -2 -4 -6 5 3 1 -1 -3 -5 6 4 2 0 -2 -4 -6 5 3 1 -1 -3 -5 6 4 2 0 -2 -4 -6 5 3 1 -1 -3 -5 6 4 2 0 -2 -4 -6 5 3 1 -1 -3 -5 6 4 2 0 -2 -4 -6 5 3 1 -1 -3 -5 6 4 2 0 -2 -4 -6 5 3 1 -1 -3 -5 6 4 2 0 -2 -4 -6 5 3 1 -1 -3 -5 6 4 2 0 -2 -4 -6 5 3 1 -1 -3 -5 6 4 2 0 -2 -4 -6 5 3 1 -1 -3 -5 6 4 2 0 -2 -4 -6 5 3 1 -1 -3 -5 6 4 2 0 -2 -4 -6 5 3 1 -1 -3 -5 6 4 2 0 -2 -4 -6 5 3 1 -1 -3 -5 6 4 2 0 -2 -4 -6 5 3 1 -1 -3 -5 6 4 2 0 -2 -4 -6 5 3 1 -1 -3 -5 6 4 2 0 -2 -4 -6 5 3 1 -1 -3 -5 6 4 2 0 -2 -4 -6 5 3 1 -1 -3 -5 6 4 2 0 -2 -4 -6 5 3 1 -1 -3 -5 6 4 2 0 -2 -4 -6 5 3 1 -1 -3 -5 6 4 2 0 -2 -4 -6 5 3 1 -1 -3 -5 6 4 2 0 -2 -4 -6 5 3 1 -1 -3 -5 6 4 2 0 -2 -4 -6 5 3 1 -1 -3 -5 6 4 2 0 -2 -4 -6 5 3 1 -1 -3 -5 6 4 2 0 -2 -4 -6 5 3 1 -1 -3 -5 6 4 2 0 -2 -4 -6 5 3 1 -1 -3 -5 6 4
-5 6 4 2 0 -2 -4 -6 5 3 1 -1 -3 -5 6 4 2 0 -2 -4 -6 5 3 1 -1 -3 -5 6 4 2 0 -2 -4 -6 5 3 1 -1 -3 -5 6 4 2 0 -2 -4 -6 5 3 1 -1 -3 -5 6 4 2 0 -2 -4 -6 5 3 1 -1 -3 -5 6 4 2 0 -2 -4 -6 5 3 1 -1 -3 -5 6 4 2 0 -2 -4 -6 5 3 1 -1 -3 -5 6 4 2 0 -2 -4 -6 5 3 1 -1 -3 -5 6 4 2 0 -2 -4 -6 5 3 1 -1 -3 -5 6 4 2 0 -2 -4 -6 5 3 1 -1 -3 -5 6 4 2 0 -2 -4 -6 5 3 1 -1 -3 -5 6 4 2 0 -2 -4 -6 5 3 1 -1 -3 -5 6 4 2 0 -2 -4 -6 5 3 1 -1 -3 -5 6 4 2 0 -2 -4 -6 5 3 1 -1 -3 -5 6 4 2 0 -2 -4 -6 5 3 1 -1 -3 -5 6 4 2 0 -2 -4 -6 5 3 1 -1 -3 -5 6 4 2 0 -2 -4 -6 5 3 1 -1 -3 -5 6 4 2 0 -2 -4 -6 5 3 1 -1 -3 -5 6 4 2 0 -2 -4 -6 5 3 1 -1 -3 -5 6 4 2 0 -2 -4 -6 5 3 1 -1 -3 -5 6 4 2 0 -2 -4 -6 5 3 1 -1 -3 -5 6 4 2 0 -2 -4 -6 5 3 1 -1 -3 -5 6 4 2 0 -2 -4 -6 5 3 1 -1 -3 -5 6 4 2 0 -2 -4 -6 5 3 1 -1 -3 -5 6 4 2 0 -2 -4 -6 5 3 1 -1 -3 -5 6 4 2 0 -2 -4 -6 5 3 1 -1 -3 -5 6 4 2 0 -2 -4 -6 5 3 1 -1 -3 -5 6 4 2 0 -2 -4 -6 5 3 1 -1 -3 -5 6 4 2 0 -2 -4 -6 5 3 1 -1 -3 -5 6 4 2 0 -2 -4 -6 5 3 1 -1 -3 -5 6 4 2 0 -2 -4 -6 5 3 1 -1 -3 -5 6 4 2 0 -2 -4 -6 5 3 1 -1 -3 -5 6 4 2 0 -2 -4 -6 5 3 1 -1 -3 -5 6 4 2 0 -2 -4 -6 5 3 1 -1 -3 -5 6 4 2 0 -2 -4 -6 5 3 1 -1 -3 -5 6 4 2 0 -2 -4 -6 5 3 1 -1 -3 -5 6 4 2 0 -2 -4 -6 5 3 1 -1 -3 -5 6 4 2 0 -2 -4 -6 5 3 1 -1 -3 -5 6 4 2 0 -2
2 0 -2 -4 -6 5 3 1 -1 -3 -5 6 4 2 0 -2 -4 -6 5 3 1 -1 -3 -5 6 4 2 0 -2 -4 -6 5 3 1 -1 -3 -5 6 4 2 0 -2 -4 -6 5 3 1 -1 -3 -5 6 4 2 0 -2 -4 -6 5 3 1 -1 -3 -5 6 4 2 0 -2 -4 -6 5 3 1 -1 -3 -5 6 4 2 0 -2 -4 -6 5 3 1 -1 -3 -5 6 4 2 0 -2 -4 -6 5 3 1 -1 -3 -5 6 4 2 0 -2 -4 -6 5 3 1 -1 -3 -5 6 4 2 0 -2 -4 -6 5 3 1 -1 -3 -5 6 4 2 0 -2 -4 -6 5 3 1 -1 -3 -5 6 4 2 0 -2 -4 -6 5 3 1 -1 -3 -5 6 4 2 0 -2 -4 -6 5 3 1 -1 -3 -5 6 4 2 0 -2 -4 -6 5 3 1 -1 -3 -5 6 4 2 0 -2 -4 -6 5 3 1 -1 -3 -5 6 4 2 0 -2 -4 -6 5 3 1 -1 -3 -5 6 4 2 0 -2 -4 -6 5 3 1 -1 -3 -5 6 4 2 0 -2 -4 -6 5 3 1 -1 -3 -5 6 4 2 0 -2 -4 -6 5 3 1 -1 -3 -5 6 4 2 0 -2 -4 -6 5 3 1 -1 -3 -5 6 4 2 0 -2 -4 -6 5 3 1 -1 -3 -5 6 4 2 0 -2 -4 -6 5 3 1 -1 -3 -5 6 4 2 0 -2 -4 -6 5 3 1 -1 -3 -5 6 4 2 0 -2 -4 -6 5 3 1 -1 -3 -5 6 4 2 0 -2 -4 -6 5 3 1 -1 -3 -5 6 4 2 0 -2 -4 -6 5 3 1 -1 -3 -5 6 4 2 0 -2 -4 -6 5 3 1 -1 -3 -5 6 4 2 0 -2 -4 -6 5 3 1 -1 -3 -5 6 4 2 0 -2 -4 -6 5 3 1 -1 -3 -5 6 4 2 0 -2 -4 -6 5 3 1 -1 -3 -5 6 4 2 0 -2 -4 -6 5 3 1 -1 -3 -5 6 4 2 0 -2 -4 -6 5 3 1 -1 -3 -5 6 4 2 0 -2 -4 -6 5 3 1 -1 -3 -5 6 4 2 0 -2 -4 -6 5 3 1 -1 -3 -5 6 4 2 0 -2 -4 -6 5 3 1 -1 -3 -5 6 4 2 0 -2 -4 -6 5 3 1 -1 -3 -5 6 4 2 0 -2 -4 -6 5 3 1 -1 -3 -5 6 4 2 0 -2 -4 -6 5 3 1 -1 -3 -5 6 4 2 0 -2 -4 -6 5
-4 -6 5 3 1 -1 -3 -5 6 4 2 0 -2 -4 -6 5 3 1 -1 -3 -5 6 4 2 0 -2 -4 -6 5 3 1 -1 -3 -5 6 4 2 0 -2 -4 -6 5 3 1 -1 -3 -5 6 4 2 0 -2 -4 -6 5 3 1 -1 -3 -5 6 4 2 0 -2 -4 -6 5 3 1 -1 -3 -5 6 4 2 0 -2 -4 -6 5 3 1 -1 -3 -5 6 4 2 0 -2 -4 -6 5 3 1 -1 -3 -5 6 4 2 0 -2 -4 -6 5 3 1 -1 -3 -5 6 4 2 0 -2 -4 -6 5 3 1 -1 -3 -5 6 4 2 0 -2 -4 -6 5 3 1 -1 -3 -5 6 4 2 0 -2 -4 -6 5 3 1 -1 -3 -5 6 4 2 0 -2 -4 -6 5 3 1 -1 -3 -5 6 4 2 0 -2 -4 -6 5 3 1 -1 -3 -5 6 4 2 0 -2 -4 -6 5 3 1 -1 -3 -5 6 4 2 0 -2 -4 -6 5 3 1 -1 -3 -5 6 4 2 0 -2 -4 -6 5 3 1 -1 -3 -5 6 4 2 0 -2 -4 -6 5 3 1 -1 -3 -5 6 4 2 0 -2 -4 -6 5 3 1 -1 -3 -5 6 4 2 0 -2 -4 -6 5 3 1 -1 -3 -5 6 4 2 0 -2 -4 -6 5 3 1 -1 -3 -5 6 4 2 0 -2 -4 -6 5 3 1 -1 -3 -5 6 4 2 0 -2 -4 -6 5 3 1 -1 -3 -5 6 4 2 0 -2 -4 -6 5 3 1 -1 -3 -5 6 4 2 0 -2 -4 -6 5 3 1 -1 -3 -5 6 4 2 0 -2 -4 -6 5 3 1 -1 -3 -5 6 4 2 0 -2 -4 -6 5 3 1 -1 -3 -5 6 4 2 0 -2 -4 -6 5 3 1 -1 -3 -5 6 4 2 0 -2 -4 -6 5 3 1 -1 -3 -5 6 4 2 0 -2 -4 -6 5 3 1 -1 -3 -5 6 4 2 0 -2 -4 -6 5 3 1 -1 -3 -5 6 4 2 0 -2 -4 -6 5 3 1 -1 -3 -5 6 4 2 0 -2 -4 -6 5 3 1 -1 -3 -5 6 4 2 0 -2 -4 -6 5 3 1 -1 -3 -5 6 4 2 0 -2 -4 -6 5 3 1 -1 -3 -5 6 4 2 0 -2 -4 -6 5 3 1 -1 -3 -5 6 4 2 0 -2 -4 -6 5 3 1 -1 -3 -5 6 4 2 0 -2 -4 -6 5 3 1 -1 -3 -5 6 4 2 0 -2 -4 -6 5 3 1 -1
3 1 -1 -3 -5 6 4 2 0 -2 -4 -6 5 3 1 -1 -3 -5 6 4 2 0 -2 -4 -6 5 3 1 -1 -3 -5 6 4 2 0 -2 -4 -6 5 3 1 -1 -3 -5 6 4 2 0 -2 -4 -6 5 3 1 -1 -3 -5 6 4 2 0 -2 -4 -6 5 3 1 -1 -3 -5 6 4 2 0 -2 -4 -6 5 3 1 -1 -3 -5 6 4 2 0 -2 -4 -6 5 3 1 -1 -3 -5 6 4 2 0 -2 -4 -6 5 3 1 -1 -3 -5 6 4 2 0 -2 -4 -6 5 3 1 -1 -3 -5 6 4 2 0 -2 -4 -6 5 3 1 -1 -3 -5 6 4 2 0 -2 -4 -6 5 3 1 -1 -3 -5 6 4 2 0 -2 -4 -6 5 3 1 -1 -3 -5 6 4 2 0 -2 -4 -6 5 3 1 -1 -3 -5 6 4 2 0 -2 -4 -6 5 3 1 -1 -3 -5 6 4 2 0 -2 -4 -6 5 3 1 -1 -3 -5 6 4 2 0 -2 -4 -6 5 3 1 -1 -3 -5 6 4 2 0 -2 -4 -6 5 3 1 -1 -3 -5 6 4 2 0 -2 -4 -6 5 3 1 -1 -3 -5 6 4 2 0 -2 -4 -6 5 3 1 -1 -3 -5 6 4 2 0 -2 -4 -6 5 3 1 -1 -3 -5 6 4 2 0 -2 -4 -6 5 3 1 -1 -3 -5 6 4 2 0 -2 -4 -6 5 3 1 -1 -3 -5 6 4 2 0 -2 -4 -6 5 3 1 -1 -3 -5 6 4 2 0 -2 -4 -6 5 3 1 -1 -3 -5 6 4 2 0 -2 -4 -6 5 3 1 -1 -3 -5 6 4 2 0 -2 -4 -6 5 3 1 -1 -3 -5 6 4 2 0 -2 -4 -6 5 3 1 -1 -3 -5 6 4 2 0 -2 -4 -6 5 3 1 -1 -3 -5 6 4 2 0 -2 -4 -6 5 3 1 -1 -3 -5 6 4 2 0 -2 -4 -6 5 3 1 -1 -3 -5 6 4 2 0 -2 -4 -6 5 3 1 -1 -3 -5 6 4 2 0 -2 -4 -6 5 3 1 -1 -3 -5 6 4 2 0 -2 -4 -6 5 3 1 -1 -3 -5 6 4 2 0 -2 -4 -6 5 3 1 -1 -3 -5 6 4 2 0 -2 -4 -6 5 3 1 -1 -3 -5 6 4 2 0 -2 -4 -6 5 3 1 -1 -3 -5 6 4 2 0 -2 -4 -6 5 3 1 -1 -3 -5 6 4 2 0 -2 -4 -6 5 3 1 -1 -3 -5 6
-3 -5 6 4 2 0 -2 -4 -6 5 3 1 -1 -3 -5 6 4 2 0 -2 -4 -6 5 3 1 -1 -3 -5 6 4 2 0 -2 -4 -6 5 3 1 -1 -3 -5 6 4 2 0 -2 -4 -6 5 3 1 -1 -3 -5 6 4 2 0 -2 -4 -6 5 3 1 -1 -3 -5 6 4 2 0 -2 -4 -6 5 3 1 -1 -3 -5 6 4 2 0 -2 -4 -6 5 3 1 -1 -3 -5 6 4 2 0 -2 -4 -6 5 3 1 -1 -3 -5 6 4 2 0 -2 -4 -6 5 3 1 -1 -3 -5 6 4 2 0 -2 -4 -6 5 3 1 -1 -3 -5 6 4 2 0 -2 -4 -6 5 3 1 -1 -3 -5 6 4 2 0 -2 -4 -6 5 3 1 -1 -3 -5 6 4 2 0 -2 -4 -6 5 3 1 -1 -3 -5 6 4 2 0 -2 -4 -6 5 3 1 -1 -3 -5 6 4 2 0 -2 -4 -6 5 3 1 -1 -3 -5 6 4 2 0 -2 -4 -6 5 3 1 -1 -3 -5 6 4 2 0 -2 -4 -6 5 3 1 -1 -3 -5 6 4 2 0 -2 -4 -6 5 3 1 -1 -3 -5 6 4 2 0 -2 -4 -6 5 3 1 -1 -3 -5 6 4 2 0 -2 -4 -6 5 3 1 -1 -3 -5 6 4 2 0 -2 -4 -6 5 3 1 -1 -3 -5 6 4 2 0 -2 -4 -6 5 3 1 -1 -3 -5 6 4 2 0 -2 -4 -6 5 3 1 -1 -3 -5 6 4 2 0 -2 -4 -6 5 3 1 -1 -3 -5 6 4 2 0 -2 -4 -6 5 3 1 -1 -3 -5 6 4 2 0 -2 -4 -6 5 3 1 -1 -3 -5 6 4 2 0 -2 -4 -6 5 3 1 -1 -3 -5 6 4 2 0 -2 -4 -6 5 3 1 -1 -3 -5 6 4 2 0 -2 -4 -6 5 3 1 -1 -3 -5 6 4 2 0 -2 -4 -6 5 3 1 -1 -3 -5 6 4 2 0 -2 -4 -6 5 3 1 -1 -3 -5 6 4 2 0 -2 -4 -6 5 3 1 -1 -3 -5 6 4 2 0 -2 -4 -6 5 3 1 -1 -3 -5 6 4 2 0 -2 -4 -6 5 3 1 -1 -3 -5 6 4 2 0 -2 -4 -6 5 3 1 -1 -3 -5 6 4 2 0 -2 -4 -6 5 3 1 -1 -3 -5 6 4 2 0 -2 -4 -6 5 3 1 -1 -3 -5 6 4 2 0 -2 -4 -6 5 3 1 -1 -3 -5 6 4 2 0
4 2 0 -2 -4 -6 5 3 1 -1 -3 -5 6 4 2 0 -2 -4 -6 5 3 1 -1 -3 -5 6 4 2 0 -2 -4 -6 5 3 1 -1 -3 -5 6 4 2 0 -2 -4 -6 5 3 1 -1 -3 -5 6 4 2 0 -2 -4 -6 5 3 1 -1 -3 -5 6 4 2 0 -2 -4 -6 5 3 1 -1 -3 -5 6 4 2 0 -2 -4 -6 5 3 1 -1 -3 -5 6 4 2 0 -2 -4 -6 5 3 1 -1 -3 -5 6 4 2 0 -2 -4 -6 5 3 1 -1 -3 -5 6 4 2 0 -2 -4 -6 5 3 1 -1 -3 -5 6 4 2 0 -2 -4 -6 5 3 1 -1 -3 -5 6 4 2 0 -2 -4 -6 5 3 1 -1 -3 -5 6 4 2 0 -2 -4 -6 5 3 1 -1 -3 -5 6 4 2 0 -2 -4 -6 5 3 1 -1 -3 -5 6 4 2 0 -2 -4 -6 5 3 1 -1 -3 -5 6 4 2 0 -2 -4 -6 5 3 1 -1 -3 -5 6 4 2 0 -2 -4 -6 5 3 1 -1 -3 -5 6 4 2 0 -2 -4 -6 5 3 1 -1 -3 -5 6 4 2 0 -2 -4 -6 5 3 1 -1 -3 -5 6 4 2 0 -2 -4 -6 5 3 1 -1 -3 -5 6 4 2 0 -2 -4 -6 5 3 1 -1 -3 -5 6 4 2 0 -2 -4 -6 5 3 1 -1 -3 -5 6 4 2 0 -2 -4 -6 5 3 1 -1 -3 -5 6 4 2 0 -2 -4 -6 5 3 1 -1 -3 -5 6 4 2 0 -2 -4 -6 5 3 1 -1 -3 -5 6 4 2 0 -2 -4 -6 5 3 1 -1 -3 -5 6 4 2 0 -2 -4 -6 5 3 1 -1 -3 -5 6 4 2 0 -2 -4 -6 5 3 1 -1 -3 -5 6 4 2 0 -2 -4 -6 5 3 1 -1 -3 -5 6 4 2 0 -2 -4 -6 5 3 1 -1 -3 -5 6 4 2 0 -2 -4 -6 5 3 1 -1 -3 -5 6 4 2 0 -2 -4 -6 5 3 1 -1 -3 -5 6 4 2 0 -2 -4 -6 5 3 1 -1 -3 -5 6 4 2 0 -2 -4 -6 5 3 1 -1 -3 -5 6 4 2 0 -2 -4 -6 5 3 1 -1 -3 -5 6 4 2 0 -2 -4 -6 5 3 1 -1 -3 -5 6 4 2 0 -2 -4 -6 5 3 1 -1 -3 -5 6 4 2 0 -2 -4 -6 5 3 1 -1 -3 -5 6 4 2 0 -2 -4 -6
-2 -4 -6 5 3 1 -1 -3 -5 6 4 2 0 -2 -4 -6 5 3 1 -1 -3 -5 6 4 2 0 -2 -4 -6 5 3 1 -1 -3 -5 6 4 2 0 -2 -4 -6 5 3 1 -1 -3 -5 6 4 2 0 -2 -4 -6 5 3 1 -1 -3 -5 6 4 2 0 -2 -4 -6 5 3 1 -1 -3 -5 6 4 2 0 -2 -4 -6 5 3 1 -1 -3 -5 6 4 2 0 -2 -4 -6 5 3 1 -1 -3 -5 6 4 2 0 -2 -4 -6 5 3 1 -1 -3 -5 6 4 2 0 -2 -4 -6 5 3 1 -1 -3 -5 6 4 2 0 -2 -4 -6 5 3 1 -1 -3 -5 6 4 2 0 -2 -4 -6 5 3 1 -1 -3 -5 6 4 2 0 -2 -4 -6 5 3 1 -1 -3 -5 6 4 2 0 -2 -4 -6 5 3 1 -1 -3 -5 6 4 2 0 -2 -4 -6 5 3 1 -1 -3 -5 6 4 2 0 -2 -4 -6 5 3 1 -1 -3 -5 6 4 2 0 -2 -4 -6 5 3 1 -1 -3 -5 6 4 2 0 -2 -4 -6 5 3 1 -1 -3 -5 6 4 2 0 -2 -4 -6 5 3 1 -1 -3 -5 6 4 2 0 -2 -4 -6 5 3 1 -1 -3 -5 6 4 2 0 -2 -4 -6 5 3 1 -1 -3 -5 6 4 2 0 -2 -4 -6 5 3 1 -1 -3 -5 6 4 2 0 -2 -4 -6 5 3 1 -1 -3 -5 6 4 2 0 -2 -4 -6 5 3 1 -1 -3 -5 6 4 2 0 -2 -4 -6 5 3 1 -1 -3 -5 6 4 2 0 -2 -4 -6 5 3 1 -1 -3 -5 6 4 2 0 -2 -4 -6 5 3 1 -1 -3 -5 6 4 2 0 -2 -4 -6 5 3 1 -1 -3 -5 6 4 2 0 -2 -4 -6 5 3 1 -1 -3 -5 6 4 2 0 -2 -4 -6 5 3 1 -1 -3 -5 6 4 2 0 -2 -4 -6 5 3 1 -1 -3 -5 6 4 2 0 -2 -4 -6 5 3 1 -1 -3 -5 6 4 2 0 -2 -4 -6 5 3 1 -1 -3 -5 6 4 2 0 -2 -4 -6 5 3 1 -1 -3 -5 6 4 2 0 -2 -4 -6 5 3 1 -1 -3 -5 6 4 2 0 -2 -4 -6 5 3 1 -1 -3 -5 6 4 2 0 -2 -4 -6 5 3 1 -1 -3 -5 6 4 2 0 -2 -4 -6 5 3 1 -1 -3 -5 6 4 2 0 -2 -4 -6 5 3 1
5 3 1 -1 -3 -5 6 4 2 0 -2 -4 -6 5 3 1 -1 -3 -5 6 4 2 0 -2 -4 -6 5 3 1 -1 -3 -5 6 4 2 0 -2 -4 -6 5 3 1 -1 -3 -5 6 4 2 0 -2 -4 -6 5 3 1 -1 -3 -5 6 4 2 0 -2 -4 -6 5 3 1 -1 -3 -5 6 4 2 0 -2 -4 -6 5 3 1 -1 -3 -5 6 4 2 0 -2 -4 -6 5 3 1 -1 -3 -5 6 4 2 0 -2 -4 -6 5 3 1 -1 -3 -5 6 4 2 0 -2 -4 -6 5 3 1 -1 -3 -5 6 4 2 0 -2 -4 -6 5 3 1 -1 -3 -5 6 4 2 0 -2 -4 -6 5 3 1 -1 -3 -5 6 4 2 0 -2 -4 -6 5 3 1 -1 -3 -5 6 4 2 0 -2 -4 -6 5 3 1 -1 -3 -5 6 4 2 0 -2 -4 -6 5 3 1 -1 -3 -5 6 4 2 0 -2 -4 -6 5 3 1 -1 -3 -5 6 4 2 0 -2 -4 -6 5 3 1 -1 -3 -5 6 4 2 0 -2 -4 -6 5 3 1 -1 -3 -5 6 4 2 0 -2 -4 -6 5 3 1 -1 -3 -5 6 4 2 0 -2 -4 -6 5 3 1 -1 -3 -5 6 4 2 0 -2 -4 -6 5 3 1 -1 -3 -5 6 4 2 0 -2 -4 -6 5 3 1 -1 -3 -5 6 4 2 0 -2 -4 -6 5 3 1 -1 -3 -5 6 4 2 0 -2 -4 -6 5 3 1 -1 -3 -5 6 4 2 0 -2 -4 -6 5 3 1 -1 -3 -5 6 4 2 0 -2 -4 -6 5 3 1 -1 -3 -5 6 4 2 0 -2 -4 -6 5 3 1 -1 -3 -5 6 4 2 0 -2 -4 -6 5 3 1 -1 -3 -5 6 4 2 0 -2 -4 -6 5 3 1 -1 -3 -5 6 4 2 0 -2 -4 -6 5 3 1 -1 -3 -5 6 4 2 0 -2 -4 -6 5 3 1 -1 -3 -5 6 4 2 0 -2 -4 -6 5 3 1 -1 -3 -5 6 4 2 0 -2 -4 -6 5 3 1 -1 -3 -5 6 4 2 0 -2 -4 -6 5 3 1 -1 -3 -5 6 4 2 0 -2 -4 -6 5 3 1 -1 -3 -5 6 4 2 0 -2 -4 -6 5 3 1 -1 -3 -5 6 4 2 0 -2 -4 -6 5 3 1 -1 -3 -5 6 4 2 0 -2 -4 -6 5 3 1 -1 -3 -5 6 4 2 0 -2 -4 -6 5 3 1 -1 -3 -5
-1 -3 -5 6 4 2 0 -2 -4 -6 5 3 1 -1 -3 -5 6 4 2 0 -2 -4 -6 5 3 1 -1 -3 -5 6 4 2 0 -2 -4 -6 5 3 1 -1 -3 -5 6 4 2 0 -2 -4 -6 5 3 1 -1 -3 -5 6 4 2 0 -2 -4 -6 5 3 1 -1 -3 -5 6 4 2 0 -2 -4 -6 5 3 1 -1 -3 -5 6 4 2 0 -2 -4 -6 5 3 1 -1 -3 -5 6 4 2 0 -2 -4 -6 5 3 1 -1 -3 -5 6 4 2 0 -2 -4 -6 5 3 1 -1 -3 -5 6 4 2 0 -2 -4 -6 5 3 1 -1 -3 -5 6 4 2 0 -2 -4 -6 5 3 1 -1 -3 -5 6 4 2 0 -2 -4 -6 5 3 1 -1 -3 -5 6 4 2 0 -2 -4 -6 5 3 1 -1 -3 -5 6 4 2 0 -2 -4 -6 5 3 1 -1 -3 -5 6 4 2 0 -2 -4 -6 5 3 1 -1 -3 -5 6 4 2 0 -2 -4 -6 5 3 1 -1 -3 -5 6 4 2 0 -2 -4 -6 5 3 1 -1 -3 -5 6 4 2 0 -2 -4 -6 5 3 1 -1 -3 -5 6 4 2 0 -2 -4 -6 5 3 1 -1 -3 -5 6 4 2 0 -2 -4 -6 5 3 1 -1 -3 -5 6 4 2 0 -2 -4 -6 5 3 1 -1 -3 -5 6 4 2 0 -2 -4 -6 5 3 1 -1 -3 -5 6 4 2 0 -2 -4 -6 5 3 1 -1 -3 -5 6 4 2 0 -2 -4 -6 5 3 1 -1 -3 -5 6 4 2 0 -2 -4 -6 5 3 1 -1 -3 -5 6 4 2 0 -2 -4 -6 5 3 1 -1 -3 -5 6 4 2 0 -2 -4 -6 5 3 1 -1 -3 -5 6 4 2 0 -2 -4 -6 5 3 1 -1 -3 -5 6 4 2 0 -2 -4 -6 5 3 1 -1 -3 -5 6 4 2 0 -2 -4 -6 5 3 1 -1 -3 -5 6 4 2 0 -2 -4 -6 5 3 1 -1 -3 -5 6 4 2 0 -2 -4 -6 5 3 1 -1 -3 -5 6 4 2 0 -2 -4 -6 5 3 1 -1 -3 -5 6 4 2 0 -2 -4 -6 5 3 1 -1 -3 -5 6 4 2 0 -2 -4 -6 5 3 1 -1 -3 -5 6 4 2 0 -2 -4 -6 5 3 1 -1 -3 -5 6 4 2 0 -2 -4 -6 5 3 1 -1 -3 -5 6 4 2 0 -2 -4 -6 5 3 1 -1 -3 -5 6 4 2
6 4 2 0 -2 -4 -6 5 3 1 -1 -3 -5 6 4 2 0 -2 -4 -6 5 3 1 -1 -3 -5 6 4 2 0 -2 -4 -6 5 3 1 -1 -3 -5 6 4 2 0 -2 -4 -6 5 3 1 -1 -3 -5 6 4 2 0 -2 -4 -6 5 3 1 -1 -3 -5 6 4 2 0 -2 -4 -6 5 3 1 -1 -3 -5 6 4 2 0 -2 -4 -6 5 3 1 -1 -3 -5 6 4 2 0 -2 -4 -6 5 3 1 -1 -3 -5 6 4 2 0 -2 -4 -6 5 3 1 -1 -3 -5 6 4 2 0 -2 -4 -6 5 3 1 -1 -3 -5 6 4 2 0 -2 -4 -6 5 3 1 -1 -3 -5 6 4 2 0 -2 -4 -6 5 3 1 -1 -3 -5 6 4 2 0 -2 -4 -6 5 3 1 -1 -3 -5 6 4 2 0 -2 -4 -6 5 3 1 -1 -3 -5 6 4 2 0 -2 -4 -6 5 3 1 -1 -3 -5 6 4 2 0 -2 -4 -6 5 3 1 -1 -3 -5 6 4 2 0 -2 -4 -6 5 3 1 -1 -3 -5 6 4 2 0 -2 -4 -6 5 3 1 -1 -3 -5 6 4 2 0 -2 -4 -6 5 3 1 -1 -3 -5 6 4 2 0 -2 -4 -6 5 3 1 -1 -3 -5 6 4 2 0 -2 -4 -6 5 3 1 -1 -3 -5 6 4 2 0 -2 -4 -6 5 3 1 -1 -3 -5 6 4 2 0 -2 -4 -6 5 3 1 -1 -3 -5 6 4 2 0 -2 -4 -6 5 3 1 -1 -3 -5 6 4 2 0 -2 -4 -6 5 3 1 -1 -3 -5 6 4 2 0 -2 -4 -6 5 3 1 -1 -3 -5 6 4 2 0 -2 -4 -6 5 3 1 -1 -3 -5 6 4 2 0 -2 -4 -6 5 3 1 -1 -3 -5 6 4 2 0 -2 -4 -6 5 3 1 -1 -3 -5 6 4 2 0 -2 -4 -6 5 3 1 -1 -3 -5 6 4 2 0 -2 -4 -6 5 3 1 -1 -3 -5 6 4 2 0 -2 -4 -6 5 3 1 -1 -3 -5 6 4 2 0 -2 -4 -6 5 3 1 -1 -3 -5 6 4 2 0 -2 -4 -6 5 3 1 -1 -3 -5 6 4 2 0 -2 -4 -6 5 3 1 -1 -3 -5 6 4 2 0 -2 -4 -6 5 3 1 -1 -3 -5 6 4 2 0 -2 -4 -6 5 3 1 -1 -3 -5 6 4 2 0 -2 -4 -6 5 3 1 -1 -3 -5 6 4 2 0 -2 -4
0 -2 -4 -6 5 3 1 -1 -3 -5 6 4 2 0 -2 -4 -6 5 3 1 -1 -3 -5 6 4 2 0 -2 -4 -6 5 3 1 -1 -3 -5 6 4 2 0 -2 -4 -6 5 3 1 -1 -3 -5 6 4 2 0 -2 -4 -6 5 3 1 -1 -3 -5 6 4 2 0 -2 -4 -6 5 3 1 -1 -3 -5 6 4 2 0 -2 -4 -6 5 3 1 -1 -3 -5 6 4 2 0 -2 -4 -6 5 3 1 -1 -3 -5 6 4 2 0 -2 -4 -6 5 3 1 -1 -3 -5 6 4 2 0 -2 -4 -6 5 3 1 -1 -3 -5 6 4 2 0 -2 -4 -6 5 3 1 -1 -3 -5 6 4 2 0 -2 -4 -6 5 3 1 -1 -3 -5 6 4 2 0 -2 -4 -6 5 3 1 -1 -3 -5 6 4 2 0 -2 -4 -6 5 3 1 -1 -3 -5 6 4 2 0 -2 -4 -6 5 3 1 -1 -3 -5 6 4 2 0 -2 -4 -6 5 3 1 -1 -3 -5 6 4 2 0 -2 -4 -6 5 3 1 -1 -3 -5 6 4 2 0 -2 -4 -6 5 3 1 -1 -3 -5 6 4 2 0 -2 -4 -6 5 3 1 -1 -3 -5 6 4 2 0 -2 -4 -6 5 3 1 -1 -3 -5 6 4 2 0 -2 -4 -6 5 3 1 -1 -3 -5 6 4 2 0 -2 -4 -6 5 3 1 -1 -3 -5 6 4 2 0 -2 -4 -6 5 3 1 -1 -3 -5 6 4 2 0 -2 -4 -6 5 3 1 -1 -3 -5 6 4 2 0 -2 -4 -6 5 3 1 -1 -3 -5 6 4 2 0 -2 -4 -6 5 3 1 -1 -3 -5 6 4 2 0 -2 -4 -6 5 3 1 -1 -3 -5 6 4 2 0 -2 -4 -6 5 3 1 -1 -3 -5 6 4 2 0 -2 -4 -6 5 3 1 -1 -3 -5 6 4 2 0 -2 -4 -6 5 3 1 -1 -3 -5 6 4 2 0 -2 -4 -6 5 3 1 -1 -3 -5 6 4 2 0 -2 -4 -6 5 3 1 -1 -3 -5 6 4 2 0 -2 -4 -6 5 3 1 -1 -3 -5 6 4 2 0 -2 -4 -6 5 3 1 -1 -3 -5 6 4 2 0 -2 -4 -6 5 3 1 -1 -3 -5 6 4 2 0 -2 -4 -6 5 3 1 -1 -3 -5 6 4 2 0 -2 -4 -6 5 3 1 -1 -3 -5 6 4 2 0 -2 -4 -6 5 3 1 -1 -3 -5 6 4 2 0 -2 -4 -6 5 3
-6 5 3 1 -1 -3 -5 6 4 2 0 -2 -4 -6 5 3 1 -1 -3 -5 6 4 2 0 -2 -4 -6 5 3 1 -1 -3 -5 6 4 2 0 -2 -4 -6 5 3 1 -1 -3 -5 6 4 2 0 -2 -4 -6 5 3 1 -1 -3 -5 6 4 2 0 -2 -4 -6 5 3 1 -1 -3 -5 6 4 2 0 -2 -4 -6 5 3 1 -1 -3 -5 6 4 2 0 -2 -4 -6 5 3 1 -1 -3 -5 6 4 2 0 -2 -4 -6 5 3 1 -1 -3 -5 6 4 2 0 -2 -4 -6 5 3 1 -1 -3 -5 6 4 2 0 -2 -4 -6 5 3 1 -1 -3 -5 6 4 2 0 -2 -4 -6 5 3 1 -1 -3 -5 6 4 2 0 -2 -4 -6 5 3 1 -1 -3 -5 6 4 2 0 -2 -4 -6 5 3 1 -1 -3 -5 6 4 2 0 -2 -4 -6 5 3 1 -1 -3 -5 6 4 2 0 -2 -4 -6 5 3 1 -1 -3 -5 6 4 2 0 -2 -4 -6 5 3 1 -1 -3 -5 6 4 2 0 -2 -4 -6 5 3 1 -1 -3 -5 6 4 2 0 -2 -4 -6 5 3 1 -1 -3 -5 6 4 2 0 -2 -4 -6 5 3 1 -1 -3 -5 6 4 2 0 -2 -4 -6 5 3 1 -1 -3 -5 6 4 2 0 -2 -4 -6 5 3 1 -1 -3 -5 6 4 2 0 -2 -4 -6 5 3 1 -1 -3 -5 6 4 2 0 -2 -4 -6 5 3 1 -1 -3 -5 6 4 2 0 -2 -4 -6 5 3 1 -1 -3 -5 6 4 2 0 -2 -4 -6 5 3 1 -1 -3 -5 6 4 2 0 -2 -4 -6 5 3 1 -1 -3 -5 6 4 2 0 -2 -4 -6 5 3 1 -1 -3 -5 6 4 2 0 -2 -4 -6 5 3 1 -1 -3 -5 6 4 2 0 -2 -4 -6 5 3 1 -1 -3 -5 6 4 2 0 -2 -4 -6 5 3 1 -1 -3 -5 6 4 2 0 -2 -4 -6 5 3 1 -1 -3 -5 6 4 2 0 -2 -4 -6 5 3 1 -1 -3 -5 6 4 2 0 -2 -4 -6 5 3 1 -1 -3 -5 6 4 2 0 -2 -4 -6 5 3 1 -1 -3 -5 6 4 2 0 -2 -4 -6 5 3 1 -1 -3 -5 6 4 2 0 -2 -4 -6 5 3 1 -1 -3 -5 6 4 2 0 -2 -4 -6 5 3 1 -1 -3 -5 6 4 2 0 -2 -4 -6 5 3 1 -1 -3
1 -1 -3 -5 6 4 2 0 -2 -4 -6 5 3 1 -1 -3 -5 6 4 2 0 -2 -4 -6 5 3 1 -1 -3 -5 6 4 2 0 -2 -4 -6 5 3 1 -1 -3 -5 6 4 2 0 -2 -4 -6 5 3 1 -1 -3 -5 6 4 2 0 -2 -4 -6 5 3 1 -1 -3 -5 6 4 2 0 -2 -4 -6 5 3 1 -1 -3 -5 6 4 2 0 -2 -4 -6 5 3 1 -1 -3 -5 6 4 2 0 -2 -4 -6 5 3 1 -1 -3 -5 6 4 2 0 -2 -4 -6 5 3 1 -1 -3 -5 6 4 2 0 -2 -4 -6 5 3 1 -1 -3 -5 6 4 2 0 -2 -4 -6 5 3 1 -1 -3 -5 6 4 2 0 -2 -4 -6 5 3 1 -1 -3 -5 6 4 2 0 -2 -4 -6 5 3 1 -1 -3 -5 6 4 2 0 -2 -4 -6 5 3 1 -1 -3 -5 6 4 2 0 -2 -4 -6 5 3 1 -1 -3 -5 6 4 2 0 -2 -4 -6 5 3 1 -1 -3 -5 6 4 2 0 -2 -4 -6 5 3 1 -1 -3 -5 6 4 2 0 -2 -4 -6 5 3 1 -1 -3 -5 6 4 2 0 -2 -4 -6 5 3 1 -1 -3 -5 6 4 2 0 -2 -4 -6 5 3 1 -1 -3 -5 6 4 2 0 -2 -4 -6 5 3 1 -1 -3 -5 6 4 2 0 -2 -4 -6 5 3 1 -1 -3 -5 6 4 2 0 -2 -4 -6 5 3 1 -1 -3 -5 6 4 2 0 -2 -4 -6 5 3 1 -1 -3 -5 6 4 2 0 -2 -4 -6 5 3 1 -1 -3 -5 6 4 2 0 -2 -4 -6 5 3 1 -1 -3 -5 6 4 2 0 -2 -4 -6 5 3 1 -1 -3 -5 6 4 2 0 -2 -4 -6 5 3 1 -1 -3 -5 6 4 2 0 -2 -4 -6 5 3 1 -1 -3 -5 6 4 2 0 -2 -4 -6 5 3 1 -1 -3 -5 6 4 2 0 -2 -4 -6 5 3 1 -1 -3 -5 6 4 2 0 -2 -4 -6 5 3 1 -1 -3 -5 6 4 2 0 -2 -4 -6 5 3 1 -1 -3 -5 6 4 2 0 -2 -4 -6 5 3 1 -1 -3 -5 6 4 2 0 -2 -4 -6 5 3 1 -1 -3 -5 6 4 2 0 -2 -4 -6 5 3 1 -1 -3 -5 6 4 2 0 -2 -4 -6 5 3 1 -1 -3 -5 6 4 2 0 -2 -4 -6 5 3 1 -1 -3 -5 6 4
-5 6 4 2 0 -2 -4 -6 5 3 1 -1 -3 -5 6 4 2 0 -2 -4 -6 5 3 1 -1 -3 -5 6 4 2 0 -2 -4 -6 5 3 1 -1 -3 -5 6 4 2 0 -2 -4 -6 5 3 1 -1 -3 -5 6 4 2 0 -2 -4 -6 5 3 1 -1 -3 -5 6 4 2 0 -2 -4 -6 5 3 1 -1 -3 -5 6 4 2 0 -2 -4 -6 5 3 1 -1 -3 -5 6 4 2 0 -2 -4 -6 5 3 1 -1 -3 -5 6 4 2 0 -2 -4 -6 5 3 1 -1 -3 -5 6 4 2 0 -2 -4 -6 5 3 1 -1 -3 -5 6 4 2 0 -2 -4 -6 5 3 1 -1 -3 -5 6 4 2 0 -2 -4 -6 5 3 1 -1 -3 -5 6 4 2 0 -2 -4 -6 5 3 1 -1 -3 -5 6 4 2 0 -2 -4 -6 5 3 1 -1 -3 -5 6 4 2 0 -2 -4 -6 5 3 1 -1 -3 -5 6 4 2 0 -2 -4 -6 5 3 1 -1 -3 -5 6 4 2 0 -2 -4 -6 5 3 1 -1 -3 -5 6 4 2 0 -2 -4 -6 5 3 1 -1 -3 -5 6 4 2 0 -2 -4 -6 5 3 1 -1 -3 -5 6 4 2 0 -2 -4 -6 5 3 1 -1 -3 -5 6 4 2 0 -2 -4 -6 5 3 1 -1 -3 -5 6 4 2 0 -2 -4 -6 5 3 1 -1 -3 -5 6 4 2 0 -2 -4 -6 5 3 1 -1 -3 -5 6 4 2 0 -2 -4 -6 5 3 1 -1 -3 -5 6 4 2 0 -2 -4 -6 5 3 1 -1 -3 -5 6 4 2 0 -2 -4 -6 5 3 1 -1 -3 -5 6 4 2 0 -2 -4 -6 5 3 1 -1 -3 -5 6 4 2 0 -2 -4 -6 5 3 1 -1 -3 -5 6 4 2 0 -2 -4 -6 5 3 1 -1 -3 -5 6 4 2 0 -2 -4 -6 5 3 1 -1 -3 -5 6 4 2 0 -2 -4 -6 5 3 1 -1 -3 -5 6 4 2 0 -2 -4 -6 5 3 1 -1 -3 -5 6 4 2 0 -2 -4 -6 5 3 1 -1 -3 -5 6 4 2 0 -2 -4 -6 5 3 1 -1 -3 -5 6 4 2 0 -2 -4 -6 5 3 1 -1 -3 -5 6 4 2 0 -2 -4 -6 5 3 1 -1 -3 -5 6 4 2 0 -2 -4 -6 5 3 1 -1 -3 -5 6 4 2 0 -2 -4 -6 5 3 1 -1 -3 -5 6 4 2 0 -2
2 0 -2 -4 -6 5 3 1 -1 -3 -5 6 4 2 0 -2 -4 -6 5 3 1 -1 -3 -5 6 4 2 0 -2 -4 -6 5 3 1 -1 -3 -5 6 4 2 0 -2 -4 -6 5 3 1 -1 -3 -5 6 4 2 0 -2 -4 -6 5 3 1 -1 -3 -5 6 4 2 0 -2 -4 -6 5 3 1 -1 -3 -5 6 4 2 0 -2 -4 -6 5 3 1 -1 -3 -5 6 4 2 0 -2 -4 -6 5 3 1 -1 -3 -5 6 4 2 0 -2 -4 -6 5 3 1 -1 -3 -5 6 4 2 0 -2 -4 -6 5 3 1 -1 -3 -5 6 4 2 0 -2 -4 -6 5 3 1 -1 -3 -5 6 4 2 0 -2 -4 -6 5 3 1 -1 -3 -5 6 4 2 0 -2 -4 -6 5 3 1 -1 -3 -5 6 4 2 0 -2 -4 -6 5 3 1 -1 -3 -5 6 4 2 0 -2 -4 -6 5 3 1 -1 -3 -5 6 4 2 0 -2 -4 -6 5 3 1 -1 -3 -5 6 4 2 0 -2 -4 -6 5 3 1 -1 -3 -5 6 4 2 0 -2 -4 -6 5 3 1 -1 -3 -5 6 4 2 0 -2 -4 -6 5 3 1 -1 -3 -5 6 4 2 0 -2 -4 -6 5 3 1 -1 -3 -5 6 4 2 0 -2 -4 -6 5 3 1 -1 -3 -5 6 4 2 0 -2 -4 -6 5 3 1 -1 -3 -5 6 4 2 0 -2 -4 -6 5 3 1 -1 -3 -5 6 4 2 0 -2 -4 -6 5 3 1 -1 -3 -5 6 4 2 0 -2 -4 -6 5 3 1 -1 -3 -5 6 4 2 0 -2 -4 -6 5 3 1 -1 -3 -5 6 4 2 0 -2 -4 -6 5 3 1 -1 -3 -5 6 4 2 0 -2 -4 -6 5 3 1 -1 -3 -5 6 4 2 0 -2 -4 -6 5 3 1 -1 -3 -5 6 4 2 0 -2 -4 -6 5 3 1 -1 -3 -5 6 4 2 0 -2 -4 -6 5 3 1 -1 -3 -5 6 4 2 0 -2 -4 -6 5 3 1 -1 -3 -5 6 4 2 0 -2 -4 -6 5 3 1 -1 -3 -5 6 4 2 0 -2 -4 -6 5 3 1 -1 -3 -5 6 4 2 0 -2 -4 -6 5 3 1 -1 -3 -5 6 4 2 0 -2 -4 -6 5 3 1 -1 -3 -5 6 4 2 0 -2 -4 -6 5 3 1 -1 -3 -5 6 4 2 0 -2 -4 -6 5 3 1 -1 -3 -5 6 4 2 0 -2 -4 -6 5
-4 -6 5 3 1 -1 -3 -5 6 4 2 0 -2 -4 -6 5 3 1 -1 -3 -5 6 4 2 0 -2 -4 -6 5 3 1 -1 -3 -5 6 4 2 0 -2 -4 -6 5 3 1 -1 -3 -5 6 4 2 0 -2 -4 -6 5 3 1 -1 -3 -5 6 4 2 0 -2 -4 -6 5 3 1 -1 -3 -5 6 4 2 0 -2 -4 -6 5 3 1 -1 -3 -5 6 4 2 0 -2 -4 -6 5 3 1 -1 -3 -5 6 4 2 0 -2 -4 -6 5 3 1 -1 -3 -5 6 4 2 0 -2 -4 -6 5 3 1 -1 -3 -5 6 4 2 0 -2 -4 -6 5 3 1 -1 -3 -5 6 4 2 0 -2 -4 -6 5 3 1 -1 -3 -5 6 4 2 0 -2 -4 -6 5 3 1 -1 -3 -5 6 4 2 0 -2 -4 -6 5 3 1 -1 -3 -5 6 4 2 0 -2 -4 -6 5 3 1 -1 -3 -5 6 4 2 0 -2 -4 -6 5 3 1 -1 -3 -5 6 4 2 0 -2 -4 -6 5 3 1 -1 -3 -5 6 4 2 0 -2 -4 -6 5 3 1 -1 -3 -5 6 4 2 0 -2 -4 -6 5 3 1 -1 -3 -5 6 4 2 0 -2 -4 -6 5 3 1 -1 -3 -5 6 4 2 0 -2 -4 -6 5 3 1 -1 -3 -5 6 4 2 0 -2 -4 -6 5 3 1 -1 -3 -5 6 4 2 0 -2 -4 -6 5 3 1 -1 -3 -5 6 4 2 0 -2 -4 -6 5 3 1 -1 -3 -5 6 4 2 0 -2 -4 -6 5 3 1 -1 -3 -5 6 4 2 0 -2 -4 -6 5 3 1 -1 -3 -5 6 4 2 0 -2 -4 -6 5 3 1 -1 -3 -5 6 4 2 0 -2 -4 -6 5 3 1 -1 -3 -5 6 4 2 0 -2 -4 -6 5 3 1 -1 -3 -5 6 4 2 0 -2 -4 -6 5 3 1 -1 -3 -5 6 4 2 0 -2 -4 -6 5 3 1 -1 -3 -5 6 4 2 0 -2 -4 -6 5 3 1 -1 -3 -5 6 4 2 0 -2 -4 -6 5 3 1 -1 -3 -5 6 4 2 0 -2 -4 -6 5 3 1 -1 -3 -5 6 4 2 0 -2 -4 -6 5 3 1 -1 -3 -5 6 4 2 0 -2 -4 -6 5 3 1 -1 -3 -5 6 4 2 0 -2 -4 -6 5 3 1 -1 -3 -5 6 4 2 0 -2 -4 -6 5 3 1 -1 -3 -5 6 4 2 0 -2 -4 -6 5 3 1 -1
3 1 -1 -3 -5 6 4 2 0 -2 -4 -6 5 3 1 -1 -3 -5 6 4 2 0 -2 -4 -6 5 3 1 -1 -3 -5 6 4 2 0 -2 -4 -6 5 3 1 -1 -3 -5 6 4 2 0 -2 -4 -6 5 3 1 -1 -3 -5 6 4 2 0 -2 -4 -6 5 3 1 -1 -3 -5 6 4 2 0 -2 -4 -6 5 3 1 -1 -3 -5 6 4 2 0 -2 -4 -6 5 3 1 -1 -3 -5 6 4 2 0 -2 -4 -6 5 3 1 -1 -3 -5 6 4 2 0 -2 -4 -6 5 3 1 -1 -3 -5 6 4 2 0 -2 -4 -6 5 3 1 -1 -3 -5 6 4 2 0 -2 -4 -6 5 3 1 -1 -3 -5 6 4 2 0 -2 -4 -6 5 3 1 -1 -3 -5 6 4 2 0 -2 -4 -6 5 3 1 -1 -3 -5 6 4 2 0 -2 -4 -6 5 3 1 -1 -3 -5 6 4 2 0 -2 -4 -6 5 3 1 -1 -3 -5 6 4 2 0 -2 -4 -6 5 3 1 -1 -3 -5 6 4 2 0 -2 -4 -6 5 3 1 -1 -3 -5 6 4 2 0 -2 -4 -6 5 3 1 -1 -3 -5 6 4 2 0 -2 -4 -6 5 3 1 -1 -3 -5 6 4 2 0 -2 -4 -6 5 3 1 -1 -3 -5 6 4 2 0 -2 -4 -6 5 3 1 -1 -3 -5 6 4 2 0 -2 -4 -6 5 3 1 -1 -3 -5 6 4 2 0 -2 -4 -6 5 3 1 -1 -3 -5 6 4 2 0 -2 -4 -6 5 3 1 -1 -3 -5 6 4 2 0 -2 -4 -6 5 3 1 -1 -3 -5 6 4 2 0 -2 -4 -6 5 3 1 -1 -3 -5 6 4 2 0 -2 -4 -6 5 3 1 -1 -3 -5 6 4 2 0 -2 -4 -6 5 3 1 -1 -3 -5 6 4 2 0 -2 -4 -6 5 3 1 -1 -3 -5 6 4 2 0 -2 -4 -6 5 3 1 -1 -3 -5 6 4 2 0 -2 -4 -6 5 3 1 -1 -3 -5 6 4 2 0 -2 -4 -6 5 3 1 -1 -3 -5 6 4 2 0 -2 -4 -6 5 3 1 -1 -3 -5 6 4 2 0 -2 -4 -6 5 3 1 -1 -3 -5 6 4 2 0 -2 -4 -6 5 3 1 -1 -3 -5 6 4 2 0 -2 -4 -6 5 3 1 -1 -3 -5 6 4 2 0 -2 -4 -6 5 3 1 -1 -3 -5 6 4 2 0 -2 -4 -6 5 3 1 -1 -3 -5 6
-3 -5 6 4 2 0 -2 -4 -6 5 3 1 -1 -3 -5 6 4 2 0 -2 -4 -6 5 3 1 -1 -3 -5 6 4 2 0 -2 -4 -6 5 3 1 -1 -3 -5 6 4 2 0 -2 -4 -6 5 3 1 -1 -3 -5 6 4 2 0 -2 -4 -6 5 3 1 -1 -3 -5 6 4 2 0 -2 -4 -6 5 3 1 -1 -3 -5 6 4 2 0 -2 -4 -6 5 3 1 -1 -3 -5 6 4 2 0 -2 -4 -6 5 3 1 -1 -3 -5 6 4 2 0 -2 -4 -6 5 3 1 -1 -3 -5 6 4 2 0 -2 -4 -6 5 3 1 -1 -3 -5 6 4 2 0 -2 -4 -6 5 3 1 -1 -3 -5 6 4 2 0 -2 -4 -6 5 3 1 -1 -3 -5 6 4 2 0 -2 -4 -6 5 3 1 -1 -3 -5 6 4 2 0 -2 -4 -6 5 3 1 -1 -3 -5 6 4 2 0 -2 -4 -6 5 3 1 -1 -3 -5 6 4 2 0 -2 -4 -6 5 3 1 -1 -3 -5 6 4 2 0 -2 -4 -6 5 3 1 -1 -3 -5 6 4 2 0 -2 -4 -6 5 3 1 -1 -3 -5 6 4 2 0 -2 -4 -6 5 3 1 -1 -3 -5 6 4 2 0 -2 -4 -6 5 3 1 -1 -3 -5 6 4 2 0 -2 -4 -6 5 3 1 -1 -3 -5 6 4 2 0 -2 -4 -6 5 3 1 -1 -3 -5 6 4 2 0 -2 -4 -6 5 3 1 -1 -3 -5 6 4 2 0 -2 -4 -6 5 3 1 -1 -3 -5 6 4 2 0 -2 -4 -6 5 3 1 -1 -3 -5 6 4 2 0 -2 -4 -6 5 3 1 -1 -3 -5 6 4 2 0 -2 -4 -6 5 3 1 -1 -3 -5 6 4 2 0 -2 -4 -6 5 3 1 -1 -3 -5 6 4 2 0 -2 -4 -6 5 3 1 -1 -3 -5 6 4 2 0 -2 -4 -6 5 3 1 -1 -3 -5 6 4 2 0 -2 -4 -6 5 3 1 -1 -3 -5 6 4 2 0 -2 -4 -6 5 3 1 -1 -3 -5 6 4 2 0 -2 -4 -6 5 3 1 -1 -3 -5 6 4 2 0 -2 -4 -6 5 3 1 -1 -3 -5 6 4 2 0 -2 -4 -6 5 3 1 -1 -3 -5 6 4 2 0 -2 -4 -6 5 3 1 -1 -3 -5 6 4 2 0 -2 -4 -6 5 3 1 -1 -3 -5 6 4 2 0 -2 -4 -6 5 3 1 -1 -3 -5 6 4 2 0
4 2 0 -2 -4 -6 5 3 1 -1 -3 -5 6 4 2 0 -2 -4 -6 5 3 1 -1 -3 -5 6 4 2 0 -2 -4 -6 5 3 1 -1 -3 -5 6 4 2 0 -2 -4 -6 5 3 1 -1 -3 -5 6 4 2 0 -2 -4 -6 5 3 1 -1 -3 -5 6 4 2 0 -2 -4 -6 5 3 1 -1 -3 -5 6 4 2 0 -2 -4 -6 5 3 1 -1 -3 -5 6 4 2 0 -2 -4 -6 5 3 1 -1 -3 -5 6 4 2 0 -2 -4 -6 5 3 1 -1 -3 -5 6 4 2 0 -2 -4 -6 5 3 1 -1 -3 -5 6 4 2 0 -2 -4 -6 5 3 1 -1 -3 -5 6 4 2 0 -2 -4 -6 5 3 1 -1 -3 -5 6 4 2 0 -2 -4 -6 5 3 1 -1 -3 -5 6 4 2 0 -2 -4 -6 5 3 1 -1 -3 -5 6 4 2 0 -2 -4 -6 5 3 1 -1 -3 -5 6 4 2 0 -2 -4 -6 5 3 1 -1 -3 -5 6 4 2 0 -2 -4 -6 5 3 1 -1 -3 -5 6 4 2 0 -2 -4 -6 5 3 1 -1 -3 -5 6 4 2 0 -2 -4 -6 5 3 1 -1 -3 -5 6 4 2 0 -2 -4 -6 5 3 1 -1 -3 -5 6 4 2 0 -2 -4 -6 5 3 1 -1 -3 -5 6 4 2 0 -2 -4 -6 5 3 1 -1 -3 -5 6 4 2 0 -2 -4 -6 5 3 1 -1 -3 -5 6 4 2 0 -2 -4 -6 5 3 1 -1 -3 -5 6 4 2 0 -2 -4 -6 5 3 1 -1 -3 -5 6 4 2 0 -2 -4 -6 5 3 1 -1 -3 -5 6 4 2 0 -2 -4 -6 5 3 1 -1 -3 -5 6 4 2 0 -2 -4 -6 5 3 1 -1 -3 -5 6 4 2 0 -2 -4 -6 5 3 1 -1 -3 -5 6 4 2 0 -2 -4 -6 5 3 1 -1 -3 -5 6 4 2 0 -2 -4 -6 5 3 1 -1 -3 -5 6 4 2 0 -2 -4 -6 5 3 1 -1 -3 -5 6 4 2 0 -2 -4 -6 5 3 1 -1 -3 -5 6 4 2 0 -2 -4 -6 5 3 1 -1 -3 -5 6 4 2 0 -2 -4 -6 5 3 1 -1 -3 -5 6 4 2 0 -2 -4 -6 5 3 1 -1 -3 -5 6 4 2 0 -2 -4 -6 5 3 1 -1 -3 -5 6 4 2 0 -2 -4 -6 5 3 1 -1 -3 -5 6 4 2 0 -2 -4 -6
-2 -4 -6 5 3 1 -1 -3 -5 6 4 2 0 -2 -4 -6 5 3 1 -1 -3 -5 6 4 2 0 -2 -4 -6 5 3 1 -1 -3 -5 6 4 2 0 -2 -4 -6 5 3 1 -1 -3 -5 6 4 2 0 -2 -4 -6 5 3 1 -1 -3 -5 6 4 2 0 -2 -4 -6 5 3 1 -1 -3 -5 6 4 2 0 -2 -4 -6 5 3 1 -1 -3 -5 6 4 2 0 -2 -4 -6 5 3 1 -1 -3 -5 6 4 2 0 -2 -4 -6 5 3 1 -1 -3 -5 6 4 2 0 -2 -4 -6 5 3 1 -1 -3 -5 6 4 2 0 -2 -4 -6 5 3 1 -1 -3 -5 6 4 2 0 -2 -4 -6 5 3 1 -1 -3 -5 6 4 2 0 -2 -4 -6 5 3 1 -1 -3 -5 6 4 2 0 -2 -4 -6 5 3 1 -1 -3 -5 6 4 2 0 -2 -4 -6 5 3 1 -1 -3 -5 6 4 2 0 -2 -4 -6 5 3 1 -1 -3 -5 6 4 2 0 -2 -4 -6 5 3 1 -1 -3 -5 6 4 2 0 -2 -4 -6 5 3 1 -1 -3 -5 6 4 2 0 -2 -4 -6 5 3 1 -1 -3 -5 6 4 2 0 -2 -4 -6 5 3 1 -1 -3 -5 6 4 2 0 -2 -4 -6 5 3 1 -1 -3 -5 6 4 2 0 -2 -4 -6 5 3 1 -1 -3 -5 6 4 2 0 -2 -4 -6 5 3 1 -1 -3 -5 6 4 2 0 -2 -4 -6 5 3 1 -1 -3 -5 6 4 2 0 -2 -4 -6 5 3 1 -1 -3 -5 6 4 2 0 -2 -4 -6 5 3 1 -1 -3 -5 6 4 2 0 -2 -4 -6 5 3 1 -1 -3 -5 6 4 2 0 -2 -4 -6 5 3 1 -1 -3 -5 6 4 2 0 -2 -4 -6 5 3 1 -1 -3 -5 6 4 2 0 -2 -4 -6 5 3 1 -1 -3 -5 6 4 2 0 -2 -4 -6 5 3 1 -1 -3 -5 6 4 2 0 -2 -4 -6 5 3 1 -1 -3 -5 6 4 2 0 -2 -4 -6 5 3 1 -1 -3 -5 6 4 2 0 -2 -4 -6 5 3 1 -1 -3 -5 6 4 2 0 -2 -4 -6 5 3 1 -1 -3 -5 6 4 2 0 -2 -4 -6 5 3 1 -1 -3 -5 6 4 2 0 -2 -4 -6 5 3 1 -1 -3 -5 6 4 2 0 -2 -4 -6 5 3 1 -1 -3 -5 6 4 2 0 -2 -4 -6 5 3 1
5 3 1 -1 -3 -5 6 4 2 0 -2 -4 -6 5 3 1 -1 -3 -5 6 4 2 0 -2 -4 -6 5 3 1 -1 -3 -5 6 4 2 0 -2 -4 -6 5 3 1 -1 -3 -5 6 4 2 0 -2 -4 -6 5 3 1 -1 -3 -5 6 4 2 0 -2 -4 -6 5 3 1 -1 -3 -5 6 4 2 0 -2 -4 -6 5 3 1 -1 -3 -5 6 4 2 0 -2 -4 -6 5 3 1 -1 -3 -5 6 4 2 0 -2 -4 -6 5 3 1 -1 -3 -5 6 4 2 0 -2 -4 -6 5 3 1 -1 -3 -5 6 4 2 0 -2 -4 -6 5 3 1 -1 -3 -5 6 4 2 0 -2 -4 -6 5 3 1 -1 -3 -5 6 4 2 0 -2 -4 -6 5 3 1 -1 -3 -5 6 4 2 0 -2 -4 -6 5 3 1 -1 -3 -5 6 4 2 0 -2 -4 -6 5 3 1 -1 -3 -5 6 4 2 0 -2 -4 -6 5 3 1 -1 -3 -5 6 4 2 0 -2 -4 -6 5 3 1 -1 -3 -5 6 4 2 0 -2 -4 -6 5 3 1 -1 -3 -5 6 4 2 0 -2 -4 -6 5 3 1 -1 -3 -5 6 4 2 0 -2 -4 -6 5 3 1 -1 -3 -5 6 4 2 0 -2 -4 -6 5 3 1 -1 -3 -5 6 4 2 0 -2 -4 -6 5 3 1 -1 -3 -5 6 4 2 0 -2 -4 -6 5 3 1 -1 -3 -5 6 4 2 0 -2 -4 -6 5 3 1 -1 -3 -5 6 4 2 0 -2 -4 -6 5 3 1 -1 -3 -5 6 4 2 0 -2 -4 -6 5 3 1 -1 -3 -5 6 4 2 0 -2 -4 -6 5 3 1 -1 -3 -5 6 4 2 0 -2 -4 -6 5 3 1 -1 -3 -5 6 4 2 0 -2 -4 -6 5 3 1 -1 -3 -5 6 4 2 0 -2 -4 -6 5 3 1 -1 -3 -5 6 4 2 0 -2 -4 -6 5 3 1 -1 -3 -5 6 4 2 0 -2 -4 -6 5 3 1 -1 -3 -5 6 4 2 0 -2 -4 -6 5 3 1 -1 -3 -5 6 4 2 0 -2 -4 -6 5 3 1 -1 -3 -5 6 4 2 0 -2 -4 -6 5 3 1 -1 -3 -5 6 4 2 0 -2 -4 -6 5 3 1 -1 -3 -5 6 4 2 0 -2 -4 -6 5 3 1 -1 -3 -5 6 4 2 0 -2 -4 -6 5 3 1 -1 -3 -5 6 4 2 0 -2 -4 -6 5 3 1 -1 -3 -5
-1 -3 -5 6 4 2 0 -2 -4 -6 5 3 1 -1 -3 -5 6 4 2 0 -2 -4 -6 5 3 1 -1 -3 -5 6 4 2 0 -2 -4 -6 5 3 1 -1 -3 -5 6 4 2 0 -2 -4 -6 5 3 1 -1 -3 -5 6 4 2 0 -2 -4 -6 5 3 1 -1 -3 -5 6 4 2 0 -2 -4 -6 5 3 1 -1 -3 -5 6 4 2 0 -2 -4 -6 5 3 1 -1 -3 -5 6 4 2 0 -2 -4 -6 5 3 1 -1 -3 -5 6 4 2 0 -2 -4 -6 5 3 1 -1 -3 -5 6 4 2 0 -2 -4 -6 5 3 1 -1 -3 -5 6 4 2 0 -2 -4 -6 5 3 1 -1 -3 -5 6 4 2 0 -2 -4 -6 5 3 1 -1 -3 -5 6 4 2 0 -2 -4 -6 5 3 1 -1 -3 -5 6 4 2 0 -2 -4 -6 5 3 1 -1 -3 -5 6 4 2 0 -2 -4 -6 5 3 1 -1 -3 -5 6 4 2 0 -2 -4 -6 5 3 1 -1 -3 -5 6 4 2 0 -2 -4 -6 5 3 1 -1 -3 -5 6 4 2 0 -2 -4 -6 5 3 1 -1 -3 -5 6 4 2 0 -2 -4 -6 5 3 1 -1 -3 -5 6 4 2 0 -2 -4 -6 5 3 1 -1 -3 -5 6 4 2 0 -2 -4 -6 5 3 1 -1 -3 -5 6 4 2 0 -2 -4 -6 5 3 1 -1 -3 -5 6 4 2 0 -2 -4 -6 5 3 1 -1 -3 -5 6 4 2 0 -2 -4 -6 5 3 1 -1 -3 -5 6 4 2 0 -2 -4 -6 5 3 1 -1 -3 -5 6 4 2 0 -2 -4 -6 5 3 1 -1 -3 -5 6 4 2 0 -2 -4 -6 5 3 1 -1 -3 -5 6 4 2 0 -2 -4 -6 5 3 1 -1 -3 -5 6 4 2 0 -2 -4 -6 5 3 1 -1 -3 -5 6 4 2 0 -2 -4 -6 5 3 1 -1 -3 -5 6 4 2 0 -2 -4 -6 5 3 1 -1 -3 -5 6 4 2 0 -2 -4 -6 5 3 1 -1 -3 -5 6 4 2 0 -2 -4 -6 5 3 1 -1 -3 -5 6 4 2 0 -2 -4 -6 5 3 1 -1 -3 -5 6 4 2 0 -2 -4 -6 5 3 1 -1 -3 -5 6 4 2 0 -2 -4 -6 5 3 1 -1 -3 -5 6 4 2 0 -2 -4 -6 5 3 1 -1 -3 -5 6 4 2 0 -2 -4 -6 5 3 1 -1 -3 -5 6 4 2
6 4 2 0 -2 -4 -6 5 3 1 -1 -3 -5 6 4 2 0 -2 -4 -6 5 3 1 -1 -3 -5 6 4 2 0 -2 -4 -6 5 3 1 -1 -3 -5 6 4 2 0 -2 -4 -6 5 3 1 -1 -3 -5 6 4 2 0 -2 -4 -6 5 3 1 -1 -3 -5 6 4 2 0 -2 -4 -6 5 3 1 -1 -3 -5 6 4 2 0 -2 -4 -6 5 3 1 -1 -3 -5 6 4 2 0 -2 -4 -6 5 3 1 -1 -3 -5 6 4 2 0 -2 -4 -6 5 3 1 -1 -3 -5 6 4 2 0 -2 -4 -6 5 3 1 -1 -3 -5 6 4 2 0 -2 -4 -6 5 3 1 -1 -3 -5 6 4 2 0 -2 -4 -6 5 3 1 -1 -3 -5 6 4 2 0 -2 -4 -6 5 3 1 -1 -3 -5 6 4 2 0 -2 -4 -6 5 3 1 -1 -3 -5 6 4 2 0 -2 -4 -6 5 3 1 -1 -3 -5 6 4 2 0 -2 -4 -6 5 3 1 -1 -3 -5 6 4 2 0 -2 -4 -6 5 3 1 -1 -3 -5 6 4 2 0 -2 -4 -6 5 3 1 -1 -3 -5 6 4 2 0 -2 -4 -6 5 3 1 -1 -3 -5 6 4 2 0 -2 -4 -6 5 3 1 -1 -3 -5 6 4 2 0 -2 -4 -6 5 3 1 -1 -3 -5 6 4 2 0 -2 -4 -6 5 3 1 -1 -3 -5 6 4 2 0 -2 -4 -6 5 3 1 -1 -3 -5 6 4 2 0 -2 -4 -6 5 3 1 -1 -3 -5 6 4 2 0 -2 -4 -6 5 3 1 -1 -3 -5 6 4 2 0 -2 -4 -6 5 3 1 -1 -3 -5 6 4 2 0 -2 -4 -6 5 3 1 -1 -3 -5 6 4 2 0 -2 -4 -6 5 3 1 -1 -3 -5 6 4 2 0 -2 -4 -6 5 3 1 -1 -3 -5 6 4 2 0 -2 -4 -6 5 3 1 -1 -3 -5 6 4 2 0 -2 -4 -6 5 3 1 -1 -3 -5 6 4 2 0 -2 -4 -6 5 3 1 -1 -3 -5 6 4 2 0 -2 -4 -6 5 3 1 -1 -3 -5 6 4 2 0 -2 -4 -6 5 3 1 -1 -3 -5 6 4 2 0 -2 -4 -6 5 3 1 -1 -3 -5 6 4 2 0 -2 -4 -6 5 3 1 -1 -3 -5 6 4 2 0 -2 -4 -6 5 3 1 -1 -3 -5 6 4 2 0 -2 -4 -6 5 3 1 -1 -3 -5 6 4 2 0 -2 -4
0 -2 -4 -6 5 3 1 -1 -3 -5 6 4 2 0 -2 -4 -6 5 3 1 -1 -3 -5 6 4 2 0 -2 -4 -6 5 3 1 -1 -3 -5 6 4 2 0 -2 -4 -6 5 3 1 -1 -3 -5 6 4 2 0 -2 -4 -6 5 3 1 -1 -3 -5 6 4 2 0 -2 -4 -6 5 3 1 -1 -3 -5 6 4 2 0 -2 -4 -6 5 3 1 -1 -3 -5 6 4 2 0 -2 -4 -6 5 3 1 -1 -3 -5 6 4 2 0 -2 -4 -6 5 3 1 -1 -3 -5 6 4 2 0 -2 -4 -6 5 3 1 -1 -3 -5 6 4 2 0 -2 -4 -6 5 3 1 -1 -3 -5 6 4 2 0 -2 -4 -6 5 3 1 -1 -3 -5 6 4 2 0 -2 -4 -6 5 3 1 -1 -3 -5 6 4 2 0 -2 -4 -6 5 3 1 -1 -3 -5 6 4 2 0 -2 -4 -6 5 3 1 -1 -3 -5 6 4 2 0 -2 -4 -6 5 3 1 -1 -3 -5 6 4 2 0 -2 -4 -6 5 3 1 -1 -3 -5 6 4 2 0 -2 -4 -6 5 3 1 -1 -3 -5 6 4 2 0 -2 -4 -6 5 3 1 -1 -3 -5 6 4 2 0 -2 -4 -6 5 3 1 -1 -3 -5 6 4 2 0 -2 -4 -6 5 3 1 -1 -3 -5 6 4 2 0 -2 -4 -6 5 3 1 -1 -3 -5 6 4 2 0 -2 -4 -6 5 3 1 -1 -3 -5 6 4 2 0 -2 -4 -6 5 3 1 -1 -3 -5 6 4 2 0 -2 -4 -6 5 3 1 -1 -3 -5 6 4 2 0 -2 -4 -6 5 3 1 -1 -3 -5 6 4 2 0 -2 -4 -6 5 3 1 -1 -3 -5 6 4 2 0 -2 -4 -6 5 3 1 -1 -3 -5 6 4 2 0 -2 -4 -6 5 3 1 -1 -3 -5 6 4 2 0 -2 -4 -6 5 3 1 -1 -3 -5 6 4 2 0 -2 -4 -6 5 3 1 -1 -3 -5 6 4 2 0 -2 -4 -6 5 3 1 -1 -3 -5 6 4 2 0 -2 -4 -6 5 3 1 -1 -3 -5 6 4 2 0 -2 -4 -6 5 3 1 -1 -3 -5 6 4 2 0 -2 -4 -6 5 3 1 -1 -3 -5 6 4 2 0 -2 -4 -6 5 3 1 -1 -3 -5 6 4 2 0 -2 -4 -6 5 3 1 -1 -3 -5 6 4 2 0 -2 -4 -6 5 3 1 -1 -3 -5 6 4 2 0 -2 -4 -6 5 3
-6 5 3 1 -1 -3 -5 6 4 2 0 -2 -4 -6 5 3 1 -1 -3 -5 6 4 2 0 -2 -4 -6 5 3 1 -1 -3 -5 6 4 2 0 -2 -4 -6 5 3 1 -1 -3 -5 6 4 2 0 -2 -4 -6 5 3 1 -1 -3 -5 6 4 2 0 -2 -4 -6 5 3 1 -1 -3 -5 6 4 2 0 -2 -4 -6 5 3 1 -1 -3 -5 6 4 2 0 -2 -4 -6 5 3 1 -1 -3 -5 6 4 2 0 -2 -4 -6 5 3 1 -1 -3 -5 6 4 2 0 -2 -4 -6 5 3 1 -1 -3 -5 6 4 2 0 -2 -4 -6 5 3 1 -1 -3 -5 6 4 2 0 -2 -4 -6 5 3 1 -1 -3 -5 6 4 2 0 -2 -4 -6 5 3 1 -1 -3 -5 6 4 2 0 -2 -4 -6 5 3 1 -1 -3 -5 6 4 2 0 -2 -4 -6 5 3 1 -1 -3 -5 6 4 2 0 -2 -4 -6 5 3 1 -1 -3 -5 6 4 2 0 -2 -4 -6 5 3 1 -1 -3 -5 6 4 2 0 -2 -4 -6 5 3 1 -1 -3 -5 6 4 2 0 -2 -4 -6 5 3 1 -1 -3 -5 6 4 2 0 -2 -4 -6 5 3 1 -1 -3 -5 6 4 2 0 -2 -4 -6 5 3 1 -1 -3 -5 6 4 2 0 -2 -4 -6 5 3 1 -1 -3 -5 6 4 2 0 -2 -4 -6 5 3 1 -1 -3 -5 6 4 2 0 -2 -4 -6 5 3 1 -1 -3 -5 6 4 2 0 -2 -4 -6 5 3 1 -1 -3 -5 6 4 2 0 -2 -4 -6 5 3 1 -1 -3 -5 6 4 2 0 -2 -4 -6 5 3 1 -1 -3 -5 6 4 2 0 -2 -4 -6 5 3 1 -1 -3 -5 6 4 2 0 -2 -4 -6 5 3 1 -1 -3 -5 6 4 2 0 -2 -4 -6 5 3 1 -1 -3 -5 6 4 2 0 -2 -4 -6 5 3 1 -1 -3 -5 6 4 2 0 -2 -4 -6 5 3 1 -1 -3 -5 6 4 2 0 -2 -4 -6 5 3 1 -1 -3 -5 6 4 2 0 -2 -4 -6 5 3 1 -1 -3 -5 6 4 2 0 -2 -4 -6 5 3 1 -1 -3 -5 6 4 2 0 -2 -4 -6 5 3 1 -1 -3 -5 6 4 2 0 -2 -4 -6 5 3 1 -1 -3 -5 6 4 2 0 -2 -4 -6 5 3 1 -1 -3 -5 6 4 2 0 -2 -4 -6 5 3 1 -1 -3
1 -1 -3 -5 6 4 2 0 -2 -4 -6 5 3 1 -1 -3 -5 6 4 2 0 -2 -4 -6 5 3 1 -1 -3 -5 6 4 2 0 -2 -4 -6 5 3 1 -1 -3 -5 6 4 2 0 -2 -4 -6 5 3 1 -1 -3 -5 6 4 2 0 -2 -4 -6 5 3 1 -1 -3 -5 6 4 2 0 -2 -4 -6 5 3 1 -1 -3 -5 6 4 2 0 -2 -4 -6 5 3 1 -1 -3 -5 6 4 2 0 -2 -4 -6 5 3 1 -1 -3 -5 6 4 2 0 -2 -4 -6 5 3 1 -1 -3 -5 6 4 2 0 -2 -4 -6 5 3 1 -1 -3 -5 6 4 2 0 -2 -4 -6 5 3 1 -1 -3 -5 6 4 2 0 -2 -4 -6 5 3 1 -1 -3 -5 6 4 2 0 -2 -4 -6 5 3 1 -1 -3 -5 6 4 2 0 -2 -4 -6 5 3 1 -1 -3 -5 6 4 2 0 -2 -4 -6 5 3 1 -1 -3 -5 6 4 2 0 -2 -4 -6 5 3 1 -1 -3 -5 6 4 2 0 -2 -4 -6 5 3 1 -1 -3 -5 6 4 2 0 -2 -4 -6 5 3 1 -1 -3 -5 6 4 2 0 -2 -4 -6 5 3 1 -1 -3 -5 6 4 2 0 -2 -4 -6 5 3 1 -1 -3 -5 6 4 2 0 -2 -4 -6 5 3 1 -1 -3 -5 6 4 2 0 -2 -4 -6 5 3 1 -1 -3 -5 6 4 2 0 -2 -4 -6 5 3 1 -1 -3 -5 6 4 2 0 -2 -4 -6 5 3 1 -1 -3 -5 6 4 2 0 -2 -4 -6 5 3 1 -1 -3 -5 6 4 2 0 -2 -4 -6 5 3 1 -1 -3 -5 6 4 2 0 -2 -4 -6 5 3 1 -1 -3 -5 6 4 2 0 -2 -4 -6 5 3 1 -1 -3 -5 6 4 2 0 -2 -4 -6 5 3 1 -1 -3 -5 6 4 2 0 -2 -4 -6 5 3 1 -1 -3 -5 6 4 2 0 -2 -4 -6 5 3 1 -1 -3 -5 6 4 2 0 -2 -4 -6 5 3 1 -1 -3 -5 6 4 2 0 -2 -4 -6 5 3 1 -1 -3 -5 6 4 2 0 -2 -4 -6 5 3 1 -1 -3 -5 6 4 2 0 -2 -4 -6 5 3 1 -1 -3 -5 6 4 2 0 -2 -4 -6 5 3 1 -1 -3 -5 6 4 2 0 -2 -4 -6 5 3 1 -1 -3 -5 6 4 2 0 -2 -4 -6 5 3 1 -1 -3 -5 6 4
-5 6 4 2 0 -2 -4 -6 5 3 1 -1 -3 -5 6 4 2 0 -2 -4 -6 5 3 1 -1 -3 -5 6 4 2 0 -2 -4 -6 5 3 1 -1 -3 -5 6 4 2 0 -2 -4 -6 5 3 1 -1 -3 -5 6 4 2 0 -2 -4 -6 5 3 1 -1 -3 -5 6 4 2 0 -2 -4 -6 5 3 1 -1 -3 -5 6 4 2 0 -2 -4 -6 5 3 1 -1 -3 -5 6 4 2 0 -2 -4 -6 5 3 1 -1 -3 -5 6 4 2 0 -2 -4 -6 5 3 1 -1 -3 -5 6 4 2 0 -2 -4 -6 5 3 1 -1 -3 -5 6 4 2 0 -2 -4 -6 5 3 1 -1 -3 -5 6 4 2 0 -2 -4 -6 5 3 1 -1 -3 -5 6 4 2 0 -2 -4 -6 5 3 1 -1 -3 -5 6 4 2 0 -2 -4 -6 5 3 1 -1 -3 -5 6 4 2 0 -2 -4 -6 5 3 1 -1 -3 -5 6 4 2 0 -2 -4 -6 5 3 1 -1 -3 -5 6 4 2 0 -2 -4 -6 5 3 1 -1 -3 -5 6 4 2 0 -2 -4 -6 5 3 1 -1 -3 -5 6 4 2 0 -2 -4 -6 5 3 1 -1 -3 -5 6 4 2 0 -2 -4 -6 5 3 1 -1 -3 -5 6 4 2 0 -2 -4 -6 5 3 1 -1 -3 -5 6 4 2 0 -2 -4 -6 5 3 1 -1 -3 -5 6 4 2 0 -2 -4 -6 5 3 1 -1 -3 -5 6 4 2 0 -2 -4 -6 5 3 1 -1 -3 -5 6 4 2 0 -2 -4 -6 5 3 1 -1 -3 -5 6 4 2 0 -2 -4 -6 5 3 1 -1 -3 -5 6 4 2 0 -2 -4 -6 5 3 1 -1 -3 -5 6 4 2 0 -2 -4 -6 5 3 1 -1 -3 -5 6 4 2 0 -2 -4 -6 5 3 1 -1 -3 -5 6 4 2 0 -2 -4 -6 5 3 1 -1 -3 -5 6 4 2 0 -2 -4 -6 5 3 1 -1 -3 -5 6 4 2 0 -2 -4 -6 5 3 1 -1 -3 -5 6 4 2 0 -2 -4 -6 5 3 1 -1 -3 -5 6 4 2 0 -2 -4 -6 5 3 1 -1 -3 -5 6 4 2 0 -2 -4 -6 5 3 1 -1 -3 -5 6 4 2 0 -2 -4 -6 5 3 1 -1 -3 -5 6 4 2 0 -2 -4 -6 5 3 1 -1 -3 -5 6 4 2 0 -2 -4 -6 5 3 1 -1 -3 -5 6 4 2 0 -2
2 0 -2 -4 -6 5 3 1 -1 -3 -5 6 4 2 0 -2 -4 -6 5 3 1 -1 -3 -5 6 4 2 0 -2 -4 -6 5 3 1 -1 -3 -5 6 4 2 0 -2 -4 -6 5 3 1 -1 -3 -5 6 4 2 0 -2 -4 -6 5 3 1 -1 -3 -5 6 4 2 0 -2 -4 -6 5 3 1 -1 -3 -5 6 4 2 0 -2 -4 -6 5 3 1 -1 -3 -5 6 4 2 0 -2 -4 -6 5 3 1 -1 -3 -5 6 4 2 0 -2 -4 -6 5 3 1 -1 -3 -5 6 4 2 0 -2 -4 -6 5 3 1 -1 -3 -5 6 4 2 0 -2 -4 -6 5 3 1 -1 -3 -5 6 4 2 0 -2 -4 -6 5 3 1 -1 -3 -5 6 4 2 0 -2 -4 -6 5 3 1 -1 -3 -5 6 4 2 0 -2 -4 -6 5 3 1 -1 -3 -5 6 4 2 0 -2 -4 -6 5 3 1 -1 -3 -5 6 4 2 0 -2 -4 -6 5 3 1 -1 -3 -5 6 4 2 0 -2 -4 -6 5 3 1 -1 -3 -5 6 4 2 0 -2 -4 -6 5 3 1 -1 -3 -5 6 4 2 0 -2 -4 -6 5 3 1 -1 -3 -5 6 4 2 0 -2 -4 -6 5 3 1 -1 -3 -5 6 4 2 0 -2 -4 -6 5 3 1 -1 -3 -5 6 4 2 0 -2 -4 -6 5 3 1 -1 -3 -5 6 4 2 0 -2 -4 -6 5 3 1 -1 -3 -5 6 4 2 0 -2 -4 -6 5 3 1 -1 -3 -5 6 4 2 0 -2 -4 -6 5 3 1 -1 -3 -5 6 4 2 0 -2 -4 -6 5 3 1 -1 -3 -5 6 4 2 0 -2 -4 -6 5 3 1 -1 -3 -5 6 4 2 0 -2 -4 -6 5 3 1 -1 -3 -5 6 4 2 0 -2 -4 -6 5 3 1 -1 -3 -5 6 4 2 0 -2 -4 -6 5 3 1 -1 -3 -5 6 4 2 0 -2 -4 -6 5 3 1 -1 -3 -5 6 4 2 0 -2 -4 -6 5 3 1 -1 -3 -5 6 4 2 0 -2 -4 -6 5 3 1 -1 -3 -5 6 4 2 0 -2 -4 -6 5 3 1 -1 -3 -5 6 4 2 0 -2 -4 -6 5 3 1 -1 -3 -5 6 4 2 0 -2 -4 -6 5 3 1 -1 -3 -5 6 4 2 0 -2 -4 -6 5 3 1 -1 -3 -5 6 4 2 0 -2 -4 -6 5 3 1 -1 -3 -5 6 4 2 0 -2 -4 -6 5
-4 -6 5 3 1 -1 -3 -5 6 4 2 0 -2 -4 -6 5 3 1 -1 -3 -5 6 4 2 0 -2 -4 -6 5 3 1 -1 -3 -5 6 4 2 0 -2 -4 -6 5 3 1 -1 -3 -5 6 4 2 0 -2 -4 -6 5 3 1 -1 -3 -5 6 4 2 0 -2 -4 -6 5 3 1 -1 -3 -5 6 4 2 0 -2 -4 -6 5 3 1 -1 -3 -5 6 4 2 0 -2 -4 -6 5 3 1 -1 -3 -5 6 4 2 0 -2 -4 -6 5 3 1 -1 -3 -5 6 4 2 0 -2 -4 -6 5 3 1 -1 -3 -5 6 4 2 0 -2 -4 -6 5 3 1 -1 -3 -5 6 4 2 0 -2 -4 -6 5 3 1 -1 -3 -5 6 4 2 0 -2 -4 -6 5 3 1 -1 -3 -5 6 4 2 0 -2 -4 -6 5 3 1 -1 -3 -5 6 4 2 0 -2 -4 -6 5 3 1 -1 -3 -5 6 4 2 0 -2 -4 -6 5 3 1 -1 -3 -5 6 4 2 0 -2 -4 -6 5 3 1 -1 -3 -5 6 4 2 0 -2 -4 -6 5 3 1 -1 -3 -5 6 4 2 0 -2 -4 -6 5 3 1 -1 -3 -5 6 4 2 0 -2 -4 -6 5 3 1 -1 -3 -5 6 4 2 0 -2 -4 -6 5 3 1 -1 -3 -5 6 4 2 0 -2 -4 -6 5 3 1 -1 -3 -5 6 4 2 0 -2 -4 -6 5 3 1 -1 -3 -5 6 4 2 0 -2 -4 -6 5 3 1 -1 -3 -5 6 4 2 0 -2 -4 -6 5 3 1 -1 -3 -5 6 4 2 0 -2 -4 -6 5 3 1 -1 -3 -5 6 4 2 0 -2 -4 -6 5 3 1 -1 -3 -5 6 4 2 0 -2 -4 -6 5 3 1 -1 -3 -5 6 4 2 0 -2 -4 -6 5 3 1 -1 -3 -5 6 4 2 0 -2 -4 -6 5 3 1 -1 -3 -5 6 4 2 0 -2 -4 -6 5 3 1 -1 -3 -5 6 4 2 0 -2 -4 -6 5 3 1 -1 -3 -5 6 4 2 0 -2 -4 -6 5 3 1 -1 -3 -5 6 4 2 0 -2 -4 -6 5 3 1 -1 -3 -5 6 4 2 0 -2 -4 -6 5 3 1 -1 -3 -5 6 4 2 0 -2 -4 -6 5 3 1 -1 -3 -5 6 4 2 0 -2 -4 -6 5 3 1 -1 -3 -5 6 4 2 0 -2 -4 -6 5 3 1 -1 -3 -5 6 4 2 0 -2 -4 -6 5 3 1 -1
3 1 -1 -3 -5 6 4 2 0 -2 -4 -6 5 3 1 -1 -3 -5 6 4 2 0 -2 -4 -6 5 3 1 -1 -3 -5 6 4 2 0 -2 -4 -6 5 3 1 -1 -3 -5 6 4 2 0 -2 -4 -6 5 3 1 -1 -3 -5 6 4 2 0 -2 -4 -6 5 3 1 -1 -3 -5 6 4 2 0 -2 -4 -6 5 3 1 -1 -3 -5 6 4 2 0 -2 -4 -6 5 3 1 -1 -3 -5 6 4 2 0 -2 -4 -6 5 3 1 -1 -3 -5 6 4 2 0 -2 -4 -6 5 3 1 -1 -3 -5 6 4 2 0 -2 -4 -6 5 3 1 -1 -3 -5 6 4 2 0 -2 -4 -6 5 3 1 -1 -3 -5 6 4 2 0 -2 -4 -6 5 3 1 -1 -3 -5 6 4 2 0 -2 -4 -6 5 3 1 -1 -3 -5 6 4 2 0 -2 -4 -6 5 3 1 -1 -3 -5 6 4 2 0 -2 -4 -6 5 3 1 -1 -3 -5 6 4 2 0 -2 -4 -6 5 3 1 -1 -3 -5 6 4 2 0 -2 -4 -6 5 3 1 -1 -3 -5 6 4 2 0 -2 -4 -6 5 3 1 -1 -3 -5 6 4 2 0 -2 -4 -6 5 3 1 -1 -3 -5 6 4 2 0 -2 -4 -6 5 3 1 -1 -3 -5 6 4 2 0 -2 -4 -6 5 3 1 -1 -3 -5 6 4 2 0 -2 -4 -6 5 3 1 -1 -3 -5 6 4 2 0 -2 -4 -6 5 3 1 -1 -3 -5 6 4 2 0 -2 -4 -6 5 3 1 -1 -3 -5 6 4 2 0 -2 -4 -6 5 3 1 -1 -3 -5 6 4 2 0 -2 -4 -6 5 3 1 -1 -3 -5 6 4 2 0 -2 -4 -6 5 3 1 -1 -3 -5 6 4 2 0 -2 -4 -6 5 3 1 -1 -3 -5 6 4 2 0 -2 -4 -6 5 3 1 -1 -3 -5 6 4 2 0 -2 -4 -6 5 3 1 -1 -3 -5 6 4 2 0 -2 -4 -6 5 3 1 -1 -3 -5 6 4 2 0 -2 -4 -6 5 3 1 -1 -3 -5 6 4 2 0 -2 -4 -6 5 3 1 -1 -3 -5 6 4 2 0 -2 -4 -6 5 3 1 -1 -3 -5 6 4 2 0 -2 -4 -6 5 3 1 -1 -3 -5 6 4 2 0 -2 -4 -6 5 3 1 -1 -3 -5 6 4 2 0 -2 -4 -6 5 3 1 -1 -3 -5 6 4 2 0 -2 -4 -6 5 3 1 -1 -3 -5 6
-3 -5 6 4 2 0 -2 -4 -6 5 3 1 -1 -3 -5 6 4 2 0 -2 -4 -6 5 3 1 -1 -3 -5 6 4 2 0 -2 -4 -6 5 3 1 -1 -3 -5 6 4 2 0 -2 -4 -6 5 3 1 -1 -3 -5 6 4 2 0 -2 -4 -6 5 3 1 -1 -3 -5 6 4 2 0 -2 -4 -6 5 3 1 -1 -3 -5 6 4 2 0 -2 -4 -6 5 3 1 -1 -3 -5 6 4 2 0 -2 -4 -6 5 3 1 -1 -3 -5 6 4 2 0 -2 -4 -6 5 3 1 -1 -3 -5 6 4 2 0 -2 -4 -6 5 3 1 -1 -3 -5 6 4 2 0 -2 -4 -6 5 3 1 -1 -3 -5 6 4 2 0 -2 -4 -6 5 3 1 -1 -3 -5 6 4 2 0 -2 -4 -6 5 3 1 -1 -3 -5 6 4 2 0 -2 -4 -6 5 3 1 -1 -3 -5 6 4 2 0 -2 -4 -6 5 3 1 -1 -3 -5 6 4 2 0 -2 -4 -6 5 3 1 -1 -3 -5 6 4 2 0 -2 -4 -6 5 3 1 -1 -3 -5 6 4 2 0 -2 -4 -6 5 3 1 -1 -3 -5 6 4 2 0 -2 -4 -6 5 3 1 -1 -3 -5 6 4 2 0 -2 -4 -6 5 3 1 -1 -3 -5 6 4 2 0 -2 -4 -6 5 3 1 -1 -3 -5 6 4 2 0 -2 -4 -6 5 3 1 -1 -3 -5 6 4 2 0 -2 -4 -6 5 3 1 -1 -3 -5 6 4 2 0 -2 -4 -6 5 3 1 -1 -3 -5 6 4 2 0 -2 -4 -6 5 3 1 -1 -3 -5 6 4 2 0 -2 -4 -6 5 3 1 -1 -3 -5 6 4 2 0 -2 -4 -6 5 3 1 -1 -3 -5 6 4 2 0 -2 -4 -6 5 3 1 -1 -3 -5 6 4 2 0 -2 -4 -6 5 3 1 -1 -3 -5 6 4 2 0 -2 -4 -6 5 3 1 -1 -3 -5 6 4 2 0 -2 -4 -6 5 3 1 -1 -3 -5 6 4 2 0 -2 -4 -6 5 3 1 -1 -3 -5 6 4 2 0 -2 -4 -6 5 3 1 -1 -3 -5 6 4 2 0 -2 -4 -6 5 3 1 -1 -3 -5 6 4 2 0 -2 -4 -6 5 3 1 -1 -3 -5 6 4 2 0 -2 -4 -6 5 3 1 -1 -3 -5 6 4 2 0 -2 -4 -6 5 3 1 -1 -3 -5 6 4 2 0 -2 -4 -6 5 3 1 -1 -3 -5 6 4 2 0
4 2 0 -2 -4 -6 5 3 1 -1 -3 -5 6 4 2 0 -2 -4 -6 5 3 1 -1 -3 -5 6 4 2 0 -2 -4 -6 5 3 1 -1 -3 -5 6 4 2 0 -2 -4 -6 5 3 1 -1 -3 -5 6 4 2 0 -2 -4 -6 5 3 1 -1 -3 -5 6 4 2 0 -2 -4 -6 5 3 1 -1 -3 -5 6 4 2 0 -2 -4 -6 5 3 1 -1 -3 -5 6 4 2 0 -2 -4 -6 5 3 1 -1 -3 -5 6 4 2 0 -2 -4 -6 5 3 1 -1 -3 -5 6 4 2 0 -2 -4 -6 5 3 1 -1 -3 -5 6 4 2 0 -2 -4 -6 5 3 1 -1 -3 -5 6 4 2 0 -2 -4 -6 5 3 1 -1 -3 -5 6 4 2 0 -2 -4 -6 5 3 1 -1 -3 -5 6 4 2 0 -2 -4 -6 5 3 1 -1 -3 -5 6 4 2 0 -2 -4 -6 5 3 1 -1 -3 -5 6 4 2 0 -2 -4 -6 5 3 1 -1 -3 -5 6 4 2 0 -2 -4 -6 5 3 1 -1 -3 -5 6 4 2 0 -2 -4 -6 5 3 1 -1 -3 -5 6 4 2 0 -2 -4 -6 5 3 1 -1 -3 -5 6 4 2 0 -2 -4 -6 5 3 1 -1 -3 -5 6 4 2 0 -2 -4 -6 5 3 1 -1 -3 -5 6 4 2 0 -2 -4 -6 5 3 1 -1 -3 -5 6 4 2 0 -2 -4 -6 5 3 1 -1 -3 -5 6 4 2 0 -2 -4 -6 5 3 1 -1 -3 -5 6 4 2 0 -2 -4 -6 5 3 1 -1 -3 -5 6 4 2 0 -2 -4 -6 5 3 1 -1 -3 -5 6 4 2 0 -2 -4 -6 5 3 1 -1 -3 -5 6 4 2 0 -2 -4 -6 5 3 1 -1 -3 -5 6 4 2 0 -2 -4 -6 5 3 1 -1 -3 -5 6 4 2 0 -2 -4 -6 5 3 1 -1 -3 -5 6 4 2 0 -2 -4 -6 5 3 1 -1 -3 -5 6 4 2 0 -2 -4 -6 5 3 1 -1 -3 -5 6 4 2 0 -2 -4 -6 5 3 1 -1 -3 -5 6 4 2 0 -2 -4 -6 5 3 1 -1 -3 -5 6 4 2 0 -2 -4 -6 5 3 1 -1 -3 -5 6 4 2 0 -2 -4 -6 5 3 1 -1 -3 -5 6 4 2 0 -2 -4 -6 5 3 1 -1 -3 -5 6 4 2 0 -2 -4 -6 5 3 1 -1 -3 -5 6 4 2 0 -2 -4 -6
-2 -4 -6 5 3 1 -1 -3 -5 6 4 2 0 -2 -4 -6 5 3 1 -1 -3 -5 6 4 2 0 -2 -4 -6 5 3 1 -1 -3 -5 6 4 2 0 -2 -4 -6 5 3 1 -1 -3 -5 6 4 2 0 -2 -4 -6 5 3 1 -1 -3 -5 6 4 2 0 -2 -4 -6 5 3 1 -1 -3 -5 6 4 2 0 -2 -4 -6 5 3 1 -1 -3 -5 6 4 2 0 -2 -4 -6 5 3 1 -1 -3 -5 6 4 2 0 -2 -4 -6 5 3 1 -1 -3 -5 6 4 2 0 -2 -4 -6 5 3 1 -1 -3 -5 6 4 2 0 -2 -4 -6 5 3 1 -1 -3 -5 6 4 2 0 -2 -4 -6 5 3 1 -1 -3 -5 6 4 2 0 -2 -4 -6 5 3 1 -1 -3 -5 6 4 2 0 -2 -4 -6 5 3 1 -1 -3 -5 6 4 2 0 -2 -4 -6 5 3 1 -1 -3 -5 6 4 2 0 -2 -4 -6 5 3 1 -1 -3 -5 6 4 2 0 -2 -4 -6 5 3 1 -1 -3 -5 6 4 2 0 -2 -4 -6 5 3 1 -1 -3 -5 6 4 2 0 -2 -4 -6 5 3 1 -1 -3 -5 6 4 2 0 -2 -4 -6 5 3 1 -1 -3 -5 6 4 2 0 -2 -4 -6 5 3 1 -1 -3 -5 6 4 2 0 -2 -4 -6 5 3 1 -1 -3 -5 6 4 2 0 -2 -4 -6 5 3 1 -1 -3 -5 6 4 2 0 -2 -4 -6 5 3 1 -1 -3 -5 6 4 2 0 -2 -4 -6 5 3 1 -1 -3 -5 6 4 2 0 -2 -4 -6 5 3 1 -1 -3 -5 6 4 2 0 -2 -4 -6 5 3 1 -1 -3 -5 6 4 2 0 -2 -4 -6 5 3 1 -1 -3 -5 6 4 2 0 -2 -4 -6 5 3 1 -1 -3 -5 6 4 2 0 -2 -4 -6 5 3 1 -1 -3 -5 6 4 2 0 -2 -4 -6 5 3 1 -1 -3 -5 6 4 2 0 -2 -4 -6 5 3 1 -1 -3 -5 6 4 2 0 -2 -4 -6 5 3 1 -1 -3 -5 6 4 2 0 -2 -4 -6 5 3 1 -1 -3 -5 6 4 2 0 -2 -4 -6 5 3 1 -1 -3 -5 6 4 2 0 -2 -4 -6 5 3 1 -1 -3 -5 6 4 2 0 -2 -4 -6 5 3 1 -1 -3 -5 6 4 2 0 -2 -4 -6 5 3 1 -1 -3 -5 6 4 2 0 -2 -4 -6 5 3 1
5 3 1 -1 -3 -5 6 4 2 0 -2 -4 -6 5 3 1 -1 -3 -5 6 4 2 0 -2 -4 -6 5 3 1 -1 -3 -5 6 4 2 0 -2 -4 -6 5 3 1 -1 -3 -5 6 4 2 0 -2 -4 -6 5 3 1 -1 -3 -5 6 4 2 0 -2 -4 -6 5 3 1 -1 -3 -5 6 4 2 0 -2 -4 -6 5 3 1 -1 -3 -5 6 4 2 0 -2 -4 -6 5 3 1 -1 -3 -5 6 4 2 0 -2 -4 -6 5 3 1 -1 -3 -5 6 4 2 0 -2 -4 -6 5 3 1 -1 -3 -5 6 4 2 0 -2 -4 -6 5 3 1 -1 -3 -5 6 4 2 0 -2 -4 -6 5 3 1 -1 -3 -5 6 4 2 0 -2 -4 -6 5 3 1 -1 -3 -5 6 4 2 0 -2 -4 -6 5 3 1 -1 -3 -5 6 4 2 0 -2 -4 -6 5 3 1 -1 -3 -5 6 4 2 0 -2 -4 -6 5 3 1 -1 -3 -5 6 4 2 0 -2 -4 -6 5 3 1 -1 -3 -5 6 4 2 0 -2 -4 -6 5 3 1 -1 -3 -5 6 4 2 0 -2 -4 -6 5 3 1 -1 -3 -5 6 4 2 0 -2 -4 -6 5 3 1 -1 -3 -5 6 4 2 0 -2 -4 -6 5 3 1 -1 -3 -5 6 4 2 0 -2 -4 -6 5 3 1 -1 -3 -5 6 4 2 0 -2 -4 -6 5 3 1 -1 -3 -5 6 4 2 0 -2 -4 -6 5 3 1 -1 -3 -5 6 4 2 0 -2 -4 -6 5 3 1 -1 -3 -5 6 4 2 0 -2 -4 -6 5 3 1 -1 -3 -5 6 4 2 0 -2 -4 -6 5 3 1 -1 -3 -5 6 4 2 0 -2 -4 -6 5 3 1 -1 -3 -5 6 4 2 0 -2 -4 -6 5 3 1 -1 -3 -5 6 4 2 0 -2 -4 -6 5 3 1 -1 -3 -5 6 4 2 0 -2 -4 -6 5 3 1 -1 -3 -5 6 4 2 0 -2 -4 -6 5 3 1 -1 -3 -5 6 4 2 0 -2 -4 -6 5 3 1 -1 -3 -5 6 4 2 0 -2 -4 -6 5 3 1 -1 -3 -5 6 4 2 0 -2 -4 -6 5 3 1 -1 -3 -5 6 4 2 0 -2 -4 -6 5 3 1 -1 -3 -5 6 4 2 0 -2 -4 -6 5 3 1 -1 -3 -5 6 4 2 0 -2 -4 -6 5 3 1 -1 -3 -5 6 4 2 0 -2 -4 -6 5 3 1 -1 -3 -5
-1 -3 -5 6 4 2 0 -2 -4 -6 5 3 1 -1 -3 -5 6 4 2 0 -2 -4 -6 5 3 1 -1 -3 -5 6 4 2 0 -2 -4 -6 5 3 1 -1 -3 -5 6 4 2 0 -2 -4 -6 5 3 1 -1 -3 -5 6 4 2 0 -2 -4 -6 5 3 1 -1 -3 -5 6 4 2 0 -2 -4 -6 5 3 1 -1 -3 -5 6 4 2 0 -2 -4 -6 5 3 1 -1 -3 -5 6 4 2 0 -2 -4 -6 5 3 1 -1 -3 -5 6 4 2 0 -2 -4 -6 5 3 1 -1 -3 -5 6 4 2 0 -2 -4 -6 5 3 1 -1 -3 -5 6 4 2 0 -2 -4 -6 5 3 1 -1 -3 -5 6 4 2 0 -2 -4 -6 5 3 1 -1 -3 -5 6 4 2 0 -2 -4 -6 5 3 1 -1 -3 -5 6 4 2 0 -2 -4 -6 5 3 1 -1 -3 -5 6 4 2 0 -2 -4 -6 5 3 1 -1 -3 -5 6 4 2 0 -2 -4 -6 5 3 1 -1 -3 -5 6 4 2 0 -2 -4 -6 5 3 1 -1 -3 -5 6 4 2 0 -2 -4 -6 5 3 1 -1 -3 -5 6 4 2 0 -2 -4 -6 5 3 1 -1 -3 -5 6 4 2 0 -2 -4 -6 5 3 1 -1 -3 -5 6 4 2 0 -2 -4 -6 5 3 1 -1 -3 -5 6 4 2 0 -2 -4 -6 5 3 1 -1 -3 -5 6 4 2 0 -2 -4 -6 5 3 1 -1 -3 -5 6 4 2 0 -2 -4 -6 5 3 1 -1 -3 -5 6 4 2 0 -2 -4 -6 5 3 1 -1 -3 -5 6 4 2 0 -2 -4 -6 5 3 1 -1 -3 -5 6 4 2 0 -2 -4 -6 5 3 1 -1 -3 -5 6 4 2 0 -2 -4 -6 5 3 1 -1 -3 -5 6 4 2 0 -2 -4 -6 5 3 1 -1 -3 -5 6 4 2 0 -2 -4 -6 5 3 1 -1 -3 -5 6 4 2 0 -2 -4 -6 5 3 1 -1 -3 -5 6 4 2 0 -2 -4 -6 5 3 1 -1 -3 -5 6 4 2 0 -2 -4 -6 5 3 1 -1 -3 -5 6 4 2 0 -2 -4 -6 5 3 1 -1 -3 -5 6 4 2 0 -2 -4 -6 5 3 1 -1 -3 -5 6 4 2 0 -2 -4 -6 5 3 1 -1 -3 -5 6 4 2 0 -2 -4 -6 5 3 1 -1 -3 -5 6 4 2 0 -2 -4 -6 5 3 1 -1 -3 -5 6 4 2
6 4 2 0 -2 -4 -6 5 3 1 -1 -3 -5 6 4 2 0 -2 -4 -6 5 3 1 -1 -3 -5 6 4 2 0 -2 -4 -6 5 3 1 -1 -3 -5 6 4 2 0 -2 -4 -6 5 3 1 -1 -3 -5 6 4 2 0 -2 -4 -6 5 3 1 -1 -3 -5 6 4 2 0 -2 -4 -6 5 3 1 -1 -3 -5 6 4 2 0 -2 -4 -6 5 3 1 -1 -3 -5 6 4 2 0 -2 -4 -6 5 3 1 -1 -3 -5 6 4 2 0 -2 -4 -6 5 3 1 -1 -3 -5 6 4 2 0 -2 -4 -6 5 3 1 -1 -3 -5 6 4 2 0 -2 -4 -6 5 3 1 -1 -3 -5 6 4 2 0 -2 -4 -6 5 3 1 -1 -3 -5 6 4 2 0 -2 -4 -6 5 3 1 -1 -3 -5 6 4 2 0 -2 -4 -6 5 3 1 -1 -3 -5 6 4 2 0 -2 -4 -6 5 3 1 -1 -3 -5 6 4 2 0 -2 -4 -6 5 3 1 -1 -3 -5 6 4 2 0 -2 -4 -6 5 3 1 -1 -3 -5 6 4 2 0 -2 -4 -6 5 3 1 -1 -3 -5 6 4 2 0 -2 -4 -6 5 3 1 -1 -3 -5 6 4 2 0 -2 -4 -6 5 3 1 -1 -3 -5 6 4 2 0 -2 -4 -6 5 3 1 -1 -3 -5 6 4 2 0 -2 -4 -6 5 3 1 -1 -3 -5 6 4 2 0 -2 -4 -6 5 3 1 -1 -3 -5 6 4 2 0 -2 -4 -6 5 3 1 -1 -3 -5 6 4 2 0 -2 -4 -6 5 3 1 -1 -3 -5 6 4 2 0 -2 -4 -6 5 3 1 -1 -3 -5 6 4 2 0 -2 -4 -6 5 3 1 -1 -3 -5 6 4 2 0 -2 -4 -6 5 3 1 -1 -3 -5 6 4 2 0 -2 -4 -6 5 3 1 -1 -3 -5 6 4 2 0 -2 -4 -6 5 3 1 -1 -3 -5 6 4 2 0 -2 -4 -6 5 3 1 -1 -3 -5 6 4 2 0 -2 -4 -6 5 3 1 -1 -3 -5 6 4 2 0 -2 -4 -6 5 3 1 -1 -3 -5 6 4 2 0 -2 -4 -6 5 3 1 -1 -3 -5 6 4 2 0 -2 -4 -6 5 3 1 -1 -3 -5 6 4 2 0 -2 -4 -6 5 3 1 -1 -3 -5 6 4 2 0 -2 -4 -6 5 3 1 -1 -3 -5 6 4 2 0 -2 -4 -6 5 3 1 -1 -3 -5 6 4 2 0 -2 -4
0 -2 -4 -6 5 3 1 -1 -3 -5 6 4 2 0 -2 -4 -6 5 3 1 -1 -3 -5 6 4 2 0 -2 -4 -6 5 3 1 -1 -3 -5 6 4 2 0 -2 -4 -6 5 3 1 -1 -3 -5 6 4 2 0 -2 -4 -6 5 3 1 -1 -3 -5 6 4 2 0 -2 -4 -6 5 3 1 -1 -3 -5 6 4 2 0 -2 -4 -6 5 3 1 -1 -3 -5 6 4 2 0 -2 -4 -6 5 3 1 -1 -3 -5 6 4 2 0 -2 -4 -6 5 3 1 -1 -3 -5 6 4 2 0 -2 -4 -6 5 3 1 -1 -3 -5 6 4 2 0 -2 -4 -6 5 3 1 -1 -3 -5 6 4 2 0 -2 -4 -6 5 3 1 -1 -3 -5 6 4 2 0 -2 -4 -6 5 3 1 -1 -3 -5 6 4 2 0 -2 -4 -6 5 3 1 -1 -3 -5 6 4 2 0 -2 -4 -6 5 3 1 -1 -3 -5 6 4 2 0 -2 -4 -6 5 3 1 -1 -3 -5 6 4 2 0 -2 -4 -6 5 3 1 -1 -3 -5 6 4 2 0 -2 -4 -6 5 3 1 -1 -3 -5 6 4 2 0 -2 -4 -6 5 3 1 -1 -3 -5 6 4 2 0 -2 -4 -6 5 3 1 -1 -3 -5 6 4 2 0 -2 -4 -6 5 3 1 -1 -3 -5 6 4 2 0 -2 -4 -6 5 3 1 -1 -3 -5 6 4 2 0 -2 -4 -6 5 3 1 -1 -3 -5 6 4 2 0 -2 -4 -6 5 3 1 -1 -3 -5 6 4 2 0 -2 -4 -6 5 3 1 -1 -3 -5 6 4 2 0 -2 -4 -6 5 3 1 -1 -3 -5 6 4 2 0 -2 -4 -6 5 3 1 -1 -3 -5 6 4 2 0 -2 -4 -6 5 3 1 -1 -3 -5 6 4 2 0 -2 -4 -6 5 3 1 -1 -3 -5 6 4 2 0 -2 -4 -6 5 3 1 -1 -3 -5 6 4 2 0 -2 -4 -6 5 3 1 -1 -3 -5 6 4 2 0 -2 -4 -6 5 3 1 -1 -3 -5 6 4 2 0 -2 -4 -6 5 3 1 -1 -3 -5 6 4 2 0 -2 -4 -6 5 3 1 -1 -3 -5 6 4 2 0 -2 -4 -6 5 3 1 -1 -3 -5 6 4 2 0 -2 -4 -6 5 3 1 -1 -3 -5 6 4 2 0 -2 -4 -6 5 3 1 -1 -3 -5 6 4 2 0 -2 -4 -6 5 3 1 -1 -3 -5 6 4 2 0 -2 -4 -6 5 3
-6 5 3 1 -1 -3 -5 6 4 2 0 -2 -4 -6 5 3 1 -1 -3 -5 6 4 2 0 -2 -4 -6 5 3 1 -1 -3 -5 6 4 2 0 -2 -4 -6 5 3 1 -1 -3 -5 6 4 2 0 -2 -4 -6 5 3 1 -1 -3 -5 6 4 2 0 -2 -4 -6 5 3 1 -1 -3 -5 6 4 2 0 -2 -4 -6 5 3 1 -1 -3 -5 6 4 2 0 -2 -4 -6 5 3 1 -1 -3 -5 6 4 2 0 -2 -4 -6 5 3 1 -1 -3 -5 6 4 2 0 -2 -4 -6 5 3 1 -1 -3 -5 6 4 2 0 -2 -4 -6 5 3 1 -1 -3 -5 6 4 2 0 -2 -4 -6 5 3 1 -1 -3 -5 6 4 2 0 -2 -4 -6 5 3 1 -1 -3 -5 6 4 2 0 -2 -4 -6 5 3 1 -1 -3 -5 6 4 2 0 -2 -4 -6 5 3 1 -1 -3 -5 6 4 2 0 -2 -4 -6 5 3 1 -1 -3 -5 6 4 2 0 -2 -4 -6 5 3 1 -1 -3 -5 6 4 2 0 -2 -4 -6 5 3 1 -1 -3 -5 6 4 2 0 -2 -4 -6 5 3 1 -1 -3 -5 6 4 2 0 -2 -4 -6 5 3 1 -1 -3 -5 6 4 2 0 -2 -4 -6 5 3 1 -1 -3 -5 6 4 2 0 -2 -4 -6 5 3 1 -1 -3 -5 6 4 2 0 -2 -4 -6 5 3 1 -1 -3 -5 6 4 2 0 -2 -4 -6 5 3 1 -1 -3 -5 6 4 2 0 -2 -4 -6 5 3 1 -1 -3 -5 6 4 2 0 -2 -4 -6 5 3 1 -1 -3 -5 6 4 2 0 -2 -4 -6 5 3 1 -1 -3 -5 6 4 2 0 -2 -4 -6 5 3 1 -1 -3 -5 6 4 2 0 -2 -4 -6 5 3 1 -1 -3 -5 6 4 2 0 -2 -4 -6 5 3 1 -1 -3 -5 6 4 2 0 -2 -4 -6 5 3 1 -1 -3 -5 6 4 2 0 -2 -4 -6 5 3 1 -1 -3 -5 6 4 2 0 -2 -4 -6 5 3 1 -1 -3 -5 6 4 2 0 -2 -4 -6 5 3 1 -1 -3 -5 6 4 2 0 -2 -4 -6 5 3 1 -1 -3 -5 6 4 2 0 -2 -4 -6 5 3 1 -1 -3 -5 6 4 2 0 -2 -4 -6 5 3 1 -1 -3 -5 6 4 2 0 -2 -4 -6 5 3 1 -1 -3 -5 6 4 2 0 -2 -4 -6 5 3 1 -1 -3
1 -1 -3 -5 6 4 2 0 -2 -4 -6 5 3 1 -1 -3 -5 6 4 2 0 -2 -4 -6 5 3 1 -1 -3 -5 6 4 2 0 -2 -4 -6 5 3 1 -1 -3 -5 6 4 2 0 -2 -4 -6 5 3 1 -1 -3 -5 6 4 2 0 -2 -4 -6 5 3 1 -1 -3 -5 6 4 2 0 -2 -4 -6 5 3 1 -1 -3 -5 6 4 2 0 -2 -4 -6 5 3 1 -1 -3 -5 6 4 2 0 -2 -4 -6 5 3 1 -1 -3 -5 6 4 2 0 -2 -4 -6 5 3 1 -1 -3 -5 6 4 2 0 -2 -4 -6 5 3 1 -1 -3 -5 6 4 2 0 -2 -4 -6 5 3 1 -1 -3 -5 6 4 2 0 -2 -4 -6 5 3 1 -1 -3 -5 6 4 2 0 -2 -4 -6 5 3 1 -1 -3 -5 6 4 2 0 -2 -4 -6 5 3 1 -1 -3 -5 6 4 2 0 -2 -4 -6 5 3 1 -1 -3 -5 6 4 2 0 -2 -4 -6 5 3 1 -1 -3 -5 6 4 2 0 -2 -4 -6 5 3 1 -1 -3 -5 6 4 2 0 -2 -4 -6 5 3 1 -1 -3 -5 6 4 2 0 -2 -4 -6 5 3 1 -1 -3 -5 6 4 2 0 -2 -4 -6 5 3 1 -1 -3 -5 6 4 2 0 -2 -4 -6 5 3 1 -1 -3 -5 6 4 2 0 -2 -4 -6 5 3 1 -1 -3 -5 6 4 2 0 -2 -4 -6 5 3 1 -1 -3 -5 6 4 2 0 -2 -4 -6 5 3 1 -1 -3 -5 6 4 2 0 -2 -4 -6 5 3 1 -1 -3 -5 6 4 2 0 -2 -4 -6 5 3 1 -1 -3 -5 6 4 2 0 -2 -4 -6 5 3 1 -1 -3 -5 6 4 2 0 -2 -4 -6 5 3 1 -1 -3 -5 6 4 2 0 -2 -4 -6 5 3 1 -1 -3 -5 6 4 2 0 -2 -4 -6 5 3 1 -1 -3 -5 6 4 2 0 -2 -4 -6 5 3 1 -1 -3 -5 6 4 2 0 -2 -4 -6 5 3 1 -1 -3 -5 6 4 2 0 -2 -4 -6 5 3 1 -1 -3 -5 6 4 2 0 -2 -4 -6 5 3 1 -1 -3 -5 6 4 2 0 -2 -4 -6 5 3 1 -1 -3 -5 6 4 2 0 -2 -4 -6 5 3 1 -1 -3 -5 6 4 2 0 -2 -4 -6 5 3 1 -1 -3 -5 6 4 2 0 -2 -4 -6 5 3 1 -1 -3 -5 6 4
-5 6 4 2 0 -2 -4 -6 5 3 1 -1 -3 -5 6 4 2 0 -2 -4 -6 5 3 1 -1 -3 -5 6 4 2 0 -2 -4 -6 5 3 1 -1 -3 -5 6 4 2 0 -2 -4 -6 5 3 1 -1 -3 -5 6 4 2 0 -2 -4 -6 5 3 1 -1 -3 -5 6 4 2 0 -2 -4 -6 5 3 1 -1 -3 -5 6 4 2 0 -2 -4 -6 5 3 1 -1 -3 -5 6 4 2 0 -2 -4 -6 5 3 1 -1 -3 -5 6 4 2 0 -2 -4 -6 5 3 1 -1 -3 -5 6 4 2 0 -2 -4 -6 5 3 1 -1 -3 -5 6 4 2 0 -2 -4 -6 5 3 1 -1 -3 -5 6 4 2 0 -2 -4 -6 5 3 1 -1 -3 -5 6 4 2 0 -2 -4 -6 5 3 1 -1 -3 -5 6 4 2 0 -2 -4 -6 5 3 1 -1 -3 -5 6 4 2 0 -2 -4 -6 5 3 1 -1 -3 -5 6 4 2 0 -2 -4 -6 5 3 1 -1 -3 -5 6 4 2 0 -2 -4 -6 5 3 1 -1 -3 -5 6 4 2 0 -2 -4 -6 5 3 1 -1 -3 -5 6 4 2 0 -2 -4 -6 5 3 1 -1 -3 -5 6 4 2 0 -2 -4 -6 5 3 1 -1 -3 -5 6 4 2 0 -2 -4 -6 5 3 1 -1 -3 -5 6 4 2 0 -2 -4 -6 5 3 1 -1 -3 -5 6 4 2 0 -2 -4 -6 5 3 1 -1 -3 -5 6 4 2 0 -2 -4 -6 5 3 1 -1 -3 -5 6 4 2 0 -2 -4 -6 5 3 1 -1 -3 -5 6 4 2 0 -2 -4 -6 5 3 1 -1 -3 -5 6 4 2 0 -2 -4 -6 5 3 1 -1 -3 -5 6 4 2 0 -2 -4 -6 5 3 1 -1 -3 -5 6 4 2 0 -2 -4 -6 5 3 1 -1 -3 -5 6 4 2 0 -2 -4 -6 5 3 1 -1 -3 -5 6 4 2 0 -2 -4 -6 5 3 1 -1 -3 -5 6 4 2 0 -2 -4 -6 5 3 1 -1 -3 -5 6 4 2 0 -2 -4 -6 5 3 1 -1 -3 -5 6 4 2 0 -2 -4 -6 5 3 1 -1 -3 -5 6 4 2 0 -2 -4 -6 5 3 1 -1 -3 -5 6 4 2 0 -2 -4 -6 5 3 1 -1 -3 -5 6 4 2 0 -2 -4 -6 5 3 1 -1 -3 -5 6 4 2 0 -2 -4 -6 5 3 1 -1 -3 -5 6 4 2 0 -2
2 0 -2 -4 -6 5 3 1 -1 -3 -5 6 4 2 0 -2 -4 -6 5 3 1 -1 -3 -5 6 4 2 0 -2 -4 -6 5 3 1 -1 -3 -5 6 4 2 0 -2 -4 -6 5 3 1 -1 -3 -5 6 4 2 0 -2 -4 -6 5 3 1 -1 -3 -5 6 4 2 0 -2 -4 -6 5 3 1 -1 -3 -5 6 4 2 0 -2 -4 -6 5 3 1 -1 -3 -5 6 4 2 0 -2 -4 -6 5 3 1 -1 -3 -5 6 4 2 0 -2 -4 -6 5 3 1 -1 -3 -5 6 4 2 0 -2 -4 -6 5 3 1 -1 -3 -5 6 4 2 0 -2 -4 -6 5 3 1 -1 -3 -5 6 4 2 0 -2 -4 -6 5 3 1 -1 -3 -5 6 4 2 0 -2 -4 -6 5 3 1 -1 -3 -5 6 4 2 0 -2 -4 -6 5 3 1 -1 -3 -5 6 4 2 0 -2 -4 -6 5 3 1 -1 -3 -5 6 4 2 0 -2 -4 -6 5 3 1 -1 -3 -5 6 4 2 0 -2 -4 -6 5 3 1 -1 -3 -5 6 4 2 0 -2 -4 -6 5 3 1 -1 -3 -5 6 4 2 0 -2 -4 -6 5 3 1 -1 -3 -5 6 4 2 0 -2 -4 -6 5 3 1 -1 -3 -5 6 4 2 0 -2 -4 -6 5 3 1 -1 -3 -5 6 4 2 0 -2 -4 -6 5 3 1 -1 -3 -5 6 4 2 0 -2 -4 -6 5 3 1 -1 -3 -5 6 4 2 0 -2 -4 -6 5 3 1 -1 -3 -5 6 4 2 0 -2 -4 -6 5 3 1 -1 -3 -5 6 4 2 0 -2 -4 -6 5 3 1 -1 -3 -5 6 4 2 0 -2 -4 -6 5 3 1 -1 -3 -5 6 4 2 0 -2 -4 -6 5 3 1 -1 -3 -5 6 4 2 0 -2 -4 -6 5 3 1 -1 -3 -5 6 4 2 0 -2 -4 -6 5 3 1 -1 -3 -5 6 4 2 0 -2 -4 -6 5 3 1 -1 -3 -5 6 4 2 0 -2 -4 -6 5 3 1 -1 -3 -5 6 4 2 0 -2 -4 -6 5 3 1 -1 -3 -5 6 4 2 0 -2 -4 -6 5 3 1 -1 -3 -5 6 4 2 0 -2 -4 -6 5 3 1 -1 -3 -5 6 4 2 0 -2 -4 -6 5 3 1 -1 -3 -5 6 4 2 0 -2 -4 -6 5 3 1 -1 -3 -5 6 4 2 0 -2 -4 -6 5 3 1 -1 -3 -5 6 4 2 0 -2 -4 -6 5
-4 -6 5 3 1 -1 -3 -5 6 4 2 0 -2 -4 -6 5 3 1 -1 -3 -5 6 4 2 0 -2 -4 -6 5 3 1 -1 -3 -5 6 4 2 0 -2 -4 -6 5 3 1 -1 -3 -5 6 4 2 0 -2 -4 -6 5 3 1 -1 -3 -5 6 4 2 0 -2 -4 -6 5 3 1 -1 -3 -5 6 4 2 0 -2 -4 -6 5 3 1 -1 -3 -5 6 4 2 0 -2 -4 -6 5 3 1 -1 -3 -5 6 4 2 0 -2 -4 -6 5 3 1 -1 -3 -5 6 4 2 0 -2 -4 -6 5 3 1 -1 -3 -5 6 4 2 0 -2 -4 -6 5 3 1 -1 -3 -5 6 4 2 0 -2 -4 -6 5 3 1 -1 -3 -5 6 4 2 0 -2 -4 -6 5 3 1 -1 -3 -5 6 4 2 0 -2 -4 -6 5 3 1 -1 -3 -5 6 4 2 0 -2 -4 -6 5 3 1 -1 -3 -5 6 4 2 0 -2 -4 -6 5 3 1 -1 -3 -5 6 4 2 0 -2 -4 -6 5 3 1 -1 -3 -5 6 4 2 0 -2 -4 -6 5 3 1 -1 -3 -5 6 4 2 0 -2 -4 -6 5 3 1 -1 -3 -5 6 4 2 0 -2 -4 -6 5 3 1 -1 -3 -5 6 4 2 0 -2 -4 -6 5 3 1 -1 -3 -5 6 4 2 0 -2 -4 -6 5 3 1 -1 -3 -5 6 4 2 0 -2 -4 -6 5 3 1 -1 -3 -5 6 4 2 0 -2 -4 -6 5 3 1 -1 -3 -5 6 4 2 0 -2 -4 -6 5 3 1 -1 -3 -5 6 4 2 0 -2 -4 -6 5 3 1 -1 -3 -5 6 4 2 0 -2 -4 -6 5 3 1 -1 -3 -5 6 4 2 0 -2 -4 -6 5 3 1 -1 -3 -5 6 4 2 0 -2 -4 -6 5 3 1 -1 -3 -5 6 4 2 0 -2 -4 -6 5 3 1 -1 -3 -5 6 4 2 0 -2 -4 -6 5 3 1 -1 -3 -5 6 4 2 0 -2 -4 -6 5 3 1 -1 -3 -5 6 4 2 0 -2 -4 -6 5 3 1 -1 -3 -5 6 4 2 0 -2 -4 -6 5 3 1 -1 -3 -5 6 4 2 0 -2 -4 -6 5 3 1 -1 -3 -5 6 4 2 0 -2 -4 -6 5 3 1 -1 -3 -5 6 4 2 0 -2 -4 -6 5 3 1 -1 -3 -5 6 4 2 0 -2 -4 -6 5 3 1 -1 -3 -5 6 4 2 0 -2 -4 -6 5 3 1 -1
3 1 -1 -3 -5 6 4 2 0 -2 -4 -6 5 3 1 -1 -3 -5 6 4 2 0 -2 -4 -6 5 3 1 -1 -3 -5 6 4 2 0 -2 -4 -6 5 3 1 -1 -3 -5 6 4 2 0 -2 -4 -6 5 3 1 -1 -3 -5 6 4 2 0 -2 -4 -6 5 3 1 -1 -3 -5 6 4 2 0 -2 -4 -6 5 3 1 -1 -3 -5 6 4 2 0 -2 -4 -6 5 3 1 -1 -3 -5 6 4 2 0 -2 -4 -6 5 3 1 -1 -3 -5 6 4 2 0 -2 -4 -6 5 3 1 -1 -3 -5 6 4 2 0 -2 -4 -6 5 3 1 -1 -3 -5 6 4 2 0 -2 -4 -6 5 3 1 -1 -3 -5 6 4 2 0 -2 -4 -6 5 3 1 -1 -3 -5 6 4 2 0 -2 -4 -6 5 3 1 -1 -3 -5 6 4 2 0 -2 -4 -6 5 3 1 -1 -3 -5 6 4 2 0 -2 -4 -6 5 3 1 -1 -3 -5 6 4 2 0 -2 -4 -6 5 3 1 -1 -3 -5 6 4 2 0 -2 -4 -6 5 3 1 -1 -3 -5 6 4 2 0 -2 -4 -6 5 3 1 -1 -3 -5 6 4 2 0 -2 -4 -6 5 3 1 -1 -3 -5 6 4 2 0 -2 -4 -6 5 3 1 -1 -3 -5 6 4 2 0 -2 -4 -6 5 3 1 -1 -3 -5 6 4 2 0 -2 -4 -6 5 3 1 -1 -3 -5 6 4 2 0 -2 -4 -6 5 3 1 -1 -3 -5 6 4 2 0 -2 -4 -6 5 3 1 -1 -3 -5 6 4 2 0 -2 -4 -6 5 3 1 -1 -3 -5 6 4 2 0 -2 -4 -6 5 3 1 -1 -3 -5 6 4 2 0 -2 -4 -6 5 3 1 -1 -3 -5 6 4 2 0 -2 -4 -6 5 3 1 -1 -3 -5 6 4 2 0 -2 -4 -6 5 3 1 -1 -3 -5 6 4 2 0 -2 -4 -6 5 3 1 -1 -3 -5 6 4 2 0 -2 -4 -6 5 3 1 -1 -3 -5 6 4 2 0 -2 -4 -6 5 3 1 -1 -3 -5 6 4 2 0 -2 -4 -6 5 3 1 -1 -3 -5 6 4 2 0 -2 -4 -6 5 3 1 -1 -3 -5 6 4 2 0 -2 -4 -6 5 3 1 -1 -3 -5 6 4 2 0 -2 -4 -6 5 3 1 -1 -3 -5 6 4 2 0 -2 -4 -6 5 3 1 -1 -3 -5 6 4 2 0 -2 -4 -6 5 3 1 -1 -3 -5 6
-3 -5 6 4 2 0 -2 -4 -6 5 3 1 -1 -3 -5 6 4 2 0 -2 -4 -6 5 3 1 -1 -3 -5 6 4 2 0 -2 -4 -6 5 3 1 -1 -3 -5 6 4 2 0 -2 -4 -6 5 3 1 -1 -3 -5 6 4 2 0 -2 -4 -6 5 3 1 -1 -3 -5 6 4 2 0 -2 -4 -6 5 3 1 -1 -3 -5 6 4 2 0 -2 -4 -6 5 3 1 -1 -3 -5 6 4 2 0 -2 -4 -6 5 3 1 -1 -3 -5 6 4 2 0 -2 -4 -6 5 3 1 -1 -3 -5 6 4 2 0 -2 -4 -6 5 3 1 -1 -3 -5 6 4 2 0 -2 -4 -6 5 3 1 -1 -3 -5 6 4 2 0 -2 -4 -6 5 3 1 -1 -3 -5 6 4 2 0 -2 -4 -6 5 3 1 -1 -3 -5 6 4 2 0 -2 -4 -6 5 3 1 -1 -3 -5 6 4 2 0 -2 -4 -6 5 3 1 -1 -3 -5 6 4 2 0 -2 -4 -6 5 3 1 -1 -3 -5 6 4 2 0 -2 -4 -6 5 3 1 -1 -3 -5 6 4 2 0 -2 -4 -6 5 3 1 -1 -3 -5 6 4 2 0 -2 -4 -6 5 3 1 -1 -3 -5 6 4 2 0 -2 -4 -6 5 3 1 -1 -3 -5 6 4 2 0 -2 -4 -6 5 3 1 -1 -3 -5 6 4 2 0 -2 -4 -6 5 3 1 -1 -3 -5 6 4 2 0 -2 -4 -6 5 3 1 -1 -3 -5 6 4 2 0 -2 -4 -6 5 3 1 -1 -3 -5 6 4 2 0 -2 -4 -6 5 3 1 -1 -3 -5 6 4 2 0 -2 -4 -6 5 3 1 -1 -3 -5 6 4 2 0 -2 -4 -6 5 3 1 -1 -3 -5 6 4 2 0 -2 -4 -6 5 3 1 -1 -3 -5 6 4 2 0 -2 -4 -6 5 3 1 -1 -3 -5 6 4 2 0 -2 -4 -6 5 3 1 -1 -3 -5 6 4 2 0 -2 -4 -6 5 3 1 -1 -3 -5 6 4 2 0 -2 -4 -6 5 3 1 -1 -3 -5 6 4 2 0 -2 -4 -6 5 3 1 -1 -3 -5 6 4 2 0 -2 -4 -6 5 3 1 -1 -3 -5 6 4 2 0 -2 -4 -6 5 3 1 -1 -3 -5 6 4 2 0 -2 -4 -6 5 3 1 -1 -3 -5 6 4 2 0 -2 -4 -6 5 3 1 -1 -3 -5 6 4 2 0 -2 -4 -6 5 3 1 -1 -3 -5 6 4 2 0
4 2 0 -2 -4 -6 5 3 1 -1 -3 -5 6 4 2 0 -2 -4 -6 5 3 1 -1 -3 -5 6 4 2 0 -2 -4 -6 5 3 1 -1 -3 -5 6 4 2 0 -2 -4 -6 5 3 1 -1 -3 -5 6 4 2 0 -2 -4 -6 5 3 1 -1 -3 -5 6 4 2 0 -2 -4 -6 5 3 1 -1 -3 -5 6 4 2 0 -2 -4 -6 5 3 1 -1 -3 -5 6 4 2 0 -2 -4 -6 5 3 1 -1 -3 -5 6 4 2 0 -2 -4 -6 5 3 1 -1 -3 -5 6 4 2 0 -2 -4 -6 5 3 1 -1 -3 -5 6 4 2 0 -2 -4 -6 5 3 1 -1 -3 -5 6 4 2 0 -2 -4 -6 5 3 1 -1 -3 -5 6 4 2 0 -2 -4 -6 5 3 1 -1 -3 -5 6 4 2 0 -2 -4 -6 5 3 1 -1 -3 -5 6 4 2 0 -2 -4 -6 5 3 1 -1 -3 -5 6 4 2 0 -2 -4 -6 5 3 1 -1 -3 -5 6 4 2 0 -2 -4 -6 5 3 1 -1 -3 -5 6 4 2 0 -2 -4 -6 5 3 1 -1 -3 -5 6 4 2 0 -2 -4 -6 5 3 1 -1 -3 -5 6 4 2 0 -2 -4 -6 5 3 1 -1 -3 -5 6 4 2 0 -2 -4 -6 5 3 1 -1 -3 -5 6 4 2 0 -2 -4 -6 5 3 1 -1 -3 -5 6 4 2 0 -2 -4 -6 5 3 1 -1 -3 -5 6 4 2 0 -2 -4 -6 5 3 1 -1 -3 -5 6 4 2 0 -2 -4 -6 5 3 1 -1 -3 -5 6 4 2 0 -2 -4 -6 5 3 1 -1 -3 -5 6 4 2 0 -2 -4 -6 5 3 1 -1 -3 -5 6 4 2 0 -2 -4 -6 5 3 1 -1 -3 -5 6 4 2 0 -2 -4 -6 5 3 1 -1 -3 -5 6 4 2 0 -2 -4 -6 5 3 1 -1 -3 -5 6 4 2 0 -2 -4 -6 5 3 1 -1 -3 -5 6 4 2 0 -2 -4 -6 5 3 1 -1 -3 -5 6 4 2 0 -2 -4 -6 5 3 1 -1 -3 -5 6 4 2 0 -2 -4 -6 5 3 1 -1 -3 -5 6 4 2 0 -2 -4 -6 5 3 1 -1 -3 -5 6 4 2 0 -2 -4 -6 5 3 1 -1 -3 -5 6 4 2 0 -2 -4 -6 5 3 1 -1 -3 -5 6 4 2 0 -2 -4 -6 5 3 1 -1 -3 -5 6 4 2 0 -2 -4 -6
-2 -4 -6 5 3 1 -1 -3 -5 6 4 2 0 -2 -4 -6 5 3 1 -1 -3 -5 6 4 2 0 -2 -4 -6 5 3 1 -1 -3 -5 6 4 2 0 -2 -4 -6 5 3 1 -1 -3 -5 6 4 2 0 -2 -4 -6 5 3 1 -1 -3 -5 6 4 2 0 -2 -4 -6 5 3 1 -1 -3 -5 6 4 2 0 -2 -4 -6 5 3 1 -1 -3 -5 6 4 2 0 -2 -4 -6 5 3 1 -1 -3 -5 6 4 2 0 -2 -4 -6 5 3 1 -1 -3 -5 6 4 2 0 -2 -4 -6 5 3 1 -1 -3 -5 6 4 2 0 -2 -4 -6 5 3 1 -1 -3 -5 6 4 2 0 -2 -4 -6 5 3 1 -1 -3 -5 6 4 2 0 -2 -4 -6 5 3 1 -1 -3 -5 6 4 2 0 -2 -4 -6 5 3 1 -1 -3 -5 6 4 2 0 -2 -4 -6 5 3 1 -1 -3 -5 6 4 2 0 -2 -4 -6 5 3 1 -1 -3 -5 6 4 2 0 -2 -4 -6 5 3 1 -1 -3 -5 6 4 2 0 -2 -4 -6 5 3 1 -1 -3 -5 6 4 2 0 -2 -4 -6 5 3 1 -1 -3 -5 6 4 2 0 -2 -4 -6 5 3 1 -1 -3 -5 6 4 2 0 -2 -4 -6 5 3 1 -1 -3 -5 6 4 2 0 -2 -4 -6 5 3 1 -1 -3 -5 6 4 2 0 -2 -4 -6 5 3 1 -1 -3 -5 6 4 2 0 -2 -4 -6 5 3 1 -1 -3 -5 6 4 2 0 -2 -4 -6 5 3 1 -1 -3 -5 6 4 2 0 -2 -4 -6 5 3 1 -1 -3 -5 6 4 2 0 -2 -4 -6 5 3 1 -1 -3 -5 6 4 2 0 -2 -4 -6 5 3 1 -1 -3 -5 6 4 2 0 -2 -4 -6 5 3 1 -1 -3 -5 6 4 2 0 -2 -4 -6 5 3 1 -1 -3 -5 6 4 2 0 -2 -4 -6 5 3 1 -1 -3 -5 6 4 2 0 -2 -4 -6 5 3 1 -1 -3 -5 6 4 2 0 -2 -4 -6 5 3 1 -1 -3 -5 6 4 2 0 -2 -4 -6 5 3 1 -1 -3 -5 6 4 2 0 -2 -4 -6 5 3 1 -1 -3 -5 6 4 2 0 -2 -4 -6 5 3 1 -1 -3 -5 6 4 2 0 -2 -4 -6 5 3 1 -1 -3 -5 6 4 2 0 -2 -4 -6 5 3 1 -1 -3 -5 6 4 2 0 -2 -4 -6 5 3 1
5 3 1 -1 -3 -5 6 4 2 0 -2 -4 -6 5 3 1 -1 -3 -5 6 4 2 0 -2 -4 -6 5 3 1 -1 -3 -5 6 4 2 0 -2 -4 -6 5 3 1 -1 -3 -5 6 4 2 0 -2 -4 -6 5 3 1 -1 -3 -5 6 4 2 0 -2 -4 -6 5 3 1 -1 -3 -5 6 4 2 0 -2 -4 -6 5 3 1 -1 -3 -5 6 4 2 0 -2 -4 -6 5 3 1 -1 -3 -5 6 4 2 0 -2 -4 -6 5 3 1 -1 -3 -5 6 4 2 0 -2 -4 -6 5 3 1 -1 -3 -5 6 4 2 0 -2 -4 -6 5 3 1 -1 -3 -5 6 4 2 0 -2 -4 -6 5 3 1 -1 -3 -5 6 4 2 0 -2 -4 -6 5 3 1 -1 -3 -5 6 4 2 0 -2 -4 -6 5 3 1 -1 -3 -5 6 4 2 0 -2 -4 -6 5 3 1 -1 -3 -5 6 4 2 0 -2 -4 -6 5 3 1 -1 -3 -5 6 4 2 0 -2 -4 -6 5 3 1 -1 -3 -5 6 4 2 0 -2 -4 -6 5 3 1 -1 -3 -5 6 4 2 0 -2 -4 -6 5 3 1 -1 -3 -5 6 4 2 0 -2 -4 -6 5 3 1 -1 -3 -5 6 4 2 0 -2 -4 -6 5 3 1 -1 -3 -5 6 4 2 0 -2 -4 -6 5 3 1 -1 -3 -5 6 4 2 0 -2 -4 -6 5 3 1 -1 -3 -5 6 4 2 0 -2 -4 -6 5 3 1 -1 -3 -5 6 4 2 0 -2 -4 -6 5 3 1 -1 -3 -5 6 4 2 0 -2 -4 -6 5 3 1 -1 -3 -5 6 4 2 0 -2 -4 -6 5 3 1 -1 -3 -5 6 4 2 0 -2 -4 -6 5 3 1 -1 -3 -5 6 4 2 0 -2 -4 -6 5 3 1 -1 -3 -5 6 4 2 0 -2 -4 -6 5 3 1 -1 -3 -5 6 4 2 0 -2 -4 -6 5 3 1 -1 -3 -5 6 4 2 0 -2 -4 -6 5 3 1 -1 -3 -5 6 4 2 0 -2 -4 -6 5 3 1 -1 -3 -5 6 4 2 0 -2 -4 -6 5 3 1 -1 -3 -5 6 4 2 0 -2 -4 -6 5 3 1 -1 -3 -5 6 4 2 0 -2 -4 -6 5 3 1 -1 -3 -5 6 4 2 0 -2 -4 -6 5 3 1 -1 -3 -5 6 4 2 0 -2 -4 -6 5 3 1 -1 -3 -5 6 4 2 0 -2 -4 -6 5 3 1 -1 -3 -5
-1 -3 -5 6 4 2 0 -2 -4 -6 5 3 1 -1 -3 -5 6 4 2 0 -2 -4 -6 5 3 1 -1 -3 -5 6 4 2 0 -2 -4 -6 5 3 1 -1 -3 -5 6 4 2 0 -2 -4 -6 5 3 1 -1 -3 -5 6 4 2 0 -2 -4 -6 5 3 1 -1 -3 -5 6 4 2 0 -2 -4 -6 5 3 1 -1 -3 -5 6 4 2 0 -2 -4 -6 5 3 1 -1 -3 -5 6 4 2 0 -2 -4 -6 5 3 1 -1 -3 -5 6 4 2 0 -2 -4 -6 5 3 1 -1 -3 -5 6 4 2 0 -2 -4 -6 5 3 1 -1 -3 -5 6 4 2 0 -2 -4 -6 5 3 1 -1 -3 -5 6 4 2 0 -2 -4 -6 5 3 1 -1 -3 -5 6 4 2 0 -2 -4 -6 5 3 1 -1 -3 -5 6 4 2 0 -2 -4 -6 5 3 1 -1 -3 -5 6 4 2 0 -2 -4 -6 5 3 1 -1 -3 -5 6 4 2 0 -2 -4 -6 5 3 1 -1 -3 -5 6 4 2 0 -2 -4 -6 5 3 1 -1 -3 -5 6 4 2 0 -2 -4 -6 5 3 1 -1 -3 -5 6 4 2 0 -2 -4 -6 5 3 1 -1 -3 -5 6 4 2 0 -2 -4 -6 5 3 1 -1 -3 -5 6 4 2 0 -2 -4 -6 5 3 1 -1 -3 -5 6 4 2 0 -2 -4 -6 5 3 1 -1 -3 -5 6 4 2 0 -2 -4 -6 5 3 1 -1 -3 -5 6 4 2 0 -2 -4 -6 5 3 1 -1 -3 -5 6 4 2 0 -2 -4 -6 5 3 1 -1 -3 -5 6 4 2 0 -2 -4 -6 5 3 1 -1 -3 -5 6 4 2 0 -2 -4 -6 5 3 1 -1 -3 -5 6 4 2 0 -2 -4 -6 5 3 1 -1 -3 -5 6 4 2 0 -2 -4 -6 5 3 1 -1 -3 -5 6 4 2 0 -2 -4 -6 5 3 1 -1 -3 -5 6 4 2 0 -2 -4 -6 5 3 1 -1 -3 -5 6 4 2 0 -2 -4 -6 5 3 1 -1 -3 -5 6 4 2 0 -2 -4 -6 5 3 1 -1 -3 -5 6 4 2 0 -2 -4 -6 5 3 1 -1 -3 -5 6 4 2 0 -2 -4 -6 5 3 1 -1 -3 -5 6 4 2 0 -2 -4 -6 5 3 1 -1 -3 -5 6 4 2 0 -2 -4 -6 5 3 1 -1 -3 -5 6 4 2 0 -2 -4 -6 5 3 1 -1 -3 -5 6 4 2
6 4 2 0 -2 -4 -6 5 3 1 -1 -3 -5 6 4 2 0 -2 -4 -6 5 3 1 -1 -3 -5 6 4 2 0 -2 -4 -6 5 3 1 -1 -3 -5 6 4 2 0 -2 -4 -6 5 3 1 -1 -3 -5 6 4 2 0 -2 -4 -6 5 3 1 -1 -3 -5 6 4 2 0 -2 -4 -6 5 3 1 -1 -3 -5 6 4 2 0 -2 -4 -6 5 3 1 -1 -3 -5 6 4 2 0 -2 -4 -6 5 3 1 -1 -3 -5 6 4 2 0 -2 -4 -6 5 3 1 -1 -3 -5 6 4 2 0 -2 -4 -6 5 3 1 -1 -3 -5 6 4 2 0 -2 -4 -6 5 3 1 -1 -3 -5 6 4 2 0 -2 -4 -6 5 3 1 -1 -3 -5 6 4 2 0 -2 -4 -6 5 3 1 -1 -3 -5 6 4 2 0 -2 -4 -6 5 3 1 -1 -3 -5 6 4 2 0 -2 -4 -6 5 3 1 -1 -3 -5 6 4 2 0 -2 -4 -6 5 3 1 -1 -3 -5 6 4 2 0 -2 -4 -6 5 3 1 -1 -3 -5 6 4 2 0 -2 -4 -6 5 3 1 -1 -3 -5 6 4 2 0 -2 -4 -6 5 3 1 -1 -3 -5 6 4 2 0 -2 -4 -6 5 3 1 -1 -3 -5 6 4 2 0 -2 -4 -6 5 3 1 -1 -3 -5 6 4 2 0 -2 -4 -6 5 3 1 -1 -3 -5 6 4 2 0 -2 -4 -6 5 3 1 -1 -3 -5 6 4 2 0 -2 -4 -6 5 3 1 -1 -3 -5 6 4 2 0 -2 -4 -6 5 3 1 -1 -3 -5 6 4 2 0 -2 -4 -6 5 3 1 -1 -3 -5 6 4 2 0 -2 -4 -6 5 3 1 -1 -3 -5 6 4 2 0 -2 -4 -6 5 3 1 -1 -3 -5 6 4 2 0 -2 -4 -6 5 3 1 -1 -3 -5 6 4 2 0 -2 -4 -6 5 3 1 -1 -3 -5 6 4 2 0 -2 -4 -6 5 3 1 -1 -3 -5 6 4 2 0 -2 -4 -6 5 3 1 -1 -3 -5 6 4 2 0 -2 -4 -6 5 3 1 -1 -3 -5 6 4 2 0 -2 -4 -6 5 3 1 -1 -3 -5 6 4 2 0 -2 -4 -6 5 3 1 -1 -3 -5 6 4 2 0 -2 -4 -6 5 3 1 -1 -3 -5 6 4 2 0 -2 -4 -6 5 3 1 -1 -3 -5 6 4 2 0 -2 -4 -6 5 3 1 -1 -3 -5 6 4 2 0 -2 -4
0 -2 -4 -6 5 3 1 -1 -3 -5 6 4 2 0 -2 -4 -6 5 3 1 -1 -3 -5 6 4 2 0 -2 -4 -6 5 3 1 -1 -3 -5 6 4 2 0 -2 -4 -6 5 3 1 -1 -3 -5 6 4 2 0 -2 -4 -6 5 3 1 -1 -3 -5 6 4 2 0 -2 -4 -6 5 3 1 -1 -3 -5 6 4 2 0 -2 -4 -6 5 3 1 -1 -3 -5 6 4 2 0 -2 -4 -6 5 3 1 -1 -3 -5 6 4 2 0 -2 -4 -6 5 3 1 -1 -3 -5 6 4 2 0 -2 -4 -6 5 3 1 -1 -3 -5 6 4 2 0 -2 -4 -6 5 3 1 -1 -3 -5 6 4 2 0 -2 -4 -6 5 3 1 -1 -3 -5 6 4 2 0 -2 -4 -6 5 3 1 -1 -3 -5 6 4 2 0 -2 -4 -6 5 3 1 -1 -3 -5 6 4 2 0 -2 -4 -6 5 3 1 -1 -3 -5 6 4 2 0 -2 -4 -6 5 3 1 -1 -3 -5 6 4 2 0 -2 -4 -6 5 3 1 -1 -3 -5 6 4 2 0 -2 -4 -6 5 3 1 -1 -3 -5 6 4 2 0 -2 -4 -6 5 3 1 -1 -3 -5 6 4 2 0 -2 -4 -6 5 3 1 -1 -3 -5 6 4 2 0 -2 -4 -6 5 3 1 -1 -3 -5 6 4 2 0 -2 -4 -6 5 3 1 -1 -3 -5 6 4 2 0 -2 -4 -6 5 3 1 -1 -3 -5 6 4 2 0 -2 -4 -6 5 3 1 -1 -3 -5 6 4 2 0 -2 -4 -6 5 3 1 -1 -3 -5 6 4 2 0 -2 -4 -6 5 3 1 -1 -3 -5 6 4 2 0 -2 -4 -6 5 3 1 -1 -3 -5 6 4 2 0 -2 -4 -6 5 3 1 -1 -3 -5 6 4 2 0 -2 -4 -6 5 3 1 -1 -3 -5 6 4 2 0 -2 -4 -6 5 3 1 -1 -3 -5 6 4 2 0 -2 -4 -6 5 3 1 -1 -3 -5 6 4 2 0 -2 -4 -6 5 3 1 -1 -3 -5 6 4 2 0 -2 -4 -6 5 3 1 -1 -3 -5 6 4 2 0 -2 -4 -6 5 3 1 -1 -3 -5 6 4 2 0 -2 -4 -6 5 3 1 -1 -3 -5 6 4 2 0 -2 -4 -6 5 3 1 -1 -3 -5 6 4 2 0 -2 -4 -6 5 3 1 -1 -3 -5 6 4 2 0 -2 -4 -6 5 3 1 -1 -3 -5 6 4 2 0 -2 -4 -6 5 3
-6 5 3 1 -1 -3 -5 6 4 2 0 -2 -4 -6 5 3 1 -1 -3 -5 6 4 2 0 -2 -4 -6 5 3 1 -1 -3 -5 6 4 2 0 -2 -4 -6 5 3 1 -1 -3 -5 6 4 2 0 -2 -4 -6 5 3 1 -1 -3 -5 6 4 2 0 -2 -4 -6 5 3 1 -1 -3 -5 6 4 2 0 -2 -4 -6 5 3 1 -1 -3 -5 6 4 2 0 -2 -4 -6 5 3 1 -1 -3 -5 6 4 2 0 -2 -4 -6 5 3 1 -1 -3 -5 6 4 2 0 -2 -4 -6 5 3 1 -1 -3 -5 6 4 2 0 -2 -4 -6 5 3 1 -1 -3 -5 6 4 2 0 -2 -4 -6 5 3 1 -1 -3 -5 6 4 2 0 -2 -4 -6 5 3 1 -1 -3 -5 6 4 2 0 -2 -4 -6 5 3 1 -1 -3 -5 6 4 2 0 -2 -4 -6 5 3 1 -1 -3 -5 6 4 2 0 -2 -4 -6 5 3 1 -1 -3 -5 6 4 2 0 -2 -4 -6 5 3 1 -1 -3 -5 6 4 2 0 -2 -4 -6 5 3 1 -1 -3 -5 6 4 2 0 -2 -4 -6 5 3 1 -1 -3 -5 6 4 2 0 -2 -4 -6 5 3 1 -1 -3 -5 6 4 2 0 -2 -4 -6 5 3 1 -1 -3 -5 6 4 2 0 -2 -4 -6 5 3 1 -1 -3 -5 6 4 2 0 -2 -4 -6 5 3 1 -1 -3 -5 6 4 2 0 -2 -4 -6 5 3 1 -1 -3 -5 6 4 2 0 -2 -4 -6 5 3 1 -1 -3 -5 6 4 2 0 -2 -4 -6 5 3 1 -1 -3 -5 6 4 2 0 -2 -4 -6 5 3 1 -1 -3 -5 6 4 2 0 -2 -4 -6 5 3 1 -1 -3 -5 6 4 2 0 -2 -4 -6 5 3 1 -1 -3 -5 6 4 2 0 -2 -4 -6 5 3 1 -1 -3 -5 6 4 2 0 -2 -4 -6 5 3 1 -1 -3 -5 6 4 2 0 -2 -4 -6 5 3 1 -1 -3 -5 6 4 2 0 -2 -4 -6 5 3 1 -1 -3 -5 6 4 2 0 -2 -4 -6 5 3 1 -1 -3 -5 6 4 2 0 -2 -4 -6 5 3 1 -1 -3 -5 6 4 2 0 -2 -4 -6 5 3 1 -1 -3 -5 6 4 2 0 -2 -4 -6 5 3 1 -1 -3 -5 6 4 2 0 -2 -4 -6 5 3 1 -1 -3 -5 6 4 2 0 -2 -4 -6 5 3 1 -1 -3
1 -1 -3 -5 6 4 2 0 -2 -4 -6 5 3 1 -1 -3 -5 6 4 2 0 -2 -4 -6 5 3 1 -1 -3 -5 6 4 2 0 -2 -4 -6 5 3 1 -1 -3 -5 6 4 2 0 -2 -4 -6 5 3 1 -1 -3 -5 6 4 2 0 -2 -4 -6 5 3 1 -1 -3 -5 6 4 2 0 -2 -4 -6 5 3 1 -1 -3 -5 6 4 2 0 -2 -4 -6 5 3 1 -1 -3 -5 6 4 2 0 -2 -4 -6 5 3 1 -1 -3 -5 6 4 2 0 -2 -4 -6 5 3 1 -1 -3 -5 6 4 2 0 -2 -4 -6 5 3 1 -1 -3 -5 6 4 2 0 -2 -4 -6 5 3 1 -1 -3 -5 6 4 2 0 -2 -4 -6 5 3 1 -1 -3 -5 6 4 2 0 -2 -4 -6 5 3 1 -1 -3 -5 6 4 2 0 -2 -4 -6 5 3 1 -1 -3 -5 6 4 2 0 -2 -4 -6 5 3 1 -1 -3 -5 6 4 2 0 -2 -4 -6 5 3 1 -1 -3 -5 6 4 2 0 -2 -4 -6 5 3 1 -1 -3 -5 6 4 2 0 -2 -4 -6 5 3 1 -1 -3 -5 6 4 2 0 -2 -4 -6 5 3 1 -1 -3 -5 6 4 2 0 -2 -4 -6 5 3 1 -1 -3 -5 6 4 2 0 -2 -4 -6 5 3 1 -1 -3 -5 6 4 2 0 -2 -4 -6 5 3 1 -1 -3 -5 6 4 2 0 -2 -4 -6 5 3 1 -1 -3 -5 6 4 2 0 -2 -4 -6 5 3 1 -1 -3 -5 6 4 2 0 -2 -4 -6 5 3 1 -1 -3 -5 6 4 2 0 -2 -4 -6 5 3 1 -1 -3 -5 6 4 2 0 -2 -4 -6 5 3 1 -1 -3 -5 6 4 2 0 -2 -4 -6 5 3 1 -1 -3 -5 6 4 2 0 -2 -4 -6 5 3 1 -1 -3 -5 6 4 2 0 -2 -4 -6 5 3 1 -1 -3 -5 6 4 2 0 -2 -4 -6 5 3 1 -1 -3 -5 6 4 2 0 -2 -4 -6 5 3 1 -1 -3 -5 6 4 2 0 -2 -4 -6 5 3 1 -1 -3 -5 6 4 2 0 -2 -4 -6 5 3 1 -1 -3 -5 6 4 2 0 -2 -4 -6 5 3 1 -1 -3 -5 6 4 2 0 -2 -4 -6 5 3 1 -1 -3 -5 6 4 2 0 -2 -4 -6 5 3 1 -1 -3 -5 6 4 2 0 -2 -4 -6 5 3 1 -1 -3 -5 6 4
-5 6 4 2 0 -2 -4 -6 5 3 1 -1 -3 -5 6 4 2 0 -2 -4 -6 5 3 1 -1 -3 -5 6 4 2 0 -2 -4 -6 5 3 1 -1 -3 -5 6 4 2 0 -2 -4 -6 5 3 1 -1 -3 -5 6 4 2 0 -2 -4 -6 5 3 1 -1 -3 -5 6 4 2 0 -2 -4 -6 5 3 1 -1 -3 -5 6 4 2 0 -2 -4 -6 5 3 1 -1 -3 -5 6 4 2 0 -2 -4 -6 5 3 1 -1 -3 -5 6 4 2 0 -2 -4 -6 5 3 1 -1 -3 -5 6 4 2 0 -2 -4 -6 5 3 1 -1 -3 -5 6 4 2 0 -2 -4 -6 5 3 1 -1 -3 -5 6 4 2 0 -2 -4 -6 5 3 1 -1 -3 -5 6 4 2 0 -2 -4 -6 5 3 1 -1 -3 -5 6 4 2 0 -2 -4 -6 5 3 1 -1 -3 -5 6 4 2 0 -2 -4 -6 5 3 1 -1 -3 -5 6 4 2 0 -2 -4 -6 5 3 1 -1 -3 -5 6 4 2 0 -2 -4 -6 5 3 1 -1 -3 -5 6 4 2 0 -2 -4 -6 5 3 1 -1 -3 -5 6 4 2 0 -2 -4 -6 5 3 1 -1 -3 -5 6 4 2 0 -2 -4 -6 5 3 1 -1 -3 -5 6 4 2 0 -2 -4 -6 5 3 1 -1 -3 -5 6 4 2 0 -2 -4 -6 5 3 1 -1 -3 -5 6 4 2 0 -2 -4 -6 5 3 1 -1 -3 -5 6 4 2 0 -2 -4 -6 5 3 1 -1 -3 -5 6 4 2 0 -2 -4 -6 5 3 1 -1 -3 -5 6 4 2 0 -2 -4 -6 5 3 1 -1 -3 -5 6 4 2 0 -2 -4 -6 5 3 1 -1 -3 -5 6 4 2 0 -2 -4 -6 5 3 1 -1 -3 -5 6 4 2 0 -2 -4 -6 5 3 1 -1 -3 -5 6 4 2 0 -2 -4 -6 5 3 1 -1 -3 -5 6 4 2 0 -2 -4 -6 5 3 1 -1 -3 -5 6 4 2 0 -2 -4 -6 5 3 1 -1 -3 -5 6 4 2 0 -2 -4 -6 5 3 1 -1 -3 -5 6 4 2 0 -2 -4 -6 5 3 1 -1 -3 -5 6 4 2 0 -2 -4 -6 5 3 1 -1 -3 -5 6 4 2 0 -2 -4 -6 5 3 1 -1 -3 -5 6 4 2 0 -2 -4 -6 5 3 1 -1 -3 -5 6 4 2 0 -2 -4 -6 5 3 1 -1 -3 -5 6 4 2 0 -2
2 0 -2 -4 -6 5 3 1 -1 -3 -5 6 4 2 0 -2 -4 -6 5 3 1 -1 -3 -5 6 4 2 0 -2 -4 -6 5 3 1 -1 -3 -5 6 4 2 0 -2 -4 -6 5 3 1 -1 -3 -5 6 4 2 0 -2 -4 -6 5 3 1 -1 -3 -5 6 4 2 0 -2 -4 -6 5 3 1 -1 -3 -5 6 4 2 0 -2 -4 -6 5 3 1 -1 -3 -5 6 4 2 0 -2 -4 -6 5 3 1 -1 -3 -5 6 4 2 0 -2 -4 -6 5 3 1 -1 -3 -5 6 4 2 0 -2 -4 -6 5 3 1 -1 -3 -5 6 4 2 0 -2 -4 -6 5 3 1 -1 -3 -5 6 4 2 0 -2 -4 -6 5 3 1 -1 -3 -5 6 4 2 0 -2 -4 -6 5 3 1 -1 -3 -5 6 4 2 0 -2 -4 -6 5 3 1 -1 -3 -5 6 4 2 0 -2 -4 -6 5 3 1 -1 -3 -5 6 4 2 0 -2 -4 -6 5 3 1 -1 -3 -5 6 4 2 0 -2 -4 -6 5 3 1 -1 -3 -5 6 4 2 0 -2 -4 -6 5 3 1 -1 -3 -5 6 4 2 0 -2 -4 -6 5 3 1 -1 -3 -5 6 4 2 0 -2 -4 -6 5 3 1 -1 -3 -5 6 4 2 0 -2 -4 -6 5 3 1 -1 -3 -5 6 4 2 0 -2 -4 -6 5 3 1 -1 -3 -5 6 4 2 0 -2 -4 -6 5 3 1 -1 -3 -5 6 4 2 0 -2 -4 -6 5 3 1 -1 -3 -5 6 4 2 0 -2 -4 -6 5 3 1 -1 -3 -5 6 4 2 0 -2 -4 -6 5 3 1 -1 -3 -5 6 4 2 0 -2 -4 -6 5 3 1 -1 -3 -5 6 4 2 0 -2 -4 -6 5 3 1 -1 -3 -5 6 4 2 0 -2 -4 -6 5 3 1 -1 -3 -5 6 4 2 0 -2 -4 -6 5 3 1 -1 -3 -5 6 4 2 0 -2 -4 -6 5 3 1 -1 -3 -5 6 4 2 0 -2 -4 -6 5 3 1 -1 -3 -5 6 4 2 0 -2 -4 -6 5 3 1 -1 -3 -5 6 4 2 0 -2 -4 -6 5 3 1 -1 -3 -5 6 4 2 0 -2 -4 -6 5 3 1 -1 -3 -5 6 4 2 0 -2 -4 -6 5 3 1 -1 -3 -5 6 4 2 0 -2 -4 -6 5 3 1 -1 -3 -5 6 4 2 0 -2 -4 -6 5 3 1 -1 -3 -5 6 4 2 0 -2 -4 -6 5
-4 -6 5 3 1 -1 -3 -5 6 4 2 0 -2 -4 -6 5 3 1 -1 -3 -5 6 4 2 0 -2 -4 -6 5 3 1 -1 -3 -5 6 4 2 0 -2 -4 -6 5 3 1 -1 -3 -5 6 4 2 0 -2 -4 -6 5 3 1 -1 -3 -5 6 4 2 0 -2 -4 -6 5 3 1 -1 -3 -5 6 4 2 0 -2 -4 -6 5 3 1 -1 -3 -5 6 4 2 0 -2 -4 -6 5 3 1 -1 -3 -5 6 4 2 0 -2 -4 -6 5 3 1 -1 -3 -5 6 4 2 0 -2 -4 -6 5 3 1 -1 -3 -5 6 4 2 0 -2 -4 -6 5 3 1 -1 -3 -5 6 4 2 0 -2 -4 -6 5 3 1 -1 -3 -5 6 4 2 0 -2 -4 -6 5 3 1 -1 -3 -5 6 4 2 0 -2 -4 -6 5 3 1 -1 -3 -5 6 4 2 0 -2 -4 -6 5 3 1 -1 -3 -5 6 4 2 0 -2 -4 -6 5 3 1 -1 -3 -5 6 4 2 0 -2 -4 -6 5 3 1 -1 -3 -5 6 4 2 0 -2 -4 -6 5 3 1 -1 -3 -5 6 4 2 0 -2 -4 -6 5 3 1 -1 -3 -5 6 4 2 0 -2 -4 -6 5 3 1 -1 -3 -5 6 4 2 0 -2 -4 -6 5 3 1 -1 -3 -5 6 4 2 0 -2 -4 -6 5 3 1 -1 -3 -5 6 4 2 0 -2 -4 -6 5 3 1 -1 -3 -5 6 4 2 0 -2 -4 -6 5 3 1 -1 -3 -5 6 4 2 0 -2 -4 -6 5 3 1 -1 -3 -5 6 4 2 0 -2 -4 -6 5 3 1 -1 -3 -5 6 4 2 0 -2 -4 -6 5 3 1 -1 -3 -5 6 4 2 0 -2 -4 -6 5 3 1 -1 -3 -5 6 4 2 0 -2 -4 -6 5 3 1 -1 -3 -5 6 4 2 0 -2 -4 -6 5 3 1 -1 -3 -5 6 4 2 0 -2 -4 -6 5 3 1 -1 -3 -5 6 4 2 0 -2 -4 -6 5 3 1 -1 -3 -5 6 4 2 0 -2 -4 -6 5 3 1 -1 -3 -5 6 4 2 0 -2 -4 -6 5 3 1 -1 -3 -5 6 4 2 0 -2 -4 -6 5 3 1 -1 -3 -5 6 4 2 0 -2 -4 -6 5 3 1 -1 -3 -5 6 4 2 0 -2 -4 -6 5 3 1 -1 -3 -5 6 4 2 0 -2 -4 -6 5 3 1 -1 -3 -5 6 4 2 0 -2 -4 -6 5 3 1 -1
3 1 -1 -3 -5 6 4 2 0 -2 -4 -6 5 3 1 -1 -3 -5 6 4 2 0 -2 -4 -6 5 3 1 -1 -3 -5 6 4 2 0 -2 -4 -6 5 3 1 -1 -3 -5 6 4 2 0 -2 -4 -6 5 3 1 -1 -3 -5 6 4 2 0 -2 -4 -6 5 3 1 -1 -3 -5 6 4 2 0 -2 -4 -6 5 3 1 -1 -3 -5 6 4 2 0 -2 -4 -6 5 3 1 -1 -3 -5 6 4 2 0 -2 -4 -6 5 3 1 -1 -3 -5 6 4 2 0 -2 -4 -6 5 3 1 -1 -3 -5 6 4 2 0 -2 -4 -6 5 3 1 -1 -3 -5 6 4 2 0 -2 -4 -6 5 3 1 -1 -3 -5 6 4 2 0 -2 -4 -6 5 3 1 -1 -3 -5 6 4 2 0 -2 -4 -6 5 3 1 -1 -3 -5 6 4 2 0 -2 -4 -6 5 3 1 -1 -3 -5 6 4 2 0 -2 -4 -6 5 3 1 -1 -3 -5 6 4 2 0 -2 -4 -6 5 3 1 -1 -3 -5 6 4 2 0 -2 -4 -6 5 3 1 -1 -3 -5 6 4 2 0 -2 -4 -6 5 3 1 -1 -3 -5 6 4 2 0 -2 -4 -6 5 3 1 -1 -3 -5 6 4 2 0 -2 -4 -6 5 3 1 -1 -3 -5 6 4 2 0 -2 -4 -6 5 3 1 -1 -3 -5 6 4 2 0 -2 -4 -6 5 3 1 -1 -3 -5 6 4 2 0 -2 -4 -6 5 3 1 -1 -3 -5 6 4 2 0 -2 -4 -6 5 3 1 -1 -3 -5 6 4 2 0 -2 -4 -6 5 3 1 -1 -3 -5 6 4 2 0 -2 -4 -6 5 3 1 -1 -3 -5 6 4 2 0 -2 -4 -6 5 3 1 -1 -3 -5 6 4 2 0 -2 -4 -6 5 3 1 -1 -3 -5 6 4 2 0 -2 -4 -6 5 3 1 -1 -3 -5 6 4 2 0 -2 -4 -6 5 3 1 -1 -3 -5 6 4 2 0 -2 -4 -6 5 3 1 -1 -3 -5 6 4 2 0 -2 -4 -6 5 3 1 -1 -3 -5 6 4 2 0 -2 -4 -6 5 3 1 -1 -3 -5 6 4 2 0 -2 -4 -6 5 3 1 -1 -3 -5 6 4 2 0 -2 -4 -6 5 3 1 -1 -3 -5 6 4 2 0 -2 -4 -6 5 3 1 -1 -3 -5 6 4 2 0 -2 -4 -6 5 3 1 -1 -3 -5 6 4 2 0 -2 -4 -6 5 3 1 -1 -3 -5 6
-3 -5 6 4 2 0 -2 -4 -6 5 3 1 -1 -3 -5 6 4 2 0 -2 -4 -6 5 3 1 -1 -3 -5 6 4 2 0 -2 -4 -6 5 3 1 -1 -3 -5 6 4 2 0 -2 -4 -6 5 3 1 -1 -3 -5 6 4 2 0 -2 -4 -6 5 3 1 -1 -3 -5 6 4 2 0 -2 -4 -6 5 3 1 -1 -3 -5 6 4 2 0 -2 -4 -6 5 3 1 -1 -3 -5 6 4 2 0 -2 -4 -6 5 3 1 -1 -3 -5 6 4 2 0 -2 -4 -6 5 3 1 -1 -3 -5 6 4 2 0 -2 -4 -6 5 3 1 -1 -3 -5 6 4 2 0 -2 -4 -6 5 3 1 -1 -3 -5 6 4 2 0 -2 -4 -6 5 3 1 -1 -3 -5 6 4 2 0 -2 -4 -6 5 3 1 -1 -3 -5 6 4 2 0 -2 -4 -6 5 3 1 -1 -3 -5 6 4 2 0 -2 -4 -6 5 3 1 -1 -3 -5 6 4 2 0 -2 -4 -6 5 3 1 -1 -3 -5 6 4 2 0 -2 -4 -6 5 3 1 -1 -3 -5 6 4 2 0 -2 -4 -6 5 3 1 -1 -3 -5 6 4 2 0 -2 -4 -6 5 3 1 -1 -3 -5 6 4 2 0 -2 -4 -6 5 3 1 -1 -3 -5 6 4 2 0 -2 -4 -6 5 3 1 -1 -3 -5 6 4 2 0 -2 -4 -6 5 3 1 -1 -3 -5 6 4 2 0 -2 -4 -6 5 3 1 -1 -3 -5 6 4 2 0 -2 -4 -6 5 3 1 -1 -3 -5 6 4 2 0 -2 -4 -6 5 3 1 -1 -3 -5 6 4 2 0 -2 -4 -6 5 3 1 -1 -3 -5 6 4 2 0 -2 -4 -6 5 3 1 -1 -3 -5 6 4 2 0 -2 -4 -6 5 3 1 -1 -3 -5 6 4 2 0 -2 -4 -6 5 3 1 -1 -3 -5 6 4 2 0 -2 -4 -6 5 3 1 -1 -3 -5 6 4 2 0 -2 -4 -6 5 3 1 -1 -3 -5 6 4 2 0 -2 -4 -6 5 3 1 -1 -3 -5 6 4 2 0 -2 -4 -6 5 3 1 -1 -3 -5 6 4 2 0 -2 -4 -6 5 3 1 -1 -3 -5 6 4 2 0 -2 -4 -6 5 3 1 -1 -3 -5 6 4 2 0 -2 -4 -6 5 3 1 -1 -3 -5 6 4 2 0 -2 -4 -6 5 3 1 -1 -3 -5 6 4 2 0 -2 -4 -6 5 3 1 -1 -3 -5 6 4 2 0
4 2 0 -2 -4 -6 5 3 1 -1 -3 -5 6 4 2 0 -2 -4 -6 5 3 1 -1 -3 -5 6 4 2 0 -2 -4 -6 5 3 1 -1 -3 -5 6 4 2 0 -2 -4 -6 5 3 1 -1 -3 -5 6 4 2 0 -2 -4 -6 5 3 1 -1 -3 -5 6 4 2 0 -2 -4 -6 5 3 1 -1 -3 -5 6 4 2 0 -2 -4 -6 5 3 1 -1 -3 -5 6 4 2 0 -2 -4 -6 5 3 1 -1 -3 -5 6 4 2 0 -2 -4 -6 5 3 1 -1 -3 -5 6 4 2 0 -2 -4 -6 5 3 1 -1 -3 -5 6 4 2 0 -2 -4 -6 5 3 1 -1 -3 -5 6 4 2 0 -2 -4 -6 5 3 1 -1 -3 -5 6 4 2 0 -2 -4 -6 5 3 1 -1 -3 -5 6 4 2 0 -2 -4 -6 5 3 1 -1 -3 -5 6 4 2 0 -2 -4 -6 5 3 1 -1 -3 -5 6 4 2 0 -2 -4 -6 5 3 1 -1 -3 -5 6 4 2 0 -2 -4 -6 5 3 1 -1 -3 -5 6 4 2 0 -2 -4 -6 5 3 1 -1 -3 -5 6 4 2 0 -2 -4 -6 5 3 1 -1 -3 -5 6 4 2 0 -2 -4 -6 5 3 1 -1 -3 -5 6 4 2 0 -2 -4 -6 5 3 1 -1 -3 -5 6 4 2 0 -2 -4 -6 5 3 1 -1 -3 -5 6 4 2 0 -2 -4 -6 5 3 1 -1 -3 -5 6 4 2 0 -2 -4 -6 5 3 1 -1 -3 -5 6 4 2 0 -2 -4 -6 5 3 1 -1 -3 -5 6 4 2 0 -2 -4 -6 5 3 1 -1 -3 -5 6 4 2 0 -2 -4 -6 5 3 1 -1 -3 -5 6 4 2 0 -2 -4 -6 5 3 1 -1 -3 -5 6 4 2 0 -2 -4 -6 5 3 1 -1 -3 -5 6 4 2 0 -2 -4 -6 5 3 1 -1 -3 -5 6 4 2 0 -2 -4 -6 5 3 1 -1 -3 -5 6 4 2 0 -2 -4 -6 5 3 1 -1 -3 -5 6 4 2 0 -2 -4 -6 5 3 1 -1 -3 -5 6 4 2 0 -2 -4 -6 5 3 1 -1 -3 -5 6 4 2 0 -2 -4 -6 5 3 1 -1 -3 -5 6 4 2 0 -2 -4 -6 5 3 1 -1 -3 -5 6 4 2 0 -2 -4 -6 5 3 1 -1 -3 -5 6 4 2 0 -2 -4 -6 5 3 1 -1 -3 -5 6 4 2 0 -2 -4 -6
-2 -4 -6 5 3 1 -1 -3 -5 6 4 2 0 -2 -4 -6 5 3 1 -1 -3 -5 6 4 2 0 -2 -4 -6 5 3 1 -1 -3 -5 6 4 2 0 -2 -4 -6 5 3 1 -1 -3 -5 6 4 2 0 -2 -4 -6 5 3 1 -1 -3 -5 6 4 2 0 -2 -4 -6 5 3 1 -1 -3 -5 6 4 2 0 -2 -4 -6 5 3 1 -1 -3 -5 6 4 2 0 -2 -4 -6 5 3 1 -1 -3 -5 6 4 2 0 -2 -4 -6 5 3 1 -1 -3 -5 6 4 2 0 -2 -4 -6 5 3 1 -1 -3 -5 6 4 2 0 -2 -4 -6 5 3 1 -1 -3 -5 6 4 2 0 -2 -4 -6 5 3 1 -1 -3 -5 6 4 2 0 -2 -4 -6 5 3 1 -1 -3 -5 6 4 2 0 -2 -4 -6 5 3 1 -1 -3 -5 6 4 2 0 -2 -4 -6 5 3 1 -1 -3 -5 6 4 2 0 -2 -4 -6 5 3 1 -1 -3 -5 6 4 2 0 -2 -4 -6 5 3 1 -1 -3 -5 6 4 2 0 -2 -4 -6 5 3 1 -1 -3 -5 6 4 2 0 -2 -4 -6 5 3 1 -1 -3 -5 6 4 2 0 -2 -4 -6 5 3 1 -1 -3 -5 6 4 2 0 -2 -4 -6 5 3 1 -1 -3 -5 6 4 2 0 -2 -4 -6 5 3 1 -1 -3 -5 6 4 2 0 -2 -4 -6 5 3 1 -1 -3 -5 6 4 2 0 -2 -4 -6 5 3 1 -1 -3 -5 6 4 2 0 -2 -4 -6 5 3 1 -1 -3 -5 6 4 2 0 -2 -4 -6 5 3 1 -1 -3 -5 6 4 2 0 -2 -4 -6 5 3 1 -1 -3 -5 6 4 2 0 -2 -4 -6 5 3 1 -1 -3 -5 6 4 2 0 -2 -4 -6 5 3 1 -1 -3 -5 6 4 2 0 -2 -4 -6 5 3 1 -1 -3 -5 6 4 2 0 -2 -4 -6 5 3 1 -1 -3 -5 6 4 2 0 -2 -4 -6 5 3 1 -1 -3 -5 6 4 2 0 -2 -4 -6 5 3 1 -1 -3 -5 6 4 2 0 -2 -4 -6 5 3 1 -1 -3 -5 6 4 2 0 -2 -4 -6 5 3 1 -1 -3 -5 6 4 2 0 -2 -4 -6 5 3 1 -1 -3 -5 6 4 2 0 -2 -4 -6 5 3 1 -1 -3 -5 6 4 2 0 -2 -4 -6 5 3 1 -1 -3 -5 6 4 2 0 -2 -4 -6 5 3 1
5 3 1 -1 -3 -5 6 4 2 0 -2 -4 -6 5 3 1 -1 -3 -5 6 4 2 0 -2 -4 -6 5 3 1 -1 -3 -5 6 4 2 0 -2 -4 -6 5 3 1 -1 -3 -5 6 4 2 0 -2 -4 -6 5 3 1 -1 -3 -5 6 4 2 0 -2 -4 -6 5 3 1 -1 -3 -5 6 4 2 0 -2 -4 -6 5 3 1 -1 -3 -5 6 4 2 0 -2 -4 -6 5 3 1 -1 -3 -5 6 4 2 0 -2 -4 -6 5 3 1 -1 -3 -5 6 4 2 0 -2 -4 -6 5 3 1 -1 -3 -5 6 4 2 0 -2 -4 -6 5 3 1 -1 -3 -5 6 4 2 0 -2 -4 -6 5 3 1 -1 -3 -5 6 4 2 0 -2 -4 -6 5 3 1 -1 -3 -5 6 4 2 0 -2 -4 -6 5 3 1 -1 -3 -5 6 4 2 0 -2 -4 -6 5 3 1 -1 -3 -5 6 4 2 0 -2 -4 -6 5 3 1 -1 -3 -5 6 4 2 0 -2 -4 -6 5 3 1 -1 -3 -5 6 4 2 0 -2 -4 -6 5 3 1 -1 -3 -5 6 4 2 0 -2 -4 -6 5 3 1 -1 -3 -5 6 4 2 0 -2 -4 -6 5 3 1 -1 -3 -5 6 4 2 0 -2 -4 -6 5 3 1 -1 -3 -5 6 4 2 0 -2 -4 -6 5 3 1 -1 -3 -5 6 4 2 0 -2 -4 -6 5 3 1 -1 -3 -5 6 4 2 0 -2 -4 -6 5 3 1 -1 -3 -5 6 4 2 0 -2 -4 -6 5 3 1 -1 -3 -5 6 4 2 0 -2 -4 -6 5 3 1 -1 -3 -5 6 4 2 0 -2 -4 -6 5 3 1 -1 -3 -5 6 4 2 0 -2 -4 -6 5 3 1 -1 -3 -5 6 4 2 0 -2 -4 -6 5 3 1 -1 -3 -5 6 4 2 0 -2 -4 -6 5 3 1 -1 -3 -5 6 4 2 0 -2 -4 -6 5 3 1 -1 -3 -5 6 4 2 0 -2 -4 -6 5 3 1 -1 -3 -5 6 4 2 0 -2 -4 -6 5 3 1 -1 -3 -5 6 4 2 0 -2 -4 -6 5 3 1 -1 -3 -5 6 4 2 0 -2 -4 -6 5 3 1 -1 -3 -5 6 4 2 0 -2 -4 -6 5 3 1 -1 -3 -5 6 4 2 0 -2 -4 -6 5 3 1 -1 -3 -5 6 4 2 0 -2 -4 -6 5 3 1 -1 -3 -5 6 4 2 0 -2 -4 -6 5 3 1 -1 -3 -5
-1 -3 -5 6 4 2 0 -2 -4 -6 5 3 1 -1 -3 -5 6 4 2 0 -2 -4 -6 5 3 1 -1 -3 -5 6 4 2 0 -2 -4 -6 5 3 1 -1 -3 -5 6 4 2 0 -2 -4 -6 5 3 1 -1 -3 -5 6 4 2 0 -2 -4 -6 5 3 1 -1 -3 -5 6 4 2 0 -2 -4 -6 5 3 1 -1 -3 -5 6 4 2 0 -2 -4 -6 5 3 1 -1 -3 -5 6 4 2 0 -2 -4 -6 5 3 1 -1 -3 -5 6 4 2 0 -2 -4 -6 5 3 1 -1 -3 -5 6 4 2 0 -2 -4 -6 5 3 1 -1 -3 -5 6 4 2 0 -2 -4 -6 5 3 1 -1 -3 -5 6 4 2 0 -2 -4 -6 5 3 1 -1 -3 -5 6 4 2 0 -2 -4 -6 5 3 1 -1 -3 -5 6 4 2 0 -2 -4 -6 5 3 1 -1 -3 -5 6 4 2 0 -2 -4 -6 5 3 1 -1 -3 -5 6 4 2 0 -2 -4 -6 5 3 1 -1 -3 -5 6 4 2 0 -2 -4 -6 5 3 1 -1 -3 -5 6 4 2 0 -2 -4 -6 5 3 1 -1 -3 -5 6 4 2 0 -2 -4 -6 5 3 1 -1 -3 -5 6 4 2 0 -2 -4 -6 5 3 1 -1 -3 -5 6 4 2 0 -2 -4 -6 5 3 1 -1 -3 -5 6 4 2 0 -2 -4 -6 5 3 1 -1 -3 -5 6 4 2 0 -2 -4 -6 5 3 1 -1 -3 -5 6 4 2 0 -2 -4 -6 5 3 1 -1 -3 -5 6 4 2 0 -2 -4 -6 5 3 1 -1 -3 -5 6 4 2 0 -2 -4 -6 5 3 1 -1 -3 -5 6 4 2 0 -2 -4 -6 5 3 1 -1 -3 -5 6 4 2 0 -2 -4 -6 5 3 1 -1 -3 -5 6 4 2 0 -2 -4 -6 5 3 1 -1 -3 -5 6 4 2 0 -2 -4 -6 5 3 1 -1 -3 -5 6 4 2 0 -2 -4 -6 5 3 1 -1 -3 -5 6 4 2 0 -2 -4 -6 5 3 1 -1 -3 -5 6 4 2 0 -2 -4 -6 5 3 1 -1 -3 -5 6 4 2 0 -2 -4 -6 5 3 1 -1 -3 -5 6 4 2 0 -2 -4 -6 5 3 1 -1 -3 -5 6 4 2 0 -2 -4 -6 5 3 1 -1 -3 -5 6 4 2 0 -2 -4 -6 5 3 1 -1 -3 -5 6 4 2 0 -2 -4 -6 5 3 1 -1 -3 -5 6 4 2
6 4 2 0 -2 -4 -6 5 3 1 -1 -3 -5 6 4 2 0 -2 -4 -6 5 3 1 -1 -3 -5 6 4 2 0 -2 -4 -6 5 3 1 -1 -3 -5 6 4 2 0 -2 -4 -6 5 3 1 -1 -3 -5 6 4 2 0 -2 -4 -6 5 3 1 -1 -3 -5 6 4 2 0 -2 -4 -6 5 3 1 -1 -3 -5 6 4 2 0 -2 -4 -6 5 3 1 -1 -3 -5 6 4 2 0 -2 -4 -6 5 3 1 -1 -3 -5 6 4 2 0 -2 -4 -6 5 3 1 -1 -3 -5 6 4 2 0 -2 -4 -6 5 3 1 -1 -3 -5 6 4 2 0 -2 -4 -6 5 3 1 -1 -3 -5 6 4 2 0 -2 -4 -6 5 3 1 -1 -3 -5 6 4 2 0 -2 -4 -6 5 3 1 -1 -3 -5 6 4 2 0 -2 -4 -6 5 3 1 -1 -3 -5 6 4 2 0 -2 -4 -6 5 3 1 -1 -3 -5 6 4 2 0 -2 -4 -6 5 3 1 -1 -3 -5 6 4 2 0 -2 -4 -6 5 3 1 -1 -3 -5 6 4 2 0 -2 -4 -6 5 3 1 -1 -3 -5 6 4 2 0 -2 -4 -6 5 3 1 -1 -3 -5 6 4 2 0 -2 -4 -6 5 3 1 -1 -3 -5 6 4 2 0 -2 -4 -6 5 3 1 -1 -3 -5 6 4 2 0 -2 -4 -6 5 3 1 -1 -3 -5 6 4 2 0 -2 -4 -6 5 3 1 -1 -3 -5 6 4 2 0 -2 -4 -6 5 3 1 -1 -3 -5 6 4 2 0 -2 -4 -6 5 3 1 -1 -3 -5 6 4 2 0 -2 -4 -6 5 3 1 -1 -3 -5 6 4 2 0 -2 -4 -6 5 3 1 -1 -3 -5 6 4 2 0 -2 -4 -6 5 3 1 -1 -3 -5 6 4 2 0 -2 -4 -6 5 3 1 -1 -3 -5 6 4 2 0 -2 -4 -6 5 3 1 -1 -3 -5 6 4 2 0 -2 -4 -6 5 3 1 -1 -3 -5 6 4 2 0 -2 -4 -6 5 3 1 -1 -3 -5 6 4 2 0 -2 -4 -6 5 3 1 -1 -3 -5 6 4 2 0 -2 -4 -6 5 3 1 -1 -3 -5 6 4 2 0 -2 -4 -6 5 3 1 -1 -3 -5 6 4 2 0 -2 -4 -6 5 3 1 -1 -3 -5 6 4 2 0 -2 -4 -6 5 3 1 -1 -3 -5 6 4 2 0 -2 -4 -6 5 3 1 -1 -3 -5 6 4 2 0 -2 -4
0 -2 -4 -6 5 3 1 -1 -3 -5 6 4 2 0 -2 -4 -6 5 3 1 -1 -3 -5 6 4 2 0 -2 -4 -6 5 3 1 -1 -3 -5 6 4 2 0 -2 -4 -6 5 3 1 -1 -3 -5 6 4 2 0 -2 -4 -6 5 3 1 -1 -3 -5 6 4 2 0 -2 -4 -6 5 3 1 -1 -3 -5 6 4 2 0 -2 -4 -6 5 3 1 -1 -3 -5 6 4 2 0 -2 -4 -6 5 3 1 -1 -3 -5 6 4 2 0 -2 -4 -6 5 3 1 -1 -3 -5 6 4 2 0 -2 -4 -6 5 3 1 -1 -3 -5 6 4 2 0 -2 -4 -6 5 3 1 -1 -3 -5 6 4 2 0 -2 -4 -6 5 3 1 -1 -3 -5 6 4 2 0 -2 -4 -6 5 3 1 -1 -3 -5 6 4 2 0 -2 -4 -6 5 3 1 -1 -3 -5 6 4 2 0 -2 -4 -6 5 3 1 -1 -3 -5 6 4 2 0 -2 -4 -6 5 3 1 -1 -3 -5 6 4 2 0 -2 -4 -6 5 3 1 -1 -3 -5 6 4 2 0 -2 -4 -6 5 3 1 -1 -3 -5 6 4 2 0 -2 -4 -6 5 3 1 -1 -3 -5 6 4 2 0 -2 -4 -6 5 3 1 -1 -3 -5 6 4 2 0 -2 -4 -6 5 3 1 -1 -3 -5 6 4 2 0 -2 -4 -6 5 3 1 -1 -3 -5 6 4 2 0 -2 -4 -6 5 3 1 -1 -3 -5 6 4 2 0 -2 -4 -6 5 3 1 -1 -3 -5 6 4 2 0 -2 -4 -6 5 3 1 -1 -3 -5 6 4 2 0 -2 -4 -6 5 3 1 -1 -3 -5 6 4 2 0 -2 -4 -6 5 3 1 -1 -3 -5 6 4 2 0 -2 -4 -6 5 3 1 -1 -3 -5 6 4 2 0 -2 -4 -6 5 3 1 -1 -3 -5 6 4 2 0 -2 -4 -6 5 3 1 -1 -3 -5 6 4 2 0 -2 -4 -6 5 3 1 -1 -3 -5 6 4 2 0 -2 -4 -6 5 3 1 -1 -3 -5 6 4 2 0 -2 -4 -6 5 3 1 -1 -3 -5 6 4 2 0 -2 -4 -6 5 3 1 -1 -3 -5 6 4 2 0 -2 -4 -6 5 3 1 -1 -3 -5 6 4 2 0 -2 -4 -6 5 3 1 -1 -3 -5 6 4 2 0 -2 -4 -6 5 3 1 -1 -3 -5 6 4 2 0 -2 -4 -6 5 3 1 -1 -3 -5 6 4 2 0 -2 -4 -6 5 3
-6 5 3 1 -1 -3 -5 6 4 2 0 -2 -4 -6 5 3 1 -1 -3 -5 6 4 2 0 -2 -4 -6 5 3 1 -1 -3 -5 6 4 2 0 -2 -4 -6 5 3 1 -1 -3 -5 6 4 2 0 -2 -4 -6 5 3 1 -1 -3 -5 6 4 2 0 -2 -4 -6 5 3 1 -1 -3 -5 6 4 2 0 -2 -4 -6 5 3 1 -1 -3 -5 6 4 2 0 -2 -4 -6 5 3 1 -1 -3 -5 6 4 2 0 -2 -4 -6 5 3 1 -1 -3 -5 6 4 2 0 -2 -4 -6 5 3 1 -1 -3 -5 6 4 2 0 -2 -4 -6 5 3 1 -1 -3 -5 6 4 2 0 -2 -4 -6 5 3 1 -1 -3 -5 6 4 2 0 -2 -4 -6 5 3 1 -1 -3 -5 6 4 2 0 -2 -4 -6 5 3 1 -1 -3 -5 6 4 2 0 -2 -4 -6 5 3 1 -1 -3 -5 6 4 2 0 -2 -4 -6 5 3 1 -1 -3 -5 6 4 2 0 -2 -4 -6 5 3 1 -1 -3 -5 6 4 2 0 -2 -4 -6 5 3 1 -1 -3 -5 6 4 2 0 -2 -4 -6 5 3 1 -1 -3 -5 6 4 2 0 -2 -4 -6 5 3 1 -1 -3 -5 6 4 2 0 -2 -4 -6 5 3 1 -1 -3 -5 6 4 2 0 -2 -4 -6 5 3 1 -1 -3 -5 6 4 2 0 -2 -4 -6 5 3 1 -1 -3 -5 6 4 2 0 -2 -4 -6 5 3 1 -1 -3 -5 6 4 2 0 -2 -4 -6 5 3 1 -1 -3 -5 6 4 2 0 -2 -4 -6 5 3 1 -1 -3 -5 6 4 2 0 -2 -4 -6 5 3 1 -1 -3 -5 6 4 2 0 -2 -4 -6 5 3 1 -1 -3 -5 6 4 2 0 -2 -4 -6 5 3 1 -1 -3 -5 6 4 2 0 -2 -4 -6 5 3 1 -1 -3 -5 6 4 2 0 -2 -4 -6 5 3 1 -1 -3 -5 6 4 2 0 -2 -4 -6 5 3 1 -1 -3 -5 6 4 2 0 -2 -4 -6 5 3 1 -1 -3 -5 6 4 2 0 -2 -4 -6 5 3 1 -1 -3 -5 6 4 2 0 -2 -4 -6 5 3 1 -1 -3 -5 6 4 2 0 -2 -4 -6 5 3 1 -1 -3 -5 6 4 2 0 -2 -4 -6 5 3 1 -1 -3 -5 6 4 2 0 -2 -4 -6 5 3 1 -1 -3 -5 6 4 2 0 -2 -4 -6 5 3 1 -1 -3
1 -1 -3 -5 6 4 2 0 -2 -4 -6 5 3 1 -1 -3 -5 6 4 2 0 -2 -4 -6 5 3 1 -1 -3 -5 6 4 2 0 -2 -4 -6 5 3 1 -1 -3 -5 6 4 2 0 -2 -4 -6 5 3 1 -1 -3 -5 6 4 2 0 -2 -4 -6 5 3 1 -1 -3 -5 6 4 2 0 -2 -4 -6 5 3 1 -1 -3 -5 6 4 2 0 -2 -4 -6 5 3 1 -1 -3 -5 6 4 2 0 -2 -4 -6 5 3 1 -1 -3 -5 6 4 2 0 -2 -4 -6 5 3 1 -1 -3 -5 6 4 2 0 -2 -4 -6 5 3 1 -1 -3 -5 6 4 2 0 -2 -4 -6 5 3 1 -1 -3 -5 6 4 2 0 -2 -4 -6 5 3 1 -1 -3 -5 6 4 2 0 -2 -4 -6 5 3 1 -1 -3 -5 6 4 2 0 -2 -4 -6 5 3 1 -1 -3 -5 6 4 2 0 -2 -4 -6 5 3 1 -1 -3 -5 6 4 2 0 -2 -4 -6 5 3 1 -1 -3 -5 6 4 2 0 -2 -4 -6 5 3 1 -1 -3 -5 6 4 2 0 -2 -4 -6 5 3 1 -1 -3 -5 6 4 2 0 -2 -4 -6 5 3 1 -1 -3 -5 6 4 2 0 -2 -4 -6 5 3 1 -1 -3 -5 6 4 2 0 -2 -4 -6 5 3 1 -1 -3 -5 6 4 2 0 -2 -4 -6 5 3 1 -1 -3 -5 6 4 2 0 -2 -4 -6 5 3 1 -1 -3 -5 6 4 2 0 -2 -4 -6 5 3 1 -1 -3 -5 6 4 2 0 -2 -4 -6 5 3 1 -1 -3 -5 6 4 2 0 -2 -4 -6 5 3 1 -1 -3 -5 6 4 2 0 -2 -4 -6 5 3 1 -1 -3 -5 6 4 2 0 -2 -4 -6 5 3 1 -1 -3 -5 6 4 2 0 -2 -4 -6 5 3 1 -1 -3 -5 6 4 2 0 -2 -4 -6 5 3 1 -1 -3 -5 6 4 2 0 -2 -4 -6 5 3 1 -1 -3 -5 6 4 2 0 -2 -4 -6 5 3 1 -1 -3 -5 6 4 2 0 -2 -4 -6 5 3 1 -1 -3 -5 6 4 2 0 -2 -4 -6 5 3 1 -1 -3 -5 6 4 2 0 -2 -4 -6 5 3 1 -1 -3 -5 6 4 2 0 -2 -4 -6 5 3 1 -1 -3 -5 6 4 2 0 -2 -4 -6 5 3 1 -1 -3 -5 6 4 2 0 -2 -4 -6 5 3 1 -1 -3 -5 6 4
-5 6 4 2 0 -2 -4 -6 5 3 1 -1 -3 -5 6 4 2 0 -2 -4 -6 5 3 1 -1 -3 -5 6 4 2 0 -2 -4 -6 5 3 1 -1 -3 -5 6 4 2 0 -2 -4 -6 5 3 1 -1 -3 -5 6 4 2 0 -2 -4 -6 5 3 1 -1 -3 -5 6 4 2 0 -2 -4 -6 5 3 1 -1 -3 -5 6 4 2 0 -2 -4 -6 5 3 1 -1 -3 -5 6 4 2 0 -2 -4 -6 5 3 1 -1 -3 -5 6 4 2 0 -2 -4 -6 5 3 1 -1 -3 -5 6 4 2 0 -2 -4 -6 5 3 1 -1 -3 -5 6 4 2 0 -2 -4 -6 5 3 1 -1 -3 -5 6 4 2 0 -2 -4 -6 5 3 1 -1 -3 -5 6 4 2 0 -2 -4 -6 5 3 1 -1 -3 -5 6 4 2 0 -2 -4 -6 5 3 1 -1 -3 -5 6 4 2 0 -2 -4 -6 5 3 1 -1 -3 -5 6 4 2 0 -2 -4 -6 5 3 1 -1 -3 -5 6 4 2 0 -2 -4 -6 5 3 1 -1 -3 -5 6 4 2 0 -2 -4 -6 5 3 1 -1 -3 -5 6 4 2 0 -2 -4 -6 5 3 1 -1 -3 -5 6 4 2 0 -2 -4 -6 5 3 1 -1 -3 -5 6 4 2 0 -2 -4 -6 5 3 1 -1 -3 -5 6 4 2 0 -2 -4 -6 5 3 1 -1 -3 -5 6 4 2 0 -2 -4 -6 5 3 1 -1 -3 -5 6 4 2 0 -2 -4 -6 5 3 1 -1 -3 -5 6 4 2 0 -2 -4 -6 5 3 1 -1 -3 -5 6 4 2 0 -2 -4 -6 5 3 1 -1 -3 -5 6 4 2 0 -2 -4 -6 5 3 1 -1 -3 -5 6 4 2 0 -2 -4 -6 5 3 1 -1 -3 -5 6 4 2 0 -2 -4 -6 5 3 1 -1 -3 -5 6 4 2 0 -2 -4 -6 5 3 1 -1 -3 -5 6 4 2 0 -2 -4 -6 5 3 1 -1 -3 -5 6 4 2 0 -2 -4 -6 5 3 1 -1 -3 -5 6 4 2 0 -2 -4 -6 5 3 1 -1 -3 -5 6 4 2 0 -2 -4 -6 5 3 1 -1 -3 -5 6 4 2 0 -2 -4 -6 5 3 1 -1 -3 -5 6 4 2 0 -2 -4 -6 5 3 1 -1 -3 -5 6 4 2 0 -2 -4 -6 5 3 1 -1 -3 -5 6 4 2 0 -2 -4 -6 5 3 1 -1 -3 -5 6 4 2 0 -2
2 0 -2 -4 -6 5 3 1 -1 -3 -5 6 4 2 0 -2 -4 -6 5 3 1 -1 -3 -5 6 4 2 0 -2 -4 -6 5 3 1 -1 -3 -5 6 4 2 0 -2 -4 -6 5 3 1 -1 -3 -5 6 4 2 0 -2 -4 -6 5 3 1 -1 -3 -5 6 4 2 0 -2 -4 -6 5 3 1 -1 -3 -5 6 4 2 0 -2 -4 -6 5 3 1 -1 -3 -5 6 4 2 0 -2 -4 -6 5 3 1 -1 -3 -5 6 4 2 0 -2 -4 -6 5 3 1 -1 -3 -5 6 4 2 0 -2 -4 -6 5 3 1 -1 -3 -5 6 4 2 0 -2 -4 -6 5 3 1 -1 -3 -5 6 4 2 0 -2 -4 -6 5 3 1 -1 -3 -5 6 4 2 0 -2 -4 -6 5 3 1 -1 -3 -5 6 4 2 0 -2 -4 -6 5 3 1 -1 -3 -5 6 4 2 0 -2 -4 -6 5 3 1 -1 -3 -5 6 4 2 0 -2 -4 -6 5 3 1 -1 -3 -5 6 4 2 0 -2 -4 -6 5 3 1 -1 -3 -5 6 4 2 0 -2 -4 -6 5 3 1 -1 -3 -5 6 4 2 0 -2 -4 -6 5 3 1 -1 -3 -5 6 4 2 0 -2 -4 -6 5 3 1 -1 -3 -5 6 4 2 0 -2 -4 -6 5 3 1 -1 -3 -5 6 4 2 0 -2 -4 -6 5 3 1 -1 -3 -5 6 4 2 0 -2 -4 -6 5 3 1 -1 -3 -5 6 4 2 0 -2 -4 -6 5 3 1 -1 -3 -5 6 4 2 0 -2 -4 -6 5 3 1 -1 -3 -5 6 4 2 0 -2 -4 -6 5 3 1 -1 -3 -5 6 4 2 0 -2 -4 -6 5 3 1 -1 -3 -5 6 4 2 0 -2 -4 -6 5 3 1 -1 -3 -5 6 4 2 0 -2 -4 -6 5 3 1 -1 -3 -5 6 4 2 0 -2 -4 -6 5 3 1 -1 -3 -5 6 4 2 0 -2 -4 -6 5 3 1 -1 -3 -5 6 4 2 0 -2 -4 -6 5 3 1 -1 -3 -5 6 4 2 0 -2 -4 -6 5 3 1 -1 -3 -5 6 4 2 0 -2 -4 -6 5 3 1 -1 -3 -5 6 4 2 0 -2 -4 -6 5 3 1 -1 -3 -5 6 4 2 0 -2 -4 -6 5 3 1 -1 -3 -5 6 4 2 0 -2 -4 -6 5 3 1 -1 -3 -5 6 4 2 0 -2 -4 -6 5 3 1 -1 -3 -5 6 4 2 0 -2 -4 -6 5
-4 -6 5 3 1 -1 -3 -5 6 4 2 0 -2 -4 -6 5 3 1 -1 -3 -5 6 4 2 0 -2 -4 -6 5 3 1 -1 -3 -5 6 4 2 0 -2 -4 -6 5 3 1 -1 -3 -5 6 4 2 0 -2 -4 -6 5 3 1 -1 -3 -5 6 4 2 0 -2 -4 -6 5 3 1 -1 -3 -5 6 4 2 0 -2 -4 -6 5 3 1 -1 -3 -5 6 4 2 0 -2 -4 -6 5 3 1 -1 -3 -5 6 4 2 0 -2 -4 -6 5 3 1 -1 -3 -5 6 4 2 0 -2 -4 -6 5 3 1 -1 -3 -5 6 4 2 0 -2 -4 -6 5 3 1 -1 -3 -5 6 4 2 0 -2 -4 -6 5 3 1 -1 -3 -5 6 4 2 0 -2 -4 -6 5 3 1 -1 -3 -5 6 4 2 0 -2 -4 -6 5 3 1 -1 -3 -5 6 4 2 0 -2 -4 -6 5 3 1 -1 -3 -5 6 4 2 0 -2 -4 -6 5 3 1 -1 -3 -5 6 4 2 0 -2 -4 -6 5 3 1 -1 -3 -5 6 4 2 0 -2 -4 -6 5 3 1 -1 -3 -5 6 4 2 0 -2 -4 -6 5 3 1 -1 -3 -5 6 4 2 0 -2 -4 -6 5 3 1 -1 -3 -5 6 4 2 0 -2 -4 -6 5 3 1 -1 -3 -5 6 4 2 0 -2 -4 -6 5 3 1 -1 -3 -5 6 4 2 0 -2 -4 -6 5 3 1 -1 -3 -5 6 4 2 0 -2 -4 -6 5 3 1 -1 -3 -5 6 4 2 0 -2 -4 -6 5 3 1 -1 -3 -5 6 4 2 0 -2 -4 -6 5 3 1 -1 -3 -5 6 4 2 0 -2 -4 -6 5 3 1 -1 -3 -5 6 4 2 0 -2 -4 -6 5 3 1 -1 -3 -5 6 4 2 0 -2 -4 -6 5 3 1 -1 -3 -5 6 4 2 0 -2 -4 -6 5 3 1 -1 -3 -5 6 4 2 0 -2 -4 -6 5 3 1 -1 -3 -5 6 4 2 0 -2 -4 -6 5 3 1 -1 -3 -5 6 4 2 0 -2 -4 -6 5 3 1 -1 -3 -5 6 4 2 0 -2 -4 -6 5 3 1 -1 -3 -5 6 4 2 0 -2 -4 -6 5 3 1 -1 -3 -5 6 4 2 0 -2 -4 -6 5 3 1 -1 -3 -5 6 4 2 0 -2 -4 -6 5 3 1 -1 -3 -5 6 4 2 0 -2 -4 -6 5 3 1 -1 -3 -5 6 4 2 0 -2 -4 -6 5 3 1 -1
3 1 -1 -3 -5 6 4 2 0 -2 -4 -6 5 3 1 -1 -3 -5 6 4 2 0 -2 -4 -6 5 3 1 -1 -3 -5 6 4 2 0 -2 -4 -6 5 3 1 -1 -3 -5 6 4 2 0 -2 -4 -6 5 3 1 -1 -3 -5 6 4 2 0 -2 -4 -6 5 3 1 -1 -3 -5 6 4 2 0 -2 -4 -6 5 3 1 -1 -3 -5 6 4 2 0 -2 -4 -6 5 3 1 -1 -3 -5 6 4 2 0 -2 -4 -6 5 3 1 -1 -3 -5 6 4 2 0 -2 -4 -6 5 3 1 -1 -3 -5 6 4 2 0 -2 -4 -6 5 3 1 -1 -3 -5 6 4 2 0 -2 -4 -6 5 3 1 -1 -3 -5 6 4 2 0 -2 -4 -6 5 3 1 -1 -3 -5 6 4 2 0 -2 -4 -6 5 3 1 -1 -3 -5 6 4 2 0 -2 -4 -6 5 3 1 -1 -3 -5 6 4 2 0 -2 -4 -6 5 3 1 -1 -3 -5 6 4 2 0 -2 -4 -6 5 3 1 -1 -3 -5 6 4 2 0 -2 -4 -6 5 3 1 -1 -3 -5 6 4 2 0 -2 -4 -6 5 3 1 -1 -3 -5 6 4 2 0 -2 -4 -6 5 3 1 -1 -3 -5 6 4 2 0 -2 -4 -6 5 3 1 -1 -3 -5 6 4 2 0 -2 -4 -6 5 3 1 -1 -3 -5 6 4 2 0 -2 -4 -6 5 3 1 -1 -3 -5 6 4 2 0 -2 -4 -6 5 3 1 -1 -3 -5 6 4 2 0 -2 -4 -6 5 3 1 -1 -3 -5 6 4 2 0 -2 -4 -6 5 3 1 -1 -3 -5 6 4 2 0 -2 -4 -6 5 3 1 -1 -3 -5 6 4 2 0 -2 -4 -6 5 3 1 -1 -3 -5 6 4 2 0 -2 -4 -6 5 3 1 -1 -3 -5 6 4 2 0 -2 -4 -6 5 3 1 -1 -3 -5 6 4 2 0 -2 -4 -6 5 3 1 -1 -3 -5 6 4 2 0 -2 -4 -6 5 3 1 -1 -3 -5 6 4 2 0 -2 -4 -6 5 3 1 -1 -3 -5 6 4 2 0 -2 -4 -6 5 3 1 -1 -3 -5 6 4 2 0 -2 -4 -6 5 3 1 -1 -3 -5 6 4 2 0 -2 -4 -6 5 3 1 -1 -3 -5 6 4 2 0 -2 -4 -6 5 3 1 -1 -3 -5 6 4 2 0 -2 -4 -6 5 3 1 -1 -3 -5 6 4 2 0 -2 -4 -6 5 3 1 -1 -3 -5 6
-3 -5 6 4 2 0 -2 -4 -6 5 3 1 -1 -3 -5 6 4 2 0 -2 -4 -6 5 3 1 -1 -3 -5 6 4 2 0 -2 -4 -6 5 3 1 -1 -3 -5 6 4 2 0 -2 -4 -6 5 3 1 -1 -3 -5 6 4 2 0 -2 -4 -6 5 3 1 -1 -3 -5 6 4 2 0 -2 -4 -6 5 3 1 -1 -3 -5 6 4 2 0 -2 -4 -6 5 3 1 -1 -3 -5 6 4 2 0 -2 -4 -6 5 3 1 -1 -3 -5 6 4 2 0 -2 -4 -6 5 3 1 -1 -3 -5 6 4 2 0 -2 -4 -6 5 3 1 -1 -3 -5 6 4 2 0 -2 -4 -6 5 3 1 -1 -3 -5 6 4 2 0 -2 -4 -6 5 3 1 -1 -3 -5 6 4 2 0 -2 -4 -6 5 3 1 -1 -3 -5 6 4 2 0 -2 -4 -6 5 3 1 -1 -3 -5 6 4 2 0 -2 -4 -6 5 3 1 -1 -3 -5 6 4 2 0 -2 -4 -6 5 3 1 -1 -3 -5 6 4 2 0 -2 -4 -6 5 3 1 -1 -3 -5 6 4 2 0 -2 -4 -6 5 3 1 -1 -3 -5 6 4 2 0 -2 -4 -6 5 3 1 -1 -3 -5 6 4 2 0 -2 -4 -6 5 3 1 -1 -3 -5 6 4 2 0 -2 -4 -6 5 3 1 -1 -3 -5 6 4 2 0 -2 -4 -6 5 3 1 -1 -3 -5 6 4 2 0 -2 -4 -6 5 3 1 -1 -3 -5 6 4 2 0 -2 -4 -6 5 3 1 -1 -3 -5 6 4 2 0 -2 -4 -6 5 3 1 -1 -3 -5 6 4 2 0 -2 -4 -6 5 3 1 -1 -3 -5 6 4 2 0 -2 -4 -6 5 3 1 -1 -3 -5 6 4 2 0 -2 -4 -6 5 3 1 -1 -3 -5 6 4 2 0 -2 -4 -6 5 3 1 -1 -3 -5 6 4 2 0 -2 -4 -6 5 3 1 -1 -3 -5 6 4 2 0 -2 -4 -6 5 3 1 -1 -3 -5 6 4 2 0 -2 -4 -6 5 3 1 -1 -3 -5 6 4 2 0 -2 -4 -6 5 3 1 -1 -3 -5 6 4 2 0 -2 -4 -6 5 3 1 -1 -3 -5 6 4 2 0 -2 -4 -6 5 3 1 -1 -3 -5 6 4 2 0 -2 -4 -6 5 3 1 -1 -3 -5 6 4 2 0 -2 -4 -6 5 3 1 -1 -3 -5 6 4 2 0 -2 -4 -6 5 3 1 -1 -3 -5 6 4 2 0
4 2 0 -2 -4 -6 5 3 1 -1 -3 -5 6 4 2 0 -2 -4 -6 5 3 1 -1 -3 -5 6 4 2 0 -2 -4 -6 5 3 1 -1 -3 -5 6 4 2 0 -2 -4 -6 5 3 1 -1 -3 -5 6 4 2 0 -2 -4 -6 5 3 1 -1 -3 -5 6 4 2 0 -2 -4 -6 5 3 1 -1 -3 -5 6 4 2 0 -2 -4 -6 5 3 1 -1 -3 -5 6 4 2 0 -2 -4 -6 5 3 1 -1 -3 -5 6 4 2 0 -2 -4 -6 5 3 1 -1 -3 -5 6 4 2 0 -2 -4 -6 5 3 1 -1 -3 -5 6 4 2 0 -2 -4 -6 5 3 1 -1 -3 -5 6 4 2 0 -2 -4 -6 5 3 1 -1 -3 -5 6 4 2 0 -2 -4 -6 5 3 1 -1 -3 -5 6 4 2 0 -2 -4 -6 5 3 1 -1 -3 -5 6 4 2 0 -2 -4 -6 5 3 1 -1 -3 -5 6 4 2 0 -2 -4 -6 5 3 1 -1 -3 -5 6 4 2 0 -2 -4 -6 5 3 1 -1 -3 -5 6 4 2 0 -2 -4 -6 5 3 1 -1 -3 -5 6 4 2 0 -2 -4 -6 5 3 1 -1 -3 -5 6 4 2 0 -2 -4 -6 5 3 1 -1 -3 -5 6 4 2 0 -2 -4 -6 5 3 1 -1 -3 -5 6 4 2 0 -2 -4 -6 5 3 1 -1 -3 -5 6 4 2 0 -2 -4 -6 5 3 1 -1 -3 -5 6 4 2 0 -2 -4 -6 5 3 1 -1 -3 -5 6 4 2 0 -2 -4 -6 5 3 1 -1 -3 -5 6 4 2 0 -2 -4 -6 5 3 1 -1 -3 -5 6 4 2 0 -2 -4 -6 5 3 1 -1 -3 -5 6 4 2 0 -2 -4 -6 5 3 1 -1 -3 -5 6 4 2 0 -2 -4 -6 5 3 1 -1 -3 -5 6 4 2 0 -2 -4 -6 5 3 1 -1 -3 -5 6 4 2 0 -2 -4 -6 5 3 1 -1 -3 -5 6 4 2 0 -2 -4 -6 5 3 1 -1 -3 -5 6 4 2 0 -2 -4 -6 5 3 1 -1 -3 -5 6 4 2 0 -2 -4 -6 5 3 1 -1 -3 -5 6 4 2 0 -2 -4 -6 5 3 1 -1 -3 -5 6 4 2 0 -2 -4 -6 5 3 1 -1 -3 -5 6 4 2 0 -2 -4 -6 5 3 1 -1 -3 -5 6 4 2 0 -2 -4 -6 5 3 1 -1 -3 -5 6 4 2 0 -2 -4 -6
-2 -4 -6 5 3 1 -1 -3 -5 6 4 2 0 -2 -4 -6 5 3 1 -1 -3 -5 6 4 2 0 -2 -4 -6 5 3 1 -1 -3 -5 6 4 2 0 -2 -4 -6 5 3 1 -1 -3 -5 6 4 2 0 -2 -4 -6 5 3 1 -1 -3 -5 6 4 2 0 -2 -4 -6 5 3 1 -1 -3 -5 6 4 2 0 -2 -4 -6 5 3 1 -1 -3 -5 6 4 2 0 -2 -4 -6 5 3 1 -1 -3 -5 6 4 2 0 -2 -4 -6 5 3 1 -1 -3 -5 6 4 2 0 -2 -4 -6 5 3 1 -1 -3 -5 6 4 2 0 -2 -4 -6 5 3 1 -1 -3 -5 6 4 2 0 -2 -4 -6 5 3 1 -1 -3 -5 6 4 2 0 -2 -4 -6 5 3 1 -1 -3 -5 6 4 2 0 -2 -4 -6 5 3 1 -1 -3 -5 6 4 2 0 -2 -4 -6 5 3 1 -1 -3 -5 6 4 2 0 -2 -4 -6 5 3 1 -1 -3 -5 6 4 2 0 -2 -4 -6 5 3 1 -1 -3 -5 6 4 2 0 -2 -4 -6 5 3 1 -1 -3 -5 6 4 2 0 -2 -4 -6 5 3 1 -1 -3 -5 6 4 2 0 -2 -4 -6 5 3 1 -1 -3 -5 6 4 2 0 -2 -4 -6 5 3 1 -1 -3 -5 6 4 2 0 -2 -4 -6 5 3 1 -1 -3 -5 6 4 2 0 -2 -4 -6 5 3 1 -1 -3 -5 6 4 2 0 -2 -4 -6 5 3 1 -1 -3 -5 6 4 2 0 -2 -4 -6 5 3 1 -1 -3 -5 6 4 2 0 -2 -4 -6 5 3 1 -1 -3 -5 6 4 2 0 -2 -4 -6 5 3 1 -1 -3 -5 6 4 2 0 -2 -4 -6 5 3 1 -1 -3 -5 6 4 2 0 -2 -4 -6 5 3 1 -1 -3 -5 6 4 2 0 -2 -4 -6 5 3 1 -1 -3 -5 6 4 2 0 -2 -4 -6 5 3 1 -1 -3 -5 6 4 2 0 -2 -4 -6 5 3 1 -1 -3 -5 6 4 2 0 -2 -4 -6 5 3 1 -1 -3 -5 6 4 2 0 -2 -4 -6 5 3 1 -1 -3 -5 6 4 2 0 -2 -4 -6 5 3 1 -1 -3 -5 6 4 2 0 -2 -4 -6 5 3 1 -1 -3 -5 6 4 2 0 -2 -4 -6 5 3 1 -1 -3 -5 6 4 2 0 -2 -4 -6 5 3 1 -1 -3 -5 6 4 2 0 -2 -4 -6 5 3 1
5 3 1 -1 -3 -5 6 4 2 0 -2 -4 -6 5 3 1 -1 -3 -5 6 4 2 0 -2 -4 -6 5 3 1 -1 -3 -5 6 4 2 0 -2 -4 -6 5 3 1 -1 -3 -5 6 4 2 0 -2 -4 -6 5 3 1 -1 -3 -5 6 4 2 0 -2 -4 -6 5 3 1 -1 -3 -5 6 4 2 0 -2 -4 -6 5 3 1 -1 -3 -5 6 4 2 0 -2 -4 -6 5 3 1 -1 -3 -5 6 4 2 0 -2 -4 -6 5 3 1 -1 -3 -5 6 4 2 0 -2 -4 -6 5 3 1 -1 -3 -5 6 4 2 0 -2 -4 -6 5 3 1 -1 -3 -5 6 4 2 0 -2 -4 -6 5 3 1 -1 -3 -5 6 4 2 0 -2 -4 -6 5 3 1 -1 -3 -5 6 4 2 0 -2 -4 -6 5 3 1 -1 -3 -5 6 4 2 0 -2 -4 -6 5 3 1 -1 -3 -5 6 4 2 0 -2 -4 -6 5 3 1 -1 -3 -5 6 4 2 0 -2 -4 -6 5 3 1 -1 -3 -5 6 4 2 0 -2 -4 -6 5 3 1 -1 -3 -5 6 4 2 0 -2 -4 -6 5 3 1 -1 -3 -5 6 4 2 0 -2 -4 -6 5 3 1 -1 -3 -5 6 4 2 0 -2 -4 -6 5 3 1 -1 -3 -5 6 4 2 0 -2 -4 -6 5 3 1 -1 -3 -5 6 4 2 0 -2 -4 -6 5 3 1 -1 -3 -5 6 4 2 0 -2 -4 -6 5 3 1 -1 -3 -5 6 4 2 0 -2 -4 -6 5 3 1 -1 -3 -5 6 4 2 0 -2 -4 -6 5 3 1 -1 -3 -5 6 4 2 0 -2 -4 -6 5 3 1 -1 -3 -5 6 4 2 0 -2 -4 -6 5 3 1 -1 -3 -5 6 4 2 0 -2 -4 -6 5 3 1 -1 -3 -5 6 4 2 0 -2 -4 -6 5 3 1 -1 -3 -5 6 4 2 0 -2 -4 -6 5 3 1 -1 -3 -5 6 4 2 0 -2 -4 -6 5 3 1 -1 -3 -5 6 4 2 0 -2 -4 -6 5 3 1 -1 -3 -5 6 4 2 0 -2 -4 -6 5 3 1 -1 -3 -5 6 4 2 0 -2 -4 -6 5 3 1 -1 -3 -5 6 4 2 0 -2 -4 -6 5 3 1 -1 -3 -5 6 4 2 0 -2 -4 -6 5 3 1 -1 -3 -5 6 4 2 0 -2 -4 -6 5 3 1 -1 -3 -5 6 4 2 0 -2 -4 -6 5 3 1 -1 -3 -5
-1 -3 -5 6 4 2 0 -2 -4 -6 5 3 1 -1 -3 -5 6 4 2 0 -2 -4 -6 5 3 1 -1 -3 -5 6 4 2 0 -2 -4 -6 5 3 1 -1 -3 -5 6 4 2 0 -2 -4 -6 5 3 1 -1 -3 -5 6 4 2 0 -2 -4 -6 5 3 1 -1 -3 -5 6 4 2 0 -2 -4 -6 5 3 1 -1 -3 -5 6 4 2 0 -2 -4 -6 5 3 1 -1 -3 -5 6 4 2 0 -2 -4 -6 5 3 1 -1 -3 -5 6 4 2 0 -2 -4 -6 5 3 1 -1 -3 -5 6 4 2 0 -2 -4 -6 5 3 1 -1 -3 -5 6 4 2 0 -2 -4 -6 5 3 1 -1 -3 -5 6 4 2 0 -2 -4 -6 5 3 1 -1 -3 -5 6 4 2 0 -2 -4 -6 5 3 1 -1 -3 -5 6 4 2 0 -2 -4 -6 5 3 1 -1 -3 -5 6 4 2 0 -2 -4 -6 5 3 1 -1 -3 -5 6 4 2 0 -2 -4 -6 5 3 1 -1 -3 -5 6 4 2 0 -2 -4 -6 5 3 1 -1 -3 -5 6 4 2 0 -2 -4 -6 5 3 1 -1 -3 -5 6 4 2 0 -2 -4 -6 5 3 1 -1 -3 -5 6 4 2 0 -2 -4 -6 5 3 1 -1 -3 -5 6 4 2 0 -2 -4 -6 5 3 1 -1 -3 -5 6 4 2 0 -2 -4 -6 5 3 1 -1 -3 -5 6 4 2 0 -2 -4 -6 5 3 1 -1 -3 -5 6 4 2 0 -2 -4 -6 5 3 1 -1 -3 -5 6 4 2 0 -2 -4 -6 5 3 1 -1 -3 -5 6 4 2 0 -2 -4 -6 5 3 1 -1 -3 -5 6 4 2 0 -2 -4 -6 5 3 1 -1 -3 -5 6 4 2 0 -2 -4 -6 5 3 1 -1 -3 -5 6 4 2 0 -2 -4 -6 5 3 1 -1 -3 -5 6 4 2 0 -2 -4 -6 5 3 1 -1 -3 -5 6 4 2 0 -2 -4 -6 5 3 1 -1 -3 -5 6 4 2 0 -2 -4 -6 5 3 1 -1 -3 -5 6 4 2 0 -2 -4 -6 5 3 1 -1 -3 -5 6 4 2 0 -2 -4 -6 5 3 1 -1 -3 -5 6 4 2 0 -2 -4 -6 5 3 1 -1 -3 -5 6 4 2 0 -2 -4 -6 5 3 1 -1 -3 -5 6 4 2 0 -2 -4 -6 5 3 1 -1 -3 -5 6 4 2 0 -2 -4 -6 5 3 1 -1 -3 -5 6 4 2
6 4 2 0 -2 -4 -6 5 3 1 -1 -3 -5 6 4 2 0 -2 -4 -6 5 3 1 -1 -3 -5 6 4 2 0 -2 -4 -6 5 3 1 -1 -3 -5 6 4 2 0 -2 -4 -6 5 3 1 -1 -3 -5 6 4 2 0 -2 -4 -6 5 3 1 -1 -3 -5 6 4 2 0 -2 -4 -6 5 3 1 -1 -3 -5 6 4 2 0 -2 -4 -6 5 3 1 -1 -3 -5 6 4 2 0 -2 -4 -6 5 3 1 -1 -3 -5 6 4 2 0 -2 -4 -6 5 3 1 -1 -3 -5 6 4 2 0 -2 -4 -6 5 3 1 -1 -3 -5 6 4 2 0 -2 -4 -6 5 3 1 -1 -3 -5 6 4 2 0 -2 -4 -6 5 3 1 -1 -3 -5 6 4 2 0 -2 -4 -6 5 3 1 -1 -3 -5 6 4 2 0 -2 -4 -6 5 3 1 -1 -3 -5 6 4 2 0 -2 -4 -6 5 3 1 -1 -3 -5 6 4 2 0 -2 -4 -6 5 3 1 -1 -3 -5 6 4 2 0 -2 -4 -6 5 3 1 -1 -3 -5 6 4 2 0 -2 -4 -6 5 3 1 -1 -3 -5 6 4 2 0 -2 -4 -6 5 3 1 -1 -3 -5 6 4 2 0 -2 -4 -6 5 3 1 -1 -3 -5 6 4 2 0 -2 -4 -6 5 3 1 -1 -3 -5 6 4 2 0 -2 -4 -6 5 3 1 -1 -3 -5 6 4 2 0 -2 -4 -6 5 3 1 -1 -3 -5 6 4 2 0 -2 -4 -6 5 3 1 -1 -3 -5 6 4 2 0 -2 -4 -6 5 3 1 -1 -3 -5 6 4 2 0 -2 -4 -6 5 3 1 -1 -3 -5 6 4 2 0 -2 -4 -6 5 3 1 -1 -3 -5 6 4 2 0 -2 -4 -6 5 3 1 -1 -3 -5 6 4 2 0 -2 -4 -6 5 3 1 -1 -3 -5 6 4 2 0 -2 -4 -6 5 3 1 -1 -3 -5 6 4 2 0 -2 -4 -6 5 3 1 -1 -3 -5 6 4 2 0 -2 -4 -6 5 3 1 -1 -3 -5 6 4 2 0 -2 -4 -6 5 3 1 -1 -3 -5 6 4 2 0 -2 -4 -6 5 3 1 -1 -3 -5 6 4 2 0 -2 -4 -6 5 3 1 -1 -3 -5 6 4 2 0 -2 -4 -6 5 3 1 -1 -3 -5 6 4 2 0 -2 -4 -6 5 3 1 -1 -3 -5 6 4 2 0 -2 -4 -6 5 3 1 -1 -3 -5 6 4 2 0 -2 -4
0 -2 -4 -6 5 3 1 -1 -3 -5 6 4 2 0 -2 -4 -6 5 3 1 -1 -3 -5 6 4 2 0 -2 -4 -6 5 3 1 -1 -3 -5 6 4 2 0 -2 -4 -6 5 3 1 -1 -3 -5 6 4 2 0 -2 -4 -6 5 3 1 -1 -3 -5 6 4 2 0 -2 -4 -6 5 3 1 -1 -3 -5 6 4 2 0 -2 -4 -6 5 3 1 -1 -3 -5 6 4 2 0 -2 -4 -6 5 3 1 -1 -3 -5 6 4 2 0 -2 -4 -6 5 3 1 -1 -3 -5 6 4 2 0 -2 -4 -6 5 3 1 -1 -3 -5 6 4 2 0 -2 -4 -6 5 3 1 -1 -3 -5 6 4 2 0 -2 -4 -6 5 3 1 -1 -3 -5 6 4 2 0 -2 -4 -6 5 3 1 -1 -3 -5 6 4 2 0 -2 -4 -6 5 3 1 -1 -3 -5 6 4 2 0 -2 -4 -6 5 3 1 -1 -3 -5 6 4 2 0 -2 -4 -6 5 3 1 -1 -3 -5 6 4 2 0 -2 -4 -6 5 3 1 -1 -3 -5 6 4 2 0 -2 -4 -6 5 3 1 -1 -3 -5 6 4 2 0 -2 -4 -6 5 3 1 -1 -3 -5 6 4 2 0 -2 -4 -6 5 3 1 -1 -3 -5 6 4 2 0 -2 -4 -6 5 3 1 -1 -3 -5 6 4 2 0 -2 -4 -6 5 3 1 -1 -3 -5 6 4 2 0 -2 -4 -6 5 3 1 -1 -3 -5 6 4 2 0 -2 -4 -6 5 3 1 -1 -3 -5 6 4 2 0 -2 -4 -6 5 3 1 -1 -3 -5 6 4 2 0 -2 -4 -6 5 3 1 -1 -3 -5 6 4 2 0 -2 -4 -6 5 3 1 -1 -3 -5 6 4 2 0 -2 -4 -6 5 3 1 -1 -3 -5 6 4 2 0 -2 -4 -6 5 3 1 -1 -3 -5 6 4 2 0 -2 -4 -6 5 3 1 -1 -3 -5 6 4 2 0 -2 -4 -6 5 3 1 -1 -3 -5 6 4 2 0 -2 -4 -6 5 3 1 -1 -3 -5 6 4 2 0 -2 -4 -6 5 3 1 -1 -3 -5 6 4 2 0 -2 -4 -6 5 3 1 -1 -3 -5 6 4 2 0 -2 -4 -6 5 3 1 -1 -3 -5 6 4 2 0 -2 -4 -6 5 3 1 -1 -3 -5 6 4 2 0 -2 -4 -6 5 3 1 -1 -3 -5 6 4 2 0 -2 -4 -6 5 3 1 -1 -3 -5 6 4 2 0 -2 -4 -6 5 3
-6 5 3 1 -1 -3 -5 6 4 2 0 -2 -4 -6 5 3 1 -1 -3 -5 6 4 2 0 -2 -4 -6 5 3 1 -1 -3 -5 6 4 2 0 -2 -4 -6 5 3 1 -1 -3 -5 6 4 2 0 -2 -4 -6 5 3 1 -1 -3 -5 6 4 2 0 -2 -4 -6 5 3 1 -1 -3 -5 6 4 2 0 -2 -4 -6 5 3 1 -1 -3 -5 6 4 2 0 -2 -4 -6 5 3 1 -1 -3 -5 6 4 2 0 -2 -4 -6 5 3 1 -1 -3 -5 6 4 2 0 -2 -4 -6 5 3 1 -1 -3 -5 6 4 2 0 -2 -4 -6 5 3 1 -1 -3 -5 6 4 2 0 -2 -4 -6 5 3 1 -1 -3 -5 6 4 2 0 -2 -4 -6 5 3 1 -1 -3 -5 6 4 2 0 -2 -4 -6 5 3 1 -1 -3 -5 6 4 2 0 -2 -4 -6 5 3 1 -1 -3 -5 6 4 2 0 -2 -4 -6 5 3 1 -1 -3 -5 6 4 2 0 -2 -4 -6 5 3 1 -1 -3 -5 6 4 2 0 -2 -4 -6 5 3 1 -1 -3 -5 6 4 2 0 -2 -4 -6 5 3 1 -1 -3 -5 6 4 2 0 -2 -4 -6 5 3 1 -1 -3 -5 6 4 2 0 -2 -4 -6 5 3 1 -1 -3 -5 6 4 2 0 -2 -4 -6 5 3 1 -1 -3 -5 6 4 2 0 -2 -4 -6 5 3 1 -1 -3 -5 6 4 2 0 -2 -4 -6 5 3 1 -1 -3 -5 6 4 2 0 -2 -4 -6 5 3 1 -1 -3 -5 6 4 2 0 -2 -4 -6 5 3 1 -1 -3 -5 6 4 2 0 -2 -4 -6 5 3 1 -1 -3 -5 6 4 2 0 -2 -4 -6 5 3 1 -1 -3 -5 6 4 2 0 -2 -4 -6 5 3 1 -1 -3 -5 6 4 2 0 -2 -4 -6 5 3 1 -1 -3 -5 6 4 2 0 -2 -4 -6 5 3 1 -1 -3 -5 6 4 2 0 -2 -4 -6 5 3 1 -1 -3 -5 6 4 2 0 -2 -4 -6 5 3 1 -1 -3 -5 6 4 2 0 -2 -4 -6 5 3 1 -1 -3 -5 6 4 2 0 -2 -4 -6 5 3 1 -1 -3 -5 6 4 2 0 -2 -4 -6 5 3 1 -1 -3 -5 6 4 2 0 -2 -4 -6 5 3 1 -1 -3 -5 6 4 2 0 -2 -4 -6 5 3 1 -1 -3 -5 6 4 2 0 -2 -4 -6 5 3 1 -1 -3
1 -1 -3 -5 6 4 2 0 -2 -4 -6 5 3 1 -1 -3 -5 6 4 2 0 -2 -4 -6 5 3 1 -1 -3 -5 6 4 2 0 -2 -4 -6 5 3 1 -1 -3 -5 6 4 2 0 -2 -4 -6 5 3 1 -1 -3 -5 6 4 2 0 -2 -4 -6 5 3 1 -1 -3 -5 6 4 2 0 -2 -4 -6 5 3 1 -1 -3 -5 6 4 2 0 -2 -4 -6 5 3 1 -1 -3 -5 6 4 2 0 -2 -4 -6 5 3 1 -1 -3 -5 6 4 2 0 -2 -4 -6 5 3 1 -1 -3 -5 6 4 2 0 -2 -4 -6 5 3 1 -1 -3 -5 6 4 2 0 -2 -4 -6 5 3 1 -1 -3 -5 6 4 2 0 -2 -4 -6 5 3 1 -1 -3 -5 6 4 2 0 -2 -4 -6 5 3 1 -1 -3 -5 6 4 2 0 -2 -4 -6 5 3 1 -1 -3 -5 6 4 2 0 -2 -4 -6 5 3 1 -1 -3 -5 6 4 2 0 -2 -4 -6 5 3 1 -1 -3 -5 6 4 2 0 -2 -4 -6 5 3 1 -1 -3 -5 6 4 2 0 -2 -4 -6 5 3 1 -1 -3 -5 6 4 2 0 -2 -4 -6 5 3 1 -1 -3 -5 6 4 2 0 -2 -4 -6 5 3 1 -1 -3 -5 6 4 2 0 -2 -4 -6 5 3 1 -1 -3 -5 6 4 2 0 -2 -4 -6 5 3 1 -1 -3 -5 6 4 2 0 -2 -4 -6 5 3 1 -1 -3 -5 6 4 2 0 -2 -4 -6 5 3 1 -1 -3 -5 6 4 2 0 -2 -4 -6 5 3 1 -1 -3 -5 6 4 2 0 -2 -4 -6 5 3 1 -1 -3 -5 6 4 2 0 -2 -4 -6 5 3 1 -1 -3 -5 6 4 2 0 -2 -4 -6 5 3 1 -1 -3 -5 6 4 2 0 -2 -4 -6 5 3 1 -1 -3 -5 6 4 2 0 -2 -4 -6 5 3 1 -1 -3 -5 6 4 2 0 -2 -4 -6 5 3 1 -1 -3 -5 6 4 2 0 -2 -4 -6 5 3 1 -1 -3 -5 6 4 2 0 -2 -4 -6 5 3 1 -1 -3 -5 6 4 2 0 -2 -4 -6 5 3 1 -1 -3 -5 6 4 2 0 -2 -4 -6 5 3 1 -1 -3 -5 6 4 2 0 -2 -4 -6 5 3 1 -1 -3 -5 6 4 2 0 -2 -4 -6 5 3 1 -1 -3 -5 6 4 2 0 -2 -4 -6 5 3 1 -1 -3 -5 6 4
-5 6 4 2 0 -2 -4 -6 5 3 1 -1 -3 -5 6 4 2 0 -2 -4 -6 5 3 1 -1 -3 -5 6 4 2 0 -2 -4 -6 5 3 1 -1 -3 -5 6 4 2 0 -2 -4 -6 5 3 1 -1 -3 -5 6 4 2 0 -2 -4 -6 5 3 1 -1 -3 -5 6 4 2 0 -2 -4 -6 5 3 1 -1 -3 -5 6 4 2 0 -2 -4 -6 5 3 1 -1 -3 -5 6 4 2 0 -2 -4 -6 5 3 1 -1 -3 -5 6 4 2 0 -2 -4 -6 5 3 1 -1 -3 -5 6 4 2 0 -2 -4 -6 5 3 1 -1 -3 -5 6 4 2 0 -2 -4 -6 5 3 1 -1 -3 -5 6 4 2 0 -2 -4 -6 5 3 1 -1 -3 -5 6 4 2 0 -2 -4 -6 5 3 1 -1 -3 -5 6 4 2 0 -2 -4 -6 5 3 1 -1 -3 -5 6 4 2 0 -2 -4 -6 5 3 1 -1 -3 -5 6 4 2 0 -2 -4 -6 5 3 1 -1 -3 -5 6 4 2 0 -2 -4 -6 5 3 1 -1 -3 -5 6 4 2 0 -2 -4 -6 5 3 1 -1 -3 -5 6 4 2 0 -2 -4 -6 5 3 1 -1 -3 -5 6 4 2 0 -2 -4 -6 5 3 1 -1 -3 -5 6 4 2 0 -2 -4 -6 5 3 1 -1 -3 -5 6 4 2 0 -2 -4 -6 5 3 1 -1 -3 -5 6 4 2 0 -2 -4 -6 5 3 1 -1 -3 -5 6 4 2 0 -2 -4 -6 5 3 1 -1 -3 -5 6 4 2 0 -2 -4 -6 5 3 1 -1 -3 -5 6 4 2 0 -2 -4 -6 5 3 1 -1 -3 -5 6 4 2 0 -2 -4 -6 5 3 1 -1 -3 -5 6 4 2 0 -2 -4 -6 5 3 1 -1 -3 -5 6 4 2 0 -2 -4 -6 5 3 1 -1 -3 -5 6 4 2 0 -2 -4 -6 5 3 1 -1 -3 -5 6 4 2 0 -2 -4 -6 5 3 1 -1 -3 -5 6 4 2 0 -2 -4 -6 5 3 1 -1 -3 -5 6 4 2 0 -2 -4 -6 5 3 1 -1 -3 -5 6 4 2 0 -2 -4 -6 5 3 1 -1 -3 -5 6 4 2 0 -2 -4 -6 5 3 1 -1 -3 -5 6 4 2 0 -2 -4 -6 5 3 1 -1 -3 -5 6 4 2 0 -2 -4 -6 5 3 1 -1 -3 -5 6 4 2 0 -2 -4 -6 5 3 1 -1 -3 -5 6 4 2 0 -2
2 0 -2 -4 -6 5 3 1 -1 -3 -5 6 4 2 0 -2 -4 -6 5 3 1 -1 -3 -5 6 4 2 0 -2 -4 -6 5 3 1 -1 -3 -5 6 4 2 0 -2 -4 -6 5 3 1 -1 -3 -5 6 4 2 0 -2 -4 -6 5 3 1 -1 -3 -5 6 4 2 0 -2 -4 -6 5 3 1 -1 -3 -5 6 4 2 0 -2 -4 -6 5 3 1 -1 -3 -5 6 4 2 0 -2 -4 -6 5 3 1 -1 -3 -5 6 4 2 0 -2 -4 -6 5 3 1 -1 -3 -5 6 4 2 0 -2 -4 -6 5 3 1 -1 -3 -5 6 4 2 0 -2 -4 -6 5 3 1 -1 -3 -5 6 4 2 0 -2 -4 -6 5 3 1 -1 -3 -5 6 4 2 0 -2 -4 -6 5 3 1 -1 -3 -5 6 4 2 0 -2 -4 -6 5 3 1 -1 -3 -5 6 4 2 0 -2 -4 -6 5 3 1 -1 -3 -5 6 4 2 0 -2 -4 -6 5 3 1 -1 -3 -5 6 4 2 0 -2 -4 -6 5 3 1 -1 -3 -5 6 4 2 0 -2 -4 -6 5 3 1 -1 -3 -5 6 4 2 0 -2 -4 -6 5 3 1 -1 -3 -5 6 4 2 0 -2 -4 -6 5 3 1 -1 -3 -5 6 4 2 0 -2 -4 -6 5 3 1 -1 -3 -5 6 4 2 0 -2 -4 -6 5 3 1 -1 -3 -5 6 4 2 0 -2 -4 -6 5 3 1 -1 -3 -5 6 4 2 0 -2 -4 -6 5 3 1 -1 -3 -5 6 4 2 0 -2 -4 -6 5 3 1 -1 -3 -5 6 4 2 0 -2 -4 -6 5 3 1 -1 -3 -5 6 4 2 0 -2 -4 -6 5 3 1 -1 -3 -5 6 4 2 0 -2 -4 -6 5 3 1 -1 -3 -5 6 4 2 0 -2 -4 -6 5 3 1 -1 -3 -5 6 4 2 0 -2 -4 -6 5 3 1 -1 -3 -5 6 4 2 0 -2 -4 -6 5 3 1 -1 -3 -5 6 4 2 0 -2 -4 -6 5 3 1 -1 -3 -5 6 4 2 0 -2 -4 -6 5 3 1 -1 -3 -5 6 4 2 0 -2 -4 -6 5 3 1 -1 -3 -5 6 4 2 0 -2 -4 -6 5 3 1 -1 -3 -5 6 4 2 0 -2 -4 -6 5 3 1 -1 -3 -5 6 4 2 0 -2 -4 -6 5 3 1 -1 -3 -5 6 4 2 0 -2 -4 -6 5 3 1 -1 -3 -5 6 4 2 0 -2 -4 -6 5
-4 -6 5 3 1 -1 -3 -5 6 4 2 0 -2 -4 -6 5 3 1 -1 -3 -5 6 4 2 0 -2 -4 -6 5 3 1 -1 -3 -5 6 4 2 0 -2 -4 -6 5 3 1 -1 -3 -5 6 4 2 0 -2 -4 -6 5 3 1 -1 -3 -5 6 4 2 0 -2 -4 -6 5 3 1 -1 -3 -5 6 4 2 0 -2 -4 -6 5 3 1 -1 -3 -5 6 4 2 0 -2 -4 -6 5 3 1 -1 -3 -5 6 4 2 0 -2 -4 -6 5 3 1 -1 -3 -5 6 4 2 0 -2 -4 -6 5 3 1 -1 -3 -5 6 4 2 0 -2 -4 -6 5 3 1 -1 -3 -5 6 4 2 0 -2 -4 -6 5 3 1 -1 -3 -5 6 4 2 0 -2 -4 -6 5 3 1 -1 -3 -5 6 4 2 0 -2 -4 -6 5 3 1 -1 -3 -5 6 4 2 0 -2 -4 -6 5 3 1 -1 -3 -5 6 4 2 0 -2 -4 -6 5 3 1 -1 -3 -5 6 4 2 0 -2 -4 -6 5 3 1 -1 -3 -5 6 4 2 0 -2 -4 -6 5 3 1 -1 -3 -5 6 4 2 0 -2 -4 -6 5 3 1 -1 -3 -5 6 4 2 0 -2 -4 -6 5 3 1 -1 -3 -5 6 4 2 0 -2 -4 -6 5 3 1 -1 -3 -5 6 4 2 0 -2 -4 -6 5 3 1 -1 -3 -5 6 4 2 0 -2 -4 -6 5 3 1 -1 -3 -5 6 4 2 0 -2 -4 -6 5 3 1 -1 -3 -5 6 4 2 0 -2 -4 -6 5 3 1 -1 -3 -5 6 4 2 0 -2 -4 -6 5 3 1 -1 -3 -5 6 4 2 0 -2 -4 -6 5 3 1 -1 -3 -5 6 4 2 0 -2 -4 -6 5 3 1 -1 -3 -5 6 4 2 0 -2 -4 -6 5 3 1 -1 -3 -5 6 4 2 0 -2 -4 -6 5 3 1 -1 -3 -5 6 4 2 0 -2 -4 -6 5 3 1 -1 -3 -5 6 4 2 0 -2 -4 -6 5 3 1 -1 -3 -5 6 4 2 0 -2 -4 -6 5 3 1 -1 -3 -5 6 4 2 0 -2 -4 -6 5 3 1 -1 -3 -5 6 4 2 0 -2 -4 -6 5 3 1 -1 -3 -5 6 4 2 0 -2 -4 -6 5 3 1 -1 -3 -5 6 4 2 0 -2 -4 -6 5 3 1 -1 -3 -5 6 4 2 0 -2 -4 -6 5 3 1 -1 -3 -5 6 4 2 0 -2 -4 -6 5 3 1 -1
3 1 -1 -3 -5 6 4 2 0 -2 -4 -6 5 3 1 -1 -3 -5 6 4 2 0 -2 -4 -6 5 3 1 -1 -3 -5 6 4 2 0 -2 -4 -6 5 3 1 -1 -3 -5 6 4 2 0 -2 -4 -6 5 3 1 -1 -3 -5 6 4 2 0 -2 -4 -6 5 3 1 -1 -3 -5 6 4 2 0 -2 -4 -6 5 3 1 -1 -3 -5 6 4 2 0 -2 -4 -6 5 3 1 -1 -3 -5 6 4 2 0 -2 -4 -6 5 3 1 -1 -3 -5 6 4 2 0 -2 -4 -6 5 3 1 -1 -3 -5 6 4 2 0 -2 -4 -6 5 3 1 -1 -3 -5 6 4 2 0 -2 -4 -6 5 3 1 -1 -3 -5 6 4 2 0 -2 -4 -6 5 3 1 -1 -3 -5 6 4 2 0 -2 -4 -6 5 3 1 -1 -3 -5 6 4 2 0 -2 -4 -6 5 3 1 -1 -3 -5 6 4 2 0 -2 -4 -6 5 3 1 -1 -3 -5 6 4 2 0 -2 -4 -6 5 3 1 -1 -3 -5 6 4 2 0 -2 -4 -6 5 3 1 -1 -3 -5 6 4 2 0 -2 -4 -6 5 3 1 -1 -3 -5 6 4 2 0 -2 -4 -6 5 3 1 -1 -3 -5 6 4 2 0 -2 -4 -6 5 3 1 -1 -3 -5 6 4 2 0 -2 -4 -6 5 3 1 -1 -3 -5 6 4 2 0 -2 -4 -6 5 3 1 -1 -3 -5 6 4 2 0 -2 -4 -6 5 3 1 -1 -3 -5 6 4 2 0 -2 -4 -6 5 3 1 -1 -3 -5 6 4 2 0 -2 -4 -6 5 3 1 -1 -3 -5 6 4 2 0 -2 -4 -6 5 3 1 -1 -3 -5 6 4 2 0 -2 -4 -6 5 3 1 -1 -3 -5 6 4 2 0 -2 -4 -6 5 3 1 -1 -3 -5 6 4 2 0 -2 -4 -6 5 3 1 -1 -3 -5 6 4 2 0 -2 -4 -6 5 3 1 -1 -3 -5 6 4 2 0 -2 -4 -6 5 3 1 -1 -3 -5 6 4 2 0 -2 -4 -6 5 3 1 -1 -3 -5 6 4 2 0 -2 -4 -6 5 3 1 -1 -3 -5 6 4 2 0 -2 -4 -6 5 3 1 -1 -3 -5 6 4 2 0 -2 -4 -6 5 3 1 -1 -3 -5 6 4 2 0 -2 -4 -6 5 3 1 -1 -3 -5 6 4 2 0 -2 -4 -6 5 3 1 -1 -3 -5 6 4 2 0 -2 -4 -6 5 3 1 -1 -3 -5 6
-3 -5 6 4 2 0 -2 -4 -6 5 3 1 -1 -3 -5 6 4 2 0 -2 -4 -6 5 3 1 -1 -3 -5 6 4 2 0 -2 -4 -6 5 3 1 -1 -3 -5 6 4 2 0 -2 -4 -6 5 3 1 -1 -3 -5 6 4 2 0 -2 -4 -6 5 3 1 -1 -3 -5 6 4 2 0 -2 -4 -6 5 3 1 -1 -3 -5 6 4 2 0 -2 -4 -6 5 3 1 -1 -3 -5 6 4 2 0 -2 -4 -6 5 3 1 -1 -3 -5 6 4 2 0 -2 -4 -6 5 3 1 -1 -3 -5 6 4 2 0 -2 -4 -6 5 3 1 -1 -3 -5 6 4 2 0 -2 -4 -6 5 3 1 -1 -3 -5 6 4 2 0 -2 -4 -6 5 3 1 -1 -3 -5 6 4 2 0 -2 -4 -6 5 3 1 -1 -3 -5 6 4 2 0 -2 -4 -6 5 3 1 -1 -3 -5 6 4 2 0 -2 -4 -6 5 3 1 -1 -3 -5 6 4 2 0 -2 -4 -6 5 3 1 -1 -3 -5 6 4 2 0 -2 -4 -6 5 3 1 -1 -3 -5 6 4 2 0 -2 -4 -6 5 3 1 -1 -3 -5 6 4 2 0 -2 -4 -6 5 3 1 -1 -3 -5 6 4 2 0 -2 -4 -6 5 3 1 -1 -3 -5 6 4 2 0 -2 -4 -6 5 3 1 -1 -3 -5 6 4 2 0 -2 -4 -6 5 3 1 -1 -3 -5 6 4 2 0 -2 -4 -6 5 3 1 -1 -3 -5 6 4 2 0 -2 -4 -6 5 3 1 -1 -3 -5 6 4 2 0 -2 -4 -6 5 3 1 -1 -3 -5 6 4 2 0 -2 -4 -6 5 3 1 -1 -3 -5 6 4 2 0 -2 -4 -6 5 3 1 -1 -3 -5 6 4 2 0 -2 -4 -6 5 3 1 -1 -3 -5 6 4 2 0 -2 -4 -6 5 3 1 -1 -3 -5 6 4 2 0 -2 -4 -6 5 3 1 -1 -3 -5 6 4 2 0 -2 -4 -6 5 3 1 -1 -3 -5 6 4 2 0 -2 -4 -6 5 3 1 -1 -3 -5 6 4 2 0 -2 -4 -6 5 3 1 -1 -3 -5 6 4 2 0 -2 -4 -6 5 3 1 -1 -3 -5 6 4 2 0 -2 -4 -6 5 3 1 -1 -3 -5 6 4 2 0 -2 -4 -6 5 3 1 -1 -3 -5 6 4 2 0 -2 -4 -6 5 3 1 -1 -3 -5 6 4 2 0 -2 -4 -6 5 3 1 -1 -3 -5 6 4 2 0
4 2 0 -2 -4 -6 5 3 1 -1 -3 -5 6 4 2 0 -2 -4 -6 5 3 1 -1 -3 -5 6 4 2 0 -2 -4 -6 5 3 1 -1 -3 -5 6 4 2 0 -2 -4 -6 5 3 1 -1 -3 -5 6 4 2 0 -2 -4 -6 5 3 1 -1 -3 -5 6 4 2 0 -2 -4 -6 5 3 1 -1 -3 -5 6 4 2 0 -2 -4 -6 5 3 1 -1 -3 -5 6 4 2 0 -2 -4 -6 5 3 1 -1 -3 -5 6 4 2 0 -2 -4 -6 5 3 1 -1 -3 -5 6 4 2 0 -2 -4 -6 5 3 1 -1 -3 -5 6 4 2 0 -2 -4 -6 5 3 1 -1 -3 -5 6 4 2 0 -2 -4 -6 5 3 1 -1 -3 -5 6 4 2 0 -2 -4 -6 5 3 1 -1 -3 -5 6 4 2 0 -2 -4 -6 5 3 1 -1 -3 -5 6 4 2 0 -2 -4 -6 5 3 1 -1 -3 -5 6 4 2 0 -2 -4 -6 5 3 1 -1 -3 -5 6 4 2 0 -2 -4 -6 5 3 1 -1 -3 -5 6 4 2 0 -2 -4 -6 5 3 1 -1 -3 -5 6 4 2 0 -2 -4 -6 5 3 1 -1 -3 -5 6 4 2 0 -2 -4 -6 5 3 1 -1 -3 -5 6 4 2 0 -2 -4 -6 5 3 1 -1 -3 -5 6 4 2 0 -2 -4 -6 5 3 1 -1 -3 -5 6 4 2 0 -2 -4 -6 5 3 1 -1 -3 -5 6 4 2 0 -2 -4 -6 5 3 1 -1 -3 -5 6 4 2 0 -2 -4 -6 5 3 1 -1 -3 -5 6 4 2 0 -2 -4 -6 5 3 1 -1 -3 -5 6 4 2 0 -2 -4 -6 5 3 1 -1 -3 -5 6 4 2 0 -2 -4 -6 5 3 1 -1 -3 -5 6 4 2 0 -2 -4 -6 5 3 1 -1 -3 -5 6 4 2 0 -2 -4 -6 5 3 1 -1 -3 -5 6 4 2 0 -2 -4 -6 5 3 1 -1 -3 -5 6 4 2 0 -2 -4 -6 5 3 1 -1 -3 -5 6 4 2 0 -2 -4 -6 5 3 1 -1 -3 -5 6 4 2 0 -2 -4 -6 5 3 1 -1 -3 -5 6 4 2 0 -2 -4 -6 5 3 1 -1 -3 -5 6 4 2 0 -2 -4 -6 5 3 1 -1 -3 -5 6 4 2 0 -2 -4 -6 5 3 1 -1 -3 -5 6 4 2 0 -2 -4 -6 5 3 1 -1 -3 -5 6 4 2 0 -2 -4 -6
-2 -4 -6 5 3 1 -1 -3 -5 6 4 2 0 -2 -4 -6 5 3 1 -1 -3 -5 6 4 2 0 -2 -4 -6 5 3 1 -1 -3 -5 6 4 2 0 -2 -4 -6 5 3 1 -1 -3 -5 6 4 2 0 -2 -4 -6 5 3 1 -1 -3 -5 6 4 2 0 -2 -4 -6 5 3 1 -1 -3 -5 6 4 2 0 -2 -4 -6 5 3 1 -1 -3 -5 6 4 2 0 -2 -4 -6 5 3 1 -1 -3 -5 6 4 2 0 -2 -4 -6 5 3 1 -1 -3 -5 6 4 2 0 -2 -4 -6 5 3 1 -1 -3 -5 6 4 2 0 -2 -4 -6 5 3 1 -1 -3 -5 6 4 2 0 -2 -4 -6 5 3 1 -1 -3 -5 6 4 2 0 -2 -4 -6 5 3 1 -1 -3 -5 6 4 2 0 -2 -4 -6 5 3 1 -1 -3 -5 6 4 2 0 -2 -4 -6 5 3 1 -1 -3 -5 6 4 2 0 -2 -4 -6 5 3 1 -1 -3 -5 6 4 2 0 -2 -4 -6 5 3 1 -1 -3 -5 6 4 2 0 -2 -4 -6 5 3 1 -1 -3 -5 6 4 2 0 -2 -4 -6 5 3 1 -1 -3 -5 6 4 2 0 -2 -4 -6 5 3 1 -1 -3 -5 6 4 2 0 -2 -4 -6 5 3 1 -1 -3 -5 6 4 2 0 -2 -4 -6 5 3 1 -1 -3 -5 6 4 2 0 -2 -4 -6 5 3 1 -1 -3 -5 6 4 2 0 -2 -4 -6 5 3 1 -1 -3 -5 6 4 2 0 -2 -4 -6 5 3 1 -1 -3 -5 6 4 2 0 -2 -4 -6 5 3 1 -1 -3 -5 6 4 2 0 -2 -4 -6 5 3 1 -1 -3 -5 6 4 2 0 -2 -4 -6 5 3 1 -1 -3 -5 6 4 2 0 -2 -4 -6 5 3 1 -1 -3 -5 6 4 2 0 -2 -4 -6 5 3 1 -1 -3 -5 6 4 2 0 -2 -4 -6 5 3 1 -1 -3 -5 6 4 2 0 -2 -4 -6 5 3 1 -1 -3 -5 6 4 2 0 -2 -4 -6 5 3 1 -1 -3 -5 6 4 2 0 -2 -4 -6 5 3 1 -1 -3 -5 6 4 2 0 -2 -4 -6 5 3 1 -1 -3 -5 6 4 2 0 -2 -4 -6 5 3 1 -1 -3 -5 6 4 2 0 -2 -4 -6 5 3 1 -1 -3 -5 6 4 2 0 -2 -4 -6 5 3 1 -1 -3 -5 6 4 2 0 -2 -4 -6 5 3 1
5 3 1 -1 -3 -5 6 4 2 0 -2 -4 -6 5 3 1 -1 -3 -5 6 4 2 0 -2 -4 -6 5 3 1 -1 -3 -5 6 4 2 0 -2 -4 -6 5 3 1 -1 -3 -5 6 4 2 0 -2 -4 -6 5 3 1 -1 -3 -5 6 4 2 0 -2 -4 -6 5 3 1 -1 -3 -5 6 4 2 0 -2 -4 -6 5 3 1 -1 -3 -5 6 4 2 0 -2 -4 -6 5 3 1 -1 -3 -5 6 4 2 0 -2 -4 -6 5 3 1 -1 -3 -5 6 4 2 0 -2 -4 -6 5 3 1 -1 -3 -5 6 4 2 0 -2 -4 -6 5 3 1 -1 -3 -5 6 4 2 0 -2 -4 -6 5 3 1 -1 -3 -5 6 4 2 0 -2 -4 -6 5 3 1 -1 -3 -5 6 4 2 0 -2 -4 -6 5 3 1 -1 -3 -5 6 4 2 0 -2 -4 -6 5 3 1 -1 -3 -5 6 4 2 0 -2 -4 -6 5 3 1 -1 -3 -5 6 4 2 0 -2 -4 -6 5 3 1 -1 -3 -5 6 4 2 0 -2 -4 -6 5 3 1 -1 -3 -5 6 4 2 0 -2 -4 -6 5 3 1 -1 -3 -5 6 4 2 0 -2 -4 -6 5 3 1 -1 -3 -5 6 4 2 0 -2 -4 -6 5 3 1 -1 -3 -5 6 4 2 0 -2 -4 -6 5 3 1 -1 -3 -5 6 4 2 0 -2 -4 -6 5 3 1 -1 -3 -5 6 4 2 0 -2 -4 -6 5 3 1 -1 -3 -5 6 4 2 0 -2 -4 -6 5 3 1 -1 -3 -5 6 4 2 0 -2 -4 -6 5 3 1 -1 -3 -5 6 4 2 0 -2 -4 -6 5 3 1 -1 -3 -5 6 4 2 0 -2 -4 -6 5 3 1 -1 -3 -5 6 4 2 0 -2 -4 -6 5 3 1 -1 -3 -5 6 4 2 0 -2 -4 -6 5 3 1 -1 -3 -5 6 4 2 0 -2 -4 -6 5 3 1 -1 -3 -5 6 4 2 0 -2 -4 -6 5 3 1 -1 -3 -5 6 4 2 0 -2 -4 -6 5 3 1 -1 -3 -5 6 4 2 0 -2 -4 -6 5 3 1 -1 -3 -5 6 4 2 0 -2 -4 -6 5 3 1 -1 -3 -5 6 4 2 0 -2 -4 -6 5 3 1 -1 -3 -5 6 4 2 0 -2 -4 -6 5 3 1 -1 -3 -5 6 4 2 0 -2 -4 -6 5 3 1 -1 -3 -5 6 4 2 0 -2 -4 -6 5 3 1 -1 -3 -5
-1 -3 -5 6 4 2 0 -2 -4 -6 5 3 1 -1 -3 -5 6 4 2 0 -2 -4 -6 5 3 1 -1 -3 -5 6 4 2 0 -2 -4 -6 5 3 1 -1 -3 -5 6 4 2 0 -2 -4 -6 5 3 1 -1 -3 -5 6 4 2 0 -2 -4 -6 5 3 1 -1 -3 -5 6 4 2 0 -2 -4 -6 5 3 1 -1 -3 -5 6 4 2 0 -2 -4 -6 5 3 1 -1 -3 -5 6 4 2 0 -2 -4 -6 5 3 1 -1 -3 -5 6 4 2 0 -2 -4 -6 5 3 1 -1 -3 -5 6 4 2 0 -2 -4 -6 5 3 1 -1 -3 -5 6 4 2 0 -2 -4 -6 5 3 1 -1 -3 -5 6 4 2 0 -2 -4 -6 5 3 1 -1 -3 -5 6 4 2 0 -2 -4 -6 5 3 1 -1 -3 -5 6 4 2 0 -2 -4 -6 5 3 1 -1 -3 -5 6 4 2 0 -2 -4 -6 5 3 1 -1 -3 -5 6 4 2 0 -2 -4 -6 5 3 1 -1 -3 -5 6 4 2 0 -2 -4 -6 5 3 1 -1 -3 -5 6 4 2 0 -2 -4 -6 5 3 1 -1 -3 -5 6 4 2 0 -2 -4 -6 5 3 1 -1 -3 -5 6 4 2 0 -2 -4 -6 5 3 1 -1 -3 -5 6 4 2 0 -2 -4 -6 5 3 1 -1 -3 -5 6 4 2 0 -2 -4 -6 5 3 1 -1 -3 -5 6 4 2 0 -2 -4 -6 5 3 1 -1 -3 -5 6 4 2 0 -2 -4 -6 5 3 1 -1 -3 -5 6 4 2 0 -2 -4 -6 5 3 1 -1 -3 -5 6 4 2 0 -2 -4 -6 5 3 1 -1 -3 -5 6 4 2 0 -2 -4 -6 5 3 1 -1 -3 -5 6 4 2 0 -2 -4 -6 5 3 1 -1 -3 -5 6 4 2 0 -2 -4 -6 5 3 1 -1 -3 -5 6 4 2 0 -2 -4 -6 5 3 1 -1 -3 -5 6 4 2 0 -2 -4 -6 5 3 1 -1 -3 -5 6 4 2 0 -2 -4 -6 5 3 1 -1 -3 -5 6 4 2 0 -2 -4 -6 5 3 1 -1 -3 -5 6 4 2 0 -2 -4 -6 5 3 1 -1 -3 -5 6 4 2 0 -2 -4 -6 5 3 1 -1 -3 -5 6 4 2 0 -2 -4 -6 5 3 1 -1 -3 -5 6 4 2 0 -2 -4 -6 5 3 1 -1 -3 -5 6 4 2 0 -2 -4 -6 5 3 1 -1 -3 -5 6 4 2
6 4 2 0 -2 -4 -6 5 3 1 -1 -3 -5 6 4 2 0 -2 -4 -6 5 3 1 -1 -3 -5 6 4 2 0 -2 -4 -6 5 3 1 -1 -3 -5 6 4 2 0 -2 -4 -6 5 3 1 -1 -3 -5 6 4 2 0 -2 -4 -6 5 3 1 -1 -3 -5 6 4 2 0 -2 -4 -6 5 3 1 -1 -3 -5 6 4 2 0 -2 -4 -6 5 3 1 -1 -3 -5 6 4 2 0 -2 -4 -6 5 3 1 -1 -3 -5 6 4 2 0 -2 -4 -6 5 3 1 -1 -3 -5 6 4 2 0 -2 -4 -6 5 3 1 -1 -3 -5 6 4 2 0 -2 -4 -6 5 3 1 -1 -3 -5 6 4 2 0 -2 -4 -6 5 3 1 -1 -3 -5 6 4 2 0 -2 -4 -6 5 3 1 -1 -3 -5 6 4 2 0 -2 -4 -6 5 3 1 -1 -3 -5 6 4 2 0 -2 -4 -6 5 3 1 -1 -3 -5 6 4 2 0 -2 -4 -6 5 3 1 -1 -3 -5 6 4 2 0 -2 -4 -6 5 3 1 -1 -3 -5 6 4 2 0 -2 -4 -6 5 3 1 -1 -3 -5 6 4 2 0 -2 -4 -6 5 3 1 -1 -3 -5 6 4 2 0 -2 -4 -6 5 3 1 -1 -3 -5 6 4 2 0 -2 -4 -6 5 3 1 -1 -3 -5 6 4 2 0 -2 -4 -6 5 3 1 -1 -3 -5 6 4 2 0 -2 -4 -6 5 3 1 -1 -3 -5 6 4 2 0 -2 -4 -6 5 3 1 -1 -3 -5 6 4 2 0 -2 -4 -6 5 3 1 -1 -3 -5 6 4 2 0 -2 -4 -6 5 3 1 -1 -3 -5 6 4 2 0 -2 -4 -6 5 3 1 -1 -3 -5 6 4 2 0 -2 -4 -6 5 3 1 -1 -3 -5 6 4 2 0 -2 -4 -6 5 3 1 -1 -3 -5 6 4 2 0 -2 -4 -6 5 3 1 -1 -3 -5 6 4 2 0 -2 -4 -6 5 3 1 -1 -3 -5 6 4 2 0 -2 -4 -6 5 3 1 -1 -3 -5 6 4 2 0 -2 -4 -6 5 3 1 -1 -3 -5 6 4 2 0 -2 -4 -6 5 3 1 -1 -3 -5 6 4 2 0 -2 -4 -6 5 3 1 -1 -3 -5 6 4 2 0 -2 -4 -6 5 3 1 -1 -3 -5 6 4 2 0 -2 -4 -6 5 3 1 -1 -3 -5 6 4 2 0 -2 -4 -6 5 3 1 -1 -3 -5 6 4 2 0 -2 -4
0 -2 -4 -6 5 3 1 -1 -3 -5 6 4 2 0 -2 -4 -6 5 3 1 -1 -3 -5 6 4 2 0 -2 -4 -6 5 3 1 -1 -3 -5 6 4 2 0 -2 -4 -6 5 3 1 -1 -3 -5 6 4 2 0 -2 -4 -6 5 3 1 -1 -3 -5 6 4 2 0 -2 -4 -6 5 3 1 -1 -3 -5 6 4 2 0 -2 -4 -6 5 3 1 -1 -3 -5 6 4 2 0 -2 -4 -6 5 3 1 -1 -3 -5 6 4 2 0 -2 -4 -6 5 3 1 -1 -3 -5 6 4 2 0 -2 -4 -6 5 3 1 -1 -3 -5 6 4 2 0 -2 -4 -6 5 3 1 -1 -3 -5 6 4 2 0 -2 -4 -6 5 3 1 -1 -3 -5 6 4 2 0 -2 -4 -6 5 3 1 -1 -3 -5 6 4 2 0 -2 -4 -6 5 3 1 -1 -3 -5 6 4 2 0 -2 -4 -6 5 3 1 -1 -3 -5 6 4 2 0 -2 -4 -6 5 3 1 -1 -3 -5 6 4 2 0 -2 -4 -6 5 3 1 -1 -3 -5 6 4 2 0 -2 -4 -6 5 3 1 -1 -3 -5 6 4 2 0 -2 -4 -6 5 3 1 -1 -3 -5 6 4 2 0 -2 -4 -6 5 3 1 -1 -3 -5 6 4 2 0 -2 -4 -6 5 3 1 -1 -3 -5 6 4 2 0 -2 -4 -6 5 3 1 -1 -3 -5 6 4 2 0 -2 -4 -6 5 3 1 -1 -3 -5 6 4 2 0 -2 -4 -6 5 3 1 -1 -3 -5 6 4 2 0 -2 -4 -6 5 3 1 -1 -3 -5 6 4 2 0 -2 -4 -6 5 3 1 -1 -3 -5 6 4 2 0 -2 -4 -6 5 3 1 -1 -3 -5 6 4 2 0 -2 -4 -6 5 3 1 -1 -3 -5 6 4 2 0 -2 -4 -6 5 3 1 -1 -3 -5 6 4 2 0 -2 -4 -6 5 3 1 -1 -3 -5 6 4 2 0 -2 -4 -6 5 3 1 -1 -3 -5 6 4 2 0 -2 -4 -6 5 3 1 -1 -3 -5 6 4 2 0 -2 -4 -6 5 3 1 -1 -3 -5 6 4 2 0 -2 -4 -6 5 3 1 -1 -3 -5 6 4 2 0 -2 -4 -6 5 3 1 -1 -3 -5 6 4 2 0 -2 -4 -6 5 3 1 -1 -3 -5 6 4 2 0 -2 -4 -6 5 3 1 -1 -3 -5 6 4 2 0 -2 -4 -6 5 3 1 -1 -3 -5 6 4 2 0 -2 -4 -6 5 3
-6 5 3 1 -1 -3 -5 6 4 2 0 -2 -4 -6 5 3 1 -1 -3 -5 6 4 2 0 -2 -4 -6 5 3 1 -1 -3 -5 6 4 2 0 -2 -4 -6 5 3 1 -1 -3 -5 6 4 2 0 -2 -4 -6 5 3 1 -1 -3 -5 6 4 2 0 -2 -4 -6 5 3 1 -1 -3 -5 6 4 2 0 -2 -4 -6 5 3 1 -1 -3 -5 6 4 2 0 -2 -4 -6 5 3 1 -1 -3 -5 6 4 2 0 -2 -4 -6 5 3 1 -1 -3 -5 6 4 2 0 -2 -4 -6 5 3 1 -1 -3 -5 6 4 2 0 -2 -4 -6 5 3 1 -1 -3 -5 6 4 2 0 -2 -4 -6 5 3 1 -1 -3 -5 6 4 2 0 -2 -4 -6 5 3 1 -1 -3 -5 6 4 2 0 -2 -4 -6 5 3 1 -1 -3 -5 6 4 2 0 -2 -4 -6 5 3 1 -1 -3 -5 6 4 2 0 -2 -4 -6 5 3 1 -1 -3 -5 6 4 2 0 -2 -4 -6 5 3 1 -1 -3 -5 6 4 2 0 -2 -4 -6 5 3 1 -1 -3 -5 6 4 2 0 -2 -4 -6 5 3 1 -1 -3 -5 6 4 2 0 -2 -4 -6 5 3 1 -1 -3 -5 6 4 2 0 -2 -4 -6 5 3 1 -1 -3 -5 6 4 2 0 -2 -4 -6 5 3 1 -1 -3 -5 6 4 2 0 -2 -4 -6 5 3 1 -1 -3 -5 6 4 2 0 -2 -4 -6 5 3 1 -1 -3 -5 6 4 2 0 -2 -4 -6 5 3 1 -1 -3 -5 6 4 2 0 -2 -4 -6 5 3 1 -1 -3 -5 6 4 2 0 -2 -4 -6 5 3 1 -1 -3 -5 6 4 2 0 -2 -4 -6 5 3 1 -1 -3 -5 6 4 2 0 -2 -4 -6 5 3 1 -1 -3 -5 6 4 2 0 -2 -4 -6 5 3 1 -1 -3 -5 6 4 2 0 -2 -4 -6 5 3 1 -1 -3 -5 6 4 2 0 -2 -4 -6 5 3 1 -1 -3 -5 6 4 2 0 -2 -4 -6 5 3 1 -1 -3 -5 6 4 2 0 -2 -4 -6 5 3 1 -1 -3 -5 6 4 2 0 -2 -4 -6 5 3 1 -1 -3 -5 6 4 2 0 -2 -4 -6 5 3 1 -1 -3 -5 6 4 2 0 -2 -4 -6 5 3 1 -1 -3 -5 6 4 2 0 -2 -4 -6 5 3 1 -1 -3 -5 6 4 2 0 -2 -4 -6 5 3 1 -1 -3
1 -1 -3 -5 6 4 2 0 -2 -4 -6 5 3 1 -1 -3 -5 6 4 2 0 -2 -4 -6 5 3 1 -1 -3 -5 6 4 2 0 -2 -4 -6 5 3 1 -1 -3 -5 6 4 2 0 -2 -4 -6 5 3 1 -1 -3 -5 6 4 2 0 -2 -4 -6 5 3 1 -1 -3 -5 6 4 2 0 -2 -4 -6 5 3 1 -1 -3 -5 6 4 2 0 -2 -4 -6 5 3 1 -1 -3 -5 6 4 2 0 -2 -4 -6 5 3 1 -1 -3 -5 6 4 2 0 -2 -4 -6 5 3 1 -1 -3 -5 6 4 2 0 -2 -4 -6 5 3 1 -1 -3 -5 6 4 2 0 -2 -4 -6 5 3 1 -1 -3 -5 6 4 2 0 -2 -4 -6 5 3 1 -1 -3 -5 6 4 2 0 -2 -4 -6 5 3 1 -1 -3 -5 6 4 2 0 -2 -4 -6 5 3 1 -1 -3 -5 6 4 2 0 -2 -4 -6 5 3 1 -1 -3 -5 6 4 2 0 -2 -4 -6 5 3 1 -1 -3 -5 6 4 2 0 -2 -4 -6 5 3 1 -1 -3 -5 6 4 2 0 -2 -4 -6 5 3 1 -1 -3 -5 6 4 2 0 -2 -4 -6 5 3 1 -1 -3 -5 6 4 2 0 -2 -4 -6 5 3 1 -1 -3 -5 6 4 2 0 -2 -4 -6 5 3 1 -1 -3 -5 6 4 2 0 -2 -4 -6 5 3 1 -1 -3 -5 6 4 2 0 -2 -4 -6 5 3 1 -1 -3 -5 6 4 2 0 -2 -4 -6 5 3 1 -1 -3 -5 6 4 2 0 -2 -4 -6 5 3 1 -1 -3 -5 6 4 2 0 -2 -4 -6 5 3 1 -1 -3 -5 6 4 2 0 -2 -4 -6 5 3 1 -1 -3 -5 6 4 2 0 -2 -4 -6 5 3 1 -1 -3 -5 6 4 2 0 -2 -4 -6 5 3 1 -1 -3 -5 6 4 2 0 -2 -4 -6 5 3 1 -1 -3 -5 6 4 2 0 -2 -4 -6 5 3 1 -1 -3 -5 6 4 2 0 -2 -4 -6 5 3 1 -1 -3 -5 6 4 2 0 -2 -4 -6 5 3 1 -1 -3 -5 6 4 2 0 -2 -4 -6 5 3 1 -1 -3 -5 6 4 2 0 -2 -4 -6 5 3 1 -1 -3 -5 6 4 2 0 -2 -4 -6 5 3 1 -1 -3 -5 6 4 2 0 -2 -4 -6 5 3 1 -1 -3 -5 6 4 2 0 -2 -4 -6 5 3 1 -1 -3 -5 6 4
-5 6 4 2 0 -2 -4 -6 5 3 1 -1 -3 -5 6 4 2 0 -2 -4 -6 5 3 1 -1 -3 -5 6 4 2 0 -2 -4 -6 5 3 1 -1 -3 -5 6 4 2 0 -2 -4 -6 5 3 1 -1 -3 -5 6 4 2 0 -2 -4 -6 5 3 1 -1 -3 -5 6 4 2 0 -2 -4 -6 5 3 1 -1 -3 -5 6 4 2 0 -2 -4 -6 5 3 1 -1 -3 -5 6 4 2 0 -2 -4 -6 5 3 1 -1 -3 -5 6 4 2 0 -2 -4 -6 5 3 1 -1 -3 -5 6 4 2 0 -2 -4 -6 5 3 1 -1 -3 -5 6 4 2 0 -2 -4 -6 5 3 1 -1 -3 -5 6 4 2 0 -2 -4 -6 5 3 1 -1 -3 -5 6 4 2 0 -2 -4 -6 5 3 1 -1 -3 -5 6 4 2 0 -2 -4 -6 5 3 1 -1 -3 -5 6 4 2 0 -2 -4 -6 5 3 1 -1 -3 -5 6 4 2 0 -2 -4 -6 5 3 1 -1 -3 -5 6 4 2 0 -2 -4 -6 5 3 1 -1 -3 -5 6 4 2 0 -2 -4 -6 5 3 1 -1 -3 -5 6 4 2 0 -2 -4 -6 5 3 1 -1 -3 -5 6 4 2 0 -2 -4 -6 5 3 1 -1 -3 -5 6 4 2 0 -2 -4 -6 5 3 1 -1 -3 -5 6 4 2 0 -2 -4 -6 5 3 1 -1 -3 -5 6 4 2 0 -2 -4 -6 5 3 1 -1 -3 -5 6 4 2 0 -2 -4 -6 5 3 1 -1 -3 -5 6 4 2 0 -2 -4 -6 5 3 1 -1 -3 -5 6 4 2 0 -2 -4 -6 5 3 1 -1 -3 -5 6 4 2 0 -2 -4 -6 5 3 1 -1 -3 -5 6 4 2 0 -2 -4 -6 5 3 1 -1 -3 -5 6 4 2 0 -2 -4 -6 5 3 1 -1 -3 -5 6 4 2 0 -2 -4 -6 5 3 1 -1 -3 -5 6 4 2 0 -2 -4 -6 5 3 1 -1 -3 -5 6 4 2 0 -2 -4 -6 5 3 1 -1 -3 -5 6 4 2 0 -2 -4 -6 5 3 1 -1 -3 -5 6 4 2 0 -2 -4 -6 5 3 1 -1 -3 -5 6 4 2 0 -2 -4 -6 5 3 1 -1 -3 -5 6 4 2 0 -2 -4 -6 5 3 1 -1 -3 -5 6 4 2 0 -2 -4 -6 5 3 1 -1 -3 -5 6 4 2 0 -2 -4 -6 5 3 1 -1 -3 -5 6 4 2 0 -2
2 0 -2 -4 -6 5 3 1 -1 -3 -5 6 4 2 0 -2 -4 -6 5 3 1 -1 -3 -5 6 4 2 0 -2 -4 -6 5 3 1 -1 -3 -5 6 4 2 0 -2 -4 -6 5 3 1 -1 -3 -5 6 4 2 0 -2 -4 -6 5 3 1 -1 -3 -5 6 4 2 0 -2 -4 -6 5 3 1 -1 -3 -5 6 4 2 0 -2 -4 -6 5 3 1 -1 -3 -5 6 4 2 0 -2 -4 -6 5 3 1 -1 -3 -5 6 4 2 0 -2 -4 -6 5 3 1 -1 -3 -5 6 4 2 0 -2 -4 -6 5 3 1 -1 -3 -5 6 4 2 0 -2 -4 -6 5 3 1 -1 -3 -5 6 4 2 0 -2 -4 -6 5 3 1 -1 -3 -5 6 4 2 0 -2 -4 -6 5 3 1 -1 -3 -5 6 4 2 0 -2 -4 -6 5 3 1 -1 -3 -5 6 4 2 0 -2 -4 -6 5 3 1 -1 -3 -5 6 4 2 0 -2 -4 -6 5 3 1 -1 -3 -5 6 4 2 0 -2 -4 -6 5 3 1 -1 -3 -5 6 4 2 0 -2 -4 -6 5 3 1 -1 -3 -5 6 4 2 0 -2 -4 -6 5 3 1 -1 -3 -5 6 4 2 0 -2 -4 -6 5 3 1 -1 -3 -5 6 4 2 0 -2 -4 -6 5 3 1 -1 -3 -5 6 4 2 0 -2 -4 -6 5 3 1 -1 -3 -5 6 4 2 0 -2 -4 -6 5 3 1 -1 -3 -5 6 4 2 0 -2 -4 -6 5 3 1 -1 -3 -5 6 4 2 0 -2 -4 -6 5 3 1 -1 -3 -5 6 4 2 0 -2 -4 -6 5 3 1 -1 -3 -5 6 4 2 0 -2 -4 -6 5 3 1 -1 -3 -5 6 4 2 0 -2 -4 -6 5 3 1 -1 -3 -5 6 4 2 0 -2 -4 -6 5 3 1 -1 -3 -5 6 4 2 0 -2 -4 -6 5 3 1 -1 -3 -5 6 4 2 0 -2 -4 -6 5 3 1 -1 -3 -5 6 4 2 0 -2 -4 -6 5 3 1 -1 -3 -5 6 4 2 0 -2 -4 -6 5 3 1 -1 -3 -5 6 4 2 0 -2 -4 -6 5 3 1 -1 -3 -5 6 4 2 0 -2 -4 -6 5 3 1 -1 -3 -5 6 4 2 0 -2 -4 -6 5 3 1 -1 -3 -5 6 4 2 0 -2 -4 -6 5 3 1 -1 -3 -5 6 4 2 0 -2 -4 -6 5 3 1 -1 -3 -5 6 4 2 0 -2 -4 -6 5
-4 -6 5 3 1 -1 -3 -5 6 4 2 0 -2 -4 -6 5 3 1 -1 -3 -5 6 4 2 0 -2 -4 -6 5 3 1 -1 -3 -5 6 4 2 0 -2 -4 -6 5 3 1 -1 -3 -5 6 4 2 0 -2 -4 -6 5 3 1 -1 -3 -5 6 4 2 0 -2 -4 -6 5 3 1 -1 -3 -5 6 4 2 0 -2 -4 -6 5 3 1 -1 -3 -5 6 4 2 0 -2 -4 -6 5 3 1 -1 -3 -5 6 4 2 0 -2 -4 -6 5 3 1 -1 -3 -5 6 4 2 0 -2 -4 -6 5 3 1 -1 -3 -5 6 4 2 0 -2 -4 -6 5 3 1 -1 -3 -5 6 4 2 0 -2 -4 -6 5 3 1 -1 -3 -5 6 4 2 0 -2 -4 -6 5 3 1 -1 -3 -5 6 4 2 0 -2 -4 -6 5 3 1 -1 -3 -5 6 4 2 0 -2 -4 -6 5 3 1 -1 -3 -5 6 4 2 0 -2 -4 -6 5 3 1 -1 -3 -5 6 4 2 0 -2 -4 -6 5 3 1 -1 -3 -5 6 4 2 0 -2 -4 -6 5 3 1 -1 -3 -5 6 4 2 0 -2 -4 -6 5 3 1 -1 -3 -5 6 4 2 0 -2 -4 -6 5 3 1 -1 -3 -5 6 4 2 0 -2 -4 -6 5 3 1 -1 -3 -5 6 4 2 0 -2 -4 -6 5 3 1 -1 -3 -5 6 4 2 0 -2 -4 -6 5 3 1 -1 -3 -5 6 4 2 0 -2 -4 -6 5 3 1 -1 -3 -5 6 4 2 0 -2 -4 -6 5 3 1 -1 -3 -5 6 4 2 0 -2 -4 -6 5 3 1 -1 -3 -5 6 4 2 0 -2 -4 -6 5 3 1 -1 -3 -5 6 4 2 0 -2 -4 -6 5 3 1 -1 -3 -5 6 4 2 0 -2 -4 -6 5 3 1 -1 -3 -5 6 4 2 0 -2 -4 -6 5 3 1 -1 -3 -5 6 4 2 0 -2 -4 -6 5 3 1 -1 -3 -5 6 4 2 0 -2 -4 -6 5 3 1 -1 -3 -5 6 4 2 0 -2 -4 -6 5 3 1 -1 -3 -5 6 4 2 0 -2 -4 -6 5 3 1 -1 -3 -5 6 4 2 0 -2 -4 -6 5 3 1 -1 -3 -5 6 4 2 0 -2 -4 -6 5 3 1 -1 -3 -5 6 4 2 0 -2 -4 -6 5 3 1 -1 -3 -5 6 4 2 0 -2 -4 -6 5 3 1 -1 -3 -5 6 4 2 0 -2 -4 -6 5 3 1 -1
3 1 -1 -3 -5 6 4 2 0 -2 -4 -6 5 3 1 -1 -3 -5 6 4 2 0 -2 -4 -6 5 3 1 -1 -3 -5 6 4 2 0 -2 -4 -6 5 3 1 -1 -3 -5 6 4 2 0 -2 -4 -6 5 3 1 -1 -3 -5 6 4 2 0 -2 -4 -6 5 3 1 -1 -3 -5 6 4 2 0 -2 -4 -6 5 3 1 -1 -3 -5 6 4 2 0 -2 -4 -6 5 3 1 -1 -3 -5 6 4 2 0 -2 -4 -6 5 3 1 -1 -3 -5 6 4 2 0 -2 -4 -6 5 3 1 -1 -3 -5 6 4 2 0 -2 -4 -6 5 3 1 -1 -3 -5 6 4 2 0 -2 -4 -6 5 3 1 -1 -3 -5 6 4 2 0 -2 -4 -6 5 3 1 -1 -3 -5 6 4 2 0 -2 -4 -6 5 3 1 -1 -3 -5 6 4 2 0 -2 -4 -6 5 3 1 -1 -3 -5 6 4 2 0 -2 -4 -6 5 3 1 -1 -3 -5 6 4 2 0 -2 -4 -6 5 3 1 -1 -3 -5 6 4 2 0 -2 -4 -6 5 3 1 -1 -3 -5 6 4 2 0 -2 -4 -6 5 3 1 -1 -3 -5 6 4 2 0 -2 -4 -6 5 3 1 -1 -3 -5 6 4 2 0 -2 -4 -6 5 3 1 -1 -3 -5 6 4 2 0 -2 -4 -6 5 3 1 -1 -3 -5 6 4 2 0 -2 -4 -6 5 3 1 -1 -3 -5 6 4 2 0 -2 -4 -6 5 3 1 -1 -3 -5 6 4 2 0 -2 -4 -6 5 3 1 -1 -3 -5 6 4 2 0 -2 -4 -6 5 3 1 -1 -3 -5 6 4 2 0 -2 -4 -6 5 3 1 -1 -3 -5 6 4 2 0 -2 -4 -6 5 3 1 -1 -3 -5 6 4 2 0 -2 -4 -6 5 3 1 -1 -3 -5 6 4 2 0 -2 -4 -6 5 3 1 -1 -3 -5 6 4 2 0 -2 -4 -6 5 3 1 -1 -3 -5 6 4 2 0 -2 -4 -6 5 3 1 -1 -3 -5 6 4 2 0 -2 -4 -6 5 3 1 -1 -3 -5 6 4 2 0 -2 -4 -6 5 3 1 -1 -3 -5 6 4 2 0 -2 -4 -6 5 3 1 -1 -3 -5 6 4 2 0 -2 -4 -6 5 3 1 -1 -3 -5 6 4 2 0 -2 -4 -6 5 3 1 -1 -3 -5 6 4 2 0 -2 -4 -6 5 3 1 -1 -3 -5 6 4 2 0 -2 -4 -6 5 3 1 -1 -3 -5 6
-3 -5 6 4 2 0 -2 -4 -6 5 3 1 -1 -3 -5 6 4 2 0 -2 -4 -6 5 3 1 -1 -3 -5 6 4 2 0 -2 -4 -6 5 3 1 -1 -3 -5 6 4 2 0 -2 -4 -6 5 3 1 -1 -3 -5 6 4 2 0 -2 -4 -6 5 3 1 -1 -3 -5 6 4 2 0 -2 -4 -6 5 3 1 -1 -3 -5 6 4 2 0 -2 -4 -6 5 3 1 -1 -3 -5 6 4 2 0 -2 -4 -6 5 3 1 -1 -3 -5 6 4 2 0 -2 -4 -6 5 3 1 -1 -3 -5 6 4 2 0 -2 -4 -6 5 3 1 -1 -3 -5 6 4 2 0 -2 -4 -6 5 3 1 -1 -3 -5 6 4 2 0 -2 -4 -6 5 3 1 -1 -3 -5 6 4 2 0 -2 -4 -6 5 3 1 -1 -3 -5 6 4 2 0 -2 -4 -6 5 3 1 -1 -3 -5 6 4 2 0 -2 -4 -6 5 3 1 -1 -3 -5 6 4 2 0 -2 -4 -6 5 3 1 -1 -3 -5 6 4 2 0 -2 -4 -6 5 3 1 -1 -3 -5 6 4 2 0 -2 -4 -6 5 3 1 -1 -3 -5 6 4 2 0 -2 -4 -6 5 3 1 -1 -3 -5 6 4 2 0 -2 -4 -6 5 3 1 -1 -3 -5 6 4 2 0 -2 -4 -6 5 3 1 -1 -3 -5 6 4 2 0 -2 -4 -6 5 3 1 -1 -3 -5 6 4 2 0 -2 -4 -6 5 3 1 -1 -3 -5 6 4 2 0 -2 -4 -6 5 3 1 -1 -3 -5 6 4 2 0 -2 -4 -6 5 3 1 -1 -3 -5 6 4 2 0 -2 -4 -6 5 3 1 -1 -3 -5 6 4 2 0 -2 -4 -6 5 3 1 -1 -3 -5 6 4 2 0 -2 -4 -6 5 3 1 -1 -3 -5 6 4 2 0 -2 -4 -6 5 3 1 -1 -3 -5 6 4 2 0 -2 -4 -6 5 3 1 -1 -3 -5 6 4 2 0 -2 -4 -6 5 3 1 -1 -3 -5 6 4 2 0 -2 -4 -6 5 3 1 -1 -3 -5 6 4 2 0 -2 -4 -6 5 3 1 -1 -3 -5 6 4 2 0 -2 -4 -6 5 3 1 -1 -3 -5 6 4 2 0 -2 -4 -6 5 3 1 -1 -3 -5 6 4 2 0 -2 -4 -6 5 3 1 -1 -3 -5 6 4 2 0 -2 -4 -6 5 3 1 -1 -3 -5 6 4 2 0 -2 -4 -6 5 3 1 -1 -3 -5 6 4 2 0
4 2 0 -2 -4 -6 5 3 1 -1 -3 -5 6 4 2 0 -2 -4 -6 5 3 1 -1 -3 -5 6 4 2 0 -2 -4 -6 5 3 1 -1 -3 -5 6 4 2 0 -2 -4 -6 5 3 1 -1 -3 -5 6 4 2 0 -2 -4 -6 5 3 1 -1 -3 -5 6 4 2 0 -2 -4 -6 5 3 1 -1 -3 -5 6 4 2 0 -2 -4 -6 5 3 1 -1 -3 -5 6 4 2 0 -2 -4 -6 5 3 1 -1 -3 -5 6 4 2 0 -2 -4 -6 5 3 1 -1 -3 -5 6 4 2 0 -2 -4 -6 5 3 1 -1 -3 -5 6 4 2 0 -2 -4 -6 5 3 1 -1 -3 -5 6 4 2 0 -2 -4 -6 5 3 1 -1 -3 -5 6 4 2 0 -2 -4 -6 5 3 1 -1 -3 -5 6 4 2 0 -2 -4 -6 5 3 1 -1 -3 -5 6 4 2 0 -2 -4 -6 5 3 1 -1 -3 -5 6 4 2 0 -2 -4 -6 5 3 1 -1 -3 -5 6 4 2 0 -2 -4 -6 5 3 1 -1 -3 -5 6 4 2 0 -2 -4 -6 5 3 1 -1 -3 -5 6 4 2 0 -2 -4 -6 5 3 1 -1 -3 -5 6 4 2 0 -2 -4 -6 5 3 1 -1 -3 -5 6 4 2 0 -2 -4 -6 5 3 1 -1 -3 -5 6 4 2 0 -2 -4 -6 5 3 1 -1 -3 -5 6 4 2 0 -2 -4 -6 5 3 1 -1 -3 -5 6 4 2 0 -2 -4 -6 5 3 1 -1 -3 -5 6 4 2 0 -2 -4 -6 5 3 1 -1 -3 -5 6 4 2 0 -2 -4 -6 5 3 1 -1 -3 -5 6 4 2 0 -2 -4 -6 5 3 1 -1 -3 -5 6 4 2 0 -2 -4 -6 5 3 1 -1 -3 -5 6 4 2 0 -2 -4 -6 5 3 1 -1 -3 -5 6 4 2 0 -2 -4 -6 5 3 1 -1 -3 -5 6 4 2 0 -2 -4 -6 5 3 1 -1 -3 -5 6 4 2 0 -2 -4 -6 5 3 1 -1 -3 -5 6 4 2 0 -2 -4 -6 5 3 1 -1 -3 -5 6 4 2 0 -2 -4 -6 5 3 1 -1 -3 -5 6 4 2 0 -2 -4 -6 5 3 1 -1 -3 -5 6 4 2 0 -2 -4 -6 5 3 1 -1 -3 -5 6 4 2 0 -2 -4 -6 5 3 1 -1 -3 -5 6 4 2 0 -2 -4 -6 5 3 1 -1 -3 -5 6 4 2 0 -2 -4 -6
-2 -4 -6 5 3 1 -1 -3 -5 6 4 2 0 -2 -4 -6 5 3 1 -1 -3 -5 6 4 2 0 -2 -4 -6 5 3 1 -1 -3 -5 6 4 2 0 -2 -4 -6 5 3 1 -1 -3 -5 6 4 2 0 -2 -4 -6 5 3 1 -1 -3 -5 6 4 2 0 -2 -4 -6 5 3 1 -1 -3 -5 6 4 2 0 -2 -4 -6 5 3 1 -1 -3 -5 6 4 2 0 -2 -4 -6 5 3 1 -1 -3 -5 6 4 2 0 -2 -4 -6 5 3 1 -1 -3 -5 6 4 2 0 -2 -4 -6 5 3 1 -1 -3 -5 6 4 2 0 -2 -4 -6 5 3 1 -1 -3 -5 6 4 2 0 -2 -4 -6 5 3 1 -1 -3 -5 6 4 2 0 -2 -4 -6 5 3 1 -1 -3 -5 6 4 2 0 -2 -4 -6 5 3 1 -1 -3 -5 6 4 2 0 -2 -4 -6 5 3 1 -1 -3 -5 6 4 2 0 -2 -4 -6 5 3 1 -1 -3 -5 6 4 2 0 -2 -4 -6 5 3 1 -1 -3 -5 6 4 2 0 -2 -4 -6 5 3 1 -1 -3 -5 6 4 2 0 -2 -4 -6 5 3 1 -1 -3 -5 6 4 2 0 -2 -4 -6 5 3 1 -1 -3 -5 6 4 2 0 -2 -4 -6 5 3 1 -1 -3 -5 6 4 2 0 -2 -4 -6 5 3 1 -1 -3 -5 6 4 2 0 -2 -4 -6 5 3 1 -1 -3 -5 6 4 2 0 -2 -4 -6 5 3 1 -1 -3 -5 6 4 2 0 -2 -4 -6 5 3 1 -1 -3 -5 6 4 2 0 -2 -4 -6 5 3 1 -1 -3 -5 6 4 2 0 -2 -4 -6 5 3 1 -1 -3 -5 6 4 2 0 -2 -4 -6 5 3 1 -1 -3 -5 6 4 2 0 -2 -4 -6 5 3 1 -1 -3 -5 6 4 2 0 -2 -4 -6 5 3 1 -1 -3 -5 6 4 2 0 -2 -4 -6 5 3 1 -1 -3 -5 6 4 2 0 -2 -4 -6 5 3 1 -1 -3 -5 6 4 2 0 -2 -4 -6 5 3 1 -1 -3 -5 6 4 2 0 -2 -4 -6 5 3 1 -1 -3 -5 6 4 2 0 -2 -4 -6 5 3 1 -1 -3 -5 6 4 2 0 -2 -4 -6 5 3 1 -1 -3 -5 6 4 2 0 -2 -4 -6 5 3 1 -1 -3 -5 6 4 2 0 -2 -4 -6 5 3 1 -1 -3 -5 6 4 2 0 -2 -4 -6 5 3 1
5 3 1 -1 -3 -5 6 4 2 0 -2 -4 -6 5 3 1 -1 -3 -5 6 4 2 0 -2 -4 -6 5 3 1 -1 -3 -5 6 4 2 0 -2 -4 -6 5 3 1 -1 -3 -5 6 4 2 0 -2 -4 -6 5 3 1 -1 -3 -5 6 4 2 0 -2 -4 -6 5 3 1 -1 -3 -5 6 4 2 0 -2 -4 -6 5 3 1 -1 -3 -5 6 4 2 0 -2 -4 -6 5 3 1 -1 -3 -5 6 4 2 0 -2 -4 -6 5 3 1 -1 -3 -5 6 4 2 0 -2 -4 -6 5 3 1 -1 -3 -5 6 4 2 0 -2 -4 -6 5 3 1 -1 -3 -5 6 4 2 0 -2 -4 -6 5 3 1 -1 -3 -5 6 4 2 0 -2 -4 -6 5 3 1 -1 -3 -5 6 4 2 0 -2 -4 -6 5 3 1 -1 -3 -5 6 4 2 0 -2 -4 -6 5 3 1 -1 -3 -5 6 4 2 0 -2 -4 -6 5 3 1 -1 -3 -5 6 4 2 0 -2 -4 -6 5 3 1 -1 -3 -5 6 4 2 0 -2 -4 -6 5 3 1 -1 -3 -5 6 4 2 0 -2 -4 -6 5 3 1 -1 -3 -5 6 4 2 0 -2 -4 -6 5 3 1 -1 -3 -5 6 4 2 0 -2 -4 -6 5 3 1 -1 -3 -5 6 4 2 0 -2 -4 -6 5 3 1 -1 -3 -5 6 4 2 0 -2 -4 -6 5 3 1 -1 -3 -5 6 4 2 0 -2 -4 -6 5 3 1 -1 -3 -5 6 4 2 0 -2 -4 -6 5 3 1 -1 -3 -5 6 4 2 0 -2 -4 -6 5 3 1 -1 -3 -5 6 4 2 0 -2 -4 -6 5 3 1 -1 -3 -5 6 4 2 0 -2 -4 -6 5 3 1 -1 -3 -5 6 4 2 0 -2 -4 -6 5 3 1 -1 -3 -5 6 4 2 0 -2 -4 -6 5 3 1 -1 -3 -5 6 4 2 0 -2 -4 -6 5 3 1 -1 -3 -5 6 4 2 0 -2 -4 -6 5 3 1 -1 -3 -5 6 4 2 0 -2 -4 -6 5 3 1 -1 -3 -5 6 4 2 0 -2 -4 -6 5 3 1 -1 -3 -5 6 4 2 0 -2 -4 -6 5 3 1 -1 -3 -5 6 4 2 0 -2 -4 -6 5 3 1 -1 -3 -5 6 4 2 0 -2 -4 -6 5 3 1 -1 -3 -5 6 4 2 0 -2 -4 -6 5 3 1 -1 -3 -5 6 4 2 0 -2 -4 -6 5 3 1 -1 -3 -5
-1 -3 -5 6 4 2 0 -2 -4 -6 5 3 1 -1 -3 -5 6 4 2 0 -2 -4 -6 5 3 1 -1 -3 -5 6 4 2 0 -2 -4 -6 5 3 1 -1 -3 -5 6 4 2 0 -2 -4 -6 5 3 1 -1 -3 -5 6 4 2 0 -2 -4 -6 5 3 1 -1 -3 -5 6 4 2 0 -2 -4 -6 5 3 1 -1 -3 -5 6 4 2 0 -2 -4 -6 5 3 1 -1 -3 -5 6 4 2 0 -2 -4 -6 5 3 1 -1 -3 -5 6 4 2 0 -2 -4 -6 5 3 1 -1 -3 -5 6 4 2 0 -2 -4 -6 5 3 1 -1 -3 -5 6 4 2 0 -2 -4 -6 5 3 1 -1 -3 -5 6 4 2 0 -2 -4 -6 5 3 1 -1 -3 -5 6 4 2 0 -2 -4 -6 5 3 1 -1 -3 -5 6 4 2 0 -2 -4 -6 5 3 1 -1 -3 -5 6 4 2 0 -2 -4 -6 5 3 1 -1 -3 -5 6 4 2 0 -2 -4 -6 5 3 1 -1 -3 -5 6 4 2 0 -2 -4 -6 5 3 1 -1 -3 -5 6 4 2 0 -2 -4 -6 5 3 1 -1 -3 -5 6 4 2 0 -2 -4 -6 5 3 1 -1 -3 -5 6 4 2 0 -2 -4 -6 5 3 1 -1 -3 -5 6 4 2 0 -2 -4 -6 5 3 1 -1 -3 -5 6 4 2 0 -2 -4 -6 5 3 1 -1 -3 -5 6 4 2 0 -2 -4 -6 5 3 1 -1 -3 -5 6 4 2 0 -2 -4 -6 5 3 1 -1 -3 -5 6 4 2 0 -2 -4 -6 5 3 1 -1 -3 -5 6 4 2 0 -2 -4 -6 5 3 1 -1 -3 -5 6 4 2 0 -2 -4 -6 5 3 1 -1 -3 -5 6 4 2 0 -2 -4 -6 5 3 1 -1 -3 -5 6 4 2 0 -2 -4 -6 5 3 1 -1 -3 -5 6 4 2 0 -2 -4 -6 5 3 1 -1 -3 -5 6 4 2 0 -2 -4 -6 5 3 1 -1 -3 -5 6 4 2 0 -2 -4 -6 5 3 1 -1 -3 -5 6 4 2 0 -2 -4 -6 5 3 1 -1 -3 -5 6 4 2 0 -2 -4 -6 5 3 1 -1 -3 -5 6 4 2 0 -2 -4 -6 5 3 1 -1 -3 -5 6 4 2 0 -2 -4 -6 5 3 1 -1 -3 -5 6 4 2 0 -2 -4 -6 5 3 1 -1 -3 -5 6 4 2 0 -2 -4 -6 5 3 1 -1 -3 -5 6 4 2
6 4 2 0 -2 -4 -6 5 3 1 -1 -3 -5 6 4 2 0 -2 -4 -6 5 3 1 -1 -3 -5 6 4 2 0 -2 -4 -6 5 3 1 -1 -3 -5 6 4 2 0 -2 -4 -6 5 3 1 -1 -3 -5 6 4 2 0 -2 -4 -6 5 3 1 -1 -3 -5 6 4 2 0 -2 -4 -6 5 3 1 -1 -3 -5 6 4 2 0 -2 -4 -6 5 3 1 -1 -3 -5 6 4 2 0 -2 -4 -6 5 3 1 -1 -3 -5 6 4 2 0 -2 -4 -6 5 3 1 -1 -3 -5 6 4 2 0 -2 -4 -6 5 3 1 -1 -3 -5 6 4 2 0 -2 -4 -6 5 3 1 -1 -3 -5 6 4 2 0 -2 -4 -6 5 3 1 -1 -3 -5 6 4 2 0 -2 -4 -6 5 3 1 -1 -3 -5 6 4 2 0 -2 -4 -6 5 3 1 -1 -3 -5 6 4 2 0 -2 -4 -6 5 3 1 -1 -3 -5 6 4 2 0 -2 -4 -6 5 3 1 -1 -3 -5 6 4 2 0 -2 -4 -6 5 3 1 -1 -3 -5 6 4 2 0 -2 -4 -6 5 3 1 -1 -3 -5 6 4 2 0 -2 -4 -6 5 3 1 -1 -3 -5 6 4 2 0 -2 -4 -6 5 3 1 -1 -3 -5 6 4 2 0 -2 -4 -6 5 3 1 -1 -3 -5 6 4 2 0 -2 -4 -6 5 3 1 -1 -3 -5 6 4 2 0 -2 -4 -6 5 3 1 -1 -3 -5 6 4 2 0 -2 -4 -6 5 3 1 -1 -3 -5 6 4 2 0 -2 -4 -6 5 3 1 -1 -3 -5 6 4 2 0 -2 -4 -6 5 3 1 -1 -3 -5 6 4 2 0 -2 -4 -6 5 3 1 -1 -3 -5 6 4 2 0 -2 -4 -6 5 3 1 -1 -3 -5 6 4 2 0 -2 -4 -6 5 3 1 -1 -3 -5 6 4 2 0 -2 -4 -6 5 3 1 -1 -3 -5 6 4 2 0 -2 -4 -6 5 3 1 -1 -3 -5 6 4 2 0 -2 -4 -6 5 3 1 -1 -3 -5 6 4 2 0 -2 -4 -6 5 3 1 -1 -3 -5 6 4 2 0 -2 -4 -6 5 3 1 -1 -3 -5 6 4 2 0 -2 -4 -6 5 3 1 -1 -3 -5 6 4 2 0 -2 -4 -6 5 3 1 -1 -3 -5 6 4 2 0 -2 -4 -6 5 3 1 -1 -3 -5 6 4 2 0 -2 -4 -6 5 3 1 -1 -3 -5 6 4 2 0 -2 -4
0 -2 -4 -6 5 3 1 -1 -3 -5 6 4 2 0 -2 -4 -6 5 3 1 -1 -3 -5 6 4 2 0 -2 -4 -6 5 3 1 -1 -3 -5 6 4 2 0 -2 -4 -6 5 3 1 -1 -3 -5 6 4 2 0 -2 -4 -6 5 3 1 -1 -3 -5 6 4 2 0 -2 -4 -6 5 3 1 -1 -3 -5 6 4 2 0 -2 -4 -6 5 3 1 -1 -3 -5 6 4 2 0 -2 -4 -6 5 3 1 -1 -3 -5 6 4 2 0 -2 -4 -6 5 3 1 -1 -3 -5 6 4 2 0 -2 -4 -6 5 3 1 -1 -3 -5 6 4 2 0 -2 -4 -6 5 3 1 -1 -3 -5 6 4 2 0 -2 -4 -6 5 3 1 -1 -3 -5 6 4 2 0 -2 -4 -6 5 3 1 -1 -3 -5 6 4 2 0 -2 -4 -6 5 3 1 -1 -3 -5 6 4 2 0 -2 -4 -6 5 3 1 -1 -3 -5 6 4 2 0 -2 -4 -6 5 3 1 -1 -3 -5 6 4 2 0 -2 -4 -6 5 3 1 -1 -3 -5 6 4 2 0 -2 -4 -6 5 3 1 -1 -3 -5 6 4 2 0 -2 -4 -6 5 3 1 -1 -3 -5 6 4 2 0 -2 -4 -6 5 3 1 -1 -3 -5 6 4 2 0 -2 -4 -6 5 3 1 -1 -3 -5 6 4 2 0 -2 -4 -6 5 3 1 -1 -3 -5 6 4 2 0 -2 -4 -6 5 3 1 -1 -3 -5 6 4 2 0 -2 -4 -6 5 3 1 -1 -3 -5 6 4 2 0 -2 -4 -6 5 3 1 -1 -3 -5 6 4 2 0 -2 -4 -6 5 3 1 -1 -3 -5 6 4 2 0 -2 -4 -6 5 3 1 -1 -3 -5 6 4 2 0 -2 -4 -6 5 3 1 -1 -3 -5 6 4 2 0 -2 -4 -6 5 3 1 -1 -3 -5 6 4 2 0 -2 -4 -6 5 3 1 -1 -3 -5 6 4 2 0 -2 -4 -6 5 3 1 -1 -3 -5 6 4 2 0 -2 -4 -6 5 3 1 -1 -3 -5 6 4 2 0 -2 -4 -6 5 3 1 -1 -3 -5 6 4 2 0 -2 -4 -6 5 3 1 -1 -3 -5 6 4 2 0 -2 -4 -6 5 3 1 -1 -3 -5 6 4 2 0 -2 -4 -6 5 3 1 -1 -3 -5 6 4 2 0 -2 -4 -6 5 3 1 -1 -3 -5 6 4 2 0 -2 -4 -6 5 3 1 -1 -3 -5 6 4 2 0 -2 -4 -6 5 3
-6 5 3 1 -1 -3 -5 6 4 2 0 -2 -4 -6 5 3 1 -1 -3 -5 6 4 2 0 -2 -4 -6 5 3 1 -1 -3 -5 6 4 2 0 -2 -4 -6 5 3 1 -1 -3 -5 6 4 2 0 -2 -4 -6 5 3 1 -1 -3 -5 6 4 2 0 -2 -4 -6 5 3 1 -1 -3 -5 6 4 2 0 -2 -4 -6 5 3 1 -1 -3 -5 6 4 2 0 -2 -4 -6 5 3 1 -1 -3 -5 6 4 2 0 -2 -4 -6 5 3 1 -1 -3 -5 6 4 2 0 -2 -4 -6 5 3 1 -1 -3 -5 6 4 2 0 -2 -4 -6 5 3 1 -1 -3 -5 6 4 2 0 -2 -4 -6 5 3 1 -1 -3 -5 6 4 2 0 -2 -4 -6 5 3 1 -1 -3 -5 6 4 2 0 -2 -4 -6 5 3 1 -1 -3 -5 6 4 2 0 -2 -4 -6 5 3 1 -1 -3 -5 6 4 2 0 -2 -4 -6 5 3 1 -1 -3 -5 6 4 2 0 -2 -4 -6 5 3 1 -1 -3 -5 6 4 2 0 -2 -4 -6 5 3 1 -1 -3 -5 6 4 2 0 -2 -4 -6 5 3 1 -1 -3 -5 6 4 2 0 -2 -4 -6 5 3 1 -1 -3 -5 6 4 2 0 -2 -4 -6 5 3 1 -1 -3 -5 6 4 2 0 -2 -4 -6 5 3 1 -1 -3 -5 6 4 2 0 -2 -4 -6 5 3 1 -1 -3 -5 6 4 2 0 -2 -4 -6 5 3 1 -1 -3 -5 6 4 2 0 -2 -4 -6 5 3 1 -1 -3 -5 6 4 2 0 -2 -4 -6 5 3 1 -1 -3 -5 6 4 2 0 -2 -4 -6 5 3 1 -1 -3 -5 6 4 2 0 -2 -4 -6 5 3 1 -1 -3 -5 6 4 2 0 -2 -4 -6 5 3 1 -1 -3 -5 6 4 2 0 -2 -4 -6 5 3 1 -1 -3 -5 6 4 2 0 -2 -4 -6 5 3 1 -1 -3 -5 6 4 2 0 -2 -4 -6 5 3 1 -1 -3 -5 6 4 2 0 -2 -4 -6 5 3 1 -1 -3 -5 6 4 2 0 -2 -4 -6 5 3 1 -1 -3 -5 6 4 2 0 -2 -4 -6 5 3 1 -1 -3 -5 6 4 2 0 -2 -4 -6 5 3 1 -1 -3 -5 6 4 2 0 -2 -4 -6 5 3 1 -1 -3 -5 6 4 2 0 -2 -4 -6 5 3 1 -1 -3 -5 6 4 2 0 -2 -4 -6 5 3 1 -1 -3
1 -1 -3 -5 6 4 2 0 -2 -4 -6 5 3 1 -1 -3 -5 6 4 2 0 -2 -4 -6 5 3 1 -1 -3 -5 6 4 2 0 -2 -4 -6 5 3 1 -1 -3 -5 6 4 2 0 -2 -4 -6 5 3 1 -1 -3 -5 6 4 2 0 -2 -4 -6 5 3 1 -1 -3 -5 6 4 2 0 -2 -4 -6 5 3 1 -1 -3 -5 6 4 2 0 -2 -4 -6 5 3 1 -1 -3 -5 6 4 2 0 -2 -4 -6 5 3 1 -1 -3 -5 6 4 2 0 -2 -4 -6 5 3 1 -1 -3 -5 6 4 2 0 -2 -4 -6 5 3 1 -1 -3 -5 6 4 2 0 -2 -4 -6 5 3 1 -1 -3 -5 6 4 2 0 -2 -4 -6 5 3 1 -1 -3 -5 6 4 2 0 -2 -4 -6 5 3 1 -1 -3 -5 6 4 2 0 -2 -4 -6 5 3 1 -1 -3 -5 6 4 2 0 -2 -4 -6 5 3 1 -1 -3 -5 6 4 2 0 -2 -4 -6 5 3 1 -1 -3 -5 6 4 2 0 -2 -4 -6 5 3 1 -1 -3 -5 6 4 2 0 -2 -4 -6 5 3 1 -1 -3 -5 6 4 2 0 -2 -4 -6 5 3 1 -1 -3 -5 6 4 2 0 -2 -4 -6 5 3 1 -1 -3 -5 6 4 2 0 -2 -4 -6 5 3 1 -1 -3 -5 6 4 2 0 -2 -4 -6 5 3 1 -1 -3 -5 6 4 2 0 -2 -4 -6 5 3 1 -1 -3 -5 6 4 2 0 -2 -4 -6 5 3 1 -1 -3 -5 6 4 2 0 -2 -4 -6 5 3 1 -1 -3 -5 6 4 2 0 -2 -4 -6 5 3 1 -1 -3 -5 6 4 2 0 -2 -4 -6 5 3 1 -1 -3 -5 6 4 2 0 -2 -4 -6 5 3 1 -1 -3 -5 6 4 2 0 -2 -4 -6 5 3 1 -1 -3 -5 6 4 2 0 -2 -4 -6 5 3 1 -1 -3 -5 6 4 2 0 -2 -4 -6 5 3 1 -1 -3 -5 6 4 2 0 -2 -4 -6 5 3 1 -1 -3 -5 6 4 2 0 -2 -4 -6 5 3 1 -1 -3 -5 6 4 2 0 -2 -4 -6 5 3 1 -1 -3 -5 6 4 2 0 -2 -4 -6 5 3 1 -1 -3 -5 6 4 2 0 -2 -4 -6 5 3 1 -1 -3 -5 6 4 2 0 -2 -4 -6 5 3 1 -1 -3 -5 6 4 2 0 -2 -4 -6 5 3 1 -1 -3 -5 6 4
-5 6 4 2 0 -2 -4 -6 5 3 1 -1 -3 -5 6 4 2 0 -2 -4 -6 5 3 1 -1 -3 -5 6 4 2 0 -2 -4 -6 5 3 1 -1 -3 -5 6 4 2 0 -2 -4 -6 5 3 1 -1 -3 -5 6 4 2 0 -2 -4 -6 5 3 1 -1 -3 -5 6 4 2 0 -2 -4 -6 5 3 1 -1 -3 -5 6 4 2 0 -2 -4 -6 5 3 1 -1 -3 -5 6 4 2 0 -2 -4 -6 5 3 1 -1 -3 -5 6 4 2 0 -2 -4 -6 5 3 1 -1 -3 -5 6 4 2 0 -2 -4 -6 5 3 1 -1 -3 -5 6 4 2 0 -2 -4 -6 5 3 1 -1 -3 -5 6 4 2 0 -2 -4 -6 5 3 1 -1 -3 -5 6 4 2 0 -2 -4 -6 5 3 1 -1 -3 -5 6 4 2 0 -2 -4 -6 5 3 1 -1 -3 -5 6 4 2 0 -2 -4 -6 5 3 1 -1 -3 -5 6 4 2 0 -2 -4 -6 5 3 1 -1 -3 -5 6 4 2 0 -2 -4 -6 5 3 1 -1 -3 -5 6 4 2 0 -2 -4 -6 5 3 1 -1 -3 -5 6 4 2 0 -2 -4 -6 5 3 1 -1 -3 -5 6 4 2 0 -2 -4 -6 5 3 1 -1 -3 -5 6 4 2 0 -2 -4 -6 5 3 1 -1 -3 -5 6 4 2 0 -2 -4 -6 5 3 1 -1 -3 -5 6 4 2 0 -2 -4 -6 5 3 1 -1 -3 -5 6 4 2 0 -2 -4 -6 5 3 1 -1 -3 -5 6 4 2 0 -2 -4 -6 5 3 1 -1 -3 -5 6 4 2 0 -2 -4 -6 5 3 1 -1 -3 -5 6 4 2 0 -2 -4 -6 5 3 1 -1 -3 -5 6 4 2 0 -2 -4 -6 5 3 1 -1 -3 -5 6 4 2 0 -2 -4 -6 5 3 1 -1 -3 -5 6 4 2 0 -2 -4 -6 5 3 1 -1 -3 -5 6 4 2 0 -2 -4 -6 5 3 1 -1 -3 -5 6 4 2 0 -2 -4 -6 5 3 1 -1 -3 -5 6 4 2 0 -2 -4 -6 5 3 1 -1 -3 -5 6 4 2 0 -2 -4 -6 5 3 1 -1 -3 -5 6 4 2 0 -2 -4 -6 5 3 1 -1 -3 -5 6 4 2 0 -2 -4 -6 5 3 1 -1 -3 -5 6 4 2 0 -2 -4 -6 5 3 1 -1 -3 -5 6 4 2 0 -2 -4 -6 5 3 1 -1 -3 -5 6 4 2 0 -2
2 0 -2 -4 -6 5 3 1 -1 -3 -5 6 4 2 0 -2 -4 -6 5 3 1 -1 -3 -5 6 4 2 0 -2 -4 -6 5 3 1 -1 -3 -5 6 4 2 0 -2 -4 -6 5 3 1 -1 -3 -5 6 4 2 0 -2 -4 -6 5 3 1 -1 -3 -5 6 4 2 0 -2 -4 -6 5 3 1 -1 -3 -5 6 4 2 0 -2 -4 -6 5 3 1 -1 -3 -5 6 4 2 0 -2 -4 -6 5 3 1 -1 -3 -5 6 4 2 0 -2 -4 -6 5 3 1 -1 -3 -5 6 4 2 0 -2 -4 -6 5 3 1 -1 -3 -5 6 4 2 0 -2 -4 -6 5 3 1 -1 -3 -5 6 4 2 0 -2 -4 -6 5 3 1 -1 -3 -5 6 4 2 0 -2 -4 -6 5 3 1 -1 -3 -5 6 4 2 0 -2 -4 -6 5 3 1 -1 -3 -5 6 4 2 0 -2 -4 -6 5 3 1 -1 -3 -5 6 4 2 0 -2 -4 -6 5 3 1 -1 -3 -5 6 4 2 0 -2 -4 -6 5 3 1 -1 -3 -5 6 4 2 0 -2 -4 -6 5 3 1 -1 -3 -5 6 4 2 0 -2 -4 -6 5 3 1 -1 -3 -5 6 4 2 0 -2 -4 -6 5 3 1 -1 -3 -5 6 4 2 0 -2 -4 -6 5 3 1 -1 -3 -5 6 4 2 0 -2 -4 -6 5 3 1 -1 -3 -5 6 4 2 0 -2 -4 -6 5 3 1 -1 -3 -5 6 4 2 0 -2 -4 -6 5 3 1 -1 -3 -5 6 4 2 0 -2 -4 -6 5 3 1 -1 -3 -5 6 4 2 0 -2 -4 -6 5 3 1 -1 -3 -5 6 4 2 0 -2 -4 -6 5 3 1 -1 -3 -5 6 4 2 0 -2 -4 -6 5 3 1 -1 -3 -5 6 4 2 0 -2 -4 -6 5 3 1 -1 -3 -5 6 4 2 0 -2 -4 -6 5 3 1 -1 -3 -5 6 4 2 0 -2 -4 -6 5 3 1 -1 -3 -5 6 4 2 0 -2 -4 -6 5 3 1 -1 -3 -5 6 4 2 0 -2 -4 -6 5 3 1 -1 -3 -5 6 4 2 0 -2 -4 -6 5 3 1 -1 -3 -5 6 4 2 0 -2 -4 -6 5 3 1 -1 -3 -5 6 4 2 0 -2 -4 -6 5 3 1 -1 -3 -5 6 4 2 0 -2 -4 -6 5 3 1 -1 -3 -5 6 4 2 0 -2 -4 -6 5 3 1 -1 -3 -5 6 4 2 0 -2 -4 -6 5
-4 -6 5 3 1 -1 -3 -5 6 4 2 0 -2 -4 -6 5 3 1 -1 -3 -5 6 4 2 0 -2 -4 -6 5 3 1 -1 -3 -5 6 4 2 0 -2 -4 -6 5 3 1 -1 -3 -5 6 4 2 0 -2 -4 -6 5 3 1 -1 -3 -5 6 4 2 0 -2 -4 -6 5 3 1 -1 -3 -5 6 4 2 0 -2 -4 -6 5 3 1 -1 -3 -5 6 4 2 0 -2 -4 -6 5 3 1 -1 -3 -5 6 4 2 0 -2 -4 -6 5 3 1 -1 -3 -5 6 4 2 0 -2 -4 -6 5 3 1 -1 -3 -5 6 4 2 0 -2 -4 -6 5 3 1 -1 -3 -5 6 4 2 0 -2 -4 -6 5 3 1 -1 -3 -5 6 4 2 0 -2 -4 -6 5 3 1 -1 -3 -5 6 4 2 0 -2 -4 -6 5 3 1 -1 -3 -5 6 4 2 0 -2 -4 -6 5 3 1 -1 -3 -5 6 4 2 0 -2 -4 -6 5 3 1 -1 -3 -5 6 4 2 0 -2 -4 -6 5 3 1 -1 -3 -5 6 4 2 0 -2 -4 -6 5 3 1 -1 -3 -5 6 4 2 0 -2 -4 -6 5 3 1 -1 -3 -5 6 4 2 0 -2 -4 -6 5 3 1 -1 -3 -5 6 4 2 0 -2 -4 -6 5 3 1 -1 -3 -5 6 4 2 0 -2 -4 -6 5 3 1 -1 -3 -5 6 4 2 0 -2 -4 -6 5 3 1 -1 -3 -5 6 4 2 0 -2 -4 -6 5 3 1 -1 -3 -5 6 4 2 0 -2 -4 -6 5 3 1 -1 -3 -5 6 4 2 0 -2 -4 -6 5 3 1 -1 -3 -5 6 4 2 0 -2 -4 -6 5 3 1 -1 -3 -5 6 4 2 0 -2 -4 -6 5 3 1 -1 -3 -5 6 4 2 0 -2 -4 -6 5 3 1 -1 -3 -5 6 4 2 0 -2 -4 -6 5 3 1 -1 -3 -5 6 4 2 0 -2 -4 -6 5 3 1 -1 -3 -5 6 4 2 0 -2 -4 -6 5 3 1 -1 -3 -5 6 4 2 0 -2 -4 -6 5 3 1 -1 -3 -5 6 4 2 0 -2 -4 -6 5 3 1 -1 -3 -5 6 4 2 0 -2 -4 -6 5 3 1 -1 -3 -5 6 4 2 0 -2 -4 -6 5 3 1 -1 -3 -5 6 4 2 0 -2 -4 -6 5 3 1 -1 -3 -5 6 4 2 0 -2 -4 -6 5 3 1 -1 -3 -5 6 4 2 0 -2 -4 -6 5 3 1 -1
3 1 -1 -3 -5 6 4 2 0 -2 -4 -6 5 3 1 -1 -3 -5 6 4 2 0 -2 -4 -6 5 3 1 -1 -3 -5 6 4 2 0 -2 -4 -6 5 3 1 -1 -3 -5 6 4 2 0 -2 -4 -6 5 3 1 -1 -3 -5 6 4 2 0 -2 -4 -6 5 3 1 -1 -3 -5 6 4 2 0 -2 -4 -6 5 3 1 -1 -3 -5 6 4 2 0 -2 -4 -6 5 3 1 -1 -3 -5 6 4 2 0 -2 -4 -6 5 3 1 -1 -3 -5 6 4 2 0 -2 -4 -6 5 3 1 -1 -3 -5 6 4 2 0 -2 -4 -6 5 3 1 -1 -3 -5 6 4 2 0 -2 -4 -6 5 3 1 -1 -3 -5 6 4 2 0 -2 -4 -6 5 3 1 -1 -3 -5 6 4 2 0 -2 -4 -6 5 3 1 -1 -3 -5 6 4 2 0 -2 -4 -6 5 3 1 -1 -3 -5 6 4 2 0 -2 -4 -6 5 3 1 -1 -3 -5 6 4 2 0 -2 -4 -6 5 3 1 -1 -3 -5 6 4 2 0 -2 -4 -6 5 3 1 -1 -3 -5 6 4 2 0 -2 -4 -6 5 3 1 -1 -3 -5 6 4 2 0 -2 -4 -6 5 3 1 -1 -3 -5 6 4 2 0 -2 -4 -6 5 3 1 -1 -3 -5 6 4 2 0 -2 -4 -6 5 3 1 -1 -3 -5 6 4 2 0 -2 -4 -6 5 3 1 -1 -3 -5 6 4 2 0 -2 -4 -6 5 3 1 -1 -3 -5 6 4 2 0 -2 -4 -6 5 3 1 -1 -3 -5 6 4 2 0 -2 -4 -6 5 3 1 -1 -3 -5 6 4 2 0 -2 -4 -6 5 3 1 -1 -3 -5 6 4 2 0 -2 -4 -6 5 3 1 -1 -3 -5 6 4 2 0 -2 -4 -6 5 3 1 -1 -3 -5 6 4 2 0 -2 -4 -6 5 3 1 -1 -3 -5 6 4 2 0 -2 -4 -6 5 3 1 -1 -3 -5 6 4 2 0 -2 -4 -6 5 3 1 -1 -3 -5 6 4 2 0 -2 -4 -6 5 3 1 -1 -3 -5 6 4 2 0 -2 -4 -6 5 3 1 -1 -3 -5 6 4 2 0 -2 -4 -6 5 3 1 -1 -3 -5 6 4 2 0 -2 -4 -6 5 3 1 -1 -3 -5 6 4 2 0 -2 -4 -6 5 3 1 -1 -3 -5 6 4 2 0 -2 -4 -6 5 3 1 -1 -3 -5 6 4 2 0 -2 -4 -6 5 3 1 -1 -3 -5 6
-3 -5 6 4 2 0 -2 -4 -6 5 3 1 -1 -3 -5 6 4 2 0 -2 -4 -6 5 3 1 -1 -3 -5 6 4 2 0 -2 -4 -6 5 3 1 -1 -3 -5 6 4 2 0 -2 -4 -6 5 3 1 -1 -3 -5 6 4 2 0 -2 -4 -6 5 3 1 -1 -3 -5 6 4 2 0 -2 -4 -6 5 3 1 -1 -3 -5 6 4 2 0 -2 -4 -6 5 3 1 -1 -3 -5 6 4 2 0 -2 -4 -6 5 3 1 -1 -3 -5 6 4 2 0 -2 -4 -6 5 3 1 -1 -3 -5 6 4 2 0 -2 -4 -6 5 3 1 -1 -3 -5 6 4 2 0 -2 -4 -6 5 3 1 -1 -3 -5 6 4 2 0 -2 -4 -6 5 3 1 -1 -3 -5 6 4 2 0 -2 -4 -6 5 3 1 -1 -3 -5 6 4 2 0 -2 -4 -6 5 3 1 -1 -3 -5 6 4 2 0 -2 -4 -6 5 3 1 -1 -3 -5 6 4 2 0 -2 -4 -6 5 3 1 -1 -3 -5 6 4 2 0 -2 -4 -6 5 3 1 -1 -3 -5 6 4 2 0 -2 -4 -6 5 3 1 -1 -3 -5 6 4 2 0 -2 -4 -6 5 3 1 -1 -3 -5 6 4 2 0 -2 -4 -6 5 3 1 -1 -3 -5 6 4 2 0 -2 -4 -6 5 3 1 -1 -3 -5 6 4 2 0 -2 -4 -6 5 3 1 -1 -3 -5 6 4 2 0 -2 -4 -6 5 3 1 -1 -3 -5 6 4 2 0 -2 -4 -6 5 3 1 -1 -3 -5 6 4 2 0 -2 -4 -6 5 3 1 -1 -3 -5 6 4 2 0 -2 -4 -6 5 3 1 -1 -3 -5 6 4 2 0 -2 -4 -6 5 3 1 -1 -3 -5 6 4 2 0 -2 -4 -6 5 3 1 -1 -3 -5 6 4 2 0 -2 -4 -6 5 3 1 -1 -3 -5 6 4 2 0 -2 -4 -6 5 3 1 -1 -3 -5 6 4 2 0 -2 -4 -6 5 3 1 -1 -3 -5 6 4 2 0 -2 -4 -6 5 3 1 -1 -3 -5 6 4 2 0 -2 -4 -6 5 3 1 -1 -3 -5 6 4 2 0 -2 -4 -6 5 3 1 -1 -3 -5 6 4 2 0 -2 -4 -6 5 3 1 -1 -3 -5 6 4 2 0 -2 -4 -6 5 3 1 -1 -3 -5 6 4 2 0 -2 -4 -6 5 3 1 -1 -3 -5 6 4 2 0 -2 -4 -6 5 3 1 -1 -3 -5 6 4 2 0
4 2 0 -2 -4 -6 5 3 1 -1 -3 -5 6 4 2 0 -2 -4 -6 5 3 1 -1 -3 -5 6 4 2 0 -2 -4 -6 5 3 1 -1 -3 -5 6 4 2 0 -2 -4 -6 5 3 1 -1 -3 -5 6 4 2 0 -2 -4 -6 5 3 1 -1 -3 -5 6 4 2 0 -2 -4 -6 5 3 1 -1 -3 -5 6 4 2 0 -2 -4 -6 5 3 1 -1 -3 -5 6 4 2 0 -2 -4 -6 5 3 1 -1 -3 -5 6 4 2 0 -2 -4 -6 5 3 1 -1 -3 -5 6 4 2 0 -2 -4 -6 5 3 1 -1 -3 -5 6 4 2 0 -2 -4 -6 5 3 1 -1 -3 -5 6 4 2 0 -2 -4 -6 5 3 1 -1 -3 -5 6 4 2 0 -2 -4 -6 5 3 1 -1 -3 -5 6 4 2 0 -2 -4 -6 5 3 1 -1 -3 -5 6 4 2 0 -2 -4 -6 5 3 1 -1 -3 -5 6 4 2 0 -2 -4 -6 5 3 1 -1 -3 -5 6 4 2 0 -2 -4 -6 5 3 1 -1 -3 -5 6 4 2 0 -2 -4 -6 5 3 1 -1 -3 -5 6 4 2 0 -2 -4 -6 5 3 1 -1 -3 -5 6 4 2 0 -2 -4 -6 5 3 1 -1 -3 -5 6 4 2 0 -2 -4 -6 5 3 1 -1 -3 -5 6 4 2 0 -2 -4 -6 5 3 1 -1 -3 -5 6 4 2 0 -2 -4 -6 5 3 1 -1 -3 -5 6 4 2 0 -2 -4 -6 5 3 1 -1 -3 -5 6 4 2 0 -2 -4 -6 5 3 1 -1 -3 -5 6 4 2 0 -2 -4 -6 5 3 1 -1 -3 -5 6 4 2 0 -2 -4 -6 5 3 1 -1 -3 -5 6 4 2 0 -2 -4 -6 5 3 1 -1 -3 -5 6 4 2 0 -2 -4 -6 5 3 1 -1 -3 -5 6 4 2 0 -2 -4 -6 5 3 1 -1 -3 -5 6 4 2 0 -2 -4 -6 5 3 1 -1 -3 -5 6 4 2 0 -2 -4 -6 5 3 1 -1 -3 -5 6 4 2 0 -2 -4 -6 5 3 1 -1 -3 -5 6 4 2 0 -2 -4 -6 5 3 1 -1 -3 -5 6 4 2 0 -2 -4 -6 5 3 1 -1 -3 -5 6 4 2 0 -2 -4 -6 5 3 1 -1 -3 -5 6 4 2 0 -2 -4 -6 5 3 1 -1 -3 -5 6 4 2 0 -2 -4 -6 5 3 1 -1 -3 -5 6 4 2 0 -2 -4 -6
-2 -4 -6 5 3 1 -1 -3 -5 6 4 2 0 -2 -4 -6 5 3 1 -1 -3 -5 6 4 2 0 -2 -4 -6 5 3 1 -1 -3 -5 6 4 2 0 -2 -4 -6 5 3 1 -1 -3 -5 6 4 2 0 -2 -4 -6 5 3 1 -1 -3 -5 6 4 2 0 -2 -4 -6 5 3 1 -1 -3 -5 6 4 2 0 -2 -4 -6 5 3 1 -1 -3 -5 6 4 2 0 -2 -4 -6 5 3 1 -1 -3 -5 6 4 2 0 -2 -4 -6 5 3 1 -1 -3 -5 6 4 2 0 -2 -4 -6 5 3 1 -1 -3 -5 6 4 2 0 -2 -4 -6 5 3 1 -1 -3 -5 6 4 2 0 -2 -4 -6 5 3 1 -1 -3 -5 6 4 2 0 -2 -4 -6 5 3 1 -1 -3 -5 6 4 2 0 -2 -4 -6 5 3 1 -1 -3 -5 6 4 2 0 -2 -4 -6 5 3 1 -1 -3 -5 6 4 2 0 -2 -4 -6 5 3 1 -1 -3 -5 6 4 2 0 -2 -4 -6 5 3 1 -1 -3 -5 6 4 2 0 -2 -4 -6 5 3 1 -1 -3 -5 6 4 2 0 -2 -4 -6 5 3 1 -1 -3 -5 6 4 2 0 -2 -4 -6 5 3 1 -1 -3 -5 6 4 2 0 -2 -4 -6 5 3 1 -1 -3 -5 6 4 2 0 -2 -4 -6 5 3 1 -1 -3 -5 6 4 2 0 -2 -4 -6 5 3 1 -1 -3 -5 6 4 2 0 -2 -4 -6 5 3 1 -1 -3 -5 6 4 2 0 -2 -4 -6 5 3 1 -1 -3 -5 6 4 2 0 -2 -4 -6 5 3 1 -1 -3 -5 6 4 2 0 -2 -4 -6 5 3 1 -1 -3 -5 6 4 2 0 -2 -4 -6 5 3 1 -1 -3 -5 6 4 2 0 -2 -4 -6 5 3 1 -1 -3 -5 6 4 2 0 -2 -4 -6 5 3 1 -1 -3 -5 6 4 2 0 -2 -4 -6 5 3 1 -1 -3 -5 6 4 2 0 -2 -4 -6 5 3 1 -1 -3 -5 6 4 2 0 -2 -4 -6 5 3 1 -1 -3 -5 6 4 2 0 -2 -4 -6 5 3 1 -1 -3 -5 6 4 2 0 -2 -4 -6 5 3 1 -1 -3 -5 6 4 2 0 -2 -4 -6 5 3 1 -1 -3 -5 6 4 2 0 -2 -4 -6 5 3 1 -1 -3 -5 6 4 2 0 -2 -4 -6 5 3 1 -1 -3 -5 6 4 2 0 -2 -4 -6 5 3 1
5 3 1 -1 -3 -5 6 4 2 0 -2 -4 -6 5 3 1 -1 -3 -5 6 4 2 0 -2 -4 -6 5 3 1 -1 -3 -5 6 4 2 0 -2 -4 -6 5 3 1 -1 -3 -5 6 4 2 0 -2 -4 -6 5 3 1 -1 -3 -5 6 4 2 0 -2 -4 -6 5 3 1 -1 -3 -5 6 4 2 0 -2 -4 -6 5 3 1 -1 -3 -5 6 4 2 0 -2 -4 -6 5 3 1 -1 -3 -5 6 4 2 0 -2 -4 -6 5 3 1 -1 -3 -5 6 4 2 0 -2 -4 -6 5 3 1 -1 -3 -5 6 4 2 0 -2 -4 -6 5 3 1 -1 -3 -5 6 4 2 0 -2 -4 -6 5 3 1 -1 -3 -5 6 4 2 0 -2 -4 -6 5 3 1 -1 -3 -5 6 4 2 0 -2 -4 -6 5 3 1 -1 -3 -5 6 4 2 0 -2 -4 -6 5 3 1 -1 -3 -5 6 4 2 0 -2 -4 -6 5 3 1 -1 -3 -5 6 4 2 0 -2 -4 -6 5 3 1 -1 -3 -5 6 4 2 0 -2 -4 -6 5 3 1 -1 -3 -5 6 4 2 0 -2 -4 -6 5 3 1 -1 -3 -5 6 4 2 0 -2 -4 -6 5 3 1 -1 -3 -5 6 4 2 0 -2 -4 -6 5 3 1 -1 -3 -5 6 4 2 0 -2 -4 -6 5 3 1 -1 -3 -5 6 4 2 0 -2 -4 -6 5 3 1 -1 -3 -5 6 4 2 0 -2 -4 -6 5 3 1 -1 -3 -5 6 4 2 0 -2 -4 -6 5 3 1 -1 -3 -5 6 4 2 0 -2 -4 -6 5 3 1 -1 -3 -5 6 4 2 0 -2 -4 -6 5 3 1 -1 -3 -5 6 4 2 0 -2 -4 -6 5 3 1 -1 -3 -5 6 4 2 0 -2 -4 -6 5 3 1 -1 -3 -5 6 4 2 0 -2 -4 -6 5 3 1 -1 -3 -5 6 4 2 0 -2 -4 -6 5 3 1 -1 -3 -5 6 4 2 0 -2 -4 -6 5 3 1 -1 -3 -5 6 4 2 0 -2 -4 -6 5 3 1 -1 -3 -5 6 4 2 0 -2 -4 -6 5 3 1 -1 -3 -5 6 4 2 0 -2 -4 -6 5 3 1 -1 -3 -5 6 4 2 0 -2 -4 -6 5 3 1 -1 -3 -5 6 4 2 0 -2 -4 -6 5 3 1 -1 -3 -5 6 4 2 0 -2 -4 -6 5 3 1 -1 -3 -5 6 4 2 0 -2 -4 -6 5 3 1 -1 -3 -5
-1 -3 -5 6 4 2 0 -2 -4 -6 5 3 1 -1 -3 -5 6 4 2 0 -2 -4 -6 5 3 1 -1 -3 -5 6 4 2 0 -2 -4 -6 5 3 1 -1 -3 -5 6 4 2 0 -2 -4 -6 5 3 1 -1 -3 -5 6 4 2 0 -2 -4 -6 5 3 1 -1 -3 -5 6 4 2 0 -2 -4 -6 5 3 1 -1 -3 -5 6 4 2 0 -2 -4 -6 5 3 1 -1 -3 -5 6 4 2 0 -2 -4 -6 5 3 1 -1 -3 -5 6 4 2 0 -2 -4 -6 5 3 1 -1 -3 -5 6 4 2 0 -2 -4 -6 5 3 1 -1 -3 -5 6 4 2 0 -2 -4 -6 5 3 1 -1 -3 -5 6 4 2 0 -2 -4 -6 5 3 1 -1 -3 -5 6 4 2 0 -2 -4 -6 5 3 1 -1 -3 -5 6 4 2 0 -2 -4 -6 5 3 1 -1 -3 -5 6 4 2 0 -2 -4 -6 5 3 1 -1 -3 -5 6 4 2 0 -2 -4 -6 5 3 1 -1 -3 -5 6 4 2 0 -2 -4 -6 5 3 1 -1 -3 -5 6 4 2 0 -2 -4 -6 5 3 1 -1 -3 -5 6 4 2 0 -2 -4 -6 5 3 1 -1 -3 -5 6 4 2 0 -2 -4 -6 5 3 1 -1 -3 -5 6 4 2 0 -2 -4 -6 5 3 1 -1 -3 -5 6 4 2 0 -2 -4 -6 5 3 1 -1 -3 -5 6 4 2 0 -2 -4 -6 5 3 1 -1 -3 -5 6 4 2 0 -2 -4 -6 5 3 1 -1 -3 -5 6 4 2 0 -2 -4 -6 5 3 1 -1 -3 -5 6 4 2 0 -2 -4 -6 5 3 1 -1 -3 -5 6 4 2 0 -2 -4 -6 5 3 1 -1 -3 -5 6 4 2 0 -2 -4 -6 5 3 1 -1 -3 -5 6 4 2 0 -2 -4 -6 5 3 1 -1 -3 -5 6 4 2 0 -2 -4 -6 5 3 1 -1 -3 -5 6 4 2 0 -2 -4 -6 5 3 1 -1 -3 -5 6 4 2 0 -2 -4 -6 5 3 1 -1 -3 -5 6 4 2 0 -2 -4 -6 5 3 1 -1 -3 -5 6 4 2 0 -2 -4 -6 5 3 1 -1 -3 -5 6 4 2 0 -2 -4 -6 5 3 1 -1 -3 -5 6 4 2 0 -2 -4 -6 5 3 1 -1 -3 -5 6 4 2 0 -2 -4 -6 5 3 1 -1 -3 -5 6 4 2 0 -2 -4 -6 5 3 1 -1 -3 -5 6 4 2
6 4 2 0 -2 -4 -6 5 3 1 -1 -3 -5 6 4 2 0 -2 -4 -6 5 3 1 -1 -3 -5 6 4 2 0 -2 -4 -6 5 3 1 -1 -3 -5 6 4 2 0 -2 -4 -6 5 3 1 -1 -3 -5 6 4 2 0 -2 -4 -6 5 3 1 -1 -3 -5 6 4 2 0 -2 -4 -6 5 3 1 -1 -3 -5 6 4 2 0 -2 -4 -6 5 3 1 -1 -3 -5 6 4 2 0 -2 -4 -6 5 3 1 -1 -3 -5 6 4 2 0 -2 -4 -6 5 3 1 -1 -3 -5 6 4 2 0 -2 -4 -6 5 3 1 -1 -3 -5 6 4 2 0 -2 -4 -6 5 3 1 -1 -3 -5 6 4 2 0 -2 -4 -6 5 3 1 -1 -3 -5 6 4 2 0 -2 -4 -6 5 3 1 -1 -3 -5 6 4 2 0 -2 -4 -6 5 3 1 -1 -3 -5 6 4 2 0 -2 -4 -6 5 3 1 -1 -3 -5 6 4 2 0 -2 -4 -6 5 3 1 -1 -3 -5 6 4 2 0 -2 -4 -6 5 3 1 -1 -3 -5 6 4 2 0 -2 -4 -6 5 3 1 -1 -3 -5 6 4 2 0 -2 -4 -6 5 3 1 -1 -3 -5 6 4 2 0 -2 -4 -6 5 3 1 -1 -3 -5 6 4 2 0 -2 -4 -6 5 3 1 -1 -3 -5 6 4 2 0 -2 -4 -6 5 3 1 -1 -3 -5 6 4 2 0 -2 -4 -6 5 3 1 -1 -3 -5 6 4 2 0 -2 -4 -6 5 3 1 -1 -3 -5 6 4 2 0 -2 -4 -6 5 3 1 -1 -3 -5 6 4 2 0 -2 -4 -6 5 3 1 -1 -3 -5 6 4 2 0 -2 -4 -6 5 3 1 -1 -3 -5 6 4 2 0 -2 -4 -6 5 3 1 -1 -3 -5 6 4 2 0 -2 -4 -6 5 3 1 -1 -3 -5 6 4 2 0 -2 -4 -6 5 3 1 -1 -3 -5 6 4 2 0 -2 -4 -6 5 3 1 -1 -3 -5 6 4 2 0 -2 -4 -6 5 3 1 -1 -3 -5 6 4 2 0 -2 -4 -6 5 3 1 -1 -3 -5 6 4 2 0 -2 -4 -6 5 3 1 -1 -3 -5 6 4 2 0 -2 -4 -6 5 3 1 -1 -3 -5 6 4 2 0 -2 -4 -6 5 3 1 -1 -3 -5 6 4 2 0 -2 -4 -6 5 3 1 -1 -3 -5 6 4 2 0 -2 -4 -6 5 3 1 -1 -3 -5 6 4 2 0 -2 -4
0 -2 -4 -6 5 3 1 -1 -3 -5 6 4 2 0 -2 -4 -6 5 3 1 -1 -3 -5 6 4 2 0 -2 -4 -6 5 3 1 -1 -3 -5 6 4 2 0 -2 -4 -6 5 3 1 -1 -3 -5 6 4 2 0 -2 -4 -6 5 3 1 -1 -3 -5 6 4 2 0 -2 -4 -6 5 3 1 -1 -3 -5 6 4 2 0 -2 -4 -6 5 3 1 -1 -3 -5 6 4 2 0 -2 -4 -6 5 3 1 -1 -3 -5 6 4 2 0 -2 -4 -6 5 3 1 -1 -3 -5 6 4 2 0 -2 -4 -6 5 3 1 -1 -3 -5 6 4 2 0 -2 -4 -6 5 3 1 -1 -3 -5 6 4 2 0 -2 -4 -6 5 3 1 -1 -3 -5 6 4 2 0 -2 -4 -6 5 3 1 -1 -3 -5 6 4 2 0 -2 -4 -6 5 3 1 -1 -3 -5 6 4 2 0 -2 -4 -6 5 3 1 -1 -3 -5 6 4 2 0 -2 -4 -6 5 3 1 -1 -3 -5 6 4 2 0 -2 -4 -6 5 3 1 -1 -3 -5 6 4 2 0 -2 -4 -6 5 3 1 -1 -3 -5 6 4 2 0 -2 -4 -6 5 3 1 -1 -3 -5 6 4 2 0 -2 -4 -6 5 3 1 -1 -3 -5 6 4 2 0 -2 -4 -6 5 3 1 -1 -3 -5 6 4 2 0 -2 -4 -6 5 3 1 -1 -3 -5 6 4 2 0 -2 -4 -6 5 3 1 -1 -3 -5 6 4 2 0 -2 -4 -6 5 3 1 -1 -3 -5 6 4 2 0 -2 -4 -6 5 3 1 -1 -3 -5 6 4 2 0 -2 -4 -6 5 3 1 -1 -3 -5 6 4 2 0 -2 -4 -6 5 3 1 -1 -3 -5 6 4 2 0 -2 -4 -6 5 3 1 -1 -3 -5 6 4 2 0 -2 -4 -6 5 3 1 -1 -3 -5 6 4 2 0 -2 -4 -6 5 3 1 -1 -3 -5 6 4 2 0 -2 -4 -6 5 3 1 -1 -3 -5 6 4 2 0 -2 -4 -6 5 3 1 -1 -3 -5 6 4 2 0 -2 -4 -6 5 3 1 -1 -3 -5 6 4 2 0 -2 -4 -6 5 3 1 -1 -3 -5 6 4 2 0 -2 -4 -6 5 3 1 -1 -3 -5 6 4 2 0 -2 -4 -6 5 3 1 -1 -3 -5 6 4 2 0 -2 -4 -6 5 3 1 -1 -3 -5 6 4 2 0 -2 -4 -6 5 3 1 -1 -3 -5 6 4 2 0 -2 -4 -6 5 3
-6 5 3 1 -1 -3 -5 6 4 2 0 -2 -4 -6 5 3 1 -1 -3 -5 6 4 2 0 -2 -4 -6 5 3 1 -1 -3 -5 6 4 2 0 -2 -4 -6 5 3 1 -1 -3 -5 6 4 2 0 -2 -4 -6 5 3 1 -1 -3 -5 6 4 2 0 -2 -4 -6 5 3 1 -1 -3 -5 6 4 2 0 -2 -4 -6 5 3 1 -1 -3 -5 6 4 2 0 -2 -4 -6 5 3 1 -1 -3 -5 6 4 2 0 -2 -4 -6 5 3 1 -1 -3 -5 6 4 2 0 -2 -4 -6 5 3 1 -1 -3 -5 6 4 2 0 -2 -4 -6 5 3 1 -1 -3 -5 6 4 2 0 -2 -4 -6 5 3 1 -1 -3 -5 6 4 2 0 -2 -4 -6 5 3 1 -1 -3 -5 6 4 2 0 -2 -4 -6 5 3 1 -1 -3 -5 6 4 2 0 -2 -4 -6 5 3 1 -1 -3 -5 6 4 2 0 -2 -4 -6 5 3 1 -1 -3 -5 6 4 2 0 -2 -4 -6 5 3 1 -1 -3 -5 6 4 2 0 -2 -4 -6 5 3 1 -1 -3 -5 6 4 2 0 -2 -4 -6 5 3 1 -1 -3 -5 6 4 2 0 -2 -4 -6 5 3 1 -1 -3 -5 6 4 2 0 -2 -4 -6 5 3 1 -1 -3 -5 6 4 2 0 -2 -4 -6 5 3 1 -1 -3 -5 6 4 2 0 -2 -4 -6 5 3 1 -1 -3 -5 6 4 2 0 -2 -4 -6 5 3 1 -1 -3 -5 6 4 2 0 -2 -4 -6 5 3 1 -1 -3 -5 6 4 2 0 -2 -4 -6 5 3 1 -1 -3 -5 6 4 2 0 -2 -4 -6 5 3 1 -1 -3 -5 6 4 2 0 -2 -4 -6 5 3 1 -1 -3 -5 6 4 2 0 -2 -4 -6 5 3 1 -1 -3 -5 6 4 2 0 -2 -4 -6 5 3 1 -1 -3 -5 6 4 2 0 -2 -4 -6 5 3 1 -1 -3 -5 6 4 2 0 -2 -4 -6 5 3 1 -1 -3 -5 6 4 2 0 -2 -4 -6 5 3 1 -1 -3 -5 6 4 2 0 -2 -4 -6 5 3 1 -1 -3 -5 6 4 2 0 -2 -4 -6 5 3 1 -1 -3 -5 6 4 2 0 -2 -4 -6 5 3 1 -1 -3 -5 6 4 2 0 -2 -4 -6 5 3 1 -1 -3 -5 6 4 2 0 -2 -4 -6 5 3 1 -1 -3 -5 6 4 2 0 -2 -4 -6 5 3 1 -1 -3
1 -1 -3 -5 6 4 2 0 -2 -4 -6 5 3 1 -1 -3 -5 6 4 2 0 -2 -4 -6 5 3 1 -1 -3 -5 6 4 2 0 -2 -4 -6 5 3 1 -1 -3 -5 6 4 2 0 -2 -4 -6 5 3 1 -1 -3 -5 6 4 2 0 -2 -4 -6 5 3 1 -1 -3 -5 6 4 2 0 -2 -4 -6 5 3 1 -1 -3 -5 6 4 2 0 -2 -4 -6 5 3 1 -1 -3 -5 6 4 2 0 -2 -4 -6 5 3 1 -1 -3 -5 6 4 2 0 -2 -4 -6 5 3 1 -1 -3 -5 6 4 2 0 -2 -4 -6 5 3 1 -1 -3 -5 6 4 2 0 -2 -4 -6 5 3 1 -1 -3 -5 6 4 2 0 -2 -4 -6 5 3 1 -1 -3 -5 6 4 2 0 -2 -4 -6 5 3 1 -1 -3 -5 6 4 2 0 -2 -4 -6 5 3 1 -1 -3 -5 6 4 2 0 -2 -4 -6 5 3 1 -1 -3 -5 6 4 2 0 -2 -4 -6 5 3 1 -1 -3 -5 6 4 2 0 -2 -4 -6 5 3 1 -1 -3 -5 6 4 2 0 -2 -4 -6 5 3 1 -1 -3 -5 6 4 2 0 -2 -4 -6 5 3 1 -1 -3 -5 6 4 2 0 -2 -4 -6 5 3 1 -1 -3 -5 6 4 2 0 -2 -4 -6 5 3 1 -1 -3 -5 6 4 2 0 -2 -4 -6 5 3 1 -1 -3 -5 6 4 2 0 -2 -4 -6 5 3 1 -1 -3 -5 6 4 2 0 -2 -4 -6 5 3 1 -1 -3 -5 6 4 2 0 -2 -4 -6 5 3 1 -1 -3 -5 6 4 2 0 -2 -4 -6 5 3 1 -1 -3 -5 6 4 2 0 -2 -4 -6 5 3 1 -1 -3 -5 6 4 2 0 -2 -4 -6 5 3 1 -1 -3 -5 6 4 2 0 -2 -4 -6 5 3 1 -1 -3 -5 6 4 2 0 -2 -4 -6 5 3 1 -1 -3 -5 6 4 2 0 -2 -4 -6 5 3 1 -1 -3 -5 6 4 2 0 -2 -4 -6 5 3 1 -1 -3 -5 6 4 2 0 -2 -4 -6 5 3 1 -1 -3 -5 6 4 2 0 -2 -4 -6 5 3 1 -1 -3 -5 6 4 2 0 -2 -4 -6 5 3 1 -1 -3 -5 6 4 2 0 -2 -4 -6 5 3 1 -1 -3 -5 6 4 2 0 -2 -4 -6 5 3 1 -1 -3 -5 6 4 2 0 -2 -4 -6 5 3 1 -1 -3 -5 6 4
-5 6 4 2 0 -2 -4 -6 5 3 1 -1 -3 -5 6 4 2 0 -2 -4 -6 5 3 1 -1 -3 -5 6 4 2 0 -2 -4 -6 5 3 1 -1 -3 -5 6 4 2 0 -2 -4 -6 5 3 1 -1 -3 -5 6 4 2 0 -2 -4 -6 5 3 1 -1 -3 -5 6 4 2 0 -2 -4 -6 5 3 1 -1 -3 -5 6 4 2 0 -2 -4 -6 5 3 1 -1 -3 -5 6 4 2 0 -2 -4 -6 5 3 1 -1 -3 -5 6 4 2 0 -2 -4 -6 5 3 1 -1 -3 -5 6 4 2 0 -2 -4 -6 5 3 1 -1 -3 -5 6 4 2 0 -2 -4 -6 5 3 1 -1 -3 -5 6 4 2 0 -2 -4 -6 5 3 1 -1 -3 -5 6 4 2 0 -2 -4 -6 5 3 1 -1 -3 -5 6 4 2 0 -2 -4 -6 5 3 1 -1 -3 -5 6 4 2 0 -2 -4 -6 5 3 1 -1 -3 -5 6 4 2 0 -2 -4 -6 5 3 1 -1 -3 -5 6 4 2 0 -2 -4 -6 5 3 1 -1 -3 -5 6 4 2 0 -2 -4 -6 5 3 1 -1 -3 -5 6 4 2 0 -2 -4 -6 5 3 1 -1 -3 -5 6 4 2 0 -2 -4 -6 5 3 1 -1 -3 -5 6 4 2 0 -2 -4 -6 5 3 1 -1 -3 -5 6 4 2 0 -2 -4 -6 5 3 1 -1 -3 -5 6 4 2 0 -2 -4 -6 5 3 1 -1 -3 -5 6 4 2 0 -2 -4 -6 5 3 1 -1 -3 -5 6 4 2 0 -2 -4 -6 5 3 1 -1 -3 -5 6 4 2 0 -2 -4 -6 5 3 1 -1 -3 -5 6 4 2 0 -2 -4 -6 5 3 1 -1 -3 -5 6 4 2 0 -2 -4 -6 5 3 1 -1 -3 -5 6 4 2 0 -2 -4 -6 5 3 1 -1 -3 -5 6 4 2 0 -2 -4 -6 5 3 1 -1 -3 -5 6 4 2 0 -2 -4 -6 5 3 1 -1 -3 -5 6 4 2 0 -2 -4 -6 5 3 1 -1 -3 -5 6 4 2 0 -2 -4 -6 5 3 1 -1 -3 -5 6 4 2 0 -2 -4 -6 5 3 1 -1 -3 -5 6 4 2 0 -2 -4 -6 5 3 1 -1 -3 -5 6 4 2 0 -2 -4 -6 5 3 1 -1 -3 -5 6 4 2 0 -2 -4 -6 5 3 1 -1 -3 -5 6 4 2 0 -2 -4 -6 5 3 1 -1 -3 -5 6 4 2 0 -2
2 0 -2 -4 -6 5 3 1 -1 -3 -5 6 4 2 0 -2 -4 -6 5 3 1 -1 -3 -5 6 4 2 0 -2 -4 -6 5 3 1 -1 -3 -5 6 4 2 0 -2 -4 -6 5 3 1 -1 -3 -5 6 4 2 0 -2 -4 -6 5 3 1 -1 -3 -5 6 4 2 0 -2 -4 -6 5 3 1 -1 -3 -5 6 4 2 0 -2 -4 -6 5 3 1 -1 -3 -5 6 4 2 0 -2 -4 -6 5 3 1 -1 -3 -5 6 4 2 0 -2 -4 -6 5 3 1 -1 -3 -5 6 4 2 0 -2 -4 -6 5 3 1 -1 -3 -5 6 4 2 0 -2 -4 -6 5 3 1 -1 -3 -5 6 4 2 0 -2 -4 -6 5 3 1 -1 -3 -5 6 4 2 0 -2 -4 -6 5 3 1 -1 -3 -5 6 4 2 0 -2 -4 -6 5 3 1 -1 -3 -5 6 4 2 0 -2 -4 -6 5 3 1 -1 -3 -5 6 4 2 0 -2 -4 -6 5 3 1 -1 -3 -5 6 4 2 0 -2 -4 -6 5 3 1 -1 -3 -5 6 4 2 0 -2 -4 -6 5 3 1 -1 -3 -5 6 4 2 0 -2 -4 -6 5 3 1 -1 -3 -5 6 4 2 0 -2 -4 -6 5 3 1 -1 -3 -5 6 4 2 0 -2 -4 -6 5 3 1 -1 -3 -5 6 4 2 0 -2 -4 -6 5 3 1 -1 -3 -5 6 4 2 0 -2 -4 -6 5 3 1 -1 -3 -5 6 4 2 0 -2 -4 -6 5 3 1 -1 -3 -5 6 4 2 0 -2 -4 -6 5 3 1 -1 -3 -5 6 4 2 0 -2 -4 -6 5 3 1 -1 -3 -5 6 4 2 0 -2 -4 -6 5 3 1 -1 -3 -5 6 4 2 0 -2 -4 -6 5 3 1 -1 -3 -5 6 4 2 0 -2 -4 -6 5 3 1 -1 -3 -5 6 4 2 0 -2 -4 -6 5 3 1 -1 -3 -5 6 4 2 0 -2 -4 -6 5 3 1 -1 -3 -5 6 4 2 0 -2 -4 -6 5 3 1 -1 -3 -5 6 4 2 0 -2 -4 -6 5 3 1 -1 -3 -5 6 4 2 0 -2 -4 -6 5 3 1 -1 -3 -5 6 4 2 0 -2 -4 -6 5 3 1 -1 -3 -5 6 4 2 0 -2 -4 -6 5 3 1 -1 -3 -5 6 4 2 0 -2 -4 -6 5 3 1 -1 -3 -5 6 4 2 0 -2 -4 -6 5 3 1 -1 -3 -5 6 4 2 0 -2 -4 -6 5
-4 -6 5 3 1 -1 -3 -5 6 4 2 0 -2 -4 -6 5 3 1 -1 -3 -5 6 4 2 0 -2 -4 -6 5 3 1 -1 -3 -5 6 4 2 0 -2 -4 -6 5 3 1 -1 -3 -5 6 4 2 0 -2 -4 -6 5 3 1 -1 -3 -5 6 4 2 0 -2 -4 -6 5 3 1 -1 -3 -5 6 4 2 0 -2 -4 -6 5 3 1 -1 -3 -5 6 4 2 0 -2 -4 -6 5 3 1 -1 -3 -5 6 4 2 0 -2 -4 -6 5 3 1 -1 -3 -5 6 4 2 0 -2 -4 -6 5 3 1 -1 -3 -5 6 4 2 0 -2 -4 -6 5 3 1 -1 -3 -5 6 4 2 0 -2 -4 -6 5 3 1 -1 -3 -5 6 4 2 0 -2 -4 -6 5 3 1 -1 -3 -5 6 4 2 0 -2 -4 -6 5 3 1 -1 -3 -5 6 4 2 0 -2 -4 -6 5 3 1 -1 -3 -5 6 4 2 0 -2 -4 -6 5 3 1 -1 -3 -5 6 4 2 0 -2 -4 -6 5 3 1 -1 -3 -5 6 4 2 0 -2 -4 -6 5 3 1 -1 -3 -5 6 4 2 0 -2 -4 -6 5 3 1 -1 -3 -5 6 4 2 0 -2 -4 -6 5 3 1 -1 -3 -5 6 4 2 0 -2 -4 -6 5 3 1 -1 -3 -5 6 4 2 0 -2 -4 -6 5 3 1 -1 -3 -5 6 4 2 0 -2 -4 -6 5 3 1 -1 -3 -5 6 4 2 0 -2 -4 -6 5 3 1 -1 -3 -5 6 4 2 0 -2 -4 -6 5 3 1 -1 -3 -5 6 4 2 0 -2 -4 -6 5 3 1 -1 -3 -5 6 4 2 0 -2 -4 -6 5 3 1 -1 -3 -5 6 4 2 0 -2 -4 -6 5 3 1 -1 -3 -5 6 4 2 0 -2 -4 -6 5 3 1 -1 -3 -5 6 4 2 0 -2 -4 -6 5 3 1 -1 -3 -5 6 4 2 0 -2 -4 -6 5 3 1 -1 -3 -5 6 4 2 0 -2 -4 -6 5 3 1 -1 -3 -5 6 4 2 0 -2 -4 -6 5 3 1 -1 -3 -5 6 4 2 0 -2 -4 -6 5 3 1 -1 -3 -5 6 4 2 0 -2 -4 -6 5 3 1 -1 -3 -5 6 4 2 0 -2 -4 -6 5 3 1 -1 -3 -5 6 4 2 0 -2 -4 -6 5 3 1 -1 -3 -5 6 4 2 0 -2 -4 -6 5 3 1 -1 -3 -5 6 4 2 0 -2 -4 -6 5 3 1 -1
3 1 -1 -3 -5 6 4 2 0 -2 -4 -6 5 3 1 -1 -3 -5 6 4 2 0 -2 -4 -6 5 3 1 -1 -3 -5 6 4 2 0 -2 -4 -6 5 3 1 -1 -3 -5 6 4 2 0 -2 -4 -6 5 3 1 -1 -3 -5 6 4 2 0 -2 -4 -6 5 3 1 -1 -3 -5 6 4 2 0 -2 -4 -6 5 3 1 -1 -3 -5 6 4 2 0 -2 -4 -6 5 3 1 -1 -3 -5 6 4 2 0 -2 -4 -6 5 3 1 -1 -3 -5 6 4 2 0 -2 -4 -6 5 3 1 -1 -3 -5 6 4 2 0 -2 -4 -6 5 3 1 -1 -3 -5 6 4 2 0 -2 -4 -6 5 3 1 -1 -3 -5 6 4 2 0 -2 -4 -6 5 3 1 -1 -3 -5 6 4 2 0 -2 -4 -6 5 3 1 -1 -3 -5 6 4 2 0 -2 -4 -6 5 3 1 -1 -3 -5 6 4 2 0 -2 -4 -6 5 3 1 -1 -3 -5 6 4 2 0 -2 -4 -6 5 3 1 -1 -3 -5 6 4 2 0 -2 -4 -6 5 3 1 -1 -3 -5 6 4 2 0 -2 -4 -6 5 3 1 -1 -3 -5 6 4 2 0 -2 -4 -6 5 3 1 -1 -3 -5 6 4 2 0 -2 -4 -6 5 3 1 -1 -3 -5 6 4 2 0 -2 -4 -6 5 3 1 -1 -3 -5 6 4 2 0 -2 -4 -6 5 3 1 -1 -3 -5 6 4 2 0 -2 -4 -6 5 3 1 -1 -3 -5 6 4 2 0 -2 -4 -6 5 3 1 -1 -3 -5 6 4 2 0 -2 -4 -6 5 3 1 -1 -3 -5 6 4 2 0 -2 -4 -6 5 3 1 -1 -3 -5 6 4 2 0 -2 -4 -6 5 3 1 -1 -3 -5 6 4 2 0 -2 -4 -6 5 3 1 -1 -3 -5 6 4 2 0 -2 -4 -6 5 3 1 -1 -3 -5 6 4 2 0 -2 -4 -6 5 3 1 -1 -3 -5 6 4 2 0 -2 -4 -6 5 3 1 -1 -3 -5 6 4 2 0 -2 -4 -6 5 3 1 -1 -3 -5 6 4 2 0 -2 -4 -6 5 3 1 -1 -3 -5 6 4 2 0 -2 -4 -6 5 3 1 -1 -3 -5 6 4 2 0 -2 -4 -6 5 3 1 -1 -3 -5 6 4 2 0 -2 -4 -6 5 3 1 -1 -3 -5 6 4 2 0 -2 -4 -6 5 3 1 -1 -3 -5 6 4 2 0 -2 -4 -6 5 3 1 -1 -3 -5 6
-3 -5 6 4 2 0 -2 -4 -6 5 3 1 -1 -3 -5 6 4 2 0 -2 -4 -6 5 3 1 -1 -3 -5 6 4 2 0 -2 -4 -6 5 3 1 -1 -3 -5 6 4 2 0 -2 -4 -6 5 3 1 -1 -3 -5 6 4 2 0 -2 -4 -6 5 3 1 -1 -3 -5 6 4 2 0 -2 -4 -6 5 3 1 -1 -3 -5 6 4 2 0 -2 -4 -6 5 3 1 -1 -3 -5 6 4 2 0 -2 -4 -6 5 3 1 -1 -3 -5 6 4 2 0 -2 -4 -6 5 3 1 -1 -3 -5 6 4 2 0 -2 -4 -6 5 3 1 -1 -3 -5 6 4 2 0 -2 -4 -6 5 3 1 -1 -3 -5 6 4 2 0 -2 -4 -6 5 3 1 -1 -3 -5 6 4 2 0 -2 -4 -6 5 3 1 -1 -3 -5 6 4 2 0 -2 -4 -6 5 3 1 -1 -3 -5 6 4 2 0 -2 -4 -6 5 3 1 -1 -3 -5 6 4 2 0 -2 -4 -6 5 3 1 -1 -3 -5 6 4 2 0 -2 -4 -6 5 3 1 -1 -3 -5 6 4 2 0 -2 -4 -6 5 3 1 -1 -3 -5 6 4 2 0 -2 -4 -6 5 3 1 -1 -3 -5 6 4 2 0 -2 -4 -6 5 3 1 -1 -3 -5 6 4 2 0 -2 -4 -6 5 3 1 -1 -3 -5 6 4 2 0 -2 -4 -6 5 3 1 -1 -3 -5 6 4 2 0 -2 -4 -6 5 3 1 -1 -3 -5 6 4 2 0 -2 -4 -6 5 3 1 -1 -3 -5 6 4 2 0 -2 -4 -6 5 3 1 -1 -3 -5 6 4 2 0 -2 -4 -6 5 3 1 -1 -3 -5 6 4 2 0 -2 -4 -6 5 3 1 -1 -3 -5 6 4 2 0 -2 -4 -6 5 3 1 -1 -3 -5 6 4 2 0 -2 -4 -6 5 3 1 -1 -3 -5 6 4 2 0 -2 -4 -6 5 3 1 -1 -3 -5 6 4 2 0 -2 -4 -6 5 3 1 -1 -3 -5 6 4 2 0 -2 -4 -6 5 3 1 -1 -3 -5 6 4 2 0 -2 -4 -6 5 3 1 -1 -3 -5 6 4 2 0 -2 -4 -6 5 3 1 -1 -3 -5 6 4 2 0 -2 -4 -6 5 3 1 -1 -3 -5 6 4 2 0 -2 -4 -6 5 3 1 -1 -3 -5 6 4 2 0 -2 -4 -6 5 3 1 -1 -3 -5 6 4 2 0 -2 -4 -6 5 3 1 -1 -3 -5 6 4 2 0
4 2 0 -2 -4 -6 5 3 1 -1 -3 -5 6 4 2 0 -2 -4 -6 5 3 1 -1 -3 -5 6 4 2 0 -2 -4 -6 5 3 1 -1 -3 -5 6 4 2 0 -2 -4 -6 5 3 1 -1 -3 -5 6 4 2 0 -2 -4 -6 5 3 1 -1 -3 -5 6 4 2 0 -2 -4 -6 5 3 1 -1 -3 -5 6 4 2 0 -2 -4 -6 5 3 1 -1 -3 -5 6 4 2 0 -2 -4 -6 5 3 1 -1 -3 -5 6 4 2 0 -2 -4 -6 5 3 1 -1 -3 -5 6 4 2 0 -2 -4 -6 5 3 1 -1 -3 -5 6 4 2 0 -2 -4 -6 5 3 1 -1 -3 -5 6 4 2 0 -2 -4 -6 5 3 1 -1 -3 -5 6 4 2 0 -2 -4 -6 5 3 1 -1 -3 -5 6 4 2 0 -2 -4 -6 5 3 1 -1 -3 -5 6 4 2 0 -2 -4 -6 5 3 1 -1 -3 -5 6 4 2 0 -2 -4 -6 5 3 1 -1 -3 -5 6 4 2 0 -2 -4 -6 5 3 1 -1 -3 -5 6 4 2 0 -2 -4 -6 5 3 1 -1 -3 -5 6 4 2 0 -2 -4 -6 5 3 1 -1 -3 -5 6 4 2 0 -2 -4 -6 5 3 1 -1 -3 -5 6 4 2 0 -2 -4 -6 5 3 1 -1 -3 -5 6 4 2 0 -2 -4 -6 5 3 1 -1 -3 -5 6 4 2 0 -2 -4 -6 5 3 1 -1 -3 -5 6 4 2 0 -2 -4 -6 5 3 1 -1 -3 -5 6 4 2 0 -2 -4 -6 5 3 1 -1 -3 -5 6 4 2 0 -2 -4 -6 5 3 1 -1 -3 -5 6 4 2 0 -2 -4 -6 5 3 1 -1 -3 -5 6 4 2 0 -2 -4 -6 5 3 1 -1 -3 -5 6 4 2 0 -2 -4 -6 5 3 1 -1 -3 -5 6 4 2 0 -2 -4 -6 5 3 1 -1 -3 -5 6 4 2 0 -2 -4 -6 5 3 1 -1 -3 -5 6 4 2 0 -2 -4 -6 5 3 1 -1 -3 -5 6 4 2 0 -2 -4 -6 5 3 1 -1 -3 -5 6 4 2 0 -2 -4 -6 5 3 1 -1 -3 -5 6 4 2 0 -2 -4 -6 5 3 1 -1 -3 -5 6 4 2 0 -2 -4 -6 5 3 1 -1 -3 -5 6 4 2 0 -2 -4 -6 5 3 1 -1 -3 -5 6 4 2 0 -2 -4 -6 5 3 1 -1 -3 -5 6 4 2 0 -2 -4 -6
-2 -4 -6 5 3 1 -1 -3 -5 6 4 2 0 -2 -4 -6 5 3 1 -1 -3 -5 6 4 2 0 -2 -4 -6 5 3 1 -1 -3 -5 6 4 2 0 -2 -4 -6 5 3 1 -1 -3 -5 6 4 2 0 -2 -4 -6 5 3 1 -1 -3 -5 6 4 2 0 -2 -4 -6 5 3 1 -1 -3 -5 6 4 2 0 -2 -4 -6 5 3 1 -1 -3 -5 6 4 2 0 -2 -4 -6 5 3 1 -1 -3 -5 6 4 2 0 -2 -4 -6 5 3 1 -1 -3 -5 6 4 2 0 -2 -4 -6 5 3 1 -1 -3 -5 6 4 2 0 -2 -4 -6 5 3 1 -1 -3 -5 6 4 2 0 -2 -4 -6 5 3 1 -1 -3 -5 6 4 2 0 -2 -4 -6 5 3 1 -1 -3 -5 6 4 2 0 -2 -4 -6 5 3 1 -1 -3 -5 6 4 2 0 -2 -4 -6 5 3 1 -1 -3 -5 6 4 2 0 -2 -4 -6 5 3 1 -1 -3 -5 6 4 2 0 -2 -4 -6 5 3 1 -1 -3 -5 6 4 2 0 -2 -4 -6 5 3 1 -1 -3 -5 6 4 2 0 -2 -4 -6 5 3 1 -1 -3 -5 6 4 2 0 -2 -4 -6 5 3 1 -1 -3 -5 6 4 2 0 -2 -4 -6 5 3 1 -1 -3 -5 6 4 2 0 -2 -4 -6 5 3 1 -1 -3 -5 6 4 2 0 -2 -4 -6 5 3 1 -1 -3 -5 6 4 2 0 -2 -4 -6 5 3 1 -1 -3 -5 6 4 2 0 -2 -4 -6 5 3 1 -1 -3 -5 6 4 2 0 -2 -4 -6 5 3 1 -1 -3 -5 6 4 2 0 -2 -4 -6 5 3 1 -1 -3 -5 6 4 2 0 -2 -4 -6 5 3 1 -1 -3 -5 6 4 2 0 -2 -4 -6 5 3 1 -1 -3 -5 6 4 2 0 -2 -4 -6 5 3 1 -1 -3 -5 6 4 2 0 -2 -4 -6 5 3 1 -1 -3 -5 6 4 2 0 -2 -4 -6 5 3 1 -1 -3 -5 6 4 2 0 -2 -4 -6 5 3 1 -1 -3 -5 6 4 2 0 -2 -4 -6 5 3 1 -1 -3 -5 6 4 2 0 -2 -4 -6 5 3 1 -1 -3 -5 6 4 2 0 -2 -4 -6 5 3 1 -1 -3 -5 6 4 2 0 -2 -4 -6 5 3 1 -1 -3 -5 6 4 2 0 -2 -4 -6 5 3 1 -1 -3 -5 6 4 2 0 -2 -4 -6 5 3 1
5 3 1 -1 -3 -5 6 4 2 0 -2 -4 -6 5 3 1 -1 -3 -5 6 4 2 0 -2 -4 -6 5 3 1 -1 -3 -5 6 4 2 0 -2 -4 -6 5 3 1 -1 -3 -5 6 4 2 0 -2 -4 -6 5 3 1 -1 -3 -5 6 4 2 0 -2 -4 -6 5 3 1 -1 -3 -5 6 4 2 0 -2 -4 -6 5 3 1 -1 -3 -5 6 4 2 0 -2 -4 -6 5 3 1 -1 -3 -5 6 4 2 0 -2 -4 -6 5 3 1 -1 -3 -5 6 4 2 0 -2 -4 -6 5 3 1 -1 -3 -5 6 4 2 0 -2 -4 -6 5 3 1 -1 -3 -5 6 4 2 0 -2 -4 -6 5 3 1 -1 -3 -5 6 4 2 0 -2 -4 -6 5 3 1 -1 -3 -5 6 4 2 0 -2 -4 -6 5 3 1 -1 -3 -5 6 4 2 0 -2 -4 -6 5 3 1 -1 -3 -5 6 4 2 0 -2 -4 -6 5 3 1 -1 -3 -5 6 4 2 0 -2 -4 -6 5 3 1 -1 -3 -5 6 4 2 0 -2 -4 -6 5 3 1 -1 -3 -5 6 4 2 0 -2 -4 -6 5 3 1 -1 -3 -5 6 4 2 0 -2 -4 -6 5 3 1 -1 -3 -5 6 4 2 0 -2 -4 -6 5 3 1 -1 -3 -5 6 4 2 0 -2 -4 -6 5 3 1 -1 -3 -5 6 4 2 0 -2 -4 -6 5 3 1 -1 -3 -5 6 4 2 0 -2 -4 -6 5 3 1 -1 -3 -5 6 4 2 0 -2 -4 -6 5 3 1 -1 -3 -5 6 4 2 0 -2 -4 -6 5 3 1 -1 -3 -5 6 4 2 0 -2 -4 -6 5 3 1 -1 -3 -5 6 4 2 0 -2 -4 -6 5 3 1 -1 -3 -5 6 4 2 0 -2 -4 -6 5 3 1 -1 -3 -5 6 4 2 0 -2 -4 -6 5 3 1 -1 -3 -5 6 4 2 0 -2 -4 -6 5 3 1 -1 -3 -5 6 4 2 0 -2 -4 -6 5 3 1 -1 -3 -5 6 4 2 0 -2 -4 -6 5 3 1 -1 -3 -5 6 4 2 0 -2 -4 -6 5 3 1 -1 -3 -5 6 4 2 0 -2 -4 -6 5 3 1 -1 -3 -5 6 4 2 0 -2 -4 -6 5 3 1 -1 -3 -5 6 4 2 0 -2 -4 -6 5 3 1 -1 -3 -5 6 4 2 0 -2 -4 -6 5 3 1 -1 -3 -5 6 4 2 0 -2 -4 -6 5 3 1 -1 -3 -5
-1 -3 -5 6 4 2 0 -2 -4 -6 5 3 1 -1 -3 -5 6 4 2 0 -2 -4 -6 5 3 1 -1 -3 -5 6 4 2 0 -2 -4 -6 5 3 1 -1 -3 -5 6 4 2 0 -2 -4 -6 5 3 1 -1 -3 -5 6 4 2 0 -2 -4 -6 5 3 1 -1 -3 -5 6 4 2 0 -2 -4 -6 5 3 1 -1 -3 -5 6 4 2 0 -2 -4 -6 5 3 1 -1 -3 -5 6 4 2 0 -2 -4 -6 5 3 1 -1 -3 -5 6 4 2 0 -2 -4 -6 5 3 1 -1 -3 -5 6 4 2 0 -2 -4 -6 5 3 1 -1 -3 -5 6 4 2 0 -2 -4 -6 5 3 1 -1 -3 -5 6 4 2 0 -2 -4 -6 5 3 1 -1 -3 -5 6 4 2 0 -2 -4 -6 5 3 1 -1 -3 -5 6 4 2 0 -2 -4 -6 5 3 1 -1 -3 -5 6 4 2 0 -2 -4 -6 5 3 1 -1 -3 -5 6 4 2 0 -2 -4 -6 5 3 1 -1 -3 -5 6 4 2 0 -2 -4 -6 5 3 1 -1 -3 -5 6 4 2 0 -2 -4 -6 5 3 1 -1 -3 -5 6 4 2 0 -2 -4 -6 5 3 1 -1 -3 -5 6 4 2 0 -2 -4 -6 5 3 1 -1 -3 -5 6 4 2 0 -2 -4 -6 5 3 1 -1 -3 -5 6 4 2 0 -2 -4 -6 5 3 1 -1 -3 -5 6 4 2 0 -2 -4 -6 5 3 1 -1 -3 -5 6 4 2 0 -2 -4 -6 5 3 1 -1 -3 -5 6 4 2 0 -2 -4 -6 5 3 1 -1 -3 -5 6 4 2 0 -2 -4 -6 5 3 1 -1 -3 -5 6 4 2 0 -2 -4 -6 5 3 1 -1 -3 -5 6 4 2 0 -2 -4 -6 5 3 1 -1 -3 -5 6 4 2 0 -2 -4 -6 5 3 1 -1 -3 -5 6 4 2 0 -2 -4 -6 5 3 1 -1 -3 -5 6 4 2 0 -2 -4 -6 5 3 1 -1 -3 -5 6 4 2 0 -2 -4 -6 5 3 1 -1 -3 -5 6 4 2 0 -2 -4 -6 5 3 1 -1 -3 -5 6 4 2 0 -2 -4 -6 5 3 1 -1 -3 -5 6 4 2 0 -2 -4 -6 5 3 1 -1 -3 -5 6 4 2 0 -2 -4 -6 5 3 1 -1 -3 -5 6 4 2 0 -2 -4 -6 5 3 1 -1 -3 -5 6 4 2 0 -2 -4 -6 5 3 1 -1 -3 -5 6 4 2
6 4 2 0 -2 -4 -6 5 3 1 -1 -3 -5 6 4 2 0 -2 -4 -6 5 3 1 -1 -3 -5 6 4 2 0 -2 -4 -6 5 3 1 -1 -3 -5 6 4 2 0 -2 -4 -6 5 3 1 -1 -3 -5 6 4 2 0 -2 -4 -6 5 3 1 -1 -3 -5 6 4 2 0 -2 -4 -6 5 3 1 -1 -3 -5 6 4 2 0 -2 -4 -6 5 3 1 -1 -3 -5 6 4 2 0 -2 -4 -6 5 3 1 -1 -3 -5 6 4 2 0 -2 -4 -6 5 3 1 -1 -3 -5 6 4 2 0 -2 -4 -6 5 3 1 -1 -3 -5 6 4 2 0 -2 -4 -6 5 3 1 -1 -3 -5 6 4 2 0 -2 -4 -6 5 3 1 -1 -3 -5 6 4 2 0 -2 -4 -6 5 3 1 -1 -3 -5 6 4 2 0 -2 -4 -6 5 3 1 -1 -3 -5 6 4 2 0 -2 -4 -6 5 3 1 -1 -3 -5 6 4 2 0 -2 -4 -6 5 3 1 -1 -3 -5 6 4 2 0 -2 -4 -6 5 3 1 -1 -3 -5 6 4 2 0 -2 -4 -6 5 3 1 -1 -3 -5 6 4 2 0 -2 -4 -6 5 3 1 -1 -3 -5 6 4 2 0 -2 -4 -6 5 3 1 -1 -3 -5 6 4 2 0 -2 -4 -6 5 3 1 -1 -3 -5 6 4 2 0 -2 -4 -6 5 3 1 -1 -3 -5 6 4 2 0 -2 -4 -6 5 3 1 -1 -3 -5 6 4 2 0 -2 -4 -6 5 3 1 -1 -3 -5 6 4 2 0 -2 -4 -6 5 3 1 -1 -3 -5 6 4 2 0 -2 -4 -6 5 3 1 -1 -3 -5 6 4 2 0 -2 -4 -6 5 3 1 -1 -3 -5 6 4 2 0 -2 -4 -6 5 3 1 -1 -3 -5 6 4 2 0 -2 -4 -6 5 3 1 -1 -3 -5 6 4 2 0 -2 -4 -6 5 3 1 -1 -3 -5 6 4 2 0 -2 -4 -6 5 3 1 -1 -3 -5 6 4 2 0 -2 -4 -6 5 3 1 -1 -3 -5 6 4 2 0 -2 -4 -6 5 3 1 -1 -3 -5 6 4 2 0 -2 -4 -6 5 3 1 -1 -3 -5 6 4 2 0 -2 -4 -6 5 3 1 -1 -3 -5 6 4 2 0 -2 -4 -6 5 3 1 -1 -3 -5 6 4 2 0 -2 -4 -6 5 3 1 -1 -3 -5 6 4 2 0 -2 -4 -6 5 3 1 -1 -3 -5 6 4 2 0 -2 -4
0 -2 -4 -6 5 3 1 -1 -3 -5 6 4 2 0 -2 -4 -6 5 3 1 -1 -3 -5 6 4 2 0 -2 -4 -6 5 3 1 -1 -3 -5 6 4 2 0 -2 -4 -6 5 3 1 -1 -3 -5 6 4 2 0 -2 -4 -6 5 3 1 -1 -3 -5 6 4 2 0 -2 -4 -6 5 3 1 -1 -3 -5 6 4 2 0 -2 -4 -6 5 3 1 -1 -3 -5 6 4 2 0 -2 -4 -6 5 3 1 -1 -3 -5 6 4 2 0 -2 -4 -6 5 3 1 -1 -3 -5 6 4 2 0 -2 -4 -6 5 3 1 -1 -3 -5 6 4 2 0 -2 -4 -6 5 3 1 -1 -3 -5 6 4 2 0 -2 -4 -6 5 3 1 -1 -3 -5 6 4 2 0 -2 -4 -6 5 3 1 -1 -3 -5 6 4 2 0 -2 -4 -6 5 3 1 -1 -3 -5 6 4 2 0 -2 -4 -6 5 3 1 -1 -3 -5 6 4 2 0 -2 -4 -6 5 3 1 -1 -3 -5 6 4 2 0 -2 -4 -6 5 3 1 -1 -3 -5 6 4 2 0 -2 -4 -6 5 3 1 -1 -3 -5 6 4 2 0 -2 -4 -6 5 3 1 -1 -3 -5 6 4 2 0 -2 -4 -6 5 3 1 -1 -3 -5 6 4 2 0 -2 -4 -6 5 3 1 -1 -3 -5 6 4 2 0 -2 -4 -6 5 3 1 -1 -3 -5 6 4 2 0 -2 -4 -6 5 3 1 -1 -3 -5 6 4 2 0 -2 -4 -6 5 3 1 -1 -3 -5 6 4 2 0 -2 -4 -6 5 3 1 -1 -3 -5 6 4 2 0 -2 -4 -6 5 3 1 -1 -3 -5 6 4 2 0 -2 -4 -6 5 3 1 -1 -3 -5 6 4 2 0 -2 -4 -6 5 3 1 -1 -3 -5 6 4 2 0 -2 -4 -6 5 3 1 -1 -3 -5 6 4 2 0 -2 -4 -6 5 3 1 -1 -3 -5 6 4 2 0 -2 -4 -6 5 3 1 -1 -3 -5 6 4 2 0 -2 -4 -6 5 3 1 -1 -3 -5 6 4 2 0 -2 -4 -6 5 3 1 -1 -3 -5 6 4 2 0 -2 -4 -6 5 3 1 -1 -3 -5 6 4 2 0 -2 -4 -6 5 3 1 -1 -3 -5 6 4 2 0 -2 -4 -6 5 3 1 -1 -3 -5 6 4 2 0 -2 -4 -6 5 3 1 -1 -3 -5 6 4 2 0 -2 -4 -6 5 3 1 -1 -3 -5 6 4 2 0 -2 -4 -6 5 3
-6 5 3 1 -1 -3 -5 6 4 2 0 -2 -4 -6 5 3 1 -1 -3 -5 6 4 2 0 -2 -4 -6 5 3 1 -1 -3 -5 6 4 2 0 -2 -4 -6 5 3 1 -1 -3 -5 6 4 2 0 -2 -4 -6 5 3 1 -1 -3 -5 6 4 2 0 -2 -4 -6 5 3 1 -1 -3 -5 6 4 2 0 -2 -4 -6 5 3 1 -1 -3 -5 6 4 2 0 -2 -4 -6 5 3 1 -1 -3 -5 6 4 2 0 -2 -4 -6 5 3 1 -1 -3 -5 6 4 2 0 -2 -4 -6 5 3 1 -1 -3 -5 6 4 2 0 -2 -4 -6 5 3 1 -1 -3 -5 6 4 2 0 -2 -4 -6 5 3 1 -1 -3 -5 6 4 2 0 -2 -4 -6 5 3 1 -1 -3 -5 6 4 2 0 -2 -4 -6 5 3 1 -1 -3 -5 6 4 2 0 -2 -4 -6 5 3 1 -1 -3 -5 6 4 2 0 -2 -4 -6 5 3 1 -1 -3 -5 6 4 2 0 -2 -4 -6 5 3 1 -1 -3 -5 6 4 2 0 -2 -4 -6 5 3 1 -1 -3 -5 6 4 2 0 -2 -4 -6 5 3 1 -1 -3 -5 6 4 2 0 -2 -4 -6 5 3 1 -1 -3 -5 6 4 2 0 -2 -4 -6 5 3 1 -1 -3 -5 6 4 2 0 -2 -4 -6 5 3 1 -1 -3 -5 6 4 2 0 -2 -4 -6 5 3 1 -1 -3 -5 6 4 2 0 -2 -4 -6 5 3 1 -1 -3 -5 6 4 2 0 -2 -4 -6 5 3 1 -1 -3 -5 6 4 2 0 -2 -4 -6 5 3 1 -1 -3 -5 6 4 2 0 -2 -4 -6 5 3 1 -1 -3 -5 6 4 2 0 -2 -4 -6 5 3 1 -1 -3 -5 6 4 2 0 -2 -4 -6 5 3 1 -1 -3 -5 6 4 2 0 -2 -4 -6 5 3 1 -1 -3 -5 6 4 2 0 -2 -4 -6 5 3 1 -1 -3 -5 6 4 2 0 -2 -4 -6 5 3 1 -1 -3 -5 6 4 2 0 -2 -4 -6 5 3 1 -1 -3 -5 6 4 2 0 -2 -4 -6 5 3 1 -1 -3 -5 6 4 2 0 -2 -4 -6 5 3 1 -1 -3 -5 6 4 2 0 -2 -4 -6 5 3 1 -1 -3 -5 6 4 2 0 -2 -4 -6 5 3 1 -1 -3 -5 6 4 2 0 -2 -4 -6 5 3 1 -1 -3 -5 6 4 2 0 -2 -4 -6 5 3 1 -1 -3
1 -1 -3 -5 6 4 2 0 -2 -4 -6 5 3 1 -1 -3 -5 6 4 2 0 -2 -4 -6 5 3 1 -1 -3 -5 6 4 2 0 -2 -4 -6 5 3 1 -1 -3 -5 6 4 2 0 -2 -4 -6 5 3 1 -1 -3 -5 6 4 2 0 -2 -4 -6 5 3 1 -1 -3 -5 6 4 2 0 -2 -4 -6 5 3 1 -1 -3 -5 6 4 2 0 -2 -4 -6 5 3 1 -1 -3 -5 6 4 2 0 -2 -4 -6 5 3 1 -1 -3 -5 6 4 2 0 -2 -4 -6 5 3 1 -1 -3 -5 6 4 2 0 -2 -4 -6 5 3 1 -1 -3 -5 6 4 2 0 -2 -4 -6 5 3 1 -1 -3 -5 6 4 2 0 -2 -4 -6 5 3 1 -1 -3 -5 6 4 2 0 -2 -4 -6 5 3 1 -1 -3 -5 6 4 2 0 -2 -4 -6 5 3 1 -1 -3 -5 6 4 2 0 -2 -4 -6 5 3 1 -1 -3 -5 6 4 2 0 -2 -4 -6 5 3 1 -1 -3 -5 6 4 2 0 -2 -4 -6 5 3 1 -1 -3 -5 6 4 2 0 -2 -4 -6 5 3 1 -1 -3 -5 6 4 2 0 -2 -4 -6 5 3 1 -1 -3 -5 6 4 2 0 -2 -4 -6 5 3 1 -1 -3 -5 6 4 2 0 -2 -4 -6 5 3 1 -1 -3 -5 6 4 2 0 -2 -4 -6 5 3 1 -1 -3 -5 6 4 2 0 -2 -4 -6 5 3 1 -1 -3 -5 6 4 2 0 -2 -4 -6 5 3 1 -1 -3 -5 6 4 2 0 -2 -4 -6 5 3 1 -1 -3 -5 6 4 2 0 -2 -4 -6 5 3 1 -1 -3 -5 6 4 2 0 -2 -4 -6 5 3 1 -1 -3 -5 6 4 2 0 -2 -4 -6 5 3 1 -1 -3 -5 6 4 2 0 -2 -4 -6 5 3 1 -1 -3 -5 6 4 2 0 -2 -4 -6 5 3 1 -1 -3 -5 6 4 2 0 -2 -4 -6 5 3 1 -1 -3 -5 6 4 2 0 -2 -4 -6 5 3 1 -1 -3 -5 6 4 2 0 -2 -4 -6 5 3 1 -1 -3 -5 6 4 2 0 -2 -4 -6 5 3 1 -1 -3 -5 6 4 2 0 -2 -4 -6 5 3 1 -1 -3 -5 6 4 2 0 -2 -4 -6 5 3 1 -1 -3 -5 6 4 2 0 -2 -4 -6 5 3 1 -1 -3 -5 6 4 2 0 -2 -4 -6 5 3 1 -1 -3 -5 6 4
-5 6 4 2 0 -2 -4 -6 5 3 1 -1 -3 -5 6 4 2 0 -2 -4 -6 5 3 1 -1 -3 -5 6 4 2 0 -2 -4 -6 5 3 1 -1 -3 -5 6 4 2 0 -2 -4 -6 5 3 1 -1 -3 -5 6 4 2 0 -2 -4 -6 5 3 1 -1 -3 -5 6 4 2 0 -2 -4 -6 5 3 1 -1 -3 -5 6 4 2 0 -2 -4 -6 5 3 1 -1 -3 -5 6 4 2 0 -2 -4 -6 5 3 1 -1 -3 -5 6 4 2 0 -2 -4 -6 5 3 1 -1 -3 -5 6 4 2 0 -2 -4 -6 5 3 1 -1 -3 -5 6 4 2 0 -2 -4 -6 5 3 1 -1 -3 -5 6 4 2 0 -2 -4 -6 5 3 1 -1 -3 -5 6 4 2 0 -2 -4 -6 5 3 1 -1 -3 -5 6 4 2 0 -2 -4 -6 5 3 1 -1 -3 -5 6 4 2 0 -2 -4 -6 5 3 1 -1 -3 -5 6 4 2 0 -2 -4 -6 5 3 1 -1 -3 -5 6 4 2 0 -2 -4 -6 5 3 1 -1 -3 -5 6 4 2 0 -2 -4 -6 5 3 1 -1 -3 -5 6 4 2 0 -2 -4 -6 5 3 1 -1 -3 -5 6 4 2 0 -2 -4 -6 5 3 1 -1 -3 -5 6 4 2 0 -2 -4 -6 5 3 1 -1 -3 -5 6 4 2 0 -2 -4 -6 5 3 1 -1 -3 -5 6 4 2 0 -2 -4 -6 5 3 1 -1 -3 -5 6 4 2 0 -2 -4 -6 5 3 1 -1 -3 -5 6 4 2 0 -2 -4 -6 5 3 1 -1 -3 -5 6 4 2 0 -2 -4 -6 5 3 1 -1 -3 -5 6 4 2 0 -2 -4 -6 5 3 1 -1 -3 -5 6 4 2 0 -2 -4 -6 5 3 1 -1 -3 -5 6 4 2 0 -2 -4 -6 5 3 1 -1 -3 -5 6 4 2 0 -2 -4 -6 5 3 1 -1 -3 -5 6 4 2 0 -2 -4 -6 5 3 1 -1 -3 -5 6 4 2 0 -2 -4 -6 5 3 1 -1 -3 -5 6 4 2 0 -2 -4 -6 5 3 1 -1 -3 -5 6 4 2 0 -2 -4 -6 5 3 1 -1 -3 -5 6 4 2 0 -2 -4 -6 5 3 1 -1 -3 -5 6 4 2 0 -2 -4 -6 5 3 1 -1 -3 -5 6 4 2 0 -2 -4 -6 5 3 1 -1 -3 -5 6 4 2 0 -2 -4 -6 5 3 1 -1 -3 -5 6 4 2 0 -2
2 0 -2 -4 -6 5 3 1 -1 -3 -5 6 4 2 0 -2 -4 -6 5 3 1 -1 -3 -5 6 4 2 0 -2 -4 -6 5 3 1 -1 -3 -5 6 4 2 0 -2 -4 -6 5 3 1 -1 -3 -5 6 4 2 0 -2 -4 -6 5 3 1 -1 -3 -5 6 4 2 0 -2 -4 -6 5 3 1 -1 -3 -5 6 4 2 0 -2 -4 -6 5 3 1 -1 -3 -5 6 4 2 0 -2 -4 -6 5 3 1 -1 -3 -5 6 4 2 0 -2 -4 -6 5 3 1 -1 -3 -5 6 4 2 0 -2 -4 -6 5 3 1 -1 -3 -5 6 4 2 0 -2 -4 -6 5 3 1 -1 -3 -5 6 4 2 0 -2 -4 -6 5 3 1 -1 -3 -5 6 4 2 0 -2 -4 -6 5 3 1 -1 -3 -5 6 4 2 0 -2 -4 -6 5 3 1 -1 -3 -5 6 4 2 0 -2 -4 -6 5 3 1 -1 -3 -5 6 4 2 0 -2 -4 -6 5 3 1 -1 -3 -5 6 4 2 0 -2 -4 -6 5 3 1 -1 -3 -5 6 4 2 0 -2 -4 -6 5 3 1 -1 -3 -5 6 4 2 0 -2 -4 -6 5 3 1 -1 -3 -5 6 4 2 0 -2 -4 -6 5 3 1 -1 -3 -5 6 4 2 0 -2 -4 -6 5 3 1 -1 -3 -5 6 4 2 0 -2 -4 -6 5 3 1 -1 -3 -5 6 4 2 0 -2 -4 -6 5 3 1 -1 -3 -5 6 4 2 0 -2 -4 -6 5 3 1 -1 -3 -5 6 4 2 0 -2 -4 -6 5 3 1 -1 -3 -5 6 4 2 0 -2 -4 -6 5 3 1 -1 -3 -5 6 4 2 0 -2 -4 -6 5 3 1 -1 -3 -5 6 4 2 0 -2 -4 -6 5 3 1 -1 -3 -5 6 4 2 0 -2 -4 -6 5 3 1 -1 -3 -5 6 4 2 0 -2 -4 -6 5 3 1 -1 -3 -5 6 4 2 0 -2 -4 -6 5 3 1 -1 -3 -5 6 4 2 0 -2 -4 -6 5 3 1 -1 -3 -5 6 4 2 0 -2 -4 -6 5 3 1 -1 -3 -5 6 4 2 0 -2 -4 -6 5 3 1 -1 -3 -5 6 4 2 0 -2 -4 -6 5 3 1 -1 -3 -5 6 4 2 0 -2 -4 -6 5 3 1 -1 -3 -5 6 4 2 0 -2 -4 -6 5 3 1 -1 -3 -5 6 4 2 0 -2 -4 -6 5 3 1 -1 -3 -5 6 4 2 0 -2 -4 -6 5
-4 -6 5 3 1 -1 -3 -5 6 4 2 0 -2 -4 -6 5 3 1 -1 -3 -5 6 4 2 0 -2 -4 -6 5 3 1 -1 -3 -5 6 4 2 0 -2 -4 -6 5 3 1 -1 -3 -5 6 4 2 0 -2 -4 -6 5 3 1 -1 -3 -5 6 4 2 0 -2 -4 -6 5 3 1 -1 -3 -5 6 4 2 0 -2 -4 -6 5 3 1 -1 -3 -5 6 4 2 0 -2 -4 -6 5 3 1 -1 -3 -5 6 4 2 0 -2 -4 -6 5 3 1 -1 -3 -5 6 4 2 0 -2 -4 -6 5 3 1 -1 -3 -5 6 4 2 0 -2 -4 -6 5 3 1 -1 -3 -5 6 4 2 0 -2 -4 -6 5 3 1 -1 -3 -5 6 4 2 0 -2 -4 -6 5 3 1 -1 -3 -5 6 4 2 0 -2 -4 -6 5 3 1 -1 -3 -5 6 4 2 0 -2 -4 -6 5 3 1 -1 -3 -5 6 4 2 0 -2 -4 -6 5 3 1 -1 -3 -5 6 4 2 0 -2 -4 -6 5 3 1 -1 -3 -5 6 4 2 0 -2 -4 -6 5 3 1 -1 -3 -5 6 4 2 0 -2 -4 -6 5 3 1 -1 -3 -5 6 4 2 0 -2 -4 -6 5 3 1 -1 -3 -5 6 4 2 0 -2 -4 -6 5 3 1 -1 -3 -5 6 4 2 0 -2 -4 -6 5 3 1 -1 -3 -5 6 4 2 0 -2 -4 -6 5 3 1 -1 -3 -5 6 4 2 0 -2 -4 -6 5 3 1 -1 -3 -5 6 4 2 0 -2 -4 -6 5 3 1 -1 -3 -5 6 4 2 0 -2 -4 -6 5 3 1 -1 -3 -5 6 4 2 0 -2 -4 -6 5 3 1 -1 -3 -5 6 4 2 0 -2 -4 -6 5 3 1 -1 -3 -5 6 4 2 0 -2 -4 -6 5 3 1 -1 -3 -5 6 4 2 0 -2 -4 -6 5 3 1 -1 -3 -5 6 4 2 0 -2 -4 -6 5 3 1 -1 -3 -5 6 4 2 0 -2 -4 -6 5 3 1 -1 -3 -5 6 4 2 0 -2 -4 -6 5 3 1 -1 -3 -5 6 4 2 0 -2 -4 -6 5 3 1 -1 -3 -5 6 4 2 0 -2 -4 -6 5 3 1 -1 -3 -5 6 4 2 0 -2 -4 -6 5 3 1 -1 -3 -5 6 4 2 0 -2 -4 -6 5 3 1 -1 -3 -5 6 4 2 0 -2 -4 -6 5 3 1 -1 -3 -5 6 4 2 0 -2 -4 -6 5 3 1 -1
3 1 -1 -3 -5 6 4 2 0 -2 -4 -6 5 3 1 -1 -3 -5 6 4 2 0 -2 -4 -6 5 3 1 -1 -3 -5 6 4 2 0 -2 -4 -6 5 3 1 -1 -3 -5 6 4 2 0 -2 -4 -6 5 3 1 -1 -3 -5 6 4 2 0 -2 -4 -6 5 3 1 -1 -3 -5 6 4 2 0 -2 -4 -6 5 3 1 -1 -3 -5 6 4 2 0 -2 -4 -6 5 3 1 -1 -3 -5 6 4 2 0 -2 -4 -6 5 3 1 -1 -3 -5 6 4 2 0 -2 -4 -6 5 3 1 -1 -3 -5 6 4 2 0 -2 -4 -6 5 3 1 -1 -3 -5 6 4 2 0 -2 -4 -6 5 3 1 -1 -3 -5 6 4 2 0 -2 -4 -6 5 3 1 -1 -3 -5 6 4 2 0 -2 -4 -6 5 3 1 -1 -3 -5 6 4 2 0 -2 -4 -6 5 3 1 -1 -3 -5 6 4 2 0 -2 -4 -6 5 3 1 -1 -3 -5 6 4 2 0 -2 -4 -6 5 3 1 -1 -3 -5 6 4 2 0 -2 -4 -6 5 3 1 -1 -3 -5 6 4 2 0 -2 -4 -6 5 3 1 -1 -3 -5 6 4 2 0 -2 -4 -6 5 3 1 -1 -3 -5 6 4 2 0 -2 -4 -6 5 3 1 -1 -3 -5 6 4 2 0 -2 -4 -6 5 3 1 -1 -3 -5 6 4 2 0 -2 -4 -6 5 3 1 -1 -3 -5 6 4 2 0 -2 -4 -6 5 3 1 -1 -3 -5 6 4 2 0 -2 -4 -6 5 3 1 -1 -3 -5 6 4 2 0 -2 -4 -6 5 3 1 -1 -3 -5 6 4 2 0 -2 -4 -6 5 3 1 -1 -3 -5 6 4 2 0 -2 -4 -6 5 3 1 -1 -3 -5 6 4 2 0 -2 -4 -6 5 3 1 -1 -3 -5 6 4 2 0 -2 -4 -6 5 3 1 -1 -3 -5 6 4 2 0 -2 -4 -6 5 3 1 -1 -3 -5 6 4 2 0 -2 -4 -6 5 3 1 -1 -3 -5 6 4 2 0 -2 -4 -6 5 3 1 -1 -3 -5 6 4 2 0 -2 -4 -6 5 3 1 -1 -3 -5 6 4 2 0 -2 -4 -6 5 3 1 -1 -3 -5 6 4 2 0 -2 -4 -6 5 3 1 -1 -3 -5 6 4 2 0 -2 -4 -6 5 3 1 -1 -3 -5 6 4 2 0 -2 -4 -6 5 3 1 -1 -3 -5 6 4 2 0 -2 -4 -6 5 3 1 -1 -3 -5 6
-3 -5 6 4 2 0 -2 -4 -6 5 3 1 -1 -3 -5 6 4 2 0 -2 -4 -6 5 3 1 -1 -3 -5 6 4 2 0 -2 -4 -6 5 3 1 -1 -3 -5 6 4 2 0 -2 -4 -6 5 3 1 -1 -3 -5 6 4 2 0 -2 -4 -6 5 3 1 -1 -3 -5 6 4 2 0 -2 -4 -6 5 3 1 -1 -3 -5 6 4 2 0 -2 -4 -6 5 3 1 -1 -3 -5 6 4 2 0 -2 -4 -6 5 3 1 -1 -3 -5 6 4 2 0 -2 -4 -6 5 3 1 -1 -3 -5 6 4 2 0 -2 -4 -6 5 3 1 -1 -3 -5 6 4 2 0 -2 -4 -6 5 3 1 -1 -3 -5 6 4 2 0 -2 -4 -6 5 3 1 -1 -3 -5 6 4 2 0 -2 -4 -6 5 3 1 -1 -3 -5 6 4 2 0 -2 -4 -6 5 3 1 -1 -3 -5 6 4 2 0 -2 -4 -6 5 3 1 -1 -3 -5 6 4 2 0 -2 -4 -6 5 3 1 -1 -3 -5 6 4 2 0 -2 -4 -6 5 3 1 -1 -3 -5 6 4 2 0 -2 -4 -6 5 3 1 -1 -3 -5 6 4 2 0 -2 -4 -6 5 3 1 -1 -3 -5 6 4 2 0 -2 -4 -6 5 3 1 -1 -3 -5 6 4 2 0 -2 -4 -6 5 3 1 -1 -3 -5 6 4 2 0 -2 -4 -6 5 3 1 -1 -3 -5 6 4 2 0 -2 -4 -6 5 3 1 -1 -3 -5 6 4 2 0 -2 -4 -6 5 3 1 -1 -3 -5 6 4 2 0 -2 -4 -6 5 3 1 -1 -3 -5 6 4 2 0 -2 -4 -6 5 3 1 -1 -3 -5 6 4 2 0 -2 -4 -6 5 3 1 -1 -3 -5 6 4 2 0 -2 -4 -6 5 3 1 -1 -3 -5 6 4 2 0 -2 -4 -6 5 3 1 -1 -3 -5 6 4 2 0 -2 -4 -6 5 3 1 -1 -3 -5 6 4 2 0 -2 -4 -6 5 3 1 -1 -3 -5 6 4 2 0 -2 -4 -6 5 3 1 -1 -3 -5 6 4 2 0 -2 -4 -6 5 3 1 -1 -3 -5 6 4 2 0 -2 -4 -6 5 3 1 -1 -3 -5 6 4 2 0 -2 -4 -6 5 3 1 -1 -3 -5 6 4 2 0 -2 -4 -6 5 3 1 -1 -3 -5 6 4 2 0 -2 -4 -6 5 3 1 -1 -3 -5 6 4 2 0 -2 -4 -6 5 3 1 -1 -3 -5 6 4 2 0
4 2 0 -2 -4 -6 5 3 1 -1 -3 -5 6 4 2 0 -2 -4 -6 5 3 1 -1 -3 -5 6 4 2 0 -2 -4 -6 5 3 1 -1 -3 -5 6 4 2 0 -2 -4 -6 5 3 1 -1 -3 -5 6 4 2 0 -2 -4 -6 5 3 1 -1 -3 -5 6 4 2 0 -2 -4 -6 5 3 1 -1 -3 -5 6 4 2 0 -2 -4 -6 5 3 1 -1 -3 -5 6 4 2 0 -2 -4 -6 5 3 1 -1 -3 -5 6 4 2 0 -2 -4 -6 5 3 1 -1 -3 -5 6 4 2 0 -2 -4 -6 5 3 1 -1 -3 -5 6 4 2 0 -2 -4 -6 5 3 1 -1 -3 -5 6 4 2 0 -2 -4 -6 5 3 1 -1 -3 -5 6 4 2 0 -2 -4 -6 5 3 1 -1 -3 -5 6 4 2 0 -2 -4 -6 5 3 1 -1 -3 -5 6 4 2 0 -2 -4 -6 5 3 1 -1 -3 -5 6 4 2 0 -2 -4 -6 5 3 1 -1 -3 -5 6 4 2 0 -2 -4 -6 5 3 1 -1 -3 -5 6 4 2 0 -2 -4 -6 5 3 1 -1 -3 -5 6 4 2 0 -2 -4 -6 5 3 1 -1 -3 -5 6 4 2 0 -2 -4 -6 5 3 1 -1 -3 -5 6 4 2 0 -2 -4 -6 5 3 1 -1 -3 -5 6 4 2 0 -2 -4 -6 5 3 1 -1 -3 -5 6 4 2 0 -2 -4 -6 5 3 1 -1 -3 -5 6 4 2 0 -2 -4 -6 5 3 1 -1 -3 -5 6 4 2 0 -2 -4 -6 5 3 1 -1 -3 -5 6 4 2 0 -2 -4 -6 5 3 1 -1 -3 -5 6 4 2 0 -2 -4 -6 5 3 1 -1 -3 -5 6 4 2 0 -2 -4 -6 5 3 1 -1 -3 -5 6 4 2 0 -2 -4 -6 5 3 1 -1 -3 -5 6 4 2 0 -2 -4 -6 5 3 1 -1 -3 -5 6 4 2 0 -2 -4 -6 5 3 1 -1 -3 -5 6 4 2 0 -2 -4 -6 5 3 1 -1 -3 -5 6 4 2 0 -2 -4 -6 5 3 1 -1 -3 -5 6 4 2 0 -2 -4 -6 5 3 1 -1 -3 -5 6 4 2 0 -2 -4 -6 5 3 1 -1 -3 -5 6 4 2 0 -2 -4 -6 5 3 1 -1 -3 -5 6 4 2 0 -2 -4 -6 5 3 1 -1 -3 -5 6 4 2 0 -2 -4 -6 5 3 1 -1 -3 -5 6 4 2 0 -2 -4 -6
-2 -4 -6 5 3 1 -1 -3 -5 6 4 2 0 -2 -4 -6 5 3 1 -1 -3 -5 6 4 2 0 -2 -4 -6 5 3 1 -1 -3 -5 6 4 2 0 -2 -4 -6 5 3 1 -1 -3 -5 6 4 2 0 -2 -4 -6 5 3 1 -1 -3 -5 6 4 2 0 -2 -4 -6 5 3 1 -1 -3 -5 6 4 2 0 -2 -4 -6 5 3 1 -1 -3 -5 6 4 2 0 -2 -4 -6 5 3 1 -1 -3 -5 6 4 2 0 -2 -4 -6 5 3 1 -1 -3 -5 6 4 2 0 -2 -4 -6 5 3 1 -1 -3 -5 6 4 2 0 -2 -4 -6 5 3 1 -1 -3 -5 6 4 2 0 -2 -4 -6 5 3 1 -1 -3 -5 6 4 2 0 -2 -4 -6 5 3 1 -1 -3 -5 6 4 2 0 -2 -4 -6 5 3 1 -1 -3 -5 6 4 2 0 -2 -4 -6 5 3 1 -1 -3 -5 6 4 2 0 -2 -4 -6 5 3 1 -1 -3 -5 6 4 2 0 -2 -4 -6 5 3 1 -1 -3 -5 6 4 2 0 -2 -4 -6 5 3 1 -1 -3 -5 6 4 2 0 -2 -4 -6 5 3 1 -1 -3 -5 6 4 2 0 -2 -4 -6 5 3 1 -1 -3 -5 6 4 2 0 -2 -4 -6 5 3 1 -1 -3 -5 6 4 2 0 -2 -4 -6 5 3 1 -1 -3 -5 6 4 2 0 -2 -4 -6 5 3 1 -1 -3 -5 6 4 2 0 -2 -4 -6 5 3 1 -1 -3 -5 6 4 2 0 -2 -4 -6 5 3 1 -1 -3 -5 6 4 2 0 -2 -4 -6 5 3 1 -1 -3 -5 6 4 2 0 -2 -4 -6 5 3 1 -1 -3 -5 6 4 2 0 -2 -4 -6 5 3 1 -1 -3 -5 6 4 2 0 -2 -4 -6 5 3 1 -1 -3 -5 6 4 2 0 -2 -4 -6 5 3 1 -1 -3 -5 6 4 2 0 -2 -4 -6 5 3 1 -1 -3 -5 6 4 2 0 -2 -4 -6 5 3 1 -1 -3 -5 6 4 2 0 -2 -4 -6 5 3 1 -1 -3 -5 6 4 2 0 -2 -4 -6 5 3 1 -1 -3 -5 6 4 2 0 -2 -4 -6 5 3 1 -1 -3 -5 6 4 2 0 -2 -4 -6 5 3 1 -1 -3 -5 6 4 2 0 -2 -4 -6 5 3 1 -1 -3 -5 6 4 2 0 -2 -4 -6 5 3 1 -1 -3 -5 6 4 2 0 -2 -4 -6 5 3 1
5 3 1 -1 -3 -5 6 4 2 0 -2 -4 -6 5 3 1 -1 -3 -5 6 4 2 0 -2 -4 -6 5 3 1 -1 -3 -5 6 4 2 0 -2 -4 -6 5 3 1 -1 -3 -5 6 4 2 0 -2 -4 -6 5 3 1 -1 -3 -5 6 4 2 0 -2 -4 -6 5 3 1 -1 -3 -5 6 4 2 0 -2 -4 -6 5 3 1 -1 -3 -5 6 4 2 0 -2 -4 -6 5 3 1 -1 -3 -5 6 4 2 0 -2 -4 -6 5 3 1 -1 -3 -5 6 4 2 0 -2 -4 -6 5 3 1 -1 -3 -5 6 4 2 0 -2 -4 -6 5 3 1 -1 -3 -5 6 4 2 0 -2 -4 -6 5 3 1 -1 -3 -5 6 4 2 0 -2 -4 -6 5 3 1 -1 -3 -5 6 4 2 0 -2 -4 -6 5 3 1 -1 -3 -5 6 4 2 0 -2 -4 -6 5 3 1 -1 -3 -5 6 4 2 0 -2 -4 -6 5 3 1 -1 -3 -5 6 4 2 0 -2 -4 -6 5 3 1 -1 -3 -5 6 4 2 0 -2 -4 -6 5 3 1 -1 -3 -5 6 4 2 0 -2 -4 -6 5 3 1 -1 -3 -5 6 4 2 0 -2 -4 -6 5 3 1 -1 -3 -5 6 4 2 0 -2 -4 -6 5 3 1 -1 -3 -5 6 4 2 0 -2 -4 -6 5 3 1 -1 -3 -5 6 4 2 0 -2 -4 -6 5 3 1 -1 -3 -5 6 4 2 0 -2 -4 -6 5 3 1 -1 -3 -5 6 4 2 0 -2 -4 -6 5 3 1 -1 -3 -5 6 4 2 0 -2 -4 -6 5 3 1 -1 -3 -5 6 4 2 0 -2 -4 -6 5 3 1 -1 -3 -5 6 4 2 0 -2 -4 -6 5 3 1 -1 -3 -5 6 4 2 0 -2 -4 -6 5 3 1 -1 -3 -5 6 4 2 0 -2 -4 -6 5 3 1 -1 -3 -5 6 4 2 0 -2 -4 -6 5 3 1 -1 -3 -5 6 4 2 0 -2 -4 -6 5 3 1 -1 -3 -5 6 4 2 0 -2 -4 -6 5 3 1 -1 -3 -5 6 4 2 0 -2 -4 -6 5 3 1 -1 -3 -5 6 4 2 0 -2 -4 -6 5 3 1 -1 -3 -5 6 4 2 0 -2 -4 -6 5 3 1 -1 -3 -5 6 4 2 0 -2 -4 -6 5 3 1 -1 -3 -5 6 4 2 0 -2 -4 -6 5 3 1 -1 -3 -5 6 4 2 0 -2 -4 -6 5 3 1 -1 -3 -5
-1 -3 -5 6 4 2 0 -2 -4 -6 5 3 1 -1 -3 -5 6 4 2 0 -2 -4 -6 5 3 1 -1 -3 -5 6 4 2 0 -2 -4 -6 5 3 1 -1 -3 -5 6 4 2 0 -2 -4 -6 5 3 1 -1 -3 -5 6 4 2 0 -2 -4 -6 5 3 1 -1 -3 -5 6 4 2 0 -2 -4 -6 5 3 1 -1 -3 -5 6 4 2 0 -2 -4 -6 5 3 1 -1 -3 -5 6 4 2 0 -2 -4 -6 5 3 1 -1 -3 -5 6 4 2 0 -2 -4 -6 5 3 1 -1 -3 -5 6 4 2 0 -2 -4 -6 5 3 1 -1 -3 -5 6 4 2 0 -2 -4 -6 5 3 1 -1 -3 -5 6 4 2 0 -2 -4 -6 5 3 1 -1 -3 -5 6 4 2 0 -2 -4 -6 5 3 1 -1 -3 -5 6 4 2 0 -2 -4 -6 5 3 1 -1 -3 -5 6 4 2 0 -2 -4 -6 5 3 1 -1 -3 -5 6 4 2 0 -2 -4 -6 5 3 1 -1 -3 -5 6 4 2 0 -2 -4 -6 5 3 1 -1 -3 -5 6 4 2 0 -2 -4 -6 5 3 1 -1 -3 -5 6 4 2 0 -2 -4 -6 5 3 1 -1 -3 -5 6 4 2 0 -2 -4 -6 5 3 1 -1 -3 -5 6 4 2 0 -2 -4 -6 5 3 1 -1 -3 -5 6 4 2 0 -2 -4 -6 5 3 1 -1 -3 -5 6 4 2 0 -2 -4 -6 5 3 1 -1 -3 -5 6 4 2 0 -2 -4 -6 5 3 1 -1 -3 -5 6 4 2 0 -2 -4 -6 5 3 1 -1 -3 -5 6 4 2 0 -2 -4 -6 5 3 1 -1 -3 -5 6 4 2 0 -2 -4 -6 5 3 1 -1 -3 -5 6 4 2 0 -2 -4 -6 5 3 1 -1 -3 -5 6 4 2 0 -2 -4 -6 5 3 1 -1 -3 -5 6 4 2 0 -2 -4 -6 5 3 1 -1 -3 -5 6 4 2 0 -2 -4 -6 5 3 1 -1 -3 -5 6 4 2 0 -2 -4 -6 5 3 1 -1 -3 -5 6 4 2 0 -2 -4 -6 5 3 1 -1 -3 -5 6 4 2 0 -2 -4 -6 5 3 1 -1 -3 -5 6 4 2 0 -2 -4 -6 5 3 1 -1 -3 -5 6 4 2 0 -2 -4 -6 5 3 1 -1 -3 -5 6 4 2 0 -2 -4 -6 5 3 1 -1 -3 -5 6 4 2 0 -2 -4 -6 5 3 1 -1 -3 -5 6 4 2
6 4 2 0 -2 -4 -6 5 3 1 -1 -3 -5 6 4 2 0 -2 -4 -6 5 3 1 -1 -3 -5 6 4 2 0 -2 -4 -6 5 3 1 -1 -3 -5 6 4 2 0 -2 -4 -6 5 3 1 -1 -3 -5 6 4 2 0 -2 -4 -6 5 3 1 -1 -3 -5 6 4 2 0 -2 -4 -6 5 3 1 -1 -3 -5 6 4 2 0 -2 -4 -6 5 3 1 -1 -3 -5 6 4 2 0 -2 -4 -6 5 3 1 -1 -3 -5 6 4 2 0 -2 -4 -6 5 3 1 -1 -3 -5 6 4 2 0 -2 -4 -6 5 3 1 -1 -3 -5 6 4 2 0 -2 -4 -6 5 3 1 -1 -3 -5 6 4 2 0 -2 -4 -6 5 3 1 -1 -3 -5 6 4 2 0 -2 -4 -6 5 3 1 -1 -3 -5 6 4 2 0 -2 -4 -6 5 3 1 -1 -3 -5 6 4 2 0 -2 -4 -6 5 3 1 -1 -3 -5 6 4 2 0 -2 -4 -6 5 3 1 -1 -3 -5 6 4 2 0 -2 -4 -6 5 3 1 -1 -3 -5 6 4 2 0 -2 -4 -6 5 3 1 -1 -3 -5 6 4 2 0 -2 -4 -6 5 3 1 -1 -3 -5 6 4 2 0 -2 -4 -6 5 3 1 -1 -3 -5 6 4 2 0 -2 -4 -6 5 3 1 -1 -3 -5 6 4 2 0 -2 -4 -6 5 3 1 -1 -3 -5 6 4 2 0 -2 -4 -6 5 3 1 -1 -3 -5 6 4 2 0 -2 -4 -6 5 3 1 -1 -3 -5 6 4 2 0 -2 -4 -6 5 3 1 -1 -3 -5 6 4 2 0 -2 -4 -6 5 3 1 -1 -3 -5 6 4 2 0 -2 -4 -6 5 3 1 -1 -3 -5 6 4 2 0 -2 -4 -6 5 3 1 -1 -3 -5 6 4 2 0 -2 -4 -6 5 3 1 -1 -3 -5 6 4 2 0 -2 -4 -6 5 3 1 -1 -3 -5 6 4 2 0 -2 -4 -6 5 3 1 -1 -3 -5 6 4 2 0 -2 -4 -6 5 3 1 -1 -3 -5 6 4 2 0 -2 -4 -6 5 3 1 -1 -3 -5 6 4 2 0 -2 -4 -6 5 3 1 -1 -3 -5 6 4 2 0 -2 -4 -6 5 3 1 -1 -3 -5 6 4 2 0 -2 -4 -6 5 3 1 -1 -3 -5 6 4 2 0 -2 -4 -6 5 3 1 -1 -3 -5 6 4 2 0 -2 -4 -6 5 3 1 -1 -3 -5 6 4 2 0 -2 -4
0 -2 -4 -6 5 3 1 -1 -3 -5 6 4 2 0 -2 -4 -6 5 3 1 -1 -3 -5 6 4 2 0 -2 -4 -6 5 3 1 -1 -3 -5 6 4 2 0 -2 -4 -6 5 3 1 -1 -3 -5 6 4 2 0 -2 -4 -6 5 3 1 -1 -3 -5 6 4 2 0 -2 -4 -6 5 3 1 -1 -3 -5 6 4 2 0 -2 -4 -6 5 3 1 -1 -3 -5 6 4 2 0 -2 -4 -6 5 3 1 -1 -3 -5 6 4 2 0 -2 -4 -6 5 3 1 -1 -3 -5 6 4 2 0 -2 -4 -6 5 3 1 -1 -3 -5 6 4 2 0 -2 -4 -6 5 3 1 -1 -3 -5 6 4 2 0 -2 -4 -6 5 3 1 -1 -3 -5 6 4 2 0 -2 -4 -6 5 3 1 -1 -3 -5 6 4 2 0 -2 -4 -6 5 3 1 -1 -3 -5 6 4 2 0 -2 -4 -6 5 3 1 -1 -3 -5 6 4 2 0 -2 -4 -6 5 3 1 -1 -3 -5 6 4 2 0 -2 -4 -6 5 3 1 -1 -3 -5 6 4 2 0 -2 -4 -6 5 3 1 -1 -3 -5 6 4 2 0 -2 -4 -6 5 3 1 -1 -3 -5 6 4 2 0 -2 -4 -6 5 3 1 -1 -3 -5 6 4 2 0 -2 -4 -6 5 3 1 -1 -3 -5 6 4 2 0 -2 -4 -6 5 3 1 -1 -3 -5 6 4 2 0 -2 -4 -6 5 3 1 -1 -3 -5 6 4 2 0 -2 -4 -6 5 3 1 -1 -3 -5 6 4 2 0 -2 -4 -6 5 3 1 -1 -3 -5 6 4 2 0 -2 -4 -6 5 3 1 -1 -3 -5 6 4 2 0 -2 -4 -6 5 3 1 -1 -3 -5 6 4 2 0 -2 -4 -6 5 3 1 -1 -3 -5 6 4 2 0 -2 -4 -6 5 3 1 -1 -3 -5 6 4 2 0 -2 -4 -6 5 3 1 -1 -3 -5 6 4 2 0 -2 -4 -6 5 3 1 -1 -3 -5 6 4 2 0 -2 -4 -6 5 3 1 -1 -3 -5 6 4 2 0 -2 -4 -6 5 3 1 -1 -3 -5 6 4 2 0 -2 -4 -6 5 3 1 -1 -3 -5 6 4 2 0 -2 -4 -6 5 3 1 -1 -3 -5 6 4 2 0 -2 -4 -6 5 3 1 -1 -3 -5 6 4 2 0 -2 -4 -6 5 3 1 -1 -3 -5 6 4 2 0 -2 -4 -6 5 3 1 -1 -3 -5 6 4 2 0 -2 -4 -6 5 3
-6 5 3 1 -1 -3 -5 6 4 2 0 -2 -4 -6 5 3 1 -1 -3 -5 6 4 2 0 -2 -4 -6 5 3 1 -1 -3 -5 6 4 2 0 -2 -4 -6 5 3 1 -1 -3 -5 6 4 2 0 -2 -4 -6 5 3 1 -1 -3 -5 6 4 2 0 -2 -4 -6 5 3 1 -1 -3 -5 6 4 2 0 -2 -4 -6 5 3 1 -1 -3 -5 6 4 2 0 -2 -4 -6 5 3 1 -1 -3 -5 6 4 2 0 -2 -4 -6 5 3 1 -1 -3 -5 6 4 2 0 -2 -4 -6 5 3 1 -1 -3 -5 6 4 2 0 -2 -4 -6 5 3 1 -1 -3 -5 6 4 2 0 -2 -4 -6 5 3 1 -1 -3 -5 6 4 2 0 -2 -4 -6 5 3 1 -1 -3 -5 6 4 2 0 -2 -4 -6 5 3 1 -1 -3 -5 6 4 2 0 -2 -4 -6 5 3 1 -1 -3 -5 6 4 2 0 -2 -4 -6 5 3 1 -1 -3 -5 6 4 2 0 -2 -4 -6 5 3 1 -1 -3 -5 6 4 2 0 -2 -4 -6 5 3 1 -1 -3 -5 6 4 2 0 -2 -4 -6 5 3 1 -1 -3 -5 6 4 2 0 -2 -4 -6 5 3 1 -1 -3 -5 6 4 2 0 -2 -4 -6 5 3 1 -1 -3 -5 6 4 2 0 -2 -4 -6 5 3 1 -1 -3 -5 6 4 2 0 -2 -4 -6 5 3 1 -1 -3 -5 6 4 2 0 -2 -4 -6 5 3 1 -1 -3 -5 6 4 2 0 -2 -4 -6 5 3 1 -1 -3 -5 6 4 2 0 -2 -4 -6 5 3 1 -1 -3 -5 6 4 2 0 -2 -4 -6 5 3 1 -1 -3 -5 6 4 2 0 -2 -4 -6 5 3 1 -1 -3 -5 6 4 2 0 -2 -4 -6 5 3 1 -1 -3 -5 6 4 2 0 -2 -4 -6 5 3 1 -1 -3 -5 6 4 2 0 -2 -4 -6 5 3 1 -1 -3 -5 6 4 2 0 -2 -4 -6 5 3 1 -1 -3 -5 6 4 2 0 -2 -4 -6 5 3 1 -1 -3 -5 6 4 2 0 -2 -4 -6 5 3 1 -1 -3 -5 6 4 2 0 -2 -4 -6 5 3 1 -1 -3 -5 6 4 2 0 -2 -4 -6 5 3 1 -1 -3 -5 6 4 2 0 -2 -4 -6 5 3 1 -1 -3 -5 6 4 2 0 -2 -4 -6 5 3 1 -1 -3 -5 6 4 2 0 -2 -4 -6 5 3 1 -1 -3
1 -1 -3 -5 6 4 2 0 -2 -4 -6 5 3 1 -1 -3 -5 6 4 2 0 -2 -4 -6 5 3 1 -1 -3 -5 6 4 2 0 -2 -4 -6 5 3 1 -1 -3 -5 6 4 2 0 -2 -4 -6 5 3 1 -1 -3 -5 6 4 2 0 -2 -4 -6 5 3 1 -1 -3 -5 6 4 2 0 -2 -4 -6 5 3 1 -1 -3 -5 6 4 2 0 -2 -4 -6 5 3 1 -1 -3 -5 6 4 2 0 -2 -4 -6 5 3 1 -1 -3 -5 6 4 2 0 -2 -4 -6 5 3 1 -1 -3 -5 6 4 2 0 -2 -4 -6 5 3 1 -1 -3 -5 6 4 2 0 -2 -4 -6 5 3 1 -1 -3 -5 6 4 2 0 -2 -4 -6 5 3 1 -1 -3 -5 6 4 2 0 -2 -4 -6 5 3 1 -1 -3 -5 6 4 2 0 -2 -4 -6 5 3 1 -1 -3 -5 6 4 2 0 -2 -4 -6 5 3 1 -1 -3 -5 6 4 2 0 -2 -4 -6 5 3 1 -1 -3 -5 6 4 2 0 -2 -4 -6 5 3 1 -1 -3 -5 6 4 2 0 -2 -4 -6 5 3 1 -1 -3 -5 6 4 2 0 -2 -4 -6 5 3 1 -1 -3 -5 6 4 2 0 -2 -4 -6 5 3 1 -1 -3 -5 6 4 2 0 -2 -4 -6 5 3 1 -1 -3 -5 6 4 2 0 -2 -4 -6 5 3 1 -1 -3 -5 6 4 2 0 -2 -4 -6 5 3 1 -1 -3 -5 6 4 2 0 -2 -4 -6 5 3 1 -1 -3 -5 6 4 2 0 -2 -4 -6 5 3 1 -1 -3 -5 6 4 2 0 -2 -4 -6 5 3 1 -1 -3 -5 6 4 2 0 -2 -4 -6 5 3 1 -1 -3 -5 6 4 2 0 -2 -4 -6 5 3 1 -1 -3 -5 6 4 2 0 -2 -4 -6 5 3 1 -1 -3 -5 6 4 2 0 -2 -4 -6 5 3 1 -1 -3 -5 6 4 2 0 -2 -4 -6 5 3 1 -1 -3 -5 6 4 2 0 -2 -4 -6 5 3 1 -1 -3 -5 6 4 2 0 -2 -4 -6 5 3 1 -1 -3 -5 6 4 2 0 -2 -4 -6 5 3 1 -1 -3 -5 6 4 2 0 -2 -4 -6 5 3 1 -1 -3 -5 6 4 2 0 -2 -4 -6 5 3 1 -1 -3 -5 6 4 2 0 -2 -4 -6 5 3 1 -1 -3 -5 6 4 2 0 -2 -4 -6 5 3 1 -1 -3 -5 6 4
-5 6 4 2 0 -2 -4 -6 5 3 1 -1 -3 -5 6 4 2 0 -2 -4 -6 5 3 1 -1 -3 -5 6 4 2 0 -2 -4 -6 5 3 1 -1 -3 -5 6 4 2 0 -2 -4 -6 5 3 1 -1 -3 -5 6 4 2 0 -2 -4 -6 5 3 1 -1 -3 -5 6 4 2 0 -2 -4 -6 5 3 1 -1 -3 -5 6 4 2 0 -2 -4 -6 5 3 1 -1 -3 -5 6 4 2 0 -2 -4 -6 5 3 1 -1 -3 -5 6 4 2 0 -2 -4 -6 5 3 1 -1 -3 -5 6 4 2 0 -2 -4 -6 5 3 1 -1 -3 -5 6 4 2 0 -2 -4 -6 5 3 1 -1 -3 -5 6 4 2 0 -2 -4 -6 5 3 1 -1 -3 -5 6 4 2 0 -2 -4 -6 5 3 1 -1 -3 -5 6 4 2 0 -2 -4 -6 5 3 1 -1 -3 -5 6 4 2 0 -2 -4 -6 5 3 1 -1 -3 -5 6 4 2 0 -2 -4 -6 5 3 1 -1 -3 -5 6 4 2 0 -2 -4 -6 5 3 1 -1 -3 -5 6 4 2 0 -2 -4 -6 5 3 1 -1 -3 -5 6 4 2 0 -2 -4 -6 5 3 1 -1 -3 -5 6 4 2 0 -2 -4 -6 5 3 1 -1 -3 -5 6 4 2 0 -2 -4 -6 5 3 1 -1 -3 -5 6 4 2 0 -2 -4 -6 5 3 1 -1 -3 -5 6 4 2 0 -2 -4 -6 5 3 1 -1 -3 -5 6 4 2 0 -2 -4 -6 5 3 1 -1 -3 -5 6 4 2 0 -2 -4 -6 5 3 1 -1 -3 -5 6 4 2 0 -2 -4 -6 5 3 1 -1 -3 -5 6 4 2 0 -2 -4 -6 5 3 1 -1 -3 -5 6 4 2 0 -2 -4 -6 5 3 1 -1 -3 -5 6 4 2 0 -2 -4 -6 5 3 1 -1 -3 -5 6 4 2 0 -2 -4 -6 5 3 1 -1 -3 -5 6 4 2 0 -2 -4 -6 5 3 1 -1 -3 -5 6 4 2 0 -2 -4 -6 5 3 1 -1 -3 -5 6 4 2 0 -2 -4 -6 5 3 1 -1 -3 -5 6 4 2 0 -2 -4 -6 5 3 1 -1 -3 -5 6 4 2 0 -2 -4 -6 5 3 1 -1 -3 -5 6 4 2 0 -2 -4 -6 5 3 1 -1 -3 -5 6 4 2 0 -2 -4 -6 5 3 1 -1 -3 -5 6 4 2 0 -2 -4 -6 5 3 1 -1 -3 -5 6 4 2 0 -2
2 0 -2 -4 -6 5 3 1 -1 -3 -5 6 4 2 0 -2 -4 -6 5 3 1 -1 -3 -5 6 4 2 0 -2 -4 -6 5 3 1 -1 -3 -5 6 4 2 0 -2 -4 -6 5 3 1 -1 -3 -5 6 4 2 0 -2 -4 -6 5 3 1 -1 -3 -5 6 4 2 0 -2 -4 -6 5 3 1 -1 -3 -5 6 4 2 0 -2 -4 -6 5 3 1 -1 -3 -5 6 4 2 0 -2 -4 -6 5 3 1 -1 -3 -5 6 4 2 0 -2 -4 -6 5 3 1 -1 -3 -5 6 4 2 0 -2 -4 -6 5 3 1 -1 -3 -5 6 4 2 0 -2 -4 -6 5 3 1 -1 -3 -5 6 4 2 0 -2 -4 -6 5 3 1 -1 -3 -5 6 4 2 0 -2 -4 -6 5 3 1 -1 -3 -5 6 4 2 0 -2 -4 -6 5 3 1 -1 -3 -5 6 4 2 0 -2 -4 -6 5 3 1 -1 -3 -5 6 4 2 0 -2 -4 -6 5 3 1 -1 -3 -5 6 4 2 0 -2 -4 -6 5 3 1 -1 -3 -5 6 4 2 0 -2 -4 -6 5 3 1 -1 -3 -5 6 4 2 0 -2 -4 -6 5 3 1 -1 -3 -5 6 4 2 0 -2 -4 -6 5 3 1 -1 -3 -5 6 4 2 0 -2 -4 -6 5 3 1 -1 -3 -5 6 4 2 0 -2 -4 -6 5 3 1 -1 -3 -5 6 4 2 0 -2 -4 -6 5 3 1 -1 -3 -5 6 4 2 0 -2 -4 -6 5 3 1 -1 -3 -5 6 4 2 0 -2 -4 -6 5 3 1 -1 -3 -5 6 4 2 0 -2 -4 -6 5 3 1 -1 -3 -5 6 4 2 0 -2 -4 -6 5 3 1 -1 -3 -5 6 4 2 0 -2 -4 -6 5 3 1 -1 -3 -5 6 4 2 0 -2 -4 -6 5 3 1 -1 -3 -5 6 4 2 0 -2 -4 -6 5 3 1 -1 -3 -5 6 4 2 0 -2 -4 -6 5 3 1 -1 -3 -5 6 4 2 0 -2 -4 -6 5 3 1 -1 -3 -5 6 4 2 0 -2 -4 -6 5 3 1 -1 -3 -5 6 4 2 0 -2 -4 -6 5 3 1 -1 -3 -5 6 4 2 0 -2 -4 -6 5 3 1 -1 -3 -5 6 4 2 0 -2 -4 -6 5 3 1 -1 -3 -5 6 4 2 0 -2 -4 -6 5 3 1 -1 -3 -5 6 4 2 0 -2 -4 -6 5 3 1 -1 -3 -5 6 4 2 0 -2 -4 -6 5
-4 -6 5 3 1 -1 -3 -5 6 4 2 0 -2 -4 -6 5 3 1 -1 -3 -5 6 4 2 0 -2 -4 -6 5 3 1 -1 -3 -5 6 4 2 0 -2 -4 -6 5 3 1 -1 -3 -5 6 4 2 0 -2 -4 -6 5 3 1 -1 -3 -5 6 4 2 0 -2 -4 -6 5 3 1 -1 -3 -5 6 4 2 0 -2 -4 -6 5 3 1 -1 -3 -5 6 4 2 0 -2 -4 -6 5 3 1 -1 -3 -5 6 4 2 0 -2 -4 -6 5 3 1 -1 -3 -5 6 4 2 0 -2 -4 -6 5 3 1 -1 -3 -5 6 4 2 0 -2 -4 -6 5 3 1 -1 -3 -5 6 4 2 0 -2 -4 -6 5 3 1 -1 -3 -5 6 4 2 0 -2 -4 -6 5 3 1 -1 -3 -5 6 4 2 0 -2 -4 -6 5 3 1 -1 -3 -5 6 4 2 0 -2 -4 -6 5 3 1 -1 -3 -5 6 4 2 0 -2 -4 -6 5 3 1 -1 -3 -5 6 4 2 0 -2 -4 -6 5 3 1 -1 -3 -5 6 4 2 0 -2 -4 -6 5 3 1 -1 -3 -5 6 4 2 0 -2 -4 -6 5 3 1 -1 -3 -5 6 4 2 0 -2 -4 -6 5 3 1 -1 -3 -5 6 4 2 0 -2 -4 -6 5 3 1 -1 -3 -5 6 4 2 0 -2 -4 -6 5 3 1 -1 -3 -5 6 4 2 0 -2 -4 -6 5 3 1 -1 -3 -5 6 4 2 0 -2 -4 -6 5 3 1 -1 -3 -5 6 4 2 0 -2 -4 -6 5 3 1 -1 -3 -5 6 4 2 0 -2 -4 -6 5 3 1 -1 -3 -5 6 4 2 0 -2 -4 -6 5 3 1 -1 -3 -5 6 4 2 0 -2 -4 -6 5 3 1 -1 -3 -5 6 4 2 0 -2 -4 -6 5 3 1 -1 -3 -5 6 4 2 0 -2 -4 -6 5 3 1 -1 -3 -5 6 4 2 0 -2 -4 -6 5 3 1 -1 -3 -5 6 4 2 0 -2 -4 -6 5 3 1 -1 -3 -5 6 4 2 0 -2 -4 -6 5 3 1 -1 -3 -5 6 4 2 0 -2 -4 -6 5 3 1 -1 -3 -5 6 4 2 0 -2 -4 -6 5 3 1 -1 -3 -5 6 4 2 0 -2 -4 -6 5 3 1 -1 -3 -5 6 4 2 0 -2 -4 -6 5 3 1 -1 -3 -5 6 4 2 0 -2 -4 -6 5 3 1 -1 -3 -5 6 4 2 0 -2 -4 -6 5 3 1 -1
3 1 -1 -3 -5 6 4 2 0 -2 -4 -6 5 3 1 -1 -3 -5 6 4 2 0 -2 -4 -6 5 3 1 -1 -3 -5 6 4 2 0 -2 -4 -6 5 3 1 -1 -3 -5 6 4 2 0 -2 -4 -6 5 3 1 -1 -3 -5 6 4 2 0 -2 -4 -6 5 3 1 -1 -3 -5 6 4 2 0 -2 -4 -6 5 3 1 -1 -3 -5 6 4 2 0 -2 -4 -6 5 3 1 -1 -3 -5 6 4 2 0 -2 -4 -6 5 3 1 -1 -3 -5 6 4 2 0 -2 -4 -6 5 3 1 -1 -3 -5 6 4 2 0 -2 -4 -6 5 3 1 -1 -3 -5 6 4 2 0 -2 -4 -6 5 3 1 -1 -3 -5 6 4 2 0 -2 -4 -6 5 3 1 -1 -3 -5 6 4 2 0 -2 -4 -6 5 3 1 -1 -3 -5 6 4 2 0 -2 -4 -6 5 3 1 -1 -3 -5 6 4 2 0 -2 -4 -6 5 3 1 -1 -3 -5 6 4 2 0 -2 -4 -6 5 3 1 -1 -3 -5 6 4 2 0 -2 -4 -6 5 3 1 -1 -3 -5 6 4 2 0 -2 -4 -6 5 3 1 -1 -3 -5 6 4 2 0 -2 -4 -6 5 3 1 -1 -3 -5 6 4 2 0 -2 -4 -6 5 3 1 -1 -3 -5 6 4 2 0 -2 -4 -6 5 3 1 -1 -3 -5 6 4 2 0 -2 -4 -6 5 3 1 -1 -3 -5 6 4 2 0 -2 -4 -6 5 3 1 -1 -3 -5 6 4 2 0 -2 -4 -6 5 3 1 -1 -3 -5 6 4 2 0 -2 -4 -6 5 3 1 -1 -3 -5 6 4 2 0 -2 -4 -6 5 3 1 -1 -3 -5 6 4 2 0 -2 -4 -6 5 3 1 -1 -3 -5 6 4 2 0 -2 -4 -6 5 3 1 -1 -3 -5 6 4 2 0 -2 -4 -6 5 3 1 -1 -3 -5 6 4 2 0 -2 -4 -6 5 3 1 -1 -3 -5 6 4 2 0 -2 -4 -6 5 3 1 -1 -3 -5 6 4 2 0 -2 -4 -6 5 3 1 -1 -3 -5 6 4 2 0 -2 -4 -6 5 3 1 -1 -3 -5 6 4 2 0 -2 -4 -6 5 3 1 -1 -3 -5 6 4 2 0 -2 -4 -6 5 3 1 -1 -3 -5 6 4 2 0 -2 -4 -6 5 3 1 -1 -3 -5 6 4 2 0 -2 -4 -6 5 3 1 -1 -3 -5 6 4 2 0 -2 -4 -6 5 3 1 -1 -3 -5 6
-3 -5 6 4 2 0 -2 -4 -6 5 3 1 -1 -3 -5 6 4 2 0 -2 -4 -6 5 3 1 -1 -3 -5 6 4 2 0 -2 -4 -6 5 3 1 -1 -3 -5 6 4 2 0 -2 -4 -6 5 3 1 -1 -3 -5 6 4 2 0 -2 -4 -6 5 3 1 -1 -3 -5 6 4 2 0 -2 -4 -6 5 3 1 -1 -3 -5 6 4 2 0 -2 -4 -6 5 3 1 -1 -3 -5 6 4 2 0 -2 -4 -6 5 3 1 -1 -3 -5 6 4 2 0 -2 -4 -6 5 3 1 -1 -3 -5 6 4 2 0 -2 -4 -6 5 3 1 -1 -3 -5 6 4 2 0 -2 -4 -6 5 3 1 -1 -3 -5 6 4 2 0 -2 -4 -6 5 3 1 -1 -3 -5 6 4 2 0 -2 -4 -6 5 3 1 -1 -3 -5 6 4 2 0 -2 -4 -6 5 3 1 -1 -3 -5 6 4 2 0 -2 -4 -6 5 3 1 -1 -3 -5 6 4 2 0 -2 -4 -6 5 3 1 -1 -3 -5 6 4 2 0 -2 -4 -6 5 3 1 -1 -3 -5 6 4 2 0 -2 -4 -6 5 3 1 -1 -3 -5 6 4 2 0 -2 -4 -6 5 3 1 -1 -3 -5 6 4 2 0 -2 -4 -6 5 3 1 -1 -3 -5 6 4 2 0 -2 -4 -6 5 3 1 -1 -3 -5 6 4 2 0 -2 -4 -6 5 3 1 -1 -3 -5 6 4 2 0 -2 -4 -6 5 3 1 -1 -3 -5 6 4 2 0 -2 -4 -6 5 3 1 -1 -3 -5 6 4 2 0 -2 -4 -6 5 3 1 -1 -3 -5 6 4 2 0 -2 -4 -6 5 3 1 -1 -3 -5 6 4 2 0 -2 -4 -6 5 3 1 -1 -3 -5 6 4 2 0 -2 -4 -6 5 3 1 -1 -3 -5 6 4 2 0 -2 -4 -6 5 3 1 -1 -3 -5 6 4 2 0 -2 -4 -6 5 3 1 -1 -3 -5 6 4 2 0 -2 -4 -6 5 3 1 -1 -3 -5 6 4 2 0 -2 -4 -6 5 3 1 -1 -3 -5 6 4 2 0 -2 -4 -6 5 3 1 -1 -3 -5 6 4 2 0 -2 -4 -6 5 3 1 -1 -3 -5 6 4 2 0 -2 -4 -6 5 3 1 -1 -3 -5 6 4 2 0 -2 -4 -6 5 3 1 -1 -3 -5 6 4 2 0 -2 -4 -6 5 3 1 -1 -3 -5 6 4 2 0 -2 -4 -6 5 3 1 -1 -3 -5 6 4 2 0
4 2 0 -2 -4 -6 5 3 1 -1 -3 -5 6 4 2 0 -2 -4 -6 5 3 1 -1 -3 -5 6 4 2 0 -2 -4 -6 5 3 1 -1 -3 -5 6 4 2 0 -2 -4 -6 5 3 1 -1 -3 -5 6 4 2 0 -2 -4 -6 5 3 1 -1 -3 -5 6 4 2 0 -2 -4 -6 5 3 1 -1 -3 -5 6 4 2 0 -2 -4 -6 5 3 1 -1 -3 -5 6 4 2 0 -2 -4 -6 5 3 1 -1 -3 -5 6 4 2 0 -2 -4 -6 5 3 1 -1 -3 -5 6 4 2 0 -2 -4 -6 5 3 1 -1 -3 -5 6 4 2 0 -2 -4 -6 5 3 1 -1 -3 -5 6 4 2 0 -2 -4 -6 5 3 1 -1 -3 -5 6 4 2 0 -2 -4 -6 5 3 1 -1 -3 -5 6 4 2 0 -2 -4 -6 5 3 1 -1 -3 -5 6 4 2 0 -2 -4 -6 5 3 1 -1 -3 -5 6 4 2 0 -2 -4 -6 5 3 1 -1 -3 -5 6 4 2 0 -2 -4 -6 5 3 1 -1 -3 -5 6 4 2 0 -2 -4 -6 5 3 1 -1 -3 -5 6 4 2 0 -2 -4 -6 5 3 1 -1 -3 -5 6 4 2 0 -2 -4 -6 5 3 1 -1 -3 -5 6 4 2 0 -2 -4 -6 5 3 1 -1 -3 -5 6 4 2 0 -2 -4 -6 5 3 1 -1 -3 -5 6 4 2 0 -2 -4 -6 5 3 1 -1 -3 -5 6 4 2 0 -2 -4 -6 5 3 1 -1 -3 -5 6 4 2 0 -2 -4 -6 5 3 1 -1 -3 -5 6 4 2 0 -2 -4 -6 5 3 1 -1 -3 -5 6 4 2 0 -2 -4 -6 5 3 1 -1 -3 -5 6 4 2 0 -2 -4 -6 5 3 1 -1 -3 -5 6 4 2 0 -2 -4 -6 5 3 1 -1 -3 -5 6 4 2 0 -2 -4 -6 5 3 1 -1 -3 -5 6 4 2 0 -2 -4 -6 5 3 1 -1 -3 -5 6 4 2 0 -2 -4 -6 5 3 1 -1 -3 -5 6 4 2 0 -2 -4 -6 5 3 1 -1 -3 -5 6 4 2 0 -2 -4 -6 5 3 1 -1 -3 -5 6 4 2 0 -2 -4 -6 5 3 1 -1 -3 -5 6 4 2 0 -2 -4 -6 5 3 1 -1 -3 -5 6 4 2 0 -2 -4 -6 5 3 1 -1 -3 -5 6 4 2 0 -2 -4 -6 5 3 1 -1 -3 -5 6 4 2 0 -2 -4 -6
-2 -4 -6 5 3 1 -1 -3 -5 6 4 2 0 -2 -4 -6 5 3 1 -1 -3 -5 6 4 2 0 -2 -4 -6 5 3 1 -1 -3 -5 6 4 2 0 -2 -4 -6 5 3 1 -1 -3 -5 6 4 2 0 -2 -4 -6 5 3 1 -1 -3 -5 6 4 2 0 -2 -4 -6 5 3 1 -1 -3 -5 6 4 2 0 -2 -4 -6 5 3 1 -1 -3 -5 6 4 2 0 -2 -4 -6 5 3 1 -1 -3 -5 6 4 2 0 -2 -4 -6 5 3 1 -1 -3 -5 6 4 2 0 -2 -4 -6 5 3 1 -1 -3 -5 6 4 2 0 -2 -4 -6 5 3 1 -1 -3 -5 6 4 2 0 -2 -4 -6 5 3 1 -1 -3 -5 6 4 2 0 -2 -4 -6 5 3 1 -1 -3 -5 6 4 2 0 -2 -4 -6 5 3 1 -1 -3 -5 6 4 2 0 -2 -4 -6 5 3 1 -1 -3 -5 6 4 2 0 -2 -4 -6 5 3 1 -1 -3 -5 6 4 2 0 -2 -4 -6 5 3 1 -1 -3 -5 6 4 2 0 -2 -4 -6 5 3 1 -1 -3 -5 6 4 2 0 -2 -4 -6 5 3 1 -1 -3 -5 6 4 2 0 -2 -4 -6 5 3 1 -1 -3 -5 6 4 2 0 -2 -4 -6 5 3 1 -1 -3 -5 6 4 2 0 -2 -4 -6 5 3 1 -1 -3 -5 6 4 2 0 -2 -4 -6 5 3 1 -1 -3 -5 6 4 2 0 -2 -4 -6 5 3 1 -1 -3 -5 6 4 2 0 -2 -4 -6 5 3 1 -1 -3 -5 6 4 2 0 -2 -4 -6 5 3 1 -1 -3 -5 6 4 2 0 -2 -4 -6 5 3 1 -1 -3 -5 6 4 2 0 -2 -4 -6 5 3 1 -1 -3 -5 6 4 2 0 -2 -4 -6 5 3 1 -1 -3 -5 6 4 2 0 -2 -4 -6 5 3 1 -1 -3 -5 6 4 2 0 -2 -4 -6 5 3 1 -1 -3 -5 6 4 2 0 -2 -4 -6 5 3 1 -1 -3 -5 6 4 2 0 -2 -4 -6 5 3 1 -1 -3 -5 6 4 2 0 -2 -4 -6 5 3 1 -1 -3 -5 6 4 2 0 -2 -4 -6 5 3 1 -1 -3 -5 6 4 2 0 -2 -4 -6 5 3 1 -1 -3 -5 6 4 2 0 -2 -4 -6 5 3 1 -1 -3 -5 6 4 2 0 -2 -4 -6 5 3 1 -1 -3 -5 6 4 2 0 -2 -4 -6 5 3 1
5 3 1 -1 -3 -5 6 4 2 0 -2 -4 -6 5 3 1 -1 -3 -5 6 4 2 0 -2 -4 -6 5 3 1 -1 -3 -5 6 4 2 0 -2 -4 -6 5 3 1 -1 -3 -5 6 4 2 0 -2 -4 -6 5 3 1 -1 -3 -5 6 4 2 0 -2 -4 -6 5 3 1 -1 -3 -5 6 4 2 0 -2 -4 -6 5 3 1 -1 -3 -5 6 4 2 0 -2 -4 -6 5 3 1 -1 -3 -5 6 4 2 0 -2 -4 -6 5 3 1 -1 -3 -5 6 4 2 0 -2 -4 -6 5 3 1 -1 -3 -5 6 4 2 0 -2 -4 -6 5 3 1 -1 -3 -5 6 4 2 0 -2 -4 -6 5 3 1 -1 -3 -5 6 4 2 0 -2 -4 -6 5 3 1 -1 -3 -5 6 4 2 0 -2 -4 -6 5 3 1 -1 -3 -5 6 4 2 0 -2 -4 -6 5 3 1 -1 -3 -5 6 4 2 0 -2 -4 -6 5 3 1 -1 -3 -5 6 4 2 0 -2 -4 -6 5 3 1 -1 -3 -5 6 4 2 0 -2 -4 -6 5 3 1 -1 -3 -5 6 4 2 0 -2 -4 -6 5 3 1 -1 -3 -5 6 4 2 0 -2 -4 -6 5 3 1 -1 -3 -5 6 4 2 0 -2 -4 -6 5 3 1 -1 -3 -5 6 4 2 0 -2 -4 -6 5 3 1 -1 -3 -5 6 4 2 0 -2 -4 -6 5 3 1 -1 -3 -5 6 4 2 0 -2 -4 -6 5 3 1 -1 -3 -5 6 4 2 0 -2 -4 -6 5 3 1 -1 -3 -5 6 4 2 0 -2 -4 -6 5 3 1 -1 -3 -5 6 4 2 0 -2 -4 -6 5 3 1 -1 -3 -5 6 4 2 0 -2 -4 -6 5 3 1 -1 -3 -5 6 4 2 0 -2 -4 -6 5 3 1 -1 -3 -5 6 4 2 0 -2 -4 -6 5 3 1 -1 -3 -5 6 4 2 0 -2 -4 -6 5 3 1 -1 -3 -5 6 4 2 0 -2 -4 -6 5 3 1 -1 -3 -5 6 4 2 0 -2 -4 -6 5 3 1 -1 -3 -5 6 4 2 0 -2 -4 -6 5 3 1 -1 -3 -5 6 4 2 0 -2 -4 -6 5 3 1 -1 -3 -5 6 4 2 0 -2 -4 -6 5 3 1 -1 -3 -5 6 4 2 0 -2 -4 -6 5 3 1 -1 -3 -5 6 4 2 0 -2 -4 -6 5 3 1 -1 -3 -5 6 4 2 0 -2 -4 -6 5 3 1 -1 -3 -5
-1 -3 -5 6 4 2 0 -2 -4 -6 5 3 1 -1 -3 -5 6 4 2 0 -2 -4 -6 5 3 1 -1 -3 -5 6 4 2 0 -2 -4 -6 5 3 1 -1 -3 -5 6 4 2 0 -2 -4 -6 5 3 1 -1 -3 -5 6 4 2 0 -2 -4 -6 5 3 1 -1 -3 -5 6 4 2 0 -2 -4 -6 5 3 1 -1 -3 -5 6 4 2 0 -2 -4 -6 5 3 1 -1 -3 -5 6 4 2 0 -2 -4 -6 5 3 1 -1 -3 -5 6 4 2 0 -2 -4 -6 5 3 1 -1 -3 -5 6 4 2 0 -2 -4 -6 5 3 1 -1 -3 -5 6 4 2 0 -2 -4 -6 5 3 1 -1 -3 -5 6 4 2 0 -2 -4 -6 5 3 1 -1 -3 -5 6 4 2 0 -2 -4 -6 5 3 1 -1 -3 -5 6 4 2 0 -2 -4 -6 5 3 1 -1 -3 -5 6 4 2 0 -2 -4 -6 5 3 1 -1 -3 -5 6 4 2 0 -2 -4 -6 5 3 1 -1 -3 -5 6 4 2 0 -2 -4 -6 5 3 1 -1 -3 -5 6 4 2 0 -2 -4 -6 5 3 1 -1 -3 -5 6 4 2 0 -2 -4 -6 5 3 1 -1 -3 -5 6 4 2 0 -2 -4 -6 5 3 1 -1 -3 -5 6 4 2 0 -2 -4 -6 5 3 1 -1 -3 -5 6 4 2 0 -2 -4 -6 5 3 1 -1 -3 -5 6 4 2 0 -2 -4 -6 5 3 1 -1 -3 -5 6 4 2 0 -2 -4 -6 5 3 1 -1 -3 -5 6 4 2 0 -2 -4 -6 5 3 1 -1 -3 -5 6 4 2 0 -2 -4 -6 5 3 1 -1 -3 -5 6 4 2 0 -2 -4 -6 5 3 1 -1 -3 -5 6 4 2 0 -2 -4 -6 5 3 1 -1 -3 -5 6 4 2 0 -2 -4 -6 5 3 1 -1 -3 -5 6 4 2 0 -2 -4 -6 5 3 1 -1 -3 -5 6 4 2 0 -2 -4 -6 5 3 1 -1 -3 -5 6 4 2 0 -2 -4 -6 5 3 1 -1 -3 -5 6 4 2 0 -2 -4 -6 5 3 1 -1 -3 -5 6 4 2 0 -2 -4 -6 5 3 1 -1 -3 -5 6 4 2 0 -2 -4 -6 5 3 1 -1 -3 -5 6 4 2 0 -2 -4 -6 5 3 1 -1 -3 -5 6 4 2 0 -2 -4 -6 5 3 1 -1 -3 -5 6 4 2 0 -2 -4 -6 5 3 1 -1 -3 -5 6 4 2
6 4 2 0 -2 -4 -6 5 3 1 -1 -3 -5 6 4 2 0 -2 -4 -6 5 3 1 -1 -3 -5 6 4 2 0 -2 -4 -6 5 3 1 -1 -3 -5 6 4 2 0 -2 -4 -6 5 3 1 -1 -3 -5 6 4 2 0 -2 -4 -6 5 3 1 -1 -3 -5 6 4 2 0 -2 -4 -6 5 3 1 -1 -3 -5 6 4 2 0 -2 -4 -6 5 3 1 -1 -3 -5 6 4 2 0 -2 -4 -6 5 3 1 -1 -3 -5 6 4 2 0 -2 -4 -6 5 3 1 -1 -3 -5 6 4 2 0 -2 -4 -6 5 3 1 -1 -3 -5 6 4 2 0 -2 -4 -6 5 3 1 -1 -3 -5 6 4 2 0 -2 -4 -6 5 3 1 -1 -3 -5 6 4 2 0 -2 -4 -6 5 3 1 -1 -3 -5 6 4 2 0 -2 -4 -6 5 3 1 -1 -3 -5 6 4 2 0 -2 -4 -6 5 3 1 -1 -3 -5 6 4 2 0 -2 -4 -6 5 3 1 -1 -3 -5 6 4 2 0 -2 -4 -6 5 3 1 -1 -3 -5 6 4 2 0 -2 -4 -6 5 3 1 -1 -3 -5 6 4 2 0 -2 -4 -6 5 3 1 -1 -3 -5 6 4 2 0 -2 -4 -6 5 3 1 -1 -3 -5 6 4 2 0 -2 -4 -6 5 3 1 -1 -3 -5 6 4 2 0 -2 -4 -6 5 3 1 -1 -3 -5 6 4 2 0 -2 -4 -6 5 3 1 -1 -3 -5 6 4 2 0 -2 -4 -6 5 3 1 -1 -3 -5 6 4 2 0 -2 -4 -6 5 3 1 -1 -3 -5 6 4 2 0 -2 -4 -6 5 3 1 -1 -3 -5 6 4 2 0 -2 -4 -6 5 3 1 -1 -3 -5 6 4 2 0 -2 -4 -6 5 3 1 -1 -3 -5 6 4 2 0 -2 -4 -6 5 3 1 -1 -3 -5 6 4 2 0 -2 -4 -6 5 3 1 -1 -3 -5 6 4 2 0 -2 -4 -6 5 3 1 -1 -3 -5 6 4 2 0 -2 -4 -6 5 3 1 -1 -3 -5 6 4 2 0 -2 -4 -6 5 3 1 -1 -3 -5 6 4 2 0 -2 -4 -6 5 3 1 -1 -3 -5 6 4 2 0 -2 -4 -6 5 3 1 -1 -3 -5 6 4 2 0 -2 -4 -6 5 3 1 -1 -3 -5 6 4 2 0 -2 -4 -6 5 3 1 -1 -3 -5 6 4 2 0 -2 -4 -6 5 3 1 -1 -3 -5 6 4 2 0 -2 -4
0 -2 -4 -6 5 3 1 -1 -3 -5 6 4 2 0 -2 -4 -6 5 3 1 -1 -3 -5 6 4 2 0 -2 -4 -6 5 3 1 -1 -3 -5 6 4 2 0 -2 -4 -6 5 3 1 -1 -3 -5 6 4 2 0 -2 -4 -6 5 3 1 -1 -3 -5 6 4 2 0 -2 -4 -6 5 3 1 -1 -3 -5 6 4 2 0 -2 -4 -6 5 3 1 -1 -3 -5 6 4 2 0 -2 -4 -6 5 3 1 -1 -3 -5 6 4 2 0 -2 -4 -6 5 3 1 -1 -3 -5 6 4 2 0 -2 -4 -6 5 3 1 -1 -3 -5 6 4 2 0 -2 -4 -6 5 3 1 -1 -3 -5 6 4 2 0 -2 -4 -6 5 3 1 -1 -3 -5 6 4 2 0 -2 -4 -6 5 3 1 -1 -3 -5 6 4 2 0 -2 -4 -6 5 3 1 -1 -3 -5 6 4 2 0 -2 -4 -6 5 3 1 -1 -3 -5 6 4 2 0 -2 -4 -6 5 3 1 -1 -3 -5 6 4 2 0 -2 -4 -6 5 3 1 -1 -3 -5 6 4 2 0 -2 -4 -6 5 3 1 -1 -3 -5 6 4 2 0 -2 -4 -6 5 3 1 -1 -3 -5 6 4 2 0 -2 -4 -6 5 3 1 -1 -3 -5 6 4 2 0 -2 -4 -6 5 3 1 -1 -3 -5 6 4 2 0 -2 -4 -6 5 3 1 -1 -3 -5 6 4 2 0 -2 -4 -6 5 3 1 -1 -3 -5 6 4 2 0 -2 -4 -6 5 3 1 -1 -3 -5 6 4 2 0 -2 -4 -6 5 3 1 -1 -3 -5 6 4 2 0 -2 -4 -6 5 3 1 -1 -3 -5 6 4 2 0 -2 -4 -6 5 3 1 -1 -3 -5 6 4 2 0 -2 -4 -6 5 3 1 -1 -3 -5 6 4 2 0 -2 -4 -6 5 3 1 -1 -3 -5 6 4 2 0 -2 -4 -6 5 3 1 -1 -3 -5 6 4 2 0 -2 -4 -6 5 3 1 -1 -3 -5 6 4 2 0 -2 -4 -6 5 3 1 -1 -3 -5 6 4 2 0 -2 -4 -6 5 3 1 -1 -3 -5 6 4 2 0 -2 -4 -6 5 3 1 -1 -3 -5 6 4 2 0 -2 -4 -6 5 3 1 -1 -3 -5 6 4 2 0 -2 -4 -6 5 3 1 -1 -3 -5 6 4 2 0 -2 -4 -6 5 3 1 -1 -3 -5 6 4 2 0 -2 -4 -6 5 3 1 -1 -3 -5 6 4 2 0 -2 -4 -6 5 3
-6 5 3 1 -1 -3 -5 6 4 2 0 -2 -4 -6 5 3 1 -1 -3 -5 6 4 2 0 -2 -4 -6 5 3 1 -1 -3 -5 6 4 2 0 -2 -4 -6 5 3 1 -1 -3 -5 6 4 2 0 -2 -4 -6 5 3 1 -1 -3 -5 6 4 2 0 -2 -4 -6 5 3 1 -1 -3 -5 6 4 2 0 -2 -4 -6 5 3 1 -1 -3 -5 6 4 2 0 -2 -4 -6 5 3 1 -1 -3 -5 6 4 2 0 -2 -4 -6 5 3 1 -1 -3 -5 6 4 2 0 -2 -4 -6 5 3 1 -1 -3 -5 6 4 2 0 -2 -4 -6 5 3 1 -1 -3 -5 6 4 2 0 -2 -4 -6 5 3 1 -1 -3 -5 6 4 2 0 -2 -4 -6 5 3 1 -1 -3 -5 6 4 2 0 -2 -4 -6 5 3 1 -1 -3 -5 6 4 2 0 -2 -4 -6 5 3 1 -1 -3 -5 6 4 2 0 -2 -4 -6 5 3 1 -1 -3 -5 6 4 2 0 -2 -4 -6 5 3 1 -1 -3 -5 6 4 2 0 -2 -4 -6 5 3 1 -1 -3 -5 6 4 2 0 -2 -4 -6 5 3 1 -1 -3 -5 6 4 2 0 -2 -4 -6 5 3 1 -1 -3 -5 6 4 2 0 -2 -4 -6 5 3 1 -1 -3 -5 6 4 2 0 -2 -4 -6 5 3 1 -1 -3 -5 6 4 2 0 -2 -4 -6 5 3 1 -1 -3 -5 6 4 2 0 -2 -4 -6 5 3 1 -1 -3 -5 6 4 2 0 -2 -4 -6 5 3 1 -1 -3 -5 6 4 2 0 -2 -4 -6 5 3 1 -1 -3 -5 6 4 2 0 -2 -4 -6 5 3 1 -1 -3 -5 6 4 2 0 -2 -4 -6 5 3 1 -1 -3 -5 6 4 2 0 -2 -4 -6 5 3 1 -1 -3 -5 6 4 2 0 -2 -4 -6 5 3 1 -1 -3 -5 6 4 2 0 -2 -4 -6 5 3 1 -1 -3 -5 6 4 2 0 -2 -4 -6 5 3 1 -1 -3 -5 6 4 2 0 -2 -4 -6 5 3 1 -1 -3 -5 6 4 2 0 -2 -4 -6 5 3 1 -1 -3 -5 6 4 2 0 -2 -4 -6 5 3 1 -1 -3 -5 6 4 2 0 -2 -4 -6 5 3 1 -1 -3 -5 6 4 2 0 -2 -4 -6 5 3 1 -1 -3 -5 6 4 2 0 -2 -4 -6 5 3 1 -1 -3 -5 6 4 2 0 -2 -4 -6 5 3 1 -1 -3
1 -1 -3 -5 6 4 2 0 -2 -4 -6 5 3 1 -1 -3 -5 6 4 2 0 -2 -4 -6 5 3 1 -1 -3 -5 6 4 2 0 -2 -4 -6 5 3 1 -1 -3 -5 6 4 2 0 -2 -4 -6 5 3 1 -1 -3 -5 6 4 2 0 -2 -4 -6 5 3 1 -1 -3 -5 6 4 2 0 -2 -4 -6 5 3 1 -1 -3 -5 6 4 2 0 -2 -4 -6 5 3 1 -1 -3 -5 6 4 2 0 -2 -4 -6 5 3 1 -1 -3 -5 6 4 2 0 -2 -4 -6 5 3 1 -1 -3 -5 6 4 2 0 -2 -4 -6 5 3 1 -1 -3 -5 6 4 2 0 -2 -4 -6 5 3 1 -1 -3 -5 6 4 2 0 -2 -4 -6 5 3 1 -1 -3 -5 6 4 2 0 -2 -4 -6 5 3 1 -1 -3 -5 6 4 2 0 -2 -4 -6 5 3 1 -1 -3 -5 6 4 2 0 -2 -4 -6 5 3 1 -1 -3 -5 6 4 2 0 -2 -4 -6 5 3 1 -1 -3 -5 6 4 2 0 -2 -4 -6 5 3 1 -1 -3 -5 6 4 2 0 -2 -4 -6 5 3 1 -1 -3 -5 6 4 2 0 -2 -4 -6 5 3 1 -1 -3 -5 6 4 2 0 -2 -4 -6 5 3 1 -1 -3 -5 6 4 2 0 -2 -4 -6 5 3 1 -1 -3 -5 6 4 2 0 -2 -4 -6 5 3 1 -1 -3 -5 6 4 2 0 -2 -4 -6 5 3 1 -1 -3 -5 6 4 2 0 -2 -4 -6 5 3 1 -1 -3 -5 6 4 2 0 -2 -4 -6 5 3 1 -1 -3 -5 6 4 2 0 -2 -4 -6 5 3 1 -1 -3 -5 6 4 2 0 -2 -4 -6 5 3 1 -1 -3 -5 6 4 2 0 -2 -4 -6 5 3 1 -1 -3 -5 6 4 2 0 -2 -4 -6 5 3 1 -1 -3 -5 6 4 2 0 -2 -4 -6 5 3 1 -1 -3 -5 6 4 2 0 -2 -4 -6 5 3 1 -1 -3 -5 6 4 2 0 -2 -4 -6 5 3 1 -1 -3 -5 6 4 2 0 -2 -4 -6 5 3 1 -1 -3 -5 6 4 2 0 -2 -4 -6 5 3 1 -1 -3 -5 6 4 2 0 -2 -4 -6 5 3 1 -1 -3 -5 6 4 2 0 -2 -4 -6 5 3 1 -1 -3 -5 6 4 2 0 -2 -4 -6 5 3 1 -1 -3 -5 6 4 2 0 -2 -4 -6 5 3 1 -1 -3 -5 6 4
-5 6 4 2 0 -2 -4 -6 5 3 1 -1 -3 -5 6 4 2 0 -2 -4 -6 5 3 1 -1 -3 -5 6 4 2 0 -2 -4 -6 5 3 1 -1 -3 -5 6 4 2 0 -2 -4 -6 5 3 1 -1 -3 -5 6 4 2 0 -2 -4 -6 5 3 1 -1 -3 -5 6 4 2 0 -2 -4 -6 5 3 1 -1 -3 -5 6 4 2 0 -2 -4 -6 5 3 1 -1 -3 -5 6 4 2 0 -2 -4 -6 5 3 1 -1 -3 -5 6 4 2 0 -2 -4 -6 5 3 1 -1 -3 -5 6 4 2 0 -2 -4 -6 5 3 1 -1 -3 -5 6 4 2 0 -2 -4 -6 5 3 1 -1 -3 -5 6 4 2 0 -2 -4 -6 5 3 1 -1 -3 -5 6 4 2 0 -2 -4 -6 5 3 1 -1 -3 -5 6 4 2 0 -2 -4 -6 5 3 1 -1 -3 -5 6 4 2 0 -2 -4 -6 5 3 1 -1 -3 -5 6 4 2 0 -2 -4 -6 5 3 1 -1 -3 -5 6 4 2 0 -2 -4 -6 5 3 1 -1 -3 -5 6 4 2 0 -2 -4 -6 5 3 1 -1 -3 -5 6 4 2 0 -2 -4 -6 5 3 1 -1 -3 -5 6 4 2 0 -2 -4 -6 5 3 1 -1 -3 -5 6 4 2 0 -2 -4 -6 5 3 1 -1 -3 -5 6 4 2 0 -2 -4 -6 5 3 1 -1 -3 -5 6 4 2 0 -2 -4 -6 5 3 1 -1 -3 -5 6 4 2 0 -2 -4 -6 5 3 1 -1 -3 -5 6 4 2 0 -2 -4 -6 5 3 1 -1 -3 -5 6 4 2 0 -2 -4 -6 5 3 1 -1 -3 -5 6 4 2 0 -2 -4 -6 5 3 1 -1 -3 -5 6 4 2 0 -2 -4 -6 5 3 1 -1 -3 -5 6 4 2 0 -2 -4 -6 5 3 1 -1 -3 -5 6 4 2 0 -2 -4 -6 5 3 1 -1 -3 -5 6 4 2 0 -2 -4 -6 5 3 1 -1 -3 -5 6 4 2 0 -2 -4 -6 5 3 1 -1 -3 -5 6 4 2 0 -2 -4 -6 5 3 1 -1 -3 -5 6 4 2 0 -2 -4 -6 5 3 1 -1 -3 -5 6 4 2 0 -2 -4 -6 5 3 1 -1 -3 -5 6 4 2 0 -2 -4 -6 5 3 1 -1 -3 -5 6 4 2 0 -2 -4 -6 5 3 1 -1 -3 -5 6 4 2 0 -2 -4 -6 5 3 1 -1 -3 -5 6 4 2 0 -2
2 0 -2 -4 -6 5 3 1 -1 -3 -5 6 4 2 0 -2 -4 -6 5 3 1 -1 -3 -5 6 4 2 0 -2 -4 -6 5 3 1 -1 -3 -5 6 4 2 0 -2 -4 -6 5 3 1 -1 -3 -5 6 4 2 0 -2 -4 -6 5 3 1 -1 -3 -5 6 4 2 0 -2 -4 -6 5 3 1 -1 -3 -5 6 4 2 0 -2 -4 -6 5 3 1 -1 -3 -5 6 4 2 0 -2 -4 -6 5 3 1 -1 -3 -5 6 4 2 0 -2 -4 -6 5 3 1 -1 -3 -5 6 4 2 0 -2 -4 -6 5 3 1 -1 -3 -5 6 4 2 0 -2 -4 -6 5 3 1 -1 -3 -5 6 4 2 0 -2 -4 -6 5 3 1 -1 -3 -5 6 4 2 0 -2 -4 -6 5 3 1 -1 -3 -5 6 4 2 0 -2 -4 -6 5 3 1 -1 -3 -5 6 4 2 0 -2 -4 -6 5 3 1 -1 -3 -5 6 4 2 0 -2 -4 -6 5 3 1 -1 -3 -5 6 4 2 0 -2 -4 -6 5 3 1 -1 -3 -5 6 4 2 0 -2 -4 -6 5 3 1 -1 -3 -5 6 4 2 0 -2 -4 -6 5 3 1 -1 -3 -5 6 4 2 0 -2 -4 -6 5 3 1 -1 -3 -5 6 4 2 0 -2 -4 -6 5 3 1 -1 -3 -5 6 4 2 0 -2 -4 -6 5 3 1 -1 -3 -5 6 4 2 0 -2 -4 -6 5 3 1 -1 -3 -5 6 4 2 0 -2 -4 -6 5 3 1 -1 -3 -5 6 4 2 0 -2 -4 -6 5 3 1 -1 -3 -5 6 4 2 0 -2 -4 -6 5 3 1 -1 -3 -5 6 4 2 0 -2 -4 -6 5 3 1 -1 -3 -5 6 4 2 0 -2 -4 -6 5 3 1 -1 -3 -5 6 4 2 0 -2 -4 -6 5 3 1 -1 -3 -5 6 4 2 0 -2 -4 -6 5 3 1 -1 -3 -5 6 4 2 0 -2 -4 -6 5 3 1 -1 -3 -5 6 4 2 0 -2 -4 -6 5 3 1 -1 -3 -5 6 4 2 0 -2 -4 -6 5 3 1 -1 -3 -5 6 4 2 0 -2 -4 -6 5 3 1 -1 -3 -5 6 4 2 0 -2 -4 -6 5 3 1 -1 -3 -5 6 4 2 0 -2 -4 -6 5 3 1 -1 -3 -5 6 4 2 0 -2 -4 -6 5 3 1 -1 -3 -5 6 4 2 0 -2 -4 -6 5 3 1 -1 -3 -5 6 4 2 0 -2 -4 -6 5
-4 -6 5 3 1 -1 -3 -5 6 4 2 0 -2 -4 -6 5 3 1 -1 -3 -5 6 4 2 0 -2 -4 -6 5 3 1 -1 -3 -5 6 4 2 0 -2 -4 -6 5 3 1 -1 -3 -5 6 4 2 0 -2 -4 -6 5 3 1 -1 -3 -5 6 4 2 0 -2 -4 -6 5 3 1 -1 -3 -5 6 4 2 0 -2 -4 -6 5 3 1 -1 -3 -5 6 4 2 0 -2 -4 -6 5 3 1 -1 -3 -5 6 4 2 0 -2 -4 -6 5 3 1 -1 -3 -5 6 4 2 0 -2 -4 -6 5 3 1 -1 -3 -5 6 4 2 0 -2 -4 -6 5 3 1 -1 -3 -5 6 4 2 0 -2 -4 -6 5 3 1 -1 -3 -5 6 4 2 0 -2 -4 -6 5 3 1 -1 -3 -5 6 4 2 0 -2 -4 -6 5 3 1 -1 -3 -5 6 4 2 0 -2 -4 -6 5 3 1 -1 -3 -5 6 4 2 0 -2 -4 -6 5 3 1 -1 -3 -5 6 4 2 0 -2 -4 -6 5 3 1 -1 -3 -5 6 4 2 0 -2 -4 -6 5 3 1 -1 -3 -5 6 4 2 0 -2 -4 -6 5 3 1 -1 -3 -5 6 4 2 0 -2 -4 -6 5 3 1 -1 -3 -5 6 4 2 0 -2 -4 -6 5 3 1 -1 -3 -5 6 4 2 0 -2 -4 -6 5 3 1 -1 -3 -5 6 4 2 0 -2 -4 -6 5 3 1 -1 -3 -5 6 4 2 0 -2 -4 -6 5 3 1 -1 -3 -5 6 4 2 0 -2 -4 -6 5 3 1 -1 -3 -5 6 4 2 0 -2 -4 -6 5 3 1 -1 -3 -5 6 4 2 0 -2 -4 -6 5 3 1 -1 -3 -5 6 4 2 0 -2 -4 -6 5 3 1 -1 -3 -5 6 4 2 0 -2 -4 -6 5 3 1 -1 -3 -5 6 4 2 0 -2 -4 -6 5 3 1 -1 -3 -5 6 4 2 0 -2 -4 -6 5 3 1 -1 -3 -5 6 4 2 0 -2 -4 -6 5 3 1 -1 -3 -5 6 4 2 0 -2 -4 -6 5 3 1 -1 -3 -5 6 4 2 0 -2 -4 -6 5 3 1 -1 -3 -5 6 4 2 0 -2 -4 -6 5 3 1 -1 -3 -5 6 4 2 0 -2 -4 -6 5 3 1 -1 -3 -5 6 4 2 0 -2 -4 -6 5 3 1 -1 -3 -5 6 4 2 0 -2 -4 -6 5 3 1 -1 -3 -5 6 4 2 0 -2 -4 -6 5 3 1 -1
3 1 -1 -3 -5 6 4 2 0 -2 -4 -6 5 3 1 -1 -3 -5 6 4 2 0 -2 -4 -6 5 3 1 -1 -3 -5 6 4 2 0 -2 -4 -6 5 3 1 -1 -3 -5 6 4 2 0 -2 -4 -6 5 3 1 -1 -3 -5 6 4 2 0 -2 -4 -6 5 3 1 -1 -3 -5 6 4 2 0 -2 -4 -6 5 3 1 -1 -3 -5 6 4 2 0 -2 -4 -6 5 3 1 -1 -3 -5 6 4 2 0 -2 -4 -6 5 3 1 -1 -3 -5 6 4 2 0 -2 -4 -6 5 3 1 -1 -3 -5 6 4 2 0 -2 -4 -6 5 3 1 -1 -3 -5 6 4 2 0 -2 -4 -6 5 3 1 -1 -3 -5 6 4 2 0 -2 -4 -6 5 3 1 -1 -3 -5 6 4 2 0 -2 -4 -6 5 3 1 -1 -3 -5 6 4 2 0 -2 -4 -6 5 3 1 -1 -3 -5 6 4 2 0 -2 -4 -6 5 3 1 -1 -3 -5 6 4 2 0 -2 -4 -6 5 3 1 -1 -3 -5 6 4 2 0 -2 -4 -6 5 3 1 -1 -3 -5 6 4 2 0 -2 -4 -6 5 3 1 -1 -3 -5 6 4 2 0 -2 -4 -6 5 3 1 -1 -3 -5 6 4 2 0 -2 -4 -6 5 3 1 -1 -3 -5 6 4 2 0 -2 -4 -6 5 3 1 -1 -3 -5 6 4 2 0 -2 -4 -6 5 3 1 -1 -3 -5 6 4 2 0 -2 -4 -6 5 3 1 -1 -3 -5 6 4 2 0 -2 -4 -6 5 3 1 -1 -3 -5 6 4 2 0 -2 -4 -6 5 3 1 -1 -3 -5 6 4 2 0 -2 -4 -6 5 3 1 -1 -3 -5 6 4 2 0 -2 -4 -6 5 3 1 -1 -3 -5 6 4 2 0 -2 -4 -6 5 3 1 -1 -3 -5 6 4 2 0 -2 -4 -6 5 3 1 -1 -3 -5 6 4 2 0 -2 -4 -6 5 3 1 -1 -3 -5 6 4 2 0 -2 -4 -6 5 3 1 -1 -3 -5 6 4 2 0 -2 -4 -6 5 3 1 -1 -3 -5 6 4 2 0 -2 -4 -6 5 3 1 -1 -3 -5 6 4 2 0 -2 -4 -6 5 3 1 -1 -3 -5 6 4 2 0 -2 -4 -6 5 3 1 -1 -3 -5 6 4 2 0 -2 -4 -6 5 3 1 -1 -3 -5 6 4 2 0 -2 -4 -6 5 3 1 -1 -3 -5 6 4 2 0 -2 -4 -6 5 3 1 -1 -3 -5 6
-3 -5 6 4 2 0 -2 -4 -6 5 3 1 -1 -3 -5 6 4 2 0 -2 -4 -6 5 3 1 -1 -3 -5 6 4 2 0 -2 -4 -6 5 3 1 -1 -3 -5 6 4 2 0 -2 -4 -6 5 3 1 -1 -3 -5 6 4 2 0 -2 -4 -6 5 3 1 -1 -3 -5 6 4 2 0 -2 -4 -6 5 3 1 -1 -3 -5 6 4 2 0 -2 -4 -6 5 3 1 -1 -3 -5 6 4 2 0 -2 -4 -6 5 3 1 -1 -3 -5 6 4 2 0 -2 -4 -6 5 3 1 -1 -3 -5 6 4 2 0 -2 -4 -6 5 3 1 -1 -3 -5 6 4 2 0 -2 -4 -6 5 3 1 -1 -3 -5 6 4 2 0 -2 -4 -6 5 3 1 -1 -3 -5 6 4 2 0 -2 -4 -6 5 3 1 -1 -3 -5 6 4 2 0 -2 -4 -6 5 3 1 -1 -3 -5 6 4 2 0 -2 -4 -6 5 3 1 -1 -3 -5 6 4 2 0 -2 -4 -6 5 3 1 -1 -3 -5 6 4 2 0 -2 -4 -6 5 3 1 -1 -3 -5 6 4 2 0 -2 -4 -6 5 3 1 -1 -3 -5 6 4 2 0 -2 -4 -6 5 3 1 -1 -3 -5 6 4 2 0 -2 -4 -6 5 3 1 -1 -3 -5 6 4 2 0 -2 -4 -6 5 3 1 -1 -3 -5 6 4 2 0 -2 -4 -6 5 3 1 -1 -3 -5 6 4 2 0 -2 -4 -6 5 3 1 -1 -3 -5 6 4 2 0 -2 -4 -6 5 3 1 -1 -3 -5 6 4 2 0 -2 -4 -6 5 3 1 -1 -3 -5 6 4 2 0 -2 -4 -6 5 3 1 -1 -3 -5 6 4 2 0 -2 -4 -6 5 3 1 -1 -3 -5 6 4 2 0 -2 -4 -6 5 3 1 -1 -3 -5 6 4 2 0 -2 -4 -6 5 3 1 -1 -3 -5 6 4 2 0 -2 -4 -6 5 3 1 -1 -3 -5 6 4 2 0 -2 -4 -6 5 3 1 -1 -3 -5 6 4 2 0 -2 -4 -6 5 3 1 -1 -3 -5 6 4 2 0 -2 -4 -6 5 3 1 -1 -3 -5 6 4 2 0 -2 -4 -6 5 3 1 -1 -3 -5 6 4 2 0 -2 -4 -6 5 3 1 -1 -3 -5 6 4 2 0 -2 -4 -6 5 3 1 -1 -3 -5 6 4 2 0 -2 -4 -6 5 3 1 -1 -3 -5 6 4 2 0 -2 -4 -6 5 3 1 -1 -3 -5 6 4 2 0
4 2 0 -2 -4 -6 5 3 1 -1 -3 -5 6 4 2 0 -2 -4 -6 5 3 1 -1 -3 -5 6 4 2 0 -2 -4 -6 5 3 1 -1 -3 -5 6 4 2 0 -2 -4 -6 5 3 1 -1 -3 -5 6 4 2 0 -2 -4 -6 5 3 1 -1 -3 -5 6 4 2 0 -2 -4 -6 5 3 1 -1 -3 -5 6 4 2 0 -2 -4 -6 5 3 1 -1 -3 -5 6 4 2 0 -2 -4 -6 5 3 1 -1 -3 -5 6 4 2 0 -2 -4 -6 5 3 1 -1 -3 -5 6 4 2 0 -2 -4 -6 5 3 1 -1 -3 -5 6 4 2 0 -2 -4 -6 5 3 1 -1 -3 -5 6 4 2 0 -2 -4 -6 5 3 1 -1 -3 -5 6 4 2 0 -2 -4 -6 5 3 1 -1 -3 -5 6 4 2 0 -2 -4 -6 5 3 1 -1 -3 -5 6 4 2 0 -2 -4 -6 5 3 1 -1 -3 -5 6 4 2 0 -2 -4 -6 5 3 1 -1 -3 -5 6 4 2 0 -2 -4 -6 5 3 1 -1 -3 -5 6 4 2 0 -2 -4 -6 5 3 1 -1 -3 -5 6 4 2 0 -2 -4 -6 5 3 1 -1 -3 -5 6 4 2 0 -2 -4 -6 5 3 1 -1 -3 -5 6 4 2 0 -2 -4 -6 5 3 1 -1 -3 -5 6 4 2 0 -2 -4 -6 5 3 1 -1 -3 -5 6 4 2 0 -2 -4 -6 5 3 1 -1 -3 -5 6 4 2 0 -2 -4 -6 5 3 1 -1 -3 -5 6 4 2 0 -2 -4 -6 5 3 1 -1 -3 -5 6 4 2 0 -2 -4 -6 5 3 1 -1 -3 -5 6 4 2 0 -2 -4 -6 5 3 1 -1 -3 -5 6 4 2 0 -2 -4 -6 5 3 1 -1 -3 -5 6 4 2 0 -2 -4 -6 5 3 1 -1 -3 -5 6 4 2 0 -2 -4 -6 5 3 1 -1 -3 -5 6 4 2 0 -2 -4 -6 5 3 1 -1 -3 -5 6 4 2 0 -2 -4 -6 5 3 1 -1 -3 -5 6 4 2 0 -2 -4 -6 5 3 1 -1 -3 -5 6 4 2 0 -2 -4 -6 5 3 1 -1 -3 -5 6 4 2 0 -2 -4 -6 5 3 1 -1 -3 -5 6 4 2 0 -2 -4 -6 5 3 1 -1 -3 -5 6 4 2 0 -2 -4 -6 5 3 1 -1 -3 -5 6 4 2 0 -2 -4 -6 5 3 1 -1 -3 -5 6 4 2 0 -2 -4 -6
-2 -4 -6 5 3 1 -1 -3 -5 6 4 2 0 -2 -4 -6 5 3 1 -1 -3 -5 6 4 2 0 -2 -4 -6 5 3 1 -1 -3 -5 6 4 2 0 -2 -4 -6 5 3 1 -1 -3 -5 6 4 2 0 -2 -4 -6 5 3 1 -1 -3 -5 6 4 2 0 -2 -4 -6 5 3 1 -1 -3 -5 6 4 2 0 -2 -4 -6 5 3 1 -1 -3 -5 6 4 2 0 -2 -4 -6 5 3 1 -1 -3 -5 6 4 2 0 -2 -4 -6 5 3 1 -1 -3 -5 6 4 2 0 -2 -4 -6 5 3 1 -1 -3 -5 6 4 2 0 -2 -4 -6 5 3 1 -1 -3 -5 6 4 2 0 -2 -4 -6 5 3 1 -1 -3 -5 6 4 2 0 -2 -4 -6 5 3 1 -1 -3 -5 6 4 2 0 -2 -4 -6 5 3 1 -1 -3 -5 6 4 2 0 -2 -4 -6 5 3 1 -1 -3 -5 6 4 2 0 -2 -4 -6 5 3 1 -1 -3 -5 6 4 2 0 -2 -4 -6 5 3 1 -1 -3 -5 6 4 2 0 -2 -4 -6 5 3 1 -1 -3 -5 6 4 2 0 -2 -4 -6 5 3 1 -1 -3 -5 6 4 2 0 -2 -4 -6 5 3 1 -1 -3 -5 6 4 2 0 -2 -4 -6 5 3 1 -1 -3 -5 6 4 2 0 -2 -4 -6 5 3 1 -1 -3 -5 6 4 2 0 -2 -4 -6 5 3 1 -1 -3 -5 6 4 2 0 -2 -4 -6 5 3 1 -1 -3 -5 6 4 2 0 -2 -4 -6 5 3 1 -1 -3 -5 6 4 2 0 -2 -4 -6 5 3 1 -1 -3 -5 6 4 2 0 -2 -4 -6 5 3 1 -1 -3 -5 6 4 2 0 -2 -4 -6 5 3 1 -1 -3 -5 6 4 2 0 -2 -4 -6 5 3 1 -1 -3 -5 6 4 2 0 -2 -4 -6 5 3 1 -1 -3 -5 6 4 2 0 -2 -4 -6 5 3 1 -1 -3 -5 6 4 2 0 -2 -4 -6 5 3 1 -1 -3 -5 6 4 2 0 -2 -4 -6 5 3 1 -1 -3 -5 6 4 2 0 -2 -4 -6 5 3 1 -1 -3 -5 6 4 2 0 -2 -4 -6 5 3 1 -1 -3 -5 6 4 2 0 -2 -4 -6 5 3 1 -1 -3 -5 6 4 2 0 -2 -4 -6 5 3 1 -1 -3 -5 6 4 2 0 -2 -4 -6 5 3 1 -1 -3 -5 6 4 2 0 -2 -4 -6 5 3 1
5 3 1 -1 -3 -5 6 4 2 0 -2 -4 -6 5 3 1 -1 -3 -5 6 4 2 0 -2 -4 -6 5 3 1 -1 -3 -5 6 4 2 0 -2 -4 -6 5 3 1 -1 -3 -5 6 4 2 0 -2 -4 -6 5 3 1 -1 -3 -5 6 4 2 0 -2 -4 -6 5 3 1 -1 -3 -5 6 4 2 0 -2 -4 -6 5 3 1 -1 -3 -5 6 4 2 0 -2 -4 -6 5 3 1 -1 -3 -5 6 4 2 0 -2 -4 -6 5 3 1 -1 -3 -5 6 4 2 0 -2 -4 -6 5 3 1 -1 -3 -5 6 4 2 0 -2 -4 -6 5 3 1 -1 -3 -5 6 4 2 0 -2 -4 -6 5 3 1 -1 -3 -5 6 4 2 0 -2 -4 -6 5 3 1 -1 -3 -5 6 4 2 0 -2 -4 -6 5 3 1 -1 -3 -5 6 4 2 0 -2 -4 -6 5 3 1 -1 -3 -5 6 4 2 0 -2 -4 -6 5 3 1 -1 -3 -5 6 4 2 0 -2 -4 -6 5 3 1 -1 -3 -5 6 4 2 0 -2 -4 -6 5 3 1 -1 -3 -5 6 4 2 0 -2 -4 -6 5 3 1 -1 -3 -5 6 4 2 0 -2 -4 -6 5 3 1 -1 -3 -5 6 4 2 0 -2 -4 -6 5 3 1 -1 -3 -5 6 4 2 0 -2 -4 -6 5 3 1 -1 -3 -5 6 4 2 0 -2 -4 -6 5 3 1 -1 -3 -5 6 4 2 0 -2 -4 -6 5 3 1 -1 -3 -5 6 4 2 0 -2 -4 -6 5 3 1 -1 -3 -5 6 4 2 0 -2 -4 -6 5 3 1 -1 -3 -5 6 4 2 0 -2 -4 -6 5 3 1 -1 -3 -5 6 4 2 0 -2 -4 -6 5 3 1 -1 -3 -5 6 4 2 0 -2 -4 -6 5 3 1 -1 -3 -5 6 4 2 0 -2 -4 -6 5 3 1 -1 -3 -5 6 4 2 0 -2 -4 -6 5 3 1 -1 -3 -5 6 4 2 0 -2 -4 -6 5 3 1 -1 -3 -5 6 4 2 0 -2 -4 -6 5 3 1 -1 -3 -5 6 4 2 0 -2 -4 -6 5 3 1 -1 -3 -5 6 4 2 0 -2 -4 -6 5 3 1 -1 -3 -5 6 4 2 0 -2 -4 -6 5 3 1 -1 -3 -5 6 4 2 0 -2 -4 -6 5 3 1 -1 -3 -5 6 4 2 0 -2 -4 -6 5 3 1 -1 -3 -5 6 4 2 0 -2 -4 -6 5 3 1 -1 -3 -5
-1 -3 -5 6 4 2 0 -2 -4 -6 5 3 1 -1 -3 -5 6 4 2 0 -2 -4 -6 5 3 1 -1 -3 -5 6 4 2 0 -2 -4 -6 5 3 1 -1 -3 -5 6 4 2 0 -2 -4 -6 5 3 1 -1 -3 -5 6 4 2 0 -2 -4 -6 5 3 1 -1 -3 -5 6 4 2 0 -2 -4 -6 5 3 1 -1 -3 -5 6 4 2 0 -2 -4 -6 5 3 1 -1 -3 -5 6 4 2 0 -2 -4 -6 5 3 1 -1 -3 -5 6 4 2 0 -2 -4 -6 5 3 1 -1 -3 -5 6 4 2 0 -2 -4 -6 5 3 1 -1 -3 -5 6 4 2 0 -2 -4 -6 5 3 1 -1 -3 -5 6 4 2 0 -2 -4 -6 5 3 1 -1 -3 -5 6 4 2 0 -2 -4 -6 5 3 1 -1 -3 -5 6 4 2 0 -2 -4 -6 5 3 1 -1 -3 -5 6 4 2 0 -2 -4 -6 5 3 1 -1 -3 -5 6 4 2 0 -2 -4 -6 5 3 1 -1 -3 -5 6 4 2 0 -2 -4 -6 5 3 1 -1 -3 -5 6 4 2 0 -2 -4 -6 5 3 1 -1 -3 -5 6 4 2 0 -2 -4 -6 5 3 1 -1 -3 -5 6 4 2 0 -2 -4 -6 5 3 1 -1 -3 -5 6 4 2 0 -2 -4 -6 5 3 1 -1 -3 -5 6 4 2 0 -2 -4 -6 5 3 1 -1 -3 -5 6 4 2 0 -2 -4 -6 5 3 1 -1 -3 -5 6 4 2 0 -2 -4 -6 5 3 1 -1 -3 -5 6 4 2 0 -2 -4 -6 5 3 1 -1 -3 -5 6 4 2 0 -2 -4 -6 5 3 1 -1 -3 -5 6 4 2 0 -2 -4 -6 5 3 1 -1 -3 -5 6 4 2 0 -2 -4 -6 5 3 1 -1 -3 -5 6 4 2 0 -2 -4 -6 5 3 1 -1 -3 -5 6 4 2 0 -2 -4 -6 5 3 1 -1 -3 -5 6 4 2 0 -2 -4 -6 5 3 1 -1 -3 -5 6 4 2 0 -2 -4 -6 5 3 1 -1 -3 -5 6 4 2 0 -2 -4 -6 5 3 1 -1 -3 -5 6 4 2 0 -2 -4 -6 5 3 1 -1 -3 -5 6 4 2 0 -2 -4 -6 5 3 1 -1 -3 -5 6 4 2 0 -2 -4 -6 5 3 1 -1 -3 -5 6 4 2 0 -2 -4 -6 5 3 1 -1 -3 -5 6 4 2 0 -2 -4 -6 5 3 1 -1 -3 -5 6 4 2
6 4 2 0 -2 -4 -6 5 3 1 -1 -3 -5 6 4 2 0 -2 -4 -6 5 3 1 -1 -3 -5 6 4 2 0 -2 -4 -6 5 3 1 -1 -3 -5 6 4 2 0 -2 -4 -6 5 3 1 -1 -3 -5 6 4 2 0 -2 -4 -6 5 3 1 -1 -3 -5 6 4 2 0 -2 -4 -6 5 3 1 -1 -3 -5 6 4 2 0 -2 -4 -6 5 3 1 -1 -3 -5 6 4 2 0 -2 -4 -6 5 3 1 -1 -3 -5 6 4 2 0 -2 -4 -6 5 3 1 -1 -3 -5 6 4 2 0 -2 -4 -6 5 3 1 -1 -3 -5 6 4 2 0 -2 -4 -6 5 3 1 -1 -3 -5 6 4 2 0 -2 -4 -6 5 3 1 -1 -3 -5 6 4 2 0 -2 -4 -6 5 3 1 -1 -3 -5 6 4 2 0 -2 -4 -6 5 3 1 -1 -3 -5 6 4 2 0 -2 -4 -6 5 3 1 -1 -3 -5 6 4 2 0 -2 -4 -6 5 3 1 -1 -3 -5 6 4 2 0 -2 -4 -6 5 3 1 -1 -3 -5 6 4 2 0 -2 -4 -6 5 3 1 -1 -3 -5 6 4 2 0 -2 -4 -6 5 3 1 -1 -3 -5 6 4 2 0 -2 -4 -6 5 3 1 -1 -3 -5 6 4 2 0 -2 -4 -6 5 3 1 -1 -3 -5 6 4 2 0 -2 -4 -6 5 3 1 -1 -3 -5 6 4 2 0 -2 -4 -6 5 3 1 -1 -3 -5 6 4 2 0 -2 -4 -6 5 3 1 -1 -3 -5 6 4 2 0 -2 -4 -6 5 3 1 -1 -3 -5 6 4 2 0 -2 -4 -6 5 3 1 -1 -3 -5 6 4 2 0 -2 -4 -6 5 3 1 -1 -3 -5 6 4 2 0 -2 -4 -6 5 3 1 -1 -3 -5 6 4 2 0 -2 -4 -6 5 3 1 -1 -3 -5 6 4 2 0 -2 -4 -6 5 3 1 -1 -3 -5 6 4 2 0 -2 -4 -6 5 3 1 -1 -3 -5 6 4 2 0 -2 -4 -6 5 3 1 -1 -3 -5 6 4 2 0 -2 -4 -6 5 3 1 -1 -3 -5 6 4 2 0 -2 -4 -6 5 3 1 -1 -3 -5 6 4 2 0 -2 -4 -6 5 3 1 -1 -3 -5 6 4 2 0 -2 -4 -6 5 3 1 -1 -3 -5 6 4 2 0 -2 -4 -6 5 3 1 -1 -3 -5 6 4 2 0 -2 -4 -6 5 3 1 -1 -3 -5 6 4 2 0 -2 -4
0 -2 -4 -6 5 3 1 -1 -3 -5 6 4 2 0 -2 -4 -6 5 3 1 -1 -3 -5 6 4 2 0 -2 -4 -6 5 3 1 -1 -3 -5 6 4 2 0 -2 -4 -6 5 3 1 -1 -3 -5 6 4 2 0 -2 -4 -6 5 3 1 -1 -3 -5 6 4 2 0 -2 -4 -6 5 3 1 -1 -3 -5 6 4 2 0 -2 -4 -6 5 3 1 -1 -3 -5 6 4 2 0 -2 -4 -6 5 3 1 -1 -3 -5 6 4 2 0 -2 -4 -6 5 3 1 -1 -3 -5 6 4 2 0 -2 -4 -6 5 3 1 -1 -3 -5 6 4 2 0 -2 -4 -6 5 3 1 -1 -3 -5 6 4 2 0 -2 -4 -6 5 3 1 -1 -3 -5 6 4 2 0 -2 -4 -6 5 3 1 -1 -3 -5 6 4 2 0 -2 -4 -6 5 3 1 -1 -3 -5 6 4 2 0 -2 -4 -6 5 3 1 -1 -3 -5 6 4 2 0 -2 -4 -6 5 3 1 -1 -3 -5 6 4 2 0 -2 -4 -6 5 3 1 -1 -3 -5 6 4 2 0 -2 -4 -6 5 3 1 -1 -3 -5 6 4 2 0 -2 -4 -6 5 3 1 -1 -3 -5 6 4 2 0 -2 -4 -6 5 3 1 -1 -3 -5 6 4 2 0 -2 -4 -6 5 3 1 -1 -3 -5 6 4 2 0 -2 -4 -6 5 3 1 -1 -3 -5 6 4 2 0 -2 -4 -6 5 3 1 -1 -3 -5 6 4 2 0 -2 -4 -6 5 3 1 -1 -3 -5 6 4 2 0 -2 -4 -6 5 3 1 -1 -3 -5 6 4 2 0 -2 -4 -6 5 3 1 -1 -3 -5 6 4 2 0 -2 -4 -6 5 3 1 -1 -3 -5 6 4 2 0 -2 -4 -6 5 3 1 -1 -3 -5 6 4 2 0 -2 -4 -6 5 3 1 -1 -3 -5 6 4 2 0 -2 -4 -6 5 3 1 -1 -3 -5 6 4 2 0 -2 -4 -6 5 3 1 -1 -3 -5 6 4 2 0 -2 -4 -6 5 3 1 -1 -3 -5 6 4 2 0 -2 -4 -6 5 3 1 -1 -3 -5 6 4 2 0 -2 -4 -6 5 3 1 -1 -3 -5 6 4 2 0 -2 -4 -6 5 3 1 -1 -3 -5 6 4 2 0 -2 -4 -6 5 3 1 -1 -3 -5 6 4 2 0 -2 -4 -6 5 3 1 -1 -3 -5 6 4 2 0 -2 -4 -6 5 3 1 -1 -3 -5 6 4 2 0 -2 -4 -6 5 3
-6 5 3 1 -1 -3 -5 6 4 2 0 -2 -4 -6 5 3 1 -1 -3 -5 6 4 2 0 -2 -4 -6 5 3 1 -1 -3 -5 6 4 2 0 -2 -4 -6 5 3 1 -1 -3 -5 6 4 2 0 -2 -4 -6 5 3 1 -1 -3 -5 6 4 2 0 -2 -4 -6 5 3 1 -1 -3 -5 6 4 2 0 -2 -4 -6 5 3 1 -1 -3 -5 6 4 2 0 -2 -4 -6 5 3 1 -1 -3 -5 6 4 2 0 -2 -4 -6 5 3 1 -1 -3 -5 6 4 2 0 -2 -4 -6 5 3 1 -1 -3 -5 6 4 2 0 -2 -4 -6 5 3 1 -1 -3 -5 6 4 2 0 -2 -4 -6 5 3 1 -1 -3 -5 6 4 2 0 -2 -4 -6 5 3 1 -1 -3 -5 6 4 2 0 -2 -4 -6 5 3 1 -1 -3 -5 6 4 2 0 -2 -4 -6 5 3 1 -1 -3 -5 6 4 2 0 -2 -4 -6 5 3 1 -1 -3 -5 6 4 2 0 -2 -4 -6 5 3 1 -1 -3 -5 6 4 2 0 -2 -4 -6 5 3 1 -1 -3 -5 6 4 2 0 -2 -4 -6 5 3 1 -1 -3 -5 6 4 2 0 -2 -4 -6 5 3 1 -1 -3 -5 6 4 2 0 -2 -4 -6 5 3 1 -1 -3 -5 6 4 2 0 -2 -4 -6 5 3 1 -1 -3 -5 6 4 2 0 -2 -4 -6 5 3 1 -1 -3 -5 6 4 2 0 -2 -4 -6 5 3 1 -1 -3 -5 6 4 2 0 -2 -4 -6 5 3 1 -1 -3 -5 6 4 2 0 -2 -4 -6 5 3 1 -1 -3 -5 6 4 2 0 -2 -4 -6 5 3 1 -1 -3 -5 6 4 2 0 -2 -4 -6 5 3 1 -1 -3 -5 6 4 2 0 -2 -4 -6 5 3 1 -1 -3 -5 6 4 2 0 -2 -4 -6 5 3 1 -1 -3 -5 6 4 2 0 -2 -4 -6 5 3 1 -1 -3 -5 6 4 2 0 -2 -4 -6 5 3 1 -1 -3 -5 6 4 2 0 -2 -4 -6 5 3 1 -1 -3 -5 6 4 2 0 -2 -4 -6 5 3 1 -1 -3 -5 6 4 2 0 -2 -4 -6 5 3 1 -1 -3 -5 6 4 2 0 -2 -4 -6 5 3 1 -1 -3 -5 6 4 2 0 -2 -4 -6 5 3 1 -1 -3 -5 6 4 2 0 -2 -4 -6 5 3 1 -1 -3 -5 6 4 2 0 -2 -4 -6 5 3 1 -1 -3
1 -1 -3 -5 6 4 2 0 -2 -4 -6 5 3 1 -1 -3 -5 6 4 2 0 -2 -4 -6 5 3 1 -1 -3 -5 6 4 2 0 -2 -4 -6 5 3 1 -1 -3 -5 6 4 2 0 -2 -4 -6 5 3 1 -1 -3 -5 6 4 2 0 -2 -4 -6 5 3 1 -1 -3 -5 6 4 2 0 -2 -4 -6 5 3 1 -1 -3 -5 6 4 2 0 -2 -4 -6 5 3 1 -1 -3 -5 6 4 2 0 -2 -4 -6 5 3 1 -1 -3 -5 6 4 2 0 -2 -4 -6 5 3 1 -1 -3 -5 6 4 2 0 -2 -4 -6 5 3 1 -1 -3 -5 6 4 2 0 -2 -4 -6 5 3 1 -1 -3 -5 6 4 2 0 -2 -4 -6 5 3 1 -1 -3 -5 6 4 2 0 -2 -4 -6 5 3 1 -1 -3 -5 6 4 2 0 -2 -4 -6 5 3 1 -1 -3 -5 6 4 2 0 -2 -4 -6 5 3 1 -1 -3 -5 6 4 2 0 -2 -4 -6 5 3 1 -1 -3 -5 6 4 2 0 -2 -4 -6 5 3 1 -1 -3 -5 6 4 2 0 -2 -4 -6 5 3 1 -1 -3 -5 6 4 2 0 -2 -4 -6 5 3 1 -1 -3 -5 6 4 2 0 -2 -4 -6 5 3 1 -1 -3 -5 6 4 2 0 -2 -4 -6 5 3 1 -1 -3 -5 6 4 2 0 -2 -4 -6 5 3 1 -1 -3 -5 6 4 2 0 -2 -4 -6 5 3 1 -1 -3 -5 6 4 2 0 -2 -4 -6 5 3 1 -1 -3 -5 6 4 2 0 -2 -4 -6 5 3 1 -1 -3 -5 6 4 2 0 -2 -4 -6 5 3 1 -1 -3 -5 6 4 2 0 -2 -4 -6 5 3 1 -1 -3 -5 6 4 2 0 -2 -4 -6 5 3 1 -1 -3 -5 6 4 2 0 -2 -4 -6 5 3 1 -1 -3 -5 6 4 2 0 -2 -4 -6 5 3 1 -1 -3 -5 6 4 2 0 -2 -4 -6 5 3 1 -1 -3 -5 6 4 2 0 -2 -4 -6 5 3 1 -1 -3 -5 6 4 2 0 -2 -4 -6 5 3 1 -1 -3 -5 6 4 2 0 -2 -4 -6 5 3 1 -1 -3 -5 6 4 2 0 -2 -4 -6 5 3 1 -1 -3 -5 6 4 2 0 -2 -4 -6 5 3 1 -1 -3 -5 6 4 2 0 -2 -4 -6 5 3 1 -1 -3 -5 6 4 2 0 -2 -4 -6 5 3 1 -1 -3 -5 6 4
-5 6 4 2 0 -2 -4 -6 5 3 1 -1 -3 -5 6 4 2 0 -2 -4 -6 5 3 1 -1 -3 -5 6 4 2 0 -2 -4 -6 5 3 1 -1 -3 -5 6 4 2 0 -2 -4 -6 5 3 1 -1 -3 -5 6 4 2 0 -2 -4 -6 5 3 1 -1 -3 -5 6 4 2 0 -2 -4 -6 5 3 1 -1 -3 -5 6 4 2 0 -2 -4 -6 5 3 1 -1 -3 -5 6 4 2 0 -2 -4 -6 5 3 1 -1 -3 -5 6 4 2 0 -2 -4 -6 5 3 1 -1 -3 -5 6 4 2 0 -2 -4 -6 5 3 1 -1 -3 -5 6 4 2 0 -2 -4 -6 5 3 1 -1 -3 -5 6 4 2 0 -2 -4 -6 5 3 1 -1 -3 -5 6 4 2 0 -2 -4 -6 5 3 1 -1 -3 -5 6 4 2 0 -2 -4 -6 5 3 1 -1 -3 -5 6 4 2 0 -2 -4 -6 5 3 1 -1 -3 -5 6 4 2 0 -2 -4 -6 5 3 1 -1 -3 -5 6 4 2 0 -2 -4 -6 5 3 1 -1 -3 -5 6 4 2 0 -2 -4 -6 5 3 1 -1 -3 -5 6 4 2 0 -2 -4 -6 5 3 1 -1 -3 -5 6 4 2 0 -2 -4 -6 5 3 1 -1 -3 -5 6 4 2 0 -2 -4 -6 5 3 1 -1 -3 -5 6 4 2 0 -2 -4 -6 5 3 1 -1 -3 -5 6 4 2 0 -2 -4 -6 5 3 1 -1 -3 -5 6 4 2 0 -2 -4 -6 5 3 1 -1 -3 -5 6 4 2 0 -2 -4 -6 5 3 1 -1 -3 -5 6 4 2 0 -2 -4 -6 5 3 1 -1 -3 -5 6 4 2 0 -2 -4 -6 5 3 1 -1 -3 -5 6 4 2 0 -2 -4 -6 5 3 1 -1 -3 -5 6 4 2 0 -2 -4 -6 5 3 1 -1 -3 -5 6 4 2 0 -2 -4 -6 5 3 1 -1 -3 -5 6 4 2 0 -2 -4 -6 5 3 1 -1 -3 -5 6 4 2 0 -2 -4 -6 5 3 1 -1 -3 -5 6 4 2 0 -2 -4 -6 5 3 1 -1 -3 -5 6 4 2 0 -2 -4 -6 5 3 1 -1 -3 -5 6 4 2 0 -2 -4 -6 5 3 1 -1 -3 -5 6 4 2 0 -2 -4 -6 5 3 1 -1 -3 -5 6 4 2 0 -2 -4 -6 5 3 1 -1 -3 -5 6 4 2 0 -2 -4 -6 5 3 1 -1 -3 -5 6 4 2 0 -2
2 0 -2 -4 -6 5 3 1 -1 -3 -5 6 4 2 0 -2 -4 -6 5 3 1 -1 -3 -5 6 4 2 0 -2 -4 -6 5 3 1 -1 -3 -5 6 4 2 0 -2 -4 -6 5 3 1 -1 -3 -5 6 4 2 0 -2 -4 -6 5 3 1 -1 -3 -5 6 4 2 0 -2 -4 -6 5 3 1 -1 -3 -5 6 4 2 0 -2 -4 -6 5 3 1 -1 -3 -5 6 4 2 0 -2 -4 -6 5 3 1 -1 -3 -5 6 4 2 0 -2 -4 -6 5 3 1 -1 -3 -5 6 4 2 0 -2 -4 -6 5 3 1 -1 -3 -5 6 4 2 0 -2 -4 -6 5 3 1 -1 -3 -5 6 4 2 0 -2 -4 -6 5 3 1 -1 -3 -5 6 4 2 0 -2 -4 -6 5 3 1 -1 -3 -5 6 4 2 0 -2 -4 -6 5 3 1 -1 -3 -5 6 4 2 0 -2 -4 -6 5 3 1 -1 -3 -5 6 4 2 0 -2 -4 -6 5 3 1 -1 -3 -5 6 4 2 0 -2 -4 -6 5 3 1 -1 -3 -5 6 4 2 0 -2 -4 -6 5 3 1 -1 -3 -5 6 4 2 0 -2 -4 -6 5 3 1 -1 -3 -5 6 4 2 0 -2 -4 -6 5 3 1 -1 -3 -5 6 4 2 0 -2 -4 -6 5 3 1 -1 -3 -5 6 4 2 0 -2 -4 -6 5 3 1 -1 -3 -5 6 4 2 0 -2 -4 -6 5 3 1 -1 -3 -5 6 4 2 0 -2 -4 -6 5 3 1 -1 -3 -5 6 4 2 0 -2 -4 -6 5 3 1 -1 -3 -5 6 4 2 0 -2 -4 -6 5 3 1 -1 -3 -5 6 4 2 0 -2 -4 -6 5 3 1 -1 -3 -5 6 4 2 0 -2 -4 -6 5 3 1 -1 -3 -5 6 4 2 0 -2 -4 -6 5 3 1 -1 -3 -5 6 4 2 0 -2 -4 -6 5 3 1 -1 -3 -5 6 4 2 0 -2 -4 -6 5 3 1 -1 -3 -5 6 4 2 0 -2 -4 -6 5 3 1 -1 -3 -5 6 4 2 0 -2 -4 -6 5 3 1 -1 -3 -5 6 4 2 0 -2 -4 -6 5 3 1 -1 -3 -5 6 4 2 0 -2 -4 -6 5 3 1 -1 -3 -5 6 4 2 0 -2 -4 -6 5 3 1 -1 -3 -5 6 4 2 0 -2 -4 -6 5 3 1 -1 -3 -5 6 4 2 0 -2 -4 -6 5 3 1 -1 -3 -5 6 4 2 0 -2 -4 -6 5
-4 -6 5 3 1 -1 -3 -5 6 4 2 0 -2 -4 -6 5 3 1 -1 -3 -5 6 4 2 0 -2 -4 -6 5 3 1 -1 -3 -5 6 4 2 0 -2 -4 -6 5 3 1 -1 -3 -5 6 4 2 0 -2 -4 -6 5 3 1 -1 -3 -5 6 4 2 0 -2 -4 -6 5 3 1 -1 -3 -5 6 4 2 0 -2 -4 -6 5 3 1 -1 -3 -5 6 4 2 0 -2 -4 -6 5 3 1 -1 -3 -5 6 4 2 0 -2 -4 -6 5 3 1 -1 -3 -5 6 4 2 0 -2 -4 -6 5 3 1 -1 -3 -5 6 4 2 0 -2 -4 -6 5 3 1 -1 -3 -5 6 4 2 0 -2 -4 -6 5 3 1 -1 -3 -5 6 4 2 0 -2 -4 -6 5 3 1 -1 -3 -5 6 4 2 0 -2 -4 -6 5 3 1 -1 -3 -5 6 4 2 0 -2 -4 -6 5 3 1 -1 -3 -5 6 4 2 0 -2 -4 -6 5 3 1 -1 -3 -5 6 4 2 0 -2 -4 -6 5 3 1 -1 -3 -5 6 4 2 0 -2 -4 -6 5 3 1 -1 -3 -5 6 4 2 0 -2 -4 -6 5 3 1 -1 -3 -5 6 4 2 0 -2 -4 -6 5 3 1 -1 -3 -5 6 4 2 0 -2 -4 -6 5 3 1 -1 -3 -5 6 4 2 0 -2 -4 -6 5 3 1 -1 -3 -5 6 4 2 0 -2 -4 -6 5 3 1 -1 -3 -5 6 4 2 0 -2 -4 -6 5 3 1 -1 -3 -5 6 4 2 0 -2 -4 -6 5 3 1 -1 -3 -5 6 4 2 0 -2 -4 -6 5 3 1 -1 -3 -5 6 4 2 0 -2 -4 -6 5 3 1 -1 -3 -5 6 4 2 0 -2 -4 -6 5 3 1 -1 -3 -5 6 4 2 0 -2 -4 -6 5 3 1 -1 -3 -5 6 4 2 0 -2 -4 -6 5 3 1 -1 -3 -5 6 4 2 0 -2 -4 -6 5 3 1 -1 -3 -5 6 4 2 0 -2 -4 -6 5 3 1 -1 -3 -5 6 4 2 0 -2 -4 -6 5 3 1 -1 -3 -5 6 4 2 0 -2 -4 -6 5 3 1 -1 -3 -5 6 4 2 0 -2 -4 -6 5 3 1 -1 -3 -5 6 4 2 0 -2 -4 -6 5 3 1 -1 -3 -5 6 4 2 0 -2 -4 -6 5 3 1 -1 -3 -5 6 4 2 0 -2 -4 -6 5 3 1 -1 -3 -5 6 4 2 0 -2 -4 -6 5 3 1 -1
3 1 -1 -3 -5 6 4 2 0 -2 -4 -6 5 3 1 -1 -3 -5 6 4 2 0 -2 -4 -6 5 3 1 -1 -3 -5 6 4 2 0 -2 -4 -6 5 3 1 -1 -3 -5 6 4 2 0 -2 -4 -6 5 3 1 -1 -3 -5 6 4 2 0 -2 -4 -6 5 3 1 -1 -3 -5 6 4 2 0 -2 -4 -6 5 3 1 -1 -3 -5 6 4 2 0 -2 -4 -6 5 3 1 -1 -3 -5 6 4 2 0 -2 -4 -6 5 3 1 -1 -3 -5 6 4 2 0 -2 -4 -6 5 3 1 -1 -3 -5 6 4 2 0 -2 -4 -6 5 3 1 -1 -3 -5 6 4 2 0 -2 -4 -6 5 3 1 -1 -3 -5 6 4 2 0 -2 -4 -6 5 3 1 -1 -3 -5 6 4 2 0 -2 -4 -6 5 3 1 -1 -3 -5 6 4 2 0 -2 -4 -6 5 3 1 -1 -3 -5 6 4 2 0 -2 -4 -6 5 3 1 -1 -3 -5 6 4 2 0 -2 -4 -6 5 3 1 -1 -3 -5 6 4 2 0 -2 -4 -6 5 3 1 -1 -3 -5 6 4 2 0 -2 -4 -6 5 3 1 -1 -3 -5 6 4 2 0 -2 -4 -6 5 3 1 -1 -3 -5 6 4 2 0 -2 -4 -6 5 3 1 -1 -3 -5 6 4 2 0 -2 -4 -6 5 3 1 -1 -3 -5 6 4 2 0 -2 -4 -6 5 3 1 -1 -3 -5 6 4 2 0 -2 -4 -6 5 3 1 -1 -3 -5 6 4 2 0 -2 -4 -6 5 3 1 -1 -3 -5 6 4 2 0 -2 -4 -6 5 3 1 -1 -3 -5 6 4 2 0 -2 -4 -6 5 3 1 -1 -3 -5 6 4 2 0 -2 -4 -6 5 3 1 -1 -3 -5 6 4 2 0 -2 -4 -6 5 3 1 -1 -3 -5 6 4 2 0 -2 -4 -6 5 3 1 -1 -3 -5 6 4 2 0 -2 -4 -6 5 3 1 -1 -3 -5 6 4 2 0 -2 -4 -6 5 3 1 -1 -3 -5 6 4 2 0 -2 -4 -6 5 3 1 -1 -3 -5 6 4 2 0 -2 -4 -6 5 3 1 -1 -3 -5 6 4 2 0 -2 -4 -6 5 3 1 -1 -3 -5 6 4 2 0 -2 -4 -6 5 3 1 -1 -3 -5 6 4 2 0 -2 -4 -6 5 3 1 -1 -3 -5 6 4 2 0 -2 -4 -6 5 3 1 -1 -3 -5 6 4 2 0 -2 -4 -6 5 3 1 -1 -3 -5 6
-3 -5 6 4 2 0 -2 -4 -6 5 3 1 -1 -3 -5 6 4 2 0 -2 -4 -6 5 3 1 -1 -3 -5 6 4 2 0 -2 -4 -6 5 3 1 -1 -3 -5 6 4 2 0 -2 -4 -6 5 3 1 -1 -3 -5 6 4 2 0 -2 -4 -6 5 3 1 -1 -3 -5 6 4 2 0 -2 -4 -6 5 3 1 -1 -3 -5 6 4 2 0 -2 -4 -6 5 3 1 -1 -3 -5 6 4 2 0 -2 -4 -6 5 3 1 -1 -3 -5 6 4 2 0 -2 -4 -6 5 3 1 -1 -3 -5 6 4 2 0 -2 -4 -6 5 3 1 -1 -3 -5 6 4 2 0 -2 -4 -6 5 3 1 -1 -3 -5 6 4 2 0 -2 -4 -6 5 3 1 -1 -3 -5 6 4 2 0 -2 -4 -6 5 3 1 -1 -3 -5 6 4 2 0 -2 -4 -6 5 3 1 -1 -3 -5 6 4 2 0 -2 -4 -6 5 3 1 -1 -3 -5 6 4 2 0 -2 -4 -6 5 3 1 -1 -3 -5 6 4 2 0 -2 -4 -6 5 3 1 -1 -3 -5 6 4 2 0 -2 -4 -6 5 3 1 -1 -3 -5 6 4 2 0 -2 -4 -6 5 3 1 -1 -3 -5 6 4 2 0 -2 -4 -6 5 3 1 -1 -3 -5 6 4 2 0 -2 -4 -6 5 3 1 -1 -3 -5 6 4 2 0 -2 -4 -6 5 3 1 -1 -3 -5 6 4 2 0 -2 -4 -6 5 3 1 -1 -3 -5 6 4 2 0 -2 -4 -6 5 3 1 -1 -3 -5 6 4 2 0 -2 -4 -6 5 3 1 -1 -3 -5 6 4 2 0 -2 -4 -6 5 3 1 -1 -3 -5 6 4 2 0 -2 -4 -6 5 3 1 -1 -3 -5 6 4 2 0 -2 -4 -6 5 3 1 -1 -3 -5 6 4 2 0 -2 -4 -6 5 3 1 -1 -3 -5 6 4 2 0 -2 -4 -6 5 3 1 -1 -3 -5 6 4 2 0 -2 -4 -6 5 3 1 -1 -3 -5 6 4 2 0 -2 -4 -6 5 3 1 -1 -3 -5 6 4 2 0 -2 -4 -6 5 3 1 -1 -3 -5 6 4 2 0 -2 -4 -6 5 3 1 -1 -3 -5 6 4 2 0 -2 -4 -6 5 3 1 -1 -3 -5 6 4 2 0 -2 -4 -6 5 3 1 -1 -3 -5 6 4 2 0 -2 -4 -6 5 3 1 -1 -3 -5 6 4 2 0 -2 -4 -6 5 3 1 -1 -3 -5 6 4 2 0
4 2 0 -2 -4 -6 5 3 1 -1 -3 -5 6 4 2 0 -2 -4 -6 5 3 1 -1 -3 -5 6 4 2 0 -2 -4 -6 5 3 1 -1 -3 -5 6 4 2 0 -2 -4 -6 5 3 1 -1 -3 -5 6 4 2 0 -2 -4 -6 5 3 1 -1 -3 -5 6 4 2 0 -2 -4 -6 5 3 1 -1 -3 -5 6 4 2 0 -2 -4 -6 5 3 1 -1 -3 -5 6 4 2 0 -2 -4 -6 5 3 1 -1 -3 -5 6 4 2 0 -2 -4 -6 5 3 1 -1 -3 -5 6 4 2 0 -2 -4 -6 5 3 1 -1 -3 -5 6 4 2 0 -2 -4 -6 5 3 1 -1 -3 -5 6 4 2 0 -2 -4 -6 5 3 1 -1 -3 -5 6 4 2 0 -2 -4 -6 5 3 1 -1 -3 -5 6 4 2 0 -2 -4 -6 5 3 1 -1 -3 -5 6 4 2 0 -2 -4 -6 5 3 1 -1 -3 -5 6 4 2 0 -2 -4 -6 5 3 1 -1 -3 -5 6 4 2 0 -2 -4 -6 5 3 1 -1 -3 -5 6 4 2 0 -2 -4 -6 5 3 1 -1 -3 -5 6 4 2 0 -2 -4 -6 5 3 1 -1 -3 -5 6 4 2 0 -2 -4 -6 5 3 1 -1 -3 -5 6 4 2 0 -2 -4 -6 5 3 1 -1 -3 -5 6 4 2 0 -2 -4 -6 5 3 1 -1 -3 -5 6 4 2 0 -2 -4 -6 5 3 1 -1 -3 -5 6 4 2 0 -2 -4 -6 5 3 1 -1 -3 -5 6 4 2 0 -2 -4 -6 5 3 1 -1 -3 -5 6 4 2 0 -2 -4 -6 5 3 1 -1 -3 -5 6 4 2 0 -2 -4 -6 5 3 1 -1 -3 -5 6 4 2 0 -2 -4 -6 5 3 1 -1 -3 -5 6 4 2 0 -2 -4 -6 5 3 1 -1 -3 -5 6 4 2 0 -2 -4 -6 5 3 1 -1 -3 -5 6 4 2 0 -2 -4 -6 5 3 1 -1 -3 -5 6 4 2 0 -2 -4 -6 5 3 1 -1 -3 -5 6 4 2 0 -2 -4 -6 5 3 1 -1 -3 -5 6 4 2 0 -2 -4 -6 5 3 1 -1 -3 -5 6 4 2 0 -2 -4 -6 5 3 1 -1 -3 -5 6 4 2 0 -2 -4 -6 5 3 1 -1 -3 -5 6 4 2 0 -2 -4 -6 5 3 1 -1 -3 -5 6 4 2 0 -2 -4 -6 5 3 1 -1 -3 -5 6 4 2 0 -2 -4 -6
-2 -4 -6 5 3 1 -1 -3 -5 6 4 2 0 -2 -4 -6 5 3 1 -1 -3 -5 6 4 2 0 -2 -4 -6 5 3 1 -1 -3 -5 6 4 2 0 -2 -4 -6 5 3 1 -1 -3 -5 6 4 2 0 -2 -4 -6 5 3 1 -1 -3 -5 6 4 2 0 -2 -4 -6 5 3 1 -1 -3 -5 6 4 2 0 -2 -4 -6 5 3 1 -1 -3 -5 6 4 2 0 -2 -4 -6 5 3 1 -1 -3 -5 6 4 2 0 -2 -4 -6 5 3 1 -1 -3 -5 6 4 2 0 -2 -4 -6 5 3 1 -1 -3 -5 6 4 2 0 -2 -4 -6 5 3 1 -1 -3 -5 6 4 2 0 -2 -4 -6 5 3 1 -1 -3 -5 6 4 2 0 -2 -4 -6 5 3 1 -1 -3 -5 6 4 2 0 -2 -4 -6 5 3 1 -1 -3 -5 6 4 2 0 -2 -4 -6 5 3 1 -1 -3 -5 6 4 2 0 -2 -4 -6 5 3 1 -1 -3 -5 6 4 2 0 -2 -4 -6 5 3 1 -1 -3 -5 6 4 2 0 -2 -4 -6 5 3 1 -1 -3 -5 6 4 2 0 -2 -4 -6 5 3 1 -1 -3 -5 6 4 2 0 -2 -4 -6 5 3 1 -1 -3 -5 6 4 2 0 -2 -4 -6 5 3 1 -1 -3 -5 6 4 2 0 -2 -4 -6 5 3 1 -1 -3 -5 6 4 2 0 -2 -4 -6 5 3 1 -1 -3 -5 6 4 2 0 -2 -4 -6 5 3 1 -1 -3 -5 6 4 2 0 -2 -4 -6 5 3 1 -1 -3 -5 6 4 2 0 -2 -4 -6 5 3 1 -1 -3 -5 6 4 2 0 -2 -4 -6 5 3 1 -1 -3 -5 6 4 2 0 -2 -4 -6 5 3 1 -1 -3 -5 6 4 2 0 -2 -4 -6 5 3 1 -1 -3 -5 6 4 2 0 -2 -4 -6 5 3 1 -1 -3 -5 6 4 2 0 -2 -4 -6 5 3 1 -1 -3 -5 6 4 2 0 -2 -4 -6 5 3 1 -1 -3 -5 6 4 2 0 -2 -4 -6 5 3 1 -1 -3 -5 6 4 2 0 -2 -4 -6 5 3 1 -1 -3 -5 6 4 2 0 -2 -4 -6 5 3 1 -1 -3 -5 6 4 2 0 -2 -4 -6 5 3 1 -1 -3 -5 6 4 2 0 -2 -4 -6 5 3 1 -1 -3 -5 6 4 2 0 -2 -4 -6 5 3 1 -1 -3 -5 6 4 2 0 -2 -4 -6 5 3 1
5 3 1 -1 -3 -5 6 4 2 0 -2 -4 -6 5 3 1 -1 -3 -5 6 4 2 0 -2 -4 -6 5 3 1 -1 -3 -5 6 4 2 0 -2 -4 -6 5 3 1 -1 -3 -5 6 4 2 0 -2 -4 -6 5 3 1 -1 -3 -5 6 4 2 0 -2 -4 -6 5 3 1 -1 -3 -5 6 4 2 0 -2 -4 -6 5 3 1 -1 -3 -5 6 4 2 0 -2 -4 -6 5 3 1 -1 -3 -5 6 4 2 0 -2 -4 -6 5 3 1 -1 -3 -5 6 4 2 0 -2 -4 -6 5 3 1 -1 -3 -5 6 4 2 0 -2 -4 -6 5 3 1 -1 -3 -5 6 4 2 0 -2 -4 -6 5 3 1 -1 -3 -5 6 4 2 0 -2 -4 -6 5 3 1 -1 -3 -5 6 4 2 0 -2 -4 -6 5 3 1 -1 -3 -5 6 4 2 0 -2 -4 -6 5 3 1 -1 -3 -5 6 4 2 0 -2 -4 -6 5 3 1 -1 -3 -5 6 4 2 0 -2 -4 -6 5 3 1 -1 -3 -5 6 4 2 0 -2 -4 -6 5 3 1 -1 -3 -5 6 4 2 0 -2 -4 -6 5 3 1 -1 -3 -5 6 4 2 0 -2 -4 -6 5 3 1 -1 -3 -5 6 4 2 0 -2 -4 -6 5 3 1 -1 -3 -5 6 4 2 0 -2 -4 -6 5 3 1 -1 -3 -5 6 4 2 0 -2 -4 -6 5 3 1 -1 -3 -5 6 4 2 0 -2 -4 -6 5 3 1 -1 -3 -5 6 4 2 0 -2 -4 -6 5 3 1 -1 -3 -5 6 4 2 0 -2 -4 -6 5 3 1 -1 -3 -5 6 4 2 0 -2 -4 -6 5 3 1 -1 -3 -5 6 4 2 0 -2 -4 -6 5 3 1 -1 -3 -5 6 4 2 0 -2 -4 -6 5 3 1 -1 -3 -5 6 4 2 0 -2 -4 -6 5 3 1 -1 -3 -5 6 4 2 0 -2 -4 -6 5 3 1 -1 -3 -5 6 4 2 0 -2 -4 -6 5 3 1 -1 -3 -5 6 4 2 0 -2 -4 -6 5 3 1 -1 -3 -5 6 4 2 0 -2 -4 -6 5 3 1 -1 -3 -5 6 4 2 0 -2 -4 -6 5 3 1 -1 -3 -5 6 4 2 0 -2 -4 -6 5 3 1 -1 -3 -5 6 4 2 0 -2 -4 -6 5 3 1 -1 -3 -5 6 4 2 0 -2 -4 -6 5 3 1 -1 -3 -5 6 4 2 0 -2 -4 -6 5 3 1 -1 -3 -5
-1 -3 -5 6 4 2 0 -2 -4 -6 5 3 1 -1 -3 -5 6 4 2 0 -2 -4 -6 5 3 1 -1 -3 -5 6 4 2 0 -2 -4 -6 5 3 1 -1 -3 -5 6 4 2 0 -2 -4 -6 5 3 1 -1 -3 -5 6 4 2 0 -2 -4 -6 5 3 1 -1 -3 -5 6 4 2 0 -2 -4 -6 5 3 1 -1 -3 -5 6 4 2 0 -2 -4 -6 5 3 1 -1 -3 -5 6 4 2 0 -2 -4 -6 5 3 1 -1 -3 -5 6 4 2 0 -2 -4 -6 5 3 1 -1 -3 -5 6 4 2 0 -2 -4 -6 5 3 1 -1 -3 -5 6 4 2 0 -2 -4 -6 5 3 1 -1 -3 -5 6 4 2 0 -2 -4 -6 5 3 1 -1 -3 -5 6 4 2 0 -2 -4 -6 5 3 1 -1 -3 -5 6 4 2 0 -2 -4 -6 5 3 1 -1 -3 -5 6 4 2 0 -2 -4 -6 5 3 1 -1 -3 -5 6 4 2 0 -2 -4 -6 5 3 1 -1 -3 -5 6 4 2 0 -2 -4 -6 5 3 1 -1 -3 -5 6 4 2 0 -2 -4 -6 5 3 1 -1 -3 -5 6 4 2 0 -2 -4 -6 5 3 1 -1 -3 -5 6 4 2 0 -2 -4 -6 5 3 1 -1 -3 -5 6 4 2 0 -2 -4 -6 5 3 1 -1 -3 -5 6 4 2 0 -2 -4 -6 5 3 1 -1 -3 -5 6 4 2 0 -2 -4 -6 5 3 1 -1 -3 -5 6 4 2 0 -2 -4 -6 5 3 1 -1 -3 -5 6 4 2 0 -2 -4 -6 5 3 1 -1 -3 -5 6 4 2 0 -2 -4 -6 5 3 1 -1 -3 -5 6 4 2 0 -2 -4 -6 5 3 1 -1 -3 -5 6 4 2 0 -2 -4 -6 5 3 1 -1 -3 -5 6 4 2 0 -2 -4 -6 5 3 1 -1 -3 -5 6 4 2 0 -2 -4 -6 5 3 1 -1 -3 -5 6 4 2 0 -2 -4 -6 5 3 1 -1 -3 -5 6 4 2 0 -2 -4 -6 5 3 1 -1 -3 -5 6 4 2 0 -2 -4 -6 5 3 1 -1 -3 -5 6 4 2 0 -2 -4 -6 5 3 1 -1 -3 -5 6 4 2 0 -2 -4 -6 5 3 1 -1 -3 -5 6 4 2 0 -2 -4 -6 5 3 1 -1 -3 -5 6 4 2 0 -2 -4 -6 5 3 1 -1 -3 -5 6 4 2 0 -2 -4 -6 5 3 1 -1 -3 -5 6 4 2
6 4 2 0 -2 -4 -6 5 3 1 -1 -3 -5 6 4 2 0 -2 -4 -6 5 3 1 -1 -3 -5 6 4 2 0 -2 -4 -6 5 3 1 -1 -3 -5 6 4 2 0 -2 -4 -6 5 3 1 -1 -3 -5 6 4 2 0 -2 -4 -6 5 3 1 -1 -3 -5 6 4 2 0 -2 -4 -6 5 3 1 -1 -3 -5 6 4 2 0 -2 -4 -6 5 3 1 -1 -3 -5 6 4 2 0 -2 -4 -6 5 3 1 -1 -3 -5 6 4 2 0 -2 -4 -6 5 3 1 -1 -3 -5 6 4 2 0 -2 -4 -6 5 3 1 -1 -3 -5 6 4 2 0 -2 -4 -6 5 3 1 -1 -3 -5 6 4 2 0 -2 -4 -6 5 3 1 -1 -3 -5 6 4 2 0 -2 -4 -6 5 3 1 -1 -3 -5 6 4 2 0 -2 -4 -6 5 3 1 -1 -3 -5 6 4 2 0 -2 -4 -6 5 3 1 -1 -3 -5 6 4 2 0 -2 -4 -6 5 3 1 -1 -3 -5 6 4 2 0 -2 -4 -6 5 3 1 -1 -3 -5 6 4 2 0 -2 -4 -6 5 3 1 -1 -3 -5 6 4 2 0 -2 -4 -6 5 3 1 -1 -3 -5 6 4 2 0 -2 -4 -6 5 3 1 -1 -3 -5 6 4 2 0 -2 -4 -6 5 3 1 -1 -3 -5 6 4 2 0 -2 -4 -6 5 3 1 -1 -3 -5 6 4 2 0 -2 -4 -6 5 3 1 -1 -3 -5 6 4 2 0 -2 -4 -6 5 3 1 -1 -3 -5 6 4 2 0 -2 -4 -6 5 3 1 -1 -3 -5 6 4 2 0 -2 -4 -6 5 3 1 -1 -3 -5 6 4 2 0 -2 -4 -6 5 3 1 -1 -3 -5 6 4 2 0 -2 -4 -6 5 3 1 -1 -3 -5 6 4 2 0 -2 -4 -6 5 3 1 -1 -3 -5 6 4 2 0 -2 -4 -6 5 3 1 -1 -3 -5 6 4 2 0 -2 -4 -6 5 3 1 -1 -3 -5 6 4 2 0 -2 -4 -6 5 3 1 -1 -3 -5 6 4 2 0 -2 -4 -6 5 3 1 -1 -3 -5 6 4 2 0 -2 -4 -6 5 3 1 -1 -3 -5 6 4 2 0 -2 -4 -6 5 3 1 -1 -3 -5 6 4 2 0 -2 -4 -6 5 3 1 -1 -3 -5 6 4 2 0 -2 -4 -6 5 3 1 -1 -3 -5 6 4 2 0 -2 -4 -6 5 3 1 -1 -3 -5 6 4 2 0 -2 -4
0 -2 -4 -6 5 3 1 -1 -3 -5 6 4 2 0 -2 -4 -6 5 3 1 -1 -3 -5 6 4 2 0 -2 -4 -6 5 3 1 -1 -3 -5 6 4 2 0 -2 -4 -6 5 3 1 -1 -3 -5 6 4 2 0 -2 -4 -6 5 3 1 -1 -3 -5 6 4 2 0 -2 -4 -6 5 3 1 -1 -3 -5 6 4 2 0 -2 -4 -6 5 3 1 -1 -3 -5 6 4 2 0 -2 -4 -6 5 3 1 -1 -3 -5 6 4 2 0 -2 -4 -6 5 3 1 -1 -3 -5 6 4 2 0 -2 -4 -6 5 3 1 -1 -3 -5 6 4 2 0 -2 -4 -6 5 3 1 -1 -3 -5 6 4 2 0 -2 -4 -6 5 3 1 -1 -3 -5 6 4 2 0 -2 -4 -6 5 3 1 -1 -3 -5 6 4 2 0 -2 -4 -6 5 3 1 -1 -3 -5 6 4 2 0 -2 -4 -6 5 3 1 -1 -3 -5 6 4 2 0 -2 -4 -6 5 3 1 -1 -3 -5 6 4 2 0 -2 -4 -6 5 3 1 -1 -3 -5 6 4 2 0 -2 -4 -6 5 3 1 -1 -3 -5 6 4 2 0 -2 -4 -6 5 3 1 -1 -3 -5 6 4 2 0 -2 -4 -6 5 3 1 -1 -3 -5 6 4 2 0 -2 -4 -6 5 3 1 -1 -3 -5 6 4 2 0 -2 -4 -6 5 3 1 -1 -3 -5 6 4 2 0 -2 -4 -6 5 3 1 -1 -3 -5 6 4 2 0 -2 -4 -6 5 3 1 -1 -3 -5 6 4 2 0 -2 -4 -6 5 3 1 -1 -3 -5 6 4 2 0 -2 -4 -6 5 3 1 -1 -3 -5 6 4 2 0 -2 -4 -6 5 3 1 -1 -3 -5 6 4 2 0 -2 -4 -6 5 3 1 -1 -3 -5 6 4 2 0 -2 -4 -6 5 3 1 -1 -3 -5 6 4 2 0 -2 -4 -6 5 3 1 -1 -3 -5 6 4 2 0 -2 -4 -6 5 3 1 -1 -3 -5 6 4 2 0 -2 -4 -6 5 3 1 -1 -3 -5 6 4 2 0 -2 -4 -6 5 3 1 -1 -3 -5 6 4 2 0 -2 -4 -6 5 3 1 -1 -3 -5 6 4 2 0 -2 -4 -6 5 3 1 -1 -3 -5 6 4 2 0 -2 -4 -6 5 3 1 -1 -3 -5 6 4 2 0 -2 -4 -6 5 3 1 -1 -3 -5 6 4 2 0 -2 -4 -6 5 3 1 -1 -3 -5 6 4 2 0 -2 -4 -6 5 3
-6 5 3 1 -1 -3 -5 6 4 2 0 -2 -4 -6 5 3 1 -1 -3 -5 6 4 2 0 -2 -4 -6 5 3 1 -1 -3 -5 6 4 2 0 -2 -4 -6 5 3 1 -1 -3 -5 6 4 2 0 -2 -4 -6 5 3 1 -1 -3 -5 6 4 2 0 -2 -4 -6 5 3 1 -1 -3 -5 6 4 2 0 -2 -4 -6 5 3 1 -1 -3 -5 6 4 2 0 -2 -4 -6 5 3 1 -1 -3 -5 6 4 2 0 -2 -4 -6 5 3 1 -1 -3 -5 6 4 2 0 -2 -4 -6 5 3 1 -1 -3 -5 6 4 2 0 -2 -4 -6 5 3 1 -1 -3 -5 6 4 2 0 -2 -4 -6 5 3 1 -1 -3 -5 6 4 2 0 -2 -4 -6 5 3 1 -1 -3 -5 6 4 2 0 -2 -4 -6 5 3 1 -1 -3 -5 6 4 2 0 -2 -4 -6 5 3 1 -1 -3 -5 6 4 2 0 -2 -4 -6 5 3 1 -1 -3 -5 6 4 2 0 -2 -4 -6 5 3 1 -1 -3 -5 6 4 2 0 -2 -4 -6 5 3 1 -1 -3 -5 6 4 2 0 -2 -4 -6 5 3 1 -1 -3 -5 6 4 2 0 -2 -4 -6 5 3 1 -1 -3 -5 6 4 2 0 -2 -4 -6 5 3 1 -1 -3 -5 6 4 2 0 -2 -4 -6 5 3 1 -1 -3 -5 6 4 2 0 -2 -4 -6 5 3 1 -1 -3 -5 6 4 2 0 -2 -4 -6 5 3 1 -1 -3 -5 6 4 2 0 -2 -4 -6 5 3 1 -1 -3 -5 6 4 2 0 -2 -4 -6 5 3 1 -1 -3 -5 6 4 2 0 -2 -4 -6 5 3 1 -1 -3 -5 6 4 2 0 -2 -4 -6 5 3 1 -1 -3 -5 6 4 2 0 -2 -4 -6 5 3 1 -1 -3 -5 6 4 2 0 -2 -4 -6 5 3 1 -1 -3 -5 6 4 2 0 -2 -4 -6 5 3 1 -1 -3 -5 6 4 2 0 -2 -4 -6 5 3 1 -1 -3 -5 6 4 2 0 -2 -4 -6 5 3 1 -1 -3 -5 6 4 2 0 -2 -4 -6 5 3 1 -1 -3 -5 6 4 2 0 -2 -4 -6 5 3 1 -1 -3 -5 6 4 2 0 -2 -4 -6 5 3 1 -1 -3 -5 6 4 2 0 -2 -4 -6 5 3 1 -1 -3 -5 6 4 2 0 -2 -4 -6 5 3 1 -1 -3 -5 6 4 2 0 -2 -4 -6 5 3 1 -1 -3
1 -1 -3 -5 6 4 2 0 -2 -4 -6 5 3 1 -1 -3 -5 6 4 2 0 -2 -4 -6 5 3 1 -1 -3 -5 6 4 2 0 -2 -4 -6 5 3 1 -1 -3 -5 6 4 2 0 -2 -4 -6 5 3 1 -1 -3 -5 6 4 2 0 -2 -4 -6 5 3 1 -1 -3 -5 6 4 2 0 -2 -4 -6 5 3 1 -1 -3 -5 6 4 2 0 -2 -4 -6 5 3 1 -1 -3 -5 6 4 2 0 -2 -4 -6 5 3 1 -1 -3 -5 6 4 2 0 -2 -4 -6 5 3 1 -1 -3 -5 6 4 2 0 -2 -4 -6 5 3 1 -1 -3 -5 6 4 2 0 -2 -4 -6 5 3 1 -1 -3 -5 6 4 2 0 -2 -4 -6 5 3 1 -1 -3 -5 6 4 2 0 -2 -4 -6 5 3 1 -1 -3 -5 6 4 2 0 -2 -4 -6 5 3 1 -1 -3 -5 6 4 2 0 -2 -4 -6 5 3 1 -1 -3 -5 6 4 2 0 -2 -4 -6 5 3 1 -1 -3 -5 6 4 2 0 -2 -4 -6 5 3 1 -1 -3 -5 6 4 2 0 -2 -4 -6 5 3 1 -1 -3 -5 6 4 2 0 -2 -4 -6 5 3 1 -1 -3 -5 6 4 2 0 -2 -4 -6 5 3 1 -1 -3 -5 6 4 2 0 -2 -4 -6 5 3 1 -1 -3 -5 6 4 2 0 -2 -4 -6 5 3 1 -1 -3 -5 6 4 2 0 -2 -4 -6 5 3 1 -1 -3 -5 6 4 2 0 -2 -4 -6 5 3 1 -1 -3 -5 6 4 2 0 -2 -4 -6 5 3 1 -1 -3 -5 6 4 2 0 -2 -4 -6 5 3 1 -1 -3 -5 6 4 2 0 -2 -4 -6 5 3 1 -1 -3 -5 6 4 2 0 -2 -4 -6 5 3 1 -1 -3 -5 6 4 2 0 -2 -4 -6 5 3 1 -1 -3 -5 6 4 2 0 -2 -4 -6 5 3 1 -1 -3 -5 6 4 2 0 -2 -4 -6 5 3 1 -1 -3 -5 6 4 2 0 -2 -4 -6 5 3 1 -1 -3 -5 6 4 2 0 -2 -4 -6 5 3 1 -1 -3 -5 6 4 2 0 -2 -4 -6 5 3 1 -1 -3 -5 6 4 2 0 -2 -4 -6 5 3 1 -1 -3 -5 6 4 2 0 -2 -4 -6 5 3 1 -1 -3 -5 6 4 2 0 -2 -4 -6 5 3 1 -1 -3 -5 6 4 2 0 -2 -4 -6 5 3 1 -1 -3 -5 6 4
-5 6 4 2 0 -2 -4 -6 5 3 1 -1 -3 -5 6 4 2 0 -2 -4 -6 5 3 1 -1 -3 -5 6 4 2 0 -2 -4 -6 5 3 1 -1 -3 -5 6 4 2 0 -2 -4 -6 5 3 1 -1 -3 -5 6 4 2 0 -2 -4 -6 5 3 1 -1 -3 -5 6 4 2 0 -2 -4 -6 5 3 1 -1 -3 -5 6 4 2 0 -2 -4 -6 5 3 1 -1 -3 -5 6 4 2 0 -2 -4 -6 5 3 1 -1 -3 -5 6 4 2 0 -2 -4 -6 5 3 1 -1 -3 -5 6 4 2 0 -2 -4 -6 5 3 1 -1 -3 -5 6 4 2 0 -2 -4 -6 5 3 1 -1 -3 -5 6 4 2 0 -2 -4 -6 5 3 1 -1 -3 -5 6 4 2 0 -2 -4 -6 5 3 1 -1 -3 -5 6 4 2 0 -2 -4 -6 5 3 1 -1 -3 -5 6 4 2 0 -2 -4 -6 5 3 1 -1 -3 -5 6 4 2 0 -2 -4 -6 5 3 1 -1 -3 -5 6 4 2 0 -2 -4 -6 5 3 1 -1 -3 -5 6 4 2 0 -2 -4 -6 5 3 1 -1 -3 -5 6 4 2 0 -2 -4 -6 5 3 1 -1 -3 -5 6 4 2 0 -2 -4 -6 5 3 1 -1 -3 -5 6 4 2 0 -2 -4 -6 5 3 1 -1 -3 -5 6 4 2 0 -2 -4 -6 5 3 1 -1 -3 -5 6 4 2 0 -2 -4 -6 5 3 1 -1 -3 -5 6 4 2 0 -2 -4 -6 5 3 1 -1 -3 -5 6 4 2 0 -2 -4 -6 5 3 1 -1 -3 -5 6 4 2 0 -2 -4 -6 5 3 1 -1 -3 -5 6 4 2 0 -2 -4 -6 5 3 1 -1 -3 -5 6 4 2 0 -2 -4 -6 5 3 1 -1 -3 -5 6 4 2 0 -2 -4 -6 5 3 1 -1 -3 -5 6 4 2 0 -2 -4 -6 5 3 1 -1 -3 -5 6 4 2 0 -2 -4 -6 5 3 1 -1 -3 -5 6 4 2 0 -2 -4 -6 5 3 1 -1 -3 -5 6 4 2 0 -2 -4 -6 5 3 1 -1 -3 -5 6 4 2 0 -2 -4 -6 5 3 1 -1 -3 -5 6 4 2 0 -2 -4 -6 5 3 1 -1 -3 -5 6 4 2 0 -2 -4 -6 5 3 1 -1 -3 -5 6 4 2 0 -2 -4 -6 5 3 1 -1 -3 -5 6 4 2 0 -2 -4 -6 5 3 1 -1 -3 -5 6 4 2 0 -2
2 0 -2 -4 -6 5 3 1 -1 -3 -5 6 4 2 0 -2 -4 -6 5 3 1 -1 -3 -5 6 4 2 0 -2 -4 -6 5 3 1 -1 -3 -5 6 4 2 0 -2 -4 -6 5 3 1 -1 -3 -5 6 4 2 0 -2 -4 -6 5 3 1 -1 -3 -5 6 4 2 0 -2 -4 -6 5 3 1 -1 -3 -5 6 4 2 0 -2 -4 -6 5 3 1 -1 -3 -5 6 4 2 0 -2 -4 -6 5 3 1 -1 -3 -5 6 4 2 0 -2 -4 -6 5 3 1 -1 -3 -5 6 4 2 0 -2 -4 -6 5 3 1 -1 -3 -5 6 4 2 0 -2 -4 -6 5 3 1 -1 -3 -5 6 4 2 0 -2 -4 -6 5 3 1 -1 -3 -5 6 4 2 0 -2 -4 -6 5 3 1 -1 -3 -5 6 4 2 0 -2 -4 -6 5 3 1 -1 -3 -5 6 4 2 0 -2 -4 -6 5 3 1 -1 -3 -5 6 4 2 0 -2 -4 -6 5 3 1 -1 -3 -5 6 4 2 0 -2 -4 -6 5 3 1 -1 -3 -5 6 4 2 0 -2 -4 -6 5 3 1 -1 -3 -5 6 4 2 0 -2 -4 -6 5 3 1 -1 -3 -5 6 4 2 0 -2 -4 -6 5 3 1 -1 -3 -5 6 4 2 0 -2 -4 -6 5 3 1 -1 -3 -5 6 4 2 0 -2 -4 -6 5 3 1 -1 -3 -5 6 4 2 0 -2 -4 -6 5 3 1 -1 -3 -5 6 4 2 0 -2 -4 -6 5 3 1 -1 -3 -5 6 4 2 0 -2 -4 -6 5 3 1 -1 -3 -5 6 4 2 0 -2 -4 -6 5 3 1 -1 -3 -5 6 4 2 0 -2 -4 -6 5 3 1 -1 -3 -5 6 4 2 0 -2 -4 -6 5 3 1 -1 -3 -5 6 4 2 0 -2 -4 -6 5 3 1 -1 -3 -5 6 4 2 0 -2 -4 -6 5 3 1 -1 -3 -5 6 4 2 0 -2 -4 -6 5 3 1 -1 -3 -5 6 4 2 0 -2 -4 -6 5 3 1 -1 -3 -5 6 4 2 0 -2 -4 -6 5 3 1 -1 -3 -5 6 4 2 0 -2 -4 -6 5 3 1 -1 -3 -5 6 4 2 0 -2 -4 -6 5 3 1 -1 -3 -5 6 4 2 0 -2 -4 -6 5 3 1 -1 -3 -5 6 4 2 0 -2 -4 -6 5 3 1 -1 -3 -5 6 4 2 0 -2 -4 -6 5 3 1 -1 -3 -5 6 4 2 0 -2 -4 -6 5
-4 -6 5 3 1 -1 -3 -5 6 4 2 0 -2 -4 -6 5 3 1 -1 -3 -5 6 4 2 0 -2 -4 -6 5 3 1 -1 -3 -5 6 4 2 0 -2 -4 -6 5 3 1 -1 -3 -5 6 4 2 0 -2 -4 -6 5 3 1 -1 -3 -5 6 4 2 0 -2 -4 -6 5 3 1 -1 -3 -5 6 4 2 0 -2 -4 -6 5 3 1 -1 -3 -5 6 4 2 0 -2 -4 -6 5 3 1 -1 -3 -5 6 4 2 0 -2 -4 -6 5 3 1 -1 -3 -5 6 4 2 0 -2 -4 -6 5 3 1 -1 -3 -5 6 4 2 0 -2 -4 -6 5 3 1 -1 -3 -5 6 4 2 0 -2 -4 -6 5 3 1 -1 -3 -5 6 4 2 0 -2 -4 -6 5 3 1 -1 -3 -5 6 4 2 0 -2 -4 -6 5 3 1 -1 -3 -5 6 4 2 0 -2 -4 -6 5 3 1 -1 -3 -5 6 4 2 0 -2 -4 -6 5 3 1 -1 -3 -5 6 4 2 0 -2 -4 -6 5 3 1 -1 -3 -5 6 4 2 0 -2 -4 -6 5 3 1 -1 -3 -5 6 4 2 0 -2 -4 -6 5 3 1 -1 -3 -5 6 4 2 0 -2 -4 -6 5 3 1 -1 -3 -5 6 4 2 0 -2 -4 -6 5 3 1 -1 -3 -5 6 4 2 0 -2 -4 -6 5 3 1 -1 -3 -5 6 4 2 0 -2 -4 -6 5 3 1 -1 -3 -5 6 4 2 0 -2 -4 -6 5 3 1 -1 -3 -5 6 4 2 0 -2 -4 -6 5 3 1 -1 -3 -5 6 4 2 0 -2 -4 -6 5 3 1 -1 -3 -5 6 4 2 0 -2 -4 -6 5 3 1 -1 -3 -5 6 4 2 0 -2 -4 -6 5 3 1 -1 -3 -5 6 4 2 0 -2 -4 -6 5 3 1 -1 -3 -5 6 4 2 0 -2 -4 -6 5 3 1 -1 -3 -5 6 4 2 0 -2 -4 -6 5 3 1 -1 -3 -5 6 4 2 0 -2 -4 -6 5 3 1 -1 -3 -5 6 4 2 0 -2 -4 -6 5 3 1 -1 -3 -5 6 4 2 0 -2 -4 -6 5 3 1 -1 -3 -5 6 4 2 0 -2 -4 -6 5 3 1 -1 -3 -5 6 4 2 0 -2 -4 -6 5 3 1 -1 -3 -5 6 4 2 0 -2 -4 -6 5 3 1 -1 -3 -5 6 4 2 0 -2 -4 -6 5 3 1 -1 -3 -5 6 4 2 0 -2 -4 -6 5 3 1 -1
3 1 -1 -3 -5 6 4 2 0 -2 -4 -6 5 3 1 -1 -3 -5 6 4 2 0 -2 -4 -6 5 3 1 -1 -3 -5 6 4 2 0 -2 -4 -6 5 3 1 -1 -3 -5 6 4 2 0 -2 -4 -6 5 3 1 -1 -3 -5 6 4 2 0 -2 -4 -6 5 3 1 -1 -3 -5 6 4 2 0 -2 -4 -6 5 3 1 -1 -3 -5 6 4 2 0 -2 -4 -6 5 3 1 -1 -3 -5 6 4 2 0 -2 -4 -6 5 3 1 -1 -3 -5 6 4 2 0 -2 -4 -6 5 3 1 -1 -3 -5 6 4 2 0 -2 -4 -6 5 3 1 -1 -3 -5 6 4 2 0 -2 -4 -6 5 3 1 -1 -3 -5 6 4 2 0 -2 -4 -6 5 3 1 -1 -3 -5 6 4 2 0 -2 -4 -6 5 3 1 -1 -3 -5 6 4 2 0 -2 -4 -6 5 3 1 -1 -3 -5 6 4 2 0 -2 -4 -6 5 3 1 -1 -3 -5 6 4 2 0 -2 -4 -6 5 3 1 -1 -3 -5 6 4 2 0 -2 -4 -6 5 3 1 -1 -3 -5 6 4 2 0 -2 -4 -6 5 3 1 -1 -3 -5 6 4 2 0 -2 -4 -6 5 3 1 -1 -3 -5 6 4 2 0 -2 -4 -6 5 3 1 -1 -3 -5 6 4 2 0 -2 -4 -6 5 3 1 -1 -3 -5 6 4 2 0 -2 -4 -6 5 3 1 -1 -3 -5 6 4 2 0 -2 -4 -6 5 3 1 -1 -3 -5 6 4 2 0 -2 -4 -6 5 3 1 -1 -3 -5 6 4 2 0 -2 -4 -6 5 3 1 -1 -3 -5 6 4 2 0 -2 -4 -6 5 3 1 -1 -3 -5 6 4 2 0 -2 -4 -6 5 3 1 -1 -3 -5 6 4 2 0 -2 -4 -6 5 3 1 -1 -3 -5 6 4 2 0 -2 -4 -6 5 3 1 -1 -3 -5 6 4 2 0 -2 -4 -6 5 3 1 -1 -3 -5 6 4 2 0 -2 -4 -6 5 3 1 -1 -3 -5 6 4 2 0 -2 -4 -6 5 3 1 -1 -3 -5 6 4 2 0 -2 -4 -6 5 3 1 -1 -3 -5 6 4 2 0 -2 -4 -6 5 3 1 -1 -3 -5 6 4 2 0 -2 -4 -6 5 3 1 -1 -3 -5 6 4 2 0 -2 -4 -6 5 3 1 -1 -3 -5 6 4 2 0 -2 -4 -6 5 3 1 -1 -3 -5 6 4 2 0 -2 -4 -6 5 3 1 -1 -3 -5 6
-3 -5 6 4 2 0 -2 -4 -6 5 3 1 -1 -3 -5 6 4 2 0 -2 -4 -6 5 3 1 -1 -3 -5 6 4 2 0 -2 -4 -6 5 3 1 -1 -3 -5 6 4 2 0 -2 -4 -6 5 3 1 -1 -3 -5 6 4 2 0 -2 -4 -6 5 3 1 -1 -3 -5 6 4 2 0 -2 -4 -6 5 3 1 -1 -3 -5 6 4 2 0 -2 -4 -6 5 3 1 -1 -3 -5 6 4 2 0 -2 -4 -6 5 3 1 -1 -3 -5 6 4 2 0 -2 -4 -6 5 3 1 -1 -3 -5 6 4 2 0 -2 -4 -6 5 3 1 -1 -3 -5 6 4 2 0 -2 -4 -6 5 3 1 -1 -3 -5 6 4 2 0 -2 -4 -6 5 3 1 -1 -3 -5 6 4 2 0 -2 -4 -6 5 3 1 -1 -3 -5 6 4 2 0 -2 -4 -6 5 3 1 -1 -3 -5 6 4 2 0 -2 -4 -6 5 3 1 -1 -3 -5 6 4 2 0 -2 -4 -6 5 3 1 -1 -3 -5 6 4 2 0 -2 -4 -6 5 3 1 -1 -3 -5 6 4 2 0 -2 -4 -6 5 3 1 -1 -3 -5 6 4 2 0 -2 -4 -6 5 3 1 -1 -3 -5 6 4 2 0 -2 -4 -6 5 3 1 -1 -3 -5 6 4 2 0 -2 -4 -6 5 3 1 -1 -3 -5 6 4 2 0 -2 -4 -6 5 3 1 -1 -3 -5 6 4 2 0 -2 -4 -6 5 3 1 -1 -3 -5 6 4 2 0 -2 -4 -6 5 3 1 -1 -3 -5 6 4 2 0 -2 -4 -6 5 3 1 -1 -3 -5 6 4 2 0 -2 -4 -6 5 3 1 -1 -3 -5 6 4 2 0 -2 -4 -6 5 3 1 -1 -3 -5 6 4 2 0 -2 -4 -6 5 3 1 -1 -3 -5 6 4 2 0 -2 -4 -6 5 3 1 -1 -3 -5 6 4 2 0 -2 -4 -6 5 3 1 -1 -3 -5 6 4 2 0 -2 -4 -6 5 3 1 -1 -3 -5 6 4 2 0 -2 -4 -6 5 3 1 -1 -3 -5 6 4 2 0 -2 -4 -6 5 3 1 -1 -3 -5 6 4 2 0 -2 -4 -6 5 3 1 -1 -3 -5 6 4 2 0 -2 -4 -6 5 3 1 -1 -3 -5 6 4 2 0 -2 -4 -6 5 3 1 -1 -3 -5 6 4 2 0 -2 -4 -6 5 3 1 -1 -3 -5 6 4 2 0 -2 -4 -6 5 3 1 -1 -3 -5 6 4 2 0
4 2 0 -2 -4 -6 5 3 1 -1 -3 -5 6 4 2 0 -2 -4 -6 5 3 1 -1 -3 -5 6 4 2 0 -2 -4 -6 5 3 1 -1 -3 -5 6 4 2 0 -2 -4 -6 5 3 1 -1 -3 -5 6 4 2 0 -2 -4 -6 5 3 1 -1 -3 -5 6 4 2 0 -2 -4 -6 5 3 1 -1 -3 -5 6 4 2 0 -2 -4 -6 5 3 1 -1 -3 -5 6 4 2 0 -2 -4 -6 5 3 1 -1 -3 -5 6 4 2 0 -2 -4 -6 5 3 1 -1 -3 -5 6 4 2 0 -2 -4 -6 5 3 1 -1 -3 -5 6 4 2 0 -2 -4 -6 5 3 1 -1 -3 -5 6 4 2 0 -2 -4 -6 5 3 1 -1 -3 -5 6 4 2 0 -2 -4 -6 5 3 1 -1 -3 -5 6 4 2 0 -2 -4 -6 5 3 1 -1 -3 -5 6 4 2 0 -2 -4 -6 5 3 1 -1 -3 -5 6 4 2 0 -2 -4 -6 5 3 1 -1 -3 -5 6 4 2 0 -2 -4 -6 5 3 1 -1 -3 -5 6 4 2 0 -2 -4 -6 5 3 1 -1 -3 -5 6 4 2 0 -2 -4 -6 5 3 1 -1 -3 -5 6 4 2 0 -2 -4 -6 5 3 1 -1 -3 -5 6 4 2 0 -2 -4 -6 5 3 1 -1 -3 -5 6 4 2 0 -2 -4 -6 5 3 1 -1 -3 -5 6 4 2 0 -2 -4 -6 5 3 1 -1 -3 -5 6 4 2 0 -2 -4 -6 5 3 1 -1 -3 -5 6 4 2 0 -2 -4 -6 5 3 1 -1 -3 -5 6 4 2 0 -2 -4 -6 5 3 1 -1 -3 -5 6 4 2 0 -2 -4 -6 5 3 1 -1 -3 -5 6 4 2 0 -2 -4 -6 5 3 1 -1 -3 -5 6 4 2 0 -2 -4 -6 5 3 1 -1 -3 -5 6 4 2 0 -2 -4 -6 5 3 1 -1 -3 -5 6 4 2 0 -2 -4 -6 5 3 1 -1 -3 -5 6 4 2 0 -2 -4 -6 5 3 1 -1 -3 -5 6 4 2 0 -2 -4 -6 5 3 1 -1 -3 -5 6 4 2 0 -2 -4 -6 5 3 1 -1 -3 -5 6 4 2 0 -2 -4 -6 5 3 1 -1 -3 -5 6 4 2 0 -2 -4 -6 5 3 1 -1 -3 -5 6 4 2 0 -2 -4 -6 5 3 1 -1 -3 -5 6 4 2 0 -2 -4 -6 5 3 1 -1 -3 -5 6 4 2 0 -2 -4 -6
-2 -4 -6 5 3 1 -1 -3 -5 6 4 2 0 -2 -4 -6 5 3 1 -1 -3 -5 6 4 2 0 -2 -4 -6 5 3 1 -1 -3 -5 6 4 2 0 -2 -4 -6 5 3 1 -1 -3 -5 6 4 2 0 -2 -4 -6 5 3 1 -1 -3 -5 6 4 2 0 -2 -4 -6 5 3 1 -1 -3 -5 6 4 2 0 -2 -4 -6 5 3 1 -1 -3 -5 6 4 2 0 -2 -4 -6 5 3 1 -1 -3 -5 6 4 2 0 -2 -4 -6 5 3 1 -1 -3 -5 6 4 2 0 -2 -4 -6 5 3 1 -1 -3 -5 6 4 2 0 -2 -4 -6 5 3 1 -1 -3 -5 6 4 2 0 -2 -4 -6 5 3 1 -1 -3 -5 6 4 2 0 -2 -4 -6 5 3 1 -1 -3 -5 6 4 2 0 -2 -4 -6 5 3 1 -1 -3 -5 6 4 2 0 -2 -4 -6 5 3 1 -1 -3 -5 6 4 2 0 -2 -4 -6 5 3 1 -1 -3 -5 6 4 2 0 -2 -4 -6 5 3 1 -1 -3 -5 6 4 2 0 -2 -4 -6 5 3 1 -1 -3 -5 6 4 2 0 -2 -4 -6 5 3 1 -1 -3 -5 6 4 2 0 -2 -4 -6 5 3 1 -1 -3 -5 6 4 2 0 -2 -4 -6 5 3 1 -1 -3 -5 6 4 2 0 -2 -4 -6 5 3 1 -1 -3 -5 6 4 2 0 -2 -4 -6 5 3 1 -1 -3 -5 6 4 2 0 -2 -4 -6 5 3 1 -1 -3 -5 6 4 2 0 -2 -4 -6 5 3 1 -1 -3 -5 6 4 2 0 -2 -4 -6 5 3 1 -1 -3 -5 6 4 2 0 -2 -4 -6 5 3 1 -1 -3 -5 6 4 2 0 -2 -4 -6 5 3 1 -1 -3 -5 6 4 2 0 -2 -4 -6 5 3 1 -1 -3 -5 6 4 2 0 -2 -4 -6 5 3 1 -1 -3 -5 6 4 2 0 -2 -4 -6 5 3 1 -1 -3 -5 6 4 2 0 -2 -4 -6 5 3 1 -1 -3 -5 6 4 2 0 -2 -4 -6 5 3 1 -1 -3 -5 6 4 2 0 -2 -4 -6 5 3 1 -1 -3 -5 6 4 2 0 -2 -4 -6 5 3 1 -1 -3 -5 6 4 2 0 -2 -4 -6 5 3 1 -1 -3 -5 6 4 2 0 -2 -4 -6 5 3 1 -1 -3 -5 6 4 2 0 -2 -4 -6 5 3 1 -1 -3 -5 6 4 2 0 -2 -4 -6 5 3 1
5 3 1 -1 -3 -5 6 4 2 0 -2 -4 -6 5 3 1 -1 -3 -5 6 4 2 0 -2 -4 -6 5 3 1 -1 -3 -5 6 4 2 0 -2 -4 -6 5 3 1 -1 -3 -5 6 4 2 0 -2 -4 -6 5 3 1 -1 -3 -5 6 4 2 0 -2 -4 -6 5 3 1 -1 -3 -5 6 4 2 0 -2 -4 -6 5 3 1 -1 -3 -5 6 4 2 0 -2 -4 -6 5 3 1 -1 -3 -5 6 4 2 0 -2 -4 -6 5 3 1 -1 -3 -5 6 4 2 0 -2 -4 -6 5 3 1 -1 -3 -5 6 4 2 0 -2 -4 -6 5 3 1 -1 -3 -5 6 4 2 0 -2 -4 -6 5 3 1 -1 -3 -5 6 4 2 0 -2 -4 -6 5 3 1 -1 -3 -5 6 4 2 0 -2 -4 -6 5 3 1 -1 -3 -5 6 4 2 0 -2 -4 -6 5 3 1 -1 -3 -5 6 4 2 0 -2 -4 -6 5 3 1 -1 -3 -5 6 4 2 0 -2 -4 -6 5 3 1 -1 -3 -5 6 4 2 0 -2 -4 -6 5 3 1 -1 -3 -5 6 4 2 0 -2 -4 -6 5 3 1 -1 -3 -5 6 4 2 0 -2 -4 -6 5 3 1 -1 -3 -5 6 4 2 0 -2 -4 -6 5 3 1 -1 -3 -5 6 4 2 0 -2 -4 -6 5 3 1 -1 -3 -5 6 4 2 0 -2 -4 -6 5 3 1 -1 -3 -5 6 4 2 0 -2 -4 -6 5 3 1 -1 -3 -5 6 4 2 0 -2 -4 -6 5 3 1 -1 -3 -5 6 4 2 0 -2 -4 -6 5 3 1 -1 -3 -5 6 4 2 0 -2 -4 -6 5 3 1 -1 -3 -5 6 4 2 0 -2 -4 -6 5 3 1 -1 -3 -5 6 4 2 0 -2 -4 -6 5 3 1 -1 -3 -5 6 4 2 0 -2 -4 -6 5 3 1 -1 -3 -5 6 4 2 0 -2 -4 -6 5 3 1 -1 -3 -5 6 4 2 0 -2 -4 -6 5 3 1 -1 -3 -5 6 4 2 0 -2 -4 -6 5 3 1 -1 -3 -5 6 4 2 0 -2 -4 -6 5 3 1 -1 -3 -5 6 4 2 0 -2 -4 -6 5 3 1 -1 -3 -5 6 4 2 0 -2 -4 -6 5 3 1 -1 -3 -5 6 4 2 0 -2 -4 -6 5 3 1 -1 -3 -5 6 4 2 0 -2 -4 -6 5 3 1 -1 -3 -5 6 4 2 0 -2 -4 -6 5 3 1 -1 -3 -5
-1 -3 -5 6 4 2 0 -2 -4 -6 5 3 1 -1 -3 -5 6 4 2 0 -2 -4 -6 5 3 1 -1 -3 -5 6 4 2 0 -2 -4 -6 5 3 1 -1 -3 -5 6 4 2 0 -2 -4 -6 5 3 1 -1 -3 -5 6 4 2 0 -2 -4 -6 5 3 1 -1 -3 -5 6 4 2 0 -2 -4 -6 5 3 1 -1 -3 -5 6 4 2 0 -2 -4 -6 5 3 1 -1 -3 -5 6 4 2 0 -2 -4 -6 5 3 1 -1 -3 -5 6 4 2 0 -2 -4 -6 5 3 1 -1 -3 -5 6 4 2 0 -2 -4 -6 5 3 1 -1 -3 -5 6 4 2 0 -2 -4 -6 5 3 1 -1 -3 -5 6 4 2 0 -2 -4 -6 5 3 1 -1 -3 -5 6 4 2 0 -2 -4 -6 5 3 1 -1 -3 -5 6 4 2 0 -2 -4 -6 5 3 1 -1 -3 -5 6 4 2 0 -2 -4 -6 5 3 1 -1 -3 -5 6 4 2 0 -2 -4 -6 5 3 1 -1 -3 -5 6 4 2 0 -2 -4 -6 5 3 1 -1 -3 -5 6 4 2 0 -2 -4 -6 5 3 1 -1 -3 -5 6 4 2 0 -2 -4 -6 5 3 1 -1 -3 -5 6 4 2 0 -2 -4 -6 5 3 1 -1 -3 -5 6 4 2 0 -2 -4 -6 5 3 1 -1 -3 -5 6 4 2 0 -2 -4 -6 5 3 1 -1 -3 -5 6 4 2 0 -2 -4 -6 5 3 1 -1 -3 -5 6 4 2 0 -2 -4 -6 5 3 1 -1 -3 -5 6 4 2 0 -2 -4 -6 5 3 1 -1 -3 -5 6 4 2 0 -2 -4 -6 5 3 1 -1 -3 -5 6 4 2 0 -2 -4 -6 5 3 1 -1 -3 -5 6 4 2 0 -2 -4 -6 5 3 1 -1 -3 -5 6 4 2 0 -2 -4 -6 5 3 1 -1 -3 -5 6 4 2 0 -2 -4 -6 5 3 1 -1 -3 -5 6 4 2 0 -2 -4 -6 5 3 1 -1 -3 -5 6 4 2 0 -2 -4 -6 5 3 1 -1 -3 -5 6 4 2 0 -2 -4 -6 5 3 1 -1 -3 -5 6 4 2 0 -2 -4 -6 5 3 1 -1 -3 -5 6 4 2 0 -2 -4 -6 5 3 1 -1 -3 -5 6 4 2 0 -2 -4 -6 5 3 1 -1 -3 -5 6 4 2 0 -2 -4 -6 5 3 1 -1 -3 -5 6 4 2 0 -2 -4 -6 5 3 1 -1 -3 -5 6 4 2
6 4 2 0 -2 -4 -6 5 3 1 -1 -3 -5 6 4 2 0 -2 -4 -6 5 3 1 -1 -3 -5 6 4 2 0 -2 -4 -6 5 3 1 -1 -3 -5 6 4 2 0 -2 -4 -6 5 3 1 -1 -3 -5 6 4 2 0 -2 -4 -6 5 3 1 -1 -3 -5 6 4 2 0 -2 -4 -6 5 3 1 -1 -3 -5 6 4 2 0 -2 -4 -6 5 3 1 -1 -3 -5 6 4 2 0 -2 -4 -6 5 3 1 -1 -3 -5 6 4 2 0 -2 -4 -6 5 3 1 -1 -3 -5 6 4 2 0 -2 -4 -6 5 3 1 -1 -3 -5 6 4 2 0 -2 -4 -6 5 3 1 -1 -3 -5 6 4 2 0 -2 -4 -6 5 3 1 -1 -3 -5 6 4 2 0 -2 -4 -6 5 3 1 -1 -3 -5 6 4 2 0 -2 -4 -6 5 3 1 -1 -3 -5 6 4 2 0 -2 -4 -6 5 3 1 -1 -3 -5 6 4 2 0 -2 -4 -6 5 3 1 -1 -3 -5 6 4 2 0 -2 -4 -6 5 3 1 -1 -3 -5 6 4 2 0 -2 -4 -6 5 3 1 -1 -3 -5 6 4 2 0 -2 -4 -6 5 3 1 -1 -3 -5 6 4 2 0 -2 -4 -6 5 3 1 -1 -3 -5 6 4 2 0 -2 -4 -6 5 3 1 -1 -3 -5 6 4 2 0 -2 -4 -6 5 3 1 -1 -3 -5 6 4 2 0 -2 -4 -6 5 3 1 -1 -3 -5 6 4 2 0 -2 -4 -6 5 3 1 -1 -3 -5 6 4 2 0 -2 -4 -6 5 3 1 -1 -3 -5 6 4 2 0 -2 -4 -6 5 3 1 -1 -3 -5 6 4 2 0 -2 -4 -6 5 3 1 -1 -3 -5 6 4 2 0 -2 -4 -6 5 3 1 -1 -3 -5 6 4 2 0 -2 -4 -6 5 3 1 -1 -3 -5 6 4 2 0 -2 -4 -6 5 3 1 -1 -3 -5 6 4 2 0 -2 -4 -6 5 3 1 -1 -3 -5 6 4 2 0 -2 -4 -6 5 3 1 -1 -3 -5 6 4 2 0 -2 -4 -6 5 3 1 -1 -3 -5 6 4 2 0 -2 -4 -6 5 3 1 -1 -3 -5 6 4 2 0 -2 -4 -6 5 3 1 -1 -3 -5 6 4 2 0 -2 -4 -6 5 3 1 -1 -3 -5 6 4 2 0 -2 -4 -6 5 3 1 -1 -3 -5 6 4 2 0 -2 -4 -6 5 3 1 -1 -3 -5 6 4 2 0 -2 -4
0 -2 -4 -6 5 3 1 -1 -3 -5 6 4 2 0 -2 -4 -6 5 3 1 -1 -3 -5 6 4 2 0 -2 -4 -6 5 3 1 -1 -3 -5 6 4 2 0 -2 -4 -6 5 3 1 -1 -3 -5 6 4 2 0 -2 -4 -6 5 3 1 -1 -3 -5 6 4 2 0 -2 -4 -6 5 3 1 -1 -3 -5 6 4 2 0 -2 -4 -6 5 3 1 -1 -3 -5 6 4 2 0 -2 -4 -6 5 3 1 -1 -3 -5 6 4 2 0 -2 -4 -6 5 3 1 -1 -3 -5 6 4 2 0 -2 -4 -6 5 3 1 -1 -3 -5 6 4 2 0 -2 -4 -6 5 3 1 -1 -3 -5 6 4 2 0 -2 -4 -6 5 3 1 -1 -3 -5 6 4 2 0 -2 -4 -6 5 3 1 -1 -3 -5 6 4 2 0 -2 -4 -6 5 3 1 -1 -3 -5 6 4 2 0 -2 -4 -6 5 3 1 -1 -3 -5 6 4 2 0 -2 -4 -6 5 3 1 -1 -3 -5 6 4 2 0 -2 -4 -6 5 3 1 -1 -3 -5 6 4 2 0 -2 -4 -6 5 3 1 -1 -3 -5 6 4 2 0 -2 -4 -6 5 3 1 -1 -3 -5 6 4 2 0 -2 -4 -6 5 3 1 -1 -3 -5 6 4 2 0 -2 -4 -6 5 3 1 -1 -3 -5 6 4 2 0 -2 -4 -6 5 3 1 -1 -3 -5 6 4 2 0 -2 -4 -6 5 3 1 -1 -3 -5 6 4 2 0 -2 -4 -6 5 3 1 -1 -3 -5 6 4 2 0 -2 -4 -6 5 3 1 -1 -3 -5 6 4 2 0 -2 -4 -6 5 3 1 -1 -3 -5 6 4 2 0 -2 -4 -6 5 3 1 -1 -3 -5 6 4 2 0 -2 -4 -6 5 3 1 -1 -3 -5 6 4 2 0 -2 -4 -6 5 3 1 -1 -3 -5 6 4 2 0 -2 -4 -6 5 3 1 -1 -3 -5 6 4 2 0 -2 -4 -6 5 3 1 -1 -3 -5 6 4 2 0 -2 -4 -6 5 3 1 -1 -3 -5 6 4 2 0 -2 -4 -6 5 3 1 -1 -3 -5 6 4 2 0 -2 -4 -6 5 3 1 -1 -3 -5 6 4 2 0 -2 -4 -6 5 3 1 -1 -3 -5 6 4 2 0 -2 -4 -6 5 3 1 -1 -3 -5 6 4 2 0 -2 -4 -6 5 3 1 -1 -3 -5 6 4 2 0 -2 -4 -6 5 3 1 -1 -3 -5 6 4 2 0 -2 -4 -6 5 3
-6 5 3 1 -1 -3 -5 6 4 2 0 -2 -4 -6 5 3 1 -1 -3 -5 6 4 2 0 -2 -4 -6 5 3 1 -1 -3 -5 6 4 2 0 -2 -4 -6 5 3 1 -1 -3 -5 6 4 2 0 -2 -4 -6 5 3 1 -1 -3 -5 6 4 2 0 -2 -4 -6 5 3 1 -1 -3 -5 6 4 2 0 -2 -4 -6 5 3 1 -1 -3 -5 6 4 2 0 -2 -4 -6 5 3 1 -1 -3 -5 6 4 2 0 -2 -4 -6 5 3 1 -1 -3 -5 6 4 2 0 -2 -4 -6 5 3 1 -1 -3 -5 6 4 2 0 -2 -4 -6 5 3 1 -1 -3 -5 6 4 2 0 -2 -4 -6 5 3 1 -1 -3 -5 6 4 2 0 -2 -4 -6 5 3 1 -1 -3 -5 6 4 2 0 -2 -4 -6 5 3 1 -1 -3 -5 6 4 2 0 -2 -4 -6 5 3 1 -1 -3 -5 6 4 2 0 -2 -4 -6 5 3 1 -1 -3 -5 6 4 2 0 -2 -4 -6 5 3 1 -1 -3 -5 6 4 2 0 -2 -4 -6 5 3 1 -1 -3 -5 6 4 2 0 -2 -4 -6 5 3 1 -1 -3 -5 6 4 2 0 -2 -4 -6 5 3 1 -1 -3 -5 6 4 2 0 -2 -4 -6 5 3 1 -1 -3 -5 6 4 2 0 -2 -4 -6 5 3 1 -1 -3 -5 6 4 2 0 -2 -4 -6 5 3 1 -1 -3 -5 6 4 2 0 -2 -4 -6 5 3 1 -1 -3 -5 6 4 2 0 -2 -4 -6 5 3 1 -1 -3 -5 6 4 2 0 -2 -4 -6 5 3 1 -1 -3 -5 6 4 2 0 -2 -4 -6 5 3 1 -1 -3 -5 6 4 2 0 -2 -4 -6 5 3 1 -1 -3 -5 6 4 2 0 -2 -4 -6 5 3 1 -1 -3 -5 6 4 2 0 -2 -4 -6 5 3 1 -1 -3 -5 6 4 2 0 -2 -4 -6 5 3 1 -1 -3 -5 6 4 2 0 -2 -4 -6 5 3 1 -1 -3 -5 6 4 2 0 -2 -4 -6 5 3 1 -1 -3 -5 6 4 2 0 -2 -4 -6 5 3 1 -1 -3 -5 6 4 2 0 -2 -4 -6 5 3 1 -1 -3 -5 6 4 2 0 -2 -4 -6 5 3 1 -1 -3 -5 6 4 2 0 -2 -4 -6 5 3 1 -1 -3 -5 6 4 2 0 -2 -4 -6 5 3 1 -1 -3 -5 6 4 2 0 -2 -4 -6 5 3 1 -1 -3
1 -1 -3 -5 6 4 2 0 -2 -4 -6 5 3 1 -1 -3 -5 6 4 2 0 -2 -4 -6 5 3 1 -1 -3 -5 6 4 2 0 -2 -4 -6 5 3 1 -1 -3 -5 6 4 2 0 -2 -4 -6 5 3 1 -1 -3 -5 6 4 2 0 -2 -4 -6 5 3 1 -1 -3 -5 6 4 2 0 -2 -4 -6 5 3 1 -1 -3 -5 6 4 2 0 -2 -4 -6 5 3 1 -1 -3 -5 6 4 2 0 -2 -4 -6 5 3 1 -1 -3 -5 6 4 2 0 -2 -4 -6 5 3 1 -1 -3 -5 6 4 2 0 -2 -4 -6 5 3 1 -1 -3 -5 6 4 2 0 -2 -4 -6 5 3 1 -1 -3 -5 6 4 2 0 -2 -4 -6 5 3 1 -1 -3 -5 6 4 2 0 -2 -4 -6 5 3 1 -1 -3 -5 6 4 2 0 -2 -4 -6 5 3 1 -1 -3 -5 6 4 2 0 -2 -4 -6 5 3 1 -1 -3 -5 6 4 2 0 -2 -4 -6 5 3 1 -1 -3 -5 6 4 2 0 -2 -4 -6 5 3 1 -1 -3 -5 6 4 2 0 -2 -4 -6 5 3 1 -1 -3 -5 6 4 2 0 -2 -4 -6 5 3 1 -1 -3 -5 6 4 2 0 -2 -4 -6 5 3 1 -1 -3 -5 6 4 2 0 -2 -4 -6 5 3 1 -1 -3 -5 6 4 2 0 -2 -4 -6 5 3 1 -1 -3 -5 6 4 2 0 -2 -4 -6 5 3 1 -1 -3 -5 6 4 2 0 -2 -4 -6 5 3 1 -1 -3 -5 6 4 2 0 -2 -4 -6 5 3 1 -1 -3 -5 6 4 2 0 -2 -4 -6 5 3 1 -1 -3 -5 6 4 2 0 -2 -4 -6 5 3 1 -1 -3 -5 6 4 2 0 -2 -4 -6 5 3 1 -1 -3 -5 6 4 2 0 -2 -4 -6 5 3 1 -1 -3 -5 6 4 2 0 -2 -4 -6 5 3 1 -1 -3 -5 6 4 2 0 -2 -4 -6 5 3 1 -1 -3 -5 6 4 2 0 -2 -4 -6 5 3 1 -1 -3 -5 6 4 2 0 -2 -4 -6 5 3 1 -1 -3 -5 6 4 2 0 -2 -4 -6 5 3 1 -1 -3 -5 6 4 2 0 -2 -4 -6 5 3 1 -1 -3 -5 6 4 2 0 -2 -4 -6 5 3 1 -1 -3 -5 6 4 2 0 -2 -4 -6 5 3 1 -1 -3 -5 6 4 2 0 -2 -4 -6 5 3 1 -1 -3 -5 6 4
-5 6 4 2 0 -2 -4 -6 5 3 1 -1 -3 -5 6 4 2 0 -2 -4 -6 5 3 1 -1 -3 -5 6 4 2 0 -2 -4 -6 5 3 1 -1 -3 -5 6 4 2 0 -2 -4 -6 5 3 1 -1 -3 -5 6 4 2 0 -2 -4 -6 5 3 1 -1 -3 -5 6 4 2 0 -2 -4 -6 5 3 1 -1 -3 -5 6 4 2 0 -2 -4 -6 5 3 1 -1 -3 -5 6 4 2 0 -2 -4 -6 5 3 1 -1 -3 -5 6 4 2 0 -2 -4 -6 5 3 1 -1 -3 -5 6 4 2 0 -2 -4 -6 5 3 1 -1 -3 -5 6 4 2 0 -2 -4 -6 5 3 1 -1 -3 -5 6 4 2 0 -2 -4 -6 5 3 1 -1 -3 -5 6 4 2 0 -2 -4 -6 5 3 1 -1 -3 -5 6 4 2 0 -2 -4 -6 5 3 1 -1 -3 -5 6 4 2 0 -2 -4 -6 5 3 1 -1 -3 -5 6 4 2 0 -2 -4 -6 5 3 1 -1 -3 -5 6 4 2 0 -2 -4 -6 5 3 1 -1 -3 -5 6 4 2 0 -2 -4 -6 5 3 1 -1 -3 -5 6 4 2 0 -2 -4 -6 5 3 1 -1 -3 -5 6 4 2 0 -2 -4 -6 5 3 1 -1 -3 -5 6 4 2 0 -2 -4 -6 5 3 1 -1 -3 -5 6 4 2 0 -2 -4 -6 5 3 1 -1 -3 -5 6 4 2 0 -2 -4 -6 5 3 1 -1 -3 -5 6 4 2 0 -2 -4 -6 5 3 1 -1 -3 -5 6 4 2 0 -2 -4 -6 5 3 1 -1 -3 -5 6 4 2 0 -2 -4 -6 5 3 1 -1 -3 -5 6 4 2 0 -2 -4 -6 5 3 1 -1 -3 -5 6 4 2 0 -2 -4 -6 5 3 1 -1 -3 -5 6 4 2 0 -2 -4 -6 5 3 1 -1 -3 -5 6 4 2 0 -2 -4 -6 5 3 1 -1 -3 -5 6 4 2 0 -2 -4 -6 5 3 1 -1 -3 -5 6 4 2 0 -2 -4 -6 5 3 1 -1 -3 -5 6 4 2 0 -2 -4 -6 5 3 1 -1 -3 -5 6 4 2 0 -2 -4 -6 5 3 1 -1 -3 -5 6 4 2 0 -2 -4 -6 5 3 1 -1 -3 -5 6 4 2 0 -2 -4 -6 5 3 1 -1 -3 -5 6 4 2 0 -2 -4 -6 5 3 1 -1 -3 -5 6 4 2 0 -2 -4 -6 5 3 1 -1 -3 -5 6 4 2 0 -2
2 0 -2 -4 -6 5 3 1 -1 -3 -5 6 4 2 0 -2 -4 -6 5 3 1 -1 -3 -5 6 4 2 0 -2 -4 -6 5 3 1 -1 -3 -5 6 4 2 0 -2 -4 -6 5 3 1 -1 -3 -5 6 4 2 0 -2 -4 -6 5 3 1 -1 -3 -5 6 4 2 0 -2 -4 -6 5 3 1 -1 -3 -5 6 4 2 0 -2 -4 -6 5 3 1 -1 -3 -5 6 4 2 0 -2 -4 -6 5 3 1 -1 -3 -5 6 4 2 0 -2 -4 -6 5 3 1 -1 -3 -5 6 4 2 0 -2 -4 -6 5 3 1 -1 -3 -5 6 4 2 0 -2 -4 -6 5 3 1 -1 -3 -5 6 4 2 0 -2 -4 -6 5 3 1 -1 -3 -5 6 4 2 0 -2 -4 -6 5 3 1 -1 -3 -5 6 4 2 0 -2 -4 -6 5 3 1 -1 -3 -5 6 4 2 0 -2 -4 -6 5 3 1 -1 -3 -5 6 4 2 0 -2 -4 -6 5 3 1 -1 -3 -5 6 4 2 0 -2 -4 -6 5 3 1 -1 -3 -5 6 4 2 0 -2 -4 -6 5 3 1 -1 -3 -5 6 4 2 0 -2 -4 -6 5 3 1 -1 -3 -5 6 4 2 0 -2 -4 -6 5 3 1 -1 -3 -5 6 4 2 0 -2 -4 -6 5 3 1 -1 -3 -5 6 4 2 0 -2 -4 -6 5 3 1 -1 -3 -5 6 4 2 0 -2 -4 -6 5 3 1 -1 -3 -5 6 4 2 0 -2 -4 -6 5 3 1 -1 -3 -5 6 4 2 0 -2 -4 -6 5 3 1 -1 -3 -5 6 4 2 0 -2 -4 -6 5 3 1 -1 -3 -5 6 4 2 0 -2 -4 -6 5 3 1 -1 -3 -5 6 4 2 0 -2 -4 -6 5 3 1 -1 -3 -5 6 4 2 0 -2 -4 -6 5 3 1 -1 -3 -5 6 4 2 0 -2 -4 -6 5 3 1 -1 -3 -5 6 4 2 0 -2 -4 -6 5 3 1 -1 -3 -5 6 4 2 0 -2 -4 -6 5 3 1 -1 -3 -5 6 4 2 0 -2 -4 -6 5 3 1 -1 -3 -5 6 4 2 0 -2 -4 -6 5 3 1 -1 -3 -5 6 4 2 0 -2 -4 -6 5 3 1 -1 -3 -5 6 4 2 0 -2 -4 -6 5 3 1 -1 -3 -5 6 4 2 0 -2 -4 -6 5 3 1 -1 -3 -5 6 4 2 0 -2 -4 -6 5 3 1 -1 -3 -5 6 4 2 0 -2 -4 -6 5
-4 -6 5 3 1 -1 -3 -5 6 4 2 0 -2 -4 -6 5 3 1 -1 -3 -5 6 4 2 0 -2 -4 -6 5 3 1 -1 -3 -5 6 4 2 0 -2 -4 -6 5 3 1 -1 -3 -5 6 4 2 0 -2 -4 -6 5 3 1 -1 -3 -5 6 4 2 0 -2 -4 -6 5 3 1 -1 -3 -5 6 4 2 0 -2 -4 -6 5 3 1 -1 -3 -5 6 4 2 0 -2 -4 -6 5 3 1 -1 -3 -5 6 4 2 0 -2 -4 -6 5 3 1 -1 -3 -5 6 4 2 0 -2 -4 -6 5 3 1 -1 -3 -5 6 4 2 0 -2 -4 -6 5 3 1 -1 -3 -5 6 4 2 0 -2 -4 -6 5 3 1 -1 -3 -5 6 4 2 0 -2 -4 -6 5 3 1 -1 -3 -5 6 4 2 0 -2 -4 -6 5 3 1 -1 -3 -5 6 4 2 0 -2 -4 -6 5 3 1 -1 -3 -5 6 4 2 0 -2 -4 -6 5 3 1 -1 -3 -5 6 4 2 0 -2 -4 -6 5 3 1 -1 -3 -5 6 4 2 0 -2 -4 -6 5 3 1 -1 -3 -5 6 4 2 0 -2 -4 -6 5 3 1 -1 -3 -5 6 4 2 0 -2 -4 -6 5 3 1 -1 -3 -5 6 4 2 0 -2 -4 -6 5 3 1 -1 -3 -5 6 4 2 0 -2 -4 -6 5 3 1 -1 -3 -5 6 4 2 0 -2 -4 -6 5 3 1 -1 -3 -5 6 4 2 0 -2 -4 -6 5 3 1 -1 -3 -5 6 4 2 0 -2 -4 -6 5 3 1 -1 -3 -5 6 4 2 0 -2 -4 -6 5 3 1 -1 -3 -5 6 4 2 0 -2 -4 -6 5 3 1 -1 -3 -5 6 4 2 0 -2 -4 -6 5 3 1 -1 -3 -5 6 4 2 0 -2 -4 -6 5 3 1 -1 -3 -5 6 4 2 0 -2 -4 -6 5 3 1 -1 -3 -5 6 4 2 0 -2 -4 -6 5 3 1 -1 -3 -5 6 4 2 0 -2 -4 -6 5 3 1 -1 -3 -5 6 4 2 0 -2 -4 -6 5 3 1 -1 -3 -5 6 4 2 0 -2 -4 -6 5 3 1 -1 -3 -5 6 4 2 0 -2 -4 -6 5 3 1 -1 -3 -5 6 4 2 0 -2 -4 -6 5 3 1 -1 -3 -5 6 4 2 0 -2 -4 -6 5 3 1 -1 -3 -5 6 4 2 0 -2 -4 -6 5 3 1 -1 -3 -5 6 4 2 0 -2 -4 -6 5 3 1 -1
3 1 -1 -3 -5 6 4 2 0 -2 -4 -6 5 3 1 -1 -3 -5 6 4 2 0 -2 -4 -6 5 3 1 -1 -3 -5 6 4 2 0 -2 -4 -6 5 3 1 -1 -3 -5 6 4 2 0 -2 -4 -6 5 3 1 -1 -3 -5 6 4 2 0 -2 -4 -6 5 3 1 -1 -3 -5 6 4 2 0 -2 -4 -6 5 3 1 -1 -3 -5 6 4 2 0 -2 -4 -6 5 3 1 -1 -3 -5 6 4 2 0 -2 -4 -6 5 3 1 -1 -3 -5 6 4 2 0 -2 -4 -6 5 3 1 -1 -3 -5 6 4 2 0 -2 -4 -6 5 3 1 -1 -3 -5 6 4 2 0 -2 -4 -6 5 3 1 -1 -3 -5 6 4 2 0 -2 -4 -6 5 3 1 -1 -3 -5 6 4 2 0 -2 -4 -6 5 3 1 -1 -3 -5 6 4 2 0 -2 -4 -6 5 3 1 -1 -3 -5 6 4 2 0 -2 -4 -6 5 3 1 -1 -3 -5 6 4 2 0 -2 -4 -6 5 3 1 -1 -3 -5 6 4 2 0 -2 -4 -6 5 3 1 -1 -3 -5 6 4 2 0 -2 -4 -6 5 3 1 -1 -3 -5 6 4 2 0 -2 -4 -6 5 3 1 -1 -3 -5 6 4 2 0 -2 -4 -6 5 3 1 -1 -3 -5 6 4 2 0 -2 -4 -6 5 3 1 -1 -3 -5 6 4 2 0 -2 -4 -6 5 3 1 -1 -3 -5 6 4 2 0 -2 -4 -6 5 3 1 -1 -3 -5 6 4 2 0 -2 -4 -6 5 3 1 -1 -3 -5 6 4 2 0 -2 -4 -6 5 3 1 -1 -3 -5 6 4 2 0 -2 -4 -6 5 3 1 -1 -3 -5 6 4 2 0 -2 -4 -6 5 3 1 -1 -3 -5 6 4 2 0 -2 -4 -6 5 3 1 -1 -3 -5 6 4 2 0 -2 -4 -6 5 3 1 -1 -3 -5 6 4 2 0 -2 -4 -6 5 3 1 -1 -3 -5 6 4 2 0 -2 -4 -6 5 3 1 -1 -3 -5 6 4 2 0 -2 -4 -6 5 3 1 -1 -3 -5 6 4 2 0 -2 -4 -6 5 3 1 -1 -3 -5 6 4 2 0 -2 -4 -6 5 3 1 -1 -3 -5 6 4 2 0 -2 -4 -6 5 3 1 -1 -3 -5 6 4 2 0 -2 -4 -6 5 3 1 -1 -3 -5 6 4 2 0 -2 -4 -6 5 3 1 -1 -3 -5 6 4 2 0 -2 -4 -6 5 3 1 -1 -3 -5 6
-3 -5 6 4 2 0 -2 -4 -6 5 3 1 -1 -3 -5 6 4 2 0 -2 -4 -6 5 3 1 -1 -3 -5 6 4 2 0 -2 -4 -6 5 3 1 -1 -3 -5 6 4 2 0 -2 -4 -6 5 3 1 -1 -3 -5 6 4 2 0 -2 -4 -6 5 3 1 -1 -3 -5 6 4 2 0 -2 -4 -6 5 3 1 -1 -3 -5 6 4 2 0 -2 -4 -6 5 3 1 -1 -3 -5 6 4 2 0 -2 -4 -6 5 3 1 -1 -3 -5 6 4 2 0 -2 -4 -6 5 3 1 -1 -3 -5 6 4 2 0 -2 -4 -6 5 3 1 -1 -3 -5 6 4 2 0 -2 -4 -6 5 3 1 -1 -3 -5 6 4 2 0 -2 -4 -6 5 3 1 -1 -3 -5 6 4 2 0 -2 -4 -6 5 3 1 -1 -3 -5 6 4 2 0 -2 -4 -6 5 3 1 -1 -3 -5 6 4 2 0 -2 -4 -6 5 3 1 -1 -3 -5 6 4 2 0 -2 -4 -6 5 3 1 -1 -3 -5 6 4 2 0 -2 -4 -6 5 3 1 -1 -3 -5 6 4 2 0 -2 -4 -6 5 3 1 -1 -3 -5 6 4 2 0 -2 -4 -6 5 3 1 -1 -3 -5 6 4 2 0 -2 -4 -6 5 3 1 -1 -3 -5 6 4 2 0 -2 -4 -6 5 3 1 -1 -3 -5 6 4 2 0 -2 -4 -6 5 3 1 -1 -3 -5 6 4 2 0 -2 -4 -6 5 3 1 -1 -3 -5 6 4 2 0 -2 -4 -6 5 3 1 -1 -3 -5 6 4 2 0 -2 -4 -6 5 3 1 -1 -3 -5 6 4 2 0 -2 -4 -6 5 3 1 -1 -3 -5 6 4 2 0 -2 -4 -6 5 3 1 -1 -3 -5 6 4 2 0 -2 -4 -6 5 3 1 -1 -3 -5 6 4 2 0 -2 -4 -6 5 3 1 -1 -3 -5 6 4 2 0 -2 -4 -6 5 3 1 -1 -3 -5 6 4 2 0 -2 -4 -6 5 3 1 -1 -3 -5 6 4 2 0 -2 -4 -6 5 3 1 -1 -3 -5 6 4 2 0 -2 -4 -6 5 3 1 -1 -3 -5 6 4 2 0 -2 -4 -6 5 3 1 -1 -3 -5 6 4 2 0 -2 -4 -6 5 3 1 -1 -3 -5 6 4 2 0 -2 -4 -6 5 3 1 -1 -3 -5 6 4 2 0 -2 -4 -6 5 3 1 -1 -3 -5 6 4 2 0 -2 -4 -6 5 3 1 -1 -3 -5 6 4 2 0
4 2 0 -2 -4 -6 5 3 1 -1 -3 -5 6 4 2 0 -2 -4 -6 5 3 1 -1 -3 -5 6 4 2 0 -2 -4 -6 5 3 1 -1 -3 -5 6 4 2 0 -2 -4 -6 5 3 1 -1 -3 -5 6 4 2 0 -2 -4 -6 5 3 1 -1 -3 -5 6 4 2 0 -2 -4 -6 5 3 1 -1 -3 -5 6 4 2 0 -2 -4 -6 5 3 1 -1 -3 -5 6 4 2 0 -2 -4 -6 5 3 1 -1 -3 -5 6 4 2 0 -2 -4 -6 5 3 1 -1 -3 -5 6 4 2 0 -2 -4 -6 5 3 1 -1 -3 -5 6 4 2 0 -2 -4 -6 5 3 1 -1 -3 -5 6 4 2 0 -2 -4 -6 5 3 1 -1 -3 -5 6 4 2 0 -2 -4 -6 5 3 1 -1 -3 -5 6 4 2 0 -2 -4 -6 5 3 1 -1 -3 -5 6 4 2 0 -2 -4 -6 5 3 1 -1 -3 -5 6 4 2 0 -2 -4 -6 5 3 1 -1 -3 -5 6 4 2 0 -2 -4 -6 5 3 1 -1 -3 -5 6 4 2 0 -2 -4 -6 5 3 1 -1 -3 -5 6 4 2 0 -2 -4 -6 5 3 1 -1 -3 -5 6 4 2 0 -2 -4 -6 5 3 1 -1 -3 -5 6 4 2 0 -2 -4 -6 5 3 1 -1 -3 -5 6 4 2 0 -2 -4 -6 5 3 1 -1 -3 -5 6 4 2 0 -2 -4 -6 5 3 1 -1 -3 -5 6 4 2 0 -2 -4 -6 5 3 1 -1 -3 -5 6 4 2 0 -2 -4 -6 5 3 1 -1 -3 -5 6 4 2 0 -2 -4 -6 5 3 1 -1 -3 -5 6 4 2 0 -2 -4 -6 5 3 1 -1 -3 -5 6 4 2 0 -2 -4 -6 5 3 1 -1 -3 -5 6 4 2 0 -2 -4 -6 5 3 1 -1 -3 -5 6 4 2 0 -2 -4 -6 5 3 1 -1 -3 -5 6 4 2 0 -2 -4 -6 5 3 1 -1 -3 -5 6 4 2 0 -2 -4 -6 5 3 1 -1 -3 -5 6 4 2 0 -2 -4 -6 5 3 1 -1 -3 -5 6 4 2 0 -2 -4 -6 5 3 1 -1 -3 -5 6 4 2 0 -2 -4 -6 5 3 1 -1 -3 -5 6 4 2 0 -2 -4 -6 5 3 1 -1 -3 -5 6 4 2 0 -2 -4 -6 5 3 1 -1 -3 -5 6 4 2 0 -2 -4 -6 5 3 1 -1 -3 -5 6 4 2 0 -2 -4 -6
-2 -4 -6 5 3 1 -1 -3 -5 6 4 2 0 -2 -4 -6 5 3 1 -1 -3 -5 6 4 2 0 -2 -4 -6 5 3 1 -1 -3 -5 6 4 2 0 -2 -4 -6 5 3 1 -1 -3 -5 6 4 2 0 -2 -4 -6 5 3 1 -1 -3 -5 6 4 2 0 -2 -4 -6 5 3 1 -1 -3 -5 6 4 2 0 -2 -4 -6 5 3 1 -1 -3 -5 6 4 2 0 -2 -4 -6 5 3 1 -1 -3 -5 6 4 2 0 -2 -4 -6 5 3 1 -1 -3 -5 6 4 2 0 -2 -4 -6 5 3 1 -1 -3 -5 6 4 2 0 -2 -4 -6 5 3 1 -1 -3 -5 6 4 2 0 -2 -4 -6 5 3 1 -1 -3 -5 6 4 2 0 -2 -4 -6 5 3 1 -1 -3 -5 6 4 2 0 -2 -4 -6 5 3 1 -1 -3 -5 6 4 2 0 -2 -4 -6 5 3 1 -1 -3 -5 6 4 2 0 -2 -4 -6 5 3 1 -1 -3 -5 6 4 2 0 -2 -4 -6 5 3 1 -1 -3 -5 6 4 2 0 -2 -4 -6 5 3 1 -1 -3 -5 6 4 2 0 -2 -4 -6 5 3 1 -1 -3 -5 6 4 2 0 -2 -4 -6 5 3 1 -1 -3 -5 6 4 2 0 -2 -4 -6 5 3 1 -1 -3 -5 6 4 2 0 -2 -4 -6 5 3 1 -1 -3 -5 6 4 2 0 -2 -4 -6 5 3 1 -1 -3 -5 6 4 2 0 -2 -4 -6 5 3 1 -1 -3 -5 6 4 2 0 -2 -4 -6 5 3 1 -1 -3 -5 6 4 2 0 -2 -4 -6 5 3 1 -1 -3 -5 6 4 2 0 -2 -4 -6 5 3 1 -1 -3 -5 6 4 2 0 -2 -4 -6 5 3 1 -1 -3 -5 6 4 2 0 -2 -4 -6 5 3 1 -1 -3 -5 6 4 2 0 -2 -4 -6 5 3 1 -1 -3 -5 6 4 2 0 -2 -4 -6 5 3 1 -1 -3 -5 6 4 2 0 -2 -4 -6 5 3 1 -1 -3 -5 6 4 2 0 -2 -4 -6 5 3 1 -1 -3 -5 6 4 2 0 -2 -4 -6 5 3 1 -1 -3 -5 6 4 2 0 -2 -4 -6 5 3 1 -1 -3 -5 6 4 2 0 -2 -4 -6 5 3 1 -1 -3 -5 6 4 2 0 -2 -4 -6 5 3 1 -1 -3 -5 6 4 2 0 -2 -4 -6 5 3 1 -1 -3 -5 6 4 2 0 -2 -4 -6 5 3 1
5 3 1 -1 -3 -5 6 4 2 0 -2 -4 -6 5 3 1 -1 -3 -5 6 4 2 0 -2 -4 -6 5 3 1 -1 -3 -5 6 4 2 0 -2 -4 -6 5 3 1 -1 -3 -5 6 4 2 0 -2 -4 -6 5 3 1 -1 -3 -5 6 4 2 0 -2 -4 -6 5 3 1 -1 -3 -5 6 4 2 0 -2 -4 -6 5 3 1 -1 -3 -5 6 4 2 0 -2 -4 -6 5 3 1 -1 -3 -5 6 4 2 0 -2 -4 -6 5 3 1 -1 -3 -5 6 4 2 0 -2 -4 -6 5 3 1 -1 -3 -5 6 4 2 0 -2 -4 -6 5 3 1 -1 -3 -5 6 4 2 0 -2 -4 -6 5 3 1 -1 -3 -5 6 4 2 0 -2 -4 -6 5 3 1 -1 -3 -5 6 4 2 0 -2 -4 -6 5 3 1 -1 -3 -5 6 4 2 0 -2 -4 -6 5 3 1 -1 -3 -5 6 4 2 0 -2 -4 -6 5 3 1 -1 -3 -5 6 4 2 0 -2 -4 -6 5 3 1 -1 -3 -5 6 4 2 0 -2 -4 -6 5 3 1 -1 -3 -5 6 4 2 0 -2 -4 -6 5 3 1 -1 -3 -5 6 4 2 0 -2 -4 -6 5 3 1 -1 -3 -5 6 4 2 0 -2 -4 -6 5 3 1 -1 -3 -5 6 4 2 0 -2 -4 -6 5 3 1 -1 -3 -5 6 4 2 0 -2 -4 -6 5 3 1 -1 -3 -5 6 4 2 0 -2 -4 -6 5 3 1 -1 -3 -5 6 4 2 0 -2 -4 -6 5 3 1 -1 -3 -5 6 4 2 0 -2 -4 -6 5 3 1 -1 -3 -5 6 4 2 0 -2 -4 -6 5 3 1 -1 -3 -5 6 4 2 0 -2 -4 -6 5 3 1 -1 -3 -5 6 4 2 0 -2 -4 -6 5 3 1 -1 -3 -5 6 4 2 0 -2 -4 -6 5 3 1 -1 -3 -5 6 4 2 0 -2 -4 -6 5 3 1 -1 -3 -5 6 4 2 0 -2 -4 -6 5 3 1 -1 -3 -5 6 4 2 0 -2 -4 -6 5 3 1 -1 -3 -5 6 4 2 0 -2 -4 -6 5 3 1 -1 -3 -5 6 4 2 0 -2 -4 -6 5 3 1 -1 -3 -5 6 4 2 0 -2 -4 -6 5 3 1 -1 -3 -5 6 4 2 0 -2 -4 -6 5 3 1 -1 -3 -5 6 4 2 0 -2 -4 -6 5 3 1 -1 -3 -5 6 4 2 0 -2 -4 -6 5 3 1 -1 -3 -5
-1 -3 -5 6 4 2 0 -2 -4 -6 5 3 1 -1 -3 -5 6 4 2 0 -2 -4 -6 5 3 1 -1 -3 -5 6 4 2 0 -2 -4 -6 5 3 1 -1 -3 -5 6 4 2 0 -2 -4 -6 5 3 1 -1 -3 -5 6 4 2 0 -2 -4 -6 5 3 1 -1 -3 -5 6 4 2 0 -2 -4 -6 5 3 1 -1 -3 -5 6 4 2 0 -2 -4 -6 5 3 1 -1 -3 -5 6 4 2 0 -2 -4 -6 5 3 1 -1 -3 -5 6 4 2 0 -2 -4 -6 5 3 1 -1 -3 -5 6 4 2 0 -2 -4 -6 5 3 1 -1 -3 -5 6 4 2 0 -2 -4 -6 5 3 1 -1 -3 -5 6 4 2 0 -2 -4 -6 5 3 1 -1 -3 -5 6 4 2 0 -2 -4 -6 5 3 1 -1 -3 -5 6 4 2 0 -2 -4 -6 5 3 1 -1 -3 -5 6 4 2 0 -2 -4 -6 5 3 1 -1 -3 -5 6 4 2 0 -2 -4 -6 5 3 1 -1 -3 -5 6 4 2 0 -2 -4 -6 5 3 1 -1 -3 -5 6 4 2 0 -2 -4 -6 5 3 1 -1 -3 -5 6 4 2 0 -2 -4 -6 5 3 1 -1 -3 -5 6 4 2 0 -2 -4 -6 5 3 1 -1 -3 -5 6 4 2 0 -2 -4 -6 5 3 1 -1 -3 -5 6 4 2 0 -2 -4 -6 5 3 1 -1 -3 -5 6 4 2 0 -2 -4 -6 5 3 1 -1 -3 -5 6 4 2 0 -2 -4 -6 5 3 1 -1 -3 -5 6 4 2 0 -2 -4 -6 5 3 1 -1 -3 -5 6 4 2 0 -2 -4 -6 5 3 1 -1 -3 -5 6 4 2 0 -2 -4 -6 5 3 1 -1 -3 -5 6 4 2 0 -2 -4 -6 5 3 1 -1 -3 -5 6 4 2 0 -2 -4 -6 5 3 1 -1 -3 -5 6 4 2 0 -2 -4 -6 5 3 1 -1 -3 -5 6 4 2 0 -2 -4 -6 5 3 1 -1 -3 -5 6 4 2 0 -2 -4 -6 5 3 1 -1 -3 -5 6 4 2 0 -2 -4 -6 5 3 1 -1 -3 -5 6 4 2 0 -2 -4 -6 5 3 1 -1 -3 -5 6 4 2 0 -2 -4 -6 5 3 1 -1 -3 -5 6 4 2 0 -2 -4 -6 5 3 1 -1 -3 -5 6 4 2 0 -2 -4 -6 5 3 1 -1 -3 -5 6 4 2 0 -2 -4 -6 5 3 1 -1 -3 -5 6 4 2
6 4 2 0 -2 -4 -6 5 3 1 -1 -3 -5 6 4 2 0 -2 -4 -6 5 3 1 -1 -3 -5 6 4 2 0 -2 -4 -6 5 3 1 -1 -3 -5 6 4 2 0 -2 -4 -6 5 3 1 -1 -3 -5 6 4 2 0 -2 -4 -6 5 3 1 -1 -3 -5 6 4 2 0 -2 -4 -6 5 3 1 -1 -3 -5 6 4 2 0 -2 -4 -6 5 3 1 -1 -3 -5 6 4 2 0 -2 -4 -6 5 3 1 -1 -3 -5 6 4 2 0 -2 -4 -6 5 3 1 -1 -3 -5 6 4 2 0 -2 -4 -6 5 3 1 -1 -3 -5 6 4 2 0 -2 -4 -6 5 3 1 -1 -3 -5 6 4 2 0 -2 -4 -6 5 3 1 -1 -3 -5 6 4 2 0 -2 -4 -6 5 3 1 -1 -3 -5 6 4 2 0 -2 -4 -6 5 3 1 -1 -3 -5 6 4 2 0 -2 -4 -6 5 3 1 -1 -3 -5 6 4 2 0 -2 -4 -6 5 3 1 -1 -3 -5 6 4 2 0 -2 -4 -6 5 3 1 -1 -3 -5 6 4 2 0 -2 -4 -6 5 3 1 -1 -3 -5 6 4 2 0 -2 -4 -6 5 3 1 -1 -3 -5 6 4 2 0 -2 -4 -6 5 3 1 -1 -3 -5 6 4 2 0 -2 -4 -6 5 3 1 -1 -3 -5 6 4 2 0 -2 -4 -6 5 3 1 -1 -3 -5 6 4 2 0 -2 -4 -6 5 3 1 -1 -3 -5 6 4 2 0 -2 -4 -6 5 3 1 -1 -3 -5 6 4 2 0 -2 -4 -6 5 3 1 -1 -3 -5 6 4 2 0 -2 -4 -6 5 3 1 -1 -3 -5 6 4 2 0 -2 -4 -6 5 3 1 -1 -3 -5 6 4 2 0 -2 -4 -6 5 3 1 -1 -3 -5 6 4 2 0 -2 -4 -6 5 3 1 -1 -3 -5 6 4 2 0 -2 -4 -6 5 3 1 -1 -3 -5 6 4 2 0 -2 -4 -6 5 3 1 -1 -3 -5 6 4 2 0 -2 -4 -6 5 3 1 -1 -3 -5 6 4 2 0 -2 -4 -6 5 3 1 -1 -3 -5 6 4 2 0 -2 -4 -6 5 3 1 -1 -3 -5 6 4 2 0 -2 -4 -6 5 3 1 -1 -3 -5 6 4 2 0 -2 -4 -6 5 3 1 -1 -3 -5 6 4 2 0 -2 -4 -6 5 3 1 -1 -3 -5 6 4 2 0 -2 -4 -6 5 3 1 -1 -3 -5 6 4 2 0 -2 -4
0 -2 -4 -6 5 3 1 -1 -3 -5 6 4 2 0 -2 -4 -6 5 3 1 -1 -3 -5 6 4 2 0 -2 -4 -6 5 3 1 -1 -3 -5 6 4 2 0 -2 -4 -6 5 3 1 -1 -3 -5 6 4 2 0 -2 -4 -6 5 3 1 -1 -3 -5 6 4 2 0 -2 -4 -6 5 3 1 -1 -3 -5 6 4 2 0 -2 -4 -6 5 3 1 -1 -3 -5 6 4 2 0 -2 -4 -6 5 3 1 -1 -3 -5 6 4 2 0 -2 -4 -6 5 3 1 -1 -3 -5 6 4 2 0 -2 -4 -6 5 3 1 -1 -3 -5 6 4 2 0 -2 -4 -6 5 3 1 -1 -3 -5 6 4 2 0 -2 -4 -6 5 3 1 -1 -3 -5 6 4 2 0 -2 -4 -6 5 3 1 -1 -3 -5 6 4 2 0 -2 -4 -6 5 3 1 -1 -3 -5 6 4 2 0 -2 -4 -6 5 3 1 -1 -3 -5 6 4 2 0 -2 -4 -6 5 3 1 -1 -3 -5 6 4 2 0 -2 -4 -6 5 3 1 -1 -3 -5 6 4 2 0 -2 -4 -6 5 3 1 -1 -3 -5 6 4 2 0 -2 -4 -6 5 3 1 -1 -3 -5 6 4 2 0 -2 -4 -6 5 3 1 -1 -3 -5 6 4 2 0 -2 -4 -6 5 3 1 -1 -3 -5 6 4 2 0 -2 -4 -6 5 3 1 -1 -3 -5 6 4 2 0 -2 -4 -6 5 3 1 -1 -3 -5 6 4 2 0 -2 -4 -6 5 3 1 -1 -3 -5 6 4 2 0 -2 -4 -6 5 3 1 -1 -3 -5 6 4 2 0 -2 -4 -6 5 3 1 -1 -3 -5 6 4 2 0 -2 -4 -6 5 3 1 -1 -3 -5 6 4 2 0 -2 -4 -6 5 3 1 -1 -3 -5 6 4 2 0 -2 -4 -6 5 3 1 -1 -3 -5 6 4 2 0 -2 -4 -6 5 3 1 -1 -3 -5 6 4 2 0 -2 -4 -6 5 3 1 -1 -3 -5 6 4 2 0 -2 -4 -6 5 3 1 -1 -3 -5 6 4 2 0 -2 -4 -6 5 3 1 -1 -3 -5 6 4 2 0 -2 -4 -6 5 3 1 -1 -3 -5 6 4 2 0 -2 -4 -6 5 3 1 -1 -3 -5 6 4 2 0 -2 -4 -6 5 3 1 -1 -3 -5 6 4 2 0 -2 -4 -6 5 3 1 -1 -3 -5 6 4 2 0 -2 -4 -6 5 3 1 -1 -3 -5 6 4 2 0 -2 -4 -6 5 3
-6 5 3 1 -1 -3 -5 6 4 2 0 -2 -4 -6 5 3 1 -1 -3 -5 6 4 2 0 -2 -4 -6 5 3 1 -1 -3 -5 6 4 2 0 -2 -4 -6 5 3 1 -1 -3 -5 6 4 2 0 -2 -4 -6 5 3 1 -1 -3 -5 6 4 2 0 -2 -4 -6 5 3 1 -1 -3 -5 6 4 2 0 -2 -4 -6 5 3 1 -1 -3 -5 6 4 2 0 -2 -4 -6 5 3 1 -1 -3 -5 6 4 2 0 -2 -4 -6 5 3 1 -1 -3 -5 6 4 2 0 -2 -4 -6 5 3 1 -1 -3 -5 6 4 2 0 -2 -4 -6 5 3 1 -1 -3 -5 6 4 2 0 -2 -4 -6 5 3 1 -1 -3 -5 6 4 2 0 -2 -4 -6 5 3 1 -1 -3 -5 6 4 2 0 -2 -4 -6 5 3 1 -1 -3 -5 6 4 2 0 -2 -4 -6 5 3 1 -1 -3 -5 6 4 2 0 -2 -4 -6 5 3 1 -1 -3 -5 6 4 2 0 -2 -4 -6 5 3 1 -1 -3 -5 6 4 2 0 -2 -4 -6 5 3 1 -1 -3 -5 6 4 2 0 -2 -4 -6 5 3 1 -1 -3 -5 6 4 2 0 -2 -4 -6 5 3 1 -1 -3 -5 6 4 2 0 -2 -4 -6 5 3 1 -1 -3 -5 6 4 2 0 -2 -4 -6 5 3 1 -1 -3 -5 6 4 2 0 -2 -4 -6 5 3 1 -1 -3 -5 6 4 2 0 -2 -4 -6 5 3 1 -1 -3 -5 6 4 2 0 -2 -4 -6 5 3 1 -1 -3 -5 6 4 2 0 -2 -4 -6 5 3 1 -1 -3 -5 6 4 2 0 -2 -4 -6 5 3 1 -1 -3 -5 6 4 2 0 -2 -4 -6 5 3 1 -1 -3 -5 6 4 2 0 -2 -4 -6 5 3 1 -1 -3 -5 6 4 2 0 -2 -4 -6 5 3 1 -1 -3 -5 6 4 2 0 -2 -4 -6 5 3 1 -1 -3 -5 6 4 2 0 -2 -4 -6 5 3 1 -1 -3 -5 6 4 2 0 -2 -4 -6 5 3 1 -1 -3 -5 6 4 2 0 -2 -4 -6 5 3 1 -1 -3 -5 6 4 2 0 -2 -4 -6 5 3 1 -1 -3 -5 6 4 2 0 -2 -4 -6 5 3 1 -1 -3 -5 6 4 2 0 -2 -4 -6 5 3 1 -1 -3 -5 6 4 2 0 -2 -4 -6 5 3 1 -1 -3 -5 6 4 2 0 -2 -4 -6 5 3 1 -1 -3
1 -1 -3 -5 6 4 2 0 -2 -4 -6 5 3 1 -1 -3 -5 6 4 2 0 -2 -4 -6 5 3 1 -1 -3 -5 6 4 2 0 -2 -4 -6 5 3 1 -1 -3 -5 6 4 2 0 -2 -4 -6 5 3 1 -1 -3 -5 6 4 2 0 -2 -4 -6 5 3 1 -1 -3 -5 6 4 2 0 -2 -4 -6 5 3 1 -1 -3 -5 6 4 2 0 -2 -4 -6 5 3 1 -1 -3 -5 6 4 2 0 -2 -4 -6 5 3 1 -1 -3 -5 6 4 2 0 -2 -4 -6 5 3 1 -1 -3 -5 6 4 2 0 -2 -4 -6 5 3 1 -1 -3 -5 6 4 2 0 -2 -4 -6 5 3 1 -1 -3 -5 6 4 2 0 -2 -4 -6 5 3 1 -1 -3 -5 6 4 2 0 -2 -4 -6 5 3 1 -1 -3 -5 6 4 2 0 -2 -4 -6 5 3 1 -1 -3 -5 6 4 2 0 -2 -4 -6 5 3 1 -1 -3 -5 6 4 2 0 -2 -4 -6 5 3 1 -1 -3 -5 6 4 2 0 -2 -4 -6 5 3 1 -1 -3 -5 6 4 2 0 -2 -4 -6 5 3 1 -1 -3 -5 6 4 2 0 -2 -4 -6 5 3 1 -1 -3 -5 6 4 2 0 -2 -4 -6 5 3 1 -1 -3 -5 6 4 2 0 -2 -4 -6 5 3 1 -1 -3 -5 6 4 2 0 -2 -4 -6 5 3 1 -1 -3 -5 6 4 2 0 -2 -4 -6 5 3 1 -1 -3 -5 6 4 2 0 -2 -4 -6 5 3 1 -1 -3 -5 6 4 2 0 -2 -4 -6 5 3 1 -1 -3 -5 6 4 2 0 -2 -4 -6 5 3 1 -1 -3 -5 6 4 2 0 -2 -4 -6 5 3 1 -1 -3 -5 6 4 2 0 -2 -4 -6 5 3 1 -1 -3 -5 6 4 2 0 -2 -4 -6 5 3 1 -1 -3 -5 6 4 2 0 -2 -4 -6 5 3 1 -1 -3 -5 6 4 2 0 -2 -4 -6 5 3 1 -1 -3 -5 6 4 2 0 -2 -4 -6 5 3 1 -1 -3 -5 6 4 2 0 -2 -4 -6 5 3 1 -1 -3 -5 6 4 2 0 -2 -4 -6 5 3 1 -1 -3 -5 6 4 2 0 -2 -4 -6 5 3 1 -1 -3 -5 6 4 2 0 -2 -4 -6 5 3 1 -1 -3 -5 6 4 2 0 -2 -4 -6 5 3 1 -1 -3 -5 6 4 2 0 -2 -4 -6 5 3 1 -1 -3 -5 6 4
-5 6 4 2 0 -2 -4 -6 5 3 1 -1 -3 -5 6 4 2 0 -2 -4 -6 5 3 1 -1 -3 -5 6 4 2 0 -2 -4 -6 5 3 1 -1 -3 -5 6 4 2 0 -2 -4 -6 5 3 1 -1 -3 -5 6 4 2 0 -2 -4 -6 5 3 1 -1 -3 -5 6 4 2 0 -2 -4 -6 5 3 1 -1 -3 -5 6 4 2 0 -2 -4 -6 5 3 1 -1 -3 -5 6 4 2 0 -2 -4 -6 5 3 1 -1 -3 -5 6 4 2 0 -2 -4 -6 5 3 1 -1 -3 -5 6 4 2 0 -2 -4 -6 5 3 1 -1 -3 -5 6 4 2 0 -2 -4 -6 5 3 1 -1 -3 -5 6 4 2 0 -2 -4 -6 5 3 1 -1 -3 -5 6 4 2 0 -2 -4 -6 5 3 1 -1 -3 -5 6 4 2 0 -2 -4 -6 5 3 1 -1 -3 -5 6 4 2 0 -2 -4 -6 5 3 1 -1 -3 -5 6 4 2 0 -2 -4 -6 5 3 1 -1 -3 -5 6 4 2 0 -2 -4 -6 5 3 1 -1 -3 -5 6 4 2 0 -2 -4 -6 5 3 1 -1 -3 -5 6 4 2 0 -2 -4 -6 5 3 1 -1 -3 -5 6 4 2 0 -2 -4 -6 5 3 1 -1 -3 -5 6 4 2 0 -2 -4 -6 5 3 1 -1 -3 -5 6 4 2 0 -2 -4 -6 5 3 1 -1 -3 -5 6 4 2 0 -2 -4 -6 5 3 1 -1 -3 -5 6 4 2 0 -2 -4 -6 5 3 1 -1 -3 -5 6 4 2 0 -2 -4 -6 5 3 1 -1 -3 -5 6 4 2 0 -2 -4 -6 5 3 1 -1 -3 -5 6 4 2 0 -2 -4 -6 5 3 1 -1 -3 -5 6 4 2 0 -2 -4 -6 5 3 1 -1 -3 -5 6 4 2 0 -2 -4 -6 5 3 1 -1 -3 -5 6 4 2 0 -2 -4 -6 5 3 1 -1 -3 -5 6 4 2 0 -2 -4 -6 5 3 1 -1 -3 -5 6 4 2 0 -2 -4 -6 5 3 1 -1 -3 -5 6 4 2 0 -2 -4 -6 5 3 1 -1 -3 -5 6 4 2 0 -2 -4 -6 5 3 1 -1 -3 -5 6 4 2 0 -2 -4 -6 5 3 1 -1 -3 -5 6 4 2 0 -2 -4 -6 5 3 1 -1 -3 -5 6 4 2 0 -2 -4 -6 5 3 1 -1 -3 -5 6 4 2 0 -2 -4 -6 5 3 1 -1 -3 -5 6 4 2 0 -2
2 0 -2 -4 -6 5 3 1 -1 -3 -5 6 4 2 0 -2 -4 -6 5 3 1 -1 -3 -5 6 4 2 0 -2 -4 -6 5 3 1 -1 -3 -5 6 4 2 0 -2 -4 -6 5 3 1 -1 -3 -5 6 4 2 0 -2 -4 -6 5 3 1 -1 -3 -5 6 4 2 0 -2 -4 -6 5 3 1 -1 -3 -5 6 4 2 0 -2 -4 -6 5 3 1 -1 -3 -5 6 4 2 0 -2 -4 -6 5 3 1 -1 -3 -5 6 4 2 0 -2 -4 -6 5 3 1 -1 -3 -5 6 4 2 0 -2 -4 -6 5 3 1 -1 -3 -5 6 4 2 0 -2 -4 -6 5 3 1 -1 -3 -5 6 4 2 0 -2 -4 -6 5 3 1 -1 -3 -5 6 4 2 0 -2 -4 -6 5 3 1 -1 -3 -5 6 4 2 0 -2 -4 -6 5 3 1 -1 -3 -5 6 4 2 0 -2 -4 -6 5 3 1 -1 -3 -5 6 4 2 0 -2 -4 -6 5 3 1 -1 -3 -5 6 4 2 0 -2 -4 -6 5 3 1 -1 -3 -5 6 4 2 0 -2 -4 -6 5 3 1 -1 -3 -5 6 4 2 0 -2 -4 -6 5 3 1 -1 -3 -5 6 4 2 0 -2 -4 -6 5 3 1 -1 -3 -5 6 4 2 0 -2 -4 -6 5 3 1 -1 -3 -5 6 4 2 0 -2 -4 -6 5 3 1 -1 -3 -5 6 4 2 0 -2 -4 -6 5 3 1 -1 -3 -5 6 4 2 0 -2 -4 -6 5 3 1 -1 -3 -5 6 4 2 0 -2 -4 -6 5 3 1 -1 -3 -5 6 4 2 0 -2 -4 -6 5 3 1 -1 -3 -5 6 4 2 0 -2 -4 -6 5 3 1 -1 -3 -5 6 4 2 0 -2 -4 -6 5 3 1 -1 -3 -5 6 4 2 0 -2 -4 -6 5 3 1 -1 -3 -5 6 4 2 0 -2 -4 -6 5 3 1 -1 -3 -5 6 4 2 0 -2 -4 -6 5 3 1 -1 -3 -5 6 4 2 0 -2 -4 -6 5 3 1 -1 -3 -5 6 4 2 0 -2 -4 -6 5 3 1 -1 -3 -5 6 4 2 0 -2 -4 -6 5 3 1 -1 -3 -5 6 4 2 0 -2 -4 -6 5 3 1 -1 -3 -5 6 4 2 0 -2 -4 -6 5 3 1 -1 -3 -5 6 4 2 0 -2 -4 -6 5 3 1 -1 -3 -5 6 4 2 0 -2 -4 -6 5 3 1 -1 -3 -5 6 4 2 0 -2 -4 -6 5
-4 -6 5 3 1 -1 -3 -5 6 4 2 0 -2 -4 -6 5 3 1 -1 -3 -5 6 4 2 0 -2 -4 -6 5 3 1 -1 -3 -5 6 4 2 0 -2 -4 -6 5 3 1 -1 -3 -5 6 4 2 0 -2 -4 -6 5 3 1 -1 -3 -5 6 4 2 0 -2 -4 -6 5 3 1 -1 -3 -5 6 4 2 0 -2 -4 -6 5 3 1 -1 -3 -5 6 4 2 0 -2 -4 -6 5 3 1 -1 -3 -5 6 4 2 0 -2 -4 -6 5 3 1 -1 -3 -5 6 4 2 0 -2 -4 -6 5 3 1 -1 -3 -5 6 4 2 0 -2 -4 -6 5 3 1 -1 -3 -5 6 4 2 0 -2 -4 -6 5 3 1 -1 -3 -5 6 4 2 0 -2 -4 -6 5 3 1 -1 -3 -5 6 4 2 0 -2 -4 -6 5 3 1 -1 -3 -5 6 4 2 0 -2 -4 -6 5 3 1 -1 -3 -5 6 4 2 0 -2 -4 -6 5 3 1 -1 -3 -5 6 4 2 0 -2 -4 -6 5 3 1 -1 -3 -5 6 4 2 0 -2 -4 -6 5 3 1 -1 -3 -5 6 4 2 0 -2 -4 -6 5 3 1 -1 -3 -5 6 4 2 0 -2 -4 -6 5 3 1 -1 -3 -5 6 4 2 0 -2 -4 -6 5 3 1 -1 -3 -5 6 4 2 0 -2 -4 -6 5 3 1 -1 -3 -5 6 4 2 0 -2 -4 -6 5 3 1 -1 -3 -5 6 4 2 0 -2 -4 -6 5 3 1 -1 -3 -5 6 4 2 0 -2 -4 -6 5 3 1 -1 -3 -5 6 4 2 0 -2 -4 -6 5 3 1 -1 -3 -5 6 4 2 0 -2 -4 -6 5 3 1 -1 -3 -5 6 4 2 0 -2 -4 -6 5 3 1 -1 -3 -5 6 4 2 0 -2 -4 -6 5 3 1 -1 -3 -5 6 4 2 0 -2 -4 -6 5 3 1 -1 -3 -5 6 4 2 0 -2 -4 -6 5 3 1 -1 -3 -5 6 4 2 0 -2 -4 -6 5 3 1 -1 -3 -5 6 4 2 0 -2 -4 -6 5 3 1 -1 -3 -5 6 4 2 0 -2 -4 -6 5 3 1 -1 -3 -5 6 4 2 0 -2 -4 -6 5 3 1 -1 -3 -5 6 4 2 0 -2 -4 -6 5 3 1 -1 -3 -5 6 4 2 0 -2 -4 -6 5 3 1 -1 -3 -5 6 4 2 0 -2 -4 -6 5 3 1 -1 -3 -5 6 4 2 0 -2 -4 -6 5 3 1 -1
3 1 -1 -3 -5 6 4 2 0 -2 -4 -6 5 3 1 -1 -3 -5 6 4 2 0 -2 -4 -6 5 3 1 -1 -3 -5 6 4 2 0 -2 -4 -6 5 3 1 -1 -3 -5 6 4 2 0 -2 -4 -6 5 3 1 -1 -3 -5 6 4 2 0 -2 -4 -6 5 3 1 -1 -3 -5 6 4 2 0 -2 -4 -6 5 3 1 -1 -3 -5 6 4 2 0 -2 -4 -6 5 3 1 -1 -3 -5 6 4 2 0 -2 -4 -6 5 3 1 -1 -3 -5 6 4 2 0 -2 -4 -6 5 3 1 -1 -3 -5 6 4 2 0 -2 -4 -6 5 3 1 -1 -3 -5 6 4 2 0 -2 -4 -6 5 3 1 -1 -3 -5 6 4 2 0 -2 -4 -6 5 3 1 -1 -3 -5 6 4 2 0 -2 -4 -6 5 3 1 -1 -3 -5 6 4 2 0 -2 -4 -6 5 3 1 -1 -3 -5 6 4 2 0 -2 -4 -6 5 3 1 -1 -3 -5 6 4 2 0 -2 -4 -6 5 3 1 -1 -3 -5 6 4 2 0 -2 -4 -6 5 3 1 -1 -3 -5 6 4 2 0 -2 -4 -6 5 3 1 -1 -3 -5 6 4 2 0 -2 -4 -6 5 3 1 -1 -3 -5 6 4 2 0 -2 -4 -6 5 3 1 -1 -3 -5 6 4 2 0 -2 -4 -6 5 3 1 -1 -3 -5 6 4 2 0 -2 -4 -6 5 3 1 -1 -3 -5 6 4 2 0 -2 -4 -6 5 3 1 -1 -3 -5 6 4 2 0 -2 -4 -6 5 3 1 -1 -3 -5 6 4 2 0 -2 -4 -6 5 3 1 -1 -3 -5 6 4 2 0 -2 -4 -6 5 3 1 -1 -3 -5 6 4 2 0 -2 -4 -6 5 3 1 -1 -3 -5 6 4 2 0 -2 -4 -6 5 3 1 -1 -3 -5 6 4 2 0 -2 -4 -6 5 3 1 -1 -3 -5 6 4 2 0 -2 -4 -6 5 3 1 -1 -3 -5 6 4 2 0 -2 -4 -6 5 3 1 -1 -3 -5 6 4 2 0 -2 -4 -6 5 3 1 -1 -3 -5 6 4 2 0 -2 -4 -6 5 3 1 -1 -3 -5 6 4 2 0 -2 -4 -6 5 3 1 -1 -3 -5 6 4 2 0 -2 -4 -6 5 3 1 -1 -3 -5 6 4 2 0 -2 -4 -6 5 3 1 -1 -3 -5 6 4 2 0 -2 -4 -6 5 3 1 -1 -3 -5 6 4 2 0 -2 -4 -6 5 3 1 -1 -3 -5 6
-3 -5 6 4 2 0 -2 -4 -6 5 3 1 -1 -3 -5 6 4 2 0 -2 -4 -6 5 3 1 -1 -3 -5 6 4 2 0 -2 -4 -6 5 3 1 -1 -3 -5 6 4 2 0 -2 -4 -6 5 3 1 -1 -3 -5 6 4 2 0 -2 -4 -6 5 3 1 -1 -3 -5 6 4 2 0 -2 -4 -6 5 3 1 -1 -3 -5 6 4 2 0 -2 -4 -6 5 3 1 -1 -3 -5 6 4 2 0 -2 -4 -6 5 3 1 -1 -3 -5 6 4 2 0 -2 -4 -6 5 3 1 -1 -3 -5 6 4 2 0 -2 -4 -6 5 3 1 -1 -3 -5 6 4 2 0 -2 -4 -6 5 3 1 -1 -3 -5 6 4 2 0 -2 -4 -6 5 3 1 -1 -3 -5 6 4 2 0 -2 -4 -6 5 3 1 -1 -3 -5 6 4 2 0 -2 -4 -6 5 3 1 -1 -3 -5 6 4 2 0 -2 -4 -6 5 3 1 -1 -3 -5 6 4 2 0 -2 -4 -6 5 3 1 -1 -3 -5 6 4 2 0 -2 -4 -6 5 3 1 -1 -3 -5 6 4 2 0 -2 -4 -6 5 3 1 -1 -3 -5 6 4 2 0 -2 -4 -6 5 3 1 -1 -3 -5 6 4 2 0 -2 -4 -6 5 3 1 -1 -3 -5 6 4 2 0 -2 -4 -6 5 3 1 -1 -3 -5 6 4 2 0 -2 -4 -6 5 3 1 -1 -3 -5 6 4 2 0 -2 -4 -6 5 3 1 -1 -3 -5 6 4 2 0 -2 -4 -6 5 3 1 -1 -3 -5 6 4 2 0 -2 -4 -6 5 3 1 -1 -3 -5 6 4 2 0 -2 -4 -6 5 3 1 -1 -3 -5 6 4 2 0 -2 -4 -6 5 3 1 -1 -3 -5 6 4 2 0 -2 -4 -6 5 3 1 -1 -3 -5 6 4 2 0 -2 -4 -6 5 3 1 -1 -3 -5 6 4 2 0 -2 -4 -6 5 3 1 -1 -3 -5 6 4 2 0 -2 -4 -6 5 3 1 -1 -3 -5 6 4 2 0 -2 -4 -6 5 3 1 -1 -3 -5 6 4 2 0 -2 -4 -6 5 3 1 -1 -3 -5 6 4 2 0 -2 -4 -6 5 3 1 -1 -3 -5 6 4 2 0 -2 -4 -6 5 3 1 -1 -3 -5 6 4 2 0 -2 -4 -6 5 3 1 -1 -3 -5 6 4 2 0 -2 -4 -6 5 3 1 -1 -3 -5 6 4 2 0 -2 -4 -6 5 3 1 -1 -3 -5 6 4 2 0
4 2 0 -2 -4 -6 5 3 1 -1 -3 -5 6 4 2 0 -2 -4 -6 5 3 1 -1 -3 -5 6 4 2 0 -2 -4 -6 5 3 1 -1 -3 -5 6 4 2 0 -2 -4 -6 5 3 1 -1 -3 -5 6 4 2 0 -2 -4 -6 5 3 1 -1 -3 -5 6 4 2 0 -2 -4 -6 5 3 1 -1 -3 -5 6 4 2 0 -2 -4 -6 5 3 1 -1 -3 -5 6 4 2 0 -2 -4 -6 5 3 1 -1 -3 -5 6 4 2 0 -2 -4 -6 5 3 1 -1 -3 -5 6 4 2 0 -2 -4 -6 5 3 1 -1 -3 -5 6 4 2 0 -2 -4 -6 5 3 1 -1 -3 -5 6 4 2 0 -2 -4 -6 5 3 1 -1 -3 -5 6 4 2 0 -2 -4 -6 5 3 1 -1 -3 -5 6 4 2 0 -2 -4 -6 5 3 1 -1 -3 -5 6 4 2 0 -2 -4 -6 5 3 1 -1 -3 -5 6 4 2 0 -2 -4 -6 5 3 1 -1 -3 -5 6 4 2 0 -2 -4 -6 5 3 1 -1 -3 -5 6 4 2 0 -2 -4 -6 5 3 1 -1 -3 -5 6 4 2 0 -2 -4 -6 5 3 1 -1 -3 -5 6 4 2 0 -2 -4 -6 5 3 1 -1 -3 -5 6 4 2 0 -2 -4 -6 5 3 1 -1 -3 -5 6 4 2 0 -2 -4 -6 5 3 1 -1 -3 -5 6 4 2 0 -2 -4 -6 5 3 1 -1 -3 -5 6 4 2 0 -2 -4 -6 5 3 1 -1 -3 -5 6 4 2 0 -2 -4 -6 5 3 1 -1 -3 -5 6 4 2 0 -2 -4 -6 5 3 1 -1 -3 -5 6 4 2 0 -2 -4 -6 5 3 1 -1 -3 -5 6 4 2 0 -2 -4 -6 5 3 1 -1 -3 -5 6 4 2 0 -2 -4 -6 5 3 1 -1 -3 -5 6 4 2 0 -2 -4 -6 5 3 1 -1 -3 -5 6 4 2 0 -2 -4 -6 5 3 1 -1 -3 -5 6 4 2 0 -2 -4 -6 5 3 1 -1 -3 -5 6 4 2 0 -2 -4 -6 5 3 1 -1 -3 -5 6 4 2 0 -2 -4 -6 5 3 1 -1 -3 -5 6 4 2 0 -2 -4 -6 5 3 1 -1 -3 -5 6 4 2 0 -2 -4 -6 5 3 1 -1 -3 -5 6 4 2 0 -2 -4 -6 5 3 1 -1 -3 -5 6 4 2 0 -2 -4 -6 5 3 1 -1 -3 -5 6 4 2 0 -2 -4 -6
-2 -4 -6 5 3 1 -1 -3 -5 6 4 2 0 -2 -4 -6 5 3 1 -1 -3 -5 6 4 2 0 -2 -4 -6 5 3 1 -1 -3 -5 6 4 2 0 -2 -4 -6 5 3 1 -1 -3 -5 6 4 2 0 -2 -4 -6 5 3 1 -1 -3 -5 6 4 2 0 -2 -4 -6 5 3 1 -1 -3 -5 6 4 2 0 -2 -4 -6 5 3 1 -1 -3 -5 6 4 2 0 -2 -4 -6 5 3 1 -1 -3 -5 6 4 2 0 -2 -4 -6 5 3 1 -1 -3 -5 6 4 2 0 -2 -4 -6 5 3 1 -1 -3 -5 6 4 2 0 -2 -4 -6 5 3 1 -1 -3 -5 6 4 2 0 -2 -4 -6 5 3 1 -1 -3 -5 6 4 2 0 -2 -4 -6 5 3 1 -1 -3 -5 6 4 2 0 -2 -4 -6 5 3 1 -1 -3 -5 6 4 2 0 -2 -4 -6 5 3 1 -1 -3 -5 6 4 2 0 -2 -4 -6 5 3 1 -1 -3 -5 6 4 2 0 -2 -4 -6 5 3 1 -1 -3 -5 6 4 2 0 -2 -4 -6 5 3 1 -1 -3 -5 6 4 2 0 -2 -4 -6 5 3 1 -1 -3 -5 6 4 2 0 -2 -4 -6 5 3 1 -1 -3 -5 6 4 2 0 -2 -4 -6 5 3 1 -1 -3 -5 6 4 2 0 -2 -4 -6 5 3 1 -1 -3 -5 6 4 2 0 -2 -4 -6 5 3 1 -1 -3 -5 6 4 2 0 -2 -4 -6 5 3 1 -1 -3 -5 6 4 2 0 -2 -4 -6 5 3 1 -1 -3 -5 6 4 2 0 -2 -4 -6 5 3 1 -1 -3 -5 6 4 2 0 -2 -4 -6 5 3 1 -1 -3 -5 6 4 2 0 -2 -4 -6 5 3 1 -1 -3 -5 6 4 2 0 -2 -4 -6 5 3 1 -1 -3 -5 6 4 2 0 -2 -4 -6 5 3 1 -1 -3 -5 6 4 2 0 -2 -4 -6 5 3 1 -1 -3 -5 6 4 2 0 -2 -4 -6 5 3 1 -1 -3 -5 6 4 2 0 -2 -4 -6 5 3 1 -1 -3 -5 6 4 2 0 -2 -4 -6 5 3 1 -1 -3 -5 6 4 2 0 -2 -4 -6 5 3 1 -1 -3 -5 6 4 2 0 -2 -4 -6 5 3 1 -1 -3 -5 6 4 2 0 -2 -4 -6 5 3 1 -1 -3 -5 6 4 2 0 -2 -4 -6 5 3 1 -1 -3 -5 6 4 2 0 -2 -4 -6 5 3 1
5 3 1 -1 -3 -5 6 4 2 0 -2 -4 -6 5 3 1 -1 -3 -5 6 4 2 0 -2 -4 -6 5 3 1 -1 -3 -5 6 4 2 0 -2 -4 -6 5 3 1 -1 -3 -5 6 4 2 0 -2 -4 -6 5 3 1 -1 -3 -5 6 4 2 0 -2 -4 -6 5 3 1 -1 -3 -5 6 4 2 0 -2 -4 -6 5 3 1 -1 -3 -5 6 4 2 0 -2 -4 -6 5 3 1 -1 -3 -5 6 4 2 0 -2 -4 -6 5 3 1 -1 -3 -5 6 4 2 0 -2 -4 -6 5 3 1 -1 -3 -5 6 4 2 0 -2 -4 -6 5 3 1 -1 -3 -5 6 4 2 0 -2 -4 -6 5 3 1 -1 -3 -5 6 4 2 0 -2 -4 -6 5 3 1 -1 -3 -5 6 4 2 0 -2 -4 -6 5 3 1 -1 -3 -5 6 4 2 0 -2 -4 -6 5 3 1 -1 -3 -5 6 4 2 0 -2 -4 -6 5 3 1 -1 -3 -5 6 4 2 0 -2 -4 -6 5 3 1 -1 -3 -5 6 4 2 0 -2 -4 -6 5 3 1 -1 -3 -5 6 4 2 0 -2 -4 -6 5 3 1 -1 -3 -5 6 4 2 0 -2 -4 -6 5 3 1 -1 -3 -5 6 4 2 0 -2 -4 -6 5 3 1 -1 -3 -5 6 4 2 0 -2 -4 -6 5 3 1 -1 -3 -5 6 4 2 0 -2 -4 -6 5 3 1 -1 -3 -5 6 4 2 0 -2 -4 -6 5 3 1 -1 -3 -5 6 4 2 0 -2 -4 -6 5 3 1 -1 -3 -5 6 4 2 0 -2 -4 -6 5 3 1 -1 -3 -5 6 4 2 0 -2 -4 -6 5 3 1 -1 -3 -5 6 4 2 0 -2 -4 -6 5 3 1 -1 -3 -5 6 4 2 0 -2 -4 -6 5 3 1 -1 -3 -5 6 4 2 0 -2 -4 -6 5 3 1 -1 -3 -5 6 4 2 0 -2 -4 -6 5 3 1 -1 -3 -5 6 4 2 0 -2 -4 -6 5 3 1 -1 -3 -5 6 4 2 0 -2 -4 -6 5 3 1 -1 -3 -5 6 4 2 0 -2 -4 -6 5 3 1 -1 -3 -5 6 4 2 0 -2 -4 -6 5 3 1 -1 -3 -5 6 4 2 0 -2 -4 -6 5 3 1 -1 -3 -5 6 4 2 0 -2 -4 -6 5 3 1 -1 -3 -5 6 4 2 0 -2 -4 -6 5 3 1 -1 -3 -5 6 4 2 0 -2 -4 -6 5 3 1 -1 -3 -5
-1 -3 -5 6 4 2 0 -2 -4 -6 5 3 1 -1 -3 -5 6 4 2 0 -2 -4 -6 5 3 1 -1 -3 -5 6 4 2 0 -2 -4 -6 5 3 1 -1 -3 -5 6 4 2 0 -2 -4 -6 5 3 1 -1 -3 -5 6 4 2 0 -2 -4 -6 5 3 1 -1 -3 -5 6 4 2 0 -2 -4 -6 5 3 1 -1 -3 -5 6 4 2 0 -2 -4 -6 5 3 1 -1 -3 -5 6 4 2 0 -2 -4 -6 5 3 1 -1 -3 -5 6 4 2 0 -2 -4 -6 5 3 1 -1 -3 -5 6 4 2 0 -2 -4 -6 5 3 1 -1 -3 -5 6 4 2 0 -2 -4 -6 5 3 1 -1 -3 -5 6 4 2 0 -2 -4 -6 5 3 1 -1 -3 -5 6 4 2 0 -2 -4 -6 5 3 1 -1 -3 -5 6 4 2 0 -2 -4 -6 5 3 1 -1 -3 -5 6 4 2 0 -2 -4 -6 5 3 1 -1 -3 -5 6 4 2 0 -2 -4 -6 5 3 1 -1 -3 -5 6 4 2 0 -2 -4 -6 5 3 1 -1 -3 -5 6 4 2 0 -2 -4 -6 5 3 1 -1 -3 -5 6 4 2 0 -2 -4 -6 5 3 1 -1 -3 -5 6 4 2 0 -2 -4 -6 5 3 1 -1 -3 -5 6 4 2 0 -2 -4 -6 5 3 1 -1 -3 -5 6 4 2 0 -2 -4 -6 5 3 1 -1 -3 -5 6 4 2 0 -2 -4 -6 5 3 1 -1 -3 -5 6 4 2 0 -2 -4 -6 5 3 1 -1 -3 -5 6 4 2 0 -2 -4 -6 5 3 1 -1 -3 -5 6 4 2 0 -2 -4 -6 5 3 1 -1 -3 -5 6 4 2 0 -2 -4 -6 5 3 1 -1 -3 -5 6 4 2 0 -2 -4 -6 5 3 1 -1 -3 -5 6 4 2 0 -2 -4 -6 5 3 1 -1 -3 -5 6 4 2 0 -2 -4 -6 5 3 1 -1 -3 -5 6 4 2 0 -2 -4 -6 5 3 1 -1 -3 -5 6 4 2 0 -2 -4 -6 5 3 1 -1 -3 -5 6 4 2 0 -2 -4 -6 5 3 1 -1 -3 -5 6 4 2 0 -2 -4 -6 5 3 1 -1 -3 -5 6 4 2 0 -2 -4 -6 5 3 1 -1 -3 -5 6 4 2 0 -2 -4 -6 5 3 1 -1 -3 -5 6 4 2 0 -2 -4 -6 5 3 1 -1 -3 -5 6 4 2 0 -2 -4 -6 5 3 1 -1 -3 -5 6 4 2
6 4 2 0 -2 -4 -6 5 3 1 -1 -3 -5 6 4 2 0 -2 -4 -6 5 3 1 -1 -3 -5 6 4 2 0 -2 -4 -6 5 3 1 -1 -3 -5 6 4 2 0 -2 -4 -6 5 3 1 -1 -3 -5 6 4 2 0 -2 -4 -6 5 3 1 -1 -3 -5 6 4 2 0 -2 -4 -6 5 3 1 -1 -3 -5 6 4 2 0 -2 -4 -6 5 3 1 -1 -3 -5 6 4 2 0 -2 -4 -6 5 3 1 -1 -3 -5 6 4 2 0 -2 -4 -6 5 3 1 -1 -3 -5 6 4 2 0 -2 -4 -6 5 3 1 -1 -3 -5 6 4 2 0 -2 -4 -6 5 3 1 -1 -3 -5 6 4 2 0 -2 -4 -6 5 3 1 -1 -3 -5 6 4 2 0 -2 -4 -6 5 3 1 -1 -3 -5 6 4 2 0 -2 -4 -6 5 3 1 -1 -3 -5 6 4 2 0 -2 -4 -6 5 3 1 -1 -3 -5 6 4 2 0 -2 -4 -6 5 3 1 -1 -3 -5 6 4 2 0 -2 -4 -6 5 3 1 -1 -3 -5 6 4 2 0 -2 -4 -6 5 3 1 -1 -3 -5 6 4 2 0 -2 -4 -6 5 3 1 -1 -3 -5 6 4 2 0 -2 -4 -6 5 3 1 -1 -3 -5 6 4 2 0 -2 -4 -6 5 3 1 -1 -3 -5 6 4 2 0 -2 -4 -6 5 3 1 -1 -3 -5 6 4 2 0 -2 -4 -6 5 3 1 -1 -3 -5 6 4 2 0 -2 -4 -6 5 3 1 -1 -3 -5 6 4 2 0 -2 -4 -6 5 3 1 -1 -3 -5 6 4 2 0 -2 -4 -6 5 3 1 -1 -3 -5 6 4 2 0 -2 -4 -6 5 3 1 -1 -3 -5 6 4 2 0 -2 -4 -6 5 3 1 -1 -3 -5 6 4 2 0 -2 -4 -6 5 3 1 -1 -3 -5 6 4 2 0 -2 -4 -6 5 3 1 -1 -3 -5 6 4 2 0 -2 -4 -6 5 3 1 -1 -3 -5 6 4 2 0 -2 -4 -6 5 3 1 -1 -3 -5 6 4 2 0 -2 -4 -6 5 3 1 -1 -3 -5 6 4 2 0 -2 -4 -6 5 3 1 -1 -3 -5 6 4 2 0 -2 -4 -6 5 3 1 -1 -3 -5 6 4 2 0 -2 -4 -6 5 3 1 -1 -3 -5 6 4 2 0 -2 -4 -6 5 3 1 -1 -3 -5 6 4 2 0 -2 -4 -6 5 3 1 -1 -3 -5 6 4 2 0 -2 -4
0 -2 -4 -6 5 3 1 -1 -3 -5 6 4 2 0 -2 -4 -6 5 3 1 -1 -3 -5 6 4 2 0 -2 -4 -6 5 3 1 -1 -3 -5 6 4 2 0 -2 -4 -6 5 3 1 -1 -3 -5 6 4 2 0 -2 -4 -6 5 3 1 -1 -3 -5 6 4 2 0 -2 -4 -6 5 3 1 -1 -3 -5 6 4 2 0 -2 -4 -6 5 3 1 -1 -3 -5 6 4 2 0 -2 -4 -6 5 3 1 -1 -3 -5 6 4 2 0 -2 -4 -6 5 3 1 -1 -3 -5 6 4 2 0 -2 -4 -6 5 3 1 -1 -3 -5 6 4 2 0 -2 -4 -6 5 3 1 -1 -3 -5 6 4 2 0 -2 -4 -6 5 3 1 -1 -3 -5 6 4 2 0 -2 -4 -6 5 3 1 -1 -3 -5 6 4 2 0 -2 -4 -6 5 3 1 -1 -3 -5 6 4 2 0 -2 -4 -6 5 3 1 -1 -3 -5 6 4 2 0 -2 -4 -6 5 3 1 -1 -3 -5 6 4 2 0 -2 -4 -6 5 3 1 -1 -3 -5 6 4 2 0 -2 -4 -6 5 3 1 -1 -3 -5 6 4 2 0 -2 -4 -6 5 3 1 -1 -3 -5 6 4 2 0 -2 -4 -6 5 3 1 -1 -3 -5 6 4 2 0 -2 -4 -6 5 3 1 -1 -3 -5 6 4 2 0 -2 -4 -6 5 3 1 -1 -3 -5 6 4 2 0 -2 -4 -6 5 3 1 -1 -3 -5 6 4 2 0 -2 -4 -6 5 3 1 -1 -3 -5 6 4 2 0 -2 -4 -6 5 3 1 -1 -3 -5 6 4 2 0 -2 -4 -6 5 3 1 -1 -3 -5 6 4 2 0 -2 -4 -6 5 3 1 -1 -3 -5 6 4 2 0 -2 -4 -6 5 3 1 -1 -3 -5 6 4 2 0 -2 -4 -6 5 3 1 -1 -3 -5 6 4 2 0 -2 -4 -6 5 3 1 -1 -3 -5 6 4 2 0 -2 -4 -6 5 3 1 -1 -3 -5 6 4 2 0 -2 -4 -6 5 3 1 -1 -3 -5 6 4 2 0 -2 -4 -6 5 3 1 -1 -3 -5 6 4 2 0 -2 -4 -6 5 3 1 -1 -3 -5 6 4 2 0 -2 -4 -6 5 3 1 -1 -3 -5 6 4 2 0 -2 -4 -6 5 3 1 -1 -3 -5 6 4 2 0 -2 -4 -6 5 3 1 -1 -3 -5 6 4 2 0 -2 -4 -6 5 3 1 -1 -3 -5 6 4 2 0 -2 -4 -6 5 3
-6 5 3 1 -1 -3 -5 6 4 2 0 -2 -4 -6 5 3 1 -1 -3 -5 6 4 2 0 -2 -4 -6 5 3 1 -1 -3 -5 6 4 2 0 -2 -4 -6 5 3 1 -1 -3 -5 6 4 2 0 -2 -4 -6 5 3 1 -1 -3 -5 6 4 2 0 -2 -4 -6 5 3 1 -1 -3 -5 6 4 2 0 -2 -4 -6 5 3 1 -1 -3 -5 6 4 2 0 -2 -4 -6 5 3 1 -1 -3 -5 6 4 2 0 -2 -4 -6 5 3 1 -1 -3 -5 6 4 2 0 -2 -4 -6 5 3 1 -1 -3 -5 6 4 2 0 -2 -4 -6 5 3 1 -1 -3 -5 6 4 2 0 -2 -4 -6 5 3 1 -1 -3 -5 6 4 2 0 -2 -4 -6 5 3 1 -1 -3 -5 6 4 2 0 -2 -4 -6 5 3 1 -1 -3 -5 6 4 2 0 -2 -4 -6 5 3 1 -1 -3 -5 6 4 2 0 -2 -4 -6 5 3 1 -1 -3 -5 6 4 2 0 -2 -4 -6 5 3 1 -1 -3 -5 6 4 2 0 -2 -4 -6 5 3 1 -1 -3 -5 6 4 2 0 -2 -4 -6 5 3 1 -1 -3 -5 6 4 2 0 -2 -4 -6 5 3 1 -1 -3 -5 6 4 2 0 -2 -4 -6 5 3 1 -1 -3 -5 6 4 2 0 -2 -4 -6 5 3 1 -1 -3 -5 6 4 2 0 -2 -4 -6 5 3 1 -1 -3 -5 6 4 2 0 -2 -4 -6 5 3 1 -1 -3 -5 6 4 2 0 -2 -4 -6 5 3 1 -1 -3 -5 6 4 2 0 -2 -4 -6 5 3 1 -1 -3 -5 6 4 2 0 -2 -4 -6 5 3 1 -1 -3 -5 6 4 2 0 -2 -4 -6 5 3 1 -1 -3 -5 6 4 2 0 -2 -4 -6 5 3 1 -1 -3 -5 6 4 2 0 -2 -4 -6 5 3 1 -1 -3 -5 6 4 2 0 -2 -4 -6 5 3 1 -1 -3 -5 6 4 2 0 -2 -4 -6 5 3 1 -1 -3 -5 6 4 2 0 -2 -4 -6 5 3 1 -1 -3 -5 6 4 2 0 -2 -4 -6 5 3 1 -1 -3 -5 6 4 2 0 -2 -4 -6 5 3 1 -1 -3 -5 6 4 2 0 -2 -4 -6 5 3 1 -1 -3 -5 6 4 2 0 -2 -4 -6 5 3 1 -1 -3 -5 6 4 2 0 -2 -4 -6 5 3 1 -1 -3 -5 6 4 2 0 -2 -4 -6 5 3 1 -1 -3
1 -1 -3 -5 6 4 2 0 -2 -4 -6 5 3 1 -1 -3 -5 6 4 2 0 -2 -4 -6 5 3 1 -1 -3 -5 6 4 2 0 -2 -4 -6 5 3 1 -1 -3 -5 6 4 2 0 -2 -4 -6 5 3 1 -1 -3 -5 6 4 2 0 -2 -4 -6 5 3 1 -1 -3 -5 6 4 2 0 -2 -4 -6 5 3 1 -1 -3 -5 6 4 2 0 -2 -4 -6 5 3 1 -1 -3 -5 6 4 2 0 -2 -4 -6 5 3 1 -1 -3 -5 6 4 2 0 -2 -4 -6 5 3 1 -1 -3 -5 6 4 2 0 -2 -4 -6 5 3 1 -1 -3 -5 6 4 2 0 -2 -4 -6 5 3 1 -1 -3 -5 6 4 2 0 -2 -4 -6 5 3 1 -1 -3 -5 6 4 2 0 -2 -4 -6 5 3 1 -1 -3 -5 6 4 2 0 -2 -4 -6 5 3 1 -1 -3 -5 6 4 2 0 -2 -4 -6 5 3 1 -1 -3 -5 6 4 2 0 -2 -4 -6 5 3 1 -1 -3 -5 6 4 2 0 -2 -4 -6 5 3 1 -1 -3 -5 6 4 2 0 -2 -4 -6 5 3 1 -1 -3 -5 6 4 2 0 -2 -4 -6 5 3 1 -1 -3 -5 6 4 2 0 -2 -4 -6 5 3 1 -1 -3 -5 6 4 2 0 -2 -4 -6 5 3 1 -1 -3 -5 6 4 2 0 -2 -4 -6 5 3 1 -1 -3 -5 6 4 2 0 -2 -4 -6 5 3 1 -1 -3 -5 6 4 2 0 -2 -4 -6 5 3 1 -1 -3 -5 6 4 2 0 -2 -4 -6 5 3 1 -1 -3 -5 6 4 2 0 -2 -4 -6 5 3 1 -1 -3 -5 6 4 2 0 -2 -4 -6 5 3 1 -1 -3 -5 6 4 2 0 -2 -4 -6 5 3 1 -1 -3 -5 6 4 2 0 -2 -4 -6 5 3 1 -1 -3 -5 6 4 2 0 -2 -4 -6 5 3 1 -1 -3 -5 6 4 2 0 -2 -4 -6 5 3 1 -1 -3 -5 6 4 2 0 -2 -4 -6 5 3 1 -1 -3 -5 6 4 2 0 -2 -4 -6 5 3 1 -1 -3 -5 6 4 2 0 -2 -4 -6 5 3 1 -1 -3 -5 6 4 2 0 -2 -4 -6 5 3 1 -1 -3 -5 6 4 2 0 -2 -4 -6 5 3 1 -1 -3 -5 6 4 2 0 -2 -4 -6 5 3 1 -1 -3 -5 6 4 2 0 -2 -4 -6 5 3 1 -1 -3 -5 6 4
-5 6 4 2 0 -2 -4 -6 5 3 1 -1 -3 -5 6 4 2 0 -2 -4 -6 5 3 1 -1 -3 -5 6 4 2 0 -2 -4 -6 5 3 1 -1 -3 -5 6 4 2 0 -2 -4 -6 5 3 1 -1 -3 -5 6 4 2 0 -2 -4 -6 5 3 1 -1 -3 -5 6 4 2 0 -2 -4 -6 5 3 1 -1 -3 -5 6 4 2 0 -2 -4 -6 5 3 1 -1 -3 -5 6 4 2 0 -2 -4 -6 5 3 1 -1 -3 -5 6 4 2 0 -2 -4 -6 5 3 1 -1 -3 -5 6 4 2 0 -2 -4 -6 5 3 1 -1 -3 -5 6 4 2 0 -2 -4 -6 5 3 1 -1 -3 -5 6 4 2 0 -2 -4 -6 5 3 1 -1 -3 -5 6 4 2 0 -2 -4 -6 5 3 1 -1 -3 -5 6 4 2 0 -2 -4 -6 5 3 1 -1 -3 -5 6 4 2 0 -2 -4 -6 5 3 1 -1 -3 -5 6 4 2 0 -2 -4 -6 5 3 1 -1 -3 -5 6 4 2 0 -2 -4 -6 5 3 1 -1 -3 -5 6 4 2 0 -2 -4 -6 5 3 1 -1 -3 -5 6 4 2 0 -2 -4 -6 5 3 1 -1 -3 -5 6 4 2 0 -2 -4 -6 5 3 1 -1 -3 -5 6 4 2 0 -2 -4 -6 5 3 1 -1 -3 -5 6 4 2 0 -2 -4 -6 5 3 1 -1 -3 -5 6 4 2 0 -2 -4 -6 5 3 1 -1 -3 -5 6 4 2 0 -2 -4 -6 5 3 1 -1 -3 -5 6 4 2 0 -2 -4 -6 5 3 1 -1 -3 -5 6 4 2 0 -2 -4 -6 5 3 1 -1 -3 -5 6 4 2 0 -2 -4 -6 5 3 1 -1 -3 -5 6 4 2 0 -2 -4 -6 5 3 1 -1 -3 -5 6 4 2 0 -2 -4 -6 5 3 1 -1 -3 -5 6 4 2 0 -2 -4 -6 5 3 1 -1 -3 -5 6 4 2 0 -2 -4 -6 5 3 1 -1 -3 -5 6 4 2 0 -2 -4 -6 5 3 1 -1 -3 -5 6 4 2 0 -2 -4 -6 5 3 1 -1 -3 -5 6 4 2 0 -2 -4 -6 5 3 1 -1 -3 -5 6 4 2 0 -2 -4 -6 5 3 1 -1 -3 -5 6 4 2 0 -2 -4 -6 5 3 1 -1 -3 -5 6 4 2 0 -2 -4 -6 5 3 1 -1 -3 -5 6 4 2 0 -2 -4 -6 5 3 1 -1 -3 -5 6 4 2 0 -2
2 0 -2 -4 -6 5 3 1 -1 -3 -5 6 4 2 0 -2 -4 -6 5 3 1 -1 -3 -5 6 4 2 0 -2 -4 -6 5 3 1 -1 -3 -5 6 4 2 0 -2 -4 -6 5 3 1 -1 -3 -5 6 4 2 0 -2 -4 -6 5 3 1 -1 -3 -5 6 4 2 0 -2 -4 -6 5 3 1 -1 -3 -5 6 4 2 0 -2 -4 -6 5 3 1 -1 -3 -5 6 4 2 0 -2 -4 -6 5 3 1 -1 -3 -5 6 4 2 0 -2 -4 -6 5 3 1 -1 -3 -5 6 4 2 0 -2 -4 -6 5 3 1 -1 -3 -5 6 4 2 0 -2 -4 -6 5 3 1 -1 -3 -5 6 4 2 0 -2 -4 -6 5 3 1 -1 -3 -5 6 4 2 0 -2 -4 -6 5 3 1 -1 -3 -5 6 4 2 0 -2 -4 -6 5 3 1 -1 -3 -5 6 4 2 0 -2 -4 -6 5 3 1 -1 -3 -5 6 4 2 0 -2 -4 -6 5 3 1 -1 -3 -5 6 4 2 0 -2 -4 -6 5 3 1 -1 -3 -5 6 4 2 0 -2 -4 -6 5 3 1 -1 -3 -5 6 4 2 0 -2 -4 -6 5 3 1 -1 -3 -5 6 4 2 0 -2 -4 -6 5 3 1 -1 -3 -5 6 4 2 0 -2 -4 -6 5 3 1 -1 -3 -5 6 4 2 0 -2 -4 -6 5 3 1 -1 -3 -5 6 4 2 0 -2 -4 -6 5 3 1 -1 -3 -5 6 4 2 0 -2 -4 -6 5 3 1 -1 -3 -5 6 4 2 0 -2 -4 -6 5 3 1 -1 -3 -5 6 4 2 0 -2 -4 -6 5 3 1 -1 -3 -5 6 4 2 0 -2 -4 -6 5 3 1 -1 -3 -5 6 4 2 0 -2 -4 -6 5 3 1 -1 -3 -5 6 4 2 0 -2 -4 -6 5 3 1 -1 -3 -5 6 4 2 0 -2 -4 -6 5 3 1 -1 -3 -5 6 4 2 0 -2 -4 -6 5 3 1 -1 -3 -5 6 4 2 0 -2 -4 -6 5 3 1 -1 -3 -5 6 4 2 0 -2 -4 -6 5 3 1 -1 -3 -5 6 4 2 0 -2 -4 -6 5 3 1 -1 -3 -5 6 4 2 0 -2 -4 -6 5 3 1 -1 -3 -5 6 4 2 0 -2 -4 -6 5 3 1 -1 -3 -5 6 4 2 0 -2 -4 -6 5 3 1 -1 -3 -5 6 4 2 0 -2 -4 -6 5 3 1 -1 -3 -5 6 4 2 0 -2 -4 -6 5
-4 -6 5 3 1 -1 -3 -5 6 4 2 0 -2 -4 -6 5 3 1 -1 -3 -5 6 4 2 0 -2 -4 -6 5 3 1 -1 -3 -5 6 4 2 0 -2 -4 -6 5 3 1 -1 -3 -5 6 4 2 0 -2 -4 -6 5 3 1 -1 -3 -5 6 4 2 0 -2 -4 -6 5 3 1 -1 -3 -5 6 4 2 0 -2 -4 -6 5 3 1 -1 -3 -5 6 4 2 0 -2 -4 -6 5 3 1 -1 -3 -5 6 4 2 0 -2 -4 -6 5 3 1 -1 -3 -5 6 4 2 0 -2 -4 -6 5 3 1 -1 -3 -5 6 4 2 0 -2 -4 -6 5 3 1 -1 -3 -5 6 4 2 0 -2 -4 -6 5 3 1 -1 -3 -5 6 4 2 0 -2 -4 -6 5 3 1 -1 -3 -5 6 4 2 0 -2 -4 -6 5 3 1 -1 -3 -5 6 4 2 0 -2 -4 -6 5 3 1 -1 -3 -5 6 4 2 0 -2 -4 -6 5 3 1 -1 -3 -5 6 4 2 0 -2 -4 -6 5 3 1 -1 -3 -5 6 4 2 0 -2 -4 -6 5 3 1 -1 -3 -5 6 4 2 0 -2 -4 -6 5 3 1 -1 -3 -5 6 4 2 0 -2 -4 -6 5 3 1 -1 -3 -5 6 4 2 0 -2 -4 -6 5 3 1 -1 -3 -5 6 4 2 0 -2 -4 -6 5 3 1 -1 -3 -5 6 4 2 0 -2 -4 -6 5 3 1 -1 -3 -5 6 4 2 0 -2 -4 -6 5 3 1 -1 -3 -5 6 4 2 0 -2 -4 -6 5 3 1 -1 -3 -5 6 4 2 0 -2 -4 -6 5 3 1 -1 -3 -5 6 4 2 0 -2 -4 -6 5 3 1 -1 -3 -5 6 4 2 0 -2 -4 -6 5 3 1 -1 -3 -5 6 4 2 0 -2 -4 -6 5 3 1 -1 -3 -5 6 4 2 0 -2 -4 -6 5 3 1 -1 -3 -5 6 4 2 0 -2 -4 -6 5 3 1 -1 -3 -5 6 4 2 0 -2 -4 -6 5 3 1 -1 -3 -5 6 4 2 0 -2 -4 -6 5 3 1 -1 -3 -5 6 4 2 0 -2 -4 -6 5 3 1 -1 -3 -5 6 4 2 0 -2 -4 -6 5 3 1 -1 -3 -5 6 4 2 0 -2 -4 -6 5 3 1 -1 -3 -5 6 4 2 0 -2 -4 -6 5 3 1 -1 -3 -5 6 4 2 0 -2 -4 -6 5 3 1 -1 -3 -5 6 4 2 0 -2 -4 -6 5 3 1 -1
3 1 -1 -3 -5 6 4 2 0 -2 -4 -6 5 3 1 -1 -3 -5 6 4 2 0 -2 -4 -6 5 3 1 -1 -3 -5 6 4 2 0 -2 -4 -6 5 3 1 -1 -3 -5 6 4 2 0 -2 -4 -6 5 3 1 -1 -3 -5 6 4 2 0 -2 -4 -6 5 3 1 -1 -3 -5 6 4 2 0 -2 -4 -6 5 3 1 -1 -3 -5 6 4 2 0 -2 -4 -6 5 3 1 -1 -3 -5 6 4 2 0 -2 -4 -6 5 3 1 -1 -3 -5 6 4 2 0 -2 -4 -6 5 3 1 -1 -3 -5 6 4 2 0 -2 -4 -6 5 3 1 -1 -3 -5 6 4 2 0 -2 -4 -6 5 3 1 -1 -3 -5 6 4 2 0 -2 -4 -6 5 3 1 -1 -3 -5 6 4 2 0 -2 -4 -6 5 3 1 -1 -3 -5 6 4 2 0 -2 -4 -6 5 3 1 -1 -3 -5 6 4 2 0 -2 -4 -6 5 3 1 -1 -3 -5 6 4 2 0 -2 -4 -6 5 3 1 -1 -3 -5 6 4 2 0 -2 -4 -6 5 3 1 -1 -3 -5 6 4 2 0 -2 -4 -6 5 3 1 -1 -3 -5 6 4 2 0 -2 -4 -6 5 3 1 -1 -3 -5 6 4 2 0 -2 -4 -6 5 3 1 -1 -3 -5 6 4 2 0 -2 -4 -6 5 3 1 -1 -3 -5 6 4 2 0 -2 -4 -6 5 3 1 -1 -3 -5 6 4 2 0 -2 -4 -6 5 3 1 -1 -3 -5 6 4 2 0 -2 -4 -6 5 3 1 -1 -3 -5 6 4 2 0 -2 -4 -6 5 3 1 -1 -3 -5 6 4 2 0 -2 -4 -6 5 3 1 -1 -3 -5 6 4 2 0 -2 -4 -6 5 3 1 -1 -3 -5 6 4 2 0 -2 -4 -6 5 3 1 -1 -3 -5 6 4 2 0 -2 -4 -6 5 3 1 -1 -3 -5 6 4 2 0 -2 -4 -6 5 3 1 -1 -3 -5 6 4 2 0 -2 -4 -6 5 3 1 -1 -3 -5 6 4 2 0 -2 -4 -6 5 3 1 -1 -3 -5 6 4 2 0 -2 -4 -6 5 3 1 -1 -3 -5 6 4 2 0 -2 -4 -6 5 3 1 -1 -3 -5 6 4 2 0 -2 -4 -6 5 3 1 -1 -3 -5 6 4 2 0 -2 -4 -6 5 3 1 -1 -3 -5 6 4 2 0 -2 -4 -6 5 3 1 -1 -3 -5 6 4 2 0 -2 -4 -6 5 3 1 -1 -3 -5 6
-3 -5 6 4 2 0 -2 -4 -6 5 3 1 -1 -3 -5 6 4 2 0 -2 -4 -6 5 3 1 -1 -3 -5 6 4 2 0 -2 -4 -6 5 3 1 -1 -3 -5 6 4 2 0 -2 -4 -6 5 3 1 -1 -3 -5 6 4 2 0 -2 -4 -6 5 3 1 -1 -3 -5 6 4 2 0 -2 -4 -6 5 3 1 -1 -3 -5 6 4 2 0 -2 -4 -6 5 3 1 -1 -3 -5 6 4 2 0 -2 -4 -6 5 3 1 -1 -3 -5 6 4 2 0 -2 -4 -6 5 3 1 -1 -3 -5 6 4 2 0 -2 -4 -6 5 3 1 -1 -3 -5 6 4 2 0 -2 -4 -6 5 3 1 -1 -3 -5 6 4 2 0 -2 -4 -6 5 3 1 -1 -3 -5 6 4 2 0 -2 -4 -6 5 3 1 -1 -3 -5 6 4 2 0 -2 -4 -6 5 3 1 -1 -3 -5 6 4 2 0 -2 -4 -6 5 3 1 -1 -3 -5 6 4 2 0 -2 -4 -6 5 3 1 -1 -3 -5 6 4 2 0 -2 -4 -6 5 3 1 -1 -3 -5 6 4 2 0 -2 -4 -6 5 3 1 -1 -3 -5 6 4 2 0 -2 -4 -6 5 3 1 -1 -3 -5 6 4 2 0 -2 -4 -6 5 3 1 -1 -3 -5 6 4 2 0 -2 -4 -6 5 3 1 -1 -3 -5 6 4 2 0 -2 -4 -6 5 3 1 -1 -3 -5 6 4 2 0 -2 -4 -6 5 3 1 -1 -3 -5 6 4 2 0 -2 -4 -6 5 3 1 -1 -3 -5 6 4 2 0 -2 -4 -6 5 3 1 -1 -3 -5 6 4 2 0 -2 -4 -6 5 3 1 -1 -3 -5 6 4 2 0 -2 -4 -6 5 3 1 -1 -3 -5 6 4 2 0 -2 -4 -6 5 3 1 -1 -3 -5 6 4 2 0 -2 -4 -6 5 3 1 -1 -3 -5 6 4 2 0 -2 -4 -6 5 3 1 -1 -3 -5 6 4 2 0 -2 -4 -6 5 3 1 -1 -3 -5 6 4 2 0 -2 -4 -6 5 3 1 -1 -3 -5 6 4 2 0 -2 -4 -6 5 3 1 -1 -3 -5 6 4 2 0 -2 -4 -6 5 3 1 -1 -3 -5 6 4 2 0 -2 -4 -6 5 3 1 -1 -3 -5 6 4 2 0 -2 -4 -6 5 3 1 -1 -3 -5 6 4 2 0 -2 -4 -6 5 3 1 -1 -3 -5 6 4 2 0 -2 -4 -6 5 3 1 -1 -3 -5 6 4 2 0
4 2 0 -2 -4 -6 5 3 1 -1 -3 -5 6 4 2 0 -2 -4 -6 5 3 1 -1 -3 -5 6 4 2 0 -2 -4 -6 5 3 1 -1 -3 -5 6 4 2 0 -2 -4 -6 5 3 1 -1 -3 -5 6 4 2 0 -2 -4 -6 5 3 1 -1 -3 -5 6 4 2 0 -2 -4 -6 5 3 1 -1 -3 -5 6 4 2 0 -2 -4 -6 5 3 1 -1 -3 -5 6 4 2 0 -2 -4 -6 5 3 1 -1 -3 -5 6 4 2 0 -2 -4 -6 5 3 1 -1 -3 -5 6 4 2 0 -2 -4 -6 5 3 1 -1 -3 -5 6 4 2 0 -2 -4 -6 5 3 1 -1 -3 -5 6 4 2 0 -2 -4 -6 5 3 1 -1 -3 -5 6 4 2 0 -2 -4 -6 5 3 1 -1 -3 -5 6 4 2 0 -2 -4 -6 5 3 1 -1 -3 -5 6 4 2 0 -2 -4 -6 5 3 1 -1 -3 -5 6 4 2 0 -2 -4 -6 5 3 1 -1 -3 -5 6 4 2 0 -2 -4 -6 5 3 1 -1 -3 -5 6 4 2 0 -2 -4 -6 5 3 1 -1 -3 -5 6 4 2 0 -2 -4 -6 5 3 1 -1 -3 -5 6 4 2 0 -2 -4 -6 5 3 1 -1 -3 -5 6 4 2 0 -2 -4 -6 5 3 1 -1 -3 -5 6 4 2 0 -2 -4 -6 5 3 1 -1 -3 -5 6 4 2 0 -2 -4 -6 5 3 1 -1 -3 -5 6 4 2 0 -2 -4 -6 5 3 1 -1 -3 -5 6 4 2 0 -2 -4 -6 5 3 1 -1 -3 -5 6 4 2 0 -2 -4 -6 5 3 1 -1 -3 -5 6 4 2 0 -2 -4 -6 5 3 1 -1 -3 -5 6 4 2 0 -2 -4 -6 5 3 1 -1 -3 -5 6 4 2 0 -2 -4 -6 5 3 1 -1 -3 -5 6 4 2 0 -2 -4 -6 5 3 1 -1 -3 -5 6 4 2 0 -2 -4 -6 5 3 1 -1 -3 -5 6 4 2 0 -2 -4 -6 5 3 1 -1 -3 -5 6 4 2 0 -2 -4 -6 5 3 1 -1 -3 -5 6 4 2 0 -2 -4 -6 5 3 1 -1 -3 -5 6 4 2 0 -2 -4 -6 5 3 1 -1 -3 -5 6 4 2 0 -2 -4 -6 5 3 1 -1 -3 -5 6 4 2 0 -2 -4 -6 5 3 1 -1 -3 -5 6 4 2 0 -2 -4 -6 5 3 1 -1 -3 -5 6 4 2 0 -2 -4 -6
-2 -4 -6 5 3 1 -1 -3 -5 6 4 2 0 -2 -4 -6 5 3 1 -1 -3 -5 6 4 2 0 -2 -4 -6 5 3 1 -1 -3 -5 6 4 2 0 -2 -4 -6 5 3 1 -1 -3 -5 6 4 2 0 -2 -4 -6 5 3 1 -1 -3 -5 6 4 2 0 -2 -4 -6 5 3 1 -1 -3 -5 6 4 2 0 -2 -4 -6 5 3 1 -1 -3 -5 6 4 2 0 -2 -4 -6 5 3 1 -1 -3 -5 6 4 2 0 -2 -4 -6 5 3 1 -1 -3 -5 6 4 2 0 -2 -4 -6 5 3 1 -1 -3 -5 6 4 2 0 -2 -4 -6 5 3 1 -1 -3 -5 6 4 2 0 -2 -4 -6 5 3 1 -1 -3 -5 6 4 2 0 -2 -4 -6 5 3 1 -1 -3 -5 6 4 2 0 -2 -4 -6 5 3 1 -1 -3 -5 6 4 2 0 -2 -4 -6 5 3 1 -1 -3 -5 6 4 2 0 -2 -4 -6 5 3 1 -1 -3 -5 6 4 2 0 -2 -4 -6 5 3 1 -1 -3 -5 6 4 2 0 -2 -4 -6 5 3 1 -1 -3 -5 6 4 2 0 -2 -4 -6 5 3 1 -1 -3 -5 6 4 2 0 -2 -4 -6 5 3 1 -1 -3 -5 6 4 2 0 -2 -4 -6 5 3 1 -1 -3 -5 6 4 2 0 -2 -4 -6 5 3 1 -1 -3 -5 6 4 2 0 -2 -4 -6 5 3 1 -1 -3 -5 6 4 2 0 -2 -4 -6 5 3 1 -1 -3 -5 6 4 2 0 -2 -4 -6 5 3 1 -1 -3 -5 6 4 2 0 -2 -4 -6 5 3 1 -1 -3 -5 6 4 2 0 -2 -4 -6 5 3 1 -1 -3 -5 6 4 2 0 -2 -4 -6 5 3 1 -1 -3 -5 6 4 2 0 -2 -4 -6 5 3 1 -1 -3 -5 6 4 2 0 -2 -4 -6 5 3 1 -1 -3 -5 6 4 2 0 -2 -4 -6 5 3 1 -1 -3 -5 6 4 2 0 -2 -4 -6 5 3 1 -1 -3 -5 6 4 2 0 -2 -4 -6 5 3 1 -1 -3 -5 6 4 2 0 -2 -4 -6 5 3 1 -1 -3 -5 6 4 2 0 -2 -4 -6 5 3 1 -1 -3 -5 6 4 2 0 -2 -4 -6 5 3 1 -1 -3 -5 6 4 2 0 -2 -4 -6 5 3 1 -1 -3 -5 6 4 2 0 -2 -4 -6 5 3 1 -1 -3 -5 6 4 2 0 -2 -4 -6 5 3 1
5 3 1 -1 -3 -5 6 4 2 0 -2 -4 -6 5 3 1 -1 -3 -5 6 4 2 0 -2 -4 -6 5 3 1 -1 -3 -5 6 4 2 0 -2 -4 -6 5 3 1 -1 -3 -5 6 4 2 0 -2 -4 -6 5 3 1 -1 -3 -5 6 4 2 0 -2 -4 -6 5 3 1 -1 -3 -5 6 4 2 0 -2 -4 -6 5 3 1 -1 -3 -5 6 4 2 0 -2 -4 -6 5 3 1 -1 -3 -5 6 4 2 0 -2 -4 -6 5 3 1 -1 -3 -5 6 4 2 0 -2 -4 -6 5 3 1 -1 -3 -5 6 4 2 0 -2 -4 -6 5 3 1 -1 -3 -5 6 4 2 0 -2 -4 -6 5 3 1 -1 -3 -5 6 4 2 0 -2 -4 -6 5 3 1 -1 -3 -5 6 4 2 0 -2 -4 -6 5 3 1 -1 -3 -5 6 4 2 0 -2 -4 -6 5 3 1 -1 -3 -5 6 4 2 0 -2 -4 -6 5 3 1 -1 -3 -5 6 4 2 0 -2 -4 -6 5 3 1 -1 -3 -5 6 4 2 0 -2 -4 -6 5 3 1 -1 -3 -5 6 4 2 0 -2 -4 -6 5 3 1 -1 -3 -5 6 4 2 0 -2 -4 -6 5 3 1 -1 -3 -5 6 4 2 0 -2 -4 -6 5 3 1 -1 -3 -5 6 4 2 0 -2 -4 -6 5 3 1 -1 -3 -5 6 4 2 0 -2 -4 -6 5 3 1 -1 -3 -5 6 4 2 0 -2 -4 -6 5 3 1 -1 -3 -5 6 4 2 0 -2 -4 -6 5 3 1 -1 -3 -5 6 4 2 0 -2 -4 -6 5 3 1 -1 -3 -5 6 4 2 0 -2 -4 -6 5 3 1 -1 -3 -5 6 4 2 0 -2 -4 -6 5 3 1 -1 -3 -5 6 4 2 0 -2 -4 -6 5 3 1 -1 -3 -5 6 4 2 0 -2 -4 -6 5 3 1 -1 -3 -5 6 4 2 0 -2 -4 -6 5 3 1 -1 -3 -5 6 4 2 0 -2 -4 -6 5 3 1 -1 -3 -5 6 4 2 0 -2 -4 -6 5 3 1 -1 -3 -5 6 4 2 0 -2 -4 -6 5 3 1 -1 -3 -5 6 4 2 0 -2 -4 -6 5 3 1 -1 -3 -5 6 4 2 0 -2 -4 -6 5 3 1 -1 -3 -5 6 4 2 0 -2 -4 -6 5 3 1 -1 -3 -5 6 4 2 0 -2 -4 -6 5 3 1 -1 -3 -5 6 4 2 0 -2 -4 -6 5 3 1 -1 -3 -5
-1 -3 -5 6 4 2 0 -2 -4 -6 5 3 1 -1 -3 -5 6 4 2 0 -2 -4 -6 5 3 1 -1 -3 -5 6 4 2 0 -2 -4 -6 5 3 1 -1 -3 -5 6 4 2 0 -2 -4 -6 5 3 1 -1 -3 -5 6 4 2 0 -2 -4 -6 5 3 1 -1 -3 -5 6 4 2 0 -2 -4 -6 5 3 1 -1 -3 -5 6 4 2 0 -2 -4 -6 5 3 1 -1 -3 -5 6 4 2 0 -2 -4 -6 5 3 1 -1 -3 -5 6 4 2 0 -2 -4 -6 5 3 1 -1 -3 -5 6 4 2 0 -2 -4 -6 5 3 1 -1 -3 -5 6 4 2 0 -2 -4 -6 5 3 1 -1 -3 -5 6 4 2 0 -2 -4 -6 5 3 1 -1 -3 -5 6 4 2 0 -2 -4 -6 5 3 1 -1 -3 -5 6 4 2 0 -2 -4 -6 5 3 1 -1 -3 -5 6 4 2 0 -2 -4 -6 5 3 1 -1 -3 -5 6 4 2 0 -2 -4 -6 5 3 1 -1 -3 -5 6 4 2 0 -2 -4 -6 5 3 1 -1 -3 -5 6 4 2 0 -2 -4 -6 5 3 1 -1 -3 -5 6 4 2 0 -2 -4 -6 5 3 1 -1 -3 -5 6 4 2 0 -2 -4 -6 5 3 1 -1 -3 -5 6 4 2 0 -2 -4 -6 5 3 1 -1 -3 -5 6 4 2 0 -2 -4 -6 5 3 1 -1 -3 -5 6 4 2 0 -2 -4 -6 5 3 1 -1 -3 -5 6 4 2 0 -2 -4 -6 5 3 1 -1 -3 -5 6 4 2 0 -2 -4 -6 5 3 1 -1 -3 -5 6 4 2 0 -2 -4 -6 5 3 1 -1 -3 -5 6 4 2 0 -2 -4 -6 5 3 1 -1 -3 -5 6 4 2 0 -2 -4 -6 5 3 1 -1 -3 -5 6 4 2 0 -2 -4 -6 5 3 1 -1 -3 -5 6 4 2 0 -2 -4 -6 5 3 1 -1 -3 -5 6 4 2 0 -2 -4 -6 5 3 1 -1 -3 -5 6 4 2 0 -2 -4 -6 5 3 1 -1 -3 -5 6 4 2 0 -2 -4 -6 5 3 1 -1 -3 -5 6 4 2 0 -2 -4 -6 5 3 1 -1 -3 -5 6 4 2 0 -2 -4 -6 5 3 1 -1 -3 -5 6 4 2 0 -2 -4 -6 5 3 1 -1 -3 -5 6 4 2 0 -2 -4 -6 5 3 1 -1 -3 -5 6 4 2 0 -2 -4 -6 5 3 1 -1 -3 -5 6 4 2
6 4 2 0 -2 -4 -6 5 3 1 -1 -3 -5 6 4 2 0 -2 -4 -6 5 3 1 -1 -3 -5 6 4 2 0 -2 -4 -6 5 3 1 -1 -3 -5 6 4 2 0 -2 -4 -6 5 3 1 -1 -3 -5 6 4 2 0 -2 -4 -6 5 3 1 -1 -3 -5 6 4 2 0 -2 -4 -6 5 3 1 -1 -3 -5 6 4 2 0 -2 -4 -6 5 3 1 -1 -3 -5 6 4 2 0 -2 -4 -6 5 3 1 -1 -3 -5 6 4 2 0 -2 -4 -6 5 3 1 -1 -3 -5 6 4 2 0 -2 -4 -6 5 3 1 -1 -3 -5 6 4 2 0 -2 -4 -6 5 3 1 -1 -3 -5 6 4 2 0 -2 -4 -6 5 3 1 -1 -3 -5 6 4 2 0 -2 -4 -6 5 3 1 -1 -3 -5 6 4 2 0 -2 -4 -6 5 3 1 -1 -3 -5 6 4 2 0 -2 -4 -6 5 3 1 -1 -3 -5 6 4 2 0 -2 -4 -6 5 3 1 -1 -3 -5 6 4 2 0 -2 -4 -6 5 3 1 -1 -3 -5 6 4 2 0 -2 -4 -6 5 3 1 -1 -3 -5 6 4 2 0 -2 -4 -6 5 3 1 -1 -3 -5 6 4 2 0 -2 -4 -6 5 3 1 -1 -3 -5 6 4 2 0 -2 -4 -6 5 3 1 -1 -3 -5 6 4 2 0 -2 -4 -6 5 3 1 -1 -3 -5 6 4 2 0 -2 -4 -6 5 3 1 -1 -3 -5 6 4 2 0 -2 -4 -6 5 3 1 -1 -3 -5 6 4 2 0 -2 -4 -6 5 3 1 -1 -3 -5 6 4 2 0 -2 -4 -6 5 3 1 -1 -3 -5 6 4 2 0 -2 -4 -6 5 3 1 -1 -3 -5 6 4 2 0 -2 -4 -6 5 3 1 -1 -3 -5 6 4 2 0 -2 -4 -6 5 3 1 -1 -3 -5 6 4 2 0 -2 -4 -6 5 3 1 -1 -3 -5 6 4 2 0 -2 -4 -6 5 3 1 -1 -3 -5 6 4 2 0 -2 -4 -6 5 3 1 -1 -3 -5 6 4 2 0 -2 -4 -6 5 3 1 -1 -3 -5 6 4 2 0 -2 -4 -6 5 3 1 -1 -3 -5 6 4 2 0 -2 -4 -6 5 3 1 -1 -3 -5 6 4 2 0 -2 -4 -6 5 3 1 -1 -3 -5 6 4 2 0 -2 -4 -6 5 3 1 -1 -3 -5 6 4 2 0 -2 -4 -6 5 3 1 -1 -3 -5 6 4 2 0 -2 -4
0 -2 -4 -6 5 3 1 -1 -3 -5 6 4 2 0 -2 -4 -6 5 3 1 -1 -3 -5 6 4 2 0 -2 -4 -6 5 3 1 -1 -3 -5 6 4 2 0 -2 -4 -6 5 3 1 -1 -3 -5 6 4 2 0 -2 -4 -6 5 3 1 -1 -3 -5 6 4 2 0 -2 -4 -6 5 3 1 -1 -3 -5 6 4 2 0 -2 -4 -6 5 3 1 -1 -3 -5 6 4 2 0 -2 -4 -6 5 3 1 -1 -3 -5 6 4 2 0 -2 -4 -6 5 3 1 -1 -3 -5 6 4 2 0 -2 -4 -6 5 3 1 -1 -3 -5 6 4 2 0 -2 -4 -6 5 3 1 -1 -3 -5 6 4 2 0 -2 -4 -6 5 3 1 -1 -3 -5 6 4 2 0 -2 -4 -6 5 3 1 -1 -3 -5 6 4 2 0 -2 -4 -6 5 3 1 -1 -3 -5 6 4 2 0 -2 -4 -6 5 3 1 -1 -3 -5 6 4 2 0 -2 -4 -6 5 3 1 -1 -3 -5 6 4 2 0 -2 -4 -6 5 3 1 -1 -3 -5 6 4 2 0 -2 -4 -6 5 3 1 -1 -3 -5 6 4 2 0 -2 -4 -6 5 3 1 -1 -3 -5 6 4 2 0 -2 -4 -6 5 3 1 -1 -3 -5 6 4 2 0 -2 -4 -6 5 3 1 -1 -3 -5 6 4 2 0 -2 -4 -6 5 3 1 -1 -3 -5 6 4 2 0 -2 -4 -6 5 3 1 -1 -3 -5 6 4 2 0 -2 -4 -6 5 3 1 -1 -3 -5 6 4 2 0 -2 -4 -6 5 3 1 -1 -3 -5 6 4 2 0 -2 -4 -6 5 3 1 -1 -3 -5 6 4 2 0 -2 -4 -6 5 3 1 -1 -3 -5 6 4 2 0 -2 -4 -6 5 3 1 -1 -3 -5 6 4 2 0 -2 -4 -6 5 3 1 -1 -3 -5 6 4 2 0 -2 -4 -6 5 3 1 -1 -3 -5 6 4 2 0 -2 -4 -6 5 3 1 -1 -3 -5 6 4 2 0 -2 -4 -6 5 3 1 -1 -3 -5 6 4 2 0 -2 -4 -6 5 3 1 -1 -3 -5 6 4 2 0 -2 -4 -6 5 3 1 -1 -3 -5 6 4 2 0 -2 -4 -6 5 3 1 -1 -3 -5 6 4 2 0 -2 -4 -6 5 3 1 -1 -3 -5 6 4 2 0 -2 -4 -6 5 3 1 -1 -3 -5 6 4 2 0 -2 -4 -6 5 3 1 -1 -3 -5 6 4 2 0 -2 -4 -6 5 3
-6 5 3 1 -1 -3 -5 6 4 2 0 -2 -4 -6 5 3 1 -1 -3 -5 6 4 2 0 -2 -4 -6 5 3 1 -1 -3 -5 6 4 2 0 -2 -4 -6 5 3 1 -1 -3 -5 6 4 2 0 -2 -4 -6 5 3 1 -1 -3 -5 6 4 2 0 -2 -4 -6 5 3 1 -1 -3 -5 6 4 2 0 -2 -4 -6 5 3 1 -1 -3 -5 6 4 2 0 -2 -4 -6 5 3 1 -1 -3 -5 6 4 2 0 -2 -4 -6 5 3 1 -1 -3 -5 6 4 2 0 -2 -4 -6 5 3 1 -1 -3 -5 6 4 2 0 -2 -4 -6 5 3 1 -1 -3 -5 6 4 2 0 -2 -4 -6 5 3 1 -1 -3 -5 6 4 2 0 -2 -4 -6 5 3 1 -1 -3 -5 6 4 2 0 -2 -4 -6 5 3 1 -1 -3 -5 6 4 2 0 -2 -4 -6 5 3 1 -1 -3 -5 6 4 2 0 -2 -4 -6 5 3 1 -1 -3 -5 6 4 2 0 -2 -4 -6 5 3 1 -1 -3 -5 6 4 2 0 -2 -4 -6 5 3 1 -1 -3 -5 6 4 2 0 -2 -4 -6 5 3 1 -1 -3 -5 6 4 2 0 -2 -4 -6 5 3 1 -1 -3 -5 6 4 2 0 -2 -4 -6 5 3 1 -1 -3 -5 6 4 2 0 -2 -4 -6 5 3 1 -1 -3 -5 6 4 2 0 -2 -4 -6 5 3 1 -1 -3 -5 6 4 2 0 -2 -4 -6 5 3 1 -1 -3 -5 6 4 2 0 -2 -4 -6 5 3 1 -1 -3 -5 6 4 2 0 -2 -4 -6 5 3 1 -1 -3 -5 6 4 2 0 -2 -4 -6 5 3 1 -1 -3 -5 6 4 2 0 -2 -4 -6 5 3 1 -1 -3 -5 6 4 2 0 -2 -4 -6 5 3 1 -1 -3 -5 6 4 2 0 -2 -4 -6 5 3 1 -1 -3 -5 6 4 2 0 -2 -4 -6 5 3 1 -1 -3 -5 6 4 2 0 -2 -4 -6 5 3 1 -1 -3 -5 6 4 2 0 -2 -4 -6 5 3 1 -1 -3 -5 6 4 2 0 -2 -4 -6 5 3 1 -1 -3 -5 6 4 2 0 -2 -4 -6 5 3 1 -1 -3 -5 6 4 2 0 -2 -4 -6 5 3 1 -1 -3 -5 6 4 2 0 -2 -4 -6 5 3 1 -1 -3 -5 6 4 2 0 -2 -4 -6 5 3 1 -1 -3 -5 6 4 2 0 -2 -4 -6 5 3 1 -1 -3
1 -1 -3 -5 6 4 2 0 -2 -4 -6 5 3 1 -1 -3 -5 6 4 2 0 -2 -4 -6 5 3 1 -1 -3 -5 6 4 2 0 -2 -4 -6 5 3 1 -1 -3 -5 6 4 2 0 -2 -4 -6 5 3 1 -1 -3 -5 6 4 2 0 -2 -4 -6 5 3 1 -1 -3 -5 6 4 2 0 -2 -4 -6 5 3 1 -1 -3 -5 6 4 2 0 -2 -4 -6 5 3 1 -1 -3 -5 6 4 2 0 -2 -4 -6 5 3 1 -1 -3 -5 6 4 2 0 -2 -4 -6 5 3 1 -1 -3 -5 6 4 2 0 -2 -4 -6 5 3 1 -1 -3 -5 6 4 2 0 -2 -4 -6 5 3 1 -1 -3 -5 6 4 2 0 -2 -4 -6 5 3 1 -1 -3 -5 6 4 2 0 -2 -4 -6 5 3 1 -1 -3 -5 6 4 2 0 -2 -4 -6 5 3 1 -1 -3 -5 6 4 2 0 -2 -4 -6 5 3 1 -1 -3 -5 6 4 2 0 -2 -4 -6 5 3 1 -1 -3 -5 6 4 2 0 -2 -4 -6 5 3 1 -1 -3 -5 6 4 2 0 -2 -4 -6 5 3 1 -1 -3 -5 6 4 2 0 -2 -4 -6 5 3 1 -1 -3 -5 6 4 2 0 -2 -4 -6 5 3 1 -1 -3 -5 6 4 2 0 -2 -4 -6 5 3 1 -1 -3 -5 6 4 2 0 -2 -4 -6 5 3 1 -1 -3 -5 6 4 2 0 -2 -4 -6 5 3 1 -1 -3 -5 6 4 2 0 -2 -4 -6 5 3 1 -1 -3 -5 6 4 2 0 -2 -4 -6 5 3 1 -1 -3 -5 6 4 2 0 -2 -4 -6 5 3 1 -1 -3 -5 6 4 2 0 -2 -4 -6 5 3 1 -1 -3 -5 6 4 2 0 -2 -4 -6 5 3 1 -1 -3 -5 6 4 2 0 -2 -4 -6 5 3 1 -1 -3 -5 6 4 2 0 -2 -4 -6 5 3 1 -1 -3 -5 6 4 2 0 -2 -4 -6 5 3 1 -1 -3 -5 6 4 2 0 -2 -4 -6 5 3 1 -1 -3 -5 6 4 2 0 -2 -4 -6 5 3 1 -1 -3 -5 6 4 2 0 -2 -4 -6 5 3 1 -1 -3 -5 6 4 2 0 -2 -4 -6 5 3 1 -1 -3 -5 6 4 2 0 -2 -4 -6 5 3 1 -1 -3 -5 6 4 2 0 -2 -4 -6 5 3 1 -1 -3 -5 6 4 2 0 -2 -4 -6 5 3 1 -1 -3 -5 6 4
-5 6 4 2 0 -2 -4 -6 5 3 1 -1 -3 -5 6 4 2 0 -2 -4 -6 5 3 1 -1 -3 -5 6 4 2 0 -2 -4 -6 5 3 1 -1 -3 -5 6 4 2 0 -2 -4 -6 5 3 1 -1 -3 -5 6 4 2 0 -2 -4 -6 5 3 1 -1 -3 -5 6 4 2 0 -2 -4 -6 5 3 1 -1 -3 -5 6 4 2 0 -2 -4 -6 5 3 1 -1 -3 -5 6 4 2 0 -2 -4 -6 5 3 1 -1 -3 -5 6 4 2 0 -2 -4 -6 5 3 1 -1 -3 -5 6 4 2 0 -2 -4 -6 5 3 1 -1 -3 -5 6 4 2 0 -2 -4 -6 5 3 1 -1 -3 -5 6 4 2 0 -2 -4 -6 5 3 1 -1 -3 -5 6 4 2 0 -2 -4 -6 5 3 1 -1 -3 -5 6 4 2 0 -2 -4 -6 5 3 1 -1 -3 -5 6 4 2 0 -2 -4 -6 5 3 1 -1 -3 -5 6 4 2 0 -2 -4 -6 5 3 1 -1 -3 -5 6 4 2 0 -2 -4 -6 5 3 1 -1 -3 -5 6 4 2 0 -2 -4 -6 5 3 1 -1 -3 -5 6 4 2 0 -2 -4 -6 5 3 1 -1 -3 -5 6 4 2 0 -2 -4 -6 5 3 1 -1 -3 -5 6 4 2 0 -2 -4 -6 5 3 1 -1 -3 -5 6 4 2 0 -2 -4 -6 5 3 1 -1 -3 -5 6 4 2 0 -2 -4 -6 5 3 1 -1 -3 -5 6 4 2 0 -2 -4 -6 5 3 1 -1 -3 -5 6 4 2 0 -2 -4 -6 5 3 1 -1 -3 -5 6 4 2 0 -2 -4 -6 5 3 1 -1 -3 -5 6 4 2 0 -2 -4 -6 5 3 1 -1 -3 -5 6 4 2 0 -2 -4 -6 5 3 1 -1 -3 -5 6 4 2 0 -2 -4 -6 5 3 1 -1 -3 -5 6 4 2 0 -2 -4 -6 5 3 1 -1 -3 -5 6 4 2 0 -2 -4 -6 5 3 1 -1 -3 -5 6 4 2 0 -2 -4 -6 5 3 1 -1 -3 -5 6 4 2 0 -2 -4 -6 5 3 1 -1 -3 -5 6 4 2 0 -2 -4 -6 5 3 1 -1 -3 -5 6 4 2 0 -2 -4 -6 5 3 1 -1 -3 -5 6 4 2 0 -2 -4 -6 5 3 1 -1 -3 -5 6 4 2 0 -2 -4 -6 5 3 1 -1 -3 -5 6 4 2 0 -2 -4 -6 5 3 1 -1 -3 -5 6 4 2 0 -2
2 0 -2 -4 -6 5 3 1 -1 -3 -5 6 4 2 0 -2 -4 -6 5 3 1 -1 -3 -5 6 4 2 0 -2 -4 -6 5 3 1 -1 -3 -5 6 4 2 0 -2 -4 -6 5 3 1 -1 -3 -5 6 4 2 0 -2 -4 -6 5 3 1 -1 -3 -5 6 4 2 0 -2 -4 -6 5 3 1 -1 -3 -5 6 4 2 0 -2 -4 -6 5 3 1 -1 -3 -5 6 4 2 0 -2 -4 -6 5 3 1 -1 -3 -5 6 4 2 0 -2 -4 -6 5 3 1 -1 -3 -5 6 4 2 0 -2 -4 -6 5 3 1 -1 -3 -5 6 4 2 0 -2 -4 -6 5 3 1 -1 -3 -5 6 4 2 0 -2 -4 -6 5 3 1 -1 -3 -5 6 4 2 0 -2 -4 -6 5 3 1 -1 -3 -5 6 4 2 0 -2 -4 -6 5 3 1 -1 -3 -5 6 4 2 0 -2 -4 -6 5 3 1 -1 -3 -5 6 4 2 0 -2 -4 -6 5 3 1 -1 -3 -5 6 4 2 0 -2 -4 -6 5 3 1 -1 -3 -5 6 4 2 0 -2 -4 -6 5 3 1 -1 -3 -5 6 4 2 0 -2 -4 -6 5 3 1 -1 -3 -5 6 4 2 0 -2 -4 -6 5 3 1 -1 -3 -5 6 4 2 0 -2 -4 -6 5 3 1 -1 -3 -5 6 4 2 0 -2 -4 -6 5 3 1 -1 -3 -5 6 4 2 0 -2 -4 -6 5 3 1 -1 -3 -5 6 4 2 0 -2 -4 -6 5 3 1 -1 -3 -5 6 4 2 0 -2 -4 -6 5 3 1 -1 -3 -5 6 4 2 0 -2 -4 -6 5 3 1 -1 -3 -5 6 4 2 0 -2 -4 -6 5 3 1 -1 -3 -5 6 4 2 0 -2 -4 -6 5 3 1 -1 -3 -5 6 4 2 0 -2 -4 -6 5 3 1 -1 -3 -5 6 4 2 0 -2 -4 -6 5 3 1 -1 -3 -5 6 4 2 0 -2 -4 -6 5 3 1 -1 -3 -5 6 4 2 0 -2 -4 -6 5 3 1 -1 -3 -5 6 4 2 0 -2 -4 -6 5 3 1 -1 -3 -5 6 4 2 0 -2 -4 -6 5 3 1 -1 -3 -5 6 4 2 0 -2 -4 -6 5 3 1 -1 -3 -5 6 4 2 0 -2 -4 -6 5 3 1 -1 -3 -5 6 4 2 0 -2 -4 -6 5 3 1 -1 -3 -5 6 4 2 0 -2 -4 -6 5 3 1 -1 -3 -5 6 4 2 0 -2 -4 -6 5
-4 -6 5 3 1 -1 -3 -5 6 4 2 0 -2 -4 -6 5 3 1 -1 -3 -5 6 4 2 0 -2 -4 -6 5 3 1 -1 -3 -5 6 4 2 0 -2 -4 -6 5 3 1 -1 -3 -5 6 4 2 0 -2 -4 -6 5 3 1 -1 -3 -5 6 4 2 0 -2 -4 -6 5 3 1 -1 -3 -5 6 4 2 0 -2 -4 -6 5 3 1 -1 -3 -5 6 4 2 0 -2 -4 -6 5 3 1 -1 -3 -5 6 4 2 0 -2 -4 -6 5 3 1 -1 -3 -5 6 4 2 0 -2 -4 -6 5 3 1 -1 -3 -5 6 4 2 0 -2 -4 -6 5 3 1 -1 -3 -5 6 4 2 0 -2 -4 -6 5 3 1 -1 -3 -5 6 4 2 0 -2 -4 -6 5 3 1 -1 -3 -5 6 4 2 0 -2 -4 -6 5 3 1 -1 -3 -5 6 4 2 0 -2 -4 -6 5 3 1 -1 -3 -5 6 4 2 0 -2 -4 -6 5 3 1 -1 -3 -5 6 4 2 0 -2 -4 -6 5 3 1 -1 -3 -5 6 4 2 0 -2 -4 -6 5 3 1 -1 -3 -5 6 4 2 0 -2 -4 -6 5 3 1 -1 -3 -5 6 4 2 0 -2 -4 -6 5 3 1 -1 -3 -5 6 4 2 0 -2 -4 -6 5 3 1 -1 -3 -5 6 4 2 0 -2 -4 -6 5 3 1 -1 -3 -5 6 4 2 0 -2 -4 -6 5 3 1 -1 -3 -5 6 4 2 0 -2 -4 -6 5 3 1 -1 -3 -5 6 4 2 0 -2 -4 -6 5 3 1 -1 -3 -5 6 4 2 0 -2 -4 -6 5 3 1 -1 -3 -5 6 4 2 0 -2 -4 -6 5 3 1 -1 -3 -5 6 4 2 0 -2 -4 -6 5 3 1 -1 -3 -5 6 4 2 0 -2 -4 -6 5 3 1 -1 -3 -5 6 4 2 0 -2 -4 -6 5 3 1 -1 -3 -5 6 4 2 0 -2 -4 -6 5 3 1 -1 -3 -5 6 4 2 0 -2 -4 -6 5 3 1 -1 -3 -5 6 4 2 0 -2 -4 -6 5 3 1 -1 -3 -5 6 4 2 0 -2 -4 -6 5 3 1 -1 -3 -5 6 4 2 0 -2 -4 -6 5 3 1 -1 -3 -5 6 4 2 0 -2 -4 -6 5 3 1 -1 -3 -5 6 4 2 0 -2 -4 -6 5 3 1 -1 -3 -5 6 4 2 0 -2 -4 -6 5 3 1 -1 -3 -5 6 4 2 0 -2 -4 -6 5 3 1 -1
3 1 -1 -3 -5 6 4 2 0 -2 -4 -6 5 3 1 -1 -3 -5 6 4 2 0 -2 -4 -6 5 3 1 -1 -3 -5 6 4 2 0 -2 -4 -6 5 3 1 -1 -3 -5 6 4 2 0 -2 -4 -6 5 3 1 -1 -3 -5 6 4 2 0 -2 -4 -6 5 3 1 -1 -3 -5 6 4 2 0 -2 -4 -6 5 3 1 -1 -3 -5 6 4 2 0 -2 -4 -6 5 3 1 -1 -3 -5 6 4 2 0 -2 -4 -6 5 3 1 -1 -3 -5 6 4 2 0 -2 -4 -6 5 3 1 -1 -3 -5 6 4 2 0 -2 -4 -6 5 3 1 -1 -3 -5 6 4 2 0 -2 -4 -6 5 3 1 -1 -3 -5 6 4 2 0 -2 -4 -6 5 3 1 -1 -3 -5 6 4 2 0 -2 -4 -6 5 3 1 -1 -3 -5 6 4 2 0 -2 -4 -6 5 3 1 -1 -3 -5 6 4 2 0 -2 -4 -6 5 3 1 -1 -3 -5 6 4 2 0 -2 -4 -6 5 3 1 -1 -3 -5 6 4 2 0 -2 -4 -6 5 3 1 -1 -3 -5 6 4 2 0 -2 -4 -6 5 3 1 -1 -3 -5 6 4 2 0 -2 -4 -6 5 3 1 -1 -3 -5 6 4 2 0 -2 -4 -6 5 3 1 -1 -3 -5 6 4 2 0 -2 -4 -6 5 3 1 -1 -3 -5 6 4 2 0 -2 -4 -6 5 3 1 -1 -3 -5 6 4 2 0 -2 -4 -6 5 3 1 -1 -3 -5 6 4 2 0 -2 -4 -6 5 3 1 -1 -3 -5 6 4 2 0 -2 -4 -6 5 3 1 -1 -3 -5 6 4 2 0 -2 -4 -6 5 3 1 -1 -3 -5 6 4 2 0 -2 -4 -6 5 3 1 -1 -3 -5 6 4 2 0 -2 -4 -6 5 3 1 -1 -3 -5 6 4 2 0 -2 -4 -6 5 3 1 -1 -3 -5 6 4 2 0 -2 -4 -6 5 3 1 -1 -3 -5 6 4 2 0 -2 -4 -6 5 3 1 -1 -3 -5 6 4 2 0 -2 -4 -6 5 3 1 -1 -3 -5 6 4 2 0 -2 -4 -6 5 3 1 -1 -3 -5 6 4 2 0 -2 -4 -6 5 3 1 -1 -3 -5 6 4 2 0 -2 -4 -6 5 3 1 -1 -3 -5 6 4 2 0 -2 -4 -6 5 3 1 -1 -3 -5 6 4 2 0 -2 -4 -6 5 3 1 -1 -3 -5 6 4 2 0 -2 -4 -6 5 3 1 -1 -3 -5 6
-3 -5 6 4 2 0 -2 -4 -6 5 3 1 -1 -3 -5 6 4 2 0 -2 -4 -6 5 3 1 -1 -3 -5 6 4 2 0 -2 -4 -6 5 3 1 -1 -3 -5 6 4 2 0 -2 -4 -6 5 3 1 -1 -3 -5 6 4 2 0 -2 -4 -6 5 3 1 -1 -3 -5 6 4 2 0 -2 -4 -6 5 3 1 -1 -3 -5 6 4 2 0 -2 -4 -6 5 3 1 -1 -3 -5 6 4 2 0 -2 -4 -6 5 3 1 -1 -3 -5 6 4 2 0 -2 -4 -6 5 3 1 -1 -3 -5 6 4 2 0 -2 -4 -6 5 3 1 -1 -3 -5 6 4 2 0 -2 -4 -6 5 3 1 -1 -3 -5 6 4 2 0 -2 -4 -6 5 3 1 -1 -3 -5 6 4 2 0 -2 -4 -6 5 3 1 -1 -3 -5 6 4 2 0 -2 -4 -6 5 3 1 -1 -3 -5 6 4 2 0 -2 -4 -6 5 3 1 -1 -3 -5 6 4 2 0 -2 -4 -6 5 3 1 -1 -3 -5 6 4 2 0 -2 -4 -6 5 3 1 -1 -3 -5 6 4 2 0 -2 -4 -6 5 3 1 -1 -3 -5 6 4 2 0 -2 -4 -6 5 3 1 -1 -3 -5 6 4 2 0 -2 -4 -6 5 3 1 -1 -3 -5 6 4 2 0 -2 -4 -6 5 3 1 -1 -3 -5 6 4 2 0 -2 -4 -6 5 3 1 -1 -3 -5 6 4 2 0 -2 -4 -6 5 3 1 -1 -3 -5 6 4 2 0 -2 -4 -6 5 3 1 -1 -3 -5 6 4 2 0 -2 -4 -6 5 3 1 -1 -3 -5 6 4 2 0 -2 -4 -6 5 3 1 -1 -3 -5 6 4 2 0 -2 -4 -6 5 3 1 -1 -3 -5 6 4 2 0 -2 -4 -6 5 3 1 -1 -3 -5 6 4 2 0 -2 -4 -6 5 3 1 -1 -3 -5 6 4 2 0 -2 -4 -6 5 3 1 -1 -3 -5 6 4 2 0 -2 -4 -6 5 3 1 -1 -3 -5 6 4 2 0 -2 -4 -6 5 3 1 -1 -3 -5 6 4 2 0 -2 -4 -6 5 3 1 -1 -3 -5 6 4 2 0 -2 -4 -6 5 3 1 -1 -3 -5 6 4 2 0 -2 -4 -6 5 3 1 -1 -3 -5 6 4 2 0 -2 -4 -6 5 3 1 -1 -3 -5 6 4 2 0 -2 -4 -6 5 3 1 -1 -3 -5 6 4 2 0 -2 -4 -6 5 3 1 -1 -3 -5 6 4 2 0
4 2 0 -2 -4 -6 5 3 1 -1 -3 -5 6 4 2 0 -2 -4 -6 5 3 1 -1 -3 -5 6 4 2 0 -2 -4 -6 5 3 1 -1 -3 -5 6 4 2 0 -2 -4 -6 5 3 1 -1 -3 -5 6 4 2 0 -2 -4 -6 5 3 1 -1 -3 -5 6 4 2 0 -2 -4 -6 5 3 1 -1 -3 -5 6 4 2 0 -2 -4 -6 5 3 1 -1 -3 -5 6 4 2 0 -2 -4 -6 5 3 1 -1 -3 -5 6 4 2 0 -2 -4 -6 5 3 1 -1 -3 -5 6 4 2 0 -2 -4 -6 5 3 1 -1 -3 -5 6 4 2 0 -2 -4 -6 5 3 1 -1 -3 -5 6 4 2 0 -2 -4 -6 5 3 1 -1 -3 -5 6 4 2 0 -2 -4 -6 5 3 1 -1 -3 -5 6 4 2 0 -2 -4 -6 5 3 1 -1 -3 -5 6 4 2 0 -2 -4 -6 5 3 1 -1 -3 -5 6 4 2 0 -2 -4 -6 5 3 1 -1 -3 -5 6 4 2 0 -2 -4 -6 5 3 1 -1 -3 -5 6 4 2 0 -2 -4 -6 5 3 1 -1 -3 -5 6 4 2 0 -2 -4 -6 5 3 1 -1 -3 -5 6 4 2 0 -2 -4 -6 5 3 1 -1 -3 -5 6 4 2 0 -2 -4 -6 5 3 1 -1 -3 -5 6 4 2 0 -2 -4 -6 5 3 1 -1 -3 -5 6 4 2 0 -2 -4 -6 5 3 1 -1 -3 -5 6 4 2 0 -2 -4 -6 5 3 1 -1 -3 -5 6 4 2 0 -2 -4 -6 5 3 1 -1 -3 -5 6 4 2 0 -2 -4 -6 5 3 1 -1 -3 -5 6 4 2 0 -2 -4 -6 5 3 1 -1 -3 -5 6 4 2 0 -2 -4 -6 5 3 1 -1 -3 -5 6 4 2 0 -2 -4 -6 5 3 1 -1 -3 -5 6 4 2 0 -2 -4 -6 5 3 1 -1 -3 -5 6 4 2 0 -2 -4 -6 5 3 1 -1 -3 -5 6 4 2 0 -2 -4 -6 5 3 1 -1 -3 -5 6 4 2 0 -2 -4 -6 5 3 1 -1 -3 -5 6 4 2 0 -2 -4 -6 5 3 1 -1 -3 -5 6 4 2 0 -2 -4 -6 5 3 1 -1 -3 -5 6 4 2 0 -2 -4 -6 5 3 1 -1 -3 -5 6 4 2 0 -2 -4 -6 5 3 1 -1 -3 -5 6 4 2 0 -2 -4 -6 5 3 1 -1 -3 -5 6 4 2 0 -2 -4 -6
-2 -4 -6 5 3 1 -1 -3 -5 6 4 2 0 -2 -4 -6 5 3 1 -1 -3 -5 6 4 2 0 -2 -4 -6 5 3 1 -1 -3 -5 6 4 2 0 -2 -4 -6 5 3 1 -1 -3 -5 6 4 2 0 -2 -4 -6 5 3 1 -1 -3 -5 6 4 2 0 -2 -4 -6 5 3 1 -1 -3 -5 6 4 2 0 -2 -4 -6 5 3 1 -1 -3 -5 6 4 2 0 -2 -4 -6 5 3 1 -1 -3 -5 6 4 2 0 -2 -4 -6 5 3 1 -1 -3 -5 6 4 2 0 -2 -4 -6 5 3 1 -1 -3 -5 6 4 2 0 -2 -4 -6 5 3 1 -1 -3 -5 6 4 2 0 -2 -4 -6 5 3 1 -1 -3 -5 6 4 2 0 -2 -4 -6 5 3 1 -1 -3 -5 6 4 2 0 -2 -4 -6 5 3 1 -1 -3 -5 6 4 2 0 -2 -4 -6 5 3 1 -1 -3 -5 6 4 2 0 -2 -4 -6 5 3 1 -1 -3 -5 6 4 2 0 -2 -4 -6 5 3 1 -1 -3 -5 6 4 2 0 -2 -4 -6 5 3 1 -1 -3 -5 6 4 2 0 -2 -4 -6 5 3 1 -1 -3 -5 6 4 2 0 -2 -4 -6 5 3 1 -1 -3 -5 6 4 2 0 -2 -4 -6 5 3 1 -1 -3 -5 6 4 2 0 -2 -4 -6 5 3 1 -1 -3 -5 6 4 2 0 -2 -4 -6 5 3 1 -1 -3 -5 6 4 2 0 -2 -4 -6 5 3 1 -1 -3 -5 6 4 2 0 -2 -4 -6 5 3 1 -1 -3 -5 6 4 2 0 -2 -4 -6 5 3 1 -1 -3 -5 6 4 2 0 -2 -4 -6 5 3 1 -1 -3 -5 6 4 2 0 -2 -4 -6 5 3 1 -1 -3 -5 6 4 2 0 -2 -4 -6 5 3 1 -1 -3 -5 6 4 2 0 -2 -4 -6 5 3 1 -1 -3 -5 6 4 2 0 -2 -4 -6 5 3 1 -1 -3 -5 6 4 2 0 -2 -4 -6 5 3 1 -1 -3 -5 6 4 2 0 -2 -4 -6 5 3 1 -1 -3 -5 6 4 2 0 -2 -4 -6 5 3 1 -1 -3 -5 6 4 2 0 -2 -4 -6 5 3 1 -1 -3 -5 6 4 2 0 -2 -4 -6 5 3 1 -1 -3 -5 6 4 2 0 -2 -4 -6 5 3 1 -1 -3 -5 6 4 2 0 -2 -4 -6 5 3 1 -1 -3 -5 6 4 2 0 -2 -4 -6 5 3 1
5 3 1 -1 -3 -5 6 4 2 0 -2 -4 -6 5 3 1 -1 -3 -5 6 4 2 0 -2 -4 -6 5 3 1 -1 -3 -5 6 4 2 0 -2 -4 -6 5 3 1 -1 -3 -5 6 4 2 0 -2 -4 -6 5 3 1 -1 -3 -5 6 4 2 0 -2 -4 -6 5 3 1 -1 -3 -5 6 4 2 0 -2 -4 -6 5 3 1 -1 -3 -5 6 4 2 0 -2 -4 -6 5 3 1 -1 -3 -5 6 4 2 0 -2 -4 -6 5 3 1 -1 -3 -5 6 4 2 0 -2 -4 -6 5 3 1 -1 -3 -5 6 4 2 0 -2 -4 -6 5 3 1 -1 -3 -5 6 4 2 0 -2 -4 -6 5 3 1 -1 -3 -5 6 4 2 0 -2 -4 -6 5 3 1 -1 -3 -5 6 4 2 0 -2 -4 -6 5 3 1 -1 -3 -5 6 4 2 0 -2 -4 -6 5 3 1 -1 -3 -5 6 4 2 0 -2 -4 -6 5 3 1 -1 -3 -5 6 4 2 0 -2 -4 -6 5 3 1 -1 -3 -5 6 4 2 0 -2 -4 -6 5 3 1 -1 -3 -5 6 4 2 0 -2 -4 -6 5 3 1 -1 -3 -5 6 4 2 0 -2 -4 -6 5 3 1 -1 -3 -5 6 4 2 0 -2 -4 -6 5 3 1 -1 -3 -5 6 4 2 0 -2 -4 -6 5 3 1 -1 -3 -5 6 4 2 0 -2 -4 -6 5 3 1 -1 -3 -5 6 4 2 0 -2 -4 -6 5 3 1 -1 -3 -5 6 4 2 0 -2 -4 -6 5 3 1 -1 -3 -5 6 4 2 0 -2 -4 -6 5 3 1 -1 -3 -5 6 4 2 0 -2 -4 -6 5 3 1 -1 -3 -5 6 4 2 0 -2 -4 -6 5 3 1 -1 -3 -5 6 4 2 0 -2 -4 -6 5 3 1 -1 -3 -5 6 4 2 0 -2 -4 -6 5 3 1 -1 -3 -5 6 4 2 0 -2 -4 -6 5 3 1 -1 -3 -5 6 4 2 0 -2 -4 -6 5 3 1 -1 -3 -5 6 4 2 0 -2 -4 -6 5 3 1 -1 -3 -5 6 4 2 0 -2 -4 -6 5 3 1 -1 -3 -5 6 4 2 0 -2 -4 -6 5 3 1 -1 -3 -5 6 4 2 0 -2 -4 -6 5 3 1 -1 -3 -5 6 4 2 0 -2 -4 -6 5 3 1 -1 -3 -5 6 4 2 0 -2 -4 -6 5 3 1 -1 -3 -5 6 4 2 0 -2 -4 -6 5 3 1 -1 -3 -5
-1 -3 -5 6 4 2 0 -2 -4 -6 5 3 1 -1 -3 -5 6 4 2 0 -2 -4 -6 5 3 1 -1 -3 -5 6 4 2 0 -2 -4 -6 5 3 1 -1 -3 -5 6 4 2 0 -2 -4 -6 5 3 1 -1 -3 -5 6 4 2 0 -2 -4 -6 5 3 1 -1 -3 -5 6 4 2 0 -2 -4 -6 5 3 1 -1 -3 -5 6 4 2 0 -2 -4 -6 5 3 1 -1 -3 -5 6 4 2 0 -2 -4 -6 5 3 1 -1 -3 -5 6 4 2 0 -2 -4 -6 5 3 1 -1 -3 -5 6 4 2 0 -2 -4 -6 5 3 1 -1 -3 -5 6 4 2 0 -2 -4 -6 5 3 1 -1 -3 -5 6 4 2 0 -2 -4 -6 5 3 1 -1 -3 -5 6 4 2 0 -2 -4 -6 5 3 1 -1 -3 -5 6 4 2 0 -2 -4 -6 5 3 1 -1 -3 -5 6 4 2 0 -2 -4 -6 5 3 1 -1 -3 -5 6 4 2 0 -2 -4 -6 5 3 1 -1 -3 -5 6 4 2 0 -2 -4 -6 5 3 1 -1 -3 -5 6 4 2 0 -2 -4 -6 5 3 1 -1 -3 -5 6 4 2 0 -2 -4 -6 5 3 1 -1 -3 -5 6 4 2 0 -2 -4 -6 5 3 1 -1 -3 -5 6 4 2 0 -2 -4 -6 5 3 1 -1 -3 -5 6 4 2 0 -2 -4 -6 5 3 1 -1 -3 -5 6 4 2 0 -2 -4 -6 5 3 1 -1 -3 -5 6 4 2 0 -2 -4 -6 5 3 1 -1 -3 -5 6 4 2 0 -2 -4 -6 5 3 1 -1 -3 -5 6 4 2 0 -2 -4 -6 5 3 1 -1 -3 -5 6 4 2 0 -2 -4 -6 5 3 1 -1 -3 -5 6 4 2 0 -2 -4 -6 5 3 1 -1 -3 -5 6 4 2 0 -2 -4 -6 5 3 1 -1 -3 -5 6 4 2 0 -2 -4 -6 5 3 1 -1 -3 -5 6 4 2 0 -2 -4 -6 5 3 1 -1 -3 -5 6 4 2 0 -2 -4 -6 5 3 1 -1 -3 -5 6 4 2 0 -2 -4 -6 5 3 1 -1 -3 -5 6 4 2 0 -2 -4 -6 5 3 1 -1 -3 -5 6 4 2 0 -2 -4 -6 5 3 1 -1 -3 -5 6 4 2 0 -2 -4 -6 5 3 1 -1 -3 -5 6 4 2 0 -2 -4 -6 5 3 1 -1 -3 -5 6 4 2 0 -2 -4 -6 5 3 1 -1 -3 -5 6 4 2
6 4 2 0 -2 -4 -6 5 3 1 -1 -3 -5 6 4 2 0 -2 -4 -6 5 3 1 -1 -3 -5 6 4 2 0 -2 -4 -6 5 3 1 -1 -3 -5 6 4 2 0 -2 -4 -6 5 3 1 -1 -3 -5 6 4 2 0 -2 -4 -6 5 3 1 -1 -3 -5 6 4 2 0 -2 -4 -6 5 3 1 -1 -3 -5 6 4 2 0 -2 -4 -6 5 3 1 -1 -3 -5 6 4 2 0 -2 -4 -6 5 3 1 -1 -3 -5 6 4 2 0 -2 -4 -6 5 3 1 -1 -3 -5 6 4 2 0 -2 -4 -6 5 3 1 -1 -3 -5 6 4 2 0 -2 -4 -6 5 3 1 -1 -3 -5 6 4 2 0 -2 -4 -6 5 3 1 -1 -3 -5 6 4 2 0 -2 -4 -6 5 3 1 -1 -3 -5 6 4 2 0 -2 -4 -6 5 3 1 -1 -3 -5 6 4 2 0 -2 -4 -6 5 3 1 -1 -3 -5 6 4 2 0 -2 -4 -6 5 3 1 -1 -3 -5 6 4 2 0 -2 -4 -6 5 3 1 -1 -3 -5 6 4 2 0 -2 -4 -6 5 3 1 -1 -3 -5 6 4 2 0 -2 -4 -6 5 3 1 -1 -3 -5 6 4 2 0 -2 -4 -6 5 3 1 -1 -3 -5 6 4 2 0 -2 -4 -6 5 3 1 -1 -3 -5 6 4 2 0 -2 -4 -6 5 3 1 -1 -3 -5 6 4 2 0 -2 -4 -6 5 3 1 -1 -3 -5 6 4 2 0 -2 -4 -6 5 3 1 -1 -3 -5 6 4 2 0 -2 -4 -6 5 3 1 -1 -3 -5 6 4 2 0 -2 -4 -6 5 3 1 -1 -3 -5 6 4 2 0 -2 -4 -6 5 3 1 -1 -3 -5 6 4 2 0 -2 -4 -6 5 3 1 -1 -3 -5 6 4 2 0 -2 -4 -6 5 3 1 -1 -3 -5 6 4 2 0 -2 -4 -6 5 3 1 -1 -3 -5 6 4 2 0 -2 -4 -6 5 3 1 -1 -3 -5 6 4 2 0 -2 -4 -6 5 3 1 -1 -3 -5 6 4 2 0 -2 -4 -6 5 3 1 -1 -3 -5 6 4 2 0 -2 -4 -6 5 3 1 -1 -3 -5 6 4 2 0 -2 -4 -6 5 3 1 -1 -3 -5 6 4 2 0 -2 -4 -6 5 3 1 -1 -3 -5 6 4 2 0 -2 -4 -6 5 3 1 -1 -3 -5 6 4 2 0 -2 -4 -6 5 3 1 -1 -3 -5 6 4 2 0 -2 -4
0 -2 -4 -6 5 3 1 -1 -3 -5 6 4 2 0 -2 -4 -6 5 3 1 -1 -3 -5 6 4 2 0 -2 -4 -6 5 3 1 -1 -3 -5 6 4 2 0 -2 -4 -6 5 3 1 -1 -3 -5 6 4 2 0 -2 -4 -6 5 3 1 -1 -3 -5 6 4 2 0 -2 -4 -6 5 3 1 -1 -3 -5 6 4 2 0 -2 -4 -6 5 3 1 -1 -3 -5 6 4 2 0 -2 -4 -6 5 3 1 -1 -3 -5 6 4 2 0 -2 -4 -6 5 3 1 -1 -3 -5 6 4 2 0 -2 -4 -6 5 3 1 -1 -3 -5 6 4 2 0 -2 -4 -6 5 3 1 -1 -3 -5 6 4 2 0 -2 -4 -6 5 3 1 -1 -3 -5 6 4 2 0 -2 -4 -6 5 3 1 -1 -3 -5 6 4 2 0 -2 -4 -6 5 3 1 -1 -3 -5 6 4 2 0 -2 -4 -6 5 3 1 -1 -3 -5 6 4 2 0 -2 -4 -6 5 3 1 -1 -3 -5 6 4 2 0 -2 -4 -6 5 3 1 -1 -3 -5 6 4 2 0 -2 -4 -6 5 3 1 -1 -3 -5 6 4 2 0 -2 -4 -6 5 3 1 -1 -3 -5 6 4 2 0 -2 -4 -6 5 3 1 -1 -3 -5 6 4 2 0 -2 -4 -6 5 3 1 -1 -3 -5 6 4 2 0 -2 -4 -6 5 3 1 -1 -3 -5 6 4 2 0 -2 -4 -6 5 3 1 -1 -3 -5 6 4 2 0 -2 -4 -6 5 3 1 -1 -3 -5 6 4 2 0 -2 -4 -6 5 3 1 -1 -3 -5 6 4 2 0 -2 -4 -6 5 3 1 -1 -3 -5 6 4 2 0 -2 -4 -6 5 3 1 -1 -3 -5 6 4 2 0 -2 -4 -6 5 3 1 -1 -3 -5 6 4 2 0 -2 -4 -6 5 3 1 -1 -3 -5 6 4 2 0 -2 -4 -6 5 3 1 -1 -3 -5 6 4 2 0 -2 -4 -6 5 3 1 -1 -3 -5 6 4 2 0 -2 -4 -6 5 3 1 -1 -3 -5 6 4 2 0 -2 -4 -6 5 3 1 -1 -3 -5 6 4 2 0 -2 -4 -6 5 3 1 -1 -3 -5 6 4 2 0 -2 -4 -6 5 3 1 -1 -3 -5 6 4 2 0 -2 -4 -6 5 3 1 -1 -3 -5 6 4 2 0 -2 -4 -6 5 3 1 -1 -3 -5 6 4 2 0 -2 -4 -6 5 3 1 -1 -3 -5 6 4 2 0 -2 -4 -6 5 3
-6 5 3 1 -1 -3 -5 6 4 2 0 -2 -4 -6 5 3 1 -1 -3 -5 6 4 2 0 -2 -4 -6 5 3 1 -1 -3 -5 6 4 2 0 -2 -4 -6 5 3 1 -1 -3 -5 6 4 2 0 -2 -4 -6 5 3 1 -1 -3 -5 6 4 2 0 -2 -4 -6 5 3 1 -1 -3 -5 6 4 2 0 -2 -4 -6 5 3 1 -1 -3 -5 6 4 2 0 -2 -4 -6 5 3 1 -1 -3 -5 6 4 2 0 -2 -4 -6 5 3 1 -1 -3 -5 6 4 2 0 -2 -4 -6 5 3 1 -1 -3 -5 6 4 2 0 -2 -4 -6 5 3 1 -1 -3 -5 6 4 2 0 -2 -4 -6 5 3 1 -1 -3 -5 6 4 2 0 -2 -4 -6 5 3 1 -1 -3 -5 6 4 2 0 -2 -4 -6 5 3 1 -1 -3 -5 6 4 2 0 -2 -4 -6 5 3 1 -1 -3 -5 6 4 2 0 -2 -4 -6 5 3 1 -1 -3 -5 6 4 2 0 -2 -4 -6 5 3 1 -1 -3 -5 6 4 2 0 -2 -4 -6 5 3 1 -1 -3 -5 6 4 2 0 -2 -4 -6 5 3 1 -1 -3 -5 6 4 2 0 -2 -4 -6 5 3 1 -1 -3 -5 6 4 2 0 -2 -4 -6 5 3 1 -1 -3 -5 6 4 2 0 -2 -4 -6 5 3 1 -1 -3 -5 6 4 2 0 -2 -4 -6 5 3 1 -1 -3 -5 6 4 2 0 -2 -4 -6 5 3 1 -1 -3 -5 6 4 2 0 -2 -4 -6 5 3 1 -1 -3 -5 6 4 2 0 -2 -4 -6 5 3 1 -1 -3 -5 6 4 2 0 -2 -4 -6 5 3 1 -1 -3 -5 6 4 2 0 -2 -4 -6 5 3 1 -1 -3 -5 6 4 2 0 -2 -4 -6 5 3 1 -1 -3 -5 6 4 2 0 -2 -4 -6 5 3 1 -1 -3 -5 6 4 2 0 -2 -4 -6 5 3 1 -1 -3 -5 6 4 2 0 -2 -4 -6 5 3 1 -1 -3 -5 6 4 2 0 -2 -4 -6 5 3 1 -1 -3 -5 6 4 2 0 -2 -4 -6 5 3 1 -1 -3 -5 6 4 2 0 -2 -4 -6 5 3 1 -1 -3 -5 6 4 2 0 -2 -4 -6 5 3 1 -1 -3 -5 6 4 2 0 -2 -4 -6 5 3 1 -1 -3 -5 6 4 2 0 -2 -4 -6 5 3 1 -1 -3 -5 6 4 2 0 -2 -4 -6 5 3 1 -1 -3
1 -1 -3 -5 6 4 2 0 -2 -4 -6 5 3 1 -1 -3 -5 6 4 2 0 -2 -4 -6 5 3 1 -1 -3 -5 6 4 2 0 -2 -4 -6 5 3 1 -1 -3 -5 6 4 2 0 -2 -4 -6 5 3 1 -1 -3 -5 6 4 2 0 -2 -4 -6 5 3 1 -1 -3 -5 6 4 2 0 -2 -4 -6 5 3 1 -1 -3 -5 6 4 2 0 -2 -4 -6 5 3 1 -1 -3 -5 6 4 2 0 -2 -4 -6 5 3 1 -1 -3 -5 6 4 2 0 -2 -4 -6 5 3 1 -1 -3 -5 6 4 2 0 -2 -4 -6 5 3 1 -1 -3 -5 6 4 2 0 -2 -4 -6 5 3 1 -1 -3 -5 6 4 2 0 -2 -4 -6 5 3 1 -1 -3 -5 6 4 2 0 -2 -4 -6 5 3 1 -1 -3 -5 6 4 2 0 -2 -4 -6 5 3 1 -1 -3 -5 6 4 2 0 -2 -4 -6 5 3 1 -1 -3 -5 6 4 2 0 -2 -4 -6 5 3 1 -1 -3 -5 6 4 2 0 -2 -4 -6 5 3 1 -1 -3 -5 6 4 2 0 -2 -4 -6 5 3 1 -1 -3 -5 6 4 2 0 -2 -4 -6 5 3 1 -1 -3 -5 6 4 2 0 -2 -4 -6 5 3 1 -1 -3 -5 6 4 2 0 -2 -4 -6 5 3 1 -1 -3 -5 6 4 2 0 -2 -4 -6 5 3 1 -1 -3 -5 6 4 2 0 -2 -4 -6 5 3 1 -1 -3 -5 6 4 2 0 -2 -4 -6 5 3 1 -1 -3 -5 6 4 2 0 -2 -4 -6 5 3 1 -1 -3 -5 6 4 2 0 -2 -4 -6 5 3 1 -1 -3 -5 6 4 2 0 -2 -4 -6 5 3 1 -1 -3 -5 6 4 2 0 -2 -4 -6 5 3 1 -1 -3 -5 6 4 2 0 -2 -4 -6 5 3 1 -1 -3 -5 6 4 2 0 -2 -4 -6 5 3 1 -1 -3 -5 6 4 2 0 -2 -4 -6 5 3 1 -1 -3 -5 6 4 2 0 -2 -4 -6 5 3 1 -1 -3 -5 6 4 2 0 -2 -4 -6 5 3 1 -1 -3 -5 6 4 2 0 -2 -4 -6 5 3 1 -1 -3 -5 6 4 2 0 -2 -4 -6 5 3 1 -1 -3 -5 6 4 2 0 -2 -4 -6 5 3 1 -1 -3 -5 6 4 2 0 -2 -4 -6 5 3 1 -1 -3 -5 6 4 2 0 -2 -4 -6 5 3 1 -1 -3 -5 6 4
-5 6 4 2 0 -2 -4 -6 5 3 1 -1 -3 -5 6 4 2 0 -2 -4 -6 5 3 1 -1 -3 -5 6 4 2 0 -2 -4 -6 5 3 1 -1 -3 -5 6 4 2 0 -2 -4 -6 5 3 1 -1 -3 -5 6 4 2 0 -2 -4 -6 5 3 1 -1 -3 -5 6 4 2 0 -2 -4 -6 5 3 1 -1 -3 -5 6 4 2 0 -2 -4 -6 5 3 1 -1 -3 -5 6 4 2 0 -2 -4 -6 5 3 1 -1 -3 -5 6 4 2 0 -2 -4 -6 5 3 1 -1 -3 -5 6 4 2 0 -2 -4 -6 5 3 1 -1 -3 -5 6 4 2 0 -2 -4 -6 5 3 1 -1 -3 -5 6 4 2 0 -2 -4 -6 5 3 1 -1 -3 -5 6 4 2 0 -2 -4 -6 5 3 1 -1 -3 -5 6 4 2 0 -2 -4 -6 5 3 1 -1 -3 -5 6 4 2 0 -2 -4 -6 5 3 1 -1 -3 -5 6 4 2 0 -2 -4 -6 5 3 1 -1 -3 -5 6 4 2 0 -2 -4 -6 5 3 1 -1 -3 -5 6 4 2 0 -2 -4 -6 5 3 1 -1 -3 -5 6 4 2 0 -2 -4 -6 5 3 1 -1 -3 -5 6 4 2 0 -2 -4 -6 5 3 1 -1 -3 -5 6 4 2 0 -2 -4 -6 5 3 1 -1 -3 -5 6 4 2 0 -2 -4 -6 5 3 1 -1 -3 -5 6 4 2 0 -2 -4 -6 5 3 1 -1 -3 -5 6 4 2 0 -2 -4 -6 5 3 1 -1 -3 -5 6 4 2 0 -2 -4 -6 5 3 1 -1 -3 -5 6 4 2 0 -2 -4 -6 5 3 1 -1 -3 -5 6 4 2 0 -2 -4 -6 5 3 1 -1 -3 -5 6 4 2 0 -2 -4 -6 5 3 1 -1 -3 -5 6 4 2 0 -2 -4 -6 5 3 1 -1 -3 -5 6 4 2 0 -2 -4 -6 5 3 1 -1 -3 -5 6 4 2 0 -2 -4 -6 5 3 1 -1 -3 -5 6 4 2 0 -2 -4 -6 5 3 1 -1 -3 -5 6 4 2 0 -2 -4 -6 5 3 1 -1 -3 -5 6 4 2 0 -2 -4 -6 5 3 1 -1 -3 -5 6 4 2 0 -2 -4 -6 5 3 1 -1 -3 -5 6 4 2 0 -2 -4 -6 5 3 1 -1 -3 -5 6 4 2 0 -2 -4 -6 5 3 1 -1 -3 -5 6 4 2 0 -2 -4 -6 5 3 1 -1 -3 -5 6 4 2 0 -2
2 0 -2 -4 -6 5 3 1 -1 -3 -5 6 4 2 0 -2 -4 -6 5 3 1 -1 -3 -5 6 4 2 0 -2 -4 -6 5 3 1 -1 -3 -5 6 4 2 0 -2 -4 -6 5 3 1 -1 -3 -5 6 4 2 0 -2 -4 -6 5 3 1 -1 -3 -5 6 4 2 0 -2 -4 -6 5 3 1 -1 -3 -5 6 4 2 0 -2 -4 -6 5 3 1 -1 -3 -5 6 4 2 0 -2 -4 -6 5 3 1 -1 -3 -5 6 4 2 0 -2 -4 -6 5 3 1 -1 -3 -5 6 4 2 0 -2 -4 -6 5 3 1 -1 -3 -5 6 4 2 0 -2 -4 -6 5 3 1 -1 -3 -5 6 4 2 0 -2 -4 -6 5 3 1 -1 -3 -5 6 4 2 0 -2 -4 -6 5 3 1 -1 -3 -5 6 4 2 0 -2 -4 -6 5 3 1 -1 -3 -5 6 4 2 0 -2 -4 -6 5 3 1 -1 -3 -5 6 4 2 0 -2 -4 -6 5 3 1 -1 -3 -5 6 4 2 0 -2 -4 -6 5 3 1 -1 -3 -5 6 4 2 0 -2 -4 -6 5 3 1 -1 -3 -5 6 4 2 0 -2 -4 -6 5 3 1 -1 -3 -5 6 4 2 0 -2 -4 -6 5 3 1 -1 -3 -5 6 4 2 0 -2 -4 -6 5 3 1 -1 -3 -5 6 4 2 0 -2 -4 -6 5 3 1 -1 -3 -5 6 4 2 0 -2 -4 -6 5 3 1 -1 -3 -5 6 4 2 0 -2 -4 -6 5 3 1 -1 -3 -5 6 4 2 0 -2 -4 -6 5 3 1 -1 -3 -5 6 4 2 0 -2 -4 -6 5 3 1 -1 -3 -5 6 4 2 0 -2 -4 -6 5 3 1 -1 -3 -5 6 4 2 0 -2 -4 -6 5 3 1 -1 -3 -5 6 4 2 0 -2 -4 -6 5 3 1 -1 -3 -5 6 4 2 0 -2 -4 -6 5 3 1 -1 -3 -5 6 4 2 0 -2 -4 -6 5 3 1 -1 -3 -5 6 4 2 0 -2 -4 -6 5 3 1 -1 -3 -5 6 4 2 0 -2 -4 -6 5 3 1 -1 -3 -5 6 4 2 0 -2 -4 -6 5 3 1 -1 -3 -5 6 4 2 0 -2 -4 -6 5 3 1 -1 -3 -5 6 4 2 0 -2 -4 -6 5 3 1 -1 -3 -5 6 4 2 0 -2 -4 -6 5 3 1 -1 -3 -5 6 4 2 0 -2 -4 -6 5 3 1 -1 -3 -5 6 4 2 0 -2 -4 -6 5
-4 -6 5 3 1 -1 -3 -5 6 4 2 0 -2 -4 -6 5 3 1 -1 -3 -5 6 4 2 0 -2 -4 -6 5 3 1 -1 -3 -5 6 4 2 0 -2 -4 -6 5 3 1 -1 -3 -5 6 4 2 0 -2 -4 -6 5 3 1 -1 -3 -5 6 4 2 0 -2 -4 -6 5 3 1 -1 -3 -5 6 4 2 0 -2 -4 -6 5 3 1 -1 -3 -5 6 4 2 0 -2 -4 -6 5 3 1 -1 -3 -5 6 4 2 0 -2 -4 -6 5 3 1 -1 -3 -5 6 4 2 0 -2 -4 -6 5 3 1 -1 -3 -5 6 4 2 0 -2 -4 -6 5 3 1 -1 -3 -5 6 4 2 0 -2 -4 -6 5 3 1 -1 -3 -5 6 4 2 0 -2 -4 -6 5 3 1 -1 -3 -5 6 4 2 0 -2 -4 -6 5 3 1 -1 -3 -5 6 4 2 0 -2 -4 -6 5 3 1 -1 -3 -5 6 4 2 0 -2 -4 -6 5 3 1 -1 -3 -5 6 4 2 0 -2 -4 -6 5 3 1 -1 -3 -5 6 4 2 0 -2 -4 -6 5 3 1 -1 -3 -5 6 4 2 0 -2 -4 -6 5 3 1 -1 -3 -5 6 4 2 0 -2 -4 -6 5 3 1 -1 -3 -5 6 4 2 0 -2 -4 -6 5 3 1 -1 -3 -5 6 4 2 0 -2 -4 -6 5 3 1 -1 -3 -5 6 4 2 0 -2 -4 -6 5 3 1 -1 -3 -5 6 4 2 0 -2 -4 -6 5 3 1 -1 -3 -5 6 4 2 0 -2 -4 -6 5 3 1 -1 -3 -5 6 4 2 0 -2 -4 -6 5 3 1 -1 -3 -5 6 4 2 0 -2 -4 -6 5 3 1 -1 -3 -5 6 4 2 0 -2 -4 -6 5 3 1 -1 -3 -5 6 4 2 0 -2 -4 -6 5 3 1 -1 -3 -5 6 4 2 0 -2 -4 -6 5 3 1 -1 -3 -5 6 4 2 0 -2 -4 -6 5 3 1 -1 -3 -5 6 4 2 0 -2 -4 -6 5 3 1 -1 -3 -5 6 4 2 0 -2 -4 -6 5 3 1 -1 -3 -5 6 4 2 0 -2 -4 -6 5 3 1 -1 -3 -5 6 4 2 0 -2 -4 -6 5 3 1 -1 -3 -5 6 4 2 0 -2 -4 -6 5 3 1 -1 -3 -5 6 4 2 0 -2 -4 -6 5 3 1 -1 -3 -5 6 4 2 0 -2 -4 -6 5 3 1 -1 -3 -5 6 4 2 0 -2 -4 -6 5 3 1 -1
3 1 -1 -3 -5 6 4 2 0 -2 -4 -6 5 3 1 -1 -3 -5 6 4 2 0 -2 -4 -6 5 3 1 -1 -3 -5 6 4 2 0 -2 -4 -6 5 3 1 -1 -3 -5 6 4 2 0 -2 -4 -6 5 3 1 -1 -3 -5 6 4 2 0 -2 -4 -6 5 3 1 -1 -3 -5 6 4 2 0 -2 -4 -6 5 3 1 -1 -3 -5 6 4 2 0 -2 -4 -6 5 3 1 -1 -3 -5 6 4 2 0 -2 -4 -6 5 3 1 -1 -3 -5 6 4 2 0 -2 -4 -6 5 3 1 -1 -3 -5 6 4 2 0 -2 -4 -6 5 3 1 -1 -3 -5 6 4 2 0 -2 -4 -6 5 3 1 -1 -3 -5 6 4 2 0 -2 -4 -6 5 3 1 -1 -3 -5 6 4 2 0 -2 -4 -6 5 3 1 -1 -3 -5 6 4 2 0 -2 -4 -6 5 3 1 -1 -3 -5 6 4 2 0 -2 -4 -6 5 3 1 -1 -3 -5 6 4 2 0 -2 -4 -6 5 3 1 -1 -3 -5 6 4 2 0 -2 -4 -6 5 3 1 -1 -3 -5 6 4 2 0 -2 -4 -6 5 3 1 -1 -3 -5 6 4 2 0 -2 -4 -6 5 3 1 -1 -3 -5 6 4 2 0 -2 -4 -6 5 3 1 -1 -3 -5 6 4 2 0 -2 -4 -6 5 3 1 -1 -3 -5 6 4 2 0 -2 -4 -6 5 3 1 -1 -3 -5 6 4 2 0 -2 -4 -6 5 3 1 -1 -3 -5 6 4 2 0 -2 -4 -6 5 3 1 -1 -3 -5 6 4 2 0 -2 -4 -6 5 3 1 -1 -3 -5 6 4 2 0 -2 -4 -6 5 3 1 -1 -3 -5 6 4 2 0 -2 -4 -6 5 3 1 -1 -3 -5 6 4 2 0 -2 -4 -6 5 3 1 -1 -3 -5 6 4 2 0 -2 -4 -6 5 3 1 -1 -3 -5 6 4 2 0 -2 -4 -6 5 3 1 -1 -3 -5 6 4 2 0 -2 -4 -6 5 3 1 -1 -3 -5 6 4 2 0 -2 -4 -6 5 3 1 -1 -3 -5 6 4 2 0 -2 -4 -6 5 3 1 -1 -3 -5 6 4 2 0 -2 -4 -6 5 3 1 -1 -3 -5 6 4 2 0 -2 -4 -6 5 3 1 -1 -3 -5 6 4 2 0 -2 -4 -6 5 3 1 -1 -3 -5 6 4 2 0 -2 -4 -6 5 3 1 -1 -3 -5 6 4 2 0 -2 -4 -6 5 3 1 -1 -3 -5 6
-3 -5 6 4 2 0 -2 -4 -6 5 3 1 -1 -3 -5 6 4 2 0 -2 -4 -6 5 3 1 -1 -3 -5 6 4 2 0 -2 -4 -6 5 3 1 -1 -3 -5 6 4 2 0 -2 -4 -6 5 3 1 -1 -3 -5 6 4 2 0 -2 -4 -6 5 3 1 -1 -3 -5 6 4 2 0 -2 -4 -6 5 3 1 -1 -3 -5 6 4 2 0 -2 -4 -6 5 3 1 -1 -3 -5 6 4 2 0 -2 -4 -6 5 3 1 -1 -3 -5 6 4 2 0 -2 -4 -6 5 3 1 -1 -3 -5 6 4 2 0 -2 -4 -6 5 3 1 -1 -3 -5 6 4 2 0 -2 -4 -6 5 3 1 -1 -3 -5 6 4 2 0 -2 -4 -6 5 3 1 -1 -3 -5 6 4 2 0 -2 -4 -6 5 3 1 -1 -3 -5 6 4 2 0 -2 -4 -6 5 3 1 -1 -3 -5 6 4 2 0 -2 -4 -6 5 3 1 -1 -3 -5 6 4 2 0 -2 -4 -6 5 3 1 -1 -3 -5 6 4 2 0 -2 -4 -6 5 3 1 -1 -3 -5 6 4 2 0 -2 -4 -6 5 3 1 -1 -3 -5 6 4 2 0 -2 -4 -6 5 3 1 -1 -3 -5 6 4 2 0 -2 -4 -6 5 3 1 -1 -3 -5 6 4 2 0 -2 -4 -6 5 3 1 -1 -3 -5 6 4 2 0 -2 -4 -6 5 3 1 -1 -3 -5 6 4 2 0 -2 -4 -6 5 3 1 -1 -3 -5 6 4 2 0 -2 -4 -6 5 3 1 -1 -3 -5 6 4 2 0 -2 -4 -6 5 3 1 -1 -3 -5 6 4 2 0 -2 -4 -6 5 3 1 -1 -3 -5 6 4 2 0 -2 -4 -6 5 3 1 -1 -3 -5 6 4 2 0 -2 -4 -6 5 3 1 -1 -3 -5 6 4 2 0 -2 -4 -6 5 3 1 -1 -3 -5 6 4 2 0 -2 -4 -6 5 3 1 -1 -3 -5 6 4 2 0 -2 -4 -6 5 3 1 -1 -3 -5 6 4 2 0 -2 -4 -6 5 3 1 -1 -3 -5 6 4 2 0 -2 -4 -6 5 3 1 -1 -3 -5 6 4 2 0 -2 -4 -6 5 3 1 -1 -3 -5 6 4 2 0 -2 -4 -6 5 3 1 -1 -3 -5 6 4 2 0 -2 -4 -6 5 3 1 -1 -3 -5 6 4 2 0 -2 -4 -6 5 3 1 -1 -3 -5 6 4 2 0 -2 -4 -6 5 3 1 -1 -3 -5 6 4 2 0
4 2 0 -2 -4 -6 5 3 1 -1 -3 -5 6 4 2 0 -2 -4 -6 5 3 1 -1 -3 -5 6 4 2 0 -2 -4 -6 5 3 1 -1 -3 -5 6 4 2 0 -2 -4 -6 5 3 1 -1 -3 -5 6 4 2 0 -2 -4 -6 5 3 1 -1 -3 -5 6 4 2 0 -2 -4 -6 5 3 1 -1 -3 -5 6 4 2 0 -2 -4 -6 5 3 1 -1 -3 -5 6 4 2 0 -2 -4 -6 5 3 1 -1 -3 -5 6 4 2 0 -2 -4 -6 5 3 1 -1 -3 -5 6 4 2 0 -2 -4 -6 5 3 1 -1 -3 -5 6 4 2 0 -2 -4 -6 5 3 1 -1 -3 -5 6 4 2 0 -2 -4 -6 5 3 1 -1 -3 -5 6 4 2 0 -2 -4 -6 5 3 1 -1 -3 -5 6 4 2 0 -2 -4 -6 5 3 1 -1 -3 -5 6 4 2 0 -2 -4 -6 5 3 1 -1 -3 -5 6 4 2 0 -2 -4 -6 5 3 1 -1 -3 -5 6 4 2 0 -2 -4 -6 5 3 1 -1 -3 -5 6 4 2 0 -2 -4 -6 5 3 1 -1 -3 -5 6 4 2 0 -2 -4 -6 5 3 1 -1 -3 -5 6 4 2 0 -2 -4 -6 5 3 1 -1 -3 -5 6 4 2 0 -2 -4 -6 5 3 1 -1 -3 -5 6 4 2 0 -2 -4 -6 5 3 1 -1 -3 -5 6 4 2 0 -2 -4 -6 5 3 1 -1 -3 -5 6 4 2 0 -2 -4 -6 5 3 1 -1 -3 -5 6 4 2 0 -2 -4 -6 5 3 1 -1 -3 -5 6 4 2 0 -2 -4 -6 5 3 1 -1 -3 -5 6 4 2 0 -2 -4 -6 5 3 1 -1 -3 -5 6 4 2 0 -2 -4 -6 5 3 1 -1 -3 -5 6 4 2 0 -2 -4 -6 5 3 1 -1 -3 -5 6 4 2 0 -2 -4 -6 5 3 1 -1 -3 -5 6 4 2 0 -2 -4 -6 5 3 1 -1 -3 -5 6 4 2 0 -2 -4 -6 5 3 1 -1 -3 -5 6 4 2 0 -2 -4 -6 5 3 1 -1 -3 -5 6 4 2 0 -2 -4 -6 5 3 1 -1 -3 -5 6 4 2 0 -2 -4 -6 5 3 1 -1 -3 -5 6 4 2 0 -2 -4 -6 5 3 1 -1 -3 -5 6 4 2 0 -2 -4 -6 5 3 1 -1 -3 -5 6 4 2 0 -2 -4 -6 5 3 1 -1 -3 -5 6 4 2 0 -2 -4 -6
-2 -4 -6 5 3 1 -1 -3 -5 6 4 2 0 -2 -4 -6 5 3 1 -1 -3 -5 6 4 2 0 -2 -4 -6 5 3 1 -1 -3 -5 6 4 2 0 -2 -4 -6 5 3 1 -1 -3 -5 6 4 2 0 -2 -4 -6 5 3 1 -1 -3 -5 6 4 2 0 -2 -4 -6 5 3 1 -1 -3 -5 6 4 2 0 -2 -4 -6 5 3 1 -1 -3 -5 6 4 2 0 -2 -4 -6 5 3 1 -1 -3 -5 6 4 2 0 -2 -4 -6 5 3 1 -1 -3 -5 6 4 2 0 -2 -4 -6 5 3 1 -1 -3 -5 6 4 2 0 -2 -4 -6 5 3 1 -1 -3 -5 6 4 2 0 -2 -4 -6 5 3 1 -1 -3 -5 6 4 2 0 -2 -4 -6 5 3 1 -1 -3 -5 6 4 2 0 -2 -4 -6 5 3 1 -1 -3 -5 6 4 2 0 -2 -4 -6 5 3 1 -1 -3 -5 6 4 2 0 -2 -4 -6 5 3 1 -1 -3 -5 6 4 2 0 -2 -4 -6 5 3 1 -1 -3 -5 6 4 2 0 -2 -4 -6 5 3 1 -1 -3 -5 6 4 2 0 -2 -4 -6 5 3 1 -1 -3 -5 6 4 2 0 -2 -4 -6 5 3 1 -1 -3 -5 6 4 2 0 -2 -4 -6 5 3 1 -1 -3 -5 6 4 2 0 -2 -4 -6 5 3 1 -1 -3 -5 6 4 2 0 -2 -4 -6 5 3 1 -1 -3 -5 6 4 2 0 -2 -4 -6 5 3 1 -1 -3 -5 6 4 2 0 -2 -4 -6 5 3 1 -1 -3 -5 6 4 2 0 -2 -4 -6 5 3 1 -1 -3 -5 6 4 2 0 -2 -4 -6 5 3 1 -1 -3 -5 6 4 2 0 -2 -4 -6 5 3 1 -1 -3 -5 6 4 2 0 -2 -4 -6 5 3 1 -1 -3 -5 6 4 2 0 -2 -4 -6 5 3 1 -1 -3 -5 6 4 2 0 -2 -4 -6 5 3 1 -1 -3 -5 6 4 2 0 -2 -4 -6 5 3 1 -1 -3 -5 6 4 2 0 -2 -4 -6 5 3 1 -1 -3 -5 6 4 2 0 -2 -4 -6 5 3 1 -1 -3 -5 6 4 2 0 -2 -4 -6 5 3 1 -1 -3 -5 6 4 2 0 -2 -4 -6 5 3 1 -1 -3 -5 6 4 2 0 -2 -4 -6 5 3 1 -1 -3 -5 6 4 2 0 -2 -4 -6 5 3 1 -1 -3 -5 6 4 2 0 -2 -4 -6 5 3 1
5 3 1 -1 -3 -5 6 4 2 0 -2 -4 -6 5 3 1 -1 -3 -5 6 4 2 0 -2 -4 -6 5 3 1 -1 -3 -5 6 4 2 0 -2 -4 -6 5 3 1 -1 -3 -5 6 4 2 0 -2 -4 -6 5 3 1 -1 -3 -5 6 4 2 0 -2 -4 -6 5 3 1 -1 -3 -5 6 4 2 0 -2 -4 -6 5 3 1 -1 -3 -5 6 4 2 0 -2 -4 -6 5 3 1 -1 -3 -5 6 4 2 0 -2 -4 -6 5 3 1 -1 -3 -5 6 4 2 0 -2 -4 -6 5 3 1 -1 -3 -5 6 4 2 0 -2 -4 -6 5 3 1 -1 -3 -5 6 4 2 0 -2 -4 -6 5 3 1 -1 -3 -5 6 4 2 0 -2 -4 -6 5 3 1 -1 -3 -5 6 4 2 0 -2 -4 -6 5 3 1 -1 -3 -5 6 4 2 0 -2 -4 -6 5 3 1 -1 -3 -5 6 4 2 0 -2 -4 -6 5 3 1 -1 -3 -5 6 4 2 0 -2 -4 -6 5 3 1 -1 -3 -5 6 4 2 0 -2 -4 -6 5 3 1 -1 -3 -5 6 4 2 0 -2 -4 -6 5 3 1 -1 -3 -5 6 4 2 0 -2 -4 -6 5 3 1 -1 -3 -5 6 4 2 0 -2 -4 -6 5 3 1 -1 -3 -5 6 4 2 0 -2 -4 -6 5 3 1 -1 -3 -5 6 4 2 0 -2 -4 -6 5 3 1 -1 -3 -5 6 4 2 0 -2 -4 -6 5 3 1 -1 -3 -5 6 4 2 0 -2 -4 -6 5 3 1 -1 -3 -5 6 4 2 0 -2 -4 -6 5 3 1 -1 -3 -5 6 4 2 0 -2 -4 -6 5 3 1 -1 -3 -5 6 4 2 0 -2 -4 -6 5 3 1 -1 -3 -5 6 4 2 0 -2 -4 -6 5 3 1 -1 -3 -5 6 4 2 0 -2 -4 -6 5 3 1 -1 -3 -5 6 4 2 0 -2 -4 -6 5 3 1 -1 -3 -5 6 4 2 0 -2 -4 -6 5 3 1 -1 -3 -5 6 4 2 0 -2 -4 -6 5 3 1 -1 -3 -5 6 4 2 0 -2 -4 -6 5 3 1 -1 -3 -5 6 4 2 0 -2 -4 -6 5 3 1 -1 -3 -5 6 4 2 0 -2 -4 -6 5 3 1 -1 -3 -5 6 4 2 0 -2 -4 -6 5 3 1 -1 -3 -5 6 4 2 0 -2 -4 -6 5 3 1 -1 -3 -5 6 4 2 0 -2 -4 -6 5 3 1 -1 -3 -5
-1 -3 -5 6 4 2 0 -2 -4 -6 5 3 1 -1 -3 -5 6 4 2 0 -2 -4 -6 5 3 1 -1 -3 -5 6 4 2 0 -2 -4 -6 5 3 1 -1 -3 -5 6 4 2 0 -2 -4 -6 5 3 1 -1 -3 -5 6 4 2 0 -2 -4 -6 5 3 1 -1 -3 -5 6 4 2 0 -2 -4 -6 5 3 1 -1 -3 -5 6 4 2 0 -2 -4 -6 5 3 1 -1 -3 -5 6 4 2 0 -2 -4 -6 5 3 1 -1 -3 -5 6 4 2 0 -2 -4 -6 5 3 1 -1 -3 -5 6 4 2 0 -2 -4 -6 5 3 1 -1 -3 -5 6 4 2 0 -2 -4 -6 5 3 1 -1 -3 -5 6 4 2 0 -2 -4 -6 5 3 1 -1 -3 -5 6 4 2 0 -2 -4 -6 5 3 1 -1 -3 -5 6 4 2 0 -2 -4 -6 5 3 1 -1 -3 -5 6 4 2 0 -2 -4 -6 5 3 1 -1 -3 -5 6 4 2 0 -2 -4 -6 5 3 1 -1 -3 -5 6 4 2 0 -2 -4 -6 5 3 1 -1 -3 -5 6 4 2 0 -2 -4 -6 5 3 1 -1 -3 -5 6 4 2 0 -2 -4 -6 5 3 1 -1 -3 -5 6 4 2 0 -2 -4 -6 5 3 1 -1 -3 -5 6 4 2 0 -2 -4 -6 5 3 1 -1 -3 -5 6 4 2 0 -2 -4 -6 5 3 1 -1 -3 -5 6 4 2 0 -2 -4 -6 5 3 1 -1 -3 -5 6 4 2 0 -2 -4 -6 5 3 1 -1 -3 -5 6 4 2 0 -2 -4 -6 5 3 1 -1 -3 -5 6 4 2 0 -2 -4 -6 5 3 1 -1 -3 -5 6 4 2 0 -2 -4 -6 5 3 1 -1 -3 -5 6 4 2 0 -2 -4 -6 5 3 1 -1 -3 -5 6 4 2 0 -2 -4 -6 5 3 1 -1 -3 -5 6 4 2 0 -2 -4 -6 5 3 1 -1 -3 -5 6 4 2 0 -2 -4 -6 5 3 1 -1 -3 -5 6 4 2 0 -2 -4 -6 5 3 1 -1 -3 -5 6 4 2 0 -2 -4 -6 5 3 1 -1 -3 -5 6 4 2 0 -2 -4 -6 5 3 1 -1 -3 -5 6 4 2 0 -2 -4 -6 5 3 1 -1 -3 -5 6 4 2 0 -2 -4 -6 5 3 1 -1 -3 -5 6 4 2 0 -2 -4 -6 5 3 1 -1 -3 -5 6 4 2 0 -2 -4 -6 5 3 1 -1 -3 -5 6 4 2
6 4 2 0 -2 -4 -6 5 3 1 -1 -3 -5 6 4 2 0 -2 -4 -6 5 3 1 -1 -3 -5 6 4 2 0 -2 -4 -6 5 3 1 -1 -3 -5 6 4 2 0 -2 -4 -6 5 3 1 -1 -3 -5 6 4 2 0 -2 -4 -6 5 3 1 -1 -3 -5 6 4 2 0 -2 -4 -6 5 3 1 -1 -3 -5 6 4 2 0 -2 -4 -6 5 3 1 -1 -3 -5 6 4 2 0 -2 -4 -6 5 3 1 -1 -3 -5 6 4 2 0 -2 -4 -6 5 3 1 -1 -3 -5 6 4 2 0 -2 -4 -6 5 3 1 -1 -3 -5 6 4 2 0 -2 -4 -6 5 3 1 -1 -3 -5 6 4 2 0 -2 -4 -6 5 3 1 -1 -3 -5 6 4 2 0 -2 -4 -6 5 3 1 -1 -3 -5 6 4 2 0 -2 -4 -6 5 3 1 -1 -3 -5 6 4 2 0 -2 -4 -6 5 3 1 -1 -3 -5 6 4 2 0 -2 -4 -6 5 3 1 -1 -3 -5 6 4 2 0 -2 -4 -6 5 3 1 -1 -3 -5 6 4 2 0 -2 -4 -6 5 3 1 -1 -3 -5 6 4 2 0 -2 -4 -6 5 3 1 -1 -3 -5 6 4 2 0 -2 -4 -6 5 3 1 -1 -3 -5 6 4 2 0 -2 -4 -6 5 3 1 -1 -3 -5 6 4 2 0 -2 -4 -6 5 3 1 -1 -3 -5 6 4 2 0 -2 -4 -6 5 3 1 -1 -3 -5 6 4 2 0 -2 -4 -6 5 3 1 -1 -3 -5 6 4 2 0 -2 -4 -6 5 3 1 -1 -3 -5 6 4 2 0 -2 -4 -6 5 3 1 -1 -3 -5 6 4 2 0 -2 -4 -6 5 3 1 -1 -3 -5 6 4 2 0 -2 -4 -6 5 3 1 -1 -3 -5 6 4 2 0 -2 -4 -6 5 3 1 -1 -3 -5 6 4 2 0 -2 -4 -6 5 3 1 -1 -3 -5 6 4 2 0 -2 -4 -6 5 3 1 -1 -3 -5 6 4 2 0 -2 -4 -6 5 3 1 -1 -3 -5 6 4 2 0 -2 -4 -6 5 3 1 -1 -3 -5 6 4 2 0 -2 -4 -6 5 3 1 -1 -3 -5 6 4 2 0 -2 -4 -6 5 3 1 -1 -3 -5 6 4 2 0 -2 -4 -6 5 3 1 -1 -3 -5 6 4 2 0 -2 -4 -6 5 3 1 -1 -3 -5 6 4 2 0 -2 -4 -6 5 3 1 -1 -3 -5 6 4 2 0 -2 -4
0 -2 -4 -6 5 3 1 -1 -3 -5 6 4 2 0 -2 -4 -6 5 3 1 -1 -3 -5 6 4 2 0 -2 -4 -6 5 3 1 -1 -3 -5 6 4 2 0 -2 -4 -6 5 3 1 -1 -3 -5 6 4 2 0 -2 -4 -6 5 3 1 -1 -3 -5 6 4 2 0 -2 -4 -6 5 3 1 -1 -3 -5 6 4 2 0 -2 -4 -6 5 3 1 -1 -3 -5 6 4 2 0 -2 -4 -6 5 3 1 -1 -3 -5 6 4 2 0 -2 -4 -6 5 3 1 -1 -3 -5 6 4 2 0 -2 -4 -6 5 3 1 -1 -3 -5 6 4 2 0 -2 -4 -6 5 3 1 -1 -3 -5 6 4 2 0 -2 -4 -6 5 3 1 -1 -3 -5 6 4 2 0 -2 -4 -6 5 3 1 -1 -3 -5 6 4 2 0 -2 -4 -6 5 3 1 -1 -3 -5 6 4 2 0 -2 -4 -6 5 3 1 -1 -3 -5 6 4 2 0 -2 -4 -6 5 3 1 -1 -3 -5 6 4 2 0 -2 -4 -6 5 3 1 -1 -3 -5 6 4 2 0 -2 -4 -6 5 3 1 -1 -3 -5 6 4 2 0 -2 -4 -6 5 3 1 -1 -3 -5 6 4 2 0 -2 -4 -6 5 3 1 -1 -3 -5 6 4 2 0 -2 -4 -6 5 3 1 -1 -3 -5 6 4 2 0 -2 -4 -6 5 3 1 -1 -3 -5 6 4 2 0 -2 -4 -6 5 3 1 -1 -3 -5 6 4 2 0 -2 -4 -6 5 3 1 -1 -3 -5 6 4 2 0 -2 -4 -6 5 3 1 -1 -3 -5 6 4 2 0 -2 -4 -6 5 3 1 -1 -3 -5 6 4 2 0 -2 -4 -6 5 3 1 -1 -3 -5 6 4 2 0 -2 -4 -6 5 3 1 -1 -3 -5 6 4 2 0 -2 -4 -6 5 3 1 -1 -3 -5 6 4 2 0 -2 -4 -6 5 3 1 -1 -3 -5 6 4 2 0 -2 -4 -6 5 3 1 -1 -3 -5 6 4 2 0 -2 -4 -6 5 3 1 -1 -3 -5 6 4 2 0 -2 -4 -6 5 3 1 -1 -3 -5 6 4 2 0 -2 -4 -6 5 3 1 -1 -3 -5 6 4 2 0 -2 -4 -6 5 3 1 -1 -3 -5 6 4 2 0 -2 -4 -6 5 3 1 -1 -3 -5 6 4 2 0 -2 -4 -6 5 3 1 -1 -3 -5 6 4 2 0 -2 -4 -6 5 3 1 -1 -3 -5 6 4 2 0 -2 -4 -6 5 3
-6 5 3 1 -1 -3 -5 6 4 2 0 -2 -4 -6 5 3 1 -1 -3 -5 6 4 2 0 -2 -4 -6 5 3 1 -1 -3 -5 6 4 2 0 -2 -4 -6 5 3 1 -1 -3 -5 6 4 2 0 -2 -4 -6 5 3 1 -1 -3 -5 6 4 2 0 -2 -4 -6 5 3 1 -1 -3 -5 6 4 2 0 -2 -4 -6 5 3 1 -1 -3 -5 6 4 2 0 -2 -4 -6 5 3 1 -1 -3 -5 6 4 2 0 -2 -4 -6 5 3 1 -1 -3 -5 6 4 2 0 -2 -4 -6 5 3 1 -1 -3 -5 6 4 2 0 -2 -4 -6 5 3 1 -1 -3 -5 6 4 2 0 -2 -4 -6 5 3 1 -1 -3 -5 6 4 2 0 -2 -4 -6 5 3 1 -1 -3 -5 6 4 2 0 -2 -4 -6 5 3 1 -1 -3 -5 6 4 2 0 -2 -4 -6 5 3 1 -1 -3 -5 6 4 2 0 -2 -4 -6 5 3 1 -1 -3 -5 6 4 2 0 -2 -4 -6 5 3 1 -1 -3 -5 6 4 2 0 -2 -4 -6 5 3 1 -1 -3 -5 6 4 2 0 -2 -4 -6 5 3 1 -1 -3 -5 6 4 2 0 -2 -4 -6 5 3 1 -1 -3 -5 6 4 2 0 -2 -4 -6 5 3 1 -1 -3 -5 6 4 2 0 -2 -4 -6 5 3 1 -1 -3 -5 6 4 2 0 -2 -4 -6 5 3 1 -1 -3 -5 6 4 2 0 -2 -4 -6 5 3 1 -1 -3 -5 6 4 2 0 -2 -4 -6 5 3 1 -1 -3 -5 6 4 2 0 -2 -4 -6 5 3 1 -1 -3 -5 6 4 2 0 -2 -4 -6 5 3 1 -1 -3 -5 6 4 2 0 -2 -4 -6 5 3 1 -1 -3 -5 6 4 2 0 -2 -4 -6 5 3 1 -1 -3 -5 6 4 2 0 -2 -4 -6 5 3 1 -1 -3 -5 6 4 2 0 -2 -4 -6 5 3 1 -1 -3 -5 6 4 2 0 -2 -4 -6 5 3 1 -1 -3 -5 6 4 2 0 -2 -4 -6 5 3 1 -1 -3 -5 6 4 2 0 -2 -4 -6 5 3 1 -1 -3 -5 6 4 2 0 -2 -4 -6 5 3 1 -1 -3 -5 6 4 2 0 -2 -4 -6 5 3 1 -1 -3 -5 6 4 2 0 -2 -4 -6 5 3 1 -1 -3 -5 6 4 2 0 -2 -4 -6 5 3 1 -1 -3 -5 6 4 2 0 -2 -4 -6 5 3 1 -1 -3
1 -1 -3 -5 6 4 2 0 -2 -4 -6 5 3 1 -1 -3 -5 6 4 2 0 -2 -4 -6 5 3 1 -1 -3 -5 6 4 2 0 -2 -4 -6 5 3 1 -1 -3 -5 6 4 2 0 -2 -4 -6 5 3 1 -1 -3 -5 6 4 2 0 -2 -4 -6 5 3 1 -1 -3 -5 6 4 2 0 -2 -4 -6 5 3 1 -1 -3 -5 6 4 2 0 -2 -4 -6 5 3 1 -1 -3 -5 6 4 2 0 -2 -4 -6 5 3 1 -1 -3 -5 6 4 2 0 -2 -4 -6 5 3 1 -1 -3 -5 6 4 2 0 -2 -4 -6 5 3 1 -1 -3 -5 6 4 2 0 -2 -4 -6 5 3 1 -1 -3 -5 6 4 2 0 -2 -4 -6 5 3 1 -1 -3 -5 6 4 2 0 -2 -4 -6 5 3 1 -1 -3 -5 6 4 2 0 -2 -4 -6 5 3 1 -1 -3 -5 6 4 2 0 -2 -4 -6 5 3 1 -1 -3 -5 6 4 2 0 -2 -4 -6 5 3 1 -1 -3 -5 6 4 2 0 -2 -4 -6 5 3 1 -1 -3 -5 6 4 2 0 -2 -4 -6 5 3 1 -1 -3 -5 6 4 2 0 -2 -4 -6 5 3 1 -1 -3 -5 6 4 2 0 -2 -4 -6 5 3 1 -1 -3 -5 6 4 2 0 -2 -4 -6 5 3 1 -1 -3 -5 6 4 2 0 -2 -4 -6 5 3 1 -1 -3 -5 6 4 2 0 -2 -4 -6 5 3 1 -1 -3 -5 6 4 2 0 -2 -4 -6 5 3 1 -1 -3 -5 6 4 2 0 -2 -4 -6 5 3 1 -1 -3 -5 6 4 2 0 -2 -4 -6 5 3 1 -1 -3 -5 6 4 2 0 -2 -4 -6 5 3 1 -1 -3 -5 6 4 2 0 -2 -4 -6 5 3 1 -1 -3 -5 6 4 2 0 -2 -4 -6 5 3 1 -1 -3 -5 6 4 2 0 -2 -4 -6 5 3 1 -1 -3 -5 6 4 2 0 -2 -4 -6 5 3 1 -1 -3 -5 6 4 2 0 -2 -4 -6 5 3 1 -1 -3 -5 6 4 2 0 -2 -4 -6 5 3 1 -1 -3 -5 6 4 2 0 -2 -4 -6 5 3 1 -1 -3 -5 6 4 2 0 -2 -4 -6 5 3 1 -1 -3 -5 6 4 2 0 -2 -4 -6 5 3 1 -1 -3 -5 6 4 2 0 -2 -4 -6 5 3 1 -1 -3 -5 6 4 2 0 -2 -4 -6 5 3 1 -1 -3 -5 6 4
-5 6 4 2 0 -2 -4 -6 5 3 1 -1 -3 -5 6 4 2 0 -2 -4 -6 5 3 1 -1 -3 -5 6 4 2 0 -2 -4 -6 5 3 1 -1 -3 -5 6 4 2 0 -2 -4 -6 5 3 1 -1 -3 -5 6 4 2 0 -2 -4 -6 5 3 1 -1 -3 -5 6 4 2 0 -2 -4 -6 5 3 1 -1 -3 -5 6 4 2 0 -2 -4 -6 5 3 1 -1 -3 -5 6 4 2 0 -2 -4 -6 5 3 1 -1 -3 -5 6 4 2 0 -2 -4 -6 5 3 1 -1 -3 -5 6 4 2 0 -2 -4 -6 5 3 1 -1 -3 -5 6 4 2 0 -2 -4 -6 5 3 1 -1 -3 -5 6 4 2 0 -2 -4 -6 5 3 1 -1 -3 -5 6 4 2 0 -2 -4 -6 5 3 1 -1 -3 -5 6 4 2 0 -2 -4 -6 5 3 1 -1 -3 -5 6 4 2 0 -2 -4 -6 5 3 1 -1 -3 -5 6 4 2 0 -2 -4 -6 5 3 1 -1 -3 -5 6 4 2 0 -2 -4 -6 5 3 1 -1 -3 -5 6 4 2 0 -2 -4 -6 5 3 1 -1 -3 -5 6 4 2 0 -2 -4 -6 5 3 1 -1 -3 -5 6 4 2 0 -2 -4 -6 5 3 1 -1 -3 -5 6 4 2 0 -2 -4 -6 5 3 1 -1 -3 -5 6 4 2 0 -2 -4 -6 5 3 1 -1 -3 -5 6 4 2 0 -2 -4 -6 5 3 1 -1 -3 -5 6 4 2 0 -2 -4 -6 5 3 1 -1 -3 -5 6 4 2 0 -2 -4 -6 5 3 1 -1 -3 -5 6 4 2 0 -2 -4 -6 5 3 1 -1 -3 -5 6 4 2 0 -2 -4 -6 5 3 1 -1 -3 -5 6 4 2 0 -2 -4 -6 5 3 1 -1 -3 -5 6 4 2 0 -2 -4 -6 5 3 1 -1 -3 -5 6 4 2 0 -2 -4 -6 5 3 1 -1 -3 -5 6 4 2 0 -2 -4 -6 5 3 1 -1 -3 -5 6 4 2 0 -2 -4 -6 5 3 1 -1 -3 -5 6 4 2 0 -2 -4 -6 5 3 1 -1 -3 -5 6 4 2 0 -2 -4 -6 5 3 1 -1 -3 -5 6 4 2 0 -2 -4 -6 5 3 1 -1 -3 -5 6 4 2 0 -2 -4 -6 5 3 1 -1 -3 -5 6 4 2 0 -2 -4 -6 5 3 1 -1 -3 -5 6 4 2 0 -2 -4 -6 5 3 1 -1 -3 -5 6 4 2 0 -2
2 0 -2 -4 -6 5 3 1 -1 -3 -5 6 4 2 0 -2 -4 -6 5 3 1 -1 -3 -5 6 4 2 0 -2 -4 -6 5 3 1 -1 -3 -5 6 4 2 0 -2 -4 -6 5 3 1 -1 -3 -5 6 4 2 0 -2 -4 -6 5 3 1 -1 -3 -5 6 4 2 0 -2 -4 -6 5 3 1 -1 -3 -5 6 4 2 0 -2 -4 -6 5 3 1 -1 -3 -5 6 4 2 0 -2 -4 -6 5 3 1 -1 -3 -5 6 4 2 0 -2 -4 -6 5 3 1 -1 -3 -5 6 4 2 0 -2 -4 -6 5 3 1 -1 -3 -5 6 4 2 0 -2 -4 -6 5 3 1 -1 -3 -5 6 4 2 0 -2 -4 -6 5 3 1 -1 -3 -5 6 4 2 0 -2 -4 -6 5 3 1 -1 -3 -5 6 4 2 0 -2 -4 -6 5 3 1 -1 -3 -5 6 4 2 0 -2 -4 -6 5 3 1 -1 -3 -5 6 4 2 0 -2 -4 -6 5 3 1 -1 -3 -5 6 4 2 0 -2 -4 -6 5 3 1 -1 -3 -5 6 4 2 0 -2 -4 -6 5 3 1 -1 -3 -5 6 4 2 0 -2 -4 -6 5 3 1 -1 -3 -5 6 4 2 0 -2 -4 -6 5 3 1 -1 -3 -5 6 4 2 0 -2 -4 -6 5 3 1 -1 -3 -5 6 4 2 0 -2 -4 -6 5 3 1 -1 -3 -5 6 4 2 0 -2 -4 -6 5 3 1 -1 -3 -5 6 4 2 0 -2 -4 -6 5 3 1 -1 -3 -5 6 4 2 0 -2 -4 -6 5 3 1 -1 -3 -5 6 4 2 0 -2 -4 -6 5 3 1 -1 -3 -5 6 4 2 0 -2 -4 -6 5 3 1 -1 -3 -5 6 4 2 0 -2 -4 -6 5 3 1 -1 -3 -5 6 4 2 0 -2 -4 -6 5 3 1 -1 -3 -5 6 4 2 0 -2 -4 -6 5 3 1 -1 -3 -5 6 4 2 0 -2 -4 -6 5 3 1 -1 -3 -5 6 4 2 0 -2 -4 -6 5 3 1 -1 -3 -5 6 4 2 0 -2 -4 -6 5 3 1 -1 -3 -5 6 4 2 0 -2 -4 -6 5 3 1 -1 -3 -5 6 4 2 0 -2 -4 -6 5 3 1 -1 -3 -5 6 4 2 0 -2 -4 -6 5 3 1 -1 -3 -5 6 4 2 0 -2 -4 -6 5 3 1 -1 -3 -5 6 4 2 0 -2 -4 -6 5 3 1 -1 -3 -5 6 4 2 0 -2 -4 -6 5
-4 -6 5 3 1 -1 -3 -5 6 4 2 0 -2 -4 -6 5 3 1 -1 -3 -5 6 4 2 0 -2 -4 -6 5 3 1 -1 -3 -5 6 4 2 0 -2 -4 -6 5 3 1 -1 -3 -5 6 4 2 0 -2 -4 -6 5 3 1 -1 -3 -5 6 4 2 0 -2 -4 -6 5 3 1 -1 -3 -5 6 4 2 0 -2 -4 -6 5 3 1 -1 -3 -5 6 4 2 0 -2 -4 -6 5 3 1 -1 -3 -5 6 4 2 0 -2 -4 -6 5 3 1 -1 -3 -5 6 4 2 0 -2 -4 -6 5 3 1 -1 -3 -5 6 4 2 0 -2 -4 -6 5 3 1 -1 -3 -5 6 4 2 0 -2 -4 -6 5 3 1 -1 -3 -5 6 4 2 0 -2 -4 -6 5 3 1 -1 -3 -5 6 4 2 0 -2 -4 -6 5 3 1 -1 -3 -5 6 4 2 0 -2 -4 -6 5 3 1 -1 -3 -5 6 4 2 0 -2 -4 -6 5 3 1 -1 -3 -5 6 4 2 0 -2 -4 -6 5 3 1 -1 -3 -5 6 4 2 0 -2 -4 -6 5 3 1 -1 -3 -5 6 4 2 0 -2 -4 -6 5 3 1 -1 -3 -5 6 4 2 0 -2 -4 -6 5 3 1 -1 -3 -5 6 4 2 0 -2 -4 -6 5 3 1 -1 -3 -5 6 4 2 0 -2 -4 -6 5 3 1 -1 -3 -5 6 4 2 0 -2 -4 -6 5 3 1 -1 -3 -5 6 4 2 0 -2 -4 -6 5 3 1 -1 -3 -5 6 4 2 0 -2 -4 -6 5 3 1 -1 -3 -5 6 4 2 0 -2 -4 -6 5 3 1 -1 -3 -5 6 4 2 0 -2 -4 -6 5 3 1 -1 -3 -5 6 4 2 0 -2 -4 -6 5 3 1 -1 -3 -5 6 4 2 0 -2 -4 -6 5 3 1 -1 -3 -5 6 4 2 0 -2 -4 -6 5 3 1 -1 -3 -5 6 4 2 0 -2 -4 -6 5 3 1 -1 -3 -5 6 4 2 0 -2 -4 -6 5 3 1 -1 -3 -5 6 4 2 0 -2 -4 -6 5 3 1 -1 -3 -5 6 4 2 0 -2 -4 -6 5 3 1 -1 -3 -5 6 4 2 0 -2 -4 -6 5 3 1 -1 -3 -5 6 4 2 0 -2 -4 -6 5 3 1 -1 -3 -5 6 4 2 0 -2 -4 -6 5 3 1 -1 -3 -5 6 4 2 0 -2 -4 -6 5 3 1 -1 -3 -5 6 4 2 0 -2 -4 -6 5 3 1 -1
3 1 -1 -3 -5 6 4 2 0 -2 -4 -6 5 3 1 -1 -3 -5 6 4 2 0 -2 -4 -6 5 3 1 -1 -3 -5 6 4 2 0 -2 -4 -6 5 3 1 -1 -3 -5 6 4 2 0 -2 -4 -6 5 3 1 -1 -3 -5 6 4 2 0 -2 -4 -6 5 3 1 -1 -3 -5 6 4 2 0 -2 -4 -6 5 3 1 -1 -3 -5 6 4 2 0 -2 -4 -6 5 3 1 -1 -3 -5 6 4 2 0 -2 -4 -6 5 3 1 -1 -3 -5 6 4 2 0 -2 -4 -6 5 3 1 -1 -3 -5 6 4 2 0 -2 -4 -6 5 3 1 -1 -3 -5 6 4 2 0 -2 -4 -6 5 3 1 -1 -3 -5 6 4 2 0 -2 -4 -6 5 3 1 -1 -3 -5 6 4 2 0 -2 -4 -6 5 3 1 -1 -3 -5 6 4 2 0 -2 -4 -6 5 3 1 -1 -3 -5 6 4 2 0 -2 -4 -6 5 3 1 -1 -3 -5 6 4 2 0 -2 -4 -6 5 3 1 -1 -3 -5 6 4 2 0 -2 -4 -6 5 3 1 -1 -3 -5 6 4 2 0 -2 -4 -6 5 3 1 -1 -3 -5 6 4 2 0 -2 -4 -6 5 3 1 -1 -3 -5 6 4 2 0 -2 -4 -6 5 3 1 -1 -3 -5 6 4 2 0 -2 -4 -6 5 3 1 -1 -3 -5 6 4 2 0 -2 -4 -6 5 3 1 -1 -3 -5 6 4 2 0 -2 -4 -6 5 3 1 -1 -3 -5 6 4 2 0 -2 -4 -6 5 3 1 -1 -3 -5 6 4 2 0 -2 -4 -6 5 3 1 -1 -3 -5 6 4 2 0 -2 -4 -6 5 3 1 -1 -3 -5 6 4 2 0 -2 -4 -6 5 3 1 -1 -3 -5 6 4 2 0 -2 -4 -6 5 3 1 -1 -3 -5 6 4 2 0 -2 -4 -6 5 3 1 -1 -3 -5 6 4 2 0 -2 -4 -6 5 3 1 -1 -3 -5 6 4 2 0 -2 -4 -6 5 3 1 -1 -3 -5 6 4 2 0 -2 -4 -6 5 3 1 -1 -3 -5 6 4 2 0 -2 -4 -6 5 3 1 -1 -3 -5 6 4 2 0 -2 -4 -6 5 3 1 -1 -3 -5 6 4 2 0 -2 -4 -6 5 3 1 -1 -3 -5 6 4 2 0 -2 -4 -6 5 3 1 -1 -3 -5 6 4 2 0 -2 -4 -6 5 3 1 -1 -3 -5 6 4 2 0 -2 -4 -6 5 3 1 -1 -3 -5 6
-3 -5 6 4 2 0 -2 -4 -6 5 3 1 -1 -3 -5 6 4 2 0 -2 -4 -6 5 3 1 -1 -3 -5 6 4 2 0 -2 -4 -6 5 3 1 -1 -3 -5 6 4 2 0 -2 -4 -6 5 3 1 -1 -3 -5 6 4 2 0 -2 -4 -6 5 3 1 -1 -3 -5 6 4 2 0 -2 -4 -6 5 3 1 -1 -3 -5 6 4 2 0 -2 -4 -6 5 3 1 -1 -3 -5 6 4 2 0 -2 -4 -6 5 3 1 -1 -3 -5 6 4 2 0 -2 -4 -6 5 3 1 -1 -3 -5 6 4 2 0 -2 -4 -6 5 3 1 -1 -3 -5 6 4 2 0 -2 -4 -6 5 3 1 -1 -3 -5 6 4 2 0 -2 -4 -6 5 3 1 -1 -3 -5 6 4 2 0 -2 -4 -6 5 3 1 -1 -3 -5 6 4 2 0 -2 -4 -6 5 3 1 -1 -3 -5 6 4 2 0 -2 -4 -6 5 3 1 -1 -3 -5 6 4 2 0 -2 -4 -6 5 3 1 -1 -3 -5 6 4 2 0 -2 -4 -6 5 3 1 -1 -3 -5 6 4 2 0 -2 -4 -6 5 3 1 -1 -3 -5 6 4 2 0 -2 -4 -6 5 3 1 -1 -3 -5 6 4 2 0 -2 -4 -6 5 3 1 -1 -3 -5 6 4 2 0 -2 -4 -6 5 3 1 -1 -3 -5 6 4 2 0 -2 -4 -6 5 3 1 -1 -3 -5 6 4 2 0 -2 -4 -6 5 3 1 -1 -3 -5 6 4 2 0 -2 -4 -6 5 3 1 -1 -3 -5 6 4 2 0 -2 -4 -6 5 3 1 -1 -3 -5 6 4 2 0 -2 -4 -6 5 3 1 -1 -3 -5 6 4 2 0 -2 -4 -6 5 3 1 -1 -3 -5 6 4 2 0 -2 -4 -6 5 3 1 -1 -3 -5 6 4 2 0 -2 -4 -6 5 3 1 -1 -3 -5 6 4 2 0 -2 -4 -6 5 3 1 -1 -3 -5 6 4 2 0 -2 -4 -6 5 3 1 -1 -3 -5 6 4 2 0 -2 -4 -6 5 3 1 -1 -3 -5 6 4 2 0 -2 -4 -6 5 3 1 -1 -3 -5 6 4 2 0 -2 -4 -6 5 3 1 -1 -3 -5 6 4 2 0 -2 -4 -6 5 3 1 -1 -3 -5 6 4 2 0 -2 -4 -6 5 3 1 -1 -3 -5 6 4 2 0 -2 -4 -6 5 3 1 -1 -3 -5 6 4 2 0 -2 -4 -6 5 3 1 -1 -3 -5 6 4 2 0
4 2 0 -2 -4 -6 5 3 1 -1 -3 -5 6 4 2 0 -2 -4 -6 5 3 1 -1 -3 -5 6 4 2 0 -2 -4 -6 5 3 1 -1 -3 -5 6 4 2 0 -2 -4 -6 5 3 1 -1 -3 -5 6 4 2 0 -2 -4 -6 5 3 1 -1 -3 -5 6 4 2 0 -2 -4 -6 5 3 1 -1 -3 -5 6 4 2 0 -2 -4 -6 5 3 1 -1 -3 -5 6 4 2 0 -2 -4 -6 5 3 1 -1 -3 -5 6 4 2 0 -2 -4 -6 5 3 1 -1 -3 -5 6 4 2 0 -2 -4 -6 5 3 1 -1 -3 -5 6 4 2 0 -2 -4 -6 5 3 1 -1 -3 -5 6 4 2 0 -2 -4 -6 5 3 1 -1 -3 -5 6 4 2 0 -2 -4 -6 5 3 1 -1 -3 -5 6 4 2 0 -2 -4 -6 5 3 1 -1 -3 -5 6 4 2 0 -2 -4 -6 5 3 1 -1 -3 -5 6 4 2 0 -2 -4 -6 5 3 1 -1 -3 -5 6 4 2 0 -2 -4 -6 5 3 1 -1 -3 -5 6 4 2 0 -2 -4 -6 5 3 1 -1 -3 -5 6 4 2 0 -2 -4 -6 5 3 1 -1 -3 -5 6 4 2 0 -2 -4 -6 5 3 1 -1 -3 -5 6 4 2 0 -2 -4 -6 5 3 1 -1 -3 -5 6 4 2 0 -2 -4 -6 5 3 1 -1 -3 -5 6 4 2 0 -2 -4 -6 5 3 1 -1 -3 -5 6 4 2 0 -2 -4 -6 5 3 1 -1 -3 -5 6 4 2 0 -2 -4 -6 5 3 1 -1 -3 -5 6 4 2 0 -2 -4 -6 5 3 1 -1 -3 -5 6 4 2 0 -2 -4 -6 5 3 1 -1 -3 -5 6 4 2 0 -2 -4 -6 5 3 1 -1 -3 -5 6 4 2 0 -2 -4 -6 5 3 1 -1 -3 -5 6 4 2 0 -2 -4 -6 5 3 1 -1 -3 -5 6 4 2 0 -2 -4 -6 5 3 1 -1 -3 -5 6 4 2 0 -2 -4 -6 5 3 1 -1 -3 -5 6 4 2 0 -2 -4 -6 5 3 1 -1 -3 -5 6 4 2 0 -2 -4 -6 5 3 1 -1 -3 -5 6 4 2 0 -2 -4 -6 5 3 1 -1 -3 -5 6 4 2 0 -2 -4 -6 5 3 1 -1 -3 -5 6 4 2 0 -2 -4 -6 5 3 1 -1 -3 -5 6 4 2 0 -2 -4 -6 5 3 1 -1 -3 -5 6 4 2 0 -2 -4 -6
-2 -4 -6 5 3 1 -1 -3 -5 6 4 2 0 -2 -4 -6 5 3 1 -1 -3 -5 6 4 2 0 -2 -4 -6 5 3 1 -1 -3 -5 6 4 2 0 -2 -4 -6 5 3 1 -1 -3 -5 6 4 2 0 -2 -4 -6 5 3 1 -1 -3 -5 6 4 2 0 -2 -4 -6 5 3 1 -1 -3 -5 6 4 2 0 -2 -4 -6 5 3 1 -1 -3 -5 6 4 2 0 -2 -4 -6 5 3 1 -1 -3 -5 6 4 2 0 -2 -4 -6 5 3 1 -1 -3 -5 6 4 2 0 -2 -4 -6 5 3 1 -1 -3 -5 6 4 2 0 -2 -4 -6 5 3 1 -1 -3 -5 6 4 2 0 -2 -4 -6 5 3 1 -1 -3 -5 6 4 2 0 -2 -4 -6 5 3 1 -1 -3 -5 6 4 2 0 -2 -4 -6 5 3 1 -1 -3 -5 6 4 2 0 -2 -4 -6 5 3 1 -1 -3 -5 6 4 2 0 -2 -4 -6 5 3 1 -1 -3 -5 6 4 2 0 -2 -4 -6 5 3 1 -1 -3 -5 6 4 2 0 -2 -4 -6 5 3 1 -1 -3 -5 6 4 2 0 -2 -4 -6 5 3 1 -1 -3 -5 6 4 2 0 -2 -4 -6 5 3 1 -1 -3 -5 6 4 2 0 -2 -4 -6 5 3 1 -1 -3 -5 6 4 2 0 -2 -4 -6 5 3 1 -1 -3 -5 6 4 2 0 -2 -4 -6 5 3 1 -1 -3 -5 6 4 2 0 -2 -4 -6 5 3 1 -1 -3 -5 6 4 2 0 -2 -4 -6 5 3 1 -1 -3 -5 6 4 2 0 -2 -4 -6 5 3 1 -1 -3 -5 6 4 2 0 -2 -4 -6 5 3 1 -1 -3 -5 6 4 2 0 -2 -4 -6 5 3 1 -1 -3 -5 6 4 2 0 -2 -4 -6 5 3 1 -1 -3 -5 6 4 2 0 -2 -4 -6 5 3 1 -1 -3 -5 6 4 2 0 -2 -4 -6 5 3 1 -1 -3 -5 6 4 2 0 -2 -4 -6 5 3 1 -1 -3 -5 6 4 2 0 -2 -4 -6 5 3 1 -1 -3 -5 6 4 2 0 -2 -4 -6 5 3 1 -1 -3 -5 6 4 2 0 -2 -4 -6 5 3 1 -1 -3 -5 6 4 2 0 -2 -4 -6 5 3 1 -1 -3 -5 6 4 2 0 -2 -4 -6 5 3 1 -1 -3 -5 6 4 2 0 -2 -4 -6 5 3 1 -1 -3 -5 6 4 2 0 -2 -4 -6 5 3 1
5 3 1 -1 -3 -5 6 4 2 0 -2 -4 -6 5 3 1 -1 -3 -5 6 4 2 0 -2 -4 -6 5 3 1 -1 -3 -5 6 4 2 0 -2 -4 -6 5 3 1 -1 -3 -5 6 4 2 0 -2 -4 -6 5 3 1 -1 -3 -5 6 4 2 0 -2 -4 -6 5 3 1 -1 -3 -5 6 4 2 0 -2 -4 -6 5 3 1 -1 -3 -5 6 4 2 0 -2 -4 -6 5 3 1 -1 -3 -5 6 4 2 0 -2 -4 -6 5 3 1 -1 -3 -5 6 4 2 0 -2 -4 -6 5 3 1 -1 -3 -5 6 4 2 0 -2 -4 -6 5 3 1 -1 -3 -5 6 4 2 0 -2 -4 -6 5 3 1 -1 -3 -5 6 4 2 0 -2 -4 -6 5 3 1 -1 -3 -5 6 4 2 0 -2 -4 -6 5 3 1 -1 -3 -5 6 4 2 0 -2 -4 -6 5 3 1 -1 -3 -5 6 4 2 0 -2 -4 -6 5 3 1 -1 -3 -5 6 4 2 0 -2 -4 -6 5 3 1 -1 -3 -5 6 4 2 0 -2 -4 -6 5 3 1 -1 -3 -5 6 4 2 0 -2 -4 -6 5 3 1 -1 -3 -5 6 4 2 0 -2 -4 -6 5 3 1 -1 -3 -5 6 4 2 0 -2 -4 -6 5 3 1 -1 -3 -5 6 4 2 0 -2 -4 -6 5 3 1 -1 -3 -5 6 4 2 0 -2 -4 -6 5 3 1 -1 -3 -5 6 4 2 0 -2 -4 -6 5 3 1 -1 -3 -5 6 4 2 0 -2 -4 -6 5 3 1 -1 -3 -5 6 4 2 0 -2 -4 -6 5 3 1 -1 -3 -5 6 4 2 0 -2 -4 -6 5 3 1 -1 -3 -5 6 4 2 0 -2 -4 -6 5 3 1 -1 -3 -5 6 4 2 0 -2 -4 -6 5 3 1 -1 -3 -5 6 4 2 0 -2 -4 -6 5 3 1 -1 -3 -5 6 4 2 0 -2 -4 -6 5 3 1 -1 -3 -5 6 4 2 0 -2 -4 -6 5 3 1 -1 -3 -5 6 4 2 0 -2 -4 -6 5 3 1 -1 -3 -5 6 4 2 0 -2 -4 -6 5 3 1 -1 -3 -5 6 4 2 0 -2 -4 -6 5 3 1 -1 -3 -5 6 4 2 0 -2 -4 -6 5 3 1 -1 -3 -5 6 4 2 0 -2 -4 -6 5 3 1 -1 -3 -5 6 4 2 0 -2 -4 -6 5 3 1 -1 -3 -5 6 4 2 0 -2 -4 -6 5 3 1 -1 -3 -5
-1 -3 -5 6 4 2 0 -2 -4 -6 5 3 1 -1 -3 -5 6 4 2 0 -2 -4 -6 5 3 1 -1 -3 -5 6 4 2 0 -2 -4 -6 5 3 1 -1 -3 -5 6 4 2 0 -2 -4 -6 5 3 1 -1 -3 -5 6 4 2 0 -2 -4 -6 5 3 1 -1 -3 -5 6 4 2 0 -2 -4 -6 5 3 1 -1 -3 -5 6 4 2 0 -2 -4 -6 5 3 1 -1 -3 -5 6 4 2 0 -2 -4 -6 5 3 1 -1 -3 -5 6 4 2 0 -2 -4 -6 5 3 1 -1 -3 -5 6 4 2 0 -2 -4 -6 5 3 1 -1 -3 -5 6 4 2 0 -2 -4 -6 5 3 1 -1 -3 -5 6 4 2 0 -2 -4 -6 5 3 1 -1 -3 -5 6 4 2 0 -2 -4 -6 5 3 1 -1 -3 -5 6 4 2 0 -2 -4 -6 5 3 1 -1 -3 -5 6 4 2 0 -2 -4 -6 5 3 1 -1 -3 -5 6 4 2 0 -2 -4 -6 5 3 1 -1 -3 -5 6 4 2 0 -2 -4 -6 5 3 1 -1 -3 -5 6 4 2 0 -2 -4 -6 5 3 1 -1 -3 -5 6 4 2 0 -2 -4 -6 5 3 1 -1 -3 -5 6 4 2 0 -2 -4 -6 5 3 1 -1 -3 -5 6 4 2 0 -2 -4 -6 5 3 1 -1 -3 -5 6 4 2 0 -2 -4 -6 5 3 1 -1 -3 -5 6 4 2 0 -2 -4 -6 5 3 1 -1 -3 -5 6 4 2 0 -2 -4 -6 5 3 1 -1 -3 -5 6 4 2 0 -2 -4 -6 5 3 1 -1 -3 -5 6 4 2 0 -2 -4 -6 5 3 1 -1 -3 -5 6 4 2 0 -2 -4 -6 5 3 1 -1 -3 -5 6 4 2 0 -2 -4 -6 5 3 1 -1 -3 -5 6 4 2 0 -2 -4 -6 5 3 1 -1 -3 -5 6 4 2 0 -2 -4 -6 5 3 1 -1 -3 -5 6 4 2 0 -2 -4 -6 5 3 1 -1 -3 -5 6 4 2 0 -2 -4 -6 5 3 1 -1 -3 -5 6 4 2 0 -2 -4 -6 5 3 1 -1 -3 -5 6 4 2 0 -2 -4 -6 5 3 1 -1 -3 -5 6 4 2 0 -2 -4 -6 5 3 1 -1 -3 -5 6 4 2 0 -2 -4 -6 5 3 1 -1 -3 -5 6 4 2 0 -2 -4 -6 5 3 1 -1 -3 -5 6 4 2 0 -2 -4 -6 5 3 1 -1 -3 -5 6 4 2
6 4 2 0 -2 -4 -6 5 3 1 -1 -3 -5 6 4 2 0 -2 -4 -6 5 3 1 -1 -3 -5 6 4 2 0 -2 -4 -6 5 3 1 -1 -3 -5 6 4 2 0 -2 -4 -6 5 3 1 -1 -3 -5 6 4 2 0 -2 -4 -6 5 3 1 -1 -3 -5 6 4 2 0 -2 -4 -6 5 3 1 -1 -3 -5 6 4 2 0 -2 -4 -6 5 3 1 -1 -3 -5 6 4 2 0 -2 -4 -6 5 3 1 -1 -3 -5 6 4 2 0 -2 -4 -6 5 3 1 -1 -3 -5 6 4 2 0 -2 -4 -6 5 3 1 -1 -3 -5 6 4 2 0 -2 -4 -6 5 3 1 -1 -3 -5 6 4 2 0 -2 -4 -6 5 3 1 -1 -3 -5 6 4 2 0 -2 -4 -6 5 3 1 -1 -3 -5 6 4 2 0 -2 -4 -6 5 3 1 -1 -3 -5 6 4 2 0 -2 -4 -6 5 3 1 -1 -3 -5 6 4 2 0 -2 -4 -6 5 3 1 -1 -3 -5 6 4 2 0 -2 -4 -6 5 3 1 -1 -3 -5 6 4 2 0 -2 -4 -6 5 3 1 -1 -3 -5 6 4 2 0 -2 -4 -6 5 3 1 -1 -3 -5 6 4 2 0 -2 -4 -6 5 3 1 -1 -3 -5 6 4 2 0 -2 -4 -6 5 3 1 -1 -3 -5 6 4 2 0 -2 -4 -6 5 3 1 -1 -3 -5 6 4 2 0 -2 -4 -6 5 3 1 -1 -3 -5 6 4 2 0 -2 -4 -6 5 3 1 -1 -3 -5 6 4 2 0 -2 -4 -6 5 3 1 -1 -3 -5 6 4 2 0 -2 -4 -6 5 3 1 -1 -3 -5 6 4 2 0 -2 -4 -6 5 3 1 -1 -3 -5 6 4 2 0 -2 -4 -6 5 3 1 -1 -3 -5 6 4 2 0 -2 -4 -6 5 3 1 -1 -3 -5 6 4 2 0 -2 -4 -6 5 3 1 -1 -3 -5 6 4 2 0 -2 -4 -6 5 3 1 -1 -3 -5 6 4 2 0 -2 -4 -6 5 3 1 -1 -3 -5 6 4 2 0 -2 -4 -6 5 3 1 -1 -3 -5 6 4 2 0 -2 -4 -6 5 3 1 -1 -3 -5 6 4 2 0 -2 -4 -6 5 3 1 -1 -3 -5 6 4 2 0 -2 -4 -6 5 3 1 -1 -3 -5 6 4 2 0 -2 -4 -6 5 3 1 -1 -3 -5 6 4 2 0 -2 -4 -6 5 3 1 -1 -3 -5 6 4 2 0 -2 -4
0 -2 -4 -6 5 3 1 -1 -3 -5 6 4 2 0 -2 -4 -6 5 3 1 -1 -3 -5 6 4 2 0 -2 -4 -6 5 3 1 -1 -3 -5 6 4 2 0 -2 -4 -6 5 3 1 -1 -3 -5 6 4 2 0 -2 -4 -6 5 3 1 -1 -3 -5 6 4 2 0 -2 -4 -6 5 3 1 -1 -3 -5 6 4 2 0 -2 -4 -6 5 3 1 -1 -3 -5 6 4 2 0 -2 -4 -6 5 3 1 -1 -3 -5 6 4 2 0 -2 -4 -6 5 3 1 -1 -3 -5 6 4 2 0 -2 -4 -6 5 3 1 -1 -3 -5 6 4 2 0 -2 -4 -6 5 3 1 -1 -3 -5 6 4 2 0 -2 -4 -6 5 3 1 -1 -3 -5 6 4 2 0 -2 -4 -6 5 3 1 -1 -3 -5 6 4 2 0 -2 -4 -6 5 3 1 -1 -3 -5 6 4 2 0 -2 -4 -6 5 3 1 -1 -3 -5 6 4 2 0 -2 -4 -6 5 3 1 -1 -3 -5 6 4 2 0 -2 -4 -6 5 3 1 -1 -3 -5 6 4 2 0 -2 -4 -6 5 3 1 -1 -3 -5 6 4 2 0 -2 -4 -6 5 3 1 -1 -3 -5 6 4 2 0 -2 -4 -6 5 3 1 -1 -3 -5 6 4 2 0 -2 -4 -6 5 3 1 -1 -3 -5 6 4 2 0 -2 -4 -6 5 3 1 -1 -3 -5 6 4 2 0 -2 -4 -6 5 3 1 -1 -3 -5 6 4 2 0 -2 -4 -6 5 3 1 -1 -3 -5 6 4 2 0 -2 -4 -6 5 3 1 -1 -3 -5 6 4 2 0 -2 -4 -6 5 3 1 -1 -3 -5 6 4 2 0 -2 -4 -6 5 3 1 -1 -3 -5 6 4 2 0 -2 -4 -6 5 3 1 -1 -3 -5 6 4 2 0 -2 -4 -6 5 3 1 -1 -3 -5 6 4 2 0 -2 -4 -6 5 3 1 -1 -3 -5 6 4 2 0 -2 -4 -6 5 3 1 -1 -3 -5 6 4 2 0 -2 -4 -6 5 3 1 -1 -3 -5 6 4 2 0 -2 -4 -6 5 3 1 -1 -3 -5 6 4 2 0 -2 -4 -6 5 3 1 -1 -3 -5 6 4 2 0 -2 -4 -6 5 3 1 -1 -3 -5 6 4 2 0 -2 -4 -6 5 3 1 -1 -3 -5 6 4 2 0 -2 -4 -6 5 3 1 -1 -3 -5 6 4 2 0 -2 -4 -6 5 3 1 -1 -3 -5 6 4 2 0 -2 -4 -6 5 3
-6 5 3 1 -1 -3 -5 6 4 2 0 -2 -4 -6 5 3 1 -1 -3 -5 6 4 2 0 -2 -4 -6 5 3 1 -1 -3 -5 6 4 2 0 -2 -4 -6 5 3 1 -1 -3 -5 6 4 2 0 -2 -4 -6 5 3 1 -1 -3 -5 6 4 2 0 -2 -4 -6 5 3 1 -1 -3 -5 6 4 2 0 -2 -4 -6 5 3 1 -1 -3 -5 6 4 2 0 -2 -4 -6 5 3 1 -1 -3 -5 6 4 2 0 -2 -4 -6 5 3 1 -1 -3 -5 6 4 2 0 -2 -4 -6 5 3 1 -1 -3 -5 6 4 2 0 -2 -4 -6 5 3 1 -1 -3 -5 6 4 2 0 -2 -4 -6 5 3 1 -1 -3 -5 6 4 2 0 -2 -4 -6 5 3 1 -1 -3 -5 6 4 2 0 -2 -4 -6 5 3 1 -1 -3 -5 6 4 2 0 -2 -4 -6 5 3 1 -1 -3 -5 6 4 2 0 -2 -4 -6 5 3 1 -1 -3 -5 6 4 2 0 -2 -4 -6 5 3 1 -1 -3 -5 6 4 2 0 -2 -4 -6 5 3 1 -1 -3 -5 6 4 2 0 -2 -4 -6 5 3 1 -1 -3 -5 6 4 2 0 -2 -4 -6 5 3 1 -1 -3 -5 6 4 2 0 -2 -4 -6 5 3 1 -1 -3 -5 6 4 2 0 -2 -4 -6 5 3 1 -1 -3 -5 6 4 2 0 -2 -4 -6 5 3 1 -1 -3 -5 6 4 2 0 -2 -4 -6 5 3 1 -1 -3 -5 6 4 2 0 -2 -4 -6 5 3 1 -1 -3 -5 6 4 2 0 -2 -4 -6 5 3 1 -1 -3 -5 6 4 2 0 -2 -4 -6 5 3 1 -1 -3 -5 6 4 2 0 -2 -4 -6 5 3 1 -1 -3 -5 6 4 2 0 -2 -4 -6 5 3 1 -1 -3 -5 6 4 2 0 -2 -4 -6 5 3 1 -1 -3 -5 6 4 2 0 -2 -4 -6 5 3 1 -1 -3 -5 6 4 2 0 -2 -4 -6 5 3 1 -1 -3 -5 6 4 2 0 -2 -4 -6 5 3 1 -1 -3 -5 6 4 2 0 -2 -4 -6 5 3 1 -1 -3 -5 6 4 2 0 -2 -4 -6 5 3 1 -1 -3 -5 6 4 2 0 -2 -4 -6 5 3 1 -1 -3 -5 6 4 2 0 -2 -4 -6 5 3 1 -1 -3 -5 6 4 2 0 -2 -4 -6 5 3 1 -1 -3 -5 6 4 2 0 -2 -4 -6 5 3 1 -1 -3
1 -1 -3 -5 6 4 2 0 -2 -4 -6 5 3 1 -1 -3 -5 6 4 2 0 -2 -4 -6 5 3 1 -1 -3 -5 6 4 2 0 -2 -4 -6 5 3 1 -1 -3 -5 6 4 2 0 -2 -4 -6 5 3 1 -1 -3 -5 6 4 2 0 -2 -4 -6 5 3 1 -1 -3 -5 6 4 2 0 -2 -4 -6 5 3 1 -1 -3 -5 6 4 2 0 -2 -4 -6 5 3 1 -1 -3 -5 6 4 2 0 -2 -4 -6 5 3 1 -1 -3 -5 6 4 2 0 -2 -4 -6 5 3 1 -1 -3 -5 6 4 2 0 -2 -4 -6 5 3 1 -1 -3 -5 6 4 2 0 -2 -4 -6 5 3 1 -1 -3 -5 6 4 2 0 -2 -4 -6 5 3 1 -1 -3 -5 6 4 2 0 -2 -4 -6 5 3 1 -1 -3 -5 6 4 2 0 -2 -4 -6 5 3 1 -1 -3 -5 6 4 2 0 -2 -4 -6 5 3 1 -1 -3 -5 6 4 2 0 -2 -4 -6 5 3 1 -1 -3 -5 6 4 2 0 -2 -4 -6 5 3 1 -1 -3 -5 6 4 2 0 -2 -4 -6 5 3 1 -1 -3 -5 6 4 2 0 -2 -4 -6 5 3 1 -1 -3 -5 6 4 2 0 -2 -4 -6 5 3 1 -1 -3 -5 6 4 2 0 -2 -4 -6 5 3 1 -1 -3 -5 6 4 2 0 -2 -4 -6 5 3 1 -1 -3 -5 6 4 2 0 -2 -4 -6 5 3 1 -1 -3 -5 6 4 2 0 -2 -4 -6 5 3 1 -1 -3 -5 6 4 2 0 -2 -4 -6 5 3 1 -1 -3 -5 6 4 2 0 -2 -4 -6 5 3 1 -1 -3 -5 6 4 2 0 -2 -4 -6 5 3 1 -1 -3 -5 6 4 2 0 -2 -4 -6 5 3 1 -1 -3 -5 6 4 2 0 -2 -4 -6 5 3 1 -1 -3 -5 6 4 2 0 -2 -4 -6 5 3 1 -1 -3 -5 6 4 2 0 -2 -4 -6 5 3 1 -1 -3 -5 6 4 2 0 -2 -4 -6 5 3 1 -1 -3 -5 6 4 2 0 -2 -4 -6 5 3 1 -1 -3 -5 6 4 2 0 -2 -4 -6 5 3 1 -1 -3 -5 6 4 2 0 -2 -4 -6 5 3 1 -1 -3 -5 6 4 2 0 -2 -4 -6 5 3 1 -1 -3 -5 6 4 2 0 -2 -4 -6 5 3 1 -1 -3 -5 6 4 2 0 -2 -4 -6 5 3 1 -1 -3 -5 6 4
-5 6 4 2 0 -2 -4 -6 5 3 1 -1 -3 -5 6 4 2 0 -2 -4 -6 5 3 1 -1 -3 -5 6 4 2 0 -2 -4 -6 5 3 1 -1 -3 -5 6 4 2 0 -2 -4 -6 5 3 1 -1 -3 -5 6 4 2 0 -2 -4 -6 5 3 1 -1 -3 -5 6 4 2 0 -2 -4 -6 5 3 1 -1 -3 -5 6 4 2 0 -2 -4 -6 5 3 1 -1 -3 -5 6 4 2 0 -2 -4 -6 5 3 1 -1 -3 -5 6 4 2 0 -2 -4 -6 5 3 1 -1 -3 -5 6 4 2 0 -2 -4 -6 5 3 1 -1 -3 -5 6 4 2 0 -2 -4 -6 5 3 1 -1 -3 -5 6 4 2 0 -2 -4 -6 5 3 1 -1 -3 -5 6 4 2 0 -2 -4 -6 5 3 1 -1 -3 -5 6 4 2 0 -2 -4 -6 5 3 1 -1 -3 -5 6 4 2 0 -2 -4 -6 5 3 1 -1 -3 -5 6 4 2 0 -2 -4 -6 5 3 1 -1 -3 -5 6 4 2 0 -2 -4 -6 5 3 1 -1 -3 -5 6 4 2 0 -2 -4 -6 5 3 1 -1 -3 -5 6 4 2 0 -2 -4 -6 5 3 1 -1 -3 -5 6 4 2 0 -2 -4 -6 5 3 1 -1 -3 -5 6 4 2 0 -2 -4 -6 5 3 1 -1 -3 -5 6 4 2 0 -2 -4 -6 5 3 1 -1 -3 -5 6 4 2 0 -2 -4 -6 5 3 1 -1 -3 -5 6 4 2 0 -2 -4 -6 5 3 1 -1 -3 -5 6 4 2 0 -2 -4 -6 5 3 1 -1 -3 -5 6 4 2 0 -2 -4 -6 5 3 1 -1 -3 -5 6 4 2 0 -2 -4 -6 5 3 1 -1 -3 -5 6 4 2 0 -2 -4 -6 5 3 1 -1 -3 -5 6 4 2 0 -2 -4 -6 5 3 1 -1 -3 -5 6 4 2 0 -2 -4 -6 5 3 1 -1 -3 -5 6 4 2 0 -2 -4 -6 5 3 1 -1 -3 -5 6 4 2 0 -2 -4 -6 5 3 1 -1 -3 -5 6 4 2 0 -2 -4 -6 5 3 1 -1 -3 -5 6 4 2 0 -2 -4 -6 5 3 1 -1 -3 -5 6 4 2 0 -2 -4 -6 5 3 1 -1 -3 -5 6 4 2 0 -2 -4 -6 5 3 1 -1 -3 -5 6 4 2 0 -2 -4 -6 5 3 1 -1 -3 -5 6 4 2 0 -2 -4 -6 5 3 1 -1 -3 -5 6 4 2 0 -2
2 0 -2 -4 -6 5 3 1 -1 -3 -5 6 4 2 0 -2 -4 -6 5 3 1 -1 -3 -5 6 4 2 0 -2 -4 -6 5 3 1 -1 -3 -5 6 4 2 0 -2 -4 -6 5 3 1 -1 -3 -5 6 4 2 0 -2 -4 -6 5 3 1 -1 -3 -5 6 4 2 0 -2 -4 -6 5 3 1 -1 -3 -5 6 4 2 0 -2 -4 -6 5 3 1 -1 -3 -5 6 4 2 0 -2 -4 -6 5 3 1 -1 -3 -5 6 4 2 0 -2 -4 -6 5 3 1 -1 -3 -5 6 4 2 0 -2 -4 -6 5 3 1 -1 -3 -5 6 4 2 0 -2 -4 -6 5 3 1 -1 -3 -5 6 4 2 0 -2 -4 -6 5 3 1 -1 -3 -5 6 4 2 0 -2 -4 -6 5 3 1 -1 -3 -5 6 4 2 0 -2 -4 -6 5 3 1 -1 -3 -5 6 4 2 0 -2 -4 -6 5 3 1 -1 -3 -5 6 4 2 0 -2 -4 -6 5 3 1 -1 -3 -5 6 4 2 0 -2 -4 -6 5 3 1 -1 -3 -5 6 4 2 0 -2 -4 -6 5 3 1 -1 -3 -5 6 4 2 0 -2 -4 -6 5 3 1 -1 -3 -5 6 4 2 0 -2 -4 -6 5 3 1 -1 -3 -5 6 4 2 0 -2 -4 -6 5 3 1 -1 -3 -5 6 4 2 0 -2 -4 -6 5 3 1 -1 -3 -5 6 4 2 0 -2 -4 -6 5 3 1 -1 -3 -5 6 4 2 0 -2 -4 -6 5 3 1 -1 -3 -5 6 4 2 0 -2 -4 -6 5 3 1 -1 -3 -5 6 4 2 0 -2 -4 -6 5 3 1 -1 -3 -5 6 4 2 0 -2 -4 -6 5 3 1 -1 -3 -5 6 4 2 0 -2 -4 -6 5 3 1 -1 -3 -5 6 4 2 0 -2 -4 -6 5 3 1 -1 -3 -5 6 4 2 0 -2 -4 -6 5 3 1 -1 -3 -5 6 4 2 0 -2 -4 -6 5 3 1 -1 -3 -5 6 4 2 0 -2 -4 -6 5 3 1 -1 -3 -5 6 4 2 0 -2 -4 -6 5 3 1 -1 -3 -5 6 4 2 0 -2 -4 -6 5 3 1 -1 -3 -5 6 4 2 0 -2 -4 -6 5 3 1 -1 -3 -5 6 4 2 0 -2 -4 -6 5 3 1 -1 -3 -5 6 4 2 0 -2 -4 -6 5 3 1 -1 -3 -5 6 4 2 0 -2 -4 -6 5 3 1 -1 -3 -5 6 4 2 0 -2 -4 -6 5
-4 -6 5 3 1 -1 -3 -5 6 4 2 0 -2 -4 -6 5 3 1 -1 -3 -5 6 4 2 0 -2 -4 -6 5 3 1 -1 -3 -5 6 4 2 0 -2 -4 -6 5 3 1 -1 -3 -5 6 4 2 0 -2 -4 -6 5 3 1 -1 -3 -5 6 4 2 0 -2 -4 -6 5 3 1 -1 -3 -5 6 4 2 0 -2 -4 -6 5 3 1 -1 -3 -5 6 4 2 0 -2 -4 -6 5 3 1 -1 -3 -5 6 4 2 0 -2 -4 -6 5 3 1 -1 -3 -5 6 4 2 0 -2 -4 -6 5 3 1 -1 -3 -5 6 4 2 0 -2 -4 -6 5 3 1 -1 -3 -5 6 4 2 0 -2 -4 -6 5 3 1 -1 -3 -5 6 4 2 0 -2 -4 -6 5 3 1 -1 -3 -5 6 4 2 0 -2 -4 -6 5 3 1 -1 -3 -5 6 4 2 0 -2 -4 -6 5 3 1 -1 -3 -5 6 4 2 0 -2 -4 -6 5 3 1 -1 -3 -5 6 4 2 0 -2 -4 -6 5 3 1 -1 -3 -5 6 4 2 0 -2 -4 -6 5 3 1 -1 -3 -5 6 4 2 0 -2 -4 -6 5 3 1 -1 -3 -5 6 4 2 0 -2 -4 -6 5 3 1 -1 -3 -5 6 4 2 0 -2 -4 -6 5 3 1 -1 -3 -5 6 4 2 0 -2 -4 -6 5 3 1 -1 -3 -5 6 4 2 0 -2 -4 -6 5 3 1 -1 -3 -5 6 4 2 0 -2 -4 -6 5 3 1 -1 -3 -5 6 4 2 0 -2 -4 -6 5 3 1 -1 -3 -5 6 4 2 0 -2 -4 -6 5 3 1 -1 -3 -5 6 4 2 0 -2 -4 -6 5 3 1 -1 -3 -5 6 4 2 0 -2 -4 -6 5 3 1 -1 -3 -5 6 4 2 0 -2 -4 -6 5 3 1 -1 -3 -5 6 4 2 0 -2 -4 -6 5 3 1 -1 -3 -5 6 4 2 0 -2 -4 -6 5 3 1 -1 -3 -5 6 4 2 0 -2 -4 -6 5 3 1 -1 -3 -5 6 4 2 0 -2 -4 -6 5 3 1 -1 -3 -5 6 4 2 0 -2 -4 -6 5 3 1 -1 -3 -5 6 4 2 0 -2 -4 -6 5 3 1 -1 -3 -5 6 4 2 0 -2 -4 -6 5 3 1 -1 -3 -5 6 4 2 0 -2 -4 -6 5 3 1 -1 -3 -5 6 4 2 0 -2 -4 -6 5 3 1 -1 -3 -5 6 4 2 0 -2 -4 -6 5 3 1 -1
3 1 -1 -3 -5 6 4 2 0 -2 -4 -6 5 3 1 -1 -3 -5 6 4 2 0 -2 -4 -6 5 3 1 -1 -3 -5 6 4 2 0 -2 -4 -6 5 3 1 -1 -3 -5 6 4 2 0 -2 -4 -6 5 3 1 -1 -3 -5 6 4 2 0 -2 -4 -6 5 3 1 -1 -3 -5 6 4 2 0 -2 -4 -6 5 3 1 -1 -3 -5 6 4 2 0 -2 -4 -6 5 3 1 -1 -3 -5 6 4 2 0 -2 -4 -6 5 3 1 -1 -3 -5 6 4 2 0 -2 -4 -6 5 3 1 -1 -3 -5 6 4 2 0 -2 -4 -6 5 3 1 -1 -3 -5 6 4 2 0 -2 -4 -6 5 3 1 -1 -3 -5 6 4 2 0 -2 -4 -6 5 3 1 -1 -3 -5 6 4 2 0 -2 -4 -6 5 3 1 -1 -3 -5 6 4 2 0 -2 -4 -6 5 3 1 -1 -3 -5 6 4 2 0 -2 -4 -6 5 3 1 -1 -3 -5 6 4 2 0 -2 -4 -6 5 3 1 -1 -3 -5 6 4 2 0 -2 -4 -6 5 3 1 -1 -3 -5 6 4 2 0 -2 -4 -6 5 3 1 -1 -3 -5 6 4 2 0 -2 -4 -6 5 3 1 -1 -3 -5 6 4 2 0 -2 -4 -6 5 3 1 -1 -3 -5 6 4 2 0 -2 -4 -6 5 3 1 -1 -3 -5 6 4 2 0 -2 -4 -6 5 3 1 -1 -3 -5 6 4 2 0 -2 -4 -6 5 3 1 -1 -3 -5 6 4 2 0 -2 -4 -6 5 3 1 -1 -3 -5 6 4 2 0 -2 -4 -6 5 3 1 -1 -3 -5 6 4 2 0 -2 -4 -6 5 3 1 -1 -3 -5 6 4 2 0 -2 -4 -6 5 3 1 -1 -3 -5 6 4 2 0 -2 -4 -6 5 3 1 -1 -3 -5 6 4 2 0 -2 -4 -6 5 3 1 -1 -3 -5 6 4 2 0 -2 -4 -6 5 3 1 -1 -3 -5 6 4 2 0 -2 -4 -6 5 3 1 -1 -3 -5 6 4 2 0 -2 -4 -6 5 3 1 -1 -3 -5 6 4 2 0 -2 -4 -6 5 3 1 -1 -3 -5 6 4 2 0 -2 -4 -6 5 3 1 -1 -3 -5 6 4 2 0 -2 -4 -6 5 3 1 -1 -3 -5 6 4 2 0 -2 -4 -6 5 3 1 -1 -3 -5 6 4 2 0 -2 -4 -6 5 3 1 -1 -3 -5 6 4 2 0 -2 -4 -6 5 3 1 -1 -3 -5 6
-3 -5 6 4 2 0 -2 -4 -6 5 3 1 -1 -3 -5 6 4 2 0 -2 -4 -6 5 3 1 -1 -3 -5 6 4 2 0 -2 -4 -6 5 3 1 -1 -3 -5 6 4 2 0 -2 -4 -6 5 3 1 -1 -3 -5 6 4 2 0 -2 -4 -6 5 3 1 -1 -3 -5 6 4 2 0 -2 -4 -6 5 3 1 -1 -3 -5 6 4 2 0 -2 -4 -6 5 3 1 -1 -3 -5 6 4 2 0 -2 -4 -6 5 3 1 -1 -3 -5 6 4 2 0 -2 -4 -6 5 3 1 -1 -3 -5 6 4 2 0 -2 -4 -6 5 3 1 -1 -3 -5 6 4 2 0 -2 -4 -6 5 3 1 -1 -3 -5 6 4 2 0 -2 -4 -6 5 3 1 -1 -3 -5 6 4 2 0 -2 -4 -6 5 3 1 -1 -3 -5 6 4 2 0 -2 -4 -6 5 3 1 -1 -3 -5 6 4 2 0 -2 -4 -6 5 3 1 -1 -3 -5 6 4 2 0 -2 -4 -6 5 3 1 -1 -3 -5 6 4 2 0 -2 -4 -6 5 3 1 -1 -3 -5 6 4 2 0 -2 -4 -6 5 3 1 -1 -3 -5 6 4 2 0 -2 -4 -6 5 3 1 -1 -3 -5 6 4 2 0 -2 -4 -6 5 3 1 -1 -3 -5 6 4 2 0 -2 -4 -6 5 3 1 -1 -3 -5 6 4 2 0 -2 -4 -6 5 3 1 -1 -3 -5 6 4 2 0 -2 -4 -6 5 3 1 -1 -3 -5 6 4 2 0 -2 -4 -6 5 3 1 -1 -3 -5 6 4 2 0 -2 -4 -6 5 3 1 -1 -3 -5 6 4 2 0 -2 -4 -6 5 3 1 -1 -3 -5 6 4 2 0 -2 -4 -6 5 3 1 -1 -3 -5 6 4 2 0 -2 -4 -6 5 3 1 -1 -3 -5 6 4 2 0 -2 -4 -6 5 3 1 -1 -3 -5 6 4 2 0 -2 -4 -6 5 3 1 -1 -3 -5 6 4 2 0 -2 -4 -6 5 3 1 -1 -3 -5 6 4 2 0 -2 -4 -6 5 3 1 -1 -3 -5 6 4 2 0 -2 -4 -6 5 3 1 -1 -3 -5 6 4 2 0 -2 -4 -6 5 3 1 -1 -3 -5 6 4 2 0 -2 -4 -6 5 3 1 -1 -3 -5 6 4 2 0 -2 -4 -6 5 3 1 -1 -3 -5 6 4 2 0 -2 -4 -6 5 3 1 -1 -3 -5 6 4 2 0 -2 -4 -6 5 3 1 -1 -3 -5 6 4 2 0
4 2 0 -2 -4 -6 5 3 1 -1 -3 -5 6 4 2 0 -2 -4 -6 5 3 1 -1 -3 -5 6 4 2 0 -2 -4 -6 5 3 1 -1 -3 -5 6 4 2 0 -2 -4 -6 5 3 1 -1 -3 -5 6 4 2 0 -2 -4 -6 5 3 1 -1 -3 -5 6 4 2 0 -2 -4 -6 5 3 1 -1 -3 -5 6 4 2 0 -2 -4 -6 5 3 1 -1 -3 -5 6 4 2 0 -2 -4 -6 5 3 1 -1 -3 -5 6 4 2 0 -2 -4 -6 5 3 1 -1 -3 -5 6 4 2 0 -2 -4 -6 5 3 1 -1 -3 -5 6 4 2 0 -2 -4 -6 5 3 1 -1 -3 -5 6 4 2 0 -2 -4 -6 5 3 1 -1 -3 -5 6 4 2 0 -2 -4 -6 5 3 1 -1 -3 -5 6 4 2 0 -2 -4 -6 5 3 1 -1 -3 -5 6 4 2 0 -2 -4 -6 5 3 1 -1 -3 -5 6 4 2 0 -2 -4 -6 5 3 1 -1 -3 -5 6 4 2 0 -2 -4 -6 5 3 1 -1 -3 -5 6 4 2 0 -2 -4 -6 5 3 1 -1 -3 -5 6 4 2 0 -2 -4 -6 5 3 1 -1 -3 -5 6 4 2 0 -2 -4 -6 5 3 1 -1 -3 -5 6 4 2 0 -2 -4 -6 5 3 1 -1 -3 -5 6 4 2 0 -2 -4 -6 5 3 1 -1 -3 -5 6 4 2 0 -2 -4 -6 5 3 1 -1 -3 -5 6 4 2 0 -2 -4 -6 5 3 1 -1 -3 -5 6 4 2 0 -2 -4 -6 5 3 1 -1 -3 -5 6 4 2 0 -2 -4 -6 5 3 1 -1 -3 -5 6 4 2 0 -2 -4 -6 5 3 1 -1 -3 -5 6 4 2 0 -2 -4 -6 5 3 1 -1 -3 -5 6 4 2 0 -2 -4 -6 5 3 1 -1 -3 -5 6 4 2 0 -2 -4 -6 5 3 1 -1 -3 -5 6 4 2 0 -2 -4 -6 5 3 1 -1 -3 -5 6 4 2 0 -2 -4 -6 5 3 1 -1 -3 -5 6 4 2 0 -2 -4 -6 5 3 1 -1 -3 -5 6 4 2 0 -2 -4 -6 5 3 1 -1 -3 -5 6 4 2 0 -2 -4 -6 5 3 1 -1 -3 -5 6 4 2 0 -2 -4 -6 5 3 1 -1 -3 -5 6 4 2 0 -2 -4 -6 5 3 1 -1 -3 -5 6 4 2 0 -2 -4 -6 5 3 1 -1 -3 -5 6 4 2 0 -2 -4 -6
-2 -4 -6 5 3 1 -1 -3 -5 6 4 2 0 -2 -4 -6 5 3 1 -1 -3 -5 6 4 2 0 -2 -4 -6 5 3 1 -1 -3 -5 6 4 2 0 -2 -4 -6 5 3 1 -1 -3 -5 6 4 2 0 -2 -4 -6 5 3 1 -1 -3 -5 6 4 2 0 -2 -4 -6 5 3 1 -1 -3 -5 6 4 2 0 -2 -4 -6 5 3 1 -1 -3 -5 6 4 2 0 -2 -4 -6 5 3 1 -1 -3 -5 6 4 2 0 -2 -4 -6 5 3 1 -1 -3 -5 6 4 2 0 -2 -4 -6 5 3 1 -1 -3 -5 6 4 2 0 -2 -4 -6 5 3 1 -1 -3 -5 6 4 2 0 -2 -4 -6 5 3 1 -1 -3 -5 6 4 2 0 -2 -4 -6 5 3 1 -1 -3 -5 6 4 2 0 -2 -4 -6 5 3 1 -1 -3 -5 6 4 2 0 -2 -4 -6 5 3 1 -1 -3 -5 6 4 2 0 -2 -4 -6 5 3 1 -1 -3 -5 6 4 2 0 -2 -4 -6 5 3 1 -1 -3 -5 6 4 2 0 -2 -4 -6 5 3 1 -1 -3 -5 6 4 2 0 -2 -4 -6 5 3 1 -1 -3 -5 6 4 2 0 -2 -4 -6 5 3 1 -1 -3 -5 6 4 2 0 -2 -4 -6 5 3 1 -1 -3 -5 6 4 2 0 -2 -4 -6 5 3 1 -1 -3 -5 6 4 2 0 -2 -4 -6 5 3 1 -1 -3 -5 6 4 2 0 -2 -4 -6 5 3 1 -1 -3 -5 6 4 2 0 -2 -4 -6 5 3 1 -1 -3 -5 6 4 2 0 -2 -4 -6 5 3 1 -1 -3 -5 6 4 2 0 -2 -4 -6 5 3 1 -1 -3 -5 6 4 2 0 -2 -4 -6 5 3 1 -1 -3 -5 6 4 2 0 -2 -4 -6 5 3 1 -1 -3 -5 6 4 2 0 -2 -4 -6 5 3 1 -1 -3 -5 6 4 2 0 -2 -4 -6 5 3 1 -1 -3 -5 6 4 2 0 -2 -4 -6 5 3 1 -1 -3 -5 6 4 2 0 -2 -4 -6 5 3 1 -1 -3 -5 6 4 2 0 -2 -4 -6 5 3 1 -1 -3 -5 6 4 2 0 -2 -4 -6 5 3 1 -1 -3 -5 6 4 2 0 -2 -4 -6 5 3 1 -1 -3 -5 6 4 2 0 -2 -4 -6 5 3 1 -1 -3 -5 6 4 2 0 -2 -4 -6 5 3 1 -1 -3 -5 6 4 2 0 -2 -4 -6 5 3 1
5 3 1 -1 -3 -5 6 4 2 0 -2 -4 -6 5 3 1 -1 -3 -5 6 4 2 0 -2 -4 -6 5 3 1 -1 -3 -5 6 4 2 0 -2 -4 -6 5 3 1 -1 -3 -5 6 4 2 0 -2 -4 -6 5 3 1 -1 -3 -5 6 4 2 0 -2 -4 -6 5 3 1 -1 -3 -5 6 4 2 0 -2 -4 -6 5 3 1 -1 -3 -5 6 4 2 0 -2 -4 -6 5 3 1 -1 -3 -5 6 4 2 0 -2 -4 -6 5 3 1 -1 -3 -5 6 4 2 0 -2 -4 -6 5 3 1 -1 -3 -5 6 4 2 0 -2 -4 -6 5 3 1 -1 -3 -5 6 4 2 0 -2 -4 -6 5 3 1 -1 -3 -5 6 4 2 0 -2 -4 -6 5 3 1 -1 -3 -5 6 4 2 0 -2 -4 -6 5 3 1 -1 -3 -5 6 4 2 0 -2 -4 -6 5 3 1 -1 -3 -5 6 4 2 0 -2 -4 -6 5 3 1 -1 -3 -5 6 4 2 0 -2 -4 -6 5 3 1 -1 -3 -5 6 4 2 0 -2 -4 -6 5 3 1 -1 -3 -5 6 4 2 0 -2 -4 -6 5 3 1 -1 -3 -5 6 4 2 0 -2 -4 -6 5 3 1 -1 -3 -5 6 4 2 0 -2 -4 -6 5 3 1 -1 -3 -5 6 4 2 0 -2 -4 -6 5 3 1 -1 -3 -5 6 4 2 0 -2 -4 -6 5 3 1 -1 -3 -5 6 4 2 0 -2 -4 -6 5 3 1 -1 -3 -5 6 4 2 0 -2 -4 -6 5 3 1 -1 -3 -5 6 4 2 0 -2 -4 -6 5 3 1 -1 -3 -5 6 4 2 0 -2 -4 -6 5 3 1 -1 -3 -5 6 4 2 0 -2 -4 -6 5 3 1 -1 -3 -5 6 4 2 0 -2 -4 -6 5 3 1 -1 -3 -5 6 4 2 0 -2 -4 -6 5 3 1 -1 -3 -5 6 4 2 0 -2 -4 -6 5 3 1 -1 -3 -5 6 4 2 0 -2 -4 -6 5 3 1 -1 -3 -5 6 4 2 0 -2 -4 -6 5 3 1 -1 -3 -5 6 4 2 0 -2 -4 -6 5 3 1 -1 -3 -5 6 4 2 0 -2 -4 -6 5 3 1 -1 -3 -5 6 4 2 0 -2 -4 -6 5 3 1 -1 -3 -5 6 4 2 0 -2 -4 -6 5 3 1 -1 -3 -5 6 4 2 0 -2 -4 -6 5 3 1 -1 -3 -5 6 4 2 0 -2 -4 -6 5 3 1 -1 -3 -5
-1 -3 -5 6 4 2 0 -2 -4 -6 5 3 1 -1 -3 -5 6 4 2 0 -2 -4 -6 5 3 1 -1 -3 -5 6 4 2 0 -2 -4 -6 5 3 1 -1 -3 -5 6 4 2 0 -2 -4 -6 5 3 1 -1 -3 -5 6 4 2 0 -2 -4 -6 5 3 1 -1 -3 -5 6 4 2 0 -2 -4 -6 5 3 1 -1 -3 -5 6 4 2 0 -2 -4 -6 5 3 1 -1 -3 -5 6 4 2 0 -2 -4 -6 5 3 1 -1 -3 -5 6 4 2 0 -2 -4 -6 5 3 1 -1 -3 -5 6 4 2 0 -2 -4 -6 5 3 1 -1 -3 -5 6 4 2 0 -2 -4 -6 5 3 1 -1 -3 -5 6 4 2 0 -2 -4 -6 5 3 1 -1 -3 -5 6 4 2 0 -2 -4 -6 5 3 1 -1 -3 -5 6 4 2 0 -2 -4 -6 5 3 1 -1 -3 -5 6 4 2 0 -2 -4 -6 5 3 1 -1 -3 -5 6 4 2 0 -2 -4 -6 5 3 1 -1 -3 -5 6 4 2 0 -2 -4 -6 5 3 1 -1 -3 -5 6 4 2 0 -2 -4 -6 5 3 1 -1 -3 -5 6 4 2 0 -2 -4 -6 5 3 1 -1 -3 -5 6 4 2 0 -2 -4 -6 5 3 1 -1 -3 -5 6 4 2 0 -2 -4 -6 5 3 1 -1 -3 -5 6 4 2 0 -2 -4 -6 5 3 1 -1 -3 -5 6 4 2 0 -2 -4 -6 5 3 1 -1 -3 -5 6 4 2 0 -2 -4 -6 5 3 1 -1 -3 -5 6 4 2 0 -2 -4 -6 5 3 1 -1 -3 -5 6 4 2 0 -2 -4 -6 5 3 1 -1 -3 -5 6 4 2 0 -2 -4 -6 5 3 1 -1 -3 -5 6 4 2 0 -2 -4 -6 5 3 1 -1 -3 -5 6 4 2 0 -2 -4 -6 5 3 1 -1 -3 -5 6 4 2 0 -2 -4 -6 5 3 1 -1 -3 -5 6 4 2 0 -2 -4 -6 5 3 1 -1 -3 -5 6 4 2 0 -2 -4 -6 5 3 1 -1 -3 -5 6 4 2 0 -2 -4 -6 5 3 1 -1 -3 -5 6 4 2 0 -2 -4 -6 5 3 1 -1 -3 -5 6 4 2 0 -2 -4 -6 5 3 1 -1 -3 -5 6 4 2 0 -2 -4 -6 5 3 1 -1 -3 -5 6 4 2 0 -2 -4 -6 5 3 1 -1 -3 -5 6 4 2 0 -2 -4 -6 5 3 1 -1 -3 -5 6 4 2
6 4 2 0 -2 -4 -6 5 3 1 -1 -3 -5 6 4 2 0 -2 -4 -6 5 3 1 -1 -3 -5 6 4 2 0 -2 -4 -6 5 3 1 -1 -3 -5 6 4 2 0 -2 -4 -6 5 3 1 -1 -3 -5 6 4 2 0 -2 -4 -6 5 3 1 -1 -3 -5 6 4 2 0 -2 -4 -6 5 3 1 -1 -3 -5 6 4 2 0 -2 -4 -6 5 3 1 -1 -3 -5 6 4 2 0 -2 -4 -6 5 3 1 -1 -3 -5 6 4 2 0 -2 -4 -6 5 3 1 -1 -3 -5 6 4 2 0 -2 -4 -6 5 3 1 -1 -3 -5 6 4 2 0 -2 -4 -6 5 3 1 -1 -3 -5 6 4 2 0 -2 -4 -6 5 3 1 -1 -3 -5 6 4 2 0 -2 -4 -6 5 3 1 -1 -3 -5 6 4 2 0 -2 -4 -6 5 3 1 -1 -3 -5 6 4 2 0 -2 -4 -6 5 3 1 -1 -3 -5 6 4 2 0 -2 -4 -6 5 3 1 -1 -3 -5 6 4 2 0 -2 -4 -6 5 3 1 -1 -3 -5 6 4 2 0 -2 -4 -6 5 3 1 -1 -3 -5 6 4 2 0 -2 -4 -6 5 3 1 -1 -3 -5 6 4 2 0 -2 -4 -6 5 3 1 -1 -3 -5 6 4 2 0 -2 -4 -6 5 3 1 -1 -3 -5 6 4 2 0 -2 -4 -6 5 3 1 -1 -3 -5 6 4 2 0 -2 -4 -6 5 3 1 -1 -3 -5 6 4 2 0 -2 -4 -6 5 3 1 -1 -3 -5 6 4 2 0 -2 -4 -6 5 3 1 -1 -3 -5 6 4 2 0 -2 -4 -6 5 3 1 -1 -3 -5 6 4 2 0 -2 -4 -6 5 3 1 -1 -3 -5 6 4 2 0 -2 -4 -6 5 3 1 -1 -3 -5 6 4 2 0 -2 -4 -6 5 3 1 -1 -3 -5 6 4 2 0 -2 -4 -6 5 3 1 -1 -3 -5 6 4 2 0 -2 -4 -6 5 3 1 -1 -3 -5 6 4 2 0 -2 -4 -6 5 3 1 -1 -3 -5 6 4 2 0 -2 -4 -6 5 3 1 -1 -3 -5 6 4 2 0 -2 -4 -6 5 3 1 -1 -3 -5 6 4 2 0 -2 -4 -6 5 3 1 -1 -3 -5 6 4 2 0 -2 -4 -6 5 3 1 -1 -3 -5 6 4 2 0 -2 -4 -6 5 3 1 -1 -3 -5 6 4 2 0 -2 -4 -6 5 3 1 -1 -3 -5 6 4 2 0 -2 -4
0 -2 -4 -6 5 3 1 -1 -3 -5 6 4 2 0 -2 -4 -6 5 3 1 -1 -3 -5 6 4 2 0 -2 -4 -6 5 3 1 -1 -3 -5 6 4 2 0 -2 -4 -6 5 3 1 -1 -3 -5 6 4 2 0 -2 -4 -6 5 3 1 -1 -3 -5 6 4 2 0 -2 -4 -6 5 3 1 -1 -3 -5 6 4 2 0 -2 -4 -6 5 3 1 -1 -3 -5 6 4 2 0 -2 -4 -6 5 3 1 -1 -3 -5 6 4 2 0 -2 -4 -6 5 3 1 -1 -3 -5 6 4 2 0 -2 -4 -6 5 3 1 -1 -3 -5 6 4 2 0 -2 -4 -6 5 3 1 -1 -3 -5 6 4 2 0 -2 -4 -6 5 3 1 -1 -3 -5 6 4 2 0 -2 -4 -6 5 3 1 -1 -3 -5 6 4 2 0 -2 -4 -6 5 3 1 -1 -3 -5 6 4 2 0 -2 -4 -6 5 3 1 -1 -3 -5 6 4 2 0 -2 -4 -6 5 3 1 -1 -3 -5 6 4 2 0 -2 -4 -6 5 3 1 -1 -3 -5 6 4 2 0 -2 -4 -6 5 3 1 -1 -3 -5 6 4 2 0 -2 -4 -6 5 3 1 -1 -3 -5 6 4 2 0 -2 -4 -6 5 3 1 -1 -3 -5 6 4 2 0 -2 -4 -6 5 3 1 -1 -3 -5 6 4 2 0 -2 -4 -6 5 3 1 -1 -3 -5 6 4 2 0 -2 -4 -6 5 3 1 -1 -3 -5 6 4 2 0 -2 -4 -6 5 3 1 -1 -3 -5 6 4 2 0 -2 -4 -6 5 3 1 -1 -3 -5 6 4 2 0 -2 -4 -6 5 3 1 -1 -3 -5 6 4 2 0 -2 -4 -6 5 3 1 -1 -3 -5 6 4 2 0 -2 -4 -6 5 3 1 -1 -3 -5 6 4 2 0 -2 -4 -6 5 3 1 -1 -3 -5 6 4 2 0 -2 -4 -6 5 3 1 -1 -3 -5 6 4 2 0 -2 -4 -6 5 3 1 -1 -3 -5 6 4 2 0 -2 -4 -6 5 3 1 -1 -3 -5 6 4 2 0 -2 -4 -6 5 3 1 -1 -3 -5 6 4 2 0 -2 -4 -6 5 3 1 -1 -3 -5 6 4 2 0 -2 -4 -6 5 3 1 -1 -3 -5 6 4 2 0 -2 -4 -6 5 3 1 -1 -3 -5 6 4 2 0 -2 -4 -6 5 3 1 -1 -3 -5 6 4 2 0 -2 -4 -6 5 3 1 -1 -3 -5 6 4 2 0 -2 -4 -6 5 3
-6 5 3 1 -1 -3 -5 6 4 2 0 -2 -4 -6 5 3 1 -1 -3 -5 6 4 2 0 -2 -4 -6 5 3 1 -1 -3 -5 6 4 2 0 -2 -4 -6 5 3 1 -1 -3 -5 6 4 2 0 -2 -4 -6 5 3 1 -1 -3 -5 6 4 2 0 -2 -4 -6 5 3 1 -1 -3 -5 6 4 2 0 -2 -4 -6 5 3 1 -1 -3 -5 6 4 2 0 -2 -4 -6 5 3 1 -1 -3 -5 6 4 2 0 -2 -4 -6 5 3 1 -1 -3 -5 6 4 2 0 -2 -4 -6 5 3 1 -1 -3 -5 6 4 2 0 -2 -4 -6 5 3 1 -1 -3 -5 6 4 2 0 -2 -4 -6 5 3 1 -1 -3 -5 6 4 2 0 -2 -4 -6 5 3 1 -1 -3 -5 6 4 2 0 -2 -4 -6 5 3 1 -1 -3 -5 6 4 2 0 -2 -4 -6 5 3 1 -1 -3 -5 6 4 2 0 -2 -4 -6 5 3 1 -1 -3 -5 6 4 2 0 -2 -4 -6 5 3 1 -1 -3 -5 6 4 2 0 -2 -4 -6 5 3 1 -1 -3 -5 6 4 2 0 -2 -4 -6 5 3 1 -1 -3 -5 6 4 2 0 -2 -4 -6 5 3 1 -1 -3 -5 6 4 2 0 -2 -4 -6 5 3 1 -1 -3 -5 6 4 2 0 -2 -4 -6 5 3 1 -1 -3 -5 6 4 2 0 -2 -4 -6 5 3 1 -1 -3 -5 6 4 2 0 -2 -4 -6 5 3 1 -1 -3 -5 6 4 2 0 -2 -4 -6 5 3 1 -1 -3 -5 6 4 2 0 -2 -4 -6 5 3 1 -1 -3 -5 6 4 2 0 -2 -4 -6 5 3 1 -1 -3 -5 6 4 2 0 -2 -4 -6 5 3 1 -1 -3 -5 6 4 2 0 -2 -4 -6 5 3 1 -1 -3 -5 6 4 2 0 -2 -4 -6 5 3 1 -1 -3 -5 6 4 2 0 -2 -4 -6 5 3 1 -1 -3 -5 6 4 2 0 -2 -4 -6 5 3 1 -1 -3 -5 6 4 2 0 -2 -4 -6 5 3 1 -1 -3 -5 6 4 2 0 -2 -4 -6 5 3 1 -1 -3 -5 6 4 2 0 -2 -4 -6 5 3 1 -1 -3 -5 6 4 2 0 -2 -4 -6 5 3 1 -1 -3 -5 6 4 2 0 -2 -4 -6 5 3 1 -1 -3 -5 6 4 2 0 -2 -4 -6 5 3 1 -1 -3 -5 6 4 2 0 -2 -4 -6 5 3 1 -1 -3
1 -1 -3 -5 6 4 2 0 -2 -4 -6 5 3 1 -1 -3 -5 6 4 2 0 -2 -4 -6 5 3 1 -1 -3 -5 6 4 2 0 -2 -4 -6 5 3 1 -1 -3 -5 6 4 2 0 -2 -4 -6 5 3 1 -1 -3 -5 6 4 2 0 -2 -4 -6 5 3 1 -1 -3 -5 6 4 2 0 -2 -4 -6 5 3 1 -1 -3 -5 6 4 2 0 -2 -4 -6 5 3 1 -1 -3 -5 6 4 2 0 -2 -4 -6 5 3 1 -1 -3 -5 6 4 2 0 -2 -4 -6 5 3 1 -1 -3 -5 6 4 2 0 -2 -4 -6 5 3 1 -1 -3 -5 6 4 2 0 -2 -4 -6 5 3 1 -1 -3 -5 6 4 2 0 -2 -4 -6 5 3 1 -1 -3 -5 6 4 2 0 -2 -4 -6 5 3 1 -1 -3 -5 6 4 2 0 -2 -4 -6 5 3 1 -1 -3 -5 6 4 2 0 -2 -4 -6 5 3 1 -1 -3 -5 6 4 2 0 -2 -4 -6 5 3 1 -1 -3 -5 6 4 2 0 -2 -4 -6 5 3 1 -1 -3 -5 6 4 2 0 -2 -4 -6 5 3 1 -1 -3 -5 6 4 2 0 -2 -4 -6 5 3 1 -1 -3 -5 6 4 2 0 -2 -4 -6 5 3 1 -1 -3 -5 6 4 2 0 -2 -4 -6 5 3 1 -1 -3 -5 6 4 2 0 -2 -4 -6 5 3 1 -1 -3 -5 6 4 2 0 -2 -4 -6 5 3 1 -1 -3 -5 6 4 2 0 -2 -4 -6 5 3 1 -1 -3 -5 6 4 2 0 -2 -4 -6 5 3 1 -1 -3 -5 6 4 2 0 -2 -4 -6 5 3 1 -1 -3 -5 6 4 2 0 -2 -4 -6 5 3 1 -1 -3 -5 6 4 2 0 -2 -4 -6 5 3 1 -1 -3 -5 6 4 2 0 -2 -4 -6 5 3 1 -1 -3 -5 6 4 2 0 -2 -4 -6 5 3 1 -1 -3 -5 6 4 2 0 -2 -4 -6 5 3 1 -1 -3 -5 6 4 2 0 -2 -4 -6 5 3 1 -1 -3 -5 6 4 2 0 -2 -4 -6 5 3 1 -1 -3 -5 6 4 2 0 -2 -4 -6 5 3 1 -1 -3 -5 6 4 2 0 -2 -4 -6 5 3 1 -1 -3 -5 6 4 2 0 -2 -4 -6 5 3 1 -1 -3 -5 6 4 2 0 -2 -4 -6 5 3 1 -1 -3 -5 6 4 2 0 -2 -4 -6 5 3 1 -1 -3 -5 6 4
-5 6 4 2 0 -2 -4 -6 5 3 1 -1 -3 -5 6 4 2 0 -2 -4 -6 5 3 1 -1 -3 -5 6 4 2 0 -2 -4 -6 5 3 1 -1 -3 -5 6 4 2 0 -2 -4 -6 5 3 1 -1 -3 -5 6 4 2 0 -2 -4 -6 5 3 1 -1 -3 -5 6 4 2 0 -2 -4 -6 5 3 1 -1 -3 -5 6 4 2 0 -2 -4 -6 5 3 1 -1 -3 -5 6 4 2 0 -2 -4 -6 5 3 1 -1 -3 -5 6 4 2 0 -2 -4 -6 5 3 1 -1 -3 -5 6 4 2 0 -2 -4 -6 5 3 1 -1 -3 -5 6 4 2 0 -2 -4 -6 5 3 1 -1 -3 -5 6 4 2 0 -2 -4 -6 5 3 1 -1 -3 -5 6 4 2 0 -2 -4 -6 5 3 1 -1 -3 -5 6 4 2 0 -2 -4 -6 5 3 1 -1 -3 -5 6 4 2 0 -2 -4 -6 5 3 1 -1 -3 -5 6 4 2 0 -2 -4 -6 5 3 1 -1 -3 -5 6 4 2 0 -2 -4 -6 5 3 1 -1 -3 -5 6 4 2 0 -2 -4 -6 5 3 1 -1 -3 -5 6 4 2 0 -2 -4 -6 5 3 1 -1 -3 -5 6 4 2 0 -2 -4 -6 5 3 1 -1 -3 -5 6 4 2 0 -2 -4 -6 5 3 1 -1 -3 -5 6 4 2 0 -2 -4 -6 5 3 1 -1 -3 -5 6 4 2 0 -2 -4 -6 5 3 1 -1 -3 -5 6 4 2 0 -2 -4 -6 5 3 1 -1 -3 -5 6 4 2 0 -2 -4 -6 5 3 1 -1 -3 -5 6 4 2 0 -2 -4 -6 5 3 1 -1 -3 -5 6 4 2 0 -2 -4 -6 5 3 1 -1 -3 -5 6 4 2 0 -2 -4 -6 5 3 1 -1 -3 -5 6 4 2 0 -2 -4 -6 5 3 1 -1 -3 -5 6 4 2 0 -2 -4 -6 5 3 1 -1 -3 -5 6 4 2 0 -2 -4 -6 5 3 1 -1 -3 -5 6 4 2 0 -2 -4 -6 5 3 1 -1 -3 -5 6 4 2 0 -2 -4 -6 5 3 1 -1 -3 -5 6 4 2 0 -2 -4 -6 5 3 1 -1 -3 -5 6 4 2 0 -2 -4 -6 5 3 1 -1 -3 -5 6 4 2 0 -2 -4 -6 5 3 1 -1 -3 -5 6 4 2 0 -2 -4 -6 5 3 1 -1 -3 -5 6 4 2 0 -2 -4 -6 5 3 1 -1 -3 -5 6 4 2 0 -2
2 0 -2 -4 -6 5 3 1 -1 -3 -5 6 4 2 0 -2 -4 -6 5 3 1 -1 -3 -5 6 4 2 0 -2 -4 -6 5 3 1 -1 -3 -5 6 4 2 0 -2 -4 -6 5 3 1 -1 -3 -5 6 4 2 0 -2 -4 -6 5 3 1 -1 -3 -5 6 4 2 0 -2 -4 -6 5 3 1 -1 -3 -5 6 4 2 0 -2 -4 -6 5 3 1 -1 -3 -5 6 4 2 0 -2 -4 -6 5 3 1 -1 -3 -5 6 4 2 0 -2 -4 -6 5 3 1 -1 -3 -5 6 4 2 0 -2 -4 -6 5 3 1 -1 -3 -5 6 4 2 0 -2 -4 -6 5 3 1 -1 -3 -5 6 4 2 0 -2 -4 -6 5 3 1 -1 -3 -5 6 4 2 0 -2 -4 -6 5 3 1 -1 -3 -5 6 4 2 0 -2 -4 -6 5 3 1 -1 -3 -5 6 4 2 0 -2 -4 -6 5 3 1 -1 -3 -5 6 4 2 0 -2 -4 -6 5 3 1 -1 -3 -5 6 4 2 0 -2 -4 -6 5 3 1 -1 -3 -5 6 4 2 0 -2 -4 -6 5 3 1 -1 -3 -5 6 4 2 0 -2 -4 -6 5 3 1 -1 -3 -5 6 4 2 0 -2 -4 -6 5 3 1 -1 -3 -5 6 4 2 0 -2 -4 -6 5 3 1 -1 -3 -5 6 4 2 0 -2 -4 -6 5 3 1 -1 -3 -5 6 4 2 0 -2 -4 -6 5 3 1 -1 -3 -5 6 4 2 0 -2 -4 -6 5 3 1 -1 -3 -5 6 4 2 0 -2 -4 -6 5 3 1 -1 -3 -5 6 4 2 0 -2 -4 -6 5 3 1 -1 -3 -5 6 4 2 0 -2 -4 -6 5 3 1 -1 -3 -5 6 4 2 0 -2 -4 -6 5 3 1 -1 -3 -5 6 4 2 0 -2 -4 -6 5 3 1 -1 -3 -5 6 4 2 0 -2 -4 -6 5 3 1 -1 -3 -5 6 4 2 0 -2 -4 -6 5 3 1 -1 -3 -5 6 4 2 0 -2 -4 -6 5 3 1 -1 -3 -5 6 4 2 0 -2 -4 -6 5 3 1 -1 -3 -5 6 4 2 0 -2 -4 -6 5 3 1 -1 -3 -5 6 4 2 0 -2 -4 -6 5 3 1 -1 -3 -5 6 4 2 0 -2 -4 -6 5 3 1 -1 -3 -5 6 4 2 0 -2 -4 -6 5 3 1 -1 -3 -5 6 4 2 0 -2 -4 -6 5 3 1 -1 -3 -5 6 4 2 0 -2 -4 -6 5
-4 -6 5 3 1 -1 -3 -5 6 4 2 0 -2 -4 -6 5 3 1 -1 -3 -5 6 4 2 0 -2 -4 -6 5 3 1 -1 -3 -5 6 4 2 0 -2 -4 -6 5 3 1 -1 -3 -5 6 4 2 0 -2 -4 -6 5 3 1 -1 -3 -5 6 4 2 0 -2 -4 -6 5 3 1 -1 -3 -5 6 4 2 0 -2 -4 -6 5 3 1 -1 -3 -5 6 4 2 0 -2 -4 -6 5 3 1 -1 -3 -5 6 4 2 0 -2 -4 -6 5 3 1 -1 -3 -5 6 4 2 0 -2 -4 -6 5 3 1 -1 -3 -5 6 4 2 0 -2 -4 -6 5 3 1 -1 -3 -5 6 4 2 0 -2 -4 -6 5 3 1 -1 -3 -5 6 4 2 0 -2 -4 -6 5 3 1 -1 -3 -5 6 4 2 0 -2 -4 -6 5 3 1 -1 -3 -5 6 4 2 0 -2 -4 -6 5 3 1 -1 -3 -5 6 4 2 0 -2 -4 -6 5 3 1 -1 -3 -5 6 4 2 0 -2 -4 -6 5 3 1 -1 -3 -5 6 4 2 0 -2 -4 -6 5 3 1 -1 -3 -5 6 4 2 0 -2 -4 -6 5 3 1 -1 -3 -5 6 4 2 0 -2 -4 -6 5 3 1 -1 -3 -5 6 4 2 0 -2 -4 -6 5 3 1 -1 -3 -5 6 4 2 0 -2 -4 -6 5 3 1 -1 -3 -5 6 4 2 0 -2 -4 -6 5 3 1 -1 -3 -5 6 4 2 0 -2 -4 -6 5 3 1 -1 -3 -5 6 4 2 0 -2 -4 -6 5 3 1 -1 -3 -5 6 4 2 0 -2 -4 -6 5 3 1 -1 -3 -5 6 4 2 0 -2 -4 -6 5 3 1 -1 -3 -5 6 4 2 0 -2 -4 -6 5 3 1 -1 -3 -5 6 4 2 0 -2 -4 -6 5 3 1 -1 -3 -5 6 4 2 0 -2 -4 -6 5 3 1 -1 -3 -5 6 4 2 0 -2 -4 -6 5 3 1 -1 -3 -5 6 4 2 0 -2 -4 -6 5 3 1 -1 -3 -5 6 4 2 0 -2 -4 -6 5 3 1 -1 -3 -5 6 4 2 0 -2 -4 -6 5 3 1 -1 -3 -5 6 4 2 0 -2 -4 -6 5 3 1 -1 -3 -5 6 4 2 0 -2 -4 -6 5 3 1 -1 -3 -5 6 4 2 0 -2 -4 -6 5 3 1 -1 -3 -5 6 4 2 0 -2 -4 -6 5 3 1 -1 -3 -5 6 4 2 0 -2 -4 -6 5 3 1 -1
3 1 -1 -3 -5 6 4 2 0 -2 -4 -6 5 3 1 -1 -3 -5 6 4 2 0 -2 -4 -6 5 3 1 -1 -3 -5 6 4 2 0 -2 -4 -6 5 3 1 -1 -3 -5 6 4 2 0 -2 -4 -6 5 3 1 -1 -3 -5 6 4 2 0 -2 -4 -6 5 3 1 -1 -3 -5 6 4 2 0 -2 -4 -6 5 3 1 -1 -3 -5 6 4 2 0 -2 -4 -6 5 3 1 -1 -3 -5 6 4 2 0 -2 -4 -6 5 3 1 -1 -3 -5 6 4 2 0 -2 -4 -6 5 3 1 -1 -3 -5 6 4 2 0 -2 -4 -6 5 3 1 -1 -3 -5 6 4 2 0 -2 -4 -6 5 3 1 -1 -3 -5 6 4 2 0 -2 -4 -6 5 3 1 -1 -3 -5 6 4 2 0 -2 -4 -6 5 3 1 -1 -3 -5 6 4 2 0 -2 -4 -6 5 3 1 -1 -3 -5 6 4 2 0 -2 -4 -6 5 3 1 -1 -3 -5 6 4 2 0 -2 -4 -6 5 3 1 -1 -3 -5 6 4 2 0 -2 -4 -6 5 3 1 -1 -3 -5 6 4 2 0 -2 -4 -6 5 3 1 -1 -3 -5 6 4 2 0 -2 -4 -6 5 3 1 -1 -3 -5 6 4 2 0 -2 -4 -6 5 3 1 -1 -3 -5 6 4 2 0 -2 -4 -6 5 3 1 -1 -3 -5 6 4 2 0 -2 -4 -6 5 3 1 -1 -3 -5 6 4 2 0 -2 -4 -6 5 3 1 -1 -3 -5 6 4 2 0 -2 -4 -6 5 3 1 -1 -3 -5 6 4 2 0 -2 -4 -6 5 3 1 -1 -3 -5 6 4 2 0 -2 -4 -6 5 3 1 -1 -3 -5 6 4 2 0 -2 -4 -6 5 3 1 -1 -3 -5 6 4 2 0 -2 -4 -6 5 3 1 -1 -3 -5 6 4 2 0 -2 -4 -6 5 3 1 -1 -3 -5 6 4 2 0 -2 -4 -6 5 3 1 -1 -3 -5 6 4 2 0 -2 -4 -6 5 3 1 -1 -3 -5 6 4 2 0 -2 -4 -6 5 3 1 -1 -3 -5 6 4 2 0 -2 -4 -6 5 3 1 -1 -3 -5 6 4 2 0 -2 -4 -6 5 3 1 -1 -3 -5 6 4 2 0 -2 -4 -6 5 3 1 -1 -3 -5 6 4 2 0 -2 -4 -6 5 3 1 -1 -3 -5 6 4 2 0 -2 -4 -6 5 3 1 -1 -3 -5 6 4 2 0 -2 -4 -6 5 3 1 -1 -3 -5 6
-3 -5 6 4 2 0 -2 -4 -6 5 3 1 -1 -3 -5 6 4 2 0 -2 -4 -6 5 3 1 -1 -3 -5 6 4 2 0 -2 -4 -6 5 3 1 -1 -3 -5 6 4 2 0 -2 -4 -6 5 3 1 -1 -3 -5 6 4 2 0 -2 -4 -6 5 3 1 -1 -3 -5 6 4 2 0 -2 -4 -6 5 3 1 -1 -3 -5 6 4 2 0 -2 -4 -6 5 3 1 -1 -3 -5 6 4 2 0 -2 -4 -6 5 3 1 -1 -3 -5 6 4 2 0 -2 -4 -6 5 3 1 -1 -3 -5 6 4 2 0 -2 -4 -6 5 3 1 -1 -3 -5 6 4 2 0 -2 -4 -6 5 3 1 -1 -3 -5 6 4 2 0 -2 -4 -6 5 3 1 -1 -3 -5 6 4 2 0 -2 -4 -6 5 3 1 -1 -3 -5 6 4 2 0 -2 -4 -6 5 3 1 -1 -3 -5 6 4 2 0 -2 -4 -6 5 3 1 -1 -3 -5 6 4 2 0 -2 -4 -6 5 3 1 -1 -3 -5 6 4 2 0 -2 -4 -6 5 3 1 -1 -3 -5 6 4 2 0 -2 -4 -6 5 3 1 -1 -3 -5 6 4 2 0 -2 -4 -6 5 3 1 -1 -3 -5 6 4 2 0 -2 -4 -6 5 3 1 -1 -3 -5 6 4 2 0 -2 -4 -6 5 3 1 -1 -3 -5 6 4 2 0 -2 -4 -6 5 3 1 -1 -3 -5 6 4 2 0 -2 -4 -6 5 3 1 -1 -3 -5 6 4 2 0 -2 -4 -6 5 3 1 -1 -3 -5 6 4 2 0 -2 -4 -6 5 3 1 -1 -3 -5 6 4 2 0 -2 -4 -6 5 3 1 -1 -3 -5 6 4 2 0 -2 -4 -6 5 3 1 -1 -3 -5 6 4 2 0 -2 -4 -6 5 3 1 -1 -3 -5 6 4 2 0 -2 -4 -6 5 3 1 -1 -3 -5 6 4 2 0 -2 -4 -6 5 3 1 -1 -3 -5 6 4 2 0 -2 -4 -6 5 3 1 -1 -3 -5 6 4 2 0 -2 -4 -6 5 3 1 -1 -3 -5 6 4 2 0 -2 -4 -6 5 3 1 -1 -3 -5 6 4 2 0 -2 -4 -6 5 3 1 -1 -3 -5 6 4 2 0 -2 -4 -6 5 3 1 -1 -3 -5 6 4 2 0 -2 -4 -6 5 3 1 -1 -3 -5 6 4 2 0 -2 -4 -6 5 3 1 -1 -3 -5 6 4 2 0 -2 -4 -6 5 3 1 -1 -3 -5 6 4 2 0
4 2 0 -2 -4 -6 5 3 1 -1 -3 -5 6 4 2 0 -2 -4 -6 5 3 1 -1 -3 -5 6 4 2 0 -2 -4 -6 5 3 1 -1 -3 -5 6 4 2 0 -2 -4 -6 5 3 1 -1 -3 -5 6 4 2 0 -2 -4 -6 5 3 1 -1 -3 -5 6 4 2 0 -2 -4 -6 5 3 1 -1 -3 -5 6 4 2 0 -2 -4 -6 5 3 1 -1 -3 -5 6 4 2 0 -2 -4 -6 5 3 1 -1 -3 -5 6 4 2 0 -2 -4 -6 5 3 1 -1 -3 -5 6 4 2 0 -2 -4 -6 5 3 1 -1 -3 -5 6 4 2 0 -2 -4 -6 5 3 1 -1 -3 -5 6 4 2 0 -2 -4 -6 5 3 1 -1 -3 -5 6 4 2 0 -2 -4 -6 5 3 1 -1 -3 -5 6 4 2 0 -2 -4 -6 5 3 1 -1 -3 -5 6 4 2 0 -2 -4 -6 5 3 1 -1 -3 -5 6 4 2 0 -2 -4 -6 5 3 1 -1 -3 -5 6 4 2 0 -2 -4 -6 5 3 1 -1 -3 -5 6 4 2 0 -2 -4 -6 5 3 1 -1 -3 -5 6 4 2 0 -2 -4 -6 5 3 1 -1 -3 -5 6 4 2 0 -2 -4 -6 5 3 1 -1 -3 -5 6 4 2 0 -2 -4 -6 5 3 1 -1 -3 -5 6 4 2 0 -2 -4 -6 5 3 1 -1 -3 -5 6 4 2 0 -2 -4 -6 5 3 1 -1 -3 -5 6 4 2 0 -2 -4 -6 5 3 1 -1 -3 -5 6 4 2 0 -2 -4 -6 5 3 1 -1 -3 -5 6 4 2 0 -2 -4 -6 5 3 1 -1 -3 -5 6 4 2 0 -2 -4 -6 5 3 1 -1 -3 -5 6 4 2 0 -2 -4 -6 5 3 1 -1 -3 -5 6 4 2 0 -2 -4 -6 5 3 1 -1 -3 -5 6 4 2 0 -2 -4 -6 5 3 1 -1 -3 -5 6 4 2 0 -2 -4 -6 5 3 1 -1 -3 -5 6 4 2 0 -2 -4 -6 5 3 1 -1 -3 -5 6 4 2 0 -2 -4 -6 5 3 1 -1 -3 -5 6 4 2 0 -2 -4 -6 5 3 1 -1 -3 -5 6 4 2 0 -2 -4 -6 5 3 1 -1 -3 -5 6 4 2 0 -2 -4 -6 5 3 1 -1 -3 -5 6 4 2 0 -2 -4 -6 5 3 1 -1 -3 -5 6 4 2 0 -2 -4 -6 5 3 1 -1 -3 -5 6 4 2 0 -2 -4 -6
-2 -4 -6 5 3 1 -1 -3 -5 6 4 2 0 -2 -4 -6 5 3 1 -1 -3 -5 6 4 2 0 -2 -4 -6 5 3 1 -1 -3 -5 6 4 2 0 -2 -4 -6 5 3 1 -1 -3 -5 6 4 2 0 -2 -4 -6 5 3 1 -1 -3 -5 6 4 2 0 -2 -4 -6 5 3 1 -1 -3 -5 6 4 2 0 -2 -4 -6 5 3 1 -1 -3 -5 6 4 2 0 -2 -4 -6 5 3 1 -1 -3 -5 6 4 2 0 -2 -4 -6 5 3 1 -1 -3 -5 6 4 2 0 -2 -4 -6 5 3 1 -1 -3 -5 6 4 2 0 -2 -4 -6 5 3 1 -1 -3 -5 6 4 2 0 -2 -4 -6 5 3 1 -1 -3 -5 6 4 2 0 -2 -4 -6 5 3 1 -1 -3 -5 6 4 2 0 -2 -4 -6 5 3 1 -1 -3 -5 6 4 2 0 -2 -4 -6 5 3 1 -1 -3 -5 6 4 2 0 -2 -4 -6 5 3 1 -1 -3 -5 6 4 2 0 -2 -4 -6 5 3 1 -1 -3 -5 6 4 2 0 -2 -4 -6 5 3 1 -1 -3 -5 6 4 2 0 -2 -4 -6 5 3 1 -1 -3 -5 6 4 2 0 -2 -4 -6 5 3 1 -1 -3 -5 6 4 2 0 -2 -4 -6 5 3 1 -1 -3 -5 6 4 2 0 -2 -4 -6 5 3 1 -1 -3 -5 6 4 2 0 -2 -4 -6 5 3 1 -1 -3 -5 6 4 2 0 -2 -4 -6 5 3 1 -1 -3 -5 6 4 2 0 -2 -4 -6 5 3 1 -1 -3 -5 6 4 2 0 -2 -4 -6 5 3 1 -1 -3 -5 6 4 2 0 -2 -4 -6 5 3 1 -1 -3 -5 6 4 2 0 -2 -4 -6 5 3 1 -1 -3 -5 6 4 2 0 -2 -4 -6 5 3 1 -1 -3 -5 6 4 2 0 -2 -4 -6 5 3 1 -1 -3 -5 6 4 2 0 -2 -4 -6 5 3 1 -1 -3 -5 6 4 2 0 -2 -4 -6 5 3 1 -1 -3 -5 6 4 2 0 -2 -4 -6 5 3 1 -1 -3 -5 6 4 2 0 -2 -4 -6 5 3 1 -1 -3 -5 6 4 2 0 -2 -4 -6 5 3 1 -1 -3 -5 6 4 2 0 -2 -4 -6 5 3 1 -1 -3 -5 6 4 2 0 -2 -4 -6 5 3 1 -1 -3 -5 6 4 2 0 -2 -4 -6 5 3 1 -1 -3 -5 6 4 2 0 -2 -4 -6 5 3 1
5 3 1 -1 -3 -5 6 4 2 0 -2 -4 -6 5 3 1 -1 -3 -5 6 4 2 0 -2 -4 -6 5 3 1 -1 -3 -5 6 4 2 0 -2 -4 -6 5 3 1 -1 -3 -5 6 4 2 0 -2 -4 -6 5 3 1 -1 -3 -5 6 4 2 0 -2 -4 -6 5 3 1 -1 -3 -5 6 4 2 0 -2 -4 -6 5 3 1 -1 -3 -5 6 4 2 0 -2 -4 -6 5 3 1 -1 -3 -5 6 4 2 0 -2 -4 -6 5 3 1 -1 -3 -5 6 4 2 0 -2 -4 -6 5 3 1 -1 -3 -5 6 4 2 0 -2 -4 -6 5 3 1 -1 -3 -5 6 4 2 0 -2 -4 -6 5 3 1 -1 -3 -5 6 4 2 0 -2 -4 -6 5 3 1 -1 -3 -5 6 4 2 0 -2 -4 -6 5 3 1 -1 -3 -5 6 4 2 0 -2 -4 -6 5 3 1 -1 -3 -5 6 4 2 0 -2 -4 -6 5 3 1 -1 -3 -5 6 4 2 0 -2 -4 -6 5 3 1 -1 -3 -5 6 4 2 0 -2 -4 -6 5 3 1 -1 -3 -5 6 4 2 0 -2 -4 -6 5 3 1 -1 -3 -5 6 4 2 0 -2 -4 -6 5 3 1 -1 -3 -5 6 4 2 0 -2 -4 -6 5 3 1 -1 -3 -5 6 4 2 0 -2 -4 -6 5 3 1 -1 -3 -5 6 4 2 0 -2 -4 -6 5 3 1 -1 -3 -5 6 4 2 0 -2 -4 -6 5 3 1 -1 -3 -5 6 4 2 0 -2 -4 -6 5 3 1 -1 -3 -5 6 4 2 0 -2 -4 -6 5 3 1 -1 -3 -5 6 4 2 0 -2 -4 -6 5 3 1 -1 -3 -5 6 4 2 0 -2 -4 -6 5 3 1 -1 -3 -5 6 4 2 0 -2 -4 -6 5 3 1 -1 -3 -5 6 4 2 0 -2 -4 -6 5 3 1 -1 -3 -5 6 4 2 0 -2 -4 -6 5 3 1 -1 -3 -5 6 4 2 0 -2 -4 -6 5 3 1 -1 -3 -5 6 4 2 0 -2 -4 -6 5 3 1 -1 -3 -5 6 4 2 0 -2 -4 -6 5 3 1 -1 -3 -5 6 4 2 0 -2 -4 -6 5 3 1 -1 -3 -5 6 4 2 0 -2 -4 -6 5 3 1 -1 -3 -5 6 4 2 0 -2 -4 -6 5 3 1 -1 -3 -5 6 4 2 0 -2 -4 -6 5 3 1 -1 -3 -5 6 4 2 0 -2 -4 -6 5 3 1 -1 -3 -5
-1 -3 -5 6 4 2 0 -2 -4 -6 5 3 1 -1 -3 -5 6 4 2 0 -2 -4 -6 5 3 1 -1 -3 -5 6 4 2 0 -2 -4 -6 5 3 1 -1 -3 -5 6 4 2 0 -2 -4 -6 5 3 1 -1 -3 -5 6 4 2 0 -2 -4 -6 5 3 1 -1 -3 -5 6 4 2 0 -2 -4 -6 5 3 1 -1 -3 -5 6 4 2 0 -2 -4 -6 5 3 1 -1 -3 -5 6 4 2 0 -2 -4 -6 5 3 1 -1 -3 -5 6 4 2 0 -2 -4 -6 5 3 1 -1 -3 -5 6 4 2 0 -2 -4 -6 5 3 1 -1 -3 -5 6 4 2 0 -2 -4 -6 5 3 1 -1 -3 -5 6 4 2 0 -2 -4 -6 5 3 1 -1 -3 -5 6 4 2 0 -2 -4 -6 5 3 1 -1 -3 -5 6 4 2 0 -2 -4 -6 5 3 1 -1 -3 -5 6 4 2 0 -2 -4 -6 5 3 1 -1 -3 -5 6 4 2 0 -2 -4 -6 5 3 1 -1 -3 -5 6 4 2 0 -2 -4 -6 5 3 1 -1 -3 -5 6 4 2 0 -2 -4 -6 5 3 1 -1 -3 -5 6 4 2 0 -2 -4 -6 5 3 1 -1 -3 -5 6 4 2 0 -2 -4 -6 5 3 1 -1 -3 -5 6 4 2 0 -2 -4 -6 5 3 1 -1 -3 -5 6 4 2 0 -2 -4 -6 5 3 1 -1 -3 -5 6 4 2 0 -2 -4 -6 5 3 1 -1 -3 -5 6 4 2 0 -2 -4 -6 5 3 1 -1 -3 -5 6 4 2 0 -2 -4 -6 5 3 1 -1 -3 -5 6 4 2 0 -2 -4 -6 5 3 1 -1 -3 -5 6 4 2 0 -2 -4 -6 5 3 1 -1 -3 -5 6 4 2 0 -2 -4 -6 5 3 1 -1 -3 -5 6 4 2 0 -2 -4 -6 5 3 1 -1 -3 -5 6 4 2 0 -2 -4 -6 5 3 1 -1 -3 -5 6 4 2 0 -2 -4 -6 5 3 1 -1 -3 -5 6 4 2 0 -2 -4 -6 5 3 1 -1 -3 -5 6 4 2 0 -2 -4 -6 5 3 1 -1 -3 -5 6 4 2 0 -2 -4 -6 5 3 1 -1 -3 -5 6 4 2 0 -2 -4 -6 5 3 1 -1 -3 -5 6 4 2 0 -2 -4 -6 5 3 1 -1 -3 -5 6 4 2 0 -2 -4 -6 5 3 1 -1 -3 -5 6 4 2 0 -2 -4 -6 5 3 1 -1 -3 -5 6 4 2
6 4 2 0 -2 -4 -6 5 3 1 -1 -3 -5 6 4 2 0 -2 -4 -6 5 3 1 -1 -3 -5 6 4 2 0 -2 -4 -6 5 3 1 -1 -3 -5 6 4 2 0 -2 -4 -6 5 3 1 -1 -3 -5 6 4 2 0 -2 -4 -6 5 3 1 -1 -3 -5 6 4 2 0 -2 -4 -6 5 3 1 -1 -3 -5 6 4 2 0 -2 -4 -6 5 3 1 -1 -3 -5 6 4 2 0 -2 -4 -6 5 3 1 -1 -3 -5 6 4 2 0 -2 -4 -6 5 3 1 -1 -3 -5 6 4 2 0 -2 -4 -6 5 3 1 -1 -3 -5 6 4 2 0 -2 -4 -6 5 3 1 -1 -3 -5 6 4 2 0 -2 -4 -6 5 3 1 -1 -3 -5 6 4 2 0 -2 -4 -6 5 3 1 -1 -3 -5 6 4 2 0 -2 -4 -6 5 3 1 -1 -3 -5 6 4 2 0 -2 -4 -6 5 3 1 -1 -3 -5 6 4 2 0 -2 -4 -6 5 3 1 -1 -3 -5 6 4 2 0 -2 -4 -6 5 3 1 -1 -3 -5 6 4 2 0 -2 -4 -6 5 3 1 -1 -3 -5 6 4 2 0 -2 -4 -6 5 3 1 -1 -3 -5 6 4 2 0 -2 -4 -6 5 3 1 -1 -3 -5 6 4 2 0 -2 -4 -6 5 3 1 -1 -3 -5 6 4 2 0 -2 -4 -6 5 3 1 -1 -3 -5 6 4 2 0 -2 -4 -6 5 3 1 -1 -3 -5 6 4 2 0 -2 -4 -6 5 3 1 -1 -3 -5 6 4 2 0 -2 -4 -6 5 3 1 -1 -3 -5 6 4 2 0 -2 -4 -6 5 3 1 -1 -3 -5 6 4 2 0 -2 -4 -6 5 3 1 -1 -3 -5 6 4 2 0 -2 -4 -6 5 3 1 -1 -3 -5 6 4 2 0 -2 -4 -6 5 3 1 -1 -3 -5 6 4 2 0 -2 -4 -6 5 3 1 -1 -3 -5 6 4 2 0 -2 -4 -6 5 3 1 -1 -3 -5 6 4 2 0 -2 -4 -6 5 3 1 -1 -3 -5 6 4 2 0 -2 -4 -6 5 3 1 -1 -3 -5 6 4 2 0 -2 -4 -6 5 3 1 -1 -3 -5 6 4 2 0 -2 -4 -6 5 3 1 -1 -3 -5 6 4 2 0 -2 -4 -6 5 3 1 -1 -3 -5 6 4 2 0 -2 -4 -6 5 3 1 -1 -3 -5 6 4 2 0 -2 -4 -6 5 3 1 -1 -3 -5 6 4 2 0 -2 -4
0 -2 -4 -6 5 3 1 -1 -3 -5 6 4 2 0 -2 -4 -6 5 3 1 -1 -3 -5 6 4 2 0 -2 -4 -6 5 3 1 -1 -3 -5 6 4 2 0 -2 -4 -6 5 3 1 -1 -3 -5 6 4 2 0 -2 -4 -6 5 3 1 -1 -3 -5 6 4 2 0 -2 -4 -6 5 3 1 -1 -3 -5 6 4 2 0 -2 -4 -6 5 3 1 -1 -3 -5 6 4 2 0 -2 -4 -6 5 3 1 -1 -3 -5 6 4 2 0 -2 -4 -6 5 3 1 -1 -3 -5 6 4 2 0 -2 -4 -6 5 3 1 -1 -3 -5 6 4 2 0 -2 -4 -6 5 3 1 -1 -3 -5 6 4 2 0 -2 -4 -6 5 3 1 -1 -3 -5 6 4 2 0 -2 -4 -6 5 3 1 -1 -3 -5 6 4 2 0 -2 -4 -6 5 3 1 -1 -3 -5 6 4 2 0 -2 -4 -6 5 3 1 -1 -3 -5 6 4 2 0 -2 -4 -6 5 3 1 -1 -3 -5 6 4 2 0 -2 -4 -6 5 3 1 -1 -3 -5 6 4 2 0 -2 -4 -6 5 3 1 -1 -3 -5 6 4 2 0 -2 -4 -6 5 3 1 -1 -3 -5 6 4 2 0 -2 -4 -6 5 3 1 -1 -3 -5 6 4 2 0 -2 -4 -6 5 3 1 -1 -3 -5 6 4 2 0 -2 -4 -6 5 3 1 -1 -3 -5 6 4 2 0 -2 -4 -6 5 3 1 -1 -3 -5 6 4 2 0 -2 -4 -6 5 3 1 -1 -3 -5 6 4 2 0 -2 -4 -6 5 3 1 -1 -3 -5 6 4 2 0 -2 -4 -6 5 3 1 -1 -3 -5 6 4 2 0 -2 -4 -6 5 3 1 -1 -3 -5 6 4 2 0 -2 -4 -6 5 3 1 -1 -3 -5 6 4 2 0 -2 -4 -6 5 3 1 -1 -3 -5 6 4 2 0 -2 -4 -6 5 3 1 -1 -3 -5 6 4 2 0 -2 -4 -6 5 3 1 -1 -3 -5 6 4 2 0 -2 -4 -6 5 3 1 -1 -3 -5 6 4 2 0 -2 -4 -6 5 3 1 -1 -3 -5 6 4 2 0 -2 -4 -6 5 3 1 -1 -3 -5 6 4 2 0 -2 -4 -6 5 3 1 -1 -3 -5 6 4 2 0 -2 -4 -6 5 3 1 -1 -3 -5 6 4 2 0 -2 -4 -6 5 3 1 -1 -3 -5 6 4 2 0 -2 -4 -6 5 3 1 -1 -3 -5 6 4 2 0 -2 -4 -6 5 3
-6 5 3 1 -1 -3 -5 6 4 2 0 -2 -4 -6 5 3 1 -1 -3 -5 6 4 2 0 -2 -4 -6 5 3 1 -1 -3 -5 6 4 2 0 -2 -4 -6 5 3 1 -1 -3 -5 6 4 2 0 -2 -4 -6 5 3 1 -1 -3 -5 6 4 2 0 -2 -4 -6 5 3 1 -1 -3 -5 6 4 2 0 -2 -4 -6 5 3 1 -1 -3 -5 6 4 2 0 -2 -4 -6 5 3 1 -1 -3 -5 6 4 2 0 -2 -4 -6 5 3 1 -1 -3 -5 6 4 2 0 -2 -4 -6 5 3 1 -1 -3 -5 6 4 2 0 -2 -4 -6 5 3 1 -1 -3 -5 6 4 2 0 -2 -4 -6 5 3 1 -1 -3 -5 6 4 2 0 -2 -4 -6 5 3 1 -1 -3 -5 6 4 2 0 -2 -4 -6 5 3 1 -1 -3 -5 6 4 2 0 -2 -4 -6 5 3 1 -1 -3 -5 6 4 2 0 -2 -4 -6 5 3 1 -1 -3 -5 6 4 2 0 -2 -4 -6 5 3 1 -1 -3 -5 6 4 2 0 -2 -4 -6 5 3 1 -1 -3 -5 6 4 2 0 -2 -4 -6 5 3 1 -1 -3 -5 6 4 2 0 -2 -4 -6 5 3 1 -1 -3 -5 6 4 2 0 -2 -4 -6 5 3 1 -1 -3 -5 6 4 2 0 -2 -4 -6 5 3 1 -1 -3 -5 6 4 2 0 -2 -4 -6 5 3 1 -1 -3 -5 6 4 2 0 -2 -4 -6 5 3 1 -1 -3 -5 6 4 2 0 -2 -4 -6 5 3 1 -1 -3 -5 6 4 2 0 -2 -4 -6 5 3 1 -1 -3 -5 6 4 2 0 -2 -4 -6 5 3 1 -1 -3 -5 6 4 2 0 -2 -4 -6 5 3 1 -1 -3 -5 6 4 2 0 -2 -4 -6 5 3 1 -1 -3 -5 6 4 2 0 -2 -4 -6 5 3 1 -1 -3 -5 6 4 2 0 -2 -4 -6 5 3 1 -1 -3 -5 6 4 2 0 -2 -4 -6 5 3 1 -1 -3 -5 6 4 2 0 -2 -4 -6 5 3 1 -1 -3 -5 6 4 2 0 -2 -4 -6 5 3 1 -1 -3 -5 6 4 2 0 -2 -4 -6 5 3 1 -1 -3 -5 6 4 2 0 -2 -4 -6 5 3 1 -1 -3 -5 6 4 2 0 -2 -4 -6 5 3 1 -1 -3 -5 6 4 2 0 -2 -4 -6 5 3 1 -1 -3 -5 6 4 2 0 -2 -4 -6 5 3 1 -1 -3
1 -1 -3 -5 6 4 2 0 -2 -4 -6 5 3 1 -1 -3 -5 6 4 2 0 -2 -4 -6 5 3 1 -1 -3 -5 6 4 2 0 -2 -4 -6 5 3 1 -1 -3 -5 6 4 2 0 -2 -4 -6 5 3 1 -1 -3 -5 6 4 2 0 -2 -4 -6 5 3 1 -1 -3 -5 6 4 2 0 -2 -4 -6 5 3 1 -1 -3 -5 6 4 2 0 -2 -4 -6 5 3 1 -1 -3 -5 6 4 2 0 -2 -4 -6 5 3 1 -1 -3 -5 6 4 2 0 -2 -4 -6 5 3 1 -1 -3 -5 6 4 2 0 -2 -4 -6 5 3 1 -1 -3 -5 6 4 2 0 -2 -4 -6 5 3 1 -1 -3 -5 6 4 2 0 -2 -4 -6 5 3 1 -1 -3 -5 6 4 2 0 -2 -4 -6 5 3 1 -1 -3 -5 6 4 2 0 -2 -4 -6 5 3 1 -1 -3 -5 6 4 2 0 -2 -4 -6 5 3 1 -1 -3 -5 6 4 2 0 -2 -4 -6 5 3 1 -1 -3 -5 6 4 2 0 -2 -4 -6 5 3 1 -1 -3 -5 6 4 2 0 -2 -4 -6 5 3 1 -1 -3 -5 6 4 2 0 -2 -4 -6 5 3 1 -1 -3 -5 6 4 2 0 -2 -4 -6 5 3 1 -1 -3 -5 6 4 2 0 -2 -4 -6 5 3 1 -1 -3 -5 6 4 2 0 -2 -4 -6 5 3 1 -1 -3 -5 6 4 2 0 -2 -4 -6 5 3 1 -1 -3 -5 6 4 2 0 -2 -4 -6 5 3 1 -1 -3 -5 6 4 2 0 -2 -4 -6 5 3 1 -1 -3 -5 6 4 2 0 -2 -4 -6 5 3 1 -1 -3 -5 6 4 2 0 -2 -4 -6 5 3 1 -1 -3 -5 6 4 2 0 -2 -4 -6 5 3 1 -1 -3 -5 6 4 2 0 -2 -4 -6 5 3 1 -1 -3 -5 6 4 2 0 -2 -4 -6 5 3 1 -1 -3 -5 6 4 2 0 -2 -4 -6 5 3 1 -1 -3 -5 6 4 2 0 -2 -4 -6 5 3 1 -1 -3 -5 6 4 2 0 -2 -4 -6 5 3 1 -1 -3 -5 6 4 2 0 -2 -4 -6 5 3 1 -1 -3 -5 6 4 2 0 -2 -4 -6 5 3 1 -1 -3 -5 6 4 2 0 -2 -4 -6 5 3 1 -1 -3 -5 6 4 2 0 -2 -4 -6 5 3 1 -1 -3 -5 6 4 2 0 -2 -4 -6 5 3 1 -1 -3 -5 6 4
-5 6 4 2 0 -2 -4 -6 5 3 1 -1 -3 -5 6 4 2 0 -2 -4 -6 5 3 1 -1 -3 -5 6 4 2 0 -2 -4 -6 5 3 1 -1 -3 -5 6 4 2 0 -2 -4 -6 5 3 1 -1 -3 -5 6 4 2 0 -2 -4 -6 5 3 1 -1 -3 -5 6 4 2 0 -2 -4 -6 5 3 1 -1 -3 -5 6 4 2 0 -2 -4 -6 5 3 1 -1 -3 -5 6 4 2 0 -2 -4 -6 5 3 1 -1 -3 -5 6 4 2 0 -2 -4 -6 5 3 1 -1 -3 -5 6 4 2 0 -2 -4 -6 5 3 1 -1 -3 -5 6 4 2 0 -2 -4 -6 5 3 1 -1 -3 -5 6 4 2 0 -2 -4 -6 5 3 1 -1 -3 -5 6 4 2 0 -2 -4 -6 5 3 1 -1 -3 -5 6 4 2 0 -2 -4 -6 5 3 1 -1 -3 -5 6 4 2 0 -2 -4 -6 5 3 1 -1 -3 -5 6 4 2 0 -2 -4 -6 5 3 1 -1 -3 -5 6 4 2 0 -2 -4 -6 5 3 1 -1 -3 -5 6 4 2 0 -2 -4 -6 5 3 1 -1 -3 -5 6 4 2 0 -2 -4 -6 5 3 1 -1 -3 -5 6 4 2 0 -2 -4 -6 5 3 1 -1 -3 -5 6 4 2 0 -2 -4 -6 5 3 1 -1 -3 -5 6 4 2 0 -2 -4 -6 5 3 1 -1 -3 -5 6 4 2 0 -2 -4 -6 5 3 1 -1 -3 -5 6 4 2 0 -2 -4 -6 5 3 1 -1 -3 -5 6 4 2 0 -2 -4 -6 5 3 1 -1 -3 -5 6 4 2 0 -2 -4 -6 5 3 1 -1 -3 -5 6 4 2 0 -2 -4 -6 5 3 1 -1 -3 -5 6 4 2 0 -2 -4 -6 5 3 1 -1 -3 -5 6 4 2 0 -2 -4 -6 5 3 1 -1 -3 -5 6 4 2 0 -2 -4 -6 5 3 1 -1 -3 -5 6 4 2 0 -2 -4 -6 5 3 1 -1 -3 -5 6 4 2 0 -2 -4 -6 5 3 1 -1 -3 -5 6 4 2 0 -2 -4 -6 5 3 1 -1 -3 -5 6 4 2 0 -2 -4 -6 5 3 1 -1 -3 -5 6 4 2 0 -2 -4 -6 5 3 1 -1 -3 -5 6 4 2 0 -2 -4 -6 5 3 1 -1 -3 -5 6 4 2 0 -2 -4 -6 5 3 1 -1 -3 -5 6 4 2 0 -2 -4 -6 5 3 1 -1 -3 -5 6 4 2 0 -2
2 0 -2 -4 -6 5 3 1 -1 -3 -5 6 4 2 0 -2 -4 -6 5 3 1 -1 -3 -5 6 4 2 0 -2 -4 -6 5 3 1 -1 -3 -5 6 4 2 0 -2 -4 -6 5 3 1 -1 -3 -5 6 4 2 0 -2 -4 -6 5 3 1 -1 -3 -5 6 4 2 0 -2 -4 -6 5 3 1 -1 -3 -5 6 4 2 0 -2 -4 -6 5 3 1 -1 -3 -5 6 4 2 0 -2 -4 -6 5 3 1 -1 -3 -5 6 4 2 0 -2 -4 -6 5 3 1 -1 -3 -5 6 4 2 0 -2 -4 -6 5 3 1 -1 -3 -5 6 4 2 0 -2 -4 -6 5 3 1 -1 -3 -5 6 4 2 0 -2 -4 -6 5 3 1 -1 -3 -5 6 4 2 0 -2 -4 -6 5 3 1 -1 -3 -5 6 4 2 0 -2 -4 -6 5 3 1 -1 -3 -5 6 4 2 0 -2 -4 -6 5 3 1 -1 -3 -5 6 4 2 0 -2 -4 -6 5 3 1 -1 -3 -5 6 4 2 0 -2 -4 -6 5 3 1 -1 -3 -5 6 4 2 0 -2 -4 -6 5 3 1 -1 -3 -5 6 4 2 0 -2 -4 -6 5 3 1 -1 -3 -5 6 4 2 0 -2 -4 -6 5 3 1 -1 -3 -5 6 4 2 0 -2 -4 -6 5 3 1 -1 -3 -5 6 4 2 0 -2 -4 -6 5 3 1 -1 -3 -5 6 4 2 0 -2 -4 -6 5 3 1 -1 -3 -5 6 4 2 0 -2 -4 -6 5 3 1 -1 -3 -5 6 4 2 0 -2 -4 -6 5 3 1 -1 -3 -5 6 4 2 0 -2 -4 -6 5 3 1 -1 -3 -5 6 4 2 0 -2 -4 -6 5 3 1 -1 -3 -5 6 4 2 0 -2 -4 -6 5 3 1 -1 -3 -5 6 4 2 0 -2 -4 -6 5 3 1 -1 -3 -5 6 4 2 0 -2 -4 -6 5 3 1 -1 -3 -5 6 4 2 0 -2 -4 -6 5 3 1 -1 -3 -5 6 4 2 0 -2 -4 -6 5 3 1 -1 -3 -5 6 4 2 0 -2 -4 -6 5 3 1 -1 -3 -5 6 4 2 0 -2 -4 -6 5 3 1 -1 -3 -5 6 4 2 0 -2 -4 -6 5 3 1 -1 -3 -5 6 4 2 0 -2 -4 -6 5 3 1 -1 -3 -5 6 4 2 0 -2 -4 -6 5 3 1 -1 -3 -5 6 4 2 0 -2 -4 -6 5 3 1 -1 -3 -5 6 4 2 0 -2 -4 -6 5
-4 -6 5 3 1 -1 -3 -5 6 4 2 0 -2 -4 -6 5 3 1 -1 -3 -5 6 4 2 0 -2 -4 -6 5 3 1 -1 -3 -5 6 4 2 0 -2 -4 -6 5 3 1 -1 -3 -5 6 4 2 0 -2 -4 -6 5 3 1 -1 -3 -5 6 4 2 0 -2 -4 -6 5 3 1 -1 -3 -5 6 4 2 0 -2 -4 -6 5 3 1 -1 -3 -5 6 4 2 0 -2 -4 -6 5 3 1 -1 -3 -5 6 4 2 0 -2 -4 -6 5 3 1 -1 -3 -5 6 4 2 0 -2 -4 -6 5 3 1 -1 -3 -5 6 4 2 0 -2 -4 -6 5 3 1 -1 -3 -5 6 4 2 0 -2 -4 -6 5 3 1 -1 -3 -5 6 4 2 0 -2 -4 -6 5 3 1 -1 -3 -5 6 4 2 0 -2 -4 -6 5 3 1 -1 -3 -5 6 4 2 0 -2 -4 -6 5 3 1 -1 -3 -5 6 4 2 0 -2 -4 -6 5 3 1 -1 -3 -5 6 4 2 0 -2 -4 -6 5 3 1 -1 -3 -5 6 4 2 0 -2 -4 -6 5 3 1 -1 -3 -5 6 4 2 0 -2 -4 -6 5 3 1 -1 -3 -5 6 4 2 0 -2 -4 -6 5 3 1 -1 -3 -5 6 4 2 0 -2 -4 -6 5 3 1 -1 -3 -5 6 4 2 0 -2 -4 -6 5 3 1 -1 -3 -5 6 4 2 0 -2 -4 -6 5 3 1 -1 -3 -5 6 4 2 0 -2 -4 -6 5 3 1 -1 -3 -5 6 4 2 0 -2 -4 -6 5 3 1 -1 -3 -5 6 4 2 0 -2 -4 -6 5 3 1 -1 -3 -5 6 4 2 0 -2 -4 -6 5 3 1 -1 -3 -5 6 4 2 0 -2 -4 -6 5 3 1 -1 -3 -5 6 4 2 0 -2 -4 -6 5 3 1 -1 -3 -5 6 4 2 0 -2 -4 -6 5 3 1 -1 -3 -5 6 4 2 0 -2 -4 -6 5 3 1 -1 -3 -5 6 4 2 0 -2 -4 -6 5 3 1 -1 -3 -5 6 4 2 0 -2 -4 -6 5 3 1 -1 -3 -5 6 4 2 0 -2 -4 -6 5 3 1 -1 -3 -5 6 4 2 0 -2 -4 -6 5 3 1 -1 -3 -5 6 4 2 0 -2 -4 -6 5 3 1 -1 -3 -5 6 4 2 0 -2 -4 -6 5 3 1 -1 -3 -5 6 4 2 0 -2 -4 -6 5 3 1 -1 -3 -5 6 4 2 0 -2 -4 -6 5 3 1 -1
3 1 -1 -3 -5 6 4 2 0 -2 -4 -6 5 3 1 -1 -3 -5 6 4 2 0 -2 -4 -6 5 3 1 -1 -3 -5 6 4 2 0 -2 -4 -6 5 3 1 -1 -3 -5 6 4 2 0 -2 -4 -6 5 3 1 -1 -3 -5 6 4 2 0 -2 -4 -6 5 3 1 -1 -3 -5 6 4 2 0 -2 -4 -6 5 3 1 -1 -3 -5 6 4 2 0 -2 -4 -6 5 3 1 -1 -3 -5 6 4 2 0 -2 -4 -6 5 3 1 -1 -3 -5 6 4 2 0 -2 -4 -6 5 3 1 -1 -3 -5 6 4 2 0 -2 -4 -6 5 3 1 -1 -3 -5 6 4 2 0 -2 -4 -6 5 3 1 -1 -3 -5 6 4 2 0 -2 -4 -6 5 3 1 -1 -3 -5 6 4 2 0 -2 -4 -6 5 3 1 -1 -3 -5 6 4 2 0 -2 -4 -6 5 3 1 -1 -3 -5 6 4 2 0 -2 -4 -6 5 3 1 -1 -3 -5 6 4 2 0 -2 -4 -6 5 3 1 -1 -3 -5 6 4 2 0 -2 -4 -6 5 3 1 -1 -3 -5 6 4 2 0 -2 -4 -6 5 3 1 -1 -3 -5 6 4 2 0 -2 -4 -6 5 3 1 -1 -3 -5 6 4 2 0 -2 -4 -6 5 3 1 -1 -3 -5 6 4 2 0 -2 -4 -6 5 3 1 -1 -3 -5 6 4 2 0 -2 -4 -6 5 3 1 -1 -3 -5 6 4 2 0 -2 -4 -6 5 3 1 -1 -3 -5 6 4 2 0 -2 -4 -6 5 3 1 -1 -3 -5 6 4 2 0 -2 -4 -6 5 3 1 -1 -3 -5 6 4 2 0 -2 -4 -6 5 3 1 -1 -3 -5 6 4 2 0 -2 -4 -6 5 3 1 -1 -3 -5 6 4 2 0 -2 -4 -6 5 3 1 -1 -3 -5 6 4 2 0 -2 -4 -6 5 3 1 -1 -3 -5 6 4 2 0 -2 -4 -6 5 3 1 -1 -3 -5 6 4 2 0 -2 -4 -6 5 3 1 -1 -3 -5 6 4 2 0 -2 -4 -6 5 3 1 -1 -3 -5 6 4 2 0 -2 -4 -6 5 3 1 -1 -3 -5 6 4 2 0 -2 -4 -6 5 3 1 -1 -3 -5 6 4 2 0 -2 -4 -6 5 3 1 -1 -3 -5 6 4 2 0 -2 -4 -6 5 3 1 -1 -3 -5 6 4 2 0 -2 -4 -6 5 3 1 -1 -3 -5 6 4 2 0 -2 -4 -6 5 3 1 -1 -3 -5 6
-3 -5 6 4 2 0 -2 -4 -6 5 3 1 -1 -3 -5 6 4 2 0 -2 -4 -6 5 3 1 -1 -3 -5 6 4 2 0 -2 -4 -6 5 3 1 -1 -3 -5 6 4 2 0 -2 -4 -6 5 3 1 -1 -3 -5 6 4 2 0 -2 -4 -6 5 3 1 -1 -3 -5 6 4 2 0 -2 -4 -6 5 3 1 -1 -3 -5 6 4 2 0 -2 -4 -6 5 3 1 -1 -3 -5 6 4 2 0 -2 -4 -6 5 3 1 -1 -3 -5 6 4 2 0 -2 -4 -6 5 3 1 -1 -3 -5 6 4 2 0 -2 -4 -6 5 3 1 -1 -3 -5 6 4 2 0 -2 -4 -6 5 3 1 -1 -3 -5 6 4 2 0 -2 -4 -6 5 3 1 -1 -3 -5 6 4 2 0 -2 -4 -6 5 3 1 -1 -3 -5 6 4 2 0 -2 -4 -6 5 3 1 -1 -3 -5 6 4 2 0 -2 -4 -6 5 3 1 -1 -3 -5 6 4 2 0 -2 -4 -6 5 3 1 -1 -3 -5 6 4 2 0 -2 -4 -6 5 3 1 -1 -3 -5 6 4 2 0 -2 -4 -6 5 3 1 -1 -3 -5 6 4 2 0 -2 -4 -6 5 3 1 -1 -3 -5 6 4 2 0 -2 -4 -6 5 3 1 -1 -3 -5 6 4 2 0 -2 -4 -6 5 3 1 -1 -3 -5 6 4 2 0 -2 -4 -6 5 3 1 -1 -3 -5 6 4 2 0 -2 -4 -6 5 3 1 -1 -3 -5 6 4 2 0 -2 -4 -6 5 3 1 -1 -3 -5 6 4 2 0 -2 -4 -6 5 3 1 -1 -3 -5 6 4 2 0 -2 -4 -6 5 3 1 -1 -3 -5 6 4 2 0 -2 -4 -6 5 3 1 -1 -3 -5 6 4 2 0 -2 -4 -6 5 3 1 -1 -3 -5 6 4 2 0 -2 -4 -6 5 3 1 -1 -3 -5 6 4 2 0 -2 -4 -6 5 3 1 -1 -3 -5 6 4 2 0 -2 -4 -6 5 3 1 -1 -3 -5 6 4 2 0 -2 -4 -6 5 3 1 -1 -3 -5 6 4 2 0 -2 -4 -6 5 3 1 -1 -3 -5 6 4 2 0 -2 -4 -6 5 3 1 -1 -3 -5 6 4 2 0 -2 -4 -6 5 3 1 -1 -3 -5 6 4 2 0 -2 -4 -6 5 3 1 -1 -3 -5 6 4 2 0 -2 -4 -6 5 3 1 -1 -3 -5 6 4 2 0 -2 -4 -6 5 3 1 -1 -3 -5 6 4 2 0
4 2 0 -2 -4 -6 5 3 1 -1 -3 -5 6 4 2 0 -2 -4 -6 5 3 1 -1 -3 -5 6 4 2 0 -2 -4 -6 5 3 1 -1 -3 -5 6 4 2 0 -2 -4 -6 5 3 1 -1 -3 -5 6 4 2 0 -2 -4 -6 5 3 1 -1 -3 -5 6 4 2 0 -2 -4 -6 5 3 1 -1 -3 -5 6 4 2 0 -2 -4 -6 5 3 1 -1 -3 -5 6 4 2 0 -2 -4 -6 5 3 1 -1 -3 -5 6 4 2 0 -2 -4 -6 5 3 1 -1 -3 -5 6 4 2 0 -2 -4 -6 5 3 1 -1 -3 -5 6 4 2 0 -2 -4 -6 5 3 1 -1 -3 -5 6 4 2 0 -2 -4 -6 5 3 1 -1 -3 -5 6 4 2 0 -2 -4 -6 5 3 1 -1 -3 -5 6 4 2 0 -2 -4 -6 5 3 1 -1 -3 -5 6 4 2 0 -2 -4 -6 5 3 1 -1 -3 -5 6 4 2 0 -2 -4 -6 5 3 1 -1 -3 -5 6 4 2 0 -2 -4 -6 5 3 1 -1 -3 -5 6 4 2 0 -2 -4 -6 5 3 1 -1 -3 -5 6 4 2 0 -2 -4 -6 5 3 1 -1 -3 -5 6 4 2 0 -2 -4 -6 5 3 1 -1 -3 -5 6 4 2 0 -2 -4 -6 5 3 1 -1 -3 -5 6 4 2 0 -2 -4 -6 5 3 1 -1 -3 -5 6 4 2 0 -2 -4 -6 5 3 1 -1 -3 -5 6 4 2 0 -2 -4 -6 5 3 1 -1 -3 -5 6 4 2 0 -2 -4 -6 5 3 1 -1 -3 -5 6 4 2 0 -2 -4 -6 5 3 1 -1 -3 -5 6 4 2 0 -2 -4 -6 5 3 1 -1 -3 -5 6 4 2 0 -2 -4 -6 5 3 1 -1 -3 -5 6 4 2 0 -2 -4 -6 5 3 1 -1 -3 -5 6 4 2 0 -2 -4 -6 5 3 1 -1 -3 -5 6 4 2 0 -2 -4 -6 5 3 1 -1 -3 -5 6 4 2 0 -2 -4 -6 5 3 1 -1 -3 -5 6 4 2 0 -2 -4 -6 5 3 1 -1 -3 -5 6 4 2 0 -2 -4 -6 5 3 1 -1 -3 -5 6 4 2 0 -2 -4 -6 5 3 1 -1 -3 -5 6 4 2 0 -2 -4 -6 5 3 1 -1 -3 -5 6 4 2 0 -2 -4 -6 5 3 1 -1 -3 -5 6 4 2 0 -2 -4 -6 5 3 1 -1 -3 -5 6 4 2 0 -2 -4 -6
-2 -4 -6 5 3 1 -1 -3 -5 6 4 2 0 -2 -4 -6 5 3 1 -1 -3 -5 6 4 2 0 -2 -4 -6 5 3 1 -1 -3 -5 6 4 2 0 -2 -4 -6 5 3 1 -1 -3 -5 6 4 2 0 -2 -4 -6 5 3 1 -1 -3 -5 6 4 2 0 -2 -4 -6 5 3 1 -1 -3 -5 6 4 2 0 -2 -4 -6 5 3 1 -1 -3 -5 6 4 2 0 -2 -4 -6 5 3 1 -1 -3 -5 6 4 2 0 -2 -4 -6 5 3 1 -1 -3 -5 6 4 2 0 -2 -4 -6 5 3 1 -1 -3 -5 6 4 2 0 -2 -4 -6 5 3 1 -1 -3 -5 6 4 2 0 -2 -4 -6 5 3 1 -1 -3 -5 6 4 2 0 -2 -4 -6 5 3 1 -1 -3 -5 6 4 2 0 -2 -4 -6 5 3 1 -1 -3 -5 6 4 2 0 -2 -4 -6 5 3 1 -1 -3 -5 6 4 2 0 -2 -4 -6 5 3 1 -1 -3 -5 6 4 2 0 -2 -4 -6 5 3 1 -1 -3 -5 6 4 2 0 -2 -4 -6 5 3 1 -1 -3 -5 6 4 2 0 -2 -4 -6 5 3 1 -1 -3 -5 6 4 2 0 -2 -4 -6 5 3 1 -1 -3 -5 6 4 2 0 -2 -4 -6 5 3 1 -1 -3 -5 6 4 2 0 -2 -4 -6 5 3 1 -1 -3 -5 6 4 2 0 -2 -4 -6 5 3 1 -1 -3 -5 6 4 2 0 -2 -4 -6 5 3 1 -1 -3 -5 6 4 2 0 -2 -4 -6 5 3 1 -1 -3 -5 6 4 2 0 -2 -4 -6 5 3 1 -1 -3 -5 6 4 2 0 -2 -4 -6 5 3 1 -1 -3 -5 6 4 2 0 -2 -4 -6 5 3 1 -1 -3 -5 6 4 2 0 -2 -4 -6 5 3 1 -1 -3 -5 6 4 2 0 -2 -4 -6 5 3 1 -1 -3 -5 6 4 2 0 -2 -4 -6 5 3 1 -1 -3 -5 6 4 2 0 -2 -4 -6 5 3 1 -1 -3 -5 6 4 2 0 -2 -4 -6 5 3 1 -1 -3 -5 6 4 2 0 -2 -4 -6 5 3 1 -1 -3 -5 6 4 2 0 -2 -4 -6 5 3 1 -1 -3 -5 6 4 2 0 -2 -4 -6 5 3 1 -1 -3 -5 6 4 2 0 -2 -4 -6 5 3 1 -1 -3 -5 6 4 2 0 -2 -4 -6 5 3 1 -1 -3 -5 6 4 2 0 -2 -4 -6 5 3 1
5 3 1 -1 -3 -5 6 4 2 0 -2 -4 -6 5 3 1 -1 -3 -5 6 4 2 0 -2 -4 -6 5 3 1 -1 -3 -5 6 4 2 0 -2 -4 -6 5 3 1 -1 -3 -5 6 4 2 0 -2 -4 -6 5 3 1 -1 -3 -5 6 4 2 0 -2 -4 -6 5 3 1 -1 -3 -5 6 4 2 0 -2 -4 -6 5 3 1 -1 -3 -5 6 4 2 0 -2 -4 -6 5 3 1 -1 -3 -5 6 4 2 0 -2 -4 -6 5 3 1 -1 -3 -5 6 4 2 0 -2 -4 -6 5 3 1 -1 -3 -5 6 4 2 0 -2 -4 -6 5 3 1 -1 -3 -5 6 4 2 0 -2 -4 -6 5 3 1 -1 -3 -5 6 4 2 0 -2 -4 -6 5 3 1 -1 -3 -5 6 4 2 0 -2 -4 -6 5 3 1 -1 -3 -5 6 4 2 0 -2 -4 -6 5 3 1 -1 -3 -5 6 4 2 0 -2 -4 -6 5 3 1 -1 -3 -5 6 4 2 0 -2 -4 -6 5 3 1 -1 -3 -5 6 4 2 0 -2 -4 -6 5 3 1 -1 -3 -5 6 4 2 0 -2 -4 -6 5 3 1 -1 -3 -5 6 4 2 0 -2 -4 -6 5 3 1 -1 -3 -5 6 4 2 0 -2 -4 -6 5 3 1 -1 -3 -5 6 4 2 0 -2 -4 -6 5 3 1 -1 -3 -5 6 4 2 0 -2 -4 -6 5 3 1 -1 -3 -5 6 4 2 0 -2 -4 -6 5 3 1 -1 -3 -5 6 4 2 0 -2 -4 -6 5 3 1 -1 -3 -5 6 4 2 0 -2 -4 -6 5 3 1 -1 -3 -5 6 4 2 0 -2 -4 -6 5 3 1 -1 -3 -5 6 4 2 0 -2 -4 -6 5 3 1 -1 -3 -5 6 4 2 0 -2 -4 -6 5 3 1 -1 -3 -5 6 4 2 0 -2 -4 -6 5 3 1 -1 -3 -5 6 4 2 0 -2 -4 -6 5 3 1 -1 -3 -5 6 4 2 0 -2 -4 -6 5 3 1 -1 -3 -5 6 4 2 0 -2 -4 -6 5 3 1 -1 -3 -5 6 4 2 0 -2 -4 -6 5 3 1 -1 -3 -5 6 4 2 0 -2 -4 -6 5 3 1 -1 -3 -5 6 4 2 0 -2 -4 -6 5 3 1 -1 -3 -5 6 4 2 0 -2 -4 -6 5 3 1 -1 -3 -5 6 4 2 0 -2 -4 -6 5 3 1 -1 -3 -5 6 4 2 0 -2 -4 -6 5 3 1 -1 -3 -5
-1 -3 -5 6 4 2 0 -2 -4 -6 5 3 1 -1 -3 -5 6 4 2 0 -2 -4 -6 5 3 1 -1 -3 -5 6 4 2 0 -2 -4 -6 5 3 1 -1 -3 -5 6 4 2 0 -2 -4 -6 5 3 1 -1 -3 -5 6 4 2 0 -2 -4 -6 5 3 1 -1 -3 -5 6 4 2 0 -2 -4 -6 5 3 1 -1 -3 -5 6 4 2 0 -2 -4 -6 5 3 1 -1 -3 -5 6 4 2 0 -2 -4 -6 5 3 1 -1 -3 -5 6 4 2 0 -2 -4 -6 5 3 1 -1 -3 -5 6 4 2 0 -2 -4 -6 5 3 1 -1 -3 -5 6 4 2 0 -2 -4 -6 5 3 1 -1 -3 -5 6 4 2 0 -2 -4 -6 5 3 1 -1 -3 -5 6 4 2 0 -2 -4 -6 5 3 1 -1 -3 -5 6 4 2 0 -2 -4 -6 5 3 1 -1 -3 -5 6 4 2 0 -2 -4 -6 5 3 1 -1 -3 -5 6 4 2 0 -2 -4 -6 5 3 1 -1 -3 -5 6 4 2 0 -2 -4 -6 5 3 1 -1 -3 -5 6 4 2 0 -2 -4 -6 5 3 1 -1 -3 -5 6 4 2 0 -2 -4 -6 5 3 1 -1 -3 -5 6 4 2 0 -2 -4 -6 5 3 1 -1 -3 -5 6 4 2 0 -2 -4 -6 5 3 1 -1 -3 -5 6 4 2 0 -2 -4 -6 5 3 1 -1 -3 -5 6 4 2 0 -2 -4 -6 5 3 1 -1 -3 -5 6 4 2 0 -2 -4 -6 5 3 1 -1 -3 -5 6 4 2 0 -2 -4 -6 5 3 1 -1 -3 -5 6 4 2 0 -2 -4 -6 5 3 1 -1 -3 -5 6 4 2 0 -2 -4 -6 5 3 1 -1 -3 -5 6 4 2 0 -2 -4 -6 5 3 1 -1 -3 -5 6 4 2 0 -2 -4 -6 5 3 1 -1 -3 -5 6 4 2 0 -2 -4 -6 5 3 1 -1 -3 -5 6 4 2 0 -2 -4 -6 5 3 1 -1 -3 -5 6 4 2 0 -2 -4 -6 5 3 1 -1 -3 -5 6 4 2 0 -2 -4 -6 5 3 1 -1 -3 -5 6 4 2 0 -2 -4 -6 5 3 1 -1 -3 -5 6 4 2 0 -2 -4 -6 5 3 1 -1 -3 -5 6 4 2 0 -2 -4 -6 5 3 1 -1 -3 -5 6 4 2 0 -2 -4 -6 5 3 1 -1 -3 -5 6 4 2 0 -2 -4 -6 5 3 1 -1 -3 -5 6 4 2
6 4 2 0 -2 -4 -6 5 3 1 -1 -3 -5 6 4 2 0 -2 -4 -6 5 3 1 -1 -3 -5 6 4 2 0 -2 -4 -6 5 3 1 -1 -3 -5 6 4 2 0 -2 -4 -6 5 3 1 -1 -3 -5 6 4 2 0 -2 -4 -6 5 3 1 -1 -3 -5 6 4 2 0 -2 -4 -6 5 3 1 -1 -3 -5 6 4 2 0 -2 -4 -6 5 3 1 -1 -3 -5 6 4 2 0 -2 -4 -6 5 3 1 -1 -3 -5 6 4 2 0 -2 -4 -6 5 3 1 -1 -3 -5 6 4 2 0 -2 -4 -6 5 3 1 -1 -3 -5 6 4 2 0 -2 -4 -6 5 3 1 -1 -3 -5 6 4 2 0 -2 -4 -6 5 3 1 -1 -3 -5 6 4 2 0 -2 -4 -6 5 3 1 -1 -3 -5 6 4 2 0 -2 -4 -6 5 3 1 -1 -3 -5 6 4 2 0 -2 -4 -6 5 3 1 -1 -3 -5 6 4 2 0 -2 -4 -6 5 3 1 -1 -3 -5 6 4 2 0 -2 -4 -6 5 3 1 -1 -3 -5 6 4 2 0 -2 -4 -6 5 3 1 -1 -3 -5 6 4 2 0 -2 -4 -6 5 3 1 -1 -3 -5 6 4 2 0 -2 -4 -6 5 3 1 -1 -3 -5 6 4 2 0 -2 -4 -6 5 3 1 -1 -3 -5 6 4 2 0 -2 -4 -6 5 3 1 -1 -3 -5 6 4 2 0 -2 -4 -6 5 3 1 -1 -3 -5 6 4 2 0 -2 -4 -6 5 3 1 -1 -3 -5 6 4 2 0 -2 -4 -6 5 3 1 -1 -3 -5 6 4 2 0 -2 -4 -6 5 3 1 -1 -3 -5 6 4 2 0 -2 -4 -6 5 3 1 -1 -3 -5 6 4 2 0 -2 -4 -6 5 3 1 -1 -3 -5 6 4 2 0 -2 -4 -6 5 3 1 -1 -3 -5 6 4 2 0 -2 -4 -6 5 3 1 -1 -3 -5 6 4 2 0 -2 -4 -6 5 3 1 -1 -3 -5 6 4 2 0 -2 -4 -6 5 3 1 -1 -3 -5 6 4 2 0 -2 -4 -6 5 3 1 -1 -3 -5 6 4 2 0 -2 -4 -6 5 3 1 -1 -3 -5 6 4 2 0 -2 -4 -6 5 3 1 -1 -3 -5 6 4 2 0 -2 -4 -6 5 3 1 -1 -3 -5 6 4 2 0 -2 -4 -6 5 3 1 -1 -3 -5 6 4 2 0 -2 -4 -6 5 3 1 -1 -3 -5 6 4 2 0 -2 -4
0 -2 -4 -6 5 3 1 -1 -3 -5 6 4 2 0 -2 -4 -6 5 3 1 -1 -3 -5 6 4 2 0 -2 -4 -6 5 3 1 -1 -3 -5 6 4 2 0 -2 -4 -6 5 3 1 -1 -3 -5 6 4 2 0 -2 -4 -6 5 3 1 -1 -3 -5 6 4 2 0 -2 -4 -6 5 3 1 -1 -3 -5 6 4 2 0 -2 -4 -6 5 3 1 -1 -3 -5 6 4 2 0 -2 -4 -6 5 3 1 -1 -3 -5 6 4 2 0 -2 -4 -6 5 3 1 -1 -3 -5 6 4 2 0 -2 -4 -6 5 3 1 -1 -3 -5 6 4 2 0 -2 -4 -6 5 3 1 -1 -3 -5 6 4 2 0 -2 -4 -6 5 3 1 -1 -3 -5 6 4 2 0 -2 -4 -6 5 3 1 -1 -3 -5 6 4 2 0 -2 -4 -6 5 3 1 -1 -3 -5 6 4 2 0 -2 -4 -6 5 3 1 -1 -3 -5 6 4 2 0 -2 -4 -6 5 3 1 -1 -3 -5 6 4 2 0 -2 -4 -6 5 3 1 -1 -3 -5 6 4 2 0 -2 -4 -6 5 3 1 -1 -3 -5 6 4 2 0 -2 -4 -6 5 3 1 -1 -3 -5 6 4 2 0 -2 -4 -6 5 3 1 -1 -3 -5 6 4 2 0 -2 -4 -6 5 3 1 -1 -3 -5 6 4 2 0 -2 -4 -6 5 3 1 -1 -3 -5 6 4 2 0 -2 -4 -6 5 3 1 -1 -3 -5 6 4 2 0 -2 -4 -6 5 3 1 -1 -3 -5 6 4 2 0 -2 -4 -6 5 3 1 -1 -3 -5 6 4 2 0 -2 -4 -6 5 3 1 -1 -3 -5 6 4 2 0 -2 -4 -6 5 3 1 -1 -3 -5 6 4 2 0 -2 -4 -6 5 3 1 -1 -3 -5 6 4 2 0 -2 -4 -6 5 3 1 -1 -3 -5 6 4 2 0 -2 -4 -6 5 3 1 -1 -3 -5 6 4 2 0 -2 -4 -6 5 3 1 -1 -3 -5 6 4 2 0 -2 -4 -6 5 3 1 -1 -3 -5 6 4 2 0 -2 -4 -6 5 3 1 -1 -3 -5 6 4 2 0 -2 -4 -6 5 3 1 -1 -3 -5 6 4 2 0 -2 -4 -6 5 3 1 -1 -3 -5 6 4 2 0 -2 -4 -6 5 3 1 -1 -3 -5 6 4 2 0 -2 -4 -6 5 3 1 -1 -3 -5 6 4 2 0 -2 -4 -6 5 3 1 -1 -3 -5 6 4 2 0 -2 -4 -6 5 3
-6 5 3 1 -1 -3 -5 6 4 2 0 -2 -4 -6 5 3 1 -1 -3 -5 6 4 2 0 -2 -4 -6 5 3 1 -1 -3 -5 6 4 2 0 -2 -4 -6 5 3 1 -1 -3 -5 6 4 2 0 -2 -4 -6 5 3 1 -1 -3 -5 6 4 2 0 -2 -4 -6 5 3 1 -1 -3 -5 6 4 2 0 -2 -4 -6 5 3 1 -1 -3 -5 6 4 2 0 -2 -4 -6 5 3 1 -1 -3 -5 6 4 2 0 -2 -4 -6 5 3 1 -1 -3 -5 6 4 2 0 -2 -4 -6 5 3 1 -1 -3 -5 6 4 2 0 -2 -4 -6 5 3 1 -1 -3 -5 6 4 2 0 -2 -4 -6 5 3 1 -1 -3 -5 6 4 2 0 -2 -4 -6 5 3 1 -1 -3 -5 6 4 2 0 -2 -4 -6 5 3 1 -1 -3 -5 6 4 2 0 -2 -4 -6 5 3 1 -1 -3 -5 6 4 2 0 -2 -4 -6 5 3 1 -1 -3 -5 6 4 2 0 -2 -4 -6 5 3 1 -1 -3 -5 6 4 2 0 -2 -4 -6 5 3 1 -1 -3 -5 6 4 2 0 -2 -4 -6 5 3 1 -1 -3 -5 6 4 2 0 -2 -4 -6 5 3 1 -1 -3 -5 6 4 2 0 -2 -4 -6 5 3 1 -1 -3 -5 6 4 2 0 -2 -4 -6 5 3 1 -1 -3 -5 6 4 2 0 -2 -4 -6 5 3 1 -1 -3 -5 6 4 2 0 -2 -4 -6 5 3 1 -1 -3 -5 6 4 2 0 -2 -4 -6 5 3 1 -1 -3 -5 6 4 2 0 -2 -4 -6 5 3 1 -1 -3 -5 6 4 2 0 -2 -4 -6 5 3 1 -1 -3 -5 6 4 2 0 -2 -4 -6 5 3 1 -1 -3 -5 6 4 2 0 -2 -4 -6 5 3 1 -1 -3 -5 6 4 2 0 -2 -4 -6 5 3 1 -1 -3 -5 6 4 2 0 -2 -4 -6 5 3 1 -1 -3 -5 6 4 2 0 -2 -4 -6 5 3 1 -1 -3 -5 6 4 2 0 -2 -4 -6 5 3 1 -1 -3 -5 6 4 2 0 -2 -4 -6 5 3 1 -1 -3 -5 6 4 2 0 -2 -4 -6 5 3 1 -1 -3 -5 6 4 2 0 -2 -4 -6 5 3 1 -1 -3 -5 6 4 2 0 -2 -4 -6 5 3 1 -1 -3 -5 6 4 2 0 -2 -4 -6 5 3 1 -1 -3 -5 6 4 2 0 -2 -4 -6 5 3 1 -1 -3
1 -1 -3 -5 6 4 2 0 -2 -4 -6 5 3 1 -1 -3 -5 6 4 2 0 -2 -4 -6 5 3 1 -1 -3 -5 6 4 2 0 -2 -4 -6 5 3 1 -1 -3 -5 6 4 2 0 -2 -4 -6 5 3 1 -1 -3 -5 6 4 2 0 -2 -4 -6 5 3 1 -1 -3 -5 6 4 2 0 -2 -4 -6 5 3 1 -1 -3 -5 6 4 2 0 -2 -4 -6 5 3 1 -1 -3 -5 6 4 2 0 -2 -4 -6 5 3 1 -1 -3 -5 6 4 2 0 -2 -4 -6 5 3 1 -1 -3 -5 6 4 2 0 -2 -4 -6 5 3 1 -1 -3 -5 6 4 2 0 -2 -4 -6 5 3 1 -1 -3 -5 6 4 2 0 -2 -4 -6 5 3 1 -1 -3 -5 6 4 2 0 -2 -4 -6 5 3 1 -1 -3 -5 6 4 2 0 -2 -4 -6 5 3 1 -1 -3 -5 6 4 2 0 -2 -4 -6 5 3 1 -1 -3 -5 6 4 2 0 -2 -4 -6 5 3 1 -1 -3 -5 6 4 2 0 -2 -4 -6 5 3 1 -1 -3 -5 6 4 2 0 -2 -4 -6 5 3 1 -1 -3 -5 6 4 2 0 -2 -4 -6 5 3 1 -1 -3 -5 6 4 2 0 -2 -4 -6 5 3 1 -1 -3 -5 6 4 2 0 -2 -4 -6 5 3 1 -1 -3 -5 6 4 2 0 -2 -4 -6 5 3 1 -1 -3 -5 6 4 2 0 -2 -4 -6 5 3 1 -1 -3 -5 6 4 2 0 -2 -4 -6 5 3 1 -1 -3 -5 6 4 2 0 -2 -4 -6 5 3 1 -1 -3 -5 6 4 2 0 -2 -4 -6 5 3 1 -1 -3 -5 6 4 2 0 -2 -4 -6 5 3 1 -1 -3 -5 6 4 2 0 -2 -4 -6 5 3 1 -1 -3 -5 6 4 2 0 -2 -4 -6 5 3 1 -1 -3 -5 6 4 2 0 -2 -4 -6 5 3 1 -1 -3 -5 6 4 2 0 -2 -4 -6 5 3 1 -1 -3 -5 6 4 2 0 -2 -4 -6 5 3 1 -1 -3 -5 6 4 2 0 -2 -4 -6 5 3 1 -1 -3 -5 6 4 2 0 -2 -4 -6 5 3 1 -1 -3 -5 6 4 2 0 -2 -4 -6 5 3 1 -1 -3 -5 6 4 2 0 -2 -4 -6 5 3 1 -1 -3 -5 6 4 2 0 -2 -4 -6 5 3 1 -1 -3 -5 6 4 2 0 -2 -4 -6 5 3 1 -1 -3 -5 6 4
-5 6 4 2 0 -2 -4 -6 5 3 1 -1 -3 -5 6 4 2 0 -2 -4 -6 5 3 1 -1 -3 -5 6 4 2 0 -2 -4 -6 5 3 1 -1 -3 -5 6 4 2 0 -2 -4 -6 5 3 1 -1 -3 -5 6 4 2 0 -2 -4 -6 5 3 1 -1 -3 -5 6 4 2 0 -2 -4 -6 5 3 1 -1 -3 -5 6 4 2 0 -2 -4 -6 5 3 1 -1 -3 -5 6 4 2 0 -2 -4 -6 5 3 1 -1 -3 -5 6 4 2 0 -2 -4 -6 5 3 1 -1 -3 -5 6 4 2 0 -2 -4 -6 5 3 1 -1 -3 -5 6 4 2 0 -2 -4 -6 5 3 1 -1 -3 -5 6 4 2 0 -2 -4 -6 5 3 1 -1 -3 -5 6 4 2 0 -2 -4 -6 5 3 1 -1 -3 -5 6 4 2 0 -2 -4 -6 5 3 1 -1 -3 -5 6 4 2 0 -2 -4 -6 5 3 1 -1 -3 -5 6 4 2 0 -2 -4 -6 5 3 1 -1 -3 -5 6 4 2 0 -2 -4 -6 5 3 1 -1 -3 -5 6 4 2 0 -2 -4 -6 5 3 1 -1 -3 -5 6 4 2 0 -2 -4 -6 5 3 1 -1 -3 -5 6 4 2 0 -2 -4 -6 5 3 1 -1 -3 -5 6 4 2 0 -2 -4 -6 5 3 1 -1 -3 -5 6 4 2 0 -2 -4 -6 5 3 1 -1 -3 -5 6 4 2 0 -2 -4 -6 5 3 1 -1 -3 -5 6 4 2 0 -2 -4 -6 5 3 1 -1 -3 -5 6 4 2 0 -2 -4 -6 5 3 1 -1 -3 -5 6 4 2 0 -2 -4 -6 5 3 1 -1 -3 -5 6 4 2 0 -2 -4 -6 5 3 1 -1 -3 -5 6 4 2 0 -2 -4 -6 5 3 1 -1 -3 -5 6 4 2 0 -2 -4 -6 5 3 1 -1 -3 -5 6 4 2 0 -2 -4 -6 5 3 1 -1 -3 -5 6 4 2 0 -2 -4 -6 5 3 1 -1 -3 -5 6 4 2 0 -2 -4 -6 5 3 1 -1 -3 -5 6 4 2 0 -2 -4 -6 5 3 1 -1 -3 -5 6 4 2 0 -2 -4 -6 5 3 1 -1 -3 -5 6 4 2 0 -2 -4 -6 5 3 1 -1 -3 -5 6 4 2 0 -2 -4 -6 5 3 1 -1 -3 -5 6 4 2 0 -2 -4 -6 5 3 1 -1 -3 -5 6 4 2 0 -2 -4 -6 5 3 1 -1 -3 -5 6 4 2 0 -2
2 0 -2 -4 -6 5 3 1 -1 -3 -5 6 4 2 0 -2 -4 -6 5 3 1 -1 -3 -5 6 4 2 0 -2 -4 -6 5 3 1 -1 -3 -5 6 4 2 0 -2 -4 -6 5 3 1 -1 -3 -5 6 4 2 0 -2 -4 -6 5 3 1 -1 -3 -5 6 4 2 0 -2 -4 -6 5 3 1 -1 -3 -5 6 4 2 0 -2 -4 -6 5 3 1 -1 -3 -5 6 4 2 0 -2 -4 -6 5 3 1 -1 -3 -5 6 4 2 0 -2 -4 -6 5 3 1 -1 -3 -5 6 4 2 0 -2 -4 -6 5 3 1 -1 -3 -5 6 4 2 0 -2 -4 -6 5 3 1 -1 -3 -5 6 4 2 0 -2 -4 -6 5 3 1 -1 -3 -5 6 4 2 0 -2 -4 -6 5 3 1 -1 -3 -5 6 4 2 0 -2 -4 -6 5 3 1 -1 -3 -5 6 4 2 0 -2 -4 -6 5 3 1 -1 -3 -5 6 4 2 0 -2 -4 -6 5 3 1 -1 -3 -5 6 4 2 0 -2 -4 -6 5 3 1 -1 -3 -5 6 4 2 0 -2 -4 -6 5 3 1 -1 -3 -5 6 4 2 0 -2 -4 -6 5 3 1 -1 -3 -5 6 4 2 0 -2 -4 -6 5 3 1 -1 -3 -5 6 4 2 0 -2 -4 -6 5 3 1 -1 -3 -5 6 4 2 0 -2 -4 -6 5 3 1 -1 -3 -5 6 4 2 0 -2 -4 -6 5 3 1 -1 -3 -5 6 4 2 0 -2 -4 -6 5 3 1 -1 -3 -5 6 4 2 0 -2 -4 -6 5 3 1 -1 -3 -5 6 4 2 0 -2 -4 -6 5 3 1 -1 -3 -5 6 4 2 0 -2 -4 -6 5 3 1 -1 -3 -5 6 4 2 0 -2 -4 -6 5 3 1 -1 -3 -5 6 4 2 0 -2 -4 -6 5 3 1 -1 -3 -5 6 4 2 0 -2 -4 -6 5 3 1 -1 -3 -5 6 4 2 0 -2 -4 -6 5 3 1 -1 -3 -5 6 4 2 0 -2 -4 -6 5 3 1 -1 -3 -5 6 4 2 0 -2 -4 -6 5 3 1 -1 -3 -5 6 4 2 0 -2 -4 -6 5 3 1 -1 -3 -5 6 4 2 0 -2 -4 -6 5 3 1 -1 -3 -5 6 4 2 0 -2 -4 -6 5 3 1 -1 -3 -5 6 4 2 0 -2 -4 -6 5 3 1 -1 -3 -5 6 4 2 0 -2 -4 -6 5 3 1 -1 -3 -5 6 4 2 0 -2 -4 -6 5
-4 -6 5 3 1 -1 -3 -5 6 4 2 0 -2 -4 -6 5 3 1 -1 -3 -5 6 4 2 0 -2 -4 -6 5 3 1 -1 -3 -5 6 4 2 0 -2 -4 -6 5 3 1 -1 -3 -5 6 4 2 0 -2 -4 -6 5 3 1 -1 -3 -5 6 4 2 0 -2 -4 -6 5 3 1 -1 -3 -5 6 4 2 0 -2 -4 -6 5 3 1 -1 -3 -5 6 4 2 0 -2 -4 -6 5 3 1 -1 -3 -5 6 4 2 0 -2 -4 -6 5 3 1 -1 -3 -5 6 4 2 0 -2 -4 -6 5 3 1 -1 -3 -5 6 4 2 0 -2 -4 -6 5 3 1 -1 -3 -5 6 4 2 0 -2 -4 -6 5 3 1 -1 -3 -5 6 4 2 0 -2 -4 -6 5 3 1 -1 -3 -5 6 4 2 0 -2 -4 -6 5 3 1 -1 -3 -5 6 4 2 0 -2 -4 -6 5 3 1 -1 -3 -5 6 4 2 0 -2 -4 -6 5 3 1 -1 -3 -5 6 4 2 0 -2 -4 -6 5 3 1 -1 -3 -5 6 4 2 0 -2 -4 -6 5 3 1 -1 -3 -5 6 4 2 0 -2 -4 -6 5 3 1 -1 -3 -5 6 4 2 0 -2 -4 -6 5 3 1 -1 -3 -5 6 4 2 0 -2 -4 -6 5 3 1 -1 -3 -5 6 4 2 0 -2 -4 -6 5 3 1 -1 -3 -5 6 4 2 0 -2 -4 -6 5 3 1 -1 -3 -5 6 4 2 0 -2 -4 -6 5 3 1 -1 -3 -5 6 4 2 0 -2 -4 -6 5 3 1 -1 -3 -5 6 4 2 0 -2 -4 -6 5 3 1 -1 -3 -5 6 4 2 0 -2 -4 -6 5 3 1 -1 -3 -5 6 4 2 0 -2 -4 -6 5 3 1 -1 -3 -5 6 4 2 0 -2 -4 -6 5 3 1 -1 -3 -5 6 4 2 0 -2 -4 -6 5 3 1 -1 -3 -5 6 4 2 0 -2 -4 -6 5 3 1 -1 -3 -5 6 4 2 0 -2 -4 -6 5 3 1 -1 -3 -5 6 4 2 0 -2 -4 -6 5 3 1 -1 -3 -5 6 4 2 0 -2 -4 -6 5 3 1 -1 -3 -5 6 4 2 0 -2 -4 -6 5 3 1 -1 -3 -5 6 4 2 0 -2 -4 -6 5 3 1 -1 -3 -5 6 4 2 0 -2 -4 -6 5 3 1 -1 -3 -5 6 4 2 0 -2 -4 -6 5 3 1 -1 -3 -5 6 4 2 0 -2 -4 -6 5 3 1 -1
3 1 -1 -3 -5 6 4 2 0 -2 -4 -6 5 3 1 -1 -3 -5 6 4 2 0 -2 -4 -6 5 3 1 -1 -3 -5 6 4 2 0 -2 -4 -6 5 3 1 -1 -3 -5 6 4 2 0 -2 -4 -6 5 3 1 -1 -3 -5 6 4 2 0 -2 -4 -6 5 3 1 -1 -3 -5 6 4 2 0 -2 -4 -6 5 3 1 -1 -3 -5 6 4 2 0 -2 -4 -6 5 3 1 -1 -3 -5 6 4 2 0 -2 -4 -6 5 3 1 -1 -3 -5 6 4 2 0 -2 -4 -6 5 3 1 -1 -3 -5 6 4 2 0 -2 -4 -6 5 3 1 -1 -3 -5 6 4 2 0 -2 -4 -6 5 3 1 -1 -3 -5 6 4 2 0 -2 -4 -6 5 3 1 -1 -3 -5 6 4 2 0 -2 -4 -6 5 3 1 -1 -3 -5 6 4 2 0 -2 -4 -6 5 3 1 -1 -3 -5 6 4 2 0 -2 -4 -6 5 3 1 -1 -3 -5 6 4 2 0 -2 -4 -6 5 3 1 -1 -3 -5 6 4 2 0 -2 -4 -6 5 3 1 -1 -3 -5 6 4 2 0 -2 -4 -6 5 3 1 -1 -3 -5 6 4 2 0 -2 -4 -6 5 3 1 -1 -3 -5 6 4 2 0 -2 -4 -6 5 3 1 -1 -3 -5 6 4 2 0 -2 -4 -6 5 3 1 -1 -3 -5 6 4 2 0 -2 -4 -6 5 3 1 -1 -3 -5 6 4 2 0 -2 -4 -6 5 3 1 -1 -3 -5 6 4 2 0 -2 -4 -6 5 3 1 -1 -3 -5 6 4 2 0 -2 -4 -6 5 3 1 -1 -3 -5 6 4 2 0 -2 -4 -6 5 3 1 -1 -3 -5 6 4 2 0 -2 -4 -6 5 3 1 -1 -3 -5 6 4 2 0 -2 -4 -6 5 3 1 -1 -3 -5 6 4 2 0 -2 -4 -6 5 3 1 -1 -3 -5 6 4 2 0 -2 -4 -6 5 3 1 -1 -3 -5 6 4 2 0 -2 -4 -6 5 3 1 -1 -3 -5 6 4 2 0 -2 -4 -6 5 3 1 -1 -3 -5 6 4 2 0 -2 -4 -6 5 3 1 -1 -3 -5 6 4 2 0 -2 -4 -6 5 3 1 -1 -3 -5 6 4 2 0 -2 -4 -6 5 3 1 -1 -3 -5 6 4 2 0 -2 -4 -6 5 3 1 -1 -3 -5 6 4 2 0 -2 -4 -6 5 3 1 -1 -3 -5 6 4 2 0 -2 -4 -6 5 3 1 -1 -3 -5 6
-3 -5 6 4 2 0 -2 -4 -6 5 3 1 -1 -3 -5 6 4 2 0 -2 -4 -6 5 3 1 -1 -3 -5 6 4 2 0 -2 -4 -6 5 3 1 -1 -3 -5 6 4 2 0 -2 -4 -6 5 3 1 -1 -3 -5 6 4 2 0 -2 -4 -6 5 3 1 -1 -3 -5 6 4 2 0 -2 -4 -6 5 3 1 -1 -3 -5 6 4 2 0 -2 -4 -6 5 3 1 -1 -3 -5 6 4 2 0 -2 -4 -6 5 3 1 -1 -3 -5 6 4 2 0 -2 -4 -6 5 3 1 -1 -3 -5 6 4 2 0 -2 -4 -6 5 3 1 -1 -3 -5 6 4 2 0 -2 -4 -6 5 3 1 -1 -3 -5 6 4 2 0 -2 -4 -6 5 3 1 -1 -3 -5 6 4 2 0 -2 -4 -6 5 3 1 -1 -3 -5 6 4 2 0 -2 -4 -6 5 3 1 -1 -3 -5 6 4 2 0 -2 -4 -6 5 3 1 -1 -3 -5 6 4 2 0 -2 -4 -6 5 3 1 -1 -3 -5 6 4 2 0 -2 -4 -6 5 3 1 -1 -3 -5 6 4 2 0 -2 -4 -6 5 3 1 -1 -3 -5 6 4 2 0 -2 -4 -6 5 3 1 -1 -3 -5 6 4 2 0 -2 -4 -6 5 3 1 -1 -3 -5 6 4 2 0 -2 -4 -6 5 3 1 -1 -3 -5 6 4 2 0 -2 -4 -6 5 3 1 -1 -3 -5 6 4 2 0 -2 -4 -6 5 3 1 -1 -3 -5 6 4 2 0 -2 -4 -6 5 3 1 -1 -3 -5 6 4 2 0 -2 -4 -6 5 3 1 -1 -3 -5 6 4 2 0 -2 -4 -6 5 3 1 -1 -3 -5 6 4 2 0 -2 -4 -6 5 3 1 -1 -3 -5 6 4 2 0 -2 -4 -6 5 3 1 -1 -3 -5 6 4 2 0 -2 -4 -6 5 3 1 -1 -3 -5 6 4 2 0 -2 -4 -6 5 3 1 -1 -3 -5 6 4 2 0 -2 -4 -6 5 3 1 -1 -3 -5 6 4 2 0 -2 -4 -6 5 3 1 -1 -3 -5 6 4 2 0 -2 -4 -6 5 3 1 -1 -3 -5 6 4 2 0 -2 -4 -6 5 3 1 -1 -3 -5 6 4 2 0 -2 -4 -6 5 3 1 -1 -3 -5 6 4 2 0 -2 -4 -6 5 3 1 -1 -3 -5 6 4 2 0 -2 -4 -6 5 3 1 -1 -3 -5 6 4 2 0 -2 -4 -6 5 3 1 -1 -3 -5 6 4 2 0
4 2 0 -2 -4 -6 5 3 1 -1 -3 -5 6 4 2 0 -2 -4 -6 5 3 1 -1 -3 -5 6 4 2 0 -2 -4 -6 5 3 1 -1 -3 -5 6 4 2 0 -2 -4 -6 5 3 1 -1 -3 -5 6 4 2 0 -2 -4 -6 5 3 1 -1 -3 -5 6 4 2 0 -2 -4 -6 5 3 1 -1 -3 -5 6 4 2 0 -2 -4 -6 5 3 1 -1 -3 -5 6 4 2 0 -2 -4 -6 5 3 1 -1 -3 -5 6 4 2 0 -2 -4 -6 5 3 1 -1 -3 -5 6 4 2 0 -2 -4 -6 5 3 1 -1 -3 -5 6 4 2 0 -2 -4 -6 5 3 1 -1 -3 -5 6 4 2 0 -2 -4 -6 5 3 1 -1 -3 -5 6 4 2 0 -2 -4 -6 5 3 1 -1 -3 -5 6 4 2 0 -2 -4 -6 5 3 1 -1 -3 -5 6 4 2 0 -2 -4 -6 5 3 1 -1 -3 -5 6 4 2 0 -2 -4 -6 5 3 1 -1 -3 -5 6 4 2 0 -2 -4 -6 5 3 1 -1 -3 -5 6 4 2 0 -2 -4 -6 5 3 1 -1 -3 -5 6 4 2 0 -2 -4 -6 5 3 1 -1 -3 -5 6 4 2 0 -2 -4 -6 5 3 1 -1 -3 -5 6 4 2 0 -2 -4 -6 5 3 1 -1 -3 -5 6 4 2 0 -2 -4 -6 5 3 1 -1 -3 -5 6 4 2 0 -2 -4 -6 5 3 1 -1 -3 -5 6 4 2 0 -2 -4 -6 5 3 1 -1 -3 -5 6 4 2 0 -2 -4 -6 5 3 1 -1 -3 -5 6 4 2 0 -2 -4 -6 5 3 1 -1 -3 -5 6 4 2 0 -2 -4 -6 5 3 1 -1 -3 -5 6 4 2 0 -2 -4 -6 5 3 1 -1 -3 -5 6 4 2 0 -2 -4 -6 5 3 1 -1 -3 -5 6 4 2 0 -2 -4 -6 5 3 1 -1 -3 -5 6 4 2 0 -2 -4 -6 5 3 1 -1 -3 -5 6 4 2 0 -2 -4 -6 5 3 1 -1 -3 -5 6 4 2 0 -2 -4 -6 5 3 1 -1 -3 -5 6 4 2 0 -2 -4 -6 5 3 1 -1 -3 -5 6 4 2 0 -2 -4 -6 5 3 1 -1 -3 -5 6 4 2 0 -2 -4 -6 5 3 1 -1 -3 -5 6 4 2 0 -2 -4 -6 5 3 1 -1 -3 -5 6 4 2 0 -2 -4 -6 5 3 1 -1 -3 -5 6 4 2 0 -2 -4 -6
-2 -4 -6 5 3 1 -1 -3 -5 6 4 2 0 -2 -4 -6 5 3 1 -1 -3 -5 6 4 2 0 -2 -4 -6 5 3 1 -1 -3 -5 6 4 2 0 -2 -4 -6 5 3 1 -1 -3 -5 6 4 2 0 -2 -4 -6 5 3 1 -1 -3 -5 6 4 2 0 -2 -4 -6 5 3 1 -1 -3 -5 6 4 2 0 -2 -4 -6 5 3 1 -1 -3 -5 6 4 2 0 -2 -4 -6 5 3 1 -1 -3 -5 6 4 2 0 -2 -4 -6 5 3 1 -1 -3 -5 6 4 2 0 -2 -4 -6 5 3 1 -1 -3 -5 6 4 2 0 -2 -4 -6 5 3 1 -1 -3 -5 6 4 2 0 -2 -4 -6 5 3 1 -1 -3 -5 6 4 2 0 -2 -4 -6 5 3 1 -1 -3 -5 6 4 2 0 -2 -4 -6 5 3 1 -1 -3 -5 6 4 2 0 -2 -4 -6 5 3 1 -1 -3 -5 6 4 2 0 -2 -4 -6 5 3 1 -1 -3 -5 6 4 2 0 -2 -4 -6 5 3 1 -1 -3 -5 6 4 2 0 -2 -4 -6 5 3 1 -1 -3 -5 6 4 2 0 -2 -4 -6 5 3 1 -1 -3 -5 6 4 2 0 -2 -4 -6 5 3 1 -1 -3 -5 6 4 2 0 -2 -4 -6 5 3 1 -1 -3 -5 6 4 2 0 -2 -4 -6 5 3 1 -1 -3 -5 6 4 2 0 -2 -4 -6 5 3 1 -1 -3 -5 6 4 2 0 -2 -4 -6 5 3 1 -1 -3 -5 6 4 2 0 -2 -4 -6 5 3 1 -1 -3 -5 6 4 2 0 -2 -4 -6 5 3 1 -1 -3 -5 6 4 2 0 -2 -4 -6 5 3 1 -1 -3 -5 6 4 2 0 -2 -4 -6 5 3 1 -1 -3 -5 6 4 2 0 -2 -4 -6 5 3 1 -1 -3 -5 6 4 2 0 -2 -4 -6 5 3 1 -1 -3 -5 6 4 2 0 -2 -4 -6 5 3 1 -1 -3 -5 6 4 2 0 -2 -4 -6 5 3 1 -1 -3 -5 6 4 2 0 -2 -4 -6 5 3 1 -1 -3 -5 6 4 2 0 -2 -4 -6 5 3 1 -1 -3 -5 6 4 2 0 -2 -4 -6 5 3 1 -1 -3 -5 6 4 2 0 -2 -4 -6 5 3 1 -1 -3 -5 6 4 2 0 -2 -4 -6 5 3 1 -1 -3 -5 6 4 2 0 -2 -4 -6 5 3 1 -1 -3 -5 6 4 2 0 -2 -4 -6 5 3 1
5 3 1 -1 -3 -5 6 4 2 0 -2 -4 -6 5 3 1 -1 -3 -5 6 4 2 0 -2 -4 -6 5 3 1 -1 -3 -5 6 4 2 0 -2 -4 -6 5 3 1 -1 -3 -5 6 4 2 0 -2 -4 -6 5 3 1 -1 -3 -5 6 4 2 0 -2 -4 -6 5 3 1 -1 -3 -5 6 4 2 0 -2 -4 -6 5 3 1 -1 -3 -5 6 4 2 0 -2 -4 -6 5 3 1 -1 -3 -5 6 4 2 0 -2 -4 -6 5 3 1 -1 -3 -5 6 4 2 0 -2 -4 -6 5 3 1 -1 -3 -5 6 4 2 0 -2 -4 -6 5 3 1 -1 -3 -5 6 4 2 0 -2 -4 -6 5 3 1 -1 -3 -5 6 4 2 0 -2 -4 -6 5 3 1 -1 -3 -5 6 4 2 0 -2 -4 -6 5 3 1 -1 -3 -5 6 4 2 0 -2 -4 -6 5 3 1 -1 -3 -5 6 4 2 0 -2 -4 -6 5 3 1 -1 -3 -5 6 4 2 0 -2 -4 -6 5 3 1 -1 -3 -5 6 4 2 0 -2 -4 -6 5 3 1 -1 -3 -5 6 4 2 0 -2 -4 -6 5 3 1 -1 -3 -5 6 4 2 0 -2 -4 -6 5 3 1 -1 -3 -5 6 4 2 0 -2 -4 -6 5 3 1 -1 -3 -5 6 4 2 0 -2 -4 -6 5 3 1 -1 -3 -5 6 4 2 0 -2 -4 -6 5 3 1 -1 -3 -5 6 4 2 0 -2 -4 -6 5 3 1 -1 -3 -5 6 4 2 0 -2 -4 -6 5 3 1 -1 -3 -5 6 4 2 0 -2 -4 -6 5 3 1 -1 -3 -5 6 4 2 0 -2 -4 -6 5 3 1 -1 -3 -5 6 4 2 0 -2 -4 -6 5 3 1 -1 -3 -5 6 4 2 0 -2 -4 -6 5 3 1 -1 -3 -5 6 4 2 0 -2 -4 -6 5 3 1 -1 -3 -5 6 4 2 0 -2 -4 -6 5 3 1 -1 -3 -5 6 4 2 0 -2 -4 -6 5 3 1 -1 -3 -5 6 4 2 0 -2 -4 -6 5 3 1 -1 -3 -5 6 4 2 0 -2 -4 -6 5 3 1 -1 -3 -5 6 4 2 0 -2 -4 -6 5 3 1 -1 -3 -5 6 4 2 0 -2 -4 -6 5 3 1 -1 -3 -5 6 4 2 0 -2 -4 -6 5 3 1 -1 -3 -5 6 4 2 0 -2 -4 -6 5 3 1 -1 -3 -5 6 4 2 0 -2 -4 -6 5 3 1 -1 -3 -5
-1 -3 -5 6 4 2 0 -2 -4 -6 5 3 1 -1 -3 -5 6 4 2 0 -2 -4 -6 5 3 1 -1 -3 -5 6 4 2 0 -2 -4 -6 5 3 1 -1 -3 -5 6 4 2 0 -2 -4 -6 5 3 1 -1 -3 -5 6 4 2 0 -2 -4 -6 5 3 1 -1 -3 -5 6 4 2 0 -2 -4 -6 5 3 1 -1 -3 -5 6 4 2 0 -2 -4 -6 5 3 1 -1 -3 -5 6 4 2 0 -2 -4 -6 5 3 1 -1 -3 -5 6 4 2 0 -2 -4 -6 5 3 1 -1 -3 -5 6 4 2 0 -2 -4 -6 5 3 1 -1 -3 -5 6 4 2 0 -2 -4 -6 5 3 1 -1 -3 -5 6 4 2 0 -2 -4 -6 5 3 1 -1 -3 -5 6 4 2 0 -2 -4 -6 5 3 1 -1 -3 -5 6 4 2 0 -2 -4 -6 5 3 1 -1 -3 -5 6 4 2 0 -2 -4 -6 5 3 1 -1 -3 -5 6 4 2 0 -2 -4 -6 5 3 1 -1 -3 -5 6 4 2 0 -2 -4 -6 5 3 1 -1 -3 -5 6 4 2 0 -2 -4 -6 5 3 1 -1 -3 -5 6 4 2 0 -2 -4 -6 5 3 1 -1 -3 -5 6 4 2 0 -2 -4 -6 5 3 1 -1 -3 -5 6 4 2 0 -2 -4 -6 5 3 1 -1 -3 -5 6 4 2 0 -2 -4 -6 5 3 1 -1 -3 -5 6 4 2 0 -2 -4 -6 5 3 1 -1 -3 -5 6 4 2 0 -2 -4 -6 5 3 1 -1 -3 -5 6 4 2 0 -2 -4 -6 5 3 1 -1 -3 -5 6 4 2 0 -2 -4 -6 5 3 1 -1 -3 -5 6 4 2 0 -2 -4 -6 5 3 1 -1 -3 -5 6 4 2 0 -2 -4 -6 5 3 1 -1 -3 -5 6 4 2 0 -2 -4 -6 5 3 1 -1 -3 -5 6 4 2 0 -2 -4 -6 5 3 1 -1 -3 -5 6 4 2 0 -2 -4 -6 5 3 1 -1 -3 -5 6 4 2 0 -2 -4 -6 5 3 1 -1 -3 -5 6 4 2 0 -2 -4 -6 5 3 1 -1 -3 -5 6 4 2 0 -2 -4 -6 5 3 1 -1 -3 -5 6 4 2 0 -2 -4 -6 5 3 1 -1 -3 -5 6 4 2 0 -2 -4 -6 5 3 1 -1 -3 -5 6 4 2 0 -2 -4 -6 5 3 1 -1 -3 -5 6 4 2 0 -2 -4 -6 5 3 1 -1 -3 -5 6 4 2
6 4 2 0 -2 -4 -6 5 3 1 -1 -3 -5 6 4 2 0 -2 -4 -6 5 3 1 -1 -3 -5 6 4 2 0 -2 -4 -6 5 3 1 -1 -3 -5 6 4 2 0 -2 -4 -6 5 3 1 -1 -3 -5 6 4 2 0 -2 -4 -6 5 3 1 -1 -3 -5 6 4 2 0 -2 -4 -6 5 3 1 -1 -3 -5 6 4 2 0 -2 -4 -6 5 3 1 -1 -3 -5 6 4 2 0 -2 -4 -6 5 3 1 -1 -3 -5 6 4 2 0 -2 -4 -6 5 3 1 -1 -3 -5 6 4 2 0 -2 -4 -6 5 3 1 -1 -3 -5 6 4 2 0 -2 -4 -6 5 3 1 -1 -3 -5 6 4 2 0 -2 -4 -6 5 3 1 -1 -3 -5 6 4 2 0 -2 -4 -6 5 3 1 -1 -3 -5 6 4 2 0 -2 -4 -6 5 3 1 -1 -3 -5 6 4 2 0 -2 -4 -6 5 3 1 -1 -3 -5 6 4 2 0 -2 -4 -6 5 3 1 -1 -3 -5 6 4 2 0 -2 -4 -6 5 3 1 -1 -3 -5 6 4 2 0 -2 -4 -6 5 3 1 -1 -3 -5 6 4 2 0 -2 -4 -6 5 3 1 -1 -3 -5 6 4 2 0 -2 -4 -6 5 3 1 -1 -3 -5 6 4 2 0 -2 -4 -6 5 3 1 -1 -3 -5 6 4 2 0 -2 -4 -6 5 3 1 -1 -3 -5 6 4 2 0 -2 -4 -6 5 3 1 -1 -3 -5 6 4 2 0 -2 -4 -6 5 3 1 -1 -3 -5 6 4 2 0 -2 -4 -6 5 3 1 -1 -3 -5 6 4 2 0 -2 -4 -6 5 3 1 -1 -3 -5 6 4 2 0 -2 -4 -6 5 3 1 -1 -3 -5 6 4 2 0 -2 -4 -6 5 3 1 -1 -3 -5 6 4 2 0 -2 -4 -6 5 3 1 -1 -3 -5 6 4 2 0 -2 -4 -6 5 3 1 -1 -3 -5 6 4 2 0 -2 -4 -6 5 3 1 -1 -3 -5 6 4 2 0 -2 -4 -6 5 3 1 -1 -3 -5 6 4 2 0 -2 -4 -6 5 3 1 -1 -3 -5 6 4 2 0 -2 -4 -6 5 3 1 -1 -3 -5 6 4 2 0 -2 -4 -6 5 3 1 -1 -3 -5 6 4 2 0 -2 -4 -6 5 3 1 -1 -3 -5 6 4 2 0 -2 -4 -6 5 3 1 -1 -3 -5 6 4 2 0 -2 -4 -6 5 3 1 -1 -3 -5 6 4 2 0 -2 -4
0 -2 -4 -6 5 3 1 -1 -3 -5 6 4 2 0 -2 -4 -6 5 3 1 -1 -3 -5 6 4 2 0 -2 -4 -6 5 3 1 -1 -3 -5 6 4 2 0 -2 -4 -6 5 3 1 -1 -3 -5 6 4 2 0 -2 -4 -6 5 3 1 -1 -3 -5 6 4 2 0 -2 -4 -6 5 3 1 -1 -3 -5 6 4 2 0 -2 -4 -6 5 3 1 -1 -3 -5 6 4 2 0 -2 -4 -6 5 3 1 -1 -3 -5 6 4 2 0 -2 -4 -6 5 3 1 -1 -3 -5 6 4 2 0 -2 -4 -6 5 3 1 -1 -3 -5 6 4 2 0 -2 -4 -6 5 3 1 -1 -3 -5 6 4 2 0 -2 -4 -6 5 3 1 -1 -3 -5 6 4 2 0 -2 -4 -6 5 3 1 -1 -3 -5 6 4 2 0 -2 -4 -6 5 3 1 -1 -3 -5 6 4 2 0 -2 -4 -6 5 3 1 -1 -3 -5 6 4 2 0 -2 -4 -6 5 3 1 -1 -3 -5 6 4 2 0 -2 -4 -6 5 3 1 -1 -3 -5 6 4 2 0 -2 -4 -6 5 3 1 -1 -3 -5 6 4 2 0 -2 -4 -6 5 3 1 -1 -3 -5 6 4 2 0 -2 -4 -6 5 3 1 -1 -3 -5 6 4 2 0 -2 -4 -6 5 3 1 -1 -3 -5 6 4 2 0 -2 -4 -6 5 3 1 -1 -3 -5 6 4 2 0 -2 -4 -6 5 3 1 -1 -3 -5 6 4 2 0 -2 -4 -6 5 3 1 -1 -3 -5 6 4 2 0 -2 -4 -6 5 3 1 -1 -3 -5 6 4 2 0 -2 -4 -6 5 3 1 -1 -3 -5 6 4 2 0 -2 -4 -6 5 3 1 -1 -3 -5 6 4 2 0 -2 -4 -6 5 3 1 -1 -3 -5 6 4 2 0 -2 -4 -6 5 3 1 -1 -3 -5 6 4 2 0 -2 -4 -6 5 3 1 -1 -3 -5 6 4 2 0 -2 -4 -6 5 3 1 -1 -3 -5 6 4 2 0 -2 -4 -6 5 3 1 -1 -3 -5 6 4 2 0 -2 -4 -6 5 3 1 -1 -3 -5 6 4 2 0 -2 -4 -6 5 3 1 -1 -3 -5 6 4 2 0 -2 -4 -6 5 3 1 -1 -3 -5 6 4 2 0 -2 -4 -6 5 3 1 -1 -3 -5 6 4 2 0 -2 -4 -6 5 3 1 -1 -3 -5 6 4 2 0 -2 -4 -6 5 3 1 -1 -3 -5 6 4 2 0 -2 -4 -6 5 3
-6 5 3 1 -1 -3 -5 6 4 2 0 -2 -4 -6 5 3 1 -1 -3 -5 6 4 2 0 -2 -4 -6 5 3 1 -1 -3 -5 6 4 2 0 -2 -4 -6 5 3 1 -1 -3 -5 6 4 2 0 -2 -4 -6 5 3 1 -1 -3 -5 6 4 2 0 -2 -4 -6 5 3 1 -1 -3 -5 6 4 2 0 -2 -4 -6 5 3 1 -1 -3 -5 6 4 2 0 -2 -4 -6 5 3 1 -1 -3 -5 6 4 2 0 -2 -4 -6 5 3 1 -1 -3 -5 6 4 2 0 -2 -4 -6 5 3 1 -1 -3 -5 6 4 2 0 -2 -4 -6 5 3 1 -1 -3 -5 6 4 2 0 -2 -4 -6 5 3 1 -1 -3 -5 6 4 2 0 -2 -4 -6 5 3 1 -1 -3 -5 6 4 2 0 -2 -4 -6 5 3 1 -1 -3 -5 6 4 2 0 -2 -4 -6 5 3 1 -1 -3 -5 6 4 2 0 -2 -4 -6 5 3 1 -1 -3 -5 6 4 2 0 -2 -4 -6 5 3 1 -1 -3 -5 6 4 2 0 -2 -4 -6 5 3 1 -1 -3 -5 6 4 2 0 -2 -4 -6 5 3 1 -1 -3 -5 6 4 2 0 -2 -4 -6 5 3 1 -1 -3 -5 6 4 2 0 -2 -4 -6 5 3 1 -1 -3 -5 6 4 2 0 -2 -4 -6 5 3 1 -1 -3 -5 6 4 2 0 -2 -4 -6 5 3 1 -1 -3 -5 6 4 2 0 -2 -4 -6 5 3 1 -1 -3 -5 6 4 2 0 -2 -4 -6 5 3 1 -1 -3 -5 6 4 2 0 -2 -4 -6 5 3 1 -1 -3 -5 6 4 2 0 -2 -4 -6 5 3 1 -1 -3 -5 6 4 2 0 -2 -4 -6 5 3 1 -1 -3 -5 6 4 2 0 -2 -4 -6 5 3 1 -1 -3 -5 6 4 2 0 -2 -4 -6 5 3 1 -1 -3 -5 6 4 2 0 -2 -4 -6 5 3 1 -1 -3 -5 6 4 2 0 -2 -4 -6 5 3 1 -1 -3 -5 6 4 2 0 -2 -4 -6 5 3 1 -1 -3 -5 6 4 2 0 -2 -4 -6 5 3 1 -1 -3 -5 6 4 2 0 -2 -4 -6 5 3 1 -1 -3 -5 6 4 2 0 -2 -4 -6 5 3 1 -1 -3 -5 6 4 2 0 -2 -4 -6 5 3 1 -1 -3 -5 6 4 2 0 -2 -4 -6 5 3 1 -1 -3 -5 6 4 2 0 -2 -4 -6 5 3 1 -1 -3
1 -1 -3 -5 6 4 2 0 -2 -4 -6 5 3 1 -1 -3 -5 6 4 2 0 -2 -4 -6 5 3 1 -1 -3 -5 6 4 2 0 -2 -4 -6 5 3 1 -1 -3 -5 6 4 2 0 -2 -4 -6 5 3 1 -1 -3 -5 6 4 2 0 -2 -4 -6 5 3 1 -1 -3 -5 6 4 2 0 -2 -4 -6 5 3 1 -1 -3 -5 6 4 2 0 -2 -4 -6 5 3 1 -1 -3 -5 6 4 2 0 -2 -4 -6 5 3 1 -1 -3 -5 6 4 2 0 -2 -4 -6 5 3 1 -1 -3 -5 6 4 2 0 -2 -4 -6 5 3 1 -1 -3 -5 6 4 2 0 -2 -4 -6 5 3 1 -1 -3 -5 6 4 2 0 -2 -4 -6 5 3 1 -1 -3 -5 6 4 2 0 -2 -4 -6 5 3 1 -1 -3 -5 6 4 2 0 -2 -4 -6 5 3 1 -1 -3 -5 6 4 2 0 -2 -4 -6 5 3 1 -1 -3 -5 6 4 2 0 -2 -4 -6 5 3 1 -1 -3 -5 6 4 2 0 -2 -4 -6 5 3 1 -1 -3 -5 6 4 2 0 -2 -4 -6 5 3 1 -1 -3 -5 6 4 2 0 -2 -4 -6 5 3 1 -1 -3 -5 6 4 2 0 -2 -4 -6 5 3 1 -1 -3 -5 6 4 2 0 -2 -4 -6 5 3 1 -1 -3 -5 6 4 2 0 -2 -4 -6 5 3 1 -1 -3 -5 6 4 2 0 -2 -4 -6 5 3 1 -1 -3 -5 6 4 2 0 -2 -4 -6 5 3 1 -1 -3 -5 6 4 2 0 -2 -4 -6 5 3 1 -1 -3 -5 6 4 2 0 -2 -4 -6 5 3 1 -1 -3 -5 6 4 2 0 -2 -4 -6 5 3 1 -1 -3 -5 6 4 2 0 -2 -4 -6 5 3 1 -1 -3 -5 6 4 2 0 -2 -4 -6 5 3 1 -1 -3 -5 6 4 2 0 -2 -4 -6 5 3 1 -1 -3 -5 6 4 2 0 -2 -4 -6 5 3 1 -1 -3 -5 6 4 2 0 -2 -4 -6 5 3 1 -1 -3 -5 6 4 2 0 -2 -4 -6 5 3 1 -1 -3 -5 6 4 2 0 -2 -4 -6 5 3 1 -1 -3 -5 6 4 2 0 -2 -4 -6 5 3 1 -1 -3 -5 6 4 2 0 -2 -4 -6 5 3 1 -1 -3 -5 6 4 2 0 -2 -4 -6 5 3 1 -1 -3 -5 6 4 2 0 -2 -4 -6 5 3 1 -1 -3 -5 6 4
-5 6 4 2 0 -2 -4 -6 5 3 1 -1 -3 -5 6 4 2 0 -2 -4 -6 5 3 1 -1 -3 -5 6 4 2 0 -2 -4 -6 5 3 1 -1 -3 -5 6 4 2 0 -2 -4 -6 5 3 1 -1 -3 -5 6 4 2 0 -2 -4 -6 5 3 1 -1 -3 -5 6 4 2 0 -2 -4 -6 5 3 1 -1 -3 -5 6 4 2 0 -2 -4 -6 5 3 1 -1 -3 -5 6 4 2 0 -2 -4 -6 5 3 1 -1 -3 -5 6 4 2 0 -2 -4 -6 5 3 1 -1 -3 -5 6 4 2 0 -2 -4 -6 5 3 1 -1 -3 -5 6 4 2 0 -2 -4 -6 5 3 1 -1 -3 -5 6 4 2 0 -2 -4 -6 5 3 1 -1 -3 -5 6 4 2 0 -2 -4 -6 5 3 1 -1 -3 -5 6 4 2 0 -2 -4 -6 5 3 1 -1 -3 -5 6 4 2 0 -2 -4 -6 5 3 1 -1 -3 -5 6 4 2 0 -2 -4 -6 5 3 1 -1 -3 -5 6 4 2 0 -2 -4 -6 5 3 1 -1 -3 -5 6 4 2 0 -2 -4 -6 5 3 1 -1 -3 -5 6 4 2 0 -2 -4 -6 5 3 1 -1 -3 -5 6 4 2 0 -2 -4 -6 5 3 1 -1 -3 -5 6 4 2 0 -2 -4 -6 5 3 1 -1 -3 -5 6 4 2 0 -2 -4 -6 5 3 1 -1 -3 -5 6 4 2 0 -2 -4 -6 5 3 1 -1 -3 -5 6 4 2 0 -2 -4 -6 5 3 1 -1 -3 -5 6 4 2 0 -2 -4 -6 5 3 1 -1 -3 -5 6 4 2 0 -2 -4 -6 5 3 1 -1 -3 -5 6 4 2 0 -2 -4 -6 5 3 1 -1 -3 -5 6 4 2 0 -2 -4 -6 5 3 1 -1 -3 -5 6 4 2 0 -2 -4 -6 5 3 1 -1 -3 -5 6 4 2 0 -2 -4 -6 5 3 1 -1 -3 -5 6 4 2 0 -2 -4 -6 5 3 1 -1 -3 -5 6 4 2 0 -2 -4 -6 5 3 1 -1 -3 -5 6 4 2 0 -2 -4 -6 5 3 1 -1 -3 -5 6 4 2 0 -2 -4 -6 5 3 1 -1 -3 -5 6 4 2 0 -2 -4 -6 5 3 1 -1 -3 -5 6 4 2 0 -2 -4 -6 5 3 1 -1 -3 -5 6 4 2 0 -2 -4 -6 5 3 1 -1 -3 -5 6 4 2 0 -2 -4 -6 5 3 1 -1 -3 -5 6 4 2 0 -2
2 0 -2 -4 -6 5 3 1 -1 -3 -5 6 4 2 0 -2 -4 -6 5 3 1 -1 -3 -5 6 4 2 0 -2 -4 -6 5 3 1 -1 -3 -5 6 4 2 0 -2 -4 -6 5 3 1 -1 -3 -5 6 4 2 0 -2 -4 -6 5 3 1 -1 -3 -5 6 4 2 0 -2 -4 -6 5 3 1 -1 -3 -5 6 4 2 0 -2 -4 -6 5 3 1 -1 -3 -5 6 4 2 0 -2 -4 -6 5 3 1 -1 -3 -5 6 4 2 0 -2 -4 -6 5 3 1 -1 -3 -5 6 4 2 0 -2 -4 -6 5 3 1 -1 -3 -5 6 4 2 0 -2 -4 -6 5 3 1 -1 -3 -5 6 4 2 0 -2 -4 -6 5 3 1 -1 -3 -5 6 4 2 0 -2 -4 -6 5 3 1 -1 -3 -5 6 4 2 0 -2 -4 -6 5 3 1 -1 -3 -5 6 4 2 0 -2 -4 -6 5 3 1 -1 -3 -5 6 4 2 0 -2 -4 -6 5 3 1 -1 -3 -5 6 4 2 0 -2 -4 -6 5 3 1 -1 -3 -5 6 4 2 0 -2 -4 -6 5 3 1 -1 -3 -5 6 4 2 0 -2 -4 -6 5 3 1 -1 -3 -5 6 4 2 0 -2 -4 -6 5 3 1 -1 -3 -5 6 4 2 0 -2 -4 -6 5 3 1 -1 -3 -5 6 4 2 0 -2 -4 -6 5 3 1 -1 -3 -5 6 4 2 0 -2 -4 -6 5 3 1 -1 -3 -5 6 4 2 0 -2 -4 -6 5 3 1 -1 -3 -5 6 4 2 0 -2 -4 -6 5 3 1 -1 -3 -5 6 4 2 0 -2 -4 -6 5 3 1 -1 -3 -5 6 4 2 0 -2 -4 -6 5 3 1 -1 -3 -5 6 4 2 0 -2 -4 -6 5 3 1 -1 -3 -5 6 4 2 0 -2 -4 -6 5 3 1 -1 -3 -5 6 4 2 0 -2 -4 -6 5 3 1 -1 -3 -5 6 4 2 0 -2 -4 -6 5 3 1 -1 -3 -5 6 4 2 0 -2 -4 -6 5 3 1 -1 -3 -5 6 4 2 0 -2 -4 -6 5 3 1 -1 -3 -5 6 4 2 0 -2 -4 -6 5 3 1 -1 -3 -5 6 4 2 0 -2 -4 -6 5 3 1 -1 -3 -5 6 4 2 0 -2 -4 -6 5 3 1 -1 -3 -5 6 4 2 0 -2 -4 -6 5 3 1 -1 -3 -5 6 4 2 0 -2 -4 -6 5 3 1 -1 -3 -5 6 4 2 0 -2 -4 -6 5
-4 -6 5 3 1 -1 -3 -5 6 4 2 0 -2 -4 -6 5 3 1 -1 -3 -5 6 4 2 0 -2 -4 -6 5 3 1 -1 -3 -5 6 4 2 0 -2 -4 -6 5 3 1 -1 -3 -5 6 4 2 0 -2 -4 -6 5 3 1 -1 -3 -5 6 4 2 0 -2 -4 -6 5 3 1 -1 -3 -5 6 4 2 0 -2 -4 -6 5 3 1 -1 -3 -5 6 4 2 0 -2 -4 -6 5 3 1 -1 -3 -5 6 4 2 0 -2 -4 -6 5 3 1 -1 -3 -5 6 4 2 0 -2 -4 -6 5 3 1 -1 -3 -5 6 4 2 0 -2 -4 -6 5 3 1 -1 -3 -5 6 4 2 0 -2 -4 -6 5 3 1 -1 -3 -5 6 4 2 0 -2 -4 -6 5 3 1 -1 -3 -5 6 4 2 0 -2 -4 -6 5 3 1 -1 -3 -5 6 4 2 0 -2 -4 -6 5 3 1 -1 -3 -5 6 4 2 0 -2 -4 -6 5 3 1 -1 -3 -5 6 4 2 0 -2 -4 -6 5 3 1 -1 -3 -5 6 4 2 0 -2 -4 -6 5 3 1 -1 -3 -5 6 4 2 0 -2 -4 -6 5 3 1 -1 -3 -5 6 4 2 0 -2 -4 -6 5 3 1 -1 -3 -5 6 4 2 0 -2 -4 -6 5 3 1 -1 -3 -5 6 4 2 0 -2 -4 -6 5 3 1 -1 -3 -5 6 4 2 0 -2 -4 -6 5 3 1 -1 -3 -5 6 4 2 0 -2 -4 -6 5 3 1 -1 -3 -5 6 4 2 0 -2 -4 -6 5 3 1 -1 -3 -5 6 4 2 0 -2 -4 -6 5 3 1 -1 -3 -5 6 4 2 0 -2 -4 -6 5 3 1 -1 -3 -5 6 4 2 0 -2 -4 -6 5 3 1 -1 -3 -5 6 4 2 0 -2 -4 -6 5 3 1 -1 -3 -5 6 4 2 0 -2 -4 -6 5 3 1 -1 -3 -5 6 4 2 0 -2 -4 -6 5 3 1 -1 -3 -5 6 4 2 0 -2 -4 -6 5 3 1 -1 -3 -5 6 4 2 0 -2 -4 -6 5 3 1 -1 -3 -5 6 4 2 0 -2 -4 -6 5 3 1 -1 -3 -5 6 4 2 0 -2 -4 -6 5 3 1 -1 -3 -5 6 4 2 0 -2 -4 -6 5 3 1 -1 -3 -5 6 4 2 0 -2 -4 -6 5 3 1 -1 -3 -5 6 4 2 0 -2 -4 -6 5 3 1 -1 -3 -5 6 4 2 0 -2 -4 -6 5 3 1 -1
3 1 -1 -3 -5 6 4 2 0 -2 -4 -6 5 3 1 -1 -3 -5 6 4 2 0 -2 -4 -6 5 3 1 -1 -3 -5 6 4 2 0 -2 -4 -6 5 3 1 -1 -3 -5 6 4 2 0 -2 -4 -6 5 3 1 -1 -3 -5 6 4 2 0 -2 -4 -6 5 3 1 -1 -3 -5 6 4 2 0 -2 -4 -6 5 3 1 -1 -3 -5 6 4 2 0 -2 -4 -6 5 3 1 -1 -3 -5 6 4 2 0 -2 -4 -6 5 3 1 -1 -3 -5 6 4 2 0 -2 -4 -6 5 3 1 -1 -3 -5 6 4 2 0 -2 -4 -6 5 3 1 -1 -3 -5 6 4 2 0 -2 -4 -6 5 3 1 -1 -3 -5 6 4 2 0 -2 -4 -6 5 3 1 -1 -3 -5 6 4 2 0 -2 -4 -6 5 3 1 -1 -3 -5 6 4 2 0 -2 -4 -6 5 3 1 -1 -3 -5 6 4 2 0 -2 -4 -6 5 3 1 -1 -3 -5 6 4 2 0 -2 -4 -6 5 3 1 -1 -3 -5 6 4 2 0 -2 -4 -6 5 3 1 -1 -3 -5 6 4 2 0 -2 -4 -6 5 3 1 -1 -3 -5 6 4 2 0 -2 -4 -6 5 3 1 -1 -3 -5 6 4 2 0 -2 -4 -6 5 3 1 -1 -3 -5 6 4 2 0 -2 -4 -6 5 3 1 -1 -3 -5 6 4 2 0 -2 -4 -6 5 3 1 -1 -3 -5 6 4 2 0 -2 -4 -6 5 3 1 -1 -3 -5 6 4 2 0 -2 -4 -6 5 3 1 -1 -3 -5 6 4 2 0 -2 -4 -6 5 3 1 -1 -3 -5 6 4 2 0 -2 -4 -6 5 3 1 -1 -3 -5 6 4 2 0 -2 -4 -6 5 3 1 -1 -3 -5 6 4 2 0 -2 -4 -6 5 3 1 -1 -3 -5 6 4 2 0 -2 -4 -6 5 3 1 -1 -3 -5 6 4 2 0 -2 -4 -6 5 3 1 -1 -3 -5 6 4 2 0 -2 -4 -6 5 3 1 -1 -3 -5 6 4 2 0 -2 -4 -6 5 3 1 -1 -3 -5 6 4 2 0 -2 -4 -6 5 3 1 -1 -3 -5 6 4 2 0 -2 -4 -6 5 3 1 -1 -3 -5 6 4 2 0 -2 -4 -6 5 3 1 -1 -3 -5 6 4 2 0 -2 -4 -6 5 3 1 -1 -3 -5 6 4 2 0 -2 -4 -6 5 3 1 -1 -3 -5 6 4 2 0 -2 -4 -6 5 3 1 -1 -3 -5 6
-3 -5 6 4 2 0 -2 -4 -6 5 3 1 -1 -3 -5 6 4 2 0 -2 -4 -6 5 3 1 -1 -3 -5 6 4 2 0 -2 -4 -6 5 3 1 -1 -3 -5 6 4 2 0 -2 -4 -6 5 3 1 -1 -3 -5 6 4 2 0 -2 -4 -6 5 3 1 -1 -3 -5 6 4 2 0 -2 -4 -6 5 3 1 -1 -3 -5 6 4 2 0 -2 -4 -6 5 3 1 -1 -3 -5 6 4 2 0 -2 -4 -6 5 3 1 -1 -3 -5 6 4 2 0 -2 -4 -6 5 3 1 -1 -3 -5 6 4 2 0 -2 -4 -6 5 3 1 -1 -3 -5 6 4 2 0 -2 -4 -6 5 3 1 -1 -3 -5 6 4 2 0 -2 -4 -6 5 3 1 -1 -3 -5 6 4 2 0 -2 -4 -6 5 3 1 -1 -3 -5 6 4 2 0 -2 -4 -6 5 3 1 -1 -3 -5 6 4 2 0 -2 -4 -6 5 3 1 -1 -3 -5 6 4 2 0 -2 -4 -6 5 3 1 -1 -3 -5 6 4 2 0 -2 -4 -6 5 3 1 -1 -3 -5 6 4 2 0 -2 -4 -6 5 3 1 -1 -3 -5 6 4 2 0 -2 -4 -6 5 3 1 -1 -3 -5 6 4 2 0 -2 -4 -6 5 3 1 -1 -3 -5 6 4 2 0 -2 -4 -6 5 3 1 -1 -3 -5 6 4 2 0 -2 -4 -6 5 3 1 -1 -3 -5 6 4 2 0 -2 -4 -6 5 3 1 -1 -3 -5 6 4 2 0 -2 -4 -6 5 3 1 -1 -3 -5 6 4 2 0 -2 -4 -6 5 3 1 -1 -3 -5 6 4 2 0 -2 -4 -6 5 3 1 -1 -3 -5 6 4 2 0 -2 -4 -6 5 3 1 -1 -3 -5 6 4 2 0 -2 -4 -6 5 3 1 -1 -3 -5 6 4 2 0 -2 -4 -6 5 3 1 -1 -3 -5 6 4 2 0 -2 -4 -6 5 3 1 -1 -3 -5 6 4 2 0 -2 -4 -6 5 3 1 -1 -3 -5 6 4 2 0 -2 -4 -6 5 3 1 -1 -3 -5 6 4 2 0 -2 -4 -6 5 3 1 -1 -3 -5 6 4 2 0 -2 -4 -6 5 3 1 -1 -3 -5 6 4 2 0 -2 -4 -6 5 3 1 -1 -3 -5 6 4 2 0 -2 -4 -6 5 3 1 -1 -3 -5 6 4 2 0 -2 -4 -6 5 3 1 -1 -3 -5 6 4 2 0 -2 -4 -6 5 3 1 -1 -3 -5 6 4 2 0
4 2 0 -2 -4 -6 5 3 1 -1 -3 -5 6 4 2 0 -2 -4 -6 5 3 1 -1 -3 -5 6 4 2 0 -2 -4 -6 5 3 1 -1 -3 -5 6 4 2 0 -2 -4 -6 5 3 1 -1 -3 -5 6 4 2 0 -2 -4 -6 5 3 1 -1 -3 -5 6 4 2 0 -2 -4 -6 5 3 1 -1 -3 -5 6 4 2 0 -2 -4 -6 5 3 1 -1 -3 -5 6 4 2 0 -2 -4 -6 5 3 1 -1 -3 -5 6 4 2 0 -2 -4 -6 5 3 1 -1 -3 -5 6 4 2 0 -2 -4 -6 5 3 1 -1 -3 -5 6 4 2 0 -2 -4 -6 5 3 1 -1 -3 -5 6 4 2 0 -2 -4 -6 5 3 1 -1 -3 -5 6 4 2 0 -2 -4 -6 5 3 1 -1 -3 -5 6 4 2 0 -2 -4 -6 5 3 1 -1 -3 -5 6 4 2 0 -2 -4 -6 5 3 1 -1 -3 -5 6 4 2 0 -2 -4 -6 5 3 1 -1 -3 -5 6 4 2 0 -2 -4 -6 5 3 1 -1 -3 -5 6 4 2 0 -2 -4 -6 5 3 1 -1 -3 -5 6 4 2 0 -2 -4 -6 5 3 1 -1 -3 -5 6 4 2 0 -2 -4 -6 5 3 1 -1 -3 -5 6 4 2 0 -2 -4 -6 5 3 1 -1 -3 -5 6 4 2 0 -2 -4 -6 5 3 1 -1 -3 -5 6 4 2 0 -2 -4 -6 5 3 1 -1 -3 -5 6 4 2 0 -2 -4 -6 5 3 1 -1 -3 -5 6 4 2 0 -2 -4 -6 5 3 1 -1 -3 -5 6 4 2 0 -2 -4 -6 5 3 1 -1 -3 -5 6 4 2 0 -2 -4 -6 5 3 1 -1 -3 -5 6 4 2 0 -2 -4 -6 5 3 1 -1 -3 -5 6 4 2 0 -2 -4 -6 5 3 1 -1 -3 -5 6 4 2 0 -2 -4 -6 5 3 1 -1 -3 -5 6 4 2 0 -2 -4 -6 5 3 1 -1 -3 -5 6 4 2 0 -2 -4 -6 5 3 1 -1 -3 -5 6 4 2 0 -2 -4 -6 5 3 1 -1 -3 -5 6 4 2 0 -2 -4 -6 5 3 1 -1 -3 -5 6 4 2 0 -2 -4 -6 5 3 1 -1 -3 -5 6 4 2 0 -2 -4 -6 5 3 1 -1 -3 -5 6 4 2 0 -2 -4 -6 5 3 1 -1 -3 -5 6 4 2 0 -2 -4 -6 5 3 1 -1 -3 -5 6 4 2 0 -2 -4 -6
-2 -4 -6 5 3 1 -1 -3 -5 6 4 2 0 -2 -4 -6 5 3 1 -1 -3 -5 6 4 2 0 -2 -4 -6 5 3 1 -1 -3 -5 6 4 2 0 -2 -4 -6 5 3 1 -1 -3 -5 6 4 2 0 -2 -4 -6 5 3 1 -1 -3 -5 6 4 2 0 -2 -4 -6 5 3 1 -1 -3 -5 6 4 2 0 -2 -4 -6 5 3 1 -1 -3 -5 6 4 2 0 -2 -4 -6 5 3 1 -1 -3 -5 6 4 2 0 -2 -4 -6 5 3 1 -1 -3 -5 6 4 2 0 -2 -4 -6 5 3 1 -1 -3 -5 6 4 2 0 -2 -4 -6 5 3 1 -1 -3 -5 6 4 2 0 -2 -4 -6 5 3 1 -1 -3 -5 6 4 2 0 -2 -4 -6 5 3 1 -1 -3 -5 6 4 2 0 -2 -4 -6 5 3 1 -1 -3 -5 6 4 2 0 -2 -4 -6 5 3 1 -1 -3 -5 6 4 2 0 -2 -4 -6 5 3 1 -1 -3 -5 6 4 2 0 -2 -4 -6 5 3 1 -1 -3 -5 6 4 2 0 -2 -4 -6 5 3 1 -1 -3 -5 6 4 2 0 -2 -4 -6 5 3 1 -1 -3 -5 6 4 2 0 -2 -4 -6 5 3 1 -1 -3 -5 6 4 2 0 -2 -4 -6 5 3 1 -1 -3 -5 6 4 2 0 -2 -4 -6 5 3 1 -1 -3 -5 6 4 2 0 -2 -4 -6 5 3 1 -1 -3 -5 6 4 2 0 -2 -4 -6 5 3 1 -1 -3 -5 6 4 2 0 -2 -4 -6 5 3 1 -1 -3 -5 6 4 2 0 -2 -4 -6 5 3 1 -1 -3 -5 6 4 2 0 -2 -4 -6 5 3 1 -1 -3 -5 6 4 2 0 -2 -4 -6 5 3 1 -1 -3 -5 6 4 2 0 -2 -4 -6 5 3 1 -1 -3 -5 6 4 2 0 -2 -4 -6 5 3 1 -1 -3 -5 6 4 2 0 -2 -4 -6 5 3 1 -1 -3 -5 6 4 2 0 -2 -4 -6 5 3 1 -1 -3 -5 6 4 2 0 -2 -4 -6 5 3 1 -1 -3 -5 6 4 2 0 -2 -4 -6 5 3 1 -1 -3 -5 6 4 2 0 -2 -4 -6 5 3 1 -1 -3 -5 6 4 2 0 -2 -4 -6 5 3 1 -1 -3 -5 6 4 2 0 -2 -4 -6 5 3 1 -1 -3 -5 6 4 2 0 -2 -4 -6 5 3 1 -1 -3 -5 6 4 2 0 -2 -4 -6 5 3 1
5 3 1 -1 -3 -5 6 4 2 0 -2 -4 -6 5 3 1 -1 -3 -5 6 4 2 0 -2 -4 -6 5 3 1 -1 -3 -5 6 4 2 0 -2 -4 -6 5 3 1 -1 -3 -5 6 4 2 0 -2 -4 -6 5 3 1 -1 -3 -5 6 4 2 0 -2 -4 -6 5 3 1 -1 -3 -5 6 4 2 0 -2 -4 -6 5 3 1 -1 -3 -5 6 4 2 0 -2 -4 -6 5 3 1 -1 -3 -5 6 4 2 0 -2 -4 -6 5 3 1 -1 -3 -5 6 4 2 0 -2 -4 -6 5 3 1 -1 -3 -5 6 4 2 0 -2 -4 -6 5 3 1 -1 -3 -5 6 4 2 0 -2 -4 -6 5 3 1 -1 -3 -5 6 4 2 0 -2 -4 -6 5 3 1 -1 -3 -5 6 4 2 0 -2 -4 -6 5 3 1 -1 -3 -5 6 4 2 0 -2 -4 -6 5 3 1 -1 -3 -5 6 4 2 0 -2 -4 -6 5 3 1 -1 -3 -5 6 4 2 0 -2 -4 -6 5 3 1 -1 -3 -5 6 4 2 0 -2 -4 -6 5 3 1 -1 -3 -5 6 4 2 0 -2 -4 -6 5 3 1 -1 -3 -5 6 4 2 0 -2 -4 -6 5 3 1 -1 -3 -5 6 4 2 0 -2 -4 -6 5 3 1 -1 -3 -5 6 4 2 0 -2 -4 -6 5 3 1 -1 -3 -5 6 4 2 0 -2 -4 -6 5 3 1 -1 -3 -5 6 4 2 0 -2 -4 -6 5 3 1 -1 -3 -5 6 4 2 0 -2 -4 -6 5 3 1 -1 -3 -5 6 4 2 0 -2 -4 -6 5 3 1 -1 -3 -5 6 4 2 0 -2 -4 -6 5 3 1 -1 -3 -5 6 4 2 0 -2 -4 -6 5 3 1 -1 -3 -5 6 4 2 0 -2 -4 -6 5 3 1 -1 -3 -5 6 4 2 0 -2 -4 -6 5 3 1 -1 -3 -5 6 4 2 0 -2 -4 -6 5 3 1 -1 -3 -5 6 4 2 0 -2 -4 -6 5 3 1 -1 -3 -5 6 4 2 0 -2 -4 -6 5 3 1 -1 -3 -5 6 4 2 0 -2 -4 -6 5 3 1 -1 -3 -5 6 4 2 0 -2 -4 -6 5 3 1 -1 -3 -5 6 4 2 0 -2 -4 -6 5 3 1 -1 -3 -5 6 4 2 0 -2 -4 -6 5 3 1 -1 -3 -5 6 4 2 0 -2 -4 -6 5 3 1 -1 -3 -5 6 4 2 0 -2 -4 -6 5 3 1 -1 -3 -5
-1 -3 -5 6 4 2 0 -2 -4 -6 5 3 1 -1 -3 -5 6 4 2 0 -2 -4 -6 5 3 1 -1 -3 -5 6 4 2 0 -2 -4 -6 5 3 1 -1 -3 -5 6 4 2 0 -2 -4 -6 5 3 1 -1 -3 -5 6 4 2 0 -2 -4 -6 5 3 1 -1 -3 -5 6 4 2 0 -2 -4 -6 5 3 1 -1 -3 -5 6 4 2 0 -2 -4 -6 5 3 1 -1 -3 -5 6 4 2 0 -2 -4 -6 5 3 1 -1 -3 -5 6 4 2 0 -2 -4 -6 5 3 1 -1 -3 -5 6 4 2 0 -2 -4 -6 5 3 1 -1 -3 -5 6 4 2 0 -2 -4 -6 5 3 1 -1 -3 -5 6 4 2 0 -2 -4 -6 5 3 1 -1 -3 -5 6 4 2 0 -2 -4 -6 5 3 1 -1 -3 -5 6 4 2 0 -2 -4 -6 5 3 1 -1 -3 -5 6 4 2 0 -2 -4 -6 5 3 1 -1 -3 -5 6 4 2 0 -2 -4 -6 5 3 1 -1 -3 -5 6 4 2 0 -2 -4 -6 5 3 1 -1 -3 -5 6 4 2 0 -2 -4 -6 5 3 1 -1 -3 -5 6 4 2 0 -2 -4 -6 5 3 1 -1 -3 -5 6 4 2 0 -2 -4 -6 5 3 1 -1 -3 -5 6 4 2 0 -2 -4 -6 5 3 1 -1 -3 -5 6 4 2 0 -2 -4 -6 5 3 1 -1 -3 -5 6 4 2 0 -2 -4 -6 5 3 1 -1 -3 -5 6 4 2 0 -2 -4 -6 5 3 1 -1 -3 -5 6 4 2 0 -2 -4 -6 5 3 1 -1 -3 -5 6 4 2 0 -2 -4 -6 5 3 1 -1 -3 -5 6 4 2 0 -2 -4 -6 5 3 1 -1 -3 -5 6 4 2 0 -2 -4 -6 5 3 1 -1 -3 -5 6 4 2 0 -2 -4 -6 5 3 1 -1 -3 -5 6 4 2 0 -2 -4 -6 5 3 1 -1 -3 -5 6 4 2 0 -2 -4 -6 5 3 1 -1 -3 -5 6 4 2 0 -2 -4 -6 5 3 1 -1 -3 -5 6 4 2 0 -2 -4 -6 5 3 1 -1 -3 -5 6 4 2 0 -2 -4 -6 5 3 1 -1 -3 -5 6 4 2 0 -2 -4 -6 5 3 1 -1 -3 -5 6 4 2 0 -2 -4 -6 5 3 1 -1 -3 -5 6 4 2 0 -2 -4 -6 5 3 1 -1 -3 -5 6 4 2 0 -2 -4 -6 5 3 1 -1 -3 -5 6 4 2
6 4 2 0 -2 -4 -6 5 3 1 -1 -3 -5 6 4 2 0 -2 -4 -6 5 3 1 -1 -3 -5 6 4 2 0 -2 -4 -6 5 3 1 -1 -3 -5 6 4 2 0 -2 -4 -6 5 3 1 -1 -3 -5 6 4 2 0 -2 -4 -6 5 3 1 -1 -3 -5 6 4 2 0 -2 -4 -6 5 3 1 -1 -3 -5 6 4 2 0 -2 -4 -6 5 3 1 -1 -3 -5 6 4 2 0 -2 -4 -6 5 3 1 -1 -3 -5 6 4 2 0 -2 -4 -6 5 3 1 -1 -3 -5 6 4 2 0 -2 -4 -6 5 3 1 -1 -3 -5 6 4 2 0 -2 -4 -6 5 3 1 -1 -3 -5 6 4 2 0 -2 -4 -6 5 3 1 -1 -3 -5 6 4 2 0 -2 -4 -6 5 3 1 -1 -3 -5 6 4 2 0 -2 -4 -6 5 3 1 -1 -3 -5 6 4 2 0 -2 -4 -6 5 3 1 -1 -3 -5 6 4 2 0 -2 -4 -6 5 3 1 -1 -3 -5 6 4 2 0 -2 -4 -6 5 3 1 -1 -3 -5 6 4 2 0 -2 -4 -6 5 3 1 -1 -3 -5 6 4 2 0 -2 -4 -6 5 3 1 -1 -3 -5 6 4 2 0 -2 -4 -6 5 3 1 -1 -3 -5 6 4 2 0 -2 -4 -6 5 3 1 -1 -3 -5 6 4 2 0 -2 -4 -6 5 3 1 -1 -3 -5 6 4 2 0 -2 -4 -6 5 3 1 -1 -3 -5 6 4 2 0 -2 -4 -6 5 3 1 -1 -3 -5 6 4 2 0 -2 -4 -6 5 3 1 -1 -3 -5 6 4 2 0 -2 -4 -6 5 3 1 -1 -3 -5 6 4 2 0 -2 -4 -6 5 3 1 -1 -3 -5 6 4 2 0 -2 -4 -6 5 3 1 -1 -3 -5 6 4 2 0 -2 -4 -6 5 3 1 -1 -3 -5 6 4 2 0 -2 -4 -6 5 3 1 -1 -3 -5 6 4 2 0 -2 -4 -6 5 3 1 -1 -3 -5 6 4 2 0 -2 -4 -6 5 3 1 -1 -3 -5 6 4 2 0 -2 -4 -6 5 3 1 -1 -3 -5 6 4 2 0 -2 -4 -6 5 3 1 -1 -3 -5 6 4 2 0 -2 -4 -6 5 3 1 -1 -3 -5 6 4 2 0 -2 -4 -6 5 3 1 -1 -3 -5 6 4 2 0 -2 -4 -6 5 3 1 -1 -3 -5 6 4 2 0 -2 -4 -6 5 3 1 -1 -3 -5 6 4 2 0 -2 -4
0 -2 -4 -6 5 3 1 -1 -3 -5 6 4 2 0 -2 -4 -6 5 3 1 -1 -3 -5 6 4 2 0 -2 -4 -6 5 3 1 -1 -3 -5 6 4 2 0 -2 -4 -6 5 3 1 -1 -3 -5 6 4 2 0 -2 -4 -6 5 3 1 -1 -3 -5 6 4 2 0 -2 -4 -6 5 3 1 -1 -3 -5 6 4 2 0 -2 -4 -6 5 3 1 -1 -3 -5 6 4 2 0 -2 -4 -6 5 3 1 -1 -3 -5 6 4 2 0 -2 -4 -6 5 3 1 -1 -3 -5 6 4 2 0 -2 -4 -6 5 3 1 -1 -3 -5 6 4 2 0 -2 -4 -6 5 3 1 -1 -3 -5 6 4 2 0 -2 -4 -6 5 3 1 -1 -3 -5 6 4 2 0 -2 -4 -6 5 3 1 -1 -3 -5 6 4 2 0 -2 -4 -6 5 3 1 -1 -3 -5 6 4 2 0 -2 -4 -6 5 3 1 -1 -3 -5 6 4 2 0 -2 -4 -6 5 3 1 -1 -3 -5 6 4 2 0 -2 -4 -6 5 3 1 -1 -3 -5 6 4 2 0 -2 -4 -6 5 3 1 -1 -3 -5 6 4 2 0 -2 -4 -6 5 3 1 -1 -3 -5 6 4 2 0 -2 -4 -6 5 3 1 -1 -3 -5 6 4 2 0 -2 -4 -6 5 3 1 -1 -3 -5 6 4 2 0 -2 -4 -6 5 3 1 -1 -3 -5 6 4 2 0 -2 -4 -6 5 3 1 -1 -3 -5 6 4 2 0 -2 -4 -6 5 3 1 -1 -3 -5 6 4 2 0 -2 -4 -6 5 3 1 -1 -3 -5 6 4 2 0 -2 -4 -6 5 3 1 -1 -3 -5 6 4 2 0 -2 -4 -6 5 3 1 -1 -3 -5 6 4 2 0 -2 -4 -6 5 3 1 -1 -3 -5 6 4 2 0 -2 -4 -6 5 3 1 -1 -3 -5 6 4 2 0 -2 -4 -6 5 3 1 -1 -3 -5 6 4 2 0 -2 -4 -6 5 3 1 -1 -3 -5 6 4 2 0 -2 -4 -6 5 3 1 -1 -3 -5 6 4 2 0 -2 -4 -6 5 3 1 -1 -3 -5 6 4 2 0 -2 -4 -6 5 3 1 -1 -3 -5 6 4 2 0 -2 -4 -6 5 3 1 -1 -3 -5 6 4 2 0 -2 -4 -6 5 3 1 -1 -3 -5 6 4 2 0 -2 -4 -6 5 3 1 -1 -3 -5 6 4 2 0 -2 -4 -6 5 3 1 -1 -3 -5 6 4 2 0 -2 -4 -6 5 3
-6 5 3 1 -1 -3 -5 6 4 2 0 -2 -4 -6 5 3 1 -1 -3 -5 6 4 2 0 -2 -4 -6 5 3 1 -1 -3 -5 6 4 2 0 -2 -4 -6 5 3 1 -1 -3 -5 6 4 2 0 -2 -4 -6 5 3 1 -1 -3 -5 6 4 2 0 -2 -4 -6 5 3 1 -1 -3 -5 6 4 2 0 -2 -4 -6 5 3 1 -1 -3 -5 6 4 2 0 -2 -4 -6 5 3 1 -1 -3 -5 6 4 2 0 -2 -4 -6 5 3 1 -1 -3 -5 6 4 2 0 -2 -4 -6 5 3 1 -1 -3 -5 6 4 2 0 -2 -4 -6 5 3 1 -1 -3 -5 6 4 2 0 -2 -4 -6 5 3 1 -1 -3 -5 6 4 2 0 -2 -4 -6 5 3 1 -1 -3 -5 6 4 2 0 -2 -4 -6 5 3 1 -1 -3 -5 6 4 2 0 -2 -4 -6 5 3 1 -1 -3 -5 6 4 2 0 -2 -4 -6 5 3 1 -1 -3 -5 6 4 2 0 -2 -4 -6 5 3 1 -1 -3 -5 6 4 2 0 -2 -4 -6 5 3 1 -1 -3 -5 6 4 2 0 -2 -4 -6 5 3 1 -1 -3 -5 6 4 2 0 -2 -4 -6 5 3 1 -1 -3 -5 6 4 2 0 -2 -4 -6 5 3 1 -1 -3 -5 6 4 2 0 -2 -4 -6 5 3 1 -1 -3 -5 6 4 2 0 -2 -4 -6 5 3 1 -1 -3 -5 6 4 2 0 -2 -4 -6 5 3 1 -1 -3 -5 6 4 2 0 -2 -4 -6 5 3 1 -1 -3 -5 6 4 2 0 -2 -4 -6 5 3 1 -1 -3 -5 6 4 2 0 -2 -4 -6 5 3 1 -1 -3 -5 6 4 2 0 -2 -4 -6 5 3 1 -1 -3 -5 6 4 2 0 -2 -4 -6 5 3 1 -1 -3 -5 6 4 2 0 -2 -4 -6 5 3 1 -1 -3 -5 6 4 2 0 -2 -4 -6 5 3 1 -1 -3 -5 6 4 2 0 -2 -4 -6 5 3 1 -1 -3 -5 6 4 2 0 -2 -4 -6 5 3 1 -1 -3 -5 6 4 2 0 -2 -4 -6 5 3 1 -1 -3 -5 6 4 2 0 -2 -4 -6 5 3 1 -1 -3 -5 6 4 2 0 -2 -4 -6 5 3 1 -1 -3 -5 6 4 2 0 -2 -4 -6 5 3 1 -1 -3 -5 6 4 2 0 -2 -4 -6 5 3 1 -1 -3 -5 6 4 2 0 -2 -4 -6 5 3 1 -1 -3
1 -1 -3 -5 6 4 2 0 -2 -4 -6 5 3 1 -1 -3 -5 6 4 2 0 -2 -4 -6 5 3 1 -1 -3 -5 6 4 2 0 -2 -4 -6 5 3 1 -1 -3 -5 6 4 2 0 -2 -4 -6 5 3 1 -1 -3 -5 6 4 2 0 -2 -4 -6 5 3 1 -1 -3 -5 6 4 2 0 -2 -4 -6 5 3 1 -1 -3 -5 6 4 2 0 -2 -4 -6 5 3 1 -1 -3 -5 6 4 2 0 -2 -4 -6 5 3 1 -1 -3 -5 6 4 2 0 -2 -4 -6 5 3 1 -1 -3 -5 6 4 2 0 -2 -4 -6 5 3 1 -1 -3 -5 6 4 2 0 -2 -4 -6 5 3 1 -1 -3 -5 6 4 2 0 -2 -4 -6 5 3 1 -1 -3 -5 6 4 2 0 -2 -4 -6 5 3 1 -1 -3 -5 6 4 2 0 -2 -4 -6 5 3 1 -1 -3 -5 6 4 2 0 -2 -4 -6 5 3 1 -1 -3 -5 6 4 2 0 -2 -4 -6 5 3 1 -1 -3 -5 6 4 2 0 -2 -4 -6 5 3 1 -1 -3 -5 6 4 2 0 -2 -4 -6 5 3 1 -1 -3 -5 6 4 2 0 -2 -4 -6 5 3 1 -1 -3 -5 6 4 2 0 -2 -4 -6 5 3 1 -1 -3 -5 6 4 2 0 -2 -4 -6 5 3 1 -1 -3 -5 6 4 2 0 -2 -4 -6 5 3 1 -1 -3 -5 6 4 2 0 -2 -4 -6 5 3 1 -1 -3 -5 6 4 2 0 -2 -4 -6 5 3 1 -1 -3 -5 6 4 2 0 -2 -4 -6 5 3 1 -1 -3 -5 6 4 2 0 -2 -4 -6 5 3 1 -1 -3 -5 6 4 2 0 -2 -4 -6 5 3 1 -1 -3 -5 6 4 2 0 -2 -4 -6 5 3 1 -1 -3 -5 6 4 2 0 -2 -4 -6 5 3 1 -1 -3 -5 6 4 2 0 -2 -4 -6 5 3 1 -1 -3 -5 6 4 2 0 -2 -4 -6 5 3 1 -1 -3 -5 6 4 2 0 -2 -4 -6 5 3 1 -1 -3 -5 6 4 2 0 -2 -4 -6 5 3 1 -1 -3 -5 6 4 2 0 -2 -4 -6 5 3 1 -1 -3 -5 6 4 2 0 -2 -4 -6 5 3 1 -1 -3 -5 6 4 2 0 -2 -4 -6 5 3 1 -1 -3 -5 6 4 2 0 -2 -4 -6 5 3 1 -1 -3 -5 6 4 2 0 -2 -4 -6 5 3 1 -1 -3 -5 6 4
-5 6 4 2 0 -2 -4 -6 5 3 1 -1 -3 -5 6 4 2 0 -2 -4 -6 5 3 1 -1 -3 -5 6 4 2 0 -2 -4 -6 5 3 1 -1 -3 -5 6 4 2 0 -2 -4 -6 5 3 1 -1 -3 -5 6 4 2 0 -2 -4 -6 5 3 1 -1 -3 -5 6 4 2 0 -2 -4 -6 5 3 1 -1 -3 -5 6 4 2 0 -2 -4 -6 5 3 1 -1 -3 -5 6 4 2 0 -2 -4 -6 5 3 1 -1 -3 -5 6 4 2 0 -2 -4 -6 5 3 1 -1 -3 -5 6 4 2 0 -2 -4 -6 5 3 1 -1 -3 -5 6 4 2 0 -2 -4 -6 5 3 1 -1 -3 -5 6 4 2 0 -2 -4 -6 5 3 1 -1 -3 -5 6 4 2 0 -2 -4 -6 5 3 1 -1 -3 -5 6 4 2 0 -2 -4 -6 5 3 1 -1 -3 -5 6 4 2 0 -2 -4 -6 5 3 1 -1 -3 -5 6 4 2 0 -2 -4 -6 5 3 1 -1 -3 -5 6 4 2 0 -2 -4 -6 5 3 1 -1 -3 -5 6 4 2 0 -2 -4 -6 5 3 1 -1 -3 -5 6 4 2 0 -2 -4 -6 5 3 1 -1 -3 -5 6 4 2 0 -2 -4 -6 5 3 1 -1 -3 -5 6 4 2 0 -2 -4 -6 5 3 1 -1 -3 -5 6 4 2 0 -2 -4 -6 5 3 1 -1 -3 -5 6 4 2 0 -2 -4 -6 5 3 1 -1 -3 -5 6 4 2 0 -2 -4 -6 5 3 1 -1 -3 -5 6 4 2 0 -2 -4 -6 5 3 1 -1 -3 -5 6 4 2 0 -2 -4 -6 5 3 1 -1 -3 -5 6 4 2 0 -2 -4 -6 5 3 1 -1 -3 -5 6 4 2 0 -2 -4 -6 5 3 1 -1 -3 -5 6 4 2 0 -2 -4 -6 5 3 1 -1 -3 -5 6 4 2 0 -2 -4 -6 5 3 1 -1 -3 -5 6 4 2 0 -2 -4 -6 5 3 1 -1 -3 -5 6 4 2 0 -2 -4 -6 5 3 1 -1 -3 -5 6 4 2 0 -2 -4 -6 5 3 1 -1 -3 -5 6 4 2 0 -2 -4 -6 5 3 1 -1 -3 -5 6 4 2 0 -2 -4 -6 5 3 1 -1 -3 -5 6 4 2 0 -2 -4 -6 5 3 1 -1 -3 -5 6 4 2 0 -2 -4 -6 5 3 1 -1 -3 -5 6 4 2 0 -2 -4 -6 5 3 1 -1 -3 -5 6 4 2 0 -2
2 0 -2 -4 -6 5 3 1 -1 -3 -5 6 4 2 0 -2 -4 -6 5 3 1 -1 -3 -5 6 4 2 0 -2 -4 -6 5 3 1 -1 -3 -5 6 4 2 0 -2 -4 -6 5 3 1 -1 -3 -5 6 4 2 0 -2 -4 -6 5 3 1 -1 -3 -5 6 4 2 0 -2 -4 -6 5 3 1 -1 -3 -5 6 4 2 0 -2 -4 -6 5 3 1 -1 -3 -5 6 4 2 0 -2 -4 -6 5 3 1 -1 -3 -5 6 4 2 0 -2 -4 -6 5 3 1 -1 -3 -5 6 4 2 0 -2 -4 -6 5 3 1 -1 -3 -5 6 4 2 0 -2 -4 -6 5 3 1 -1 -3 -5 6 4 2 0 -2 -4 -6 5 3 1 -1 -3 -5 6 4 2 0 -2 -4 -6 5 3 1 -1 -3 -5 6 4 2 0 -2 -4 -6 5 3 1 -1 -3 -5 6 4 2 0 -2 -4 -6 5 3 1 -1 -3 -5 6 4 2 0 -2 -4 -6 5 3 1 -1 -3 -5 6 4 2 0 -2 -4 -6 5 3 1 -1 -3 -5 6 4 2 0 -2 -4 -6 5 3 1 -1 -3 -5 6 4 2 0 -2 -4 -6 5 3 1 -1 -3 -5 6 4 2 0 -2 -4 -6 5 3 1 -1 -3 -5 6 4 2 0 -2 -4 -6 5 3 1 -1 -3 -5 6 4 2 0 -2 -4 -6 5 3 1 -1 -3 -5 6 4 2 0 -2 -4 -6 5 3 1 -1 -3 -5 6 4 2 0 -2 -4 -6 5 3 1 -1 -3 -5 6 4 2 0 -2 -4 -6 5 3 1 -1 -3 -5 6 4 2 0 -2 -4 -6 5 3 1 -1 -3 -5 6 4 2 0 -2 -4 -6 5 3 1 -1 -3 -5 6 4 2 0 -2 -4 -6 5 3 1 -1 -3 -5 6 4 2 0 -2 -4 -6 5 3 1 -1 -3 -5 6 4 2 0 -2 -4 -6 5 3 1 -1 -3 -5 6 4 2 0 -2 -4 -6 5 3 1 -1 -3 -5 6 4 2 0 -2 -4 -6 5 3 1 -1 -3 -5 6 4 2 0 -2 -4 -6 5 3 1 -1 -3 -5 6 4 2 0 -2 -4 -6 5 3 1 -1 -3 -5 6 4 2 0 -2 -4 -6 5 3 1 -1 -3 -5 6 4 2 0 -2 -4 -6 5 3 1 -1 -3 -5 6 4 2 0 -2 -4 -6 5 3 1 -1 -3 -5 6 4 2 0 -2 -4 -6 5 3 1 -1 -3 -5 6 4 2 0 -2 -4 -6 5
-4 -6 5 3 1 -1 -3 -5 6 4 2 0 -2 -4 -6 5 3 1 -1 -3 -5 6 4 2 0 -2 -4 -6 5 3 1 -1 -3 -5 6 4 2 0 -2 -4 -6 5 3 1 -1 -3 -5 6 4 2 0 -2 -4 -6 5 3 1 -1 -3 -5 6 4 2 0 -2 -4 -6 5 3 1 -1 -3 -5 6 4 2 0 -2 -4 -6 5 3 1 -1 -3 -5 6 4 2 0 -2 -4 -6 5 3 1 -1 -3 -5 6 4 2 0 -2 -4 -6 5 3 1 -1 -3 -5 6 4 2 0 -2 -4 -6 5 3 1 -1 -3 -5 6 4 2 0 -2 -4 -6 5 3 1 -1 -3 -5 6 4 2 0 -2 -4 -6 5 3 1 -1 -3 -5 6 4 2 0 -2 -4 -6 5 3 1 -1 -3 -5 6 4 2 0 -2 -4 -6 5 3 1 -1 -3 -5 6 4 2 0 -2 -4 -6 5 3 1 -1 -3 -5 6 4 2 0 -2 -4 -6 5 3 1 -1 -3 -5 6 4 2 0 -2 -4 -6 5 3 1 -1 -3 -5 6 4 2 0 -2 -4 -6 5 3 1 -1 -3 -5 6 4 2 0 -2 -4 -6 5 3 1 -1 -3 -5 6 4 2 0 -2 -4 -6 5 3 1 -1 -3 -5 6 4 2 0 -2 -4 -6 5 3 1 -1 -3 -5 6 4 2 0 -2 -4 -6 5 3 1 -1 -3 -5 6 4 2 0 -2 -4 -6 5 3 1 -1 -3 -5 6 4 2 0 -2 -4 -6 5 3 1 -1 -3 -5 6 4 2 0 -2 -4 -6 5 3 1 -1 -3 -5 6 4 2 0 -2 -4 -6 5 3 1 -1 -3 -5 6 4 2 0 -2 -4 -6 5 3 1 -1 -3 -5 6 4 2 0 -2 -4 -6 5 3 1 -1 -3 -5 6 4 2 0 -2 -4 -6 5 3 1 -1 -3 -5 6 4 2 0 -2 -4 -6 5 3 1 -1 -3 -5 6 4 2 0 -2 -4 -6 5 3 1 -1 -3 -5 6 4 2 0 -2 -4 -6 5 3 1 -1 -3 -5 6 4 2 0 -2 -4 -6 5 3 1 -1 -3 -5 6 4 2 0 -2 -4 -6 5 3 1 -1 -3 -5 6 4 2 0 -2 -4 -6 5 3 1 -1 -3 -5 6 4 2 0 -2 -4 -6 5 3 1 -1 -3 -5 6 4 2 0 -2 -4 -6 5 3 1 -1 -3 -5 6 4 2 0 -2 -4 -6 5 3 1 -1 -3 -5 6 4 2 0 -2 -4 -6 5 3 1 -1
3 1 -1 -3 -5 6 4 2 0 -2 -4 -6 5 3 1 -1 -3 -5 6 4 2 0 -2 -4 -6 5 3 1 -1 -3 -5 6 4 2 0 -2 -4 -6 5 3 1 -1 -3 -5 6 4 2 0 -2 -4 -6 5 3 1 -1 -3 -5 6 4 2 0 -2 -4 -6 5 3 1 -1 -3 -5 6 4 2 0 -2 -4 -6 5 3 1 -1 -3 -5 6 4 2 0 -2 -4 -6 5 3 1 -1 -3 -5 6 4 2 0 -2 -4 -6 5 3 1 -1 -3 -5 6 4 2 0 -2 -4 -6 5 3 1 -1 -3 -5 6 4 2 0 -2 -4 -6 5 3 1 -1 -3 -5 6 4 2 0 -2 -4 -6 5 3 1 -1 -3 -5 6 4 2 0 -2 -4 -6 5 3 1 -1 -3 -5 6 4 2 0 -2 -4 -6 5 3 1 -1 -3 -5 6 4 2 0 -2 -4 -6 5 3 1 -1 -3 -5 6 4 2 0 -2 -4 -6 5 3 1 -1 -3 -5 6 4 2 0 -2 -4 -6 5 3 1 -1 -3 -5 6 4 2 0 -2 -4 -6 5 3 1 -1 -3 -5 6 4 2 0 -2 -4 -6 5 3 1 -1 -3 -5 6 4 2 0 -2 -4 -6 5 3 1 -1 -3 -5 6 4 2 0 -2 -4 -6 5 3 1 -1 -3 -5 6 4 2 0 -2 -4 -6 5 3 1 -1 -3 -5 6 4 2 0 -2 -4 -6 5 3 1 -1 -3 -5 6 4 2 0 -2 -4 -6 5 3 1 -1 -3 -5 6 4 2 0 -2 -4 -6 5 3 1 -1 -3 -5 6 4 2 0 -2 -4 -6 5 3 1 -1 -3 -5 6 4 2 0 -2 -4 -6 5 3 1 -1 -3 -5 6 4 2 0 -2 -4 -6 5 3 1 -1 -3 -5 6 4 2 0 -2 -4 -6 5 3 1 -1 -3 -5 6 4 2 0 -2 -4 -6 5 3 1 -1 -3 -5 6 4 2 0 -2 -4 -6 5 3 1 -1 -3 -5 6 4 2 0 -2 -4 -6 5 3 1 -1 -3 -5 6 4 2 0 -2 -4 -6 5 3 1 -1 -3 -5 6 4 2 0 -2 -4 -6 5 3 1 -1 -3 -5 6 4 2 0 -2 -4 -6 5 3 1 -1 -3 -5 6 4 2 0 -2 -4 -6 5 3 1 -1 -3 -5 6 4 2 0 -2 -4 -6 5 3 1 -1 -3 -5 6 4 2 0 -2 -4 -6 5 3 1 -1 -3 -5 6 4 2 0 -2 -4 -6 5 3 1 -1 -3 -5 6
-3 -5 6 4 2 0 -2 -4 -6 5 3 1 -1 -3 -5 6 4 2 0 -2 -4 -6 5 3 1 -1 -3 -5 6 4 2 0 -2 -4 -6 5 3 1 -1 -3 -5 6 4 2 0 -2 -4 -6 5 3 1 -1 -3 -5 6 4 2 0 -2 -4 -6 5 3 1 -1 -3 -5 6 4 2 0 -2 -4 -6 5 3 1 -1 -3 -5 6 4 2 0 -2 -4 -6 5 3 1 -1 -3 -5 6 4 2 0 -2 -4 -6 5 3 1 -1 -3 -5 6 4 2 0 -2 -4 -6 5 3 1 -1 -3 -5 6 4 2 0 -2 -4 -6 5 3 1 -1 -3 -5 6 4 2 0 -2 -4 -6 5 3 1 -1 -3 -5 6 4 2 0 -2 -4 -6 5 3 1 -1 -3 -5 6 4 2 0 -2 -4 -6 5 3 1 -1 -3 -5 6 4 2 0 -2 -4 -6 5 3 1 -1 -3 -5 6 4 2 0 -2 -4 -6 5 3 1 -1 -3 -5 6 4 2 0 -2 -4 -6 5 3 1 -1 -3 -5 6 4 2 0 -2 -4 -6 5 3 1 -1 -3 -5 6 4 2 0 -2 -4 -6 5 3 1 -1 -3 -5 6 4 2 0 -2 -4 -6 5 3 1 -1 -3 -5 6 4 2 0 -2 -4 -6 5 3 1 -1 -3 -5 6 4 2 0 -2 -4 -6 5 3 1 -1 -3 -5 6 4 2 0 -2 -4 -6 5 3 1 -1 -3 -5 6 4 2 0 -2 -4 -6 5 3 1 -1 -3 -5 6 4 2 0 -2 -4 -6 5 3 1 -1 -3 -5 6 4 2 0 -2 -4 -6 5 3 1 -1 -3 -5 6 4 2 0 -2 -4 -6 5 3 1 -1 -3 -5 6 4 2 0 -2 -4 -6 5 3 1 -1 -3 -5 6 4 2 0 -2 -4 -6 5 3 1 -1 -3 -5 6 4 2 0 -2 -4 -6 5 3 1 -1 -3 -5 6 4 2 0 -2 -4 -6 5 3 1 -1 -3 -5 6 4 2 0 -2 -4 -6 5 3 1 -1 -3 -5 6 4 2 0 -2 -4 -6 5 3 1 -1 -3 -5 6 4 2 0 -2 -4 -6 5 3 1 -1 -3 -5 6 4 2 0 -2 -4 -6 5 3 1 -1 -3 -5 6 4 2 0 -2 -4 -6 5 3 1 -1 -3 -5 6 4 2 0 -2 -4 -6 5 3 1 -1 -3 -5 6 4 2 0 -2 -4 -6 5 3 1 -1 -3 -5 6 4 2 0 -2 -4 -6 5 3 1 -1 -3 -5 6 4 2 0
4 2 0 -2 -4 -6 5 3 1 -1 -3 -5 6 4 2 0 -2 -4 -6 5 3 1 -1 -3 -5 6 4 2 0 -2 -4 -6 5 3 1 -1 -3 -5 6 4 2 0 -2 -4 -6 5 3 1 -1 -3 -5 6 4 2 0 -2 -4 -6 5 3 1 -1 -3 -5 6 4 2 0 -2 -4 -6 5 3 1 -1 -3 -5 6 4 2 0 -2 -4 -6 5 3 1 -1 -3 -5 6 4 2 0 -2 -4 -6 5 3 1 -1 -3 -5 6 4 2 0 -2 -4 -6 5 3 1 -1 -3 -5 6 4 2 0 -2 -4 -6 5 3 1 -1 -3 -5 6 4 2 0 -2 -4 -6 5 3 1 -1 -3 -5 6 4 2 0 -2 -4 -6 5 3 1 -1 -3 -5 6 4 2 0 -2 -4 -6 5 3 1 -1 -3 -5 6 4 2 0 -2 -4 -6 5 3 1 -1 -3 -5 6 4 2 0 -2 -4 -6 5 3 1 -1 -3 -5 6 4 2 0 -2 -4 -6 5 3 1 -1 -3 -5 6 4 2 0 -2 -4 -6 5 3 1 -1 -3 -5 6 4 2 0 -2 -4 -6 5 3 1 -1 -3 -5 6 4 2 0 -2 -4 -6 5 3 1 -1 -3 -5 6 4 2 0 -2 -4 -6 5 3 1 -1 -3 -5 6 4 2 0 -2 -4 -6 5 3 1 -1 -3 -5 6 4 2 0 -2 -4 -6 5 3 1 -1 -3 -5 6 4 2 0 -2 -4 -6 5 3 1 -1 -3 -5 6 4 2 0 -2 -4 -6 5 3 1 -1 -3 -5 6 4 2 0 -2 -4 -6 5 3 1 -1 -3 -5 6 4 2 0 -2 -4 -6 5 3 1 -1 -3 -5 6 4 2 0 -2 -4 -6 5 3 1 -1 -3 -5 6 4 2 0 -2 -4 -6 5 3 1 -1 -3 -5 6 4 2 0 -2 -4 -6 5 3 1 -1 -3 -5 6 4 2 0 -2 -4 -6 5 3 1 -1 -3 -5 6 4 2 0 -2 -4 -6 5 3 1 -1 -3 -5 6 4 2 0 -2 -4 -6 5 3 1 -1 -3 -5 6 4 2 0 -2 -4 -6 5 3 1 -1 -3 -5 6 4 2 0 -2 -4 -6 5 3 1 -1 -3 -5 6 4 2 0 -2 -4 -6 5 3 1 -1 -3 -5 6 4 2 0 -2 -4 -6 5 3 1 -1 -3 -5 6 4 2 0 -2 -4 -6 5 3 1 -1 -3 -5 6 4 2 0 -2 -4 -6 5 3 1 -1 -3 -5 6 4 2 0 -2 -4 -6
-2 -4 -6 5 3 1 -1 -3 -5 6 4 2 0 -2 -4 -6 5 3 1 -1 -3 -5 6 4 2 0 -2 -4 -6 5 3 1 -1 -3 -5 6 4 2 0 -2 -4 -6 5 3 1 -1 -3 -5 6 4 2 0 -2 -4 -6 5 3 1 -1 -3 -5 6 4 2 0 -2 -4 -6 5 3 1 -1 -3 -5 6 4 2 0 -2 -4 -6 5 3 1 -1 -3 -5 6 4 2 0 -2 -4 -6 5 3 1 -1 -3 -5 6 4 2 0 -2 -4 -6 5 3 1 -1 -3 -5 6 4 2 0 -2 -4 -6 5 3 1 -1 -3 -5 6 4 2 0 -2 -4 -6 5 3 1 -1 -3 -5 6 4 2 0 -2 -4 -6 5 3 1 -1 -3 -5 6 4 2 0 -2 -4 -6 5 3 1 -1 -3 -5 6 4 2 0 -2 -4 -6 5 3 1 -1 -3 -5 6 4 2 0 -2 -4 -6 5 3 1 -1 -3 -5 6 4 2 0 -2 -4 -6 5 3 1 -1 -3 -5 6 4 2 0 -2 -4 -6 5 3 1 -1 -3 -5 6 4 2 0 -2 -4 -6 5 3 1 -1 -3 -5 6 4 2 0 -2 -4 -6 5 3 1 -1 -3 -5 6 4 2 0 -2 -4 -6 5 3 1 -1 -3 -5 6 4 2 0 -2 -4 -6 5 3 1 -1 -3 -5 6 4 2 0 -2 -4 -6 5 3 1 -1 -3 -5 6 4 2 0 -2 -4 -6 5 3 1 -1 -3 -5 6 4 2 0 -2 -4 -6 5 3 1 -1 -3 -5 6 4 2 0 -2 -4 -6 5 3 1 -1 -3 -5 6 4 2 0 -2 -4 -6 5 3 1 -1 -3 -5 6 4 2 0 -2 -4 -6 5 3 1 -1 -3 -5 6 4 2 0 -2 -4 -6 5 3 1 -1 -3 -5 6 4 2 0 -2 -4 -6 5 3 1 -1 -3 -5 6 4 2 0 -2 -4 -6 5 3 1 -1 -3 -5 6 4 2 0 -2 -4 -6 5 3 1 -1 -3 -5 6 4 2 0 -2 -4 -6 5 3 1 -1 -3 -5 6 4 2 0 -2 -4 -6 5 3 1 -1 -3 -5 6 4 2 0 -2 -4 -6 5 3 1 -1 -3 -5 6 4 2 0 -2 -4 -6 5 3 1 -1 -3 -5 6 4 2 0 -2 -4 -6 5 3 1 -1 -3 -5 6 4 2 0 -2 -4 -6 5 3 1 -1 -3 -5 6 4 2 0 -2 -4 -6 5 3 1 -1 -3 -5 6 4 2 0 -2 -4 -6 5 3 1
5 3 1 -1 -3 -5 6 4 2 0 -2 -4 -6 5 3 1 -1 -3 -5 6 4 2 0 -2 -4 -6 5 3 1 -1 -3 -5 6 4 2 0 -2 -4 -6 5 3 1 -1 -3 -5 6 4 2 0 -2 -4 -6 5 3 1 -1 -3 -5 6 4 2 0 -2 -4 -6 5 3 1 -1 -3 -5 6 4 2 0 -2 -4 -6 5 3 1 -1 -3 -5 6 4 2 0 -2 -4 -6 5 3 1 -1 -3 -5 6 4 2 0 -2 -4 -6 5 3 1 -1 -3 -5 6 4 2 0 -2 -4 -6 5 3 1 -1 -3 -5 6 4 2 0 -2 -4 -6 5 3 1 -1 -3 -5 6 4 2 0 -2 -4 -6 5 3 1 -1 -3 -5 6 4 2 0 -2 -4 -6 5 3 1 -1 -3 -5 6 4 2 0 -2 -4 -6 5 3 1 -1 -3 -5 6 4 2 0 -2 -4 -6 5 3 1 -1 -3 -5 6 4 2 0 -2 -4 -6 5 3 1 -1 -3 -5 6 4 2 0 -2 -4 -6 5 3 1 -1 -3 -5 6 4 2 0 -2 -4 -6 5 3 1 -1 -3 -5 6 4 2 0 -2 -4 -6 5 3 1 -1 -3 -5 6 4 2 0 -2 -4 -6 5 3 1 -1 -3 -5 6 4 2 0 -2 -4 -6 5 3 1 -1 -3 -5 6 4 2 0 -2 -4 -6 5 3 1 -1 -3 -5 6 4 2 0 -2 -4 -6 5 3 1 -1 -3 -5 6 4 2 0 -2 -4 -6 5 3 1 -1 -3 -5 6 4 2 0 -2 -4 -6 5 3 1 -1 -3 -5 6 4 2 0 -2 -4 -6 5 3 1 -1 -3 -5 6 4 2 0 -2 -4 -6 5 3 1 -1 -3 -5 6 4 2 0 -2 -4 -6 5 3 1 -1 -3 -5 6 4 2 0 -2 -4 -6 5 3 1 -1 -3 -5 6 4 2 0 -2 -4 -6 5 3 1 -1 -3 -5 6 4 2 0 -2 -4 -6 5 3 1 -1 -3 -5 6 4 2 0 -2 -4 -6 5 3 1 -1 -3 -5 6 4 2 0 -2 -4 -6 5 3 1 -1 -3 -5 6 4 2 0 -2 -4 -6 5 3 1 -1 -3 -5 6 4 2 0 -2 -4 -6 5 3 1 -1 -3 -5 6 4 2 0 -2 -4 -6 5 3 1 -1 -3 -5 6 4 2 0 -2 -4 -6 5 3 1 -1 -3 -5 6 4 2 0 -2 -4 -6 5 3 1 -1 -3 -5 6 4 2 0 -2 -4 -6 5 3 1 -1 -3 -5
-1 -3 -5 6 4 2 0 -2 -4 -6 5 3 1 -1 -3 -5 6 4 2 0 -2 -4 -6 5 3 1 -1 -3 -5 6 4 2 0 -2 -4 -6 5 3 1 -1 -3 -5 6 4 2 0 -2 -4 -6 5 3 1 -1 -3 -5 6 4 2 0 -2 -4 -6 5 3 1 -1 -3 -5 6 4 2 0 -2 -4 -6 5 3 1 -1 -3 -5 6 4 2 0 -2 -4 -6 5 3 1 -1 -3 -5 6 4 2 0 -2 -4 -6 5 3 1 -1 -3 -5 6 4 2 0 -2 -4 -6 5 3 1 -1 -3 -5 6 4 2 0 -2 -4 -6 5 3 1 -1 -3 -5 6 4 2 0 -2 -4 -6 5 3 1 -1 -3 -5 6 4 2 0 -2 -4 -6 5 3 1 -1 -3 -5 6 4 2 0 -2 -4 -6 5 3 1 -1 -3 -5 6 4 2 0 -2 -4 -6 5 3 1 -1 -3 -5 6 4 2 0 -2 -4 -6 5 3 1 -1 -3 -5 6 4 2 0 -2 -4 -6 5 3 1 -1 -3 -5 6 4 2 0 -2 -4 -6 5 3 1 -1 -3 -5 6 4 2 0 -2 -4 -6 5 3 1 -1 -3 -5 6 4 2 0 -2 -4 -6 5 3 1 -1 -3 -5 6 4 2 0 -2 -4 -6 5 3 1 -1 -3 -5 6 4 2 0 -2 -4 -6 5 3 1 -1 -3 -5 6 4 2 0 -2 -4 -6 5 3 1 -1 -3 -5 6 4 2 0 -2 -4 -6 5 3 1 -1 -3 -5 6 4 2 0 -2 -4 -6 5 3 1 -1 -3 -5 6 4 2 0 -2 -4 -6 5 3 1 -1 -3 -5 6 4 2 0 -2 -4 -6 5 3 1 -1 -3 -5 6 4 2 0 -2 -4 -6 5 3 1 -1 -3 -5 6 4 2 0 -2 -4 -6 5 3 1 -1 -3 -5 6 4 2 0 -2 -4 -6 5 3 1 -1 -3 -5 6 4 2 0 -2 -4 -6 5 3 1 -1 -3 -5 6 4 2 0 -2 -4 -6 5 3 1 -1 -3 -5 6 4 2 0 -2 -4 -6 5 3 1 -1 -3 -5 6 4 2 0 -2 -4 -6 5 3 1 -1 -3 -5 6 4 2 0 -2 -4 -6 5 3 1 -1 -3 -5 6 4 2 0 -2 -4 -6 5 3 1 -1 -3 -5 6 4 2 0 -2 -4 -6 5 3 1 -1 -3 -5 6 4 2 0 -2 -4 -6 5 3 1 -1 -3 -5 6 4 2 0 -2 -4 -6 5 3 1 -1 -3 -5 6 4 2
6 4 2 0 -2 -4 -6 5 3 1 -1 -3 -5 6 4 2 0 -2 -4 -6 5 3 1 -1 -3 -5 6 4 2 0 -2 -4 -6 5 3 1 -1 -3 -5 6 4 2 0 -2 -4 -6 5 3 1 -1 -3 -5 6 4 2 0 -2 -4 -6 5 3 1 -1 -3 -5 6 4 2 0 -2 -4 -6 5 3 1 -1 -3 -5 6 4 2 0 -2 -4 -6 5 3 1 -1 -3 -5 6 4 2 0 -2 -4 -6 5 3 1 -1 -3 -5 6 4 2 0 -2 -4 -6 5 3 1 -1 -3 -5 6 4 2 0 -2 -4 -6 5 3 1 -1 -3 -5 6 4 2 0 -2 -4 -6 5 3 1 -1 -3 -5 6 4 2 0 -2 -4 -6 5 3 1 -1 -3 -5 6 4 2 0 -2 -4 -6 5 3 1 -1 -3 -5 6 4 2 0 -2 -4 -6 5 3 1 -1 -3 -5 6 4 2 0 -2 -4 -6 5 3 1 -1 -3 -5 6 4 2 0 -2 -4 -6 5 3 1 -1 -3 -5 6 4 2 0 -2 -4 -6 5 3 1 -1 -3 -5 6 4 2 0 -2 -4 -6 5 3 1 -1 -3 -5 6 4 2 0 -2 -4 -6 5 3 1 -1 -3 -5 6 4 2 0 -2 -4 -6 5 3 1 -1 -3 -5 6 4 2 0 -2 -4 -6 5 3 1 -1 -3 -5 6 4 2 0 -2 -4 -6 5 3 1 -1 -3 -5 6 4 2 0 -2 -4 -6 5 3 1 -1 -3 -5 6 4 2 0 -2 -4 -6 5 3 1 -1 -3 -5 6 4 2 0 -2 -4 -6 5 3 1 -1 -3 -5 6 4 2 0 -2 -4 -6 5 3 1 -1 -3 -5 6 4 2 0 -2 -4 -6 5 3 1 -1 -3 -5 6 4 2 0 -2 -4 -6 5 3 1 -1 -3 -5 6 4 2 0 -2 -4 -6 5 3 1 -1 -3 -5 6 4 2 0 -2 -4 -6 5 3 1 -1 -3 -5 6 4 2 0 -2 -4 -6 5 3 1 -1 -3 -5 6 4 2 0 -2 -4 -6 5 3 1 -1 -3 -5 6 4 2 0 -2 -4 -6 5 3 1 -1 -3 -5 6 4 2 0 -2 -4 -6 5 3 1 -1 -3 -5 6 4 2 0 -2 -4 -6 5 3 1 -1 -3 -5 6 4 2 0 -2 -4 -6 5 3 1 -1 -3 -5 6 4 2 0 -2 -4 -6 5 3 1 -1 -3 -5 6 4 2 0 -2 -4 -6 5 3 1 -1 -3 -5 6 4 2 0 -2 -4
0 -2 -4 -6 5 3 1 -1 -3 -5 6 4 2 0 -2 -4 -6 5 3 1 -1 -3 -5 6 4 2 0 -2 -4 -6 5 3 1 -1 -3 -5 6 4 2 0 -2 -4 -6 5 3 1 -1 -3 -5 6 4 2 0 -2 -4 -6 5 3 1 -1 -3 -5 6 4 2 0 -2 -4 -6 5 3 1 -1 -3 -5 6 4 2 0 -2 -4 -6 5 3 1 -1 -3 -5 6 4 2 0 -2 -4 -6 5 3 1 -1 -3 -5 6 4 2 0 -2 -4 -6 5 3 1 -1 -3 -5 6 4 2 0 -2 -4 -6 5 3 1 -1 -3 -5 6 4 2 0 -2 -4 -6 5 3 1 -1 -3 -5 6 4 2 0 -2 -4 -6 5 3 1 -1 -3 -5 6 4 2 0 -2 -4 -6 5 3 1 -1 -3 -5 6 4 2 0 -2 -4 -6 5 3 1 -1 -3 -5 6 4 2 0 -2 -4 -6 5 3 1 -1 -3 -5 6 4 2 0 -2 -4 -6 5 3 1 -1 -3 -5 6 4 2 0 -2 -4 -6 5 3 1 -1 -3 -5 6 4 2 0 -2 -4 -6 5 3 1 -1 -3 -5 6 4 2 0 -2 -4 -6 5 3 1 -1 -3 -5 6 4 2 0 -2 -4 -6 5 3 1 -1 -3 -5 6 4 2 0 -2 -4 -6 5 3 1 -1 -3 -5 6 4 2 0 -2 -4 -6 5 3 1 -1 -3 -5 6 4 2 0 -2 -4 -6 5 3 1 -1 -3 -5 6 4 2 0 -2 -4 -6 5 3 1 -1 -3 -5 6 4 2 0 -2 -4 -6 5 3 1 -1 -3 -5 6 4 2 0 -2 -4 -6 5 3 1 -1 -3 -5 6 4 2 0 -2 -4 -6 5 3 1 -1 -3 -5 6 4 2 0 -2 -4 -6 5 3 1 -1 -3 -5 6 4 2 0 -2 -4 -6 5 3 1 -1 -3 -5 6 4 2 0 -2 -4 -6 5 3 1 -1 -3 -5 6 4 2 0 -2 -4 -6 5 3 1 -1 -3 -5 6 4 2 0 -2 -4 -6 5 3 1 -1 -3 -5 6 4 2 0 -2 -4 -6 5 3 1 -1 -3 -5 6 4 2 0 -2 -4 -6 5 3 1 -1 -3 -5 6 4 2 0 -2 -4 -6 5 3 1 -1 -3 -5 6 4 2 0 -2 -4 -6 5 3 1 -1 -3 -5 6 4 2 0 -2 -4 -6 5 3 1 -1 -3 -5 6 4 2 0 -2 -4 -6 5 3 1 -1 -3 -5 6 4 2 0 -2 -4 -6 5 3
-6 5 3 1 -1 -3 -5 6 4 2 0 -2 -4 -6 5 3 1 -1 -3 -5 6 4 2 0 -2 -4 -6 5 3 1 -1 -3 -5 6 4 2 0 -2 -4 -6 5 3 1 -1 -3 -5 6 4 2 0 -2 -4 -6 5 3 1 -1 -3 -5 6 4 2 0 -2 -4 -6 5 3 1 -1 -3 -5 6 4 2 0 -2 -4 -6 5 3 1 -1 -3 -5 6 4 2 0 -2 -4 -6 5 3 1 -1 -3 -5 6 4 2 0 -2 -4 -6 5 3 1 -1 -3 -5 6 4 2 0 -2 -4 -6 5 3 1 -1 -3 -5 6 4 2 0 -2 -4 -6 5 3 1 -1 -3 -5 6 4 2 0 -2 -4 -6 5 3 1 -1 -3 -5 6 4 2 0 -2 -4 -6 5 3 1 -1 -3 -5 6 4 2 0 -2 -4 -6 5 3 1 -1 -3 -5 6 4 2 0 -2 -4 -6 5 3 1 -1 -3 -5 6 4 2 0 -2 -4 -6 5 3 1 -1 -3 -5 6 4 2 0 -2 -4 -6 5 3 1 -1 -3 -5 6 4 2 0 -2 -4 -6 5 3 1 -1 -3 -5 6 4 2 0 -2 -4 -6 5 3 1 -1 -3 -5 6 4 2 0 -2 -4 -6 5 3 1 -1 -3 -5 6 4 2 0 -2 -4 -6 5 3 1 -1 -3 -5 6 4 2 0 -2 -4 -6 5 3 1 -1 -3 -5 6 4 2 0 -2 -4 -6 5 3 1 -1 -3 -5 6 4 2 0 -2 -4 -6 5 3 1 -1 -3 -5 6 4 2 0 -2 -4 -6 5 3 1 -1 -3 -5 6 4 2 0 -2 -4 -6 5 3 1 -1 -3 -5 6 4 2 0 -2 -4 -6 5 3 1 -1 -3 -5 6 4 2 0 -2 -4 -6 5 3 1 -1 -3 -5 6 4 2 0 -2 -4 -6 5 3 1 -1 -3 -5 6 4 2 0 -2 -4 -6 5 3 1 -1 -3 -5 6 4 2 0 -2 -4 -6 5 3 1 -1 -3 -5 6 4 2 0 -2 -4 -6 5 3 1 -1 -3 -5 6 4 2 0 -2 -4 -6 5 3 1 -1 -3 -5 6 4 2 0 -2 -4 -6 5 3 1 -1 -3 -5 6 4 2 0 -2 -4 -6 5 3 1 -1 -3 -5 6 4 2 0 -2 -4 -6 5 3 1 -1 -3 -5 6 4 2 0 -2 -4 -6 5 3 1 -1 -3 -5 6 4 2 0 -2 -4 -6 5 3 1 -1 -3 -5 6 4 2 0 -2 -4 -6 5 3 1 -1 -3
1 -1 -3 -5 6 4 2 0 -2 -4 -6 5 3 1 -1 -3 -5 6 4 2 0 -2 -4 -6 5 3 1 -1 -3 -5 6 4 2 0 -2 -4 -6 5 3 1 -1 -3 -5 6 4 2 0 -2 -4 -6 5 3 1 -1 -3 -5 6 4 2 0 -2 -4 -6 5 3 1 -1 -3 -5 6 4 2 0 -2 -4 -6 5 3 1 -1 -3 -5 6 4 2 0 -2 -4 -6 5 3 1 -1 -3 -5 6 4 2 0 -2 -4 -6 5 3 1 -1 -3 -5 6 4 2 0 -2 -4 -6 5 3 1 -1 -3 -5 6 4 2 0 -2 -4 -6 5 3 1 -1 -3 -5 6 4 2 0 -2 -4 -6 5 3 1 -1 -3 -5 6 4 2 0 -2 -4 -6 5 3 1 -1 -3 -5 6 4 2 0 -2 -4 -6 5 3 1 -1 -3 -5 6 4 2 0 -2 -4 -6 5 3 1 -1 -3 -5 6 4 2 0 -2 -4 -6 5 3 1 -1 -3 -5 6 4 2 0 -2 -4 -6 5 3 1 -1 -3 -5 6 4 2 0 -2 -4 -6 5 3 1 -1 -3 -5 6 4 2 0 -2 -4 -6 5 3 1 -1 -3 -5 6 4 2 0 -2 -4 -6 5 3 1 -1 -3 -5 6 4 2 0 -2 -4 -6 5 3 1 -1 -3 -5 6 4 2 0 -2 -4 -6 5 3 1 -1 -3 -5 6 4 2 0 -2 -4 -6 5 3 1 -1 -3 -5 6 4 2 0 -2 -4 -6 5 3 1 -1 -3 -5 6 4 2 0 -2 -4 -6 5 3 1 -1 -3 -5 6 4 2 0 -2 -4 -6 5 3 1 -1 -3 -5 6 4 2 0 -2 -4 -6 5 3 1 -1 -3 -5 6 4 2 0 -2 -4 -6 5 3 1 -1 -3 -5 6 4 2 0 -2 -4 -6 5 3 1 -1 -3 -5 6 4 2 0 -2 -4 -6 5 3 1 -1 -3 -5 6 4 2 0 -2 -4 -6 5 3 1 -1 -3 -5 6 4 2 0 -2 -4 -6 5 3 1 -1 -3 -5 6 4 2 0 -2 -4 -6 5 3 1 -1 -3 -5 6 4 2 0 -2 -4 -6 5 3 1 -1 -3 -5 6 4 2 0 -2 -4 -6 5 3 1 -1 -3 -5 6 4 2 0 -2 -4 -6 5 3 1 -1 -3 -5 6 4 2 0 -2 -4 -6 5 3 1 -1 -3 -5 6 4 2 0 -2 -4 -6 5 3 1 -1 -3 -5 6 4 2 0 -2 -4 -6 5 3 1 -1 -3 -5 6 4
-5 6 4 2 0 -2 -4 -6 5 3 1 -1 -3 -5 6 4 2 0 -2 -4 -6 5 3 1 -1 -3 -5 6 4 2 0 -2 -4 -6 5 3 1 -1 -3 -5 6 4 2 0 -2 -4 -6 5 3 1 -1 -3 -5 6 4 2 0 -2 -4 -6 5 3 1 -1 -3 -5 6 4 2 0 -2 -4 -6 5 3 1 -1 -3 -5 6 4 2 0 -2 -4 -6 5 3 1 -1 -3 -5 6 4 2 0 -2 -4 -6 5 3 1 -1 -3 -5 6 4 2 0 -2 -4 -6 5 3 1 -1 -3 -5 6 4 2 0 -2 -4 -6 5 3 1 -1 -3 -5 6 4 2 0 -2 -4 -6 5 3 1 -1 -3 -5 6 4 2 0 -2 -4 -6 5 3 1 -1 -3 -5 6 4 2 0 -2 -4 -6 5 3 1 -1 -3 -5 6 4 2 0 -2 -4 -6 5 3 1 -1 -3 -5 6 4 2 0 -2 -4 -6 5 3 1 -1 -3 -5 6 4 2 0 -2 -4 -6 5 3 1 -1 -3 -5 6 4 2 0 -2 -4 -6 5 3 1 -1 -3 -5 6 4 2 0 -2 -4 -6 5 3 1 -1 -3 -5 6 4 2 0 -2 -4 -6 5 3 1 -1 -3 -5 6 4 2 0 -2 -4 -6 5 3 1 -1 -3 -5 6 4 2 0 -2 -4 -6 5 3 1 -1 -3 -5 6 4 2 0 -2 -4 -6 5 3 1 -1 -3 -5 6 4 2 0 -2 -4 -6 5 3 1 -1 -3 -5 6 4 2 0 -2 -4 -6 5 3 1 -1 -3 -5 6 4 2 0 -2 -4 -6 5 3 1 -1 -3 -5 6 4 2 0 -2 -4 -6 5 3 1 -1 -3 -5 6 4 2 0 -2 -4 -6 5 3 1 -1 -3 -5 6 4 2 0 -2 -4 -6 5 3 1 -1 -3 -5 6 4 2 0 -2 -4 -6 5 3 1 -1 -3 -5 6 4 2 0 -2 -4 -6 5 3 1 -1 -3 -5 6 4 2 0 -2 -4 -6 5 3 1 -1 -3 -5 6 4 2 0 -2 -4 -6 5 3 1 -1 -3 -5 6 4 2 0 -2 -4 -6 5 3 1 -1 -3 -5 6 4 2 0 -2 -4 -6 5 3 1 -1 -3 -5 6 4 2 0 -2 -4 -6 5 3 1 -1 -3 -5 6 4 2 0 -2 -4 -6 5 3 1 -1 -3 -5 6 4 2 0 -2 -4 -6 5 3 1 -1 -3 -5 6 4 2 0 -2 -4 -6 5 3 1 -1 -3 -5 6 4 2 0 -2
2 0 -2 -4 -6 5 3 1 -1 -3 -5 6 4 2 0 -2 -4 -6 5 3 1 -1 -3 -5 6 4 2 0 -2 -4 -6 5 3 1 -1 -3 -5 6 4 2 0 -2 -4 -6 5 3 1 -1 -3 -5 6 4 2 0 -2 -4 -6 5 3 1 -1 -3 -5 6 4 2 0 -2 -4 -6 5 3 1 -1 -3 -5 6 4 2 0 -2 -4 -6 5 3 1 -1 -3 -5 6 4 2 0 -2 -4 -6 5 3 1 -1 -3 -5 6 4 2 0 -2 -4 -6 5 3 1 -1 -3 -5 6 4 2 0 -2 -4 -6 5 3 1 -1 -3 -5 6 4 2 0 -2 -4 -6 5 3 1 -1 -3 -5 6 4 2 0 -2 -4 -6 5 3 1 -1 -3 -5 6 4 2 0 -2 -4 -6 5 3 1 -1 -3 -5 6 4 2 0 -2 -4 -6 5 3 1 -1 -3 -5 6 4 2 0 -2 -4 -6 5 3 1 -1 -3 -5 6 4 2 0 -2 -4 -6 5 3 1 -1 -3 -5 6 4 2 0 -2 -4 -6 5 3 1 -1 -3 -5 6 4 2 0 -2 -4 -6 5 3 1 -1 -3 -5 6 4 2 0 -2 -4 -6 5 3 1 -1 -3 -5 6 4 2 0 -2 -4 -6 5 3 1 -1 -3 -5 6 4 2 0 -2 -4 -6 5 3 1 -1 -3 -5 6 4 2 0 -2 -4 -6 5 3 1 -1 -3 -5 6 4 2 0 -2 -4 -6 5 3 1 -1 -3 -5 6 4 2 0 -2 -4 -6 5 3 1 -1 -3 -5 6 4 2 0 -2 -4 -6 5 3 1 -1 -3 -5 6 4 2 0 -2 -4 -6 5 3 1 -1 -3 -5 6 4 2 0 -2 -4 -6 5 3 1 -1 -3 -5 6 4 2 0 -2 -4 -6 5 3 1 -1 -3 -5 6 4 2 0 -2 -4 -6 5 3 1 -1 -3 -5 6 4 2 0 -2 -4 -6 5 3 1 -1 -3 -5 6 4 2 0 -2 -4 -6 5 3 1 -1 -3 -5 6 4 2 0 -2 -4 -6 5 3 1 -1 -3 -5 6 4 2 0 -2 -4 -6 5 3 1 -1 -3 -5 6 4 2 0 -2 -4 -6 5 3 1 -1 -3 -5 6 4 2 0 -2 -4 -6 5 3 1 -1 -3 -5 6 4 2 0 -2 -4 -6 5 3 1 -1 -3 -5 6 4 2 0 -2 -4 -6 5 3 1 -1 -3 -5 6 4 2 0 -2 -4 -6 5 3 1 -1 -3 -5 6 4 2 0 -2 -4 -6 5
-4 -6 5 3 1 -1 -3 -5 6 4 2 0 -2 -4 -6 5 3 1 -1 -3 -5 6 4 2 0 -2 -4 -6 5 3 1 -1 -3 -5 6 4 2 0 -2 -4 -6 5 3 1 -1 -3 -5 6 4 2 0 -2 -4 -6 5 3 1 -1 -3 -5 6 4 2 0 -2 -4 -6 5 3 1 -1 -3 -5 6 4 2 0 -2 -4 -6 5 3 1 -1 -3 -5 6 4 2 0 -2 -4 -6 5 3 1 -1 -3 -5 6 4 2 0 -2 -4 -6 5 3 1 -1 -3 -5 6 4 2 0 -2 -4 -6 5 3 1 -1 -3 -5 6 4 2 0 -2 -4 -6 5 3 1 -1 -3 -5 6 4 2 0 -2 -4 -6 5 3 1 -1 -3 -5 6 4 2 0 -2 -4 -6 5 3 1 -1 -3 -5 6 4 2 0 -2 -4 -6 5 3 1 -1 -3 -5 6 4 2 0 -2 -4 -6 5 3 1 -1 -3 -5 6 4 2 0 -2 -4 -6 5 3 1 -1 -3 -5 6 4 2 0 -2 -4 -6 5 3 1 -1 -3 -5 6 4 2 0 -2 -4 -6 5 3 1 -1 -3 -5 6 4 2 0 -2 -4 -6 5 3 1 -1 -3 -5 6 4 2 0 -2 -4 -6 5 3 1 -1 -3 -5 6 4 2 0 -2 -4 -6 5 3 1 -1 -3 -5 6 4 2 0 -2 -4 -6 5 3 1 -1 -3 -5 6 4 2 0 -2 -4 -6 5 3 1 -1 -3 -5 6 4 2 0 -2 -4 -6 5 3 1 -1 -3 -5 6 4 2 0 -2 -4 -6 5 3 1 -1 -3 -5 6 4 2 0 -2 -4 -6 5 3 1 -1 -3 -5 6 4 2 0 -2 -4 -6 5 3 1 -1 -3 -5 6 4 2 0 -2 -4 -6 5 3 1 -1 -3 -5 6 4 2 0 -2 -4 -6 5 3 1 -1 -3 -5 6 4 2 0 -2 -4 -6 5 3 1 -1 -3 -5 6 4 2 0 -2 -4 -6 5 3 1 -1 -3 -5 6 4 2 0 -2 -4 -6 5 3 1 -1 -3 -5 6 4 2 0 -2 -4 -6 5 3 1 -1 -3 -5 6 4 2 0 -2 -4 -6 5 3 1 -1 -3 -5 6 4 2 0 -2 -4 -6 5 3 1 -1 -3 -5 6 4 2 0 -2 -4 -6 5 3 1 -1 -3 -5 6 4 2 0 -2 -4 -6 5 3 1 -1 -3 -5 6 4 2 0 -2 -4 -6 5 3 1 -1 -3 -5 6 4 2 0 -2 -4 -6 5 3 1 -1
3 1 -1 -3 -5 6 4 2 0 -2 -4 -6 5 3 1 -1 -3 -5 6 4 2 0 -2 -4 -6 5 3 1 -1 -3 -5 6 4 2 0 -2 -4 -6 5 3 1 -1 -3 -5 6 4 2 0 -2 -4 -6 5 3 1 -1 -3 -5 6 4 2 0 -2 -4 -6 5 3 1 -1 -3 -5 6 4 2 0 -2 -4 -6 5 3 1 -1 -3 -5 6 4 2 0 -2 -4 -6 5 3 1 -1 -3 -5 6 4 2 0 -2 -4 -6 5 3 1 -1 -3 -5 6 4 2 0 -2 -4 -6 5 3 1 -1 -3 -5 6 4 2 0 -2 -4 -6 5 3 1 -1 -3 -5 6 4 2 0 -2 -4 -6 5 3 1 -1 -3 -5 6 4 2 0 -2 -4 -6 5 3 1 -1 -3 -5 6 4 2 0 -2 -4 -6 5 3 1 -1 -3 -5 6 4 2 0 -2 -4 -6 5 3 1 -1 -3 -5 6 4 2 0 -2 -4 -6 5 3 1 -1 -3 -5 6 4 2 0 -2 -4 -6 5 3 1 -1 -3 -5 6 4 2 0 -2 -4 -6 5 3 1 -1 -3 -5 6 4 2 0 -2 -4 -6 5 3 1 -1 -3 -5 6 4 2 0 -2 -4 -6 5 3 1 -1 -3 -5 6 4 2 0 -2 -4 -6 5 3 1 -1 -3 -5 6 4 2 0 -2 -4 -6 5 3 1 -1 -3 -5 6 4 2 0 -2 -4 -6 5 3 1 -1 -3 -5 6 4 2 0 -2 -4 -6 5 3 1 -1 -3 -5 6 4 2 0 -2 -4 -6 5 3 1 -1 -3 -5 6 4 2 0 -2 -4 -6 5 3 1 -1 -3 -5 6 4 2 0 -2 -4 -6 5 3 1 -1 -3 -5 6 4 2 0 -2 -4 -6 5 3 1 -1 -3 -5 6 4 2 0 -2 -4 -6 5 3 1 -1 -3 -5 6 4 2 0 -2 -4 -6 5 3 1 -1 -3 -5 6 4 2 0 -2 -4 -6 5 3 1 -1 -3 -5 6 4 2 0 -2 -4 -6 5 3 1 -1 -3 -5 6 4 2 0 -2 -4 -6 5 3 1 -1 -3 -5 6 4 2 0 -2 -4 -6 5 3 1 -1 -3 -5 6 4 2 0 -2 -4 -6 5 3 1 -1 -3 -5 6 4 2 0 -2 -4 -6 5 3 1 -1 -3 -5 6 4 2 0 -2 -4 -6 5 3 1 -1 -3 -5 6 4 2 0 -2 -4 -6 5 3 1 -1 -3 -5 6 4 2 0 -2 -4 -6 5 3 1 -1 -3 -5 6
-3 -5 6 4 2 0 -2 -4 -6 5 3 1 -1 -3 -5 6 4 2 0 -2 -4 -6 5 3 1 -1 -3 -5 6 4 2 0 -2 -4 -6 5 3 1 -1 -3 -5 6 4 2 0 -2 -4 -6 5 3 1 -1 -3 -5 6 4 2 0 -2 -4 -6 5 3 1 -1 -3 -5 6 4 2 0 -2 -4 -6 5 3 1 -1 -3 -5 6 4 2 0 -2 -4 -6 5 3 1 -1 -3 -5 6 4 2 0 -2 -4 -6 5 3 1 -1 -3 -5 6 4 2 0 -2 -4 -6 5 3 1 -1 -3 -5 6 4 2 0 -2 -4 -6 5 3 1 -1 -3 -5 6 4 2 0 -2 -4 -6 5 3 1 -1 -3 -5 6 4 2 0 -2 -4 -6 5 3 1 -1 -3 -5 6 4 2 0 -2 -4 -6 5 3 1 -1 -3 -5 6 4 2 0 -2 -4 -6 5 3 1 -1 -3 -5 6 4 2 0 -2 -4 -6 5 3 1 -1 -3 -5 6 4 2 0 -2 -4 -6 5 3 1 -1 -3 -5 6 4 2 0 -2 -4 -6 5 3 1 -1 -3 -5 6 4 2 0 -2 -4 -6 5 3 1 -1 -3 -5 6 4 2 0 -2 -4 -6 5 3 1 -1 -3 -5 6 4 2 0 -2 -4 -6 5 3 1 -1 -3 -5 6 4 2 0 -2 -4 -6 5 3 1 -1 -3 -5 6 4 2 0 -2 -4 -6 5 3 1 -1 -3 -5 6 4 2 0 -2 -4 -6 5 3 1 -1 -3 -5 6 4 2 0 -2 -4 -6 5 3 1 -1 -3 -5 6 4 2 0 -2 -4 -6 5 3 1 -1 -3 -5 6 4 2 0 -2 -4 -6 5 3 1 -1 -3 -5 6 4 2 0 -2 -4 -6 5 3 1 -1 -3 -5 6 4 2 0 -2 -4 -6 5 3 1 -1 -3 -5 6 4 2 0 -2 -4 -6 5 3 1 -1 -3 -5 6 4 2 0 -2 -4 -6 5 3 1 -1 -3 -5 6 4 2 0 -2 -4 -6 5 3 1 -1 -3 -5 6 4 2 0 -2 -4 -6 5 3 1 -1 -3 -5 6 4 2 0 -2 -4 -6 5 3 1 -1 -3 -5 6 4 2 0 -2 -4 -6 5 3 1 -1 -3 -5 6 4 2 0 -2 -4 -6 5 3 1 -1 -3 -5 6 4 2 0 -2 -4 -6 5 3 1 -1 -3 -5 6 4 2 0 -2 -4 -6 5 3 1 -1 -3 -5 6 4 2 0 -2 -4 -6 5 3 1 -1 -3 -5 6 4 2 0
4 2 0 -2 -4 -6 5 3 1 -1 -3 -5 6 4 2 0 -2 -4 -6 5 3 1 -1 -3 -5 6 4 2 0 -2 -4 -6 5 3 1 -1 -3 -5 6 4 2 0 -2 -4 -6 5 3 1 -1 -3 -5 6 4 2 0 -2 -4 -6 5 3 1 -1 -3 -5 6 4 2 0 -2 -4 -6 5 3 1 -1 -3 -5 6 4 2 0 -2 -4 -6 5 3 1 -1 -3 -5 6 4 2 0 -2 -4 -6 5 3 1 -1 -3 -5 6 4 2 0 -2 -4 -6 5 3 1 -1 -3 -5 6 4 2 0 -2 -4 -6 5 3 1 -1 -3 -5 6 4 2 0 -2 -4 -6 5 3 1 -1 -3 -5 6 4 2 0 -2 -4 -6 5 3 1 -1 -3 -5 6 4 2 0 -2 -4 -6 5 3 1 -1 -3 -5 6 4 2 0 -2 -4 -6 5 3 1 -1 -3 -5 6 4 2 0 -2 -4 -6 5 3 1 -1 -3 -5 6 4 2 0 -2 -4 -6 5 3 1 -1 -3 -5 6 4 2 0 -2 -4 -6 5 3 1 -1 -3 -5 6 4 2 0 -2 -4 -6 5 3 1 -1 -3 -5 6 4 2 0 -2 -4 -6 5 3 1 -1 -3 -5 6 4 2 0 -2 -4 -6 5 3 1 -1 -3 -5 6 4 2 0 -2 -4 -6 5 3 1 -1 -3 -5 6 4 2 0 -2 -4 -6 5 3 1 -1 -3 -5 6 4 2 0 -2 -4 -6 5 3 1 -1 -3 -5 6 4 2 0 -2 -4 -6 5 3 1 -1 -3 -5 6 4 2 0 -2 -4 -6 5 3 1 -1 -3 -5 6 4 2 0 -2 -4 -6 5 3 1 -1 -3 -5 6 4 2 0 -2 -4 -6 5 3 1 -1 -3 -5 6 4 2 0 -2 -4 -6 5 3 1 -1 -3 -5 6 4 2 0 -2 -4 -6 5 3 1 -1 -3 -5 6 4 2 0 -2 -4 -6 5 3 1 -1 -3 -5 6 4 2 0 -2 -4 -6 5 3 1 -1 -3 -5 6 4 2 0 -2 -4 -6 5 3 1 -1 -3 -5 6 4 2 0 -2 -4 -6 5 3 1 -1 -3 -5 6 4 2 0 -2 -4 -6 5 3 1 -1 -3 -5 6 4 2 0 -2 -4 -6 5 3 1 -1 -3 -5 6 4 2 0 -2 -4 -6 5 3 1 -1 -3 -5 6 4 2 0 -2 -4 -6 5 3 1 -1 -3 -5 6 4 2 0 -2 -4 -6 5 3 1 -1 -3 -5 6 4 2 0 -2 -4 -6
-2 -4 -6 5 3 1 -1 -3 -5 6 4 2 0 -2 -4 -6 5 3 1 -1 -3 -5 6 4 2 0 -2 -4 -6 5 3 1 -1 -3 -5 6 4 2 0 -2 -4 -6 5 3 1 -1 -3 -5 6 4 2 0 -2 -4 -6 5 3 1 -1 -3 -5 6 4 2 0 -2 -4 -6 5 3 1 -1 -3 -5 6 4 2 0 -2 -4 -6 5 3 1 -1 -3 -5 6 4 2 0 -2 -4 -6 5 3 1 -1 -3 -5 6 4 2 0 -2 -4 -6 5 3 1 -1 -3 -5 6 4 2 0 -2 -4 -6 5 3 1 -1 -3 -5 6 4 2 0 -2 -4 -6 5 3 1 -1 -3 -5 6 4 2 0 -2 -4 -6 5 3 1 -1 -3 -5 6 4 2 0 -2 -4 -6 5 3 1 -1 -3 -5 6 4 2 0 -2 -4 -6 5 3 1 -1 -3 -5 6 4 2 0 -2 -4 -6 5 3 1 -1 -3 -5 6 4 2 0 -2 -4 -6 5 3 1 -1 -3 -5 6 4 2 0 -2 -4 -6 5 3 1 -1 -3 -5 6 4 2 0 -2 -4 -6 5 3 1 -1 -3 -5 6 4 2 0 -2 -4 -6 5 3 1 -1 -3 -5 6 4 2 0 -2 -4 -6 5 3 1 -1 -3 -5 6 4 2 0 -2 -4 -6 5 3 1 -1 -3 -5 6 4 2 0 -2 -4 -6 5 3 1 -1 -3 -5 6 4 2 0 -2 -4 -6 5 3 1 -1 -3 -5 6 4 2 0 -2 -4 -6 5 3 1 -1 -3 -5 6 4 2 0 -2 -4 -6 5 3 1 -1 -3 -5 6 4 2 0 -2 -4 -6 5 3 1 -1 -3 -5 6 4 2 0 -2 -4 -6 5 3 1 -1 -3 -5 6 4 2 0 -2 -4 -6 5 3 1 -1 -3 -5 6 4 2 0 -2 -4 -6 5 3 1 -1 -3 -5 6 4 2 0 -2 -4 -6 5 3 1 -1 -3 -5 6 4 2 0 -2 -4 -6 5 3 1 -1 -3 -5 6 4 2 0 -2 -4 -6 5 3 1 -1 -3 -5 6 4 2 0 -2 -4 -6 5 3 1 -1 -3 -5 6 4 2 0 -2 -4 -6 5 3 1 -1 -3 -5 6 4 2 0 -2 -4 -6 5 3 1 -1 -3 -5 6 4 2 0 -2 -4 -6 5 3 1 -1 -3 -5 6 4 2 0 -2 -4 -6 5 3 1 -1 -3 -5 6 4 2 0 -2 -4 -6 5 3 1 -1 -3 -5 6 4 2 0 -2 -4 -6 5 3 1
5 3 1 -1 -3 -5 6 4 2 0 -2 -4 -6 5 3 1 -1 -3 -5 6 4 2 0 -2 -4 -6 5 3 1 -1 -3 -5 6 4 2 0 -2 -4 -6 5 3 1 -1 -3 -5 6 4 2 0 -2 -4 -6 5 3 1 -1 -3 -5 6 4 2 0 -2 -4 -6 5 3 1 -1 -3 -5 6 4 2 0 -2 -4 -6 5 3 1 -1 -3 -5 6 4 2 0 -2 -4 -6 5 3 1 -1 -3 -5 6 4 2 0 -2 -4 -6 5 3 1 -1 -3 -5 6 4 2 0 -2 -4 -6 5 3 1 -1 -3 -5 6 4 2 0 -2 -4 -6 5 3 1 -1 -3 -5 6 4 2 0 -2 -4 -6 5 3 1 -1 -3 -5 6 4 2 0 -2 -4 -6 5 3 1 -1 -3 -5 6 4 2 0 -2 -4 -6 5 3 1 -1 -3 -5 6 4 2 0 -2 -4 -6 5 3 1 -1 -3 -5 6 4 2 0 -2 -4 -6 5 3 1 -1 -3 -5 6 4 2 0 -2 -4 -6 5 3 1 -1 -3 -5 6 4 2 0 -2 -4 -6 5 3 1 -1 -3 -5 6 4 2 0 -2 -4 -6 5 3 1 -1 -3 -5 6 4 2 0 -2 -4 -6 5 3 1 -1 -3 -5 6 4 2 0 -2 -4 -6 5 3 1 -1 -3 -5 6 4 2 0 -2 -4 -6 5 3 1 -1 -3 -5 6 4 2 0 -2 -4 -6 5 3 1 -1 -3 -5 6 4 2 0 -2 -4 -6 5 3 1 -1 -3 -5 6 4 2 0 -2 -4 -6 5 3 1 -1 -3 -5 6 4 2 0 -2 -4 -6 5 3 1 -1 -3 -5 6 4 2 0 -2 -4 -6 5 3 1 -1 -3 -5 6 4 2 0 -2 -4 -6 5 3 1 -1 -3 -5 6 4 2 0 -2 -4 -6 5 3 1 -1 -3 -5 6 4 2 0 -2 -4 -6 5 3 1 -1 -3 -5 6 4 2 0 -2 -4 -6 5 3 1 -1 -3 -5 6 4 2 0 -2 -4 -6 5 3 1 -1 -3 -5 6 4 2 0 -2 -4 -6 5 3 1 -1 -3 -5 6 4 2 0 -2 -4 -6 5 3 1 -1 -3 -5 6 4 2 0 -2 -4 -6 5 3 1 -1 -3 -5 6 4 2 0 -2 -4 -6 5 3 1 -1 -3 -5 6 4 2 0 -2 -4 -6 5 3 1 -1 -3 -5 6 4 2 0 -2 -4 -6 5 3 1 -1 -3 -5 6 4 2 0 -2 -4 -6 5 3 1 -1 -3 -5
-1 -3 -5 6 4 2 0 -2 -4 -6 5 3 1 -1 -3 -5 6 4 2 0 -2 -4 -6 5 3 1 -1 -3 -5 6 4 2 0 -2 -4 -6 5 3 1 -1 -3 -5 6 4 2 0 -2 -4 -6 5 3 1 -1 -3 -5 6 4 2 0 -2 -4 -6 5 3 1 -1 -3 -5 6 4 2 0 -2 -4 -6 5 3 1 -1 -3 -5 6 4 2 0 -2 -4 -6 5 3 1 -1 -3 -5 6 4 2 0 -2 -4 -6 5 3 1 -1 -3 -5 6 4 2 0 -2 -4 -6 5 3 1 -1 -3 -5 6 4 2 0 -2 -4 -6 5 3 1 -1 -3 -5 6 4 2 0 -2 -4 -6 5 3 1 -1 -3 -5 6 4 2 0 -2 -4 -6 5 3 1 -1 -3 -5 6 4 2 0 -2 -4 -6 5 3 1 -1 -3 -5 6 4 2 0 -2 -4 -6 5 3 1 -1 -3 -5 6 4 2 0 -2 -4 -6 5 3 1 -1 -3 -5 6 4 2 0 -2 -4 -6 5 3 1 -1 -3 -5 6 4 2 0 -2 -4 -6 5 3 1 -1 -3 -5 6 4 2 0 -2 -4 -6 5 3 1 -1 -3 -5 6 4 2 0 -2 -4 -6 5 3 1 -1 -3 -5 6 4 2 0 -2 -4 -6 5 3 1 -1 -3 -5 6 4 2 0 -2 -4 -6 5 3 1 -1 -3 -5 6 4 2 0 -2 -4 -6 5 3 1 -1 -3 -5 6 4 2 0 -2 -4 -6 5 3 1 -1 -3 -5 6 4 2 0 -2 -4 -6 5 3 1 -1 -3 -5 6 4 2 0 -2 -4 -6 5 3 1 -1 -3 -5 6 4 2 0 -2 -4 -6 5 3 1 -1 -3 -5 6 4 2 0 -2 -4 -6 5 3 1 -1 -3 -5 6 4 2 0 -2 -4 -6 5 3 1 -1 -3 -5 6 4 2 0 -2 -4 -6 5 3 1 -1 -3 -5 6 4 2 0 -2 -4 -6 5 3 1 -1 -3 -5 6 4 2 0 -2 -4 -6 5 3 1 -1 -3 -5 6 4 2 0 -2 -4 -6 5 3 1 -1 -3 -5 6 4 2 0 -2 -4 -6 5 3 1 -1 -3 -5 6 4 2 0 -2 -4 -6 5 3 1 -1 -3 -5 6 4 2 0 -2 -4 -6 5 3 1 -1 -3 -5 6 4 2 0 -2 -4 -6 5 3 1 -1 -3 -5 6 4 2 0 -2 -4 -6 5 3 1 -1 -3 -5 6 4 2 0 -2 -4 -6 5 3 1 -1 -3 -5 6 4 2
6 4 2 0 -2 -4 -6 5 3 1 -1 -3 -5 6 4 2 0 -2 -4 -6 5 3 1 -1 -3 -5 6 4 2 0 -2 -4 -6 5 3 1 -1 -3 -5 6 4 2 0 -2 -4 -6 5 3 1 -1 -3 -5 6 4 2 0 -2 -4 -6 5 3 1 -1 -3 -5 6 4 2 0 -2 -4 -6 5 3 1 -1 -3 -5 6 4 2 0 -2 -4 -6 5 3 1 -1 -3 -5 6 4 2 0 -2 -4 -6 5 3 1 -1 -3 -5 6 4 2 0 -2 -4 -6 5 3 1 -1 -3 -5 6 4 2 0 -2 -4 -6 5 3 1 -1 -3 -5 6 4 2 0 -2 -4 -6 5 3 1 -1 -3 -5 6 4 2 0 -2 -4 -6 5 3 1 -1 -3 -5 6 4 2 0 -2 -4 -6 5 3 1 -1 -3 -5 6 4 2 0 -2 -4 -6 5 3 1 -1 -3 -5 6 4 2 0 -2 -4 -6 5 3 1 -1 -3 -5 6 4 2 0 -2 -4 -6 5 3 1 -1 -3 -5 6 4 2 0 -2 -4 -6 5 3 1 -1 -3 -5 6 4 2 0 -2 -4 -6 5 3 1 -1 -3 -5 6 4 2 0 -2 -4 -6 5 3 1 -1 -3 -5 6 4 2 0 -2 -4 -6 5 3 1 -1 -3 -5 6 4 2 0 -2 -4 -6 5 3 1 -1 -3 -5 6 4 2 0 -2 -4 -6 5 3 1 -1 -3 -5 6 4 2 0 -2 -4 -6 5 3 1 -1 -3 -5 6 4 2 0 -2 -4 -6 5 3 1 -1 -3 -5 6 4 2 0 -2 -4 -6 5 3 1 -1 -3 -5 6 4 2 0 -2 -4 -6 5 3 1 -1 -3 -5 6 4 2 0 -2 -4 -6 5 3 1 -1 -3 -5 6 4 2 0 -2 -4 -6 5 3 1 -1 -3 -5 6 4 2 0 -2 -4 -6 5 3 1 -1 -3 -5 6 4 2 0 -2 -4 -6 5 3 1 -1 -3 -5 6 4 2 0 -2 -4 -6 5 3 1 -1 -3 -5 6 4 2 0 -2 -4 -6 5 3 1 -1 -3 -5 6 4 2 0 -2 -4 -6 5 3 1 -1 -3 -5 6 4 2 0 -2 -4 -6 5 3 1 -1 -3 -5 6 4 2 0 -2 -4 -6 5 3 1 -1 -3 -5 6 4 2 0 -2 -4 -6 5 3 1 -1 -3 -5 6 4 2 0 -2 -4 -6 5 3 1 -1 -3 -5 6 4 2 0 -2 -4 -6 5 3 1 -1 -3 -5 6 4 2 0 -2 -4
0 -2 -4 -6 5 3 1 -1 -3 -5 6 4 2 0 -2 -4 -6 5 3 1 -1 -3 -5 6 4 2 0 -2 -4 -6 5 3 1 -1 -3 -5 6 4 2 0 -2 -4 -6 5 3 1 -1 -3 -5 6 4 2 0 -2 -4 -6 5 3 1 -1 -3 -5 6 4 2 0 -2 -4 -6 5 3 1 -1 -3 -5 6 4 2 0 -2 -4 -6 5 3 1 -1 -3 -5 6 4 2 0 -2 -4 -6 5 3 1 -1 -3 -5 6 4 2 0 -2 -4 -6 5 3 1 -1 -3 -5 6 4 2 0 -2 -4 -6 5 3 1 -1 -3 -5 6 4 2 0 -2 -4 -6 5 3 1 -1 -3 -5 6 4 2 0 -2 -4 -6 5 3 1 -1 -3 -5 6 4 2 0 -2 -4 -6 5 3 1 -1 -3 -5 6 4 2 0 -2 -4 -6 5 3 1 -1 -3 -5 6 4 2 0 -2 -4 -6 5 3 1 -1 -3 -5 6 4 2 0 -2 -4 -6 5 3 1 -1 -3 -5 6 4 2 0 -2 -4 -6 5 3 1 -1 -3 -5 6 4 2 0 -2 -4 -6 5 3 1 -1 -3 -5 6 4 2 0 -2 -4 -6 5 3 1 -1 -3 -5 6 4 2 0 -2 -4 -6 5 3 1 -1 -3 -5 6 4 2 0 -2 -4 -6 5 3 1 -1 -3 -5 6 4 2 0 -2 -4 -6 5 3 1 -1 -3 -5 6 4 2 0 -2 -4 -6 5 3 1 -1 -3 -5 6 4 2 0 -2 -4 -6 5 3 1 -1 -3 -5 6 4 2 0 -2 -4 -6 5 3 1 -1 -3 -5 6 4 2 0 -2 -4 -6 5 3 1 -1 -3 -5 6 4 2 0 -2 -4 -6 5 3 1 -1 -3 -5 6 4 2 0 -2 -4 -6 5 3 1 -1 -3 -5 6 4 2 0 -2 -4 -6 5 3 1 -1 -3 -5 6 4 2 0 -2 -4 -6 5 3 1 -1 -3 -5 6 4 2 0 -2 -4 -6 5 3 1 -1 -3 -5 6 4 2 0 -2 -4 -6 5 3 1 -1 -3 -5 6 4 2 0 -2 -4 -6 5 3 1 -1 -3 -5 6 4 2 0 -2 -4 -6 5 3 1 -1 -3 -5 6 4 2 0 -2 -4 -6 5 3 1 -1 -3 -5 6 4 2 0 -2 -4 -6 5 3 1 -1 -3 -5 6 4 2 0 -2 -4 -6 5 3 1 -1 -3 -5 6 4 2 0 -2 -4 -6 5 3 1 -1 -3 -5 6 4 2 0 -2 -4 -6 5 3
-6 5 3 1 -1 -3 -5 6 4 2 0 -2 -4 -6 5 3 1 -1 -3 -5 6 4 2 0 -2 -4 -6 5 3 1 -1 -3 -5 6 4 2 0 -2 -4 -6 5 3 1 -1 -3 -5 6 4 2 0 -2 -4 -6 5 3 1 -1 -3 -5 6 4 2 0 -2 -4 -6 5 3 1 -1 -3 -5 6 4 2 0 -2 -4 -6 5 3 1 -1 -3 -5 6 4 2 0 -2 -4 -6 5 3 1 -1 -3 -5 6 4 2 0 -2 -4 -6 5 3 1 -1 -3 -5 6 4 2 0 -2 -4 -6 5 3 1 -1 -3 -5 6 4 2 0 -2 -4 -6 5 3 1 -1 -3 -5 6 4 2 0 -2 -4 -6 5 3 1 -1 -3 -5 6 4 2 0 -2 -4 -6 5 3 1 -1 -3 -5 6 4 2 0 -2 -4 -6 5 3 1 -1 -3 -5 6 4 2 0 -2 -4 -6 5 3 1 -1 -3 -5 6 4 2 0 -2 -4 -6 5 3 1 -1 -3 -5 6 4 2 0 -2 -4 -6 5 3 1 -1 -3 -5 6 4 2 0 -2 -4 -6 5 3 1 -1 -3 -5 6 4 2 0 -2 -4 -6 5 3 1 -1 -3 -5 6 4 2 0 -2 -4 -6 5 3 1 -1 -3 -5 6 4 2 0 -2 -4 -6 5 3 1 -1 -3 -5 6 4 2 0 -2 -4 -6 5 3 1 -1 -3 -5 6 4 2 0 -2 -4 -6 5 3 1 -1 -3 -5 6 4 2 0 -2 -4 -6 5 3 1 -1 -3 -5 6 4 2 0 -2 -4 -6 5 3 1 -1 -3 -5 6 4 2 0 -2 -4 -6 5 3 1 -1 -3 -5 6 4 2 0 -2 -4 -6 5 3 1 -1 -3 -5 6 4 2 0 -2 -4 -6 5 3 1 -1 -3 -5 6 4 2 0 -2 -4 -6 5 3 1 -1 -3 -5 6 4 2 0 -2 -4 -6 5 3 1 -1 -3 -5 6 4 2 0 -2 -4 -6 5 3 1 -1 -3 -5 6 4 2 0 -2 -4 -6 5 3 1 -1 -3 -5 6 4 2 0 -2 -4 -6 5 3 1 -1 -3 -5 6 4 2 0 -2 -4 -6 5 3 1 -1 -3 -5 6 4 2 0 -2 -4 -6 5 3 1 -1 -3 -5 6 4 2 0 -2 -4 -6 5 3 1 -1 -3 -5 6 4 2 0 -2 -4 -6 5 3 1 -1 -3 -5 6 4 2 0 -2 -4 -6 5 3 1 -1 -3 -5 6 4 2 0 -2 -4 -6 5 3 1 -1 -3
1 -1 -3 -5 6 4 2 0 -2 -4 -6 5 3 1 -1 -3 -5 6 4 2 0 -2 -4 -6 5 3 1 -1 -3 -5 6 4 2 0 -2 -4 -6 5 3 1 -1 -3 -5 6 4 2 0 -2 -4 -6 5 3 1 -1 -3 -5 6 4 2 0 -2 -4 -6 5 3 1 -1 -3 -5 6 4 2 0 -2 -4 -6 5 3 1 -1 -3 -5 6 4 2 0 -2 -4 -6 5 3 1 -1 -3 -5 6 4 2 0 -2 -4 -6 5 3 1 -1 -3 -5 6 4 2 0 -2 -4 -6 5 3 1 -1 -3 -5 6 4 2 0 -2 -4 -6 5 3 1 -1 -3 -5 6 4 2 0 -2 -4 -6 5 3 1 -1 -3 -5 6 4 2 0 -2 -4 -6 5 3 1 -1 -3 -5 6 4 2 0 -2 -4 -6 5 3 1 -1 -3 -5 6 4 2 0 -2 -4 -6 5 3 1 -1 -3 -5 6 4 2 0 -2 -4 -6 5 3 1 -1 -3 -5 6 4 2 0 -2 -4 -6 5 3 1 -1 -3 -5 6 4 2 0 -2 -4 -6 5 3 1 -1 -3 -5 6 4 2 0 -2 -4 -6 5 3 1 -1 -3 -5 6 4 2 0 -2 -4 -6 5 3 1 -1 -3 -5 6 4 2 0 -2 -4 -6 5 3 1 -1 -3 -5 6 4 2 0 -2 -4 -6 5 3 1 -1 -3 -5 6 4 2 0 -2 -4 -6 5 3 1 -1 -3 -5 6 4 2 0 -2 -4 -6 5 3 1 -1 -3 -5 6 4 2 0 -2 -4 -6 5 3 1 -1 -3 -5 6 4 2 0 -2 -4 -6 5 3 1 -1 -3 -5 6 4 2 0 -2 -4 -6 5 3 1 -1 -3 -5 6 4 2 0 -2 -4 -6 5 3 1 -1 -3 -5 6 4 2 0 -2 -4 -6 5 3 1 -1 -3 -5 6 4 2 0 -2 -4 -6 5 3 1 -1 -3 -5 6 4 2 0 -2 -4 -6 5 3 1 -1 -3 -5 6 4 2 0 -2 -4 -6 5 3 1 -1 -3 -5 6 4 2 0 -2 -4 -6 5 3 1 -1 -3 -5 6 4 2 0 -2 -4 -6 5 3 1 -1 -3 -5 6 4 2 0 -2 -4 -6 5 3 1 -1 -3 -5 6 4 2 0 -2 -4 -6 5 3 1 -1 -3 -5 6 4 2 0 -2 -4 -6 5 3 1 -1 -3 -5 6 4 2 0 -2 -4 -6 5 3 1 -1 -3 -5 6 4 2 0 -2 -4 -6 5 3 1 -1 -3 -5 6 4
-5 6 4 2 0 -2 -4 -6 5 3 1 -1 -3 -5 6 4 2 0 -2 -4 -6 5 3 1 -1 -3 -5 6 4 2 0 -2 -4 -6 5 3 1 -1 -3 -5 6 4 2 0 -2 -4 -6 5 3 1 -1 -3 -5 6 4 2 0 -2 -4 -6 5 3 1 -1 -3 -5 6 4 2 0 -2 -4 -6 5 3 1 -1 -3 -5 6 4 2 0 -2 -4 -6 5 3 1 -1 -3 -5 6 4 2 0 -2 -4 -6 5 3 1 -1 -3 -5 6 4 2 0 -2 -4 -6 5 3 1 -1 -3 -5 6 4 2 0 -2 -4 -6 5 3 1 -1 -3 -5 6 4 2 0 -2 -4 -6 5 3 1 -1 -3 -5 6 4 2 0 -2 -4 -6 5 3 1 -1 -3 -5 6 4 2 0 -2 -4 -6 5 3 1 -1 -3 -5 6 4 2 0 -2 -4 -6 5 3 1 -1 -3 -5 6 4 2 0 -2 -4 -6 5 3 1 -1 -3 -5 6 4 2 0 -2 -4 -6 5 3 1 -1 -3 -5 6 4 2 0 -2 -4 -6 5 3 1 -1 -3 -5 6 4 2 0 -2 -4 -6 5 3 1 -1 -3 -5 6 4 2 0 -2 -4 -6 5 3 1 -1 -3 -5 6 4 2 0 -2 -4 -6 5 3 1 -1 -3 -5 6 4 2 0 -2 -4 -6 5 3 1 -1 -3 -5 6 4 2 0 -2 -4 -6 5 3 1 -1 -3 -5 6 4 2 0 -2 -4 -6 5 3 1 -1 -3 -5 6 4 2 0 -2 -4 -6 5 3 1 -1 -3 -5 6 4 2 0 -2 -4 -6 5 3 1 -1 -3 -5 6 4 2 0 -2 -4 -6 5 3 1 -1 -3 -5 6 4 2 0 -2 -4 -6 5 3 1 -1 -3 -5 6 4 2 0 -2 -4 -6 5 3 1 -1 -3 -5 6 4 2 0 -2 -4 -6 5 3 1 -1 -3 -5 6 4 2 0 -2 -4 -6 5 3 1 -1 -3 -5 6 4 2 0 -2 -4 -6 5 3 1 -1 -3 -5 6 4 2 0 -2 -4 -6 5 3 1 -1 -3 -5 6 4 2 0 -2 -4 -6 5 3 1 -1 -3 -5 6 4 2 0 -2 -4 -6 5 3 1 -1 -3 -5 6 4 2 0 -2 -4 -6 5 3 1 -1 -3 -5 6 4 2 0 -2 -4 -6 5 3 1 -1 -3 -5 6 4 2 0 -2 -4 -6 5 3 1 -1 -3 -5 6 4 2 0 -2 -4 -6 5 3 1 -1 -3 -5 6 4 2 0 -2
2 0 -2 -4 -6 5 3 1 -1 -3 -5 6 4 2 0 -2 -4 -6 5 3 1 -1 -3 -5 6 4 2 0 -2 -4 -6 5 3 1 -1 -3 -5 6 4 2 0 -2 -4 -6 5 3 1 -1 -3 -5 6 4 2 0 -2 -4 -6 5 3 1 -1 -3 -5 6 4 2 0 -2 -4 -6 5 3 1 -1 -3 -5 6 4 2 0 -2 -4 -6 5 3 1 -1 -3 -5 6 4 2 0 -2 -4 -6 5 3 1 -1 -3 -5 6 4 2 0 -2 -4 -6 5 3 1 -1 -3 -5 6 4 2 0 -2 -4 -6 5 3 1 -1 -3 -5 6 4 2 0 -2 -4 -6 5 3 1 -1 -3 -5 6 4 2 0 -2 -4 -6 5 3 1 -1 -3 -5 6 4 2 0 -2 -4 -6 5 3 1 -1 -3 -5 6 4 2 0 -2 -4 -6 5 3 1 -1 -3 -5 6 4 2 0 -2 -4 -6 5 3 1 -1 -3 -5 6 4 2 0 -2 -4 -6 5 3 1 -1 -3 -5 6 4 2 0 -2 -4 -6 5 3 1 -1 -3 -5 6 4 2 0 -2 -4 -6 5 3 1 -1 -3 -5 6 4 2 0 -2 -4 -6 5 3 1 -1 -3 -5 6 4 2 0 -2 -4 -6 5 3 1 -1 -3 -5 6 4 2 0 -2 -4 -6 5 3 1 -1 -3 -5 6 4 2 0 -2 -4 -6 5 3 1 -1 -3 -5 6 4 2 0 -2 -4 -6 5 3 1 -1 -3 -5 6 4 2 0 -2 -4 -6 5 3 1 -1 -3 -5 6 4 2 0 -2 -4 -6 5 3 1 -1 -3 -5 6 4 2 0 -2 -4 -6 5 3 1 -1 -3 -5 6 4 2 0 -2 -4 -6 5 3 1 -1 -3 -5 6 4 2 0 -2 -4 -6 5 3 1 -1 -3 -5 6 4 2 0 -2 -4 -6 5 3 1 -1 -3 -5 6 4 2 0 -2 -4 -6 5 3 1 -1 -3 -5 6 4 2 0 -2 -4 -6 5 3 1 -1 -3 -5 6 4 2 0 -2 -4 -6 5 3 1 -1 -3 -5 6 4 2 0 -2 -4 -6 5 3 1 -1 -3 -5 6 4 2 0 -2 -4 -6 5 3 1 -1 -3 -5 6 4 2 0 -2 -4 -6 5 3 1 -1 -3 -5 6 4 2 0 -2 -4 -6 5 3 1 -1 -3 -5 6 4 2 0 -2 -4 -6 5 3 1 -1 -3 -5 6 4 2 0 -2 -4 -6 5 3 1 -1 -3 -5 6 4 2 0 -2 -4 -6 5
-4 -6 5 3 1 -1 -3 -5 6 4 2 0 -2 -4 -6 5 3 1 -1 -3 -5 6 4 2 0 -2 -4 -6 5 3 1 -1 -3 -5 6 4 2 0 -2 -4 -6 5 3 1 -1 -3 -5 6 4 2 0 -2 -4 -6 5 3 1 -1 -3 -5 6 4 2 0 -2 -4 -6 5 3 1 -1 -3 -5 6 4 2 0 -2 -4 -6 5 3 1 -1 -3 -5 6 4 2 0 -2 -4 -6 5 3 1 -1 -3 -5 6 4 2 0 -2 -4 -6 5 3 1 -1 -3 -5 6 4 2 0 -2 -4 -6 5 3 1 -1 -3 -5 6 4 2 0 -2 -4 -6 5 3 1 -1 -3 -5 6 4 2 0 -2 -4 -6 5 3 1 -1 -3 -5 6 4 2 0 -2 -4 -6 5 3 1 -1 -3 -5 6 4 2 0 -2 -4 -6 5 3 1 -1 -3 -5 6 4 2 0 -2 -4 -6 5 3 1 -1 -3 -5 6 4 2 0 -2 -4 -6 5 3 1 -1 -3 -5 6 4 2 0 -2 -4 -6 5 3 1 -1 -3 -5 6 4 2 0 -2 -4 -6 5 3 1 -1 -3 -5 6 4 2 0 -2 -4 -6 5 3 1 -1 -3 -5 6 4 2 0 -2 -4 -6 5 3 1 -1 -3 -5 6 4 2 0 -2 -4 -6 5 3 1 -1 -3 -5 6 4 2 0 -2 -4 -6 5 3 1 -1 -3 -5 6 4 2 0 -2 -4 -6 5 3 1 -1 -3 -5 6 4 2 0 -2 -4 -6 5 3 1 -1 -3 -5 6 4 2 0 -2 -4 -6 5 3 1 -1 -3 -5 6 4 2 0 -2 -4 -6 5 3 1 -1 -3 -5 6 4 2 0 -2 -4 -6 5 3 1 -1 -3 -5 6 4 2 0 -2 -4 -6 5 3 1 -1 -3 -5 6 4 2 0 -2 -4 -6 5 3 1 -1 -3 -5 6 4 2 0 -2 -4 -6 5 3 1 -1 -3 -5 6 4 2 0 -2 -4 -6 5 3 1 -1 -3 -5 6 4 2 0 -2 -4 -6 5 3 1 -1 -3 -5 6 4 2 0 -2 -4 -6 5 3 1 -1 -3 -5 6 4 2 0 -2 -4 -6 5 3 1 -1 -3 -5 6 4 2 0 -2 -4 -6 5 3 1 -1 -3 -5 6 4 2 0 -2 -4 -6 5 3 1 -1 -3 -5 6 4 2 0 -2 -4 -6 5 3 1 -1 -3 -5 6 4 2 0 -2 -4 -6 5 3 1 -1 -3 -5 6 4 2 0 -2 -4 -6 5 3 1 -1
3 1 -1 -3 -5 6 4 2 0 -2 -4 -6 5 3 1 -1 -3 -5 6 4 2 0 -2 -4 -6 5 3 1 -1 -3 -5 6 4 2 0 -2 -4 -6 5 3 1 -1 -3 -5 6 4 2 0 -2 -4 -6 5 3 1 -1 -3 -5 6 4 2 0 -2 -4 -6 5 3 1 -1 -3 -5 6 4 2 0 -2 -4 -6 5 3 1 -1 -3 -5 6 4 2 0 -2 -4 -6 5 3 1 -1 -3 -5 6 4 2 0 -2 -4 -6 5 3 1 -1 -3 -5 6 4 2 0 -2 -4 -6 5 3 1 -1 -3 -5 6 4 2 0 -2 -4 -6 5 3 1 -1 -3 -5 6 4 2 0 -2 -4 -6 5 3 1 -1 -3 -5 6 4 2 0 -2 -4 -6 5 3 1 -1 -3 -5 6 4 2 0 -2 -4 -6 5 3 1 -1 -3 -5 6 4 2 0 -2 -4 -6 5 3 1 -1 -3 -5 6 4 2 0 -2 -4 -6 5 3 1 -1 -3 -5 6 4 2 0 -2 -4 -6 5 3 1 -1 -3 -5 6 4 2 0 -2 -4 -6 5 3 1 -1 -3 -5 6 4 2 0 -2 -4 -6 5 3 1 -1 -3 -5 6 4 2 0 -2 -4 -6 5 3 1 -1 -3 -5 6 4 2 0 -2 -4 -6 5 3 1 -1 -3 -5 6 4 2 0 -2 -4 -6 5 3 1 -1 -3 -5 6 4 2 0 -2 -4 -6 5 3 1 -1 -3 -5 6 4 2 0 -2 -4 -6 5 3 1 -1 -3 -5 6 4 2 0 -2 -4 -6 5 3 1 -1 -3 -5 6 4 2 0 -2 -4 -6 5 3 1 -1 -3 -5 6 4 2 0 -2 -4 -6 5 3 1 -1 -3 -5 6 4 2 0 -2 -4 -6 5 3 1 -1 -3 -5 6 4 2 0 -2 -4 -6 5 3 1 -1 -3 -5 6 4 2 0 -2 -4 -6 5 3 1 -1 -3 -5 6 4 2 0 -2 -4 -6 5 3 1 -1 -3 -5 6 4 2 0 -2 -4 -6 5 3 1 -1 -3 -5 6 4 2 0 -2 -4 -6 5 3 1 -1 -3 -5 6 4 2 0 -2 -4 -6 5 3 1 -1 -3 -5 6 4 2 0 -2 -4 -6 5 3 1 -1 -3 -5 6 4 2 0 -2 -4 -6 5 3 1 -1 -3 -5 6 4 2 0 -2 -4 -6 5 3 1 -1 -3 -5 6 4 2 0 -2 -4 -6 5 3 1 -1 -3 -5 6 4 2 0 -2 -4 -6 5 3 1 -1 -3 -5 6
-3 -5 6 4 2 0 -2 -4 -6 5 3 1 -1 -3 -5 6 4 2 0 -2 -4 -6 5 3 1 -1 -3 -5 6 4 2 0 -2 -4 -6 5 3 1 -1 -3 -5 6 4 2 0 -2 -4 -6 5 3 1 -1 -3 -5 6 4 2 0 -2 -4 -6 5 3 1 -1 -3 -5 6 4 2 0 -2 -4 -6 5 3 1 -1 -3 -5 6 4 2 0 -2 -4 -6 5 3 1 -1 -3 -5 6 4 2 0 -2 -4 -6 5 3 1 -1 -3 -5 6 4 2 0 -2 -4 -6 5 3 1 -1 -3 -5 6 4 2 0 -2 -4 -6 5 3 1 -1 -3 -5 6 4 2 0 -2 -4 -6 5 3 1 -1 -3 -5 6 4 2 0 -2 -4 -6 5 3 1 -1 -3 -5 6 4 2 0 -2 -4 -6 5 3 1 -1 -3 -5 6 4 2 0 -2 -4 -6 5 3 1 -1 -3 -5 6 4 2 0 -2 -4 -6 5 3 1 -1 -3 -5 6 4 2 0 -2 -4 -6 5 3 1 -1 -3 -5 6 4 2 0 -2 -4 -6 5 3 1 -1 -3 -5 6 4 2 0 -2 -4 -6 5 3 1 -1 -3 -5 6 4 2 0 -2 -4 -6 5 3 1 -1 -3 -5 6 4 2 0 -2 -4 -6 5 3 1 -1 -3 -5 6 4 2 0 -2 -4 -6 5 3 1 -1 -3 -5 6 4 2 0 -2 -4 -6 5 3 1 -1 -3 -5 6 4 2 0 -2 -4 -6 5 3 1 -1 -3 -5 6 4 2 0 -2 -4 -6 5 3 1 -1 -3 -5 6 4 2 0 -2 -4 -6 5 3 1 -1 -3 -5 6 4 2 0 -2 -4 -6 5 3 1 -1 -3 -5 6 4 2 0 -2 -4 -6 5 3 1 -1 -3 -5 6 4 2 0 -2 -4 -6 5 3 1 -1 -3 -5 6 4 2 0 -2 -4 -6 5 3 1 -1 -3 -5 6 4 2 0 -2 -4 -6 5 3 1 -1 -3 -5 6 4 2 0 -2 -4 -6 5 3 1 -1 -3 -5 6 4 2 0 -2 -4 -6 5 3 1 -1 -3 -5 6 4 2 0 -2 -4 -6 5 3 1 -1 -3 -5 6 4 2 0 -2 -4 -6 5 3 1 -1 -3 -5 6 4 2 0 -2 -4 -6 5 3 1 -1 -3 -5 6 4 2 0 -2 -4 -6 5 3 1 -1 -3 -5 6 4 2 0 -2 -4 -6 5 3 1 -1 -3 -5 6 4 2 0 -2 -4 -6 5 3 1 -1 -3 -5 6 4 2 0
4 2 0 -2 -4 -6 5 3 1 -1 -3 -5 6 4 2 0 -2 -4 -6 5 3 1 -1 -3 -5 6 4 2 0 -2 -4 -6 5 3 1 -1 -3 -5 6 4 2 0 -2 -4 -6 5 3 1 -1 -3 -5 6 4 2 0 -2 -4 -6 5 3 1 -1 -3 -5 6 4 2 0 -2 -4 -6 5 3 1 -1 -3 -5 6 4 2 0 -2 -4 -6 5 3 1 -1 -3 -5 6 4 2 0 -2 -4 -6 5 3 1 -1 -3 -5 6 4 2 0 -2 -4 -6 5 3 1 -1 -3 -5 6 4 2 0 -2 -4 -6 5 3 1 -1 -3 -5 6 4 2 0 -2 -4 -6 5 3 1 -1 -3 -5 6 4 2 0 -2 -4 -6 5 3 1 -1 -3 -5 6 4 2 0 -2 -4 -6 5 3 1 -1 -3 -5 6 4 2 0 -2 -4 -6 5 3 1 -1 -3 -5 6 4 2 0 -2 -4 -6 5 3 1 -1 -3 -5 6 4 2 0 -2 -4 -6 5 3 1 -1 -3 -5 6 4 2 0 -2 -4 -6 5 3 1 -1 -3 -5 6 4 2 0 -2 -4 -6 5 3 1 -1 -3 -5 6 4 2 0 -2 -4 -6 5 3 1 -1 -3 -5 6 4 2 0 -2 -4 -6 5 3 1 -1 -3 -5 6 4 2 0 -2 -4 -6 5 3 1 -1 -3 -5 6 4 2 0 -2 -4 -6 5 3 1 -1 -3 -5 6 4 2 0 -2 -4 -6 5 3 1 -1 -3 -5 6 4 2 0 -2 -4 -6 5 3 1 -1 -3 -5 6 4 2 0 -2 -4 -6 5 3 1 -1 -3 -5 6 4 2 0 -2 -4 -6 5 3 1 -1 -3 -5 6 4 2 0 -2 -4 -6 5 3 1 -1 -3 -5 6 4 2 0 -2 -4 -6 5 3 1 -1 -3 -5 6 4 2 0 -2 -4 -6 5 3 1 -1 -3 -5 6 4 2 0 -2 -4 -6 5 3 1 -1 -3 -5 6 4 2 0 -2 -4 -6 5 3 1 -1 -3 -5 6 4 2 0 -2 -4 -6 5 3 1 -1 -3 -5 6 4 2 0 -2 -4 -6 5 3 1 -1 -3 -5 6 4 2 0 -2 -4 -6 5 3 1 -1 -3 -5 6 4 2 0 -2 -4 -6 5 3 1 -1 -3 -5 6 4 2 0 -2 -4 -6 5 3 1 -1 -3 -5 6 4 2 0 -2 -4 -6 5 3 1 -1 -3 -5 6 4 2 0 -2 -4 -6 5 3 1 -1 -3 -5 6 4 2 0 -2 -4 -6
-2 -4 -6 5 3 1 -1 -3 -5 6 4 2 0 -2 -4 -6 5 3 1 -1 -3 -5 6 4 2 0 -2 -4 -6 5 3 1 -1 -3 -5 6 4 2 0 -2 -4 -6 5 3 1 -1 -3 -5 6 4 2 0 -2 -4 -6 5 3 1 -1 -3 -5 6 4 2 0 -2 -4 -6 5 3 1 -1 -3 -5 6 4 2 0 -2 -4 -6 5 3 1 -1 -3 -5 6 4 2 0 -2 -4 -6 5 3 1 -1 -3 -5 6 4 2 0 -2 -4 -6 5 3 1 -1 -3 -5 6 4 2 0 -2 -4 -6 5 3 1 -1 -3 -5 6 4 2 0 -2 -4 -6 5 3 1 -1 -3 -5 6 4 2 0 -2 -4 -6 5 3 1 -1 -3 -5 6 4 2 0 -2 -4 -6 5 3 1 -1 -3 -5 6 4 2 0 -2 -4 -6 5 3 1 -1 -3 -5 6 4 2 0 -2 -4 -6 5 3 1 -1 -3 -5 6 4 2 0 -2 -4 -6 5 3 1 -1 -3 -5 6 4 2 0 -2 -4 -6 5 3 1 -1 -3 -5 6 4 2 0 -2 -4 -6 5 3 1 -1 -3 -5 6 4 2 0 -2 -4 -6 5 3 1 -1 -3 -5 6 4 2 0 -2 -4 -6 5 3 1 -1 -3 -5 6 4 2 0 -2 -4 -6 5 3 1 -1 -3 -5 6 4 2 0 -2 -4 -6 5 3 1 -1 -3 -5 6 4 2 0 -2 -4 -6 5 3 1 -1 -3 -5 6 4 2 0 -2 -4 -6 5 3 1 -1 -3 -5 6 4 2 0 -2 -4 -6 5 3 1 -1 -3 -5 6 4 2 0 -2 -4 -6 5 3 1 -1 -3 -5 6 4 2 0 -2 -4 -6 5 3 1 -1 -3 -5 6 4 2 0 -2 -4 -6 5 3 1 -1 -3 -5 6 4 2 0 -2 -4 -6 5 3 1 -1 -3 -5 6 4 2 0 -2 -4 -6 5 3 1 -1 -3 -5 6 4 2 0 -2 -4 -6 5 3 1 -1 -3 -5 6 4 2 0 -2 -4 -6 5 3 1 -1 -3 -5 6 4 2 0 -2 -4 -6 5 3 1 -1 -3 -5 6 4 2 0 -2 -4 -6 5 3 1 -1 -3 -5 6 4 2 0 -2 -4 -6 5 3 1 -1 -3 -5 6 4 2 0 -2 -4 -6 5 3 1 -1 -3 -5 6 4 2 0 -2 -4 -6 5 3 1 -1 -3 -5 6 4 2 0 -2 -4 -6 5 3 1 -1 -3 -5 6 4 2 0 -2 -4 -6 5 3 1
5 3 1 -1 -3 -5 6 4 2 0 -2 -4 -6 5 3 1 -1 -3 -5 6 4 2 0 -2 -4 -6 5 3 1 -1 -3 -5 6 4 2 0 -2 -4 -6 5 3 1 -1 -3 -5 6 4 2 0 -2 -4 -6 5 3 1 -1 -3 -5 6 4 2 0 -2 -4 -6 5 3 1 -1 -3 -5 6 4 2 0 -2 -4 -6 5 3 1 -1 -3 -5 6 4 2 0 -2 -4 -6 5 3 1 -1 -3 -5 6 4 2 0 -2 -4 -6 5 3 1 -1 -3 -5 6 4 2 0 -2 -4 -6 5 3 1 -1 -3 -5 6 4 2 0 -2 -4 -6 5 3 1 -1 -3 -5 6 4 2 0 -2 -4 -6 5 3 1 -1 -3 -5 6 4 2 0 -2 -4 -6 5 3 1 -1 -3 -5 6 4 2 0 -2 -4 -6 5 3 1 -1 -3 -5 6 4 2 0 -2 -4 -6 5 3 1 -1 -3 -5 6 4 2 0 -2 -4 -6 5 3 1 -1 -3 -5 6 4 2 0 -2 -4 -6 5 3 1 -1 -3 -5 6 4 2 0 -2 -4 -6 5 3 1 -1 -3 -5 6 4 2 0 -2 -4 -6 5 3 1 -1 -3 -5 6 4 2 0 -2 -4 -6 5 3 1 -1 -3 -5 6 4 2 0 -2 -4 -6 5 3 1 -1 -3 -5 6 4 2 0 -2 -4 -6 5 3 1 -1 -3 -5 6 4 2 0 -2 -4 -6 5 3 1 -1 -3 -5 6 4 2 0 -2 -4 -6 5 3 1 -1 -3 -5 6 4 2 0 -2 -4 -6 5 3 1 -1 -3 -5 6 4 2 0 -2 -4 -6 5 3 1 -1 -3 -5 6 4 2 0 -2 -4 -6 5 3 1 -1 -3 -5 6 4 2 0 -2 -4 -6 5 3 1 -1 -3 -5 6 4 2 0 -2 -4 -6 5 3 1 -1 -3 -5 6 4 2 0 -2 -4 -6 5 3 1 -1 -3 -5 6 4 2 0 -2 -4 -6 5 3 1 -1 -3 -5 6 4 2 0 -2 -4 -6 5 3 1 -1 -3 -5 6 4 2 0 -2 -4 -6 5 3 1 -1 -3 -5 6 4 2 0 -2 -4 -6 5 3 1 -1 -3 -5 6 4 2 0 -2 -4 -6 5 3 1 -1 -3 -5 6 4 2 0 -2 -4 -6 5 3 1 -1 -3 -5 6 4 2 0 -2 -4 -6 5 3 1 -1 -3 -5 6 4 2 0 -2 -4 -6 5 3 1 -1 -3 -5 6 4 2 0 -2 -4 -6 5 3 1 -1 -3 -5
-1 -3 -5 6 4 2 0 -2 -4 -6 5 3 1 -1 -3 -5 6 4 2 0 -2 -4 -6 5 3 1 -1 -3 -5 6 4 2 0 -2 -4 -6 5 3 1 -1 -3 -5 6 4 2 0 -2 -4 -6 5 3 1 -1 -3 -5 6 4 2 0 -2 -4 -6 5 3 1 -1 -3 -5 6 4 2 0 -2 -4 -6 5 3 1 -1 -3 -5 6 4 2 0 -2 -4 -6 5 3 1 -1 -3 -5 6 4 2 0 -2 -4 -6 5 3 1 -1 -3 -5 6 4 2 0 -2 -4 -6 5 3 1 -1 -3 -5 6 4 2 0 -2 -4 -6 5 3 1 -1 -3 -5 6 4 2 0 -2 -4 -6 5 3 1 -1 -3 -5 6 4 2 0 -2 -4 -6 5 3 1 -1 -3 -5 6 4 2 0 -2 -4 -6 5 3 1 -1 -3 -5 6 4 2 0 -2 -4 -6 5 3 1 -1 -3 -5 6 4 2 0 -2 -4 -6 5 3 1 -1 -3 -5 6 4 2 0 -2 -4 -6 5 3 1 -1 -3 -5 6 4 2 0 -2 -4 -6 5 3 1 -1 -3 -5 6 4 2 0 -2 -4 -6 5 3 1 -1 -3 -5 6 4 2 0 -2 -4 -6 5 3 1 -1 -3 -5 6 4 2 0 -2 -4 -6 5 3 1 -1 -3 -5 6 4 2 0 -2 -4 -6 5 3 1 -1 -3 -5 6 4 2 0 -2 -4 -6 5 3 1 -1 -3 -5 6 4 2 0 -2 -4 -6 5 3 1 -1 -3 -5 6 4 2 0 -2 -4 -6 5 3 1 -1 -3 -5 6 4 2 0 -2 -4 -6 5 3 1 -1 -3 -5 6 4 2 0 -2 -4 -6 5 3 1 -1 -3 -5 6 4 2 0 -2 -4 -6 5 3 1 -1 -3 -5 6 4 2 0 -2 -4 -6 5 3 1 -1 -3 -5 6 4 2 0 -2 -4 -6 5 3 1 -1 -3 -5 6 4 2 0 -2 -4 -6 5 3 1 -1 -3 -5 6 4 2 0 -2 -4 -6 5 3 1 -1 -3 -5 6 4 2 0 -2 -4 -6 5 3 1 -1 -3 -5 6 4 2 0 -2 -4 -6 5 3 1 -1 -3 -5 6 4 2 0 -2 -4 -6 5 3 1 -1 -3 -5 6 4 2 0 -2 -4 -6 5 3 1 -1 -3 -5 6 4 2 0 -2 -4 -6 5 3 1 -1 -3 -5 6 4 2 0 -2 -4 -6 5 3 1 -1 -3 -5 6 4 2 0 -2 -4 -6 5 3 1 -1 -3 -5 6 4 2
6 4 2 0 -2 -4 -6 5 3 1 -1 -3 -5 6 4 2 0 -2 -4 -6 5 3 1 -1 -3 -5 6 4 2 0 -2 -4 -6 5 3 1 -1 -3 -5 6 4 2 0 -2 -4 -6 5 3 1 -1 -3 -5 6 4 2 0 -2 -4 -6 5 3 1 -1 -3 -5 6 4 2 0 -2 -4 -6 5 3 1 -1 -3 -5 6 4 2 0 -2 -4 -6 5 3 1 -1 -3 -5 6 4 2 0 -2 -4 -6 5 3 1 -1 -3 -5 6 4 2 0 -2 -4 -6 5 3 1 -1 -3 -5 6 4 2 0 -2 -4 -6 5 3 1 -1 -3 -5 6 4 2 0 -2 -4 -6 5 3 1 -1 -3 -5 6 4 2 0 -2 -4 -6 5 3 1 -1 -3 -5 6 4 2 0 -2 -4 -6 5 3 1 -1 -3 -5 6 4 2 0 -2 -4 -6 5 3 1 -1 -3 -5 6 4 2 0 -2 -4 -6 5 3 1 -1 -3 -5 6 4 2 0 -2 -4 -6 5 3 1 -1 -3 -5 6 4 2 0 -2 -4 -6 5 3 1 -1 -3 -5 6 4 2 0 -2 -4 -6 5 3 1 -1 -3 -5 6 4 2 0 -2 -4 -6 5 3 1 -1 -3 -5 6 4 2 0 -2 -4 -6 5 3 1 -1 -3 -5 6 4 2 0 -2 -4 -6 5 3 1 -1 -3 -5 6 4 2 0 -2 -4 -6 5 3 1 -1 -3 -5 6 4 2 0 -2 -4 -6 5 3 1 -1 -3 -5 6 4 2 0 -2 -4 -6 5 3 1 -1 -3 -5 6 4 2 0 -2 -4 -6 5 3 1 -1 -3 -5 6 4 2 0 -2 -4 -6 5 3 1 -1 -3 -5 6 4 2 0 -2 -4 -6 5 3 1 -1 -3 -5 6 4 2 0 -2 -4 -6 5 3 1 -1 -3 -5 6 4 2 0 -2 -4 -6 5 3 1 -1 -3 -5 6 4 2 0 -2 -4 -6 5 3 1 -1 -3 -5 6 4 2 0 -2 -4 -6 5 3 1 -1 -3 -5 6 4 2 0 -2 -4 -6 5 3 1 -1 -3 -5 6 4 2 0 -2 -4 -6 5 3 1 -1 -3 -5 6 4 2 0 -2 -4 -6 5 3 1 -1 -3 -5 6 4 2 0 -2 -4 -6 5 3 1 -1 -3 -5 6 4 2 0 -2 -4 -6 5 3 1 -1 -3 -5 6 4 2 0 -2 -4 -6 5 3 1 -1 -3 -5 6 4 2 0 -2 -4 -6 5 3 1 -1 -3 -5 6 4 2 0 -2 -4
0 -2 -4 -6 5 3 1 -1 -3 -5 6 4 2 0 -2 -4 -6 5 3 1 -1 -3 -5 6 4 2 0 -2 -4 -6 5 3 1 -1 -3 -5 6 4 2 0 -2 -4 -6 5 3 1 -1 -3 -5 6 4 2 0 -2 -4 -6 5 3 1 -1 -3 -5 6 4 2 0 -2 -4 -6 5 3 1 -1 -3 -5 6 4 2 0 -2 -4 -6 5 3 1 -1 -3 -5 6 4 2 0 -2 -4 -6 5 3 1 -1 -3 -5 6 4 2 0 -2 -4 -6 5 3 1 -1 -3 -5 6 4 2 0 -2 -4 -6 5 3 1 -1 -3 -5 6 4 2 0 -2 -4 -6 5 3 1 -1 -3 -5 6 4 2 0 -2 -4 -6 5 3 1 -1 -3 -5 6 4 2 0 -2 -4 -6 5 3 1 -1 -3 -5 6 4 2 0 -2 -4 -6 5 3 1 -1 -3 -5 6 4 2 0 -2 -4 -6 5 3 1 -1 -3 -5 6 4 2 0 -2 -4 -6 5 3 1 -1 -3 -5 6 4 2 0 -2 -4 -6 5 3 1 -1 -3 -5 6 4 2 0 -2 -4 -6 5 3 1 -1 -3 -5 6 4 2 0 -2 -4 -6 5 3 1 -1 -3 -5 6 4 2 0 -2 -4 -6 5 3 1 -1 -3 -5 6 4 2 0 -2 -4 -6 5 3 1 -1 -3 -5 6 4 2 0 -2 -4 -6 5 3 1 -1 -3 -5 6 4 2 0 -2 -4 -6 5 3 1 -1 -3 -5 6 4 2 0 -2 -4 -6 5 3 1 -1 -3 -5 6 4 2 0 -2 -4 -6 5 3 1 -1 -3 -5 6 4 2 0 -2 -4 -6 5 3 1 -1 -3 -5 6 4 2 0 -2 -4 -6 5 3 1 -1 -3 -5 6 4 2 0 -2 -4 -6 5 3 1 -1 -3 -5 6 4 2 0 -2 -4 -6 5 3 1 -1 -3 -5 6 4 2 0 -2 -4 -6 5 3 1 -1 -3 -5 6 4 2 0 -2 -4 -6 5 3 1 -1 -3 -5 6 4 2 0 -2 -4 -6 5 3 1 -1 -3 -5 6 4 2 0 -2 -4 -6 5 3 1 -1 -3 -5 6 4 2 0 -2 -4 -6 5 3 1 -1 -3 -5 6 4 2 0 -2 -4 -6 5 3 1 -1 -3 -5 6 4 2 0 -2 -4 -6 5 3 1 -1 -3 -5 6 4 2 0 -2 -4 -6 5 3 1 -1 -3 -5 6 4 2 0 -2 -4 -6 5 3 1 -1 -3 -5 6 4 2 0 -2 -4 -6 5 3
-6 5 3 1 -1 -3 -5 6 4 2 0 -2 -4 -6 5 3 1 -1 -3 -5 6 4 2 0 -2 -4 -6 5 3 1 -1 -3 -5 6 4 2 0 -2 -4 -6 5 3 1 -1 -3 -5 6 4 2 0 -2 -4 -6 5 3 1 -1 -3 -5 6 4 2 0 -2 -4 -6 5 3 1 -1 -3 -5 6 4 2 0 -2 -4 -6 5 3 1 -1 -3 -5 6 4 2 0 -2 -4 -6 5 3 1 -1 -3 -5 6 4 2 0 -2 -4 -6 5 3 1 -1 -3 -5 6 4 2 0 -2 -4 -6 5 3 1 -1 -3 -5 6 4 2 0 -2 -4 -6 5 3 1 -1 -3 -5 6 4 2 0 -2 -4 -6 5 3 1 -1 -3 -5 6 4 2 0 -2 -4 -6 5 3 1 -1 -3 -5 6 4 2 0 -2 -4 -6 5 3 1 -1 -3 -5 6 4 2 0 -2 -4 -6 5 3 1 -1 -3 -5 6 4 2 0 -2 -4 -6 5 3 1 -1 -3 -5 6 4 2 0 -2 -4 -6 5 3 1 -1 -3 -5 6 4 2 0 -2 -4 -6 5 3 1 -1 -3 -5 6 4 2 0 -2 -4 -6 5 3 1 -1 -3 -5 6 4 2 0 -2 -4 -6 5 3 1 -1 -3 -5 6 4 2 0 -2 -4 -6 5 3 1 -1 -3 -5 6 4 2 0 -2 -4 -6 5 3 1 -1 -3 -5 6 4 2 0 -2 -4 -6 5 3 1 -1 -3 -5 6 4 2 0 -2 -4 -6 5 3 1 -1 -3 -5 6 4 2 0 -2 -4 -6 5 3 1 -1 -3 -5 6 4 2 0 -2 -4 -6 5 3 1 -1 -3 -5 6 4 2 0 -2 -4 -6 5 3 1 -1 -3 -5 6 4 2 0 -2 -4 -6 5 3 1 -1 -3 -5 6 4 2 0 -2 -4 -6 5 3 1 -1 -3 -5 6 4 2 0 -2 -4 -6 5 3 1 -1 -3 -5 6 4 2 0 -2 -4 -6 5 3 1 -1 -3 -5 6 4 2 0 -2 -4 -6 5 3 1 -1 -3 -5 6 4 2 0 -2 -4 -6 5 3 1 -1 -3 -5 6 4 2 0 -2 -4 -6 5 3 1 -1 -3 -5 6 4 2 0 -2 -4 -6 5 3 1 -1 -3 -5 6 4 2 0 -2 -4 -6 5 3 1 -1 -3 -5 6 4 2 0 -2 -4 -6 5 3 1 -1 -3 -5 6 4 2 0 -2 -4 -6 5 3 1 -1 -3 -5 6 4 2 0 -2 -4 -6 5 3 1 -1 -3
1 -1 -3 -5 6 4 2 0 -2 -4 -6 5 3 1 -1 -3 -5 6 4 2 0 -2 -4 -6 5 3 1 -1 -3 -5 6 4 2 0 -2 -4 -6 5 3 1 -1 -3 -5 6 4 2 0 -2 -4 -6 5 3 1 -1 -3 -5 6 4 2 0 -2 -4 -6 5 3 1 -1 -3 -5 6 4 2 0 -2 -4 -6 5 3 1 -1 -3 -5 6 4 2 0 -2 -4 -6 5 3 1 -1 -3 -5 6 4 2 0 -2 -4 -6 5 3 1 -1 -3 -5 6 4 2 0 -2 -4 -6 5 3 1 -1 -3 -5 6 4 2 0 -2 -4 -6 5 3 1 -1 -3 -5 6 4 2 0 -2 -4 -6 5 3 1 -1 -3 -5 6 4 2 0 -2 -4 -6 5 3 1 -1 -3 -5 6 4 2 0 -2 -4 -6 5 3 1 -1 -3 -5 6 4 2 0 -2 -4 -6 5 3 1 -1 -3 -5 6 4 2 0 -2 -4 -6 5 3 1 -1 -3 -5 6 4 2 0 -2 -4 -6 5 3 1 -1 -3 -5 6 4 2 0 -2 -4 -6 5 3 1 -1 -3 -5 6 4 2 0 -2 -4 -6 5 3 1 -1 -3 -5 6 4 2 0 -2 -4 -6 5 3 1 -1 -3 -5 6 4 2 0 -2 -4 -6 5 3 1 -1 -3 -5 6 4 2 0 -2 -4 -6 5 3 1 -1 -3 -5 6 4 2 0 -2 -4 -6 5 3 1 -1 -3 -5 6 4 2 0 -2 -4 -6 5 3 1 -1 -3 -5 6 4 2 0 -2 -4 -6 5 3 1 -1 -3 -5 6 4 2 0 -2 -4 -6 5 3 1 -1 -3 -5 6 4 2 0 -2 -4 -6 5 3 1 -1 -3 -5 6 4 2 0 -2 -4 -6 5 3 1 -1 -3 -5 6 4 2 0 -2 -4 -6 5 3 1 -1 -3 -5 6 4 2 0 -2 -4 -6 5 3 1 -1 -3 -5 6 4 2 0 -2 -4 -6 5 3 1 -1 -3 -5 6 4 2 0 -2 -4 -6 5 3 1 -1 -3 -5 6 4 2 0 -2 -4 -6 5 3 1 -1 -3 -5 6 4 2 0 -2 -4 -6 5 3 1 -1 -3 -5 6 4 2 0 -2 -4 -6 5 3 1 -1 -3 -5 6 4 2 0 -2 -4 -6 5 3 1 -1 -3 -5 6 4 2 0 -2 -4 -6 5 3 1 -1 -3 -5 6 4 2 0 -2 -4 -6 5 3 1 -1 -3 -5 6 4 2 0 -2 -4 -6 5 3 1 -1 -3 -5 6 4
-5 6 4 2 0 -2 -4 -6 5 3 1 -1 -3 -5 6 4 2 0 -2 -4 -6 5 3 1 -1 -3 -5 6 4 2 0 -2 -4 -6 5 3 1 -1 -3 -5 6 4 2 0 -2 -4 -6 5 3 1 -1 -3 -5 6 4 2 0 -2 -4 -6 5 3 1 -1 -3 -5 6 4 2 0 -2 -4 -6 5 3 1 -1 -3 -5 6 4 2 0 -2 -4 -6 5 3 1 -1 -3 -5 6 4 2 0 -2 -4 -6 5 3 1 -1 -3 -5 6 4 2 0 -2 -4 -6 5 3 1 -1 -3 -5 6 4 2 0 -2 -4 -6 5 3 1 -1 -3 -5 6 4 2 0 -2 -4 -6 5 3 1 -1 -3 -5 6 4 2 0 -2 -4 -6 5 3 1 -1 -3 -5 6 4 2 0 -2 -4 -6 5 3 1 -1 -3 -5 6 4 2 0 -2 -4 -6 5 3 1 -1 -3 -5 6 4 2 0 -2 -4 -6 5 3 1 -1 -3 -5 6 4 2 0 -2 -4 -6 5 3 1 -1 -3 -5 6 4 2 0 -2 -4 -6 5 3 1 -1 -3 -5 6 4 2 0 -2 -4 -6 5 3 1 -1 -3 -5 6 4 2 0 -2 -4 -6 5 3 1 -1 -3 -5 6 4 2 0 -2 -4 -6 5 3 1 -1 -3 -5 6 4 2 0 -2 -4 -6 5 3 1 -1 -3 -5 6 4 2 0 -2 -4 -6 5 3 1 -1 -3 -5 6 4 2 0 -2 -4 -6 5 3 1 -1 -3 -5 6 4 2 0 -2 -4 -6 5 3 1 -1 -3 -5 6 4 2 0 -2 -4 -6 5 3 1 -1 -3 -5 6 4 2 0 -2 -4 -6 5 3 1 -1 -3 -5 6 4 2 0 -2 -4 -6 5 3 1 -1 -3 -5 6 4 2 0 -2 -4 -6 5 3 1 -1 -3 -5 6 4 2 0 -2 -4 -6 5 3 1 -1 -3 -5 6 4 2 0 -2 -4 -6 5 3 1 -1 -3 -5 6 4 2 0 -2 -4 -6 5 3 1 -1 -3 -5 6 4 2 0 -2 -4 -6 5 3 1 -1 -3 -5 6 4 2 0 -2 -4 -6 5 3 1 -1 -3 -5 6 4 2 0 -2 -4 -6 5 3 1 -1 -3 -5 6 4 2 0 -2 -4 -6 5 3 1 -1 -3 -5 6 4 2 0 -2 -4 -6 5 3 1 -1 -3 -5 6 4 2 0 -2 -4 -6 5 3 1 -1 -3 -5 6 4 2 0 -2 -4 -6 5 3 1 -1 -3 -5 6 4 2 0 -2
2 0 -2 -4 -6 5 3 1 -1 -3 -5 6 4 2 0 -2 -4 -6 5 3 1 -1 -3 -5 6 4 2 0 -2 -4 -6 5 3 1 -1 -3 -5 6 4 2 0 -2 -4 -6 5 3 1 -1 -3 -5 6 4 2 0 -2 -4 -6 5 3 1 -1 -3 -5 6 4 2 0 -2 -4 -6 5 3 1 -1 -3 -5 6 4 2 0 -2 -4 -6 5 3 1 -1 -3 -5 6 4 2 0 -2 -4 -6 5 3 1 -1 -3 -5 6 4 2 0 -2 -4 -6 5 3 1 -1 -3 -5 6 4 2 0 -2 -4 -6 5 3 1 -1 -3 -5 6 4 2 0 -2 -4 -6 5 3 1 -1 -3 -5 6 4 2 0 -2 -4 -6 5 3 1 -1 -3 -5 6 4 2 0 -2 -4 -6 5 3 1 -1 -3 -5 6 4 2 0 -2 -4 -6 5 3 1 -1 -3 -5 6 4 2 0 -2 -4 -6 5 3 1 -1 -3 -5 6 4 2 0 -2 -4 -6 5 3 1 -1 -3 -5 6 4 2 0 -2 -4 -6 5 3 1 -1 -3 -5 6 4 2 0 -2 -4 -6 5 3 1 -1 -3 -5 6 4 2 0 -2 -4 -6 5 3 1 -1 -3 -5 6 4 2 0 -2 -4 -6 5 3 1 -1 -3 -5 6 4 2 0 -2 -4 -6 5 3 1 -1 -3 -5 6 4 2 0 -2 -4 -6 5 3 1 -1 -3 -5 6 4 2 0 -2 -4 -6 5 3 1 -1 -3 -5 6 4 2 0 -2 -4 -6 5 3 1 -1 -3 -5 6 4 2 0 -2 -4 -6 5 3 1 -1 -3 -5 6 4 2 0 -2 -4 -6 5 3 1 -1 -3 -5 6 4 2 0 -2 -4 -6 5 3 1 -1 -3 -5 6 4 2 0 -2 -4 -6 5 3 1 -1 -3 -5 6 4 2 0 -2 -4 -6 5 3 1 -1 -3 -5 6 4 2 0 -2 -4 -6 5 3 1 -1 -3 -5 6 4 2 0 -2 -4 -6 5 3 1 -1 -3 -5 6 4 2 0 -2 -4 -6 5 3 1 -1 -3 -5 6 4 2 0 -2 -4 -6 5 3 1 -1 -3 -5 6 4 2 0 -2 -4 -6 5 3 1 -1 -3 -5 6 4 2 0 -2 -4 -6 5 3 1 -1 -3 -5 6 4 2 0 -2 -4 -6 5 3 1 -1 -3 -5 6 4 2 0 -2 -4 -6 5 3 1 -1 -3 -5 6 4 2 0 -2 -4 -6 5 3 1 -1 -3 -5 6 4 2 0 -2 -4 -6 5
-4 -6 5 3 1 -1 -3 -5 6 4 2 0 -2 -4 -6 5 3 1 -1 -3 -5 6 4 2 0 -2 -4 -6 5 3 1 -1 -3 -5 6 4 2 0 -2 -4 -6 5 3 1 -1 -3 -5 6 4 2 0 -2 -4 -6 5 3 1 -1 -3 -5 6 4 2 0 -2 -4 -6 5 3 1 -1 -3 -5 6 4 2 0 -2 -4 -6 5 3 1 -1 -3 -5 6 4 2 0 -2 -4 -6 5 3 1 -1 -3 -5 6 4 2 0 -2 -4 -6 5 3 1 -1 -3 -5 6 4 2 0 -2 -4 -6 5 3 1 -1 -3 -5 6 4 2 0 -2 -4 -6 5 3 1 -1 -3 -5 6 4 2 0 -2 -4 -6 5 3 1 -1 -3 -5 6 4 2 0 -2 -4 -6 5 3 1 -1 -3 -5 6 4 2 0 -2 -4 -6 5 3 1 -1 -3 -5 6 4 2 0 -2 -4 -6 5 3 1 -1 -3 -5 6 4 2 0 -2 -4 -6 5 3 1 -1 -3 -5 6 4 2 0 -2 -4 -6 5 3 1 -1 -3 -5 6 4 2 0 -2 -4 -6 5 3 1 -1 -3 -5 6 4 2 0 -2 -4 -6 5 3 1 -1 -3 -5 6 4 2 0 -2 -4 -6 5 3 1 -1 -3 -5 6 4 2 0 -2 -4 -6 5 3 1 -1 -3 -5 6 4 2 0 -2 -4 -6 5 3 1 -1 -3 -5 6 4 2 0 -2 -4 -6 5 3 1 -1 -3 -5 6 4 2 0 -2 -4 -6 5 3 1 -1 -3 -5 6 4 2 0 -2 -4 -6 5 3 1 -1 -3 -5 6 4 2 0 -2 -4 -6 5 3 1 -1 -3 -5 6 4 2 0 -2 -4 -6 5 3 1 -1 -3 -5 6 4 2 0 -2 -4 -6 5 3 1 -1 -3 -5 6 4 2 0 -2 -4 -6 5 3 1 -1 -3 -5 6 4 2 0 -2 -4 -6 5 3 1 -1 -3 -5 6 4 2 0 -2 -4 -6 5 3 1 -1 -3 -5 6 4 2 0 -2 -4 -6 5 3 1 -1 -3 -5 6 4 2 0 -2 -4 -6 5 3 1 -1 -3 -5 6 4 2 0 -2 -4 -6 5 3 1 -1 -3 -5 6 4 2 0 -2 -4 -6 5 3 1 -1 -3 -5 6 4 2 0 -2 -4 -6 5 3 1 -1 -3 -5 6 4 2 0 -2 -4 -6 5 3 1 -1 -3 -5 6 4 2 0 -2 -4 -6 5 3 1 -1 -3 -5 6 4 2 0 -2 -4 -6 5 3 1 -1
3 1 -1 -3 -5 6 4 2 0 -2 -4 -6 5 3 1 -1 -3 -5 6 4 2 0 -2 -4 -6 5 3 1 -1 -3 -5 6 4 2 0 -2 -4 -6 5 3 1 -1 -3 -5 6 4 2 0 -2 -4 -6 5 3 1 -1 -3 -5 6 4 2 0 -2 -4 -6 5 3 1 -1 -3 -5 6 4 2 0 -2 -4 -6 5 3 1 -1 -3 -5 6 4 2 0 -2 -4 -6 5 3 1 -1 -3 -5 6 4 2 0 -2 -4 -6 5 3 1 -1 -3 -5 6 4 2 0 -2 -4 -6 5 3 1 -1 -3 -5 6 4 2 0 -2 -4 -6 5 3 1 -1 -3 -5 6 4 2 0 -2 -4 -6 5 3 1 -1 -3 -5 6 4 2 0 -2 -4 -6 5 3 1 -1 -3 -5 6 4 2 0 -2 -4 -6 5 3 1 -1 -3 -5 6 4 2 0 -2 -4 -6 5 3 1 -1 -3 -5 6 4 2 0 -2 -4 -6 5 3 1 -1 -3 -5 6 4 2 0 -2 -4 -6 5 3 1 -1 -3 -5 6 4 2 0 -2 -4 -6 5 3 1 -1 -3 -5 6 4 2 0 -2 -4 -6 5 3 1 -1 -3 -5 6 4 2 0 -2 -4 -6 5 3 1 -1 -3 -5 6 4 2 0 -2 -4 -6 5 3 1 -1 -3 -5 6 4 2 0 -2 -4 -6 5 3 1 -1 -3 -5 6 4 2 0 -2 -4 -6 5 3 1 -1 -3 -5 6 4 2 0 -2 -4 -6 5 3 1 -1 -3 -5 6 4 2 0 -2 -4 -6 5 3 1 -1 -3 -5 6 4 2 0 -2 -4 -6 5 3 1 -1 -3 -5 6 4 2 0 -2 -4 -6 5 3 1 -1 -3 -5 6 4 2 0 -2 -4 -6 5 3 1 -1 -3 -5 6 4 2 0 -2 -4 -6 5 3 1 -1 -3 -5 6 4 2 0 -2 -4 -6 5 3 1 -1 -3 -5 6 4 2 0 -2 -4 -6 5 3 1 -1 -3 -5 6 4 2 0 -2 -4 -6 5 3 1 -1 -3 -5 6 4 2 0 -2 -4 -6 5 3 1 -1 -3 -5 6 4 2 0 -2 -4 -6 5 3 1 -1 -3 -5 6 4 2 0 -2 -4 -6 5 3 1 -1 -3 -5 6 4 2 0 -2 -4 -6 5 3 1 -1 -3 -5 6 4 2 0 -2 -4 -6 5 3 1 -1 -3 -5 6 4 2 0 -2 -4 -6 5 3 1 -1 -3 -5 6 4 2 0 -2 -4 -6 5 3 1 -1 -3 -5 6
-3 -5 6 4 2 0 -2 -4 -6 5 3 1 -1 -3 -5 6 4 2 0 -2 -4 -6 5 3 1 -1 -3 -5 6 4 2 0 -2 -4 -6 5 3 1 -1 -3 -5 6 4 2 0 -2 -4 -6 5 3 1 -1 -3 -5 6 4 2 0 -2 -4 -6 5 3 1 -1 -3 -5 6 4 2 0 -2 -4 -6 5 3 1 -1 -3 -5 6 4 2 0 -2 -4 -6 5 3 1 -1 -3 -5 6 4 2 0 -2 -4 -6 5 3 1 -1 -3 -5 6 4 2 0 -2 -4 -6 5 3 1 -1 -3 -5 6 4 2 0 -2 -4 -6 5 3 1 -1 -3 -5 6 4 2 0 -2 -4 -6 5 3 1 -1 -3 -5 6 4 2 0 -2 -4 -6 5 3 1 -1 -3 -5 6 4 2 0 -2 -4 -6 5 3 1 -1 -3 -5 6 4 2 0 -2 -4 -6 5 3 1 -1 -3 -5 6 4 2 0 -2 -4 -6 5 3 1 -1 -3 -5 6 4 2 0 -2 -4 -6 5 3 1 -1 -3 -5 6 4 2 0 -2 -4 -6 5 3 1 -1 -3 -5 6 4 2 0 -2 -4 -6 5 3 1 -1 -3 -5 6 4 2 0 -2 -4 -6 5 3 1 -1 -3 -5 6 4 2 0 -2 -4 -6 5 3 1 -1 -3 -5 6 4 2 0 -2 -4 -6 5 3 1 -1 -3 -5 6 4 2 0 -2 -4 -6 5 3 1 -1 -3 -5 6 4 2 0 -2 -4 -6 5 3 1 -1 -3 -5 6 4 2 0 -2 -4 -6 5 3 1 -1 -3 -5 6 4 2 0 -2 -4 -6 5 3 1 -1 -3 -5 6 4 2 0 -2 -4 -6 5 3 1 -1 -3 -5 6 4 2 0 -2 -4 -6 5 3 1 -1 -3 -5 6 4 2 0 -2 -4 -6 5 3 1 -1 -3 -5 6 4 2 0 -2 -4 -6 5 3 1 -1 -3 -5 6 4 2 0 -2 -4 -6 5 3 1 -1 -3 -5 6 4 2 0 -2 -4 -6 5 3 1 -1 -3 -5 6 4 2 0 -2 -4 -6 5 3 1 -1 -3 -5 6 4 2 0 -2 -4 -6 5 3 1 -1 -3 -5 6 4 2 0 -2 -4 -6 5 3 1 -1 -3 -5 6 4 2 0 -2 -4 -6 5 3 1 -1 -3 -5 6 4 2 0 -2 -4 -6 5 3 1 -1 -3 -5 6 4 2 0 -2 -4 -6 5 3 1 -1 -3 -5 6 4 2 0 -2 -4 -6 5 3 1 -1 -3 -5 6 4 2 0
4 2 0 -2 -4 -6 5 3 1 -1 -3 -5 6 4 2 0 -2 -4 -6 5 3 1 -1 -3 -5 6 4 2 0 -2 -4 -6 5 3 1 -1 -3 -5 6 4 2 0 -2 -4 -6 5 3 1 -1 -3 -5 6 4 2 0 -2 -4 -6 5 3 1 -1 -3 -5 6 4 2 0 -2 -4 -6 5 3 1 -1 -3 -5 6 4 2 0 -2 -4 -6 5 3 1 -1 -3 -5 6 4 2 0 -2 -4 -6 5 3 1 -1 -3 -5 6 4 2 0 -2 -4 -6 5 3 1 -1 -3 -5 6 4 2 0 -2 -4 -6 5 3 1 -1 -3 -5 6 4 2 0 -2 -4 -6 5 3 1 -1 -3 -5 6 4 2 0 -2 -4 -6 5 3 1 -1 -3 -5 6 4 2 0 -2 -4 -6 5 3 1 -1 -3 -5 6 4 2 0 -2 -4 -6 5 3 1 -1 -3 -5 6 4 2 0 -2 -4 -6 5 3 1 -1 -3 -5 6 4 2 0 -2 -4 -6 5 3 1 -1 -3 -5 6 4 2 0 -2 -4 -6 5 3 1 -1 -3 -5 6 4 2 0 -2 -4 -6 5 3 1 -1 -3 -5 6 4 2 0 -2 -4 -6 5 3 1 -1 -3 -5 6 4 2 0 -2 -4 -6 5 3 1 -1 -3 -5 6 4 2 0 -2 -4 -6 5 3 1 -1 -3 -5 6 4 2 0 -2 -4 -6 5 3 1 -1 -3 -5 6 4 2 0 -2 -4 -6 5 3 1 -1 -3 -5 6 4 2 0 -2 -4 -6 5 3 1 -1 -3 -5 6 4 2 0 -2 -4 -6 5 3 1 -1 -3 -5 6 4 2 0 -2 -4 -6 5 3 1 -1 -3 -5 6 4 2 0 -2 -4 -6 5 3 1 -1 -3 -5 6 4 2 0 -2 -4 -6 5 3 1 -1 -3 -5 6 4 2 0 -2 -4 -6 5 3 1 -1 -3 -5 6 4 2 0 -2 -4 -6 5 3 1 -1 -3 -5 6 4 2 0 -2 -4 -6 5 3 1 -1 -3 -5 6 4 2 0 -2 -4 -6 5 3 1 -1 -3 -5 6 4 2 0 -2 -4 -6 5 3 1 -1 -3 -5 6 4 2 0 -2 -4 -6 5 3 1 -1 -3 -5 6 4 2 0 -2 -4 -6 5 3 1 -1 -3 -5 6 4 2 0 -2 -4 -6 5 3 1 -1 -3 -5 6 4 2 0 -2 -4 -6 5 3 1 -1 -3 -5 6 4 2 0 -2 -4 -6 5 3 1 -1 -3 -5 6 4 2 0 -2 -4 -6
-2 -4 -6 5 3 1 -1 -3 -5 6 4 2 0 -2 -4 -6 5 3 1 -1 -3 -5 6 4 2 0 -2 -4 -6 5 3 1 -1 -3 -5 6 4 2 0 -2 -4 -6 5 3 1 -1 -3 -5 6 4 2 0 -2 -4 -6 5 3 1 -1 -3 -5 6 4 2 0 -2 -4 -6 5 3 1 -1 -3 -5 6 4 2 0 -2 -4 -6 5 3 1 -1 -3 -5 6 4 2 0 -2 -4 -6 5 3 1 -1 -3 -5 6 4 2 0 -2 -4 -6 5 3 1 -1 -3 -5 6 4 2 0 -2 -4 -6 5 3 1 -1 -3 -5 6 4 2 0 -2 -4 -6 5 3 1 -1 -3 -5 6 4 2 0 -2 -4 -6 5 3 1 -1 -3 -5 6 4 2 0 -2 -4 -6 5 3 1 -1 -3 -5 6 4 2 0 -2 -4 -6 5 3 1 -1 -3 -5 6 4 2 0 -2 -4 -6 5 3 1 -1 -3 -5 6 4 2 0 -2 -4 -6 5 3 1 -1 -3 -5 6 4 2 0 -2 -4 -6 5 3 1 -1 -3 -5 6 4 2 0 -2 -4 -6 5 3 1 -1 -3 -5 6 4 2 0 -2 -4 -6 5 3 1 -1 -3 -5 6 4 2 0 -2 -4 -6 5 3 1 -1 -3 -5 6 4 2 0 -2 -4 -6 5 3 1 -1 -3 -5 6 4 2 0 -2 -4 -6 5 3 1 -1 -3 -5 6 4 2 0 -2 -4 -6 5 3 1 -1 -3 -5 6 4 2 0 -2 -4 -6 5 3 1 -1 -3 -5 6 4 2 0 -2 -4 -6 5 3 1 -1 -3 -5 6 4 2 0 -2 -4 -6 5 3 1 -1 -3 -5 6 4 2 0 -2 -4 -6 5 3 1 -1 -3 -5 6 4 2 0 -2 -4 -6 5 3 1 -1 -3 -5 6 4 2 0 -2 -4 -6 5 3 1 -1 -3 -5 6 4 2 0 -2 -4 -6 5 3 1 -1 -3 -5 6 4 2 0 -2 -4 -6 5 3 1 -1 -3 -5 6 4 2 0 -2 -4 -6 5 3 1 -1 -3 -5 6 4 2 0 -2 -4 -6 5 3 1 -1 -3 -5 6 4 2 0 -2 -4 -6 5 3 1 -1 -3 -5 6 4 2 0 -2 -4 -6 5 3 1 -1 -3 -5 6 4 2 0 -2 -4 -6 5 3 1 -1 -3 -5 6 4 2 0 -2 -4 -6 5 3 1 -1 -3 -5 6 4 2 0 -2 -4 -6 5 3 1 -1 -3 -5 6 4 2 0 -2 -4 -6 5 3 1
5 3 1 -1 -3 -5 6 4 2 0 -2 -4 -6 5 3 1 -1 -3 -5 6 4 2 0 -2 -4 -6 5 3 1 -1 -3 -5 6 4 2 0 -2 -4 -6 5 3 1 -1 -3 -5 6 4 2 0 -2 -4 -6 5 3 1 -1 -3 -5 6 4 2 0 -2 -4 -6 5 3 1 -1 -3 -5 6 4 2 0 -2 -4 -6 5 3 1 -1 -3 -5 6 4 2 0 -2 -4 -6 5 3 1 -1 -3 -5 6 4 2 0 -2 -4 -6 5 3 1 -1 -3 -5 6 4 2 0 -2 -4 -6 5 3 1 -1 -3 -5 6 4 2 0 -2 -4 -6 5 3 1 -1 -3 -5 6 4 2 0 -2 -4 -6 5 3 1 -1 -3 -5 6 4 2 0 -2 -4 -6 5 3 1 -1 -3 -5 6 4 2 0 -2 -4 -6 5 3 1 -1 -3 -5 6 4 2 0 -2 -4 -6 5 3 1 -1 -3 -5 6 4 2 0 -2 -4 -6 5 3 1 -1 -3 -5 6 4 2 0 -2 -4 -6 5 3 1 -1 -3 -5 6 4 2 0 -2 -4 -6 5 3 1 -1 -3 -5 6 4 2 0 -2 -4 -6 5 3 1 -1 -3 -5 6 4 2 0 -2 -4 -6 5 3 1 -1 -3 -5 6 4 2 0 -2 -4 -6 5 3 1 -1 -3 -5 6 4 2 0 -2 -4 -6 5 3 1 -1 -3 -5 6 4 2 0 -2 -4 -6 5 3 1 -1 -3 -5 6 4 2 0 -2 -4 -6 5 3 1 -1 -3 -5 6 4 2 0 -2 -4 -6 5 3 1 -1 -3 -5 6 4 2 0 -2 -4 -6 5 3 1 -1 -3 -5 6 4 2 0 -2 -4 -6 5 3 1 -1 -3 -5 6 4 2 0 -2 -4 -6 5 3 1 -1 -3 -5 6 4 2 0 -2 -4 -6 5 3 1 -1 -3 -5 6 4 2 0 -2 -4 -6 5 3 1 -1 -3 -5 6 4 2 0 -2 -4 -6 5 3 1 -1 -3 -5 6 4 2 0 -2 -4 -6 5 3 1 -1 -3 -5 6 4 2 0 -2 -4 -6 5 3 1 -1 -3 -5 6 4 2 0 -2 -4 -6 5 3 1 -1 -3 -5 6 4 2 0 -2 -4 -6 5 3 1 -1 -3 -5 6 4 2 0 -2 -4 -6 5 3 1 -1 -3 -5 6 4 2 0 -2 -4 -6 5 3 1 -1 -3 -5 6 4 2 0 -2 -4 -6 5 3 1 -1 -3 -5 6 4 2 0 -2 -4 -6 5 3 1 -1 -3 -5
-1 -3 -5 6 4 2 0 -2 -4 -6 5 3 1 -1 -3 -5 6 4 2 0 -2 -4 -6 5 3 1 -1 -3 -5 6 4 2 0 -2 -4 -6 5 3 1 -1 -3 -5 6 4 2 0 -2 -4 -6 5 3 1 -1 -3 -5 6 4 2 0 -2 -4 -6 5 3 1 -1 -3 -5 6 4 2 0 -2 -4 -6 5 3 1 -1 -3 -5 6 4 2 0 -2 -4 -6 5 3 1 -1 -3 -5 6 4 2 0 -2 -4 -6 5 3 1 -1 -3 -5 6 4 2 0 -2 -4 -6 5 3 1 -1 -3 -5 6 4 2 0 -2 -4 -6 5 3 1 -1 -3 -5 6 4 2 0 -2 -4 -6 5 3 1 -1 -3 -5 6 4 2 0 -2 -4 -6 5 3 1 -1 -3 -5 6 4 2 0 -2 -4 -6 5 3 1 -1 -3 -5 6 4 2 0 -2 -4 -6 5 3 1 -1 -3 -5 6 4 2 0 -2 -4 -6 5 3 1 -1 -3 -5 6 4 2 0 -2 -4 -6 5 3 1 -1 -3 -5 6 4 2 0 -2 -4 -6 5 3 1 -1 -3 -5 6 4 2 0 -2 -4 -6 5 3 1 -1 -3 -5 6 4 2 0 -2 -4 -6 5 3 1 -1 -3 -5 6 4 2 0 -2 -4 -6 5 3 1 -1 -3 -5 6 4 2 0 -2 -4 -6 5 3 1 -1 -3 -5 6 4 2 0 -2 -4 -6 5 3 1 -1 -3 -5 6 4 2 0 -2 -4 -6 5 3 1 -1 -3 -5 6 4 2 0 -2 -4 -6 5 3 1 -1 -3 -5 6 4 2 0 -2 -4 -6 5 3 1 -1 -3 -5 6 4 2 0 -2 -4 -6 5 3 1 -1 -3 -5 6 4 2 0 -2 -4 -6 5 3 1 -1 -3 -5 6 4 2 0 -2 -4 -6 5 3 1 -1 -3 -5 6 4 2 0 -2 -4 -6 5 3 1 -1 -3 -5 6 4 2 0 -2 -4 -6 5 3 1 -1 -3 -5 6 4 2 0 -2 -4 -6 5 3 1 -1 -3 -5 6 4 2 0 -2 -4 -6 5 3 1 -1 -3 -5 6 4 2 0 -2 -4 -6 5 3 1 -1 -3 -5 6 4 2 0 -2 -4 -6 5 3 1 -1 -3 -5 6 4 2 0 -2 -4 -6 5 3 1 -1 -3 -5 6 4 2 0 -2 -4 -6 5 3 1 -1 -3 -5 6 4 2 0 -2 -4 -6 5 3 1 -1 -3 -5 6 4 2 0 -2 -4 -6 5 3 1 -1 -3 -5 6 4 2
6 4 2 0 -2 -4 -6 5 3 1 -1 -3 -5 6 4 2 0 -2 -4 -6 5 3 1 -1 -3 -5 6 4 2 0 -2 -4 -6 5 3 1 -1 -3 -5 6 4 2 0 -2 -4 -6 5 3 1 -1 -3 -5 6 4 2 0 -2 -4 -6 5 3 1 -1 -3 -5 6 4 2 0 -2 -4 -6 5 3 1 -1 -3 -5 6 4 2 0 -2 -4 -6 5 3 1 -1 -3 -5 6 4 2 0 -2 -4 -6 5 3 1 -1 -3 -5 6 4 2 0 -2 -4 -6 5 3 1 -1 -3 -5 6 4 2 0 -2 -4 -6 5 3 1 -1 -3 -5 6 4 2 0 -2 -4 -6 5 3 1 -1 -3 -5 6 4 2 0 -2 -4 -6 5 3 1 -1 -3 -5 6 4 2 0 -2 -4 -6 5 3 1 -1 -3 -5 6 4 2 0 -2 -4 -6 5 3 1 -1 -3 -5 6 4 2 0 -2 -4 -6 5 3 1 -1 -3 -5 6 4 2 0 -2 -4 -6 5 3 1 -1 -3 -5 6 4 2 0 -2 -4 -6 5 3 1 -1 -3 -5 6 4 2 0 -2 -4 -6 5 3 1 -1 -3 -5 6 4 2 0 -2 -4 -6 5 3 1 -1 -3 -5 6 4 2 0 -2 -4 -6 5 3 1 -1 -3 -5 6 4 2 0 -2 -4 -6 5 3 1 -1 -3 -5 6 4 2 0 -2 -4 -6 5 3 1 -1 -3 -5 6 4 2 0 -2 -4 -6 5 3 1 -1 -3 -5 6 4 2 0 -2 -4 -6 5 3 1 -1 -3 -5 6 4 2 0 -2 -4 -6 5 3 1 -1 -3 -5 6 4 2 0 -2 -4 -6 5 3 1 -1 -3 -5 6 4 2 0 -2 -4 -6 5 3 1 -1 -3 -5 6 4 2 0 -2 -4 -6 5 3 1 -1 -3 -5 6 4 2 0 -2 -4 -6 5 3 1 -1 -3 -5 6 4 2 0 -2 -4 -6 5 3 1 -1 -3 -5 6 4 2 0 -2 -4 -6 5 3 1 -1 -3 -5 6 4 2 0 -2 -4 -6 5 3 1 -1 -3 -5 6 4 2 0 -2 -4 -6 5 3 1 -1 -3 -5 6 4 2 0 -2 -4 -6 5 3 1 -1 -3 -5 6 4 2 0 -2 -4 -6 5 3 1 -1 -3 -5 6 4 2 0 -2 -4 -6 5 3 1 -1 -3 -5 6 4 2 0 -2 -4 -6 5 3 1 -1 -3 -5 6 4 2 0 -2 -4 -6 5 3 1 -1 -3 -5 6 4 2 0 -2 -4
0 -2 -4 -6 5 3 1 -1 -3 -5 6 4 2 0 -2 -4 -6 5 3 1 -1 -3 -5 6 4 2 0 -2 -4 -6 5 3 1 -1 -3 -5 6 4 2 0 -2 -4 -6 5 3 1 -1 -3 -5 6 4 2 0 -2 -4 -6 5 3 1 -1 -3 -5 6 4 2 0 -2 -4 -6 5 3 1 -1 -3 -5 6 4 2 0 -2 -4 -6 5 3 1 -1 -3 -5 6 4 2 0 -2 -4 -6 5 3 1 -1 -3 -5 6 4 2 0 -2 -4 -6 5 3 1 -1 -3 -5 6 4 2 0 -2 -4 -6 5 3 1 -1 -3 -5 6 4 2 0 -2 -4 -6 5 3 1 -1 -3 -5 6 4 2 0 -2 -4 -6 5 3 1 -1 -3 -5 6 4 2 0 -2 -4 -6 5 3 1 -1 -3 -5 6 4 2 0 -2 -4 -6 5 3 1 -1 -3 -5 6 4 2 0 -2 -4 -6 5 3 1 -1 -3 -5 6 4 2 0 -2 -4 -6 5 3 1 -1 -3 -5 6 4 2 0 -2 -4 -6 5 3 1 -1 -3 -5 6 4 2 0 -2 -4 -6 5 3 1 -1 -3 -5 6 4 2 0 -2 -4 -6 5 3 1 -1 -3 -5 6 4 2 0 -2 -4 -6 5 3 1 -1 -3 -5 6 4 2 0 -2 -4 -6 5 3 1 -1 -3 -5 6 4 2 0 -2 -4 -6 5 3 1 -1 -3 -5 6 4 2 0 -2 -4 -6 5 3 1 -1 -3 -5 6 4 2 0 -2 -4 -6 5 3 1 -1 -3 -5 6 4 2 0 -2 -4 -6 5 3 1 -1 -3 -5 6 4 2 0 -2 -4 -6 5 3 1 -1 -3 -5 6 4 2 0 -2 -4 -6 5 3 1 -1 -3 -5 6 4 2 0 -2 -4 -6 5 3 1 -1 -3 -5 6 4 2 0 -2 -4 -6 5 3 1 -1 -3 -5 6 4 2 0 -2 -4 -6 5 3 1 -1 -3 -5 6 4 2 0 -2 -4 -6 5 3 1 -1 -3 -5 6 4 2 0 -2 -4 -6 5 3 1 -1 -3 -5 6 4 2 0 -2 -4 -6 5 3 1 -1 -3 -5 6 4 2 0 -2 -4 -6 5 3 1 -1 -3 -5 6 4 2 0 -2 -4 -6 5 3 1 -1 -3 -5 6 4 2 0 -2 -4 -6 5 3 1 -1 -3 -5 6 4 2 0 -2 -4 -6 5 3 1 -1 -3 -5 6 4 2 0 -2 -4 -6 5 3 1 -1 -3 -5 6 4 2 0 -2 -4 -6 5 3
-6 5 3 1 -1 -3 -5 6 4 2 0 -2 -4 -6 5 3 1 -1 -3 -5 6 4 2 0 -2 -4 -6 5 3 1 -1 -3 -5 6 4 2 0 -2 -4 -6 5 3 1 -1 -3 -5 6 4 2 0 -2 -4 -6 5 3 1 -1 -3 -5 6 4 2 0 -2 -4 -6 5 3 1 -1 -3 -5 6 4 2 0 -2 -4 -6 5 3 1 -1 -3 -5 6 4 2 0 -2 -4 -6 5 3 1 -1 -3 -5 6 4 2 0 -2 -4 -6 5 3 1 -1 -3 -5 6 4 2 0 -2 -4 -6 5 3 1 -1 -3 -5 6 4 2 0 -2 -4 -6 5 3 1 -1 -3 -5 6 4 2 0 -2 -4 -6 5 3 1 -1 -3 -5 6 4 2 0 -2 -4 -6 5 3 1 -1 -3 -5 6 4 2 0 -2 -4 -6 5 3 1 -1 -3 -5 6 4 2 0 -2 -4 -6 5 3 1 -1 -3 -5 6 4 2 0 -2 -4 -6 5 3 1 -1 -3 -5 6 4 2 0 -2 -4 -6 5 3 1 -1 -3 -5 6 4 2 0 -2 -4 -6 5 3 1 -1 -3 -5 6 4 2 0 -2 -4 -6 5 3 1 -1 -3 -5 6 4 2 0 -2 -4 -6 5 3 1 -1 -3 -5 6 4 2 0 -2 -4 -6 5 3 1 -1 -3 -5 6 4 2 0 -2 -4 -6 5 3 1 -1 -3 -5 6 4 2 0 -2 -4 -6 5 3 1 -1 -3 -5 6 4 2 0 -2 -4 -6 5 3 1 -1 -3 -5 6 4 2 0 -2 -4 -6 5 3 1 -1 -3 -5 6 4 2 0 -2 -4 -6 5 3 1 -1 -3 -5 6 4 2 0 -2 -4 -6 5 3 1 -1 -3 -5 6 4 2 0 -2 -4 -6 5 3 1 -1 -3 -5 6 4 2 0 -2 -4 -6 5 3 1 -1 -3 -5 6 4 2 0 -2 -4 -6 5 3 1 -1 -3 -5 6 4 2 0 -2 -4 -6 5 3 1 -1 -3 -5 6 4 2 0 -2 -4 -6 5 3 1 -1 -3 -5 6 4 2 0 -2 -4 -6 5 3 1 -1 -3 -5 6 4 2 0 -2 -4 -6 5 3 1 -1 -3 -5 6 4 2 0 -2 -4 -6 5 3 1 -1 -3 -5 6 4 2 0 -2 -4 -6 5 3 1 -1 -3 -5 6 4 2 0 -2 -4 -6 5 3 1 -1 -3 -5 6 4 2 0 -2 -4 -6 5 3 1 -1 -3 -5 6 4 2 0 -2 -4 -6 5 3 1 -1 -3
1 -1 -3 -5 6 4 2 0 -2 -4 -6 5 3 1 -1 -3 -5 6 4 2 0 -2 -4 -6 5 3 1 -1 -3 -5 6 4 2 0 -2 -4 -6 5 3 1 -1 -3 -5 6 4 2 0 -2 -4 -6 5 3 1 -1 -3 -5 6 4 2 0 -2 -4 -6 5 3 1 -1 -3 -5 6 4 2 0 -2 -4 -6 5 3 1 -1 -3 -5 6 4 2 0 -2 -4 -6 5 3 1 -1 -3 -5 6 4 2 0 -2 -4 -6 5 3 1 -1 -3 -5 6 4 2 0 -2 -4 -6 5 3 1 -1 -3 -5 6 4 2 0 -2 -4 -6 5 3 1 -1 -3 -5 6 4 2 0 -2 -4 -6 5 3 1 -1 -3 -5 6 4 2 0 -2 -4 -6 5 3 1 -1 -3 -5 6 4 2 0 -2 -4 -6 5 3 1 -1 -3 -5 6 4 2 0 -2 -4 -6 5 3 1 -1 -3 -5 6 4 2 0 -2 -4 -6 5 3 1 -1 -3 -5 6 4 2 0 -2 -4 -6 5 3 1 -1 -3 -5 6 4 2 0 -2 -4 -6 5 3 1 -1 -3 -5 6 4 2 0 -2 -4 -6 5 3 1 -1 -3 -5 6 4 2 0 -2 -4 -6 5 3 1 -1 -3 -5 6 4 2 0 -2 -4 -6 5 3 1 -1 -3 -5 6 4 2 0 -2 -4 -6 5 3 1 -1 -3 -5 6 4 2 0 -2 -4 -6 5 3 1 -1 -3 -5 6 4 2 0 -2 -4 -6 5 3 1 -1 -3 -5 6 4 2 0 -2 -4 -6 5 3 1 -1 -3 -5 6 4 2 0 -2 -4 -6 5 3 1 -1 -3 -5 6 4 2 0 -2 -4 -6 5 3 1 -1 -3 -5 6 4 2 0 -2 -4 -6 5 3 1 -1 -3 -5 6 4 2 0 -2 -4 -6 5 3 1 -1 -3 -5 6 4 2 0 -2 -4 -6 5 3 1 -1 -3 -5 6 4 2 0 -2 -4 -6 5 3 1 -1 -3 -5 6 4 2 0 -2 -4 -6 5 3 1 -1 -3 -5 6 4 2 0 -2 -4 -6 5 3 1 -1 -3 -5 6 4 2 0 -2 -4 -6 5 3 1 -1 -3 -5 6 4 2 0 -2 -4 -6 5 3 1 -1 -3 -5 6 4 2 0 -2 -4 -6 5 3 1 -1 -3 -5 6 4 2 0 -2 -4 -6 5 3 1 -1 -3 -5 6 4 2 0 -2 -4 -6 5 3 1 -1 -3 -5 6 4 2 0 -2 -4 -6 5 3 1 -1 -3 -5 6 4
-5 6 4 2 0 -2 -4 -6 5 3 1 -1 -3 -5 6 4 2 0 -2 -4 -6 5 3 1 -1 -3 -5 6 4 2 0 -2 -4 -6 5 3 1 -1 -3 -5 6 4 2 0 -2 -4 -6 5 3 1 -1 -3 -5 6 4 2 0 -2 -4 -6 5 3 1 -1 -3 -5 6 4 2 0 -2 -4 -6 5 3 1 -1 -3 -5 6 4 2 0 -2 -4 -6 5 3 1 -1 -3 -5 6 4 2 0 -2 -4 -6 5 3 1 -1 -3 -5 6 4 2 0 -2 -4 -6 5 3 1 -1 -3 -5 6 4 2 0 -2 -4 -6 5 3 1 -1 -3 -5 6 4 2 0 -2 -4 -6 5 3 1 -1 -3 -5 6 4 2 0 -2 -4 -6 5 3 1 -1 -3 -5 6 4 2 0 -2 -4 -6 5 3 1 -1 -3 -5 6 4 2 0 -2 -4 -6 5 3 1 -1 -3 -5 6 4 2 0 -2 -4 -6 5 3 1 -1 -3 -5 6 4 2 0 -2 -4 -6 5 3 1 -1 -3 -5 6 4 2 0 -2 -4 -6 5 3 1 -1 -3 -5 6 4 2 0 -2 -4 -6 5 3 1 -1 -3 -5 6 4 2 0 -2 -4 -6 5 3 1 -1 -3 -5 6 4 2 0 -2 -4 -6 5 3 1 -1 -3 -5 6 4 2 0 -2 -4 -6 5 3 1 -1 -3 -5 6 4 2 0 -2 -4 -6 5 3 1 -1 -3 -5 6 4 2 0 -2 -4 -6 5 3 1 -1 -3 -5 6 4 2 0 -2 -4 -6 5 3 1 -1 -3 -5 6 4 2 0 -2 -4 -6 5 3 1 -1 -3 -5 6 4 2 0 -2 -4 -6 5 3 1 -1 -3 -5 6 4 2 0 -2 -4 -6 5 3 1 -1 -3 -5 6 4 2 0 -2 -4 -6 5 3 1 -1 -3 -5 6 4 2 0 -2 -4 -6 5 3 1 -1 -3 -5 6 4 2 0 -2 -4 -6 5 3 1 -1 -3 -5 6 4 2 0 -2 -4 -6 5 3 1 -1 -3 -5 6 4 2 0 -2 -4 -6 5 3 1 -1 -3 -5 6 4 2 0 -2 -4 -6 5 3 1 -1 -3 -5 6 4 2 0 -2 -4 -6 5 3 1 -1 -3 -5 6 4 2 0 -2 -4 -6 5 3 1 -1 -3 -5 6 4 2 0 -2 -4 -6 5 3 1 -1 -3 -5 6 4 2 0 -2 -4 -6 5 3 1 -1 -3 -5 6 4 2 0 -2 -4 -6 5 3 1 -1 -3 -5 6 4 2 0 -2
2 0 -2 -4 -6 5 3 1 -1 -3 -5 6 4 2 0 -2 -4 -6 5 3 1 -1 -3 -5 6 4 2 0 -2 -4 -6 5 3 1 -1 -3 -5 6 4 2 0 -2 -4 -6 5 3 1 -1 -3 -5 6 4 2 0 -2 -4 -6 5 3 1 -1 -3 -5 6 4 2 0 -2 -4 -6 5 3 1 -1 -3 -5 6 4 2 0 -2 -4 -6 5 3 1 -1 -3 -5 6 4 2 0 -2 -4 -6 5 3 1 -1 -3 -5 6 4 2 0 -2 -4 -6 5 3 1 -1 -3 -5 6 4 2 0 -2 -4 -6 5 3 1 -1 -3 -5 6 4 2 0 -2 -4 -6 5 3 1 -1 -3 -5 6 4 2 0 -2 -4 -6 5 3 1 -1 -3 -5 6 4 2 0 -2 -4 -6 5 3 1 -1 -3 -5 6 4 2 0 -2 -4 -6 5 3 1 -1 -3 -5 6 4 2 0 -2 -4 -6 5 3 1 -1 -3 -5 6 4 2 0 -2 -4 -6 5 3 1 -1 -3 -5 6 4 2 0 -2 -4 -6 5 3 1 -1 -3 -5 6 4 2 0 -2 -4 -6 5 3 1 -1 -3 -5 6 4 2 0 -2 -4 -6 5 3 1 -1 -3 -5 6 4 2 0 -2 -4 -6 5 3 1 -1 -3 -5 6 4 2 0 -2 -4 -6 5 3 1 -1 -3 -5 6 4 2 0 -2 -4 -6 5 3 1 -1 -3 -5 6 4 2 0 -2 -4 -6 5 3 1 -1 -3 -5 6 4 2 0 -2 -4 -6 5 3 1 -1 -3 -5 6 4 2 0 -2 -4 -6 5 3 1 -1 -3 -5 6 4 2 0 -2 -4 -6 5 3 1 -1 -3 -5 6 4 2 0 -2 -4 -6 5 3 1 -1 -3 -5 6 4 2 0 -2 -4 -6 5 3 1 -1 -3 -5 6 4 2 0 -2 -4 -6 5 3 1 -1 -3 -5 6 4 2 0 -2 -4 -6 5 3 1 -1 -3 -5 6 4 2 0 -2 -4 -6 5 3 1 -1 -3 -5 6 4 2 0 -2 -4 -6 5 3 1 -1 -3 -5 6 4 2 0 -2 -4 -6 5 3 1 -1 -3 -5 6 4 2 0 -2 -4 -6 5 3 1 -1 -3 -5 6 4 2 0 -2 -4 -6 5 3 1 -1 -3 -5 6 4 2 0 -2 -4 -6 5 3 1 -1 -3 -5 6 4 2 0 -2 -4 -6 5 3 1 -1 -3 -5 6 4 2 0 -2 -4 -6 5 3 1 -1 -3 -5 6 4 2 0 -2 -4 -6 5
-4 -6 5 3 1 -1 -3 -5 6 4 2 0 -2 -4 -6 5 3 1 -1 -3 -5 6 4 2 0 -2 -4 -6 5 3 1 -1 -3 -5 6 4 2 0 -2 -4 -6 5 3 1 -1 -3 -5 6 4 2 0 -2 -4 -6 5 3 1 -1 -3 -5 6 4 2 0 -2 -4 -6 5 3 1 -1 -3 -5 6 4 2 0 -2 -4 -6 5 3 1 -1 -3 -5 6 4 2 0 -2 -4 -6 5 3 1 -1 -3 -5 6 4 2 0 -2 -4 -6 5 3 1 -1 -3 -5 6 4 2 0 -2 -4 -6 5 3 1 -1 -3 -5 6 4 2 0 -2 -4 -6 5 3 1 -1 -3 -5 6 4 2 0 -2 -4 -6 5 3 1 -1 -3 -5 6 4 2 0 -2 -4 -6 5 3 1 -1 -3 -5 6 4 2 0 -2 -4 -6 5 3 1 -1 -3 -5 6 4 2 0 -2 -4 -6 5 3 1 -1 -3 -5 6 4 2 0 -2 -4 -6 5 3 1 -1 -3 -5 6 4 2 0 -2 -4 -6 5 3 1 -1 -3 -5 6 4 2 0 -2 -4 -6 5 3 1 -1 -3 -5 6 4 2 0 -2 -4 -6 5 3 1 -1 -3 -5 6 4 2 0 -2 -4 -6 5 3 1 -1 -3 -5 6 4 2 0 -2 -4 -6 5 3 1 -1 -3 -5 6 4 2 0 -2 -4 -6 5 3 1 -1 -3 -5 6 4 2 0 -2 -4 -6 5 3 1 -1 -3 -5 6 4 2 0 -2 -4 -6 5 3 1 -1 -3 -5 6 4 2 0 -2 -4 -6 5 3 1 -1 -3 -5 6 4 2 0 -2 -4 -6 5 3 1 -1 -3 -5 6 4 2 0 -2 -4 -6 5 3 1 -1 -3 -5 6 4 2 0 -2 -4 -6 5 3 1 -1 -3 -5 6 4 2 0 -2 -4 -6 5 3 1 -1 -3 -5 6 4 2 0 -2 -4 -6 5 3 1 -1 -3 -5 6 4 2 0 -2 -4 -6 5 3 1 -1 -3 -5 6 4 2 0 -2 -4 -6 5 3 1 -1 -3 -5 6 4 2 0 -2 -4 -6 5 3 1 -1 -3 -5 6 4 2 0 -2 -4 -6 5 3 1 -1 -3 -5 6 4 2 0 -2 -4 -6 5 3 1 -1 -3 -5 6 4 2 0 -2 -4 -6 5 3 1 -1 -3 -5 6 4 2 0 -2 -4 -6 5 3 1 -1 -3 -5 6 4 2 0 -2 -4 -6 5 3 1 -1 -3 -5 6 4 2 0 -2 -4 -6 5 3 1 -1
3 1 -1 -3 -5 6 4 2 0 -2 -4 -6 5 3 1 -1 -3 -5 6 4 2 0 -2 -4 -6 5 3 1 -1 -3 -5 6 4 2 0 -2 -4 -6 5 3 1 -1 -3 -5 6 4 2 0 -2 -4 -6 5 3 1 -1 -3 -5 6 4 2 0 -2 -4 -6 5 3 1 -1 -3 -5 6 4 2 0 -2 -4 -6 5 3 1 -1 -3 -5 6 4 2 0 -2 -4 -6 5 3 1 -1 -3 -5 6 4 2 0 -2 -4 -6 5 3 1 -1 -3 -5 6 4 2 0 -2 -4 -6 5 3 1 -1 -3 -5 6 4 2 0 -2 -4 -6 5 3 1 -1 -3 -5 6 4 2 0 -2 -4 -6 5 3 1 -1 -3 -5 6 4 2 0 -2 -4 -6 5 3 1 -1 -3 -5 6 4 2 0 -2 -4 -6 5 3 1 -1 -3 -5 6 4 2 0 -2 -4 -6 5 3 1 -1 -3 -5 6 4 2 0 -2 -4 -6 5 3 1 -1 -3 -5 6 4 2 0 -2 -4 -6 5 3 1 -1 -3 -5 6 4 2 0 -2 -4 -6 5 3 1 -1 -3 -5 6 4 2 0 -2 -4 -6 5 3 1 -1 -3 -5 6 4 2 0 -2 -4 -6 5 3 1 -1 -3 -5 6 4 2 0 -2 -4 -6 5 3 1 -1 -3 -5 6 4 2 0 -2 -4 -6 5 3 1 -1 -3 -5 6 4 2 0 -2 -4 -6 5 3 1 -1 -3 -5 6 4 2 0 -2 -4 -6 5 3 1 -1 -3 -5 6 4 2 0 -2 -4 -6 5 3 1 -1 -3 -5 6 4 2 0 -2 -4 -6 5 3 1 -1 -3 -5 6 4 2 0 -2 -4 -6 5 3 1 -1 -3 -5 6 4 2 0 -2 -4 -6 5 3 1 -1 -3 -5 6 4 2 0 -2 -4 -6 5 3 1 -1 -3 -5 6 4 2 0 -2 -4 -6 5 3 1 -1 -3 -5 6 4 2 0 -2 -4 -6 5 3 1 -1 -3 -5 6 4 2 0 -2 -4 -6 5 3 1 -1 -3 -5 6 4 2 0 -2 -4 -6 5 3 1 -1 -3 -5 6 4 2 0 -2 -4 -6 5 3 1 -1 -3 -5 6 4 2 0 -2 -4 -6 5 3 1 -1 -3 -5 6 4 2 0 -2 -4 -6 5 3 1 -1 -3 -5 6 4 2 0 -2 -4 -6 5 3 1 -1 -3 -5 6 4 2 0 -2 -4 -6 5 3 1 -1 -3 -5 6 4 2 0 -2 -4 -6 5 3 1 -1 -3 -5 6
-3 -5 6 4 2 0 -2 -4 -6 5 3 1 -1 -3 -5 6 4 2 0 -2 -4 -6 5 3 1 -1 -3 -5 6 4 2 0 -2 -4 -6 5 3 1 -1 -3 -5 6 4 2 0 -2 -4 -6 5 3 1 -1 -3 -5 6 4 2 0 -2 -4 -6 5 3 1 -1 -3 -5 6 4 2 0 -2 -4 -6 5 3 1 -1 -3 -5 6 4 2 0 -2 -4 -6 5 3 1 -1 -3 -5 6 4 2 0 -2 -4 -6 5 3 1 -1 -3 -5 6 4 2 0 -2 -4 -6 5 3 1 -1 -3 -5 6 4 2 0 -2 -4 -6 5 3 1 -1 -3 -5 6 4 2 0 -2 -4 -6 5 3 1 -1 -3 -5 6 4 2 0 -2 -4 -6 5 3 1 -1 -3 -5 6 4 2 0 -2 -4 -6 5 3 1 -1 -3 -5 6 4 2 0 -2 -4 -6 5 3 1 -1 -3 -5 6 4 2 0 -2 -4 -6 5 3 1 -1 -3 -5 6 4 2 0 -2 -4 -6 5 3 1 -1 -3 -5 6 4 2 0 -2 -4 -6 5 3 1 -1 -3 -5 6 4 2 0 -2 -4 -6 5 3 1 -1 -3 -5 6 4 2 0 -2 -4 -6 5 3 1 -1 -3 -5 6 4 2 0 -2 -4 -6 5 3 1 -1 -3 -5 6 4 2 0 -2 -4 -6 5 3 1 -1 -3 -5 6 4 2 0 -2 -4 -6 5 3 1 -1 -3 -5 6 4 2 0 -2 -4 -6 5 3 1 -1 -3 -5 6 4 2 0 -2 -4 -6 5 3 1 -1 -3 -5 6 4 2 0 -2 -4 -6 5 3 1 -1 -3 -5 6 4 2 0 -2 -4 -6 5 3 1 -1 -3 -5 6 4 2 0 -2 -4 -6 5 3 1 -1 -3 -5 6 4 2 0 -2 -4 -6 5 3 1 -1 -3 -5 6 4 2 0 -2 -4 -6 5 3 1 -1 -3 -5 6 4 2 0 -2 -4 -6 5 3 1 -1 -3 -5 6 4 2 0 -2 -4 -6 5 3 1 -1 -3 -5 6 4 2 0 -2 -4 -6 5 3 1 -1 -3 -5 6 4 2 0 -2 -4 -6 5 3 1 -1 -3 -5 6 4 2 0 -2 -4 -6 5 3 1 -1 -3 -5 6 4 2 0 -2 -4 -6 5 3 1 -1 -3 -5 6 4 2 0 -2 -4 -6 5 3 1 -1 -3 -5 6 4 2 0 -2 -4 -6 5 3 1 -1 -3 -5 6 4 2 0 -2 -4 -6 5 3 1 -1 -3 -5 6 4 2 0
4 2 0 -2 -4 -6 5 3 1 -1 -3 -5 6 4 2 0 -2 -4 -6 5 3 1 -1 -3 -5 6 4 2 0 -2 -4 -6 5 3 1 -1 -3 -5 6 4 2 0 -2 -4 -6 5 3 1 -1 -3 -5 6 4 2 0 -2 -4 -6 5 3 1 -1 -3 -5 6 4 2 0 -2 -4 -6 5 3 1 -1 -3 -5 6 4 2 0 -2 -4 -6 5 3 1 -1 -3 -5 6 4 2 0 -2 -4 -6 5 3 1 -1 -3 -5 6 4 2 0 -2 -4 -6 5 3 1 -1 -3 -5 6 4 2 0 -2 -4 -6 5 3 1 -1 -3 -5 6 4 2 0 -2 -4 -6 5 3 1 -1 -3 -5 6 4 2 0 -2 -4 -6 5 3 1 -1 -3 -5 6 4 2 0 -2 -4 -6 5 3 1 -1 -3 -5 6 4 2 0 -2 -4 -6 5 3 1 -1 -3 -5 6 4 2 0 -2 -4 -6 5 3 1 -1 -3 -5 6 4 2 0 -2 -4 -6 5 3 1 -1 -3 -5 6 4 2 0 -2 -4 -6 5 3 1 -1 -3 -5 6 4 2 0 -2 -4 -6 5 3 1 -1 -3 -5 6 4 2 0 -2 -4 -6 5 3 1 -1 -3 -5 6 4 2 0 -2 -4 -6 5 3 1 -1 -3 -5 6 4 2 0 -2 -4 -6 5 3 1 -1 -3 -5 6 4 2 0 -2 -4 -6 5 3 1 -1 -3 -5 6 4 2 0 -2 -4 -6 5 3 1 -1 -3 -5 6 4 2 0 -2 -4 -6 5 3 1 -1 -3 -5 6 4 2 0 -2 -4 -6 5 3 1 -1 -3 -5 6 4 2 0 -2 -4 -6 5 3 1 -1 -3 -5 6 4 2 0 -2 -4 -6 5 3 1 -1 -3 -5 6 4 2 0 -2 -4 -6 5 3 1 -1 -3 -5 6 4 2 0 -2 -4 -6 5 3 1 -1 -3 -5 6 4 2 0 -2 -4 -6 5 3 1 -1 -3 -5 6 4 2 0 -2 -4 -6 5 3 1 -1 -3 -5 6 4 2 0 -2 -4 -6 5 3 1 -1 -3 -5 6 4 2 0 -2 -4 -6 5 3 1 -1 -3 -5 6 4 2 0 -2 -4 -6 5 3 1 -1 -3 -5 6 4 2 0 -2 -4 -6 5 3 1 -1 -3 -5 6 4 2 0 -2 -4 -6 5 3 1 -1 -3 -5 6 4 2 0 -2 -4 -6 5 3 1 -1 -3 -5 6 4 2 0 -2 -4 -6 5 3 1 -1 -3 -5 6 4 2 0 -2 -4 -6
-2 -4 -6 5 3 1 -1 -3 -5 6 4 2 0 -2 -4 -6 5 3 1 -1 -3 -5 6 4 2 0 -2 -4 -6 5 3 1 -1 -3 -5 6 4 2 0 -2 -4 -6 5 3 1 -1 -3 -5 6 4 2 0 -2 -4 -6 5 3 1 -1 -3 -5 6 4 2 0 -2 -4 -6 5 3 1 -1 -3 -5 6 4 2 0 -2 -4 -6 5 3 1 -1 -3 -5 6 4 2 0 -2 -4 -6 5 3 1 -1 -3 -5 6 4 2 0 -2 -4 -6 5 3 1 -1 -3 -5 6 4 2 0 -2 -4 -6 5 3 1 -1 -3 -5 6 4 2 0 -2 -4 -6 5 3 1 -1 -3 -5 6 4 2 0 -2 -4 -6 5 3 1 -1 -3 -5 6 4 2 0 -2 -4 -6 5 3 1 -1 -3 -5 6 4 2 0 -2 -4 -6 5 3 1 -1 -3 -5 6 4 2 0 -2 -4 -6 5 3 1 -1 -3 -5 6 4 2 0 -2 -4 -6 5 3 1 -1 -3 -5 6 4 2 0 -2 -4 -6 5 3 1 -1 -3 -5 6 4 2 0 -2 -4 -6 5 3 1 -1 -3 -5 6 4 2 0 -2 -4 -6 5 3 1 -1 -3 -5 6 4 2 0 -2 -4 -6 5 3 1 -1 -3 -5 6 4 2 0 -2 -4 -6 5 3 1 -1 -3 -5 6 4 2 0 -2 -4 -6 5 3 1 -1 -3 -5 6 4 2 0 -2 -4 -6 5 3 1 -1 -3 -5 6 4 2 0 -2 -4 -6 5 3 1 -1 -3 -5 6 4 2 0 -2 -4 -6 5 3 1 -1 -3 -5 6 4 2 0 -2 -4 -6 5 3 1 -1 -3 -5 6 4 2 0 -2 -4 -6 5 3 1 -1 -3 -5 6 4 2 0 -2 -4 -6 5 3 1 -1 -3 -5 6 4 2 0 -2 -4 -6 5 3 1 -1 -3 -5 6 4 2 0 -2 -4 -6 5 3 1 -1 -3 -5 6 4 2 0 -2 -4 -6 5 3 1 -1 -3 -5 6 4 2 0 -2 -4 -6 5 3 1 -1 -3 -5 6 4 2 0 -2 -4 -6 5 3 1 -1 -3 -5 6 4 2 0 -2 -4 -6 5 3 1 -1 -3 -5 6 4 2 0 -2 -4 -6 5 3 1 -1 -3 -5 6 4 2 0 -2 -4 -6 5 3 1 -1 -3 -5 6 4 2 0 -2 -4 -6 5 3 1 -1 -3 -5 6 4 2 0 -2 -4 -6 5 3 1 -1 -3 -5 6 4 2 0 -2 -4 -6 5 3 1
5 3 1 -1 -3 -5 6 4 2 0 -2 -4 -6 5 3 1 -1 -3 -5 6 4 2 0 -2 -4 -6 5 3 1 -1 -3 -5 6 4 2 0 -2 -4 -6 5 3 1 -1 -3 -5 6 4 2 0 -2 -4 -6 5 3 1 -1 -3 -5 6 4 2 0 -2 -4 -6 5 3 1 -1 -3 -5 6 4 2 0 -2 -4 -6 5 3 1 -1 -3 -5 6 4 2 0 -2 -4 -6 5 3 1 -1 -3 -5 6 4 2 0 -2 -4 -6 5 3 1 -1 -3 -5 6 4 2 0 -2 -4 -6 5 3 1 -1 -3 -5 6 4 2 0 -2 -4 -6 5 3 1 -1 -3 -5 6 4 2 0 -2 -4 -6 5 3 1 -1 -3 -5 6 4 2 0 -2 -4 -6 5 3 1 -1 -3 -5 6 4 2 0 -2 -4 -6 5 3 1 -1 -3 -5 6 4 2 0 -2 -4 -6 5 3 1 -1 -3 -5 6 4 2 0 -2 -4 -6 5 3 1 -1 -3 -5 6 4 2 0 -2 -4 -6 5 3 1 -1 -3 -5 6 4 2 0 -2 -4 -6 5 3 1 -1 -3 -5 6 4 2 0 -2 -4 -6 5 3 1 -1 -3 -5 6 4 2 0 -2 -4 -6 5 3 1 -1 -3 -5 6 4 2 0 -2 -4 -6 5 3 1 -1 -3 -5 6 4 2 0 -2 -4 -6 5 3 1 -1 -3 -5 6 4 2 0 -2 -4 -6 5 3 1 -1 -3 -5 6 4 2 0 -2 -4 -6 5 3 1 -1 -3 -5 6 4 2 0 -2 -4 -6 5 3 1 -1 -3 -5 6 4 2 0 -2 -4 -6 5 3 1 -1 -3 -5 6 4 2 0 -2 -4 -6 5 3 1 -1 -3 -5 6 4 2 0 -2 -4 -6 5 3 1 -1 -3 -5 6 4 2 0 -2 -4 -6 5 3 1 -1 -3 -5 6 4 2 0 -2 -4 -6 5 3 1 -1 -3 -5 6 4 2 0 -2 -4 -6 5 3 1 -1 -3 -5 6 4 2 0 -2 -4 -6 5 3 1 -1 -3 -5 6 4 2 0 -2 -4 -6 5 3 1 -1 -3 -5 6 4 2 0 -2 -4 -6 5 3 1 -1 -3 -5 6 4 2 0 -2 -4 -6 5 3 1 -1 -3 -5 6 4 2 0 -2 -4 -6 5 3 1 -1 -3 -5 6 4 2 0 -2 -4 -6 5 3 1 -1 -3 -5 6 4 2 0 -2 -4 -6 5 3 1 -1 -3 -5 6 4 2 0 -2 -4 -6 5 3 1 -1 -3 -5
-1 -3 -5 6 4 2 0 -2 -4 -6 5 3 1 -1 -3 -5 6 4 2 0 -2 -4 -6 5 3 1 -1 -3 -5 6 4 2 0 -2 -4 -6 5 3 1 -1 -3 -5 6 4 2 0 -2 -4 -6 5 3 1 -1 -3 -5 6 4 2 0 -2 -4 -6 5 3 1 -1 -3 -5 6 4 2 0 -2 -4 -6 5 3 1 -1 -3 -5 6 4 2 0 -2 -4 -6 5 3 1 -1 -3 -5 6 4 2 0 -2 -4 -6 5 3 1 -1 -3 -5 6 4 2 0 -2 -4 -6 5 3 1 -1 -3 -5 6 4 2 0 -2 -4 -6 5 3 1 -1 -3 -5 6 4 2 0 -2 -4 -6 5 3 1 -1 -3 -5 6 4 2 0 -2 -4 -6 5 3 1 -1 -3 -5 6 4 2 0 -2 -4 -6 5 3 1 -1 -3 -5 6 4 2 0 -2 -4 -6 5 3 1 -1 -3 -5 6 4 2 0 -2 -4 -6 5 3 1 -1 -3 -5 6 4 2 0 -2 -4 -6 5 3 1 -1 -3 -5 6 4 2 0 -2 -4 -6 5 3 1 -1 -3 -5 6 4 2 0 -2 -4 -6 5 3 1 -1 -3 -5 6 4 2 0 -2 -4 -6 5 3 1 -1 -3 -5 6 4 2 0 -2 -4 -6 5 3 1 -1 -3 -5 6 4 2 0 -2 -4 -6 5 3 1 -1 -3 -5 6 4 2 0 -2 -4 -6 5 3 1 -1 -3 -5 6 4 2 0 -2 -4 -6 5 3 1 -1 -3 -5 6 4 2 0 -2 -4 -6 5 3 1 -1 -3 -5 6 4 2 0 -2 -4 -6 5 3 1 -1 -3 -5 6 4 2 0 -2 -4 -6 5 3 1 -1 -3 -5 6 4 2 0 -2 -4 -6 5 3 1 -1 -3 -5 6 4 2 0 -2 -4 -6 5 3 1 -1 -3 -5 6 4 2 0 -2 -4 -6 5 3 1 -1 -3 -5 6 4 2 0 -2 -4 -6 5 3 1 -1 -3 -5 6 4 2 0 -2 -4 -6 5 3 1 -1 -3 -5 6 4 2 0 -2 -4 -6 5 3 1 -1 -3 -5 6 4 2 0 -2 -4 -6 5 3 1 -1 -3 -5 6 4 2 0 -2 -4 -6 5 3 1 -1 -3 -5 6 4 2 0 -2 -4 -6 5 3 1 -1 -3 -5 6 4 2 0 -2 -4 -6 5 3 1 -1 -3 -5 6 4 2 0 -2 -4 -6 5 3 1 -1 -3 -5 6 4 2 0 -2 -4 -6 5 3 1 -1 -3 -5 6 4 2
6 4 2 0 -2 -4 -6 5 3 1 -1 -3 -5 6 4 2 0 -2 -4 -6 5 3 1 -1 -3 -5 6 4 2 0 -2 -4 -6 5 3 1 -1 -3 -5 6 4 2 0 -2 -4 -6 5 3 1 -1 -3 -5 6 4 2 0 -2 -4 -6 5 3 1 -1 -3 -5 6 4 2 0 -2 -4 -6 5 3 1 -1 -3 -5 6 4 2 0 -2 -4 -6 5 3 1 -1 -3 -5 6 4 2 0 -2 -4 -6 5 3 1 -1 -3 -5 6 4 2 0 -2 -4 -6 5 3 1 -1 -3 -5 6 4 2 0 -2 -4 -6 5 3 1 -1 -3 -5 6 4 2 0 -2 -4 -6 5 3 1 -1 -3 -5 6 4 2 0 -2 -4 -6 5 3 1 -1 -3 -5 6 4 2 0 -2 -4 -6 5 3 1 -1 -3 -5 6 4 2 0 -2 -4 -6 5 3 1 -1 -3 -5 6 4 2 0 -2 -4 -6 5 3 1 -1 -3 -5 6 4 2 0 -2 -4 -6 5 3 1 -1 -3 -5 6 4 2 0 -2 -4 -6 5 3 1 -1 -3 -5 6 4 2 0 -2 -4 -6 5 3 1 -1 -3 -5 6 4 2 0 -2 -4 -6 5 3 1 -1 -3 -5 6 4 2 0 -2 -4 -6 5 3 1 -1 -3 -5 6 4 2 0 -2 -4 -6 5 3 1 -1 -3 -5 6 4 2 0 -2 -4 -6 5 3 1 -1 -3 -5 6 4 2 0 -2 -4 -6 5 3 1 -1 -3 -5 6 4 2 0 -2 -4 -6 5 3 1 -1 -3 -5 6 4 2 0 -2 -4 -6 5 3 1 -1 -3 -5 6 4 2 0 -2 -4 -6 5 3 1 -1 -3 -5 6 4 2 0 -2 -4 -6 5 3 1 -1 -3 -5 6 4 2 0 -2 -4 -6 5 3 1 -1 -3 -5 6 4 2 0 -2 -4 -6 5 3 1 -1 -3 -5 6 4 2 0 -2 -4 -6 5 3 1 -1 -3 -5 6 4 2 0 -2 -4 -6 5 3 1 -1 -3 -5 6 4 2 0 -2 -4 -6 5 3 1 -1 -3 -5 6 4 2 0 -2 -4 -6 5 3 1 -1 -3 -5 6 4 2 0 -2 -4 -6 5 3 1 -1 -3 -5 6 4 2 0 -2 -4 -6 5 3 1 -1 -3 -5 6 4 2 0 -2 -4 -6 5 3 1 -1 -3 -5 6 4 2 0 -2 -4 -6 5 3 1 -1 -3 -5 6 4 2 0 -2 -4 -6 5 3 1 -1 -3 -5 6 4 2 0 -2 -4
0 -2 -4 -6 5 3 1 -1 -3 -5 6 4 2 0 -2 -4 -6 5 3 1 -1 -3 -5 6 4 2 0 -2 -4 -6 5 3 1 -1 -3 -5 6 4 2 0 -2 -4 -6 5 3 1 -1 -3 -5 6 4 2 0 -2 -4 -6 5 3 1 -1 -3 -5 6 4 2 0 -2 -4 -6 5 3 1 -1 -3 -5 6 4 2 0 -2 -4 -6 5 3 1 -1 -3 -5 6 4 2 0 -2 -4 -6 5 3 1 -1 -3 -5 6 4 2 0 -2 -4 -6 5 3 1 -1 -3 -5 6 4 2 0 -2 -4 -6 5 3 1 -1 -3 -5 6 4 2 0 -2 -4 -6 5 3 1 -1 -3 -5 6 4 2 0 -2 -4 -6 5 3 1 -1 -3 -5 6 4 2 0 -2 -4 -6 5 3 1 -1 -3 -5 6 4 2 0 -2 -4 -6 5 3 1 -1 -3 -5 6 4 2 0 -2 -4 -6 5 3 1 -1 -3 -5 6 4 2 0 -2 -4 -6 5 3 1 -1 -3 -5 6 4 2 0 -2 -4 -6 5 3 1 -1 -3 -5 6 4 2 0 -2 -4 -6 5 3 1 -1 -3 -5 6 4 2 0 -2 -4 -6 5 3 1 -1 -3 -5 6 4 2 0 -2 -4 -6 5 3 1 -1 -3 -5 6 4 2 0 -2 -4 -6 5 3 1 -1 -3 -5 6 4 2 0 -2 -4 -6 5 3 1 -1 -3 -5 6 4 2 0 -2 -4 -6 5 3 1 -1 -3 -5 6 4 2 0 -2 -4 -6 5 3 1 -1 -3 -5 6 4 2 0 -2 -4 -6 5 3 1 -1 -3 -5 6 4 2 0 -2 -4 -6 5 3 1 -1 -3 -5 6 4 2 0 -2 -4 -6 5 3 1 -1 -3 -5 6 4 2 0 -2 -4 -6 5 3 1 -1 -3 -5 6 4 2 0 -2 -4 -6 5 3 1 -1 -3 -5 6 4 2 0 -2 -4 -6 5 3 1 -1 -3 -5 6 4 2 0 -2 -4 -6 5 3 1 -1 -3 -5 6 4 2 0 -2 -4 -6 5 3 1 -1 -3 -5 6 4 2 0 -2 -4 -6 5 3 1 -1 -3 -5 6 4 2 0 -2 -4 -6 5 3 1 -1 -3 -5 6 4 2 0 -2 -4 -6 5 3 1 -1 -3 -5 6 4 2 0 -2 -4 -6 5 3 1 -1 -3 -5 6 4 2 0 -2 -4 -6 5 3 1 -1 -3 -5 6 4 2 0 -2 -4 -6 5 3 1 -1 -3 -5 6 4 2 0 -2 -4 -6 5 3
-6 5 3 1 -1 -3 -5 6 4 2 0 -2 -4 -6 5 3 1 -1 -3 -5 6 4 2 0 -2 -4 -6 5 3 1 -1 -3 -5 6 4 2 0 -2 -4 -6 5 3 1 -1 -3 -5 6 4 2 0 -2 -4 -6 5 3 1 -1 -3 -5 6 4 2 0 -2 -4 -6 5 3 1 -1 -3 -5 6 4 2 0 -2 -4 -6 5 3 1 -1 -3 -5 6 4 2 0 -2 -4 -6 5 3 1 -1 -3 -5 6 4 2 0 -2 -4 -6 5 3 1 -1 -3 -5 6 4 2 0 -2 -4 -6 5 3 1 -1 -3 -5 6 4 2 0 -2 -4 -6 5 3 1 -1 -3 -5 6 4 2 0 -2 -4 -6 5 3 1 -1 -3 -5 6 4 2 0 -2 -4 -6 5 3 1 -1 -3 -5 6 4 2 0 -2 -4 -6 5 3 1 -1 -3 -5 6 4 2 0 -2 -4 -6 5 3 1 -1 -3 -5 6 4 2 0 -2 -4 -6 5 3 1 -1 -3 -5 6 4 2 0 -2 -4 -6 5 3 1 -1 -3 -5 6 4 2 0 -2 -4 -6 5 3 1 -1 -3 -5 6 4 2 0 -2 -4 -6 5 3 1 -1 -3 -5 6 4 2 0 -2 -4 -6 5 3 1 -1 -3 -5 6 4 2 0 -2 -4 -6 5 3 1 -1 -3 -5 6 4 2 0 -2 -4 -6 5 3 1 -1 -3 -5 6 4 2 0 -2 -4 -6 5 3 1 -1 -3 -5 6 4 2 0 -2 -4 -6 5 3 1 -1 -3 -5 6 4 2 0 -2 -4 -6 5 3 1 -1 -3 -5 6 4 2 0 -2 -4 -6 5 3 1 -1 -3 -5 6 4 2 0 -2 -4 -6 5 3 1 -1 -3 -5 6 4 2 0 -2 -4 -6 5 3 1 -1 -3 -5 6 4 2 0 -2 -4 -6 5 3 1 -1 -3 -5 6 4 2 0 -2 -4 -6 5 3 1 -1 -3 -5 6 4 2 0 -2 -4 -6 5 3 1 -1 -3 -5 6 4 2 0 -2 -4 -6 5 3 1 -1 -3 -5 6 4 2 0 -2 -4 -6 5 3 1 -1 -3 -5 6 4 2 0 -2 -4 -6 5 3 1 -1 -3 -5 6 4 2 0 -2 -4 -6 5 3 1 -1 -3 -5 6 4 2 0 -2 -4 -6 5 3 1 -1 -3 -5 6 4 2 0 -2 -4 -6 5 3 1 -1 -3 -5 6 4 2 0 -2 -4 -6 5 3 1 -1 -3 -5 6 4 2 0 -2 -4 -6 5 3 1 -1 -3
1 -1 -3 -5 6 4 2 0 -2 -4 -6 5 3 1 -1 -3 -5 6 4 2 0 -2 -4 -6 5 3 1 -1 -3 -5 6 4 2 0 -2 -4 -6 5 3 1 -1 -3 -5 6 4 2 0 -2 -4 -6 5 3 1 -1 -3 -5 6 4 2 0 -2 -4 -6 5 3 1 -1 -3 -5 6 4 2 0 -2 -4 -6 5 3 1 -1 -3 -5 6 4 2 0 -2 -4 -6 5 3 1 -1 -3 -5 6 4 2 0 -2 -4 -6 5 3 1 -1 -3 -5 6 4 2 0 -2 -4 -6 5 3 1 -1 -3 -5 6 4 2 0 -2 -4 -6 5 3 1 -1 -3 -5 6 4 2 0 -2 -4 -6 5 3 1 -1 -3 -5 6 4 2 0 -2 -4 -6 5 3 1 -1 -3 -5 6 4 2 0 -2 -4 -6 5 3 1 -1 -3 -5 6 4 2 0 -2 -4 -6 5 3 1 -1 -3 -5 6 4 2 0 -2 -4 -6 5 3 1 -1 -3 -5 6 4 2 0 -2 -4 -6 5 3 1 -1 -3 -5 6 4 2 0 -2 -4 -6 5 3 1 -1 -3 -5 6 4 2 0 -2 -4 -6 5 3 1 -1 -3 -5 6 4 2 0 -2 -4 -6 5 3 1 -1 -3 -5 6 4 2 0 -2 -4 -6 5 3 1 -1 -3 -5 6 4 2 0 -2 -4 -6 5 3 1 -1 -3 -5 6 4 2 0 -2 -4 -6 5 3 1 -1 -3 -5 6 4 2 0 -2 -4 -6 5 3 1 -1 -3 -5 6 4 2 0 -2 -4 -6 5 3 1 -1 -3 -5 6 4 2 0 -2 -4 -6 5 3 1 -1 -3 -5 6 4 2 0 -2 -4 -6 5 3 1 -1 -3 -5 6 4 2 0 -2 -4 -6 5 3 1 -1 -3 -5 6 4 2 0 -2 -4 -6 5 3 1 -1 -3 -5 6 4 2 0 -2 -4 -6 5 3 1 -1 -3 -5 6 4 2 0 -2 -4 -6 5 3 1 -1 -3 -5 6 4 2 0 -2 -4 -6 5 3 1 -1 -3 -5 6 4 2 0 -2 -4 -6 5 3 1 -1 -3 -5 6 4 2 0 -2 -4 -6 5 3 1 -1 -3 -5 6 4 2 0 -2 -4 -6 5 3 1 -1 -3 -5 6 4 2 0 -2 -4 -6 5 3 1 -1 -3 -5 6 4 2 0 -2 -4 -6 5 3 1 -1 -3 -5 6 4 2 0 -2 -4 -6 5 3 1 -1 -3 -5 6 4 2 0 -2 -4 -6 5 3 1 -1 -3 -5 6 4
-5 6 4 2 0 -2 -4 -6 5 3 1 -1 -3 -5 6 4 2 0 -2 -4 -6 5 3 1 -1 -3 -5 6 4 2 0 -2 -4 -6 5 3 1 -1 -3 -5 6 4 2 0 -2 -4 -6 5 3 1 -1 -3 -5 6 4 2 0 -2 -4 -6 5 3 1 -1 -3 -5 6 4 2 0 -2 -4 -6 5 3 1 -1 -3 -5 6 4 2 0 -2 -4 -6 5 3 1 -1 -3 -5 6 4 2 0 -2 -4 -6 5 3 1 -1 -3 -5 6 4 2 0 -2 -4 -6 5 3 1 -1 -3 -5 6 4 2 0 -2 -4 -6 5 3 1 -1 -3 -5 6 4 2 0 -2 -4 -6 5 3 1 -1 -3 -5 6 4 2 0 -2 -4 -6 5 3 1 -1 -3 -5 6 4 2 0 -2 -4 -6 5 3 1 -1 -3 -5 6 4 2 0 -2 -4 -6 5 3 1 -1 -3 -5 6 4 2 0 -2 -4 -6 5 3 1 -1 -3 -5 6 4 2 0 -2 -4 -6 5 3 1 -1 -3 -5 6 4 2 0 -2 -4 -6 5 3 1 -1 -3 -5 6 4 2 0 -2 -4 -6 5 3 1 -1 -3 -5 6 4 2 0 -2 -4 -6 5 3 1 -1 -3 -5 6 4 2 0 -2 -4 -6 5 3 1 -1 -3 -5 6 4 2 0 -2 -4 -6 5 3 1 -1 -3 -5 6 4 2 0 -2 -4 -6 5 3 1 -1 -3 -5 6 4 2 0 -2 -4 -6 5 3 1 -1 -3 -5 6 4 2 0 -2 -4 -6 5 3 1 -1 -3 -5 6 4 2 0 -2 -4 -6 5 3 1 -1 -3 -5 6 4 2 0 -2 -4 -6 5 3 1 -1 -3 -5 6 4 2 0 -2 -4 -6 5 3 1 -1 -3 -5 6 4 2 0 -2 -4 -6 5 3 1 -1 -3 -5 6 4 2 0 -2 -4 -6 5 3 1 -1 -3 -5 6 4 2 0 -2 -4 -6 5 3 1 -1 -3 -5 6 4 2 0 -2 -4 -6 5 3 1 -1 -3 -5 6 4 2 0 -2 -4 -6 5 3 1 -1 -3 -5 6 4 2 0 -2 -4 -6 5 3 1 -1 -3 -5 6 4 2 0 -2 -4 -6 5 3 1 -1 -3 -5 6 4 2 0 -2 -4 -6 5 3 1 -1 -3 -5 6 4 2 0 -2 -4 -6 5 3 1 -1 -3 -5 6 4 2 0 -2 -4 -6 5 3 1 -1 -3 -5 6 4 2 0 -2 -4 -6 5 3 1 -1 -3 -5 6 4 2 0 -2
2 0 -2 -4 -6 5 3 1 -1 -3 -5 6 4 2 0 -2 -4 -6 5 3 1 -1 -3 -5 6 4 2 0 -2 -4 -6 5 3 1 -1 -3 -5 6 4 2 0 -2 -4 -6 5 3 1 -1 -3 -5 6 4 2 0 -2 -4 -6 5 3 1 -1 -3 -5 6 4 2 0 -2 -4 -6 5 3 1 -1 -3 -5 6 4 2 0 -2 -4 -6 5 3 1 -1 -3 -5 6 4 2 0 -2 -4 -6 5 3 1 -1 -3 -5 6 4 2 0 -2 -4 -6 5 3 1 -1 -3 -5 6 4 2 0 -2 -4 -6 5 3 1 -1 -3 -5 6 4 2 0 -2 -4 -6 5 3 1 -1 -3 -5 6 4 2 0 -2 -4 -6 5 3 1 -1 -3 -5 6 4 2 0 -2 -4 -6 5 3 1 -1 -3 -5 6 4 2 0 -2 -4 -6 5 3 1 -1 -3 -5 6 4 2 0 -2 -4 -6 5 3 1 -1 -3 -5 6 4 2 0 -2 -4 -6 5 3 1 -1 -3 -5 6 4 2 0 -2 -4 -6 5 3 1 -1 -3 -5 6 4 2 0 -2 -4 -6 5 3 1 -1 -3 -5 6 4 2 0 -2 -4 -6 5 3 1 -1 -3 -5 6 4 2 0 -2 -4 -6 5 3 1 -1 -3 -5 6 4 2 0 -2 -4 -6 5 3 1 -1 -3 -5 6 4 2 0 -2 -4 -6 5 3 1 -1 -3 -5 6 4 2 0 -2 -4 -6 5 3 1 -1 -3 -5 6 4 2 0 -2 -4 -6 5 3 1 -1 -3 -5 6 4 2 0 -2 -4 -6 5 3 1 -1 -3 -5 6 4 2 0 -2 -4 -6 5 3 1 -1 -3 -5 6 4 2 0 -2 -4 -6 5 3 1 -1 -3 -5 6 4 2 0 -2 -4 -6 5 3 1 -1 -3 -5 6 4 2 0 -2 -4 -6 5 3 1 -1 -3 -5 6 4 2 0 -2 -4 -6 5 3 1 -1 -3 -5 6 4 2 0 -2 -4 -6 5 3 1 -1 -3 -5 6 4 2 0 -2 -4 -6 5 3 1 -1 -3 -5 6 4 2 0 -2 -4 -6 5 3 1 -1 -3 -5 6 4 2 0 -2 -4 -6 5 3 1 -1 -3 -5 6 4 2 0 -2 -4 -6 5 3 1 -1 -3 -5 6 4 2 0 -2 -4 -6 5 3 1 -1 -3 -5 6 4 2 0 -2 -4 -6 5 3 1 -1 -3 -5 6 4 2 0 -2 -4 -6 5 3 1 -1 -3 -5 6 4 2 0 -2 -4 -6 5
-4 -6 5 3 1 -1 -3 -5 6 4 2 0 -2 -4 -6 5 3 1 -1 -3 -5 6 4 2 0 -2 -4 -6 5 3 1 -1 -3 -5 6 4 2 0 -2 -4 -6 5 3 1 -1 -3 -5 6 4 2 0 -2 -4 -6 5 3 1 -1 -3 -5 6 4 2 0 -2 -4 -6 5 3 1 -1 -3 -5 6 4 2 0 -2 -4 -6 5 3 1 -1 -3 -5 6 4 2 0 -2 -4 -6 5 3 1 -1 -3 -5 6 4 2 0 -2 -4 -6 5 3 1 -1 -3 -5 6 4 2 0 -2 -4 -6 5 3 1 -1 -3 -5 6 4 2 0 -2 -4 -6 5 3 1 -1 -3 -5 6 4 2 0 -2 -4 -6 5 3 1 -1 -3 -5 6 4 2 0 -2 -4 -6 5 3 1 -1 -3 -5 6 4 2 0 -2 -4 -6 5 3 1 -1 -3 -5 6 4 2 0 -2 -4 -6 5 3 1 -1 -3 -5 6 4 2 0 -2 -4 -6 5 3 1 -1 -3 -5 6 4 2 0 -2 -4 -6 5 3 1 -1 -3 -5 6 4 2 0 -2 -4 -6 5 3 1 -1 -3 -5 6 4 2 0 -2 -4 -6 5 3 1 -1 -3 -5 6 4 2 0 -2 -4 -6 5 3 1 -1 -3 -5 6 4 2 0 -2 -4 -6 5 3 1 -1 -3 -5 6 4 2 0 -2 -4 -6 5 3 1 -1 -3 -5 6 4 2 0 -2 -4 -6 5 3 1 -1 -3 -5 6 4 2 0 -2 -4 -6 5 3 1 -1 -3 -5 6 4 2 0 -2 -4 -6 5 3 1 -1 -3 -5 6 4 2 0 -2 -4 -6 5 3 1 -1 -3 -5 6 4 2 0 -2 -4 -6 5 3 1 -1 -3 -5 6 4 2 0 -2 -4 -6 5 3 1 -1 -3 -5 6 4 2 0 -2 -4 -6 5 3 1 -1 -3 -5 6 4 2 0 -2 -4 -6 5 3 1 -1 -3 -5 6 4 2 0 -2 -4 -6 5 3 1 -1 -3 -5 6 4 2 0 -2 -4 -6 5 3 1 -1 -3 -5 6 4 2 0 -2 -4 -6 5 3 1 -1 -3 -5 6 4 2 0 -2 -4 -6 5 3 1 -1 -3 -5 6 4 2 0 -2 -4 -6 5 3 1 -1 -3 -5 6 4 2 0 -2 -4 -6 5 3 1 -1 -3 -5 6 4 2 0 -2 -4 -6 5 3 1 -1 -3 -5 6 4 2 0 -2 -4 -6 5 3 1 -1 -3 -5 6 4 2 0 -2 -4 -6 5 3 1 -1
3 1 -1 -3 -5 6 4 2 0 -2 -4 -6 5 3 1 -1 -3 -5 6 4 2 0 -2 -4 -6 5 3 1 -1 -3 -5 6 4 2 0 -2 -4 -6 5 3 1 -1 -3 -5 6 4 2 0 -2 -4 -6 5 3 1 -1 -3 -5 6 4 2 0 -2 -4 -6 5 3 1 -1 -3 -5 6 4 2 0 -2 -4 -6 5 3 1 -1 -3 -5 6 4 2 0 -2 -4 -6 5 3 1 -1 -3 -5 6 4 2 0 -2 -4 -6 5 3 1 -1 -3 -5 6 4 2 0 -2 -4 -6 5 3 1 -1 -3 -5 6 4 2 0 -2 -4 -6 5 3 1 -1 -3 -5 6 4 2 0 -2 -4 -6 5 3 1 -1 -3 -5 6 4 2 0 -2 -4 -6 5 3 1 -1 -3 -5 6 4 2 0 -2 -4 -6 5 3 1 -1 -3 -5 6 4 2 0 -2 -4 -6 5 3 1 -1 -3 -5 6 4 2 0 -2 -4 -6 5 3 1 -1 -3 -5 6 4 2 0 -2 -4 -6 5 3 1 -1 -3 -5 6 4 2 0 -2 -4 -6 5 3 1 -1 -3 -5 6 4 2 0 -2 -4 -6 5 3 1 -1 -3 -5 6 4 2 0 -2 -4 -6 5 3 1 -1 -3 -5 6 4 2 0 -2 -4 -6 5 3 1 -1 -3 -5 6 4 2 0 -2 -4 -6 5 3 1 -1 -3 -5 6 4 2 0 -2 -4 -6 5 3 1 -1 -3 -5 6 4 2 0 -2 -4 -6 5 3 1 -1 -3 -5 6 4 2 0 -2 -4 -6 5 3 1 -1 -3 -5 6 4 2 0 -2 -4 -6 5 3 1 -1 -3 -5 6 4 2 0 -2 -4 -6 5 3 1 -1 -3 -5 6 4 2 0 -2 -4 -6 5 3 1 -1 -3 -5 6 4 2 0 -2 -4 -6 5 3 1 -1 -3 -5 6 4 2 0 -2 -4 -6 5 3 1 -1 -3 -5 6 4 2 0 -2 -4 -6 5 3 1 -1 -3 -5 6 4 2 0 -2 -4 -6 5 3 1 -1 -3 -5 6 4 2 0 -2 -4 -6 5 3 1 -1 -3 -5 6 4 2 0 -2 -4 -6 5 3 1 -1 -3 -5 6 4 2 0 -2 -4 -6 5 3 1 -1 -3 -5 6 4 2 0 -2 -4 -6 5 3 1 -1 -3 -5 6 4 2 0 -2 -4 -6 5 3 1 -1 -3 -5 6 4 2 0 -2 -4 -6 5 3 1 -1 -3 -5 6 4 2 0 -2 -4 -6 5 3 1 -1 -3 -5 6
-3 -5 6 4 2 0 -2 -4 -6 5 3 1 -1 -3 -5 6 4 2 0 -2 -4 -6 5 3 1 -1 -3 -5 6 4 2 0 -2 -4 -6 5 3 1 -1 -3 -5 6 4 2 0 -2 -4 -6 5 3 1 -1 -3 -5 6 4 2 0 -2 -4 -6 5 3 1 -1 -3 -5 6 4 2 0 -2 -4 -6 5 3 1 -1 -3 -5 6 4 2 0 -2 -4 -6 5 3 1 -1 -3 -5 6 4 2 0 -2 -4 -6 5 3 1 -1 -3 -5 6 4 2 0 -2 -4 -6 5 3 1 -1 -3 -5 6 4 2 0 -2 -4 -6 5 3 1 -1 -3 -5 6 4 2 0 -2 -4 -6 5 3 1 -1 -3 -5 6 4 2 0 -2 -4 -6 5 3 1 -1 -3 -5 6 4 2 0 -2 -4 -6 5 3 1 -1 -3 -5 6 4 2 0 -2 -4 -6 5 3 1 -1 -3 -5 6 4 2 0 -2 -4 -6 5 3 1 -1 -3 -5 6 4 2 0 -2 -4 -6 5 3 1 -1 -3 -5 6 4 2 0 -2 -4 -6 5 3 1 -1 -3 -5 6 4 2 0 -2 -4 -6 5 3 1 -1 -3 -5 6 4 2 0 -2 -4 -6 5 3 1 -1 -3 -5 6 4 2 0 -2 -4 -6 5 3 1 -1 -3 -5 6 4 2 0 -2 -4 -6 5 3 1 -1 -3 -5 6 4 2 0 -2 -4 -6 5 3 1 -1 -3 -5 6 4 2 0 -2 -4 -6 5 3 1 -1 -3 -5 6 4 2 0 -2 -4 -6 5 3 1 -1 -3 -5 6 4 2 0 -2 -4 -6 5 3 1 -1 -3 -5 6 4 2 0 -2 -4 -6 5 3 1 -1 -3 -5 6 4 2 0 -2 -4 -6 5 3 1 -1 -3 -5 6 4 2 0 -2 -4 -6 5 3 1 -1 -3 -5 6 4 2 0 -2 -4 -6 5 3 1 -1 -3 -5 6 4 2 0 -2 -4 -6 5 3 1 -1 -3 -5 6 4 2 0 -2 -4 -6 5 3 1 -1 -3 -5 6 4 2 0 -2 -4 -6 5 3 1 -1 -3 -5 6 4 2 0 -2 -4 -6 5 3 1 -1 -3 -5 6 4 2 0 -2 -4 -6 5 3 1 -1 -3 -5 6 4 2 0 -2 -4 -6 5 3 1 -1 -3 -5 6 4 2 0 -2 -4 -6 5 3 1 -1 -3 -5 6 4 2 0 -2 -4 -6 5 3 1 -1 -3 -5 6 4 2 0 -2 -4 -6 5 3 1 -1 -3 -5 6 4 2 0
4 2 0 -2 -4 -6 5 3 1 -1 -3 -5 6 4 2 0 -2 -4 -6 5 3 1 -1 -3 -5 6 4 2 0 -2 -4 -6 5 3 1 -1 -3 -5 6 4 2 0 -2 -4 -6 5 3 1 -1 -3 -5 6 4 2 0 -2 -4 -6 5 3 1 -1 -3 -5 6 4 2 0 -2 -4 -6 5 3 1 -1 -3 -5 6 4 2 0 -2 -4 -6 5 3 1 -1 -3 -5 6 4 2 0 -2 -4 -6 5 3 1 -1 -3 -5 6 4 2 0 -2 -4 -6 5 3 1 -1 -3 -5 6 4 2 0 -2 -4 -6 5 3 1 -1 -3 -5 6 4 2 0 -2 -4 -6 5 3 1 -1 -3 -5 6 4 2 0 -2 -4 -6 5 3 1 -1 -3 -5 6 4 2 0 -2 -4 -6 5 3 1 -1 -3 -5 6 4 2 0 -2 -4 -6 5 3 1 -1 -3 -5 6 4 2 0 -2 -4 -6 5 3 1 -1 -3 -5 6 4 2 0 -2 -4 -6 5 3 1 -1 -3 -5 6 4 2 0 -2 -4 -6 5 3 1 -1 -3 -5 6 4 2 0 -2 -4 -6 5 3 1 -1 -3 -5 6 4 2 0 -2 -4 -6 5 3 1 -1 -3 -5 6 4 2 0 -2 -4 -6 5 3 1 -1 -3 -5 6 4 2 0 -2 -4 -6 5 3 1 -1 -3 -5 6 4 2 0 -2 -4 -6 5 3 1 -1 -3 -5 6 4 2 0 -2 -4 -6 5 3 1 -1 -3 -5 6 4 2 0 -2 -4 -6 5 3 1 -1 -3 -5 6 4 2 0 -2 -4 -6 5 3 1 -1 -3 -5 6 4 2 0 -2 -4 -6 5 3 1 -1 -3 -5 6 4 2 0 -2 -4 -6 5 3 1 -1 -3 -5 6 4 2 0 -2 -4 -6 5 3 1 -1 -3 -5 6 4 2 0 -2 -4 -6 5 3 1 -1 -3 -5 6 4 2 0 -2 -4 -6 5 3 1 -1 -3 -5 6 4 2 0 -2 -4 -6 5 3 1 -1 -3 -5 6 4 2 0 -2 -4 -6 5 3 1 -1 -3 -5 6 4 2 0 -2 -4 -6 5 3 1 -1 -3 -5 6 4 2 0 -2 -4 -6 5 3 1 -1 -3 -5 6 4 2 0 -2 -4 -6 5 3 1 -1 -3 -5 6 4 2 0 -2 -4 -6 5 3 1 -1 -3 -5 6 4 2 0 -2 -4 -6 5 3 1 -1 -3 -5 6 4 2 0 -2 -4 -6 5 3 1 -1 -3 -5 6 4 2 0 -2 -4 -6
-2 -4 -6 5 3 1 -1 -3 -5 6 4 2 0 -2 -4 -6 5 3 1 -1 -3 -5 6 4 2 0 -2 -4 -6 5 3 1 -1 -3 -5 6 4 2 0 -2 -4 -6 5 3 1 -1 -3 -5 6 4 2 0 -2 -4 -6 5 3 1 -1 -3 -5 6 4 2 0 -2 -4 -6 5 3 1 -1 -3 -5 6 4 2 0 -2 -4 -6 5 3 1 -1 -3 -5 6 4 2 0 -2 -4 -6 5 3 1 -1 -3 -5 6 4 2 0 -2 -4 -6 5 3 1 -1 -3 -5 6 4 2 0 -2 -4 -6 5 3 1 -1 -3 -5 6 4 2 0 -2 -4 -6 5 3 1 -1 -3 -5 6 4 2 0 -2 -4 -6 5 3 1 -1 -3 -5 6 4 2 0 -2 -4 -6 5 3 1 -1 -3 -5 6 4 2 0 -2 -4 -6 5 3 1 -1 -3 -5 6 4 2 0 -2 -4 -6 5 3 1 -1 -3 -5 6 4 2 0 -2 -4 -6 5 3 1 -1 -3 -5 6 4 2 0 -2 -4 -6 5 3 1 -1 -3 -5 6 4 2 0 -2 -4 -6 5 3 1 -1 -3 -5 6 4 2 0 -2 -4 -6 5 3 1 -1 -3 -5 6 4 2 0 -2 -4 -6 5 3 1 -1 -3 -5 6 4 2 0 -2 -4 -6 5 3 1 -1 -3 -5 6 4 2 0 -2 -4 -6 5 3 1 -1 -3 -5 6 4 2 0 -2 -4 -6 5 3 1 -1 -3 -5 6 4 2 0 -2 -4 -6 5 3 1 -1 -3 -5 6 4 2 0 -2 -4 -6 5 3 1 -1 -3 -5 6 4 2 0 -2 -4 -6 5 3 1 -1 -3 -5 6 4 2 0 -2 -4 -6 5 3 1 -1 -3 -5 6 4 2 0 -2 -4 -6 5 3 1 -1 -3 -5 6 4 2 0 -2 -4 -6 5 3 1 -1 -3 -5 6 4 2 0 -2 -4 -6 5 3 1 -1 -3 -5 6 4 2 0 -2 -4 -6 5 3 1 -1 -3 -5 6 4 2 0 -2 -4 -6 5 3 1 -1 -3 -5 6 4 2 0 -2 -4 -6 5 3 1 -1 -3 -5 6 4 2 0 -2 -4 -6 5 3 1 -1 -3 -5 6 4 2 0 -2 -4 -6 5 3 1 -1 -3 -5 6 4 2 0 -2 -4 -6 5 3 1 -1 -3 -5 6 4 2 0 -2 -4 -6 5 3 1 -1 -3 -5 6 4 2 0 -2 -4 -6 5 3 1 -1 -3 -5 6 4 2 0 -2 -4 -6 5 3 1
5 3 1 -1 -3 -5 6 4 2 0 -2 -4 -6 5 3 1 -1 -3 -5 6 4 2 0 -2 -4 -6 5 3 1 -1 -3 -5 6 4 2 0 -2 -4 -6 5 3 1 -1 -3 -5 6 4 2 0 -2 -4 -6 5 3 1 -1 -3 -5 6 4 2 0 -2 -4 -6 5 3 1 -1 -3 -5 6 4 2 0 -2 -4 -6 5 3 1 -1 -3 -5 6 4 2 0 -2 -4 -6 5 3 1 -1 -3 -5 6 4 2 0 -2 -4 -6 5 3 1 -1 -3 -5 6 4 2 0 -2 -4 -6 5 3 1 -1 -3 -5 6 4 2 0 -2 -4 -6 5 3 1 -1 -3 -5 6 4 2 0 -2 -4 -6 5 3 1 -1 -3 -5 6 4 2 0 -2 -4 -6 5 3 1 -1 -3 -5 6 4 2 0 -2 -4 -6 5 3 1 -1 -3 -5 6 4 2 0 -2 -4 -6 5 3 1 -1 -3 -5 6 4 2 0 -2 -4 -6 5 3 1 -1 -3 -5 6 4 2 0 -2 -4 -6 5 3 1 -1 -3 -5 6 4 2 0 -2 -4 -6 5 3 1 -1 -3 -5 6 4 2 0 -2 -4 -6 5 3 1 -1 -3 -5 6 4 2 0 -2 -4 -6 5 3 1 -1 -3 -5 6 4 2 0 -2 -4 -6 5 3 1 -1 -3 -5 6 4 2 0 -2 -4 -6 5 3 1 -1 -3 -5 6 4 2 0 -2 -4 -6 5 3 1 -1 -3 -5 6 4 2 0 -2 -4 -6 5 3 1 -1 -3 -5 6 4 2 0 -2 -4 -6 5 3 1 -1 -3 -5 6 4 2 0 -2 -4 -6 5 3 1 -1 -3 -5 6 4 2 0 -2 -4 -6 5 3 1 -1 -3 -5 6 4 2 0 -2 -4 -6 5 3 1 -1 -3 -5 6 4 2 0 -2 -4 -6 5 3 1 -1 -3 -5 6 4 2 0 -2 -4 -6 5 3 1 -1 -3 -5 6 4 2 0 -2 -4 -6 5 3 1 -1 -3 -5 6 4 2 0 -2 -4 -6 5 3 1 -1 -3 -5 6 4 2 0 -2 -4 -6 5 3 1 -1 -3 -5 6 4 2 0 -2 -4 -6 5 3 1 -1 -3 -5 6 4 2 0 -2 -4 -6 5 3 1 -1 -3 -5 6 4 2 0 -2 -4 -6 5 3 1 -1 -3 -5 6 4 2 0 -2 -4 -6 5 3 1 -1 -3 -5 6 4 2 0 -2 -4 -6 5 3 1 -1 -3 -5 6 4 2 0 -2 -4 -6 5 3 1 -1 -3 -5
-1 -3 -5 6 4 2 0 -2 -4 -6 5 3 1 -1 -3 -5 6 4 2 0 -2 -4 -6 5 3 1 -1 -3 -5 6 4 2 0 -2 -4 -6 5 3 1 -1 -3 -5 6 4 2 0 -2 -4 -6 5 3 1 -1 -3 -5 6 4 2 0 -2 -4 -6 5 3 1 -1 -3 -5 6 4 2 0 -2 -4 -6 5 3 1 -1 -3 -5 6 4 2 0 -2 -4 -6 5 3 1 -1 -3 -5 6 4 2 0 -2 -4 -6 5 3 1 -1 -3 -5 6 4 2 0 -2 -4 -6 5 3 1 -1 -3 -5 6 4 2 0 -2 -4 -6 5 3 1 -1 -3 -5 6 4 2 0 -2 -4 -6 5 3 1 -1 -3 -5 6 4 2 0 -2 -4 -6 5 3 1 -1 -3 -5 6 4 2 0 -2 -4 -6 5 3 1 -1 -3 -5 6 4 2 0 -2 -4 -6 5 3 1 -1 -3 -5 6 4 2 0 -2 -4 -6 5 3 1 -1 -3 -5 6 4 2 0 -2 -4 -6 5 3 1 -1 -3 -5 6 4 2 0 -2 -4 -6 5 3 1 -1 -3 -5 6 4 2 0 -2 -4 -6 5 3 1 -1 -3 -5 6 4 2 0 -2 -4 -6 5 3 1 -1 -3 -5 6 4 2 0 -2 -4 -6 5 3 1 -1 -3 -5 6 4 2 0 -2 -4 -6 5 3 1 -1 -3 -5 6 4 2 0 -2 -4 -6 5 3 1 -1 -3 -5 6 4 2 0 -2 -4 -6 5 3 1 -1 -3 -5 6 4 2 0 -2 -4 -6 5 3 1 -1 -3 -5 6 4 2 0 -2 -4 -6 5 3 1 -1 -3 -5 6 4 2 0 -2 -4 -6 5 3 1 -1 -3 -5 6 4 2 0 -2 -4 -6 5 3 1 -1 -3 -5 6 4 2 0 -2 -4 -6 5 3 1 -1 -3 -5 6 4 2 0 -2 -4 -6 5 3 1 -1 -3 -5 6 4 2 0 -2 -4 -6 5 3 1 -1 -3 -5 6 4 2 0 -2 -4 -6 5 3 1 -1 -3 -5 6 4 2 0 -2 -4 -6 5 3 1 -1 -3 -5 6 4 2 0 -2 -4 -6 5 3 1 -1 -3 -5 6 4 2 0 -2 -4 -6 5 3 1 -1 -3 -5 6 4 2 0 -2 -4 -6 5 3 1 -1 -3 -5 6 4 2 0 -2 -4 -6 5 3 1 -1 -3 -5 6 4 2 0 -2 -4 -6 5 3 1 -1 -3 -5 6 4 2 0 -2 -4 -6 5 3 1 -1 -3 -5 6 4 2
6 4 2 0 -2 -4 -6 5 3 1 -1 -3 -5 6 4 2 0 -2 -4 -6 5 3 1 -1 -3 -5 6 4 2 0 -2 -4 -6 5 3 1 -1 -3 -5 6 4 2 0 -2 -4 -6 5 3 1 -1 -3 -5 6 4 2 0 -2 -4 -6 5 3 1 -1 -3 -5 6 4 2 0 -2 -4 -6 5 3 1 -1 -3 -5 6 4 2 0 -2 -4 -6 5 3 1 -1 -3 -5 6 4 2 0 -2 -4 -6 5 3 1 -1 -3 -5 6 4 2 0 -2 -4 -6 5 3 1 -1 -3 -5 6 4 2 0 -2 -4 -6 5 3 1 -1 -3 -5 6 4 2 0 -2 -4 -6 5 3 1 -1 -3 -5 6 4 2 0 -2 -4 -6 5 3 1 -1 -3 -5 6 4 2 0 -2 -4 -6 5 3 1 -1 -3 -5 6 4 2 0 -2 -4 -6 5 3 1 -1 -3 -5 6 4 2 0 -2 -4 -6 5 3 1 -1 -3 -5 6 4 2 0 -2 -4 -6 5 3 1 -1 -3 -5 6 4 2 0 -2 -4 -6 5 3 1 -1 -3 -5 6 4 2 0 -2 -4 -6 5 3 1 -1 -3 -5 6 4 2 0 -2 -4 -6 5 3 1 -1 -3 -5 6 4 2 0 -2 -4 -6 5 3 1 -1 -3 -5 6 4 2 0 -2 -4 -6 5 3 1 -1 -3 -5 6 4 2 0 -2 -4 -6 5 3 1 -1 -3 -5 6 4 2 0 -2 -4 -6 5 3 1 -1 -3 -5 6 4 2 0 -2 -4 -6 5 3 1 -1 -3 -5 6 4 2 0 -2 -4 -6 5 3 1 -1 -3 -5 6 4 2 0 -2 -4 -6 5 3 1 -1 -3 -5 6 4 2 0 -2 -4 -6 5 3 1 -1 -3 -5 6 4 2 0 -2 -4 -6 5 3 1 -1 -3 -5 6 4 2 0 -2 -4 -6 5 3 1 -1 -3 -5 6 4 2 0 -2 -4 -6 5 3 1 -1 -3 -5 6 4 2 0 -2 -4 -6 5 3 1 -1 -3 -5 6 4 2 0 -2 -4 -6 5 3 1 -1 -3 -5 6 4 2 0 -2 -4 -6 5 3 1 -1 -3 -5 6 4 2 0 -2 -4 -6 5 3 1 -1 -3 -5 6 4 2 0 -2 -4 -6 5 3 1 -1 -3 -5 6 4 2 0 -2 -4 -6 5 3 1 -1 -3 -5 6 4 2 0 -2 -4 -6 5 3 1 -1 -3 -5 6 4 2 0 -2 -4 -6 5 3 1 -1 -3 -5 6 4 2 0 -2 -4
0 -2 -4 -6 5 3 1 -1 -3 -5 6 4 2 0 -2 -4 -6 5 3 1 -1 -3 -5 6 4 2 0 -2 -4 -6 5 3 1 -1 -3 -5 6 4 2 0 -2 -4 -6 5 3 1 -1 -3 -5 6 4 2 0 -2 -4 -6 5 3 1 -1 -3 -5 6 4 2 0 -2 -4 -6 5 3 1 -1 -3 -5 6 4 2 0 -2 -4 -6 5 3 1 -1 -3 -5 6 4 2 0 -2 -4 -6 5 3 1 -1 -3 -5 6 4 2 0 -2 -4 -6 5 3 1 -1 -3 -5 6 4 2 0 -2 -4 -6 5 3 1 -1 -3 -5 6 4 2 0 -2 -4 -6 5 3 1 -1 -3 -5 6 4 2 0 -2 -4 -6 5 3 1 -1 -3 -5 6 4 2 0 -2 -4 -6 5 3 1 -1 -3 -5 6 4 2 0 -2 -4 -6 5 3 1 -1 -3 -5 6 4 2 0 -2 -4 -6 5 3 1 -1 -3 -5 6 4 2 0 -2 -4 -6 5 3 1 -1 -3 -5 6 4 2 0 -2 -4 -6 5 3 1 -1 -3 -5 6 4 2 0 -2 -4 -6 5 3 1 -1 -3 -5 6 4 2 0 -2 -4 -6 5 3 1 -1 -3 -5 6 4 2 0 -2 -4 -6 5 3 1 -1 -3 -5 6 4 2 0 -2 -4 -6 5 3 1 -1 -3 -5 6 4 2 0 -2 -4 -6 5 3 1 -1 -3 -5 6 4 2 0 -2 -4 -6 5 3 1 -1 -3 -5 6 4 2 0 -2 -4 -6 5 3 1 -1 -3 -5 6 4 2 0 -2 -4 -6 5 3 1 -1 -3 -5 6 4 2 0 -2 -4 -6 5 3 1 -1 -3 -5 6 4 2 0 -2 -4 -6 5 3 1 -1 -3 -5 6 4 2 0 -2 -4 -6 5 3 1 -1 -3 -5 6 4 2 0 -2 -4 -6 5 3 1 -1 -3 -5 6 4 2 0 -2 -4 -6 5 3 1 -1 -3 -5 6 4 2 0 -2 -4 -6 5 3 1 -1 -3 -5 6 4 2 0 -2 -4 -6 5 3 1 -1 -3 -5 6 4 2 0 -2 -4 -6 5 3 1 -1 -3 -5 6 4 2 0 -2 -4 -6 5 3 1 -1 -3 -5 6 4 2 0 -2 -4 -6 5 3 1 -1 -3 -5 6 4 2 0 -2 -4 -6 5 3 1 -1 -3 -5 6 4 2 0 -2 -4 -6 5 3 1 -1 -3 -5 6 4 2 0 -2 -4 -6 5 3 1 -1 -3 -5 6 4 2 0 -2 -4 -6 5 3
-6 5 3 1 -1 -3 -5 6 4 2 0 -2 -4 -6 5 3 1 -1 -3 -5 6 4 2 0 -2 -4 -6 5 3 1 -1 -3 -5 6 4 2 0 -2 -4 -6 5 3 1 -1 -3 -5 6 4 2 0 -2 -4 -6 5 3 1 -1 -3 -5 6 4 2 0 -2 -4 -6 5 3 1 -1 -3 -5 6 4 2 0 -2 -4 -6 5 3 1 -1 -3 -5 6 4 2 0 -2 -4 -6 5 3 1 -1 -3 -5 6 4 2 0 -2 -4 -6 5 3 1 -1 -3 -5 6 4 2 0 -2 -4 -6 5 3 1 -1 -3 -5 6 4 2 0 -2 -4 -6 5 3 1 -1 -3 -5 6 4 2 0 -2 -4 -6 5 3 1 -1 -3 -5 6 4 2 0 -2 -4 -6 5 3 1 -1 -3 -5 6 4 2 0 -2 -4 -6 5 3 1 -1 -3 -5 6 4 2 0 -2 -4 -6 5 3 1 -1 -3 -5 6 4 2 0 -2 -4 -6 5 3 1 -1 -3 -5 6 4 2 0 -2 -4 -6 5 3 1 -1 -3 -5 6 4 2 0 -2 -4 -6 5 3 1 -1 -3 -5 6 4 2 0 -2 -4 -6 5 3 1 -1 -3 -5 6 4 2 0 -2 -4 -6 5 3 1 -1 -3 -5 6 4 2 0 -2 -4 -6 5 3 1 -1 -3 -5 6 4 2 0 -2 -4 -6 5 3 1 -1 -3 -5 6 4 2 0 -2 -4 -6 5 3 1 -1 -3 -5 6 4 2 0 -2 -4 -6 5 3 1 -1 -3 -5 6 4 2 0 -2 -4 -6 5 3 1 -1 -3 -5 6 4 2 0 -2 -4 -6 5 3 1 -1 -3 -5 6 4 2 0 -2 -4 -6 5 3 1 -1 -3 -5 6 4 2 0 -2 -4 -6 5 3 1 -1 -3 -5 6 4 2 0 -2 -4 -6 5 3 1 -1 -3 -5 6 4 2 0 -2 -4 -6 5 3 1 -1 -3 -5 6 4 2 0 -2 -4 -6 5 3 1 -1 -3 -5 6 4 2 0 -2 -4 -6 5 3 1 -1 -3 -5 6 4 2 0 -2 -4 -6 5 3 1 -1 -3 -5 6 4 2 0 -2 -4 -6 5 3 1 -1 -3 -5 6 4 2 0 -2 -4 -6 5 3 1 -1 -3 -5 6 4 2 0 -2 -4 -6 5 3 1 -1 -3 -5 6 4 2 0 -2 -4 -6 5 3 1 -1 -3 -5 6 4 2 0 -2 -4 -6 5 3 1 -1 -3 -5 6 4 2 0 -2 -4 -6 5 3 1 -1 -3
1 -1 -3 -5 6 4 2 0 -2 -4 -6 5 3 1 -1 -3 -5 6 4 2 0 -2 -4 -6 5 3 1 -1 -3 -5 6 4 2 0 -2 -4 -6 5 3 1 -1 -3 -5 6 4 2 0 -2 -4 -6 5 3 1 -1 -3 -5 6 4 2 0 -2 -4 -6 5 3 1 -1 -3 -5 6 4 2 0 -2 -4 -6 5 3 1 -1 -3 -5 6 4 2 0 -2 -4 -6 5 3 1 -1 -3 -5 6 4 2 0 -2 -4 -6 5 3 1 -1 -3 -5 6 4 2 0 -2 -4 -6 5 3 1 -1 -3 -5 6 4 2 0 -2 -4 -6 5 3 1 -1 -3 -5 6 4 2 0 -2 -4 -6 5 3 1 -1 -3 -5 6 4 2 0 -2 -4 -6 5 3 1 -1 -3 -5 6 4 2 0 -2 -4 -6 5 3 1 -1 -3 -5 6 4 2 0 -2 -4 -6 5 3 1 -1 -3 -5 6 4 2 0 -2 -4 -6 5 3 1 -1 -3 -5 6 4 2 0 -2 -4 -6 5 3 1 -1 -3 -5 6 4 2 0 -2 -4 -6 5 3 1 -1 -3 -5 6 4 2 0 -2 -4 -6 5 3 1 -1 -3 -5 6 4 2 0 -2 -4 -6 5 3 1 -1 -3 -5 6 4 2 0 -2 -4 -6 5 3 1 -1 -3 -5 6 4 2 0 -2 -4 -6 5 3 1 -1 -3 -5 6 4 2 0 -2 -4 -6 5 3 1 -1 -3 -5 6 4 2 0 -2 -4 -6 5 3 1 -1 -3 -5 6 4 2 0 -2 -4 -6 5 3 1 -1 -3 -5 6 4 2 0 -2 -4 -6 5 3 1 -1 -3 -5 6 4 2 0 -2 -4 -6 5 3 1 -1 -3 -5 6 4 2 0 -2 -4 -6 5 3 1 -1 -3 -5 6 4 2 0 -2 -4 -6 5 3 1 -1 -3 -5 6 4 2 0 -2 -4 -6 5 3 1 -1 -3 -5 6 4 2 0 -2 -4 -6 5 3 1 -1 -3 -5 6 4 2 0 -2 -4 -6 5 3 1 -1 -3 -5 6 4 2 0 -2 -4 -6 5 3 1 -1 -3 -5 6 4 2 0 -2 -4 -6 5 3 1 -1 -3 -5 6 4 2 0 -2 -4 -6 5 3 1 -1 -3 -5 6 4 2 0 -2 -4 -6 5 3 1 -1 -3 -5 6 4 2 0 -2 -4 -6 5 3 1 -1 -3 -5 6 4 2 0 -2 -4 -6 5 3 1 -1 -3 -5 6 4 2 0 -2 -4 -6 5 3 1 -1 -3 -5 6 4
-5 6 4 2 0 -2 -4 -6 5 3 1 -1 -3 -5 6 4 2 0 -2 -4 -6 5 3 1 -1 -3 -5 6 4 2 0 -2 -4 -6 5 3 1 -1 -3 -5 6 4 2 0 -2 -4 -6 5 3 1 -1 -3 -5 6 4 2 0 -2 -4 -6 5 3 1 -1 -3 -5 6 4 2 0 -2 -4 -6 5 3 1 -1 -3 -5 6 4 2 0 -2 -4 -6 5 3 1 -1 -3 -5 6 4 2 0 -2 -4 -6 5 3 1 -1 -3 -5 6 4 2 0 -2 -4 -6 5 3 1 -1 -3 -5 6 4 2 0 -2 -4 -6 5 3 1 -1 -3 -5 6 4 2 0 -2 -4 -6 5 3 1 -1 -3 -5 6 4 2 0 -2 -4 -6 5 3 1 -1 -3 -5 6 4 2 0 -2 -4 -6 5 3 1 -1 -3 -5 6 4 2 0 -2 -4 -6 5 3 1 -1 -3 -5 6 4 2 0 -2 -4 -6 5 3 1 -1 -3 -5 6 4 2 0 -2 -4 -6 5 3 1 -1 -3 -5 6 4 2 0 -2 -4 -6 5 3 1 -1 -3 -5 6 4 2 0 -2 -4 -6 5 3 1 -1 -3 -5 6 4 2 0 -2 -4 -6 5 3 1 -1 -3 -5 6 4 2 0 -2 -4 -6 5 3 1 -1 -3 -5 6 4 2 0 -2 -4 -6 5 3 1 -1 -3 -5 6 4 2 0 -2 -4 -6 5 3 1 -1 -3 -5 6 4 2 0 -2 -4 -6 5 3 1 -1 -3 -5 6 4 2 0 -2 -4 -6 5 3 1 -1 -3 -5 6 4 2 0 -2 -4 -6 5 3 1 -1 -3 -5 6 4 2 0 -2 -4 -6 5 3 1 -1 -3 -5 6 4 2 0 -2 -4 -6 5 3 1 -1 -3 -5 6 4 2 0 -2 -4 -6 5 3 1 -1 -3 -5 6 4 2 0 -2 -4 -6 5 3 1 -1 -3 -5 6 4 2 0 -2 -4 -6 5 3 1 -1 -3 -5 6 4 2 0 -2 -4 -6 5 3 1 -1 -3 -5 6 4 2 0 -2 -4 -6 5 3 1 -1 -3 -5 6 4 2 0 -2 -4 -6 5 3 1 -1 -3 -5 6 4 2 0 -2 -4 -6 5 3 1 -1 -3 -5 6 4 2 0 -2 -4 -6 5 3 1 -1 -3 -5 6 4 2 0 -2 -4 -6 5 3 1 -1 -3 -5 6 4 2 0 -2 -4 -6 5 3 1 -1 -3 -5 6 4 2 0 -2 -4 -6 5 3 1 -1 -3 -5 6 4 2 0 -2
2 0 -2 -4 -6 5 3 1 -1 -3 -5 6 4 2 0 -2 -4 -6 5 3 1 -1 -3 -5 6 4 2 0 -2 -4 -6 5 3 1 -1 -3 -5 6 4 2 0 -2 -4 -6 5 3 1 -1 -3 -5 6 4 2 0 -2 -4 -6 5 3 1 -1 -3 -5 6 4 2 0 -2 -4 -6 5 3 1 -1 -3 -5 6 4 2 0 -2 -4 -6 5 3 1 -1 -3 -5 6 4 2 0 -2 -4 -6 5 3 1 -1 -3 -5 6 4 2 0 -2 -4 -6 5 3 1 -1 -3 -5 6 4 2 0 -2 -4 -6 5 3 1 -1 -3 -5 6 4 2 0 -2 -4 -6 5 3 1 -1 -3 -5 6 4 2 0 -2 -4 -6 5 3 1 -1 -3 -5 6 4 2 0 -2 -4 -6 5 3 1 -1 -3 -5 6 4 2 0 -2 -4 -6 5 3 1 -1 -3 -5 6 4 2 0 -2 -4 -6 5 3 1 -1 -3 -5 6 4 2 0 -2 -4 -6 5 3 1 -1 -3 -5 6 4 2 0 -2 -4 -6 5 3 1 -1 -3 -5 6 4 2 0 -2 -4 -6 5 3 1 -1 -3 -5 6 4 2 0 -2 -4 -6 5 3 1 -1 -3 -5 6 4 2 0 -2 -4 -6 5 3 1 -1 -3 -5 6 4 2 0 -2 -4 -6 5 3 1 -1 -3 -5 6 4 2 0 -2 -4 -6 5 3 1 -1 -3 -5 6 4 2 0 -2 -4 -6 5 3 1 -1 -3 -5 6 4 2 0 -2 -4 -6 5 3 1 -1 -3 -5 6 4 2 0 -2 -4 -6 5 3 1 -1 -3 -5 6 4 2 0 -2 -4 -6 5 3 1 -1 -3 -5 6 4 2 0 -2 -4 -6 5 3 1 -1 -3 -5 6 4 2 0 -2 -4 -6 5 3 1 -1 -3 -5 6 4 2 0 -2 -4 -6 5 3 1 -1 -3 -5 6 4 2 0 -2 -4 -6 5 3 1 -1 -3 -5 6 4 2 0 -2 -4 -6 5 3 1 -1 -3 -5 6 4 2 0 -2 -4 -6 5 3 1 -1 -3 -5 6 4 2 0 -2 -4 -6 5 3 1 -1 -3 -5 6 4 2 0 -2 -4 -6 5 3 1 -1 -3 -5 6 4 2 0 -2 -4 -6 5 3 1 -1 -3 -5 6 4 2 0 -2 -4 -6 5 3 1 -1 -3 -5 6 4 2 0 -2 -4 -6 5 3 1 -1 -3 -5 6 4 2 0 -2 -4 -6 5 3 1 -1 -3 -5 6 4 2 0 -2 -4 -6 5
-4 -6 5 3 1 -1 -3 -5 6 4 2 0 -2 -4 -6 5 3 1 -1 -3 -5 6 4 2 0 -2 -4 -6 5 3 1 -1 -3 -5 6 4 2 0 -2 -4 -6 5 3 1 -1 -3 -5 6 4 2 0 -2 -4 -6 5 3 1 -1 -3 -5 6 4 2 0 -2 -4 -6 5 3 1 -1 -3 -5 6 4 2 0 -2 -4 -6 5 3 1 -1 -3 -5 6 4 2 0 -2 -4 -6 5 3 1 -1 -3 -5 6 4 2 0 -2 -4 -6 5 3 1 -1 -3 -5 6 4 2 0 -2 -4 -6 5 3 1 -1 -3 -5 6 4 2 0 -2 -4 -6 5 3 1 -1 -3 -5 6 4 2 0 -2 -4 -6 5 3 1 -1 -3 -5 6 4 2 0 -2 -4 -6 5 3 1 -1 -3 -5 6 4 2 0 -2 -4 -6 5 3 1 -1 -3 -5 6 4 2 0 -2 -4 -6 5 3 1 -1 -3 -5 6 4 2 0 -2 -4 -6 5 3 1 -1 -3 -5 6 4 2 0 -2 -4 -6 5 3 1 -1 -3 -5 6 4 2 0 -2 -4 -6 5 3 1 -1 -3 -5 6 4 2 0 -2 -4 -6 5 3 1 -1 -3 -5 6 4 2 0 -2 -4 -6 5 3 1 -1 -3 -5 6 4 2 0 -2 -4 -6 5 3 1 -1 -3 -5 6 4 2 0 -2 -4 -6 5 3 1 -1 -3 -5 6 4 2 0 -2 -4 -6 5 3 1 -1 -3 -5 6 4 2 0 -2 -4 -6 5 3 1 -1 -3 -5 6 4 2 0 -2 -4 -6 5 3 1 -1 -3 -5 6 4 2 0 -2 -4 -6 5 3 1 -1 -3 -5 6 4 2 0 -2 -4 -6 5 3 1 -1 -3 -5 6 4 2 0 -2 -4 -6 5 3 1 -1 -3 -5 6 4 2 0 -2 -4 -6 5 3 1 -1 -3 -5 6 4 2 0 -2 -4 -6 5 3 1 -1 -3 -5 6 4 2 0 -2 -4 -6 5 3 1 -1 -3 -5 6 4 2 0 -2 -4 -6 5 3 1 -1 -3 -5 6 4 2 0 -2 -4 -6 5 3 1 -1 -3 -5 6 4 2 0 -2 -4 -6 5 3 1 -1 -3 -5 6 4 2 0 -2 -4 -6 5 3 1 -1 -3 -5 6 4 2 0 -2 -4 -6 5 3 1 -1 -3 -5 6 4 2 0 -2 -4 -6 5 3 1 -1 -3 -5 6 4 2 0 -2 -4 -6 5 3 1 -1 -3 -5 6 4 2 0 -2 -4 -6 5 3 1 -1
3 1 -1 -3 -5 6 4 2 0 -2 -4 -6 5 3 1 -1 -3 -5 6 4 2 0 -2 -4 -6 5 3 1 -1 -3 -5 6 4 2 0 -2 -4 -6 5 3 1 -1 -3 -5 6 4 2 0 -2 -4 -6 5 3 1 -1 -3 -5 6 4 2 0 -2 -4 -6 5 3 1 -1 -3 -5 6 4 2 0 -2 -4 -6 5 3 1 -1 -3 -5 6 4 2 0 -2 -4 -6 5 3 1 -1 -3 -5 6 4 2 0 -2 -4 -6 5 3 1 -1 -3 -5 6 4 2 0 -2 -4 -6 5 3 1 -1 -3 -5 6 4 2 0 -2 -4 -6 5 3 1 -1 -3 -5 6 4 2 0 -2 -4 -6 5 3 1 -1 -3 -5 6 4 2 0 -2 -4 -6 5 3 1 -1 -3 -5 6 4 2 0 -2 -4 -6 5 3 1 -1 -3 -5 6 4 2 0 -2 -4 -6 5 3 1 -1 -3 -5 6 4 2 0 -2 -4 -6 5 3 1 -1 -3 -5 6 4 2 0 -2 -4 -6 5 3 1 -1 -3 -5 6 4 2 0 -2 -4 -6 5 3 1 -1 -3 -5 6 4 2 0 -2 -4 -6 5 3 1 -1 -3 -5 6 4 2 0 -2 -4 -6 5 3 1 -1 -3 -5 6 4 2 0 -2 -4 -6 5 3 1 -1 -3 -5 6 4 2 0 -2 -4 -6 5 3 1 -1 -3 -5 6 4 2 0 -2 -4 -6 5 3 1 -1 -3 -5 6 4 2 0 -2 -4 -6 5 3 1 -1 -3 -5 6 4 2 0 -2 -4 -6 5 3 1 -1 -3 -5 6 4 2 0 -2 -4 -6 5 3 1 -1 -3 -5 6 4 2 0 -2 -4 -6 5 3 1 -1 -3 -5 6 4 2 0 -2 -4 -6 5 3 1 -1 -3 -5 6 4 2 0 -2 -4 -6 5 3 1 -1 -3 -5 6 4 2 0 -2 -4 -6 5 3 1 -1 -3 -5 6 4 2 0 -2 -4 -6 5 3 1 -1 -3 -5 6 4 2 0 -2 -4 -6 5 3 1 -1 -3 -5 6 4 2 0 -2 -4 -6 5 3 1 -1 -3 -5 6 4 2 0 -2 -4 -6 5 3 1 -1 -3 -5 6 4 2 0 -2 -4 -6 5 3 1 -1 -3 -5 6 4 2 0 -2 -4 -6 5 3 1 -1 -3 -5 6 4 2 0 -2 -4 -6 5 3 1 -1 -3 -5 6 4 2 0 -2 -4 -6 5 3 1 -1 -3 -5 6 4 2 0 -2 -4 -6 5 3 1 -1 -3 -5 6
-3 -5 6 4 2 0 -2 -4 -6 5 3 1 -1 -3 -5 6 4 2 0 -2 -4 -6 5 3 1 -1 -3 -5 6 4 2 0 -2 -4 -6 5 3 1 -1 -3 -5 6 4 2 0 -2 -4 -6 5 3 1 -1 -3 -5 6 4 2 0 -2 -4 -6 5 3 1 -1 -3 -5 6 4 2 0 -2 -4 -6 5 3 1 -1 -3 -5 6 4 2 0 -2 -4 -6 5 3 1 -1 -3 -5 6 4 2 0 -2 -4 -6 5 3 1 -1 -3 -5 6 4 2 0 -2 -4 -6 5 3 1 -1 -3 -5 6 4 2 0 -2 -4 -6 5 3 1 -1 -3 -5 6 4 2 0 -2 -4 -6 5 3 1 -1 -3 -5 6 4 2 0 -2 -4 -6 5 3 1 -1 -3 -5 6 4 2 0 -2 -4 -6 5 3 1 -1 -3 -5 6 4 2 0 -2 -4 -6 5 3 1 -1 -3 -5 6 4 2 0 -2 -4 -6 5 3 1 -1 -3 -5 6 4 2 0 -2 -4 -6 5 3 1 -1 -3 -5 6 4 2 0 -2 -4 -6 5 3 1 -1 -3 -5 6 4 2 0 -2 -4 -6 5 3 1 -1 -3 -5 6 4 2 0 -2 -4 -6 5 3 1 -1 -3 -5 6 4 2 0 -2 -4 -6 5 3 1 -1 -3 -5 6 4 2 0 -2 -4 -6 5 3 1 -1 -3 -5 6 4 2 0 -2 -4 -6 5 3 1 -1 -3 -5 6 4 2 0 -2 -4 -6 5 3 1 -1 -3 -5 6 4 2 0 -2 -4 -6 5 3 1 -1 -3 -5 6 4 2 0 -2 -4 -6 5 3 1 -1 -3 -5 6 4 2 0 -2 -4 -6 5 3 1 -1 -3 -5 6 4 2 0 -2 -4 -6 5 3 1 -1 -3 -5 6 4 2 0 -2 -4 -6 5 3 1 -1 -3 -5 6 4 2 0 -2 -4 -6 5 3 1 -1 -3 -5 6 4 2 0 -2 -4 -6 5 3 1 -1 -3 -5 6 4 2 0 -2 -4 -6 5 3 1 -1 -3 -5 6 4 2 0 -2 -4 -6 5 3 1 -1 -3 -5 6 4 2 0 -2 -4 -6 5 3 1 -1 -3 -5 6 4 2 0 -2 -4 -6 5 3 1 -1 -3 -5 6 4 2 0 -2 -4 -6 5 3 1 -1 -3 -5 6 4 2 0 -2 -4 -6 5 3 1 -1 -3 -5 6 4 2 0 -2 -4 -6 5 3 1 -1 -3 -5 6 4 2 0 -2 -4 -6 5 3 1 -1 -3 -5 6 4 2 0
4 2 0 -2 -4 -6 5 3 1 -1 -3 -5 6 4 2 0 -2 -4 -6 5 3 1 -1 -3 -5 6 4 2 0 -2 -4 -6 5 3 1 -1 -3 -5 6 4 2 0 -2 -4 -6 5 3 1 -1 -3 -5 6 4 2 0 -2 -4 -6 5 3 1 -1 -3 -5 6 4 2 0 -2 -4 -6 5 3 1 -1 -3 -5 6 4 2 0 -2 -4 -6 5 3 1 -1 -3 -5 6 4 2 0 -2 -4 -6 5 3 1 -1 -3 -5 6 4 2 0 -2 -4 -6 5 3 1 -1 -3 -5 6 4 2 0 -2 -4 -6 5 3 1 -1 -3 -5 6 4 2 0 -2 -4 -6 5 3 1 -1 -3 -5 6 4 2 0 -2 -4 -6 5 3 1 -1 -3 -5 6 4 2 0 -2 -4 -6 5 3 1 -1 -3 -5 6 4 2 0 -2 -4 -6 5 3 1 -1 -3 -5 6 4 2 0 -2 -4 -6 5 3 1 -1 -3 -5 6 4 2 0 -2 -4 -6 5 3 1 -1 -3 -5 6 4 2 0 -2 -4 -6 5 3 1 -1 -3 -5 6 4 2 0 -2 -4 -6 5 3 1 -1 -3 -5 6 4 2 0 -2 -4 -6 5 3 1 -1 -3 -5 6 4 2 0 -2 -4 -6 5 3 1 -1 -3 -5 6 4 2 0 -2 -4 -6 5 3 1 -1 -3 -5 6 4 2 0 -2 -4 -6 5 3 1 -1 -3 -5 6 4 2 0 -2 -4 -6 5 3 1 -1 -3 -5 6 4 2 0 -2 -4 -6 5 3 1 -1 -3 -5 6 4 2 0 -2 -4 -6 5 3 1 -1 -3 -5 6 4 2 0 -2 -4 -6 5 3 1 -1 -3 -5 6 4 2 0 -2 -4 -6 5 3 1 -1 -3 -5 6 4 2 0 -2 -4 -6 5 3 1 -1 -3 -5 6 4 2 0 -2 -4 -6 5 3 1 -1 -3 -5 6 4 2 0 -2 -4 -6 5 3 1 -1 -3 -5 6 4 2 0 -2 -4 -6 5 3 1 -1 -3 -5 6 4 2 0 -2 -4 -6 5 3 1 -1 -3 -5 6 4 2 0 -2 -4 -6 5 3 1 -1 -3 -5 6 4 2 0 -2 -4 -6 5 3 1 -1 -3 -5 6 4 2 0 -2 -4 -6 5 3 1 -1 -3 -5 6 4 2 0 -2 -4 -6 5 3 1 -1 -3 -5 6 4 2 0 -2 -4 -6 5 3 1 -1 -3 -5 6 4 2 0 -2 -4 -6 5 3 1 -1 -3 -5 6 4 2 0 -2 -4 -6
-2 -4 -6 5 3 1 -1 -3 -5 6 4 2 0 -2 -4 -6 5 3 1 -1 -3 -5 6 4 2 0 -2 -4 -6 5 3 1 -1 -3 -5 6 4 2 0 -2 -4 -6 5 3 1 -1 -3 -5 6 4 2 0 -2 -4 -6 5 3 1 -1 -3 -5 6 4 2 0 -2 -4 -6 5 3 1 -1 -3 -5 6 4 2 0 -2 -4 -6 5 3 1 -1 -3 -5 6 4 2 0 -2 -4 -6 5 3 1 -1 -3 -5 6 4 2 0 -2 -4 -6 5 3 1 -1 -3 -5 6 4 2 0 -2 -4 -6 5 3 1 -1 -3 -5 6 4 2 0 -2 -4 -6 5 3 1 -1 -3 -5 6 4 2 0 -2 -4 -6 5 3 1 -1 -3 -5 6 4 2 0 -2 -4 -6 5 3 1 -1 -3 -5 6 4 2 0 -2 -4 -6 5 3 1 -1 -3 -5 6 4 2 0 -2 -4 -6 5 3 1 -1 -3 -5 6 4 2 0 -2 -4 -6 5 3 1 -1 -3 -5 6 4 2 0 -2 -4 -6 5 3 1 -1 -3 -5 6 4 2 0 -2 -4 -6 5 3 1 -1 -3 -5 6 4 2 0 -2 -4 -6 5 3 1 -1 -3 -5 6 4 2 0 -2 -4 -6 5 3 1 -1 -3 -5 6 4 2 0 -2 -4 -6 5 3 1 -1 -3 -5 6 4 2 0 -2 -4 -6 5 3 1 -1 -3 -5 6 4 2 0 -2 -4 -6 5 3 1 -1 -3 -5 6 4 2 0 -2 -4 -6 5 3 1 -1 -3 -5 6 4 2 0 -2 -4 -6 5 3 1 -1 -3 -5 6 4 2 0 -2 -4 -6 5 3 1 -1 -3 -5 6 4 2 0 -2 -4 -6 5 3 1 -1 -3 -5 6 4 2 0 -2 -4 -6 5 3 1 -1 -3 -5 6 4 2 0 -2 -4 -6 5 3 1 -1 -3 -5 6 4 2 0 -2 -4 -6 5 3 1 -1 -3 -5 6 4 2 0 -2 -4 -6 5 3 1 -1 -3 -5 6 4 2 0 -2 -4 -6 5 3 1 -1 -3 -5 6 4 2 0 -2 -4 -6 5 3 1 -1 -3 -5 6 4 2 0 -2 -4 -6 5 3 1 -1 -3 -5 6 4 2 0 -2 -4 -6 5 3 1 -1 -3 -5 6 4 2 0 -2 -4 -6 5 3 1 -1 -3 -5 6 4 2 0 -2 -4 -6 5 3 1 -1 -3 -5 6 4 2 0 -2 -4 -6 5 3 1 -1 -3 -5 6 4 2 0 -2 -4 -6 5 3 1
5 3 1 -1 -3 -5 6 4 2 0 -2 -4 -6 5 3 1 -1 -3 -5 6 4 2 0 -2 -4 -6 5 3 1 -1 -3 -5 6 4 2 0 -2 -4 -6 5 3 1 -1 -3 -5 6 4 2 0 -2 -4 -6 5 3 1 -1 -3 -5 6 4 2 0 -2 -4 -6 5 3 1 -1 -3 -5 6 4 2 0 -2 -4 -6 5 3 1 -1 -3 -5 6 4 2 0 -2 -4 -6 5 3 1 -1 -3 -5 6 4 2 0 -2 -4 -6 5 3 1 -1 -3 -5 6 4 2 0 -2 -4 -6 5 3 1 -1 -3 -5 6 4 2 0 -2 -4 -6 5 3 1 -1 -3 -5 6 4 2 0 -2 -4 -6 5 3 1 -1 -3 -5 6 4 2 0 -2 -4 -6 5 3 1 -1 -3 -5 6 4 2 0 -2 -4 -6 5 3 1 -1 -3 -5 6 4 2 0 -2 -4 -6 5 3 1 -1 -3 -5 6 4 2 0 -2 -4 -6 5 3 1 -1 -3 -5 6 4 2 0 -2 -4 -6 5 3 1 -1 -3 -5 6 4 2 0 -2 -4 -6 5 3 1 -1 -3 -5 6 4 2 0 -2 -4 -6 5 3 1 -1 -3 -5 6 4 2 0 -2 -4 -6 5 3 1 -1 -3 -5 6 4 2 0 -2 -4 -6 5 3 1 -1 -3 -5 6 4 2 0 -2 -4 -6 5 3 1 -1 -3 -5 6 4 2 0 -2 -4 -6 5 3 1 -1 -3 -5 6 4 2 0 -2 -4 -6 5 3 1 -1 -3 -5 6 4 2 0 -2 -4 -6 5 3 1 -1 -3 -5 6 4 2 0 -2 -4 -6 5 3 1 -1 -3 -5 6 4 2 0 -2 -4 -6 5 3 1 -1 -3 -5 6 4 2 0 -2 -4 -6 5 3 1 -1 -3 -5 6 4 2 0 -2 -4 -6 5 3 1 -1 -3 -5 6 4 2 0 -2 -4 -6 5 3 1 -1 -3 -5 6 4 2 0 -2 -4 -6 5 3 1 -1 -3 -5 6 4 2 0 -2 -4 -6 5 3 1 -1 -3 -5 6 4 2 0 -2 -4 -6 5 3 1 -1 -3 -5 6 4 2 0 -2 -4 -6 5 3 1 -1 -3 -5 6 4 2 0 -2 -4 -6 5 3 1 -1 -3 -5 6 4 2 0 -2 -4 -6 5 3 1 -1 -3 -5 6 4 2 0 -2 -4 -6 5 3 1 -1 -3 -5 6 4 2 0 -2 -4 -6 5 3 1 -1 -3 -5 6 4 2 0 -2 -4 -6 5 3 1 -1 -3 -5
-1 -3 -5 6 4 2 0 -2 -4 -6 5 3 1 -1 -3 -5 6 4 2 0 -2 -4 -6 5 3 1 -1 -3 -5 6 4 2 0 -2 -4 -6 5 3 1 -1 -3 -5 6 4 2 0 -2 -4 -6 5 3 1 -1 -3 -5 6 4 2 0 -2 -4 -6 5 3 1 -1 -3 -5 6 4 2 0 -2 -4 -6 5 3 1 -1 -3 -5 6 4 2 0 -2 -4 -6 5 3 1 -1 -3 -5 6 4 2 0 -2 -4 -6 5 3 1 -1 -3 -5 6 4 2 0 -2 -4 -6 5 3 1 -1 -3 -5 6 4 2 0 -2 -4 -6 5 3 1 -1 -3 -5 6 4 2 0 -2 -4 -6 5 3 1 -1 -3 -5 6 4 2 0 -2 -4 -6 5 3 1 -1 -3 -5 6 4 2 0 -2 -4 -6 5 3 1 -1 -3 -5 6 4 2 0 -2 -4 -6 5 3 1 -1 -3 -5 6 4 2 0 -2 -4 -6 5 3 1 -1 -3 -5 6 4 2 0 -2 -4 -6 5 3 1 -1 -3 -5 6 4 2 0 -2 -4 -6 5 3 1 -1 -3 -5 6 4 2 0 -2 -4 -6 5 3 1 -1 -3 -5 6 4 2 0 -2 -4 -6 5 3 1 -1 -3 -5 6 4 2 0 -2 -4 -6 5 3 1 -1 -3 -5 6 4 2 0 -2 -4 -6 5 3 1 -1 -3 -5 6 4 2 0 -2 -4 -6 5 3 1 -1 -3 -5 6 4 2 0 -2 -4 -6 5 3 1 -1 -3 -5 6 4 2 0 -2 -4 -6 5 3 1 -1 -3 -5 6 4 2 0 -2 -4 -6 5 3 1 -1 -3 -5 6 4 2 0 -2 -4 -6 5 3 1 -1 -3 -5 6 4 2 0 -2 -4 -6 5 3 1 -1 -3 -5 6 4 2 0 -2 -4 -6 5 3 1 -1 -3 -5 6 4 2 0 -2 -4 -6 5 3 1 -1 -3 -5 6 4 2 0 -2 -4 -6 5 3 1 -1 -3 -5 6 4 2 0 -2 -4 -6 5 3 1 -1 -3 -5 6 4 2 0 -2 -4 -6 5 3 1 -1 -3 -5 6 4 2 0 -2 -4 -6 5 3 1 -1 -3 -5 6 4 2 0 -2 -4 -6 5 3 1 -1 -3 -5 6 4 2 0 -2 -4 -6 5 3 1 -1 -3 -5 6 4 2 0 -2 -4 -6 5 3 1 -1 -3 -5 6 4 2 0 -2 -4 -6 5 3 1 -1 -3 -5 6 4 2 0 -2 -4 -6 5 3 1 -1 -3 -5 6 4 2
6 4 2 0 -2 -4 -6 5 3 1 -1 -3 -5 6 4 2 0 -2 -4 -6 5 3 1 -1 -3 -5 6 4 2 0 -2 -4 -6 5 3 1 -1 -3 -5 6 4 2 0 -2 -4 -6 5 3 1 -1 -3 -5 6 4 2 0 -2 -4 -6 5 3 1 -1 -3 -5 6 4 2 0 -2 -4 -6 5 3 1 -1 -3 -5 6 4 2 0 -2 -4 -6 5 3 1 -1 -3 -5 6 4 2 0 -2 -4 -6 5 3 1 -1 -3 -5 6 4 2 0 -2 -4 -6 5 3 1 -1 -3 -5 6 4 2 0 -2 -4 -6 5 3 1 -1 -3 -5 6 4 2 0 -2 -4 -6 5 3 1 -1 -3 -5 6 4 2 0 -2 -4 -6 5 3 1 -1 -3 -5 6 4 2 0 -2 -4 -6 5 3 1 -1 -3 -5 6 4 2 0 -2 -4 -6 5 3 1 -1 -3 -5 6 4 2 0 -2 -4 -6 5 3 1 -1 -3 -5 6 4 2 0 -2 -4 -6 5 3 1 -1 -3 -5 6 4 2 0 -2 -4 -6 5 3 1 -1 -3 -5 6 4 2 0 -2 -4 -6 5 3 1 -1 -3 -5 6 4 2 0 -2 -4 -6 5 3 1 -1 -3 -5 6 4 2 0 -2 -4 -6 5 3 1 -1 -3 -5 6 4 2 0 -2 -4 -6 5 3 1 -1 -3 -5 6 4 2 0 -2 -4 -6 5 3 1 -1 -3 -5 6 4 2 0 -2 -4 -6 5 3 1 -1 -3 -5 6 4 2 0 -2 -4 -6 5 3 1 -1 -3 -5 6 4 2 0 -2 -4 -6 5 3 1 -1 -3 -5 6 4 2 0 -2 -4 -6 5 3 1 -1 -3 -5 6 4 2 0 -2 -4 -6 5 3 1 -1 -3 -5 6 4 2 0 -2 -4 -6 5 3 1 -1 -3 -5 6 4 2 0 -2 -4 -6 5 3 1 -1 -3 -5 6 4 2 0 -2 -4 -6 5 3 1 -1 -3 -5 6 4 2 0 -2 -4 -6 5 3 1 -1 -3 -5 6 4 2 0 -2 -4 -6 5 3 1 -1 -3 -5 6 4 2 0 -2 -4 -6 5 3 1 -1 -3 -5 6 4 2 0 -2 -4 -6 5 3 1 -1 -3 -5 6 4 2 0 -2 -4 -6 5 3 1 -1 -3 -5 6 4 2 0 -2 -4 -6 5 3 1 -1 -3 -5 6 4 2 0 -2 -4 -6 5 3 1 -1 -3 -5 6 4 2 0 -2 -4 -6 5 3 1 -1 -3 -5 6 4 2 0 -2 -4
0 -2 -4 -6 5 3 1 -1 -3 -5 6 4 2 0 -2 -4 -6 5 3 1 -1 -3 -5 6 4 2 0 -2 -4 -6 5 3 1 -1 -3 -5 6 4 2 0 -2 -4 -6 5 3 1 -1 -3 -5 6 4 2 0 -2 -4 -6 5 3 1 -1 -3 -5 6 4 2 0 -2 -4 -6 5 3 1 -1 -3 -5 6 4 2 0 -2 -4 -6 5 3 1 -1 -3 -5 6 4 2 0 -2 -4 -6 5 3 1 -1 -3 -5 6 4 2 0 -2 -4 -6 5 3 1 -1 -3 -5 6 4 2 0 -2 -4 -6 5 3 1 -1 -3 -5 6 4 2 0 -2 -4 -6 5 3 1 -1 -3 -5 6 4 2 0 -2 -4 -6 5 3 1 -1 -3 -5 6 4 2 0 -2 -4 -6 5 3 1 -1 -3 -5 6 4 2 0 -2 -4 -6 5 3 1 -1 -3 -5 6 4 2 0 -2 -4 -6 5 3 1 -1 -3 -5 6 4 2 0 -2 -4 -6 5 3 1 -1 -3 -5 6 4 2 0 -2 -4 -6 5 3 1 -1 -3 -5 6 4 2 0 -2 -4 -6 5 3 1 -1 -3 -5 6 4 2 0 -2 -4 -6 5 3 1 -1 -3 -5 6 4 2 0 -2 -4 -6 5 3 1 -1 -3 -5 6 4 2 0 -2 -4 -6 5 3 1 -1 -3 -5 6 4 2 0 -2 -4 -6 5 3 1 -1 -3 -5 6 4 2 0 -2 -4 -6 5 3 1 -1 -3 -5 6 4 2 0 -2 -4 -6 5 3 1 -1 -3 -5 6 4 2 0 -2 -4 -6 5 3 1 -1 -3 -5 6 4 2 0 -2 -4 -6 5 3 1 -1 -3 -5 6 4 2 0 -2 -4 -6 5 3 1 -1 -3 -5 6 4 2 0 -2 -4 -6 5 3 1 -1 -3 -5 6 4 2 0 -2 -4 -6 5 3 1 -1 -3 -5 6 4 2 0 -2 -4 -6 5 3 1 -1 -3 -5 6 4 2 0 -2 -4 -6 5 3 1 -1 -3 -5 6 4 2 0 -2 -4 -6 5 3 1 -1 -3 -5 6 4 2 0 -2 -4 -6 5 3 1 -1 -3 -5 6 4 2 0 -2 -4 -6 5 3 1 -1 -3 -5 6 4 2 0 -2 -4 -6 5 3 1 -1 -3 -5 6 4 2 0 -2 -4 -6 5 3 1 -1 -3 -5 6 4 2 0 -2 -4 -6 5 3 1 -1 -3 -5 6 4 2 0 -2 -4 -6 5 3 1 -1 -3 -5 6 4 2 0 -2 -4 -6 5 3
-6 5 3 1 -1 -3 -5 6 4 2 0 -2 -4 -6 5 3 1 -1 -3 -5 6 4 2 0 -2 -4 -6 5 3 1 -1 -3 -5 6 4 2 0 -2 -4 -6 5 3 1 -1 -3 -5 6 4 2 0 -2 -4 -6 5 3 1 -1 -3 -5 6 4 2 0 -2 -4 -6 5 3 1 -1 -3 -5 6 4 2 0 -2 -4 -6 5 3 1 -1 -3 -5 6 4 2 0 -2 -4 -6 5 3 1 -1 -3 -5 6 4 2 0 -2 -4 -6 5 3 1 -1 -3 -5 6 4 2 0 -2 -4 -6 5 3 1 -1 -3 -5 6 4 2 0 -2 -4 -6 5 3 1 -1 -3 -5 6 4 2 0 -2 -4 -6 5 3 1 -1 -3 -5 6 4 2 0 -2 -4 -6 5 3 1 -1 -3 -5 6 4 2 0 -2 -4 -6 5 3 1 -1 -3 -5 6 4 2 0 -2 -4 -6 5 3 1 -1 -3 -5 6 4 2 0 -2 -4 -6 5 3 1 -1 -3 -5 6 4 2 0 -2 -4 -6 5 3 1 -1 -3 -5 6 4 2 0 -2 -4 -6 5 3 1 -1 -3 -5 6 4 2 0 -2 -4 -6 5 3 1 -1 -3 -5 6 4 2 0 -2 -4 -6 5 3 1 -1 -3 -5 6 4 2 0 -2 -4 -6 5 3 1 -1 -3 -5 6 4 2 0 -2 -4 -6 5 3 1 -1 -3 -5 6 4 2 0 -2 -4 -6 5 3 1 -1 -3 -5 6 4 2 0 -2 -4 -6 5 3 1 -1 -3 -5 6 4 2 0 -2 -4 -6 5 3 1 -1 -3 -5 6 4 2 0 -2 -4 -6 5 3 1 -1 -3 -5 6 4 2 0 -2 -4 -6 5 3 1 -1 -3 -5 6 4 2 0 -2 -4 -6 5 3 1 -1 -3 -5 6 4 2 0 -2 -4 -6 5 3 1 -1 -3 -5 6 4 2 0 -2 -4 -6 5 3 1 -1 -3 -5 6 4 2 0 -2 -4 -6 5 3 1 -1 -3 -5 6 4 2 0 -2 -4 -6 5 3 1 -1 -3 -5 6 4 2 0 -2 -4 -6 5 3 1 -1 -3 -5 6 4 2 0 -2 -4 -6 5 3 1 -1 -3 -5 6 4 2 0 -2 -4 -6 5 3 1 -1 -3 -5 6 4 2 0 -2 -4 -6 5 3 1 -1 -3 -5 6 4 2 0 -2 -4 -6 5 3 1 -1 -3 -5 6 4 2 0 -2 -4 -6 5 3 1 -1 -3 -5 6 4 2 0 -2 -4 -6 5 3 1 -1 -3
1 -1 -3 -5 6 4 2 0 -2 -4 -6 5 3 1 -1 -3 -5 6 4 2 0 -2 -4 -6 5 3 1 -1 -3 -5 6 4 2 0 -2 -4 -6 5 3 1 -1 -3 -5 6 4 2 0 -2 -4 -6 5 3 1 -1 -3 -5 6 4 2 0 -2 -4 -6 5 3 1 -1 -3 -5 6 4 2 0 -2 -4 -6 5 3 1 -1 -3 -5 6 4 2 0 -2 -4 -6 5 3 1 -1 -3 -5 6 4 2 0 -2 -4 -6 5 3 1 -1 -3 -5 6 4 2 0 -2 -4 -6 5 3 1 -1 -3 -5 6 4 2 0 -2 -4 -6 5 3 1 -1 -3 -5 6 4 2 0 -2 -4 -6 5 3 1 -1 -3 -5 6 4 2 0 -2 -4 -6 5 3 1 -1 -3 -5 6 4 2 0 -2 -4 -6 5 3 1 -1 -3 -5 6 4 2 0 -2 -4 -6 5 3 1 -1 -3 -5 6 4 2 0 -2 -4 -6 5 3 1 -1 -3 -5 6 4 2 0 -2 -4 -6 5 3 1 -1 -3 -5 6 4 2 0 -2 -4 -6 5 3 1 -1 -3 -5 6 4 2 0 -2 -4 -6 5 3 1 -1 -3 -5 6 4 2 0 -2 -4 -6 5 3 1 -1 -3 -5 6 4 2 0 -2 -4 -6 5 3 1 -1 -3 -5 6 4 2 0 -2 -4 -6 5 3 1 -1 -3 -5 6 4 2 0 -2 -4 -6 5 3 1 -1 -3 -5 6 4 2 0 -2 -4 -6 5 3 1 -1 -3 -5 6 4 2 0 -2 -4 -6 5 3 1 -1 -3 -5 6 4 2 0 -2 -4 -6 5 3 1 -1 -3 -5 6 4 2 0 -2 -4 -6 5 3 1 -1 -3 -5 6 4 2 0 -2 -4 -6 5 3 1 -1 -3 -5 6 4 2 0 -2 -4 -6 5 3 1 -1 -3 -5 6 4 2 0 -2 -4 -6 5 3 1 -1 -3 -5 6 4 2 0 -2 -4 -6 5 3 1 -1 -3 -5 6 4 2 0 -2 -4 -6 5 3 1 -1 -3 -5 6 4 2 0 -2 -4 -6 5 3 1 -1 -3 -5 6 4 2 0 -2 -4 -6 5 3 1 -1 -3 -5 6 4 2 0 -2 -4 -6 5 3 1 -1 -3 -5 6 4 2 0 -2 -4 -6 5 3 1 -1 -3 -5 6 4 2 0 -2 -4 -6 5 3 1 -1 -3 -5 6 4 2 0 -2 -4 -6 5 3 1 -1 -3 -5 6 4 2 0 -2 -4 -6 5 3 1 -1 -3 -5 6 4
-5 6 4 2 0 -2 -4 -6 5 3 1 -1 -3 -5 6 4 2 0 -2 -4 -6 5 3 1 -1 -3 -5 6 4 2 0 -2 -4 -6 5 3 1 -1 -3 -5 6 4 2 0 -2 -4 -6 5 3 1 -1 -3 -5 6 4 2 0 -2 -4 -6 5 3 1 -1 -3 -5 6 4 2 0 -2 -4 -6 5 3 1 -1 -3 -5 6 4 2 0 -2 -4 -6 5 3 1 -1 -3 -5 6 4 2 0 -2 -4 -6 5 3 1 -1 -3 -5 6 4 2 0 -2 -4 -6 5 3 1 -1 -3 -5 6 4 2 0 -2 -4 -6 5 3 1 -1 -3 -5 6 4 2 0 -2 -4 -6 5 3 1 -1 -3 -5 6 4 2 0 -2 -4 -6 5 3 1 -1 -3 -5 6 4 2 0 -2 -4 -6 5 3 1 -1 -3 -5 6 4 2 0 -2 -4 -6 5 3 1 -1 -3 -5 6 4 2 0 -2 -4 -6 5 3 1 -1 -3 -5 6 4 2 0 -2 -4 -6 5 3 1 -1 -3 -5 6 4 2 0 -2 -4 -6 5 3 1 -1 -3 -5 6 4 2 0 -2 -4 -6 5 3 1 -1 -3 -5 6 4 2 0 -2 -4 -6 5 3 1 -1 -3 -5 6 4 2 0 -2 -4 -6 5 3 1 -1 -3 -5 6 4 2 0 -2 -4 -6 5 3 1 -1 -3 -5 6 4 2 0 -2 -4 -6 5 3 1 -1 -3 -5 6 4 2 0 -2 -4 -6 5 3 1 -1 -3 -5 6 4 2 0 -2 -4 -6 5 3 1 -1 -3 -5 6 4 2 0 -2 -4 -6 5 3 1 -1 -3 -5 6 4 2 0 -2 -4 -6 5 3 1 -1 -3 -5 6 4 2 0 -2 -4 -6 5 3 1 -1 -3 -5 6 4 2 0 -2 -4 -6 5 3 1 -1 -3 -5 6 4 2 0 -2 -4 -6 5 3 1 -1 -3 -5 6 4 2 0 -2 -4 -6 5 3 1 -1 -3 -5 6 4 2 0 -2 -4 -6 5 3 1 -1 -3 -5 6 4 2 0 -2 -4 -6 5 3 1 -1 -3 -5 6 4 2 0 -2 -4 -6 5 3 1 -1 -3 -5 6 4 2 0 -2 -4 -6 5 3 1 -1 -3 -5 6 4 2 0 -2 -4 -6 5 3 1 -1 -3 -5 6 4 2 0 -2 -4 -6 5 3 1 -1 -3 -5 6 4 2 0 -2 -4 -6 5 3 1 -1 -3 -5 6 4 2 0 -2 -4 -6 5 3 1 -1 -3 -5 6 4 2 0 -2
2 0 -2 -4 -6 5 3 1 -1 -3 -5 6 4 2 0 -2 -4 -6 5 3 1 -1 -3 -5 6 4 2 0 -2 -4 -6 5 3 1 -1 -3 -5 6 4 2 0 -2 -4 -6 5 3 1 -1 -3 -5 6 4 2 0 -2 -4 -6 5 3 1 -1 -3 -5 6 4 2 0 -2 -4 -6 5 3 1 -1 -3 -5 6 4 2 0 -2 -4 -6 5 3 1 -1 -3 -5 6 4 2 0 -2 -4 -6 5 3 1 -1 -3 -5 6 4 2 0 -2 -4 -6 5 3 1 -1 -3 -5 6 4 2 0 -2 -4 -6 5 3 1 -1 -3 -5 6 4 2 0 -2 -4 -6 5 3 1 -1 -3 -5 6 4 2 0 -2 -4 -6 5 3 1 -1 -3 -5 6 4 2 0 -2 -4 -6 5 3 1 -1 -3 -5 6 4 2 0 -2 -4 -6 5 3 1 -1 -3 -5 6 4 2 0 -2 -4 -6 5 3 1 -1 -3 -5 6 4 2 0 -2 -4 -6 5 3 1 -1 -3 -5 6 4 2 0 -2 -4 -6 5 3 1 -1 -3 -5 6 4 2 0 -2 -4 -6 5 3 1 -1 -3 -5 6 4 2 0 -2 -4 -6 5 3 1 -1 -3 -5 6 4 2 0 -2 -4 -6 5 3 1 -1 -3 -5 6 4 2 0 -2 -4 -6 5 3 1 -1 -3 -5 6 4 2 0 -2 -4 -6 5 3 1 -1 -3 -5 6 4 2 0 -2 -4 -6 5 3 1 -1 -3 -5 6 4 2 0 -2 -4 -6 5 3 1 -1 -3 -5 6 4 2 0 -2 -4 -6 5 3 1 -1 -3 -5 6 4 2 0 -2 -4 -6 5 3 1 -1 -3 -5 6 4 2 0 -2 -4 -6 5 3 1 -1 -3 -5 6 4 2 0 -2 -4 -6 5 3 1 -1 -3 -5 6 4 2 0 -2 -4 -6 5 3 1 -1 -3 -5 6 4 2 0 -2 -4 -6 5 3 1 -1 -3 -5 6 4 2 0 -2 -4 -6 5 3 1 -1 -3 -5 6 4 2 0 -2 -4 -6 5 3 1 -1 -3 -5 6 4 2 0 -2 -4 -6 5 3 1 -1 -3 -5 6 4 2 0 -2 -4 -6 5 3 1 -1 -3 -5 6 4 2 0 -2 -4 -6 5 3 1 -1 -3 -5 6 4 2 0 -2 -4 -6 5 3 1 -1 -3 -5 6 4 2 0 -2 -4 -6 5 3 1 -1 -3 -5 6 4 2 0 -2 -4 -6 5 3 1 -1 -3 -5 6 4 2 0 -2 -4 -6 5
-4 -6 5 3 1 -1 -3 -5 6 4 2 0 -2 -4 -6 5 3 1 -1 -3 -5 6 4 2 0 -2 -4 -6 5 3 1 -1 -3 -5 6 4 2 0 -2 -4 -6 5 3 1 -1 -3 -5 6 4 2 0 -2 -4 -6 5 3 1 -1 -3 -5 6 4 2 0 -2 -4 -6 5 3 1 -1 -3 -5 6 4 2 0 -2 -4 -6 5 3 1 -1 -3 -5 6 4 2 0 -2 -4 -6 5 3 1 -1 -3 -5 6 4 2 0 -2 -4 -6 5 3 1 -1 -3 -5 6 4 2 0 -2 -4 -6 5 3 1 -1 -3 -5 6 4 2 0 -2 -4 -6 5 3 1 -1 -3 -5 6 4 2 0 -2 -4 -6 5 3 1 -1 -3 -5 6 4 2 0 -2 -4 -6 5 3 1 -1 -3 -5 6 4 2 0 -2 -4 -6 5 3 1 -1 -3 -5 6 4 2 0 -2 -4 -6 5 3 1 -1 -3 -5 6 4 2 0 -2 -4 -6 5 3 1 -1 -3 -5 6 4 2 0 -2 -4 -6 5 3 1 -1 -3 -5 6 4 2 0 -2 -4 -6 5 3 1 -1 -3 -5 6 4 2 0 -2 -4 -6 5 3 1 -1 -3 -5 6 4 2 0 -2 -4 -6 5 3 1 -1 -3 -5 6 4 2 0 -2 -4 -6 5 3 1 -1 -3 -5 6 4 2 0 -2 -4 -6 5 3 1 -1 -3 -5 6 4 2 0 -2 -4 -6 5 3 1 -1 -3 -5 6 4 2 0 -2 -4 -6 5 3 1 -1 -3 -5 6 4 2 0 -2 -4 -6 5 3 1 -1 -3 -5 6 4 2 0 -2 -4 -6 5 3 1 -1 -3 -5 6 4 2 0 -2 -4 -6 5 3 1 -1 -3 -5 6 4 2 0 -2 -4 -6 5 3 1 -1 -3 -5 6 4 2 0 -2 -4 -6 5 3 1 -1 -3 -5 6 4 2 0 -2 -4 -6 5 3 1 -1 -3 -5 6 4 2 0 -2 -4 -6 5 3 1 -1 -3 -5 6 4 2 0 -2 -4 -6 5 3 1 -1 -3 -5 6 4 2 0 -2 -4 -6 5 3 1 -1 -3 -5 6 4 2 0 -2 -4 -6 5 3 1 -1 -3 -5 6 4 2 0 -2 -4 -6 5 3 1 -1 -3 -5 6 4 2 0 -2 -4 -6 5 3 1 -1 -3 -5 6 4 2 0 -2 -4 -6 5 3 1 -1 -3 -5 6 4 2 0 -2 -4 -6 5 3 1 -1 -3 -5 6 4 2 0 -2 -4 -6 5 3 1 -1
3 1 -1 -3 -5 6 4 2 0 -2 -4 -6 5 3 1 -1 -3 -5 6 4 2 0 -2 -4 -6 5 3 1 -1 -3 -5 6 4 2 0 -2 -4 -6 5 3 1 -1 -3 -5 6 4 2 0 -2 -4 -6 5 3 1 -1 -3 -5 6 4 2 0 -2 -4 -6 5 3 1 -1 -3 -5 6 4 2 0 -2 -4 -6 5 3 1 -1 -3 -5 6 4 2 0 -2 -4 -6 5 3 1 -1 -3 -5 6 4 2 0 -2 -4 -6 5 3 1 -1 -3 -5 6 4 2 0 -2 -4 -6 5 3 1 -1 -3 -5 6 4 2 0 -2 -4 -6 5 3 1 -1 -3 -5 6 4 2 0 -2 -4 -6 5 3 1 -1 -3 -5 6 4 2 0 -2 -4 -6 5 3 1 -1 -3 -5 6 4 2 0 -2 -4 -6 5 3 1 -1 -3 -5 6 4 2 0 -2 -4 -6 5 3 1 -1 -3 -5 6 4 2 0 -2 -4 -6 5 3 1 -1 -3 -5 6 4 2 0 -2 -4 -6 5 3 1 -1 -3 -5 6 4 2 0 -2 -4 -6 5 3 1 -1 -3 -5 6 4 2 0 -2 -4 -6 5 3 1 -1 -3 -5 6 4 2 0 -2 -4 -6 5 3 1 -1 -3 -5 6 4 2 0 -2 -4 -6 5 3 1 -1 -3 -5 6 4 2 0 -2 -4 -6 5 3 1 -1 -3 -5 6 4 2 0 -2 -4 -6 5 3 1 -1 -3 -5 6 4 2 0 -2 -4 -6 5 3 1 -1 -3 -5 6 4 2 0 -2 -4 -6 5 3 1 -1 -3 -5 6 4 2 0 -2 -4 -6 5 3 1 -1 -3 -5 6 4 2 0 -2 -4 -6 5 3 1 -1 -3 -5 6 4 2 0 -2 -4 -6 5 3 1 -1 -3 -5 6 4 2 0 -2 -4 -6 5 3 1 -1 -3 -5 6 4 2 0 -2 -4 -6 5 3 1 -1 -3 -5 6 4 2 0 -2 -4 -6 5 3 1 -1 -3 -5 6 4 2 0 -2 -4 -6 5 3 1 -1 -3 -5 6 4 2 0 -2 -4 -6 5 3 1 -1 -3 -5 6 4 2 0 -2 -4 -6 5 3 1 -1 -3 -5 6 4 2 0 -2 -4 -6 5 3 1 -1 -3 -5 6 4 2 0 -2 -4 -6 5 3 1 -1 -3 -5 6 4 2 0 -2 -4 -6 5 3 1 -1 -3 -5 6 4 2 0 -2 -4 -6 5 3 1 -1 -3 -5 6 4 2 0 -2 -4 -6 5 3 1 -1 -3 -5 6
-3 -5 6 4 2 0 -2 -4 -6 5 3 1 -1 -3 -5 6 4 2 0 -2 -4 -6 5 3 1 -1 -3 -5 6 4 2 0 -2 -4 -6 5 3 1 -1 -3 -5 6 4 2 0 -2 -4 -6 5 3 1 -1 -3 -5 6 4 2 0 -2 -4 -6 5 3 1 -1 -3 -5 6 4 2 0 -2 -4 -6 5 3 1 -1 -3 -5 6 4 2 0 -2 -4 -6 5 3 1 -1 -3 -5 6 4 2 0 -2 -4 -6 5 3 1 -1 -3 -5 6 4 2 0 -2 -4 -6 5 3 1 -1 -3 -5 6 4 2 0 -2 -4 -6 5 3 1 -1 -3 -5 6 4 2 0 -2 -4 -6 5 3 1 -1 -3 -5 6 4 2 0 -2 -4 -6 5 3 1 -1 -3 -5 6 4 2 0 -2 -4 -6 5 3 1 -1 -3 -5 6 4 2 0 -2 -4 -6 5 3 1 -1 -3 -5 6 4 2 0 -2 -4 -6 5 3 1 -1 -3 -5 6 4 2 0 -2 -4 -6 5 3 1 -1 -3 -5 6 4 2 0 -2 -4 -6 5 3 1 -1 -3 -5 6 4 2 0 -2 -4 -6 5 3 1 -1 -3 -5 6 4 2 0 -2 -4 -6 5 3 1 -1 -3 -5 6 4 2 0 -2 -4 -6 5 3 1 -1 -3 -5 6 4 2 0 -2 -4 -6 5 3 1 -1 -3 -5 6 4 2 0 -2 -4 -6 5 3 1 -1 -3 -5 6 4 2 0 -2 -4 -6 5 3 1 -1 -3 -5 6 4 2 0 -2 -4 -6 5 3 1 -1 -3 -5 6 4 2 0 -2 -4 -6 5 3 1 -1 -3 -5 6 4 2 0 -2 -4 -6 5 3 1 -1 -3 -5 6 4 2 0 -2 -4 -6 5 3 1 -1 -3 -5 6 4 2 0 -2 -4 -6 5 3 1 -1 -3 -5 6 4 2 0 -2 -4 -6 5 3 1 -1 -3 -5 6 4 2 0 -2 -4 -6 5 3 1 -1 -3 -5 6 4 2 0 -2 -4 -6 5 3 1 -1 -3 -5 6 4 2 0 -2 -4 -6 5 3 1 -1 -3 -5 6 4 2 0 -2 -4 -6 5 3 1 -1 -3 -5 6 4 2 0 -2 -4 -6 5 3 1 -1 -3 -5 6 4 2 0 -2 -4 -6 5 3 1 -1 -3 -5 6 4 2 0 -2 -4 -6 5 3 1 -1 -3 -5 6 4 2 0 -2 -4 -6 5 3 1 -1 -3 -5 6 4 2 0 -2 -4 -6 5 3 1 -1 -3 -5 6 4 2 0
4 2 0 -2 -4 -6 5 3 1 -1 -3 -5 6 4 2 0 -2 -4 -6 5 3 1 -1 -3 -5 6 4 2 0 -2 -4 -6 5 3 1 -1 -3 -5 6 4 2 0 -2 -4 -6 5 3 1 -1 -3 -5 6 4 2 0 -2 -4 -6 5 3 1 -1 -3 -5 6 4 2 0 -2 -4 -6 5 3 1 -1 -3 -5 6 4 2 0 -2 -4 -6 5 3 1 -1 -3 -5 6 4 2 0 -2 -4 -6 5 3 1 -1 -3 -5 6 4 2 0 -2 -4 -6 5 3 1 -1 -3 -5 6 4 2 0 -2 -4 -6 5 3 1 -1 -3 -5 6 4 2 0 -2 -4 -6 5 3 1 -1 -3 -5 6 4 2 0 -2 -4 -6 5 3 1 -1 -3 -5 6 4 2 0 -2 -4 -6 5 3 1 -1 -3 -5 6 4 2 0 -2 -4 -6 5 3 1 -1 -3 -5 6 4 2 0 -2 -4 -6 5 3 1 -1 -3 -5 6 4 2 0 -2 -4 -6 5 3 1 -1 -3 -5 6 4 2 0 -2 -4 -6 5 3 1 -1 -3 -5 6 4 2 0 -2 -4 -6 5 3 1 -1 -3 -5 6 4 2 0 -2 -4 -6 5 3 1 -1 -3 -5 6 4 2 0 -2 -4 -6 5 3 1 -1 -3 -5 6 4 2 0 -2 -4 -6 5 3 1 -1 -3 -5 6 4 2 0 -2 -4 -6 5 3 1 -1 -3 -5 6 4 2 0 -2 -4 -6 5 3 1 -1 -3 -5 6 4 2 0 -2 -4 -6 5 3 1 -1 -3 -5 6 4 2 0 -2 -4 -6 5 3 1 -1 -3 -5 6 4 2 0 -2 -4 -6 5 3 1 -1 -3 -5 6 4 2 0 -2 -4 -6 5 3 1 -1 -3 -5 6 4 2 0 -2 -4 -6 5 3 1 -1 -3 -5 6 4 2 0 -2 -4 -6 5 3 1 -1 -3 -5 6 4 2 0 -2 -4 -6 5 3 1 -1 -3 -5 6 4 2 0 -2 -4 -6 5 3 1 -1 -3 -5 6 4 2 0 -2 -4 -6 5 3 1 -1 -3 -5 6 4 2 0 -2 -4 -6 5 3 1 -1 -3 -5 6 4 2 0 -2 -4 -6 5 3 1 -1 -3 -5 6 4 2 0 -2 -4 -6 5 3 1 -1 -3 -5 6 4 2 0 -2 -4 -6 5 3 1 -1 -3 -5 6 4 2 0 -2 -4 -6 5 3 1 -1 -3 -5 6 4 2 0 -2 -4 -6 5 3 1 -1 -3 -5 6 4 2 0 -2 -4 -6
-2 -4 -6 5 3 1 -1 -3 -5 6 4 2 0 -2 -4 -6 5 3 1 -1 -3 -5 6 4 2 0 -2 -4 -6 5 3 1 -1 -3 -5 6 4 2 0 -2 -4 -6 5 3 1 -1 -3 -5 6 4 2 0 -2 -4 -6 5 3 1 -1 -3 -5 6 4 2 0 -2 -4 -6 5 3 1 -1 -3 -5 6 4 2 0 -2 -4 -6 5 3 1 -1 -3 -5 6 4 2 0 -2 -4 -6 5 3 1 -1 -3 -5 6 4 2 0 -2 -4 -6 5 3 1 -1 -3 -5 6 4 2 0 -2 -4 -6 5 3 1 -1 -3 -5 6 4 2 0 -2 -4 -6 5 3 1 -1 -3 -5 6 4 2 0 -2 -4 -6 5 3 1 -1 -3 -5 6 4 2 0 -2 -4 -6 5 3 1 -1 -3 -5 6 4 2 0 -2 -4 -6 5 3 1 -1 -3 -5 6 4 2 0 -2 -4 -6 5 3 1 -1 -3 -5 6 4 2 0 -2 -4 -6 5 3 1 -1 -3 -5 6 4 2 0 -2 -4 -6 5 3 1 -1 -3 -5 6 4 2 0 -2 -4 -6 5 3 1 -1 -3 -5 6 4 2 0 -2 -4 -6 5 3 1 -1 -3 -5 6 4 2 0 -2 -4 -6 5 3 1 -1 -3 -5 6 4 2 0 -2 -4 -6 5 3 1 -1 -3 -5 6 4 2 0 -2 -4 -6 5 3 1 -1 -3 -5 6 4 2 0 -2 -4 -6 5 3 1 -1 -3 -5 6 4 2 0 -2 -4 -6 5 3 1 -1 -3 -5 6 4 2 0 -2 -4 -6 5 3 1 -1 -3 -5 6 4 2 0 -2 -4 -6 5 3 1 -1 -3 -5 6 4 2 0 -2 -4 -6 5 3 1 -1 -3 -5 6 4 2 0 -2 -4 -6 5 3 1 -1 -3 -5 6 4 2 0 -2 -4 -6 5 3 1 -1 -3 -5 6 4 2 0 -2 -4 -6 5 3 1 -1 -3 -5 6 4 2 0 -2 -4 -6 5 3 1 -1 -3 -5 6 4 2 0 -2 -4 -6 5 3 1 -1 -3 -5 6 4 2 0 -2 -4 -6 5 3 1 -1 -3 -5 6 4 2 0 -2 -4 -6 5 3 1 -1 -3 -5 6 4 2 0 -2 -4 -6 5 3 1 -1 -3 -5 6 4 2 0 -2 -4 -6 5 3 1 -1 -3 -5 6 4 2 0 -2 -4 -6 5 3 1 -1 -3 -5 6 4 2 0 -2 -4 -6 5 3 1 -1 -3 -5 6 4 2 0 -2 -4 -6 5 3 1
5 3 1 -1 -3 -5 6 4 2 0 -2 -4 -6 5 3 1 -1 -3 -5 6 4 2 0 -2 -4 -6 5 3 1 -1 -3 -5 6 4 2 0 -2 -4 -6 5 3 1 -1 -3 -5 6 4 2 0 -2 -4 -6 5 3 1 -1 -3 -5 6 4 2 0 -2 -4 -6 5 3 1 -1 -3 -5 6 4 2 0 -2 -4 -6 5 3 1 -1 -3 -5 6 4 2 0 -2 -4 -6 5 3 1 -1 -3 -5 6 4 2 0 -2 -4 -6 5 3 1 -1 -3 -5 6 4 2 0 -2 -4 -6 5 3 1 -1 -3 -5 6 4 2 0 -2 -4 -6 5 3 1 -1 -3 -5 6 4 2 0 -2 -4 -6 5 3 1 -1 -3 -5 6 4 2 0 -2 -4 -6 5 3 1 -1 -3 -5 6 4 2 0 -2 -4 -6 5 3 1 -1 -3 -5 6 4 2 0 -2 -4 -6 5 3 1 -1 -3 -5 6 4 2 0 -2 -4 -6 5 3 1 -1 -3 -5 6 4 2 0 -2 -4 -6 5 3 1 -1 -3 -5 6 4 2 0 -2 -4 -6 5 3 1 -1 -3 -5 6 4 2 0 -2 -4 -6 5 3 1 -1 -3 -5 6 4 2 0 -2 -4 -6 5 3 1 -1 -3 -5 6 4 2 0 -2 -4 -6 5 3 1 -1 -3 -5 6 4 2 0 -2 -4 -6 5 3 1 -1 -3 -5 6 4 2 0 -2 -4 -6 5 3 1 -1 -3 -5 6 4 2 0 -2 -4 -6 5 3 1 -1 -3 -5 6 4 2 0 -2 -4 -6 5 3 1 -1 -3 -5 6 4 2 0 -2 -4 -6 5 3 1 -1 -3 -5 6 4 2 0 -2 -4 -6 5 3 1 -1 -3 -5 6 4 2 0 -2 -4 -6 5 3 1 -1 -3 -5 6 4 2 0 -2 -4 -6 5 3 1 -1 -3 -5 6 4 2 0 -2 -4 -6 5 3 1 -1 -3 -5 6 4 2 0 -2 -4 -6 5 3 1 -1 -3 -5 6 4 2 0 -2 -4 -6 5 3 1 -1 -3 -5 6 4 2 0 -2 -4 -6 5 3 1 -1 -3 -5 6 4 2 0 -2 -4 -6 5 3 1 -1 -3 -5 6 4 2 0 -2 -4 -6 5 3 1 -1 -3 -5 6 4 2 0 -2 -4 -6 5 3 1 -1 -3 -5 6 4 2 0 -2 -4 -6 5 3 1 -1 -3 -5 6 4 2 0 -2 -4 -6 5 3 1 -1 -3 -5 6 4 2 0 -2 -4 -6 5 3 1 -1 -3 -5
-1 -3 -5 6 4 2 0 -2 -4 -6 5 3 1 -1 -3 -5 6 4 2 0 -2 -4 -6 5 3 1 -1 -3 -5 6 4 2 0 -2 -4 -6 5 3 1 -1 -3 -5 6 4 2 0 -2 -4 -6 5 3 1 -1 -3 -5 6 4 2 0 -2 -4 -6 5 3 1 -1 -3 -5 6 4 2 0 -2 -4 -6 5 3 1 -1 -3 -5 6 4 2 0 -2 -4 -6 5 3 1 -1 -3 -5 6 4 2 0 -2 -4 -6 5 3 1 -1 -3 -5 6 4 2 0 -2 -4 -6 5 3 1 -1 -3 -5 6 4 2 0 -2 -4 -6 5 3 1 -1 -3 -5 6 4 2 0 -2 -4 -6 5 3 1 -1 -3 -5 6 4 2 0 -2 -4 -6 5 3 1 -1 -3 -5 6 4 2 0 -2 -4 -6 5 3 1 -1 -3 -5 6 4 2 0 -2 -4 -6 5 3 1 -1 -3 -5 6 4 2 0 -2 -4 -6 5 3 1 -1 -3 -5 6 4 2 0 -2 -4 -6 5 3 1 -1 -3 -5 6 4 2 0 -2 -4 -6 5 3 1 -1 -3 -5 6 4 2 0 -2 -4 -6 5 3 1 -1 -3 -5 6 4 2 0 -2 -4 -6 5 3 1 -1 -3 -5 6 4 2 0 -2 -4 -6 5 3 1 -1 -3 -5 6 4 2 0 -2 -4 -6 5 3 1 -1 -3 -5 6 4 2 0 -2 -4 -6 5 3 1 -1 -3 -5 6 4 2 0 -2 -4 -6 5 3 1 -1 -3 -5 6 4 2 0 -2 -4 -6 5 3 1 -1 -3 -5 6 4 2 0 -2 -4 -6 5 3 1 -1 -3 -5 6 4 2 0 -2 -4 -6 5 3 1 -1 -3 -5 6 4 2 0 -2 -4 -6 5 3 1 -1 -3 -5 6 4 2 0 -2 -4 -6 5 3 1 -1 -3 -5 6 4 2 0 -2 -4 -6 5 3 1 -1 -3 -5 6 4 2 0 -2 -4 -6 5 3 1 -1 -3 -5 6 4 2 0 -2 -4 -6 5 3 1 -1 -3 -5 6 4 2 0 -2 -4 -6 5 3 1 -1 -3 -5 6 4 2 0 -2 -4 -6 5 3 1 -1 -3 -5 6 4 2 0 -2 -4 -6 5 3 1 -1 -3 -5 6 4 2 0 -2 -4 -6 5 3 1 -1 -3 -5 6 4 2 0 -2 -4 -6 5 3 1 -1 -3 -5 6 4 2 0 -2 -4 -6 5 3 1 -1 -3 -5 6 4 2 0 -2 -4 -6 5 3 1 -1 -3 -5 6 4 2
6 4 2 0 -2 -4 -6 5 3 1 -1 -3 -5 6 4 2 0 -2 -4 -6 5 3 1 -1 -3 -5 6 4 2 0 -2 -4 -6 5 3 1 -1 -3 -5 6 4 2 0 -2 -4 -6 5 3 1 -1 -3 -5 6 4 2 0 -2 -4 -6 5 3 1 -1 -3 -5 6 4 2 0 -2 -4 -6 5 3 1 -1 -3 -5 6 4 2 0 -2 -4 -6 5 3 1 -1 -3 -5 6 4 2 0 -2 -4 -6 5 3 1 -1 -3 -5 6 4 2 0 -2 -4 -6 5 3 1 -1 -3 -5 6 4 2 0 -2 -4 -6 5 3 1 -1 -3 -5 6 4 2 0 -2 -4 -6 5 3 1 -1 -3 -5 6 4 2 0 -2 -4 -6 5 3 1 -1 -3 -5 6 4 2 0 -2 -4 -6 5 3 1 -1 -3 -5 6 4 2 0 -2 -4 -6 5 3 1 -1 -3 -5 6 4 2 0 -2 -4 -6 5 3 1 -1 -3 -5 6 4 2 0 -2 -4 -6 5 3 1 -1 -3 -5 6 4 2 0 -2 -4 -6 5 3 1 -1 -3 -5 6 4 2 0 -2 -4 -6 5 3 1 -1 -3 -5 6 4 2 0 -2 -4 -6 5 3 1 -1 -3 -5 6 4 2 0 -2 -4 -6 5 3 1 -1 -3 -5 6 4 2 0 -2 -4 -6 5 3 1 -1 -3 -5 6 4 2 0 -2 -4 -6 5 3 1 -1 -3 -5 6 4 2 0 -2 -4 -6 5 3 1 -1 -3 -5 6 4 2 0 -2 -4 -6 5 3 1 -1 -3 -5 6 4 2 0 -2 -4 -6 5 3 1 -1 -3 -5 6 4 2 0 -2 -4 -6 5 3 1 -1 -3 -5 6 4 2 0 -2 -4 -6 5 3 1 -1 -3 -5 6 4 2 0 -2 -4 -6 5 3 1 -1 -3 -5 6 4 2 0 -2 -4 -6 5 3 1 -1 -3 -5 6 4 2 0 -2 -4 -6 5 3 1 -1 -3 -5 6 4 2 0 -2 -4 -6 5 3 1 -1 -3 -5 6 4 2 0 -2 -4 -6 5 3 1 -1 -3 -5 6 4 2 0 -2 -4 -6 5 3 1 -1 -3 -5 6 4 2 0 -2 -4 -6 5 3 1 -1 -3 -5 6 4 2 0 -2 -4 -6 5 3 1 -1 -3 -5 6 4 2 0 -2 -4 -6 5 3 1 -1 -3 -5 6 4 2 0 -2 -4 -6 5 3 1 -1 -3 -5 6 4 2 0 -2 -4 -6 5 3 1 -1 -3 -5 6 4 2 0 -2 -4
0 -2 -4 -6 5 3 1 -1 -3 -5 6 4 2 0 -2 -4 -6 5 3 1 -1 -3 -5 6 4 2 0 -2 -4 -6 5 3 1 -1 -3 -5 6 4 2 0 -2 -4 -6 5 3 1 -1 -3 -5 6 4 2 0 -2 -4 -6 5 3 1 -1 -3 -5 6 4 2 0 -2 -4 -6 5 3 1 -1 -3 -5 6 4 2 0 -2 -4 -6 5 3 1 -1 -3 -5 6 4 2 0 -2 -4 -6 5 3 1 -1 -3 -5 6 4 2 0 -2 -4 -6 5 3 1 -1 -3 -5 6 4 2 0 -2 -4 -6 5 3 1 -1 -3 -5 6 4 2 0 -2 -4 -6 5 3 1 -1 -3 -5 6 4 2 0 -2 -4 -6 5 3 1 -1 -3 -5 6 4 2 0 -2 -4 -6 5 3 1 -1 -3 -5 6 4 2 0 -2 -4 -6 5 3 1 -1 -3 -5 6 4 2 0 -2 -4 -6 5 3 1 -1 -3 -5 6 4 2 0 -2 -4 -6 5 3 1 -1 -3 -5 6 4 2 0 -2 -4 -6 5 3 1 -1 -3 -5 6 4 2 0 -2 -4 -6 5 3 1 -1 -3 -5 6 4 2 0 -2 -4 -6 5 3 1 -1 -3 -5 6 4 2 0 -2 -4 -6 5 3 1 -1 -3 -5 6 4 2 0 -2 -4 -6 5 3 1 -1 -3 -5 6 4 2 0 -2 -4 -6 5 3 1 -1 -3 -5 6 4 2 0 -2 -4 -6 5 3 1 -1 -3 -5 6 4 2 0 -2 -4 -6 5 3 1 -1 -3 -5 6 4 2 0 -2 -4 -6 5 3 1 -1 -3 -5 6 4 2 0 -2 -4 -6 5 3 1 -1 -3 -5 6 4 2 0 -2 -4 -6 5 3 1 -1 -3 -5 6 4 2 0 -2 -4 -6 5 3 1 -1 -3 -5 6 4 2 0 -2 -4 -6 5 3 1 -1 -3 -5 6 4 2 0 -2 -4 -6 5 3 1 -1 -3 -5 6 4 2 0 -2 -4 -6 5 3 1 -1 -3 -5 6 4 2 0 -2 -4 -6 5 3 1 -1 -3 -5 6 4 2 0 -2 -4 -6 5 3 1 -1 -3 -5 6 4 2 0 -2 -4 -6 5 3 1 -1 -3 -5 6 4 2 0 -2 -4 -6 5 3 1 -1 -3 -5 6 4 2 0 -2 -4 -6 5 3 1 -1 -3 -5 6 4 2 0 -2 -4 -6 5 3 1 -1 -3 -5 6 4 2 0 -2 -4 -6 5 3 1 -1 -3 -5 6 4 2 0 -2 -4 -6 5 3
-6 5 3 1 -1 -3 -5 6 4 2 0 -2 -4 -6 5 3 1 -1 -3 -5 6 4 2 0 -2 -4 -6 5 3 1 -1 -3 -5 6 4 2 0 -2 -4 -6 5 3 1 -1 -3 -5 6 4 2 0 -2 -4 -6 5 3 1 -1 -3 -5 6 4 2 0 -2 -4 -6 5 3 1 -1 -3 -5 6 4 2 0 -2 -4 -6 5 3 1 -1 -3 -5 6 4 2 0 -2 -4 -6 5 3 1 -1 -3 -5 6 4 2 0 -2 -4 -6 5 3 1 -1 -3 -5 6 4 2 0 -2 -4 -6 5 3 1 -1 -3 -5 6 4 2 0 -2 -4 -6 5 3 1 -1 -3 -5 6 4 2 0 -2 -4 -6 5 3 1 -1 -3 -5 6 4 2 0 -2 -4 -6 5 3 1 -1 -3 -5 6 4 2 0 -2 -4 -6 5 3 1 -1 -3 -5 6 4 2 0 -2 -4 -6 5 3 1 -1 -3 -5 6 4 2 0 -2 -4 -6 5 3 1 -1 -3 -5 6 4 2 0 -2 -4 -6 5 3 1 -1 -3 -5 6 4 2 0 -2 -4 -6 5 3 1 -1 -3 -5 6 4 2 0 -2 -4 -6 5 3 1 -1 -3 -5 6 4 2 0 -2 -4 -6 5 3 1 -1 -3 -5 6 4 2 0 -2 -4 -6 5 3 1 -1 -3 -5 6 4 2 0 -2 -4 -6 5 3 1 -1 -3 -5 6 4 2 0 -2 -4 -6 5 3 1 -1 -3 -5 6 4 2 0 -2 -4 -6 5 3 1 -1 -3 -5 6 4 2 0 -2 -4 -6 5 3 1 -1 -3 -5 6 4 2 0 -2 -4 -6 5 3 1 -1 -3 -5 6 4 2 0 -2 -4 -6 5 3 1 -1 -3 -5 6 4 2 0 -2 -4 -6 5 3 1 -1 -3 -5 6 4 2 0 -2 -4 -6 5 3 1 -1 -3 -5 6 4 2 0 -2 -4 -6 5 3 1 -1 -3 -5 6 4 2 0 -2 -4 -6 5 3 1 -1 -3 -5 6 4 2 0 -2 -4 -6 5 3 1 -1 -3 -5 6 4 2 0 -2 -4 -6 5 3 1 -1 -3 -5 6 4 2 0 -2 -4 -6 5 3 1 -1 -3 -5 6 4 2 0 -2 -4 -6 5 3 1 -1 -3 -5 6 4 2 0 -2 -4 -6 5 3 1 -1 -3 -5 6 4 2 0 -2 -4 -6 5 3 1 -1 -3 -5 6 4 2 0 -2 -4 -6 5 3 1 -1 -3 -5 6 4 2 0 -2 -4 -6 5 3 1 -1 -3
1 -1 -3 -5 6 4 2 0 -2 -4 -6 5 3 1 -1 -3 -5 6 4 2 0 -2 -4 -6 5 3 1 -1 -3 -5 6 4 2 0 -2 -4 -6 5 3 1 -1 -3 -5 6 4 2 0 -2 -4 -6 5 3 1 -1 -3 -5 6 4 2 0 -2 -4 -6 5 3 1 -1 -3 -5 6 4 2 0 -2 -4 -6 5 3 1 -1 -3 -5 6 4 2 0 -2 -4 -6 5 3 1 -1 -3 -5 6 4 2 0 -2 -4 -6 5 3 1 -1 -3 -5 6 4 2 0 -2 -4 -6 5 3 1 -1 -3 -5 6 4 2 0 -2 -4 -6 5 3 1 -1 -3 -5 6 4 2 0 -2 -4 -6 5 3 1 -1 -3 -5 6 4 2 0 -2 -4 -6 5 3 1 -1 -3 -5 6 4 2 0 -2 -4 -6 5 3 1 -1 -3 -5 6 4 2 0 -2 -4 -6 5 3 1 -1 -3 -5 6 4 2 0 -2 -4 -6 5 3 1 -1 -3 -5 6 4 2 0 -2 -4 -6 5 3 1 -1 -3 -5 6 4 2 0 -2 -4 -6 5 3 1 -1 -3 -5 6 4 2 0 -2 -4 -6 5 3 1 -1 -3 -5 6 4 2 0 -2 -4 -6 5 3 1 -1 -3 -5 6 4 2 0 -2 -4 -6 5 3 1 -1 -3 -5 6 4 2 0 -2 -4 -6 5 3 1 -1 -3 -5 6 4 2 0 -2 -4 -6 5 3 1 -1 -3 -5 6 4 2 0 -2 -4 -6 5 3 1 -1 -3 -5 6 4 2 0 -2 -4 -6 5 3 1 -1 -3 -5 6 4 2 0 -2 -4 -6 5 3 1 -1 -3 -5 6 4 2 0 -2 -4 -6 5 3 1 -1 -3 -5 6 4 2 0 -2 -4 -6 5 3 1 -1 -3 -5 6 4 2 0 -2 -4 -6 5 3 1 -1 -3 -5 6 4 2 0 -2 -4 -6 5 3 1 -1 -3 -5 6 4 2 0 -2 -4 -6 5 3 1 -1 -3 -5 6 4 2 0 -2 -4 -6 5 3 1 -1 -3 -5 6 4 2 0 -2 -4 -6 5 3 1 -1 -3 -5 6 4 2 0 -2 -4 -6 5 3 1 -1 -3 -5 6 4 2 0 -2 -4 -6 5 3 1 -1 -3 -5 6 4 2 0 -2 -4 -6 5 3 1 -1 -3 -5 6 4 2 0 -2 -4 -6 5 3 1 -1 -3 -5 6 4 2 0 -2 -4 -6 5 3 1 -1 -3 -5 6 4 2 0 -2 -4 -6 5 3 1 -1 -3 -5 6 4
-5 6 4 2 0 -2 -4 -6 5 3 1 -1 -3 -5 6 4 2 0 -2 -4 -6 5 3 1 -1 -3 -5 6 4 2 0 -2 -4 -6 5 3 1 -1 -3 -5 6 4 2 0 -2 -4 -6 5 3 1 -1 -3 -5 6 4 2 0 -2 -4 -6 5 3 1 -1 -3 -5 6 4 2 0 -2 -4 -6 5 3 1 -1 -3 -5 6 4 2 0 -2 -4 -6 5 3 1 -1 -3 -5 6 4 2 0 -2 -4 -6 5 3 1 -1 -3 -5 6 4 2 0 -2 -4 -6 5 3 1 -1 -3 -5 6 4 2 0 -2 -4 -6 5 3 1 -1 -3 -5 6 4 2 0 -2 -4 -6 5 3 1 -1 -3 -5 6 4 2 0 -2 -4 -6 5 3 1 -1 -3 -5 6 4 2 0 -2 -4 -6 5 3 1 -1 -3 -5 6 4 2 0 -2 -4 -6 5 3 1 -1 -3 -5 6 4 2 0 -2 -4 -6 5 3 1 -1 -3 -5 6 4 2 0 -2 -4 -6 5 3 1 -1 -3 -5 6 4 2 0 -2 -4 -6 5 3 1 -1 -3 -5 6 4 2 0 -2 -4 -6 5 3 1 -1 -3 -5 6 4 2 0 -2 -4 -6 5 3 1 -1 -3 -5 6 4 2 0 -2 -4 -6 5 3 1 -1 -3 -5 6 4 2 0 -2 -4 -6 5 3 1 -1 -3 -5 6 4 2 0 -2 -4 -6 5 3 1 -1 -3 -5 6 4 2 0 -2 -4 -6 5 3 1 -1 -3 -5 6 4 2 0 -2 -4 -6 5 3 1 -1 -3 -5 6 4 2 0 -2 -4 -6 5 3 1 -1 -3 -5 6 4 2 0 -2 -4 -6 5 3 1 -1 -3 -5 6 4 2 0 -2 -4 -6 5 3 1 -1 -3 -5 6 4 2 0 -2 -4 -6 5 3 1 -1 -3 -5 6 4 2 0 -2 -4 -6 5 3 1 -1 -3 -5 6 4 2 0 -2 -4 -6 5 3 1 -1 -3 -5 6 4 2 0 -2 -4 -6 5 3 1 -1 -3 -5 6 4 2 0 -2 -4 -6 5 3 1 -1 -3 -5 6 4 2 0 -2 -4 -6 5 3 1 -1 -3 -5 6 4 2 0 -2 -4 -6 5 3 1 -1 -3 -5 6 4 2 0 -2 -4 -6 5 3 1 -1 -3 -5 6 4 2 0 -2 -4 -6 5 3 1 -1 -3 -5 6 4 2 0 -2 -4 -6 5 3 1 -1 -3 -5 6 4 2 0 -2 -4 -6 5 3 1 -1 -3 -5 6 4 2 0 -2
2 0 -2 -4 -6 5 3 1 -1 -3 -5 6 4 2 0 -2 -4 -6 5 3 1 -1 -3 -5 6 4 2 0 -2 -4 -6 5 3 1 -1 -3 -5 6 4 2 0 -2 -4 -6 5 3 1 -1 -3 -5 6 4 2 0 -2 -4 -6 5 3 1 -1 -3 -5 6 4 2 0 -2 -4 -6 5 3 1 -1 -3 -5 6 4 2 0 -2 -4 -6 5 3 1 -1 -3 -5 6 4 2 0 -2 -4 -6 5 3 1 -1 -3 -5 6 4 2 0 -2 -4 -6 5 3 1 -1 -3 -5 6 4 2 0 -2 -4 -6 5 3 1 -1 -3 -5 6 4 2 0 -2 -4 -6 5 3 1 -1 -3 -5 6 4 2 0 -2 -4 -6 5 3 1 -1 -3 -5 6 4 2 0 -2 -4 -6 5 3 1 -1 -3 -5 6 4 2 0 -2 -4 -6 5 3 1 -1 -3 -5 6 4 2 0 -2 -4 -6 5 3 1 -1 -3 -5 6 4 2 0 -2 -4 -6 5 3 1 -1 -3 -5 6 4 2 0 -2 -4 -6 5 3 1 -1 -3 -5 6 4 2 0 -2 -4 -6 5 3 1 -1 -3 -5 6 4 2 0 -2 -4 -6 5 3 1 -1 -3 -5 6 4 2 0 -2 -4 -6 5 3 1 -1 -3 -5 6 4 2 0 -2 -4 -6 5 3 1 -1 -3 -5 6 4 2 0 -2 -4 -6 5 3 1 -1 -3 -5 6 4 2 0 -2 -4 -6 5 3 1 -1 -3 -5 6 4 2 0 -2 -4 -6 5 3 1 -1 -3 -5 6 4 2 0 -2 -4 -6 5 3 1 -1 -3 -5 6 4 2 0 -2 -4 -6 5 3 1 -1 -3 -5 6 4 2 0 -2 -4 -6 5 3 1 -1 -3 -5 6 4 2 0 -2 -4 -6 5 3 1 -1 -3 -5 6 4 2 0 -2 -4 -6 5 3 1 -1 -3 -5 6 4 2 0 -2 -4 -6 5 3 1 -1 -3 -5 6 4 2 0 -2 -4 -6 5 3 1 -1 -3 -5 6 4 2 0 -2 -4 -6 5 3 1 -1 -3 -5 6 4 2 0 -2 -4 -6 5 3 1 -1 -3 -5 6 4 2 0 -2 -4 -6 5 3 1 -1 -3 -5 6 4 2 0 -2 -4 -6 5 3 1 -1 -3 -5 6 4 2 0 -2 -4 -6 5 3 1 -1 -3 -5 6 4 2 0 -2 -4 -6 5 3 1 -1 -3 -5 6 4 2 0 -2 -4 -6 5 3 1 -1 -3 -5 6 4 2 0 -2 -4 -6 5
-4 -6 5 3 1 -1 -3 -5 6 4 2 0 -2 -4 -6 5 3 1 -1 -3 -5 6 4 2 0 -2 -4 -6 5 3 1 -1 -3 -5 6 4 2 0 -2 -4 -6 5 3 1 -1 -3 -5 6 4 2 0 -2 -4 -6 5 3 1 -1 -3 -5 6 4 2 0 -2 -4 -6 5 3 1 -1 -3 -5 6 4 2 0 -2 -4 -6 5 3 1 -1 -3 -5 6 4 2 0 -2 -4 -6 5 3 1 -1 -3 -5 6 4 2 0 -2 -4 -6 5 3 1 -1 -3 -5 6 4 2 0 -2 -4 -6 5 3 1 -1 -3 -5 6 4 2 0 -2 -4 -6 5 3 1 -1 -3 -5 6 4 2 0 -2 -4 -6 5 3 1 -1 -3 -5 6 4 2 0 -2 -4 -6 5 3 1 -1 -3 -5 6 4 2 0 -2 -4 -6 5 3 1 -1 -3 -5 6 4 2 0 -2 -4 -6 5 3 1 -1 -3 -5 6 4 2 0 -2 -4 -6 5 3 1 -1 -3 -5 6 4 2 0 -2 -4 -6 5 3 1 -1 -3 -5 6 4 2 0 -2 -4 -6 5 3 1 -1 -3 -5 6 4 2 0 -2 -4 -6 5 3 1 -1 -3 -5 6 4 2 0 -2 -4 -6 5 3 1 -1 -3 -5 6 4 2 0 -2 -4 -6 5 3 1 -1 -3 -5 6 4 2 0 -2 -4 -6 5 3 1 -1 -3 -5 6 4 2 0 -2 -4 -6 5 3 1 -1 -3 -5 6 4 2 0 -2 -4 -6 5 3 1 -1 -3 -5 6 4 2 0 -2 -4 -6 5 3 1 -1 -3 -5 6 4 2 0 -2 -4 -6 5 3 1 -1 -3 -5 6 4 2 0 -2 -4 -6 5 3 1 -1 -3 -5 6 4 2 0 -2 -4 -6 5 3 1 -1 -3 -5 6 4 2 0 -2 -4 -6 5 3 1 -1 -3 -5 6 4 2 0 -2 -4 -6 5 3 1 -1 -3 -5 6 4 2 0 -2 -4 -6 5 3 1 -1 -3 -5 6 4 2 0 -2 -4 -6 5 3 1 -1 -3 -5 6 4 2 0 -2 -4 -6 5 3 1 -1 -3 -5 6 4 2 0 -2 -4 -6 5 3 1 -1 -3 -5 6 4 2 0 -2 -4 -6 5 3 1 -1 -3 -5 6 4 2 0 -2 -4 -6 5 3 1 -1 -3 -5 6 4 2 0 -2 -4 -6 5 3 1 -1 -3 -5 6 4 2 0 -2 -4 -6 5 3 1 -1 -3 -5 6 4 2 0 -2 -4 -6 5 3 1 -1
3 1 -1 -3 -5 6 4 2 0 -2 -4 -6 5 3 1 -1 -3 -5 6 4 2 0 -2 -4 -6 5 3 1 -1 -3 -5 6 4 2 0 -2 -4 -6 5 3 1 -1 -3 -5 6 4 2 0 -2 -4 -6 5 3 1 -1 -3 -5 6 4 2 0 -2 -4 -6 5 3 1 -1 -3 -5 6 4 2 0 -2 -4 -6 5 3 1 -1 -3 -5 6 4 2 0 -2 -4 -6 5 3 1 -1 -3 -5 6 4 2 0 -2 -4 -6 5 3 1 -1 -3 -5 6 4 2 0 -2 -4 -6 5 3 1 -1 -3 -5 6 4 2 0 -2 -4 -6 5 3 1 -1 -3 -5 6 4 2 0 -2 -4 -6 5 3 1 -1 -3 -5 6 4 2 0 -2 -4 -6 5 3 1 -1 -3 -5 6 4 2 0 -2 -4 -6 5 3 1 -1 -3 -5 6 4 2 0 -2 -4 -6 5 3 1 -1 -3 -5 6 4 2 0 -2 -4 -6 5 3 1 -1 -3 -5 6 4 2 0 -2 -4 -6 5 3 1 -1 -3 -5 6 4 2 0 -2 -4 -6 5 3 1 -1 -3 -5 6 4 2 0 -2 -4 -6 5 3 1 -1 -3 -5 6 4 2 0 -2 -4 -6 5 3 1 -1 -3 -5 6 4 2 0 -2 -4 -6 5 3 1 -1 -3 -5 6 4 2 0 -2 -4 -6 5 3 1 -1 -3 -5 6 4 2 0 -2 -4 -6 5 3 1 -1 -3 -5 6 4 2 0 -2 -4 -6 5 3 1 -1 -3 -5 6 4 2 0 -2 -4 -6 5 3 1 -1 -3 -5 6 4 2 0 -2 -4 -6 5 3 1 -1 -3 -5 6 4 2 0 -2 -4 -6 5 3 1 -1 -3 -5 6 4 2 0 -2 -4 -6 5 3 1 -1 -3 -5 6 4 2 0 -2 -4 -6 5 3 1 -1 -3 -5 6 4 2 0 -2 -4 -6 5 3 1 -1 -3 -5 6 4 2 0 -2 -4 -6 5 3 1 -1 -3 -5 6 4 2 0 -2 -4 -6 5 3 1 -1 -3 -5 6 4 2 0 -2 -4 -6 5 3 1 -1 -3 -5 6 4 2 0 -2 -4 -6 5 3 1 -1 -3 -5 6 4 2 0 -2 -4 -6 5 3 1 -1 -3 -5 6 4 2 0 -2 -4 -6 5 3 1 -1 -3 -5 6 4 2 0 -2 -4 -6 5 3 1 -1 -3 -5 6 4 2 0 -2 -4 -6 5 3 1 -1 -3 -5 6 4 2 0 -2 -4 -6 5 3 1 -1 -3 -5 6
-3 -5 6 4 2 0 -2 -4 -6 5 3 1 -1 -3 -5 6 4 2 0 -2 -4 -6 5 3 1 -1 -3 -5 6 4 2 0 -2 -4 -6 5 3 1 -1 -3 -5 6 4 2 0 -2 -4 -6 5 3 1 -1 -3 -5 6 4 2 0 -2 -4 -6 5 3 1 -1 -3 -5 6 4 2 0 -2 -4 -6 5 3 1 -1 -3 -5 6 4 2 0 -2 -4 -6 5 3 1 -1 -3 -5 6 4 2 0 -2 -4 -6 5 3 1 -1 -3 -5 6 4 2 0 -2 -4 -6 5 3 1 -1 -3 -5 6 4 2 0 -2 -4 -6 5 3 1 -1 -3 -5 6 4 2 0 -2 -4 -6 5 3 1 -1 -3 -5 6 4 2 0 -2 -4 -6 5 3 1 -1 -3 -5 6 4 2 0 -2 -4 -6 5 3 1 -1 -3 -5 6 4 2 0 -2 -4 -6 5 3 1 -1 -3 -5 6 4 2 0 -2 -4 -6 5 3 1 -1 -3 -5 6 4 2 0 -2 -4 -6 5 3 1 -1 -3 -5 6 4 2 0 -2 -4 -6 5 3 1 -1 -3 -5 6 4 2 0 -2 -4 -6 5 3 1 -1 -3 -5 6 4 2 0 -2 -4 -6 5 3 1 -1 -3 -5 6 4 2 0 -2 -4 -6 5 3 1 -1 -3 -5 6 4 2 0 -2 -4 -6 5 3 1 -1 -3 -5 6 4 2 0 -2 -4 -6 5 3 1 -1 -3 -5 6 4 2 0 -2 -4 -6 5 3 1 -1 -3 -5 6 4 2 0 -2 -4 -6 5 3 1 -1 -3 -5 6 4 2 0 -2 -4 -6 5 3 1 -1 -3 -5 6 4 2 0 -2 -4 -6 5 3 1 -1 -3 -5 6 4 2 0 -2 -4 -6 5 3 1 -1 -3 -5 6 4 2 0 -2 -4 -6 5 3 1 -1 -3 -5 6 4 2 0 -2 -4 -6 5 3 1 -1 -3 -5 6 4 2 0 -2 -4 -6 5 3 1 -1 -3 -5 6 4 2 0 -2 -4 -6 5 3 1 -1 -3 -5 6 4 2 0 -2 -4 -6 5 3 1 -1 -3 -5 6 4 2 0 -2 -4 -6 5 3 1 -1 -3 -5 6 4 2 0 -2 -4 -6 5 3 1 -1 -3 -5 6 4 2 0 -2 -4 -6 5 3 1 -1 -3 -5 6 4 2 0 -2 -4 -6 5 3 1 -1 -3 -5 6 4 2 0 -2 -4 -6 5 3 1 -1 -3 -5 6 4 2 0 -2 -4 -6 5 3 1 -1 -3 -5 6 4 2 0
4 2 0 -2 -4 -6 5 3 1 -1 -3 -5 6 4 2 0 -2 -4 -6 5 3 1 -1 -3 -5 6 4 2 0 -2 -4 -6 5 3 1 -1 -3 -5 6 4 2 0 -2 -4 -6 5 3 1 -1 -3 -5 6 4 2 0 -2 -4 -6 5 3 1 -1 -3 -5 6 4 2 0 -2 -4 -6 5 3 1 -1 -3 -5 6 4 2 0 -2 -4 -6 5 3 1 -1 -3 -5 6 4 2 0 -2 -4 -6 5 3 1 -1 -3 -5 6 4 2 0 -2 -4 -6 5 3 1 -1 -3 -5 6 4 2 0 -2 -4 -6 5 3 1 -1 -3 -5 6 4 2 0 -2 -4 -6 5 3 1 -1 -3 -5 6 4 2 0 -2 -4 -6 5 3 1 -1 -3 -5 6 4 2 0 -2 -4 -6 5 3 1 -1 -3 -5 6 4 2 0 -2 -4 -6 5 3 1 -1 -3 -5 6 4 2 0 -2 -4 -6 5 3 1 -1 -3 -5 6 4 2 0 -2 -4 -6 5 3 1 -1 -3 -5 6 4 2 0 -2 -4 -6 5 3 1 -1 -3 -5 6 4 2 0 -2 -4 -6 5 3 1 -1 -3 -5 6 4 2 0 -2 -4 -6 5 3 1 -1 -3 -5 6 4 2 0 -2 -4 -6 5 3 1 -1 -3 -5 6 4 2 0 -2 -4 -6 5 3 1 -1 -3 -5 6 4 2 0 -2 -4 -6 5 3 1 -1 -3 -5 6 4 2 0 -2 -4 -6 5 3 1 -1 -3 -5 6 4 2 0 -2 -4 -6 5 3 1 -1 -3 -5 6 4 2 0 -2 -4 -6 5 3 1 -1 -3 -5 6 4 2 0 -2 -4 -6 5 3 1 -1 -3 -5 6 4 2 0 -2 -4 -6 5 3 1 -1 -3 -5 6 4 2 0 -2 -4 -6 5 3 1 -1 -3 -5 6 4 2 0 -2 -4 -6 5 3 1 -1 -3 -5 6 4 2 0 -2 -4 -6 5 3 1 -1 -3 -5 6 4 2 0 -2 -4 -6 5 3 1 -1 -3 -5 6 4 2 0 -2 -4 -6 5 3 1 -1 -3 -5 6 4 2 0 -2 -4 -6 5 3 1 -1 -3 -5 6 4 2 0 -2 -4 -6 5 3 1 -1 -3 -5 6 4 2 0 -2 -4 -6 5 3 1 -1 -3 -5 6 4 2 0 -2 -4 -6 5 3 1 -1 -3 -5 6 4 2 0 -2 -4 -6 5 3 1 -1 -3 -5 6 4 2 0 -2 -4 -6 5 3 1 -1 -3 -5 6 4 2 0 -2 -4 -6
-2 -4 -6 5 3 1 -1 -3 -5 6 4 2 0 -2 -4 -6 5 3 1 -1 -3 -5 6 4 2 0 -2 -4 -6 5 3 1 -1 -3 -5 6 4 2 0 -2 -4 -6 5 3 1 -1 -3 -5 6 4 2 0 -2 -4 -6 5 3 1 -1 -3 -5 6 4 2 0 -2 -4 -6 5 3 1 -1 -3 -5 6 4 2 0 -2 -4 -6 5 3 1 -1 -3 -5 6 4 2 0 -2 -4 -6 5 3 1 -1 -3 -5 6 4 2 0 -2 -4 -6 5 3 1 -1 -3 -5 6 4 2 0 -2 -4 -6 5 3 1 -1 -3 -5 6 4 2 0 -2 -4 -6 5 3 1 -1 -3 -5 6 4 2 0 -2 -4 -6 5 3 1 -1 -3 -5 6 4 2 0 -2 -4 -6 5 3 1 -1 -3 -5 6 4 2 0 -2 -4 -6 5 3 1 -1 -3 -5 6 4 2 0 -2 -4 -6 5 3 1 -1 -3 -5 6 4 2 0 -2 -4 -6 5 3 1 -1 -3 -5 6 4 2 0 -2 -4 -6 5 3 1 -1 -3 -5 6 4 2 0 -2 -4 -6 5 3 1 -1 -3 -5 6 4 2 0 -2 -4 -6 5 3 1 -1 -3 -5 6 4 2 0 -2 -4 -6 5 3 1 -1 -3 -5 6 4 2 0 -2 -4 -6 5 3 1 -1 -3 -5 6 4 2 0 -2 -4 -6 5 3 1 -1 -3 -5 6 4 2 0 -2 -4 -6 5 3 1 -1 -3 -5 6 4 2 0 -2 -4 -6 5 3 1 -1 -3 -5 6 4 2 0 -2 -4 -6 5 3 1 -1 -3 -5 6 4 2 0 -2 -4 -6 5 3 1 -1 -3 -5 6 4 2 0 -2 -4 -6 5 3 1 -1 -3 -5 6 4 2 0 -2 -4 -6 5 3 1 -1 -3 -5 6 4 2 0 -2 -4 -6 5 3 1 -1 -3 -5 6 4 2 0 -2 -4 -6 5 3 1 -1 -3 -5 6 4 2 0 -2 -4 -6 5 3 1 -1 -3 -5 6 4 2 0 -2 -4 -6 5 3 1 -1 -3 -5 6 4 2 0 -2 -4 -6 5 3 1 -1 -3 -5 6 4 2 0 -2 -4 -6 5 3 1 -1 -3 -5 6 4 2 0 -2 -4 -6 5 3 1 -1 -3 -5 6 4 2 0 -2 -4 -6 5 3 1 -1 -3 -5 6 4 2 0 -2 -4 -6 5 3 1 -1 -3 -5 6 4 2 0 -2 -4 -6 5 3 1 -1 -3 -5 6 4 2 0 -2 -4 -6 5 3 1
5 3 1 -1 -3 -5 6 4 2 0 -2 -4 -6 5 3 1 -1 -3 -5 6 4 2 0 -2 -4 -6 5 3 1 -1 -3 -5 6 4 2 0 -2 -4 -6 5 3 1 -1 -3 -5 6 4 2 0 -2 -4 -6 5 3 1 -1 -3 -5 6 4 2 0 -2 -4 -6 5 3 1 -1 -3 -5 6 4 2 0 -2 -4 -6 5 3 1 -1 -3 -5 6 4 2 0 -2 -4 -6 5 3 1 -1 -3 -5 6 4 2 0 -2 -4 -6 5 3 1 -1 -3 -5 6 4 2 0 -2 -4 -6 5 3 1 -1 -3 -5 6 4 2 0 -2 -4 -6 5 3 1 -1 -3 -5 6 4 2 0 -2 -4 -6 5 3 1 -1 -3 -5 6 4 2 0 -2 -4 -6 5 3 1 -1 -3 -5 6 4 2 0 -2 -4 -6 5 3 1 -1 -3 -5 6 4 2 0 -2 -4 -6 5 3 1 -1 -3 -5 6 4 2 0 -2 -4 -6 5 3 1 -1 -3 -5 6 4 2 0 -2 -4 -6 5 3 1 -1 -3 -5 6 4 2 0 -2 -4 -6 5 3 1 -1 -3 -5 6 4 2 0 -2 -4 -6 5 3 1 -1 -3 -5 6 4 2 0 -2 -4 -6 5 3 1 -1 -3 -5 6 4 2 0 -2 -4 -6 5 3 1 -1 -3 -5 6 4 2 0 -2 -4 -6 5 3 1 -1 -3 -5 6 4 2 0 -2 -4 -6 5 3 1 -1 -3 -5 6 4 2 0 -2 -4 -6 5 3 1 -1 -3 -5 6 4 2 0 -2 -4 -6 5 3 1 -1 -3 -5 6 4 2 0 -2 -4 -6 5 3 1 -1 -3 -5 6 4 2 0 -2 -4 -6 5 3 1 -1 -3 -5 6 4 2 0 -2 -4 -6 5 3 1 -1 -3 -5 6 4 2 0 -2 -4 -6 5 3 1 -1 -3 -5 6 4 2 0 -2 -4 -6 5 3 1 -1 -3 -5 6 4 2 0 -2 -4 -6 5 3 1 -1 -3 -5 6 4 2 0 -2 -4 -6 5 3 1 -1 -3 -5 6 4 2 0 -2 -4 -6 5 3 1 -1 -3 -5 6 4 2 0 -2 -4 -6 5 3 1 -1 -3 -5 6 4 2 0 -2 -4 -6 5 3 1 -1 -3 -5 6 4 2 0 -2 -4 -6 5 3 1 -1 -3 -5 6 4 2 0 -2 -4 -6 5 3 1 -1 -3 -5 6 4 2 0 -2 -4 -6 5 3 1 -1 -3 -5 6 4 2 0 -2 -4 -6 5 3 1 -1 -3 -5
-1 -3 -5 6 4 2 0 -2 -4 -6 5 3 1 -1 -3 -5 6 4 2 0 -2 -4 -6 5 3 1 -1 -3 -5 6 4 2 0 -2 -4 -6 5 3 1 -1 -3 -5 6 4 2 0 -2 -4 -6 5 3 1 -1 -3 -5 6 4 2 0 -2 -4 -6 5 3 1 -1 -3 -5 6 4 2 0 -2 -4 -6 5 3 1 -1 -3 -5 6 4 2 0 -2 -4 -6 5 3 1 -1 -3 -5 6 4 2 0 -2 -4 -6 5 3 1 -1 -3 -5 6 4 2 0 -2 -4 -6 5 3 1 -1 -3 -5 6 4 2 0 -2 -4 -6 5 3 1 -1 -3 -5 6 4 2 0 -2 -4 -6 5 3 1 -1 -3 -5 6 4 2 0 -2 -4 -6 5 3 1 -1 -3 -5 6 4 2 0 -2 -4 -6 5 3 1 -1 -3 -5 6 4 2 0 -2 -4 -6 5 3 1 -1 -3 -5 6 4 2 0 -2 -4 -6 5 3 1 -1 -3 -5 6 4 2 0 -2 -4 -6 5 3 1 -1 -3 -5 6 4 2 0 -2 -4 -6 5 3 1 -1 -3 -5 6 4 2 0 -2 -4 -6 5 3 1 -1 -3 -5 6 4 2 0 -2 -4 -6 5 3 1 -1 -3 -5 6 4 2 0 -2 -4 -6 5 3 1 -1 -3 -5 6 4 2 0 -2 -4 -6 5 3 1 -1 -3 -5 6 4 2 0 -2 -4 -6 5 3 1 -1 -3 -5 6 4 2 0 -2 -4 -6 5 3 1 -1 -3 -5 6 4 2 0 -2 -4 -6 5 3 1 -1 -3 -5 6 4 2 0 -2 -4 -6 5 3 1 -1 -3 -5 6 4 2 0 -2 -4 -6 5 3 1 -1 -3 -5 6 4 2 0 -2 -4 -6 5 3 1 -1 -3 -5 6 4 2 0 -2 -4 -6 5 3 1 -1 -3 -5 6 4 2 0 -2 -4 -6 5 3 1 -1 -3 -5 6 4 2 0 -2 -4 -6 5 3 1 -1 -3 -5 6 4 2 0 -2 -4 -6 5 3 1 -1 -3 -5 6 4 2 0 -2 -4 -6 5 3 1 -1 -3 -5 6 4 2 0 -2 -4 -6 5 3 1 -1 -3 -5 6 4 2 0 -2 -4 -6 5 3 1 -1 -3 -5 6 4 2 0 -2 -4 -6 5 3 1 -1 -3 -5 6 4 2 0 -2 -4 -6 5 3 1 -1 -3 -5 6 4 2 0 -2 -4 -6 5 3 1 -1 -3 -5 6 4 2 0 -2 -4 -6 5 3 1 -1 -3 -5 6 4 2
6 4 2 0 -2 -4 -6 5 3 1 -1 -3 -5 6 4 2 0 -2 -4 -6 5 3 1 -1 -3 -5 6 4 2 0 -2 -4 -6 5 3 1 -1 -3 -5 6 4 2 0 -2 -4 -6 5 3 1 -1 -3 -5 6 4 2 0 -2 -4 -6 5 3 1 -1 -3 -5 6 4 2 0 -2 -4 -6 5 3 1 -1 -3 -5 6 4 2 0 -2 -4 -6 5 3 1 -1 -3 -5 6 4 2 0 -2 -4 -6 5 3 1 -1 -3 -5 6 4 2 0 -2 -4 -6 5 3 1 -1 -3 -5 6 4 2 0 -2 -4 -6 5 3 1 -1 -3 -5 6 4 2 0 -2 -4 -6 5 3 1 -1 -3 -5 6 4 2 0 -2 -4 -6 5 3 1 -1 -3 -5 6 4 2 0 -2 -4 -6 5 3 1 -1 -3 -5 6 4 2 0 -2 -4 -6 5 3 1 -1 -3 -5 6 4 2 0 -2 -4 -6 5 3 1 -1 -3 -5 6 4 2 0 -2 -4 -6 5 3 1 -1 -3 -5 6 4 2 0 -2 -4 -6 5 3 1 -1 -3 -5 6 4 2 0 -2 -4 -6 5 3 1 -1 -3 -5 6 4 2 0 -2 -4 -6 5 3 1 -1 -3 -5 6 4 2 0 -2 -4 -6 5 3 1 -1 -3 -5 6 4 2 0 -2 -4 -6 5 3 1 -1 -3 -5 6 4 2 0 -2 -4 -6 5 3 1 -1 -3 -5 6 4 2 0 -2 -4 -6 5 3 1 -1 -3 -5 6 4 2 0 -2 -4 -6 5 3 1 -1 -3 -5 6 4 2 0 -2 -4 -6 5 3 1 -1 -3 -5 6 4 2 0 -2 -4 -6 5 3 1 -1 -3 -5 6 4 2 0 -2 -4 -6 5 3 1 -1 -3 -5 6 4 2 0 -2 -4 -6 5 3 1 -1 -3 -5 6 4 2 0 -2 -4 -6 5 3 1 -1 -3 -5 6 4 2 0 -2 -4 -6 5 3 1 -1 -3 -5 6 4 2 0 -2 -4 -6 5 3 1 -1 -3 -5 6 4 2 0 -2 -4 -6 5 3 1 -1 -3 -5 6 4 2 0 -2 -4 -6 5 3 1 -1 -3 -5 6 4 2 0 -2 -4 -6 5 3 1 -1 -3 -5 6 4 2 0 -2 -4 -6 5 3 1 -1 -3 -5 6 4 2 0 -2 -4 -6 5 3 1 -1 -3 -5 6 4 2 0 -2 -4 -6 5 3 1 -1 -3 -5 6 4 2 0 -2 -4 -6 5 3 1 -1 -3 -5 6 4 2 0 -2 -4
0 -2 -4 -6 5 3 1 -1 -3 -5 6 4 2 0 -2 -4 -6 5 3 1 -1 -3 -5 6 4 2 0 -2 -4 -6 5 3 1 -1 -3 -5 6 4 2 0 -2 -4 -6 5 3 1 -1 -3 -5 6 4 2 0 -2 -4 -6 5 3 1 -1 -3 -5 6 4 2 0 -2 -4 -6 5 3 1 -1 -3 -5 6 4 2 0 -2 -4 -6 5 3 1 -1 -3 -5 6 4 2 0 -2 -4 -6 5 3 1 -1 -3 -5 6 4 2 0 -2 -4 -6 5 3 1 -1 -3 -5 6 4 2 0 -2 -4 -6 5 3 1 -1 -3 -5 6 4 2 0 -2 -4 -6 5 3 1 -1 -3 -5 6 4 2 0 -2 -4 -6 5 3 1 -1 -3 -5 6 4 2 0 -2 -4 -6 5 3 1 -1 -3 -5 6 4 2 0 -2 -4 -6 5 3 1 -1 -3 -5 6 4 2 0 -2 -4 -6 5 3 1 -1 -3 -5 6 4 2 0 -2 -4 -6 5 3 1 -1 -3 -5 6 4 2 0 -2 -4 -6 5 3 1 -1 -3 -5 6 4 2 0 -2 -4 -6 5 3 1 -1 -3 -5 6 4 2 0 -2 -4 -6 5 3 1 -1 -3 -5 6 4 2 0 -2 -4 -6 5 3 1 -1 -3 -5 6 4 2 0 -2 -4 -6 5 3 1 -1 -3 -5 6 4 2 0 -2 -4 -6 5 3 1 -1 -3 -5 6 4 2 0 -2 -4 -6 5 3 1 -1 -3 -5 6 4 2 0 -2 -4 -6 5 3 1 -1 -3 -5 6 4 2 0 -2 -4 -6 5 3 1 -1 -3 -5 6 4 2 0 -2 -4 -6 5 3 1 -1 -3 -5 6 4 2 0 -2 -4 -6 5 3 1 -1 -3 -5 6 4 2 0 -2 -4 -6 5 3 1 -1 -3 -5 6 4 2 0 -2 -4 -6 5 3 1 -1 -3 -5 6 4 2 0 -2 -4 -6 5 3 1 -1 -3 -5 6 4 2 0 -2 -4 -6 5 3 1 -1 -3 -5 6 4 2 0 -2 -4 -6 5 3 1 -1 -3 -5 6 4 2 0 -2 -4 -6 5 3 1 -1 -3 -5 6 4 2 0 -2 -4 -6 5 3 1 -1 -3 -5 6 4 2 0 -2 -4 -6 5 3 1 -1 -3 -5 6 4 2 0 -2 -4 -6 5 3 1 -1 -3 -5 6 4 2 0 -2 -4 -6 5 3 1 -1 -3 -5 6 4 2 0 -2 -4 -6 5 3 1 -1 -3 -5 6 4 2 0 -2 -4 -6 5 3
-6 5 3 1 -1 -3 -5 6 4 2 0 -2 -4 -6 5 3 1 -1 -3 -5 6 4 2 0 -2 -4 -6 5 3 1 -1 -3 -5 6 4 2 0 -2 -4 -6 5 3 1 -1 -3 -5 6 4 2 0 -2 -4 -6 5 3 1 -1 -3 -5 6 4 2 0 -2 -4 -6 5 3 1 -1 -3 -5 6 4 2 0 -2 -4 -6 5 3 1 -1 -3 -5 6 4 2 0 -2 -4 -6 5 3 1 -1 -3 -5 6 4 2 0 -2 -4 -6 5 3 1 -1 -3 -5 6 4 2 0 -2 -4 -6 5 3 1 -1 -3 -5 6 4 2 0 -2 -4 -6 5 3 1 -1 -3 -5 6 4 2 0 -2 -4 -6 5 3 1 -1 -3 -5 6 4 2 0 -2 -4 -6 5 3 1 -1 -3 -5 6 4 2 0 -2 -4 -6 5 3 1 -1 -3 -5 6 4 2 0 -2 -4 -6 5 3 1 -1 -3 -5 6 4 2 0 -2 -4 -6 5 3 1 -1 -3 -5 6 4 2 0 -2 -4 -6 5 3 1 -1 -3 -5 6 4 2 0 -2 -4 -6 5 3 1 -1 -3 -5 6 4 2 0 -2 -4 -6 5 3 1 -1 -3 -5 6 4 2 0 -2 -4 -6 5 3 1 -1 -3 -5 6 4 2 0 -2 -4 -6 5 3 1 -1 -3 -5 6 4 2 0 -2 -4 -6 5 3 1 -1 -3 -5 6 4 2 0 -2 -4 -6 5 3 1 -1 -3 -5 6 4 2 0 -2 -4 -6 5 3 1 -1 -3 -5 6 4 2 0 -2 -4 -6 5 3 1 -1 -3 -5 6 4 2 0 -2 -4 -6 5 3 1 -1 -3 -5 6 4 2 0 -2 -4 -6 5 3 1 -1 -3 -5 6 4 2 0 -2 -4 -6 5 3 1 -1 -3 -5 6 4 2 0 -2 -4 -6 5 3 1 -1 -3 -5 6 4 2 0 -2 -4 -6 5 3 1 -1 -3 -5 6 4 2 0 -2 -4 -6 5 3 1 -1 -3 -5 6 4 2 0 -2 -4 -6 5 3 1 -1 -3 -5 6 4 2 0 -2 -4 -6 5 3 1 -1 -3 -5 6 4 2 0 -2 -4 -6 5 3 1 -1 -3 -5 6 4 2 0 -2 -4 -6 5 3 1 -1 -3 -5 6 4 2 0 -2 -4 -6 5 3 1 -1 -3 -5 6 4 2 0 -2 -4 -6 5 3 1 -1 -3 -5 6 4 2 0 -2 -4 -6 5 3 1 -1 -3 -5 6 4 2 0 -2 -4 -6 5 3 1 -1 -3
1 -1 -3 -5 6 4 2 0 -2 -4 -6 5 3 1 -1 -3 -5 6 4 2 0 -2 -4 -6 5 3 1 -1 -3 -5 6 4 2 0 -2 -4 -6 5 3 1 -1 -3 -5 6 4 2 0 -2 -4 -6 5 3 1 -1 -3 -5 6 4 2 0 -2 -4 -6 5 3 1 -1 -3 -5 6 4 2 0 -2 -4 -6 5 3 1 -1 -3 -5 6 4 2 0 -2 -4 -6 5 3 1 -1 -3 -5 6 4 2 0 -2 -4 -6 5 3 1 -1 -3 -5 6 4 2 0 -2 -4 -6 5 3 1 -1 -3 -5 6 4 2 0 -2 -4 -6 5 3 1 -1 -3 -5 6 4 2 0 -2 -4 -6 5 3 1 -1 -3 -5 6 4 2 0 -2 -4 -6 5 3 1 -1 -3 -5 6 4 2 0 -2 -4 -6 5 3 1 -1 -3 -5 6 4 2 0 -2 -4 -6 5 3 1 -1 -3 -5 6 4 2 0 -2 -4 -6 5 3 1 -1 -3 -5 6 4 2 0 -2 -4 -6 5 3 1 -1 -3 -5 6 4 2 0 -2 -4 -6 5 3 1 -1 -3 -5 6 4 2 0 -2 -4 -6 5 3 1 -1 -3 -5 6 4 2 0 -2 -4 -6 5 3 1 -1 -3 -5 6 4 2 0 -2 -4 -6 5 3 1 -1 -3 -5 6 4 2 0 -2 -4 -6 5 3 1 -1 -3 -5 6 4 2 0 -2 -4 -6 5 3 1 -1 -3 -5 6 4 2 0 -2 -4 -6 5 3 1 -1 -3 -5 6 4 2 0 -2 -4 -6 5 3 1 -1 -3 -5 6 4 2 0 -2 -4 -6 5 3 1 -1 -3 -5 6 4 2 0 -2 -4 -6 5 3 1 -1 -3 -5 6 4 2 0 -2 -4 -6 5 3 1 -1 -3 -5 6 4 2 0 -2 -4 -6 5 3 1 -1 -3 -5 6 4 2 0 -2 -4 -6 5 3 1 -1 -3 -5 6 4 2 0 -2 -4 -6 5 3 1 -1 -3 -5 6 4 2 0 -2 -4 -6 5 3 1 -1 -3 -5 6 4 2 0 -2 -4 -6 5 3 1 -1 -3 -5 6 4 2 0 -2 -4 -6 5 3 1 -1 -3 -5 6 4 2 0 -2 -4 -6 5 3 1 -1 -3 -5 6 4 2 0 -2 -4 -6 5 3 1 -1 -3 -5 6 4 2 0 -2 -4 -6 5 3 1 -1 -3 -5 6 4 2 0 -2 -4 -6 5 3 1 -1 -3 -5 6 4 2 0 -2 -4 -6 5 3 1 -1 -3 -5 6 4
-5 6 4 2 0 -2 -4 -6 5 3 1 -1 -3 -5 6 4 2 0 -2 -4 -6 5 3 1 -1 -3 -5 6 4 2 0 -2 -4 -6 5 3 1 -1 -3 -5 6 4 2 0 -2 -4 -6 5 3 1 -1 -3 -5 6 4 2 0 -2 -4 -6 5 3 1 -1 -3 -5 6 4 2 0 -2 -4 -6 5 3 1 -1 -3 -5 6 4 2 0 -2 -4 -6 5 3 1 -1 -3 -5 6 4 2 0 -2 -4 -6 5 3 1 -1 -3 -5 6 4 2 0 -2 -4 -6 5 3 1 -1 -3 -5 6 4 2 0 -2 -4 -6 5 3 1 -1 -3 -5 6 4 2 0 -2 -4 -6 5 3 1 -1 -3 -5 6 4 2 0 -2 -4 -6 5 3 1 -1 -3 -5 6 4 2 0 -2 -4 -6 5 3 1 -1 -3 -5 6 4 2 0 -2 -4 -6 5 3 1 -1 -3 -5 6 4 2 0 -2 -4 -6 5 3 1 -1 -3 -5 6 4 2 0 -2 -4 -6 5 3 1 -1 -3 -5 6 4 2 0 -2 -4 -6 5 3 1 -1 -3 -5 6 4 2 0 -2 -4 -6 5 3 1 -1 -3 -5 6 4 2 0 -2 -4 -6 5 3 1 -1 -3 -5 6 4 2 0 -2 -4 -6 5 3 1 -1 -3 -5 6 4 2 0 -2 -4 -6 5 3 1 -1 -3 -5 6 4 2 0 -2 -4 -6 5 3 1 -1 -3 -5 6 4 2 0 -2 -4 -6 5 3 1 -1 -3 -5 6 4 2 0 -2 -4 -6 5 3 1 -1 -3 -5 6 4 2 0 -2 -4 -6 5 3 1 -1 -3 -5 6 4 2 0 -2 -4 -6 5 3 1 -1 -3 -5 6 4 2 0 -2 -4 -6 5 3 1 -1 -3 -5 6 4 2 0 -2 -4 -6 5 3 1 -1 -3 -5 6 4 2 0 -2 -4 -6 5 3 1 -1 -3 -5 6 4 2 0 -2 -4 -6 5 3 1 -1 -3 -5 6 4 2 0 -2 -4 -6 5 3 1 -1 -3 -5 6 4 2 0 -2 -4 -6 5 3 1 -1 -3 -5 6 4 2 0 -2 -4 -6 5 3 1 -1 -3 -5 6 4 2 0 -2 -4 -6 5 3 1 -1 -3 -5 6 4 2 0 -2 -4 -6 5 3 1 -1 -3 -5 6 4 2 0 -2 -4 -6 5 3 1 -1 -3 -5 6 4 2 0 -2 -4 -6 5 3 1 -1 -3 -5 6 4 2 0 -2 -4 -6 5 3 1 -1 -3 -5 6 4 2 0 -2
2 0 -2 -4 -6 5 3 1 -1 -3 -5 6 4 2 0 -2 -4 -6 5 3 1 -1 -3 -5 6 4 2 0 -2 -4 -6 5 3 1 -1 -3 -5 6 4 2 0 -2 -4 -6 5 3 1 -1 -3 -5 6 4 2 0 -2 -4 -6 5 3 1 -1 -3 -5 6 4 2 0 -2 -4 -6 5 3 1 -1 -3 -5 6 4 2 0 -2 -4 -6 5 3 1 -1 -3 -5 6 4 2 0 -2 -4 -6 5 3 1 -1 -3 -5 6 4 2 0 -2 -4 -6 5 3 1 -1 -3 -5 6 4 2 0 -2 -4 -6 5 3 1 -1 -3 -5 6 4 2 0 -2 -4 -6 5 3 1 -1 -3 -5 6 4 2 0 -2 -4 -6 5 3 1 -1 -3 -5 6 4 2 0 -2 -4 -6 5 3 1 -1 -3 -5 6 4 2 0 -2 -4 -6 5 3 1 -1 -3 -5 6 4 2 0 -2 -4 -6 5 3 1 -1 -3 -5 6 4 2 0 -2 -4 -6 5 3 1 -1 -3 -5 6 4 2 0 -2 -4 -6 5 3 1 -1 -3 -5 6 4 2 0 -2 -4 -6 5 3 1 -1 -3 -5 6 4 2 0 -2 -4 -6 5 3 1 -1 -3 -5 6 4 2 0 -2 -4 -6 5 3 1 -1 -3 -5 6 4 2 0 -2 -4 -6 5 3 1 -1 -3 -5 6 4 2 0 -2 -4 -6 5 3 1 -1 -3 -5 6 4 2 0 -2 -4 -6 5 3 1 -1 -3 -5 6 4 2 0 -2 -4 -6 5 3 1 -1 -3 -5 6 4 2 0 -2 -4 -6 5 3 1 -1 -3 -5 6 4 2 0 -2 -4 -6 5 3 1 -1 -3 -5 6 4 2 0 -2 -4 -6 5 3 1 -1 -3 -5 6 4 2 0 -2 -4 -6 5 3 1 -1 -3 -5 6 4 2 0 -2 -4 -6 5 3 1 -1 -3 -5 6 4 2 0 -2 -4 -6 5 3 1 -1 -3 -5 6 4 2 0 -2 -4 -6 5 3 1 -1 -3 -5 6 4 2 0 -2 -4 -6 5 3 1 -1 -3 -5 6 4 2 0 -2 -4 -6 5 3 1 -1 -3 -5 6 4 2 0 -2 -4 -6 5 3 1 -1 -3 -5 6 4 2 0 -2 -4 -6 5 3 1 -1 -3 -5 6 4 2 0 -2 -4 -6 5 3 1 -1 -3 -5 6 4 2 0 -2 -4 -6 5 3 1 -1 -3 -5 6 4 2 0 -2 -4 -6 5 3 1 -1 -3 -5 6 4 2 0 -2 -4 -6 5
-4 -6 5 3 1 -1 -3 -5 6 4 2 0 -2 -4 -6 5 3 1 -1 -3 -5 6 4 2 0 -2 -4 -6 5 3 1 -1 -3 -5 6 4 2 0 -2 -4 -6 5 3 1 -1 -3 -5 6 4 2 0 -2 -4 -6 5 3 1 -1 -3 -5 6 4 2 0 -2 -4 -6 5 3 1 -1 -3 -5 6 4 2 0 -2 -4 -6 5 3 1 -1 -3 -5 6 4 2 0 -2 -4 -6 5 3 1 -1 -3 -5 6 4 2 0 -2 -4 -6 5 3 1 -1 -3 -5 6 4 2 0 -2 -4 -6 5 3 1 -1 -3 -5 6 4 2 0 -2 -4 -6 5 3 1 -1 -3 -5 6 4 2 0 -2 -4 -6 5 3 1 -1 -3 -5 6 4 2 0 -2 -4 -6 5 3 1 -1 -3 -5 6 4 2 0 -2 -4 -6 5 3 1 -1 -3 -5 6 4 2 0 -2 -4 -6 5 3 1 -1 -3 -5 6 4 2 0 -2 -4 -6 5 3 1 -1 -3 -5 6 4 2 0 -2 -4 -6 5 3 1 -1 -3 -5 6 4 2 0 -2 -4 -6 5 3 1 -1 -3 -5 6 4 2 0 -2 -4 -6 5 3 1 -1 -3 -5 6 4 2 0 -2 -4 -6 5 3 1 -1 -3 -5 6 4 2 0 -2 -4 -6 5 3 1 -1 -3 -5 6 4 2 0 -2 -4 -6 5 3 1 -1 -3 -5 6 4 2 0 -2 -4 -6 5 3 1 -1 -3 -5 6 4 2 0 -2 -4 -6 5 3 1 -1 -3 -5 6 4 2 0 -2 -4 -6 5 3 1 -1 -3 -5 6 4 2 0 -2 -4 -6 5 3 1 -1 -3 -5 6 4 2 0 -2 -4 -6 5 3 1 -1 -3 -5 6 4 2 0 -2 -4 -6 5 3 1 -1 -3 -5 6 4 2 0 -2 -4 -6 5 3 1 -1 -3 -5 6 4 2 0 -2 -4 -6 5 3 1 -1 -3 -5 6 4 2 0 -2 -4 -6 5 3 1 -1 -3 -5 6 4 2 0 -2 -4 -6 5 3 1 -1 -3 -5 6 4 2 0 -2 -4 -6 5 3 1 -1 -3 -5 6 4 2 0 -2 -4 -6 5 3 1 -1 -3 -5 6 4 2 0 -2 -4 -6 5 3 1 -1 -3 -5 6 4 2 0 -2 -4 -6 5 3 1 -1 -3 -5 6 4 2 0 -2 -4 -6 5 3 1 -1 -3 -5 6 4 2 0 -2 -4 -6 5 3 1 -1 -3 -5 6 4 2 0 -2 -4 -6 5 3 1 -1
3 1 -1 -3 -5 6 4 2 0 -2 -4 -6 5 3 1 -1 -3 -5 6 4 2 0 -2 -4 -6 5 3 1 -1 -3 -5 6 4 2 0 -2 -4 -6 5 3 1 -1 -3 -5 6 4 2 0 -2 -4 -6 5 3 1 -1 -3 -5 6 4 2 0 -2 -4 -6 5 3 1 -1 -3 -5 6 4 2 0 -2 -4 -6 5 3 1 -1 -3 -5 6 4 2 0 -2 -4 -6 5 3 1 -1 -3 -5 6 4 2 0 -2 -4 -6 5 3 1 -1 -3 -5 6 4 2 0 -2 -4 -6 5 3 1 -1 -3 -5 6 4 2 0 -2 -4 -6 5 3 1 -1 -3 -5 6 4 2 0 -2 -4 -6 5 3 1 -1 -3 -5 6 4 2 0 -2 -4 -6 5 3 1 -1 -3 -5 6 4 2 0 -2 -4 -6 5 3 1 -1 -3 -5 6 4 2 0 -2 -4 -6 5 3 1 -1 -3 -5 6 4 2 0 -2 -4 -6 5 3 1 -1 -3 -5 6 4 2 0 -2 -4 -6 5 3 1 -1 -3 -5 6 4 2 0 -2 -4 -6 5 3 1 -1 -3 -5 6 4 2 0 -2 -4 -6 5 3 1 -1 -3 -5 6 4 2 0 -2 -4 -6 5 3 1 -1 -3 -5 6 4 2 0 -2 -4 -6 5 3 1 -1 -3 -5 6 4 2 0 -2 -4 -6 5 3 1 -1 -3 -5 6 4 2 0 -2 -4 -6 5 3 1 -1 -3 -5 6 4 2 0 -2 -4 -6 5 3 1 -1 -3 -5 6 4 2 0 -2 -4 -6 5 3 1 -1 -3 -5 6 4 2 0 -2 -4 -6 5 3 1 -1 -3 -5 6 4 2 0 -2 -4 -6 5 3 1 -1 -3 -5 6 4 2 0 -2 -4 -6 5 3 1 -1 -3 -5 6 4 2 0 -2 -4 -6 5 3 1 -1 -3 -5 6 4 2 0 -2 -4 -6 5 3 1 -1 -3 -5 6 4 2 0 -2 -4 -6 5 3 1 -1 -3 -5 6 4 2 0 -2 -4 -6 5 3 1 -1 -3 -5 6 4 2 0 -2 -4 -6 5 3 1 -1 -3 -5 6 4 2 0 -2 -4 -6 5 3 1 -1 -3 -5 6 4 2 0 -2 -4 -6 5 3 1 -1 -3 -5 6 4 2 0 -2 -4 -6 5 3 1 -1 -3 -5 6 4 2 0 -2 -4 -6 5 3 1 -1 -3 -5 6 4 2 0 -2 -4 -6 5 3 1 -1 -3 -5 6 4 2 0 -2 -4 -6 5 3 1 -1 -3 -5 6
-3 -5 6 4 2 0 -2 -4 -6 5 3 1 -1 -3 -5 6 4 2 0 -2 -4 -6 5 3 1 -1 -3 -5 6 4 2 0 -2 -4 -6 5 3 1 -1 -3 -5 6 4 2 0 -2 -4 -6 5 3 1 -1 -3 -5 6 4 2 0 -2 -4 -6 5 3 1 -1 -3 -5 6 4 2 0 -2 -4 -6 5 3 1 -1 -3 -5 6 4 2 0 -2 -4 -6 5 3 1 -1 -3 -5 6 4 2 0 -2 -4 -6 5 3 1 -1 -3 -5 6 4 2 0 -2 -4 -6 5 3 1 -1 -3 -5 6 4 2 0 -2 -4 -6 5 3 1 -1 -3 -5 6 4 2 0 -2 -4 -6 5 3 1 -1 -3 -5 6 4 2 0 -2 -4 -6 5 3 1 -1 -3 -5 6 4 2 0 -2 -4 -6 5 3 1 -1 -3 -5 6 4 2 0 -2 -4 -6 5 3 1 -1 -3 -5 6 4 2 0 -2 -4 -6 5 3 1 -1 -3 -5 6 4 2 0 -2 -4 -6 5 3 1 -1 -3 -5 6 4 2 0 -2 -4 -6 5 3 1 -1 -3 -5 6 4 2 0 -2 -4 -6 5 3 1 -1 -3 -5 6 4 2 0 -2 -4 -6 5 3 1 -1 -3 -5 6 4 2 0 -2 -4 -6 5 3 1 -1 -3 -5 6 4 2 0 -2 -4 -6 5 3 1 -1 -3 -5 6 4 2 0 -2 -4 -6 5 3 1 -1 -3 -5 6 4 2 0 -2 -4 -6 5 3 1 -1 -3 -5 6 4 2 0 -2 -4 -6 5 3 1 -1 -3 -5 6 4 2 0 -2 -4 -6 5 3 1 -1 -3 -5 6 4 2 0 -2 -4 -6 5 3 1 -1 -3 -5 6 4 2 0 -2 -4 -6 5 3 1 -1 -3 -5 6 4 2 0 -2 -4 -6 5 3 1 -1 -3 -5 6 4 2 0 -2 -4 -6 5 3 1 -1 -3 -5 6 4 2 0 -2 -4 -6 5 3 1 -1 -3 -5 6 4 2 0 -2 -4 -6 5 3 1 -1 -3 -5 6 4 2 0 -2 -4 -6 5 3 1 -1 -3 -5 6 4 2 0 -2 -4 -6 5 3 1 -1 -3 -5 6 4 2 0 -2 -4 -6 5 3 1 -1 -3 -5 6 4 2 0 -2 -4 -6 5 3 1 -1 -3 -5 6 4 2 0 -2 -4 -6 5 3 1 -1 -3 -5 6 4 2 0 -2 -4 -6 5 3 1 -1 -3 -5 6 4 2 0 -2 -4 -6 5 3 1 -1 -3 -5 6 4 2 0
4 2 0 -2 -4 -6 5 3 1 -1 -3 -5 6 4 2 0 -2 -4 -6 5 3 1 -1 -3 -5 6 4 2 0 -2 -4 -6 5 3 1 -1 -3 -5 6 4 2 0 -2 -4 -6 5 3 1 -1 -3 -5 6 4 2 0 -2 -4 -6 5 3 1 -1 -3 -5 6 4 2 0 -2 -4 -6 5 3 1 -1 -3 -5 6 4 2 0 -2 -4 -6 5 3 1 -1 -3 -5 6 4 2 0 -2 -4 -6 5 3 1 -1 -3 -5 6 4 2 0 -2 -4 -6 5 3 1 -1 -3 -5 6 4 2 0 -2 -4 -6 5 3 1 -1 -3 -5 6 4 2 0 -2 -4 -6 5 3 1 -1 -3 -5 6 4 2 0 -2 -4 -6 5 3 1 -1 -3 -5 6 4 2 0 -2 -4 -6 5 3 1 -1 -3 -5 6 4 2 0 -2 -4 -6 5 3 1 -1 -3 -5 6 4 2 0 -2 -4 -6 5 3 1 -1 -3 -5 6 4 2 0 -2 -4 -6 5 3 1 -1 -3 -5 6 4 2 0 -2 -4 -6 5 3 1 -1 -3 -5 6 4 2 0 -2 -4 -6 5 3 1 -1 -3 -5 6 4 2 0 -2 -4 -6 5 3 1 -1 -3 -5 6 4 2 0 -2 -4 -6 5 3 1 -1 -3 -5 6 4 2 0 -2 -4 -6 5 3 1 -1 -3 -5 6 4 2 0 -2 -4 -6 5 3 1 -1 -3 -5 6 4 2 0 -2 -4 -6 5 3 1 -1 -3 -5 6 4 2 0 -2 -4 -6 5 3 1 -1 -3 -5 6 4 2 0 -2 -4 -6 5 3 1 -1 -3 -5 6 4 2 0 -2 -4 -6 5 3 1 -1 -3 -5 6 4 2 0 -2 -4 -6 5 3 1 -1 -3 -5 6 4 2 0 -2 -4 -6 5 3 1 -1 -3 -5 6 4 2 0 -2 -4 -6 5 3 1 -1 -3 -5 6 4 2 0 -2 -4 -6 5 3 1 -1 -3 -5 6 4 2 0 -2 -4 -6 5 3 1 -1 -3 -5 6 4 2 0 -2 -4 -6 5 3 1 -1 -3 -5 6 4 2 0 -2 -4 -6 5 3 1 -1 -3 -5 6 4 2 0 -2 -4 -6 5 3 1 -1 -3 -5 6 4 2 0 -2 -4 -6 5 3 1 -1 -3 -5 6 4 2 0 -2 -4 -6 5 3 1 -1 -3 -5 6 4 2 0 -2 -4 -6 5 3 1 -1 -3 -5 6 4 2 0 -2 -4 -6 5 3 1 -1 -3 -5 6 4 2 0 -2 -4 -6
-2 -4 -6 5 3 1 -1 -3 -5 6 4 2 0 -2 -4 -6 5 3 1 -1 -3 -5 6 4 2 0 -2 -4 -6 5 3 1 -1 -3 -5 6 4 2 0 -2 -4 -6 5 3 1 -1 -3 -5 6 4 2 0 -2 -4 -6 5 3 1 -1 -3 -5 6 4 2 0 -2 -4 -6 5 3 1 -1 -3 -5 6 4 2 0 -2 -4 -6 5 3 1 -1 -3 -5 6 4 2 0 -2 -4 -6 5 3 1 -1 -3 -5 6 4 2 0 -2 -4 -6 5 3 1 -1 -3 -5 6 4 2 0 -2 -4 -6 5 3 1 -1 -3 -5 6 4 2 0 -2 -4 -6 5 3 1 -1 -3 -5 6 4 2 0 -2 -4 -6 5 3 1 -1 -3 -5 6 4 2 0 -2 -4 -6 5 3 1 -1 -3 -5 6 4 2 0 -2 -4 -6 5 3 1 -1 -3 -5 6 4 2 0 -2 -4 -6 5 3 1 -1 -3 -5 6 4 2 0 -2 -4 -6 5 3 1 -1 -3 -5 6 4 2 0 -2 -4 -6 5 3 1 -1 -3 -5 6 4 2 0 -2 -4 -6 5 3 1 -1 -3 -5 6 4 2 0 -2 -4 -6 5 3 1 -1 -3 -5 6 4 2 0 -2 -4 -6 5 3 1 -1 -3 -5 6 4 2 0 -2 -4 -6 5 3 1 -1 -3 -5 6 4 2 0 -2 -4 -6 5 3 1 -1 -3 -5 6 4 2 0 -2 -4 -6 5 3 1 -1 -3 -5 6 4 2 0 -2 -4 -6 5 3 1 -1 -3 -5 6 4 2 0 -2 -4 -6 5 3 1 -1 -3 -5 6 4 2 0 -2 -4 -6 5 3 1 -1 -3 -5 6 4 2 0 -2 -4 -6 5 3 1 -1 -3 -5 6 4 2 0 -2 -4 -6 5 3 1 -1 -3 -5 6 4 2 0 -2 -4 -6 5 3 1 -1 -3 -5 6 4 2 0 -2 -4 -6 5 3 1 -1 -3 -5 6 4 2 0 -2 -4 -6 5 3 1 -1 -3 -5 6 4 2 0 -2 -4 -6 5 3 1 -1 -3 -5 6 4 2 0 -2 -4 -6 5 3 1 -1 -3 -5 6 4 2 0 -2 -4 -6 5 3 1 -1 -3 -5 6 4 2 0 -2 -4 -6 5 3 1 -1 -3 -5 6 4 2 0 -2 -4 -6 5 3 1 -1 -3 -5 6 4 2 0 -2 -4 -6 5 3 1 -1 -3 -5 6 4 2 0 -2 -4 -6 5 3 1 -1 -3 -5 6 4 2 0 -2 -4 -6 5 3 1
5 3 1 -1 -3 -5 6 4 2 0 -2 -4 -6 5 3 1 -1 -3 -5 6 4 2 0 -2 -4 -6 5 3 1 -1 -3 -5 6 4 2 0 -2 -4 -6 5 3 1 -1 -3 -5 6 4 2 0 -2 -4 -6 5 3 1 -1 -3 -5 6 4 2 0 -2 -4 -6 5 3 1 -1 -3 -5 6 4 2 0 -2 -4 -6 5 3 1 -1 -3 -5 6 4 2 0 -2 -4 -6 5 3 1 -1 -3 -5 6 4 2 0 -2 -4 -6 5 3 1 -1 -3 -5 6 4 2 0 -2 -4 -6 5 3 1 -1 -3 -5 6 4 2 0 -2 -4 -6 5 3 1 -1 -3 -5 6 4 2 0 -2 -4 -6 5 3 1 -1 -3 -5 6 4 2 0 -2 -4 -6 5 3 1 -1 -3 -5 6 4 2 0 -2 -4 -6 5 3 1 -1 -3 -5 6 4 2 0 -2 -4 -6 5 3 1 -1 -3 -5 6 4 2 0 -2 -4 -6 5 3 1 -1 -3 -5 6 4 2 0 -2 -4 -6 5 3 1 -1 -3 -5 6 4 2 0 -2 -4 -6 5 3 1 -1 -3 -5 6 4 2 0 -2 -4 -6 5 3 1 -1 -3 -5 6 4 2 0 -2 -4 -6 5 3 1 -1 -3 -5 6 4 2 0 -2 -4 -6 5 3 1 -1 -3 -5 6 4 2 0 -2 -4 -6 5 3 1 -1 -3 -5 6 4 2 0 -2 -4 -6 5 3 1 -1 -3 -5 6 4 2 0 -2 -4 -6 5 3 1 -1 -3 -5 6 4 2 0 -2 -4 -6 5 3 1 -1 -3 -5 6 4 2 0 -2 -4 -6 5 3 1 -1 -3 -5 6 4 2 0 -2 -4 -6 5 3 1 -1 -3 -5 6 4 2 0 -2 -4 -6 5 3 1 -1 -3 -5 6 4 2 0 -2 -4 -6 5 3 1 -1 -3 -5 6 4 2 0 -2 -4 -6 5 3 1 -1 -3 -5 6 4 2 0 -2 -4 -6 5 3 1 -1 -3 -5 6 4 2 0 -2 -4 -6 5 3 1 -1 -3 -5 6 4 2 0 -2 -4 -6 5 3 1 -1 -3 -5 6 4 2 0 -2 -4 -6 5 3 1 -1 -3 -5 6 4 2 0 -2 -4 -6 5 3 1 -1 -3 -5 6 4 2 0 -2 -4 -6 5 3 1 -1 -3 -5 6 4 2 0 -2 -4 -6 5 3 1 -1 -3 -5 6 4 2 0 -2 -4 -6 5 3 1 -1 -3 -5 6 4 2 0 -2 -4 -6 5 3 1 -1 -3 -5
-1 -3 -5 6 4 2 0 -2 -4 -6 5 3 1 -1 -3 -5 6 4 2 0 -2 -4 -6 5 3 1 -1 -3 -5 6 4 2 0 -2 -4 -6 5 3 1 -1 -3 -5 6 4 2 0 -2 -4 -6 5 3 1 -1 -3 -5 6 4 2 0 -2 -4 -6 5 3 1 -1 -3 -5 6 4 2 0 -2 -4 -6 5 3 1 -1 -3 -5 6 4 2 0 -2 -4 -6 5 3 1 -1 -3 -5 6 4 2 0 -2 -4 -6 5 3 1 -1 -3 -5 6 4 2 0 -2 -4 -6 5 3 1 -1 -3 -5 6 4 2 0 -2 -4 -6 5 3 1 -1 -3 -5 6 4 2 0 -2 -4 -6 5 3 1 -1 -3 -5 6 4 2 0 -2 -4 -6 5 3 1 -1 -3 -5 6 4 2 0 -2 -4 -6 5 3 1 -1 -3 -5 6 4 2 0 -2 -4 -6 5 3 1 -1 -3 -5 6 4 2 0 -2 -4 -6 5 3 1 -1 -3 -5 6 4 2 0 -2 -4 -6 5 3 1 -1 -3 -5 6 4 2 0 -2 -4 -6 5 3 1 -1 -3 -5 6 4 2 0 -2 -4 -6 5 3 1 -1 -3 -5 6 4 2 0 -2 -4 -6 5 3 1 -1 -3 -5 6 4 2 0 -2 -4 -6 5 3 1 -1 -3 -5 6 4 2 0 -2 -4 -6 5 3 1 -1 -3 -5 6 4 2 0 -2 -4 -6 5 3 1 -1 -3 -5 6 4 2 0 -2 -4 -6 5 3 1 -1 -3 -5 6 4 2 0 -2 -4 -6 5 3 1 -1 -3 -5 6 4 2 0 -2 -4 -6 5 3 1 -1 -3 -5 6 4 2 0 -2 -4 -6 5 3 1 -1 -3 -5 6 4 2 0 -2 -4 -6 5 3 1 -1 -3 -5 6 4 2 0 -2 -4 -6 5 3 1 -1 -3 -5 6 4 2 0 -2 -4 -6 5 3 1 -1 -3 -5 6 4 2 0 -2 -4 -6 5 3 1 -1 -3 -5 6 4 2 0 -2 -4 -6 5 3 1 -1 -3 -5 6 4 2 0 -2 -4 -6 5 3 1 -1 -3 -5 6 4 2 0 -2 -4 -6 5 3 1 -1 -3 -5 6 4 2 0 -2 -4 -6 5 3 1 -1 -3 -5 6 4 2 0 -2 -4 -6 5 3 1 -1 -3 -5 6 4 2 0 -2 -4 -6 5 3 1 -1 -3 -5 6 4 2 0 -2 -4 -6 5 3 1 -1 -3 -5 6 4 2 0 -2 -4 -6 5 3 1 -1 -3 -5 6 4 2
6 4 2 0 -2 -4 -6 5 3 1 -1 -3 -5 6 4 2 0 -2 -4 -6 5 3 1 -1 -3 -5 6 4 2 0 -2 -4 -6 5 3 1 -1 -3 -5 6 4 2 0 -2 -4 -6 5 3 1 -1 -3 -5 6 4 2 0 -2 -4 -6 5 3 1 -1 -3 -5 6 4 2 0 -2 -4 -6 5 3 1 -1 -3 -5 6 4 2 0 -2 -4 -6 5 3 1 -1 -3 -5 6 4 2 0 -2 -4 -6 5 3 1 -1 -3 -5 6 4 2 0 -2 -4 -6 5 3 1 -1 -3 -5 6 4 2 0 -2 -4 -6 5 3 1 -1 -3 -5 6 4 2 0 -2 -4 -6 5 3 1 -1 -3 -5 6 4 2 0 -2 -4 -6 5 3 1 -1 -3 -5 6 4 2 0 -2 -4 -6 5 3 1 -1 -3 -5 6 4 2 0 -2 -4 -6 5 3 1 -1 -3 -5 6 4 2 0 -2 -4 -6 5 3 1 -1 -3 -5 6 4 2 0 -2 -4 -6 5 3 1 -1 -3 -5 6 4 2 0 -2 -4 -6 5 3 1 -1 -3 -5 6 4 2 0 -2 -4 -6 5 3 1 -1 -3 -5 6 4 2 0 -2 -4 -6 5 3 1 -1 -3 -5 6 4 2 0 -2 -4 -6 5 3 1 -1 -3 -5 6 4 2 0 -2 -4 -6 5 3 1 -1 -3 -5 6 4 2 0 -2 -4 -6 5 3 1 -1 -3 -5 6 4 2 0 -2 -4 -6 5 3 1 -1 -3 -5 6 4 2 0 -2 -4 -6 5 3 1 -1 -3 -5 6 4 2 0 -2 -4 -6 5 3 1 -1 -3 -5 6 4 2 0 -2 -4 -6 5 3 1 -1 -3 -5 6 4 2 0 -2 -4 -6 5 3 1 -1 -3 -5 6 4 2 0 -2 -4 -6 5 3 1 -1 -3 -5 6 4 2 0 -2 -4 -6 5 3 1 -1 -3 -5 6 4 2 0 -2 -4 -6 5 3 1 -1 -3 -5 6 4 2 0 -2 -4 -6 5 3 1 -1 -3 -5 6 4 2 0 -2 -4 -6 5 3 1 -1 -3 -5 6 4 2 0 -2 -4 -6 5 3 1 -1 -3 -5 6 4 2 0 -2 -4 -6 5 3 1 -1 -3 -5 6 4 2 0 -2 -4 -6 5 3 1 -1 -3 -5 6 4 2 0 -2 -4 -6 5 3 1 -1 -3 -5 6 4 2 0 -2 -4 -6 5 3 1 -1 -3 -5 6 4 2 0 -2 -4 -6 5 3 1 -1 -3 -5 6 4 2 0 -2 -4
0 -2 -4 -6 5 3 1 -1 -3 -5 6 4 2 0 -2 -4 -6 5 3 1 -1 -3 -5 6 4 2 0 -2 -4 -6 5 3 1 -1 -3 -5 6 4 2 0 -2 -4 -6 5 3 1 -1 -3 -5 6 4 2 0 -2 -4 -6 5 3 1 -1 -3 -5 6 4 2 0 -2 -4 -6 5 3 1 -1 -3 -5 6 4 2 0 -2 -4 -6 5 3 1 -1 -3 -5 6 4 2 0 -2 -4 -6 5 3 1 -1 -3 -5 6 4 2 0 -2 -4 -6 5 3 1 -1 -3 -5 6 4 2 0 -2 -4 -6 5 3 1 -1 -3 -5 6 4 2 0 -2 -4 -6 5 3 1 -1 -3 -5 6 4 2 0 -2 -4 -6 5 3 1 -1 -3 -5 6 4 2 0 -2 -4 -6 5 3 1 -1 -3 -5 6 4 2 0 -2 -4 -6 5 3 1 -1 -3 -5 6 4 2 0 -2 -4 -6 5 3 1 -1 -3 -5 6 4 2 0 -2 -4 -6 5 3 1 -1 -3 -5 6 4 2 0 -2 -4 -6 5 3 1 -1 -3 -5 6 4 2 0 -2 -4 -6 5 3 1 -1 -3 -5 6 4 2 0 -2 -4 -6 5 3 1 -1 -3 -5 6 4 2 0 -2 -4 -6 5 3 1 -1 -3 -5 6 4 2 0 -2 -4 -6 5 3 1 -1 -3 -5 6 4 2 0 -2 -4 -6 5 3 1 -1 -3 -5 6 4 2 0 -2 -4 -6 5 3 1 -1 -3 -5 6 4 2 0 -2 -4 -6 5 3 1 -1 -3 -5 6 4 2 0 -2 -4 -6 5 3 1 -1 -3 -5 6 4 2 0 -2 -4 -6 5 3 1 -1 -3 -5 6 4 2 0 -2 -4 -6 5 3 1 -1 -3 -5 6 4 2 0 -2 -4 -6 5 3 1 -1 -3 -5 6 4 2 0 -2 -4 -6 5 3 1 -1 -3 -5 6 4 2 0 -2 -4 -6 5 3 1 -1 -3 -5 6 4 2 0 -2 -4 -6 5 3 1 -1 -3 -5 6 4 2 0 -2 -4 -6 5 3 1 -1 -3 -5 6 4 2 0 -2 -4 -6 5 3 1 -1 -3 -5 6 4 2 0 -2 -4 -6 5 3 1 -1 -3 -5 6 4 2 0 -2 -4 -6 5 3 1 -1 -3 -5 6 4 2 0 -2 -4 -6 5 3 1 -1 -3 -5 6 4 2 0 -2 -4 -6 5 3 1 -1 -3 -5 6 4 2 0 -2 -4 -6 5 3 1 -1 -3 -5 6 4 2 0 -2 -4 -6 5 3
-6 5 3 1 -1 -3 -5 6 4 2 0 -2 -4 -6 5 3 1 -1 -3 -5 6 4 2 0 -2 -4 -6 5 3 1 -1 -3 -5 6 4 2 0 -2 -4 -6 5 3 1 -1 -3 -5 6 4 2 0 -2 -4 -6 5 3 1 -1 -3 -5 6 4 2 0 -2 -4 -6 5 3 1 -1 -3 -5 6 4 2 0 -2 -4 -6 5 3 1 -1 -3 -5 6 4 2 0 -2 -4 -6 5 3 1 -1 -3 -5 6 4 2 0 -2 -4 -6 5 3 1 -1 -3 -5 6 4 2 0 -2 -4 -6 5 3 1 -1 -3 -5 6 4 2 0 -2 -4 -6 5 3 1 -1 -3 -5 6 4 2 0 -2 -4 -6 5 3 1 -1 -3 -5 6 4 2 0 -2 -4 -6 5 3 1 -1 -3 -5 6 4 2 0 -2 -4 -6 5 3 1 -1 -3 -5 6 4 2 0 -2 -4 -6 5 3 1 -1 -3 -5 6 4 2 0 -2 -4 -6 5 3 1 -1 -3 -5 6 4 2 0 -2 -4 -6 5 3 1 -1 -3 -5 6 4 2 0 -2 -4 -6 5 3 1 -1 -3 -5 6 4 2 0 -2 -4 -6 5 3 1 -1 -3 -5 6 4 2 0 -2 -4 -6 5 3 1 -1 -3 -5 6 4 2 0 -2 -4 -6 5 3 1 -1 -3 -5 6 4 2 0 -2 -4 -6 5 3 1 -1 -3 -5 6 4 2 0 -2 -4 -6 5 3 1 -1 -3 -5 6 4 2 0 -2 -4 -6 5 3 1 -1 -3 -5 6 4 2 0 -2 -4 -6 5 3 1 -1 -3 -5 6 4 2 0 -2 -4 -6 5 3 1 -1 -3 -5 6 4 2 0 -2 -4 -6 5 3 1 -1 -3 -5 6 4 2 0 -2 -4 -6 5 3 1 -1 -3 -5 6 4 2 0 -2 -4 -6 5 3 1 -1 -3 -5 6 4 2 0 -2 -4 -6 5 3 1 -1 -3 -5 6 4 2 0 -2 -4 -6 5 3 1 -1 -3 -5 6 4 2 0 -2 -4 -6 5 3 1 -1 -3 -5 6 4 2 0 -2 -4 -6 5 3 1 -1 -3 -5 6 4 2 0 -2 -4 -6 5 3 1 -1 -3 -5 6 4 2 0 -2 -4 -6 5 3 1 -1 -3 -5 6 4 2 0 -2 -4 -6 5 3 1 -1 -3 -5 6 4 2 0 -2 -4 -6 5 3 1 -1 -3 -5 6 4 2 0 -2 -4 -6 5 3 1 -1 -3 -5 6 4 2 0 -2 -4 -6 5 3 1 -1 -3
1 -1 -3 -5 6 4 2 0 -2 -4 -6 5 3 1 -1 -3 -5 6 4 2 0 -2 -4 -6 5 3 1 -1 -3 -5 6 4 2 0 -2 -4 -6 5 3 1 -1 -3 -5 6 4 2 0 -2 -4 -6 5 3 1 -1 -3 -5 6 4 2 0 -2 -4 -6 5 3 1 -1 -3 -5 6 4 2 0 -2 -4 -6 5 3 1 -1 -3 -5 6 4 2 0 -2 -4 -6 5 3 1 -1 -3 -5 6 4 2 0 -2 -4 -6 5 3 1 -1 -3 -5 6 4 2 0 -2 -4 -6 5 3 1 -1 -3 -5 6 4 2 0 -2 -4 -6 5 3 1 -1 -3 -5 6 4 2 0 -2 -4 -6 5 3 1 -1 -3 -5 6 4 2 0 -2 -4 -6 5 3 1 -1 -3 -5 6 4 2 0 -2 -4 -6 5 3 1 -1 -3 -5 6 4 2 0 -2 -4 -6 5 3 1 -1 -3 -5 6 4 2 0 -2 -4 -6 5 3 1 -1 -3 -5 6 4 2 0 -2 -4 -6 5 3 1 -1 -3 -5 6 4 2 0 -2 -4 -6 5 3 1 -1 -3 -5 6 4 2 0 -2 -4 -6 5 3 1 -1 -3 -5 6 4 2 0 -2 -4 -6 5 3 1 -1 -3 -5 6 4 2 0 -2 -4 -6 5 3 1 -1 -3 -5 6 4 2 0 -2 -4 -6 5 3 1 -1 -3 -5 6 4 2 0 -2 -4 -6 5 3 1 -1 -3 -5 6 4 2 0 -2 -4 -6 5 3 1 -1 -3 -5 6 4 2 0 -2 -4 -6 5 3 1 -1 -3 -5 6 4 2 0 -2 -4 -6 5 3 1 -1 -3 -5 6 4 2 0 -2 -4 -6 5 3 1 -1 -3 -5 6 4 2 0 -2 -4 -6 5 3 1 -1 -3 -5 6 4 2 0 -2 -4 -6 5 3 1 -1 -3 -5 6 4 2 0 -2 -4 -6 5 3 1 -1 -3 -5 6 4 2 0 -2 -4 -6 5 3 1 -1 -3 -5 6 4 2 0 -2 -4 -6 5 3 1 -1 -3 -5 6 4 2 0 -2 -4 -6 5 3 1 -1 -3 -5 6 4 2 0 -2 -4 -6 5 3 1 -1 -3 -5 6 4 2 0 -2 -4 -6 5 3 1 -1 -3 -5 6 4 2 0 -2 -4 -6 5 3 1 -1 -3 -5 6 4 2 0 -2 -4 -6 5 3 1 -1 -3 -5 6 4 2 0 -2 -4 -6 5 3 1 -1 -3 -5 6 4 2 0 -2 -4 -6 5 3 1 -1 -3 -5 6 4
-5 6 4 2 0 -2 -4 -6 5 3 1 -1 -3 -5 6 4 2 0 -2 -4 -6 5 3 1 -1 -3 -5 6 4 2 0 -2 -4 -6 5 3 1 -1 -3 -5 6 4 2 0 -2 -4 -6 5 3 1 -1 -3 -5 6 4 2 0 -2 -4 -6 5 3 1 -1 -3 -5 6 4 2 0 -2 -4 -6 5 3 1 -1 -3 -5 6 4 2 0 -2 -4 -6 5 3 1 -1 -3 -5 6 4 2 0 -2 -4 -6 5 3 1 -1 -3 -5 6 4 2 0 -2 -4 -6 5 3 1 -1 -3 -5 6 4 2 0 -2 -4 -6 5 3 1 -1 -3 -5 6 4 2 0 -2 -4 -6 5 3 1 -1 -3 -5 6 4 2 0 -2 -4 -6 5 3 1 -1 -3 -5 6 4 2 0 -2 -4 -6 5 3 1 -1 -3 -5 6 4 2 0 -2 -4 -6 5 3 1 -1 -3 -5 6 4 2 0 -2 -4 -6 5 3 1 -1 -3 -5 6 4 2 0 -2 -4 -6 5 3 1 -1 -3 -5 6 4 2 0 -2 -4 -6 5 3 1 -1 -3 -5 6 4 2 0 -2 -4 -6 5 3 1 -1 -3 -5 6 4 2 0 -2 -4 -6 5 3 1 -1 -3 -5 6 4 2 0 -2 -4 -6 5 3 1 -1 -3 -5 6 4 2 0 -2 -4 -6 5 3 1 -1 -3 -5 6 4 2 0 -2 -4 -6 5 3 1 -1 -3 -5 6 4 2 0 -2 -4 -6 5 3 1 -1 -3 -5 6 4 2 0 -2 -4 -6 5 3 1 -1 -3 -5 6 4 2 0 -2 -4 -6 5 3 1 -1 -3 -5 6 4 2 0 -2 -4 -6 5 3 1 -1 -3 -5 6 4 2 0 -2 -4 -6 5 3 1 -1 -3 -5 6 4 2 0 -2 -4 -6 5 3 1 -1 -3 -5 6 4 2 0 -2 -4 -6 5 3 1 -1 -3 -5 6 4 2 0 -2 -4 -6 5 3 1 -1 -3 -5 6 4 2 0 -2 -4 -6 5 3 1 -1 -3 -5 6 4 2 0 -2 -4 -6 5 3 1 -1 -3 -5 6 4 2 0 -2 -4 -6 5 3 1 -1 -3 -5 6 4 2 0 -2 -4 -6 5 3 1 -1 -3 -5 6 4 2 0 -2 -4 -6 5 3 1 -1 -3 -5 6 4 2 0 -2 -4 -6 5 3 1 -1 -3 -5 6 4 2 0 -2 -4 -6 5 3 1 -1 -3 -5 6 4 2 0 -2 -4 -6 5 3 1 -1 -3 -5 6 4 2 0 -2
2 0 -2 -4 -6 5 3 1 -1 -3 -5 6 4 2 0 -2 -4 -6 5 3 1 -1 -3 -5 6 4 2 0 -2 -4 -6 5 3 1 -1 -3 -5 6 4 2 0 -2 -4 -6 5 3 1 -1 -3 -5 6 4 2 0 -2 -4 -6 5 3 1 -1 -3 -5 6 4 2 0 -2 -4 -6 5 3 1 -1 -3 -5 6 4 2 0 -2 -4 -6 5 3 1 -1 -3 -5 6 4 2 0 -2 -4 -6 5 3 1 -1 -3 -5 6 4 2 0 -2 -4 -6 5 3 1 -1 -3 -5 6 4 2 0 -2 -4 -6 5 3 1 -1 -3 -5 6 4 2 0 -2 -4 -6 5 3 1 -1 -3 -5 6 4 2 0 -2 -4 -6 5 3 1 -1 -3 -5 6 4 2 0 -2 -4 -6 5 3 1 -1 -3 -5 6 4 2 0 -2 -4 -6 5 3 1 -1 -3 -5 6 4 2 0 -2 -4 -6 5 3 1 -1 -3 -5 6 4 2 0 -2 -4 -6 5 3 1 -1 -3 -5 6 4 2 0 -2 -4 -6 5 3 1 -1 -3 -5 6 4 2 0 -2 -4 -6 5 3 1 -1 -3 -5 6 4 2 0 -2 -4 -6 5 3 1 -1 -3 -5 6 4 2 0 -2 -4 -6 5 3 1 -1 -3 -5 6 4 2 0 -2 -4 -6 5 3 1 -1 -3 -5 6 4 2 0 -2 -4 -6 5 3 1 -1 -3 -5 6 4 2 0 -2 -4 -6 5 3 1 -1 -3 -5 6 4 2 0 -2 -4 -6 5 3 1 -1 -3 -5 6 4 2 0 -2 -4 -6 5 3 1 -1 -3 -5 6 4 2 0 -2 -4 -6 5 3 1 -1 -3 -5 6 4 2 0 -2 -4 -6 5 3 1 -1 -3 -5 6 4 2 0 -2 -4 -6 5 3 1 -1 -3 -5 6 4 2 0 -2 -4 -6 5 3 1 -1 -3 -5 6 4 2 0 -2 -4 -6 5 3 1 -1 -3 -5 6 4 2 0 -2 -4 -6 5 3 1 -1 -3 -5 6 4 2 0 -2 -4 -6 5 3 1 -1 -3 -5 6 4 2 0 -2 -4 -6 5 3 1 -1 -3 -5 6 4 2 0 -2 -4 -6 5 3 1 -1 -3 -5 6 4 2 0 -2 -4 -6 5 3 1 -1 -3 -5 6 4 2 0 -2 -4 -6 5 3 1 -1 -3 -5 6 4 2 0 -2 -4 -6 5 3 1 -1 -3 -5 6 4 2 0 -2 -4 -6 5 3 1 -1 -3 -5 6 4 2 0 -2 -4 -6 5
-4 -6 5 3 1 -1 -3 -5 6 4 2 0 -2 -4 -6 5 3 1 -1 -3 -5 6 4 2 0 -2 -4 -6 5 3 1 -1 -3 -5 6 4 2 0 -2 -4 -6 5 3 1 -1 -3 -5 6 4 2 0 -2 -4 -6 5 3 1 -1 -3 -5 6 4 2 0 -2 -4 -6 5 3 1 -1 -3 -5 6 4 2 0 -2 -4 -6 5 3 1 -1 -3 -5 6 4 2 0 -2 -4 -6 5 3 1 -1 -3 -5 6 4 2 0 -2 -4 -6 5 3 1 -1 -3 -5 6 4 2 0 -2 -4 -6 5 3 1 -1 -3 -5 6 4 2 0 -2 -4 -6 5 3 1 -1 -3 -5 6 4 2 0 -2 -4 -6 5 3 1 -1 -3 -5 6 4 2 0 -2 -4 -6 5 3 1 -1 -3 -5 6 4 2 0 -2 -4 -6 5 3 1 -1 -3 -5 6 4 2 0 -2 -4 -6 5 3 1 -1 -3 -5 6 4 2 0 -2 -4 -6 5 3 1 -1 -3 -5 6 4 2 0 -2 -4 -6 5 3 1 -1 -3 -5 6 4 2 0 -2 -4 -6 5 3 1 -1 -3 -5 6 4 2 0 -2 -4 -6 5 3 1 -1 -3 -5 6 4 2 0 -2 -4 -6 5 3 1 -1 -3 -5 6 4 2 0 -2 -4 -6 5 3 1 -1 -3 -5 6 4 2 0 -2 -4 -6 5 3 1 -1 -3 -5 6 4 2 0 -2 -4 -6 5 3 1 -1 -3 -5 6 4 2 0 -2 -4 -6 5 3 1 -1 -3 -5 6 4 2 0 -2 -4 -6 5 3 1 -1 -3 -5 6 4 2 0 -2 -4 -6 5 3 1 -1 -3 -5 6 4 2 0 -2 -4 -6 5 3 1 -1 -3 -5 6 4 2 0 -2 -4 -6 5 3 1 -1 -3 -5 6 4 2 0 -2 -4 -6 5 3 1 -1 -3 -5 6 4 2 0 -2 -4 -6 5 3 1 -1 -3 -5 6 4 2 0 -2 -4 -6 5 3 1 -1 -3 -5 6 4 2 0 -2 -4 -6 5 3 1 -1 -3 -5 6 4 2 0 -2 -4 -6 5 3 1 -1 -3 -5 6 4 2 0 -2 -4 -6 5 3 1 -1 -3 -5 6 4 2 0 -2 -4 -6 5 3 1 -1 -3 -5 6 4 2 0 -2 -4 -6 5 3 1 -1 -3 -5 6 4 2 0 -2 -4 -6 5 3 1 -1 -3 -5 6 4 2 0 -2 -4 -6 5 3 1 -1 -3 -5 6 4 2 0 -2 -4 -6 5 3 1 -1
3 1 -1 -3 -5 6 4 2 0 -2 -4 -6 5 3 1 -1 -3 -5 6 4 2 0 -2 -4 -6 5 3 1 -1 -3 -5 6 4 2 0 -2 -4 -6 5 3 1 -1 -3 -5 6 4 2 0 -2 -4 -6 5 3 1 -1 -3 -5 6 4 2 0 -2 -4 -6 5 3 1 -1 -3 -5 6 4 2 0 -2 -4 -6 5 3 1 -1 -3 -5 6 4 2 0 -2 -4 -6 5 3 1 -1 -3 -5 6 4 2 0 -2 -4 -6 5 3 1 -1 -3 -5 6 4 2 0 -2 -4 -6 5 3 1 -1 -3 -5 6 4 2 0 -2 -4 -6 5 3 1 -1 -3 -5 6 4 2 0 -2 -4 -6 5 3 1 -1 -3 -5 6 4 2 0 -2 -4 -6 5 3 1 -1 -3 -5 6 4 2 0 -2 -4 -6 5 3 1 -1 -3 -5 6 4 2 0 -2 -4 -6 5 3 1 -1 -3 -5 6 4 2 0 -2 -4 -6 5 3 1 -1 -3 -5 6 4 2 0 -2 -4 -6 5 3 1 -1 -3 -5 6 4 2 0 -2 -4 -6 5 3 1 -1 -3 -5 6 4 2 0 -2 -4 -6 5 3 1 -1 -3 -5 6 4 2 0 -2 -4 -6 5 3 1 -1 -3 -5 6 4 2 0 -2 -4 -6 5 3 1 -1 -3 -5 6 4 2 0 -2 -4 -6 5 3 1 -1 -3 -5 6 4 2 0 -2 -4 -6 5 3 1 -1 -3 -5 6 4 2 0 -2 -4 -6 5 3 1 -1 -3 -5 6 4 2 0 -2 -4 -6 5 3 1 -1 -3 -5 6 4 2 0 -2 -4 -6 5 3 1 -1 -3 -5 6 4 2 0 -2 -4 -6 5 3 1 -1 -3 -5 6 4 2 0 -2 -4 -6 5 3 1 -1 -3 -5 6 4 2 0 -2 -4 -6 5 3 1 -1 -3 -5 6 4 2 0 -2 -4 -6 5 3 1 -1 -3 -5 6 4 2 0 -2 -4 -6 5 3 1 -1 -3 -5 6 4 2 0 -2 -4 -6 5 3 1 -1 -3 -5 6 4 2 0 -2 -4 -6 5 3 1 -1 -3 -5 6 4 2 0 -2 -4 -6 5 3 1 -1 -3 -5 6 4 2 0 -2 -4 -6 5 3 1 -1 -3 -5 6 4 2 0 -2 -4 -6 5 3 1 -1 -3 -5 6 4 2 0 -2 -4 -6 5 3 1 -1 -3 -5 6 4 2 0 -2 -4 -6 5 3 1 -1 -3 -5 6 4 2 0 -2 -4 -6 5 3 1 -1 -3 -5 6
-3 -5 6 4 2 0 -2 -4 -6 5 3 1 -1 -3 -5 6 4 2 0 -2 -4 -6 5 3 1 -1 -3 -5 6 4 2 0 -2 -4 -6 5 3 1 -1 -3 -5 6 4 2 0 -2 -4 -6 5 3 1 -1 -3 -5 6 4 2 0 -2 -4 -6 5 3 1 -1 -3 -5 6 4 2 0 -2 -4 -6 5 3 1 -1 -3 -5 6 4 2 0 -2 -4 -6 5 3 1 -1 -3 -5 6 4 2 0 -2 -4 -6 5 3 1 -1 -3 -5 6 4 2 0 -2 -4 -6 5 3 1 -1 -3 -5 6 4 2 0 -2 -4 -6 5 3 1 -1 -3 -5 6 4 2 0 -2 -4 -6 5 3 1 -1 -3 -5 6 4 2 0 -2 -4 -6 5 3 1 -1 -3 -5 6 4 2 0 -2 -4 -6 5 3 1 -1 -3 -5 6 4 2 0 -2 -4 -6 5 3 1 -1 -3 -5 6 4 2 0 -2 -4 -6 5 3 1 -1 -3 -5 6 4 2 0 -2 -4 -6 5 3 1 -1 -3 -5 6 4 2 0 -2 -4 -6 5 3 1 -1 -3 -5 6 4 2 0 -2 -4 -6 5 3 1 -1 -3 -5 6 4 2 0 -2 -4 -6 5 3 1 -1 -3 -5 6 4 2 0 -2 -4 -6 5 3 1 -1 -3 -5 6 4 2 0 -2 -4 -6 5 3 1 -1 -3 -5 6 4 2 0 -2 -4 -6 5 3 1 -1 -3 -5 6 4 2 0 -2 -4 -6 5 3 1 -1 -3 -5 6 4 2 0 -2 -4 -6 5 3 1 -1 -3 -5 6 4 2 0 -2 -4 -6 5 3 1 -1 -3 -5 6 4 2 0 -2 -4 -6 5 3 1 -1 -3 -5 6 4 2 0 -2 -4 -6 5 3 1 -1 -3 -5 6 4 2 0 -2 -4 -6 5 3 1 -1 -3 -5 6 4 2 0 -2 -4 -6 5 3 1 -1 -3 -5 6 4 2 0 -2 -4 -6 5 3 1 -1 -3 -5 6 4 2 0 -2 -4 -6 5 3 1 -1 -3 -5 6 4 2 0 -2 -4 -6 5 3 1 -1 -3 -5 6 4 2 0 -2 -4 -6 5 3 1 -1 -3 -5 6 4 2 0 -2 -4 -6 5 3 1 -1 -3 -5 6 4 2 0 -2 -4 -6 5 3 1 -1 -3 -5 6 4 2 0 -2 -4 -6 5 3 1 -1 -3 -5 6 4 2 0 -2 -4 -6 5 3 1 -1 -3 -5 6 4 2 0 -2 -4 -6 5 3 1 -1 -3 -5 6 4 2 0
4 2 0 -2 -4 -6 5 3 1 -1 -3 -5 6 4 2 0 -2 -4 -6 5 3 1 -1 -3 -5 6 4 2 0 -2 -4 -6 5 3 1 -1 -3 -5 6 4 2 0 -2 -4 -6 5 3 1 -1 -3 -5 6 4 2 0 -2 -4 -6 5 3 1 -1 -3 -5 6 4 2 0 -2 -4 -6 5 3 1 -1 -3 -5 6 4 2 0 -2 -4 -6 5 3 1 -1 -3 -5 6 4 2 0 -2 -4 -6 5 3 1 -1 -3 -5 6 4 2 0 -2 -4 -6 5 3 1 -1 -3 -5 6 4 2 0 -2 -4 -6 5 3 1 -1 -3 -5 6 4 2 0 -2 -4 -6 5 3 1 -1 -3 -5 6 4 2 0 -2 -4 -6 5 3 1 -1 -3 -5 6 4 2 0 -2 -4 -6 5 3 1 -1 -3 -5 6 4 2 0 -2 -4 -6 5 3 1 -1 -3 -5 6 4 2 0 -2 -4 -6 5 3 1 -1 -3 -5 6 4 2 0 -2 -4 -6 5 3 1 -1 -3 -5 6 4 2 0 -2 -4 -6 5 3 1 -1 -3 -5 6 4 2 0 -2 -4 -6 5 3 1 -1 -3 -5 6 4 2 0 -2 -4 -6 5 3 1 -1 -3 -5 6 4 2 0 -2 -4 -6 5 3 1 -1 -3 -5 6 4 2 0 -2 -4 -6 5 3 1 -1 -3 -5 6 4 2 0 -2 -4 -6 5 3 1 -1 -3 -5 6 4 2 0 -2 -4 -6 5 3 1 -1 -3 -5 6 4 2 0 -2 -4 -6 5 3 1 -1 -3 -5 6 4 2 0 -2 -4 -6 5 3 1 -1 -3 -5 6 4 2 0 -2 -4 -6 5 3 1 -1 -3 -5 6 4 2 0 -2 -4 -6 5 3 1 -1 -3 -5 6 4 2 0 -2 -4 -6 5 3 1 -1 -3 -5 6 4 2 0 -2 -4 -6 5 3 1 -1 -3 -5 6 4 2 0 -2 -4 -6 5 3 1 -1 -3 -5 6 4 2 0 -2 -4 -6 5 3 1 -1 -3 -5 6 4 2 0 -2 -4 -6 5 3 1 -1 -3 -5 6 4 2 0 -2 -4 -6 5 3 1 -1 -3 -5 6 4 2 0 -2 -4 -6 5 3 1 -1 -3 -5 6 4 2 0 -2 -4 -6 5 3 1 -1 -3 -5 6 4 2 0 -2 -4 -6 5 3 1 -1 -3 -5 6 4 2 0 -2 -4 -6 5 3 1 -1 -3 -5 6 4 2 0 -2 -4 -6 5 3 1 -1 -3 -5 6 4 2 0 -2 -4 -6
-2 -4 -6 5 3 1 -1 -3 -5 6 4 2 0 -2 -4 -6 5 3 1 -1 -3 -5 6 4 2 0 -2 -4 -6 5 3 1 -1 -3 -5 6 4 2 0 -2 -4 -6 5 3 1 -1 -3 -5 6 4 2 0 -2 -4 -6 5 3 1 -1 -3 -5 6 4 2 0 -2 -4 -6 5 3 1 -1 -3 -5 6 4 2 0 -2 -4 -6 5 3 1 -1 -3 -5 6 4 2 0 -2 -4 -6 5 3 1 -1 -3 -5 6 4 2 0 -2 -4 -6 5 3 1 -1 -3 -5 6 4 2 0 -2 -4 -6 5 3 1 -1 -3 -5 6 4 2 0 -2 -4 -6 5 3 1 -1 -3 -5 6 4 2 0 -2 -4 -6 5 3 1 -1 -3 -5 6 4 2 0 -2 -4 -6 5 3 1 -1 -3 -5 6 4 2 0 -2 -4 -6 5 3 1 -1 -3 -5 6 4 2 0 -2 -4 -6 5 3 1 -1 -3 -5 6 4 2 0 -2 -4 -6 5 3 1 -1 -3 -5 6 4 2 0 -2 -4 -6 5 3 1 -1 -3 -5 6 4 2 0 -2 -4 -6 5 3 1 -1 -3 -5 6 4 2 0 -2 -4 -6 5 3 1 -1 -3 -5 6 4 2 0 -2 -4 -6 5 3 1 -1 -3 -5 6 4 2 0 -2 -4 -6 5 3 1 -1 -3 -5 6 4 2 0 -2 -4 -6 5 3 1 -1 -3 -5 6 4 2 0 -2 -4 -6 5 3 1 -1 -3 -5 6 4 2 0 -2 -4 -6 5 3 1 -1 -3 -5 6 4 2 0 -2 -4 -6 5 3 1 -1 -3 -5 6 4 2 0 -2 -4 -6 5 3 1 -1 -3 -5 6 4 2 0 -2 -4 -6 5 3 1 -1 -3 -5 6 4 2 0 -2 -4 -6 5 3 1 -1 -3 -5 6 4 2 0 -2 -4 -6 5 3 1 -1 -3 -5 6 4 2 0 -2 -4 -6 5 3 1 -1 -3 -5 6 4 2 0 -2 -4 -6 5 3 1 -1 -3 -5 6 4 2 0 -2 -4 -6 5 3 1 -1 -3 -5 6 4 2 0 -2 -4 -6 5 3 1 -1 -3 -5 6 4 2 0 -2 -4 -6 5 3 1 -1 -3 -5 6 4 2 0 -2 -4 -6 5 3 1 -1 -3 -5 6 4 2 0 -2 -4 -6 5 3 1 -1 -3 -5 6 4 2 0 -2 -4 -6 5 3 1 -1 -3 -5 6 4 2 0 -2 -4 -6 5 3 1 -1 -3 -5 6 4 2 0 -2 -4 -6 5 3 1
5 3 1 -1 -3 -5 6 4 2 0 -2 -4 -6 5 3 1 -1 -3 -5 6 4 2 0 -2 -4 -6 5 3 1 -1 -3 -5 6 4 2 0 -2 -4 -6 5 3 1 -1 -3 -5 6 4 2 0 -2 -4 -6 5 3 1 -1 -3 -5 6 4 2 0 -2 -4 -6 5 3 1 -1 -3 -5 6 4 2 0 -2 -4 -6 5 3 1 -1 -3 -5 6 4 2 0 -2 -4 -6 5 3 1 -1 -3 -5 6 4 2 0 -2 -4 -6 5 3 1 -1 -3 -5 6 4 2 0 -2 -4 -6 5 3 1 -1 -3 -5 6 4 2 0 -2 -4 -6 5 3 1 -1 -3 -5 6 4 2 0 -2 -4 -6 5 3 1 -1 -3 -5 6 4 2 0 -2 -4 -6 5 3 1 -1 -3 -5 6 4 2 0 -2 -4 -6 5 3 1 -1 -3 -5 6 4 2 0 -2 -4 -6 5 3 1 -1 -3 -5 6 4 2 0 -2 -4 -6 5 3 1 -1 -3 -5 6 4 2 0 -2 -4 -6 5 3 1 -1 -3 -5 6 4 2 0 -2 -4 -6 5 3 1 -1 -3 -5 6 4 2 0 -2 -4 -6 5 3 1 -1 -3 -5 6 4 2 0 -2 -4 -6 5 3 1 -1 -3 -5 6 4 2 0 -2 -4 -6 5 3 1 -1 -3 -5 6 4 2 0 -2 -4 -6 5 3 1 -1 -3 -5 6 4 2 0 -2 -4 -6 5 3 1 -1 -3 -5 6 4 2 0 -2 -4 -6 5 3 1 -1 -3 -5 6 4 2 0 -2 -4 -6 5 3 1 -1 -3 -5 6 4 2 0 -2 -4 -6 5 3 1 -1 -3 -5 6 4 2 0 -2 -4 -6 5 3 1 -1 -3 -5 6 4 2 0 -2 -4 -6 5 3 1 -1 -3 -5 6 4 2 0 -2 -4 -6 5 3 1 -1 -3 -5 6 4 2 0 -2 -4 -6 5 3 1 -1 -3 -5 6 4 2 0 -2 -4 -6 5 3 1 -1 -3 -5 6 4 2 0 -2 -4 -6 5 3 1 -1 -3 -5 6 4 2 0 -2 -4 -6 5 3 1 -1 -3 -5 6 4 2 0 -2 -4 -6 5 3 1 -1 -3 -5 6 4 2 0 -2 -4 -6 5 3 1 -1 -3 -5 6 4 2 0 -2 -4 -6 5 3 1 -1 -3 -5 6 4 2 0 -2 -4 -6 5 3 1 -1 -3 -5 6 4 2 0 -2 -4 -6 5 3 1 -1 -3 -5 6 4 2 0 -2 -4 -6 5 3 1 -1 -3 -5
-1 -3 -5 6 4 2 0 -2 -4 -6 5 3 1 -1 -3 -5 6 4 2 0 -2 -4 -6 5 3 1 -1 -3 -5 6 4 2 0 -2 -4 -6 5 3 1 -1 -3 -5 6 4 2 0 -2 -4 -6 5 3 1 -1 -3 -5 6 4 2 0 -2 -4 -6 5 3 1 -1 -3 -5 6 4 2 0 -2 -4 -6 5 3 1 -1 -3 -5 6 4 2 0 -2 -4 -6 5 3 1 -1 -3 -5 6 4 2 0 -2 -4 -6 5 3 1 -1 -3 -5 6 4 2 0 -2 -4 -6 5 3 1 -1 -3 -5 6 4 2 0 -2 -4 -6 5 3 1 -1 -3 -5 6 4 2 0 -2 -4 -6 5 3 1 -1 -3 -5 6 4 2 0 -2 -4 -6 5 3 1 -1 -3 -5 6 4 2 0 -2 -4 -6 5 3 1 -1 -3 -5 6 4 2 0 -2 -4 -6 5 3 1 -1 -3 -5 6 4 2 0 -2 -4 -6 5 3 1 -1 -3 -5 6 4 2 0 -2 -4 -6 5 3 1 -1 -3 -5 6 4 2 0 -2 -4 -6 5 3 1 -1 -3 -5 6 4 2 0 -2 -4 -6 5 3 1 -1 -3 -5 6 4 2 0 -2 -4 -6 5 3 1 -1 -3 -5 6 4 2 0 -2 -4 -6 5 3 1 -1 -3 -5 6 4 2 0 -2 -4 -6 5 3 1 -1 -3 -5 6 4 2 0 -2 -4 -6 5 3 1 -1 -3 -5 6 4 2 0 -2 -4 -6 5 3 1 -1 -3 -5 6 4 2 0 -2 -4 -6 5 3 1 -1 -3 -5 6 4 2 0 -2 -4 -6 5 3 1 -1 -3 -5 6 4 2 0 -2 -4 -6 5 3 1 -1 -3 -5 6 4 2 0 -2 -4 -6 5 3 1 -1 -3 -5 6 4 2 0 -2 -4 -6 5 3 1 -1 -3 -5 6 4 2 0 -2 -4 -6 5 3 1 -1 -3 -5 6 4 2 0 -2 -4 -6 5 3 1 -1 -3 -5 6 4 2 0 -2 -4 -6 5 3 1 -1 -3 -5 6 4 2 0 -2 -4 -6 5 3 1 -1 -3 -5 6 4 2 0 -2 -4 -6 5 3 1 -1 -3 -5 6 4 2 0 -2 -4 -6 5 3 1 -1 -3 -5 6 4 2 0 -2 -4 -6 5 3 1 -1 -3 -5 6 4 2 0 -2 -4 -6 5 3 1 -1 -3 -5 6 4 2 0 -2 -4 -6 5 3 1 -1 -3 -5 6 4 2 0 -2 -4 -6 5 3 1 -1 -3 -5 6 4 2
B 0 0
input 500
-5 -4 -3 -2 -1 0 1 2 3 4 5 -5 -4 -3 -2 -1 0 1 2 3 4 5 -5 -4 -3 -2 -1 0 1 2 3 4 5 -5 -4 -3 -2 -1 0 1 2 3 4 5 -5 -4 -3 -2 -1 0 1 2 3 4 5 -5 -4 -3 -2 -1 0 1 2 3 4 5 -5 -4 -3 -2 -1 0 1 2 3 4 5 -5 -4 -3 -2 -1 0 1 2 3 4 5 -5 -4 -3 -2 -1 0 1 2 3 4 5 -5 -4 -3 -2 -1 0 1 2 3 4 5 -5 -4 -3 -2 -1 0 1 2 3 4 5 -5 -4 -3 -2 -1 0 1 2 3 4 5 -5 -4 -3 -2 -1 0 1 2 3 4 5 -5 -4 -3 -2 -1 0 1 2 3 4 5 -5 -4 -3 -2 -1 0 1 2 3 4 5 -5 -4 -3 -2 -1 0 1 2 3 4 5 -5 -4 -3 -2 -1 0 1 2 3 4 5 -5 -4 -3 -2 -1 0 1 2 3 4 5 -5 -4 -3 -2 -1 0 1 2 3 4 5 -5 -4 -3 -2 -1 0 1 2 3 4 5 -5 -4 -3 -2 -1 0 1 2 3 4 5 -5 -4 -3 -2 -1 0 1 2 3 4 5 -5 -4 -3 -2 -1 0 1 2 3 4 5 -5 -4 -3 -2 -1 0 1 2 3 4 5 -5 -4 -3 -2 -1 0 1 2 3 4 5 -5 -4 -3 -2 -1 0 1 2 3 4 5 -5 -4 -3 -2 -1 0 1 2 3 4 5 -5 -4 -3 -2 -1 0 1 2 3 4 5 -5 -4 -3 -2 -1 0 1 2 3 4 5 -5 -4 -3 -2 -1 0 1 2 3 4 5 -5 -4 -3 -2 -1 0 1 2 3 4 5 -5 -4 -3 -2 -1 0 1 2 3 4 5 -5 -4 -3 -2 -1 0 1 2 3 4 5 -5 -4 -3 -2 -1 0 1 2 3 4 5 -5 -4 -3 -2 -1 0 1 2 3 4 5 -5 -4 -3 -2 -1 0 1 2 3 4 5 -5 -4 -3 -2 -1 0 1 2 3 4 5 -5 -4 -3 -2 -1 0 1 2 3 4 5 -5 -4 -3 -2 -1 0 1 2 3 4 5 -5 -4 -3 -2 -1 0 1 2 3 4 5 -5 -4 -3 -2 -1 0 1 2 3 4 5 -5 -4 -3 -2 -1 0 1 2 3 4 5 -5 -4 -3 -2 -1 0 1 2 3 4 5 -5 -4 -3 -2 -1 0 1 2 3 4 5 -5 -4 -3 -2 -1 0 1 2 3 4 5 -5 -4 -3 -2 -1
expected 700
-42 9 -18 -32 32 18 -9 42 -37 27 0 -27 37 -42 9 -18 -32 32 18 -9 42 -37 27 0 -27 37 -42 9 -18 -32 32 18 -9 42 -37 27 0 -27 37 -42 9 -18 -32 32 18 -9 42 -37 27 0 -27 37 -42 9 -18 -32 32 18 -9 42 -37 27 0 -27 37 -42 9 -18 -32 32 18 -9 42 -37 27 0 -27 37 -42 9 -18 -32 32 18 -9 42 -37 27 0 -27 37 -42 9 -18 -32 32 18 -9 42 -37 27 0 -27 37 -42 9 -18 -32 32 18 -9 42 -37 27 0 -27 37 -42 9 -18 -32 32 18 -9 42 -37 27 0 -27 37 -42 9 -18 -32 32 18 -9 42 -37 27 0 -27 37 -42 9 -18 -32 32 18 -9 42 -37 27 0 -27 37 -42 9 -18 -32 32 18 -9 42 -37 27 0 -27 37 -42 9 -18 -32 32 18 -9 42 -37 27 0 -27 37 -42 9 -18 -32 32 18 -9 42 -37 27 0 -27 37 -42 9 -18 -32 32 18 -9 42 -37 27 0 -27 37 -42 9 -18 -32 32 18 -9 42 -37 27 0 -27 37 -42 9 -18 -32 32 18 -9 42 -37 27 0 -27 37 -42 9 -18 -32 32 18 -9 42 -37 27 0 -27 37 -42 9 -18 -32 32 18 -9 42 -37 27 0 -27 37 -42 9 -18 -32 32 18 -9 42 -37 27 0 -27 37 -42 9 -18 -32 32 18 -9 42 -37 27 0 -27 37 -42 9 -18 -32 32 18 -9 42 -37 27 0 -27 37 -42 9 -18 -32 32 18 -9 42 -37 27 0 -27 37 -42 9 -18 -32 32 18 -9 42 -37 27 0 -27 37 -42 9 -18 -32 32 18 -9 42 -37 27 0 -27 37 -42 9 -18 -32 32 18 -9 42 -37 27 0 -27 37 -42 9 -18 -32 32 18 -9 42 -37 27 0 -27 37 -42 9 -18 -32 32 18 -9 42 -37 27 0 -27 37 -42 9 -18 -32 32 18 -9 42 -37 27 0 -27 37 -42 9 -18 -32 32 18 -9 42 -37 27 0 -27 37 -42 9 -18 -32 32 18 -9 42 -37 27 0 -27 37 -42 9 -18 -32 32 18 -9 42 -37 27 0 -27 37 -42 9 -18 -32 32 18 -9 42 -37 27 0 -27 37 -42 9 -18 -32 32 18 -9 42 -37 27 0 -27 37 -42 9 -18 -32 32 18 -9 42 -37 27 0 -27 37 -42 9 -18 -32 32 18 -9 42 -37 27 0 -27 37 -42 9 -18 -32 32 18 -9 42 -37 27 0 -27 37 -42 9 -18 -32 32 18 -9 42 -37 27 0 -27 37 -42 9 -18 -32 32 18 -9 42 -37 27 0 -27 37 -42 9 -18 -32 32 18 -9 42 -37 27 0 -27 37 -42 9 -18 -32 32 18 -9 42 -37 27 0 -27 37 -42 9 -18 -32 32 18 -9 42 -37 27 0 -27 37 -42 9 -18 -32 32 18 -9 42 -37 27 0 -27 37 -42 9 -18 -32 32 18 -9 42 -37 27 0 -27 37 -42 9 -18 -32 32 18 -9 42 -37 27 0 -27 37 -42 9 -18 -32 32 18 -9 42 -37 27 0 -27 37 -42 9 -18 -32 32 18 -9 42 -37 27 0 -27 37 -42 9 -18 -32 32 18 -9 42 -37 27 0 -27 37 -42 9 -18 -32 32 18 -9 42 -37 27 0 -27 37 -42 9 -18 -32 32 18 -9 42 -37 27 0 -27 37 -42 9 -18 -32 32 18 -9 42 -37 27 0 -27 37 -42 9 -18 -32 32 18 -9 42 -37 27 0 -27 37 -42 9 -18 -32 32 18 -9 42 -37 27 0
end
