LAB1 1
name "Regular system with diagonally dominant matrix (600 x 600)"
task 3
outcomes 0 0
limits 1e-12 1e-09 0.05 40
A 600 600
721 1 -1 2 0 -2 1 -1 2 0 -2 1 -1 2 0 -2 1 -1 2 0 -2 1 -1 2 0 -2 1 -1 2 0 -2 1 -1 2 0 -2 1 -1 2 0 -2 1 -1 2 0 -2 1 -1 2 0 -2 1 -1 2 0 -2 1 -1 2 0 -2 1 -1 2 0 -2 1 -1 2 0 -2 1 -1 2 0 -2 1 -1 2 0 -2 1 -1 2 0 -2 1 -1 2 0 -2 1 -1 2 0 -2 1 -1 2 0 -2 1 -1 2 0 -2 1 -1 2 0 -2 1 -1 2 0 -2 1 -1 2 0 -2 1 -1 2 0 -2 1 -1 2 0 -2 1 -1 2 0 -2 1 -1 2 0 -2 1 -1 2 0 -2 1 -1 2 0 -2 1 -1 2 0 -2 1 -1 2 0 -2 1 -1 2 0 -2 1 -1 2 0 -2 1 -1 2 0 -2 1 -1 2 0 -2 1 -1 2 0 -2 1 -1 2 0 -2 1 -1 2 0 -2 1 -1 2 0 -2 1 -1 2 0 -2 1 -1 2 0 -2 1 -1 2 0 -2 1 -1 2 0 -2 1 -1 2 0 -2 1 -1 2 0 -2 1 -1 2 0 -2 1 -1 2 0 -2 1 -1 2 0 -2 1 -1 2 0 -2 1 -1 2 0 -2 1 -1 2 0 -2 1 -1 2 0 -2 1 -1 2 0 -2 1 -1 2 0 -2 1 -1 2 0 -2 1 -1 2 0 -2 1 -1 2 0 -2 1 -1 2 0 -2 1 -1 2 0 -2 1 -1 2 0 -2 1 -1 2 0 -2 1 -1 2 0 -2 1 -1 2 0 -2 1 -1 2 0 -2 1 -1 2 0 -2 1 -1 2 0 -2 1 -1 2 0 -2 1 -1 2 0 -2 1 -1 2 0 -2 1 -1 2 0 -2 1 -1 2 0 -2 1 -1 2 0 -2 1 -1 2 0 -2 1 -1 2 0 -2 1 -1 2 0 -2 1 -1 2 0 -2 1 -1 2 0 -2 1 -1 2 0 -2 1 -1 2 0 -2 1 -1 2 0 -2 1 -1 2 0 -2 1 -1 2 0 -2 1 -1 2 0 -2 1 -1 2 0 -2 1 -1 2 0 -2 1 -1 2 0 -2 1 -1 2 0 -2 1 -1 2 0 -2 1 -1 2 0 -2 1 -1 2 0 -2 1 -1 2 0 -2 1 -1 2 0 -2 1 -1 2 0 -2 1 -1 2 0 -2 1 -1 2 0 -2 1 -1 2 0 -2 1 -1 2 0 -2 1 -1 2 0 -2 1 -1 2 0 -2 1 -1 2 0 -2 1 -1 2 0 -2 1 -1 2 0 -2 1 -1 2 0 -2 1 -1 2 0 -2 1 -1 2 0 -2 1 -1 2 0 -2 1 -1 2 0 -2 1 -1 2 0 -2 1 -1 2 0 -2 1 -1 2 0 -2 1 -1 2 0 -2 1 -1 2 0 -2 1 -1 2 0 -2 1 -1 2 0 -2 1 -1 2 0 -2 1 -1 2 0 -2 1 -1 2 0 -2 1 -1 2 0 -2 1 -1 2 0
0 722 -2 2 1 0 -1 -2 2 1 0 -1 -2 2 1 0 -1 -2 2 1 0 -1 -2 2 1 0 -1 -2 2 1 0 -1 -2 2 1 0 -1 -2 2 1 0 -1 -2 2 1 0 -1 -2 2 1 0 -1 -2 2 1 0 -1 -2 2 1 0 -1 -2 2 1 0 -1 -2 2 1 0 -1 -2 2 1 0 -1 -2 2 1 0 -1 -2 2 1 0 -1 -2 2 1 0 -1 -2 2 1 0 -1 -2 2 1 0 -1 -2 2 1 0 -1 -2 2 1 0 -1 -2 2 1 0 -1 -2 2 1 0 -1 -2 2 1 0 -1 -2 2 1 0 -1 -2 2 1 0 -1 -2 2 1 0 -1 -2 2 1 0 -1 -2 2 1 0 -1 -2 2 1 0 -1 -2 2 1 0 -1 -2 2 1 0 -1 -2 2 1 0 -1 -2 2 1 0 -1 -2 2 1 0 -1 -2 2 1 0 -1 -2 2 1 0 -1 -2 2 1 0 -1 -2 2 1 0 -1 -2 2 1 0 -1 -2 2 1 0 -1 -2 2 1 0 -1 -2 2 1 0 -1 -2 2 1 0 -1 -2 2 1 0 -1 -2 2 1 0 -1 -2 2 1 0 -1 -2 2 1 0 -1 -2 2 1 0 -1 -2 2 1 0 -1 -2 2 1 0 -1 -2 2 1 0 -1 -2 2 1 0 -1 -2 2 1 0 -1 -2 2 1 0 -1 -2 2 1 0 -1 -2 2 1 0 -1 -2 2 1 0 -1 -2 2 1 0 -1 -2 2 1 0 -1 -2 2 1 0 -1 -2 2 1 0 -1 -2 2 1 0 -1 -2 2 1 0 -1 -2 2 1 0 -1 -2 2 1 0 -1 -2 2 1 0 -1 -2 2 1 0 -1 -2 2 1 0 -1 -2 2 1 0 -1 -2 2 1 0 -1 -2 2 1 0 -1 -2 2 1 0 -1 -2 2 1 0 -1 -2 2 1 0 -1 -2 2 1 0 -1 -2 2 1 0 -1 -2 2 1 0 -1 -2 2 1 0 -1 -2 2 1 0 -1 -2 2 1 0 -1 -2 2 1 0 -1 -2 2 1 0 -1 -2 2 1 0 -1 -2 2 1 0 -1 -2 2 1 0 -1 -2 2 1 0 -1 -2 2 1 0 -1 -2 2 1 0 -1 -2 2 1 0 -1 -2 2 1 0 -1 -2 2 1 0 -1 -2 2 1 0 -1 -2 2 1 0 -1 -2 2 1 0 -1 -2 2 1 0 -1 -2 2 1 0 -1 -2 2 1 0 -1 -2 2 1 0 -1 -2 2 1 0 -1 -2 2 1 0 -1 -2 2 1 0 -1 -2 2 1 0 -1 -2 2 1 0 -1 -2 2 1 0 -1 -2 2 1 0 -1 -2 2 1 0 -1 -2 2 1 0 -1 -2 2 1 0 -1 -2 2 1 0 -1 -2 2 1 0 -1 -2 2 1 0 -1 -2 2 1 0 -1 -2 2 1 0 -1 -2 2 1 0 -1 -2 2 1 0 -1 -2 2 1 0 -1 -2 2 1 0 -1 -2 2 1
2 2 1201 2 2 2 2 2 2 2 2 2 2 2 2 2 2 2 2 2 2 2 2 2 2 2 2 2 2 2 2 2 2 2 2 2 2 2 2 2 2 2 2 2 2 2 2 2 2 2 2 2 2 2 2 2 2 2 2 2 2 2 2 2 2 2 2 2 2 2 2 2 2 2 2 2 2 2 2 2 2 2 2 2 2 2 2 2 2 2 2 2 2 2 2 2 2 2 2 2 2 2 2 2 2 2 2 2 2 2 2 2 2 2 2 2 2 2 2 2 2 2 2 2 2 2 2 2 2 2 2 2 2 2 2 2 2 2 2 2 2 2 2 2 2 2 2 2 2 2 2 2 2 2 2 2 2 2 2 2 2 2 2 2 2 2 2 2 2 2 2 2 2 2 2 2 2 2 2 2 2 2 2 2 2 2 2 2 2 2 2 2 2 2 2 2 2 2 2 2 2 2 2 2 2 2 2 2 2 2 2 2 2 2 2 2 2 2 2 2 2 2 2 2 2 2 2 2 2 2 2 2 2 2 2 2 2 2 2 2 2 2 2 2 2 2 2 2 2 2 2 2 2 2 2 2 2 2 2 2 2 2 2 2 2 2 2 2 2 2 2 2 2 2 2 2 2 2 2 2 2 2 2 2 2 2 2 2 2 2 2 2 2 2 2 2 2 2 2 2 2 2 2 2 2 2 2 2 2 2 2 2 2 2 2 2 2 2 2 2 2 2 2 2 2 2 2 2 2 2 2 2 2 2 2 2 2 2 2 2 2 2 2 2 2 2 2 2 2 2 2 2 2 2 2 2 2 2 2 2 2 2 2 2 2 2 2 2 2 2 2 2 2 2 2 2 2 2 2 2 2 2 2 2 2 2 2 2 2 2 2 2 2 2 2 2 2 2 2 2 2 2 2 2 2 2 2 2 2 2 2 2 2 2 2 2 2 2 2 2 2 2 2 2 2 2 2 2 2 2 2 2 2 2 2 2 2 2 2 2 2 2 2 2 2 2 2 2 2 2 2 2 2 2 2 2 2 2 2 2 2 2 2 2 2 2 2 2 2 2 2 2 2 2 2 2 2 2 2 2 2 2 2 2 2 2 2 2 2 2 2 2 2 2 2 2 2 2 2 2 2 2 2 2 2 2 2 2 2 2 2 2 2 2 2 2 2 2 2 2 2 2 2 2 2 2 2 2 2 2 2 2 2 2 2 2 2 2 2 2 2 2 2 2 2 2 2 2 2 2 2 2 2 2 2 2 2 2 2 2 2 2 2 2 2 2 2 2 2 2 2 2 2 2 2 2 2 2 2 2 2 2 2 2 2 2 2 2 2 2 2 2 2 2 2 2 2 2 2 2
-1 0 1 721 -2 -1 0 1 2 -2 -1 0 1 2 -2 -1 0 1 2 -2 -1 0 1 2 -2 -1 0 1 2 -2 -1 0 1 2 -2 -1 0 1 2 -2 -1 0 1 2 -2 -1 0 1 2 -2 -1 0 1 2 -2 -1 0 1 2 -2 -1 0 1 2 -2 -1 0 1 2 -2 -1 0 1 2 -2 -1 0 1 2 -2 -1 0 1 2 -2 -1 0 1 2 -2 -1 0 1 2 -2 -1 0 1 2 -2 -1 0 1 2 -2 -1 0 1 2 -2 -1 0 1 2 -2 -1 0 1 2 -2 -1 0 1 2 -2 -1 0 1 2 -2 -1 0 1 2 -2 -1 0 1 2 -2 -1 0 1 2 -2 -1 0 1 2 -2 -1 0 1 2 -2 -1 0 1 2 -2 -1 0 1 2 -2 -1 0 1 2 -2 -1 0 1 2 -2 -1 0 1 2 -2 -1 0 1 2 -2 -1 0 1 2 -2 -1 0 1 2 -2 -1 0 1 2 -2 -1 0 1 2 -2 -1 0 1 2 -2 -1 0 1 2 -2 -1 0 1 2 -2 -1 0 1 2 -2 -1 0 1 2 -2 -1 0 1 2 -2 -1 0 1 2 -2 -1 0 1 2 -2 -1 0 1 2 -2 -1 0 1 2 -2 -1 0 1 2 -2 -1 0 1 2 -2 -1 0 1 2 -2 -1 0 1 2 -2 -1 0 1 2 -2 -1 0 1 2 -2 -1 0 1 2 -2 -1 0 1 2 -2 -1 0 1 2 -2 -1 0 1 2 -2 -1 0 1 2 -2 -1 0 1 2 -2 -1 0 1 2 -2 -1 0 1 2 -2 -1 0 1 2 -2 -1 0 1 2 -2 -1 0 1 2 -2 -1 0 1 2 -2 -1 0 1 2 -2 -1 0 1 2 -2 -1 0 1 2 -2 -1 0 1 2 -2 -1 0 1 2 -2 -1 0 1 2 -2 -1 0 1 2 -2 -1 0 1 2 -2 -1 0 1 2 -2 -1 0 1 2 -2 -1 0 1 2 -2 -1 0 1 2 -2 -1 0 1 2 -2 -1 0 1 2 -2 -1 0 1 2 -2 -1 0 1 2 -2 -1 0 1 2 -2 -1 0 1 2 -2 -1 0 1 2 -2 -1 0 1 2 -2 -1 0 1 2 -2 -1 0 1 2 -2 -1 0 1 2 -2 -1 0 1 2 -2 -1 0 1 2 -2 -1 0 1 2 -2 -1 0 1 2 -2 -1 0 1 2 -2 -1 0 1 2 -2 -1 0 1 2 -2 -1 0 1 2 -2 -1 0 1 2 -2 -1 0 1 2 -2 -1 0 1 2 -2 -1 0 1 2 -2 -1 0 1 2 -2 -1 0 1 2 -2 -1 0 1 2 -2 -1 0 1 2 -2 -1 0 1 2 -2 -1 0 1 2 -2 -1 0 1 2 -2 -1 0 1 2 -2 -1 0 1 2 -2 -1 0 1 2 -2 -1 0 1 2 -2 -1 0 1 2 -2 -1 0 1 2 -2 -1 0 1 2 -2 -1 0 1 2 -2 -1 0 1 2 -2
1 -2 0 2 722 1 -2 0 2 -1 1 -2 0 2 -1 1 -2 0 2 -1 1 -2 0 2 -1 1 -2 0 2 -1 1 -2 0 2 -1 1 -2 0 2 -1 1 -2 0 2 -1 1 -2 0 2 -1 1 -2 0 2 -1 1 -2 0 2 -1 1 -2 0 2 -1 1 -2 0 2 -1 1 -2 0 2 -1 1 -2 0 2 -1 1 -2 0 2 -1 1 -2 0 2 -1 1 -2 0 2 -1 1 -2 0 2 -1 1 -2 0 2 -1 1 -2 0 2 -1 1 -2 0 2 -1 1 -2 0 2 -1 1 -2 0 2 -1 1 -2 0 2 -1 1 -2 0 2 -1 1 -2 0 2 -1 1 -2 0 2 -1 1 -2 0 2 -1 1 -2 0 2 -1 1 -2 0 2 -1 1 -2 0 2 -1 1 -2 0 2 -1 1 -2 0 2 -1 1 -2 0 2 -1 1 -2 0 2 -1 1 -2 0 2 -1 1 -2 0 2 -1 1 -2 0 2 -1 1 -2 0 2 -1 1 -2 0 2 -1 1 -2 0 2 -1 1 -2 0 2 -1 1 -2 0 2 -1 1 -2 0 2 -1 1 -2 0 2 -1 1 -2 0 2 -1 1 -2 0 2 -1 1 -2 0 2 -1 1 -2 0 2 -1 1 -2 0 2 -1 1 -2 0 2 -1 1 -2 0 2 -1 1 -2 0 2 -1 1 -2 0 2 -1 1 -2 0 2 -1 1 -2 0 2 -1 1 -2 0 2 -1 1 -2 0 2 -1 1 -2 0 2 -1 1 -2 0 2 -1 1 -2 0 2 -1 1 -2 0 2 -1 1 -2 0 2 -1 1 -2 0 2 -1 1 -2 0 2 -1 1 -2 0 2 -1 1 -2 0 2 -1 1 -2 0 2 -1 1 -2 0 2 -1 1 -2 0 2 -1 1 -2 0 2 -1 1 -2 0 2 -1 1 -2 0 2 -1 1 -2 0 2 -1 1 -2 0 2 -1 1 -2 0 2 -1 1 -2 0 2 -1 1 -2 0 2 -1 1 -2 0 2 -1 1 -2 0 2 -1 1 -2 0 2 -1 1 -2 0 2 -1 1 -2 0 2 -1 1 -2 0 2 -1 1 -2 0 2 -1 1 -2 0 2 -1 1 -2 0 2 -1 1 -2 0 2 -1 1 -2 0 2 -1 1 -2 0 2 -1 1 -2 0 2 -1 1 -2 0 2 -1 1 -2 0 2 -1 1 -2 0 2 -1 1 -2 0 2 -1 1 -2 0 2 -1 1 -2 0 2 -1 1 -2 0 2 -1 1 -2 0 2 -1 1 -2 0 2 -1 1 -2 0 2 -1 1 -2 0 2 -1 1 -2 0 2 -1 1 -2 0 2 -1 1 -2 0 2 -1 1 -2 0 2 -1 1 -2 0 2 -1 1 -2 0 2 -1 1 -2 0 2 -1 1 -2 0 2 -1 1 -2 0 2 -1 1 -2 0 2 -1 1 -2 0 2 -1 1 -2 0 2 -1 1 -2 0 2 -1 1 -2 0 2 -1 1 -2 0 2 -1 1 -2 0 2 -1
-2 1 -1 2 0 721 1 -1 2 0 -2 1 -1 2 0 -2 1 -1 2 0 -2 1 -1 2 0 -2 1 -1 2 0 -2 1 -1 2 0 -2 1 -1 2 0 -2 1 -1 2 0 -2 1 -1 2 0 -2 1 -1 2 0 -2 1 -1 2 0 -2 1 -1 2 0 -2 1 -1 2 0 -2 1 -1 2 0 -2 1 -1 2 0 -2 1 -1 2 0 -2 1 -1 2 0 -2 1 -1 2 0 -2 1 -1 2 0 -2 1 -1 2 0 -2 1 -1 2 0 -2 1 -1 2 0 -2 1 -1 2 0 -2 1 -1 2 0 -2 1 -1 2 0 -2 1 -1 2 0 -2 1 -1 2 0 -2 1 -1 2 0 -2 1 -1 2 0 -2 1 -1 2 0 -2 1 -1 2 0 -2 1 -1 2 0 -2 1 -1 2 0 -2 1 -1 2 0 -2 1 -1 2 0 -2 1 -1 2 0 -2 1 -1 2 0 -2 1 -1 2 0 -2 1 -1 2 0 -2 1 -1 2 0 -2 1 -1 2 0 -2 1 -1 2 0 -2 1 -1 2 0 -2 1 -1 2 0 -2 1 -1 2 0 -2 1 -1 2 0 -2 1 -1 2 0 -2 1 -1 2 0 -2 1 -1 2 0 -2 1 -1 2 0 -2 1 -1 2 0 -2 1 -1 2 0 -2 1 -1 2 0 -2 1 -1 2 0 -2 1 -1 2 0 -2 1 -1 2 0 -2 1 -1 2 0 -2 1 -1 2 0 -2 1 -1 2 0 -2 1 -1 2 0 -2 1 -1 2 0 -2 1 -1 2 0 -2 1 -1 2 0 -2 1 -1 2 0 -2 1 -1 2 0 -2 1 -1 2 0 -2 1 -1 2 0 -2 1 -1 2 0 -2 1 -1 2 0 -2 1 -1 2 0 -2 1 -1 2 0 -2 1 -1 2 0 -2 1 -1 2 0 -2 1 -1 2 0 -2 1 -1 2 0 -2 1 -1 2 0 -2 1 -1 2 0 -2 1 -1 2 0 -2 1 -1 2 0 -2 1 -1 2 0 -2 1 -1 2 0 -2 1 -1 2 0 -2 1 -1 2 0 -2 1 -1 2 0 -2 1 -1 2 0 -2 1 -1 2 0 -2 1 -1 2 0 -2 1 -1 2 0 -2 1 -1 2 0 -2 1 -1 2 0 -2 1 -1 2 0 -2 1 -1 2 0 -2 1 -1 2 0 -2 1 -1 2 0 -2 1 -1 2 0 -2 1 -1 2 0 -2 1 -1 2 0 -2 1 -1 2 0 -2 1 -1 2 0 -2 1 -1 2 0 -2 1 -1 2 0 -2 1 -1 2 0 -2 1 -1 2 0 -2 1 -1 2 0 -2 1 -1 2 0 -2 1 -1 2 0 -2 1 -1 2 0 -2 1 -1 2 0 -2 1 -1 2 0 -2 1 -1 2 0 -2 1 -1 2 0 -2 1 -1 2 0 -2 1 -1 2 0 -2 1 -1 2 0 -2 1 -1 2 0 -2 1 -1 2 0 -2 1 -1 2 0 -2 1 -1 2 0 -2 1 -1 2 0
0 -1 -2 2 1 0 722 -2 2 1 0 -1 -2 2 1 0 -1 -2 2 1 0 -1 -2 2 1 0 -1 -2 2 1 0 -1 -2 2 1 0 -1 -2 2 1 0 -1 -2 2 1 0 -1 -2 2 1 0 -1 -2 2 1 0 -1 -2 2 1 0 -1 -2 2 1 0 -1 -2 2 1 0 -1 -2 2 1 0 -1 -2 2 1 0 -1 -2 2 1 0 -1 -2 2 1 0 -1 -2 2 1 0 -1 -2 2 1 0 -1 -2 2 1 0 -1 -2 2 1 0 -1 -2 2 1 0 -1 -2 2 1 0 -1 -2 2 1 0 -1 -2 2 1 0 -1 -2 2 1 0 -1 -2 2 1 0 -1 -2 2 1 0 -1 -2 2 1 0 -1 -2 2 1 0 -1 -2 2 1 0 -1 -2 2 1 0 -1 -2 2 1 0 -1 -2 2 1 0 -1 -2 2 1 0 -1 -2 2 1 0 -1 -2 2 1 0 -1 -2 2 1 0 -1 -2 2 1 0 -1 -2 2 1 0 -1 -2 2 1 0 -1 -2 2 1 0 -1 -2 2 1 0 -1 -2 2 1 0 -1 -2 2 1 0 -1 -2 2 1 0 -1 -2 2 1 0 -1 -2 2 1 0 -1 -2 2 1 0 -1 -2 2 1 0 -1 -2 2 1 0 -1 -2 2 1 0 -1 -2 2 1 0 -1 -2 2 1 0 -1 -2 2 1 0 -1 -2 2 1 0 -1 -2 2 1 0 -1 -2 2 1 0 -1 -2 2 1 0 -1 -2 2 1 0 -1 -2 2 1 0 -1 -2 2 1 0 -1 -2 2 1 0 -1 -2 2 1 0 -1 -2 2 1 0 -1 -2 2 1 0 -1 -2 2 1 0 -1 -2 2 1 0 -1 -2 2 1 0 -1 -2 2 1 0 -1 -2 2 1 0 -1 -2 2 1 0 -1 -2 2 1 0 -1 -2 2 1 0 -1 -2 2 1 0 -1 -2 2 1 0 -1 -2 2 1 0 -1 -2 2 1 0 -1 -2 2 1 0 -1 -2 2 1 0 -1 -2 2 1 0 -1 -2 2 1 0 -1 -2 2 1 0 -1 -2 2 1 0 -1 -2 2 1 0 -1 -2 2 1 0 -1 -2 2 1 0 -1 -2 2 1 0 -1 -2 2 1 0 -1 -2 2 1 0 -1 -2 2 1 0 -1 -2 2 1 0 -1 -2 2 1 0 -1 -2 2 1 0 -1 -2 2 1 0 -1 -2 2 1 0 -1 -2 2 1 0 -1 -2 2 1 0 -1 -2 2 1 0 -1 -2 2 1 0 -1 -2 2 1 0 -1 -2 2 1 0 -1 -2 2 1 0 -1 -2 2 1 0 -1 -2 2 1 0 -1 -2 2 1 0 -1 -2 2 1 0 -1 -2 2 1 0 -1 -2 2 1 0 -1 -2 2 1 0 -1 -2 2 1 0 -1 -2 2 1 0 -1 -2 2 1 0 -1 -2 2 1 0 -1 -2 2 1 0 -1 -2 2 1 0 -1 -2 2 1 0 -1 -2 2 1 0 -1 -2 2 1
2 2 2 2 2 2 2 1201 2 2 2 2 2 2 2 2 2 2 2 2 2 2 2 2 2 2 2 2 2 2 2 2 2 2 2 2 2 2 2 2 2 2 2 2 2 2 2 2 2 2 2 2 2 2 2 2 2 2 2 2 2 2 2 2 2 2 2 2 2 2 2 2 2 2 2 2 2 2 2 2 2 2 2 2 2 2 2 2 2 2 2 2 2 2 2 2 2 2 2 2 2 2 2 2 2 2 2 2 2 2 2 2 2 2 2 2 2 2 2 2 2 2 2 2 2 2 2 2 2 2 2 2 2 2 2 2 2 2 2 2 2 2 2 2 2 2 2 2 2 2 2 2 2 2 2 2 2 2 2 2 2 2 2 2 2 2 2 2 2 2 2 2 2 2 2 2 2 2 2 2 2 2 2 2 2 2 2 2 2 2 2 2 2 2 2 2 2 2 2 2 2 2 2 2 2 2 2 2 2 2 2 2 2 2 2 2 2 2 2 2 2 2 2 2 2 2 2 2 2 2 2 2 2 2 2 2 2 2 2 2 2 2 2 2 2 2 2 2 2 2 2 2 2 2 2 2 2 2 2 2 2 2 2 2 2 2 2 2 2 2 2 2 2 2 2 2 2 2 2 2 2 2 2 2 2 2 2 2 2 2 2 2 2 2 2 2 2 2 2 2 2 2 2 2 2 2 2 2 2 2 2 2 2 2 2 2 2 2 2 2 2 2 2 2 2 2 2 2 2 2 2 2 2 2 2 2 2 2 2 2 2 2 2 2 2 2 2 2 2 2 2 2 2 2 2 2 2 2 2 2 2 2 2 2 2 2 2 2 2 2 2 2 2 2 2 2 2 2 2 2 2 2 2 2 2 2 2 2 2 2 2 2 2 2 2 2 2 2 2 2 2 2 2 2 2 2 2 2 2 2 2 2 2 2 2 2 2 2 2 2 2 2 2 2 2 2 2 2 2 2 2 2 2 2 2 2 2 2 2 2 2 2 2 2 2 2 2 2 2 2 2 2 2 2 2 2 2 2 2 2 2 2 2 2 2 2 2 2 2 2 2 2 2 2 2 2 2 2 2 2 2 2 2 2 2 2 2 2 2 2 2 2 2 2 2 2 2 2 2 2 2 2 2 2 2 2 2 2 2 2 2 2 2 2 2 2 2 2 2 2 2 2 2 2 2 2 2 2 2 2 2 2 2 2 2 2 2 2 2 2 2 2 2 2 2 2 2 2 2 2 2 2 2 2 2 2 2 2 2 2 2 2 2 2 2 2 2 2 2 2 2 2 2 2 2 2 2 2 2 2 2 2 2 2 2 2 2 2 2 2 2 2 2 2 2 2 2 2 2 2
-1 0 1 2 -2 -1 0 1 721 -2 -1 0 1 2 -2 -1 0 1 2 -2 -1 0 1 2 -2 -1 0 1 2 -2 -1 0 1 2 -2 -1 0 1 2 -2 -1 0 1 2 -2 -1 0 1 2 -2 -1 0 1 2 -2 -1 0 1 2 -2 -1 0 1 2 -2 -1 0 1 2 -2 -1 0 1 2 -2 -1 0 1 2 -2 -1 0 1 2 -2 -1 0 1 2 -2 -1 0 1 2 -2 -1 0 1 2 -2 -1 0 1 2 -2 -1 0 1 2 -2 -1 0 1 2 -2 -1 0 1 2 -2 -1 0 1 2 -2 -1 0 1 2 -2 -1 0 1 2 -2 -1 0 1 2 -2 -1 0 1 2 -2 -1 0 1 2 -2 -1 0 1 2 -2 -1 0 1 2 -2 -1 0 1 2 -2 -1 0 1 2 -2 -1 0 1 2 -2 -1 0 1 2 -2 -1 0 1 2 -2 -1 0 1 2 -2 -1 0 1 2 -2 -1 0 1 2 -2 -1 0 1 2 -2 -1 0 1 2 -2 -1 0 1 2 -2 -1 0 1 2 -2 -1 0 1 2 -2 -1 0 1 2 -2 -1 0 1 2 -2 -1 0 1 2 -2 -1 0 1 2 -2 -1 0 1 2 -2 -1 0 1 2 -2 -1 0 1 2 -2 -1 0 1 2 -2 -1 0 1 2 -2 -1 0 1 2 -2 -1 0 1 2 -2 -1 0 1 2 -2 -1 0 1 2 -2 -1 0 1 2 -2 -1 0 1 2 -2 -1 0 1 2 -2 -1 0 1 2 -2 -1 0 1 2 -2 -1 0 1 2 -2 -1 0 1 2 -2 -1 0 1 2 -2 -1 0 1 2 -2 -1 0 1 2 -2 -1 0 1 2 -2 -1 0 1 2 -2 -1 0 1 2 -2 -1 0 1 2 -2 -1 0 1 2 -2 -1 0 1 2 -2 -1 0 1 2 -2 -1 0 1 2 -2 -1 0 1 2 -2 -1 0 1 2 -2 -1 0 1 2 -2 -1 0 1 2 -2 -1 0 1 2 -2 -1 0 1 2 -2 -1 0 1 2 -2 -1 0 1 2 -2 -1 0 1 2 -2 -1 0 1 2 -2 -1 0 1 2 -2 -1 0 1 2 -2 -1 0 1 2 -2 -1 0 1 2 -2 -1 0 1 2 -2 -1 0 1 2 -2 -1 0 1 2 -2 -1 0 1 2 -2 -1 0 1 2 -2 -1 0 1 2 -2 -1 0 1 2 -2 -1 0 1 2 -2 -1 0 1 2 -2 -1 0 1 2 -2 -1 0 1 2 -2 -1 0 1 2 -2 -1 0 1 2 -2 -1 0 1 2 -2 -1 0 1 2 -2 -1 0 1 2 -2 -1 0 1 2 -2 -1 0 1 2 -2 -1 0 1 2 -2 -1 0 1 2 -2 -1 0 1 2 -2 -1 0 1 2 -2 -1 0 1 2 -2 -1 0 1 2 -2 -1 0 1 2 -2 -1 0 1 2 -2 -1 0 1 2 -2 -1 0 1 2 -2 -1 0 1 2 -2 -1 0 1 2 -2
1 -2 0 2 -1 1 -2 0 2 722 1 -2 0 2 -1 1 -2 0 2 -1 1 -2 0 2 -1 1 -2 0 2 -1 1 -2 0 2 -1 1 -2 0 2 -1 1 -2 0 2 -1 1 -2 0 2 -1 1 -2 0 2 -1 1 -2 0 2 -1 1 -2 0 2 -1 1 -2 0 2 -1 1 -2 0 2 -1 1 -2 0 2 -1 1 -2 0 2 -1 1 -2 0 2 -1 1 -2 0 2 -1 1 -2 0 2 -1 1 -2 0 2 -1 1 -2 0 2 -1 1 -2 0 2 -1 1 -2 0 2 -1 1 -2 0 2 -1 1 -2 0 2 -1 1 -2 0 2 -1 1 -2 0 2 -1 1 -2 0 2 -1 1 -2 0 2 -1 1 -2 0 2 -1 1 -2 0 2 -1 1 -2 0 2 -1 1 -2 0 2 -1 1 -2 0 2 -1 1 -2 0 2 -1 1 -2 0 2 -1 1 -2 0 2 -1 1 -2 0 2 -1 1 -2 0 2 -1 1 -2 0 2 -1 1 -2 0 2 -1 1 -2 0 2 -1 1 -2 0 2 -1 1 -2 0 2 -1 1 -2 0 2 -1 1 -2 0 2 -1 1 -2 0 2 -1 1 -2 0 2 -1 1 -2 0 2 -1 1 -2 0 2 -1 1 -2 0 2 -1 1 -2 0 2 -1 1 -2 0 2 -1 1 -2 0 2 -1 1 -2 0 2 -1 1 -2 0 2 -1 1 -2 0 2 -1 1 -2 0 2 -1 1 -2 0 2 -1 1 -2 0 2 -1 1 -2 0 2 -1 1 -2 0 2 -1 1 -2 0 2 -1 1 -2 0 2 -1 1 -2 0 2 -1 1 -2 0 2 -1 1 -2 0 2 -1 1 -2 0 2 -1 1 -2 0 2 -1 1 -2 0 2 -1 1 -2 0 2 -1 1 -2 0 2 -1 1 -2 0 2 -1 1 -2 0 2 -1 1 -2 0 2 -1 1 -2 0 2 -1 1 -2 0 2 -1 1 -2 0 2 -1 1 -2 0 2 -1 1 -2 0 2 -1 1 -2 0 2 -1 1 -2 0 2 -1 1 -2 0 2 -1 1 -2 0 2 -1 1 -2 0 2 -1 1 -2 0 2 -1 1 -2 0 2 -1 1 -2 0 2 -1 1 -2 0 2 -1 1 -2 0 2 -1 1 -2 0 2 -1 1 -2 0 2 -1 1 -2 0 2 -1 1 -2 0 2 -1 1 -2 0 2 -1 1 -2 0 2 -1 1 -2 0 2 -1 1 -2 0 2 -1 1 -2 0 2 -1 1 -2 0 2 -1 1 -2 0 2 -1 1 -2 0 2 -1 1 -2 0 2 -1 1 -2 0 2 -1 1 -2 0 2 -1 1 -2 0 2 -1 1 -2 0 2 -1 1 -2 0 2 -1 1 -2 0 2 -1 1 -2 0 2 -1 1 -2 0 2 -1 1 -2 0 2 -1 1 -2 0 2 -1 1 -2 0 2 -1 1 -2 0 2 -1 1 -2 0 2 -1 1 -2 0 2 -1 1 -2 0 2 -1 1 -2 0 2 -1
-2 1 -1 2 0 -2 1 -1 2 0 721 1 -1 2 0 -2 1 -1 2 0 -2 1 -1 2 0 -2 1 -1 2 0 -2 1 -1 2 0 -2 1 -1 2 0 -2 1 -1 2 0 -2 1 -1 2 0 -2 1 -1 2 0 -2 1 -1 2 0 -2 1 -1 2 0 -2 1 -1 2 0 -2 1 -1 2 0 -2 1 -1 2 0 -2 1 -1 2 0 -2 1 -1 2 0 -2 1 -1 2 0 -2 1 -1 2 0 -2 1 -1 2 0 -2 1 -1 2 0 -2 1 -1 2 0 -2 1 -1 2 0 -2 1 -1 2 0 -2 1 -1 2 0 -2 1 -1 2 0 -2 1 -1 2 0 -2 1 -1 2 0 -2 1 -1 2 0 -2 1 -1 2 0 -2 1 -1 2 0 -2 1 -1 2 0 -2 1 -1 2 0 -2 1 -1 2 0 -2 1 -1 2 0 -2 1 -1 2 0 -2 1 -1 2 0 -2 1 -1 2 0 -2 1 -1 2 0 -2 1 -1 2 0 -2 1 -1 2 0 -2 1 -1 2 0 -2 1 -1 2 0 -2 1 -1 2 0 -2 1 -1 2 0 -2 1 -1 2 0 -2 1 -1 2 0 -2 1 -1 2 0 -2 1 -1 2 0 -2 1 -1 2 0 -2 1 -1 2 0 -2 1 -1 2 0 -2 1 -1 2 0 -2 1 -1 2 0 -2 1 -1 2 0 -2 1 -1 2 0 -2 1 -1 2 0 -2 1 -1 2 0 -2 1 -1 2 0 -2 1 -1 2 0 -2 1 -1 2 0 -2 1 -1 2 0 -2 1 -1 2 0 -2 1 -1 2 0 -2 1 -1 2 0 -2 1 -1 2 0 -2 1 -1 2 0 -2 1 -1 2 0 -2 1 -1 2 0 -2 1 -1 2 0 -2 1 -1 2 0 -2 1 -1 2 0 -2 1 -1 2 0 -2 1 -1 2 0 -2 1 -1 2 0 -2 1 -1 2 0 -2 1 -1 2 0 -2 1 -1 2 0 -2 1 -1 2 0 -2 1 -1 2 0 -2 1 -1 2 0 -2 1 -1 2 0 -2 1 -1 2 0 -2 1 -1 2 0 -2 1 -1 2 0 -2 1 -1 2 0 -2 1 -1 2 0 -2 1 -1 2 0 -2 1 -1 2 0 -2 1 -1 2 0 -2 1 -1 2 0 -2 1 -1 2 0 -2 1 -1 2 0 -2 1 -1 2 0 -2 1 -1 2 0 -2 1 -1 2 0 -2 1 -1 2 0 -2 1 -1 2 0 -2 1 -1 2 0 -2 1 -1 2 0 -2 1 -1 2 0 -2 1 -1 2 0 -2 1 -1 2 0 -2 1 -1 2 0 -2 1 -1 2 0 -2 1 -1 2 0 -2 1 -1 2 0 -2 1 -1 2 0 -2 1 -1 2 0 -2 1 -1 2 0 -2 1 -1 2 0 -2 1 -1 2 0 -2 1 -1 2 0 -2 1 -1 2 0 -2 1 -1 2 0 -2 1 -1 2 0 -2 1 -1 2 0 -2 1 -1 2 0 -2 1 -1 2 0
0 -1 -2 2 1 0 -1 -2 2 1 0 722 -2 2 1 0 -1 -2 2 1 0 -1 -2 2 1 0 -1 -2 2 1 0 -1 -2 2 1 0 -1 -2 2 1 0 -1 -2 2 1 0 -1 -2 2 1 0 -1 -2 2 1 0 -1 -2 2 1 0 -1 -2 2 1 0 -1 -2 2 1 0 -1 -2 2 1 0 -1 -2 2 1 0 -1 -2 2 1 0 -1 -2 2 1 0 -1 -2 2 1 0 -1 -2 2 1 0 -1 -2 2 1 0 -1 -2 2 1 0 -1 -2 2 1 0 -1 -2 2 1 0 -1 -2 2 1 0 -1 -2 2 1 0 -1 -2 2 1 0 -1 -2 2 1 0 -1 -2 2 1 0 -1 -2 2 1 0 -1 -2 2 1 0 -1 -2 2 1 0 -1 -2 2 1 0 -1 -2 2 1 0 -1 -2 2 1 0 -1 -2 2 1 0 -1 -2 2 1 0 -1 -2 2 1 0 -1 -2 2 1 0 -1 -2 2 1 0 -1 -2 2 1 0 -1 -2 2 1 0 -1 -2 2 1 0 -1 -2 2 1 0 -1 -2 2 1 0 -1 -2 2 1 0 -1 -2 2 1 0 -1 -2 2 1 0 -1 -2 2 1 0 -1 -2 2 1 0 -1 -2 2 1 0 -1 -2 2 1 0 -1 -2 2 1 0 -1 -2 2 1 0 -1 -2 2 1 0 -1 -2 2 1 0 -1 -2 2 1 0 -1 -2 2 1 0 -1 -2 2 1 0 -1 -2 2 1 0 -1 -2 2 1 0 -1 -2 2 1 0 -1 -2 2 1 0 -1 -2 2 1 0 -1 -2 2 1 0 -1 -2 2 1 0 -1 -2 2 1 0 -1 -2 2 1 0 -1 -2 2 1 0 -1 -2 2 1 0 -1 -2 2 1 0 -1 -2 2 1 0 -1 -2 2 1 0 -1 -2 2 1 0 -1 -2 2 1 0 -1 -2 2 1 0 -1 -2 2 1 0 -1 -2 2 1 0 -1 -2 2 1 0 -1 -2 2 1 0 -1 -2 2 1 0 -1 -2 2 1 0 -1 -2 2 1 0 -1 -2 2 1 0 -1 -2 2 1 0 -1 -2 2 1 0 -1 -2 2 1 0 -1 -2 2 1 0 -1 -2 2 1 0 -1 -2 2 1 0 -1 -2 2 1 0 -1 -2 2 1 0 -1 -2 2 1 0 -1 -2 2 1 0 -1 -2 2 1 0 -1 -2 2 1 0 -1 -2 2 1 0 -1 -2 2 1 0 -1 -2 2 1 0 -1 -2 2 1 0 -1 -2 2 1 0 -1 -2 2 1 0 -1 -2 2 1 0 -1 -2 2 1 0 -1 -2 2 1 0 -1 -2 2 1 0 -1 -2 2 1 0 -1 -2 2 1 0 -1 -2 2 1 0 -1 -2 2 1 0 -1 -2 2 1 0 -1 -2 2 1 0 -1 -2 2 1 0 -1 -2 2 1 0 -1 -2 2 1 0 -1 -2 2 1 0 -1 -2 2 1 0 -1 -2 2 1 0 -1 -2 2 1 0 -1 -2 2 1
2 2 2 2 2 2 2 2 2 2 2 2 1201 2 2 2 2 2 2 2 2 2 2 2 2 2 2 2 2 2 2 2 2 2 2 2 2 2 2 2 2 2 2 2 2 2 2 2 2 2 2 2 2 2 2 2 2 2 2 2 2 2 2 2 2 2 2 2 2 2 2 2 2 2 2 2 2 2 2 2 2 2 2 2 2 2 2 2 2 2 2 2 2 2 2 2 2 2 2 2 2 2 2 2 2 2 2 2 2 2 2 2 2 2 2 2 2 2 2 2 2 2 2 2 2 2 2 2 2 2 2 2 2 2 2 2 2 2 2 2 2 2 2 2 2 2 2 2 2 2 2 2 2 2 2 2 2 2 2 2 2 2 2 2 2 2 2 2 2 2 2 2 2 2 2 2 2 2 2 2 2 2 2 2 2 2 2 2 2 2 2 2 2 2 2 2 2 2 2 2 2 2 2 2 2 2 2 2 2 2 2 2 2 2 2 2 2 2 2 2 2 2 2 2 2 2 2 2 2 2 2 2 2 2 2 2 2 2 2 2 2 2 2 2 2 2 2 2 2 2 2 2 2 2 2 2 2 2 2 2 2 2 2 2 2 2 2 2 2 2 2 2 2 2 2 2 2 2 2 2 2 2 2 2 2 2 2 2 2 2 2 2 2 2 2 2 2 2 2 2 2 2 2 2 2 2 2 2 2 2 2 2 2 2 2 2 2 2 2 2 2 2 2 2 2 2 2 2 2 2 2 2 2 2 2 2 2 2 2 2 2 2 2 2 2 2 2 2 2 2 2 2 2 2 2 2 2 2 2 2 2 2 2 2 2 2 2 2 2 2 2 2 2 2 2 2 2 2 2 2 2 2 2 2 2 2 2 2 2 2 2 2 2 2 2 2 2 2 2 2 2 2 2 2 2 2 2 2 2 2 2 2 2 2 2 2 2 2 2 2 2 2 2 2 2 2 2 2 2 2 2 2 2 2 2 2 2 2 2 2 2 2 2 2 2 2 2 2 2 2 2 2 2 2 2 2 2 2 2 2 2 2 2 2 2 2 2 2 2 2 2 2 2 2 2 2 2 2 2 2 2 2 2 2 2 2 2 2 2 2 2 2 2 2 2 2 2 2 2 2 2 2 2 2 2 2 2 2 2 2 2 2 2 2 2 2 2 2 2 2 2 2 2 2 2 2 2 2 2 2 2 2 2 2 2 2 2 2 2 2 2 2 2 2 2 2 2 2 2 2 2 2 2 2 2 2 2 2 2 2 2 2 2 2 2 2 2 2 2 2 2 2 2 2 2 2 2 2 2 2 2 2 2 2 2 2 2 2 2 2 2 2 2 2 2 2 2 2 2 2
-1 0 1 2 -2 -1 0 1 2 -2 -1 0 1 721 -2 -1 0 1 2 -2 -1 0 1 2 -2 -1 0 1 2 -2 -1 0 1 2 -2 -1 0 1 2 -2 -1 0 1 2 -2 -1 0 1 2 -2 -1 0 1 2 -2 -1 0 1 2 -2 -1 0 1 2 -2 -1 0 1 2 -2 -1 0 1 2 -2 -1 0 1 2 -2 -1 0 1 2 -2 -1 0 1 2 -2 -1 0 1 2 -2 -1 0 1 2 -2 -1 0 1 2 -2 -1 0 1 2 -2 -1 0 1 2 -2 -1 0 1 2 -2 -1 0 1 2 -2 -1 0 1 2 -2 -1 0 1 2 -2 -1 0 1 2 -2 -1 0 1 2 -2 -1 0 1 2 -2 -1 0 1 2 -2 -1 0 1 2 -2 -1 0 1 2 -2 -1 0 1 2 -2 -1 0 1 2 -2 -1 0 1 2 -2 -1 0 1 2 -2 -1 0 1 2 -2 -1 0 1 2 -2 -1 0 1 2 -2 -1 0 1 2 -2 -1 0 1 2 -2 -1 0 1 2 -2 -1 0 1 2 -2 -1 0 1 2 -2 -1 0 1 2 -2 -1 0 1 2 -2 -1 0 1 2 -2 -1 0 1 2 -2 -1 0 1 2 -2 -1 0 1 2 -2 -1 0 1 2 -2 -1 0 1 2 -2 -1 0 1 2 -2 -1 0 1 2 -2 -1 0 1 2 -2 -1 0 1 2 -2 -1 0 1 2 -2 -1 0 1 2 -2 -1 0 1 2 -2 -1 0 1 2 -2 -1 0 1 2 -2 -1 0 1 2 -2 -1 0 1 2 -2 -1 0 1 2 -2 -1 0 1 2 -2 -1 0 1 2 -2 -1 0 1 2 -2 -1 0 1 2 -2 -1 0 1 2 -2 -1 0 1 2 -2 -1 0 1 2 -2 -1 0 1 2 -2 -1 0 1 2 -2 -1 0 1 2 -2 -1 0 1 2 -2 -1 0 1 2 -2 -1 0 1 2 -2 -1 0 1 2 -2 -1 0 1 2 -2 -1 0 1 2 -2 -1 0 1 2 -2 -1 0 1 2 -2 -1 0 1 2 -2 -1 0 1 2 -2 -1 0 1 2 -2 -1 0 1 2 -2 -1 0 1 2 -2 -1 0 1 2 -2 -1 0 1 2 -2 -1 0 1 2 -2 -1 0 1 2 -2 -1 0 1 2 -2 -1 0 1 2 -2 -1 0 1 2 -2 -1 0 1 2 -2 -1 0 1 2 -2 -1 0 1 2 -2 -1 0 1 2 -2 -1 0 1 2 -2 -1 0 1 2 -2 -1 0 1 2 -2 -1 0 1 2 -2 -1 0 1 2 -2 -1 0 1 2 -2 -1 0 1 2 -2 -1 0 1 2 -2 -1 0 1 2 -2 -1 0 1 2 -2 -1 0 1 2 -2 -1 0 1 2 -2 -1 0 1 2 -2 -1 0 1 2 -2 -1 0 1 2 -2 -1 0 1 2 -2 -1 0 1 2 -2 -1 0 1 2 -2 -1 0 1 2 -2 -1 0 1 2 -2 -1 0 1 2 -2
1 -2 0 2 -1 1 -2 0 2 -1 1 -2 0 2 722 1 -2 0 2 -1 1 -2 0 2 -1 1 -2 0 2 -1 1 -2 0 2 -1 1 -2 0 2 -1 1 -2 0 2 -1 1 -2 0 2 -1 1 -2 0 2 -1 1 -2 0 2 -1 1 -2 0 2 -1 1 -2 0 2 -1 1 -2 0 2 -1 1 -2 0 2 -1 1 -2 0 2 -1 1 -2 0 2 -1 1 -2 0 2 -1 1 -2 0 2 -1 1 -2 0 2 -1 1 -2 0 2 -1 1 -2 0 2 -1 1 -2 0 2 -1 1 -2 0 2 -1 1 -2 0 2 -1 1 -2 0 2 -1 1 -2 0 2 -1 1 -2 0 2 -1 1 -2 0 2 -1 1 -2 0 2 -1 1 -2 0 2 -1 1 -2 0 2 -1 1 -2 0 2 -1 1 -2 0 2 -1 1 -2 0 2 -1 1 -2 0 2 -1 1 -2 0 2 -1 1 -2 0 2 -1 1 -2 0 2 -1 1 -2 0 2 -1 1 -2 0 2 -1 1 -2 0 2 -1 1 -2 0 2 -1 1 -2 0 2 -1 1 -2 0 2 -1 1 -2 0 2 -1 1 -2 0 2 -1 1 -2 0 2 -1 1 -2 0 2 -1 1 -2 0 2 -1 1 -2 0 2 -1 1 -2 0 2 -1 1 -2 0 2 -1 1 -2 0 2 -1 1 -2 0 2 -1 1 -2 0 2 -1 1 -2 0 2 -1 1 -2 0 2 -1 1 -2 0 2 -1 1 -2 0 2 -1 1 -2 0 2 -1 1 -2 0 2 -1 1 -2 0 2 -1 1 -2 0 2 -1 1 -2 0 2 -1 1 -2 0 2 -1 1 -2 0 2 -1 1 -2 0 2 -1 1 -2 0 2 -1 1 -2 0 2 -1 1 -2 0 2 -1 1 -2 0 2 -1 1 -2 0 2 -1 1 -2 0 2 -1 1 -2 0 2 -1 1 -2 0 2 -1 1 -2 0 2 -1 1 -2 0 2 -1 1 -2 0 2 -1 1 -2 0 2 -1 1 -2 0 2 -1 1 -2 0 2 -1 1 -2 0 2 -1 1 -2 0 2 -1 1 -2 0 2 -1 1 -2 0 2 -1 1 -2 0 2 -1 1 -2 0 2 -1 1 -2 0 2 -1 1 -2 0 2 -1 1 -2 0 2 -1 1 -2 0 2 -1 1 -2 0 2 -1 1 -2 0 2 -1 1 -2 0 2 -1 1 -2 0 2 -1 1 -2 0 2 -1 1 -2 0 2 -1 1 -2 0 2 -1 1 -2 0 2 -1 1 -2 0 2 -1 1 -2 0 2 -1 1 -2 0 2 -1 1 -2 0 2 -1 1 -2 0 2 -1 1 -2 0 2 -1 1 -2 0 2 -1 1 -2 0 2 -1 1 -2 0 2 -1 1 -2 0 2 -1 1 -2 0 2 -1 1 -2 0 2 -1 1 -2 0 2 -1 1 -2 0 2 -1 1 -2 0 2 -1 1 -2 0 2 -1 1 -2 0 2 -1 1 -2 0 2 -1 1 -2 0 2 -1
-2 1 -1 2 0 -2 1 -1 2 0 -2 1 -1 2 0 721 1 -1 2 0 -2 1 -1 2 0 -2 1 -1 2 0 -2 1 -1 2 0 -2 1 -1 2 0 -2 1 -1 2 0 -2 1 -1 2 0 -2 1 -1 2 0 -2 1 -1 2 0 -2 1 -1 2 0 -2 1 -1 2 0 -2 1 -1 2 0 -2 1 -1 2 0 -2 1 -1 2 0 -2 1 -1 2 0 -2 1 -1 2 0 -2 1 -1 2 0 -2 1 -1 2 0 -2 1 -1 2 0 -2 1 -1 2 0 -2 1 -1 2 0 -2 1 -1 2 0 -2 1 -1 2 0 -2 1 -1 2 0 -2 1 -1 2 0 -2 1 -1 2 0 -2 1 -1 2 0 -2 1 -1 2 0 -2 1 -1 2 0 -2 1 -1 2 0 -2 1 -1 2 0 -2 1 -1 2 0 -2 1 -1 2 0 -2 1 -1 2 0 -2 1 -1 2 0 -2 1 -1 2 0 -2 1 -1 2 0 -2 1 -1 2 0 -2 1 -1 2 0 -2 1 -1 2 0 -2 1 -1 2 0 -2 1 -1 2 0 -2 1 -1 2 0 -2 1 -1 2 0 -2 1 -1 2 0 -2 1 -1 2 0 -2 1 -1 2 0 -2 1 -1 2 0 -2 1 -1 2 0 -2 1 -1 2 0 -2 1 -1 2 0 -2 1 -1 2 0 -2 1 -1 2 0 -2 1 -1 2 0 -2 1 -1 2 0 -2 1 -1 2 0 -2 1 -1 2 0 -2 1 -1 2 0 -2 1 -1 2 0 -2 1 -1 2 0 -2 1 -1 2 0 -2 1 -1 2 0 -2 1 -1 2 0 -2 1 -1 2 0 -2 1 -1 2 0 -2 1 -1 2 0 -2 1 -1 2 0 -2 1 -1 2 0 -2 1 -1 2 0 -2 1 -1 2 0 -2 1 -1 2 0 -2 1 -1 2 0 -2 1 -1 2 0 -2 1 -1 2 0 -2 1 -1 2 0 -2 1 -1 2 0 -2 1 -1 2 0 -2 1 -1 2 0 -2 1 -1 2 0 -2 1 -1 2 0 -2 1 -1 2 0 -2 1 -1 2 0 -2 1 -1 2 0 -2 1 -1 2 0 -2 1 -1 2 0 -2 1 -1 2 0 -2 1 -1 2 0 -2 1 -1 2 0 -2 1 -1 2 0 -2 1 -1 2 0 -2 1 -1 2 0 -2 1 -1 2 0 -2 1 -1 2 0 -2 1 -1 2 0 -2 1 -1 2 0 -2 1 -1 2 0 -2 1 -1 2 0 -2 1 -1 2 0 -2 1 -1 2 0 -2 1 -1 2 0 -2 1 -1 2 0 -2 1 -1 2 0 -2 1 -1 2 0 -2 1 -1 2 0 -2 1 -1 2 0 -2 1 -1 2 0 -2 1 -1 2 0 -2 1 -1 2 0 -2 1 -1 2 0 -2 1 -1 2 0 -2 1 -1 2 0 -2 1 -1 2 0 -2 1 -1 2 0 -2 1 -1 2 0 -2 1 -1 2 0 -2 1 -1 2 0 -2 1 -1 2 0
0 -1 -2 2 1 0 -1 -2 2 1 0 -1 -2 2 1 0 722 -2 2 1 0 -1 -2 2 1 0 -1 -2 2 1 0 -1 -2 2 1 0 -1 -2 2 1 0 -1 -2 2 1 0 -1 -2 2 1 0 -1 -2 2 1 0 -1 -2 2 1 0 -1 -2 2 1 0 -1 -2 2 1 0 -1 -2 2 1 0 -1 -2 2 1 0 -1 -2 2 1 0 -1 -2 2 1 0 -1 -2 2 1 0 -1 -2 2 1 0 -1 -2 2 1 0 -1 -2 2 1 0 -1 -2 2 1 0 -1 -2 2 1 0 -1 -2 2 1 0 -1 -2 2 1 0 -1 -2 2 1 0 -1 -2 2 1 0 -1 -2 2 1 0 -1 -2 2 1 0 -1 -2 2 1 0 -1 -2 2 1 0 -1 -2 2 1 0 -1 -2 2 1 0 -1 -2 2 1 0 -1 -2 2 1 0 -1 -2 2 1 0 -1 -2 2 1 0 -1 -2 2 1 0 -1 -2 2 1 0 -1 -2 2 1 0 -1 -2 2 1 0 -1 -2 2 1 0 -1 -2 2 1 0 -1 -2 2 1 0 -1 -2 2 1 0 -1 -2 2 1 0 -1 -2 2 1 0 -1 -2 2 1 0 -1 -2 2 1 0 -1 -2 2 1 0 -1 -2 2 1 0 -1 -2 2 1 0 -1 -2 2 1 0 -1 -2 2 1 0 -1 -2 2 1 0 -1 -2 2 1 0 -1 -2 2 1 0 -1 -2 2 1 0 -1 -2 2 1 0 -1 -2 2 1 0 -1 -2 2 1 0 -1 -2 2 1 0 -1 -2 2 1 0 -1 -2 2 1 0 -1 -2 2 1 0 -1 -2 2 1 0 -1 -2 2 1 0 -1 -2 2 1 0 -1 -2 2 1 0 -1 -2 2 1 0 -1 -2 2 1 0 -1 -2 2 1 0 -1 -2 2 1 0 -1 -2 2 1 0 -1 -2 2 1 0 -1 -2 2 1 0 -1 -2 2 1 0 -1 -2 2 1 0 -1 -2 2 1 0 -1 -2 2 1 0 -1 -2 2 1 0 -1 -2 2 1 0 -1 -2 2 1 0 -1 -2 2 1 0 -1 -2 2 1 0 -1 -2 2 1 0 -1 -2 2 1 0 -1 -2 2 1 0 -1 -2 2 1 0 -1 -2 2 1 0 -1 -2 2 1 0 -1 -2 2 1 0 -1 -2 2 1 0 -1 -2 2 1 0 -1 -2 2 1 0 -1 -2 2 1 0 -1 -2 2 1 0 -1 -2 2 1 0 -1 -2 2 1 0 -1 -2 2 1 0 -1 -2 2 1 0 -1 -2 2 1 0 -1 -2 2 1 0 -1 -2 2 1 0 -1 -2 2 1 0 -1 -2 2 1 0 -1 -2 2 1 0 -1 -2 2 1 0 -1 -2 2 1 0 -1 -2 2 1 0 -1 -2 2 1 0 -1 -2 2 1 0 -1 -2 2 1 0 -1 -2 2 1 0 -1 -2 2 1 0 -1 -2 2 1 0 -1 -2 2 1 0 -1 -2 2 1 0 -1 -2 2 1
2 2 2 2 2 2 2 2 2 2 2 2 2 2 2 2 2 1201 2 2 2 2 2 2 2 2 2 2 2 2 2 2 2 2 2 2 2 2 2 2 2 2 2 2 2 2 2 2 2 2 2 2 2 2 2 2 2 2 2 2 2 2 2 2 2 2 2 2 2 2 2 2 2 2 2 2 2 2 2 2 2 2 2 2 2 2 2 2 2 2 2 2 2 2 2 2 2 2 2 2 2 2 2 2 2 2 2 2 2 2 2 2 2 2 2 2 2 2 2 2 2 2 2 2 2 2 2 2 2 2 2 2 2 2 2 2 2 2 2 2 2 2 2 2 2 2 2 2 2 2 2 2 2 2 2 2 2 2 2 2 2 2 2 2 2 2 2 2 2 2 2 2 2 2 2 2 2 2 2 2 2 2 2 2 2 2 2 2 2 2 2 2 2 2 2 2 2 2 2 2 2 2 2 2 2 2 2 2 2 2 2 2 2 2 2 2 2 2 2 2 2 2 2 2 2 2 2 2 2 2 2 2 2 2 2 2 2 2 2 2 2 2 2 2 2 2 2 2 2 2 2 2 2 2 2 2 2 2 2 2 2 2 2 2 2 2 2 2 2 2 2 2 2 2 2 2 2 2 2 2 2 2 2 2 2 2 2 2 2 2 2 2 2 2 2 2 2 2 2 2 2 2 2 2 2 2 2 2 2 2 2 2 2 2 2 2 2 2 2 2 2 2 2 2 2 2 2 2 2 2 2 2 2 2 2 2 2 2 2 2 2 2 2 2 2 2 2 2 2 2 2 2 2 2 2 2 2 2 2 2 2 2 2 2 2 2 2 2 2 2 2 2 2 2 2 2 2 2 2 2 2 2 2 2 2 2 2 2 2 2 2 2 2 2 2 2 2 2 2 2 2 2 2 2 2 2 2 2 2 2 2 2 2 2 2 2 2 2 2 2 2 2 2 2 2 2 2 2 2 2 2 2 2 2 2 2 2 2 2 2 2 2 2 2 2 2 2 2 2 2 2 2 2 2 2 2 2 2 2 2 2 2 2 2 2 2 2 2 2 2 2 2 2 2 2 2 2 2 2 2 2 2 2 2 2 2 2 2 2 2 2 2 2 2 2 2 2 2 2 2 2 2 2 2 2 2 2 2 2 2 2 2 2 2 2 2 2 2 2 2 2 2 2 2 2 2 2 2 2 2 2 2 2 2 2 2 2 2 2 2 2 2 2 2 2 2 2 2 2 2 2 2 2 2 2 2 2 2 2 2 2 2 2 2 2 2 2 2 2 2 2 2 2 2 2 2 2 2 2 2 2 2 2 2 2 2 2 2 2 2 2 2 2 2 2 2 2 2 2 2
-1 0 1 2 -2 -1 0 1 2 -2 -1 0 1 2 -2 -1 0 1 721 -2 -1 0 1 2 -2 -1 0 1 2 -2 -1 0 1 2 -2 -1 0 1 2 -2 -1 0 1 2 -2 -1 0 1 2 -2 -1 0 1 2 -2 -1 0 1 2 -2 -1 0 1 2 -2 -1 0 1 2 -2 -1 0 1 2 -2 -1 0 1 2 -2 -1 0 1 2 -2 -1 0 1 2 -2 -1 0 1 2 -2 -1 0 1 2 -2 -1 0 1 2 -2 -1 0 1 2 -2 -1 0 1 2 -2 -1 0 1 2 -2 -1 0 1 2 -2 -1 0 1 2 -2 -1 0 1 2 -2 -1 0 1 2 -2 -1 0 1 2 -2 -1 0 1 2 -2 -1 0 1 2 -2 -1 0 1 2 -2 -1 0 1 2 -2 -1 0 1 2 -2 -1 0 1 2 -2 -1 0 1 2 -2 -1 0 1 2 -2 -1 0 1 2 -2 -1 0 1 2 -2 -1 0 1 2 -2 -1 0 1 2 -2 -1 0 1 2 -2 -1 0 1 2 -2 -1 0 1 2 -2 -1 0 1 2 -2 -1 0 1 2 -2 -1 0 1 2 -2 -1 0 1 2 -2 -1 0 1 2 -2 -1 0 1 2 -2 -1 0 1 2 -2 -1 0 1 2 -2 -1 0 1 2 -2 -1 0 1 2 -2 -1 0 1 2 -2 -1 0 1 2 -2 -1 0 1 2 -2 -1 0 1 2 -2 -1 0 1 2 -2 -1 0 1 2 -2 -1 0 1 2 -2 -1 0 1 2 -2 -1 0 1 2 -2 -1 0 1 2 -2 -1 0 1 2 -2 -1 0 1 2 -2 -1 0 1 2 -2 -1 0 1 2 -2 -1 0 1 2 -2 -1 0 1 2 -2 -1 0 1 2 -2 -1 0 1 2 -2 -1 0 1 2 -2 -1 0 1 2 -2 -1 0 1 2 -2 -1 0 1 2 -2 -1 0 1 2 -2 -1 0 1 2 -2 -1 0 1 2 -2 -1 0 1 2 -2 -1 0 1 2 -2 -1 0 1 2 -2 -1 0 1 2 -2 -1 0 1 2 -2 -1 0 1 2 -2 -1 0 1 2 -2 -1 0 1 2 -2 -1 0 1 2 -2 -1 0 1 2 -2 -1 0 1 2 -2 -1 0 1 2 -2 -1 0 1 2 -2 -1 0 1 2 -2 -1 0 1 2 -2 -1 0 1 2 -2 -1 0 1 2 -2 -1 0 1 2 -2 -1 0 1 2 -2 -1 0 1 2 -2 -1 0 1 2 -2 -1 0 1 2 -2 -1 0 1 2 -2 -1 0 1 2 -2 -1 0 1 2 -2 -1 0 1 2 -2 -1 0 1 2 -2 -1 0 1 2 -2 -1 0 1 2 -2 -1 0 1 2 -2 -1 0 1 2 -2 -1 0 1 2 -2 -1 0 1 2 -2 -1 0 1 2 -2 -1 0 1 2 -2 -1 0 1 2 -2 -1 0 1 2 -2 -1 0 1 2 -2 -1 0 1 2 -2 -1 0 1 2 -2 -1 0 1 2 -2
1 -2 0 2 -1 1 -2 0 2 -1 1 -2 0 2 -1 1 -2 0 2 722 1 -2 0 2 -1 1 -2 0 2 -1 1 -2 0 2 -1 1 -2 0 2 -1 1 -2 0 2 -1 1 -2 0 2 -1 1 -2 0 2 -1 1 -2 0 2 -1 1 -2 0 2 -1 1 -2 0 2 -1 1 -2 0 2 -1 1 -2 0 2 -1 1 -2 0 2 -1 1 -2 0 2 -1 1 -2 0 2 -1 1 -2 0 2 -1 1 -2 0 2 -1 1 -2 0 2 -1 1 -2 0 2 -1 1 -2 0 2 -1 1 -2 0 2 -1 1 -2 0 2 -1 1 -2 0 2 -1 1 -2 0 2 -1 1 -2 0 2 -1 1 -2 0 2 -1 1 -2 0 2 -1 1 -2 0 2 -1 1 -2 0 2 -1 1 -2 0 2 -1 1 -2 0 2 -1 1 -2 0 2 -1 1 -2 0 2 -1 1 -2 0 2 -1 1 -2 0 2 -1 1 -2 0 2 -1 1 -2 0 2 -1 1 -2 0 2 -1 1 -2 0 2 -1 1 -2 0 2 -1 1 -2 0 2 -1 1 -2 0 2 -1 1 -2 0 2 -1 1 -2 0 2 -1 1 -2 0 2 -1 1 -2 0 2 -1 1 -2 0 2 -1 1 -2 0 2 -1 1 -2 0 2 -1 1 -2 0 2 -1 1 -2 0 2 -1 1 -2 0 2 -1 1 -2 0 2 -1 1 -2 0 2 -1 1 -2 0 2 -1 1 -2 0 2 -1 1 -2 0 2 -1 1 -2 0 2 -1 1 -2 0 2 -1 1 -2 0 2 -1 1 -2 0 2 -1 1 -2 0 2 -1 1 -2 0 2 -1 1 -2 0 2 -1 1 -2 0 2 -1 1 -2 0 2 -1 1 -2 0 2 -1 1 -2 0 2 -1 1 -2 0 2 -1 1 -2 0 2 -1 1 -2 0 2 -1 1 -2 0 2 -1 1 -2 0 2 -1 1 -2 0 2 -1 1 -2 0 2 -1 1 -2 0 2 -1 1 -2 0 2 -1 1 -2 0 2 -1 1 -2 0 2 -1 1 -2 0 2 -1 1 -2 0 2 -1 1 -2 0 2 -1 1 -2 0 2 -1 1 -2 0 2 -1 1 -2 0 2 -1 1 -2 0 2 -1 1 -2 0 2 -1 1 -2 0 2 -1 1 -2 0 2 -1 1 -2 0 2 -1 1 -2 0 2 -1 1 -2 0 2 -1 1 -2 0 2 -1 1 -2 0 2 -1 1 -2 0 2 -1 1 -2 0 2 -1 1 -2 0 2 -1 1 -2 0 2 -1 1 -2 0 2 -1 1 -2 0 2 -1 1 -2 0 2 -1 1 -2 0 2 -1 1 -2 0 2 -1 1 -2 0 2 -1 1 -2 0 2 -1 1 -2 0 2 -1 1 -2 0 2 -1 1 -2 0 2 -1 1 -2 0 2 -1 1 -2 0 2 -1 1 -2 0 2 -1 1 -2 0 2 -1 1 -2 0 2 -1 1 -2 0 2 -1 1 -2 0 2 -1 1 -2 0 2 -1
-2 1 -1 2 0 -2 1 -1 2 0 -2 1 -1 2 0 -2 1 -1 2 0 721 1 -1 2 0 -2 1 -1 2 0 -2 1 -1 2 0 -2 1 -1 2 0 -2 1 -1 2 0 -2 1 -1 2 0 -2 1 -1 2 0 -2 1 -1 2 0 -2 1 -1 2 0 -2 1 -1 2 0 -2 1 -1 2 0 -2 1 -1 2 0 -2 1 -1 2 0 -2 1 -1 2 0 -2 1 -1 2 0 -2 1 -1 2 0 -2 1 -1 2 0 -2 1 -1 2 0 -2 1 -1 2 0 -2 1 -1 2 0 -2 1 -1 2 0 -2 1 -1 2 0 -2 1 -1 2 0 -2 1 -1 2 0 -2 1 -1 2 0 -2 1 -1 2 0 -2 1 -1 2 0 -2 1 -1 2 0 -2 1 -1 2 0 -2 1 -1 2 0 -2 1 -1 2 0 -2 1 -1 2 0 -2 1 -1 2 0 -2 1 -1 2 0 -2 1 -1 2 0 -2 1 -1 2 0 -2 1 -1 2 0 -2 1 -1 2 0 -2 1 -1 2 0 -2 1 -1 2 0 -2 1 -1 2 0 -2 1 -1 2 0 -2 1 -1 2 0 -2 1 -1 2 0 -2 1 -1 2 0 -2 1 -1 2 0 -2 1 -1 2 0 -2 1 -1 2 0 -2 1 -1 2 0 -2 1 -1 2 0 -2 1 -1 2 0 -2 1 -1 2 0 -2 1 -1 2 0 -2 1 -1 2 0 -2 1 -1 2 0 -2 1 -1 2 0 -2 1 -1 2 0 -2 1 -1 2 0 -2 1 -1 2 0 -2 1 -1 2 0 -2 1 -1 2 0 -2 1 -1 2 0 -2 1 -1 2 0 -2 1 -1 2 0 -2 1 -1 2 0 -2 1 -1 2 0 -2 1 -1 2 0 -2 1 -1 2 0 -2 1 -1 2 0 -2 1 -1 2 0 -2 1 -1 2 0 -2 1 -1 2 0 -2 1 -1 2 0 -2 1 -1 2 0 -2 1 -1 2 0 -2 1 -1 2 0 -2 1 -1 2 0 -2 1 -1 2 0 -2 1 -1 2 0 -2 1 -1 2 0 -2 1 -1 2 0 -2 1 -1 2 0 -2 1 -1 2 0 -2 1 -1 2 0 -2 1 -1 2 0 -2 1 -1 2 0 -2 1 -1 2 0 -2 1 -1 2 0 -2 1 -1 2 0 -2 1 -1 2 0 -2 1 -1 2 0 -2 1 -1 2 0 -2 1 -1 2 0 -2 1 -1 2 0 -2 1 -1 2 0 -2 1 -1 2 0 -2 1 -1 2 0 -2 1 -1 2 0 -2 1 -1 2 0 -2 1 -1 2 0 -2 1 -1 2 0 -2 1 -1 2 0 -2 1 -1 2 0 -2 1 -1 2 0 -2 1 -1 2 0 -2 1 -1 2 0 -2 1 -1 2 0 -2 1 -1 2 0 -2 1 -1 2 0 -2 1 -1 2 0 -2 1 -1 2 0 -2 1 -1 2 0 -2 1 -1 2 0 -2 1 -1 2 0 -2 1 -1 2 0 -2 1 -1 2 0
0 -1 -2 2 1 0 -1 -2 2 1 0 -1 -2 2 1 0 -1 -2 2 1 0 722 -2 2 1 0 -1 -2 2 1 0 -1 -2 2 1 0 -1 -2 2 1 0 -1 -2 2 1 0 -1 -2 2 1 0 -1 -2 2 1 0 -1 -2 2 1 0 -1 -2 2 1 0 -1 -2 2 1 0 -1 -2 2 1 0 -1 -2 2 1 0 -1 -2 2 1 0 -1 -2 2 1 0 -1 -2 2 1 0 -1 -2 2 1 0 -1 -2 2 1 0 -1 -2 2 1 0 -1 -2 2 1 0 -1 -2 2 1 0 -1 -2 2 1 0 -1 -2 2 1 0 -1 -2 2 1 0 -1 -2 2 1 0 -1 -2 2 1 0 -1 -2 2 1 0 -1 -2 2 1 0 -1 -2 2 1 0 -1 -2 2 1 0 -1 -2 2 1 0 -1 -2 2 1 0 -1 -2 2 1 0 -1 -2 2 1 0 -1 -2 2 1 0 -1 -2 2 1 0 -1 -2 2 1 0 -1 -2 2 1 0 -1 -2 2 1 0 -1 -2 2 1 0 -1 -2 2 1 0 -1 -2 2 1 0 -1 -2 2 1 0 -1 -2 2 1 0 -1 -2 2 1 0 -1 -2 2 1 0 -1 -2 2 1 0 -1 -2 2 1 0 -1 -2 2 1 0 -1 -2 2 1 0 -1 -2 2 1 0 -1 -2 2 1 0 -1 -2 2 1 0 -1 -2 2 1 0 -1 -2 2 1 0 -1 -2 2 1 0 -1 -2 2 1 0 -1 -2 2 1 0 -1 -2 2 1 0 -1 -2 2 1 0 -1 -2 2 1 0 -1 -2 2 1 0 -1 -2 2 1 0 -1 -2 2 1 0 -1 -2 2 1 0 -1 -2 2 1 0 -1 -2 2 1 0 -1 -2 2 1 0 -1 -2 2 1 0 -1 -2 2 1 0 -1 -2 2 1 0 -1 -2 2 1 0 -1 -2 2 1 0 -1 -2 2 1 0 -1 -2 2 1 0 -1 -2 2 1 0 -1 -2 2 1 0 -1 -2 2 1 0 -1 -2 2 1 0 -1 -2 2 1 0 -1 -2 2 1 0 -1 -2 2 1 0 -1 -2 2 1 0 -1 -2 2 1 0 -1 -2 2 1 0 -1 -2 2 1 0 -1 -2 2 1 0 -1 -2 2 1 0 -1 -2 2 1 0 -1 -2 2 1 0 -1 -2 2 1 0 -1 -2 2 1 0 -1 -2 2 1 0 -1 -2 2 1 0 -1 -2 2 1 0 -1 -2 2 1 0 -1 -2 2 1 0 -1 -2 2 1 0 -1 -2 2 1 0 -1 -2 2 1 0 -1 -2 2 1 0 -1 -2 2 1 0 -1 -2 2 1 0 -1 -2 2 1 0 -1 -2 2 1 0 -1 -2 2 1 0 -1 -2 2 1 0 -1 -2 2 1 0 -1 -2 2 1 0 -1 -2 2 1 0 -1 -2 2 1 0 -1 -2 2 1 0 -1 -2 2 1 0 -1 -2 2 1 0 -1 -2 2 1 0 -1 -2 2 1 0 -1 -2 2 1
2 2 2 2 2 2 2 2 2 2 2 2 2 2 2 2 2 2 2 2 2 2 1201 2 2 2 2 2 2 2 2 2 2 2 2 2 2 2 2 2 2 2 2 2 2 2 2 2 2 2 2 2 2 2 2 2 2 2 2 2 2 2 2 2 2 2 2 2 2 2 2 2 2 2 2 2 2 2 2 2 2 2 2 2 2 2 2 2 2 2 2 2 2 2 2 2 2 2 2 2 2 2 2 2 2 2 2 2 2 2 2 2 2 2 2 2 2 2 2 2 2 2 2 2 2 2 2 2 2 2 2 2 2 2 2 2 2 2 2 2 2 2 2 2 2 2 2 2 2 2 2 2 2 2 2 2 2 2 2 2 2 2 2 2 2 2 2 2 2 2 2 2 2 2 2 2 2 2 2 2 2 2 2 2 2 2 2 2 2 2 2 2 2 2 2 2 2 2 2 2 2 2 2 2 2 2 2 2 2 2 2 2 2 2 2 2 2 2 2 2 2 2 2 2 2 2 2 2 2 2 2 2 2 2 2 2 2 2 2 2 2 2 2 2 2 2 2 2 2 2 2 2 2 2 2 2 2 2 2 2 2 2 2 2 2 2 2 2 2 2 2 2 2 2 2 2 2 2 2 2 2 2 2 2 2 2 2 2 2 2 2 2 2 2 2 2 2 2 2 2 2 2 2 2 2 2 2 2 2 2 2 2 2 2 2 2 2 2 2 2 2 2 2 2 2 2 2 2 2 2 2 2 2 2 2 2 2 2 2 2 2 2 2 2 2 2 2 2 2 2 2 2 2 2 2 2 2 2 2 2 2 2 2 2 2 2 2 2 2 2 2 2 2 2 2 2 2 2 2 2 2 2 2 2 2 2 2 2 2 2 2 2 2 2 2 2 2 2 2 2 2 2 2 2 2 2 2 2 2 2 2 2 2 2 2 2 2 2 2 2 2 2 2 2 2 2 2 2 2 2 2 2 2 2 2 2 2 2 2 2 2 2 2 2 2 2 2 2 2 2 2 2 2 2 2 2 2 2 2 2 2 2 2 2 2 2 2 2 2 2 2 2 2 2 2 2 2 2 2 2 2 2 2 2 2 2 2 2 2 2 2 2 2 2 2 2 2 2 2 2 2 2 2 2 2 2 2 2 2 2 2 2 2 2 2 2 2 2 2 2 2 2 2 2 2 2 2 2 2 2 2 2 2 2 2 2 2 2 2 2 2 2 2 2 2 2 2 2 2 2 2 2 2 2 2 2 2 2 2 2 2 2 2 2 2 2 2 2 2 2 2 2 2 2 2 2 2 2 2 2 2 2 2 2 2 2 2 2 2 2 2 2 2 2 2 2 2 2 2 2
-1 0 1 2 -2 -1 0 1 2 -2 -1 0 1 2 -2 -1 0 1 2 -2 -1 0 1 721 -2 -1 0 1 2 -2 -1 0 1 2 -2 -1 0 1 2 -2 -1 0 1 2 -2 -1 0 1 2 -2 -1 0 1 2 -2 -1 0 1 2 -2 -1 0 1 2 -2 -1 0 1 2 -2 -1 0 1 2 -2 -1 0 1 2 -2 -1 0 1 2 -2 -1 0 1 2 -2 -1 0 1 2 -2 -1 0 1 2 -2 -1 0 1 2 -2 -1 0 1 2 -2 -1 0 1 2 -2 -1 0 1 2 -2 -1 0 1 2 -2 -1 0 1 2 -2 -1 0 1 2 -2 -1 0 1 2 -2 -1 0 1 2 -2 -1 0 1 2 -2 -1 0 1 2 -2 -1 0 1 2 -2 -1 0 1 2 -2 -1 0 1 2 -2 -1 0 1 2 -2 -1 0 1 2 -2 -1 0 1 2 -2 -1 0 1 2 -2 -1 0 1 2 -2 -1 0 1 2 -2 -1 0 1 2 -2 -1 0 1 2 -2 -1 0 1 2 -2 -1 0 1 2 -2 -1 0 1 2 -2 -1 0 1 2 -2 -1 0 1 2 -2 -1 0 1 2 -2 -1 0 1 2 -2 -1 0 1 2 -2 -1 0 1 2 -2 -1 0 1 2 -2 -1 0 1 2 -2 -1 0 1 2 -2 -1 0 1 2 -2 -1 0 1 2 -2 -1 0 1 2 -2 -1 0 1 2 -2 -1 0 1 2 -2 -1 0 1 2 -2 -1 0 1 2 -2 -1 0 1 2 -2 -1 0 1 2 -2 -1 0 1 2 -2 -1 0 1 2 -2 -1 0 1 2 -2 -1 0 1 2 -2 -1 0 1 2 -2 -1 0 1 2 -2 -1 0 1 2 -2 -1 0 1 2 -2 -1 0 1 2 -2 -1 0 1 2 -2 -1 0 1 2 -2 -1 0 1 2 -2 -1 0 1 2 -2 -1 0 1 2 -2 -1 0 1 2 -2 -1 0 1 2 -2 -1 0 1 2 -2 -1 0 1 2 -2 -1 0 1 2 -2 -1 0 1 2 -2 -1 0 1 2 -2 -1 0 1 2 -2 -1 0 1 2 -2 -1 0 1 2 -2 -1 0 1 2 -2 -1 0 1 2 -2 -1 0 1 2 -2 -1 0 1 2 -2 -1 0 1 2 -2 -1 0 1 2 -2 -1 0 1 2 -2 -1 0 1 2 -2 -1 0 1 2 -2 -1 0 1 2 -2 -1 0 1 2 -2 -1 0 1 2 -2 -1 0 1 2 -2 -1 0 1 2 -2 -1 0 1 2 -2 -1 0 1 2 -2 -1 0 1 2 -2 -1 0 1 2 -2 -1 0 1 2 -2 -1 0 1 2 -2 -1 0 1 2 -2 -1 0 1 2 -2 -1 0 1 2 -2 -1 0 1 2 -2 -1 0 1 2 -2 -1 0 1 2 -2 -1 0 1 2 -2 -1 0 1 2 -2 -1 0 1 2 -2 -1 0 1 2 -2 -1 0 1 2 -2 -1 0 1 2 -2 -1 0 1 2 -2
1 -2 0 2 -1 1 -2 0 2 -1 1 -2 0 2 -1 1 -2 0 2 -1 1 -2 0 2 722 1 -2 0 2 -1 1 -2 0 2 -1 1 -2 0 2 -1 1 -2 0 2 -1 1 -2 0 2 -1 1 -2 0 2 -1 1 -2 0 2 -1 1 -2 0 2 -1 1 -2 0 2 -1 1 -2 0 2 -1 1 -2 0 2 -1 1 -2 0 2 -1 1 -2 0 2 -1 1 -2 0 2 -1 1 -2 0 2 -1 1 -2 0 2 -1 1 -2 0 2 -1 1 -2 0 2 -1 1 -2 0 2 -1 1 -2 0 2 -1 1 -2 0 2 -1 1 -2 0 2 -1 1 -2 0 2 -1 1 -2 0 2 -1 1 -2 0 2 -1 1 -2 0 2 -1 1 -2 0 2 -1 1 -2 0 2 -1 1 -2 0 2 -1 1 -2 0 2 -1 1 -2 0 2 -1 1 -2 0 2 -1 1 -2 0 2 -1 1 -2 0 2 -1 1 -2 0 2 -1 1 -2 0 2 -1 1 -2 0 2 -1 1 -2 0 2 -1 1 -2 0 2 -1 1 -2 0 2 -1 1 -2 0 2 -1 1 -2 0 2 -1 1 -2 0 2 -1 1 -2 0 2 -1 1 -2 0 2 -1 1 -2 0 2 -1 1 -2 0 2 -1 1 -2 0 2 -1 1 -2 0 2 -1 1 -2 0 2 -1 1 -2 0 2 -1 1 -2 0 2 -1 1 -2 0 2 -1 1 -2 0 2 -1 1 -2 0 2 -1 1 -2 0 2 -1 1 -2 0 2 -1 1 -2 0 2 -1 1 -2 0 2 -1 1 -2 0 2 -1 1 -2 0 2 -1 1 -2 0 2 -1 1 -2 0 2 -1 1 -2 0 2 -1 1 -2 0 2 -1 1 -2 0 2 -1 1 -2 0 2 -1 1 -2 0 2 -1 1 -2 0 2 -1 1 -2 0 2 -1 1 -2 0 2 -1 1 -2 0 2 -1 1 -2 0 2 -1 1 -2 0 2 -1 1 -2 0 2 -1 1 -2 0 2 -1 1 -2 0 2 -1 1 -2 0 2 -1 1 -2 0 2 -1 1 -2 0 2 -1 1 -2 0 2 -1 1 -2 0 2 -1 1 -2 0 2 -1 1 -2 0 2 -1 1 -2 0 2 -1 1 -2 0 2 -1 1 -2 0 2 -1 1 -2 0 2 -1 1 -2 0 2 -1 1 -2 0 2 -1 1 -2 0 2 -1 1 -2 0 2 -1 1 -2 0 2 -1 1 -2 0 2 -1 1 -2 0 2 -1 1 -2 0 2 -1 1 -2 0 2 -1 1 -2 0 2 -1 1 -2 0 2 -1 1 -2 0 2 -1 1 -2 0 2 -1 1 -2 0 2 -1 1 -2 0 2 -1 1 -2 0 2 -1 1 -2 0 2 -1 1 -2 0 2 -1 1 -2 0 2 -1 1 -2 0 2 -1 1 -2 0 2 -1 1 -2 0 2 -1 1 -2 0 2 -1 1 -2 0 2 -1 1 -2 0 2 -1 1 -2 0 2 -1 1 -2 0 2 -1
-2 1 -1 2 0 -2 1 -1 2 0 -2 1 -1 2 0 -2 1 -1 2 0 -2 1 -1 2 0 721 1 -1 2 0 -2 1 -1 2 0 -2 1 -1 2 0 -2 1 -1 2 0 -2 1 -1 2 0 -2 1 -1 2 0 -2 1 -1 2 0 -2 1 -1 2 0 -2 1 -1 2 0 -2 1 -1 2 0 -2 1 -1 2 0 -2 1 -1 2 0 -2 1 -1 2 0 -2 1 -1 2 0 -2 1 -1 2 0 -2 1 -1 2 0 -2 1 -1 2 0 -2 1 -1 2 0 -2 1 -1 2 0 -2 1 -1 2 0 -2 1 -1 2 0 -2 1 -1 2 0 -2 1 -1 2 0 -2 1 -1 2 0 -2 1 -1 2 0 -2 1 -1 2 0 -2 1 -1 2 0 -2 1 -1 2 0 -2 1 -1 2 0 -2 1 -1 2 0 -2 1 -1 2 0 -2 1 -1 2 0 -2 1 -1 2 0 -2 1 -1 2 0 -2 1 -1 2 0 -2 1 -1 2 0 -2 1 -1 2 0 -2 1 -1 2 0 -2 1 -1 2 0 -2 1 -1 2 0 -2 1 -1 2 0 -2 1 -1 2 0 -2 1 -1 2 0 -2 1 -1 2 0 -2 1 -1 2 0 -2 1 -1 2 0 -2 1 -1 2 0 -2 1 -1 2 0 -2 1 -1 2 0 -2 1 -1 2 0 -2 1 -1 2 0 -2 1 -1 2 0 -2 1 -1 2 0 -2 1 -1 2 0 -2 1 -1 2 0 -2 1 -1 2 0 -2 1 -1 2 0 -2 1 -1 2 0 -2 1 -1 2 0 -2 1 -1 2 0 -2 1 -1 2 0 -2 1 -1 2 0 -2 1 -1 2 0 -2 1 -1 2 0 -2 1 -1 2 0 -2 1 -1 2 0 -2 1 -1 2 0 -2 1 -1 2 0 -2 1 -1 2 0 -2 1 -1 2 0 -2 1 -1 2 0 -2 1 -1 2 0 -2 1 -1 2 0 -2 1 -1 2 0 -2 1 -1 2 0 -2 1 -1 2 0 -2 1 -1 2 0 -2 1 -1 2 0 -2 1 -1 2 0 -2 1 -1 2 0 -2 1 -1 2 0 -2 1 -1 2 0 -2 1 -1 2 0 -2 1 -1 2 0 -2 1 -1 2 0 -2 1 -1 2 0 -2 1 -1 2 0 -2 1 -1 2 0 -2 1 -1 2 0 -2 1 -1 2 0 -2 1 -1 2 0 -2 1 -1 2 0 -2 1 -1 2 0 -2 1 -1 2 0 -2 1 -1 2 0 -2 1 -1 2 0 -2 1 -1 2 0 -2 1 -1 2 0 -2 1 -1 2 0 -2 1 -1 2 0 -2 1 -1 2 0 -2 1 -1 2 0 -2 1 -1 2 0 -2 1 -1 2 0 -2 1 -1 2 0 -2 1 -1 2 0 -2 1 -1 2 0 -2 1 -1 2 0 -2 1 -1 2 0 -2 1 -1 2 0 -2 1 -1 2 0 -2 1 -1 2 0 -2 1 -1 2 0 -2 1 -1 2 0 -2 1 -1 2 0
0 -1 -2 2 1 0 -1 -2 2 1 0 -1 -2 2 1 0 -1 -2 2 1 0 -1 -2 2 1 0 722 -2 2 1 0 -1 -2 2 1 0 -1 -2 2 1 0 -1 -2 2 1 0 -1 -2 2 1 0 -1 -2 2 1 0 -1 -2 2 1 0 -1 -2 2 1 0 -1 -2 2 1 0 -1 -2 2 1 0 -1 -2 2 1 0 -1 -2 2 1 0 -1 -2 2 1 0 -1 -2 2 1 0 -1 -2 2 1 0 -1 -2 2 1 0 -1 -2 2 1 0 -1 -2 2 1 0 -1 -2 2 1 0 -1 -2 2 1 0 -1 -2 2 1 0 -1 -2 2 1 0 -1 -2 2 1 0 -1 -2 2 1 0 -1 -2 2 1 0 -1 -2 2 1 0 -1 -2 2 1 0 -1 -2 2 1 0 -1 -2 2 1 0 -1 -2 2 1 0 -1 -2 2 1 0 -1 -2 2 1 0 -1 -2 2 1 0 -1 -2 2 1 0 -1 -2 2 1 0 -1 -2 2 1 0 -1 -2 2 1 0 -1 -2 2 1 0 -1 -2 2 1 0 -1 -2 2 1 0 -1 -2 2 1 0 -1 -2 2 1 0 -1 -2 2 1 0 -1 -2 2 1 0 -1 -2 2 1 0 -1 -2 2 1 0 -1 -2 2 1 0 -1 -2 2 1 0 -1 -2 2 1 0 -1 -2 2 1 0 -1 -2 2 1 0 -1 -2 2 1 0 -1 -2 2 1 0 -1 -2 2 1 0 -1 -2 2 1 0 -1 -2 2 1 0 -1 -2 2 1 0 -1 -2 2 1 0 -1 -2 2 1 0 -1 -2 2 1 0 -1 -2 2 1 0 -1 -2 2 1 0 -1 -2 2 1 0 -1 -2 2 1 0 -1 -2 2 1 0 -1 -2 2 1 0 -1 -2 2 1 0 -1 -2 2 1 0 -1 -2 2 1 0 -1 -2 2 1 0 -1 -2 2 1 0 -1 -2 2 1 0 -1 -2 2 1 0 -1 -2 2 1 0 -1 -2 2 1 0 -1 -2 2 1 0 -1 -2 2 1 0 -1 -2 2 1 0 -1 -2 2 1 0 -1 -2 2 1 0 -1 -2 2 1 0 -1 -2 2 1 0 -1 -2 2 1 0 -1 -2 2 1 0 -1 -2 2 1 0 -1 -2 2 1 0 -1 -2 2 1 0 -1 -2 2 1 0 -1 -2 2 1 0 -1 -2 2 1 0 -1 -2 2 1 0 -1 -2 2 1 0 -1 -2 2 1 0 -1 -2 2 1 0 -1 -2 2 1 0 -1 -2 2 1 0 -1 -2 2 1 0 -1 -2 2 1 0 -1 -2 2 1 0 -1 -2 2 1 0 -1 -2 2 1 0 -1 -2 2 1 0 -1 -2 2 1 0 -1 -2 2 1 0 -1 -2 2 1 0 -1 -2 2 1 0 -1 -2 2 1 0 -1 -2 2 1 0 -1 -2 2 1 0 -1 -2 2 1 0 -1 -2 2 1 0 -1 -2 2 1 0 -1 -2 2 1 0 -1 -2 2 1 0 -1 -2 2 1
2 2 2 2 2 2 2 2 2 2 2 2 2 2 2 2 2 2 2 2 2 2 2 2 2 2 2 1201 2 2 2 2 2 2 2 2 2 2 2 2 2 2 2 2 2 2 2 2 2 2 2 2 2 2 2 2 2 2 2 2 2 2 2 2 2 2 2 2 2 2 2 2 2 2 2 2 2 2 2 2 2 2 2 2 2 2 2 2 2 2 2 2 2 2 2 2 2 2 2 2 2 2 2 2 2 2 2 2 2 2 2 2 2 2 2 2 2 2 2 2 2 2 2 2 2 2 2 2 2 2 2 2 2 2 2 2 2 2 2 2 2 2 2 2 2 2 2 2 2 2 2 2 2 2 2 2 2 2 2 2 2 2 2 2 2 2 2 2 2 2 2 2 2 2 2 2 2 2 2 2 2 2 2 2 2 2 2 2 2 2 2 2 2 2 2 2 2 2 2 2 2 2 2 2 2 2 2 2 2 2 2 2 2 2 2 2 2 2 2 2 2 2 2 2 2 2 2 2 2 2 2 2 2 2 2 2 2 2 2 2 2 2 2 2 2 2 2 2 2 2 2 2 2 2 2 2 2 2 2 2 2 2 2 2 2 2 2 2 2 2 2 2 2 2 2 2 2 2 2 2 2 2 2 2 2 2 2 2 2 2 2 2 2 2 2 2 2 2 2 2 2 2 2 2 2 2 2 2 2 2 2 2 2 2 2 2 2 2 2 2 2 2 2 2 2 2 2 2 2 2 2 2 2 2 2 2 2 2 2 2 2 2 2 2 2 2 2 2 2 2 2 2 2 2 2 2 2 2 2 2 2 2 2 2 2 2 2 2 2 2 2 2 2 2 2 2 2 2 2 2 2 2 2 2 2 2 2 2 2 2 2 2 2 2 2 2 2 2 2 2 2 2 2 2 2 2 2 2 2 2 2 2 2 2 2 2 2 2 2 2 2 2 2 2 2 2 2 2 2 2 2 2 2 2 2 2 2 2 2 2 2 2 2 2 2 2 2 2 2 2 2 2 2 2 2 2 2 2 2 2 2 2 2 2 2 2 2 2 2 2 2 2 2 2 2 2 2 2 2 2 2 2 2 2 2 2 2 2 2 2 2 2 2 2 2 2 2 2 2 2 2 2 2 2 2 2 2 2 2 2 2 2 2 2 2 2 2 2 2 2 2 2 2 2 2 2 2 2 2 2 2 2 2 2 2 2 2 2 2 2 2 2 2 2 2 2 2 2 2 2 2 2 2 2 2 2 2 2 2 2 2 2 2 2 2 2 2 2 2 2 2 2 2 2 2 2 2 2 2 2 2 2 2 2 2 2 2 2 2 2 2 2 2 2 2 2 2 2 2 2
-1 0 1 2 -2 -1 0 1 2 -2 -1 0 1 2 -2 -1 0 1 2 -2 -1 0 1 2 -2 -1 0 1 721 -2 -1 0 1 2 -2 -1 0 1 2 -2 -1 0 1 2 -2 -1 0 1 2 -2 -1 0 1 2 -2 -1 0 1 2 -2 -1 0 1 2 -2 -1 0 1 2 -2 -1 0 1 2 -2 -1 0 1 2 -2 -1 0 1 2 -2 -1 0 1 2 -2 -1 0 1 2 -2 -1 0 1 2 -2 -1 0 1 2 -2 -1 0 1 2 -2 -1 0 1 2 -2 -1 0 1 2 -2 -1 0 1 2 -2 -1 0 1 2 -2 -1 0 1 2 -2 -1 0 1 2 -2 -1 0 1 2 -2 -1 0 1 2 -2 -1 0 1 2 -2 -1 0 1 2 -2 -1 0 1 2 -2 -1 0 1 2 -2 -1 0 1 2 -2 -1 0 1 2 -2 -1 0 1 2 -2 -1 0 1 2 -2 -1 0 1 2 -2 -1 0 1 2 -2 -1 0 1 2 -2 -1 0 1 2 -2 -1 0 1 2 -2 -1 0 1 2 -2 -1 0 1 2 -2 -1 0 1 2 -2 -1 0 1 2 -2 -1 0 1 2 -2 -1 0 1 2 -2 -1 0 1 2 -2 -1 0 1 2 -2 -1 0 1 2 -2 -1 0 1 2 -2 -1 0 1 2 -2 -1 0 1 2 -2 -1 0 1 2 -2 -1 0 1 2 -2 -1 0 1 2 -2 -1 0 1 2 -2 -1 0 1 2 -2 -1 0 1 2 -2 -1 0 1 2 -2 -1 0 1 2 -2 -1 0 1 2 -2 -1 0 1 2 -2 -1 0 1 2 -2 -1 0 1 2 -2 -1 0 1 2 -2 -1 0 1 2 -2 -1 0 1 2 -2 -1 0 1 2 -2 -1 0 1 2 -2 -1 0 1 2 -2 -1 0 1 2 -2 -1 0 1 2 -2 -1 0 1 2 -2 -1 0 1 2 -2 -1 0 1 2 -2 -1 0 1 2 -2 -1 0 1 2 -2 -1 0 1 2 -2 -1 0 1 2 -2 -1 0 1 2 -2 -1 0 1 2 -2 -1 0 1 2 -2 -1 0 1 2 -2 -1 0 1 2 -2 -1 0 1 2 -2 -1 0 1 2 -2 -1 0 1 2 -2 -1 0 1 2 -2 -1 0 1 2 -2 -1 0 1 2 -2 -1 0 1 2 -2 -1 0 1 2 -2 -1 0 1 2 -2 -1 0 1 2 -2 -1 0 1 2 -2 -1 0 1 2 -2 -1 0 1 2 -2 -1 0 1 2 -2 -1 0 1 2 -2 -1 0 1 2 -2 -1 0 1 2 -2 -1 0 1 2 -2 -1 0 1 2 -2 -1 0 1 2 -2 -1 0 1 2 -2 -1 0 1 2 -2 -1 0 1 2 -2 -1 0 1 2 -2 -1 0 1 2 -2 -1 0 1 2 -2 -1 0 1 2 -2 -1 0 1 2 -2 -1 0 1 2 -2 -1 0 1 2 -2 -1 0 1 2 -2 -1 0 1 2 -2 -1 0 1 2 -2
1 -2 0 2 -1 1 -2 0 2 -1 1 -2 0 2 -1 1 -2 0 2 -1 1 -2 0 2 -1 1 -2 0 2 722 1 -2 0 2 -1 1 -2 0 2 -1 1 -2 0 2 -1 1 -2 0 2 -1 1 -2 0 2 -1 1 -2 0 2 -1 1 -2 0 2 -1 1 -2 0 2 -1 1 -2 0 2 -1 1 -2 0 2 -1 1 -2 0 2 -1 1 -2 0 2 -1 1 -2 0 2 -1 1 -2 0 2 -1 1 -2 0 2 -1 1 -2 0 2 -1 1 -2 0 2 -1 1 -2 0 2 -1 1 -2 0 2 -1 1 -2 0 2 -1 1 -2 0 2 -1 1 -2 0 2 -1 1 -2 0 2 -1 1 -2 0 2 -1 1 -2 0 2 -1 1 -2 0 2 -1 1 -2 0 2 -1 1 -2 0 2 -1 1 -2 0 2 -1 1 -2 0 2 -1 1 -2 0 2 -1 1 -2 0 2 -1 1 -2 0 2 -1 1 -2 0 2 -1 1 -2 0 2 -1 1 -2 0 2 -1 1 -2 0 2 -1 1 -2 0 2 -1 1 -2 0 2 -1 1 -2 0 2 -1 1 -2 0 2 -1 1 -2 0 2 -1 1 -2 0 2 -1 1 -2 0 2 -1 1 -2 0 2 -1 1 -2 0 2 -1 1 -2 0 2 -1 1 -2 0 2 -1 1 -2 0 2 -1 1 -2 0 2 -1 1 -2 0 2 -1 1 -2 0 2 -1 1 -2 0 2 -1 1 -2 0 2 -1 1 -2 0 2 -1 1 -2 0 2 -1 1 -2 0 2 -1 1 -2 0 2 -1 1 -2 0 2 -1 1 -2 0 2 -1 1 -2 0 2 -1 1 -2 0 2 -1 1 -2 0 2 -1 1 -2 0 2 -1 1 -2 0 2 -1 1 -2 0 2 -1 1 -2 0 2 -1 1 -2 0 2 -1 1 -2 0 2 -1 1 -2 0 2 -1 1 -2 0 2 -1 1 -2 0 2 -1 1 -2 0 2 -1 1 -2 0 2 -1 1 -2 0 2 -1 1 -2 0 2 -1 1 -2 0 2 -1 1 -2 0 2 -1 1 -2 0 2 -1 1 -2 0 2 -1 1 -2 0 2 -1 1 -2 0 2 -1 1 -2 0 2 -1 1 -2 0 2 -1 1 -2 0 2 -1 1 -2 0 2 -1 1 -2 0 2 -1 1 -2 0 2 -1 1 -2 0 2 -1 1 -2 0 2 -1 1 -2 0 2 -1 1 -2 0 2 -1 1 -2 0 2 -1 1 -2 0 2 -1 1 -2 0 2 -1 1 -2 0 2 -1 1 -2 0 2 -1 1 -2 0 2 -1 1 -2 0 2 -1 1 -2 0 2 -1 1 -2 0 2 -1 1 -2 0 2 -1 1 -2 0 2 -1 1 -2 0 2 -1 1 -2 0 2 -1 1 -2 0 2 -1 1 -2 0 2 -1 1 -2 0 2 -1 1 -2 0 2 -1 1 -2 0 2 -1 1 -2 0 2 -1 1 -2 0 2 -1 1 -2 0 2 -1 1 -2 0 2 -1
-2 1 -1 2 0 -2 1 -1 2 0 -2 1 -1 2 0 -2 1 -1 2 0 -2 1 -1 2 0 -2 1 -1 2 0 721 1 -1 2 0 -2 1 -1 2 0 -2 1 -1 2 0 -2 1 -1 2 0 -2 1 -1 2 0 -2 1 -1 2 0 -2 1 -1 2 0 -2 1 -1 2 0 -2 1 -1 2 0 -2 1 -1 2 0 -2 1 -1 2 0 -2 1 -1 2 0 -2 1 -1 2 0 -2 1 -1 2 0 -2 1 -1 2 0 -2 1 -1 2 0 -2 1 -1 2 0 -2 1 -1 2 0 -2 1 -1 2 0 -2 1 -1 2 0 -2 1 -1 2 0 -2 1 -1 2 0 -2 1 -1 2 0 -2 1 -1 2 0 -2 1 -1 2 0 -2 1 -1 2 0 -2 1 -1 2 0 -2 1 -1 2 0 -2 1 -1 2 0 -2 1 -1 2 0 -2 1 -1 2 0 -2 1 -1 2 0 -2 1 -1 2 0 -2 1 -1 2 0 -2 1 -1 2 0 -2 1 -1 2 0 -2 1 -1 2 0 -2 1 -1 2 0 -2 1 -1 2 0 -2 1 -1 2 0 -2 1 -1 2 0 -2 1 -1 2 0 -2 1 -1 2 0 -2 1 -1 2 0 -2 1 -1 2 0 -2 1 -1 2 0 -2 1 -1 2 0 -2 1 -1 2 0 -2 1 -1 2 0 -2 1 -1 2 0 -2 1 -1 2 0 -2 1 -1 2 0 -2 1 -1 2 0 -2 1 -1 2 0 -2 1 -1 2 0 -2 1 -1 2 0 -2 1 -1 2 0 -2 1 -1 2 0 -2 1 -1 2 0 -2 1 -1 2 0 -2 1 -1 2 0 -2 1 -1 2 0 -2 1 -1 2 0 -2 1 -1 2 0 -2 1 -1 2 0 -2 1 -1 2 0 -2 1 -1 2 0 -2 1 -1 2 0 -2 1 -1 2 0 -2 1 -1 2 0 -2 1 -1 2 0 -2 1 -1 2 0 -2 1 -1 2 0 -2 1 -1 2 0 -2 1 -1 2 0 -2 1 -1 2 0 -2 1 -1 2 0 -2 1 -1 2 0 -2 1 -1 2 0 -2 1 -1 2 0 -2 1 -1 2 0 -2 1 -1 2 0 -2 1 -1 2 0 -2 1 -1 2 0 -2 1 -1 2 0 -2 1 -1 2 0 -2 1 -1 2 0 -2 1 -1 2 0 -2 1 -1 2 0 -2 1 -1 2 0 -2 1 -1 2 0 -2 1 -1 2 0 -2 1 -1 2 0 -2 1 -1 2 0 -2 1 -1 2 0 -2 1 -1 2 0 -2 1 -1 2 0 -2 1 -1 2 0 -2 1 -1 2 0 -2 1 -1 2 0 -2 1 -1 2 0 -2 1 -1 2 0 -2 1 -1 2 0 -2 1 -1 2 0 -2 1 -1 2 0 -2 1 -1 2 0 -2 1 -1 2 0 -2 1 -1 2 0 -2 1 -1 2 0 -2 1 -1 2 0 -2 1 -1 2 0 -2 1 -1 2 0 -2 1 -1 2 0 -2 1 -1 2 0
0 -1 -2 2 1 0 -1 -2 2 1 0 -1 -2 2 1 0 -1 -2 2 1 0 -1 -2 2 1 0 -1 -2 2 1 0 722 -2 2 1 0 -1 -2 2 1 0 -1 -2 2 1 0 -1 -2 2 1 0 -1 -2 2 1 0 -1 -2 2 1 0 -1 -2 2 1 0 -1 -2 2 1 0 -1 -2 2 1 0 -1 -2 2 1 0 -1 -2 2 1 0 -1 -2 2 1 0 -1 -2 2 1 0 -1 -2 2 1 0 -1 -2 2 1 0 -1 -2 2 1 0 -1 -2 2 1 0 -1 -2 2 1 0 -1 -2 2 1 0 -1 -2 2 1 0 -1 -2 2 1 0 -1 -2 2 1 0 -1 -2 2 1 0 -1 -2 2 1 0 -1 -2 2 1 0 -1 -2 2 1 0 -1 -2 2 1 0 -1 -2 2 1 0 -1 -2 2 1 0 -1 -2 2 1 0 -1 -2 2 1 0 -1 -2 2 1 0 -1 -2 2 1 0 -1 -2 2 1 0 -1 -2 2 1 0 -1 -2 2 1 0 -1 -2 2 1 0 -1 -2 2 1 0 -1 -2 2 1 0 -1 -2 2 1 0 -1 -2 2 1 0 -1 -2 2 1 0 -1 -2 2 1 0 -1 -2 2 1 0 -1 -2 2 1 0 -1 -2 2 1 0 -1 -2 2 1 0 -1 -2 2 1 0 -1 -2 2 1 0 -1 -2 2 1 0 -1 -2 2 1 0 -1 -2 2 1 0 -1 -2 2 1 0 -1 -2 2 1 0 -1 -2 2 1 0 -1 -2 2 1 0 -1 -2 2 1 0 -1 -2 2 1 0 -1 -2 2 1 0 -1 -2 2 1 0 -1 -2 2 1 0 -1 -2 2 1 0 -1 -2 2 1 0 -1 -2 2 1 0 -1 -2 2 1 0 -1 -2 2 1 0 -1 -2 2 1 0 -1 -2 2 1 0 -1 -2 2 1 0 -1 -2 2 1 0 -1 -2 2 1 0 -1 -2 2 1 0 -1 -2 2 1 0 -1 -2 2 1 0 -1 -2 2 1 0 -1 -2 2 1 0 -1 -2 2 1 0 -1 -2 2 1 0 -1 -2 2 1 0 -1 -2 2 1 0 -1 -2 2 1 0 -1 -2 2 1 0 -1 -2 2 1 0 -1 -2 2 1 0 -1 -2 2 1 0 -1 -2 2 1 0 -1 -2 2 1 0 -1 -2 2 1 0 -1 -2 2 1 0 -1 -2 2 1 0 -1 -2 2 1 0 -1 -2 2 1 0 -1 -2 2 1 0 -1 -2 2 1 0 -1 -2 2 1 0 -1 -2 2 1 0 -1 -2 2 1 0 -1 -2 2 1 0 -1 -2 2 1 0 -1 -2 2 1 0 -1 -2 2 1 0 -1 -2 2 1 0 -1 -2 2 1 0 -1 -2 2 1 0 -1 -2 2 1 0 -1 -2 2 1 0 -1 -2 2 1 0 -1 -2 2 1 0 -1 -2 2 1 0 -1 -2 2 1 0 -1 -2 2 1 0 -1 -2 2 1 0 -1 -2 2 1 0 -1 -2 2 1
2 2 2 2 2 2 2 2 2 2 2 2 2 2 2 2 2 2 2 2 2 2 2 2 2 2 2 2 2 2 2 2 1201 2 2 2 2 2 2 2 2 2 2 2 2 2 2 2 2 2 2 2 2 2 2 2 2 2 2 2 2 2 2 2 2 2 2 2 2 2 2 2 2 2 2 2 2 2 2 2 2 2 2 2 2 2 2 2 2 2 2 2 2 2 2 2 2 2 2 2 2 2 2 2 2 2 2 2 2 2 2 2 2 2 2 2 2 2 2 2 2 2 2 2 2 2 2 2 2 2 2 2 2 2 2 2 2 2 2 2 2 2 2 2 2 2 2 2 2 2 2 2 2 2 2 2 2 2 2 2 2 2 2 2 2 2 2 2 2 2 2 2 2 2 2 2 2 2 2 2 2 2 2 2 2 2 2 2 2 2 2 2 2 2 2 2 2 2 2 2 2 2 2 2 2 2 2 2 2 2 2 2 2 2 2 2 2 2 2 2 2 2 2 2 2 2 2 2 2 2 2 2 2 2 2 2 2 2 2 2 2 2 2 2 2 2 2 2 2 2 2 2 2 2 2 2 2 2 2 2 2 2 2 2 2 2 2 2 2 2 2 2 2 2 2 2 2 2 2 2 2 2 2 2 2 2 2 2 2 2 2 2 2 2 2 2 2 2 2 2 2 2 2 2 2 2 2 2 2 2 2 2 2 2 2 2 2 2 2 2 2 2 2 2 2 2 2 2 2 2 2 2 2 2 2 2 2 2 2 2 2 2 2 2 2 2 2 2 2 2 2 2 2 2 2 2 2 2 2 2 2 2 2 2 2 2 2 2 2 2 2 2 2 2 2 2 2 2 2 2 2 2 2 2 2 2 2 2 2 2 2 2 2 2 2 2 2 2 2 2 2 2 2 2 2 2 2 2 2 2 2 2 2 2 2 2 2 2 2 2 2 2 2 2 2 2 2 2 2 2 2 2 2 2 2 2 2 2 2 2 2 2 2 2 2 2 2 2 2 2 2 2 2 2 2 2 2 2 2 2 2 2 2 2 2 2 2 2 2 2 2 2 2 2 2 2 2 2 2 2 2 2 2 2 2 2 2 2 2 2 2 2 2 2 2 2 2 2 2 2 2 2 2 2 2 2 2 2 2 2 2 2 2 2 2 2 2 2 2 2 2 2 2 2 2 2 2 2 2 2 2 2 2 2 2 2 2 2 2 2 2 2 2 2 2 2 2 2 2 2 2 2 2 2 2 2 2 2 2 2 2 2 2 2 2 2 2 2 2 2 2 2 2 2 2 2 2 2 2 2 2 2 2 2 2 2 2 2 2 2 2 2 2 2 2 2 2 2 2 2
-1 0 1 2 -2 -1 0 1 2 -2 -1 0 1 2 -2 -1 0 1 2 -2 -1 0 1 2 -2 -1 0 1 2 -2 -1 0 1 721 -2 -1 0 1 2 -2 -1 0 1 2 -2 -1 0 1 2 -2 -1 0 1 2 -2 -1 0 1 2 -2 -1 0 1 2 -2 -1 0 1 2 -2 -1 0 1 2 -2 -1 0 1 2 -2 -1 0 1 2 -2 -1 0 1 2 -2 -1 0 1 2 -2 -1 0 1 2 -2 -1 0 1 2 -2 -1 0 1 2 -2 -1 0 1 2 -2 -1 0 1 2 -2 -1 0 1 2 -2 -1 0 1 2 -2 -1 0 1 2 -2 -1 0 1 2 -2 -1 0 1 2 -2 -1 0 1 2 -2 -1 0 1 2 -2 -1 0 1 2 -2 -1 0 1 2 -2 -1 0 1 2 -2 -1 0 1 2 -2 -1 0 1 2 -2 -1 0 1 2 -2 -1 0 1 2 -2 -1 0 1 2 -2 -1 0 1 2 -2 -1 0 1 2 -2 -1 0 1 2 -2 -1 0 1 2 -2 -1 0 1 2 -2 -1 0 1 2 -2 -1 0 1 2 -2 -1 0 1 2 -2 -1 0 1 2 -2 -1 0 1 2 -2 -1 0 1 2 -2 -1 0 1 2 -2 -1 0 1 2 -2 -1 0 1 2 -2 -1 0 1 2 -2 -1 0 1 2 -2 -1 0 1 2 -2 -1 0 1 2 -2 -1 0 1 2 -2 -1 0 1 2 -2 -1 0 1 2 -2 -1 0 1 2 -2 -1 0 1 2 -2 -1 0 1 2 -2 -1 0 1 2 -2 -1 0 1 2 -2 -1 0 1 2 -2 -1 0 1 2 -2 -1 0 1 2 -2 -1 0 1 2 -2 -1 0 1 2 -2 -1 0 1 2 -2 -1 0 1 2 -2 -1 0 1 2 -2 -1 0 1 2 -2 -1 0 1 2 -2 -1 0 1 2 -2 -1 0 1 2 -2 -1 0 1 2 -2 -1 0 1 2 -2 -1 0 1 2 -2 -1 0 1 2 -2 -1 0 1 2 -2 -1 0 1 2 -2 -1 0 1 2 -2 -1 0 1 2 -2 -1 0 1 2 -2 -1 0 1 2 -2 -1 0 1 2 -2 -1 0 1 2 -2 -1 0 1 2 -2 -1 0 1 2 -2 -1 0 1 2 -2 -1 0 1 2 -2 -1 0 1 2 -2 -1 0 1 2 -2 -1 0 1 2 -2 -1 0 1 2 -2 -1 0 1 2 -2 -1 0 1 2 -2 -1 0 1 2 -2 -1 0 1 2 -2 -1 0 1 2 -2 -1 0 1 2 -2 -1 0 1 2 -2 -1 0 1 2 -2 -1 0 1 2 -2 -1 0 1 2 -2 -1 0 1 2 -2 -1 0 1 2 -2 -1 0 1 2 -2 -1 0 1 2 -2 -1 0 1 2 -2 -1 0 1 2 -2 -1 0 1 2 -2 -1 0 1 2 -2 -1 0 1 2 -2 -1 0 1 2 -2 -1 0 1 2 -2 -1 0 1 2 -2 -1 0 1 2 -2
1 -2 0 2 -1 1 -2 0 2 -1 1 -2 0 2 -1 1 -2 0 2 -1 1 -2 0 2 -1 1 -2 0 2 -1 1 -2 0 2 722 1 -2 0 2 -1 1 -2 0 2 -1 1 -2 0 2 -1 1 -2 0 2 -1 1 -2 0 2 -1 1 -2 0 2 -1 1 -2 0 2 -1 1 -2 0 2 -1 1 -2 0 2 -1 1 -2 0 2 -1 1 -2 0 2 -1 1 -2 0 2 -1 1 -2 0 2 -1 1 -2 0 2 -1 1 -2 0 2 -1 1 -2 0 2 -1 1 -2 0 2 -1 1 -2 0 2 -1 1 -2 0 2 -1 1 -2 0 2 -1 1 -2 0 2 -1 1 -2 0 2 -1 1 -2 0 2 -1 1 -2 0 2 -1 1 -2 0 2 -1 1 -2 0 2 -1 1 -2 0 2 -1 1 -2 0 2 -1 1 -2 0 2 -1 1 -2 0 2 -1 1 -2 0 2 -1 1 -2 0 2 -1 1 -2 0 2 -1 1 -2 0 2 -1 1 -2 0 2 -1 1 -2 0 2 -1 1 -2 0 2 -1 1 -2 0 2 -1 1 -2 0 2 -1 1 -2 0 2 -1 1 -2 0 2 -1 1 -2 0 2 -1 1 -2 0 2 -1 1 -2 0 2 -1 1 -2 0 2 -1 1 -2 0 2 -1 1 -2 0 2 -1 1 -2 0 2 -1 1 -2 0 2 -1 1 -2 0 2 -1 1 -2 0 2 -1 1 -2 0 2 -1 1 -2 0 2 -1 1 -2 0 2 -1 1 -2 0 2 -1 1 -2 0 2 -1 1 -2 0 2 -1 1 -2 0 2 -1 1 -2 0 2 -1 1 -2 0 2 -1 1 -2 0 2 -1 1 -2 0 2 -1 1 -2 0 2 -1 1 -2 0 2 -1 1 -2 0 2 -1 1 -2 0 2 -1 1 -2 0 2 -1 1 -2 0 2 -1 1 -2 0 2 -1 1 -2 0 2 -1 1 -2 0 2 -1 1 -2 0 2 -1 1 -2 0 2 -1 1 -2 0 2 -1 1 -2 0 2 -1 1 -2 0 2 -1 1 -2 0 2 -1 1 -2 0 2 -1 1 -2 0 2 -1 1 -2 0 2 -1 1 -2 0 2 -1 1 -2 0 2 -1 1 -2 0 2 -1 1 -2 0 2 -1 1 -2 0 2 -1 1 -2 0 2 -1 1 -2 0 2 -1 1 -2 0 2 -1 1 -2 0 2 -1 1 -2 0 2 -1 1 -2 0 2 -1 1 -2 0 2 -1 1 -2 0 2 -1 1 -2 0 2 -1 1 -2 0 2 -1 1 -2 0 2 -1 1 -2 0 2 -1 1 -2 0 2 -1 1 -2 0 2 -1 1 -2 0 2 -1 1 -2 0 2 -1 1 -2 0 2 -1 1 -2 0 2 -1 1 -2 0 2 -1 1 -2 0 2 -1 1 -2 0 2 -1 1 -2 0 2 -1 1 -2 0 2 -1 1 -2 0 2 -1 1 -2 0 2 -1 1 -2 0 2 -1 1 -2 0 2 -1 1 -2 0 2 -1
-2 1 -1 2 0 -2 1 -1 2 0 -2 1 -1 2 0 -2 1 -1 2 0 -2 1 -1 2 0 -2 1 -1 2 0 -2 1 -1 2 0 721 1 -1 2 0 -2 1 -1 2 0 -2 1 -1 2 0 -2 1 -1 2 0 -2 1 -1 2 0 -2 1 -1 2 0 -2 1 -1 2 0 -2 1 -1 2 0 -2 1 -1 2 0 -2 1 -1 2 0 -2 1 -1 2 0 -2 1 -1 2 0 -2 1 -1 2 0 -2 1 -1 2 0 -2 1 -1 2 0 -2 1 -1 2 0 -2 1 -1 2 0 -2 1 -1 2 0 -2 1 -1 2 0 -2 1 -1 2 0 -2 1 -1 2 0 -2 1 -1 2 0 -2 1 -1 2 0 -2 1 -1 2 0 -2 1 -1 2 0 -2 1 -1 2 0 -2 1 -1 2 0 -2 1 -1 2 0 -2 1 -1 2 0 -2 1 -1 2 0 -2 1 -1 2 0 -2 1 -1 2 0 -2 1 -1 2 0 -2 1 -1 2 0 -2 1 -1 2 0 -2 1 -1 2 0 -2 1 -1 2 0 -2 1 -1 2 0 -2 1 -1 2 0 -2 1 -1 2 0 -2 1 -1 2 0 -2 1 -1 2 0 -2 1 -1 2 0 -2 1 -1 2 0 -2 1 -1 2 0 -2 1 -1 2 0 -2 1 -1 2 0 -2 1 -1 2 0 -2 1 -1 2 0 -2 1 -1 2 0 -2 1 -1 2 0 -2 1 -1 2 0 -2 1 -1 2 0 -2 1 -1 2 0 -2 1 -1 2 0 -2 1 -1 2 0 -2 1 -1 2 0 -2 1 -1 2 0 -2 1 -1 2 0 -2 1 -1 2 0 -2 1 -1 2 0 -2 1 -1 2 0 -2 1 -1 2 0 -2 1 -1 2 0 -2 1 -1 2 0 -2 1 -1 2 0 -2 1 -1 2 0 -2 1 -1 2 0 -2 1 -1 2 0 -2 1 -1 2 0 -2 1 -1 2 0 -2 1 -1 2 0 -2 1 -1 2 0 -2 1 -1 2 0 -2 1 -1 2 0 -2 1 -1 2 0 -2 1 -1 2 0 -2 1 -1 2 0 -2 1 -1 2 0 -2 1 -1 2 0 -2 1 -1 2 0 -2 1 -1 2 0 -2 1 -1 2 0 -2 1 -1 2 0 -2 1 -1 2 0 -2 1 -1 2 0 -2 1 -1 2 0 -2 1 -1 2 0 -2 1 -1 2 0 -2 1 -1 2 0 -2 1 -1 2 0 -2 1 -1 2 0 -2 1 -1 2 0 -2 1 -1 2 0 -2 1 -1 2 0 -2 1 -1 2 0 -2 1 -1 2 0 -2 1 -1 2 0 -2 1 -1 2 0 -2 1 -1 2 0 -2 1 -1 2 0 -2 1 -1 2 0 -2 1 -1 2 0 -2 1 -1 2 0 -2 1 -1 2 0 -2 1 -1 2 0 -2 1 -1 2 0 -2 1 -1 2 0 -2 1 -1 2 0 -2 1 -1 2 0 -2 1 -1 2 0 -2 1 -1 2 0 -2 1 -1 2 0
0 -1 -2 2 1 0 -1 -2 2 1 0 -1 -2 2 1 0 -1 -2 2 1 0 -1 -2 2 1 0 -1 -2 2 1 0 -1 -2 2 1 0 722 -2 2 1 0 -1 -2 2 1 0 -1 -2 2 1 0 -1 -2 2 1 0 -1 -2 2 1 0 -1 -2 2 1 0 -1 -2 2 1 0 -1 -2 2 1 0 -1 -2 2 1 0 -1 -2 2 1 0 -1 -2 2 1 0 -1 -2 2 1 0 -1 -2 2 1 0 -1 -2 2 1 0 -1 -2 2 1 0 -1 -2 2 1 0 -1 -2 2 1 0 -1 -2 2 1 0 -1 -2 2 1 0 -1 -2 2 1 0 -1 -2 2 1 0 -1 -2 2 1 0 -1 -2 2 1 0 -1 -2 2 1 0 -1 -2 2 1 0 -1 -2 2 1 0 -1 -2 2 1 0 -1 -2 2 1 0 -1 -2 2 1 0 -1 -2 2 1 0 -1 -2 2 1 0 -1 -2 2 1 0 -1 -2 2 1 0 -1 -2 2 1 0 -1 -2 2 1 0 -1 -2 2 1 0 -1 -2 2 1 0 -1 -2 2 1 0 -1 -2 2 1 0 -1 -2 2 1 0 -1 -2 2 1 0 -1 -2 2 1 0 -1 -2 2 1 0 -1 -2 2 1 0 -1 -2 2 1 0 -1 -2 2 1 0 -1 -2 2 1 0 -1 -2 2 1 0 -1 -2 2 1 0 -1 -2 2 1 0 -1 -2 2 1 0 -1 -2 2 1 0 -1 -2 2 1 0 -1 -2 2 1 0 -1 -2 2 1 0 -1 -2 2 1 0 -1 -2 2 1 0 -1 -2 2 1 0 -1 -2 2 1 0 -1 -2 2 1 0 -1 -2 2 1 0 -1 -2 2 1 0 -1 -2 2 1 0 -1 -2 2 1 0 -1 -2 2 1 0 -1 -2 2 1 0 -1 -2 2 1 0 -1 -2 2 1 0 -1 -2 2 1 0 -1 -2 2 1 0 -1 -2 2 1 0 -1 -2 2 1 0 -1 -2 2 1 0 -1 -2 2 1 0 -1 -2 2 1 0 -1 -2 2 1 0 -1 -2 2 1 0 -1 -2 2 1 0 -1 -2 2 1 0 -1 -2 2 1 0 -1 -2 2 1 0 -1 -2 2 1 0 -1 -2 2 1 0 -1 -2 2 1 0 -1 -2 2 1 0 -1 -2 2 1 0 -1 -2 2 1 0 -1 -2 2 1 0 -1 -2 2 1 0 -1 -2 2 1 0 -1 -2 2 1 0 -1 -2 2 1 0 -1 -2 2 1 0 -1 -2 2 1 0 -1 -2 2 1 0 -1 -2 2 1 0 -1 -2 2 1 0 -1 -2 2 1 0 -1 -2 2 1 0 -1 -2 2 1 0 -1 -2 2 1 0 -1 -2 2 1 0 -1 -2 2 1 0 -1 -2 2 1 0 -1 -2 2 1 0 -1 -2 2 1 0 -1 -2 2 1 0 -1 -2 2 1 0 -1 -2 2 1 0 -1 -2 2 1 0 -1 -2 2 1 0 -1 -2 2 1 0 -1 -2 2 1
2 2 2 2 2 2 2 2 2 2 2 2 2 2 2 2 2 2 2 2 2 2 2 2 2 2 2 2 2 2 2 2 2 2 2 2 2 1201 2 2 2 2 2 2 2 2 2 2 2 2 2 2 2 2 2 2 2 2 2 2 2 2 2 2 2 2 2 2 2 2 2 2 2 2 2 2 2 2 2 2 2 2 2 2 2 2 2 2 2 2 2 2 2 2 2 2 2 2 2 2 2 2 2 2 2 2 2 2 2 2 2 2 2 2 2 2 2 2 2 2 2 2 2 2 2 2 2 2 2 2 2 2 2 2 2 2 2 2 2 2 2 2 2 2 2 2 2 2 2 2 2 2 2 2 2 2 2 2 2 2 2 2 2 2 2 2 2 2 2 2 2 2 2 2 2 2 2 2 2 2 2 2 2 2 2 2 2 2 2 2 2 2 2 2 2 2 2 2 2 2 2 2 2 2 2 2 2 2 2 2 2 2 2 2 2 2 2 2 2 2 2 2 2 2 2 2 2 2 2 2 2 2 2 2 2 2 2 2 2 2 2 2 2 2 2 2 2 2 2 2 2 2 2 2 2 2 2 2 2 2 2 2 2 2 2 2 2 2 2 2 2 2 2 2 2 2 2 2 2 2 2 2 2 2 2 2 2 2 2 2 2 2 2 2 2 2 2 2 2 2 2 2 2 2 2 2 2 2 2 2 2 2 2 2 2 2 2 2 2 2 2 2 2 2 2 2 2 2 2 2 2 2 2 2 2 2 2 2 2 2 2 2 2 2 2 2 2 2 2 2 2 2 2 2 2 2 2 2 2 2 2 2 2 2 2 2 2 2 2 2 2 2 2 2 2 2 2 2 2 2 2 2 2 2 2 2 2 2 2 2 2 2 2 2 2 2 2 2 2 2 2 2 2 2 2 2 2 2 2 2 2 2 2 2 2 2 2 2 2 2 2 2 2 2 2 2 2 2 2 2 2 2 2 2 2 2 2 2 2 2 2 2 2 2 2 2 2 2 2 2 2 2 2 2 2 2 2 2 2 2 2 2 2 2 2 2 2 2 2 2 2 2 2 2 2 2 2 2 2 2 2 2 2 2 2 2 2 2 2 2 2 2 2 2 2 2 2 2 2 2 2 2 2 2 2 2 2 2 2 2 2 2 2 2 2 2 2 2 2 2 2 2 2 2 2 2 2 2 2 2 2 2 2 2 2 2 2 2 2 2 2 2 2 2 2 2 2 2 2 2 2 2 2 2 2 2 2 2 2 2 2 2 2 2 2 2 2 2 2 2 2 2 2 2 2 2 2 2 2 2 2 2 2 2 2 2 2 2 2 2 2 2 2 2 2 2 2 2 2 2
-1 0 1 2 -2 -1 0 1 2 -2 -1 0 1 2 -2 -1 0 1 2 -2 -1 0 1 2 -2 -1 0 1 2 -2 -1 0 1 2 -2 -1 0 1 721 -2 -1 0 1 2 -2 -1 0 1 2 -2 -1 0 1 2 -2 -1 0 1 2 -2 -1 0 1 2 -2 -1 0 1 2 -2 -1 0 1 2 -2 -1 0 1 2 -2 -1 0 1 2 -2 -1 0 1 2 -2 -1 0 1 2 -2 -1 0 1 2 -2 -1 0 1 2 -2 -1 0 1 2 -2 -1 0 1 2 -2 -1 0 1 2 -2 -1 0 1 2 -2 -1 0 1 2 -2 -1 0 1 2 -2 -1 0 1 2 -2 -1 0 1 2 -2 -1 0 1 2 -2 -1 0 1 2 -2 -1 0 1 2 -2 -1 0 1 2 -2 -1 0 1 2 -2 -1 0 1 2 -2 -1 0 1 2 -2 -1 0 1 2 -2 -1 0 1 2 -2 -1 0 1 2 -2 -1 0 1 2 -2 -1 0 1 2 -2 -1 0 1 2 -2 -1 0 1 2 -2 -1 0 1 2 -2 -1 0 1 2 -2 -1 0 1 2 -2 -1 0 1 2 -2 -1 0 1 2 -2 -1 0 1 2 -2 -1 0 1 2 -2 -1 0 1 2 -2 -1 0 1 2 -2 -1 0 1 2 -2 -1 0 1 2 -2 -1 0 1 2 -2 -1 0 1 2 -2 -1 0 1 2 -2 -1 0 1 2 -2 -1 0 1 2 -2 -1 0 1 2 -2 -1 0 1 2 -2 -1 0 1 2 -2 -1 0 1 2 -2 -1 0 1 2 -2 -1 0 1 2 -2 -1 0 1 2 -2 -1 0 1 2 -2 -1 0 1 2 -2 -1 0 1 2 -2 -1 0 1 2 -2 -1 0 1 2 -2 -1 0 1 2 -2 -1 0 1 2 -2 -1 0 1 2 -2 -1 0 1 2 -2 -1 0 1 2 -2 -1 0 1 2 -2 -1 0 1 2 -2 -1 0 1 2 -2 -1 0 1 2 -2 -1 0 1 2 -2 -1 0 1 2 -2 -1 0 1 2 -2 -1 0 1 2 -2 -1 0 1 2 -2 -1 0 1 2 -2 -1 0 1 2 -2 -1 0 1 2 -2 -1 0 1 2 -2 -1 0 1 2 -2 -1 0 1 2 -2 -1 0 1 2 -2 -1 0 1 2 -2 -1 0 1 2 -2 -1 0 1 2 -2 -1 0 1 2 -2 -1 0 1 2 -2 -1 0 1 2 -2 -1 0 1 2 -2 -1 0 1 2 -2 -1 0 1 2 -2 -1 0 1 2 -2 -1 0 1 2 -2 -1 0 1 2 -2 -1 0 1 2 -2 -1 0 1 2 -2 -1 0 1 2 -2 -1 0 1 2 -2 -1 0 1 2 -2 -1 0 1 2 -2 -1 0 1 2 -2 -1 0 1 2 -2 -1 0 1 2 -2 -1 0 1 2 -2 -1 0 1 2 -2 -1 0 1 2 -2 -1 0 1 2 -2 -1 0 1 2 -2 -1 0 1 2 -2 -1 0 1 2 -2
1 -2 0 2 -1 1 -2 0 2 -1 1 -2 0 2 -1 1 -2 0 2 -1 1 -2 0 2 -1 1 -2 0 2 -1 1 -2 0 2 -1 1 -2 0 2 722 1 -2 0 2 -1 1 -2 0 2 -1 1 -2 0 2 -1 1 -2 0 2 -1 1 -2 0 2 -1 1 -2 0 2 -1 1 -2 0 2 -1 1 -2 0 2 -1 1 -2 0 2 -1 1 -2 0 2 -1 1 -2 0 2 -1 1 -2 0 2 -1 1 -2 0 2 -1 1 -2 0 2 -1 1 -2 0 2 -1 1 -2 0 2 -1 1 -2 0 2 -1 1 -2 0 2 -1 1 -2 0 2 -1 1 -2 0 2 -1 1 -2 0 2 -1 1 -2 0 2 -1 1 -2 0 2 -1 1 -2 0 2 -1 1 -2 0 2 -1 1 -2 0 2 -1 1 -2 0 2 -1 1 -2 0 2 -1 1 -2 0 2 -1 1 -2 0 2 -1 1 -2 0 2 -1 1 -2 0 2 -1 1 -2 0 2 -1 1 -2 0 2 -1 1 -2 0 2 -1 1 -2 0 2 -1 1 -2 0 2 -1 1 -2 0 2 -1 1 -2 0 2 -1 1 -2 0 2 -1 1 -2 0 2 -1 1 -2 0 2 -1 1 -2 0 2 -1 1 -2 0 2 -1 1 -2 0 2 -1 1 -2 0 2 -1 1 -2 0 2 -1 1 -2 0 2 -1 1 -2 0 2 -1 1 -2 0 2 -1 1 -2 0 2 -1 1 -2 0 2 -1 1 -2 0 2 -1 1 -2 0 2 -1 1 -2 0 2 -1 1 -2 0 2 -1 1 -2 0 2 -1 1 -2 0 2 -1 1 -2 0 2 -1 1 -2 0 2 -1 1 -2 0 2 -1 1 -2 0 2 -1 1 -2 0 2 -1 1 -2 0 2 -1 1 -2 0 2 -1 1 -2 0 2 -1 1 -2 0 2 -1 1 -2 0 2 -1 1 -2 0 2 -1 1 -2 0 2 -1 1 -2 0 2 -1 1 -2 0 2 -1 1 -2 0 2 -1 1 -2 0 2 -1 1 -2 0 2 -1 1 -2 0 2 -1 1 -2 0 2 -1 1 -2 0 2 -1 1 -2 0 2 -1 1 -2 0 2 -1 1 -2 0 2 -1 1 -2 0 2 -1 1 -2 0 2 -1 1 -2 0 2 -1 1 -2 0 2 -1 1 -2 0 2 -1 1 -2 0 2 -1 1 -2 0 2 -1 1 -2 0 2 -1 1 -2 0 2 -1 1 -2 0 2 -1 1 -2 0 2 -1 1 -2 0 2 -1 1 -2 0 2 -1 1 -2 0 2 -1 1 -2 0 2 -1 1 -2 0 2 -1 1 -2 0 2 -1 1 -2 0 2 -1 1 -2 0 2 -1 1 -2 0 2 -1 1 -2 0 2 -1 1 -2 0 2 -1 1 -2 0 2 -1 1 -2 0 2 -1 1 -2 0 2 -1 1 -2 0 2 -1 1 -2 0 2 -1 1 -2 0 2 -1 1 -2 0 2 -1 1 -2 0 2 -1 1 -2 0 2 -1
-2 1 -1 2 0 -2 1 -1 2 0 -2 1 -1 2 0 -2 1 -1 2 0 -2 1 -1 2 0 -2 1 -1 2 0 -2 1 -1 2 0 -2 1 -1 2 0 721 1 -1 2 0 -2 1 -1 2 0 -2 1 -1 2 0 -2 1 -1 2 0 -2 1 -1 2 0 -2 1 -1 2 0 -2 1 -1 2 0 -2 1 -1 2 0 -2 1 -1 2 0 -2 1 -1 2 0 -2 1 -1 2 0 -2 1 -1 2 0 -2 1 -1 2 0 -2 1 -1 2 0 -2 1 -1 2 0 -2 1 -1 2 0 -2 1 -1 2 0 -2 1 -1 2 0 -2 1 -1 2 0 -2 1 -1 2 0 -2 1 -1 2 0 -2 1 -1 2 0 -2 1 -1 2 0 -2 1 -1 2 0 -2 1 -1 2 0 -2 1 -1 2 0 -2 1 -1 2 0 -2 1 -1 2 0 -2 1 -1 2 0 -2 1 -1 2 0 -2 1 -1 2 0 -2 1 -1 2 0 -2 1 -1 2 0 -2 1 -1 2 0 -2 1 -1 2 0 -2 1 -1 2 0 -2 1 -1 2 0 -2 1 -1 2 0 -2 1 -1 2 0 -2 1 -1 2 0 -2 1 -1 2 0 -2 1 -1 2 0 -2 1 -1 2 0 -2 1 -1 2 0 -2 1 -1 2 0 -2 1 -1 2 0 -2 1 -1 2 0 -2 1 -1 2 0 -2 1 -1 2 0 -2 1 -1 2 0 -2 1 -1 2 0 -2 1 -1 2 0 -2 1 -1 2 0 -2 1 -1 2 0 -2 1 -1 2 0 -2 1 -1 2 0 -2 1 -1 2 0 -2 1 -1 2 0 -2 1 -1 2 0 -2 1 -1 2 0 -2 1 -1 2 0 -2 1 -1 2 0 -2 1 -1 2 0 -2 1 -1 2 0 -2 1 -1 2 0 -2 1 -1 2 0 -2 1 -1 2 0 -2 1 -1 2 0 -2 1 -1 2 0 -2 1 -1 2 0 -2 1 -1 2 0 -2 1 -1 2 0 -2 1 -1 2 0 -2 1 -1 2 0 -2 1 -1 2 0 -2 1 -1 2 0 -2 1 -1 2 0 -2 1 -1 2 0 -2 1 -1 2 0 -2 1 -1 2 0 -2 1 -1 2 0 -2 1 -1 2 0 -2 1 -1 2 0 -2 1 -1 2 0 -2 1 -1 2 0 -2 1 -1 2 0 -2 1 -1 2 0 -2 1 -1 2 0 -2 1 -1 2 0 -2 1 -1 2 0 -2 1 -1 2 0 -2 1 -1 2 0 -2 1 -1 2 0 -2 1 -1 2 0 -2 1 -1 2 0 -2 1 -1 2 0 -2 1 -1 2 0 -2 1 -1 2 0 -2 1 -1 2 0 -2 1 -1 2 0 -2 1 -1 2 0 -2 1 -1 2 0 -2 1 -1 2 0 -2 1 -1 2 0 -2 1 -1 2 0 -2 1 -1 2 0 -2 1 -1 2 0 -2 1 -1 2 0 -2 1 -1 2 0 -2 1 -1 2 0 -2 1 -1 2 0 -2 1 -1 2 0
0 -1 -2 2 1 0 -1 -2 2 1 0 -1 -2 2 1 0 -1 -2 2 1 0 -1 -2 2 1 0 -1 -2 2 1 0 -1 -2 2 1 0 -1 -2 2 1 0 722 -2 2 1 0 -1 -2 2 1 0 -1 -2 2 1 0 -1 -2 2 1 0 -1 -2 2 1 0 -1 -2 2 1 0 -1 -2 2 1 0 -1 -2 2 1 0 -1 -2 2 1 0 -1 -2 2 1 0 -1 -2 2 1 0 -1 -2 2 1 0 -1 -2 2 1 0 -1 -2 2 1 0 -1 -2 2 1 0 -1 -2 2 1 0 -1 -2 2 1 0 -1 -2 2 1 0 -1 -2 2 1 0 -1 -2 2 1 0 -1 -2 2 1 0 -1 -2 2 1 0 -1 -2 2 1 0 -1 -2 2 1 0 -1 -2 2 1 0 -1 -2 2 1 0 -1 -2 2 1 0 -1 -2 2 1 0 -1 -2 2 1 0 -1 -2 2 1 0 -1 -2 2 1 0 -1 -2 2 1 0 -1 -2 2 1 0 -1 -2 2 1 0 -1 -2 2 1 0 -1 -2 2 1 0 -1 -2 2 1 0 -1 -2 2 1 0 -1 -2 2 1 0 -1 -2 2 1 0 -1 -2 2 1 0 -1 -2 2 1 0 -1 -2 2 1 0 -1 -2 2 1 0 -1 -2 2 1 0 -1 -2 2 1 0 -1 -2 2 1 0 -1 -2 2 1 0 -1 -2 2 1 0 -1 -2 2 1 0 -1 -2 2 1 0 -1 -2 2 1 0 -1 -2 2 1 0 -1 -2 2 1 0 -1 -2 2 1 0 -1 -2 2 1 0 -1 -2 2 1 0 -1 -2 2 1 0 -1 -2 2 1 0 -1 -2 2 1 0 -1 -2 2 1 0 -1 -2 2 1 0 -1 -2 2 1 0 -1 -2 2 1 0 -1 -2 2 1 0 -1 -2 2 1 0 -1 -2 2 1 0 -1 -2 2 1 0 -1 -2 2 1 0 -1 -2 2 1 0 -1 -2 2 1 0 -1 -2 2 1 0 -1 -2 2 1 0 -1 -2 2 1 0 -1 -2 2 1 0 -1 -2 2 1 0 -1 -2 2 1 0 -1 -2 2 1 0 -1 -2 2 1 0 -1 -2 2 1 0 -1 -2 2 1 0 -1 -2 2 1 0 -1 -2 2 1 0 -1 -2 2 1 0 -1 -2 2 1 0 -1 -2 2 1 0 -1 -2 2 1 0 -1 -2 2 1 0 -1 -2 2 1 0 -1 -2 2 1 0 -1 -2 2 1 0 -1 -2 2 1 0 -1 -2 2 1 0 -1 -2 2 1 0 -1 -2 2 1 0 -1 -2 2 1 0 -1 -2 2 1 0 -1 -2 2 1 0 -1 -2 2 1 0 -1 -2 2 1 0 -1 -2 2 1 0 -1 -2 2 1 0 -1 -2 2 1 0 -1 -2 2 1 0 -1 -2 2 1 0 -1 -2 2 1 0 -1 -2 2 1 0 -1 -2 2 1 0 -1 -2 2 1 0 -1 -2 2 1 0 -1 -2 2 1 0 -1 -2 2 1
2 2 2 2 2 2 2 2 2 2 2 2 2 2 2 2 2 2 2 2 2 2 2 2 2 2 2 2 2 2 2 2 2 2 2 2 2 2 2 2 2 2 1201 2 2 2 2 2 2 2 2 2 2 2 2 2 2 2 2 2 2 2 2 2 2 2 2 2 2 2 2 2 2 2 2 2 2 2 2 2 2 2 2 2 2 2 2 2 2 2 2 2 2 2 2 2 2 2 2 2 2 2 2 2 2 2 2 2 2 2 2 2 2 2 2 2 2 2 2 2 2 2 2 2 2 2 2 2 2 2 2 2 2 2 2 2 2 2 2 2 2 2 2 2 2 2 2 2 2 2 2 2 2 2 2 2 2 2 2 2 2 2 2 2 2 2 2 2 2 2 2 2 2 2 2 2 2 2 2 2 2 2 2 2 2 2 2 2 2 2 2 2 2 2 2 2 2 2 2 2 2 2 2 2 2 2 2 2 2 2 2 2 2 2 2 2 2 2 2 2 2 2 2 2 2 2 2 2 2 2 2 2 2 2 2 2 2 2 2 2 2 2 2 2 2 2 2 2 2 2 2 2 2 2 2 2 2 2 2 2 2 2 2 2 2 2 2 2 2 2 2 2 2 2 2 2 2 2 2 2 2 2 2 2 2 2 2 2 2 2 2 2 2 2 2 2 2 2 2 2 2 2 2 2 2 2 2 2 2 2 2 2 2 2 2 2 2 2 2 2 2 2 2 2 2 2 2 2 2 2 2 2 2 2 2 2 2 2 2 2 2 2 2 2 2 2 2 2 2 2 2 2 2 2 2 2 2 2 2 2 2 2 2 2 2 2 2 2 2 2 2 2 2 2 2 2 2 2 2 2 2 2 2 2 2 2 2 2 2 2 2 2 2 2 2 2 2 2 2 2 2 2 2 2 2 2 2 2 2 2 2 2 2 2 2 2 2 2 2 2 2 2 2 2 2 2 2 2 2 2 2 2 2 2 2 2 2 2 2 2 2 2 2 2 2 2 2 2 2 2 2 2 2 2 2 2 2 2 2 2 2 2 2 2 2 2 2 2 2 2 2 2 2 2 2 2 2 2 2 2 2 2 2 2 2 2 2 2 2 2 2 2 2 2 2 2 2 2 2 2 2 2 2 2 2 2 2 2 2 2 2 2 2 2 2 2 2 2 2 2 2 2 2 2 2 2 2 2 2 2 2 2 2 2 2 2 2 2 2 2 2 2 2 2 2 2 2 2 2 2 2 2 2 2 2 2 2 2 2 2 2 2 2 2 2 2 2 2 2 2 2 2 2 2 2 2 2 2 2 2 2 2 2 2 2 2 2 2 2 2 2 2 2 2 2 2 2 2 2 2
-1 0 1 2 -2 -1 0 1 2 -2 -1 0 1 2 -2 -1 0 1 2 -2 -1 0 1 2 -2 -1 0 1 2 -2 -1 0 1 2 -2 -1 0 1 2 -2 -1 0 1 721 -2 -1 0 1 2 -2 -1 0 1 2 -2 -1 0 1 2 -2 -1 0 1 2 -2 -1 0 1 2 -2 -1 0 1 2 -2 -1 0 1 2 -2 -1 0 1 2 -2 -1 0 1 2 -2 -1 0 1 2 -2 -1 0 1 2 -2 -1 0 1 2 -2 -1 0 1 2 -2 -1 0 1 2 -2 -1 0 1 2 -2 -1 0 1 2 -2 -1 0 1 2 -2 -1 0 1 2 -2 -1 0 1 2 -2 -1 0 1 2 -2 -1 0 1 2 -2 -1 0 1 2 -2 -1 0 1 2 -2 -1 0 1 2 -2 -1 0 1 2 -2 -1 0 1 2 -2 -1 0 1 2 -2 -1 0 1 2 -2 -1 0 1 2 -2 -1 0 1 2 -2 -1 0 1 2 -2 -1 0 1 2 -2 -1 0 1 2 -2 -1 0 1 2 -2 -1 0 1 2 -2 -1 0 1 2 -2 -1 0 1 2 -2 -1 0 1 2 -2 -1 0 1 2 -2 -1 0 1 2 -2 -1 0 1 2 -2 -1 0 1 2 -2 -1 0 1 2 -2 -1 0 1 2 -2 -1 0 1 2 -2 -1 0 1 2 -2 -1 0 1 2 -2 -1 0 1 2 -2 -1 0 1 2 -2 -1 0 1 2 -2 -1 0 1 2 -2 -1 0 1 2 -2 -1 0 1 2 -2 -1 0 1 2 -2 -1 0 1 2 -2 -1 0 1 2 -2 -1 0 1 2 -2 -1 0 1 2 -2 -1 0 1 2 -2 -1 0 1 2 -2 -1 0 1 2 -2 -1 0 1 2 -2 -1 0 1 2 -2 -1 0 1 2 -2 -1 0 1 2 -2 -1 0 1 2 -2 -1 0 1 2 -2 -1 0 1 2 -2 -1 0 1 2 -2 -1 0 1 2 -2 -1 0 1 2 -2 -1 0 1 2 -2 -1 0 1 2 -2 -1 0 1 2 -2 -1 0 1 2 -2 -1 0 1 2 -2 -1 0 1 2 -2 -1 0 1 2 -2 -1 0 1 2 -2 -1 0 1 2 -2 -1 0 1 2 -2 -1 0 1 2 -2 -1 0 1 2 -2 -1 0 1 2 -2 -1 0 1 2 -2 -1 0 1 2 -2 -1 0 1 2 -2 -1 0 1 2 -2 -1 0 1 2 -2 -1 0 1 2 -2 -1 0 1 2 -2 -1 0 1 2 -2 -1 0 1 2 -2 -1 0 1 2 -2 -1 0 1 2 -2 -1 0 1 2 -2 -1 0 1 2 -2 -1 0 1 2 -2 -1 0 1 2 -2 -1 0 1 2 -2 -1 0 1 2 -2 -1 0 1 2 -2 -1 0 1 2 -2 -1 0 1 2 -2 -1 0 1 2 -2 -1 0 1 2 -2 -1 0 1 2 -2 -1 0 1 2 -2 -1 0 1 2 -2 -1 0 1 2 -2 -1 0 1 2 -2
1 -2 0 2 -1 1 -2 0 2 -1 1 -2 0 2 -1 1 -2 0 2 -1 1 -2 0 2 -1 1 -2 0 2 -1 1 -2 0 2 -1 1 -2 0 2 -1 1 -2 0 2 722 1 -2 0 2 -1 1 -2 0 2 -1 1 -2 0 2 -1 1 -2 0 2 -1 1 -2 0 2 -1 1 -2 0 2 -1 1 -2 0 2 -1 1 -2 0 2 -1 1 -2 0 2 -1 1 -2 0 2 -1 1 -2 0 2 -1 1 -2 0 2 -1 1 -2 0 2 -1 1 -2 0 2 -1 1 -2 0 2 -1 1 -2 0 2 -1 1 -2 0 2 -1 1 -2 0 2 -1 1 -2 0 2 -1 1 -2 0 2 -1 1 -2 0 2 -1 1 -2 0 2 -1 1 -2 0 2 -1 1 -2 0 2 -1 1 -2 0 2 -1 1 -2 0 2 -1 1 -2 0 2 -1 1 -2 0 2 -1 1 -2 0 2 -1 1 -2 0 2 -1 1 -2 0 2 -1 1 -2 0 2 -1 1 -2 0 2 -1 1 -2 0 2 -1 1 -2 0 2 -1 1 -2 0 2 -1 1 -2 0 2 -1 1 -2 0 2 -1 1 -2 0 2 -1 1 -2 0 2 -1 1 -2 0 2 -1 1 -2 0 2 -1 1 -2 0 2 -1 1 -2 0 2 -1 1 -2 0 2 -1 1 -2 0 2 -1 1 -2 0 2 -1 1 -2 0 2 -1 1 -2 0 2 -1 1 -2 0 2 -1 1 -2 0 2 -1 1 -2 0 2 -1 1 -2 0 2 -1 1 -2 0 2 -1 1 -2 0 2 -1 1 -2 0 2 -1 1 -2 0 2 -1 1 -2 0 2 -1 1 -2 0 2 -1 1 -2 0 2 -1 1 -2 0 2 -1 1 -2 0 2 -1 1 -2 0 2 -1 1 -2 0 2 -1 1 -2 0 2 -1 1 -2 0 2 -1 1 -2 0 2 -1 1 -2 0 2 -1 1 -2 0 2 -1 1 -2 0 2 -1 1 -2 0 2 -1 1 -2 0 2 -1 1 -2 0 2 -1 1 -2 0 2 -1 1 -2 0 2 -1 1 -2 0 2 -1 1 -2 0 2 -1 1 -2 0 2 -1 1 -2 0 2 -1 1 -2 0 2 -1 1 -2 0 2 -1 1 -2 0 2 -1 1 -2 0 2 -1 1 -2 0 2 -1 1 -2 0 2 -1 1 -2 0 2 -1 1 -2 0 2 -1 1 -2 0 2 -1 1 -2 0 2 -1 1 -2 0 2 -1 1 -2 0 2 -1 1 -2 0 2 -1 1 -2 0 2 -1 1 -2 0 2 -1 1 -2 0 2 -1 1 -2 0 2 -1 1 -2 0 2 -1 1 -2 0 2 -1 1 -2 0 2 -1 1 -2 0 2 -1 1 -2 0 2 -1 1 -2 0 2 -1 1 -2 0 2 -1 1 -2 0 2 -1 1 -2 0 2 -1 1 -2 0 2 -1 1 -2 0 2 -1 1 -2 0 2 -1 1 -2 0 2 -1 1 -2 0 2 -1 1 -2 0 2 -1
-2 1 -1 2 0 -2 1 -1 2 0 -2 1 -1 2 0 -2 1 -1 2 0 -2 1 -1 2 0 -2 1 -1 2 0 -2 1 -1 2 0 -2 1 -1 2 0 -2 1 -1 2 0 721 1 -1 2 0 -2 1 -1 2 0 -2 1 -1 2 0 -2 1 -1 2 0 -2 1 -1 2 0 -2 1 -1 2 0 -2 1 -1 2 0 -2 1 -1 2 0 -2 1 -1 2 0 -2 1 -1 2 0 -2 1 -1 2 0 -2 1 -1 2 0 -2 1 -1 2 0 -2 1 -1 2 0 -2 1 -1 2 0 -2 1 -1 2 0 -2 1 -1 2 0 -2 1 -1 2 0 -2 1 -1 2 0 -2 1 -1 2 0 -2 1 -1 2 0 -2 1 -1 2 0 -2 1 -1 2 0 -2 1 -1 2 0 -2 1 -1 2 0 -2 1 -1 2 0 -2 1 -1 2 0 -2 1 -1 2 0 -2 1 -1 2 0 -2 1 -1 2 0 -2 1 -1 2 0 -2 1 -1 2 0 -2 1 -1 2 0 -2 1 -1 2 0 -2 1 -1 2 0 -2 1 -1 2 0 -2 1 -1 2 0 -2 1 -1 2 0 -2 1 -1 2 0 -2 1 -1 2 0 -2 1 -1 2 0 -2 1 -1 2 0 -2 1 -1 2 0 -2 1 -1 2 0 -2 1 -1 2 0 -2 1 -1 2 0 -2 1 -1 2 0 -2 1 -1 2 0 -2 1 -1 2 0 -2 1 -1 2 0 -2 1 -1 2 0 -2 1 -1 2 0 -2 1 -1 2 0 -2 1 -1 2 0 -2 1 -1 2 0 -2 1 -1 2 0 -2 1 -1 2 0 -2 1 -1 2 0 -2 1 -1 2 0 -2 1 -1 2 0 -2 1 -1 2 0 -2 1 -1 2 0 -2 1 -1 2 0 -2 1 -1 2 0 -2 1 -1 2 0 -2 1 -1 2 0 -2 1 -1 2 0 -2 1 -1 2 0 -2 1 -1 2 0 -2 1 -1 2 0 -2 1 -1 2 0 -2 1 -1 2 0 -2 1 -1 2 0 -2 1 -1 2 0 -2 1 -1 2 0 -2 1 -1 2 0 -2 1 -1 2 0 -2 1 -1 2 0 -2 1 -1 2 0 -2 1 -1 2 0 -2 1 -1 2 0 -2 1 -1 2 0 -2 1 -1 2 0 -2 1 -1 2 0 -2 1 -1 2 0 -2 1 -1 2 0 -2 1 -1 2 0 -2 1 -1 2 0 -2 1 -1 2 0 -2 1 -1 2 0 -2 1 -1 2 0 -2 1 -1 2 0 -2 1 -1 2 0 -2 1 -1 2 0 -2 1 -1 2 0 -2 1 -1 2 0 -2 1 -1 2 0 -2 1 -1 2 0 -2 1 -1 2 0 -2 1 -1 2 0 -2 1 -1 2 0 -2 1 -1 2 0 -2 1 -1 2 0 -2 1 -1 2 0 -2 1 -1 2 0 -2 1 -1 2 0 -2 1 -1 2 0 -2 1 -1 2 0 -2 1 -1 2 0 -2 1 -1 2 0 -2 1 -1 2 0
0 -1 -2 2 1 0 -1 -2 2 1 0 -1 -2 2 1 0 -1 -2 2 1 0 -1 -2 2 1 0 -1 -2 2 1 0 -1 -2 2 1 0 -1 -2 2 1 0 -1 -2 2 1 0 722 -2 2 1 0 -1 -2 2 1 0 -1 -2 2 1 0 -1 -2 2 1 0 -1 -2 2 1 0 -1 -2 2 1 0 -1 -2 2 1 0 -1 -2 2 1 0 -1 -2 2 1 0 -1 -2 2 1 0 -1 -2 2 1 0 -1 -2 2 1 0 -1 -2 2 1 0 -1 -2 2 1 0 -1 -2 2 1 0 -1 -2 2 1 0 -1 -2 2 1 0 -1 -2 2 1 0 -1 -2 2 1 0 -1 -2 2 1 0 -1 -2 2 1 0 -1 -2 2 1 0 -1 -2 2 1 0 -1 -2 2 1 0 -1 -2 2 1 0 -1 -2 2 1 0 -1 -2 2 1 0 -1 -2 2 1 0 -1 -2 2 1 0 -1 -2 2 1 0 -1 -2 2 1 0 -1 -2 2 1 0 -1 -2 2 1 0 -1 -2 2 1 0 -1 -2 2 1 0 -1 -2 2 1 0 -1 -2 2 1 0 -1 -2 2 1 0 -1 -2 2 1 0 -1 -2 2 1 0 -1 -2 2 1 0 -1 -2 2 1 0 -1 -2 2 1 0 -1 -2 2 1 0 -1 -2 2 1 0 -1 -2 2 1 0 -1 -2 2 1 0 -1 -2 2 1 0 -1 -2 2 1 0 -1 -2 2 1 0 -1 -2 2 1 0 -1 -2 2 1 0 -1 -2 2 1 0 -1 -2 2 1 0 -1 -2 2 1 0 -1 -2 2 1 0 -1 -2 2 1 0 -1 -2 2 1 0 -1 -2 2 1 0 -1 -2 2 1 0 -1 -2 2 1 0 -1 -2 2 1 0 -1 -2 2 1 0 -1 -2 2 1 0 -1 -2 2 1 0 -1 -2 2 1 0 -1 -2 2 1 0 -1 -2 2 1 0 -1 -2 2 1 0 -1 -2 2 1 0 -1 -2 2 1 0 -1 -2 2 1 0 -1 -2 2 1 0 -1 -2 2 1 0 -1 -2 2 1 0 -1 -2 2 1 0 -1 -2 2 1 0 -1 -2 2 1 0 -1 -2 2 1 0 -1 -2 2 1 0 -1 -2 2 1 0 -1 -2 2 1 0 -1 -2 2 1 0 -1 -2 2 1 0 -1 -2 2 1 0 -1 -2 2 1 0 -1 -2 2 1 0 -1 -2 2 1 0 -1 -2 2 1 0 -1 -2 2 1 0 -1 -2 2 1 0 -1 -2 2 1 0 -1 -2 2 1 0 -1 -2 2 1 0 -1 -2 2 1 0 -1 -2 2 1 0 -1 -2 2 1 0 -1 -2 2 1 0 -1 -2 2 1 0 -1 -2 2 1 0 -1 -2 2 1 0 -1 -2 2 1 0 -1 -2 2 1 0 -1 -2 2 1 0 -1 -2 2 1 0 -1 -2 2 1 0 -1 -2 2 1 0 -1 -2 2 1 0 -1 -2 2 1 0 -1 -2 2 1 0 -1 -2 2 1
2 2 2 2 2 2 2 2 2 2 2 2 2 2 2 2 2 2 2 2 2 2 2 2 2 2 2 2 2 2 2 2 2 2 2 2 2 2 2 2 2 2 2 2 2 2 2 1201 2 2 2 2 2 2 2 2 2 2 2 2 2 2 2 2 2 2 2 2 2 2 2 2 2 2 2 2 2 2 2 2 2 2 2 2 2 2 2 2 2 2 2 2 2 2 2 2 2 2 2 2 2 2 2 2 2 2 2 2 2 2 2 2 2 2 2 2 2 2 2 2 2 2 2 2 2 2 2 2 2 2 2 2 2 2 2 2 2 2 2 2 2 2 2 2 2 2 2 2 2 2 2 2 2 2 2 2 2 2 2 2 2 2 2 2 2 2 2 2 2 2 2 2 2 2 2 2 2 2 2 2 2 2 2 2 2 2 2 2 2 2 2 2 2 2 2 2 2 2 2 2 2 2 2 2 2 2 2 2 2 2 2 2 2 2 2 2 2 2 2 2 2 2 2 2 2 2 2 2 2 2 2 2 2 2 2 2 2 2 2 2 2 2 2 2 2 2 2 2 2 2 2 2 2 2 2 2 2 2 2 2 2 2 2 2 2 2 2 2 2 2 2 2 2 2 2 2 2 2 2 2 2 2 2 2 2 2 2 2 2 2 2 2 2 2 2 2 2 2 2 2 2 2 2 2 2 2 2 2 2 2 2 2 2 2 2 2 2 2 2 2 2 2 2 2 2 2 2 2 2 2 2 2 2 2 2 2 2 2 2 2 2 2 2 2 2 2 2 2 2 2 2 2 2 2 2 2 2 2 2 2 2 2 2 2 2 2 2 2 2 2 2 2 2 2 2 2 2 2 2 2 2 2 2 2 2 2 2 2 2 2 2 2 2 2 2 2 2 2 2 2 2 2 2 2 2 2 2 2 2 2 2 2 2 2 2 2 2 2 2 2 2 2 2 2 2 2 2 2 2 2 2 2 2 2 2 2 2 2 2 2 2 2 2 2 2 2 2 2 2 2 2 2 2 2 2 2 2 2 2 2 2 2 2 2 2 2 2 2 2 2 2 2 2 2 2 2 2 2 2 2 2 2 2 2 2 2 2 2 2 2 2 2 2 2 2 2 2 2 2 2 2 2 2 2 2 2 2 2 2 2 2 2 2 2 2 2 2 2 2 2 2 2 2 2 2 2 2 2 2 2 2 2 2 2 2 2 2 2 2 2 2 2 2 2 2 2 2 2 2 2 2 2 2 2 2 2 2 2 2 2 2 2 2 2 2 2 2 2 2 2 2 2 2 2 2 2 2 2 2 2 2 2 2 2 2 2 2 2 2 2 2 2 2 2 2 2 2 2 2 2
-1 0 1 2 -2 -1 0 1 2 -2 -1 0 1 2 -2 -1 0 1 2 -2 -1 0 1 2 -2 -1 0 1 2 -2 -1 0 1 2 -2 -1 0 1 2 -2 -1 0 1 2 -2 -1 0 1 721 -2 -1 0 1 2 -2 -1 0 1 2 -2 -1 0 1 2 -2 -1 0 1 2 -2 -1 0 1 2 -2 -1 0 1 2 -2 -1 0 1 2 -2 -1 0 1 2 -2 -1 0 1 2 -2 -1 0 1 2 -2 -1 0 1 2 -2 -1 0 1 2 -2 -1 0 1 2 -2 -1 0 1 2 -2 -1 0 1 2 -2 -1 0 1 2 -2 -1 0 1 2 -2 -1 0 1 2 -2 -1 0 1 2 -2 -1 0 1 2 -2 -1 0 1 2 -2 -1 0 1 2 -2 -1 0 1 2 -2 -1 0 1 2 -2 -1 0 1 2 -2 -1 0 1 2 -2 -1 0 1 2 -2 -1 0 1 2 -2 -1 0 1 2 -2 -1 0 1 2 -2 -1 0 1 2 -2 -1 0 1 2 -2 -1 0 1 2 -2 -1 0 1 2 -2 -1 0 1 2 -2 -1 0 1 2 -2 -1 0 1 2 -2 -1 0 1 2 -2 -1 0 1 2 -2 -1 0 1 2 -2 -1 0 1 2 -2 -1 0 1 2 -2 -1 0 1 2 -2 -1 0 1 2 -2 -1 0 1 2 -2 -1 0 1 2 -2 -1 0 1 2 -2 -1 0 1 2 -2 -1 0 1 2 -2 -1 0 1 2 -2 -1 0 1 2 -2 -1 0 1 2 -2 -1 0 1 2 -2 -1 0 1 2 -2 -1 0 1 2 -2 -1 0 1 2 -2 -1 0 1 2 -2 -1 0 1 2 -2 -1 0 1 2 -2 -1 0 1 2 -2 -1 0 1 2 -2 -1 0 1 2 -2 -1 0 1 2 -2 -1 0 1 2 -2 -1 0 1 2 -2 -1 0 1 2 -2 -1 0 1 2 -2 -1 0 1 2 -2 -1 0 1 2 -2 -1 0 1 2 -2 -1 0 1 2 -2 -1 0 1 2 -2 -1 0 1 2 -2 -1 0 1 2 -2 -1 0 1 2 -2 -1 0 1 2 -2 -1 0 1 2 -2 -1 0 1 2 -2 -1 0 1 2 -2 -1 0 1 2 -2 -1 0 1 2 -2 -1 0 1 2 -2 -1 0 1 2 -2 -1 0 1 2 -2 -1 0 1 2 -2 -1 0 1 2 -2 -1 0 1 2 -2 -1 0 1 2 -2 -1 0 1 2 -2 -1 0 1 2 -2 -1 0 1 2 -2 -1 0 1 2 -2 -1 0 1 2 -2 -1 0 1 2 -2 -1 0 1 2 -2 -1 0 1 2 -2 -1 0 1 2 -2 -1 0 1 2 -2 -1 0 1 2 -2 -1 0 1 2 -2 -1 0 1 2 -2 -1 0 1 2 -2 -1 0 1 2 -2 -1 0 1 2 -2 -1 0 1 2 -2 -1 0 1 2 -2 -1 0 1 2 -2 -1 0 1 2 -2 -1 0 1 2 -2 -1 0 1 2 -2
1 -2 0 2 -1 1 -2 0 2 -1 1 -2 0 2 -1 1 -2 0 2 -1 1 -2 0 2 -1 1 -2 0 2 -1 1 -2 0 2 -1 1 -2 0 2 -1 1 -2 0 2 -1 1 -2 0 2 722 1 -2 0 2 -1 1 -2 0 2 -1 1 -2 0 2 -1 1 -2 0 2 -1 1 -2 0 2 -1 1 -2 0 2 -1 1 -2 0 2 -1 1 -2 0 2 -1 1 -2 0 2 -1 1 -2 0 2 -1 1 -2 0 2 -1 1 -2 0 2 -1 1 -2 0 2 -1 1 -2 0 2 -1 1 -2 0 2 -1 1 -2 0 2 -1 1 -2 0 2 -1 1 -2 0 2 -1 1 -2 0 2 -1 1 -2 0 2 -1 1 -2 0 2 -1 1 -2 0 2 -1 1 -2 0 2 -1 1 -2 0 2 -1 1 -2 0 2 -1 1 -2 0 2 -1 1 -2 0 2 -1 1 -2 0 2 -1 1 -2 0 2 -1 1 -2 0 2 -1 1 -2 0 2 -1 1 -2 0 2 -1 1 -2 0 2 -1 1 -2 0 2 -1 1 -2 0 2 -1 1 -2 0 2 -1 1 -2 0 2 -1 1 -2 0 2 -1 1 -2 0 2 -1 1 -2 0 2 -1 1 -2 0 2 -1 1 -2 0 2 -1 1 -2 0 2 -1 1 -2 0 2 -1 1 -2 0 2 -1 1 -2 0 2 -1 1 -2 0 2 -1 1 -2 0 2 -1 1 -2 0 2 -1 1 -2 0 2 -1 1 -2 0 2 -1 1 -2 0 2 -1 1 -2 0 2 -1 1 -2 0 2 -1 1 -2 0 2 -1 1 -2 0 2 -1 1 -2 0 2 -1 1 -2 0 2 -1 1 -2 0 2 -1 1 -2 0 2 -1 1 -2 0 2 -1 1 -2 0 2 -1 1 -2 0 2 -1 1 -2 0 2 -1 1 -2 0 2 -1 1 -2 0 2 -1 1 -2 0 2 -1 1 -2 0 2 -1 1 -2 0 2 -1 1 -2 0 2 -1 1 -2 0 2 -1 1 -2 0 2 -1 1 -2 0 2 -1 1 -2 0 2 -1 1 -2 0 2 -1 1 -2 0 2 -1 1 -2 0 2 -1 1 -2 0 2 -1 1 -2 0 2 -1 1 -2 0 2 -1 1 -2 0 2 -1 1 -2 0 2 -1 1 -2 0 2 -1 1 -2 0 2 -1 1 -2 0 2 -1 1 -2 0 2 -1 1 -2 0 2 -1 1 -2 0 2 -1 1 -2 0 2 -1 1 -2 0 2 -1 1 -2 0 2 -1 1 -2 0 2 -1 1 -2 0 2 -1 1 -2 0 2 -1 1 -2 0 2 -1 1 -2 0 2 -1 1 -2 0 2 -1 1 -2 0 2 -1 1 -2 0 2 -1 1 -2 0 2 -1 1 -2 0 2 -1 1 -2 0 2 -1 1 -2 0 2 -1 1 -2 0 2 -1 1 -2 0 2 -1 1 -2 0 2 -1 1 -2 0 2 -1 1 -2 0 2 -1 1 -2 0 2 -1 1 -2 0 2 -1
-2 1 -1 2 0 -2 1 -1 2 0 -2 1 -1 2 0 -2 1 -1 2 0 -2 1 -1 2 0 -2 1 -1 2 0 -2 1 -1 2 0 -2 1 -1 2 0 -2 1 -1 2 0 -2 1 -1 2 0 721 1 -1 2 0 -2 1 -1 2 0 -2 1 -1 2 0 -2 1 -1 2 0 -2 1 -1 2 0 -2 1 -1 2 0 -2 1 -1 2 0 -2 1 -1 2 0 -2 1 -1 2 0 -2 1 -1 2 0 -2 1 -1 2 0 -2 1 -1 2 0 -2 1 -1 2 0 -2 1 -1 2 0 -2 1 -1 2 0 -2 1 -1 2 0 -2 1 -1 2 0 -2 1 -1 2 0 -2 1 -1 2 0 -2 1 -1 2 0 -2 1 -1 2 0 -2 1 -1 2 0 -2 1 -1 2 0 -2 1 -1 2 0 -2 1 -1 2 0 -2 1 -1 2 0 -2 1 -1 2 0 -2 1 -1 2 0 -2 1 -1 2 0 -2 1 -1 2 0 -2 1 -1 2 0 -2 1 -1 2 0 -2 1 -1 2 0 -2 1 -1 2 0 -2 1 -1 2 0 -2 1 -1 2 0 -2 1 -1 2 0 -2 1 -1 2 0 -2 1 -1 2 0 -2 1 -1 2 0 -2 1 -1 2 0 -2 1 -1 2 0 -2 1 -1 2 0 -2 1 -1 2 0 -2 1 -1 2 0 -2 1 -1 2 0 -2 1 -1 2 0 -2 1 -1 2 0 -2 1 -1 2 0 -2 1 -1 2 0 -2 1 -1 2 0 -2 1 -1 2 0 -2 1 -1 2 0 -2 1 -1 2 0 -2 1 -1 2 0 -2 1 -1 2 0 -2 1 -1 2 0 -2 1 -1 2 0 -2 1 -1 2 0 -2 1 -1 2 0 -2 1 -1 2 0 -2 1 -1 2 0 -2 1 -1 2 0 -2 1 -1 2 0 -2 1 -1 2 0 -2 1 -1 2 0 -2 1 -1 2 0 -2 1 -1 2 0 -2 1 -1 2 0 -2 1 -1 2 0 -2 1 -1 2 0 -2 1 -1 2 0 -2 1 -1 2 0 -2 1 -1 2 0 -2 1 -1 2 0 -2 1 -1 2 0 -2 1 -1 2 0 -2 1 -1 2 0 -2 1 -1 2 0 -2 1 -1 2 0 -2 1 -1 2 0 -2 1 -1 2 0 -2 1 -1 2 0 -2 1 -1 2 0 -2 1 -1 2 0 -2 1 -1 2 0 -2 1 -1 2 0 -2 1 -1 2 0 -2 1 -1 2 0 -2 1 -1 2 0 -2 1 -1 2 0 -2 1 -1 2 0 -2 1 -1 2 0 -2 1 -1 2 0 -2 1 -1 2 0 -2 1 -1 2 0 -2 1 -1 2 0 -2 1 -1 2 0 -2 1 -1 2 0 -2 1 -1 2 0 -2 1 -1 2 0 -2 1 -1 2 0 -2 1 -1 2 0 -2 1 -1 2 0 -2 1 -1 2 0 -2 1 -1 2 0 -2 1 -1 2 0 -2 1 -1 2 0 -2 1 -1 2 0 -2 1 -1 2 0
0 -1 -2 2 1 0 -1 -2 2 1 0 -1 -2 2 1 0 -1 -2 2 1 0 -1 -2 2 1 0 -1 -2 2 1 0 -1 -2 2 1 0 -1 -2 2 1 0 -1 -2 2 1 0 -1 -2 2 1 0 722 -2 2 1 0 -1 -2 2 1 0 -1 -2 2 1 0 -1 -2 2 1 0 -1 -2 2 1 0 -1 -2 2 1 0 -1 -2 2 1 0 -1 -2 2 1 0 -1 -2 2 1 0 -1 -2 2 1 0 -1 -2 2 1 0 -1 -2 2 1 0 -1 -2 2 1 0 -1 -2 2 1 0 -1 -2 2 1 0 -1 -2 2 1 0 -1 -2 2 1 0 -1 -2 2 1 0 -1 -2 2 1 0 -1 -2 2 1 0 -1 -2 2 1 0 -1 -2 2 1 0 -1 -2 2 1 0 -1 -2 2 1 0 -1 -2 2 1 0 -1 -2 2 1 0 -1 -2 2 1 0 -1 -2 2 1 0 -1 -2 2 1 0 -1 -2 2 1 0 -1 -2 2 1 0 -1 -2 2 1 0 -1 -2 2 1 0 -1 -2 2 1 0 -1 -2 2 1 0 -1 -2 2 1 0 -1 -2 2 1 0 -1 -2 2 1 0 -1 -2 2 1 0 -1 -2 2 1 0 -1 -2 2 1 0 -1 -2 2 1 0 -1 -2 2 1 0 -1 -2 2 1 0 -1 -2 2 1 0 -1 -2 2 1 0 -1 -2 2 1 0 -1 -2 2 1 0 -1 -2 2 1 0 -1 -2 2 1 0 -1 -2 2 1 0 -1 -2 2 1 0 -1 -2 2 1 0 -1 -2 2 1 0 -1 -2 2 1 0 -1 -2 2 1 0 -1 -2 2 1 0 -1 -2 2 1 0 -1 -2 2 1 0 -1 -2 2 1 0 -1 -2 2 1 0 -1 -2 2 1 0 -1 -2 2 1 0 -1 -2 2 1 0 -1 -2 2 1 0 -1 -2 2 1 0 -1 -2 2 1 0 -1 -2 2 1 0 -1 -2 2 1 0 -1 -2 2 1 0 -1 -2 2 1 0 -1 -2 2 1 0 -1 -2 2 1 0 -1 -2 2 1 0 -1 -2 2 1 0 -1 -2 2 1 0 -1 -2 2 1 0 -1 -2 2 1 0 -1 -2 2 1 0 -1 -2 2 1 0 -1 -2 2 1 0 -1 -2 2 1 0 -1 -2 2 1 0 -1 -2 2 1 0 -1 -2 2 1 0 -1 -2 2 1 0 -1 -2 2 1 0 -1 -2 2 1 0 -1 -2 2 1 0 -1 -2 2 1 0 -1 -2 2 1 0 -1 -2 2 1 0 -1 -2 2 1 0 -1 -2 2 1 0 -1 -2 2 1 0 -1 -2 2 1 0 -1 -2 2 1 0 -1 -2 2 1 0 -1 -2 2 1 0 -1 -2 2 1 0 -1 -2 2 1 0 -1 -2 2 1 0 -1 -2 2 1 0 -1 -2 2 1 0 -1 -2 2 1 0 -1 -2 2 1 0 -1 -2 2 1 0 -1 -2 2 1 0 -1 -2 2 1 0 -1 -2 2 1
2 2 2 2 2 2 2 2 2 2 2 2 2 2 2 2 2 2 2 2 2 2 2 2 2 2 2 2 2 2 2 2 2 2 2 2 2 2 2 2 2 2 2 2 2 2 2 2 2 2 2 2 1201 2 2 2 2 2 2 2 2 2 2 2 2 2 2 2 2 2 2 2 2 2 2 2 2 2 2 2 2 2 2 2 2 2 2 2 2 2 2 2 2 2 2 2 2 2 2 2 2 2 2 2 2 2 2 2 2 2 2 2 2 2 2 2 2 2 2 2 2 2 2 2 2 2 2 2 2 2 2 2 2 2 2 2 2 2 2 2 2 2 2 2 2 2 2 2 2 2 2 2 2 2 2 2 2 2 2 2 2 2 2 2 2 2 2 2 2 2 2 2 2 2 2 2 2 2 2 2 2 2 2 2 2 2 2 2 2 2 2 2 2 2 2 2 2 2 2 2 2 2 2 2 2 2 2 2 2 2 2 2 2 2 2 2 2 2 2 2 2 2 2 2 2 2 2 2 2 2 2 2 2 2 2 2 2 2 2 2 2 2 2 2 2 2 2 2 2 2 2 2 2 2 2 2 2 2 2 2 2 2 2 2 2 2 2 2 2 2 2 2 2 2 2 2 2 2 2 2 2 2 2 2 2 2 2 2 2 2 2 2 2 2 2 2 2 2 2 2 2 2 2 2 2 2 2 2 2 2 2 2 2 2 2 2 2 2 2 2 2 2 2 2 2 2 2 2 2 2 2 2 2 2 2 2 2 2 2 2 2 2 2 2 2 2 2 2 2 2 2 2 2 2 2 2 2 2 2 2 2 2 2 2 2 2 2 2 2 2 2 2 2 2 2 2 2 2 2 2 2 2 2 2 2 2 2 2 2 2 2 2 2 2 2 2 2 2 2 2 2 2 2 2 2 2 2 2 2 2 2 2 2 2 2 2 2 2 2 2 2 2 2 2 2 2 2 2 2 2 2 2 2 2 2 2 2 2 2 2 2 2 2 2 2 2 2 2 2 2 2 2 2 2 2 2 2 2 2 2 2 2 2 2 2 2 2 2 2 2 2 2 2 2 2 2 2 2 2 2 2 2 2 2 2 2 2 2 2 2 2 2 2 2 2 2 2 2 2 2 2 2 2 2 2 2 2 2 2 2 2 2 2 2 2 2 2 2 2 2 2 2 2 2 2 2 2 2 2 2 2 2 2 2 2 2 2 2 2 2 2 2 2 2 2 2 2 2 2 2 2 2 2 2 2 2 2 2 2 2 2 2 2 2 2 2 2 2 2 2 2 2 2 2 2 2 2 2 2 2 2 2 2 2 2 2 2 2 2 2 2 2 2 2 2 2 2 2 2 2
-1 0 1 2 -2 -1 0 1 2 -2 -1 0 1 2 -2 -1 0 1 2 -2 -1 0 1 2 -2 -1 0 1 2 -2 -1 0 1 2 -2 -1 0 1 2 -2 -1 0 1 2 -2 -1 0 1 2 -2 -1 0 1 721 -2 -1 0 1 2 -2 -1 0 1 2 -2 -1 0 1 2 -2 -1 0 1 2 -2 -1 0 1 2 -2 -1 0 1 2 -2 -1 0 1 2 -2 -1 0 1 2 -2 -1 0 1 2 -2 -1 0 1 2 -2 -1 0 1 2 -2 -1 0 1 2 -2 -1 0 1 2 -2 -1 0 1 2 -2 -1 0 1 2 -2 -1 0 1 2 -2 -1 0 1 2 -2 -1 0 1 2 -2 -1 0 1 2 -2 -1 0 1 2 -2 -1 0 1 2 -2 -1 0 1 2 -2 -1 0 1 2 -2 -1 0 1 2 -2 -1 0 1 2 -2 -1 0 1 2 -2 -1 0 1 2 -2 -1 0 1 2 -2 -1 0 1 2 -2 -1 0 1 2 -2 -1 0 1 2 -2 -1 0 1 2 -2 -1 0 1 2 -2 -1 0 1 2 -2 -1 0 1 2 -2 -1 0 1 2 -2 -1 0 1 2 -2 -1 0 1 2 -2 -1 0 1 2 -2 -1 0 1 2 -2 -1 0 1 2 -2 -1 0 1 2 -2 -1 0 1 2 -2 -1 0 1 2 -2 -1 0 1 2 -2 -1 0 1 2 -2 -1 0 1 2 -2 -1 0 1 2 -2 -1 0 1 2 -2 -1 0 1 2 -2 -1 0 1 2 -2 -1 0 1 2 -2 -1 0 1 2 -2 -1 0 1 2 -2 -1 0 1 2 -2 -1 0 1 2 -2 -1 0 1 2 -2 -1 0 1 2 -2 -1 0 1 2 -2 -1 0 1 2 -2 -1 0 1 2 -2 -1 0 1 2 -2 -1 0 1 2 -2 -1 0 1 2 -2 -1 0 1 2 -2 -1 0 1 2 -2 -1 0 1 2 -2 -1 0 1 2 -2 -1 0 1 2 -2 -1 0 1 2 -2 -1 0 1 2 -2 -1 0 1 2 -2 -1 0 1 2 -2 -1 0 1 2 -2 -1 0 1 2 -2 -1 0 1 2 -2 -1 0 1 2 -2 -1 0 1 2 -2 -1 0 1 2 -2 -1 0 1 2 -2 -1 0 1 2 -2 -1 0 1 2 -2 -1 0 1 2 -2 -1 0 1 2 -2 -1 0 1 2 -2 -1 0 1 2 -2 -1 0 1 2 -2 -1 0 1 2 -2 -1 0 1 2 -2 -1 0 1 2 -2 -1 0 1 2 -2 -1 0 1 2 -2 -1 0 1 2 -2 -1 0 1 2 -2 -1 0 1 2 -2 -1 0 1 2 -2 -1 0 1 2 -2 -1 0 1 2 -2 -1 0 1 2 -2 -1 0 1 2 -2 -1 0 1 2 -2 -1 0 1 2 -2 -1 0 1 2 -2 -1 0 1 2 -2 -1 0 1 2 -2 -1 0 1 2 -2 -1 0 1 2 -2 -1 0 1 2 -2 -1 0 1 2 -2
1 -2 0 2 -1 1 -2 0 2 -1 1 -2 0 2 -1 1 -2 0 2 -1 1 -2 0 2 -1 1 -2 0 2 -1 1 -2 0 2 -1 1 -2 0 2 -1 1 -2 0 2 -1 1 -2 0 2 -1 1 -2 0 2 722 1 -2 0 2 -1 1 -2 0 2 -1 1 -2 0 2 -1 1 -2 0 2 -1 1 -2 0 2 -1 1 -2 0 2 -1 1 -2 0 2 -1 1 -2 0 2 -1 1 -2 0 2 -1 1 -2 0 2 -1 1 -2 0 2 -1 1 -2 0 2 -1 1 -2 0 2 -1 1 -2 0 2 -1 1 -2 0 2 -1 1 -2 0 2 -1 1 -2 0 2 -1 1 -2 0 2 -1 1 -2 0 2 -1 1 -2 0 2 -1 1 -2 0 2 -1 1 -2 0 2 -1 1 -2 0 2 -1 1 -2 0 2 -1 1 -2 0 2 -1 1 -2 0 2 -1 1 -2 0 2 -1 1 -2 0 2 -1 1 -2 0 2 -1 1 -2 0 2 -1 1 -2 0 2 -1 1 -2 0 2 -1 1 -2 0 2 -1 1 -2 0 2 -1 1 -2 0 2 -1 1 -2 0 2 -1 1 -2 0 2 -1 1 -2 0 2 -1 1 -2 0 2 -1 1 -2 0 2 -1 1 -2 0 2 -1 1 -2 0 2 -1 1 -2 0 2 -1 1 -2 0 2 -1 1 -2 0 2 -1 1 -2 0 2 -1 1 -2 0 2 -1 1 -2 0 2 -1 1 -2 0 2 -1 1 -2 0 2 -1 1 -2 0 2 -1 1 -2 0 2 -1 1 -2 0 2 -1 1 -2 0 2 -1 1 -2 0 2 -1 1 -2 0 2 -1 1 -2 0 2 -1 1 -2 0 2 -1 1 -2 0 2 -1 1 -2 0 2 -1 1 -2 0 2 -1 1 -2 0 2 -1 1 -2 0 2 -1 1 -2 0 2 -1 1 -2 0 2 -1 1 -2 0 2 -1 1 -2 0 2 -1 1 -2 0 2 -1 1 -2 0 2 -1 1 -2 0 2 -1 1 -2 0 2 -1 1 -2 0 2 -1 1 -2 0 2 -1 1 -2 0 2 -1 1 -2 0 2 -1 1 -2 0 2 -1 1 -2 0 2 -1 1 -2 0 2 -1 1 -2 0 2 -1 1 -2 0 2 -1 1 -2 0 2 -1 1 -2 0 2 -1 1 -2 0 2 -1 1 -2 0 2 -1 1 -2 0 2 -1 1 -2 0 2 -1 1 -2 0 2 -1 1 -2 0 2 -1 1 -2 0 2 -1 1 -2 0 2 -1 1 -2 0 2 -1 1 -2 0 2 -1 1 -2 0 2 -1 1 -2 0 2 -1 1 -2 0 2 -1 1 -2 0 2 -1 1 -2 0 2 -1 1 -2 0 2 -1 1 -2 0 2 -1 1 -2 0 2 -1 1 -2 0 2 -1 1 -2 0 2 -1 1 -2 0 2 -1 1 -2 0 2 -1 1 -2 0 2 -1 1 -2 0 2 -1 1 -2 0 2 -1 1 -2 0 2 -1 1 -2 0 2 -1
-2 1 -1 2 0 -2 1 -1 2 0 -2 1 -1 2 0 -2 1 -1 2 0 -2 1 -1 2 0 -2 1 -1 2 0 -2 1 -1 2 0 -2 1 -1 2 0 -2 1 -1 2 0 -2 1 -1 2 0 -2 1 -1 2 0 721 1 -1 2 0 -2 1 -1 2 0 -2 1 -1 2 0 -2 1 -1 2 0 -2 1 -1 2 0 -2 1 -1 2 0 -2 1 -1 2 0 -2 1 -1 2 0 -2 1 -1 2 0 -2 1 -1 2 0 -2 1 -1 2 0 -2 1 -1 2 0 -2 1 -1 2 0 -2 1 -1 2 0 -2 1 -1 2 0 -2 1 -1 2 0 -2 1 -1 2 0 -2 1 -1 2 0 -2 1 -1 2 0 -2 1 -1 2 0 -2 1 -1 2 0 -2 1 -1 2 0 -2 1 -1 2 0 -2 1 -1 2 0 -2 1 -1 2 0 -2 1 -1 2 0 -2 1 -1 2 0 -2 1 -1 2 0 -2 1 -1 2 0 -2 1 -1 2 0 -2 1 -1 2 0 -2 1 -1 2 0 -2 1 -1 2 0 -2 1 -1 2 0 -2 1 -1 2 0 -2 1 -1 2 0 -2 1 -1 2 0 -2 1 -1 2 0 -2 1 -1 2 0 -2 1 -1 2 0 -2 1 -1 2 0 -2 1 -1 2 0 -2 1 -1 2 0 -2 1 -1 2 0 -2 1 -1 2 0 -2 1 -1 2 0 -2 1 -1 2 0 -2 1 -1 2 0 -2 1 -1 2 0 -2 1 -1 2 0 -2 1 -1 2 0 -2 1 -1 2 0 -2 1 -1 2 0 -2 1 -1 2 0 -2 1 -1 2 0 -2 1 -1 2 0 -2 1 -1 2 0 -2 1 -1 2 0 -2 1 -1 2 0 -2 1 -1 2 0 -2 1 -1 2 0 -2 1 -1 2 0 -2 1 -1 2 0 -2 1 -1 2 0 -2 1 -1 2 0 -2 1 -1 2 0 -2 1 -1 2 0 -2 1 -1 2 0 -2 1 -1 2 0 -2 1 -1 2 0 -2 1 -1 2 0 -2 1 -1 2 0 -2 1 -1 2 0 -2 1 -1 2 0 -2 1 -1 2 0 -2 1 -1 2 0 -2 1 -1 2 0 -2 1 -1 2 0 -2 1 -1 2 0 -2 1 -1 2 0 -2 1 -1 2 0 -2 1 -1 2 0 -2 1 -1 2 0 -2 1 -1 2 0 -2 1 -1 2 0 -2 1 -1 2 0 -2 1 -1 2 0 -2 1 -1 2 0 -2 1 -1 2 0 -2 1 -1 2 0 -2 1 -1 2 0 -2 1 -1 2 0 -2 1 -1 2 0 -2 1 -1 2 0 -2 1 -1 2 0 -2 1 -1 2 0 -2 1 -1 2 0 -2 1 -1 2 0 -2 1 -1 2 0 -2 1 -1 2 0 -2 1 -1 2 0 -2 1 -1 2 0 -2 1 -1 2 0 -2 1 -1 2 0 -2 1 -1 2 0 -2 1 -1 2 0 -2 1 -1 2 0 -2 1 -1 2 0 -2 1 -1 2 0
0 -1 -2 2 1 0 -1 -2 2 1 0 -1 -2 2 1 0 -1 -2 2 1 0 -1 -2 2 1 0 -1 -2 2 1 0 -1 -2 2 1 0 -1 -2 2 1 0 -1 -2 2 1 0 -1 -2 2 1 0 -1 -2 2 1 0 722 -2 2 1 0 -1 -2 2 1 0 -1 -2 2 1 0 -1 -2 2 1 0 -1 -2 2 1 0 -1 -2 2 1 0 -1 -2 2 1 0 -1 -2 2 1 0 -1 -2 2 1 0 -1 -2 2 1 0 -1 -2 2 1 0 -1 -2 2 1 0 -1 -2 2 1 0 -1 -2 2 1 0 -1 -2 2 1 0 -1 -2 2 1 0 -1 -2 2 1 0 -1 -2 2 1 0 -1 -2 2 1 0 -1 -2 2 1 0 -1 -2 2 1 0 -1 -2 2 1 0 -1 -2 2 1 0 -1 -2 2 1 0 -1 -2 2 1 0 -1 -2 2 1 0 -1 -2 2 1 0 -1 -2 2 1 0 -1 -2 2 1 0 -1 -2 2 1 0 -1 -2 2 1 0 -1 -2 2 1 0 -1 -2 2 1 0 -1 -2 2 1 0 -1 -2 2 1 0 -1 -2 2 1 0 -1 -2 2 1 0 -1 -2 2 1 0 -1 -2 2 1 0 -1 -2 2 1 0 -1 -2 2 1 0 -1 -2 2 1 0 -1 -2 2 1 0 -1 -2 2 1 0 -1 -2 2 1 0 -1 -2 2 1 0 -1 -2 2 1 0 -1 -2 2 1 0 -1 -2 2 1 0 -1 -2 2 1 0 -1 -2 2 1 0 -1 -2 2 1 0 -1 -2 2 1 0 -1 -2 2 1 0 -1 -2 2 1 0 -1 -2 2 1 0 -1 -2 2 1 0 -1 -2 2 1 0 -1 -2 2 1 0 -1 -2 2 1 0 -1 -2 2 1 0 -1 -2 2 1 0 -1 -2 2 1 0 -1 -2 2 1 0 -1 -2 2 1 0 -1 -2 2 1 0 -1 -2 2 1 0 -1 -2 2 1 0 -1 -2 2 1 0 -1 -2 2 1 0 -1 -2 2 1 0 -1 -2 2 1 0 -1 -2 2 1 0 -1 -2 2 1 0 -1 -2 2 1 0 -1 -2 2 1 0 -1 -2 2 1 0 -1 -2 2 1 0 -1 -2 2 1 0 -1 -2 2 1 0 -1 -2 2 1 0 -1 -2 2 1 0 -1 -2 2 1 0 -1 -2 2 1 0 -1 -2 2 1 0 -1 -2 2 1 0 -1 -2 2 1 0 -1 -2 2 1 0 -1 -2 2 1 0 -1 -2 2 1 0 -1 -2 2 1 0 -1 -2 2 1 0 -1 -2 2 1 0 -1 -2 2 1 0 -1 -2 2 1 0 -1 -2 2 1 0 -1 -2 2 1 0 -1 -2 2 1 0 -1 -2 2 1 0 -1 -2 2 1 0 -1 -2 2 1 0 -1 -2 2 1 0 -1 -2 2 1 0 -1 -2 2 1 0 -1 -2 2 1 0 -1 -2 2 1 0 -1 -2 2 1 0 -1 -2 2 1 0 -1 -2 2 1
2 2 2 2 2 2 2 2 2 2 2 2 2 2 2 2 2 2 2 2 2 2 2 2 2 2 2 2 2 2 2 2 2 2 2 2 2 2 2 2 2 2 2 2 2 2 2 2 2 2 2 2 2 2 2 2 2 1201 2 2 2 2 2 2 2 2 2 2 2 2 2 2 2 2 2 2 2 2 2 2 2 2 2 2 2 2 2 2 2 2 2 2 2 2 2 2 2 2 2 2 2 2 2 2 2 2 2 2 2 2 2 2 2 2 2 2 2 2 2 2 2 2 2 2 2 2 2 2 2 2 2 2 2 2 2 2 2 2 2 2 2 2 2 2 2 2 2 2 2 2 2 2 2 2 2 2 2 2 2 2 2 2 2 2 2 2 2 2 2 2 2 2 2 2 2 2 2 2 2 2 2 2 2 2 2 2 2 2 2 2 2 2 2 2 2 2 2 2 2 2 2 2 2 2 2 2 2 2 2 2 2 2 2 2 2 2 2 2 2 2 2 2 2 2 2 2 2 2 2 2 2 2 2 2 2 2 2 2 2 2 2 2 2 2 2 2 2 2 2 2 2 2 2 2 2 2 2 2 2 2 2 2 2 2 2 2 2 2 2 2 2 2 2 2 2 2 2 2 2 2 2 2 2 2 2 2 2 2 2 2 2 2 2 2 2 2 2 2 2 2 2 2 2 2 2 2 2 2 2 2 2 2 2 2 2 2 2 2 2 2 2 2 2 2 2 2 2 2 2 2 2 2 2 2 2 2 2 2 2 2 2 2 2 2 2 2 2 2 2 2 2 2 2 2 2 2 2 2 2 2 2 2 2 2 2 2 2 2 2 2 2 2 2 2 2 2 2 2 2 2 2 2 2 2 2 2 2 2 2 2 2 2 2 2 2 2 2 2 2 2 2 2 2 2 2 2 2 2 2 2 2 2 2 2 2 2 2 2 2 2 2 2 2 2 2 2 2 2 2 2 2 2 2 2 2 2 2 2 2 2 2 2 2 2 2 2 2 2 2 2 2 2 2 2 2 2 2 2 2 2 2 2 2 2 2 2 2 2 2 2 2 2 2 2 2 2 2 2 2 2 2 2 2 2 2 2 2 2 2 2 2 2 2 2 2 2 2 2 2 2 2 2 2 2 2 2 2 2 2 2 2 2 2 2 2 2 2 2 2 2 2 2 2 2 2 2 2 2 2 2 2 2 2 2 2 2 2 2 2 2 2 2 2 2 2 2 2 2 2 2 2 2 2 2 2 2 2 2 2 2 2 2 2 2 2 2 2 2 2 2 2 2 2 2 2 2 2 2 2 2 2 2 2 2 2 2 2 2 2 2 2 2 2 2 2 2 2 2 2 2
-1 0 1 2 -2 -1 0 1 2 -2 -1 0 1 2 -2 -1 0 1 2 -2 -1 0 1 2 -2 -1 0 1 2 -2 -1 0 1 2 -2 -1 0 1 2 -2 -1 0 1 2 -2 -1 0 1 2 -2 -1 0 1 2 -2 -1 0 1 721 -2 -1 0 1 2 -2 -1 0 1 2 -2 -1 0 1 2 -2 -1 0 1 2 -2 -1 0 1 2 -2 -1 0 1 2 -2 -1 0 1 2 -2 -1 0 1 2 -2 -1 0 1 2 -2 -1 0 1 2 -2 -1 0 1 2 -2 -1 0 1 2 -2 -1 0 1 2 -2 -1 0 1 2 -2 -1 0 1 2 -2 -1 0 1 2 -2 -1 0 1 2 -2 -1 0 1 2 -2 -1 0 1 2 -2 -1 0 1 2 -2 -1 0 1 2 -2 -1 0 1 2 -2 -1 0 1 2 -2 -1 0 1 2 -2 -1 0 1 2 -2 -1 0 1 2 -2 -1 0 1 2 -2 -1 0 1 2 -2 -1 0 1 2 -2 -1 0 1 2 -2 -1 0 1 2 -2 -1 0 1 2 -2 -1 0 1 2 -2 -1 0 1 2 -2 -1 0 1 2 -2 -1 0 1 2 -2 -1 0 1 2 -2 -1 0 1 2 -2 -1 0 1 2 -2 -1 0 1 2 -2 -1 0 1 2 -2 -1 0 1 2 -2 -1 0 1 2 -2 -1 0 1 2 -2 -1 0 1 2 -2 -1 0 1 2 -2 -1 0 1 2 -2 -1 0 1 2 -2 -1 0 1 2 -2 -1 0 1 2 -2 -1 0 1 2 -2 -1 0 1 2 -2 -1 0 1 2 -2 -1 0 1 2 -2 -1 0 1 2 -2 -1 0 1 2 -2 -1 0 1 2 -2 -1 0 1 2 -2 -1 0 1 2 -2 -1 0 1 2 -2 -1 0 1 2 -2 -1 0 1 2 -2 -1 0 1 2 -2 -1 0 1 2 -2 -1 0 1 2 -2 -1 0 1 2 -2 -1 0 1 2 -2 -1 0 1 2 -2 -1 0 1 2 -2 -1 0 1 2 -2 -1 0 1 2 -2 -1 0 1 2 -2 -1 0 1 2 -2 -1 0 1 2 -2 -1 0 1 2 -2 -1 0 1 2 -2 -1 0 1 2 -2 -1 0 1 2 -2 -1 0 1 2 -2 -1 0 1 2 -2 -1 0 1 2 -2 -1 0 1 2 -2 -1 0 1 2 -2 -1 0 1 2 -2 -1 0 1 2 -2 -1 0 1 2 -2 -1 0 1 2 -2 -1 0 1 2 -2 -1 0 1 2 -2 -1 0 1 2 -2 -1 0 1 2 -2 -1 0 1 2 -2 -1 0 1 2 -2 -1 0 1 2 -2 -1 0 1 2 -2 -1 0 1 2 -2 -1 0 1 2 -2 -1 0 1 2 -2 -1 0 1 2 -2 -1 0 1 2 -2 -1 0 1 2 -2 -1 0 1 2 -2 -1 0 1 2 -2 -1 0 1 2 -2 -1 0 1 2 -2 -1 0 1 2 -2 -1 0 1 2 -2 -1 0 1 2 -2
1 -2 0 2 -1 1 -2 0 2 -1 1 -2 0 2 -1 1 -2 0 2 -1 1 -2 0 2 -1 1 -2 0 2 -1 1 -2 0 2 -1 1 -2 0 2 -1 1 -2 0 2 -1 1 -2 0 2 -1 1 -2 0 2 -1 1 -2 0 2 722 1 -2 0 2 -1 1 -2 0 2 -1 1 -2 0 2 -1 1 -2 0 2 -1 1 -2 0 2 -1 1 -2 0 2 -1 1 -2 0 2 -1 1 -2 0 2 -1 1 -2 0 2 -1 1 -2 0 2 -1 1 -2 0 2 -1 1 -2 0 2 -1 1 -2 0 2 -1 1 -2 0 2 -1 1 -2 0 2 -1 1 -2 0 2 -1 1 -2 0 2 -1 1 -2 0 2 -1 1 -2 0 2 -1 1 -2 0 2 -1 1 -2 0 2 -1 1 -2 0 2 -1 1 -2 0 2 -1 1 -2 0 2 -1 1 -2 0 2 -1 1 -2 0 2 -1 1 -2 0 2 -1 1 -2 0 2 -1 1 -2 0 2 -1 1 -2 0 2 -1 1 -2 0 2 -1 1 -2 0 2 -1 1 -2 0 2 -1 1 -2 0 2 -1 1 -2 0 2 -1 1 -2 0 2 -1 1 -2 0 2 -1 1 -2 0 2 -1 1 -2 0 2 -1 1 -2 0 2 -1 1 -2 0 2 -1 1 -2 0 2 -1 1 -2 0 2 -1 1 -2 0 2 -1 1 -2 0 2 -1 1 -2 0 2 -1 1 -2 0 2 -1 1 -2 0 2 -1 1 -2 0 2 -1 1 -2 0 2 -1 1 -2 0 2 -1 1 -2 0 2 -1 1 -2 0 2 -1 1 -2 0 2 -1 1 -2 0 2 -1 1 -2 0 2 -1 1 -2 0 2 -1 1 -2 0 2 -1 1 -2 0 2 -1 1 -2 0 2 -1 1 -2 0 2 -1 1 -2 0 2 -1 1 -2 0 2 -1 1 -2 0 2 -1 1 -2 0 2 -1 1 -2 0 2 -1 1 -2 0 2 -1 1 -2 0 2 -1 1 -2 0 2 -1 1 -2 0 2 -1 1 -2 0 2 -1 1 -2 0 2 -1 1 -2 0 2 -1 1 -2 0 2 -1 1 -2 0 2 -1 1 -2 0 2 -1 1 -2 0 2 -1 1 -2 0 2 -1 1 -2 0 2 -1 1 -2 0 2 -1 1 -2 0 2 -1 1 -2 0 2 -1 1 -2 0 2 -1 1 -2 0 2 -1 1 -2 0 2 -1 1 -2 0 2 -1 1 -2 0 2 -1 1 -2 0 2 -1 1 -2 0 2 -1 1 -2 0 2 -1 1 -2 0 2 -1 1 -2 0 2 -1 1 -2 0 2 -1 1 -2 0 2 -1 1 -2 0 2 -1 1 -2 0 2 -1 1 -2 0 2 -1 1 -2 0 2 -1 1 -2 0 2 -1 1 -2 0 2 -1 1 -2 0 2 -1 1 -2 0 2 -1 1 -2 0 2 -1 1 -2 0 2 -1 1 -2 0 2 -1 1 -2 0 2 -1 1 -2 0 2 -1 1 -2 0 2 -1
-2 1 -1 2 0 -2 1 -1 2 0 -2 1 -1 2 0 -2 1 -1 2 0 -2 1 -1 2 0 -2 1 -1 2 0 -2 1 -1 2 0 -2 1 -1 2 0 -2 1 -1 2 0 -2 1 -1 2 0 -2 1 -1 2 0 -2 1 -1 2 0 721 1 -1 2 0 -2 1 -1 2 0 -2 1 -1 2 0 -2 1 -1 2 0 -2 1 -1 2 0 -2 1 -1 2 0 -2 1 -1 2 0 -2 1 -1 2 0 -2 1 -1 2 0 -2 1 -1 2 0 -2 1 -1 2 0 -2 1 -1 2 0 -2 1 -1 2 0 -2 1 -1 2 0 -2 1 -1 2 0 -2 1 -1 2 0 -2 1 -1 2 0 -2 1 -1 2 0 -2 1 -1 2 0 -2 1 -1 2 0 -2 1 -1 2 0 -2 1 -1 2 0 -2 1 -1 2 0 -2 1 -1 2 0 -2 1 -1 2 0 -2 1 -1 2 0 -2 1 -1 2 0 -2 1 -1 2 0 -2 1 -1 2 0 -2 1 -1 2 0 -2 1 -1 2 0 -2 1 -1 2 0 -2 1 -1 2 0 -2 1 -1 2 0 -2 1 -1 2 0 -2 1 -1 2 0 -2 1 -1 2 0 -2 1 -1 2 0 -2 1 -1 2 0 -2 1 -1 2 0 -2 1 -1 2 0 -2 1 -1 2 0 -2 1 -1 2 0 -2 1 -1 2 0 -2 1 -1 2 0 -2 1 -1 2 0 -2 1 -1 2 0 -2 1 -1 2 0 -2 1 -1 2 0 -2 1 -1 2 0 -2 1 -1 2 0 -2 1 -1 2 0 -2 1 -1 2 0 -2 1 -1 2 0 -2 1 -1 2 0 -2 1 -1 2 0 -2 1 -1 2 0 -2 1 -1 2 0 -2 1 -1 2 0 -2 1 -1 2 0 -2 1 -1 2 0 -2 1 -1 2 0 -2 1 -1 2 0 -2 1 -1 2 0 -2 1 -1 2 0 -2 1 -1 2 0 -2 1 -1 2 0 -2 1 -1 2 0 -2 1 -1 2 0 -2 1 -1 2 0 -2 1 -1 2 0 -2 1 -1 2 0 -2 1 -1 2 0 -2 1 -1 2 0 -2 1 -1 2 0 -2 1 -1 2 0 -2 1 -1 2 0 -2 1 -1 2 0 -2 1 -1 2 0 -2 1 -1 2 0 -2 1 -1 2 0 -2 1 -1 2 0 -2 1 -1 2 0 -2 1 -1 2 0 -2 1 -1 2 0 -2 1 -1 2 0 -2 1 -1 2 0 -2 1 -1 2 0 -2 1 -1 2 0 -2 1 -1 2 0 -2 1 -1 2 0 -2 1 -1 2 0 -2 1 -1 2 0 -2 1 -1 2 0 -2 1 -1 2 0 -2 1 -1 2 0 -2 1 -1 2 0 -2 1 -1 2 0 -2 1 -1 2 0 -2 1 -1 2 0 -2 1 -1 2 0 -2 1 -1 2 0 -2 1 -1 2 0 -2 1 -1 2 0 -2 1 -1 2 0 -2 1 -1 2 0 -2 1 -1 2 0 -2 1 -1 2 0
0 -1 -2 2 1 0 -1 -2 2 1 0 -1 -2 2 1 0 -1 -2 2 1 0 -1 -2 2 1 0 -1 -2 2 1 0 -1 -2 2 1 0 -1 -2 2 1 0 -1 -2 2 1 0 -1 -2 2 1 0 -1 -2 2 1 0 -1 -2 2 1 0 722 -2 2 1 0 -1 -2 2 1 0 -1 -2 2 1 0 -1 -2 2 1 0 -1 -2 2 1 0 -1 -2 2 1 0 -1 -2 2 1 0 -1 -2 2 1 0 -1 -2 2 1 0 -1 -2 2 1 0 -1 -2 2 1 0 -1 -2 2 1 0 -1 -2 2 1 0 -1 -2 2 1 0 -1 -2 2 1 0 -1 -2 2 1 0 -1 -2 2 1 0 -1 -2 2 1 0 -1 -2 2 1 0 -1 -2 2 1 0 -1 -2 2 1 0 -1 -2 2 1 0 -1 -2 2 1 0 -1 -2 2 1 0 -1 -2 2 1 0 -1 -2 2 1 0 -1 -2 2 1 0 -1 -2 2 1 0 -1 -2 2 1 0 -1 -2 2 1 0 -1 -2 2 1 0 -1 -2 2 1 0 -1 -2 2 1 0 -1 -2 2 1 0 -1 -2 2 1 0 -1 -2 2 1 0 -1 -2 2 1 0 -1 -2 2 1 0 -1 -2 2 1 0 -1 -2 2 1 0 -1 -2 2 1 0 -1 -2 2 1 0 -1 -2 2 1 0 -1 -2 2 1 0 -1 -2 2 1 0 -1 -2 2 1 0 -1 -2 2 1 0 -1 -2 2 1 0 -1 -2 2 1 0 -1 -2 2 1 0 -1 -2 2 1 0 -1 -2 2 1 0 -1 -2 2 1 0 -1 -2 2 1 0 -1 -2 2 1 0 -1 -2 2 1 0 -1 -2 2 1 0 -1 -2 2 1 0 -1 -2 2 1 0 -1 -2 2 1 0 -1 -2 2 1 0 -1 -2 2 1 0 -1 -2 2 1 0 -1 -2 2 1 0 -1 -2 2 1 0 -1 -2 2 1 0 -1 -2 2 1 0 -1 -2 2 1 0 -1 -2 2 1 0 -1 -2 2 1 0 -1 -2 2 1 0 -1 -2 2 1 0 -1 -2 2 1 0 -1 -2 2 1 0 -1 -2 2 1 0 -1 -2 2 1 0 -1 -2 2 1 0 -1 -2 2 1 0 -1 -2 2 1 0 -1 -2 2 1 0 -1 -2 2 1 0 -1 -2 2 1 0 -1 -2 2 1 0 -1 -2 2 1 0 -1 -2 2 1 0 -1 -2 2 1 0 -1 -2 2 1 0 -1 -2 2 1 0 -1 -2 2 1 0 -1 -2 2 1 0 -1 -2 2 1 0 -1 -2 2 1 0 -1 -2 2 1 0 -1 -2 2 1 0 -1 -2 2 1 0 -1 -2 2 1 0 -1 -2 2 1 0 -1 -2 2 1 0 -1 -2 2 1 0 -1 -2 2 1 0 -1 -2 2 1 0 -1 -2 2 1 0 -1 -2 2 1 0 -1 -2 2 1 0 -1 -2 2 1 0 -1 -2 2 1 0 -1 -2 2 1 0 -1 -2 2 1
2 2 2 2 2 2 2 2 2 2 2 2 2 2 2 2 2 2 2 2 2 2 2 2 2 2 2 2 2 2 2 2 2 2 2 2 2 2 2 2 2 2 2 2 2 2 2 2 2 2 2 2 2 2 2 2 2 2 2 2 2 2 1201 2 2 2 2 2 2 2 2 2 2 2 2 2 2 2 2 2 2 2 2 2 2 2 2 2 2 2 2 2 2 2 2 2 2 2 2 2 2 2 2 2 2 2 2 2 2 2 2 2 2 2 2 2 2 2 2 2 2 2 2 2 2 2 2 2 2 2 2 2 2 2 2 2 2 2 2 2 2 2 2 2 2 2 2 2 2 2 2 2 2 2 2 2 2 2 2 2 2 2 2 2 2 2 2 2 2 2 2 2 2 2 2 2 2 2 2 2 2 2 2 2 2 2 2 2 2 2 2 2 2 2 2 2 2 2 2 2 2 2 2 2 2 2 2 2 2 2 2 2 2 2 2 2 2 2 2 2 2 2 2 2 2 2 2 2 2 2 2 2 2 2 2 2 2 2 2 2 2 2 2 2 2 2 2 2 2 2 2 2 2 2 2 2 2 2 2 2 2 2 2 2 2 2 2 2 2 2 2 2 2 2 2 2 2 2 2 2 2 2 2 2 2 2 2 2 2 2 2 2 2 2 2 2 2 2 2 2 2 2 2 2 2 2 2 2 2 2 2 2 2 2 2 2 2 2 2 2 2 2 2 2 2 2 2 2 2 2 2 2 2 2 2 2 2 2 2 2 2 2 2 2 2 2 2 2 2 2 2 2 2 2 2 2 2 2 2 2 2 2 2 2 2 2 2 2 2 2 2 2 2 2 2 2 2 2 2 2 2 2 2 2 2 2 2 2 2 2 2 2 2 2 2 2 2 2 2 2 2 2 2 2 2 2 2 2 2 2 2 2 2 2 2 2 2 2 2 2 2 2 2 2 2 2 2 2 2 2 2 2 2 2 2 2 2 2 2 2 2 2 2 2 2 2 2 2 2 2 2 2 2 2 2 2 2 2 2 2 2 2 2 2 2 2 2 2 2 2 2 2 2 2 2 2 2 2 2 2 2 2 2 2 2 2 2 2 2 2 2 2 2 2 2 2 2 2 2 2 2 2 2 2 2 2 2 2 2 2 2 2 2 2 2 2 2 2 2 2 2 2 2 2 2 2 2 2 2 2 2 2 2 2 2 2 2 2 2 2 2 2 2 2 2 2 2 2 2 2 2 2 2 2 2 2 2 2 2 2 2 2 2 2 2 2 2 2 2 2 2 2 2 2 2 2 2 2 2 2 2 2 2 2 2 2 2 2 2 2 2 2 2 2 2 2 2 2 2 2
-1 0 1 2 -2 -1 0 1 2 -2 -1 0 1 2 -2 -1 0 1 2 -2 -1 0 1 2 -2 -1 0 1 2 -2 -1 0 1 2 -2 -1 0 1 2 -2 -1 0 1 2 -2 -1 0 1 2 -2 -1 0 1 2 -2 -1 0 1 2 -2 -1 0 1 721 -2 -1 0 1 2 -2 -1 0 1 2 -2 -1 0 1 2 -2 -1 0 1 2 -2 -1 0 1 2 -2 -1 0 1 2 -2 -1 0 1 2 -2 -1 0 1 2 -2 -1 0 1 2 -2 -1 0 1 2 -2 -1 0 1 2 -2 -1 0 1 2 -2 -1 0 1 2 -2 -1 0 1 2 -2 -1 0 1 2 -2 -1 0 1 2 -2 -1 0 1 2 -2 -1 0 1 2 -2 -1 0 1 2 -2 -1 0 1 2 -2 -1 0 1 2 -2 -1 0 1 2 -2 -1 0 1 2 -2 -1 0 1 2 -2 -1 0 1 2 -2 -1 0 1 2 -2 -1 0 1 2 -2 -1 0 1 2 -2 -1 0 1 2 -2 -1 0 1 2 -2 -1 0 1 2 -2 -1 0 1 2 -2 -1 0 1 2 -2 -1 0 1 2 -2 -1 0 1 2 -2 -1 0 1 2 -2 -1 0 1 2 -2 -1 0 1 2 -2 -1 0 1 2 -2 -1 0 1 2 -2 -1 0 1 2 -2 -1 0 1 2 -2 -1 0 1 2 -2 -1 0 1 2 -2 -1 0 1 2 -2 -1 0 1 2 -2 -1 0 1 2 -2 -1 0 1 2 -2 -1 0 1 2 -2 -1 0 1 2 -2 -1 0 1 2 -2 -1 0 1 2 -2 -1 0 1 2 -2 -1 0 1 2 -2 -1 0 1 2 -2 -1 0 1 2 -2 -1 0 1 2 -2 -1 0 1 2 -2 -1 0 1 2 -2 -1 0 1 2 -2 -1 0 1 2 -2 -1 0 1 2 -2 -1 0 1 2 -2 -1 0 1 2 -2 -1 0 1 2 -2 -1 0 1 2 -2 -1 0 1 2 -2 -1 0 1 2 -2 -1 0 1 2 -2 -1 0 1 2 -2 -1 0 1 2 -2 -1 0 1 2 -2 -1 0 1 2 -2 -1 0 1 2 -2 -1 0 1 2 -2 -1 0 1 2 -2 -1 0 1 2 -2 -1 0 1 2 -2 -1 0 1 2 -2 -1 0 1 2 -2 -1 0 1 2 -2 -1 0 1 2 -2 -1 0 1 2 -2 -1 0 1 2 -2 -1 0 1 2 -2 -1 0 1 2 -2 -1 0 1 2 -2 -1 0 1 2 -2 -1 0 1 2 -2 -1 0 1 2 -2 -1 0 1 2 -2 -1 0 1 2 -2 -1 0 1 2 -2 -1 0 1 2 -2 -1 0 1 2 -2 -1 0 1 2 -2 -1 0 1 2 -2 -1 0 1 2 -2 -1 0 1 2 -2 -1 0 1 2 -2 -1 0 1 2 -2 -1 0 1 2 -2 -1 0 1 2 -2 -1 0 1 2 -2 -1 0 1 2 -2 -1 0 1 2 -2 -1 0 1 2 -2
1 -2 0 2 -1 1 -2 0 2 -1 1 -2 0 2 -1 1 -2 0 2 -1 1 -2 0 2 -1 1 -2 0 2 -1 1 -2 0 2 -1 1 -2 0 2 -1 1 -2 0 2 -1 1 -2 0 2 -1 1 -2 0 2 -1 1 -2 0 2 -1 1 -2 0 2 722 1 -2 0 2 -1 1 -2 0 2 -1 1 -2 0 2 -1 1 -2 0 2 -1 1 -2 0 2 -1 1 -2 0 2 -1 1 -2 0 2 -1 1 -2 0 2 -1 1 -2 0 2 -1 1 -2 0 2 -1 1 -2 0 2 -1 1 -2 0 2 -1 1 -2 0 2 -1 1 -2 0 2 -1 1 -2 0 2 -1 1 -2 0 2 -1 1 -2 0 2 -1 1 -2 0 2 -1 1 -2 0 2 -1 1 -2 0 2 -1 1 -2 0 2 -1 1 -2 0 2 -1 1 -2 0 2 -1 1 -2 0 2 -1 1 -2 0 2 -1 1 -2 0 2 -1 1 -2 0 2 -1 1 -2 0 2 -1 1 -2 0 2 -1 1 -2 0 2 -1 1 -2 0 2 -1 1 -2 0 2 -1 1 -2 0 2 -1 1 -2 0 2 -1 1 -2 0 2 -1 1 -2 0 2 -1 1 -2 0 2 -1 1 -2 0 2 -1 1 -2 0 2 -1 1 -2 0 2 -1 1 -2 0 2 -1 1 -2 0 2 -1 1 -2 0 2 -1 1 -2 0 2 -1 1 -2 0 2 -1 1 -2 0 2 -1 1 -2 0 2 -1 1 -2 0 2 -1 1 -2 0 2 -1 1 -2 0 2 -1 1 -2 0 2 -1 1 -2 0 2 -1 1 -2 0 2 -1 1 -2 0 2 -1 1 -2 0 2 -1 1 -2 0 2 -1 1 -2 0 2 -1 1 -2 0 2 -1 1 -2 0 2 -1 1 -2 0 2 -1 1 -2 0 2 -1 1 -2 0 2 -1 1 -2 0 2 -1 1 -2 0 2 -1 1 -2 0 2 -1 1 -2 0 2 -1 1 -2 0 2 -1 1 -2 0 2 -1 1 -2 0 2 -1 1 -2 0 2 -1 1 -2 0 2 -1 1 -2 0 2 -1 1 -2 0 2 -1 1 -2 0 2 -1 1 -2 0 2 -1 1 -2 0 2 -1 1 -2 0 2 -1 1 -2 0 2 -1 1 -2 0 2 -1 1 -2 0 2 -1 1 -2 0 2 -1 1 -2 0 2 -1 1 -2 0 2 -1 1 -2 0 2 -1 1 -2 0 2 -1 1 -2 0 2 -1 1 -2 0 2 -1 1 -2 0 2 -1 1 -2 0 2 -1 1 -2 0 2 -1 1 -2 0 2 -1 1 -2 0 2 -1 1 -2 0 2 -1 1 -2 0 2 -1 1 -2 0 2 -1 1 -2 0 2 -1 1 -2 0 2 -1 1 -2 0 2 -1 1 -2 0 2 -1 1 -2 0 2 -1 1 -2 0 2 -1 1 -2 0 2 -1 1 -2 0 2 -1 1 -2 0 2 -1 1 -2 0 2 -1 1 -2 0 2 -1 1 -2 0 2 -1
-2 1 -1 2 0 -2 1 -1 2 0 -2 1 -1 2 0 -2 1 -1 2 0 -2 1 -1 2 0 -2 1 -1 2 0 -2 1 -1 2 0 -2 1 -1 2 0 -2 1 -1 2 0 -2 1 -1 2 0 -2 1 -1 2 0 -2 1 -1 2 0 -2 1 -1 2 0 721 1 -1 2 0 -2 1 -1 2 0 -2 1 -1 2 0 -2 1 -1 2 0 -2 1 -1 2 0 -2 1 -1 2 0 -2 1 -1 2 0 -2 1 -1 2 0 -2 1 -1 2 0 -2 1 -1 2 0 -2 1 -1 2 0 -2 1 -1 2 0 -2 1 -1 2 0 -2 1 -1 2 0 -2 1 -1 2 0 -2 1 -1 2 0 -2 1 -1 2 0 -2 1 -1 2 0 -2 1 -1 2 0 -2 1 -1 2 0 -2 1 -1 2 0 -2 1 -1 2 0 -2 1 -1 2 0 -2 1 -1 2 0 -2 1 -1 2 0 -2 1 -1 2 0 -2 1 -1 2 0 -2 1 -1 2 0 -2 1 -1 2 0 -2 1 -1 2 0 -2 1 -1 2 0 -2 1 -1 2 0 -2 1 -1 2 0 -2 1 -1 2 0 -2 1 -1 2 0 -2 1 -1 2 0 -2 1 -1 2 0 -2 1 -1 2 0 -2 1 -1 2 0 -2 1 -1 2 0 -2 1 -1 2 0 -2 1 -1 2 0 -2 1 -1 2 0 -2 1 -1 2 0 -2 1 -1 2 0 -2 1 -1 2 0 -2 1 -1 2 0 -2 1 -1 2 0 -2 1 -1 2 0 -2 1 -1 2 0 -2 1 -1 2 0 -2 1 -1 2 0 -2 1 -1 2 0 -2 1 -1 2 0 -2 1 -1 2 0 -2 1 -1 2 0 -2 1 -1 2 0 -2 1 -1 2 0 -2 1 -1 2 0 -2 1 -1 2 0 -2 1 -1 2 0 -2 1 -1 2 0 -2 1 -1 2 0 -2 1 -1 2 0 -2 1 -1 2 0 -2 1 -1 2 0 -2 1 -1 2 0 -2 1 -1 2 0 -2 1 -1 2 0 -2 1 -1 2 0 -2 1 -1 2 0 -2 1 -1 2 0 -2 1 -1 2 0 -2 1 -1 2 0 -2 1 -1 2 0 -2 1 -1 2 0 -2 1 -1 2 0 -2 1 -1 2 0 -2 1 -1 2 0 -2 1 -1 2 0 -2 1 -1 2 0 -2 1 -1 2 0 -2 1 -1 2 0 -2 1 -1 2 0 -2 1 -1 2 0 -2 1 -1 2 0 -2 1 -1 2 0 -2 1 -1 2 0 -2 1 -1 2 0 -2 1 -1 2 0 -2 1 -1 2 0 -2 1 -1 2 0 -2 1 -1 2 0 -2 1 -1 2 0 -2 1 -1 2 0 -2 1 -1 2 0 -2 1 -1 2 0 -2 1 -1 2 0 -2 1 -1 2 0 -2 1 -1 2 0 -2 1 -1 2 0 -2 1 -1 2 0 -2 1 -1 2 0 -2 1 -1 2 0 -2 1 -1 2 0 -2 1 -1 2 0 -2 1 -1 2 0
0 -1 -2 2 1 0 -1 -2 2 1 0 -1 -2 2 1 0 -1 -2 2 1 0 -1 -2 2 1 0 -1 -2 2 1 0 -1 -2 2 1 0 -1 -2 2 1 0 -1 -2 2 1 0 -1 -2 2 1 0 -1 -2 2 1 0 -1 -2 2 1 0 -1 -2 2 1 0 722 -2 2 1 0 -1 -2 2 1 0 -1 -2 2 1 0 -1 -2 2 1 0 -1 -2 2 1 0 -1 -2 2 1 0 -1 -2 2 1 0 -1 -2 2 1 0 -1 -2 2 1 0 -1 -2 2 1 0 -1 -2 2 1 0 -1 -2 2 1 0 -1 -2 2 1 0 -1 -2 2 1 0 -1 -2 2 1 0 -1 -2 2 1 0 -1 -2 2 1 0 -1 -2 2 1 0 -1 -2 2 1 0 -1 -2 2 1 0 -1 -2 2 1 0 -1 -2 2 1 0 -1 -2 2 1 0 -1 -2 2 1 0 -1 -2 2 1 0 -1 -2 2 1 0 -1 -2 2 1 0 -1 -2 2 1 0 -1 -2 2 1 0 -1 -2 2 1 0 -1 -2 2 1 0 -1 -2 2 1 0 -1 -2 2 1 0 -1 -2 2 1 0 -1 -2 2 1 0 -1 -2 2 1 0 -1 -2 2 1 0 -1 -2 2 1 0 -1 -2 2 1 0 -1 -2 2 1 0 -1 -2 2 1 0 -1 -2 2 1 0 -1 -2 2 1 0 -1 -2 2 1 0 -1 -2 2 1 0 -1 -2 2 1 0 -1 -2 2 1 0 -1 -2 2 1 0 -1 -2 2 1 0 -1 -2 2 1 0 -1 -2 2 1 0 -1 -2 2 1 0 -1 -2 2 1 0 -1 -2 2 1 0 -1 -2 2 1 0 -1 -2 2 1 0 -1 -2 2 1 0 -1 -2 2 1 0 -1 -2 2 1 0 -1 -2 2 1 0 -1 -2 2 1 0 -1 -2 2 1 0 -1 -2 2 1 0 -1 -2 2 1 0 -1 -2 2 1 0 -1 -2 2 1 0 -1 -2 2 1 0 -1 -2 2 1 0 -1 -2 2 1 0 -1 -2 2 1 0 -1 -2 2 1 0 -1 -2 2 1 0 -1 -2 2 1 0 -1 -2 2 1 0 -1 -2 2 1 0 -1 -2 2 1 0 -1 -2 2 1 0 -1 -2 2 1 0 -1 -2 2 1 0 -1 -2 2 1 0 -1 -2 2 1 0 -1 -2 2 1 0 -1 -2 2 1 0 -1 -2 2 1 0 -1 -2 2 1 0 -1 -2 2 1 0 -1 -2 2 1 0 -1 -2 2 1 0 -1 -2 2 1 0 -1 -2 2 1 0 -1 -2 2 1 0 -1 -2 2 1 0 -1 -2 2 1 0 -1 -2 2 1 0 -1 -2 2 1 0 -1 -2 2 1 0 -1 -2 2 1 0 -1 -2 2 1 0 -1 -2 2 1 0 -1 -2 2 1 0 -1 -2 2 1 0 -1 -2 2 1 0 -1 -2 2 1 0 -1 -2 2 1 0 -1 -2 2 1 0 -1 -2 2 1 0 -1 -2 2 1
2 2 2 2 2 2 2 2 2 2 2 2 2 2 2 2 2 2 2 2 2 2 2 2 2 2 2 2 2 2 2 2 2 2 2 2 2 2 2 2 2 2 2 2 2 2 2 2 2 2 2 2 2 2 2 2 2 2 2 2 2 2 2 2 2 2 2 1201 2 2 2 2 2 2 2 2 2 2 2 2 2 2 2 2 2 2 2 2 2 2 2 2 2 2 2 2 2 2 2 2 2 2 2 2 2 2 2 2 2 2 2 2 2 2 2 2 2 2 2 2 2 2 2 2 2 2 2 2 2 2 2 2 2 2 2 2 2 2 2 2 2 2 2 2 2 2 2 2 2 2 2 2 2 2 2 2 2 2 2 2 2 2 2 2 2 2 2 2 2 2 2 2 2 2 2 2 2 2 2 2 2 2 2 2 2 2 2 2 2 2 2 2 2 2 2 2 2 2 2 2 2 2 2 2 2 2 2 2 2 2 2 2 2 2 2 2 2 2 2 2 2 2 2 2 2 2 2 2 2 2 2 2 2 2 2 2 2 2 2 2 2 2 2 2 2 2 2 2 2 2 2 2 2 2 2 2 2 2 2 2 2 2 2 2 2 2 2 2 2 2 2 2 2 2 2 2 2 2 2 2 2 2 2 2 2 2 2 2 2 2 2 2 2 2 2 2 2 2 2 2 2 2 2 2 2 2 2 2 2 2 2 2 2 2 2 2 2 2 2 2 2 2 2 2 2 2 2 2 2 2 2 2 2 2 2 2 2 2 2 2 2 2 2 2 2 2 2 2 2 2 2 2 2 2 2 2 2 2 2 2 2 2 2 2 2 2 2 2 2 2 2 2 2 2 2 2 2 2 2 2 2 2 2 2 2 2 2 2 2 2 2 2 2 2 2 2 2 2 2 2 2 2 2 2 2 2 2 2 2 2 2 2 2 2 2 2 2 2 2 2 2 2 2 2 2 2 2 2 2 2 2 2 2 2 2 2 2 2 2 2 2 2 2 2 2 2 2 2 2 2 2 2 2 2 2 2 2 2 2 2 2 2 2 2 2 2 2 2 2 2 2 2 2 2 2 2 2 2 2 2 2 2 2 2 2 2 2 2 2 2 2 2 2 2 2 2 2 2 2 2 2 2 2 2 2 2 2 2 2 2 2 2 2 2 2 2 2 2 2 2 2 2 2 2 2 2 2 2 2 2 2 2 2 2 2 2 2 2 2 2 2 2 2 2 2 2 2 2 2 2 2 2 2 2 2 2 2 2 2 2 2 2 2 2 2 2 2 2 2 2 2 2 2 2 2 2 2 2 2 2 2 2 2 2 2 2 2 2 2 2 2 2 2 2 2 2 2 2 2 2
-1 0 1 2 -2 -1 0 1 2 -2 -1 0 1 2 -2 -1 0 1 2 -2 -1 0 1 2 -2 -1 0 1 2 -2 -1 0 1 2 -2 -1 0 1 2 -2 -1 0 1 2 -2 -1 0 1 2 -2 -1 0 1 2 -2 -1 0 1 2 -2 -1 0 1 2 -2 -1 0 1 721 -2 -1 0 1 2 -2 -1 0 1 2 -2 -1 0 1 2 -2 -1 0 1 2 -2 -1 0 1 2 -2 -1 0 1 2 -2 -1 0 1 2 -2 -1 0 1 2 -2 -1 0 1 2 -2 -1 0 1 2 -2 -1 0 1 2 -2 -1 0 1 2 -2 -1 0 1 2 -2 -1 0 1 2 -2 -1 0 1 2 -2 -1 0 1 2 -2 -1 0 1 2 -2 -1 0 1 2 -2 -1 0 1 2 -2 -1 0 1 2 -2 -1 0 1 2 -2 -1 0 1 2 -2 -1 0 1 2 -2 -1 0 1 2 -2 -1 0 1 2 -2 -1 0 1 2 -2 -1 0 1 2 -2 -1 0 1 2 -2 -1 0 1 2 -2 -1 0 1 2 -2 -1 0 1 2 -2 -1 0 1 2 -2 -1 0 1 2 -2 -1 0 1 2 -2 -1 0 1 2 -2 -1 0 1 2 -2 -1 0 1 2 -2 -1 0 1 2 -2 -1 0 1 2 -2 -1 0 1 2 -2 -1 0 1 2 -2 -1 0 1 2 -2 -1 0 1 2 -2 -1 0 1 2 -2 -1 0 1 2 -2 -1 0 1 2 -2 -1 0 1 2 -2 -1 0 1 2 -2 -1 0 1 2 -2 -1 0 1 2 -2 -1 0 1 2 -2 -1 0 1 2 -2 -1 0 1 2 -2 -1 0 1 2 -2 -1 0 1 2 -2 -1 0 1 2 -2 -1 0 1 2 -2 -1 0 1 2 -2 -1 0 1 2 -2 -1 0 1 2 -2 -1 0 1 2 -2 -1 0 1 2 -2 -1 0 1 2 -2 -1 0 1 2 -2 -1 0 1 2 -2 -1 0 1 2 -2 -1 0 1 2 -2 -1 0 1 2 -2 -1 0 1 2 -2 -1 0 1 2 -2 -1 0 1 2 -2 -1 0 1 2 -2 -1 0 1 2 -2 -1 0 1 2 -2 -1 0 1 2 -2 -1 0 1 2 -2 -1 0 1 2 -2 -1 0 1 2 -2 -1 0 1 2 -2 -1 0 1 2 -2 -1 0 1 2 -2 -1 0 1 2 -2 -1 0 1 2 -2 -1 0 1 2 -2 -1 0 1 2 -2 -1 0 1 2 -2 -1 0 1 2 -2 -1 0 1 2 -2 -1 0 1 2 -2 -1 0 1 2 -2 -1 0 1 2 -2 -1 0 1 2 -2 -1 0 1 2 -2 -1 0 1 2 -2 -1 0 1 2 -2 -1 0 1 2 -2 -1 0 1 2 -2 -1 0 1 2 -2 -1 0 1 2 -2 -1 0 1 2 -2 -1 0 1 2 -2 -1 0 1 2 -2 -1 0 1 2 -2 -1 0 1 2 -2 -1 0 1 2 -2 -1 0 1 2 -2
1 -2 0 2 -1 1 -2 0 2 -1 1 -2 0 2 -1 1 -2 0 2 -1 1 -2 0 2 -1 1 -2 0 2 -1 1 -2 0 2 -1 1 -2 0 2 -1 1 -2 0 2 -1 1 -2 0 2 -1 1 -2 0 2 -1 1 -2 0 2 -1 1 -2 0 2 -1 1 -2 0 2 722 1 -2 0 2 -1 1 -2 0 2 -1 1 -2 0 2 -1 1 -2 0 2 -1 1 -2 0 2 -1 1 -2 0 2 -1 1 -2 0 2 -1 1 -2 0 2 -1 1 -2 0 2 -1 1 -2 0 2 -1 1 -2 0 2 -1 1 -2 0 2 -1 1 -2 0 2 -1 1 -2 0 2 -1 1 -2 0 2 -1 1 -2 0 2 -1 1 -2 0 2 -1 1 -2 0 2 -1 1 -2 0 2 -1 1 -2 0 2 -1 1 -2 0 2 -1 1 -2 0 2 -1 1 -2 0 2 -1 1 -2 0 2 -1 1 -2 0 2 -1 1 -2 0 2 -1 1 -2 0 2 -1 1 -2 0 2 -1 1 -2 0 2 -1 1 -2 0 2 -1 1 -2 0 2 -1 1 -2 0 2 -1 1 -2 0 2 -1 1 -2 0 2 -1 1 -2 0 2 -1 1 -2 0 2 -1 1 -2 0 2 -1 1 -2 0 2 -1 1 -2 0 2 -1 1 -2 0 2 -1 1 -2 0 2 -1 1 -2 0 2 -1 1 -2 0 2 -1 1 -2 0 2 -1 1 -2 0 2 -1 1 -2 0 2 -1 1 -2 0 2 -1 1 -2 0 2 -1 1 -2 0 2 -1 1 -2 0 2 -1 1 -2 0 2 -1 1 -2 0 2 -1 1 -2 0 2 -1 1 -2 0 2 -1 1 -2 0 2 -1 1 -2 0 2 -1 1 -2 0 2 -1 1 -2 0 2 -1 1 -2 0 2 -1 1 -2 0 2 -1 1 -2 0 2 -1 1 -2 0 2 -1 1 -2 0 2 -1 1 -2 0 2 -1 1 -2 0 2 -1 1 -2 0 2 -1 1 -2 0 2 -1 1 -2 0 2 -1 1 -2 0 2 -1 1 -2 0 2 -1 1 -2 0 2 -1 1 -2 0 2 -1 1 -2 0 2 -1 1 -2 0 2 -1 1 -2 0 2 -1 1 -2 0 2 -1 1 -2 0 2 -1 1 -2 0 2 -1 1 -2 0 2 -1 1 -2 0 2 -1 1 -2 0 2 -1 1 -2 0 2 -1 1 -2 0 2 -1 1 -2 0 2 -1 1 -2 0 2 -1 1 -2 0 2 -1 1 -2 0 2 -1 1 -2 0 2 -1 1 -2 0 2 -1 1 -2 0 2 -1 1 -2 0 2 -1 1 -2 0 2 -1 1 -2 0 2 -1 1 -2 0 2 -1 1 -2 0 2 -1 1 -2 0 2 -1 1 -2 0 2 -1 1 -2 0 2 -1 1 -2 0 2 -1 1 -2 0 2 -1 1 -2 0 2 -1 1 -2 0 2 -1 1 -2 0 2 -1 1 -2 0 2 -1 1 -2 0 2 -1 1 -2 0 2 -1
-2 1 -1 2 0 -2 1 -1 2 0 -2 1 -1 2 0 -2 1 -1 2 0 -2 1 -1 2 0 -2 1 -1 2 0 -2 1 -1 2 0 -2 1 -1 2 0 -2 1 -1 2 0 -2 1 -1 2 0 -2 1 -1 2 0 -2 1 -1 2 0 -2 1 -1 2 0 -2 1 -1 2 0 721 1 -1 2 0 -2 1 -1 2 0 -2 1 -1 2 0 -2 1 -1 2 0 -2 1 -1 2 0 -2 1 -1 2 0 -2 1 -1 2 0 -2 1 -1 2 0 -2 1 -1 2 0 -2 1 -1 2 0 -2 1 -1 2 0 -2 1 -1 2 0 -2 1 -1 2 0 -2 1 -1 2 0 -2 1 -1 2 0 -2 1 -1 2 0 -2 1 -1 2 0 -2 1 -1 2 0 -2 1 -1 2 0 -2 1 -1 2 0 -2 1 -1 2 0 -2 1 -1 2 0 -2 1 -1 2 0 -2 1 -1 2 0 -2 1 -1 2 0 -2 1 -1 2 0 -2 1 -1 2 0 -2 1 -1 2 0 -2 1 -1 2 0 -2 1 -1 2 0 -2 1 -1 2 0 -2 1 -1 2 0 -2 1 -1 2 0 -2 1 -1 2 0 -2 1 -1 2 0 -2 1 -1 2 0 -2 1 -1 2 0 -2 1 -1 2 0 -2 1 -1 2 0 -2 1 -1 2 0 -2 1 -1 2 0 -2 1 -1 2 0 -2 1 -1 2 0 -2 1 -1 2 0 -2 1 -1 2 0 -2 1 -1 2 0 -2 1 -1 2 0 -2 1 -1 2 0 -2 1 -1 2 0 -2 1 -1 2 0 -2 1 -1 2 0 -2 1 -1 2 0 -2 1 -1 2 0 -2 1 -1 2 0 -2 1 -1 2 0 -2 1 -1 2 0 -2 1 -1 2 0 -2 1 -1 2 0 -2 1 -1 2 0 -2 1 -1 2 0 -2 1 -1 2 0 -2 1 -1 2 0 -2 1 -1 2 0 -2 1 -1 2 0 -2 1 -1 2 0 -2 1 -1 2 0 -2 1 -1 2 0 -2 1 -1 2 0 -2 1 -1 2 0 -2 1 -1 2 0 -2 1 -1 2 0 -2 1 -1 2 0 -2 1 -1 2 0 -2 1 -1 2 0 -2 1 -1 2 0 -2 1 -1 2 0 -2 1 -1 2 0 -2 1 -1 2 0 -2 1 -1 2 0 -2 1 -1 2 0 -2 1 -1 2 0 -2 1 -1 2 0 -2 1 -1 2 0 -2 1 -1 2 0 -2 1 -1 2 0 -2 1 -1 2 0 -2 1 -1 2 0 -2 1 -1 2 0 -2 1 -1 2 0 -2 1 -1 2 0 -2 1 -1 2 0 -2 1 -1 2 0 -2 1 -1 2 0 -2 1 -1 2 0 -2 1 -1 2 0 -2 1 -1 2 0 -2 1 -1 2 0 -2 1 -1 2 0 -2 1 -1 2 0 -2 1 -1 2 0 -2 1 -1 2 0 -2 1 -1 2 0 -2 1 -1 2 0 -2 1 -1 2 0 -2 1 -1 2 0 -2 1 -1 2 0
0 -1 -2 2 1 0 -1 -2 2 1 0 -1 -2 2 1 0 -1 -2 2 1 0 -1 -2 2 1 0 -1 -2 2 1 0 -1 -2 2 1 0 -1 -2 2 1 0 -1 -2 2 1 0 -1 -2 2 1 0 -1 -2 2 1 0 -1 -2 2 1 0 -1 -2 2 1 0 -1 -2 2 1 0 722 -2 2 1 0 -1 -2 2 1 0 -1 -2 2 1 0 -1 -2 2 1 0 -1 -2 2 1 0 -1 -2 2 1 0 -1 -2 2 1 0 -1 -2 2 1 0 -1 -2 2 1 0 -1 -2 2 1 0 -1 -2 2 1 0 -1 -2 2 1 0 -1 -2 2 1 0 -1 -2 2 1 0 -1 -2 2 1 0 -1 -2 2 1 0 -1 -2 2 1 0 -1 -2 2 1 0 -1 -2 2 1 0 -1 -2 2 1 0 -1 -2 2 1 0 -1 -2 2 1 0 -1 -2 2 1 0 -1 -2 2 1 0 -1 -2 2 1 0 -1 -2 2 1 0 -1 -2 2 1 0 -1 -2 2 1 0 -1 -2 2 1 0 -1 -2 2 1 0 -1 -2 2 1 0 -1 -2 2 1 0 -1 -2 2 1 0 -1 -2 2 1 0 -1 -2 2 1 0 -1 -2 2 1 0 -1 -2 2 1 0 -1 -2 2 1 0 -1 -2 2 1 0 -1 -2 2 1 0 -1 -2 2 1 0 -1 -2 2 1 0 -1 -2 2 1 0 -1 -2 2 1 0 -1 -2 2 1 0 -1 -2 2 1 0 -1 -2 2 1 0 -1 -2 2 1 0 -1 -2 2 1 0 -1 -2 2 1 0 -1 -2 2 1 0 -1 -2 2 1 0 -1 -2 2 1 0 -1 -2 2 1 0 -1 -2 2 1 0 -1 -2 2 1 0 -1 -2 2 1 0 -1 -2 2 1 0 -1 -2 2 1 0 -1 -2 2 1 0 -1 -2 2 1 0 -1 -2 2 1 0 -1 -2 2 1 0 -1 -2 2 1 0 -1 -2 2 1 0 -1 -2 2 1 0 -1 -2 2 1 0 -1 -2 2 1 0 -1 -2 2 1 0 -1 -2 2 1 0 -1 -2 2 1 0 -1 -2 2 1 0 -1 -2 2 1 0 -1 -2 2 1 0 -1 -2 2 1 0 -1 -2 2 1 0 -1 -2 2 1 0 -1 -2 2 1 0 -1 -2 2 1 0 -1 -2 2 1 0 -1 -2 2 1 0 -1 -2 2 1 0 -1 -2 2 1 0 -1 -2 2 1 0 -1 -2 2 1 0 -1 -2 2 1 0 -1 -2 2 1 0 -1 -2 2 1 0 -1 -2 2 1 0 -1 -2 2 1 0 -1 -2 2 1 0 -1 -2 2 1 0 -1 -2 2 1 0 -1 -2 2 1 0 -1 -2 2 1 0 -1 -2 2 1 0 -1 -2 2 1 0 -1 -2 2 1 0 -1 -2 2 1 0 -1 -2 2 1 0 -1 -2 2 1 0 -1 -2 2 1 0 -1 -2 2 1 0 -1 -2 2 1 0 -1 -2 2 1 0 -1 -2 2 1
2 2 2 2 2 2 2 2 2 2 2 2 2 2 2 2 2 2 2 2 2 2 2 2 2 2 2 2 2 2 2 2 2 2 2 2 2 2 2 2 2 2 2 2 2 2 2 2 2 2 2 2 2 2 2 2 2 2 2 2 2 2 2 2 2 2 2 2 2 2 2 2 1201 2 2 2 2 2 2 2 2 2 2 2 2 2 2 2 2 2 2 2 2 2 2 2 2 2 2 2 2 2 2 2 2 2 2 2 2 2 2 2 2 2 2 2 2 2 2 2 2 2 2 2 2 2 2 2 2 2 2 2 2 2 2 2 2 2 2 2 2 2 2 2 2 2 2 2 2 2 2 2 2 2 2 2 2 2 2 2 2 2 2 2 2 2 2 2 2 2 2 2 2 2 2 2 2 2 2 2 2 2 2 2 2 2 2 2 2 2 2 2 2 2 2 2 2 2 2 2 2 2 2 2 2 2 2 2 2 2 2 2 2 2 2 2 2 2 2 2 2 2 2 2 2 2 2 2 2 2 2 2 2 2 2 2 2 2 2 2 2 2 2 2 2 2 2 2 2 2 2 2 2 2 2 2 2 2 2 2 2 2 2 2 2 2 2 2 2 2 2 2 2 2 2 2 2 2 2 2 2 2 2 2 2 2 2 2 2 2 2 2 2 2 2 2 2 2 2 2 2 2 2 2 2 2 2 2 2 2 2 2 2 2 2 2 2 2 2 2 2 2 2 2 2 2 2 2 2 2 2 2 2 2 2 2 2 2 2 2 2 2 2 2 2 2 2 2 2 2 2 2 2 2 2 2 2 2 2 2 2 2 2 2 2 2 2 2 2 2 2 2 2 2 2 2 2 2 2 2 2 2 2 2 2 2 2 2 2 2 2 2 2 2 2 2 2 2 2 2 2 2 2 2 2 2 2 2 2 2 2 2 2 2 2 2 2 2 2 2 2 2 2 2 2 2 2 2 2 2 2 2 2 2 2 2 2 2 2 2 2 2 2 2 2 2 2 2 2 2 2 2 2 2 2 2 2 2 2 2 2 2 2 2 2 2 2 2 2 2 2 2 2 2 2 2 2 2 2 2 2 2 2 2 2 2 2 2 2 2 2 2 2 2 2 2 2 2 2 2 2 2 2 2 2 2 2 2 2 2 2 2 2 2 2 2 2 2 2 2 2 2 2 2 2 2 2 2 2 2 2 2 2 2 2 2 2 2 2 2 2 2 2 2 2 2 2 2 2 2 2 2 2 2 2 2 2 2 2 2 2 2 2 2 2 2 2 2 2 2 2 2 2 2 2 2 2 2 2 2 2 2 2 2 2 2 2 2 2 2 2 2 2 2 2 2 2 2 2 2
-1 0 1 2 -2 -1 0 1 2 -2 -1 0 1 2 -2 -1 0 1 2 -2 -1 0 1 2 -2 -1 0 1 2 -2 -1 0 1 2 -2 -1 0 1 2 -2 -1 0 1 2 -2 -1 0 1 2 -2 -1 0 1 2 -2 -1 0 1 2 -2 -1 0 1 2 -2 -1 0 1 2 -2 -1 0 1 721 -2 -1 0 1 2 -2 -1 0 1 2 -2 -1 0 1 2 -2 -1 0 1 2 -2 -1 0 1 2 -2 -1 0 1 2 -2 -1 0 1 2 -2 -1 0 1 2 -2 -1 0 1 2 -2 -1 0 1 2 -2 -1 0 1 2 -2 -1 0 1 2 -2 -1 0 1 2 -2 -1 0 1 2 -2 -1 0 1 2 -2 -1 0 1 2 -2 -1 0 1 2 -2 -1 0 1 2 -2 -1 0 1 2 -2 -1 0 1 2 -2 -1 0 1 2 -2 -1 0 1 2 -2 -1 0 1 2 -2 -1 0 1 2 -2 -1 0 1 2 -2 -1 0 1 2 -2 -1 0 1 2 -2 -1 0 1 2 -2 -1 0 1 2 -2 -1 0 1 2 -2 -1 0 1 2 -2 -1 0 1 2 -2 -1 0 1 2 -2 -1 0 1 2 -2 -1 0 1 2 -2 -1 0 1 2 -2 -1 0 1 2 -2 -1 0 1 2 -2 -1 0 1 2 -2 -1 0 1 2 -2 -1 0 1 2 -2 -1 0 1 2 -2 -1 0 1 2 -2 -1 0 1 2 -2 -1 0 1 2 -2 -1 0 1 2 -2 -1 0 1 2 -2 -1 0 1 2 -2 -1 0 1 2 -2 -1 0 1 2 -2 -1 0 1 2 -2 -1 0 1 2 -2 -1 0 1 2 -2 -1 0 1 2 -2 -1 0 1 2 -2 -1 0 1 2 -2 -1 0 1 2 -2 -1 0 1 2 -2 -1 0 1 2 -2 -1 0 1 2 -2 -1 0 1 2 -2 -1 0 1 2 -2 -1 0 1 2 -2 -1 0 1 2 -2 -1 0 1 2 -2 -1 0 1 2 -2 -1 0 1 2 -2 -1 0 1 2 -2 -1 0 1 2 -2 -1 0 1 2 -2 -1 0 1 2 -2 -1 0 1 2 -2 -1 0 1 2 -2 -1 0 1 2 -2 -1 0 1 2 -2 -1 0 1 2 -2 -1 0 1 2 -2 -1 0 1 2 -2 -1 0 1 2 -2 -1 0 1 2 -2 -1 0 1 2 -2 -1 0 1 2 -2 -1 0 1 2 -2 -1 0 1 2 -2 -1 0 1 2 -2 -1 0 1 2 -2 -1 0 1 2 -2 -1 0 1 2 -2 -1 0 1 2 -2 -1 0 1 2 -2 -1 0 1 2 -2 -1 0 1 2 -2 -1 0 1 2 -2 -1 0 1 2 -2 -1 0 1 2 -2 -1 0 1 2 -2 -1 0 1 2 -2 -1 0 1 2 -2 -1 0 1 2 -2 -1 0 1 2 -2 -1 0 1 2 -2 -1 0 1 2 -2 -1 0 1 2 -2 -1 0 1 2 -2 -1 0 1 2 -2
1 -2 0 2 -1 1 -2 0 2 -1 1 -2 0 2 -1 1 -2 0 2 -1 1 -2 0 2 -1 1 -2 0 2 -1 1 -2 0 2 -1 1 -2 0 2 -1 1 -2 0 2 -1 1 -2 0 2 -1 1 -2 0 2 -1 1 -2 0 2 -1 1 -2 0 2 -1 1 -2 0 2 -1 1 -2 0 2 722 1 -2 0 2 -1 1 -2 0 2 -1 1 -2 0 2 -1 1 -2 0 2 -1 1 -2 0 2 -1 1 -2 0 2 -1 1 -2 0 2 -1 1 -2 0 2 -1 1 -2 0 2 -1 1 -2 0 2 -1 1 -2 0 2 -1 1 -2 0 2 -1 1 -2 0 2 -1 1 -2 0 2 -1 1 -2 0 2 -1 1 -2 0 2 -1 1 -2 0 2 -1 1 -2 0 2 -1 1 -2 0 2 -1 1 -2 0 2 -1 1 -2 0 2 -1 1 -2 0 2 -1 1 -2 0 2 -1 1 -2 0 2 -1 1 -2 0 2 -1 1 -2 0 2 -1 1 -2 0 2 -1 1 -2 0 2 -1 1 -2 0 2 -1 1 -2 0 2 -1 1 -2 0 2 -1 1 -2 0 2 -1 1 -2 0 2 -1 1 -2 0 2 -1 1 -2 0 2 -1 1 -2 0 2 -1 1 -2 0 2 -1 1 -2 0 2 -1 1 -2 0 2 -1 1 -2 0 2 -1 1 -2 0 2 -1 1 -2 0 2 -1 1 -2 0 2 -1 1 -2 0 2 -1 1 -2 0 2 -1 1 -2 0 2 -1 1 -2 0 2 -1 1 -2 0 2 -1 1 -2 0 2 -1 1 -2 0 2 -1 1 -2 0 2 -1 1 -2 0 2 -1 1 -2 0 2 -1 1 -2 0 2 -1 1 -2 0 2 -1 1 -2 0 2 -1 1 -2 0 2 -1 1 -2 0 2 -1 1 -2 0 2 -1 1 -2 0 2 -1 1 -2 0 2 -1 1 -2 0 2 -1 1 -2 0 2 -1 1 -2 0 2 -1 1 -2 0 2 -1 1 -2 0 2 -1 1 -2 0 2 -1 1 -2 0 2 -1 1 -2 0 2 -1 1 -2 0 2 -1 1 -2 0 2 -1 1 -2 0 2 -1 1 -2 0 2 -1 1 -2 0 2 -1 1 -2 0 2 -1 1 -2 0 2 -1 1 -2 0 2 -1 1 -2 0 2 -1 1 -2 0 2 -1 1 -2 0 2 -1 1 -2 0 2 -1 1 -2 0 2 -1 1 -2 0 2 -1 1 -2 0 2 -1 1 -2 0 2 -1 1 -2 0 2 -1 1 -2 0 2 -1 1 -2 0 2 -1 1 -2 0 2 -1 1 -2 0 2 -1 1 -2 0 2 -1 1 -2 0 2 -1 1 -2 0 2 -1 1 -2 0 2 -1 1 -2 0 2 -1 1 -2 0 2 -1 1 -2 0 2 -1 1 -2 0 2 -1 1 -2 0 2 -1 1 -2 0 2 -1 1 -2 0 2 -1 1 -2 0 2 -1 1 -2 0 2 -1 1 -2 0 2 -1 1 -2 0 2 -1
-2 1 -1 2 0 -2 1 -1 2 0 -2 1 -1 2 0 -2 1 -1 2 0 -2 1 -1 2 0 -2 1 -1 2 0 -2 1 -1 2 0 -2 1 -1 2 0 -2 1 -1 2 0 -2 1 -1 2 0 -2 1 -1 2 0 -2 1 -1 2 0 -2 1 -1 2 0 -2 1 -1 2 0 -2 1 -1 2 0 721 1 -1 2 0 -2 1 -1 2 0 -2 1 -1 2 0 -2 1 -1 2 0 -2 1 -1 2 0 -2 1 -1 2 0 -2 1 -1 2 0 -2 1 -1 2 0 -2 1 -1 2 0 -2 1 -1 2 0 -2 1 -1 2 0 -2 1 -1 2 0 -2 1 -1 2 0 -2 1 -1 2 0 -2 1 -1 2 0 -2 1 -1 2 0 -2 1 -1 2 0 -2 1 -1 2 0 -2 1 -1 2 0 -2 1 -1 2 0 -2 1 -1 2 0 -2 1 -1 2 0 -2 1 -1 2 0 -2 1 -1 2 0 -2 1 -1 2 0 -2 1 -1 2 0 -2 1 -1 2 0 -2 1 -1 2 0 -2 1 -1 2 0 -2 1 -1 2 0 -2 1 -1 2 0 -2 1 -1 2 0 -2 1 -1 2 0 -2 1 -1 2 0 -2 1 -1 2 0 -2 1 -1 2 0 -2 1 -1 2 0 -2 1 -1 2 0 -2 1 -1 2 0 -2 1 -1 2 0 -2 1 -1 2 0 -2 1 -1 2 0 -2 1 -1 2 0 -2 1 -1 2 0 -2 1 -1 2 0 -2 1 -1 2 0 -2 1 -1 2 0 -2 1 -1 2 0 -2 1 -1 2 0 -2 1 -1 2 0 -2 1 -1 2 0 -2 1 -1 2 0 -2 1 -1 2 0 -2 1 -1 2 0 -2 1 -1 2 0 -2 1 -1 2 0 -2 1 -1 2 0 -2 1 -1 2 0 -2 1 -1 2 0 -2 1 -1 2 0 -2 1 -1 2 0 -2 1 -1 2 0 -2 1 -1 2 0 -2 1 -1 2 0 -2 1 -1 2 0 -2 1 -1 2 0 -2 1 -1 2 0 -2 1 -1 2 0 -2 1 -1 2 0 -2 1 -1 2 0 -2 1 -1 2 0 -2 1 -1 2 0 -2 1 -1 2 0 -2 1 -1 2 0 -2 1 -1 2 0 -2 1 -1 2 0 -2 1 -1 2 0 -2 1 -1 2 0 -2 1 -1 2 0 -2 1 -1 2 0 -2 1 -1 2 0 -2 1 -1 2 0 -2 1 -1 2 0 -2 1 -1 2 0 -2 1 -1 2 0 -2 1 -1 2 0 -2 1 -1 2 0 -2 1 -1 2 0 -2 1 -1 2 0 -2 1 -1 2 0 -2 1 -1 2 0 -2 1 -1 2 0 -2 1 -1 2 0 -2 1 -1 2 0 -2 1 -1 2 0 -2 1 -1 2 0 -2 1 -1 2 0 -2 1 -1 2 0 -2 1 -1 2 0 -2 1 -1 2 0 -2 1 -1 2 0 -2 1 -1 2 0 -2 1 -1 2 0 -2 1 -1 2 0 -2 1 -1 2 0
0 -1 -2 2 1 0 -1 -2 2 1 0 -1 -2 2 1 0 -1 -2 2 1 0 -1 -2 2 1 0 -1 -2 2 1 0 -1 -2 2 1 0 -1 -2 2 1 0 -1 -2 2 1 0 -1 -2 2 1 0 -1 -2 2 1 0 -1 -2 2 1 0 -1 -2 2 1 0 -1 -2 2 1 0 -1 -2 2 1 0 722 -2 2 1 0 -1 -2 2 1 0 -1 -2 2 1 0 -1 -2 2 1 0 -1 -2 2 1 0 -1 -2 2 1 0 -1 -2 2 1 0 -1 -2 2 1 0 -1 -2 2 1 0 -1 -2 2 1 0 -1 -2 2 1 0 -1 -2 2 1 0 -1 -2 2 1 0 -1 -2 2 1 0 -1 -2 2 1 0 -1 -2 2 1 0 -1 -2 2 1 0 -1 -2 2 1 0 -1 -2 2 1 0 -1 -2 2 1 0 -1 -2 2 1 0 -1 -2 2 1 0 -1 -2 2 1 0 -1 -2 2 1 0 -1 -2 2 1 0 -1 -2 2 1 0 -1 -2 2 1 0 -1 -2 2 1 0 -1 -2 2 1 0 -1 -2 2 1 0 -1 -2 2 1 0 -1 -2 2 1 0 -1 -2 2 1 0 -1 -2 2 1 0 -1 -2 2 1 0 -1 -2 2 1 0 -1 -2 2 1 0 -1 -2 2 1 0 -1 -2 2 1 0 -1 -2 2 1 0 -1 -2 2 1 0 -1 -2 2 1 0 -1 -2 2 1 0 -1 -2 2 1 0 -1 -2 2 1 0 -1 -2 2 1 0 -1 -2 2 1 0 -1 -2 2 1 0 -1 -2 2 1 0 -1 -2 2 1 0 -1 -2 2 1 0 -1 -2 2 1 0 -1 -2 2 1 0 -1 -2 2 1 0 -1 -2 2 1 0 -1 -2 2 1 0 -1 -2 2 1 0 -1 -2 2 1 0 -1 -2 2 1 0 -1 -2 2 1 0 -1 -2 2 1 0 -1 -2 2 1 0 -1 -2 2 1 0 -1 -2 2 1 0 -1 -2 2 1 0 -1 -2 2 1 0 -1 -2 2 1 0 -1 -2 2 1 0 -1 -2 2 1 0 -1 -2 2 1 0 -1 -2 2 1 0 -1 -2 2 1 0 -1 -2 2 1 0 -1 -2 2 1 0 -1 -2 2 1 0 -1 -2 2 1 0 -1 -2 2 1 0 -1 -2 2 1 0 -1 -2 2 1 0 -1 -2 2 1 0 -1 -2 2 1 0 -1 -2 2 1 0 -1 -2 2 1 0 -1 -2 2 1 0 -1 -2 2 1 0 -1 -2 2 1 0 -1 -2 2 1 0 -1 -2 2 1 0 -1 -2 2 1 0 -1 -2 2 1 0 -1 -2 2 1 0 -1 -2 2 1 0 -1 -2 2 1 0 -1 -2 2 1 0 -1 -2 2 1 0 -1 -2 2 1 0 -1 -2 2 1 0 -1 -2 2 1 0 -1 -2 2 1 0 -1 -2 2 1 0 -1 -2 2 1 0 -1 -2 2 1 0 -1 -2 2 1 0 -1 -2 2 1 0 -1 -2 2 1
2 2 2 2 2 2 2 2 2 2 2 2 2 2 2 2 2 2 2 2 2 2 2 2 2 2 2 2 2 2 2 2 2 2 2 2 2 2 2 2 2 2 2 2 2 2 2 2 2 2 2 2 2 2 2 2 2 2 2 2 2 2 2 2 2 2 2 2 2 2 2 2 2 2 2 2 2 1201 2 2 2 2 2 2 2 2 2 2 2 2 2 2 2 2 2 2 2 2 2 2 2 2 2 2 2 2 2 2 2 2 2 2 2 2 2 2 2 2 2 2 2 2 2 2 2 2 2 2 2 2 2 2 2 2 2 2 2 2 2 2 2 2 2 2 2 2 2 2 2 2 2 2 2 2 2 2 2 2 2 2 2 2 2 2 2 2 2 2 2 2 2 2 2 2 2 2 2 2 2 2 2 2 2 2 2 2 2 2 2 2 2 2 2 2 2 2 2 2 2 2 2 2 2 2 2 2 2 2 2 2 2 2 2 2 2 2 2 2 2 2 2 2 2 2 2 2 2 2 2 2 2 2 2 2 2 2 2 2 2 2 2 2 2 2 2 2 2 2 2 2 2 2 2 2 2 2 2 2 2 2 2 2 2 2 2 2 2 2 2 2 2 2 2 2 2 2 2 2 2 2 2 2 2 2 2 2 2 2 2 2 2 2 2 2 2 2 2 2 2 2 2 2 2 2 2 2 2 2 2 2 2 2 2 2 2 2 2 2 2 2 2 2 2 2 2 2 2 2 2 2 2 2 2 2 2 2 2 2 2 2 2 2 2 2 2 2 2 2 2 2 2 2 2 2 2 2 2 2 2 2 2 2 2 2 2 2 2 2 2 2 2 2 2 2 2 2 2 2 2 2 2 2 2 2 2 2 2 2 2 2 2 2 2 2 2 2 2 2 2 2 2 2 2 2 2 2 2 2 2 2 2 2 2 2 2 2 2 2 2 2 2 2 2 2 2 2 2 2 2 2 2 2 2 2 2 2 2 2 2 2 2 2 2 2 2 2 2 2 2 2 2 2 2 2 2 2 2 2 2 2 2 2 2 2 2 2 2 2 2 2 2 2 2 2 2 2 2 2 2 2 2 2 2 2 2 2 2 2 2 2 2 2 2 2 2 2 2 2 2 2 2 2 2 2 2 2 2 2 2 2 2 2 2 2 2 2 2 2 2 2 2 2 2 2 2 2 2 2 2 2 2 2 2 2 2 2 2 2 2 2 2 2 2 2 2 2 2 2 2 2 2 2 2 2 2 2 2 2 2 2 2 2 2 2 2 2 2 2 2 2 2 2 2 2 2 2 2 2 2 2 2 2 2 2 2 2 2 2 2 2 2 2 2 2 2 2 2 2 2 2
-1 0 1 2 -2 -1 0 1 2 -2 -1 0 1 2 -2 -1 0 1 2 -2 -1 0 1 2 -2 -1 0 1 2 -2 -1 0 1 2 -2 -1 0 1 2 -2 -1 0 1 2 -2 -1 0 1 2 -2 -1 0 1 2 -2 -1 0 1 2 -2 -1 0 1 2 -2 -1 0 1 2 -2 -1 0 1 2 -2 -1 0 1 721 -2 -1 0 1 2 -2 -1 0 1 2 -2 -1 0 1 2 -2 -1 0 1 2 -2 -1 0 1 2 -2 -1 0 1 2 -2 -1 0 1 2 -2 -1 0 1 2 -2 -1 0 1 2 -2 -1 0 1 2 -2 -1 0 1 2 -2 -1 0 1 2 -2 -1 0 1 2 -2 -1 0 1 2 -2 -1 0 1 2 -2 -1 0 1 2 -2 -1 0 1 2 -2 -1 0 1 2 -2 -1 0 1 2 -2 -1 0 1 2 -2 -1 0 1 2 -2 -1 0 1 2 -2 -1 0 1 2 -2 -1 0 1 2 -2 -1 0 1 2 -2 -1 0 1 2 -2 -1 0 1 2 -2 -1 0 1 2 -2 -1 0 1 2 -2 -1 0 1 2 -2 -1 0 1 2 -2 -1 0 1 2 -2 -1 0 1 2 -2 -1 0 1 2 -2 -1 0 1 2 -2 -1 0 1 2 -2 -1 0 1 2 -2 -1 0 1 2 -2 -1 0 1 2 -2 -1 0 1 2 -2 -1 0 1 2 -2 -1 0 1 2 -2 -1 0 1 2 -2 -1 0 1 2 -2 -1 0 1 2 -2 -1 0 1 2 -2 -1 0 1 2 -2 -1 0 1 2 -2 -1 0 1 2 -2 -1 0 1 2 -2 -1 0 1 2 -2 -1 0 1 2 -2 -1 0 1 2 -2 -1 0 1 2 -2 -1 0 1 2 -2 -1 0 1 2 -2 -1 0 1 2 -2 -1 0 1 2 -2 -1 0 1 2 -2 -1 0 1 2 -2 -1 0 1 2 -2 -1 0 1 2 -2 -1 0 1 2 -2 -1 0 1 2 -2 -1 0 1 2 -2 -1 0 1 2 -2 -1 0 1 2 -2 -1 0 1 2 -2 -1 0 1 2 -2 -1 0 1 2 -2 -1 0 1 2 -2 -1 0 1 2 -2 -1 0 1 2 -2 -1 0 1 2 -2 -1 0 1 2 -2 -1 0 1 2 -2 -1 0 1 2 -2 -1 0 1 2 -2 -1 0 1 2 -2 -1 0 1 2 -2 -1 0 1 2 -2 -1 0 1 2 -2 -1 0 1 2 -2 -1 0 1 2 -2 -1 0 1 2 -2 -1 0 1 2 -2 -1 0 1 2 -2 -1 0 1 2 -2 -1 0 1 2 -2 -1 0 1 2 -2 -1 0 1 2 -2 -1 0 1 2 -2 -1 0 1 2 -2 -1 0 1 2 -2 -1 0 1 2 -2 -1 0 1 2 -2 -1 0 1 2 -2 -1 0 1 2 -2 -1 0 1 2 -2 -1 0 1 2 -2 -1 0 1 2 -2 -1 0 1 2 -2 -1 0 1 2 -2 -1 0 1 2 -2
1 -2 0 2 -1 1 -2 0 2 -1 1 -2 0 2 -1 1 -2 0 2 -1 1 -2 0 2 -1 1 -2 0 2 -1 1 -2 0 2 -1 1 -2 0 2 -1 1 -2 0 2 -1 1 -2 0 2 -1 1 -2 0 2 -1 1 -2 0 2 -1 1 -2 0 2 -1 1 -2 0 2 -1 1 -2 0 2 -1 1 -2 0 2 722 1 -2 0 2 -1 1 -2 0 2 -1 1 -2 0 2 -1 1 -2 0 2 -1 1 -2 0 2 -1 1 -2 0 2 -1 1 -2 0 2 -1 1 -2 0 2 -1 1 -2 0 2 -1 1 -2 0 2 -1 1 -2 0 2 -1 1 -2 0 2 -1 1 -2 0 2 -1 1 -2 0 2 -1 1 -2 0 2 -1 1 -2 0 2 -1 1 -2 0 2 -1 1 -2 0 2 -1 1 -2 0 2 -1 1 -2 0 2 -1 1 -2 0 2 -1 1 -2 0 2 -1 1 -2 0 2 -1 1 -2 0 2 -1 1 -2 0 2 -1 1 -2 0 2 -1 1 -2 0 2 -1 1 -2 0 2 -1 1 -2 0 2 -1 1 -2 0 2 -1 1 -2 0 2 -1 1 -2 0 2 -1 1 -2 0 2 -1 1 -2 0 2 -1 1 -2 0 2 -1 1 -2 0 2 -1 1 -2 0 2 -1 1 -2 0 2 -1 1 -2 0 2 -1 1 -2 0 2 -1 1 -2 0 2 -1 1 -2 0 2 -1 1 -2 0 2 -1 1 -2 0 2 -1 1 -2 0 2 -1 1 -2 0 2 -1 1 -2 0 2 -1 1 -2 0 2 -1 1 -2 0 2 -1 1 -2 0 2 -1 1 -2 0 2 -1 1 -2 0 2 -1 1 -2 0 2 -1 1 -2 0 2 -1 1 -2 0 2 -1 1 -2 0 2 -1 1 -2 0 2 -1 1 -2 0 2 -1 1 -2 0 2 -1 1 -2 0 2 -1 1 -2 0 2 -1 1 -2 0 2 -1 1 -2 0 2 -1 1 -2 0 2 -1 1 -2 0 2 -1 1 -2 0 2 -1 1 -2 0 2 -1 1 -2 0 2 -1 1 -2 0 2 -1 1 -2 0 2 -1 1 -2 0 2 -1 1 -2 0 2 -1 1 -2 0 2 -1 1 -2 0 2 -1 1 -2 0 2 -1 1 -2 0 2 -1 1 -2 0 2 -1 1 -2 0 2 -1 1 -2 0 2 -1 1 -2 0 2 -1 1 -2 0 2 -1 1 -2 0 2 -1 1 -2 0 2 -1 1 -2 0 2 -1 1 -2 0 2 -1 1 -2 0 2 -1 1 -2 0 2 -1 1 -2 0 2 -1 1 -2 0 2 -1 1 -2 0 2 -1 1 -2 0 2 -1 1 -2 0 2 -1 1 -2 0 2 -1 1 -2 0 2 -1 1 -2 0 2 -1 1 -2 0 2 -1 1 -2 0 2 -1 1 -2 0 2 -1 1 -2 0 2 -1 1 -2 0 2 -1 1 -2 0 2 -1 1 -2 0 2 -1 1 -2 0 2 -1 1 -2 0 2 -1
-2 1 -1 2 0 -2 1 -1 2 0 -2 1 -1 2 0 -2 1 -1 2 0 -2 1 -1 2 0 -2 1 -1 2 0 -2 1 -1 2 0 -2 1 -1 2 0 -2 1 -1 2 0 -2 1 -1 2 0 -2 1 -1 2 0 -2 1 -1 2 0 -2 1 -1 2 0 -2 1 -1 2 0 -2 1 -1 2 0 -2 1 -1 2 0 721 1 -1 2 0 -2 1 -1 2 0 -2 1 -1 2 0 -2 1 -1 2 0 -2 1 -1 2 0 -2 1 -1 2 0 -2 1 -1 2 0 -2 1 -1 2 0 -2 1 -1 2 0 -2 1 -1 2 0 -2 1 -1 2 0 -2 1 -1 2 0 -2 1 -1 2 0 -2 1 -1 2 0 -2 1 -1 2 0 -2 1 -1 2 0 -2 1 -1 2 0 -2 1 -1 2 0 -2 1 -1 2 0 -2 1 -1 2 0 -2 1 -1 2 0 -2 1 -1 2 0 -2 1 -1 2 0 -2 1 -1 2 0 -2 1 -1 2 0 -2 1 -1 2 0 -2 1 -1 2 0 -2 1 -1 2 0 -2 1 -1 2 0 -2 1 -1 2 0 -2 1 -1 2 0 -2 1 -1 2 0 -2 1 -1 2 0 -2 1 -1 2 0 -2 1 -1 2 0 -2 1 -1 2 0 -2 1 -1 2 0 -2 1 -1 2 0 -2 1 -1 2 0 -2 1 -1 2 0 -2 1 -1 2 0 -2 1 -1 2 0 -2 1 -1 2 0 -2 1 -1 2 0 -2 1 -1 2 0 -2 1 -1 2 0 -2 1 -1 2 0 -2 1 -1 2 0 -2 1 -1 2 0 -2 1 -1 2 0 -2 1 -1 2 0 -2 1 -1 2 0 -2 1 -1 2 0 -2 1 -1 2 0 -2 1 -1 2 0 -2 1 -1 2 0 -2 1 -1 2 0 -2 1 -1 2 0 -2 1 -1 2 0 -2 1 -1 2 0 -2 1 -1 2 0 -2 1 -1 2 0 -2 1 -1 2 0 -2 1 -1 2 0 -2 1 -1 2 0 -2 1 -1 2 0 -2 1 -1 2 0 -2 1 -1 2 0 -2 1 -1 2 0 -2 1 -1 2 0 -2 1 -1 2 0 -2 1 -1 2 0 -2 1 -1 2 0 -2 1 -1 2 0 -2 1 -1 2 0 -2 1 -1 2 0 -2 1 -1 2 0 -2 1 -1 2 0 -2 1 -1 2 0 -2 1 -1 2 0 -2 1 -1 2 0 -2 1 -1 2 0 -2 1 -1 2 0 -2 1 -1 2 0 -2 1 -1 2 0 -2 1 -1 2 0 -2 1 -1 2 0 -2 1 -1 2 0 -2 1 -1 2 0 -2 1 -1 2 0 -2 1 -1 2 0 -2 1 -1 2 0 -2 1 -1 2 0 -2 1 -1 2 0 -2 1 -1 2 0 -2 1 -1 2 0 -2 1 -1 2 0 -2 1 -1 2 0 -2 1 -1 2 0 -2 1 -1 2 0 -2 1 -1 2 0 -2 1 -1 2 0 -2 1 -1 2 0 -2 1 -1 2 0
0 -1 -2 2 1 0 -1 -2 2 1 0 -1 -2 2 1 0 -1 -2 2 1 0 -1 -2 2 1 0 -1 -2 2 1 0 -1 -2 2 1 0 -1 -2 2 1 0 -1 -2 2 1 0 -1 -2 2 1 0 -1 -2 2 1 0 -1 -2 2 1 0 -1 -2 2 1 0 -1 -2 2 1 0 -1 -2 2 1 0 -1 -2 2 1 0 722 -2 2 1 0 -1 -2 2 1 0 -1 -2 2 1 0 -1 -2 2 1 0 -1 -2 2 1 0 -1 -2 2 1 0 -1 -2 2 1 0 -1 -2 2 1 0 -1 -2 2 1 0 -1 -2 2 1 0 -1 -2 2 1 0 -1 -2 2 1 0 -1 -2 2 1 0 -1 -2 2 1 0 -1 -2 2 1 0 -1 -2 2 1 0 -1 -2 2 1 0 -1 -2 2 1 0 -1 -2 2 1 0 -1 -2 2 1 0 -1 -2 2 1 0 -1 -2 2 1 0 -1 -2 2 1 0 -1 -2 2 1 0 -1 -2 2 1 0 -1 -2 2 1 0 -1 -2 2 1 0 -1 -2 2 1 0 -1 -2 2 1 0 -1 -2 2 1 0 -1 -2 2 1 0 -1 -2 2 1 0 -1 -2 2 1 0 -1 -2 2 1 0 -1 -2 2 1 0 -1 -2 2 1 0 -1 -2 2 1 0 -1 -2 2 1 0 -1 -2 2 1 0 -1 -2 2 1 0 -1 -2 2 1 0 -1 -2 2 1 0 -1 -2 2 1 0 -1 -2 2 1 0 -1 -2 2 1 0 -1 -2 2 1 0 -1 -2 2 1 0 -1 -2 2 1 0 -1 -2 2 1 0 -1 -2 2 1 0 -1 -2 2 1 0 -1 -2 2 1 0 -1 -2 2 1 0 -1 -2 2 1 0 -1 -2 2 1 0 -1 -2 2 1 0 -1 -2 2 1 0 -1 -2 2 1 0 -1 -2 2 1 0 -1 -2 2 1 0 -1 -2 2 1 0 -1 -2 2 1 0 -1 -2 2 1 0 -1 -2 2 1 0 -1 -2 2 1 0 -1 -2 2 1 0 -1 -2 2 1 0 -1 -2 2 1 0 -1 -2 2 1 0 -1 -2 2 1 0 -1 -2 2 1 0 -1 -2 2 1 0 -1 -2 2 1 0 -1 -2 2 1 0 -1 -2 2 1 0 -1 -2 2 1 0 -1 -2 2 1 0 -1 -2 2 1 0 -1 -2 2 1 0 -1 -2 2 1 0 -1 -2 2 1 0 -1 -2 2 1 0 -1 -2 2 1 0 -1 -2 2 1 0 -1 -2 2 1 0 -1 -2 2 1 0 -1 -2 2 1 0 -1 -2 2 1 0 -1 -2 2 1 0 -1 -2 2 1 0 -1 -2 2 1 0 -1 -2 2 1 0 -1 -2 2 1 0 -1 -2 2 1 0 -1 -2 2 1 0 -1 -2 2 1 0 -1 -2 2 1 0 -1 -2 2 1 0 -1 -2 2 1 0 -1 -2 2 1 0 -1 -2 2 1 0 -1 -2 2 1 0 -1 -2 2 1 0 -1 -2 2 1
2 2 2 2 2 2 2 2 2 2 2 2 2 2 2 2 2 2 2 2 2 2 2 2 2 2 2 2 2 2 2 2 2 2 2 2 2 2 2 2 2 2 2 2 2 2 2 2 2 2 2 2 2 2 2 2 2 2 2 2 2 2 2 2 2 2 2 2 2 2 2 2 2 2 2 2 2 2 2 2 2 2 1201 2 2 2 2 2 2 2 2 2 2 2 2 2 2 2 2 2 2 2 2 2 2 2 2 2 2 2 2 2 2 2 2 2 2 2 2 2 2 2 2 2 2 2 2 2 2 2 2 2 2 2 2 2 2 2 2 2 2 2 2 2 2 2 2 2 2 2 2 2 2 2 2 2 2 2 2 2 2 2 2 2 2 2 2 2 2 2 2 2 2 2 2 2 2 2 2 2 2 2 2 2 2 2 2 2 2 2 2 2 2 2 2 2 2 2 2 2 2 2 2 2 2 2 2 2 2 2 2 2 2 2 2 2 2 2 2 2 2 2 2 2 2 2 2 2 2 2 2 2 2 2 2 2 2 2 2 2 2 2 2 2 2 2 2 2 2 2 2 2 2 2 2 2 2 2 2 2 2 2 2 2 2 2 2 2 2 2 2 2 2 2 2 2 2 2 2 2 2 2 2 2 2 2 2 2 2 2 2 2 2 2 2 2 2 2 2 2 2 2 2 2 2 2 2 2 2 2 2 2 2 2 2 2 2 2 2 2 2 2 2 2 2 2 2 2 2 2 2 2 2 2 2 2 2 2 2 2 2 2 2 2 2 2 2 2 2 2 2 2 2 2 2 2 2 2 2 2 2 2 2 2 2 2 2 2 2 2 2 2 2 2 2 2 2 2 2 2 2 2 2 2 2 2 2 2 2 2 2 2 2 2 2 2 2 2 2 2 2 2 2 2 2 2 2 2 2 2 2 2 2 2 2 2 2 2 2 2 2 2 2 2 2 2 2 2 2 2 2 2 2 2 2 2 2 2 2 2 2 2 2 2 2 2 2 2 2 2 2 2 2 2 2 2 2 2 2 2 2 2 2 2 2 2 2 2 2 2 2 2 2 2 2 2 2 2 2 2 2 2 2 2 2 2 2 2 2 2 2 2 2 2 2 2 2 2 2 2 2 2 2 2 2 2 2 2 2 2 2 2 2 2 2 2 2 2 2 2 2 2 2 2 2 2 2 2 2 2 2 2 2 2 2 2 2 2 2 2 2 2 2 2 2 2 2 2 2 2 2 2 2 2 2 2 2 2 2 2 2 2 2 2 2 2 2 2 2 2 2 2 2 2 2 2 2 2 2 2 2 2 2 2 2 2 2 2 2 2 2 2 2 2 2 2 2 2 2 2
-1 0 1 2 -2 -1 0 1 2 -2 -1 0 1 2 -2 -1 0 1 2 -2 -1 0 1 2 -2 -1 0 1 2 -2 -1 0 1 2 -2 -1 0 1 2 -2 -1 0 1 2 -2 -1 0 1 2 -2 -1 0 1 2 -2 -1 0 1 2 -2 -1 0 1 2 -2 -1 0 1 2 -2 -1 0 1 2 -2 -1 0 1 2 -2 -1 0 1 721 -2 -1 0 1 2 -2 -1 0 1 2 -2 -1 0 1 2 -2 -1 0 1 2 -2 -1 0 1 2 -2 -1 0 1 2 -2 -1 0 1 2 -2 -1 0 1 2 -2 -1 0 1 2 -2 -1 0 1 2 -2 -1 0 1 2 -2 -1 0 1 2 -2 -1 0 1 2 -2 -1 0 1 2 -2 -1 0 1 2 -2 -1 0 1 2 -2 -1 0 1 2 -2 -1 0 1 2 -2 -1 0 1 2 -2 -1 0 1 2 -2 -1 0 1 2 -2 -1 0 1 2 -2 -1 0 1 2 -2 -1 0 1 2 -2 -1 0 1 2 -2 -1 0 1 2 -2 -1 0 1 2 -2 -1 0 1 2 -2 -1 0 1 2 -2 -1 0 1 2 -2 -1 0 1 2 -2 -1 0 1 2 -2 -1 0 1 2 -2 -1 0 1 2 -2 -1 0 1 2 -2 -1 0 1 2 -2 -1 0 1 2 -2 -1 0 1 2 -2 -1 0 1 2 -2 -1 0 1 2 -2 -1 0 1 2 -2 -1 0 1 2 -2 -1 0 1 2 -2 -1 0 1 2 -2 -1 0 1 2 -2 -1 0 1 2 -2 -1 0 1 2 -2 -1 0 1 2 -2 -1 0 1 2 -2 -1 0 1 2 -2 -1 0 1 2 -2 -1 0 1 2 -2 -1 0 1 2 -2 -1 0 1 2 -2 -1 0 1 2 -2 -1 0 1 2 -2 -1 0 1 2 -2 -1 0 1 2 -2 -1 0 1 2 -2 -1 0 1 2 -2 -1 0 1 2 -2 -1 0 1 2 -2 -1 0 1 2 -2 -1 0 1 2 -2 -1 0 1 2 -2 -1 0 1 2 -2 -1 0 1 2 -2 -1 0 1 2 -2 -1 0 1 2 -2 -1 0 1 2 -2 -1 0 1 2 -2 -1 0 1 2 -2 -1 0 1 2 -2 -1 0 1 2 -2 -1 0 1 2 -2 -1 0 1 2 -2 -1 0 1 2 -2 -1 0 1 2 -2 -1 0 1 2 -2 -1 0 1 2 -2 -1 0 1 2 -2 -1 0 1 2 -2 -1 0 1 2 -2 -1 0 1 2 -2 -1 0 1 2 -2 -1 0 1 2 -2 -1 0 1 2 -2 -1 0 1 2 -2 -1 0 1 2 -2 -1 0 1 2 -2 -1 0 1 2 -2 -1 0 1 2 -2 -1 0 1 2 -2 -1 0 1 2 -2 -1 0 1 2 -2 -1 0 1 2 -2 -1 0 1 2 -2 -1 0 1 2 -2 -1 0 1 2 -2 -1 0 1 2 -2 -1 0 1 2 -2 -1 0 1 2 -2 -1 0 1 2 -2
1 -2 0 2 -1 1 -2 0 2 -1 1 -2 0 2 -1 1 -2 0 2 -1 1 -2 0 2 -1 1 -2 0 2 -1 1 -2 0 2 -1 1 -2 0 2 -1 1 -2 0 2 -1 1 -2 0 2 -1 1 -2 0 2 -1 1 -2 0 2 -1 1 -2 0 2 -1 1 -2 0 2 -1 1 -2 0 2 -1 1 -2 0 2 -1 1 -2 0 2 722 1 -2 0 2 -1 1 -2 0 2 -1 1 -2 0 2 -1 1 -2 0 2 -1 1 -2 0 2 -1 1 -2 0 2 -1 1 -2 0 2 -1 1 -2 0 2 -1 1 -2 0 2 -1 1 -2 0 2 -1 1 -2 0 2 -1 1 -2 0 2 -1 1 -2 0 2 -1 1 -2 0 2 -1 1 -2 0 2 -1 1 -2 0 2 -1 1 -2 0 2 -1 1 -2 0 2 -1 1 -2 0 2 -1 1 -2 0 2 -1 1 -2 0 2 -1 1 -2 0 2 -1 1 -2 0 2 -1 1 -2 0 2 -1 1 -2 0 2 -1 1 -2 0 2 -1 1 -2 0 2 -1 1 -2 0 2 -1 1 -2 0 2 -1 1 -2 0 2 -1 1 -2 0 2 -1 1 -2 0 2 -1 1 -2 0 2 -1 1 -2 0 2 -1 1 -2 0 2 -1 1 -2 0 2 -1 1 -2 0 2 -1 1 -2 0 2 -1 1 -2 0 2 -1 1 -2 0 2 -1 1 -2 0 2 -1 1 -2 0 2 -1 1 -2 0 2 -1 1 -2 0 2 -1 1 -2 0 2 -1 1 -2 0 2 -1 1 -2 0 2 -1 1 -2 0 2 -1 1 -2 0 2 -1 1 -2 0 2 -1 1 -2 0 2 -1 1 -2 0 2 -1 1 -2 0 2 -1 1 -2 0 2 -1 1 -2 0 2 -1 1 -2 0 2 -1 1 -2 0 2 -1 1 -2 0 2 -1 1 -2 0 2 -1 1 -2 0 2 -1 1 -2 0 2 -1 1 -2 0 2 -1 1 -2 0 2 -1 1 -2 0 2 -1 1 -2 0 2 -1 1 -2 0 2 -1 1 -2 0 2 -1 1 -2 0 2 -1 1 -2 0 2 -1 1 -2 0 2 -1 1 -2 0 2 -1 1 -2 0 2 -1 1 -2 0 2 -1 1 -2 0 2 -1 1 -2 0 2 -1 1 -2 0 2 -1 1 -2 0 2 -1 1 -2 0 2 -1 1 -2 0 2 -1 1 -2 0 2 -1 1 -2 0 2 -1 1 -2 0 2 -1 1 -2 0 2 -1 1 -2 0 2 -1 1 -2 0 2 -1 1 -2 0 2 -1 1 -2 0 2 -1 1 -2 0 2 -1 1 -2 0 2 -1 1 -2 0 2 -1 1 -2 0 2 -1 1 -2 0 2 -1 1 -2 0 2 -1 1 -2 0 2 -1 1 -2 0 2 -1 1 -2 0 2 -1 1 -2 0 2 -1 1 -2 0 2 -1 1 -2 0 2 -1 1 -2 0 2 -1 1 -2 0 2 -1 1 -2 0 2 -1 1 -2 0 2 -1
-2 1 -1 2 0 -2 1 -1 2 0 -2 1 -1 2 0 -2 1 -1 2 0 -2 1 -1 2 0 -2 1 -1 2 0 -2 1 -1 2 0 -2 1 -1 2 0 -2 1 -1 2 0 -2 1 -1 2 0 -2 1 -1 2 0 -2 1 -1 2 0 -2 1 -1 2 0 -2 1 -1 2 0 -2 1 -1 2 0 -2 1 -1 2 0 -2 1 -1 2 0 721 1 -1 2 0 -2 1 -1 2 0 -2 1 -1 2 0 -2 1 -1 2 0 -2 1 -1 2 0 -2 1 -1 2 0 -2 1 -1 2 0 -2 1 -1 2 0 -2 1 -1 2 0 -2 1 -1 2 0 -2 1 -1 2 0 -2 1 -1 2 0 -2 1 -1 2 0 -2 1 -1 2 0 -2 1 -1 2 0 -2 1 -1 2 0 -2 1 -1 2 0 -2 1 -1 2 0 -2 1 -1 2 0 -2 1 -1 2 0 -2 1 -1 2 0 -2 1 -1 2 0 -2 1 -1 2 0 -2 1 -1 2 0 -2 1 -1 2 0 -2 1 -1 2 0 -2 1 -1 2 0 -2 1 -1 2 0 -2 1 -1 2 0 -2 1 -1 2 0 -2 1 -1 2 0 -2 1 -1 2 0 -2 1 -1 2 0 -2 1 -1 2 0 -2 1 -1 2 0 -2 1 -1 2 0 -2 1 -1 2 0 -2 1 -1 2 0 -2 1 -1 2 0 -2 1 -1 2 0 -2 1 -1 2 0 -2 1 -1 2 0 -2 1 -1 2 0 -2 1 -1 2 0 -2 1 -1 2 0 -2 1 -1 2 0 -2 1 -1 2 0 -2 1 -1 2 0 -2 1 -1 2 0 -2 1 -1 2 0 -2 1 -1 2 0 -2 1 -1 2 0 -2 1 -1 2 0 -2 1 -1 2 0 -2 1 -1 2 0 -2 1 -1 2 0 -2 1 -1 2 0 -2 1 -1 2 0 -2 1 -1 2 0 -2 1 -1 2 0 -2 1 -1 2 0 -2 1 -1 2 0 -2 1 -1 2 0 -2 1 -1 2 0 -2 1 -1 2 0 -2 1 -1 2 0 -2 1 -1 2 0 -2 1 -1 2 0 -2 1 -1 2 0 -2 1 -1 2 0 -2 1 -1 2 0 -2 1 -1 2 0 -2 1 -1 2 0 -2 1 -1 2 0 -2 1 -1 2 0 -2 1 -1 2 0 -2 1 -1 2 0 -2 1 -1 2 0 -2 1 -1 2 0 -2 1 -1 2 0 -2 1 -1 2 0 -2 1 -1 2 0 -2 1 -1 2 0 -2 1 -1 2 0 -2 1 -1 2 0 -2 1 -1 2 0 -2 1 -1 2 0 -2 1 -1 2 0 -2 1 -1 2 0 -2 1 -1 2 0 -2 1 -1 2 0 -2 1 -1 2 0 -2 1 -1 2 0 -2 1 -1 2 0 -2 1 -1 2 0 -2 1 -1 2 0 -2 1 -1 2 0 -2 1 -1 2 0 -2 1 -1 2 0 -2 1 -1 2 0 -2 1 -1 2 0 -2 1 -1 2 0 -2 1 -1 2 0
0 -1 -2 2 1 0 -1 -2 2 1 0 -1 -2 2 1 0 -1 -2 2 1 0 -1 -2 2 1 0 -1 -2 2 1 0 -1 -2 2 1 0 -1 -2 2 1 0 -1 -2 2 1 0 -1 -2 2 1 0 -1 -2 2 1 0 -1 -2 2 1 0 -1 -2 2 1 0 -1 -2 2 1 0 -1 -2 2 1 0 -1 -2 2 1 0 -1 -2 2 1 0 722 -2 2 1 0 -1 -2 2 1 0 -1 -2 2 1 0 -1 -2 2 1 0 -1 -2 2 1 0 -1 -2 2 1 0 -1 -2 2 1 0 -1 -2 2 1 0 -1 -2 2 1 0 -1 -2 2 1 0 -1 -2 2 1 0 -1 -2 2 1 0 -1 -2 2 1 0 -1 -2 2 1 0 -1 -2 2 1 0 -1 -2 2 1 0 -1 -2 2 1 0 -1 -2 2 1 0 -1 -2 2 1 0 -1 -2 2 1 0 -1 -2 2 1 0 -1 -2 2 1 0 -1 -2 2 1 0 -1 -2 2 1 0 -1 -2 2 1 0 -1 -2 2 1 0 -1 -2 2 1 0 -1 -2 2 1 0 -1 -2 2 1 0 -1 -2 2 1 0 -1 -2 2 1 0 -1 -2 2 1 0 -1 -2 2 1 0 -1 -2 2 1 0 -1 -2 2 1 0 -1 -2 2 1 0 -1 -2 2 1 0 -1 -2 2 1 0 -1 -2 2 1 0 -1 -2 2 1 0 -1 -2 2 1 0 -1 -2 2 1 0 -1 -2 2 1 0 -1 -2 2 1 0 -1 -2 2 1 0 -1 -2 2 1 0 -1 -2 2 1 0 -1 -2 2 1 0 -1 -2 2 1 0 -1 -2 2 1 0 -1 -2 2 1 0 -1 -2 2 1 0 -1 -2 2 1 0 -1 -2 2 1 0 -1 -2 2 1 0 -1 -2 2 1 0 -1 -2 2 1 0 -1 -2 2 1 0 -1 -2 2 1 0 -1 -2 2 1 0 -1 -2 2 1 0 -1 -2 2 1 0 -1 -2 2 1 0 -1 -2 2 1 0 -1 -2 2 1 0 -1 -2 2 1 0 -1 -2 2 1 0 -1 -2 2 1 0 -1 -2 2 1 0 -1 -2 2 1 0 -1 -2 2 1 0 -1 -2 2 1 0 -1 -2 2 1 0 -1 -2 2 1 0 -1 -2 2 1 0 -1 -2 2 1 0 -1 -2 2 1 0 -1 -2 2 1 0 -1 -2 2 1 0 -1 -2 2 1 0 -1 -2 2 1 0 -1 -2 2 1 0 -1 -2 2 1 0 -1 -2 2 1 0 -1 -2 2 1 0 -1 -2 2 1 0 -1 -2 2 1 0 -1 -2 2 1 0 -1 -2 2 1 0 -1 -2 2 1 0 -1 -2 2 1 0 -1 -2 2 1 0 -1 -2 2 1 0 -1 -2 2 1 0 -1 -2 2 1 0 -1 -2 2 1 0 -1 -2 2 1 0 -1 -2 2 1 0 -1 -2 2 1 0 -1 -2 2 1 0 -1 -2 2 1 0 -1 -2 2 1 0 -1 -2 2 1
2 2 2 2 2 2 2 2 2 2 2 2 2 2 2 2 2 2 2 2 2 2 2 2 2 2 2 2 2 2 2 2 2 2 2 2 2 2 2 2 2 2 2 2 2 2 2 2 2 2 2 2 2 2 2 2 2 2 2 2 2 2 2 2 2 2 2 2 2 2 2 2 2 2 2 2 2 2 2 2 2 2 2 2 2 2 2 1201 2 2 2 2 2 2 2 2 2 2 2 2 2 2 2 2 2 2 2 2 2 2 2 2 2 2 2 2 2 2 2 2 2 2 2 2 2 2 2 2 2 2 2 2 2 2 2 2 2 2 2 2 2 2 2 2 2 2 2 2 2 2 2 2 2 2 2 2 2 2 2 2 2 2 2 2 2 2 2 2 2 2 2 2 2 2 2 2 2 2 2 2 2 2 2 2 2 2 2 2 2 2 2 2 2 2 2 2 2 2 2 2 2 2 2 2 2 2 2 2 2 2 2 2 2 2 2 2 2 2 2 2 2 2 2 2 2 2 2 2 2 2 2 2 2 2 2 2 2 2 2 2 2 2 2 2 2 2 2 2 2 2 2 2 2 2 2 2 2 2 2 2 2 2 2 2 2 2 2 2 2 2 2 2 2 2 2 2 2 2 2 2 2 2 2 2 2 2 2 2 2 2 2 2 2 2 2 2 2 2 2 2 2 2 2 2 2 2 2 2 2 2 2 2 2 2 2 2 2 2 2 2 2 2 2 2 2 2 2 2 2 2 2 2 2 2 2 2 2 2 2 2 2 2 2 2 2 2 2 2 2 2 2 2 2 2 2 2 2 2 2 2 2 2 2 2 2 2 2 2 2 2 2 2 2 2 2 2 2 2 2 2 2 2 2 2 2 2 2 2 2 2 2 2 2 2 2 2 2 2 2 2 2 2 2 2 2 2 2 2 2 2 2 2 2 2 2 2 2 2 2 2 2 2 2 2 2 2 2 2 2 2 2 2 2 2 2 2 2 2 2 2 2 2 2 2 2 2 2 2 2 2 2 2 2 2 2 2 2 2 2 2 2 2 2 2 2 2 2 2 2 2 2 2 2 2 2 2 2 2 2 2 2 2 2 2 2 2 2 2 2 2 2 2 2 2 2 2 2 2 2 2 2 2 2 2 2 2 2 2 2 2 2 2 2 2 2 2 2 2 2 2 2 2 2 2 2 2 2 2 2 2 2 2 2 2 2 2 2 2 2 2 2 2 2 2 2 2 2 2 2 2 2 2 2 2 2 2 2 2 2 2 2 2 2 2 2 2 2 2 2 2 2 2 2 2 2 2 2 2 2 2 2 2 2 2 2 2 2 2 2 2 2 2 2 2 2 2 2 2 2 2
-1 0 1 2 -2 -1 0 1 2 -2 -1 0 1 2 -2 -1 0 1 2 -2 -1 0 1 2 -2 -1 0 1 2 -2 -1 0 1 2 -2 -1 0 1 2 -2 -1 0 1 2 -2 -1 0 1 2 -2 -1 0 1 2 -2 -1 0 1 2 -2 -1 0 1 2 -2 -1 0 1 2 -2 -1 0 1 2 -2 -1 0 1 2 -2 -1 0 1 2 -2 -1 0 1 721 -2 -1 0 1 2 -2 -1 0 1 2 -2 -1 0 1 2 -2 -1 0 1 2 -2 -1 0 1 2 -2 -1 0 1 2 -2 -1 0 1 2 -2 -1 0 1 2 -2 -1 0 1 2 -2 -1 0 1 2 -2 -1 0 1 2 -2 -1 0 1 2 -2 -1 0 1 2 -2 -1 0 1 2 -2 -1 0 1 2 -2 -1 0 1 2 -2 -1 0 1 2 -2 -1 0 1 2 -2 -1 0 1 2 -2 -1 0 1 2 -2 -1 0 1 2 -2 -1 0 1 2 -2 -1 0 1 2 -2 -1 0 1 2 -2 -1 0 1 2 -2 -1 0 1 2 -2 -1 0 1 2 -2 -1 0 1 2 -2 -1 0 1 2 -2 -1 0 1 2 -2 -1 0 1 2 -2 -1 0 1 2 -2 -1 0 1 2 -2 -1 0 1 2 -2 -1 0 1 2 -2 -1 0 1 2 -2 -1 0 1 2 -2 -1 0 1 2 -2 -1 0 1 2 -2 -1 0 1 2 -2 -1 0 1 2 -2 -1 0 1 2 -2 -1 0 1 2 -2 -1 0 1 2 -2 -1 0 1 2 -2 -1 0 1 2 -2 -1 0 1 2 -2 -1 0 1 2 -2 -1 0 1 2 -2 -1 0 1 2 -2 -1 0 1 2 -2 -1 0 1 2 -2 -1 0 1 2 -2 -1 0 1 2 -2 -1 0 1 2 -2 -1 0 1 2 -2 -1 0 1 2 -2 -1 0 1 2 -2 -1 0 1 2 -2 -1 0 1 2 -2 -1 0 1 2 -2 -1 0 1 2 -2 -1 0 1 2 -2 -1 0 1 2 -2 -1 0 1 2 -2 -1 0 1 2 -2 -1 0 1 2 -2 -1 0 1 2 -2 -1 0 1 2 -2 -1 0 1 2 -2 -1 0 1 2 -2 -1 0 1 2 -2 -1 0 1 2 -2 -1 0 1 2 -2 -1 0 1 2 -2 -1 0 1 2 -2 -1 0 1 2 -2 -1 0 1 2 -2 -1 0 1 2 -2 -1 0 1 2 -2 -1 0 1 2 -2 -1 0 1 2 -2 -1 0 1 2 -2 -1 0 1 2 -2 -1 0 1 2 -2 -1 0 1 2 -2 -1 0 1 2 -2 -1 0 1 2 -2 -1 0 1 2 -2 -1 0 1 2 -2 -1 0 1 2 -2 -1 0 1 2 -2 -1 0 1 2 -2 -1 0 1 2 -2 -1 0 1 2 -2 -1 0 1 2 -2 -1 0 1 2 -2 -1 0 1 2 -2 -1 0 1 2 -2 -1 0 1 2 -2 -1 0 1 2 -2 -1 0 1 2 -2
1 -2 0 2 -1 1 -2 0 2 -1 1 -2 0 2 -1 1 -2 0 2 -1 1 -2 0 2 -1 1 -2 0 2 -1 1 -2 0 2 -1 1 -2 0 2 -1 1 -2 0 2 -1 1 -2 0 2 -1 1 -2 0 2 -1 1 -2 0 2 -1 1 -2 0 2 -1 1 -2 0 2 -1 1 -2 0 2 -1 1 -2 0 2 -1 1 -2 0 2 -1 1 -2 0 2 722 1 -2 0 2 -1 1 -2 0 2 -1 1 -2 0 2 -1 1 -2 0 2 -1 1 -2 0 2 -1 1 -2 0 2 -1 1 -2 0 2 -1 1 -2 0 2 -1 1 -2 0 2 -1 1 -2 0 2 -1 1 -2 0 2 -1 1 -2 0 2 -1 1 -2 0 2 -1 1 -2 0 2 -1 1 -2 0 2 -1 1 -2 0 2 -1 1 -2 0 2 -1 1 -2 0 2 -1 1 -2 0 2 -1 1 -2 0 2 -1 1 -2 0 2 -1 1 -2 0 2 -1 1 -2 0 2 -1 1 -2 0 2 -1 1 -2 0 2 -1 1 -2 0 2 -1 1 -2 0 2 -1 1 -2 0 2 -1 1 -2 0 2 -1 1 -2 0 2 -1 1 -2 0 2 -1 1 -2 0 2 -1 1 -2 0 2 -1 1 -2 0 2 -1 1 -2 0 2 -1 1 -2 0 2 -1 1 -2 0 2 -1 1 -2 0 2 -1 1 -2 0 2 -1 1 -2 0 2 -1 1 -2 0 2 -1 1 -2 0 2 -1 1 -2 0 2 -1 1 -2 0 2 -1 1 -2 0 2 -1 1 -2 0 2 -1 1 -2 0 2 -1 1 -2 0 2 -1 1 -2 0 2 -1 1 -2 0 2 -1 1 -2 0 2 -1 1 -2 0 2 -1 1 -2 0 2 -1 1 -2 0 2 -1 1 -2 0 2 -1 1 -2 0 2 -1 1 -2 0 2 -1 1 -2 0 2 -1 1 -2 0 2 -1 1 -2 0 2 -1 1 -2 0 2 -1 1 -2 0 2 -1 1 -2 0 2 -1 1 -2 0 2 -1 1 -2 0 2 -1 1 -2 0 2 -1 1 -2 0 2 -1 1 -2 0 2 -1 1 -2 0 2 -1 1 -2 0 2 -1 1 -2 0 2 -1 1 -2 0 2 -1 1 -2 0 2 -1 1 -2 0 2 -1 1 -2 0 2 -1 1 -2 0 2 -1 1 -2 0 2 -1 1 -2 0 2 -1 1 -2 0 2 -1 1 -2 0 2 -1 1 -2 0 2 -1 1 -2 0 2 -1 1 -2 0 2 -1 1 -2 0 2 -1 1 -2 0 2 -1 1 -2 0 2 -1 1 -2 0 2 -1 1 -2 0 2 -1 1 -2 0 2 -1 1 -2 0 2 -1 1 -2 0 2 -1 1 -2 0 2 -1 1 -2 0 2 -1 1 -2 0 2 -1 1 -2 0 2 -1 1 -2 0 2 -1 1 -2 0 2 -1 1 -2 0 2 -1 1 -2 0 2 -1 1 -2 0 2 -1 1 -2 0 2 -1 1 -2 0 2 -1
-2 1 -1 2 0 -2 1 -1 2 0 -2 1 -1 2 0 -2 1 -1 2 0 -2 1 -1 2 0 -2 1 -1 2 0 -2 1 -1 2 0 -2 1 -1 2 0 -2 1 -1 2 0 -2 1 -1 2 0 -2 1 -1 2 0 -2 1 -1 2 0 -2 1 -1 2 0 -2 1 -1 2 0 -2 1 -1 2 0 -2 1 -1 2 0 -2 1 -1 2 0 -2 1 -1 2 0 721 1 -1 2 0 -2 1 -1 2 0 -2 1 -1 2 0 -2 1 -1 2 0 -2 1 -1 2 0 -2 1 -1 2 0 -2 1 -1 2 0 -2 1 -1 2 0 -2 1 -1 2 0 -2 1 -1 2 0 -2 1 -1 2 0 -2 1 -1 2 0 -2 1 -1 2 0 -2 1 -1 2 0 -2 1 -1 2 0 -2 1 -1 2 0 -2 1 -1 2 0 -2 1 -1 2 0 -2 1 -1 2 0 -2 1 -1 2 0 -2 1 -1 2 0 -2 1 -1 2 0 -2 1 -1 2 0 -2 1 -1 2 0 -2 1 -1 2 0 -2 1 -1 2 0 -2 1 -1 2 0 -2 1 -1 2 0 -2 1 -1 2 0 -2 1 -1 2 0 -2 1 -1 2 0 -2 1 -1 2 0 -2 1 -1 2 0 -2 1 -1 2 0 -2 1 -1 2 0 -2 1 -1 2 0 -2 1 -1 2 0 -2 1 -1 2 0 -2 1 -1 2 0 -2 1 -1 2 0 -2 1 -1 2 0 -2 1 -1 2 0 -2 1 -1 2 0 -2 1 -1 2 0 -2 1 -1 2 0 -2 1 -1 2 0 -2 1 -1 2 0 -2 1 -1 2 0 -2 1 -1 2 0 -2 1 -1 2 0 -2 1 -1 2 0 -2 1 -1 2 0 -2 1 -1 2 0 -2 1 -1 2 0 -2 1 -1 2 0 -2 1 -1 2 0 -2 1 -1 2 0 -2 1 -1 2 0 -2 1 -1 2 0 -2 1 -1 2 0 -2 1 -1 2 0 -2 1 -1 2 0 -2 1 -1 2 0 -2 1 -1 2 0 -2 1 -1 2 0 -2 1 -1 2 0 -2 1 -1 2 0 -2 1 -1 2 0 -2 1 -1 2 0 -2 1 -1 2 0 -2 1 -1 2 0 -2 1 -1 2 0 -2 1 -1 2 0 -2 1 -1 2 0 -2 1 -1 2 0 -2 1 -1 2 0 -2 1 -1 2 0 -2 1 -1 2 0 -2 1 -1 2 0 -2 1 -1 2 0 -2 1 -1 2 0 -2 1 -1 2 0 -2 1 -1 2 0 -2 1 -1 2 0 -2 1 -1 2 0 -2 1 -1 2 0 -2 1 -1 2 0 -2 1 -1 2 0 -2 1 -1 2 0 -2 1 -1 2 0 -2 1 -1 2 0 -2 1 -1 2 0 -2 1 -1 2 0 -2 1 -1 2 0 -2 1 -1 2 0 -2 1 -1 2 0 -2 1 -1 2 0 -2 1 -1 2 0 -2 1 -1 2 0 -2 1 -1 2 0 -2 1 -1 2 0 -2 1 -1 2 0
0 -1 -2 2 1 0 -1 -2 2 1 0 -1 -2 2 1 0 -1 -2 2 1 0 -1 -2 2 1 0 -1 -2 2 1 0 -1 -2 2 1 0 -1 -2 2 1 0 -1 -2 2 1 0 -1 -2 2 1 0 -1 -2 2 1 0 -1 -2 2 1 0 -1 -2 2 1 0 -1 -2 2 1 0 -1 -2 2 1 0 -1 -2 2 1 0 -1 -2 2 1 0 -1 -2 2 1 0 722 -2 2 1 0 -1 -2 2 1 0 -1 -2 2 1 0 -1 -2 2 1 0 -1 -2 2 1 0 -1 -2 2 1 0 -1 -2 2 1 0 -1 -2 2 1 0 -1 -2 2 1 0 -1 -2 2 1 0 -1 -2 2 1 0 -1 -2 2 1 0 -1 -2 2 1 0 -1 -2 2 1 0 -1 -2 2 1 0 -1 -2 2 1 0 -1 -2 2 1 0 -1 -2 2 1 0 -1 -2 2 1 0 -1 -2 2 1 0 -1 -2 2 1 0 -1 -2 2 1 0 -1 -2 2 1 0 -1 -2 2 1 0 -1 -2 2 1 0 -1 -2 2 1 0 -1 -2 2 1 0 -1 -2 2 1 0 -1 -2 2 1 0 -1 -2 2 1 0 -1 -2 2 1 0 -1 -2 2 1 0 -1 -2 2 1 0 -1 -2 2 1 0 -1 -2 2 1 0 -1 -2 2 1 0 -1 -2 2 1 0 -1 -2 2 1 0 -1 -2 2 1 0 -1 -2 2 1 0 -1 -2 2 1 0 -1 -2 2 1 0 -1 -2 2 1 0 -1 -2 2 1 0 -1 -2 2 1 0 -1 -2 2 1 0 -1 -2 2 1 0 -1 -2 2 1 0 -1 -2 2 1 0 -1 -2 2 1 0 -1 -2 2 1 0 -1 -2 2 1 0 -1 -2 2 1 0 -1 -2 2 1 0 -1 -2 2 1 0 -1 -2 2 1 0 -1 -2 2 1 0 -1 -2 2 1 0 -1 -2 2 1 0 -1 -2 2 1 0 -1 -2 2 1 0 -1 -2 2 1 0 -1 -2 2 1 0 -1 -2 2 1 0 -1 -2 2 1 0 -1 -2 2 1 0 -1 -2 2 1 0 -1 -2 2 1 0 -1 -2 2 1 0 -1 -2 2 1 0 -1 -2 2 1 0 -1 -2 2 1 0 -1 -2 2 1 0 -1 -2 2 1 0 -1 -2 2 1 0 -1 -2 2 1 0 -1 -2 2 1 0 -1 -2 2 1 0 -1 -2 2 1 0 -1 -2 2 1 0 -1 -2 2 1 0 -1 -2 2 1 0 -1 -2 2 1 0 -1 -2 2 1 0 -1 -2 2 1 0 -1 -2 2 1 0 -1 -2 2 1 0 -1 -2 2 1 0 -1 -2 2 1 0 -1 -2 2 1 0 -1 -2 2 1 0 -1 -2 2 1 0 -1 -2 2 1 0 -1 -2 2 1 0 -1 -2 2 1 0 -1 -2 2 1 0 -1 -2 2 1 0 -1 -2 2 1 0 -1 -2 2 1 0 -1 -2 2 1 0 -1 -2 2 1 0 -1 -2 2 1
2 2 2 2 2 2 2 2 2 2 2 2 2 2 2 2 2 2 2 2 2 2 2 2 2 2 2 2 2 2 2 2 2 2 2 2 2 2 2 2 2 2 2 2 2 2 2 2 2 2 2 2 2 2 2 2 2 2 2 2 2 2 2 2 2 2 2 2 2 2 2 2 2 2 2 2 2 2 2 2 2 2 2 2 2 2 2 2 2 2 2 2 1201 2 2 2 2 2 2 2 2 2 2 2 2 2 2 2 2 2 2 2 2 2 2 2 2 2 2 2 2 2 2 2 2 2 2 2 2 2 2 2 2 2 2 2 2 2 2 2 2 2 2 2 2 2 2 2 2 2 2 2 2 2 2 2 2 2 2 2 2 2 2 2 2 2 2 2 2 2 2 2 2 2 2 2 2 2 2 2 2 2 2 2 2 2 2 2 2 2 2 2 2 2 2 2 2 2 2 2 2 2 2 2 2 2 2 2 2 2 2 2 2 2 2 2 2 2 2 2 2 2 2 2 2 2 2 2 2 2 2 2 2 2 2 2 2 2 2 2 2 2 2 2 2 2 2 2 2 2 2 2 2 2 2 2 2 2 2 2 2 2 2 2 2 2 2 2 2 2 2 2 2 2 2 2 2 2 2 2 2 2 2 2 2 2 2 2 2 2 2 2 2 2 2 2 2 2 2 2 2 2 2 2 2 2 2 2 2 2 2 2 2 2 2 2 2 2 2 2 2 2 2 2 2 2 2 2 2 2 2 2 2 2 2 2 2 2 2 2 2 2 2 2 2 2 2 2 2 2 2 2 2 2 2 2 2 2 2 2 2 2 2 2 2 2 2 2 2 2 2 2 2 2 2 2 2 2 2 2 2 2 2 2 2 2 2 2 2 2 2 2 2 2 2 2 2 2 2 2 2 2 2 2 2 2 2 2 2 2 2 2 2 2 2 2 2 2 2 2 2 2 2 2 2 2 2 2 2 2 2 2 2 2 2 2 2 2 2 2 2 2 2 2 2 2 2 2 2 2 2 2 2 2 2 2 2 2 2 2 2 2 2 2 2 2 2 2 2 2 2 2 2 2 2 2 2 2 2 2 2 2 2 2 2 2 2 2 2 2 2 2 2 2 2 2 2 2 2 2 2 2 2 2 2 2 2 2 2 2 2 2 2 2 2 2 2 2 2 2 2 2 2 2 2 2 2 2 2 2 2 2 2 2 2 2 2 2 2 2 2 2 2 2 2 2 2 2 2 2 2 2 2 2 2 2 2 2 2 2 2 2 2 2 2 2 2 2 2 2 2 2 2 2 2 2 2 2 2 2 2 2 2 2 2 2 2 2 2 2 2 2 2 2 2 2 2 2 2 2
-1 0 1 2 -2 -1 0 1 2 -2 -1 0 1 2 -2 -1 0 1 2 -2 -1 0 1 2 -2 -1 0 1 2 -2 -1 0 1 2 -2 -1 0 1 2 -2 -1 0 1 2 -2 -1 0 1 2 -2 -1 0 1 2 -2 -1 0 1 2 -2 -1 0 1 2 -2 -1 0 1 2 -2 -1 0 1 2 -2 -1 0 1 2 -2 -1 0 1 2 -2 -1 0 1 2 -2 -1 0 1 721 -2 -1 0 1 2 -2 -1 0 1 2 -2 -1 0 1 2 -2 -1 0 1 2 -2 -1 0 1 2 -2 -1 0 1 2 -2 -1 0 1 2 -2 -1 0 1 2 -2 -1 0 1 2 -2 -1 0 1 2 -2 -1 0 1 2 -2 -1 0 1 2 -2 -1 0 1 2 -2 -1 0 1 2 -2 -1 0 1 2 -2 -1 0 1 2 -2 -1 0 1 2 -2 -1 0 1 2 -2 -1 0 1 2 -2 -1 0 1 2 -2 -1 0 1 2 -2 -1 0 1 2 -2 -1 0 1 2 -2 -1 0 1 2 -2 -1 0 1 2 -2 -1 0 1 2 -2 -1 0 1 2 -2 -1 0 1 2 -2 -1 0 1 2 -2 -1 0 1 2 -2 -1 0 1 2 -2 -1 0 1 2 -2 -1 0 1 2 -2 -1 0 1 2 -2 -1 0 1 2 -2 -1 0 1 2 -2 -1 0 1 2 -2 -1 0 1 2 -2 -1 0 1 2 -2 -1 0 1 2 -2 -1 0 1 2 -2 -1 0 1 2 -2 -1 0 1 2 -2 -1 0 1 2 -2 -1 0 1 2 -2 -1 0 1 2 -2 -1 0 1 2 -2 -1 0 1 2 -2 -1 0 1 2 -2 -1 0 1 2 -2 -1 0 1 2 -2 -1 0 1 2 -2 -1 0 1 2 -2 -1 0 1 2 -2 -1 0 1 2 -2 -1 0 1 2 -2 -1 0 1 2 -2 -1 0 1 2 -2 -1 0 1 2 -2 -1 0 1 2 -2 -1 0 1 2 -2 -1 0 1 2 -2 -1 0 1 2 -2 -1 0 1 2 -2 -1 0 1 2 -2 -1 0 1 2 -2 -1 0 1 2 -2 -1 0 1 2 -2 -1 0 1 2 -2 -1 0 1 2 -2 -1 0 1 2 -2 -1 0 1 2 -2 -1 0 1 2 -2 -1 0 1 2 -2 -1 0 1 2 -2 -1 0 1 2 -2 -1 0 1 2 -2 -1 0 1 2 -2 -1 0 1 2 -2 -1 0 1 2 -2 -1 0 1 2 -2 -1 0 1 2 -2 -1 0 1 2 -2 -1 0 1 2 -2 -1 0 1 2 -2 -1 0 1 2 -2 -1 0 1 2 -2 -1 0 1 2 -2 -1 0 1 2 -2 -1 0 1 2 -2 -1 0 1 2 -2 -1 0 1 2 -2 -1 0 1 2 -2 -1 0 1 2 -2 -1 0 1 2 -2 -1 0 1 2 -2 -1 0 1 2 -2 -1 0 1 2 -2 -1 0 1 2 -2 -1 0 1 2 -2 -1 0 1 2 -2
1 -2 0 2 -1 1 -2 0 2 -1 1 -2 0 2 -1 1 -2 0 2 -1 1 -2 0 2 -1 1 -2 0 2 -1 1 -2 0 2 -1 1 -2 0 2 -1 1 -2 0 2 -1 1 -2 0 2 -1 1 -2 0 2 -1 1 -2 0 2 -1 1 -2 0 2 -1 1 -2 0 2 -1 1 -2 0 2 -1 1 -2 0 2 -1 1 -2 0 2 -1 1 -2 0 2 -1 1 -2 0 2 722 1 -2 0 2 -1 1 -2 0 2 -1 1 -2 0 2 -1 1 -2 0 2 -1 1 -2 0 2 -1 1 -2 0 2 -1 1 -2 0 2 -1 1 -2 0 2 -1 1 -2 0 2 -1 1 -2 0 2 -1 1 -2 0 2 -1 1 -2 0 2 -1 1 -2 0 2 -1 1 -2 0 2 -1 1 -2 0 2 -1 1 -2 0 2 -1 1 -2 0 2 -1 1 -2 0 2 -1 1 -2 0 2 -1 1 -2 0 2 -1 1 -2 0 2 -1 1 -2 0 2 -1 1 -2 0 2 -1 1 -2 0 2 -1 1 -2 0 2 -1 1 -2 0 2 -1 1 -2 0 2 -1 1 -2 0 2 -1 1 -2 0 2 -1 1 -2 0 2 -1 1 -2 0 2 -1 1 -2 0 2 -1 1 -2 0 2 -1 1 -2 0 2 -1 1 -2 0 2 -1 1 -2 0 2 -1 1 -2 0 2 -1 1 -2 0 2 -1 1 -2 0 2 -1 1 -2 0 2 -1 1 -2 0 2 -1 1 -2 0 2 -1 1 -2 0 2 -1 1 -2 0 2 -1 1 -2 0 2 -1 1 -2 0 2 -1 1 -2 0 2 -1 1 -2 0 2 -1 1 -2 0 2 -1 1 -2 0 2 -1 1 -2 0 2 -1 1 -2 0 2 -1 1 -2 0 2 -1 1 -2 0 2 -1 1 -2 0 2 -1 1 -2 0 2 -1 1 -2 0 2 -1 1 -2 0 2 -1 1 -2 0 2 -1 1 -2 0 2 -1 1 -2 0 2 -1 1 -2 0 2 -1 1 -2 0 2 -1 1 -2 0 2 -1 1 -2 0 2 -1 1 -2 0 2 -1 1 -2 0 2 -1 1 -2 0 2 -1 1 -2 0 2 -1 1 -2 0 2 -1 1 -2 0 2 -1 1 -2 0 2 -1 1 -2 0 2 -1 1 -2 0 2 -1 1 -2 0 2 -1 1 -2 0 2 -1 1 -2 0 2 -1 1 -2 0 2 -1 1 -2 0 2 -1 1 -2 0 2 -1 1 -2 0 2 -1 1 -2 0 2 -1 1 -2 0 2 -1 1 -2 0 2 -1 1 -2 0 2 -1 1 -2 0 2 -1 1 -2 0 2 -1 1 -2 0 2 -1 1 -2 0 2 -1 1 -2 0 2 -1 1 -2 0 2 -1 1 -2 0 2 -1 1 -2 0 2 -1 1 -2 0 2 -1 1 -2 0 2 -1 1 -2 0 2 -1 1 -2 0 2 -1 1 -2 0 2 -1 1 -2 0 2 -1 1 -2 0 2 -1 1 -2 0 2 -1
-2 1 -1 2 0 -2 1 -1 2 0 -2 1 -1 2 0 -2 1 -1 2 0 -2 1 -1 2 0 -2 1 -1 2 0 -2 1 -1 2 0 -2 1 -1 2 0 -2 1 -1 2 0 -2 1 -1 2 0 -2 1 -1 2 0 -2 1 -1 2 0 -2 1 -1 2 0 -2 1 -1 2 0 -2 1 -1 2 0 -2 1 -1 2 0 -2 1 -1 2 0 -2 1 -1 2 0 -2 1 -1 2 0 721 1 -1 2 0 -2 1 -1 2 0 -2 1 -1 2 0 -2 1 -1 2 0 -2 1 -1 2 0 -2 1 -1 2 0 -2 1 -1 2 0 -2 1 -1 2 0 -2 1 -1 2 0 -2 1 -1 2 0 -2 1 -1 2 0 -2 1 -1 2 0 -2 1 -1 2 0 -2 1 -1 2 0 -2 1 -1 2 0 -2 1 -1 2 0 -2 1 -1 2 0 -2 1 -1 2 0 -2 1 -1 2 0 -2 1 -1 2 0 -2 1 -1 2 0 -2 1 -1 2 0 -2 1 -1 2 0 -2 1 -1 2 0 -2 1 -1 2 0 -2 1 -1 2 0 -2 1 -1 2 0 -2 1 -1 2 0 -2 1 -1 2 0 -2 1 -1 2 0 -2 1 -1 2 0 -2 1 -1 2 0 -2 1 -1 2 0 -2 1 -1 2 0 -2 1 -1 2 0 -2 1 -1 2 0 -2 1 -1 2 0 -2 1 -1 2 0 -2 1 -1 2 0 -2 1 -1 2 0 -2 1 -1 2 0 -2 1 -1 2 0 -2 1 -1 2 0 -2 1 -1 2 0 -2 1 -1 2 0 -2 1 -1 2 0 -2 1 -1 2 0 -2 1 -1 2 0 -2 1 -1 2 0 -2 1 -1 2 0 -2 1 -1 2 0 -2 1 -1 2 0 -2 1 -1 2 0 -2 1 -1 2 0 -2 1 -1 2 0 -2 1 -1 2 0 -2 1 -1 2 0 -2 1 -1 2 0 -2 1 -1 2 0 -2 1 -1 2 0 -2 1 -1 2 0 -2 1 -1 2 0 -2 1 -1 2 0 -2 1 -1 2 0 -2 1 -1 2 0 -2 1 -1 2 0 -2 1 -1 2 0 -2 1 -1 2 0 -2 1 -1 2 0 -2 1 -1 2 0 -2 1 -1 2 0 -2 1 -1 2 0 -2 1 -1 2 0 -2 1 -1 2 0 -2 1 -1 2 0 -2 1 -1 2 0 -2 1 -1 2 0 -2 1 -1 2 0 -2 1 -1 2 0 -2 1 -1 2 0 -2 1 -1 2 0 -2 1 -1 2 0 -2 1 -1 2 0 -2 1 -1 2 0 -2 1 -1 2 0 -2 1 -1 2 0 -2 1 -1 2 0 -2 1 -1 2 0 -2 1 -1 2 0 -2 1 -1 2 0 -2 1 -1 2 0 -2 1 -1 2 0 -2 1 -1 2 0 -2 1 -1 2 0 -2 1 -1 2 0 -2 1 -1 2 0 -2 1 -1 2 0 -2 1 -1 2 0 -2 1 -1 2 0 -2 1 -1 2 0 -2 1 -1 2 0
0 -1 -2 2 1 0 -1 -2 2 1 0 -1 -2 2 1 0 -1 -2 2 1 0 -1 -2 2 1 0 -1 -2 2 1 0 -1 -2 2 1 0 -1 -2 2 1 0 -1 -2 2 1 0 -1 -2 2 1 0 -1 -2 2 1 0 -1 -2 2 1 0 -1 -2 2 1 0 -1 -2 2 1 0 -1 -2 2 1 0 -1 -2 2 1 0 -1 -2 2 1 0 -1 -2 2 1 0 -1 -2 2 1 0 722 -2 2 1 0 -1 -2 2 1 0 -1 -2 2 1 0 -1 -2 2 1 0 -1 -2 2 1 0 -1 -2 2 1 0 -1 -2 2 1 0 -1 -2 2 1 0 -1 -2 2 1 0 -1 -2 2 1 0 -1 -2 2 1 0 -1 -2 2 1 0 -1 -2 2 1 0 -1 -2 2 1 0 -1 -2 2 1 0 -1 -2 2 1 0 -1 -2 2 1 0 -1 -2 2 1 0 -1 -2 2 1 0 -1 -2 2 1 0 -1 -2 2 1 0 -1 -2 2 1 0 -1 -2 2 1 0 -1 -2 2 1 0 -1 -2 2 1 0 -1 -2 2 1 0 -1 -2 2 1 0 -1 -2 2 1 0 -1 -2 2 1 0 -1 -2 2 1 0 -1 -2 2 1 0 -1 -2 2 1 0 -1 -2 2 1 0 -1 -2 2 1 0 -1 -2 2 1 0 -1 -2 2 1 0 -1 -2 2 1 0 -1 -2 2 1 0 -1 -2 2 1 0 -1 -2 2 1 0 -1 -2 2 1 0 -1 -2 2 1 0 -1 -2 2 1 0 -1 -2 2 1 0 -1 -2 2 1 0 -1 -2 2 1 0 -1 -2 2 1 0 -1 -2 2 1 0 -1 -2 2 1 0 -1 -2 2 1 0 -1 -2 2 1 0 -1 -2 2 1 0 -1 -2 2 1 0 -1 -2 2 1 0 -1 -2 2 1 0 -1 -2 2 1 0 -1 -2 2 1 0 -1 -2 2 1 0 -1 -2 2 1 0 -1 -2 2 1 0 -1 -2 2 1 0 -1 -2 2 1 0 -1 -2 2 1 0 -1 -2 2 1 0 -1 -2 2 1 0 -1 -2 2 1 0 -1 -2 2 1 0 -1 -2 2 1 0 -1 -2 2 1 0 -1 -2 2 1 0 -1 -2 2 1 0 -1 -2 2 1 0 -1 -2 2 1 0 -1 -2 2 1 0 -1 -2 2 1 0 -1 -2 2 1 0 -1 -2 2 1 0 -1 -2 2 1 0 -1 -2 2 1 0 -1 -2 2 1 0 -1 -2 2 1 0 -1 -2 2 1 0 -1 -2 2 1 0 -1 -2 2 1 0 -1 -2 2 1 0 -1 -2 2 1 0 -1 -2 2 1 0 -1 -2 2 1 0 -1 -2 2 1 0 -1 -2 2 1 0 -1 -2 2 1 0 -1 -2 2 1 0 -1 -2 2 1 0 -1 -2 2 1 0 -1 -2 2 1 0 -1 -2 2 1 0 -1 -2 2 1 0 -1 -2 2 1 0 -1 -2 2 1 0 -1 -2 2 1 0 -1 -2 2 1
2 2 2 2 2 2 2 2 2 2 2 2 2 2 2 2 2 2 2 2 2 2 2 2 2 2 2 2 2 2 2 2 2 2 2 2 2 2 2 2 2 2 2 2 2 2 2 2 2 2 2 2 2 2 2 2 2 2 2 2 2 2 2 2 2 2 2 2 2 2 2 2 2 2 2 2 2 2 2 2 2 2 2 2 2 2 2 2 2 2 2 2 2 2 2 2 2 1201 2 2 2 2 2 2 2 2 2 2 2 2 2 2 2 2 2 2 2 2 2 2 2 2 2 2 2 2 2 2 2 2 2 2 2 2 2 2 2 2 2 2 2 2 2 2 2 2 2 2 2 2 2 2 2 2 2 2 2 2 2 2 2 2 2 2 2 2 2 2 2 2 2 2 2 2 2 2 2 2 2 2 2 2 2 2 2 2 2 2 2 2 2 2 2 2 2 2 2 2 2 2 2 2 2 2 2 2 2 2 2 2 2 2 2 2 2 2 2 2 2 2 2 2 2 2 2 2 2 2 2 2 2 2 2 2 2 2 2 2 2 2 2 2 2 2 2 2 2 2 2 2 2 2 2 2 2 2 2 2 2 2 2 2 2 2 2 2 2 2 2 2 2 2 2 2 2 2 2 2 2 2 2 2 2 2 2 2 2 2 2 2 2 2 2 2 2 2 2 2 2 2 2 2 2 2 2 2 2 2 2 2 2 2 2 2 2 2 2 2 2 2 2 2 2 2 2 2 2 2 2 2 2 2 2 2 2 2 2 2 2 2 2 2 2 2 2 2 2 2 2 2 2 2 2 2 2 2 2 2 2 2 2 2 2 2 2 2 2 2 2 2 2 2 2 2 2 2 2 2 2 2 2 2 2 2 2 2 2 2 2 2 2 2 2 2 2 2 2 2 2 2 2 2 2 2 2 2 2 2 2 2 2 2 2 2 2 2 2 2 2 2 2 2 2 2 2 2 2 2 2 2 2 2 2 2 2 2 2 2 2 2 2 2 2 2 2 2 2 2 2 2 2 2 2 2 2 2 2 2 2 2 2 2 2 2 2 2 2 2 2 2 2 2 2 2 2 2 2 2 2 2 2 2 2 2 2 2 2 2 2 2 2 2 2 2 2 2 2 2 2 2 2 2 2 2 2 2 2 2 2 2 2 2 2 2 2 2 2 2 2 2 2 2 2 2 2 2 2 2 2 2 2 2 2 2 2 2 2 2 2 2 2 2 2 2 2 2 2 2 2 2 2 2 2 2 2 2 2 2 2 2 2 2 2 2 2 2 2 2 2 2 2 2 2 2 2 2 2 2 2 2 2 2 2 2 2 2 2 2 2 2 2 2 2 2 2 2 2 2 2 2
-1 0 1 2 -2 -1 0 1 2 -2 -1 0 1 2 -2 -1 0 1 2 -2 -1 0 1 2 -2 -1 0 1 2 -2 -1 0 1 2 -2 -1 0 1 2 -2 -1 0 1 2 -2 -1 0 1 2 -2 -1 0 1 2 -2 -1 0 1 2 -2 -1 0 1 2 -2 -1 0 1 2 -2 -1 0 1 2 -2 -1 0 1 2 -2 -1 0 1 2 -2 -1 0 1 2 -2 -1 0 1 2 -2 -1 0 1 721 -2 -1 0 1 2 -2 -1 0 1 2 -2 -1 0 1 2 -2 -1 0 1 2 -2 -1 0 1 2 -2 -1 0 1 2 -2 -1 0 1 2 -2 -1 0 1 2 -2 -1 0 1 2 -2 -1 0 1 2 -2 -1 0 1 2 -2 -1 0 1 2 -2 -1 0 1 2 -2 -1 0 1 2 -2 -1 0 1 2 -2 -1 0 1 2 -2 -1 0 1 2 -2 -1 0 1 2 -2 -1 0 1 2 -2 -1 0 1 2 -2 -1 0 1 2 -2 -1 0 1 2 -2 -1 0 1 2 -2 -1 0 1 2 -2 -1 0 1 2 -2 -1 0 1 2 -2 -1 0 1 2 -2 -1 0 1 2 -2 -1 0 1 2 -2 -1 0 1 2 -2 -1 0 1 2 -2 -1 0 1 2 -2 -1 0 1 2 -2 -1 0 1 2 -2 -1 0 1 2 -2 -1 0 1 2 -2 -1 0 1 2 -2 -1 0 1 2 -2 -1 0 1 2 -2 -1 0 1 2 -2 -1 0 1 2 -2 -1 0 1 2 -2 -1 0 1 2 -2 -1 0 1 2 -2 -1 0 1 2 -2 -1 0 1 2 -2 -1 0 1 2 -2 -1 0 1 2 -2 -1 0 1 2 -2 -1 0 1 2 -2 -1 0 1 2 -2 -1 0 1 2 -2 -1 0 1 2 -2 -1 0 1 2 -2 -1 0 1 2 -2 -1 0 1 2 -2 -1 0 1 2 -2 -1 0 1 2 -2 -1 0 1 2 -2 -1 0 1 2 -2 -1 0 1 2 -2 -1 0 1 2 -2 -1 0 1 2 -2 -1 0 1 2 -2 -1 0 1 2 -2 -1 0 1 2 -2 -1 0 1 2 -2 -1 0 1 2 -2 -1 0 1 2 -2 -1 0 1 2 -2 -1 0 1 2 -2 -1 0 1 2 -2 -1 0 1 2 -2 -1 0 1 2 -2 -1 0 1 2 -2 -1 0 1 2 -2 -1 0 1 2 -2 -1 0 1 2 -2 -1 0 1 2 -2 -1 0 1 2 -2 -1 0 1 2 -2 -1 0 1 2 -2 -1 0 1 2 -2 -1 0 1 2 -2 -1 0 1 2 -2 -1 0 1 2 -2 -1 0 1 2 -2 -1 0 1 2 -2 -1 0 1 2 -2 -1 0 1 2 -2 -1 0 1 2 -2 -1 0 1 2 -2 -1 0 1 2 -2 -1 0 1 2 -2 -1 0 1 2 -2 -1 0 1 2 -2 -1 0 1 2 -2 -1 0 1 2 -2 -1 0 1 2 -2 -1 0 1 2 -2
1 -2 0 2 -1 1 -2 0 2 -1 1 -2 0 2 -1 1 -2 0 2 -1 1 -2 0 2 -1 1 -2 0 2 -1 1 -2 0 2 -1 1 -2 0 2 -1 1 -2 0 2 -1 1 -2 0 2 -1 1 -2 0 2 -1 1 -2 0 2 -1 1 -2 0 2 -1 1 -2 0 2 -1 1 -2 0 2 -1 1 -2 0 2 -1 1 -2 0 2 -1 1 -2 0 2 -1 1 -2 0 2 -1 1 -2 0 2 722 1 -2 0 2 -1 1 -2 0 2 -1 1 -2 0 2 -1 1 -2 0 2 -1 1 -2 0 2 -1 1 -2 0 2 -1 1 -2 0 2 -1 1 -2 0 2 -1 1 -2 0 2 -1 1 -2 0 2 -1 1 -2 0 2 -1 1 -2 0 2 -1 1 -2 0 2 -1 1 -2 0 2 -1 1 -2 0 2 -1 1 -2 0 2 -1 1 -2 0 2 -1 1 -2 0 2 -1 1 -2 0 2 -1 1 -2 0 2 -1 1 -2 0 2 -1 1 -2 0 2 -1 1 -2 0 2 -1 1 -2 0 2 -1 1 -2 0 2 -1 1 -2 0 2 -1 1 -2 0 2 -1 1 -2 0 2 -1 1 -2 0 2 -1 1 -2 0 2 -1 1 -2 0 2 -1 1 -2 0 2 -1 1 -2 0 2 -1 1 -2 0 2 -1 1 -2 0 2 -1 1 -2 0 2 -1 1 -2 0 2 -1 1 -2 0 2 -1 1 -2 0 2 -1 1 -2 0 2 -1 1 -2 0 2 -1 1 -2 0 2 -1 1 -2 0 2 -1 1 -2 0 2 -1 1 -2 0 2 -1 1 -2 0 2 -1 1 -2 0 2 -1 1 -2 0 2 -1 1 -2 0 2 -1 1 -2 0 2 -1 1 -2 0 2 -1 1 -2 0 2 -1 1 -2 0 2 -1 1 -2 0 2 -1 1 -2 0 2 -1 1 -2 0 2 -1 1 -2 0 2 -1 1 -2 0 2 -1 1 -2 0 2 -1 1 -2 0 2 -1 1 -2 0 2 -1 1 -2 0 2 -1 1 -2 0 2 -1 1 -2 0 2 -1 1 -2 0 2 -1 1 -2 0 2 -1 1 -2 0 2 -1 1 -2 0 2 -1 1 -2 0 2 -1 1 -2 0 2 -1 1 -2 0 2 -1 1 -2 0 2 -1 1 -2 0 2 -1 1 -2 0 2 -1 1 -2 0 2 -1 1 -2 0 2 -1 1 -2 0 2 -1 1 -2 0 2 -1 1 -2 0 2 -1 1 -2 0 2 -1 1 -2 0 2 -1 1 -2 0 2 -1 1 -2 0 2 -1 1 -2 0 2 -1 1 -2 0 2 -1 1 -2 0 2 -1 1 -2 0 2 -1 1 -2 0 2 -1 1 -2 0 2 -1 1 -2 0 2 -1 1 -2 0 2 -1 1 -2 0 2 -1 1 -2 0 2 -1 1 -2 0 2 -1 1 -2 0 2 -1 1 -2 0 2 -1 1 -2 0 2 -1 1 -2 0 2 -1 1 -2 0 2 -1 1 -2 0 2 -1
-2 1 -1 2 0 -2 1 -1 2 0 -2 1 -1 2 0 -2 1 -1 2 0 -2 1 -1 2 0 -2 1 -1 2 0 -2 1 -1 2 0 -2 1 -1 2 0 -2 1 -1 2 0 -2 1 -1 2 0 -2 1 -1 2 0 -2 1 -1 2 0 -2 1 -1 2 0 -2 1 -1 2 0 -2 1 -1 2 0 -2 1 -1 2 0 -2 1 -1 2 0 -2 1 -1 2 0 -2 1 -1 2 0 -2 1 -1 2 0 721 1 -1 2 0 -2 1 -1 2 0 -2 1 -1 2 0 -2 1 -1 2 0 -2 1 -1 2 0 -2 1 -1 2 0 -2 1 -1 2 0 -2 1 -1 2 0 -2 1 -1 2 0 -2 1 -1 2 0 -2 1 -1 2 0 -2 1 -1 2 0 -2 1 -1 2 0 -2 1 -1 2 0 -2 1 -1 2 0 -2 1 -1 2 0 -2 1 -1 2 0 -2 1 -1 2 0 -2 1 -1 2 0 -2 1 -1 2 0 -2 1 -1 2 0 -2 1 -1 2 0 -2 1 -1 2 0 -2 1 -1 2 0 -2 1 -1 2 0 -2 1 -1 2 0 -2 1 -1 2 0 -2 1 -1 2 0 -2 1 -1 2 0 -2 1 -1 2 0 -2 1 -1 2 0 -2 1 -1 2 0 -2 1 -1 2 0 -2 1 -1 2 0 -2 1 -1 2 0 -2 1 -1 2 0 -2 1 -1 2 0 -2 1 -1 2 0 -2 1 -1 2 0 -2 1 -1 2 0 -2 1 -1 2 0 -2 1 -1 2 0 -2 1 -1 2 0 -2 1 -1 2 0 -2 1 -1 2 0 -2 1 -1 2 0 -2 1 -1 2 0 -2 1 -1 2 0 -2 1 -1 2 0 -2 1 -1 2 0 -2 1 -1 2 0 -2 1 -1 2 0 -2 1 -1 2 0 -2 1 -1 2 0 -2 1 -1 2 0 -2 1 -1 2 0 -2 1 -1 2 0 -2 1 -1 2 0 -2 1 -1 2 0 -2 1 -1 2 0 -2 1 -1 2 0 -2 1 -1 2 0 -2 1 -1 2 0 -2 1 -1 2 0 -2 1 -1 2 0 -2 1 -1 2 0 -2 1 -1 2 0 -2 1 -1 2 0 -2 1 -1 2 0 -2 1 -1 2 0 -2 1 -1 2 0 -2 1 -1 2 0 -2 1 -1 2 0 -2 1 -1 2 0 -2 1 -1 2 0 -2 1 -1 2 0 -2 1 -1 2 0 -2 1 -1 2 0 -2 1 -1 2 0 -2 1 -1 2 0 -2 1 -1 2 0 -2 1 -1 2 0 -2 1 -1 2 0 -2 1 -1 2 0 -2 1 -1 2 0 -2 1 -1 2 0 -2 1 -1 2 0 -2 1 -1 2 0 -2 1 -1 2 0 -2 1 -1 2 0 -2 1 -1 2 0 -2 1 -1 2 0 -2 1 -1 2 0 -2 1 -1 2 0 -2 1 -1 2 0 -2 1 -1 2 0 -2 1 -1 2 0 -2 1 -1 2 0 -2 1 -1 2 0 -2 1 -1 2 0
0 -1 -2 2 1 0 -1 -2 2 1 0 -1 -2 2 1 0 -1 -2 2 1 0 -1 -2 2 1 0 -1 -2 2 1 0 -1 -2 2 1 0 -1 -2 2 1 0 -1 -2 2 1 0 -1 -2 2 1 0 -1 -2 2 1 0 -1 -2 2 1 0 -1 -2 2 1 0 -1 -2 2 1 0 -1 -2 2 1 0 -1 -2 2 1 0 -1 -2 2 1 0 -1 -2 2 1 0 -1 -2 2 1 0 -1 -2 2 1 0 722 -2 2 1 0 -1 -2 2 1 0 -1 -2 2 1 0 -1 -2 2 1 0 -1 -2 2 1 0 -1 -2 2 1 0 -1 -2 2 1 0 -1 -2 2 1 0 -1 -2 2 1 0 -1 -2 2 1 0 -1 -2 2 1 0 -1 -2 2 1 0 -1 -2 2 1 0 -1 -2 2 1 0 -1 -2 2 1 0 -1 -2 2 1 0 -1 -2 2 1 0 -1 -2 2 1 0 -1 -2 2 1 0 -1 -2 2 1 0 -1 -2 2 1 0 -1 -2 2 1 0 -1 -2 2 1 0 -1 -2 2 1 0 -1 -2 2 1 0 -1 -2 2 1 0 -1 -2 2 1 0 -1 -2 2 1 0 -1 -2 2 1 0 -1 -2 2 1 0 -1 -2 2 1 0 -1 -2 2 1 0 -1 -2 2 1 0 -1 -2 2 1 0 -1 -2 2 1 0 -1 -2 2 1 0 -1 -2 2 1 0 -1 -2 2 1 0 -1 -2 2 1 0 -1 -2 2 1 0 -1 -2 2 1 0 -1 -2 2 1 0 -1 -2 2 1 0 -1 -2 2 1 0 -1 -2 2 1 0 -1 -2 2 1 0 -1 -2 2 1 0 -1 -2 2 1 0 -1 -2 2 1 0 -1 -2 2 1 0 -1 -2 2 1 0 -1 -2 2 1 0 -1 -2 2 1 0 -1 -2 2 1 0 -1 -2 2 1 0 -1 -2 2 1 0 -1 -2 2 1 0 -1 -2 2 1 0 -1 -2 2 1 0 -1 -2 2 1 0 -1 -2 2 1 0 -1 -2 2 1 0 -1 -2 2 1 0 -1 -2 2 1 0 -1 -2 2 1 0 -1 -2 2 1 0 -1 -2 2 1 0 -1 -2 2 1 0 -1 -2 2 1 0 -1 -2 2 1 0 -1 -2 2 1 0 -1 -2 2 1 0 -1 -2 2 1 0 -1 -2 2 1 0 -1 -2 2 1 0 -1 -2 2 1 0 -1 -2 2 1 0 -1 -2 2 1 0 -1 -2 2 1 0 -1 -2 2 1 0 -1 -2 2 1 0 -1 -2 2 1 0 -1 -2 2 1 0 -1 -2 2 1 0 -1 -2 2 1 0 -1 -2 2 1 0 -1 -2 2 1 0 -1 -2 2 1 0 -1 -2 2 1 0 -1 -2 2 1 0 -1 -2 2 1 0 -1 -2 2 1 0 -1 -2 2 1 0 -1 -2 2 1 0 -1 -2 2 1 0 -1 -2 2 1 0 -1 -2 2 1 0 -1 -2 2 1 0 -1 -2 2 1 0 -1 -2 2 1
2 2 2 2 2 2 2 2 2 2 2 2 2 2 2 2 2 2 2 2 2 2 2 2 2 2 2 2 2 2 2 2 2 2 2 2 2 2 2 2 2 2 2 2 2 2 2 2 2 2 2 2 2 2 2 2 2 2 2 2 2 2 2 2 2 2 2 2 2 2 2 2 2 2 2 2 2 2 2 2 2 2 2 2 2 2 2 2 2 2 2 2 2 2 2 2 2 2 2 2 2 2 1201 2 2 2 2 2 2 2 2 2 2 2 2 2 2 2 2 2 2 2 2 2 2 2 2 2 2 2 2 2 2 2 2 2 2 2 2 2 2 2 2 2 2 2 2 2 2 2 2 2 2 2 2 2 2 2 2 2 2 2 2 2 2 2 2 2 2 2 2 2 2 2 2 2 2 2 2 2 2 2 2 2 2 2 2 2 2 2 2 2 2 2 2 2 2 2 2 2 2 2 2 2 2 2 2 2 2 2 2 2 2 2 2 2 2 2 2 2 2 2 2 2 2 2 2 2 2 2 2 2 2 2 2 2 2 2 2 2 2 2 2 2 2 2 2 2 2 2 2 2 2 2 2 2 2 2 2 2 2 2 2 2 2 2 2 2 2 2 2 2 2 2 2 2 2 2 2 2 2 2 2 2 2 2 2 2 2 2 2 2 2 2 2 2 2 2 2 2 2 2 2 2 2 2 2 2 2 2 2 2 2 2 2 2 2 2 2 2 2 2 2 2 2 2 2 2 2 2 2 2 2 2 2 2 2 2 2 2 2 2 2 2 2 2 2 2 2 2 2 2 2 2 2 2 2 2 2 2 2 2 2 2 2 2 2 2 2 2 2 2 2 2 2 2 2 2 2 2 2 2 2 2 2 2 2 2 2 2 2 2 2 2 2 2 2 2 2 2 2 2 2 2 2 2 2 2 2 2 2 2 2 2 2 2 2 2 2 2 2 2 2 2 2 2 2 2 2 2 2 2 2 2 2 2 2 2 2 2 2 2 2 2 2 2 2 2 2 2 2 2 2 2 2 2 2 2 2 2 2 2 2 2 2 2 2 2 2 2 2 2 2 2 2 2 2 2 2 2 2 2 2 2 2 2 2 2 2 2 2 2 2 2 2 2 2 2 2 2 2 2 2 2 2 2 2 2 2 2 2 2 2 2 2 2 2 2 2 2 2 2 2 2 2 2 2 2 2 2 2 2 2 2 2 2 2 2 2 2 2 2 2 2 2 2 2 2 2 2 2 2 2 2 2 2 2 2 2 2 2 2 2 2 2 2 2 2 2 2 2 2 2 2 2 2 2 2 2 2 2 2 2 2 2 2 2 2 2 2 2 2 2 2 2 2 2 2 2 2
-1 0 1 2 -2 -1 0 1 2 -2 -1 0 1 2 -2 -1 0 1 2 -2 -1 0 1 2 -2 -1 0 1 2 -2 -1 0 1 2 -2 -1 0 1 2 -2 -1 0 1 2 -2 -1 0 1 2 -2 -1 0 1 2 -2 -1 0 1 2 -2 -1 0 1 2 -2 -1 0 1 2 -2 -1 0 1 2 -2 -1 0 1 2 -2 -1 0 1 2 -2 -1 0 1 2 -2 -1 0 1 2 -2 -1 0 1 2 -2 -1 0 1 721 -2 -1 0 1 2 -2 -1 0 1 2 -2 -1 0 1 2 -2 -1 0 1 2 -2 -1 0 1 2 -2 -1 0 1 2 -2 -1 0 1 2 -2 -1 0 1 2 -2 -1 0 1 2 -2 -1 0 1 2 -2 -1 0 1 2 -2 -1 0 1 2 -2 -1 0 1 2 -2 -1 0 1 2 -2 -1 0 1 2 -2 -1 0 1 2 -2 -1 0 1 2 -2 -1 0 1 2 -2 -1 0 1 2 -2 -1 0 1 2 -2 -1 0 1 2 -2 -1 0 1 2 -2 -1 0 1 2 -2 -1 0 1 2 -2 -1 0 1 2 -2 -1 0 1 2 -2 -1 0 1 2 -2 -1 0 1 2 -2 -1 0 1 2 -2 -1 0 1 2 -2 -1 0 1 2 -2 -1 0 1 2 -2 -1 0 1 2 -2 -1 0 1 2 -2 -1 0 1 2 -2 -1 0 1 2 -2 -1 0 1 2 -2 -1 0 1 2 -2 -1 0 1 2 -2 -1 0 1 2 -2 -1 0 1 2 -2 -1 0 1 2 -2 -1 0 1 2 -2 -1 0 1 2 -2 -1 0 1 2 -2 -1 0 1 2 -2 -1 0 1 2 -2 -1 0 1 2 -2 -1 0 1 2 -2 -1 0 1 2 -2 -1 0 1 2 -2 -1 0 1 2 -2 -1 0 1 2 -2 -1 0 1 2 -2 -1 0 1 2 -2 -1 0 1 2 -2 -1 0 1 2 -2 -1 0 1 2 -2 -1 0 1 2 -2 -1 0 1 2 -2 -1 0 1 2 -2 -1 0 1 2 -2 -1 0 1 2 -2 -1 0 1 2 -2 -1 0 1 2 -2 -1 0 1 2 -2 -1 0 1 2 -2 -1 0 1 2 -2 -1 0 1 2 -2 -1 0 1 2 -2 -1 0 1 2 -2 -1 0 1 2 -2 -1 0 1 2 -2 -1 0 1 2 -2 -1 0 1 2 -2 -1 0 1 2 -2 -1 0 1 2 -2 -1 0 1 2 -2 -1 0 1 2 -2 -1 0 1 2 -2 -1 0 1 2 -2 -1 0 1 2 -2 -1 0 1 2 -2 -1 0 1 2 -2 -1 0 1 2 -2 -1 0 1 2 -2 -1 0 1 2 -2 -1 0 1 2 -2 -1 0 1 2 -2 -1 0 1 2 -2 -1 0 1 2 -2 -1 0 1 2 -2 -1 0 1 2 -2 -1 0 1 2 -2 -1 0 1 2 -2 -1 0 1 2 -2 -1 0 1 2 -2 -1 0 1 2 -2 -1 0 1 2 -2
1 -2 0 2 -1 1 -2 0 2 -1 1 -2 0 2 -1 1 -2 0 2 -1 1 -2 0 2 -1 1 -2 0 2 -1 1 -2 0 2 -1 1 -2 0 2 -1 1 -2 0 2 -1 1 -2 0 2 -1 1 -2 0 2 -1 1 -2 0 2 -1 1 -2 0 2 -1 1 -2 0 2 -1 1 -2 0 2 -1 1 -2 0 2 -1 1 -2 0 2 -1 1 -2 0 2 -1 1 -2 0 2 -1 1 -2 0 2 -1 1 -2 0 2 722 1 -2 0 2 -1 1 -2 0 2 -1 1 -2 0 2 -1 1 -2 0 2 -1 1 -2 0 2 -1 1 -2 0 2 -1 1 -2 0 2 -1 1 -2 0 2 -1 1 -2 0 2 -1 1 -2 0 2 -1 1 -2 0 2 -1 1 -2 0 2 -1 1 -2 0 2 -1 1 -2 0 2 -1 1 -2 0 2 -1 1 -2 0 2 -1 1 -2 0 2 -1 1 -2 0 2 -1 1 -2 0 2 -1 1 -2 0 2 -1 1 -2 0 2 -1 1 -2 0 2 -1 1 -2 0 2 -1 1 -2 0 2 -1 1 -2 0 2 -1 1 -2 0 2 -1 1 -2 0 2 -1 1 -2 0 2 -1 1 -2 0 2 -1 1 -2 0 2 -1 1 -2 0 2 -1 1 -2 0 2 -1 1 -2 0 2 -1 1 -2 0 2 -1 1 -2 0 2 -1 1 -2 0 2 -1 1 -2 0 2 -1 1 -2 0 2 -1 1 -2 0 2 -1 1 -2 0 2 -1 1 -2 0 2 -1 1 -2 0 2 -1 1 -2 0 2 -1 1 -2 0 2 -1 1 -2 0 2 -1 1 -2 0 2 -1 1 -2 0 2 -1 1 -2 0 2 -1 1 -2 0 2 -1 1 -2 0 2 -1 1 -2 0 2 -1 1 -2 0 2 -1 1 -2 0 2 -1 1 -2 0 2 -1 1 -2 0 2 -1 1 -2 0 2 -1 1 -2 0 2 -1 1 -2 0 2 -1 1 -2 0 2 -1 1 -2 0 2 -1 1 -2 0 2 -1 1 -2 0 2 -1 1 -2 0 2 -1 1 -2 0 2 -1 1 -2 0 2 -1 1 -2 0 2 -1 1 -2 0 2 -1 1 -2 0 2 -1 1 -2 0 2 -1 1 -2 0 2 -1 1 -2 0 2 -1 1 -2 0 2 -1 1 -2 0 2 -1 1 -2 0 2 -1 1 -2 0 2 -1 1 -2 0 2 -1 1 -2 0 2 -1 1 -2 0 2 -1 1 -2 0 2 -1 1 -2 0 2 -1 1 -2 0 2 -1 1 -2 0 2 -1 1 -2 0 2 -1 1 -2 0 2 -1 1 -2 0 2 -1 1 -2 0 2 -1 1 -2 0 2 -1 1 -2 0 2 -1 1 -2 0 2 -1 1 -2 0 2 -1 1 -2 0 2 -1 1 -2 0 2 -1 1 -2 0 2 -1 1 -2 0 2 -1 1 -2 0 2 -1 1 -2 0 2 -1 1 -2 0 2 -1 1 -2 0 2 -1 1 -2 0 2 -1
-2 1 -1 2 0 -2 1 -1 2 0 -2 1 -1 2 0 -2 1 -1 2 0 -2 1 -1 2 0 -2 1 -1 2 0 -2 1 -1 2 0 -2 1 -1 2 0 -2 1 -1 2 0 -2 1 -1 2 0 -2 1 -1 2 0 -2 1 -1 2 0 -2 1 -1 2 0 -2 1 -1 2 0 -2 1 -1 2 0 -2 1 -1 2 0 -2 1 -1 2 0 -2 1 -1 2 0 -2 1 -1 2 0 -2 1 -1 2 0 -2 1 -1 2 0 721 1 -1 2 0 -2 1 -1 2 0 -2 1 -1 2 0 -2 1 -1 2 0 -2 1 -1 2 0 -2 1 -1 2 0 -2 1 -1 2 0 -2 1 -1 2 0 -2 1 -1 2 0 -2 1 -1 2 0 -2 1 -1 2 0 -2 1 -1 2 0 -2 1 -1 2 0 -2 1 -1 2 0 -2 1 -1 2 0 -2 1 -1 2 0 -2 1 -1 2 0 -2 1 -1 2 0 -2 1 -1 2 0 -2 1 -1 2 0 -2 1 -1 2 0 -2 1 -1 2 0 -2 1 -1 2 0 -2 1 -1 2 0 -2 1 -1 2 0 -2 1 -1 2 0 -2 1 -1 2 0 -2 1 -1 2 0 -2 1 -1 2 0 -2 1 -1 2 0 -2 1 -1 2 0 -2 1 -1 2 0 -2 1 -1 2 0 -2 1 -1 2 0 -2 1 -1 2 0 -2 1 -1 2 0 -2 1 -1 2 0 -2 1 -1 2 0 -2 1 -1 2 0 -2 1 -1 2 0 -2 1 -1 2 0 -2 1 -1 2 0 -2 1 -1 2 0 -2 1 -1 2 0 -2 1 -1 2 0 -2 1 -1 2 0 -2 1 -1 2 0 -2 1 -1 2 0 -2 1 -1 2 0 -2 1 -1 2 0 -2 1 -1 2 0 -2 1 -1 2 0 -2 1 -1 2 0 -2 1 -1 2 0 -2 1 -1 2 0 -2 1 -1 2 0 -2 1 -1 2 0 -2 1 -1 2 0 -2 1 -1 2 0 -2 1 -1 2 0 -2 1 -1 2 0 -2 1 -1 2 0 -2 1 -1 2 0 -2 1 -1 2 0 -2 1 -1 2 0 -2 1 -1 2 0 -2 1 -1 2 0 -2 1 -1 2 0 -2 1 -1 2 0 -2 1 -1 2 0 -2 1 -1 2 0 -2 1 -1 2 0 -2 1 -1 2 0 -2 1 -1 2 0 -2 1 -1 2 0 -2 1 -1 2 0 -2 1 -1 2 0 -2 1 -1 2 0 -2 1 -1 2 0 -2 1 -1 2 0 -2 1 -1 2 0 -2 1 -1 2 0 -2 1 -1 2 0 -2 1 -1 2 0 -2 1 -1 2 0 -2 1 -1 2 0 -2 1 -1 2 0 -2 1 -1 2 0 -2 1 -1 2 0 -2 1 -1 2 0 -2 1 -1 2 0 -2 1 -1 2 0 -2 1 -1 2 0 -2 1 -1 2 0 -2 1 -1 2 0 -2 1 -1 2 0 -2 1 -1 2 0 -2 1 -1 2 0 -2 1 -1 2 0
0 -1 -2 2 1 0 -1 -2 2 1 0 -1 -2 2 1 0 -1 -2 2 1 0 -1 -2 2 1 0 -1 -2 2 1 0 -1 -2 2 1 0 -1 -2 2 1 0 -1 -2 2 1 0 -1 -2 2 1 0 -1 -2 2 1 0 -1 -2 2 1 0 -1 -2 2 1 0 -1 -2 2 1 0 -1 -2 2 1 0 -1 -2 2 1 0 -1 -2 2 1 0 -1 -2 2 1 0 -1 -2 2 1 0 -1 -2 2 1 0 -1 -2 2 1 0 722 -2 2 1 0 -1 -2 2 1 0 -1 -2 2 1 0 -1 -2 2 1 0 -1 -2 2 1 0 -1 -2 2 1 0 -1 -2 2 1 0 -1 -2 2 1 0 -1 -2 2 1 0 -1 -2 2 1 0 -1 -2 2 1 0 -1 -2 2 1 0 -1 -2 2 1 0 -1 -2 2 1 0 -1 -2 2 1 0 -1 -2 2 1 0 -1 -2 2 1 0 -1 -2 2 1 0 -1 -2 2 1 0 -1 -2 2 1 0 -1 -2 2 1 0 -1 -2 2 1 0 -1 -2 2 1 0 -1 -2 2 1 0 -1 -2 2 1 0 -1 -2 2 1 0 -1 -2 2 1 0 -1 -2 2 1 0 -1 -2 2 1 0 -1 -2 2 1 0 -1 -2 2 1 0 -1 -2 2 1 0 -1 -2 2 1 0 -1 -2 2 1 0 -1 -2 2 1 0 -1 -2 2 1 0 -1 -2 2 1 0 -1 -2 2 1 0 -1 -2 2 1 0 -1 -2 2 1 0 -1 -2 2 1 0 -1 -2 2 1 0 -1 -2 2 1 0 -1 -2 2 1 0 -1 -2 2 1 0 -1 -2 2 1 0 -1 -2 2 1 0 -1 -2 2 1 0 -1 -2 2 1 0 -1 -2 2 1 0 -1 -2 2 1 0 -1 -2 2 1 0 -1 -2 2 1 0 -1 -2 2 1 0 -1 -2 2 1 0 -1 -2 2 1 0 -1 -2 2 1 0 -1 -2 2 1 0 -1 -2 2 1 0 -1 -2 2 1 0 -1 -2 2 1 0 -1 -2 2 1 0 -1 -2 2 1 0 -1 -2 2 1 0 -1 -2 2 1 0 -1 -2 2 1 0 -1 -2 2 1 0 -1 -2 2 1 0 -1 -2 2 1 0 -1 -2 2 1 0 -1 -2 2 1 0 -1 -2 2 1 0 -1 -2 2 1 0 -1 -2 2 1 0 -1 -2 2 1 0 -1 -2 2 1 0 -1 -2 2 1 0 -1 -2 2 1 0 -1 -2 2 1 0 -1 -2 2 1 0 -1 -2 2 1 0 -1 -2 2 1 0 -1 -2 2 1 0 -1 -2 2 1 0 -1 -2 2 1 0 -1 -2 2 1 0 -1 -2 2 1 0 -1 -2 2 1 0 -1 -2 2 1 0 -1 -2 2 1 0 -1 -2 2 1 0 -1 -2 2 1 0 -1 -2 2 1 0 -1 -2 2 1 0 -1 -2 2 1 0 -1 -2 2 1 0 -1 -2 2 1 0 -1 -2 2 1 0 -1 -2 2 1
2 2 2 2 2 2 2 2 2 2 2 2 2 2 2 2 2 2 2 2 2 2 2 2 2 2 2 2 2 2 2 2 2 2 2 2 2 2 2 2 2 2 2 2 2 2 2 2 2 2 2 2 2 2 2 2 2 2 2 2 2 2 2 2 2 2 2 2 2 2 2 2 2 2 2 2 2 2 2 2 2 2 2 2 2 2 2 2 2 2 2 2 2 2 2 2 2 2 2 2 2 2 2 2 2 2 2 1201 2 2 2 2 2 2 2 2 2 2 2 2 2 2 2 2 2 2 2 2 2 2 2 2 2 2 2 2 2 2 2 2 2 2 2 2 2 2 2 2 2 2 2 2 2 2 2 2 2 2 2 2 2 2 2 2 2 2 2 2 2 2 2 2 2 2 2 2 2 2 2 2 2 2 2 2 2 2 2 2 2 2 2 2 2 2 2 2 2 2 2 2 2 2 2 2 2 2 2 2 2 2 2 2 2 2 2 2 2 2 2 2 2 2 2 2 2 2 2 2 2 2 2 2 2 2 2 2 2 2 2 2 2 2 2 2 2 2 2 2 2 2 2 2 2 2 2 2 2 2 2 2 2 2 2 2 2 2 2 2 2 2 2 2 2 2 2 2 2 2 2 2 2 2 2 2 2 2 2 2 2 2 2 2 2 2 2 2 2 2 2 2 2 2 2 2 2 2 2 2 2 2 2 2 2 2 2 2 2 2 2 2 2 2 2 2 2 2 2 2 2 2 2 2 2 2 2 2 2 2 2 2 2 2 2 2 2 2 2 2 2 2 2 2 2 2 2 2 2 2 2 2 2 2 2 2 2 2 2 2 2 2 2 2 2 2 2 2 2 2 2 2 2 2 2 2 2 2 2 2 2 2 2 2 2 2 2 2 2 2 2 2 2 2 2 2 2 2 2 2 2 2 2 2 2 2 2 2 2 2 2 2 2 2 2 2 2 2 2 2 2 2 2 2 2 2 2 2 2 2 2 2 2 2 2 2 2 2 2 2 2 2 2 2 2 2 2 2 2 2 2 2 2 2 2 2 2 2 2 2 2 2 2 2 2 2 2 2 2 2 2 2 2 2 2 2 2 2 2 2 2 2 2 2 2 2 2 2 2 2 2 2 2 2 2 2 2 2 2 2 2 2 2 2 2 2 2 2 2 2 2 2 2 2 2 2 2 2 2 2 2 2 2 2 2 2 2 2 2 2 2 2 2 2 2 2 2 2 2 2 2 2 2 2 2 2 2 2 2 2 2 2 2 2 2 2 2 2 2 2 2 2 2 2 2 2 2 2 2 2 2 2 2 2 2 2 2 2 2 2 2 2 2 2 2 2 2 2 2 2 2 2
-1 0 1 2 -2 -1 0 1 2 -2 -1 0 1 2 -2 -1 0 1 2 -2 -1 0 1 2 -2 -1 0 1 2 -2 -1 0 1 2 -2 -1 0 1 2 -2 -1 0 1 2 -2 -1 0 1 2 -2 -1 0 1 2 -2 -1 0 1 2 -2 -1 0 1 2 -2 -1 0 1 2 -2 -1 0 1 2 -2 -1 0 1 2 -2 -1 0 1 2 -2 -1 0 1 2 -2 -1 0 1 2 -2 -1 0 1 2 -2 -1 0 1 2 -2 -1 0 1 721 -2 -1 0 1 2 -2 -1 0 1 2 -2 -1 0 1 2 -2 -1 0 1 2 -2 -1 0 1 2 -2 -1 0 1 2 -2 -1 0 1 2 -2 -1 0 1 2 -2 -1 0 1 2 -2 -1 0 1 2 -2 -1 0 1 2 -2 -1 0 1 2 -2 -1 0 1 2 -2 -1 0 1 2 -2 -1 0 1 2 -2 -1 0 1 2 -2 -1 0 1 2 -2 -1 0 1 2 -2 -1 0 1 2 -2 -1 0 1 2 -2 -1 0 1 2 -2 -1 0 1 2 -2 -1 0 1 2 -2 -1 0 1 2 -2 -1 0 1 2 -2 -1 0 1 2 -2 -1 0 1 2 -2 -1 0 1 2 -2 -1 0 1 2 -2 -1 0 1 2 -2 -1 0 1 2 -2 -1 0 1 2 -2 -1 0 1 2 -2 -1 0 1 2 -2 -1 0 1 2 -2 -1 0 1 2 -2 -1 0 1 2 -2 -1 0 1 2 -2 -1 0 1 2 -2 -1 0 1 2 -2 -1 0 1 2 -2 -1 0 1 2 -2 -1 0 1 2 -2 -1 0 1 2 -2 -1 0 1 2 -2 -1 0 1 2 -2 -1 0 1 2 -2 -1 0 1 2 -2 -1 0 1 2 -2 -1 0 1 2 -2 -1 0 1 2 -2 -1 0 1 2 -2 -1 0 1 2 -2 -1 0 1 2 -2 -1 0 1 2 -2 -1 0 1 2 -2 -1 0 1 2 -2 -1 0 1 2 -2 -1 0 1 2 -2 -1 0 1 2 -2 -1 0 1 2 -2 -1 0 1 2 -2 -1 0 1 2 -2 -1 0 1 2 -2 -1 0 1 2 -2 -1 0 1 2 -2 -1 0 1 2 -2 -1 0 1 2 -2 -1 0 1 2 -2 -1 0 1 2 -2 -1 0 1 2 -2 -1 0 1 2 -2 -1 0 1 2 -2 -1 0 1 2 -2 -1 0 1 2 -2 -1 0 1 2 -2 -1 0 1 2 -2 -1 0 1 2 -2 -1 0 1 2 -2 -1 0 1 2 -2 -1 0 1 2 -2 -1 0 1 2 -2 -1 0 1 2 -2 -1 0 1 2 -2 -1 0 1 2 -2 -1 0 1 2 -2 -1 0 1 2 -2 -1 0 1 2 -2 -1 0 1 2 -2 -1 0 1 2 -2 -1 0 1 2 -2 -1 0 1 2 -2 -1 0 1 2 -2 -1 0 1 2 -2 -1 0 1 2 -2 -1 0 1 2 -2 -1 0 1 2 -2 -1 0 1 2 -2
1 -2 0 2 -1 1 -2 0 2 -1 1 -2 0 2 -1 1 -2 0 2 -1 1 -2 0 2 -1 1 -2 0 2 -1 1 -2 0 2 -1 1 -2 0 2 -1 1 -2 0 2 -1 1 -2 0 2 -1 1 -2 0 2 -1 1 -2 0 2 -1 1 -2 0 2 -1 1 -2 0 2 -1 1 -2 0 2 -1 1 -2 0 2 -1 1 -2 0 2 -1 1 -2 0 2 -1 1 -2 0 2 -1 1 -2 0 2 -1 1 -2 0 2 -1 1 -2 0 2 722 1 -2 0 2 -1 1 -2 0 2 -1 1 -2 0 2 -1 1 -2 0 2 -1 1 -2 0 2 -1 1 -2 0 2 -1 1 -2 0 2 -1 1 -2 0 2 -1 1 -2 0 2 -1 1 -2 0 2 -1 1 -2 0 2 -1 1 -2 0 2 -1 1 -2 0 2 -1 1 -2 0 2 -1 1 -2 0 2 -1 1 -2 0 2 -1 1 -2 0 2 -1 1 -2 0 2 -1 1 -2 0 2 -1 1 -2 0 2 -1 1 -2 0 2 -1 1 -2 0 2 -1 1 -2 0 2 -1 1 -2 0 2 -1 1 -2 0 2 -1 1 -2 0 2 -1 1 -2 0 2 -1 1 -2 0 2 -1 1 -2 0 2 -1 1 -2 0 2 -1 1 -2 0 2 -1 1 -2 0 2 -1 1 -2 0 2 -1 1 -2 0 2 -1 1 -2 0 2 -1 1 -2 0 2 -1 1 -2 0 2 -1 1 -2 0 2 -1 1 -2 0 2 -1 1 -2 0 2 -1 1 -2 0 2 -1 1 -2 0 2 -1 1 -2 0 2 -1 1 -2 0 2 -1 1 -2 0 2 -1 1 -2 0 2 -1 1 -2 0 2 -1 1 -2 0 2 -1 1 -2 0 2 -1 1 -2 0 2 -1 1 -2 0 2 -1 1 -2 0 2 -1 1 -2 0 2 -1 1 -2 0 2 -1 1 -2 0 2 -1 1 -2 0 2 -1 1 -2 0 2 -1 1 -2 0 2 -1 1 -2 0 2 -1 1 -2 0 2 -1 1 -2 0 2 -1 1 -2 0 2 -1 1 -2 0 2 -1 1 -2 0 2 -1 1 -2 0 2 -1 1 -2 0 2 -1 1 -2 0 2 -1 1 -2 0 2 -1 1 -2 0 2 -1 1 -2 0 2 -1 1 -2 0 2 -1 1 -2 0 2 -1 1 -2 0 2 -1 1 -2 0 2 -1 1 -2 0 2 -1 1 -2 0 2 -1 1 -2 0 2 -1 1 -2 0 2 -1 1 -2 0 2 -1 1 -2 0 2 -1 1 -2 0 2 -1 1 -2 0 2 -1 1 -2 0 2 -1 1 -2 0 2 -1 1 -2 0 2 -1 1 -2 0 2 -1 1 -2 0 2 -1 1 -2 0 2 -1 1 -2 0 2 -1 1 -2 0 2 -1 1 -2 0 2 -1 1 -2 0 2 -1 1 -2 0 2 -1 1 -2 0 2 -1 1 -2 0 2 -1 1 -2 0 2 -1 1 -2 0 2 -1 1 -2 0 2 -1
-2 1 -1 2 0 -2 1 -1 2 0 -2 1 -1 2 0 -2 1 -1 2 0 -2 1 -1 2 0 -2 1 -1 2 0 -2 1 -1 2 0 -2 1 -1 2 0 -2 1 -1 2 0 -2 1 -1 2 0 -2 1 -1 2 0 -2 1 -1 2 0 -2 1 -1 2 0 -2 1 -1 2 0 -2 1 -1 2 0 -2 1 -1 2 0 -2 1 -1 2 0 -2 1 -1 2 0 -2 1 -1 2 0 -2 1 -1 2 0 -2 1 -1 2 0 -2 1 -1 2 0 721 1 -1 2 0 -2 1 -1 2 0 -2 1 -1 2 0 -2 1 -1 2 0 -2 1 -1 2 0 -2 1 -1 2 0 -2 1 -1 2 0 -2 1 -1 2 0 -2 1 -1 2 0 -2 1 -1 2 0 -2 1 -1 2 0 -2 1 -1 2 0 -2 1 -1 2 0 -2 1 -1 2 0 -2 1 -1 2 0 -2 1 -1 2 0 -2 1 -1 2 0 -2 1 -1 2 0 -2 1 -1 2 0 -2 1 -1 2 0 -2 1 -1 2 0 -2 1 -1 2 0 -2 1 -1 2 0 -2 1 -1 2 0 -2 1 -1 2 0 -2 1 -1 2 0 -2 1 -1 2 0 -2 1 -1 2 0 -2 1 -1 2 0 -2 1 -1 2 0 -2 1 -1 2 0 -2 1 -1 2 0 -2 1 -1 2 0 -2 1 -1 2 0 -2 1 -1 2 0 -2 1 -1 2 0 -2 1 -1 2 0 -2 1 -1 2 0 -2 1 -1 2 0 -2 1 -1 2 0 -2 1 -1 2 0 -2 1 -1 2 0 -2 1 -1 2 0 -2 1 -1 2 0 -2 1 -1 2 0 -2 1 -1 2 0 -2 1 -1 2 0 -2 1 -1 2 0 -2 1 -1 2 0 -2 1 -1 2 0 -2 1 -1 2 0 -2 1 -1 2 0 -2 1 -1 2 0 -2 1 -1 2 0 -2 1 -1 2 0 -2 1 -1 2 0 -2 1 -1 2 0 -2 1 -1 2 0 -2 1 -1 2 0 -2 1 -1 2 0 -2 1 -1 2 0 -2 1 -1 2 0 -2 1 -1 2 0 -2 1 -1 2 0 -2 1 -1 2 0 -2 1 -1 2 0 -2 1 -1 2 0 -2 1 -1 2 0 -2 1 -1 2 0 -2 1 -1 2 0 -2 1 -1 2 0 -2 1 -1 2 0 -2 1 -1 2 0 -2 1 -1 2 0 -2 1 -1 2 0 -2 1 -1 2 0 -2 1 -1 2 0 -2 1 -1 2 0 -2 1 -1 2 0 -2 1 -1 2 0 -2 1 -1 2 0 -2 1 -1 2 0 -2 1 -1 2 0 -2 1 -1 2 0 -2 1 -1 2 0 -2 1 -1 2 0 -2 1 -1 2 0 -2 1 -1 2 0 -2 1 -1 2 0 -2 1 -1 2 0 -2 1 -1 2 0 -2 1 -1 2 0 -2 1 -1 2 0 -2 1 -1 2 0 -2 1 -1 2 0 -2 1 -1 2 0 -2 1 -1 2 0 -2 1 -1 2 0
0 -1 -2 2 1 0 -1 -2 2 1 0 -1 -2 2 1 0 -1 -2 2 1 0 -1 -2 2 1 0 -1 -2 2 1 0 -1 -2 2 1 0 -1 -2 2 1 0 -1 -2 2 1 0 -1 -2 2 1 0 -1 -2 2 1 0 -1 -2 2 1 0 -1 -2 2 1 0 -1 -2 2 1 0 -1 -2 2 1 0 -1 -2 2 1 0 -1 -2 2 1 0 -1 -2 2 1 0 -1 -2 2 1 0 -1 -2 2 1 0 -1 -2 2 1 0 -1 -2 2 1 0 722 -2 2 1 0 -1 -2 2 1 0 -1 -2 2 1 0 -1 -2 2 1 0 -1 -2 2 1 0 -1 -2 2 1 0 -1 -2 2 1 0 -1 -2 2 1 0 -1 -2 2 1 0 -1 -2 2 1 0 -1 -2 2 1 0 -1 -2 2 1 0 -1 -2 2 1 0 -1 -2 2 1 0 -1 -2 2 1 0 -1 -2 2 1 0 -1 -2 2 1 0 -1 -2 2 1 0 -1 -2 2 1 0 -1 -2 2 1 0 -1 -2 2 1 0 -1 -2 2 1 0 -1 -2 2 1 0 -1 -2 2 1 0 -1 -2 2 1 0 -1 -2 2 1 0 -1 -2 2 1 0 -1 -2 2 1 0 -1 -2 2 1 0 -1 -2 2 1 0 -1 -2 2 1 0 -1 -2 2 1 0 -1 -2 2 1 0 -1 -2 2 1 0 -1 -2 2 1 0 -1 -2 2 1 0 -1 -2 2 1 0 -1 -2 2 1 0 -1 -2 2 1 0 -1 -2 2 1 0 -1 -2 2 1 0 -1 -2 2 1 0 -1 -2 2 1 0 -1 -2 2 1 0 -1 -2 2 1 0 -1 -2 2 1 0 -1 -2 2 1 0 -1 -2 2 1 0 -1 -2 2 1 0 -1 -2 2 1 0 -1 -2 2 1 0 -1 -2 2 1 0 -1 -2 2 1 0 -1 -2 2 1 0 -1 -2 2 1 0 -1 -2 2 1 0 -1 -2 2 1 0 -1 -2 2 1 0 -1 -2 2 1 0 -1 -2 2 1 0 -1 -2 2 1 0 -1 -2 2 1 0 -1 -2 2 1 0 -1 -2 2 1 0 -1 -2 2 1 0 -1 -2 2 1 0 -1 -2 2 1 0 -1 -2 2 1 0 -1 -2 2 1 0 -1 -2 2 1 0 -1 -2 2 1 0 -1 -2 2 1 0 -1 -2 2 1 0 -1 -2 2 1 0 -1 -2 2 1 0 -1 -2 2 1 0 -1 -2 2 1 0 -1 -2 2 1 0 -1 -2 2 1 0 -1 -2 2 1 0 -1 -2 2 1 0 -1 -2 2 1 0 -1 -2 2 1 0 -1 -2 2 1 0 -1 -2 2 1 0 -1 -2 2 1 0 -1 -2 2 1 0 -1 -2 2 1 0 -1 -2 2 1 0 -1 -2 2 1 0 -1 -2 2 1 0 -1 -2 2 1 0 -1 -2 2 1 0 -1 -2 2 1 0 -1 -2 2 1 0 -1 -2 2 1 0 -1 -2 2 1 0 -1 -2 2 1
2 2 2 2 2 2 2 2 2 2 2 2 2 2 2 2 2 2 2 2 2 2 2 2 2 2 2 2 2 2 2 2 2 2 2 2 2 2 2 2 2 2 2 2 2 2 2 2 2 2 2 2 2 2 2 2 2 2 2 2 2 2 2 2 2 2 2 2 2 2 2 2 2 2 2 2 2 2 2 2 2 2 2 2 2 2 2 2 2 2 2 2 2 2 2 2 2 2 2 2 2 2 2 2 2 2 2 2 2 2 2 2 1201 2 2 2 2 2 2 2 2 2 2 2 2 2 2 2 2 2 2 2 2 2 2 2 2 2 2 2 2 2 2 2 2 2 2 2 2 2 2 2 2 2 2 2 2 2 2 2 2 2 2 2 2 2 2 2 2 2 2 2 2 2 2 2 2 2 2 2 2 2 2 2 2 2 2 2 2 2 2 2 2 2 2 2 2 2 2 2 2 2 2 2 2 2 2 2 2 2 2 2 2 2 2 2 2 2 2 2 2 2 2 2 2 2 2 2 2 2 2 2 2 2 2 2 2 2 2 2 2 2 2 2 2 2 2 2 2 2 2 2 2 2 2 2 2 2 2 2 2 2 2 2 2 2 2 2 2 2 2 2 2 2 2 2 2 2 2 2 2 2 2 2 2 2 2 2 2 2 2 2 2 2 2 2 2 2 2 2 2 2 2 2 2 2 2 2 2 2 2 2 2 2 2 2 2 2 2 2 2 2 2 2 2 2 2 2 2 2 2 2 2 2 2 2 2 2 2 2 2 2 2 2 2 2 2 2 2 2 2 2 2 2 2 2 2 2 2 2 2 2 2 2 2 2 2 2 2 2 2 2 2 2 2 2 2 2 2 2 2 2 2 2 2 2 2 2 2 2 2 2 2 2 2 2 2 2 2 2 2 2 2 2 2 2 2 2 2 2 2 2 2 2 2 2 2 2 2 2 2 2 2 2 2 2 2 2 2 2 2 2 2 2 2 2 2 2 2 2 2 2 2 2 2 2 2 2 2 2 2 2 2 2 2 2 2 2 2 2 2 2 2 2 2 2 2 2 2 2 2 2 2 2 2 2 2 2 2 2 2 2 2 2 2 2 2 2 2 2 2 2 2 2 2 2 2 2 2 2 2 2 2 2 2 2 2 2 2 2 2 2 2 2 2 2 2 2 2 2 2 2 2 2 2 2 2 2 2 2 2 2 2 2 2 2 2 2 2 2 2 2 2 2 2 2 2 2 2 2 2 2 2 2 2 2 2 2 2 2 2 2 2 2 2 2 2 2 2 2 2 2 2 2 2 2 2 2 2 2 2 2 2 2 2 2 2 2 2 2 2 2 2 2 2 2 2 2 2 2
-1 0 1 2 -2 -1 0 1 2 -2 -1 0 1 2 -2 -1 0 1 2 -2 -1 0 1 2 -2 -1 0 1 2 -2 -1 0 1 2 -2 -1 0 1 2 -2 -1 0 1 2 -2 -1 0 1 2 -2 -1 0 1 2 -2 -1 0 1 2 -2 -1 0 1 2 -2 -1 0 1 2 -2 -1 0 1 2 -2 -1 0 1 2 -2 -1 0 1 2 -2 -1 0 1 2 -2 -1 0 1 2 -2 -1 0 1 2 -2 -1 0 1 2 -2 -1 0 1 2 -2 -1 0 1 721 -2 -1 0 1 2 -2 -1 0 1 2 -2 -1 0 1 2 -2 -1 0 1 2 -2 -1 0 1 2 -2 -1 0 1 2 -2 -1 0 1 2 -2 -1 0 1 2 -2 -1 0 1 2 -2 -1 0 1 2 -2 -1 0 1 2 -2 -1 0 1 2 -2 -1 0 1 2 -2 -1 0 1 2 -2 -1 0 1 2 -2 -1 0 1 2 -2 -1 0 1 2 -2 -1 0 1 2 -2 -1 0 1 2 -2 -1 0 1 2 -2 -1 0 1 2 -2 -1 0 1 2 -2 -1 0 1 2 -2 -1 0 1 2 -2 -1 0 1 2 -2 -1 0 1 2 -2 -1 0 1 2 -2 -1 0 1 2 -2 -1 0 1 2 -2 -1 0 1 2 -2 -1 0 1 2 -2 -1 0 1 2 -2 -1 0 1 2 -2 -1 0 1 2 -2 -1 0 1 2 -2 -1 0 1 2 -2 -1 0 1 2 -2 -1 0 1 2 -2 -1 0 1 2 -2 -1 0 1 2 -2 -1 0 1 2 -2 -1 0 1 2 -2 -1 0 1 2 -2 -1 0 1 2 -2 -1 0 1 2 -2 -1 0 1 2 -2 -1 0 1 2 -2 -1 0 1 2 -2 -1 0 1 2 -2 -1 0 1 2 -2 -1 0 1 2 -2 -1 0 1 2 -2 -1 0 1 2 -2 -1 0 1 2 -2 -1 0 1 2 -2 -1 0 1 2 -2 -1 0 1 2 -2 -1 0 1 2 -2 -1 0 1 2 -2 -1 0 1 2 -2 -1 0 1 2 -2 -1 0 1 2 -2 -1 0 1 2 -2 -1 0 1 2 -2 -1 0 1 2 -2 -1 0 1 2 -2 -1 0 1 2 -2 -1 0 1 2 -2 -1 0 1 2 -2 -1 0 1 2 -2 -1 0 1 2 -2 -1 0 1 2 -2 -1 0 1 2 -2 -1 0 1 2 -2 -1 0 1 2 -2 -1 0 1 2 -2 -1 0 1 2 -2 -1 0 1 2 -2 -1 0 1 2 -2 -1 0 1 2 -2 -1 0 1 2 -2 -1 0 1 2 -2 -1 0 1 2 -2 -1 0 1 2 -2 -1 0 1 2 -2 -1 0 1 2 -2 -1 0 1 2 -2 -1 0 1 2 -2 -1 0 1 2 -2 -1 0 1 2 -2 -1 0 1 2 -2 -1 0 1 2 -2 -1 0 1 2 -2 -1 0 1 2 -2 -1 0 1 2 -2 -1 0 1 2 -2 -1 0 1 2 -2
1 -2 0 2 -1 1 -2 0 2 -1 1 -2 0 2 -1 1 -2 0 2 -1 1 -2 0 2 -1 1 -2 0 2 -1 1 -2 0 2 -1 1 -2 0 2 -1 1 -2 0 2 -1 1 -2 0 2 -1 1 -2 0 2 -1 1 -2 0 2 -1 1 -2 0 2 -1 1 -2 0 2 -1 1 -2 0 2 -1 1 -2 0 2 -1 1 -2 0 2 -1 1 -2 0 2 -1 1 -2 0 2 -1 1 -2 0 2 -1 1 -2 0 2 -1 1 -2 0 2 -1 1 -2 0 2 722 1 -2 0 2 -1 1 -2 0 2 -1 1 -2 0 2 -1 1 -2 0 2 -1 1 -2 0 2 -1 1 -2 0 2 -1 1 -2 0 2 -1 1 -2 0 2 -1 1 -2 0 2 -1 1 -2 0 2 -1 1 -2 0 2 -1 1 -2 0 2 -1 1 -2 0 2 -1 1 -2 0 2 -1 1 -2 0 2 -1 1 -2 0 2 -1 1 -2 0 2 -1 1 -2 0 2 -1 1 -2 0 2 -1 1 -2 0 2 -1 1 -2 0 2 -1 1 -2 0 2 -1 1 -2 0 2 -1 1 -2 0 2 -1 1 -2 0 2 -1 1 -2 0 2 -1 1 -2 0 2 -1 1 -2 0 2 -1 1 -2 0 2 -1 1 -2 0 2 -1 1 -2 0 2 -1 1 -2 0 2 -1 1 -2 0 2 -1 1 -2 0 2 -1 1 -2 0 2 -1 1 -2 0 2 -1 1 -2 0 2 -1 1 -2 0 2 -1 1 -2 0 2 -1 1 -2 0 2 -1 1 -2 0 2 -1 1 -2 0 2 -1 1 -2 0 2 -1 1 -2 0 2 -1 1 -2 0 2 -1 1 -2 0 2 -1 1 -2 0 2 -1 1 -2 0 2 -1 1 -2 0 2 -1 1 -2 0 2 -1 1 -2 0 2 -1 1 -2 0 2 -1 1 -2 0 2 -1 1 -2 0 2 -1 1 -2 0 2 -1 1 -2 0 2 -1 1 -2 0 2 -1 1 -2 0 2 -1 1 -2 0 2 -1 1 -2 0 2 -1 1 -2 0 2 -1 1 -2 0 2 -1 1 -2 0 2 -1 1 -2 0 2 -1 1 -2 0 2 -1 1 -2 0 2 -1 1 -2 0 2 -1 1 -2 0 2 -1 1 -2 0 2 -1 1 -2 0 2 -1 1 -2 0 2 -1 1 -2 0 2 -1 1 -2 0 2 -1 1 -2 0 2 -1 1 -2 0 2 -1 1 -2 0 2 -1 1 -2 0 2 -1 1 -2 0 2 -1 1 -2 0 2 -1 1 -2 0 2 -1 1 -2 0 2 -1 1 -2 0 2 -1 1 -2 0 2 -1 1 -2 0 2 -1 1 -2 0 2 -1 1 -2 0 2 -1 1 -2 0 2 -1 1 -2 0 2 -1 1 -2 0 2 -1 1 -2 0 2 -1 1 -2 0 2 -1 1 -2 0 2 -1 1 -2 0 2 -1 1 -2 0 2 -1 1 -2 0 2 -1 1 -2 0 2 -1 1 -2 0 2 -1
-2 1 -1 2 0 -2 1 -1 2 0 -2 1 -1 2 0 -2 1 -1 2 0 -2 1 -1 2 0 -2 1 -1 2 0 -2 1 -1 2 0 -2 1 -1 2 0 -2 1 -1 2 0 -2 1 -1 2 0 -2 1 -1 2 0 -2 1 -1 2 0 -2 1 -1 2 0 -2 1 -1 2 0 -2 1 -1 2 0 -2 1 -1 2 0 -2 1 -1 2 0 -2 1 -1 2 0 -2 1 -1 2 0 -2 1 -1 2 0 -2 1 -1 2 0 -2 1 -1 2 0 -2 1 -1 2 0 721 1 -1 2 0 -2 1 -1 2 0 -2 1 -1 2 0 -2 1 -1 2 0 -2 1 -1 2 0 -2 1 -1 2 0 -2 1 -1 2 0 -2 1 -1 2 0 -2 1 -1 2 0 -2 1 -1 2 0 -2 1 -1 2 0 -2 1 -1 2 0 -2 1 -1 2 0 -2 1 -1 2 0 -2 1 -1 2 0 -2 1 -1 2 0 -2 1 -1 2 0 -2 1 -1 2 0 -2 1 -1 2 0 -2 1 -1 2 0 -2 1 -1 2 0 -2 1 -1 2 0 -2 1 -1 2 0 -2 1 -1 2 0 -2 1 -1 2 0 -2 1 -1 2 0 -2 1 -1 2 0 -2 1 -1 2 0 -2 1 -1 2 0 -2 1 -1 2 0 -2 1 -1 2 0 -2 1 -1 2 0 -2 1 -1 2 0 -2 1 -1 2 0 -2 1 -1 2 0 -2 1 -1 2 0 -2 1 -1 2 0 -2 1 -1 2 0 -2 1 -1 2 0 -2 1 -1 2 0 -2 1 -1 2 0 -2 1 -1 2 0 -2 1 -1 2 0 -2 1 -1 2 0 -2 1 -1 2 0 -2 1 -1 2 0 -2 1 -1 2 0 -2 1 -1 2 0 -2 1 -1 2 0 -2 1 -1 2 0 -2 1 -1 2 0 -2 1 -1 2 0 -2 1 -1 2 0 -2 1 -1 2 0 -2 1 -1 2 0 -2 1 -1 2 0 -2 1 -1 2 0 -2 1 -1 2 0 -2 1 -1 2 0 -2 1 -1 2 0 -2 1 -1 2 0 -2 1 -1 2 0 -2 1 -1 2 0 -2 1 -1 2 0 -2 1 -1 2 0 -2 1 -1 2 0 -2 1 -1 2 0 -2 1 -1 2 0 -2 1 -1 2 0 -2 1 -1 2 0 -2 1 -1 2 0 -2 1 -1 2 0 -2 1 -1 2 0 -2 1 -1 2 0 -2 1 -1 2 0 -2 1 -1 2 0 -2 1 -1 2 0 -2 1 -1 2 0 -2 1 -1 2 0 -2 1 -1 2 0 -2 1 -1 2 0 -2 1 -1 2 0 -2 1 -1 2 0 -2 1 -1 2 0 -2 1 -1 2 0 -2 1 -1 2 0 -2 1 -1 2 0 -2 1 -1 2 0 -2 1 -1 2 0 -2 1 -1 2 0 -2 1 -1 2 0 -2 1 -1 2 0 -2 1 -1 2 0 -2 1 -1 2 0 -2 1 -1 2 0 -2 1 -1 2 0 -2 1 -1 2 0
0 -1 -2 2 1 0 -1 -2 2 1 0 -1 -2 2 1 0 -1 -2 2 1 0 -1 -2 2 1 0 -1 -2 2 1 0 -1 -2 2 1 0 -1 -2 2 1 0 -1 -2 2 1 0 -1 -2 2 1 0 -1 -2 2 1 0 -1 -2 2 1 0 -1 -2 2 1 0 -1 -2 2 1 0 -1 -2 2 1 0 -1 -2 2 1 0 -1 -2 2 1 0 -1 -2 2 1 0 -1 -2 2 1 0 -1 -2 2 1 0 -1 -2 2 1 0 -1 -2 2 1 0 -1 -2 2 1 0 722 -2 2 1 0 -1 -2 2 1 0 -1 -2 2 1 0 -1 -2 2 1 0 -1 -2 2 1 0 -1 -2 2 1 0 -1 -2 2 1 0 -1 -2 2 1 0 -1 -2 2 1 0 -1 -2 2 1 0 -1 -2 2 1 0 -1 -2 2 1 0 -1 -2 2 1 0 -1 -2 2 1 0 -1 -2 2 1 0 -1 -2 2 1 0 -1 -2 2 1 0 -1 -2 2 1 0 -1 -2 2 1 0 -1 -2 2 1 0 -1 -2 2 1 0 -1 -2 2 1 0 -1 -2 2 1 0 -1 -2 2 1 0 -1 -2 2 1 0 -1 -2 2 1 0 -1 -2 2 1 0 -1 -2 2 1 0 -1 -2 2 1 0 -1 -2 2 1 0 -1 -2 2 1 0 -1 -2 2 1 0 -1 -2 2 1 0 -1 -2 2 1 0 -1 -2 2 1 0 -1 -2 2 1 0 -1 -2 2 1 0 -1 -2 2 1 0 -1 -2 2 1 0 -1 -2 2 1 0 -1 -2 2 1 0 -1 -2 2 1 0 -1 -2 2 1 0 -1 -2 2 1 0 -1 -2 2 1 0 -1 -2 2 1 0 -1 -2 2 1 0 -1 -2 2 1 0 -1 -2 2 1 0 -1 -2 2 1 0 -1 -2 2 1 0 -1 -2 2 1 0 -1 -2 2 1 0 -1 -2 2 1 0 -1 -2 2 1 0 -1 -2 2 1 0 -1 -2 2 1 0 -1 -2 2 1 0 -1 -2 2 1 0 -1 -2 2 1 0 -1 -2 2 1 0 -1 -2 2 1 0 -1 -2 2 1 0 -1 -2 2 1 0 -1 -2 2 1 0 -1 -2 2 1 0 -1 -2 2 1 0 -1 -2 2 1 0 -1 -2 2 1 0 -1 -2 2 1 0 -1 -2 2 1 0 -1 -2 2 1 0 -1 -2 2 1 0 -1 -2 2 1 0 -1 -2 2 1 0 -1 -2 2 1 0 -1 -2 2 1 0 -1 -2 2 1 0 -1 -2 2 1 0 -1 -2 2 1 0 -1 -2 2 1 0 -1 -2 2 1 0 -1 -2 2 1 0 -1 -2 2 1 0 -1 -2 2 1 0 -1 -2 2 1 0 -1 -2 2 1 0 -1 -2 2 1 0 -1 -2 2 1 0 -1 -2 2 1 0 -1 -2 2 1 0 -1 -2 2 1 0 -1 -2 2 1 0 -1 -2 2 1 0 -1 -2 2 1 0 -1 -2 2 1 0 -1 -2 2 1
2 2 2 2 2 2 2 2 2 2 2 2 2 2 2 2 2 2 2 2 2 2 2 2 2 2 2 2 2 2 2 2 2 2 2 2 2 2 2 2 2 2 2 2 2 2 2 2 2 2 2 2 2 2 2 2 2 2 2 2 2 2 2 2 2 2 2 2 2 2 2 2 2 2 2 2 2 2 2 2 2 2 2 2 2 2 2 2 2 2 2 2 2 2 2 2 2 2 2 2 2 2 2 2 2 2 2 2 2 2 2 2 2 2 2 2 2 1201 2 2 2 2 2 2 2 2 2 2 2 2 2 2 2 2 2 2 2 2 2 2 2 2 2 2 2 2 2 2 2 2 2 2 2 2 2 2 2 2 2 2 2 2 2 2 2 2 2 2 2 2 2 2 2 2 2 2 2 2 2 2 2 2 2 2 2 2 2 2 2 2 2 2 2 2 2 2 2 2 2 2 2 2 2 2 2 2 2 2 2 2 2 2 2 2 2 2 2 2 2 2 2 2 2 2 2 2 2 2 2 2 2 2 2 2 2 2 2 2 2 2 2 2 2 2 2 2 2 2 2 2 2 2 2 2 2 2 2 2 2 2 2 2 2 2 2 2 2 2 2 2 2 2 2 2 2 2 2 2 2 2 2 2 2 2 2 2 2 2 2 2 2 2 2 2 2 2 2 2 2 2 2 2 2 2 2 2 2 2 2 2 2 2 2 2 2 2 2 2 2 2 2 2 2 2 2 2 2 2 2 2 2 2 2 2 2 2 2 2 2 2 2 2 2 2 2 2 2 2 2 2 2 2 2 2 2 2 2 2 2 2 2 2 2 2 2 2 2 2 2 2 2 2 2 2 2 2 2 2 2 2 2 2 2 2 2 2 2 2 2 2 2 2 2 2 2 2 2 2 2 2 2 2 2 2 2 2 2 2 2 2 2 2 2 2 2 2 2 2 2 2 2 2 2 2 2 2 2 2 2 2 2 2 2 2 2 2 2 2 2 2 2 2 2 2 2 2 2 2 2 2 2 2 2 2 2 2 2 2 2 2 2 2 2 2 2 2 2 2 2 2 2 2 2 2 2 2 2 2 2 2 2 2 2 2 2 2 2 2 2 2 2 2 2 2 2 2 2 2 2 2 2 2 2 2 2 2 2 2 2 2 2 2 2 2 2 2 2 2 2 2 2 2 2 2 2 2 2 2 2 2 2 2 2 2 2 2 2 2 2 2 2 2 2 2 2 2 2 2 2 2 2 2 2 2 2 2 2 2 2 2 2 2 2 2 2 2 2 2 2 2 2 2 2 2 2 2 2 2 2 2 2 2 2 2 2 2 2 2 2 2 2 2 2 2 2 2 2 2 2 2
-1 0 1 2 -2 -1 0 1 2 -2 -1 0 1 2 -2 -1 0 1 2 -2 -1 0 1 2 -2 -1 0 1 2 -2 -1 0 1 2 -2 -1 0 1 2 -2 -1 0 1 2 -2 -1 0 1 2 -2 -1 0 1 2 -2 -1 0 1 2 -2 -1 0 1 2 -2 -1 0 1 2 -2 -1 0 1 2 -2 -1 0 1 2 -2 -1 0 1 2 -2 -1 0 1 2 -2 -1 0 1 2 -2 -1 0 1 2 -2 -1 0 1 2 -2 -1 0 1 2 -2 -1 0 1 2 -2 -1 0 1 721 -2 -1 0 1 2 -2 -1 0 1 2 -2 -1 0 1 2 -2 -1 0 1 2 -2 -1 0 1 2 -2 -1 0 1 2 -2 -1 0 1 2 -2 -1 0 1 2 -2 -1 0 1 2 -2 -1 0 1 2 -2 -1 0 1 2 -2 -1 0 1 2 -2 -1 0 1 2 -2 -1 0 1 2 -2 -1 0 1 2 -2 -1 0 1 2 -2 -1 0 1 2 -2 -1 0 1 2 -2 -1 0 1 2 -2 -1 0 1 2 -2 -1 0 1 2 -2 -1 0 1 2 -2 -1 0 1 2 -2 -1 0 1 2 -2 -1 0 1 2 -2 -1 0 1 2 -2 -1 0 1 2 -2 -1 0 1 2 -2 -1 0 1 2 -2 -1 0 1 2 -2 -1 0 1 2 -2 -1 0 1 2 -2 -1 0 1 2 -2 -1 0 1 2 -2 -1 0 1 2 -2 -1 0 1 2 -2 -1 0 1 2 -2 -1 0 1 2 -2 -1 0 1 2 -2 -1 0 1 2 -2 -1 0 1 2 -2 -1 0 1 2 -2 -1 0 1 2 -2 -1 0 1 2 -2 -1 0 1 2 -2 -1 0 1 2 -2 -1 0 1 2 -2 -1 0 1 2 -2 -1 0 1 2 -2 -1 0 1 2 -2 -1 0 1 2 -2 -1 0 1 2 -2 -1 0 1 2 -2 -1 0 1 2 -2 -1 0 1 2 -2 -1 0 1 2 -2 -1 0 1 2 -2 -1 0 1 2 -2 -1 0 1 2 -2 -1 0 1 2 -2 -1 0 1 2 -2 -1 0 1 2 -2 -1 0 1 2 -2 -1 0 1 2 -2 -1 0 1 2 -2 -1 0 1 2 -2 -1 0 1 2 -2 -1 0 1 2 -2 -1 0 1 2 -2 -1 0 1 2 -2 -1 0 1 2 -2 -1 0 1 2 -2 -1 0 1 2 -2 -1 0 1 2 -2 -1 0 1 2 -2 -1 0 1 2 -2 -1 0 1 2 -2 -1 0 1 2 -2 -1 0 1 2 -2 -1 0 1 2 -2 -1 0 1 2 -2 -1 0 1 2 -2 -1 0 1 2 -2 -1 0 1 2 -2 -1 0 1 2 -2 -1 0 1 2 -2 -1 0 1 2 -2 -1 0 1 2 -2 -1 0 1 2 -2 -1 0 1 2 -2 -1 0 1 2 -2 -1 0 1 2 -2 -1 0 1 2 -2 -1 0 1 2 -2 -1 0 1 2 -2 -1 0 1 2 -2
1 -2 0 2 -1 1 -2 0 2 -1 1 -2 0 2 -1 1 -2 0 2 -1 1 -2 0 2 -1 1 -2 0 2 -1 1 -2 0 2 -1 1 -2 0 2 -1 1 -2 0 2 -1 1 -2 0 2 -1 1 -2 0 2 -1 1 -2 0 2 -1 1 -2 0 2 -1 1 -2 0 2 -1 1 -2 0 2 -1 1 -2 0 2 -1 1 -2 0 2 -1 1 -2 0 2 -1 1 -2 0 2 -1 1 -2 0 2 -1 1 -2 0 2 -1 1 -2 0 2 -1 1 -2 0 2 -1 1 -2 0 2 722 1 -2 0 2 -1 1 -2 0 2 -1 1 -2 0 2 -1 1 -2 0 2 -1 1 -2 0 2 -1 1 -2 0 2 -1 1 -2 0 2 -1 1 -2 0 2 -1 1 -2 0 2 -1 1 -2 0 2 -1 1 -2 0 2 -1 1 -2 0 2 -1 1 -2 0 2 -1 1 -2 0 2 -1 1 -2 0 2 -1 1 -2 0 2 -1 1 -2 0 2 -1 1 -2 0 2 -1 1 -2 0 2 -1 1 -2 0 2 -1 1 -2 0 2 -1 1 -2 0 2 -1 1 -2 0 2 -1 1 -2 0 2 -1 1 -2 0 2 -1 1 -2 0 2 -1 1 -2 0 2 -1 1 -2 0 2 -1 1 -2 0 2 -1 1 -2 0 2 -1 1 -2 0 2 -1 1 -2 0 2 -1 1 -2 0 2 -1 1 -2 0 2 -1 1 -2 0 2 -1 1 -2 0 2 -1 1 -2 0 2 -1 1 -2 0 2 -1 1 -2 0 2 -1 1 -2 0 2 -1 1 -2 0 2 -1 1 -2 0 2 -1 1 -2 0 2 -1 1 -2 0 2 -1 1 -2 0 2 -1 1 -2 0 2 -1 1 -2 0 2 -1 1 -2 0 2 -1 1 -2 0 2 -1 1 -2 0 2 -1 1 -2 0 2 -1 1 -2 0 2 -1 1 -2 0 2 -1 1 -2 0 2 -1 1 -2 0 2 -1 1 -2 0 2 -1 1 -2 0 2 -1 1 -2 0 2 -1 1 -2 0 2 -1 1 -2 0 2 -1 1 -2 0 2 -1 1 -2 0 2 -1 1 -2 0 2 -1 1 -2 0 2 -1 1 -2 0 2 -1 1 -2 0 2 -1 1 -2 0 2 -1 1 -2 0 2 -1 1 -2 0 2 -1 1 -2 0 2 -1 1 -2 0 2 -1 1 -2 0 2 -1 1 -2 0 2 -1 1 -2 0 2 -1 1 -2 0 2 -1 1 -2 0 2 -1 1 -2 0 2 -1 1 -2 0 2 -1 1 -2 0 2 -1 1 -2 0 2 -1 1 -2 0 2 -1 1 -2 0 2 -1 1 -2 0 2 -1 1 -2 0 2 -1 1 -2 0 2 -1 1 -2 0 2 -1 1 -2 0 2 -1 1 -2 0 2 -1 1 -2 0 2 -1 1 -2 0 2 -1 1 -2 0 2 -1 1 -2 0 2 -1 1 -2 0 2 -1 1 -2 0 2 -1 1 -2 0 2 -1 1 -2 0 2 -1
-2 1 -1 2 0 -2 1 -1 2 0 -2 1 -1 2 0 -2 1 -1 2 0 -2 1 -1 2 0 -2 1 -1 2 0 -2 1 -1 2 0 -2 1 -1 2 0 -2 1 -1 2 0 -2 1 -1 2 0 -2 1 -1 2 0 -2 1 -1 2 0 -2 1 -1 2 0 -2 1 -1 2 0 -2 1 -1 2 0 -2 1 -1 2 0 -2 1 -1 2 0 -2 1 -1 2 0 -2 1 -1 2 0 -2 1 -1 2 0 -2 1 -1 2 0 -2 1 -1 2 0 -2 1 -1 2 0 -2 1 -1 2 0 721 1 -1 2 0 -2 1 -1 2 0 -2 1 -1 2 0 -2 1 -1 2 0 -2 1 -1 2 0 -2 1 -1 2 0 -2 1 -1 2 0 -2 1 -1 2 0 -2 1 -1 2 0 -2 1 -1 2 0 -2 1 -1 2 0 -2 1 -1 2 0 -2 1 -1 2 0 -2 1 -1 2 0 -2 1 -1 2 0 -2 1 -1 2 0 -2 1 -1 2 0 -2 1 -1 2 0 -2 1 -1 2 0 -2 1 -1 2 0 -2 1 -1 2 0 -2 1 -1 2 0 -2 1 -1 2 0 -2 1 -1 2 0 -2 1 -1 2 0 -2 1 -1 2 0 -2 1 -1 2 0 -2 1 -1 2 0 -2 1 -1 2 0 -2 1 -1 2 0 -2 1 -1 2 0 -2 1 -1 2 0 -2 1 -1 2 0 -2 1 -1 2 0 -2 1 -1 2 0 -2 1 -1 2 0 -2 1 -1 2 0 -2 1 -1 2 0 -2 1 -1 2 0 -2 1 -1 2 0 -2 1 -1 2 0 -2 1 -1 2 0 -2 1 -1 2 0 -2 1 -1 2 0 -2 1 -1 2 0 -2 1 -1 2 0 -2 1 -1 2 0 -2 1 -1 2 0 -2 1 -1 2 0 -2 1 -1 2 0 -2 1 -1 2 0 -2 1 -1 2 0 -2 1 -1 2 0 -2 1 -1 2 0 -2 1 -1 2 0 -2 1 -1 2 0 -2 1 -1 2 0 -2 1 -1 2 0 -2 1 -1 2 0 -2 1 -1 2 0 -2 1 -1 2 0 -2 1 -1 2 0 -2 1 -1 2 0 -2 1 -1 2 0 -2 1 -1 2 0 -2 1 -1 2 0 -2 1 -1 2 0 -2 1 -1 2 0 -2 1 -1 2 0 -2 1 -1 2 0 -2 1 -1 2 0 -2 1 -1 2 0 -2 1 -1 2 0 -2 1 -1 2 0 -2 1 -1 2 0 -2 1 -1 2 0 -2 1 -1 2 0 -2 1 -1 2 0 -2 1 -1 2 0 -2 1 -1 2 0 -2 1 -1 2 0 -2 1 -1 2 0 -2 1 -1 2 0 -2 1 -1 2 0 -2 1 -1 2 0 -2 1 -1 2 0 -2 1 -1 2 0 -2 1 -1 2 0 -2 1 -1 2 0 -2 1 -1 2 0 -2 1 -1 2 0 -2 1 -1 2 0 -2 1 -1 2 0 -2 1 -1 2 0 -2 1 -1 2 0 -2 1 -1 2 0
0 -1 -2 2 1 0 -1 -2 2 1 0 -1 -2 2 1 0 -1 -2 2 1 0 -1 -2 2 1 0 -1 -2 2 1 0 -1 -2 2 1 0 -1 -2 2 1 0 -1 -2 2 1 0 -1 -2 2 1 0 -1 -2 2 1 0 -1 -2 2 1 0 -1 -2 2 1 0 -1 -2 2 1 0 -1 -2 2 1 0 -1 -2 2 1 0 -1 -2 2 1 0 -1 -2 2 1 0 -1 -2 2 1 0 -1 -2 2 1 0 -1 -2 2 1 0 -1 -2 2 1 0 -1 -2 2 1 0 -1 -2 2 1 0 722 -2 2 1 0 -1 -2 2 1 0 -1 -2 2 1 0 -1 -2 2 1 0 -1 -2 2 1 0 -1 -2 2 1 0 -1 -2 2 1 0 -1 -2 2 1 0 -1 -2 2 1 0 -1 -2 2 1 0 -1 -2 2 1 0 -1 -2 2 1 0 -1 -2 2 1 0 -1 -2 2 1 0 -1 -2 2 1 0 -1 -2 2 1 0 -1 -2 2 1 0 -1 -2 2 1 0 -1 -2 2 1 0 -1 -2 2 1 0 -1 -2 2 1 0 -1 -2 2 1 0 -1 -2 2 1 0 -1 -2 2 1 0 -1 -2 2 1 0 -1 -2 2 1 0 -1 -2 2 1 0 -1 -2 2 1 0 -1 -2 2 1 0 -1 -2 2 1 0 -1 -2 2 1 0 -1 -2 2 1 0 -1 -2 2 1 0 -1 -2 2 1 0 -1 -2 2 1 0 -1 -2 2 1 0 -1 -2 2 1 0 -1 -2 2 1 0 -1 -2 2 1 0 -1 -2 2 1 0 -1 -2 2 1 0 -1 -2 2 1 0 -1 -2 2 1 0 -1 -2 2 1 0 -1 -2 2 1 0 -1 -2 2 1 0 -1 -2 2 1 0 -1 -2 2 1 0 -1 -2 2 1 0 -1 -2 2 1 0 -1 -2 2 1 0 -1 -2 2 1 0 -1 -2 2 1 0 -1 -2 2 1 0 -1 -2 2 1 0 -1 -2 2 1 0 -1 -2 2 1 0 -1 -2 2 1 0 -1 -2 2 1 0 -1 -2 2 1 0 -1 -2 2 1 0 -1 -2 2 1 0 -1 -2 2 1 0 -1 -2 2 1 0 -1 -2 2 1 0 -1 -2 2 1 0 -1 -2 2 1 0 -1 -2 2 1 0 -1 -2 2 1 0 -1 -2 2 1 0 -1 -2 2 1 0 -1 -2 2 1 0 -1 -2 2 1 0 -1 -2 2 1 0 -1 -2 2 1 0 -1 -2 2 1 0 -1 -2 2 1 0 -1 -2 2 1 0 -1 -2 2 1 0 -1 -2 2 1 0 -1 -2 2 1 0 -1 -2 2 1 0 -1 -2 2 1 0 -1 -2 2 1 0 -1 -2 2 1 0 -1 -2 2 1 0 -1 -2 2 1 0 -1 -2 2 1 0 -1 -2 2 1 0 -1 -2 2 1 0 -1 -2 2 1 0 -1 -2 2 1 0 -1 -2 2 1 0 -1 -2 2 1 0 -1 -2 2 1 0 -1 -2 2 1
2 2 2 2 2 2 2 2 2 2 2 2 2 2 2 2 2 2 2 2 2 2 2 2 2 2 2 2 2 2 2 2 2 2 2 2 2 2 2 2 2 2 2 2 2 2 2 2 2 2 2 2 2 2 2 2 2 2 2 2 2 2 2 2 2 2 2 2 2 2 2 2 2 2 2 2 2 2 2 2 2 2 2 2 2 2 2 2 2 2 2 2 2 2 2 2 2 2 2 2 2 2 2 2 2 2 2 2 2 2 2 2 2 2 2 2 2 2 2 2 2 2 1201 2 2 2 2 2 2 2 2 2 2 2 2 2 2 2 2 2 2 2 2 2 2 2 2 2 2 2 2 2 2 2 2 2 2 2 2 2 2 2 2 2 2 2 2 2 2 2 2 2 2 2 2 2 2 2 2 2 2 2 2 2 2 2 2 2 2 2 2 2 2 2 2 2 2 2 2 2 2 2 2 2 2 2 2 2 2 2 2 2 2 2 2 2 2 2 2 2 2 2 2 2 2 2 2 2 2 2 2 2 2 2 2 2 2 2 2 2 2 2 2 2 2 2 2 2 2 2 2 2 2 2 2 2 2 2 2 2 2 2 2 2 2 2 2 2 2 2 2 2 2 2 2 2 2 2 2 2 2 2 2 2 2 2 2 2 2 2 2 2 2 2 2 2 2 2 2 2 2 2 2 2 2 2 2 2 2 2 2 2 2 2 2 2 2 2 2 2 2 2 2 2 2 2 2 2 2 2 2 2 2 2 2 2 2 2 2 2 2 2 2 2 2 2 2 2 2 2 2 2 2 2 2 2 2 2 2 2 2 2 2 2 2 2 2 2 2 2 2 2 2 2 2 2 2 2 2 2 2 2 2 2 2 2 2 2 2 2 2 2 2 2 2 2 2 2 2 2 2 2 2 2 2 2 2 2 2 2 2 2 2 2 2 2 2 2 2 2 2 2 2 2 2 2 2 2 2 2 2 2 2 2 2 2 2 2 2 2 2 2 2 2 2 2 2 2 2 2 2 2 2 2 2 2 2 2 2 2 2 2 2 2 2 2 2 2 2 2 2 2 2 2 2 2 2 2 2 2 2 2 2 2 2 2 2 2 2 2 2 2 2 2 2 2 2 2 2 2 2 2 2 2 2 2 2 2 2 2 2 2 2 2 2 2 2 2 2 2 2 2 2 2 2 2 2 2 2 2 2 2 2 2 2 2 2 2 2 2 2 2 2 2 2 2 2 2 2 2 2 2 2 2 2 2 2 2 2 2 2 2 2 2 2 2 2 2 2 2 2 2 2 2 2 2 2 2 2 2 2 2 2 2 2 2 2 2 2 2 2 2 2 2 2 2 2 2 2 2
-1 0 1 2 -2 -1 0 1 2 -2 -1 0 1 2 -2 -1 0 1 2 -2 -1 0 1 2 -2 -1 0 1 2 -2 -1 0 1 2 -2 -1 0 1 2 -2 -1 0 1 2 -2 -1 0 1 2 -2 -1 0 1 2 -2 -1 0 1 2 -2 -1 0 1 2 -2 -1 0 1 2 -2 -1 0 1 2 -2 -1 0 1 2 -2 -1 0 1 2 -2 -1 0 1 2 -2 -1 0 1 2 -2 -1 0 1 2 -2 -1 0 1 2 -2 -1 0 1 2 -2 -1 0 1 2 -2 -1 0 1 2 -2 -1 0 1 721 -2 -1 0 1 2 -2 -1 0 1 2 -2 -1 0 1 2 -2 -1 0 1 2 -2 -1 0 1 2 -2 -1 0 1 2 -2 -1 0 1 2 -2 -1 0 1 2 -2 -1 0 1 2 -2 -1 0 1 2 -2 -1 0 1 2 -2 -1 0 1 2 -2 -1 0 1 2 -2 -1 0 1 2 -2 -1 0 1 2 -2 -1 0 1 2 -2 -1 0 1 2 -2 -1 0 1 2 -2 -1 0 1 2 -2 -1 0 1 2 -2 -1 0 1 2 -2 -1 0 1 2 -2 -1 0 1 2 -2 -1 0 1 2 -2 -1 0 1 2 -2 -1 0 1 2 -2 -1 0 1 2 -2 -1 0 1 2 -2 -1 0 1 2 -2 -1 0 1 2 -2 -1 0 1 2 -2 -1 0 1 2 -2 -1 0 1 2 -2 -1 0 1 2 -2 -1 0 1 2 -2 -1 0 1 2 -2 -1 0 1 2 -2 -1 0 1 2 -2 -1 0 1 2 -2 -1 0 1 2 -2 -1 0 1 2 -2 -1 0 1 2 -2 -1 0 1 2 -2 -1 0 1 2 -2 -1 0 1 2 -2 -1 0 1 2 -2 -1 0 1 2 -2 -1 0 1 2 -2 -1 0 1 2 -2 -1 0 1 2 -2 -1 0 1 2 -2 -1 0 1 2 -2 -1 0 1 2 -2 -1 0 1 2 -2 -1 0 1 2 -2 -1 0 1 2 -2 -1 0 1 2 -2 -1 0 1 2 -2 -1 0 1 2 -2 -1 0 1 2 -2 -1 0 1 2 -2 -1 0 1 2 -2 -1 0 1 2 -2 -1 0 1 2 -2 -1 0 1 2 -2 -1 0 1 2 -2 -1 0 1 2 -2 -1 0 1 2 -2 -1 0 1 2 -2 -1 0 1 2 -2 -1 0 1 2 -2 -1 0 1 2 -2 -1 0 1 2 -2 -1 0 1 2 -2 -1 0 1 2 -2 -1 0 1 2 -2 -1 0 1 2 -2 -1 0 1 2 -2 -1 0 1 2 -2 -1 0 1 2 -2 -1 0 1 2 -2 -1 0 1 2 -2 -1 0 1 2 -2 -1 0 1 2 -2 -1 0 1 2 -2 -1 0 1 2 -2 -1 0 1 2 -2 -1 0 1 2 -2 -1 0 1 2 -2 -1 0 1 2 -2 -1 0 1 2 -2 -1 0 1 2 -2 -1 0 1 2 -2 -1 0 1 2 -2 -1 0 1 2 -2
1 -2 0 2 -1 1 -2 0 2 -1 1 -2 0 2 -1 1 -2 0 2 -1 1 -2 0 2 -1 1 -2 0 2 -1 1 -2 0 2 -1 1 -2 0 2 -1 1 -2 0 2 -1 1 -2 0 2 -1 1 -2 0 2 -1 1 -2 0 2 -1 1 -2 0 2 -1 1 -2 0 2 -1 1 -2 0 2 -1 1 -2 0 2 -1 1 -2 0 2 -1 1 -2 0 2 -1 1 -2 0 2 -1 1 -2 0 2 -1 1 -2 0 2 -1 1 -2 0 2 -1 1 -2 0 2 -1 1 -2 0 2 -1 1 -2 0 2 722 1 -2 0 2 -1 1 -2 0 2 -1 1 -2 0 2 -1 1 -2 0 2 -1 1 -2 0 2 -1 1 -2 0 2 -1 1 -2 0 2 -1 1 -2 0 2 -1 1 -2 0 2 -1 1 -2 0 2 -1 1 -2 0 2 -1 1 -2 0 2 -1 1 -2 0 2 -1 1 -2 0 2 -1 1 -2 0 2 -1 1 -2 0 2 -1 1 -2 0 2 -1 1 -2 0 2 -1 1 -2 0 2 -1 1 -2 0 2 -1 1 -2 0 2 -1 1 -2 0 2 -1 1 -2 0 2 -1 1 -2 0 2 -1 1 -2 0 2 -1 1 -2 0 2 -1 1 -2 0 2 -1 1 -2 0 2 -1 1 -2 0 2 -1 1 -2 0 2 -1 1 -2 0 2 -1 1 -2 0 2 -1 1 -2 0 2 -1 1 -2 0 2 -1 1 -2 0 2 -1 1 -2 0 2 -1 1 -2 0 2 -1 1 -2 0 2 -1 1 -2 0 2 -1 1 -2 0 2 -1 1 -2 0 2 -1 1 -2 0 2 -1 1 -2 0 2 -1 1 -2 0 2 -1 1 -2 0 2 -1 1 -2 0 2 -1 1 -2 0 2 -1 1 -2 0 2 -1 1 -2 0 2 -1 1 -2 0 2 -1 1 -2 0 2 -1 1 -2 0 2 -1 1 -2 0 2 -1 1 -2 0 2 -1 1 -2 0 2 -1 1 -2 0 2 -1 1 -2 0 2 -1 1 -2 0 2 -1 1 -2 0 2 -1 1 -2 0 2 -1 1 -2 0 2 -1 1 -2 0 2 -1 1 -2 0 2 -1 1 -2 0 2 -1 1 -2 0 2 -1 1 -2 0 2 -1 1 -2 0 2 -1 1 -2 0 2 -1 1 -2 0 2 -1 1 -2 0 2 -1 1 -2 0 2 -1 1 -2 0 2 -1 1 -2 0 2 -1 1 -2 0 2 -1 1 -2 0 2 -1 1 -2 0 2 -1 1 -2 0 2 -1 1 -2 0 2 -1 1 -2 0 2 -1 1 -2 0 2 -1 1 -2 0 2 -1 1 -2 0 2 -1 1 -2 0 2 -1 1 -2 0 2 -1 1 -2 0 2 -1 1 -2 0 2 -1 1 -2 0 2 -1 1 -2 0 2 -1 1 -2 0 2 -1 1 -2 0 2 -1 1 -2 0 2 -1 1 -2 0 2 -1 1 -2 0 2 -1 1 -2 0 2 -1 1 -2 0 2 -1
-2 1 -1 2 0 -2 1 -1 2 0 -2 1 -1 2 0 -2 1 -1 2 0 -2 1 -1 2 0 -2 1 -1 2 0 -2 1 -1 2 0 -2 1 -1 2 0 -2 1 -1 2 0 -2 1 -1 2 0 -2 1 -1 2 0 -2 1 -1 2 0 -2 1 -1 2 0 -2 1 -1 2 0 -2 1 -1 2 0 -2 1 -1 2 0 -2 1 -1 2 0 -2 1 -1 2 0 -2 1 -1 2 0 -2 1 -1 2 0 -2 1 -1 2 0 -2 1 -1 2 0 -2 1 -1 2 0 -2 1 -1 2 0 -2 1 -1 2 0 721 1 -1 2 0 -2 1 -1 2 0 -2 1 -1 2 0 -2 1 -1 2 0 -2 1 -1 2 0 -2 1 -1 2 0 -2 1 -1 2 0 -2 1 -1 2 0 -2 1 -1 2 0 -2 1 -1 2 0 -2 1 -1 2 0 -2 1 -1 2 0 -2 1 -1 2 0 -2 1 -1 2 0 -2 1 -1 2 0 -2 1 -1 2 0 -2 1 -1 2 0 -2 1 -1 2 0 -2 1 -1 2 0 -2 1 -1 2 0 -2 1 -1 2 0 -2 1 -1 2 0 -2 1 -1 2 0 -2 1 -1 2 0 -2 1 -1 2 0 -2 1 -1 2 0 -2 1 -1 2 0 -2 1 -1 2 0 -2 1 -1 2 0 -2 1 -1 2 0 -2 1 -1 2 0 -2 1 -1 2 0 -2 1 -1 2 0 -2 1 -1 2 0 -2 1 -1 2 0 -2 1 -1 2 0 -2 1 -1 2 0 -2 1 -1 2 0 -2 1 -1 2 0 -2 1 -1 2 0 -2 1 -1 2 0 -2 1 -1 2 0 -2 1 -1 2 0 -2 1 -1 2 0 -2 1 -1 2 0 -2 1 -1 2 0 -2 1 -1 2 0 -2 1 -1 2 0 -2 1 -1 2 0 -2 1 -1 2 0 -2 1 -1 2 0 -2 1 -1 2 0 -2 1 -1 2 0 -2 1 -1 2 0 -2 1 -1 2 0 -2 1 -1 2 0 -2 1 -1 2 0 -2 1 -1 2 0 -2 1 -1 2 0 -2 1 -1 2 0 -2 1 -1 2 0 -2 1 -1 2 0 -2 1 -1 2 0 -2 1 -1 2 0 -2 1 -1 2 0 -2 1 -1 2 0 -2 1 -1 2 0 -2 1 -1 2 0 -2 1 -1 2 0 -2 1 -1 2 0 -2 1 -1 2 0 -2 1 -1 2 0 -2 1 -1 2 0 -2 1 -1 2 0 -2 1 -1 2 0 -2 1 -1 2 0 -2 1 -1 2 0 -2 1 -1 2 0 -2 1 -1 2 0 -2 1 -1 2 0 -2 1 -1 2 0 -2 1 -1 2 0 -2 1 -1 2 0 -2 1 -1 2 0 -2 1 -1 2 0 -2 1 -1 2 0 -2 1 -1 2 0 -2 1 -1 2 0 -2 1 -1 2 0 -2 1 -1 2 0 -2 1 -1 2 0 -2 1 -1 2 0 -2 1 -1 2 0 -2 1 -1 2 0 -2 1 -1 2 0
0 -1 -2 2 1 0 -1 -2 2 1 0 -1 -2 2 1 0 -1 -2 2 1 0 -1 -2 2 1 0 -1 -2 2 1 0 -1 -2 2 1 0 -1 -2 2 1 0 -1 -2 2 1 0 -1 -2 2 1 0 -1 -2 2 1 0 -1 -2 2 1 0 -1 -2 2 1 0 -1 -2 2 1 0 -1 -2 2 1 0 -1 -2 2 1 0 -1 -2 2 1 0 -1 -2 2 1 0 -1 -2 2 1 0 -1 -2 2 1 0 -1 -2 2 1 0 -1 -2 2 1 0 -1 -2 2 1 0 -1 -2 2 1 0 -1 -2 2 1 0 722 -2 2 1 0 -1 -2 2 1 0 -1 -2 2 1 0 -1 -2 2 1 0 -1 -2 2 1 0 -1 -2 2 1 0 -1 -2 2 1 0 -1 -2 2 1 0 -1 -2 2 1 0 -1 -2 2 1 0 -1 -2 2 1 0 -1 -2 2 1 0 -1 -2 2 1 0 -1 -2 2 1 0 -1 -2 2 1 0 -1 -2 2 1 0 -1 -2 2 1 0 -1 -2 2 1 0 -1 -2 2 1 0 -1 -2 2 1 0 -1 -2 2 1 0 -1 -2 2 1 0 -1 -2 2 1 0 -1 -2 2 1 0 -1 -2 2 1 0 -1 -2 2 1 0 -1 -2 2 1 0 -1 -2 2 1 0 -1 -2 2 1 0 -1 -2 2 1 0 -1 -2 2 1 0 -1 -2 2 1 0 -1 -2 2 1 0 -1 -2 2 1 0 -1 -2 2 1 0 -1 -2 2 1 0 -1 -2 2 1 0 -1 -2 2 1 0 -1 -2 2 1 0 -1 -2 2 1 0 -1 -2 2 1 0 -1 -2 2 1 0 -1 -2 2 1 0 -1 -2 2 1 0 -1 -2 2 1 0 -1 -2 2 1 0 -1 -2 2 1 0 -1 -2 2 1 0 -1 -2 2 1 0 -1 -2 2 1 0 -1 -2 2 1 0 -1 -2 2 1 0 -1 -2 2 1 0 -1 -2 2 1 0 -1 -2 2 1 0 -1 -2 2 1 0 -1 -2 2 1 0 -1 -2 2 1 0 -1 -2 2 1 0 -1 -2 2 1 0 -1 -2 2 1 0 -1 -2 2 1 0 -1 -2 2 1 0 -1 -2 2 1 0 -1 -2 2 1 0 -1 -2 2 1 0 -1 -2 2 1 0 -1 -2 2 1 0 -1 -2 2 1 0 -1 -2 2 1 0 -1 -2 2 1 0 -1 -2 2 1 0 -1 -2 2 1 0 -1 -2 2 1 0 -1 -2 2 1 0 -1 -2 2 1 0 -1 -2 2 1 0 -1 -2 2 1 0 -1 -2 2 1 0 -1 -2 2 1 0 -1 -2 2 1 0 -1 -2 2 1 0 -1 -2 2 1 0 -1 -2 2 1 0 -1 -2 2 1 0 -1 -2 2 1 0 -1 -2 2 1 0 -1 -2 2 1 0 -1 -2 2 1 0 -1 -2 2 1 0 -1 -2 2 1 0 -1 -2 2 1 0 -1 -2 2 1 0 -1 -2 2 1 0 -1 -2 2 1
2 2 2 2 2 2 2 2 2 2 2 2 2 2 2 2 2 2 2 2 2 2 2 2 2 2 2 2 2 2 2 2 2 2 2 2 2 2 2 2 2 2 2 2 2 2 2 2 2 2 2 2 2 2 2 2 2 2 2 2 2 2 2 2 2 2 2 2 2 2 2 2 2 2 2 2 2 2 2 2 2 2 2 2 2 2 2 2 2 2 2 2 2 2 2 2 2 2 2 2 2 2 2 2 2 2 2 2 2 2 2 2 2 2 2 2 2 2 2 2 2 2 2 2 2 2 2 1201 2 2 2 2 2 2 2 2 2 2 2 2 2 2 2 2 2 2 2 2 2 2 2 2 2 2 2 2 2 2 2 2 2 2 2 2 2 2 2 2 2 2 2 2 2 2 2 2 2 2 2 2 2 2 2 2 2 2 2 2 2 2 2 2 2 2 2 2 2 2 2 2 2 2 2 2 2 2 2 2 2 2 2 2 2 2 2 2 2 2 2 2 2 2 2 2 2 2 2 2 2 2 2 2 2 2 2 2 2 2 2 2 2 2 2 2 2 2 2 2 2 2 2 2 2 2 2 2 2 2 2 2 2 2 2 2 2 2 2 2 2 2 2 2 2 2 2 2 2 2 2 2 2 2 2 2 2 2 2 2 2 2 2 2 2 2 2 2 2 2 2 2 2 2 2 2 2 2 2 2 2 2 2 2 2 2 2 2 2 2 2 2 2 2 2 2 2 2 2 2 2 2 2 2 2 2 2 2 2 2 2 2 2 2 2 2 2 2 2 2 2 2 2 2 2 2 2 2 2 2 2 2 2 2 2 2 2 2 2 2 2 2 2 2 2 2 2 2 2 2 2 2 2 2 2 2 2 2 2 2 2 2 2 2 2 2 2 2 2 2 2 2 2 2 2 2 2 2 2 2 2 2 2 2 2 2 2 2 2 2 2 2 2 2 2 2 2 2 2 2 2 2 2 2 2 2 2 2 2 2 2 2 2 2 2 2 2 2 2 2 2 2 2 2 2 2 2 2 2 2 2 2 2 2 2 2 2 2 2 2 2 2 2 2 2 2 2 2 2 2 2 2 2 2 2 2 2 2 2 2 2 2 2 2 2 2 2 2 2 2 2 2 2 2 2 2 2 2 2 2 2 2 2 2 2 2 2 2 2 2 2 2 2 2 2 2 2 2 2 2 2 2 2 2 2 2 2 2 2 2 2 2 2 2 2 2 2 2 2 2 2 2 2 2 2 2 2 2 2 2 2 2 2 2 2 2 2 2 2 2 2 2 2 2 2 2 2 2 2 2 2 2 2 2 2 2 2 2 2 2 2 2 2 2 2 2 2 2 2 2 2 2
-1 0 1 2 -2 -1 0 1 2 -2 -1 0 1 2 -2 -1 0 1 2 -2 -1 0 1 2 -2 -1 0 1 2 -2 -1 0 1 2 -2 -1 0 1 2 -2 -1 0 1 2 -2 -1 0 1 2 -2 -1 0 1 2 -2 -1 0 1 2 -2 -1 0 1 2 -2 -1 0 1 2 -2 -1 0 1 2 -2 -1 0 1 2 -2 -1 0 1 2 -2 -1 0 1 2 -2 -1 0 1 2 -2 -1 0 1 2 -2 -1 0 1 2 -2 -1 0 1 2 -2 -1 0 1 2 -2 -1 0 1 2 -2 -1 0 1 2 -2 -1 0 1 721 -2 -1 0 1 2 -2 -1 0 1 2 -2 -1 0 1 2 -2 -1 0 1 2 -2 -1 0 1 2 -2 -1 0 1 2 -2 -1 0 1 2 -2 -1 0 1 2 -2 -1 0 1 2 -2 -1 0 1 2 -2 -1 0 1 2 -2 -1 0 1 2 -2 -1 0 1 2 -2 -1 0 1 2 -2 -1 0 1 2 -2 -1 0 1 2 -2 -1 0 1 2 -2 -1 0 1 2 -2 -1 0 1 2 -2 -1 0 1 2 -2 -1 0 1 2 -2 -1 0 1 2 -2 -1 0 1 2 -2 -1 0 1 2 -2 -1 0 1 2 -2 -1 0 1 2 -2 -1 0 1 2 -2 -1 0 1 2 -2 -1 0 1 2 -2 -1 0 1 2 -2 -1 0 1 2 -2 -1 0 1 2 -2 -1 0 1 2 -2 -1 0 1 2 -2 -1 0 1 2 -2 -1 0 1 2 -2 -1 0 1 2 -2 -1 0 1 2 -2 -1 0 1 2 -2 -1 0 1 2 -2 -1 0 1 2 -2 -1 0 1 2 -2 -1 0 1 2 -2 -1 0 1 2 -2 -1 0 1 2 -2 -1 0 1 2 -2 -1 0 1 2 -2 -1 0 1 2 -2 -1 0 1 2 -2 -1 0 1 2 -2 -1 0 1 2 -2 -1 0 1 2 -2 -1 0 1 2 -2 -1 0 1 2 -2 -1 0 1 2 -2 -1 0 1 2 -2 -1 0 1 2 -2 -1 0 1 2 -2 -1 0 1 2 -2 -1 0 1 2 -2 -1 0 1 2 -2 -1 0 1 2 -2 -1 0 1 2 -2 -1 0 1 2 -2 -1 0 1 2 -2 -1 0 1 2 -2 -1 0 1 2 -2 -1 0 1 2 -2 -1 0 1 2 -2 -1 0 1 2 -2 -1 0 1 2 -2 -1 0 1 2 -2 -1 0 1 2 -2 -1 0 1 2 -2 -1 0 1 2 -2 -1 0 1 2 -2 -1 0 1 2 -2 -1 0 1 2 -2 -1 0 1 2 -2 -1 0 1 2 -2 -1 0 1 2 -2 -1 0 1 2 -2 -1 0 1 2 -2 -1 0 1 2 -2 -1 0 1 2 -2 -1 0 1 2 -2 -1 0 1 2 -2 -1 0 1 2 -2 -1 0 1 2 -2 -1 0 1 2 -2 -1 0 1 2 -2 -1 0 1 2 -2 -1 0 1 2 -2 -1 0 1 2 -2
1 -2 0 2 -1 1 -2 0 2 -1 1 -2 0 2 -1 1 -2 0 2 -1 1 -2 0 2 -1 1 -2 0 2 -1 1 -2 0 2 -1 1 -2 0 2 -1 1 -2 0 2 -1 1 -2 0 2 -1 1 -2 0 2 -1 1 -2 0 2 -1 1 -2 0 2 -1 1 -2 0 2 -1 1 -2 0 2 -1 1 -2 0 2 -1 1 -2 0 2 -1 1 -2 0 2 -1 1 -2 0 2 -1 1 -2 0 2 -1 1 -2 0 2 -1 1 -2 0 2 -1 1 -2 0 2 -1 1 -2 0 2 -1 1 -2 0 2 -1 1 -2 0 2 722 1 -2 0 2 -1 1 -2 0 2 -1 1 -2 0 2 -1 1 -2 0 2 -1 1 -2 0 2 -1 1 -2 0 2 -1 1 -2 0 2 -1 1 -2 0 2 -1 1 -2 0 2 -1 1 -2 0 2 -1 1 -2 0 2 -1 1 -2 0 2 -1 1 -2 0 2 -1 1 -2 0 2 -1 1 -2 0 2 -1 1 -2 0 2 -1 1 -2 0 2 -1 1 -2 0 2 -1 1 -2 0 2 -1 1 -2 0 2 -1 1 -2 0 2 -1 1 -2 0 2 -1 1 -2 0 2 -1 1 -2 0 2 -1 1 -2 0 2 -1 1 -2 0 2 -1 1 -2 0 2 -1 1 -2 0 2 -1 1 -2 0 2 -1 1 -2 0 2 -1 1 -2 0 2 -1 1 -2 0 2 -1 1 -2 0 2 -1 1 -2 0 2 -1 1 -2 0 2 -1 1 -2 0 2 -1 1 -2 0 2 -1 1 -2 0 2 -1 1 -2 0 2 -1 1 -2 0 2 -1 1 -2 0 2 -1 1 -2 0 2 -1 1 -2 0 2 -1 1 -2 0 2 -1 1 -2 0 2 -1 1 -2 0 2 -1 1 -2 0 2 -1 1 -2 0 2 -1 1 -2 0 2 -1 1 -2 0 2 -1 1 -2 0 2 -1 1 -2 0 2 -1 1 -2 0 2 -1 1 -2 0 2 -1 1 -2 0 2 -1 1 -2 0 2 -1 1 -2 0 2 -1 1 -2 0 2 -1 1 -2 0 2 -1 1 -2 0 2 -1 1 -2 0 2 -1 1 -2 0 2 -1 1 -2 0 2 -1 1 -2 0 2 -1 1 -2 0 2 -1 1 -2 0 2 -1 1 -2 0 2 -1 1 -2 0 2 -1 1 -2 0 2 -1 1 -2 0 2 -1 1 -2 0 2 -1 1 -2 0 2 -1 1 -2 0 2 -1 1 -2 0 2 -1 1 -2 0 2 -1 1 -2 0 2 -1 1 -2 0 2 -1 1 -2 0 2 -1 1 -2 0 2 -1 1 -2 0 2 -1 1 -2 0 2 -1 1 -2 0 2 -1 1 -2 0 2 -1 1 -2 0 2 -1 1 -2 0 2 -1 1 -2 0 2 -1 1 -2 0 2 -1 1 -2 0 2 -1 1 -2 0 2 -1 1 -2 0 2 -1 1 -2 0 2 -1 1 -2 0 2 -1 1 -2 0 2 -1 1 -2 0 2 -1
-2 1 -1 2 0 -2 1 -1 2 0 -2 1 -1 2 0 -2 1 -1 2 0 -2 1 -1 2 0 -2 1 -1 2 0 -2 1 -1 2 0 -2 1 -1 2 0 -2 1 -1 2 0 -2 1 -1 2 0 -2 1 -1 2 0 -2 1 -1 2 0 -2 1 -1 2 0 -2 1 -1 2 0 -2 1 -1 2 0 -2 1 -1 2 0 -2 1 -1 2 0 -2 1 -1 2 0 -2 1 -1 2 0 -2 1 -1 2 0 -2 1 -1 2 0 -2 1 -1 2 0 -2 1 -1 2 0 -2 1 -1 2 0 -2 1 -1 2 0 -2 1 -1 2 0 721 1 -1 2 0 -2 1 -1 2 0 -2 1 -1 2 0 -2 1 -1 2 0 -2 1 -1 2 0 -2 1 -1 2 0 -2 1 -1 2 0 -2 1 -1 2 0 -2 1 -1 2 0 -2 1 -1 2 0 -2 1 -1 2 0 -2 1 -1 2 0 -2 1 -1 2 0 -2 1 -1 2 0 -2 1 -1 2 0 -2 1 -1 2 0 -2 1 -1 2 0 -2 1 -1 2 0 -2 1 -1 2 0 -2 1 -1 2 0 -2 1 -1 2 0 -2 1 -1 2 0 -2 1 -1 2 0 -2 1 -1 2 0 -2 1 -1 2 0 -2 1 -1 2 0 -2 1 -1 2 0 -2 1 -1 2 0 -2 1 -1 2 0 -2 1 -1 2 0 -2 1 -1 2 0 -2 1 -1 2 0 -2 1 -1 2 0 -2 1 -1 2 0 -2 1 -1 2 0 -2 1 -1 2 0 -2 1 -1 2 0 -2 1 -1 2 0 -2 1 -1 2 0 -2 1 -1 2 0 -2 1 -1 2 0 -2 1 -1 2 0 -2 1 -1 2 0 -2 1 -1 2 0 -2 1 -1 2 0 -2 1 -1 2 0 -2 1 -1 2 0 -2 1 -1 2 0 -2 1 -1 2 0 -2 1 -1 2 0 -2 1 -1 2 0 -2 1 -1 2 0 -2 1 -1 2 0 -2 1 -1 2 0 -2 1 -1 2 0 -2 1 -1 2 0 -2 1 -1 2 0 -2 1 -1 2 0 -2 1 -1 2 0 -2 1 -1 2 0 -2 1 -1 2 0 -2 1 -1 2 0 -2 1 -1 2 0 -2 1 -1 2 0 -2 1 -1 2 0 -2 1 -1 2 0 -2 1 -1 2 0 -2 1 -1 2 0 -2 1 -1 2 0 -2 1 -1 2 0 -2 1 -1 2 0 -2 1 -1 2 0 -2 1 -1 2 0 -2 1 -1 2 0 -2 1 -1 2 0 -2 1 -1 2 0 -2 1 -1 2 0 -2 1 -1 2 0 -2 1 -1 2 0 -2 1 -1 2 0 -2 1 -1 2 0 -2 1 -1 2 0 -2 1 -1 2 0 -2 1 -1 2 0 -2 1 -1 2 0 -2 1 -1 2 0 -2 1 -1 2 0 -2 1 -1 2 0 -2 1 -1 2 0 -2 1 -1 2 0 -2 1 -1 2 0 -2 1 -1 2 0 -2 1 -1 2 0 -2 1 -1 2 0
0 -1 -2 2 1 0 -1 -2 2 1 0 -1 -2 2 1 0 -1 -2 2 1 0 -1 -2 2 1 0 -1 -2 2 1 0 -1 -2 2 1 0 -1 -2 2 1 0 -1 -2 2 1 0 -1 -2 2 1 0 -1 -2 2 1 0 -1 -2 2 1 0 -1 -2 2 1 0 -1 -2 2 1 0 -1 -2 2 1 0 -1 -2 2 1 0 -1 -2 2 1 0 -1 -2 2 1 0 -1 -2 2 1 0 -1 -2 2 1 0 -1 -2 2 1 0 -1 -2 2 1 0 -1 -2 2 1 0 -1 -2 2 1 0 -1 -2 2 1 0 -1 -2 2 1 0 722 -2 2 1 0 -1 -2 2 1 0 -1 -2 2 1 0 -1 -2 2 1 0 -1 -2 2 1 0 -1 -2 2 1 0 -1 -2 2 1 0 -1 -2 2 1 0 -1 -2 2 1 0 -1 -2 2 1 0 -1 -2 2 1 0 -1 -2 2 1 0 -1 -2 2 1 0 -1 -2 2 1 0 -1 -2 2 1 0 -1 -2 2 1 0 -1 -2 2 1 0 -1 -2 2 1 0 -1 -2 2 1 0 -1 -2 2 1 0 -1 -2 2 1 0 -1 -2 2 1 0 -1 -2 2 1 0 -1 -2 2 1 0 -1 -2 2 1 0 -1 -2 2 1 0 -1 -2 2 1 0 -1 -2 2 1 0 -1 -2 2 1 0 -1 -2 2 1 0 -1 -2 2 1 0 -1 -2 2 1 0 -1 -2 2 1 0 -1 -2 2 1 0 -1 -2 2 1 0 -1 -2 2 1 0 -1 -2 2 1 0 -1 -2 2 1 0 -1 -2 2 1 0 -1 -2 2 1 0 -1 -2 2 1 0 -1 -2 2 1 0 -1 -2 2 1 0 -1 -2 2 1 0 -1 -2 2 1 0 -1 -2 2 1 0 -1 -2 2 1 0 -1 -2 2 1 0 -1 -2 2 1 0 -1 -2 2 1 0 -1 -2 2 1 0 -1 -2 2 1 0 -1 -2 2 1 0 -1 -2 2 1 0 -1 -2 2 1 0 -1 -2 2 1 0 -1 -2 2 1 0 -1 -2 2 1 0 -1 -2 2 1 0 -1 -2 2 1 0 -1 -2 2 1 0 -1 -2 2 1 0 -1 -2 2 1 0 -1 -2 2 1 0 -1 -2 2 1 0 -1 -2 2 1 0 -1 -2 2 1 0 -1 -2 2 1 0 -1 -2 2 1 0 -1 -2 2 1 0 -1 -2 2 1 0 -1 -2 2 1 0 -1 -2 2 1 0 -1 -2 2 1 0 -1 -2 2 1 0 -1 -2 2 1 0 -1 -2 2 1 0 -1 -2 2 1 0 -1 -2 2 1 0 -1 -2 2 1 0 -1 -2 2 1 0 -1 -2 2 1 0 -1 -2 2 1 0 -1 -2 2 1 0 -1 -2 2 1 0 -1 -2 2 1 0 -1 -2 2 1 0 -1 -2 2 1 0 -1 -2 2 1 0 -1 -2 2 1 0 -1 -2 2 1 0 -1 -2 2 1 0 -1 -2 2 1 0 -1 -2 2 1
2 2 2 2 2 2 2 2 2 2 2 2 2 2 2 2 2 2 2 2 2 2 2 2 2 2 2 2 2 2 2 2 2 2 2 2 2 2 2 2 2 2 2 2 2 2 2 2 2 2 2 2 2 2 2 2 2 2 2 2 2 2 2 2 2 2 2 2 2 2 2 2 2 2 2 2 2 2 2 2 2 2 2 2 2 2 2 2 2 2 2 2 2 2 2 2 2 2 2 2 2 2 2 2 2 2 2 2 2 2 2 2 2 2 2 2 2 2 2 2 2 2 2 2 2 2 2 2 2 2 2 2 1201 2 2 2 2 2 2 2 2 2 2 2 2 2 2 2 2 2 2 2 2 2 2 2 2 2 2 2 2 2 2 2 2 2 2 2 2 2 2 2 2 2 2 2 2 2 2 2 2 2 2 2 2 2 2 2 2 2 2 2 2 2 2 2 2 2 2 2 2 2 2 2 2 2 2 2 2 2 2 2 2 2 2 2 2 2 2 2 2 2 2 2 2 2 2 2 2 2 2 2 2 2 2 2 2 2 2 2 2 2 2 2 2 2 2 2 2 2 2 2 2 2 2 2 2 2 2 2 2 2 2 2 2 2 2 2 2 2 2 2 2 2 2 2 2 2 2 2 2 2 2 2 2 2 2 2 2 2 2 2 2 2 2 2 2 2 2 2 2 2 2 2 2 2 2 2 2 2 2 2 2 2 2 2 2 2 2 2 2 2 2 2 2 2 2 2 2 2 2 2 2 2 2 2 2 2 2 2 2 2 2 2 2 2 2 2 2 2 2 2 2 2 2 2 2 2 2 2 2 2 2 2 2 2 2 2 2 2 2 2 2 2 2 2 2 2 2 2 2 2 2 2 2 2 2 2 2 2 2 2 2 2 2 2 2 2 2 2 2 2 2 2 2 2 2 2 2 2 2 2 2 2 2 2 2 2 2 2 2 2 2 2 2 2 2 2 2 2 2 2 2 2 2 2 2 2 2 2 2 2 2 2 2 2 2 2 2 2 2 2 2 2 2 2 2 2 2 2 2 2 2 2 2 2 2 2 2 2 2 2 2 2 2 2 2 2 2 2 2 2 2 2 2 2 2 2 2 2 2 2 2 2 2 2 2 2 2 2 2 2 2 2 2 2 2 2 2 2 2 2 2 2 2 2 2 2 2 2 2 2 2 2 2 2 2 2 2 2 2 2 2 2 2 2 2 2 2 2 2 2 2 2 2 2 2 2 2 2 2 2 2 2 2 2 2 2 2 2 2 2 2 2 2 2 2 2 2 2 2 2 2 2 2 2 2 2 2 2 2 2 2 2 2 2 2 2 2 2 2 2 2 2 2 2 2 2 2 2
-1 0 1 2 -2 -1 0 1 2 -2 -1 0 1 2 -2 -1 0 1 2 -2 -1 0 1 2 -2 -1 0 1 2 -2 -1 0 1 2 -2 -1 0 1 2 -2 -1 0 1 2 -2 -1 0 1 2 -2 -1 0 1 2 -2 -1 0 1 2 -2 -1 0 1 2 -2 -1 0 1 2 -2 -1 0 1 2 -2 -1 0 1 2 -2 -1 0 1 2 -2 -1 0 1 2 -2 -1 0 1 2 -2 -1 0 1 2 -2 -1 0 1 2 -2 -1 0 1 2 -2 -1 0 1 2 -2 -1 0 1 2 -2 -1 0 1 2 -2 -1 0 1 2 -2 -1 0 1 721 -2 -1 0 1 2 -2 -1 0 1 2 -2 -1 0 1 2 -2 -1 0 1 2 -2 -1 0 1 2 -2 -1 0 1 2 -2 -1 0 1 2 -2 -1 0 1 2 -2 -1 0 1 2 -2 -1 0 1 2 -2 -1 0 1 2 -2 -1 0 1 2 -2 -1 0 1 2 -2 -1 0 1 2 -2 -1 0 1 2 -2 -1 0 1 2 -2 -1 0 1 2 -2 -1 0 1 2 -2 -1 0 1 2 -2 -1 0 1 2 -2 -1 0 1 2 -2 -1 0 1 2 -2 -1 0 1 2 -2 -1 0 1 2 -2 -1 0 1 2 -2 -1 0 1 2 -2 -1 0 1 2 -2 -1 0 1 2 -2 -1 0 1 2 -2 -1 0 1 2 -2 -1 0 1 2 -2 -1 0 1 2 -2 -1 0 1 2 -2 -1 0 1 2 -2 -1 0 1 2 -2 -1 0 1 2 -2 -1 0 1 2 -2 -1 0 1 2 -2 -1 0 1 2 -2 -1 0 1 2 -2 -1 0 1 2 -2 -1 0 1 2 -2 -1 0 1 2 -2 -1 0 1 2 -2 -1 0 1 2 -2 -1 0 1 2 -2 -1 0 1 2 -2 -1 0 1 2 -2 -1 0 1 2 -2 -1 0 1 2 -2 -1 0 1 2 -2 -1 0 1 2 -2 -1 0 1 2 -2 -1 0 1 2 -2 -1 0 1 2 -2 -1 0 1 2 -2 -1 0 1 2 -2 -1 0 1 2 -2 -1 0 1 2 -2 -1 0 1 2 -2 -1 0 1 2 -2 -1 0 1 2 -2 -1 0 1 2 -2 -1 0 1 2 -2 -1 0 1 2 -2 -1 0 1 2 -2 -1 0 1 2 -2 -1 0 1 2 -2 -1 0 1 2 -2 -1 0 1 2 -2 -1 0 1 2 -2 -1 0 1 2 -2 -1 0 1 2 -2 -1 0 1 2 -2 -1 0 1 2 -2 -1 0 1 2 -2 -1 0 1 2 -2 -1 0 1 2 -2 -1 0 1 2 -2 -1 0 1 2 -2 -1 0 1 2 -2 -1 0 1 2 -2 -1 0 1 2 -2 -1 0 1 2 -2 -1 0 1 2 -2 -1 0 1 2 -2 -1 0 1 2 -2 -1 0 1 2 -2 -1 0 1 2 -2 -1 0 1 2 -2 -1 0 1 2 -2 -1 0 1 2 -2 -1 0 1 2 -2
1 -2 0 2 -1 1 -2 0 2 -1 1 -2 0 2 -1 1 -2 0 2 -1 1 -2 0 2 -1 1 -2 0 2 -1 1 -2 0 2 -1 1 -2 0 2 -1 1 -2 0 2 -1 1 -2 0 2 -1 1 -2 0 2 -1 1 -2 0 2 -1 1 -2 0 2 -1 1 -2 0 2 -1 1 -2 0 2 -1 1 -2 0 2 -1 1 -2 0 2 -1 1 -2 0 2 -1 1 -2 0 2 -1 1 -2 0 2 -1 1 -2 0 2 -1 1 -2 0 2 -1 1 -2 0 2 -1 1 -2 0 2 -1 1 -2 0 2 -1 1 -2 0 2 -1 1 -2 0 2 722 1 -2 0 2 -1 1 -2 0 2 -1 1 -2 0 2 -1 1 -2 0 2 -1 1 -2 0 2 -1 1 -2 0 2 -1 1 -2 0 2 -1 1 -2 0 2 -1 1 -2 0 2 -1 1 -2 0 2 -1 1 -2 0 2 -1 1 -2 0 2 -1 1 -2 0 2 -1 1 -2 0 2 -1 1 -2 0 2 -1 1 -2 0 2 -1 1 -2 0 2 -1 1 -2 0 2 -1 1 -2 0 2 -1 1 -2 0 2 -1 1 -2 0 2 -1 1 -2 0 2 -1 1 -2 0 2 -1 1 -2 0 2 -1 1 -2 0 2 -1 1 -2 0 2 -1 1 -2 0 2 -1 1 -2 0 2 -1 1 -2 0 2 -1 1 -2 0 2 -1 1 -2 0 2 -1 1 -2 0 2 -1 1 -2 0 2 -1 1 -2 0 2 -1 1 -2 0 2 -1 1 -2 0 2 -1 1 -2 0 2 -1 1 -2 0 2 -1 1 -2 0 2 -1 1 -2 0 2 -1 1 -2 0 2 -1 1 -2 0 2 -1 1 -2 0 2 -1 1 -2 0 2 -1 1 -2 0 2 -1 1 -2 0 2 -1 1 -2 0 2 -1 1 -2 0 2 -1 1 -2 0 2 -1 1 -2 0 2 -1 1 -2 0 2 -1 1 -2 0 2 -1 1 -2 0 2 -1 1 -2 0 2 -1 1 -2 0 2 -1 1 -2 0 2 -1 1 -2 0 2 -1 1 -2 0 2 -1 1 -2 0 2 -1 1 -2 0 2 -1 1 -2 0 2 -1 1 -2 0 2 -1 1 -2 0 2 -1 1 -2 0 2 -1 1 -2 0 2 -1 1 -2 0 2 -1 1 -2 0 2 -1 1 -2 0 2 -1 1 -2 0 2 -1 1 -2 0 2 -1 1 -2 0 2 -1 1 -2 0 2 -1 1 -2 0 2 -1 1 -2 0 2 -1 1 -2 0 2 -1 1 -2 0 2 -1 1 -2 0 2 -1 1 -2 0 2 -1 1 -2 0 2 -1 1 -2 0 2 -1 1 -2 0 2 -1 1 -2 0 2 -1 1 -2 0 2 -1 1 -2 0 2 -1 1 -2 0 2 -1 1 -2 0 2 -1 1 -2 0 2 -1 1 -2 0 2 -1 1 -2 0 2 -1 1 -2 0 2 -1 1 -2 0 2 -1 1 -2 0 2 -1 1 -2 0 2 -1
-2 1 -1 2 0 -2 1 -1 2 0 -2 1 -1 2 0 -2 1 -1 2 0 -2 1 -1 2 0 -2 1 -1 2 0 -2 1 -1 2 0 -2 1 -1 2 0 -2 1 -1 2 0 -2 1 -1 2 0 -2 1 -1 2 0 -2 1 -1 2 0 -2 1 -1 2 0 -2 1 -1 2 0 -2 1 -1 2 0 -2 1 -1 2 0 -2 1 -1 2 0 -2 1 -1 2 0 -2 1 -1 2 0 -2 1 -1 2 0 -2 1 -1 2 0 -2 1 -1 2 0 -2 1 -1 2 0 -2 1 -1 2 0 -2 1 -1 2 0 -2 1 -1 2 0 -2 1 -1 2 0 721 1 -1 2 0 -2 1 -1 2 0 -2 1 -1 2 0 -2 1 -1 2 0 -2 1 -1 2 0 -2 1 -1 2 0 -2 1 -1 2 0 -2 1 -1 2 0 -2 1 -1 2 0 -2 1 -1 2 0 -2 1 -1 2 0 -2 1 -1 2 0 -2 1 -1 2 0 -2 1 -1 2 0 -2 1 -1 2 0 -2 1 -1 2 0 -2 1 -1 2 0 -2 1 -1 2 0 -2 1 -1 2 0 -2 1 -1 2 0 -2 1 -1 2 0 -2 1 -1 2 0 -2 1 -1 2 0 -2 1 -1 2 0 -2 1 -1 2 0 -2 1 -1 2 0 -2 1 -1 2 0 -2 1 -1 2 0 -2 1 -1 2 0 -2 1 -1 2 0 -2 1 -1 2 0 -2 1 -1 2 0 -2 1 -1 2 0 -2 1 -1 2 0 -2 1 -1 2 0 -2 1 -1 2 0 -2 1 -1 2 0 -2 1 -1 2 0 -2 1 -1 2 0 -2 1 -1 2 0 -2 1 -1 2 0 -2 1 -1 2 0 -2 1 -1 2 0 -2 1 -1 2 0 -2 1 -1 2 0 -2 1 -1 2 0 -2 1 -1 2 0 -2 1 -1 2 0 -2 1 -1 2 0 -2 1 -1 2 0 -2 1 -1 2 0 -2 1 -1 2 0 -2 1 -1 2 0 -2 1 -1 2 0 -2 1 -1 2 0 -2 1 -1 2 0 -2 1 -1 2 0 -2 1 -1 2 0 -2 1 -1 2 0 -2 1 -1 2 0 -2 1 -1 2 0 -2 1 -1 2 0 -2 1 -1 2 0 -2 1 -1 2 0 -2 1 -1 2 0 -2 1 -1 2 0 -2 1 -1 2 0 -2 1 -1 2 0 -2 1 -1 2 0 -2 1 -1 2 0 -2 1 -1 2 0 -2 1 -1 2 0 -2 1 -1 2 0 -2 1 -1 2 0 -2 1 -1 2 0 -2 1 -1 2 0 -2 1 -1 2 0 -2 1 -1 2 0 -2 1 -1 2 0 -2 1 -1 2 0 -2 1 -1 2 0 -2 1 -1 2 0 -2 1 -1 2 0 -2 1 -1 2 0 -2 1 -1 2 0 -2 1 -1 2 0 -2 1 -1 2 0 -2 1 -1 2 0 -2 1 -1 2 0 -2 1 -1 2 0 -2 1 -1 2 0 -2 1 -1 2 0 -2 1 -1 2 0
0 -1 -2 2 1 0 -1 -2 2 1 0 -1 -2 2 1 0 -1 -2 2 1 0 -1 -2 2 1 0 -1 -2 2 1 0 -1 -2 2 1 0 -1 -2 2 1 0 -1 -2 2 1 0 -1 -2 2 1 0 -1 -2 2 1 0 -1 -2 2 1 0 -1 -2 2 1 0 -1 -2 2 1 0 -1 -2 2 1 0 -1 -2 2 1 0 -1 -2 2 1 0 -1 -2 2 1 0 -1 -2 2 1 0 -1 -2 2 1 0 -1 -2 2 1 0 -1 -2 2 1 0 -1 -2 2 1 0 -1 -2 2 1 0 -1 -2 2 1 0 -1 -2 2 1 0 -1 -2 2 1 0 722 -2 2 1 0 -1 -2 2 1 0 -1 -2 2 1 0 -1 -2 2 1 0 -1 -2 2 1 0 -1 -2 2 1 0 -1 -2 2 1 0 -1 -2 2 1 0 -1 -2 2 1 0 -1 -2 2 1 0 -1 -2 2 1 0 -1 -2 2 1 0 -1 -2 2 1 0 -1 -2 2 1 0 -1 -2 2 1 0 -1 -2 2 1 0 -1 -2 2 1 0 -1 -2 2 1 0 -1 -2 2 1 0 -1 -2 2 1 0 -1 -2 2 1 0 -1 -2 2 1 0 -1 -2 2 1 0 -1 -2 2 1 0 -1 -2 2 1 0 -1 -2 2 1 0 -1 -2 2 1 0 -1 -2 2 1 0 -1 -2 2 1 0 -1 -2 2 1 0 -1 -2 2 1 0 -1 -2 2 1 0 -1 -2 2 1 0 -1 -2 2 1 0 -1 -2 2 1 0 -1 -2 2 1 0 -1 -2 2 1 0 -1 -2 2 1 0 -1 -2 2 1 0 -1 -2 2 1 0 -1 -2 2 1 0 -1 -2 2 1 0 -1 -2 2 1 0 -1 -2 2 1 0 -1 -2 2 1 0 -1 -2 2 1 0 -1 -2 2 1 0 -1 -2 2 1 0 -1 -2 2 1 0 -1 -2 2 1 0 -1 -2 2 1 0 -1 -2 2 1 0 -1 -2 2 1 0 -1 -2 2 1 0 -1 -2 2 1 0 -1 -2 2 1 0 -1 -2 2 1 0 -1 -2 2 1 0 -1 -2 2 1 0 -1 -2 2 1 0 -1 -2 2 1 0 -1 -2 2 1 0 -1 -2 2 1 0 -1 -2 2 1 0 -1 -2 2 1 0 -1 -2 2 1 0 -1 -2 2 1 0 -1 -2 2 1 0 -1 -2 2 1 0 -1 -2 2 1 0 -1 -2 2 1 0 -1 -2 2 1 0 -1 -2 2 1 0 -1 -2 2 1 0 -1 -2 2 1 0 -1 -2 2 1 0 -1 -2 2 1 0 -1 -2 2 1 0 -1 -2 2 1 0 -1 -2 2 1 0 -1 -2 2 1 0 -1 -2 2 1 0 -1 -2 2 1 0 -1 -2 2 1 0 -1 -2 2 1 0 -1 -2 2 1 0 -1 -2 2 1 0 -1 -2 2 1 0 -1 -2 2 1 0 -1 -2 2 1 0 -1 -2 2 1 0 -1 -2 2 1 0 -1 -2 2 1
2 2 2 2 2 2 2 2 2 2 2 2 2 2 2 2 2 2 2 2 2 2 2 2 2 2 2 2 2 2 2 2 2 2 2 2 2 2 2 2 2 2 2 2 2 2 2 2 2 2 2 2 2 2 2 2 2 2 2 2 2 2 2 2 2 2 2 2 2 2 2 2 2 2 2 2 2 2 2 2 2 2 2 2 2 2 2 2 2 2 2 2 2 2 2 2 2 2 2 2 2 2 2 2 2 2 2 2 2 2 2 2 2 2 2 2 2 2 2 2 2 2 2 2 2 2 2 2 2 2 2 2 2 2 2 2 2 1201 2 2 2 2 2 2 2 2 2 2 2 2 2 2 2 2 2 2 2 2 2 2 2 2 2 2 2 2 2 2 2 2 2 2 2 2 2 2 2 2 2 2 2 2 2 2 2 2 2 2 2 2 2 2 2 2 2 2 2 2 2 2 2 2 2 2 2 2 2 2 2 2 2 2 2 2 2 2 2 2 2 2 2 2 2 2 2 2 2 2 2 2 2 2 2 2 2 2 2 2 2 2 2 2 2 2 2 2 2 2 2 2 2 2 2 2 2 2 2 2 2 2 2 2 2 2 2 2 2 2 2 2 2 2 2 2 2 2 2 2 2 2 2 2 2 2 2 2 2 2 2 2 2 2 2 2 2 2 2 2 2 2 2 2 2 2 2 2 2 2 2 2 2 2 2 2 2 2 2 2 2 2 2 2 2 2 2 2 2 2 2 2 2 2 2 2 2 2 2 2 2 2 2 2 2 2 2 2 2 2 2 2 2 2 2 2 2 2 2 2 2 2 2 2 2 2 2 2 2 2 2 2 2 2 2 2 2 2 2 2 2 2 2 2 2 2 2 2 2 2 2 2 2 2 2 2 2 2 2 2 2 2 2 2 2 2 2 2 2 2 2 2 2 2 2 2 2 2 2 2 2 2 2 2 2 2 2 2 2 2 2 2 2 2 2 2 2 2 2 2 2 2 2 2 2 2 2 2 2 2 2 2 2 2 2 2 2 2 2 2 2 2 2 2 2 2 2 2 2 2 2 2 2 2 2 2 2 2 2 2 2 2 2 2 2 2 2 2 2 2 2 2 2 2 2 2 2 2 2 2 2 2 2 2 2 2 2 2 2 2 2 2 2 2 2 2 2 2 2 2 2 2 2 2 2 2 2 2 2 2 2 2 2 2 2 2 2 2 2 2 2 2 2 2 2 2 2 2 2 2 2 2 2 2 2 2 2 2 2 2 2 2 2 2 2 2 2 2 2 2 2 2 2 2 2 2 2 2 2 2 2 2 2 2 2 2 2 2 2 2 2 2 2 2 2 2 2 2 2 2 2 2
-1 0 1 2 -2 -1 0 1 2 -2 -1 0 1 2 -2 -1 0 1 2 -2 -1 0 1 2 -2 -1 0 1 2 -2 -1 0 1 2 -2 -1 0 1 2 -2 -1 0 1 2 -2 -1 0 1 2 -2 -1 0 1 2 -2 -1 0 1 2 -2 -1 0 1 2 -2 -1 0 1 2 -2 -1 0 1 2 -2 -1 0 1 2 -2 -1 0 1 2 -2 -1 0 1 2 -2 -1 0 1 2 -2 -1 0 1 2 -2 -1 0 1 2 -2 -1 0 1 2 -2 -1 0 1 2 -2 -1 0 1 2 -2 -1 0 1 2 -2 -1 0 1 2 -2 -1 0 1 2 -2 -1 0 1 721 -2 -1 0 1 2 -2 -1 0 1 2 -2 -1 0 1 2 -2 -1 0 1 2 -2 -1 0 1 2 -2 -1 0 1 2 -2 -1 0 1 2 -2 -1 0 1 2 -2 -1 0 1 2 -2 -1 0 1 2 -2 -1 0 1 2 -2 -1 0 1 2 -2 -1 0 1 2 -2 -1 0 1 2 -2 -1 0 1 2 -2 -1 0 1 2 -2 -1 0 1 2 -2 -1 0 1 2 -2 -1 0 1 2 -2 -1 0 1 2 -2 -1 0 1 2 -2 -1 0 1 2 -2 -1 0 1 2 -2 -1 0 1 2 -2 -1 0 1 2 -2 -1 0 1 2 -2 -1 0 1 2 -2 -1 0 1 2 -2 -1 0 1 2 -2 -1 0 1 2 -2 -1 0 1 2 -2 -1 0 1 2 -2 -1 0 1 2 -2 -1 0 1 2 -2 -1 0 1 2 -2 -1 0 1 2 -2 -1 0 1 2 -2 -1 0 1 2 -2 -1 0 1 2 -2 -1 0 1 2 -2 -1 0 1 2 -2 -1 0 1 2 -2 -1 0 1 2 -2 -1 0 1 2 -2 -1 0 1 2 -2 -1 0 1 2 -2 -1 0 1 2 -2 -1 0 1 2 -2 -1 0 1 2 -2 -1 0 1 2 -2 -1 0 1 2 -2 -1 0 1 2 -2 -1 0 1 2 -2 -1 0 1 2 -2 -1 0 1 2 -2 -1 0 1 2 -2 -1 0 1 2 -2 -1 0 1 2 -2 -1 0 1 2 -2 -1 0 1 2 -2 -1 0 1 2 -2 -1 0 1 2 -2 -1 0 1 2 -2 -1 0 1 2 -2 -1 0 1 2 -2 -1 0 1 2 -2 -1 0 1 2 -2 -1 0 1 2 -2 -1 0 1 2 -2 -1 0 1 2 -2 -1 0 1 2 -2 -1 0 1 2 -2 -1 0 1 2 -2 -1 0 1 2 -2 -1 0 1 2 -2 -1 0 1 2 -2 -1 0 1 2 -2 -1 0 1 2 -2 -1 0 1 2 -2 -1 0 1 2 -2 -1 0 1 2 -2 -1 0 1 2 -2 -1 0 1 2 -2 -1 0 1 2 -2 -1 0 1 2 -2 -1 0 1 2 -2 -1 0 1 2 -2 -1 0 1 2 -2 -1 0 1 2 -2 -1 0 1 2 -2 -1 0 1 2 -2 -1 0 1 2 -2
1 -2 0 2 -1 1 -2 0 2 -1 1 -2 0 2 -1 1 -2 0 2 -1 1 -2 0 2 -1 1 -2 0 2 -1 1 -2 0 2 -1 1 -2 0 2 -1 1 -2 0 2 -1 1 -2 0 2 -1 1 -2 0 2 -1 1 -2 0 2 -1 1 -2 0 2 -1 1 -2 0 2 -1 1 -2 0 2 -1 1 -2 0 2 -1 1 -2 0 2 -1 1 -2 0 2 -1 1 -2 0 2 -1 1 -2 0 2 -1 1 -2 0 2 -1 1 -2 0 2 -1 1 -2 0 2 -1 1 -2 0 2 -1 1 -2 0 2 -1 1 -2 0 2 -1 1 -2 0 2 -1 1 -2 0 2 722 1 -2 0 2 -1 1 -2 0 2 -1 1 -2 0 2 -1 1 -2 0 2 -1 1 -2 0 2 -1 1 -2 0 2 -1 1 -2 0 2 -1 1 -2 0 2 -1 1 -2 0 2 -1 1 -2 0 2 -1 1 -2 0 2 -1 1 -2 0 2 -1 1 -2 0 2 -1 1 -2 0 2 -1 1 -2 0 2 -1 1 -2 0 2 -1 1 -2 0 2 -1 1 -2 0 2 -1 1 -2 0 2 -1 1 -2 0 2 -1 1 -2 0 2 -1 1 -2 0 2 -1 1 -2 0 2 -1 1 -2 0 2 -1 1 -2 0 2 -1 1 -2 0 2 -1 1 -2 0 2 -1 1 -2 0 2 -1 1 -2 0 2 -1 1 -2 0 2 -1 1 -2 0 2 -1 1 -2 0 2 -1 1 -2 0 2 -1 1 -2 0 2 -1 1 -2 0 2 -1 1 -2 0 2 -1 1 -2 0 2 -1 1 -2 0 2 -1 1 -2 0 2 -1 1 -2 0 2 -1 1 -2 0 2 -1 1 -2 0 2 -1 1 -2 0 2 -1 1 -2 0 2 -1 1 -2 0 2 -1 1 -2 0 2 -1 1 -2 0 2 -1 1 -2 0 2 -1 1 -2 0 2 -1 1 -2 0 2 -1 1 -2 0 2 -1 1 -2 0 2 -1 1 -2 0 2 -1 1 -2 0 2 -1 1 -2 0 2 -1 1 -2 0 2 -1 1 -2 0 2 -1 1 -2 0 2 -1 1 -2 0 2 -1 1 -2 0 2 -1 1 -2 0 2 -1 1 -2 0 2 -1 1 -2 0 2 -1 1 -2 0 2 -1 1 -2 0 2 -1 1 -2 0 2 -1 1 -2 0 2 -1 1 -2 0 2 -1 1 -2 0 2 -1 1 -2 0 2 -1 1 -2 0 2 -1 1 -2 0 2 -1 1 -2 0 2 -1 1 -2 0 2 -1 1 -2 0 2 -1 1 -2 0 2 -1 1 -2 0 2 -1 1 -2 0 2 -1 1 -2 0 2 -1 1 -2 0 2 -1 1 -2 0 2 -1 1 -2 0 2 -1 1 -2 0 2 -1 1 -2 0 2 -1 1 -2 0 2 -1 1 -2 0 2 -1 1 -2 0 2 -1 1 -2 0 2 -1 1 -2 0 2 -1 1 -2 0 2 -1 1 -2 0 2 -1 1 -2 0 2 -1
-2 1 -1 2 0 -2 1 -1 2 0 -2 1 -1 2 0 -2 1 -1 2 0 -2 1 -1 2 0 -2 1 -1 2 0 -2 1 -1 2 0 -2 1 -1 2 0 -2 1 -1 2 0 -2 1 -1 2 0 -2 1 -1 2 0 -2 1 -1 2 0 -2 1 -1 2 0 -2 1 -1 2 0 -2 1 -1 2 0 -2 1 -1 2 0 -2 1 -1 2 0 -2 1 -1 2 0 -2 1 -1 2 0 -2 1 -1 2 0 -2 1 -1 2 0 -2 1 -1 2 0 -2 1 -1 2 0 -2 1 -1 2 0 -2 1 -1 2 0 -2 1 -1 2 0 -2 1 -1 2 0 -2 1 -1 2 0 721 1 -1 2 0 -2 1 -1 2 0 -2 1 -1 2 0 -2 1 -1 2 0 -2 1 -1 2 0 -2 1 -1 2 0 -2 1 -1 2 0 -2 1 -1 2 0 -2 1 -1 2 0 -2 1 -1 2 0 -2 1 -1 2 0 -2 1 -1 2 0 -2 1 -1 2 0 -2 1 -1 2 0 -2 1 -1 2 0 -2 1 -1 2 0 -2 1 -1 2 0 -2 1 -1 2 0 -2 1 -1 2 0 -2 1 -1 2 0 -2 1 -1 2 0 -2 1 -1 2 0 -2 1 -1 2 0 -2 1 -1 2 0 -2 1 -1 2 0 -2 1 -1 2 0 -2 1 -1 2 0 -2 1 -1 2 0 -2 1 -1 2 0 -2 1 -1 2 0 -2 1 -1 2 0 -2 1 -1 2 0 -2 1 -1 2 0 -2 1 -1 2 0 -2 1 -1 2 0 -2 1 -1 2 0 -2 1 -1 2 0 -2 1 -1 2 0 -2 1 -1 2 0 -2 1 -1 2 0 -2 1 -1 2 0 -2 1 -1 2 0 -2 1 -1 2 0 -2 1 -1 2 0 -2 1 -1 2 0 -2 1 -1 2 0 -2 1 -1 2 0 -2 1 -1 2 0 -2 1 -1 2 0 -2 1 -1 2 0 -2 1 -1 2 0 -2 1 -1 2 0 -2 1 -1 2 0 -2 1 -1 2 0 -2 1 -1 2 0 -2 1 -1 2 0 -2 1 -1 2 0 -2 1 -1 2 0 -2 1 -1 2 0 -2 1 -1 2 0 -2 1 -1 2 0 -2 1 -1 2 0 -2 1 -1 2 0 -2 1 -1 2 0 -2 1 -1 2 0 -2 1 -1 2 0 -2 1 -1 2 0 -2 1 -1 2 0 -2 1 -1 2 0 -2 1 -1 2 0 -2 1 -1 2 0 -2 1 -1 2 0 -2 1 -1 2 0 -2 1 -1 2 0 -2 1 -1 2 0 -2 1 -1 2 0 -2 1 -1 2 0 -2 1 -1 2 0 -2 1 -1 2 0 -2 1 -1 2 0 -2 1 -1 2 0 -2 1 -1 2 0 -2 1 -1 2 0 -2 1 -1 2 0 -2 1 -1 2 0 -2 1 -1 2 0 -2 1 -1 2 0 -2 1 -1 2 0 -2 1 -1 2 0 -2 1 -1 2 0 -2 1 -1 2 0 -2 1 -1 2 0
0 -1 -2 2 1 0 -1 -2 2 1 0 -1 -2 2 1 0 -1 -2 2 1 0 -1 -2 2 1 0 -1 -2 2 1 0 -1 -2 2 1 0 -1 -2 2 1 0 -1 -2 2 1 0 -1 -2 2 1 0 -1 -2 2 1 0 -1 -2 2 1 0 -1 -2 2 1 0 -1 -2 2 1 0 -1 -2 2 1 0 -1 -2 2 1 0 -1 -2 2 1 0 -1 -2 2 1 0 -1 -2 2 1 0 -1 -2 2 1 0 -1 -2 2 1 0 -1 -2 2 1 0 -1 -2 2 1 0 -1 -2 2 1 0 -1 -2 2 1 0 -1 -2 2 1 0 -1 -2 2 1 0 -1 -2 2 1 0 722 -2 2 1 0 -1 -2 2 1 0 -1 -2 2 1 0 -1 -2 2 1 0 -1 -2 2 1 0 -1 -2 2 1 0 -1 -2 2 1 0 -1 -2 2 1 0 -1 -2 2 1 0 -1 -2 2 1 0 -1 -2 2 1 0 -1 -2 2 1 0 -1 -2 2 1 0 -1 -2 2 1 0 -1 -2 2 1 0 -1 -2 2 1 0 -1 -2 2 1 0 -1 -2 2 1 0 -1 -2 2 1 0 -1 -2 2 1 0 -1 -2 2 1 0 -1 -2 2 1 0 -1 -2 2 1 0 -1 -2 2 1 0 -1 -2 2 1 0 -1 -2 2 1 0 -1 -2 2 1 0 -1 -2 2 1 0 -1 -2 2 1 0 -1 -2 2 1 0 -1 -2 2 1 0 -1 -2 2 1 0 -1 -2 2 1 0 -1 -2 2 1 0 -1 -2 2 1 0 -1 -2 2 1 0 -1 -2 2 1 0 -1 -2 2 1 0 -1 -2 2 1 0 -1 -2 2 1 0 -1 -2 2 1 0 -1 -2 2 1 0 -1 -2 2 1 0 -1 -2 2 1 0 -1 -2 2 1 0 -1 -2 2 1 0 -1 -2 2 1 0 -1 -2 2 1 0 -1 -2 2 1 0 -1 -2 2 1 0 -1 -2 2 1 0 -1 -2 2 1 0 -1 -2 2 1 0 -1 -2 2 1 0 -1 -2 2 1 0 -1 -2 2 1 0 -1 -2 2 1 0 -1 -2 2 1 0 -1 -2 2 1 0 -1 -2 2 1 0 -1 -2 2 1 0 -1 -2 2 1 0 -1 -2 2 1 0 -1 -2 2 1 0 -1 -2 2 1 0 -1 -2 2 1 0 -1 -2 2 1 0 -1 -2 2 1 0 -1 -2 2 1 0 -1 -2 2 1 0 -1 -2 2 1 0 -1 -2 2 1 0 -1 -2 2 1 0 -1 -2 2 1 0 -1 -2 2 1 0 -1 -2 2 1 0 -1 -2 2 1 0 -1 -2 2 1 0 -1 -2 2 1 0 -1 -2 2 1 0 -1 -2 2 1 0 -1 -2 2 1 0 -1 -2 2 1 0 -1 -2 2 1 0 -1 -2 2 1 0 -1 -2 2 1 0 -1 -2 2 1 0 -1 -2 2 1 0 -1 -2 2 1 0 -1 -2 2 1 0 -1 -2 2 1 0 -1 -2 2 1
2 2 2 2 2 2 2 2 2 2 2 2 2 2 2 2 2 2 2 2 2 2 2 2 2 2 2 2 2 2 2 2 2 2 2 2 2 2 2 2 2 2 2 2 2 2 2 2 2 2 2 2 2 2 2 2 2 2 2 2 2 2 2 2 2 2 2 2 2 2 2 2 2 2 2 2 2 2 2 2 2 2 2 2 2 2 2 2 2 2 2 2 2 2 2 2 2 2 2 2 2 2 2 2 2 2 2 2 2 2 2 2 2 2 2 2 2 2 2 2 2 2 2 2 2 2 2 2 2 2 2 2 2 2 2 2 2 2 2 2 2 2 1201 2 2 2 2 2 2 2 2 2 2 2 2 2 2 2 2 2 2 2 2 2 2 2 2 2 2 2 2 2 2 2 2 2 2 2 2 2 2 2 2 2 2 2 2 2 2 2 2 2 2 2 2 2 2 2 2 2 2 2 2 2 2 2 2 2 2 2 2 2 2 2 2 2 2 2 2 2 2 2 2 2 2 2 2 2 2 2 2 2 2 2 2 2 2 2 2 2 2 2 2 2 2 2 2 2 2 2 2 2 2 2 2 2 2 2 2 2 2 2 2 2 2 2 2 2 2 2 2 2 2 2 2 2 2 2 2 2 2 2 2 2 2 2 2 2 2 2 2 2 2 2 2 2 2 2 2 2 2 2 2 2 2 2 2 2 2 2 2 2 2 2 2 2 2 2 2 2 2 2 2 2 2 2 2 2 2 2 2 2 2 2 2 2 2 2 2 2 2 2 2 2 2 2 2 2 2 2 2 2 2 2 2 2 2 2 2 2 2 2 2 2 2 2 2 2 2 2 2 2 2 2 2 2 2 2 2 2 2 2 2 2 2 2 2 2 2 2 2 2 2 2 2 2 2 2 2 2 2 2 2 2 2 2 2 2 2 2 2 2 2 2 2 2 2 2 2 2 2 2 2 2 2 2 2 2 2 2 2 2 2 2 2 2 2 2 2 2 2 2 2 2 2 2 2 2 2 2 2 2 2 2 2 2 2 2 2 2 2 2 2 2 2 2 2 2 2 2 2 2 2 2 2 2 2 2 2 2 2 2 2 2 2 2 2 2 2 2 2 2 2 2 2 2 2 2 2 2 2 2 2 2 2 2 2 2 2 2 2 2 2 2 2 2 2 2 2 2 2 2 2 2 2 2 2 2 2 2 2 2 2 2 2 2 2 2 2 2 2 2 2 2 2 2 2 2 2 2 2 2 2 2 2 2 2 2 2 2 2 2 2 2 2 2 2 2 2 2 2 2 2 2 2 2 2 2 2 2 2 2 2 2 2 2 2 2 2 2 2 2 2 2 2 2 2 2 2 2
-1 0 1 2 -2 -1 0 1 2 -2 -1 0 1 2 -2 -1 0 1 2 -2 -1 0 1 2 -2 -1 0 1 2 -2 -1 0 1 2 -2 -1 0 1 2 -2 -1 0 1 2 -2 -1 0 1 2 -2 -1 0 1 2 -2 -1 0 1 2 -2 -1 0 1 2 -2 -1 0 1 2 -2 -1 0 1 2 -2 -1 0 1 2 -2 -1 0 1 2 -2 -1 0 1 2 -2 -1 0 1 2 -2 -1 0 1 2 -2 -1 0 1 2 -2 -1 0 1 2 -2 -1 0 1 2 -2 -1 0 1 2 -2 -1 0 1 2 -2 -1 0 1 2 -2 -1 0 1 2 -2 -1 0 1 2 -2 -1 0 1 721 -2 -1 0 1 2 -2 -1 0 1 2 -2 -1 0 1 2 -2 -1 0 1 2 -2 -1 0 1 2 -2 -1 0 1 2 -2 -1 0 1 2 -2 -1 0 1 2 -2 -1 0 1 2 -2 -1 0 1 2 -2 -1 0 1 2 -2 -1 0 1 2 -2 -1 0 1 2 -2 -1 0 1 2 -2 -1 0 1 2 -2 -1 0 1 2 -2 -1 0 1 2 -2 -1 0 1 2 -2 -1 0 1 2 -2 -1 0 1 2 -2 -1 0 1 2 -2 -1 0 1 2 -2 -1 0 1 2 -2 -1 0 1 2 -2 -1 0 1 2 -2 -1 0 1 2 -2 -1 0 1 2 -2 -1 0 1 2 -2 -1 0 1 2 -2 -1 0 1 2 -2 -1 0 1 2 -2 -1 0 1 2 -2 -1 0 1 2 -2 -1 0 1 2 -2 -1 0 1 2 -2 -1 0 1 2 -2 -1 0 1 2 -2 -1 0 1 2 -2 -1 0 1 2 -2 -1 0 1 2 -2 -1 0 1 2 -2 -1 0 1 2 -2 -1 0 1 2 -2 -1 0 1 2 -2 -1 0 1 2 -2 -1 0 1 2 -2 -1 0 1 2 -2 -1 0 1 2 -2 -1 0 1 2 -2 -1 0 1 2 -2 -1 0 1 2 -2 -1 0 1 2 -2 -1 0 1 2 -2 -1 0 1 2 -2 -1 0 1 2 -2 -1 0 1 2 -2 -1 0 1 2 -2 -1 0 1 2 -2 -1 0 1 2 -2 -1 0 1 2 -2 -1 0 1 2 -2 -1 0 1 2 -2 -1 0 1 2 -2 -1 0 1 2 -2 -1 0 1 2 -2 -1 0 1 2 -2 -1 0 1 2 -2 -1 0 1 2 -2 -1 0 1 2 -2 -1 0 1 2 -2 -1 0 1 2 -2 -1 0 1 2 -2 -1 0 1 2 -2 -1 0 1 2 -2 -1 0 1 2 -2 -1 0 1 2 -2 -1 0 1 2 -2 -1 0 1 2 -2 -1 0 1 2 -2 -1 0 1 2 -2 -1 0 1 2 -2 -1 0 1 2 -2 -1 0 1 2 -2 -1 0 1 2 -2 -1 0 1 2 -2 -1 0 1 2 -2 -1 0 1 2 -2 -1 0 1 2 -2 -1 0 1 2 -2 -1 0 1 2 -2 -1 0 1 2 -2
1 -2 0 2 -1 1 -2 0 2 -1 1 -2 0 2 -1 1 -2 0 2 -1 1 -2 0 2 -1 1 -2 0 2 -1 1 -2 0 2 -1 1 -2 0 2 -1 1 -2 0 2 -1 1 -2 0 2 -1 1 -2 0 2 -1 1 -2 0 2 -1 1 -2 0 2 -1 1 -2 0 2 -1 1 -2 0 2 -1 1 -2 0 2 -1 1 -2 0 2 -1 1 -2 0 2 -1 1 -2 0 2 -1 1 -2 0 2 -1 1 -2 0 2 -1 1 -2 0 2 -1 1 -2 0 2 -1 1 -2 0 2 -1 1 -2 0 2 -1 1 -2 0 2 -1 1 -2 0 2 -1 1 -2 0 2 -1 1 -2 0 2 722 1 -2 0 2 -1 1 -2 0 2 -1 1 -2 0 2 -1 1 -2 0 2 -1 1 -2 0 2 -1 1 -2 0 2 -1 1 -2 0 2 -1 1 -2 0 2 -1 1 -2 0 2 -1 1 -2 0 2 -1 1 -2 0 2 -1 1 -2 0 2 -1 1 -2 0 2 -1 1 -2 0 2 -1 1 -2 0 2 -1 1 -2 0 2 -1 1 -2 0 2 -1 1 -2 0 2 -1 1 -2 0 2 -1 1 -2 0 2 -1 1 -2 0 2 -1 1 -2 0 2 -1 1 -2 0 2 -1 1 -2 0 2 -1 1 -2 0 2 -1 1 -2 0 2 -1 1 -2 0 2 -1 1 -2 0 2 -1 1 -2 0 2 -1 1 -2 0 2 -1 1 -2 0 2 -1 1 -2 0 2 -1 1 -2 0 2 -1 1 -2 0 2 -1 1 -2 0 2 -1 1 -2 0 2 -1 1 -2 0 2 -1 1 -2 0 2 -1 1 -2 0 2 -1 1 -2 0 2 -1 1 -2 0 2 -1 1 -2 0 2 -1 1 -2 0 2 -1 1 -2 0 2 -1 1 -2 0 2 -1 1 -2 0 2 -1 1 -2 0 2 -1 1 -2 0 2 -1 1 -2 0 2 -1 1 -2 0 2 -1 1 -2 0 2 -1 1 -2 0 2 -1 1 -2 0 2 -1 1 -2 0 2 -1 1 -2 0 2 -1 1 -2 0 2 -1 1 -2 0 2 -1 1 -2 0 2 -1 1 -2 0 2 -1 1 -2 0 2 -1 1 -2 0 2 -1 1 -2 0 2 -1 1 -2 0 2 -1 1 -2 0 2 -1 1 -2 0 2 -1 1 -2 0 2 -1 1 -2 0 2 -1 1 -2 0 2 -1 1 -2 0 2 -1 1 -2 0 2 -1 1 -2 0 2 -1 1 -2 0 2 -1 1 -2 0 2 -1 1 -2 0 2 -1 1 -2 0 2 -1 1 -2 0 2 -1 1 -2 0 2 -1 1 -2 0 2 -1 1 -2 0 2 -1 1 -2 0 2 -1 1 -2 0 2 -1 1 -2 0 2 -1 1 -2 0 2 -1 1 -2 0 2 -1 1 -2 0 2 -1 1 -2 0 2 -1 1 -2 0 2 -1 1 -2 0 2 -1 1 -2 0 2 -1 1 -2 0 2 -1 1 -2 0 2 -1
-2 1 -1 2 0 -2 1 -1 2 0 -2 1 -1 2 0 -2 1 -1 2 0 -2 1 -1 2 0 -2 1 -1 2 0 -2 1 -1 2 0 -2 1 -1 2 0 -2 1 -1 2 0 -2 1 -1 2 0 -2 1 -1 2 0 -2 1 -1 2 0 -2 1 -1 2 0 -2 1 -1 2 0 -2 1 -1 2 0 -2 1 -1 2 0 -2 1 -1 2 0 -2 1 -1 2 0 -2 1 -1 2 0 -2 1 -1 2 0 -2 1 -1 2 0 -2 1 -1 2 0 -2 1 -1 2 0 -2 1 -1 2 0 -2 1 -1 2 0 -2 1 -1 2 0 -2 1 -1 2 0 -2 1 -1 2 0 -2 1 -1 2 0 721 1 -1 2 0 -2 1 -1 2 0 -2 1 -1 2 0 -2 1 -1 2 0 -2 1 -1 2 0 -2 1 -1 2 0 -2 1 -1 2 0 -2 1 -1 2 0 -2 1 -1 2 0 -2 1 -1 2 0 -2 1 -1 2 0 -2 1 -1 2 0 -2 1 -1 2 0 -2 1 -1 2 0 -2 1 -1 2 0 -2 1 -1 2 0 -2 1 -1 2 0 -2 1 -1 2 0 -2 1 -1 2 0 -2 1 -1 2 0 -2 1 -1 2 0 -2 1 -1 2 0 -2 1 -1 2 0 -2 1 -1 2 0 -2 1 -1 2 0 -2 1 -1 2 0 -2 1 -1 2 0 -2 1 -1 2 0 -2 1 -1 2 0 -2 1 -1 2 0 -2 1 -1 2 0 -2 1 -1 2 0 -2 1 -1 2 0 -2 1 -1 2 0 -2 1 -1 2 0 -2 1 -1 2 0 -2 1 -1 2 0 -2 1 -1 2 0 -2 1 -1 2 0 -2 1 -1 2 0 -2 1 -1 2 0 -2 1 -1 2 0 -2 1 -1 2 0 -2 1 -1 2 0 -2 1 -1 2 0 -2 1 -1 2 0 -2 1 -1 2 0 -2 1 -1 2 0 -2 1 -1 2 0 -2 1 -1 2 0 -2 1 -1 2 0 -2 1 -1 2 0 -2 1 -1 2 0 -2 1 -1 2 0 -2 1 -1 2 0 -2 1 -1 2 0 -2 1 -1 2 0 -2 1 -1 2 0 -2 1 -1 2 0 -2 1 -1 2 0 -2 1 -1 2 0 -2 1 -1 2 0 -2 1 -1 2 0 -2 1 -1 2 0 -2 1 -1 2 0 -2 1 -1 2 0 -2 1 -1 2 0 -2 1 -1 2 0 -2 1 -1 2 0 -2 1 -1 2 0 -2 1 -1 2 0 -2 1 -1 2 0 -2 1 -1 2 0 -2 1 -1 2 0 -2 1 -1 2 0 -2 1 -1 2 0 -2 1 -1 2 0 -2 1 -1 2 0 -2 1 -1 2 0 -2 1 -1 2 0 -2 1 -1 2 0 -2 1 -1 2 0 -2 1 -1 2 0 -2 1 -1 2 0 -2 1 -1 2 0 -2 1 -1 2 0 -2 1 -1 2 0 -2 1 -1 2 0 -2 1 -1 2 0 -2 1 -1 2 0 -2 1 -1 2 0
0 -1 -2 2 1 0 -1 -2 2 1 0 -1 -2 2 1 0 -1 -2 2 1 0 -1 -2 2 1 0 -1 -2 2 1 0 -1 -2 2 1 0 -1 -2 2 1 0 -1 -2 2 1 0 -1 -2 2 1 0 -1 -2 2 1 0 -1 -2 2 1 0 -1 -2 2 1 0 -1 -2 2 1 0 -1 -2 2 1 0 -1 -2 2 1 0 -1 -2 2 1 0 -1 -2 2 1 0 -1 -2 2 1 0 -1 -2 2 1 0 -1 -2 2 1 0 -1 -2 2 1 0 -1 -2 2 1 0 -1 -2 2 1 0 -1 -2 2 1 0 -1 -2 2 1 0 -1 -2 2 1 0 -1 -2 2 1 0 -1 -2 2 1 0 722 -2 2 1 0 -1 -2 2 1 0 -1 -2 2 1 0 -1 -2 2 1 0 -1 -2 2 1 0 -1 -2 2 1 0 -1 -2 2 1 0 -1 -2 2 1 0 -1 -2 2 1 0 -1 -2 2 1 0 -1 -2 2 1 0 -1 -2 2 1 0 -1 -2 2 1 0 -1 -2 2 1 0 -1 -2 2 1 0 -1 -2 2 1 0 -1 -2 2 1 0 -1 -2 2 1 0 -1 -2 2 1 0 -1 -2 2 1 0 -1 -2 2 1 0 -1 -2 2 1 0 -1 -2 2 1 0 -1 -2 2 1 0 -1 -2 2 1 0 -1 -2 2 1 0 -1 -2 2 1 0 -1 -2 2 1 0 -1 -2 2 1 0 -1 -2 2 1 0 -1 -2 2 1 0 -1 -2 2 1 0 -1 -2 2 1 0 -1 -2 2 1 0 -1 -2 2 1 0 -1 -2 2 1 0 -1 -2 2 1 0 -1 -2 2 1 0 -1 -2 2 1 0 -1 -2 2 1 0 -1 -2 2 1 0 -1 -2 2 1 0 -1 -2 2 1 0 -1 -2 2 1 0 -1 -2 2 1 0 -1 -2 2 1 0 -1 -2 2 1 0 -1 -2 2 1 0 -1 -2 2 1 0 -1 -2 2 1 0 -1 -2 2 1 0 -1 -2 2 1 0 -1 -2 2 1 0 -1 -2 2 1 0 -1 -2 2 1 0 -1 -2 2 1 0 -1 -2 2 1 0 -1 -2 2 1 0 -1 -2 2 1 0 -1 -2 2 1 0 -1 -2 2 1 0 -1 -2 2 1 0 -1 -2 2 1 0 -1 -2 2 1 0 -1 -2 2 1 0 -1 -2 2 1 0 -1 -2 2 1 0 -1 -2 2 1 0 -1 -2 2 1 0 -1 -2 2 1 0 -1 -2 2 1 0 -1 -2 2 1 0 -1 -2 2 1 0 -1 -2 2 1 0 -1 -2 2 1 0 -1 -2 2 1 0 -1 -2 2 1 0 -1 -2 2 1 0 -1 -2 2 1 0 -1 -2 2 1 0 -1 -2 2 1 0 -1 -2 2 1 0 -1 -2 2 1 0 -1 -2 2 1 0 -1 -2 2 1 0 -1 -2 2 1 0 -1 -2 2 1 0 -1 -2 2 1 0 -1 -2 2 1 0 -1 -2 2 1 0 -1 -2 2 1
2 2 2 2 2 2 2 2 2 2 2 2 2 2 2 2 2 2 2 2 2 2 2 2 2 2 2 2 2 2 2 2 2 2 2 2 2 2 2 2 2 2 2 2 2 2 2 2 2 2 2 2 2 2 2 2 2 2 2 2 2 2 2 2 2 2 2 2 2 2 2 2 2 2 2 2 2 2 2 2 2 2 2 2 2 2 2 2 2 2 2 2 2 2 2 2 2 2 2 2 2 2 2 2 2 2 2 2 2 2 2 2 2 2 2 2 2 2 2 2 2 2 2 2 2 2 2 2 2 2 2 2 2 2 2 2 2 2 2 2 2 2 2 2 2 2 2 1201 2 2 2 2 2 2 2 2 2 2 2 2 2 2 2 2 2 2 2 2 2 2 2 2 2 2 2 2 2 2 2 2 2 2 2 2 2 2 2 2 2 2 2 2 2 2 2 2 2 2 2 2 2 2 2 2 2 2 2 2 2 2 2 2 2 2 2 2 2 2 2 2 2 2 2 2 2 2 2 2 2 2 2 2 2 2 2 2 2 2 2 2 2 2 2 2 2 2 2 2 2 2 2 2 2 2 2 2 2 2 2 2 2 2 2 2 2 2 2 2 2 2 2 2 2 2 2 2 2 2 2 2 2 2 2 2 2 2 2 2 2 2 2 2 2 2 2 2 2 2 2 2 2 2 2 2 2 2 2 2 2 2 2 2 2 2 2 2 2 2 2 2 2 2 2 2 2 2 2 2 2 2 2 2 2 2 2 2 2 2 2 2 2 2 2 2 2 2 2 2 2 2 2 2 2 2 2 2 2 2 2 2 2 2 2 2 2 2 2 2 2 2 2 2 2 2 2 2 2 2 2 2 2 2 2 2 2 2 2 2 2 2 2 2 2 2 2 2 2 2 2 2 2 2 2 2 2 2 2 2 2 2 2 2 2 2 2 2 2 2 2 2 2 2 2 2 2 2 2 2 2 2 2 2 2 2 2 2 2 2 2 2 2 2 2 2 2 2 2 2 2 2 2 2 2 2 2 2 2 2 2 2 2 2 2 2 2 2 2 2 2 2 2 2 2 2 2 2 2 2 2 2 2 2 2 2 2 2 2 2 2 2 2 2 2 2 2 2 2 2 2 2 2 2 2 2 2 2 2 2 2 2 2 2 2 2 2 2 2 2 2 2 2 2 2 2 2 2 2 2 2 2 2 2 2 2 2 2 2 2 2 2 2 2 2 2 2 2 2 2 2 2 2 2 2 2 2 2 2 2 2 2 2 2 2 2 2 2 2 2 2 2 2 2 2 2 2 2 2 2 2 2 2 2 2 2 2 2 2 2 2 2 2 2 2 2 2 2 2 2 2 2
-1 0 1 2 -2 -1 0 1 2 -2 -1 0 1 2 -2 -1 0 1 2 -2 -1 0 1 2 -2 -1 0 1 2 -2 -1 0 1 2 -2 -1 0 1 2 -2 -1 0 1 2 -2 -1 0 1 2 -2 -1 0 1 2 -2 -1 0 1 2 -2 -1 0 1 2 -2 -1 0 1 2 -2 -1 0 1 2 -2 -1 0 1 2 -2 -1 0 1 2 -2 -1 0 1 2 -2 -1 0 1 2 -2 -1 0 1 2 -2 -1 0 1 2 -2 -1 0 1 2 -2 -1 0 1 2 -2 -1 0 1 2 -2 -1 0 1 2 -2 -1 0 1 2 -2 -1 0 1 2 -2 -1 0 1 2 -2 -1 0 1 2 -2 -1 0 1 721 -2 -1 0 1 2 -2 -1 0 1 2 -2 -1 0 1 2 -2 -1 0 1 2 -2 -1 0 1 2 -2 -1 0 1 2 -2 -1 0 1 2 -2 -1 0 1 2 -2 -1 0 1 2 -2 -1 0 1 2 -2 -1 0 1 2 -2 -1 0 1 2 -2 -1 0 1 2 -2 -1 0 1 2 -2 -1 0 1 2 -2 -1 0 1 2 -2 -1 0 1 2 -2 -1 0 1 2 -2 -1 0 1 2 -2 -1 0 1 2 -2 -1 0 1 2 -2 -1 0 1 2 -2 -1 0 1 2 -2 -1 0 1 2 -2 -1 0 1 2 -2 -1 0 1 2 -2 -1 0 1 2 -2 -1 0 1 2 -2 -1 0 1 2 -2 -1 0 1 2 -2 -1 0 1 2 -2 -1 0 1 2 -2 -1 0 1 2 -2 -1 0 1 2 -2 -1 0 1 2 -2 -1 0 1 2 -2 -1 0 1 2 -2 -1 0 1 2 -2 -1 0 1 2 -2 -1 0 1 2 -2 -1 0 1 2 -2 -1 0 1 2 -2 -1 0 1 2 -2 -1 0 1 2 -2 -1 0 1 2 -2 -1 0 1 2 -2 -1 0 1 2 -2 -1 0 1 2 -2 -1 0 1 2 -2 -1 0 1 2 -2 -1 0 1 2 -2 -1 0 1 2 -2 -1 0 1 2 -2 -1 0 1 2 -2 -1 0 1 2 -2 -1 0 1 2 -2 -1 0 1 2 -2 -1 0 1 2 -2 -1 0 1 2 -2 -1 0 1 2 -2 -1 0 1 2 -2 -1 0 1 2 -2 -1 0 1 2 -2 -1 0 1 2 -2 -1 0 1 2 -2 -1 0 1 2 -2 -1 0 1 2 -2 -1 0 1 2 -2 -1 0 1 2 -2 -1 0 1 2 -2 -1 0 1 2 -2 -1 0 1 2 -2 -1 0 1 2 -2 -1 0 1 2 -2 -1 0 1 2 -2 -1 0 1 2 -2 -1 0 1 2 -2 -1 0 1 2 -2 -1 0 1 2 -2 -1 0 1 2 -2 -1 0 1 2 -2 -1 0 1 2 -2 -1 0 1 2 -2 -1 0 1 2 -2 -1 0 1 2 -2 -1 0 1 2 -2 -1 0 1 2 -2 -1 0 1 2 -2 -1 0 1 2 -2 -1 0 1 2 -2
1 -2 0 2 -1 1 -2 0 2 -1 1 -2 0 2 -1 1 -2 0 2 -1 1 -2 0 2 -1 1 -2 0 2 -1 1 -2 0 2 -1 1 -2 0 2 -1 1 -2 0 2 -1 1 -2 0 2 -1 1 -2 0 2 -1 1 -2 0 2 -1 1 -2 0 2 -1 1 -2 0 2 -1 1 -2 0 2 -1 1 -2 0 2 -1 1 -2 0 2 -1 1 -2 0 2 -1 1 -2 0 2 -1 1 -2 0 2 -1 1 -2 0 2 -1 1 -2 0 2 -1 1 -2 0 2 -1 1 -2 0 2 -1 1 -2 0 2 -1 1 -2 0 2 -1 1 -2 0 2 -1 1 -2 0 2 -1 1 -2 0 2 -1 1 -2 0 2 722 1 -2 0 2 -1 1 -2 0 2 -1 1 -2 0 2 -1 1 -2 0 2 -1 1 -2 0 2 -1 1 -2 0 2 -1 1 -2 0 2 -1 1 -2 0 2 -1 1 -2 0 2 -1 1 -2 0 2 -1 1 -2 0 2 -1 1 -2 0 2 -1 1 -2 0 2 -1 1 -2 0 2 -1 1 -2 0 2 -1 1 -2 0 2 -1 1 -2 0 2 -1 1 -2 0 2 -1 1 -2 0 2 -1 1 -2 0 2 -1 1 -2 0 2 -1 1 -2 0 2 -1 1 -2 0 2 -1 1 -2 0 2 -1 1 -2 0 2 -1 1 -2 0 2 -1 1 -2 0 2 -1 1 -2 0 2 -1 1 -2 0 2 -1 1 -2 0 2 -1 1 -2 0 2 -1 1 -2 0 2 -1 1 -2 0 2 -1 1 -2 0 2 -1 1 -2 0 2 -1 1 -2 0 2 -1 1 -2 0 2 -1 1 -2 0 2 -1 1 -2 0 2 -1 1 -2 0 2 -1 1 -2 0 2 -1 1 -2 0 2 -1 1 -2 0 2 -1 1 -2 0 2 -1 1 -2 0 2 -1 1 -2 0 2 -1 1 -2 0 2 -1 1 -2 0 2 -1 1 -2 0 2 -1 1 -2 0 2 -1 1 -2 0 2 -1 1 -2 0 2 -1 1 -2 0 2 -1 1 -2 0 2 -1 1 -2 0 2 -1 1 -2 0 2 -1 1 -2 0 2 -1 1 -2 0 2 -1 1 -2 0 2 -1 1 -2 0 2 -1 1 -2 0 2 -1 1 -2 0 2 -1 1 -2 0 2 -1 1 -2 0 2 -1 1 -2 0 2 -1 1 -2 0 2 -1 1 -2 0 2 -1 1 -2 0 2 -1 1 -2 0 2 -1 1 -2 0 2 -1 1 -2 0 2 -1 1 -2 0 2 -1 1 -2 0 2 -1 1 -2 0 2 -1 1 -2 0 2 -1 1 -2 0 2 -1 1 -2 0 2 -1 1 -2 0 2 -1 1 -2 0 2 -1 1 -2 0 2 -1 1 -2 0 2 -1 1 -2 0 2 -1 1 -2 0 2 -1 1 -2 0 2 -1 1 -2 0 2 -1 1 -2 0 2 -1 1 -2 0 2 -1 1 -2 0 2 -1 1 -2 0 2 -1 1 -2 0 2 -1
-2 1 -1 2 0 -2 1 -1 2 0 -2 1 -1 2 0 -2 1 -1 2 0 -2 1 -1 2 0 -2 1 -1 2 0 -2 1 -1 2 0 -2 1 -1 2 0 -2 1 -1 2 0 -2 1 -1 2 0 -2 1 -1 2 0 -2 1 -1 2 0 -2 1 -1 2 0 -2 1 -1 2 0 -2 1 -1 2 0 -2 1 -1 2 0 -2 1 -1 2 0 -2 1 -1 2 0 -2 1 -1 2 0 -2 1 -1 2 0 -2 1 -1 2 0 -2 1 -1 2 0 -2 1 -1 2 0 -2 1 -1 2 0 -2 1 -1 2 0 -2 1 -1 2 0 -2 1 -1 2 0 -2 1 -1 2 0 -2 1 -1 2 0 -2 1 -1 2 0 721 1 -1 2 0 -2 1 -1 2 0 -2 1 -1 2 0 -2 1 -1 2 0 -2 1 -1 2 0 -2 1 -1 2 0 -2 1 -1 2 0 -2 1 -1 2 0 -2 1 -1 2 0 -2 1 -1 2 0 -2 1 -1 2 0 -2 1 -1 2 0 -2 1 -1 2 0 -2 1 -1 2 0 -2 1 -1 2 0 -2 1 -1 2 0 -2 1 -1 2 0 -2 1 -1 2 0 -2 1 -1 2 0 -2 1 -1 2 0 -2 1 -1 2 0 -2 1 -1 2 0 -2 1 -1 2 0 -2 1 -1 2 0 -2 1 -1 2 0 -2 1 -1 2 0 -2 1 -1 2 0 -2 1 -1 2 0 -2 1 -1 2 0 -2 1 -1 2 0 -2 1 -1 2 0 -2 1 -1 2 0 -2 1 -1 2 0 -2 1 -1 2 0 -2 1 -1 2 0 -2 1 -1 2 0 -2 1 -1 2 0 -2 1 -1 2 0 -2 1 -1 2 0 -2 1 -1 2 0 -2 1 -1 2 0 -2 1 -1 2 0 -2 1 -1 2 0 -2 1 -1 2 0 -2 1 -1 2 0 -2 1 -1 2 0 -2 1 -1 2 0 -2 1 -1 2 0 -2 1 -1 2 0 -2 1 -1 2 0 -2 1 -1 2 0 -2 1 -1 2 0 -2 1 -1 2 0 -2 1 -1 2 0 -2 1 -1 2 0 -2 1 -1 2 0 -2 1 -1 2 0 -2 1 -1 2 0 -2 1 -1 2 0 -2 1 -1 2 0 -2 1 -1 2 0 -2 1 -1 2 0 -2 1 -1 2 0 -2 1 -1 2 0 -2 1 -1 2 0 -2 1 -1 2 0 -2 1 -1 2 0 -2 1 -1 2 0 -2 1 -1 2 0 -2 1 -1 2 0 -2 1 -1 2 0 -2 1 -1 2 0 -2 1 -1 2 0 -2 1 -1 2 0 -2 1 -1 2 0 -2 1 -1 2 0 -2 1 -1 2 0 -2 1 -1 2 0 -2 1 -1 2 0 -2 1 -1 2 0 -2 1 -1 2 0 -2 1 -1 2 0 -2 1 -1 2 0 -2 1 -1 2 0 -2 1 -1 2 0 -2 1 -1 2 0 -2 1 -1 2 0 -2 1 -1 2 0 -2 1 -1 2 0 -2 1 -1 2 0
0 -1 -2 2 1 0 -1 -2 2 1 0 -1 -2 2 1 0 -1 -2 2 1 0 -1 -2 2 1 0 -1 -2 2 1 0 -1 -2 2 1 0 -1 -2 2 1 0 -1 -2 2 1 0 -1 -2 2 1 0 -1 -2 2 1 0 -1 -2 2 1 0 -1 -2 2 1 0 -1 -2 2 1 0 -1 -2 2 1 0 -1 -2 2 1 0 -1 -2 2 1 0 -1 -2 2 1 0 -1 -2 2 1 0 -1 -2 2 1 0 -1 -2 2 1 0 -1 -2 2 1 0 -1 -2 2 1 0 -1 -2 2 1 0 -1 -2 2 1 0 -1 -2 2 1 0 -1 -2 2 1 0 -1 -2 2 1 0 -1 -2 2 1 0 -1 -2 2 1 0 722 -2 2 1 0 -1 -2 2 1 0 -1 -2 2 1 0 -1 -2 2 1 0 -1 -2 2 1 0 -1 -2 2 1 0 -1 -2 2 1 0 -1 -2 2 1 0 -1 -2 2 1 0 -1 -2 2 1 0 -1 -2 2 1 0 -1 -2 2 1 0 -1 -2 2 1 0 -1 -2 2 1 0 -1 -2 2 1 0 -1 -2 2 1 0 -1 -2 2 1 0 -1 -2 2 1 0 -1 -2 2 1 0 -1 -2 2 1 0 -1 -2 2 1 0 -1 -2 2 1 0 -1 -2 2 1 0 -1 -2 2 1 0 -1 -2 2 1 0 -1 -2 2 1 0 -1 -2 2 1 0 -1 -2 2 1 0 -1 -2 2 1 0 -1 -2 2 1 0 -1 -2 2 1 0 -1 -2 2 1 0 -1 -2 2 1 0 -1 -2 2 1 0 -1 -2 2 1 0 -1 -2 2 1 0 -1 -2 2 1 0 -1 -2 2 1 0 -1 -2 2 1 0 -1 -2 2 1 0 -1 -2 2 1 0 -1 -2 2 1 0 -1 -2 2 1 0 -1 -2 2 1 0 -1 -2 2 1 0 -1 -2 2 1 0 -1 -2 2 1 0 -1 -2 2 1 0 -1 -2 2 1 0 -1 -2 2 1 0 -1 -2 2 1 0 -1 -2 2 1 0 -1 -2 2 1 0 -1 -2 2 1 0 -1 -2 2 1 0 -1 -2 2 1 0 -1 -2 2 1 0 -1 -2 2 1 0 -1 -2 2 1 0 -1 -2 2 1 0 -1 -2 2 1 0 -1 -2 2 1 0 -1 -2 2 1 0 -1 -2 2 1 0 -1 -2 2 1 0 -1 -2 2 1 0 -1 -2 2 1 0 -1 -2 2 1 0 -1 -2 2 1 0 -1 -2 2 1 0 -1 -2 2 1 0 -1 -2 2 1 0 -1 -2 2 1 0 -1 -2 2 1 0 -1 -2 2 1 0 -1 -2 2 1 0 -1 -2 2 1 0 -1 -2 2 1 0 -1 -2 2 1 0 -1 -2 2 1 0 -1 -2 2 1 0 -1 -2 2 1 0 -1 -2 2 1 0 -1 -2 2 1 0 -1 -2 2 1 0 -1 -2 2 1 0 -1 -2 2 1 0 -1 -2 2 1 0 -1 -2 2 1 0 -1 -2 2 1
2 2 2 2 2 2 2 2 2 2 2 2 2 2 2 2 2 2 2 2 2 2 2 2 2 2 2 2 2 2 2 2 2 2 2 2 2 2 2 2 2 2 2 2 2 2 2 2 2 2 2 2 2 2 2 2 2 2 2 2 2 2 2 2 2 2 2 2 2 2 2 2 2 2 2 2 2 2 2 2 2 2 2 2 2 2 2 2 2 2 2 2 2 2 2 2 2 2 2 2 2 2 2 2 2 2 2 2 2 2 2 2 2 2 2 2 2 2 2 2 2 2 2 2 2 2 2 2 2 2 2 2 2 2 2 2 2 2 2 2 2 2 2 2 2 2 2 2 2 2 2 2 1201 2 2 2 2 2 2 2 2 2 2 2 2 2 2 2 2 2 2 2 2 2 2 2 2 2 2 2 2 2 2 2 2 2 2 2 2 2 2 2 2 2 2 2 2 2 2 2 2 2 2 2 2 2 2 2 2 2 2 2 2 2 2 2 2 2 2 2 2 2 2 2 2 2 2 2 2 2 2 2 2 2 2 2 2 2 2 2 2 2 2 2 2 2 2 2 2 2 2 2 2 2 2 2 2 2 2 2 2 2 2 2 2 2 2 2 2 2 2 2 2 2 2 2 2 2 2 2 2 2 2 2 2 2 2 2 2 2 2 2 2 2 2 2 2 2 2 2 2 2 2 2 2 2 2 2 2 2 2 2 2 2 2 2 2 2 2 2 2 2 2 2 2 2 2 2 2 2 2 2 2 2 2 2 2 2 2 2 2 2 2 2 2 2 2 2 2 2 2 2 2 2 2 2 2 2 2 2 2 2 2 2 2 2 2 2 2 2 2 2 2 2 2 2 2 2 2 2 2 2 2 2 2 2 2 2 2 2 2 2 2 2 2 2 2 2 2 2 2 2 2 2 2 2 2 2 2 2 2 2 2 2 2 2 2 2 2 2 2 2 2 2 2 2 2 2 2 2 2 2 2 2 2 2 2 2 2 2 2 2 2 2 2 2 2 2 2 2 2 2 2 2 2 2 2 2 2 2 2 2 2 2 2 2 2 2 2 2 2 2 2 2 2 2 2 2 2 2 2 2 2 2 2 2 2 2 2 2 2 2 2 2 2 2 2 2 2 2 2 2 2 2 2 2 2 2 2 2 2 2 2 2 2 2 2 2 2 2 2 2 2 2 2 2 2 2 2 2 2 2 2 2 2 2 2 2 2 2 2 2 2 2 2 2 2 2 2 2 2 2 2 2 2 2 2 2 2 2 2 2 2 2 2 2 2 2 2 2 2 2 2 2 2 2 2 2 2 2 2 2 2 2 2 2 2 2 2 2 2 2 2 2 2 2 2 2 2 2
-1 0 1 2 -2 -1 0 1 2 -2 -1 0 1 2 -2 -1 0 1 2 -2 -1 0 1 2 -2 -1 0 1 2 -2 -1 0 1 2 -2 -1 0 1 2 -2 -1 0 1 2 -2 -1 0 1 2 -2 -1 0 1 2 -2 -1 0 1 2 -2 -1 0 1 2 -2 -1 0 1 2 -2 -1 0 1 2 -2 -1 0 1 2 -2 -1 0 1 2 -2 -1 0 1 2 -2 -1 0 1 2 -2 -1 0 1 2 -2 -1 0 1 2 -2 -1 0 1 2 -2 -1 0 1 2 -2 -1 0 1 2 -2 -1 0 1 2 -2 -1 0 1 2 -2 -1 0 1 2 -2 -1 0 1 2 -2 -1 0 1 2 -2 -1 0 1 2 -2 -1 0 1 721 -2 -1 0 1 2 -2 -1 0 1 2 -2 -1 0 1 2 -2 -1 0 1 2 -2 -1 0 1 2 -2 -1 0 1 2 -2 -1 0 1 2 -2 -1 0 1 2 -2 -1 0 1 2 -2 -1 0 1 2 -2 -1 0 1 2 -2 -1 0 1 2 -2 -1 0 1 2 -2 -1 0 1 2 -2 -1 0 1 2 -2 -1 0 1 2 -2 -1 0 1 2 -2 -1 0 1 2 -2 -1 0 1 2 -2 -1 0 1 2 -2 -1 0 1 2 -2 -1 0 1 2 -2 -1 0 1 2 -2 -1 0 1 2 -2 -1 0 1 2 -2 -1 0 1 2 -2 -1 0 1 2 -2 -1 0 1 2 -2 -1 0 1 2 -2 -1 0 1 2 -2 -1 0 1 2 -2 -1 0 1 2 -2 -1 0 1 2 -2 -1 0 1 2 -2 -1 0 1 2 -2 -1 0 1 2 -2 -1 0 1 2 -2 -1 0 1 2 -2 -1 0 1 2 -2 -1 0 1 2 -2 -1 0 1 2 -2 -1 0 1 2 -2 -1 0 1 2 -2 -1 0 1 2 -2 -1 0 1 2 -2 -1 0 1 2 -2 -1 0 1 2 -2 -1 0 1 2 -2 -1 0 1 2 -2 -1 0 1 2 -2 -1 0 1 2 -2 -1 0 1 2 -2 -1 0 1 2 -2 -1 0 1 2 -2 -1 0 1 2 -2 -1 0 1 2 -2 -1 0 1 2 -2 -1 0 1 2 -2 -1 0 1 2 -2 -1 0 1 2 -2 -1 0 1 2 -2 -1 0 1 2 -2 -1 0 1 2 -2 -1 0 1 2 -2 -1 0 1 2 -2 -1 0 1 2 -2 -1 0 1 2 -2 -1 0 1 2 -2 -1 0 1 2 -2 -1 0 1 2 -2 -1 0 1 2 -2 -1 0 1 2 -2 -1 0 1 2 -2 -1 0 1 2 -2 -1 0 1 2 -2 -1 0 1 2 -2 -1 0 1 2 -2 -1 0 1 2 -2 -1 0 1 2 -2 -1 0 1 2 -2 -1 0 1 2 -2 -1 0 1 2 -2 -1 0 1 2 -2 -1 0 1 2 -2 -1 0 1 2 -2 -1 0 1 2 -2 -1 0 1 2 -2 -1 0 1 2 -2 -1 0 1 2 -2
1 -2 0 2 -1 1 -2 0 2 -1 1 -2 0 2 -1 1 -2 0 2 -1 1 -2 0 2 -1 1 -2 0 2 -1 1 -2 0 2 -1 1 -2 0 2 -1 1 -2 0 2 -1 1 -2 0 2 -1 1 -2 0 2 -1 1 -2 0 2 -1 1 -2 0 2 -1 1 -2 0 2 -1 1 -2 0 2 -1 1 -2 0 2 -1 1 -2 0 2 -1 1 -2 0 2 -1 1 -2 0 2 -1 1 -2 0 2 -1 1 -2 0 2 -1 1 -2 0 2 -1 1 -2 0 2 -1 1 -2 0 2 -1 1 -2 0 2 -1 1 -2 0 2 -1 1 -2 0 2 -1 1 -2 0 2 -1 1 -2 0 2 -1 1 -2 0 2 -1 1 -2 0 2 722 1 -2 0 2 -1 1 -2 0 2 -1 1 -2 0 2 -1 1 -2 0 2 -1 1 -2 0 2 -1 1 -2 0 2 -1 1 -2 0 2 -1 1 -2 0 2 -1 1 -2 0 2 -1 1 -2 0 2 -1 1 -2 0 2 -1 1 -2 0 2 -1 1 -2 0 2 -1 1 -2 0 2 -1 1 -2 0 2 -1 1 -2 0 2 -1 1 -2 0 2 -1 1 -2 0 2 -1 1 -2 0 2 -1 1 -2 0 2 -1 1 -2 0 2 -1 1 -2 0 2 -1 1 -2 0 2 -1 1 -2 0 2 -1 1 -2 0 2 -1 1 -2 0 2 -1 1 -2 0 2 -1 1 -2 0 2 -1 1 -2 0 2 -1 1 -2 0 2 -1 1 -2 0 2 -1 1 -2 0 2 -1 1 -2 0 2 -1 1 -2 0 2 -1 1 -2 0 2 -1 1 -2 0 2 -1 1 -2 0 2 -1 1 -2 0 2 -1 1 -2 0 2 -1 1 -2 0 2 -1 1 -2 0 2 -1 1 -2 0 2 -1 1 -2 0 2 -1 1 -2 0 2 -1 1 -2 0 2 -1 1 -2 0 2 -1 1 -2 0 2 -1 1 -2 0 2 -1 1 -2 0 2 -1 1 -2 0 2 -1 1 -2 0 2 -1 1 -2 0 2 -1 1 -2 0 2 -1 1 -2 0 2 -1 1 -2 0 2 -1 1 -2 0 2 -1 1 -2 0 2 -1 1 -2 0 2 -1 1 -2 0 2 -1 1 -2 0 2 -1 1 -2 0 2 -1 1 -2 0 2 -1 1 -2 0 2 -1 1 -2 0 2 -1 1 -2 0 2 -1 1 -2 0 2 -1 1 -2 0 2 -1 1 -2 0 2 -1 1 -2 0 2 -1 1 -2 0 2 -1 1 -2 0 2 -1 1 -2 0 2 -1 1 -2 0 2 -1 1 -2 0 2 -1 1 -2 0 2 -1 1 -2 0 2 -1 1 -2 0 2 -1 1 -2 0 2 -1 1 -2 0 2 -1 1 -2 0 2 -1 1 -2 0 2 -1 1 -2 0 2 -1 1 -2 0 2 -1 1 -2 0 2 -1 1 -2 0 2 -1 1 -2 0 2 -1 1 -2 0 2 -1 1 -2 0 2 -1 1 -2 0 2 -1
-2 1 -1 2 0 -2 1 -1 2 0 -2 1 -1 2 0 -2 1 -1 2 0 -2 1 -1 2 0 -2 1 -1 2 0 -2 1 -1 2 0 -2 1 -1 2 0 -2 1 -1 2 0 -2 1 -1 2 0 -2 1 -1 2 0 -2 1 -1 2 0 -2 1 -1 2 0 -2 1 -1 2 0 -2 1 -1 2 0 -2 1 -1 2 0 -2 1 -1 2 0 -2 1 -1 2 0 -2 1 -1 2 0 -2 1 -1 2 0 -2 1 -1 2 0 -2 1 -1 2 0 -2 1 -1 2 0 -2 1 -1 2 0 -2 1 -1 2 0 -2 1 -1 2 0 -2 1 -1 2 0 -2 1 -1 2 0 -2 1 -1 2 0 -2 1 -1 2 0 -2 1 -1 2 0 721 1 -1 2 0 -2 1 -1 2 0 -2 1 -1 2 0 -2 1 -1 2 0 -2 1 -1 2 0 -2 1 -1 2 0 -2 1 -1 2 0 -2 1 -1 2 0 -2 1 -1 2 0 -2 1 -1 2 0 -2 1 -1 2 0 -2 1 -1 2 0 -2 1 -1 2 0 -2 1 -1 2 0 -2 1 -1 2 0 -2 1 -1 2 0 -2 1 -1 2 0 -2 1 -1 2 0 -2 1 -1 2 0 -2 1 -1 2 0 -2 1 -1 2 0 -2 1 -1 2 0 -2 1 -1 2 0 -2 1 -1 2 0 -2 1 -1 2 0 -2 1 -1 2 0 -2 1 -1 2 0 -2 1 -1 2 0 -2 1 -1 2 0 -2 1 -1 2 0 -2 1 -1 2 0 -2 1 -1 2 0 -2 1 -1 2 0 -2 1 -1 2 0 -2 1 -1 2 0 -2 1 -1 2 0 -2 1 -1 2 0 -2 1 -1 2 0 -2 1 -1 2 0 -2 1 -1 2 0 -2 1 -1 2 0 -2 1 -1 2 0 -2 1 -1 2 0 -2 1 -1 2 0 -2 1 -1 2 0 -2 1 -1 2 0 -2 1 -1 2 0 -2 1 -1 2 0 -2 1 -1 2 0 -2 1 -1 2 0 -2 1 -1 2 0 -2 1 -1 2 0 -2 1 -1 2 0 -2 1 -1 2 0 -2 1 -1 2 0 -2 1 -1 2 0 -2 1 -1 2 0 -2 1 -1 2 0 -2 1 -1 2 0 -2 1 -1 2 0 -2 1 -1 2 0 -2 1 -1 2 0 -2 1 -1 2 0 -2 1 -1 2 0 -2 1 -1 2 0 -2 1 -1 2 0 -2 1 -1 2 0 -2 1 -1 2 0 -2 1 -1 2 0 -2 1 -1 2 0 -2 1 -1 2 0 -2 1 -1 2 0 -2 1 -1 2 0 -2 1 -1 2 0 -2 1 -1 2 0 -2 1 -1 2 0 -2 1 -1 2 0 -2 1 -1 2 0 -2 1 -1 2 0 -2 1 -1 2 0 -2 1 -1 2 0 -2 1 -1 2 0 -2 1 -1 2 0 -2 1 -1 2 0 -2 1 -1 2 0 -2 1 -1 2 0 -2 1 -1 2 0 -2 1 -1 2 0 -2 1 -1 2 0
0 -1 -2 2 1 0 -1 -2 2 1 0 -1 -2 2 1 0 -1 -2 2 1 0 -1 -2 2 1 0 -1 -2 2 1 0 -1 -2 2 1 0 -1 -2 2 1 0 -1 -2 2 1 0 -1 -2 2 1 0 -1 -2 2 1 0 -1 -2 2 1 0 -1 -2 2 1 0 -1 -2 2 1 0 -1 -2 2 1 0 -1 -2 2 1 0 -1 -2 2 1 0 -1 -2 2 1 0 -1 -2 2 1 0 -1 -2 2 1 0 -1 -2 2 1 0 -1 -2 2 1 0 -1 -2 2 1 0 -1 -2 2 1 0 -1 -2 2 1 0 -1 -2 2 1 0 -1 -2 2 1 0 -1 -2 2 1 0 -1 -2 2 1 0 -1 -2 2 1 0 -1 -2 2 1 0 722 -2 2 1 0 -1 -2 2 1 0 -1 -2 2 1 0 -1 -2 2 1 0 -1 -2 2 1 0 -1 -2 2 1 0 -1 -2 2 1 0 -1 -2 2 1 0 -1 -2 2 1 0 -1 -2 2 1 0 -1 -2 2 1 0 -1 -2 2 1 0 -1 -2 2 1 0 -1 -2 2 1 0 -1 -2 2 1 0 -1 -2 2 1 0 -1 -2 2 1 0 -1 -2 2 1 0 -1 -2 2 1 0 -1 -2 2 1 0 -1 -2 2 1 0 -1 -2 2 1 0 -1 -2 2 1 0 -1 -2 2 1 0 -1 -2 2 1 0 -1 -2 2 1 0 -1 -2 2 1 0 -1 -2 2 1 0 -1 -2 2 1 0 -1 -2 2 1 0 -1 -2 2 1 0 -1 -2 2 1 0 -1 -2 2 1 0 -1 -2 2 1 0 -1 -2 2 1 0 -1 -2 2 1 0 -1 -2 2 1 0 -1 -2 2 1 0 -1 -2 2 1 0 -1 -2 2 1 0 -1 -2 2 1 0 -1 -2 2 1 0 -1 -2 2 1 0 -1 -2 2 1 0 -1 -2 2 1 0 -1 -2 2 1 0 -1 -2 2 1 0 -1 -2 2 1 0 -1 -2 2 1 0 -1 -2 2 1 0 -1 -2 2 1 0 -1 -2 2 1 0 -1 -2 2 1 0 -1 -2 2 1 0 -1 -2 2 1 0 -1 -2 2 1 0 -1 -2 2 1 0 -1 -2 2 1 0 -1 -2 2 1 0 -1 -2 2 1 0 -1 -2 2 1 0 -1 -2 2 1 0 -1 -2 2 1 0 -1 -2 2 1 0 -1 -2 2 1 0 -1 -2 2 1 0 -1 -2 2 1 0 -1 -2 2 1 0 -1 -2 2 1 0 -1 -2 2 1 0 -1 -2 2 1 0 -1 -2 2 1 0 -1 -2 2 1 0 -1 -2 2 1 0 -1 -2 2 1 0 -1 -2 2 1 0 -1 -2 2 1 0 -1 -2 2 1 0 -1 -2 2 1 0 -1 -2 2 1 0 -1 -2 2 1 0 -1 -2 2 1 0 -1 -2 2 1 0 -1 -2 2 1 0 -1 -2 2 1 0 -1 -2 2 1 0 -1 -2 2 1 0 -1 -2 2 1 0 -1 -2 2 1
2 2 2 2 2 2 2 2 2 2 2 2 2 2 2 2 2 2 2 2 2 2 2 2 2 2 2 2 2 2 2 2 2 2 2 2 2 2 2 2 2 2 2 2 2 2 2 2 2 2 2 2 2 2 2 2 2 2 2 2 2 2 2 2 2 2 2 2 2 2 2 2 2 2 2 2 2 2 2 2 2 2 2 2 2 2 2 2 2 2 2 2 2 2 2 2 2 2 2 2 2 2 2 2 2 2 2 2 2 2 2 2 2 2 2 2 2 2 2 2 2 2 2 2 2 2 2 2 2 2 2 2 2 2 2 2 2 2 2 2 2 2 2 2 2 2 2 2 2 2 2 2 2 2 2 2 2 1201 2 2 2 2 2 2 2 2 2 2 2 2 2 2 2 2 2 2 2 2 2 2 2 2 2 2 2 2 2 2 2 2 2 2 2 2 2 2 2 2 2 2 2 2 2 2 2 2 2 2 2 2 2 2 2 2 2 2 2 2 2 2 2 2 2 2 2 2 2 2 2 2 2 2 2 2 2 2 2 2 2 2 2 2 2 2 2 2 2 2 2 2 2 2 2 2 2 2 2 2 2 2 2 2 2 2 2 2 2 2 2 2 2 2 2 2 2 2 2 2 2 2 2 2 2 2 2 2 2 2 2 2 2 2 2 2 2 2 2 2 2 2 2 2 2 2 2 2 2 2 2 2 2 2 2 2 2 2 2 2 2 2 2 2 2 2 2 2 2 2 2 2 2 2 2 2 2 2 2 2 2 2 2 2 2 2 2 2 2 2 2 2 2 2 2 2 2 2 2 2 2 2 2 2 2 2 2 2 2 2 2 2 2 2 2 2 2 2 2 2 2 2 2 2 2 2 2 2 2 2 2 2 2 2 2 2 2 2 2 2 2 2 2 2 2 2 2 2 2 2 2 2 2 2 2 2 2 2 2 2 2 2 2 2 2 2 2 2 2 2 2 2 2 2 2 2 2 2 2 2 2 2 2 2 2 2 2 2 2 2 2 2 2 2 2 2 2 2 2 2 2 2 2 2 2 2 2 2 2 2 2 2 2 2 2 2 2 2 2 2 2 2 2 2 2 2 2 2 2 2 2 2 2 2 2 2 2 2 2 2 2 2 2 2 2 2 2 2 2 2 2 2 2 2 2 2 2 2 2 2 2 2 2 2 2 2 2 2 2 2 2 2 2 2 2 2 2 2 2 2 2 2 2 2 2 2 2 2 2 2 2 2 2 2 2 2 2 2 2 2 2 2 2 2 2 2 2 2 2 2 2 2 2 2 2 2 2 2 2 2 2 2 2 2 2 2 2 2 2 2 2 2 2 2 2 2 2 2 2 2 2 2
-1 0 1 2 -2 -1 0 1 2 -2 -1 0 1 2 -2 -1 0 1 2 -2 -1 0 1 2 -2 -1 0 1 2 -2 -1 0 1 2 -2 -1 0 1 2 -2 -1 0 1 2 -2 -1 0 1 2 -2 -1 0 1 2 -2 -1 0 1 2 -2 -1 0 1 2 -2 -1 0 1 2 -2 -1 0 1 2 -2 -1 0 1 2 -2 -1 0 1 2 -2 -1 0 1 2 -2 -1 0 1 2 -2 -1 0 1 2 -2 -1 0 1 2 -2 -1 0 1 2 -2 -1 0 1 2 -2 -1 0 1 2 -2 -1 0 1 2 -2 -1 0 1 2 -2 -1 0 1 2 -2 -1 0 1 2 -2 -1 0 1 2 -2 -1 0 1 2 -2 -1 0 1 2 -2 -1 0 1 721 -2 -1 0 1 2 -2 -1 0 1 2 -2 -1 0 1 2 -2 -1 0 1 2 -2 -1 0 1 2 -2 -1 0 1 2 -2 -1 0 1 2 -2 -1 0 1 2 -2 -1 0 1 2 -2 -1 0 1 2 -2 -1 0 1 2 -2 -1 0 1 2 -2 -1 0 1 2 -2 -1 0 1 2 -2 -1 0 1 2 -2 -1 0 1 2 -2 -1 0 1 2 -2 -1 0 1 2 -2 -1 0 1 2 -2 -1 0 1 2 -2 -1 0 1 2 -2 -1 0 1 2 -2 -1 0 1 2 -2 -1 0 1 2 -2 -1 0 1 2 -2 -1 0 1 2 -2 -1 0 1 2 -2 -1 0 1 2 -2 -1 0 1 2 -2 -1 0 1 2 -2 -1 0 1 2 -2 -1 0 1 2 -2 -1 0 1 2 -2 -1 0 1 2 -2 -1 0 1 2 -2 -1 0 1 2 -2 -1 0 1 2 -2 -1 0 1 2 -2 -1 0 1 2 -2 -1 0 1 2 -2 -1 0 1 2 -2 -1 0 1 2 -2 -1 0 1 2 -2 -1 0 1 2 -2 -1 0 1 2 -2 -1 0 1 2 -2 -1 0 1 2 -2 -1 0 1 2 -2 -1 0 1 2 -2 -1 0 1 2 -2 -1 0 1 2 -2 -1 0 1 2 -2 -1 0 1 2 -2 -1 0 1 2 -2 -1 0 1 2 -2 -1 0 1 2 -2 -1 0 1 2 -2 -1 0 1 2 -2 -1 0 1 2 -2 -1 0 1 2 -2 -1 0 1 2 -2 -1 0 1 2 -2 -1 0 1 2 -2 -1 0 1 2 -2 -1 0 1 2 -2 -1 0 1 2 -2 -1 0 1 2 -2 -1 0 1 2 -2 -1 0 1 2 -2 -1 0 1 2 -2 -1 0 1 2 -2 -1 0 1 2 -2 -1 0 1 2 -2 -1 0 1 2 -2 -1 0 1 2 -2 -1 0 1 2 -2 -1 0 1 2 -2 -1 0 1 2 -2 -1 0 1 2 -2 -1 0 1 2 -2 -1 0 1 2 -2 -1 0 1 2 -2 -1 0 1 2 -2 -1 0 1 2 -2 -1 0 1 2 -2 -1 0 1 2 -2 -1 0 1 2 -2 -1 0 1 2 -2
1 -2 0 2 -1 1 -2 0 2 -1 1 -2 0 2 -1 1 -2 0 2 -1 1 -2 0 2 -1 1 -2 0 2 -1 1 -2 0 2 -1 1 -2 0 2 -1 1 -2 0 2 -1 1 -2 0 2 -1 1 -2 0 2 -1 1 -2 0 2 -1 1 -2 0 2 -1 1 -2 0 2 -1 1 -2 0 2 -1 1 -2 0 2 -1 1 -2 0 2 -1 1 -2 0 2 -1 1 -2 0 2 -1 1 -2 0 2 -1 1 -2 0 2 -1 1 -2 0 2 -1 1 -2 0 2 -1 1 -2 0 2 -1 1 -2 0 2 -1 1 -2 0 2 -1 1 -2 0 2 -1 1 -2 0 2 -1 1 -2 0 2 -1 1 -2 0 2 -1 1 -2 0 2 -1 1 -2 0 2 722 1 -2 0 2 -1 1 -2 0 2 -1 1 -2 0 2 -1 1 -2 0 2 -1 1 -2 0 2 -1 1 -2 0 2 -1 1 -2 0 2 -1 1 -2 0 2 -1 1 -2 0 2 -1 1 -2 0 2 -1 1 -2 0 2 -1 1 -2 0 2 -1 1 -2 0 2 -1 1 -2 0 2 -1 1 -2 0 2 -1 1 -2 0 2 -1 1 -2 0 2 -1 1 -2 0 2 -1 1 -2 0 2 -1 1 -2 0 2 -1 1 -2 0 2 -1 1 -2 0 2 -1 1 -2 0 2 -1 1 -2 0 2 -1 1 -2 0 2 -1 1 -2 0 2 -1 1 -2 0 2 -1 1 -2 0 2 -1 1 -2 0 2 -1 1 -2 0 2 -1 1 -2 0 2 -1 1 -2 0 2 -1 1 -2 0 2 -1 1 -2 0 2 -1 1 -2 0 2 -1 1 -2 0 2 -1 1 -2 0 2 -1 1 -2 0 2 -1 1 -2 0 2 -1 1 -2 0 2 -1 1 -2 0 2 -1 1 -2 0 2 -1 1 -2 0 2 -1 1 -2 0 2 -1 1 -2 0 2 -1 1 -2 0 2 -1 1 -2 0 2 -1 1 -2 0 2 -1 1 -2 0 2 -1 1 -2 0 2 -1 1 -2 0 2 -1 1 -2 0 2 -1 1 -2 0 2 -1 1 -2 0 2 -1 1 -2 0 2 -1 1 -2 0 2 -1 1 -2 0 2 -1 1 -2 0 2 -1 1 -2 0 2 -1 1 -2 0 2 -1 1 -2 0 2 -1 1 -2 0 2 -1 1 -2 0 2 -1 1 -2 0 2 -1 1 -2 0 2 -1 1 -2 0 2 -1 1 -2 0 2 -1 1 -2 0 2 -1 1 -2 0 2 -1 1 -2 0 2 -1 1 -2 0 2 -1 1 -2 0 2 -1 1 -2 0 2 -1 1 -2 0 2 -1 1 -2 0 2 -1 1 -2 0 2 -1 1 -2 0 2 -1 1 -2 0 2 -1 1 -2 0 2 -1 1 -2 0 2 -1 1 -2 0 2 -1 1 -2 0 2 -1 1 -2 0 2 -1 1 -2 0 2 -1 1 -2 0 2 -1 1 -2 0 2 -1 1 -2 0 2 -1 1 -2 0 2 -1
-2 1 -1 2 0 -2 1 -1 2 0 -2 1 -1 2 0 -2 1 -1 2 0 -2 1 -1 2 0 -2 1 -1 2 0 -2 1 -1 2 0 -2 1 -1 2 0 -2 1 -1 2 0 -2 1 -1 2 0 -2 1 -1 2 0 -2 1 -1 2 0 -2 1 -1 2 0 -2 1 -1 2 0 -2 1 -1 2 0 -2 1 -1 2 0 -2 1 -1 2 0 -2 1 -1 2 0 -2 1 -1 2 0 -2 1 -1 2 0 -2 1 -1 2 0 -2 1 -1 2 0 -2 1 -1 2 0 -2 1 -1 2 0 -2 1 -1 2 0 -2 1 -1 2 0 -2 1 -1 2 0 -2 1 -1 2 0 -2 1 -1 2 0 -2 1 -1 2 0 -2 1 -1 2 0 -2 1 -1 2 0 721 1 -1 2 0 -2 1 -1 2 0 -2 1 -1 2 0 -2 1 -1 2 0 -2 1 -1 2 0 -2 1 -1 2 0 -2 1 -1 2 0 -2 1 -1 2 0 -2 1 -1 2 0 -2 1 -1 2 0 -2 1 -1 2 0 -2 1 -1 2 0 -2 1 -1 2 0 -2 1 -1 2 0 -2 1 -1 2 0 -2 1 -1 2 0 -2 1 -1 2 0 -2 1 -1 2 0 -2 1 -1 2 0 -2 1 -1 2 0 -2 1 -1 2 0 -2 1 -1 2 0 -2 1 -1 2 0 -2 1 -1 2 0 -2 1 -1 2 0 -2 1 -1 2 0 -2 1 -1 2 0 -2 1 -1 2 0 -2 1 -1 2 0 -2 1 -1 2 0 -2 1 -1 2 0 -2 1 -1 2 0 -2 1 -1 2 0 -2 1 -1 2 0 -2 1 -1 2 0 -2 1 -1 2 0 -2 1 -1 2 0 -2 1 -1 2 0 -2 1 -1 2 0 -2 1 -1 2 0 -2 1 -1 2 0 -2 1 -1 2 0 -2 1 -1 2 0 -2 1 -1 2 0 -2 1 -1 2 0 -2 1 -1 2 0 -2 1 -1 2 0 -2 1 -1 2 0 -2 1 -1 2 0 -2 1 -1 2 0 -2 1 -1 2 0 -2 1 -1 2 0 -2 1 -1 2 0 -2 1 -1 2 0 -2 1 -1 2 0 -2 1 -1 2 0 -2 1 -1 2 0 -2 1 -1 2 0 -2 1 -1 2 0 -2 1 -1 2 0 -2 1 -1 2 0 -2 1 -1 2 0 -2 1 -1 2 0 -2 1 -1 2 0 -2 1 -1 2 0 -2 1 -1 2 0 -2 1 -1 2 0 -2 1 -1 2 0 -2 1 -1 2 0 -2 1 -1 2 0 -2 1 -1 2 0 -2 1 -1 2 0 -2 1 -1 2 0 -2 1 -1 2 0 -2 1 -1 2 0 -2 1 -1 2 0 -2 1 -1 2 0 -2 1 -1 2 0 -2 1 -1 2 0 -2 1 -1 2 0 -2 1 -1 2 0 -2 1 -1 2 0 -2 1 -1 2 0 -2 1 -1 2 0 -2 1 -1 2 0 -2 1 -1 2 0 -2 1 -1 2 0 -2 1 -1 2 0
0 -1 -2 2 1 0 -1 -2 2 1 0 -1 -2 2 1 0 -1 -2 2 1 0 -1 -2 2 1 0 -1 -2 2 1 0 -1 -2 2 1 0 -1 -2 2 1 0 -1 -2 2 1 0 -1 -2 2 1 0 -1 -2 2 1 0 -1 -2 2 1 0 -1 -2 2 1 0 -1 -2 2 1 0 -1 -2 2 1 0 -1 -2 2 1 0 -1 -2 2 1 0 -1 -2 2 1 0 -1 -2 2 1 0 -1 -2 2 1 0 -1 -2 2 1 0 -1 -2 2 1 0 -1 -2 2 1 0 -1 -2 2 1 0 -1 -2 2 1 0 -1 -2 2 1 0 -1 -2 2 1 0 -1 -2 2 1 0 -1 -2 2 1 0 -1 -2 2 1 0 -1 -2 2 1 0 -1 -2 2 1 0 722 -2 2 1 0 -1 -2 2 1 0 -1 -2 2 1 0 -1 -2 2 1 0 -1 -2 2 1 0 -1 -2 2 1 0 -1 -2 2 1 0 -1 -2 2 1 0 -1 -2 2 1 0 -1 -2 2 1 0 -1 -2 2 1 0 -1 -2 2 1 0 -1 -2 2 1 0 -1 -2 2 1 0 -1 -2 2 1 0 -1 -2 2 1 0 -1 -2 2 1 0 -1 -2 2 1 0 -1 -2 2 1 0 -1 -2 2 1 0 -1 -2 2 1 0 -1 -2 2 1 0 -1 -2 2 1 0 -1 -2 2 1 0 -1 -2 2 1 0 -1 -2 2 1 0 -1 -2 2 1 0 -1 -2 2 1 0 -1 -2 2 1 0 -1 -2 2 1 0 -1 -2 2 1 0 -1 -2 2 1 0 -1 -2 2 1 0 -1 -2 2 1 0 -1 -2 2 1 0 -1 -2 2 1 0 -1 -2 2 1 0 -1 -2 2 1 0 -1 -2 2 1 0 -1 -2 2 1 0 -1 -2 2 1 0 -1 -2 2 1 0 -1 -2 2 1 0 -1 -2 2 1 0 -1 -2 2 1 0 -1 -2 2 1 0 -1 -2 2 1 0 -1 -2 2 1 0 -1 -2 2 1 0 -1 -2 2 1 0 -1 -2 2 1 0 -1 -2 2 1 0 -1 -2 2 1 0 -1 -2 2 1 0 -1 -2 2 1 0 -1 -2 2 1 0 -1 -2 2 1 0 -1 -2 2 1 0 -1 -2 2 1 0 -1 -2 2 1 0 -1 -2 2 1 0 -1 -2 2 1 0 -1 -2 2 1 0 -1 -2 2 1 0 -1 -2 2 1 0 -1 -2 2 1 0 -1 -2 2 1 0 -1 -2 2 1 0 -1 -2 2 1 0 -1 -2 2 1 0 -1 -2 2 1 0 -1 -2 2 1 0 -1 -2 2 1 0 -1 -2 2 1 0 -1 -2 2 1 0 -1 -2 2 1 0 -1 -2 2 1 0 -1 -2 2 1 0 -1 -2 2 1 0 -1 -2 2 1 0 -1 -2 2 1 0 -1 -2 2 1 0 -1 -2 2 1 0 -1 -2 2 1 0 -1 -2 2 1 0 -1 -2 2 1 0 -1 -2 2 1 0 -1 -2 2 1
2 2 2 2 2 2 2 2 2 2 2 2 2 2 2 2 2 2 2 2 2 2 2 2 2 2 2 2 2 2 2 2 2 2 2 2 2 2 2 2 2 2 2 2 2 2 2 2 2 2 2 2 2 2 2 2 2 2 2 2 2 2 2 2 2 2 2 2 2 2 2 2 2 2 2 2 2 2 2 2 2 2 2 2 2 2 2 2 2 2 2 2 2 2 2 2 2 2 2 2 2 2 2 2 2 2 2 2 2 2 2 2 2 2 2 2 2 2 2 2 2 2 2 2 2 2 2 2 2 2 2 2 2 2 2 2 2 2 2 2 2 2 2 2 2 2 2 2 2 2 2 2 2 2 2 2 2 2 2 2 2 2 1201 2 2 2 2 2 2 2 2 2 2 2 2 2 2 2 2 2 2 2 2 2 2 2 2 2 2 2 2 2 2 2 2 2 2 2 2 2 2 2 2 2 2 2 2 2 2 2 2 2 2 2 2 2 2 2 2 2 2 2 2 2 2 2 2 2 2 2 2 2 2 2 2 2 2 2 2 2 2 2 2 2 2 2 2 2 2 2 2 2 2 2 2 2 2 2 2 2 2 2 2 2 2 2 2 2 2 2 2 2 2 2 2 2 2 2 2 2 2 2 2 2 2 2 2 2 2 2 2 2 2 2 2 2 2 2 2 2 2 2 2 2 2 2 2 2 2 2 2 2 2 2 2 2 2 2 2 2 2 2 2 2 2 2 2 2 2 2 2 2 2 2 2 2 2 2 2 2 2 2 2 2 2 2 2 2 2 2 2 2 2 2 2 2 2 2 2 2 2 2 2 2 2 2 2 2 2 2 2 2 2 2 2 2 2 2 2 2 2 2 2 2 2 2 2 2 2 2 2 2 2 2 2 2 2 2 2 2 2 2 2 2 2 2 2 2 2 2 2 2 2 2 2 2 2 2 2 2 2 2 2 2 2 2 2 2 2 2 2 2 2 2 2 2 2 2 2 2 2 2 2 2 2 2 2 2 2 2 2 2 2 2 2 2 2 2 2 2 2 2 2 2 2 2 2 2 2 2 2 2 2 2 2 2 2 2 2 2 2 2 2 2 2 2 2 2 2 2 2 2 2 2 2 2 2 2 2 2 2 2 2 2 2 2 2 2 2 2 2 2 2 2 2 2 2 2 2 2 2 2 2 2 2 2 2 2 2 2 2 2 2 2 2 2 2 2 2 2 2 2 2 2 2 2 2 2 2 2 2 2 2 2 2 2 2 2 2 2 2 2 2 2 2 2 2 2 2 2 2 2 2 2 2 2 2 2 2 2 2 2 2 2 2 2 2 2 2 2 2 2 2 2 2 2 2 2 2 2
-1 0 1 2 -2 -1 0 1 2 -2 -1 0 1 2 -2 -1 0 1 2 -2 -1 0 1 2 -2 -1 0 1 2 -2 -1 0 1 2 -2 -1 0 1 2 -2 -1 0 1 2 -2 -1 0 1 2 -2 -1 0 1 2 -2 -1 0 1 2 -2 -1 0 1 2 -2 -1 0 1 2 -2 -1 0 1 2 -2 -1 0 1 2 -2 -1 0 1 2 -2 -1 0 1 2 -2 -1 0 1 2 -2 -1 0 1 2 -2 -1 0 1 2 -2 -1 0 1 2 -2 -1 0 1 2 -2 -1 0 1 2 -2 -1 0 1 2 -2 -1 0 1 2 -2 -1 0 1 2 -2 -1 0 1 2 -2 -1 0 1 2 -2 -1 0 1 2 -2 -1 0 1 2 -2 -1 0 1 2 -2 -1 0 1 721 -2 -1 0 1 2 -2 -1 0 1 2 -2 -1 0 1 2 -2 -1 0 1 2 -2 -1 0 1 2 -2 -1 0 1 2 -2 -1 0 1 2 -2 -1 0 1 2 -2 -1 0 1 2 -2 -1 0 1 2 -2 -1 0 1 2 -2 -1 0 1 2 -2 -1 0 1 2 -2 -1 0 1 2 -2 -1 0 1 2 -2 -1 0 1 2 -2 -1 0 1 2 -2 -1 0 1 2 -2 -1 0 1 2 -2 -1 0 1 2 -2 -1 0 1 2 -2 -1 0 1 2 -2 -1 0 1 2 -2 -1 0 1 2 -2 -1 0 1 2 -2 -1 0 1 2 -2 -1 0 1 2 -2 -1 0 1 2 -2 -1 0 1 2 -2 -1 0 1 2 -2 -1 0 1 2 -2 -1 0 1 2 -2 -1 0 1 2 -2 -1 0 1 2 -2 -1 0 1 2 -2 -1 0 1 2 -2 -1 0 1 2 -2 -1 0 1 2 -2 -1 0 1 2 -2 -1 0 1 2 -2 -1 0 1 2 -2 -1 0 1 2 -2 -1 0 1 2 -2 -1 0 1 2 -2 -1 0 1 2 -2 -1 0 1 2 -2 -1 0 1 2 -2 -1 0 1 2 -2 -1 0 1 2 -2 -1 0 1 2 -2 -1 0 1 2 -2 -1 0 1 2 -2 -1 0 1 2 -2 -1 0 1 2 -2 -1 0 1 2 -2 -1 0 1 2 -2 -1 0 1 2 -2 -1 0 1 2 -2 -1 0 1 2 -2 -1 0 1 2 -2 -1 0 1 2 -2 -1 0 1 2 -2 -1 0 1 2 -2 -1 0 1 2 -2 -1 0 1 2 -2 -1 0 1 2 -2 -1 0 1 2 -2 -1 0 1 2 -2 -1 0 1 2 -2 -1 0 1 2 -2 -1 0 1 2 -2 -1 0 1 2 -2 -1 0 1 2 -2 -1 0 1 2 -2 -1 0 1 2 -2 -1 0 1 2 -2 -1 0 1 2 -2 -1 0 1 2 -2 -1 0 1 2 -2 -1 0 1 2 -2 -1 0 1 2 -2 -1 0 1 2 -2 -1 0 1 2 -2 -1 0 1 2 -2 -1 0 1 2 -2 -1 0 1 2 -2 -1 0 1 2 -2
1 -2 0 2 -1 1 -2 0 2 -1 1 -2 0 2 -1 1 -2 0 2 -1 1 -2 0 2 -1 1 -2 0 2 -1 1 -2 0 2 -1 1 -2 0 2 -1 1 -2 0 2 -1 1 -2 0 2 -1 1 -2 0 2 -1 1 -2 0 2 -1 1 -2 0 2 -1 1 -2 0 2 -1 1 -2 0 2 -1 1 -2 0 2 -1 1 -2 0 2 -1 1 -2 0 2 -1 1 -2 0 2 -1 1 -2 0 2 -1 1 -2 0 2 -1 1 -2 0 2 -1 1 -2 0 2 -1 1 -2 0 2 -1 1 -2 0 2 -1 1 -2 0 2 -1 1 -2 0 2 -1 1 -2 0 2 -1 1 -2 0 2 -1 1 -2 0 2 -1 1 -2 0 2 -1 1 -2 0 2 -1 1 -2 0 2 722 1 -2 0 2 -1 1 -2 0 2 -1 1 -2 0 2 -1 1 -2 0 2 -1 1 -2 0 2 -1 1 -2 0 2 -1 1 -2 0 2 -1 1 -2 0 2 -1 1 -2 0 2 -1 1 -2 0 2 -1 1 -2 0 2 -1 1 -2 0 2 -1 1 -2 0 2 -1 1 -2 0 2 -1 1 -2 0 2 -1 1 -2 0 2 -1 1 -2 0 2 -1 1 -2 0 2 -1 1 -2 0 2 -1 1 -2 0 2 -1 1 -2 0 2 -1 1 -2 0 2 -1 1 -2 0 2 -1 1 -2 0 2 -1 1 -2 0 2 -1 1 -2 0 2 -1 1 -2 0 2 -1 1 -2 0 2 -1 1 -2 0 2 -1 1 -2 0 2 -1 1 -2 0 2 -1 1 -2 0 2 -1 1 -2 0 2 -1 1 -2 0 2 -1 1 -2 0 2 -1 1 -2 0 2 -1 1 -2 0 2 -1 1 -2 0 2 -1 1 -2 0 2 -1 1 -2 0 2 -1 1 -2 0 2 -1 1 -2 0 2 -1 1 -2 0 2 -1 1 -2 0 2 -1 1 -2 0 2 -1 1 -2 0 2 -1 1 -2 0 2 -1 1 -2 0 2 -1 1 -2 0 2 -1 1 -2 0 2 -1 1 -2 0 2 -1 1 -2 0 2 -1 1 -2 0 2 -1 1 -2 0 2 -1 1 -2 0 2 -1 1 -2 0 2 -1 1 -2 0 2 -1 1 -2 0 2 -1 1 -2 0 2 -1 1 -2 0 2 -1 1 -2 0 2 -1 1 -2 0 2 -1 1 -2 0 2 -1 1 -2 0 2 -1 1 -2 0 2 -1 1 -2 0 2 -1 1 -2 0 2 -1 1 -2 0 2 -1 1 -2 0 2 -1 1 -2 0 2 -1 1 -2 0 2 -1 1 -2 0 2 -1 1 -2 0 2 -1 1 -2 0 2 -1 1 -2 0 2 -1 1 -2 0 2 -1 1 -2 0 2 -1 1 -2 0 2 -1 1 -2 0 2 -1 1 -2 0 2 -1 1 -2 0 2 -1 1 -2 0 2 -1 1 -2 0 2 -1 1 -2 0 2 -1 1 -2 0 2 -1 1 -2 0 2 -1 1 -2 0 2 -1
-2 1 -1 2 0 -2 1 -1 2 0 -2 1 -1 2 0 -2 1 -1 2 0 -2 1 -1 2 0 -2 1 -1 2 0 -2 1 -1 2 0 -2 1 -1 2 0 -2 1 -1 2 0 -2 1 -1 2 0 -2 1 -1 2 0 -2 1 -1 2 0 -2 1 -1 2 0 -2 1 -1 2 0 -2 1 -1 2 0 -2 1 -1 2 0 -2 1 -1 2 0 -2 1 -1 2 0 -2 1 -1 2 0 -2 1 -1 2 0 -2 1 -1 2 0 -2 1 -1 2 0 -2 1 -1 2 0 -2 1 -1 2 0 -2 1 -1 2 0 -2 1 -1 2 0 -2 1 -1 2 0 -2 1 -1 2 0 -2 1 -1 2 0 -2 1 -1 2 0 -2 1 -1 2 0 -2 1 -1 2 0 -2 1 -1 2 0 721 1 -1 2 0 -2 1 -1 2 0 -2 1 -1 2 0 -2 1 -1 2 0 -2 1 -1 2 0 -2 1 -1 2 0 -2 1 -1 2 0 -2 1 -1 2 0 -2 1 -1 2 0 -2 1 -1 2 0 -2 1 -1 2 0 -2 1 -1 2 0 -2 1 -1 2 0 -2 1 -1 2 0 -2 1 -1 2 0 -2 1 -1 2 0 -2 1 -1 2 0 -2 1 -1 2 0 -2 1 -1 2 0 -2 1 -1 2 0 -2 1 -1 2 0 -2 1 -1 2 0 -2 1 -1 2 0 -2 1 -1 2 0 -2 1 -1 2 0 -2 1 -1 2 0 -2 1 -1 2 0 -2 1 -1 2 0 -2 1 -1 2 0 -2 1 -1 2 0 -2 1 -1 2 0 -2 1 -1 2 0 -2 1 -1 2 0 -2 1 -1 2 0 -2 1 -1 2 0 -2 1 -1 2 0 -2 1 -1 2 0 -2 1 -1 2 0 -2 1 -1 2 0 -2 1 -1 2 0 -2 1 -1 2 0 -2 1 -1 2 0 -2 1 -1 2 0 -2 1 -1 2 0 -2 1 -1 2 0 -2 1 -1 2 0 -2 1 -1 2 0 -2 1 -1 2 0 -2 1 -1 2 0 -2 1 -1 2 0 -2 1 -1 2 0 -2 1 -1 2 0 -2 1 -1 2 0 -2 1 -1 2 0 -2 1 -1 2 0 -2 1 -1 2 0 -2 1 -1 2 0 -2 1 -1 2 0 -2 1 -1 2 0 -2 1 -1 2 0 -2 1 -1 2 0 -2 1 -1 2 0 -2 1 -1 2 0 -2 1 -1 2 0 -2 1 -1 2 0 -2 1 -1 2 0 -2 1 -1 2 0 -2 1 -1 2 0 -2 1 -1 2 0 -2 1 -1 2 0 -2 1 -1 2 0 -2 1 -1 2 0 -2 1 -1 2 0 -2 1 -1 2 0 -2 1 -1 2 0 -2 1 -1 2 0 -2 1 -1 2 0 -2 1 -1 2 0 -2 1 -1 2 0 -2 1 -1 2 0 -2 1 -1 2 0 -2 1 -1 2 0 -2 1 -1 2 0 -2 1 -1 2 0 -2 1 -1 2 0 -2 1 -1 2 0 -2 1 -1 2 0
0 -1 -2 2 1 0 -1 -2 2 1 0 -1 -2 2 1 0 -1 -2 2 1 0 -1 -2 2 1 0 -1 -2 2 1 0 -1 -2 2 1 0 -1 -2 2 1 0 -1 -2 2 1 0 -1 -2 2 1 0 -1 -2 2 1 0 -1 -2 2 1 0 -1 -2 2 1 0 -1 -2 2 1 0 -1 -2 2 1 0 -1 -2 2 1 0 -1 -2 2 1 0 -1 -2 2 1 0 -1 -2 2 1 0 -1 -2 2 1 0 -1 -2 2 1 0 -1 -2 2 1 0 -1 -2 2 1 0 -1 -2 2 1 0 -1 -2 2 1 0 -1 -2 2 1 0 -1 -2 2 1 0 -1 -2 2 1 0 -1 -2 2 1 0 -1 -2 2 1 0 -1 -2 2 1 0 -1 -2 2 1 0 -1 -2 2 1 0 722 -2 2 1 0 -1 -2 2 1 0 -1 -2 2 1 0 -1 -2 2 1 0 -1 -2 2 1 0 -1 -2 2 1 0 -1 -2 2 1 0 -1 -2 2 1 0 -1 -2 2 1 0 -1 -2 2 1 0 -1 -2 2 1 0 -1 -2 2 1 0 -1 -2 2 1 0 -1 -2 2 1 0 -1 -2 2 1 0 -1 -2 2 1 0 -1 -2 2 1 0 -1 -2 2 1 0 -1 -2 2 1 0 -1 -2 2 1 0 -1 -2 2 1 0 -1 -2 2 1 0 -1 -2 2 1 0 -1 -2 2 1 0 -1 -2 2 1 0 -1 -2 2 1 0 -1 -2 2 1 0 -1 -2 2 1 0 -1 -2 2 1 0 -1 -2 2 1 0 -1 -2 2 1 0 -1 -2 2 1 0 -1 -2 2 1 0 -1 -2 2 1 0 -1 -2 2 1 0 -1 -2 2 1 0 -1 -2 2 1 0 -1 -2 2 1 0 -1 -2 2 1 0 -1 -2 2 1 0 -1 -2 2 1 0 -1 -2 2 1 0 -1 -2 2 1 0 -1 -2 2 1 0 -1 -2 2 1 0 -1 -2 2 1 0 -1 -2 2 1 0 -1 -2 2 1 0 -1 -2 2 1 0 -1 -2 2 1 0 -1 -2 2 1 0 -1 -2 2 1 0 -1 -2 2 1 0 -1 -2 2 1 0 -1 -2 2 1 0 -1 -2 2 1 0 -1 -2 2 1 0 -1 -2 2 1 0 -1 -2 2 1 0 -1 -2 2 1 0 -1 -2 2 1 0 -1 -2 2 1 0 -1 -2 2 1 0 -1 -2 2 1 0 -1 -2 2 1 0 -1 -2 2 1 0 -1 -2 2 1 0 -1 -2 2 1 0 -1 -2 2 1 0 -1 -2 2 1 0 -1 -2 2 1 0 -1 -2 2 1 0 -1 -2 2 1 0 -1 -2 2 1 0 -1 -2 2 1 0 -1 -2 2 1 0 -1 -2 2 1 0 -1 -2 2 1 0 -1 -2 2 1 0 -1 -2 2 1 0 -1 -2 2 1 0 -1 -2 2 1 0 -1 -2 2 1 0 -1 -2 2 1 0 -1 -2 2 1 0 -1 -2 2 1 0 -1 -2 2 1
2 2 2 2 2 2 2 2 2 2 2 2 2 2 2 2 2 2 2 2 2 2 2 2 2 2 2 2 2 2 2 2 2 2 2 2 2 2 2 2 2 2 2 2 2 2 2 2 2 2 2 2 2 2 2 2 2 2 2 2 2 2 2 2 2 2 2 2 2 2 2 2 2 2 2 2 2 2 2 2 2 2 2 2 2 2 2 2 2 2 2 2 2 2 2 2 2 2 2 2 2 2 2 2 2 2 2 2 2 2 2 2 2 2 2 2 2 2 2 2 2 2 2 2 2 2 2 2 2 2 2 2 2 2 2 2 2 2 2 2 2 2 2 2 2 2 2 2 2 2 2 2 2 2 2 2 2 2 2 2 2 2 2 2 2 2 2 1201 2 2 2 2 2 2 2 2 2 2 2 2 2 2 2 2 2 2 2 2 2 2 2 2 2 2 2 2 2 2 2 2 2 2 2 2 2 2 2 2 2 2 2 2 2 2 2 2 2 2 2 2 2 2 2 2 2 2 2 2 2 2 2 2 2 2 2 2 2 2 2 2 2 2 2 2 2 2 2 2 2 2 2 2 2 2 2 2 2 2 2 2 2 2 2 2 2 2 2 2 2 2 2 2 2 2 2 2 2 2 2 2 2 2 2 2 2 2 2 2 2 2 2 2 2 2 2 2 2 2 2 2 2 2 2 2 2 2 2 2 2 2 2 2 2 2 2 2 2 2 2 2 2 2 2 2 2 2 2 2 2 2 2 2 2 2 2 2 2 2 2 2 2 2 2 2 2 2 2 2 2 2 2 2 2 2 2 2 2 2 2 2 2 2 2 2 2 2 2 2 2 2 2 2 2 2 2 2 2 2 2 2 2 2 2 2 2 2 2 2 2 2 2 2 2 2 2 2 2 2 2 2 2 2 2 2 2 2 2 2 2 2 2 2 2 2 2 2 2 2 2 2 2 2 2 2 2 2 2 2 2 2 2 2 2 2 2 2 2 2 2 2 2 2 2 2 2 2 2 2 2 2 2 2 2 2 2 2 2 2 2 2 2 2 2 2 2 2 2 2 2 2 2 2 2 2 2 2 2 2 2 2 2 2 2 2 2 2 2 2 2 2 2 2 2 2 2 2 2 2 2 2 2 2 2 2 2 2 2 2 2 2 2 2 2 2 2 2 2 2 2 2 2 2 2 2 2 2 2 2 2 2 2 2 2 2 2 2 2 2 2 2 2 2 2 2 2 2 2 2 2 2 2 2 2 2 2 2 2 2 2 2 2 2 2 2 2 2 2 2 2 2 2 2 2 2 2 2 2 2 2 2 2 2 2 2 2 2 2 2 2 2 2 2 2 2 2 2 2 2 2 2
-1 0 1 2 -2 -1 0 1 2 -2 -1 0 1 2 -2 -1 0 1 2 -2 -1 0 1 2 -2 -1 0 1 2 -2 -1 0 1 2 -2 -1 0 1 2 -2 -1 0 1 2 -2 -1 0 1 2 -2 -1 0 1 2 -2 -1 0 1 2 -2 -1 0 1 2 -2 -1 0 1 2 -2 -1 0 1 2 -2 -1 0 1 2 -2 -1 0 1 2 -2 -1 0 1 2 -2 -1 0 1 2 -2 -1 0 1 2 -2 -1 0 1 2 -2 -1 0 1 2 -2 -1 0 1 2 -2 -1 0 1 2 -2 -1 0 1 2 -2 -1 0 1 2 -2 -1 0 1 2 -2 -1 0 1 2 -2 -1 0 1 2 -2 -1 0 1 2 -2 -1 0 1 2 -2 -1 0 1 2 -2 -1 0 1 2 -2 -1 0 1 721 -2 -1 0 1 2 -2 -1 0 1 2 -2 -1 0 1 2 -2 -1 0 1 2 -2 -1 0 1 2 -2 -1 0 1 2 -2 -1 0 1 2 -2 -1 0 1 2 -2 -1 0 1 2 -2 -1 0 1 2 -2 -1 0 1 2 -2 -1 0 1 2 -2 -1 0 1 2 -2 -1 0 1 2 -2 -1 0 1 2 -2 -1 0 1 2 -2 -1 0 1 2 -2 -1 0 1 2 -2 -1 0 1 2 -2 -1 0 1 2 -2 -1 0 1 2 -2 -1 0 1 2 -2 -1 0 1 2 -2 -1 0 1 2 -2 -1 0 1 2 -2 -1 0 1 2 -2 -1 0 1 2 -2 -1 0 1 2 -2 -1 0 1 2 -2 -1 0 1 2 -2 -1 0 1 2 -2 -1 0 1 2 -2 -1 0 1 2 -2 -1 0 1 2 -2 -1 0 1 2 -2 -1 0 1 2 -2 -1 0 1 2 -2 -1 0 1 2 -2 -1 0 1 2 -2 -1 0 1 2 -2 -1 0 1 2 -2 -1 0 1 2 -2 -1 0 1 2 -2 -1 0 1 2 -2 -1 0 1 2 -2 -1 0 1 2 -2 -1 0 1 2 -2 -1 0 1 2 -2 -1 0 1 2 -2 -1 0 1 2 -2 -1 0 1 2 -2 -1 0 1 2 -2 -1 0 1 2 -2 -1 0 1 2 -2 -1 0 1 2 -2 -1 0 1 2 -2 -1 0 1 2 -2 -1 0 1 2 -2 -1 0 1 2 -2 -1 0 1 2 -2 -1 0 1 2 -2 -1 0 1 2 -2 -1 0 1 2 -2 -1 0 1 2 -2 -1 0 1 2 -2 -1 0 1 2 -2 -1 0 1 2 -2 -1 0 1 2 -2 -1 0 1 2 -2 -1 0 1 2 -2 -1 0 1 2 -2 -1 0 1 2 -2 -1 0 1 2 -2 -1 0 1 2 -2 -1 0 1 2 -2 -1 0 1 2 -2 -1 0 1 2 -2 -1 0 1 2 -2 -1 0 1 2 -2 -1 0 1 2 -2 -1 0 1 2 -2 -1 0 1 2 -2 -1 0 1 2 -2 -1 0 1 2 -2 -1 0 1 2 -2 -1 0 1 2 -2
1 -2 0 2 -1 1 -2 0 2 -1 1 -2 0 2 -1 1 -2 0 2 -1 1 -2 0 2 -1 1 -2 0 2 -1 1 -2 0 2 -1 1 -2 0 2 -1 1 -2 0 2 -1 1 -2 0 2 -1 1 -2 0 2 -1 1 -2 0 2 -1 1 -2 0 2 -1 1 -2 0 2 -1 1 -2 0 2 -1 1 -2 0 2 -1 1 -2 0 2 -1 1 -2 0 2 -1 1 -2 0 2 -1 1 -2 0 2 -1 1 -2 0 2 -1 1 -2 0 2 -1 1 -2 0 2 -1 1 -2 0 2 -1 1 -2 0 2 -1 1 -2 0 2 -1 1 -2 0 2 -1 1 -2 0 2 -1 1 -2 0 2 -1 1 -2 0 2 -1 1 -2 0 2 -1 1 -2 0 2 -1 1 -2 0 2 -1 1 -2 0 2 722 1 -2 0 2 -1 1 -2 0 2 -1 1 -2 0 2 -1 1 -2 0 2 -1 1 -2 0 2 -1 1 -2 0 2 -1 1 -2 0 2 -1 1 -2 0 2 -1 1 -2 0 2 -1 1 -2 0 2 -1 1 -2 0 2 -1 1 -2 0 2 -1 1 -2 0 2 -1 1 -2 0 2 -1 1 -2 0 2 -1 1 -2 0 2 -1 1 -2 0 2 -1 1 -2 0 2 -1 1 -2 0 2 -1 1 -2 0 2 -1 1 -2 0 2 -1 1 -2 0 2 -1 1 -2 0 2 -1 1 -2 0 2 -1 1 -2 0 2 -1 1 -2 0 2 -1 1 -2 0 2 -1 1 -2 0 2 -1 1 -2 0 2 -1 1 -2 0 2 -1 1 -2 0 2 -1 1 -2 0 2 -1 1 -2 0 2 -1 1 -2 0 2 -1 1 -2 0 2 -1 1 -2 0 2 -1 1 -2 0 2 -1 1 -2 0 2 -1 1 -2 0 2 -1 1 -2 0 2 -1 1 -2 0 2 -1 1 -2 0 2 -1 1 -2 0 2 -1 1 -2 0 2 -1 1 -2 0 2 -1 1 -2 0 2 -1 1 -2 0 2 -1 1 -2 0 2 -1 1 -2 0 2 -1 1 -2 0 2 -1 1 -2 0 2 -1 1 -2 0 2 -1 1 -2 0 2 -1 1 -2 0 2 -1 1 -2 0 2 -1 1 -2 0 2 -1 1 -2 0 2 -1 1 -2 0 2 -1 1 -2 0 2 -1 1 -2 0 2 -1 1 -2 0 2 -1 1 -2 0 2 -1 1 -2 0 2 -1 1 -2 0 2 -1 1 -2 0 2 -1 1 -2 0 2 -1 1 -2 0 2 -1 1 -2 0 2 -1 1 -2 0 2 -1 1 -2 0 2 -1 1 -2 0 2 -1 1 -2 0 2 -1 1 -2 0 2 -1 1 -2 0 2 -1 1 -2 0 2 -1 1 -2 0 2 -1 1 -2 0 2 -1 1 -2 0 2 -1 1 -2 0 2 -1 1 -2 0 2 -1 1 -2 0 2 -1 1 -2 0 2 -1 1 -2 0 2 -1 1 -2 0 2 -1 1 -2 0 2 -1 1 -2 0 2 -1
-2 1 -1 2 0 -2 1 -1 2 0 -2 1 -1 2 0 -2 1 -1 2 0 -2 1 -1 2 0 -2 1 -1 2 0 -2 1 -1 2 0 -2 1 -1 2 0 -2 1 -1 2 0 -2 1 -1 2 0 -2 1 -1 2 0 -2 1 -1 2 0 -2 1 -1 2 0 -2 1 -1 2 0 -2 1 -1 2 0 -2 1 -1 2 0 -2 1 -1 2 0 -2 1 -1 2 0 -2 1 -1 2 0 -2 1 -1 2 0 -2 1 -1 2 0 -2 1 -1 2 0 -2 1 -1 2 0 -2 1 -1 2 0 -2 1 -1 2 0 -2 1 -1 2 0 -2 1 -1 2 0 -2 1 -1 2 0 -2 1 -1 2 0 -2 1 -1 2 0 -2 1 -1 2 0 -2 1 -1 2 0 -2 1 -1 2 0 -2 1 -1 2 0 721 1 -1 2 0 -2 1 -1 2 0 -2 1 -1 2 0 -2 1 -1 2 0 -2 1 -1 2 0 -2 1 -1 2 0 -2 1 -1 2 0 -2 1 -1 2 0 -2 1 -1 2 0 -2 1 -1 2 0 -2 1 -1 2 0 -2 1 -1 2 0 -2 1 -1 2 0 -2 1 -1 2 0 -2 1 -1 2 0 -2 1 -1 2 0 -2 1 -1 2 0 -2 1 -1 2 0 -2 1 -1 2 0 -2 1 -1 2 0 -2 1 -1 2 0 -2 1 -1 2 0 -2 1 -1 2 0 -2 1 -1 2 0 -2 1 -1 2 0 -2 1 -1 2 0 -2 1 -1 2 0 -2 1 -1 2 0 -2 1 -1 2 0 -2 1 -1 2 0 -2 1 -1 2 0 -2 1 -1 2 0 -2 1 -1 2 0 -2 1 -1 2 0 -2 1 -1 2 0 -2 1 -1 2 0 -2 1 -1 2 0 -2 1 -1 2 0 -2 1 -1 2 0 -2 1 -1 2 0 -2 1 -1 2 0 -2 1 -1 2 0 -2 1 -1 2 0 -2 1 -1 2 0 -2 1 -1 2 0 -2 1 -1 2 0 -2 1 -1 2 0 -2 1 -1 2 0 -2 1 -1 2 0 -2 1 -1 2 0 -2 1 -1 2 0 -2 1 -1 2 0 -2 1 -1 2 0 -2 1 -1 2 0 -2 1 -1 2 0 -2 1 -1 2 0 -2 1 -1 2 0 -2 1 -1 2 0 -2 1 -1 2 0 -2 1 -1 2 0 -2 1 -1 2 0 -2 1 -1 2 0 -2 1 -1 2 0 -2 1 -1 2 0 -2 1 -1 2 0 -2 1 -1 2 0 -2 1 -1 2 0 -2 1 -1 2 0 -2 1 -1 2 0 -2 1 -1 2 0 -2 1 -1 2 0 -2 1 -1 2 0 -2 1 -1 2 0 -2 1 -1 2 0 -2 1 -1 2 0 -2 1 -1 2 0 -2 1 -1 2 0 -2 1 -1 2 0 -2 1 -1 2 0 -2 1 -1 2 0 -2 1 -1 2 0 -2 1 -1 2 0 -2 1 -1 2 0 -2 1 -1 2 0 -2 1 -1 2 0 -2 1 -1 2 0
0 -1 -2 2 1 0 -1 -2 2 1 0 -1 -2 2 1 0 -1 -2 2 1 0 -1 -2 2 1 0 -1 -2 2 1 0 -1 -2 2 1 0 -1 -2 2 1 0 -1 -2 2 1 0 -1 -2 2 1 0 -1 -2 2 1 0 -1 -2 2 1 0 -1 -2 2 1 0 -1 -2 2 1 0 -1 -2 2 1 0 -1 -2 2 1 0 -1 -2 2 1 0 -1 -2 2 1 0 -1 -2 2 1 0 -1 -2 2 1 0 -1 -2 2 1 0 -1 -2 2 1 0 -1 -2 2 1 0 -1 -2 2 1 0 -1 -2 2 1 0 -1 -2 2 1 0 -1 -2 2 1 0 -1 -2 2 1 0 -1 -2 2 1 0 -1 -2 2 1 0 -1 -2 2 1 0 -1 -2 2 1 0 -1 -2 2 1 0 -1 -2 2 1 0 722 -2 2 1 0 -1 -2 2 1 0 -1 -2 2 1 0 -1 -2 2 1 0 -1 -2 2 1 0 -1 -2 2 1 0 -1 -2 2 1 0 -1 -2 2 1 0 -1 -2 2 1 0 -1 -2 2 1 0 -1 -2 2 1 0 -1 -2 2 1 0 -1 -2 2 1 0 -1 -2 2 1 0 -1 -2 2 1 0 -1 -2 2 1 0 -1 -2 2 1 0 -1 -2 2 1 0 -1 -2 2 1 0 -1 -2 2 1 0 -1 -2 2 1 0 -1 -2 2 1 0 -1 -2 2 1 0 -1 -2 2 1 0 -1 -2 2 1 0 -1 -2 2 1 0 -1 -2 2 1 0 -1 -2 2 1 0 -1 -2 2 1 0 -1 -2 2 1 0 -1 -2 2 1 0 -1 -2 2 1 0 -1 -2 2 1 0 -1 -2 2 1 0 -1 -2 2 1 0 -1 -2 2 1 0 -1 -2 2 1 0 -1 -2 2 1 0 -1 -2 2 1 0 -1 -2 2 1 0 -1 -2 2 1 0 -1 -2 2 1 0 -1 -2 2 1 0 -1 -2 2 1 0 -1 -2 2 1 0 -1 -2 2 1 0 -1 -2 2 1 0 -1 -2 2 1 0 -1 -2 2 1 0 -1 -2 2 1 0 -1 -2 2 1 0 -1 -2 2 1 0 -1 -2 2 1 0 -1 -2 2 1 0 -1 -2 2 1 0 -1 -2 2 1 0 -1 -2 2 1 0 -1 -2 2 1 0 -1 -2 2 1 0 -1 -2 2 1 0 -1 -2 2 1 0 -1 -2 2 1 0 -1 -2 2 1 0 -1 -2 2 1 0 -1 -2 2 1 0 -1 -2 2 1 0 -1 -2 2 1 0 -1 -2 2 1 0 -1 -2 2 1 0 -1 -2 2 1 0 -1 -2 2 1 0 -1 -2 2 1 0 -1 -2 2 1 0 -1 -2 2 1 0 -1 -2 2 1 0 -1 -2 2 1 0 -1 -2 2 1 0 -1 -2 2 1 0 -1 -2 2 1 0 -1 -2 2 1 0 -1 -2 2 1 0 -1 -2 2 1 0 -1 -2 2 1 0 -1 -2 2 1 0 -1 -2 2 1 0 -1 -2 2 1
2 2 2 2 2 2 2 2 2 2 2 2 2 2 2 2 2 2 2 2 2 2 2 2 2 2 2 2 2 2 2 2 2 2 2 2 2 2 2 2 2 2 2 2 2 2 2 2 2 2 2 2 2 2 2 2 2 2 2 2 2 2 2 2 2 2 2 2 2 2 2 2 2 2 2 2 2 2 2 2 2 2 2 2 2 2 2 2 2 2 2 2 2 2 2 2 2 2 2 2 2 2 2 2 2 2 2 2 2 2 2 2 2 2 2 2 2 2 2 2 2 2 2 2 2 2 2 2 2 2 2 2 2 2 2 2 2 2 2 2 2 2 2 2 2 2 2 2 2 2 2 2 2 2 2 2 2 2 2 2 2 2 2 2 2 2 2 2 2 2 2 2 1201 2 2 2 2 2 2 2 2 2 2 2 2 2 2 2 2 2 2 2 2 2 2 2 2 2 2 2 2 2 2 2 2 2 2 2 2 2 2 2 2 2 2 2 2 2 2 2 2 2 2 2 2 2 2 2 2 2 2 2 2 2 2 2 2 2 2 2 2 2 2 2 2 2 2 2 2 2 2 2 2 2 2 2 2 2 2 2 2 2 2 2 2 2 2 2 2 2 2 2 2 2 2 2 2 2 2 2 2 2 2 2 2 2 2 2 2 2 2 2 2 2 2 2 2 2 2 2 2 2 2 2 2 2 2 2 2 2 2 2 2 2 2 2 2 2 2 2 2 2 2 2 2 2 2 2 2 2 2 2 2 2 2 2 2 2 2 2 2 2 2 2 2 2 2 2 2 2 2 2 2 2 2 2 2 2 2 2 2 2 2 2 2 2 2 2 2 2 2 2 2 2 2 2 2 2 2 2 2 2 2 2 2 2 2 2 2 2 2 2 2 2 2 2 2 2 2 2 2 2 2 2 2 2 2 2 2 2 2 2 2 2 2 2 2 2 2 2 2 2 2 2 2 2 2 2 2 2 2 2 2 2 2 2 2 2 2 2 2 2 2 2 2 2 2 2 2 2 2 2 2 2 2 2 2 2 2 2 2 2 2 2 2 2 2 2 2 2 2 2 2 2 2 2 2 2 2 2 2 2 2 2 2 2 2 2 2 2 2 2 2 2 2 2 2 2 2 2 2 2 2 2 2 2 2 2 2 2 2 2 2 2 2 2 2 2 2 2 2 2 2 2 2 2 2 2 2 2 2 2 2 2 2 2 2 2 2 2 2 2 2 2 2 2 2 2 2 2 2 2 2 2 2 2 2 2 2 2 2 2 2 2 2 2 2 2 2 2 2 2 2 2 2 2 2 2 2 2 2 2 2 2 2 2 2 2 2 2 2 2 2 2 2 2 2 2 2 2
-1 0 1 2 -2 -1 0 1 2 -2 -1 0 1 2 -2 -1 0 1 2 -2 -1 0 1 2 -2 -1 0 1 2 -2 -1 0 1 2 -2 -1 0 1 2 -2 -1 0 1 2 -2 -1 0 1 2 -2 -1 0 1 2 -2 -1 0 1 2 -2 -1 0 1 2 -2 -1 0 1 2 -2 -1 0 1 2 -2 -1 0 1 2 -2 -1 0 1 2 -2 -1 0 1 2 -2 -1 0 1 2 -2 -1 0 1 2 -2 -1 0 1 2 -2 -1 0 1 2 -2 -1 0 1 2 -2 -1 0 1 2 -2 -1 0 1 2 -2 -1 0 1 2 -2 -1 0 1 2 -2 -1 0 1 2 -2 -1 0 1 2 -2 -1 0 1 2 -2 -1 0 1 2 -2 -1 0 1 2 -2 -1 0 1 2 -2 -1 0 1 2 -2 -1 0 1 721 -2 -1 0 1 2 -2 -1 0 1 2 -2 -1 0 1 2 -2 -1 0 1 2 -2 -1 0 1 2 -2 -1 0 1 2 -2 -1 0 1 2 -2 -1 0 1 2 -2 -1 0 1 2 -2 -1 0 1 2 -2 -1 0 1 2 -2 -1 0 1 2 -2 -1 0 1 2 -2 -1 0 1 2 -2 -1 0 1 2 -2 -1 0 1 2 -2 -1 0 1 2 -2 -1 0 1 2 -2 -1 0 1 2 -2 -1 0 1 2 -2 -1 0 1 2 -2 -1 0 1 2 -2 -1 0 1 2 -2 -1 0 1 2 -2 -1 0 1 2 -2 -1 0 1 2 -2 -1 0 1 2 -2 -1 0 1 2 -2 -1 0 1 2 -2 -1 0 1 2 -2 -1 0 1 2 -2 -1 0 1 2 -2 -1 0 1 2 -2 -1 0 1 2 -2 -1 0 1 2 -2 -1 0 1 2 -2 -1 0 1 2 -2 -1 0 1 2 -2 -1 0 1 2 -2 -1 0 1 2 -2 -1 0 1 2 -2 -1 0 1 2 -2 -1 0 1 2 -2 -1 0 1 2 -2 -1 0 1 2 -2 -1 0 1 2 -2 -1 0 1 2 -2 -1 0 1 2 -2 -1 0 1 2 -2 -1 0 1 2 -2 -1 0 1 2 -2 -1 0 1 2 -2 -1 0 1 2 -2 -1 0 1 2 -2 -1 0 1 2 -2 -1 0 1 2 -2 -1 0 1 2 -2 -1 0 1 2 -2 -1 0 1 2 -2 -1 0 1 2 -2 -1 0 1 2 -2 -1 0 1 2 -2 -1 0 1 2 -2 -1 0 1 2 -2 -1 0 1 2 -2 -1 0 1 2 -2 -1 0 1 2 -2 -1 0 1 2 -2 -1 0 1 2 -2 -1 0 1 2 -2 -1 0 1 2 -2 -1 0 1 2 -2 -1 0 1 2 -2 -1 0 1 2 -2 -1 0 1 2 -2 -1 0 1 2 -2 -1 0 1 2 -2 -1 0 1 2 -2 -1 0 1 2 -2 -1 0 1 2 -2 -1 0 1 2 -2 -1 0 1 2 -2 -1 0 1 2 -2 -1 0 1 2 -2 -1 0 1 2 -2
1 -2 0 2 -1 1 -2 0 2 -1 1 -2 0 2 -1 1 -2 0 2 -1 1 -2 0 2 -1 1 -2 0 2 -1 1 -2 0 2 -1 1 -2 0 2 -1 1 -2 0 2 -1 1 -2 0 2 -1 1 -2 0 2 -1 1 -2 0 2 -1 1 -2 0 2 -1 1 -2 0 2 -1 1 -2 0 2 -1 1 -2 0 2 -1 1 -2 0 2 -1 1 -2 0 2 -1 1 -2 0 2 -1 1 -2 0 2 -1 1 -2 0 2 -1 1 -2 0 2 -1 1 -2 0 2 -1 1 -2 0 2 -1 1 -2 0 2 -1 1 -2 0 2 -1 1 -2 0 2 -1 1 -2 0 2 -1 1 -2 0 2 -1 1 -2 0 2 -1 1 -2 0 2 -1 1 -2 0 2 -1 1 -2 0 2 -1 1 -2 0 2 -1 1 -2 0 2 722 1 -2 0 2 -1 1 -2 0 2 -1 1 -2 0 2 -1 1 -2 0 2 -1 1 -2 0 2 -1 1 -2 0 2 -1 1 -2 0 2 -1 1 -2 0 2 -1 1 -2 0 2 -1 1 -2 0 2 -1 1 -2 0 2 -1 1 -2 0 2 -1 1 -2 0 2 -1 1 -2 0 2 -1 1 -2 0 2 -1 1 -2 0 2 -1 1 -2 0 2 -1 1 -2 0 2 -1 1 -2 0 2 -1 1 -2 0 2 -1 1 -2 0 2 -1 1 -2 0 2 -1 1 -2 0 2 -1 1 -2 0 2 -1 1 -2 0 2 -1 1 -2 0 2 -1 1 -2 0 2 -1 1 -2 0 2 -1 1 -2 0 2 -1 1 -2 0 2 -1 1 -2 0 2 -1 1 -2 0 2 -1 1 -2 0 2 -1 1 -2 0 2 -1 1 -2 0 2 -1 1 -2 0 2 -1 1 -2 0 2 -1 1 -2 0 2 -1 1 -2 0 2 -1 1 -2 0 2 -1 1 -2 0 2 -1 1 -2 0 2 -1 1 -2 0 2 -1 1 -2 0 2 -1 1 -2 0 2 -1 1 -2 0 2 -1 1 -2 0 2 -1 1 -2 0 2 -1 1 -2 0 2 -1 1 -2 0 2 -1 1 -2 0 2 -1 1 -2 0 2 -1 1 -2 0 2 -1 1 -2 0 2 -1 1 -2 0 2 -1 1 -2 0 2 -1 1 -2 0 2 -1 1 -2 0 2 -1 1 -2 0 2 -1 1 -2 0 2 -1 1 -2 0 2 -1 1 -2 0 2 -1 1 -2 0 2 -1 1 -2 0 2 -1 1 -2 0 2 -1 1 -2 0 2 -1 1 -2 0 2 -1 1 -2 0 2 -1 1 -2 0 2 -1 1 -2 0 2 -1 1 -2 0 2 -1 1 -2 0 2 -1 1 -2 0 2 -1 1 -2 0 2 -1 1 -2 0 2 -1 1 -2 0 2 -1 1 -2 0 2 -1 1 -2 0 2 -1 1 -2 0 2 -1 1 -2 0 2 -1 1 -2 0 2 -1 1 -2 0 2 -1 1 -2 0 2 -1 1 -2 0 2 -1 1 -2 0 2 -1
-2 1 -1 2 0 -2 1 -1 2 0 -2 1 -1 2 0 -2 1 -1 2 0 -2 1 -1 2 0 -2 1 -1 2 0 -2 1 -1 2 0 -2 1 -1 2 0 -2 1 -1 2 0 -2 1 -1 2 0 -2 1 -1 2 0 -2 1 -1 2 0 -2 1 -1 2 0 -2 1 -1 2 0 -2 1 -1 2 0 -2 1 -1 2 0 -2 1 -1 2 0 -2 1 -1 2 0 -2 1 -1 2 0 -2 1 -1 2 0 -2 1 -1 2 0 -2 1 -1 2 0 -2 1 -1 2 0 -2 1 -1 2 0 -2 1 -1 2 0 -2 1 -1 2 0 -2 1 -1 2 0 -2 1 -1 2 0 -2 1 -1 2 0 -2 1 -1 2 0 -2 1 -1 2 0 -2 1 -1 2 0 -2 1 -1 2 0 -2 1 -1 2 0 -2 1 -1 2 0 721 1 -1 2 0 -2 1 -1 2 0 -2 1 -1 2 0 -2 1 -1 2 0 -2 1 -1 2 0 -2 1 -1 2 0 -2 1 -1 2 0 -2 1 -1 2 0 -2 1 -1 2 0 -2 1 -1 2 0 -2 1 -1 2 0 -2 1 -1 2 0 -2 1 -1 2 0 -2 1 -1 2 0 -2 1 -1 2 0 -2 1 -1 2 0 -2 1 -1 2 0 -2 1 -1 2 0 -2 1 -1 2 0 -2 1 -1 2 0 -2 1 -1 2 0 -2 1 -1 2 0 -2 1 -1 2 0 -2 1 -1 2 0 -2 1 -1 2 0 -2 1 -1 2 0 -2 1 -1 2 0 -2 1 -1 2 0 -2 1 -1 2 0 -2 1 -1 2 0 -2 1 -1 2 0 -2 1 -1 2 0 -2 1 -1 2 0 -2 1 -1 2 0 -2 1 -1 2 0 -2 1 -1 2 0 -2 1 -1 2 0 -2 1 -1 2 0 -2 1 -1 2 0 -2 1 -1 2 0 -2 1 -1 2 0 -2 1 -1 2 0 -2 1 -1 2 0 -2 1 -1 2 0 -2 1 -1 2 0 -2 1 -1 2 0 -2 1 -1 2 0 -2 1 -1 2 0 -2 1 -1 2 0 -2 1 -1 2 0 -2 1 -1 2 0 -2 1 -1 2 0 -2 1 -1 2 0 -2 1 -1 2 0 -2 1 -1 2 0 -2 1 -1 2 0 -2 1 -1 2 0 -2 1 -1 2 0 -2 1 -1 2 0 -2 1 -1 2 0 -2 1 -1 2 0 -2 1 -1 2 0 -2 1 -1 2 0 -2 1 -1 2 0 -2 1 -1 2 0 -2 1 -1 2 0 -2 1 -1 2 0 -2 1 -1 2 0 -2 1 -1 2 0 -2 1 -1 2 0 -2 1 -1 2 0 -2 1 -1 2 0 -2 1 -1 2 0 -2 1 -1 2 0 -2 1 -1 2 0 -2 1 -1 2 0 -2 1 -1 2 0 -2 1 -1 2 0 -2 1 -1 2 0 -2 1 -1 2 0 -2 1 -1 2 0 -2 1 -1 2 0 -2 1 -1 2 0 -2 1 -1 2 0 -2 1 -1 2 0
0 -1 -2 2 1 0 -1 -2 2 1 0 -1 -2 2 1 0 -1 -2 2 1 0 -1 -2 2 1 0 -1 -2 2 1 0 -1 -2 2 1 0 -1 -2 2 1 0 -1 -2 2 1 0 -1 -2 2 1 0 -1 -2 2 1 0 -1 -2 2 1 0 -1 -2 2 1 0 -1 -2 2 1 0 -1 -2 2 1 0 -1 -2 2 1 0 -1 -2 2 1 0 -1 -2 2 1 0 -1 -2 2 1 0 -1 -2 2 1 0 -1 -2 2 1 0 -1 -2 2 1 0 -1 -2 2 1 0 -1 -2 2 1 0 -1 -2 2 1 0 -1 -2 2 1 0 -1 -2 2 1 0 -1 -2 2 1 0 -1 -2 2 1 0 -1 -2 2 1 0 -1 -2 2 1 0 -1 -2 2 1 0 -1 -2 2 1 0 -1 -2 2 1 0 -1 -2 2 1 0 722 -2 2 1 0 -1 -2 2 1 0 -1 -2 2 1 0 -1 -2 2 1 0 -1 -2 2 1 0 -1 -2 2 1 0 -1 -2 2 1 0 -1 -2 2 1 0 -1 -2 2 1 0 -1 -2 2 1 0 -1 -2 2 1 0 -1 -2 2 1 0 -1 -2 2 1 0 -1 -2 2 1 0 -1 -2 2 1 0 -1 -2 2 1 0 -1 -2 2 1 0 -1 -2 2 1 0 -1 -2 2 1 0 -1 -2 2 1 0 -1 -2 2 1 0 -1 -2 2 1 0 -1 -2 2 1 0 -1 -2 2 1 0 -1 -2 2 1 0 -1 -2 2 1 0 -1 -2 2 1 0 -1 -2 2 1 0 -1 -2 2 1 0 -1 -2 2 1 0 -1 -2 2 1 0 -1 -2 2 1 0 -1 -2 2 1 0 -1 -2 2 1 0 -1 -2 2 1 0 -1 -2 2 1 0 -1 -2 2 1 0 -1 -2 2 1 0 -1 -2 2 1 0 -1 -2 2 1 0 -1 -2 2 1 0 -1 -2 2 1 0 -1 -2 2 1 0 -1 -2 2 1 0 -1 -2 2 1 0 -1 -2 2 1 0 -1 -2 2 1 0 -1 -2 2 1 0 -1 -2 2 1 0 -1 -2 2 1 0 -1 -2 2 1 0 -1 -2 2 1 0 -1 -2 2 1 0 -1 -2 2 1 0 -1 -2 2 1 0 -1 -2 2 1 0 -1 -2 2 1 0 -1 -2 2 1 0 -1 -2 2 1 0 -1 -2 2 1 0 -1 -2 2 1 0 -1 -2 2 1 0 -1 -2 2 1 0 -1 -2 2 1 0 -1 -2 2 1 0 -1 -2 2 1 0 -1 -2 2 1 0 -1 -2 2 1 0 -1 -2 2 1 0 -1 -2 2 1 0 -1 -2 2 1 0 -1 -2 2 1 0 -1 -2 2 1 0 -1 -2 2 1 0 -1 -2 2 1 0 -1 -2 2 1 0 -1 -2 2 1 0 -1 -2 2 1 0 -1 -2 2 1 0 -1 -2 2 1 0 -1 -2 2 1 0 -1 -2 2 1 0 -1 -2 2 1 0 -1 -2 2 1 0 -1 -2 2 1
2 2 2 2 2 2 2 2 2 2 2 2 2 2 2 2 2 2 2 2 2 2 2 2 2 2 2 2 2 2 2 2 2 2 2 2 2 2 2 2 2 2 2 2 2 2 2 2 2 2 2 2 2 2 2 2 2 2 2 2 2 2 2 2 2 2 2 2 2 2 2 2 2 2 2 2 2 2 2 2 2 2 2 2 2 2 2 2 2 2 2 2 2 2 2 2 2 2 2 2 2 2 2 2 2 2 2 2 2 2 2 2 2 2 2 2 2 2 2 2 2 2 2 2 2 2 2 2 2 2 2 2 2 2 2 2 2 2 2 2 2 2 2 2 2 2 2 2 2 2 2 2 2 2 2 2 2 2 2 2 2 2 2 2 2 2 2 2 2 2 2 2 2 2 2 2 2 1201 2 2 2 2 2 2 2 2 2 2 2 2 2 2 2 2 2 2 2 2 2 2 2 2 2 2 2 2 2 2 2 2 2 2 2 2 2 2 2 2 2 2 2 2 2 2 2 2 2 2 2 2 2 2 2 2 2 2 2 2 2 2 2 2 2 2 2 2 2 2 2 2 2 2 2 2 2 2 2 2 2 2 2 2 2 2 2 2 2 2 2 2 2 2 2 2 2 2 2 2 2 2 2 2 2 2 2 2 2 2 2 2 2 2 2 2 2 2 2 2 2 2 2 2 2 2 2 2 2 2 2 2 2 2 2 2 2 2 2 2 2 2 2 2 2 2 2 2 2 2 2 2 2 2 2 2 2 2 2 2 2 2 2 2 2 2 2 2 2 2 2 2 2 2 2 2 2 2 2 2 2 2 2 2 2 2 2 2 2 2 2 2 2 2 2 2 2 2 2 2 2 2 2 2 2 2 2 2 2 2 2 2 2 2 2 2 2 2 2 2 2 2 2 2 2 2 2 2 2 2 2 2 2 2 2 2 2 2 2 2 2 2 2 2 2 2 2 2 2 2 2 2 2 2 2 2 2 2 2 2 2 2 2 2 2 2 2 2 2 2 2 2 2 2 2 2 2 2 2 2 2 2 2 2 2 2 2 2 2 2 2 2 2 2 2 2 2 2 2 2 2 2 2 2 2 2 2 2 2 2 2 2 2 2 2 2 2 2 2 2 2 2 2 2 2 2 2 2 2 2 2 2 2 2 2 2 2 2 2 2 2 2 2 2 2 2 2 2 2 2 2 2 2 2 2 2 2 2 2 2 2 2 2 2 2 2 2 2 2 2 2 2 2 2 2 2 2 2 2 2 2 2 2 2 2 2 2 2 2 2 2 2 2 2 2 2 2 2 2 2 2 2 2 2 2 2 2 2 2 2 2 2 2 2 2 2 2 2 2 2 2 2
-1 0 1 2 -2 -1 0 1 2 -2 -1 0 1 2 -2 -1 0 1 2 -2 -1 0 1 2 -2 -1 0 1 2 -2 -1 0 1 2 -2 -1 0 1 2 -2 -1 0 1 2 -2 -1 0 1 2 -2 -1 0 1 2 -2 -1 0 1 2 -2 -1 0 1 2 -2 -1 0 1 2 -2 -1 0 1 2 -2 -1 0 1 2 -2 -1 0 1 2 -2 -1 0 1 2 -2 -1 0 1 2 -2 -1 0 1 2 -2 -1 0 1 2 -2 -1 0 1 2 -2 -1 0 1 2 -2 -1 0 1 2 -2 -1 0 1 2 -2 -1 0 1 2 -2 -1 0 1 2 -2 -1 0 1 2 -2 -1 0 1 2 -2 -1 0 1 2 -2 -1 0 1 2 -2 -1 0 1 2 -2 -1 0 1 2 -2 -1 0 1 2 -2 -1 0 1 2 -2 -1 0 1 721 -2 -1 0 1 2 -2 -1 0 1 2 -2 -1 0 1 2 -2 -1 0 1 2 -2 -1 0 1 2 -2 -1 0 1 2 -2 -1 0 1 2 -2 -1 0 1 2 -2 -1 0 1 2 -2 -1 0 1 2 -2 -1 0 1 2 -2 -1 0 1 2 -2 -1 0 1 2 -2 -1 0 1 2 -2 -1 0 1 2 -2 -1 0 1 2 -2 -1 0 1 2 -2 -1 0 1 2 -2 -1 0 1 2 -2 -1 0 1 2 -2 -1 0 1 2 -2 -1 0 1 2 -2 -1 0 1 2 -2 -1 0 1 2 -2 -1 0 1 2 -2 -1 0 1 2 -2 -1 0 1 2 -2 -1 0 1 2 -2 -1 0 1 2 -2 -1 0 1 2 -2 -1 0 1 2 -2 -1 0 1 2 -2 -1 0 1 2 -2 -1 0 1 2 -2 -1 0 1 2 -2 -1 0 1 2 -2 -1 0 1 2 -2 -1 0 1 2 -2 -1 0 1 2 -2 -1 0 1 2 -2 -1 0 1 2 -2 -1 0 1 2 -2 -1 0 1 2 -2 -1 0 1 2 -2 -1 0 1 2 -2 -1 0 1 2 -2 -1 0 1 2 -2 -1 0 1 2 -2 -1 0 1 2 -2 -1 0 1 2 -2 -1 0 1 2 -2 -1 0 1 2 -2 -1 0 1 2 -2 -1 0 1 2 -2 -1 0 1 2 -2 -1 0 1 2 -2 -1 0 1 2 -2 -1 0 1 2 -2 -1 0 1 2 -2 -1 0 1 2 -2 -1 0 1 2 -2 -1 0 1 2 -2 -1 0 1 2 -2 -1 0 1 2 -2 -1 0 1 2 -2 -1 0 1 2 -2 -1 0 1 2 -2 -1 0 1 2 -2 -1 0 1 2 -2 -1 0 1 2 -2 -1 0 1 2 -2 -1 0 1 2 -2 -1 0 1 2 -2 -1 0 1 2 -2 -1 0 1 2 -2 -1 0 1 2 -2 -1 0 1 2 -2 -1 0 1 2 -2 -1 0 1 2 -2 -1 0 1 2 -2 -1 0 1 2 -2 -1 0 1 2 -2 -1 0 1 2 -2 -1 0 1 2 -2
1 -2 0 2 -1 1 -2 0 2 -1 1 -2 0 2 -1 1 -2 0 2 -1 1 -2 0 2 -1 1 -2 0 2 -1 1 -2 0 2 -1 1 -2 0 2 -1 1 -2 0 2 -1 1 -2 0 2 -1 1 -2 0 2 -1 1 -2 0 2 -1 1 -2 0 2 -1 1 -2 0 2 -1 1 -2 0 2 -1 1 -2 0 2 -1 1 -2 0 2 -1 1 -2 0 2 -1 1 -2 0 2 -1 1 -2 0 2 -1 1 -2 0 2 -1 1 -2 0 2 -1 1 -2 0 2 -1 1 -2 0 2 -1 1 -2 0 2 -1 1 -2 0 2 -1 1 -2 0 2 -1 1 -2 0 2 -1 1 -2 0 2 -1 1 -2 0 2 -1 1 -2 0 2 -1 1 -2 0 2 -1 1 -2 0 2 -1 1 -2 0 2 -1 1 -2 0 2 -1 1 -2 0 2 722 1 -2 0 2 -1 1 -2 0 2 -1 1 -2 0 2 -1 1 -2 0 2 -1 1 -2 0 2 -1 1 -2 0 2 -1 1 -2 0 2 -1 1 -2 0 2 -1 1 -2 0 2 -1 1 -2 0 2 -1 1 -2 0 2 -1 1 -2 0 2 -1 1 -2 0 2 -1 1 -2 0 2 -1 1 -2 0 2 -1 1 -2 0 2 -1 1 -2 0 2 -1 1 -2 0 2 -1 1 -2 0 2 -1 1 -2 0 2 -1 1 -2 0 2 -1 1 -2 0 2 -1 1 -2 0 2 -1 1 -2 0 2 -1 1 -2 0 2 -1 1 -2 0 2 -1 1 -2 0 2 -1 1 -2 0 2 -1 1 -2 0 2 -1 1 -2 0 2 -1 1 -2 0 2 -1 1 -2 0 2 -1 1 -2 0 2 -1 1 -2 0 2 -1 1 -2 0 2 -1 1 -2 0 2 -1 1 -2 0 2 -1 1 -2 0 2 -1 1 -2 0 2 -1 1 -2 0 2 -1 1 -2 0 2 -1 1 -2 0 2 -1 1 -2 0 2 -1 1 -2 0 2 -1 1 -2 0 2 -1 1 -2 0 2 -1 1 -2 0 2 -1 1 -2 0 2 -1 1 -2 0 2 -1 1 -2 0 2 -1 1 -2 0 2 -1 1 -2 0 2 -1 1 -2 0 2 -1 1 -2 0 2 -1 1 -2 0 2 -1 1 -2 0 2 -1 1 -2 0 2 -1 1 -2 0 2 -1 1 -2 0 2 -1 1 -2 0 2 -1 1 -2 0 2 -1 1 -2 0 2 -1 1 -2 0 2 -1 1 -2 0 2 -1 1 -2 0 2 -1 1 -2 0 2 -1 1 -2 0 2 -1 1 -2 0 2 -1 1 -2 0 2 -1 1 -2 0 2 -1 1 -2 0 2 -1 1 -2 0 2 -1 1 -2 0 2 -1 1 -2 0 2 -1 1 -2 0 2 -1 1 -2 0 2 -1 1 -2 0 2 -1 1 -2 0 2 -1 1 -2 0 2 -1 1 -2 0 2 -1 1 -2 0 2 -1 1 -2 0 2 -1 1 -2 0 2 -1 1 -2 0 2 -1
-2 1 -1 2 0 -2 1 -1 2 0 -2 1 -1 2 0 -2 1 -1 2 0 -2 1 -1 2 0 -2 1 -1 2 0 -2 1 -1 2 0 -2 1 -1 2 0 -2 1 -1 2 0 -2 1 -1 2 0 -2 1 -1 2 0 -2 1 -1 2 0 -2 1 -1 2 0 -2 1 -1 2 0 -2 1 -1 2 0 -2 1 -1 2 0 -2 1 -1 2 0 -2 1 -1 2 0 -2 1 -1 2 0 -2 1 -1 2 0 -2 1 -1 2 0 -2 1 -1 2 0 -2 1 -1 2 0 -2 1 -1 2 0 -2 1 -1 2 0 -2 1 -1 2 0 -2 1 -1 2 0 -2 1 -1 2 0 -2 1 -1 2 0 -2 1 -1 2 0 -2 1 -1 2 0 -2 1 -1 2 0 -2 1 -1 2 0 -2 1 -1 2 0 -2 1 -1 2 0 -2 1 -1 2 0 721 1 -1 2 0 -2 1 -1 2 0 -2 1 -1 2 0 -2 1 -1 2 0 -2 1 -1 2 0 -2 1 -1 2 0 -2 1 -1 2 0 -2 1 -1 2 0 -2 1 -1 2 0 -2 1 -1 2 0 -2 1 -1 2 0 -2 1 -1 2 0 -2 1 -1 2 0 -2 1 -1 2 0 -2 1 -1 2 0 -2 1 -1 2 0 -2 1 -1 2 0 -2 1 -1 2 0 -2 1 -1 2 0 -2 1 -1 2 0 -2 1 -1 2 0 -2 1 -1 2 0 -2 1 -1 2 0 -2 1 -1 2 0 -2 1 -1 2 0 -2 1 -1 2 0 -2 1 -1 2 0 -2 1 -1 2 0 -2 1 -1 2 0 -2 1 -1 2 0 -2 1 -1 2 0 -2 1 -1 2 0 -2 1 -1 2 0 -2 1 -1 2 0 -2 1 -1 2 0 -2 1 -1 2 0 -2 1 -1 2 0 -2 1 -1 2 0 -2 1 -1 2 0 -2 1 -1 2 0 -2 1 -1 2 0 -2 1 -1 2 0 -2 1 -1 2 0 -2 1 -1 2 0 -2 1 -1 2 0 -2 1 -1 2 0 -2 1 -1 2 0 -2 1 -1 2 0 -2 1 -1 2 0 -2 1 -1 2 0 -2 1 -1 2 0 -2 1 -1 2 0 -2 1 -1 2 0 -2 1 -1 2 0 -2 1 -1 2 0 -2 1 -1 2 0 -2 1 -1 2 0 -2 1 -1 2 0 -2 1 -1 2 0 -2 1 -1 2 0 -2 1 -1 2 0 -2 1 -1 2 0 -2 1 -1 2 0 -2 1 -1 2 0 -2 1 -1 2 0 -2 1 -1 2 0 -2 1 -1 2 0 -2 1 -1 2 0 -2 1 -1 2 0 -2 1 -1 2 0 -2 1 -1 2 0 -2 1 -1 2 0 -2 1 -1 2 0 -2 1 -1 2 0 -2 1 -1 2 0 -2 1 -1 2 0 -2 1 -1 2 0 -2 1 -1 2 0 -2 1 -1 2 0 -2 1 -1 2 0 -2 1 -1 2 0 -2 1 -1 2 0 -2 1 -1 2 0 -2 1 -1 2 0
0 -1 -2 2 1 0 -1 -2 2 1 0 -1 -2 2 1 0 -1 -2 2 1 0 -1 -2 2 1 0 -1 -2 2 1 0 -1 -2 2 1 0 -1 -2 2 1 0 -1 -2 2 1 0 -1 -2 2 1 0 -1 -2 2 1 0 -1 -2 2 1 0 -1 -2 2 1 0 -1 -2 2 1 0 -1 -2 2 1 0 -1 -2 2 1 0 -1 -2 2 1 0 -1 -2 2 1 0 -1 -2 2 1 0 -1 -2 2 1 0 -1 -2 2 1 0 -1 -2 2 1 0 -1 -2 2 1 0 -1 -2 2 1 0 -1 -2 2 1 0 -1 -2 2 1 0 -1 -2 2 1 0 -1 -2 2 1 0 -1 -2 2 1 0 -1 -2 2 1 0 -1 -2 2 1 0 -1 -2 2 1 0 -1 -2 2 1 0 -1 -2 2 1 0 -1 -2 2 1 0 -1 -2 2 1 0 722 -2 2 1 0 -1 -2 2 1 0 -1 -2 2 1 0 -1 -2 2 1 0 -1 -2 2 1 0 -1 -2 2 1 0 -1 -2 2 1 0 -1 -2 2 1 0 -1 -2 2 1 0 -1 -2 2 1 0 -1 -2 2 1 0 -1 -2 2 1 0 -1 -2 2 1 0 -1 -2 2 1 0 -1 -2 2 1 0 -1 -2 2 1 0 -1 -2 2 1 0 -1 -2 2 1 0 -1 -2 2 1 0 -1 -2 2 1 0 -1 -2 2 1 0 -1 -2 2 1 0 -1 -2 2 1 0 -1 -2 2 1 0 -1 -2 2 1 0 -1 -2 2 1 0 -1 -2 2 1 0 -1 -2 2 1 0 -1 -2 2 1 0 -1 -2 2 1 0 -1 -2 2 1 0 -1 -2 2 1 0 -1 -2 2 1 0 -1 -2 2 1 0 -1 -2 2 1 0 -1 -2 2 1 0 -1 -2 2 1 0 -1 -2 2 1 0 -1 -2 2 1 0 -1 -2 2 1 0 -1 -2 2 1 0 -1 -2 2 1 0 -1 -2 2 1 0 -1 -2 2 1 0 -1 -2 2 1 0 -1 -2 2 1 0 -1 -2 2 1 0 -1 -2 2 1 0 -1 -2 2 1 0 -1 -2 2 1 0 -1 -2 2 1 0 -1 -2 2 1 0 -1 -2 2 1 0 -1 -2 2 1 0 -1 -2 2 1 0 -1 -2 2 1 0 -1 -2 2 1 0 -1 -2 2 1 0 -1 -2 2 1 0 -1 -2 2 1 0 -1 -2 2 1 0 -1 -2 2 1 0 -1 -2 2 1 0 -1 -2 2 1 0 -1 -2 2 1 0 -1 -2 2 1 0 -1 -2 2 1 0 -1 -2 2 1 0 -1 -2 2 1 0 -1 -2 2 1 0 -1 -2 2 1 0 -1 -2 2 1 0 -1 -2 2 1 0 -1 -2 2 1 0 -1 -2 2 1 0 -1 -2 2 1 0 -1 -2 2 1 0 -1 -2 2 1 0 -1 -2 2 1 0 -1 -2 2 1 0 -1 -2 2 1 0 -1 -2 2 1 0 -1 -2 2 1 0 -1 -2 2 1
2 2 2 2 2 2 2 2 2 2 2 2 2 2 2 2 2 2 2 2 2 2 2 2 2 2 2 2 2 2 2 2 2 2 2 2 2 2 2 2 2 2 2 2 2 2 2 2 2 2 2 2 2 2 2 2 2 2 2 2 2 2 2 2 2 2 2 2 2 2 2 2 2 2 2 2 2 2 2 2 2 2 2 2 2 2 2 2 2 2 2 2 2 2 2 2 2 2 2 2 2 2 2 2 2 2 2 2 2 2 2 2 2 2 2 2 2 2 2 2 2 2 2 2 2 2 2 2 2 2 2 2 2 2 2 2 2 2 2 2 2 2 2 2 2 2 2 2 2 2 2 2 2 2 2 2 2 2 2 2 2 2 2 2 2 2 2 2 2 2 2 2 2 2 2 2 2 2 2 2 2 2 1201 2 2 2 2 2 2 2 2 2 2 2 2 2 2 2 2 2 2 2 2 2 2 2 2 2 2 2 2 2 2 2 2 2 2 2 2 2 2 2 2 2 2 2 2 2 2 2 2 2 2 2 2 2 2 2 2 2 2 2 2 2 2 2 2 2 2 2 2 2 2 2 2 2 2 2 2 2 2 2 2 2 2 2 2 2 2 2 2 2 2 2 2 2 2 2 2 2 2 2 2 2 2 2 2 2 2 2 2 2 2 2 2 2 2 2 2 2 2 2 2 2 2 2 2 2 2 2 2 2 2 2 2 2 2 2 2 2 2 2 2 2 2 2 2 2 2 2 2 2 2 2 2 2 2 2 2 2 2 2 2 2 2 2 2 2 2 2 2 2 2 2 2 2 2 2 2 2 2 2 2 2 2 2 2 2 2 2 2 2 2 2 2 2 2 2 2 2 2 2 2 2 2 2 2 2 2 2 2 2 2 2 2 2 2 2 2 2 2 2 2 2 2 2 2 2 2 2 2 2 2 2 2 2 2 2 2 2 2 2 2 2 2 2 2 2 2 2 2 2 2 2 2 2 2 2 2 2 2 2 2 2 2 2 2 2 2 2 2 2 2 2 2 2 2 2 2 2 2 2 2 2 2 2 2 2 2 2 2 2 2 2 2 2 2 2 2 2 2 2 2 2 2 2 2 2 2 2 2 2 2 2 2 2 2 2 2 2 2 2 2 2 2 2 2 2 2 2 2 2 2 2 2 2 2 2 2 2 2 2 2 2 2 2 2 2 2 2 2 2 2 2 2 2 2 2 2 2 2 2 2 2 2 2 2 2 2 2 2 2 2 2 2 2 2 2 2 2 2 2 2 2 2 2 2 2 2 2 2 2 2 2 2 2 2 2 2 2 2 2 2 2 2 2 2 2 2 2 2 2 2 2 2 2 2 2 2 2
-1 0 1 2 -2 -1 0 1 2 -2 -1 0 1 2 -2 -1 0 1 2 -2 -1 0 1 2 -2 -1 0 1 2 -2 -1 0 1 2 -2 -1 0 1 2 -2 -1 0 1 2 -2 -1 0 1 2 -2 -1 0 1 2 -2 -1 0 1 2 -2 -1 0 1 2 -2 -1 0 1 2 -2 -1 0 1 2 -2 -1 0 1 2 -2 -1 0 1 2 -2 -1 0 1 2 -2 -1 0 1 2 -2 -1 0 1 2 -2 -1 0 1 2 -2 -1 0 1 2 -2 -1 0 1 2 -2 -1 0 1 2 -2 -1 0 1 2 -2 -1 0 1 2 -2 -1 0 1 2 -2 -1 0 1 2 -2 -1 0 1 2 -2 -1 0 1 2 -2 -1 0 1 2 -2 -1 0 1 2 -2 -1 0 1 2 -2 -1 0 1 2 -2 -1 0 1 2 -2 -1 0 1 2 -2 -1 0 1 721 -2 -1 0 1 2 -2 -1 0 1 2 -2 -1 0 1 2 -2 -1 0 1 2 -2 -1 0 1 2 -2 -1 0 1 2 -2 -1 0 1 2 -2 -1 0 1 2 -2 -1 0 1 2 -2 -1 0 1 2 -2 -1 0 1 2 -2 -1 0 1 2 -2 -1 0 1 2 -2 -1 0 1 2 -2 -1 0 1 2 -2 -1 0 1 2 -2 -1 0 1 2 -2 -1 0 1 2 -2 -1 0 1 2 -2 -1 0 1 2 -2 -1 0 1 2 -2 -1 0 1 2 -2 -1 0 1 2 -2 -1 0 1 2 -2 -1 0 1 2 -2 -1 0 1 2 -2 -1 0 1 2 -2 -1 0 1 2 -2 -1 0 1 2 -2 -1 0 1 2 -2 -1 0 1 2 -2 -1 0 1 2 -2 -1 0 1 2 -2 -1 0 1 2 -2 -1 0 1 2 -2 -1 0 1 2 -2 -1 0 1 2 -2 -1 0 1 2 -2 -1 0 1 2 -2 -1 0 1 2 -2 -1 0 1 2 -2 -1 0 1 2 -2 -1 0 1 2 -2 -1 0 1 2 -2 -1 0 1 2 -2 -1 0 1 2 -2 -1 0 1 2 -2 -1 0 1 2 -2 -1 0 1 2 -2 -1 0 1 2 -2 -1 0 1 2 -2 -1 0 1 2 -2 -1 0 1 2 -2 -1 0 1 2 -2 -1 0 1 2 -2 -1 0 1 2 -2 -1 0 1 2 -2 -1 0 1 2 -2 -1 0 1 2 -2 -1 0 1 2 -2 -1 0 1 2 -2 -1 0 1 2 -2 -1 0 1 2 -2 -1 0 1 2 -2 -1 0 1 2 -2 -1 0 1 2 -2 -1 0 1 2 -2 -1 0 1 2 -2 -1 0 1 2 -2 -1 0 1 2 -2 -1 0 1 2 -2 -1 0 1 2 -2 -1 0 1 2 -2 -1 0 1 2 -2 -1 0 1 2 -2 -1 0 1 2 -2 -1 0 1 2 -2 -1 0 1 2 -2 -1 0 1 2 -2 -1 0 1 2 -2 -1 0 1 2 -2 -1 0 1 2 -2 -1 0 1 2 -2
1 -2 0 2 -1 1 -2 0 2 -1 1 -2 0 2 -1 1 -2 0 2 -1 1 -2 0 2 -1 1 -2 0 2 -1 1 -2 0 2 -1 1 -2 0 2 -1 1 -2 0 2 -1 1 -2 0 2 -1 1 -2 0 2 -1 1 -2 0 2 -1 1 -2 0 2 -1 1 -2 0 2 -1 1 -2 0 2 -1 1 -2 0 2 -1 1 -2 0 2 -1 1 -2 0 2 -1 1 -2 0 2 -1 1 -2 0 2 -1 1 -2 0 2 -1 1 -2 0 2 -1 1 -2 0 2 -1 1 -2 0 2 -1 1 -2 0 2 -1 1 -2 0 2 -1 1 -2 0 2 -1 1 -2 0 2 -1 1 -2 0 2 -1 1 -2 0 2 -1 1 -2 0 2 -1 1 -2 0 2 -1 1 -2 0 2 -1 1 -2 0 2 -1 1 -2 0 2 -1 1 -2 0 2 -1 1 -2 0 2 722 1 -2 0 2 -1 1 -2 0 2 -1 1 -2 0 2 -1 1 -2 0 2 -1 1 -2 0 2 -1 1 -2 0 2 -1 1 -2 0 2 -1 1 -2 0 2 -1 1 -2 0 2 -1 1 -2 0 2 -1 1 -2 0 2 -1 1 -2 0 2 -1 1 -2 0 2 -1 1 -2 0 2 -1 1 -2 0 2 -1 1 -2 0 2 -1 1 -2 0 2 -1 1 -2 0 2 -1 1 -2 0 2 -1 1 -2 0 2 -1 1 -2 0 2 -1 1 -2 0 2 -1 1 -2 0 2 -1 1 -2 0 2 -1 1 -2 0 2 -1 1 -2 0 2 -1 1 -2 0 2 -1 1 -2 0 2 -1 1 -2 0 2 -1 1 -2 0 2 -1 1 -2 0 2 -1 1 -2 0 2 -1 1 -2 0 2 -1 1 -2 0 2 -1 1 -2 0 2 -1 1 -2 0 2 -1 1 -2 0 2 -1 1 -2 0 2 -1 1 -2 0 2 -1 1 -2 0 2 -1 1 -2 0 2 -1 1 -2 0 2 -1 1 -2 0 2 -1 1 -2 0 2 -1 1 -2 0 2 -1 1 -2 0 2 -1 1 -2 0 2 -1 1 -2 0 2 -1 1 -2 0 2 -1 1 -2 0 2 -1 1 -2 0 2 -1 1 -2 0 2 -1 1 -2 0 2 -1 1 -2 0 2 -1 1 -2 0 2 -1 1 -2 0 2 -1 1 -2 0 2 -1 1 -2 0 2 -1 1 -2 0 2 -1 1 -2 0 2 -1 1 -2 0 2 -1 1 -2 0 2 -1 1 -2 0 2 -1 1 -2 0 2 -1 1 -2 0 2 -1 1 -2 0 2 -1 1 -2 0 2 -1 1 -2 0 2 -1 1 -2 0 2 -1 1 -2 0 2 -1 1 -2 0 2 -1 1 -2 0 2 -1 1 -2 0 2 -1 1 -2 0 2 -1 1 -2 0 2 -1 1 -2 0 2 -1 1 -2 0 2 -1 1 -2 0 2 -1 1 -2 0 2 -1 1 -2 0 2 -1 1 -2 0 2 -1 1 -2 0 2 -1 1 -2 0 2 -1
-2 1 -1 2 0 -2 1 -1 2 0 -2 1 -1 2 0 -2 1 -1 2 0 -2 1 -1 2 0 -2 1 -1 2 0 -2 1 -1 2 0 -2 1 -1 2 0 -2 1 -1 2 0 -2 1 -1 2 0 -2 1 -1 2 0 -2 1 -1 2 0 -2 1 -1 2 0 -2 1 -1 2 0 -2 1 -1 2 0 -2 1 -1 2 0 -2 1 -1 2 0 -2 1 -1 2 0 -2 1 -1 2 0 -2 1 -1 2 0 -2 1 -1 2 0 -2 1 -1 2 0 -2 1 -1 2 0 -2 1 -1 2 0 -2 1 -1 2 0 -2 1 -1 2 0 -2 1 -1 2 0 -2 1 -1 2 0 -2 1 -1 2 0 -2 1 -1 2 0 -2 1 -1 2 0 -2 1 -1 2 0 -2 1 -1 2 0 -2 1 -1 2 0 -2 1 -1 2 0 -2 1 -1 2 0 -2 1 -1 2 0 721 1 -1 2 0 -2 1 -1 2 0 -2 1 -1 2 0 -2 1 -1 2 0 -2 1 -1 2 0 -2 1 -1 2 0 -2 1 -1 2 0 -2 1 -1 2 0 -2 1 -1 2 0 -2 1 -1 2 0 -2 1 -1 2 0 -2 1 -1 2 0 -2 1 -1 2 0 -2 1 -1 2 0 -2 1 -1 2 0 -2 1 -1 2 0 -2 1 -1 2 0 -2 1 -1 2 0 -2 1 -1 2 0 -2 1 -1 2 0 -2 1 -1 2 0 -2 1 -1 2 0 -2 1 -1 2 0 -2 1 -1 2 0 -2 1 -1 2 0 -2 1 -1 2 0 -2 1 -1 2 0 -2 1 -1 2 0 -2 1 -1 2 0 -2 1 -1 2 0 -2 1 -1 2 0 -2 1 -1 2 0 -2 1 -1 2 0 -2 1 -1 2 0 -2 1 -1 2 0 -2 1 -1 2 0 -2 1 -1 2 0 -2 1 -1 2 0 -2 1 -1 2 0 -2 1 -1 2 0 -2 1 -1 2 0 -2 1 -1 2 0 -2 1 -1 2 0 -2 1 -1 2 0 -2 1 -1 2 0 -2 1 -1 2 0 -2 1 -1 2 0 -2 1 -1 2 0 -2 1 -1 2 0 -2 1 -1 2 0 -2 1 -1 2 0 -2 1 -1 2 0 -2 1 -1 2 0 -2 1 -1 2 0 -2 1 -1 2 0 -2 1 -1 2 0 -2 1 -1 2 0 -2 1 -1 2 0 -2 1 -1 2 0 -2 1 -1 2 0 -2 1 -1 2 0 -2 1 -1 2 0 -2 1 -1 2 0 -2 1 -1 2 0 -2 1 -1 2 0 -2 1 -1 2 0 -2 1 -1 2 0 -2 1 -1 2 0 -2 1 -1 2 0 -2 1 -1 2 0 -2 1 -1 2 0 -2 1 -1 2 0 -2 1 -1 2 0 -2 1 -1 2 0 -2 1 -1 2 0 -2 1 -1 2 0 -2 1 -1 2 0 -2 1 -1 2 0 -2 1 -1 2 0 -2 1 -1 2 0 -2 1 -1 2 0 -2 1 -1 2 0 -2 1 -1 2 0
0 -1 -2 2 1 0 -1 -2 2 1 0 -1 -2 2 1 0 -1 -2 2 1 0 -1 -2 2 1 0 -1 -2 2 1 0 -1 -2 2 1 0 -1 -2 2 1 0 -1 -2 2 1 0 -1 -2 2 1 0 -1 -2 2 1 0 -1 -2 2 1 0 -1 -2 2 1 0 -1 -2 2 1 0 -1 -2 2 1 0 -1 -2 2 1 0 -1 -2 2 1 0 -1 -2 2 1 0 -1 -2 2 1 0 -1 -2 2 1 0 -1 -2 2 1 0 -1 -2 2 1 0 -1 -2 2 1 0 -1 -2 2 1 0 -1 -2 2 1 0 -1 -2 2 1 0 -1 -2 2 1 0 -1 -2 2 1 0 -1 -2 2 1 0 -1 -2 2 1 0 -1 -2 2 1 0 -1 -2 2 1 0 -1 -2 2 1 0 -1 -2 2 1 0 -1 -2 2 1 0 -1 -2 2 1 0 -1 -2 2 1 0 722 -2 2 1 0 -1 -2 2 1 0 -1 -2 2 1 0 -1 -2 2 1 0 -1 -2 2 1 0 -1 -2 2 1 0 -1 -2 2 1 0 -1 -2 2 1 0 -1 -2 2 1 0 -1 -2 2 1 0 -1 -2 2 1 0 -1 -2 2 1 0 -1 -2 2 1 0 -1 -2 2 1 0 -1 -2 2 1 0 -1 -2 2 1 0 -1 -2 2 1 0 -1 -2 2 1 0 -1 -2 2 1 0 -1 -2 2 1 0 -1 -2 2 1 0 -1 -2 2 1 0 -1 -2 2 1 0 -1 -2 2 1 0 -1 -2 2 1 0 -1 -2 2 1 0 -1 -2 2 1 0 -1 -2 2 1 0 -1 -2 2 1 0 -1 -2 2 1 0 -1 -2 2 1 0 -1 -2 2 1 0 -1 -2 2 1 0 -1 -2 2 1 0 -1 -2 2 1 0 -1 -2 2 1 0 -1 -2 2 1 0 -1 -2 2 1 0 -1 -2 2 1 0 -1 -2 2 1 0 -1 -2 2 1 0 -1 -2 2 1 0 -1 -2 2 1 0 -1 -2 2 1 0 -1 -2 2 1 0 -1 -2 2 1 0 -1 -2 2 1 0 -1 -2 2 1 0 -1 -2 2 1 0 -1 -2 2 1 0 -1 -2 2 1 0 -1 -2 2 1 0 -1 -2 2 1 0 -1 -2 2 1 0 -1 -2 2 1 0 -1 -2 2 1 0 -1 -2 2 1 0 -1 -2 2 1 0 -1 -2 2 1 0 -1 -2 2 1 0 -1 -2 2 1 0 -1 -2 2 1 0 -1 -2 2 1 0 -1 -2 2 1 0 -1 -2 2 1 0 -1 -2 2 1 0 -1 -2 2 1 0 -1 -2 2 1 0 -1 -2 2 1 0 -1 -2 2 1 0 -1 -2 2 1 0 -1 -2 2 1 0 -1 -2 2 1 0 -1 -2 2 1 0 -1 -2 2 1 0 -1 -2 2 1 0 -1 -2 2 1 0 -1 -2 2 1 0 -1 -2 2 1 0 -1 -2 2 1 0 -1 -2 2 1 0 -1 -2 2 1 0 -1 -2 2 1
2 2 2 2 2 2 2 2 2 2 2 2 2 2 2 2 2 2 2 2 2 2 2 2 2 2 2 2 2 2 2 2 2 2 2 2 2 2 2 2 2 2 2 2 2 2 2 2 2 2 2 2 2 2 2 2 2 2 2 2 2 2 2 2 2 2 2 2 2 2 2 2 2 2 2 2 2 2 2 2 2 2 2 2 2 2 2 2 2 2 2 2 2 2 2 2 2 2 2 2 2 2 2 2 2 2 2 2 2 2 2 2 2 2 2 2 2 2 2 2 2 2 2 2 2 2 2 2 2 2 2 2 2 2 2 2 2 2 2 2 2 2 2 2 2 2 2 2 2 2 2 2 2 2 2 2 2 2 2 2 2 2 2 2 2 2 2 2 2 2 2 2 2 2 2 2 2 2 2 2 2 2 2 2 2 2 2 1201 2 2 2 2 2 2 2 2 2 2 2 2 2 2 2 2 2 2 2 2 2 2 2 2 2 2 2 2 2 2 2 2 2 2 2 2 2 2 2 2 2 2 2 2 2 2 2 2 2 2 2 2 2 2 2 2 2 2 2 2 2 2 2 2 2 2 2 2 2 2 2 2 2 2 2 2 2 2 2 2 2 2 2 2 2 2 2 2 2 2 2 2 2 2 2 2 2 2 2 2 2 2 2 2 2 2 2 2 2 2 2 2 2 2 2 2 2 2 2 2 2 2 2 2 2 2 2 2 2 2 2 2 2 2 2 2 2 2 2 2 2 2 2 2 2 2 2 2 2 2 2 2 2 2 2 2 2 2 2 2 2 2 2 2 2 2 2 2 2 2 2 2 2 2 2 2 2 2 2 2 2 2 2 2 2 2 2 2 2 2 2 2 2 2 2 2 2 2 2 2 2 2 2 2 2 2 2 2 2 2 2 2 2 2 2 2 2 2 2 2 2 2 2 2 2 2 2 2 2 2 2 2 2 2 2 2 2 2 2 2 2 2 2 2 2 2 2 2 2 2 2 2 2 2 2 2 2 2 2 2 2 2 2 2 2 2 2 2 2 2 2 2 2 2 2 2 2 2 2 2 2 2 2 2 2 2 2 2 2 2 2 2 2 2 2 2 2 2 2 2 2 2 2 2 2 2 2 2 2 2 2 2 2 2 2 2 2 2 2 2 2 2 2 2 2 2 2 2 2 2 2 2 2 2 2 2 2 2 2 2 2 2 2 2 2 2 2 2 2 2 2 2 2 2 2 2 2 2 2 2 2 2 2 2 2 2 2 2 2 2 2 2 2 2 2 2 2 2 2 2 2 2 2 2 2 2 2 2 2 2 2 2 2 2 2 2 2 2 2 2 2 2 2 2 2 2 2 2 2 2 2 2
-1 0 1 2 -2 -1 0 1 2 -2 -1 0 1 2 -2 -1 0 1 2 -2 -1 0 1 2 -2 -1 0 1 2 -2 -1 0 1 2 -2 -1 0 1 2 -2 -1 0 1 2 -2 -1 0 1 2 -2 -1 0 1 2 -2 -1 0 1 2 -2 -1 0 1 2 -2 -1 0 1 2 -2 -1 0 1 2 -2 -1 0 1 2 -2 -1 0 1 2 -2 -1 0 1 2 -2 -1 0 1 2 -2 -1 0 1 2 -2 -1 0 1 2 -2 -1 0 1 2 -2 -1 0 1 2 -2 -1 0 1 2 -2 -1 0 1 2 -2 -1 0 1 2 -2 -1 0 1 2 -2 -1 0 1 2 -2 -1 0 1 2 -2 -1 0 1 2 -2 -1 0 1 2 -2 -1 0 1 2 -2 -1 0 1 2 -2 -1 0 1 2 -2 -1 0 1 2 -2 -1 0 1 2 -2 -1 0 1 2 -2 -1 0 1 721 -2 -1 0 1 2 -2 -1 0 1 2 -2 -1 0 1 2 -2 -1 0 1 2 -2 -1 0 1 2 -2 -1 0 1 2 -2 -1 0 1 2 -2 -1 0 1 2 -2 -1 0 1 2 -2 -1 0 1 2 -2 -1 0 1 2 -2 -1 0 1 2 -2 -1 0 1 2 -2 -1 0 1 2 -2 -1 0 1 2 -2 -1 0 1 2 -2 -1 0 1 2 -2 -1 0 1 2 -2 -1 0 1 2 -2 -1 0 1 2 -2 -1 0 1 2 -2 -1 0 1 2 -2 -1 0 1 2 -2 -1 0 1 2 -2 -1 0 1 2 -2 -1 0 1 2 -2 -1 0 1 2 -2 -1 0 1 2 -2 -1 0 1 2 -2 -1 0 1 2 -2 -1 0 1 2 -2 -1 0 1 2 -2 -1 0 1 2 -2 -1 0 1 2 -2 -1 0 1 2 -2 -1 0 1 2 -2 -1 0 1 2 -2 -1 0 1 2 -2 -1 0 1 2 -2 -1 0 1 2 -2 -1 0 1 2 -2 -1 0 1 2 -2 -1 0 1 2 -2 -1 0 1 2 -2 -1 0 1 2 -2 -1 0 1 2 -2 -1 0 1 2 -2 -1 0 1 2 -2 -1 0 1 2 -2 -1 0 1 2 -2 -1 0 1 2 -2 -1 0 1 2 -2 -1 0 1 2 -2 -1 0 1 2 -2 -1 0 1 2 -2 -1 0 1 2 -2 -1 0 1 2 -2 -1 0 1 2 -2 -1 0 1 2 -2 -1 0 1 2 -2 -1 0 1 2 -2 -1 0 1 2 -2 -1 0 1 2 -2 -1 0 1 2 -2 -1 0 1 2 -2 -1 0 1 2 -2 -1 0 1 2 -2 -1 0 1 2 -2 -1 0 1 2 -2 -1 0 1 2 -2 -1 0 1 2 -2 -1 0 1 2 -2 -1 0 1 2 -2 -1 0 1 2 -2 -1 0 1 2 -2 -1 0 1 2 -2 -1 0 1 2 -2 -1 0 1 2 -2 -1 0 1 2 -2 -1 0 1 2 -2 -1 0 1 2 -2 -1 0 1 2 -2
1 -2 0 2 -1 1 -2 0 2 -1 1 -2 0 2 -1 1 -2 0 2 -1 1 -2 0 2 -1 1 -2 0 2 -1 1 -2 0 2 -1 1 -2 0 2 -1 1 -2 0 2 -1 1 -2 0 2 -1 1 -2 0 2 -1 1 -2 0 2 -1 1 -2 0 2 -1 1 -2 0 2 -1 1 -2 0 2 -1 1 -2 0 2 -1 1 -2 0 2 -1 1 -2 0 2 -1 1 -2 0 2 -1 1 -2 0 2 -1 1 -2 0 2 -1 1 -2 0 2 -1 1 -2 0 2 -1 1 -2 0 2 -1 1 -2 0 2 -1 1 -2 0 2 -1 1 -2 0 2 -1 1 -2 0 2 -1 1 -2 0 2 -1 1 -2 0 2 -1 1 -2 0 2 -1 1 -2 0 2 -1 1 -2 0 2 -1 1 -2 0 2 -1 1 -2 0 2 -1 1 -2 0 2 -1 1 -2 0 2 -1 1 -2 0 2 722 1 -2 0 2 -1 1 -2 0 2 -1 1 -2 0 2 -1 1 -2 0 2 -1 1 -2 0 2 -1 1 -2 0 2 -1 1 -2 0 2 -1 1 -2 0 2 -1 1 -2 0 2 -1 1 -2 0 2 -1 1 -2 0 2 -1 1 -2 0 2 -1 1 -2 0 2 -1 1 -2 0 2 -1 1 -2 0 2 -1 1 -2 0 2 -1 1 -2 0 2 -1 1 -2 0 2 -1 1 -2 0 2 -1 1 -2 0 2 -1 1 -2 0 2 -1 1 -2 0 2 -1 1 -2 0 2 -1 1 -2 0 2 -1 1 -2 0 2 -1 1 -2 0 2 -1 1 -2 0 2 -1 1 -2 0 2 -1 1 -2 0 2 -1 1 -2 0 2 -1 1 -2 0 2 -1 1 -2 0 2 -1 1 -2 0 2 -1 1 -2 0 2 -1 1 -2 0 2 -1 1 -2 0 2 -1 1 -2 0 2 -1 1 -2 0 2 -1 1 -2 0 2 -1 1 -2 0 2 -1 1 -2 0 2 -1 1 -2 0 2 -1 1 -2 0 2 -1 1 -2 0 2 -1 1 -2 0 2 -1 1 -2 0 2 -1 1 -2 0 2 -1 1 -2 0 2 -1 1 -2 0 2 -1 1 -2 0 2 -1 1 -2 0 2 -1 1 -2 0 2 -1 1 -2 0 2 -1 1 -2 0 2 -1 1 -2 0 2 -1 1 -2 0 2 -1 1 -2 0 2 -1 1 -2 0 2 -1 1 -2 0 2 -1 1 -2 0 2 -1 1 -2 0 2 -1 1 -2 0 2 -1 1 -2 0 2 -1 1 -2 0 2 -1 1 -2 0 2 -1 1 -2 0 2 -1 1 -2 0 2 -1 1 -2 0 2 -1 1 -2 0 2 -1 1 -2 0 2 -1 1 -2 0 2 -1 1 -2 0 2 -1 1 -2 0 2 -1 1 -2 0 2 -1 1 -2 0 2 -1 1 -2 0 2 -1 1 -2 0 2 -1 1 -2 0 2 -1 1 -2 0 2 -1 1 -2 0 2 -1 1 -2 0 2 -1 1 -2 0 2 -1
-2 1 -1 2 0 -2 1 -1 2 0 -2 1 -1 2 0 -2 1 -1 2 0 -2 1 -1 2 0 -2 1 -1 2 0 -2 1 -1 2 0 -2 1 -1 2 0 -2 1 -1 2 0 -2 1 -1 2 0 -2 1 -1 2 0 -2 1 -1 2 0 -2 1 -1 2 0 -2 1 -1 2 0 -2 1 -1 2 0 -2 1 -1 2 0 -2 1 -1 2 0 -2 1 -1 2 0 -2 1 -1 2 0 -2 1 -1 2 0 -2 1 -1 2 0 -2 1 -1 2 0 -2 1 -1 2 0 -2 1 -1 2 0 -2 1 -1 2 0 -2 1 -1 2 0 -2 1 -1 2 0 -2 1 -1 2 0 -2 1 -1 2 0 -2 1 -1 2 0 -2 1 -1 2 0 -2 1 -1 2 0 -2 1 -1 2 0 -2 1 -1 2 0 -2 1 -1 2 0 -2 1 -1 2 0 -2 1 -1 2 0 -2 1 -1 2 0 721 1 -1 2 0 -2 1 -1 2 0 -2 1 -1 2 0 -2 1 -1 2 0 -2 1 -1 2 0 -2 1 -1 2 0 -2 1 -1 2 0 -2 1 -1 2 0 -2 1 -1 2 0 -2 1 -1 2 0 -2 1 -1 2 0 -2 1 -1 2 0 -2 1 -1 2 0 -2 1 -1 2 0 -2 1 -1 2 0 -2 1 -1 2 0 -2 1 -1 2 0 -2 1 -1 2 0 -2 1 -1 2 0 -2 1 -1 2 0 -2 1 -1 2 0 -2 1 -1 2 0 -2 1 -1 2 0 -2 1 -1 2 0 -2 1 -1 2 0 -2 1 -1 2 0 -2 1 -1 2 0 -2 1 -1 2 0 -2 1 -1 2 0 -2 1 -1 2 0 -2 1 -1 2 0 -2 1 -1 2 0 -2 1 -1 2 0 -2 1 -1 2 0 -2 1 -1 2 0 -2 1 -1 2 0 -2 1 -1 2 0 -2 1 -1 2 0 -2 1 -1 2 0 -2 1 -1 2 0 -2 1 -1 2 0 -2 1 -1 2 0 -2 1 -1 2 0 -2 1 -1 2 0 -2 1 -1 2 0 -2 1 -1 2 0 -2 1 -1 2 0 -2 1 -1 2 0 -2 1 -1 2 0 -2 1 -1 2 0 -2 1 -1 2 0 -2 1 -1 2 0 -2 1 -1 2 0 -2 1 -1 2 0 -2 1 -1 2 0 -2 1 -1 2 0 -2 1 -1 2 0 -2 1 -1 2 0 -2 1 -1 2 0 -2 1 -1 2 0 -2 1 -1 2 0 -2 1 -1 2 0 -2 1 -1 2 0 -2 1 -1 2 0 -2 1 -1 2 0 -2 1 -1 2 0 -2 1 -1 2 0 -2 1 -1 2 0 -2 1 -1 2 0 -2 1 -1 2 0 -2 1 -1 2 0 -2 1 -1 2 0 -2 1 -1 2 0 -2 1 -1 2 0 -2 1 -1 2 0 -2 1 -1 2 0 -2 1 -1 2 0 -2 1 -1 2 0 -2 1 -1 2 0 -2 1 -1 2 0 -2 1 -1 2 0 -2 1 -1 2 0
0 -1 -2 2 1 0 -1 -2 2 1 0 -1 -2 2 1 0 -1 -2 2 1 0 -1 -2 2 1 0 -1 -2 2 1 0 -1 -2 2 1 0 -1 -2 2 1 0 -1 -2 2 1 0 -1 -2 2 1 0 -1 -2 2 1 0 -1 -2 2 1 0 -1 -2 2 1 0 -1 -2 2 1 0 -1 -2 2 1 0 -1 -2 2 1 0 -1 -2 2 1 0 -1 -2 2 1 0 -1 -2 2 1 0 -1 -2 2 1 0 -1 -2 2 1 0 -1 -2 2 1 0 -1 -2 2 1 0 -1 -2 2 1 0 -1 -2 2 1 0 -1 -2 2 1 0 -1 -2 2 1 0 -1 -2 2 1 0 -1 -2 2 1 0 -1 -2 2 1 0 -1 -2 2 1 0 -1 -2 2 1 0 -1 -2 2 1 0 -1 -2 2 1 0 -1 -2 2 1 0 -1 -2 2 1 0 -1 -2 2 1 0 -1 -2 2 1 0 722 -2 2 1 0 -1 -2 2 1 0 -1 -2 2 1 0 -1 -2 2 1 0 -1 -2 2 1 0 -1 -2 2 1 0 -1 -2 2 1 0 -1 -2 2 1 0 -1 -2 2 1 0 -1 -2 2 1 0 -1 -2 2 1 0 -1 -2 2 1 0 -1 -2 2 1 0 -1 -2 2 1 0 -1 -2 2 1 0 -1 -2 2 1 0 -1 -2 2 1 0 -1 -2 2 1 0 -1 -2 2 1 0 -1 -2 2 1 0 -1 -2 2 1 0 -1 -2 2 1 0 -1 -2 2 1 0 -1 -2 2 1 0 -1 -2 2 1 0 -1 -2 2 1 0 -1 -2 2 1 0 -1 -2 2 1 0 -1 -2 2 1 0 -1 -2 2 1 0 -1 -2 2 1 0 -1 -2 2 1 0 -1 -2 2 1 0 -1 -2 2 1 0 -1 -2 2 1 0 -1 -2 2 1 0 -1 -2 2 1 0 -1 -2 2 1 0 -1 -2 2 1 0 -1 -2 2 1 0 -1 -2 2 1 0 -1 -2 2 1 0 -1 -2 2 1 0 -1 -2 2 1 0 -1 -2 2 1 0 -1 -2 2 1 0 -1 -2 2 1 0 -1 -2 2 1 0 -1 -2 2 1 0 -1 -2 2 1 0 -1 -2 2 1 0 -1 -2 2 1 0 -1 -2 2 1 0 -1 -2 2 1 0 -1 -2 2 1 0 -1 -2 2 1 0 -1 -2 2 1 0 -1 -2 2 1 0 -1 -2 2 1 0 -1 -2 2 1 0 -1 -2 2 1 0 -1 -2 2 1 0 -1 -2 2 1 0 -1 -2 2 1 0 -1 -2 2 1 0 -1 -2 2 1 0 -1 -2 2 1 0 -1 -2 2 1 0 -1 -2 2 1 0 -1 -2 2 1 0 -1 -2 2 1 0 -1 -2 2 1 0 -1 -2 2 1 0 -1 -2 2 1 0 -1 -2 2 1 0 -1 -2 2 1 0 -1 -2 2 1 0 -1 -2 2 1 0 -1 -2 2 1 0 -1 -2 2 1 0 -1 -2 2 1 0 -1 -2 2 1
2 2 2 2 2 2 2 2 2 2 2 2 2 2 2 2 2 2 2 2 2 2 2 2 2 2 2 2 2 2 2 2 2 2 2 2 2 2 2 2 2 2 2 2 2 2 2 2 2 2 2 2 2 2 2 2 2 2 2 2 2 2 2 2 2 2 2 2 2 2 2 2 2 2 2 2 2 2 2 2 2 2 2 2 2 2 2 2 2 2 2 2 2 2 2 2 2 2 2 2 2 2 2 2 2 2 2 2 2 2 2 2 2 2 2 2 2 2 2 2 2 2 2 2 2 2 2 2 2 2 2 2 2 2 2 2 2 2 2 2 2 2 2 2 2 2 2 2 2 2 2 2 2 2 2 2 2 2 2 2 2 2 2 2 2 2 2 2 2 2 2 2 2 2 2 2 2 2 2 2 2 2 2 2 2 2 2 2 2 2 2 2 1201 2 2 2 2 2 2 2 2 2 2 2 2 2 2 2 2 2 2 2 2 2 2 2 2 2 2 2 2 2 2 2 2 2 2 2 2 2 2 2 2 2 2 2 2 2 2 2 2 2 2 2 2 2 2 2 2 2 2 2 2 2 2 2 2 2 2 2 2 2 2 2 2 2 2 2 2 2 2 2 2 2 2 2 2 2 2 2 2 2 2 2 2 2 2 2 2 2 2 2 2 2 2 2 2 2 2 2 2 2 2 2 2 2 2 2 2 2 2 2 2 2 2 2 2 2 2 2 2 2 2 2 2 2 2 2 2 2 2 2 2 2 2 2 2 2 2 2 2 2 2 2 2 2 2 2 2 2 2 2 2 2 2 2 2 2 2 2 2 2 2 2 2 2 2 2 2 2 2 2 2 2 2 2 2 2 2 2 2 2 2 2 2 2 2 2 2 2 2 2 2 2 2 2 2 2 2 2 2 2 2 2 2 2 2 2 2 2 2 2 2 2 2 2 2 2 2 2 2 2 2 2 2 2 2 2 2 2 2 2 2 2 2 2 2 2 2 2 2 2 2 2 2 2 2 2 2 2 2 2 2 2 2 2 2 2 2 2 2 2 2 2 2 2 2 2 2 2 2 2 2 2 2 2 2 2 2 2 2 2 2 2 2 2 2 2 2 2 2 2 2 2 2 2 2 2 2 2 2 2 2 2 2 2 2 2 2 2 2 2 2 2 2 2 2 2 2 2 2 2 2 2 2 2 2 2 2 2 2 2 2 2 2 2 2 2 2 2 2 2 2 2 2 2 2 2 2 2 2 2 2 2 2 2 2 2 2 2 2 2 2 2 2 2 2 2 2 2 2 2 2 2 2 2 2 2 2 2 2 2 2 2 2 2 2 2 2 2 2 2 2 2 2 2 2 2 2 2
-1 0 1 2 -2 -1 0 1 2 -2 -1 0 1 2 -2 -1 0 1 2 -2 -1 0 1 2 -2 -1 0 1 2 -2 -1 0 1 2 -2 -1 0 1 2 -2 -1 0 1 2 -2 -1 0 1 2 -2 -1 0 1 2 -2 -1 0 1 2 -2 -1 0 1 2 -2 -1 0 1 2 -2 -1 0 1 2 -2 -1 0 1 2 -2 -1 0 1 2 -2 -1 0 1 2 -2 -1 0 1 2 -2 -1 0 1 2 -2 -1 0 1 2 -2 -1 0 1 2 -2 -1 0 1 2 -2 -1 0 1 2 -2 -1 0 1 2 -2 -1 0 1 2 -2 -1 0 1 2 -2 -1 0 1 2 -2 -1 0 1 2 -2 -1 0 1 2 -2 -1 0 1 2 -2 -1 0 1 2 -2 -1 0 1 2 -2 -1 0 1 2 -2 -1 0 1 2 -2 -1 0 1 2 -2 -1 0 1 2 -2 -1 0 1 2 -2 -1 0 1 721 -2 -1 0 1 2 -2 -1 0 1 2 -2 -1 0 1 2 -2 -1 0 1 2 -2 -1 0 1 2 -2 -1 0 1 2 -2 -1 0 1 2 -2 -1 0 1 2 -2 -1 0 1 2 -2 -1 0 1 2 -2 -1 0 1 2 -2 -1 0 1 2 -2 -1 0 1 2 -2 -1 0 1 2 -2 -1 0 1 2 -2 -1 0 1 2 -2 -1 0 1 2 -2 -1 0 1 2 -2 -1 0 1 2 -2 -1 0 1 2 -2 -1 0 1 2 -2 -1 0 1 2 -2 -1 0 1 2 -2 -1 0 1 2 -2 -1 0 1 2 -2 -1 0 1 2 -2 -1 0 1 2 -2 -1 0 1 2 -2 -1 0 1 2 -2 -1 0 1 2 -2 -1 0 1 2 -2 -1 0 1 2 -2 -1 0 1 2 -2 -1 0 1 2 -2 -1 0 1 2 -2 -1 0 1 2 -2 -1 0 1 2 -2 -1 0 1 2 -2 -1 0 1 2 -2 -1 0 1 2 -2 -1 0 1 2 -2 -1 0 1 2 -2 -1 0 1 2 -2 -1 0 1 2 -2 -1 0 1 2 -2 -1 0 1 2 -2 -1 0 1 2 -2 -1 0 1 2 -2 -1 0 1 2 -2 -1 0 1 2 -2 -1 0 1 2 -2 -1 0 1 2 -2 -1 0 1 2 -2 -1 0 1 2 -2 -1 0 1 2 -2 -1 0 1 2 -2 -1 0 1 2 -2 -1 0 1 2 -2 -1 0 1 2 -2 -1 0 1 2 -2 -1 0 1 2 -2 -1 0 1 2 -2 -1 0 1 2 -2 -1 0 1 2 -2 -1 0 1 2 -2 -1 0 1 2 -2 -1 0 1 2 -2 -1 0 1 2 -2 -1 0 1 2 -2 -1 0 1 2 -2 -1 0 1 2 -2 -1 0 1 2 -2 -1 0 1 2 -2 -1 0 1 2 -2 -1 0 1 2 -2 -1 0 1 2 -2 -1 0 1 2 -2 -1 0 1 2 -2 -1 0 1 2 -2 -1 0 1 2 -2 -1 0 1 2 -2
1 -2 0 2 -1 1 -2 0 2 -1 1 -2 0 2 -1 1 -2 0 2 -1 1 -2 0 2 -1 1 -2 0 2 -1 1 -2 0 2 -1 1 -2 0 2 -1 1 -2 0 2 -1 1 -2 0 2 -1 1 -2 0 2 -1 1 -2 0 2 -1 1 -2 0 2 -1 1 -2 0 2 -1 1 -2 0 2 -1 1 -2 0 2 -1 1 -2 0 2 -1 1 -2 0 2 -1 1 -2 0 2 -1 1 -2 0 2 -1 1 -2 0 2 -1 1 -2 0 2 -1 1 -2 0 2 -1 1 -2 0 2 -1 1 -2 0 2 -1 1 -2 0 2 -1 1 -2 0 2 -1 1 -2 0 2 -1 1 -2 0 2 -1 1 -2 0 2 -1 1 -2 0 2 -1 1 -2 0 2 -1 1 -2 0 2 -1 1 -2 0 2 -1 1 -2 0 2 -1 1 -2 0 2 -1 1 -2 0 2 -1 1 -2 0 2 -1 1 -2 0 2 722 1 -2 0 2 -1 1 -2 0 2 -1 1 -2 0 2 -1 1 -2 0 2 -1 1 -2 0 2 -1 1 -2 0 2 -1 1 -2 0 2 -1 1 -2 0 2 -1 1 -2 0 2 -1 1 -2 0 2 -1 1 -2 0 2 -1 1 -2 0 2 -1 1 -2 0 2 -1 1 -2 0 2 -1 1 -2 0 2 -1 1 -2 0 2 -1 1 -2 0 2 -1 1 -2 0 2 -1 1 -2 0 2 -1 1 -2 0 2 -1 1 -2 0 2 -1 1 -2 0 2 -1 1 -2 0 2 -1 1 -2 0 2 -1 1 -2 0 2 -1 1 -2 0 2 -1 1 -2 0 2 -1 1 -2 0 2 -1 1 -2 0 2 -1 1 -2 0 2 -1 1 -2 0 2 -1 1 -2 0 2 -1 1 -2 0 2 -1 1 -2 0 2 -1 1 -2 0 2 -1 1 -2 0 2 -1 1 -2 0 2 -1 1 -2 0 2 -1 1 -2 0 2 -1 1 -2 0 2 -1 1 -2 0 2 -1 1 -2 0 2 -1 1 -2 0 2 -1 1 -2 0 2 -1 1 -2 0 2 -1 1 -2 0 2 -1 1 -2 0 2 -1 1 -2 0 2 -1 1 -2 0 2 -1 1 -2 0 2 -1 1 -2 0 2 -1 1 -2 0 2 -1 1 -2 0 2 -1 1 -2 0 2 -1 1 -2 0 2 -1 1 -2 0 2 -1 1 -2 0 2 -1 1 -2 0 2 -1 1 -2 0 2 -1 1 -2 0 2 -1 1 -2 0 2 -1 1 -2 0 2 -1 1 -2 0 2 -1 1 -2 0 2 -1 1 -2 0 2 -1 1 -2 0 2 -1 1 -2 0 2 -1 1 -2 0 2 -1 1 -2 0 2 -1 1 -2 0 2 -1 1 -2 0 2 -1 1 -2 0 2 -1 1 -2 0 2 -1 1 -2 0 2 -1 1 -2 0 2 -1 1 -2 0 2 -1 1 -2 0 2 -1 1 -2 0 2 -1 1 -2 0 2 -1 1 -2 0 2 -1 1 -2 0 2 -1
-2 1 -1 2 0 -2 1 -1 2 0 -2 1 -1 2 0 -2 1 -1 2 0 -2 1 -1 2 0 -2 1 -1 2 0 -2 1 -1 2 0 -2 1 -1 2 0 -2 1 -1 2 0 -2 1 -1 2 0 -2 1 -1 2 0 -2 1 -1 2 0 -2 1 -1 2 0 -2 1 -1 2 0 -2 1 -1 2 0 -2 1 -1 2 0 -2 1 -1 2 0 -2 1 -1 2 0 -2 1 -1 2 0 -2 1 -1 2 0 -2 1 -1 2 0 -2 1 -1 2 0 -2 1 -1 2 0 -2 1 -1 2 0 -2 1 -1 2 0 -2 1 -1 2 0 -2 1 -1 2 0 -2 1 -1 2 0 -2 1 -1 2 0 -2 1 -1 2 0 -2 1 -1 2 0 -2 1 -1 2 0 -2 1 -1 2 0 -2 1 -1 2 0 -2 1 -1 2 0 -2 1 -1 2 0 -2 1 -1 2 0 -2 1 -1 2 0 -2 1 -1 2 0 721 1 -1 2 0 -2 1 -1 2 0 -2 1 -1 2 0 -2 1 -1 2 0 -2 1 -1 2 0 -2 1 -1 2 0 -2 1 -1 2 0 -2 1 -1 2 0 -2 1 -1 2 0 -2 1 -1 2 0 -2 1 -1 2 0 -2 1 -1 2 0 -2 1 -1 2 0 -2 1 -1 2 0 -2 1 -1 2 0 -2 1 -1 2 0 -2 1 -1 2 0 -2 1 -1 2 0 -2 1 -1 2 0 -2 1 -1 2 0 -2 1 -1 2 0 -2 1 -1 2 0 -2 1 -1 2 0 -2 1 -1 2 0 -2 1 -1 2 0 -2 1 -1 2 0 -2 1 -1 2 0 -2 1 -1 2 0 -2 1 -1 2 0 -2 1 -1 2 0 -2 1 -1 2 0 -2 1 -1 2 0 -2 1 -1 2 0 -2 1 -1 2 0 -2 1 -1 2 0 -2 1 -1 2 0 -2 1 -1 2 0 -2 1 -1 2 0 -2 1 -1 2 0 -2 1 -1 2 0 -2 1 -1 2 0 -2 1 -1 2 0 -2 1 -1 2 0 -2 1 -1 2 0 -2 1 -1 2 0 -2 1 -1 2 0 -2 1 -1 2 0 -2 1 -1 2 0 -2 1 -1 2 0 -2 1 -1 2 0 -2 1 -1 2 0 -2 1 -1 2 0 -2 1 -1 2 0 -2 1 -1 2 0 -2 1 -1 2 0 -2 1 -1 2 0 -2 1 -1 2 0 -2 1 -1 2 0 -2 1 -1 2 0 -2 1 -1 2 0 -2 1 -1 2 0 -2 1 -1 2 0 -2 1 -1 2 0 -2 1 -1 2 0 -2 1 -1 2 0 -2 1 -1 2 0 -2 1 -1 2 0 -2 1 -1 2 0 -2 1 -1 2 0 -2 1 -1 2 0 -2 1 -1 2 0 -2 1 -1 2 0 -2 1 -1 2 0 -2 1 -1 2 0 -2 1 -1 2 0 -2 1 -1 2 0 -2 1 -1 2 0 -2 1 -1 2 0 -2 1 -1 2 0 -2 1 -1 2 0 -2 1 -1 2 0
0 -1 -2 2 1 0 -1 -2 2 1 0 -1 -2 2 1 0 -1 -2 2 1 0 -1 -2 2 1 0 -1 -2 2 1 0 -1 -2 2 1 0 -1 -2 2 1 0 -1 -2 2 1 0 -1 -2 2 1 0 -1 -2 2 1 0 -1 -2 2 1 0 -1 -2 2 1 0 -1 -2 2 1 0 -1 -2 2 1 0 -1 -2 2 1 0 -1 -2 2 1 0 -1 -2 2 1 0 -1 -2 2 1 0 -1 -2 2 1 0 -1 -2 2 1 0 -1 -2 2 1 0 -1 -2 2 1 0 -1 -2 2 1 0 -1 -2 2 1 0 -1 -2 2 1 0 -1 -2 2 1 0 -1 -2 2 1 0 -1 -2 2 1 0 -1 -2 2 1 0 -1 -2 2 1 0 -1 -2 2 1 0 -1 -2 2 1 0 -1 -2 2 1 0 -1 -2 2 1 0 -1 -2 2 1 0 -1 -2 2 1 0 -1 -2 2 1 0 -1 -2 2 1 0 722 -2 2 1 0 -1 -2 2 1 0 -1 -2 2 1 0 -1 -2 2 1 0 -1 -2 2 1 0 -1 -2 2 1 0 -1 -2 2 1 0 -1 -2 2 1 0 -1 -2 2 1 0 -1 -2 2 1 0 -1 -2 2 1 0 -1 -2 2 1 0 -1 -2 2 1 0 -1 -2 2 1 0 -1 -2 2 1 0 -1 -2 2 1 0 -1 -2 2 1 0 -1 -2 2 1 0 -1 -2 2 1 0 -1 -2 2 1 0 -1 -2 2 1 0 -1 -2 2 1 0 -1 -2 2 1 0 -1 -2 2 1 0 -1 -2 2 1 0 -1 -2 2 1 0 -1 -2 2 1 0 -1 -2 2 1 0 -1 -2 2 1 0 -1 -2 2 1 0 -1 -2 2 1 0 -1 -2 2 1 0 -1 -2 2 1 0 -1 -2 2 1 0 -1 -2 2 1 0 -1 -2 2 1 0 -1 -2 2 1 0 -1 -2 2 1 0 -1 -2 2 1 0 -1 -2 2 1 0 -1 -2 2 1 0 -1 -2 2 1 0 -1 -2 2 1 0 -1 -2 2 1 0 -1 -2 2 1 0 -1 -2 2 1 0 -1 -2 2 1 0 -1 -2 2 1 0 -1 -2 2 1 0 -1 -2 2 1 0 -1 -2 2 1 0 -1 -2 2 1 0 -1 -2 2 1 0 -1 -2 2 1 0 -1 -2 2 1 0 -1 -2 2 1 0 -1 -2 2 1 0 -1 -2 2 1 0 -1 -2 2 1 0 -1 -2 2 1 0 -1 -2 2 1 0 -1 -2 2 1 0 -1 -2 2 1 0 -1 -2 2 1 0 -1 -2 2 1 0 -1 -2 2 1 0 -1 -2 2 1 0 -1 -2 2 1 0 -1 -2 2 1 0 -1 -2 2 1 0 -1 -2 2 1 0 -1 -2 2 1 0 -1 -2 2 1 0 -1 -2 2 1 0 -1 -2 2 1 0 -1 -2 2 1 0 -1 -2 2 1 0 -1 -2 2 1 0 -1 -2 2 1 0 -1 -2 2 1 0 -1 -2 2 1
2 2 2 2 2 2 2 2 2 2 2 2 2 2 2 2 2 2 2 2 2 2 2 2 2 2 2 2 2 2 2 2 2 2 2 2 2 2 2 2 2 2 2 2 2 2 2 2 2 2 2 2 2 2 2 2 2 2 2 2 2 2 2 2 2 2 2 2 2 2 2 2 2 2 2 2 2 2 2 2 2 2 2 2 2 2 2 2 2 2 2 2 2 2 2 2 2 2 2 2 2 2 2 2 2 2 2 2 2 2 2 2 2 2 2 2 2 2 2 2 2 2 2 2 2 2 2 2 2 2 2 2 2 2 2 2 2 2 2 2 2 2 2 2 2 2 2 2 2 2 2 2 2 2 2 2 2 2 2 2 2 2 2 2 2 2 2 2 2 2 2 2 2 2 2 2 2 2 2 2 2 2 2 2 2 2 2 2 2 2 2 2 2 2 2 2 2 1201 2 2 2 2 2 2 2 2 2 2 2 2 2 2 2 2 2 2 2 2 2 2 2 2 2 2 2 2 2 2 2 2 2 2 2 2 2 2 2 2 2 2 2 2 2 2 2 2 2 2 2 2 2 2 2 2 2 2 2 2 2 2 2 2 2 2 2 2 2 2 2 2 2 2 2 2 2 2 2 2 2 2 2 2 2 2 2 2 2 2 2 2 2 2 2 2 2 2 2 2 2 2 2 2 2 2 2 2 2 2 2 2 2 2 2 2 2 2 2 2 2 2 2 2 2 2 2 2 2 2 2 2 2 2 2 2 2 2 2 2 2 2 2 2 2 2 2 2 2 2 2 2 2 2 2 2 2 2 2 2 2 2 2 2 2 2 2 2 2 2 2 2 2 2 2 2 2 2 2 2 2 2 2 2 2 2 2 2 2 2 2 2 2 2 2 2 2 2 2 2 2 2 2 2 2 2 2 2 2 2 2 2 2 2 2 2 2 2 2 2 2 2 2 2 2 2 2 2 2 2 2 2 2 2 2 2 2 2 2 2 2 2 2 2 2 2 2 2 2 2 2 2 2 2 2 2 2 2 2 2 2 2 2 2 2 2 2 2 2 2 2 2 2 2 2 2 2 2 2 2 2 2 2 2 2 2 2 2 2 2 2 2 2 2 2 2 2 2 2 2 2 2 2 2 2 2 2 2 2 2 2 2 2 2 2 2 2 2 2 2 2 2 2 2 2 2 2 2 2 2 2 2 2 2 2 2 2 2 2 2 2 2 2 2 2 2 2 2 2 2 2 2 2 2 2 2 2 2 2 2 2 2 2 2 2 2 2 2 2 2 2 2 2 2 2 2 2 2 2 2 2 2 2 2 2 2 2 2 2 2 2 2 2 2 2 2 2 2 2 2 2 2
-1 0 1 2 -2 -1 0 1 2 -2 -1 0 1 2 -2 -1 0 1 2 -2 -1 0 1 2 -2 -1 0 1 2 -2 -1 0 1 2 -2 -1 0 1 2 -2 -1 0 1 2 -2 -1 0 1 2 -2 -1 0 1 2 -2 -1 0 1 2 -2 -1 0 1 2 -2 -1 0 1 2 -2 -1 0 1 2 -2 -1 0 1 2 -2 -1 0 1 2 -2 -1 0 1 2 -2 -1 0 1 2 -2 -1 0 1 2 -2 -1 0 1 2 -2 -1 0 1 2 -2 -1 0 1 2 -2 -1 0 1 2 -2 -1 0 1 2 -2 -1 0 1 2 -2 -1 0 1 2 -2 -1 0 1 2 -2 -1 0 1 2 -2 -1 0 1 2 -2 -1 0 1 2 -2 -1 0 1 2 -2 -1 0 1 2 -2 -1 0 1 2 -2 -1 0 1 2 -2 -1 0 1 2 -2 -1 0 1 2 -2 -1 0 1 2 -2 -1 0 1 2 -2 -1 0 1 721 -2 -1 0 1 2 -2 -1 0 1 2 -2 -1 0 1 2 -2 -1 0 1 2 -2 -1 0 1 2 -2 -1 0 1 2 -2 -1 0 1 2 -2 -1 0 1 2 -2 -1 0 1 2 -2 -1 0 1 2 -2 -1 0 1 2 -2 -1 0 1 2 -2 -1 0 1 2 -2 -1 0 1 2 -2 -1 0 1 2 -2 -1 0 1 2 -2 -1 0 1 2 -2 -1 0 1 2 -2 -1 0 1 2 -2 -1 0 1 2 -2 -1 0 1 2 -2 -1 0 1 2 -2 -1 0 1 2 -2 -1 0 1 2 -2 -1 0 1 2 -2 -1 0 1 2 -2 -1 0 1 2 -2 -1 0 1 2 -2 -1 0 1 2 -2 -1 0 1 2 -2 -1 0 1 2 -2 -1 0 1 2 -2 -1 0 1 2 -2 -1 0 1 2 -2 -1 0 1 2 -2 -1 0 1 2 -2 -1 0 1 2 -2 -1 0 1 2 -2 -1 0 1 2 -2 -1 0 1 2 -2 -1 0 1 2 -2 -1 0 1 2 -2 -1 0 1 2 -2 -1 0 1 2 -2 -1 0 1 2 -2 -1 0 1 2 -2 -1 0 1 2 -2 -1 0 1 2 -2 -1 0 1 2 -2 -1 0 1 2 -2 -1 0 1 2 -2 -1 0 1 2 -2 -1 0 1 2 -2 -1 0 1 2 -2 -1 0 1 2 -2 -1 0 1 2 -2 -1 0 1 2 -2 -1 0 1 2 -2 -1 0 1 2 -2 -1 0 1 2 -2 -1 0 1 2 -2 -1 0 1 2 -2 -1 0 1 2 -2 -1 0 1 2 -2 -1 0 1 2 -2 -1 0 1 2 -2 -1 0 1 2 -2 -1 0 1 2 -2 -1 0 1 2 -2 -1 0 1 2 -2 -1 0 1 2 -2 -1 0 1 2 -2 -1 0 1 2 -2 -1 0 1 2 -2 -1 0 1 2 -2 -1 0 1 2 -2 -1 0 1 2 -2 -1 0 1 2 -2 -1 0 1 2 -2 -1 0 1 2 -2
1 -2 0 2 -1 1 -2 0 2 -1 1 -2 0 2 -1 1 -2 0 2 -1 1 -2 0 2 -1 1 -2 0 2 -1 1 -2 0 2 -1 1 -2 0 2 -1 1 -2 0 2 -1 1 -2 0 2 -1 1 -2 0 2 -1 1 -2 0 2 -1 1 -2 0 2 -1 1 -2 0 2 -1 1 -2 0 2 -1 1 -2 0 2 -1 1 -2 0 2 -1 1 -2 0 2 -1 1 -2 0 2 -1 1 -2 0 2 -1 1 -2 0 2 -1 1 -2 0 2 -1 1 -2 0 2 -1 1 -2 0 2 -1 1 -2 0 2 -1 1 -2 0 2 -1 1 -2 0 2 -1 1 -2 0 2 -1 1 -2 0 2 -1 1 -2 0 2 -1 1 -2 0 2 -1 1 -2 0 2 -1 1 -2 0 2 -1 1 -2 0 2 -1 1 -2 0 2 -1 1 -2 0 2 -1 1 -2 0 2 -1 1 -2 0 2 -1 1 -2 0 2 -1 1 -2 0 2 722 1 -2 0 2 -1 1 -2 0 2 -1 1 -2 0 2 -1 1 -2 0 2 -1 1 -2 0 2 -1 1 -2 0 2 -1 1 -2 0 2 -1 1 -2 0 2 -1 1 -2 0 2 -1 1 -2 0 2 -1 1 -2 0 2 -1 1 -2 0 2 -1 1 -2 0 2 -1 1 -2 0 2 -1 1 -2 0 2 -1 1 -2 0 2 -1 1 -2 0 2 -1 1 -2 0 2 -1 1 -2 0 2 -1 1 -2 0 2 -1 1 -2 0 2 -1 1 -2 0 2 -1 1 -2 0 2 -1 1 -2 0 2 -1 1 -2 0 2 -1 1 -2 0 2 -1 1 -2 0 2 -1 1 -2 0 2 -1 1 -2 0 2 -1 1 -2 0 2 -1 1 -2 0 2 -1 1 -2 0 2 -1 1 -2 0 2 -1 1 -2 0 2 -1 1 -2 0 2 -1 1 -2 0 2 -1 1 -2 0 2 -1 1 -2 0 2 -1 1 -2 0 2 -1 1 -2 0 2 -1 1 -2 0 2 -1 1 -2 0 2 -1 1 -2 0 2 -1 1 -2 0 2 -1 1 -2 0 2 -1 1 -2 0 2 -1 1 -2 0 2 -1 1 -2 0 2 -1 1 -2 0 2 -1 1 -2 0 2 -1 1 -2 0 2 -1 1 -2 0 2 -1 1 -2 0 2 -1 1 -2 0 2 -1 1 -2 0 2 -1 1 -2 0 2 -1 1 -2 0 2 -1 1 -2 0 2 -1 1 -2 0 2 -1 1 -2 0 2 -1 1 -2 0 2 -1 1 -2 0 2 -1 1 -2 0 2 -1 1 -2 0 2 -1 1 -2 0 2 -1 1 -2 0 2 -1 1 -2 0 2 -1 1 -2 0 2 -1 1 -2 0 2 -1 1 -2 0 2 -1 1 -2 0 2 -1 1 -2 0 2 -1 1 -2 0 2 -1 1 -2 0 2 -1 1 -2 0 2 -1 1 -2 0 2 -1 1 -2 0 2 -1 1 -2 0 2 -1 1 -2 0 2 -1 1 -2 0 2 -1
-2 1 -1 2 0 -2 1 -1 2 0 -2 1 -1 2 0 -2 1 -1 2 0 -2 1 -1 2 0 -2 1 -1 2 0 -2 1 -1 2 0 -2 1 -1 2 0 -2 1 -1 2 0 -2 1 -1 2 0 -2 1 -1 2 0 -2 1 -1 2 0 -2 1 -1 2 0 -2 1 -1 2 0 -2 1 -1 2 0 -2 1 -1 2 0 -2 1 -1 2 0 -2 1 -1 2 0 -2 1 -1 2 0 -2 1 -1 2 0 -2 1 -1 2 0 -2 1 -1 2 0 -2 1 -1 2 0 -2 1 -1 2 0 -2 1 -1 2 0 -2 1 -1 2 0 -2 1 -1 2 0 -2 1 -1 2 0 -2 1 -1 2 0 -2 1 -1 2 0 -2 1 -1 2 0 -2 1 -1 2 0 -2 1 -1 2 0 -2 1 -1 2 0 -2 1 -1 2 0 -2 1 -1 2 0 -2 1 -1 2 0 -2 1 -1 2 0 -2 1 -1 2 0 -2 1 -1 2 0 721 1 -1 2 0 -2 1 -1 2 0 -2 1 -1 2 0 -2 1 -1 2 0 -2 1 -1 2 0 -2 1 -1 2 0 -2 1 -1 2 0 -2 1 -1 2 0 -2 1 -1 2 0 -2 1 -1 2 0 -2 1 -1 2 0 -2 1 -1 2 0 -2 1 -1 2 0 -2 1 -1 2 0 -2 1 -1 2 0 -2 1 -1 2 0 -2 1 -1 2 0 -2 1 -1 2 0 -2 1 -1 2 0 -2 1 -1 2 0 -2 1 -1 2 0 -2 1 -1 2 0 -2 1 -1 2 0 -2 1 -1 2 0 -2 1 -1 2 0 -2 1 -1 2 0 -2 1 -1 2 0 -2 1 -1 2 0 -2 1 -1 2 0 -2 1 -1 2 0 -2 1 -1 2 0 -2 1 -1 2 0 -2 1 -1 2 0 -2 1 -1 2 0 -2 1 -1 2 0 -2 1 -1 2 0 -2 1 -1 2 0 -2 1 -1 2 0 -2 1 -1 2 0 -2 1 -1 2 0 -2 1 -1 2 0 -2 1 -1 2 0 -2 1 -1 2 0 -2 1 -1 2 0 -2 1 -1 2 0 -2 1 -1 2 0 -2 1 -1 2 0 -2 1 -1 2 0 -2 1 -1 2 0 -2 1 -1 2 0 -2 1 -1 2 0 -2 1 -1 2 0 -2 1 -1 2 0 -2 1 -1 2 0 -2 1 -1 2 0 -2 1 -1 2 0 -2 1 -1 2 0 -2 1 -1 2 0 -2 1 -1 2 0 -2 1 -1 2 0 -2 1 -1 2 0 -2 1 -1 2 0 -2 1 -1 2 0 -2 1 -1 2 0 -2 1 -1 2 0 -2 1 -1 2 0 -2 1 -1 2 0 -2 1 -1 2 0 -2 1 -1 2 0 -2 1 -1 2 0 -2 1 -1 2 0 -2 1 -1 2 0 -2 1 -1 2 0 -2 1 -1 2 0 -2 1 -1 2 0 -2 1 -1 2 0 -2 1 -1 2 0 -2 1 -1 2 0 -2 1 -1 2 0 -2 1 -1 2 0
0 -1 -2 2 1 0 -1 -2 2 1 0 -1 -2 2 1 0 -1 -2 2 1 0 -1 -2 2 1 0 -1 -2 2 1 0 -1 -2 2 1 0 -1 -2 2 1 0 -1 -2 2 1 0 -1 -2 2 1 0 -1 -2 2 1 0 -1 -2 2 1 0 -1 -2 2 1 0 -1 -2 2 1 0 -1 -2 2 1 0 -1 -2 2 1 0 -1 -2 2 1 0 -1 -2 2 1 0 -1 -2 2 1 0 -1 -2 2 1 0 -1 -2 2 1 0 -1 -2 2 1 0 -1 -2 2 1 0 -1 -2 2 1 0 -1 -2 2 1 0 -1 -2 2 1 0 -1 -2 2 1 0 -1 -2 2 1 0 -1 -2 2 1 0 -1 -2 2 1 0 -1 -2 2 1 0 -1 -2 2 1 0 -1 -2 2 1 0 -1 -2 2 1 0 -1 -2 2 1 0 -1 -2 2 1 0 -1 -2 2 1 0 -1 -2 2 1 0 -1 -2 2 1 0 -1 -2 2 1 0 722 -2 2 1 0 -1 -2 2 1 0 -1 -2 2 1 0 -1 -2 2 1 0 -1 -2 2 1 0 -1 -2 2 1 0 -1 -2 2 1 0 -1 -2 2 1 0 -1 -2 2 1 0 -1 -2 2 1 0 -1 -2 2 1 0 -1 -2 2 1 0 -1 -2 2 1 0 -1 -2 2 1 0 -1 -2 2 1 0 -1 -2 2 1 0 -1 -2 2 1 0 -1 -2 2 1 0 -1 -2 2 1 0 -1 -2 2 1 0 -1 -2 2 1 0 -1 -2 2 1 0 -1 -2 2 1 0 -1 -2 2 1 0 -1 -2 2 1 0 -1 -2 2 1 0 -1 -2 2 1 0 -1 -2 2 1 0 -1 -2 2 1 0 -1 -2 2 1 0 -1 -2 2 1 0 -1 -2 2 1 0 -1 -2 2 1 0 -1 -2 2 1 0 -1 -2 2 1 0 -1 -2 2 1 0 -1 -2 2 1 0 -1 -2 2 1 0 -1 -2 2 1 0 -1 -2 2 1 0 -1 -2 2 1 0 -1 -2 2 1 0 -1 -2 2 1 0 -1 -2 2 1 0 -1 -2 2 1 0 -1 -2 2 1 0 -1 -2 2 1 0 -1 -2 2 1 0 -1 -2 2 1 0 -1 -2 2 1 0 -1 -2 2 1 0 -1 -2 2 1 0 -1 -2 2 1 0 -1 -2 2 1 0 -1 -2 2 1 0 -1 -2 2 1 0 -1 -2 2 1 0 -1 -2 2 1 0 -1 -2 2 1 0 -1 -2 2 1 0 -1 -2 2 1 0 -1 -2 2 1 0 -1 -2 2 1 0 -1 -2 2 1 0 -1 -2 2 1 0 -1 -2 2 1 0 -1 -2 2 1 0 -1 -2 2 1 0 -1 -2 2 1 0 -1 -2 2 1 0 -1 -2 2 1 0 -1 -2 2 1 0 -1 -2 2 1 0 -1 -2 2 1 0 -1 -2 2 1 0 -1 -2 2 1 0 -1 -2 2 1 0 -1 -2 2 1 0 -1 -2 2 1 0 -1 -2 2 1
2 2 2 2 2 2 2 2 2 2 2 2 2 2 2 2 2 2 2 2 2 2 2 2 2 2 2 2 2 2 2 2 2 2 2 2 2 2 2 2 2 2 2 2 2 2 2 2 2 2 2 2 2 2 2 2 2 2 2 2 2 2 2 2 2 2 2 2 2 2 2 2 2 2 2 2 2 2 2 2 2 2 2 2 2 2 2 2 2 2 2 2 2 2 2 2 2 2 2 2 2 2 2 2 2 2 2 2 2 2 2 2 2 2 2 2 2 2 2 2 2 2 2 2 2 2 2 2 2 2 2 2 2 2 2 2 2 2 2 2 2 2 2 2 2 2 2 2 2 2 2 2 2 2 2 2 2 2 2 2 2 2 2 2 2 2 2 2 2 2 2 2 2 2 2 2 2 2 2 2 2 2 2 2 2 2 2 2 2 2 2 2 2 2 2 2 2 2 2 2 2 2 1201 2 2 2 2 2 2 2 2 2 2 2 2 2 2 2 2 2 2 2 2 2 2 2 2 2 2 2 2 2 2 2 2 2 2 2 2 2 2 2 2 2 2 2 2 2 2 2 2 2 2 2 2 2 2 2 2 2 2 2 2 2 2 2 2 2 2 2 2 2 2 2 2 2 2 2 2 2 2 2 2 2 2 2 2 2 2 2 2 2 2 2 2 2 2 2 2 2 2 2 2 2 2 2 2 2 2 2 2 2 2 2 2 2 2 2 2 2 2 2 2 2 2 2 2 2 2 2 2 2 2 2 2 2 2 2 2 2 2 2 2 2 2 2 2 2 2 2 2 2 2 2 2 2 2 2 2 2 2 2 2 2 2 2 2 2 2 2 2 2 2 2 2 2 2 2 2 2 2 2 2 2 2 2 2 2 2 2 2 2 2 2 2 2 2 2 2 2 2 2 2 2 2 2 2 2 2 2 2 2 2 2 2 2 2 2 2 2 2 2 2 2 2 2 2 2 2 2 2 2 2 2 2 2 2 2 2 2 2 2 2 2 2 2 2 2 2 2 2 2 2 2 2 2 2 2 2 2 2 2 2 2 2 2 2 2 2 2 2 2 2 2 2 2 2 2 2 2 2 2 2 2 2 2 2 2 2 2 2 2 2 2 2 2 2 2 2 2 2 2 2 2 2 2 2 2 2 2 2 2 2 2 2 2 2 2 2 2 2 2 2 2 2 2 2 2 2 2 2 2 2 2 2 2 2 2 2 2 2 2 2 2 2 2 2 2 2 2 2 2 2 2 2 2 2 2 2 2 2 2 2 2 2 2 2 2 2 2 2 2 2 2 2 2 2 2 2 2 2 2 2 2 2 2 2 2 2 2 2 2 2 2 2 2 2 2 2 2
-1 0 1 2 -2 -1 0 1 2 -2 -1 0 1 2 -2 -1 0 1 2 -2 -1 0 1 2 -2 -1 0 1 2 -2 -1 0 1 2 -2 -1 0 1 2 -2 -1 0 1 2 -2 -1 0 1 2 -2 -1 0 1 2 -2 -1 0 1 2 -2 -1 0 1 2 -2 -1 0 1 2 -2 -1 0 1 2 -2 -1 0 1 2 -2 -1 0 1 2 -2 -1 0 1 2 -2 -1 0 1 2 -2 -1 0 1 2 -2 -1 0 1 2 -2 -1 0 1 2 -2 -1 0 1 2 -2 -1 0 1 2 -2 -1 0 1 2 -2 -1 0 1 2 -2 -1 0 1 2 -2 -1 0 1 2 -2 -1 0 1 2 -2 -1 0 1 2 -2 -1 0 1 2 -2 -1 0 1 2 -2 -1 0 1 2 -2 -1 0 1 2 -2 -1 0 1 2 -2 -1 0 1 2 -2 -1 0 1 2 -2 -1 0 1 2 -2 -1 0 1 2 -2 -1 0 1 2 -2 -1 0 1 721 -2 -1 0 1 2 -2 -1 0 1 2 -2 -1 0 1 2 -2 -1 0 1 2 -2 -1 0 1 2 -2 -1 0 1 2 -2 -1 0 1 2 -2 -1 0 1 2 -2 -1 0 1 2 -2 -1 0 1 2 -2 -1 0 1 2 -2 -1 0 1 2 -2 -1 0 1 2 -2 -1 0 1 2 -2 -1 0 1 2 -2 -1 0 1 2 -2 -1 0 1 2 -2 -1 0 1 2 -2 -1 0 1 2 -2 -1 0 1 2 -2 -1 0 1 2 -2 -1 0 1 2 -2 -1 0 1 2 -2 -1 0 1 2 -2 -1 0 1 2 -2 -1 0 1 2 -2 -1 0 1 2 -2 -1 0 1 2 -2 -1 0 1 2 -2 -1 0 1 2 -2 -1 0 1 2 -2 -1 0 1 2 -2 -1 0 1 2 -2 -1 0 1 2 -2 -1 0 1 2 -2 -1 0 1 2 -2 -1 0 1 2 -2 -1 0 1 2 -2 -1 0 1 2 -2 -1 0 1 2 -2 -1 0 1 2 -2 -1 0 1 2 -2 -1 0 1 2 -2 -1 0 1 2 -2 -1 0 1 2 -2 -1 0 1 2 -2 -1 0 1 2 -2 -1 0 1 2 -2 -1 0 1 2 -2 -1 0 1 2 -2 -1 0 1 2 -2 -1 0 1 2 -2 -1 0 1 2 -2 -1 0 1 2 -2 -1 0 1 2 -2 -1 0 1 2 -2 -1 0 1 2 -2 -1 0 1 2 -2 -1 0 1 2 -2 -1 0 1 2 -2 -1 0 1 2 -2 -1 0 1 2 -2 -1 0 1 2 -2 -1 0 1 2 -2 -1 0 1 2 -2 -1 0 1 2 -2 -1 0 1 2 -2 -1 0 1 2 -2 -1 0 1 2 -2 -1 0 1 2 -2 -1 0 1 2 -2 -1 0 1 2 -2 -1 0 1 2 -2 -1 0 1 2 -2 -1 0 1 2 -2 -1 0 1 2 -2 -1 0 1 2 -2 -1 0 1 2 -2 -1 0 1 2 -2
1 -2 0 2 -1 1 -2 0 2 -1 1 -2 0 2 -1 1 -2 0 2 -1 1 -2 0 2 -1 1 -2 0 2 -1 1 -2 0 2 -1 1 -2 0 2 -1 1 -2 0 2 -1 1 -2 0 2 -1 1 -2 0 2 -1 1 -2 0 2 -1 1 -2 0 2 -1 1 -2 0 2 -1 1 -2 0 2 -1 1 -2 0 2 -1 1 -2 0 2 -1 1 -2 0 2 -1 1 -2 0 2 -1 1 -2 0 2 -1 1 -2 0 2 -1 1 -2 0 2 -1 1 -2 0 2 -1 1 -2 0 2 -1 1 -2 0 2 -1 1 -2 0 2 -1 1 -2 0 2 -1 1 -2 0 2 -1 1 -2 0 2 -1 1 -2 0 2 -1 1 -2 0 2 -1 1 -2 0 2 -1 1 -2 0 2 -1 1 -2 0 2 -1 1 -2 0 2 -1 1 -2 0 2 -1 1 -2 0 2 -1 1 -2 0 2 -1 1 -2 0 2 -1 1 -2 0 2 -1 1 -2 0 2 722 1 -2 0 2 -1 1 -2 0 2 -1 1 -2 0 2 -1 1 -2 0 2 -1 1 -2 0 2 -1 1 -2 0 2 -1 1 -2 0 2 -1 1 -2 0 2 -1 1 -2 0 2 -1 1 -2 0 2 -1 1 -2 0 2 -1 1 -2 0 2 -1 1 -2 0 2 -1 1 -2 0 2 -1 1 -2 0 2 -1 1 -2 0 2 -1 1 -2 0 2 -1 1 -2 0 2 -1 1 -2 0 2 -1 1 -2 0 2 -1 1 -2 0 2 -1 1 -2 0 2 -1 1 -2 0 2 -1 1 -2 0 2 -1 1 -2 0 2 -1 1 -2 0 2 -1 1 -2 0 2 -1 1 -2 0 2 -1 1 -2 0 2 -1 1 -2 0 2 -1 1 -2 0 2 -1 1 -2 0 2 -1 1 -2 0 2 -1 1 -2 0 2 -1 1 -2 0 2 -1 1 -2 0 2 -1 1 -2 0 2 -1 1 -2 0 2 -1 1 -2 0 2 -1 1 -2 0 2 -1 1 -2 0 2 -1 1 -2 0 2 -1 1 -2 0 2 -1 1 -2 0 2 -1 1 -2 0 2 -1 1 -2 0 2 -1 1 -2 0 2 -1 1 -2 0 2 -1 1 -2 0 2 -1 1 -2 0 2 -1 1 -2 0 2 -1 1 -2 0 2 -1 1 -2 0 2 -1 1 -2 0 2 -1 1 -2 0 2 -1 1 -2 0 2 -1 1 -2 0 2 -1 1 -2 0 2 -1 1 -2 0 2 -1 1 -2 0 2 -1 1 -2 0 2 -1 1 -2 0 2 -1 1 -2 0 2 -1 1 -2 0 2 -1 1 -2 0 2 -1 1 -2 0 2 -1 1 -2 0 2 -1 1 -2 0 2 -1 1 -2 0 2 -1 1 -2 0 2 -1 1 -2 0 2 -1 1 -2 0 2 -1 1 -2 0 2 -1 1 -2 0 2 -1 1 -2 0 2 -1 1 -2 0 2 -1 1 -2 0 2 -1 1 -2 0 2 -1 1 -2 0 2 -1
-2 1 -1 2 0 -2 1 -1 2 0 -2 1 -1 2 0 -2 1 -1 2 0 -2 1 -1 2 0 -2 1 -1 2 0 -2 1 -1 2 0 -2 1 -1 2 0 -2 1 -1 2 0 -2 1 -1 2 0 -2 1 -1 2 0 -2 1 -1 2 0 -2 1 -1 2 0 -2 1 -1 2 0 -2 1 -1 2 0 -2 1 -1 2 0 -2 1 -1 2 0 -2 1 -1 2 0 -2 1 -1 2 0 -2 1 -1 2 0 -2 1 -1 2 0 -2 1 -1 2 0 -2 1 -1 2 0 -2 1 -1 2 0 -2 1 -1 2 0 -2 1 -1 2 0 -2 1 -1 2 0 -2 1 -1 2 0 -2 1 -1 2 0 -2 1 -1 2 0 -2 1 -1 2 0 -2 1 -1 2 0 -2 1 -1 2 0 -2 1 -1 2 0 -2 1 -1 2 0 -2 1 -1 2 0 -2 1 -1 2 0 -2 1 -1 2 0 -2 1 -1 2 0 -2 1 -1 2 0 -2 1 -1 2 0 721 1 -1 2 0 -2 1 -1 2 0 -2 1 -1 2 0 -2 1 -1 2 0 -2 1 -1 2 0 -2 1 -1 2 0 -2 1 -1 2 0 -2 1 -1 2 0 -2 1 -1 2 0 -2 1 -1 2 0 -2 1 -1 2 0 -2 1 -1 2 0 -2 1 -1 2 0 -2 1 -1 2 0 -2 1 -1 2 0 -2 1 -1 2 0 -2 1 -1 2 0 -2 1 -1 2 0 -2 1 -1 2 0 -2 1 -1 2 0 -2 1 -1 2 0 -2 1 -1 2 0 -2 1 -1 2 0 -2 1 -1 2 0 -2 1 -1 2 0 -2 1 -1 2 0 -2 1 -1 2 0 -2 1 -1 2 0 -2 1 -1 2 0 -2 1 -1 2 0 -2 1 -1 2 0 -2 1 -1 2 0 -2 1 -1 2 0 -2 1 -1 2 0 -2 1 -1 2 0 -2 1 -1 2 0 -2 1 -1 2 0 -2 1 -1 2 0 -2 1 -1 2 0 -2 1 -1 2 0 -2 1 -1 2 0 -2 1 -1 2 0 -2 1 -1 2 0 -2 1 -1 2 0 -2 1 -1 2 0 -2 1 -1 2 0 -2 1 -1 2 0 -2 1 -1 2 0 -2 1 -1 2 0 -2 1 -1 2 0 -2 1 -1 2 0 -2 1 -1 2 0 -2 1 -1 2 0 -2 1 -1 2 0 -2 1 -1 2 0 -2 1 -1 2 0 -2 1 -1 2 0 -2 1 -1 2 0 -2 1 -1 2 0 -2 1 -1 2 0 -2 1 -1 2 0 -2 1 -1 2 0 -2 1 -1 2 0 -2 1 -1 2 0 -2 1 -1 2 0 -2 1 -1 2 0 -2 1 -1 2 0 -2 1 -1 2 0 -2 1 -1 2 0 -2 1 -1 2 0 -2 1 -1 2 0 -2 1 -1 2 0 -2 1 -1 2 0 -2 1 -1 2 0 -2 1 -1 2 0 -2 1 -1 2 0 -2 1 -1 2 0 -2 1 -1 2 0 -2 1 -1 2 0
0 -1 -2 2 1 0 -1 -2 2 1 0 -1 -2 2 1 0 -1 -2 2 1 0 -1 -2 2 1 0 -1 -2 2 1 0 -1 -2 2 1 0 -1 -2 2 1 0 -1 -2 2 1 0 -1 -2 2 1 0 -1 -2 2 1 0 -1 -2 2 1 0 -1 -2 2 1 0 -1 -2 2 1 0 -1 -2 2 1 0 -1 -2 2 1 0 -1 -2 2 1 0 -1 -2 2 1 0 -1 -2 2 1 0 -1 -2 2 1 0 -1 -2 2 1 0 -1 -2 2 1 0 -1 -2 2 1 0 -1 -2 2 1 0 -1 -2 2 1 0 -1 -2 2 1 0 -1 -2 2 1 0 -1 -2 2 1 0 -1 -2 2 1 0 -1 -2 2 1 0 -1 -2 2 1 0 -1 -2 2 1 0 -1 -2 2 1 0 -1 -2 2 1 0 -1 -2 2 1 0 -1 -2 2 1 0 -1 -2 2 1 0 -1 -2 2 1 0 -1 -2 2 1 0 -1 -2 2 1 0 -1 -2 2 1 0 722 -2 2 1 0 -1 -2 2 1 0 -1 -2 2 1 0 -1 -2 2 1 0 -1 -2 2 1 0 -1 -2 2 1 0 -1 -2 2 1 0 -1 -2 2 1 0 -1 -2 2 1 0 -1 -2 2 1 0 -1 -2 2 1 0 -1 -2 2 1 0 -1 -2 2 1 0 -1 -2 2 1 0 -1 -2 2 1 0 -1 -2 2 1 0 -1 -2 2 1 0 -1 -2 2 1 0 -1 -2 2 1 0 -1 -2 2 1 0 -1 -2 2 1 0 -1 -2 2 1 0 -1 -2 2 1 0 -1 -2 2 1 0 -1 -2 2 1 0 -1 -2 2 1 0 -1 -2 2 1 0 -1 -2 2 1 0 -1 -2 2 1 0 -1 -2 2 1 0 -1 -2 2 1 0 -1 -2 2 1 0 -1 -2 2 1 0 -1 -2 2 1 0 -1 -2 2 1 0 -1 -2 2 1 0 -1 -2 2 1 0 -1 -2 2 1 0 -1 -2 2 1 0 -1 -2 2 1 0 -1 -2 2 1 0 -1 -2 2 1 0 -1 -2 2 1 0 -1 -2 2 1 0 -1 -2 2 1 0 -1 -2 2 1 0 -1 -2 2 1 0 -1 -2 2 1 0 -1 -2 2 1 0 -1 -2 2 1 0 -1 -2 2 1 0 -1 -2 2 1 0 -1 -2 2 1 0 -1 -2 2 1 0 -1 -2 2 1 0 -1 -2 2 1 0 -1 -2 2 1 0 -1 -2 2 1 0 -1 -2 2 1 0 -1 -2 2 1 0 -1 -2 2 1 0 -1 -2 2 1 0 -1 -2 2 1 0 -1 -2 2 1 0 -1 -2 2 1 0 -1 -2 2 1 0 -1 -2 2 1 0 -1 -2 2 1 0 -1 -2 2 1 0 -1 -2 2 1 0 -1 -2 2 1 0 -1 -2 2 1 0 -1 -2 2 1 0 -1 -2 2 1 0 -1 -2 2 1 0 -1 -2 2 1 0 -1 -2 2 1 0 -1 -2 2 1 0 -1 -2 2 1
2 2 2 2 2 2 2 2 2 2 2 2 2 2 2 2 2 2 2 2 2 2 2 2 2 2 2 2 2 2 2 2 2 2 2 2 2 2 2 2 2 2 2 2 2 2 2 2 2 2 2 2 2 2 2 2 2 2 2 2 2 2 2 2 2 2 2 2 2 2 2 2 2 2 2 2 2 2 2 2 2 2 2 2 2 2 2 2 2 2 2 2 2 2 2 2 2 2 2 2 2 2 2 2 2 2 2 2 2 2 2 2 2 2 2 2 2 2 2 2 2 2 2 2 2 2 2 2 2 2 2 2 2 2 2 2 2 2 2 2 2 2 2 2 2 2 2 2 2 2 2 2 2 2 2 2 2 2 2 2 2 2 2 2 2 2 2 2 2 2 2 2 2 2 2 2 2 2 2 2 2 2 2 2 2 2 2 2 2 2 2 2 2 2 2 2 2 2 2 2 2 2 2 2 2 2 2 1201 2 2 2 2 2 2 2 2 2 2 2 2 2 2 2 2 2 2 2 2 2 2 2 2 2 2 2 2 2 2 2 2 2 2 2 2 2 2 2 2 2 2 2 2 2 2 2 2 2 2 2 2 2 2 2 2 2 2 2 2 2 2 2 2 2 2 2 2 2 2 2 2 2 2 2 2 2 2 2 2 2 2 2 2 2 2 2 2 2 2 2 2 2 2 2 2 2 2 2 2 2 2 2 2 2 2 2 2 2 2 2 2 2 2 2 2 2 2 2 2 2 2 2 2 2 2 2 2 2 2 2 2 2 2 2 2 2 2 2 2 2 2 2 2 2 2 2 2 2 2 2 2 2 2 2 2 2 2 2 2 2 2 2 2 2 2 2 2 2 2 2 2 2 2 2 2 2 2 2 2 2 2 2 2 2 2 2 2 2 2 2 2 2 2 2 2 2 2 2 2 2 2 2 2 2 2 2 2 2 2 2 2 2 2 2 2 2 2 2 2 2 2 2 2 2 2 2 2 2 2 2 2 2 2 2 2 2 2 2 2 2 2 2 2 2 2 2 2 2 2 2 2 2 2 2 2 2 2 2 2 2 2 2 2 2 2 2 2 2 2 2 2 2 2 2 2 2 2 2 2 2 2 2 2 2 2 2 2 2 2 2 2 2 2 2 2 2 2 2 2 2 2 2 2 2 2 2 2 2 2 2 2 2 2 2 2 2 2 2 2 2 2 2 2 2 2 2 2 2 2 2 2 2 2 2 2 2 2 2 2 2 2 2 2 2 2 2 2 2 2 2 2 2 2 2 2 2 2 2 2 2 2 2 2 2 2 2 2 2 2 2 2 2 2 2 2 2 2 2 2 2 2 2 2 2 2 2 2 2 2 2 2
-1 0 1 2 -2 -1 0 1 2 -2 -1 0 1 2 -2 -1 0 1 2 -2 -1 0 1 2 -2 -1 0 1 2 -2 -1 0 1 2 -2 -1 0 1 2 -2 -1 0 1 2 -2 -1 0 1 2 -2 -1 0 1 2 -2 -1 0 1 2 -2 -1 0 1 2 -2 -1 0 1 2 -2 -1 0 1 2 -2 -1 0 1 2 -2 -1 0 1 2 -2 -1 0 1 2 -2 -1 0 1 2 -2 -1 0 1 2 -2 -1 0 1 2 -2 -1 0 1 2 -2 -1 0 1 2 -2 -1 0 1 2 -2 -1 0 1 2 -2 -1 0 1 2 -2 -1 0 1 2 -2 -1 0 1 2 -2 -1 0 1 2 -2 -1 0 1 2 -2 -1 0 1 2 -2 -1 0 1 2 -2 -1 0 1 2 -2 -1 0 1 2 -2 -1 0 1 2 -2 -1 0 1 2 -2 -1 0 1 2 -2 -1 0 1 2 -2 -1 0 1 2 -2 -1 0 1 2 -2 -1 0 1 2 -2 -1 0 1 721 -2 -1 0 1 2 -2 -1 0 1 2 -2 -1 0 1 2 -2 -1 0 1 2 -2 -1 0 1 2 -2 -1 0 1 2 -2 -1 0 1 2 -2 -1 0 1 2 -2 -1 0 1 2 -2 -1 0 1 2 -2 -1 0 1 2 -2 -1 0 1 2 -2 -1 0 1 2 -2 -1 0 1 2 -2 -1 0 1 2 -2 -1 0 1 2 -2 -1 0 1 2 -2 -1 0 1 2 -2 -1 0 1 2 -2 -1 0 1 2 -2 -1 0 1 2 -2 -1 0 1 2 -2 -1 0 1 2 -2 -1 0 1 2 -2 -1 0 1 2 -2 -1 0 1 2 -2 -1 0 1 2 -2 -1 0 1 2 -2 -1 0 1 2 -2 -1 0 1 2 -2 -1 0 1 2 -2 -1 0 1 2 -2 -1 0 1 2 -2 -1 0 1 2 -2 -1 0 1 2 -2 -1 0 1 2 -2 -1 0 1 2 -2 -1 0 1 2 -2 -1 0 1 2 -2 -1 0 1 2 -2 -1 0 1 2 -2 -1 0 1 2 -2 -1 0 1 2 -2 -1 0 1 2 -2 -1 0 1 2 -2 -1 0 1 2 -2 -1 0 1 2 -2 -1 0 1 2 -2 -1 0 1 2 -2 -1 0 1 2 -2 -1 0 1 2 -2 -1 0 1 2 -2 -1 0 1 2 -2 -1 0 1 2 -2 -1 0 1 2 -2 -1 0 1 2 -2 -1 0 1 2 -2 -1 0 1 2 -2 -1 0 1 2 -2 -1 0 1 2 -2 -1 0 1 2 -2 -1 0 1 2 -2 -1 0 1 2 -2 -1 0 1 2 -2 -1 0 1 2 -2 -1 0 1 2 -2 -1 0 1 2 -2 -1 0 1 2 -2 -1 0 1 2 -2 -1 0 1 2 -2 -1 0 1 2 -2 -1 0 1 2 -2 -1 0 1 2 -2 -1 0 1 2 -2 -1 0 1 2 -2 -1 0 1 2 -2 -1 0 1 2 -2 -1 0 1 2 -2
1 -2 0 2 -1 1 -2 0 2 -1 1 -2 0 2 -1 1 -2 0 2 -1 1 -2 0 2 -1 1 -2 0 2 -1 1 -2 0 2 -1 1 -2 0 2 -1 1 -2 0 2 -1 1 -2 0 2 -1 1 -2 0 2 -1 1 -2 0 2 -1 1 -2 0 2 -1 1 -2 0 2 -1 1 -2 0 2 -1 1 -2 0 2 -1 1 -2 0 2 -1 1 -2 0 2 -1 1 -2 0 2 -1 1 -2 0 2 -1 1 -2 0 2 -1 1 -2 0 2 -1 1 -2 0 2 -1 1 -2 0 2 -1 1 -2 0 2 -1 1 -2 0 2 -1 1 -2 0 2 -1 1 -2 0 2 -1 1 -2 0 2 -1 1 -2 0 2 -1 1 -2 0 2 -1 1 -2 0 2 -1 1 -2 0 2 -1 1 -2 0 2 -1 1 -2 0 2 -1 1 -2 0 2 -1 1 -2 0 2 -1 1 -2 0 2 -1 1 -2 0 2 -1 1 -2 0 2 -1 1 -2 0 2 -1 1 -2 0 2 722 1 -2 0 2 -1 1 -2 0 2 -1 1 -2 0 2 -1 1 -2 0 2 -1 1 -2 0 2 -1 1 -2 0 2 -1 1 -2 0 2 -1 1 -2 0 2 -1 1 -2 0 2 -1 1 -2 0 2 -1 1 -2 0 2 -1 1 -2 0 2 -1 1 -2 0 2 -1 1 -2 0 2 -1 1 -2 0 2 -1 1 -2 0 2 -1 1 -2 0 2 -1 1 -2 0 2 -1 1 -2 0 2 -1 1 -2 0 2 -1 1 -2 0 2 -1 1 -2 0 2 -1 1 -2 0 2 -1 1 -2 0 2 -1 1 -2 0 2 -1 1 -2 0 2 -1 1 -2 0 2 -1 1 -2 0 2 -1 1 -2 0 2 -1 1 -2 0 2 -1 1 -2 0 2 -1 1 -2 0 2 -1 1 -2 0 2 -1 1 -2 0 2 -1 1 -2 0 2 -1 1 -2 0 2 -1 1 -2 0 2 -1 1 -2 0 2 -1 1 -2 0 2 -1 1 -2 0 2 -1 1 -2 0 2 -1 1 -2 0 2 -1 1 -2 0 2 -1 1 -2 0 2 -1 1 -2 0 2 -1 1 -2 0 2 -1 1 -2 0 2 -1 1 -2 0 2 -1 1 -2 0 2 -1 1 -2 0 2 -1 1 -2 0 2 -1 1 -2 0 2 -1 1 -2 0 2 -1 1 -2 0 2 -1 1 -2 0 2 -1 1 -2 0 2 -1 1 -2 0 2 -1 1 -2 0 2 -1 1 -2 0 2 -1 1 -2 0 2 -1 1 -2 0 2 -1 1 -2 0 2 -1 1 -2 0 2 -1 1 -2 0 2 -1 1 -2 0 2 -1 1 -2 0 2 -1 1 -2 0 2 -1 1 -2 0 2 -1 1 -2 0 2 -1 1 -2 0 2 -1 1 -2 0 2 -1 1 -2 0 2 -1 1 -2 0 2 -1 1 -2 0 2 -1 1 -2 0 2 -1 1 -2 0 2 -1 1 -2 0 2 -1 1 -2 0 2 -1
-2 1 -1 2 0 -2 1 -1 2 0 -2 1 -1 2 0 -2 1 -1 2 0 -2 1 -1 2 0 -2 1 -1 2 0 -2 1 -1 2 0 -2 1 -1 2 0 -2 1 -1 2 0 -2 1 -1 2 0 -2 1 -1 2 0 -2 1 -1 2 0 -2 1 -1 2 0 -2 1 -1 2 0 -2 1 -1 2 0 -2 1 -1 2 0 -2 1 -1 2 0 -2 1 -1 2 0 -2 1 -1 2 0 -2 1 -1 2 0 -2 1 -1 2 0 -2 1 -1 2 0 -2 1 -1 2 0 -2 1 -1 2 0 -2 1 -1 2 0 -2 1 -1 2 0 -2 1 -1 2 0 -2 1 -1 2 0 -2 1 -1 2 0 -2 1 -1 2 0 -2 1 -1 2 0 -2 1 -1 2 0 -2 1 -1 2 0 -2 1 -1 2 0 -2 1 -1 2 0 -2 1 -1 2 0 -2 1 -1 2 0 -2 1 -1 2 0 -2 1 -1 2 0 -2 1 -1 2 0 -2 1 -1 2 0 -2 1 -1 2 0 721 1 -1 2 0 -2 1 -1 2 0 -2 1 -1 2 0 -2 1 -1 2 0 -2 1 -1 2 0 -2 1 -1 2 0 -2 1 -1 2 0 -2 1 -1 2 0 -2 1 -1 2 0 -2 1 -1 2 0 -2 1 -1 2 0 -2 1 -1 2 0 -2 1 -1 2 0 -2 1 -1 2 0 -2 1 -1 2 0 -2 1 -1 2 0 -2 1 -1 2 0 -2 1 -1 2 0 -2 1 -1 2 0 -2 1 -1 2 0 -2 1 -1 2 0 -2 1 -1 2 0 -2 1 -1 2 0 -2 1 -1 2 0 -2 1 -1 2 0 -2 1 -1 2 0 -2 1 -1 2 0 -2 1 -1 2 0 -2 1 -1 2 0 -2 1 -1 2 0 -2 1 -1 2 0 -2 1 -1 2 0 -2 1 -1 2 0 -2 1 -1 2 0 -2 1 -1 2 0 -2 1 -1 2 0 -2 1 -1 2 0 -2 1 -1 2 0 -2 1 -1 2 0 -2 1 -1 2 0 -2 1 -1 2 0 -2 1 -1 2 0 -2 1 -1 2 0 -2 1 -1 2 0 -2 1 -1 2 0 -2 1 -1 2 0 -2 1 -1 2 0 -2 1 -1 2 0 -2 1 -1 2 0 -2 1 -1 2 0 -2 1 -1 2 0 -2 1 -1 2 0 -2 1 -1 2 0 -2 1 -1 2 0 -2 1 -1 2 0 -2 1 -1 2 0 -2 1 -1 2 0 -2 1 -1 2 0 -2 1 -1 2 0 -2 1 -1 2 0 -2 1 -1 2 0 -2 1 -1 2 0 -2 1 -1 2 0 -2 1 -1 2 0 -2 1 -1 2 0 -2 1 -1 2 0 -2 1 -1 2 0 -2 1 -1 2 0 -2 1 -1 2 0 -2 1 -1 2 0 -2 1 -1 2 0 -2 1 -1 2 0 -2 1 -1 2 0 -2 1 -1 2 0 -2 1 -1 2 0 -2 1 -1 2 0 -2 1 -1 2 0 -2 1 -1 2 0
0 -1 -2 2 1 0 -1 -2 2 1 0 -1 -2 2 1 0 -1 -2 2 1 0 -1 -2 2 1 0 -1 -2 2 1 0 -1 -2 2 1 0 -1 -2 2 1 0 -1 -2 2 1 0 -1 -2 2 1 0 -1 -2 2 1 0 -1 -2 2 1 0 -1 -2 2 1 0 -1 -2 2 1 0 -1 -2 2 1 0 -1 -2 2 1 0 -1 -2 2 1 0 -1 -2 2 1 0 -1 -2 2 1 0 -1 -2 2 1 0 -1 -2 2 1 0 -1 -2 2 1 0 -1 -2 2 1 0 -1 -2 2 1 0 -1 -2 2 1 0 -1 -2 2 1 0 -1 -2 2 1 0 -1 -2 2 1 0 -1 -2 2 1 0 -1 -2 2 1 0 -1 -2 2 1 0 -1 -2 2 1 0 -1 -2 2 1 0 -1 -2 2 1 0 -1 -2 2 1 0 -1 -2 2 1 0 -1 -2 2 1 0 -1 -2 2 1 0 -1 -2 2 1 0 -1 -2 2 1 0 -1 -2 2 1 0 -1 -2 2 1 0 722 -2 2 1 0 -1 -2 2 1 0 -1 -2 2 1 0 -1 -2 2 1 0 -1 -2 2 1 0 -1 -2 2 1 0 -1 -2 2 1 0 -1 -2 2 1 0 -1 -2 2 1 0 -1 -2 2 1 0 -1 -2 2 1 0 -1 -2 2 1 0 -1 -2 2 1 0 -1 -2 2 1 0 -1 -2 2 1 0 -1 -2 2 1 0 -1 -2 2 1 0 -1 -2 2 1 0 -1 -2 2 1 0 -1 -2 2 1 0 -1 -2 2 1 0 -1 -2 2 1 0 -1 -2 2 1 0 -1 -2 2 1 0 -1 -2 2 1 0 -1 -2 2 1 0 -1 -2 2 1 0 -1 -2 2 1 0 -1 -2 2 1 0 -1 -2 2 1 0 -1 -2 2 1 0 -1 -2 2 1 0 -1 -2 2 1 0 -1 -2 2 1 0 -1 -2 2 1 0 -1 -2 2 1 0 -1 -2 2 1 0 -1 -2 2 1 0 -1 -2 2 1 0 -1 -2 2 1 0 -1 -2 2 1 0 -1 -2 2 1 0 -1 -2 2 1 0 -1 -2 2 1 0 -1 -2 2 1 0 -1 -2 2 1 0 -1 -2 2 1 0 -1 -2 2 1 0 -1 -2 2 1 0 -1 -2 2 1 0 -1 -2 2 1 0 -1 -2 2 1 0 -1 -2 2 1 0 -1 -2 2 1 0 -1 -2 2 1 0 -1 -2 2 1 0 -1 -2 2 1 0 -1 -2 2 1 0 -1 -2 2 1 0 -1 -2 2 1 0 -1 -2 2 1 0 -1 -2 2 1 0 -1 -2 2 1 0 -1 -2 2 1 0 -1 -2 2 1 0 -1 -2 2 1 0 -1 -2 2 1 0 -1 -2 2 1 0 -1 -2 2 1 0 -1 -2 2 1 0 -1 -2 2 1 0 -1 -2 2 1 0 -1 -2 2 1 0 -1 -2 2 1 0 -1 -2 2 1 0 -1 -2 2 1 0 -1 -2 2 1 0 -1 -2 2 1
2 2 2 2 2 2 2 2 2 2 2 2 2 2 2 2 2 2 2 2 2 2 2 2 2 2 2 2 2 2 2 2 2 2 2 2 2 2 2 2 2 2 2 2 2 2 2 2 2 2 2 2 2 2 2 2 2 2 2 2 2 2 2 2 2 2 2 2 2 2 2 2 2 2 2 2 2 2 2 2 2 2 2 2 2 2 2 2 2 2 2 2 2 2 2 2 2 2 2 2 2 2 2 2 2 2 2 2 2 2 2 2 2 2 2 2 2 2 2 2 2 2 2 2 2 2 2 2 2 2 2 2 2 2 2 2 2 2 2 2 2 2 2 2 2 2 2 2 2 2 2 2 2 2 2 2 2 2 2 2 2 2 2 2 2 2 2 2 2 2 2 2 2 2 2 2 2 2 2 2 2 2 2 2 2 2 2 2 2 2 2 2 2 2 2 2 2 2 2 2 2 2 2 2 2 2 2 2 2 2 2 2 1201 2 2 2 2 2 2 2 2 2 2 2 2 2 2 2 2 2 2 2 2 2 2 2 2 2 2 2 2 2 2 2 2 2 2 2 2 2 2 2 2 2 2 2 2 2 2 2 2 2 2 2 2 2 2 2 2 2 2 2 2 2 2 2 2 2 2 2 2 2 2 2 2 2 2 2 2 2 2 2 2 2 2 2 2 2 2 2 2 2 2 2 2 2 2 2 2 2 2 2 2 2 2 2 2 2 2 2 2 2 2 2 2 2 2 2 2 2 2 2 2 2 2 2 2 2 2 2 2 2 2 2 2 2 2 2 2 2 2 2 2 2 2 2 2 2 2 2 2 2 2 2 2 2 2 2 2 2 2 2 2 2 2 2 2 2 2 2 2 2 2 2 2 2 2 2 2 2 2 2 2 2 2 2 2 2 2 2 2 2 2 2 2 2 2 2 2 2 2 2 2 2 2 2 2 2 2 2 2 2 2 2 2 2 2 2 2 2 2 2 2 2 2 2 2 2 2 2 2 2 2 2 2 2 2 2 2 2 2 2 2 2 2 2 2 2 2 2 2 2 2 2 2 2 2 2 2 2 2 2 2 2 2 2 2 2 2 2 2 2 2 2 2 2 2 2 2 2 2 2 2 2 2 2 2 2 2 2 2 2 2 2 2 2 2 2 2 2 2 2 2 2 2 2 2 2 2 2 2 2 2 2 2 2 2 2 2 2 2 2 2 2 2 2 2 2 2 2 2 2 2 2 2 2 2 2 2 2 2 2 2 2 2 2 2 2 2 2 2 2 2 2 2 2 2 2 2 2 2 2 2 2 2 2 2 2 2 2 2 2 2 2 2 2 2 2 2 2 2 2 2 2 2 2 2 2 2 2
-1 0 1 2 -2 -1 0 1 2 -2 -1 0 1 2 -2 -1 0 1 2 -2 -1 0 1 2 -2 -1 0 1 2 -2 -1 0 1 2 -2 -1 0 1 2 -2 -1 0 1 2 -2 -1 0 1 2 -2 -1 0 1 2 -2 -1 0 1 2 -2 -1 0 1 2 -2 -1 0 1 2 -2 -1 0 1 2 -2 -1 0 1 2 -2 -1 0 1 2 -2 -1 0 1 2 -2 -1 0 1 2 -2 -1 0 1 2 -2 -1 0 1 2 -2 -1 0 1 2 -2 -1 0 1 2 -2 -1 0 1 2 -2 -1 0 1 2 -2 -1 0 1 2 -2 -1 0 1 2 -2 -1 0 1 2 -2 -1 0 1 2 -2 -1 0 1 2 -2 -1 0 1 2 -2 -1 0 1 2 -2 -1 0 1 2 -2 -1 0 1 2 -2 -1 0 1 2 -2 -1 0 1 2 -2 -1 0 1 2 -2 -1 0 1 2 -2 -1 0 1 2 -2 -1 0 1 2 -2 -1 0 1 2 -2 -1 0 1 2 -2 -1 0 1 721 -2 -1 0 1 2 -2 -1 0 1 2 -2 -1 0 1 2 -2 -1 0 1 2 -2 -1 0 1 2 -2 -1 0 1 2 -2 -1 0 1 2 -2 -1 0 1 2 -2 -1 0 1 2 -2 -1 0 1 2 -2 -1 0 1 2 -2 -1 0 1 2 -2 -1 0 1 2 -2 -1 0 1 2 -2 -1 0 1 2 -2 -1 0 1 2 -2 -1 0 1 2 -2 -1 0 1 2 -2 -1 0 1 2 -2 -1 0 1 2 -2 -1 0 1 2 -2 -1 0 1 2 -2 -1 0 1 2 -2 -1 0 1 2 -2 -1 0 1 2 -2 -1 0 1 2 -2 -1 0 1 2 -2 -1 0 1 2 -2 -1 0 1 2 -2 -1 0 1 2 -2 -1 0 1 2 -2 -1 0 1 2 -2 -1 0 1 2 -2 -1 0 1 2 -2 -1 0 1 2 -2 -1 0 1 2 -2 -1 0 1 2 -2 -1 0 1 2 -2 -1 0 1 2 -2 -1 0 1 2 -2 -1 0 1 2 -2 -1 0 1 2 -2 -1 0 1 2 -2 -1 0 1 2 -2 -1 0 1 2 -2 -1 0 1 2 -2 -1 0 1 2 -2 -1 0 1 2 -2 -1 0 1 2 -2 -1 0 1 2 -2 -1 0 1 2 -2 -1 0 1 2 -2 -1 0 1 2 -2 -1 0 1 2 -2 -1 0 1 2 -2 -1 0 1 2 -2 -1 0 1 2 -2 -1 0 1 2 -2 -1 0 1 2 -2 -1 0 1 2 -2 -1 0 1 2 -2 -1 0 1 2 -2 -1 0 1 2 -2 -1 0 1 2 -2 -1 0 1 2 -2 -1 0 1 2 -2 -1 0 1 2 -2 -1 0 1 2 -2 -1 0 1 2 -2 -1 0 1 2 -2 -1 0 1 2 -2 -1 0 1 2 -2 -1 0 1 2 -2 -1 0 1 2 -2 -1 0 1 2 -2 -1 0 1 2 -2 -1 0 1 2 -2
1 -2 0 2 -1 1 -2 0 2 -1 1 -2 0 2 -1 1 -2 0 2 -1 1 -2 0 2 -1 1 -2 0 2 -1 1 -2 0 2 -1 1 -2 0 2 -1 1 -2 0 2 -1 1 -2 0 2 -1 1 -2 0 2 -1 1 -2 0 2 -1 1 -2 0 2 -1 1 -2 0 2 -1 1 -2 0 2 -1 1 -2 0 2 -1 1 -2 0 2 -1 1 -2 0 2 -1 1 -2 0 2 -1 1 -2 0 2 -1 1 -2 0 2 -1 1 -2 0 2 -1 1 -2 0 2 -1 1 -2 0 2 -1 1 -2 0 2 -1 1 -2 0 2 -1 1 -2 0 2 -1 1 -2 0 2 -1 1 -2 0 2 -1 1 -2 0 2 -1 1 -2 0 2 -1 1 -2 0 2 -1 1 -2 0 2 -1 1 -2 0 2 -1 1 -2 0 2 -1 1 -2 0 2 -1 1 -2 0 2 -1 1 -2 0 2 -1 1 -2 0 2 -1 1 -2 0 2 -1 1 -2 0 2 -1 1 -2 0 2 -1 1 -2 0 2 722 1 -2 0 2 -1 1 -2 0 2 -1 1 -2 0 2 -1 1 -2 0 2 -1 1 -2 0 2 -1 1 -2 0 2 -1 1 -2 0 2 -1 1 -2 0 2 -1 1 -2 0 2 -1 1 -2 0 2 -1 1 -2 0 2 -1 1 -2 0 2 -1 1 -2 0 2 -1 1 -2 0 2 -1 1 -2 0 2 -1 1 -2 0 2 -1 1 -2 0 2 -1 1 -2 0 2 -1 1 -2 0 2 -1 1 -2 0 2 -1 1 -2 0 2 -1 1 -2 0 2 -1 1 -2 0 2 -1 1 -2 0 2 -1 1 -2 0 2 -1 1 -2 0 2 -1 1 -2 0 2 -1 1 -2 0 2 -1 1 -2 0 2 -1 1 -2 0 2 -1 1 -2 0 2 -1 1 -2 0 2 -1 1 -2 0 2 -1 1 -2 0 2 -1 1 -2 0 2 -1 1 -2 0 2 -1 1 -2 0 2 -1 1 -2 0 2 -1 1 -2 0 2 -1 1 -2 0 2 -1 1 -2 0 2 -1 1 -2 0 2 -1 1 -2 0 2 -1 1 -2 0 2 -1 1 -2 0 2 -1 1 -2 0 2 -1 1 -2 0 2 -1 1 -2 0 2 -1 1 -2 0 2 -1 1 -2 0 2 -1 1 -2 0 2 -1 1 -2 0 2 -1 1 -2 0 2 -1 1 -2 0 2 -1 1 -2 0 2 -1 1 -2 0 2 -1 1 -2 0 2 -1 1 -2 0 2 -1 1 -2 0 2 -1 1 -2 0 2 -1 1 -2 0 2 -1 1 -2 0 2 -1 1 -2 0 2 -1 1 -2 0 2 -1 1 -2 0 2 -1 1 -2 0 2 -1 1 -2 0 2 -1 1 -2 0 2 -1 1 -2 0 2 -1 1 -2 0 2 -1 1 -2 0 2 -1 1 -2 0 2 -1 1 -2 0 2 -1 1 -2 0 2 -1 1 -2 0 2 -1 1 -2 0 2 -1 1 -2 0 2 -1
-2 1 -1 2 0 -2 1 -1 2 0 -2 1 -1 2 0 -2 1 -1 2 0 -2 1 -1 2 0 -2 1 -1 2 0 -2 1 -1 2 0 -2 1 -1 2 0 -2 1 -1 2 0 -2 1 -1 2 0 -2 1 -1 2 0 -2 1 -1 2 0 -2 1 -1 2 0 -2 1 -1 2 0 -2 1 -1 2 0 -2 1 -1 2 0 -2 1 -1 2 0 -2 1 -1 2 0 -2 1 -1 2 0 -2 1 -1 2 0 -2 1 -1 2 0 -2 1 -1 2 0 -2 1 -1 2 0 -2 1 -1 2 0 -2 1 -1 2 0 -2 1 -1 2 0 -2 1 -1 2 0 -2 1 -1 2 0 -2 1 -1 2 0 -2 1 -1 2 0 -2 1 -1 2 0 -2 1 -1 2 0 -2 1 -1 2 0 -2 1 -1 2 0 -2 1 -1 2 0 -2 1 -1 2 0 -2 1 -1 2 0 -2 1 -1 2 0 -2 1 -1 2 0 -2 1 -1 2 0 -2 1 -1 2 0 -2 1 -1 2 0 -2 1 -1 2 0 721 1 -1 2 0 -2 1 -1 2 0 -2 1 -1 2 0 -2 1 -1 2 0 -2 1 -1 2 0 -2 1 -1 2 0 -2 1 -1 2 0 -2 1 -1 2 0 -2 1 -1 2 0 -2 1 -1 2 0 -2 1 -1 2 0 -2 1 -1 2 0 -2 1 -1 2 0 -2 1 -1 2 0 -2 1 -1 2 0 -2 1 -1 2 0 -2 1 -1 2 0 -2 1 -1 2 0 -2 1 -1 2 0 -2 1 -1 2 0 -2 1 -1 2 0 -2 1 -1 2 0 -2 1 -1 2 0 -2 1 -1 2 0 -2 1 -1 2 0 -2 1 -1 2 0 -2 1 -1 2 0 -2 1 -1 2 0 -2 1 -1 2 0 -2 1 -1 2 0 -2 1 -1 2 0 -2 1 -1 2 0 -2 1 -1 2 0 -2 1 -1 2 0 -2 1 -1 2 0 -2 1 -1 2 0 -2 1 -1 2 0 -2 1 -1 2 0 -2 1 -1 2 0 -2 1 -1 2 0 -2 1 -1 2 0 -2 1 -1 2 0 -2 1 -1 2 0 -2 1 -1 2 0 -2 1 -1 2 0 -2 1 -1 2 0 -2 1 -1 2 0 -2 1 -1 2 0 -2 1 -1 2 0 -2 1 -1 2 0 -2 1 -1 2 0 -2 1 -1 2 0 -2 1 -1 2 0 -2 1 -1 2 0 -2 1 -1 2 0 -2 1 -1 2 0 -2 1 -1 2 0 -2 1 -1 2 0 -2 1 -1 2 0 -2 1 -1 2 0 -2 1 -1 2 0 -2 1 -1 2 0 -2 1 -1 2 0 -2 1 -1 2 0 -2 1 -1 2 0 -2 1 -1 2 0 -2 1 -1 2 0 -2 1 -1 2 0 -2 1 -1 2 0 -2 1 -1 2 0 -2 1 -1 2 0 -2 1 -1 2 0 -2 1 -1 2 0 -2 1 -1 2 0 -2 1 -1 2 0 -2 1 -1 2 0 -2 1 -1 2 0
0 -1 -2 2 1 0 -1 -2 2 1 0 -1 -2 2 1 0 -1 -2 2 1 0 -1 -2 2 1 0 -1 -2 2 1 0 -1 -2 2 1 0 -1 -2 2 1 0 -1 -2 2 1 0 -1 -2 2 1 0 -1 -2 2 1 0 -1 -2 2 1 0 -1 -2 2 1 0 -1 -2 2 1 0 -1 -2 2 1 0 -1 -2 2 1 0 -1 -2 2 1 0 -1 -2 2 1 0 -1 -2 2 1 0 -1 -2 2 1 0 -1 -2 2 1 0 -1 -2 2 1 0 -1 -2 2 1 0 -1 -2 2 1 0 -1 -2 2 1 0 -1 -2 2 1 0 -1 -2 2 1 0 -1 -2 2 1 0 -1 -2 2 1 0 -1 -2 2 1 0 -1 -2 2 1 0 -1 -2 2 1 0 -1 -2 2 1 0 -1 -2 2 1 0 -1 -2 2 1 0 -1 -2 2 1 0 -1 -2 2 1 0 -1 -2 2 1 0 -1 -2 2 1 0 -1 -2 2 1 0 -1 -2 2 1 0 -1 -2 2 1 0 -1 -2 2 1 0 722 -2 2 1 0 -1 -2 2 1 0 -1 -2 2 1 0 -1 -2 2 1 0 -1 -2 2 1 0 -1 -2 2 1 0 -1 -2 2 1 0 -1 -2 2 1 0 -1 -2 2 1 0 -1 -2 2 1 0 -1 -2 2 1 0 -1 -2 2 1 0 -1 -2 2 1 0 -1 -2 2 1 0 -1 -2 2 1 0 -1 -2 2 1 0 -1 -2 2 1 0 -1 -2 2 1 0 -1 -2 2 1 0 -1 -2 2 1 0 -1 -2 2 1 0 -1 -2 2 1 0 -1 -2 2 1 0 -1 -2 2 1 0 -1 -2 2 1 0 -1 -2 2 1 0 -1 -2 2 1 0 -1 -2 2 1 0 -1 -2 2 1 0 -1 -2 2 1 0 -1 -2 2 1 0 -1 -2 2 1 0 -1 -2 2 1 0 -1 -2 2 1 0 -1 -2 2 1 0 -1 -2 2 1 0 -1 -2 2 1 0 -1 -2 2 1 0 -1 -2 2 1 0 -1 -2 2 1 0 -1 -2 2 1 0 -1 -2 2 1 0 -1 -2 2 1 0 -1 -2 2 1 0 -1 -2 2 1 0 -1 -2 2 1 0 -1 -2 2 1 0 -1 -2 2 1 0 -1 -2 2 1 0 -1 -2 2 1 0 -1 -2 2 1 0 -1 -2 2 1 0 -1 -2 2 1 0 -1 -2 2 1 0 -1 -2 2 1 0 -1 -2 2 1 0 -1 -2 2 1 0 -1 -2 2 1 0 -1 -2 2 1 0 -1 -2 2 1 0 -1 -2 2 1 0 -1 -2 2 1 0 -1 -2 2 1 0 -1 -2 2 1 0 -1 -2 2 1 0 -1 -2 2 1 0 -1 -2 2 1 0 -1 -2 2 1 0 -1 -2 2 1 0 -1 -2 2 1 0 -1 -2 2 1 0 -1 -2 2 1 0 -1 -2 2 1 0 -1 -2 2 1 0 -1 -2 2 1 0 -1 -2 2 1 0 -1 -2 2 1
2 2 2 2 2 2 2 2 2 2 2 2 2 2 2 2 2 2 2 2 2 2 2 2 2 2 2 2 2 2 2 2 2 2 2 2 2 2 2 2 2 2 2 2 2 2 2 2 2 2 2 2 2 2 2 2 2 2 2 2 2 2 2 2 2 2 2 2 2 2 2 2 2 2 2 2 2 2 2 2 2 2 2 2 2 2 2 2 2 2 2 2 2 2 2 2 2 2 2 2 2 2 2 2 2 2 2 2 2 2 2 2 2 2 2 2 2 2 2 2 2 2 2 2 2 2 2 2 2 2 2 2 2 2 2 2 2 2 2 2 2 2 2 2 2 2 2 2 2 2 2 2 2 2 2 2 2 2 2 2 2 2 2 2 2 2 2 2 2 2 2 2 2 2 2 2 2 2 2 2 2 2 2 2 2 2 2 2 2 2 2 2 2 2 2 2 2 2 2 2 2 2 2 2 2 2 2 2 2 2 2 2 2 2 2 2 2 1201 2 2 2 2 2 2 2 2 2 2 2 2 2 2 2 2 2 2 2 2 2 2 2 2 2 2 2 2 2 2 2 2 2 2 2 2 2 2 2 2 2 2 2 2 2 2 2 2 2 2 2 2 2 2 2 2 2 2 2 2 2 2 2 2 2 2 2 2 2 2 2 2 2 2 2 2 2 2 2 2 2 2 2 2 2 2 2 2 2 2 2 2 2 2 2 2 2 2 2 2 2 2 2 2 2 2 2 2 2 2 2 2 2 2 2 2 2 2 2 2 2 2 2 2 2 2 2 2 2 2 2 2 2 2 2 2 2 2 2 2 2 2 2 2 2 2 2 2 2 2 2 2 2 2 2 2 2 2 2 2 2 2 2 2 2 2 2 2 2 2 2 2 2 2 2 2 2 2 2 2 2 2 2 2 2 2 2 2 2 2 2 2 2 2 2 2 2 2 2 2 2 2 2 2 2 2 2 2 2 2 2 2 2 2 2 2 2 2 2 2 2 2 2 2 2 2 2 2 2 2 2 2 2 2 2 2 2 2 2 2 2 2 2 2 2 2 2 2 2 2 2 2 2 2 2 2 2 2 2 2 2 2 2 2 2 2 2 2 2 2 2 2 2 2 2 2 2 2 2 2 2 2 2 2 2 2 2 2 2 2 2 2 2 2 2 2 2 2 2 2 2 2 2 2 2 2 2 2 2 2 2 2 2 2 2 2 2 2 2 2 2 2 2 2 2 2 2 2 2 2 2 2 2 2 2 2 2 2 2 2 2 2 2 2 2 2 2 2 2 2 2 2 2 2 2 2 2 2 2 2 2 2 2 2 2 2 2 2 2 2 2 2 2 2 2 2 2 2 2 2 2 2
-1 0 1 2 -2 -1 0 1 2 -2 -1 0 1 2 -2 -1 0 1 2 -2 -1 0 1 2 -2 -1 0 1 2 -2 -1 0 1 2 -2 -1 0 1 2 -2 -1 0 1 2 -2 -1 0 1 2 -2 -1 0 1 2 -2 -1 0 1 2 -2 -1 0 1 2 -2 -1 0 1 2 -2 -1 0 1 2 -2 -1 0 1 2 -2 -1 0 1 2 -2 -1 0 1 2 -2 -1 0 1 2 -2 -1 0 1 2 -2 -1 0 1 2 -2 -1 0 1 2 -2 -1 0 1 2 -2 -1 0 1 2 -2 -1 0 1 2 -2 -1 0 1 2 -2 -1 0 1 2 -2 -1 0 1 2 -2 -1 0 1 2 -2 -1 0 1 2 -2 -1 0 1 2 -2 -1 0 1 2 -2 -1 0 1 2 -2 -1 0 1 2 -2 -1 0 1 2 -2 -1 0 1 2 -2 -1 0 1 2 -2 -1 0 1 2 -2 -1 0 1 2 -2 -1 0 1 2 -2 -1 0 1 2 -2 -1 0 1 2 -2 -1 0 1 2 -2 -1 0 1 721 -2 -1 0 1 2 -2 -1 0 1 2 -2 -1 0 1 2 -2 -1 0 1 2 -2 -1 0 1 2 -2 -1 0 1 2 -2 -1 0 1 2 -2 -1 0 1 2 -2 -1 0 1 2 -2 -1 0 1 2 -2 -1 0 1 2 -2 -1 0 1 2 -2 -1 0 1 2 -2 -1 0 1 2 -2 -1 0 1 2 -2 -1 0 1 2 -2 -1 0 1 2 -2 -1 0 1 2 -2 -1 0 1 2 -2 -1 0 1 2 -2 -1 0 1 2 -2 -1 0 1 2 -2 -1 0 1 2 -2 -1 0 1 2 -2 -1 0 1 2 -2 -1 0 1 2 -2 -1 0 1 2 -2 -1 0 1 2 -2 -1 0 1 2 -2 -1 0 1 2 -2 -1 0 1 2 -2 -1 0 1 2 -2 -1 0 1 2 -2 -1 0 1 2 -2 -1 0 1 2 -2 -1 0 1 2 -2 -1 0 1 2 -2 -1 0 1 2 -2 -1 0 1 2 -2 -1 0 1 2 -2 -1 0 1 2 -2 -1 0 1 2 -2 -1 0 1 2 -2 -1 0 1 2 -2 -1 0 1 2 -2 -1 0 1 2 -2 -1 0 1 2 -2 -1 0 1 2 -2 -1 0 1 2 -2 -1 0 1 2 -2 -1 0 1 2 -2 -1 0 1 2 -2 -1 0 1 2 -2 -1 0 1 2 -2 -1 0 1 2 -2 -1 0 1 2 -2 -1 0 1 2 -2 -1 0 1 2 -2 -1 0 1 2 -2 -1 0 1 2 -2 -1 0 1 2 -2 -1 0 1 2 -2 -1 0 1 2 -2 -1 0 1 2 -2 -1 0 1 2 -2 -1 0 1 2 -2 -1 0 1 2 -2 -1 0 1 2 -2 -1 0 1 2 -2 -1 0 1 2 -2 -1 0 1 2 -2 -1 0 1 2 -2 -1 0 1 2 -2 -1 0 1 2 -2 -1 0 1 2 -2 -1 0 1 2 -2
1 -2 0 2 -1 1 -2 0 2 -1 1 -2 0 2 -1 1 -2 0 2 -1 1 -2 0 2 -1 1 -2 0 2 -1 1 -2 0 2 -1 1 -2 0 2 -1 1 -2 0 2 -1 1 -2 0 2 -1 1 -2 0 2 -1 1 -2 0 2 -1 1 -2 0 2 -1 1 -2 0 2 -1 1 -2 0 2 -1 1 -2 0 2 -1 1 -2 0 2 -1 1 -2 0 2 -1 1 -2 0 2 -1 1 -2 0 2 -1 1 -2 0 2 -1 1 -2 0 2 -1 1 -2 0 2 -1 1 -2 0 2 -1 1 -2 0 2 -1 1 -2 0 2 -1 1 -2 0 2 -1 1 -2 0 2 -1 1 -2 0 2 -1 1 -2 0 2 -1 1 -2 0 2 -1 1 -2 0 2 -1 1 -2 0 2 -1 1 -2 0 2 -1 1 -2 0 2 -1 1 -2 0 2 -1 1 -2 0 2 -1 1 -2 0 2 -1 1 -2 0 2 -1 1 -2 0 2 -1 1 -2 0 2 -1 1 -2 0 2 -1 1 -2 0 2 -1 1 -2 0 2 722 1 -2 0 2 -1 1 -2 0 2 -1 1 -2 0 2 -1 1 -2 0 2 -1 1 -2 0 2 -1 1 -2 0 2 -1 1 -2 0 2 -1 1 -2 0 2 -1 1 -2 0 2 -1 1 -2 0 2 -1 1 -2 0 2 -1 1 -2 0 2 -1 1 -2 0 2 -1 1 -2 0 2 -1 1 -2 0 2 -1 1 -2 0 2 -1 1 -2 0 2 -1 1 -2 0 2 -1 1 -2 0 2 -1 1 -2 0 2 -1 1 -2 0 2 -1 1 -2 0 2 -1 1 -2 0 2 -1 1 -2 0 2 -1 1 -2 0 2 -1 1 -2 0 2 -1 1 -2 0 2 -1 1 -2 0 2 -1 1 -2 0 2 -1 1 -2 0 2 -1 1 -2 0 2 -1 1 -2 0 2 -1 1 -2 0 2 -1 1 -2 0 2 -1 1 -2 0 2 -1 1 -2 0 2 -1 1 -2 0 2 -1 1 -2 0 2 -1 1 -2 0 2 -1 1 -2 0 2 -1 1 -2 0 2 -1 1 -2 0 2 -1 1 -2 0 2 -1 1 -2 0 2 -1 1 -2 0 2 -1 1 -2 0 2 -1 1 -2 0 2 -1 1 -2 0 2 -1 1 -2 0 2 -1 1 -2 0 2 -1 1 -2 0 2 -1 1 -2 0 2 -1 1 -2 0 2 -1 1 -2 0 2 -1 1 -2 0 2 -1 1 -2 0 2 -1 1 -2 0 2 -1 1 -2 0 2 -1 1 -2 0 2 -1 1 -2 0 2 -1 1 -2 0 2 -1 1 -2 0 2 -1 1 -2 0 2 -1 1 -2 0 2 -1 1 -2 0 2 -1 1 -2 0 2 -1 1 -2 0 2 -1 1 -2 0 2 -1 1 -2 0 2 -1 1 -2 0 2 -1 1 -2 0 2 -1 1 -2 0 2 -1 1 -2 0 2 -1 1 -2 0 2 -1 1 -2 0 2 -1 1 -2 0 2 -1
-2 1 -1 2 0 -2 1 -1 2 0 -2 1 -1 2 0 -2 1 -1 2 0 -2 1 -1 2 0 -2 1 -1 2 0 -2 1 -1 2 0 -2 1 -1 2 0 -2 1 -1 2 0 -2 1 -1 2 0 -2 1 -1 2 0 -2 1 -1 2 0 -2 1 -1 2 0 -2 1 -1 2 0 -2 1 -1 2 0 -2 1 -1 2 0 -2 1 -1 2 0 -2 1 -1 2 0 -2 1 -1 2 0 -2 1 -1 2 0 -2 1 -1 2 0 -2 1 -1 2 0 -2 1 -1 2 0 -2 1 -1 2 0 -2 1 -1 2 0 -2 1 -1 2 0 -2 1 -1 2 0 -2 1 -1 2 0 -2 1 -1 2 0 -2 1 -1 2 0 -2 1 -1 2 0 -2 1 -1 2 0 -2 1 -1 2 0 -2 1 -1 2 0 -2 1 -1 2 0 -2 1 -1 2 0 -2 1 -1 2 0 -2 1 -1 2 0 -2 1 -1 2 0 -2 1 -1 2 0 -2 1 -1 2 0 -2 1 -1 2 0 -2 1 -1 2 0 -2 1 -1 2 0 721 1 -1 2 0 -2 1 -1 2 0 -2 1 -1 2 0 -2 1 -1 2 0 -2 1 -1 2 0 -2 1 -1 2 0 -2 1 -1 2 0 -2 1 -1 2 0 -2 1 -1 2 0 -2 1 -1 2 0 -2 1 -1 2 0 -2 1 -1 2 0 -2 1 -1 2 0 -2 1 -1 2 0 -2 1 -1 2 0 -2 1 -1 2 0 -2 1 -1 2 0 -2 1 -1 2 0 -2 1 -1 2 0 -2 1 -1 2 0 -2 1 -1 2 0 -2 1 -1 2 0 -2 1 -1 2 0 -2 1 -1 2 0 -2 1 -1 2 0 -2 1 -1 2 0 -2 1 -1 2 0 -2 1 -1 2 0 -2 1 -1 2 0 -2 1 -1 2 0 -2 1 -1 2 0 -2 1 -1 2 0 -2 1 -1 2 0 -2 1 -1 2 0 -2 1 -1 2 0 -2 1 -1 2 0 -2 1 -1 2 0 -2 1 -1 2 0 -2 1 -1 2 0 -2 1 -1 2 0 -2 1 -1 2 0 -2 1 -1 2 0 -2 1 -1 2 0 -2 1 -1 2 0 -2 1 -1 2 0 -2 1 -1 2 0 -2 1 -1 2 0 -2 1 -1 2 0 -2 1 -1 2 0 -2 1 -1 2 0 -2 1 -1 2 0 -2 1 -1 2 0 -2 1 -1 2 0 -2 1 -1 2 0 -2 1 -1 2 0 -2 1 -1 2 0 -2 1 -1 2 0 -2 1 -1 2 0 -2 1 -1 2 0 -2 1 -1 2 0 -2 1 -1 2 0 -2 1 -1 2 0 -2 1 -1 2 0 -2 1 -1 2 0 -2 1 -1 2 0 -2 1 -1 2 0 -2 1 -1 2 0 -2 1 -1 2 0 -2 1 -1 2 0 -2 1 -1 2 0 -2 1 -1 2 0 -2 1 -1 2 0 -2 1 -1 2 0 -2 1 -1 2 0 -2 1 -1 2 0 -2 1 -1 2 0
0 -1 -2 2 1 0 -1 -2 2 1 0 -1 -2 2 1 0 -1 -2 2 1 0 -1 -2 2 1 0 -1 -2 2 1 0 -1 -2 2 1 0 -1 -2 2 1 0 -1 -2 2 1 0 -1 -2 2 1 0 -1 -2 2 1 0 -1 -2 2 1 0 -1 -2 2 1 0 -1 -2 2 1 0 -1 -2 2 1 0 -1 -2 2 1 0 -1 -2 2 1 0 -1 -2 2 1 0 -1 -2 2 1 0 -1 -2 2 1 0 -1 -2 2 1 0 -1 -2 2 1 0 -1 -2 2 1 0 -1 -2 2 1 0 -1 -2 2 1 0 -1 -2 2 1 0 -1 -2 2 1 0 -1 -2 2 1 0 -1 -2 2 1 0 -1 -2 2 1 0 -1 -2 2 1 0 -1 -2 2 1 0 -1 -2 2 1 0 -1 -2 2 1 0 -1 -2 2 1 0 -1 -2 2 1 0 -1 -2 2 1 0 -1 -2 2 1 0 -1 -2 2 1 0 -1 -2 2 1 0 -1 -2 2 1 0 -1 -2 2 1 0 -1 -2 2 1 0 -1 -2 2 1 0 722 -2 2 1 0 -1 -2 2 1 0 -1 -2 2 1 0 -1 -2 2 1 0 -1 -2 2 1 0 -1 -2 2 1 0 -1 -2 2 1 0 -1 -2 2 1 0 -1 -2 2 1 0 -1 -2 2 1 0 -1 -2 2 1 0 -1 -2 2 1 0 -1 -2 2 1 0 -1 -2 2 1 0 -1 -2 2 1 0 -1 -2 2 1 0 -1 -2 2 1 0 -1 -2 2 1 0 -1 -2 2 1 0 -1 -2 2 1 0 -1 -2 2 1 0 -1 -2 2 1 0 -1 -2 2 1 0 -1 -2 2 1 0 -1 -2 2 1 0 -1 -2 2 1 0 -1 -2 2 1 0 -1 -2 2 1 0 -1 -2 2 1 0 -1 -2 2 1 0 -1 -2 2 1 0 -1 -2 2 1 0 -1 -2 2 1 0 -1 -2 2 1 0 -1 -2 2 1 0 -1 -2 2 1 0 -1 -2 2 1 0 -1 -2 2 1 0 -1 -2 2 1 0 -1 -2 2 1 0 -1 -2 2 1 0 -1 -2 2 1 0 -1 -2 2 1 0 -1 -2 2 1 0 -1 -2 2 1 0 -1 -2 2 1 0 -1 -2 2 1 0 -1 -2 2 1 0 -1 -2 2 1 0 -1 -2 2 1 0 -1 -2 2 1 0 -1 -2 2 1 0 -1 -2 2 1 0 -1 -2 2 1 0 -1 -2 2 1 0 -1 -2 2 1 0 -1 -2 2 1 0 -1 -2 2 1 0 -1 -2 2 1 0 -1 -2 2 1 0 -1 -2 2 1 0 -1 -2 2 1 0 -1 -2 2 1 0 -1 -2 2 1 0 -1 -2 2 1 0 -1 -2 2 1 0 -1 -2 2 1 0 -1 -2 2 1 0 -1 -2 2 1 0 -1 -2 2 1 0 -1 -2 2 1 0 -1 -2 2 1 0 -1 -2 2 1 0 -1 -2 2 1 0 -1 -2 2 1 0 -1 -2 2 1
2 2 2 2 2 2 2 2 2 2 2 2 2 2 2 2 2 2 2 2 2 2 2 2 2 2 2 2 2 2 2 2 2 2 2 2 2 2 2 2 2 2 2 2 2 2 2 2 2 2 2 2 2 2 2 2 2 2 2 2 2 2 2 2 2 2 2 2 2 2 2 2 2 2 2 2 2 2 2 2 2 2 2 2 2 2 2 2 2 2 2 2 2 2 2 2 2 2 2 2 2 2 2 2 2 2 2 2 2 2 2 2 2 2 2 2 2 2 2 2 2 2 2 2 2 2 2 2 2 2 2 2 2 2 2 2 2 2 2 2 2 2 2 2 2 2 2 2 2 2 2 2 2 2 2 2 2 2 2 2 2 2 2 2 2 2 2 2 2 2 2 2 2 2 2 2 2 2 2 2 2 2 2 2 2 2 2 2 2 2 2 2 2 2 2 2 2 2 2 2 2 2 2 2 2 2 2 2 2 2 2 2 2 2 2 2 2 2 2 2 2 2 1201 2 2 2 2 2 2 2 2 2 2 2 2 2 2 2 2 2 2 2 2 2 2 2 2 2 2 2 2 2 2 2 2 2 2 2 2 2 2 2 2 2 2 2 2 2 2 2 2 2 2 2 2 2 2 2 2 2 2 2 2 2 2 2 2 2 2 2 2 2 2 2 2 2 2 2 2 2 2 2 2 2 2 2 2 2 2 2 2 2 2 2 2 2 2 2 2 2 2 2 2 2 2 2 2 2 2 2 2 2 2 2 2 2 2 2 2 2 2 2 2 2 2 2 2 2 2 2 2 2 2 2 2 2 2 2 2 2 2 2 2 2 2 2 2 2 2 2 2 2 2 2 2 2 2 2 2 2 2 2 2 2 2 2 2 2 2 2 2 2 2 2 2 2 2 2 2 2 2 2 2 2 2 2 2 2 2 2 2 2 2 2 2 2 2 2 2 2 2 2 2 2 2 2 2 2 2 2 2 2 2 2 2 2 2 2 2 2 2 2 2 2 2 2 2 2 2 2 2 2 2 2 2 2 2 2 2 2 2 2 2 2 2 2 2 2 2 2 2 2 2 2 2 2 2 2 2 2 2 2 2 2 2 2 2 2 2 2 2 2 2 2 2 2 2 2 2 2 2 2 2 2 2 2 2 2 2 2 2 2 2 2 2 2 2 2 2 2 2 2 2 2 2 2 2 2 2 2 2 2 2 2 2 2 2 2 2 2 2 2 2 2 2 2 2 2 2 2 2 2 2 2 2 2 2 2 2 2 2 2 2 2 2 2 2 2 2 2 2 2 2 2 2 2 2 2 2 2 2 2 2 2 2 2 2 2 2 2 2 2 2 2 2 2 2 2 2 2
-1 0 1 2 -2 -1 0 1 2 -2 -1 0 1 2 -2 -1 0 1 2 -2 -1 0 1 2 -2 -1 0 1 2 -2 -1 0 1 2 -2 -1 0 1 2 -2 -1 0 1 2 -2 -1 0 1 2 -2 -1 0 1 2 -2 -1 0 1 2 -2 -1 0 1 2 -2 -1 0 1 2 -2 -1 0 1 2 -2 -1 0 1 2 -2 -1 0 1 2 -2 -1 0 1 2 -2 -1 0 1 2 -2 -1 0 1 2 -2 -1 0 1 2 -2 -1 0 1 2 -2 -1 0 1 2 -2 -1 0 1 2 -2 -1 0 1 2 -2 -1 0 1 2 -2 -1 0 1 2 -2 -1 0 1 2 -2 -1 0 1 2 -2 -1 0 1 2 -2 -1 0 1 2 -2 -1 0 1 2 -2 -1 0 1 2 -2 -1 0 1 2 -2 -1 0 1 2 -2 -1 0 1 2 -2 -1 0 1 2 -2 -1 0 1 2 -2 -1 0 1 2 -2 -1 0 1 2 -2 -1 0 1 2 -2 -1 0 1 2 -2 -1 0 1 2 -2 -1 0 1 2 -2 -1 0 1 721 -2 -1 0 1 2 -2 -1 0 1 2 -2 -1 0 1 2 -2 -1 0 1 2 -2 -1 0 1 2 -2 -1 0 1 2 -2 -1 0 1 2 -2 -1 0 1 2 -2 -1 0 1 2 -2 -1 0 1 2 -2 -1 0 1 2 -2 -1 0 1 2 -2 -1 0 1 2 -2 -1 0 1 2 -2 -1 0 1 2 -2 -1 0 1 2 -2 -1 0 1 2 -2 -1 0 1 2 -2 -1 0 1 2 -2 -1 0 1 2 -2 -1 0 1 2 -2 -1 0 1 2 -2 -1 0 1 2 -2 -1 0 1 2 -2 -1 0 1 2 -2 -1 0 1 2 -2 -1 0 1 2 -2 -1 0 1 2 -2 -1 0 1 2 -2 -1 0 1 2 -2 -1 0 1 2 -2 -1 0 1 2 -2 -1 0 1 2 -2 -1 0 1 2 -2 -1 0 1 2 -2 -1 0 1 2 -2 -1 0 1 2 -2 -1 0 1 2 -2 -1 0 1 2 -2 -1 0 1 2 -2 -1 0 1 2 -2 -1 0 1 2 -2 -1 0 1 2 -2 -1 0 1 2 -2 -1 0 1 2 -2 -1 0 1 2 -2 -1 0 1 2 -2 -1 0 1 2 -2 -1 0 1 2 -2 -1 0 1 2 -2 -1 0 1 2 -2 -1 0 1 2 -2 -1 0 1 2 -2 -1 0 1 2 -2 -1 0 1 2 -2 -1 0 1 2 -2 -1 0 1 2 -2 -1 0 1 2 -2 -1 0 1 2 -2 -1 0 1 2 -2 -1 0 1 2 -2 -1 0 1 2 -2 -1 0 1 2 -2 -1 0 1 2 -2 -1 0 1 2 -2 -1 0 1 2 -2 -1 0 1 2 -2 -1 0 1 2 -2 -1 0 1 2 -2 -1 0 1 2 -2 -1 0 1 2 -2 -1 0 1 2 -2 -1 0 1 2 -2 -1 0 1 2 -2 -1 0 1 2 -2
1 -2 0 2 -1 1 -2 0 2 -1 1 -2 0 2 -1 1 -2 0 2 -1 1 -2 0 2 -1 1 -2 0 2 -1 1 -2 0 2 -1 1 -2 0 2 -1 1 -2 0 2 -1 1 -2 0 2 -1 1 -2 0 2 -1 1 -2 0 2 -1 1 -2 0 2 -1 1 -2 0 2 -1 1 -2 0 2 -1 1 -2 0 2 -1 1 -2 0 2 -1 1 -2 0 2 -1 1 -2 0 2 -1 1 -2 0 2 -1 1 -2 0 2 -1 1 -2 0 2 -1 1 -2 0 2 -1 1 -2 0 2 -1 1 -2 0 2 -1 1 -2 0 2 -1 1 -2 0 2 -1 1 -2 0 2 -1 1 -2 0 2 -1 1 -2 0 2 -1 1 -2 0 2 -1 1 -2 0 2 -1 1 -2 0 2 -1 1 -2 0 2 -1 1 -2 0 2 -1 1 -2 0 2 -1 1 -2 0 2 -1 1 -2 0 2 -1 1 -2 0 2 -1 1 -2 0 2 -1 1 -2 0 2 -1 1 -2 0 2 -1 1 -2 0 2 -1 1 -2 0 2 -1 1 -2 0 2 722 1 -2 0 2 -1 1 -2 0 2 -1 1 -2 0 2 -1 1 -2 0 2 -1 1 -2 0 2 -1 1 -2 0 2 -1 1 -2 0 2 -1 1 -2 0 2 -1 1 -2 0 2 -1 1 -2 0 2 -1 1 -2 0 2 -1 1 -2 0 2 -1 1 -2 0 2 -1 1 -2 0 2 -1 1 -2 0 2 -1 1 -2 0 2 -1 1 -2 0 2 -1 1 -2 0 2 -1 1 -2 0 2 -1 1 -2 0 2 -1 1 -2 0 2 -1 1 -2 0 2 -1 1 -2 0 2 -1 1 -2 0 2 -1 1 -2 0 2 -1 1 -2 0 2 -1 1 -2 0 2 -1 1 -2 0 2 -1 1 -2 0 2 -1 1 -2 0 2 -1 1 -2 0 2 -1 1 -2 0 2 -1 1 -2 0 2 -1 1 -2 0 2 -1 1 -2 0 2 -1 1 -2 0 2 -1 1 -2 0 2 -1 1 -2 0 2 -1 1 -2 0 2 -1 1 -2 0 2 -1 1 -2 0 2 -1 1 -2 0 2 -1 1 -2 0 2 -1 1 -2 0 2 -1 1 -2 0 2 -1 1 -2 0 2 -1 1 -2 0 2 -1 1 -2 0 2 -1 1 -2 0 2 -1 1 -2 0 2 -1 1 -2 0 2 -1 1 -2 0 2 -1 1 -2 0 2 -1 1 -2 0 2 -1 1 -2 0 2 -1 1 -2 0 2 -1 1 -2 0 2 -1 1 -2 0 2 -1 1 -2 0 2 -1 1 -2 0 2 -1 1 -2 0 2 -1 1 -2 0 2 -1 1 -2 0 2 -1 1 -2 0 2 -1 1 -2 0 2 -1 1 -2 0 2 -1 1 -2 0 2 -1 1 -2 0 2 -1 1 -2 0 2 -1 1 -2 0 2 -1 1 -2 0 2 -1 1 -2 0 2 -1 1 -2 0 2 -1 1 -2 0 2 -1 1 -2 0 2 -1
-2 1 -1 2 0 -2 1 -1 2 0 -2 1 -1 2 0 -2 1 -1 2 0 -2 1 -1 2 0 -2 1 -1 2 0 -2 1 -1 2 0 -2 1 -1 2 0 -2 1 -1 2 0 -2 1 -1 2 0 -2 1 -1 2 0 -2 1 -1 2 0 -2 1 -1 2 0 -2 1 -1 2 0 -2 1 -1 2 0 -2 1 -1 2 0 -2 1 -1 2 0 -2 1 -1 2 0 -2 1 -1 2 0 -2 1 -1 2 0 -2 1 -1 2 0 -2 1 -1 2 0 -2 1 -1 2 0 -2 1 -1 2 0 -2 1 -1 2 0 -2 1 -1 2 0 -2 1 -1 2 0 -2 1 -1 2 0 -2 1 -1 2 0 -2 1 -1 2 0 -2 1 -1 2 0 -2 1 -1 2 0 -2 1 -1 2 0 -2 1 -1 2 0 -2 1 -1 2 0 -2 1 -1 2 0 -2 1 -1 2 0 -2 1 -1 2 0 -2 1 -1 2 0 -2 1 -1 2 0 -2 1 -1 2 0 -2 1 -1 2 0 -2 1 -1 2 0 -2 1 -1 2 0 -2 1 -1 2 0 721 1 -1 2 0 -2 1 -1 2 0 -2 1 -1 2 0 -2 1 -1 2 0 -2 1 -1 2 0 -2 1 -1 2 0 -2 1 -1 2 0 -2 1 -1 2 0 -2 1 -1 2 0 -2 1 -1 2 0 -2 1 -1 2 0 -2 1 -1 2 0 -2 1 -1 2 0 -2 1 -1 2 0 -2 1 -1 2 0 -2 1 -1 2 0 -2 1 -1 2 0 -2 1 -1 2 0 -2 1 -1 2 0 -2 1 -1 2 0 -2 1 -1 2 0 -2 1 -1 2 0 -2 1 -1 2 0 -2 1 -1 2 0 -2 1 -1 2 0 -2 1 -1 2 0 -2 1 -1 2 0 -2 1 -1 2 0 -2 1 -1 2 0 -2 1 -1 2 0 -2 1 -1 2 0 -2 1 -1 2 0 -2 1 -1 2 0 -2 1 -1 2 0 -2 1 -1 2 0 -2 1 -1 2 0 -2 1 -1 2 0 -2 1 -1 2 0 -2 1 -1 2 0 -2 1 -1 2 0 -2 1 -1 2 0 -2 1 -1 2 0 -2 1 -1 2 0 -2 1 -1 2 0 -2 1 -1 2 0 -2 1 -1 2 0 -2 1 -1 2 0 -2 1 -1 2 0 -2 1 -1 2 0 -2 1 -1 2 0 -2 1 -1 2 0 -2 1 -1 2 0 -2 1 -1 2 0 -2 1 -1 2 0 -2 1 -1 2 0 -2 1 -1 2 0 -2 1 -1 2 0 -2 1 -1 2 0 -2 1 -1 2 0 -2 1 -1 2 0 -2 1 -1 2 0 -2 1 -1 2 0 -2 1 -1 2 0 -2 1 -1 2 0 -2 1 -1 2 0 -2 1 -1 2 0 -2 1 -1 2 0 -2 1 -1 2 0 -2 1 -1 2 0 -2 1 -1 2 0 -2 1 -1 2 0 -2 1 -1 2 0 -2 1 -1 2 0 -2 1 -1 2 0 -2 1 -1 2 0
0 -1 -2 2 1 0 -1 -2 2 1 0 -1 -2 2 1 0 -1 -2 2 1 0 -1 -2 2 1 0 -1 -2 2 1 0 -1 -2 2 1 0 -1 -2 2 1 0 -1 -2 2 1 0 -1 -2 2 1 0 -1 -2 2 1 0 -1 -2 2 1 0 -1 -2 2 1 0 -1 -2 2 1 0 -1 -2 2 1 0 -1 -2 2 1 0 -1 -2 2 1 0 -1 -2 2 1 0 -1 -2 2 1 0 -1 -2 2 1 0 -1 -2 2 1 0 -1 -2 2 1 0 -1 -2 2 1 0 -1 -2 2 1 0 -1 -2 2 1 0 -1 -2 2 1 0 -1 -2 2 1 0 -1 -2 2 1 0 -1 -2 2 1 0 -1 -2 2 1 0 -1 -2 2 1 0 -1 -2 2 1 0 -1 -2 2 1 0 -1 -2 2 1 0 -1 -2 2 1 0 -1 -2 2 1 0 -1 -2 2 1 0 -1 -2 2 1 0 -1 -2 2 1 0 -1 -2 2 1 0 -1 -2 2 1 0 -1 -2 2 1 0 -1 -2 2 1 0 -1 -2 2 1 0 -1 -2 2 1 0 722 -2 2 1 0 -1 -2 2 1 0 -1 -2 2 1 0 -1 -2 2 1 0 -1 -2 2 1 0 -1 -2 2 1 0 -1 -2 2 1 0 -1 -2 2 1 0 -1 -2 2 1 0 -1 -2 2 1 0 -1 -2 2 1 0 -1 -2 2 1 0 -1 -2 2 1 0 -1 -2 2 1 0 -1 -2 2 1 0 -1 -2 2 1 0 -1 -2 2 1 0 -1 -2 2 1 0 -1 -2 2 1 0 -1 -2 2 1 0 -1 -2 2 1 0 -1 -2 2 1 0 -1 -2 2 1 0 -1 -2 2 1 0 -1 -2 2 1 0 -1 -2 2 1 0 -1 -2 2 1 0 -1 -2 2 1 0 -1 -2 2 1 0 -1 -2 2 1 0 -1 -2 2 1 0 -1 -2 2 1 0 -1 -2 2 1 0 -1 -2 2 1 0 -1 -2 2 1 0 -1 -2 2 1 0 -1 -2 2 1 0 -1 -2 2 1 0 -1 -2 2 1 0 -1 -2 2 1 0 -1 -2 2 1 0 -1 -2 2 1 0 -1 -2 2 1 0 -1 -2 2 1 0 -1 -2 2 1 0 -1 -2 2 1 0 -1 -2 2 1 0 -1 -2 2 1 0 -1 -2 2 1 0 -1 -2 2 1 0 -1 -2 2 1 0 -1 -2 2 1 0 -1 -2 2 1 0 -1 -2 2 1 0 -1 -2 2 1 0 -1 -2 2 1 0 -1 -2 2 1 0 -1 -2 2 1 0 -1 -2 2 1 0 -1 -2 2 1 0 -1 -2 2 1 0 -1 -2 2 1 0 -1 -2 2 1 0 -1 -2 2 1 0 -1 -2 2 1 0 -1 -2 2 1 0 -1 -2 2 1 0 -1 -2 2 1 0 -1 -2 2 1 0 -1 -2 2 1 0 -1 -2 2 1 0 -1 -2 2 1 0 -1 -2 2 1 0 -1 -2 2 1 0 -1 -2 2 1
2 2 2 2 2 2 2 2 2 2 2 2 2 2 2 2 2 2 2 2 2 2 2 2 2 2 2 2 2 2 2 2 2 2 2 2 2 2 2 2 2 2 2 2 2 2 2 2 2 2 2 2 2 2 2 2 2 2 2 2 2 2 2 2 2 2 2 2 2 2 2 2 2 2 2 2 2 2 2 2 2 2 2 2 2 2 2 2 2 2 2 2 2 2 2 2 2 2 2 2 2 2 2 2 2 2 2 2 2 2 2 2 2 2 2 2 2 2 2 2 2 2 2 2 2 2 2 2 2 2 2 2 2 2 2 2 2 2 2 2 2 2 2 2 2 2 2 2 2 2 2 2 2 2 2 2 2 2 2 2 2 2 2 2 2 2 2 2 2 2 2 2 2 2 2 2 2 2 2 2 2 2 2 2 2 2 2 2 2 2 2 2 2 2 2 2 2 2 2 2 2 2 2 2 2 2 2 2 2 2 2 2 2 2 2 2 2 2 2 2 2 2 2 2 2 2 2 1201 2 2 2 2 2 2 2 2 2 2 2 2 2 2 2 2 2 2 2 2 2 2 2 2 2 2 2 2 2 2 2 2 2 2 2 2 2 2 2 2 2 2 2 2 2 2 2 2 2 2 2 2 2 2 2 2 2 2 2 2 2 2 2 2 2 2 2 2 2 2 2 2 2 2 2 2 2 2 2 2 2 2 2 2 2 2 2 2 2 2 2 2 2 2 2 2 2 2 2 2 2 2 2 2 2 2 2 2 2 2 2 2 2 2 2 2 2 2 2 2 2 2 2 2 2 2 2 2 2 2 2 2 2 2 2 2 2 2 2 2 2 2 2 2 2 2 2 2 2 2 2 2 2 2 2 2 2 2 2 2 2 2 2 2 2 2 2 2 2 2 2 2 2 2 2 2 2 2 2 2 2 2 2 2 2 2 2 2 2 2 2 2 2 2 2 2 2 2 2 2 2 2 2 2 2 2 2 2 2 2 2 2 2 2 2 2 2 2 2 2 2 2 2 2 2 2 2 2 2 2 2 2 2 2 2 2 2 2 2 2 2 2 2 2 2 2 2 2 2 2 2 2 2 2 2 2 2 2 2 2 2 2 2 2 2 2 2 2 2 2 2 2 2 2 2 2 2 2 2 2 2 2 2 2 2 2 2 2 2 2 2 2 2 2 2 2 2 2 2 2 2 2 2 2 2 2 2 2 2 2 2 2 2 2 2 2 2 2 2 2 2 2 2 2 2 2 2 2 2 2 2 2 2 2 2 2 2 2 2 2 2 2 2 2 2 2 2 2 2 2 2 2 2 2 2 2 2 2 2 2 2 2 2 2 2 2 2 2 2 2 2 2
-1 0 1 2 -2 -1 0 1 2 -2 -1 0 1 2 -2 -1 0 1 2 -2 -1 0 1 2 -2 -1 0 1 2 -2 -1 0 1 2 -2 -1 0 1 2 -2 -1 0 1 2 -2 -1 0 1 2 -2 -1 0 1 2 -2 -1 0 1 2 -2 -1 0 1 2 -2 -1 0 1 2 -2 -1 0 1 2 -2 -1 0 1 2 -2 -1 0 1 2 -2 -1 0 1 2 -2 -1 0 1 2 -2 -1 0 1 2 -2 -1 0 1 2 -2 -1 0 1 2 -2 -1 0 1 2 -2 -1 0 1 2 -2 -1 0 1 2 -2 -1 0 1 2 -2 -1 0 1 2 -2 -1 0 1 2 -2 -1 0 1 2 -2 -1 0 1 2 -2 -1 0 1 2 -2 -1 0 1 2 -2 -1 0 1 2 -2 -1 0 1 2 -2 -1 0 1 2 -2 -1 0 1 2 -2 -1 0 1 2 -2 -1 0 1 2 -2 -1 0 1 2 -2 -1 0 1 2 -2 -1 0 1 2 -2 -1 0 1 2 -2 -1 0 1 2 -2 -1 0 1 2 -2 -1 0 1 2 -2 -1 0 1 721 -2 -1 0 1 2 -2 -1 0 1 2 -2 -1 0 1 2 -2 -1 0 1 2 -2 -1 0 1 2 -2 -1 0 1 2 -2 -1 0 1 2 -2 -1 0 1 2 -2 -1 0 1 2 -2 -1 0 1 2 -2 -1 0 1 2 -2 -1 0 1 2 -2 -1 0 1 2 -2 -1 0 1 2 -2 -1 0 1 2 -2 -1 0 1 2 -2 -1 0 1 2 -2 -1 0 1 2 -2 -1 0 1 2 -2 -1 0 1 2 -2 -1 0 1 2 -2 -1 0 1 2 -2 -1 0 1 2 -2 -1 0 1 2 -2 -1 0 1 2 -2 -1 0 1 2 -2 -1 0 1 2 -2 -1 0 1 2 -2 -1 0 1 2 -2 -1 0 1 2 -2 -1 0 1 2 -2 -1 0 1 2 -2 -1 0 1 2 -2 -1 0 1 2 -2 -1 0 1 2 -2 -1 0 1 2 -2 -1 0 1 2 -2 -1 0 1 2 -2 -1 0 1 2 -2 -1 0 1 2 -2 -1 0 1 2 -2 -1 0 1 2 -2 -1 0 1 2 -2 -1 0 1 2 -2 -1 0 1 2 -2 -1 0 1 2 -2 -1 0 1 2 -2 -1 0 1 2 -2 -1 0 1 2 -2 -1 0 1 2 -2 -1 0 1 2 -2 -1 0 1 2 -2 -1 0 1 2 -2 -1 0 1 2 -2 -1 0 1 2 -2 -1 0 1 2 -2 -1 0 1 2 -2 -1 0 1 2 -2 -1 0 1 2 -2 -1 0 1 2 -2 -1 0 1 2 -2 -1 0 1 2 -2 -1 0 1 2 -2 -1 0 1 2 -2 -1 0 1 2 -2 -1 0 1 2 -2 -1 0 1 2 -2 -1 0 1 2 -2 -1 0 1 2 -2 -1 0 1 2 -2 -1 0 1 2 -2 -1 0 1 2 -2 -1 0 1 2 -2 -1 0 1 2 -2
1 -2 0 2 -1 1 -2 0 2 -1 1 -2 0 2 -1 1 -2 0 2 -1 1 -2 0 2 -1 1 -2 0 2 -1 1 -2 0 2 -1 1 -2 0 2 -1 1 -2 0 2 -1 1 -2 0 2 -1 1 -2 0 2 -1 1 -2 0 2 -1 1 -2 0 2 -1 1 -2 0 2 -1 1 -2 0 2 -1 1 -2 0 2 -1 1 -2 0 2 -1 1 -2 0 2 -1 1 -2 0 2 -1 1 -2 0 2 -1 1 -2 0 2 -1 1 -2 0 2 -1 1 -2 0 2 -1 1 -2 0 2 -1 1 -2 0 2 -1 1 -2 0 2 -1 1 -2 0 2 -1 1 -2 0 2 -1 1 -2 0 2 -1 1 -2 0 2 -1 1 -2 0 2 -1 1 -2 0 2 -1 1 -2 0 2 -1 1 -2 0 2 -1 1 -2 0 2 -1 1 -2 0 2 -1 1 -2 0 2 -1 1 -2 0 2 -1 1 -2 0 2 -1 1 -2 0 2 -1 1 -2 0 2 -1 1 -2 0 2 -1 1 -2 0 2 -1 1 -2 0 2 -1 1 -2 0 2 -1 1 -2 0 2 722 1 -2 0 2 -1 1 -2 0 2 -1 1 -2 0 2 -1 1 -2 0 2 -1 1 -2 0 2 -1 1 -2 0 2 -1 1 -2 0 2 -1 1 -2 0 2 -1 1 -2 0 2 -1 1 -2 0 2 -1 1 -2 0 2 -1 1 -2 0 2 -1 1 -2 0 2 -1 1 -2 0 2 -1 1 -2 0 2 -1 1 -2 0 2 -1 1 -2 0 2 -1 1 -2 0 2 -1 1 -2 0 2 -1 1 -2 0 2 -1 1 -2 0 2 -1 1 -2 0 2 -1 1 -2 0 2 -1 1 -2 0 2 -1 1 -2 0 2 -1 1 -2 0 2 -1 1 -2 0 2 -1 1 -2 0 2 -1 1 -2 0 2 -1 1 -2 0 2 -1 1 -2 0 2 -1 1 -2 0 2 -1 1 -2 0 2 -1 1 -2 0 2 -1 1 -2 0 2 -1 1 -2 0 2 -1 1 -2 0 2 -1 1 -2 0 2 -1 1 -2 0 2 -1 1 -2 0 2 -1 1 -2 0 2 -1 1 -2 0 2 -1 1 -2 0 2 -1 1 -2 0 2 -1 1 -2 0 2 -1 1 -2 0 2 -1 1 -2 0 2 -1 1 -2 0 2 -1 1 -2 0 2 -1 1 -2 0 2 -1 1 -2 0 2 -1 1 -2 0 2 -1 1 -2 0 2 -1 1 -2 0 2 -1 1 -2 0 2 -1 1 -2 0 2 -1 1 -2 0 2 -1 1 -2 0 2 -1 1 -2 0 2 -1 1 -2 0 2 -1 1 -2 0 2 -1 1 -2 0 2 -1 1 -2 0 2 -1 1 -2 0 2 -1 1 -2 0 2 -1 1 -2 0 2 -1 1 -2 0 2 -1 1 -2 0 2 -1 1 -2 0 2 -1 1 -2 0 2 -1 1 -2 0 2 -1 1 -2 0 2 -1 1 -2 0 2 -1 1 -2 0 2 -1
-2 1 -1 2 0 -2 1 -1 2 0 -2 1 -1 2 0 -2 1 -1 2 0 -2 1 -1 2 0 -2 1 -1 2 0 -2 1 -1 2 0 -2 1 -1 2 0 -2 1 -1 2 0 -2 1 -1 2 0 -2 1 -1 2 0 -2 1 -1 2 0 -2 1 -1 2 0 -2 1 -1 2 0 -2 1 -1 2 0 -2 1 -1 2 0 -2 1 -1 2 0 -2 1 -1 2 0 -2 1 -1 2 0 -2 1 -1 2 0 -2 1 -1 2 0 -2 1 -1 2 0 -2 1 -1 2 0 -2 1 -1 2 0 -2 1 -1 2 0 -2 1 -1 2 0 -2 1 -1 2 0 -2 1 -1 2 0 -2 1 -1 2 0 -2 1 -1 2 0 -2 1 -1 2 0 -2 1 -1 2 0 -2 1 -1 2 0 -2 1 -1 2 0 -2 1 -1 2 0 -2 1 -1 2 0 -2 1 -1 2 0 -2 1 -1 2 0 -2 1 -1 2 0 -2 1 -1 2 0 -2 1 -1 2 0 -2 1 -1 2 0 -2 1 -1 2 0 -2 1 -1 2 0 -2 1 -1 2 0 -2 1 -1 2 0 721 1 -1 2 0 -2 1 -1 2 0 -2 1 -1 2 0 -2 1 -1 2 0 -2 1 -1 2 0 -2 1 -1 2 0 -2 1 -1 2 0 -2 1 -1 2 0 -2 1 -1 2 0 -2 1 -1 2 0 -2 1 -1 2 0 -2 1 -1 2 0 -2 1 -1 2 0 -2 1 -1 2 0 -2 1 -1 2 0 -2 1 -1 2 0 -2 1 -1 2 0 -2 1 -1 2 0 -2 1 -1 2 0 -2 1 -1 2 0 -2 1 -1 2 0 -2 1 -1 2 0 -2 1 -1 2 0 -2 1 -1 2 0 -2 1 -1 2 0 -2 1 -1 2 0 -2 1 -1 2 0 -2 1 -1 2 0 -2 1 -1 2 0 -2 1 -1 2 0 -2 1 -1 2 0 -2 1 -1 2 0 -2 1 -1 2 0 -2 1 -1 2 0 -2 1 -1 2 0 -2 1 -1 2 0 -2 1 -1 2 0 -2 1 -1 2 0 -2 1 -1 2 0 -2 1 -1 2 0 -2 1 -1 2 0 -2 1 -1 2 0 -2 1 -1 2 0 -2 1 -1 2 0 -2 1 -1 2 0 -2 1 -1 2 0 -2 1 -1 2 0 -2 1 -1 2 0 -2 1 -1 2 0 -2 1 -1 2 0 -2 1 -1 2 0 -2 1 -1 2 0 -2 1 -1 2 0 -2 1 -1 2 0 -2 1 -1 2 0 -2 1 -1 2 0 -2 1 -1 2 0 -2 1 -1 2 0 -2 1 -1 2 0 -2 1 -1 2 0 -2 1 -1 2 0 -2 1 -1 2 0 -2 1 -1 2 0 -2 1 -1 2 0 -2 1 -1 2 0 -2 1 -1 2 0 -2 1 -1 2 0 -2 1 -1 2 0 -2 1 -1 2 0 -2 1 -1 2 0 -2 1 -1 2 0 -2 1 -1 2 0 -2 1 -1 2 0 -2 1 -1 2 0
0 -1 -2 2 1 0 -1 -2 2 1 0 -1 -2 2 1 0 -1 -2 2 1 0 -1 -2 2 1 0 -1 -2 2 1 0 -1 -2 2 1 0 -1 -2 2 1 0 -1 -2 2 1 0 -1 -2 2 1 0 -1 -2 2 1 0 -1 -2 2 1 0 -1 -2 2 1 0 -1 -2 2 1 0 -1 -2 2 1 0 -1 -2 2 1 0 -1 -2 2 1 0 -1 -2 2 1 0 -1 -2 2 1 0 -1 -2 2 1 0 -1 -2 2 1 0 -1 -2 2 1 0 -1 -2 2 1 0 -1 -2 2 1 0 -1 -2 2 1 0 -1 -2 2 1 0 -1 -2 2 1 0 -1 -2 2 1 0 -1 -2 2 1 0 -1 -2 2 1 0 -1 -2 2 1 0 -1 -2 2 1 0 -1 -2 2 1 0 -1 -2 2 1 0 -1 -2 2 1 0 -1 -2 2 1 0 -1 -2 2 1 0 -1 -2 2 1 0 -1 -2 2 1 0 -1 -2 2 1 0 -1 -2 2 1 0 -1 -2 2 1 0 -1 -2 2 1 0 -1 -2 2 1 0 -1 -2 2 1 0 -1 -2 2 1 0 722 -2 2 1 0 -1 -2 2 1 0 -1 -2 2 1 0 -1 -2 2 1 0 -1 -2 2 1 0 -1 -2 2 1 0 -1 -2 2 1 0 -1 -2 2 1 0 -1 -2 2 1 0 -1 -2 2 1 0 -1 -2 2 1 0 -1 -2 2 1 0 -1 -2 2 1 0 -1 -2 2 1 0 -1 -2 2 1 0 -1 -2 2 1 0 -1 -2 2 1 0 -1 -2 2 1 0 -1 -2 2 1 0 -1 -2 2 1 0 -1 -2 2 1 0 -1 -2 2 1 0 -1 -2 2 1 0 -1 -2 2 1 0 -1 -2 2 1 0 -1 -2 2 1 0 -1 -2 2 1 0 -1 -2 2 1 0 -1 -2 2 1 0 -1 -2 2 1 0 -1 -2 2 1 0 -1 -2 2 1 0 -1 -2 2 1 0 -1 -2 2 1 0 -1 -2 2 1 0 -1 -2 2 1 0 -1 -2 2 1 0 -1 -2 2 1 0 -1 -2 2 1 0 -1 -2 2 1 0 -1 -2 2 1 0 -1 -2 2 1 0 -1 -2 2 1 0 -1 -2 2 1 0 -1 -2 2 1 0 -1 -2 2 1 0 -1 -2 2 1 0 -1 -2 2 1 0 -1 -2 2 1 0 -1 -2 2 1 0 -1 -2 2 1 0 -1 -2 2 1 0 -1 -2 2 1 0 -1 -2 2 1 0 -1 -2 2 1 0 -1 -2 2 1 0 -1 -2 2 1 0 -1 -2 2 1 0 -1 -2 2 1 0 -1 -2 2 1 0 -1 -2 2 1 0 -1 -2 2 1 0 -1 -2 2 1 0 -1 -2 2 1 0 -1 -2 2 1 0 -1 -2 2 1 0 -1 -2 2 1 0 -1 -2 2 1 0 -1 -2 2 1 0 -1 -2 2 1 0 -1 -2 2 1 0 -1 -2 2 1 0 -1 -2 2 1 0 -1 -2 2 1
2 2 2 2 2 2 2 2 2 2 2 2 2 2 2 2 2 2 2 2 2 2 2 2 2 2 2 2 2 2 2 2 2 2 2 2 2 2 2 2 2 2 2 2 2 2 2 2 2 2 2 2 2 2 2 2 2 2 2 2 2 2 2 2 2 2 2 2 2 2 2 2 2 2 2 2 2 2 2 2 2 2 2 2 2 2 2 2 2 2 2 2 2 2 2 2 2 2 2 2 2 2 2 2 2 2 2 2 2 2 2 2 2 2 2 2 2 2 2 2 2 2 2 2 2 2 2 2 2 2 2 2 2 2 2 2 2 2 2 2 2 2 2 2 2 2 2 2 2 2 2 2 2 2 2 2 2 2 2 2 2 2 2 2 2 2 2 2 2 2 2 2 2 2 2 2 2 2 2 2 2 2 2 2 2 2 2 2 2 2 2 2 2 2 2 2 2 2 2 2 2 2 2 2 2 2 2 2 2 2 2 2 2 2 2 2 2 2 2 2 2 2 2 2 2 2 2 2 2 2 2 2 1201 2 2 2 2 2 2 2 2 2 2 2 2 2 2 2 2 2 2 2 2 2 2 2 2 2 2 2 2 2 2 2 2 2 2 2 2 2 2 2 2 2 2 2 2 2 2 2 2 2 2 2 2 2 2 2 2 2 2 2 2 2 2 2 2 2 2 2 2 2 2 2 2 2 2 2 2 2 2 2 2 2 2 2 2 2 2 2 2 2 2 2 2 2 2 2 2 2 2 2 2 2 2 2 2 2 2 2 2 2 2 2 2 2 2 2 2 2 2 2 2 2 2 2 2 2 2 2 2 2 2 2 2 2 2 2 2 2 2 2 2 2 2 2 2 2 2 2 2 2 2 2 2 2 2 2 2 2 2 2 2 2 2 2 2 2 2 2 2 2 2 2 2 2 2 2 2 2 2 2 2 2 2 2 2 2 2 2 2 2 2 2 2 2 2 2 2 2 2 2 2 2 2 2 2 2 2 2 2 2 2 2 2 2 2 2 2 2 2 2 2 2 2 2 2 2 2 2 2 2 2 2 2 2 2 2 2 2 2 2 2 2 2 2 2 2 2 2 2 2 2 2 2 2 2 2 2 2 2 2 2 2 2 2 2 2 2 2 2 2 2 2 2 2 2 2 2 2 2 2 2 2 2 2 2 2 2 2 2 2 2 2 2 2 2 2 2 2 2 2 2 2 2 2 2 2 2 2 2 2 2 2 2 2 2 2 2 2 2 2 2 2 2 2 2 2 2 2 2 2 2 2 2 2 2 2 2 2 2 2 2 2 2 2 2 2 2 2 2 2 2 2 2 2 2 2 2 2 2 2 2 2 2 2 2 2 2 2
-1 0 1 2 -2 -1 0 1 2 -2 -1 0 1 2 -2 -1 0 1 2 -2 -1 0 1 2 -2 -1 0 1 2 -2 -1 0 1 2 -2 -1 0 1 2 -2 -1 0 1 2 -2 -1 0 1 2 -2 -1 0 1 2 -2 -1 0 1 2 -2 -1 0 1 2 -2 -1 0 1 2 -2 -1 0 1 2 -2 -1 0 1 2 -2 -1 0 1 2 -2 -1 0 1 2 -2 -1 0 1 2 -2 -1 0 1 2 -2 -1 0 1 2 -2 -1 0 1 2 -2 -1 0 1 2 -2 -1 0 1 2 -2 -1 0 1 2 -2 -1 0 1 2 -2 -1 0 1 2 -2 -1 0 1 2 -2 -1 0 1 2 -2 -1 0 1 2 -2 -1 0 1 2 -2 -1 0 1 2 -2 -1 0 1 2 -2 -1 0 1 2 -2 -1 0 1 2 -2 -1 0 1 2 -2 -1 0 1 2 -2 -1 0 1 2 -2 -1 0 1 2 -2 -1 0 1 2 -2 -1 0 1 2 -2 -1 0 1 2 -2 -1 0 1 2 -2 -1 0 1 2 -2 -1 0 1 2 -2 -1 0 1 2 -2 -1 0 1 721 -2 -1 0 1 2 -2 -1 0 1 2 -2 -1 0 1 2 -2 -1 0 1 2 -2 -1 0 1 2 -2 -1 0 1 2 -2 -1 0 1 2 -2 -1 0 1 2 -2 -1 0 1 2 -2 -1 0 1 2 -2 -1 0 1 2 -2 -1 0 1 2 -2 -1 0 1 2 -2 -1 0 1 2 -2 -1 0 1 2 -2 -1 0 1 2 -2 -1 0 1 2 -2 -1 0 1 2 -2 -1 0 1 2 -2 -1 0 1 2 -2 -1 0 1 2 -2 -1 0 1 2 -2 -1 0 1 2 -2 -1 0 1 2 -2 -1 0 1 2 -2 -1 0 1 2 -2 -1 0 1 2 -2 -1 0 1 2 -2 -1 0 1 2 -2 -1 0 1 2 -2 -1 0 1 2 -2 -1 0 1 2 -2 -1 0 1 2 -2 -1 0 1 2 -2 -1 0 1 2 -2 -1 0 1 2 -2 -1 0 1 2 -2 -1 0 1 2 -2 -1 0 1 2 -2 -1 0 1 2 -2 -1 0 1 2 -2 -1 0 1 2 -2 -1 0 1 2 -2 -1 0 1 2 -2 -1 0 1 2 -2 -1 0 1 2 -2 -1 0 1 2 -2 -1 0 1 2 -2 -1 0 1 2 -2 -1 0 1 2 -2 -1 0 1 2 -2 -1 0 1 2 -2 -1 0 1 2 -2 -1 0 1 2 -2 -1 0 1 2 -2 -1 0 1 2 -2 -1 0 1 2 -2 -1 0 1 2 -2 -1 0 1 2 -2 -1 0 1 2 -2 -1 0 1 2 -2 -1 0 1 2 -2 -1 0 1 2 -2 -1 0 1 2 -2 -1 0 1 2 -2 -1 0 1 2 -2 -1 0 1 2 -2 -1 0 1 2 -2 -1 0 1 2 -2 -1 0 1 2 -2 -1 0 1 2 -2 -1 0 1 2 -2 -1 0 1 2 -2
1 -2 0 2 -1 1 -2 0 2 -1 1 -2 0 2 -1 1 -2 0 2 -1 1 -2 0 2 -1 1 -2 0 2 -1 1 -2 0 2 -1 1 -2 0 2 -1 1 -2 0 2 -1 1 -2 0 2 -1 1 -2 0 2 -1 1 -2 0 2 -1 1 -2 0 2 -1 1 -2 0 2 -1 1 -2 0 2 -1 1 -2 0 2 -1 1 -2 0 2 -1 1 -2 0 2 -1 1 -2 0 2 -1 1 -2 0 2 -1 1 -2 0 2 -1 1 -2 0 2 -1 1 -2 0 2 -1 1 -2 0 2 -1 1 -2 0 2 -1 1 -2 0 2 -1 1 -2 0 2 -1 1 -2 0 2 -1 1 -2 0 2 -1 1 -2 0 2 -1 1 -2 0 2 -1 1 -2 0 2 -1 1 -2 0 2 -1 1 -2 0 2 -1 1 -2 0 2 -1 1 -2 0 2 -1 1 -2 0 2 -1 1 -2 0 2 -1 1 -2 0 2 -1 1 -2 0 2 -1 1 -2 0 2 -1 1 -2 0 2 -1 1 -2 0 2 -1 1 -2 0 2 -1 1 -2 0 2 -1 1 -2 0 2 -1 1 -2 0 2 722 1 -2 0 2 -1 1 -2 0 2 -1 1 -2 0 2 -1 1 -2 0 2 -1 1 -2 0 2 -1 1 -2 0 2 -1 1 -2 0 2 -1 1 -2 0 2 -1 1 -2 0 2 -1 1 -2 0 2 -1 1 -2 0 2 -1 1 -2 0 2 -1 1 -2 0 2 -1 1 -2 0 2 -1 1 -2 0 2 -1 1 -2 0 2 -1 1 -2 0 2 -1 1 -2 0 2 -1 1 -2 0 2 -1 1 -2 0 2 -1 1 -2 0 2 -1 1 -2 0 2 -1 1 -2 0 2 -1 1 -2 0 2 -1 1 -2 0 2 -1 1 -2 0 2 -1 1 -2 0 2 -1 1 -2 0 2 -1 1 -2 0 2 -1 1 -2 0 2 -1 1 -2 0 2 -1 1 -2 0 2 -1 1 -2 0 2 -1 1 -2 0 2 -1 1 -2 0 2 -1 1 -2 0 2 -1 1 -2 0 2 -1 1 -2 0 2 -1 1 -2 0 2 -1 1 -2 0 2 -1 1 -2 0 2 -1 1 -2 0 2 -1 1 -2 0 2 -1 1 -2 0 2 -1 1 -2 0 2 -1 1 -2 0 2 -1 1 -2 0 2 -1 1 -2 0 2 -1 1 -2 0 2 -1 1 -2 0 2 -1 1 -2 0 2 -1 1 -2 0 2 -1 1 -2 0 2 -1 1 -2 0 2 -1 1 -2 0 2 -1 1 -2 0 2 -1 1 -2 0 2 -1 1 -2 0 2 -1 1 -2 0 2 -1 1 -2 0 2 -1 1 -2 0 2 -1 1 -2 0 2 -1 1 -2 0 2 -1 1 -2 0 2 -1 1 -2 0 2 -1 1 -2 0 2 -1 1 -2 0 2 -1 1 -2 0 2 -1 1 -2 0 2 -1 1 -2 0 2 -1 1 -2 0 2 -1 1 -2 0 2 -1 1 -2 0 2 -1
-2 1 -1 2 0 -2 1 -1 2 0 -2 1 -1 2 0 -2 1 -1 2 0 -2 1 -1 2 0 -2 1 -1 2 0 -2 1 -1 2 0 -2 1 -1 2 0 -2 1 -1 2 0 -2 1 -1 2 0 -2 1 -1 2 0 -2 1 -1 2 0 -2 1 -1 2 0 -2 1 -1 2 0 -2 1 -1 2 0 -2 1 -1 2 0 -2 1 -1 2 0 -2 1 -1 2 0 -2 1 -1 2 0 -2 1 -1 2 0 -2 1 -1 2 0 -2 1 -1 2 0 -2 1 -1 2 0 -2 1 -1 2 0 -2 1 -1 2 0 -2 1 -1 2 0 -2 1 -1 2 0 -2 1 -1 2 0 -2 1 -1 2 0 -2 1 -1 2 0 -2 1 -1 2 0 -2 1 -1 2 0 -2 1 -1 2 0 -2 1 -1 2 0 -2 1 -1 2 0 -2 1 -1 2 0 -2 1 -1 2 0 -2 1 -1 2 0 -2 1 -1 2 0 -2 1 -1 2 0 -2 1 -1 2 0 -2 1 -1 2 0 -2 1 -1 2 0 -2 1 -1 2 0 -2 1 -1 2 0 -2 1 -1 2 0 -2 1 -1 2 0 721 1 -1 2 0 -2 1 -1 2 0 -2 1 -1 2 0 -2 1 -1 2 0 -2 1 -1 2 0 -2 1 -1 2 0 -2 1 -1 2 0 -2 1 -1 2 0 -2 1 -1 2 0 -2 1 -1 2 0 -2 1 -1 2 0 -2 1 -1 2 0 -2 1 -1 2 0 -2 1 -1 2 0 -2 1 -1 2 0 -2 1 -1 2 0 -2 1 -1 2 0 -2 1 -1 2 0 -2 1 -1 2 0 -2 1 -1 2 0 -2 1 -1 2 0 -2 1 -1 2 0 -2 1 -1 2 0 -2 1 -1 2 0 -2 1 -1 2 0 -2 1 -1 2 0 -2 1 -1 2 0 -2 1 -1 2 0 -2 1 -1 2 0 -2 1 -1 2 0 -2 1 -1 2 0 -2 1 -1 2 0 -2 1 -1 2 0 -2 1 -1 2 0 -2 1 -1 2 0 -2 1 -1 2 0 -2 1 -1 2 0 -2 1 -1 2 0 -2 1 -1 2 0 -2 1 -1 2 0 -2 1 -1 2 0 -2 1 -1 2 0 -2 1 -1 2 0 -2 1 -1 2 0 -2 1 -1 2 0 -2 1 -1 2 0 -2 1 -1 2 0 -2 1 -1 2 0 -2 1 -1 2 0 -2 1 -1 2 0 -2 1 -1 2 0 -2 1 -1 2 0 -2 1 -1 2 0 -2 1 -1 2 0 -2 1 -1 2 0 -2 1 -1 2 0 -2 1 -1 2 0 -2 1 -1 2 0 -2 1 -1 2 0 -2 1 -1 2 0 -2 1 -1 2 0 -2 1 -1 2 0 -2 1 -1 2 0 -2 1 -1 2 0 -2 1 -1 2 0 -2 1 -1 2 0 -2 1 -1 2 0 -2 1 -1 2 0 -2 1 -1 2 0 -2 1 -1 2 0 -2 1 -1 2 0 -2 1 -1 2 0 -2 1 -1 2 0
0 -1 -2 2 1 0 -1 -2 2 1 0 -1 -2 2 1 0 -1 -2 2 1 0 -1 -2 2 1 0 -1 -2 2 1 0 -1 -2 2 1 0 -1 -2 2 1 0 -1 -2 2 1 0 -1 -2 2 1 0 -1 -2 2 1 0 -1 -2 2 1 0 -1 -2 2 1 0 -1 -2 2 1 0 -1 -2 2 1 0 -1 -2 2 1 0 -1 -2 2 1 0 -1 -2 2 1 0 -1 -2 2 1 0 -1 -2 2 1 0 -1 -2 2 1 0 -1 -2 2 1 0 -1 -2 2 1 0 -1 -2 2 1 0 -1 -2 2 1 0 -1 -2 2 1 0 -1 -2 2 1 0 -1 -2 2 1 0 -1 -2 2 1 0 -1 -2 2 1 0 -1 -2 2 1 0 -1 -2 2 1 0 -1 -2 2 1 0 -1 -2 2 1 0 -1 -2 2 1 0 -1 -2 2 1 0 -1 -2 2 1 0 -1 -2 2 1 0 -1 -2 2 1 0 -1 -2 2 1 0 -1 -2 2 1 0 -1 -2 2 1 0 -1 -2 2 1 0 -1 -2 2 1 0 -1 -2 2 1 0 -1 -2 2 1 0 -1 -2 2 1 0 722 -2 2 1 0 -1 -2 2 1 0 -1 -2 2 1 0 -1 -2 2 1 0 -1 -2 2 1 0 -1 -2 2 1 0 -1 -2 2 1 0 -1 -2 2 1 0 -1 -2 2 1 0 -1 -2 2 1 0 -1 -2 2 1 0 -1 -2 2 1 0 -1 -2 2 1 0 -1 -2 2 1 0 -1 -2 2 1 0 -1 -2 2 1 0 -1 -2 2 1 0 -1 -2 2 1 0 -1 -2 2 1 0 -1 -2 2 1 0 -1 -2 2 1 0 -1 -2 2 1 0 -1 -2 2 1 0 -1 -2 2 1 0 -1 -2 2 1 0 -1 -2 2 1 0 -1 -2 2 1 0 -1 -2 2 1 0 -1 -2 2 1 0 -1 -2 2 1 0 -1 -2 2 1 0 -1 -2 2 1 0 -1 -2 2 1 0 -1 -2 2 1 0 -1 -2 2 1 0 -1 -2 2 1 0 -1 -2 2 1 0 -1 -2 2 1 0 -1 -2 2 1 0 -1 -2 2 1 0 -1 -2 2 1 0 -1 -2 2 1 0 -1 -2 2 1 0 -1 -2 2 1 0 -1 -2 2 1 0 -1 -2 2 1 0 -1 -2 2 1 0 -1 -2 2 1 0 -1 -2 2 1 0 -1 -2 2 1 0 -1 -2 2 1 0 -1 -2 2 1 0 -1 -2 2 1 0 -1 -2 2 1 0 -1 -2 2 1 0 -1 -2 2 1 0 -1 -2 2 1 0 -1 -2 2 1 0 -1 -2 2 1 0 -1 -2 2 1 0 -1 -2 2 1 0 -1 -2 2 1 0 -1 -2 2 1 0 -1 -2 2 1 0 -1 -2 2 1 0 -1 -2 2 1 0 -1 -2 2 1 0 -1 -2 2 1 0 -1 -2 2 1 0 -1 -2 2 1 0 -1 -2 2 1 0 -1 -2 2 1 0 -1 -2 2 1
2 2 2 2 2 2 2 2 2 2 2 2 2 2 2 2 2 2 2 2 2 2 2 2 2 2 2 2 2 2 2 2 2 2 2 2 2 2 2 2 2 2 2 2 2 2 2 2 2 2 2 2 2 2 2 2 2 2 2 2 2 2 2 2 2 2 2 2 2 2 2 2 2 2 2 2 2 2 2 2 2 2 2 2 2 2 2 2 2 2 2 2 2 2 2 2 2 2 2 2 2 2 2 2 2 2 2 2 2 2 2 2 2 2 2 2 2 2 2 2 2 2 2 2 2 2 2 2 2 2 2 2 2 2 2 2 2 2 2 2 2 2 2 2 2 2 2 2 2 2 2 2 2 2 2 2 2 2 2 2 2 2 2 2 2 2 2 2 2 2 2 2 2 2 2 2 2 2 2 2 2 2 2 2 2 2 2 2 2 2 2 2 2 2 2 2 2 2 2 2 2 2 2 2 2 2 2 2 2 2 2 2 2 2 2 2 2 2 2 2 2 2 2 2 2 2 2 2 2 2 2 2 2 2 2 2 2 1201 2 2 2 2 2 2 2 2 2 2 2 2 2 2 2 2 2 2 2 2 2 2 2 2 2 2 2 2 2 2 2 2 2 2 2 2 2 2 2 2 2 2 2 2 2 2 2 2 2 2 2 2 2 2 2 2 2 2 2 2 2 2 2 2 2 2 2 2 2 2 2 2 2 2 2 2 2 2 2 2 2 2 2 2 2 2 2 2 2 2 2 2 2 2 2 2 2 2 2 2 2 2 2 2 2 2 2 2 2 2 2 2 2 2 2 2 2 2 2 2 2 2 2 2 2 2 2 2 2 2 2 2 2 2 2 2 2 2 2 2 2 2 2 2 2 2 2 2 2 2 2 2 2 2 2 2 2 2 2 2 2 2 2 2 2 2 2 2 2 2 2 2 2 2 2 2 2 2 2 2 2 2 2 2 2 2 2 2 2 2 2 2 2 2 2 2 2 2 2 2 2 2 2 2 2 2 2 2 2 2 2 2 2 2 2 2 2 2 2 2 2 2 2 2 2 2 2 2 2 2 2 2 2 2 2 2 2 2 2 2 2 2 2 2 2 2 2 2 2 2 2 2 2 2 2 2 2 2 2 2 2 2 2 2 2 2 2 2 2 2 2 2 2 2 2 2 2 2 2 2 2 2 2 2 2 2 2 2 2 2 2 2 2 2 2 2 2 2 2 2 2 2 2 2 2 2 2 2 2 2 2 2 2 2 2 2 2 2 2 2 2 2 2 2 2 2 2 2 2 2 2 2 2 2 2 2 2 2 2 2 2 2 2 2 2 2 2 2 2 2 2 2 2 2 2 2 2 2 2 2 2 2
-1 0 1 2 -2 -1 0 1 2 -2 -1 0 1 2 -2 -1 0 1 2 -2 -1 0 1 2 -2 -1 0 1 2 -2 -1 0 1 2 -2 -1 0 1 2 -2 -1 0 1 2 -2 -1 0 1 2 -2 -1 0 1 2 -2 -1 0 1 2 -2 -1 0 1 2 -2 -1 0 1 2 -2 -1 0 1 2 -2 -1 0 1 2 -2 -1 0 1 2 -2 -1 0 1 2 -2 -1 0 1 2 -2 -1 0 1 2 -2 -1 0 1 2 -2 -1 0 1 2 -2 -1 0 1 2 -2 -1 0 1 2 -2 -1 0 1 2 -2 -1 0 1 2 -2 -1 0 1 2 -2 -1 0 1 2 -2 -1 0 1 2 -2 -1 0 1 2 -2 -1 0 1 2 -2 -1 0 1 2 -2 -1 0 1 2 -2 -1 0 1 2 -2 -1 0 1 2 -2 -1 0 1 2 -2 -1 0 1 2 -2 -1 0 1 2 -2 -1 0 1 2 -2 -1 0 1 2 -2 -1 0 1 2 -2 -1 0 1 2 -2 -1 0 1 2 -2 -1 0 1 2 -2 -1 0 1 2 -2 -1 0 1 2 -2 -1 0 1 2 -2 -1 0 1 721 -2 -1 0 1 2 -2 -1 0 1 2 -2 -1 0 1 2 -2 -1 0 1 2 -2 -1 0 1 2 -2 -1 0 1 2 -2 -1 0 1 2 -2 -1 0 1 2 -2 -1 0 1 2 -2 -1 0 1 2 -2 -1 0 1 2 -2 -1 0 1 2 -2 -1 0 1 2 -2 -1 0 1 2 -2 -1 0 1 2 -2 -1 0 1 2 -2 -1 0 1 2 -2 -1 0 1 2 -2 -1 0 1 2 -2 -1 0 1 2 -2 -1 0 1 2 -2 -1 0 1 2 -2 -1 0 1 2 -2 -1 0 1 2 -2 -1 0 1 2 -2 -1 0 1 2 -2 -1 0 1 2 -2 -1 0 1 2 -2 -1 0 1 2 -2 -1 0 1 2 -2 -1 0 1 2 -2 -1 0 1 2 -2 -1 0 1 2 -2 -1 0 1 2 -2 -1 0 1 2 -2 -1 0 1 2 -2 -1 0 1 2 -2 -1 0 1 2 -2 -1 0 1 2 -2 -1 0 1 2 -2 -1 0 1 2 -2 -1 0 1 2 -2 -1 0 1 2 -2 -1 0 1 2 -2 -1 0 1 2 -2 -1 0 1 2 -2 -1 0 1 2 -2 -1 0 1 2 -2 -1 0 1 2 -2 -1 0 1 2 -2 -1 0 1 2 -2 -1 0 1 2 -2 -1 0 1 2 -2 -1 0 1 2 -2 -1 0 1 2 -2 -1 0 1 2 -2 -1 0 1 2 -2 -1 0 1 2 -2 -1 0 1 2 -2 -1 0 1 2 -2 -1 0 1 2 -2 -1 0 1 2 -2 -1 0 1 2 -2 -1 0 1 2 -2 -1 0 1 2 -2 -1 0 1 2 -2 -1 0 1 2 -2 -1 0 1 2 -2 -1 0 1 2 -2 -1 0 1 2 -2 -1 0 1 2 -2 -1 0 1 2 -2
1 -2 0 2 -1 1 -2 0 2 -1 1 -2 0 2 -1 1 -2 0 2 -1 1 -2 0 2 -1 1 -2 0 2 -1 1 -2 0 2 -1 1 -2 0 2 -1 1 -2 0 2 -1 1 -2 0 2 -1 1 -2 0 2 -1 1 -2 0 2 -1 1 -2 0 2 -1 1 -2 0 2 -1 1 -2 0 2 -1 1 -2 0 2 -1 1 -2 0 2 -1 1 -2 0 2 -1 1 -2 0 2 -1 1 -2 0 2 -1 1 -2 0 2 -1 1 -2 0 2 -1 1 -2 0 2 -1 1 -2 0 2 -1 1 -2 0 2 -1 1 -2 0 2 -1 1 -2 0 2 -1 1 -2 0 2 -1 1 -2 0 2 -1 1 -2 0 2 -1 1 -2 0 2 -1 1 -2 0 2 -1 1 -2 0 2 -1 1 -2 0 2 -1 1 -2 0 2 -1 1 -2 0 2 -1 1 -2 0 2 -1 1 -2 0 2 -1 1 -2 0 2 -1 1 -2 0 2 -1 1 -2 0 2 -1 1 -2 0 2 -1 1 -2 0 2 -1 1 -2 0 2 -1 1 -2 0 2 -1 1 -2 0 2 -1 1 -2 0 2 -1 1 -2 0 2 722 1 -2 0 2 -1 1 -2 0 2 -1 1 -2 0 2 -1 1 -2 0 2 -1 1 -2 0 2 -1 1 -2 0 2 -1 1 -2 0 2 -1 1 -2 0 2 -1 1 -2 0 2 -1 1 -2 0 2 -1 1 -2 0 2 -1 1 -2 0 2 -1 1 -2 0 2 -1 1 -2 0 2 -1 1 -2 0 2 -1 1 -2 0 2 -1 1 -2 0 2 -1 1 -2 0 2 -1 1 -2 0 2 -1 1 -2 0 2 -1 1 -2 0 2 -1 1 -2 0 2 -1 1 -2 0 2 -1 1 -2 0 2 -1 1 -2 0 2 -1 1 -2 0 2 -1 1 -2 0 2 -1 1 -2 0 2 -1 1 -2 0 2 -1 1 -2 0 2 -1 1 -2 0 2 -1 1 -2 0 2 -1 1 -2 0 2 -1 1 -2 0 2 -1 1 -2 0 2 -1 1 -2 0 2 -1 1 -2 0 2 -1 1 -2 0 2 -1 1 -2 0 2 -1 1 -2 0 2 -1 1 -2 0 2 -1 1 -2 0 2 -1 1 -2 0 2 -1 1 -2 0 2 -1 1 -2 0 2 -1 1 -2 0 2 -1 1 -2 0 2 -1 1 -2 0 2 -1 1 -2 0 2 -1 1 -2 0 2 -1 1 -2 0 2 -1 1 -2 0 2 -1 1 -2 0 2 -1 1 -2 0 2 -1 1 -2 0 2 -1 1 -2 0 2 -1 1 -2 0 2 -1 1 -2 0 2 -1 1 -2 0 2 -1 1 -2 0 2 -1 1 -2 0 2 -1 1 -2 0 2 -1 1 -2 0 2 -1 1 -2 0 2 -1 1 -2 0 2 -1 1 -2 0 2 -1 1 -2 0 2 -1 1 -2 0 2 -1 1 -2 0 2 -1 1 -2 0 2 -1 1 -2 0 2 -1 1 -2 0 2 -1
-2 1 -1 2 0 -2 1 -1 2 0 -2 1 -1 2 0 -2 1 -1 2 0 -2 1 -1 2 0 -2 1 -1 2 0 -2 1 -1 2 0 -2 1 -1 2 0 -2 1 -1 2 0 -2 1 -1 2 0 -2 1 -1 2 0 -2 1 -1 2 0 -2 1 -1 2 0 -2 1 -1 2 0 -2 1 -1 2 0 -2 1 -1 2 0 -2 1 -1 2 0 -2 1 -1 2 0 -2 1 -1 2 0 -2 1 -1 2 0 -2 1 -1 2 0 -2 1 -1 2 0 -2 1 -1 2 0 -2 1 -1 2 0 -2 1 -1 2 0 -2 1 -1 2 0 -2 1 -1 2 0 -2 1 -1 2 0 -2 1 -1 2 0 -2 1 -1 2 0 -2 1 -1 2 0 -2 1 -1 2 0 -2 1 -1 2 0 -2 1 -1 2 0 -2 1 -1 2 0 -2 1 -1 2 0 -2 1 -1 2 0 -2 1 -1 2 0 -2 1 -1 2 0 -2 1 -1 2 0 -2 1 -1 2 0 -2 1 -1 2 0 -2 1 -1 2 0 -2 1 -1 2 0 -2 1 -1 2 0 -2 1 -1 2 0 -2 1 -1 2 0 -2 1 -1 2 0 721 1 -1 2 0 -2 1 -1 2 0 -2 1 -1 2 0 -2 1 -1 2 0 -2 1 -1 2 0 -2 1 -1 2 0 -2 1 -1 2 0 -2 1 -1 2 0 -2 1 -1 2 0 -2 1 -1 2 0 -2 1 -1 2 0 -2 1 -1 2 0 -2 1 -1 2 0 -2 1 -1 2 0 -2 1 -1 2 0 -2 1 -1 2 0 -2 1 -1 2 0 -2 1 -1 2 0 -2 1 -1 2 0 -2 1 -1 2 0 -2 1 -1 2 0 -2 1 -1 2 0 -2 1 -1 2 0 -2 1 -1 2 0 -2 1 -1 2 0 -2 1 -1 2 0 -2 1 -1 2 0 -2 1 -1 2 0 -2 1 -1 2 0 -2 1 -1 2 0 -2 1 -1 2 0 -2 1 -1 2 0 -2 1 -1 2 0 -2 1 -1 2 0 -2 1 -1 2 0 -2 1 -1 2 0 -2 1 -1 2 0 -2 1 -1 2 0 -2 1 -1 2 0 -2 1 -1 2 0 -2 1 -1 2 0 -2 1 -1 2 0 -2 1 -1 2 0 -2 1 -1 2 0 -2 1 -1 2 0 -2 1 -1 2 0 -2 1 -1 2 0 -2 1 -1 2 0 -2 1 -1 2 0 -2 1 -1 2 0 -2 1 -1 2 0 -2 1 -1 2 0 -2 1 -1 2 0 -2 1 -1 2 0 -2 1 -1 2 0 -2 1 -1 2 0 -2 1 -1 2 0 -2 1 -1 2 0 -2 1 -1 2 0 -2 1 -1 2 0 -2 1 -1 2 0 -2 1 -1 2 0 -2 1 -1 2 0 -2 1 -1 2 0 -2 1 -1 2 0 -2 1 -1 2 0 -2 1 -1 2 0 -2 1 -1 2 0 -2 1 -1 2 0 -2 1 -1 2 0 -2 1 -1 2 0 -2 1 -1 2 0
0 -1 -2 2 1 0 -1 -2 2 1 0 -1 -2 2 1 0 -1 -2 2 1 0 -1 -2 2 1 0 -1 -2 2 1 0 -1 -2 2 1 0 -1 -2 2 1 0 -1 -2 2 1 0 -1 -2 2 1 0 -1 -2 2 1 0 -1 -2 2 1 0 -1 -2 2 1 0 -1 -2 2 1 0 -1 -2 2 1 0 -1 -2 2 1 0 -1 -2 2 1 0 -1 -2 2 1 0 -1 -2 2 1 0 -1 -2 2 1 0 -1 -2 2 1 0 -1 -2 2 1 0 -1 -2 2 1 0 -1 -2 2 1 0 -1 -2 2 1 0 -1 -2 2 1 0 -1 -2 2 1 0 -1 -2 2 1 0 -1 -2 2 1 0 -1 -2 2 1 0 -1 -2 2 1 0 -1 -2 2 1 0 -1 -2 2 1 0 -1 -2 2 1 0 -1 -2 2 1 0 -1 -2 2 1 0 -1 -2 2 1 0 -1 -2 2 1 0 -1 -2 2 1 0 -1 -2 2 1 0 -1 -2 2 1 0 -1 -2 2 1 0 -1 -2 2 1 0 -1 -2 2 1 0 -1 -2 2 1 0 -1 -2 2 1 0 -1 -2 2 1 0 -1 -2 2 1 0 722 -2 2 1 0 -1 -2 2 1 0 -1 -2 2 1 0 -1 -2 2 1 0 -1 -2 2 1 0 -1 -2 2 1 0 -1 -2 2 1 0 -1 -2 2 1 0 -1 -2 2 1 0 -1 -2 2 1 0 -1 -2 2 1 0 -1 -2 2 1 0 -1 -2 2 1 0 -1 -2 2 1 0 -1 -2 2 1 0 -1 -2 2 1 0 -1 -2 2 1 0 -1 -2 2 1 0 -1 -2 2 1 0 -1 -2 2 1 0 -1 -2 2 1 0 -1 -2 2 1 0 -1 -2 2 1 0 -1 -2 2 1 0 -1 -2 2 1 0 -1 -2 2 1 0 -1 -2 2 1 0 -1 -2 2 1 0 -1 -2 2 1 0 -1 -2 2 1 0 -1 -2 2 1 0 -1 -2 2 1 0 -1 -2 2 1 0 -1 -2 2 1 0 -1 -2 2 1 0 -1 -2 2 1 0 -1 -2 2 1 0 -1 -2 2 1 0 -1 -2 2 1 0 -1 -2 2 1 0 -1 -2 2 1 0 -1 -2 2 1 0 -1 -2 2 1 0 -1 -2 2 1 0 -1 -2 2 1 0 -1 -2 2 1 0 -1 -2 2 1 0 -1 -2 2 1 0 -1 -2 2 1 0 -1 -2 2 1 0 -1 -2 2 1 0 -1 -2 2 1 0 -1 -2 2 1 0 -1 -2 2 1 0 -1 -2 2 1 0 -1 -2 2 1 0 -1 -2 2 1 0 -1 -2 2 1 0 -1 -2 2 1 0 -1 -2 2 1 0 -1 -2 2 1 0 -1 -2 2 1 0 -1 -2 2 1 0 -1 -2 2 1 0 -1 -2 2 1 0 -1 -2 2 1 0 -1 -2 2 1 0 -1 -2 2 1 0 -1 -2 2 1 0 -1 -2 2 1 0 -1 -2 2 1 0 -1 -2 2 1
2 2 2 2 2 2 2 2 2 2 2 2 2 2 2 2 2 2 2 2 2 2 2 2 2 2 2 2 2 2 2 2 2 2 2 2 2 2 2 2 2 2 2 2 2 2 2 2 2 2 2 2 2 2 2 2 2 2 2 2 2 2 2 2 2 2 2 2 2 2 2 2 2 2 2 2 2 2 2 2 2 2 2 2 2 2 2 2 2 2 2 2 2 2 2 2 2 2 2 2 2 2 2 2 2 2 2 2 2 2 2 2 2 2 2 2 2 2 2 2 2 2 2 2 2 2 2 2 2 2 2 2 2 2 2 2 2 2 2 2 2 2 2 2 2 2 2 2 2 2 2 2 2 2 2 2 2 2 2 2 2 2 2 2 2 2 2 2 2 2 2 2 2 2 2 2 2 2 2 2 2 2 2 2 2 2 2 2 2 2 2 2 2 2 2 2 2 2 2 2 2 2 2 2 2 2 2 2 2 2 2 2 2 2 2 2 2 2 2 2 2 2 2 2 2 2 2 2 2 2 2 2 2 2 2 2 2 2 2 2 2 2 1201 2 2 2 2 2 2 2 2 2 2 2 2 2 2 2 2 2 2 2 2 2 2 2 2 2 2 2 2 2 2 2 2 2 2 2 2 2 2 2 2 2 2 2 2 2 2 2 2 2 2 2 2 2 2 2 2 2 2 2 2 2 2 2 2 2 2 2 2 2 2 2 2 2 2 2 2 2 2 2 2 2 2 2 2 2 2 2 2 2 2 2 2 2 2 2 2 2 2 2 2 2 2 2 2 2 2 2 2 2 2 2 2 2 2 2 2 2 2 2 2 2 2 2 2 2 2 2 2 2 2 2 2 2 2 2 2 2 2 2 2 2 2 2 2 2 2 2 2 2 2 2 2 2 2 2 2 2 2 2 2 2 2 2 2 2 2 2 2 2 2 2 2 2 2 2 2 2 2 2 2 2 2 2 2 2 2 2 2 2 2 2 2 2 2 2 2 2 2 2 2 2 2 2 2 2 2 2 2 2 2 2 2 2 2 2 2 2 2 2 2 2 2 2 2 2 2 2 2 2 2 2 2 2 2 2 2 2 2 2 2 2 2 2 2 2 2 2 2 2 2 2 2 2 2 2 2 2 2 2 2 2 2 2 2 2 2 2 2 2 2 2 2 2 2 2 2 2 2 2 2 2 2 2 2 2 2 2 2 2 2 2 2 2 2 2 2 2 2 2 2 2 2 2 2 2 2 2 2 2 2 2 2 2 2 2 2 2 2 2 2 2 2 2 2 2 2 2 2 2 2 2 2 2 2 2 2 2 2 2 2 2 2 2 2 2 2 2 2 2 2 2 2 2 2 2 2 2
-1 0 1 2 -2 -1 0 1 2 -2 -1 0 1 2 -2 -1 0 1 2 -2 -1 0 1 2 -2 -1 0 1 2 -2 -1 0 1 2 -2 -1 0 1 2 -2 -1 0 1 2 -2 -1 0 1 2 -2 -1 0 1 2 -2 -1 0 1 2 -2 -1 0 1 2 -2 -1 0 1 2 -2 -1 0 1 2 -2 -1 0 1 2 -2 -1 0 1 2 -2 -1 0 1 2 -2 -1 0 1 2 -2 -1 0 1 2 -2 -1 0 1 2 -2 -1 0 1 2 -2 -1 0 1 2 -2 -1 0 1 2 -2 -1 0 1 2 -2 -1 0 1 2 -2 -1 0 1 2 -2 -1 0 1 2 -2 -1 0 1 2 -2 -1 0 1 2 -2 -1 0 1 2 -2 -1 0 1 2 -2 -1 0 1 2 -2 -1 0 1 2 -2 -1 0 1 2 -2 -1 0 1 2 -2 -1 0 1 2 -2 -1 0 1 2 -2 -1 0 1 2 -2 -1 0 1 2 -2 -1 0 1 2 -2 -1 0 1 2 -2 -1 0 1 2 -2 -1 0 1 2 -2 -1 0 1 2 -2 -1 0 1 2 -2 -1 0 1 2 -2 -1 0 1 2 -2 -1 0 1 721 -2 -1 0 1 2 -2 -1 0 1 2 -2 -1 0 1 2 -2 -1 0 1 2 -2 -1 0 1 2 -2 -1 0 1 2 -2 -1 0 1 2 -2 -1 0 1 2 -2 -1 0 1 2 -2 -1 0 1 2 -2 -1 0 1 2 -2 -1 0 1 2 -2 -1 0 1 2 -2 -1 0 1 2 -2 -1 0 1 2 -2 -1 0 1 2 -2 -1 0 1 2 -2 -1 0 1 2 -2 -1 0 1 2 -2 -1 0 1 2 -2 -1 0 1 2 -2 -1 0 1 2 -2 -1 0 1 2 -2 -1 0 1 2 -2 -1 0 1 2 -2 -1 0 1 2 -2 -1 0 1 2 -2 -1 0 1 2 -2 -1 0 1 2 -2 -1 0 1 2 -2 -1 0 1 2 -2 -1 0 1 2 -2 -1 0 1 2 -2 -1 0 1 2 -2 -1 0 1 2 -2 -1 0 1 2 -2 -1 0 1 2 -2 -1 0 1 2 -2 -1 0 1 2 -2 -1 0 1 2 -2 -1 0 1 2 -2 -1 0 1 2 -2 -1 0 1 2 -2 -1 0 1 2 -2 -1 0 1 2 -2 -1 0 1 2 -2 -1 0 1 2 -2 -1 0 1 2 -2 -1 0 1 2 -2 -1 0 1 2 -2 -1 0 1 2 -2 -1 0 1 2 -2 -1 0 1 2 -2 -1 0 1 2 -2 -1 0 1 2 -2 -1 0 1 2 -2 -1 0 1 2 -2 -1 0 1 2 -2 -1 0 1 2 -2 -1 0 1 2 -2 -1 0 1 2 -2 -1 0 1 2 -2 -1 0 1 2 -2 -1 0 1 2 -2 -1 0 1 2 -2 -1 0 1 2 -2 -1 0 1 2 -2 -1 0 1 2 -2 -1 0 1 2 -2 -1 0 1 2 -2 -1 0 1 2 -2
1 -2 0 2 -1 1 -2 0 2 -1 1 -2 0 2 -1 1 -2 0 2 -1 1 -2 0 2 -1 1 -2 0 2 -1 1 -2 0 2 -1 1 -2 0 2 -1 1 -2 0 2 -1 1 -2 0 2 -1 1 -2 0 2 -1 1 -2 0 2 -1 1 -2 0 2 -1 1 -2 0 2 -1 1 -2 0 2 -1 1 -2 0 2 -1 1 -2 0 2 -1 1 -2 0 2 -1 1 -2 0 2 -1 1 -2 0 2 -1 1 -2 0 2 -1 1 -2 0 2 -1 1 -2 0 2 -1 1 -2 0 2 -1 1 -2 0 2 -1 1 -2 0 2 -1 1 -2 0 2 -1 1 -2 0 2 -1 1 -2 0 2 -1 1 -2 0 2 -1 1 -2 0 2 -1 1 -2 0 2 -1 1 -2 0 2 -1 1 -2 0 2 -1 1 -2 0 2 -1 1 -2 0 2 -1 1 -2 0 2 -1 1 -2 0 2 -1 1 -2 0 2 -1 1 -2 0 2 -1 1 -2 0 2 -1 1 -2 0 2 -1 1 -2 0 2 -1 1 -2 0 2 -1 1 -2 0 2 -1 1 -2 0 2 -1 1 -2 0 2 -1 1 -2 0 2 -1 1 -2 0 2 722 1 -2 0 2 -1 1 -2 0 2 -1 1 -2 0 2 -1 1 -2 0 2 -1 1 -2 0 2 -1 1 -2 0 2 -1 1 -2 0 2 -1 1 -2 0 2 -1 1 -2 0 2 -1 1 -2 0 2 -1 1 -2 0 2 -1 1 -2 0 2 -1 1 -2 0 2 -1 1 -2 0 2 -1 1 -2 0 2 -1 1 -2 0 2 -1 1 -2 0 2 -1 1 -2 0 2 -1 1 -2 0 2 -1 1 -2 0 2 -1 1 -2 0 2 -1 1 -2 0 2 -1 1 -2 0 2 -1 1 -2 0 2 -1 1 -2 0 2 -1 1 -2 0 2 -1 1 -2 0 2 -1 1 -2 0 2 -1 1 -2 0 2 -1 1 -2 0 2 -1 1 -2 0 2 -1 1 -2 0 2 -1 1 -2 0 2 -1 1 -2 0 2 -1 1 -2 0 2 -1 1 -2 0 2 -1 1 -2 0 2 -1 1 -2 0 2 -1 1 -2 0 2 -1 1 -2 0 2 -1 1 -2 0 2 -1 1 -2 0 2 -1 1 -2 0 2 -1 1 -2 0 2 -1 1 -2 0 2 -1 1 -2 0 2 -1 1 -2 0 2 -1 1 -2 0 2 -1 1 -2 0 2 -1 1 -2 0 2 -1 1 -2 0 2 -1 1 -2 0 2 -1 1 -2 0 2 -1 1 -2 0 2 -1 1 -2 0 2 -1 1 -2 0 2 -1 1 -2 0 2 -1 1 -2 0 2 -1 1 -2 0 2 -1 1 -2 0 2 -1 1 -2 0 2 -1 1 -2 0 2 -1 1 -2 0 2 -1 1 -2 0 2 -1 1 -2 0 2 -1 1 -2 0 2 -1 1 -2 0 2 -1 1 -2 0 2 -1 1 -2 0 2 -1 1 -2 0 2 -1 1 -2 0 2 -1
-2 1 -1 2 0 -2 1 -1 2 0 -2 1 -1 2 0 -2 1 -1 2 0 -2 1 -1 2 0 -2 1 -1 2 0 -2 1 -1 2 0 -2 1 -1 2 0 -2 1 -1 2 0 -2 1 -1 2 0 -2 1 -1 2 0 -2 1 -1 2 0 -2 1 -1 2 0 -2 1 -1 2 0 -2 1 -1 2 0 -2 1 -1 2 0 -2 1 -1 2 0 -2 1 -1 2 0 -2 1 -1 2 0 -2 1 -1 2 0 -2 1 -1 2 0 -2 1 -1 2 0 -2 1 -1 2 0 -2 1 -1 2 0 -2 1 -1 2 0 -2 1 -1 2 0 -2 1 -1 2 0 -2 1 -1 2 0 -2 1 -1 2 0 -2 1 -1 2 0 -2 1 -1 2 0 -2 1 -1 2 0 -2 1 -1 2 0 -2 1 -1 2 0 -2 1 -1 2 0 -2 1 -1 2 0 -2 1 -1 2 0 -2 1 -1 2 0 -2 1 -1 2 0 -2 1 -1 2 0 -2 1 -1 2 0 -2 1 -1 2 0 -2 1 -1 2 0 -2 1 -1 2 0 -2 1 -1 2 0 -2 1 -1 2 0 -2 1 -1 2 0 -2 1 -1 2 0 -2 1 -1 2 0 721 1 -1 2 0 -2 1 -1 2 0 -2 1 -1 2 0 -2 1 -1 2 0 -2 1 -1 2 0 -2 1 -1 2 0 -2 1 -1 2 0 -2 1 -1 2 0 -2 1 -1 2 0 -2 1 -1 2 0 -2 1 -1 2 0 -2 1 -1 2 0 -2 1 -1 2 0 -2 1 -1 2 0 -2 1 -1 2 0 -2 1 -1 2 0 -2 1 -1 2 0 -2 1 -1 2 0 -2 1 -1 2 0 -2 1 -1 2 0 -2 1 -1 2 0 -2 1 -1 2 0 -2 1 -1 2 0 -2 1 -1 2 0 -2 1 -1 2 0 -2 1 -1 2 0 -2 1 -1 2 0 -2 1 -1 2 0 -2 1 -1 2 0 -2 1 -1 2 0 -2 1 -1 2 0 -2 1 -1 2 0 -2 1 -1 2 0 -2 1 -1 2 0 -2 1 -1 2 0 -2 1 -1 2 0 -2 1 -1 2 0 -2 1 -1 2 0 -2 1 -1 2 0 -2 1 -1 2 0 -2 1 -1 2 0 -2 1 -1 2 0 -2 1 -1 2 0 -2 1 -1 2 0 -2 1 -1 2 0 -2 1 -1 2 0 -2 1 -1 2 0 -2 1 -1 2 0 -2 1 -1 2 0 -2 1 -1 2 0 -2 1 -1 2 0 -2 1 -1 2 0 -2 1 -1 2 0 -2 1 -1 2 0 -2 1 -1 2 0 -2 1 -1 2 0 -2 1 -1 2 0 -2 1 -1 2 0 -2 1 -1 2 0 -2 1 -1 2 0 -2 1 -1 2 0 -2 1 -1 2 0 -2 1 -1 2 0 -2 1 -1 2 0 -2 1 -1 2 0 -2 1 -1 2 0 -2 1 -1 2 0 -2 1 -1 2 0 -2 1 -1 2 0 -2 1 -1 2 0 -2 1 -1 2 0
0 -1 -2 2 1 0 -1 -2 2 1 0 -1 -2 2 1 0 -1 -2 2 1 0 -1 -2 2 1 0 -1 -2 2 1 0 -1 -2 2 1 0 -1 -2 2 1 0 -1 -2 2 1 0 -1 -2 2 1 0 -1 -2 2 1 0 -1 -2 2 1 0 -1 -2 2 1 0 -1 -2 2 1 0 -1 -2 2 1 0 -1 -2 2 1 0 -1 -2 2 1 0 -1 -2 2 1 0 -1 -2 2 1 0 -1 -2 2 1 0 -1 -2 2 1 0 -1 -2 2 1 0 -1 -2 2 1 0 -1 -2 2 1 0 -1 -2 2 1 0 -1 -2 2 1 0 -1 -2 2 1 0 -1 -2 2 1 0 -1 -2 2 1 0 -1 -2 2 1 0 -1 -2 2 1 0 -1 -2 2 1 0 -1 -2 2 1 0 -1 -2 2 1 0 -1 -2 2 1 0 -1 -2 2 1 0 -1 -2 2 1 0 -1 -2 2 1 0 -1 -2 2 1 0 -1 -2 2 1 0 -1 -2 2 1 0 -1 -2 2 1 0 -1 -2 2 1 0 -1 -2 2 1 0 -1 -2 2 1 0 -1 -2 2 1 0 -1 -2 2 1 0 -1 -2 2 1 0 -1 -2 2 1 0 722 -2 2 1 0 -1 -2 2 1 0 -1 -2 2 1 0 -1 -2 2 1 0 -1 -2 2 1 0 -1 -2 2 1 0 -1 -2 2 1 0 -1 -2 2 1 0 -1 -2 2 1 0 -1 -2 2 1 0 -1 -2 2 1 0 -1 -2 2 1 0 -1 -2 2 1 0 -1 -2 2 1 0 -1 -2 2 1 0 -1 -2 2 1 0 -1 -2 2 1 0 -1 -2 2 1 0 -1 -2 2 1 0 -1 -2 2 1 0 -1 -2 2 1 0 -1 -2 2 1 0 -1 -2 2 1 0 -1 -2 2 1 0 -1 -2 2 1 0 -1 -2 2 1 0 -1 -2 2 1 0 -1 -2 2 1 0 -1 -2 2 1 0 -1 -2 2 1 0 -1 -2 2 1 0 -1 -2 2 1 0 -1 -2 2 1 0 -1 -2 2 1 0 -1 -2 2 1 0 -1 -2 2 1 0 -1 -2 2 1 0 -1 -2 2 1 0 -1 -2 2 1 0 -1 -2 2 1 0 -1 -2 2 1 0 -1 -2 2 1 0 -1 -2 2 1 0 -1 -2 2 1 0 -1 -2 2 1 0 -1 -2 2 1 0 -1 -2 2 1 0 -1 -2 2 1 0 -1 -2 2 1 0 -1 -2 2 1 0 -1 -2 2 1 0 -1 -2 2 1 0 -1 -2 2 1 0 -1 -2 2 1 0 -1 -2 2 1 0 -1 -2 2 1 0 -1 -2 2 1 0 -1 -2 2 1 0 -1 -2 2 1 0 -1 -2 2 1 0 -1 -2 2 1 0 -1 -2 2 1 0 -1 -2 2 1 0 -1 -2 2 1 0 -1 -2 2 1 0 -1 -2 2 1 0 -1 -2 2 1 0 -1 -2 2 1 0 -1 -2 2 1 0 -1 -2 2 1 0 -1 -2 2 1
2 2 2 2 2 2 2 2 2 2 2 2 2 2 2 2 2 2 2 2 2 2 2 2 2 2 2 2 2 2 2 2 2 2 2 2 2 2 2 2 2 2 2 2 2 2 2 2 2 2 2 2 2 2 2 2 2 2 2 2 2 2 2 2 2 2 2 2 2 2 2 2 2 2 2 2 2 2 2 2 2 2 2 2 2 2 2 2 2 2 2 2 2 2 2 2 2 2 2 2 2 2 2 2 2 2 2 2 2 2 2 2 2 2 2 2 2 2 2 2 2 2 2 2 2 2 2 2 2 2 2 2 2 2 2 2 2 2 2 2 2 2 2 2 2 2 2 2 2 2 2 2 2 2 2 2 2 2 2 2 2 2 2 2 2 2 2 2 2 2 2 2 2 2 2 2 2 2 2 2 2 2 2 2 2 2 2 2 2 2 2 2 2 2 2 2 2 2 2 2 2 2 2 2 2 2 2 2 2 2 2 2 2 2 2 2 2 2 2 2 2 2 2 2 2 2 2 2 2 2 2 2 2 2 2 2 2 2 2 2 2 2 2 2 2 2 2 1201 2 2 2 2 2 2 2 2 2 2 2 2 2 2 2 2 2 2 2 2 2 2 2 2 2 2 2 2 2 2 2 2 2 2 2 2 2 2 2 2 2 2 2 2 2 2 2 2 2 2 2 2 2 2 2 2 2 2 2 2 2 2 2 2 2 2 2 2 2 2 2 2 2 2 2 2 2 2 2 2 2 2 2 2 2 2 2 2 2 2 2 2 2 2 2 2 2 2 2 2 2 2 2 2 2 2 2 2 2 2 2 2 2 2 2 2 2 2 2 2 2 2 2 2 2 2 2 2 2 2 2 2 2 2 2 2 2 2 2 2 2 2 2 2 2 2 2 2 2 2 2 2 2 2 2 2 2 2 2 2 2 2 2 2 2 2 2 2 2 2 2 2 2 2 2 2 2 2 2 2 2 2 2 2 2 2 2 2 2 2 2 2 2 2 2 2 2 2 2 2 2 2 2 2 2 2 2 2 2 2 2 2 2 2 2 2 2 2 2 2 2 2 2 2 2 2 2 2 2 2 2 2 2 2 2 2 2 2 2 2 2 2 2 2 2 2 2 2 2 2 2 2 2 2 2 2 2 2 2 2 2 2 2 2 2 2 2 2 2 2 2 2 2 2 2 2 2 2 2 2 2 2 2 2 2 2 2 2 2 2 2 2 2 2 2 2 2 2 2 2 2 2 2 2 2 2 2 2 2 2 2 2 2 2 2 2 2 2 2 2 2 2 2 2 2 2 2 2 2 2 2 2 2 2 2 2 2 2 2 2 2 2 2 2 2 2 2 2 2 2 2 2
-1 0 1 2 -2 -1 0 1 2 -2 -1 0 1 2 -2 -1 0 1 2 -2 -1 0 1 2 -2 -1 0 1 2 -2 -1 0 1 2 -2 -1 0 1 2 -2 -1 0 1 2 -2 -1 0 1 2 -2 -1 0 1 2 -2 -1 0 1 2 -2 -1 0 1 2 -2 -1 0 1 2 -2 -1 0 1 2 -2 -1 0 1 2 -2 -1 0 1 2 -2 -1 0 1 2 -2 -1 0 1 2 -2 -1 0 1 2 -2 -1 0 1 2 -2 -1 0 1 2 -2 -1 0 1 2 -2 -1 0 1 2 -2 -1 0 1 2 -2 -1 0 1 2 -2 -1 0 1 2 -2 -1 0 1 2 -2 -1 0 1 2 -2 -1 0 1 2 -2 -1 0 1 2 -2 -1 0 1 2 -2 -1 0 1 2 -2 -1 0 1 2 -2 -1 0 1 2 -2 -1 0 1 2 -2 -1 0 1 2 -2 -1 0 1 2 -2 -1 0 1 2 -2 -1 0 1 2 -2 -1 0 1 2 -2 -1 0 1 2 -2 -1 0 1 2 -2 -1 0 1 2 -2 -1 0 1 2 -2 -1 0 1 2 -2 -1 0 1 2 -2 -1 0 1 2 -2 -1 0 1 2 -2 -1 0 1 721 -2 -1 0 1 2 -2 -1 0 1 2 -2 -1 0 1 2 -2 -1 0 1 2 -2 -1 0 1 2 -2 -1 0 1 2 -2 -1 0 1 2 -2 -1 0 1 2 -2 -1 0 1 2 -2 -1 0 1 2 -2 -1 0 1 2 -2 -1 0 1 2 -2 -1 0 1 2 -2 -1 0 1 2 -2 -1 0 1 2 -2 -1 0 1 2 -2 -1 0 1 2 -2 -1 0 1 2 -2 -1 0 1 2 -2 -1 0 1 2 -2 -1 0 1 2 -2 -1 0 1 2 -2 -1 0 1 2 -2 -1 0 1 2 -2 -1 0 1 2 -2 -1 0 1 2 -2 -1 0 1 2 -2 -1 0 1 2 -2 -1 0 1 2 -2 -1 0 1 2 -2 -1 0 1 2 -2 -1 0 1 2 -2 -1 0 1 2 -2 -1 0 1 2 -2 -1 0 1 2 -2 -1 0 1 2 -2 -1 0 1 2 -2 -1 0 1 2 -2 -1 0 1 2 -2 -1 0 1 2 -2 -1 0 1 2 -2 -1 0 1 2 -2 -1 0 1 2 -2 -1 0 1 2 -2 -1 0 1 2 -2 -1 0 1 2 -2 -1 0 1 2 -2 -1 0 1 2 -2 -1 0 1 2 -2 -1 0 1 2 -2 -1 0 1 2 -2 -1 0 1 2 -2 -1 0 1 2 -2 -1 0 1 2 -2 -1 0 1 2 -2 -1 0 1 2 -2 -1 0 1 2 -2 -1 0 1 2 -2 -1 0 1 2 -2 -1 0 1 2 -2 -1 0 1 2 -2 -1 0 1 2 -2 -1 0 1 2 -2 -1 0 1 2 -2 -1 0 1 2 -2 -1 0 1 2 -2 -1 0 1 2 -2 -1 0 1 2 -2 -1 0 1 2 -2 -1 0 1 2 -2
1 -2 0 2 -1 1 -2 0 2 -1 1 -2 0 2 -1 1 -2 0 2 -1 1 -2 0 2 -1 1 -2 0 2 -1 1 -2 0 2 -1 1 -2 0 2 -1 1 -2 0 2 -1 1 -2 0 2 -1 1 -2 0 2 -1 1 -2 0 2 -1 1 -2 0 2 -1 1 -2 0 2 -1 1 -2 0 2 -1 1 -2 0 2 -1 1 -2 0 2 -1 1 -2 0 2 -1 1 -2 0 2 -1 1 -2 0 2 -1 1 -2 0 2 -1 1 -2 0 2 -1 1 -2 0 2 -1 1 -2 0 2 -1 1 -2 0 2 -1 1 -2 0 2 -1 1 -2 0 2 -1 1 -2 0 2 -1 1 -2 0 2 -1 1 -2 0 2 -1 1 -2 0 2 -1 1 -2 0 2 -1 1 -2 0 2 -1 1 -2 0 2 -1 1 -2 0 2 -1 1 -2 0 2 -1 1 -2 0 2 -1 1 -2 0 2 -1 1 -2 0 2 -1 1 -2 0 2 -1 1 -2 0 2 -1 1 -2 0 2 -1 1 -2 0 2 -1 1 -2 0 2 -1 1 -2 0 2 -1 1 -2 0 2 -1 1 -2 0 2 -1 1 -2 0 2 -1 1 -2 0 2 -1 1 -2 0 2 722 1 -2 0 2 -1 1 -2 0 2 -1 1 -2 0 2 -1 1 -2 0 2 -1 1 -2 0 2 -1 1 -2 0 2 -1 1 -2 0 2 -1 1 -2 0 2 -1 1 -2 0 2 -1 1 -2 0 2 -1 1 -2 0 2 -1 1 -2 0 2 -1 1 -2 0 2 -1 1 -2 0 2 -1 1 -2 0 2 -1 1 -2 0 2 -1 1 -2 0 2 -1 1 -2 0 2 -1 1 -2 0 2 -1 1 -2 0 2 -1 1 -2 0 2 -1 1 -2 0 2 -1 1 -2 0 2 -1 1 -2 0 2 -1 1 -2 0 2 -1 1 -2 0 2 -1 1 -2 0 2 -1 1 -2 0 2 -1 1 -2 0 2 -1 1 -2 0 2 -1 1 -2 0 2 -1 1 -2 0 2 -1 1 -2 0 2 -1 1 -2 0 2 -1 1 -2 0 2 -1 1 -2 0 2 -1 1 -2 0 2 -1 1 -2 0 2 -1 1 -2 0 2 -1 1 -2 0 2 -1 1 -2 0 2 -1 1 -2 0 2 -1 1 -2 0 2 -1 1 -2 0 2 -1 1 -2 0 2 -1 1 -2 0 2 -1 1 -2 0 2 -1 1 -2 0 2 -1 1 -2 0 2 -1 1 -2 0 2 -1 1 -2 0 2 -1 1 -2 0 2 -1 1 -2 0 2 -1 1 -2 0 2 -1 1 -2 0 2 -1 1 -2 0 2 -1 1 -2 0 2 -1 1 -2 0 2 -1 1 -2 0 2 -1 1 -2 0 2 -1 1 -2 0 2 -1 1 -2 0 2 -1 1 -2 0 2 -1 1 -2 0 2 -1 1 -2 0 2 -1 1 -2 0 2 -1 1 -2 0 2 -1 1 -2 0 2 -1 1 -2 0 2 -1 1 -2 0 2 -1
-2 1 -1 2 0 -2 1 -1 2 0 -2 1 -1 2 0 -2 1 -1 2 0 -2 1 -1 2 0 -2 1 -1 2 0 -2 1 -1 2 0 -2 1 -1 2 0 -2 1 -1 2 0 -2 1 -1 2 0 -2 1 -1 2 0 -2 1 -1 2 0 -2 1 -1 2 0 -2 1 -1 2 0 -2 1 -1 2 0 -2 1 -1 2 0 -2 1 -1 2 0 -2 1 -1 2 0 -2 1 -1 2 0 -2 1 -1 2 0 -2 1 -1 2 0 -2 1 -1 2 0 -2 1 -1 2 0 -2 1 -1 2 0 -2 1 -1 2 0 -2 1 -1 2 0 -2 1 -1 2 0 -2 1 -1 2 0 -2 1 -1 2 0 -2 1 -1 2 0 -2 1 -1 2 0 -2 1 -1 2 0 -2 1 -1 2 0 -2 1 -1 2 0 -2 1 -1 2 0 -2 1 -1 2 0 -2 1 -1 2 0 -2 1 -1 2 0 -2 1 -1 2 0 -2 1 -1 2 0 -2 1 -1 2 0 -2 1 -1 2 0 -2 1 -1 2 0 -2 1 -1 2 0 -2 1 -1 2 0 -2 1 -1 2 0 -2 1 -1 2 0 -2 1 -1 2 0 -2 1 -1 2 0 -2 1 -1 2 0 721 1 -1 2 0 -2 1 -1 2 0 -2 1 -1 2 0 -2 1 -1 2 0 -2 1 -1 2 0 -2 1 -1 2 0 -2 1 -1 2 0 -2 1 -1 2 0 -2 1 -1 2 0 -2 1 -1 2 0 -2 1 -1 2 0 -2 1 -1 2 0 -2 1 -1 2 0 -2 1 -1 2 0 -2 1 -1 2 0 -2 1 -1 2 0 -2 1 -1 2 0 -2 1 -1 2 0 -2 1 -1 2 0 -2 1 -1 2 0 -2 1 -1 2 0 -2 1 -1 2 0 -2 1 -1 2 0 -2 1 -1 2 0 -2 1 -1 2 0 -2 1 -1 2 0 -2 1 -1 2 0 -2 1 -1 2 0 -2 1 -1 2 0 -2 1 -1 2 0 -2 1 -1 2 0 -2 1 -1 2 0 -2 1 -1 2 0 -2 1 -1 2 0 -2 1 -1 2 0 -2 1 -1 2 0 -2 1 -1 2 0 -2 1 -1 2 0 -2 1 -1 2 0 -2 1 -1 2 0 -2 1 -1 2 0 -2 1 -1 2 0 -2 1 -1 2 0 -2 1 -1 2 0 -2 1 -1 2 0 -2 1 -1 2 0 -2 1 -1 2 0 -2 1 -1 2 0 -2 1 -1 2 0 -2 1 -1 2 0 -2 1 -1 2 0 -2 1 -1 2 0 -2 1 -1 2 0 -2 1 -1 2 0 -2 1 -1 2 0 -2 1 -1 2 0 -2 1 -1 2 0 -2 1 -1 2 0 -2 1 -1 2 0 -2 1 -1 2 0 -2 1 -1 2 0 -2 1 -1 2 0 -2 1 -1 2 0 -2 1 -1 2 0 -2 1 -1 2 0 -2 1 -1 2 0 -2 1 -1 2 0 -2 1 -1 2 0 -2 1 -1 2 0 -2 1 -1 2 0
0 -1 -2 2 1 0 -1 -2 2 1 0 -1 -2 2 1 0 -1 -2 2 1 0 -1 -2 2 1 0 -1 -2 2 1 0 -1 -2 2 1 0 -1 -2 2 1 0 -1 -2 2 1 0 -1 -2 2 1 0 -1 -2 2 1 0 -1 -2 2 1 0 -1 -2 2 1 0 -1 -2 2 1 0 -1 -2 2 1 0 -1 -2 2 1 0 -1 -2 2 1 0 -1 -2 2 1 0 -1 -2 2 1 0 -1 -2 2 1 0 -1 -2 2 1 0 -1 -2 2 1 0 -1 -2 2 1 0 -1 -2 2 1 0 -1 -2 2 1 0 -1 -2 2 1 0 -1 -2 2 1 0 -1 -2 2 1 0 -1 -2 2 1 0 -1 -2 2 1 0 -1 -2 2 1 0 -1 -2 2 1 0 -1 -2 2 1 0 -1 -2 2 1 0 -1 -2 2 1 0 -1 -2 2 1 0 -1 -2 2 1 0 -1 -2 2 1 0 -1 -2 2 1 0 -1 -2 2 1 0 -1 -2 2 1 0 -1 -2 2 1 0 -1 -2 2 1 0 -1 -2 2 1 0 -1 -2 2 1 0 -1 -2 2 1 0 -1 -2 2 1 0 -1 -2 2 1 0 -1 -2 2 1 0 -1 -2 2 1 0 722 -2 2 1 0 -1 -2 2 1 0 -1 -2 2 1 0 -1 -2 2 1 0 -1 -2 2 1 0 -1 -2 2 1 0 -1 -2 2 1 0 -1 -2 2 1 0 -1 -2 2 1 0 -1 -2 2 1 0 -1 -2 2 1 0 -1 -2 2 1 0 -1 -2 2 1 0 -1 -2 2 1 0 -1 -2 2 1 0 -1 -2 2 1 0 -1 -2 2 1 0 -1 -2 2 1 0 -1 -2 2 1 0 -1 -2 2 1 0 -1 -2 2 1 0 -1 -2 2 1 0 -1 -2 2 1 0 -1 -2 2 1 0 -1 -2 2 1 0 -1 -2 2 1 0 -1 -2 2 1 0 -1 -2 2 1 0 -1 -2 2 1 0 -1 -2 2 1 0 -1 -2 2 1 0 -1 -2 2 1 0 -1 -2 2 1 0 -1 -2 2 1 0 -1 -2 2 1 0 -1 -2 2 1 0 -1 -2 2 1 0 -1 -2 2 1 0 -1 -2 2 1 0 -1 -2 2 1 0 -1 -2 2 1 0 -1 -2 2 1 0 -1 -2 2 1 0 -1 -2 2 1 0 -1 -2 2 1 0 -1 -2 2 1 0 -1 -2 2 1 0 -1 -2 2 1 0 -1 -2 2 1 0 -1 -2 2 1 0 -1 -2 2 1 0 -1 -2 2 1 0 -1 -2 2 1 0 -1 -2 2 1 0 -1 -2 2 1 0 -1 -2 2 1 0 -1 -2 2 1 0 -1 -2 2 1 0 -1 -2 2 1 0 -1 -2 2 1 0 -1 -2 2 1 0 -1 -2 2 1 0 -1 -2 2 1 0 -1 -2 2 1 0 -1 -2 2 1 0 -1 -2 2 1 0 -1 -2 2 1 0 -1 -2 2 1 0 -1 -2 2 1 0 -1 -2 2 1
2 2 2 2 2 2 2 2 2 2 2 2 2 2 2 2 2 2 2 2 2 2 2 2 2 2 2 2 2 2 2 2 2 2 2 2 2 2 2 2 2 2 2 2 2 2 2 2 2 2 2 2 2 2 2 2 2 2 2 2 2 2 2 2 2 2 2 2 2 2 2 2 2 2 2 2 2 2 2 2 2 2 2 2 2 2 2 2 2 2 2 2 2 2 2 2 2 2 2 2 2 2 2 2 2 2 2 2 2 2 2 2 2 2 2 2 2 2 2 2 2 2 2 2 2 2 2 2 2 2 2 2 2 2 2 2 2 2 2 2 2 2 2 2 2 2 2 2 2 2 2 2 2 2 2 2 2 2 2 2 2 2 2 2 2 2 2 2 2 2 2 2 2 2 2 2 2 2 2 2 2 2 2 2 2 2 2 2 2 2 2 2 2 2 2 2 2 2 2 2 2 2 2 2 2 2 2 2 2 2 2 2 2 2 2 2 2 2 2 2 2 2 2 2 2 2 2 2 2 2 2 2 2 2 2 2 2 2 2 2 2 2 2 2 2 2 2 2 2 2 2 2 1201 2 2 2 2 2 2 2 2 2 2 2 2 2 2 2 2 2 2 2 2 2 2 2 2 2 2 2 2 2 2 2 2 2 2 2 2 2 2 2 2 2 2 2 2 2 2 2 2 2 2 2 2 2 2 2 2 2 2 2 2 2 2 2 2 2 2 2 2 2 2 2 2 2 2 2 2 2 2 2 2 2 2 2 2 2 2 2 2 2 2 2 2 2 2 2 2 2 2 2 2 2 2 2 2 2 2 2 2 2 2 2 2 2 2 2 2 2 2 2 2 2 2 2 2 2 2 2 2 2 2 2 2 2 2 2 2 2 2 2 2 2 2 2 2 2 2 2 2 2 2 2 2 2 2 2 2 2 2 2 2 2 2 2 2 2 2 2 2 2 2 2 2 2 2 2 2 2 2 2 2 2 2 2 2 2 2 2 2 2 2 2 2 2 2 2 2 2 2 2 2 2 2 2 2 2 2 2 2 2 2 2 2 2 2 2 2 2 2 2 2 2 2 2 2 2 2 2 2 2 2 2 2 2 2 2 2 2 2 2 2 2 2 2 2 2 2 2 2 2 2 2 2 2 2 2 2 2 2 2 2 2 2 2 2 2 2 2 2 2 2 2 2 2 2 2 2 2 2 2 2 2 2 2 2 2 2 2 2 2 2 2 2 2 2 2 2 2 2 2 2 2 2 2 2 2 2 2 2 2 2 2 2 2 2 2 2 2 2 2 2 2 2 2 2 2 2 2 2 2 2 2 2 2 2 2 2 2 2 2 2 2 2 2 2 2 2 2
-1 0 1 2 -2 -1 0 1 2 -2 -1 0 1 2 -2 -1 0 1 2 -2 -1 0 1 2 -2 -1 0 1 2 -2 -1 0 1 2 -2 -1 0 1 2 -2 -1 0 1 2 -2 -1 0 1 2 -2 -1 0 1 2 -2 -1 0 1 2 -2 -1 0 1 2 -2 -1 0 1 2 -2 -1 0 1 2 -2 -1 0 1 2 -2 -1 0 1 2 -2 -1 0 1 2 -2 -1 0 1 2 -2 -1 0 1 2 -2 -1 0 1 2 -2 -1 0 1 2 -2 -1 0 1 2 -2 -1 0 1 2 -2 -1 0 1 2 -2 -1 0 1 2 -2 -1 0 1 2 -2 -1 0 1 2 -2 -1 0 1 2 -2 -1 0 1 2 -2 -1 0 1 2 -2 -1 0 1 2 -2 -1 0 1 2 -2 -1 0 1 2 -2 -1 0 1 2 -2 -1 0 1 2 -2 -1 0 1 2 -2 -1 0 1 2 -2 -1 0 1 2 -2 -1 0 1 2 -2 -1 0 1 2 -2 -1 0 1 2 -2 -1 0 1 2 -2 -1 0 1 2 -2 -1 0 1 2 -2 -1 0 1 2 -2 -1 0 1 2 -2 -1 0 1 2 -2 -1 0 1 2 -2 -1 0 1 2 -2 -1 0 1 721 -2 -1 0 1 2 -2 -1 0 1 2 -2 -1 0 1 2 -2 -1 0 1 2 -2 -1 0 1 2 -2 -1 0 1 2 -2 -1 0 1 2 -2 -1 0 1 2 -2 -1 0 1 2 -2 -1 0 1 2 -2 -1 0 1 2 -2 -1 0 1 2 -2 -1 0 1 2 -2 -1 0 1 2 -2 -1 0 1 2 -2 -1 0 1 2 -2 -1 0 1 2 -2 -1 0 1 2 -2 -1 0 1 2 -2 -1 0 1 2 -2 -1 0 1 2 -2 -1 0 1 2 -2 -1 0 1 2 -2 -1 0 1 2 -2 -1 0 1 2 -2 -1 0 1 2 -2 -1 0 1 2 -2 -1 0 1 2 -2 -1 0 1 2 -2 -1 0 1 2 -2 -1 0 1 2 -2 -1 0 1 2 -2 -1 0 1 2 -2 -1 0 1 2 -2 -1 0 1 2 -2 -1 0 1 2 -2 -1 0 1 2 -2 -1 0 1 2 -2 -1 0 1 2 -2 -1 0 1 2 -2 -1 0 1 2 -2 -1 0 1 2 -2 -1 0 1 2 -2 -1 0 1 2 -2 -1 0 1 2 -2 -1 0 1 2 -2 -1 0 1 2 -2 -1 0 1 2 -2 -1 0 1 2 -2 -1 0 1 2 -2 -1 0 1 2 -2 -1 0 1 2 -2 -1 0 1 2 -2 -1 0 1 2 -2 -1 0 1 2 -2 -1 0 1 2 -2 -1 0 1 2 -2 -1 0 1 2 -2 -1 0 1 2 -2 -1 0 1 2 -2 -1 0 1 2 -2 -1 0 1 2 -2 -1 0 1 2 -2 -1 0 1 2 -2 -1 0 1 2 -2 -1 0 1 2 -2 -1 0 1 2 -2 -1 0 1 2 -2 -1 0 1 2 -2
1 -2 0 2 -1 1 -2 0 2 -1 1 -2 0 2 -1 1 -2 0 2 -1 1 -2 0 2 -1 1 -2 0 2 -1 1 -2 0 2 -1 1 -2 0 2 -1 1 -2 0 2 -1 1 -2 0 2 -1 1 -2 0 2 -1 1 -2 0 2 -1 1 -2 0 2 -1 1 -2 0 2 -1 1 -2 0 2 -1 1 -2 0 2 -1 1 -2 0 2 -1 1 -2 0 2 -1 1 -2 0 2 -1 1 -2 0 2 -1 1 -2 0 2 -1 1 -2 0 2 -1 1 -2 0 2 -1 1 -2 0 2 -1 1 -2 0 2 -1 1 -2 0 2 -1 1 -2 0 2 -1 1 -2 0 2 -1 1 -2 0 2 -1 1 -2 0 2 -1 1 -2 0 2 -1 1 -2 0 2 -1 1 -2 0 2 -1 1 -2 0 2 -1 1 -2 0 2 -1 1 -2 0 2 -1 1 -2 0 2 -1 1 -2 0 2 -1 1 -2 0 2 -1 1 -2 0 2 -1 1 -2 0 2 -1 1 -2 0 2 -1 1 -2 0 2 -1 1 -2 0 2 -1 1 -2 0 2 -1 1 -2 0 2 -1 1 -2 0 2 -1 1 -2 0 2 -1 1 -2 0 2 -1 1 -2 0 2 -1 1 -2 0 2 722 1 -2 0 2 -1 1 -2 0 2 -1 1 -2 0 2 -1 1 -2 0 2 -1 1 -2 0 2 -1 1 -2 0 2 -1 1 -2 0 2 -1 1 -2 0 2 -1 1 -2 0 2 -1 1 -2 0 2 -1 1 -2 0 2 -1 1 -2 0 2 -1 1 -2 0 2 -1 1 -2 0 2 -1 1 -2 0 2 -1 1 -2 0 2 -1 1 -2 0 2 -1 1 -2 0 2 -1 1 -2 0 2 -1 1 -2 0 2 -1 1 -2 0 2 -1 1 -2 0 2 -1 1 -2 0 2 -1 1 -2 0 2 -1 1 -2 0 2 -1 1 -2 0 2 -1 1 -2 0 2 -1 1 -2 0 2 -1 1 -2 0 2 -1 1 -2 0 2 -1 1 -2 0 2 -1 1 -2 0 2 -1 1 -2 0 2 -1 1 -2 0 2 -1 1 -2 0 2 -1 1 -2 0 2 -1 1 -2 0 2 -1 1 -2 0 2 -1 1 -2 0 2 -1 1 -2 0 2 -1 1 -2 0 2 -1 1 -2 0 2 -1 1 -2 0 2 -1 1 -2 0 2 -1 1 -2 0 2 -1 1 -2 0 2 -1 1 -2 0 2 -1 1 -2 0 2 -1 1 -2 0 2 -1 1 -2 0 2 -1 1 -2 0 2 -1 1 -2 0 2 -1 1 -2 0 2 -1 1 -2 0 2 -1 1 -2 0 2 -1 1 -2 0 2 -1 1 -2 0 2 -1 1 -2 0 2 -1 1 -2 0 2 -1 1 -2 0 2 -1 1 -2 0 2 -1 1 -2 0 2 -1 1 -2 0 2 -1 1 -2 0 2 -1 1 -2 0 2 -1 1 -2 0 2 -1 1 -2 0 2 -1 1 -2 0 2 -1 1 -2 0 2 -1
-2 1 -1 2 0 -2 1 -1 2 0 -2 1 -1 2 0 -2 1 -1 2 0 -2 1 -1 2 0 -2 1 -1 2 0 -2 1 -1 2 0 -2 1 -1 2 0 -2 1 -1 2 0 -2 1 -1 2 0 -2 1 -1 2 0 -2 1 -1 2 0 -2 1 -1 2 0 -2 1 -1 2 0 -2 1 -1 2 0 -2 1 -1 2 0 -2 1 -1 2 0 -2 1 -1 2 0 -2 1 -1 2 0 -2 1 -1 2 0 -2 1 -1 2 0 -2 1 -1 2 0 -2 1 -1 2 0 -2 1 -1 2 0 -2 1 -1 2 0 -2 1 -1 2 0 -2 1 -1 2 0 -2 1 -1 2 0 -2 1 -1 2 0 -2 1 -1 2 0 -2 1 -1 2 0 -2 1 -1 2 0 -2 1 -1 2 0 -2 1 -1 2 0 -2 1 -1 2 0 -2 1 -1 2 0 -2 1 -1 2 0 -2 1 -1 2 0 -2 1 -1 2 0 -2 1 -1 2 0 -2 1 -1 2 0 -2 1 -1 2 0 -2 1 -1 2 0 -2 1 -1 2 0 -2 1 -1 2 0 -2 1 -1 2 0 -2 1 -1 2 0 -2 1 -1 2 0 -2 1 -1 2 0 -2 1 -1 2 0 -2 1 -1 2 0 721 1 -1 2 0 -2 1 -1 2 0 -2 1 -1 2 0 -2 1 -1 2 0 -2 1 -1 2 0 -2 1 -1 2 0 -2 1 -1 2 0 -2 1 -1 2 0 -2 1 -1 2 0 -2 1 -1 2 0 -2 1 -1 2 0 -2 1 -1 2 0 -2 1 -1 2 0 -2 1 -1 2 0 -2 1 -1 2 0 -2 1 -1 2 0 -2 1 -1 2 0 -2 1 -1 2 0 -2 1 -1 2 0 -2 1 -1 2 0 -2 1 -1 2 0 -2 1 -1 2 0 -2 1 -1 2 0 -2 1 -1 2 0 -2 1 -1 2 0 -2 1 -1 2 0 -2 1 -1 2 0 -2 1 -1 2 0 -2 1 -1 2 0 -2 1 -1 2 0 -2 1 -1 2 0 -2 1 -1 2 0 -2 1 -1 2 0 -2 1 -1 2 0 -2 1 -1 2 0 -2 1 -1 2 0 -2 1 -1 2 0 -2 1 -1 2 0 -2 1 -1 2 0 -2 1 -1 2 0 -2 1 -1 2 0 -2 1 -1 2 0 -2 1 -1 2 0 -2 1 -1 2 0 -2 1 -1 2 0 -2 1 -1 2 0 -2 1 -1 2 0 -2 1 -1 2 0 -2 1 -1 2 0 -2 1 -1 2 0 -2 1 -1 2 0 -2 1 -1 2 0 -2 1 -1 2 0 -2 1 -1 2 0 -2 1 -1 2 0 -2 1 -1 2 0 -2 1 -1 2 0 -2 1 -1 2 0 -2 1 -1 2 0 -2 1 -1 2 0 -2 1 -1 2 0 -2 1 -1 2 0 -2 1 -1 2 0 -2 1 -1 2 0 -2 1 -1 2 0 -2 1 -1 2 0 -2 1 -1 2 0 -2 1 -1 2 0 -2 1 -1 2 0
0 -1 -2 2 1 0 -1 -2 2 1 0 -1 -2 2 1 0 -1 -2 2 1 0 -1 -2 2 1 0 -1 -2 2 1 0 -1 -2 2 1 0 -1 -2 2 1 0 -1 -2 2 1 0 -1 -2 2 1 0 -1 -2 2 1 0 -1 -2 2 1 0 -1 -2 2 1 0 -1 -2 2 1 0 -1 -2 2 1 0 -1 -2 2 1 0 -1 -2 2 1 0 -1 -2 2 1 0 -1 -2 2 1 0 -1 -2 2 1 0 -1 -2 2 1 0 -1 -2 2 1 0 -1 -2 2 1 0 -1 -2 2 1 0 -1 -2 2 1 0 -1 -2 2 1 0 -1 -2 2 1 0 -1 -2 2 1 0 -1 -2 2 1 0 -1 -2 2 1 0 -1 -2 2 1 0 -1 -2 2 1 0 -1 -2 2 1 0 -1 -2 2 1 0 -1 -2 2 1 0 -1 -2 2 1 0 -1 -2 2 1 0 -1 -2 2 1 0 -1 -2 2 1 0 -1 -2 2 1 0 -1 -2 2 1 0 -1 -2 2 1 0 -1 -2 2 1 0 -1 -2 2 1 0 -1 -2 2 1 0 -1 -2 2 1 0 -1 -2 2 1 0 -1 -2 2 1 0 -1 -2 2 1 0 -1 -2 2 1 0 -1 -2 2 1 0 722 -2 2 1 0 -1 -2 2 1 0 -1 -2 2 1 0 -1 -2 2 1 0 -1 -2 2 1 0 -1 -2 2 1 0 -1 -2 2 1 0 -1 -2 2 1 0 -1 -2 2 1 0 -1 -2 2 1 0 -1 -2 2 1 0 -1 -2 2 1 0 -1 -2 2 1 0 -1 -2 2 1 0 -1 -2 2 1 0 -1 -2 2 1 0 -1 -2 2 1 0 -1 -2 2 1 0 -1 -2 2 1 0 -1 -2 2 1 0 -1 -2 2 1 0 -1 -2 2 1 0 -1 -2 2 1 0 -1 -2 2 1 0 -1 -2 2 1 0 -1 -2 2 1 0 -1 -2 2 1 0 -1 -2 2 1 0 -1 -2 2 1 0 -1 -2 2 1 0 -1 -2 2 1 0 -1 -2 2 1 0 -1 -2 2 1 0 -1 -2 2 1 0 -1 -2 2 1 0 -1 -2 2 1 0 -1 -2 2 1 0 -1 -2 2 1 0 -1 -2 2 1 0 -1 -2 2 1 0 -1 -2 2 1 0 -1 -2 2 1 0 -1 -2 2 1 0 -1 -2 2 1 0 -1 -2 2 1 0 -1 -2 2 1 0 -1 -2 2 1 0 -1 -2 2 1 0 -1 -2 2 1 0 -1 -2 2 1 0 -1 -2 2 1 0 -1 -2 2 1 0 -1 -2 2 1 0 -1 -2 2 1 0 -1 -2 2 1 0 -1 -2 2 1 0 -1 -2 2 1 0 -1 -2 2 1 0 -1 -2 2 1 0 -1 -2 2 1 0 -1 -2 2 1 0 -1 -2 2 1 0 -1 -2 2 1 0 -1 -2 2 1 0 -1 -2 2 1 0 -1 -2 2 1 0 -1 -2 2 1 0 -1 -2 2 1 0 -1 -2 2 1
2 2 2 2 2 2 2 2 2 2 2 2 2 2 2 2 2 2 2 2 2 2 2 2 2 2 2 2 2 2 2 2 2 2 2 2 2 2 2 2 2 2 2 2 2 2 2 2 2 2 2 2 2 2 2 2 2 2 2 2 2 2 2 2 2 2 2 2 2 2 2 2 2 2 2 2 2 2 2 2 2 2 2 2 2 2 2 2 2 2 2 2 2 2 2 2 2 2 2 2 2 2 2 2 2 2 2 2 2 2 2 2 2 2 2 2 2 2 2 2 2 2 2 2 2 2 2 2 2 2 2 2 2 2 2 2 2 2 2 2 2 2 2 2 2 2 2 2 2 2 2 2 2 2 2 2 2 2 2 2 2 2 2 2 2 2 2 2 2 2 2 2 2 2 2 2 2 2 2 2 2 2 2 2 2 2 2 2 2 2 2 2 2 2 2 2 2 2 2 2 2 2 2 2 2 2 2 2 2 2 2 2 2 2 2 2 2 2 2 2 2 2 2 2 2 2 2 2 2 2 2 2 2 2 2 2 2 2 2 2 2 2 2 2 2 2 2 2 2 2 2 2 2 2 2 2 2 1201 2 2 2 2 2 2 2 2 2 2 2 2 2 2 2 2 2 2 2 2 2 2 2 2 2 2 2 2 2 2 2 2 2 2 2 2 2 2 2 2 2 2 2 2 2 2 2 2 2 2 2 2 2 2 2 2 2 2 2 2 2 2 2 2 2 2 2 2 2 2 2 2 2 2 2 2 2 2 2 2 2 2 2 2 2 2 2 2 2 2 2 2 2 2 2 2 2 2 2 2 2 2 2 2 2 2 2 2 2 2 2 2 2 2 2 2 2 2 2 2 2 2 2 2 2 2 2 2 2 2 2 2 2 2 2 2 2 2 2 2 2 2 2 2 2 2 2 2 2 2 2 2 2 2 2 2 2 2 2 2 2 2 2 2 2 2 2 2 2 2 2 2 2 2 2 2 2 2 2 2 2 2 2 2 2 2 2 2 2 2 2 2 2 2 2 2 2 2 2 2 2 2 2 2 2 2 2 2 2 2 2 2 2 2 2 2 2 2 2 2 2 2 2 2 2 2 2 2 2 2 2 2 2 2 2 2 2 2 2 2 2 2 2 2 2 2 2 2 2 2 2 2 2 2 2 2 2 2 2 2 2 2 2 2 2 2 2 2 2 2 2 2 2 2 2 2 2 2 2 2 2 2 2 2 2 2 2 2 2 2 2 2 2 2 2 2 2 2 2 2 2 2 2 2 2 2 2 2 2 2 2 2 2 2 2 2 2 2 2 2 2 2 2 2 2 2 2 2 2 2 2 2 2 2 2 2 2 2 2 2 2 2
-1 0 1 2 -2 -1 0 1 2 -2 -1 0 1 2 -2 -1 0 1 2 -2 -1 0 1 2 -2 -1 0 1 2 -2 -1 0 1 2 -2 -1 0 1 2 -2 -1 0 1 2 -2 -1 0 1 2 -2 -1 0 1 2 -2 -1 0 1 2 -2 -1 0 1 2 -2 -1 0 1 2 -2 -1 0 1 2 -2 -1 0 1 2 -2 -1 0 1 2 -2 -1 0 1 2 -2 -1 0 1 2 -2 -1 0 1 2 -2 -1 0 1 2 -2 -1 0 1 2 -2 -1 0 1 2 -2 -1 0 1 2 -2 -1 0 1 2 -2 -1 0 1 2 -2 -1 0 1 2 -2 -1 0 1 2 -2 -1 0 1 2 -2 -1 0 1 2 -2 -1 0 1 2 -2 -1 0 1 2 -2 -1 0 1 2 -2 -1 0 1 2 -2 -1 0 1 2 -2 -1 0 1 2 -2 -1 0 1 2 -2 -1 0 1 2 -2 -1 0 1 2 -2 -1 0 1 2 -2 -1 0 1 2 -2 -1 0 1 2 -2 -1 0 1 2 -2 -1 0 1 2 -2 -1 0 1 2 -2 -1 0 1 2 -2 -1 0 1 2 -2 -1 0 1 2 -2 -1 0 1 2 -2 -1 0 1 2 -2 -1 0 1 2 -2 -1 0 1 721 -2 -1 0 1 2 -2 -1 0 1 2 -2 -1 0 1 2 -2 -1 0 1 2 -2 -1 0 1 2 -2 -1 0 1 2 -2 -1 0 1 2 -2 -1 0 1 2 -2 -1 0 1 2 -2 -1 0 1 2 -2 -1 0 1 2 -2 -1 0 1 2 -2 -1 0 1 2 -2 -1 0 1 2 -2 -1 0 1 2 -2 -1 0 1 2 -2 -1 0 1 2 -2 -1 0 1 2 -2 -1 0 1 2 -2 -1 0 1 2 -2 -1 0 1 2 -2 -1 0 1 2 -2 -1 0 1 2 -2 -1 0 1 2 -2 -1 0 1 2 -2 -1 0 1 2 -2 -1 0 1 2 -2 -1 0 1 2 -2 -1 0 1 2 -2 -1 0 1 2 -2 -1 0 1 2 -2 -1 0 1 2 -2 -1 0 1 2 -2 -1 0 1 2 -2 -1 0 1 2 -2 -1 0 1 2 -2 -1 0 1 2 -2 -1 0 1 2 -2 -1 0 1 2 -2 -1 0 1 2 -2 -1 0 1 2 -2 -1 0 1 2 -2 -1 0 1 2 -2 -1 0 1 2 -2 -1 0 1 2 -2 -1 0 1 2 -2 -1 0 1 2 -2 -1 0 1 2 -2 -1 0 1 2 -2 -1 0 1 2 -2 -1 0 1 2 -2 -1 0 1 2 -2 -1 0 1 2 -2 -1 0 1 2 -2 -1 0 1 2 -2 -1 0 1 2 -2 -1 0 1 2 -2 -1 0 1 2 -2 -1 0 1 2 -2 -1 0 1 2 -2 -1 0 1 2 -2 -1 0 1 2 -2 -1 0 1 2 -2 -1 0 1 2 -2 -1 0 1 2 -2 -1 0 1 2 -2 -1 0 1 2 -2 -1 0 1 2 -2
1 -2 0 2 -1 1 -2 0 2 -1 1 -2 0 2 -1 1 -2 0 2 -1 1 -2 0 2 -1 1 -2 0 2 -1 1 -2 0 2 -1 1 -2 0 2 -1 1 -2 0 2 -1 1 -2 0 2 -1 1 -2 0 2 -1 1 -2 0 2 -1 1 -2 0 2 -1 1 -2 0 2 -1 1 -2 0 2 -1 1 -2 0 2 -1 1 -2 0 2 -1 1 -2 0 2 -1 1 -2 0 2 -1 1 -2 0 2 -1 1 -2 0 2 -1 1 -2 0 2 -1 1 -2 0 2 -1 1 -2 0 2 -1 1 -2 0 2 -1 1 -2 0 2 -1 1 -2 0 2 -1 1 -2 0 2 -1 1 -2 0 2 -1 1 -2 0 2 -1 1 -2 0 2 -1 1 -2 0 2 -1 1 -2 0 2 -1 1 -2 0 2 -1 1 -2 0 2 -1 1 -2 0 2 -1 1 -2 0 2 -1 1 -2 0 2 -1 1 -2 0 2 -1 1 -2 0 2 -1 1 -2 0 2 -1 1 -2 0 2 -1 1 -2 0 2 -1 1 -2 0 2 -1 1 -2 0 2 -1 1 -2 0 2 -1 1 -2 0 2 -1 1 -2 0 2 -1 1 -2 0 2 -1 1 -2 0 2 -1 1 -2 0 2 -1 1 -2 0 2 722 1 -2 0 2 -1 1 -2 0 2 -1 1 -2 0 2 -1 1 -2 0 2 -1 1 -2 0 2 -1 1 -2 0 2 -1 1 -2 0 2 -1 1 -2 0 2 -1 1 -2 0 2 -1 1 -2 0 2 -1 1 -2 0 2 -1 1 -2 0 2 -1 1 -2 0 2 -1 1 -2 0 2 -1 1 -2 0 2 -1 1 -2 0 2 -1 1 -2 0 2 -1 1 -2 0 2 -1 1 -2 0 2 -1 1 -2 0 2 -1 1 -2 0 2 -1 1 -2 0 2 -1 1 -2 0 2 -1 1 -2 0 2 -1 1 -2 0 2 -1 1 -2 0 2 -1 1 -2 0 2 -1 1 -2 0 2 -1 1 -2 0 2 -1 1 -2 0 2 -1 1 -2 0 2 -1 1 -2 0 2 -1 1 -2 0 2 -1 1 -2 0 2 -1 1 -2 0 2 -1 1 -2 0 2 -1 1 -2 0 2 -1 1 -2 0 2 -1 1 -2 0 2 -1 1 -2 0 2 -1 1 -2 0 2 -1 1 -2 0 2 -1 1 -2 0 2 -1 1 -2 0 2 -1 1 -2 0 2 -1 1 -2 0 2 -1 1 -2 0 2 -1 1 -2 0 2 -1 1 -2 0 2 -1 1 -2 0 2 -1 1 -2 0 2 -1 1 -2 0 2 -1 1 -2 0 2 -1 1 -2 0 2 -1 1 -2 0 2 -1 1 -2 0 2 -1 1 -2 0 2 -1 1 -2 0 2 -1 1 -2 0 2 -1 1 -2 0 2 -1 1 -2 0 2 -1 1 -2 0 2 -1 1 -2 0 2 -1 1 -2 0 2 -1 1 -2 0 2 -1 1 -2 0 2 -1 1 -2 0 2 -1 1 -2 0 2 -1
-2 1 -1 2 0 -2 1 -1 2 0 -2 1 -1 2 0 -2 1 -1 2 0 -2 1 -1 2 0 -2 1 -1 2 0 -2 1 -1 2 0 -2 1 -1 2 0 -2 1 -1 2 0 -2 1 -1 2 0 -2 1 -1 2 0 -2 1 -1 2 0 -2 1 -1 2 0 -2 1 -1 2 0 -2 1 -1 2 0 -2 1 -1 2 0 -2 1 -1 2 0 -2 1 -1 2 0 -2 1 -1 2 0 -2 1 -1 2 0 -2 1 -1 2 0 -2 1 -1 2 0 -2 1 -1 2 0 -2 1 -1 2 0 -2 1 -1 2 0 -2 1 -1 2 0 -2 1 -1 2 0 -2 1 -1 2 0 -2 1 -1 2 0 -2 1 -1 2 0 -2 1 -1 2 0 -2 1 -1 2 0 -2 1 -1 2 0 -2 1 -1 2 0 -2 1 -1 2 0 -2 1 -1 2 0 -2 1 -1 2 0 -2 1 -1 2 0 -2 1 -1 2 0 -2 1 -1 2 0 -2 1 -1 2 0 -2 1 -1 2 0 -2 1 -1 2 0 -2 1 -1 2 0 -2 1 -1 2 0 -2 1 -1 2 0 -2 1 -1 2 0 -2 1 -1 2 0 -2 1 -1 2 0 -2 1 -1 2 0 -2 1 -1 2 0 -2 1 -1 2 0 721 1 -1 2 0 -2 1 -1 2 0 -2 1 -1 2 0 -2 1 -1 2 0 -2 1 -1 2 0 -2 1 -1 2 0 -2 1 -1 2 0 -2 1 -1 2 0 -2 1 -1 2 0 -2 1 -1 2 0 -2 1 -1 2 0 -2 1 -1 2 0 -2 1 -1 2 0 -2 1 -1 2 0 -2 1 -1 2 0 -2 1 -1 2 0 -2 1 -1 2 0 -2 1 -1 2 0 -2 1 -1 2 0 -2 1 -1 2 0 -2 1 -1 2 0 -2 1 -1 2 0 -2 1 -1 2 0 -2 1 -1 2 0 -2 1 -1 2 0 -2 1 -1 2 0 -2 1 -1 2 0 -2 1 -1 2 0 -2 1 -1 2 0 -2 1 -1 2 0 -2 1 -1 2 0 -2 1 -1 2 0 -2 1 -1 2 0 -2 1 -1 2 0 -2 1 -1 2 0 -2 1 -1 2 0 -2 1 -1 2 0 -2 1 -1 2 0 -2 1 -1 2 0 -2 1 -1 2 0 -2 1 -1 2 0 -2 1 -1 2 0 -2 1 -1 2 0 -2 1 -1 2 0 -2 1 -1 2 0 -2 1 -1 2 0 -2 1 -1 2 0 -2 1 -1 2 0 -2 1 -1 2 0 -2 1 -1 2 0 -2 1 -1 2 0 -2 1 -1 2 0 -2 1 -1 2 0 -2 1 -1 2 0 -2 1 -1 2 0 -2 1 -1 2 0 -2 1 -1 2 0 -2 1 -1 2 0 -2 1 -1 2 0 -2 1 -1 2 0 -2 1 -1 2 0 -2 1 -1 2 0 -2 1 -1 2 0 -2 1 -1 2 0 -2 1 -1 2 0 -2 1 -1 2 0 -2 1 -1 2 0 -2 1 -1 2 0
0 -1 -2 2 1 0 -1 -2 2 1 0 -1 -2 2 1 0 -1 -2 2 1 0 -1 -2 2 1 0 -1 -2 2 1 0 -1 -2 2 1 0 -1 -2 2 1 0 -1 -2 2 1 0 -1 -2 2 1 0 -1 -2 2 1 0 -1 -2 2 1 0 -1 -2 2 1 0 -1 -2 2 1 0 -1 -2 2 1 0 -1 -2 2 1 0 -1 -2 2 1 0 -1 -2 2 1 0 -1 -2 2 1 0 -1 -2 2 1 0 -1 -2 2 1 0 -1 -2 2 1 0 -1 -2 2 1 0 -1 -2 2 1 0 -1 -2 2 1 0 -1 -2 2 1 0 -1 -2 2 1 0 -1 -2 2 1 0 -1 -2 2 1 0 -1 -2 2 1 0 -1 -2 2 1 0 -1 -2 2 1 0 -1 -2 2 1 0 -1 -2 2 1 0 -1 -2 2 1 0 -1 -2 2 1 0 -1 -2 2 1 0 -1 -2 2 1 0 -1 -2 2 1 0 -1 -2 2 1 0 -1 -2 2 1 0 -1 -2 2 1 0 -1 -2 2 1 0 -1 -2 2 1 0 -1 -2 2 1 0 -1 -2 2 1 0 -1 -2 2 1 0 -1 -2 2 1 0 -1 -2 2 1 0 -1 -2 2 1 0 -1 -2 2 1 0 -1 -2 2 1 0 722 -2 2 1 0 -1 -2 2 1 0 -1 -2 2 1 0 -1 -2 2 1 0 -1 -2 2 1 0 -1 -2 2 1 0 -1 -2 2 1 0 -1 -2 2 1 0 -1 -2 2 1 0 -1 -2 2 1 0 -1 -2 2 1 0 -1 -2 2 1 0 -1 -2 2 1 0 -1 -2 2 1 0 -1 -2 2 1 0 -1 -2 2 1 0 -1 -2 2 1 0 -1 -2 2 1 0 -1 -2 2 1 0 -1 -2 2 1 0 -1 -2 2 1 0 -1 -2 2 1 0 -1 -2 2 1 0 -1 -2 2 1 0 -1 -2 2 1 0 -1 -2 2 1 0 -1 -2 2 1 0 -1 -2 2 1 0 -1 -2 2 1 0 -1 -2 2 1 0 -1 -2 2 1 0 -1 -2 2 1 0 -1 -2 2 1 0 -1 -2 2 1 0 -1 -2 2 1 0 -1 -2 2 1 0 -1 -2 2 1 0 -1 -2 2 1 0 -1 -2 2 1 0 -1 -2 2 1 0 -1 -2 2 1 0 -1 -2 2 1 0 -1 -2 2 1 0 -1 -2 2 1 0 -1 -2 2 1 0 -1 -2 2 1 0 -1 -2 2 1 0 -1 -2 2 1 0 -1 -2 2 1 0 -1 -2 2 1 0 -1 -2 2 1 0 -1 -2 2 1 0 -1 -2 2 1 0 -1 -2 2 1 0 -1 -2 2 1 0 -1 -2 2 1 0 -1 -2 2 1 0 -1 -2 2 1 0 -1 -2 2 1 0 -1 -2 2 1 0 -1 -2 2 1 0 -1 -2 2 1 0 -1 -2 2 1 0 -1 -2 2 1 0 -1 -2 2 1 0 -1 -2 2 1 0 -1 -2 2 1 0 -1 -2 2 1
2 2 2 2 2 2 2 2 2 2 2 2 2 2 2 2 2 2 2 2 2 2 2 2 2 2 2 2 2 2 2 2 2 2 2 2 2 2 2 2 2 2 2 2 2 2 2 2 2 2 2 2 2 2 2 2 2 2 2 2 2 2 2 2 2 2 2 2 2 2 2 2 2 2 2 2 2 2 2 2 2 2 2 2 2 2 2 2 2 2 2 2 2 2 2 2 2 2 2 2 2 2 2 2 2 2 2 2 2 2 2 2 2 2 2 2 2 2 2 2 2 2 2 2 2 2 2 2 2 2 2 2 2 2 2 2 2 2 2 2 2 2 2 2 2 2 2 2 2 2 2 2 2 2 2 2 2 2 2 2 2 2 2 2 2 2 2 2 2 2 2 2 2 2 2 2 2 2 2 2 2 2 2 2 2 2 2 2 2 2 2 2 2 2 2 2 2 2 2 2 2 2 2 2 2 2 2 2 2 2 2 2 2 2 2 2 2 2 2 2 2 2 2 2 2 2 2 2 2 2 2 2 2 2 2 2 2 2 2 2 2 2 2 2 2 2 2 2 2 2 2 2 2 2 2 2 2 2 2 2 2 2 1201 2 2 2 2 2 2 2 2 2 2 2 2 2 2 2 2 2 2 2 2 2 2 2 2 2 2 2 2 2 2 2 2 2 2 2 2 2 2 2 2 2 2 2 2 2 2 2 2 2 2 2 2 2 2 2 2 2 2 2 2 2 2 2 2 2 2 2 2 2 2 2 2 2 2 2 2 2 2 2 2 2 2 2 2 2 2 2 2 2 2 2 2 2 2 2 2 2 2 2 2 2 2 2 2 2 2 2 2 2 2 2 2 2 2 2 2 2 2 2 2 2 2 2 2 2 2 2 2 2 2 2 2 2 2 2 2 2 2 2 2 2 2 2 2 2 2 2 2 2 2 2 2 2 2 2 2 2 2 2 2 2 2 2 2 2 2 2 2 2 2 2 2 2 2 2 2 2 2 2 2 2 2 2 2 2 2 2 2 2 2 2 2 2 2 2 2 2 2 2 2 2 2 2 2 2 2 2 2 2 2 2 2 2 2 2 2 2 2 2 2 2 2 2 2 2 2 2 2 2 2 2 2 2 2 2 2 2 2 2 2 2 2 2 2 2 2 2 2 2 2 2 2 2 2 2 2 2 2 2 2 2 2 2 2 2 2 2 2 2 2 2 2 2 2 2 2 2 2 2 2 2 2 2 2 2 2 2 2 2 2 2 2 2 2 2 2 2 2 2 2 2 2 2 2 2 2 2 2 2 2 2 2 2 2 2 2 2 2 2 2 2 2 2 2 2 2 2 2 2 2 2 2 2 2 2 2 2
-1 0 1 2 -2 -1 0 1 2 -2 -1 0 1 2 -2 -1 0 1 2 -2 -1 0 1 2 -2 -1 0 1 2 -2 -1 0 1 2 -2 -1 0 1 2 -2 -1 0 1 2 -2 -1 0 1 2 -2 -1 0 1 2 -2 -1 0 1 2 -2 -1 0 1 2 -2 -1 0 1 2 -2 -1 0 1 2 -2 -1 0 1 2 -2 -1 0 1 2 -2 -1 0 1 2 -2 -1 0 1 2 -2 -1 0 1 2 -2 -1 0 1 2 -2 -1 0 1 2 -2 -1 0 1 2 -2 -1 0 1 2 -2 -1 0 1 2 -2 -1 0 1 2 -2 -1 0 1 2 -2 -1 0 1 2 -2 -1 0 1 2 -2 -1 0 1 2 -2 -1 0 1 2 -2 -1 0 1 2 -2 -1 0 1 2 -2 -1 0 1 2 -2 -1 0 1 2 -2 -1 0 1 2 -2 -1 0 1 2 -2 -1 0 1 2 -2 -1 0 1 2 -2 -1 0 1 2 -2 -1 0 1 2 -2 -1 0 1 2 -2 -1 0 1 2 -2 -1 0 1 2 -2 -1 0 1 2 -2 -1 0 1 2 -2 -1 0 1 2 -2 -1 0 1 2 -2 -1 0 1 2 -2 -1 0 1 2 -2 -1 0 1 2 -2 -1 0 1 2 -2 -1 0 1 721 -2 -1 0 1 2 -2 -1 0 1 2 -2 -1 0 1 2 -2 -1 0 1 2 -2 -1 0 1 2 -2 -1 0 1 2 -2 -1 0 1 2 -2 -1 0 1 2 -2 -1 0 1 2 -2 -1 0 1 2 -2 -1 0 1 2 -2 -1 0 1 2 -2 -1 0 1 2 -2 -1 0 1 2 -2 -1 0 1 2 -2 -1 0 1 2 -2 -1 0 1 2 -2 -1 0 1 2 -2 -1 0 1 2 -2 -1 0 1 2 -2 -1 0 1 2 -2 -1 0 1 2 -2 -1 0 1 2 -2 -1 0 1 2 -2 -1 0 1 2 -2 -1 0 1 2 -2 -1 0 1 2 -2 -1 0 1 2 -2 -1 0 1 2 -2 -1 0 1 2 -2 -1 0 1 2 -2 -1 0 1 2 -2 -1 0 1 2 -2 -1 0 1 2 -2 -1 0 1 2 -2 -1 0 1 2 -2 -1 0 1 2 -2 -1 0 1 2 -2 -1 0 1 2 -2 -1 0 1 2 -2 -1 0 1 2 -2 -1 0 1 2 -2 -1 0 1 2 -2 -1 0 1 2 -2 -1 0 1 2 -2 -1 0 1 2 -2 -1 0 1 2 -2 -1 0 1 2 -2 -1 0 1 2 -2 -1 0 1 2 -2 -1 0 1 2 -2 -1 0 1 2 -2 -1 0 1 2 -2 -1 0 1 2 -2 -1 0 1 2 -2 -1 0 1 2 -2 -1 0 1 2 -2 -1 0 1 2 -2 -1 0 1 2 -2 -1 0 1 2 -2 -1 0 1 2 -2 -1 0 1 2 -2 -1 0 1 2 -2 -1 0 1 2 -2 -1 0 1 2 -2 -1 0 1 2 -2 -1 0 1 2 -2
1 -2 0 2 -1 1 -2 0 2 -1 1 -2 0 2 -1 1 -2 0 2 -1 1 -2 0 2 -1 1 -2 0 2 -1 1 -2 0 2 -1 1 -2 0 2 -1 1 -2 0 2 -1 1 -2 0 2 -1 1 -2 0 2 -1 1 -2 0 2 -1 1 -2 0 2 -1 1 -2 0 2 -1 1 -2 0 2 -1 1 -2 0 2 -1 1 -2 0 2 -1 1 -2 0 2 -1 1 -2 0 2 -1 1 -2 0 2 -1 1 -2 0 2 -1 1 -2 0 2 -1 1 -2 0 2 -1 1 -2 0 2 -1 1 -2 0 2 -1 1 -2 0 2 -1 1 -2 0 2 -1 1 -2 0 2 -1 1 -2 0 2 -1 1 -2 0 2 -1 1 -2 0 2 -1 1 -2 0 2 -1 1 -2 0 2 -1 1 -2 0 2 -1 1 -2 0 2 -1 1 -2 0 2 -1 1 -2 0 2 -1 1 -2 0 2 -1 1 -2 0 2 -1 1 -2 0 2 -1 1 -2 0 2 -1 1 -2 0 2 -1 1 -2 0 2 -1 1 -2 0 2 -1 1 -2 0 2 -1 1 -2 0 2 -1 1 -2 0 2 -1 1 -2 0 2 -1 1 -2 0 2 -1 1 -2 0 2 -1 1 -2 0 2 -1 1 -2 0 2 -1 1 -2 0 2 722 1 -2 0 2 -1 1 -2 0 2 -1 1 -2 0 2 -1 1 -2 0 2 -1 1 -2 0 2 -1 1 -2 0 2 -1 1 -2 0 2 -1 1 -2 0 2 -1 1 -2 0 2 -1 1 -2 0 2 -1 1 -2 0 2 -1 1 -2 0 2 -1 1 -2 0 2 -1 1 -2 0 2 -1 1 -2 0 2 -1 1 -2 0 2 -1 1 -2 0 2 -1 1 -2 0 2 -1 1 -2 0 2 -1 1 -2 0 2 -1 1 -2 0 2 -1 1 -2 0 2 -1 1 -2 0 2 -1 1 -2 0 2 -1 1 -2 0 2 -1 1 -2 0 2 -1 1 -2 0 2 -1 1 -2 0 2 -1 1 -2 0 2 -1 1 -2 0 2 -1 1 -2 0 2 -1 1 -2 0 2 -1 1 -2 0 2 -1 1 -2 0 2 -1 1 -2 0 2 -1 1 -2 0 2 -1 1 -2 0 2 -1 1 -2 0 2 -1 1 -2 0 2 -1 1 -2 0 2 -1 1 -2 0 2 -1 1 -2 0 2 -1 1 -2 0 2 -1 1 -2 0 2 -1 1 -2 0 2 -1 1 -2 0 2 -1 1 -2 0 2 -1 1 -2 0 2 -1 1 -2 0 2 -1 1 -2 0 2 -1 1 -2 0 2 -1 1 -2 0 2 -1 1 -2 0 2 -1 1 -2 0 2 -1 1 -2 0 2 -1 1 -2 0 2 -1 1 -2 0 2 -1 1 -2 0 2 -1 1 -2 0 2 -1 1 -2 0 2 -1 1 -2 0 2 -1 1 -2 0 2 -1 1 -2 0 2 -1 1 -2 0 2 -1 1 -2 0 2 -1 1 -2 0 2 -1 1 -2 0 2 -1
-2 1 -1 2 0 -2 1 -1 2 0 -2 1 -1 2 0 -2 1 -1 2 0 -2 1 -1 2 0 -2 1 -1 2 0 -2 1 -1 2 0 -2 1 -1 2 0 -2 1 -1 2 0 -2 1 -1 2 0 -2 1 -1 2 0 -2 1 -1 2 0 -2 1 -1 2 0 -2 1 -1 2 0 -2 1 -1 2 0 -2 1 -1 2 0 -2 1 -1 2 0 -2 1 -1 2 0 -2 1 -1 2 0 -2 1 -1 2 0 -2 1 -1 2 0 -2 1 -1 2 0 -2 1 -1 2 0 -2 1 -1 2 0 -2 1 -1 2 0 -2 1 -1 2 0 -2 1 -1 2 0 -2 1 -1 2 0 -2 1 -1 2 0 -2 1 -1 2 0 -2 1 -1 2 0 -2 1 -1 2 0 -2 1 -1 2 0 -2 1 -1 2 0 -2 1 -1 2 0 -2 1 -1 2 0 -2 1 -1 2 0 -2 1 -1 2 0 -2 1 -1 2 0 -2 1 -1 2 0 -2 1 -1 2 0 -2 1 -1 2 0 -2 1 -1 2 0 -2 1 -1 2 0 -2 1 -1 2 0 -2 1 -1 2 0 -2 1 -1 2 0 -2 1 -1 2 0 -2 1 -1 2 0 -2 1 -1 2 0 -2 1 -1 2 0 -2 1 -1 2 0 -2 1 -1 2 0 721 1 -1 2 0 -2 1 -1 2 0 -2 1 -1 2 0 -2 1 -1 2 0 -2 1 -1 2 0 -2 1 -1 2 0 -2 1 -1 2 0 -2 1 -1 2 0 -2 1 -1 2 0 -2 1 -1 2 0 -2 1 -1 2 0 -2 1 -1 2 0 -2 1 -1 2 0 -2 1 -1 2 0 -2 1 -1 2 0 -2 1 -1 2 0 -2 1 -1 2 0 -2 1 -1 2 0 -2 1 -1 2 0 -2 1 -1 2 0 -2 1 -1 2 0 -2 1 -1 2 0 -2 1 -1 2 0 -2 1 -1 2 0 -2 1 -1 2 0 -2 1 -1 2 0 -2 1 -1 2 0 -2 1 -1 2 0 -2 1 -1 2 0 -2 1 -1 2 0 -2 1 -1 2 0 -2 1 -1 2 0 -2 1 -1 2 0 -2 1 -1 2 0 -2 1 -1 2 0 -2 1 -1 2 0 -2 1 -1 2 0 -2 1 -1 2 0 -2 1 -1 2 0 -2 1 -1 2 0 -2 1 -1 2 0 -2 1 -1 2 0 -2 1 -1 2 0 -2 1 -1 2 0 -2 1 -1 2 0 -2 1 -1 2 0 -2 1 -1 2 0 -2 1 -1 2 0 -2 1 -1 2 0 -2 1 -1 2 0 -2 1 -1 2 0 -2 1 -1 2 0 -2 1 -1 2 0 -2 1 -1 2 0 -2 1 -1 2 0 -2 1 -1 2 0 -2 1 -1 2 0 -2 1 -1 2 0 -2 1 -1 2 0 -2 1 -1 2 0 -2 1 -1 2 0 -2 1 -1 2 0 -2 1 -1 2 0 -2 1 -1 2 0 -2 1 -1 2 0 -2 1 -1 2 0 -2 1 -1 2 0
0 -1 -2 2 1 0 -1 -2 2 1 0 -1 -2 2 1 0 -1 -2 2 1 0 -1 -2 2 1 0 -1 -2 2 1 0 -1 -2 2 1 0 -1 -2 2 1 0 -1 -2 2 1 0 -1 -2 2 1 0 -1 -2 2 1 0 -1 -2 2 1 0 -1 -2 2 1 0 -1 -2 2 1 0 -1 -2 2 1 0 -1 -2 2 1 0 -1 -2 2 1 0 -1 -2 2 1 0 -1 -2 2 1 0 -1 -2 2 1 0 -1 -2 2 1 0 -1 -2 2 1 0 -1 -2 2 1 0 -1 -2 2 1 0 -1 -2 2 1 0 -1 -2 2 1 0 -1 -2 2 1 0 -1 -2 2 1 0 -1 -2 2 1 0 -1 -2 2 1 0 -1 -2 2 1 0 -1 -2 2 1 0 -1 -2 2 1 0 -1 -2 2 1 0 -1 -2 2 1 0 -1 -2 2 1 0 -1 -2 2 1 0 -1 -2 2 1 0 -1 -2 2 1 0 -1 -2 2 1 0 -1 -2 2 1 0 -1 -2 2 1 0 -1 -2 2 1 0 -1 -2 2 1 0 -1 -2 2 1 0 -1 -2 2 1 0 -1 -2 2 1 0 -1 -2 2 1 0 -1 -2 2 1 0 -1 -2 2 1 0 -1 -2 2 1 0 -1 -2 2 1 0 -1 -2 2 1 0 722 -2 2 1 0 -1 -2 2 1 0 -1 -2 2 1 0 -1 -2 2 1 0 -1 -2 2 1 0 -1 -2 2 1 0 -1 -2 2 1 0 -1 -2 2 1 0 -1 -2 2 1 0 -1 -2 2 1 0 -1 -2 2 1 0 -1 -2 2 1 0 -1 -2 2 1 0 -1 -2 2 1 0 -1 -2 2 1 0 -1 -2 2 1 0 -1 -2 2 1 0 -1 -2 2 1 0 -1 -2 2 1 0 -1 -2 2 1 0 -1 -2 2 1 0 -1 -2 2 1 0 -1 -2 2 1 0 -1 -2 2 1 0 -1 -2 2 1 0 -1 -2 2 1 0 -1 -2 2 1 0 -1 -2 2 1 0 -1 -2 2 1 0 -1 -2 2 1 0 -1 -2 2 1 0 -1 -2 2 1 0 -1 -2 2 1 0 -1 -2 2 1 0 -1 -2 2 1 0 -1 -2 2 1 0 -1 -2 2 1 0 -1 -2 2 1 0 -1 -2 2 1 0 -1 -2 2 1 0 -1 -2 2 1 0 -1 -2 2 1 0 -1 -2 2 1 0 -1 -2 2 1 0 -1 -2 2 1 0 -1 -2 2 1 0 -1 -2 2 1 0 -1 -2 2 1 0 -1 -2 2 1 0 -1 -2 2 1 0 -1 -2 2 1 0 -1 -2 2 1 0 -1 -2 2 1 0 -1 -2 2 1 0 -1 -2 2 1 0 -1 -2 2 1 0 -1 -2 2 1 0 -1 -2 2 1 0 -1 -2 2 1 0 -1 -2 2 1 0 -1 -2 2 1 0 -1 -2 2 1 0 -1 -2 2 1 0 -1 -2 2 1 0 -1 -2 2 1 0 -1 -2 2 1 0 -1 -2 2 1
2 2 2 2 2 2 2 2 2 2 2 2 2 2 2 2 2 2 2 2 2 2 2 2 2 2 2 2 2 2 2 2 2 2 2 2 2 2 2 2 2 2 2 2 2 2 2 2 2 2 2 2 2 2 2 2 2 2 2 2 2 2 2 2 2 2 2 2 2 2 2 2 2 2 2 2 2 2 2 2 2 2 2 2 2 2 2 2 2 2 2 2 2 2 2 2 2 2 2 2 2 2 2 2 2 2 2 2 2 2 2 2 2 2 2 2 2 2 2 2 2 2 2 2 2 2 2 2 2 2 2 2 2 2 2 2 2 2 2 2 2 2 2 2 2 2 2 2 2 2 2 2 2 2 2 2 2 2 2 2 2 2 2 2 2 2 2 2 2 2 2 2 2 2 2 2 2 2 2 2 2 2 2 2 2 2 2 2 2 2 2 2 2 2 2 2 2 2 2 2 2 2 2 2 2 2 2 2 2 2 2 2 2 2 2 2 2 2 2 2 2 2 2 2 2 2 2 2 2 2 2 2 2 2 2 2 2 2 2 2 2 2 2 2 2 2 2 2 2 2 2 2 2 2 2 2 2 2 2 2 2 2 2 2 2 2 2 1201 2 2 2 2 2 2 2 2 2 2 2 2 2 2 2 2 2 2 2 2 2 2 2 2 2 2 2 2 2 2 2 2 2 2 2 2 2 2 2 2 2 2 2 2 2 2 2 2 2 2 2 2 2 2 2 2 2 2 2 2 2 2 2 2 2 2 2 2 2 2 2 2 2 2 2 2 2 2 2 2 2 2 2 2 2 2 2 2 2 2 2 2 2 2 2 2 2 2 2 2 2 2 2 2 2 2 2 2 2 2 2 2 2 2 2 2 2 2 2 2 2 2 2 2 2 2 2 2 2 2 2 2 2 2 2 2 2 2 2 2 2 2 2 2 2 2 2 2 2 2 2 2 2 2 2 2 2 2 2 2 2 2 2 2 2 2 2 2 2 2 2 2 2 2 2 2 2 2 2 2 2 2 2 2 2 2 2 2 2 2 2 2 2 2 2 2 2 2 2 2 2 2 2 2 2 2 2 2 2 2 2 2 2 2 2 2 2 2 2 2 2 2 2 2 2 2 2 2 2 2 2 2 2 2 2 2 2 2 2 2 2 2 2 2 2 2 2 2 2 2 2 2 2 2 2 2 2 2 2 2 2 2 2 2 2 2 2 2 2 2 2 2 2 2 2 2 2 2 2 2 2 2 2 2 2 2 2 2 2 2 2 2 2 2 2 2 2 2 2 2 2 2 2 2 2 2 2 2 2 2 2 2 2 2 2 2 2 2 2 2 2 2 2 2 2 2 2 2 2 2 2 2
-1 0 1 2 -2 -1 0 1 2 -2 -1 0 1 2 -2 -1 0 1 2 -2 -1 0 1 2 -2 -1 0 1 2 -2 -1 0 1 2 -2 -1 0 1 2 -2 -1 0 1 2 -2 -1 0 1 2 -2 -1 0 1 2 -2 -1 0 1 2 -2 -1 0 1 2 -2 -1 0 1 2 -2 -1 0 1 2 -2 -1 0 1 2 -2 -1 0 1 2 -2 -1 0 1 2 -2 -1 0 1 2 -2 -1 0 1 2 -2 -1 0 1 2 -2 -1 0 1 2 -2 -1 0 1 2 -2 -1 0 1 2 -2 -1 0 1 2 -2 -1 0 1 2 -2 -1 0 1 2 -2 -1 0 1 2 -2 -1 0 1 2 -2 -1 0 1 2 -2 -1 0 1 2 -2 -1 0 1 2 -2 -1 0 1 2 -2 -1 0 1 2 -2 -1 0 1 2 -2 -1 0 1 2 -2 -1 0 1 2 -2 -1 0 1 2 -2 -1 0 1 2 -2 -1 0 1 2 -2 -1 0 1 2 -2 -1 0 1 2 -2 -1 0 1 2 -2 -1 0 1 2 -2 -1 0 1 2 -2 -1 0 1 2 -2 -1 0 1 2 -2 -1 0 1 2 -2 -1 0 1 2 -2 -1 0 1 2 -2 -1 0 1 2 -2 -1 0 1 2 -2 -1 0 1 2 -2 -1 0 1 721 -2 -1 0 1 2 -2 -1 0 1 2 -2 -1 0 1 2 -2 -1 0 1 2 -2 -1 0 1 2 -2 -1 0 1 2 -2 -1 0 1 2 -2 -1 0 1 2 -2 -1 0 1 2 -2 -1 0 1 2 -2 -1 0 1 2 -2 -1 0 1 2 -2 -1 0 1 2 -2 -1 0 1 2 -2 -1 0 1 2 -2 -1 0 1 2 -2 -1 0 1 2 -2 -1 0 1 2 -2 -1 0 1 2 -2 -1 0 1 2 -2 -1 0 1 2 -2 -1 0 1 2 -2 -1 0 1 2 -2 -1 0 1 2 -2 -1 0 1 2 -2 -1 0 1 2 -2 -1 0 1 2 -2 -1 0 1 2 -2 -1 0 1 2 -2 -1 0 1 2 -2 -1 0 1 2 -2 -1 0 1 2 -2 -1 0 1 2 -2 -1 0 1 2 -2 -1 0 1 2 -2 -1 0 1 2 -2 -1 0 1 2 -2 -1 0 1 2 -2 -1 0 1 2 -2 -1 0 1 2 -2 -1 0 1 2 -2 -1 0 1 2 -2 -1 0 1 2 -2 -1 0 1 2 -2 -1 0 1 2 -2 -1 0 1 2 -2 -1 0 1 2 -2 -1 0 1 2 -2 -1 0 1 2 -2 -1 0 1 2 -2 -1 0 1 2 -2 -1 0 1 2 -2 -1 0 1 2 -2 -1 0 1 2 -2 -1 0 1 2 -2 -1 0 1 2 -2 -1 0 1 2 -2 -1 0 1 2 -2 -1 0 1 2 -2 -1 0 1 2 -2 -1 0 1 2 -2 -1 0 1 2 -2 -1 0 1 2 -2 -1 0 1 2 -2 -1 0 1 2 -2 -1 0 1 2 -2
1 -2 0 2 -1 1 -2 0 2 -1 1 -2 0 2 -1 1 -2 0 2 -1 1 -2 0 2 -1 1 -2 0 2 -1 1 -2 0 2 -1 1 -2 0 2 -1 1 -2 0 2 -1 1 -2 0 2 -1 1 -2 0 2 -1 1 -2 0 2 -1 1 -2 0 2 -1 1 -2 0 2 -1 1 -2 0 2 -1 1 -2 0 2 -1 1 -2 0 2 -1 1 -2 0 2 -1 1 -2 0 2 -1 1 -2 0 2 -1 1 -2 0 2 -1 1 -2 0 2 -1 1 -2 0 2 -1 1 -2 0 2 -1 1 -2 0 2 -1 1 -2 0 2 -1 1 -2 0 2 -1 1 -2 0 2 -1 1 -2 0 2 -1 1 -2 0 2 -1 1 -2 0 2 -1 1 -2 0 2 -1 1 -2 0 2 -1 1 -2 0 2 -1 1 -2 0 2 -1 1 -2 0 2 -1 1 -2 0 2 -1 1 -2 0 2 -1 1 -2 0 2 -1 1 -2 0 2 -1 1 -2 0 2 -1 1 -2 0 2 -1 1 -2 0 2 -1 1 -2 0 2 -1 1 -2 0 2 -1 1 -2 0 2 -1 1 -2 0 2 -1 1 -2 0 2 -1 1 -2 0 2 -1 1 -2 0 2 -1 1 -2 0 2 -1 1 -2 0 2 -1 1 -2 0 2 -1 1 -2 0 2 722 1 -2 0 2 -1 1 -2 0 2 -1 1 -2 0 2 -1 1 -2 0 2 -1 1 -2 0 2 -1 1 -2 0 2 -1 1 -2 0 2 -1 1 -2 0 2 -1 1 -2 0 2 -1 1 -2 0 2 -1 1 -2 0 2 -1 1 -2 0 2 -1 1 -2 0 2 -1 1 -2 0 2 -1 1 -2 0 2 -1 1 -2 0 2 -1 1 -2 0 2 -1 1 -2 0 2 -1 1 -2 0 2 -1 1 -2 0 2 -1 1 -2 0 2 -1 1 -2 0 2 -1 1 -2 0 2 -1 1 -2 0 2 -1 1 -2 0 2 -1 1 -2 0 2 -1 1 -2 0 2 -1 1 -2 0 2 -1 1 -2 0 2 -1 1 -2 0 2 -1 1 -2 0 2 -1 1 -2 0 2 -1 1 -2 0 2 -1 1 -2 0 2 -1 1 -2 0 2 -1 1 -2 0 2 -1 1 -2 0 2 -1 1 -2 0 2 -1 1 -2 0 2 -1 1 -2 0 2 -1 1 -2 0 2 -1 1 -2 0 2 -1 1 -2 0 2 -1 1 -2 0 2 -1 1 -2 0 2 -1 1 -2 0 2 -1 1 -2 0 2 -1 1 -2 0 2 -1 1 -2 0 2 -1 1 -2 0 2 -1 1 -2 0 2 -1 1 -2 0 2 -1 1 -2 0 2 -1 1 -2 0 2 -1 1 -2 0 2 -1 1 -2 0 2 -1 1 -2 0 2 -1 1 -2 0 2 -1 1 -2 0 2 -1 1 -2 0 2 -1 1 -2 0 2 -1 1 -2 0 2 -1 1 -2 0 2 -1 1 -2 0 2 -1 1 -2 0 2 -1 1 -2 0 2 -1
-2 1 -1 2 0 -2 1 -1 2 0 -2 1 -1 2 0 -2 1 -1 2 0 -2 1 -1 2 0 -2 1 -1 2 0 -2 1 -1 2 0 -2 1 -1 2 0 -2 1 -1 2 0 -2 1 -1 2 0 -2 1 -1 2 0 -2 1 -1 2 0 -2 1 -1 2 0 -2 1 -1 2 0 -2 1 -1 2 0 -2 1 -1 2 0 -2 1 -1 2 0 -2 1 -1 2 0 -2 1 -1 2 0 -2 1 -1 2 0 -2 1 -1 2 0 -2 1 -1 2 0 -2 1 -1 2 0 -2 1 -1 2 0 -2 1 -1 2 0 -2 1 -1 2 0 -2 1 -1 2 0 -2 1 -1 2 0 -2 1 -1 2 0 -2 1 -1 2 0 -2 1 -1 2 0 -2 1 -1 2 0 -2 1 -1 2 0 -2 1 -1 2 0 -2 1 -1 2 0 -2 1 -1 2 0 -2 1 -1 2 0 -2 1 -1 2 0 -2 1 -1 2 0 -2 1 -1 2 0 -2 1 -1 2 0 -2 1 -1 2 0 -2 1 -1 2 0 -2 1 -1 2 0 -2 1 -1 2 0 -2 1 -1 2 0 -2 1 -1 2 0 -2 1 -1 2 0 -2 1 -1 2 0 -2 1 -1 2 0 -2 1 -1 2 0 -2 1 -1 2 0 -2 1 -1 2 0 -2 1 -1 2 0 721 1 -1 2 0 -2 1 -1 2 0 -2 1 -1 2 0 -2 1 -1 2 0 -2 1 -1 2 0 -2 1 -1 2 0 -2 1 -1 2 0 -2 1 -1 2 0 -2 1 -1 2 0 -2 1 -1 2 0 -2 1 -1 2 0 -2 1 -1 2 0 -2 1 -1 2 0 -2 1 -1 2 0 -2 1 -1 2 0 -2 1 -1 2 0 -2 1 -1 2 0 -2 1 -1 2 0 -2 1 -1 2 0 -2 1 -1 2 0 -2 1 -1 2 0 -2 1 -1 2 0 -2 1 -1 2 0 -2 1 -1 2 0 -2 1 -1 2 0 -2 1 -1 2 0 -2 1 -1 2 0 -2 1 -1 2 0 -2 1 -1 2 0 -2 1 -1 2 0 -2 1 -1 2 0 -2 1 -1 2 0 -2 1 -1 2 0 -2 1 -1 2 0 -2 1 -1 2 0 -2 1 -1 2 0 -2 1 -1 2 0 -2 1 -1 2 0 -2 1 -1 2 0 -2 1 -1 2 0 -2 1 -1 2 0 -2 1 -1 2 0 -2 1 -1 2 0 -2 1 -1 2 0 -2 1 -1 2 0 -2 1 -1 2 0 -2 1 -1 2 0 -2 1 -1 2 0 -2 1 -1 2 0 -2 1 -1 2 0 -2 1 -1 2 0 -2 1 -1 2 0 -2 1 -1 2 0 -2 1 -1 2 0 -2 1 -1 2 0 -2 1 -1 2 0 -2 1 -1 2 0 -2 1 -1 2 0 -2 1 -1 2 0 -2 1 -1 2 0 -2 1 -1 2 0 -2 1 -1 2 0 -2 1 -1 2 0 -2 1 -1 2 0 -2 1 -1 2 0 -2 1 -1 2 0
0 -1 -2 2 1 0 -1 -2 2 1 0 -1 -2 2 1 0 -1 -2 2 1 0 -1 -2 2 1 0 -1 -2 2 1 0 -1 -2 2 1 0 -1 -2 2 1 0 -1 -2 2 1 0 -1 -2 2 1 0 -1 -2 2 1 0 -1 -2 2 1 0 -1 -2 2 1 0 -1 -2 2 1 0 -1 -2 2 1 0 -1 -2 2 1 0 -1 -2 2 1 0 -1 -2 2 1 0 -1 -2 2 1 0 -1 -2 2 1 0 -1 -2 2 1 0 -1 -2 2 1 0 -1 -2 2 1 0 -1 -2 2 1 0 -1 -2 2 1 0 -1 -2 2 1 0 -1 -2 2 1 0 -1 -2 2 1 0 -1 -2 2 1 0 -1 -2 2 1 0 -1 -2 2 1 0 -1 -2 2 1 0 -1 -2 2 1 0 -1 -2 2 1 0 -1 -2 2 1 0 -1 -2 2 1 0 -1 -2 2 1 0 -1 -2 2 1 0 -1 -2 2 1 0 -1 -2 2 1 0 -1 -2 2 1 0 -1 -2 2 1 0 -1 -2 2 1 0 -1 -2 2 1 0 -1 -2 2 1 0 -1 -2 2 1 0 -1 -2 2 1 0 -1 -2 2 1 0 -1 -2 2 1 0 -1 -2 2 1 0 -1 -2 2 1 0 -1 -2 2 1 0 -1 -2 2 1 0 -1 -2 2 1 0 722 -2 2 1 0 -1 -2 2 1 0 -1 -2 2 1 0 -1 -2 2 1 0 -1 -2 2 1 0 -1 -2 2 1 0 -1 -2 2 1 0 -1 -2 2 1 0 -1 -2 2 1 0 -1 -2 2 1 0 -1 -2 2 1 0 -1 -2 2 1 0 -1 -2 2 1 0 -1 -2 2 1 0 -1 -2 2 1 0 -1 -2 2 1 0 -1 -2 2 1 0 -1 -2 2 1 0 -1 -2 2 1 0 -1 -2 2 1 0 -1 -2 2 1 0 -1 -2 2 1 0 -1 -2 2 1 0 -1 -2 2 1 0 -1 -2 2 1 0 -1 -2 2 1 0 -1 -2 2 1 0 -1 -2 2 1 0 -1 -2 2 1 0 -1 -2 2 1 0 -1 -2 2 1 0 -1 -2 2 1 0 -1 -2 2 1 0 -1 -2 2 1 0 -1 -2 2 1 0 -1 -2 2 1 0 -1 -2 2 1 0 -1 -2 2 1 0 -1 -2 2 1 0 -1 -2 2 1 0 -1 -2 2 1 0 -1 -2 2 1 0 -1 -2 2 1 0 -1 -2 2 1 0 -1 -2 2 1 0 -1 -2 2 1 0 -1 -2 2 1 0 -1 -2 2 1 0 -1 -2 2 1 0 -1 -2 2 1 0 -1 -2 2 1 0 -1 -2 2 1 0 -1 -2 2 1 0 -1 -2 2 1 0 -1 -2 2 1 0 -1 -2 2 1 0 -1 -2 2 1 0 -1 -2 2 1 0 -1 -2 2 1 0 -1 -2 2 1 0 -1 -2 2 1 0 -1 -2 2 1 0 -1 -2 2 1 0 -1 -2 2 1 0 -1 -2 2 1 0 -1 -2 2 1
2 2 2 2 2 2 2 2 2 2 2 2 2 2 2 2 2 2 2 2 2 2 2 2 2 2 2 2 2 2 2 2 2 2 2 2 2 2 2 2 2 2 2 2 2 2 2 2 2 2 2 2 2 2 2 2 2 2 2 2 2 2 2 2 2 2 2 2 2 2 2 2 2 2 2 2 2 2 2 2 2 2 2 2 2 2 2 2 2 2 2 2 2 2 2 2 2 2 2 2 2 2 2 2 2 2 2 2 2 2 2 2 2 2 2 2 2 2 2 2 2 2 2 2 2 2 2 2 2 2 2 2 2 2 2 2 2 2 2 2 2 2 2 2 2 2 2 2 2 2 2 2 2 2 2 2 2 2 2 2 2 2 2 2 2 2 2 2 2 2 2 2 2 2 2 2 2 2 2 2 2 2 2 2 2 2 2 2 2 2 2 2 2 2 2 2 2 2 2 2 2 2 2 2 2 2 2 2 2 2 2 2 2 2 2 2 2 2 2 2 2 2 2 2 2 2 2 2 2 2 2 2 2 2 2 2 2 2 2 2 2 2 2 2 2 2 2 2 2 2 2 2 2 2 2 2 2 2 2 2 2 2 2 2 2 2 2 2 2 2 2 2 1201 2 2 2 2 2 2 2 2 2 2 2 2 2 2 2 2 2 2 2 2 2 2 2 2 2 2 2 2 2 2 2 2 2 2 2 2 2 2 2 2 2 2 2 2 2 2 2 2 2 2 2 2 2 2 2 2 2 2 2 2 2 2 2 2 2 2 2 2 2 2 2 2 2 2 2 2 2 2 2 2 2 2 2 2 2 2 2 2 2 2 2 2 2 2 2 2 2 2 2 2 2 2 2 2 2 2 2 2 2 2 2 2 2 2 2 2 2 2 2 2 2 2 2 2 2 2 2 2 2 2 2 2 2 2 2 2 2 2 2 2 2 2 2 2 2 2 2 2 2 2 2 2 2 2 2 2 2 2 2 2 2 2 2 2 2 2 2 2 2 2 2 2 2 2 2 2 2 2 2 2 2 2 2 2 2 2 2 2 2 2 2 2 2 2 2 2 2 2 2 2 2 2 2 2 2 2 2 2 2 2 2 2 2 2 2 2 2 2 2 2 2 2 2 2 2 2 2 2 2 2 2 2 2 2 2 2 2 2 2 2 2 2 2 2 2 2 2 2 2 2 2 2 2 2 2 2 2 2 2 2 2 2 2 2 2 2 2 2 2 2 2 2 2 2 2 2 2 2 2 2 2 2 2 2 2 2 2 2 2 2 2 2 2 2 2 2 2 2 2 2 2 2 2 2 2 2 2 2 2 2 2 2 2 2 2 2 2 2 2 2 2 2 2 2 2 2 2
-1 0 1 2 -2 -1 0 1 2 -2 -1 0 1 2 -2 -1 0 1 2 -2 -1 0 1 2 -2 -1 0 1 2 -2 -1 0 1 2 -2 -1 0 1 2 -2 -1 0 1 2 -2 -1 0 1 2 -2 -1 0 1 2 -2 -1 0 1 2 -2 -1 0 1 2 -2 -1 0 1 2 -2 -1 0 1 2 -2 -1 0 1 2 -2 -1 0 1 2 -2 -1 0 1 2 -2 -1 0 1 2 -2 -1 0 1 2 -2 -1 0 1 2 -2 -1 0 1 2 -2 -1 0 1 2 -2 -1 0 1 2 -2 -1 0 1 2 -2 -1 0 1 2 -2 -1 0 1 2 -2 -1 0 1 2 -2 -1 0 1 2 -2 -1 0 1 2 -2 -1 0 1 2 -2 -1 0 1 2 -2 -1 0 1 2 -2 -1 0 1 2 -2 -1 0 1 2 -2 -1 0 1 2 -2 -1 0 1 2 -2 -1 0 1 2 -2 -1 0 1 2 -2 -1 0 1 2 -2 -1 0 1 2 -2 -1 0 1 2 -2 -1 0 1 2 -2 -1 0 1 2 -2 -1 0 1 2 -2 -1 0 1 2 -2 -1 0 1 2 -2 -1 0 1 2 -2 -1 0 1 2 -2 -1 0 1 2 -2 -1 0 1 2 -2 -1 0 1 2 -2 -1 0 1 2 -2 -1 0 1 2 -2 -1 0 1 721 -2 -1 0 1 2 -2 -1 0 1 2 -2 -1 0 1 2 -2 -1 0 1 2 -2 -1 0 1 2 -2 -1 0 1 2 -2 -1 0 1 2 -2 -1 0 1 2 -2 -1 0 1 2 -2 -1 0 1 2 -2 -1 0 1 2 -2 -1 0 1 2 -2 -1 0 1 2 -2 -1 0 1 2 -2 -1 0 1 2 -2 -1 0 1 2 -2 -1 0 1 2 -2 -1 0 1 2 -2 -1 0 1 2 -2 -1 0 1 2 -2 -1 0 1 2 -2 -1 0 1 2 -2 -1 0 1 2 -2 -1 0 1 2 -2 -1 0 1 2 -2 -1 0 1 2 -2 -1 0 1 2 -2 -1 0 1 2 -2 -1 0 1 2 -2 -1 0 1 2 -2 -1 0 1 2 -2 -1 0 1 2 -2 -1 0 1 2 -2 -1 0 1 2 -2 -1 0 1 2 -2 -1 0 1 2 -2 -1 0 1 2 -2 -1 0 1 2 -2 -1 0 1 2 -2 -1 0 1 2 -2 -1 0 1 2 -2 -1 0 1 2 -2 -1 0 1 2 -2 -1 0 1 2 -2 -1 0 1 2 -2 -1 0 1 2 -2 -1 0 1 2 -2 -1 0 1 2 -2 -1 0 1 2 -2 -1 0 1 2 -2 -1 0 1 2 -2 -1 0 1 2 -2 -1 0 1 2 -2 -1 0 1 2 -2 -1 0 1 2 -2 -1 0 1 2 -2 -1 0 1 2 -2 -1 0 1 2 -2 -1 0 1 2 -2 -1 0 1 2 -2 -1 0 1 2 -2 -1 0 1 2 -2 -1 0 1 2 -2 -1 0 1 2 -2 -1 0 1 2 -2
1 -2 0 2 -1 1 -2 0 2 -1 1 -2 0 2 -1 1 -2 0 2 -1 1 -2 0 2 -1 1 -2 0 2 -1 1 -2 0 2 -1 1 -2 0 2 -1 1 -2 0 2 -1 1 -2 0 2 -1 1 -2 0 2 -1 1 -2 0 2 -1 1 -2 0 2 -1 1 -2 0 2 -1 1 -2 0 2 -1 1 -2 0 2 -1 1 -2 0 2 -1 1 -2 0 2 -1 1 -2 0 2 -1 1 -2 0 2 -1 1 -2 0 2 -1 1 -2 0 2 -1 1 -2 0 2 -1 1 -2 0 2 -1 1 -2 0 2 -1 1 -2 0 2 -1 1 -2 0 2 -1 1 -2 0 2 -1 1 -2 0 2 -1 1 -2 0 2 -1 1 -2 0 2 -1 1 -2 0 2 -1 1 -2 0 2 -1 1 -2 0 2 -1 1 -2 0 2 -1 1 -2 0 2 -1 1 -2 0 2 -1 1 -2 0 2 -1 1 -2 0 2 -1 1 -2 0 2 -1 1 -2 0 2 -1 1 -2 0 2 -1 1 -2 0 2 -1 1 -2 0 2 -1 1 -2 0 2 -1 1 -2 0 2 -1 1 -2 0 2 -1 1 -2 0 2 -1 1 -2 0 2 -1 1 -2 0 2 -1 1 -2 0 2 -1 1 -2 0 2 -1 1 -2 0 2 -1 1 -2 0 2 -1 1 -2 0 2 722 1 -2 0 2 -1 1 -2 0 2 -1 1 -2 0 2 -1 1 -2 0 2 -1 1 -2 0 2 -1 1 -2 0 2 -1 1 -2 0 2 -1 1 -2 0 2 -1 1 -2 0 2 -1 1 -2 0 2 -1 1 -2 0 2 -1 1 -2 0 2 -1 1 -2 0 2 -1 1 -2 0 2 -1 1 -2 0 2 -1 1 -2 0 2 -1 1 -2 0 2 -1 1 -2 0 2 -1 1 -2 0 2 -1 1 -2 0 2 -1 1 -2 0 2 -1 1 -2 0 2 -1 1 -2 0 2 -1 1 -2 0 2 -1 1 -2 0 2 -1 1 -2 0 2 -1 1 -2 0 2 -1 1 -2 0 2 -1 1 -2 0 2 -1 1 -2 0 2 -1 1 -2 0 2 -1 1 -2 0 2 -1 1 -2 0 2 -1 1 -2 0 2 -1 1 -2 0 2 -1 1 -2 0 2 -1 1 -2 0 2 -1 1 -2 0 2 -1 1 -2 0 2 -1 1 -2 0 2 -1 1 -2 0 2 -1 1 -2 0 2 -1 1 -2 0 2 -1 1 -2 0 2 -1 1 -2 0 2 -1 1 -2 0 2 -1 1 -2 0 2 -1 1 -2 0 2 -1 1 -2 0 2 -1 1 -2 0 2 -1 1 -2 0 2 -1 1 -2 0 2 -1 1 -2 0 2 -1 1 -2 0 2 -1 1 -2 0 2 -1 1 -2 0 2 -1 1 -2 0 2 -1 1 -2 0 2 -1 1 -2 0 2 -1 1 -2 0 2 -1 1 -2 0 2 -1 1 -2 0 2 -1 1 -2 0 2 -1 1 -2 0 2 -1 1 -2 0 2 -1
-2 1 -1 2 0 -2 1 -1 2 0 -2 1 -1 2 0 -2 1 -1 2 0 -2 1 -1 2 0 -2 1 -1 2 0 -2 1 -1 2 0 -2 1 -1 2 0 -2 1 -1 2 0 -2 1 -1 2 0 -2 1 -1 2 0 -2 1 -1 2 0 -2 1 -1 2 0 -2 1 -1 2 0 -2 1 -1 2 0 -2 1 -1 2 0 -2 1 -1 2 0 -2 1 -1 2 0 -2 1 -1 2 0 -2 1 -1 2 0 -2 1 -1 2 0 -2 1 -1 2 0 -2 1 -1 2 0 -2 1 -1 2 0 -2 1 -1 2 0 -2 1 -1 2 0 -2 1 -1 2 0 -2 1 -1 2 0 -2 1 -1 2 0 -2 1 -1 2 0 -2 1 -1 2 0 -2 1 -1 2 0 -2 1 -1 2 0 -2 1 -1 2 0 -2 1 -1 2 0 -2 1 -1 2 0 -2 1 -1 2 0 -2 1 -1 2 0 -2 1 -1 2 0 -2 1 -1 2 0 -2 1 -1 2 0 -2 1 -1 2 0 -2 1 -1 2 0 -2 1 -1 2 0 -2 1 -1 2 0 -2 1 -1 2 0 -2 1 -1 2 0 -2 1 -1 2 0 -2 1 -1 2 0 -2 1 -1 2 0 -2 1 -1 2 0 -2 1 -1 2 0 -2 1 -1 2 0 -2 1 -1 2 0 -2 1 -1 2 0 721 1 -1 2 0 -2 1 -1 2 0 -2 1 -1 2 0 -2 1 -1 2 0 -2 1 -1 2 0 -2 1 -1 2 0 -2 1 -1 2 0 -2 1 -1 2 0 -2 1 -1 2 0 -2 1 -1 2 0 -2 1 -1 2 0 -2 1 -1 2 0 -2 1 -1 2 0 -2 1 -1 2 0 -2 1 -1 2 0 -2 1 -1 2 0 -2 1 -1 2 0 -2 1 -1 2 0 -2 1 -1 2 0 -2 1 -1 2 0 -2 1 -1 2 0 -2 1 -1 2 0 -2 1 -1 2 0 -2 1 -1 2 0 -2 1 -1 2 0 -2 1 -1 2 0 -2 1 -1 2 0 -2 1 -1 2 0 -2 1 -1 2 0 -2 1 -1 2 0 -2 1 -1 2 0 -2 1 -1 2 0 -2 1 -1 2 0 -2 1 -1 2 0 -2 1 -1 2 0 -2 1 -1 2 0 -2 1 -1 2 0 -2 1 -1 2 0 -2 1 -1 2 0 -2 1 -1 2 0 -2 1 -1 2 0 -2 1 -1 2 0 -2 1 -1 2 0 -2 1 -1 2 0 -2 1 -1 2 0 -2 1 -1 2 0 -2 1 -1 2 0 -2 1 -1 2 0 -2 1 -1 2 0 -2 1 -1 2 0 -2 1 -1 2 0 -2 1 -1 2 0 -2 1 -1 2 0 -2 1 -1 2 0 -2 1 -1 2 0 -2 1 -1 2 0 -2 1 -1 2 0 -2 1 -1 2 0 -2 1 -1 2 0 -2 1 -1 2 0 -2 1 -1 2 0 -2 1 -1 2 0 -2 1 -1 2 0 -2 1 -1 2 0 -2 1 -1 2 0
0 -1 -2 2 1 0 -1 -2 2 1 0 -1 -2 2 1 0 -1 -2 2 1 0 -1 -2 2 1 0 -1 -2 2 1 0 -1 -2 2 1 0 -1 -2 2 1 0 -1 -2 2 1 0 -1 -2 2 1 0 -1 -2 2 1 0 -1 -2 2 1 0 -1 -2 2 1 0 -1 -2 2 1 0 -1 -2 2 1 0 -1 -2 2 1 0 -1 -2 2 1 0 -1 -2 2 1 0 -1 -2 2 1 0 -1 -2 2 1 0 -1 -2 2 1 0 -1 -2 2 1 0 -1 -2 2 1 0 -1 -2 2 1 0 -1 -2 2 1 0 -1 -2 2 1 0 -1 -2 2 1 0 -1 -2 2 1 0 -1 -2 2 1 0 -1 -2 2 1 0 -1 -2 2 1 0 -1 -2 2 1 0 -1 -2 2 1 0 -1 -2 2 1 0 -1 -2 2 1 0 -1 -2 2 1 0 -1 -2 2 1 0 -1 -2 2 1 0 -1 -2 2 1 0 -1 -2 2 1 0 -1 -2 2 1 0 -1 -2 2 1 0 -1 -2 2 1 0 -1 -2 2 1 0 -1 -2 2 1 0 -1 -2 2 1 0 -1 -2 2 1 0 -1 -2 2 1 0 -1 -2 2 1 0 -1 -2 2 1 0 -1 -2 2 1 0 -1 -2 2 1 0 -1 -2 2 1 0 -1 -2 2 1 0 -1 -2 2 1 0 722 -2 2 1 0 -1 -2 2 1 0 -1 -2 2 1 0 -1 -2 2 1 0 -1 -2 2 1 0 -1 -2 2 1 0 -1 -2 2 1 0 -1 -2 2 1 0 -1 -2 2 1 0 -1 -2 2 1 0 -1 -2 2 1 0 -1 -2 2 1 0 -1 -2 2 1 0 -1 -2 2 1 0 -1 -2 2 1 0 -1 -2 2 1 0 -1 -2 2 1 0 -1 -2 2 1 0 -1 -2 2 1 0 -1 -2 2 1 0 -1 -2 2 1 0 -1 -2 2 1 0 -1 -2 2 1 0 -1 -2 2 1 0 -1 -2 2 1 0 -1 -2 2 1 0 -1 -2 2 1 0 -1 -2 2 1 0 -1 -2 2 1 0 -1 -2 2 1 0 -1 -2 2 1 0 -1 -2 2 1 0 -1 -2 2 1 0 -1 -2 2 1 0 -1 -2 2 1 0 -1 -2 2 1 0 -1 -2 2 1 0 -1 -2 2 1 0 -1 -2 2 1 0 -1 -2 2 1 0 -1 -2 2 1 0 -1 -2 2 1 0 -1 -2 2 1 0 -1 -2 2 1 0 -1 -2 2 1 0 -1 -2 2 1 0 -1 -2 2 1 0 -1 -2 2 1 0 -1 -2 2 1 0 -1 -2 2 1 0 -1 -2 2 1 0 -1 -2 2 1 0 -1 -2 2 1 0 -1 -2 2 1 0 -1 -2 2 1 0 -1 -2 2 1 0 -1 -2 2 1 0 -1 -2 2 1 0 -1 -2 2 1 0 -1 -2 2 1 0 -1 -2 2 1 0 -1 -2 2 1 0 -1 -2 2 1 0 -1 -2 2 1 0 -1 -2 2 1
2 2 2 2 2 2 2 2 2 2 2 2 2 2 2 2 2 2 2 2 2 2 2 2 2 2 2 2 2 2 2 2 2 2 2 2 2 2 2 2 2 2 2 2 2 2 2 2 2 2 2 2 2 2 2 2 2 2 2 2 2 2 2 2 2 2 2 2 2 2 2 2 2 2 2 2 2 2 2 2 2 2 2 2 2 2 2 2 2 2 2 2 2 2 2 2 2 2 2 2 2 2 2 2 2 2 2 2 2 2 2 2 2 2 2 2 2 2 2 2 2 2 2 2 2 2 2 2 2 2 2 2 2 2 2 2 2 2 2 2 2 2 2 2 2 2 2 2 2 2 2 2 2 2 2 2 2 2 2 2 2 2 2 2 2 2 2 2 2 2 2 2 2 2 2 2 2 2 2 2 2 2 2 2 2 2 2 2 2 2 2 2 2 2 2 2 2 2 2 2 2 2 2 2 2 2 2 2 2 2 2 2 2 2 2 2 2 2 2 2 2 2 2 2 2 2 2 2 2 2 2 2 2 2 2 2 2 2 2 2 2 2 2 2 2 2 2 2 2 2 2 2 2 2 2 2 2 2 2 2 2 2 2 2 2 2 2 2 2 2 2 2 2 2 2 2 2 1201 2 2 2 2 2 2 2 2 2 2 2 2 2 2 2 2 2 2 2 2 2 2 2 2 2 2 2 2 2 2 2 2 2 2 2 2 2 2 2 2 2 2 2 2 2 2 2 2 2 2 2 2 2 2 2 2 2 2 2 2 2 2 2 2 2 2 2 2 2 2 2 2 2 2 2 2 2 2 2 2 2 2 2 2 2 2 2 2 2 2 2 2 2 2 2 2 2 2 2 2 2 2 2 2 2 2 2 2 2 2 2 2 2 2 2 2 2 2 2 2 2 2 2 2 2 2 2 2 2 2 2 2 2 2 2 2 2 2 2 2 2 2 2 2 2 2 2 2 2 2 2 2 2 2 2 2 2 2 2 2 2 2 2 2 2 2 2 2 2 2 2 2 2 2 2 2 2 2 2 2 2 2 2 2 2 2 2 2 2 2 2 2 2 2 2 2 2 2 2 2 2 2 2 2 2 2 2 2 2 2 2 2 2 2 2 2 2 2 2 2 2 2 2 2 2 2 2 2 2 2 2 2 2 2 2 2 2 2 2 2 2 2 2 2 2 2 2 2 2 2 2 2 2 2 2 2 2 2 2 2 2 2 2 2 2 2 2 2 2 2 2 2 2 2 2 2 2 2 2 2 2 2 2 2 2 2 2 2 2 2 2 2 2 2 2 2 2 2 2 2 2 2 2 2 2 2 2 2 2 2 2 2 2 2 2 2 2 2 2 2 2 2
-1 0 1 2 -2 -1 0 1 2 -2 -1 0 1 2 -2 -1 0 1 2 -2 -1 0 1 2 -2 -1 0 1 2 -2 -1 0 1 2 -2 -1 0 1 2 -2 -1 0 1 2 -2 -1 0 1 2 -2 -1 0 1 2 -2 -1 0 1 2 -2 -1 0 1 2 -2 -1 0 1 2 -2 -1 0 1 2 -2 -1 0 1 2 -2 -1 0 1 2 -2 -1 0 1 2 -2 -1 0 1 2 -2 -1 0 1 2 -2 -1 0 1 2 -2 -1 0 1 2 -2 -1 0 1 2 -2 -1 0 1 2 -2 -1 0 1 2 -2 -1 0 1 2 -2 -1 0 1 2 -2 -1 0 1 2 -2 -1 0 1 2 -2 -1 0 1 2 -2 -1 0 1 2 -2 -1 0 1 2 -2 -1 0 1 2 -2 -1 0 1 2 -2 -1 0 1 2 -2 -1 0 1 2 -2 -1 0 1 2 -2 -1 0 1 2 -2 -1 0 1 2 -2 -1 0 1 2 -2 -1 0 1 2 -2 -1 0 1 2 -2 -1 0 1 2 -2 -1 0 1 2 -2 -1 0 1 2 -2 -1 0 1 2 -2 -1 0 1 2 -2 -1 0 1 2 -2 -1 0 1 2 -2 -1 0 1 2 -2 -1 0 1 2 -2 -1 0 1 2 -2 -1 0 1 2 -2 -1 0 1 2 -2 -1 0 1 2 -2 -1 0 1 721 -2 -1 0 1 2 -2 -1 0 1 2 -2 -1 0 1 2 -2 -1 0 1 2 -2 -1 0 1 2 -2 -1 0 1 2 -2 -1 0 1 2 -2 -1 0 1 2 -2 -1 0 1 2 -2 -1 0 1 2 -2 -1 0 1 2 -2 -1 0 1 2 -2 -1 0 1 2 -2 -1 0 1 2 -2 -1 0 1 2 -2 -1 0 1 2 -2 -1 0 1 2 -2 -1 0 1 2 -2 -1 0 1 2 -2 -1 0 1 2 -2 -1 0 1 2 -2 -1 0 1 2 -2 -1 0 1 2 -2 -1 0 1 2 -2 -1 0 1 2 -2 -1 0 1 2 -2 -1 0 1 2 -2 -1 0 1 2 -2 -1 0 1 2 -2 -1 0 1 2 -2 -1 0 1 2 -2 -1 0 1 2 -2 -1 0 1 2 -2 -1 0 1 2 -2 -1 0 1 2 -2 -1 0 1 2 -2 -1 0 1 2 -2 -1 0 1 2 -2 -1 0 1 2 -2 -1 0 1 2 -2 -1 0 1 2 -2 -1 0 1 2 -2 -1 0 1 2 -2 -1 0 1 2 -2 -1 0 1 2 -2 -1 0 1 2 -2 -1 0 1 2 -2 -1 0 1 2 -2 -1 0 1 2 -2 -1 0 1 2 -2 -1 0 1 2 -2 -1 0 1 2 -2 -1 0 1 2 -2 -1 0 1 2 -2 -1 0 1 2 -2 -1 0 1 2 -2 -1 0 1 2 -2 -1 0 1 2 -2 -1 0 1 2 -2 -1 0 1 2 -2 -1 0 1 2 -2 -1 0 1 2 -2 -1 0 1 2 -2 -1 0 1 2 -2
1 -2 0 2 -1 1 -2 0 2 -1 1 -2 0 2 -1 1 -2 0 2 -1 1 -2 0 2 -1 1 -2 0 2 -1 1 -2 0 2 -1 1 -2 0 2 -1 1 -2 0 2 -1 1 -2 0 2 -1 1 -2 0 2 -1 1 -2 0 2 -1 1 -2 0 2 -1 1 -2 0 2 -1 1 -2 0 2 -1 1 -2 0 2 -1 1 -2 0 2 -1 1 -2 0 2 -1 1 -2 0 2 -1 1 -2 0 2 -1 1 -2 0 2 -1 1 -2 0 2 -1 1 -2 0 2 -1 1 -2 0 2 -1 1 -2 0 2 -1 1 -2 0 2 -1 1 -2 0 2 -1 1 -2 0 2 -1 1 -2 0 2 -1 1 -2 0 2 -1 1 -2 0 2 -1 1 -2 0 2 -1 1 -2 0 2 -1 1 -2 0 2 -1 1 -2 0 2 -1 1 -2 0 2 -1 1 -2 0 2 -1 1 -2 0 2 -1 1 -2 0 2 -1 1 -2 0 2 -1 1 -2 0 2 -1 1 -2 0 2 -1 1 -2 0 2 -1 1 -2 0 2 -1 1 -2 0 2 -1 1 -2 0 2 -1 1 -2 0 2 -1 1 -2 0 2 -1 1 -2 0 2 -1 1 -2 0 2 -1 1 -2 0 2 -1 1 -2 0 2 -1 1 -2 0 2 -1 1 -2 0 2 -1 1 -2 0 2 -1 1 -2 0 2 722 1 -2 0 2 -1 1 -2 0 2 -1 1 -2 0 2 -1 1 -2 0 2 -1 1 -2 0 2 -1 1 -2 0 2 -1 1 -2 0 2 -1 1 -2 0 2 -1 1 -2 0 2 -1 1 -2 0 2 -1 1 -2 0 2 -1 1 -2 0 2 -1 1 -2 0 2 -1 1 -2 0 2 -1 1 -2 0 2 -1 1 -2 0 2 -1 1 -2 0 2 -1 1 -2 0 2 -1 1 -2 0 2 -1 1 -2 0 2 -1 1 -2 0 2 -1 1 -2 0 2 -1 1 -2 0 2 -1 1 -2 0 2 -1 1 -2 0 2 -1 1 -2 0 2 -1 1 -2 0 2 -1 1 -2 0 2 -1 1 -2 0 2 -1 1 -2 0 2 -1 1 -2 0 2 -1 1 -2 0 2 -1 1 -2 0 2 -1 1 -2 0 2 -1 1 -2 0 2 -1 1 -2 0 2 -1 1 -2 0 2 -1 1 -2 0 2 -1 1 -2 0 2 -1 1 -2 0 2 -1 1 -2 0 2 -1 1 -2 0 2 -1 1 -2 0 2 -1 1 -2 0 2 -1 1 -2 0 2 -1 1 -2 0 2 -1 1 -2 0 2 -1 1 -2 0 2 -1 1 -2 0 2 -1 1 -2 0 2 -1 1 -2 0 2 -1 1 -2 0 2 -1 1 -2 0 2 -1 1 -2 0 2 -1 1 -2 0 2 -1 1 -2 0 2 -1 1 -2 0 2 -1 1 -2 0 2 -1 1 -2 0 2 -1 1 -2 0 2 -1 1 -2 0 2 -1 1 -2 0 2 -1 1 -2 0 2 -1 1 -2 0 2 -1
-2 1 -1 2 0 -2 1 -1 2 0 -2 1 -1 2 0 -2 1 -1 2 0 -2 1 -1 2 0 -2 1 -1 2 0 -2 1 -1 2 0 -2 1 -1 2 0 -2 1 -1 2 0 -2 1 -1 2 0 -2 1 -1 2 0 -2 1 -1 2 0 -2 1 -1 2 0 -2 1 -1 2 0 -2 1 -1 2 0 -2 1 -1 2 0 -2 1 -1 2 0 -2 1 -1 2 0 -2 1 -1 2 0 -2 1 -1 2 0 -2 1 -1 2 0 -2 1 -1 2 0 -2 1 -1 2 0 -2 1 -1 2 0 -2 1 -1 2 0 -2 1 -1 2 0 -2 1 -1 2 0 -2 1 -1 2 0 -2 1 -1 2 0 -2 1 -1 2 0 -2 1 -1 2 0 -2 1 -1 2 0 -2 1 -1 2 0 -2 1 -1 2 0 -2 1 -1 2 0 -2 1 -1 2 0 -2 1 -1 2 0 -2 1 -1 2 0 -2 1 -1 2 0 -2 1 -1 2 0 -2 1 -1 2 0 -2 1 -1 2 0 -2 1 -1 2 0 -2 1 -1 2 0 -2 1 -1 2 0 -2 1 -1 2 0 -2 1 -1 2 0 -2 1 -1 2 0 -2 1 -1 2 0 -2 1 -1 2 0 -2 1 -1 2 0 -2 1 -1 2 0 -2 1 -1 2 0 -2 1 -1 2 0 -2 1 -1 2 0 -2 1 -1 2 0 721 1 -1 2 0 -2 1 -1 2 0 -2 1 -1 2 0 -2 1 -1 2 0 -2 1 -1 2 0 -2 1 -1 2 0 -2 1 -1 2 0 -2 1 -1 2 0 -2 1 -1 2 0 -2 1 -1 2 0 -2 1 -1 2 0 -2 1 -1 2 0 -2 1 -1 2 0 -2 1 -1 2 0 -2 1 -1 2 0 -2 1 -1 2 0 -2 1 -1 2 0 -2 1 -1 2 0 -2 1 -1 2 0 -2 1 -1 2 0 -2 1 -1 2 0 -2 1 -1 2 0 -2 1 -1 2 0 -2 1 -1 2 0 -2 1 -1 2 0 -2 1 -1 2 0 -2 1 -1 2 0 -2 1 -1 2 0 -2 1 -1 2 0 -2 1 -1 2 0 -2 1 -1 2 0 -2 1 -1 2 0 -2 1 -1 2 0 -2 1 -1 2 0 -2 1 -1 2 0 -2 1 -1 2 0 -2 1 -1 2 0 -2 1 -1 2 0 -2 1 -1 2 0 -2 1 -1 2 0 -2 1 -1 2 0 -2 1 -1 2 0 -2 1 -1 2 0 -2 1 -1 2 0 -2 1 -1 2 0 -2 1 -1 2 0 -2 1 -1 2 0 -2 1 -1 2 0 -2 1 -1 2 0 -2 1 -1 2 0 -2 1 -1 2 0 -2 1 -1 2 0 -2 1 -1 2 0 -2 1 -1 2 0 -2 1 -1 2 0 -2 1 -1 2 0 -2 1 -1 2 0 -2 1 -1 2 0 -2 1 -1 2 0 -2 1 -1 2 0 -2 1 -1 2 0 -2 1 -1 2 0 -2 1 -1 2 0 -2 1 -1 2 0
0 -1 -2 2 1 0 -1 -2 2 1 0 -1 -2 2 1 0 -1 -2 2 1 0 -1 -2 2 1 0 -1 -2 2 1 0 -1 -2 2 1 0 -1 -2 2 1 0 -1 -2 2 1 0 -1 -2 2 1 0 -1 -2 2 1 0 -1 -2 2 1 0 -1 -2 2 1 0 -1 -2 2 1 0 -1 -2 2 1 0 -1 -2 2 1 0 -1 -2 2 1 0 -1 -2 2 1 0 -1 -2 2 1 0 -1 -2 2 1 0 -1 -2 2 1 0 -1 -2 2 1 0 -1 -2 2 1 0 -1 -2 2 1 0 -1 -2 2 1 0 -1 -2 2 1 0 -1 -2 2 1 0 -1 -2 2 1 0 -1 -2 2 1 0 -1 -2 2 1 0 -1 -2 2 1 0 -1 -2 2 1 0 -1 -2 2 1 0 -1 -2 2 1 0 -1 -2 2 1 0 -1 -2 2 1 0 -1 -2 2 1 0 -1 -2 2 1 0 -1 -2 2 1 0 -1 -2 2 1 0 -1 -2 2 1 0 -1 -2 2 1 0 -1 -2 2 1 0 -1 -2 2 1 0 -1 -2 2 1 0 -1 -2 2 1 0 -1 -2 2 1 0 -1 -2 2 1 0 -1 -2 2 1 0 -1 -2 2 1 0 -1 -2 2 1 0 -1 -2 2 1 0 -1 -2 2 1 0 -1 -2 2 1 0 -1 -2 2 1 0 -1 -2 2 1 0 722 -2 2 1 0 -1 -2 2 1 0 -1 -2 2 1 0 -1 -2 2 1 0 -1 -2 2 1 0 -1 -2 2 1 0 -1 -2 2 1 0 -1 -2 2 1 0 -1 -2 2 1 0 -1 -2 2 1 0 -1 -2 2 1 0 -1 -2 2 1 0 -1 -2 2 1 0 -1 -2 2 1 0 -1 -2 2 1 0 -1 -2 2 1 0 -1 -2 2 1 0 -1 -2 2 1 0 -1 -2 2 1 0 -1 -2 2 1 0 -1 -2 2 1 0 -1 -2 2 1 0 -1 -2 2 1 0 -1 -2 2 1 0 -1 -2 2 1 0 -1 -2 2 1 0 -1 -2 2 1 0 -1 -2 2 1 0 -1 -2 2 1 0 -1 -2 2 1 0 -1 -2 2 1 0 -1 -2 2 1 0 -1 -2 2 1 0 -1 -2 2 1 0 -1 -2 2 1 0 -1 -2 2 1 0 -1 -2 2 1 0 -1 -2 2 1 0 -1 -2 2 1 0 -1 -2 2 1 0 -1 -2 2 1 0 -1 -2 2 1 0 -1 -2 2 1 0 -1 -2 2 1 0 -1 -2 2 1 0 -1 -2 2 1 0 -1 -2 2 1 0 -1 -2 2 1 0 -1 -2 2 1 0 -1 -2 2 1 0 -1 -2 2 1 0 -1 -2 2 1 0 -1 -2 2 1 0 -1 -2 2 1 0 -1 -2 2 1 0 -1 -2 2 1 0 -1 -2 2 1 0 -1 -2 2 1 0 -1 -2 2 1 0 -1 -2 2 1 0 -1 -2 2 1 0 -1 -2 2 1 0 -1 -2 2 1 0 -1 -2 2 1
2 2 2 2 2 2 2 2 2 2 2 2 2 2 2 2 2 2 2 2 2 2 2 2 2 2 2 2 2 2 2 2 2 2 2 2 2 2 2 2 2 2 2 2 2 2 2 2 2 2 2 2 2 2 2 2 2 2 2 2 2 2 2 2 2 2 2 2 2 2 2 2 2 2 2 2 2 2 2 2 2 2 2 2 2 2 2 2 2 2 2 2 2 2 2 2 2 2 2 2 2 2 2 2 2 2 2 2 2 2 2 2 2 2 2 2 2 2 2 2 2 2 2 2 2 2 2 2 2 2 2 2 2 2 2 2 2 2 2 2 2 2 2 2 2 2 2 2 2 2 2 2 2 2 2 2 2 2 2 2 2 2 2 2 2 2 2 2 2 2 2 2 2 2 2 2 2 2 2 2 2 2 2 2 2 2 2 2 2 2 2 2 2 2 2 2 2 2 2 2 2 2 2 2 2 2 2 2 2 2 2 2 2 2 2 2 2 2 2 2 2 2 2 2 2 2 2 2 2 2 2 2 2 2 2 2 2 2 2 2 2 2 2 2 2 2 2 2 2 2 2 2 2 2 2 2 2 2 2 2 2 2 2 2 2 2 2 2 2 2 2 2 2 2 2 2 2 2 2 2 2 2 1201 2 2 2 2 2 2 2 2 2 2 2 2 2 2 2 2 2 2 2 2 2 2 2 2 2 2 2 2 2 2 2 2 2 2 2 2 2 2 2 2 2 2 2 2 2 2 2 2 2 2 2 2 2 2 2 2 2 2 2 2 2 2 2 2 2 2 2 2 2 2 2 2 2 2 2 2 2 2 2 2 2 2 2 2 2 2 2 2 2 2 2 2 2 2 2 2 2 2 2 2 2 2 2 2 2 2 2 2 2 2 2 2 2 2 2 2 2 2 2 2 2 2 2 2 2 2 2 2 2 2 2 2 2 2 2 2 2 2 2 2 2 2 2 2 2 2 2 2 2 2 2 2 2 2 2 2 2 2 2 2 2 2 2 2 2 2 2 2 2 2 2 2 2 2 2 2 2 2 2 2 2 2 2 2 2 2 2 2 2 2 2 2 2 2 2 2 2 2 2 2 2 2 2 2 2 2 2 2 2 2 2 2 2 2 2 2 2 2 2 2 2 2 2 2 2 2 2 2 2 2 2 2 2 2 2 2 2 2 2 2 2 2 2 2 2 2 2 2 2 2 2 2 2 2 2 2 2 2 2 2 2 2 2 2 2 2 2 2 2 2 2 2 2 2 2 2 2 2 2 2 2 2 2 2 2 2 2 2 2 2 2 2 2 2 2 2 2 2 2 2 2 2 2 2 2 2 2 2 2 2 2 2 2 2 2 2 2
-1 0 1 2 -2 -1 0 1 2 -2 -1 0 1 2 -2 -1 0 1 2 -2 -1 0 1 2 -2 -1 0 1 2 -2 -1 0 1 2 -2 -1 0 1 2 -2 -1 0 1 2 -2 -1 0 1 2 -2 -1 0 1 2 -2 -1 0 1 2 -2 -1 0 1 2 -2 -1 0 1 2 -2 -1 0 1 2 -2 -1 0 1 2 -2 -1 0 1 2 -2 -1 0 1 2 -2 -1 0 1 2 -2 -1 0 1 2 -2 -1 0 1 2 -2 -1 0 1 2 -2 -1 0 1 2 -2 -1 0 1 2 -2 -1 0 1 2 -2 -1 0 1 2 -2 -1 0 1 2 -2 -1 0 1 2 -2 -1 0 1 2 -2 -1 0 1 2 -2 -1 0 1 2 -2 -1 0 1 2 -2 -1 0 1 2 -2 -1 0 1 2 -2 -1 0 1 2 -2 -1 0 1 2 -2 -1 0 1 2 -2 -1 0 1 2 -2 -1 0 1 2 -2 -1 0 1 2 -2 -1 0 1 2 -2 -1 0 1 2 -2 -1 0 1 2 -2 -1 0 1 2 -2 -1 0 1 2 -2 -1 0 1 2 -2 -1 0 1 2 -2 -1 0 1 2 -2 -1 0 1 2 -2 -1 0 1 2 -2 -1 0 1 2 -2 -1 0 1 2 -2 -1 0 1 2 -2 -1 0 1 2 -2 -1 0 1 2 -2 -1 0 1 2 -2 -1 0 1 721 -2 -1 0 1 2 -2 -1 0 1 2 -2 -1 0 1 2 -2 -1 0 1 2 -2 -1 0 1 2 -2 -1 0 1 2 -2 -1 0 1 2 -2 -1 0 1 2 -2 -1 0 1 2 -2 -1 0 1 2 -2 -1 0 1 2 -2 -1 0 1 2 -2 -1 0 1 2 -2 -1 0 1 2 -2 -1 0 1 2 -2 -1 0 1 2 -2 -1 0 1 2 -2 -1 0 1 2 -2 -1 0 1 2 -2 -1 0 1 2 -2 -1 0 1 2 -2 -1 0 1 2 -2 -1 0 1 2 -2 -1 0 1 2 -2 -1 0 1 2 -2 -1 0 1 2 -2 -1 0 1 2 -2 -1 0 1 2 -2 -1 0 1 2 -2 -1 0 1 2 -2 -1 0 1 2 -2 -1 0 1 2 -2 -1 0 1 2 -2 -1 0 1 2 -2 -1 0 1 2 -2 -1 0 1 2 -2 -1 0 1 2 -2 -1 0 1 2 -2 -1 0 1 2 -2 -1 0 1 2 -2 -1 0 1 2 -2 -1 0 1 2 -2 -1 0 1 2 -2 -1 0 1 2 -2 -1 0 1 2 -2 -1 0 1 2 -2 -1 0 1 2 -2 -1 0 1 2 -2 -1 0 1 2 -2 -1 0 1 2 -2 -1 0 1 2 -2 -1 0 1 2 -2 -1 0 1 2 -2 -1 0 1 2 -2 -1 0 1 2 -2 -1 0 1 2 -2 -1 0 1 2 -2 -1 0 1 2 -2 -1 0 1 2 -2 -1 0 1 2 -2 -1 0 1 2 -2 -1 0 1 2 -2 -1 0 1 2 -2
1 -2 0 2 -1 1 -2 0 2 -1 1 -2 0 2 -1 1 -2 0 2 -1 1 -2 0 2 -1 1 -2 0 2 -1 1 -2 0 2 -1 1 -2 0 2 -1 1 -2 0 2 -1 1 -2 0 2 -1 1 -2 0 2 -1 1 -2 0 2 -1 1 -2 0 2 -1 1 -2 0 2 -1 1 -2 0 2 -1 1 -2 0 2 -1 1 -2 0 2 -1 1 -2 0 2 -1 1 -2 0 2 -1 1 -2 0 2 -1 1 -2 0 2 -1 1 -2 0 2 -1 1 -2 0 2 -1 1 -2 0 2 -1 1 -2 0 2 -1 1 -2 0 2 -1 1 -2 0 2 -1 1 -2 0 2 -1 1 -2 0 2 -1 1 -2 0 2 -1 1 -2 0 2 -1 1 -2 0 2 -1 1 -2 0 2 -1 1 -2 0 2 -1 1 -2 0 2 -1 1 -2 0 2 -1 1 -2 0 2 -1 1 -2 0 2 -1 1 -2 0 2 -1 1 -2 0 2 -1 1 -2 0 2 -1 1 -2 0 2 -1 1 -2 0 2 -1 1 -2 0 2 -1 1 -2 0 2 -1 1 -2 0 2 -1 1 -2 0 2 -1 1 -2 0 2 -1 1 -2 0 2 -1 1 -2 0 2 -1 1 -2 0 2 -1 1 -2 0 2 -1 1 -2 0 2 -1 1 -2 0 2 -1 1 -2 0 2 -1 1 -2 0 2 -1 1 -2 0 2 722 1 -2 0 2 -1 1 -2 0 2 -1 1 -2 0 2 -1 1 -2 0 2 -1 1 -2 0 2 -1 1 -2 0 2 -1 1 -2 0 2 -1 1 -2 0 2 -1 1 -2 0 2 -1 1 -2 0 2 -1 1 -2 0 2 -1 1 -2 0 2 -1 1 -2 0 2 -1 1 -2 0 2 -1 1 -2 0 2 -1 1 -2 0 2 -1 1 -2 0 2 -1 1 -2 0 2 -1 1 -2 0 2 -1 1 -2 0 2 -1 1 -2 0 2 -1 1 -2 0 2 -1 1 -2 0 2 -1 1 -2 0 2 -1 1 -2 0 2 -1 1 -2 0 2 -1 1 -2 0 2 -1 1 -2 0 2 -1 1 -2 0 2 -1 1 -2 0 2 -1 1 -2 0 2 -1 1 -2 0 2 -1 1 -2 0 2 -1 1 -2 0 2 -1 1 -2 0 2 -1 1 -2 0 2 -1 1 -2 0 2 -1 1 -2 0 2 -1 1 -2 0 2 -1 1 -2 0 2 -1 1 -2 0 2 -1 1 -2 0 2 -1 1 -2 0 2 -1 1 -2 0 2 -1 1 -2 0 2 -1 1 -2 0 2 -1 1 -2 0 2 -1 1 -2 0 2 -1 1 -2 0 2 -1 1 -2 0 2 -1 1 -2 0 2 -1 1 -2 0 2 -1 1 -2 0 2 -1 1 -2 0 2 -1 1 -2 0 2 -1 1 -2 0 2 -1 1 -2 0 2 -1 1 -2 0 2 -1 1 -2 0 2 -1 1 -2 0 2 -1 1 -2 0 2 -1 1 -2 0 2 -1 1 -2 0 2 -1
-2 1 -1 2 0 -2 1 -1 2 0 -2 1 -1 2 0 -2 1 -1 2 0 -2 1 -1 2 0 -2 1 -1 2 0 -2 1 -1 2 0 -2 1 -1 2 0 -2 1 -1 2 0 -2 1 -1 2 0 -2 1 -1 2 0 -2 1 -1 2 0 -2 1 -1 2 0 -2 1 -1 2 0 -2 1 -1 2 0 -2 1 -1 2 0 -2 1 -1 2 0 -2 1 -1 2 0 -2 1 -1 2 0 -2 1 -1 2 0 -2 1 -1 2 0 -2 1 -1 2 0 -2 1 -1 2 0 -2 1 -1 2 0 -2 1 -1 2 0 -2 1 -1 2 0 -2 1 -1 2 0 -2 1 -1 2 0 -2 1 -1 2 0 -2 1 -1 2 0 -2 1 -1 2 0 -2 1 -1 2 0 -2 1 -1 2 0 -2 1 -1 2 0 -2 1 -1 2 0 -2 1 -1 2 0 -2 1 -1 2 0 -2 1 -1 2 0 -2 1 -1 2 0 -2 1 -1 2 0 -2 1 -1 2 0 -2 1 -1 2 0 -2 1 -1 2 0 -2 1 -1 2 0 -2 1 -1 2 0 -2 1 -1 2 0 -2 1 -1 2 0 -2 1 -1 2 0 -2 1 -1 2 0 -2 1 -1 2 0 -2 1 -1 2 0 -2 1 -1 2 0 -2 1 -1 2 0 -2 1 -1 2 0 -2 1 -1 2 0 -2 1 -1 2 0 -2 1 -1 2 0 721 1 -1 2 0 -2 1 -1 2 0 -2 1 -1 2 0 -2 1 -1 2 0 -2 1 -1 2 0 -2 1 -1 2 0 -2 1 -1 2 0 -2 1 -1 2 0 -2 1 -1 2 0 -2 1 -1 2 0 -2 1 -1 2 0 -2 1 -1 2 0 -2 1 -1 2 0 -2 1 -1 2 0 -2 1 -1 2 0 -2 1 -1 2 0 -2 1 -1 2 0 -2 1 -1 2 0 -2 1 -1 2 0 -2 1 -1 2 0 -2 1 -1 2 0 -2 1 -1 2 0 -2 1 -1 2 0 -2 1 -1 2 0 -2 1 -1 2 0 -2 1 -1 2 0 -2 1 -1 2 0 -2 1 -1 2 0 -2 1 -1 2 0 -2 1 -1 2 0 -2 1 -1 2 0 -2 1 -1 2 0 -2 1 -1 2 0 -2 1 -1 2 0 -2 1 -1 2 0 -2 1 -1 2 0 -2 1 -1 2 0 -2 1 -1 2 0 -2 1 -1 2 0 -2 1 -1 2 0 -2 1 -1 2 0 -2 1 -1 2 0 -2 1 -1 2 0 -2 1 -1 2 0 -2 1 -1 2 0 -2 1 -1 2 0 -2 1 -1 2 0 -2 1 -1 2 0 -2 1 -1 2 0 -2 1 -1 2 0 -2 1 -1 2 0 -2 1 -1 2 0 -2 1 -1 2 0 -2 1 -1 2 0 -2 1 -1 2 0 -2 1 -1 2 0 -2 1 -1 2 0 -2 1 -1 2 0 -2 1 -1 2 0 -2 1 -1 2 0 -2 1 -1 2 0 -2 1 -1 2 0 -2 1 -1 2 0
0 -1 -2 2 1 0 -1 -2 2 1 0 -1 -2 2 1 0 -1 -2 2 1 0 -1 -2 2 1 0 -1 -2 2 1 0 -1 -2 2 1 0 -1 -2 2 1 0 -1 -2 2 1 0 -1 -2 2 1 0 -1 -2 2 1 0 -1 -2 2 1 0 -1 -2 2 1 0 -1 -2 2 1 0 -1 -2 2 1 0 -1 -2 2 1 0 -1 -2 2 1 0 -1 -2 2 1 0 -1 -2 2 1 0 -1 -2 2 1 0 -1 -2 2 1 0 -1 -2 2 1 0 -1 -2 2 1 0 -1 -2 2 1 0 -1 -2 2 1 0 -1 -2 2 1 0 -1 -2 2 1 0 -1 -2 2 1 0 -1 -2 2 1 0 -1 -2 2 1 0 -1 -2 2 1 0 -1 -2 2 1 0 -1 -2 2 1 0 -1 -2 2 1 0 -1 -2 2 1 0 -1 -2 2 1 0 -1 -2 2 1 0 -1 -2 2 1 0 -1 -2 2 1 0 -1 -2 2 1 0 -1 -2 2 1 0 -1 -2 2 1 0 -1 -2 2 1 0 -1 -2 2 1 0 -1 -2 2 1 0 -1 -2 2 1 0 -1 -2 2 1 0 -1 -2 2 1 0 -1 -2 2 1 0 -1 -2 2 1 0 -1 -2 2 1 0 -1 -2 2 1 0 -1 -2 2 1 0 -1 -2 2 1 0 -1 -2 2 1 0 -1 -2 2 1 0 -1 -2 2 1 0 722 -2 2 1 0 -1 -2 2 1 0 -1 -2 2 1 0 -1 -2 2 1 0 -1 -2 2 1 0 -1 -2 2 1 0 -1 -2 2 1 0 -1 -2 2 1 0 -1 -2 2 1 0 -1 -2 2 1 0 -1 -2 2 1 0 -1 -2 2 1 0 -1 -2 2 1 0 -1 -2 2 1 0 -1 -2 2 1 0 -1 -2 2 1 0 -1 -2 2 1 0 -1 -2 2 1 0 -1 -2 2 1 0 -1 -2 2 1 0 -1 -2 2 1 0 -1 -2 2 1 0 -1 -2 2 1 0 -1 -2 2 1 0 -1 -2 2 1 0 -1 -2 2 1 0 -1 -2 2 1 0 -1 -2 2 1 0 -1 -2 2 1 0 -1 -2 2 1 0 -1 -2 2 1 0 -1 -2 2 1 0 -1 -2 2 1 0 -1 -2 2 1 0 -1 -2 2 1 0 -1 -2 2 1 0 -1 -2 2 1 0 -1 -2 2 1 0 -1 -2 2 1 0 -1 -2 2 1 0 -1 -2 2 1 0 -1 -2 2 1 0 -1 -2 2 1 0 -1 -2 2 1 0 -1 -2 2 1 0 -1 -2 2 1 0 -1 -2 2 1 0 -1 -2 2 1 0 -1 -2 2 1 0 -1 -2 2 1 0 -1 -2 2 1 0 -1 -2 2 1 0 -1 -2 2 1 0 -1 -2 2 1 0 -1 -2 2 1 0 -1 -2 2 1 0 -1 -2 2 1 0 -1 -2 2 1 0 -1 -2 2 1 0 -1 -2 2 1 0 -1 -2 2 1 0 -1 -2 2 1 0 -1 -2 2 1
2 2 2 2 2 2 2 2 2 2 2 2 2 2 2 2 2 2 2 2 2 2 2 2 2 2 2 2 2 2 2 2 2 2 2 2 2 2 2 2 2 2 2 2 2 2 2 2 2 2 2 2 2 2 2 2 2 2 2 2 2 2 2 2 2 2 2 2 2 2 2 2 2 2 2 2 2 2 2 2 2 2 2 2 2 2 2 2 2 2 2 2 2 2 2 2 2 2 2 2 2 2 2 2 2 2 2 2 2 2 2 2 2 2 2 2 2 2 2 2 2 2 2 2 2 2 2 2 2 2 2 2 2 2 2 2 2 2 2 2 2 2 2 2 2 2 2 2 2 2 2 2 2 2 2 2 2 2 2 2 2 2 2 2 2 2 2 2 2 2 2 2 2 2 2 2 2 2 2 2 2 2 2 2 2 2 2 2 2 2 2 2 2 2 2 2 2 2 2 2 2 2 2 2 2 2 2 2 2 2 2 2 2 2 2 2 2 2 2 2 2 2 2 2 2 2 2 2 2 2 2 2 2 2 2 2 2 2 2 2 2 2 2 2 2 2 2 2 2 2 2 2 2 2 2 2 2 2 2 2 2 2 2 2 2 2 2 2 2 2 2 2 2 2 2 2 2 2 2 2 2 2 2 2 2 2 2 1201 2 2 2 2 2 2 2 2 2 2 2 2 2 2 2 2 2 2 2 2 2 2 2 2 2 2 2 2 2 2 2 2 2 2 2 2 2 2 2 2 2 2 2 2 2 2 2 2 2 2 2 2 2 2 2 2 2 2 2 2 2 2 2 2 2 2 2 2 2 2 2 2 2 2 2 2 2 2 2 2 2 2 2 2 2 2 2 2 2 2 2 2 2 2 2 2 2 2 2 2 2 2 2 2 2 2 2 2 2 2 2 2 2 2 2 2 2 2 2 2 2 2 2 2 2 2 2 2 2 2 2 2 2 2 2 2 2 2 2 2 2 2 2 2 2 2 2 2 2 2 2 2 2 2 2 2 2 2 2 2 2 2 2 2 2 2 2 2 2 2 2 2 2 2 2 2 2 2 2 2 2 2 2 2 2 2 2 2 2 2 2 2 2 2 2 2 2 2 2 2 2 2 2 2 2 2 2 2 2 2 2 2 2 2 2 2 2 2 2 2 2 2 2 2 2 2 2 2 2 2 2 2 2 2 2 2 2 2 2 2 2 2 2 2 2 2 2 2 2 2 2 2 2 2 2 2 2 2 2 2 2 2 2 2 2 2 2 2 2 2 2 2 2 2 2 2 2 2 2 2 2 2 2 2 2 2 2 2 2 2 2 2 2 2 2 2 2 2 2 2 2 2 2 2 2 2 2 2 2 2 2 2
-1 0 1 2 -2 -1 0 1 2 -2 -1 0 1 2 -2 -1 0 1 2 -2 -1 0 1 2 -2 -1 0 1 2 -2 -1 0 1 2 -2 -1 0 1 2 -2 -1 0 1 2 -2 -1 0 1 2 -2 -1 0 1 2 -2 -1 0 1 2 -2 -1 0 1 2 -2 -1 0 1 2 -2 -1 0 1 2 -2 -1 0 1 2 -2 -1 0 1 2 -2 -1 0 1 2 -2 -1 0 1 2 -2 -1 0 1 2 -2 -1 0 1 2 -2 -1 0 1 2 -2 -1 0 1 2 -2 -1 0 1 2 -2 -1 0 1 2 -2 -1 0 1 2 -2 -1 0 1 2 -2 -1 0 1 2 -2 -1 0 1 2 -2 -1 0 1 2 -2 -1 0 1 2 -2 -1 0 1 2 -2 -1 0 1 2 -2 -1 0 1 2 -2 -1 0 1 2 -2 -1 0 1 2 -2 -1 0 1 2 -2 -1 0 1 2 -2 -1 0 1 2 -2 -1 0 1 2 -2 -1 0 1 2 -2 -1 0 1 2 -2 -1 0 1 2 -2 -1 0 1 2 -2 -1 0 1 2 -2 -1 0 1 2 -2 -1 0 1 2 -2 -1 0 1 2 -2 -1 0 1 2 -2 -1 0 1 2 -2 -1 0 1 2 -2 -1 0 1 2 -2 -1 0 1 2 -2 -1 0 1 2 -2 -1 0 1 2 -2 -1 0 1 2 -2 -1 0 1 2 -2 -1 0 1 721 -2 -1 0 1 2 -2 -1 0 1 2 -2 -1 0 1 2 -2 -1 0 1 2 -2 -1 0 1 2 -2 -1 0 1 2 -2 -1 0 1 2 -2 -1 0 1 2 -2 -1 0 1 2 -2 -1 0 1 2 -2 -1 0 1 2 -2 -1 0 1 2 -2 -1 0 1 2 -2 -1 0 1 2 -2 -1 0 1 2 -2 -1 0 1 2 -2 -1 0 1 2 -2 -1 0 1 2 -2 -1 0 1 2 -2 -1 0 1 2 -2 -1 0 1 2 -2 -1 0 1 2 -2 -1 0 1 2 -2 -1 0 1 2 -2 -1 0 1 2 -2 -1 0 1 2 -2 -1 0 1 2 -2 -1 0 1 2 -2 -1 0 1 2 -2 -1 0 1 2 -2 -1 0 1 2 -2 -1 0 1 2 -2 -1 0 1 2 -2 -1 0 1 2 -2 -1 0 1 2 -2 -1 0 1 2 -2 -1 0 1 2 -2 -1 0 1 2 -2 -1 0 1 2 -2 -1 0 1 2 -2 -1 0 1 2 -2 -1 0 1 2 -2 -1 0 1 2 -2 -1 0 1 2 -2 -1 0 1 2 -2 -1 0 1 2 -2 -1 0 1 2 -2 -1 0 1 2 -2 -1 0 1 2 -2 -1 0 1 2 -2 -1 0 1 2 -2 -1 0 1 2 -2 -1 0 1 2 -2 -1 0 1 2 -2 -1 0 1 2 -2 -1 0 1 2 -2 -1 0 1 2 -2 -1 0 1 2 -2 -1 0 1 2 -2 -1 0 1 2 -2 -1 0 1 2 -2 -1 0 1 2 -2
1 -2 0 2 -1 1 -2 0 2 -1 1 -2 0 2 -1 1 -2 0 2 -1 1 -2 0 2 -1 1 -2 0 2 -1 1 -2 0 2 -1 1 -2 0 2 -1 1 -2 0 2 -1 1 -2 0 2 -1 1 -2 0 2 -1 1 -2 0 2 -1 1 -2 0 2 -1 1 -2 0 2 -1 1 -2 0 2 -1 1 -2 0 2 -1 1 -2 0 2 -1 1 -2 0 2 -1 1 -2 0 2 -1 1 -2 0 2 -1 1 -2 0 2 -1 1 -2 0 2 -1 1 -2 0 2 -1 1 -2 0 2 -1 1 -2 0 2 -1 1 -2 0 2 -1 1 -2 0 2 -1 1 -2 0 2 -1 1 -2 0 2 -1 1 -2 0 2 -1 1 -2 0 2 -1 1 -2 0 2 -1 1 -2 0 2 -1 1 -2 0 2 -1 1 -2 0 2 -1 1 -2 0 2 -1 1 -2 0 2 -1 1 -2 0 2 -1 1 -2 0 2 -1 1 -2 0 2 -1 1 -2 0 2 -1 1 -2 0 2 -1 1 -2 0 2 -1 1 -2 0 2 -1 1 -2 0 2 -1 1 -2 0 2 -1 1 -2 0 2 -1 1 -2 0 2 -1 1 -2 0 2 -1 1 -2 0 2 -1 1 -2 0 2 -1 1 -2 0 2 -1 1 -2 0 2 -1 1 -2 0 2 -1 1 -2 0 2 -1 1 -2 0 2 -1 1 -2 0 2 -1 1 -2 0 2 722 1 -2 0 2 -1 1 -2 0 2 -1 1 -2 0 2 -1 1 -2 0 2 -1 1 -2 0 2 -1 1 -2 0 2 -1 1 -2 0 2 -1 1 -2 0 2 -1 1 -2 0 2 -1 1 -2 0 2 -1 1 -2 0 2 -1 1 -2 0 2 -1 1 -2 0 2 -1 1 -2 0 2 -1 1 -2 0 2 -1 1 -2 0 2 -1 1 -2 0 2 -1 1 -2 0 2 -1 1 -2 0 2 -1 1 -2 0 2 -1 1 -2 0 2 -1 1 -2 0 2 -1 1 -2 0 2 -1 1 -2 0 2 -1 1 -2 0 2 -1 1 -2 0 2 -1 1 -2 0 2 -1 1 -2 0 2 -1 1 -2 0 2 -1 1 -2 0 2 -1 1 -2 0 2 -1 1 -2 0 2 -1 1 -2 0 2 -1 1 -2 0 2 -1 1 -2 0 2 -1 1 -2 0 2 -1 1 -2 0 2 -1 1 -2 0 2 -1 1 -2 0 2 -1 1 -2 0 2 -1 1 -2 0 2 -1 1 -2 0 2 -1 1 -2 0 2 -1 1 -2 0 2 -1 1 -2 0 2 -1 1 -2 0 2 -1 1 -2 0 2 -1 1 -2 0 2 -1 1 -2 0 2 -1 1 -2 0 2 -1 1 -2 0 2 -1 1 -2 0 2 -1 1 -2 0 2 -1 1 -2 0 2 -1 1 -2 0 2 -1 1 -2 0 2 -1 1 -2 0 2 -1 1 -2 0 2 -1 1 -2 0 2 -1 1 -2 0 2 -1 1 -2 0 2 -1 1 -2 0 2 -1
-2 1 -1 2 0 -2 1 -1 2 0 -2 1 -1 2 0 -2 1 -1 2 0 -2 1 -1 2 0 -2 1 -1 2 0 -2 1 -1 2 0 -2 1 -1 2 0 -2 1 -1 2 0 -2 1 -1 2 0 -2 1 -1 2 0 -2 1 -1 2 0 -2 1 -1 2 0 -2 1 -1 2 0 -2 1 -1 2 0 -2 1 -1 2 0 -2 1 -1 2 0 -2 1 -1 2 0 -2 1 -1 2 0 -2 1 -1 2 0 -2 1 -1 2 0 -2 1 -1 2 0 -2 1 -1 2 0 -2 1 -1 2 0 -2 1 -1 2 0 -2 1 -1 2 0 -2 1 -1 2 0 -2 1 -1 2 0 -2 1 -1 2 0 -2 1 -1 2 0 -2 1 -1 2 0 -2 1 -1 2 0 -2 1 -1 2 0 -2 1 -1 2 0 -2 1 -1 2 0 -2 1 -1 2 0 -2 1 -1 2 0 -2 1 -1 2 0 -2 1 -1 2 0 -2 1 -1 2 0 -2 1 -1 2 0 -2 1 -1 2 0 -2 1 -1 2 0 -2 1 -1 2 0 -2 1 -1 2 0 -2 1 -1 2 0 -2 1 -1 2 0 -2 1 -1 2 0 -2 1 -1 2 0 -2 1 -1 2 0 -2 1 -1 2 0 -2 1 -1 2 0 -2 1 -1 2 0 -2 1 -1 2 0 -2 1 -1 2 0 -2 1 -1 2 0 -2 1 -1 2 0 -2 1 -1 2 0 721 1 -1 2 0 -2 1 -1 2 0 -2 1 -1 2 0 -2 1 -1 2 0 -2 1 -1 2 0 -2 1 -1 2 0 -2 1 -1 2 0 -2 1 -1 2 0 -2 1 -1 2 0 -2 1 -1 2 0 -2 1 -1 2 0 -2 1 -1 2 0 -2 1 -1 2 0 -2 1 -1 2 0 -2 1 -1 2 0 -2 1 -1 2 0 -2 1 -1 2 0 -2 1 -1 2 0 -2 1 -1 2 0 -2 1 -1 2 0 -2 1 -1 2 0 -2 1 -1 2 0 -2 1 -1 2 0 -2 1 -1 2 0 -2 1 -1 2 0 -2 1 -1 2 0 -2 1 -1 2 0 -2 1 -1 2 0 -2 1 -1 2 0 -2 1 -1 2 0 -2 1 -1 2 0 -2 1 -1 2 0 -2 1 -1 2 0 -2 1 -1 2 0 -2 1 -1 2 0 -2 1 -1 2 0 -2 1 -1 2 0 -2 1 -1 2 0 -2 1 -1 2 0 -2 1 -1 2 0 -2 1 -1 2 0 -2 1 -1 2 0 -2 1 -1 2 0 -2 1 -1 2 0 -2 1 -1 2 0 -2 1 -1 2 0 -2 1 -1 2 0 -2 1 -1 2 0 -2 1 -1 2 0 -2 1 -1 2 0 -2 1 -1 2 0 -2 1 -1 2 0 -2 1 -1 2 0 -2 1 -1 2 0 -2 1 -1 2 0 -2 1 -1 2 0 -2 1 -1 2 0 -2 1 -1 2 0 -2 1 -1 2 0 -2 1 -1 2 0 -2 1 -1 2 0 -2 1 -1 2 0
0 -1 -2 2 1 0 -1 -2 2 1 0 -1 -2 2 1 0 -1 -2 2 1 0 -1 -2 2 1 0 -1 -2 2 1 0 -1 -2 2 1 0 -1 -2 2 1 0 -1 -2 2 1 0 -1 -2 2 1 0 -1 -2 2 1 0 -1 -2 2 1 0 -1 -2 2 1 0 -1 -2 2 1 0 -1 -2 2 1 0 -1 -2 2 1 0 -1 -2 2 1 0 -1 -2 2 1 0 -1 -2 2 1 0 -1 -2 2 1 0 -1 -2 2 1 0 -1 -2 2 1 0 -1 -2 2 1 0 -1 -2 2 1 0 -1 -2 2 1 0 -1 -2 2 1 0 -1 -2 2 1 0 -1 -2 2 1 0 -1 -2 2 1 0 -1 -2 2 1 0 -1 -2 2 1 0 -1 -2 2 1 0 -1 -2 2 1 0 -1 -2 2 1 0 -1 -2 2 1 0 -1 -2 2 1 0 -1 -2 2 1 0 -1 -2 2 1 0 -1 -2 2 1 0 -1 -2 2 1 0 -1 -2 2 1 0 -1 -2 2 1 0 -1 -2 2 1 0 -1 -2 2 1 0 -1 -2 2 1 0 -1 -2 2 1 0 -1 -2 2 1 0 -1 -2 2 1 0 -1 -2 2 1 0 -1 -2 2 1 0 -1 -2 2 1 0 -1 -2 2 1 0 -1 -2 2 1 0 -1 -2 2 1 0 -1 -2 2 1 0 -1 -2 2 1 0 -1 -2 2 1 0 -1 -2 2 1 0 722 -2 2 1 0 -1 -2 2 1 0 -1 -2 2 1 0 -1 -2 2 1 0 -1 -2 2 1 0 -1 -2 2 1 0 -1 -2 2 1 0 -1 -2 2 1 0 -1 -2 2 1 0 -1 -2 2 1 0 -1 -2 2 1 0 -1 -2 2 1 0 -1 -2 2 1 0 -1 -2 2 1 0 -1 -2 2 1 0 -1 -2 2 1 0 -1 -2 2 1 0 -1 -2 2 1 0 -1 -2 2 1 0 -1 -2 2 1 0 -1 -2 2 1 0 -1 -2 2 1 0 -1 -2 2 1 0 -1 -2 2 1 0 -1 -2 2 1 0 -1 -2 2 1 0 -1 -2 2 1 0 -1 -2 2 1 0 -1 -2 2 1 0 -1 -2 2 1 0 -1 -2 2 1 0 -1 -2 2 1 0 -1 -2 2 1 0 -1 -2 2 1 0 -1 -2 2 1 0 -1 -2 2 1 0 -1 -2 2 1 0 -1 -2 2 1 0 -1 -2 2 1 0 -1 -2 2 1 0 -1 -2 2 1 0 -1 -2 2 1 0 -1 -2 2 1 0 -1 -2 2 1 0 -1 -2 2 1 0 -1 -2 2 1 0 -1 -2 2 1 0 -1 -2 2 1 0 -1 -2 2 1 0 -1 -2 2 1 0 -1 -2 2 1 0 -1 -2 2 1 0 -1 -2 2 1 0 -1 -2 2 1 0 -1 -2 2 1 0 -1 -2 2 1 0 -1 -2 2 1 0 -1 -2 2 1 0 -1 -2 2 1 0 -1 -2 2 1 0 -1 -2 2 1 0 -1 -2 2 1
2 2 2 2 2 2 2 2 2 2 2 2 2 2 2 2 2 2 2 2 2 2 2 2 2 2 2 2 2 2 2 2 2 2 2 2 2 2 2 2 2 2 2 2 2 2 2 2 2 2 2 2 2 2 2 2 2 2 2 2 2 2 2 2 2 2 2 2 2 2 2 2 2 2 2 2 2 2 2 2 2 2 2 2 2 2 2 2 2 2 2 2 2 2 2 2 2 2 2 2 2 2 2 2 2 2 2 2 2 2 2 2 2 2 2 2 2 2 2 2 2 2 2 2 2 2 2 2 2 2 2 2 2 2 2 2 2 2 2 2 2 2 2 2 2 2 2 2 2 2 2 2 2 2 2 2 2 2 2 2 2 2 2 2 2 2 2 2 2 2 2 2 2 2 2 2 2 2 2 2 2 2 2 2 2 2 2 2 2 2 2 2 2 2 2 2 2 2 2 2 2 2 2 2 2 2 2 2 2 2 2 2 2 2 2 2 2 2 2 2 2 2 2 2 2 2 2 2 2 2 2 2 2 2 2 2 2 2 2 2 2 2 2 2 2 2 2 2 2 2 2 2 2 2 2 2 2 2 2 2 2 2 2 2 2 2 2 2 2 2 2 2 2 2 2 2 2 2 2 2 2 2 2 2 2 2 2 2 2 2 2 2 1201 2 2 2 2 2 2 2 2 2 2 2 2 2 2 2 2 2 2 2 2 2 2 2 2 2 2 2 2 2 2 2 2 2 2 2 2 2 2 2 2 2 2 2 2 2 2 2 2 2 2 2 2 2 2 2 2 2 2 2 2 2 2 2 2 2 2 2 2 2 2 2 2 2 2 2 2 2 2 2 2 2 2 2 2 2 2 2 2 2 2 2 2 2 2 2 2 2 2 2 2 2 2 2 2 2 2 2 2 2 2 2 2 2 2 2 2 2 2 2 2 2 2 2 2 2 2 2 2 2 2 2 2 2 2 2 2 2 2 2 2 2 2 2 2 2 2 2 2 2 2 2 2 2 2 2 2 2 2 2 2 2 2 2 2 2 2 2 2 2 2 2 2 2 2 2 2 2 2 2 2 2 2 2 2 2 2 2 2 2 2 2 2 2 2 2 2 2 2 2 2 2 2 2 2 2 2 2 2 2 2 2 2 2 2 2 2 2 2 2 2 2 2 2 2 2 2 2 2 2 2 2 2 2 2 2 2 2 2 2 2 2 2 2 2 2 2 2 2 2 2 2 2 2 2 2 2 2 2 2 2 2 2 2 2 2 2 2 2 2 2 2 2 2 2 2 2 2 2 2 2 2 2 2 2 2 2 2 2 2 2 2 2 2 2 2 2 2 2 2 2 2 2 2 2 2 2 2
-1 0 1 2 -2 -1 0 1 2 -2 -1 0 1 2 -2 -1 0 1 2 -2 -1 0 1 2 -2 -1 0 1 2 -2 -1 0 1 2 -2 -1 0 1 2 -2 -1 0 1 2 -2 -1 0 1 2 -2 -1 0 1 2 -2 -1 0 1 2 -2 -1 0 1 2 -2 -1 0 1 2 -2 -1 0 1 2 -2 -1 0 1 2 -2 -1 0 1 2 -2 -1 0 1 2 -2 -1 0 1 2 -2 -1 0 1 2 -2 -1 0 1 2 -2 -1 0 1 2 -2 -1 0 1 2 -2 -1 0 1 2 -2 -1 0 1 2 -2 -1 0 1 2 -2 -1 0 1 2 -2 -1 0 1 2 -2 -1 0 1 2 -2 -1 0 1 2 -2 -1 0 1 2 -2 -1 0 1 2 -2 -1 0 1 2 -2 -1 0 1 2 -2 -1 0 1 2 -2 -1 0 1 2 -2 -1 0 1 2 -2 -1 0 1 2 -2 -1 0 1 2 -2 -1 0 1 2 -2 -1 0 1 2 -2 -1 0 1 2 -2 -1 0 1 2 -2 -1 0 1 2 -2 -1 0 1 2 -2 -1 0 1 2 -2 -1 0 1 2 -2 -1 0 1 2 -2 -1 0 1 2 -2 -1 0 1 2 -2 -1 0 1 2 -2 -1 0 1 2 -2 -1 0 1 2 -2 -1 0 1 2 -2 -1 0 1 2 -2 -1 0 1 2 -2 -1 0 1 2 -2 -1 0 1 2 -2 -1 0 1 721 -2 -1 0 1 2 -2 -1 0 1 2 -2 -1 0 1 2 -2 -1 0 1 2 -2 -1 0 1 2 -2 -1 0 1 2 -2 -1 0 1 2 -2 -1 0 1 2 -2 -1 0 1 2 -2 -1 0 1 2 -2 -1 0 1 2 -2 -1 0 1 2 -2 -1 0 1 2 -2 -1 0 1 2 -2 -1 0 1 2 -2 -1 0 1 2 -2 -1 0 1 2 -2 -1 0 1 2 -2 -1 0 1 2 -2 -1 0 1 2 -2 -1 0 1 2 -2 -1 0 1 2 -2 -1 0 1 2 -2 -1 0 1 2 -2 -1 0 1 2 -2 -1 0 1 2 -2 -1 0 1 2 -2 -1 0 1 2 -2 -1 0 1 2 -2 -1 0 1 2 -2 -1 0 1 2 -2 -1 0 1 2 -2 -1 0 1 2 -2 -1 0 1 2 -2 -1 0 1 2 -2 -1 0 1 2 -2 -1 0 1 2 -2 -1 0 1 2 -2 -1 0 1 2 -2 -1 0 1 2 -2 -1 0 1 2 -2 -1 0 1 2 -2 -1 0 1 2 -2 -1 0 1 2 -2 -1 0 1 2 -2 -1 0 1 2 -2 -1 0 1 2 -2 -1 0 1 2 -2 -1 0 1 2 -2 -1 0 1 2 -2 -1 0 1 2 -2 -1 0 1 2 -2 -1 0 1 2 -2 -1 0 1 2 -2 -1 0 1 2 -2 -1 0 1 2 -2 -1 0 1 2 -2 -1 0 1 2 -2 -1 0 1 2 -2 -1 0 1 2 -2 -1 0 1 2 -2
1 -2 0 2 -1 1 -2 0 2 -1 1 -2 0 2 -1 1 -2 0 2 -1 1 -2 0 2 -1 1 -2 0 2 -1 1 -2 0 2 -1 1 -2 0 2 -1 1 -2 0 2 -1 1 -2 0 2 -1 1 -2 0 2 -1 1 -2 0 2 -1 1 -2 0 2 -1 1 -2 0 2 -1 1 -2 0 2 -1 1 -2 0 2 -1 1 -2 0 2 -1 1 -2 0 2 -1 1 -2 0 2 -1 1 -2 0 2 -1 1 -2 0 2 -1 1 -2 0 2 -1 1 -2 0 2 -1 1 -2 0 2 -1 1 -2 0 2 -1 1 -2 0 2 -1 1 -2 0 2 -1 1 -2 0 2 -1 1 -2 0 2 -1 1 -2 0 2 -1 1 -2 0 2 -1 1 -2 0 2 -1 1 -2 0 2 -1 1 -2 0 2 -1 1 -2 0 2 -1 1 -2 0 2 -1 1 -2 0 2 -1 1 -2 0 2 -1 1 -2 0 2 -1 1 -2 0 2 -1 1 -2 0 2 -1 1 -2 0 2 -1 1 -2 0 2 -1 1 -2 0 2 -1 1 -2 0 2 -1 1 -2 0 2 -1 1 -2 0 2 -1 1 -2 0 2 -1 1 -2 0 2 -1 1 -2 0 2 -1 1 -2 0 2 -1 1 -2 0 2 -1 1 -2 0 2 -1 1 -2 0 2 -1 1 -2 0 2 -1 1 -2 0 2 -1 1 -2 0 2 -1 1 -2 0 2 -1 1 -2 0 2 722 1 -2 0 2 -1 1 -2 0 2 -1 1 -2 0 2 -1 1 -2 0 2 -1 1 -2 0 2 -1 1 -2 0 2 -1 1 -2 0 2 -1 1 -2 0 2 -1 1 -2 0 2 -1 1 -2 0 2 -1 1 -2 0 2 -1 1 -2 0 2 -1 1 -2 0 2 -1 1 -2 0 2 -1 1 -2 0 2 -1 1 -2 0 2 -1 1 -2 0 2 -1 1 -2 0 2 -1 1 -2 0 2 -1 1 -2 0 2 -1 1 -2 0 2 -1 1 -2 0 2 -1 1 -2 0 2 -1 1 -2 0 2 -1 1 -2 0 2 -1 1 -2 0 2 -1 1 -2 0 2 -1 1 -2 0 2 -1 1 -2 0 2 -1 1 -2 0 2 -1 1 -2 0 2 -1 1 -2 0 2 -1 1 -2 0 2 -1 1 -2 0 2 -1 1 -2 0 2 -1 1 -2 0 2 -1 1 -2 0 2 -1 1 -2 0 2 -1 1 -2 0 2 -1 1 -2 0 2 -1 1 -2 0 2 -1 1 -2 0 2 -1 1 -2 0 2 -1 1 -2 0 2 -1 1 -2 0 2 -1 1 -2 0 2 -1 1 -2 0 2 -1 1 -2 0 2 -1 1 -2 0 2 -1 1 -2 0 2 -1 1 -2 0 2 -1 1 -2 0 2 -1 1 -2 0 2 -1 1 -2 0 2 -1 1 -2 0 2 -1 1 -2 0 2 -1 1 -2 0 2 -1 1 -2 0 2 -1 1 -2 0 2 -1 1 -2 0 2 -1 1 -2 0 2 -1
-2 1 -1 2 0 -2 1 -1 2 0 -2 1 -1 2 0 -2 1 -1 2 0 -2 1 -1 2 0 -2 1 -1 2 0 -2 1 -1 2 0 -2 1 -1 2 0 -2 1 -1 2 0 -2 1 -1 2 0 -2 1 -1 2 0 -2 1 -1 2 0 -2 1 -1 2 0 -2 1 -1 2 0 -2 1 -1 2 0 -2 1 -1 2 0 -2 1 -1 2 0 -2 1 -1 2 0 -2 1 -1 2 0 -2 1 -1 2 0 -2 1 -1 2 0 -2 1 -1 2 0 -2 1 -1 2 0 -2 1 -1 2 0 -2 1 -1 2 0 -2 1 -1 2 0 -2 1 -1 2 0 -2 1 -1 2 0 -2 1 -1 2 0 -2 1 -1 2 0 -2 1 -1 2 0 -2 1 -1 2 0 -2 1 -1 2 0 -2 1 -1 2 0 -2 1 -1 2 0 -2 1 -1 2 0 -2 1 -1 2 0 -2 1 -1 2 0 -2 1 -1 2 0 -2 1 -1 2 0 -2 1 -1 2 0 -2 1 -1 2 0 -2 1 -1 2 0 -2 1 -1 2 0 -2 1 -1 2 0 -2 1 -1 2 0 -2 1 -1 2 0 -2 1 -1 2 0 -2 1 -1 2 0 -2 1 -1 2 0 -2 1 -1 2 0 -2 1 -1 2 0 -2 1 -1 2 0 -2 1 -1 2 0 -2 1 -1 2 0 -2 1 -1 2 0 -2 1 -1 2 0 -2 1 -1 2 0 -2 1 -1 2 0 721 1 -1 2 0 -2 1 -1 2 0 -2 1 -1 2 0 -2 1 -1 2 0 -2 1 -1 2 0 -2 1 -1 2 0 -2 1 -1 2 0 -2 1 -1 2 0 -2 1 -1 2 0 -2 1 -1 2 0 -2 1 -1 2 0 -2 1 -1 2 0 -2 1 -1 2 0 -2 1 -1 2 0 -2 1 -1 2 0 -2 1 -1 2 0 -2 1 -1 2 0 -2 1 -1 2 0 -2 1 -1 2 0 -2 1 -1 2 0 -2 1 -1 2 0 -2 1 -1 2 0 -2 1 -1 2 0 -2 1 -1 2 0 -2 1 -1 2 0 -2 1 -1 2 0 -2 1 -1 2 0 -2 1 -1 2 0 -2 1 -1 2 0 -2 1 -1 2 0 -2 1 -1 2 0 -2 1 -1 2 0 -2 1 -1 2 0 -2 1 -1 2 0 -2 1 -1 2 0 -2 1 -1 2 0 -2 1 -1 2 0 -2 1 -1 2 0 -2 1 -1 2 0 -2 1 -1 2 0 -2 1 -1 2 0 -2 1 -1 2 0 -2 1 -1 2 0 -2 1 -1 2 0 -2 1 -1 2 0 -2 1 -1 2 0 -2 1 -1 2 0 -2 1 -1 2 0 -2 1 -1 2 0 -2 1 -1 2 0 -2 1 -1 2 0 -2 1 -1 2 0 -2 1 -1 2 0 -2 1 -1 2 0 -2 1 -1 2 0 -2 1 -1 2 0 -2 1 -1 2 0 -2 1 -1 2 0 -2 1 -1 2 0 -2 1 -1 2 0 -2 1 -1 2 0
0 -1 -2 2 1 0 -1 -2 2 1 0 -1 -2 2 1 0 -1 -2 2 1 0 -1 -2 2 1 0 -1 -2 2 1 0 -1 -2 2 1 0 -1 -2 2 1 0 -1 -2 2 1 0 -1 -2 2 1 0 -1 -2 2 1 0 -1 -2 2 1 0 -1 -2 2 1 0 -1 -2 2 1 0 -1 -2 2 1 0 -1 -2 2 1 0 -1 -2 2 1 0 -1 -2 2 1 0 -1 -2 2 1 0 -1 -2 2 1 0 -1 -2 2 1 0 -1 -2 2 1 0 -1 -2 2 1 0 -1 -2 2 1 0 -1 -2 2 1 0 -1 -2 2 1 0 -1 -2 2 1 0 -1 -2 2 1 0 -1 -2 2 1 0 -1 -2 2 1 0 -1 -2 2 1 0 -1 -2 2 1 0 -1 -2 2 1 0 -1 -2 2 1 0 -1 -2 2 1 0 -1 -2 2 1 0 -1 -2 2 1 0 -1 -2 2 1 0 -1 -2 2 1 0 -1 -2 2 1 0 -1 -2 2 1 0 -1 -2 2 1 0 -1 -2 2 1 0 -1 -2 2 1 0 -1 -2 2 1 0 -1 -2 2 1 0 -1 -2 2 1 0 -1 -2 2 1 0 -1 -2 2 1 0 -1 -2 2 1 0 -1 -2 2 1 0 -1 -2 2 1 0 -1 -2 2 1 0 -1 -2 2 1 0 -1 -2 2 1 0 -1 -2 2 1 0 -1 -2 2 1 0 -1 -2 2 1 0 -1 -2 2 1 0 722 -2 2 1 0 -1 -2 2 1 0 -1 -2 2 1 0 -1 -2 2 1 0 -1 -2 2 1 0 -1 -2 2 1 0 -1 -2 2 1 0 -1 -2 2 1 0 -1 -2 2 1 0 -1 -2 2 1 0 -1 -2 2 1 0 -1 -2 2 1 0 -1 -2 2 1 0 -1 -2 2 1 0 -1 -2 2 1 0 -1 -2 2 1 0 -1 -2 2 1 0 -1 -2 2 1 0 -1 -2 2 1 0 -1 -2 2 1 0 -1 -2 2 1 0 -1 -2 2 1 0 -1 -2 2 1 0 -1 -2 2 1 0 -1 -2 2 1 0 -1 -2 2 1 0 -1 -2 2 1 0 -1 -2 2 1 0 -1 -2 2 1 0 -1 -2 2 1 0 -1 -2 2 1 0 -1 -2 2 1 0 -1 -2 2 1 0 -1 -2 2 1 0 -1 -2 2 1 0 -1 -2 2 1 0 -1 -2 2 1 0 -1 -2 2 1 0 -1 -2 2 1 0 -1 -2 2 1 0 -1 -2 2 1 0 -1 -2 2 1 0 -1 -2 2 1 0 -1 -2 2 1 0 -1 -2 2 1 0 -1 -2 2 1 0 -1 -2 2 1 0 -1 -2 2 1 0 -1 -2 2 1 0 -1 -2 2 1 0 -1 -2 2 1 0 -1 -2 2 1 0 -1 -2 2 1 0 -1 -2 2 1 0 -1 -2 2 1 0 -1 -2 2 1 0 -1 -2 2 1 0 -1 -2 2 1 0 -1 -2 2 1 0 -1 -2 2 1 0 -1 -2 2 1
2 2 2 2 2 2 2 2 2 2 2 2 2 2 2 2 2 2 2 2 2 2 2 2 2 2 2 2 2 2 2 2 2 2 2 2 2 2 2 2 2 2 2 2 2 2 2 2 2 2 2 2 2 2 2 2 2 2 2 2 2 2 2 2 2 2 2 2 2 2 2 2 2 2 2 2 2 2 2 2 2 2 2 2 2 2 2 2 2 2 2 2 2 2 2 2 2 2 2 2 2 2 2 2 2 2 2 2 2 2 2 2 2 2 2 2 2 2 2 2 2 2 2 2 2 2 2 2 2 2 2 2 2 2 2 2 2 2 2 2 2 2 2 2 2 2 2 2 2 2 2 2 2 2 2 2 2 2 2 2 2 2 2 2 2 2 2 2 2 2 2 2 2 2 2 2 2 2 2 2 2 2 2 2 2 2 2 2 2 2 2 2 2 2 2 2 2 2 2 2 2 2 2 2 2 2 2 2 2 2 2 2 2 2 2 2 2 2 2 2 2 2 2 2 2 2 2 2 2 2 2 2 2 2 2 2 2 2 2 2 2 2 2 2 2 2 2 2 2 2 2 2 2 2 2 2 2 2 2 2 2 2 2 2 2 2 2 2 2 2 2 2 2 2 2 2 2 2 2 2 2 2 2 2 2 2 2 2 2 2 2 2 2 2 2 2 2 1201 2 2 2 2 2 2 2 2 2 2 2 2 2 2 2 2 2 2 2 2 2 2 2 2 2 2 2 2 2 2 2 2 2 2 2 2 2 2 2 2 2 2 2 2 2 2 2 2 2 2 2 2 2 2 2 2 2 2 2 2 2 2 2 2 2 2 2 2 2 2 2 2 2 2 2 2 2 2 2 2 2 2 2 2 2 2 2 2 2 2 2 2 2 2 2 2 2 2 2 2 2 2 2 2 2 2 2 2 2 2 2 2 2 2 2 2 2 2 2 2 2 2 2 2 2 2 2 2 2 2 2 2 2 2 2 2 2 2 2 2 2 2 2 2 2 2 2 2 2 2 2 2 2 2 2 2 2 2 2 2 2 2 2 2 2 2 2 2 2 2 2 2 2 2 2 2 2 2 2 2 2 2 2 2 2 2 2 2 2 2 2 2 2 2 2 2 2 2 2 2 2 2 2 2 2 2 2 2 2 2 2 2 2 2 2 2 2 2 2 2 2 2 2 2 2 2 2 2 2 2 2 2 2 2 2 2 2 2 2 2 2 2 2 2 2 2 2 2 2 2 2 2 2 2 2 2 2 2 2 2 2 2 2 2 2 2 2 2 2 2 2 2 2 2 2 2 2 2 2 2 2 2 2 2 2 2 2 2 2 2 2 2 2 2 2 2 2 2 2 2 2 2
-1 0 1 2 -2 -1 0 1 2 -2 -1 0 1 2 -2 -1 0 1 2 -2 -1 0 1 2 -2 -1 0 1 2 -2 -1 0 1 2 -2 -1 0 1 2 -2 -1 0 1 2 -2 -1 0 1 2 -2 -1 0 1 2 -2 -1 0 1 2 -2 -1 0 1 2 -2 -1 0 1 2 -2 -1 0 1 2 -2 -1 0 1 2 -2 -1 0 1 2 -2 -1 0 1 2 -2 -1 0 1 2 -2 -1 0 1 2 -2 -1 0 1 2 -2 -1 0 1 2 -2 -1 0 1 2 -2 -1 0 1 2 -2 -1 0 1 2 -2 -1 0 1 2 -2 -1 0 1 2 -2 -1 0 1 2 -2 -1 0 1 2 -2 -1 0 1 2 -2 -1 0 1 2 -2 -1 0 1 2 -2 -1 0 1 2 -2 -1 0 1 2 -2 -1 0 1 2 -2 -1 0 1 2 -2 -1 0 1 2 -2 -1 0 1 2 -2 -1 0 1 2 -2 -1 0 1 2 -2 -1 0 1 2 -2 -1 0 1 2 -2 -1 0 1 2 -2 -1 0 1 2 -2 -1 0 1 2 -2 -1 0 1 2 -2 -1 0 1 2 -2 -1 0 1 2 -2 -1 0 1 2 -2 -1 0 1 2 -2 -1 0 1 2 -2 -1 0 1 2 -2 -1 0 1 2 -2 -1 0 1 2 -2 -1 0 1 2 -2 -1 0 1 2 -2 -1 0 1 2 -2 -1 0 1 2 -2 -1 0 1 2 -2 -1 0 1 721 -2 -1 0 1 2 -2 -1 0 1 2 -2 -1 0 1 2 -2 -1 0 1 2 -2 -1 0 1 2 -2 -1 0 1 2 -2 -1 0 1 2 -2 -1 0 1 2 -2 -1 0 1 2 -2 -1 0 1 2 -2 -1 0 1 2 -2 -1 0 1 2 -2 -1 0 1 2 -2 -1 0 1 2 -2 -1 0 1 2 -2 -1 0 1 2 -2 -1 0 1 2 -2 -1 0 1 2 -2 -1 0 1 2 -2 -1 0 1 2 -2 -1 0 1 2 -2 -1 0 1 2 -2 -1 0 1 2 -2 -1 0 1 2 -2 -1 0 1 2 -2 -1 0 1 2 -2 -1 0 1 2 -2 -1 0 1 2 -2 -1 0 1 2 -2 -1 0 1 2 -2 -1 0 1 2 -2 -1 0 1 2 -2 -1 0 1 2 -2 -1 0 1 2 -2 -1 0 1 2 -2 -1 0 1 2 -2 -1 0 1 2 -2 -1 0 1 2 -2 -1 0 1 2 -2 -1 0 1 2 -2 -1 0 1 2 -2 -1 0 1 2 -2 -1 0 1 2 -2 -1 0 1 2 -2 -1 0 1 2 -2 -1 0 1 2 -2 -1 0 1 2 -2 -1 0 1 2 -2 -1 0 1 2 -2 -1 0 1 2 -2 -1 0 1 2 -2 -1 0 1 2 -2 -1 0 1 2 -2 -1 0 1 2 -2 -1 0 1 2 -2 -1 0 1 2 -2 -1 0 1 2 -2 -1 0 1 2 -2 -1 0 1 2 -2 -1 0 1 2 -2
1 -2 0 2 -1 1 -2 0 2 -1 1 -2 0 2 -1 1 -2 0 2 -1 1 -2 0 2 -1 1 -2 0 2 -1 1 -2 0 2 -1 1 -2 0 2 -1 1 -2 0 2 -1 1 -2 0 2 -1 1 -2 0 2 -1 1 -2 0 2 -1 1 -2 0 2 -1 1 -2 0 2 -1 1 -2 0 2 -1 1 -2 0 2 -1 1 -2 0 2 -1 1 -2 0 2 -1 1 -2 0 2 -1 1 -2 0 2 -1 1 -2 0 2 -1 1 -2 0 2 -1 1 -2 0 2 -1 1 -2 0 2 -1 1 -2 0 2 -1 1 -2 0 2 -1 1 -2 0 2 -1 1 -2 0 2 -1 1 -2 0 2 -1 1 -2 0 2 -1 1 -2 0 2 -1 1 -2 0 2 -1 1 -2 0 2 -1 1 -2 0 2 -1 1 -2 0 2 -1 1 -2 0 2 -1 1 -2 0 2 -1 1 -2 0 2 -1 1 -2 0 2 -1 1 -2 0 2 -1 1 -2 0 2 -1 1 -2 0 2 -1 1 -2 0 2 -1 1 -2 0 2 -1 1 -2 0 2 -1 1 -2 0 2 -1 1 -2 0 2 -1 1 -2 0 2 -1 1 -2 0 2 -1 1 -2 0 2 -1 1 -2 0 2 -1 1 -2 0 2 -1 1 -2 0 2 -1 1 -2 0 2 -1 1 -2 0 2 -1 1 -2 0 2 -1 1 -2 0 2 -1 1 -2 0 2 -1 1 -2 0 2 -1 1 -2 0 2 722 1 -2 0 2 -1 1 -2 0 2 -1 1 -2 0 2 -1 1 -2 0 2 -1 1 -2 0 2 -1 1 -2 0 2 -1 1 -2 0 2 -1 1 -2 0 2 -1 1 -2 0 2 -1 1 -2 0 2 -1 1 -2 0 2 -1 1 -2 0 2 -1 1 -2 0 2 -1 1 -2 0 2 -1 1 -2 0 2 -1 1 -2 0 2 -1 1 -2 0 2 -1 1 -2 0 2 -1 1 -2 0 2 -1 1 -2 0 2 -1 1 -2 0 2 -1 1 -2 0 2 -1 1 -2 0 2 -1 1 -2 0 2 -1 1 -2 0 2 -1 1 -2 0 2 -1 1 -2 0 2 -1 1 -2 0 2 -1 1 -2 0 2 -1 1 -2 0 2 -1 1 -2 0 2 -1 1 -2 0 2 -1 1 -2 0 2 -1 1 -2 0 2 -1 1 -2 0 2 -1 1 -2 0 2 -1 1 -2 0 2 -1 1 -2 0 2 -1 1 -2 0 2 -1 1 -2 0 2 -1 1 -2 0 2 -1 1 -2 0 2 -1 1 -2 0 2 -1 1 -2 0 2 -1 1 -2 0 2 -1 1 -2 0 2 -1 1 -2 0 2 -1 1 -2 0 2 -1 1 -2 0 2 -1 1 -2 0 2 -1 1 -2 0 2 -1 1 -2 0 2 -1 1 -2 0 2 -1 1 -2 0 2 -1 1 -2 0 2 -1 1 -2 0 2 -1 1 -2 0 2 -1 1 -2 0 2 -1 1 -2 0 2 -1 1 -2 0 2 -1
-2 1 -1 2 0 -2 1 -1 2 0 -2 1 -1 2 0 -2 1 -1 2 0 -2 1 -1 2 0 -2 1 -1 2 0 -2 1 -1 2 0 -2 1 -1 2 0 -2 1 -1 2 0 -2 1 -1 2 0 -2 1 -1 2 0 -2 1 -1 2 0 -2 1 -1 2 0 -2 1 -1 2 0 -2 1 -1 2 0 -2 1 -1 2 0 -2 1 -1 2 0 -2 1 -1 2 0 -2 1 -1 2 0 -2 1 -1 2 0 -2 1 -1 2 0 -2 1 -1 2 0 -2 1 -1 2 0 -2 1 -1 2 0 -2 1 -1 2 0 -2 1 -1 2 0 -2 1 -1 2 0 -2 1 -1 2 0 -2 1 -1 2 0 -2 1 -1 2 0 -2 1 -1 2 0 -2 1 -1 2 0 -2 1 -1 2 0 -2 1 -1 2 0 -2 1 -1 2 0 -2 1 -1 2 0 -2 1 -1 2 0 -2 1 -1 2 0 -2 1 -1 2 0 -2 1 -1 2 0 -2 1 -1 2 0 -2 1 -1 2 0 -2 1 -1 2 0 -2 1 -1 2 0 -2 1 -1 2 0 -2 1 -1 2 0 -2 1 -1 2 0 -2 1 -1 2 0 -2 1 -1 2 0 -2 1 -1 2 0 -2 1 -1 2 0 -2 1 -1 2 0 -2 1 -1 2 0 -2 1 -1 2 0 -2 1 -1 2 0 -2 1 -1 2 0 -2 1 -1 2 0 -2 1 -1 2 0 -2 1 -1 2 0 -2 1 -1 2 0 721 1 -1 2 0 -2 1 -1 2 0 -2 1 -1 2 0 -2 1 -1 2 0 -2 1 -1 2 0 -2 1 -1 2 0 -2 1 -1 2 0 -2 1 -1 2 0 -2 1 -1 2 0 -2 1 -1 2 0 -2 1 -1 2 0 -2 1 -1 2 0 -2 1 -1 2 0 -2 1 -1 2 0 -2 1 -1 2 0 -2 1 -1 2 0 -2 1 -1 2 0 -2 1 -1 2 0 -2 1 -1 2 0 -2 1 -1 2 0 -2 1 -1 2 0 -2 1 -1 2 0 -2 1 -1 2 0 -2 1 -1 2 0 -2 1 -1 2 0 -2 1 -1 2 0 -2 1 -1 2 0 -2 1 -1 2 0 -2 1 -1 2 0 -2 1 -1 2 0 -2 1 -1 2 0 -2 1 -1 2 0 -2 1 -1 2 0 -2 1 -1 2 0 -2 1 -1 2 0 -2 1 -1 2 0 -2 1 -1 2 0 -2 1 -1 2 0 -2 1 -1 2 0 -2 1 -1 2 0 -2 1 -1 2 0 -2 1 -1 2 0 -2 1 -1 2 0 -2 1 -1 2 0 -2 1 -1 2 0 -2 1 -1 2 0 -2 1 -1 2 0 -2 1 -1 2 0 -2 1 -1 2 0 -2 1 -1 2 0 -2 1 -1 2 0 -2 1 -1 2 0 -2 1 -1 2 0 -2 1 -1 2 0 -2 1 -1 2 0 -2 1 -1 2 0 -2 1 -1 2 0 -2 1 -1 2 0 -2 1 -1 2 0 -2 1 -1 2 0
0 -1 -2 2 1 0 -1 -2 2 1 0 -1 -2 2 1 0 -1 -2 2 1 0 -1 -2 2 1 0 -1 -2 2 1 0 -1 -2 2 1 0 -1 -2 2 1 0 -1 -2 2 1 0 -1 -2 2 1 0 -1 -2 2 1 0 -1 -2 2 1 0 -1 -2 2 1 0 -1 -2 2 1 0 -1 -2 2 1 0 -1 -2 2 1 0 -1 -2 2 1 0 -1 -2 2 1 0 -1 -2 2 1 0 -1 -2 2 1 0 -1 -2 2 1 0 -1 -2 2 1 0 -1 -2 2 1 0 -1 -2 2 1 0 -1 -2 2 1 0 -1 -2 2 1 0 -1 -2 2 1 0 -1 -2 2 1 0 -1 -2 2 1 0 -1 -2 2 1 0 -1 -2 2 1 0 -1 -2 2 1 0 -1 -2 2 1 0 -1 -2 2 1 0 -1 -2 2 1 0 -1 -2 2 1 0 -1 -2 2 1 0 -1 -2 2 1 0 -1 -2 2 1 0 -1 -2 2 1 0 -1 -2 2 1 0 -1 -2 2 1 0 -1 -2 2 1 0 -1 -2 2 1 0 -1 -2 2 1 0 -1 -2 2 1 0 -1 -2 2 1 0 -1 -2 2 1 0 -1 -2 2 1 0 -1 -2 2 1 0 -1 -2 2 1 0 -1 -2 2 1 0 -1 -2 2 1 0 -1 -2 2 1 0 -1 -2 2 1 0 -1 -2 2 1 0 -1 -2 2 1 0 -1 -2 2 1 0 -1 -2 2 1 0 -1 -2 2 1 0 722 -2 2 1 0 -1 -2 2 1 0 -1 -2 2 1 0 -1 -2 2 1 0 -1 -2 2 1 0 -1 -2 2 1 0 -1 -2 2 1 0 -1 -2 2 1 0 -1 -2 2 1 0 -1 -2 2 1 0 -1 -2 2 1 0 -1 -2 2 1 0 -1 -2 2 1 0 -1 -2 2 1 0 -1 -2 2 1 0 -1 -2 2 1 0 -1 -2 2 1 0 -1 -2 2 1 0 -1 -2 2 1 0 -1 -2 2 1 0 -1 -2 2 1 0 -1 -2 2 1 0 -1 -2 2 1 0 -1 -2 2 1 0 -1 -2 2 1 0 -1 -2 2 1 0 -1 -2 2 1 0 -1 -2 2 1 0 -1 -2 2 1 0 -1 -2 2 1 0 -1 -2 2 1 0 -1 -2 2 1 0 -1 -2 2 1 0 -1 -2 2 1 0 -1 -2 2 1 0 -1 -2 2 1 0 -1 -2 2 1 0 -1 -2 2 1 0 -1 -2 2 1 0 -1 -2 2 1 0 -1 -2 2 1 0 -1 -2 2 1 0 -1 -2 2 1 0 -1 -2 2 1 0 -1 -2 2 1 0 -1 -2 2 1 0 -1 -2 2 1 0 -1 -2 2 1 0 -1 -2 2 1 0 -1 -2 2 1 0 -1 -2 2 1 0 -1 -2 2 1 0 -1 -2 2 1 0 -1 -2 2 1 0 -1 -2 2 1 0 -1 -2 2 1 0 -1 -2 2 1 0 -1 -2 2 1 0 -1 -2 2 1 0 -1 -2 2 1
2 2 2 2 2 2 2 2 2 2 2 2 2 2 2 2 2 2 2 2 2 2 2 2 2 2 2 2 2 2 2 2 2 2 2 2 2 2 2 2 2 2 2 2 2 2 2 2 2 2 2 2 2 2 2 2 2 2 2 2 2 2 2 2 2 2 2 2 2 2 2 2 2 2 2 2 2 2 2 2 2 2 2 2 2 2 2 2 2 2 2 2 2 2 2 2 2 2 2 2 2 2 2 2 2 2 2 2 2 2 2 2 2 2 2 2 2 2 2 2 2 2 2 2 2 2 2 2 2 2 2 2 2 2 2 2 2 2 2 2 2 2 2 2 2 2 2 2 2 2 2 2 2 2 2 2 2 2 2 2 2 2 2 2 2 2 2 2 2 2 2 2 2 2 2 2 2 2 2 2 2 2 2 2 2 2 2 2 2 2 2 2 2 2 2 2 2 2 2 2 2 2 2 2 2 2 2 2 2 2 2 2 2 2 2 2 2 2 2 2 2 2 2 2 2 2 2 2 2 2 2 2 2 2 2 2 2 2 2 2 2 2 2 2 2 2 2 2 2 2 2 2 2 2 2 2 2 2 2 2 2 2 2 2 2 2 2 2 2 2 2 2 2 2 2 2 2 2 2 2 2 2 2 2 2 2 2 2 2 2 2 2 2 2 2 2 2 2 2 2 2 2 1201 2 2 2 2 2 2 2 2 2 2 2 2 2 2 2 2 2 2 2 2 2 2 2 2 2 2 2 2 2 2 2 2 2 2 2 2 2 2 2 2 2 2 2 2 2 2 2 2 2 2 2 2 2 2 2 2 2 2 2 2 2 2 2 2 2 2 2 2 2 2 2 2 2 2 2 2 2 2 2 2 2 2 2 2 2 2 2 2 2 2 2 2 2 2 2 2 2 2 2 2 2 2 2 2 2 2 2 2 2 2 2 2 2 2 2 2 2 2 2 2 2 2 2 2 2 2 2 2 2 2 2 2 2 2 2 2 2 2 2 2 2 2 2 2 2 2 2 2 2 2 2 2 2 2 2 2 2 2 2 2 2 2 2 2 2 2 2 2 2 2 2 2 2 2 2 2 2 2 2 2 2 2 2 2 2 2 2 2 2 2 2 2 2 2 2 2 2 2 2 2 2 2 2 2 2 2 2 2 2 2 2 2 2 2 2 2 2 2 2 2 2 2 2 2 2 2 2 2 2 2 2 2 2 2 2 2 2 2 2 2 2 2 2 2 2 2 2 2 2 2 2 2 2 2 2 2 2 2 2 2 2 2 2 2 2 2 2 2 2 2 2 2 2 2 2 2 2 2 2 2 2 2 2 2 2 2 2 2 2 2 2 2 2 2 2 2 2
-1 0 1 2 -2 -1 0 1 2 -2 -1 0 1 2 -2 -1 0 1 2 -2 -1 0 1 2 -2 -1 0 1 2 -2 -1 0 1 2 -2 -1 0 1 2 -2 -1 0 1 2 -2 -1 0 1 2 -2 -1 0 1 2 -2 -1 0 1 2 -2 -1 0 1 2 -2 -1 0 1 2 -2 -1 0 1 2 -2 -1 0 1 2 -2 -1 0 1 2 -2 -1 0 1 2 -2 -1 0 1 2 -2 -1 0 1 2 -2 -1 0 1 2 -2 -1 0 1 2 -2 -1 0 1 2 -2 -1 0 1 2 -2 -1 0 1 2 -2 -1 0 1 2 -2 -1 0 1 2 -2 -1 0 1 2 -2 -1 0 1 2 -2 -1 0 1 2 -2 -1 0 1 2 -2 -1 0 1 2 -2 -1 0 1 2 -2 -1 0 1 2 -2 -1 0 1 2 -2 -1 0 1 2 -2 -1 0 1 2 -2 -1 0 1 2 -2 -1 0 1 2 -2 -1 0 1 2 -2 -1 0 1 2 -2 -1 0 1 2 -2 -1 0 1 2 -2 -1 0 1 2 -2 -1 0 1 2 -2 -1 0 1 2 -2 -1 0 1 2 -2 -1 0 1 2 -2 -1 0 1 2 -2 -1 0 1 2 -2 -1 0 1 2 -2 -1 0 1 2 -2 -1 0 1 2 -2 -1 0 1 2 -2 -1 0 1 2 -2 -1 0 1 2 -2 -1 0 1 2 -2 -1 0 1 2 -2 -1 0 1 2 -2 -1 0 1 2 -2 -1 0 1 721 -2 -1 0 1 2 -2 -1 0 1 2 -2 -1 0 1 2 -2 -1 0 1 2 -2 -1 0 1 2 -2 -1 0 1 2 -2 -1 0 1 2 -2 -1 0 1 2 -2 -1 0 1 2 -2 -1 0 1 2 -2 -1 0 1 2 -2 -1 0 1 2 -2 -1 0 1 2 -2 -1 0 1 2 -2 -1 0 1 2 -2 -1 0 1 2 -2 -1 0 1 2 -2 -1 0 1 2 -2 -1 0 1 2 -2 -1 0 1 2 -2 -1 0 1 2 -2 -1 0 1 2 -2 -1 0 1 2 -2 -1 0 1 2 -2 -1 0 1 2 -2 -1 0 1 2 -2 -1 0 1 2 -2 -1 0 1 2 -2 -1 0 1 2 -2 -1 0 1 2 -2 -1 0 1 2 -2 -1 0 1 2 -2 -1 0 1 2 -2 -1 0 1 2 -2 -1 0 1 2 -2 -1 0 1 2 -2 -1 0 1 2 -2 -1 0 1 2 -2 -1 0 1 2 -2 -1 0 1 2 -2 -1 0 1 2 -2 -1 0 1 2 -2 -1 0 1 2 -2 -1 0 1 2 -2 -1 0 1 2 -2 -1 0 1 2 -2 -1 0 1 2 -2 -1 0 1 2 -2 -1 0 1 2 -2 -1 0 1 2 -2 -1 0 1 2 -2 -1 0 1 2 -2 -1 0 1 2 -2 -1 0 1 2 -2 -1 0 1 2 -2 -1 0 1 2 -2 -1 0 1 2 -2 -1 0 1 2 -2 -1 0 1 2 -2
1 -2 0 2 -1 1 -2 0 2 -1 1 -2 0 2 -1 1 -2 0 2 -1 1 -2 0 2 -1 1 -2 0 2 -1 1 -2 0 2 -1 1 -2 0 2 -1 1 -2 0 2 -1 1 -2 0 2 -1 1 -2 0 2 -1 1 -2 0 2 -1 1 -2 0 2 -1 1 -2 0 2 -1 1 -2 0 2 -1 1 -2 0 2 -1 1 -2 0 2 -1 1 -2 0 2 -1 1 -2 0 2 -1 1 -2 0 2 -1 1 -2 0 2 -1 1 -2 0 2 -1 1 -2 0 2 -1 1 -2 0 2 -1 1 -2 0 2 -1 1 -2 0 2 -1 1 -2 0 2 -1 1 -2 0 2 -1 1 -2 0 2 -1 1 -2 0 2 -1 1 -2 0 2 -1 1 -2 0 2 -1 1 -2 0 2 -1 1 -2 0 2 -1 1 -2 0 2 -1 1 -2 0 2 -1 1 -2 0 2 -1 1 -2 0 2 -1 1 -2 0 2 -1 1 -2 0 2 -1 1 -2 0 2 -1 1 -2 0 2 -1 1 -2 0 2 -1 1 -2 0 2 -1 1 -2 0 2 -1 1 -2 0 2 -1 1 -2 0 2 -1 1 -2 0 2 -1 1 -2 0 2 -1 1 -2 0 2 -1 1 -2 0 2 -1 1 -2 0 2 -1 1 -2 0 2 -1 1 -2 0 2 -1 1 -2 0 2 -1 1 -2 0 2 -1 1 -2 0 2 -1 1 -2 0 2 -1 1 -2 0 2 -1 1 -2 0 2 -1 1 -2 0 2 722 1 -2 0 2 -1 1 -2 0 2 -1 1 -2 0 2 -1 1 -2 0 2 -1 1 -2 0 2 -1 1 -2 0 2 -1 1 -2 0 2 -1 1 -2 0 2 -1 1 -2 0 2 -1 1 -2 0 2 -1 1 -2 0 2 -1 1 -2 0 2 -1 1 -2 0 2 -1 1 -2 0 2 -1 1 -2 0 2 -1 1 -2 0 2 -1 1 -2 0 2 -1 1 -2 0 2 -1 1 -2 0 2 -1 1 -2 0 2 -1 1 -2 0 2 -1 1 -2 0 2 -1 1 -2 0 2 -1 1 -2 0 2 -1 1 -2 0 2 -1 1 -2 0 2 -1 1 -2 0 2 -1 1 -2 0 2 -1 1 -2 0 2 -1 1 -2 0 2 -1 1 -2 0 2 -1 1 -2 0 2 -1 1 -2 0 2 -1 1 -2 0 2 -1 1 -2 0 2 -1 1 -2 0 2 -1 1 -2 0 2 -1 1 -2 0 2 -1 1 -2 0 2 -1 1 -2 0 2 -1 1 -2 0 2 -1 1 -2 0 2 -1 1 -2 0 2 -1 1 -2 0 2 -1 1 -2 0 2 -1 1 -2 0 2 -1 1 -2 0 2 -1 1 -2 0 2 -1 1 -2 0 2 -1 1 -2 0 2 -1 1 -2 0 2 -1 1 -2 0 2 -1 1 -2 0 2 -1 1 -2 0 2 -1 1 -2 0 2 -1 1 -2 0 2 -1 1 -2 0 2 -1 1 -2 0 2 -1 1 -2 0 2 -1
-2 1 -1 2 0 -2 1 -1 2 0 -2 1 -1 2 0 -2 1 -1 2 0 -2 1 -1 2 0 -2 1 -1 2 0 -2 1 -1 2 0 -2 1 -1 2 0 -2 1 -1 2 0 -2 1 -1 2 0 -2 1 -1 2 0 -2 1 -1 2 0 -2 1 -1 2 0 -2 1 -1 2 0 -2 1 -1 2 0 -2 1 -1 2 0 -2 1 -1 2 0 -2 1 -1 2 0 -2 1 -1 2 0 -2 1 -1 2 0 -2 1 -1 2 0 -2 1 -1 2 0 -2 1 -1 2 0 -2 1 -1 2 0 -2 1 -1 2 0 -2 1 -1 2 0 -2 1 -1 2 0 -2 1 -1 2 0 -2 1 -1 2 0 -2 1 -1 2 0 -2 1 -1 2 0 -2 1 -1 2 0 -2 1 -1 2 0 -2 1 -1 2 0 -2 1 -1 2 0 -2 1 -1 2 0 -2 1 -1 2 0 -2 1 -1 2 0 -2 1 -1 2 0 -2 1 -1 2 0 -2 1 -1 2 0 -2 1 -1 2 0 -2 1 -1 2 0 -2 1 -1 2 0 -2 1 -1 2 0 -2 1 -1 2 0 -2 1 -1 2 0 -2 1 -1 2 0 -2 1 -1 2 0 -2 1 -1 2 0 -2 1 -1 2 0 -2 1 -1 2 0 -2 1 -1 2 0 -2 1 -1 2 0 -2 1 -1 2 0 -2 1 -1 2 0 -2 1 -1 2 0 -2 1 -1 2 0 -2 1 -1 2 0 -2 1 -1 2 0 -2 1 -1 2 0 721 1 -1 2 0 -2 1 -1 2 0 -2 1 -1 2 0 -2 1 -1 2 0 -2 1 -1 2 0 -2 1 -1 2 0 -2 1 -1 2 0 -2 1 -1 2 0 -2 1 -1 2 0 -2 1 -1 2 0 -2 1 -1 2 0 -2 1 -1 2 0 -2 1 -1 2 0 -2 1 -1 2 0 -2 1 -1 2 0 -2 1 -1 2 0 -2 1 -1 2 0 -2 1 -1 2 0 -2 1 -1 2 0 -2 1 -1 2 0 -2 1 -1 2 0 -2 1 -1 2 0 -2 1 -1 2 0 -2 1 -1 2 0 -2 1 -1 2 0 -2 1 -1 2 0 -2 1 -1 2 0 -2 1 -1 2 0 -2 1 -1 2 0 -2 1 -1 2 0 -2 1 -1 2 0 -2 1 -1 2 0 -2 1 -1 2 0 -2 1 -1 2 0 -2 1 -1 2 0 -2 1 -1 2 0 -2 1 -1 2 0 -2 1 -1 2 0 -2 1 -1 2 0 -2 1 -1 2 0 -2 1 -1 2 0 -2 1 -1 2 0 -2 1 -1 2 0 -2 1 -1 2 0 -2 1 -1 2 0 -2 1 -1 2 0 -2 1 -1 2 0 -2 1 -1 2 0 -2 1 -1 2 0 -2 1 -1 2 0 -2 1 -1 2 0 -2 1 -1 2 0 -2 1 -1 2 0 -2 1 -1 2 0 -2 1 -1 2 0 -2 1 -1 2 0 -2 1 -1 2 0 -2 1 -1 2 0 -2 1 -1 2 0
0 -1 -2 2 1 0 -1 -2 2 1 0 -1 -2 2 1 0 -1 -2 2 1 0 -1 -2 2 1 0 -1 -2 2 1 0 -1 -2 2 1 0 -1 -2 2 1 0 -1 -2 2 1 0 -1 -2 2 1 0 -1 -2 2 1 0 -1 -2 2 1 0 -1 -2 2 1 0 -1 -2 2 1 0 -1 -2 2 1 0 -1 -2 2 1 0 -1 -2 2 1 0 -1 -2 2 1 0 -1 -2 2 1 0 -1 -2 2 1 0 -1 -2 2 1 0 -1 -2 2 1 0 -1 -2 2 1 0 -1 -2 2 1 0 -1 -2 2 1 0 -1 -2 2 1 0 -1 -2 2 1 0 -1 -2 2 1 0 -1 -2 2 1 0 -1 -2 2 1 0 -1 -2 2 1 0 -1 -2 2 1 0 -1 -2 2 1 0 -1 -2 2 1 0 -1 -2 2 1 0 -1 -2 2 1 0 -1 -2 2 1 0 -1 -2 2 1 0 -1 -2 2 1 0 -1 -2 2 1 0 -1 -2 2 1 0 -1 -2 2 1 0 -1 -2 2 1 0 -1 -2 2 1 0 -1 -2 2 1 0 -1 -2 2 1 0 -1 -2 2 1 0 -1 -2 2 1 0 -1 -2 2 1 0 -1 -2 2 1 0 -1 -2 2 1 0 -1 -2 2 1 0 -1 -2 2 1 0 -1 -2 2 1 0 -1 -2 2 1 0 -1 -2 2 1 0 -1 -2 2 1 0 -1 -2 2 1 0 -1 -2 2 1 0 -1 -2 2 1 0 -1 -2 2 1 0 722 -2 2 1 0 -1 -2 2 1 0 -1 -2 2 1 0 -1 -2 2 1 0 -1 -2 2 1 0 -1 -2 2 1 0 -1 -2 2 1 0 -1 -2 2 1 0 -1 -2 2 1 0 -1 -2 2 1 0 -1 -2 2 1 0 -1 -2 2 1 0 -1 -2 2 1 0 -1 -2 2 1 0 -1 -2 2 1 0 -1 -2 2 1 0 -1 -2 2 1 0 -1 -2 2 1 0 -1 -2 2 1 0 -1 -2 2 1 0 -1 -2 2 1 0 -1 -2 2 1 0 -1 -2 2 1 0 -1 -2 2 1 0 -1 -2 2 1 0 -1 -2 2 1 0 -1 -2 2 1 0 -1 -2 2 1 0 -1 -2 2 1 0 -1 -2 2 1 0 -1 -2 2 1 0 -1 -2 2 1 0 -1 -2 2 1 0 -1 -2 2 1 0 -1 -2 2 1 0 -1 -2 2 1 0 -1 -2 2 1 0 -1 -2 2 1 0 -1 -2 2 1 0 -1 -2 2 1 0 -1 -2 2 1 0 -1 -2 2 1 0 -1 -2 2 1 0 -1 -2 2 1 0 -1 -2 2 1 0 -1 -2 2 1 0 -1 -2 2 1 0 -1 -2 2 1 0 -1 -2 2 1 0 -1 -2 2 1 0 -1 -2 2 1 0 -1 -2 2 1 0 -1 -2 2 1 0 -1 -2 2 1 0 -1 -2 2 1 0 -1 -2 2 1 0 -1 -2 2 1 0 -1 -2 2 1 0 -1 -2 2 1
2 2 2 2 2 2 2 2 2 2 2 2 2 2 2 2 2 2 2 2 2 2 2 2 2 2 2 2 2 2 2 2 2 2 2 2 2 2 2 2 2 2 2 2 2 2 2 2 2 2 2 2 2 2 2 2 2 2 2 2 2 2 2 2 2 2 2 2 2 2 2 2 2 2 2 2 2 2 2 2 2 2 2 2 2 2 2 2 2 2 2 2 2 2 2 2 2 2 2 2 2 2 2 2 2 2 2 2 2 2 2 2 2 2 2 2 2 2 2 2 2 2 2 2 2 2 2 2 2 2 2 2 2 2 2 2 2 2 2 2 2 2 2 2 2 2 2 2 2 2 2 2 2 2 2 2 2 2 2 2 2 2 2 2 2 2 2 2 2 2 2 2 2 2 2 2 2 2 2 2 2 2 2 2 2 2 2 2 2 2 2 2 2 2 2 2 2 2 2 2 2 2 2 2 2 2 2 2 2 2 2 2 2 2 2 2 2 2 2 2 2 2 2 2 2 2 2 2 2 2 2 2 2 2 2 2 2 2 2 2 2 2 2 2 2 2 2 2 2 2 2 2 2 2 2 2 2 2 2 2 2 2 2 2 2 2 2 2 2 2 2 2 2 2 2 2 2 2 2 2 2 2 2 2 2 2 2 2 2 2 2 2 2 2 2 2 2 2 2 2 2 2 2 2 2 2 2 1201 2 2 2 2 2 2 2 2 2 2 2 2 2 2 2 2 2 2 2 2 2 2 2 2 2 2 2 2 2 2 2 2 2 2 2 2 2 2 2 2 2 2 2 2 2 2 2 2 2 2 2 2 2 2 2 2 2 2 2 2 2 2 2 2 2 2 2 2 2 2 2 2 2 2 2 2 2 2 2 2 2 2 2 2 2 2 2 2 2 2 2 2 2 2 2 2 2 2 2 2 2 2 2 2 2 2 2 2 2 2 2 2 2 2 2 2 2 2 2 2 2 2 2 2 2 2 2 2 2 2 2 2 2 2 2 2 2 2 2 2 2 2 2 2 2 2 2 2 2 2 2 2 2 2 2 2 2 2 2 2 2 2 2 2 2 2 2 2 2 2 2 2 2 2 2 2 2 2 2 2 2 2 2 2 2 2 2 2 2 2 2 2 2 2 2 2 2 2 2 2 2 2 2 2 2 2 2 2 2 2 2 2 2 2 2 2 2 2 2 2 2 2 2 2 2 2 2 2 2 2 2 2 2 2 2 2 2 2 2 2 2 2 2 2 2 2 2 2 2 2 2 2 2 2 2 2 2 2 2 2 2 2 2 2 2 2 2 2 2 2 2 2 2 2 2 2 2 2 2 2 2 2 2 2 2 2 2 2 2 2 2 2
-1 0 1 2 -2 -1 0 1 2 -2 -1 0 1 2 -2 -1 0 1 2 -2 -1 0 1 2 -2 -1 0 1 2 -2 -1 0 1 2 -2 -1 0 1 2 -2 -1 0 1 2 -2 -1 0 1 2 -2 -1 0 1 2 -2 -1 0 1 2 -2 -1 0 1 2 -2 -1 0 1 2 -2 -1 0 1 2 -2 -1 0 1 2 -2 -1 0 1 2 -2 -1 0 1 2 -2 -1 0 1 2 -2 -1 0 1 2 -2 -1 0 1 2 -2 -1 0 1 2 -2 -1 0 1 2 -2 -1 0 1 2 -2 -1 0 1 2 -2 -1 0 1 2 -2 -1 0 1 2 -2 -1 0 1 2 -2 -1 0 1 2 -2 -1 0 1 2 -2 -1 0 1 2 -2 -1 0 1 2 -2 -1 0 1 2 -2 -1 0 1 2 -2 -1 0 1 2 -2 -1 0 1 2 -2 -1 0 1 2 -2 -1 0 1 2 -2 -1 0 1 2 -2 -1 0 1 2 -2 -1 0 1 2 -2 -1 0 1 2 -2 -1 0 1 2 -2 -1 0 1 2 -2 -1 0 1 2 -2 -1 0 1 2 -2 -1 0 1 2 -2 -1 0 1 2 -2 -1 0 1 2 -2 -1 0 1 2 -2 -1 0 1 2 -2 -1 0 1 2 -2 -1 0 1 2 -2 -1 0 1 2 -2 -1 0 1 2 -2 -1 0 1 2 -2 -1 0 1 2 -2 -1 0 1 2 -2 -1 0 1 2 -2 -1 0 1 2 -2 -1 0 1 2 -2 -1 0 1 721 -2 -1 0 1 2 -2 -1 0 1 2 -2 -1 0 1 2 -2 -1 0 1 2 -2 -1 0 1 2 -2 -1 0 1 2 -2 -1 0 1 2 -2 -1 0 1 2 -2 -1 0 1 2 -2 -1 0 1 2 -2 -1 0 1 2 -2 -1 0 1 2 -2 -1 0 1 2 -2 -1 0 1 2 -2 -1 0 1 2 -2 -1 0 1 2 -2 -1 0 1 2 -2 -1 0 1 2 -2 -1 0 1 2 -2 -1 0 1 2 -2 -1 0 1 2 -2 -1 0 1 2 -2 -1 0 1 2 -2 -1 0 1 2 -2 -1 0 1 2 -2 -1 0 1 2 -2 -1 0 1 2 -2 -1 0 1 2 -2 -1 0 1 2 -2 -1 0 1 2 -2 -1 0 1 2 -2 -1 0 1 2 -2 -1 0 1 2 -2 -1 0 1 2 -2 -1 0 1 2 -2 -1 0 1 2 -2 -1 0 1 2 -2 -1 0 1 2 -2 -1 0 1 2 -2 -1 0 1 2 -2 -1 0 1 2 -2 -1 0 1 2 -2 -1 0 1 2 -2 -1 0 1 2 -2 -1 0 1 2 -2 -1 0 1 2 -2 -1 0 1 2 -2 -1 0 1 2 -2 -1 0 1 2 -2 -1 0 1 2 -2 -1 0 1 2 -2 -1 0 1 2 -2 -1 0 1 2 -2 -1 0 1 2 -2 -1 0 1 2 -2 -1 0 1 2 -2 -1 0 1 2 -2 -1 0 1 2 -2
1 -2 0 2 -1 1 -2 0 2 -1 1 -2 0 2 -1 1 -2 0 2 -1 1 -2 0 2 -1 1 -2 0 2 -1 1 -2 0 2 -1 1 -2 0 2 -1 1 -2 0 2 -1 1 -2 0 2 -1 1 -2 0 2 -1 1 -2 0 2 -1 1 -2 0 2 -1 1 -2 0 2 -1 1 -2 0 2 -1 1 -2 0 2 -1 1 -2 0 2 -1 1 -2 0 2 -1 1 -2 0 2 -1 1 -2 0 2 -1 1 -2 0 2 -1 1 -2 0 2 -1 1 -2 0 2 -1 1 -2 0 2 -1 1 -2 0 2 -1 1 -2 0 2 -1 1 -2 0 2 -1 1 -2 0 2 -1 1 -2 0 2 -1 1 -2 0 2 -1 1 -2 0 2 -1 1 -2 0 2 -1 1 -2 0 2 -1 1 -2 0 2 -1 1 -2 0 2 -1 1 -2 0 2 -1 1 -2 0 2 -1 1 -2 0 2 -1 1 -2 0 2 -1 1 -2 0 2 -1 1 -2 0 2 -1 1 -2 0 2 -1 1 -2 0 2 -1 1 -2 0 2 -1 1 -2 0 2 -1 1 -2 0 2 -1 1 -2 0 2 -1 1 -2 0 2 -1 1 -2 0 2 -1 1 -2 0 2 -1 1 -2 0 2 -1 1 -2 0 2 -1 1 -2 0 2 -1 1 -2 0 2 -1 1 -2 0 2 -1 1 -2 0 2 -1 1 -2 0 2 -1 1 -2 0 2 -1 1 -2 0 2 -1 1 -2 0 2 -1 1 -2 0 2 -1 1 -2 0 2 722 1 -2 0 2 -1 1 -2 0 2 -1 1 -2 0 2 -1 1 -2 0 2 -1 1 -2 0 2 -1 1 -2 0 2 -1 1 -2 0 2 -1 1 -2 0 2 -1 1 -2 0 2 -1 1 -2 0 2 -1 1 -2 0 2 -1 1 -2 0 2 -1 1 -2 0 2 -1 1 -2 0 2 -1 1 -2 0 2 -1 1 -2 0 2 -1 1 -2 0 2 -1 1 -2 0 2 -1 1 -2 0 2 -1 1 -2 0 2 -1 1 -2 0 2 -1 1 -2 0 2 -1 1 -2 0 2 -1 1 -2 0 2 -1 1 -2 0 2 -1 1 -2 0 2 -1 1 -2 0 2 -1 1 -2 0 2 -1 1 -2 0 2 -1 1 -2 0 2 -1 1 -2 0 2 -1 1 -2 0 2 -1 1 -2 0 2 -1 1 -2 0 2 -1 1 -2 0 2 -1 1 -2 0 2 -1 1 -2 0 2 -1 1 -2 0 2 -1 1 -2 0 2 -1 1 -2 0 2 -1 1 -2 0 2 -1 1 -2 0 2 -1 1 -2 0 2 -1 1 -2 0 2 -1 1 -2 0 2 -1 1 -2 0 2 -1 1 -2 0 2 -1 1 -2 0 2 -1 1 -2 0 2 -1 1 -2 0 2 -1 1 -2 0 2 -1 1 -2 0 2 -1 1 -2 0 2 -1 1 -2 0 2 -1 1 -2 0 2 -1 1 -2 0 2 -1 1 -2 0 2 -1 1 -2 0 2 -1
-2 1 -1 2 0 -2 1 -1 2 0 -2 1 -1 2 0 -2 1 -1 2 0 -2 1 -1 2 0 -2 1 -1 2 0 -2 1 -1 2 0 -2 1 -1 2 0 -2 1 -1 2 0 -2 1 -1 2 0 -2 1 -1 2 0 -2 1 -1 2 0 -2 1 -1 2 0 -2 1 -1 2 0 -2 1 -1 2 0 -2 1 -1 2 0 -2 1 -1 2 0 -2 1 -1 2 0 -2 1 -1 2 0 -2 1 -1 2 0 -2 1 -1 2 0 -2 1 -1 2 0 -2 1 -1 2 0 -2 1 -1 2 0 -2 1 -1 2 0 -2 1 -1 2 0 -2 1 -1 2 0 -2 1 -1 2 0 -2 1 -1 2 0 -2 1 -1 2 0 -2 1 -1 2 0 -2 1 -1 2 0 -2 1 -1 2 0 -2 1 -1 2 0 -2 1 -1 2 0 -2 1 -1 2 0 -2 1 -1 2 0 -2 1 -1 2 0 -2 1 -1 2 0 -2 1 -1 2 0 -2 1 -1 2 0 -2 1 -1 2 0 -2 1 -1 2 0 -2 1 -1 2 0 -2 1 -1 2 0 -2 1 -1 2 0 -2 1 -1 2 0 -2 1 -1 2 0 -2 1 -1 2 0 -2 1 -1 2 0 -2 1 -1 2 0 -2 1 -1 2 0 -2 1 -1 2 0 -2 1 -1 2 0 -2 1 -1 2 0 -2 1 -1 2 0 -2 1 -1 2 0 -2 1 -1 2 0 -2 1 -1 2 0 -2 1 -1 2 0 -2 1 -1 2 0 -2 1 -1 2 0 721 1 -1 2 0 -2 1 -1 2 0 -2 1 -1 2 0 -2 1 -1 2 0 -2 1 -1 2 0 -2 1 -1 2 0 -2 1 -1 2 0 -2 1 -1 2 0 -2 1 -1 2 0 -2 1 -1 2 0 -2 1 -1 2 0 -2 1 -1 2 0 -2 1 -1 2 0 -2 1 -1 2 0 -2 1 -1 2 0 -2 1 -1 2 0 -2 1 -1 2 0 -2 1 -1 2 0 -2 1 -1 2 0 -2 1 -1 2 0 -2 1 -1 2 0 -2 1 -1 2 0 -2 1 -1 2 0 -2 1 -1 2 0 -2 1 -1 2 0 -2 1 -1 2 0 -2 1 -1 2 0 -2 1 -1 2 0 -2 1 -1 2 0 -2 1 -1 2 0 -2 1 -1 2 0 -2 1 -1 2 0 -2 1 -1 2 0 -2 1 -1 2 0 -2 1 -1 2 0 -2 1 -1 2 0 -2 1 -1 2 0 -2 1 -1 2 0 -2 1 -1 2 0 -2 1 -1 2 0 -2 1 -1 2 0 -2 1 -1 2 0 -2 1 -1 2 0 -2 1 -1 2 0 -2 1 -1 2 0 -2 1 -1 2 0 -2 1 -1 2 0 -2 1 -1 2 0 -2 1 -1 2 0 -2 1 -1 2 0 -2 1 -1 2 0 -2 1 -1 2 0 -2 1 -1 2 0 -2 1 -1 2 0 -2 1 -1 2 0 -2 1 -1 2 0 -2 1 -1 2 0 -2 1 -1 2 0
0 -1 -2 2 1 0 -1 -2 2 1 0 -1 -2 2 1 0 -1 -2 2 1 0 -1 -2 2 1 0 -1 -2 2 1 0 -1 -2 2 1 0 -1 -2 2 1 0 -1 -2 2 1 0 -1 -2 2 1 0 -1 -2 2 1 0 -1 -2 2 1 0 -1 -2 2 1 0 -1 -2 2 1 0 -1 -2 2 1 0 -1 -2 2 1 0 -1 -2 2 1 0 -1 -2 2 1 0 -1 -2 2 1 0 -1 -2 2 1 0 -1 -2 2 1 0 -1 -2 2 1 0 -1 -2 2 1 0 -1 -2 2 1 0 -1 -2 2 1 0 -1 -2 2 1 0 -1 -2 2 1 0 -1 -2 2 1 0 -1 -2 2 1 0 -1 -2 2 1 0 -1 -2 2 1 0 -1 -2 2 1 0 -1 -2 2 1 0 -1 -2 2 1 0 -1 -2 2 1 0 -1 -2 2 1 0 -1 -2 2 1 0 -1 -2 2 1 0 -1 -2 2 1 0 -1 -2 2 1 0 -1 -2 2 1 0 -1 -2 2 1 0 -1 -2 2 1 0 -1 -2 2 1 0 -1 -2 2 1 0 -1 -2 2 1 0 -1 -2 2 1 0 -1 -2 2 1 0 -1 -2 2 1 0 -1 -2 2 1 0 -1 -2 2 1 0 -1 -2 2 1 0 -1 -2 2 1 0 -1 -2 2 1 0 -1 -2 2 1 0 -1 -2 2 1 0 -1 -2 2 1 0 -1 -2 2 1 0 -1 -2 2 1 0 -1 -2 2 1 0 -1 -2 2 1 0 -1 -2 2 1 0 722 -2 2 1 0 -1 -2 2 1 0 -1 -2 2 1 0 -1 -2 2 1 0 -1 -2 2 1 0 -1 -2 2 1 0 -1 -2 2 1 0 -1 -2 2 1 0 -1 -2 2 1 0 -1 -2 2 1 0 -1 -2 2 1 0 -1 -2 2 1 0 -1 -2 2 1 0 -1 -2 2 1 0 -1 -2 2 1 0 -1 -2 2 1 0 -1 -2 2 1 0 -1 -2 2 1 0 -1 -2 2 1 0 -1 -2 2 1 0 -1 -2 2 1 0 -1 -2 2 1 0 -1 -2 2 1 0 -1 -2 2 1 0 -1 -2 2 1 0 -1 -2 2 1 0 -1 -2 2 1 0 -1 -2 2 1 0 -1 -2 2 1 0 -1 -2 2 1 0 -1 -2 2 1 0 -1 -2 2 1 0 -1 -2 2 1 0 -1 -2 2 1 0 -1 -2 2 1 0 -1 -2 2 1 0 -1 -2 2 1 0 -1 -2 2 1 0 -1 -2 2 1 0 -1 -2 2 1 0 -1 -2 2 1 0 -1 -2 2 1 0 -1 -2 2 1 0 -1 -2 2 1 0 -1 -2 2 1 0 -1 -2 2 1 0 -1 -2 2 1 0 -1 -2 2 1 0 -1 -2 2 1 0 -1 -2 2 1 0 -1 -2 2 1 0 -1 -2 2 1 0 -1 -2 2 1 0 -1 -2 2 1 0 -1 -2 2 1 0 -1 -2 2 1 0 -1 -2 2 1 0 -1 -2 2 1
2 2 2 2 2 2 2 2 2 2 2 2 2 2 2 2 2 2 2 2 2 2 2 2 2 2 2 2 2 2 2 2 2 2 2 2 2 2 2 2 2 2 2 2 2 2 2 2 2 2 2 2 2 2 2 2 2 2 2 2 2 2 2 2 2 2 2 2 2 2 2 2 2 2 2 2 2 2 2 2 2 2 2 2 2 2 2 2 2 2 2 2 2 2 2 2 2 2 2 2 2 2 2 2 2 2 2 2 2 2 2 2 2 2 2 2 2 2 2 2 2 2 2 2 2 2 2 2 2 2 2 2 2 2 2 2 2 2 2 2 2 2 2 2 2 2 2 2 2 2 2 2 2 2 2 2 2 2 2 2 2 2 2 2 2 2 2 2 2 2 2 2 2 2 2 2 2 2 2 2 2 2 2 2 2 2 2 2 2 2 2 2 2 2 2 2 2 2 2 2 2 2 2 2 2 2 2 2 2 2 2 2 2 2 2 2 2 2 2 2 2 2 2 2 2 2 2 2 2 2 2 2 2 2 2 2 2 2 2 2 2 2 2 2 2 2 2 2 2 2 2 2 2 2 2 2 2 2 2 2 2 2 2 2 2 2 2 2 2 2 2 2 2 2 2 2 2 2 2 2 2 2 2 2 2 2 2 2 2 2 2 2 2 2 2 2 2 2 2 2 2 2 2 2 2 2 2 2 2 2 2 2 1201 2 2 2 2 2 2 2 2 2 2 2 2 2 2 2 2 2 2 2 2 2 2 2 2 2 2 2 2 2 2 2 2 2 2 2 2 2 2 2 2 2 2 2 2 2 2 2 2 2 2 2 2 2 2 2 2 2 2 2 2 2 2 2 2 2 2 2 2 2 2 2 2 2 2 2 2 2 2 2 2 2 2 2 2 2 2 2 2 2 2 2 2 2 2 2 2 2 2 2 2 2 2 2 2 2 2 2 2 2 2 2 2 2 2 2 2 2 2 2 2 2 2 2 2 2 2 2 2 2 2 2 2 2 2 2 2 2 2 2 2 2 2 2 2 2 2 2 2 2 2 2 2 2 2 2 2 2 2 2 2 2 2 2 2 2 2 2 2 2 2 2 2 2 2 2 2 2 2 2 2 2 2 2 2 2 2 2 2 2 2 2 2 2 2 2 2 2 2 2 2 2 2 2 2 2 2 2 2 2 2 2 2 2 2 2 2 2 2 2 2 2 2 2 2 2 2 2 2 2 2 2 2 2 2 2 2 2 2 2 2 2 2 2 2 2 2 2 2 2 2 2 2 2 2 2 2 2 2 2 2 2 2 2 2 2 2 2 2 2 2 2 2 2 2 2 2 2 2 2 2 2 2 2 2 2 2 2
-1 0 1 2 -2 -1 0 1 2 -2 -1 0 1 2 -2 -1 0 1 2 -2 -1 0 1 2 -2 -1 0 1 2 -2 -1 0 1 2 -2 -1 0 1 2 -2 -1 0 1 2 -2 -1 0 1 2 -2 -1 0 1 2 -2 -1 0 1 2 -2 -1 0 1 2 -2 -1 0 1 2 -2 -1 0 1 2 -2 -1 0 1 2 -2 -1 0 1 2 -2 -1 0 1 2 -2 -1 0 1 2 -2 -1 0 1 2 -2 -1 0 1 2 -2 -1 0 1 2 -2 -1 0 1 2 -2 -1 0 1 2 -2 -1 0 1 2 -2 -1 0 1 2 -2 -1 0 1 2 -2 -1 0 1 2 -2 -1 0 1 2 -2 -1 0 1 2 -2 -1 0 1 2 -2 -1 0 1 2 -2 -1 0 1 2 -2 -1 0 1 2 -2 -1 0 1 2 -2 -1 0 1 2 -2 -1 0 1 2 -2 -1 0 1 2 -2 -1 0 1 2 -2 -1 0 1 2 -2 -1 0 1 2 -2 -1 0 1 2 -2 -1 0 1 2 -2 -1 0 1 2 -2 -1 0 1 2 -2 -1 0 1 2 -2 -1 0 1 2 -2 -1 0 1 2 -2 -1 0 1 2 -2 -1 0 1 2 -2 -1 0 1 2 -2 -1 0 1 2 -2 -1 0 1 2 -2 -1 0 1 2 -2 -1 0 1 2 -2 -1 0 1 2 -2 -1 0 1 2 -2 -1 0 1 2 -2 -1 0 1 2 -2 -1 0 1 2 -2 -1 0 1 2 -2 -1 0 1 2 -2 -1 0 1 721 -2 -1 0 1 2 -2 -1 0 1 2 -2 -1 0 1 2 -2 -1 0 1 2 -2 -1 0 1 2 -2 -1 0 1 2 -2 -1 0 1 2 -2 -1 0 1 2 -2 -1 0 1 2 -2 -1 0 1 2 -2 -1 0 1 2 -2 -1 0 1 2 -2 -1 0 1 2 -2 -1 0 1 2 -2 -1 0 1 2 -2 -1 0 1 2 -2 -1 0 1 2 -2 -1 0 1 2 -2 -1 0 1 2 -2 -1 0 1 2 -2 -1 0 1 2 -2 -1 0 1 2 -2 -1 0 1 2 -2 -1 0 1 2 -2 -1 0 1 2 -2 -1 0 1 2 -2 -1 0 1 2 -2 -1 0 1 2 -2 -1 0 1 2 -2 -1 0 1 2 -2 -1 0 1 2 -2 -1 0 1 2 -2 -1 0 1 2 -2 -1 0 1 2 -2 -1 0 1 2 -2 -1 0 1 2 -2 -1 0 1 2 -2 -1 0 1 2 -2 -1 0 1 2 -2 -1 0 1 2 -2 -1 0 1 2 -2 -1 0 1 2 -2 -1 0 1 2 -2 -1 0 1 2 -2 -1 0 1 2 -2 -1 0 1 2 -2 -1 0 1 2 -2 -1 0 1 2 -2 -1 0 1 2 -2 -1 0 1 2 -2 -1 0 1 2 -2 -1 0 1 2 -2 -1 0 1 2 -2 -1 0 1 2 -2 -1 0 1 2 -2 -1 0 1 2 -2 -1 0 1 2 -2
1 -2 0 2 -1 1 -2 0 2 -1 1 -2 0 2 -1 1 -2 0 2 -1 1 -2 0 2 -1 1 -2 0 2 -1 1 -2 0 2 -1 1 -2 0 2 -1 1 -2 0 2 -1 1 -2 0 2 -1 1 -2 0 2 -1 1 -2 0 2 -1 1 -2 0 2 -1 1 -2 0 2 -1 1 -2 0 2 -1 1 -2 0 2 -1 1 -2 0 2 -1 1 -2 0 2 -1 1 -2 0 2 -1 1 -2 0 2 -1 1 -2 0 2 -1 1 -2 0 2 -1 1 -2 0 2 -1 1 -2 0 2 -1 1 -2 0 2 -1 1 -2 0 2 -1 1 -2 0 2 -1 1 -2 0 2 -1 1 -2 0 2 -1 1 -2 0 2 -1 1 -2 0 2 -1 1 -2 0 2 -1 1 -2 0 2 -1 1 -2 0 2 -1 1 -2 0 2 -1 1 -2 0 2 -1 1 -2 0 2 -1 1 -2 0 2 -1 1 -2 0 2 -1 1 -2 0 2 -1 1 -2 0 2 -1 1 -2 0 2 -1 1 -2 0 2 -1 1 -2 0 2 -1 1 -2 0 2 -1 1 -2 0 2 -1 1 -2 0 2 -1 1 -2 0 2 -1 1 -2 0 2 -1 1 -2 0 2 -1 1 -2 0 2 -1 1 -2 0 2 -1 1 -2 0 2 -1 1 -2 0 2 -1 1 -2 0 2 -1 1 -2 0 2 -1 1 -2 0 2 -1 1 -2 0 2 -1 1 -2 0 2 -1 1 -2 0 2 -1 1 -2 0 2 -1 1 -2 0 2 -1 1 -2 0 2 722 1 -2 0 2 -1 1 -2 0 2 -1 1 -2 0 2 -1 1 -2 0 2 -1 1 -2 0 2 -1 1 -2 0 2 -1 1 -2 0 2 -1 1 -2 0 2 -1 1 -2 0 2 -1 1 -2 0 2 -1 1 -2 0 2 -1 1 -2 0 2 -1 1 -2 0 2 -1 1 -2 0 2 -1 1 -2 0 2 -1 1 -2 0 2 -1 1 -2 0 2 -1 1 -2 0 2 -1 1 -2 0 2 -1 1 -2 0 2 -1 1 -2 0 2 -1 1 -2 0 2 -1 1 -2 0 2 -1 1 -2 0 2 -1 1 -2 0 2 -1 1 -2 0 2 -1 1 -2 0 2 -1 1 -2 0 2 -1 1 -2 0 2 -1 1 -2 0 2 -1 1 -2 0 2 -1 1 -2 0 2 -1 1 -2 0 2 -1 1 -2 0 2 -1 1 -2 0 2 -1 1 -2 0 2 -1 1 -2 0 2 -1 1 -2 0 2 -1 1 -2 0 2 -1 1 -2 0 2 -1 1 -2 0 2 -1 1 -2 0 2 -1 1 -2 0 2 -1 1 -2 0 2 -1 1 -2 0 2 -1 1 -2 0 2 -1 1 -2 0 2 -1 1 -2 0 2 -1 1 -2 0 2 -1 1 -2 0 2 -1 1 -2 0 2 -1 1 -2 0 2 -1 1 -2 0 2 -1 1 -2 0 2 -1 1 -2 0 2 -1 1 -2 0 2 -1 1 -2 0 2 -1
-2 1 -1 2 0 -2 1 -1 2 0 -2 1 -1 2 0 -2 1 -1 2 0 -2 1 -1 2 0 -2 1 -1 2 0 -2 1 -1 2 0 -2 1 -1 2 0 -2 1 -1 2 0 -2 1 -1 2 0 -2 1 -1 2 0 -2 1 -1 2 0 -2 1 -1 2 0 -2 1 -1 2 0 -2 1 -1 2 0 -2 1 -1 2 0 -2 1 -1 2 0 -2 1 -1 2 0 -2 1 -1 2 0 -2 1 -1 2 0 -2 1 -1 2 0 -2 1 -1 2 0 -2 1 -1 2 0 -2 1 -1 2 0 -2 1 -1 2 0 -2 1 -1 2 0 -2 1 -1 2 0 -2 1 -1 2 0 -2 1 -1 2 0 -2 1 -1 2 0 -2 1 -1 2 0 -2 1 -1 2 0 -2 1 -1 2 0 -2 1 -1 2 0 -2 1 -1 2 0 -2 1 -1 2 0 -2 1 -1 2 0 -2 1 -1 2 0 -2 1 -1 2 0 -2 1 -1 2 0 -2 1 -1 2 0 -2 1 -1 2 0 -2 1 -1 2 0 -2 1 -1 2 0 -2 1 -1 2 0 -2 1 -1 2 0 -2 1 -1 2 0 -2 1 -1 2 0 -2 1 -1 2 0 -2 1 -1 2 0 -2 1 -1 2 0 -2 1 -1 2 0 -2 1 -1 2 0 -2 1 -1 2 0 -2 1 -1 2 0 -2 1 -1 2 0 -2 1 -1 2 0 -2 1 -1 2 0 -2 1 -1 2 0 -2 1 -1 2 0 -2 1 -1 2 0 -2 1 -1 2 0 -2 1 -1 2 0 721 1 -1 2 0 -2 1 -1 2 0 -2 1 -1 2 0 -2 1 -1 2 0 -2 1 -1 2 0 -2 1 -1 2 0 -2 1 -1 2 0 -2 1 -1 2 0 -2 1 -1 2 0 -2 1 -1 2 0 -2 1 -1 2 0 -2 1 -1 2 0 -2 1 -1 2 0 -2 1 -1 2 0 -2 1 -1 2 0 -2 1 -1 2 0 -2 1 -1 2 0 -2 1 -1 2 0 -2 1 -1 2 0 -2 1 -1 2 0 -2 1 -1 2 0 -2 1 -1 2 0 -2 1 -1 2 0 -2 1 -1 2 0 -2 1 -1 2 0 -2 1 -1 2 0 -2 1 -1 2 0 -2 1 -1 2 0 -2 1 -1 2 0 -2 1 -1 2 0 -2 1 -1 2 0 -2 1 -1 2 0 -2 1 -1 2 0 -2 1 -1 2 0 -2 1 -1 2 0 -2 1 -1 2 0 -2 1 -1 2 0 -2 1 -1 2 0 -2 1 -1 2 0 -2 1 -1 2 0 -2 1 -1 2 0 -2 1 -1 2 0 -2 1 -1 2 0 -2 1 -1 2 0 -2 1 -1 2 0 -2 1 -1 2 0 -2 1 -1 2 0 -2 1 -1 2 0 -2 1 -1 2 0 -2 1 -1 2 0 -2 1 -1 2 0 -2 1 -1 2 0 -2 1 -1 2 0 -2 1 -1 2 0 -2 1 -1 2 0 -2 1 -1 2 0 -2 1 -1 2 0
0 -1 -2 2 1 0 -1 -2 2 1 0 -1 -2 2 1 0 -1 -2 2 1 0 -1 -2 2 1 0 -1 -2 2 1 0 -1 -2 2 1 0 -1 -2 2 1 0 -1 -2 2 1 0 -1 -2 2 1 0 -1 -2 2 1 0 -1 -2 2 1 0 -1 -2 2 1 0 -1 -2 2 1 0 -1 -2 2 1 0 -1 -2 2 1 0 -1 -2 2 1 0 -1 -2 2 1 0 -1 -2 2 1 0 -1 -2 2 1 0 -1 -2 2 1 0 -1 -2 2 1 0 -1 -2 2 1 0 -1 -2 2 1 0 -1 -2 2 1 0 -1 -2 2 1 0 -1 -2 2 1 0 -1 -2 2 1 0 -1 -2 2 1 0 -1 -2 2 1 0 -1 -2 2 1 0 -1 -2 2 1 0 -1 -2 2 1 0 -1 -2 2 1 0 -1 -2 2 1 0 -1 -2 2 1 0 -1 -2 2 1 0 -1 -2 2 1 0 -1 -2 2 1 0 -1 -2 2 1 0 -1 -2 2 1 0 -1 -2 2 1 0 -1 -2 2 1 0 -1 -2 2 1 0 -1 -2 2 1 0 -1 -2 2 1 0 -1 -2 2 1 0 -1 -2 2 1 0 -1 -2 2 1 0 -1 -2 2 1 0 -1 -2 2 1 0 -1 -2 2 1 0 -1 -2 2 1 0 -1 -2 2 1 0 -1 -2 2 1 0 -1 -2 2 1 0 -1 -2 2 1 0 -1 -2 2 1 0 -1 -2 2 1 0 -1 -2 2 1 0 -1 -2 2 1 0 -1 -2 2 1 0 -1 -2 2 1 0 722 -2 2 1 0 -1 -2 2 1 0 -1 -2 2 1 0 -1 -2 2 1 0 -1 -2 2 1 0 -1 -2 2 1 0 -1 -2 2 1 0 -1 -2 2 1 0 -1 -2 2 1 0 -1 -2 2 1 0 -1 -2 2 1 0 -1 -2 2 1 0 -1 -2 2 1 0 -1 -2 2 1 0 -1 -2 2 1 0 -1 -2 2 1 0 -1 -2 2 1 0 -1 -2 2 1 0 -1 -2 2 1 0 -1 -2 2 1 0 -1 -2 2 1 0 -1 -2 2 1 0 -1 -2 2 1 0 -1 -2 2 1 0 -1 -2 2 1 0 -1 -2 2 1 0 -1 -2 2 1 0 -1 -2 2 1 0 -1 -2 2 1 0 -1 -2 2 1 0 -1 -2 2 1 0 -1 -2 2 1 0 -1 -2 2 1 0 -1 -2 2 1 0 -1 -2 2 1 0 -1 -2 2 1 0 -1 -2 2 1 0 -1 -2 2 1 0 -1 -2 2 1 0 -1 -2 2 1 0 -1 -2 2 1 0 -1 -2 2 1 0 -1 -2 2 1 0 -1 -2 2 1 0 -1 -2 2 1 0 -1 -2 2 1 0 -1 -2 2 1 0 -1 -2 2 1 0 -1 -2 2 1 0 -1 -2 2 1 0 -1 -2 2 1 0 -1 -2 2 1 0 -1 -2 2 1 0 -1 -2 2 1 0 -1 -2 2 1 0 -1 -2 2 1 0 -1 -2 2 1
2 2 2 2 2 2 2 2 2 2 2 2 2 2 2 2 2 2 2 2 2 2 2 2 2 2 2 2 2 2 2 2 2 2 2 2 2 2 2 2 2 2 2 2 2 2 2 2 2 2 2 2 2 2 2 2 2 2 2 2 2 2 2 2 2 2 2 2 2 2 2 2 2 2 2 2 2 2 2 2 2 2 2 2 2 2 2 2 2 2 2 2 2 2 2 2 2 2 2 2 2 2 2 2 2 2 2 2 2 2 2 2 2 2 2 2 2 2 2 2 2 2 2 2 2 2 2 2 2 2 2 2 2 2 2 2 2 2 2 2 2 2 2 2 2 2 2 2 2 2 2 2 2 2 2 2 2 2 2 2 2 2 2 2 2 2 2 2 2 2 2 2 2 2 2 2 2 2 2 2 2 2 2 2 2 2 2 2 2 2 2 2 2 2 2 2 2 2 2 2 2 2 2 2 2 2 2 2 2 2 2 2 2 2 2 2 2 2 2 2 2 2 2 2 2 2 2 2 2 2 2 2 2 2 2 2 2 2 2 2 2 2 2 2 2 2 2 2 2 2 2 2 2 2 2 2 2 2 2 2 2 2 2 2 2 2 2 2 2 2 2 2 2 2 2 2 2 2 2 2 2 2 2 2 2 2 2 2 2 2 2 2 2 2 2 2 2 2 2 2 2 2 2 2 2 2 2 2 2 2 2 2 2 2 2 2 2 1201 2 2 2 2 2 2 2 2 2 2 2 2 2 2 2 2 2 2 2 2 2 2 2 2 2 2 2 2 2 2 2 2 2 2 2 2 2 2 2 2 2 2 2 2 2 2 2 2 2 2 2 2 2 2 2 2 2 2 2 2 2 2 2 2 2 2 2 2 2 2 2 2 2 2 2 2 2 2 2 2 2 2 2 2 2 2 2 2 2 2 2 2 2 2 2 2 2 2 2 2 2 2 2 2 2 2 2 2 2 2 2 2 2 2 2 2 2 2 2 2 2 2 2 2 2 2 2 2 2 2 2 2 2 2 2 2 2 2 2 2 2 2 2 2 2 2 2 2 2 2 2 2 2 2 2 2 2 2 2 2 2 2 2 2 2 2 2 2 2 2 2 2 2 2 2 2 2 2 2 2 2 2 2 2 2 2 2 2 2 2 2 2 2 2 2 2 2 2 2 2 2 2 2 2 2 2 2 2 2 2 2 2 2 2 2 2 2 2 2 2 2 2 2 2 2 2 2 2 2 2 2 2 2 2 2 2 2 2 2 2 2 2 2 2 2 2 2 2 2 2 2 2 2 2 2 2 2 2 2 2 2 2 2 2 2 2 2 2 2 2 2 2 2 2 2 2 2 2 2 2 2 2
-1 0 1 2 -2 -1 0 1 2 -2 -1 0 1 2 -2 -1 0 1 2 -2 -1 0 1 2 -2 -1 0 1 2 -2 -1 0 1 2 -2 -1 0 1 2 -2 -1 0 1 2 -2 -1 0 1 2 -2 -1 0 1 2 -2 -1 0 1 2 -2 -1 0 1 2 -2 -1 0 1 2 -2 -1 0 1 2 -2 -1 0 1 2 -2 -1 0 1 2 -2 -1 0 1 2 -2 -1 0 1 2 -2 -1 0 1 2 -2 -1 0 1 2 -2 -1 0 1 2 -2 -1 0 1 2 -2 -1 0 1 2 -2 -1 0 1 2 -2 -1 0 1 2 -2 -1 0 1 2 -2 -1 0 1 2 -2 -1 0 1 2 -2 -1 0 1 2 -2 -1 0 1 2 -2 -1 0 1 2 -2 -1 0 1 2 -2 -1 0 1 2 -2 -1 0 1 2 -2 -1 0 1 2 -2 -1 0 1 2 -2 -1 0 1 2 -2 -1 0 1 2 -2 -1 0 1 2 -2 -1 0 1 2 -2 -1 0 1 2 -2 -1 0 1 2 -2 -1 0 1 2 -2 -1 0 1 2 -2 -1 0 1 2 -2 -1 0 1 2 -2 -1 0 1 2 -2 -1 0 1 2 -2 -1 0 1 2 -2 -1 0 1 2 -2 -1 0 1 2 -2 -1 0 1 2 -2 -1 0 1 2 -2 -1 0 1 2 -2 -1 0 1 2 -2 -1 0 1 2 -2 -1 0 1 2 -2 -1 0 1 2 -2 -1 0 1 2 -2 -1 0 1 2 -2 -1 0 1 2 -2 -1 0 1 2 -2 -1 0 1 721 -2 -1 0 1 2 -2 -1 0 1 2 -2 -1 0 1 2 -2 -1 0 1 2 -2 -1 0 1 2 -2 -1 0 1 2 -2 -1 0 1 2 -2 -1 0 1 2 -2 -1 0 1 2 -2 -1 0 1 2 -2 -1 0 1 2 -2 -1 0 1 2 -2 -1 0 1 2 -2 -1 0 1 2 -2 -1 0 1 2 -2 -1 0 1 2 -2 -1 0 1 2 -2 -1 0 1 2 -2 -1 0 1 2 -2 -1 0 1 2 -2 -1 0 1 2 -2 -1 0 1 2 -2 -1 0 1 2 -2 -1 0 1 2 -2 -1 0 1 2 -2 -1 0 1 2 -2 -1 0 1 2 -2 -1 0 1 2 -2 -1 0 1 2 -2 -1 0 1 2 -2 -1 0 1 2 -2 -1 0 1 2 -2 -1 0 1 2 -2 -1 0 1 2 -2 -1 0 1 2 -2 -1 0 1 2 -2 -1 0 1 2 -2 -1 0 1 2 -2 -1 0 1 2 -2 -1 0 1 2 -2 -1 0 1 2 -2 -1 0 1 2 -2 -1 0 1 2 -2 -1 0 1 2 -2 -1 0 1 2 -2 -1 0 1 2 -2 -1 0 1 2 -2 -1 0 1 2 -2 -1 0 1 2 -2 -1 0 1 2 -2 -1 0 1 2 -2 -1 0 1 2 -2 -1 0 1 2 -2 -1 0 1 2 -2 -1 0 1 2 -2 -1 0 1 2 -2
1 -2 0 2 -1 1 -2 0 2 -1 1 -2 0 2 -1 1 -2 0 2 -1 1 -2 0 2 -1 1 -2 0 2 -1 1 -2 0 2 -1 1 -2 0 2 -1 1 -2 0 2 -1 1 -2 0 2 -1 1 -2 0 2 -1 1 -2 0 2 -1 1 -2 0 2 -1 1 -2 0 2 -1 1 -2 0 2 -1 1 -2 0 2 -1 1 -2 0 2 -1 1 -2 0 2 -1 1 -2 0 2 -1 1 -2 0 2 -1 1 -2 0 2 -1 1 -2 0 2 -1 1 -2 0 2 -1 1 -2 0 2 -1 1 -2 0 2 -1 1 -2 0 2 -1 1 -2 0 2 -1 1 -2 0 2 -1 1 -2 0 2 -1 1 -2 0 2 -1 1 -2 0 2 -1 1 -2 0 2 -1 1 -2 0 2 -1 1 -2 0 2 -1 1 -2 0 2 -1 1 -2 0 2 -1 1 -2 0 2 -1 1 -2 0 2 -1 1 -2 0 2 -1 1 -2 0 2 -1 1 -2 0 2 -1 1 -2 0 2 -1 1 -2 0 2 -1 1 -2 0 2 -1 1 -2 0 2 -1 1 -2 0 2 -1 1 -2 0 2 -1 1 -2 0 2 -1 1 -2 0 2 -1 1 -2 0 2 -1 1 -2 0 2 -1 1 -2 0 2 -1 1 -2 0 2 -1 1 -2 0 2 -1 1 -2 0 2 -1 1 -2 0 2 -1 1 -2 0 2 -1 1 -2 0 2 -1 1 -2 0 2 -1 1 -2 0 2 -1 1 -2 0 2 -1 1 -2 0 2 -1 1 -2 0 2 -1 1 -2 0 2 722 1 -2 0 2 -1 1 -2 0 2 -1 1 -2 0 2 -1 1 -2 0 2 -1 1 -2 0 2 -1 1 -2 0 2 -1 1 -2 0 2 -1 1 -2 0 2 -1 1 -2 0 2 -1 1 -2 0 2 -1 1 -2 0 2 -1 1 -2 0 2 -1 1 -2 0 2 -1 1 -2 0 2 -1 1 -2 0 2 -1 1 -2 0 2 -1 1 -2 0 2 -1 1 -2 0 2 -1 1 -2 0 2 -1 1 -2 0 2 -1 1 -2 0 2 -1 1 -2 0 2 -1 1 -2 0 2 -1 1 -2 0 2 -1 1 -2 0 2 -1 1 -2 0 2 -1 1 -2 0 2 -1 1 -2 0 2 -1 1 -2 0 2 -1 1 -2 0 2 -1 1 -2 0 2 -1 1 -2 0 2 -1 1 -2 0 2 -1 1 -2 0 2 -1 1 -2 0 2 -1 1 -2 0 2 -1 1 -2 0 2 -1 1 -2 0 2 -1 1 -2 0 2 -1 1 -2 0 2 -1 1 -2 0 2 -1 1 -2 0 2 -1 1 -2 0 2 -1 1 -2 0 2 -1 1 -2 0 2 -1 1 -2 0 2 -1 1 -2 0 2 -1 1 -2 0 2 -1 1 -2 0 2 -1 1 -2 0 2 -1 1 -2 0 2 -1 1 -2 0 2 -1 1 -2 0 2 -1 1 -2 0 2 -1 1 -2 0 2 -1 1 -2 0 2 -1
-2 1 -1 2 0 -2 1 -1 2 0 -2 1 -1 2 0 -2 1 -1 2 0 -2 1 -1 2 0 -2 1 -1 2 0 -2 1 -1 2 0 -2 1 -1 2 0 -2 1 -1 2 0 -2 1 -1 2 0 -2 1 -1 2 0 -2 1 -1 2 0 -2 1 -1 2 0 -2 1 -1 2 0 -2 1 -1 2 0 -2 1 -1 2 0 -2 1 -1 2 0 -2 1 -1 2 0 -2 1 -1 2 0 -2 1 -1 2 0 -2 1 -1 2 0 -2 1 -1 2 0 -2 1 -1 2 0 -2 1 -1 2 0 -2 1 -1 2 0 -2 1 -1 2 0 -2 1 -1 2 0 -2 1 -1 2 0 -2 1 -1 2 0 -2 1 -1 2 0 -2 1 -1 2 0 -2 1 -1 2 0 -2 1 -1 2 0 -2 1 -1 2 0 -2 1 -1 2 0 -2 1 -1 2 0 -2 1 -1 2 0 -2 1 -1 2 0 -2 1 -1 2 0 -2 1 -1 2 0 -2 1 -1 2 0 -2 1 -1 2 0 -2 1 -1 2 0 -2 1 -1 2 0 -2 1 -1 2 0 -2 1 -1 2 0 -2 1 -1 2 0 -2 1 -1 2 0 -2 1 -1 2 0 -2 1 -1 2 0 -2 1 -1 2 0 -2 1 -1 2 0 -2 1 -1 2 0 -2 1 -1 2 0 -2 1 -1 2 0 -2 1 -1 2 0 -2 1 -1 2 0 -2 1 -1 2 0 -2 1 -1 2 0 -2 1 -1 2 0 -2 1 -1 2 0 -2 1 -1 2 0 -2 1 -1 2 0 -2 1 -1 2 0 721 1 -1 2 0 -2 1 -1 2 0 -2 1 -1 2 0 -2 1 -1 2 0 -2 1 -1 2 0 -2 1 -1 2 0 -2 1 -1 2 0 -2 1 -1 2 0 -2 1 -1 2 0 -2 1 -1 2 0 -2 1 -1 2 0 -2 1 -1 2 0 -2 1 -1 2 0 -2 1 -1 2 0 -2 1 -1 2 0 -2 1 -1 2 0 -2 1 -1 2 0 -2 1 -1 2 0 -2 1 -1 2 0 -2 1 -1 2 0 -2 1 -1 2 0 -2 1 -1 2 0 -2 1 -1 2 0 -2 1 -1 2 0 -2 1 -1 2 0 -2 1 -1 2 0 -2 1 -1 2 0 -2 1 -1 2 0 -2 1 -1 2 0 -2 1 -1 2 0 -2 1 -1 2 0 -2 1 -1 2 0 -2 1 -1 2 0 -2 1 -1 2 0 -2 1 -1 2 0 -2 1 -1 2 0 -2 1 -1 2 0 -2 1 -1 2 0 -2 1 -1 2 0 -2 1 -1 2 0 -2 1 -1 2 0 -2 1 -1 2 0 -2 1 -1 2 0 -2 1 -1 2 0 -2 1 -1 2 0 -2 1 -1 2 0 -2 1 -1 2 0 -2 1 -1 2 0 -2 1 -1 2 0 -2 1 -1 2 0 -2 1 -1 2 0 -2 1 -1 2 0 -2 1 -1 2 0 -2 1 -1 2 0 -2 1 -1 2 0 -2 1 -1 2 0
0 -1 -2 2 1 0 -1 -2 2 1 0 -1 -2 2 1 0 -1 -2 2 1 0 -1 -2 2 1 0 -1 -2 2 1 0 -1 -2 2 1 0 -1 -2 2 1 0 -1 -2 2 1 0 -1 -2 2 1 0 -1 -2 2 1 0 -1 -2 2 1 0 -1 -2 2 1 0 -1 -2 2 1 0 -1 -2 2 1 0 -1 -2 2 1 0 -1 -2 2 1 0 -1 -2 2 1 0 -1 -2 2 1 0 -1 -2 2 1 0 -1 -2 2 1 0 -1 -2 2 1 0 -1 -2 2 1 0 -1 -2 2 1 0 -1 -2 2 1 0 -1 -2 2 1 0 -1 -2 2 1 0 -1 -2 2 1 0 -1 -2 2 1 0 -1 -2 2 1 0 -1 -2 2 1 0 -1 -2 2 1 0 -1 -2 2 1 0 -1 -2 2 1 0 -1 -2 2 1 0 -1 -2 2 1 0 -1 -2 2 1 0 -1 -2 2 1 0 -1 -2 2 1 0 -1 -2 2 1 0 -1 -2 2 1 0 -1 -2 2 1 0 -1 -2 2 1 0 -1 -2 2 1 0 -1 -2 2 1 0 -1 -2 2 1 0 -1 -2 2 1 0 -1 -2 2 1 0 -1 -2 2 1 0 -1 -2 2 1 0 -1 -2 2 1 0 -1 -2 2 1 0 -1 -2 2 1 0 -1 -2 2 1 0 -1 -2 2 1 0 -1 -2 2 1 0 -1 -2 2 1 0 -1 -2 2 1 0 -1 -2 2 1 0 -1 -2 2 1 0 -1 -2 2 1 0 -1 -2 2 1 0 -1 -2 2 1 0 -1 -2 2 1 0 722 -2 2 1 0 -1 -2 2 1 0 -1 -2 2 1 0 -1 -2 2 1 0 -1 -2 2 1 0 -1 -2 2 1 0 -1 -2 2 1 0 -1 -2 2 1 0 -1 -2 2 1 0 -1 -2 2 1 0 -1 -2 2 1 0 -1 -2 2 1 0 -1 -2 2 1 0 -1 -2 2 1 0 -1 -2 2 1 0 -1 -2 2 1 0 -1 -2 2 1 0 -1 -2 2 1 0 -1 -2 2 1 0 -1 -2 2 1 0 -1 -2 2 1 0 -1 -2 2 1 0 -1 -2 2 1 0 -1 -2 2 1 0 -1 -2 2 1 0 -1 -2 2 1 0 -1 -2 2 1 0 -1 -2 2 1 0 -1 -2 2 1 0 -1 -2 2 1 0 -1 -2 2 1 0 -1 -2 2 1 0 -1 -2 2 1 0 -1 -2 2 1 0 -1 -2 2 1 0 -1 -2 2 1 0 -1 -2 2 1 0 -1 -2 2 1 0 -1 -2 2 1 0 -1 -2 2 1 0 -1 -2 2 1 0 -1 -2 2 1 0 -1 -2 2 1 0 -1 -2 2 1 0 -1 -2 2 1 0 -1 -2 2 1 0 -1 -2 2 1 0 -1 -2 2 1 0 -1 -2 2 1 0 -1 -2 2 1 0 -1 -2 2 1 0 -1 -2 2 1 0 -1 -2 2 1 0 -1 -2 2 1 0 -1 -2 2 1 0 -1 -2 2 1
2 2 2 2 2 2 2 2 2 2 2 2 2 2 2 2 2 2 2 2 2 2 2 2 2 2 2 2 2 2 2 2 2 2 2 2 2 2 2 2 2 2 2 2 2 2 2 2 2 2 2 2 2 2 2 2 2 2 2 2 2 2 2 2 2 2 2 2 2 2 2 2 2 2 2 2 2 2 2 2 2 2 2 2 2 2 2 2 2 2 2 2 2 2 2 2 2 2 2 2 2 2 2 2 2 2 2 2 2 2 2 2 2 2 2 2 2 2 2 2 2 2 2 2 2 2 2 2 2 2 2 2 2 2 2 2 2 2 2 2 2 2 2 2 2 2 2 2 2 2 2 2 2 2 2 2 2 2 2 2 2 2 2 2 2 2 2 2 2 2 2 2 2 2 2 2 2 2 2 2 2 2 2 2 2 2 2 2 2 2 2 2 2 2 2 2 2 2 2 2 2 2 2 2 2 2 2 2 2 2 2 2 2 2 2 2 2 2 2 2 2 2 2 2 2 2 2 2 2 2 2 2 2 2 2 2 2 2 2 2 2 2 2 2 2 2 2 2 2 2 2 2 2 2 2 2 2 2 2 2 2 2 2 2 2 2 2 2 2 2 2 2 2 2 2 2 2 2 2 2 2 2 2 2 2 2 2 2 2 2 2 2 2 2 2 2 2 2 2 2 2 2 2 2 2 2 2 2 2 2 2 2 2 2 2 2 2 2 2 2 2 2 1201 2 2 2 2 2 2 2 2 2 2 2 2 2 2 2 2 2 2 2 2 2 2 2 2 2 2 2 2 2 2 2 2 2 2 2 2 2 2 2 2 2 2 2 2 2 2 2 2 2 2 2 2 2 2 2 2 2 2 2 2 2 2 2 2 2 2 2 2 2 2 2 2 2 2 2 2 2 2 2 2 2 2 2 2 2 2 2 2 2 2 2 2 2 2 2 2 2 2 2 2 2 2 2 2 2 2 2 2 2 2 2 2 2 2 2 2 2 2 2 2 2 2 2 2 2 2 2 2 2 2 2 2 2 2 2 2 2 2 2 2 2 2 2 2 2 2 2 2 2 2 2 2 2 2 2 2 2 2 2 2 2 2 2 2 2 2 2 2 2 2 2 2 2 2 2 2 2 2 2 2 2 2 2 2 2 2 2 2 2 2 2 2 2 2 2 2 2 2 2 2 2 2 2 2 2 2 2 2 2 2 2 2 2 2 2 2 2 2 2 2 2 2 2 2 2 2 2 2 2 2 2 2 2 2 2 2 2 2 2 2 2 2 2 2 2 2 2 2 2 2 2 2 2 2 2 2 2 2 2 2 2 2 2 2 2 2 2 2 2 2 2 2 2 2 2 2 2
-1 0 1 2 -2 -1 0 1 2 -2 -1 0 1 2 -2 -1 0 1 2 -2 -1 0 1 2 -2 -1 0 1 2 -2 -1 0 1 2 -2 -1 0 1 2 -2 -1 0 1 2 -2 -1 0 1 2 -2 -1 0 1 2 -2 -1 0 1 2 -2 -1 0 1 2 -2 -1 0 1 2 -2 -1 0 1 2 -2 -1 0 1 2 -2 -1 0 1 2 -2 -1 0 1 2 -2 -1 0 1 2 -2 -1 0 1 2 -2 -1 0 1 2 -2 -1 0 1 2 -2 -1 0 1 2 -2 -1 0 1 2 -2 -1 0 1 2 -2 -1 0 1 2 -2 -1 0 1 2 -2 -1 0 1 2 -2 -1 0 1 2 -2 -1 0 1 2 -2 -1 0 1 2 -2 -1 0 1 2 -2 -1 0 1 2 -2 -1 0 1 2 -2 -1 0 1 2 -2 -1 0 1 2 -2 -1 0 1 2 -2 -1 0 1 2 -2 -1 0 1 2 -2 -1 0 1 2 -2 -1 0 1 2 -2 -1 0 1 2 -2 -1 0 1 2 -2 -1 0 1 2 -2 -1 0 1 2 -2 -1 0 1 2 -2 -1 0 1 2 -2 -1 0 1 2 -2 -1 0 1 2 -2 -1 0 1 2 -2 -1 0 1 2 -2 -1 0 1 2 -2 -1 0 1 2 -2 -1 0 1 2 -2 -1 0 1 2 -2 -1 0 1 2 -2 -1 0 1 2 -2 -1 0 1 2 -2 -1 0 1 2 -2 -1 0 1 2 -2 -1 0 1 2 -2 -1 0 1 2 -2 -1 0 1 2 -2 -1 0 1 2 -2 -1 0 1 721 -2 -1 0 1 2 -2 -1 0 1 2 -2 -1 0 1 2 -2 -1 0 1 2 -2 -1 0 1 2 -2 -1 0 1 2 -2 -1 0 1 2 -2 -1 0 1 2 -2 -1 0 1 2 -2 -1 0 1 2 -2 -1 0 1 2 -2 -1 0 1 2 -2 -1 0 1 2 -2 -1 0 1 2 -2 -1 0 1 2 -2 -1 0 1 2 -2 -1 0 1 2 -2 -1 0 1 2 -2 -1 0 1 2 -2 -1 0 1 2 -2 -1 0 1 2 -2 -1 0 1 2 -2 -1 0 1 2 -2 -1 0 1 2 -2 -1 0 1 2 -2 -1 0 1 2 -2 -1 0 1 2 -2 -1 0 1 2 -2 -1 0 1 2 -2 -1 0 1 2 -2 -1 0 1 2 -2 -1 0 1 2 -2 -1 0 1 2 -2 -1 0 1 2 -2 -1 0 1 2 -2 -1 0 1 2 -2 -1 0 1 2 -2 -1 0 1 2 -2 -1 0 1 2 -2 -1 0 1 2 -2 -1 0 1 2 -2 -1 0 1 2 -2 -1 0 1 2 -2 -1 0 1 2 -2 -1 0 1 2 -2 -1 0 1 2 -2 -1 0 1 2 -2 -1 0 1 2 -2 -1 0 1 2 -2 -1 0 1 2 -2 -1 0 1 2 -2 -1 0 1 2 -2 -1 0 1 2 -2 -1 0 1 2 -2 -1 0 1 2 -2
1 -2 0 2 -1 1 -2 0 2 -1 1 -2 0 2 -1 1 -2 0 2 -1 1 -2 0 2 -1 1 -2 0 2 -1 1 -2 0 2 -1 1 -2 0 2 -1 1 -2 0 2 -1 1 -2 0 2 -1 1 -2 0 2 -1 1 -2 0 2 -1 1 -2 0 2 -1 1 -2 0 2 -1 1 -2 0 2 -1 1 -2 0 2 -1 1 -2 0 2 -1 1 -2 0 2 -1 1 -2 0 2 -1 1 -2 0 2 -1 1 -2 0 2 -1 1 -2 0 2 -1 1 -2 0 2 -1 1 -2 0 2 -1 1 -2 0 2 -1 1 -2 0 2 -1 1 -2 0 2 -1 1 -2 0 2 -1 1 -2 0 2 -1 1 -2 0 2 -1 1 -2 0 2 -1 1 -2 0 2 -1 1 -2 0 2 -1 1 -2 0 2 -1 1 -2 0 2 -1 1 -2 0 2 -1 1 -2 0 2 -1 1 -2 0 2 -1 1 -2 0 2 -1 1 -2 0 2 -1 1 -2 0 2 -1 1 -2 0 2 -1 1 -2 0 2 -1 1 -2 0 2 -1 1 -2 0 2 -1 1 -2 0 2 -1 1 -2 0 2 -1 1 -2 0 2 -1 1 -2 0 2 -1 1 -2 0 2 -1 1 -2 0 2 -1 1 -2 0 2 -1 1 -2 0 2 -1 1 -2 0 2 -1 1 -2 0 2 -1 1 -2 0 2 -1 1 -2 0 2 -1 1 -2 0 2 -1 1 -2 0 2 -1 1 -2 0 2 -1 1 -2 0 2 -1 1 -2 0 2 -1 1 -2 0 2 -1 1 -2 0 2 -1 1 -2 0 2 722 1 -2 0 2 -1 1 -2 0 2 -1 1 -2 0 2 -1 1 -2 0 2 -1 1 -2 0 2 -1 1 -2 0 2 -1 1 -2 0 2 -1 1 -2 0 2 -1 1 -2 0 2 -1 1 -2 0 2 -1 1 -2 0 2 -1 1 -2 0 2 -1 1 -2 0 2 -1 1 -2 0 2 -1 1 -2 0 2 -1 1 -2 0 2 -1 1 -2 0 2 -1 1 -2 0 2 -1 1 -2 0 2 -1 1 -2 0 2 -1 1 -2 0 2 -1 1 -2 0 2 -1 1 -2 0 2 -1 1 -2 0 2 -1 1 -2 0 2 -1 1 -2 0 2 -1 1 -2 0 2 -1 1 -2 0 2 -1 1 -2 0 2 -1 1 -2 0 2 -1 1 -2 0 2 -1 1 -2 0 2 -1 1 -2 0 2 -1 1 -2 0 2 -1 1 -2 0 2 -1 1 -2 0 2 -1 1 -2 0 2 -1 1 -2 0 2 -1 1 -2 0 2 -1 1 -2 0 2 -1 1 -2 0 2 -1 1 -2 0 2 -1 1 -2 0 2 -1 1 -2 0 2 -1 1 -2 0 2 -1 1 -2 0 2 -1 1 -2 0 2 -1 1 -2 0 2 -1 1 -2 0 2 -1 1 -2 0 2 -1 1 -2 0 2 -1 1 -2 0 2 -1 1 -2 0 2 -1 1 -2 0 2 -1 1 -2 0 2 -1
-2 1 -1 2 0 -2 1 -1 2 0 -2 1 -1 2 0 -2 1 -1 2 0 -2 1 -1 2 0 -2 1 -1 2 0 -2 1 -1 2 0 -2 1 -1 2 0 -2 1 -1 2 0 -2 1 -1 2 0 -2 1 -1 2 0 -2 1 -1 2 0 -2 1 -1 2 0 -2 1 -1 2 0 -2 1 -1 2 0 -2 1 -1 2 0 -2 1 -1 2 0 -2 1 -1 2 0 -2 1 -1 2 0 -2 1 -1 2 0 -2 1 -1 2 0 -2 1 -1 2 0 -2 1 -1 2 0 -2 1 -1 2 0 -2 1 -1 2 0 -2 1 -1 2 0 -2 1 -1 2 0 -2 1 -1 2 0 -2 1 -1 2 0 -2 1 -1 2 0 -2 1 -1 2 0 -2 1 -1 2 0 -2 1 -1 2 0 -2 1 -1 2 0 -2 1 -1 2 0 -2 1 -1 2 0 -2 1 -1 2 0 -2 1 -1 2 0 -2 1 -1 2 0 -2 1 -1 2 0 -2 1 -1 2 0 -2 1 -1 2 0 -2 1 -1 2 0 -2 1 -1 2 0 -2 1 -1 2 0 -2 1 -1 2 0 -2 1 -1 2 0 -2 1 -1 2 0 -2 1 -1 2 0 -2 1 -1 2 0 -2 1 -1 2 0 -2 1 -1 2 0 -2 1 -1 2 0 -2 1 -1 2 0 -2 1 -1 2 0 -2 1 -1 2 0 -2 1 -1 2 0 -2 1 -1 2 0 -2 1 -1 2 0 -2 1 -1 2 0 -2 1 -1 2 0 -2 1 -1 2 0 -2 1 -1 2 0 -2 1 -1 2 0 -2 1 -1 2 0 721 1 -1 2 0 -2 1 -1 2 0 -2 1 -1 2 0 -2 1 -1 2 0 -2 1 -1 2 0 -2 1 -1 2 0 -2 1 -1 2 0 -2 1 -1 2 0 -2 1 -1 2 0 -2 1 -1 2 0 -2 1 -1 2 0 -2 1 -1 2 0 -2 1 -1 2 0 -2 1 -1 2 0 -2 1 -1 2 0 -2 1 -1 2 0 -2 1 -1 2 0 -2 1 -1 2 0 -2 1 -1 2 0 -2 1 -1 2 0 -2 1 -1 2 0 -2 1 -1 2 0 -2 1 -1 2 0 -2 1 -1 2 0 -2 1 -1 2 0 -2 1 -1 2 0 -2 1 -1 2 0 -2 1 -1 2 0 -2 1 -1 2 0 -2 1 -1 2 0 -2 1 -1 2 0 -2 1 -1 2 0 -2 1 -1 2 0 -2 1 -1 2 0 -2 1 -1 2 0 -2 1 -1 2 0 -2 1 -1 2 0 -2 1 -1 2 0 -2 1 -1 2 0 -2 1 -1 2 0 -2 1 -1 2 0 -2 1 -1 2 0 -2 1 -1 2 0 -2 1 -1 2 0 -2 1 -1 2 0 -2 1 -1 2 0 -2 1 -1 2 0 -2 1 -1 2 0 -2 1 -1 2 0 -2 1 -1 2 0 -2 1 -1 2 0 -2 1 -1 2 0 -2 1 -1 2 0 -2 1 -1 2 0 -2 1 -1 2 0
0 -1 -2 2 1 0 -1 -2 2 1 0 -1 -2 2 1 0 -1 -2 2 1 0 -1 -2 2 1 0 -1 -2 2 1 0 -1 -2 2 1 0 -1 -2 2 1 0 -1 -2 2 1 0 -1 -2 2 1 0 -1 -2 2 1 0 -1 -2 2 1 0 -1 -2 2 1 0 -1 -2 2 1 0 -1 -2 2 1 0 -1 -2 2 1 0 -1 -2 2 1 0 -1 -2 2 1 0 -1 -2 2 1 0 -1 -2 2 1 0 -1 -2 2 1 0 -1 -2 2 1 0 -1 -2 2 1 0 -1 -2 2 1 0 -1 -2 2 1 0 -1 -2 2 1 0 -1 -2 2 1 0 -1 -2 2 1 0 -1 -2 2 1 0 -1 -2 2 1 0 -1 -2 2 1 0 -1 -2 2 1 0 -1 -2 2 1 0 -1 -2 2 1 0 -1 -2 2 1 0 -1 -2 2 1 0 -1 -2 2 1 0 -1 -2 2 1 0 -1 -2 2 1 0 -1 -2 2 1 0 -1 -2 2 1 0 -1 -2 2 1 0 -1 -2 2 1 0 -1 -2 2 1 0 -1 -2 2 1 0 -1 -2 2 1 0 -1 -2 2 1 0 -1 -2 2 1 0 -1 -2 2 1 0 -1 -2 2 1 0 -1 -2 2 1 0 -1 -2 2 1 0 -1 -2 2 1 0 -1 -2 2 1 0 -1 -2 2 1 0 -1 -2 2 1 0 -1 -2 2 1 0 -1 -2 2 1 0 -1 -2 2 1 0 -1 -2 2 1 0 -1 -2 2 1 0 -1 -2 2 1 0 -1 -2 2 1 0 -1 -2 2 1 0 -1 -2 2 1 0 722 -2 2 1 0 -1 -2 2 1 0 -1 -2 2 1 0 -1 -2 2 1 0 -1 -2 2 1 0 -1 -2 2 1 0 -1 -2 2 1 0 -1 -2 2 1 0 -1 -2 2 1 0 -1 -2 2 1 0 -1 -2 2 1 0 -1 -2 2 1 0 -1 -2 2 1 0 -1 -2 2 1 0 -1 -2 2 1 0 -1 -2 2 1 0 -1 -2 2 1 0 -1 -2 2 1 0 -1 -2 2 1 0 -1 -2 2 1 0 -1 -2 2 1 0 -1 -2 2 1 0 -1 -2 2 1 0 -1 -2 2 1 0 -1 -2 2 1 0 -1 -2 2 1 0 -1 -2 2 1 0 -1 -2 2 1 0 -1 -2 2 1 0 -1 -2 2 1 0 -1 -2 2 1 0 -1 -2 2 1 0 -1 -2 2 1 0 -1 -2 2 1 0 -1 -2 2 1 0 -1 -2 2 1 0 -1 -2 2 1 0 -1 -2 2 1 0 -1 -2 2 1 0 -1 -2 2 1 0 -1 -2 2 1 0 -1 -2 2 1 0 -1 -2 2 1 0 -1 -2 2 1 0 -1 -2 2 1 0 -1 -2 2 1 0 -1 -2 2 1 0 -1 -2 2 1 0 -1 -2 2 1 0 -1 -2 2 1 0 -1 -2 2 1 0 -1 -2 2 1 0 -1 -2 2 1 0 -1 -2 2 1 0 -1 -2 2 1
2 2 2 2 2 2 2 2 2 2 2 2 2 2 2 2 2 2 2 2 2 2 2 2 2 2 2 2 2 2 2 2 2 2 2 2 2 2 2 2 2 2 2 2 2 2 2 2 2 2 2 2 2 2 2 2 2 2 2 2 2 2 2 2 2 2 2 2 2 2 2 2 2 2 2 2 2 2 2 2 2 2 2 2 2 2 2 2 2 2 2 2 2 2 2 2 2 2 2 2 2 2 2 2 2 2 2 2 2 2 2 2 2 2 2 2 2 2 2 2 2 2 2 2 2 2 2 2 2 2 2 2 2 2 2 2 2 2 2 2 2 2 2 2 2 2 2 2 2 2 2 2 2 2 2 2 2 2 2 2 2 2 2 2 2 2 2 2 2 2 2 2 2 2 2 2 2 2 2 2 2 2 2 2 2 2 2 2 2 2 2 2 2 2 2 2 2 2 2 2 2 2 2 2 2 2 2 2 2 2 2 2 2 2 2 2 2 2 2 2 2 2 2 2 2 2 2 2 2 2 2 2 2 2 2 2 2 2 2 2 2 2 2 2 2 2 2 2 2 2 2 2 2 2 2 2 2 2 2 2 2 2 2 2 2 2 2 2 2 2 2 2 2 2 2 2 2 2 2 2 2 2 2 2 2 2 2 2 2 2 2 2 2 2 2 2 2 2 2 2 2 2 2 2 2 2 2 2 2 2 2 2 2 2 2 2 2 2 2 2 2 2 2 2 2 2 2 1201 2 2 2 2 2 2 2 2 2 2 2 2 2 2 2 2 2 2 2 2 2 2 2 2 2 2 2 2 2 2 2 2 2 2 2 2 2 2 2 2 2 2 2 2 2 2 2 2 2 2 2 2 2 2 2 2 2 2 2 2 2 2 2 2 2 2 2 2 2 2 2 2 2 2 2 2 2 2 2 2 2 2 2 2 2 2 2 2 2 2 2 2 2 2 2 2 2 2 2 2 2 2 2 2 2 2 2 2 2 2 2 2 2 2 2 2 2 2 2 2 2 2 2 2 2 2 2 2 2 2 2 2 2 2 2 2 2 2 2 2 2 2 2 2 2 2 2 2 2 2 2 2 2 2 2 2 2 2 2 2 2 2 2 2 2 2 2 2 2 2 2 2 2 2 2 2 2 2 2 2 2 2 2 2 2 2 2 2 2 2 2 2 2 2 2 2 2 2 2 2 2 2 2 2 2 2 2 2 2 2 2 2 2 2 2 2 2 2 2 2 2 2 2 2 2 2 2 2 2 2 2 2 2 2 2 2 2 2 2 2 2 2 2 2 2 2 2 2 2 2 2 2 2 2 2 2 2 2 2 2 2 2 2 2 2 2 2 2 2 2 2 2
-1 0 1 2 -2 -1 0 1 2 -2 -1 0 1 2 -2 -1 0 1 2 -2 -1 0 1 2 -2 -1 0 1 2 -2 -1 0 1 2 -2 -1 0 1 2 -2 -1 0 1 2 -2 -1 0 1 2 -2 -1 0 1 2 -2 -1 0 1 2 -2 -1 0 1 2 -2 -1 0 1 2 -2 -1 0 1 2 -2 -1 0 1 2 -2 -1 0 1 2 -2 -1 0 1 2 -2 -1 0 1 2 -2 -1 0 1 2 -2 -1 0 1 2 -2 -1 0 1 2 -2 -1 0 1 2 -2 -1 0 1 2 -2 -1 0 1 2 -2 -1 0 1 2 -2 -1 0 1 2 -2 -1 0 1 2 -2 -1 0 1 2 -2 -1 0 1 2 -2 -1 0 1 2 -2 -1 0 1 2 -2 -1 0 1 2 -2 -1 0 1 2 -2 -1 0 1 2 -2 -1 0 1 2 -2 -1 0 1 2 -2 -1 0 1 2 -2 -1 0 1 2 -2 -1 0 1 2 -2 -1 0 1 2 -2 -1 0 1 2 -2 -1 0 1 2 -2 -1 0 1 2 -2 -1 0 1 2 -2 -1 0 1 2 -2 -1 0 1 2 -2 -1 0 1 2 -2 -1 0 1 2 -2 -1 0 1 2 -2 -1 0 1 2 -2 -1 0 1 2 -2 -1 0 1 2 -2 -1 0 1 2 -2 -1 0 1 2 -2 -1 0 1 2 -2 -1 0 1 2 -2 -1 0 1 2 -2 -1 0 1 2 -2 -1 0 1 2 -2 -1 0 1 2 -2 -1 0 1 2 -2 -1 0 1 2 -2 -1 0 1 2 -2 -1 0 1 2 -2 -1 0 1 721 -2 -1 0 1 2 -2 -1 0 1 2 -2 -1 0 1 2 -2 -1 0 1 2 -2 -1 0 1 2 -2 -1 0 1 2 -2 -1 0 1 2 -2 -1 0 1 2 -2 -1 0 1 2 -2 -1 0 1 2 -2 -1 0 1 2 -2 -1 0 1 2 -2 -1 0 1 2 -2 -1 0 1 2 -2 -1 0 1 2 -2 -1 0 1 2 -2 -1 0 1 2 -2 -1 0 1 2 -2 -1 0 1 2 -2 -1 0 1 2 -2 -1 0 1 2 -2 -1 0 1 2 -2 -1 0 1 2 -2 -1 0 1 2 -2 -1 0 1 2 -2 -1 0 1 2 -2 -1 0 1 2 -2 -1 0 1 2 -2 -1 0 1 2 -2 -1 0 1 2 -2 -1 0 1 2 -2 -1 0 1 2 -2 -1 0 1 2 -2 -1 0 1 2 -2 -1 0 1 2 -2 -1 0 1 2 -2 -1 0 1 2 -2 -1 0 1 2 -2 -1 0 1 2 -2 -1 0 1 2 -2 -1 0 1 2 -2 -1 0 1 2 -2 -1 0 1 2 -2 -1 0 1 2 -2 -1 0 1 2 -2 -1 0 1 2 -2 -1 0 1 2 -2 -1 0 1 2 -2 -1 0 1 2 -2 -1 0 1 2 -2 -1 0 1 2 -2 -1 0 1 2 -2 -1 0 1 2 -2 -1 0 1 2 -2
1 -2 0 2 -1 1 -2 0 2 -1 1 -2 0 2 -1 1 -2 0 2 -1 1 -2 0 2 -1 1 -2 0 2 -1 1 -2 0 2 -1 1 -2 0 2 -1 1 -2 0 2 -1 1 -2 0 2 -1 1 -2 0 2 -1 1 -2 0 2 -1 1 -2 0 2 -1 1 -2 0 2 -1 1 -2 0 2 -1 1 -2 0 2 -1 1 -2 0 2 -1 1 -2 0 2 -1 1 -2 0 2 -1 1 -2 0 2 -1 1 -2 0 2 -1 1 -2 0 2 -1 1 -2 0 2 -1 1 -2 0 2 -1 1 -2 0 2 -1 1 -2 0 2 -1 1 -2 0 2 -1 1 -2 0 2 -1 1 -2 0 2 -1 1 -2 0 2 -1 1 -2 0 2 -1 1 -2 0 2 -1 1 -2 0 2 -1 1 -2 0 2 -1 1 -2 0 2 -1 1 -2 0 2 -1 1 -2 0 2 -1 1 -2 0 2 -1 1 -2 0 2 -1 1 -2 0 2 -1 1 -2 0 2 -1 1 -2 0 2 -1 1 -2 0 2 -1 1 -2 0 2 -1 1 -2 0 2 -1 1 -2 0 2 -1 1 -2 0 2 -1 1 -2 0 2 -1 1 -2 0 2 -1 1 -2 0 2 -1 1 -2 0 2 -1 1 -2 0 2 -1 1 -2 0 2 -1 1 -2 0 2 -1 1 -2 0 2 -1 1 -2 0 2 -1 1 -2 0 2 -1 1 -2 0 2 -1 1 -2 0 2 -1 1 -2 0 2 -1 1 -2 0 2 -1 1 -2 0 2 -1 1 -2 0 2 -1 1 -2 0 2 -1 1 -2 0 2 -1 1 -2 0 2 722 1 -2 0 2 -1 1 -2 0 2 -1 1 -2 0 2 -1 1 -2 0 2 -1 1 -2 0 2 -1 1 -2 0 2 -1 1 -2 0 2 -1 1 -2 0 2 -1 1 -2 0 2 -1 1 -2 0 2 -1 1 -2 0 2 -1 1 -2 0 2 -1 1 -2 0 2 -1 1 -2 0 2 -1 1 -2 0 2 -1 1 -2 0 2 -1 1 -2 0 2 -1 1 -2 0 2 -1 1 -2 0 2 -1 1 -2 0 2 -1 1 -2 0 2 -1 1 -2 0 2 -1 1 -2 0 2 -1 1 -2 0 2 -1 1 -2 0 2 -1 1 -2 0 2 -1 1 -2 0 2 -1 1 -2 0 2 -1 1 -2 0 2 -1 1 -2 0 2 -1 1 -2 0 2 -1 1 -2 0 2 -1 1 -2 0 2 -1 1 -2 0 2 -1 1 -2 0 2 -1 1 -2 0 2 -1 1 -2 0 2 -1 1 -2 0 2 -1 1 -2 0 2 -1 1 -2 0 2 -1 1 -2 0 2 -1 1 -2 0 2 -1 1 -2 0 2 -1 1 -2 0 2 -1 1 -2 0 2 -1 1 -2 0 2 -1 1 -2 0 2 -1 1 -2 0 2 -1 1 -2 0 2 -1 1 -2 0 2 -1 1 -2 0 2 -1 1 -2 0 2 -1 1 -2 0 2 -1 1 -2 0 2 -1
-2 1 -1 2 0 -2 1 -1 2 0 -2 1 -1 2 0 -2 1 -1 2 0 -2 1 -1 2 0 -2 1 -1 2 0 -2 1 -1 2 0 -2 1 -1 2 0 -2 1 -1 2 0 -2 1 -1 2 0 -2 1 -1 2 0 -2 1 -1 2 0 -2 1 -1 2 0 -2 1 -1 2 0 -2 1 -1 2 0 -2 1 -1 2 0 -2 1 -1 2 0 -2 1 -1 2 0 -2 1 -1 2 0 -2 1 -1 2 0 -2 1 -1 2 0 -2 1 -1 2 0 -2 1 -1 2 0 -2 1 -1 2 0 -2 1 -1 2 0 -2 1 -1 2 0 -2 1 -1 2 0 -2 1 -1 2 0 -2 1 -1 2 0 -2 1 -1 2 0 -2 1 -1 2 0 -2 1 -1 2 0 -2 1 -1 2 0 -2 1 -1 2 0 -2 1 -1 2 0 -2 1 -1 2 0 -2 1 -1 2 0 -2 1 -1 2 0 -2 1 -1 2 0 -2 1 -1 2 0 -2 1 -1 2 0 -2 1 -1 2 0 -2 1 -1 2 0 -2 1 -1 2 0 -2 1 -1 2 0 -2 1 -1 2 0 -2 1 -1 2 0 -2 1 -1 2 0 -2 1 -1 2 0 -2 1 -1 2 0 -2 1 -1 2 0 -2 1 -1 2 0 -2 1 -1 2 0 -2 1 -1 2 0 -2 1 -1 2 0 -2 1 -1 2 0 -2 1 -1 2 0 -2 1 -1 2 0 -2 1 -1 2 0 -2 1 -1 2 0 -2 1 -1 2 0 -2 1 -1 2 0 -2 1 -1 2 0 -2 1 -1 2 0 -2 1 -1 2 0 -2 1 -1 2 0 721 1 -1 2 0 -2 1 -1 2 0 -2 1 -1 2 0 -2 1 -1 2 0 -2 1 -1 2 0 -2 1 -1 2 0 -2 1 -1 2 0 -2 1 -1 2 0 -2 1 -1 2 0 -2 1 -1 2 0 -2 1 -1 2 0 -2 1 -1 2 0 -2 1 -1 2 0 -2 1 -1 2 0 -2 1 -1 2 0 -2 1 -1 2 0 -2 1 -1 2 0 -2 1 -1 2 0 -2 1 -1 2 0 -2 1 -1 2 0 -2 1 -1 2 0 -2 1 -1 2 0 -2 1 -1 2 0 -2 1 -1 2 0 -2 1 -1 2 0 -2 1 -1 2 0 -2 1 -1 2 0 -2 1 -1 2 0 -2 1 -1 2 0 -2 1 -1 2 0 -2 1 -1 2 0 -2 1 -1 2 0 -2 1 -1 2 0 -2 1 -1 2 0 -2 1 -1 2 0 -2 1 -1 2 0 -2 1 -1 2 0 -2 1 -1 2 0 -2 1 -1 2 0 -2 1 -1 2 0 -2 1 -1 2 0 -2 1 -1 2 0 -2 1 -1 2 0 -2 1 -1 2 0 -2 1 -1 2 0 -2 1 -1 2 0 -2 1 -1 2 0 -2 1 -1 2 0 -2 1 -1 2 0 -2 1 -1 2 0 -2 1 -1 2 0 -2 1 -1 2 0 -2 1 -1 2 0 -2 1 -1 2 0
0 -1 -2 2 1 0 -1 -2 2 1 0 -1 -2 2 1 0 -1 -2 2 1 0 -1 -2 2 1 0 -1 -2 2 1 0 -1 -2 2 1 0 -1 -2 2 1 0 -1 -2 2 1 0 -1 -2 2 1 0 -1 -2 2 1 0 -1 -2 2 1 0 -1 -2 2 1 0 -1 -2 2 1 0 -1 -2 2 1 0 -1 -2 2 1 0 -1 -2 2 1 0 -1 -2 2 1 0 -1 -2 2 1 0 -1 -2 2 1 0 -1 -2 2 1 0 -1 -2 2 1 0 -1 -2 2 1 0 -1 -2 2 1 0 -1 -2 2 1 0 -1 -2 2 1 0 -1 -2 2 1 0 -1 -2 2 1 0 -1 -2 2 1 0 -1 -2 2 1 0 -1 -2 2 1 0 -1 -2 2 1 0 -1 -2 2 1 0 -1 -2 2 1 0 -1 -2 2 1 0 -1 -2 2 1 0 -1 -2 2 1 0 -1 -2 2 1 0 -1 -2 2 1 0 -1 -2 2 1 0 -1 -2 2 1 0 -1 -2 2 1 0 -1 -2 2 1 0 -1 -2 2 1 0 -1 -2 2 1 0 -1 -2 2 1 0 -1 -2 2 1 0 -1 -2 2 1 0 -1 -2 2 1 0 -1 -2 2 1 0 -1 -2 2 1 0 -1 -2 2 1 0 -1 -2 2 1 0 -1 -2 2 1 0 -1 -2 2 1 0 -1 -2 2 1 0 -1 -2 2 1 0 -1 -2 2 1 0 -1 -2 2 1 0 -1 -2 2 1 0 -1 -2 2 1 0 -1 -2 2 1 0 -1 -2 2 1 0 -1 -2 2 1 0 -1 -2 2 1 0 -1 -2 2 1 0 722 -2 2 1 0 -1 -2 2 1 0 -1 -2 2 1 0 -1 -2 2 1 0 -1 -2 2 1 0 -1 -2 2 1 0 -1 -2 2 1 0 -1 -2 2 1 0 -1 -2 2 1 0 -1 -2 2 1 0 -1 -2 2 1 0 -1 -2 2 1 0 -1 -2 2 1 0 -1 -2 2 1 0 -1 -2 2 1 0 -1 -2 2 1 0 -1 -2 2 1 0 -1 -2 2 1 0 -1 -2 2 1 0 -1 -2 2 1 0 -1 -2 2 1 0 -1 -2 2 1 0 -1 -2 2 1 0 -1 -2 2 1 0 -1 -2 2 1 0 -1 -2 2 1 0 -1 -2 2 1 0 -1 -2 2 1 0 -1 -2 2 1 0 -1 -2 2 1 0 -1 -2 2 1 0 -1 -2 2 1 0 -1 -2 2 1 0 -1 -2 2 1 0 -1 -2 2 1 0 -1 -2 2 1 0 -1 -2 2 1 0 -1 -2 2 1 0 -1 -2 2 1 0 -1 -2 2 1 0 -1 -2 2 1 0 -1 -2 2 1 0 -1 -2 2 1 0 -1 -2 2 1 0 -1 -2 2 1 0 -1 -2 2 1 0 -1 -2 2 1 0 -1 -2 2 1 0 -1 -2 2 1 0 -1 -2 2 1 0 -1 -2 2 1 0 -1 -2 2 1 0 -1 -2 2 1 0 -1 -2 2 1
2 2 2 2 2 2 2 2 2 2 2 2 2 2 2 2 2 2 2 2 2 2 2 2 2 2 2 2 2 2 2 2 2 2 2 2 2 2 2 2 2 2 2 2 2 2 2 2 2 2 2 2 2 2 2 2 2 2 2 2 2 2 2 2 2 2 2 2 2 2 2 2 2 2 2 2 2 2 2 2 2 2 2 2 2 2 2 2 2 2 2 2 2 2 2 2 2 2 2 2 2 2 2 2 2 2 2 2 2 2 2 2 2 2 2 2 2 2 2 2 2 2 2 2 2 2 2 2 2 2 2 2 2 2 2 2 2 2 2 2 2 2 2 2 2 2 2 2 2 2 2 2 2 2 2 2 2 2 2 2 2 2 2 2 2 2 2 2 2 2 2 2 2 2 2 2 2 2 2 2 2 2 2 2 2 2 2 2 2 2 2 2 2 2 2 2 2 2 2 2 2 2 2 2 2 2 2 2 2 2 2 2 2 2 2 2 2 2 2 2 2 2 2 2 2 2 2 2 2 2 2 2 2 2 2 2 2 2 2 2 2 2 2 2 2 2 2 2 2 2 2 2 2 2 2 2 2 2 2 2 2 2 2 2 2 2 2 2 2 2 2 2 2 2 2 2 2 2 2 2 2 2 2 2 2 2 2 2 2 2 2 2 2 2 2 2 2 2 2 2 2 2 2 2 2 2 2 2 2 2 2 2 2 2 2 2 2 2 2 2 2 2 2 2 2 2 2 2 2 2 2 2 1201 2 2 2 2 2 2 2 2 2 2 2 2 2 2 2 2 2 2 2 2 2 2 2 2 2 2 2 2 2 2 2 2 2 2 2 2 2 2 2 2 2 2 2 2 2 2 2 2 2 2 2 2 2 2 2 2 2 2 2 2 2 2 2 2 2 2 2 2 2 2 2 2 2 2 2 2 2 2 2 2 2 2 2 2 2 2 2 2 2 2 2 2 2 2 2 2 2 2 2 2 2 2 2 2 2 2 2 2 2 2 2 2 2 2 2 2 2 2 2 2 2 2 2 2 2 2 2 2 2 2 2 2 2 2 2 2 2 2 2 2 2 2 2 2 2 2 2 2 2 2 2 2 2 2 2 2 2 2 2 2 2 2 2 2 2 2 2 2 2 2 2 2 2 2 2 2 2 2 2 2 2 2 2 2 2 2 2 2 2 2 2 2 2 2 2 2 2 2 2 2 2 2 2 2 2 2 2 2 2 2 2 2 2 2 2 2 2 2 2 2 2 2 2 2 2 2 2 2 2 2 2 2 2 2 2 2 2 2 2 2 2 2 2 2 2 2 2 2 2 2 2 2 2 2 2 2 2 2 2 2 2 2 2 2 2 2 2
-1 0 1 2 -2 -1 0 1 2 -2 -1 0 1 2 -2 -1 0 1 2 -2 -1 0 1 2 -2 -1 0 1 2 -2 -1 0 1 2 -2 -1 0 1 2 -2 -1 0 1 2 -2 -1 0 1 2 -2 -1 0 1 2 -2 -1 0 1 2 -2 -1 0 1 2 -2 -1 0 1 2 -2 -1 0 1 2 -2 -1 0 1 2 -2 -1 0 1 2 -2 -1 0 1 2 -2 -1 0 1 2 -2 -1 0 1 2 -2 -1 0 1 2 -2 -1 0 1 2 -2 -1 0 1 2 -2 -1 0 1 2 -2 -1 0 1 2 -2 -1 0 1 2 -2 -1 0 1 2 -2 -1 0 1 2 -2 -1 0 1 2 -2 -1 0 1 2 -2 -1 0 1 2 -2 -1 0 1 2 -2 -1 0 1 2 -2 -1 0 1 2 -2 -1 0 1 2 -2 -1 0 1 2 -2 -1 0 1 2 -2 -1 0 1 2 -2 -1 0 1 2 -2 -1 0 1 2 -2 -1 0 1 2 -2 -1 0 1 2 -2 -1 0 1 2 -2 -1 0 1 2 -2 -1 0 1 2 -2 -1 0 1 2 -2 -1 0 1 2 -2 -1 0 1 2 -2 -1 0 1 2 -2 -1 0 1 2 -2 -1 0 1 2 -2 -1 0 1 2 -2 -1 0 1 2 -2 -1 0 1 2 -2 -1 0 1 2 -2 -1 0 1 2 -2 -1 0 1 2 -2 -1 0 1 2 -2 -1 0 1 2 -2 -1 0 1 2 -2 -1 0 1 2 -2 -1 0 1 2 -2 -1 0 1 2 -2 -1 0 1 2 -2 -1 0 1 2 -2 -1 0 1 2 -2 -1 0 1 721 -2 -1 0 1 2 -2 -1 0 1 2 -2 -1 0 1 2 -2 -1 0 1 2 -2 -1 0 1 2 -2 -1 0 1 2 -2 -1 0 1 2 -2 -1 0 1 2 -2 -1 0 1 2 -2 -1 0 1 2 -2 -1 0 1 2 -2 -1 0 1 2 -2 -1 0 1 2 -2 -1 0 1 2 -2 -1 0 1 2 -2 -1 0 1 2 -2 -1 0 1 2 -2 -1 0 1 2 -2 -1 0 1 2 -2 -1 0 1 2 -2 -1 0 1 2 -2 -1 0 1 2 -2 -1 0 1 2 -2 -1 0 1 2 -2 -1 0 1 2 -2 -1 0 1 2 -2 -1 0 1 2 -2 -1 0 1 2 -2 -1 0 1 2 -2 -1 0 1 2 -2 -1 0 1 2 -2 -1 0 1 2 -2 -1 0 1 2 -2 -1 0 1 2 -2 -1 0 1 2 -2 -1 0 1 2 -2 -1 0 1 2 -2 -1 0 1 2 -2 -1 0 1 2 -2 -1 0 1 2 -2 -1 0 1 2 -2 -1 0 1 2 -2 -1 0 1 2 -2 -1 0 1 2 -2 -1 0 1 2 -2 -1 0 1 2 -2 -1 0 1 2 -2 -1 0 1 2 -2 -1 0 1 2 -2 -1 0 1 2 -2 -1 0 1 2 -2 -1 0 1 2 -2 -1 0 1 2 -2
1 -2 0 2 -1 1 -2 0 2 -1 1 -2 0 2 -1 1 -2 0 2 -1 1 -2 0 2 -1 1 -2 0 2 -1 1 -2 0 2 -1 1 -2 0 2 -1 1 -2 0 2 -1 1 -2 0 2 -1 1 -2 0 2 -1 1 -2 0 2 -1 1 -2 0 2 -1 1 -2 0 2 -1 1 -2 0 2 -1 1 -2 0 2 -1 1 -2 0 2 -1 1 -2 0 2 -1 1 -2 0 2 -1 1 -2 0 2 -1 1 -2 0 2 -1 1 -2 0 2 -1 1 -2 0 2 -1 1 -2 0 2 -1 1 -2 0 2 -1 1 -2 0 2 -1 1 -2 0 2 -1 1 -2 0 2 -1 1 -2 0 2 -1 1 -2 0 2 -1 1 -2 0 2 -1 1 -2 0 2 -1 1 -2 0 2 -1 1 -2 0 2 -1 1 -2 0 2 -1 1 -2 0 2 -1 1 -2 0 2 -1 1 -2 0 2 -1 1 -2 0 2 -1 1 -2 0 2 -1 1 -2 0 2 -1 1 -2 0 2 -1 1 -2 0 2 -1 1 -2 0 2 -1 1 -2 0 2 -1 1 -2 0 2 -1 1 -2 0 2 -1 1 -2 0 2 -1 1 -2 0 2 -1 1 -2 0 2 -1 1 -2 0 2 -1 1 -2 0 2 -1 1 -2 0 2 -1 1 -2 0 2 -1 1 -2 0 2 -1 1 -2 0 2 -1 1 -2 0 2 -1 1 -2 0 2 -1 1 -2 0 2 -1 1 -2 0 2 -1 1 -2 0 2 -1 1 -2 0 2 -1 1 -2 0 2 -1 1 -2 0 2 -1 1 -2 0 2 -1 1 -2 0 2 -1 1 -2 0 2 722 1 -2 0 2 -1 1 -2 0 2 -1 1 -2 0 2 -1 1 -2 0 2 -1 1 -2 0 2 -1 1 -2 0 2 -1 1 -2 0 2 -1 1 -2 0 2 -1 1 -2 0 2 -1 1 -2 0 2 -1 1 -2 0 2 -1 1 -2 0 2 -1 1 -2 0 2 -1 1 -2 0 2 -1 1 -2 0 2 -1 1 -2 0 2 -1 1 -2 0 2 -1 1 -2 0 2 -1 1 -2 0 2 -1 1 -2 0 2 -1 1 -2 0 2 -1 1 -2 0 2 -1 1 -2 0 2 -1 1 -2 0 2 -1 1 -2 0 2 -1 1 -2 0 2 -1 1 -2 0 2 -1 1 -2 0 2 -1 1 -2 0 2 -1 1 -2 0 2 -1 1 -2 0 2 -1 1 -2 0 2 -1 1 -2 0 2 -1 1 -2 0 2 -1 1 -2 0 2 -1 1 -2 0 2 -1 1 -2 0 2 -1 1 -2 0 2 -1 1 -2 0 2 -1 1 -2 0 2 -1 1 -2 0 2 -1 1 -2 0 2 -1 1 -2 0 2 -1 1 -2 0 2 -1 1 -2 0 2 -1 1 -2 0 2 -1 1 -2 0 2 -1 1 -2 0 2 -1 1 -2 0 2 -1 1 -2 0 2 -1 1 -2 0 2 -1 1 -2 0 2 -1 1 -2 0 2 -1
-2 1 -1 2 0 -2 1 -1 2 0 -2 1 -1 2 0 -2 1 -1 2 0 -2 1 -1 2 0 -2 1 -1 2 0 -2 1 -1 2 0 -2 1 -1 2 0 -2 1 -1 2 0 -2 1 -1 2 0 -2 1 -1 2 0 -2 1 -1 2 0 -2 1 -1 2 0 -2 1 -1 2 0 -2 1 -1 2 0 -2 1 -1 2 0 -2 1 -1 2 0 -2 1 -1 2 0 -2 1 -1 2 0 -2 1 -1 2 0 -2 1 -1 2 0 -2 1 -1 2 0 -2 1 -1 2 0 -2 1 -1 2 0 -2 1 -1 2 0 -2 1 -1 2 0 -2 1 -1 2 0 -2 1 -1 2 0 -2 1 -1 2 0 -2 1 -1 2 0 -2 1 -1 2 0 -2 1 -1 2 0 -2 1 -1 2 0 -2 1 -1 2 0 -2 1 -1 2 0 -2 1 -1 2 0 -2 1 -1 2 0 -2 1 -1 2 0 -2 1 -1 2 0 -2 1 -1 2 0 -2 1 -1 2 0 -2 1 -1 2 0 -2 1 -1 2 0 -2 1 -1 2 0 -2 1 -1 2 0 -2 1 -1 2 0 -2 1 -1 2 0 -2 1 -1 2 0 -2 1 -1 2 0 -2 1 -1 2 0 -2 1 -1 2 0 -2 1 -1 2 0 -2 1 -1 2 0 -2 1 -1 2 0 -2 1 -1 2 0 -2 1 -1 2 0 -2 1 -1 2 0 -2 1 -1 2 0 -2 1 -1 2 0 -2 1 -1 2 0 -2 1 -1 2 0 -2 1 -1 2 0 -2 1 -1 2 0 -2 1 -1 2 0 -2 1 -1 2 0 -2 1 -1 2 0 -2 1 -1 2 0 721 1 -1 2 0 -2 1 -1 2 0 -2 1 -1 2 0 -2 1 -1 2 0 -2 1 -1 2 0 -2 1 -1 2 0 -2 1 -1 2 0 -2 1 -1 2 0 -2 1 -1 2 0 -2 1 -1 2 0 -2 1 -1 2 0 -2 1 -1 2 0 -2 1 -1 2 0 -2 1 -1 2 0 -2 1 -1 2 0 -2 1 -1 2 0 -2 1 -1 2 0 -2 1 -1 2 0 -2 1 -1 2 0 -2 1 -1 2 0 -2 1 -1 2 0 -2 1 -1 2 0 -2 1 -1 2 0 -2 1 -1 2 0 -2 1 -1 2 0 -2 1 -1 2 0 -2 1 -1 2 0 -2 1 -1 2 0 -2 1 -1 2 0 -2 1 -1 2 0 -2 1 -1 2 0 -2 1 -1 2 0 -2 1 -1 2 0 -2 1 -1 2 0 -2 1 -1 2 0 -2 1 -1 2 0 -2 1 -1 2 0 -2 1 -1 2 0 -2 1 -1 2 0 -2 1 -1 2 0 -2 1 -1 2 0 -2 1 -1 2 0 -2 1 -1 2 0 -2 1 -1 2 0 -2 1 -1 2 0 -2 1 -1 2 0 -2 1 -1 2 0 -2 1 -1 2 0 -2 1 -1 2 0 -2 1 -1 2 0 -2 1 -1 2 0 -2 1 -1 2 0 -2 1 -1 2 0
0 -1 -2 2 1 0 -1 -2 2 1 0 -1 -2 2 1 0 -1 -2 2 1 0 -1 -2 2 1 0 -1 -2 2 1 0 -1 -2 2 1 0 -1 -2 2 1 0 -1 -2 2 1 0 -1 -2 2 1 0 -1 -2 2 1 0 -1 -2 2 1 0 -1 -2 2 1 0 -1 -2 2 1 0 -1 -2 2 1 0 -1 -2 2 1 0 -1 -2 2 1 0 -1 -2 2 1 0 -1 -2 2 1 0 -1 -2 2 1 0 -1 -2 2 1 0 -1 -2 2 1 0 -1 -2 2 1 0 -1 -2 2 1 0 -1 -2 2 1 0 -1 -2 2 1 0 -1 -2 2 1 0 -1 -2 2 1 0 -1 -2 2 1 0 -1 -2 2 1 0 -1 -2 2 1 0 -1 -2 2 1 0 -1 -2 2 1 0 -1 -2 2 1 0 -1 -2 2 1 0 -1 -2 2 1 0 -1 -2 2 1 0 -1 -2 2 1 0 -1 -2 2 1 0 -1 -2 2 1 0 -1 -2 2 1 0 -1 -2 2 1 0 -1 -2 2 1 0 -1 -2 2 1 0 -1 -2 2 1 0 -1 -2 2 1 0 -1 -2 2 1 0 -1 -2 2 1 0 -1 -2 2 1 0 -1 -2 2 1 0 -1 -2 2 1 0 -1 -2 2 1 0 -1 -2 2 1 0 -1 -2 2 1 0 -1 -2 2 1 0 -1 -2 2 1 0 -1 -2 2 1 0 -1 -2 2 1 0 -1 -2 2 1 0 -1 -2 2 1 0 -1 -2 2 1 0 -1 -2 2 1 0 -1 -2 2 1 0 -1 -2 2 1 0 -1 -2 2 1 0 -1 -2 2 1 0 -1 -2 2 1 0 722 -2 2 1 0 -1 -2 2 1 0 -1 -2 2 1 0 -1 -2 2 1 0 -1 -2 2 1 0 -1 -2 2 1 0 -1 -2 2 1 0 -1 -2 2 1 0 -1 -2 2 1 0 -1 -2 2 1 0 -1 -2 2 1 0 -1 -2 2 1 0 -1 -2 2 1 0 -1 -2 2 1 0 -1 -2 2 1 0 -1 -2 2 1 0 -1 -2 2 1 0 -1 -2 2 1 0 -1 -2 2 1 0 -1 -2 2 1 0 -1 -2 2 1 0 -1 -2 2 1 0 -1 -2 2 1 0 -1 -2 2 1 0 -1 -2 2 1 0 -1 -2 2 1 0 -1 -2 2 1 0 -1 -2 2 1 0 -1 -2 2 1 0 -1 -2 2 1 0 -1 -2 2 1 0 -1 -2 2 1 0 -1 -2 2 1 0 -1 -2 2 1 0 -1 -2 2 1 0 -1 -2 2 1 0 -1 -2 2 1 0 -1 -2 2 1 0 -1 -2 2 1 0 -1 -2 2 1 0 -1 -2 2 1 0 -1 -2 2 1 0 -1 -2 2 1 0 -1 -2 2 1 0 -1 -2 2 1 0 -1 -2 2 1 0 -1 -2 2 1 0 -1 -2 2 1 0 -1 -2 2 1 0 -1 -2 2 1 0 -1 -2 2 1 0 -1 -2 2 1 0 -1 -2 2 1
2 2 2 2 2 2 2 2 2 2 2 2 2 2 2 2 2 2 2 2 2 2 2 2 2 2 2 2 2 2 2 2 2 2 2 2 2 2 2 2 2 2 2 2 2 2 2 2 2 2 2 2 2 2 2 2 2 2 2 2 2 2 2 2 2 2 2 2 2 2 2 2 2 2 2 2 2 2 2 2 2 2 2 2 2 2 2 2 2 2 2 2 2 2 2 2 2 2 2 2 2 2 2 2 2 2 2 2 2 2 2 2 2 2 2 2 2 2 2 2 2 2 2 2 2 2 2 2 2 2 2 2 2 2 2 2 2 2 2 2 2 2 2 2 2 2 2 2 2 2 2 2 2 2 2 2 2 2 2 2 2 2 2 2 2 2 2 2 2 2 2 2 2 2 2 2 2 2 2 2 2 2 2 2 2 2 2 2 2 2 2 2 2 2 2 2 2 2 2 2 2 2 2 2 2 2 2 2 2 2 2 2 2 2 2 2 2 2 2 2 2 2 2 2 2 2 2 2 2 2 2 2 2 2 2 2 2 2 2 2 2 2 2 2 2 2 2 2 2 2 2 2 2 2 2 2 2 2 2 2 2 2 2 2 2 2 2 2 2 2 2 2 2 2 2 2 2 2 2 2 2 2 2 2 2 2 2 2 2 2 2 2 2 2 2 2 2 2 2 2 2 2 2 2 2 2 2 2 2 2 2 2 2 2 2 2 2 2 2 2 2 2 2 2 2 2 2 2 2 2 2 2 2 2 2 2 2 1201 2 2 2 2 2 2 2 2 2 2 2 2 2 2 2 2 2 2 2 2 2 2 2 2 2 2 2 2 2 2 2 2 2 2 2 2 2 2 2 2 2 2 2 2 2 2 2 2 2 2 2 2 2 2 2 2 2 2 2 2 2 2 2 2 2 2 2 2 2 2 2 2 2 2 2 2 2 2 2 2 2 2 2 2 2 2 2 2 2 2 2 2 2 2 2 2 2 2 2 2 2 2 2 2 2 2 2 2 2 2 2 2 2 2 2 2 2 2 2 2 2 2 2 2 2 2 2 2 2 2 2 2 2 2 2 2 2 2 2 2 2 2 2 2 2 2 2 2 2 2 2 2 2 2 2 2 2 2 2 2 2 2 2 2 2 2 2 2 2 2 2 2 2 2 2 2 2 2 2 2 2 2 2 2 2 2 2 2 2 2 2 2 2 2 2 2 2 2 2 2 2 2 2 2 2 2 2 2 2 2 2 2 2 2 2 2 2 2 2 2 2 2 2 2 2 2 2 2 2 2 2 2 2 2 2 2 2 2 2 2 2 2 2 2 2 2 2 2 2 2 2 2 2 2 2 2 2 2 2 2 2 2
-1 0 1 2 -2 -1 0 1 2 -2 -1 0 1 2 -2 -1 0 1 2 -2 -1 0 1 2 -2 -1 0 1 2 -2 -1 0 1 2 -2 -1 0 1 2 -2 -1 0 1 2 -2 -1 0 1 2 -2 -1 0 1 2 -2 -1 0 1 2 -2 -1 0 1 2 -2 -1 0 1 2 -2 -1 0 1 2 -2 -1 0 1 2 -2 -1 0 1 2 -2 -1 0 1 2 -2 -1 0 1 2 -2 -1 0 1 2 -2 -1 0 1 2 -2 -1 0 1 2 -2 -1 0 1 2 -2 -1 0 1 2 -2 -1 0 1 2 -2 -1 0 1 2 -2 -1 0 1 2 -2 -1 0 1 2 -2 -1 0 1 2 -2 -1 0 1 2 -2 -1 0 1 2 -2 -1 0 1 2 -2 -1 0 1 2 -2 -1 0 1 2 -2 -1 0 1 2 -2 -1 0 1 2 -2 -1 0 1 2 -2 -1 0 1 2 -2 -1 0 1 2 -2 -1 0 1 2 -2 -1 0 1 2 -2 -1 0 1 2 -2 -1 0 1 2 -2 -1 0 1 2 -2 -1 0 1 2 -2 -1 0 1 2 -2 -1 0 1 2 -2 -1 0 1 2 -2 -1 0 1 2 -2 -1 0 1 2 -2 -1 0 1 2 -2 -1 0 1 2 -2 -1 0 1 2 -2 -1 0 1 2 -2 -1 0 1 2 -2 -1 0 1 2 -2 -1 0 1 2 -2 -1 0 1 2 -2 -1 0 1 2 -2 -1 0 1 2 -2 -1 0 1 2 -2 -1 0 1 2 -2 -1 0 1 2 -2 -1 0 1 2 -2 -1 0 1 2 -2 -1 0 1 2 -2 -1 0 1 2 -2 -1 0 1 721 -2 -1 0 1 2 -2 -1 0 1 2 -2 -1 0 1 2 -2 -1 0 1 2 -2 -1 0 1 2 -2 -1 0 1 2 -2 -1 0 1 2 -2 -1 0 1 2 -2 -1 0 1 2 -2 -1 0 1 2 -2 -1 0 1 2 -2 -1 0 1 2 -2 -1 0 1 2 -2 -1 0 1 2 -2 -1 0 1 2 -2 -1 0 1 2 -2 -1 0 1 2 -2 -1 0 1 2 -2 -1 0 1 2 -2 -1 0 1 2 -2 -1 0 1 2 -2 -1 0 1 2 -2 -1 0 1 2 -2 -1 0 1 2 -2 -1 0 1 2 -2 -1 0 1 2 -2 -1 0 1 2 -2 -1 0 1 2 -2 -1 0 1 2 -2 -1 0 1 2 -2 -1 0 1 2 -2 -1 0 1 2 -2 -1 0 1 2 -2 -1 0 1 2 -2 -1 0 1 2 -2 -1 0 1 2 -2 -1 0 1 2 -2 -1 0 1 2 -2 -1 0 1 2 -2 -1 0 1 2 -2 -1 0 1 2 -2 -1 0 1 2 -2 -1 0 1 2 -2 -1 0 1 2 -2 -1 0 1 2 -2 -1 0 1 2 -2 -1 0 1 2 -2 -1 0 1 2 -2 -1 0 1 2 -2 -1 0 1 2 -2 -1 0 1 2 -2 -1 0 1 2 -2
1 -2 0 2 -1 1 -2 0 2 -1 1 -2 0 2 -1 1 -2 0 2 -1 1 -2 0 2 -1 1 -2 0 2 -1 1 -2 0 2 -1 1 -2 0 2 -1 1 -2 0 2 -1 1 -2 0 2 -1 1 -2 0 2 -1 1 -2 0 2 -1 1 -2 0 2 -1 1 -2 0 2 -1 1 -2 0 2 -1 1 -2 0 2 -1 1 -2 0 2 -1 1 -2 0 2 -1 1 -2 0 2 -1 1 -2 0 2 -1 1 -2 0 2 -1 1 -2 0 2 -1 1 -2 0 2 -1 1 -2 0 2 -1 1 -2 0 2 -1 1 -2 0 2 -1 1 -2 0 2 -1 1 -2 0 2 -1 1 -2 0 2 -1 1 -2 0 2 -1 1 -2 0 2 -1 1 -2 0 2 -1 1 -2 0 2 -1 1 -2 0 2 -1 1 -2 0 2 -1 1 -2 0 2 -1 1 -2 0 2 -1 1 -2 0 2 -1 1 -2 0 2 -1 1 -2 0 2 -1 1 -2 0 2 -1 1 -2 0 2 -1 1 -2 0 2 -1 1 -2 0 2 -1 1 -2 0 2 -1 1 -2 0 2 -1 1 -2 0 2 -1 1 -2 0 2 -1 1 -2 0 2 -1 1 -2 0 2 -1 1 -2 0 2 -1 1 -2 0 2 -1 1 -2 0 2 -1 1 -2 0 2 -1 1 -2 0 2 -1 1 -2 0 2 -1 1 -2 0 2 -1 1 -2 0 2 -1 1 -2 0 2 -1 1 -2 0 2 -1 1 -2 0 2 -1 1 -2 0 2 -1 1 -2 0 2 -1 1 -2 0 2 -1 1 -2 0 2 -1 1 -2 0 2 -1 1 -2 0 2 -1 1 -2 0 2 722 1 -2 0 2 -1 1 -2 0 2 -1 1 -2 0 2 -1 1 -2 0 2 -1 1 -2 0 2 -1 1 -2 0 2 -1 1 -2 0 2 -1 1 -2 0 2 -1 1 -2 0 2 -1 1 -2 0 2 -1 1 -2 0 2 -1 1 -2 0 2 -1 1 -2 0 2 -1 1 -2 0 2 -1 1 -2 0 2 -1 1 -2 0 2 -1 1 -2 0 2 -1 1 -2 0 2 -1 1 -2 0 2 -1 1 -2 0 2 -1 1 -2 0 2 -1 1 -2 0 2 -1 1 -2 0 2 -1 1 -2 0 2 -1 1 -2 0 2 -1 1 -2 0 2 -1 1 -2 0 2 -1 1 -2 0 2 -1 1 -2 0 2 -1 1 -2 0 2 -1 1 -2 0 2 -1 1 -2 0 2 -1 1 -2 0 2 -1 1 -2 0 2 -1 1 -2 0 2 -1 1 -2 0 2 -1 1 -2 0 2 -1 1 -2 0 2 -1 1 -2 0 2 -1 1 -2 0 2 -1 1 -2 0 2 -1 1 -2 0 2 -1 1 -2 0 2 -1 1 -2 0 2 -1 1 -2 0 2 -1 1 -2 0 2 -1 1 -2 0 2 -1 1 -2 0 2 -1 1 -2 0 2 -1 1 -2 0 2 -1 1 -2 0 2 -1 1 -2 0 2 -1
-2 1 -1 2 0 -2 1 -1 2 0 -2 1 -1 2 0 -2 1 -1 2 0 -2 1 -1 2 0 -2 1 -1 2 0 -2 1 -1 2 0 -2 1 -1 2 0 -2 1 -1 2 0 -2 1 -1 2 0 -2 1 -1 2 0 -2 1 -1 2 0 -2 1 -1 2 0 -2 1 -1 2 0 -2 1 -1 2 0 -2 1 -1 2 0 -2 1 -1 2 0 -2 1 -1 2 0 -2 1 -1 2 0 -2 1 -1 2 0 -2 1 -1 2 0 -2 1 -1 2 0 -2 1 -1 2 0 -2 1 -1 2 0 -2 1 -1 2 0 -2 1 -1 2 0 -2 1 -1 2 0 -2 1 -1 2 0 -2 1 -1 2 0 -2 1 -1 2 0 -2 1 -1 2 0 -2 1 -1 2 0 -2 1 -1 2 0 -2 1 -1 2 0 -2 1 -1 2 0 -2 1 -1 2 0 -2 1 -1 2 0 -2 1 -1 2 0 -2 1 -1 2 0 -2 1 -1 2 0 -2 1 -1 2 0 -2 1 -1 2 0 -2 1 -1 2 0 -2 1 -1 2 0 -2 1 -1 2 0 -2 1 -1 2 0 -2 1 -1 2 0 -2 1 -1 2 0 -2 1 -1 2 0 -2 1 -1 2 0 -2 1 -1 2 0 -2 1 -1 2 0 -2 1 -1 2 0 -2 1 -1 2 0 -2 1 -1 2 0 -2 1 -1 2 0 -2 1 -1 2 0 -2 1 -1 2 0 -2 1 -1 2 0 -2 1 -1 2 0 -2 1 -1 2 0 -2 1 -1 2 0 -2 1 -1 2 0 -2 1 -1 2 0 -2 1 -1 2 0 -2 1 -1 2 0 -2 1 -1 2 0 -2 1 -1 2 0 721 1 -1 2 0 -2 1 -1 2 0 -2 1 -1 2 0 -2 1 -1 2 0 -2 1 -1 2 0 -2 1 -1 2 0 -2 1 -1 2 0 -2 1 -1 2 0 -2 1 -1 2 0 -2 1 -1 2 0 -2 1 -1 2 0 -2 1 -1 2 0 -2 1 -1 2 0 -2 1 -1 2 0 -2 1 -1 2 0 -2 1 -1 2 0 -2 1 -1 2 0 -2 1 -1 2 0 -2 1 -1 2 0 -2 1 -1 2 0 -2 1 -1 2 0 -2 1 -1 2 0 -2 1 -1 2 0 -2 1 -1 2 0 -2 1 -1 2 0 -2 1 -1 2 0 -2 1 -1 2 0 -2 1 -1 2 0 -2 1 -1 2 0 -2 1 -1 2 0 -2 1 -1 2 0 -2 1 -1 2 0 -2 1 -1 2 0 -2 1 -1 2 0 -2 1 -1 2 0 -2 1 -1 2 0 -2 1 -1 2 0 -2 1 -1 2 0 -2 1 -1 2 0 -2 1 -1 2 0 -2 1 -1 2 0 -2 1 -1 2 0 -2 1 -1 2 0 -2 1 -1 2 0 -2 1 -1 2 0 -2 1 -1 2 0 -2 1 -1 2 0 -2 1 -1 2 0 -2 1 -1 2 0 -2 1 -1 2 0 -2 1 -1 2 0 -2 1 -1 2 0
0 -1 -2 2 1 0 -1 -2 2 1 0 -1 -2 2 1 0 -1 -2 2 1 0 -1 -2 2 1 0 -1 -2 2 1 0 -1 -2 2 1 0 -1 -2 2 1 0 -1 -2 2 1 0 -1 -2 2 1 0 -1 -2 2 1 0 -1 -2 2 1 0 -1 -2 2 1 0 -1 -2 2 1 0 -1 -2 2 1 0 -1 -2 2 1 0 -1 -2 2 1 0 -1 -2 2 1 0 -1 -2 2 1 0 -1 -2 2 1 0 -1 -2 2 1 0 -1 -2 2 1 0 -1 -2 2 1 0 -1 -2 2 1 0 -1 -2 2 1 0 -1 -2 2 1 0 -1 -2 2 1 0 -1 -2 2 1 0 -1 -2 2 1 0 -1 -2 2 1 0 -1 -2 2 1 0 -1 -2 2 1 0 -1 -2 2 1 0 -1 -2 2 1 0 -1 -2 2 1 0 -1 -2 2 1 0 -1 -2 2 1 0 -1 -2 2 1 0 -1 -2 2 1 0 -1 -2 2 1 0 -1 -2 2 1 0 -1 -2 2 1 0 -1 -2 2 1 0 -1 -2 2 1 0 -1 -2 2 1 0 -1 -2 2 1 0 -1 -2 2 1 0 -1 -2 2 1 0 -1 -2 2 1 0 -1 -2 2 1 0 -1 -2 2 1 0 -1 -2 2 1 0 -1 -2 2 1 0 -1 -2 2 1 0 -1 -2 2 1 0 -1 -2 2 1 0 -1 -2 2 1 0 -1 -2 2 1 0 -1 -2 2 1 0 -1 -2 2 1 0 -1 -2 2 1 0 -1 -2 2 1 0 -1 -2 2 1 0 -1 -2 2 1 0 -1 -2 2 1 0 -1 -2 2 1 0 -1 -2 2 1 0 -1 -2 2 1 0 722 -2 2 1 0 -1 -2 2 1 0 -1 -2 2 1 0 -1 -2 2 1 0 -1 -2 2 1 0 -1 -2 2 1 0 -1 -2 2 1 0 -1 -2 2 1 0 -1 -2 2 1 0 -1 -2 2 1 0 -1 -2 2 1 0 -1 -2 2 1 0 -1 -2 2 1 0 -1 -2 2 1 0 -1 -2 2 1 0 -1 -2 2 1 0 -1 -2 2 1 0 -1 -2 2 1 0 -1 -2 2 1 0 -1 -2 2 1 0 -1 -2 2 1 0 -1 -2 2 1 0 -1 -2 2 1 0 -1 -2 2 1 0 -1 -2 2 1 0 -1 -2 2 1 0 -1 -2 2 1 0 -1 -2 2 1 0 -1 -2 2 1 0 -1 -2 2 1 0 -1 -2 2 1 0 -1 -2 2 1 0 -1 -2 2 1 0 -1 -2 2 1 0 -1 -2 2 1 0 -1 -2 2 1 0 -1 -2 2 1 0 -1 -2 2 1 0 -1 -2 2 1 0 -1 -2 2 1 0 -1 -2 2 1 0 -1 -2 2 1 0 -1 -2 2 1 0 -1 -2 2 1 0 -1 -2 2 1 0 -1 -2 2 1 0 -1 -2 2 1 0 -1 -2 2 1 0 -1 -2 2 1 0 -1 -2 2 1 0 -1 -2 2 1 0 -1 -2 2 1
2 2 2 2 2 2 2 2 2 2 2 2 2 2 2 2 2 2 2 2 2 2 2 2 2 2 2 2 2 2 2 2 2 2 2 2 2 2 2 2 2 2 2 2 2 2 2 2 2 2 2 2 2 2 2 2 2 2 2 2 2 2 2 2 2 2 2 2 2 2 2 2 2 2 2 2 2 2 2 2 2 2 2 2 2 2 2 2 2 2 2 2 2 2 2 2 2 2 2 2 2 2 2 2 2 2 2 2 2 2 2 2 2 2 2 2 2 2 2 2 2 2 2 2 2 2 2 2 2 2 2 2 2 2 2 2 2 2 2 2 2 2 2 2 2 2 2 2 2 2 2 2 2 2 2 2 2 2 2 2 2 2 2 2 2 2 2 2 2 2 2 2 2 2 2 2 2 2 2 2 2 2 2 2 2 2 2 2 2 2 2 2 2 2 2 2 2 2 2 2 2 2 2 2 2 2 2 2 2 2 2 2 2 2 2 2 2 2 2 2 2 2 2 2 2 2 2 2 2 2 2 2 2 2 2 2 2 2 2 2 2 2 2 2 2 2 2 2 2 2 2 2 2 2 2 2 2 2 2 2 2 2 2 2 2 2 2 2 2 2 2 2 2 2 2 2 2 2 2 2 2 2 2 2 2 2 2 2 2 2 2 2 2 2 2 2 2 2 2 2 2 2 2 2 2 2 2 2 2 2 2 2 2 2 2 2 2 2 2 2 2 2 2 2 2 2 2 2 2 2 2 2 2 2 2 2 2 2 2 2 2 2 1201 2 2 2 2 2 2 2 2 2 2 2 2 2 2 2 2 2 2 2 2 2 2 2 2 2 2 2 2 2 2 2 2 2 2 2 2 2 2 2 2 2 2 2 2 2 2 2 2 2 2 2 2 2 2 2 2 2 2 2 2 2 2 2 2 2 2 2 2 2 2 2 2 2 2 2 2 2 2 2 2 2 2 2 2 2 2 2 2 2 2 2 2 2 2 2 2 2 2 2 2 2 2 2 2 2 2 2 2 2 2 2 2 2 2 2 2 2 2 2 2 2 2 2 2 2 2 2 2 2 2 2 2 2 2 2 2 2 2 2 2 2 2 2 2 2 2 2 2 2 2 2 2 2 2 2 2 2 2 2 2 2 2 2 2 2 2 2 2 2 2 2 2 2 2 2 2 2 2 2 2 2 2 2 2 2 2 2 2 2 2 2 2 2 2 2 2 2 2 2 2 2 2 2 2 2 2 2 2 2 2 2 2 2 2 2 2 2 2 2 2 2 2 2 2 2 2 2 2 2 2 2 2 2 2 2 2 2 2 2 2 2 2 2 2 2 2 2 2 2 2 2 2 2 2 2 2 2
-1 0 1 2 -2 -1 0 1 2 -2 -1 0 1 2 -2 -1 0 1 2 -2 -1 0 1 2 -2 -1 0 1 2 -2 -1 0 1 2 -2 -1 0 1 2 -2 -1 0 1 2 -2 -1 0 1 2 -2 -1 0 1 2 -2 -1 0 1 2 -2 -1 0 1 2 -2 -1 0 1 2 -2 -1 0 1 2 -2 -1 0 1 2 -2 -1 0 1 2 -2 -1 0 1 2 -2 -1 0 1 2 -2 -1 0 1 2 -2 -1 0 1 2 -2 -1 0 1 2 -2 -1 0 1 2 -2 -1 0 1 2 -2 -1 0 1 2 -2 -1 0 1 2 -2 -1 0 1 2 -2 -1 0 1 2 -2 -1 0 1 2 -2 -1 0 1 2 -2 -1 0 1 2 -2 -1 0 1 2 -2 -1 0 1 2 -2 -1 0 1 2 -2 -1 0 1 2 -2 -1 0 1 2 -2 -1 0 1 2 -2 -1 0 1 2 -2 -1 0 1 2 -2 -1 0 1 2 -2 -1 0 1 2 -2 -1 0 1 2 -2 -1 0 1 2 -2 -1 0 1 2 -2 -1 0 1 2 -2 -1 0 1 2 -2 -1 0 1 2 -2 -1 0 1 2 -2 -1 0 1 2 -2 -1 0 1 2 -2 -1 0 1 2 -2 -1 0 1 2 -2 -1 0 1 2 -2 -1 0 1 2 -2 -1 0 1 2 -2 -1 0 1 2 -2 -1 0 1 2 -2 -1 0 1 2 -2 -1 0 1 2 -2 -1 0 1 2 -2 -1 0 1 2 -2 -1 0 1 2 -2 -1 0 1 2 -2 -1 0 1 2 -2 -1 0 1 2 -2 -1 0 1 2 -2 -1 0 1 2 -2 -1 0 1 2 -2 -1 0 1 721 -2 -1 0 1 2 -2 -1 0 1 2 -2 -1 0 1 2 -2 -1 0 1 2 -2 -1 0 1 2 -2 -1 0 1 2 -2 -1 0 1 2 -2 -1 0 1 2 -2 -1 0 1 2 -2 -1 0 1 2 -2 -1 0 1 2 -2 -1 0 1 2 -2 -1 0 1 2 -2 -1 0 1 2 -2 -1 0 1 2 -2 -1 0 1 2 -2 -1 0 1 2 -2 -1 0 1 2 -2 -1 0 1 2 -2 -1 0 1 2 -2 -1 0 1 2 -2 -1 0 1 2 -2 -1 0 1 2 -2 -1 0 1 2 -2 -1 0 1 2 -2 -1 0 1 2 -2 -1 0 1 2 -2 -1 0 1 2 -2 -1 0 1 2 -2 -1 0 1 2 -2 -1 0 1 2 -2 -1 0 1 2 -2 -1 0 1 2 -2 -1 0 1 2 -2 -1 0 1 2 -2 -1 0 1 2 -2 -1 0 1 2 -2 -1 0 1 2 -2 -1 0 1 2 -2 -1 0 1 2 -2 -1 0 1 2 -2 -1 0 1 2 -2 -1 0 1 2 -2 -1 0 1 2 -2 -1 0 1 2 -2 -1 0 1 2 -2 -1 0 1 2 -2 -1 0 1 2 -2 -1 0 1 2 -2 -1 0 1 2 -2 -1 0 1 2 -2
1 -2 0 2 -1 1 -2 0 2 -1 1 -2 0 2 -1 1 -2 0 2 -1 1 -2 0 2 -1 1 -2 0 2 -1 1 -2 0 2 -1 1 -2 0 2 -1 1 -2 0 2 -1 1 -2 0 2 -1 1 -2 0 2 -1 1 -2 0 2 -1 1 -2 0 2 -1 1 -2 0 2 -1 1 -2 0 2 -1 1 -2 0 2 -1 1 -2 0 2 -1 1 -2 0 2 -1 1 -2 0 2 -1 1 -2 0 2 -1 1 -2 0 2 -1 1 -2 0 2 -1 1 -2 0 2 -1 1 -2 0 2 -1 1 -2 0 2 -1 1 -2 0 2 -1 1 -2 0 2 -1 1 -2 0 2 -1 1 -2 0 2 -1 1 -2 0 2 -1 1 -2 0 2 -1 1 -2 0 2 -1 1 -2 0 2 -1 1 -2 0 2 -1 1 -2 0 2 -1 1 -2 0 2 -1 1 -2 0 2 -1 1 -2 0 2 -1 1 -2 0 2 -1 1 -2 0 2 -1 1 -2 0 2 -1 1 -2 0 2 -1 1 -2 0 2 -1 1 -2 0 2 -1 1 -2 0 2 -1 1 -2 0 2 -1 1 -2 0 2 -1 1 -2 0 2 -1 1 -2 0 2 -1 1 -2 0 2 -1 1 -2 0 2 -1 1 -2 0 2 -1 1 -2 0 2 -1 1 -2 0 2 -1 1 -2 0 2 -1 1 -2 0 2 -1 1 -2 0 2 -1 1 -2 0 2 -1 1 -2 0 2 -1 1 -2 0 2 -1 1 -2 0 2 -1 1 -2 0 2 -1 1 -2 0 2 -1 1 -2 0 2 -1 1 -2 0 2 -1 1 -2 0 2 -1 1 -2 0 2 -1 1 -2 0 2 -1 1 -2 0 2 722 1 -2 0 2 -1 1 -2 0 2 -1 1 -2 0 2 -1 1 -2 0 2 -1 1 -2 0 2 -1 1 -2 0 2 -1 1 -2 0 2 -1 1 -2 0 2 -1 1 -2 0 2 -1 1 -2 0 2 -1 1 -2 0 2 -1 1 -2 0 2 -1 1 -2 0 2 -1 1 -2 0 2 -1 1 -2 0 2 -1 1 -2 0 2 -1 1 -2 0 2 -1 1 -2 0 2 -1 1 -2 0 2 -1 1 -2 0 2 -1 1 -2 0 2 -1 1 -2 0 2 -1 1 -2 0 2 -1 1 -2 0 2 -1 1 -2 0 2 -1 1 -2 0 2 -1 1 -2 0 2 -1 1 -2 0 2 -1 1 -2 0 2 -1 1 -2 0 2 -1 1 -2 0 2 -1 1 -2 0 2 -1 1 -2 0 2 -1 1 -2 0 2 -1 1 -2 0 2 -1 1 -2 0 2 -1 1 -2 0 2 -1 1 -2 0 2 -1 1 -2 0 2 -1 1 -2 0 2 -1 1 -2 0 2 -1 1 -2 0 2 -1 1 -2 0 2 -1 1 -2 0 2 -1 1 -2 0 2 -1 1 -2 0 2 -1 1 -2 0 2 -1 1 -2 0 2 -1 1 -2 0 2 -1 1 -2 0 2 -1 1 -2 0 2 -1
-2 1 -1 2 0 -2 1 -1 2 0 -2 1 -1 2 0 -2 1 -1 2 0 -2 1 -1 2 0 -2 1 -1 2 0 -2 1 -1 2 0 -2 1 -1 2 0 -2 1 -1 2 0 -2 1 -1 2 0 -2 1 -1 2 0 -2 1 -1 2 0 -2 1 -1 2 0 -2 1 -1 2 0 -2 1 -1 2 0 -2 1 -1 2 0 -2 1 -1 2 0 -2 1 -1 2 0 -2 1 -1 2 0 -2 1 -1 2 0 -2 1 -1 2 0 -2 1 -1 2 0 -2 1 -1 2 0 -2 1 -1 2 0 -2 1 -1 2 0 -2 1 -1 2 0 -2 1 -1 2 0 -2 1 -1 2 0 -2 1 -1 2 0 -2 1 -1 2 0 -2 1 -1 2 0 -2 1 -1 2 0 -2 1 -1 2 0 -2 1 -1 2 0 -2 1 -1 2 0 -2 1 -1 2 0 -2 1 -1 2 0 -2 1 -1 2 0 -2 1 -1 2 0 -2 1 -1 2 0 -2 1 -1 2 0 -2 1 -1 2 0 -2 1 -1 2 0 -2 1 -1 2 0 -2 1 -1 2 0 -2 1 -1 2 0 -2 1 -1 2 0 -2 1 -1 2 0 -2 1 -1 2 0 -2 1 -1 2 0 -2 1 -1 2 0 -2 1 -1 2 0 -2 1 -1 2 0 -2 1 -1 2 0 -2 1 -1 2 0 -2 1 -1 2 0 -2 1 -1 2 0 -2 1 -1 2 0 -2 1 -1 2 0 -2 1 -1 2 0 -2 1 -1 2 0 -2 1 -1 2 0 -2 1 -1 2 0 -2 1 -1 2 0 -2 1 -1 2 0 -2 1 -1 2 0 -2 1 -1 2 0 -2 1 -1 2 0 -2 1 -1 2 0 721 1 -1 2 0 -2 1 -1 2 0 -2 1 -1 2 0 -2 1 -1 2 0 -2 1 -1 2 0 -2 1 -1 2 0 -2 1 -1 2 0 -2 1 -1 2 0 -2 1 -1 2 0 -2 1 -1 2 0 -2 1 -1 2 0 -2 1 -1 2 0 -2 1 -1 2 0 -2 1 -1 2 0 -2 1 -1 2 0 -2 1 -1 2 0 -2 1 -1 2 0 -2 1 -1 2 0 -2 1 -1 2 0 -2 1 -1 2 0 -2 1 -1 2 0 -2 1 -1 2 0 -2 1 -1 2 0 -2 1 -1 2 0 -2 1 -1 2 0 -2 1 -1 2 0 -2 1 -1 2 0 -2 1 -1 2 0 -2 1 -1 2 0 -2 1 -1 2 0 -2 1 -1 2 0 -2 1 -1 2 0 -2 1 -1 2 0 -2 1 -1 2 0 -2 1 -1 2 0 -2 1 -1 2 0 -2 1 -1 2 0 -2 1 -1 2 0 -2 1 -1 2 0 -2 1 -1 2 0 -2 1 -1 2 0 -2 1 -1 2 0 -2 1 -1 2 0 -2 1 -1 2 0 -2 1 -1 2 0 -2 1 -1 2 0 -2 1 -1 2 0 -2 1 -1 2 0 -2 1 -1 2 0 -2 1 -1 2 0 -2 1 -1 2 0
0 -1 -2 2 1 0 -1 -2 2 1 0 -1 -2 2 1 0 -1 -2 2 1 0 -1 -2 2 1 0 -1 -2 2 1 0 -1 -2 2 1 0 -1 -2 2 1 0 -1 -2 2 1 0 -1 -2 2 1 0 -1 -2 2 1 0 -1 -2 2 1 0 -1 -2 2 1 0 -1 -2 2 1 0 -1 -2 2 1 0 -1 -2 2 1 0 -1 -2 2 1 0 -1 -2 2 1 0 -1 -2 2 1 0 -1 -2 2 1 0 -1 -2 2 1 0 -1 -2 2 1 0 -1 -2 2 1 0 -1 -2 2 1 0 -1 -2 2 1 0 -1 -2 2 1 0 -1 -2 2 1 0 -1 -2 2 1 0 -1 -2 2 1 0 -1 -2 2 1 0 -1 -2 2 1 0 -1 -2 2 1 0 -1 -2 2 1 0 -1 -2 2 1 0 -1 -2 2 1 0 -1 -2 2 1 0 -1 -2 2 1 0 -1 -2 2 1 0 -1 -2 2 1 0 -1 -2 2 1 0 -1 -2 2 1 0 -1 -2 2 1 0 -1 -2 2 1 0 -1 -2 2 1 0 -1 -2 2 1 0 -1 -2 2 1 0 -1 -2 2 1 0 -1 -2 2 1 0 -1 -2 2 1 0 -1 -2 2 1 0 -1 -2 2 1 0 -1 -2 2 1 0 -1 -2 2 1 0 -1 -2 2 1 0 -1 -2 2 1 0 -1 -2 2 1 0 -1 -2 2 1 0 -1 -2 2 1 0 -1 -2 2 1 0 -1 -2 2 1 0 -1 -2 2 1 0 -1 -2 2 1 0 -1 -2 2 1 0 -1 -2 2 1 0 -1 -2 2 1 0 -1 -2 2 1 0 -1 -2 2 1 0 -1 -2 2 1 0 -1 -2 2 1 0 722 -2 2 1 0 -1 -2 2 1 0 -1 -2 2 1 0 -1 -2 2 1 0 -1 -2 2 1 0 -1 -2 2 1 0 -1 -2 2 1 0 -1 -2 2 1 0 -1 -2 2 1 0 -1 -2 2 1 0 -1 -2 2 1 0 -1 -2 2 1 0 -1 -2 2 1 0 -1 -2 2 1 0 -1 -2 2 1 0 -1 -2 2 1 0 -1 -2 2 1 0 -1 -2 2 1 0 -1 -2 2 1 0 -1 -2 2 1 0 -1 -2 2 1 0 -1 -2 2 1 0 -1 -2 2 1 0 -1 -2 2 1 0 -1 -2 2 1 0 -1 -2 2 1 0 -1 -2 2 1 0 -1 -2 2 1 0 -1 -2 2 1 0 -1 -2 2 1 0 -1 -2 2 1 0 -1 -2 2 1 0 -1 -2 2 1 0 -1 -2 2 1 0 -1 -2 2 1 0 -1 -2 2 1 0 -1 -2 2 1 0 -1 -2 2 1 0 -1 -2 2 1 0 -1 -2 2 1 0 -1 -2 2 1 0 -1 -2 2 1 0 -1 -2 2 1 0 -1 -2 2 1 0 -1 -2 2 1 0 -1 -2 2 1 0 -1 -2 2 1 0 -1 -2 2 1 0 -1 -2 2 1 0 -1 -2 2 1 0 -1 -2 2 1
2 2 2 2 2 2 2 2 2 2 2 2 2 2 2 2 2 2 2 2 2 2 2 2 2 2 2 2 2 2 2 2 2 2 2 2 2 2 2 2 2 2 2 2 2 2 2 2 2 2 2 2 2 2 2 2 2 2 2 2 2 2 2 2 2 2 2 2 2 2 2 2 2 2 2 2 2 2 2 2 2 2 2 2 2 2 2 2 2 2 2 2 2 2 2 2 2 2 2 2 2 2 2 2 2 2 2 2 2 2 2 2 2 2 2 2 2 2 2 2 2 2 2 2 2 2 2 2 2 2 2 2 2 2 2 2 2 2 2 2 2 2 2 2 2 2 2 2 2 2 2 2 2 2 2 2 2 2 2 2 2 2 2 2 2 2 2 2 2 2 2 2 2 2 2 2 2 2 2 2 2 2 2 2 2 2 2 2 2 2 2 2 2 2 2 2 2 2 2 2 2 2 2 2 2 2 2 2 2 2 2 2 2 2 2 2 2 2 2 2 2 2 2 2 2 2 2 2 2 2 2 2 2 2 2 2 2 2 2 2 2 2 2 2 2 2 2 2 2 2 2 2 2 2 2 2 2 2 2 2 2 2 2 2 2 2 2 2 2 2 2 2 2 2 2 2 2 2 2 2 2 2 2 2 2 2 2 2 2 2 2 2 2 2 2 2 2 2 2 2 2 2 2 2 2 2 2 2 2 2 2 2 2 2 2 2 2 2 2 2 2 2 2 2 2 2 2 2 2 2 2 2 2 2 2 2 2 2 2 2 2 2 2 2 2 2 2 1201 2 2 2 2 2 2 2 2 2 2 2 2 2 2 2 2 2 2 2 2 2 2 2 2 2 2 2 2 2 2 2 2 2 2 2 2 2 2 2 2 2 2 2 2 2 2 2 2 2 2 2 2 2 2 2 2 2 2 2 2 2 2 2 2 2 2 2 2 2 2 2 2 2 2 2 2 2 2 2 2 2 2 2 2 2 2 2 2 2 2 2 2 2 2 2 2 2 2 2 2 2 2 2 2 2 2 2 2 2 2 2 2 2 2 2 2 2 2 2 2 2 2 2 2 2 2 2 2 2 2 2 2 2 2 2 2 2 2 2 2 2 2 2 2 2 2 2 2 2 2 2 2 2 2 2 2 2 2 2 2 2 2 2 2 2 2 2 2 2 2 2 2 2 2 2 2 2 2 2 2 2 2 2 2 2 2 2 2 2 2 2 2 2 2 2 2 2 2 2 2 2 2 2 2 2 2 2 2 2 2 2 2 2 2 2 2 2 2 2 2 2 2 2 2 2 2 2 2 2 2 2 2 2 2 2 2 2 2 2 2 2 2 2 2 2 2 2 2 2 2 2 2
-1 0 1 2 -2 -1 0 1 2 -2 -1 0 1 2 -2 -1 0 1 2 -2 -1 0 1 2 -2 -1 0 1 2 -2 -1 0 1 2 -2 -1 0 1 2 -2 -1 0 1 2 -2 -1 0 1 2 -2 -1 0 1 2 -2 -1 0 1 2 -2 -1 0 1 2 -2 -1 0 1 2 -2 -1 0 1 2 -2 -1 0 1 2 -2 -1 0 1 2 -2 -1 0 1 2 -2 -1 0 1 2 -2 -1 0 1 2 -2 -1 0 1 2 -2 -1 0 1 2 -2 -1 0 1 2 -2 -1 0 1 2 -2 -1 0 1 2 -2 -1 0 1 2 -2 -1 0 1 2 -2 -1 0 1 2 -2 -1 0 1 2 -2 -1 0 1 2 -2 -1 0 1 2 -2 -1 0 1 2 -2 -1 0 1 2 -2 -1 0 1 2 -2 -1 0 1 2 -2 -1 0 1 2 -2 -1 0 1 2 -2 -1 0 1 2 -2 -1 0 1 2 -2 -1 0 1 2 -2 -1 0 1 2 -2 -1 0 1 2 -2 -1 0 1 2 -2 -1 0 1 2 -2 -1 0 1 2 -2 -1 0 1 2 -2 -1 0 1 2 -2 -1 0 1 2 -2 -1 0 1 2 -2 -1 0 1 2 -2 -1 0 1 2 -2 -1 0 1 2 -2 -1 0 1 2 -2 -1 0 1 2 -2 -1 0 1 2 -2 -1 0 1 2 -2 -1 0 1 2 -2 -1 0 1 2 -2 -1 0 1 2 -2 -1 0 1 2 -2 -1 0 1 2 -2 -1 0 1 2 -2 -1 0 1 2 -2 -1 0 1 2 -2 -1 0 1 2 -2 -1 0 1 2 -2 -1 0 1 2 -2 -1 0 1 2 -2 -1 0 1 2 -2 -1 0 1 721 -2 -1 0 1 2 -2 -1 0 1 2 -2 -1 0 1 2 -2 -1 0 1 2 -2 -1 0 1 2 -2 -1 0 1 2 -2 -1 0 1 2 -2 -1 0 1 2 -2 -1 0 1 2 -2 -1 0 1 2 -2 -1 0 1 2 -2 -1 0 1 2 -2 -1 0 1 2 -2 -1 0 1 2 -2 -1 0 1 2 -2 -1 0 1 2 -2 -1 0 1 2 -2 -1 0 1 2 -2 -1 0 1 2 -2 -1 0 1 2 -2 -1 0 1 2 -2 -1 0 1 2 -2 -1 0 1 2 -2 -1 0 1 2 -2 -1 0 1 2 -2 -1 0 1 2 -2 -1 0 1 2 -2 -1 0 1 2 -2 -1 0 1 2 -2 -1 0 1 2 -2 -1 0 1 2 -2 -1 0 1 2 -2 -1 0 1 2 -2 -1 0 1 2 -2 -1 0 1 2 -2 -1 0 1 2 -2 -1 0 1 2 -2 -1 0 1 2 -2 -1 0 1 2 -2 -1 0 1 2 -2 -1 0 1 2 -2 -1 0 1 2 -2 -1 0 1 2 -2 -1 0 1 2 -2 -1 0 1 2 -2 -1 0 1 2 -2 -1 0 1 2 -2 -1 0 1 2 -2 -1 0 1 2 -2 -1 0 1 2 -2
1 -2 0 2 -1 1 -2 0 2 -1 1 -2 0 2 -1 1 -2 0 2 -1 1 -2 0 2 -1 1 -2 0 2 -1 1 -2 0 2 -1 1 -2 0 2 -1 1 -2 0 2 -1 1 -2 0 2 -1 1 -2 0 2 -1 1 -2 0 2 -1 1 -2 0 2 -1 1 -2 0 2 -1 1 -2 0 2 -1 1 -2 0 2 -1 1 -2 0 2 -1 1 -2 0 2 -1 1 -2 0 2 -1 1 -2 0 2 -1 1 -2 0 2 -1 1 -2 0 2 -1 1 -2 0 2 -1 1 -2 0 2 -1 1 -2 0 2 -1 1 -2 0 2 -1 1 -2 0 2 -1 1 -2 0 2 -1 1 -2 0 2 -1 1 -2 0 2 -1 1 -2 0 2 -1 1 -2 0 2 -1 1 -2 0 2 -1 1 -2 0 2 -1 1 -2 0 2 -1 1 -2 0 2 -1 1 -2 0 2 -1 1 -2 0 2 -1 1 -2 0 2 -1 1 -2 0 2 -1 1 -2 0 2 -1 1 -2 0 2 -1 1 -2 0 2 -1 1 -2 0 2 -1 1 -2 0 2 -1 1 -2 0 2 -1 1 -2 0 2 -1 1 -2 0 2 -1 1 -2 0 2 -1 1 -2 0 2 -1 1 -2 0 2 -1 1 -2 0 2 -1 1 -2 0 2 -1 1 -2 0 2 -1 1 -2 0 2 -1 1 -2 0 2 -1 1 -2 0 2 -1 1 -2 0 2 -1 1 -2 0 2 -1 1 -2 0 2 -1 1 -2 0 2 -1 1 -2 0 2 -1 1 -2 0 2 -1 1 -2 0 2 -1 1 -2 0 2 -1 1 -2 0 2 -1 1 -2 0 2 -1 1 -2 0 2 -1 1 -2 0 2 -1 1 -2 0 2 722 1 -2 0 2 -1 1 -2 0 2 -1 1 -2 0 2 -1 1 -2 0 2 -1 1 -2 0 2 -1 1 -2 0 2 -1 1 -2 0 2 -1 1 -2 0 2 -1 1 -2 0 2 -1 1 -2 0 2 -1 1 -2 0 2 -1 1 -2 0 2 -1 1 -2 0 2 -1 1 -2 0 2 -1 1 -2 0 2 -1 1 -2 0 2 -1 1 -2 0 2 -1 1 -2 0 2 -1 1 -2 0 2 -1 1 -2 0 2 -1 1 -2 0 2 -1 1 -2 0 2 -1 1 -2 0 2 -1 1 -2 0 2 -1 1 -2 0 2 -1 1 -2 0 2 -1 1 -2 0 2 -1 1 -2 0 2 -1 1 -2 0 2 -1 1 -2 0 2 -1 1 -2 0 2 -1 1 -2 0 2 -1 1 -2 0 2 -1 1 -2 0 2 -1 1 -2 0 2 -1 1 -2 0 2 -1 1 -2 0 2 -1 1 -2 0 2 -1 1 -2 0 2 -1 1 -2 0 2 -1 1 -2 0 2 -1 1 -2 0 2 -1 1 -2 0 2 -1 1 -2 0 2 -1 1 -2 0 2 -1 1 -2 0 2 -1 1 -2 0 2 -1 1 -2 0 2 -1 1 -2 0 2 -1 1 -2 0 2 -1
-2 1 -1 2 0 -2 1 -1 2 0 -2 1 -1 2 0 -2 1 -1 2 0 -2 1 -1 2 0 -2 1 -1 2 0 -2 1 -1 2 0 -2 1 -1 2 0 -2 1 -1 2 0 -2 1 -1 2 0 -2 1 -1 2 0 -2 1 -1 2 0 -2 1 -1 2 0 -2 1 -1 2 0 -2 1 -1 2 0 -2 1 -1 2 0 -2 1 -1 2 0 -2 1 -1 2 0 -2 1 -1 2 0 -2 1 -1 2 0 -2 1 -1 2 0 -2 1 -1 2 0 -2 1 -1 2 0 -2 1 -1 2 0 -2 1 -1 2 0 -2 1 -1 2 0 -2 1 -1 2 0 -2 1 -1 2 0 -2 1 -1 2 0 -2 1 -1 2 0 -2 1 -1 2 0 -2 1 -1 2 0 -2 1 -1 2 0 -2 1 -1 2 0 -2 1 -1 2 0 -2 1 -1 2 0 -2 1 -1 2 0 -2 1 -1 2 0 -2 1 -1 2 0 -2 1 -1 2 0 -2 1 -1 2 0 -2 1 -1 2 0 -2 1 -1 2 0 -2 1 -1 2 0 -2 1 -1 2 0 -2 1 -1 2 0 -2 1 -1 2 0 -2 1 -1 2 0 -2 1 -1 2 0 -2 1 -1 2 0 -2 1 -1 2 0 -2 1 -1 2 0 -2 1 -1 2 0 -2 1 -1 2 0 -2 1 -1 2 0 -2 1 -1 2 0 -2 1 -1 2 0 -2 1 -1 2 0 -2 1 -1 2 0 -2 1 -1 2 0 -2 1 -1 2 0 -2 1 -1 2 0 -2 1 -1 2 0 -2 1 -1 2 0 -2 1 -1 2 0 -2 1 -1 2 0 -2 1 -1 2 0 -2 1 -1 2 0 -2 1 -1 2 0 -2 1 -1 2 0 721 1 -1 2 0 -2 1 -1 2 0 -2 1 -1 2 0 -2 1 -1 2 0 -2 1 -1 2 0 -2 1 -1 2 0 -2 1 -1 2 0 -2 1 -1 2 0 -2 1 -1 2 0 -2 1 -1 2 0 -2 1 -1 2 0 -2 1 -1 2 0 -2 1 -1 2 0 -2 1 -1 2 0 -2 1 -1 2 0 -2 1 -1 2 0 -2 1 -1 2 0 -2 1 -1 2 0 -2 1 -1 2 0 -2 1 -1 2 0 -2 1 -1 2 0 -2 1 -1 2 0 -2 1 -1 2 0 -2 1 -1 2 0 -2 1 -1 2 0 -2 1 -1 2 0 -2 1 -1 2 0 -2 1 -1 2 0 -2 1 -1 2 0 -2 1 -1 2 0 -2 1 -1 2 0 -2 1 -1 2 0 -2 1 -1 2 0 -2 1 -1 2 0 -2 1 -1 2 0 -2 1 -1 2 0 -2 1 -1 2 0 -2 1 -1 2 0 -2 1 -1 2 0 -2 1 -1 2 0 -2 1 -1 2 0 -2 1 -1 2 0 -2 1 -1 2 0 -2 1 -1 2 0 -2 1 -1 2 0 -2 1 -1 2 0 -2 1 -1 2 0 -2 1 -1 2 0 -2 1 -1 2 0 -2 1 -1 2 0
0 -1 -2 2 1 0 -1 -2 2 1 0 -1 -2 2 1 0 -1 -2 2 1 0 -1 -2 2 1 0 -1 -2 2 1 0 -1 -2 2 1 0 -1 -2 2 1 0 -1 -2 2 1 0 -1 -2 2 1 0 -1 -2 2 1 0 -1 -2 2 1 0 -1 -2 2 1 0 -1 -2 2 1 0 -1 -2 2 1 0 -1 -2 2 1 0 -1 -2 2 1 0 -1 -2 2 1 0 -1 -2 2 1 0 -1 -2 2 1 0 -1 -2 2 1 0 -1 -2 2 1 0 -1 -2 2 1 0 -1 -2 2 1 0 -1 -2 2 1 0 -1 -2 2 1 0 -1 -2 2 1 0 -1 -2 2 1 0 -1 -2 2 1 0 -1 -2 2 1 0 -1 -2 2 1 0 -1 -2 2 1 0 -1 -2 2 1 0 -1 -2 2 1 0 -1 -2 2 1 0 -1 -2 2 1 0 -1 -2 2 1 0 -1 -2 2 1 0 -1 -2 2 1 0 -1 -2 2 1 0 -1 -2 2 1 0 -1 -2 2 1 0 -1 -2 2 1 0 -1 -2 2 1 0 -1 -2 2 1 0 -1 -2 2 1 0 -1 -2 2 1 0 -1 -2 2 1 0 -1 -2 2 1 0 -1 -2 2 1 0 -1 -2 2 1 0 -1 -2 2 1 0 -1 -2 2 1 0 -1 -2 2 1 0 -1 -2 2 1 0 -1 -2 2 1 0 -1 -2 2 1 0 -1 -2 2 1 0 -1 -2 2 1 0 -1 -2 2 1 0 -1 -2 2 1 0 -1 -2 2 1 0 -1 -2 2 1 0 -1 -2 2 1 0 -1 -2 2 1 0 -1 -2 2 1 0 -1 -2 2 1 0 -1 -2 2 1 0 -1 -2 2 1 0 -1 -2 2 1 0 722 -2 2 1 0 -1 -2 2 1 0 -1 -2 2 1 0 -1 -2 2 1 0 -1 -2 2 1 0 -1 -2 2 1 0 -1 -2 2 1 0 -1 -2 2 1 0 -1 -2 2 1 0 -1 -2 2 1 0 -1 -2 2 1 0 -1 -2 2 1 0 -1 -2 2 1 0 -1 -2 2 1 0 -1 -2 2 1 0 -1 -2 2 1 0 -1 -2 2 1 0 -1 -2 2 1 0 -1 -2 2 1 0 -1 -2 2 1 0 -1 -2 2 1 0 -1 -2 2 1 0 -1 -2 2 1 0 -1 -2 2 1 0 -1 -2 2 1 0 -1 -2 2 1 0 -1 -2 2 1 0 -1 -2 2 1 0 -1 -2 2 1 0 -1 -2 2 1 0 -1 -2 2 1 0 -1 -2 2 1 0 -1 -2 2 1 0 -1 -2 2 1 0 -1 -2 2 1 0 -1 -2 2 1 0 -1 -2 2 1 0 -1 -2 2 1 0 -1 -2 2 1 0 -1 -2 2 1 0 -1 -2 2 1 0 -1 -2 2 1 0 -1 -2 2 1 0 -1 -2 2 1 0 -1 -2 2 1 0 -1 -2 2 1 0 -1 -2 2 1 0 -1 -2 2 1 0 -1 -2 2 1 0 -1 -2 2 1
2 2 2 2 2 2 2 2 2 2 2 2 2 2 2 2 2 2 2 2 2 2 2 2 2 2 2 2 2 2 2 2 2 2 2 2 2 2 2 2 2 2 2 2 2 2 2 2 2 2 2 2 2 2 2 2 2 2 2 2 2 2 2 2 2 2 2 2 2 2 2 2 2 2 2 2 2 2 2 2 2 2 2 2 2 2 2 2 2 2 2 2 2 2 2 2 2 2 2 2 2 2 2 2 2 2 2 2 2 2 2 2 2 2 2 2 2 2 2 2 2 2 2 2 2 2 2 2 2 2 2 2 2 2 2 2 2 2 2 2 2 2 2 2 2 2 2 2 2 2 2 2 2 2 2 2 2 2 2 2 2 2 2 2 2 2 2 2 2 2 2 2 2 2 2 2 2 2 2 2 2 2 2 2 2 2 2 2 2 2 2 2 2 2 2 2 2 2 2 2 2 2 2 2 2 2 2 2 2 2 2 2 2 2 2 2 2 2 2 2 2 2 2 2 2 2 2 2 2 2 2 2 2 2 2 2 2 2 2 2 2 2 2 2 2 2 2 2 2 2 2 2 2 2 2 2 2 2 2 2 2 2 2 2 2 2 2 2 2 2 2 2 2 2 2 2 2 2 2 2 2 2 2 2 2 2 2 2 2 2 2 2 2 2 2 2 2 2 2 2 2 2 2 2 2 2 2 2 2 2 2 2 2 2 2 2 2 2 2 2 2 2 2 2 2 2 2 2 2 2 2 2 2 2 2 2 2 2 2 2 2 2 2 2 2 2 2 2 2 2 2 2 1201 2 2 2 2 2 2 2 2 2 2 2 2 2 2 2 2 2 2 2 2 2 2 2 2 2 2 2 2 2 2 2 2 2 2 2 2 2 2 2 2 2 2 2 2 2 2 2 2 2 2 2 2 2 2 2 2 2 2 2 2 2 2 2 2 2 2 2 2 2 2 2 2 2 2 2 2 2 2 2 2 2 2 2 2 2 2 2 2 2 2 2 2 2 2 2 2 2 2 2 2 2 2 2 2 2 2 2 2 2 2 2 2 2 2 2 2 2 2 2 2 2 2 2 2 2 2 2 2 2 2 2 2 2 2 2 2 2 2 2 2 2 2 2 2 2 2 2 2 2 2 2 2 2 2 2 2 2 2 2 2 2 2 2 2 2 2 2 2 2 2 2 2 2 2 2 2 2 2 2 2 2 2 2 2 2 2 2 2 2 2 2 2 2 2 2 2 2 2 2 2 2 2 2 2 2 2 2 2 2 2 2 2 2 2 2 2 2 2 2 2 2 2 2 2 2 2 2 2 2 2 2 2 2 2 2 2 2 2 2 2 2 2 2 2 2 2 2
-1 0 1 2 -2 -1 0 1 2 -2 -1 0 1 2 -2 -1 0 1 2 -2 -1 0 1 2 -2 -1 0 1 2 -2 -1 0 1 2 -2 -1 0 1 2 -2 -1 0 1 2 -2 -1 0 1 2 -2 -1 0 1 2 -2 -1 0 1 2 -2 -1 0 1 2 -2 -1 0 1 2 -2 -1 0 1 2 -2 -1 0 1 2 -2 -1 0 1 2 -2 -1 0 1 2 -2 -1 0 1 2 -2 -1 0 1 2 -2 -1 0 1 2 -2 -1 0 1 2 -2 -1 0 1 2 -2 -1 0 1 2 -2 -1 0 1 2 -2 -1 0 1 2 -2 -1 0 1 2 -2 -1 0 1 2 -2 -1 0 1 2 -2 -1 0 1 2 -2 -1 0 1 2 -2 -1 0 1 2 -2 -1 0 1 2 -2 -1 0 1 2 -2 -1 0 1 2 -2 -1 0 1 2 -2 -1 0 1 2 -2 -1 0 1 2 -2 -1 0 1 2 -2 -1 0 1 2 -2 -1 0 1 2 -2 -1 0 1 2 -2 -1 0 1 2 -2 -1 0 1 2 -2 -1 0 1 2 -2 -1 0 1 2 -2 -1 0 1 2 -2 -1 0 1 2 -2 -1 0 1 2 -2 -1 0 1 2 -2 -1 0 1 2 -2 -1 0 1 2 -2 -1 0 1 2 -2 -1 0 1 2 -2 -1 0 1 2 -2 -1 0 1 2 -2 -1 0 1 2 -2 -1 0 1 2 -2 -1 0 1 2 -2 -1 0 1 2 -2 -1 0 1 2 -2 -1 0 1 2 -2 -1 0 1 2 -2 -1 0 1 2 -2 -1 0 1 2 -2 -1 0 1 2 -2 -1 0 1 2 -2 -1 0 1 2 -2 -1 0 1 2 -2 -1 0 1 2 -2 -1 0 1 721 -2 -1 0 1 2 -2 -1 0 1 2 -2 -1 0 1 2 -2 -1 0 1 2 -2 -1 0 1 2 -2 -1 0 1 2 -2 -1 0 1 2 -2 -1 0 1 2 -2 -1 0 1 2 -2 -1 0 1 2 -2 -1 0 1 2 -2 -1 0 1 2 -2 -1 0 1 2 -2 -1 0 1 2 -2 -1 0 1 2 -2 -1 0 1 2 -2 -1 0 1 2 -2 -1 0 1 2 -2 -1 0 1 2 -2 -1 0 1 2 -2 -1 0 1 2 -2 -1 0 1 2 -2 -1 0 1 2 -2 -1 0 1 2 -2 -1 0 1 2 -2 -1 0 1 2 -2 -1 0 1 2 -2 -1 0 1 2 -2 -1 0 1 2 -2 -1 0 1 2 -2 -1 0 1 2 -2 -1 0 1 2 -2 -1 0 1 2 -2 -1 0 1 2 -2 -1 0 1 2 -2 -1 0 1 2 -2 -1 0 1 2 -2 -1 0 1 2 -2 -1 0 1 2 -2 -1 0 1 2 -2 -1 0 1 2 -2 -1 0 1 2 -2 -1 0 1 2 -2 -1 0 1 2 -2 -1 0 1 2 -2 -1 0 1 2 -2 -1 0 1 2 -2 -1 0 1 2 -2 -1 0 1 2 -2
1 -2 0 2 -1 1 -2 0 2 -1 1 -2 0 2 -1 1 -2 0 2 -1 1 -2 0 2 -1 1 -2 0 2 -1 1 -2 0 2 -1 1 -2 0 2 -1 1 -2 0 2 -1 1 -2 0 2 -1 1 -2 0 2 -1 1 -2 0 2 -1 1 -2 0 2 -1 1 -2 0 2 -1 1 -2 0 2 -1 1 -2 0 2 -1 1 -2 0 2 -1 1 -2 0 2 -1 1 -2 0 2 -1 1 -2 0 2 -1 1 -2 0 2 -1 1 -2 0 2 -1 1 -2 0 2 -1 1 -2 0 2 -1 1 -2 0 2 -1 1 -2 0 2 -1 1 -2 0 2 -1 1 -2 0 2 -1 1 -2 0 2 -1 1 -2 0 2 -1 1 -2 0 2 -1 1 -2 0 2 -1 1 -2 0 2 -1 1 -2 0 2 -1 1 -2 0 2 -1 1 -2 0 2 -1 1 -2 0 2 -1 1 -2 0 2 -1 1 -2 0 2 -1 1 -2 0 2 -1 1 -2 0 2 -1 1 -2 0 2 -1 1 -2 0 2 -1 1 -2 0 2 -1 1 -2 0 2 -1 1 -2 0 2 -1 1 -2 0 2 -1 1 -2 0 2 -1 1 -2 0 2 -1 1 -2 0 2 -1 1 -2 0 2 -1 1 -2 0 2 -1 1 -2 0 2 -1 1 -2 0 2 -1 1 -2 0 2 -1 1 -2 0 2 -1 1 -2 0 2 -1 1 -2 0 2 -1 1 -2 0 2 -1 1 -2 0 2 -1 1 -2 0 2 -1 1 -2 0 2 -1 1 -2 0 2 -1 1 -2 0 2 -1 1 -2 0 2 -1 1 -2 0 2 -1 1 -2 0 2 -1 1 -2 0 2 -1 1 -2 0 2 -1 1 -2 0 2 -1 1 -2 0 2 722 1 -2 0 2 -1 1 -2 0 2 -1 1 -2 0 2 -1 1 -2 0 2 -1 1 -2 0 2 -1 1 -2 0 2 -1 1 -2 0 2 -1 1 -2 0 2 -1 1 -2 0 2 -1 1 -2 0 2 -1 1 -2 0 2 -1 1 -2 0 2 -1 1 -2 0 2 -1 1 -2 0 2 -1 1 -2 0 2 -1 1 -2 0 2 -1 1 -2 0 2 -1 1 -2 0 2 -1 1 -2 0 2 -1 1 -2 0 2 -1 1 -2 0 2 -1 1 -2 0 2 -1 1 -2 0 2 -1 1 -2 0 2 -1 1 -2 0 2 -1 1 -2 0 2 -1 1 -2 0 2 -1 1 -2 0 2 -1 1 -2 0 2 -1 1 -2 0 2 -1 1 -2 0 2 -1 1 -2 0 2 -1 1 -2 0 2 -1 1 -2 0 2 -1 1 -2 0 2 -1 1 -2 0 2 -1 1 -2 0 2 -1 1 -2 0 2 -1 1 -2 0 2 -1 1 -2 0 2 -1 1 -2 0 2 -1 1 -2 0 2 -1 1 -2 0 2 -1 1 -2 0 2 -1 1 -2 0 2 -1 1 -2 0 2 -1 1 -2 0 2 -1 1 -2 0 2 -1 1 -2 0 2 -1
-2 1 -1 2 0 -2 1 -1 2 0 -2 1 -1 2 0 -2 1 -1 2 0 -2 1 -1 2 0 -2 1 -1 2 0 -2 1 -1 2 0 -2 1 -1 2 0 -2 1 -1 2 0 -2 1 -1 2 0 -2 1 -1 2 0 -2 1 -1 2 0 -2 1 -1 2 0 -2 1 -1 2 0 -2 1 -1 2 0 -2 1 -1 2 0 -2 1 -1 2 0 -2 1 -1 2 0 -2 1 -1 2 0 -2 1 -1 2 0 -2 1 -1 2 0 -2 1 -1 2 0 -2 1 -1 2 0 -2 1 -1 2 0 -2 1 -1 2 0 -2 1 -1 2 0 -2 1 -1 2 0 -2 1 -1 2 0 -2 1 -1 2 0 -2 1 -1 2 0 -2 1 -1 2 0 -2 1 -1 2 0 -2 1 -1 2 0 -2 1 -1 2 0 -2 1 -1 2 0 -2 1 -1 2 0 -2 1 -1 2 0 -2 1 -1 2 0 -2 1 -1 2 0 -2 1 -1 2 0 -2 1 -1 2 0 -2 1 -1 2 0 -2 1 -1 2 0 -2 1 -1 2 0 -2 1 -1 2 0 -2 1 -1 2 0 -2 1 -1 2 0 -2 1 -1 2 0 -2 1 -1 2 0 -2 1 -1 2 0 -2 1 -1 2 0 -2 1 -1 2 0 -2 1 -1 2 0 -2 1 -1 2 0 -2 1 -1 2 0 -2 1 -1 2 0 -2 1 -1 2 0 -2 1 -1 2 0 -2 1 -1 2 0 -2 1 -1 2 0 -2 1 -1 2 0 -2 1 -1 2 0 -2 1 -1 2 0 -2 1 -1 2 0 -2 1 -1 2 0 -2 1 -1 2 0 -2 1 -1 2 0 -2 1 -1 2 0 -2 1 -1 2 0 -2 1 -1 2 0 -2 1 -1 2 0 721 1 -1 2 0 -2 1 -1 2 0 -2 1 -1 2 0 -2 1 -1 2 0 -2 1 -1 2 0 -2 1 -1 2 0 -2 1 -1 2 0 -2 1 -1 2 0 -2 1 -1 2 0 -2 1 -1 2 0 -2 1 -1 2 0 -2 1 -1 2 0 -2 1 -1 2 0 -2 1 -1 2 0 -2 1 -1 2 0 -2 1 -1 2 0 -2 1 -1 2 0 -2 1 -1 2 0 -2 1 -1 2 0 -2 1 -1 2 0 -2 1 -1 2 0 -2 1 -1 2 0 -2 1 -1 2 0 -2 1 -1 2 0 -2 1 -1 2 0 -2 1 -1 2 0 -2 1 -1 2 0 -2 1 -1 2 0 -2 1 -1 2 0 -2 1 -1 2 0 -2 1 -1 2 0 -2 1 -1 2 0 -2 1 -1 2 0 -2 1 -1 2 0 -2 1 -1 2 0 -2 1 -1 2 0 -2 1 -1 2 0 -2 1 -1 2 0 -2 1 -1 2 0 -2 1 -1 2 0 -2 1 -1 2 0 -2 1 -1 2 0 -2 1 -1 2 0 -2 1 -1 2 0 -2 1 -1 2 0 -2 1 -1 2 0 -2 1 -1 2 0 -2 1 -1 2 0 -2 1 -1 2 0
0 -1 -2 2 1 0 -1 -2 2 1 0 -1 -2 2 1 0 -1 -2 2 1 0 -1 -2 2 1 0 -1 -2 2 1 0 -1 -2 2 1 0 -1 -2 2 1 0 -1 -2 2 1 0 -1 -2 2 1 0 -1 -2 2 1 0 -1 -2 2 1 0 -1 -2 2 1 0 -1 -2 2 1 0 -1 -2 2 1 0 -1 -2 2 1 0 -1 -2 2 1 0 -1 -2 2 1 0 -1 -2 2 1 0 -1 -2 2 1 0 -1 -2 2 1 0 -1 -2 2 1 0 -1 -2 2 1 0 -1 -2 2 1 0 -1 -2 2 1 0 -1 -2 2 1 0 -1 -2 2 1 0 -1 -2 2 1 0 -1 -2 2 1 0 -1 -2 2 1 0 -1 -2 2 1 0 -1 -2 2 1 0 -1 -2 2 1 0 -1 -2 2 1 0 -1 -2 2 1 0 -1 -2 2 1 0 -1 -2 2 1 0 -1 -2 2 1 0 -1 -2 2 1 0 -1 -2 2 1 0 -1 -2 2 1 0 -1 -2 2 1 0 -1 -2 2 1 0 -1 -2 2 1 0 -1 -2 2 1 0 -1 -2 2 1 0 -1 -2 2 1 0 -1 -2 2 1 0 -1 -2 2 1 0 -1 -2 2 1 0 -1 -2 2 1 0 -1 -2 2 1 0 -1 -2 2 1 0 -1 -2 2 1 0 -1 -2 2 1 0 -1 -2 2 1 0 -1 -2 2 1 0 -1 -2 2 1 0 -1 -2 2 1 0 -1 -2 2 1 0 -1 -2 2 1 0 -1 -2 2 1 0 -1 -2 2 1 0 -1 -2 2 1 0 -1 -2 2 1 0 -1 -2 2 1 0 -1 -2 2 1 0 -1 -2 2 1 0 -1 -2 2 1 0 -1 -2 2 1 0 -1 -2 2 1 0 722 -2 2 1 0 -1 -2 2 1 0 -1 -2 2 1 0 -1 -2 2 1 0 -1 -2 2 1 0 -1 -2 2 1 0 -1 -2 2 1 0 -1 -2 2 1 0 -1 -2 2 1 0 -1 -2 2 1 0 -1 -2 2 1 0 -1 -2 2 1 0 -1 -2 2 1 0 -1 -2 2 1 0 -1 -2 2 1 0 -1 -2 2 1 0 -1 -2 2 1 0 -1 -2 2 1 0 -1 -2 2 1 0 -1 -2 2 1 0 -1 -2 2 1 0 -1 -2 2 1 0 -1 -2 2 1 0 -1 -2 2 1 0 -1 -2 2 1 0 -1 -2 2 1 0 -1 -2 2 1 0 -1 -2 2 1 0 -1 -2 2 1 0 -1 -2 2 1 0 -1 -2 2 1 0 -1 -2 2 1 0 -1 -2 2 1 0 -1 -2 2 1 0 -1 -2 2 1 0 -1 -2 2 1 0 -1 -2 2 1 0 -1 -2 2 1 0 -1 -2 2 1 0 -1 -2 2 1 0 -1 -2 2 1 0 -1 -2 2 1 0 -1 -2 2 1 0 -1 -2 2 1 0 -1 -2 2 1 0 -1 -2 2 1 0 -1 -2 2 1 0 -1 -2 2 1 0 -1 -2 2 1
2 2 2 2 2 2 2 2 2 2 2 2 2 2 2 2 2 2 2 2 2 2 2 2 2 2 2 2 2 2 2 2 2 2 2 2 2 2 2 2 2 2 2 2 2 2 2 2 2 2 2 2 2 2 2 2 2 2 2 2 2 2 2 2 2 2 2 2 2 2 2 2 2 2 2 2 2 2 2 2 2 2 2 2 2 2 2 2 2 2 2 2 2 2 2 2 2 2 2 2 2 2 2 2 2 2 2 2 2 2 2 2 2 2 2 2 2 2 2 2 2 2 2 2 2 2 2 2 2 2 2 2 2 2 2 2 2 2 2 2 2 2 2 2 2 2 2 2 2 2 2 2 2 2 2 2 2 2 2 2 2 2 2 2 2 2 2 2 2 2 2 2 2 2 2 2 2 2 2 2 2 2 2 2 2 2 2 2 2 2 2 2 2 2 2 2 2 2 2 2 2 2 2 2 2 2 2 2 2 2 2 2 2 2 2 2 2 2 2 2 2 2 2 2 2 2 2 2 2 2 2 2 2 2 2 2 2 2 2 2 2 2 2 2 2 2 2 2 2 2 2 2 2 2 2 2 2 2 2 2 2 2 2 2 2 2 2 2 2 2 2 2 2 2 2 2 2 2 2 2 2 2 2 2 2 2 2 2 2 2 2 2 2 2 2 2 2 2 2 2 2 2 2 2 2 2 2 2 2 2 2 2 2 2 2 2 2 2 2 2 2 2 2 2 2 2 2 2 2 2 2 2 2 2 2 2 2 2 2 2 2 2 2 2 2 2 2 2 2 2 2 2 2 2 2 2 2 1201 2 2 2 2 2 2 2 2 2 2 2 2 2 2 2 2 2 2 2 2 2 2 2 2 2 2 2 2 2 2 2 2 2 2 2 2 2 2 2 2 2 2 2 2 2 2 2 2 2 2 2 2 2 2 2 2 2 2 2 2 2 2 2 2 2 2 2 2 2 2 2 2 2 2 2 2 2 2 2 2 2 2 2 2 2 2 2 2 2 2 2 2 2 2 2 2 2 2 2 2 2 2 2 2 2 2 2 2 2 2 2 2 2 2 2 2 2 2 2 2 2 2 2 2 2 2 2 2 2 2 2 2 2 2 2 2 2 2 2 2 2 2 2 2 2 2 2 2 2 2 2 2 2 2 2 2 2 2 2 2 2 2 2 2 2 2 2 2 2 2 2 2 2 2 2 2 2 2 2 2 2 2 2 2 2 2 2 2 2 2 2 2 2 2 2 2 2 2 2 2 2 2 2 2 2 2 2 2 2 2 2 2 2 2 2 2 2 2 2 2 2 2 2 2 2 2 2 2 2 2 2 2 2 2 2 2 2 2 2 2 2 2
-1 0 1 2 -2 -1 0 1 2 -2 -1 0 1 2 -2 -1 0 1 2 -2 -1 0 1 2 -2 -1 0 1 2 -2 -1 0 1 2 -2 -1 0 1 2 -2 -1 0 1 2 -2 -1 0 1 2 -2 -1 0 1 2 -2 -1 0 1 2 -2 -1 0 1 2 -2 -1 0 1 2 -2 -1 0 1 2 -2 -1 0 1 2 -2 -1 0 1 2 -2 -1 0 1 2 -2 -1 0 1 2 -2 -1 0 1 2 -2 -1 0 1 2 -2 -1 0 1 2 -2 -1 0 1 2 -2 -1 0 1 2 -2 -1 0 1 2 -2 -1 0 1 2 -2 -1 0 1 2 -2 -1 0 1 2 -2 -1 0 1 2 -2 -1 0 1 2 -2 -1 0 1 2 -2 -1 0 1 2 -2 -1 0 1 2 -2 -1 0 1 2 -2 -1 0 1 2 -2 -1 0 1 2 -2 -1 0 1 2 -2 -1 0 1 2 -2 -1 0 1 2 -2 -1 0 1 2 -2 -1 0 1 2 -2 -1 0 1 2 -2 -1 0 1 2 -2 -1 0 1 2 -2 -1 0 1 2 -2 -1 0 1 2 -2 -1 0 1 2 -2 -1 0 1 2 -2 -1 0 1 2 -2 -1 0 1 2 -2 -1 0 1 2 -2 -1 0 1 2 -2 -1 0 1 2 -2 -1 0 1 2 -2 -1 0 1 2 -2 -1 0 1 2 -2 -1 0 1 2 -2 -1 0 1 2 -2 -1 0 1 2 -2 -1 0 1 2 -2 -1 0 1 2 -2 -1 0 1 2 -2 -1 0 1 2 -2 -1 0 1 2 -2 -1 0 1 2 -2 -1 0 1 2 -2 -1 0 1 2 -2 -1 0 1 2 -2 -1 0 1 2 -2 -1 0 1 2 -2 -1 0 1 2 -2 -1 0 1 721 -2 -1 0 1 2 -2 -1 0 1 2 -2 -1 0 1 2 -2 -1 0 1 2 -2 -1 0 1 2 -2 -1 0 1 2 -2 -1 0 1 2 -2 -1 0 1 2 -2 -1 0 1 2 -2 -1 0 1 2 -2 -1 0 1 2 -2 -1 0 1 2 -2 -1 0 1 2 -2 -1 0 1 2 -2 -1 0 1 2 -2 -1 0 1 2 -2 -1 0 1 2 -2 -1 0 1 2 -2 -1 0 1 2 -2 -1 0 1 2 -2 -1 0 1 2 -2 -1 0 1 2 -2 -1 0 1 2 -2 -1 0 1 2 -2 -1 0 1 2 -2 -1 0 1 2 -2 -1 0 1 2 -2 -1 0 1 2 -2 -1 0 1 2 -2 -1 0 1 2 -2 -1 0 1 2 -2 -1 0 1 2 -2 -1 0 1 2 -2 -1 0 1 2 -2 -1 0 1 2 -2 -1 0 1 2 -2 -1 0 1 2 -2 -1 0 1 2 -2 -1 0 1 2 -2 -1 0 1 2 -2 -1 0 1 2 -2 -1 0 1 2 -2 -1 0 1 2 -2 -1 0 1 2 -2 -1 0 1 2 -2 -1 0 1 2 -2 -1 0 1 2 -2 -1 0 1 2 -2
1 -2 0 2 -1 1 -2 0 2 -1 1 -2 0 2 -1 1 -2 0 2 -1 1 -2 0 2 -1 1 -2 0 2 -1 1 -2 0 2 -1 1 -2 0 2 -1 1 -2 0 2 -1 1 -2 0 2 -1 1 -2 0 2 -1 1 -2 0 2 -1 1 -2 0 2 -1 1 -2 0 2 -1 1 -2 0 2 -1 1 -2 0 2 -1 1 -2 0 2 -1 1 -2 0 2 -1 1 -2 0 2 -1 1 -2 0 2 -1 1 -2 0 2 -1 1 -2 0 2 -1 1 -2 0 2 -1 1 -2 0 2 -1 1 -2 0 2 -1 1 -2 0 2 -1 1 -2 0 2 -1 1 -2 0 2 -1 1 -2 0 2 -1 1 -2 0 2 -1 1 -2 0 2 -1 1 -2 0 2 -1 1 -2 0 2 -1 1 -2 0 2 -1 1 -2 0 2 -1 1 -2 0 2 -1 1 -2 0 2 -1 1 -2 0 2 -1 1 -2 0 2 -1 1 -2 0 2 -1 1 -2 0 2 -1 1 -2 0 2 -1 1 -2 0 2 -1 1 -2 0 2 -1 1 -2 0 2 -1 1 -2 0 2 -1 1 -2 0 2 -1 1 -2 0 2 -1 1 -2 0 2 -1 1 -2 0 2 -1 1 -2 0 2 -1 1 -2 0 2 -1 1 -2 0 2 -1 1 -2 0 2 -1 1 -2 0 2 -1 1 -2 0 2 -1 1 -2 0 2 -1 1 -2 0 2 -1 1 -2 0 2 -1 1 -2 0 2 -1 1 -2 0 2 -1 1 -2 0 2 -1 1 -2 0 2 -1 1 -2 0 2 -1 1 -2 0 2 -1 1 -2 0 2 -1 1 -2 0 2 -1 1 -2 0 2 -1 1 -2 0 2 -1 1 -2 0 2 -1 1 -2 0 2 -1 1 -2 0 2 722 1 -2 0 2 -1 1 -2 0 2 -1 1 -2 0 2 -1 1 -2 0 2 -1 1 -2 0 2 -1 1 -2 0 2 -1 1 -2 0 2 -1 1 -2 0 2 -1 1 -2 0 2 -1 1 -2 0 2 -1 1 -2 0 2 -1 1 -2 0 2 -1 1 -2 0 2 -1 1 -2 0 2 -1 1 -2 0 2 -1 1 -2 0 2 -1 1 -2 0 2 -1 1 -2 0 2 -1 1 -2 0 2 -1 1 -2 0 2 -1 1 -2 0 2 -1 1 -2 0 2 -1 1 -2 0 2 -1 1 -2 0 2 -1 1 -2 0 2 -1 1 -2 0 2 -1 1 -2 0 2 -1 1 -2 0 2 -1 1 -2 0 2 -1 1 -2 0 2 -1 1 -2 0 2 -1 1 -2 0 2 -1 1 -2 0 2 -1 1 -2 0 2 -1 1 -2 0 2 -1 1 -2 0 2 -1 1 -2 0 2 -1 1 -2 0 2 -1 1 -2 0 2 -1 1 -2 0 2 -1 1 -2 0 2 -1 1 -2 0 2 -1 1 -2 0 2 -1 1 -2 0 2 -1 1 -2 0 2 -1 1 -2 0 2 -1 1 -2 0 2 -1 1 -2 0 2 -1
-2 1 -1 2 0 -2 1 -1 2 0 -2 1 -1 2 0 -2 1 -1 2 0 -2 1 -1 2 0 -2 1 -1 2 0 -2 1 -1 2 0 -2 1 -1 2 0 -2 1 -1 2 0 -2 1 -1 2 0 -2 1 -1 2 0 -2 1 -1 2 0 -2 1 -1 2 0 -2 1 -1 2 0 -2 1 -1 2 0 -2 1 -1 2 0 -2 1 -1 2 0 -2 1 -1 2 0 -2 1 -1 2 0 -2 1 -1 2 0 -2 1 -1 2 0 -2 1 -1 2 0 -2 1 -1 2 0 -2 1 -1 2 0 -2 1 -1 2 0 -2 1 -1 2 0 -2 1 -1 2 0 -2 1 -1 2 0 -2 1 -1 2 0 -2 1 -1 2 0 -2 1 -1 2 0 -2 1 -1 2 0 -2 1 -1 2 0 -2 1 -1 2 0 -2 1 -1 2 0 -2 1 -1 2 0 -2 1 -1 2 0 -2 1 -1 2 0 -2 1 -1 2 0 -2 1 -1 2 0 -2 1 -1 2 0 -2 1 -1 2 0 -2 1 -1 2 0 -2 1 -1 2 0 -2 1 -1 2 0 -2 1 -1 2 0 -2 1 -1 2 0 -2 1 -1 2 0 -2 1 -1 2 0 -2 1 -1 2 0 -2 1 -1 2 0 -2 1 -1 2 0 -2 1 -1 2 0 -2 1 -1 2 0 -2 1 -1 2 0 -2 1 -1 2 0 -2 1 -1 2 0 -2 1 -1 2 0 -2 1 -1 2 0 -2 1 -1 2 0 -2 1 -1 2 0 -2 1 -1 2 0 -2 1 -1 2 0 -2 1 -1 2 0 -2 1 -1 2 0 -2 1 -1 2 0 -2 1 -1 2 0 -2 1 -1 2 0 -2 1 -1 2 0 -2 1 -1 2 0 -2 1 -1 2 0 -2 1 -1 2 0 721 1 -1 2 0 -2 1 -1 2 0 -2 1 -1 2 0 -2 1 -1 2 0 -2 1 -1 2 0 -2 1 -1 2 0 -2 1 -1 2 0 -2 1 -1 2 0 -2 1 -1 2 0 -2 1 -1 2 0 -2 1 -1 2 0 -2 1 -1 2 0 -2 1 -1 2 0 -2 1 -1 2 0 -2 1 -1 2 0 -2 1 -1 2 0 -2 1 -1 2 0 -2 1 -1 2 0 -2 1 -1 2 0 -2 1 -1 2 0 -2 1 -1 2 0 -2 1 -1 2 0 -2 1 -1 2 0 -2 1 -1 2 0 -2 1 -1 2 0 -2 1 -1 2 0 -2 1 -1 2 0 -2 1 -1 2 0 -2 1 -1 2 0 -2 1 -1 2 0 -2 1 -1 2 0 -2 1 -1 2 0 -2 1 -1 2 0 -2 1 -1 2 0 -2 1 -1 2 0 -2 1 -1 2 0 -2 1 -1 2 0 -2 1 -1 2 0 -2 1 -1 2 0 -2 1 -1 2 0 -2 1 -1 2 0 -2 1 -1 2 0 -2 1 -1 2 0 -2 1 -1 2 0 -2 1 -1 2 0 -2 1 -1 2 0 -2 1 -1 2 0 -2 1 -1 2 0
0 -1 -2 2 1 0 -1 -2 2 1 0 -1 -2 2 1 0 -1 -2 2 1 0 -1 -2 2 1 0 -1 -2 2 1 0 -1 -2 2 1 0 -1 -2 2 1 0 -1 -2 2 1 0 -1 -2 2 1 0 -1 -2 2 1 0 -1 -2 2 1 0 -1 -2 2 1 0 -1 -2 2 1 0 -1 -2 2 1 0 -1 -2 2 1 0 -1 -2 2 1 0 -1 -2 2 1 0 -1 -2 2 1 0 -1 -2 2 1 0 -1 -2 2 1 0 -1 -2 2 1 0 -1 -2 2 1 0 -1 -2 2 1 0 -1 -2 2 1 0 -1 -2 2 1 0 -1 -2 2 1 0 -1 -2 2 1 0 -1 -2 2 1 0 -1 -2 2 1 0 -1 -2 2 1 0 -1 -2 2 1 0 -1 -2 2 1 0 -1 -2 2 1 0 -1 -2 2 1 0 -1 -2 2 1 0 -1 -2 2 1 0 -1 -2 2 1 0 -1 -2 2 1 0 -1 -2 2 1 0 -1 -2 2 1 0 -1 -2 2 1 0 -1 -2 2 1 0 -1 -2 2 1 0 -1 -2 2 1 0 -1 -2 2 1 0 -1 -2 2 1 0 -1 -2 2 1 0 -1 -2 2 1 0 -1 -2 2 1 0 -1 -2 2 1 0 -1 -2 2 1 0 -1 -2 2 1 0 -1 -2 2 1 0 -1 -2 2 1 0 -1 -2 2 1 0 -1 -2 2 1 0 -1 -2 2 1 0 -1 -2 2 1 0 -1 -2 2 1 0 -1 -2 2 1 0 -1 -2 2 1 0 -1 -2 2 1 0 -1 -2 2 1 0 -1 -2 2 1 0 -1 -2 2 1 0 -1 -2 2 1 0 -1 -2 2 1 0 -1 -2 2 1 0 -1 -2 2 1 0 -1 -2 2 1 0 -1 -2 2 1 0 722 -2 2 1 0 -1 -2 2 1 0 -1 -2 2 1 0 -1 -2 2 1 0 -1 -2 2 1 0 -1 -2 2 1 0 -1 -2 2 1 0 -1 -2 2 1 0 -1 -2 2 1 0 -1 -2 2 1 0 -1 -2 2 1 0 -1 -2 2 1 0 -1 -2 2 1 0 -1 -2 2 1 0 -1 -2 2 1 0 -1 -2 2 1 0 -1 -2 2 1 0 -1 -2 2 1 0 -1 -2 2 1 0 -1 -2 2 1 0 -1 -2 2 1 0 -1 -2 2 1 0 -1 -2 2 1 0 -1 -2 2 1 0 -1 -2 2 1 0 -1 -2 2 1 0 -1 -2 2 1 0 -1 -2 2 1 0 -1 -2 2 1 0 -1 -2 2 1 0 -1 -2 2 1 0 -1 -2 2 1 0 -1 -2 2 1 0 -1 -2 2 1 0 -1 -2 2 1 0 -1 -2 2 1 0 -1 -2 2 1 0 -1 -2 2 1 0 -1 -2 2 1 0 -1 -2 2 1 0 -1 -2 2 1 0 -1 -2 2 1 0 -1 -2 2 1 0 -1 -2 2 1 0 -1 -2 2 1 0 -1 -2 2 1 0 -1 -2 2 1 0 -1 -2 2 1
2 2 2 2 2 2 2 2 2 2 2 2 2 2 2 2 2 2 2 2 2 2 2 2 2 2 2 2 2 2 2 2 2 2 2 2 2 2 2 2 2 2 2 2 2 2 2 2 2 2 2 2 2 2 2 2 2 2 2 2 2 2 2 2 2 2 2 2 2 2 2 2 2 2 2 2 2 2 2 2 2 2 2 2 2 2 2 2 2 2 2 2 2 2 2 2 2 2 2 2 2 2 2 2 2 2 2 2 2 2 2 2 2 2 2 2 2 2 2 2 2 2 2 2 2 2 2 2 2 2 2 2 2 2 2 2 2 2 2 2 2 2 2 2 2 2 2 2 2 2 2 2 2 2 2 2 2 2 2 2 2 2 2 2 2 2 2 2 2 2 2 2 2 2 2 2 2 2 2 2 2 2 2 2 2 2 2 2 2 2 2 2 2 2 2 2 2 2 2 2 2 2 2 2 2 2 2 2 2 2 2 2 2 2 2 2 2 2 2 2 2 2 2 2 2 2 2 2 2 2 2 2 2 2 2 2 2 2 2 2 2 2 2 2 2 2 2 2 2 2 2 2 2 2 2 2 2 2 2 2 2 2 2 2 2 2 2 2 2 2 2 2 2 2 2 2 2 2 2 2 2 2 2 2 2 2 2 2 2 2 2 2 2 2 2 2 2 2 2 2 2 2 2 2 2 2 2 2 2 2 2 2 2 2 2 2 2 2 2 2 2 2 2 2 2 2 2 2 2 2 2 2 2 2 2 2 2 2 2 2 2 2 2 2 2 2 2 2 2 2 2 2 2 2 2 2 2 2 2 2 2 2 1201 2 2 2 2 2 2 2 2 2 2 2 2 2 2 2 2 2 2 2 2 2 2 2 2 2 2 2 2 2 2 2 2 2 2 2 2 2 2 2 2 2 2 2 2 2 2 2 2 2 2 2 2 2 2 2 2 2 2 2 2 2 2 2 2 2 2 2 2 2 2 2 2 2 2 2 2 2 2 2 2 2 2 2 2 2 2 2 2 2 2 2 2 2 2 2 2 2 2 2 2 2 2 2 2 2 2 2 2 2 2 2 2 2 2 2 2 2 2 2 2 2 2 2 2 2 2 2 2 2 2 2 2 2 2 2 2 2 2 2 2 2 2 2 2 2 2 2 2 2 2 2 2 2 2 2 2 2 2 2 2 2 2 2 2 2 2 2 2 2 2 2 2 2 2 2 2 2 2 2 2 2 2 2 2 2 2 2 2 2 2 2 2 2 2 2 2 2 2 2 2 2 2 2 2 2 2 2 2 2 2 2 2 2 2 2 2 2 2 2 2 2 2 2 2 2 2 2 2 2 2 2 2 2 2 2 2 2
-1 0 1 2 -2 -1 0 1 2 -2 -1 0 1 2 -2 -1 0 1 2 -2 -1 0 1 2 -2 -1 0 1 2 -2 -1 0 1 2 -2 -1 0 1 2 -2 -1 0 1 2 -2 -1 0 1 2 -2 -1 0 1 2 -2 -1 0 1 2 -2 -1 0 1 2 -2 -1 0 1 2 -2 -1 0 1 2 -2 -1 0 1 2 -2 -1 0 1 2 -2 -1 0 1 2 -2 -1 0 1 2 -2 -1 0 1 2 -2 -1 0 1 2 -2 -1 0 1 2 -2 -1 0 1 2 -2 -1 0 1 2 -2 -1 0 1 2 -2 -1 0 1 2 -2 -1 0 1 2 -2 -1 0 1 2 -2 -1 0 1 2 -2 -1 0 1 2 -2 -1 0 1 2 -2 -1 0 1 2 -2 -1 0 1 2 -2 -1 0 1 2 -2 -1 0 1 2 -2 -1 0 1 2 -2 -1 0 1 2 -2 -1 0 1 2 -2 -1 0 1 2 -2 -1 0 1 2 -2 -1 0 1 2 -2 -1 0 1 2 -2 -1 0 1 2 -2 -1 0 1 2 -2 -1 0 1 2 -2 -1 0 1 2 -2 -1 0 1 2 -2 -1 0 1 2 -2 -1 0 1 2 -2 -1 0 1 2 -2 -1 0 1 2 -2 -1 0 1 2 -2 -1 0 1 2 -2 -1 0 1 2 -2 -1 0 1 2 -2 -1 0 1 2 -2 -1 0 1 2 -2 -1 0 1 2 -2 -1 0 1 2 -2 -1 0 1 2 -2 -1 0 1 2 -2 -1 0 1 2 -2 -1 0 1 2 -2 -1 0 1 2 -2 -1 0 1 2 -2 -1 0 1 2 -2 -1 0 1 2 -2 -1 0 1 2 -2 -1 0 1 2 -2 -1 0 1 2 -2 -1 0 1 2 -2 -1 0 1 2 -2 -1 0 1 721 -2 -1 0 1 2 -2 -1 0 1 2 -2 -1 0 1 2 -2 -1 0 1 2 -2 -1 0 1 2 -2 -1 0 1 2 -2 -1 0 1 2 -2 -1 0 1 2 -2 -1 0 1 2 -2 -1 0 1 2 -2 -1 0 1 2 -2 -1 0 1 2 -2 -1 0 1 2 -2 -1 0 1 2 -2 -1 0 1 2 -2 -1 0 1 2 -2 -1 0 1 2 -2 -1 0 1 2 -2 -1 0 1 2 -2 -1 0 1 2 -2 -1 0 1 2 -2 -1 0 1 2 -2 -1 0 1 2 -2 -1 0 1 2 -2 -1 0 1 2 -2 -1 0 1 2 -2 -1 0 1 2 -2 -1 0 1 2 -2 -1 0 1 2 -2 -1 0 1 2 -2 -1 0 1 2 -2 -1 0 1 2 -2 -1 0 1 2 -2 -1 0 1 2 -2 -1 0 1 2 -2 -1 0 1 2 -2 -1 0 1 2 -2 -1 0 1 2 -2 -1 0 1 2 -2 -1 0 1 2 -2 -1 0 1 2 -2 -1 0 1 2 -2 -1 0 1 2 -2 -1 0 1 2 -2 -1 0 1 2 -2 -1 0 1 2 -2 -1 0 1 2 -2
1 -2 0 2 -1 1 -2 0 2 -1 1 -2 0 2 -1 1 -2 0 2 -1 1 -2 0 2 -1 1 -2 0 2 -1 1 -2 0 2 -1 1 -2 0 2 -1 1 -2 0 2 -1 1 -2 0 2 -1 1 -2 0 2 -1 1 -2 0 2 -1 1 -2 0 2 -1 1 -2 0 2 -1 1 -2 0 2 -1 1 -2 0 2 -1 1 -2 0 2 -1 1 -2 0 2 -1 1 -2 0 2 -1 1 -2 0 2 -1 1 -2 0 2 -1 1 -2 0 2 -1 1 -2 0 2 -1 1 -2 0 2 -1 1 -2 0 2 -1 1 -2 0 2 -1 1 -2 0 2 -1 1 -2 0 2 -1 1 -2 0 2 -1 1 -2 0 2 -1 1 -2 0 2 -1 1 -2 0 2 -1 1 -2 0 2 -1 1 -2 0 2 -1 1 -2 0 2 -1 1 -2 0 2 -1 1 -2 0 2 -1 1 -2 0 2 -1 1 -2 0 2 -1 1 -2 0 2 -1 1 -2 0 2 -1 1 -2 0 2 -1 1 -2 0 2 -1 1 -2 0 2 -1 1 -2 0 2 -1 1 -2 0 2 -1 1 -2 0 2 -1 1 -2 0 2 -1 1 -2 0 2 -1 1 -2 0 2 -1 1 -2 0 2 -1 1 -2 0 2 -1 1 -2 0 2 -1 1 -2 0 2 -1 1 -2 0 2 -1 1 -2 0 2 -1 1 -2 0 2 -1 1 -2 0 2 -1 1 -2 0 2 -1 1 -2 0 2 -1 1 -2 0 2 -1 1 -2 0 2 -1 1 -2 0 2 -1 1 -2 0 2 -1 1 -2 0 2 -1 1 -2 0 2 -1 1 -2 0 2 -1 1 -2 0 2 -1 1 -2 0 2 -1 1 -2 0 2 -1 1 -2 0 2 -1 1 -2 0 2 -1 1 -2 0 2 722 1 -2 0 2 -1 1 -2 0 2 -1 1 -2 0 2 -1 1 -2 0 2 -1 1 -2 0 2 -1 1 -2 0 2 -1 1 -2 0 2 -1 1 -2 0 2 -1 1 -2 0 2 -1 1 -2 0 2 -1 1 -2 0 2 -1 1 -2 0 2 -1 1 -2 0 2 -1 1 -2 0 2 -1 1 -2 0 2 -1 1 -2 0 2 -1 1 -2 0 2 -1 1 -2 0 2 -1 1 -2 0 2 -1 1 -2 0 2 -1 1 -2 0 2 -1 1 -2 0 2 -1 1 -2 0 2 -1 1 -2 0 2 -1 1 -2 0 2 -1 1 -2 0 2 -1 1 -2 0 2 -1 1 -2 0 2 -1 1 -2 0 2 -1 1 -2 0 2 -1 1 -2 0 2 -1 1 -2 0 2 -1 1 -2 0 2 -1 1 -2 0 2 -1 1 -2 0 2 -1 1 -2 0 2 -1 1 -2 0 2 -1 1 -2 0 2 -1 1 -2 0 2 -1 1 -2 0 2 -1 1 -2 0 2 -1 1 -2 0 2 -1 1 -2 0 2 -1 1 -2 0 2 -1 1 -2 0 2 -1 1 -2 0 2 -1 1 -2 0 2 -1
-2 1 -1 2 0 -2 1 -1 2 0 -2 1 -1 2 0 -2 1 -1 2 0 -2 1 -1 2 0 -2 1 -1 2 0 -2 1 -1 2 0 -2 1 -1 2 0 -2 1 -1 2 0 -2 1 -1 2 0 -2 1 -1 2 0 -2 1 -1 2 0 -2 1 -1 2 0 -2 1 -1 2 0 -2 1 -1 2 0 -2 1 -1 2 0 -2 1 -1 2 0 -2 1 -1 2 0 -2 1 -1 2 0 -2 1 -1 2 0 -2 1 -1 2 0 -2 1 -1 2 0 -2 1 -1 2 0 -2 1 -1 2 0 -2 1 -1 2 0 -2 1 -1 2 0 -2 1 -1 2 0 -2 1 -1 2 0 -2 1 -1 2 0 -2 1 -1 2 0 -2 1 -1 2 0 -2 1 -1 2 0 -2 1 -1 2 0 -2 1 -1 2 0 -2 1 -1 2 0 -2 1 -1 2 0 -2 1 -1 2 0 -2 1 -1 2 0 -2 1 -1 2 0 -2 1 -1 2 0 -2 1 -1 2 0 -2 1 -1 2 0 -2 1 -1 2 0 -2 1 -1 2 0 -2 1 -1 2 0 -2 1 -1 2 0 -2 1 -1 2 0 -2 1 -1 2 0 -2 1 -1 2 0 -2 1 -1 2 0 -2 1 -1 2 0 -2 1 -1 2 0 -2 1 -1 2 0 -2 1 -1 2 0 -2 1 -1 2 0 -2 1 -1 2 0 -2 1 -1 2 0 -2 1 -1 2 0 -2 1 -1 2 0 -2 1 -1 2 0 -2 1 -1 2 0 -2 1 -1 2 0 -2 1 -1 2 0 -2 1 -1 2 0 -2 1 -1 2 0 -2 1 -1 2 0 -2 1 -1 2 0 -2 1 -1 2 0 -2 1 -1 2 0 -2 1 -1 2 0 -2 1 -1 2 0 -2 1 -1 2 0 -2 1 -1 2 0 721 1 -1 2 0 -2 1 -1 2 0 -2 1 -1 2 0 -2 1 -1 2 0 -2 1 -1 2 0 -2 1 -1 2 0 -2 1 -1 2 0 -2 1 -1 2 0 -2 1 -1 2 0 -2 1 -1 2 0 -2 1 -1 2 0 -2 1 -1 2 0 -2 1 -1 2 0 -2 1 -1 2 0 -2 1 -1 2 0 -2 1 -1 2 0 -2 1 -1 2 0 -2 1 -1 2 0 -2 1 -1 2 0 -2 1 -1 2 0 -2 1 -1 2 0 -2 1 -1 2 0 -2 1 -1 2 0 -2 1 -1 2 0 -2 1 -1 2 0 -2 1 -1 2 0 -2 1 -1 2 0 -2 1 -1 2 0 -2 1 -1 2 0 -2 1 -1 2 0 -2 1 -1 2 0 -2 1 -1 2 0 -2 1 -1 2 0 -2 1 -1 2 0 -2 1 -1 2 0 -2 1 -1 2 0 -2 1 -1 2 0 -2 1 -1 2 0 -2 1 -1 2 0 -2 1 -1 2 0 -2 1 -1 2 0 -2 1 -1 2 0 -2 1 -1 2 0 -2 1 -1 2 0 -2 1 -1 2 0 -2 1 -1 2 0 -2 1 -1 2 0
0 -1 -2 2 1 0 -1 -2 2 1 0 -1 -2 2 1 0 -1 -2 2 1 0 -1 -2 2 1 0 -1 -2 2 1 0 -1 -2 2 1 0 -1 -2 2 1 0 -1 -2 2 1 0 -1 -2 2 1 0 -1 -2 2 1 0 -1 -2 2 1 0 -1 -2 2 1 0 -1 -2 2 1 0 -1 -2 2 1 0 -1 -2 2 1 0 -1 -2 2 1 0 -1 -2 2 1 0 -1 -2 2 1 0 -1 -2 2 1 0 -1 -2 2 1 0 -1 -2 2 1 0 -1 -2 2 1 0 -1 -2 2 1 0 -1 -2 2 1 0 -1 -2 2 1 0 -1 -2 2 1 0 -1 -2 2 1 0 -1 -2 2 1 0 -1 -2 2 1 0 -1 -2 2 1 0 -1 -2 2 1 0 -1 -2 2 1 0 -1 -2 2 1 0 -1 -2 2 1 0 -1 -2 2 1 0 -1 -2 2 1 0 -1 -2 2 1 0 -1 -2 2 1 0 -1 -2 2 1 0 -1 -2 2 1 0 -1 -2 2 1 0 -1 -2 2 1 0 -1 -2 2 1 0 -1 -2 2 1 0 -1 -2 2 1 0 -1 -2 2 1 0 -1 -2 2 1 0 -1 -2 2 1 0 -1 -2 2 1 0 -1 -2 2 1 0 -1 -2 2 1 0 -1 -2 2 1 0 -1 -2 2 1 0 -1 -2 2 1 0 -1 -2 2 1 0 -1 -2 2 1 0 -1 -2 2 1 0 -1 -2 2 1 0 -1 -2 2 1 0 -1 -2 2 1 0 -1 -2 2 1 0 -1 -2 2 1 0 -1 -2 2 1 0 -1 -2 2 1 0 -1 -2 2 1 0 -1 -2 2 1 0 -1 -2 2 1 0 -1 -2 2 1 0 -1 -2 2 1 0 -1 -2 2 1 0 -1 -2 2 1 0 -1 -2 2 1 0 722 -2 2 1 0 -1 -2 2 1 0 -1 -2 2 1 0 -1 -2 2 1 0 -1 -2 2 1 0 -1 -2 2 1 0 -1 -2 2 1 0 -1 -2 2 1 0 -1 -2 2 1 0 -1 -2 2 1 0 -1 -2 2 1 0 -1 -2 2 1 0 -1 -2 2 1 0 -1 -2 2 1 0 -1 -2 2 1 0 -1 -2 2 1 0 -1 -2 2 1 0 -1 -2 2 1 0 -1 -2 2 1 0 -1 -2 2 1 0 -1 -2 2 1 0 -1 -2 2 1 0 -1 -2 2 1 0 -1 -2 2 1 0 -1 -2 2 1 0 -1 -2 2 1 0 -1 -2 2 1 0 -1 -2 2 1 0 -1 -2 2 1 0 -1 -2 2 1 0 -1 -2 2 1 0 -1 -2 2 1 0 -1 -2 2 1 0 -1 -2 2 1 0 -1 -2 2 1 0 -1 -2 2 1 0 -1 -2 2 1 0 -1 -2 2 1 0 -1 -2 2 1 0 -1 -2 2 1 0 -1 -2 2 1 0 -1 -2 2 1 0 -1 -2 2 1 0 -1 -2 2 1 0 -1 -2 2 1 0 -1 -2 2 1 0 -1 -2 2 1
2 2 2 2 2 2 2 2 2 2 2 2 2 2 2 2 2 2 2 2 2 2 2 2 2 2 2 2 2 2 2 2 2 2 2 2 2 2 2 2 2 2 2 2 2 2 2 2 2 2 2 2 2 2 2 2 2 2 2 2 2 2 2 2 2 2 2 2 2 2 2 2 2 2 2 2 2 2 2 2 2 2 2 2 2 2 2 2 2 2 2 2 2 2 2 2 2 2 2 2 2 2 2 2 2 2 2 2 2 2 2 2 2 2 2 2 2 2 2 2 2 2 2 2 2 2 2 2 2 2 2 2 2 2 2 2 2 2 2 2 2 2 2 2 2 2 2 2 2 2 2 2 2 2 2 2 2 2 2 2 2 2 2 2 2 2 2 2 2 2 2 2 2 2 2 2 2 2 2 2 2 2 2 2 2 2 2 2 2 2 2 2 2 2 2 2 2 2 2 2 2 2 2 2 2 2 2 2 2 2 2 2 2 2 2 2 2 2 2 2 2 2 2 2 2 2 2 2 2 2 2 2 2 2 2 2 2 2 2 2 2 2 2 2 2 2 2 2 2 2 2 2 2 2 2 2 2 2 2 2 2 2 2 2 2 2 2 2 2 2 2 2 2 2 2 2 2 2 2 2 2 2 2 2 2 2 2 2 2 2 2 2 2 2 2 2 2 2 2 2 2 2 2 2 2 2 2 2 2 2 2 2 2 2 2 2 2 2 2 2 2 2 2 2 2 2 2 2 2 2 2 2 2 2 2 2 2 2 2 2 2 2 2 2 2 2 2 2 2 2 2 2 2 2 2 2 2 2 2 2 2 2 2 2 2 2 2 1201 2 2 2 2 2 2 2 2 2 2 2 2 2 2 2 2 2 2 2 2 2 2 2 2 2 2 2 2 2 2 2 2 2 2 2 2 2 2 2 2 2 2 2 2 2 2 2 2 2 2 2 2 2 2 2 2 2 2 2 2 2 2 2 2 2 2 2 2 2 2 2 2 2 2 2 2 2 2 2 2 2 2 2 2 2 2 2 2 2 2 2 2 2 2 2 2 2 2 2 2 2 2 2 2 2 2 2 2 2 2 2 2 2 2 2 2 2 2 2 2 2 2 2 2 2 2 2 2 2 2 2 2 2 2 2 2 2 2 2 2 2 2 2 2 2 2 2 2 2 2 2 2 2 2 2 2 2 2 2 2 2 2 2 2 2 2 2 2 2 2 2 2 2 2 2 2 2 2 2 2 2 2 2 2 2 2 2 2 2 2 2 2 2 2 2 2 2 2 2 2 2 2 2 2 2 2 2 2 2 2 2 2 2 2 2 2 2 2 2 2 2 2 2 2 2 2 2 2 2 2 2 2
-1 0 1 2 -2 -1 0 1 2 -2 -1 0 1 2 -2 -1 0 1 2 -2 -1 0 1 2 -2 -1 0 1 2 -2 -1 0 1 2 -2 -1 0 1 2 -2 -1 0 1 2 -2 -1 0 1 2 -2 -1 0 1 2 -2 -1 0 1 2 -2 -1 0 1 2 -2 -1 0 1 2 -2 -1 0 1 2 -2 -1 0 1 2 -2 -1 0 1 2 -2 -1 0 1 2 -2 -1 0 1 2 -2 -1 0 1 2 -2 -1 0 1 2 -2 -1 0 1 2 -2 -1 0 1 2 -2 -1 0 1 2 -2 -1 0 1 2 -2 -1 0 1 2 -2 -1 0 1 2 -2 -1 0 1 2 -2 -1 0 1 2 -2 -1 0 1 2 -2 -1 0 1 2 -2 -1 0 1 2 -2 -1 0 1 2 -2 -1 0 1 2 -2 -1 0 1 2 -2 -1 0 1 2 -2 -1 0 1 2 -2 -1 0 1 2 -2 -1 0 1 2 -2 -1 0 1 2 -2 -1 0 1 2 -2 -1 0 1 2 -2 -1 0 1 2 -2 -1 0 1 2 -2 -1 0 1 2 -2 -1 0 1 2 -2 -1 0 1 2 -2 -1 0 1 2 -2 -1 0 1 2 -2 -1 0 1 2 -2 -1 0 1 2 -2 -1 0 1 2 -2 -1 0 1 2 -2 -1 0 1 2 -2 -1 0 1 2 -2 -1 0 1 2 -2 -1 0 1 2 -2 -1 0 1 2 -2 -1 0 1 2 -2 -1 0 1 2 -2 -1 0 1 2 -2 -1 0 1 2 -2 -1 0 1 2 -2 -1 0 1 2 -2 -1 0 1 2 -2 -1 0 1 2 -2 -1 0 1 2 -2 -1 0 1 2 -2 -1 0 1 2 -2 -1 0 1 2 -2 -1 0 1 2 -2 -1 0 1 2 -2 -1 0 1 2 -2 -1 0 1 721 -2 -1 0 1 2 -2 -1 0 1 2 -2 -1 0 1 2 -2 -1 0 1 2 -2 -1 0 1 2 -2 -1 0 1 2 -2 -1 0 1 2 -2 -1 0 1 2 -2 -1 0 1 2 -2 -1 0 1 2 -2 -1 0 1 2 -2 -1 0 1 2 -2 -1 0 1 2 -2 -1 0 1 2 -2 -1 0 1 2 -2 -1 0 1 2 -2 -1 0 1 2 -2 -1 0 1 2 -2 -1 0 1 2 -2 -1 0 1 2 -2 -1 0 1 2 -2 -1 0 1 2 -2 -1 0 1 2 -2 -1 0 1 2 -2 -1 0 1 2 -2 -1 0 1 2 -2 -1 0 1 2 -2 -1 0 1 2 -2 -1 0 1 2 -2 -1 0 1 2 -2 -1 0 1 2 -2 -1 0 1 2 -2 -1 0 1 2 -2 -1 0 1 2 -2 -1 0 1 2 -2 -1 0 1 2 -2 -1 0 1 2 -2 -1 0 1 2 -2 -1 0 1 2 -2 -1 0 1 2 -2 -1 0 1 2 -2 -1 0 1 2 -2 -1 0 1 2 -2 -1 0 1 2 -2 -1 0 1 2 -2 -1 0 1 2 -2
1 -2 0 2 -1 1 -2 0 2 -1 1 -2 0 2 -1 1 -2 0 2 -1 1 -2 0 2 -1 1 -2 0 2 -1 1 -2 0 2 -1 1 -2 0 2 -1 1 -2 0 2 -1 1 -2 0 2 -1 1 -2 0 2 -1 1 -2 0 2 -1 1 -2 0 2 -1 1 -2 0 2 -1 1 -2 0 2 -1 1 -2 0 2 -1 1 -2 0 2 -1 1 -2 0 2 -1 1 -2 0 2 -1 1 -2 0 2 -1 1 -2 0 2 -1 1 -2 0 2 -1 1 -2 0 2 -1 1 -2 0 2 -1 1 -2 0 2 -1 1 -2 0 2 -1 1 -2 0 2 -1 1 -2 0 2 -1 1 -2 0 2 -1 1 -2 0 2 -1 1 -2 0 2 -1 1 -2 0 2 -1 1 -2 0 2 -1 1 -2 0 2 -1 1 -2 0 2 -1 1 -2 0 2 -1 1 -2 0 2 -1 1 -2 0 2 -1 1 -2 0 2 -1 1 -2 0 2 -1 1 -2 0 2 -1 1 -2 0 2 -1 1 -2 0 2 -1 1 -2 0 2 -1 1 -2 0 2 -1 1 -2 0 2 -1 1 -2 0 2 -1 1 -2 0 2 -1 1 -2 0 2 -1 1 -2 0 2 -1 1 -2 0 2 -1 1 -2 0 2 -1 1 -2 0 2 -1 1 -2 0 2 -1 1 -2 0 2 -1 1 -2 0 2 -1 1 -2 0 2 -1 1 -2 0 2 -1 1 -2 0 2 -1 1 -2 0 2 -1 1 -2 0 2 -1 1 -2 0 2 -1 1 -2 0 2 -1 1 -2 0 2 -1 1 -2 0 2 -1 1 -2 0 2 -1 1 -2 0 2 -1 1 -2 0 2 -1 1 -2 0 2 -1 1 -2 0 2 -1 1 -2 0 2 -1 1 -2 0 2 -1 1 -2 0 2 -1 1 -2 0 2 722 1 -2 0 2 -1 1 -2 0 2 -1 1 -2 0 2 -1 1 -2 0 2 -1 1 -2 0 2 -1 1 -2 0 2 -1 1 -2 0 2 -1 1 -2 0 2 -1 1 -2 0 2 -1 1 -2 0 2 -1 1 -2 0 2 -1 1 -2 0 2 -1 1 -2 0 2 -1 1 -2 0 2 -1 1 -2 0 2 -1 1 -2 0 2 -1 1 -2 0 2 -1 1 -2 0 2 -1 1 -2 0 2 -1 1 -2 0 2 -1 1 -2 0 2 -1 1 -2 0 2 -1 1 -2 0 2 -1 1 -2 0 2 -1 1 -2 0 2 -1 1 -2 0 2 -1 1 -2 0 2 -1 1 -2 0 2 -1 1 -2 0 2 -1 1 -2 0 2 -1 1 -2 0 2 -1 1 -2 0 2 -1 1 -2 0 2 -1 1 -2 0 2 -1 1 -2 0 2 -1 1 -2 0 2 -1 1 -2 0 2 -1 1 -2 0 2 -1 1 -2 0 2 -1 1 -2 0 2 -1 1 -2 0 2 -1 1 -2 0 2 -1 1 -2 0 2 -1 1 -2 0 2 -1 1 -2 0 2 -1 1 -2 0 2 -1
-2 1 -1 2 0 -2 1 -1 2 0 -2 1 -1 2 0 -2 1 -1 2 0 -2 1 -1 2 0 -2 1 -1 2 0 -2 1 -1 2 0 -2 1 -1 2 0 -2 1 -1 2 0 -2 1 -1 2 0 -2 1 -1 2 0 -2 1 -1 2 0 -2 1 -1 2 0 -2 1 -1 2 0 -2 1 -1 2 0 -2 1 -1 2 0 -2 1 -1 2 0 -2 1 -1 2 0 -2 1 -1 2 0 -2 1 -1 2 0 -2 1 -1 2 0 -2 1 -1 2 0 -2 1 -1 2 0 -2 1 -1 2 0 -2 1 -1 2 0 -2 1 -1 2 0 -2 1 -1 2 0 -2 1 -1 2 0 -2 1 -1 2 0 -2 1 -1 2 0 -2 1 -1 2 0 -2 1 -1 2 0 -2 1 -1 2 0 -2 1 -1 2 0 -2 1 -1 2 0 -2 1 -1 2 0 -2 1 -1 2 0 -2 1 -1 2 0 -2 1 -1 2 0 -2 1 -1 2 0 -2 1 -1 2 0 -2 1 -1 2 0 -2 1 -1 2 0 -2 1 -1 2 0 -2 1 -1 2 0 -2 1 -1 2 0 -2 1 -1 2 0 -2 1 -1 2 0 -2 1 -1 2 0 -2 1 -1 2 0 -2 1 -1 2 0 -2 1 -1 2 0 -2 1 -1 2 0 -2 1 -1 2 0 -2 1 -1 2 0 -2 1 -1 2 0 -2 1 -1 2 0 -2 1 -1 2 0 -2 1 -1 2 0 -2 1 -1 2 0 -2 1 -1 2 0 -2 1 -1 2 0 -2 1 -1 2 0 -2 1 -1 2 0 -2 1 -1 2 0 -2 1 -1 2 0 -2 1 -1 2 0 -2 1 -1 2 0 -2 1 -1 2 0 -2 1 -1 2 0 -2 1 -1 2 0 -2 1 -1 2 0 -2 1 -1 2 0 -2 1 -1 2 0 721 1 -1 2 0 -2 1 -1 2 0 -2 1 -1 2 0 -2 1 -1 2 0 -2 1 -1 2 0 -2 1 -1 2 0 -2 1 -1 2 0 -2 1 -1 2 0 -2 1 -1 2 0 -2 1 -1 2 0 -2 1 -1 2 0 -2 1 -1 2 0 -2 1 -1 2 0 -2 1 -1 2 0 -2 1 -1 2 0 -2 1 -1 2 0 -2 1 -1 2 0 -2 1 -1 2 0 -2 1 -1 2 0 -2 1 -1 2 0 -2 1 -1 2 0 -2 1 -1 2 0 -2 1 -1 2 0 -2 1 -1 2 0 -2 1 -1 2 0 -2 1 -1 2 0 -2 1 -1 2 0 -2 1 -1 2 0 -2 1 -1 2 0 -2 1 -1 2 0 -2 1 -1 2 0 -2 1 -1 2 0 -2 1 -1 2 0 -2 1 -1 2 0 -2 1 -1 2 0 -2 1 -1 2 0 -2 1 -1 2 0 -2 1 -1 2 0 -2 1 -1 2 0 -2 1 -1 2 0 -2 1 -1 2 0 -2 1 -1 2 0 -2 1 -1 2 0 -2 1 -1 2 0 -2 1 -1 2 0 -2 1 -1 2 0
0 -1 -2 2 1 0 -1 -2 2 1 0 -1 -2 2 1 0 -1 -2 2 1 0 -1 -2 2 1 0 -1 -2 2 1 0 -1 -2 2 1 0 -1 -2 2 1 0 -1 -2 2 1 0 -1 -2 2 1 0 -1 -2 2 1 0 -1 -2 2 1 0 -1 -2 2 1 0 -1 -2 2 1 0 -1 -2 2 1 0 -1 -2 2 1 0 -1 -2 2 1 0 -1 -2 2 1 0 -1 -2 2 1 0 -1 -2 2 1 0 -1 -2 2 1 0 -1 -2 2 1 0 -1 -2 2 1 0 -1 -2 2 1 0 -1 -2 2 1 0 -1 -2 2 1 0 -1 -2 2 1 0 -1 -2 2 1 0 -1 -2 2 1 0 -1 -2 2 1 0 -1 -2 2 1 0 -1 -2 2 1 0 -1 -2 2 1 0 -1 -2 2 1 0 -1 -2 2 1 0 -1 -2 2 1 0 -1 -2 2 1 0 -1 -2 2 1 0 -1 -2 2 1 0 -1 -2 2 1 0 -1 -2 2 1 0 -1 -2 2 1 0 -1 -2 2 1 0 -1 -2 2 1 0 -1 -2 2 1 0 -1 -2 2 1 0 -1 -2 2 1 0 -1 -2 2 1 0 -1 -2 2 1 0 -1 -2 2 1 0 -1 -2 2 1 0 -1 -2 2 1 0 -1 -2 2 1 0 -1 -2 2 1 0 -1 -2 2 1 0 -1 -2 2 1 0 -1 -2 2 1 0 -1 -2 2 1 0 -1 -2 2 1 0 -1 -2 2 1 0 -1 -2 2 1 0 -1 -2 2 1 0 -1 -2 2 1 0 -1 -2 2 1 0 -1 -2 2 1 0 -1 -2 2 1 0 -1 -2 2 1 0 -1 -2 2 1 0 -1 -2 2 1 0 -1 -2 2 1 0 -1 -2 2 1 0 -1 -2 2 1 0 -1 -2 2 1 0 -1 -2 2 1 0 722 -2 2 1 0 -1 -2 2 1 0 -1 -2 2 1 0 -1 -2 2 1 0 -1 -2 2 1 0 -1 -2 2 1 0 -1 -2 2 1 0 -1 -2 2 1 0 -1 -2 2 1 0 -1 -2 2 1 0 -1 -2 2 1 0 -1 -2 2 1 0 -1 -2 2 1 0 -1 -2 2 1 0 -1 -2 2 1 0 -1 -2 2 1 0 -1 -2 2 1 0 -1 -2 2 1 0 -1 -2 2 1 0 -1 -2 2 1 0 -1 -2 2 1 0 -1 -2 2 1 0 -1 -2 2 1 0 -1 -2 2 1 0 -1 -2 2 1 0 -1 -2 2 1 0 -1 -2 2 1 0 -1 -2 2 1 0 -1 -2 2 1 0 -1 -2 2 1 0 -1 -2 2 1 0 -1 -2 2 1 0 -1 -2 2 1 0 -1 -2 2 1 0 -1 -2 2 1 0 -1 -2 2 1 0 -1 -2 2 1 0 -1 -2 2 1 0 -1 -2 2 1 0 -1 -2 2 1 0 -1 -2 2 1 0 -1 -2 2 1 0 -1 -2 2 1 0 -1 -2 2 1 0 -1 -2 2 1 0 -1 -2 2 1
2 2 2 2 2 2 2 2 2 2 2 2 2 2 2 2 2 2 2 2 2 2 2 2 2 2 2 2 2 2 2 2 2 2 2 2 2 2 2 2 2 2 2 2 2 2 2 2 2 2 2 2 2 2 2 2 2 2 2 2 2 2 2 2 2 2 2 2 2 2 2 2 2 2 2 2 2 2 2 2 2 2 2 2 2 2 2 2 2 2 2 2 2 2 2 2 2 2 2 2 2 2 2 2 2 2 2 2 2 2 2 2 2 2 2 2 2 2 2 2 2 2 2 2 2 2 2 2 2 2 2 2 2 2 2 2 2 2 2 2 2 2 2 2 2 2 2 2 2 2 2 2 2 2 2 2 2 2 2 2 2 2 2 2 2 2 2 2 2 2 2 2 2 2 2 2 2 2 2 2 2 2 2 2 2 2 2 2 2 2 2 2 2 2 2 2 2 2 2 2 2 2 2 2 2 2 2 2 2 2 2 2 2 2 2 2 2 2 2 2 2 2 2 2 2 2 2 2 2 2 2 2 2 2 2 2 2 2 2 2 2 2 2 2 2 2 2 2 2 2 2 2 2 2 2 2 2 2 2 2 2 2 2 2 2 2 2 2 2 2 2 2 2 2 2 2 2 2 2 2 2 2 2 2 2 2 2 2 2 2 2 2 2 2 2 2 2 2 2 2 2 2 2 2 2 2 2 2 2 2 2 2 2 2 2 2 2 2 2 2 2 2 2 2 2 2 2 2 2 2 2 2 2 2 2 2 2 2 2 2 2 2 2 2 2 2 2 2 2 2 2 2 2 2 2 2 2 2 2 2 2 2 2 2 2 2 2 2 2 2 2 2 1201 2 2 2 2 2 2 2 2 2 2 2 2 2 2 2 2 2 2 2 2 2 2 2 2 2 2 2 2 2 2 2 2 2 2 2 2 2 2 2 2 2 2 2 2 2 2 2 2 2 2 2 2 2 2 2 2 2 2 2 2 2 2 2 2 2 2 2 2 2 2 2 2 2 2 2 2 2 2 2 2 2 2 2 2 2 2 2 2 2 2 2 2 2 2 2 2 2 2 2 2 2 2 2 2 2 2 2 2 2 2 2 2 2 2 2 2 2 2 2 2 2 2 2 2 2 2 2 2 2 2 2 2 2 2 2 2 2 2 2 2 2 2 2 2 2 2 2 2 2 2 2 2 2 2 2 2 2 2 2 2 2 2 2 2 2 2 2 2 2 2 2 2 2 2 2 2 2 2 2 2 2 2 2 2 2 2 2 2 2 2 2 2 2 2 2 2 2 2 2 2 2 2 2 2 2 2 2 2 2 2 2 2 2 2 2 2 2 2 2 2 2 2 2 2 2 2 2
-1 0 1 2 -2 -1 0 1 2 -2 -1 0 1 2 -2 -1 0 1 2 -2 -1 0 1 2 -2 -1 0 1 2 -2 -1 0 1 2 -2 -1 0 1 2 -2 -1 0 1 2 -2 -1 0 1 2 -2 -1 0 1 2 -2 -1 0 1 2 -2 -1 0 1 2 -2 -1 0 1 2 -2 -1 0 1 2 -2 -1 0 1 2 -2 -1 0 1 2 -2 -1 0 1 2 -2 -1 0 1 2 -2 -1 0 1 2 -2 -1 0 1 2 -2 -1 0 1 2 -2 -1 0 1 2 -2 -1 0 1 2 -2 -1 0 1 2 -2 -1 0 1 2 -2 -1 0 1 2 -2 -1 0 1 2 -2 -1 0 1 2 -2 -1 0 1 2 -2 -1 0 1 2 -2 -1 0 1 2 -2 -1 0 1 2 -2 -1 0 1 2 -2 -1 0 1 2 -2 -1 0 1 2 -2 -1 0 1 2 -2 -1 0 1 2 -2 -1 0 1 2 -2 -1 0 1 2 -2 -1 0 1 2 -2 -1 0 1 2 -2 -1 0 1 2 -2 -1 0 1 2 -2 -1 0 1 2 -2 -1 0 1 2 -2 -1 0 1 2 -2 -1 0 1 2 -2 -1 0 1 2 -2 -1 0 1 2 -2 -1 0 1 2 -2 -1 0 1 2 -2 -1 0 1 2 -2 -1 0 1 2 -2 -1 0 1 2 -2 -1 0 1 2 -2 -1 0 1 2 -2 -1 0 1 2 -2 -1 0 1 2 -2 -1 0 1 2 -2 -1 0 1 2 -2 -1 0 1 2 -2 -1 0 1 2 -2 -1 0 1 2 -2 -1 0 1 2 -2 -1 0 1 2 -2 -1 0 1 2 -2 -1 0 1 2 -2 -1 0 1 2 -2 -1 0 1 2 -2 -1 0 1 2 -2 -1 0 1 2 -2 -1 0 1 2 -2 -1 0 1 2 -2 -1 0 1 721 -2 -1 0 1 2 -2 -1 0 1 2 -2 -1 0 1 2 -2 -1 0 1 2 -2 -1 0 1 2 -2 -1 0 1 2 -2 -1 0 1 2 -2 -1 0 1 2 -2 -1 0 1 2 -2 -1 0 1 2 -2 -1 0 1 2 -2 -1 0 1 2 -2 -1 0 1 2 -2 -1 0 1 2 -2 -1 0 1 2 -2 -1 0 1 2 -2 -1 0 1 2 -2 -1 0 1 2 -2 -1 0 1 2 -2 -1 0 1 2 -2 -1 0 1 2 -2 -1 0 1 2 -2 -1 0 1 2 -2 -1 0 1 2 -2 -1 0 1 2 -2 -1 0 1 2 -2 -1 0 1 2 -2 -1 0 1 2 -2 -1 0 1 2 -2 -1 0 1 2 -2 -1 0 1 2 -2 -1 0 1 2 -2 -1 0 1 2 -2 -1 0 1 2 -2 -1 0 1 2 -2 -1 0 1 2 -2 -1 0 1 2 -2 -1 0 1 2 -2 -1 0 1 2 -2 -1 0 1 2 -2 -1 0 1 2 -2 -1 0 1 2 -2 -1 0 1 2 -2 -1 0 1 2 -2 -1 0 1 2 -2
1 -2 0 2 -1 1 -2 0 2 -1 1 -2 0 2 -1 1 -2 0 2 -1 1 -2 0 2 -1 1 -2 0 2 -1 1 -2 0 2 -1 1 -2 0 2 -1 1 -2 0 2 -1 1 -2 0 2 -1 1 -2 0 2 -1 1 -2 0 2 -1 1 -2 0 2 -1 1 -2 0 2 -1 1 -2 0 2 -1 1 -2 0 2 -1 1 -2 0 2 -1 1 -2 0 2 -1 1 -2 0 2 -1 1 -2 0 2 -1 1 -2 0 2 -1 1 -2 0 2 -1 1 -2 0 2 -1 1 -2 0 2 -1 1 -2 0 2 -1 1 -2 0 2 -1 1 -2 0 2 -1 1 -2 0 2 -1 1 -2 0 2 -1 1 -2 0 2 -1 1 -2 0 2 -1 1 -2 0 2 -1 1 -2 0 2 -1 1 -2 0 2 -1 1 -2 0 2 -1 1 -2 0 2 -1 1 -2 0 2 -1 1 -2 0 2 -1 1 -2 0 2 -1 1 -2 0 2 -1 1 -2 0 2 -1 1 -2 0 2 -1 1 -2 0 2 -1 1 -2 0 2 -1 1 -2 0 2 -1 1 -2 0 2 -1 1 -2 0 2 -1 1 -2 0 2 -1 1 -2 0 2 -1 1 -2 0 2 -1 1 -2 0 2 -1 1 -2 0 2 -1 1 -2 0 2 -1 1 -2 0 2 -1 1 -2 0 2 -1 1 -2 0 2 -1 1 -2 0 2 -1 1 -2 0 2 -1 1 -2 0 2 -1 1 -2 0 2 -1 1 -2 0 2 -1 1 -2 0 2 -1 1 -2 0 2 -1 1 -2 0 2 -1 1 -2 0 2 -1 1 -2 0 2 -1 1 -2 0 2 -1 1 -2 0 2 -1 1 -2 0 2 -1 1 -2 0 2 -1 1 -2 0 2 -1 1 -2 0 2 -1 1 -2 0 2 -1 1 -2 0 2 -1 1 -2 0 2 722 1 -2 0 2 -1 1 -2 0 2 -1 1 -2 0 2 -1 1 -2 0 2 -1 1 -2 0 2 -1 1 -2 0 2 -1 1 -2 0 2 -1 1 -2 0 2 -1 1 -2 0 2 -1 1 -2 0 2 -1 1 -2 0 2 -1 1 -2 0 2 -1 1 -2 0 2 -1 1 -2 0 2 -1 1 -2 0 2 -1 1 -2 0 2 -1 1 -2 0 2 -1 1 -2 0 2 -1 1 -2 0 2 -1 1 -2 0 2 -1 1 -2 0 2 -1 1 -2 0 2 -1 1 -2 0 2 -1 1 -2 0 2 -1 1 -2 0 2 -1 1 -2 0 2 -1 1 -2 0 2 -1 1 -2 0 2 -1 1 -2 0 2 -1 1 -2 0 2 -1 1 -2 0 2 -1 1 -2 0 2 -1 1 -2 0 2 -1 1 -2 0 2 -1 1 -2 0 2 -1 1 -2 0 2 -1 1 -2 0 2 -1 1 -2 0 2 -1 1 -2 0 2 -1 1 -2 0 2 -1 1 -2 0 2 -1 1 -2 0 2 -1 1 -2 0 2 -1 1 -2 0 2 -1 1 -2 0 2 -1
-2 1 -1 2 0 -2 1 -1 2 0 -2 1 -1 2 0 -2 1 -1 2 0 -2 1 -1 2 0 -2 1 -1 2 0 -2 1 -1 2 0 -2 1 -1 2 0 -2 1 -1 2 0 -2 1 -1 2 0 -2 1 -1 2 0 -2 1 -1 2 0 -2 1 -1 2 0 -2 1 -1 2 0 -2 1 -1 2 0 -2 1 -1 2 0 -2 1 -1 2 0 -2 1 -1 2 0 -2 1 -1 2 0 -2 1 -1 2 0 -2 1 -1 2 0 -2 1 -1 2 0 -2 1 -1 2 0 -2 1 -1 2 0 -2 1 -1 2 0 -2 1 -1 2 0 -2 1 -1 2 0 -2 1 -1 2 0 -2 1 -1 2 0 -2 1 -1 2 0 -2 1 -1 2 0 -2 1 -1 2 0 -2 1 -1 2 0 -2 1 -1 2 0 -2 1 -1 2 0 -2 1 -1 2 0 -2 1 -1 2 0 -2 1 -1 2 0 -2 1 -1 2 0 -2 1 -1 2 0 -2 1 -1 2 0 -2 1 -1 2 0 -2 1 -1 2 0 -2 1 -1 2 0 -2 1 -1 2 0 -2 1 -1 2 0 -2 1 -1 2 0 -2 1 -1 2 0 -2 1 -1 2 0 -2 1 -1 2 0 -2 1 -1 2 0 -2 1 -1 2 0 -2 1 -1 2 0 -2 1 -1 2 0 -2 1 -1 2 0 -2 1 -1 2 0 -2 1 -1 2 0 -2 1 -1 2 0 -2 1 -1 2 0 -2 1 -1 2 0 -2 1 -1 2 0 -2 1 -1 2 0 -2 1 -1 2 0 -2 1 -1 2 0 -2 1 -1 2 0 -2 1 -1 2 0 -2 1 -1 2 0 -2 1 -1 2 0 -2 1 -1 2 0 -2 1 -1 2 0 -2 1 -1 2 0 -2 1 -1 2 0 -2 1 -1 2 0 -2 1 -1 2 0 -2 1 -1 2 0 721 1 -1 2 0 -2 1 -1 2 0 -2 1 -1 2 0 -2 1 -1 2 0 -2 1 -1 2 0 -2 1 -1 2 0 -2 1 -1 2 0 -2 1 -1 2 0 -2 1 -1 2 0 -2 1 -1 2 0 -2 1 -1 2 0 -2 1 -1 2 0 -2 1 -1 2 0 -2 1 -1 2 0 -2 1 -1 2 0 -2 1 -1 2 0 -2 1 -1 2 0 -2 1 -1 2 0 -2 1 -1 2 0 -2 1 -1 2 0 -2 1 -1 2 0 -2 1 -1 2 0 -2 1 -1 2 0 -2 1 -1 2 0 -2 1 -1 2 0 -2 1 -1 2 0 -2 1 -1 2 0 -2 1 -1 2 0 -2 1 -1 2 0 -2 1 -1 2 0 -2 1 -1 2 0 -2 1 -1 2 0 -2 1 -1 2 0 -2 1 -1 2 0 -2 1 -1 2 0 -2 1 -1 2 0 -2 1 -1 2 0 -2 1 -1 2 0 -2 1 -1 2 0 -2 1 -1 2 0 -2 1 -1 2 0 -2 1 -1 2 0 -2 1 -1 2 0 -2 1 -1 2 0 -2 1 -1 2 0
0 -1 -2 2 1 0 -1 -2 2 1 0 -1 -2 2 1 0 -1 -2 2 1 0 -1 -2 2 1 0 -1 -2 2 1 0 -1 -2 2 1 0 -1 -2 2 1 0 -1 -2 2 1 0 -1 -2 2 1 0 -1 -2 2 1 0 -1 -2 2 1 0 -1 -2 2 1 0 -1 -2 2 1 0 -1 -2 2 1 0 -1 -2 2 1 0 -1 -2 2 1 0 -1 -2 2 1 0 -1 -2 2 1 0 -1 -2 2 1 0 -1 -2 2 1 0 -1 -2 2 1 0 -1 -2 2 1 0 -1 -2 2 1 0 -1 -2 2 1 0 -1 -2 2 1 0 -1 -2 2 1 0 -1 -2 2 1 0 -1 -2 2 1 0 -1 -2 2 1 0 -1 -2 2 1 0 -1 -2 2 1 0 -1 -2 2 1 0 -1 -2 2 1 0 -1 -2 2 1 0 -1 -2 2 1 0 -1 -2 2 1 0 -1 -2 2 1 0 -1 -2 2 1 0 -1 -2 2 1 0 -1 -2 2 1 0 -1 -2 2 1 0 -1 -2 2 1 0 -1 -2 2 1 0 -1 -2 2 1 0 -1 -2 2 1 0 -1 -2 2 1 0 -1 -2 2 1 0 -1 -2 2 1 0 -1 -2 2 1 0 -1 -2 2 1 0 -1 -2 2 1 0 -1 -2 2 1 0 -1 -2 2 1 0 -1 -2 2 1 0 -1 -2 2 1 0 -1 -2 2 1 0 -1 -2 2 1 0 -1 -2 2 1 0 -1 -2 2 1 0 -1 -2 2 1 0 -1 -2 2 1 0 -1 -2 2 1 0 -1 -2 2 1 0 -1 -2 2 1 0 -1 -2 2 1 0 -1 -2 2 1 0 -1 -2 2 1 0 -1 -2 2 1 0 -1 -2 2 1 0 -1 -2 2 1 0 -1 -2 2 1 0 -1 -2 2 1 0 -1 -2 2 1 0 -1 -2 2 1 0 722 -2 2 1 0 -1 -2 2 1 0 -1 -2 2 1 0 -1 -2 2 1 0 -1 -2 2 1 0 -1 -2 2 1 0 -1 -2 2 1 0 -1 -2 2 1 0 -1 -2 2 1 0 -1 -2 2 1 0 -1 -2 2 1 0 -1 -2 2 1 0 -1 -2 2 1 0 -1 -2 2 1 0 -1 -2 2 1 0 -1 -2 2 1 0 -1 -2 2 1 0 -1 -2 2 1 0 -1 -2 2 1 0 -1 -2 2 1 0 -1 -2 2 1 0 -1 -2 2 1 0 -1 -2 2 1 0 -1 -2 2 1 0 -1 -2 2 1 0 -1 -2 2 1 0 -1 -2 2 1 0 -1 -2 2 1 0 -1 -2 2 1 0 -1 -2 2 1 0 -1 -2 2 1 0 -1 -2 2 1 0 -1 -2 2 1 0 -1 -2 2 1 0 -1 -2 2 1 0 -1 -2 2 1 0 -1 -2 2 1 0 -1 -2 2 1 0 -1 -2 2 1 0 -1 -2 2 1 0 -1 -2 2 1 0 -1 -2 2 1 0 -1 -2 2 1 0 -1 -2 2 1 0 -1 -2 2 1
2 2 2 2 2 2 2 2 2 2 2 2 2 2 2 2 2 2 2 2 2 2 2 2 2 2 2 2 2 2 2 2 2 2 2 2 2 2 2 2 2 2 2 2 2 2 2 2 2 2 2 2 2 2 2 2 2 2 2 2 2 2 2 2 2 2 2 2 2 2 2 2 2 2 2 2 2 2 2 2 2 2 2 2 2 2 2 2 2 2 2 2 2 2 2 2 2 2 2 2 2 2 2 2 2 2 2 2 2 2 2 2 2 2 2 2 2 2 2 2 2 2 2 2 2 2 2 2 2 2 2 2 2 2 2 2 2 2 2 2 2 2 2 2 2 2 2 2 2 2 2 2 2 2 2 2 2 2 2 2 2 2 2 2 2 2 2 2 2 2 2 2 2 2 2 2 2 2 2 2 2 2 2 2 2 2 2 2 2 2 2 2 2 2 2 2 2 2 2 2 2 2 2 2 2 2 2 2 2 2 2 2 2 2 2 2 2 2 2 2 2 2 2 2 2 2 2 2 2 2 2 2 2 2 2 2 2 2 2 2 2 2 2 2 2 2 2 2 2 2 2 2 2 2 2 2 2 2 2 2 2 2 2 2 2 2 2 2 2 2 2 2 2 2 2 2 2 2 2 2 2 2 2 2 2 2 2 2 2 2 2 2 2 2 2 2 2 2 2 2 2 2 2 2 2 2 2 2 2 2 2 2 2 2 2 2 2 2 2 2 2 2 2 2 2 2 2 2 2 2 2 2 2 2 2 2 2 2 2 2 2 2 2 2 2 2 2 2 2 2 2 2 2 2 2 2 2 2 2 2 2 2 2 2 2 2 2 2 2 2 2 2 2 2 2 2 2 1201 2 2 2 2 2 2 2 2 2 2 2 2 2 2 2 2 2 2 2 2 2 2 2 2 2 2 2 2 2 2 2 2 2 2 2 2 2 2 2 2 2 2 2 2 2 2 2 2 2 2 2 2 2 2 2 2 2 2 2 2 2 2 2 2 2 2 2 2 2 2 2 2 2 2 2 2 2 2 2 2 2 2 2 2 2 2 2 2 2 2 2 2 2 2 2 2 2 2 2 2 2 2 2 2 2 2 2 2 2 2 2 2 2 2 2 2 2 2 2 2 2 2 2 2 2 2 2 2 2 2 2 2 2 2 2 2 2 2 2 2 2 2 2 2 2 2 2 2 2 2 2 2 2 2 2 2 2 2 2 2 2 2 2 2 2 2 2 2 2 2 2 2 2 2 2 2 2 2 2 2 2 2 2 2 2 2 2 2 2 2 2 2 2 2 2 2 2 2 2 2 2 2 2 2 2 2 2 2 2 2 2 2 2 2 2 2 2 2 2 2 2 2
-1 0 1 2 -2 -1 0 1 2 -2 -1 0 1 2 -2 -1 0 1 2 -2 -1 0 1 2 -2 -1 0 1 2 -2 -1 0 1 2 -2 -1 0 1 2 -2 -1 0 1 2 -2 -1 0 1 2 -2 -1 0 1 2 -2 -1 0 1 2 -2 -1 0 1 2 -2 -1 0 1 2 -2 -1 0 1 2 -2 -1 0 1 2 -2 -1 0 1 2 -2 -1 0 1 2 -2 -1 0 1 2 -2 -1 0 1 2 -2 -1 0 1 2 -2 -1 0 1 2 -2 -1 0 1 2 -2 -1 0 1 2 -2 -1 0 1 2 -2 -1 0 1 2 -2 -1 0 1 2 -2 -1 0 1 2 -2 -1 0 1 2 -2 -1 0 1 2 -2 -1 0 1 2 -2 -1 0 1 2 -2 -1 0 1 2 -2 -1 0 1 2 -2 -1 0 1 2 -2 -1 0 1 2 -2 -1 0 1 2 -2 -1 0 1 2 -2 -1 0 1 2 -2 -1 0 1 2 -2 -1 0 1 2 -2 -1 0 1 2 -2 -1 0 1 2 -2 -1 0 1 2 -2 -1 0 1 2 -2 -1 0 1 2 -2 -1 0 1 2 -2 -1 0 1 2 -2 -1 0 1 2 -2 -1 0 1 2 -2 -1 0 1 2 -2 -1 0 1 2 -2 -1 0 1 2 -2 -1 0 1 2 -2 -1 0 1 2 -2 -1 0 1 2 -2 -1 0 1 2 -2 -1 0 1 2 -2 -1 0 1 2 -2 -1 0 1 2 -2 -1 0 1 2 -2 -1 0 1 2 -2 -1 0 1 2 -2 -1 0 1 2 -2 -1 0 1 2 -2 -1 0 1 2 -2 -1 0 1 2 -2 -1 0 1 2 -2 -1 0 1 2 -2 -1 0 1 2 -2 -1 0 1 2 -2 -1 0 1 2 -2 -1 0 1 2 -2 -1 0 1 2 -2 -1 0 1 2 -2 -1 0 1 721 -2 -1 0 1 2 -2 -1 0 1 2 -2 -1 0 1 2 -2 -1 0 1 2 -2 -1 0 1 2 -2 -1 0 1 2 -2 -1 0 1 2 -2 -1 0 1 2 -2 -1 0 1 2 -2 -1 0 1 2 -2 -1 0 1 2 -2 -1 0 1 2 -2 -1 0 1 2 -2 -1 0 1 2 -2 -1 0 1 2 -2 -1 0 1 2 -2 -1 0 1 2 -2 -1 0 1 2 -2 -1 0 1 2 -2 -1 0 1 2 -2 -1 0 1 2 -2 -1 0 1 2 -2 -1 0 1 2 -2 -1 0 1 2 -2 -1 0 1 2 -2 -1 0 1 2 -2 -1 0 1 2 -2 -1 0 1 2 -2 -1 0 1 2 -2 -1 0 1 2 -2 -1 0 1 2 -2 -1 0 1 2 -2 -1 0 1 2 -2 -1 0 1 2 -2 -1 0 1 2 -2 -1 0 1 2 -2 -1 0 1 2 -2 -1 0 1 2 -2 -1 0 1 2 -2 -1 0 1 2 -2 -1 0 1 2 -2 -1 0 1 2 -2 -1 0 1 2 -2 -1 0 1 2 -2
1 -2 0 2 -1 1 -2 0 2 -1 1 -2 0 2 -1 1 -2 0 2 -1 1 -2 0 2 -1 1 -2 0 2 -1 1 -2 0 2 -1 1 -2 0 2 -1 1 -2 0 2 -1 1 -2 0 2 -1 1 -2 0 2 -1 1 -2 0 2 -1 1 -2 0 2 -1 1 -2 0 2 -1 1 -2 0 2 -1 1 -2 0 2 -1 1 -2 0 2 -1 1 -2 0 2 -1 1 -2 0 2 -1 1 -2 0 2 -1 1 -2 0 2 -1 1 -2 0 2 -1 1 -2 0 2 -1 1 -2 0 2 -1 1 -2 0 2 -1 1 -2 0 2 -1 1 -2 0 2 -1 1 -2 0 2 -1 1 -2 0 2 -1 1 -2 0 2 -1 1 -2 0 2 -1 1 -2 0 2 -1 1 -2 0 2 -1 1 -2 0 2 -1 1 -2 0 2 -1 1 -2 0 2 -1 1 -2 0 2 -1 1 -2 0 2 -1 1 -2 0 2 -1 1 -2 0 2 -1 1 -2 0 2 -1 1 -2 0 2 -1 1 -2 0 2 -1 1 -2 0 2 -1 1 -2 0 2 -1 1 -2 0 2 -1 1 -2 0 2 -1 1 -2 0 2 -1 1 -2 0 2 -1 1 -2 0 2 -1 1 -2 0 2 -1 1 -2 0 2 -1 1 -2 0 2 -1 1 -2 0 2 -1 1 -2 0 2 -1 1 -2 0 2 -1 1 -2 0 2 -1 1 -2 0 2 -1 1 -2 0 2 -1 1 -2 0 2 -1 1 -2 0 2 -1 1 -2 0 2 -1 1 -2 0 2 -1 1 -2 0 2 -1 1 -2 0 2 -1 1 -2 0 2 -1 1 -2 0 2 -1 1 -2 0 2 -1 1 -2 0 2 -1 1 -2 0 2 -1 1 -2 0 2 -1 1 -2 0 2 -1 1 -2 0 2 -1 1 -2 0 2 -1 1 -2 0 2 -1 1 -2 0 2 722 1 -2 0 2 -1 1 -2 0 2 -1 1 -2 0 2 -1 1 -2 0 2 -1 1 -2 0 2 -1 1 -2 0 2 -1 1 -2 0 2 -1 1 -2 0 2 -1 1 -2 0 2 -1 1 -2 0 2 -1 1 -2 0 2 -1 1 -2 0 2 -1 1 -2 0 2 -1 1 -2 0 2 -1 1 -2 0 2 -1 1 -2 0 2 -1 1 -2 0 2 -1 1 -2 0 2 -1 1 -2 0 2 -1 1 -2 0 2 -1 1 -2 0 2 -1 1 -2 0 2 -1 1 -2 0 2 -1 1 -2 0 2 -1 1 -2 0 2 -1 1 -2 0 2 -1 1 -2 0 2 -1 1 -2 0 2 -1 1 -2 0 2 -1 1 -2 0 2 -1 1 -2 0 2 -1 1 -2 0 2 -1 1 -2 0 2 -1 1 -2 0 2 -1 1 -2 0 2 -1 1 -2 0 2 -1 1 -2 0 2 -1 1 -2 0 2 -1 1 -2 0 2 -1 1 -2 0 2 -1 1 -2 0 2 -1 1 -2 0 2 -1 1 -2 0 2 -1 1 -2 0 2 -1
-2 1 -1 2 0 -2 1 -1 2 0 -2 1 -1 2 0 -2 1 -1 2 0 -2 1 -1 2 0 -2 1 -1 2 0 -2 1 -1 2 0 -2 1 -1 2 0 -2 1 -1 2 0 -2 1 -1 2 0 -2 1 -1 2 0 -2 1 -1 2 0 -2 1 -1 2 0 -2 1 -1 2 0 -2 1 -1 2 0 -2 1 -1 2 0 -2 1 -1 2 0 -2 1 -1 2 0 -2 1 -1 2 0 -2 1 -1 2 0 -2 1 -1 2 0 -2 1 -1 2 0 -2 1 -1 2 0 -2 1 -1 2 0 -2 1 -1 2 0 -2 1 -1 2 0 -2 1 -1 2 0 -2 1 -1 2 0 -2 1 -1 2 0 -2 1 -1 2 0 -2 1 -1 2 0 -2 1 -1 2 0 -2 1 -1 2 0 -2 1 -1 2 0 -2 1 -1 2 0 -2 1 -1 2 0 -2 1 -1 2 0 -2 1 -1 2 0 -2 1 -1 2 0 -2 1 -1 2 0 -2 1 -1 2 0 -2 1 -1 2 0 -2 1 -1 2 0 -2 1 -1 2 0 -2 1 -1 2 0 -2 1 -1 2 0 -2 1 -1 2 0 -2 1 -1 2 0 -2 1 -1 2 0 -2 1 -1 2 0 -2 1 -1 2 0 -2 1 -1 2 0 -2 1 -1 2 0 -2 1 -1 2 0 -2 1 -1 2 0 -2 1 -1 2 0 -2 1 -1 2 0 -2 1 -1 2 0 -2 1 -1 2 0 -2 1 -1 2 0 -2 1 -1 2 0 -2 1 -1 2 0 -2 1 -1 2 0 -2 1 -1 2 0 -2 1 -1 2 0 -2 1 -1 2 0 -2 1 -1 2 0 -2 1 -1 2 0 -2 1 -1 2 0 -2 1 -1 2 0 -2 1 -1 2 0 -2 1 -1 2 0 -2 1 -1 2 0 -2 1 -1 2 0 -2 1 -1 2 0 -2 1 -1 2 0 721 1 -1 2 0 -2 1 -1 2 0 -2 1 -1 2 0 -2 1 -1 2 0 -2 1 -1 2 0 -2 1 -1 2 0 -2 1 -1 2 0 -2 1 -1 2 0 -2 1 -1 2 0 -2 1 -1 2 0 -2 1 -1 2 0 -2 1 -1 2 0 -2 1 -1 2 0 -2 1 -1 2 0 -2 1 -1 2 0 -2 1 -1 2 0 -2 1 -1 2 0 -2 1 -1 2 0 -2 1 -1 2 0 -2 1 -1 2 0 -2 1 -1 2 0 -2 1 -1 2 0 -2 1 -1 2 0 -2 1 -1 2 0 -2 1 -1 2 0 -2 1 -1 2 0 -2 1 -1 2 0 -2 1 -1 2 0 -2 1 -1 2 0 -2 1 -1 2 0 -2 1 -1 2 0 -2 1 -1 2 0 -2 1 -1 2 0 -2 1 -1 2 0 -2 1 -1 2 0 -2 1 -1 2 0 -2 1 -1 2 0 -2 1 -1 2 0 -2 1 -1 2 0 -2 1 -1 2 0 -2 1 -1 2 0 -2 1 -1 2 0 -2 1 -1 2 0 -2 1 -1 2 0
0 -1 -2 2 1 0 -1 -2 2 1 0 -1 -2 2 1 0 -1 -2 2 1 0 -1 -2 2 1 0 -1 -2 2 1 0 -1 -2 2 1 0 -1 -2 2 1 0 -1 -2 2 1 0 -1 -2 2 1 0 -1 -2 2 1 0 -1 -2 2 1 0 -1 -2 2 1 0 -1 -2 2 1 0 -1 -2 2 1 0 -1 -2 2 1 0 -1 -2 2 1 0 -1 -2 2 1 0 -1 -2 2 1 0 -1 -2 2 1 0 -1 -2 2 1 0 -1 -2 2 1 0 -1 -2 2 1 0 -1 -2 2 1 0 -1 -2 2 1 0 -1 -2 2 1 0 -1 -2 2 1 0 -1 -2 2 1 0 -1 -2 2 1 0 -1 -2 2 1 0 -1 -2 2 1 0 -1 -2 2 1 0 -1 -2 2 1 0 -1 -2 2 1 0 -1 -2 2 1 0 -1 -2 2 1 0 -1 -2 2 1 0 -1 -2 2 1 0 -1 -2 2 1 0 -1 -2 2 1 0 -1 -2 2 1 0 -1 -2 2 1 0 -1 -2 2 1 0 -1 -2 2 1 0 -1 -2 2 1 0 -1 -2 2 1 0 -1 -2 2 1 0 -1 -2 2 1 0 -1 -2 2 1 0 -1 -2 2 1 0 -1 -2 2 1 0 -1 -2 2 1 0 -1 -2 2 1 0 -1 -2 2 1 0 -1 -2 2 1 0 -1 -2 2 1 0 -1 -2 2 1 0 -1 -2 2 1 0 -1 -2 2 1 0 -1 -2 2 1 0 -1 -2 2 1 0 -1 -2 2 1 0 -1 -2 2 1 0 -1 -2 2 1 0 -1 -2 2 1 0 -1 -2 2 1 0 -1 -2 2 1 0 -1 -2 2 1 0 -1 -2 2 1 0 -1 -2 2 1 0 -1 -2 2 1 0 -1 -2 2 1 0 -1 -2 2 1 0 -1 -2 2 1 0 -1 -2 2 1 0 -1 -2 2 1 0 722 -2 2 1 0 -1 -2 2 1 0 -1 -2 2 1 0 -1 -2 2 1 0 -1 -2 2 1 0 -1 -2 2 1 0 -1 -2 2 1 0 -1 -2 2 1 0 -1 -2 2 1 0 -1 -2 2 1 0 -1 -2 2 1 0 -1 -2 2 1 0 -1 -2 2 1 0 -1 -2 2 1 0 -1 -2 2 1 0 -1 -2 2 1 0 -1 -2 2 1 0 -1 -2 2 1 0 -1 -2 2 1 0 -1 -2 2 1 0 -1 -2 2 1 0 -1 -2 2 1 0 -1 -2 2 1 0 -1 -2 2 1 0 -1 -2 2 1 0 -1 -2 2 1 0 -1 -2 2 1 0 -1 -2 2 1 0 -1 -2 2 1 0 -1 -2 2 1 0 -1 -2 2 1 0 -1 -2 2 1 0 -1 -2 2 1 0 -1 -2 2 1 0 -1 -2 2 1 0 -1 -2 2 1 0 -1 -2 2 1 0 -1 -2 2 1 0 -1 -2 2 1 0 -1 -2 2 1 0 -1 -2 2 1 0 -1 -2 2 1 0 -1 -2 2 1 0 -1 -2 2 1
2 2 2 2 2 2 2 2 2 2 2 2 2 2 2 2 2 2 2 2 2 2 2 2 2 2 2 2 2 2 2 2 2 2 2 2 2 2 2 2 2 2 2 2 2 2 2 2 2 2 2 2 2 2 2 2 2 2 2 2 2 2 2 2 2 2 2 2 2 2 2 2 2 2 2 2 2 2 2 2 2 2 2 2 2 2 2 2 2 2 2 2 2 2 2 2 2 2 2 2 2 2 2 2 2 2 2 2 2 2 2 2 2 2 2 2 2 2 2 2 2 2 2 2 2 2 2 2 2 2 2 2 2 2 2 2 2 2 2 2 2 2 2 2 2 2 2 2 2 2 2 2 2 2 2 2 2 2 2 2 2 2 2 2 2 2 2 2 2 2 2 2 2 2 2 2 2 2 2 2 2 2 2 2 2 2 2 2 2 2 2 2 2 2 2 2 2 2 2 2 2 2 2 2 2 2 2 2 2 2 2 2 2 2 2 2 2 2 2 2 2 2 2 2 2 2 2 2 2 2 2 2 2 2 2 2 2 2 2 2 2 2 2 2 2 2 2 2 2 2 2 2 2 2 2 2 2 2 2 2 2 2 2 2 2 2 2 2 2 2 2 2 2 2 2 2 2 2 2 2 2 2 2 2 2 2 2 2 2 2 2 2 2 2 2 2 2 2 2 2 2 2 2 2 2 2 2 2 2 2 2 2 2 2 2 2 2 2 2 2 2 2 2 2 2 2 2 2 2 2 2 2 2 2 2 2 2 2 2 2 2 2 2 2 2 2 2 2 2 2 2 2 2 2 2 2 2 2 2 2 2 2 2 2 2 2 2 2 2 2 2 2 2 2 2 2 2 2 2 2 2 2 1201 2 2 2 2 2 2 2 2 2 2 2 2 2 2 2 2 2 2 2 2 2 2 2 2 2 2 2 2 2 2 2 2 2 2 2 2 2 2 2 2 2 2 2 2 2 2 2 2 2 2 2 2 2 2 2 2 2 2 2 2 2 2 2 2 2 2 2 2 2 2 2 2 2 2 2 2 2 2 2 2 2 2 2 2 2 2 2 2 2 2 2 2 2 2 2 2 2 2 2 2 2 2 2 2 2 2 2 2 2 2 2 2 2 2 2 2 2 2 2 2 2 2 2 2 2 2 2 2 2 2 2 2 2 2 2 2 2 2 2 2 2 2 2 2 2 2 2 2 2 2 2 2 2 2 2 2 2 2 2 2 2 2 2 2 2 2 2 2 2 2 2 2 2 2 2 2 2 2 2 2 2 2 2 2 2 2 2 2 2 2 2 2 2 2 2 2 2 2 2 2 2 2 2 2 2 2 2 2 2 2 2 2 2 2 2 2 2
-1 0 1 2 -2 -1 0 1 2 -2 -1 0 1 2 -2 -1 0 1 2 -2 -1 0 1 2 -2 -1 0 1 2 -2 -1 0 1 2 -2 -1 0 1 2 -2 -1 0 1 2 -2 -1 0 1 2 -2 -1 0 1 2 -2 -1 0 1 2 -2 -1 0 1 2 -2 -1 0 1 2 -2 -1 0 1 2 -2 -1 0 1 2 -2 -1 0 1 2 -2 -1 0 1 2 -2 -1 0 1 2 -2 -1 0 1 2 -2 -1 0 1 2 -2 -1 0 1 2 -2 -1 0 1 2 -2 -1 0 1 2 -2 -1 0 1 2 -2 -1 0 1 2 -2 -1 0 1 2 -2 -1 0 1 2 -2 -1 0 1 2 -2 -1 0 1 2 -2 -1 0 1 2 -2 -1 0 1 2 -2 -1 0 1 2 -2 -1 0 1 2 -2 -1 0 1 2 -2 -1 0 1 2 -2 -1 0 1 2 -2 -1 0 1 2 -2 -1 0 1 2 -2 -1 0 1 2 -2 -1 0 1 2 -2 -1 0 1 2 -2 -1 0 1 2 -2 -1 0 1 2 -2 -1 0 1 2 -2 -1 0 1 2 -2 -1 0 1 2 -2 -1 0 1 2 -2 -1 0 1 2 -2 -1 0 1 2 -2 -1 0 1 2 -2 -1 0 1 2 -2 -1 0 1 2 -2 -1 0 1 2 -2 -1 0 1 2 -2 -1 0 1 2 -2 -1 0 1 2 -2 -1 0 1 2 -2 -1 0 1 2 -2 -1 0 1 2 -2 -1 0 1 2 -2 -1 0 1 2 -2 -1 0 1 2 -2 -1 0 1 2 -2 -1 0 1 2 -2 -1 0 1 2 -2 -1 0 1 2 -2 -1 0 1 2 -2 -1 0 1 2 -2 -1 0 1 2 -2 -1 0 1 2 -2 -1 0 1 2 -2 -1 0 1 2 -2 -1 0 1 2 -2 -1 0 1 2 -2 -1 0 1 2 -2 -1 0 1 721 -2 -1 0 1 2 -2 -1 0 1 2 -2 -1 0 1 2 -2 -1 0 1 2 -2 -1 0 1 2 -2 -1 0 1 2 -2 -1 0 1 2 -2 -1 0 1 2 -2 -1 0 1 2 -2 -1 0 1 2 -2 -1 0 1 2 -2 -1 0 1 2 -2 -1 0 1 2 -2 -1 0 1 2 -2 -1 0 1 2 -2 -1 0 1 2 -2 -1 0 1 2 -2 -1 0 1 2 -2 -1 0 1 2 -2 -1 0 1 2 -2 -1 0 1 2 -2 -1 0 1 2 -2 -1 0 1 2 -2 -1 0 1 2 -2 -1 0 1 2 -2 -1 0 1 2 -2 -1 0 1 2 -2 -1 0 1 2 -2 -1 0 1 2 -2 -1 0 1 2 -2 -1 0 1 2 -2 -1 0 1 2 -2 -1 0 1 2 -2 -1 0 1 2 -2 -1 0 1 2 -2 -1 0 1 2 -2 -1 0 1 2 -2 -1 0 1 2 -2 -1 0 1 2 -2 -1 0 1 2 -2 -1 0 1 2 -2 -1 0 1 2 -2 -1 0 1 2 -2
1 -2 0 2 -1 1 -2 0 2 -1 1 -2 0 2 -1 1 -2 0 2 -1 1 -2 0 2 -1 1 -2 0 2 -1 1 -2 0 2 -1 1 -2 0 2 -1 1 -2 0 2 -1 1 -2 0 2 -1 1 -2 0 2 -1 1 -2 0 2 -1 1 -2 0 2 -1 1 -2 0 2 -1 1 -2 0 2 -1 1 -2 0 2 -1 1 -2 0 2 -1 1 -2 0 2 -1 1 -2 0 2 -1 1 -2 0 2 -1 1 -2 0 2 -1 1 -2 0 2 -1 1 -2 0 2 -1 1 -2 0 2 -1 1 -2 0 2 -1 1 -2 0 2 -1 1 -2 0 2 -1 1 -2 0 2 -1 1 -2 0 2 -1 1 -2 0 2 -1 1 -2 0 2 -1 1 -2 0 2 -1 1 -2 0 2 -1 1 -2 0 2 -1 1 -2 0 2 -1 1 -2 0 2 -1 1 -2 0 2 -1 1 -2 0 2 -1 1 -2 0 2 -1 1 -2 0 2 -1 1 -2 0 2 -1 1 -2 0 2 -1 1 -2 0 2 -1 1 -2 0 2 -1 1 -2 0 2 -1 1 -2 0 2 -1 1 -2 0 2 -1 1 -2 0 2 -1 1 -2 0 2 -1 1 -2 0 2 -1 1 -2 0 2 -1 1 -2 0 2 -1 1 -2 0 2 -1 1 -2 0 2 -1 1 -2 0 2 -1 1 -2 0 2 -1 1 -2 0 2 -1 1 -2 0 2 -1 1 -2 0 2 -1 1 -2 0 2 -1 1 -2 0 2 -1 1 -2 0 2 -1 1 -2 0 2 -1 1 -2 0 2 -1 1 -2 0 2 -1 1 -2 0 2 -1 1 -2 0 2 -1 1 -2 0 2 -1 1 -2 0 2 -1 1 -2 0 2 -1 1 -2 0 2 -1 1 -2 0 2 -1 1 -2 0 2 -1 1 -2 0 2 -1 1 -2 0 2 -1 1 -2 0 2 -1 1 -2 0 2 722 1 -2 0 2 -1 1 -2 0 2 -1 1 -2 0 2 -1 1 -2 0 2 -1 1 -2 0 2 -1 1 -2 0 2 -1 1 -2 0 2 -1 1 -2 0 2 -1 1 -2 0 2 -1 1 -2 0 2 -1 1 -2 0 2 -1 1 -2 0 2 -1 1 -2 0 2 -1 1 -2 0 2 -1 1 -2 0 2 -1 1 -2 0 2 -1 1 -2 0 2 -1 1 -2 0 2 -1 1 -2 0 2 -1 1 -2 0 2 -1 1 -2 0 2 -1 1 -2 0 2 -1 1 -2 0 2 -1 1 -2 0 2 -1 1 -2 0 2 -1 1 -2 0 2 -1 1 -2 0 2 -1 1 -2 0 2 -1 1 -2 0 2 -1 1 -2 0 2 -1 1 -2 0 2 -1 1 -2 0 2 -1 1 -2 0 2 -1 1 -2 0 2 -1 1 -2 0 2 -1 1 -2 0 2 -1 1 -2 0 2 -1 1 -2 0 2 -1 1 -2 0 2 -1 1 -2 0 2 -1 1 -2 0 2 -1 1 -2 0 2 -1 1 -2 0 2 -1
-2 1 -1 2 0 -2 1 -1 2 0 -2 1 -1 2 0 -2 1 -1 2 0 -2 1 -1 2 0 -2 1 -1 2 0 -2 1 -1 2 0 -2 1 -1 2 0 -2 1 -1 2 0 -2 1 -1 2 0 -2 1 -1 2 0 -2 1 -1 2 0 -2 1 -1 2 0 -2 1 -1 2 0 -2 1 -1 2 0 -2 1 -1 2 0 -2 1 -1 2 0 -2 1 -1 2 0 -2 1 -1 2 0 -2 1 -1 2 0 -2 1 -1 2 0 -2 1 -1 2 0 -2 1 -1 2 0 -2 1 -1 2 0 -2 1 -1 2 0 -2 1 -1 2 0 -2 1 -1 2 0 -2 1 -1 2 0 -2 1 -1 2 0 -2 1 -1 2 0 -2 1 -1 2 0 -2 1 -1 2 0 -2 1 -1 2 0 -2 1 -1 2 0 -2 1 -1 2 0 -2 1 -1 2 0 -2 1 -1 2 0 -2 1 -1 2 0 -2 1 -1 2 0 -2 1 -1 2 0 -2 1 -1 2 0 -2 1 -1 2 0 -2 1 -1 2 0 -2 1 -1 2 0 -2 1 -1 2 0 -2 1 -1 2 0 -2 1 -1 2 0 -2 1 -1 2 0 -2 1 -1 2 0 -2 1 -1 2 0 -2 1 -1 2 0 -2 1 -1 2 0 -2 1 -1 2 0 -2 1 -1 2 0 -2 1 -1 2 0 -2 1 -1 2 0 -2 1 -1 2 0 -2 1 -1 2 0 -2 1 -1 2 0 -2 1 -1 2 0 -2 1 -1 2 0 -2 1 -1 2 0 -2 1 -1 2 0 -2 1 -1 2 0 -2 1 -1 2 0 -2 1 -1 2 0 -2 1 -1 2 0 -2 1 -1 2 0 -2 1 -1 2 0 -2 1 -1 2 0 -2 1 -1 2 0 -2 1 -1 2 0 -2 1 -1 2 0 -2 1 -1 2 0 -2 1 -1 2 0 -2 1 -1 2 0 -2 1 -1 2 0 721 1 -1 2 0 -2 1 -1 2 0 -2 1 -1 2 0 -2 1 -1 2 0 -2 1 -1 2 0 -2 1 -1 2 0 -2 1 -1 2 0 -2 1 -1 2 0 -2 1 -1 2 0 -2 1 -1 2 0 -2 1 -1 2 0 -2 1 -1 2 0 -2 1 -1 2 0 -2 1 -1 2 0 -2 1 -1 2 0 -2 1 -1 2 0 -2 1 -1 2 0 -2 1 -1 2 0 -2 1 -1 2 0 -2 1 -1 2 0 -2 1 -1 2 0 -2 1 -1 2 0 -2 1 -1 2 0 -2 1 -1 2 0 -2 1 -1 2 0 -2 1 -1 2 0 -2 1 -1 2 0 -2 1 -1 2 0 -2 1 -1 2 0 -2 1 -1 2 0 -2 1 -1 2 0 -2 1 -1 2 0 -2 1 -1 2 0 -2 1 -1 2 0 -2 1 -1 2 0 -2 1 -1 2 0 -2 1 -1 2 0 -2 1 -1 2 0 -2 1 -1 2 0 -2 1 -1 2 0 -2 1 -1 2 0 -2 1 -1 2 0 -2 1 -1 2 0
0 -1 -2 2 1 0 -1 -2 2 1 0 -1 -2 2 1 0 -1 -2 2 1 0 -1 -2 2 1 0 -1 -2 2 1 0 -1 -2 2 1 0 -1 -2 2 1 0 -1 -2 2 1 0 -1 -2 2 1 0 -1 -2 2 1 0 -1 -2 2 1 0 -1 -2 2 1 0 -1 -2 2 1 0 -1 -2 2 1 0 -1 -2 2 1 0 -1 -2 2 1 0 -1 -2 2 1 0 -1 -2 2 1 0 -1 -2 2 1 0 -1 -2 2 1 0 -1 -2 2 1 0 -1 -2 2 1 0 -1 -2 2 1 0 -1 -2 2 1 0 -1 -2 2 1 0 -1 -2 2 1 0 -1 -2 2 1 0 -1 -2 2 1 0 -1 -2 2 1 0 -1 -2 2 1 0 -1 -2 2 1 0 -1 -2 2 1 0 -1 -2 2 1 0 -1 -2 2 1 0 -1 -2 2 1 0 -1 -2 2 1 0 -1 -2 2 1 0 -1 -2 2 1 0 -1 -2 2 1 0 -1 -2 2 1 0 -1 -2 2 1 0 -1 -2 2 1 0 -1 -2 2 1 0 -1 -2 2 1 0 -1 -2 2 1 0 -1 -2 2 1 0 -1 -2 2 1 0 -1 -2 2 1 0 -1 -2 2 1 0 -1 -2 2 1 0 -1 -2 2 1 0 -1 -2 2 1 0 -1 -2 2 1 0 -1 -2 2 1 0 -1 -2 2 1 0 -1 -2 2 1 0 -1 -2 2 1 0 -1 -2 2 1 0 -1 -2 2 1 0 -1 -2 2 1 0 -1 -2 2 1 0 -1 -2 2 1 0 -1 -2 2 1 0 -1 -2 2 1 0 -1 -2 2 1 0 -1 -2 2 1 0 -1 -2 2 1 0 -1 -2 2 1 0 -1 -2 2 1 0 -1 -2 2 1 0 -1 -2 2 1 0 -1 -2 2 1 0 -1 -2 2 1 0 -1 -2 2 1 0 -1 -2 2 1 0 -1 -2 2 1 0 722 -2 2 1 0 -1 -2 2 1 0 -1 -2 2 1 0 -1 -2 2 1 0 -1 -2 2 1 0 -1 -2 2 1 0 -1 -2 2 1 0 -1 -2 2 1 0 -1 -2 2 1 0 -1 -2 2 1 0 -1 -2 2 1 0 -1 -2 2 1 0 -1 -2 2 1 0 -1 -2 2 1 0 -1 -2 2 1 0 -1 -2 2 1 0 -1 -2 2 1 0 -1 -2 2 1 0 -1 -2 2 1 0 -1 -2 2 1 0 -1 -2 2 1 0 -1 -2 2 1 0 -1 -2 2 1 0 -1 -2 2 1 0 -1 -2 2 1 0 -1 -2 2 1 0 -1 -2 2 1 0 -1 -2 2 1 0 -1 -2 2 1 0 -1 -2 2 1 0 -1 -2 2 1 0 -1 -2 2 1 0 -1 -2 2 1 0 -1 -2 2 1 0 -1 -2 2 1 0 -1 -2 2 1 0 -1 -2 2 1 0 -1 -2 2 1 0 -1 -2 2 1 0 -1 -2 2 1 0 -1 -2 2 1 0 -1 -2 2 1 0 -1 -2 2 1
2 2 2 2 2 2 2 2 2 2 2 2 2 2 2 2 2 2 2 2 2 2 2 2 2 2 2 2 2 2 2 2 2 2 2 2 2 2 2 2 2 2 2 2 2 2 2 2 2 2 2 2 2 2 2 2 2 2 2 2 2 2 2 2 2 2 2 2 2 2 2 2 2 2 2 2 2 2 2 2 2 2 2 2 2 2 2 2 2 2 2 2 2 2 2 2 2 2 2 2 2 2 2 2 2 2 2 2 2 2 2 2 2 2 2 2 2 2 2 2 2 2 2 2 2 2 2 2 2 2 2 2 2 2 2 2 2 2 2 2 2 2 2 2 2 2 2 2 2 2 2 2 2 2 2 2 2 2 2 2 2 2 2 2 2 2 2 2 2 2 2 2 2 2 2 2 2 2 2 2 2 2 2 2 2 2 2 2 2 2 2 2 2 2 2 2 2 2 2 2 2 2 2 2 2 2 2 2 2 2 2 2 2 2 2 2 2 2 2 2 2 2 2 2 2 2 2 2 2 2 2 2 2 2 2 2 2 2 2 2 2 2 2 2 2 2 2 2 2 2 2 2 2 2 2 2 2 2 2 2 2 2 2 2 2 2 2 2 2 2 2 2 2 2 2 2 2 2 2 2 2 2 2 2 2 2 2 2 2 2 2 2 2 2 2 2 2 2 2 2 2 2 2 2 2 2 2 2 2 2 2 2 2 2 2 2 2 2 2 2 2 2 2 2 2 2 2 2 2 2 2 2 2 2 2 2 2 2 2 2 2 2 2 2 2 2 2 2 2 2 2 2 2 2 2 2 2 2 2 2 2 2 2 2 2 2 2 2 2 2 2 2 2 2 2 2 2 2 2 2 2 2 2 2 2 2 2 1201 2 2 2 2 2 2 2 2 2 2 2 2 2 2 2 2 2 2 2 2 2 2 2 2 2 2 2 2 2 2 2 2 2 2 2 2 2 2 2 2 2 2 2 2 2 2 2 2 2 2 2 2 2 2 2 2 2 2 2 2 2 2 2 2 2 2 2 2 2 2 2 2 2 2 2 2 2 2 2 2 2 2 2 2 2 2 2 2 2 2 2 2 2 2 2 2 2 2 2 2 2 2 2 2 2 2 2 2 2 2 2 2 2 2 2 2 2 2 2 2 2 2 2 2 2 2 2 2 2 2 2 2 2 2 2 2 2 2 2 2 2 2 2 2 2 2 2 2 2 2 2 2 2 2 2 2 2 2 2 2 2 2 2 2 2 2 2 2 2 2 2 2 2 2 2 2 2 2 2 2 2 2 2 2 2 2 2 2 2 2 2 2 2 2 2 2 2 2 2 2 2 2 2 2 2 2 2 2 2 2 2 2
-1 0 1 2 -2 -1 0 1 2 -2 -1 0 1 2 -2 -1 0 1 2 -2 -1 0 1 2 -2 -1 0 1 2 -2 -1 0 1 2 -2 -1 0 1 2 -2 -1 0 1 2 -2 -1 0 1 2 -2 -1 0 1 2 -2 -1 0 1 2 -2 -1 0 1 2 -2 -1 0 1 2 -2 -1 0 1 2 -2 -1 0 1 2 -2 -1 0 1 2 -2 -1 0 1 2 -2 -1 0 1 2 -2 -1 0 1 2 -2 -1 0 1 2 -2 -1 0 1 2 -2 -1 0 1 2 -2 -1 0 1 2 -2 -1 0 1 2 -2 -1 0 1 2 -2 -1 0 1 2 -2 -1 0 1 2 -2 -1 0 1 2 -2 -1 0 1 2 -2 -1 0 1 2 -2 -1 0 1 2 -2 -1 0 1 2 -2 -1 0 1 2 -2 -1 0 1 2 -2 -1 0 1 2 -2 -1 0 1 2 -2 -1 0 1 2 -2 -1 0 1 2 -2 -1 0 1 2 -2 -1 0 1 2 -2 -1 0 1 2 -2 -1 0 1 2 -2 -1 0 1 2 -2 -1 0 1 2 -2 -1 0 1 2 -2 -1 0 1 2 -2 -1 0 1 2 -2 -1 0 1 2 -2 -1 0 1 2 -2 -1 0 1 2 -2 -1 0 1 2 -2 -1 0 1 2 -2 -1 0 1 2 -2 -1 0 1 2 -2 -1 0 1 2 -2 -1 0 1 2 -2 -1 0 1 2 -2 -1 0 1 2 -2 -1 0 1 2 -2 -1 0 1 2 -2 -1 0 1 2 -2 -1 0 1 2 -2 -1 0 1 2 -2 -1 0 1 2 -2 -1 0 1 2 -2 -1 0 1 2 -2 -1 0 1 2 -2 -1 0 1 2 -2 -1 0 1 2 -2 -1 0 1 2 -2 -1 0 1 2 -2 -1 0 1 2 -2 -1 0 1 2 -2 -1 0 1 2 -2 -1 0 1 2 -2 -1 0 1 2 -2 -1 0 1 721 -2 -1 0 1 2 -2 -1 0 1 2 -2 -1 0 1 2 -2 -1 0 1 2 -2 -1 0 1 2 -2 -1 0 1 2 -2 -1 0 1 2 -2 -1 0 1 2 -2 -1 0 1 2 -2 -1 0 1 2 -2 -1 0 1 2 -2 -1 0 1 2 -2 -1 0 1 2 -2 -1 0 1 2 -2 -1 0 1 2 -2 -1 0 1 2 -2 -1 0 1 2 -2 -1 0 1 2 -2 -1 0 1 2 -2 -1 0 1 2 -2 -1 0 1 2 -2 -1 0 1 2 -2 -1 0 1 2 -2 -1 0 1 2 -2 -1 0 1 2 -2 -1 0 1 2 -2 -1 0 1 2 -2 -1 0 1 2 -2 -1 0 1 2 -2 -1 0 1 2 -2 -1 0 1 2 -2 -1 0 1 2 -2 -1 0 1 2 -2 -1 0 1 2 -2 -1 0 1 2 -2 -1 0 1 2 -2 -1 0 1 2 -2 -1 0 1 2 -2 -1 0 1 2 -2 -1 0 1 2 -2 -1 0 1 2 -2 -1 0 1 2 -2
1 -2 0 2 -1 1 -2 0 2 -1 1 -2 0 2 -1 1 -2 0 2 -1 1 -2 0 2 -1 1 -2 0 2 -1 1 -2 0 2 -1 1 -2 0 2 -1 1 -2 0 2 -1 1 -2 0 2 -1 1 -2 0 2 -1 1 -2 0 2 -1 1 -2 0 2 -1 1 -2 0 2 -1 1 -2 0 2 -1 1 -2 0 2 -1 1 -2 0 2 -1 1 -2 0 2 -1 1 -2 0 2 -1 1 -2 0 2 -1 1 -2 0 2 -1 1 -2 0 2 -1 1 -2 0 2 -1 1 -2 0 2 -1 1 -2 0 2 -1 1 -2 0 2 -1 1 -2 0 2 -1 1 -2 0 2 -1 1 -2 0 2 -1 1 -2 0 2 -1 1 -2 0 2 -1 1 -2 0 2 -1 1 -2 0 2 -1 1 -2 0 2 -1 1 -2 0 2 -1 1 -2 0 2 -1 1 -2 0 2 -1 1 -2 0 2 -1 1 -2 0 2 -1 1 -2 0 2 -1 1 -2 0 2 -1 1 -2 0 2 -1 1 -2 0 2 -1 1 -2 0 2 -1 1 -2 0 2 -1 1 -2 0 2 -1 1 -2 0 2 -1 1 -2 0 2 -1 1 -2 0 2 -1 1 -2 0 2 -1 1 -2 0 2 -1 1 -2 0 2 -1 1 -2 0 2 -1 1 -2 0 2 -1 1 -2 0 2 -1 1 -2 0 2 -1 1 -2 0 2 -1 1 -2 0 2 -1 1 -2 0 2 -1 1 -2 0 2 -1 1 -2 0 2 -1 1 -2 0 2 -1 1 -2 0 2 -1 1 -2 0 2 -1 1 -2 0 2 -1 1 -2 0 2 -1 1 -2 0 2 -1 1 -2 0 2 -1 1 -2 0 2 -1 1 -2 0 2 -1 1 -2 0 2 -1 1 -2 0 2 -1 1 -2 0 2 -1 1 -2 0 2 -1 1 -2 0 2 -1 1 -2 0 2 -1 1 -2 0 2 -1 1 -2 0 2 722 1 -2 0 2 -1 1 -2 0 2 -1 1 -2 0 2 -1 1 -2 0 2 -1 1 -2 0 2 -1 1 -2 0 2 -1 1 -2 0 2 -1 1 -2 0 2 -1 1 -2 0 2 -1 1 -2 0 2 -1 1 -2 0 2 -1 1 -2 0 2 -1 1 -2 0 2 -1 1 -2 0 2 -1 1 -2 0 2 -1 1 -2 0 2 -1 1 -2 0 2 -1 1 -2 0 2 -1 1 -2 0 2 -1 1 -2 0 2 -1 1 -2 0 2 -1 1 -2 0 2 -1 1 -2 0 2 -1 1 -2 0 2 -1 1 -2 0 2 -1 1 -2 0 2 -1 1 -2 0 2 -1 1 -2 0 2 -1 1 -2 0 2 -1 1 -2 0 2 -1 1 -2 0 2 -1 1 -2 0 2 -1 1 -2 0 2 -1 1 -2 0 2 -1 1 -2 0 2 -1 1 -2 0 2 -1 1 -2 0 2 -1 1 -2 0 2 -1 1 -2 0 2 -1 1 -2 0 2 -1 1 -2 0 2 -1 1 -2 0 2 -1
-2 1 -1 2 0 -2 1 -1 2 0 -2 1 -1 2 0 -2 1 -1 2 0 -2 1 -1 2 0 -2 1 -1 2 0 -2 1 -1 2 0 -2 1 -1 2 0 -2 1 -1 2 0 -2 1 -1 2 0 -2 1 -1 2 0 -2 1 -1 2 0 -2 1 -1 2 0 -2 1 -1 2 0 -2 1 -1 2 0 -2 1 -1 2 0 -2 1 -1 2 0 -2 1 -1 2 0 -2 1 -1 2 0 -2 1 -1 2 0 -2 1 -1 2 0 -2 1 -1 2 0 -2 1 -1 2 0 -2 1 -1 2 0 -2 1 -1 2 0 -2 1 -1 2 0 -2 1 -1 2 0 -2 1 -1 2 0 -2 1 -1 2 0 -2 1 -1 2 0 -2 1 -1 2 0 -2 1 -1 2 0 -2 1 -1 2 0 -2 1 -1 2 0 -2 1 -1 2 0 -2 1 -1 2 0 -2 1 -1 2 0 -2 1 -1 2 0 -2 1 -1 2 0 -2 1 -1 2 0 -2 1 -1 2 0 -2 1 -1 2 0 -2 1 -1 2 0 -2 1 -1 2 0 -2 1 -1 2 0 -2 1 -1 2 0 -2 1 -1 2 0 -2 1 -1 2 0 -2 1 -1 2 0 -2 1 -1 2 0 -2 1 -1 2 0 -2 1 -1 2 0 -2 1 -1 2 0 -2 1 -1 2 0 -2 1 -1 2 0 -2 1 -1 2 0 -2 1 -1 2 0 -2 1 -1 2 0 -2 1 -1 2 0 -2 1 -1 2 0 -2 1 -1 2 0 -2 1 -1 2 0 -2 1 -1 2 0 -2 1 -1 2 0 -2 1 -1 2 0 -2 1 -1 2 0 -2 1 -1 2 0 -2 1 -1 2 0 -2 1 -1 2 0 -2 1 -1 2 0 -2 1 -1 2 0 -2 1 -1 2 0 -2 1 -1 2 0 -2 1 -1 2 0 -2 1 -1 2 0 -2 1 -1 2 0 -2 1 -1 2 0 -2 1 -1 2 0 721 1 -1 2 0 -2 1 -1 2 0 -2 1 -1 2 0 -2 1 -1 2 0 -2 1 -1 2 0 -2 1 -1 2 0 -2 1 -1 2 0 -2 1 -1 2 0 -2 1 -1 2 0 -2 1 -1 2 0 -2 1 -1 2 0 -2 1 -1 2 0 -2 1 -1 2 0 -2 1 -1 2 0 -2 1 -1 2 0 -2 1 -1 2 0 -2 1 -1 2 0 -2 1 -1 2 0 -2 1 -1 2 0 -2 1 -1 2 0 -2 1 -1 2 0 -2 1 -1 2 0 -2 1 -1 2 0 -2 1 -1 2 0 -2 1 -1 2 0 -2 1 -1 2 0 -2 1 -1 2 0 -2 1 -1 2 0 -2 1 -1 2 0 -2 1 -1 2 0 -2 1 -1 2 0 -2 1 -1 2 0 -2 1 -1 2 0 -2 1 -1 2 0 -2 1 -1 2 0 -2 1 -1 2 0 -2 1 -1 2 0 -2 1 -1 2 0 -2 1 -1 2 0 -2 1 -1 2 0 -2 1 -1 2 0 -2 1 -1 2 0
0 -1 -2 2 1 0 -1 -2 2 1 0 -1 -2 2 1 0 -1 -2 2 1 0 -1 -2 2 1 0 -1 -2 2 1 0 -1 -2 2 1 0 -1 -2 2 1 0 -1 -2 2 1 0 -1 -2 2 1 0 -1 -2 2 1 0 -1 -2 2 1 0 -1 -2 2 1 0 -1 -2 2 1 0 -1 -2 2 1 0 -1 -2 2 1 0 -1 -2 2 1 0 -1 -2 2 1 0 -1 -2 2 1 0 -1 -2 2 1 0 -1 -2 2 1 0 -1 -2 2 1 0 -1 -2 2 1 0 -1 -2 2 1 0 -1 -2 2 1 0 -1 -2 2 1 0 -1 -2 2 1 0 -1 -2 2 1 0 -1 -2 2 1 0 -1 -2 2 1 0 -1 -2 2 1 0 -1 -2 2 1 0 -1 -2 2 1 0 -1 -2 2 1 0 -1 -2 2 1 0 -1 -2 2 1 0 -1 -2 2 1 0 -1 -2 2 1 0 -1 -2 2 1 0 -1 -2 2 1 0 -1 -2 2 1 0 -1 -2 2 1 0 -1 -2 2 1 0 -1 -2 2 1 0 -1 -2 2 1 0 -1 -2 2 1 0 -1 -2 2 1 0 -1 -2 2 1 0 -1 -2 2 1 0 -1 -2 2 1 0 -1 -2 2 1 0 -1 -2 2 1 0 -1 -2 2 1 0 -1 -2 2 1 0 -1 -2 2 1 0 -1 -2 2 1 0 -1 -2 2 1 0 -1 -2 2 1 0 -1 -2 2 1 0 -1 -2 2 1 0 -1 -2 2 1 0 -1 -2 2 1 0 -1 -2 2 1 0 -1 -2 2 1 0 -1 -2 2 1 0 -1 -2 2 1 0 -1 -2 2 1 0 -1 -2 2 1 0 -1 -2 2 1 0 -1 -2 2 1 0 -1 -2 2 1 0 -1 -2 2 1 0 -1 -2 2 1 0 -1 -2 2 1 0 -1 -2 2 1 0 -1 -2 2 1 0 -1 -2 2 1 0 -1 -2 2 1 0 722 -2 2 1 0 -1 -2 2 1 0 -1 -2 2 1 0 -1 -2 2 1 0 -1 -2 2 1 0 -1 -2 2 1 0 -1 -2 2 1 0 -1 -2 2 1 0 -1 -2 2 1 0 -1 -2 2 1 0 -1 -2 2 1 0 -1 -2 2 1 0 -1 -2 2 1 0 -1 -2 2 1 0 -1 -2 2 1 0 -1 -2 2 1 0 -1 -2 2 1 0 -1 -2 2 1 0 -1 -2 2 1 0 -1 -2 2 1 0 -1 -2 2 1 0 -1 -2 2 1 0 -1 -2 2 1 0 -1 -2 2 1 0 -1 -2 2 1 0 -1 -2 2 1 0 -1 -2 2 1 0 -1 -2 2 1 0 -1 -2 2 1 0 -1 -2 2 1 0 -1 -2 2 1 0 -1 -2 2 1 0 -1 -2 2 1 0 -1 -2 2 1 0 -1 -2 2 1 0 -1 -2 2 1 0 -1 -2 2 1 0 -1 -2 2 1 0 -1 -2 2 1 0 -1 -2 2 1 0 -1 -2 2 1 0 -1 -2 2 1
2 2 2 2 2 2 2 2 2 2 2 2 2 2 2 2 2 2 2 2 2 2 2 2 2 2 2 2 2 2 2 2 2 2 2 2 2 2 2 2 2 2 2 2 2 2 2 2 2 2 2 2 2 2 2 2 2 2 2 2 2 2 2 2 2 2 2 2 2 2 2 2 2 2 2 2 2 2 2 2 2 2 2 2 2 2 2 2 2 2 2 2 2 2 2 2 2 2 2 2 2 2 2 2 2 2 2 2 2 2 2 2 2 2 2 2 2 2 2 2 2 2 2 2 2 2 2 2 2 2 2 2 2 2 2 2 2 2 2 2 2 2 2 2 2 2 2 2 2 2 2 2 2 2 2 2 2 2 2 2 2 2 2 2 2 2 2 2 2 2 2 2 2 2 2 2 2 2 2 2 2 2 2 2 2 2 2 2 2 2 2 2 2 2 2 2 2 2 2 2 2 2 2 2 2 2 2 2 2 2 2 2 2 2 2 2 2 2 2 2 2 2 2 2 2 2 2 2 2 2 2 2 2 2 2 2 2 2 2 2 2 2 2 2 2 2 2 2 2 2 2 2 2 2 2 2 2 2 2 2 2 2 2 2 2 2 2 2 2 2 2 2 2 2 2 2 2 2 2 2 2 2 2 2 2 2 2 2 2 2 2 2 2 2 2 2 2 2 2 2 2 2 2 2 2 2 2 2 2 2 2 2 2 2 2 2 2 2 2 2 2 2 2 2 2 2 2 2 2 2 2 2 2 2 2 2 2 2 2 2 2 2 2 2 2 2 2 2 2 2 2 2 2 2 2 2 2 2 2 2 2 2 2 2 2 2 2 2 2 2 2 2 2 2 2 2 2 2 2 2 2 2 2 2 2 2 2 2 2 2 2 2 1201 2 2 2 2 2 2 2 2 2 2 2 2 2 2 2 2 2 2 2 2 2 2 2 2 2 2 2 2 2 2 2 2 2 2 2 2 2 2 2 2 2 2 2 2 2 2 2 2 2 2 2 2 2 2 2 2 2 2 2 2 2 2 2 2 2 2 2 2 2 2 2 2 2 2 2 2 2 2 2 2 2 2 2 2 2 2 2 2 2 2 2 2 2 2 2 2 2 2 2 2 2 2 2 2 2 2 2 2 2 2 2 2 2 2 2 2 2 2 2 2 2 2 2 2 2 2 2 2 2 2 2 2 2 2 2 2 2 2 2 2 2 2 2 2 2 2 2 2 2 2 2 2 2 2 2 2 2 2 2 2 2 2 2 2 2 2 2 2 2 2 2 2 2 2 2 2 2 2 2 2 2 2 2 2 2 2 2 2 2 2 2 2 2 2 2 2 2 2 2 2 2 2 2 2 2 2 2
-1 0 1 2 -2 -1 0 1 2 -2 -1 0 1 2 -2 -1 0 1 2 -2 -1 0 1 2 -2 -1 0 1 2 -2 -1 0 1 2 -2 -1 0 1 2 -2 -1 0 1 2 -2 -1 0 1 2 -2 -1 0 1 2 -2 -1 0 1 2 -2 -1 0 1 2 -2 -1 0 1 2 -2 -1 0 1 2 -2 -1 0 1 2 -2 -1 0 1 2 -2 -1 0 1 2 -2 -1 0 1 2 -2 -1 0 1 2 -2 -1 0 1 2 -2 -1 0 1 2 -2 -1 0 1 2 -2 -1 0 1 2 -2 -1 0 1 2 -2 -1 0 1 2 -2 -1 0 1 2 -2 -1 0 1 2 -2 -1 0 1 2 -2 -1 0 1 2 -2 -1 0 1 2 -2 -1 0 1 2 -2 -1 0 1 2 -2 -1 0 1 2 -2 -1 0 1 2 -2 -1 0 1 2 -2 -1 0 1 2 -2 -1 0 1 2 -2 -1 0 1 2 -2 -1 0 1 2 -2 -1 0 1 2 -2 -1 0 1 2 -2 -1 0 1 2 -2 -1 0 1 2 -2 -1 0 1 2 -2 -1 0 1 2 -2 -1 0 1 2 -2 -1 0 1 2 -2 -1 0 1 2 -2 -1 0 1 2 -2 -1 0 1 2 -2 -1 0 1 2 -2 -1 0 1 2 -2 -1 0 1 2 -2 -1 0 1 2 -2 -1 0 1 2 -2 -1 0 1 2 -2 -1 0 1 2 -2 -1 0 1 2 -2 -1 0 1 2 -2 -1 0 1 2 -2 -1 0 1 2 -2 -1 0 1 2 -2 -1 0 1 2 -2 -1 0 1 2 -2 -1 0 1 2 -2 -1 0 1 2 -2 -1 0 1 2 -2 -1 0 1 2 -2 -1 0 1 2 -2 -1 0 1 2 -2 -1 0 1 2 -2 -1 0 1 2 -2 -1 0 1 2 -2 -1 0 1 2 -2 -1 0 1 2 -2 -1 0 1 2 -2 -1 0 1 2 -2 -1 0 1 721 -2 -1 0 1 2 -2 -1 0 1 2 -2 -1 0 1 2 -2 -1 0 1 2 -2 -1 0 1 2 -2 -1 0 1 2 -2 -1 0 1 2 -2 -1 0 1 2 -2 -1 0 1 2 -2 -1 0 1 2 -2 -1 0 1 2 -2 -1 0 1 2 -2 -1 0 1 2 -2 -1 0 1 2 -2 -1 0 1 2 -2 -1 0 1 2 -2 -1 0 1 2 -2 -1 0 1 2 -2 -1 0 1 2 -2 -1 0 1 2 -2 -1 0 1 2 -2 -1 0 1 2 -2 -1 0 1 2 -2 -1 0 1 2 -2 -1 0 1 2 -2 -1 0 1 2 -2 -1 0 1 2 -2 -1 0 1 2 -2 -1 0 1 2 -2 -1 0 1 2 -2 -1 0 1 2 -2 -1 0 1 2 -2 -1 0 1 2 -2 -1 0 1 2 -2 -1 0 1 2 -2 -1 0 1 2 -2 -1 0 1 2 -2 -1 0 1 2 -2 -1 0 1 2 -2 -1 0 1 2 -2 -1 0 1 2 -2
1 -2 0 2 -1 1 -2 0 2 -1 1 -2 0 2 -1 1 -2 0 2 -1 1 -2 0 2 -1 1 -2 0 2 -1 1 -2 0 2 -1 1 -2 0 2 -1 1 -2 0 2 -1 1 -2 0 2 -1 1 -2 0 2 -1 1 -2 0 2 -1 1 -2 0 2 -1 1 -2 0 2 -1 1 -2 0 2 -1 1 -2 0 2 -1 1 -2 0 2 -1 1 -2 0 2 -1 1 -2 0 2 -1 1 -2 0 2 -1 1 -2 0 2 -1 1 -2 0 2 -1 1 -2 0 2 -1 1 -2 0 2 -1 1 -2 0 2 -1 1 -2 0 2 -1 1 -2 0 2 -1 1 -2 0 2 -1 1 -2 0 2 -1 1 -2 0 2 -1 1 -2 0 2 -1 1 -2 0 2 -1 1 -2 0 2 -1 1 -2 0 2 -1 1 -2 0 2 -1 1 -2 0 2 -1 1 -2 0 2 -1 1 -2 0 2 -1 1 -2 0 2 -1 1 -2 0 2 -1 1 -2 0 2 -1 1 -2 0 2 -1 1 -2 0 2 -1 1 -2 0 2 -1 1 -2 0 2 -1 1 -2 0 2 -1 1 -2 0 2 -1 1 -2 0 2 -1 1 -2 0 2 -1 1 -2 0 2 -1 1 -2 0 2 -1 1 -2 0 2 -1 1 -2 0 2 -1 1 -2 0 2 -1 1 -2 0 2 -1 1 -2 0 2 -1 1 -2 0 2 -1 1 -2 0 2 -1 1 -2 0 2 -1 1 -2 0 2 -1 1 -2 0 2 -1 1 -2 0 2 -1 1 -2 0 2 -1 1 -2 0 2 -1 1 -2 0 2 -1 1 -2 0 2 -1 1 -2 0 2 -1 1 -2 0 2 -1 1 -2 0 2 -1 1 -2 0 2 -1 1 -2 0 2 -1 1 -2 0 2 -1 1 -2 0 2 -1 1 -2 0 2 -1 1 -2 0 2 -1 1 -2 0 2 -1 1 -2 0 2 -1 1 -2 0 2 -1 1 -2 0 2 722 1 -2 0 2 -1 1 -2 0 2 -1 1 -2 0 2 -1 1 -2 0 2 -1 1 -2 0 2 -1 1 -2 0 2 -1 1 -2 0 2 -1 1 -2 0 2 -1 1 -2 0 2 -1 1 -2 0 2 -1 1 -2 0 2 -1 1 -2 0 2 -1 1 -2 0 2 -1 1 -2 0 2 -1 1 -2 0 2 -1 1 -2 0 2 -1 1 -2 0 2 -1 1 -2 0 2 -1 1 -2 0 2 -1 1 -2 0 2 -1 1 -2 0 2 -1 1 -2 0 2 -1 1 -2 0 2 -1 1 -2 0 2 -1 1 -2 0 2 -1 1 -2 0 2 -1 1 -2 0 2 -1 1 -2 0 2 -1 1 -2 0 2 -1 1 -2 0 2 -1 1 -2 0 2 -1 1 -2 0 2 -1 1 -2 0 2 -1 1 -2 0 2 -1 1 -2 0 2 -1 1 -2 0 2 -1 1 -2 0 2 -1 1 -2 0 2 -1 1 -2 0 2 -1 1 -2 0 2 -1 1 -2 0 2 -1
-2 1 -1 2 0 -2 1 -1 2 0 -2 1 -1 2 0 -2 1 -1 2 0 -2 1 -1 2 0 -2 1 -1 2 0 -2 1 -1 2 0 -2 1 -1 2 0 -2 1 -1 2 0 -2 1 -1 2 0 -2 1 -1 2 0 -2 1 -1 2 0 -2 1 -1 2 0 -2 1 -1 2 0 -2 1 -1 2 0 -2 1 -1 2 0 -2 1 -1 2 0 -2 1 -1 2 0 -2 1 -1 2 0 -2 1 -1 2 0 -2 1 -1 2 0 -2 1 -1 2 0 -2 1 -1 2 0 -2 1 -1 2 0 -2 1 -1 2 0 -2 1 -1 2 0 -2 1 -1 2 0 -2 1 -1 2 0 -2 1 -1 2 0 -2 1 -1 2 0 -2 1 -1 2 0 -2 1 -1 2 0 -2 1 -1 2 0 -2 1 -1 2 0 -2 1 -1 2 0 -2 1 -1 2 0 -2 1 -1 2 0 -2 1 -1 2 0 -2 1 -1 2 0 -2 1 -1 2 0 -2 1 -1 2 0 -2 1 -1 2 0 -2 1 -1 2 0 -2 1 -1 2 0 -2 1 -1 2 0 -2 1 -1 2 0 -2 1 -1 2 0 -2 1 -1 2 0 -2 1 -1 2 0 -2 1 -1 2 0 -2 1 -1 2 0 -2 1 -1 2 0 -2 1 -1 2 0 -2 1 -1 2 0 -2 1 -1 2 0 -2 1 -1 2 0 -2 1 -1 2 0 -2 1 -1 2 0 -2 1 -1 2 0 -2 1 -1 2 0 -2 1 -1 2 0 -2 1 -1 2 0 -2 1 -1 2 0 -2 1 -1 2 0 -2 1 -1 2 0 -2 1 -1 2 0 -2 1 -1 2 0 -2 1 -1 2 0 -2 1 -1 2 0 -2 1 -1 2 0 -2 1 -1 2 0 -2 1 -1 2 0 -2 1 -1 2 0 -2 1 -1 2 0 -2 1 -1 2 0 -2 1 -1 2 0 -2 1 -1 2 0 -2 1 -1 2 0 -2 1 -1 2 0 721 1 -1 2 0 -2 1 -1 2 0 -2 1 -1 2 0 -2 1 -1 2 0 -2 1 -1 2 0 -2 1 -1 2 0 -2 1 -1 2 0 -2 1 -1 2 0 -2 1 -1 2 0 -2 1 -1 2 0 -2 1 -1 2 0 -2 1 -1 2 0 -2 1 -1 2 0 -2 1 -1 2 0 -2 1 -1 2 0 -2 1 -1 2 0 -2 1 -1 2 0 -2 1 -1 2 0 -2 1 -1 2 0 -2 1 -1 2 0 -2 1 -1 2 0 -2 1 -1 2 0 -2 1 -1 2 0 -2 1 -1 2 0 -2 1 -1 2 0 -2 1 -1 2 0 -2 1 -1 2 0 -2 1 -1 2 0 -2 1 -1 2 0 -2 1 -1 2 0 -2 1 -1 2 0 -2 1 -1 2 0 -2 1 -1 2 0 -2 1 -1 2 0 -2 1 -1 2 0 -2 1 -1 2 0 -2 1 -1 2 0 -2 1 -1 2 0 -2 1 -1 2 0 -2 1 -1 2 0 -2 1 -1 2 0
0 -1 -2 2 1 0 -1 -2 2 1 0 -1 -2 2 1 0 -1 -2 2 1 0 -1 -2 2 1 0 -1 -2 2 1 0 -1 -2 2 1 0 -1 -2 2 1 0 -1 -2 2 1 0 -1 -2 2 1 0 -1 -2 2 1 0 -1 -2 2 1 0 -1 -2 2 1 0 -1 -2 2 1 0 -1 -2 2 1 0 -1 -2 2 1 0 -1 -2 2 1 0 -1 -2 2 1 0 -1 -2 2 1 0 -1 -2 2 1 0 -1 -2 2 1 0 -1 -2 2 1 0 -1 -2 2 1 0 -1 -2 2 1 0 -1 -2 2 1 0 -1 -2 2 1 0 -1 -2 2 1 0 -1 -2 2 1 0 -1 -2 2 1 0 -1 -2 2 1 0 -1 -2 2 1 0 -1 -2 2 1 0 -1 -2 2 1 0 -1 -2 2 1 0 -1 -2 2 1 0 -1 -2 2 1 0 -1 -2 2 1 0 -1 -2 2 1 0 -1 -2 2 1 0 -1 -2 2 1 0 -1 -2 2 1 0 -1 -2 2 1 0 -1 -2 2 1 0 -1 -2 2 1 0 -1 -2 2 1 0 -1 -2 2 1 0 -1 -2 2 1 0 -1 -2 2 1 0 -1 -2 2 1 0 -1 -2 2 1 0 -1 -2 2 1 0 -1 -2 2 1 0 -1 -2 2 1 0 -1 -2 2 1 0 -1 -2 2 1 0 -1 -2 2 1 0 -1 -2 2 1 0 -1 -2 2 1 0 -1 -2 2 1 0 -1 -2 2 1 0 -1 -2 2 1 0 -1 -2 2 1 0 -1 -2 2 1 0 -1 -2 2 1 0 -1 -2 2 1 0 -1 -2 2 1 0 -1 -2 2 1 0 -1 -2 2 1 0 -1 -2 2 1 0 -1 -2 2 1 0 -1 -2 2 1 0 -1 -2 2 1 0 -1 -2 2 1 0 -1 -2 2 1 0 -1 -2 2 1 0 -1 -2 2 1 0 -1 -2 2 1 0 -1 -2 2 1 0 -1 -2 2 1 0 722 -2 2 1 0 -1 -2 2 1 0 -1 -2 2 1 0 -1 -2 2 1 0 -1 -2 2 1 0 -1 -2 2 1 0 -1 -2 2 1 0 -1 -2 2 1 0 -1 -2 2 1 0 -1 -2 2 1 0 -1 -2 2 1 0 -1 -2 2 1 0 -1 -2 2 1 0 -1 -2 2 1 0 -1 -2 2 1 0 -1 -2 2 1 0 -1 -2 2 1 0 -1 -2 2 1 0 -1 -2 2 1 0 -1 -2 2 1 0 -1 -2 2 1 0 -1 -2 2 1 0 -1 -2 2 1 0 -1 -2 2 1 0 -1 -2 2 1 0 -1 -2 2 1 0 -1 -2 2 1 0 -1 -2 2 1 0 -1 -2 2 1 0 -1 -2 2 1 0 -1 -2 2 1 0 -1 -2 2 1 0 -1 -2 2 1 0 -1 -2 2 1 0 -1 -2 2 1 0 -1 -2 2 1 0 -1 -2 2 1 0 -1 -2 2 1 0 -1 -2 2 1 0 -1 -2 2 1 0 -1 -2 2 1
2 2 2 2 2 2 2 2 2 2 2 2 2 2 2 2 2 2 2 2 2 2 2 2 2 2 2 2 2 2 2 2 2 2 2 2 2 2 2 2 2 2 2 2 2 2 2 2 2 2 2 2 2 2 2 2 2 2 2 2 2 2 2 2 2 2 2 2 2 2 2 2 2 2 2 2 2 2 2 2 2 2 2 2 2 2 2 2 2 2 2 2 2 2 2 2 2 2 2 2 2 2 2 2 2 2 2 2 2 2 2 2 2 2 2 2 2 2 2 2 2 2 2 2 2 2 2 2 2 2 2 2 2 2 2 2 2 2 2 2 2 2 2 2 2 2 2 2 2 2 2 2 2 2 2 2 2 2 2 2 2 2 2 2 2 2 2 2 2 2 2 2 2 2 2 2 2 2 2 2 2 2 2 2 2 2 2 2 2 2 2 2 2 2 2 2 2 2 2 2 2 2 2 2 2 2 2 2 2 2 2 2 2 2 2 2 2 2 2 2 2 2 2 2 2 2 2 2 2 2 2 2 2 2 2 2 2 2 2 2 2 2 2 2 2 2 2 2 2 2 2 2 2 2 2 2 2 2 2 2 2 2 2 2 2 2 2 2 2 2 2 2 2 2 2 2 2 2 2 2 2 2 2 2 2 2 2 2 2 2 2 2 2 2 2 2 2 2 2 2 2 2 2 2 2 2 2 2 2 2 2 2 2 2 2 2 2 2 2 2 2 2 2 2 2 2 2 2 2 2 2 2 2 2 2 2 2 2 2 2 2 2 2 2 2 2 2 2 2 2 2 2 2 2 2 2 2 2 2 2 2 2 2 2 2 2 2 2 2 2 2 2 2 2 2 2 2 2 2 2 2 2 2 2 2 2 2 2 2 2 2 2 2 2 2 2 2 1201 2 2 2 2 2 2 2 2 2 2 2 2 2 2 2 2 2 2 2 2 2 2 2 2 2 2 2 2 2 2 2 2 2 2 2 2 2 2 2 2 2 2 2 2 2 2 2 2 2 2 2 2 2 2 2 2 2 2 2 2 2 2 2 2 2 2 2 2 2 2 2 2 2 2 2 2 2 2 2 2 2 2 2 2 2 2 2 2 2 2 2 2 2 2 2 2 2 2 2 2 2 2 2 2 2 2 2 2 2 2 2 2 2 2 2 2 2 2 2 2 2 2 2 2 2 2 2 2 2 2 2 2 2 2 2 2 2 2 2 2 2 2 2 2 2 2 2 2 2 2 2 2 2 2 2 2 2 2 2 2 2 2 2 2 2 2 2 2 2 2 2 2 2 2 2 2 2 2 2 2 2 2 2 2 2 2 2 2 2 2 2 2 2 2 2 2 2 2 2 2 2 2
-1 0 1 2 -2 -1 0 1 2 -2 -1 0 1 2 -2 -1 0 1 2 -2 -1 0 1 2 -2 -1 0 1 2 -2 -1 0 1 2 -2 -1 0 1 2 -2 -1 0 1 2 -2 -1 0 1 2 -2 -1 0 1 2 -2 -1 0 1 2 -2 -1 0 1 2 -2 -1 0 1 2 -2 -1 0 1 2 -2 -1 0 1 2 -2 -1 0 1 2 -2 -1 0 1 2 -2 -1 0 1 2 -2 -1 0 1 2 -2 -1 0 1 2 -2 -1 0 1 2 -2 -1 0 1 2 -2 -1 0 1 2 -2 -1 0 1 2 -2 -1 0 1 2 -2 -1 0 1 2 -2 -1 0 1 2 -2 -1 0 1 2 -2 -1 0 1 2 -2 -1 0 1 2 -2 -1 0 1 2 -2 -1 0 1 2 -2 -1 0 1 2 -2 -1 0 1 2 -2 -1 0 1 2 -2 -1 0 1 2 -2 -1 0 1 2 -2 -1 0 1 2 -2 -1 0 1 2 -2 -1 0 1 2 -2 -1 0 1 2 -2 -1 0 1 2 -2 -1 0 1 2 -2 -1 0 1 2 -2 -1 0 1 2 -2 -1 0 1 2 -2 -1 0 1 2 -2 -1 0 1 2 -2 -1 0 1 2 -2 -1 0 1 2 -2 -1 0 1 2 -2 -1 0 1 2 -2 -1 0 1 2 -2 -1 0 1 2 -2 -1 0 1 2 -2 -1 0 1 2 -2 -1 0 1 2 -2 -1 0 1 2 -2 -1 0 1 2 -2 -1 0 1 2 -2 -1 0 1 2 -2 -1 0 1 2 -2 -1 0 1 2 -2 -1 0 1 2 -2 -1 0 1 2 -2 -1 0 1 2 -2 -1 0 1 2 -2 -1 0 1 2 -2 -1 0 1 2 -2 -1 0 1 2 -2 -1 0 1 2 -2 -1 0 1 2 -2 -1 0 1 2 -2 -1 0 1 2 -2 -1 0 1 2 -2 -1 0 1 2 -2 -1 0 1 2 -2 -1 0 1 2 -2 -1 0 1 721 -2 -1 0 1 2 -2 -1 0 1 2 -2 -1 0 1 2 -2 -1 0 1 2 -2 -1 0 1 2 -2 -1 0 1 2 -2 -1 0 1 2 -2 -1 0 1 2 -2 -1 0 1 2 -2 -1 0 1 2 -2 -1 0 1 2 -2 -1 0 1 2 -2 -1 0 1 2 -2 -1 0 1 2 -2 -1 0 1 2 -2 -1 0 1 2 -2 -1 0 1 2 -2 -1 0 1 2 -2 -1 0 1 2 -2 -1 0 1 2 -2 -1 0 1 2 -2 -1 0 1 2 -2 -1 0 1 2 -2 -1 0 1 2 -2 -1 0 1 2 -2 -1 0 1 2 -2 -1 0 1 2 -2 -1 0 1 2 -2 -1 0 1 2 -2 -1 0 1 2 -2 -1 0 1 2 -2 -1 0 1 2 -2 -1 0 1 2 -2 -1 0 1 2 -2 -1 0 1 2 -2 -1 0 1 2 -2 -1 0 1 2 -2 -1 0 1 2 -2 -1 0 1 2 -2 -1 0 1 2 -2
1 -2 0 2 -1 1 -2 0 2 -1 1 -2 0 2 -1 1 -2 0 2 -1 1 -2 0 2 -1 1 -2 0 2 -1 1 -2 0 2 -1 1 -2 0 2 -1 1 -2 0 2 -1 1 -2 0 2 -1 1 -2 0 2 -1 1 -2 0 2 -1 1 -2 0 2 -1 1 -2 0 2 -1 1 -2 0 2 -1 1 -2 0 2 -1 1 -2 0 2 -1 1 -2 0 2 -1 1 -2 0 2 -1 1 -2 0 2 -1 1 -2 0 2 -1 1 -2 0 2 -1 1 -2 0 2 -1 1 -2 0 2 -1 1 -2 0 2 -1 1 -2 0 2 -1 1 -2 0 2 -1 1 -2 0 2 -1 1 -2 0 2 -1 1 -2 0 2 -1 1 -2 0 2 -1 1 -2 0 2 -1 1 -2 0 2 -1 1 -2 0 2 -1 1 -2 0 2 -1 1 -2 0 2 -1 1 -2 0 2 -1 1 -2 0 2 -1 1 -2 0 2 -1 1 -2 0 2 -1 1 -2 0 2 -1 1 -2 0 2 -1 1 -2 0 2 -1 1 -2 0 2 -1 1 -2 0 2 -1 1 -2 0 2 -1 1 -2 0 2 -1 1 -2 0 2 -1 1 -2 0 2 -1 1 -2 0 2 -1 1 -2 0 2 -1 1 -2 0 2 -1 1 -2 0 2 -1 1 -2 0 2 -1 1 -2 0 2 -1 1 -2 0 2 -1 1 -2 0 2 -1 1 -2 0 2 -1 1 -2 0 2 -1 1 -2 0 2 -1 1 -2 0 2 -1 1 -2 0 2 -1 1 -2 0 2 -1 1 -2 0 2 -1 1 -2 0 2 -1 1 -2 0 2 -1 1 -2 0 2 -1 1 -2 0 2 -1 1 -2 0 2 -1 1 -2 0 2 -1 1 -2 0 2 -1 1 -2 0 2 -1 1 -2 0 2 -1 1 -2 0 2 -1 1 -2 0 2 -1 1 -2 0 2 -1 1 -2 0 2 -1 1 -2 0 2 -1 1 -2 0 2 -1 1 -2 0 2 722 1 -2 0 2 -1 1 -2 0 2 -1 1 -2 0 2 -1 1 -2 0 2 -1 1 -2 0 2 -1 1 -2 0 2 -1 1 -2 0 2 -1 1 -2 0 2 -1 1 -2 0 2 -1 1 -2 0 2 -1 1 -2 0 2 -1 1 -2 0 2 -1 1 -2 0 2 -1 1 -2 0 2 -1 1 -2 0 2 -1 1 -2 0 2 -1 1 -2 0 2 -1 1 -2 0 2 -1 1 -2 0 2 -1 1 -2 0 2 -1 1 -2 0 2 -1 1 -2 0 2 -1 1 -2 0 2 -1 1 -2 0 2 -1 1 -2 0 2 -1 1 -2 0 2 -1 1 -2 0 2 -1 1 -2 0 2 -1 1 -2 0 2 -1 1 -2 0 2 -1 1 -2 0 2 -1 1 -2 0 2 -1 1 -2 0 2 -1 1 -2 0 2 -1 1 -2 0 2 -1 1 -2 0 2 -1 1 -2 0 2 -1 1 -2 0 2 -1 1 -2 0 2 -1 1 -2 0 2 -1
-2 1 -1 2 0 -2 1 -1 2 0 -2 1 -1 2 0 -2 1 -1 2 0 -2 1 -1 2 0 -2 1 -1 2 0 -2 1 -1 2 0 -2 1 -1 2 0 -2 1 -1 2 0 -2 1 -1 2 0 -2 1 -1 2 0 -2 1 -1 2 0 -2 1 -1 2 0 -2 1 -1 2 0 -2 1 -1 2 0 -2 1 -1 2 0 -2 1 -1 2 0 -2 1 -1 2 0 -2 1 -1 2 0 -2 1 -1 2 0 -2 1 -1 2 0 -2 1 -1 2 0 -2 1 -1 2 0 -2 1 -1 2 0 -2 1 -1 2 0 -2 1 -1 2 0 -2 1 -1 2 0 -2 1 -1 2 0 -2 1 -1 2 0 -2 1 -1 2 0 -2 1 -1 2 0 -2 1 -1 2 0 -2 1 -1 2 0 -2 1 -1 2 0 -2 1 -1 2 0 -2 1 -1 2 0 -2 1 -1 2 0 -2 1 -1 2 0 -2 1 -1 2 0 -2 1 -1 2 0 -2 1 -1 2 0 -2 1 -1 2 0 -2 1 -1 2 0 -2 1 -1 2 0 -2 1 -1 2 0 -2 1 -1 2 0 -2 1 -1 2 0 -2 1 -1 2 0 -2 1 -1 2 0 -2 1 -1 2 0 -2 1 -1 2 0 -2 1 -1 2 0 -2 1 -1 2 0 -2 1 -1 2 0 -2 1 -1 2 0 -2 1 -1 2 0 -2 1 -1 2 0 -2 1 -1 2 0 -2 1 -1 2 0 -2 1 -1 2 0 -2 1 -1 2 0 -2 1 -1 2 0 -2 1 -1 2 0 -2 1 -1 2 0 -2 1 -1 2 0 -2 1 -1 2 0 -2 1 -1 2 0 -2 1 -1 2 0 -2 1 -1 2 0 -2 1 -1 2 0 -2 1 -1 2 0 -2 1 -1 2 0 -2 1 -1 2 0 -2 1 -1 2 0 -2 1 -1 2 0 -2 1 -1 2 0 -2 1 -1 2 0 -2 1 -1 2 0 -2 1 -1 2 0 -2 1 -1 2 0 721 1 -1 2 0 -2 1 -1 2 0 -2 1 -1 2 0 -2 1 -1 2 0 -2 1 -1 2 0 -2 1 -1 2 0 -2 1 -1 2 0 -2 1 -1 2 0 -2 1 -1 2 0 -2 1 -1 2 0 -2 1 -1 2 0 -2 1 -1 2 0 -2 1 -1 2 0 -2 1 -1 2 0 -2 1 -1 2 0 -2 1 -1 2 0 -2 1 -1 2 0 -2 1 -1 2 0 -2 1 -1 2 0 -2 1 -1 2 0 -2 1 -1 2 0 -2 1 -1 2 0 -2 1 -1 2 0 -2 1 -1 2 0 -2 1 -1 2 0 -2 1 -1 2 0 -2 1 -1 2 0 -2 1 -1 2 0 -2 1 -1 2 0 -2 1 -1 2 0 -2 1 -1 2 0 -2 1 -1 2 0 -2 1 -1 2 0 -2 1 -1 2 0 -2 1 -1 2 0 -2 1 -1 2 0 -2 1 -1 2 0 -2 1 -1 2 0 -2 1 -1 2 0 -2 1 -1 2 0
0 -1 -2 2 1 0 -1 -2 2 1 0 -1 -2 2 1 0 -1 -2 2 1 0 -1 -2 2 1 0 -1 -2 2 1 0 -1 -2 2 1 0 -1 -2 2 1 0 -1 -2 2 1 0 -1 -2 2 1 0 -1 -2 2 1 0 -1 -2 2 1 0 -1 -2 2 1 0 -1 -2 2 1 0 -1 -2 2 1 0 -1 -2 2 1 0 -1 -2 2 1 0 -1 -2 2 1 0 -1 -2 2 1 0 -1 -2 2 1 0 -1 -2 2 1 0 -1 -2 2 1 0 -1 -2 2 1 0 -1 -2 2 1 0 -1 -2 2 1 0 -1 -2 2 1 0 -1 -2 2 1 0 -1 -2 2 1 0 -1 -2 2 1 0 -1 -2 2 1 0 -1 -2 2 1 0 -1 -2 2 1 0 -1 -2 2 1 0 -1 -2 2 1 0 -1 -2 2 1 0 -1 -2 2 1 0 -1 -2 2 1 0 -1 -2 2 1 0 -1 -2 2 1 0 -1 -2 2 1 0 -1 -2 2 1 0 -1 -2 2 1 0 -1 -2 2 1 0 -1 -2 2 1 0 -1 -2 2 1 0 -1 -2 2 1 0 -1 -2 2 1 0 -1 -2 2 1 0 -1 -2 2 1 0 -1 -2 2 1 0 -1 -2 2 1 0 -1 -2 2 1 0 -1 -2 2 1 0 -1 -2 2 1 0 -1 -2 2 1 0 -1 -2 2 1 0 -1 -2 2 1 0 -1 -2 2 1 0 -1 -2 2 1 0 -1 -2 2 1 0 -1 -2 2 1 0 -1 -2 2 1 0 -1 -2 2 1 0 -1 -2 2 1 0 -1 -2 2 1 0 -1 -2 2 1 0 -1 -2 2 1 0 -1 -2 2 1 0 -1 -2 2 1 0 -1 -2 2 1 0 -1 -2 2 1 0 -1 -2 2 1 0 -1 -2 2 1 0 -1 -2 2 1 0 -1 -2 2 1 0 -1 -2 2 1 0 -1 -2 2 1 0 -1 -2 2 1 0 -1 -2 2 1 0 -1 -2 2 1 0 722 -2 2 1 0 -1 -2 2 1 0 -1 -2 2 1 0 -1 -2 2 1 0 -1 -2 2 1 0 -1 -2 2 1 0 -1 -2 2 1 0 -1 -2 2 1 0 -1 -2 2 1 0 -1 -2 2 1 0 -1 -2 2 1 0 -1 -2 2 1 0 -1 -2 2 1 0 -1 -2 2 1 0 -1 -2 2 1 0 -1 -2 2 1 0 -1 -2 2 1 0 -1 -2 2 1 0 -1 -2 2 1 0 -1 -2 2 1 0 -1 -2 2 1 0 -1 -2 2 1 0 -1 -2 2 1 0 -1 -2 2 1 0 -1 -2 2 1 0 -1 -2 2 1 0 -1 -2 2 1 0 -1 -2 2 1 0 -1 -2 2 1 0 -1 -2 2 1 0 -1 -2 2 1 0 -1 -2 2 1 0 -1 -2 2 1 0 -1 -2 2 1 0 -1 -2 2 1 0 -1 -2 2 1 0 -1 -2 2 1 0 -1 -2 2 1 0 -1 -2 2 1 0 -1 -2 2 1
2 2 2 2 2 2 2 2 2 2 2 2 2 2 2 2 2 2 2 2 2 2 2 2 2 2 2 2 2 2 2 2 2 2 2 2 2 2 2 2 2 2 2 2 2 2 2 2 2 2 2 2 2 2 2 2 2 2 2 2 2 2 2 2 2 2 2 2 2 2 2 2 2 2 2 2 2 2 2 2 2 2 2 2 2 2 2 2 2 2 2 2 2 2 2 2 2 2 2 2 2 2 2 2 2 2 2 2 2 2 2 2 2 2 2 2 2 2 2 2 2 2 2 2 2 2 2 2 2 2 2 2 2 2 2 2 2 2 2 2 2 2 2 2 2 2 2 2 2 2 2 2 2 2 2 2 2 2 2 2 2 2 2 2 2 2 2 2 2 2 2 2 2 2 2 2 2 2 2 2 2 2 2 2 2 2 2 2 2 2 2 2 2 2 2 2 2 2 2 2 2 2 2 2 2 2 2 2 2 2 2 2 2 2 2 2 2 2 2 2 2 2 2 2 2 2 2 2 2 2 2 2 2 2 2 2 2 2 2 2 2 2 2 2 2 2 2 2 2 2 2 2 2 2 2 2 2 2 2 2 2 2 2 2 2 2 2 2 2 2 2 2 2 2 2 2 2 2 2 2 2 2 2 2 2 2 2 2 2 2 2 2 2 2 2 2 2 2 2 2 2 2 2 2 2 2 2 2 2 2 2 2 2 2 2 2 2 2 2 2 2 2 2 2 2 2 2 2 2 2 2 2 2 2 2 2 2 2 2 2 2 2 2 2 2 2 2 2 2 2 2 2 2 2 2 2 2 2 2 2 2 2 2 2 2 2 2 2 2 2 2 2 2 2 2 2 2 2 2 2 2 2 2 2 2 2 2 2 2 2 2 2 2 2 2 2 2 2 2 2 2 2 1201 2 2 2 2 2 2 2 2 2 2 2 2 2 2 2 2 2 2 2 2 2 2 2 2 2 2 2 2 2 2 2 2 2 2 2 2 2 2 2 2 2 2 2 2 2 2 2 2 2 2 2 2 2 2 2 2 2 2 2 2 2 2 2 2 2 2 2 2 2 2 2 2 2 2 2 2 2 2 2 2 2 2 2 2 2 2 2 2 2 2 2 2 2 2 2 2 2 2 2 2 2 2 2 2 2 2 2 2 2 2 2 2 2 2 2 2 2 2 2 2 2 2 2 2 2 2 2 2 2 2 2 2 2 2 2 2 2 2 2 2 2 2 2 2 2 2 2 2 2 2 2 2 2 2 2 2 2 2 2 2 2 2 2 2 2 2 2 2 2 2 2 2 2 2 2 2 2 2 2 2 2 2 2 2 2 2 2 2 2 2 2 2 2 2 2 2 2
-1 0 1 2 -2 -1 0 1 2 -2 -1 0 1 2 -2 -1 0 1 2 -2 -1 0 1 2 -2 -1 0 1 2 -2 -1 0 1 2 -2 -1 0 1 2 -2 -1 0 1 2 -2 -1 0 1 2 -2 -1 0 1 2 -2 -1 0 1 2 -2 -1 0 1 2 -2 -1 0 1 2 -2 -1 0 1 2 -2 -1 0 1 2 -2 -1 0 1 2 -2 -1 0 1 2 -2 -1 0 1 2 -2 -1 0 1 2 -2 -1 0 1 2 -2 -1 0 1 2 -2 -1 0 1 2 -2 -1 0 1 2 -2 -1 0 1 2 -2 -1 0 1 2 -2 -1 0 1 2 -2 -1 0 1 2 -2 -1 0 1 2 -2 -1 0 1 2 -2 -1 0 1 2 -2 -1 0 1 2 -2 -1 0 1 2 -2 -1 0 1 2 -2 -1 0 1 2 -2 -1 0 1 2 -2 -1 0 1 2 -2 -1 0 1 2 -2 -1 0 1 2 -2 -1 0 1 2 -2 -1 0 1 2 -2 -1 0 1 2 -2 -1 0 1 2 -2 -1 0 1 2 -2 -1 0 1 2 -2 -1 0 1 2 -2 -1 0 1 2 -2 -1 0 1 2 -2 -1 0 1 2 -2 -1 0 1 2 -2 -1 0 1 2 -2 -1 0 1 2 -2 -1 0 1 2 -2 -1 0 1 2 -2 -1 0 1 2 -2 -1 0 1 2 -2 -1 0 1 2 -2 -1 0 1 2 -2 -1 0 1 2 -2 -1 0 1 2 -2 -1 0 1 2 -2 -1 0 1 2 -2 -1 0 1 2 -2 -1 0 1 2 -2 -1 0 1 2 -2 -1 0 1 2 -2 -1 0 1 2 -2 -1 0 1 2 -2 -1 0 1 2 -2 -1 0 1 2 -2 -1 0 1 2 -2 -1 0 1 2 -2 -1 0 1 2 -2 -1 0 1 2 -2 -1 0 1 2 -2 -1 0 1 2 -2 -1 0 1 2 -2 -1 0 1 2 -2 -1 0 1 2 -2 -1 0 1 2 -2 -1 0 1 721 -2 -1 0 1 2 -2 -1 0 1 2 -2 -1 0 1 2 -2 -1 0 1 2 -2 -1 0 1 2 -2 -1 0 1 2 -2 -1 0 1 2 -2 -1 0 1 2 -2 -1 0 1 2 -2 -1 0 1 2 -2 -1 0 1 2 -2 -1 0 1 2 -2 -1 0 1 2 -2 -1 0 1 2 -2 -1 0 1 2 -2 -1 0 1 2 -2 -1 0 1 2 -2 -1 0 1 2 -2 -1 0 1 2 -2 -1 0 1 2 -2 -1 0 1 2 -2 -1 0 1 2 -2 -1 0 1 2 -2 -1 0 1 2 -2 -1 0 1 2 -2 -1 0 1 2 -2 -1 0 1 2 -2 -1 0 1 2 -2 -1 0 1 2 -2 -1 0 1 2 -2 -1 0 1 2 -2 -1 0 1 2 -2 -1 0 1 2 -2 -1 0 1 2 -2 -1 0 1 2 -2 -1 0 1 2 -2 -1 0 1 2 -2 -1 0 1 2 -2 -1 0 1 2 -2
1 -2 0 2 -1 1 -2 0 2 -1 1 -2 0 2 -1 1 -2 0 2 -1 1 -2 0 2 -1 1 -2 0 2 -1 1 -2 0 2 -1 1 -2 0 2 -1 1 -2 0 2 -1 1 -2 0 2 -1 1 -2 0 2 -1 1 -2 0 2 -1 1 -2 0 2 -1 1 -2 0 2 -1 1 -2 0 2 -1 1 -2 0 2 -1 1 -2 0 2 -1 1 -2 0 2 -1 1 -2 0 2 -1 1 -2 0 2 -1 1 -2 0 2 -1 1 -2 0 2 -1 1 -2 0 2 -1 1 -2 0 2 -1 1 -2 0 2 -1 1 -2 0 2 -1 1 -2 0 2 -1 1 -2 0 2 -1 1 -2 0 2 -1 1 -2 0 2 -1 1 -2 0 2 -1 1 -2 0 2 -1 1 -2 0 2 -1 1 -2 0 2 -1 1 -2 0 2 -1 1 -2 0 2 -1 1 -2 0 2 -1 1 -2 0 2 -1 1 -2 0 2 -1 1 -2 0 2 -1 1 -2 0 2 -1 1 -2 0 2 -1 1 -2 0 2 -1 1 -2 0 2 -1 1 -2 0 2 -1 1 -2 0 2 -1 1 -2 0 2 -1 1 -2 0 2 -1 1 -2 0 2 -1 1 -2 0 2 -1 1 -2 0 2 -1 1 -2 0 2 -1 1 -2 0 2 -1 1 -2 0 2 -1 1 -2 0 2 -1 1 -2 0 2 -1 1 -2 0 2 -1 1 -2 0 2 -1 1 -2 0 2 -1 1 -2 0 2 -1 1 -2 0 2 -1 1 -2 0 2 -1 1 -2 0 2 -1 1 -2 0 2 -1 1 -2 0 2 -1 1 -2 0 2 -1 1 -2 0 2 -1 1 -2 0 2 -1 1 -2 0 2 -1 1 -2 0 2 -1 1 -2 0 2 -1 1 -2 0 2 -1 1 -2 0 2 -1 1 -2 0 2 -1 1 -2 0 2 -1 1 -2 0 2 -1 1 -2 0 2 -1 1 -2 0 2 -1 1 -2 0 2 -1 1 -2 0 2 -1 1 -2 0 2 722 1 -2 0 2 -1 1 -2 0 2 -1 1 -2 0 2 -1 1 -2 0 2 -1 1 -2 0 2 -1 1 -2 0 2 -1 1 -2 0 2 -1 1 -2 0 2 -1 1 -2 0 2 -1 1 -2 0 2 -1 1 -2 0 2 -1 1 -2 0 2 -1 1 -2 0 2 -1 1 -2 0 2 -1 1 -2 0 2 -1 1 -2 0 2 -1 1 -2 0 2 -1 1 -2 0 2 -1 1 -2 0 2 -1 1 -2 0 2 -1 1 -2 0 2 -1 1 -2 0 2 -1 1 -2 0 2 -1 1 -2 0 2 -1 1 -2 0 2 -1 1 -2 0 2 -1 1 -2 0 2 -1 1 -2 0 2 -1 1 -2 0 2 -1 1 -2 0 2 -1 1 -2 0 2 -1 1 -2 0 2 -1 1 -2 0 2 -1 1 -2 0 2 -1 1 -2 0 2 -1 1 -2 0 2 -1 1 -2 0 2 -1 1 -2 0 2 -1 1 -2 0 2 -1
-2 1 -1 2 0 -2 1 -1 2 0 -2 1 -1 2 0 -2 1 -1 2 0 -2 1 -1 2 0 -2 1 -1 2 0 -2 1 -1 2 0 -2 1 -1 2 0 -2 1 -1 2 0 -2 1 -1 2 0 -2 1 -1 2 0 -2 1 -1 2 0 -2 1 -1 2 0 -2 1 -1 2 0 -2 1 -1 2 0 -2 1 -1 2 0 -2 1 -1 2 0 -2 1 -1 2 0 -2 1 -1 2 0 -2 1 -1 2 0 -2 1 -1 2 0 -2 1 -1 2 0 -2 1 -1 2 0 -2 1 -1 2 0 -2 1 -1 2 0 -2 1 -1 2 0 -2 1 -1 2 0 -2 1 -1 2 0 -2 1 -1 2 0 -2 1 -1 2 0 -2 1 -1 2 0 -2 1 -1 2 0 -2 1 -1 2 0 -2 1 -1 2 0 -2 1 -1 2 0 -2 1 -1 2 0 -2 1 -1 2 0 -2 1 -1 2 0 -2 1 -1 2 0 -2 1 -1 2 0 -2 1 -1 2 0 -2 1 -1 2 0 -2 1 -1 2 0 -2 1 -1 2 0 -2 1 -1 2 0 -2 1 -1 2 0 -2 1 -1 2 0 -2 1 -1 2 0 -2 1 -1 2 0 -2 1 -1 2 0 -2 1 -1 2 0 -2 1 -1 2 0 -2 1 -1 2 0 -2 1 -1 2 0 -2 1 -1 2 0 -2 1 -1 2 0 -2 1 -1 2 0 -2 1 -1 2 0 -2 1 -1 2 0 -2 1 -1 2 0 -2 1 -1 2 0 -2 1 -1 2 0 -2 1 -1 2 0 -2 1 -1 2 0 -2 1 -1 2 0 -2 1 -1 2 0 -2 1 -1 2 0 -2 1 -1 2 0 -2 1 -1 2 0 -2 1 -1 2 0 -2 1 -1 2 0 -2 1 -1 2 0 -2 1 -1 2 0 -2 1 -1 2 0 -2 1 -1 2 0 -2 1 -1 2 0 -2 1 -1 2 0 -2 1 -1 2 0 -2 1 -1 2 0 -2 1 -1 2 0 -2 1 -1 2 0 721 1 -1 2 0 -2 1 -1 2 0 -2 1 -1 2 0 -2 1 -1 2 0 -2 1 -1 2 0 -2 1 -1 2 0 -2 1 -1 2 0 -2 1 -1 2 0 -2 1 -1 2 0 -2 1 -1 2 0 -2 1 -1 2 0 -2 1 -1 2 0 -2 1 -1 2 0 -2 1 -1 2 0 -2 1 -1 2 0 -2 1 -1 2 0 -2 1 -1 2 0 -2 1 -1 2 0 -2 1 -1 2 0 -2 1 -1 2 0 -2 1 -1 2 0 -2 1 -1 2 0 -2 1 -1 2 0 -2 1 -1 2 0 -2 1 -1 2 0 -2 1 -1 2 0 -2 1 -1 2 0 -2 1 -1 2 0 -2 1 -1 2 0 -2 1 -1 2 0 -2 1 -1 2 0 -2 1 -1 2 0 -2 1 -1 2 0 -2 1 -1 2 0 -2 1 -1 2 0 -2 1 -1 2 0 -2 1 -1 2 0 -2 1 -1 2 0 -2 1 -1 2 0
0 -1 -2 2 1 0 -1 -2 2 1 0 -1 -2 2 1 0 -1 -2 2 1 0 -1 -2 2 1 0 -1 -2 2 1 0 -1 -2 2 1 0 -1 -2 2 1 0 -1 -2 2 1 0 -1 -2 2 1 0 -1 -2 2 1 0 -1 -2 2 1 0 -1 -2 2 1 0 -1 -2 2 1 0 -1 -2 2 1 0 -1 -2 2 1 0 -1 -2 2 1 0 -1 -2 2 1 0 -1 -2 2 1 0 -1 -2 2 1 0 -1 -2 2 1 0 -1 -2 2 1 0 -1 -2 2 1 0 -1 -2 2 1 0 -1 -2 2 1 0 -1 -2 2 1 0 -1 -2 2 1 0 -1 -2 2 1 0 -1 -2 2 1 0 -1 -2 2 1 0 -1 -2 2 1 0 -1 -2 2 1 0 -1 -2 2 1 0 -1 -2 2 1 0 -1 -2 2 1 0 -1 -2 2 1 0 -1 -2 2 1 0 -1 -2 2 1 0 -1 -2 2 1 0 -1 -2 2 1 0 -1 -2 2 1 0 -1 -2 2 1 0 -1 -2 2 1 0 -1 -2 2 1 0 -1 -2 2 1 0 -1 -2 2 1 0 -1 -2 2 1 0 -1 -2 2 1 0 -1 -2 2 1 0 -1 -2 2 1 0 -1 -2 2 1 0 -1 -2 2 1 0 -1 -2 2 1 0 -1 -2 2 1 0 -1 -2 2 1 0 -1 -2 2 1 0 -1 -2 2 1 0 -1 -2 2 1 0 -1 -2 2 1 0 -1 -2 2 1 0 -1 -2 2 1 0 -1 -2 2 1 0 -1 -2 2 1 0 -1 -2 2 1 0 -1 -2 2 1 0 -1 -2 2 1 0 -1 -2 2 1 0 -1 -2 2 1 0 -1 -2 2 1 0 -1 -2 2 1 0 -1 -2 2 1 0 -1 -2 2 1 0 -1 -2 2 1 0 -1 -2 2 1 0 -1 -2 2 1 0 -1 -2 2 1 0 -1 -2 2 1 0 -1 -2 2 1 0 -1 -2 2 1 0 -1 -2 2 1 0 -1 -2 2 1 0 722 -2 2 1 0 -1 -2 2 1 0 -1 -2 2 1 0 -1 -2 2 1 0 -1 -2 2 1 0 -1 -2 2 1 0 -1 -2 2 1 0 -1 -2 2 1 0 -1 -2 2 1 0 -1 -2 2 1 0 -1 -2 2 1 0 -1 -2 2 1 0 -1 -2 2 1 0 -1 -2 2 1 0 -1 -2 2 1 0 -1 -2 2 1 0 -1 -2 2 1 0 -1 -2 2 1 0 -1 -2 2 1 0 -1 -2 2 1 0 -1 -2 2 1 0 -1 -2 2 1 0 -1 -2 2 1 0 -1 -2 2 1 0 -1 -2 2 1 0 -1 -2 2 1 0 -1 -2 2 1 0 -1 -2 2 1 0 -1 -2 2 1 0 -1 -2 2 1 0 -1 -2 2 1 0 -1 -2 2 1 0 -1 -2 2 1 0 -1 -2 2 1 0 -1 -2 2 1 0 -1 -2 2 1 0 -1 -2 2 1 0 -1 -2 2 1 0 -1 -2 2 1
2 2 2 2 2 2 2 2 2 2 2 2 2 2 2 2 2 2 2 2 2 2 2 2 2 2 2 2 2 2 2 2 2 2 2 2 2 2 2 2 2 2 2 2 2 2 2 2 2 2 2 2 2 2 2 2 2 2 2 2 2 2 2 2 2 2 2 2 2 2 2 2 2 2 2 2 2 2 2 2 2 2 2 2 2 2 2 2 2 2 2 2 2 2 2 2 2 2 2 2 2 2 2 2 2 2 2 2 2 2 2 2 2 2 2 2 2 2 2 2 2 2 2 2 2 2 2 2 2 2 2 2 2 2 2 2 2 2 2 2 2 2 2 2 2 2 2 2 2 2 2 2 2 2 2 2 2 2 2 2 2 2 2 2 2 2 2 2 2 2 2 2 2 2 2 2 2 2 2 2 2 2 2 2 2 2 2 2 2 2 2 2 2 2 2 2 2 2 2 2 2 2 2 2 2 2 2 2 2 2 2 2 2 2 2 2 2 2 2 2 2 2 2 2 2 2 2 2 2 2 2 2 2 2 2 2 2 2 2 2 2 2 2 2 2 2 2 2 2 2 2 2 2 2 2 2 2 2 2 2 2 2 2 2 2 2 2 2 2 2 2 2 2 2 2 2 2 2 2 2 2 2 2 2 2 2 2 2 2 2 2 2 2 2 2 2 2 2 2 2 2 2 2 2 2 2 2 2 2 2 2 2 2 2 2 2 2 2 2 2 2 2 2 2 2 2 2 2 2 2 2 2 2 2 2 2 2 2 2 2 2 2 2 2 2 2 2 2 2 2 2 2 2 2 2 2 2 2 2 2 2 2 2 2 2 2 2 2 2 2 2 2 2 2 2 2 2 2 2 2 2 2 2 2 2 2 2 2 2 2 2 2 2 2 2 2 2 2 2 2 2 2 2 2 2 2 2 1201 2 2 2 2 2 2 2 2 2 2 2 2 2 2 2 2 2 2 2 2 2 2 2 2 2 2 2 2 2 2 2 2 2 2 2 2 2 2 2 2 2 2 2 2 2 2 2 2 2 2 2 2 2 2 2 2 2 2 2 2 2 2 2 2 2 2 2 2 2 2 2 2 2 2 2 2 2 2 2 2 2 2 2 2 2 2 2 2 2 2 2 2 2 2 2 2 2 2 2 2 2 2 2 2 2 2 2 2 2 2 2 2 2 2 2 2 2 2 2 2 2 2 2 2 2 2 2 2 2 2 2 2 2 2 2 2 2 2 2 2 2 2 2 2 2 2 2 2 2 2 2 2 2 2 2 2 2 2 2 2 2 2 2 2 2 2 2 2 2 2 2 2 2 2 2 2 2 2 2 2 2 2 2 2 2 2 2 2 2 2 2 2
-1 0 1 2 -2 -1 0 1 2 -2 -1 0 1 2 -2 -1 0 1 2 -2 -1 0 1 2 -2 -1 0 1 2 -2 -1 0 1 2 -2 -1 0 1 2 -2 -1 0 1 2 -2 -1 0 1 2 -2 -1 0 1 2 -2 -1 0 1 2 -2 -1 0 1 2 -2 -1 0 1 2 -2 -1 0 1 2 -2 -1 0 1 2 -2 -1 0 1 2 -2 -1 0 1 2 -2 -1 0 1 2 -2 -1 0 1 2 -2 -1 0 1 2 -2 -1 0 1 2 -2 -1 0 1 2 -2 -1 0 1 2 -2 -1 0 1 2 -2 -1 0 1 2 -2 -1 0 1 2 -2 -1 0 1 2 -2 -1 0 1 2 -2 -1 0 1 2 -2 -1 0 1 2 -2 -1 0 1 2 -2 -1 0 1 2 -2 -1 0 1 2 -2 -1 0 1 2 -2 -1 0 1 2 -2 -1 0 1 2 -2 -1 0 1 2 -2 -1 0 1 2 -2 -1 0 1 2 -2 -1 0 1 2 -2 -1 0 1 2 -2 -1 0 1 2 -2 -1 0 1 2 -2 -1 0 1 2 -2 -1 0 1 2 -2 -1 0 1 2 -2 -1 0 1 2 -2 -1 0 1 2 -2 -1 0 1 2 -2 -1 0 1 2 -2 -1 0 1 2 -2 -1 0 1 2 -2 -1 0 1 2 -2 -1 0 1 2 -2 -1 0 1 2 -2 -1 0 1 2 -2 -1 0 1 2 -2 -1 0 1 2 -2 -1 0 1 2 -2 -1 0 1 2 -2 -1 0 1 2 -2 -1 0 1 2 -2 -1 0 1 2 -2 -1 0 1 2 -2 -1 0 1 2 -2 -1 0 1 2 -2 -1 0 1 2 -2 -1 0 1 2 -2 -1 0 1 2 -2 -1 0 1 2 -2 -1 0 1 2 -2 -1 0 1 2 -2 -1 0 1 2 -2 -1 0 1 2 -2 -1 0 1 2 -2 -1 0 1 2 -2 -1 0 1 2 -2 -1 0 1 2 -2 -1 0 1 2 -2 -1 0 1 2 -2 -1 0 1 721 -2 -1 0 1 2 -2 -1 0 1 2 -2 -1 0 1 2 -2 -1 0 1 2 -2 -1 0 1 2 -2 -1 0 1 2 -2 -1 0 1 2 -2 -1 0 1 2 -2 -1 0 1 2 -2 -1 0 1 2 -2 -1 0 1 2 -2 -1 0 1 2 -2 -1 0 1 2 -2 -1 0 1 2 -2 -1 0 1 2 -2 -1 0 1 2 -2 -1 0 1 2 -2 -1 0 1 2 -2 -1 0 1 2 -2 -1 0 1 2 -2 -1 0 1 2 -2 -1 0 1 2 -2 -1 0 1 2 -2 -1 0 1 2 -2 -1 0 1 2 -2 -1 0 1 2 -2 -1 0 1 2 -2 -1 0 1 2 -2 -1 0 1 2 -2 -1 0 1 2 -2 -1 0 1 2 -2 -1 0 1 2 -2 -1 0 1 2 -2 -1 0 1 2 -2 -1 0 1 2 -2 -1 0 1 2 -2 -1 0 1 2 -2 -1 0 1 2 -2
1 -2 0 2 -1 1 -2 0 2 -1 1 -2 0 2 -1 1 -2 0 2 -1 1 -2 0 2 -1 1 -2 0 2 -1 1 -2 0 2 -1 1 -2 0 2 -1 1 -2 0 2 -1 1 -2 0 2 -1 1 -2 0 2 -1 1 -2 0 2 -1 1 -2 0 2 -1 1 -2 0 2 -1 1 -2 0 2 -1 1 -2 0 2 -1 1 -2 0 2 -1 1 -2 0 2 -1 1 -2 0 2 -1 1 -2 0 2 -1 1 -2 0 2 -1 1 -2 0 2 -1 1 -2 0 2 -1 1 -2 0 2 -1 1 -2 0 2 -1 1 -2 0 2 -1 1 -2 0 2 -1 1 -2 0 2 -1 1 -2 0 2 -1 1 -2 0 2 -1 1 -2 0 2 -1 1 -2 0 2 -1 1 -2 0 2 -1 1 -2 0 2 -1 1 -2 0 2 -1 1 -2 0 2 -1 1 -2 0 2 -1 1 -2 0 2 -1 1 -2 0 2 -1 1 -2 0 2 -1 1 -2 0 2 -1 1 -2 0 2 -1 1 -2 0 2 -1 1 -2 0 2 -1 1 -2 0 2 -1 1 -2 0 2 -1 1 -2 0 2 -1 1 -2 0 2 -1 1 -2 0 2 -1 1 -2 0 2 -1 1 -2 0 2 -1 1 -2 0 2 -1 1 -2 0 2 -1 1 -2 0 2 -1 1 -2 0 2 -1 1 -2 0 2 -1 1 -2 0 2 -1 1 -2 0 2 -1 1 -2 0 2 -1 1 -2 0 2 -1 1 -2 0 2 -1 1 -2 0 2 -1 1 -2 0 2 -1 1 -2 0 2 -1 1 -2 0 2 -1 1 -2 0 2 -1 1 -2 0 2 -1 1 -2 0 2 -1 1 -2 0 2 -1 1 -2 0 2 -1 1 -2 0 2 -1 1 -2 0 2 -1 1 -2 0 2 -1 1 -2 0 2 -1 1 -2 0 2 -1 1 -2 0 2 -1 1 -2 0 2 -1 1 -2 0 2 -1 1 -2 0 2 -1 1 -2 0 2 -1 1 -2 0 2 -1 1 -2 0 2 722 1 -2 0 2 -1 1 -2 0 2 -1 1 -2 0 2 -1 1 -2 0 2 -1 1 -2 0 2 -1 1 -2 0 2 -1 1 -2 0 2 -1 1 -2 0 2 -1 1 -2 0 2 -1 1 -2 0 2 -1 1 -2 0 2 -1 1 -2 0 2 -1 1 -2 0 2 -1 1 -2 0 2 -1 1 -2 0 2 -1 1 -2 0 2 -1 1 -2 0 2 -1 1 -2 0 2 -1 1 -2 0 2 -1 1 -2 0 2 -1 1 -2 0 2 -1 1 -2 0 2 -1 1 -2 0 2 -1 1 -2 0 2 -1 1 -2 0 2 -1 1 -2 0 2 -1 1 -2 0 2 -1 1 -2 0 2 -1 1 -2 0 2 -1 1 -2 0 2 -1 1 -2 0 2 -1 1 -2 0 2 -1 1 -2 0 2 -1 1 -2 0 2 -1 1 -2 0 2 -1 1 -2 0 2 -1 1 -2 0 2 -1 1 -2 0 2 -1
-2 1 -1 2 0 -2 1 -1 2 0 -2 1 -1 2 0 -2 1 -1 2 0 -2 1 -1 2 0 -2 1 -1 2 0 -2 1 -1 2 0 -2 1 -1 2 0 -2 1 -1 2 0 -2 1 -1 2 0 -2 1 -1 2 0 -2 1 -1 2 0 -2 1 -1 2 0 -2 1 -1 2 0 -2 1 -1 2 0 -2 1 -1 2 0 -2 1 -1 2 0 -2 1 -1 2 0 -2 1 -1 2 0 -2 1 -1 2 0 -2 1 -1 2 0 -2 1 -1 2 0 -2 1 -1 2 0 -2 1 -1 2 0 -2 1 -1 2 0 -2 1 -1 2 0 -2 1 -1 2 0 -2 1 -1 2 0 -2 1 -1 2 0 -2 1 -1 2 0 -2 1 -1 2 0 -2 1 -1 2 0 -2 1 -1 2 0 -2 1 -1 2 0 -2 1 -1 2 0 -2 1 -1 2 0 -2 1 -1 2 0 -2 1 -1 2 0 -2 1 -1 2 0 -2 1 -1 2 0 -2 1 -1 2 0 -2 1 -1 2 0 -2 1 -1 2 0 -2 1 -1 2 0 -2 1 -1 2 0 -2 1 -1 2 0 -2 1 -1 2 0 -2 1 -1 2 0 -2 1 -1 2 0 -2 1 -1 2 0 -2 1 -1 2 0 -2 1 -1 2 0 -2 1 -1 2 0 -2 1 -1 2 0 -2 1 -1 2 0 -2 1 -1 2 0 -2 1 -1 2 0 -2 1 -1 2 0 -2 1 -1 2 0 -2 1 -1 2 0 -2 1 -1 2 0 -2 1 -1 2 0 -2 1 -1 2 0 -2 1 -1 2 0 -2 1 -1 2 0 -2 1 -1 2 0 -2 1 -1 2 0 -2 1 -1 2 0 -2 1 -1 2 0 -2 1 -1 2 0 -2 1 -1 2 0 -2 1 -1 2 0 -2 1 -1 2 0 -2 1 -1 2 0 -2 1 -1 2 0 -2 1 -1 2 0 -2 1 -1 2 0 -2 1 -1 2 0 -2 1 -1 2 0 -2 1 -1 2 0 -2 1 -1 2 0 -2 1 -1 2 0 721 1 -1 2 0 -2 1 -1 2 0 -2 1 -1 2 0 -2 1 -1 2 0 -2 1 -1 2 0 -2 1 -1 2 0 -2 1 -1 2 0 -2 1 -1 2 0 -2 1 -1 2 0 -2 1 -1 2 0 -2 1 -1 2 0 -2 1 -1 2 0 -2 1 -1 2 0 -2 1 -1 2 0 -2 1 -1 2 0 -2 1 -1 2 0 -2 1 -1 2 0 -2 1 -1 2 0 -2 1 -1 2 0 -2 1 -1 2 0 -2 1 -1 2 0 -2 1 -1 2 0 -2 1 -1 2 0 -2 1 -1 2 0 -2 1 -1 2 0 -2 1 -1 2 0 -2 1 -1 2 0 -2 1 -1 2 0 -2 1 -1 2 0 -2 1 -1 2 0 -2 1 -1 2 0 -2 1 -1 2 0 -2 1 -1 2 0 -2 1 -1 2 0 -2 1 -1 2 0 -2 1 -1 2 0 -2 1 -1 2 0 -2 1 -1 2 0
0 -1 -2 2 1 0 -1 -2 2 1 0 -1 -2 2 1 0 -1 -2 2 1 0 -1 -2 2 1 0 -1 -2 2 1 0 -1 -2 2 1 0 -1 -2 2 1 0 -1 -2 2 1 0 -1 -2 2 1 0 -1 -2 2 1 0 -1 -2 2 1 0 -1 -2 2 1 0 -1 -2 2 1 0 -1 -2 2 1 0 -1 -2 2 1 0 -1 -2 2 1 0 -1 -2 2 1 0 -1 -2 2 1 0 -1 -2 2 1 0 -1 -2 2 1 0 -1 -2 2 1 0 -1 -2 2 1 0 -1 -2 2 1 0 -1 -2 2 1 0 -1 -2 2 1 0 -1 -2 2 1 0 -1 -2 2 1 0 -1 -2 2 1 0 -1 -2 2 1 0 -1 -2 2 1 0 -1 -2 2 1 0 -1 -2 2 1 0 -1 -2 2 1 0 -1 -2 2 1 0 -1 -2 2 1 0 -1 -2 2 1 0 -1 -2 2 1 0 -1 -2 2 1 0 -1 -2 2 1 0 -1 -2 2 1 0 -1 -2 2 1 0 -1 -2 2 1 0 -1 -2 2 1 0 -1 -2 2 1 0 -1 -2 2 1 0 -1 -2 2 1 0 -1 -2 2 1 0 -1 -2 2 1 0 -1 -2 2 1 0 -1 -2 2 1 0 -1 -2 2 1 0 -1 -2 2 1 0 -1 -2 2 1 0 -1 -2 2 1 0 -1 -2 2 1 0 -1 -2 2 1 0 -1 -2 2 1 0 -1 -2 2 1 0 -1 -2 2 1 0 -1 -2 2 1 0 -1 -2 2 1 0 -1 -2 2 1 0 -1 -2 2 1 0 -1 -2 2 1 0 -1 -2 2 1 0 -1 -2 2 1 0 -1 -2 2 1 0 -1 -2 2 1 0 -1 -2 2 1 0 -1 -2 2 1 0 -1 -2 2 1 0 -1 -2 2 1 0 -1 -2 2 1 0 -1 -2 2 1 0 -1 -2 2 1 0 -1 -2 2 1 0 -1 -2 2 1 0 -1 -2 2 1 0 -1 -2 2 1 0 -1 -2 2 1 0 -1 -2 2 1 0 722 -2 2 1 0 -1 -2 2 1 0 -1 -2 2 1 0 -1 -2 2 1 0 -1 -2 2 1 0 -1 -2 2 1 0 -1 -2 2 1 0 -1 -2 2 1 0 -1 -2 2 1 0 -1 -2 2 1 0 -1 -2 2 1 0 -1 -2 2 1 0 -1 -2 2 1 0 -1 -2 2 1 0 -1 -2 2 1 0 -1 -2 2 1 0 -1 -2 2 1 0 -1 -2 2 1 0 -1 -2 2 1 0 -1 -2 2 1 0 -1 -2 2 1 0 -1 -2 2 1 0 -1 -2 2 1 0 -1 -2 2 1 0 -1 -2 2 1 0 -1 -2 2 1 0 -1 -2 2 1 0 -1 -2 2 1 0 -1 -2 2 1 0 -1 -2 2 1 0 -1 -2 2 1 0 -1 -2 2 1 0 -1 -2 2 1 0 -1 -2 2 1 0 -1 -2 2 1 0 -1 -2 2 1 0 -1 -2 2 1 0 -1 -2 2 1
2 2 2 2 2 2 2 2 2 2 2 2 2 2 2 2 2 2 2 2 2 2 2 2 2 2 2 2 2 2 2 2 2 2 2 2 2 2 2 2 2 2 2 2 2 2 2 2 2 2 2 2 2 2 2 2 2 2 2 2 2 2 2 2 2 2 2 2 2 2 2 2 2 2 2 2 2 2 2 2 2 2 2 2 2 2 2 2 2 2 2 2 2 2 2 2 2 2 2 2 2 2 2 2 2 2 2 2 2 2 2 2 2 2 2 2 2 2 2 2 2 2 2 2 2 2 2 2 2 2 2 2 2 2 2 2 2 2 2 2 2 2 2 2 2 2 2 2 2 2 2 2 2 2 2 2 2 2 2 2 2 2 2 2 2 2 2 2 2 2 2 2 2 2 2 2 2 2 2 2 2 2 2 2 2 2 2 2 2 2 2 2 2 2 2 2 2 2 2 2 2 2 2 2 2 2 2 2 2 2 2 2 2 2 2 2 2 2 2 2 2 2 2 2 2 2 2 2 2 2 2 2 2 2 2 2 2 2 2 2 2 2 2 2 2 2 2 2 2 2 2 2 2 2 2 2 2 2 2 2 2 2 2 2 2 2 2 2 2 2 2 2 2 2 2 2 2 2 2 2 2 2 2 2 2 2 2 2 2 2 2 2 2 2 2 2 2 2 2 2 2 2 2 2 2 2 2 2 2 2 2 2 2 2 2 2 2 2 2 2 2 2 2 2 2 2 2 2 2 2 2 2 2 2 2 2 2 2 2 2 2 2 2 2 2 2 2 2 2 2 2 2 2 2 2 2 2 2 2 2 2 2 2 2 2 2 2 2 2 2 2 2 2 2 2 2 2 2 2 2 2 2 2 2 2 2 2 2 2 2 2 2 2 2 2 2 2 2 2 2 2 2 2 2 2 2 2 2 2 2 2 2 1201 2 2 2 2 2 2 2 2 2 2 2 2 2 2 2 2 2 2 2 2 2 2 2 2 2 2 2 2 2 2 2 2 2 2 2 2 2 2 2 2 2 2 2 2 2 2 2 2 2 2 2 2 2 2 2 2 2 2 2 2 2 2 2 2 2 2 2 2 2 2 2 2 2 2 2 2 2 2 2 2 2 2 2 2 2 2 2 2 2 2 2 2 2 2 2 2 2 2 2 2 2 2 2 2 2 2 2 2 2 2 2 2 2 2 2 2 2 2 2 2 2 2 2 2 2 2 2 2 2 2 2 2 2 2 2 2 2 2 2 2 2 2 2 2 2 2 2 2 2 2 2 2 2 2 2 2 2 2 2 2 2 2 2 2 2 2 2 2 2 2 2 2 2 2 2 2 2 2 2 2 2 2 2 2 2 2 2
-1 0 1 2 -2 -1 0 1 2 -2 -1 0 1 2 -2 -1 0 1 2 -2 -1 0 1 2 -2 -1 0 1 2 -2 -1 0 1 2 -2 -1 0 1 2 -2 -1 0 1 2 -2 -1 0 1 2 -2 -1 0 1 2 -2 -1 0 1 2 -2 -1 0 1 2 -2 -1 0 1 2 -2 -1 0 1 2 -2 -1 0 1 2 -2 -1 0 1 2 -2 -1 0 1 2 -2 -1 0 1 2 -2 -1 0 1 2 -2 -1 0 1 2 -2 -1 0 1 2 -2 -1 0 1 2 -2 -1 0 1 2 -2 -1 0 1 2 -2 -1 0 1 2 -2 -1 0 1 2 -2 -1 0 1 2 -2 -1 0 1 2 -2 -1 0 1 2 -2 -1 0 1 2 -2 -1 0 1 2 -2 -1 0 1 2 -2 -1 0 1 2 -2 -1 0 1 2 -2 -1 0 1 2 -2 -1 0 1 2 -2 -1 0 1 2 -2 -1 0 1 2 -2 -1 0 1 2 -2 -1 0 1 2 -2 -1 0 1 2 -2 -1 0 1 2 -2 -1 0 1 2 -2 -1 0 1 2 -2 -1 0 1 2 -2 -1 0 1 2 -2 -1 0 1 2 -2 -1 0 1 2 -2 -1 0 1 2 -2 -1 0 1 2 -2 -1 0 1 2 -2 -1 0 1 2 -2 -1 0 1 2 -2 -1 0 1 2 -2 -1 0 1 2 -2 -1 0 1 2 -2 -1 0 1 2 -2 -1 0 1 2 -2 -1 0 1 2 -2 -1 0 1 2 -2 -1 0 1 2 -2 -1 0 1 2 -2 -1 0 1 2 -2 -1 0 1 2 -2 -1 0 1 2 -2 -1 0 1 2 -2 -1 0 1 2 -2 -1 0 1 2 -2 -1 0 1 2 -2 -1 0 1 2 -2 -1 0 1 2 -2 -1 0 1 2 -2 -1 0 1 2 -2 -1 0 1 2 -2 -1 0 1 2 -2 -1 0 1 2 -2 -1 0 1 2 -2 -1 0 1 2 -2 -1 0 1 2 -2 -1 0 1 2 -2 -1 0 1 2 -2 -1 0 1 721 -2 -1 0 1 2 -2 -1 0 1 2 -2 -1 0 1 2 -2 -1 0 1 2 -2 -1 0 1 2 -2 -1 0 1 2 -2 -1 0 1 2 -2 -1 0 1 2 -2 -1 0 1 2 -2 -1 0 1 2 -2 -1 0 1 2 -2 -1 0 1 2 -2 -1 0 1 2 -2 -1 0 1 2 -2 -1 0 1 2 -2 -1 0 1 2 -2 -1 0 1 2 -2 -1 0 1 2 -2 -1 0 1 2 -2 -1 0 1 2 -2 -1 0 1 2 -2 -1 0 1 2 -2 -1 0 1 2 -2 -1 0 1 2 -2 -1 0 1 2 -2 -1 0 1 2 -2 -1 0 1 2 -2 -1 0 1 2 -2 -1 0 1 2 -2 -1 0 1 2 -2 -1 0 1 2 -2 -1 0 1 2 -2 -1 0 1 2 -2 -1 0 1 2 -2 -1 0 1 2 -2 -1 0 1 2 -2 -1 0 1 2 -2
1 -2 0 2 -1 1 -2 0 2 -1 1 -2 0 2 -1 1 -2 0 2 -1 1 -2 0 2 -1 1 -2 0 2 -1 1 -2 0 2 -1 1 -2 0 2 -1 1 -2 0 2 -1 1 -2 0 2 -1 1 -2 0 2 -1 1 -2 0 2 -1 1 -2 0 2 -1 1 -2 0 2 -1 1 -2 0 2 -1 1 -2 0 2 -1 1 -2 0 2 -1 1 -2 0 2 -1 1 -2 0 2 -1 1 -2 0 2 -1 1 -2 0 2 -1 1 -2 0 2 -1 1 -2 0 2 -1 1 -2 0 2 -1 1 -2 0 2 -1 1 -2 0 2 -1 1 -2 0 2 -1 1 -2 0 2 -1 1 -2 0 2 -1 1 -2 0 2 -1 1 -2 0 2 -1 1 -2 0 2 -1 1 -2 0 2 -1 1 -2 0 2 -1 1 -2 0 2 -1 1 -2 0 2 -1 1 -2 0 2 -1 1 -2 0 2 -1 1 -2 0 2 -1 1 -2 0 2 -1 1 -2 0 2 -1 1 -2 0 2 -1 1 -2 0 2 -1 1 -2 0 2 -1 1 -2 0 2 -1 1 -2 0 2 -1 1 -2 0 2 -1 1 -2 0 2 -1 1 -2 0 2 -1 1 -2 0 2 -1 1 -2 0 2 -1 1 -2 0 2 -1 1 -2 0 2 -1 1 -2 0 2 -1 1 -2 0 2 -1 1 -2 0 2 -1 1 -2 0 2 -1 1 -2 0 2 -1 1 -2 0 2 -1 1 -2 0 2 -1 1 -2 0 2 -1 1 -2 0 2 -1 1 -2 0 2 -1 1 -2 0 2 -1 1 -2 0 2 -1 1 -2 0 2 -1 1 -2 0 2 -1 1 -2 0 2 -1 1 -2 0 2 -1 1 -2 0 2 -1 1 -2 0 2 -1 1 -2 0 2 -1 1 -2 0 2 -1 1 -2 0 2 -1 1 -2 0 2 -1 1 -2 0 2 -1 1 -2 0 2 -1 1 -2 0 2 -1 1 -2 0 2 -1 1 -2 0 2 -1 1 -2 0 2 -1 1 -2 0 2 -1 1 -2 0 2 722 1 -2 0 2 -1 1 -2 0 2 -1 1 -2 0 2 -1 1 -2 0 2 -1 1 -2 0 2 -1 1 -2 0 2 -1 1 -2 0 2 -1 1 -2 0 2 -1 1 -2 0 2 -1 1 -2 0 2 -1 1 -2 0 2 -1 1 -2 0 2 -1 1 -2 0 2 -1 1 -2 0 2 -1 1 -2 0 2 -1 1 -2 0 2 -1 1 -2 0 2 -1 1 -2 0 2 -1 1 -2 0 2 -1 1 -2 0 2 -1 1 -2 0 2 -1 1 -2 0 2 -1 1 -2 0 2 -1 1 -2 0 2 -1 1 -2 0 2 -1 1 -2 0 2 -1 1 -2 0 2 -1 1 -2 0 2 -1 1 -2 0 2 -1 1 -2 0 2 -1 1 -2 0 2 -1 1 -2 0 2 -1 1 -2 0 2 -1 1 -2 0 2 -1 1 -2 0 2 -1 1 -2 0 2 -1 1 -2 0 2 -1
-2 1 -1 2 0 -2 1 -1 2 0 -2 1 -1 2 0 -2 1 -1 2 0 -2 1 -1 2 0 -2 1 -1 2 0 -2 1 -1 2 0 -2 1 -1 2 0 -2 1 -1 2 0 -2 1 -1 2 0 -2 1 -1 2 0 -2 1 -1 2 0 -2 1 -1 2 0 -2 1 -1 2 0 -2 1 -1 2 0 -2 1 -1 2 0 -2 1 -1 2 0 -2 1 -1 2 0 -2 1 -1 2 0 -2 1 -1 2 0 -2 1 -1 2 0 -2 1 -1 2 0 -2 1 -1 2 0 -2 1 -1 2 0 -2 1 -1 2 0 -2 1 -1 2 0 -2 1 -1 2 0 -2 1 -1 2 0 -2 1 -1 2 0 -2 1 -1 2 0 -2 1 -1 2 0 -2 1 -1 2 0 -2 1 -1 2 0 -2 1 -1 2 0 -2 1 -1 2 0 -2 1 -1 2 0 -2 1 -1 2 0 -2 1 -1 2 0 -2 1 -1 2 0 -2 1 -1 2 0 -2 1 -1 2 0 -2 1 -1 2 0 -2 1 -1 2 0 -2 1 -1 2 0 -2 1 -1 2 0 -2 1 -1 2 0 -2 1 -1 2 0 -2 1 -1 2 0 -2 1 -1 2 0 -2 1 -1 2 0 -2 1 -1 2 0 -2 1 -1 2 0 -2 1 -1 2 0 -2 1 -1 2 0 -2 1 -1 2 0 -2 1 -1 2 0 -2 1 -1 2 0 -2 1 -1 2 0 -2 1 -1 2 0 -2 1 -1 2 0 -2 1 -1 2 0 -2 1 -1 2 0 -2 1 -1 2 0 -2 1 -1 2 0 -2 1 -1 2 0 -2 1 -1 2 0 -2 1 -1 2 0 -2 1 -1 2 0 -2 1 -1 2 0 -2 1 -1 2 0 -2 1 -1 2 0 -2 1 -1 2 0 -2 1 -1 2 0 -2 1 -1 2 0 -2 1 -1 2 0 -2 1 -1 2 0 -2 1 -1 2 0 -2 1 -1 2 0 -2 1 -1 2 0 -2 1 -1 2 0 -2 1 -1 2 0 -2 1 -1 2 0 -2 1 -1 2 0 721 1 -1 2 0 -2 1 -1 2 0 -2 1 -1 2 0 -2 1 -1 2 0 -2 1 -1 2 0 -2 1 -1 2 0 -2 1 -1 2 0 -2 1 -1 2 0 -2 1 -1 2 0 -2 1 -1 2 0 -2 1 -1 2 0 -2 1 -1 2 0 -2 1 -1 2 0 -2 1 -1 2 0 -2 1 -1 2 0 -2 1 -1 2 0 -2 1 -1 2 0 -2 1 -1 2 0 -2 1 -1 2 0 -2 1 -1 2 0 -2 1 -1 2 0 -2 1 -1 2 0 -2 1 -1 2 0 -2 1 -1 2 0 -2 1 -1 2 0 -2 1 -1 2 0 -2 1 -1 2 0 -2 1 -1 2 0 -2 1 -1 2 0 -2 1 -1 2 0 -2 1 -1 2 0 -2 1 -1 2 0 -2 1 -1 2 0 -2 1 -1 2 0 -2 1 -1 2 0 -2 1 -1 2 0 -2 1 -1 2 0
0 -1 -2 2 1 0 -1 -2 2 1 0 -1 -2 2 1 0 -1 -2 2 1 0 -1 -2 2 1 0 -1 -2 2 1 0 -1 -2 2 1 0 -1 -2 2 1 0 -1 -2 2 1 0 -1 -2 2 1 0 -1 -2 2 1 0 -1 -2 2 1 0 -1 -2 2 1 0 -1 -2 2 1 0 -1 -2 2 1 0 -1 -2 2 1 0 -1 -2 2 1 0 -1 -2 2 1 0 -1 -2 2 1 0 -1 -2 2 1 0 -1 -2 2 1 0 -1 -2 2 1 0 -1 -2 2 1 0 -1 -2 2 1 0 -1 -2 2 1 0 -1 -2 2 1 0 -1 -2 2 1 0 -1 -2 2 1 0 -1 -2 2 1 0 -1 -2 2 1 0 -1 -2 2 1 0 -1 -2 2 1 0 -1 -2 2 1 0 -1 -2 2 1 0 -1 -2 2 1 0 -1 -2 2 1 0 -1 -2 2 1 0 -1 -2 2 1 0 -1 -2 2 1 0 -1 -2 2 1 0 -1 -2 2 1 0 -1 -2 2 1 0 -1 -2 2 1 0 -1 -2 2 1 0 -1 -2 2 1 0 -1 -2 2 1 0 -1 -2 2 1 0 -1 -2 2 1 0 -1 -2 2 1 0 -1 -2 2 1 0 -1 -2 2 1 0 -1 -2 2 1 0 -1 -2 2 1 0 -1 -2 2 1 0 -1 -2 2 1 0 -1 -2 2 1 0 -1 -2 2 1 0 -1 -2 2 1 0 -1 -2 2 1 0 -1 -2 2 1 0 -1 -2 2 1 0 -1 -2 2 1 0 -1 -2 2 1 0 -1 -2 2 1 0 -1 -2 2 1 0 -1 -2 2 1 0 -1 -2 2 1 0 -1 -2 2 1 0 -1 -2 2 1 0 -1 -2 2 1 0 -1 -2 2 1 0 -1 -2 2 1 0 -1 -2 2 1 0 -1 -2 2 1 0 -1 -2 2 1 0 -1 -2 2 1 0 -1 -2 2 1 0 -1 -2 2 1 0 -1 -2 2 1 0 -1 -2 2 1 0 -1 -2 2 1 0 -1 -2 2 1 0 -1 -2 2 1 0 722 -2 2 1 0 -1 -2 2 1 0 -1 -2 2 1 0 -1 -2 2 1 0 -1 -2 2 1 0 -1 -2 2 1 0 -1 -2 2 1 0 -1 -2 2 1 0 -1 -2 2 1 0 -1 -2 2 1 0 -1 -2 2 1 0 -1 -2 2 1 0 -1 -2 2 1 0 -1 -2 2 1 0 -1 -2 2 1 0 -1 -2 2 1 0 -1 -2 2 1 0 -1 -2 2 1 0 -1 -2 2 1 0 -1 -2 2 1 0 -1 -2 2 1 0 -1 -2 2 1 0 -1 -2 2 1 0 -1 -2 2 1 0 -1 -2 2 1 0 -1 -2 2 1 0 -1 -2 2 1 0 -1 -2 2 1 0 -1 -2 2 1 0 -1 -2 2 1 0 -1 -2 2 1 0 -1 -2 2 1 0 -1 -2 2 1 0 -1 -2 2 1 0 -1 -2 2 1 0 -1 -2 2 1 0 -1 -2 2 1
2 2 2 2 2 2 2 2 2 2 2 2 2 2 2 2 2 2 2 2 2 2 2 2 2 2 2 2 2 2 2 2 2 2 2 2 2 2 2 2 2 2 2 2 2 2 2 2 2 2 2 2 2 2 2 2 2 2 2 2 2 2 2 2 2 2 2 2 2 2 2 2 2 2 2 2 2 2 2 2 2 2 2 2 2 2 2 2 2 2 2 2 2 2 2 2 2 2 2 2 2 2 2 2 2 2 2 2 2 2 2 2 2 2 2 2 2 2 2 2 2 2 2 2 2 2 2 2 2 2 2 2 2 2 2 2 2 2 2 2 2 2 2 2 2 2 2 2 2 2 2 2 2 2 2 2 2 2 2 2 2 2 2 2 2 2 2 2 2 2 2 2 2 2 2 2 2 2 2 2 2 2 2 2 2 2 2 2 2 2 2 2 2 2 2 2 2 2 2 2 2 2 2 2 2 2 2 2 2 2 2 2 2 2 2 2 2 2 2 2 2 2 2 2 2 2 2 2 2 2 2 2 2 2 2 2 2 2 2 2 2 2 2 2 2 2 2 2 2 2 2 2 2 2 2 2 2 2 2 2 2 2 2 2 2 2 2 2 2 2 2 2 2 2 2 2 2 2 2 2 2 2 2 2 2 2 2 2 2 2 2 2 2 2 2 2 2 2 2 2 2 2 2 2 2 2 2 2 2 2 2 2 2 2 2 2 2 2 2 2 2 2 2 2 2 2 2 2 2 2 2 2 2 2 2 2 2 2 2 2 2 2 2 2 2 2 2 2 2 2 2 2 2 2 2 2 2 2 2 2 2 2 2 2 2 2 2 2 2 2 2 2 2 2 2 2 2 2 2 2 2 2 2 2 2 2 2 2 2 2 2 2 2 2 2 2 2 2 2 2 2 2 2 2 2 2 2 2 2 2 2 2 2 2 2 2 2 1201 2 2 2 2 2 2 2 2 2 2 2 2 2 2 2 2 2 2 2 2 2 2 2 2 2 2 2 2 2 2 2 2 2 2 2 2 2 2 2 2 2 2 2 2 2 2 2 2 2 2 2 2 2 2 2 2 2 2 2 2 2 2 2 2 2 2 2 2 2 2 2 2 2 2 2 2 2 2 2 2 2 2 2 2 2 2 2 2 2 2 2 2 2 2 2 2 2 2 2 2 2 2 2 2 2 2 2 2 2 2 2 2 2 2 2 2 2 2 2 2 2 2 2 2 2 2 2 2 2 2 2 2 2 2 2 2 2 2 2 2 2 2 2 2 2 2 2 2 2 2 2 2 2 2 2 2 2 2 2 2 2 2 2 2 2 2 2 2 2 2 2 2 2 2 2 2 2 2 2 2 2 2
-1 0 1 2 -2 -1 0 1 2 -2 -1 0 1 2 -2 -1 0 1 2 -2 -1 0 1 2 -2 -1 0 1 2 -2 -1 0 1 2 -2 -1 0 1 2 -2 -1 0 1 2 -2 -1 0 1 2 -2 -1 0 1 2 -2 -1 0 1 2 -2 -1 0 1 2 -2 -1 0 1 2 -2 -1 0 1 2 -2 -1 0 1 2 -2 -1 0 1 2 -2 -1 0 1 2 -2 -1 0 1 2 -2 -1 0 1 2 -2 -1 0 1 2 -2 -1 0 1 2 -2 -1 0 1 2 -2 -1 0 1 2 -2 -1 0 1 2 -2 -1 0 1 2 -2 -1 0 1 2 -2 -1 0 1 2 -2 -1 0 1 2 -2 -1 0 1 2 -2 -1 0 1 2 -2 -1 0 1 2 -2 -1 0 1 2 -2 -1 0 1 2 -2 -1 0 1 2 -2 -1 0 1 2 -2 -1 0 1 2 -2 -1 0 1 2 -2 -1 0 1 2 -2 -1 0 1 2 -2 -1 0 1 2 -2 -1 0 1 2 -2 -1 0 1 2 -2 -1 0 1 2 -2 -1 0 1 2 -2 -1 0 1 2 -2 -1 0 1 2 -2 -1 0 1 2 -2 -1 0 1 2 -2 -1 0 1 2 -2 -1 0 1 2 -2 -1 0 1 2 -2 -1 0 1 2 -2 -1 0 1 2 -2 -1 0 1 2 -2 -1 0 1 2 -2 -1 0 1 2 -2 -1 0 1 2 -2 -1 0 1 2 -2 -1 0 1 2 -2 -1 0 1 2 -2 -1 0 1 2 -2 -1 0 1 2 -2 -1 0 1 2 -2 -1 0 1 2 -2 -1 0 1 2 -2 -1 0 1 2 -2 -1 0 1 2 -2 -1 0 1 2 -2 -1 0 1 2 -2 -1 0 1 2 -2 -1 0 1 2 -2 -1 0 1 2 -2 -1 0 1 2 -2 -1 0 1 2 -2 -1 0 1 2 -2 -1 0 1 2 -2 -1 0 1 2 -2 -1 0 1 2 -2 -1 0 1 2 -2 -1 0 1 2 -2 -1 0 1 2 -2 -1 0 1 2 -2 -1 0 1 721 -2 -1 0 1 2 -2 -1 0 1 2 -2 -1 0 1 2 -2 -1 0 1 2 -2 -1 0 1 2 -2 -1 0 1 2 -2 -1 0 1 2 -2 -1 0 1 2 -2 -1 0 1 2 -2 -1 0 1 2 -2 -1 0 1 2 -2 -1 0 1 2 -2 -1 0 1 2 -2 -1 0 1 2 -2 -1 0 1 2 -2 -1 0 1 2 -2 -1 0 1 2 -2 -1 0 1 2 -2 -1 0 1 2 -2 -1 0 1 2 -2 -1 0 1 2 -2 -1 0 1 2 -2 -1 0 1 2 -2 -1 0 1 2 -2 -1 0 1 2 -2 -1 0 1 2 -2 -1 0 1 2 -2 -1 0 1 2 -2 -1 0 1 2 -2 -1 0 1 2 -2 -1 0 1 2 -2 -1 0 1 2 -2 -1 0 1 2 -2 -1 0 1 2 -2 -1 0 1 2 -2 -1 0 1 2 -2
1 -2 0 2 -1 1 -2 0 2 -1 1 -2 0 2 -1 1 -2 0 2 -1 1 -2 0 2 -1 1 -2 0 2 -1 1 -2 0 2 -1 1 -2 0 2 -1 1 -2 0 2 -1 1 -2 0 2 -1 1 -2 0 2 -1 1 -2 0 2 -1 1 -2 0 2 -1 1 -2 0 2 -1 1 -2 0 2 -1 1 -2 0 2 -1 1 -2 0 2 -1 1 -2 0 2 -1 1 -2 0 2 -1 1 -2 0 2 -1 1 -2 0 2 -1 1 -2 0 2 -1 1 -2 0 2 -1 1 -2 0 2 -1 1 -2 0 2 -1 1 -2 0 2 -1 1 -2 0 2 -1 1 -2 0 2 -1 1 -2 0 2 -1 1 -2 0 2 -1 1 -2 0 2 -1 1 -2 0 2 -1 1 -2 0 2 -1 1 -2 0 2 -1 1 -2 0 2 -1 1 -2 0 2 -1 1 -2 0 2 -1 1 -2 0 2 -1 1 -2 0 2 -1 1 -2 0 2 -1 1 -2 0 2 -1 1 -2 0 2 -1 1 -2 0 2 -1 1 -2 0 2 -1 1 -2 0 2 -1 1 -2 0 2 -1 1 -2 0 2 -1 1 -2 0 2 -1 1 -2 0 2 -1 1 -2 0 2 -1 1 -2 0 2 -1 1 -2 0 2 -1 1 -2 0 2 -1 1 -2 0 2 -1 1 -2 0 2 -1 1 -2 0 2 -1 1 -2 0 2 -1 1 -2 0 2 -1 1 -2 0 2 -1 1 -2 0 2 -1 1 -2 0 2 -1 1 -2 0 2 -1 1 -2 0 2 -1 1 -2 0 2 -1 1 -2 0 2 -1 1 -2 0 2 -1 1 -2 0 2 -1 1 -2 0 2 -1 1 -2 0 2 -1 1 -2 0 2 -1 1 -2 0 2 -1 1 -2 0 2 -1 1 -2 0 2 -1 1 -2 0 2 -1 1 -2 0 2 -1 1 -2 0 2 -1 1 -2 0 2 -1 1 -2 0 2 -1 1 -2 0 2 -1 1 -2 0 2 -1 1 -2 0 2 -1 1 -2 0 2 -1 1 -2 0 2 -1 1 -2 0 2 722 1 -2 0 2 -1 1 -2 0 2 -1 1 -2 0 2 -1 1 -2 0 2 -1 1 -2 0 2 -1 1 -2 0 2 -1 1 -2 0 2 -1 1 -2 0 2 -1 1 -2 0 2 -1 1 -2 0 2 -1 1 -2 0 2 -1 1 -2 0 2 -1 1 -2 0 2 -1 1 -2 0 2 -1 1 -2 0 2 -1 1 -2 0 2 -1 1 -2 0 2 -1 1 -2 0 2 -1 1 -2 0 2 -1 1 -2 0 2 -1 1 -2 0 2 -1 1 -2 0 2 -1 1 -2 0 2 -1 1 -2 0 2 -1 1 -2 0 2 -1 1 -2 0 2 -1 1 -2 0 2 -1 1 -2 0 2 -1 1 -2 0 2 -1 1 -2 0 2 -1 1 -2 0 2 -1 1 -2 0 2 -1 1 -2 0 2 -1 1 -2 0 2 -1 1 -2 0 2 -1 1 -2 0 2 -1
-2 1 -1 2 0 -2 1 -1 2 0 -2 1 -1 2 0 -2 1 -1 2 0 -2 1 -1 2 0 -2 1 -1 2 0 -2 1 -1 2 0 -2 1 -1 2 0 -2 1 -1 2 0 -2 1 -1 2 0 -2 1 -1 2 0 -2 1 -1 2 0 -2 1 -1 2 0 -2 1 -1 2 0 -2 1 -1 2 0 -2 1 -1 2 0 -2 1 -1 2 0 -2 1 -1 2 0 -2 1 -1 2 0 -2 1 -1 2 0 -2 1 -1 2 0 -2 1 -1 2 0 -2 1 -1 2 0 -2 1 -1 2 0 -2 1 -1 2 0 -2 1 -1 2 0 -2 1 -1 2 0 -2 1 -1 2 0 -2 1 -1 2 0 -2 1 -1 2 0 -2 1 -1 2 0 -2 1 -1 2 0 -2 1 -1 2 0 -2 1 -1 2 0 -2 1 -1 2 0 -2 1 -1 2 0 -2 1 -1 2 0 -2 1 -1 2 0 -2 1 -1 2 0 -2 1 -1 2 0 -2 1 -1 2 0 -2 1 -1 2 0 -2 1 -1 2 0 -2 1 -1 2 0 -2 1 -1 2 0 -2 1 -1 2 0 -2 1 -1 2 0 -2 1 -1 2 0 -2 1 -1 2 0 -2 1 -1 2 0 -2 1 -1 2 0 -2 1 -1 2 0 -2 1 -1 2 0 -2 1 -1 2 0 -2 1 -1 2 0 -2 1 -1 2 0 -2 1 -1 2 0 -2 1 -1 2 0 -2 1 -1 2 0 -2 1 -1 2 0 -2 1 -1 2 0 -2 1 -1 2 0 -2 1 -1 2 0 -2 1 -1 2 0 -2 1 -1 2 0 -2 1 -1 2 0 -2 1 -1 2 0 -2 1 -1 2 0 -2 1 -1 2 0 -2 1 -1 2 0 -2 1 -1 2 0 -2 1 -1 2 0 -2 1 -1 2 0 -2 1 -1 2 0 -2 1 -1 2 0 -2 1 -1 2 0 -2 1 -1 2 0 -2 1 -1 2 0 -2 1 -1 2 0 -2 1 -1 2 0 -2 1 -1 2 0 -2 1 -1 2 0 -2 1 -1 2 0 -2 1 -1 2 0 721 1 -1 2 0 -2 1 -1 2 0 -2 1 -1 2 0 -2 1 -1 2 0 -2 1 -1 2 0 -2 1 -1 2 0 -2 1 -1 2 0 -2 1 -1 2 0 -2 1 -1 2 0 -2 1 -1 2 0 -2 1 -1 2 0 -2 1 -1 2 0 -2 1 -1 2 0 -2 1 -1 2 0 -2 1 -1 2 0 -2 1 -1 2 0 -2 1 -1 2 0 -2 1 -1 2 0 -2 1 -1 2 0 -2 1 -1 2 0 -2 1 -1 2 0 -2 1 -1 2 0 -2 1 -1 2 0 -2 1 -1 2 0 -2 1 -1 2 0 -2 1 -1 2 0 -2 1 -1 2 0 -2 1 -1 2 0 -2 1 -1 2 0 -2 1 -1 2 0 -2 1 -1 2 0 -2 1 -1 2 0 -2 1 -1 2 0 -2 1 -1 2 0 -2 1 -1 2 0 -2 1 -1 2 0
0 -1 -2 2 1 0 -1 -2 2 1 0 -1 -2 2 1 0 -1 -2 2 1 0 -1 -2 2 1 0 -1 -2 2 1 0 -1 -2 2 1 0 -1 -2 2 1 0 -1 -2 2 1 0 -1 -2 2 1 0 -1 -2 2 1 0 -1 -2 2 1 0 -1 -2 2 1 0 -1 -2 2 1 0 -1 -2 2 1 0 -1 -2 2 1 0 -1 -2 2 1 0 -1 -2 2 1 0 -1 -2 2 1 0 -1 -2 2 1 0 -1 -2 2 1 0 -1 -2 2 1 0 -1 -2 2 1 0 -1 -2 2 1 0 -1 -2 2 1 0 -1 -2 2 1 0 -1 -2 2 1 0 -1 -2 2 1 0 -1 -2 2 1 0 -1 -2 2 1 0 -1 -2 2 1 0 -1 -2 2 1 0 -1 -2 2 1 0 -1 -2 2 1 0 -1 -2 2 1 0 -1 -2 2 1 0 -1 -2 2 1 0 -1 -2 2 1 0 -1 -2 2 1 0 -1 -2 2 1 0 -1 -2 2 1 0 -1 -2 2 1 0 -1 -2 2 1 0 -1 -2 2 1 0 -1 -2 2 1 0 -1 -2 2 1 0 -1 -2 2 1 0 -1 -2 2 1 0 -1 -2 2 1 0 -1 -2 2 1 0 -1 -2 2 1 0 -1 -2 2 1 0 -1 -2 2 1 0 -1 -2 2 1 0 -1 -2 2 1 0 -1 -2 2 1 0 -1 -2 2 1 0 -1 -2 2 1 0 -1 -2 2 1 0 -1 -2 2 1 0 -1 -2 2 1 0 -1 -2 2 1 0 -1 -2 2 1 0 -1 -2 2 1 0 -1 -2 2 1 0 -1 -2 2 1 0 -1 -2 2 1 0 -1 -2 2 1 0 -1 -2 2 1 0 -1 -2 2 1 0 -1 -2 2 1 0 -1 -2 2 1 0 -1 -2 2 1 0 -1 -2 2 1 0 -1 -2 2 1 0 -1 -2 2 1 0 -1 -2 2 1 0 -1 -2 2 1 0 -1 -2 2 1 0 -1 -2 2 1 0 -1 -2 2 1 0 -1 -2 2 1 0 -1 -2 2 1 0 -1 -2 2 1 0 722 -2 2 1 0 -1 -2 2 1 0 -1 -2 2 1 0 -1 -2 2 1 0 -1 -2 2 1 0 -1 -2 2 1 0 -1 -2 2 1 0 -1 -2 2 1 0 -1 -2 2 1 0 -1 -2 2 1 0 -1 -2 2 1 0 -1 -2 2 1 0 -1 -2 2 1 0 -1 -2 2 1 0 -1 -2 2 1 0 -1 -2 2 1 0 -1 -2 2 1 0 -1 -2 2 1 0 -1 -2 2 1 0 -1 -2 2 1 0 -1 -2 2 1 0 -1 -2 2 1 0 -1 -2 2 1 0 -1 -2 2 1 0 -1 -2 2 1 0 -1 -2 2 1 0 -1 -2 2 1 0 -1 -2 2 1 0 -1 -2 2 1 0 -1 -2 2 1 0 -1 -2 2 1 0 -1 -2 2 1 0 -1 -2 2 1 0 -1 -2 2 1 0 -1 -2 2 1 0 -1 -2 2 1
2 2 2 2 2 2 2 2 2 2 2 2 2 2 2 2 2 2 2 2 2 2 2 2 2 2 2 2 2 2 2 2 2 2 2 2 2 2 2 2 2 2 2 2 2 2 2 2 2 2 2 2 2 2 2 2 2 2 2 2 2 2 2 2 2 2 2 2 2 2 2 2 2 2 2 2 2 2 2 2 2 2 2 2 2 2 2 2 2 2 2 2 2 2 2 2 2 2 2 2 2 2 2 2 2 2 2 2 2 2 2 2 2 2 2 2 2 2 2 2 2 2 2 2 2 2 2 2 2 2 2 2 2 2 2 2 2 2 2 2 2 2 2 2 2 2 2 2 2 2 2 2 2 2 2 2 2 2 2 2 2 2 2 2 2 2 2 2 2 2 2 2 2 2 2 2 2 2 2 2 2 2 2 2 2 2 2 2 2 2 2 2 2 2 2 2 2 2 2 2 2 2 2 2 2 2 2 2 2 2 2 2 2 2 2 2 2 2 2 2 2 2 2 2 2 2 2 2 2 2 2 2 2 2 2 2 2 2 2 2 2 2 2 2 2 2 2 2 2 2 2 2 2 2 2 2 2 2 2 2 2 2 2 2 2 2 2 2 2 2 2 2 2 2 2 2 2 2 2 2 2 2 2 2 2 2 2 2 2 2 2 2 2 2 2 2 2 2 2 2 2 2 2 2 2 2 2 2 2 2 2 2 2 2 2 2 2 2 2 2 2 2 2 2 2 2 2 2 2 2 2 2 2 2 2 2 2 2 2 2 2 2 2 2 2 2 2 2 2 2 2 2 2 2 2 2 2 2 2 2 2 2 2 2 2 2 2 2 2 2 2 2 2 2 2 2 2 2 2 2 2 2 2 2 2 2 2 2 2 2 2 2 2 2 2 2 2 2 2 2 2 2 2 2 2 2 2 2 2 2 2 2 2 2 2 2 2 2 2 2 2 2 1201 2 2 2 2 2 2 2 2 2 2 2 2 2 2 2 2 2 2 2 2 2 2 2 2 2 2 2 2 2 2 2 2 2 2 2 2 2 2 2 2 2 2 2 2 2 2 2 2 2 2 2 2 2 2 2 2 2 2 2 2 2 2 2 2 2 2 2 2 2 2 2 2 2 2 2 2 2 2 2 2 2 2 2 2 2 2 2 2 2 2 2 2 2 2 2 2 2 2 2 2 2 2 2 2 2 2 2 2 2 2 2 2 2 2 2 2 2 2 2 2 2 2 2 2 2 2 2 2 2 2 2 2 2 2 2 2 2 2 2 2 2 2 2 2 2 2 2 2 2 2 2 2 2 2 2 2 2 2 2 2 2 2 2 2 2 2 2 2 2 2 2 2 2 2 2 2 2
-1 0 1 2 -2 -1 0 1 2 -2 -1 0 1 2 -2 -1 0 1 2 -2 -1 0 1 2 -2 -1 0 1 2 -2 -1 0 1 2 -2 -1 0 1 2 -2 -1 0 1 2 -2 -1 0 1 2 -2 -1 0 1 2 -2 -1 0 1 2 -2 -1 0 1 2 -2 -1 0 1 2 -2 -1 0 1 2 -2 -1 0 1 2 -2 -1 0 1 2 -2 -1 0 1 2 -2 -1 0 1 2 -2 -1 0 1 2 -2 -1 0 1 2 -2 -1 0 1 2 -2 -1 0 1 2 -2 -1 0 1 2 -2 -1 0 1 2 -2 -1 0 1 2 -2 -1 0 1 2 -2 -1 0 1 2 -2 -1 0 1 2 -2 -1 0 1 2 -2 -1 0 1 2 -2 -1 0 1 2 -2 -1 0 1 2 -2 -1 0 1 2 -2 -1 0 1 2 -2 -1 0 1 2 -2 -1 0 1 2 -2 -1 0 1 2 -2 -1 0 1 2 -2 -1 0 1 2 -2 -1 0 1 2 -2 -1 0 1 2 -2 -1 0 1 2 -2 -1 0 1 2 -2 -1 0 1 2 -2 -1 0 1 2 -2 -1 0 1 2 -2 -1 0 1 2 -2 -1 0 1 2 -2 -1 0 1 2 -2 -1 0 1 2 -2 -1 0 1 2 -2 -1 0 1 2 -2 -1 0 1 2 -2 -1 0 1 2 -2 -1 0 1 2 -2 -1 0 1 2 -2 -1 0 1 2 -2 -1 0 1 2 -2 -1 0 1 2 -2 -1 0 1 2 -2 -1 0 1 2 -2 -1 0 1 2 -2 -1 0 1 2 -2 -1 0 1 2 -2 -1 0 1 2 -2 -1 0 1 2 -2 -1 0 1 2 -2 -1 0 1 2 -2 -1 0 1 2 -2 -1 0 1 2 -2 -1 0 1 2 -2 -1 0 1 2 -2 -1 0 1 2 -2 -1 0 1 2 -2 -1 0 1 2 -2 -1 0 1 2 -2 -1 0 1 2 -2 -1 0 1 2 -2 -1 0 1 2 -2 -1 0 1 2 -2 -1 0 1 2 -2 -1 0 1 2 -2 -1 0 1 2 -2 -1 0 1 721 -2 -1 0 1 2 -2 -1 0 1 2 -2 -1 0 1 2 -2 -1 0 1 2 -2 -1 0 1 2 -2 -1 0 1 2 -2 -1 0 1 2 -2 -1 0 1 2 -2 -1 0 1 2 -2 -1 0 1 2 -2 -1 0 1 2 -2 -1 0 1 2 -2 -1 0 1 2 -2 -1 0 1 2 -2 -1 0 1 2 -2 -1 0 1 2 -2 -1 0 1 2 -2 -1 0 1 2 -2 -1 0 1 2 -2 -1 0 1 2 -2 -1 0 1 2 -2 -1 0 1 2 -2 -1 0 1 2 -2 -1 0 1 2 -2 -1 0 1 2 -2 -1 0 1 2 -2 -1 0 1 2 -2 -1 0 1 2 -2 -1 0 1 2 -2 -1 0 1 2 -2 -1 0 1 2 -2 -1 0 1 2 -2 -1 0 1 2 -2 -1 0 1 2 -2 -1 0 1 2 -2
1 -2 0 2 -1 1 -2 0 2 -1 1 -2 0 2 -1 1 -2 0 2 -1 1 -2 0 2 -1 1 -2 0 2 -1 1 -2 0 2 -1 1 -2 0 2 -1 1 -2 0 2 -1 1 -2 0 2 -1 1 -2 0 2 -1 1 -2 0 2 -1 1 -2 0 2 -1 1 -2 0 2 -1 1 -2 0 2 -1 1 -2 0 2 -1 1 -2 0 2 -1 1 -2 0 2 -1 1 -2 0 2 -1 1 -2 0 2 -1 1 -2 0 2 -1 1 -2 0 2 -1 1 -2 0 2 -1 1 -2 0 2 -1 1 -2 0 2 -1 1 -2 0 2 -1 1 -2 0 2 -1 1 -2 0 2 -1 1 -2 0 2 -1 1 -2 0 2 -1 1 -2 0 2 -1 1 -2 0 2 -1 1 -2 0 2 -1 1 -2 0 2 -1 1 -2 0 2 -1 1 -2 0 2 -1 1 -2 0 2 -1 1 -2 0 2 -1 1 -2 0 2 -1 1 -2 0 2 -1 1 -2 0 2 -1 1 -2 0 2 -1 1 -2 0 2 -1 1 -2 0 2 -1 1 -2 0 2 -1 1 -2 0 2 -1 1 -2 0 2 -1 1 -2 0 2 -1 1 -2 0 2 -1 1 -2 0 2 -1 1 -2 0 2 -1 1 -2 0 2 -1 1 -2 0 2 -1 1 -2 0 2 -1 1 -2 0 2 -1 1 -2 0 2 -1 1 -2 0 2 -1 1 -2 0 2 -1 1 -2 0 2 -1 1 -2 0 2 -1 1 -2 0 2 -1 1 -2 0 2 -1 1 -2 0 2 -1 1 -2 0 2 -1 1 -2 0 2 -1 1 -2 0 2 -1 1 -2 0 2 -1 1 -2 0 2 -1 1 -2 0 2 -1 1 -2 0 2 -1 1 -2 0 2 -1 1 -2 0 2 -1 1 -2 0 2 -1 1 -2 0 2 -1 1 -2 0 2 -1 1 -2 0 2 -1 1 -2 0 2 -1 1 -2 0 2 -1 1 -2 0 2 -1 1 -2 0 2 -1 1 -2 0 2 -1 1 -2 0 2 -1 1 -2 0 2 -1 1 -2 0 2 -1 1 -2 0 2 722 1 -2 0 2 -1 1 -2 0 2 -1 1 -2 0 2 -1 1 -2 0 2 -1 1 -2 0 2 -1 1 -2 0 2 -1 1 -2 0 2 -1 1 -2 0 2 -1 1 -2 0 2 -1 1 -2 0 2 -1 1 -2 0 2 -1 1 -2 0 2 -1 1 -2 0 2 -1 1 -2 0 2 -1 1 -2 0 2 -1 1 -2 0 2 -1 1 -2 0 2 -1 1 -2 0 2 -1 1 -2 0 2 -1 1 -2 0 2 -1 1 -2 0 2 -1 1 -2 0 2 -1 1 -2 0 2 -1 1 -2 0 2 -1 1 -2 0 2 -1 1 -2 0 2 -1 1 -2 0 2 -1 1 -2 0 2 -1 1 -2 0 2 -1 1 -2 0 2 -1 1 -2 0 2 -1 1 -2 0 2 -1 1 -2 0 2 -1 1 -2 0 2 -1 1 -2 0 2 -1
-2 1 -1 2 0 -2 1 -1 2 0 -2 1 -1 2 0 -2 1 -1 2 0 -2 1 -1 2 0 -2 1 -1 2 0 -2 1 -1 2 0 -2 1 -1 2 0 -2 1 -1 2 0 -2 1 -1 2 0 -2 1 -1 2 0 -2 1 -1 2 0 -2 1 -1 2 0 -2 1 -1 2 0 -2 1 -1 2 0 -2 1 -1 2 0 -2 1 -1 2 0 -2 1 -1 2 0 -2 1 -1 2 0 -2 1 -1 2 0 -2 1 -1 2 0 -2 1 -1 2 0 -2 1 -1 2 0 -2 1 -1 2 0 -2 1 -1 2 0 -2 1 -1 2 0 -2 1 -1 2 0 -2 1 -1 2 0 -2 1 -1 2 0 -2 1 -1 2 0 -2 1 -1 2 0 -2 1 -1 2 0 -2 1 -1 2 0 -2 1 -1 2 0 -2 1 -1 2 0 -2 1 -1 2 0 -2 1 -1 2 0 -2 1 -1 2 0 -2 1 -1 2 0 -2 1 -1 2 0 -2 1 -1 2 0 -2 1 -1 2 0 -2 1 -1 2 0 -2 1 -1 2 0 -2 1 -1 2 0 -2 1 -1 2 0 -2 1 -1 2 0 -2 1 -1 2 0 -2 1 -1 2 0 -2 1 -1 2 0 -2 1 -1 2 0 -2 1 -1 2 0 -2 1 -1 2 0 -2 1 -1 2 0 -2 1 -1 2 0 -2 1 -1 2 0 -2 1 -1 2 0 -2 1 -1 2 0 -2 1 -1 2 0 -2 1 -1 2 0 -2 1 -1 2 0 -2 1 -1 2 0 -2 1 -1 2 0 -2 1 -1 2 0 -2 1 -1 2 0 -2 1 -1 2 0 -2 1 -1 2 0 -2 1 -1 2 0 -2 1 -1 2 0 -2 1 -1 2 0 -2 1 -1 2 0 -2 1 -1 2 0 -2 1 -1 2 0 -2 1 -1 2 0 -2 1 -1 2 0 -2 1 -1 2 0 -2 1 -1 2 0 -2 1 -1 2 0 -2 1 -1 2 0 -2 1 -1 2 0 -2 1 -1 2 0 -2 1 -1 2 0 -2 1 -1 2 0 -2 1 -1 2 0 -2 1 -1 2 0 721 1 -1 2 0 -2 1 -1 2 0 -2 1 -1 2 0 -2 1 -1 2 0 -2 1 -1 2 0 -2 1 -1 2 0 -2 1 -1 2 0 -2 1 -1 2 0 -2 1 -1 2 0 -2 1 -1 2 0 -2 1 -1 2 0 -2 1 -1 2 0 -2 1 -1 2 0 -2 1 -1 2 0 -2 1 -1 2 0 -2 1 -1 2 0 -2 1 -1 2 0 -2 1 -1 2 0 -2 1 -1 2 0 -2 1 -1 2 0 -2 1 -1 2 0 -2 1 -1 2 0 -2 1 -1 2 0 -2 1 -1 2 0 -2 1 -1 2 0 -2 1 -1 2 0 -2 1 -1 2 0 -2 1 -1 2 0 -2 1 -1 2 0 -2 1 -1 2 0 -2 1 -1 2 0 -2 1 -1 2 0 -2 1 -1 2 0 -2 1 -1 2 0 -2 1 -1 2 0
0 -1 -2 2 1 0 -1 -2 2 1 0 -1 -2 2 1 0 -1 -2 2 1 0 -1 -2 2 1 0 -1 -2 2 1 0 -1 -2 2 1 0 -1 -2 2 1 0 -1 -2 2 1 0 -1 -2 2 1 0 -1 -2 2 1 0 -1 -2 2 1 0 -1 -2 2 1 0 -1 -2 2 1 0 -1 -2 2 1 0 -1 -2 2 1 0 -1 -2 2 1 0 -1 -2 2 1 0 -1 -2 2 1 0 -1 -2 2 1 0 -1 -2 2 1 0 -1 -2 2 1 0 -1 -2 2 1 0 -1 -2 2 1 0 -1 -2 2 1 0 -1 -2 2 1 0 -1 -2 2 1 0 -1 -2 2 1 0 -1 -2 2 1 0 -1 -2 2 1 0 -1 -2 2 1 0 -1 -2 2 1 0 -1 -2 2 1 0 -1 -2 2 1 0 -1 -2 2 1 0 -1 -2 2 1 0 -1 -2 2 1 0 -1 -2 2 1 0 -1 -2 2 1 0 -1 -2 2 1 0 -1 -2 2 1 0 -1 -2 2 1 0 -1 -2 2 1 0 -1 -2 2 1 0 -1 -2 2 1 0 -1 -2 2 1 0 -1 -2 2 1 0 -1 -2 2 1 0 -1 -2 2 1 0 -1 -2 2 1 0 -1 -2 2 1 0 -1 -2 2 1 0 -1 -2 2 1 0 -1 -2 2 1 0 -1 -2 2 1 0 -1 -2 2 1 0 -1 -2 2 1 0 -1 -2 2 1 0 -1 -2 2 1 0 -1 -2 2 1 0 -1 -2 2 1 0 -1 -2 2 1 0 -1 -2 2 1 0 -1 -2 2 1 0 -1 -2 2 1 0 -1 -2 2 1 0 -1 -2 2 1 0 -1 -2 2 1 0 -1 -2 2 1 0 -1 -2 2 1 0 -1 -2 2 1 0 -1 -2 2 1 0 -1 -2 2 1 0 -1 -2 2 1 0 -1 -2 2 1 0 -1 -2 2 1 0 -1 -2 2 1 0 -1 -2 2 1 0 -1 -2 2 1 0 -1 -2 2 1 0 -1 -2 2 1 0 -1 -2 2 1 0 -1 -2 2 1 0 -1 -2 2 1 0 -1 -2 2 1 0 722 -2 2 1 0 -1 -2 2 1 0 -1 -2 2 1 0 -1 -2 2 1 0 -1 -2 2 1 0 -1 -2 2 1 0 -1 -2 2 1 0 -1 -2 2 1 0 -1 -2 2 1 0 -1 -2 2 1 0 -1 -2 2 1 0 -1 -2 2 1 0 -1 -2 2 1 0 -1 -2 2 1 0 -1 -2 2 1 0 -1 -2 2 1 0 -1 -2 2 1 0 -1 -2 2 1 0 -1 -2 2 1 0 -1 -2 2 1 0 -1 -2 2 1 0 -1 -2 2 1 0 -1 -2 2 1 0 -1 -2 2 1 0 -1 -2 2 1 0 -1 -2 2 1 0 -1 -2 2 1 0 -1 -2 2 1 0 -1 -2 2 1 0 -1 -2 2 1 0 -1 -2 2 1 0 -1 -2 2 1 0 -1 -2 2 1 0 -1 -2 2 1 0 -1 -2 2 1
2 2 2 2 2 2 2 2 2 2 2 2 2 2 2 2 2 2 2 2 2 2 2 2 2 2 2 2 2 2 2 2 2 2 2 2 2 2 2 2 2 2 2 2 2 2 2 2 2 2 2 2 2 2 2 2 2 2 2 2 2 2 2 2 2 2 2 2 2 2 2 2 2 2 2 2 2 2 2 2 2 2 2 2 2 2 2 2 2 2 2 2 2 2 2 2 2 2 2 2 2 2 2 2 2 2 2 2 2 2 2 2 2 2 2 2 2 2 2 2 2 2 2 2 2 2 2 2 2 2 2 2 2 2 2 2 2 2 2 2 2 2 2 2 2 2 2 2 2 2 2 2 2 2 2 2 2 2 2 2 2 2 2 2 2 2 2 2 2 2 2 2 2 2 2 2 2 2 2 2 2 2 2 2 2 2 2 2 2 2 2 2 2 2 2 2 2 2 2 2 2 2 2 2 2 2 2 2 2 2 2 2 2 2 2 2 2 2 2 2 2 2 2 2 2 2 2 2 2 2 2 2 2 2 2 2 2 2 2 2 2 2 2 2 2 2 2 2 2 2 2 2 2 2 2 2 2 2 2 2 2 2 2 2 2 2 2 2 2 2 2 2 2 2 2 2 2 2 2 2 2 2 2 2 2 2 2 2 2 2 2 2 2 2 2 2 2 2 2 2 2 2 2 2 2 2 2 2 2 2 2 2 2 2 2 2 2 2 2 2 2 2 2 2 2 2 2 2 2 2 2 2 2 2 2 2 2 2 2 2 2 2 2 2 2 2 2 2 2 2 2 2 2 2 2 2 2 2 2 2 2 2 2 2 2 2 2 2 2 2 2 2 2 2 2 2 2 2 2 2 2 2 2 2 2 2 2 2 2 2 2 2 2 2 2 2 2 2 2 2 2 2 2 2 2 2 2 2 2 2 2 2 2 2 2 2 2 2 2 2 2 2 2 2 2 2 2 1201 2 2 2 2 2 2 2 2 2 2 2 2 2 2 2 2 2 2 2 2 2 2 2 2 2 2 2 2 2 2 2 2 2 2 2 2 2 2 2 2 2 2 2 2 2 2 2 2 2 2 2 2 2 2 2 2 2 2 2 2 2 2 2 2 2 2 2 2 2 2 2 2 2 2 2 2 2 2 2 2 2 2 2 2 2 2 2 2 2 2 2 2 2 2 2 2 2 2 2 2 2 2 2 2 2 2 2 2 2 2 2 2 2 2 2 2 2 2 2 2 2 2 2 2 2 2 2 2 2 2 2 2 2 2 2 2 2 2 2 2 2 2 2 2 2 2 2 2 2 2 2 2 2 2 2 2 2 2 2 2 2 2 2 2 2 2 2 2 2 2 2 2
-1 0 1 2 -2 -1 0 1 2 -2 -1 0 1 2 -2 -1 0 1 2 -2 -1 0 1 2 -2 -1 0 1 2 -2 -1 0 1 2 -2 -1 0 1 2 -2 -1 0 1 2 -2 -1 0 1 2 -2 -1 0 1 2 -2 -1 0 1 2 -2 -1 0 1 2 -2 -1 0 1 2 -2 -1 0 1 2 -2 -1 0 1 2 -2 -1 0 1 2 -2 -1 0 1 2 -2 -1 0 1 2 -2 -1 0 1 2 -2 -1 0 1 2 -2 -1 0 1 2 -2 -1 0 1 2 -2 -1 0 1 2 -2 -1 0 1 2 -2 -1 0 1 2 -2 -1 0 1 2 -2 -1 0 1 2 -2 -1 0 1 2 -2 -1 0 1 2 -2 -1 0 1 2 -2 -1 0 1 2 -2 -1 0 1 2 -2 -1 0 1 2 -2 -1 0 1 2 -2 -1 0 1 2 -2 -1 0 1 2 -2 -1 0 1 2 -2 -1 0 1 2 -2 -1 0 1 2 -2 -1 0 1 2 -2 -1 0 1 2 -2 -1 0 1 2 -2 -1 0 1 2 -2 -1 0 1 2 -2 -1 0 1 2 -2 -1 0 1 2 -2 -1 0 1 2 -2 -1 0 1 2 -2 -1 0 1 2 -2 -1 0 1 2 -2 -1 0 1 2 -2 -1 0 1 2 -2 -1 0 1 2 -2 -1 0 1 2 -2 -1 0 1 2 -2 -1 0 1 2 -2 -1 0 1 2 -2 -1 0 1 2 -2 -1 0 1 2 -2 -1 0 1 2 -2 -1 0 1 2 -2 -1 0 1 2 -2 -1 0 1 2 -2 -1 0 1 2 -2 -1 0 1 2 -2 -1 0 1 2 -2 -1 0 1 2 -2 -1 0 1 2 -2 -1 0 1 2 -2 -1 0 1 2 -2 -1 0 1 2 -2 -1 0 1 2 -2 -1 0 1 2 -2 -1 0 1 2 -2 -1 0 1 2 -2 -1 0 1 2 -2 -1 0 1 2 -2 -1 0 1 2 -2 -1 0 1 2 -2 -1 0 1 2 -2 -1 0 1 2 -2 -1 0 1 2 -2 -1 0 1 2 -2 -1 0 1 2 -2 -1 0 1 721 -2 -1 0 1 2 -2 -1 0 1 2 -2 -1 0 1 2 -2 -1 0 1 2 -2 -1 0 1 2 -2 -1 0 1 2 -2 -1 0 1 2 -2 -1 0 1 2 -2 -1 0 1 2 -2 -1 0 1 2 -2 -1 0 1 2 -2 -1 0 1 2 -2 -1 0 1 2 -2 -1 0 1 2 -2 -1 0 1 2 -2 -1 0 1 2 -2 -1 0 1 2 -2 -1 0 1 2 -2 -1 0 1 2 -2 -1 0 1 2 -2 -1 0 1 2 -2 -1 0 1 2 -2 -1 0 1 2 -2 -1 0 1 2 -2 -1 0 1 2 -2 -1 0 1 2 -2 -1 0 1 2 -2 -1 0 1 2 -2 -1 0 1 2 -2 -1 0 1 2 -2 -1 0 1 2 -2 -1 0 1 2 -2 -1 0 1 2 -2 -1 0 1 2 -2
1 -2 0 2 -1 1 -2 0 2 -1 1 -2 0 2 -1 1 -2 0 2 -1 1 -2 0 2 -1 1 -2 0 2 -1 1 -2 0 2 -1 1 -2 0 2 -1 1 -2 0 2 -1 1 -2 0 2 -1 1 -2 0 2 -1 1 -2 0 2 -1 1 -2 0 2 -1 1 -2 0 2 -1 1 -2 0 2 -1 1 -2 0 2 -1 1 -2 0 2 -1 1 -2 0 2 -1 1 -2 0 2 -1 1 -2 0 2 -1 1 -2 0 2 -1 1 -2 0 2 -1 1 -2 0 2 -1 1 -2 0 2 -1 1 -2 0 2 -1 1 -2 0 2 -1 1 -2 0 2 -1 1 -2 0 2 -1 1 -2 0 2 -1 1 -2 0 2 -1 1 -2 0 2 -1 1 -2 0 2 -1 1 -2 0 2 -1 1 -2 0 2 -1 1 -2 0 2 -1 1 -2 0 2 -1 1 -2 0 2 -1 1 -2 0 2 -1 1 -2 0 2 -1 1 -2 0 2 -1 1 -2 0 2 -1 1 -2 0 2 -1 1 -2 0 2 -1 1 -2 0 2 -1 1 -2 0 2 -1 1 -2 0 2 -1 1 -2 0 2 -1 1 -2 0 2 -1 1 -2 0 2 -1 1 -2 0 2 -1 1 -2 0 2 -1 1 -2 0 2 -1 1 -2 0 2 -1 1 -2 0 2 -1 1 -2 0 2 -1 1 -2 0 2 -1 1 -2 0 2 -1 1 -2 0 2 -1 1 -2 0 2 -1 1 -2 0 2 -1 1 -2 0 2 -1 1 -2 0 2 -1 1 -2 0 2 -1 1 -2 0 2 -1 1 -2 0 2 -1 1 -2 0 2 -1 1 -2 0 2 -1 1 -2 0 2 -1 1 -2 0 2 -1 1 -2 0 2 -1 1 -2 0 2 -1 1 -2 0 2 -1 1 -2 0 2 -1 1 -2 0 2 -1 1 -2 0 2 -1 1 -2 0 2 -1 1 -2 0 2 -1 1 -2 0 2 -1 1 -2 0 2 -1 1 -2 0 2 -1 1 -2 0 2 -1 1 -2 0 2 -1 1 -2 0 2 -1 1 -2 0 2 -1 1 -2 0 2 -1 1 -2 0 2 722 1 -2 0 2 -1 1 -2 0 2 -1 1 -2 0 2 -1 1 -2 0 2 -1 1 -2 0 2 -1 1 -2 0 2 -1 1 -2 0 2 -1 1 -2 0 2 -1 1 -2 0 2 -1 1 -2 0 2 -1 1 -2 0 2 -1 1 -2 0 2 -1 1 -2 0 2 -1 1 -2 0 2 -1 1 -2 0 2 -1 1 -2 0 2 -1 1 -2 0 2 -1 1 -2 0 2 -1 1 -2 0 2 -1 1 -2 0 2 -1 1 -2 0 2 -1 1 -2 0 2 -1 1 -2 0 2 -1 1 -2 0 2 -1 1 -2 0 2 -1 1 -2 0 2 -1 1 -2 0 2 -1 1 -2 0 2 -1 1 -2 0 2 -1 1 -2 0 2 -1 1 -2 0 2 -1 1 -2 0 2 -1 1 -2 0 2 -1 1 -2 0 2 -1
-2 1 -1 2 0 -2 1 -1 2 0 -2 1 -1 2 0 -2 1 -1 2 0 -2 1 -1 2 0 -2 1 -1 2 0 -2 1 -1 2 0 -2 1 -1 2 0 -2 1 -1 2 0 -2 1 -1 2 0 -2 1 -1 2 0 -2 1 -1 2 0 -2 1 -1 2 0 -2 1 -1 2 0 -2 1 -1 2 0 -2 1 -1 2 0 -2 1 -1 2 0 -2 1 -1 2 0 -2 1 -1 2 0 -2 1 -1 2 0 -2 1 -1 2 0 -2 1 -1 2 0 -2 1 -1 2 0 -2 1 -1 2 0 -2 1 -1 2 0 -2 1 -1 2 0 -2 1 -1 2 0 -2 1 -1 2 0 -2 1 -1 2 0 -2 1 -1 2 0 -2 1 -1 2 0 -2 1 -1 2 0 -2 1 -1 2 0 -2 1 -1 2 0 -2 1 -1 2 0 -2 1 -1 2 0 -2 1 -1 2 0 -2 1 -1 2 0 -2 1 -1 2 0 -2 1 -1 2 0 -2 1 -1 2 0 -2 1 -1 2 0 -2 1 -1 2 0 -2 1 -1 2 0 -2 1 -1 2 0 -2 1 -1 2 0 -2 1 -1 2 0 -2 1 -1 2 0 -2 1 -1 2 0 -2 1 -1 2 0 -2 1 -1 2 0 -2 1 -1 2 0 -2 1 -1 2 0 -2 1 -1 2 0 -2 1 -1 2 0 -2 1 -1 2 0 -2 1 -1 2 0 -2 1 -1 2 0 -2 1 -1 2 0 -2 1 -1 2 0 -2 1 -1 2 0 -2 1 -1 2 0 -2 1 -1 2 0 -2 1 -1 2 0 -2 1 -1 2 0 -2 1 -1 2 0 -2 1 -1 2 0 -2 1 -1 2 0 -2 1 -1 2 0 -2 1 -1 2 0 -2 1 -1 2 0 -2 1 -1 2 0 -2 1 -1 2 0 -2 1 -1 2 0 -2 1 -1 2 0 -2 1 -1 2 0 -2 1 -1 2 0 -2 1 -1 2 0 -2 1 -1 2 0 -2 1 -1 2 0 -2 1 -1 2 0 -2 1 -1 2 0 -2 1 -1 2 0 -2 1 -1 2 0 -2 1 -1 2 0 -2 1 -1 2 0 721 1 -1 2 0 -2 1 -1 2 0 -2 1 -1 2 0 -2 1 -1 2 0 -2 1 -1 2 0 -2 1 -1 2 0 -2 1 -1 2 0 -2 1 -1 2 0 -2 1 -1 2 0 -2 1 -1 2 0 -2 1 -1 2 0 -2 1 -1 2 0 -2 1 -1 2 0 -2 1 -1 2 0 -2 1 -1 2 0 -2 1 -1 2 0 -2 1 -1 2 0 -2 1 -1 2 0 -2 1 -1 2 0 -2 1 -1 2 0 -2 1 -1 2 0 -2 1 -1 2 0 -2 1 -1 2 0 -2 1 -1 2 0 -2 1 -1 2 0 -2 1 -1 2 0 -2 1 -1 2 0 -2 1 -1 2 0 -2 1 -1 2 0 -2 1 -1 2 0 -2 1 -1 2 0 -2 1 -1 2 0 -2 1 -1 2 0 -2 1 -1 2 0
0 -1 -2 2 1 0 -1 -2 2 1 0 -1 -2 2 1 0 -1 -2 2 1 0 -1 -2 2 1 0 -1 -2 2 1 0 -1 -2 2 1 0 -1 -2 2 1 0 -1 -2 2 1 0 -1 -2 2 1 0 -1 -2 2 1 0 -1 -2 2 1 0 -1 -2 2 1 0 -1 -2 2 1 0 -1 -2 2 1 0 -1 -2 2 1 0 -1 -2 2 1 0 -1 -2 2 1 0 -1 -2 2 1 0 -1 -2 2 1 0 -1 -2 2 1 0 -1 -2 2 1 0 -1 -2 2 1 0 -1 -2 2 1 0 -1 -2 2 1 0 -1 -2 2 1 0 -1 -2 2 1 0 -1 -2 2 1 0 -1 -2 2 1 0 -1 -2 2 1 0 -1 -2 2 1 0 -1 -2 2 1 0 -1 -2 2 1 0 -1 -2 2 1 0 -1 -2 2 1 0 -1 -2 2 1 0 -1 -2 2 1 0 -1 -2 2 1 0 -1 -2 2 1 0 -1 -2 2 1 0 -1 -2 2 1 0 -1 -2 2 1 0 -1 -2 2 1 0 -1 -2 2 1 0 -1 -2 2 1 0 -1 -2 2 1 0 -1 -2 2 1 0 -1 -2 2 1 0 -1 -2 2 1 0 -1 -2 2 1 0 -1 -2 2 1 0 -1 -2 2 1 0 -1 -2 2 1 0 -1 -2 2 1 0 -1 -2 2 1 0 -1 -2 2 1 0 -1 -2 2 1 0 -1 -2 2 1 0 -1 -2 2 1 0 -1 -2 2 1 0 -1 -2 2 1 0 -1 -2 2 1 0 -1 -2 2 1 0 -1 -2 2 1 0 -1 -2 2 1 0 -1 -2 2 1 0 -1 -2 2 1 0 -1 -2 2 1 0 -1 -2 2 1 0 -1 -2 2 1 0 -1 -2 2 1 0 -1 -2 2 1 0 -1 -2 2 1 0 -1 -2 2 1 0 -1 -2 2 1 0 -1 -2 2 1 0 -1 -2 2 1 0 -1 -2 2 1 0 -1 -2 2 1 0 -1 -2 2 1 0 -1 -2 2 1 0 -1 -2 2 1 0 -1 -2 2 1 0 -1 -2 2 1 0 -1 -2 2 1 0 -1 -2 2 1 0 722 -2 2 1 0 -1 -2 2 1 0 -1 -2 2 1 0 -1 -2 2 1 0 -1 -2 2 1 0 -1 -2 2 1 0 -1 -2 2 1 0 -1 -2 2 1 0 -1 -2 2 1 0 -1 -2 2 1 0 -1 -2 2 1 0 -1 -2 2 1 0 -1 -2 2 1 0 -1 -2 2 1 0 -1 -2 2 1 0 -1 -2 2 1 0 -1 -2 2 1 0 -1 -2 2 1 0 -1 -2 2 1 0 -1 -2 2 1 0 -1 -2 2 1 0 -1 -2 2 1 0 -1 -2 2 1 0 -1 -2 2 1 0 -1 -2 2 1 0 -1 -2 2 1 0 -1 -2 2 1 0 -1 -2 2 1 0 -1 -2 2 1 0 -1 -2 2 1 0 -1 -2 2 1 0 -1 -2 2 1 0 -1 -2 2 1 0 -1 -2 2 1
2 2 2 2 2 2 2 2 2 2 2 2 2 2 2 2 2 2 2 2 2 2 2 2 2 2 2 2 2 2 2 2 2 2 2 2 2 2 2 2 2 2 2 2 2 2 2 2 2 2 2 2 2 2 2 2 2 2 2 2 2 2 2 2 2 2 2 2 2 2 2 2 2 2 2 2 2 2 2 2 2 2 2 2 2 2 2 2 2 2 2 2 2 2 2 2 2 2 2 2 2 2 2 2 2 2 2 2 2 2 2 2 2 2 2 2 2 2 2 2 2 2 2 2 2 2 2 2 2 2 2 2 2 2 2 2 2 2 2 2 2 2 2 2 2 2 2 2 2 2 2 2 2 2 2 2 2 2 2 2 2 2 2 2 2 2 2 2 2 2 2 2 2 2 2 2 2 2 2 2 2 2 2 2 2 2 2 2 2 2 2 2 2 2 2 2 2 2 2 2 2 2 2 2 2 2 2 2 2 2 2 2 2 2 2 2 2 2 2 2 2 2 2 2 2 2 2 2 2 2 2 2 2 2 2 2 2 2 2 2 2 2 2 2 2 2 2 2 2 2 2 2 2 2 2 2 2 2 2 2 2 2 2 2 2 2 2 2 2 2 2 2 2 2 2 2 2 2 2 2 2 2 2 2 2 2 2 2 2 2 2 2 2 2 2 2 2 2 2 2 2 2 2 2 2 2 2 2 2 2 2 2 2 2 2 2 2 2 2 2 2 2 2 2 2 2 2 2 2 2 2 2 2 2 2 2 2 2 2 2 2 2 2 2 2 2 2 2 2 2 2 2 2 2 2 2 2 2 2 2 2 2 2 2 2 2 2 2 2 2 2 2 2 2 2 2 2 2 2 2 2 2 2 2 2 2 2 2 2 2 2 2 2 2 2 2 2 2 2 2 2 2 2 2 2 2 2 2 2 2 2 2 2 2 2 2 2 2 2 2 2 2 2 2 2 2 2 2 2 2 2 2 1201 2 2 2 2 2 2 2 2 2 2 2 2 2 2 2 2 2 2 2 2 2 2 2 2 2 2 2 2 2 2 2 2 2 2 2 2 2 2 2 2 2 2 2 2 2 2 2 2 2 2 2 2 2 2 2 2 2 2 2 2 2 2 2 2 2 2 2 2 2 2 2 2 2 2 2 2 2 2 2 2 2 2 2 2 2 2 2 2 2 2 2 2 2 2 2 2 2 2 2 2 2 2 2 2 2 2 2 2 2 2 2 2 2 2 2 2 2 2 2 2 2 2 2 2 2 2 2 2 2 2 2 2 2 2 2 2 2 2 2 2 2 2 2 2 2 2 2 2 2 2 2 2 2 2 2 2 2 2 2 2 2 2 2 2 2 2 2
-1 0 1 2 -2 -1 0 1 2 -2 -1 0 1 2 -2 -1 0 1 2 -2 -1 0 1 2 -2 -1 0 1 2 -2 -1 0 1 2 -2 -1 0 1 2 -2 -1 0 1 2 -2 -1 0 1 2 -2 -1 0 1 2 -2 -1 0 1 2 -2 -1 0 1 2 -2 -1 0 1 2 -2 -1 0 1 2 -2 -1 0 1 2 -2 -1 0 1 2 -2 -1 0 1 2 -2 -1 0 1 2 -2 -1 0 1 2 -2 -1 0 1 2 -2 -1 0 1 2 -2 -1 0 1 2 -2 -1 0 1 2 -2 -1 0 1 2 -2 -1 0 1 2 -2 -1 0 1 2 -2 -1 0 1 2 -2 -1 0 1 2 -2 -1 0 1 2 -2 -1 0 1 2 -2 -1 0 1 2 -2 -1 0 1 2 -2 -1 0 1 2 -2 -1 0 1 2 -2 -1 0 1 2 -2 -1 0 1 2 -2 -1 0 1 2 -2 -1 0 1 2 -2 -1 0 1 2 -2 -1 0 1 2 -2 -1 0 1 2 -2 -1 0 1 2 -2 -1 0 1 2 -2 -1 0 1 2 -2 -1 0 1 2 -2 -1 0 1 2 -2 -1 0 1 2 -2 -1 0 1 2 -2 -1 0 1 2 -2 -1 0 1 2 -2 -1 0 1 2 -2 -1 0 1 2 -2 -1 0 1 2 -2 -1 0 1 2 -2 -1 0 1 2 -2 -1 0 1 2 -2 -1 0 1 2 -2 -1 0 1 2 -2 -1 0 1 2 -2 -1 0 1 2 -2 -1 0 1 2 -2 -1 0 1 2 -2 -1 0 1 2 -2 -1 0 1 2 -2 -1 0 1 2 -2 -1 0 1 2 -2 -1 0 1 2 -2 -1 0 1 2 -2 -1 0 1 2 -2 -1 0 1 2 -2 -1 0 1 2 -2 -1 0 1 2 -2 -1 0 1 2 -2 -1 0 1 2 -2 -1 0 1 2 -2 -1 0 1 2 -2 -1 0 1 2 -2 -1 0 1 2 -2 -1 0 1 2 -2 -1 0 1 2 -2 -1 0 1 2 -2 -1 0 1 2 -2 -1 0 1 2 -2 -1 0 1 2 -2 -1 0 1 2 -2 -1 0 1 721 -2 -1 0 1 2 -2 -1 0 1 2 -2 -1 0 1 2 -2 -1 0 1 2 -2 -1 0 1 2 -2 -1 0 1 2 -2 -1 0 1 2 -2 -1 0 1 2 -2 -1 0 1 2 -2 -1 0 1 2 -2 -1 0 1 2 -2 -1 0 1 2 -2 -1 0 1 2 -2 -1 0 1 2 -2 -1 0 1 2 -2 -1 0 1 2 -2 -1 0 1 2 -2 -1 0 1 2 -2 -1 0 1 2 -2 -1 0 1 2 -2 -1 0 1 2 -2 -1 0 1 2 -2 -1 0 1 2 -2 -1 0 1 2 -2 -1 0 1 2 -2 -1 0 1 2 -2 -1 0 1 2 -2 -1 0 1 2 -2 -1 0 1 2 -2 -1 0 1 2 -2 -1 0 1 2 -2 -1 0 1 2 -2 -1 0 1 2 -2
1 -2 0 2 -1 1 -2 0 2 -1 1 -2 0 2 -1 1 -2 0 2 -1 1 -2 0 2 -1 1 -2 0 2 -1 1 -2 0 2 -1 1 -2 0 2 -1 1 -2 0 2 -1 1 -2 0 2 -1 1 -2 0 2 -1 1 -2 0 2 -1 1 -2 0 2 -1 1 -2 0 2 -1 1 -2 0 2 -1 1 -2 0 2 -1 1 -2 0 2 -1 1 -2 0 2 -1 1 -2 0 2 -1 1 -2 0 2 -1 1 -2 0 2 -1 1 -2 0 2 -1 1 -2 0 2 -1 1 -2 0 2 -1 1 -2 0 2 -1 1 -2 0 2 -1 1 -2 0 2 -1 1 -2 0 2 -1 1 -2 0 2 -1 1 -2 0 2 -1 1 -2 0 2 -1 1 -2 0 2 -1 1 -2 0 2 -1 1 -2 0 2 -1 1 -2 0 2 -1 1 -2 0 2 -1 1 -2 0 2 -1 1 -2 0 2 -1 1 -2 0 2 -1 1 -2 0 2 -1 1 -2 0 2 -1 1 -2 0 2 -1 1 -2 0 2 -1 1 -2 0 2 -1 1 -2 0 2 -1 1 -2 0 2 -1 1 -2 0 2 -1 1 -2 0 2 -1 1 -2 0 2 -1 1 -2 0 2 -1 1 -2 0 2 -1 1 -2 0 2 -1 1 -2 0 2 -1 1 -2 0 2 -1 1 -2 0 2 -1 1 -2 0 2 -1 1 -2 0 2 -1 1 -2 0 2 -1 1 -2 0 2 -1 1 -2 0 2 -1 1 -2 0 2 -1 1 -2 0 2 -1 1 -2 0 2 -1 1 -2 0 2 -1 1 -2 0 2 -1 1 -2 0 2 -1 1 -2 0 2 -1 1 -2 0 2 -1 1 -2 0 2 -1 1 -2 0 2 -1 1 -2 0 2 -1 1 -2 0 2 -1 1 -2 0 2 -1 1 -2 0 2 -1 1 -2 0 2 -1 1 -2 0 2 -1 1 -2 0 2 -1 1 -2 0 2 -1 1 -2 0 2 -1 1 -2 0 2 -1 1 -2 0 2 -1 1 -2 0 2 -1 1 -2 0 2 -1 1 -2 0 2 -1 1 -2 0 2 -1 1 -2 0 2 -1 1 -2 0 2 722 1 -2 0 2 -1 1 -2 0 2 -1 1 -2 0 2 -1 1 -2 0 2 -1 1 -2 0 2 -1 1 -2 0 2 -1 1 -2 0 2 -1 1 -2 0 2 -1 1 -2 0 2 -1 1 -2 0 2 -1 1 -2 0 2 -1 1 -2 0 2 -1 1 -2 0 2 -1 1 -2 0 2 -1 1 -2 0 2 -1 1 -2 0 2 -1 1 -2 0 2 -1 1 -2 0 2 -1 1 -2 0 2 -1 1 -2 0 2 -1 1 -2 0 2 -1 1 -2 0 2 -1 1 -2 0 2 -1 1 -2 0 2 -1 1 -2 0 2 -1 1 -2 0 2 -1 1 -2 0 2 -1 1 -2 0 2 -1 1 -2 0 2 -1 1 -2 0 2 -1 1 -2 0 2 -1 1 -2 0 2 -1 1 -2 0 2 -1
-2 1 -1 2 0 -2 1 -1 2 0 -2 1 -1 2 0 -2 1 -1 2 0 -2 1 -1 2 0 -2 1 -1 2 0 -2 1 -1 2 0 -2 1 -1 2 0 -2 1 -1 2 0 -2 1 -1 2 0 -2 1 -1 2 0 -2 1 -1 2 0 -2 1 -1 2 0 -2 1 -1 2 0 -2 1 -1 2 0 -2 1 -1 2 0 -2 1 -1 2 0 -2 1 -1 2 0 -2 1 -1 2 0 -2 1 -1 2 0 -2 1 -1 2 0 -2 1 -1 2 0 -2 1 -1 2 0 -2 1 -1 2 0 -2 1 -1 2 0 -2 1 -1 2 0 -2 1 -1 2 0 -2 1 -1 2 0 -2 1 -1 2 0 -2 1 -1 2 0 -2 1 -1 2 0 -2 1 -1 2 0 -2 1 -1 2 0 -2 1 -1 2 0 -2 1 -1 2 0 -2 1 -1 2 0 -2 1 -1 2 0 -2 1 -1 2 0 -2 1 -1 2 0 -2 1 -1 2 0 -2 1 -1 2 0 -2 1 -1 2 0 -2 1 -1 2 0 -2 1 -1 2 0 -2 1 -1 2 0 -2 1 -1 2 0 -2 1 -1 2 0 -2 1 -1 2 0 -2 1 -1 2 0 -2 1 -1 2 0 -2 1 -1 2 0 -2 1 -1 2 0 -2 1 -1 2 0 -2 1 -1 2 0 -2 1 -1 2 0 -2 1 -1 2 0 -2 1 -1 2 0 -2 1 -1 2 0 -2 1 -1 2 0 -2 1 -1 2 0 -2 1 -1 2 0 -2 1 -1 2 0 -2 1 -1 2 0 -2 1 -1 2 0 -2 1 -1 2 0 -2 1 -1 2 0 -2 1 -1 2 0 -2 1 -1 2 0 -2 1 -1 2 0 -2 1 -1 2 0 -2 1 -1 2 0 -2 1 -1 2 0 -2 1 -1 2 0 -2 1 -1 2 0 -2 1 -1 2 0 -2 1 -1 2 0 -2 1 -1 2 0 -2 1 -1 2 0 -2 1 -1 2 0 -2 1 -1 2 0 -2 1 -1 2 0 -2 1 -1 2 0 -2 1 -1 2 0 -2 1 -1 2 0 -2 1 -1 2 0 -2 1 -1 2 0 -2 1 -1 2 0 721 1 -1 2 0 -2 1 -1 2 0 -2 1 -1 2 0 -2 1 -1 2 0 -2 1 -1 2 0 -2 1 -1 2 0 -2 1 -1 2 0 -2 1 -1 2 0 -2 1 -1 2 0 -2 1 -1 2 0 -2 1 -1 2 0 -2 1 -1 2 0 -2 1 -1 2 0 -2 1 -1 2 0 -2 1 -1 2 0 -2 1 -1 2 0 -2 1 -1 2 0 -2 1 -1 2 0 -2 1 -1 2 0 -2 1 -1 2 0 -2 1 -1 2 0 -2 1 -1 2 0 -2 1 -1 2 0 -2 1 -1 2 0 -2 1 -1 2 0 -2 1 -1 2 0 -2 1 -1 2 0 -2 1 -1 2 0 -2 1 -1 2 0 -2 1 -1 2 0 -2 1 -1 2 0 -2 1 -1 2 0 -2 1 -1 2 0
0 -1 -2 2 1 0 -1 -2 2 1 0 -1 -2 2 1 0 -1 -2 2 1 0 -1 -2 2 1 0 -1 -2 2 1 0 -1 -2 2 1 0 -1 -2 2 1 0 -1 -2 2 1 0 -1 -2 2 1 0 -1 -2 2 1 0 -1 -2 2 1 0 -1 -2 2 1 0 -1 -2 2 1 0 -1 -2 2 1 0 -1 -2 2 1 0 -1 -2 2 1 0 -1 -2 2 1 0 -1 -2 2 1 0 -1 -2 2 1 0 -1 -2 2 1 0 -1 -2 2 1 0 -1 -2 2 1 0 -1 -2 2 1 0 -1 -2 2 1 0 -1 -2 2 1 0 -1 -2 2 1 0 -1 -2 2 1 0 -1 -2 2 1 0 -1 -2 2 1 0 -1 -2 2 1 0 -1 -2 2 1 0 -1 -2 2 1 0 -1 -2 2 1 0 -1 -2 2 1 0 -1 -2 2 1 0 -1 -2 2 1 0 -1 -2 2 1 0 -1 -2 2 1 0 -1 -2 2 1 0 -1 -2 2 1 0 -1 -2 2 1 0 -1 -2 2 1 0 -1 -2 2 1 0 -1 -2 2 1 0 -1 -2 2 1 0 -1 -2 2 1 0 -1 -2 2 1 0 -1 -2 2 1 0 -1 -2 2 1 0 -1 -2 2 1 0 -1 -2 2 1 0 -1 -2 2 1 0 -1 -2 2 1 0 -1 -2 2 1 0 -1 -2 2 1 0 -1 -2 2 1 0 -1 -2 2 1 0 -1 -2 2 1 0 -1 -2 2 1 0 -1 -2 2 1 0 -1 -2 2 1 0 -1 -2 2 1 0 -1 -2 2 1 0 -1 -2 2 1 0 -1 -2 2 1 0 -1 -2 2 1 0 -1 -2 2 1 0 -1 -2 2 1 0 -1 -2 2 1 0 -1 -2 2 1 0 -1 -2 2 1 0 -1 -2 2 1 0 -1 -2 2 1 0 -1 -2 2 1 0 -1 -2 2 1 0 -1 -2 2 1 0 -1 -2 2 1 0 -1 -2 2 1 0 -1 -2 2 1 0 -1 -2 2 1 0 -1 -2 2 1 0 -1 -2 2 1 0 -1 -2 2 1 0 -1 -2 2 1 0 -1 -2 2 1 0 -1 -2 2 1 0 722 -2 2 1 0 -1 -2 2 1 0 -1 -2 2 1 0 -1 -2 2 1 0 -1 -2 2 1 0 -1 -2 2 1 0 -1 -2 2 1 0 -1 -2 2 1 0 -1 -2 2 1 0 -1 -2 2 1 0 -1 -2 2 1 0 -1 -2 2 1 0 -1 -2 2 1 0 -1 -2 2 1 0 -1 -2 2 1 0 -1 -2 2 1 0 -1 -2 2 1 0 -1 -2 2 1 0 -1 -2 2 1 0 -1 -2 2 1 0 -1 -2 2 1 0 -1 -2 2 1 0 -1 -2 2 1 0 -1 -2 2 1 0 -1 -2 2 1 0 -1 -2 2 1 0 -1 -2 2 1 0 -1 -2 2 1 0 -1 -2 2 1 0 -1 -2 2 1 0 -1 -2 2 1 0 -1 -2 2 1 0 -1 -2 2 1
2 2 2 2 2 2 2 2 2 2 2 2 2 2 2 2 2 2 2 2 2 2 2 2 2 2 2 2 2 2 2 2 2 2 2 2 2 2 2 2 2 2 2 2 2 2 2 2 2 2 2 2 2 2 2 2 2 2 2 2 2 2 2 2 2 2 2 2 2 2 2 2 2 2 2 2 2 2 2 2 2 2 2 2 2 2 2 2 2 2 2 2 2 2 2 2 2 2 2 2 2 2 2 2 2 2 2 2 2 2 2 2 2 2 2 2 2 2 2 2 2 2 2 2 2 2 2 2 2 2 2 2 2 2 2 2 2 2 2 2 2 2 2 2 2 2 2 2 2 2 2 2 2 2 2 2 2 2 2 2 2 2 2 2 2 2 2 2 2 2 2 2 2 2 2 2 2 2 2 2 2 2 2 2 2 2 2 2 2 2 2 2 2 2 2 2 2 2 2 2 2 2 2 2 2 2 2 2 2 2 2 2 2 2 2 2 2 2 2 2 2 2 2 2 2 2 2 2 2 2 2 2 2 2 2 2 2 2 2 2 2 2 2 2 2 2 2 2 2 2 2 2 2 2 2 2 2 2 2 2 2 2 2 2 2 2 2 2 2 2 2 2 2 2 2 2 2 2 2 2 2 2 2 2 2 2 2 2 2 2 2 2 2 2 2 2 2 2 2 2 2 2 2 2 2 2 2 2 2 2 2 2 2 2 2 2 2 2 2 2 2 2 2 2 2 2 2 2 2 2 2 2 2 2 2 2 2 2 2 2 2 2 2 2 2 2 2 2 2 2 2 2 2 2 2 2 2 2 2 2 2 2 2 2 2 2 2 2 2 2 2 2 2 2 2 2 2 2 2 2 2 2 2 2 2 2 2 2 2 2 2 2 2 2 2 2 2 2 2 2 2 2 2 2 2 2 2 2 2 2 2 2 2 2 2 2 2 2 2 2 2 2 2 2 2 2 2 2 2 2 2 2 2 2 2 2 2 1201 2 2 2 2 2 2 2 2 2 2 2 2 2 2 2 2 2 2 2 2 2 2 2 2 2 2 2 2 2 2 2 2 2 2 2 2 2 2 2 2 2 2 2 2 2 2 2 2 2 2 2 2 2 2 2 2 2 2 2 2 2 2 2 2 2 2 2 2 2 2 2 2 2 2 2 2 2 2 2 2 2 2 2 2 2 2 2 2 2 2 2 2 2 2 2 2 2 2 2 2 2 2 2 2 2 2 2 2 2 2 2 2 2 2 2 2 2 2 2 2 2 2 2 2 2 2 2 2 2 2 2 2 2 2 2 2 2 2 2 2 2 2 2 2 2 2 2 2 2 2 2 2 2 2 2 2 2 2 2 2 2 2
-1 0 1 2 -2 -1 0 1 2 -2 -1 0 1 2 -2 -1 0 1 2 -2 -1 0 1 2 -2 -1 0 1 2 -2 -1 0 1 2 -2 -1 0 1 2 -2 -1 0 1 2 -2 -1 0 1 2 -2 -1 0 1 2 -2 -1 0 1 2 -2 -1 0 1 2 -2 -1 0 1 2 -2 -1 0 1 2 -2 -1 0 1 2 -2 -1 0 1 2 -2 -1 0 1 2 -2 -1 0 1 2 -2 -1 0 1 2 -2 -1 0 1 2 -2 -1 0 1 2 -2 -1 0 1 2 -2 -1 0 1 2 -2 -1 0 1 2 -2 -1 0 1 2 -2 -1 0 1 2 -2 -1 0 1 2 -2 -1 0 1 2 -2 -1 0 1 2 -2 -1 0 1 2 -2 -1 0 1 2 -2 -1 0 1 2 -2 -1 0 1 2 -2 -1 0 1 2 -2 -1 0 1 2 -2 -1 0 1 2 -2 -1 0 1 2 -2 -1 0 1 2 -2 -1 0 1 2 -2 -1 0 1 2 -2 -1 0 1 2 -2 -1 0 1 2 -2 -1 0 1 2 -2 -1 0 1 2 -2 -1 0 1 2 -2 -1 0 1 2 -2 -1 0 1 2 -2 -1 0 1 2 -2 -1 0 1 2 -2 -1 0 1 2 -2 -1 0 1 2 -2 -1 0 1 2 -2 -1 0 1 2 -2 -1 0 1 2 -2 -1 0 1 2 -2 -1 0 1 2 -2 -1 0 1 2 -2 -1 0 1 2 -2 -1 0 1 2 -2 -1 0 1 2 -2 -1 0 1 2 -2 -1 0 1 2 -2 -1 0 1 2 -2 -1 0 1 2 -2 -1 0 1 2 -2 -1 0 1 2 -2 -1 0 1 2 -2 -1 0 1 2 -2 -1 0 1 2 -2 -1 0 1 2 -2 -1 0 1 2 -2 -1 0 1 2 -2 -1 0 1 2 -2 -1 0 1 2 -2 -1 0 1 2 -2 -1 0 1 2 -2 -1 0 1 2 -2 -1 0 1 2 -2 -1 0 1 2 -2 -1 0 1 2 -2 -1 0 1 2 -2 -1 0 1 2 -2 -1 0 1 2 -2 -1 0 1 2 -2 -1 0 1 2 -2 -1 0 1 2 -2 -1 0 1 721 -2 -1 0 1 2 -2 -1 0 1 2 -2 -1 0 1 2 -2 -1 0 1 2 -2 -1 0 1 2 -2 -1 0 1 2 -2 -1 0 1 2 -2 -1 0 1 2 -2 -1 0 1 2 -2 -1 0 1 2 -2 -1 0 1 2 -2 -1 0 1 2 -2 -1 0 1 2 -2 -1 0 1 2 -2 -1 0 1 2 -2 -1 0 1 2 -2 -1 0 1 2 -2 -1 0 1 2 -2 -1 0 1 2 -2 -1 0 1 2 -2 -1 0 1 2 -2 -1 0 1 2 -2 -1 0 1 2 -2 -1 0 1 2 -2 -1 0 1 2 -2 -1 0 1 2 -2 -1 0 1 2 -2 -1 0 1 2 -2 -1 0 1 2 -2 -1 0 1 2 -2 -1 0 1 2 -2 -1 0 1 2 -2
1 -2 0 2 -1 1 -2 0 2 -1 1 -2 0 2 -1 1 -2 0 2 -1 1 -2 0 2 -1 1 -2 0 2 -1 1 -2 0 2 -1 1 -2 0 2 -1 1 -2 0 2 -1 1 -2 0 2 -1 1 -2 0 2 -1 1 -2 0 2 -1 1 -2 0 2 -1 1 -2 0 2 -1 1 -2 0 2 -1 1 -2 0 2 -1 1 -2 0 2 -1 1 -2 0 2 -1 1 -2 0 2 -1 1 -2 0 2 -1 1 -2 0 2 -1 1 -2 0 2 -1 1 -2 0 2 -1 1 -2 0 2 -1 1 -2 0 2 -1 1 -2 0 2 -1 1 -2 0 2 -1 1 -2 0 2 -1 1 -2 0 2 -1 1 -2 0 2 -1 1 -2 0 2 -1 1 -2 0 2 -1 1 -2 0 2 -1 1 -2 0 2 -1 1 -2 0 2 -1 1 -2 0 2 -1 1 -2 0 2 -1 1 -2 0 2 -1 1 -2 0 2 -1 1 -2 0 2 -1 1 -2 0 2 -1 1 -2 0 2 -1 1 -2 0 2 -1 1 -2 0 2 -1 1 -2 0 2 -1 1 -2 0 2 -1 1 -2 0 2 -1 1 -2 0 2 -1 1 -2 0 2 -1 1 -2 0 2 -1 1 -2 0 2 -1 1 -2 0 2 -1 1 -2 0 2 -1 1 -2 0 2 -1 1 -2 0 2 -1 1 -2 0 2 -1 1 -2 0 2 -1 1 -2 0 2 -1 1 -2 0 2 -1 1 -2 0 2 -1 1 -2 0 2 -1 1 -2 0 2 -1 1 -2 0 2 -1 1 -2 0 2 -1 1 -2 0 2 -1 1 -2 0 2 -1 1 -2 0 2 -1 1 -2 0 2 -1 1 -2 0 2 -1 1 -2 0 2 -1 1 -2 0 2 -1 1 -2 0 2 -1 1 -2 0 2 -1 1 -2 0 2 -1 1 -2 0 2 -1 1 -2 0 2 -1 1 -2 0 2 -1 1 -2 0 2 -1 1 -2 0 2 -1 1 -2 0 2 -1 1 -2 0 2 -1 1 -2 0 2 -1 1 -2 0 2 -1 1 -2 0 2 -1 1 -2 0 2 -1 1 -2 0 2 -1 1 -2 0 2 -1 1 -2 0 2 722 1 -2 0 2 -1 1 -2 0 2 -1 1 -2 0 2 -1 1 -2 0 2 -1 1 -2 0 2 -1 1 -2 0 2 -1 1 -2 0 2 -1 1 -2 0 2 -1 1 -2 0 2 -1 1 -2 0 2 -1 1 -2 0 2 -1 1 -2 0 2 -1 1 -2 0 2 -1 1 -2 0 2 -1 1 -2 0 2 -1 1 -2 0 2 -1 1 -2 0 2 -1 1 -2 0 2 -1 1 -2 0 2 -1 1 -2 0 2 -1 1 -2 0 2 -1 1 -2 0 2 -1 1 -2 0 2 -1 1 -2 0 2 -1 1 -2 0 2 -1 1 -2 0 2 -1 1 -2 0 2 -1 1 -2 0 2 -1 1 -2 0 2 -1 1 -2 0 2 -1 1 -2 0 2 -1 1 -2 0 2 -1
-2 1 -1 2 0 -2 1 -1 2 0 -2 1 -1 2 0 -2 1 -1 2 0 -2 1 -1 2 0 -2 1 -1 2 0 -2 1 -1 2 0 -2 1 -1 2 0 -2 1 -1 2 0 -2 1 -1 2 0 -2 1 -1 2 0 -2 1 -1 2 0 -2 1 -1 2 0 -2 1 -1 2 0 -2 1 -1 2 0 -2 1 -1 2 0 -2 1 -1 2 0 -2 1 -1 2 0 -2 1 -1 2 0 -2 1 -1 2 0 -2 1 -1 2 0 -2 1 -1 2 0 -2 1 -1 2 0 -2 1 -1 2 0 -2 1 -1 2 0 -2 1 -1 2 0 -2 1 -1 2 0 -2 1 -1 2 0 -2 1 -1 2 0 -2 1 -1 2 0 -2 1 -1 2 0 -2 1 -1 2 0 -2 1 -1 2 0 -2 1 -1 2 0 -2 1 -1 2 0 -2 1 -1 2 0 -2 1 -1 2 0 -2 1 -1 2 0 -2 1 -1 2 0 -2 1 -1 2 0 -2 1 -1 2 0 -2 1 -1 2 0 -2 1 -1 2 0 -2 1 -1 2 0 -2 1 -1 2 0 -2 1 -1 2 0 -2 1 -1 2 0 -2 1 -1 2 0 -2 1 -1 2 0 -2 1 -1 2 0 -2 1 -1 2 0 -2 1 -1 2 0 -2 1 -1 2 0 -2 1 -1 2 0 -2 1 -1 2 0 -2 1 -1 2 0 -2 1 -1 2 0 -2 1 -1 2 0 -2 1 -1 2 0 -2 1 -1 2 0 -2 1 -1 2 0 -2 1 -1 2 0 -2 1 -1 2 0 -2 1 -1 2 0 -2 1 -1 2 0 -2 1 -1 2 0 -2 1 -1 2 0 -2 1 -1 2 0 -2 1 -1 2 0 -2 1 -1 2 0 -2 1 -1 2 0 -2 1 -1 2 0 -2 1 -1 2 0 -2 1 -1 2 0 -2 1 -1 2 0 -2 1 -1 2 0 -2 1 -1 2 0 -2 1 -1 2 0 -2 1 -1 2 0 -2 1 -1 2 0 -2 1 -1 2 0 -2 1 -1 2 0 -2 1 -1 2 0 -2 1 -1 2 0 -2 1 -1 2 0 -2 1 -1 2 0 -2 1 -1 2 0 -2 1 -1 2 0 721 1 -1 2 0 -2 1 -1 2 0 -2 1 -1 2 0 -2 1 -1 2 0 -2 1 -1 2 0 -2 1 -1 2 0 -2 1 -1 2 0 -2 1 -1 2 0 -2 1 -1 2 0 -2 1 -1 2 0 -2 1 -1 2 0 -2 1 -1 2 0 -2 1 -1 2 0 -2 1 -1 2 0 -2 1 -1 2 0 -2 1 -1 2 0 -2 1 -1 2 0 -2 1 -1 2 0 -2 1 -1 2 0 -2 1 -1 2 0 -2 1 -1 2 0 -2 1 -1 2 0 -2 1 -1 2 0 -2 1 -1 2 0 -2 1 -1 2 0 -2 1 -1 2 0 -2 1 -1 2 0 -2 1 -1 2 0 -2 1 -1 2 0 -2 1 -1 2 0 -2 1 -1 2 0 -2 1 -1 2 0
0 -1 -2 2 1 0 -1 -2 2 1 0 -1 -2 2 1 0 -1 -2 2 1 0 -1 -2 2 1 0 -1 -2 2 1 0 -1 -2 2 1 0 -1 -2 2 1 0 -1 -2 2 1 0 -1 -2 2 1 0 -1 -2 2 1 0 -1 -2 2 1 0 -1 -2 2 1 0 -1 -2 2 1 0 -1 -2 2 1 0 -1 -2 2 1 0 -1 -2 2 1 0 -1 -2 2 1 0 -1 -2 2 1 0 -1 -2 2 1 0 -1 -2 2 1 0 -1 -2 2 1 0 -1 -2 2 1 0 -1 -2 2 1 0 -1 -2 2 1 0 -1 -2 2 1 0 -1 -2 2 1 0 -1 -2 2 1 0 -1 -2 2 1 0 -1 -2 2 1 0 -1 -2 2 1 0 -1 -2 2 1 0 -1 -2 2 1 0 -1 -2 2 1 0 -1 -2 2 1 0 -1 -2 2 1 0 -1 -2 2 1 0 -1 -2 2 1 0 -1 -2 2 1 0 -1 -2 2 1 0 -1 -2 2 1 0 -1 -2 2 1 0 -1 -2 2 1 0 -1 -2 2 1 0 -1 -2 2 1 0 -1 -2 2 1 0 -1 -2 2 1 0 -1 -2 2 1 0 -1 -2 2 1 0 -1 -2 2 1 0 -1 -2 2 1 0 -1 -2 2 1 0 -1 -2 2 1 0 -1 -2 2 1 0 -1 -2 2 1 0 -1 -2 2 1 0 -1 -2 2 1 0 -1 -2 2 1 0 -1 -2 2 1 0 -1 -2 2 1 0 -1 -2 2 1 0 -1 -2 2 1 0 -1 -2 2 1 0 -1 -2 2 1 0 -1 -2 2 1 0 -1 -2 2 1 0 -1 -2 2 1 0 -1 -2 2 1 0 -1 -2 2 1 0 -1 -2 2 1 0 -1 -2 2 1 0 -1 -2 2 1 0 -1 -2 2 1 0 -1 -2 2 1 0 -1 -2 2 1 0 -1 -2 2 1 0 -1 -2 2 1 0 -1 -2 2 1 0 -1 -2 2 1 0 -1 -2 2 1 0 -1 -2 2 1 0 -1 -2 2 1 0 -1 -2 2 1 0 -1 -2 2 1 0 -1 -2 2 1 0 -1 -2 2 1 0 -1 -2 2 1 0 -1 -2 2 1 0 722 -2 2 1 0 -1 -2 2 1 0 -1 -2 2 1 0 -1 -2 2 1 0 -1 -2 2 1 0 -1 -2 2 1 0 -1 -2 2 1 0 -1 -2 2 1 0 -1 -2 2 1 0 -1 -2 2 1 0 -1 -2 2 1 0 -1 -2 2 1 0 -1 -2 2 1 0 -1 -2 2 1 0 -1 -2 2 1 0 -1 -2 2 1 0 -1 -2 2 1 0 -1 -2 2 1 0 -1 -2 2 1 0 -1 -2 2 1 0 -1 -2 2 1 0 -1 -2 2 1 0 -1 -2 2 1 0 -1 -2 2 1 0 -1 -2 2 1 0 -1 -2 2 1 0 -1 -2 2 1 0 -1 -2 2 1 0 -1 -2 2 1 0 -1 -2 2 1 0 -1 -2 2 1 0 -1 -2 2 1
2 2 2 2 2 2 2 2 2 2 2 2 2 2 2 2 2 2 2 2 2 2 2 2 2 2 2 2 2 2 2 2 2 2 2 2 2 2 2 2 2 2 2 2 2 2 2 2 2 2 2 2 2 2 2 2 2 2 2 2 2 2 2 2 2 2 2 2 2 2 2 2 2 2 2 2 2 2 2 2 2 2 2 2 2 2 2 2 2 2 2 2 2 2 2 2 2 2 2 2 2 2 2 2 2 2 2 2 2 2 2 2 2 2 2 2 2 2 2 2 2 2 2 2 2 2 2 2 2 2 2 2 2 2 2 2 2 2 2 2 2 2 2 2 2 2 2 2 2 2 2 2 2 2 2 2 2 2 2 2 2 2 2 2 2 2 2 2 2 2 2 2 2 2 2 2 2 2 2 2 2 2 2 2 2 2 2 2 2 2 2 2 2 2 2 2 2 2 2 2 2 2 2 2 2 2 2 2 2 2 2 2 2 2 2 2 2 2 2 2 2 2 2 2 2 2 2 2 2 2 2 2 2 2 2 2 2 2 2 2 2 2 2 2 2 2 2 2 2 2 2 2 2 2 2 2 2 2 2 2 2 2 2 2 2 2 2 2 2 2 2 2 2 2 2 2 2 2 2 2 2 2 2 2 2 2 2 2 2 2 2 2 2 2 2 2 2 2 2 2 2 2 2 2 2 2 2 2 2 2 2 2 2 2 2 2 2 2 2 2 2 2 2 2 2 2 2 2 2 2 2 2 2 2 2 2 2 2 2 2 2 2 2 2 2 2 2 2 2 2 2 2 2 2 2 2 2 2 2 2 2 2 2 2 2 2 2 2 2 2 2 2 2 2 2 2 2 2 2 2 2 2 2 2 2 2 2 2 2 2 2 2 2 2 2 2 2 2 2 2 2 2 2 2 2 2 2 2 2 2 2 2 2 2 2 2 2 2 2 2 2 2 2 2 2 2 2 2 2 2 2 2 2 2 2 2 2 2 2 2 2 2 1201 2 2 2 2 2 2 2 2 2 2 2 2 2 2 2 2 2 2 2 2 2 2 2 2 2 2 2 2 2 2 2 2 2 2 2 2 2 2 2 2 2 2 2 2 2 2 2 2 2 2 2 2 2 2 2 2 2 2 2 2 2 2 2 2 2 2 2 2 2 2 2 2 2 2 2 2 2 2 2 2 2 2 2 2 2 2 2 2 2 2 2 2 2 2 2 2 2 2 2 2 2 2 2 2 2 2 2 2 2 2 2 2 2 2 2 2 2 2 2 2 2 2 2 2 2 2 2 2 2 2 2 2 2 2 2 2 2 2 2 2 2 2 2 2 2 2 2 2 2 2 2 2 2 2 2 2 2
-1 0 1 2 -2 -1 0 1 2 -2 -1 0 1 2 -2 -1 0 1 2 -2 -1 0 1 2 -2 -1 0 1 2 -2 -1 0 1 2 -2 -1 0 1 2 -2 -1 0 1 2 -2 -1 0 1 2 -2 -1 0 1 2 -2 -1 0 1 2 -2 -1 0 1 2 -2 -1 0 1 2 -2 -1 0 1 2 -2 -1 0 1 2 -2 -1 0 1 2 -2 -1 0 1 2 -2 -1 0 1 2 -2 -1 0 1 2 -2 -1 0 1 2 -2 -1 0 1 2 -2 -1 0 1 2 -2 -1 0 1 2 -2 -1 0 1 2 -2 -1 0 1 2 -2 -1 0 1 2 -2 -1 0 1 2 -2 -1 0 1 2 -2 -1 0 1 2 -2 -1 0 1 2 -2 -1 0 1 2 -2 -1 0 1 2 -2 -1 0 1 2 -2 -1 0 1 2 -2 -1 0 1 2 -2 -1 0 1 2 -2 -1 0 1 2 -2 -1 0 1 2 -2 -1 0 1 2 -2 -1 0 1 2 -2 -1 0 1 2 -2 -1 0 1 2 -2 -1 0 1 2 -2 -1 0 1 2 -2 -1 0 1 2 -2 -1 0 1 2 -2 -1 0 1 2 -2 -1 0 1 2 -2 -1 0 1 2 -2 -1 0 1 2 -2 -1 0 1 2 -2 -1 0 1 2 -2 -1 0 1 2 -2 -1 0 1 2 -2 -1 0 1 2 -2 -1 0 1 2 -2 -1 0 1 2 -2 -1 0 1 2 -2 -1 0 1 2 -2 -1 0 1 2 -2 -1 0 1 2 -2 -1 0 1 2 -2 -1 0 1 2 -2 -1 0 1 2 -2 -1 0 1 2 -2 -1 0 1 2 -2 -1 0 1 2 -2 -1 0 1 2 -2 -1 0 1 2 -2 -1 0 1 2 -2 -1 0 1 2 -2 -1 0 1 2 -2 -1 0 1 2 -2 -1 0 1 2 -2 -1 0 1 2 -2 -1 0 1 2 -2 -1 0 1 2 -2 -1 0 1 2 -2 -1 0 1 2 -2 -1 0 1 2 -2 -1 0 1 2 -2 -1 0 1 2 -2 -1 0 1 2 -2 -1 0 1 2 -2 -1 0 1 2 -2 -1 0 1 2 -2 -1 0 1 2 -2 -1 0 1 721 -2 -1 0 1 2 -2 -1 0 1 2 -2 -1 0 1 2 -2 -1 0 1 2 -2 -1 0 1 2 -2 -1 0 1 2 -2 -1 0 1 2 -2 -1 0 1 2 -2 -1 0 1 2 -2 -1 0 1 2 -2 -1 0 1 2 -2 -1 0 1 2 -2 -1 0 1 2 -2 -1 0 1 2 -2 -1 0 1 2 -2 -1 0 1 2 -2 -1 0 1 2 -2 -1 0 1 2 -2 -1 0 1 2 -2 -1 0 1 2 -2 -1 0 1 2 -2 -1 0 1 2 -2 -1 0 1 2 -2 -1 0 1 2 -2 -1 0 1 2 -2 -1 0 1 2 -2 -1 0 1 2 -2 -1 0 1 2 -2 -1 0 1 2 -2 -1 0 1 2 -2 -1 0 1 2 -2
1 -2 0 2 -1 1 -2 0 2 -1 1 -2 0 2 -1 1 -2 0 2 -1 1 -2 0 2 -1 1 -2 0 2 -1 1 -2 0 2 -1 1 -2 0 2 -1 1 -2 0 2 -1 1 -2 0 2 -1 1 -2 0 2 -1 1 -2 0 2 -1 1 -2 0 2 -1 1 -2 0 2 -1 1 -2 0 2 -1 1 -2 0 2 -1 1 -2 0 2 -1 1 -2 0 2 -1 1 -2 0 2 -1 1 -2 0 2 -1 1 -2 0 2 -1 1 -2 0 2 -1 1 -2 0 2 -1 1 -2 0 2 -1 1 -2 0 2 -1 1 -2 0 2 -1 1 -2 0 2 -1 1 -2 0 2 -1 1 -2 0 2 -1 1 -2 0 2 -1 1 -2 0 2 -1 1 -2 0 2 -1 1 -2 0 2 -1 1 -2 0 2 -1 1 -2 0 2 -1 1 -2 0 2 -1 1 -2 0 2 -1 1 -2 0 2 -1 1 -2 0 2 -1 1 -2 0 2 -1 1 -2 0 2 -1 1 -2 0 2 -1 1 -2 0 2 -1 1 -2 0 2 -1 1 -2 0 2 -1 1 -2 0 2 -1 1 -2 0 2 -1 1 -2 0 2 -1 1 -2 0 2 -1 1 -2 0 2 -1 1 -2 0 2 -1 1 -2 0 2 -1 1 -2 0 2 -1 1 -2 0 2 -1 1 -2 0 2 -1 1 -2 0 2 -1 1 -2 0 2 -1 1 -2 0 2 -1 1 -2 0 2 -1 1 -2 0 2 -1 1 -2 0 2 -1 1 -2 0 2 -1 1 -2 0 2 -1 1 -2 0 2 -1 1 -2 0 2 -1 1 -2 0 2 -1 1 -2 0 2 -1 1 -2 0 2 -1 1 -2 0 2 -1 1 -2 0 2 -1 1 -2 0 2 -1 1 -2 0 2 -1 1 -2 0 2 -1 1 -2 0 2 -1 1 -2 0 2 -1 1 -2 0 2 -1 1 -2 0 2 -1 1 -2 0 2 -1 1 -2 0 2 -1 1 -2 0 2 -1 1 -2 0 2 -1 1 -2 0 2 -1 1 -2 0 2 -1 1 -2 0 2 -1 1 -2 0 2 -1 1 -2 0 2 -1 1 -2 0 2 -1 1 -2 0 2 -1 1 -2 0 2 722 1 -2 0 2 -1 1 -2 0 2 -1 1 -2 0 2 -1 1 -2 0 2 -1 1 -2 0 2 -1 1 -2 0 2 -1 1 -2 0 2 -1 1 -2 0 2 -1 1 -2 0 2 -1 1 -2 0 2 -1 1 -2 0 2 -1 1 -2 0 2 -1 1 -2 0 2 -1 1 -2 0 2 -1 1 -2 0 2 -1 1 -2 0 2 -1 1 -2 0 2 -1 1 -2 0 2 -1 1 -2 0 2 -1 1 -2 0 2 -1 1 -2 0 2 -1 1 -2 0 2 -1 1 -2 0 2 -1 1 -2 0 2 -1 1 -2 0 2 -1 1 -2 0 2 -1 1 -2 0 2 -1 1 -2 0 2 -1 1 -2 0 2 -1 1 -2 0 2 -1 1 -2 0 2 -1
-2 1 -1 2 0 -2 1 -1 2 0 -2 1 -1 2 0 -2 1 -1 2 0 -2 1 -1 2 0 -2 1 -1 2 0 -2 1 -1 2 0 -2 1 -1 2 0 -2 1 -1 2 0 -2 1 -1 2 0 -2 1 -1 2 0 -2 1 -1 2 0 -2 1 -1 2 0 -2 1 -1 2 0 -2 1 -1 2 0 -2 1 -1 2 0 -2 1 -1 2 0 -2 1 -1 2 0 -2 1 -1 2 0 -2 1 -1 2 0 -2 1 -1 2 0 -2 1 -1 2 0 -2 1 -1 2 0 -2 1 -1 2 0 -2 1 -1 2 0 -2 1 -1 2 0 -2 1 -1 2 0 -2 1 -1 2 0 -2 1 -1 2 0 -2 1 -1 2 0 -2 1 -1 2 0 -2 1 -1 2 0 -2 1 -1 2 0 -2 1 -1 2 0 -2 1 -1 2 0 -2 1 -1 2 0 -2 1 -1 2 0 -2 1 -1 2 0 -2 1 -1 2 0 -2 1 -1 2 0 -2 1 -1 2 0 -2 1 -1 2 0 -2 1 -1 2 0 -2 1 -1 2 0 -2 1 -1 2 0 -2 1 -1 2 0 -2 1 -1 2 0 -2 1 -1 2 0 -2 1 -1 2 0 -2 1 -1 2 0 -2 1 -1 2 0 -2 1 -1 2 0 -2 1 -1 2 0 -2 1 -1 2 0 -2 1 -1 2 0 -2 1 -1 2 0 -2 1 -1 2 0 -2 1 -1 2 0 -2 1 -1 2 0 -2 1 -1 2 0 -2 1 -1 2 0 -2 1 -1 2 0 -2 1 -1 2 0 -2 1 -1 2 0 -2 1 -1 2 0 -2 1 -1 2 0 -2 1 -1 2 0 -2 1 -1 2 0 -2 1 -1 2 0 -2 1 -1 2 0 -2 1 -1 2 0 -2 1 -1 2 0 -2 1 -1 2 0 -2 1 -1 2 0 -2 1 -1 2 0 -2 1 -1 2 0 -2 1 -1 2 0 -2 1 -1 2 0 -2 1 -1 2 0 -2 1 -1 2 0 -2 1 -1 2 0 -2 1 -1 2 0 -2 1 -1 2 0 -2 1 -1 2 0 -2 1 -1 2 0 -2 1 -1 2 0 -2 1 -1 2 0 -2 1 -1 2 0 -2 1 -1 2 0 721 1 -1 2 0 -2 1 -1 2 0 -2 1 -1 2 0 -2 1 -1 2 0 -2 1 -1 2 0 -2 1 -1 2 0 -2 1 -1 2 0 -2 1 -1 2 0 -2 1 -1 2 0 -2 1 -1 2 0 -2 1 -1 2 0 -2 1 -1 2 0 -2 1 -1 2 0 -2 1 -1 2 0 -2 1 -1 2 0 -2 1 -1 2 0 -2 1 -1 2 0 -2 1 -1 2 0 -2 1 -1 2 0 -2 1 -1 2 0 -2 1 -1 2 0 -2 1 -1 2 0 -2 1 -1 2 0 -2 1 -1 2 0 -2 1 -1 2 0 -2 1 -1 2 0 -2 1 -1 2 0 -2 1 -1 2 0 -2 1 -1 2 0 -2 1 -1 2 0 -2 1 -1 2 0
0 -1 -2 2 1 0 -1 -2 2 1 0 -1 -2 2 1 0 -1 -2 2 1 0 -1 -2 2 1 0 -1 -2 2 1 0 -1 -2 2 1 0 -1 -2 2 1 0 -1 -2 2 1 0 -1 -2 2 1 0 -1 -2 2 1 0 -1 -2 2 1 0 -1 -2 2 1 0 -1 -2 2 1 0 -1 -2 2 1 0 -1 -2 2 1 0 -1 -2 2 1 0 -1 -2 2 1 0 -1 -2 2 1 0 -1 -2 2 1 0 -1 -2 2 1 0 -1 -2 2 1 0 -1 -2 2 1 0 -1 -2 2 1 0 -1 -2 2 1 0 -1 -2 2 1 0 -1 -2 2 1 0 -1 -2 2 1 0 -1 -2 2 1 0 -1 -2 2 1 0 -1 -2 2 1 0 -1 -2 2 1 0 -1 -2 2 1 0 -1 -2 2 1 0 -1 -2 2 1 0 -1 -2 2 1 0 -1 -2 2 1 0 -1 -2 2 1 0 -1 -2 2 1 0 -1 -2 2 1 0 -1 -2 2 1 0 -1 -2 2 1 0 -1 -2 2 1 0 -1 -2 2 1 0 -1 -2 2 1 0 -1 -2 2 1 0 -1 -2 2 1 0 -1 -2 2 1 0 -1 -2 2 1 0 -1 -2 2 1 0 -1 -2 2 1 0 -1 -2 2 1 0 -1 -2 2 1 0 -1 -2 2 1 0 -1 -2 2 1 0 -1 -2 2 1 0 -1 -2 2 1 0 -1 -2 2 1 0 -1 -2 2 1 0 -1 -2 2 1 0 -1 -2 2 1 0 -1 -2 2 1 0 -1 -2 2 1 0 -1 -2 2 1 0 -1 -2 2 1 0 -1 -2 2 1 0 -1 -2 2 1 0 -1 -2 2 1 0 -1 -2 2 1 0 -1 -2 2 1 0 -1 -2 2 1 0 -1 -2 2 1 0 -1 -2 2 1 0 -1 -2 2 1 0 -1 -2 2 1 0 -1 -2 2 1 0 -1 -2 2 1 0 -1 -2 2 1 0 -1 -2 2 1 0 -1 -2 2 1 0 -1 -2 2 1 0 -1 -2 2 1 0 -1 -2 2 1 0 -1 -2 2 1 0 -1 -2 2 1 0 -1 -2 2 1 0 -1 -2 2 1 0 -1 -2 2 1 0 -1 -2 2 1 0 722 -2 2 1 0 -1 -2 2 1 0 -1 -2 2 1 0 -1 -2 2 1 0 -1 -2 2 1 0 -1 -2 2 1 0 -1 -2 2 1 0 -1 -2 2 1 0 -1 -2 2 1 0 -1 -2 2 1 0 -1 -2 2 1 0 -1 -2 2 1 0 -1 -2 2 1 0 -1 -2 2 1 0 -1 -2 2 1 0 -1 -2 2 1 0 -1 -2 2 1 0 -1 -2 2 1 0 -1 -2 2 1 0 -1 -2 2 1 0 -1 -2 2 1 0 -1 -2 2 1 0 -1 -2 2 1 0 -1 -2 2 1 0 -1 -2 2 1 0 -1 -2 2 1 0 -1 -2 2 1 0 -1 -2 2 1 0 -1 -2 2 1 0 -1 -2 2 1 0 -1 -2 2 1
2 2 2 2 2 2 2 2 2 2 2 2 2 2 2 2 2 2 2 2 2 2 2 2 2 2 2 2 2 2 2 2 2 2 2 2 2 2 2 2 2 2 2 2 2 2 2 2 2 2 2 2 2 2 2 2 2 2 2 2 2 2 2 2 2 2 2 2 2 2 2 2 2 2 2 2 2 2 2 2 2 2 2 2 2 2 2 2 2 2 2 2 2 2 2 2 2 2 2 2 2 2 2 2 2 2 2 2 2 2 2 2 2 2 2 2 2 2 2 2 2 2 2 2 2 2 2 2 2 2 2 2 2 2 2 2 2 2 2 2 2 2 2 2 2 2 2 2 2 2 2 2 2 2 2 2 2 2 2 2 2 2 2 2 2 2 2 2 2 2 2 2 2 2 2 2 2 2 2 2 2 2 2 2 2 2 2 2 2 2 2 2 2 2 2 2 2 2 2 2 2 2 2 2 2 2 2 2 2 2 2 2 2 2 2 2 2 2 2 2 2 2 2 2 2 2 2 2 2 2 2 2 2 2 2 2 2 2 2 2 2 2 2 2 2 2 2 2 2 2 2 2 2 2 2 2 2 2 2 2 2 2 2 2 2 2 2 2 2 2 2 2 2 2 2 2 2 2 2 2 2 2 2 2 2 2 2 2 2 2 2 2 2 2 2 2 2 2 2 2 2 2 2 2 2 2 2 2 2 2 2 2 2 2 2 2 2 2 2 2 2 2 2 2 2 2 2 2 2 2 2 2 2 2 2 2 2 2 2 2 2 2 2 2 2 2 2 2 2 2 2 2 2 2 2 2 2 2 2 2 2 2 2 2 2 2 2 2 2 2 2 2 2 2 2 2 2 2 2 2 2 2 2 2 2 2 2 2 2 2 2 2 2 2 2 2 2 2 2 2 2 2 2 2 2 2 2 2 2 2 2 2 2 2 2 2 2 2 2 2 2 2 2 2 2 2 2 2 2 2 2 2 2 2 2 2 2 2 2 2 2 2 2 2 2 2 2 1201 2 2 2 2 2 2 2 2 2 2 2 2 2 2 2 2 2 2 2 2 2 2 2 2 2 2 2 2 2 2 2 2 2 2 2 2 2 2 2 2 2 2 2 2 2 2 2 2 2 2 2 2 2 2 2 2 2 2 2 2 2 2 2 2 2 2 2 2 2 2 2 2 2 2 2 2 2 2 2 2 2 2 2 2 2 2 2 2 2 2 2 2 2 2 2 2 2 2 2 2 2 2 2 2 2 2 2 2 2 2 2 2 2 2 2 2 2 2 2 2 2 2 2 2 2 2 2 2 2 2 2 2 2 2 2 2 2 2 2 2 2 2 2 2 2 2 2 2 2 2 2 2
-1 0 1 2 -2 -1 0 1 2 -2 -1 0 1 2 -2 -1 0 1 2 -2 -1 0 1 2 -2 -1 0 1 2 -2 -1 0 1 2 -2 -1 0 1 2 -2 -1 0 1 2 -2 -1 0 1 2 -2 -1 0 1 2 -2 -1 0 1 2 -2 -1 0 1 2 -2 -1 0 1 2 -2 -1 0 1 2 -2 -1 0 1 2 -2 -1 0 1 2 -2 -1 0 1 2 -2 -1 0 1 2 -2 -1 0 1 2 -2 -1 0 1 2 -2 -1 0 1 2 -2 -1 0 1 2 -2 -1 0 1 2 -2 -1 0 1 2 -2 -1 0 1 2 -2 -1 0 1 2 -2 -1 0 1 2 -2 -1 0 1 2 -2 -1 0 1 2 -2 -1 0 1 2 -2 -1 0 1 2 -2 -1 0 1 2 -2 -1 0 1 2 -2 -1 0 1 2 -2 -1 0 1 2 -2 -1 0 1 2 -2 -1 0 1 2 -2 -1 0 1 2 -2 -1 0 1 2 -2 -1 0 1 2 -2 -1 0 1 2 -2 -1 0 1 2 -2 -1 0 1 2 -2 -1 0 1 2 -2 -1 0 1 2 -2 -1 0 1 2 -2 -1 0 1 2 -2 -1 0 1 2 -2 -1 0 1 2 -2 -1 0 1 2 -2 -1 0 1 2 -2 -1 0 1 2 -2 -1 0 1 2 -2 -1 0 1 2 -2 -1 0 1 2 -2 -1 0 1 2 -2 -1 0 1 2 -2 -1 0 1 2 -2 -1 0 1 2 -2 -1 0 1 2 -2 -1 0 1 2 -2 -1 0 1 2 -2 -1 0 1 2 -2 -1 0 1 2 -2 -1 0 1 2 -2 -1 0 1 2 -2 -1 0 1 2 -2 -1 0 1 2 -2 -1 0 1 2 -2 -1 0 1 2 -2 -1 0 1 2 -2 -1 0 1 2 -2 -1 0 1 2 -2 -1 0 1 2 -2 -1 0 1 2 -2 -1 0 1 2 -2 -1 0 1 2 -2 -1 0 1 2 -2 -1 0 1 2 -2 -1 0 1 2 -2 -1 0 1 2 -2 -1 0 1 2 -2 -1 0 1 2 -2 -1 0 1 2 -2 -1 0 1 2 -2 -1 0 1 2 -2 -1 0 1 2 -2 -1 0 1 2 -2 -1 0 1 721 -2 -1 0 1 2 -2 -1 0 1 2 -2 -1 0 1 2 -2 -1 0 1 2 -2 -1 0 1 2 -2 -1 0 1 2 -2 -1 0 1 2 -2 -1 0 1 2 -2 -1 0 1 2 -2 -1 0 1 2 -2 -1 0 1 2 -2 -1 0 1 2 -2 -1 0 1 2 -2 -1 0 1 2 -2 -1 0 1 2 -2 -1 0 1 2 -2 -1 0 1 2 -2 -1 0 1 2 -2 -1 0 1 2 -2 -1 0 1 2 -2 -1 0 1 2 -2 -1 0 1 2 -2 -1 0 1 2 -2 -1 0 1 2 -2 -1 0 1 2 -2 -1 0 1 2 -2 -1 0 1 2 -2 -1 0 1 2 -2 -1 0 1 2 -2 -1 0 1 2 -2
1 -2 0 2 -1 1 -2 0 2 -1 1 -2 0 2 -1 1 -2 0 2 -1 1 -2 0 2 -1 1 -2 0 2 -1 1 -2 0 2 -1 1 -2 0 2 -1 1 -2 0 2 -1 1 -2 0 2 -1 1 -2 0 2 -1 1 -2 0 2 -1 1 -2 0 2 -1 1 -2 0 2 -1 1 -2 0 2 -1 1 -2 0 2 -1 1 -2 0 2 -1 1 -2 0 2 -1 1 -2 0 2 -1 1 -2 0 2 -1 1 -2 0 2 -1 1 -2 0 2 -1 1 -2 0 2 -1 1 -2 0 2 -1 1 -2 0 2 -1 1 -2 0 2 -1 1 -2 0 2 -1 1 -2 0 2 -1 1 -2 0 2 -1 1 -2 0 2 -1 1 -2 0 2 -1 1 -2 0 2 -1 1 -2 0 2 -1 1 -2 0 2 -1 1 -2 0 2 -1 1 -2 0 2 -1 1 -2 0 2 -1 1 -2 0 2 -1 1 -2 0 2 -1 1 -2 0 2 -1 1 -2 0 2 -1 1 -2 0 2 -1 1 -2 0 2 -1 1 -2 0 2 -1 1 -2 0 2 -1 1 -2 0 2 -1 1 -2 0 2 -1 1 -2 0 2 -1 1 -2 0 2 -1 1 -2 0 2 -1 1 -2 0 2 -1 1 -2 0 2 -1 1 -2 0 2 -1 1 -2 0 2 -1 1 -2 0 2 -1 1 -2 0 2 -1 1 -2 0 2 -1 1 -2 0 2 -1 1 -2 0 2 -1 1 -2 0 2 -1 1 -2 0 2 -1 1 -2 0 2 -1 1 -2 0 2 -1 1 -2 0 2 -1 1 -2 0 2 -1 1 -2 0 2 -1 1 -2 0 2 -1 1 -2 0 2 -1 1 -2 0 2 -1 1 -2 0 2 -1 1 -2 0 2 -1 1 -2 0 2 -1 1 -2 0 2 -1 1 -2 0 2 -1 1 -2 0 2 -1 1 -2 0 2 -1 1 -2 0 2 -1 1 -2 0 2 -1 1 -2 0 2 -1 1 -2 0 2 -1 1 -2 0 2 -1 1 -2 0 2 -1 1 -2 0 2 -1 1 -2 0 2 -1 1 -2 0 2 -1 1 -2 0 2 -1 1 -2 0 2 -1 1 -2 0 2 -1 1 -2 0 2 -1 1 -2 0 2 722 1 -2 0 2 -1 1 -2 0 2 -1 1 -2 0 2 -1 1 -2 0 2 -1 1 -2 0 2 -1 1 -2 0 2 -1 1 -2 0 2 -1 1 -2 0 2 -1 1 -2 0 2 -1 1 -2 0 2 -1 1 -2 0 2 -1 1 -2 0 2 -1 1 -2 0 2 -1 1 -2 0 2 -1 1 -2 0 2 -1 1 -2 0 2 -1 1 -2 0 2 -1 1 -2 0 2 -1 1 -2 0 2 -1 1 -2 0 2 -1 1 -2 0 2 -1 1 -2 0 2 -1 1 -2 0 2 -1 1 -2 0 2 -1 1 -2 0 2 -1 1 -2 0 2 -1 1 -2 0 2 -1 1 -2 0 2 -1 1 -2 0 2 -1 1 -2 0 2 -1
-2 1 -1 2 0 -2 1 -1 2 0 -2 1 -1 2 0 -2 1 -1 2 0 -2 1 -1 2 0 -2 1 -1 2 0 -2 1 -1 2 0 -2 1 -1 2 0 -2 1 -1 2 0 -2 1 -1 2 0 -2 1 -1 2 0 -2 1 -1 2 0 -2 1 -1 2 0 -2 1 -1 2 0 -2 1 -1 2 0 -2 1 -1 2 0 -2 1 -1 2 0 -2 1 -1 2 0 -2 1 -1 2 0 -2 1 -1 2 0 -2 1 -1 2 0 -2 1 -1 2 0 -2 1 -1 2 0 -2 1 -1 2 0 -2 1 -1 2 0 -2 1 -1 2 0 -2 1 -1 2 0 -2 1 -1 2 0 -2 1 -1 2 0 -2 1 -1 2 0 -2 1 -1 2 0 -2 1 -1 2 0 -2 1 -1 2 0 -2 1 -1 2 0 -2 1 -1 2 0 -2 1 -1 2 0 -2 1 -1 2 0 -2 1 -1 2 0 -2 1 -1 2 0 -2 1 -1 2 0 -2 1 -1 2 0 -2 1 -1 2 0 -2 1 -1 2 0 -2 1 -1 2 0 -2 1 -1 2 0 -2 1 -1 2 0 -2 1 -1 2 0 -2 1 -1 2 0 -2 1 -1 2 0 -2 1 -1 2 0 -2 1 -1 2 0 -2 1 -1 2 0 -2 1 -1 2 0 -2 1 -1 2 0 -2 1 -1 2 0 -2 1 -1 2 0 -2 1 -1 2 0 -2 1 -1 2 0 -2 1 -1 2 0 -2 1 -1 2 0 -2 1 -1 2 0 -2 1 -1 2 0 -2 1 -1 2 0 -2 1 -1 2 0 -2 1 -1 2 0 -2 1 -1 2 0 -2 1 -1 2 0 -2 1 -1 2 0 -2 1 -1 2 0 -2 1 -1 2 0 -2 1 -1 2 0 -2 1 -1 2 0 -2 1 -1 2 0 -2 1 -1 2 0 -2 1 -1 2 0 -2 1 -1 2 0 -2 1 -1 2 0 -2 1 -1 2 0 -2 1 -1 2 0 -2 1 -1 2 0 -2 1 -1 2 0 -2 1 -1 2 0 -2 1 -1 2 0 -2 1 -1 2 0 -2 1 -1 2 0 -2 1 -1 2 0 -2 1 -1 2 0 -2 1 -1 2 0 -2 1 -1 2 0 -2 1 -1 2 0 721 1 -1 2 0 -2 1 -1 2 0 -2 1 -1 2 0 -2 1 -1 2 0 -2 1 -1 2 0 -2 1 -1 2 0 -2 1 -1 2 0 -2 1 -1 2 0 -2 1 -1 2 0 -2 1 -1 2 0 -2 1 -1 2 0 -2 1 -1 2 0 -2 1 -1 2 0 -2 1 -1 2 0 -2 1 -1 2 0 -2 1 -1 2 0 -2 1 -1 2 0 -2 1 -1 2 0 -2 1 -1 2 0 -2 1 -1 2 0 -2 1 -1 2 0 -2 1 -1 2 0 -2 1 -1 2 0 -2 1 -1 2 0 -2 1 -1 2 0 -2 1 -1 2 0 -2 1 -1 2 0 -2 1 -1 2 0 -2 1 -1 2 0 -2 1 -1 2 0
0 -1 -2 2 1 0 -1 -2 2 1 0 -1 -2 2 1 0 -1 -2 2 1 0 -1 -2 2 1 0 -1 -2 2 1 0 -1 -2 2 1 0 -1 -2 2 1 0 -1 -2 2 1 0 -1 -2 2 1 0 -1 -2 2 1 0 -1 -2 2 1 0 -1 -2 2 1 0 -1 -2 2 1 0 -1 -2 2 1 0 -1 -2 2 1 0 -1 -2 2 1 0 -1 -2 2 1 0 -1 -2 2 1 0 -1 -2 2 1 0 -1 -2 2 1 0 -1 -2 2 1 0 -1 -2 2 1 0 -1 -2 2 1 0 -1 -2 2 1 0 -1 -2 2 1 0 -1 -2 2 1 0 -1 -2 2 1 0 -1 -2 2 1 0 -1 -2 2 1 0 -1 -2 2 1 0 -1 -2 2 1 0 -1 -2 2 1 0 -1 -2 2 1 0 -1 -2 2 1 0 -1 -2 2 1 0 -1 -2 2 1 0 -1 -2 2 1 0 -1 -2 2 1 0 -1 -2 2 1 0 -1 -2 2 1 0 -1 -2 2 1 0 -1 -2 2 1 0 -1 -2 2 1 0 -1 -2 2 1 0 -1 -2 2 1 0 -1 -2 2 1 0 -1 -2 2 1 0 -1 -2 2 1 0 -1 -2 2 1 0 -1 -2 2 1 0 -1 -2 2 1 0 -1 -2 2 1 0 -1 -2 2 1 0 -1 -2 2 1 0 -1 -2 2 1 0 -1 -2 2 1 0 -1 -2 2 1 0 -1 -2 2 1 0 -1 -2 2 1 0 -1 -2 2 1 0 -1 -2 2 1 0 -1 -2 2 1 0 -1 -2 2 1 0 -1 -2 2 1 0 -1 -2 2 1 0 -1 -2 2 1 0 -1 -2 2 1 0 -1 -2 2 1 0 -1 -2 2 1 0 -1 -2 2 1 0 -1 -2 2 1 0 -1 -2 2 1 0 -1 -2 2 1 0 -1 -2 2 1 0 -1 -2 2 1 0 -1 -2 2 1 0 -1 -2 2 1 0 -1 -2 2 1 0 -1 -2 2 1 0 -1 -2 2 1 0 -1 -2 2 1 0 -1 -2 2 1 0 -1 -2 2 1 0 -1 -2 2 1 0 -1 -2 2 1 0 -1 -2 2 1 0 -1 -2 2 1 0 -1 -2 2 1 0 -1 -2 2 1 0 722 -2 2 1 0 -1 -2 2 1 0 -1 -2 2 1 0 -1 -2 2 1 0 -1 -2 2 1 0 -1 -2 2 1 0 -1 -2 2 1 0 -1 -2 2 1 0 -1 -2 2 1 0 -1 -2 2 1 0 -1 -2 2 1 0 -1 -2 2 1 0 -1 -2 2 1 0 -1 -2 2 1 0 -1 -2 2 1 0 -1 -2 2 1 0 -1 -2 2 1 0 -1 -2 2 1 0 -1 -2 2 1 0 -1 -2 2 1 0 -1 -2 2 1 0 -1 -2 2 1 0 -1 -2 2 1 0 -1 -2 2 1 0 -1 -2 2 1 0 -1 -2 2 1 0 -1 -2 2 1 0 -1 -2 2 1 0 -1 -2 2 1 0 -1 -2 2 1
2 2 2 2 2 2 2 2 2 2 2 2 2 2 2 2 2 2 2 2 2 2 2 2 2 2 2 2 2 2 2 2 2 2 2 2 2 2 2 2 2 2 2 2 2 2 2 2 2 2 2 2 2 2 2 2 2 2 2 2 2 2 2 2 2 2 2 2 2 2 2 2 2 2 2 2 2 2 2 2 2 2 2 2 2 2 2 2 2 2 2 2 2 2 2 2 2 2 2 2 2 2 2 2 2 2 2 2 2 2 2 2 2 2 2 2 2 2 2 2 2 2 2 2 2 2 2 2 2 2 2 2 2 2 2 2 2 2 2 2 2 2 2 2 2 2 2 2 2 2 2 2 2 2 2 2 2 2 2 2 2 2 2 2 2 2 2 2 2 2 2 2 2 2 2 2 2 2 2 2 2 2 2 2 2 2 2 2 2 2 2 2 2 2 2 2 2 2 2 2 2 2 2 2 2 2 2 2 2 2 2 2 2 2 2 2 2 2 2 2 2 2 2 2 2 2 2 2 2 2 2 2 2 2 2 2 2 2 2 2 2 2 2 2 2 2 2 2 2 2 2 2 2 2 2 2 2 2 2 2 2 2 2 2 2 2 2 2 2 2 2 2 2 2 2 2 2 2 2 2 2 2 2 2 2 2 2 2 2 2 2 2 2 2 2 2 2 2 2 2 2 2 2 2 2 2 2 2 2 2 2 2 2 2 2 2 2 2 2 2 2 2 2 2 2 2 2 2 2 2 2 2 2 2 2 2 2 2 2 2 2 2 2 2 2 2 2 2 2 2 2 2 2 2 2 2 2 2 2 2 2 2 2 2 2 2 2 2 2 2 2 2 2 2 2 2 2 2 2 2 2 2 2 2 2 2 2 2 2 2 2 2 2 2 2 2 2 2 2 2 2 2 2 2 2 2 2 2 2 2 2 2 2 2 2 2 2 2 2 2 2 2 2 2 2 2 2 2 2 2 2 2 2 2 2 2 2 2 2 2 2 2 2 2 2 2 2 2 2 2 2 2 1201 2 2 2 2 2 2 2 2 2 2 2 2 2 2 2 2 2 2 2 2 2 2 2 2 2 2 2 2 2 2 2 2 2 2 2 2 2 2 2 2 2 2 2 2 2 2 2 2 2 2 2 2 2 2 2 2 2 2 2 2 2 2 2 2 2 2 2 2 2 2 2 2 2 2 2 2 2 2 2 2 2 2 2 2 2 2 2 2 2 2 2 2 2 2 2 2 2 2 2 2 2 2 2 2 2 2 2 2 2 2 2 2 2 2 2 2 2 2 2 2 2 2 2 2 2 2 2 2 2 2 2 2 2 2 2 2 2 2 2 2 2 2 2 2 2 2 2
-1 0 1 2 -2 -1 0 1 2 -2 -1 0 1 2 -2 -1 0 1 2 -2 -1 0 1 2 -2 -1 0 1 2 -2 -1 0 1 2 -2 -1 0 1 2 -2 -1 0 1 2 -2 -1 0 1 2 -2 -1 0 1 2 -2 -1 0 1 2 -2 -1 0 1 2 -2 -1 0 1 2 -2 -1 0 1 2 -2 -1 0 1 2 -2 -1 0 1 2 -2 -1 0 1 2 -2 -1 0 1 2 -2 -1 0 1 2 -2 -1 0 1 2 -2 -1 0 1 2 -2 -1 0 1 2 -2 -1 0 1 2 -2 -1 0 1 2 -2 -1 0 1 2 -2 -1 0 1 2 -2 -1 0 1 2 -2 -1 0 1 2 -2 -1 0 1 2 -2 -1 0 1 2 -2 -1 0 1 2 -2 -1 0 1 2 -2 -1 0 1 2 -2 -1 0 1 2 -2 -1 0 1 2 -2 -1 0 1 2 -2 -1 0 1 2 -2 -1 0 1 2 -2 -1 0 1 2 -2 -1 0 1 2 -2 -1 0 1 2 -2 -1 0 1 2 -2 -1 0 1 2 -2 -1 0 1 2 -2 -1 0 1 2 -2 -1 0 1 2 -2 -1 0 1 2 -2 -1 0 1 2 -2 -1 0 1 2 -2 -1 0 1 2 -2 -1 0 1 2 -2 -1 0 1 2 -2 -1 0 1 2 -2 -1 0 1 2 -2 -1 0 1 2 -2 -1 0 1 2 -2 -1 0 1 2 -2 -1 0 1 2 -2 -1 0 1 2 -2 -1 0 1 2 -2 -1 0 1 2 -2 -1 0 1 2 -2 -1 0 1 2 -2 -1 0 1 2 -2 -1 0 1 2 -2 -1 0 1 2 -2 -1 0 1 2 -2 -1 0 1 2 -2 -1 0 1 2 -2 -1 0 1 2 -2 -1 0 1 2 -2 -1 0 1 2 -2 -1 0 1 2 -2 -1 0 1 2 -2 -1 0 1 2 -2 -1 0 1 2 -2 -1 0 1 2 -2 -1 0 1 2 -2 -1 0 1 2 -2 -1 0 1 2 -2 -1 0 1 2 -2 -1 0 1 2 -2 -1 0 1 2 -2 -1 0 1 2 -2 -1 0 1 2 -2 -1 0 1 2 -2 -1 0 1 2 -2 -1 0 1 2 -2 -1 0 1 2 -2 -1 0 1 721 -2 -1 0 1 2 -2 -1 0 1 2 -2 -1 0 1 2 -2 -1 0 1 2 -2 -1 0 1 2 -2 -1 0 1 2 -2 -1 0 1 2 -2 -1 0 1 2 -2 -1 0 1 2 -2 -1 0 1 2 -2 -1 0 1 2 -2 -1 0 1 2 -2 -1 0 1 2 -2 -1 0 1 2 -2 -1 0 1 2 -2 -1 0 1 2 -2 -1 0 1 2 -2 -1 0 1 2 -2 -1 0 1 2 -2 -1 0 1 2 -2 -1 0 1 2 -2 -1 0 1 2 -2 -1 0 1 2 -2 -1 0 1 2 -2 -1 0 1 2 -2 -1 0 1 2 -2 -1 0 1 2 -2 -1 0 1 2 -2 -1 0 1 2 -2
1 -2 0 2 -1 1 -2 0 2 -1 1 -2 0 2 -1 1 -2 0 2 -1 1 -2 0 2 -1 1 -2 0 2 -1 1 -2 0 2 -1 1 -2 0 2 -1 1 -2 0 2 -1 1 -2 0 2 -1 1 -2 0 2 -1 1 -2 0 2 -1 1 -2 0 2 -1 1 -2 0 2 -1 1 -2 0 2 -1 1 -2 0 2 -1 1 -2 0 2 -1 1 -2 0 2 -1 1 -2 0 2 -1 1 -2 0 2 -1 1 -2 0 2 -1 1 -2 0 2 -1 1 -2 0 2 -1 1 -2 0 2 -1 1 -2 0 2 -1 1 -2 0 2 -1 1 -2 0 2 -1 1 -2 0 2 -1 1 -2 0 2 -1 1 -2 0 2 -1 1 -2 0 2 -1 1 -2 0 2 -1 1 -2 0 2 -1 1 -2 0 2 -1 1 -2 0 2 -1 1 -2 0 2 -1 1 -2 0 2 -1 1 -2 0 2 -1 1 -2 0 2 -1 1 -2 0 2 -1 1 -2 0 2 -1 1 -2 0 2 -1 1 -2 0 2 -1 1 -2 0 2 -1 1 -2 0 2 -1 1 -2 0 2 -1 1 -2 0 2 -1 1 -2 0 2 -1 1 -2 0 2 -1 1 -2 0 2 -1 1 -2 0 2 -1 1 -2 0 2 -1 1 -2 0 2 -1 1 -2 0 2 -1 1 -2 0 2 -1 1 -2 0 2 -1 1 -2 0 2 -1 1 -2 0 2 -1 1 -2 0 2 -1 1 -2 0 2 -1 1 -2 0 2 -1 1 -2 0 2 -1 1 -2 0 2 -1 1 -2 0 2 -1 1 -2 0 2 -1 1 -2 0 2 -1 1 -2 0 2 -1 1 -2 0 2 -1 1 -2 0 2 -1 1 -2 0 2 -1 1 -2 0 2 -1 1 -2 0 2 -1 1 -2 0 2 -1 1 -2 0 2 -1 1 -2 0 2 -1 1 -2 0 2 -1 1 -2 0 2 -1 1 -2 0 2 -1 1 -2 0 2 -1 1 -2 0 2 -1 1 -2 0 2 -1 1 -2 0 2 -1 1 -2 0 2 -1 1 -2 0 2 -1 1 -2 0 2 -1 1 -2 0 2 -1 1 -2 0 2 -1 1 -2 0 2 -1 1 -2 0 2 -1 1 -2 0 2 -1 1 -2 0 2 722 1 -2 0 2 -1 1 -2 0 2 -1 1 -2 0 2 -1 1 -2 0 2 -1 1 -2 0 2 -1 1 -2 0 2 -1 1 -2 0 2 -1 1 -2 0 2 -1 1 -2 0 2 -1 1 -2 0 2 -1 1 -2 0 2 -1 1 -2 0 2 -1 1 -2 0 2 -1 1 -2 0 2 -1 1 -2 0 2 -1 1 -2 0 2 -1 1 -2 0 2 -1 1 -2 0 2 -1 1 -2 0 2 -1 1 -2 0 2 -1 1 -2 0 2 -1 1 -2 0 2 -1 1 -2 0 2 -1 1 -2 0 2 -1 1 -2 0 2 -1 1 -2 0 2 -1 1 -2 0 2 -1 1 -2 0 2 -1 1 -2 0 2 -1
-2 1 -1 2 0 -2 1 -1 2 0 -2 1 -1 2 0 -2 1 -1 2 0 -2 1 -1 2 0 -2 1 -1 2 0 -2 1 -1 2 0 -2 1 -1 2 0 -2 1 -1 2 0 -2 1 -1 2 0 -2 1 -1 2 0 -2 1 -1 2 0 -2 1 -1 2 0 -2 1 -1 2 0 -2 1 -1 2 0 -2 1 -1 2 0 -2 1 -1 2 0 -2 1 -1 2 0 -2 1 -1 2 0 -2 1 -1 2 0 -2 1 -1 2 0 -2 1 -1 2 0 -2 1 -1 2 0 -2 1 -1 2 0 -2 1 -1 2 0 -2 1 -1 2 0 -2 1 -1 2 0 -2 1 -1 2 0 -2 1 -1 2 0 -2 1 -1 2 0 -2 1 -1 2 0 -2 1 -1 2 0 -2 1 -1 2 0 -2 1 -1 2 0 -2 1 -1 2 0 -2 1 -1 2 0 -2 1 -1 2 0 -2 1 -1 2 0 -2 1 -1 2 0 -2 1 -1 2 0 -2 1 -1 2 0 -2 1 -1 2 0 -2 1 -1 2 0 -2 1 -1 2 0 -2 1 -1 2 0 -2 1 -1 2 0 -2 1 -1 2 0 -2 1 -1 2 0 -2 1 -1 2 0 -2 1 -1 2 0 -2 1 -1 2 0 -2 1 -1 2 0 -2 1 -1 2 0 -2 1 -1 2 0 -2 1 -1 2 0 -2 1 -1 2 0 -2 1 -1 2 0 -2 1 -1 2 0 -2 1 -1 2 0 -2 1 -1 2 0 -2 1 -1 2 0 -2 1 -1 2 0 -2 1 -1 2 0 -2 1 -1 2 0 -2 1 -1 2 0 -2 1 -1 2 0 -2 1 -1 2 0 -2 1 -1 2 0 -2 1 -1 2 0 -2 1 -1 2 0 -2 1 -1 2 0 -2 1 -1 2 0 -2 1 -1 2 0 -2 1 -1 2 0 -2 1 -1 2 0 -2 1 -1 2 0 -2 1 -1 2 0 -2 1 -1 2 0 -2 1 -1 2 0 -2 1 -1 2 0 -2 1 -1 2 0 -2 1 -1 2 0 -2 1 -1 2 0 -2 1 -1 2 0 -2 1 -1 2 0 -2 1 -1 2 0 -2 1 -1 2 0 -2 1 -1 2 0 -2 1 -1 2 0 -2 1 -1 2 0 -2 1 -1 2 0 721 1 -1 2 0 -2 1 -1 2 0 -2 1 -1 2 0 -2 1 -1 2 0 -2 1 -1 2 0 -2 1 -1 2 0 -2 1 -1 2 0 -2 1 -1 2 0 -2 1 -1 2 0 -2 1 -1 2 0 -2 1 -1 2 0 -2 1 -1 2 0 -2 1 -1 2 0 -2 1 -1 2 0 -2 1 -1 2 0 -2 1 -1 2 0 -2 1 -1 2 0 -2 1 -1 2 0 -2 1 -1 2 0 -2 1 -1 2 0 -2 1 -1 2 0 -2 1 -1 2 0 -2 1 -1 2 0 -2 1 -1 2 0 -2 1 -1 2 0 -2 1 -1 2 0 -2 1 -1 2 0 -2 1 -1 2 0 -2 1 -1 2 0
0 -1 -2 2 1 0 -1 -2 2 1 0 -1 -2 2 1 0 -1 -2 2 1 0 -1 -2 2 1 0 -1 -2 2 1 0 -1 -2 2 1 0 -1 -2 2 1 0 -1 -2 2 1 0 -1 -2 2 1 0 -1 -2 2 1 0 -1 -2 2 1 0 -1 -2 2 1 0 -1 -2 2 1 0 -1 -2 2 1 0 -1 -2 2 1 0 -1 -2 2 1 0 -1 -2 2 1 0 -1 -2 2 1 0 -1 -2 2 1 0 -1 -2 2 1 0 -1 -2 2 1 0 -1 -2 2 1 0 -1 -2 2 1 0 -1 -2 2 1 0 -1 -2 2 1 0 -1 -2 2 1 0 -1 -2 2 1 0 -1 -2 2 1 0 -1 -2 2 1 0 -1 -2 2 1 0 -1 -2 2 1 0 -1 -2 2 1 0 -1 -2 2 1 0 -1 -2 2 1 0 -1 -2 2 1 0 -1 -2 2 1 0 -1 -2 2 1 0 -1 -2 2 1 0 -1 -2 2 1 0 -1 -2 2 1 0 -1 -2 2 1 0 -1 -2 2 1 0 -1 -2 2 1 0 -1 -2 2 1 0 -1 -2 2 1 0 -1 -2 2 1 0 -1 -2 2 1 0 -1 -2 2 1 0 -1 -2 2 1 0 -1 -2 2 1 0 -1 -2 2 1 0 -1 -2 2 1 0 -1 -2 2 1 0 -1 -2 2 1 0 -1 -2 2 1 0 -1 -2 2 1 0 -1 -2 2 1 0 -1 -2 2 1 0 -1 -2 2 1 0 -1 -2 2 1 0 -1 -2 2 1 0 -1 -2 2 1 0 -1 -2 2 1 0 -1 -2 2 1 0 -1 -2 2 1 0 -1 -2 2 1 0 -1 -2 2 1 0 -1 -2 2 1 0 -1 -2 2 1 0 -1 -2 2 1 0 -1 -2 2 1 0 -1 -2 2 1 0 -1 -2 2 1 0 -1 -2 2 1 0 -1 -2 2 1 0 -1 -2 2 1 0 -1 -2 2 1 0 -1 -2 2 1 0 -1 -2 2 1 0 -1 -2 2 1 0 -1 -2 2 1 0 -1 -2 2 1 0 -1 -2 2 1 0 -1 -2 2 1 0 -1 -2 2 1 0 -1 -2 2 1 0 -1 -2 2 1 0 -1 -2 2 1 0 -1 -2 2 1 0 -1 -2 2 1 0 722 -2 2 1 0 -1 -2 2 1 0 -1 -2 2 1 0 -1 -2 2 1 0 -1 -2 2 1 0 -1 -2 2 1 0 -1 -2 2 1 0 -1 -2 2 1 0 -1 -2 2 1 0 -1 -2 2 1 0 -1 -2 2 1 0 -1 -2 2 1 0 -1 -2 2 1 0 -1 -2 2 1 0 -1 -2 2 1 0 -1 -2 2 1 0 -1 -2 2 1 0 -1 -2 2 1 0 -1 -2 2 1 0 -1 -2 2 1 0 -1 -2 2 1 0 -1 -2 2 1 0 -1 -2 2 1 0 -1 -2 2 1 0 -1 -2 2 1 0 -1 -2 2 1 0 -1 -2 2 1 0 -1 -2 2 1 0 -1 -2 2 1
2 2 2 2 2 2 2 2 2 2 2 2 2 2 2 2 2 2 2 2 2 2 2 2 2 2 2 2 2 2 2 2 2 2 2 2 2 2 2 2 2 2 2 2 2 2 2 2 2 2 2 2 2 2 2 2 2 2 2 2 2 2 2 2 2 2 2 2 2 2 2 2 2 2 2 2 2 2 2 2 2 2 2 2 2 2 2 2 2 2 2 2 2 2 2 2 2 2 2 2 2 2 2 2 2 2 2 2 2 2 2 2 2 2 2 2 2 2 2 2 2 2 2 2 2 2 2 2 2 2 2 2 2 2 2 2 2 2 2 2 2 2 2 2 2 2 2 2 2 2 2 2 2 2 2 2 2 2 2 2 2 2 2 2 2 2 2 2 2 2 2 2 2 2 2 2 2 2 2 2 2 2 2 2 2 2 2 2 2 2 2 2 2 2 2 2 2 2 2 2 2 2 2 2 2 2 2 2 2 2 2 2 2 2 2 2 2 2 2 2 2 2 2 2 2 2 2 2 2 2 2 2 2 2 2 2 2 2 2 2 2 2 2 2 2 2 2 2 2 2 2 2 2 2 2 2 2 2 2 2 2 2 2 2 2 2 2 2 2 2 2 2 2 2 2 2 2 2 2 2 2 2 2 2 2 2 2 2 2 2 2 2 2 2 2 2 2 2 2 2 2 2 2 2 2 2 2 2 2 2 2 2 2 2 2 2 2 2 2 2 2 2 2 2 2 2 2 2 2 2 2 2 2 2 2 2 2 2 2 2 2 2 2 2 2 2 2 2 2 2 2 2 2 2 2 2 2 2 2 2 2 2 2 2 2 2 2 2 2 2 2 2 2 2 2 2 2 2 2 2 2 2 2 2 2 2 2 2 2 2 2 2 2 2 2 2 2 2 2 2 2 2 2 2 2 2 2 2 2 2 2 2 2 2 2 2 2 2 2 2 2 2 2 2 2 2 2 2 2 2 2 2 2 2 2 2 2 2 2 2 2 2 2 2 2 2 2 2 2 2 2 2 2 2 2 2 2 1201 2 2 2 2 2 2 2 2 2 2 2 2 2 2 2 2 2 2 2 2 2 2 2 2 2 2 2 2 2 2 2 2 2 2 2 2 2 2 2 2 2 2 2 2 2 2 2 2 2 2 2 2 2 2 2 2 2 2 2 2 2 2 2 2 2 2 2 2 2 2 2 2 2 2 2 2 2 2 2 2 2 2 2 2 2 2 2 2 2 2 2 2 2 2 2 2 2 2 2 2 2 2 2 2 2 2 2 2 2 2 2 2 2 2 2 2 2 2 2 2 2 2 2 2 2 2 2 2 2 2 2 2 2 2 2 2 2 2 2 2 2 2
-1 0 1 2 -2 -1 0 1 2 -2 -1 0 1 2 -2 -1 0 1 2 -2 -1 0 1 2 -2 -1 0 1 2 -2 -1 0 1 2 -2 -1 0 1 2 -2 -1 0 1 2 -2 -1 0 1 2 -2 -1 0 1 2 -2 -1 0 1 2 -2 -1 0 1 2 -2 -1 0 1 2 -2 -1 0 1 2 -2 -1 0 1 2 -2 -1 0 1 2 -2 -1 0 1 2 -2 -1 0 1 2 -2 -1 0 1 2 -2 -1 0 1 2 -2 -1 0 1 2 -2 -1 0 1 2 -2 -1 0 1 2 -2 -1 0 1 2 -2 -1 0 1 2 -2 -1 0 1 2 -2 -1 0 1 2 -2 -1 0 1 2 -2 -1 0 1 2 -2 -1 0 1 2 -2 -1 0 1 2 -2 -1 0 1 2 -2 -1 0 1 2 -2 -1 0 1 2 -2 -1 0 1 2 -2 -1 0 1 2 -2 -1 0 1 2 -2 -1 0 1 2 -2 -1 0 1 2 -2 -1 0 1 2 -2 -1 0 1 2 -2 -1 0 1 2 -2 -1 0 1 2 -2 -1 0 1 2 -2 -1 0 1 2 -2 -1 0 1 2 -2 -1 0 1 2 -2 -1 0 1 2 -2 -1 0 1 2 -2 -1 0 1 2 -2 -1 0 1 2 -2 -1 0 1 2 -2 -1 0 1 2 -2 -1 0 1 2 -2 -1 0 1 2 -2 -1 0 1 2 -2 -1 0 1 2 -2 -1 0 1 2 -2 -1 0 1 2 -2 -1 0 1 2 -2 -1 0 1 2 -2 -1 0 1 2 -2 -1 0 1 2 -2 -1 0 1 2 -2 -1 0 1 2 -2 -1 0 1 2 -2 -1 0 1 2 -2 -1 0 1 2 -2 -1 0 1 2 -2 -1 0 1 2 -2 -1 0 1 2 -2 -1 0 1 2 -2 -1 0 1 2 -2 -1 0 1 2 -2 -1 0 1 2 -2 -1 0 1 2 -2 -1 0 1 2 -2 -1 0 1 2 -2 -1 0 1 2 -2 -1 0 1 2 -2 -1 0 1 2 -2 -1 0 1 2 -2 -1 0 1 2 -2 -1 0 1 2 -2 -1 0 1 2 -2 -1 0 1 2 -2 -1 0 1 2 -2 -1 0 1 2 -2 -1 0 1 2 -2 -1 0 1 2 -2 -1 0 1 721 -2 -1 0 1 2 -2 -1 0 1 2 -2 -1 0 1 2 -2 -1 0 1 2 -2 -1 0 1 2 -2 -1 0 1 2 -2 -1 0 1 2 -2 -1 0 1 2 -2 -1 0 1 2 -2 -1 0 1 2 -2 -1 0 1 2 -2 -1 0 1 2 -2 -1 0 1 2 -2 -1 0 1 2 -2 -1 0 1 2 -2 -1 0 1 2 -2 -1 0 1 2 -2 -1 0 1 2 -2 -1 0 1 2 -2 -1 0 1 2 -2 -1 0 1 2 -2 -1 0 1 2 -2 -1 0 1 2 -2 -1 0 1 2 -2 -1 0 1 2 -2 -1 0 1 2 -2 -1 0 1 2 -2 -1 0 1 2 -2
1 -2 0 2 -1 1 -2 0 2 -1 1 -2 0 2 -1 1 -2 0 2 -1 1 -2 0 2 -1 1 -2 0 2 -1 1 -2 0 2 -1 1 -2 0 2 -1 1 -2 0 2 -1 1 -2 0 2 -1 1 -2 0 2 -1 1 -2 0 2 -1 1 -2 0 2 -1 1 -2 0 2 -1 1 -2 0 2 -1 1 -2 0 2 -1 1 -2 0 2 -1 1 -2 0 2 -1 1 -2 0 2 -1 1 -2 0 2 -1 1 -2 0 2 -1 1 -2 0 2 -1 1 -2 0 2 -1 1 -2 0 2 -1 1 -2 0 2 -1 1 -2 0 2 -1 1 -2 0 2 -1 1 -2 0 2 -1 1 -2 0 2 -1 1 -2 0 2 -1 1 -2 0 2 -1 1 -2 0 2 -1 1 -2 0 2 -1 1 -2 0 2 -1 1 -2 0 2 -1 1 -2 0 2 -1 1 -2 0 2 -1 1 -2 0 2 -1 1 -2 0 2 -1 1 -2 0 2 -1 1 -2 0 2 -1 1 -2 0 2 -1 1 -2 0 2 -1 1 -2 0 2 -1 1 -2 0 2 -1 1 -2 0 2 -1 1 -2 0 2 -1 1 -2 0 2 -1 1 -2 0 2 -1 1 -2 0 2 -1 1 -2 0 2 -1 1 -2 0 2 -1 1 -2 0 2 -1 1 -2 0 2 -1 1 -2 0 2 -1 1 -2 0 2 -1 1 -2 0 2 -1 1 -2 0 2 -1 1 -2 0 2 -1 1 -2 0 2 -1 1 -2 0 2 -1 1 -2 0 2 -1 1 -2 0 2 -1 1 -2 0 2 -1 1 -2 0 2 -1 1 -2 0 2 -1 1 -2 0 2 -1 1 -2 0 2 -1 1 -2 0 2 -1 1 -2 0 2 -1 1 -2 0 2 -1 1 -2 0 2 -1 1 -2 0 2 -1 1 -2 0 2 -1 1 -2 0 2 -1 1 -2 0 2 -1 1 -2 0 2 -1 1 -2 0 2 -1 1 -2 0 2 -1 1 -2 0 2 -1 1 -2 0 2 -1 1 -2 0 2 -1 1 -2 0 2 -1 1 -2 0 2 -1 1 -2 0 2 -1 1 -2 0 2 -1 1 -2 0 2 -1 1 -2 0 2 -1 1 -2 0 2 -1 1 -2 0 2 -1 1 -2 0 2 -1 1 -2 0 2 722 1 -2 0 2 -1 1 -2 0 2 -1 1 -2 0 2 -1 1 -2 0 2 -1 1 -2 0 2 -1 1 -2 0 2 -1 1 -2 0 2 -1 1 -2 0 2 -1 1 -2 0 2 -1 1 -2 0 2 -1 1 -2 0 2 -1 1 -2 0 2 -1 1 -2 0 2 -1 1 -2 0 2 -1 1 -2 0 2 -1 1 -2 0 2 -1 1 -2 0 2 -1 1 -2 0 2 -1 1 -2 0 2 -1 1 -2 0 2 -1 1 -2 0 2 -1 1 -2 0 2 -1 1 -2 0 2 -1 1 -2 0 2 -1 1 -2 0 2 -1 1 -2 0 2 -1 1 -2 0 2 -1 1 -2 0 2 -1
-2 1 -1 2 0 -2 1 -1 2 0 -2 1 -1 2 0 -2 1 -1 2 0 -2 1 -1 2 0 -2 1 -1 2 0 -2 1 -1 2 0 -2 1 -1 2 0 -2 1 -1 2 0 -2 1 -1 2 0 -2 1 -1 2 0 -2 1 -1 2 0 -2 1 -1 2 0 -2 1 -1 2 0 -2 1 -1 2 0 -2 1 -1 2 0 -2 1 -1 2 0 -2 1 -1 2 0 -2 1 -1 2 0 -2 1 -1 2 0 -2 1 -1 2 0 -2 1 -1 2 0 -2 1 -1 2 0 -2 1 -1 2 0 -2 1 -1 2 0 -2 1 -1 2 0 -2 1 -1 2 0 -2 1 -1 2 0 -2 1 -1 2 0 -2 1 -1 2 0 -2 1 -1 2 0 -2 1 -1 2 0 -2 1 -1 2 0 -2 1 -1 2 0 -2 1 -1 2 0 -2 1 -1 2 0 -2 1 -1 2 0 -2 1 -1 2 0 -2 1 -1 2 0 -2 1 -1 2 0 -2 1 -1 2 0 -2 1 -1 2 0 -2 1 -1 2 0 -2 1 -1 2 0 -2 1 -1 2 0 -2 1 -1 2 0 -2 1 -1 2 0 -2 1 -1 2 0 -2 1 -1 2 0 -2 1 -1 2 0 -2 1 -1 2 0 -2 1 -1 2 0 -2 1 -1 2 0 -2 1 -1 2 0 -2 1 -1 2 0 -2 1 -1 2 0 -2 1 -1 2 0 -2 1 -1 2 0 -2 1 -1 2 0 -2 1 -1 2 0 -2 1 -1 2 0 -2 1 -1 2 0 -2 1 -1 2 0 -2 1 -1 2 0 -2 1 -1 2 0 -2 1 -1 2 0 -2 1 -1 2 0 -2 1 -1 2 0 -2 1 -1 2 0 -2 1 -1 2 0 -2 1 -1 2 0 -2 1 -1 2 0 -2 1 -1 2 0 -2 1 -1 2 0 -2 1 -1 2 0 -2 1 -1 2 0 -2 1 -1 2 0 -2 1 -1 2 0 -2 1 -1 2 0 -2 1 -1 2 0 -2 1 -1 2 0 -2 1 -1 2 0 -2 1 -1 2 0 -2 1 -1 2 0 -2 1 -1 2 0 -2 1 -1 2 0 -2 1 -1 2 0 -2 1 -1 2 0 -2 1 -1 2 0 -2 1 -1 2 0 -2 1 -1 2 0 -2 1 -1 2 0 721 1 -1 2 0 -2 1 -1 2 0 -2 1 -1 2 0 -2 1 -1 2 0 -2 1 -1 2 0 -2 1 -1 2 0 -2 1 -1 2 0 -2 1 -1 2 0 -2 1 -1 2 0 -2 1 -1 2 0 -2 1 -1 2 0 -2 1 -1 2 0 -2 1 -1 2 0 -2 1 -1 2 0 -2 1 -1 2 0 -2 1 -1 2 0 -2 1 -1 2 0 -2 1 -1 2 0 -2 1 -1 2 0 -2 1 -1 2 0 -2 1 -1 2 0 -2 1 -1 2 0 -2 1 -1 2 0 -2 1 -1 2 0 -2 1 -1 2 0 -2 1 -1 2 0 -2 1 -1 2 0 -2 1 -1 2 0
0 -1 -2 2 1 0 -1 -2 2 1 0 -1 -2 2 1 0 -1 -2 2 1 0 -1 -2 2 1 0 -1 -2 2 1 0 -1 -2 2 1 0 -1 -2 2 1 0 -1 -2 2 1 0 -1 -2 2 1 0 -1 -2 2 1 0 -1 -2 2 1 0 -1 -2 2 1 0 -1 -2 2 1 0 -1 -2 2 1 0 -1 -2 2 1 0 -1 -2 2 1 0 -1 -2 2 1 0 -1 -2 2 1 0 -1 -2 2 1 0 -1 -2 2 1 0 -1 -2 2 1 0 -1 -2 2 1 0 -1 -2 2 1 0 -1 -2 2 1 0 -1 -2 2 1 0 -1 -2 2 1 0 -1 -2 2 1 0 -1 -2 2 1 0 -1 -2 2 1 0 -1 -2 2 1 0 -1 -2 2 1 0 -1 -2 2 1 0 -1 -2 2 1 0 -1 -2 2 1 0 -1 -2 2 1 0 -1 -2 2 1 0 -1 -2 2 1 0 -1 -2 2 1 0 -1 -2 2 1 0 -1 -2 2 1 0 -1 -2 2 1 0 -1 -2 2 1 0 -1 -2 2 1 0 -1 -2 2 1 0 -1 -2 2 1 0 -1 -2 2 1 0 -1 -2 2 1 0 -1 -2 2 1 0 -1 -2 2 1 0 -1 -2 2 1 0 -1 -2 2 1 0 -1 -2 2 1 0 -1 -2 2 1 0 -1 -2 2 1 0 -1 -2 2 1 0 -1 -2 2 1 0 -1 -2 2 1 0 -1 -2 2 1 0 -1 -2 2 1 0 -1 -2 2 1 0 -1 -2 2 1 0 -1 -2 2 1 0 -1 -2 2 1 0 -1 -2 2 1 0 -1 -2 2 1 0 -1 -2 2 1 0 -1 -2 2 1 0 -1 -2 2 1 0 -1 -2 2 1 0 -1 -2 2 1 0 -1 -2 2 1 0 -1 -2 2 1 0 -1 -2 2 1 0 -1 -2 2 1 0 -1 -2 2 1 0 -1 -2 2 1 0 -1 -2 2 1 0 -1 -2 2 1 0 -1 -2 2 1 0 -1 -2 2 1 0 -1 -2 2 1 0 -1 -2 2 1 0 -1 -2 2 1 0 -1 -2 2 1 0 -1 -2 2 1 0 -1 -2 2 1 0 -1 -2 2 1 0 -1 -2 2 1 0 -1 -2 2 1 0 -1 -2 2 1 0 -1 -2 2 1 0 722 -2 2 1 0 -1 -2 2 1 0 -1 -2 2 1 0 -1 -2 2 1 0 -1 -2 2 1 0 -1 -2 2 1 0 -1 -2 2 1 0 -1 -2 2 1 0 -1 -2 2 1 0 -1 -2 2 1 0 -1 -2 2 1 0 -1 -2 2 1 0 -1 -2 2 1 0 -1 -2 2 1 0 -1 -2 2 1 0 -1 -2 2 1 0 -1 -2 2 1 0 -1 -2 2 1 0 -1 -2 2 1 0 -1 -2 2 1 0 -1 -2 2 1 0 -1 -2 2 1 0 -1 -2 2 1 0 -1 -2 2 1 0 -1 -2 2 1 0 -1 -2 2 1 0 -1 -2 2 1 0 -1 -2 2 1
2 2 2 2 2 2 2 2 2 2 2 2 2 2 2 2 2 2 2 2 2 2 2 2 2 2 2 2 2 2 2 2 2 2 2 2 2 2 2 2 2 2 2 2 2 2 2 2 2 2 2 2 2 2 2 2 2 2 2 2 2 2 2 2 2 2 2 2 2 2 2 2 2 2 2 2 2 2 2 2 2 2 2 2 2 2 2 2 2 2 2 2 2 2 2 2 2 2 2 2 2 2 2 2 2 2 2 2 2 2 2 2 2 2 2 2 2 2 2 2 2 2 2 2 2 2 2 2 2 2 2 2 2 2 2 2 2 2 2 2 2 2 2 2 2 2 2 2 2 2 2 2 2 2 2 2 2 2 2 2 2 2 2 2 2 2 2 2 2 2 2 2 2 2 2 2 2 2 2 2 2 2 2 2 2 2 2 2 2 2 2 2 2 2 2 2 2 2 2 2 2 2 2 2 2 2 2 2 2 2 2 2 2 2 2 2 2 2 2 2 2 2 2 2 2 2 2 2 2 2 2 2 2 2 2 2 2 2 2 2 2 2 2 2 2 2 2 2 2 2 2 2 2 2 2 2 2 2 2 2 2 2 2 2 2 2 2 2 2 2 2 2 2 2 2 2 2 2 2 2 2 2 2 2 2 2 2 2 2 2 2 2 2 2 2 2 2 2 2 2 2 2 2 2 2 2 2 2 2 2 2 2 2 2 2 2 2 2 2 2 2 2 2 2 2 2 2 2 2 2 2 2 2 2 2 2 2 2 2 2 2 2 2 2 2 2 2 2 2 2 2 2 2 2 2 2 2 2 2 2 2 2 2 2 2 2 2 2 2 2 2 2 2 2 2 2 2 2 2 2 2 2 2 2 2 2 2 2 2 2 2 2 2 2 2 2 2 2 2 2 2 2 2 2 2 2 2 2 2 2 2 2 2 2 2 2 2 2 2 2 2 2 2 2 2 2 2 2 2 2 2 2 2 2 2 2 2 2 2 2 2 2 2 2 2 2 2 2 2 2 2 2 2 2 2 2 2 2 2 2 2 2 1201 2 2 2 2 2 2 2 2 2 2 2 2 2 2 2 2 2 2 2 2 2 2 2 2 2 2 2 2 2 2 2 2 2 2 2 2 2 2 2 2 2 2 2 2 2 2 2 2 2 2 2 2 2 2 2 2 2 2 2 2 2 2 2 2 2 2 2 2 2 2 2 2 2 2 2 2 2 2 2 2 2 2 2 2 2 2 2 2 2 2 2 2 2 2 2 2 2 2 2 2 2 2 2 2 2 2 2 2 2 2 2 2 2 2 2 2 2 2 2 2 2 2 2 2 2 2 2 2 2 2 2 2 2 2 2 2 2
-1 0 1 2 -2 -1 0 1 2 -2 -1 0 1 2 -2 -1 0 1 2 -2 -1 0 1 2 -2 -1 0 1 2 -2 -1 0 1 2 -2 -1 0 1 2 -2 -1 0 1 2 -2 -1 0 1 2 -2 -1 0 1 2 -2 -1 0 1 2 -2 -1 0 1 2 -2 -1 0 1 2 -2 -1 0 1 2 -2 -1 0 1 2 -2 -1 0 1 2 -2 -1 0 1 2 -2 -1 0 1 2 -2 -1 0 1 2 -2 -1 0 1 2 -2 -1 0 1 2 -2 -1 0 1 2 -2 -1 0 1 2 -2 -1 0 1 2 -2 -1 0 1 2 -2 -1 0 1 2 -2 -1 0 1 2 -2 -1 0 1 2 -2 -1 0 1 2 -2 -1 0 1 2 -2 -1 0 1 2 -2 -1 0 1 2 -2 -1 0 1 2 -2 -1 0 1 2 -2 -1 0 1 2 -2 -1 0 1 2 -2 -1 0 1 2 -2 -1 0 1 2 -2 -1 0 1 2 -2 -1 0 1 2 -2 -1 0 1 2 -2 -1 0 1 2 -2 -1 0 1 2 -2 -1 0 1 2 -2 -1 0 1 2 -2 -1 0 1 2 -2 -1 0 1 2 -2 -1 0 1 2 -2 -1 0 1 2 -2 -1 0 1 2 -2 -1 0 1 2 -2 -1 0 1 2 -2 -1 0 1 2 -2 -1 0 1 2 -2 -1 0 1 2 -2 -1 0 1 2 -2 -1 0 1 2 -2 -1 0 1 2 -2 -1 0 1 2 -2 -1 0 1 2 -2 -1 0 1 2 -2 -1 0 1 2 -2 -1 0 1 2 -2 -1 0 1 2 -2 -1 0 1 2 -2 -1 0 1 2 -2 -1 0 1 2 -2 -1 0 1 2 -2 -1 0 1 2 -2 -1 0 1 2 -2 -1 0 1 2 -2 -1 0 1 2 -2 -1 0 1 2 -2 -1 0 1 2 -2 -1 0 1 2 -2 -1 0 1 2 -2 -1 0 1 2 -2 -1 0 1 2 -2 -1 0 1 2 -2 -1 0 1 2 -2 -1 0 1 2 -2 -1 0 1 2 -2 -1 0 1 2 -2 -1 0 1 2 -2 -1 0 1 2 -2 -1 0 1 2 -2 -1 0 1 2 -2 -1 0 1 2 -2 -1 0 1 2 -2 -1 0 1 2 -2 -1 0 1 2 -2 -1 0 1 721 -2 -1 0 1 2 -2 -1 0 1 2 -2 -1 0 1 2 -2 -1 0 1 2 -2 -1 0 1 2 -2 -1 0 1 2 -2 -1 0 1 2 -2 -1 0 1 2 -2 -1 0 1 2 -2 -1 0 1 2 -2 -1 0 1 2 -2 -1 0 1 2 -2 -1 0 1 2 -2 -1 0 1 2 -2 -1 0 1 2 -2 -1 0 1 2 -2 -1 0 1 2 -2 -1 0 1 2 -2 -1 0 1 2 -2 -1 0 1 2 -2 -1 0 1 2 -2 -1 0 1 2 -2 -1 0 1 2 -2 -1 0 1 2 -2 -1 0 1 2 -2 -1 0 1 2 -2 -1 0 1 2 -2
1 -2 0 2 -1 1 -2 0 2 -1 1 -2 0 2 -1 1 -2 0 2 -1 1 -2 0 2 -1 1 -2 0 2 -1 1 -2 0 2 -1 1 -2 0 2 -1 1 -2 0 2 -1 1 -2 0 2 -1 1 -2 0 2 -1 1 -2 0 2 -1 1 -2 0 2 -1 1 -2 0 2 -1 1 -2 0 2 -1 1 -2 0 2 -1 1 -2 0 2 -1 1 -2 0 2 -1 1 -2 0 2 -1 1 -2 0 2 -1 1 -2 0 2 -1 1 -2 0 2 -1 1 -2 0 2 -1 1 -2 0 2 -1 1 -2 0 2 -1 1 -2 0 2 -1 1 -2 0 2 -1 1 -2 0 2 -1 1 -2 0 2 -1 1 -2 0 2 -1 1 -2 0 2 -1 1 -2 0 2 -1 1 -2 0 2 -1 1 -2 0 2 -1 1 -2 0 2 -1 1 -2 0 2 -1 1 -2 0 2 -1 1 -2 0 2 -1 1 -2 0 2 -1 1 -2 0 2 -1 1 -2 0 2 -1 1 -2 0 2 -1 1 -2 0 2 -1 1 -2 0 2 -1 1 -2 0 2 -1 1 -2 0 2 -1 1 -2 0 2 -1 1 -2 0 2 -1 1 -2 0 2 -1 1 -2 0 2 -1 1 -2 0 2 -1 1 -2 0 2 -1 1 -2 0 2 -1 1 -2 0 2 -1 1 -2 0 2 -1 1 -2 0 2 -1 1 -2 0 2 -1 1 -2 0 2 -1 1 -2 0 2 -1 1 -2 0 2 -1 1 -2 0 2 -1 1 -2 0 2 -1 1 -2 0 2 -1 1 -2 0 2 -1 1 -2 0 2 -1 1 -2 0 2 -1 1 -2 0 2 -1 1 -2 0 2 -1 1 -2 0 2 -1 1 -2 0 2 -1 1 -2 0 2 -1 1 -2 0 2 -1 1 -2 0 2 -1 1 -2 0 2 -1 1 -2 0 2 -1 1 -2 0 2 -1 1 -2 0 2 -1 1 -2 0 2 -1 1 -2 0 2 -1 1 -2 0 2 -1 1 -2 0 2 -1 1 -2 0 2 -1 1 -2 0 2 -1 1 -2 0 2 -1 1 -2 0 2 -1 1 -2 0 2 -1 1 -2 0 2 -1 1 -2 0 2 -1 1 -2 0 2 -1 1 -2 0 2 -1 1 -2 0 2 -1 1 -2 0 2 -1 1 -2 0 2 722 1 -2 0 2 -1 1 -2 0 2 -1 1 -2 0 2 -1 1 -2 0 2 -1 1 -2 0 2 -1 1 -2 0 2 -1 1 -2 0 2 -1 1 -2 0 2 -1 1 -2 0 2 -1 1 -2 0 2 -1 1 -2 0 2 -1 1 -2 0 2 -1 1 -2 0 2 -1 1 -2 0 2 -1 1 -2 0 2 -1 1 -2 0 2 -1 1 -2 0 2 -1 1 -2 0 2 -1 1 -2 0 2 -1 1 -2 0 2 -1 1 -2 0 2 -1 1 -2 0 2 -1 1 -2 0 2 -1 1 -2 0 2 -1 1 -2 0 2 -1 1 -2 0 2 -1 1 -2 0 2 -1
-2 1 -1 2 0 -2 1 -1 2 0 -2 1 -1 2 0 -2 1 -1 2 0 -2 1 -1 2 0 -2 1 -1 2 0 -2 1 -1 2 0 -2 1 -1 2 0 -2 1 -1 2 0 -2 1 -1 2 0 -2 1 -1 2 0 -2 1 -1 2 0 -2 1 -1 2 0 -2 1 -1 2 0 -2 1 -1 2 0 -2 1 -1 2 0 -2 1 -1 2 0 -2 1 -1 2 0 -2 1 -1 2 0 -2 1 -1 2 0 -2 1 -1 2 0 -2 1 -1 2 0 -2 1 -1 2 0 -2 1 -1 2 0 -2 1 -1 2 0 -2 1 -1 2 0 -2 1 -1 2 0 -2 1 -1 2 0 -2 1 -1 2 0 -2 1 -1 2 0 -2 1 -1 2 0 -2 1 -1 2 0 -2 1 -1 2 0 -2 1 -1 2 0 -2 1 -1 2 0 -2 1 -1 2 0 -2 1 -1 2 0 -2 1 -1 2 0 -2 1 -1 2 0 -2 1 -1 2 0 -2 1 -1 2 0 -2 1 -1 2 0 -2 1 -1 2 0 -2 1 -1 2 0 -2 1 -1 2 0 -2 1 -1 2 0 -2 1 -1 2 0 -2 1 -1 2 0 -2 1 -1 2 0 -2 1 -1 2 0 -2 1 -1 2 0 -2 1 -1 2 0 -2 1 -1 2 0 -2 1 -1 2 0 -2 1 -1 2 0 -2 1 -1 2 0 -2 1 -1 2 0 -2 1 -1 2 0 -2 1 -1 2 0 -2 1 -1 2 0 -2 1 -1 2 0 -2 1 -1 2 0 -2 1 -1 2 0 -2 1 -1 2 0 -2 1 -1 2 0 -2 1 -1 2 0 -2 1 -1 2 0 -2 1 -1 2 0 -2 1 -1 2 0 -2 1 -1 2 0 -2 1 -1 2 0 -2 1 -1 2 0 -2 1 -1 2 0 -2 1 -1 2 0 -2 1 -1 2 0 -2 1 -1 2 0 -2 1 -1 2 0 -2 1 -1 2 0 -2 1 -1 2 0 -2 1 -1 2 0 -2 1 -1 2 0 -2 1 -1 2 0 -2 1 -1 2 0 -2 1 -1 2 0 -2 1 -1 2 0 -2 1 -1 2 0 -2 1 -1 2 0 -2 1 -1 2 0 -2 1 -1 2 0 -2 1 -1 2 0 -2 1 -1 2 0 -2 1 -1 2 0 -2 1 -1 2 0 721 1 -1 2 0 -2 1 -1 2 0 -2 1 -1 2 0 -2 1 -1 2 0 -2 1 -1 2 0 -2 1 -1 2 0 -2 1 -1 2 0 -2 1 -1 2 0 -2 1 -1 2 0 -2 1 -1 2 0 -2 1 -1 2 0 -2 1 -1 2 0 -2 1 -1 2 0 -2 1 -1 2 0 -2 1 -1 2 0 -2 1 -1 2 0 -2 1 -1 2 0 -2 1 -1 2 0 -2 1 -1 2 0 -2 1 -1 2 0 -2 1 -1 2 0 -2 1 -1 2 0 -2 1 -1 2 0 -2 1 -1 2 0 -2 1 -1 2 0 -2 1 -1 2 0 -2 1 -1 2 0
0 -1 -2 2 1 0 -1 -2 2 1 0 -1 -2 2 1 0 -1 -2 2 1 0 -1 -2 2 1 0 -1 -2 2 1 0 -1 -2 2 1 0 -1 -2 2 1 0 -1 -2 2 1 0 -1 -2 2 1 0 -1 -2 2 1 0 -1 -2 2 1 0 -1 -2 2 1 0 -1 -2 2 1 0 -1 -2 2 1 0 -1 -2 2 1 0 -1 -2 2 1 0 -1 -2 2 1 0 -1 -2 2 1 0 -1 -2 2 1 0 -1 -2 2 1 0 -1 -2 2 1 0 -1 -2 2 1 0 -1 -2 2 1 0 -1 -2 2 1 0 -1 -2 2 1 0 -1 -2 2 1 0 -1 -2 2 1 0 -1 -2 2 1 0 -1 -2 2 1 0 -1 -2 2 1 0 -1 -2 2 1 0 -1 -2 2 1 0 -1 -2 2 1 0 -1 -2 2 1 0 -1 -2 2 1 0 -1 -2 2 1 0 -1 -2 2 1 0 -1 -2 2 1 0 -1 -2 2 1 0 -1 -2 2 1 0 -1 -2 2 1 0 -1 -2 2 1 0 -1 -2 2 1 0 -1 -2 2 1 0 -1 -2 2 1 0 -1 -2 2 1 0 -1 -2 2 1 0 -1 -2 2 1 0 -1 -2 2 1 0 -1 -2 2 1 0 -1 -2 2 1 0 -1 -2 2 1 0 -1 -2 2 1 0 -1 -2 2 1 0 -1 -2 2 1 0 -1 -2 2 1 0 -1 -2 2 1 0 -1 -2 2 1 0 -1 -2 2 1 0 -1 -2 2 1 0 -1 -2 2 1 0 -1 -2 2 1 0 -1 -2 2 1 0 -1 -2 2 1 0 -1 -2 2 1 0 -1 -2 2 1 0 -1 -2 2 1 0 -1 -2 2 1 0 -1 -2 2 1 0 -1 -2 2 1 0 -1 -2 2 1 0 -1 -2 2 1 0 -1 -2 2 1 0 -1 -2 2 1 0 -1 -2 2 1 0 -1 -2 2 1 0 -1 -2 2 1 0 -1 -2 2 1 0 -1 -2 2 1 0 -1 -2 2 1 0 -1 -2 2 1 0 -1 -2 2 1 0 -1 -2 2 1 0 -1 -2 2 1 0 -1 -2 2 1 0 -1 -2 2 1 0 -1 -2 2 1 0 -1 -2 2 1 0 -1 -2 2 1 0 -1 -2 2 1 0 -1 -2 2 1 0 -1 -2 2 1 0 722 -2 2 1 0 -1 -2 2 1 0 -1 -2 2 1 0 -1 -2 2 1 0 -1 -2 2 1 0 -1 -2 2 1 0 -1 -2 2 1 0 -1 -2 2 1 0 -1 -2 2 1 0 -1 -2 2 1 0 -1 -2 2 1 0 -1 -2 2 1 0 -1 -2 2 1 0 -1 -2 2 1 0 -1 -2 2 1 0 -1 -2 2 1 0 -1 -2 2 1 0 -1 -2 2 1 0 -1 -2 2 1 0 -1 -2 2 1 0 -1 -2 2 1 0 -1 -2 2 1 0 -1 -2 2 1 0 -1 -2 2 1 0 -1 -2 2 1 0 -1 -2 2 1 0 -1 -2 2 1
2 2 2 2 2 2 2 2 2 2 2 2 2 2 2 2 2 2 2 2 2 2 2 2 2 2 2 2 2 2 2 2 2 2 2 2 2 2 2 2 2 2 2 2 2 2 2 2 2 2 2 2 2 2 2 2 2 2 2 2 2 2 2 2 2 2 2 2 2 2 2 2 2 2 2 2 2 2 2 2 2 2 2 2 2 2 2 2 2 2 2 2 2 2 2 2 2 2 2 2 2 2 2 2 2 2 2 2 2 2 2 2 2 2 2 2 2 2 2 2 2 2 2 2 2 2 2 2 2 2 2 2 2 2 2 2 2 2 2 2 2 2 2 2 2 2 2 2 2 2 2 2 2 2 2 2 2 2 2 2 2 2 2 2 2 2 2 2 2 2 2 2 2 2 2 2 2 2 2 2 2 2 2 2 2 2 2 2 2 2 2 2 2 2 2 2 2 2 2 2 2 2 2 2 2 2 2 2 2 2 2 2 2 2 2 2 2 2 2 2 2 2 2 2 2 2 2 2 2 2 2 2 2 2 2 2 2 2 2 2 2 2 2 2 2 2 2 2 2 2 2 2 2 2 2 2 2 2 2 2 2 2 2 2 2 2 2 2 2 2 2 2 2 2 2 2 2 2 2 2 2 2 2 2 2 2 2 2 2 2 2 2 2 2 2 2 2 2 2 2 2 2 2 2 2 2 2 2 2 2 2 2 2 2 2 2 2 2 2 2 2 2 2 2 2 2 2 2 2 2 2 2 2 2 2 2 2 2 2 2 2 2 2 2 2 2 2 2 2 2 2 2 2 2 2 2 2 2 2 2 2 2 2 2 2 2 2 2 2 2 2 2 2 2 2 2 2 2 2 2 2 2 2 2 2 2 2 2 2 2 2 2 2 2 2 2 2 2 2 2 2 2 2 2 2 2 2 2 2 2 2 2 2 2 2 2 2 2 2 2 2 2 2 2 2 2 2 2 2 2 2 2 2 2 2 2 2 2 2 2 2 2 2 2 2 2 2 2 2 2 2 2 2 2 2 2 2 2 2 2 2 2 2 2 2 2 2 1201 2 2 2 2 2 2 2 2 2 2 2 2 2 2 2 2 2 2 2 2 2 2 2 2 2 2 2 2 2 2 2 2 2 2 2 2 2 2 2 2 2 2 2 2 2 2 2 2 2 2 2 2 2 2 2 2 2 2 2 2 2 2 2 2 2 2 2 2 2 2 2 2 2 2 2 2 2 2 2 2 2 2 2 2 2 2 2 2 2 2 2 2 2 2 2 2 2 2 2 2 2 2 2 2 2 2 2 2 2 2 2 2 2 2 2 2 2 2 2 2 2 2 2 2 2 2 2 2 2 2 2 2
-1 0 1 2 -2 -1 0 1 2 -2 -1 0 1 2 -2 -1 0 1 2 -2 -1 0 1 2 -2 -1 0 1 2 -2 -1 0 1 2 -2 -1 0 1 2 -2 -1 0 1 2 -2 -1 0 1 2 -2 -1 0 1 2 -2 -1 0 1 2 -2 -1 0 1 2 -2 -1 0 1 2 -2 -1 0 1 2 -2 -1 0 1 2 -2 -1 0 1 2 -2 -1 0 1 2 -2 -1 0 1 2 -2 -1 0 1 2 -2 -1 0 1 2 -2 -1 0 1 2 -2 -1 0 1 2 -2 -1 0 1 2 -2 -1 0 1 2 -2 -1 0 1 2 -2 -1 0 1 2 -2 -1 0 1 2 -2 -1 0 1 2 -2 -1 0 1 2 -2 -1 0 1 2 -2 -1 0 1 2 -2 -1 0 1 2 -2 -1 0 1 2 -2 -1 0 1 2 -2 -1 0 1 2 -2 -1 0 1 2 -2 -1 0 1 2 -2 -1 0 1 2 -2 -1 0 1 2 -2 -1 0 1 2 -2 -1 0 1 2 -2 -1 0 1 2 -2 -1 0 1 2 -2 -1 0 1 2 -2 -1 0 1 2 -2 -1 0 1 2 -2 -1 0 1 2 -2 -1 0 1 2 -2 -1 0 1 2 -2 -1 0 1 2 -2 -1 0 1 2 -2 -1 0 1 2 -2 -1 0 1 2 -2 -1 0 1 2 -2 -1 0 1 2 -2 -1 0 1 2 -2 -1 0 1 2 -2 -1 0 1 2 -2 -1 0 1 2 -2 -1 0 1 2 -2 -1 0 1 2 -2 -1 0 1 2 -2 -1 0 1 2 -2 -1 0 1 2 -2 -1 0 1 2 -2 -1 0 1 2 -2 -1 0 1 2 -2 -1 0 1 2 -2 -1 0 1 2 -2 -1 0 1 2 -2 -1 0 1 2 -2 -1 0 1 2 -2 -1 0 1 2 -2 -1 0 1 2 -2 -1 0 1 2 -2 -1 0 1 2 -2 -1 0 1 2 -2 -1 0 1 2 -2 -1 0 1 2 -2 -1 0 1 2 -2 -1 0 1 2 -2 -1 0 1 2 -2 -1 0 1 2 -2 -1 0 1 2 -2 -1 0 1 2 -2 -1 0 1 2 -2 -1 0 1 2 -2 -1 0 1 2 -2 -1 0 1 2 -2 -1 0 1 2 -2 -1 0 1 2 -2 -1 0 1 2 -2 -1 0 1 721 -2 -1 0 1 2 -2 -1 0 1 2 -2 -1 0 1 2 -2 -1 0 1 2 -2 -1 0 1 2 -2 -1 0 1 2 -2 -1 0 1 2 -2 -1 0 1 2 -2 -1 0 1 2 -2 -1 0 1 2 -2 -1 0 1 2 -2 -1 0 1 2 -2 -1 0 1 2 -2 -1 0 1 2 -2 -1 0 1 2 -2 -1 0 1 2 -2 -1 0 1 2 -2 -1 0 1 2 -2 -1 0 1 2 -2 -1 0 1 2 -2 -1 0 1 2 -2 -1 0 1 2 -2 -1 0 1 2 -2 -1 0 1 2 -2 -1 0 1 2 -2 -1 0 1 2 -2
1 -2 0 2 -1 1 -2 0 2 -1 1 -2 0 2 -1 1 -2 0 2 -1 1 -2 0 2 -1 1 -2 0 2 -1 1 -2 0 2 -1 1 -2 0 2 -1 1 -2 0 2 -1 1 -2 0 2 -1 1 -2 0 2 -1 1 -2 0 2 -1 1 -2 0 2 -1 1 -2 0 2 -1 1 -2 0 2 -1 1 -2 0 2 -1 1 -2 0 2 -1 1 -2 0 2 -1 1 -2 0 2 -1 1 -2 0 2 -1 1 -2 0 2 -1 1 -2 0 2 -1 1 -2 0 2 -1 1 -2 0 2 -1 1 -2 0 2 -1 1 -2 0 2 -1 1 -2 0 2 -1 1 -2 0 2 -1 1 -2 0 2 -1 1 -2 0 2 -1 1 -2 0 2 -1 1 -2 0 2 -1 1 -2 0 2 -1 1 -2 0 2 -1 1 -2 0 2 -1 1 -2 0 2 -1 1 -2 0 2 -1 1 -2 0 2 -1 1 -2 0 2 -1 1 -2 0 2 -1 1 -2 0 2 -1 1 -2 0 2 -1 1 -2 0 2 -1 1 -2 0 2 -1 1 -2 0 2 -1 1 -2 0 2 -1 1 -2 0 2 -1 1 -2 0 2 -1 1 -2 0 2 -1 1 -2 0 2 -1 1 -2 0 2 -1 1 -2 0 2 -1 1 -2 0 2 -1 1 -2 0 2 -1 1 -2 0 2 -1 1 -2 0 2 -1 1 -2 0 2 -1 1 -2 0 2 -1 1 -2 0 2 -1 1 -2 0 2 -1 1 -2 0 2 -1 1 -2 0 2 -1 1 -2 0 2 -1 1 -2 0 2 -1 1 -2 0 2 -1 1 -2 0 2 -1 1 -2 0 2 -1 1 -2 0 2 -1 1 -2 0 2 -1 1 -2 0 2 -1 1 -2 0 2 -1 1 -2 0 2 -1 1 -2 0 2 -1 1 -2 0 2 -1 1 -2 0 2 -1 1 -2 0 2 -1 1 -2 0 2 -1 1 -2 0 2 -1 1 -2 0 2 -1 1 -2 0 2 -1 1 -2 0 2 -1 1 -2 0 2 -1 1 -2 0 2 -1 1 -2 0 2 -1 1 -2 0 2 -1 1 -2 0 2 -1 1 -2 0 2 -1 1 -2 0 2 -1 1 -2 0 2 -1 1 -2 0 2 -1 1 -2 0 2 -1 1 -2 0 2 -1 1 -2 0 2 -1 1 -2 0 2 722 1 -2 0 2 -1 1 -2 0 2 -1 1 -2 0 2 -1 1 -2 0 2 -1 1 -2 0 2 -1 1 -2 0 2 -1 1 -2 0 2 -1 1 -2 0 2 -1 1 -2 0 2 -1 1 -2 0 2 -1 1 -2 0 2 -1 1 -2 0 2 -1 1 -2 0 2 -1 1 -2 0 2 -1 1 -2 0 2 -1 1 -2 0 2 -1 1 -2 0 2 -1 1 -2 0 2 -1 1 -2 0 2 -1 1 -2 0 2 -1 1 -2 0 2 -1 1 -2 0 2 -1 1 -2 0 2 -1 1 -2 0 2 -1 1 -2 0 2 -1 1 -2 0 2 -1
-2 1 -1 2 0 -2 1 -1 2 0 -2 1 -1 2 0 -2 1 -1 2 0 -2 1 -1 2 0 -2 1 -1 2 0 -2 1 -1 2 0 -2 1 -1 2 0 -2 1 -1 2 0 -2 1 -1 2 0 -2 1 -1 2 0 -2 1 -1 2 0 -2 1 -1 2 0 -2 1 -1 2 0 -2 1 -1 2 0 -2 1 -1 2 0 -2 1 -1 2 0 -2 1 -1 2 0 -2 1 -1 2 0 -2 1 -1 2 0 -2 1 -1 2 0 -2 1 -1 2 0 -2 1 -1 2 0 -2 1 -1 2 0 -2 1 -1 2 0 -2 1 -1 2 0 -2 1 -1 2 0 -2 1 -1 2 0 -2 1 -1 2 0 -2 1 -1 2 0 -2 1 -1 2 0 -2 1 -1 2 0 -2 1 -1 2 0 -2 1 -1 2 0 -2 1 -1 2 0 -2 1 -1 2 0 -2 1 -1 2 0 -2 1 -1 2 0 -2 1 -1 2 0 -2 1 -1 2 0 -2 1 -1 2 0 -2 1 -1 2 0 -2 1 -1 2 0 -2 1 -1 2 0 -2 1 -1 2 0 -2 1 -1 2 0 -2 1 -1 2 0 -2 1 -1 2 0 -2 1 -1 2 0 -2 1 -1 2 0 -2 1 -1 2 0 -2 1 -1 2 0 -2 1 -1 2 0 -2 1 -1 2 0 -2 1 -1 2 0 -2 1 -1 2 0 -2 1 -1 2 0 -2 1 -1 2 0 -2 1 -1 2 0 -2 1 -1 2 0 -2 1 -1 2 0 -2 1 -1 2 0 -2 1 -1 2 0 -2 1 -1 2 0 -2 1 -1 2 0 -2 1 -1 2 0 -2 1 -1 2 0 -2 1 -1 2 0 -2 1 -1 2 0 -2 1 -1 2 0 -2 1 -1 2 0 -2 1 -1 2 0 -2 1 -1 2 0 -2 1 -1 2 0 -2 1 -1 2 0 -2 1 -1 2 0 -2 1 -1 2 0 -2 1 -1 2 0 -2 1 -1 2 0 -2 1 -1 2 0 -2 1 -1 2 0 -2 1 -1 2 0 -2 1 -1 2 0 -2 1 -1 2 0 -2 1 -1 2 0 -2 1 -1 2 0 -2 1 -1 2 0 -2 1 -1 2 0 -2 1 -1 2 0 -2 1 -1 2 0 -2 1 -1 2 0 -2 1 -1 2 0 -2 1 -1 2 0 -2 1 -1 2 0 721 1 -1 2 0 -2 1 -1 2 0 -2 1 -1 2 0 -2 1 -1 2 0 -2 1 -1 2 0 -2 1 -1 2 0 -2 1 -1 2 0 -2 1 -1 2 0 -2 1 -1 2 0 -2 1 -1 2 0 -2 1 -1 2 0 -2 1 -1 2 0 -2 1 -1 2 0 -2 1 -1 2 0 -2 1 -1 2 0 -2 1 -1 2 0 -2 1 -1 2 0 -2 1 -1 2 0 -2 1 -1 2 0 -2 1 -1 2 0 -2 1 -1 2 0 -2 1 -1 2 0 -2 1 -1 2 0 -2 1 -1 2 0 -2 1 -1 2 0 -2 1 -1 2 0
0 -1 -2 2 1 0 -1 -2 2 1 0 -1 -2 2 1 0 -1 -2 2 1 0 -1 -2 2 1 0 -1 -2 2 1 0 -1 -2 2 1 0 -1 -2 2 1 0 -1 -2 2 1 0 -1 -2 2 1 0 -1 -2 2 1 0 -1 -2 2 1 0 -1 -2 2 1 0 -1 -2 2 1 0 -1 -2 2 1 0 -1 -2 2 1 0 -1 -2 2 1 0 -1 -2 2 1 0 -1 -2 2 1 0 -1 -2 2 1 0 -1 -2 2 1 0 -1 -2 2 1 0 -1 -2 2 1 0 -1 -2 2 1 0 -1 -2 2 1 0 -1 -2 2 1 0 -1 -2 2 1 0 -1 -2 2 1 0 -1 -2 2 1 0 -1 -2 2 1 0 -1 -2 2 1 0 -1 -2 2 1 0 -1 -2 2 1 0 -1 -2 2 1 0 -1 -2 2 1 0 -1 -2 2 1 0 -1 -2 2 1 0 -1 -2 2 1 0 -1 -2 2 1 0 -1 -2 2 1 0 -1 -2 2 1 0 -1 -2 2 1 0 -1 -2 2 1 0 -1 -2 2 1 0 -1 -2 2 1 0 -1 -2 2 1 0 -1 -2 2 1 0 -1 -2 2 1 0 -1 -2 2 1 0 -1 -2 2 1 0 -1 -2 2 1 0 -1 -2 2 1 0 -1 -2 2 1 0 -1 -2 2 1 0 -1 -2 2 1 0 -1 -2 2 1 0 -1 -2 2 1 0 -1 -2 2 1 0 -1 -2 2 1 0 -1 -2 2 1 0 -1 -2 2 1 0 -1 -2 2 1 0 -1 -2 2 1 0 -1 -2 2 1 0 -1 -2 2 1 0 -1 -2 2 1 0 -1 -2 2 1 0 -1 -2 2 1 0 -1 -2 2 1 0 -1 -2 2 1 0 -1 -2 2 1 0 -1 -2 2 1 0 -1 -2 2 1 0 -1 -2 2 1 0 -1 -2 2 1 0 -1 -2 2 1 0 -1 -2 2 1 0 -1 -2 2 1 0 -1 -2 2 1 0 -1 -2 2 1 0 -1 -2 2 1 0 -1 -2 2 1 0 -1 -2 2 1 0 -1 -2 2 1 0 -1 -2 2 1 0 -1 -2 2 1 0 -1 -2 2 1 0 -1 -2 2 1 0 -1 -2 2 1 0 -1 -2 2 1 0 -1 -2 2 1 0 -1 -2 2 1 0 -1 -2 2 1 0 -1 -2 2 1 0 722 -2 2 1 0 -1 -2 2 1 0 -1 -2 2 1 0 -1 -2 2 1 0 -1 -2 2 1 0 -1 -2 2 1 0 -1 -2 2 1 0 -1 -2 2 1 0 -1 -2 2 1 0 -1 -2 2 1 0 -1 -2 2 1 0 -1 -2 2 1 0 -1 -2 2 1 0 -1 -2 2 1 0 -1 -2 2 1 0 -1 -2 2 1 0 -1 -2 2 1 0 -1 -2 2 1 0 -1 -2 2 1 0 -1 -2 2 1 0 -1 -2 2 1 0 -1 -2 2 1 0 -1 -2 2 1 0 -1 -2 2 1 0 -1 -2 2 1 0 -1 -2 2 1
2 2 2 2 2 2 2 2 2 2 2 2 2 2 2 2 2 2 2 2 2 2 2 2 2 2 2 2 2 2 2 2 2 2 2 2 2 2 2 2 2 2 2 2 2 2 2 2 2 2 2 2 2 2 2 2 2 2 2 2 2 2 2 2 2 2 2 2 2 2 2 2 2 2 2 2 2 2 2 2 2 2 2 2 2 2 2 2 2 2 2 2 2 2 2 2 2 2 2 2 2 2 2 2 2 2 2 2 2 2 2 2 2 2 2 2 2 2 2 2 2 2 2 2 2 2 2 2 2 2 2 2 2 2 2 2 2 2 2 2 2 2 2 2 2 2 2 2 2 2 2 2 2 2 2 2 2 2 2 2 2 2 2 2 2 2 2 2 2 2 2 2 2 2 2 2 2 2 2 2 2 2 2 2 2 2 2 2 2 2 2 2 2 2 2 2 2 2 2 2 2 2 2 2 2 2 2 2 2 2 2 2 2 2 2 2 2 2 2 2 2 2 2 2 2 2 2 2 2 2 2 2 2 2 2 2 2 2 2 2 2 2 2 2 2 2 2 2 2 2 2 2 2 2 2 2 2 2 2 2 2 2 2 2 2 2 2 2 2 2 2 2 2 2 2 2 2 2 2 2 2 2 2 2 2 2 2 2 2 2 2 2 2 2 2 2 2 2 2 2 2 2 2 2 2 2 2 2 2 2 2 2 2 2 2 2 2 2 2 2 2 2 2 2 2 2 2 2 2 2 2 2 2 2 2 2 2 2 2 2 2 2 2 2 2 2 2 2 2 2 2 2 2 2 2 2 2 2 2 2 2 2 2 2 2 2 2 2 2 2 2 2 2 2 2 2 2 2 2 2 2 2 2 2 2 2 2 2 2 2 2 2 2 2 2 2 2 2 2 2 2 2 2 2 2 2 2 2 2 2 2 2 2 2 2 2 2 2 2 2 2 2 2 2 2 2 2 2 2 2 2 2 2 2 2 2 2 2 2 2 2 2 2 2 2 2 2 2 2 2 2 2 2 2 2 2 2 2 2 2 2 2 2 2 2 2 2 2 2 2 2 2 1201 2 2 2 2 2 2 2 2 2 2 2 2 2 2 2 2 2 2 2 2 2 2 2 2 2 2 2 2 2 2 2 2 2 2 2 2 2 2 2 2 2 2 2 2 2 2 2 2 2 2 2 2 2 2 2 2 2 2 2 2 2 2 2 2 2 2 2 2 2 2 2 2 2 2 2 2 2 2 2 2 2 2 2 2 2 2 2 2 2 2 2 2 2 2 2 2 2 2 2 2 2 2 2 2 2 2 2 2 2 2 2 2 2 2 2 2 2 2 2 2 2 2 2 2 2 2 2
-1 0 1 2 -2 -1 0 1 2 -2 -1 0 1 2 -2 -1 0 1 2 -2 -1 0 1 2 -2 -1 0 1 2 -2 -1 0 1 2 -2 -1 0 1 2 -2 -1 0 1 2 -2 -1 0 1 2 -2 -1 0 1 2 -2 -1 0 1 2 -2 -1 0 1 2 -2 -1 0 1 2 -2 -1 0 1 2 -2 -1 0 1 2 -2 -1 0 1 2 -2 -1 0 1 2 -2 -1 0 1 2 -2 -1 0 1 2 -2 -1 0 1 2 -2 -1 0 1 2 -2 -1 0 1 2 -2 -1 0 1 2 -2 -1 0 1 2 -2 -1 0 1 2 -2 -1 0 1 2 -2 -1 0 1 2 -2 -1 0 1 2 -2 -1 0 1 2 -2 -1 0 1 2 -2 -1 0 1 2 -2 -1 0 1 2 -2 -1 0 1 2 -2 -1 0 1 2 -2 -1 0 1 2 -2 -1 0 1 2 -2 -1 0 1 2 -2 -1 0 1 2 -2 -1 0 1 2 -2 -1 0 1 2 -2 -1 0 1 2 -2 -1 0 1 2 -2 -1 0 1 2 -2 -1 0 1 2 -2 -1 0 1 2 -2 -1 0 1 2 -2 -1 0 1 2 -2 -1 0 1 2 -2 -1 0 1 2 -2 -1 0 1 2 -2 -1 0 1 2 -2 -1 0 1 2 -2 -1 0 1 2 -2 -1 0 1 2 -2 -1 0 1 2 -2 -1 0 1 2 -2 -1 0 1 2 -2 -1 0 1 2 -2 -1 0 1 2 -2 -1 0 1 2 -2 -1 0 1 2 -2 -1 0 1 2 -2 -1 0 1 2 -2 -1 0 1 2 -2 -1 0 1 2 -2 -1 0 1 2 -2 -1 0 1 2 -2 -1 0 1 2 -2 -1 0 1 2 -2 -1 0 1 2 -2 -1 0 1 2 -2 -1 0 1 2 -2 -1 0 1 2 -2 -1 0 1 2 -2 -1 0 1 2 -2 -1 0 1 2 -2 -1 0 1 2 -2 -1 0 1 2 -2 -1 0 1 2 -2 -1 0 1 2 -2 -1 0 1 2 -2 -1 0 1 2 -2 -1 0 1 2 -2 -1 0 1 2 -2 -1 0 1 2 -2 -1 0 1 2 -2 -1 0 1 2 -2 -1 0 1 2 -2 -1 0 1 2 -2 -1 0 1 2 -2 -1 0 1 2 -2 -1 0 1 2 -2 -1 0 1 2 -2 -1 0 1 721 -2 -1 0 1 2 -2 -1 0 1 2 -2 -1 0 1 2 -2 -1 0 1 2 -2 -1 0 1 2 -2 -1 0 1 2 -2 -1 0 1 2 -2 -1 0 1 2 -2 -1 0 1 2 -2 -1 0 1 2 -2 -1 0 1 2 -2 -1 0 1 2 -2 -1 0 1 2 -2 -1 0 1 2 -2 -1 0 1 2 -2 -1 0 1 2 -2 -1 0 1 2 -2 -1 0 1 2 -2 -1 0 1 2 -2 -1 0 1 2 -2 -1 0 1 2 -2 -1 0 1 2 -2 -1 0 1 2 -2 -1 0 1 2 -2 -1 0 1 2 -2
1 -2 0 2 -1 1 -2 0 2 -1 1 -2 0 2 -1 1 -2 0 2 -1 1 -2 0 2 -1 1 -2 0 2 -1 1 -2 0 2 -1 1 -2 0 2 -1 1 -2 0 2 -1 1 -2 0 2 -1 1 -2 0 2 -1 1 -2 0 2 -1 1 -2 0 2 -1 1 -2 0 2 -1 1 -2 0 2 -1 1 -2 0 2 -1 1 -2 0 2 -1 1 -2 0 2 -1 1 -2 0 2 -1 1 -2 0 2 -1 1 -2 0 2 -1 1 -2 0 2 -1 1 -2 0 2 -1 1 -2 0 2 -1 1 -2 0 2 -1 1 -2 0 2 -1 1 -2 0 2 -1 1 -2 0 2 -1 1 -2 0 2 -1 1 -2 0 2 -1 1 -2 0 2 -1 1 -2 0 2 -1 1 -2 0 2 -1 1 -2 0 2 -1 1 -2 0 2 -1 1 -2 0 2 -1 1 -2 0 2 -1 1 -2 0 2 -1 1 -2 0 2 -1 1 -2 0 2 -1 1 -2 0 2 -1 1 -2 0 2 -1 1 -2 0 2 -1 1 -2 0 2 -1 1 -2 0 2 -1 1 -2 0 2 -1 1 -2 0 2 -1 1 -2 0 2 -1 1 -2 0 2 -1 1 -2 0 2 -1 1 -2 0 2 -1 1 -2 0 2 -1 1 -2 0 2 -1 1 -2 0 2 -1 1 -2 0 2 -1 1 -2 0 2 -1 1 -2 0 2 -1 1 -2 0 2 -1 1 -2 0 2 -1 1 -2 0 2 -1 1 -2 0 2 -1 1 -2 0 2 -1 1 -2 0 2 -1 1 -2 0 2 -1 1 -2 0 2 -1 1 -2 0 2 -1 1 -2 0 2 -1 1 -2 0 2 -1 1 -2 0 2 -1 1 -2 0 2 -1 1 -2 0 2 -1 1 -2 0 2 -1 1 -2 0 2 -1 1 -2 0 2 -1 1 -2 0 2 -1 1 -2 0 2 -1 1 -2 0 2 -1 1 -2 0 2 -1 1 -2 0 2 -1 1 -2 0 2 -1 1 -2 0 2 -1 1 -2 0 2 -1 1 -2 0 2 -1 1 -2 0 2 -1 1 -2 0 2 -1 1 -2 0 2 -1 1 -2 0 2 -1 1 -2 0 2 -1 1 -2 0 2 -1 1 -2 0 2 -1 1 -2 0 2 -1 1 -2 0 2 -1 1 -2 0 2 -1 1 -2 0 2 -1 1 -2 0 2 722 1 -2 0 2 -1 1 -2 0 2 -1 1 -2 0 2 -1 1 -2 0 2 -1 1 -2 0 2 -1 1 -2 0 2 -1 1 -2 0 2 -1 1 -2 0 2 -1 1 -2 0 2 -1 1 -2 0 2 -1 1 -2 0 2 -1 1 -2 0 2 -1 1 -2 0 2 -1 1 -2 0 2 -1 1 -2 0 2 -1 1 -2 0 2 -1 1 -2 0 2 -1 1 -2 0 2 -1 1 -2 0 2 -1 1 -2 0 2 -1 1 -2 0 2 -1 1 -2 0 2 -1 1 -2 0 2 -1 1 -2 0 2 -1 1 -2 0 2 -1
-2 1 -1 2 0 -2 1 -1 2 0 -2 1 -1 2 0 -2 1 -1 2 0 -2 1 -1 2 0 -2 1 -1 2 0 -2 1 -1 2 0 -2 1 -1 2 0 -2 1 -1 2 0 -2 1 -1 2 0 -2 1 -1 2 0 -2 1 -1 2 0 -2 1 -1 2 0 -2 1 -1 2 0 -2 1 -1 2 0 -2 1 -1 2 0 -2 1 -1 2 0 -2 1 -1 2 0 -2 1 -1 2 0 -2 1 -1 2 0 -2 1 -1 2 0 -2 1 -1 2 0 -2 1 -1 2 0 -2 1 -1 2 0 -2 1 -1 2 0 -2 1 -1 2 0 -2 1 -1 2 0 -2 1 -1 2 0 -2 1 -1 2 0 -2 1 -1 2 0 -2 1 -1 2 0 -2 1 -1 2 0 -2 1 -1 2 0 -2 1 -1 2 0 -2 1 -1 2 0 -2 1 -1 2 0 -2 1 -1 2 0 -2 1 -1 2 0 -2 1 -1 2 0 -2 1 -1 2 0 -2 1 -1 2 0 -2 1 -1 2 0 -2 1 -1 2 0 -2 1 -1 2 0 -2 1 -1 2 0 -2 1 -1 2 0 -2 1 -1 2 0 -2 1 -1 2 0 -2 1 -1 2 0 -2 1 -1 2 0 -2 1 -1 2 0 -2 1 -1 2 0 -2 1 -1 2 0 -2 1 -1 2 0 -2 1 -1 2 0 -2 1 -1 2 0 -2 1 -1 2 0 -2 1 -1 2 0 -2 1 -1 2 0 -2 1 -1 2 0 -2 1 -1 2 0 -2 1 -1 2 0 -2 1 -1 2 0 -2 1 -1 2 0 -2 1 -1 2 0 -2 1 -1 2 0 -2 1 -1 2 0 -2 1 -1 2 0 -2 1 -1 2 0 -2 1 -1 2 0 -2 1 -1 2 0 -2 1 -1 2 0 -2 1 -1 2 0 -2 1 -1 2 0 -2 1 -1 2 0 -2 1 -1 2 0 -2 1 -1 2 0 -2 1 -1 2 0 -2 1 -1 2 0 -2 1 -1 2 0 -2 1 -1 2 0 -2 1 -1 2 0 -2 1 -1 2 0 -2 1 -1 2 0 -2 1 -1 2 0 -2 1 -1 2 0 -2 1 -1 2 0 -2 1 -1 2 0 -2 1 -1 2 0 -2 1 -1 2 0 -2 1 -1 2 0 -2 1 -1 2 0 -2 1 -1 2 0 -2 1 -1 2 0 -2 1 -1 2 0 721 1 -1 2 0 -2 1 -1 2 0 -2 1 -1 2 0 -2 1 -1 2 0 -2 1 -1 2 0 -2 1 -1 2 0 -2 1 -1 2 0 -2 1 -1 2 0 -2 1 -1 2 0 -2 1 -1 2 0 -2 1 -1 2 0 -2 1 -1 2 0 -2 1 -1 2 0 -2 1 -1 2 0 -2 1 -1 2 0 -2 1 -1 2 0 -2 1 -1 2 0 -2 1 -1 2 0 -2 1 -1 2 0 -2 1 -1 2 0 -2 1 -1 2 0 -2 1 -1 2 0 -2 1 -1 2 0 -2 1 -1 2 0 -2 1 -1 2 0
0 -1 -2 2 1 0 -1 -2 2 1 0 -1 -2 2 1 0 -1 -2 2 1 0 -1 -2 2 1 0 -1 -2 2 1 0 -1 -2 2 1 0 -1 -2 2 1 0 -1 -2 2 1 0 -1 -2 2 1 0 -1 -2 2 1 0 -1 -2 2 1 0 -1 -2 2 1 0 -1 -2 2 1 0 -1 -2 2 1 0 -1 -2 2 1 0 -1 -2 2 1 0 -1 -2 2 1 0 -1 -2 2 1 0 -1 -2 2 1 0 -1 -2 2 1 0 -1 -2 2 1 0 -1 -2 2 1 0 -1 -2 2 1 0 -1 -2 2 1 0 -1 -2 2 1 0 -1 -2 2 1 0 -1 -2 2 1 0 -1 -2 2 1 0 -1 -2 2 1 0 -1 -2 2 1 0 -1 -2 2 1 0 -1 -2 2 1 0 -1 -2 2 1 0 -1 -2 2 1 0 -1 -2 2 1 0 -1 -2 2 1 0 -1 -2 2 1 0 -1 -2 2 1 0 -1 -2 2 1 0 -1 -2 2 1 0 -1 -2 2 1 0 -1 -2 2 1 0 -1 -2 2 1 0 -1 -2 2 1 0 -1 -2 2 1 0 -1 -2 2 1 0 -1 -2 2 1 0 -1 -2 2 1 0 -1 -2 2 1 0 -1 -2 2 1 0 -1 -2 2 1 0 -1 -2 2 1 0 -1 -2 2 1 0 -1 -2 2 1 0 -1 -2 2 1 0 -1 -2 2 1 0 -1 -2 2 1 0 -1 -2 2 1 0 -1 -2 2 1 0 -1 -2 2 1 0 -1 -2 2 1 0 -1 -2 2 1 0 -1 -2 2 1 0 -1 -2 2 1 0 -1 -2 2 1 0 -1 -2 2 1 0 -1 -2 2 1 0 -1 -2 2 1 0 -1 -2 2 1 0 -1 -2 2 1 0 -1 -2 2 1 0 -1 -2 2 1 0 -1 -2 2 1 0 -1 -2 2 1 0 -1 -2 2 1 0 -1 -2 2 1 0 -1 -2 2 1 0 -1 -2 2 1 0 -1 -2 2 1 0 -1 -2 2 1 0 -1 -2 2 1 0 -1 -2 2 1 0 -1 -2 2 1 0 -1 -2 2 1 0 -1 -2 2 1 0 -1 -2 2 1 0 -1 -2 2 1 0 -1 -2 2 1 0 -1 -2 2 1 0 -1 -2 2 1 0 -1 -2 2 1 0 -1 -2 2 1 0 -1 -2 2 1 0 -1 -2 2 1 0 722 -2 2 1 0 -1 -2 2 1 0 -1 -2 2 1 0 -1 -2 2 1 0 -1 -2 2 1 0 -1 -2 2 1 0 -1 -2 2 1 0 -1 -2 2 1 0 -1 -2 2 1 0 -1 -2 2 1 0 -1 -2 2 1 0 -1 -2 2 1 0 -1 -2 2 1 0 -1 -2 2 1 0 -1 -2 2 1 0 -1 -2 2 1 0 -1 -2 2 1 0 -1 -2 2 1 0 -1 -2 2 1 0 -1 -2 2 1 0 -1 -2 2 1 0 -1 -2 2 1 0 -1 -2 2 1 0 -1 -2 2 1 0 -1 -2 2 1
2 2 2 2 2 2 2 2 2 2 2 2 2 2 2 2 2 2 2 2 2 2 2 2 2 2 2 2 2 2 2 2 2 2 2 2 2 2 2 2 2 2 2 2 2 2 2 2 2 2 2 2 2 2 2 2 2 2 2 2 2 2 2 2 2 2 2 2 2 2 2 2 2 2 2 2 2 2 2 2 2 2 2 2 2 2 2 2 2 2 2 2 2 2 2 2 2 2 2 2 2 2 2 2 2 2 2 2 2 2 2 2 2 2 2 2 2 2 2 2 2 2 2 2 2 2 2 2 2 2 2 2 2 2 2 2 2 2 2 2 2 2 2 2 2 2 2 2 2 2 2 2 2 2 2 2 2 2 2 2 2 2 2 2 2 2 2 2 2 2 2 2 2 2 2 2 2 2 2 2 2 2 2 2 2 2 2 2 2 2 2 2 2 2 2 2 2 2 2 2 2 2 2 2 2 2 2 2 2 2 2 2 2 2 2 2 2 2 2 2 2 2 2 2 2 2 2 2 2 2 2 2 2 2 2 2 2 2 2 2 2 2 2 2 2 2 2 2 2 2 2 2 2 2 2 2 2 2 2 2 2 2 2 2 2 2 2 2 2 2 2 2 2 2 2 2 2 2 2 2 2 2 2 2 2 2 2 2 2 2 2 2 2 2 2 2 2 2 2 2 2 2 2 2 2 2 2 2 2 2 2 2 2 2 2 2 2 2 2 2 2 2 2 2 2 2 2 2 2 2 2 2 2 2 2 2 2 2 2 2 2 2 2 2 2 2 2 2 2 2 2 2 2 2 2 2 2 2 2 2 2 2 2 2 2 2 2 2 2 2 2 2 2 2 2 2 2 2 2 2 2 2 2 2 2 2 2 2 2 2 2 2 2 2 2 2 2 2 2 2 2 2 2 2 2 2 2 2 2 2 2 2 2 2 2 2 2 2 2 2 2 2 2 2 2 2 2 2 2 2 2 2 2 2 2 2 2 2 2 2 2 2 2 2 2 2 2 2 2 2 2 2 2 2 2 2 2 2 2 2 2 2 2 2 2 2 2 2 2 2 2 2 2 2 2 2 2 1201 2 2 2 2 2 2 2 2 2 2 2 2 2 2 2 2 2 2 2 2 2 2 2 2 2 2 2 2 2 2 2 2 2 2 2 2 2 2 2 2 2 2 2 2 2 2 2 2 2 2 2 2 2 2 2 2 2 2 2 2 2 2 2 2 2 2 2 2 2 2 2 2 2 2 2 2 2 2 2 2 2 2 2 2 2 2 2 2 2 2 2 2 2 2 2 2 2 2 2 2 2 2 2 2 2 2 2 2 2 2 2 2 2 2 2 2 2 2 2 2 2 2
-1 0 1 2 -2 -1 0 1 2 -2 -1 0 1 2 -2 -1 0 1 2 -2 -1 0 1 2 -2 -1 0 1 2 -2 -1 0 1 2 -2 -1 0 1 2 -2 -1 0 1 2 -2 -1 0 1 2 -2 -1 0 1 2 -2 -1 0 1 2 -2 -1 0 1 2 -2 -1 0 1 2 -2 -1 0 1 2 -2 -1 0 1 2 -2 -1 0 1 2 -2 -1 0 1 2 -2 -1 0 1 2 -2 -1 0 1 2 -2 -1 0 1 2 -2 -1 0 1 2 -2 -1 0 1 2 -2 -1 0 1 2 -2 -1 0 1 2 -2 -1 0 1 2 -2 -1 0 1 2 -2 -1 0 1 2 -2 -1 0 1 2 -2 -1 0 1 2 -2 -1 0 1 2 -2 -1 0 1 2 -2 -1 0 1 2 -2 -1 0 1 2 -2 -1 0 1 2 -2 -1 0 1 2 -2 -1 0 1 2 -2 -1 0 1 2 -2 -1 0 1 2 -2 -1 0 1 2 -2 -1 0 1 2 -2 -1 0 1 2 -2 -1 0 1 2 -2 -1 0 1 2 -2 -1 0 1 2 -2 -1 0 1 2 -2 -1 0 1 2 -2 -1 0 1 2 -2 -1 0 1 2 -2 -1 0 1 2 -2 -1 0 1 2 -2 -1 0 1 2 -2 -1 0 1 2 -2 -1 0 1 2 -2 -1 0 1 2 -2 -1 0 1 2 -2 -1 0 1 2 -2 -1 0 1 2 -2 -1 0 1 2 -2 -1 0 1 2 -2 -1 0 1 2 -2 -1 0 1 2 -2 -1 0 1 2 -2 -1 0 1 2 -2 -1 0 1 2 -2 -1 0 1 2 -2 -1 0 1 2 -2 -1 0 1 2 -2 -1 0 1 2 -2 -1 0 1 2 -2 -1 0 1 2 -2 -1 0 1 2 -2 -1 0 1 2 -2 -1 0 1 2 -2 -1 0 1 2 -2 -1 0 1 2 -2 -1 0 1 2 -2 -1 0 1 2 -2 -1 0 1 2 -2 -1 0 1 2 -2 -1 0 1 2 -2 -1 0 1 2 -2 -1 0 1 2 -2 -1 0 1 2 -2 -1 0 1 2 -2 -1 0 1 2 -2 -1 0 1 2 -2 -1 0 1 2 -2 -1 0 1 2 -2 -1 0 1 2 -2 -1 0 1 2 -2 -1 0 1 2 -2 -1 0 1 2 -2 -1 0 1 2 -2 -1 0 1 2 -2 -1 0 1 721 -2 -1 0 1 2 -2 -1 0 1 2 -2 -1 0 1 2 -2 -1 0 1 2 -2 -1 0 1 2 -2 -1 0 1 2 -2 -1 0 1 2 -2 -1 0 1 2 -2 -1 0 1 2 -2 -1 0 1 2 -2 -1 0 1 2 -2 -1 0 1 2 -2 -1 0 1 2 -2 -1 0 1 2 -2 -1 0 1 2 -2 -1 0 1 2 -2 -1 0 1 2 -2 -1 0 1 2 -2 -1 0 1 2 -2 -1 0 1 2 -2 -1 0 1 2 -2 -1 0 1 2 -2 -1 0 1 2 -2 -1 0 1 2 -2
1 -2 0 2 -1 1 -2 0 2 -1 1 -2 0 2 -1 1 -2 0 2 -1 1 -2 0 2 -1 1 -2 0 2 -1 1 -2 0 2 -1 1 -2 0 2 -1 1 -2 0 2 -1 1 -2 0 2 -1 1 -2 0 2 -1 1 -2 0 2 -1 1 -2 0 2 -1 1 -2 0 2 -1 1 -2 0 2 -1 1 -2 0 2 -1 1 -2 0 2 -1 1 -2 0 2 -1 1 -2 0 2 -1 1 -2 0 2 -1 1 -2 0 2 -1 1 -2 0 2 -1 1 -2 0 2 -1 1 -2 0 2 -1 1 -2 0 2 -1 1 -2 0 2 -1 1 -2 0 2 -1 1 -2 0 2 -1 1 -2 0 2 -1 1 -2 0 2 -1 1 -2 0 2 -1 1 -2 0 2 -1 1 -2 0 2 -1 1 -2 0 2 -1 1 -2 0 2 -1 1 -2 0 2 -1 1 -2 0 2 -1 1 -2 0 2 -1 1 -2 0 2 -1 1 -2 0 2 -1 1 -2 0 2 -1 1 -2 0 2 -1 1 -2 0 2 -1 1 -2 0 2 -1 1 -2 0 2 -1 1 -2 0 2 -1 1 -2 0 2 -1 1 -2 0 2 -1 1 -2 0 2 -1 1 -2 0 2 -1 1 -2 0 2 -1 1 -2 0 2 -1 1 -2 0 2 -1 1 -2 0 2 -1 1 -2 0 2 -1 1 -2 0 2 -1 1 -2 0 2 -1 1 -2 0 2 -1 1 -2 0 2 -1 1 -2 0 2 -1 1 -2 0 2 -1 1 -2 0 2 -1 1 -2 0 2 -1 1 -2 0 2 -1 1 -2 0 2 -1 1 -2 0 2 -1 1 -2 0 2 -1 1 -2 0 2 -1 1 -2 0 2 -1 1 -2 0 2 -1 1 -2 0 2 -1 1 -2 0 2 -1 1 -2 0 2 -1 1 -2 0 2 -1 1 -2 0 2 -1 1 -2 0 2 -1 1 -2 0 2 -1 1 -2 0 2 -1 1 -2 0 2 -1 1 -2 0 2 -1 1 -2 0 2 -1 1 -2 0 2 -1 1 -2 0 2 -1 1 -2 0 2 -1 1 -2 0 2 -1 1 -2 0 2 -1 1 -2 0 2 -1 1 -2 0 2 -1 1 -2 0 2 -1 1 -2 0 2 -1 1 -2 0 2 -1 1 -2 0 2 -1 1 -2 0 2 -1 1 -2 0 2 -1 1 -2 0 2 -1 1 -2 0 2 722 1 -2 0 2 -1 1 -2 0 2 -1 1 -2 0 2 -1 1 -2 0 2 -1 1 -2 0 2 -1 1 -2 0 2 -1 1 -2 0 2 -1 1 -2 0 2 -1 1 -2 0 2 -1 1 -2 0 2 -1 1 -2 0 2 -1 1 -2 0 2 -1 1 -2 0 2 -1 1 -2 0 2 -1 1 -2 0 2 -1 1 -2 0 2 -1 1 -2 0 2 -1 1 -2 0 2 -1 1 -2 0 2 -1 1 -2 0 2 -1 1 -2 0 2 -1 1 -2 0 2 -1 1 -2 0 2 -1 1 -2 0 2 -1
-2 1 -1 2 0 -2 1 -1 2 0 -2 1 -1 2 0 -2 1 -1 2 0 -2 1 -1 2 0 -2 1 -1 2 0 -2 1 -1 2 0 -2 1 -1 2 0 -2 1 -1 2 0 -2 1 -1 2 0 -2 1 -1 2 0 -2 1 -1 2 0 -2 1 -1 2 0 -2 1 -1 2 0 -2 1 -1 2 0 -2 1 -1 2 0 -2 1 -1 2 0 -2 1 -1 2 0 -2 1 -1 2 0 -2 1 -1 2 0 -2 1 -1 2 0 -2 1 -1 2 0 -2 1 -1 2 0 -2 1 -1 2 0 -2 1 -1 2 0 -2 1 -1 2 0 -2 1 -1 2 0 -2 1 -1 2 0 -2 1 -1 2 0 -2 1 -1 2 0 -2 1 -1 2 0 -2 1 -1 2 0 -2 1 -1 2 0 -2 1 -1 2 0 -2 1 -1 2 0 -2 1 -1 2 0 -2 1 -1 2 0 -2 1 -1 2 0 -2 1 -1 2 0 -2 1 -1 2 0 -2 1 -1 2 0 -2 1 -1 2 0 -2 1 -1 2 0 -2 1 -1 2 0 -2 1 -1 2 0 -2 1 -1 2 0 -2 1 -1 2 0 -2 1 -1 2 0 -2 1 -1 2 0 -2 1 -1 2 0 -2 1 -1 2 0 -2 1 -1 2 0 -2 1 -1 2 0 -2 1 -1 2 0 -2 1 -1 2 0 -2 1 -1 2 0 -2 1 -1 2 0 -2 1 -1 2 0 -2 1 -1 2 0 -2 1 -1 2 0 -2 1 -1 2 0 -2 1 -1 2 0 -2 1 -1 2 0 -2 1 -1 2 0 -2 1 -1 2 0 -2 1 -1 2 0 -2 1 -1 2 0 -2 1 -1 2 0 -2 1 -1 2 0 -2 1 -1 2 0 -2 1 -1 2 0 -2 1 -1 2 0 -2 1 -1 2 0 -2 1 -1 2 0 -2 1 -1 2 0 -2 1 -1 2 0 -2 1 -1 2 0 -2 1 -1 2 0 -2 1 -1 2 0 -2 1 -1 2 0 -2 1 -1 2 0 -2 1 -1 2 0 -2 1 -1 2 0 -2 1 -1 2 0 -2 1 -1 2 0 -2 1 -1 2 0 -2 1 -1 2 0 -2 1 -1 2 0 -2 1 -1 2 0 -2 1 -1 2 0 -2 1 -1 2 0 -2 1 -1 2 0 -2 1 -1 2 0 -2 1 -1 2 0 -2 1 -1 2 0 -2 1 -1 2 0 721 1 -1 2 0 -2 1 -1 2 0 -2 1 -1 2 0 -2 1 -1 2 0 -2 1 -1 2 0 -2 1 -1 2 0 -2 1 -1 2 0 -2 1 -1 2 0 -2 1 -1 2 0 -2 1 -1 2 0 -2 1 -1 2 0 -2 1 -1 2 0 -2 1 -1 2 0 -2 1 -1 2 0 -2 1 -1 2 0 -2 1 -1 2 0 -2 1 -1 2 0 -2 1 -1 2 0 -2 1 -1 2 0 -2 1 -1 2 0 -2 1 -1 2 0 -2 1 -1 2 0 -2 1 -1 2 0 -2 1 -1 2 0
0 -1 -2 2 1 0 -1 -2 2 1 0 -1 -2 2 1 0 -1 -2 2 1 0 -1 -2 2 1 0 -1 -2 2 1 0 -1 -2 2 1 0 -1 -2 2 1 0 -1 -2 2 1 0 -1 -2 2 1 0 -1 -2 2 1 0 -1 -2 2 1 0 -1 -2 2 1 0 -1 -2 2 1 0 -1 -2 2 1 0 -1 -2 2 1 0 -1 -2 2 1 0 -1 -2 2 1 0 -1 -2 2 1 0 -1 -2 2 1 0 -1 -2 2 1 0 -1 -2 2 1 0 -1 -2 2 1 0 -1 -2 2 1 0 -1 -2 2 1 0 -1 -2 2 1 0 -1 -2 2 1 0 -1 -2 2 1 0 -1 -2 2 1 0 -1 -2 2 1 0 -1 -2 2 1 0 -1 -2 2 1 0 -1 -2 2 1 0 -1 -2 2 1 0 -1 -2 2 1 0 -1 -2 2 1 0 -1 -2 2 1 0 -1 -2 2 1 0 -1 -2 2 1 0 -1 -2 2 1 0 -1 -2 2 1 0 -1 -2 2 1 0 -1 -2 2 1 0 -1 -2 2 1 0 -1 -2 2 1 0 -1 -2 2 1 0 -1 -2 2 1 0 -1 -2 2 1 0 -1 -2 2 1 0 -1 -2 2 1 0 -1 -2 2 1 0 -1 -2 2 1 0 -1 -2 2 1 0 -1 -2 2 1 0 -1 -2 2 1 0 -1 -2 2 1 0 -1 -2 2 1 0 -1 -2 2 1 0 -1 -2 2 1 0 -1 -2 2 1 0 -1 -2 2 1 0 -1 -2 2 1 0 -1 -2 2 1 0 -1 -2 2 1 0 -1 -2 2 1 0 -1 -2 2 1 0 -1 -2 2 1 0 -1 -2 2 1 0 -1 -2 2 1 0 -1 -2 2 1 0 -1 -2 2 1 0 -1 -2 2 1 0 -1 -2 2 1 0 -1 -2 2 1 0 -1 -2 2 1 0 -1 -2 2 1 0 -1 -2 2 1 0 -1 -2 2 1 0 -1 -2 2 1 0 -1 -2 2 1 0 -1 -2 2 1 0 -1 -2 2 1 0 -1 -2 2 1 0 -1 -2 2 1 0 -1 -2 2 1 0 -1 -2 2 1 0 -1 -2 2 1 0 -1 -2 2 1 0 -1 -2 2 1 0 -1 -2 2 1 0 -1 -2 2 1 0 -1 -2 2 1 0 -1 -2 2 1 0 -1 -2 2 1 0 -1 -2 2 1 0 -1 -2 2 1 0 722 -2 2 1 0 -1 -2 2 1 0 -1 -2 2 1 0 -1 -2 2 1 0 -1 -2 2 1 0 -1 -2 2 1 0 -1 -2 2 1 0 -1 -2 2 1 0 -1 -2 2 1 0 -1 -2 2 1 0 -1 -2 2 1 0 -1 -2 2 1 0 -1 -2 2 1 0 -1 -2 2 1 0 -1 -2 2 1 0 -1 -2 2 1 0 -1 -2 2 1 0 -1 -2 2 1 0 -1 -2 2 1 0 -1 -2 2 1 0 -1 -2 2 1 0 -1 -2 2 1 0 -1 -2 2 1 0 -1 -2 2 1
2 2 2 2 2 2 2 2 2 2 2 2 2 2 2 2 2 2 2 2 2 2 2 2 2 2 2 2 2 2 2 2 2 2 2 2 2 2 2 2 2 2 2 2 2 2 2 2 2 2 2 2 2 2 2 2 2 2 2 2 2 2 2 2 2 2 2 2 2 2 2 2 2 2 2 2 2 2 2 2 2 2 2 2 2 2 2 2 2 2 2 2 2 2 2 2 2 2 2 2 2 2 2 2 2 2 2 2 2 2 2 2 2 2 2 2 2 2 2 2 2 2 2 2 2 2 2 2 2 2 2 2 2 2 2 2 2 2 2 2 2 2 2 2 2 2 2 2 2 2 2 2 2 2 2 2 2 2 2 2 2 2 2 2 2 2 2 2 2 2 2 2 2 2 2 2 2 2 2 2 2 2 2 2 2 2 2 2 2 2 2 2 2 2 2 2 2 2 2 2 2 2 2 2 2 2 2 2 2 2 2 2 2 2 2 2 2 2 2 2 2 2 2 2 2 2 2 2 2 2 2 2 2 2 2 2 2 2 2 2 2 2 2 2 2 2 2 2 2 2 2 2 2 2 2 2 2 2 2 2 2 2 2 2 2 2 2 2 2 2 2 2 2 2 2 2 2 2 2 2 2 2 2 2 2 2 2 2 2 2 2 2 2 2 2 2 2 2 2 2 2 2 2 2 2 2 2 2 2 2 2 2 2 2 2 2 2 2 2 2 2 2 2 2 2 2 2 2 2 2 2 2 2 2 2 2 2 2 2 2 2 2 2 2 2 2 2 2 2 2 2 2 2 2 2 2 2 2 2 2 2 2 2 2 2 2 2 2 2 2 2 2 2 2 2 2 2 2 2 2 2 2 2 2 2 2 2 2 2 2 2 2 2 2 2 2 2 2 2 2 2 2 2 2 2 2 2 2 2 2 2 2 2 2 2 2 2 2 2 2 2 2 2 2 2 2 2 2 2 2 2 2 2 2 2 2 2 2 2 2 2 2 2 2 2 2 2 2 2 2 2 2 2 2 2 2 2 2 2 2 2 2 2 2 2 2 2 2 2 2 2 2 2 2 2 2 2 2 2 2 2 2 1201 2 2 2 2 2 2 2 2 2 2 2 2 2 2 2 2 2 2 2 2 2 2 2 2 2 2 2 2 2 2 2 2 2 2 2 2 2 2 2 2 2 2 2 2 2 2 2 2 2 2 2 2 2 2 2 2 2 2 2 2 2 2 2 2 2 2 2 2 2 2 2 2 2 2 2 2 2 2 2 2 2 2 2 2 2 2 2 2 2 2 2 2 2 2 2 2 2 2 2 2 2 2 2 2 2 2 2 2 2 2 2 2 2 2 2 2 2
-1 0 1 2 -2 -1 0 1 2 -2 -1 0 1 2 -2 -1 0 1 2 -2 -1 0 1 2 -2 -1 0 1 2 -2 -1 0 1 2 -2 -1 0 1 2 -2 -1 0 1 2 -2 -1 0 1 2 -2 -1 0 1 2 -2 -1 0 1 2 -2 -1 0 1 2 -2 -1 0 1 2 -2 -1 0 1 2 -2 -1 0 1 2 -2 -1 0 1 2 -2 -1 0 1 2 -2 -1 0 1 2 -2 -1 0 1 2 -2 -1 0 1 2 -2 -1 0 1 2 -2 -1 0 1 2 -2 -1 0 1 2 -2 -1 0 1 2 -2 -1 0 1 2 -2 -1 0 1 2 -2 -1 0 1 2 -2 -1 0 1 2 -2 -1 0 1 2 -2 -1 0 1 2 -2 -1 0 1 2 -2 -1 0 1 2 -2 -1 0 1 2 -2 -1 0 1 2 -2 -1 0 1 2 -2 -1 0 1 2 -2 -1 0 1 2 -2 -1 0 1 2 -2 -1 0 1 2 -2 -1 0 1 2 -2 -1 0 1 2 -2 -1 0 1 2 -2 -1 0 1 2 -2 -1 0 1 2 -2 -1 0 1 2 -2 -1 0 1 2 -2 -1 0 1 2 -2 -1 0 1 2 -2 -1 0 1 2 -2 -1 0 1 2 -2 -1 0 1 2 -2 -1 0 1 2 -2 -1 0 1 2 -2 -1 0 1 2 -2 -1 0 1 2 -2 -1 0 1 2 -2 -1 0 1 2 -2 -1 0 1 2 -2 -1 0 1 2 -2 -1 0 1 2 -2 -1 0 1 2 -2 -1 0 1 2 -2 -1 0 1 2 -2 -1 0 1 2 -2 -1 0 1 2 -2 -1 0 1 2 -2 -1 0 1 2 -2 -1 0 1 2 -2 -1 0 1 2 -2 -1 0 1 2 -2 -1 0 1 2 -2 -1 0 1 2 -2 -1 0 1 2 -2 -1 0 1 2 -2 -1 0 1 2 -2 -1 0 1 2 -2 -1 0 1 2 -2 -1 0 1 2 -2 -1 0 1 2 -2 -1 0 1 2 -2 -1 0 1 2 -2 -1 0 1 2 -2 -1 0 1 2 -2 -1 0 1 2 -2 -1 0 1 2 -2 -1 0 1 2 -2 -1 0 1 2 -2 -1 0 1 2 -2 -1 0 1 2 -2 -1 0 1 2 -2 -1 0 1 2 -2 -1 0 1 2 -2 -1 0 1 2 -2 -1 0 1 2 -2 -1 0 1 2 -2 -1 0 1 721 -2 -1 0 1 2 -2 -1 0 1 2 -2 -1 0 1 2 -2 -1 0 1 2 -2 -1 0 1 2 -2 -1 0 1 2 -2 -1 0 1 2 -2 -1 0 1 2 -2 -1 0 1 2 -2 -1 0 1 2 -2 -1 0 1 2 -2 -1 0 1 2 -2 -1 0 1 2 -2 -1 0 1 2 -2 -1 0 1 2 -2 -1 0 1 2 -2 -1 0 1 2 -2 -1 0 1 2 -2 -1 0 1 2 -2 -1 0 1 2 -2 -1 0 1 2 -2 -1 0 1 2 -2 -1 0 1 2 -2
1 -2 0 2 -1 1 -2 0 2 -1 1 -2 0 2 -1 1 -2 0 2 -1 1 -2 0 2 -1 1 -2 0 2 -1 1 -2 0 2 -1 1 -2 0 2 -1 1 -2 0 2 -1 1 -2 0 2 -1 1 -2 0 2 -1 1 -2 0 2 -1 1 -2 0 2 -1 1 -2 0 2 -1 1 -2 0 2 -1 1 -2 0 2 -1 1 -2 0 2 -1 1 -2 0 2 -1 1 -2 0 2 -1 1 -2 0 2 -1 1 -2 0 2 -1 1 -2 0 2 -1 1 -2 0 2 -1 1 -2 0 2 -1 1 -2 0 2 -1 1 -2 0 2 -1 1 -2 0 2 -1 1 -2 0 2 -1 1 -2 0 2 -1 1 -2 0 2 -1 1 -2 0 2 -1 1 -2 0 2 -1 1 -2 0 2 -1 1 -2 0 2 -1 1 -2 0 2 -1 1 -2 0 2 -1 1 -2 0 2 -1 1 -2 0 2 -1 1 -2 0 2 -1 1 -2 0 2 -1 1 -2 0 2 -1 1 -2 0 2 -1 1 -2 0 2 -1 1 -2 0 2 -1 1 -2 0 2 -1 1 -2 0 2 -1 1 -2 0 2 -1 1 -2 0 2 -1 1 -2 0 2 -1 1 -2 0 2 -1 1 -2 0 2 -1 1 -2 0 2 -1 1 -2 0 2 -1 1 -2 0 2 -1 1 -2 0 2 -1 1 -2 0 2 -1 1 -2 0 2 -1 1 -2 0 2 -1 1 -2 0 2 -1 1 -2 0 2 -1 1 -2 0 2 -1 1 -2 0 2 -1 1 -2 0 2 -1 1 -2 0 2 -1 1 -2 0 2 -1 1 -2 0 2 -1 1 -2 0 2 -1 1 -2 0 2 -1 1 -2 0 2 -1 1 -2 0 2 -1 1 -2 0 2 -1 1 -2 0 2 -1 1 -2 0 2 -1 1 -2 0 2 -1 1 -2 0 2 -1 1 -2 0 2 -1 1 -2 0 2 -1 1 -2 0 2 -1 1 -2 0 2 -1 1 -2 0 2 -1 1 -2 0 2 -1 1 -2 0 2 -1 1 -2 0 2 -1 1 -2 0 2 -1 1 -2 0 2 -1 1 -2 0 2 -1 1 -2 0 2 -1 1 -2 0 2 -1 1 -2 0 2 -1 1 -2 0 2 -1 1 -2 0 2 -1 1 -2 0 2 -1 1 -2 0 2 -1 1 -2 0 2 -1 1 -2 0 2 -1 1 -2 0 2 -1 1 -2 0 2 722 1 -2 0 2 -1 1 -2 0 2 -1 1 -2 0 2 -1 1 -2 0 2 -1 1 -2 0 2 -1 1 -2 0 2 -1 1 -2 0 2 -1 1 -2 0 2 -1 1 -2 0 2 -1 1 -2 0 2 -1 1 -2 0 2 -1 1 -2 0 2 -1 1 -2 0 2 -1 1 -2 0 2 -1 1 -2 0 2 -1 1 -2 0 2 -1 1 -2 0 2 -1 1 -2 0 2 -1 1 -2 0 2 -1 1 -2 0 2 -1 1 -2 0 2 -1 1 -2 0 2 -1 1 -2 0 2 -1
-2 1 -1 2 0 -2 1 -1 2 0 -2 1 -1 2 0 -2 1 -1 2 0 -2 1 -1 2 0 -2 1 -1 2 0 -2 1 -1 2 0 -2 1 -1 2 0 -2 1 -1 2 0 -2 1 -1 2 0 -2 1 -1 2 0 -2 1 -1 2 0 -2 1 -1 2 0 -2 1 -1 2 0 -2 1 -1 2 0 -2 1 -1 2 0 -2 1 -1 2 0 -2 1 -1 2 0 -2 1 -1 2 0 -2 1 -1 2 0 -2 1 -1 2 0 -2 1 -1 2 0 -2 1 -1 2 0 -2 1 -1 2 0 -2 1 -1 2 0 -2 1 -1 2 0 -2 1 -1 2 0 -2 1 -1 2 0 -2 1 -1 2 0 -2 1 -1 2 0 -2 1 -1 2 0 -2 1 -1 2 0 -2 1 -1 2 0 -2 1 -1 2 0 -2 1 -1 2 0 -2 1 -1 2 0 -2 1 -1 2 0 -2 1 -1 2 0 -2 1 -1 2 0 -2 1 -1 2 0 -2 1 -1 2 0 -2 1 -1 2 0 -2 1 -1 2 0 -2 1 -1 2 0 -2 1 -1 2 0 -2 1 -1 2 0 -2 1 -1 2 0 -2 1 -1 2 0 -2 1 -1 2 0 -2 1 -1 2 0 -2 1 -1 2 0 -2 1 -1 2 0 -2 1 -1 2 0 -2 1 -1 2 0 -2 1 -1 2 0 -2 1 -1 2 0 -2 1 -1 2 0 -2 1 -1 2 0 -2 1 -1 2 0 -2 1 -1 2 0 -2 1 -1 2 0 -2 1 -1 2 0 -2 1 -1 2 0 -2 1 -1 2 0 -2 1 -1 2 0 -2 1 -1 2 0 -2 1 -1 2 0 -2 1 -1 2 0 -2 1 -1 2 0 -2 1 -1 2 0 -2 1 -1 2 0 -2 1 -1 2 0 -2 1 -1 2 0 -2 1 -1 2 0 -2 1 -1 2 0 -2 1 -1 2 0 -2 1 -1 2 0 -2 1 -1 2 0 -2 1 -1 2 0 -2 1 -1 2 0 -2 1 -1 2 0 -2 1 -1 2 0 -2 1 -1 2 0 -2 1 -1 2 0 -2 1 -1 2 0 -2 1 -1 2 0 -2 1 -1 2 0 -2 1 -1 2 0 -2 1 -1 2 0 -2 1 -1 2 0 -2 1 -1 2 0 -2 1 -1 2 0 -2 1 -1 2 0 -2 1 -1 2 0 -2 1 -1 2 0 -2 1 -1 2 0 -2 1 -1 2 0 721 1 -1 2 0 -2 1 -1 2 0 -2 1 -1 2 0 -2 1 -1 2 0 -2 1 -1 2 0 -2 1 -1 2 0 -2 1 -1 2 0 -2 1 -1 2 0 -2 1 -1 2 0 -2 1 -1 2 0 -2 1 -1 2 0 -2 1 -1 2 0 -2 1 -1 2 0 -2 1 -1 2 0 -2 1 -1 2 0 -2 1 -1 2 0 -2 1 -1 2 0 -2 1 -1 2 0 -2 1 -1 2 0 -2 1 -1 2 0 -2 1 -1 2 0 -2 1 -1 2 0 -2 1 -1 2 0
0 -1 -2 2 1 0 -1 -2 2 1 0 -1 -2 2 1 0 -1 -2 2 1 0 -1 -2 2 1 0 -1 -2 2 1 0 -1 -2 2 1 0 -1 -2 2 1 0 -1 -2 2 1 0 -1 -2 2 1 0 -1 -2 2 1 0 -1 -2 2 1 0 -1 -2 2 1 0 -1 -2 2 1 0 -1 -2 2 1 0 -1 -2 2 1 0 -1 -2 2 1 0 -1 -2 2 1 0 -1 -2 2 1 0 -1 -2 2 1 0 -1 -2 2 1 0 -1 -2 2 1 0 -1 -2 2 1 0 -1 -2 2 1 0 -1 -2 2 1 0 -1 -2 2 1 0 -1 -2 2 1 0 -1 -2 2 1 0 -1 -2 2 1 0 -1 -2 2 1 0 -1 -2 2 1 0 -1 -2 2 1 0 -1 -2 2 1 0 -1 -2 2 1 0 -1 -2 2 1 0 -1 -2 2 1 0 -1 -2 2 1 0 -1 -2 2 1 0 -1 -2 2 1 0 -1 -2 2 1 0 -1 -2 2 1 0 -1 -2 2 1 0 -1 -2 2 1 0 -1 -2 2 1 0 -1 -2 2 1 0 -1 -2 2 1 0 -1 -2 2 1 0 -1 -2 2 1 0 -1 -2 2 1 0 -1 -2 2 1 0 -1 -2 2 1 0 -1 -2 2 1 0 -1 -2 2 1 0 -1 -2 2 1 0 -1 -2 2 1 0 -1 -2 2 1 0 -1 -2 2 1 0 -1 -2 2 1 0 -1 -2 2 1 0 -1 -2 2 1 0 -1 -2 2 1 0 -1 -2 2 1 0 -1 -2 2 1 0 -1 -2 2 1 0 -1 -2 2 1 0 -1 -2 2 1 0 -1 -2 2 1 0 -1 -2 2 1 0 -1 -2 2 1 0 -1 -2 2 1 0 -1 -2 2 1 0 -1 -2 2 1 0 -1 -2 2 1 0 -1 -2 2 1 0 -1 -2 2 1 0 -1 -2 2 1 0 -1 -2 2 1 0 -1 -2 2 1 0 -1 -2 2 1 0 -1 -2 2 1 0 -1 -2 2 1 0 -1 -2 2 1 0 -1 -2 2 1 0 -1 -2 2 1 0 -1 -2 2 1 0 -1 -2 2 1 0 -1 -2 2 1 0 -1 -2 2 1 0 -1 -2 2 1 0 -1 -2 2 1 0 -1 -2 2 1 0 -1 -2 2 1 0 -1 -2 2 1 0 -1 -2 2 1 0 -1 -2 2 1 0 -1 -2 2 1 0 -1 -2 2 1 0 722 -2 2 1 0 -1 -2 2 1 0 -1 -2 2 1 0 -1 -2 2 1 0 -1 -2 2 1 0 -1 -2 2 1 0 -1 -2 2 1 0 -1 -2 2 1 0 -1 -2 2 1 0 -1 -2 2 1 0 -1 -2 2 1 0 -1 -2 2 1 0 -1 -2 2 1 0 -1 -2 2 1 0 -1 -2 2 1 0 -1 -2 2 1 0 -1 -2 2 1 0 -1 -2 2 1 0 -1 -2 2 1 0 -1 -2 2 1 0 -1 -2 2 1 0 -1 -2 2 1 0 -1 -2 2 1
2 2 2 2 2 2 2 2 2 2 2 2 2 2 2 2 2 2 2 2 2 2 2 2 2 2 2 2 2 2 2 2 2 2 2 2 2 2 2 2 2 2 2 2 2 2 2 2 2 2 2 2 2 2 2 2 2 2 2 2 2 2 2 2 2 2 2 2 2 2 2 2 2 2 2 2 2 2 2 2 2 2 2 2 2 2 2 2 2 2 2 2 2 2 2 2 2 2 2 2 2 2 2 2 2 2 2 2 2 2 2 2 2 2 2 2 2 2 2 2 2 2 2 2 2 2 2 2 2 2 2 2 2 2 2 2 2 2 2 2 2 2 2 2 2 2 2 2 2 2 2 2 2 2 2 2 2 2 2 2 2 2 2 2 2 2 2 2 2 2 2 2 2 2 2 2 2 2 2 2 2 2 2 2 2 2 2 2 2 2 2 2 2 2 2 2 2 2 2 2 2 2 2 2 2 2 2 2 2 2 2 2 2 2 2 2 2 2 2 2 2 2 2 2 2 2 2 2 2 2 2 2 2 2 2 2 2 2 2 2 2 2 2 2 2 2 2 2 2 2 2 2 2 2 2 2 2 2 2 2 2 2 2 2 2 2 2 2 2 2 2 2 2 2 2 2 2 2 2 2 2 2 2 2 2 2 2 2 2 2 2 2 2 2 2 2 2 2 2 2 2 2 2 2 2 2 2 2 2 2 2 2 2 2 2 2 2 2 2 2 2 2 2 2 2 2 2 2 2 2 2 2 2 2 2 2 2 2 2 2 2 2 2 2 2 2 2 2 2 2 2 2 2 2 2 2 2 2 2 2 2 2 2 2 2 2 2 2 2 2 2 2 2 2 2 2 2 2 2 2 2 2 2 2 2 2 2 2 2 2 2 2 2 2 2 2 2 2 2 2 2 2 2 2 2 2 2 2 2 2 2 2 2 2 2 2 2 2 2 2 2 2 2 2 2 2 2 2 2 2 2 2 2 2 2 2 2 2 2 2 2 2 2 2 2 2 2 2 2 2 2 2 2 2 2 2 2 2 2 2 2 2 2 2 2 2 2 2 2 2 2 2 2 2 2 2 2 2 2 2 2 2 2 2 2 2 2 1201 2 2 2 2 2 2 2 2 2 2 2 2 2 2 2 2 2 2 2 2 2 2 2 2 2 2 2 2 2 2 2 2 2 2 2 2 2 2 2 2 2 2 2 2 2 2 2 2 2 2 2 2 2 2 2 2 2 2 2 2 2 2 2 2 2 2 2 2 2 2 2 2 2 2 2 2 2 2 2 2 2 2 2 2 2 2 2 2 2 2 2 2 2 2 2 2 2 2 2 2 2 2 2 2 2 2 2 2 2 2 2 2
-1 0 1 2 -2 -1 0 1 2 -2 -1 0 1 2 -2 -1 0 1 2 -2 -1 0 1 2 -2 -1 0 1 2 -2 -1 0 1 2 -2 -1 0 1 2 -2 -1 0 1 2 -2 -1 0 1 2 -2 -1 0 1 2 -2 -1 0 1 2 -2 -1 0 1 2 -2 -1 0 1 2 -2 -1 0 1 2 -2 -1 0 1 2 -2 -1 0 1 2 -2 -1 0 1 2 -2 -1 0 1 2 -2 -1 0 1 2 -2 -1 0 1 2 -2 -1 0 1 2 -2 -1 0 1 2 -2 -1 0 1 2 -2 -1 0 1 2 -2 -1 0 1 2 -2 -1 0 1 2 -2 -1 0 1 2 -2 -1 0 1 2 -2 -1 0 1 2 -2 -1 0 1 2 -2 -1 0 1 2 -2 -1 0 1 2 -2 -1 0 1 2 -2 -1 0 1 2 -2 -1 0 1 2 -2 -1 0 1 2 -2 -1 0 1 2 -2 -1 0 1 2 -2 -1 0 1 2 -2 -1 0 1 2 -2 -1 0 1 2 -2 -1 0 1 2 -2 -1 0 1 2 -2 -1 0 1 2 -2 -1 0 1 2 -2 -1 0 1 2 -2 -1 0 1 2 -2 -1 0 1 2 -2 -1 0 1 2 -2 -1 0 1 2 -2 -1 0 1 2 -2 -1 0 1 2 -2 -1 0 1 2 -2 -1 0 1 2 -2 -1 0 1 2 -2 -1 0 1 2 -2 -1 0 1 2 -2 -1 0 1 2 -2 -1 0 1 2 -2 -1 0 1 2 -2 -1 0 1 2 -2 -1 0 1 2 -2 -1 0 1 2 -2 -1 0 1 2 -2 -1 0 1 2 -2 -1 0 1 2 -2 -1 0 1 2 -2 -1 0 1 2 -2 -1 0 1 2 -2 -1 0 1 2 -2 -1 0 1 2 -2 -1 0 1 2 -2 -1 0 1 2 -2 -1 0 1 2 -2 -1 0 1 2 -2 -1 0 1 2 -2 -1 0 1 2 -2 -1 0 1 2 -2 -1 0 1 2 -2 -1 0 1 2 -2 -1 0 1 2 -2 -1 0 1 2 -2 -1 0 1 2 -2 -1 0 1 2 -2 -1 0 1 2 -2 -1 0 1 2 -2 -1 0 1 2 -2 -1 0 1 2 -2 -1 0 1 2 -2 -1 0 1 2 -2 -1 0 1 2 -2 -1 0 1 2 -2 -1 0 1 2 -2 -1 0 1 2 -2 -1 0 1 2 -2 -1 0 1 2 -2 -1 0 1 721 -2 -1 0 1 2 -2 -1 0 1 2 -2 -1 0 1 2 -2 -1 0 1 2 -2 -1 0 1 2 -2 -1 0 1 2 -2 -1 0 1 2 -2 -1 0 1 2 -2 -1 0 1 2 -2 -1 0 1 2 -2 -1 0 1 2 -2 -1 0 1 2 -2 -1 0 1 2 -2 -1 0 1 2 -2 -1 0 1 2 -2 -1 0 1 2 -2 -1 0 1 2 -2 -1 0 1 2 -2 -1 0 1 2 -2 -1 0 1 2 -2 -1 0 1 2 -2 -1 0 1 2 -2
1 -2 0 2 -1 1 -2 0 2 -1 1 -2 0 2 -1 1 -2 0 2 -1 1 -2 0 2 -1 1 -2 0 2 -1 1 -2 0 2 -1 1 -2 0 2 -1 1 -2 0 2 -1 1 -2 0 2 -1 1 -2 0 2 -1 1 -2 0 2 -1 1 -2 0 2 -1 1 -2 0 2 -1 1 -2 0 2 -1 1 -2 0 2 -1 1 -2 0 2 -1 1 -2 0 2 -1 1 -2 0 2 -1 1 -2 0 2 -1 1 -2 0 2 -1 1 -2 0 2 -1 1 -2 0 2 -1 1 -2 0 2 -1 1 -2 0 2 -1 1 -2 0 2 -1 1 -2 0 2 -1 1 -2 0 2 -1 1 -2 0 2 -1 1 -2 0 2 -1 1 -2 0 2 -1 1 -2 0 2 -1 1 -2 0 2 -1 1 -2 0 2 -1 1 -2 0 2 -1 1 -2 0 2 -1 1 -2 0 2 -1 1 -2 0 2 -1 1 -2 0 2 -1 1 -2 0 2 -1 1 -2 0 2 -1 1 -2 0 2 -1 1 -2 0 2 -1 1 -2 0 2 -1 1 -2 0 2 -1 1 -2 0 2 -1 1 -2 0 2 -1 1 -2 0 2 -1 1 -2 0 2 -1 1 -2 0 2 -1 1 -2 0 2 -1 1 -2 0 2 -1 1 -2 0 2 -1 1 -2 0 2 -1 1 -2 0 2 -1 1 -2 0 2 -1 1 -2 0 2 -1 1 -2 0 2 -1 1 -2 0 2 -1 1 -2 0 2 -1 1 -2 0 2 -1 1 -2 0 2 -1 1 -2 0 2 -1 1 -2 0 2 -1 1 -2 0 2 -1 1 -2 0 2 -1 1 -2 0 2 -1 1 -2 0 2 -1 1 -2 0 2 -1 1 -2 0 2 -1 1 -2 0 2 -1 1 -2 0 2 -1 1 -2 0 2 -1 1 -2 0 2 -1 1 -2 0 2 -1 1 -2 0 2 -1 1 -2 0 2 -1 1 -2 0 2 -1 1 -2 0 2 -1 1 -2 0 2 -1 1 -2 0 2 -1 1 -2 0 2 -1 1 -2 0 2 -1 1 -2 0 2 -1 1 -2 0 2 -1 1 -2 0 2 -1 1 -2 0 2 -1 1 -2 0 2 -1 1 -2 0 2 -1 1 -2 0 2 -1 1 -2 0 2 -1 1 -2 0 2 -1 1 -2 0 2 -1 1 -2 0 2 -1 1 -2 0 2 -1 1 -2 0 2 -1 1 -2 0 2 -1 1 -2 0 2 722 1 -2 0 2 -1 1 -2 0 2 -1 1 -2 0 2 -1 1 -2 0 2 -1 1 -2 0 2 -1 1 -2 0 2 -1 1 -2 0 2 -1 1 -2 0 2 -1 1 -2 0 2 -1 1 -2 0 2 -1 1 -2 0 2 -1 1 -2 0 2 -1 1 -2 0 2 -1 1 -2 0 2 -1 1 -2 0 2 -1 1 -2 0 2 -1 1 -2 0 2 -1 1 -2 0 2 -1 1 -2 0 2 -1 1 -2 0 2 -1 1 -2 0 2 -1 1 -2 0 2 -1
-2 1 -1 2 0 -2 1 -1 2 0 -2 1 -1 2 0 -2 1 -1 2 0 -2 1 -1 2 0 -2 1 -1 2 0 -2 1 -1 2 0 -2 1 -1 2 0 -2 1 -1 2 0 -2 1 -1 2 0 -2 1 -1 2 0 -2 1 -1 2 0 -2 1 -1 2 0 -2 1 -1 2 0 -2 1 -1 2 0 -2 1 -1 2 0 -2 1 -1 2 0 -2 1 -1 2 0 -2 1 -1 2 0 -2 1 -1 2 0 -2 1 -1 2 0 -2 1 -1 2 0 -2 1 -1 2 0 -2 1 -1 2 0 -2 1 -1 2 0 -2 1 -1 2 0 -2 1 -1 2 0 -2 1 -1 2 0 -2 1 -1 2 0 -2 1 -1 2 0 -2 1 -1 2 0 -2 1 -1 2 0 -2 1 -1 2 0 -2 1 -1 2 0 -2 1 -1 2 0 -2 1 -1 2 0 -2 1 -1 2 0 -2 1 -1 2 0 -2 1 -1 2 0 -2 1 -1 2 0 -2 1 -1 2 0 -2 1 -1 2 0 -2 1 -1 2 0 -2 1 -1 2 0 -2 1 -1 2 0 -2 1 -1 2 0 -2 1 -1 2 0 -2 1 -1 2 0 -2 1 -1 2 0 -2 1 -1 2 0 -2 1 -1 2 0 -2 1 -1 2 0 -2 1 -1 2 0 -2 1 -1 2 0 -2 1 -1 2 0 -2 1 -1 2 0 -2 1 -1 2 0 -2 1 -1 2 0 -2 1 -1 2 0 -2 1 -1 2 0 -2 1 -1 2 0 -2 1 -1 2 0 -2 1 -1 2 0 -2 1 -1 2 0 -2 1 -1 2 0 -2 1 -1 2 0 -2 1 -1 2 0 -2 1 -1 2 0 -2 1 -1 2 0 -2 1 -1 2 0 -2 1 -1 2 0 -2 1 -1 2 0 -2 1 -1 2 0 -2 1 -1 2 0 -2 1 -1 2 0 -2 1 -1 2 0 -2 1 -1 2 0 -2 1 -1 2 0 -2 1 -1 2 0 -2 1 -1 2 0 -2 1 -1 2 0 -2 1 -1 2 0 -2 1 -1 2 0 -2 1 -1 2 0 -2 1 -1 2 0 -2 1 -1 2 0 -2 1 -1 2 0 -2 1 -1 2 0 -2 1 -1 2 0 -2 1 -1 2 0 -2 1 -1 2 0 -2 1 -1 2 0 -2 1 -1 2 0 -2 1 -1 2 0 -2 1 -1 2 0 -2 1 -1 2 0 -2 1 -1 2 0 -2 1 -1 2 0 721 1 -1 2 0 -2 1 -1 2 0 -2 1 -1 2 0 -2 1 -1 2 0 -2 1 -1 2 0 -2 1 -1 2 0 -2 1 -1 2 0 -2 1 -1 2 0 -2 1 -1 2 0 -2 1 -1 2 0 -2 1 -1 2 0 -2 1 -1 2 0 -2 1 -1 2 0 -2 1 -1 2 0 -2 1 -1 2 0 -2 1 -1 2 0 -2 1 -1 2 0 -2 1 -1 2 0 -2 1 -1 2 0 -2 1 -1 2 0 -2 1 -1 2 0 -2 1 -1 2 0
0 -1 -2 2 1 0 -1 -2 2 1 0 -1 -2 2 1 0 -1 -2 2 1 0 -1 -2 2 1 0 -1 -2 2 1 0 -1 -2 2 1 0 -1 -2 2 1 0 -1 -2 2 1 0 -1 -2 2 1 0 -1 -2 2 1 0 -1 -2 2 1 0 -1 -2 2 1 0 -1 -2 2 1 0 -1 -2 2 1 0 -1 -2 2 1 0 -1 -2 2 1 0 -1 -2 2 1 0 -1 -2 2 1 0 -1 -2 2 1 0 -1 -2 2 1 0 -1 -2 2 1 0 -1 -2 2 1 0 -1 -2 2 1 0 -1 -2 2 1 0 -1 -2 2 1 0 -1 -2 2 1 0 -1 -2 2 1 0 -1 -2 2 1 0 -1 -2 2 1 0 -1 -2 2 1 0 -1 -2 2 1 0 -1 -2 2 1 0 -1 -2 2 1 0 -1 -2 2 1 0 -1 -2 2 1 0 -1 -2 2 1 0 -1 -2 2 1 0 -1 -2 2 1 0 -1 -2 2 1 0 -1 -2 2 1 0 -1 -2 2 1 0 -1 -2 2 1 0 -1 -2 2 1 0 -1 -2 2 1 0 -1 -2 2 1 0 -1 -2 2 1 0 -1 -2 2 1 0 -1 -2 2 1 0 -1 -2 2 1 0 -1 -2 2 1 0 -1 -2 2 1 0 -1 -2 2 1 0 -1 -2 2 1 0 -1 -2 2 1 0 -1 -2 2 1 0 -1 -2 2 1 0 -1 -2 2 1 0 -1 -2 2 1 0 -1 -2 2 1 0 -1 -2 2 1 0 -1 -2 2 1 0 -1 -2 2 1 0 -1 -2 2 1 0 -1 -2 2 1 0 -1 -2 2 1 0 -1 -2 2 1 0 -1 -2 2 1 0 -1 -2 2 1 0 -1 -2 2 1 0 -1 -2 2 1 0 -1 -2 2 1 0 -1 -2 2 1 0 -1 -2 2 1 0 -1 -2 2 1 0 -1 -2 2 1 0 -1 -2 2 1 0 -1 -2 2 1 0 -1 -2 2 1 0 -1 -2 2 1 0 -1 -2 2 1 0 -1 -2 2 1 0 -1 -2 2 1 0 -1 -2 2 1 0 -1 -2 2 1 0 -1 -2 2 1 0 -1 -2 2 1 0 -1 -2 2 1 0 -1 -2 2 1 0 -1 -2 2 1 0 -1 -2 2 1 0 -1 -2 2 1 0 -1 -2 2 1 0 -1 -2 2 1 0 -1 -2 2 1 0 -1 -2 2 1 0 -1 -2 2 1 0 -1 -2 2 1 0 722 -2 2 1 0 -1 -2 2 1 0 -1 -2 2 1 0 -1 -2 2 1 0 -1 -2 2 1 0 -1 -2 2 1 0 -1 -2 2 1 0 -1 -2 2 1 0 -1 -2 2 1 0 -1 -2 2 1 0 -1 -2 2 1 0 -1 -2 2 1 0 -1 -2 2 1 0 -1 -2 2 1 0 -1 -2 2 1 0 -1 -2 2 1 0 -1 -2 2 1 0 -1 -2 2 1 0 -1 -2 2 1 0 -1 -2 2 1 0 -1 -2 2 1 0 -1 -2 2 1
2 2 2 2 2 2 2 2 2 2 2 2 2 2 2 2 2 2 2 2 2 2 2 2 2 2 2 2 2 2 2 2 2 2 2 2 2 2 2 2 2 2 2 2 2 2 2 2 2 2 2 2 2 2 2 2 2 2 2 2 2 2 2 2 2 2 2 2 2 2 2 2 2 2 2 2 2 2 2 2 2 2 2 2 2 2 2 2 2 2 2 2 2 2 2 2 2 2 2 2 2 2 2 2 2 2 2 2 2 2 2 2 2 2 2 2 2 2 2 2 2 2 2 2 2 2 2 2 2 2 2 2 2 2 2 2 2 2 2 2 2 2 2 2 2 2 2 2 2 2 2 2 2 2 2 2 2 2 2 2 2 2 2 2 2 2 2 2 2 2 2 2 2 2 2 2 2 2 2 2 2 2 2 2 2 2 2 2 2 2 2 2 2 2 2 2 2 2 2 2 2 2 2 2 2 2 2 2 2 2 2 2 2 2 2 2 2 2 2 2 2 2 2 2 2 2 2 2 2 2 2 2 2 2 2 2 2 2 2 2 2 2 2 2 2 2 2 2 2 2 2 2 2 2 2 2 2 2 2 2 2 2 2 2 2 2 2 2 2 2 2 2 2 2 2 2 2 2 2 2 2 2 2 2 2 2 2 2 2 2 2 2 2 2 2 2 2 2 2 2 2 2 2 2 2 2 2 2 2 2 2 2 2 2 2 2 2 2 2 2 2 2 2 2 2 2 2 2 2 2 2 2 2 2 2 2 2 2 2 2 2 2 2 2 2 2 2 2 2 2 2 2 2 2 2 2 2 2 2 2 2 2 2 2 2 2 2 2 2 2 2 2 2 2 2 2 2 2 2 2 2 2 2 2 2 2 2 2 2 2 2 2 2 2 2 2 2 2 2 2 2 2 2 2 2 2 2 2 2 2 2 2 2 2 2 2 2 2 2 2 2 2 2 2 2 2 2 2 2 2 2 2 2 2 2 2 2 2 2 2 2 2 2 2 2 2 2 2 2 2 2 2 2 2 2 2 2 2 2 2 2 2 2 2 2 2 2 2 2 2 2 2 2 2 2 2 2 2 2 2 2 2 2 2 2 2 2 2 2 2 2 2 1201 2 2 2 2 2 2 2 2 2 2 2 2 2 2 2 2 2 2 2 2 2 2 2 2 2 2 2 2 2 2 2 2 2 2 2 2 2 2 2 2 2 2 2 2 2 2 2 2 2 2 2 2 2 2 2 2 2 2 2 2 2 2 2 2 2 2 2 2 2 2 2 2 2 2 2 2 2 2 2 2 2 2 2 2 2 2 2 2 2 2 2 2 2 2 2 2 2 2 2 2 2 2 2 2 2 2 2
-1 0 1 2 -2 -1 0 1 2 -2 -1 0 1 2 -2 -1 0 1 2 -2 -1 0 1 2 -2 -1 0 1 2 -2 -1 0 1 2 -2 -1 0 1 2 -2 -1 0 1 2 -2 -1 0 1 2 -2 -1 0 1 2 -2 -1 0 1 2 -2 -1 0 1 2 -2 -1 0 1 2 -2 -1 0 1 2 -2 -1 0 1 2 -2 -1 0 1 2 -2 -1 0 1 2 -2 -1 0 1 2 -2 -1 0 1 2 -2 -1 0 1 2 -2 -1 0 1 2 -2 -1 0 1 2 -2 -1 0 1 2 -2 -1 0 1 2 -2 -1 0 1 2 -2 -1 0 1 2 -2 -1 0 1 2 -2 -1 0 1 2 -2 -1 0 1 2 -2 -1 0 1 2 -2 -1 0 1 2 -2 -1 0 1 2 -2 -1 0 1 2 -2 -1 0 1 2 -2 -1 0 1 2 -2 -1 0 1 2 -2 -1 0 1 2 -2 -1 0 1 2 -2 -1 0 1 2 -2 -1 0 1 2 -2 -1 0 1 2 -2 -1 0 1 2 -2 -1 0 1 2 -2 -1 0 1 2 -2 -1 0 1 2 -2 -1 0 1 2 -2 -1 0 1 2 -2 -1 0 1 2 -2 -1 0 1 2 -2 -1 0 1 2 -2 -1 0 1 2 -2 -1 0 1 2 -2 -1 0 1 2 -2 -1 0 1 2 -2 -1 0 1 2 -2 -1 0 1 2 -2 -1 0 1 2 -2 -1 0 1 2 -2 -1 0 1 2 -2 -1 0 1 2 -2 -1 0 1 2 -2 -1 0 1 2 -2 -1 0 1 2 -2 -1 0 1 2 -2 -1 0 1 2 -2 -1 0 1 2 -2 -1 0 1 2 -2 -1 0 1 2 -2 -1 0 1 2 -2 -1 0 1 2 -2 -1 0 1 2 -2 -1 0 1 2 -2 -1 0 1 2 -2 -1 0 1 2 -2 -1 0 1 2 -2 -1 0 1 2 -2 -1 0 1 2 -2 -1 0 1 2 -2 -1 0 1 2 -2 -1 0 1 2 -2 -1 0 1 2 -2 -1 0 1 2 -2 -1 0 1 2 -2 -1 0 1 2 -2 -1 0 1 2 -2 -1 0 1 2 -2 -1 0 1 2 -2 -1 0 1 2 -2 -1 0 1 2 -2 -1 0 1 2 -2 -1 0 1 2 -2 -1 0 1 2 -2 -1 0 1 2 -2 -1 0 1 2 -2 -1 0 1 2 -2 -1 0 1 2 -2 -1 0 1 2 -2 -1 0 1 721 -2 -1 0 1 2 -2 -1 0 1 2 -2 -1 0 1 2 -2 -1 0 1 2 -2 -1 0 1 2 -2 -1 0 1 2 -2 -1 0 1 2 -2 -1 0 1 2 -2 -1 0 1 2 -2 -1 0 1 2 -2 -1 0 1 2 -2 -1 0 1 2 -2 -1 0 1 2 -2 -1 0 1 2 -2 -1 0 1 2 -2 -1 0 1 2 -2 -1 0 1 2 -2 -1 0 1 2 -2 -1 0 1 2 -2 -1 0 1 2 -2 -1 0 1 2 -2
1 -2 0 2 -1 1 -2 0 2 -1 1 -2 0 2 -1 1 -2 0 2 -1 1 -2 0 2 -1 1 -2 0 2 -1 1 -2 0 2 -1 1 -2 0 2 -1 1 -2 0 2 -1 1 -2 0 2 -1 1 -2 0 2 -1 1 -2 0 2 -1 1 -2 0 2 -1 1 -2 0 2 -1 1 -2 0 2 -1 1 -2 0 2 -1 1 -2 0 2 -1 1 -2 0 2 -1 1 -2 0 2 -1 1 -2 0 2 -1 1 -2 0 2 -1 1 -2 0 2 -1 1 -2 0 2 -1 1 -2 0 2 -1 1 -2 0 2 -1 1 -2 0 2 -1 1 -2 0 2 -1 1 -2 0 2 -1 1 -2 0 2 -1 1 -2 0 2 -1 1 -2 0 2 -1 1 -2 0 2 -1 1 -2 0 2 -1 1 -2 0 2 -1 1 -2 0 2 -1 1 -2 0 2 -1 1 -2 0 2 -1 1 -2 0 2 -1 1 -2 0 2 -1 1 -2 0 2 -1 1 -2 0 2 -1 1 -2 0 2 -1 1 -2 0 2 -1 1 -2 0 2 -1 1 -2 0 2 -1 1 -2 0 2 -1 1 -2 0 2 -1 1 -2 0 2 -1 1 -2 0 2 -1 1 -2 0 2 -1 1 -2 0 2 -1 1 -2 0 2 -1 1 -2 0 2 -1 1 -2 0 2 -1 1 -2 0 2 -1 1 -2 0 2 -1 1 -2 0 2 -1 1 -2 0 2 -1 1 -2 0 2 -1 1 -2 0 2 -1 1 -2 0 2 -1 1 -2 0 2 -1 1 -2 0 2 -1 1 -2 0 2 -1 1 -2 0 2 -1 1 -2 0 2 -1 1 -2 0 2 -1 1 -2 0 2 -1 1 -2 0 2 -1 1 -2 0 2 -1 1 -2 0 2 -1 1 -2 0 2 -1 1 -2 0 2 -1 1 -2 0 2 -1 1 -2 0 2 -1 1 -2 0 2 -1 1 -2 0 2 -1 1 -2 0 2 -1 1 -2 0 2 -1 1 -2 0 2 -1 1 -2 0 2 -1 1 -2 0 2 -1 1 -2 0 2 -1 1 -2 0 2 -1 1 -2 0 2 -1 1 -2 0 2 -1 1 -2 0 2 -1 1 -2 0 2 -1 1 -2 0 2 -1 1 -2 0 2 -1 1 -2 0 2 -1 1 -2 0 2 -1 1 -2 0 2 -1 1 -2 0 2 -1 1 -2 0 2 -1 1 -2 0 2 -1 1 -2 0 2 -1 1 -2 0 2 -1 1 -2 0 2 722 1 -2 0 2 -1 1 -2 0 2 -1 1 -2 0 2 -1 1 -2 0 2 -1 1 -2 0 2 -1 1 -2 0 2 -1 1 -2 0 2 -1 1 -2 0 2 -1 1 -2 0 2 -1 1 -2 0 2 -1 1 -2 0 2 -1 1 -2 0 2 -1 1 -2 0 2 -1 1 -2 0 2 -1 1 -2 0 2 -1 1 -2 0 2 -1 1 -2 0 2 -1 1 -2 0 2 -1 1 -2 0 2 -1 1 -2 0 2 -1 1 -2 0 2 -1
-2 1 -1 2 0 -2 1 -1 2 0 -2 1 -1 2 0 -2 1 -1 2 0 -2 1 -1 2 0 -2 1 -1 2 0 -2 1 -1 2 0 -2 1 -1 2 0 -2 1 -1 2 0 -2 1 -1 2 0 -2 1 -1 2 0 -2 1 -1 2 0 -2 1 -1 2 0 -2 1 -1 2 0 -2 1 -1 2 0 -2 1 -1 2 0 -2 1 -1 2 0 -2 1 -1 2 0 -2 1 -1 2 0 -2 1 -1 2 0 -2 1 -1 2 0 -2 1 -1 2 0 -2 1 -1 2 0 -2 1 -1 2 0 -2 1 -1 2 0 -2 1 -1 2 0 -2 1 -1 2 0 -2 1 -1 2 0 -2 1 -1 2 0 -2 1 -1 2 0 -2 1 -1 2 0 -2 1 -1 2 0 -2 1 -1 2 0 -2 1 -1 2 0 -2 1 -1 2 0 -2 1 -1 2 0 -2 1 -1 2 0 -2 1 -1 2 0 -2 1 -1 2 0 -2 1 -1 2 0 -2 1 -1 2 0 -2 1 -1 2 0 -2 1 -1 2 0 -2 1 -1 2 0 -2 1 -1 2 0 -2 1 -1 2 0 -2 1 -1 2 0 -2 1 -1 2 0 -2 1 -1 2 0 -2 1 -1 2 0 -2 1 -1 2 0 -2 1 -1 2 0 -2 1 -1 2 0 -2 1 -1 2 0 -2 1 -1 2 0 -2 1 -1 2 0 -2 1 -1 2 0 -2 1 -1 2 0 -2 1 -1 2 0 -2 1 -1 2 0 -2 1 -1 2 0 -2 1 -1 2 0 -2 1 -1 2 0 -2 1 -1 2 0 -2 1 -1 2 0 -2 1 -1 2 0 -2 1 -1 2 0 -2 1 -1 2 0 -2 1 -1 2 0 -2 1 -1 2 0 -2 1 -1 2 0 -2 1 -1 2 0 -2 1 -1 2 0 -2 1 -1 2 0 -2 1 -1 2 0 -2 1 -1 2 0 -2 1 -1 2 0 -2 1 -1 2 0 -2 1 -1 2 0 -2 1 -1 2 0 -2 1 -1 2 0 -2 1 -1 2 0 -2 1 -1 2 0 -2 1 -1 2 0 -2 1 -1 2 0 -2 1 -1 2 0 -2 1 -1 2 0 -2 1 -1 2 0 -2 1 -1 2 0 -2 1 -1 2 0 -2 1 -1 2 0 -2 1 -1 2 0 -2 1 -1 2 0 -2 1 -1 2 0 -2 1 -1 2 0 -2 1 -1 2 0 -2 1 -1 2 0 -2 1 -1 2 0 -2 1 -1 2 0 721 1 -1 2 0 -2 1 -1 2 0 -2 1 -1 2 0 -2 1 -1 2 0 -2 1 -1 2 0 -2 1 -1 2 0 -2 1 -1 2 0 -2 1 -1 2 0 -2 1 -1 2 0 -2 1 -1 2 0 -2 1 -1 2 0 -2 1 -1 2 0 -2 1 -1 2 0 -2 1 -1 2 0 -2 1 -1 2 0 -2 1 -1 2 0 -2 1 -1 2 0 -2 1 -1 2 0 -2 1 -1 2 0 -2 1 -1 2 0 -2 1 -1 2 0
0 -1 -2 2 1 0 -1 -2 2 1 0 -1 -2 2 1 0 -1 -2 2 1 0 -1 -2 2 1 0 -1 -2 2 1 0 -1 -2 2 1 0 -1 -2 2 1 0 -1 -2 2 1 0 -1 -2 2 1 0 -1 -2 2 1 0 -1 -2 2 1 0 -1 -2 2 1 0 -1 -2 2 1 0 -1 -2 2 1 0 -1 -2 2 1 0 -1 -2 2 1 0 -1 -2 2 1 0 -1 -2 2 1 0 -1 -2 2 1 0 -1 -2 2 1 0 -1 -2 2 1 0 -1 -2 2 1 0 -1 -2 2 1 0 -1 -2 2 1 0 -1 -2 2 1 0 -1 -2 2 1 0 -1 -2 2 1 0 -1 -2 2 1 0 -1 -2 2 1 0 -1 -2 2 1 0 -1 -2 2 1 0 -1 -2 2 1 0 -1 -2 2 1 0 -1 -2 2 1 0 -1 -2 2 1 0 -1 -2 2 1 0 -1 -2 2 1 0 -1 -2 2 1 0 -1 -2 2 1 0 -1 -2 2 1 0 -1 -2 2 1 0 -1 -2 2 1 0 -1 -2 2 1 0 -1 -2 2 1 0 -1 -2 2 1 0 -1 -2 2 1 0 -1 -2 2 1 0 -1 -2 2 1 0 -1 -2 2 1 0 -1 -2 2 1 0 -1 -2 2 1 0 -1 -2 2 1 0 -1 -2 2 1 0 -1 -2 2 1 0 -1 -2 2 1 0 -1 -2 2 1 0 -1 -2 2 1 0 -1 -2 2 1 0 -1 -2 2 1 0 -1 -2 2 1 0 -1 -2 2 1 0 -1 -2 2 1 0 -1 -2 2 1 0 -1 -2 2 1 0 -1 -2 2 1 0 -1 -2 2 1 0 -1 -2 2 1 0 -1 -2 2 1 0 -1 -2 2 1 0 -1 -2 2 1 0 -1 -2 2 1 0 -1 -2 2 1 0 -1 -2 2 1 0 -1 -2 2 1 0 -1 -2 2 1 0 -1 -2 2 1 0 -1 -2 2 1 0 -1 -2 2 1 0 -1 -2 2 1 0 -1 -2 2 1 0 -1 -2 2 1 0 -1 -2 2 1 0 -1 -2 2 1 0 -1 -2 2 1 0 -1 -2 2 1 0 -1 -2 2 1 0 -1 -2 2 1 0 -1 -2 2 1 0 -1 -2 2 1 0 -1 -2 2 1 0 -1 -2 2 1 0 -1 -2 2 1 0 -1 -2 2 1 0 -1 -2 2 1 0 -1 -2 2 1 0 -1 -2 2 1 0 -1 -2 2 1 0 -1 -2 2 1 0 722 -2 2 1 0 -1 -2 2 1 0 -1 -2 2 1 0 -1 -2 2 1 0 -1 -2 2 1 0 -1 -2 2 1 0 -1 -2 2 1 0 -1 -2 2 1 0 -1 -2 2 1 0 -1 -2 2 1 0 -1 -2 2 1 0 -1 -2 2 1 0 -1 -2 2 1 0 -1 -2 2 1 0 -1 -2 2 1 0 -1 -2 2 1 0 -1 -2 2 1 0 -1 -2 2 1 0 -1 -2 2 1 0 -1 -2 2 1 0 -1 -2 2 1
2 2 2 2 2 2 2 2 2 2 2 2 2 2 2 2 2 2 2 2 2 2 2 2 2 2 2 2 2 2 2 2 2 2 2 2 2 2 2 2 2 2 2 2 2 2 2 2 2 2 2 2 2 2 2 2 2 2 2 2 2 2 2 2 2 2 2 2 2 2 2 2 2 2 2 2 2 2 2 2 2 2 2 2 2 2 2 2 2 2 2 2 2 2 2 2 2 2 2 2 2 2 2 2 2 2 2 2 2 2 2 2 2 2 2 2 2 2 2 2 2 2 2 2 2 2 2 2 2 2 2 2 2 2 2 2 2 2 2 2 2 2 2 2 2 2 2 2 2 2 2 2 2 2 2 2 2 2 2 2 2 2 2 2 2 2 2 2 2 2 2 2 2 2 2 2 2 2 2 2 2 2 2 2 2 2 2 2 2 2 2 2 2 2 2 2 2 2 2 2 2 2 2 2 2 2 2 2 2 2 2 2 2 2 2 2 2 2 2 2 2 2 2 2 2 2 2 2 2 2 2 2 2 2 2 2 2 2 2 2 2 2 2 2 2 2 2 2 2 2 2 2 2 2 2 2 2 2 2 2 2 2 2 2 2 2 2 2 2 2 2 2 2 2 2 2 2 2 2 2 2 2 2 2 2 2 2 2 2 2 2 2 2 2 2 2 2 2 2 2 2 2 2 2 2 2 2 2 2 2 2 2 2 2 2 2 2 2 2 2 2 2 2 2 2 2 2 2 2 2 2 2 2 2 2 2 2 2 2 2 2 2 2 2 2 2 2 2 2 2 2 2 2 2 2 2 2 2 2 2 2 2 2 2 2 2 2 2 2 2 2 2 2 2 2 2 2 2 2 2 2 2 2 2 2 2 2 2 2 2 2 2 2 2 2 2 2 2 2 2 2 2 2 2 2 2 2 2 2 2 2 2 2 2 2 2 2 2 2 2 2 2 2 2 2 2 2 2 2 2 2 2 2 2 2 2 2 2 2 2 2 2 2 2 2 2 2 2 2 2 2 2 2 2 2 2 2 2 2 2 2 2 2 2 2 2 2 2 2 2 2 2 2 2 2 2 2 2 2 2 2 2 2 2 2 2 2 2 2 2 2 2 2 2 2 2 2 1201 2 2 2 2 2 2 2 2 2 2 2 2 2 2 2 2 2 2 2 2 2 2 2 2 2 2 2 2 2 2 2 2 2 2 2 2 2 2 2 2 2 2 2 2 2 2 2 2 2 2 2 2 2 2 2 2 2 2 2 2 2 2 2 2 2 2 2 2 2 2 2 2 2 2 2 2 2 2 2 2 2 2 2 2 2 2 2 2 2 2 2 2 2 2 2 2 2 2 2 2 2 2
-1 0 1 2 -2 -1 0 1 2 -2 -1 0 1 2 -2 -1 0 1 2 -2 -1 0 1 2 -2 -1 0 1 2 -2 -1 0 1 2 -2 -1 0 1 2 -2 -1 0 1 2 -2 -1 0 1 2 -2 -1 0 1 2 -2 -1 0 1 2 -2 -1 0 1 2 -2 -1 0 1 2 -2 -1 0 1 2 -2 -1 0 1 2 -2 -1 0 1 2 -2 -1 0 1 2 -2 -1 0 1 2 -2 -1 0 1 2 -2 -1 0 1 2 -2 -1 0 1 2 -2 -1 0 1 2 -2 -1 0 1 2 -2 -1 0 1 2 -2 -1 0 1 2 -2 -1 0 1 2 -2 -1 0 1 2 -2 -1 0 1 2 -2 -1 0 1 2 -2 -1 0 1 2 -2 -1 0 1 2 -2 -1 0 1 2 -2 -1 0 1 2 -2 -1 0 1 2 -2 -1 0 1 2 -2 -1 0 1 2 -2 -1 0 1 2 -2 -1 0 1 2 -2 -1 0 1 2 -2 -1 0 1 2 -2 -1 0 1 2 -2 -1 0 1 2 -2 -1 0 1 2 -2 -1 0 1 2 -2 -1 0 1 2 -2 -1 0 1 2 -2 -1 0 1 2 -2 -1 0 1 2 -2 -1 0 1 2 -2 -1 0 1 2 -2 -1 0 1 2 -2 -1 0 1 2 -2 -1 0 1 2 -2 -1 0 1 2 -2 -1 0 1 2 -2 -1 0 1 2 -2 -1 0 1 2 -2 -1 0 1 2 -2 -1 0 1 2 -2 -1 0 1 2 -2 -1 0 1 2 -2 -1 0 1 2 -2 -1 0 1 2 -2 -1 0 1 2 -2 -1 0 1 2 -2 -1 0 1 2 -2 -1 0 1 2 -2 -1 0 1 2 -2 -1 0 1 2 -2 -1 0 1 2 -2 -1 0 1 2 -2 -1 0 1 2 -2 -1 0 1 2 -2 -1 0 1 2 -2 -1 0 1 2 -2 -1 0 1 2 -2 -1 0 1 2 -2 -1 0 1 2 -2 -1 0 1 2 -2 -1 0 1 2 -2 -1 0 1 2 -2 -1 0 1 2 -2 -1 0 1 2 -2 -1 0 1 2 -2 -1 0 1 2 -2 -1 0 1 2 -2 -1 0 1 2 -2 -1 0 1 2 -2 -1 0 1 2 -2 -1 0 1 2 -2 -1 0 1 2 -2 -1 0 1 2 -2 -1 0 1 2 -2 -1 0 1 2 -2 -1 0 1 2 -2 -1 0 1 2 -2 -1 0 1 2 -2 -1 0 1 2 -2 -1 0 1 721 -2 -1 0 1 2 -2 -1 0 1 2 -2 -1 0 1 2 -2 -1 0 1 2 -2 -1 0 1 2 -2 -1 0 1 2 -2 -1 0 1 2 -2 -1 0 1 2 -2 -1 0 1 2 -2 -1 0 1 2 -2 -1 0 1 2 -2 -1 0 1 2 -2 -1 0 1 2 -2 -1 0 1 2 -2 -1 0 1 2 -2 -1 0 1 2 -2 -1 0 1 2 -2 -1 0 1 2 -2 -1 0 1 2 -2 -1 0 1 2 -2
1 -2 0 2 -1 1 -2 0 2 -1 1 -2 0 2 -1 1 -2 0 2 -1 1 -2 0 2 -1 1 -2 0 2 -1 1 -2 0 2 -1 1 -2 0 2 -1 1 -2 0 2 -1 1 -2 0 2 -1 1 -2 0 2 -1 1 -2 0 2 -1 1 -2 0 2 -1 1 -2 0 2 -1 1 -2 0 2 -1 1 -2 0 2 -1 1 -2 0 2 -1 1 -2 0 2 -1 1 -2 0 2 -1 1 -2 0 2 -1 1 -2 0 2 -1 1 -2 0 2 -1 1 -2 0 2 -1 1 -2 0 2 -1 1 -2 0 2 -1 1 -2 0 2 -1 1 -2 0 2 -1 1 -2 0 2 -1 1 -2 0 2 -1 1 -2 0 2 -1 1 -2 0 2 -1 1 -2 0 2 -1 1 -2 0 2 -1 1 -2 0 2 -1 1 -2 0 2 -1 1 -2 0 2 -1 1 -2 0 2 -1 1 -2 0 2 -1 1 -2 0 2 -1 1 -2 0 2 -1 1 -2 0 2 -1 1 -2 0 2 -1 1 -2 0 2 -1 1 -2 0 2 -1 1 -2 0 2 -1 1 -2 0 2 -1 1 -2 0 2 -1 1 -2 0 2 -1 1 -2 0 2 -1 1 -2 0 2 -1 1 -2 0 2 -1 1 -2 0 2 -1 1 -2 0 2 -1 1 -2 0 2 -1 1 -2 0 2 -1 1 -2 0 2 -1 1 -2 0 2 -1 1 -2 0 2 -1 1 -2 0 2 -1 1 -2 0 2 -1 1 -2 0 2 -1 1 -2 0 2 -1 1 -2 0 2 -1 1 -2 0 2 -1 1 -2 0 2 -1 1 -2 0 2 -1 1 -2 0 2 -1 1 -2 0 2 -1 1 -2 0 2 -1 1 -2 0 2 -1 1 -2 0 2 -1 1 -2 0 2 -1 1 -2 0 2 -1 1 -2 0 2 -1 1 -2 0 2 -1 1 -2 0 2 -1 1 -2 0 2 -1 1 -2 0 2 -1 1 -2 0 2 -1 1 -2 0 2 -1 1 -2 0 2 -1 1 -2 0 2 -1 1 -2 0 2 -1 1 -2 0 2 -1 1 -2 0 2 -1 1 -2 0 2 -1 1 -2 0 2 -1 1 -2 0 2 -1 1 -2 0 2 -1 1 -2 0 2 -1 1 -2 0 2 -1 1 -2 0 2 -1 1 -2 0 2 -1 1 -2 0 2 -1 1 -2 0 2 -1 1 -2 0 2 -1 1 -2 0 2 -1 1 -2 0 2 -1 1 -2 0 2 -1 1 -2 0 2 722 1 -2 0 2 -1 1 -2 0 2 -1 1 -2 0 2 -1 1 -2 0 2 -1 1 -2 0 2 -1 1 -2 0 2 -1 1 -2 0 2 -1 1 -2 0 2 -1 1 -2 0 2 -1 1 -2 0 2 -1 1 -2 0 2 -1 1 -2 0 2 -1 1 -2 0 2 -1 1 -2 0 2 -1 1 -2 0 2 -1 1 -2 0 2 -1 1 -2 0 2 -1 1 -2 0 2 -1 1 -2 0 2 -1 1 -2 0 2 -1
-2 1 -1 2 0 -2 1 -1 2 0 -2 1 -1 2 0 -2 1 -1 2 0 -2 1 -1 2 0 -2 1 -1 2 0 -2 1 -1 2 0 -2 1 -1 2 0 -2 1 -1 2 0 -2 1 -1 2 0 -2 1 -1 2 0 -2 1 -1 2 0 -2 1 -1 2 0 -2 1 -1 2 0 -2 1 -1 2 0 -2 1 -1 2 0 -2 1 -1 2 0 -2 1 -1 2 0 -2 1 -1 2 0 -2 1 -1 2 0 -2 1 -1 2 0 -2 1 -1 2 0 -2 1 -1 2 0 -2 1 -1 2 0 -2 1 -1 2 0 -2 1 -1 2 0 -2 1 -1 2 0 -2 1 -1 2 0 -2 1 -1 2 0 -2 1 -1 2 0 -2 1 -1 2 0 -2 1 -1 2 0 -2 1 -1 2 0 -2 1 -1 2 0 -2 1 -1 2 0 -2 1 -1 2 0 -2 1 -1 2 0 -2 1 -1 2 0 -2 1 -1 2 0 -2 1 -1 2 0 -2 1 -1 2 0 -2 1 -1 2 0 -2 1 -1 2 0 -2 1 -1 2 0 -2 1 -1 2 0 -2 1 -1 2 0 -2 1 -1 2 0 -2 1 -1 2 0 -2 1 -1 2 0 -2 1 -1 2 0 -2 1 -1 2 0 -2 1 -1 2 0 -2 1 -1 2 0 -2 1 -1 2 0 -2 1 -1 2 0 -2 1 -1 2 0 -2 1 -1 2 0 -2 1 -1 2 0 -2 1 -1 2 0 -2 1 -1 2 0 -2 1 -1 2 0 -2 1 -1 2 0 -2 1 -1 2 0 -2 1 -1 2 0 -2 1 -1 2 0 -2 1 -1 2 0 -2 1 -1 2 0 -2 1 -1 2 0 -2 1 -1 2 0 -2 1 -1 2 0 -2 1 -1 2 0 -2 1 -1 2 0 -2 1 -1 2 0 -2 1 -1 2 0 -2 1 -1 2 0 -2 1 -1 2 0 -2 1 -1 2 0 -2 1 -1 2 0 -2 1 -1 2 0 -2 1 -1 2 0 -2 1 -1 2 0 -2 1 -1 2 0 -2 1 -1 2 0 -2 1 -1 2 0 -2 1 -1 2 0 -2 1 -1 2 0 -2 1 -1 2 0 -2 1 -1 2 0 -2 1 -1 2 0 -2 1 -1 2 0 -2 1 -1 2 0 -2 1 -1 2 0 -2 1 -1 2 0 -2 1 -1 2 0 -2 1 -1 2 0 -2 1 -1 2 0 -2 1 -1 2 0 -2 1 -1 2 0 -2 1 -1 2 0 -2 1 -1 2 0 721 1 -1 2 0 -2 1 -1 2 0 -2 1 -1 2 0 -2 1 -1 2 0 -2 1 -1 2 0 -2 1 -1 2 0 -2 1 -1 2 0 -2 1 -1 2 0 -2 1 -1 2 0 -2 1 -1 2 0 -2 1 -1 2 0 -2 1 -1 2 0 -2 1 -1 2 0 -2 1 -1 2 0 -2 1 -1 2 0 -2 1 -1 2 0 -2 1 -1 2 0 -2 1 -1 2 0 -2 1 -1 2 0 -2 1 -1 2 0
0 -1 -2 2 1 0 -1 -2 2 1 0 -1 -2 2 1 0 -1 -2 2 1 0 -1 -2 2 1 0 -1 -2 2 1 0 -1 -2 2 1 0 -1 -2 2 1 0 -1 -2 2 1 0 -1 -2 2 1 0 -1 -2 2 1 0 -1 -2 2 1 0 -1 -2 2 1 0 -1 -2 2 1 0 -1 -2 2 1 0 -1 -2 2 1 0 -1 -2 2 1 0 -1 -2 2 1 0 -1 -2 2 1 0 -1 -2 2 1 0 -1 -2 2 1 0 -1 -2 2 1 0 -1 -2 2 1 0 -1 -2 2 1 0 -1 -2 2 1 0 -1 -2 2 1 0 -1 -2 2 1 0 -1 -2 2 1 0 -1 -2 2 1 0 -1 -2 2 1 0 -1 -2 2 1 0 -1 -2 2 1 0 -1 -2 2 1 0 -1 -2 2 1 0 -1 -2 2 1 0 -1 -2 2 1 0 -1 -2 2 1 0 -1 -2 2 1 0 -1 -2 2 1 0 -1 -2 2 1 0 -1 -2 2 1 0 -1 -2 2 1 0 -1 -2 2 1 0 -1 -2 2 1 0 -1 -2 2 1 0 -1 -2 2 1 0 -1 -2 2 1 0 -1 -2 2 1 0 -1 -2 2 1 0 -1 -2 2 1 0 -1 -2 2 1 0 -1 -2 2 1 0 -1 -2 2 1 0 -1 -2 2 1 0 -1 -2 2 1 0 -1 -2 2 1 0 -1 -2 2 1 0 -1 -2 2 1 0 -1 -2 2 1 0 -1 -2 2 1 0 -1 -2 2 1 0 -1 -2 2 1 0 -1 -2 2 1 0 -1 -2 2 1 0 -1 -2 2 1 0 -1 -2 2 1 0 -1 -2 2 1 0 -1 -2 2 1 0 -1 -2 2 1 0 -1 -2 2 1 0 -1 -2 2 1 0 -1 -2 2 1 0 -1 -2 2 1 0 -1 -2 2 1 0 -1 -2 2 1 0 -1 -2 2 1 0 -1 -2 2 1 0 -1 -2 2 1 0 -1 -2 2 1 0 -1 -2 2 1 0 -1 -2 2 1 0 -1 -2 2 1 0 -1 -2 2 1 0 -1 -2 2 1 0 -1 -2 2 1 0 -1 -2 2 1 0 -1 -2 2 1 0 -1 -2 2 1 0 -1 -2 2 1 0 -1 -2 2 1 0 -1 -2 2 1 0 -1 -2 2 1 0 -1 -2 2 1 0 -1 -2 2 1 0 -1 -2 2 1 0 -1 -2 2 1 0 -1 -2 2 1 0 -1 -2 2 1 0 -1 -2 2 1 0 -1 -2 2 1 0 722 -2 2 1 0 -1 -2 2 1 0 -1 -2 2 1 0 -1 -2 2 1 0 -1 -2 2 1 0 -1 -2 2 1 0 -1 -2 2 1 0 -1 -2 2 1 0 -1 -2 2 1 0 -1 -2 2 1 0 -1 -2 2 1 0 -1 -2 2 1 0 -1 -2 2 1 0 -1 -2 2 1 0 -1 -2 2 1 0 -1 -2 2 1 0 -1 -2 2 1 0 -1 -2 2 1 0 -1 -2 2 1 0 -1 -2 2 1
2 2 2 2 2 2 2 2 2 2 2 2 2 2 2 2 2 2 2 2 2 2 2 2 2 2 2 2 2 2 2 2 2 2 2 2 2 2 2 2 2 2 2 2 2 2 2 2 2 2 2 2 2 2 2 2 2 2 2 2 2 2 2 2 2 2 2 2 2 2 2 2 2 2 2 2 2 2 2 2 2 2 2 2 2 2 2 2 2 2 2 2 2 2 2 2 2 2 2 2 2 2 2 2 2 2 2 2 2 2 2 2 2 2 2 2 2 2 2 2 2 2 2 2 2 2 2 2 2 2 2 2 2 2 2 2 2 2 2 2 2 2 2 2 2 2 2 2 2 2 2 2 2 2 2 2 2 2 2 2 2 2 2 2 2 2 2 2 2 2 2 2 2 2 2 2 2 2 2 2 2 2 2 2 2 2 2 2 2 2 2 2 2 2 2 2 2 2 2 2 2 2 2 2 2 2 2 2 2 2 2 2 2 2 2 2 2 2 2 2 2 2 2 2 2 2 2 2 2 2 2 2 2 2 2 2 2 2 2 2 2 2 2 2 2 2 2 2 2 2 2 2 2 2 2 2 2 2 2 2 2 2 2 2 2 2 2 2 2 2 2 2 2 2 2 2 2 2 2 2 2 2 2 2 2 2 2 2 2 2 2 2 2 2 2 2 2 2 2 2 2 2 2 2 2 2 2 2 2 2 2 2 2 2 2 2 2 2 2 2 2 2 2 2 2 2 2 2 2 2 2 2 2 2 2 2 2 2 2 2 2 2 2 2 2 2 2 2 2 2 2 2 2 2 2 2 2 2 2 2 2 2 2 2 2 2 2 2 2 2 2 2 2 2 2 2 2 2 2 2 2 2 2 2 2 2 2 2 2 2 2 2 2 2 2 2 2 2 2 2 2 2 2 2 2 2 2 2 2 2 2 2 2 2 2 2 2 2 2 2 2 2 2 2 2 2 2 2 2 2 2 2 2 2 2 2 2 2 2 2 2 2 2 2 2 2 2 2 2 2 2 2 2 2 2 2 2 2 2 2 2 2 2 2 2 2 2 2 2 2 2 2 2 2 2 2 2 2 2 2 2 2 2 2 2 2 2 2 2 2 2 2 2 2 2 2 2 2 2 2 2 2 1201 2 2 2 2 2 2 2 2 2 2 2 2 2 2 2 2 2 2 2 2 2 2 2 2 2 2 2 2 2 2 2 2 2 2 2 2 2 2 2 2 2 2 2 2 2 2 2 2 2 2 2 2 2 2 2 2 2 2 2 2 2 2 2 2 2 2 2 2 2 2 2 2 2 2 2 2 2 2 2 2 2 2 2 2 2 2 2 2 2 2 2 2 2 2 2 2 2
-1 0 1 2 -2 -1 0 1 2 -2 -1 0 1 2 -2 -1 0 1 2 -2 -1 0 1 2 -2 -1 0 1 2 -2 -1 0 1 2 -2 -1 0 1 2 -2 -1 0 1 2 -2 -1 0 1 2 -2 -1 0 1 2 -2 -1 0 1 2 -2 -1 0 1 2 -2 -1 0 1 2 -2 -1 0 1 2 -2 -1 0 1 2 -2 -1 0 1 2 -2 -1 0 1 2 -2 -1 0 1 2 -2 -1 0 1 2 -2 -1 0 1 2 -2 -1 0 1 2 -2 -1 0 1 2 -2 -1 0 1 2 -2 -1 0 1 2 -2 -1 0 1 2 -2 -1 0 1 2 -2 -1 0 1 2 -2 -1 0 1 2 -2 -1 0 1 2 -2 -1 0 1 2 -2 -1 0 1 2 -2 -1 0 1 2 -2 -1 0 1 2 -2 -1 0 1 2 -2 -1 0 1 2 -2 -1 0 1 2 -2 -1 0 1 2 -2 -1 0 1 2 -2 -1 0 1 2 -2 -1 0 1 2 -2 -1 0 1 2 -2 -1 0 1 2 -2 -1 0 1 2 -2 -1 0 1 2 -2 -1 0 1 2 -2 -1 0 1 2 -2 -1 0 1 2 -2 -1 0 1 2 -2 -1 0 1 2 -2 -1 0 1 2 -2 -1 0 1 2 -2 -1 0 1 2 -2 -1 0 1 2 -2 -1 0 1 2 -2 -1 0 1 2 -2 -1 0 1 2 -2 -1 0 1 2 -2 -1 0 1 2 -2 -1 0 1 2 -2 -1 0 1 2 -2 -1 0 1 2 -2 -1 0 1 2 -2 -1 0 1 2 -2 -1 0 1 2 -2 -1 0 1 2 -2 -1 0 1 2 -2 -1 0 1 2 -2 -1 0 1 2 -2 -1 0 1 2 -2 -1 0 1 2 -2 -1 0 1 2 -2 -1 0 1 2 -2 -1 0 1 2 -2 -1 0 1 2 -2 -1 0 1 2 -2 -1 0 1 2 -2 -1 0 1 2 -2 -1 0 1 2 -2 -1 0 1 2 -2 -1 0 1 2 -2 -1 0 1 2 -2 -1 0 1 2 -2 -1 0 1 2 -2 -1 0 1 2 -2 -1 0 1 2 -2 -1 0 1 2 -2 -1 0 1 2 -2 -1 0 1 2 -2 -1 0 1 2 -2 -1 0 1 2 -2 -1 0 1 2 -2 -1 0 1 2 -2 -1 0 1 2 -2 -1 0 1 2 -2 -1 0 1 2 -2 -1 0 1 2 -2 -1 0 1 2 -2 -1 0 1 2 -2 -1 0 1 2 -2 -1 0 1 721 -2 -1 0 1 2 -2 -1 0 1 2 -2 -1 0 1 2 -2 -1 0 1 2 -2 -1 0 1 2 -2 -1 0 1 2 -2 -1 0 1 2 -2 -1 0 1 2 -2 -1 0 1 2 -2 -1 0 1 2 -2 -1 0 1 2 -2 -1 0 1 2 -2 -1 0 1 2 -2 -1 0 1 2 -2 -1 0 1 2 -2 -1 0 1 2 -2 -1 0 1 2 -2 -1 0 1 2 -2 -1 0 1 2 -2
1 -2 0 2 -1 1 -2 0 2 -1 1 -2 0 2 -1 1 -2 0 2 -1 1 -2 0 2 -1 1 -2 0 2 -1 1 -2 0 2 -1 1 -2 0 2 -1 1 -2 0 2 -1 1 -2 0 2 -1 1 -2 0 2 -1 1 -2 0 2 -1 1 -2 0 2 -1 1 -2 0 2 -1 1 -2 0 2 -1 1 -2 0 2 -1 1 -2 0 2 -1 1 -2 0 2 -1 1 -2 0 2 -1 1 -2 0 2 -1 1 -2 0 2 -1 1 -2 0 2 -1 1 -2 0 2 -1 1 -2 0 2 -1 1 -2 0 2 -1 1 -2 0 2 -1 1 -2 0 2 -1 1 -2 0 2 -1 1 -2 0 2 -1 1 -2 0 2 -1 1 -2 0 2 -1 1 -2 0 2 -1 1 -2 0 2 -1 1 -2 0 2 -1 1 -2 0 2 -1 1 -2 0 2 -1 1 -2 0 2 -1 1 -2 0 2 -1 1 -2 0 2 -1 1 -2 0 2 -1 1 -2 0 2 -1 1 -2 0 2 -1 1 -2 0 2 -1 1 -2 0 2 -1 1 -2 0 2 -1 1 -2 0 2 -1 1 -2 0 2 -1 1 -2 0 2 -1 1 -2 0 2 -1 1 -2 0 2 -1 1 -2 0 2 -1 1 -2 0 2 -1 1 -2 0 2 -1 1 -2 0 2 -1 1 -2 0 2 -1 1 -2 0 2 -1 1 -2 0 2 -1 1 -2 0 2 -1 1 -2 0 2 -1 1 -2 0 2 -1 1 -2 0 2 -1 1 -2 0 2 -1 1 -2 0 2 -1 1 -2 0 2 -1 1 -2 0 2 -1 1 -2 0 2 -1 1 -2 0 2 -1 1 -2 0 2 -1 1 -2 0 2 -1 1 -2 0 2 -1 1 -2 0 2 -1 1 -2 0 2 -1 1 -2 0 2 -1 1 -2 0 2 -1 1 -2 0 2 -1 1 -2 0 2 -1 1 -2 0 2 -1 1 -2 0 2 -1 1 -2 0 2 -1 1 -2 0 2 -1 1 -2 0 2 -1 1 -2 0 2 -1 1 -2 0 2 -1 1 -2 0 2 -1 1 -2 0 2 -1 1 -2 0 2 -1 1 -2 0 2 -1 1 -2 0 2 -1 1 -2 0 2 -1 1 -2 0 2 -1 1 -2 0 2 -1 1 -2 0 2 -1 1 -2 0 2 -1 1 -2 0 2 -1 1 -2 0 2 -1 1 -2 0 2 -1 1 -2 0 2 -1 1 -2 0 2 -1 1 -2 0 2 -1 1 -2 0 2 -1 1 -2 0 2 722 1 -2 0 2 -1 1 -2 0 2 -1 1 -2 0 2 -1 1 -2 0 2 -1 1 -2 0 2 -1 1 -2 0 2 -1 1 -2 0 2 -1 1 -2 0 2 -1 1 -2 0 2 -1 1 -2 0 2 -1 1 -2 0 2 -1 1 -2 0 2 -1 1 -2 0 2 -1 1 -2 0 2 -1 1 -2 0 2 -1 1 -2 0 2 -1 1 -2 0 2 -1 1 -2 0 2 -1 1 -2 0 2 -1
-2 1 -1 2 0 -2 1 -1 2 0 -2 1 -1 2 0 -2 1 -1 2 0 -2 1 -1 2 0 -2 1 -1 2 0 -2 1 -1 2 0 -2 1 -1 2 0 -2 1 -1 2 0 -2 1 -1 2 0 -2 1 -1 2 0 -2 1 -1 2 0 -2 1 -1 2 0 -2 1 -1 2 0 -2 1 -1 2 0 -2 1 -1 2 0 -2 1 -1 2 0 -2 1 -1 2 0 -2 1 -1 2 0 -2 1 -1 2 0 -2 1 -1 2 0 -2 1 -1 2 0 -2 1 -1 2 0 -2 1 -1 2 0 -2 1 -1 2 0 -2 1 -1 2 0 -2 1 -1 2 0 -2 1 -1 2 0 -2 1 -1 2 0 -2 1 -1 2 0 -2 1 -1 2 0 -2 1 -1 2 0 -2 1 -1 2 0 -2 1 -1 2 0 -2 1 -1 2 0 -2 1 -1 2 0 -2 1 -1 2 0 -2 1 -1 2 0 -2 1 -1 2 0 -2 1 -1 2 0 -2 1 -1 2 0 -2 1 -1 2 0 -2 1 -1 2 0 -2 1 -1 2 0 -2 1 -1 2 0 -2 1 -1 2 0 -2 1 -1 2 0 -2 1 -1 2 0 -2 1 -1 2 0 -2 1 -1 2 0 -2 1 -1 2 0 -2 1 -1 2 0 -2 1 -1 2 0 -2 1 -1 2 0 -2 1 -1 2 0 -2 1 -1 2 0 -2 1 -1 2 0 -2 1 -1 2 0 -2 1 -1 2 0 -2 1 -1 2 0 -2 1 -1 2 0 -2 1 -1 2 0 -2 1 -1 2 0 -2 1 -1 2 0 -2 1 -1 2 0 -2 1 -1 2 0 -2 1 -1 2 0 -2 1 -1 2 0 -2 1 -1 2 0 -2 1 -1 2 0 -2 1 -1 2 0 -2 1 -1 2 0 -2 1 -1 2 0 -2 1 -1 2 0 -2 1 -1 2 0 -2 1 -1 2 0 -2 1 -1 2 0 -2 1 -1 2 0 -2 1 -1 2 0 -2 1 -1 2 0 -2 1 -1 2 0 -2 1 -1 2 0 -2 1 -1 2 0 -2 1 -1 2 0 -2 1 -1 2 0 -2 1 -1 2 0 -2 1 -1 2 0 -2 1 -1 2 0 -2 1 -1 2 0 -2 1 -1 2 0 -2 1 -1 2 0 -2 1 -1 2 0 -2 1 -1 2 0 -2 1 -1 2 0 -2 1 -1 2 0 -2 1 -1 2 0 -2 1 -1 2 0 -2 1 -1 2 0 -2 1 -1 2 0 -2 1 -1 2 0 -2 1 -1 2 0 721 1 -1 2 0 -2 1 -1 2 0 -2 1 -1 2 0 -2 1 -1 2 0 -2 1 -1 2 0 -2 1 -1 2 0 -2 1 -1 2 0 -2 1 -1 2 0 -2 1 -1 2 0 -2 1 -1 2 0 -2 1 -1 2 0 -2 1 -1 2 0 -2 1 -1 2 0 -2 1 -1 2 0 -2 1 -1 2 0 -2 1 -1 2 0 -2 1 -1 2 0 -2 1 -1 2 0 -2 1 -1 2 0
0 -1 -2 2 1 0 -1 -2 2 1 0 -1 -2 2 1 0 -1 -2 2 1 0 -1 -2 2 1 0 -1 -2 2 1 0 -1 -2 2 1 0 -1 -2 2 1 0 -1 -2 2 1 0 -1 -2 2 1 0 -1 -2 2 1 0 -1 -2 2 1 0 -1 -2 2 1 0 -1 -2 2 1 0 -1 -2 2 1 0 -1 -2 2 1 0 -1 -2 2 1 0 -1 -2 2 1 0 -1 -2 2 1 0 -1 -2 2 1 0 -1 -2 2 1 0 -1 -2 2 1 0 -1 -2 2 1 0 -1 -2 2 1 0 -1 -2 2 1 0 -1 -2 2 1 0 -1 -2 2 1 0 -1 -2 2 1 0 -1 -2 2 1 0 -1 -2 2 1 0 -1 -2 2 1 0 -1 -2 2 1 0 -1 -2 2 1 0 -1 -2 2 1 0 -1 -2 2 1 0 -1 -2 2 1 0 -1 -2 2 1 0 -1 -2 2 1 0 -1 -2 2 1 0 -1 -2 2 1 0 -1 -2 2 1 0 -1 -2 2 1 0 -1 -2 2 1 0 -1 -2 2 1 0 -1 -2 2 1 0 -1 -2 2 1 0 -1 -2 2 1 0 -1 -2 2 1 0 -1 -2 2 1 0 -1 -2 2 1 0 -1 -2 2 1 0 -1 -2 2 1 0 -1 -2 2 1 0 -1 -2 2 1 0 -1 -2 2 1 0 -1 -2 2 1 0 -1 -2 2 1 0 -1 -2 2 1 0 -1 -2 2 1 0 -1 -2 2 1 0 -1 -2 2 1 0 -1 -2 2 1 0 -1 -2 2 1 0 -1 -2 2 1 0 -1 -2 2 1 0 -1 -2 2 1 0 -1 -2 2 1 0 -1 -2 2 1 0 -1 -2 2 1 0 -1 -2 2 1 0 -1 -2 2 1 0 -1 -2 2 1 0 -1 -2 2 1 0 -1 -2 2 1 0 -1 -2 2 1 0 -1 -2 2 1 0 -1 -2 2 1 0 -1 -2 2 1 0 -1 -2 2 1 0 -1 -2 2 1 0 -1 -2 2 1 0 -1 -2 2 1 0 -1 -2 2 1 0 -1 -2 2 1 0 -1 -2 2 1 0 -1 -2 2 1 0 -1 -2 2 1 0 -1 -2 2 1 0 -1 -2 2 1 0 -1 -2 2 1 0 -1 -2 2 1 0 -1 -2 2 1 0 -1 -2 2 1 0 -1 -2 2 1 0 -1 -2 2 1 0 -1 -2 2 1 0 -1 -2 2 1 0 -1 -2 2 1 0 -1 -2 2 1 0 -1 -2 2 1 0 -1 -2 2 1 0 722 -2 2 1 0 -1 -2 2 1 0 -1 -2 2 1 0 -1 -2 2 1 0 -1 -2 2 1 0 -1 -2 2 1 0 -1 -2 2 1 0 -1 -2 2 1 0 -1 -2 2 1 0 -1 -2 2 1 0 -1 -2 2 1 0 -1 -2 2 1 0 -1 -2 2 1 0 -1 -2 2 1 0 -1 -2 2 1 0 -1 -2 2 1 0 -1 -2 2 1 0 -1 -2 2 1 0 -1 -2 2 1
2 2 2 2 2 2 2 2 2 2 2 2 2 2 2 2 2 2 2 2 2 2 2 2 2 2 2 2 2 2 2 2 2 2 2 2 2 2 2 2 2 2 2 2 2 2 2 2 2 2 2 2 2 2 2 2 2 2 2 2 2 2 2 2 2 2 2 2 2 2 2 2 2 2 2 2 2 2 2 2 2 2 2 2 2 2 2 2 2 2 2 2 2 2 2 2 2 2 2 2 2 2 2 2 2 2 2 2 2 2 2 2 2 2 2 2 2 2 2 2 2 2 2 2 2 2 2 2 2 2 2 2 2 2 2 2 2 2 2 2 2 2 2 2 2 2 2 2 2 2 2 2 2 2 2 2 2 2 2 2 2 2 2 2 2 2 2 2 2 2 2 2 2 2 2 2 2 2 2 2 2 2 2 2 2 2 2 2 2 2 2 2 2 2 2 2 2 2 2 2 2 2 2 2 2 2 2 2 2 2 2 2 2 2 2 2 2 2 2 2 2 2 2 2 2 2 2 2 2 2 2 2 2 2 2 2 2 2 2 2 2 2 2 2 2 2 2 2 2 2 2 2 2 2 2 2 2 2 2 2 2 2 2 2 2 2 2 2 2 2 2 2 2 2 2 2 2 2 2 2 2 2 2 2 2 2 2 2 2 2 2 2 2 2 2 2 2 2 2 2 2 2 2 2 2 2 2 2 2 2 2 2 2 2 2 2 2 2 2 2 2 2 2 2 2 2 2 2 2 2 2 2 2 2 2 2 2 2 2 2 2 2 2 2 2 2 2 2 2 2 2 2 2 2 2 2 2 2 2 2 2 2 2 2 2 2 2 2 2 2 2 2 2 2 2 2 2 2 2 2 2 2 2 2 2 2 2 2 2 2 2 2 2 2 2 2 2 2 2 2 2 2 2 2 2 2 2 2 2 2 2 2 2 2 2 2 2 2 2 2 2 2 2 2 2 2 2 2 2 2 2 2 2 2 2 2 2 2 2 2 2 2 2 2 2 2 2 2 2 2 2 2 2 2 2 2 2 2 2 2 2 2 2 2 2 2 2 2 2 2 2 2 2 2 2 2 2 2 2 2 2 2 2 2 2 2 2 2 2 2 2 2 2 2 2 2 2 2 2 2 2 2 2 2 2 2 2 1201 2 2 2 2 2 2 2 2 2 2 2 2 2 2 2 2 2 2 2 2 2 2 2 2 2 2 2 2 2 2 2 2 2 2 2 2 2 2 2 2 2 2 2 2 2 2 2 2 2 2 2 2 2 2 2 2 2 2 2 2 2 2 2 2 2 2 2 2 2 2 2 2 2 2 2 2 2 2 2 2 2 2 2 2 2 2 2 2 2 2 2 2
-1 0 1 2 -2 -1 0 1 2 -2 -1 0 1 2 -2 -1 0 1 2 -2 -1 0 1 2 -2 -1 0 1 2 -2 -1 0 1 2 -2 -1 0 1 2 -2 -1 0 1 2 -2 -1 0 1 2 -2 -1 0 1 2 -2 -1 0 1 2 -2 -1 0 1 2 -2 -1 0 1 2 -2 -1 0 1 2 -2 -1 0 1 2 -2 -1 0 1 2 -2 -1 0 1 2 -2 -1 0 1 2 -2 -1 0 1 2 -2 -1 0 1 2 -2 -1 0 1 2 -2 -1 0 1 2 -2 -1 0 1 2 -2 -1 0 1 2 -2 -1 0 1 2 -2 -1 0 1 2 -2 -1 0 1 2 -2 -1 0 1 2 -2 -1 0 1 2 -2 -1 0 1 2 -2 -1 0 1 2 -2 -1 0 1 2 -2 -1 0 1 2 -2 -1 0 1 2 -2 -1 0 1 2 -2 -1 0 1 2 -2 -1 0 1 2 -2 -1 0 1 2 -2 -1 0 1 2 -2 -1 0 1 2 -2 -1 0 1 2 -2 -1 0 1 2 -2 -1 0 1 2 -2 -1 0 1 2 -2 -1 0 1 2 -2 -1 0 1 2 -2 -1 0 1 2 -2 -1 0 1 2 -2 -1 0 1 2 -2 -1 0 1 2 -2 -1 0 1 2 -2 -1 0 1 2 -2 -1 0 1 2 -2 -1 0 1 2 -2 -1 0 1 2 -2 -1 0 1 2 -2 -1 0 1 2 -2 -1 0 1 2 -2 -1 0 1 2 -2 -1 0 1 2 -2 -1 0 1 2 -2 -1 0 1 2 -2 -1 0 1 2 -2 -1 0 1 2 -2 -1 0 1 2 -2 -1 0 1 2 -2 -1 0 1 2 -2 -1 0 1 2 -2 -1 0 1 2 -2 -1 0 1 2 -2 -1 0 1 2 -2 -1 0 1 2 -2 -1 0 1 2 -2 -1 0 1 2 -2 -1 0 1 2 -2 -1 0 1 2 -2 -1 0 1 2 -2 -1 0 1 2 -2 -1 0 1 2 -2 -1 0 1 2 -2 -1 0 1 2 -2 -1 0 1 2 -2 -1 0 1 2 -2 -1 0 1 2 -2 -1 0 1 2 -2 -1 0 1 2 -2 -1 0 1 2 -2 -1 0 1 2 -2 -1 0 1 2 -2 -1 0 1 2 -2 -1 0 1 2 -2 -1 0 1 2 -2 -1 0 1 2 -2 -1 0 1 2 -2 -1 0 1 2 -2 -1 0 1 2 -2 -1 0 1 2 -2 -1 0 1 2 -2 -1 0 1 2 -2 -1 0 1 2 -2 -1 0 1 721 -2 -1 0 1 2 -2 -1 0 1 2 -2 -1 0 1 2 -2 -1 0 1 2 -2 -1 0 1 2 -2 -1 0 1 2 -2 -1 0 1 2 -2 -1 0 1 2 -2 -1 0 1 2 -2 -1 0 1 2 -2 -1 0 1 2 -2 -1 0 1 2 -2 -1 0 1 2 -2 -1 0 1 2 -2 -1 0 1 2 -2 -1 0 1 2 -2 -1 0 1 2 -2 -1 0 1 2 -2
1 -2 0 2 -1 1 -2 0 2 -1 1 -2 0 2 -1 1 -2 0 2 -1 1 -2 0 2 -1 1 -2 0 2 -1 1 -2 0 2 -1 1 -2 0 2 -1 1 -2 0 2 -1 1 -2 0 2 -1 1 -2 0 2 -1 1 -2 0 2 -1 1 -2 0 2 -1 1 -2 0 2 -1 1 -2 0 2 -1 1 -2 0 2 -1 1 -2 0 2 -1 1 -2 0 2 -1 1 -2 0 2 -1 1 -2 0 2 -1 1 -2 0 2 -1 1 -2 0 2 -1 1 -2 0 2 -1 1 -2 0 2 -1 1 -2 0 2 -1 1 -2 0 2 -1 1 -2 0 2 -1 1 -2 0 2 -1 1 -2 0 2 -1 1 -2 0 2 -1 1 -2 0 2 -1 1 -2 0 2 -1 1 -2 0 2 -1 1 -2 0 2 -1 1 -2 0 2 -1 1 -2 0 2 -1 1 -2 0 2 -1 1 -2 0 2 -1 1 -2 0 2 -1 1 -2 0 2 -1 1 -2 0 2 -1 1 -2 0 2 -1 1 -2 0 2 -1 1 -2 0 2 -1 1 -2 0 2 -1 1 -2 0 2 -1 1 -2 0 2 -1 1 -2 0 2 -1 1 -2 0 2 -1 1 -2 0 2 -1 1 -2 0 2 -1 1 -2 0 2 -1 1 -2 0 2 -1 1 -2 0 2 -1 1 -2 0 2 -1 1 -2 0 2 -1 1 -2 0 2 -1 1 -2 0 2 -1 1 -2 0 2 -1 1 -2 0 2 -1 1 -2 0 2 -1 1 -2 0 2 -1 1 -2 0 2 -1 1 -2 0 2 -1 1 -2 0 2 -1 1 -2 0 2 -1 1 -2 0 2 -1 1 -2 0 2 -1 1 -2 0 2 -1 1 -2 0 2 -1 1 -2 0 2 -1 1 -2 0 2 -1 1 -2 0 2 -1 1 -2 0 2 -1 1 -2 0 2 -1 1 -2 0 2 -1 1 -2 0 2 -1 1 -2 0 2 -1 1 -2 0 2 -1 1 -2 0 2 -1 1 -2 0 2 -1 1 -2 0 2 -1 1 -2 0 2 -1 1 -2 0 2 -1 1 -2 0 2 -1 1 -2 0 2 -1 1 -2 0 2 -1 1 -2 0 2 -1 1 -2 0 2 -1 1 -2 0 2 -1 1 -2 0 2 -1 1 -2 0 2 -1 1 -2 0 2 -1 1 -2 0 2 -1 1 -2 0 2 -1 1 -2 0 2 -1 1 -2 0 2 -1 1 -2 0 2 -1 1 -2 0 2 -1 1 -2 0 2 -1 1 -2 0 2 -1 1 -2 0 2 722 1 -2 0 2 -1 1 -2 0 2 -1 1 -2 0 2 -1 1 -2 0 2 -1 1 -2 0 2 -1 1 -2 0 2 -1 1 -2 0 2 -1 1 -2 0 2 -1 1 -2 0 2 -1 1 -2 0 2 -1 1 -2 0 2 -1 1 -2 0 2 -1 1 -2 0 2 -1 1 -2 0 2 -1 1 -2 0 2 -1 1 -2 0 2 -1 1 -2 0 2 -1 1 -2 0 2 -1
-2 1 -1 2 0 -2 1 -1 2 0 -2 1 -1 2 0 -2 1 -1 2 0 -2 1 -1 2 0 -2 1 -1 2 0 -2 1 -1 2 0 -2 1 -1 2 0 -2 1 -1 2 0 -2 1 -1 2 0 -2 1 -1 2 0 -2 1 -1 2 0 -2 1 -1 2 0 -2 1 -1 2 0 -2 1 -1 2 0 -2 1 -1 2 0 -2 1 -1 2 0 -2 1 -1 2 0 -2 1 -1 2 0 -2 1 -1 2 0 -2 1 -1 2 0 -2 1 -1 2 0 -2 1 -1 2 0 -2 1 -1 2 0 -2 1 -1 2 0 -2 1 -1 2 0 -2 1 -1 2 0 -2 1 -1 2 0 -2 1 -1 2 0 -2 1 -1 2 0 -2 1 -1 2 0 -2 1 -1 2 0 -2 1 -1 2 0 -2 1 -1 2 0 -2 1 -1 2 0 -2 1 -1 2 0 -2 1 -1 2 0 -2 1 -1 2 0 -2 1 -1 2 0 -2 1 -1 2 0 -2 1 -1 2 0 -2 1 -1 2 0 -2 1 -1 2 0 -2 1 -1 2 0 -2 1 -1 2 0 -2 1 -1 2 0 -2 1 -1 2 0 -2 1 -1 2 0 -2 1 -1 2 0 -2 1 -1 2 0 -2 1 -1 2 0 -2 1 -1 2 0 -2 1 -1 2 0 -2 1 -1 2 0 -2 1 -1 2 0 -2 1 -1 2 0 -2 1 -1 2 0 -2 1 -1 2 0 -2 1 -1 2 0 -2 1 -1 2 0 -2 1 -1 2 0 -2 1 -1 2 0 -2 1 -1 2 0 -2 1 -1 2 0 -2 1 -1 2 0 -2 1 -1 2 0 -2 1 -1 2 0 -2 1 -1 2 0 -2 1 -1 2 0 -2 1 -1 2 0 -2 1 -1 2 0 -2 1 -1 2 0 -2 1 -1 2 0 -2 1 -1 2 0 -2 1 -1 2 0 -2 1 -1 2 0 -2 1 -1 2 0 -2 1 -1 2 0 -2 1 -1 2 0 -2 1 -1 2 0 -2 1 -1 2 0 -2 1 -1 2 0 -2 1 -1 2 0 -2 1 -1 2 0 -2 1 -1 2 0 -2 1 -1 2 0 -2 1 -1 2 0 -2 1 -1 2 0 -2 1 -1 2 0 -2 1 -1 2 0 -2 1 -1 2 0 -2 1 -1 2 0 -2 1 -1 2 0 -2 1 -1 2 0 -2 1 -1 2 0 -2 1 -1 2 0 -2 1 -1 2 0 -2 1 -1 2 0 -2 1 -1 2 0 -2 1 -1 2 0 -2 1 -1 2 0 -2 1 -1 2 0 721 1 -1 2 0 -2 1 -1 2 0 -2 1 -1 2 0 -2 1 -1 2 0 -2 1 -1 2 0 -2 1 -1 2 0 -2 1 -1 2 0 -2 1 -1 2 0 -2 1 -1 2 0 -2 1 -1 2 0 -2 1 -1 2 0 -2 1 -1 2 0 -2 1 -1 2 0 -2 1 -1 2 0 -2 1 -1 2 0 -2 1 -1 2 0 -2 1 -1 2 0 -2 1 -1 2 0
0 -1 -2 2 1 0 -1 -2 2 1 0 -1 -2 2 1 0 -1 -2 2 1 0 -1 -2 2 1 0 -1 -2 2 1 0 -1 -2 2 1 0 -1 -2 2 1 0 -1 -2 2 1 0 -1 -2 2 1 0 -1 -2 2 1 0 -1 -2 2 1 0 -1 -2 2 1 0 -1 -2 2 1 0 -1 -2 2 1 0 -1 -2 2 1 0 -1 -2 2 1 0 -1 -2 2 1 0 -1 -2 2 1 0 -1 -2 2 1 0 -1 -2 2 1 0 -1 -2 2 1 0 -1 -2 2 1 0 -1 -2 2 1 0 -1 -2 2 1 0 -1 -2 2 1 0 -1 -2 2 1 0 -1 -2 2 1 0 -1 -2 2 1 0 -1 -2 2 1 0 -1 -2 2 1 0 -1 -2 2 1 0 -1 -2 2 1 0 -1 -2 2 1 0 -1 -2 2 1 0 -1 -2 2 1 0 -1 -2 2 1 0 -1 -2 2 1 0 -1 -2 2 1 0 -1 -2 2 1 0 -1 -2 2 1 0 -1 -2 2 1 0 -1 -2 2 1 0 -1 -2 2 1 0 -1 -2 2 1 0 -1 -2 2 1 0 -1 -2 2 1 0 -1 -2 2 1 0 -1 -2 2 1 0 -1 -2 2 1 0 -1 -2 2 1 0 -1 -2 2 1 0 -1 -2 2 1 0 -1 -2 2 1 0 -1 -2 2 1 0 -1 -2 2 1 0 -1 -2 2 1 0 -1 -2 2 1 0 -1 -2 2 1 0 -1 -2 2 1 0 -1 -2 2 1 0 -1 -2 2 1 0 -1 -2 2 1 0 -1 -2 2 1 0 -1 -2 2 1 0 -1 -2 2 1 0 -1 -2 2 1 0 -1 -2 2 1 0 -1 -2 2 1 0 -1 -2 2 1 0 -1 -2 2 1 0 -1 -2 2 1 0 -1 -2 2 1 0 -1 -2 2 1 0 -1 -2 2 1 0 -1 -2 2 1 0 -1 -2 2 1 0 -1 -2 2 1 0 -1 -2 2 1 0 -1 -2 2 1 0 -1 -2 2 1 0 -1 -2 2 1 0 -1 -2 2 1 0 -1 -2 2 1 0 -1 -2 2 1 0 -1 -2 2 1 0 -1 -2 2 1 0 -1 -2 2 1 0 -1 -2 2 1 0 -1 -2 2 1 0 -1 -2 2 1 0 -1 -2 2 1 0 -1 -2 2 1 0 -1 -2 2 1 0 -1 -2 2 1 0 -1 -2 2 1 0 -1 -2 2 1 0 -1 -2 2 1 0 -1 -2 2 1 0 -1 -2 2 1 0 -1 -2 2 1 0 -1 -2 2 1 0 722 -2 2 1 0 -1 -2 2 1 0 -1 -2 2 1 0 -1 -2 2 1 0 -1 -2 2 1 0 -1 -2 2 1 0 -1 -2 2 1 0 -1 -2 2 1 0 -1 -2 2 1 0 -1 -2 2 1 0 -1 -2 2 1 0 -1 -2 2 1 0 -1 -2 2 1 0 -1 -2 2 1 0 -1 -2 2 1 0 -1 -2 2 1 0 -1 -2 2 1 0 -1 -2 2 1
2 2 2 2 2 2 2 2 2 2 2 2 2 2 2 2 2 2 2 2 2 2 2 2 2 2 2 2 2 2 2 2 2 2 2 2 2 2 2 2 2 2 2 2 2 2 2 2 2 2 2 2 2 2 2 2 2 2 2 2 2 2 2 2 2 2 2 2 2 2 2 2 2 2 2 2 2 2 2 2 2 2 2 2 2 2 2 2 2 2 2 2 2 2 2 2 2 2 2 2 2 2 2 2 2 2 2 2 2 2 2 2 2 2 2 2 2 2 2 2 2 2 2 2 2 2 2 2 2 2 2 2 2 2 2 2 2 2 2 2 2 2 2 2 2 2 2 2 2 2 2 2 2 2 2 2 2 2 2 2 2 2 2 2 2 2 2 2 2 2 2 2 2 2 2 2 2 2 2 2 2 2 2 2 2 2 2 2 2 2 2 2 2 2 2 2 2 2 2 2 2 2 2 2 2 2 2 2 2 2 2 2 2 2 2 2 2 2 2 2 2 2 2 2 2 2 2 2 2 2 2 2 2 2 2 2 2 2 2 2 2 2 2 2 2 2 2 2 2 2 2 2 2 2 2 2 2 2 2 2 2 2 2 2 2 2 2 2 2 2 2 2 2 2 2 2 2 2 2 2 2 2 2 2 2 2 2 2 2 2 2 2 2 2 2 2 2 2 2 2 2 2 2 2 2 2 2 2 2 2 2 2 2 2 2 2 2 2 2 2 2 2 2 2 2 2 2 2 2 2 2 2 2 2 2 2 2 2 2 2 2 2 2 2 2 2 2 2 2 2 2 2 2 2 2 2 2 2 2 2 2 2 2 2 2 2 2 2 2 2 2 2 2 2 2 2 2 2 2 2 2 2 2 2 2 2 2 2 2 2 2 2 2 2 2 2 2 2 2 2 2 2 2 2 2 2 2 2 2 2 2 2 2 2 2 2 2 2 2 2 2 2 2 2 2 2 2 2 2 2 2 2 2 2 2 2 2 2 2 2 2 2 2 2 2 2 2 2 2 2 2 2 2 2 2 2 2 2 2 2 2 2 2 2 2 2 2 2 2 2 2 2 2 2 2 2 2 2 2 2 2 2 2 2 2 2 2 2 2 2 2 2 2 2 2 2 2 2 2 2 2 2 2 2 2 2 2 2 2 2 2 2 1201 2 2 2 2 2 2 2 2 2 2 2 2 2 2 2 2 2 2 2 2 2 2 2 2 2 2 2 2 2 2 2 2 2 2 2 2 2 2 2 2 2 2 2 2 2 2 2 2 2 2 2 2 2 2 2 2 2 2 2 2 2 2 2 2 2 2 2 2 2 2 2 2 2 2 2 2 2 2 2 2 2 2 2 2 2 2 2
-1 0 1 2 -2 -1 0 1 2 -2 -1 0 1 2 -2 -1 0 1 2 -2 -1 0 1 2 -2 -1 0 1 2 -2 -1 0 1 2 -2 -1 0 1 2 -2 -1 0 1 2 -2 -1 0 1 2 -2 -1 0 1 2 -2 -1 0 1 2 -2 -1 0 1 2 -2 -1 0 1 2 -2 -1 0 1 2 -2 -1 0 1 2 -2 -1 0 1 2 -2 -1 0 1 2 -2 -1 0 1 2 -2 -1 0 1 2 -2 -1 0 1 2 -2 -1 0 1 2 -2 -1 0 1 2 -2 -1 0 1 2 -2 -1 0 1 2 -2 -1 0 1 2 -2 -1 0 1 2 -2 -1 0 1 2 -2 -1 0 1 2 -2 -1 0 1 2 -2 -1 0 1 2 -2 -1 0 1 2 -2 -1 0 1 2 -2 -1 0 1 2 -2 -1 0 1 2 -2 -1 0 1 2 -2 -1 0 1 2 -2 -1 0 1 2 -2 -1 0 1 2 -2 -1 0 1 2 -2 -1 0 1 2 -2 -1 0 1 2 -2 -1 0 1 2 -2 -1 0 1 2 -2 -1 0 1 2 -2 -1 0 1 2 -2 -1 0 1 2 -2 -1 0 1 2 -2 -1 0 1 2 -2 -1 0 1 2 -2 -1 0 1 2 -2 -1 0 1 2 -2 -1 0 1 2 -2 -1 0 1 2 -2 -1 0 1 2 -2 -1 0 1 2 -2 -1 0 1 2 -2 -1 0 1 2 -2 -1 0 1 2 -2 -1 0 1 2 -2 -1 0 1 2 -2 -1 0 1 2 -2 -1 0 1 2 -2 -1 0 1 2 -2 -1 0 1 2 -2 -1 0 1 2 -2 -1 0 1 2 -2 -1 0 1 2 -2 -1 0 1 2 -2 -1 0 1 2 -2 -1 0 1 2 -2 -1 0 1 2 -2 -1 0 1 2 -2 -1 0 1 2 -2 -1 0 1 2 -2 -1 0 1 2 -2 -1 0 1 2 -2 -1 0 1 2 -2 -1 0 1 2 -2 -1 0 1 2 -2 -1 0 1 2 -2 -1 0 1 2 -2 -1 0 1 2 -2 -1 0 1 2 -2 -1 0 1 2 -2 -1 0 1 2 -2 -1 0 1 2 -2 -1 0 1 2 -2 -1 0 1 2 -2 -1 0 1 2 -2 -1 0 1 2 -2 -1 0 1 2 -2 -1 0 1 2 -2 -1 0 1 2 -2 -1 0 1 2 -2 -1 0 1 2 -2 -1 0 1 2 -2 -1 0 1 2 -2 -1 0 1 2 -2 -1 0 1 2 -2 -1 0 1 2 -2 -1 0 1 2 -2 -1 0 1 721 -2 -1 0 1 2 -2 -1 0 1 2 -2 -1 0 1 2 -2 -1 0 1 2 -2 -1 0 1 2 -2 -1 0 1 2 -2 -1 0 1 2 -2 -1 0 1 2 -2 -1 0 1 2 -2 -1 0 1 2 -2 -1 0 1 2 -2 -1 0 1 2 -2 -1 0 1 2 -2 -1 0 1 2 -2 -1 0 1 2 -2 -1 0 1 2 -2 -1 0 1 2 -2
1 -2 0 2 -1 1 -2 0 2 -1 1 -2 0 2 -1 1 -2 0 2 -1 1 -2 0 2 -1 1 -2 0 2 -1 1 -2 0 2 -1 1 -2 0 2 -1 1 -2 0 2 -1 1 -2 0 2 -1 1 -2 0 2 -1 1 -2 0 2 -1 1 -2 0 2 -1 1 -2 0 2 -1 1 -2 0 2 -1 1 -2 0 2 -1 1 -2 0 2 -1 1 -2 0 2 -1 1 -2 0 2 -1 1 -2 0 2 -1 1 -2 0 2 -1 1 -2 0 2 -1 1 -2 0 2 -1 1 -2 0 2 -1 1 -2 0 2 -1 1 -2 0 2 -1 1 -2 0 2 -1 1 -2 0 2 -1 1 -2 0 2 -1 1 -2 0 2 -1 1 -2 0 2 -1 1 -2 0 2 -1 1 -2 0 2 -1 1 -2 0 2 -1 1 -2 0 2 -1 1 -2 0 2 -1 1 -2 0 2 -1 1 -2 0 2 -1 1 -2 0 2 -1 1 -2 0 2 -1 1 -2 0 2 -1 1 -2 0 2 -1 1 -2 0 2 -1 1 -2 0 2 -1 1 -2 0 2 -1 1 -2 0 2 -1 1 -2 0 2 -1 1 -2 0 2 -1 1 -2 0 2 -1 1 -2 0 2 -1 1 -2 0 2 -1 1 -2 0 2 -1 1 -2 0 2 -1 1 -2 0 2 -1 1 -2 0 2 -1 1 -2 0 2 -1 1 -2 0 2 -1 1 -2 0 2 -1 1 -2 0 2 -1 1 -2 0 2 -1 1 -2 0 2 -1 1 -2 0 2 -1 1 -2 0 2 -1 1 -2 0 2 -1 1 -2 0 2 -1 1 -2 0 2 -1 1 -2 0 2 -1 1 -2 0 2 -1 1 -2 0 2 -1 1 -2 0 2 -1 1 -2 0 2 -1 1 -2 0 2 -1 1 -2 0 2 -1 1 -2 0 2 -1 1 -2 0 2 -1 1 -2 0 2 -1 1 -2 0 2 -1 1 -2 0 2 -1 1 -2 0 2 -1 1 -2 0 2 -1 1 -2 0 2 -1 1 -2 0 2 -1 1 -2 0 2 -1 1 -2 0 2 -1 1 -2 0 2 -1 1 -2 0 2 -1 1 -2 0 2 -1 1 -2 0 2 -1 1 -2 0 2 -1 1 -2 0 2 -1 1 -2 0 2 -1 1 -2 0 2 -1 1 -2 0 2 -1 1 -2 0 2 -1 1 -2 0 2 -1 1 -2 0 2 -1 1 -2 0 2 -1 1 -2 0 2 -1 1 -2 0 2 -1 1 -2 0 2 -1 1 -2 0 2 -1 1 -2 0 2 -1 1 -2 0 2 722 1 -2 0 2 -1 1 -2 0 2 -1 1 -2 0 2 -1 1 -2 0 2 -1 1 -2 0 2 -1 1 -2 0 2 -1 1 -2 0 2 -1 1 -2 0 2 -1 1 -2 0 2 -1 1 -2 0 2 -1 1 -2 0 2 -1 1 -2 0 2 -1 1 -2 0 2 -1 1 -2 0 2 -1 1 -2 0 2 -1 1 -2 0 2 -1 1 -2 0 2 -1
-2 1 -1 2 0 -2 1 -1 2 0 -2 1 -1 2 0 -2 1 -1 2 0 -2 1 -1 2 0 -2 1 -1 2 0 -2 1 -1 2 0 -2 1 -1 2 0 -2 1 -1 2 0 -2 1 -1 2 0 -2 1 -1 2 0 -2 1 -1 2 0 -2 1 -1 2 0 -2 1 -1 2 0 -2 1 -1 2 0 -2 1 -1 2 0 -2 1 -1 2 0 -2 1 -1 2 0 -2 1 -1 2 0 -2 1 -1 2 0 -2 1 -1 2 0 -2 1 -1 2 0 -2 1 -1 2 0 -2 1 -1 2 0 -2 1 -1 2 0 -2 1 -1 2 0 -2 1 -1 2 0 -2 1 -1 2 0 -2 1 -1 2 0 -2 1 -1 2 0 -2 1 -1 2 0 -2 1 -1 2 0 -2 1 -1 2 0 -2 1 -1 2 0 -2 1 -1 2 0 -2 1 -1 2 0 -2 1 -1 2 0 -2 1 -1 2 0 -2 1 -1 2 0 -2 1 -1 2 0 -2 1 -1 2 0 -2 1 -1 2 0 -2 1 -1 2 0 -2 1 -1 2 0 -2 1 -1 2 0 -2 1 -1 2 0 -2 1 -1 2 0 -2 1 -1 2 0 -2 1 -1 2 0 -2 1 -1 2 0 -2 1 -1 2 0 -2 1 -1 2 0 -2 1 -1 2 0 -2 1 -1 2 0 -2 1 -1 2 0 -2 1 -1 2 0 -2 1 -1 2 0 -2 1 -1 2 0 -2 1 -1 2 0 -2 1 -1 2 0 -2 1 -1 2 0 -2 1 -1 2 0 -2 1 -1 2 0 -2 1 -1 2 0 -2 1 -1 2 0 -2 1 -1 2 0 -2 1 -1 2 0 -2 1 -1 2 0 -2 1 -1 2 0 -2 1 -1 2 0 -2 1 -1 2 0 -2 1 -1 2 0 -2 1 -1 2 0 -2 1 -1 2 0 -2 1 -1 2 0 -2 1 -1 2 0 -2 1 -1 2 0 -2 1 -1 2 0 -2 1 -1 2 0 -2 1 -1 2 0 -2 1 -1 2 0 -2 1 -1 2 0 -2 1 -1 2 0 -2 1 -1 2 0 -2 1 -1 2 0 -2 1 -1 2 0 -2 1 -1 2 0 -2 1 -1 2 0 -2 1 -1 2 0 -2 1 -1 2 0 -2 1 -1 2 0 -2 1 -1 2 0 -2 1 -1 2 0 -2 1 -1 2 0 -2 1 -1 2 0 -2 1 -1 2 0 -2 1 -1 2 0 -2 1 -1 2 0 -2 1 -1 2 0 -2 1 -1 2 0 -2 1 -1 2 0 -2 1 -1 2 0 -2 1 -1 2 0 721 1 -1 2 0 -2 1 -1 2 0 -2 1 -1 2 0 -2 1 -1 2 0 -2 1 -1 2 0 -2 1 -1 2 0 -2 1 -1 2 0 -2 1 -1 2 0 -2 1 -1 2 0 -2 1 -1 2 0 -2 1 -1 2 0 -2 1 -1 2 0 -2 1 -1 2 0 -2 1 -1 2 0 -2 1 -1 2 0 -2 1 -1 2 0 -2 1 -1 2 0
0 -1 -2 2 1 0 -1 -2 2 1 0 -1 -2 2 1 0 -1 -2 2 1 0 -1 -2 2 1 0 -1 -2 2 1 0 -1 -2 2 1 0 -1 -2 2 1 0 -1 -2 2 1 0 -1 -2 2 1 0 -1 -2 2 1 0 -1 -2 2 1 0 -1 -2 2 1 0 -1 -2 2 1 0 -1 -2 2 1 0 -1 -2 2 1 0 -1 -2 2 1 0 -1 -2 2 1 0 -1 -2 2 1 0 -1 -2 2 1 0 -1 -2 2 1 0 -1 -2 2 1 0 -1 -2 2 1 0 -1 -2 2 1 0 -1 -2 2 1 0 -1 -2 2 1 0 -1 -2 2 1 0 -1 -2 2 1 0 -1 -2 2 1 0 -1 -2 2 1 0 -1 -2 2 1 0 -1 -2 2 1 0 -1 -2 2 1 0 -1 -2 2 1 0 -1 -2 2 1 0 -1 -2 2 1 0 -1 -2 2 1 0 -1 -2 2 1 0 -1 -2 2 1 0 -1 -2 2 1 0 -1 -2 2 1 0 -1 -2 2 1 0 -1 -2 2 1 0 -1 -2 2 1 0 -1 -2 2 1 0 -1 -2 2 1 0 -1 -2 2 1 0 -1 -2 2 1 0 -1 -2 2 1 0 -1 -2 2 1 0 -1 -2 2 1 0 -1 -2 2 1 0 -1 -2 2 1 0 -1 -2 2 1 0 -1 -2 2 1 0 -1 -2 2 1 0 -1 -2 2 1 0 -1 -2 2 1 0 -1 -2 2 1 0 -1 -2 2 1 0 -1 -2 2 1 0 -1 -2 2 1 0 -1 -2 2 1 0 -1 -2 2 1 0 -1 -2 2 1 0 -1 -2 2 1 0 -1 -2 2 1 0 -1 -2 2 1 0 -1 -2 2 1 0 -1 -2 2 1 0 -1 -2 2 1 0 -1 -2 2 1 0 -1 -2 2 1 0 -1 -2 2 1 0 -1 -2 2 1 0 -1 -2 2 1 0 -1 -2 2 1 0 -1 -2 2 1 0 -1 -2 2 1 0 -1 -2 2 1 0 -1 -2 2 1 0 -1 -2 2 1 0 -1 -2 2 1 0 -1 -2 2 1 0 -1 -2 2 1 0 -1 -2 2 1 0 -1 -2 2 1 0 -1 -2 2 1 0 -1 -2 2 1 0 -1 -2 2 1 0 -1 -2 2 1 0 -1 -2 2 1 0 -1 -2 2 1 0 -1 -2 2 1 0 -1 -2 2 1 0 -1 -2 2 1 0 -1 -2 2 1 0 -1 -2 2 1 0 -1 -2 2 1 0 -1 -2 2 1 0 -1 -2 2 1 0 -1 -2 2 1 0 -1 -2 2 1 0 722 -2 2 1 0 -1 -2 2 1 0 -1 -2 2 1 0 -1 -2 2 1 0 -1 -2 2 1 0 -1 -2 2 1 0 -1 -2 2 1 0 -1 -2 2 1 0 -1 -2 2 1 0 -1 -2 2 1 0 -1 -2 2 1 0 -1 -2 2 1 0 -1 -2 2 1 0 -1 -2 2 1 0 -1 -2 2 1 0 -1 -2 2 1 0 -1 -2 2 1
2 2 2 2 2 2 2 2 2 2 2 2 2 2 2 2 2 2 2 2 2 2 2 2 2 2 2 2 2 2 2 2 2 2 2 2 2 2 2 2 2 2 2 2 2 2 2 2 2 2 2 2 2 2 2 2 2 2 2 2 2 2 2 2 2 2 2 2 2 2 2 2 2 2 2 2 2 2 2 2 2 2 2 2 2 2 2 2 2 2 2 2 2 2 2 2 2 2 2 2 2 2 2 2 2 2 2 2 2 2 2 2 2 2 2 2 2 2 2 2 2 2 2 2 2 2 2 2 2 2 2 2 2 2 2 2 2 2 2 2 2 2 2 2 2 2 2 2 2 2 2 2 2 2 2 2 2 2 2 2 2 2 2 2 2 2 2 2 2 2 2 2 2 2 2 2 2 2 2 2 2 2 2 2 2 2 2 2 2 2 2 2 2 2 2 2 2 2 2 2 2 2 2 2 2 2 2 2 2 2 2 2 2 2 2 2 2 2 2 2 2 2 2 2 2 2 2 2 2 2 2 2 2 2 2 2 2 2 2 2 2 2 2 2 2 2 2 2 2 2 2 2 2 2 2 2 2 2 2 2 2 2 2 2 2 2 2 2 2 2 2 2 2 2 2 2 2 2 2 2 2 2 2 2 2 2 2 2 2 2 2 2 2 2 2 2 2 2 2 2 2 2 2 2 2 2 2 2 2 2 2 2 2 2 2 2 2 2 2 2 2 2 2 2 2 2 2 2 2 2 2 2 2 2 2 2 2 2 2 2 2 2 2 2 2 2 2 2 2 2 2 2 2 2 2 2 2 2 2 2 2 2 2 2 2 2 2 2 2 2 2 2 2 2 2 2 2 2 2 2 2 2 2 2 2 2 2 2 2 2 2 2 2 2 2 2 2 2 2 2 2 2 2 2 2 2 2 2 2 2 2 2 2 2 2 2 2 2 2 2 2 2 2 2 2 2 2 2 2 2 2 2 2 2 2 2 2 2 2 2 2 2 2 2 2 2 2 2 2 2 2 2 2 2 2 2 2 2 2 2 2 2 2 2 2 2 2 2 2 2 2 2 2 2 2 2 2 2 2 2 2 2 2 2 2 2 2 2 2 2 2 2 2 2 2 2 2 2 2 2 2 2 2 2 2 2 2 2 2 2 2 2 2 2 2 2 2 1201 2 2 2 2 2 2 2 2 2 2 2 2 2 2 2 2 2 2 2 2 2 2 2 2 2 2 2 2 2 2 2 2 2 2 2 2 2 2 2 2 2 2 2 2 2 2 2 2 2 2 2 2 2 2 2 2 2 2 2 2 2 2 2 2 2 2 2 2 2 2 2 2 2 2 2 2 2 2 2 2 2 2
-1 0 1 2 -2 -1 0 1 2 -2 -1 0 1 2 -2 -1 0 1 2 -2 -1 0 1 2 -2 -1 0 1 2 -2 -1 0 1 2 -2 -1 0 1 2 -2 -1 0 1 2 -2 -1 0 1 2 -2 -1 0 1 2 -2 -1 0 1 2 -2 -1 0 1 2 -2 -1 0 1 2 -2 -1 0 1 2 -2 -1 0 1 2 -2 -1 0 1 2 -2 -1 0 1 2 -2 -1 0 1 2 -2 -1 0 1 2 -2 -1 0 1 2 -2 -1 0 1 2 -2 -1 0 1 2 -2 -1 0 1 2 -2 -1 0 1 2 -2 -1 0 1 2 -2 -1 0 1 2 -2 -1 0 1 2 -2 -1 0 1 2 -2 -1 0 1 2 -2 -1 0 1 2 -2 -1 0 1 2 -2 -1 0 1 2 -2 -1 0 1 2 -2 -1 0 1 2 -2 -1 0 1 2 -2 -1 0 1 2 -2 -1 0 1 2 -2 -1 0 1 2 -2 -1 0 1 2 -2 -1 0 1 2 -2 -1 0 1 2 -2 -1 0 1 2 -2 -1 0 1 2 -2 -1 0 1 2 -2 -1 0 1 2 -2 -1 0 1 2 -2 -1 0 1 2 -2 -1 0 1 2 -2 -1 0 1 2 -2 -1 0 1 2 -2 -1 0 1 2 -2 -1 0 1 2 -2 -1 0 1 2 -2 -1 0 1 2 -2 -1 0 1 2 -2 -1 0 1 2 -2 -1 0 1 2 -2 -1 0 1 2 -2 -1 0 1 2 -2 -1 0 1 2 -2 -1 0 1 2 -2 -1 0 1 2 -2 -1 0 1 2 -2 -1 0 1 2 -2 -1 0 1 2 -2 -1 0 1 2 -2 -1 0 1 2 -2 -1 0 1 2 -2 -1 0 1 2 -2 -1 0 1 2 -2 -1 0 1 2 -2 -1 0 1 2 -2 -1 0 1 2 -2 -1 0 1 2 -2 -1 0 1 2 -2 -1 0 1 2 -2 -1 0 1 2 -2 -1 0 1 2 -2 -1 0 1 2 -2 -1 0 1 2 -2 -1 0 1 2 -2 -1 0 1 2 -2 -1 0 1 2 -2 -1 0 1 2 -2 -1 0 1 2 -2 -1 0 1 2 -2 -1 0 1 2 -2 -1 0 1 2 -2 -1 0 1 2 -2 -1 0 1 2 -2 -1 0 1 2 -2 -1 0 1 2 -2 -1 0 1 2 -2 -1 0 1 2 -2 -1 0 1 2 -2 -1 0 1 2 -2 -1 0 1 2 -2 -1 0 1 2 -2 -1 0 1 2 -2 -1 0 1 2 -2 -1 0 1 2 -2 -1 0 1 2 -2 -1 0 1 721 -2 -1 0 1 2 -2 -1 0 1 2 -2 -1 0 1 2 -2 -1 0 1 2 -2 -1 0 1 2 -2 -1 0 1 2 -2 -1 0 1 2 -2 -1 0 1 2 -2 -1 0 1 2 -2 -1 0 1 2 -2 -1 0 1 2 -2 -1 0 1 2 -2 -1 0 1 2 -2 -1 0 1 2 -2 -1 0 1 2 -2 -1 0 1 2 -2
1 -2 0 2 -1 1 -2 0 2 -1 1 -2 0 2 -1 1 -2 0 2 -1 1 -2 0 2 -1 1 -2 0 2 -1 1 -2 0 2 -1 1 -2 0 2 -1 1 -2 0 2 -1 1 -2 0 2 -1 1 -2 0 2 -1 1 -2 0 2 -1 1 -2 0 2 -1 1 -2 0 2 -1 1 -2 0 2 -1 1 -2 0 2 -1 1 -2 0 2 -1 1 -2 0 2 -1 1 -2 0 2 -1 1 -2 0 2 -1 1 -2 0 2 -1 1 -2 0 2 -1 1 -2 0 2 -1 1 -2 0 2 -1 1 -2 0 2 -1 1 -2 0 2 -1 1 -2 0 2 -1 1 -2 0 2 -1 1 -2 0 2 -1 1 -2 0 2 -1 1 -2 0 2 -1 1 -2 0 2 -1 1 -2 0 2 -1 1 -2 0 2 -1 1 -2 0 2 -1 1 -2 0 2 -1 1 -2 0 2 -1 1 -2 0 2 -1 1 -2 0 2 -1 1 -2 0 2 -1 1 -2 0 2 -1 1 -2 0 2 -1 1 -2 0 2 -1 1 -2 0 2 -1 1 -2 0 2 -1 1 -2 0 2 -1 1 -2 0 2 -1 1 -2 0 2 -1 1 -2 0 2 -1 1 -2 0 2 -1 1 -2 0 2 -1 1 -2 0 2 -1 1 -2 0 2 -1 1 -2 0 2 -1 1 -2 0 2 -1 1 -2 0 2 -1 1 -2 0 2 -1 1 -2 0 2 -1 1 -2 0 2 -1 1 -2 0 2 -1 1 -2 0 2 -1 1 -2 0 2 -1 1 -2 0 2 -1 1 -2 0 2 -1 1 -2 0 2 -1 1 -2 0 2 -1 1 -2 0 2 -1 1 -2 0 2 -1 1 -2 0 2 -1 1 -2 0 2 -1 1 -2 0 2 -1 1 -2 0 2 -1 1 -2 0 2 -1 1 -2 0 2 -1 1 -2 0 2 -1 1 -2 0 2 -1 1 -2 0 2 -1 1 -2 0 2 -1 1 -2 0 2 -1 1 -2 0 2 -1 1 -2 0 2 -1 1 -2 0 2 -1 1 -2 0 2 -1 1 -2 0 2 -1 1 -2 0 2 -1 1 -2 0 2 -1 1 -2 0 2 -1 1 -2 0 2 -1 1 -2 0 2 -1 1 -2 0 2 -1 1 -2 0 2 -1 1 -2 0 2 -1 1 -2 0 2 -1 1 -2 0 2 -1 1 -2 0 2 -1 1 -2 0 2 -1 1 -2 0 2 -1 1 -2 0 2 -1 1 -2 0 2 -1 1 -2 0 2 -1 1 -2 0 2 -1 1 -2 0 2 -1 1 -2 0 2 -1 1 -2 0 2 722 1 -2 0 2 -1 1 -2 0 2 -1 1 -2 0 2 -1 1 -2 0 2 -1 1 -2 0 2 -1 1 -2 0 2 -1 1 -2 0 2 -1 1 -2 0 2 -1 1 -2 0 2 -1 1 -2 0 2 -1 1 -2 0 2 -1 1 -2 0 2 -1 1 -2 0 2 -1 1 -2 0 2 -1 1 -2 0 2 -1 1 -2 0 2 -1
-2 1 -1 2 0 -2 1 -1 2 0 -2 1 -1 2 0 -2 1 -1 2 0 -2 1 -1 2 0 -2 1 -1 2 0 -2 1 -1 2 0 -2 1 -1 2 0 -2 1 -1 2 0 -2 1 -1 2 0 -2 1 -1 2 0 -2 1 -1 2 0 -2 1 -1 2 0 -2 1 -1 2 0 -2 1 -1 2 0 -2 1 -1 2 0 -2 1 -1 2 0 -2 1 -1 2 0 -2 1 -1 2 0 -2 1 -1 2 0 -2 1 -1 2 0 -2 1 -1 2 0 -2 1 -1 2 0 -2 1 -1 2 0 -2 1 -1 2 0 -2 1 -1 2 0 -2 1 -1 2 0 -2 1 -1 2 0 -2 1 -1 2 0 -2 1 -1 2 0 -2 1 -1 2 0 -2 1 -1 2 0 -2 1 -1 2 0 -2 1 -1 2 0 -2 1 -1 2 0 -2 1 -1 2 0 -2 1 -1 2 0 -2 1 -1 2 0 -2 1 -1 2 0 -2 1 -1 2 0 -2 1 -1 2 0 -2 1 -1 2 0 -2 1 -1 2 0 -2 1 -1 2 0 -2 1 -1 2 0 -2 1 -1 2 0 -2 1 -1 2 0 -2 1 -1 2 0 -2 1 -1 2 0 -2 1 -1 2 0 -2 1 -1 2 0 -2 1 -1 2 0 -2 1 -1 2 0 -2 1 -1 2 0 -2 1 -1 2 0 -2 1 -1 2 0 -2 1 -1 2 0 -2 1 -1 2 0 -2 1 -1 2 0 -2 1 -1 2 0 -2 1 -1 2 0 -2 1 -1 2 0 -2 1 -1 2 0 -2 1 -1 2 0 -2 1 -1 2 0 -2 1 -1 2 0 -2 1 -1 2 0 -2 1 -1 2 0 -2 1 -1 2 0 -2 1 -1 2 0 -2 1 -1 2 0 -2 1 -1 2 0 -2 1 -1 2 0 -2 1 -1 2 0 -2 1 -1 2 0 -2 1 -1 2 0 -2 1 -1 2 0 -2 1 -1 2 0 -2 1 -1 2 0 -2 1 -1 2 0 -2 1 -1 2 0 -2 1 -1 2 0 -2 1 -1 2 0 -2 1 -1 2 0 -2 1 -1 2 0 -2 1 -1 2 0 -2 1 -1 2 0 -2 1 -1 2 0 -2 1 -1 2 0 -2 1 -1 2 0 -2 1 -1 2 0 -2 1 -1 2 0 -2 1 -1 2 0 -2 1 -1 2 0 -2 1 -1 2 0 -2 1 -1 2 0 -2 1 -1 2 0 -2 1 -1 2 0 -2 1 -1 2 0 -2 1 -1 2 0 -2 1 -1 2 0 -2 1 -1 2 0 -2 1 -1 2 0 -2 1 -1 2 0 721 1 -1 2 0 -2 1 -1 2 0 -2 1 -1 2 0 -2 1 -1 2 0 -2 1 -1 2 0 -2 1 -1 2 0 -2 1 -1 2 0 -2 1 -1 2 0 -2 1 -1 2 0 -2 1 -1 2 0 -2 1 -1 2 0 -2 1 -1 2 0 -2 1 -1 2 0 -2 1 -1 2 0 -2 1 -1 2 0 -2 1 -1 2 0
0 -1 -2 2 1 0 -1 -2 2 1 0 -1 -2 2 1 0 -1 -2 2 1 0 -1 -2 2 1 0 -1 -2 2 1 0 -1 -2 2 1 0 -1 -2 2 1 0 -1 -2 2 1 0 -1 -2 2 1 0 -1 -2 2 1 0 -1 -2 2 1 0 -1 -2 2 1 0 -1 -2 2 1 0 -1 -2 2 1 0 -1 -2 2 1 0 -1 -2 2 1 0 -1 -2 2 1 0 -1 -2 2 1 0 -1 -2 2 1 0 -1 -2 2 1 0 -1 -2 2 1 0 -1 -2 2 1 0 -1 -2 2 1 0 -1 -2 2 1 0 -1 -2 2 1 0 -1 -2 2 1 0 -1 -2 2 1 0 -1 -2 2 1 0 -1 -2 2 1 0 -1 -2 2 1 0 -1 -2 2 1 0 -1 -2 2 1 0 -1 -2 2 1 0 -1 -2 2 1 0 -1 -2 2 1 0 -1 -2 2 1 0 -1 -2 2 1 0 -1 -2 2 1 0 -1 -2 2 1 0 -1 -2 2 1 0 -1 -2 2 1 0 -1 -2 2 1 0 -1 -2 2 1 0 -1 -2 2 1 0 -1 -2 2 1 0 -1 -2 2 1 0 -1 -2 2 1 0 -1 -2 2 1 0 -1 -2 2 1 0 -1 -2 2 1 0 -1 -2 2 1 0 -1 -2 2 1 0 -1 -2 2 1 0 -1 -2 2 1 0 -1 -2 2 1 0 -1 -2 2 1 0 -1 -2 2 1 0 -1 -2 2 1 0 -1 -2 2 1 0 -1 -2 2 1 0 -1 -2 2 1 0 -1 -2 2 1 0 -1 -2 2 1 0 -1 -2 2 1 0 -1 -2 2 1 0 -1 -2 2 1 0 -1 -2 2 1 0 -1 -2 2 1 0 -1 -2 2 1 0 -1 -2 2 1 0 -1 -2 2 1 0 -1 -2 2 1 0 -1 -2 2 1 0 -1 -2 2 1 0 -1 -2 2 1 0 -1 -2 2 1 0 -1 -2 2 1 0 -1 -2 2 1 0 -1 -2 2 1 0 -1 -2 2 1 0 -1 -2 2 1 0 -1 -2 2 1 0 -1 -2 2 1 0 -1 -2 2 1 0 -1 -2 2 1 0 -1 -2 2 1 0 -1 -2 2 1 0 -1 -2 2 1 0 -1 -2 2 1 0 -1 -2 2 1 0 -1 -2 2 1 0 -1 -2 2 1 0 -1 -2 2 1 0 -1 -2 2 1 0 -1 -2 2 1 0 -1 -2 2 1 0 -1 -2 2 1 0 -1 -2 2 1 0 -1 -2 2 1 0 -1 -2 2 1 0 -1 -2 2 1 0 -1 -2 2 1 0 -1 -2 2 1 0 722 -2 2 1 0 -1 -2 2 1 0 -1 -2 2 1 0 -1 -2 2 1 0 -1 -2 2 1 0 -1 -2 2 1 0 -1 -2 2 1 0 -1 -2 2 1 0 -1 -2 2 1 0 -1 -2 2 1 0 -1 -2 2 1 0 -1 -2 2 1 0 -1 -2 2 1 0 -1 -2 2 1 0 -1 -2 2 1 0 -1 -2 2 1
2 2 2 2 2 2 2 2 2 2 2 2 2 2 2 2 2 2 2 2 2 2 2 2 2 2 2 2 2 2 2 2 2 2 2 2 2 2 2 2 2 2 2 2 2 2 2 2 2 2 2 2 2 2 2 2 2 2 2 2 2 2 2 2 2 2 2 2 2 2 2 2 2 2 2 2 2 2 2 2 2 2 2 2 2 2 2 2 2 2 2 2 2 2 2 2 2 2 2 2 2 2 2 2 2 2 2 2 2 2 2 2 2 2 2 2 2 2 2 2 2 2 2 2 2 2 2 2 2 2 2 2 2 2 2 2 2 2 2 2 2 2 2 2 2 2 2 2 2 2 2 2 2 2 2 2 2 2 2 2 2 2 2 2 2 2 2 2 2 2 2 2 2 2 2 2 2 2 2 2 2 2 2 2 2 2 2 2 2 2 2 2 2 2 2 2 2 2 2 2 2 2 2 2 2 2 2 2 2 2 2 2 2 2 2 2 2 2 2 2 2 2 2 2 2 2 2 2 2 2 2 2 2 2 2 2 2 2 2 2 2 2 2 2 2 2 2 2 2 2 2 2 2 2 2 2 2 2 2 2 2 2 2 2 2 2 2 2 2 2 2 2 2 2 2 2 2 2 2 2 2 2 2 2 2 2 2 2 2 2 2 2 2 2 2 2 2 2 2 2 2 2 2 2 2 2 2 2 2 2 2 2 2 2 2 2 2 2 2 2 2 2 2 2 2 2 2 2 2 2 2 2 2 2 2 2 2 2 2 2 2 2 2 2 2 2 2 2 2 2 2 2 2 2 2 2 2 2 2 2 2 2 2 2 2 2 2 2 2 2 2 2 2 2 2 2 2 2 2 2 2 2 2 2 2 2 2 2 2 2 2 2 2 2 2 2 2 2 2 2 2 2 2 2 2 2 2 2 2 2 2 2 2 2 2 2 2 2 2 2 2 2 2 2 2 2 2 2 2 2 2 2 2 2 2 2 2 2 2 2 2 2 2 2 2 2 2 2 2 2 2 2 2 2 2 2 2 2 2 2 2 2 2 2 2 2 2 2 2 2 2 2 2 2 2 2 2 2 2 2 2 2 2 2 2 2 2 2 2 2 2 2 2 2 2 2 2 2 2 2 2 2 2 2 2 2 2 2 2 2 2 2 2 2 2 2 2 2 2 2 2 2 1201 2 2 2 2 2 2 2 2 2 2 2 2 2 2 2 2 2 2 2 2 2 2 2 2 2 2 2 2 2 2 2 2 2 2 2 2 2 2 2 2 2 2 2 2 2 2 2 2 2 2 2 2 2 2 2 2 2 2 2 2 2 2 2 2 2 2 2 2 2 2 2 2 2 2 2 2 2
-1 0 1 2 -2 -1 0 1 2 -2 -1 0 1 2 -2 -1 0 1 2 -2 -1 0 1 2 -2 -1 0 1 2 -2 -1 0 1 2 -2 -1 0 1 2 -2 -1 0 1 2 -2 -1 0 1 2 -2 -1 0 1 2 -2 -1 0 1 2 -2 -1 0 1 2 -2 -1 0 1 2 -2 -1 0 1 2 -2 -1 0 1 2 -2 -1 0 1 2 -2 -1 0 1 2 -2 -1 0 1 2 -2 -1 0 1 2 -2 -1 0 1 2 -2 -1 0 1 2 -2 -1 0 1 2 -2 -1 0 1 2 -2 -1 0 1 2 -2 -1 0 1 2 -2 -1 0 1 2 -2 -1 0 1 2 -2 -1 0 1 2 -2 -1 0 1 2 -2 -1 0 1 2 -2 -1 0 1 2 -2 -1 0 1 2 -2 -1 0 1 2 -2 -1 0 1 2 -2 -1 0 1 2 -2 -1 0 1 2 -2 -1 0 1 2 -2 -1 0 1 2 -2 -1 0 1 2 -2 -1 0 1 2 -2 -1 0 1 2 -2 -1 0 1 2 -2 -1 0 1 2 -2 -1 0 1 2 -2 -1 0 1 2 -2 -1 0 1 2 -2 -1 0 1 2 -2 -1 0 1 2 -2 -1 0 1 2 -2 -1 0 1 2 -2 -1 0 1 2 -2 -1 0 1 2 -2 -1 0 1 2 -2 -1 0 1 2 -2 -1 0 1 2 -2 -1 0 1 2 -2 -1 0 1 2 -2 -1 0 1 2 -2 -1 0 1 2 -2 -1 0 1 2 -2 -1 0 1 2 -2 -1 0 1 2 -2 -1 0 1 2 -2 -1 0 1 2 -2 -1 0 1 2 -2 -1 0 1 2 -2 -1 0 1 2 -2 -1 0 1 2 -2 -1 0 1 2 -2 -1 0 1 2 -2 -1 0 1 2 -2 -1 0 1 2 -2 -1 0 1 2 -2 -1 0 1 2 -2 -1 0 1 2 -2 -1 0 1 2 -2 -1 0 1 2 -2 -1 0 1 2 -2 -1 0 1 2 -2 -1 0 1 2 -2 -1 0 1 2 -2 -1 0 1 2 -2 -1 0 1 2 -2 -1 0 1 2 -2 -1 0 1 2 -2 -1 0 1 2 -2 -1 0 1 2 -2 -1 0 1 2 -2 -1 0 1 2 -2 -1 0 1 2 -2 -1 0 1 2 -2 -1 0 1 2 -2 -1 0 1 2 -2 -1 0 1 2 -2 -1 0 1 2 -2 -1 0 1 2 -2 -1 0 1 2 -2 -1 0 1 2 -2 -1 0 1 2 -2 -1 0 1 2 -2 -1 0 1 2 -2 -1 0 1 2 -2 -1 0 1 2 -2 -1 0 1 721 -2 -1 0 1 2 -2 -1 0 1 2 -2 -1 0 1 2 -2 -1 0 1 2 -2 -1 0 1 2 -2 -1 0 1 2 -2 -1 0 1 2 -2 -1 0 1 2 -2 -1 0 1 2 -2 -1 0 1 2 -2 -1 0 1 2 -2 -1 0 1 2 -2 -1 0 1 2 -2 -1 0 1 2 -2 -1 0 1 2 -2
1 -2 0 2 -1 1 -2 0 2 -1 1 -2 0 2 -1 1 -2 0 2 -1 1 -2 0 2 -1 1 -2 0 2 -1 1 -2 0 2 -1 1 -2 0 2 -1 1 -2 0 2 -1 1 -2 0 2 -1 1 -2 0 2 -1 1 -2 0 2 -1 1 -2 0 2 -1 1 -2 0 2 -1 1 -2 0 2 -1 1 -2 0 2 -1 1 -2 0 2 -1 1 -2 0 2 -1 1 -2 0 2 -1 1 -2 0 2 -1 1 -2 0 2 -1 1 -2 0 2 -1 1 -2 0 2 -1 1 -2 0 2 -1 1 -2 0 2 -1 1 -2 0 2 -1 1 -2 0 2 -1 1 -2 0 2 -1 1 -2 0 2 -1 1 -2 0 2 -1 1 -2 0 2 -1 1 -2 0 2 -1 1 -2 0 2 -1 1 -2 0 2 -1 1 -2 0 2 -1 1 -2 0 2 -1 1 -2 0 2 -1 1 -2 0 2 -1 1 -2 0 2 -1 1 -2 0 2 -1 1 -2 0 2 -1 1 -2 0 2 -1 1 -2 0 2 -1 1 -2 0 2 -1 1 -2 0 2 -1 1 -2 0 2 -1 1 -2 0 2 -1 1 -2 0 2 -1 1 -2 0 2 -1 1 -2 0 2 -1 1 -2 0 2 -1 1 -2 0 2 -1 1 -2 0 2 -1 1 -2 0 2 -1 1 -2 0 2 -1 1 -2 0 2 -1 1 -2 0 2 -1 1 -2 0 2 -1 1 -2 0 2 -1 1 -2 0 2 -1 1 -2 0 2 -1 1 -2 0 2 -1 1 -2 0 2 -1 1 -2 0 2 -1 1 -2 0 2 -1 1 -2 0 2 -1 1 -2 0 2 -1 1 -2 0 2 -1 1 -2 0 2 -1 1 -2 0 2 -1 1 -2 0 2 -1 1 -2 0 2 -1 1 -2 0 2 -1 1 -2 0 2 -1 1 -2 0 2 -1 1 -2 0 2 -1 1 -2 0 2 -1 1 -2 0 2 -1 1 -2 0 2 -1 1 -2 0 2 -1 1 -2 0 2 -1 1 -2 0 2 -1 1 -2 0 2 -1 1 -2 0 2 -1 1 -2 0 2 -1 1 -2 0 2 -1 1 -2 0 2 -1 1 -2 0 2 -1 1 -2 0 2 -1 1 -2 0 2 -1 1 -2 0 2 -1 1 -2 0 2 -1 1 -2 0 2 -1 1 -2 0 2 -1 1 -2 0 2 -1 1 -2 0 2 -1 1 -2 0 2 -1 1 -2 0 2 -1 1 -2 0 2 -1 1 -2 0 2 -1 1 -2 0 2 -1 1 -2 0 2 -1 1 -2 0 2 -1 1 -2 0 2 -1 1 -2 0 2 722 1 -2 0 2 -1 1 -2 0 2 -1 1 -2 0 2 -1 1 -2 0 2 -1 1 -2 0 2 -1 1 -2 0 2 -1 1 -2 0 2 -1 1 -2 0 2 -1 1 -2 0 2 -1 1 -2 0 2 -1 1 -2 0 2 -1 1 -2 0 2 -1 1 -2 0 2 -1 1 -2 0 2 -1 1 -2 0 2 -1
-2 1 -1 2 0 -2 1 -1 2 0 -2 1 -1 2 0 -2 1 -1 2 0 -2 1 -1 2 0 -2 1 -1 2 0 -2 1 -1 2 0 -2 1 -1 2 0 -2 1 -1 2 0 -2 1 -1 2 0 -2 1 -1 2 0 -2 1 -1 2 0 -2 1 -1 2 0 -2 1 -1 2 0 -2 1 -1 2 0 -2 1 -1 2 0 -2 1 -1 2 0 -2 1 -1 2 0 -2 1 -1 2 0 -2 1 -1 2 0 -2 1 -1 2 0 -2 1 -1 2 0 -2 1 -1 2 0 -2 1 -1 2 0 -2 1 -1 2 0 -2 1 -1 2 0 -2 1 -1 2 0 -2 1 -1 2 0 -2 1 -1 2 0 -2 1 -1 2 0 -2 1 -1 2 0 -2 1 -1 2 0 -2 1 -1 2 0 -2 1 -1 2 0 -2 1 -1 2 0 -2 1 -1 2 0 -2 1 -1 2 0 -2 1 -1 2 0 -2 1 -1 2 0 -2 1 -1 2 0 -2 1 -1 2 0 -2 1 -1 2 0 -2 1 -1 2 0 -2 1 -1 2 0 -2 1 -1 2 0 -2 1 -1 2 0 -2 1 -1 2 0 -2 1 -1 2 0 -2 1 -1 2 0 -2 1 -1 2 0 -2 1 -1 2 0 -2 1 -1 2 0 -2 1 -1 2 0 -2 1 -1 2 0 -2 1 -1 2 0 -2 1 -1 2 0 -2 1 -1 2 0 -2 1 -1 2 0 -2 1 -1 2 0 -2 1 -1 2 0 -2 1 -1 2 0 -2 1 -1 2 0 -2 1 -1 2 0 -2 1 -1 2 0 -2 1 -1 2 0 -2 1 -1 2 0 -2 1 -1 2 0 -2 1 -1 2 0 -2 1 -1 2 0 -2 1 -1 2 0 -2 1 -1 2 0 -2 1 -1 2 0 -2 1 -1 2 0 -2 1 -1 2 0 -2 1 -1 2 0 -2 1 -1 2 0 -2 1 -1 2 0 -2 1 -1 2 0 -2 1 -1 2 0 -2 1 -1 2 0 -2 1 -1 2 0 -2 1 -1 2 0 -2 1 -1 2 0 -2 1 -1 2 0 -2 1 -1 2 0 -2 1 -1 2 0 -2 1 -1 2 0 -2 1 -1 2 0 -2 1 -1 2 0 -2 1 -1 2 0 -2 1 -1 2 0 -2 1 -1 2 0 -2 1 -1 2 0 -2 1 -1 2 0 -2 1 -1 2 0 -2 1 -1 2 0 -2 1 -1 2 0 -2 1 -1 2 0 -2 1 -1 2 0 -2 1 -1 2 0 -2 1 -1 2 0 -2 1 -1 2 0 -2 1 -1 2 0 -2 1 -1 2 0 -2 1 -1 2 0 721 1 -1 2 0 -2 1 -1 2 0 -2 1 -1 2 0 -2 1 -1 2 0 -2 1 -1 2 0 -2 1 -1 2 0 -2 1 -1 2 0 -2 1 -1 2 0 -2 1 -1 2 0 -2 1 -1 2 0 -2 1 -1 2 0 -2 1 -1 2 0 -2 1 -1 2 0 -2 1 -1 2 0 -2 1 -1 2 0
0 -1 -2 2 1 0 -1 -2 2 1 0 -1 -2 2 1 0 -1 -2 2 1 0 -1 -2 2 1 0 -1 -2 2 1 0 -1 -2 2 1 0 -1 -2 2 1 0 -1 -2 2 1 0 -1 -2 2 1 0 -1 -2 2 1 0 -1 -2 2 1 0 -1 -2 2 1 0 -1 -2 2 1 0 -1 -2 2 1 0 -1 -2 2 1 0 -1 -2 2 1 0 -1 -2 2 1 0 -1 -2 2 1 0 -1 -2 2 1 0 -1 -2 2 1 0 -1 -2 2 1 0 -1 -2 2 1 0 -1 -2 2 1 0 -1 -2 2 1 0 -1 -2 2 1 0 -1 -2 2 1 0 -1 -2 2 1 0 -1 -2 2 1 0 -1 -2 2 1 0 -1 -2 2 1 0 -1 -2 2 1 0 -1 -2 2 1 0 -1 -2 2 1 0 -1 -2 2 1 0 -1 -2 2 1 0 -1 -2 2 1 0 -1 -2 2 1 0 -1 -2 2 1 0 -1 -2 2 1 0 -1 -2 2 1 0 -1 -2 2 1 0 -1 -2 2 1 0 -1 -2 2 1 0 -1 -2 2 1 0 -1 -2 2 1 0 -1 -2 2 1 0 -1 -2 2 1 0 -1 -2 2 1 0 -1 -2 2 1 0 -1 -2 2 1 0 -1 -2 2 1 0 -1 -2 2 1 0 -1 -2 2 1 0 -1 -2 2 1 0 -1 -2 2 1 0 -1 -2 2 1 0 -1 -2 2 1 0 -1 -2 2 1 0 -1 -2 2 1 0 -1 -2 2 1 0 -1 -2 2 1 0 -1 -2 2 1 0 -1 -2 2 1 0 -1 -2 2 1 0 -1 -2 2 1 0 -1 -2 2 1 0 -1 -2 2 1 0 -1 -2 2 1 0 -1 -2 2 1 0 -1 -2 2 1 0 -1 -2 2 1 0 -1 -2 2 1 0 -1 -2 2 1 0 -1 -2 2 1 0 -1 -2 2 1 0 -1 -2 2 1 0 -1 -2 2 1 0 -1 -2 2 1 0 -1 -2 2 1 0 -1 -2 2 1 0 -1 -2 2 1 0 -1 -2 2 1 0 -1 -2 2 1 0 -1 -2 2 1 0 -1 -2 2 1 0 -1 -2 2 1 0 -1 -2 2 1 0 -1 -2 2 1 0 -1 -2 2 1 0 -1 -2 2 1 0 -1 -2 2 1 0 -1 -2 2 1 0 -1 -2 2 1 0 -1 -2 2 1 0 -1 -2 2 1 0 -1 -2 2 1 0 -1 -2 2 1 0 -1 -2 2 1 0 -1 -2 2 1 0 -1 -2 2 1 0 -1 -2 2 1 0 -1 -2 2 1 0 -1 -2 2 1 0 -1 -2 2 1 0 722 -2 2 1 0 -1 -2 2 1 0 -1 -2 2 1 0 -1 -2 2 1 0 -1 -2 2 1 0 -1 -2 2 1 0 -1 -2 2 1 0 -1 -2 2 1 0 -1 -2 2 1 0 -1 -2 2 1 0 -1 -2 2 1 0 -1 -2 2 1 0 -1 -2 2 1 0 -1 -2 2 1 0 -1 -2 2 1
2 2 2 2 2 2 2 2 2 2 2 2 2 2 2 2 2 2 2 2 2 2 2 2 2 2 2 2 2 2 2 2 2 2 2 2 2 2 2 2 2 2 2 2 2 2 2 2 2 2 2 2 2 2 2 2 2 2 2 2 2 2 2 2 2 2 2 2 2 2 2 2 2 2 2 2 2 2 2 2 2 2 2 2 2 2 2 2 2 2 2 2 2 2 2 2 2 2 2 2 2 2 2 2 2 2 2 2 2 2 2 2 2 2 2 2 2 2 2 2 2 2 2 2 2 2 2 2 2 2 2 2 2 2 2 2 2 2 2 2 2 2 2 2 2 2 2 2 2 2 2 2 2 2 2 2 2 2 2 2 2 2 2 2 2 2 2 2 2 2 2 2 2 2 2 2 2 2 2 2 2 2 2 2 2 2 2 2 2 2 2 2 2 2 2 2 2 2 2 2 2 2 2 2 2 2 2 2 2 2 2 2 2 2 2 2 2 2 2 2 2 2 2 2 2 2 2 2 2 2 2 2 2 2 2 2 2 2 2 2 2 2 2 2 2 2 2 2 2 2 2 2 2 2 2 2 2 2 2 2 2 2 2 2 2 2 2 2 2 2 2 2 2 2 2 2 2 2 2 2 2 2 2 2 2 2 2 2 2 2 2 2 2 2 2 2 2 2 2 2 2 2 2 2 2 2 2 2 2 2 2 2 2 2 2 2 2 2 2 2 2 2 2 2 2 2 2 2 2 2 2 2 2 2 2 2 2 2 2 2 2 2 2 2 2 2 2 2 2 2 2 2 2 2 2 2 2 2 2 2 2 2 2 2 2 2 2 2 2 2 2 2 2 2 2 2 2 2 2 2 2 2 2 2 2 2 2 2 2 2 2 2 2 2 2 2 2 2 2 2 2 2 2 2 2 2 2 2 2 2 2 2 2 2 2 2 2 2 2 2 2 2 2 2 2 2 2 2 2 2 2 2 2 2 2 2 2 2 2 2 2 2 2 2 2 2 2 2 2 2 2 2 2 2 2 2 2 2 2 2 2 2 2 2 2 2 2 2 2 2 2 2 2 2 2 2 2 2 2 2 2 2 2 2 2 2 2 2 2 2 2 2 2 2 2 2 2 2 2 2 2 2 2 2 2 2 2 2 2 2 2 2 2 2 2 2 2 2 2 2 2 2 2 2 2 2 2 1201 2 2 2 2 2 2 2 2 2 2 2 2 2 2 2 2 2 2 2 2 2 2 2 2 2 2 2 2 2 2 2 2 2 2 2 2 2 2 2 2 2 2 2 2 2 2 2 2 2 2 2 2 2 2 2 2 2 2 2 2 2 2 2 2 2 2 2 2 2 2 2 2
-1 0 1 2 -2 -1 0 1 2 -2 -1 0 1 2 -2 -1 0 1 2 -2 -1 0 1 2 -2 -1 0 1 2 -2 -1 0 1 2 -2 -1 0 1 2 -2 -1 0 1 2 -2 -1 0 1 2 -2 -1 0 1 2 -2 -1 0 1 2 -2 -1 0 1 2 -2 -1 0 1 2 -2 -1 0 1 2 -2 -1 0 1 2 -2 -1 0 1 2 -2 -1 0 1 2 -2 -1 0 1 2 -2 -1 0 1 2 -2 -1 0 1 2 -2 -1 0 1 2 -2 -1 0 1 2 -2 -1 0 1 2 -2 -1 0 1 2 -2 -1 0 1 2 -2 -1 0 1 2 -2 -1 0 1 2 -2 -1 0 1 2 -2 -1 0 1 2 -2 -1 0 1 2 -2 -1 0 1 2 -2 -1 0 1 2 -2 -1 0 1 2 -2 -1 0 1 2 -2 -1 0 1 2 -2 -1 0 1 2 -2 -1 0 1 2 -2 -1 0 1 2 -2 -1 0 1 2 -2 -1 0 1 2 -2 -1 0 1 2 -2 -1 0 1 2 -2 -1 0 1 2 -2 -1 0 1 2 -2 -1 0 1 2 -2 -1 0 1 2 -2 -1 0 1 2 -2 -1 0 1 2 -2 -1 0 1 2 -2 -1 0 1 2 -2 -1 0 1 2 -2 -1 0 1 2 -2 -1 0 1 2 -2 -1 0 1 2 -2 -1 0 1 2 -2 -1 0 1 2 -2 -1 0 1 2 -2 -1 0 1 2 -2 -1 0 1 2 -2 -1 0 1 2 -2 -1 0 1 2 -2 -1 0 1 2 -2 -1 0 1 2 -2 -1 0 1 2 -2 -1 0 1 2 -2 -1 0 1 2 -2 -1 0 1 2 -2 -1 0 1 2 -2 -1 0 1 2 -2 -1 0 1 2 -2 -1 0 1 2 -2 -1 0 1 2 -2 -1 0 1 2 -2 -1 0 1 2 -2 -1 0 1 2 -2 -1 0 1 2 -2 -1 0 1 2 -2 -1 0 1 2 -2 -1 0 1 2 -2 -1 0 1 2 -2 -1 0 1 2 -2 -1 0 1 2 -2 -1 0 1 2 -2 -1 0 1 2 -2 -1 0 1 2 -2 -1 0 1 2 -2 -1 0 1 2 -2 -1 0 1 2 -2 -1 0 1 2 -2 -1 0 1 2 -2 -1 0 1 2 -2 -1 0 1 2 -2 -1 0 1 2 -2 -1 0 1 2 -2 -1 0 1 2 -2 -1 0 1 2 -2 -1 0 1 2 -2 -1 0 1 2 -2 -1 0 1 2 -2 -1 0 1 2 -2 -1 0 1 2 -2 -1 0 1 2 -2 -1 0 1 2 -2 -1 0 1 2 -2 -1 0 1 721 -2 -1 0 1 2 -2 -1 0 1 2 -2 -1 0 1 2 -2 -1 0 1 2 -2 -1 0 1 2 -2 -1 0 1 2 -2 -1 0 1 2 -2 -1 0 1 2 -2 -1 0 1 2 -2 -1 0 1 2 -2 -1 0 1 2 -2 -1 0 1 2 -2 -1 0 1 2 -2 -1 0 1 2 -2
1 -2 0 2 -1 1 -2 0 2 -1 1 -2 0 2 -1 1 -2 0 2 -1 1 -2 0 2 -1 1 -2 0 2 -1 1 -2 0 2 -1 1 -2 0 2 -1 1 -2 0 2 -1 1 -2 0 2 -1 1 -2 0 2 -1 1 -2 0 2 -1 1 -2 0 2 -1 1 -2 0 2 -1 1 -2 0 2 -1 1 -2 0 2 -1 1 -2 0 2 -1 1 -2 0 2 -1 1 -2 0 2 -1 1 -2 0 2 -1 1 -2 0 2 -1 1 -2 0 2 -1 1 -2 0 2 -1 1 -2 0 2 -1 1 -2 0 2 -1 1 -2 0 2 -1 1 -2 0 2 -1 1 -2 0 2 -1 1 -2 0 2 -1 1 -2 0 2 -1 1 -2 0 2 -1 1 -2 0 2 -1 1 -2 0 2 -1 1 -2 0 2 -1 1 -2 0 2 -1 1 -2 0 2 -1 1 -2 0 2 -1 1 -2 0 2 -1 1 -2 0 2 -1 1 -2 0 2 -1 1 -2 0 2 -1 1 -2 0 2 -1 1 -2 0 2 -1 1 -2 0 2 -1 1 -2 0 2 -1 1 -2 0 2 -1 1 -2 0 2 -1 1 -2 0 2 -1 1 -2 0 2 -1 1 -2 0 2 -1 1 -2 0 2 -1 1 -2 0 2 -1 1 -2 0 2 -1 1 -2 0 2 -1 1 -2 0 2 -1 1 -2 0 2 -1 1 -2 0 2 -1 1 -2 0 2 -1 1 -2 0 2 -1 1 -2 0 2 -1 1 -2 0 2 -1 1 -2 0 2 -1 1 -2 0 2 -1 1 -2 0 2 -1 1 -2 0 2 -1 1 -2 0 2 -1 1 -2 0 2 -1 1 -2 0 2 -1 1 -2 0 2 -1 1 -2 0 2 -1 1 -2 0 2 -1 1 -2 0 2 -1 1 -2 0 2 -1 1 -2 0 2 -1 1 -2 0 2 -1 1 -2 0 2 -1 1 -2 0 2 -1 1 -2 0 2 -1 1 -2 0 2 -1 1 -2 0 2 -1 1 -2 0 2 -1 1 -2 0 2 -1 1 -2 0 2 -1 1 -2 0 2 -1 1 -2 0 2 -1 1 -2 0 2 -1 1 -2 0 2 -1 1 -2 0 2 -1 1 -2 0 2 -1 1 -2 0 2 -1 1 -2 0 2 -1 1 -2 0 2 -1 1 -2 0 2 -1 1 -2 0 2 -1 1 -2 0 2 -1 1 -2 0 2 -1 1 -2 0 2 -1 1 -2 0 2 -1 1 -2 0 2 -1 1 -2 0 2 -1 1 -2 0 2 -1 1 -2 0 2 -1 1 -2 0 2 -1 1 -2 0 2 -1 1 -2 0 2 -1 1 -2 0 2 722 1 -2 0 2 -1 1 -2 0 2 -1 1 -2 0 2 -1 1 -2 0 2 -1 1 -2 0 2 -1 1 -2 0 2 -1 1 -2 0 2 -1 1 -2 0 2 -1 1 -2 0 2 -1 1 -2 0 2 -1 1 -2 0 2 -1 1 -2 0 2 -1 1 -2 0 2 -1 1 -2 0 2 -1
-2 1 -1 2 0 -2 1 -1 2 0 -2 1 -1 2 0 -2 1 -1 2 0 -2 1 -1 2 0 -2 1 -1 2 0 -2 1 -1 2 0 -2 1 -1 2 0 -2 1 -1 2 0 -2 1 -1 2 0 -2 1 -1 2 0 -2 1 -1 2 0 -2 1 -1 2 0 -2 1 -1 2 0 -2 1 -1 2 0 -2 1 -1 2 0 -2 1 -1 2 0 -2 1 -1 2 0 -2 1 -1 2 0 -2 1 -1 2 0 -2 1 -1 2 0 -2 1 -1 2 0 -2 1 -1 2 0 -2 1 -1 2 0 -2 1 -1 2 0 -2 1 -1 2 0 -2 1 -1 2 0 -2 1 -1 2 0 -2 1 -1 2 0 -2 1 -1 2 0 -2 1 -1 2 0 -2 1 -1 2 0 -2 1 -1 2 0 -2 1 -1 2 0 -2 1 -1 2 0 -2 1 -1 2 0 -2 1 -1 2 0 -2 1 -1 2 0 -2 1 -1 2 0 -2 1 -1 2 0 -2 1 -1 2 0 -2 1 -1 2 0 -2 1 -1 2 0 -2 1 -1 2 0 -2 1 -1 2 0 -2 1 -1 2 0 -2 1 -1 2 0 -2 1 -1 2 0 -2 1 -1 2 0 -2 1 -1 2 0 -2 1 -1 2 0 -2 1 -1 2 0 -2 1 -1 2 0 -2 1 -1 2 0 -2 1 -1 2 0 -2 1 -1 2 0 -2 1 -1 2 0 -2 1 -1 2 0 -2 1 -1 2 0 -2 1 -1 2 0 -2 1 -1 2 0 -2 1 -1 2 0 -2 1 -1 2 0 -2 1 -1 2 0 -2 1 -1 2 0 -2 1 -1 2 0 -2 1 -1 2 0 -2 1 -1 2 0 -2 1 -1 2 0 -2 1 -1 2 0 -2 1 -1 2 0 -2 1 -1 2 0 -2 1 -1 2 0 -2 1 -1 2 0 -2 1 -1 2 0 -2 1 -1 2 0 -2 1 -1 2 0 -2 1 -1 2 0 -2 1 -1 2 0 -2 1 -1 2 0 -2 1 -1 2 0 -2 1 -1 2 0 -2 1 -1 2 0 -2 1 -1 2 0 -2 1 -1 2 0 -2 1 -1 2 0 -2 1 -1 2 0 -2 1 -1 2 0 -2 1 -1 2 0 -2 1 -1 2 0 -2 1 -1 2 0 -2 1 -1 2 0 -2 1 -1 2 0 -2 1 -1 2 0 -2 1 -1 2 0 -2 1 -1 2 0 -2 1 -1 2 0 -2 1 -1 2 0 -2 1 -1 2 0 -2 1 -1 2 0 -2 1 -1 2 0 -2 1 -1 2 0 -2 1 -1 2 0 -2 1 -1 2 0 -2 1 -1 2 0 -2 1 -1 2 0 721 1 -1 2 0 -2 1 -1 2 0 -2 1 -1 2 0 -2 1 -1 2 0 -2 1 -1 2 0 -2 1 -1 2 0 -2 1 -1 2 0 -2 1 -1 2 0 -2 1 -1 2 0 -2 1 -1 2 0 -2 1 -1 2 0 -2 1 -1 2 0 -2 1 -1 2 0 -2 1 -1 2 0
0 -1 -2 2 1 0 -1 -2 2 1 0 -1 -2 2 1 0 -1 -2 2 1 0 -1 -2 2 1 0 -1 -2 2 1 0 -1 -2 2 1 0 -1 -2 2 1 0 -1 -2 2 1 0 -1 -2 2 1 0 -1 -2 2 1 0 -1 -2 2 1 0 -1 -2 2 1 0 -1 -2 2 1 0 -1 -2 2 1 0 -1 -2 2 1 0 -1 -2 2 1 0 -1 -2 2 1 0 -1 -2 2 1 0 -1 -2 2 1 0 -1 -2 2 1 0 -1 -2 2 1 0 -1 -2 2 1 0 -1 -2 2 1 0 -1 -2 2 1 0 -1 -2 2 1 0 -1 -2 2 1 0 -1 -2 2 1 0 -1 -2 2 1 0 -1 -2 2 1 0 -1 -2 2 1 0 -1 -2 2 1 0 -1 -2 2 1 0 -1 -2 2 1 0 -1 -2 2 1 0 -1 -2 2 1 0 -1 -2 2 1 0 -1 -2 2 1 0 -1 -2 2 1 0 -1 -2 2 1 0 -1 -2 2 1 0 -1 -2 2 1 0 -1 -2 2 1 0 -1 -2 2 1 0 -1 -2 2 1 0 -1 -2 2 1 0 -1 -2 2 1 0 -1 -2 2 1 0 -1 -2 2 1 0 -1 -2 2 1 0 -1 -2 2 1 0 -1 -2 2 1 0 -1 -2 2 1 0 -1 -2 2 1 0 -1 -2 2 1 0 -1 -2 2 1 0 -1 -2 2 1 0 -1 -2 2 1 0 -1 -2 2 1 0 -1 -2 2 1 0 -1 -2 2 1 0 -1 -2 2 1 0 -1 -2 2 1 0 -1 -2 2 1 0 -1 -2 2 1 0 -1 -2 2 1 0 -1 -2 2 1 0 -1 -2 2 1 0 -1 -2 2 1 0 -1 -2 2 1 0 -1 -2 2 1 0 -1 -2 2 1 0 -1 -2 2 1 0 -1 -2 2 1 0 -1 -2 2 1 0 -1 -2 2 1 0 -1 -2 2 1 0 -1 -2 2 1 0 -1 -2 2 1 0 -1 -2 2 1 0 -1 -2 2 1 0 -1 -2 2 1 0 -1 -2 2 1 0 -1 -2 2 1 0 -1 -2 2 1 0 -1 -2 2 1 0 -1 -2 2 1 0 -1 -2 2 1 0 -1 -2 2 1 0 -1 -2 2 1 0 -1 -2 2 1 0 -1 -2 2 1 0 -1 -2 2 1 0 -1 -2 2 1 0 -1 -2 2 1 0 -1 -2 2 1 0 -1 -2 2 1 0 -1 -2 2 1 0 -1 -2 2 1 0 -1 -2 2 1 0 -1 -2 2 1 0 -1 -2 2 1 0 -1 -2 2 1 0 -1 -2 2 1 0 -1 -2 2 1 0 -1 -2 2 1 0 722 -2 2 1 0 -1 -2 2 1 0 -1 -2 2 1 0 -1 -2 2 1 0 -1 -2 2 1 0 -1 -2 2 1 0 -1 -2 2 1 0 -1 -2 2 1 0 -1 -2 2 1 0 -1 -2 2 1 0 -1 -2 2 1 0 -1 -2 2 1 0 -1 -2 2 1 0 -1 -2 2 1
2 2 2 2 2 2 2 2 2 2 2 2 2 2 2 2 2 2 2 2 2 2 2 2 2 2 2 2 2 2 2 2 2 2 2 2 2 2 2 2 2 2 2 2 2 2 2 2 2 2 2 2 2 2 2 2 2 2 2 2 2 2 2 2 2 2 2 2 2 2 2 2 2 2 2 2 2 2 2 2 2 2 2 2 2 2 2 2 2 2 2 2 2 2 2 2 2 2 2 2 2 2 2 2 2 2 2 2 2 2 2 2 2 2 2 2 2 2 2 2 2 2 2 2 2 2 2 2 2 2 2 2 2 2 2 2 2 2 2 2 2 2 2 2 2 2 2 2 2 2 2 2 2 2 2 2 2 2 2 2 2 2 2 2 2 2 2 2 2 2 2 2 2 2 2 2 2 2 2 2 2 2 2 2 2 2 2 2 2 2 2 2 2 2 2 2 2 2 2 2 2 2 2 2 2 2 2 2 2 2 2 2 2 2 2 2 2 2 2 2 2 2 2 2 2 2 2 2 2 2 2 2 2 2 2 2 2 2 2 2 2 2 2 2 2 2 2 2 2 2 2 2 2 2 2 2 2 2 2 2 2 2 2 2 2 2 2 2 2 2 2 2 2 2 2 2 2 2 2 2 2 2 2 2 2 2 2 2 2 2 2 2 2 2 2 2 2 2 2 2 2 2 2 2 2 2 2 2 2 2 2 2 2 2 2 2 2 2 2 2 2 2 2 2 2 2 2 2 2 2 2 2 2 2 2 2 2 2 2 2 2 2 2 2 2 2 2 2 2 2 2 2 2 2 2 2 2 2 2 2 2 2 2 2 2 2 2 2 2 2 2 2 2 2 2 2 2 2 2 2 2 2 2 2 2 2 2 2 2 2 2 2 2 2 2 2 2 2 2 2 2 2 2 2 2 2 2 2 2 2 2 2 2 2 2 2 2 2 2 2 2 2 2 2 2 2 2 2 2 2 2 2 2 2 2 2 2 2 2 2 2 2 2 2 2 2 2 2 2 2 2 2 2 2 2 2 2 2 2 2 2 2 2 2 2 2 2 2 2 2 2 2 2 2 2 2 2 2 2 2 2 2 2 2 2 2 2 2 2 2 2 2 2 2 2 2 2 2 2 2 2 2 2 2 2 2 2 2 2 2 2 2 2 2 2 2 2 2 2 2 2 2 2 2 2 2 2 2 2 2 2 2 1201 2 2 2 2 2 2 2 2 2 2 2 2 2 2 2 2 2 2 2 2 2 2 2 2 2 2 2 2 2 2 2 2 2 2 2 2 2 2 2 2 2 2 2 2 2 2 2 2 2 2 2 2 2 2 2 2 2 2 2 2 2 2 2 2 2 2 2
-1 0 1 2 -2 -1 0 1 2 -2 -1 0 1 2 -2 -1 0 1 2 -2 -1 0 1 2 -2 -1 0 1 2 -2 -1 0 1 2 -2 -1 0 1 2 -2 -1 0 1 2 -2 -1 0 1 2 -2 -1 0 1 2 -2 -1 0 1 2 -2 -1 0 1 2 -2 -1 0 1 2 -2 -1 0 1 2 -2 -1 0 1 2 -2 -1 0 1 2 -2 -1 0 1 2 -2 -1 0 1 2 -2 -1 0 1 2 -2 -1 0 1 2 -2 -1 0 1 2 -2 -1 0 1 2 -2 -1 0 1 2 -2 -1 0 1 2 -2 -1 0 1 2 -2 -1 0 1 2 -2 -1 0 1 2 -2 -1 0 1 2 -2 -1 0 1 2 -2 -1 0 1 2 -2 -1 0 1 2 -2 -1 0 1 2 -2 -1 0 1 2 -2 -1 0 1 2 -2 -1 0 1 2 -2 -1 0 1 2 -2 -1 0 1 2 -2 -1 0 1 2 -2 -1 0 1 2 -2 -1 0 1 2 -2 -1 0 1 2 -2 -1 0 1 2 -2 -1 0 1 2 -2 -1 0 1 2 -2 -1 0 1 2 -2 -1 0 1 2 -2 -1 0 1 2 -2 -1 0 1 2 -2 -1 0 1 2 -2 -1 0 1 2 -2 -1 0 1 2 -2 -1 0 1 2 -2 -1 0 1 2 -2 -1 0 1 2 -2 -1 0 1 2 -2 -1 0 1 2 -2 -1 0 1 2 -2 -1 0 1 2 -2 -1 0 1 2 -2 -1 0 1 2 -2 -1 0 1 2 -2 -1 0 1 2 -2 -1 0 1 2 -2 -1 0 1 2 -2 -1 0 1 2 -2 -1 0 1 2 -2 -1 0 1 2 -2 -1 0 1 2 -2 -1 0 1 2 -2 -1 0 1 2 -2 -1 0 1 2 -2 -1 0 1 2 -2 -1 0 1 2 -2 -1 0 1 2 -2 -1 0 1 2 -2 -1 0 1 2 -2 -1 0 1 2 -2 -1 0 1 2 -2 -1 0 1 2 -2 -1 0 1 2 -2 -1 0 1 2 -2 -1 0 1 2 -2 -1 0 1 2 -2 -1 0 1 2 -2 -1 0 1 2 -2 -1 0 1 2 -2 -1 0 1 2 -2 -1 0 1 2 -2 -1 0 1 2 -2 -1 0 1 2 -2 -1 0 1 2 -2 -1 0 1 2 -2 -1 0 1 2 -2 -1 0 1 2 -2 -1 0 1 2 -2 -1 0 1 2 -2 -1 0 1 2 -2 -1 0 1 2 -2 -1 0 1 2 -2 -1 0 1 2 -2 -1 0 1 2 -2 -1 0 1 2 -2 -1 0 1 2 -2 -1 0 1 2 -2 -1 0 1 2 -2 -1 0 1 721 -2 -1 0 1 2 -2 -1 0 1 2 -2 -1 0 1 2 -2 -1 0 1 2 -2 -1 0 1 2 -2 -1 0 1 2 -2 -1 0 1 2 -2 -1 0 1 2 -2 -1 0 1 2 -2 -1 0 1 2 -2 -1 0 1 2 -2 -1 0 1 2 -2 -1 0 1 2 -2
1 -2 0 2 -1 1 -2 0 2 -1 1 -2 0 2 -1 1 -2 0 2 -1 1 -2 0 2 -1 1 -2 0 2 -1 1 -2 0 2 -1 1 -2 0 2 -1 1 -2 0 2 -1 1 -2 0 2 -1 1 -2 0 2 -1 1 -2 0 2 -1 1 -2 0 2 -1 1 -2 0 2 -1 1 -2 0 2 -1 1 -2 0 2 -1 1 -2 0 2 -1 1 -2 0 2 -1 1 -2 0 2 -1 1 -2 0 2 -1 1 -2 0 2 -1 1 -2 0 2 -1 1 -2 0 2 -1 1 -2 0 2 -1 1 -2 0 2 -1 1 -2 0 2 -1 1 -2 0 2 -1 1 -2 0 2 -1 1 -2 0 2 -1 1 -2 0 2 -1 1 -2 0 2 -1 1 -2 0 2 -1 1 -2 0 2 -1 1 -2 0 2 -1 1 -2 0 2 -1 1 -2 0 2 -1 1 -2 0 2 -1 1 -2 0 2 -1 1 -2 0 2 -1 1 -2 0 2 -1 1 -2 0 2 -1 1 -2 0 2 -1 1 -2 0 2 -1 1 -2 0 2 -1 1 -2 0 2 -1 1 -2 0 2 -1 1 -2 0 2 -1 1 -2 0 2 -1 1 -2 0 2 -1 1 -2 0 2 -1 1 -2 0 2 -1 1 -2 0 2 -1 1 -2 0 2 -1 1 -2 0 2 -1 1 -2 0 2 -1 1 -2 0 2 -1 1 -2 0 2 -1 1 -2 0 2 -1 1 -2 0 2 -1 1 -2 0 2 -1 1 -2 0 2 -1 1 -2 0 2 -1 1 -2 0 2 -1 1 -2 0 2 -1 1 -2 0 2 -1 1 -2 0 2 -1 1 -2 0 2 -1 1 -2 0 2 -1 1 -2 0 2 -1 1 -2 0 2 -1 1 -2 0 2 -1 1 -2 0 2 -1 1 -2 0 2 -1 1 -2 0 2 -1 1 -2 0 2 -1 1 -2 0 2 -1 1 -2 0 2 -1 1 -2 0 2 -1 1 -2 0 2 -1 1 -2 0 2 -1 1 -2 0 2 -1 1 -2 0 2 -1 1 -2 0 2 -1 1 -2 0 2 -1 1 -2 0 2 -1 1 -2 0 2 -1 1 -2 0 2 -1 1 -2 0 2 -1 1 -2 0 2 -1 1 -2 0 2 -1 1 -2 0 2 -1 1 -2 0 2 -1 1 -2 0 2 -1 1 -2 0 2 -1 1 -2 0 2 -1 1 -2 0 2 -1 1 -2 0 2 -1 1 -2 0 2 -1 1 -2 0 2 -1 1 -2 0 2 -1 1 -2 0 2 -1 1 -2 0 2 -1 1 -2 0 2 -1 1 -2 0 2 -1 1 -2 0 2 -1 1 -2 0 2 -1 1 -2 0 2 722 1 -2 0 2 -1 1 -2 0 2 -1 1 -2 0 2 -1 1 -2 0 2 -1 1 -2 0 2 -1 1 -2 0 2 -1 1 -2 0 2 -1 1 -2 0 2 -1 1 -2 0 2 -1 1 -2 0 2 -1 1 -2 0 2 -1 1 -2 0 2 -1 1 -2 0 2 -1
-2 1 -1 2 0 -2 1 -1 2 0 -2 1 -1 2 0 -2 1 -1 2 0 -2 1 -1 2 0 -2 1 -1 2 0 -2 1 -1 2 0 -2 1 -1 2 0 -2 1 -1 2 0 -2 1 -1 2 0 -2 1 -1 2 0 -2 1 -1 2 0 -2 1 -1 2 0 -2 1 -1 2 0 -2 1 -1 2 0 -2 1 -1 2 0 -2 1 -1 2 0 -2 1 -1 2 0 -2 1 -1 2 0 -2 1 -1 2 0 -2 1 -1 2 0 -2 1 -1 2 0 -2 1 -1 2 0 -2 1 -1 2 0 -2 1 -1 2 0 -2 1 -1 2 0 -2 1 -1 2 0 -2 1 -1 2 0 -2 1 -1 2 0 -2 1 -1 2 0 -2 1 -1 2 0 -2 1 -1 2 0 -2 1 -1 2 0 -2 1 -1 2 0 -2 1 -1 2 0 -2 1 -1 2 0 -2 1 -1 2 0 -2 1 -1 2 0 -2 1 -1 2 0 -2 1 -1 2 0 -2 1 -1 2 0 -2 1 -1 2 0 -2 1 -1 2 0 -2 1 -1 2 0 -2 1 -1 2 0 -2 1 -1 2 0 -2 1 -1 2 0 -2 1 -1 2 0 -2 1 -1 2 0 -2 1 -1 2 0 -2 1 -1 2 0 -2 1 -1 2 0 -2 1 -1 2 0 -2 1 -1 2 0 -2 1 -1 2 0 -2 1 -1 2 0 -2 1 -1 2 0 -2 1 -1 2 0 -2 1 -1 2 0 -2 1 -1 2 0 -2 1 -1 2 0 -2 1 -1 2 0 -2 1 -1 2 0 -2 1 -1 2 0 -2 1 -1 2 0 -2 1 -1 2 0 -2 1 -1 2 0 -2 1 -1 2 0 -2 1 -1 2 0 -2 1 -1 2 0 -2 1 -1 2 0 -2 1 -1 2 0 -2 1 -1 2 0 -2 1 -1 2 0 -2 1 -1 2 0 -2 1 -1 2 0 -2 1 -1 2 0 -2 1 -1 2 0 -2 1 -1 2 0 -2 1 -1 2 0 -2 1 -1 2 0 -2 1 -1 2 0 -2 1 -1 2 0 -2 1 -1 2 0 -2 1 -1 2 0 -2 1 -1 2 0 -2 1 -1 2 0 -2 1 -1 2 0 -2 1 -1 2 0 -2 1 -1 2 0 -2 1 -1 2 0 -2 1 -1 2 0 -2 1 -1 2 0 -2 1 -1 2 0 -2 1 -1 2 0 -2 1 -1 2 0 -2 1 -1 2 0 -2 1 -1 2 0 -2 1 -1 2 0 -2 1 -1 2 0 -2 1 -1 2 0 -2 1 -1 2 0 -2 1 -1 2 0 -2 1 -1 2 0 -2 1 -1 2 0 -2 1 -1 2 0 -2 1 -1 2 0 721 1 -1 2 0 -2 1 -1 2 0 -2 1 -1 2 0 -2 1 -1 2 0 -2 1 -1 2 0 -2 1 -1 2 0 -2 1 -1 2 0 -2 1 -1 2 0 -2 1 -1 2 0 -2 1 -1 2 0 -2 1 -1 2 0 -2 1 -1 2 0 -2 1 -1 2 0
0 -1 -2 2 1 0 -1 -2 2 1 0 -1 -2 2 1 0 -1 -2 2 1 0 -1 -2 2 1 0 -1 -2 2 1 0 -1 -2 2 1 0 -1 -2 2 1 0 -1 -2 2 1 0 -1 -2 2 1 0 -1 -2 2 1 0 -1 -2 2 1 0 -1 -2 2 1 0 -1 -2 2 1 0 -1 -2 2 1 0 -1 -2 2 1 0 -1 -2 2 1 0 -1 -2 2 1 0 -1 -2 2 1 0 -1 -2 2 1 0 -1 -2 2 1 0 -1 -2 2 1 0 -1 -2 2 1 0 -1 -2 2 1 0 -1 -2 2 1 0 -1 -2 2 1 0 -1 -2 2 1 0 -1 -2 2 1 0 -1 -2 2 1 0 -1 -2 2 1 0 -1 -2 2 1 0 -1 -2 2 1 0 -1 -2 2 1 0 -1 -2 2 1 0 -1 -2 2 1 0 -1 -2 2 1 0 -1 -2 2 1 0 -1 -2 2 1 0 -1 -2 2 1 0 -1 -2 2 1 0 -1 -2 2 1 0 -1 -2 2 1 0 -1 -2 2 1 0 -1 -2 2 1 0 -1 -2 2 1 0 -1 -2 2 1 0 -1 -2 2 1 0 -1 -2 2 1 0 -1 -2 2 1 0 -1 -2 2 1 0 -1 -2 2 1 0 -1 -2 2 1 0 -1 -2 2 1 0 -1 -2 2 1 0 -1 -2 2 1 0 -1 -2 2 1 0 -1 -2 2 1 0 -1 -2 2 1 0 -1 -2 2 1 0 -1 -2 2 1 0 -1 -2 2 1 0 -1 -2 2 1 0 -1 -2 2 1 0 -1 -2 2 1 0 -1 -2 2 1 0 -1 -2 2 1 0 -1 -2 2 1 0 -1 -2 2 1 0 -1 -2 2 1 0 -1 -2 2 1 0 -1 -2 2 1 0 -1 -2 2 1 0 -1 -2 2 1 0 -1 -2 2 1 0 -1 -2 2 1 0 -1 -2 2 1 0 -1 -2 2 1 0 -1 -2 2 1 0 -1 -2 2 1 0 -1 -2 2 1 0 -1 -2 2 1 0 -1 -2 2 1 0 -1 -2 2 1 0 -1 -2 2 1 0 -1 -2 2 1 0 -1 -2 2 1 0 -1 -2 2 1 0 -1 -2 2 1 0 -1 -2 2 1 0 -1 -2 2 1 0 -1 -2 2 1 0 -1 -2 2 1 0 -1 -2 2 1 0 -1 -2 2 1 0 -1 -2 2 1 0 -1 -2 2 1 0 -1 -2 2 1 0 -1 -2 2 1 0 -1 -2 2 1 0 -1 -2 2 1 0 -1 -2 2 1 0 -1 -2 2 1 0 -1 -2 2 1 0 -1 -2 2 1 0 -1 -2 2 1 0 -1 -2 2 1 0 -1 -2 2 1 0 722 -2 2 1 0 -1 -2 2 1 0 -1 -2 2 1 0 -1 -2 2 1 0 -1 -2 2 1 0 -1 -2 2 1 0 -1 -2 2 1 0 -1 -2 2 1 0 -1 -2 2 1 0 -1 -2 2 1 0 -1 -2 2 1 0 -1 -2 2 1 0 -1 -2 2 1
2 2 2 2 2 2 2 2 2 2 2 2 2 2 2 2 2 2 2 2 2 2 2 2 2 2 2 2 2 2 2 2 2 2 2 2 2 2 2 2 2 2 2 2 2 2 2 2 2 2 2 2 2 2 2 2 2 2 2 2 2 2 2 2 2 2 2 2 2 2 2 2 2 2 2 2 2 2 2 2 2 2 2 2 2 2 2 2 2 2 2 2 2 2 2 2 2 2 2 2 2 2 2 2 2 2 2 2 2 2 2 2 2 2 2 2 2 2 2 2 2 2 2 2 2 2 2 2 2 2 2 2 2 2 2 2 2 2 2 2 2 2 2 2 2 2 2 2 2 2 2 2 2 2 2 2 2 2 2 2 2 2 2 2 2 2 2 2 2 2 2 2 2 2 2 2 2 2 2 2 2 2 2 2 2 2 2 2 2 2 2 2 2 2 2 2 2 2 2 2 2 2 2 2 2 2 2 2 2 2 2 2 2 2 2 2 2 2 2 2 2 2 2 2 2 2 2 2 2 2 2 2 2 2 2 2 2 2 2 2 2 2 2 2 2 2 2 2 2 2 2 2 2 2 2 2 2 2 2 2 2 2 2 2 2 2 2 2 2 2 2 2 2 2 2 2 2 2 2 2 2 2 2 2 2 2 2 2 2 2 2 2 2 2 2 2 2 2 2 2 2 2 2 2 2 2 2 2 2 2 2 2 2 2 2 2 2 2 2 2 2 2 2 2 2 2 2 2 2 2 2 2 2 2 2 2 2 2 2 2 2 2 2 2 2 2 2 2 2 2 2 2 2 2 2 2 2 2 2 2 2 2 2 2 2 2 2 2 2 2 2 2 2 2 2 2 2 2 2 2 2 2 2 2 2 2 2 2 2 2 2 2 2 2 2 2 2 2 2 2 2 2 2 2 2 2 2 2 2 2 2 2 2 2 2 2 2 2 2 2 2 2 2 2 2 2 2 2 2 2 2 2 2 2 2 2 2 2 2 2 2 2 2 2 2 2 2 2 2 2 2 2 2 2 2 2 2 2 2 2 2 2 2 2 2 2 2 2 2 2 2 2 2 2 2 2 2 2 2 2 2 2 2 2 2 2 2 2 2 2 2 2 2 2 2 2 2 2 2 2 2 2 2 2 2 2 2 2 2 2 2 2 2 2 2 2 2 2 2 2 2 2 2 2 2 2 2 2 2 2 2 2 2 2 2 2 2 1201 2 2 2 2 2 2 2 2 2 2 2 2 2 2 2 2 2 2 2 2 2 2 2 2 2 2 2 2 2 2 2 2 2 2 2 2 2 2 2 2 2 2 2 2 2 2 2 2 2 2 2 2 2 2 2 2 2 2 2 2 2 2
-1 0 1 2 -2 -1 0 1 2 -2 -1 0 1 2 -2 -1 0 1 2 -2 -1 0 1 2 -2 -1 0 1 2 -2 -1 0 1 2 -2 -1 0 1 2 -2 -1 0 1 2 -2 -1 0 1 2 -2 -1 0 1 2 -2 -1 0 1 2 -2 -1 0 1 2 -2 -1 0 1 2 -2 -1 0 1 2 -2 -1 0 1 2 -2 -1 0 1 2 -2 -1 0 1 2 -2 -1 0 1 2 -2 -1 0 1 2 -2 -1 0 1 2 -2 -1 0 1 2 -2 -1 0 1 2 -2 -1 0 1 2 -2 -1 0 1 2 -2 -1 0 1 2 -2 -1 0 1 2 -2 -1 0 1 2 -2 -1 0 1 2 -2 -1 0 1 2 -2 -1 0 1 2 -2 -1 0 1 2 -2 -1 0 1 2 -2 -1 0 1 2 -2 -1 0 1 2 -2 -1 0 1 2 -2 -1 0 1 2 -2 -1 0 1 2 -2 -1 0 1 2 -2 -1 0 1 2 -2 -1 0 1 2 -2 -1 0 1 2 -2 -1 0 1 2 -2 -1 0 1 2 -2 -1 0 1 2 -2 -1 0 1 2 -2 -1 0 1 2 -2 -1 0 1 2 -2 -1 0 1 2 -2 -1 0 1 2 -2 -1 0 1 2 -2 -1 0 1 2 -2 -1 0 1 2 -2 -1 0 1 2 -2 -1 0 1 2 -2 -1 0 1 2 -2 -1 0 1 2 -2 -1 0 1 2 -2 -1 0 1 2 -2 -1 0 1 2 -2 -1 0 1 2 -2 -1 0 1 2 -2 -1 0 1 2 -2 -1 0 1 2 -2 -1 0 1 2 -2 -1 0 1 2 -2 -1 0 1 2 -2 -1 0 1 2 -2 -1 0 1 2 -2 -1 0 1 2 -2 -1 0 1 2 -2 -1 0 1 2 -2 -1 0 1 2 -2 -1 0 1 2 -2 -1 0 1 2 -2 -1 0 1 2 -2 -1 0 1 2 -2 -1 0 1 2 -2 -1 0 1 2 -2 -1 0 1 2 -2 -1 0 1 2 -2 -1 0 1 2 -2 -1 0 1 2 -2 -1 0 1 2 -2 -1 0 1 2 -2 -1 0 1 2 -2 -1 0 1 2 -2 -1 0 1 2 -2 -1 0 1 2 -2 -1 0 1 2 -2 -1 0 1 2 -2 -1 0 1 2 -2 -1 0 1 2 -2 -1 0 1 2 -2 -1 0 1 2 -2 -1 0 1 2 -2 -1 0 1 2 -2 -1 0 1 2 -2 -1 0 1 2 -2 -1 0 1 2 -2 -1 0 1 2 -2 -1 0 1 2 -2 -1 0 1 2 -2 -1 0 1 2 -2 -1 0 1 2 -2 -1 0 1 2 -2 -1 0 1 2 -2 -1 0 1 721 -2 -1 0 1 2 -2 -1 0 1 2 -2 -1 0 1 2 -2 -1 0 1 2 -2 -1 0 1 2 -2 -1 0 1 2 -2 -1 0 1 2 -2 -1 0 1 2 -2 -1 0 1 2 -2 -1 0 1 2 -2 -1 0 1 2 -2 -1 0 1 2 -2
1 -2 0 2 -1 1 -2 0 2 -1 1 -2 0 2 -1 1 -2 0 2 -1 1 -2 0 2 -1 1 -2 0 2 -1 1 -2 0 2 -1 1 -2 0 2 -1 1 -2 0 2 -1 1 -2 0 2 -1 1 -2 0 2 -1 1 -2 0 2 -1 1 -2 0 2 -1 1 -2 0 2 -1 1 -2 0 2 -1 1 -2 0 2 -1 1 -2 0 2 -1 1 -2 0 2 -1 1 -2 0 2 -1 1 -2 0 2 -1 1 -2 0 2 -1 1 -2 0 2 -1 1 -2 0 2 -1 1 -2 0 2 -1 1 -2 0 2 -1 1 -2 0 2 -1 1 -2 0 2 -1 1 -2 0 2 -1 1 -2 0 2 -1 1 -2 0 2 -1 1 -2 0 2 -1 1 -2 0 2 -1 1 -2 0 2 -1 1 -2 0 2 -1 1 -2 0 2 -1 1 -2 0 2 -1 1 -2 0 2 -1 1 -2 0 2 -1 1 -2 0 2 -1 1 -2 0 2 -1 1 -2 0 2 -1 1 -2 0 2 -1 1 -2 0 2 -1 1 -2 0 2 -1 1 -2 0 2 -1 1 -2 0 2 -1 1 -2 0 2 -1 1 -2 0 2 -1 1 -2 0 2 -1 1 -2 0 2 -1 1 -2 0 2 -1 1 -2 0 2 -1 1 -2 0 2 -1 1 -2 0 2 -1 1 -2 0 2 -1 1 -2 0 2 -1 1 -2 0 2 -1 1 -2 0 2 -1 1 -2 0 2 -1 1 -2 0 2 -1 1 -2 0 2 -1 1 -2 0 2 -1 1 -2 0 2 -1 1 -2 0 2 -1 1 -2 0 2 -1 1 -2 0 2 -1 1 -2 0 2 -1 1 -2 0 2 -1 1 -2 0 2 -1 1 -2 0 2 -1 1 -2 0 2 -1 1 -2 0 2 -1 1 -2 0 2 -1 1 -2 0 2 -1 1 -2 0 2 -1 1 -2 0 2 -1 1 -2 0 2 -1 1 -2 0 2 -1 1 -2 0 2 -1 1 -2 0 2 -1 1 -2 0 2 -1 1 -2 0 2 -1 1 -2 0 2 -1 1 -2 0 2 -1 1 -2 0 2 -1 1 -2 0 2 -1 1 -2 0 2 -1 1 -2 0 2 -1 1 -2 0 2 -1 1 -2 0 2 -1 1 -2 0 2 -1 1 -2 0 2 -1 1 -2 0 2 -1 1 -2 0 2 -1 1 -2 0 2 -1 1 -2 0 2 -1 1 -2 0 2 -1 1 -2 0 2 -1 1 -2 0 2 -1 1 -2 0 2 -1 1 -2 0 2 -1 1 -2 0 2 -1 1 -2 0 2 -1 1 -2 0 2 -1 1 -2 0 2 -1 1 -2 0 2 -1 1 -2 0 2 -1 1 -2 0 2 722 1 -2 0 2 -1 1 -2 0 2 -1 1 -2 0 2 -1 1 -2 0 2 -1 1 -2 0 2 -1 1 -2 0 2 -1 1 -2 0 2 -1 1 -2 0 2 -1 1 -2 0 2 -1 1 -2 0 2 -1 1 -2 0 2 -1 1 -2 0 2 -1
-2 1 -1 2 0 -2 1 -1 2 0 -2 1 -1 2 0 -2 1 -1 2 0 -2 1 -1 2 0 -2 1 -1 2 0 -2 1 -1 2 0 -2 1 -1 2 0 -2 1 -1 2 0 -2 1 -1 2 0 -2 1 -1 2 0 -2 1 -1 2 0 -2 1 -1 2 0 -2 1 -1 2 0 -2 1 -1 2 0 -2 1 -1 2 0 -2 1 -1 2 0 -2 1 -1 2 0 -2 1 -1 2 0 -2 1 -1 2 0 -2 1 -1 2 0 -2 1 -1 2 0 -2 1 -1 2 0 -2 1 -1 2 0 -2 1 -1 2 0 -2 1 -1 2 0 -2 1 -1 2 0 -2 1 -1 2 0 -2 1 -1 2 0 -2 1 -1 2 0 -2 1 -1 2 0 -2 1 -1 2 0 -2 1 -1 2 0 -2 1 -1 2 0 -2 1 -1 2 0 -2 1 -1 2 0 -2 1 -1 2 0 -2 1 -1 2 0 -2 1 -1 2 0 -2 1 -1 2 0 -2 1 -1 2 0 -2 1 -1 2 0 -2 1 -1 2 0 -2 1 -1 2 0 -2 1 -1 2 0 -2 1 -1 2 0 -2 1 -1 2 0 -2 1 -1 2 0 -2 1 -1 2 0 -2 1 -1 2 0 -2 1 -1 2 0 -2 1 -1 2 0 -2 1 -1 2 0 -2 1 -1 2 0 -2 1 -1 2 0 -2 1 -1 2 0 -2 1 -1 2 0 -2 1 -1 2 0 -2 1 -1 2 0 -2 1 -1 2 0 -2 1 -1 2 0 -2 1 -1 2 0 -2 1 -1 2 0 -2 1 -1 2 0 -2 1 -1 2 0 -2 1 -1 2 0 -2 1 -1 2 0 -2 1 -1 2 0 -2 1 -1 2 0 -2 1 -1 2 0 -2 1 -1 2 0 -2 1 -1 2 0 -2 1 -1 2 0 -2 1 -1 2 0 -2 1 -1 2 0 -2 1 -1 2 0 -2 1 -1 2 0 -2 1 -1 2 0 -2 1 -1 2 0 -2 1 -1 2 0 -2 1 -1 2 0 -2 1 -1 2 0 -2 1 -1 2 0 -2 1 -1 2 0 -2 1 -1 2 0 -2 1 -1 2 0 -2 1 -1 2 0 -2 1 -1 2 0 -2 1 -1 2 0 -2 1 -1 2 0 -2 1 -1 2 0 -2 1 -1 2 0 -2 1 -1 2 0 -2 1 -1 2 0 -2 1 -1 2 0 -2 1 -1 2 0 -2 1 -1 2 0 -2 1 -1 2 0 -2 1 -1 2 0 -2 1 -1 2 0 -2 1 -1 2 0 -2 1 -1 2 0 -2 1 -1 2 0 -2 1 -1 2 0 -2 1 -1 2 0 -2 1 -1 2 0 -2 1 -1 2 0 -2 1 -1 2 0 721 1 -1 2 0 -2 1 -1 2 0 -2 1 -1 2 0 -2 1 -1 2 0 -2 1 -1 2 0 -2 1 -1 2 0 -2 1 -1 2 0 -2 1 -1 2 0 -2 1 -1 2 0 -2 1 -1 2 0 -2 1 -1 2 0 -2 1 -1 2 0
0 -1 -2 2 1 0 -1 -2 2 1 0 -1 -2 2 1 0 -1 -2 2 1 0 -1 -2 2 1 0 -1 -2 2 1 0 -1 -2 2 1 0 -1 -2 2 1 0 -1 -2 2 1 0 -1 -2 2 1 0 -1 -2 2 1 0 -1 -2 2 1 0 -1 -2 2 1 0 -1 -2 2 1 0 -1 -2 2 1 0 -1 -2 2 1 0 -1 -2 2 1 0 -1 -2 2 1 0 -1 -2 2 1 0 -1 -2 2 1 0 -1 -2 2 1 0 -1 -2 2 1 0 -1 -2 2 1 0 -1 -2 2 1 0 -1 -2 2 1 0 -1 -2 2 1 0 -1 -2 2 1 0 -1 -2 2 1 0 -1 -2 2 1 0 -1 -2 2 1 0 -1 -2 2 1 0 -1 -2 2 1 0 -1 -2 2 1 0 -1 -2 2 1 0 -1 -2 2 1 0 -1 -2 2 1 0 -1 -2 2 1 0 -1 -2 2 1 0 -1 -2 2 1 0 -1 -2 2 1 0 -1 -2 2 1 0 -1 -2 2 1 0 -1 -2 2 1 0 -1 -2 2 1 0 -1 -2 2 1 0 -1 -2 2 1 0 -1 -2 2 1 0 -1 -2 2 1 0 -1 -2 2 1 0 -1 -2 2 1 0 -1 -2 2 1 0 -1 -2 2 1 0 -1 -2 2 1 0 -1 -2 2 1 0 -1 -2 2 1 0 -1 -2 2 1 0 -1 -2 2 1 0 -1 -2 2 1 0 -1 -2 2 1 0 -1 -2 2 1 0 -1 -2 2 1 0 -1 -2 2 1 0 -1 -2 2 1 0 -1 -2 2 1 0 -1 -2 2 1 0 -1 -2 2 1 0 -1 -2 2 1 0 -1 -2 2 1 0 -1 -2 2 1 0 -1 -2 2 1 0 -1 -2 2 1 0 -1 -2 2 1 0 -1 -2 2 1 0 -1 -2 2 1 0 -1 -2 2 1 0 -1 -2 2 1 0 -1 -2 2 1 0 -1 -2 2 1 0 -1 -2 2 1 0 -1 -2 2 1 0 -1 -2 2 1 0 -1 -2 2 1 0 -1 -2 2 1 0 -1 -2 2 1 0 -1 -2 2 1 0 -1 -2 2 1 0 -1 -2 2 1 0 -1 -2 2 1 0 -1 -2 2 1 0 -1 -2 2 1 0 -1 -2 2 1 0 -1 -2 2 1 0 -1 -2 2 1 0 -1 -2 2 1 0 -1 -2 2 1 0 -1 -2 2 1 0 -1 -2 2 1 0 -1 -2 2 1 0 -1 -2 2 1 0 -1 -2 2 1 0 -1 -2 2 1 0 -1 -2 2 1 0 -1 -2 2 1 0 -1 -2 2 1 0 -1 -2 2 1 0 -1 -2 2 1 0 -1 -2 2 1 0 -1 -2 2 1 0 722 -2 2 1 0 -1 -2 2 1 0 -1 -2 2 1 0 -1 -2 2 1 0 -1 -2 2 1 0 -1 -2 2 1 0 -1 -2 2 1 0 -1 -2 2 1 0 -1 -2 2 1 0 -1 -2 2 1 0 -1 -2 2 1 0 -1 -2 2 1
2 2 2 2 2 2 2 2 2 2 2 2 2 2 2 2 2 2 2 2 2 2 2 2 2 2 2 2 2 2 2 2 2 2 2 2 2 2 2 2 2 2 2 2 2 2 2 2 2 2 2 2 2 2 2 2 2 2 2 2 2 2 2 2 2 2 2 2 2 2 2 2 2 2 2 2 2 2 2 2 2 2 2 2 2 2 2 2 2 2 2 2 2 2 2 2 2 2 2 2 2 2 2 2 2 2 2 2 2 2 2 2 2 2 2 2 2 2 2 2 2 2 2 2 2 2 2 2 2 2 2 2 2 2 2 2 2 2 2 2 2 2 2 2 2 2 2 2 2 2 2 2 2 2 2 2 2 2 2 2 2 2 2 2 2 2 2 2 2 2 2 2 2 2 2 2 2 2 2 2 2 2 2 2 2 2 2 2 2 2 2 2 2 2 2 2 2 2 2 2 2 2 2 2 2 2 2 2 2 2 2 2 2 2 2 2 2 2 2 2 2 2 2 2 2 2 2 2 2 2 2 2 2 2 2 2 2 2 2 2 2 2 2 2 2 2 2 2 2 2 2 2 2 2 2 2 2 2 2 2 2 2 2 2 2 2 2 2 2 2 2 2 2 2 2 2 2 2 2 2 2 2 2 2 2 2 2 2 2 2 2 2 2 2 2 2 2 2 2 2 2 2 2 2 2 2 2 2 2 2 2 2 2 2 2 2 2 2 2 2 2 2 2 2 2 2 2 2 2 2 2 2 2 2 2 2 2 2 2 2 2 2 2 2 2 2 2 2 2 2 2 2 2 2 2 2 2 2 2 2 2 2 2 2 2 2 2 2 2 2 2 2 2 2 2 2 2 2 2 2 2 2 2 2 2 2 2 2 2 2 2 2 2 2 2 2 2 2 2 2 2 2 2 2 2 2 2 2 2 2 2 2 2 2 2 2 2 2 2 2 2 2 2 2 2 2 2 2 2 2 2 2 2 2 2 2 2 2 2 2 2 2 2 2 2 2 2 2 2 2 2 2 2 2 2 2 2 2 2 2 2 2 2 2 2 2 2 2 2 2 2 2 2 2 2 2 2 2 2 2 2 2 2 2 2 2 2 2 2 2 2 2 2 2 2 2 2 2 2 2 2 2 2 2 2 2 2 2 2 2 2 2 2 2 2 2 2 2 2 2 2 2 2 2 2 2 2 2 2 2 2 2 2 2 2 2 2 2 2 2 2 2 1201 2 2 2 2 2 2 2 2 2 2 2 2 2 2 2 2 2 2 2 2 2 2 2 2 2 2 2 2 2 2 2 2 2 2 2 2 2 2 2 2 2 2 2 2 2 2 2 2 2 2 2 2 2 2 2 2 2
-1 0 1 2 -2 -1 0 1 2 -2 -1 0 1 2 -2 -1 0 1 2 -2 -1 0 1 2 -2 -1 0 1 2 -2 -1 0 1 2 -2 -1 0 1 2 -2 -1 0 1 2 -2 -1 0 1 2 -2 -1 0 1 2 -2 -1 0 1 2 -2 -1 0 1 2 -2 -1 0 1 2 -2 -1 0 1 2 -2 -1 0 1 2 -2 -1 0 1 2 -2 -1 0 1 2 -2 -1 0 1 2 -2 -1 0 1 2 -2 -1 0 1 2 -2 -1 0 1 2 -2 -1 0 1 2 -2 -1 0 1 2 -2 -1 0 1 2 -2 -1 0 1 2 -2 -1 0 1 2 -2 -1 0 1 2 -2 -1 0 1 2 -2 -1 0 1 2 -2 -1 0 1 2 -2 -1 0 1 2 -2 -1 0 1 2 -2 -1 0 1 2 -2 -1 0 1 2 -2 -1 0 1 2 -2 -1 0 1 2 -2 -1 0 1 2 -2 -1 0 1 2 -2 -1 0 1 2 -2 -1 0 1 2 -2 -1 0 1 2 -2 -1 0 1 2 -2 -1 0 1 2 -2 -1 0 1 2 -2 -1 0 1 2 -2 -1 0 1 2 -2 -1 0 1 2 -2 -1 0 1 2 -2 -1 0 1 2 -2 -1 0 1 2 -2 -1 0 1 2 -2 -1 0 1 2 -2 -1 0 1 2 -2 -1 0 1 2 -2 -1 0 1 2 -2 -1 0 1 2 -2 -1 0 1 2 -2 -1 0 1 2 -2 -1 0 1 2 -2 -1 0 1 2 -2 -1 0 1 2 -2 -1 0 1 2 -2 -1 0 1 2 -2 -1 0 1 2 -2 -1 0 1 2 -2 -1 0 1 2 -2 -1 0 1 2 -2 -1 0 1 2 -2 -1 0 1 2 -2 -1 0 1 2 -2 -1 0 1 2 -2 -1 0 1 2 -2 -1 0 1 2 -2 -1 0 1 2 -2 -1 0 1 2 -2 -1 0 1 2 -2 -1 0 1 2 -2 -1 0 1 2 -2 -1 0 1 2 -2 -1 0 1 2 -2 -1 0 1 2 -2 -1 0 1 2 -2 -1 0 1 2 -2 -1 0 1 2 -2 -1 0 1 2 -2 -1 0 1 2 -2 -1 0 1 2 -2 -1 0 1 2 -2 -1 0 1 2 -2 -1 0 1 2 -2 -1 0 1 2 -2 -1 0 1 2 -2 -1 0 1 2 -2 -1 0 1 2 -2 -1 0 1 2 -2 -1 0 1 2 -2 -1 0 1 2 -2 -1 0 1 2 -2 -1 0 1 2 -2 -1 0 1 2 -2 -1 0 1 2 -2 -1 0 1 2 -2 -1 0 1 2 -2 -1 0 1 2 -2 -1 0 1 2 -2 -1 0 1 2 -2 -1 0 1 2 -2 -1 0 1 721 -2 -1 0 1 2 -2 -1 0 1 2 -2 -1 0 1 2 -2 -1 0 1 2 -2 -1 0 1 2 -2 -1 0 1 2 -2 -1 0 1 2 -2 -1 0 1 2 -2 -1 0 1 2 -2 -1 0 1 2 -2 -1 0 1 2 -2
1 -2 0 2 -1 1 -2 0 2 -1 1 -2 0 2 -1 1 -2 0 2 -1 1 -2 0 2 -1 1 -2 0 2 -1 1 -2 0 2 -1 1 -2 0 2 -1 1 -2 0 2 -1 1 -2 0 2 -1 1 -2 0 2 -1 1 -2 0 2 -1 1 -2 0 2 -1 1 -2 0 2 -1 1 -2 0 2 -1 1 -2 0 2 -1 1 -2 0 2 -1 1 -2 0 2 -1 1 -2 0 2 -1 1 -2 0 2 -1 1 -2 0 2 -1 1 -2 0 2 -1 1 -2 0 2 -1 1 -2 0 2 -1 1 -2 0 2 -1 1 -2 0 2 -1 1 -2 0 2 -1 1 -2 0 2 -1 1 -2 0 2 -1 1 -2 0 2 -1 1 -2 0 2 -1 1 -2 0 2 -1 1 -2 0 2 -1 1 -2 0 2 -1 1 -2 0 2 -1 1 -2 0 2 -1 1 -2 0 2 -1 1 -2 0 2 -1 1 -2 0 2 -1 1 -2 0 2 -1 1 -2 0 2 -1 1 -2 0 2 -1 1 -2 0 2 -1 1 -2 0 2 -1 1 -2 0 2 -1 1 -2 0 2 -1 1 -2 0 2 -1 1 -2 0 2 -1 1 -2 0 2 -1 1 -2 0 2 -1 1 -2 0 2 -1 1 -2 0 2 -1 1 -2 0 2 -1 1 -2 0 2 -1 1 -2 0 2 -1 1 -2 0 2 -1 1 -2 0 2 -1 1 -2 0 2 -1 1 -2 0 2 -1 1 -2 0 2 -1 1 -2 0 2 -1 1 -2 0 2 -1 1 -2 0 2 -1 1 -2 0 2 -1 1 -2 0 2 -1 1 -2 0 2 -1 1 -2 0 2 -1 1 -2 0 2 -1 1 -2 0 2 -1 1 -2 0 2 -1 1 -2 0 2 -1 1 -2 0 2 -1 1 -2 0 2 -1 1 -2 0 2 -1 1 -2 0 2 -1 1 -2 0 2 -1 1 -2 0 2 -1 1 -2 0 2 -1 1 -2 0 2 -1 1 -2 0 2 -1 1 -2 0 2 -1 1 -2 0 2 -1 1 -2 0 2 -1 1 -2 0 2 -1 1 -2 0 2 -1 1 -2 0 2 -1 1 -2 0 2 -1 1 -2 0 2 -1 1 -2 0 2 -1 1 -2 0 2 -1 1 -2 0 2 -1 1 -2 0 2 -1 1 -2 0 2 -1 1 -2 0 2 -1 1 -2 0 2 -1 1 -2 0 2 -1 1 -2 0 2 -1 1 -2 0 2 -1 1 -2 0 2 -1 1 -2 0 2 -1 1 -2 0 2 -1 1 -2 0 2 -1 1 -2 0 2 -1 1 -2 0 2 -1 1 -2 0 2 -1 1 -2 0 2 -1 1 -2 0 2 -1 1 -2 0 2 -1 1 -2 0 2 722 1 -2 0 2 -1 1 -2 0 2 -1 1 -2 0 2 -1 1 -2 0 2 -1 1 -2 0 2 -1 1 -2 0 2 -1 1 -2 0 2 -1 1 -2 0 2 -1 1 -2 0 2 -1 1 -2 0 2 -1 1 -2 0 2 -1
-2 1 -1 2 0 -2 1 -1 2 0 -2 1 -1 2 0 -2 1 -1 2 0 -2 1 -1 2 0 -2 1 -1 2 0 -2 1 -1 2 0 -2 1 -1 2 0 -2 1 -1 2 0 -2 1 -1 2 0 -2 1 -1 2 0 -2 1 -1 2 0 -2 1 -1 2 0 -2 1 -1 2 0 -2 1 -1 2 0 -2 1 -1 2 0 -2 1 -1 2 0 -2 1 -1 2 0 -2 1 -1 2 0 -2 1 -1 2 0 -2 1 -1 2 0 -2 1 -1 2 0 -2 1 -1 2 0 -2 1 -1 2 0 -2 1 -1 2 0 -2 1 -1 2 0 -2 1 -1 2 0 -2 1 -1 2 0 -2 1 -1 2 0 -2 1 -1 2 0 -2 1 -1 2 0 -2 1 -1 2 0 -2 1 -1 2 0 -2 1 -1 2 0 -2 1 -1 2 0 -2 1 -1 2 0 -2 1 -1 2 0 -2 1 -1 2 0 -2 1 -1 2 0 -2 1 -1 2 0 -2 1 -1 2 0 -2 1 -1 2 0 -2 1 -1 2 0 -2 1 -1 2 0 -2 1 -1 2 0 -2 1 -1 2 0 -2 1 -1 2 0 -2 1 -1 2 0 -2 1 -1 2 0 -2 1 -1 2 0 -2 1 -1 2 0 -2 1 -1 2 0 -2 1 -1 2 0 -2 1 -1 2 0 -2 1 -1 2 0 -2 1 -1 2 0 -2 1 -1 2 0 -2 1 -1 2 0 -2 1 -1 2 0 -2 1 -1 2 0 -2 1 -1 2 0 -2 1 -1 2 0 -2 1 -1 2 0 -2 1 -1 2 0 -2 1 -1 2 0 -2 1 -1 2 0 -2 1 -1 2 0 -2 1 -1 2 0 -2 1 -1 2 0 -2 1 -1 2 0 -2 1 -1 2 0 -2 1 -1 2 0 -2 1 -1 2 0 -2 1 -1 2 0 -2 1 -1 2 0 -2 1 -1 2 0 -2 1 -1 2 0 -2 1 -1 2 0 -2 1 -1 2 0 -2 1 -1 2 0 -2 1 -1 2 0 -2 1 -1 2 0 -2 1 -1 2 0 -2 1 -1 2 0 -2 1 -1 2 0 -2 1 -1 2 0 -2 1 -1 2 0 -2 1 -1 2 0 -2 1 -1 2 0 -2 1 -1 2 0 -2 1 -1 2 0 -2 1 -1 2 0 -2 1 -1 2 0 -2 1 -1 2 0 -2 1 -1 2 0 -2 1 -1 2 0 -2 1 -1 2 0 -2 1 -1 2 0 -2 1 -1 2 0 -2 1 -1 2 0 -2 1 -1 2 0 -2 1 -1 2 0 -2 1 -1 2 0 -2 1 -1 2 0 -2 1 -1 2 0 -2 1 -1 2 0 -2 1 -1 2 0 -2 1 -1 2 0 -2 1 -1 2 0 721 1 -1 2 0 -2 1 -1 2 0 -2 1 -1 2 0 -2 1 -1 2 0 -2 1 -1 2 0 -2 1 -1 2 0 -2 1 -1 2 0 -2 1 -1 2 0 -2 1 -1 2 0 -2 1 -1 2 0 -2 1 -1 2 0
0 -1 -2 2 1 0 -1 -2 2 1 0 -1 -2 2 1 0 -1 -2 2 1 0 -1 -2 2 1 0 -1 -2 2 1 0 -1 -2 2 1 0 -1 -2 2 1 0 -1 -2 2 1 0 -1 -2 2 1 0 -1 -2 2 1 0 -1 -2 2 1 0 -1 -2 2 1 0 -1 -2 2 1 0 -1 -2 2 1 0 -1 -2 2 1 0 -1 -2 2 1 0 -1 -2 2 1 0 -1 -2 2 1 0 -1 -2 2 1 0 -1 -2 2 1 0 -1 -2 2 1 0 -1 -2 2 1 0 -1 -2 2 1 0 -1 -2 2 1 0 -1 -2 2 1 0 -1 -2 2 1 0 -1 -2 2 1 0 -1 -2 2 1 0 -1 -2 2 1 0 -1 -2 2 1 0 -1 -2 2 1 0 -1 -2 2 1 0 -1 -2 2 1 0 -1 -2 2 1 0 -1 -2 2 1 0 -1 -2 2 1 0 -1 -2 2 1 0 -1 -2 2 1 0 -1 -2 2 1 0 -1 -2 2 1 0 -1 -2 2 1 0 -1 -2 2 1 0 -1 -2 2 1 0 -1 -2 2 1 0 -1 -2 2 1 0 -1 -2 2 1 0 -1 -2 2 1 0 -1 -2 2 1 0 -1 -2 2 1 0 -1 -2 2 1 0 -1 -2 2 1 0 -1 -2 2 1 0 -1 -2 2 1 0 -1 -2 2 1 0 -1 -2 2 1 0 -1 -2 2 1 0 -1 -2 2 1 0 -1 -2 2 1 0 -1 -2 2 1 0 -1 -2 2 1 0 -1 -2 2 1 0 -1 -2 2 1 0 -1 -2 2 1 0 -1 -2 2 1 0 -1 -2 2 1 0 -1 -2 2 1 0 -1 -2 2 1 0 -1 -2 2 1 0 -1 -2 2 1 0 -1 -2 2 1 0 -1 -2 2 1 0 -1 -2 2 1 0 -1 -2 2 1 0 -1 -2 2 1 0 -1 -2 2 1 0 -1 -2 2 1 0 -1 -2 2 1 0 -1 -2 2 1 0 -1 -2 2 1 0 -1 -2 2 1 0 -1 -2 2 1 0 -1 -2 2 1 0 -1 -2 2 1 0 -1 -2 2 1 0 -1 -2 2 1 0 -1 -2 2 1 0 -1 -2 2 1 0 -1 -2 2 1 0 -1 -2 2 1 0 -1 -2 2 1 0 -1 -2 2 1 0 -1 -2 2 1 0 -1 -2 2 1 0 -1 -2 2 1 0 -1 -2 2 1 0 -1 -2 2 1 0 -1 -2 2 1 0 -1 -2 2 1 0 -1 -2 2 1 0 -1 -2 2 1 0 -1 -2 2 1 0 -1 -2 2 1 0 -1 -2 2 1 0 -1 -2 2 1 0 -1 -2 2 1 0 -1 -2 2 1 0 -1 -2 2 1 0 -1 -2 2 1 0 722 -2 2 1 0 -1 -2 2 1 0 -1 -2 2 1 0 -1 -2 2 1 0 -1 -2 2 1 0 -1 -2 2 1 0 -1 -2 2 1 0 -1 -2 2 1 0 -1 -2 2 1 0 -1 -2 2 1 0 -1 -2 2 1
2 2 2 2 2 2 2 2 2 2 2 2 2 2 2 2 2 2 2 2 2 2 2 2 2 2 2 2 2 2 2 2 2 2 2 2 2 2 2 2 2 2 2 2 2 2 2 2 2 2 2 2 2 2 2 2 2 2 2 2 2 2 2 2 2 2 2 2 2 2 2 2 2 2 2 2 2 2 2 2 2 2 2 2 2 2 2 2 2 2 2 2 2 2 2 2 2 2 2 2 2 2 2 2 2 2 2 2 2 2 2 2 2 2 2 2 2 2 2 2 2 2 2 2 2 2 2 2 2 2 2 2 2 2 2 2 2 2 2 2 2 2 2 2 2 2 2 2 2 2 2 2 2 2 2 2 2 2 2 2 2 2 2 2 2 2 2 2 2 2 2 2 2 2 2 2 2 2 2 2 2 2 2 2 2 2 2 2 2 2 2 2 2 2 2 2 2 2 2 2 2 2 2 2 2 2 2 2 2 2 2 2 2 2 2 2 2 2 2 2 2 2 2 2 2 2 2 2 2 2 2 2 2 2 2 2 2 2 2 2 2 2 2 2 2 2 2 2 2 2 2 2 2 2 2 2 2 2 2 2 2 2 2 2 2 2 2 2 2 2 2 2 2 2 2 2 2 2 2 2 2 2 2 2 2 2 2 2 2 2 2 2 2 2 2 2 2 2 2 2 2 2 2 2 2 2 2 2 2 2 2 2 2 2 2 2 2 2 2 2 2 2 2 2 2 2 2 2 2 2 2 2 2 2 2 2 2 2 2 2 2 2 2 2 2 2 2 2 2 2 2 2 2 2 2 2 2 2 2 2 2 2 2 2 2 2 2 2 2 2 2 2 2 2 2 2 2 2 2 2 2 2 2 2 2 2 2 2 2 2 2 2 2 2 2 2 2 2 2 2 2 2 2 2 2 2 2 2 2 2 2 2 2 2 2 2 2 2 2 2 2 2 2 2 2 2 2 2 2 2 2 2 2 2 2 2 2 2 2 2 2 2 2 2 2 2 2 2 2 2 2 2 2 2 2 2 2 2 2 2 2 2 2 2 2 2 2 2 2 2 2 2 2 2 2 2 2 2 2 2 2 2 2 2 2 2 2 2 2 2 2 2 2 2 2 2 2 2 2 2 2 2 2 2 2 2 2 2 2 2 2 2 2 2 2 2 2 2 2 2 2 2 2 2 2 2 2 2 2 2 2 2 2 2 2 2 2 2 2 2 2 2 2 2 2 2 2 1201 2 2 2 2 2 2 2 2 2 2 2 2 2 2 2 2 2 2 2 2 2 2 2 2 2 2 2 2 2 2 2 2 2 2 2 2 2 2 2 2 2 2 2 2 2 2 2 2 2 2 2 2
-1 0 1 2 -2 -1 0 1 2 -2 -1 0 1 2 -2 -1 0 1 2 -2 -1 0 1 2 -2 -1 0 1 2 -2 -1 0 1 2 -2 -1 0 1 2 -2 -1 0 1 2 -2 -1 0 1 2 -2 -1 0 1 2 -2 -1 0 1 2 -2 -1 0 1 2 -2 -1 0 1 2 -2 -1 0 1 2 -2 -1 0 1 2 -2 -1 0 1 2 -2 -1 0 1 2 -2 -1 0 1 2 -2 -1 0 1 2 -2 -1 0 1 2 -2 -1 0 1 2 -2 -1 0 1 2 -2 -1 0 1 2 -2 -1 0 1 2 -2 -1 0 1 2 -2 -1 0 1 2 -2 -1 0 1 2 -2 -1 0 1 2 -2 -1 0 1 2 -2 -1 0 1 2 -2 -1 0 1 2 -2 -1 0 1 2 -2 -1 0 1 2 -2 -1 0 1 2 -2 -1 0 1 2 -2 -1 0 1 2 -2 -1 0 1 2 -2 -1 0 1 2 -2 -1 0 1 2 -2 -1 0 1 2 -2 -1 0 1 2 -2 -1 0 1 2 -2 -1 0 1 2 -2 -1 0 1 2 -2 -1 0 1 2 -2 -1 0 1 2 -2 -1 0 1 2 -2 -1 0 1 2 -2 -1 0 1 2 -2 -1 0 1 2 -2 -1 0 1 2 -2 -1 0 1 2 -2 -1 0 1 2 -2 -1 0 1 2 -2 -1 0 1 2 -2 -1 0 1 2 -2 -1 0 1 2 -2 -1 0 1 2 -2 -1 0 1 2 -2 -1 0 1 2 -2 -1 0 1 2 -2 -1 0 1 2 -2 -1 0 1 2 -2 -1 0 1 2 -2 -1 0 1 2 -2 -1 0 1 2 -2 -1 0 1 2 -2 -1 0 1 2 -2 -1 0 1 2 -2 -1 0 1 2 -2 -1 0 1 2 -2 -1 0 1 2 -2 -1 0 1 2 -2 -1 0 1 2 -2 -1 0 1 2 -2 -1 0 1 2 -2 -1 0 1 2 -2 -1 0 1 2 -2 -1 0 1 2 -2 -1 0 1 2 -2 -1 0 1 2 -2 -1 0 1 2 -2 -1 0 1 2 -2 -1 0 1 2 -2 -1 0 1 2 -2 -1 0 1 2 -2 -1 0 1 2 -2 -1 0 1 2 -2 -1 0 1 2 -2 -1 0 1 2 -2 -1 0 1 2 -2 -1 0 1 2 -2 -1 0 1 2 -2 -1 0 1 2 -2 -1 0 1 2 -2 -1 0 1 2 -2 -1 0 1 2 -2 -1 0 1 2 -2 -1 0 1 2 -2 -1 0 1 2 -2 -1 0 1 2 -2 -1 0 1 2 -2 -1 0 1 2 -2 -1 0 1 2 -2 -1 0 1 2 -2 -1 0 1 2 -2 -1 0 1 2 -2 -1 0 1 2 -2 -1 0 1 721 -2 -1 0 1 2 -2 -1 0 1 2 -2 -1 0 1 2 -2 -1 0 1 2 -2 -1 0 1 2 -2 -1 0 1 2 -2 -1 0 1 2 -2 -1 0 1 2 -2 -1 0 1 2 -2 -1 0 1 2 -2
1 -2 0 2 -1 1 -2 0 2 -1 1 -2 0 2 -1 1 -2 0 2 -1 1 -2 0 2 -1 1 -2 0 2 -1 1 -2 0 2 -1 1 -2 0 2 -1 1 -2 0 2 -1 1 -2 0 2 -1 1 -2 0 2 -1 1 -2 0 2 -1 1 -2 0 2 -1 1 -2 0 2 -1 1 -2 0 2 -1 1 -2 0 2 -1 1 -2 0 2 -1 1 -2 0 2 -1 1 -2 0 2 -1 1 -2 0 2 -1 1 -2 0 2 -1 1 -2 0 2 -1 1 -2 0 2 -1 1 -2 0 2 -1 1 -2 0 2 -1 1 -2 0 2 -1 1 -2 0 2 -1 1 -2 0 2 -1 1 -2 0 2 -1 1 -2 0 2 -1 1 -2 0 2 -1 1 -2 0 2 -1 1 -2 0 2 -1 1 -2 0 2 -1 1 -2 0 2 -1 1 -2 0 2 -1 1 -2 0 2 -1 1 -2 0 2 -1 1 -2 0 2 -1 1 -2 0 2 -1 1 -2 0 2 -1 1 -2 0 2 -1 1 -2 0 2 -1 1 -2 0 2 -1 1 -2 0 2 -1 1 -2 0 2 -1 1 -2 0 2 -1 1 -2 0 2 -1 1 -2 0 2 -1 1 -2 0 2 -1 1 -2 0 2 -1 1 -2 0 2 -1 1 -2 0 2 -1 1 -2 0 2 -1 1 -2 0 2 -1 1 -2 0 2 -1 1 -2 0 2 -1 1 -2 0 2 -1 1 -2 0 2 -1 1 -2 0 2 -1 1 -2 0 2 -1 1 -2 0 2 -1 1 -2 0 2 -1 1 -2 0 2 -1 1 -2 0 2 -1 1 -2 0 2 -1 1 -2 0 2 -1 1 -2 0 2 -1 1 -2 0 2 -1 1 -2 0 2 -1 1 -2 0 2 -1 1 -2 0 2 -1 1 -2 0 2 -1 1 -2 0 2 -1 1 -2 0 2 -1 1 -2 0 2 -1 1 -2 0 2 -1 1 -2 0 2 -1 1 -2 0 2 -1 1 -2 0 2 -1 1 -2 0 2 -1 1 -2 0 2 -1 1 -2 0 2 -1 1 -2 0 2 -1 1 -2 0 2 -1 1 -2 0 2 -1 1 -2 0 2 -1 1 -2 0 2 -1 1 -2 0 2 -1 1 -2 0 2 -1 1 -2 0 2 -1 1 -2 0 2 -1 1 -2 0 2 -1 1 -2 0 2 -1 1 -2 0 2 -1 1 -2 0 2 -1 1 -2 0 2 -1 1 -2 0 2 -1 1 -2 0 2 -1 1 -2 0 2 -1 1 -2 0 2 -1 1 -2 0 2 -1 1 -2 0 2 -1 1 -2 0 2 -1 1 -2 0 2 -1 1 -2 0 2 -1 1 -2 0 2 -1 1 -2 0 2 -1 1 -2 0 2 -1 1 -2 0 2 722 1 -2 0 2 -1 1 -2 0 2 -1 1 -2 0 2 -1 1 -2 0 2 -1 1 -2 0 2 -1 1 -2 0 2 -1 1 -2 0 2 -1 1 -2 0 2 -1 1 -2 0 2 -1 1 -2 0 2 -1
-2 1 -1 2 0 -2 1 -1 2 0 -2 1 -1 2 0 -2 1 -1 2 0 -2 1 -1 2 0 -2 1 -1 2 0 -2 1 -1 2 0 -2 1 -1 2 0 -2 1 -1 2 0 -2 1 -1 2 0 -2 1 -1 2 0 -2 1 -1 2 0 -2 1 -1 2 0 -2 1 -1 2 0 -2 1 -1 2 0 -2 1 -1 2 0 -2 1 -1 2 0 -2 1 -1 2 0 -2 1 -1 2 0 -2 1 -1 2 0 -2 1 -1 2 0 -2 1 -1 2 0 -2 1 -1 2 0 -2 1 -1 2 0 -2 1 -1 2 0 -2 1 -1 2 0 -2 1 -1 2 0 -2 1 -1 2 0 -2 1 -1 2 0 -2 1 -1 2 0 -2 1 -1 2 0 -2 1 -1 2 0 -2 1 -1 2 0 -2 1 -1 2 0 -2 1 -1 2 0 -2 1 -1 2 0 -2 1 -1 2 0 -2 1 -1 2 0 -2 1 -1 2 0 -2 1 -1 2 0 -2 1 -1 2 0 -2 1 -1 2 0 -2 1 -1 2 0 -2 1 -1 2 0 -2 1 -1 2 0 -2 1 -1 2 0 -2 1 -1 2 0 -2 1 -1 2 0 -2 1 -1 2 0 -2 1 -1 2 0 -2 1 -1 2 0 -2 1 -1 2 0 -2 1 -1 2 0 -2 1 -1 2 0 -2 1 -1 2 0 -2 1 -1 2 0 -2 1 -1 2 0 -2 1 -1 2 0 -2 1 -1 2 0 -2 1 -1 2 0 -2 1 -1 2 0 -2 1 -1 2 0 -2 1 -1 2 0 -2 1 -1 2 0 -2 1 -1 2 0 -2 1 -1 2 0 -2 1 -1 2 0 -2 1 -1 2 0 -2 1 -1 2 0 -2 1 -1 2 0 -2 1 -1 2 0 -2 1 -1 2 0 -2 1 -1 2 0 -2 1 -1 2 0 -2 1 -1 2 0 -2 1 -1 2 0 -2 1 -1 2 0 -2 1 -1 2 0 -2 1 -1 2 0 -2 1 -1 2 0 -2 1 -1 2 0 -2 1 -1 2 0 -2 1 -1 2 0 -2 1 -1 2 0 -2 1 -1 2 0 -2 1 -1 2 0 -2 1 -1 2 0 -2 1 -1 2 0 -2 1 -1 2 0 -2 1 -1 2 0 -2 1 -1 2 0 -2 1 -1 2 0 -2 1 -1 2 0 -2 1 -1 2 0 -2 1 -1 2 0 -2 1 -1 2 0 -2 1 -1 2 0 -2 1 -1 2 0 -2 1 -1 2 0 -2 1 -1 2 0 -2 1 -1 2 0 -2 1 -1 2 0 -2 1 -1 2 0 -2 1 -1 2 0 -2 1 -1 2 0 -2 1 -1 2 0 -2 1 -1 2 0 -2 1 -1 2 0 -2 1 -1 2 0 -2 1 -1 2 0 721 1 -1 2 0 -2 1 -1 2 0 -2 1 -1 2 0 -2 1 -1 2 0 -2 1 -1 2 0 -2 1 -1 2 0 -2 1 -1 2 0 -2 1 -1 2 0 -2 1 -1 2 0 -2 1 -1 2 0
0 -1 -2 2 1 0 -1 -2 2 1 0 -1 -2 2 1 0 -1 -2 2 1 0 -1 -2 2 1 0 -1 -2 2 1 0 -1 -2 2 1 0 -1 -2 2 1 0 -1 -2 2 1 0 -1 -2 2 1 0 -1 -2 2 1 0 -1 -2 2 1 0 -1 -2 2 1 0 -1 -2 2 1 0 -1 -2 2 1 0 -1 -2 2 1 0 -1 -2 2 1 0 -1 -2 2 1 0 -1 -2 2 1 0 -1 -2 2 1 0 -1 -2 2 1 0 -1 -2 2 1 0 -1 -2 2 1 0 -1 -2 2 1 0 -1 -2 2 1 0 -1 -2 2 1 0 -1 -2 2 1 0 -1 -2 2 1 0 -1 -2 2 1 0 -1 -2 2 1 0 -1 -2 2 1 0 -1 -2 2 1 0 -1 -2 2 1 0 -1 -2 2 1 0 -1 -2 2 1 0 -1 -2 2 1 0 -1 -2 2 1 0 -1 -2 2 1 0 -1 -2 2 1 0 -1 -2 2 1 0 -1 -2 2 1 0 -1 -2 2 1 0 -1 -2 2 1 0 -1 -2 2 1 0 -1 -2 2 1 0 -1 -2 2 1 0 -1 -2 2 1 0 -1 -2 2 1 0 -1 -2 2 1 0 -1 -2 2 1 0 -1 -2 2 1 0 -1 -2 2 1 0 -1 -2 2 1 0 -1 -2 2 1 0 -1 -2 2 1 0 -1 -2 2 1 0 -1 -2 2 1 0 -1 -2 2 1 0 -1 -2 2 1 0 -1 -2 2 1 0 -1 -2 2 1 0 -1 -2 2 1 0 -1 -2 2 1 0 -1 -2 2 1 0 -1 -2 2 1 0 -1 -2 2 1 0 -1 -2 2 1 0 -1 -2 2 1 0 -1 -2 2 1 0 -1 -2 2 1 0 -1 -2 2 1 0 -1 -2 2 1 0 -1 -2 2 1 0 -1 -2 2 1 0 -1 -2 2 1 0 -1 -2 2 1 0 -1 -2 2 1 0 -1 -2 2 1 0 -1 -2 2 1 0 -1 -2 2 1 0 -1 -2 2 1 0 -1 -2 2 1 0 -1 -2 2 1 0 -1 -2 2 1 0 -1 -2 2 1 0 -1 -2 2 1 0 -1 -2 2 1 0 -1 -2 2 1 0 -1 -2 2 1 0 -1 -2 2 1 0 -1 -2 2 1 0 -1 -2 2 1 0 -1 -2 2 1 0 -1 -2 2 1 0 -1 -2 2 1 0 -1 -2 2 1 0 -1 -2 2 1 0 -1 -2 2 1 0 -1 -2 2 1 0 -1 -2 2 1 0 -1 -2 2 1 0 -1 -2 2 1 0 -1 -2 2 1 0 -1 -2 2 1 0 -1 -2 2 1 0 -1 -2 2 1 0 -1 -2 2 1 0 -1 -2 2 1 0 -1 -2 2 1 0 -1 -2 2 1 0 722 -2 2 1 0 -1 -2 2 1 0 -1 -2 2 1 0 -1 -2 2 1 0 -1 -2 2 1 0 -1 -2 2 1 0 -1 -2 2 1 0 -1 -2 2 1 0 -1 -2 2 1 0 -1 -2 2 1
2 2 2 2 2 2 2 2 2 2 2 2 2 2 2 2 2 2 2 2 2 2 2 2 2 2 2 2 2 2 2 2 2 2 2 2 2 2 2 2 2 2 2 2 2 2 2 2 2 2 2 2 2 2 2 2 2 2 2 2 2 2 2 2 2 2 2 2 2 2 2 2 2 2 2 2 2 2 2 2 2 2 2 2 2 2 2 2 2 2 2 2 2 2 2 2 2 2 2 2 2 2 2 2 2 2 2 2 2 2 2 2 2 2 2 2 2 2 2 2 2 2 2 2 2 2 2 2 2 2 2 2 2 2 2 2 2 2 2 2 2 2 2 2 2 2 2 2 2 2 2 2 2 2 2 2 2 2 2 2 2 2 2 2 2 2 2 2 2 2 2 2 2 2 2 2 2 2 2 2 2 2 2 2 2 2 2 2 2 2 2 2 2 2 2 2 2 2 2 2 2 2 2 2 2 2 2 2 2 2 2 2 2 2 2 2 2 2 2 2 2 2 2 2 2 2 2 2 2 2 2 2 2 2 2 2 2 2 2 2 2 2 2 2 2 2 2 2 2 2 2 2 2 2 2 2 2 2 2 2 2 2 2 2 2 2 2 2 2 2 2 2 2 2 2 2 2 2 2 2 2 2 2 2 2 2 2 2 2 2 2 2 2 2 2 2 2 2 2 2 2 2 2 2 2 2 2 2 2 2 2 2 2 2 2 2 2 2 2 2 2 2 2 2 2 2 2 2 2 2 2 2 2 2 2 2 2 2 2 2 2 2 2 2 2 2 2 2 2 2 2 2 2 2 2 2 2 2 2 2 2 2 2 2 2 2 2 2 2 2 2 2 2 2 2 2 2 2 2 2 2 2 2 2 2 2 2 2 2 2 2 2 2 2 2 2 2 2 2 2 2 2 2 2 2 2 2 2 2 2 2 2 2 2 2 2 2 2 2 2 2 2 2 2 2 2 2 2 2 2 2 2 2 2 2 2 2 2 2 2 2 2 2 2 2 2 2 2 2 2 2 2 2 2 2 2 2 2 2 2 2 2 2 2 2 2 2 2 2 2 2 2 2 2 2 2 2 2 2 2 2 2 2 2 2 2 2 2 2 2 2 2 2 2 2 2 2 2 2 2 2 2 2 2 2 2 2 2 2 2 2 2 2 2 2 2 2 2 2 2 2 2 2 2 2 2 2 2 2 2 2 2 2 2 2 2 2 2 2 2 2 2 2 2 2 2 2 2 2 2 2 2 1201 2 2 2 2 2 2 2 2 2 2 2 2 2 2 2 2 2 2 2 2 2 2 2 2 2 2 2 2 2 2 2 2 2 2 2 2 2 2 2 2 2 2 2 2 2 2 2
-1 0 1 2 -2 -1 0 1 2 -2 -1 0 1 2 -2 -1 0 1 2 -2 -1 0 1 2 -2 -1 0 1 2 -2 -1 0 1 2 -2 -1 0 1 2 -2 -1 0 1 2 -2 -1 0 1 2 -2 -1 0 1 2 -2 -1 0 1 2 -2 -1 0 1 2 -2 -1 0 1 2 -2 -1 0 1 2 -2 -1 0 1 2 -2 -1 0 1 2 -2 -1 0 1 2 -2 -1 0 1 2 -2 -1 0 1 2 -2 -1 0 1 2 -2 -1 0 1 2 -2 -1 0 1 2 -2 -1 0 1 2 -2 -1 0 1 2 -2 -1 0 1 2 -2 -1 0 1 2 -2 -1 0 1 2 -2 -1 0 1 2 -2 -1 0 1 2 -2 -1 0 1 2 -2 -1 0 1 2 -2 -1 0 1 2 -2 -1 0 1 2 -2 -1 0 1 2 -2 -1 0 1 2 -2 -1 0 1 2 -2 -1 0 1 2 -2 -1 0 1 2 -2 -1 0 1 2 -2 -1 0 1 2 -2 -1 0 1 2 -2 -1 0 1 2 -2 -1 0 1 2 -2 -1 0 1 2 -2 -1 0 1 2 -2 -1 0 1 2 -2 -1 0 1 2 -2 -1 0 1 2 -2 -1 0 1 2 -2 -1 0 1 2 -2 -1 0 1 2 -2 -1 0 1 2 -2 -1 0 1 2 -2 -1 0 1 2 -2 -1 0 1 2 -2 -1 0 1 2 -2 -1 0 1 2 -2 -1 0 1 2 -2 -1 0 1 2 -2 -1 0 1 2 -2 -1 0 1 2 -2 -1 0 1 2 -2 -1 0 1 2 -2 -1 0 1 2 -2 -1 0 1 2 -2 -1 0 1 2 -2 -1 0 1 2 -2 -1 0 1 2 -2 -1 0 1 2 -2 -1 0 1 2 -2 -1 0 1 2 -2 -1 0 1 2 -2 -1 0 1 2 -2 -1 0 1 2 -2 -1 0 1 2 -2 -1 0 1 2 -2 -1 0 1 2 -2 -1 0 1 2 -2 -1 0 1 2 -2 -1 0 1 2 -2 -1 0 1 2 -2 -1 0 1 2 -2 -1 0 1 2 -2 -1 0 1 2 -2 -1 0 1 2 -2 -1 0 1 2 -2 -1 0 1 2 -2 -1 0 1 2 -2 -1 0 1 2 -2 -1 0 1 2 -2 -1 0 1 2 -2 -1 0 1 2 -2 -1 0 1 2 -2 -1 0 1 2 -2 -1 0 1 2 -2 -1 0 1 2 -2 -1 0 1 2 -2 -1 0 1 2 -2 -1 0 1 2 -2 -1 0 1 2 -2 -1 0 1 2 -2 -1 0 1 2 -2 -1 0 1 2 -2 -1 0 1 2 -2 -1 0 1 2 -2 -1 0 1 2 -2 -1 0 1 2 -2 -1 0 1 2 -2 -1 0 1 2 -2 -1 0 1 721 -2 -1 0 1 2 -2 -1 0 1 2 -2 -1 0 1 2 -2 -1 0 1 2 -2 -1 0 1 2 -2 -1 0 1 2 -2 -1 0 1 2 -2 -1 0 1 2 -2 -1 0 1 2 -2
1 -2 0 2 -1 1 -2 0 2 -1 1 -2 0 2 -1 1 -2 0 2 -1 1 -2 0 2 -1 1 -2 0 2 -1 1 -2 0 2 -1 1 -2 0 2 -1 1 -2 0 2 -1 1 -2 0 2 -1 1 -2 0 2 -1 1 -2 0 2 -1 1 -2 0 2 -1 1 -2 0 2 -1 1 -2 0 2 -1 1 -2 0 2 -1 1 -2 0 2 -1 1 -2 0 2 -1 1 -2 0 2 -1 1 -2 0 2 -1 1 -2 0 2 -1 1 -2 0 2 -1 1 -2 0 2 -1 1 -2 0 2 -1 1 -2 0 2 -1 1 -2 0 2 -1 1 -2 0 2 -1 1 -2 0 2 -1 1 -2 0 2 -1 1 -2 0 2 -1 1 -2 0 2 -1 1 -2 0 2 -1 1 -2 0 2 -1 1 -2 0 2 -1 1 -2 0 2 -1 1 -2 0 2 -1 1 -2 0 2 -1 1 -2 0 2 -1 1 -2 0 2 -1 1 -2 0 2 -1 1 -2 0 2 -1 1 -2 0 2 -1 1 -2 0 2 -1 1 -2 0 2 -1 1 -2 0 2 -1 1 -2 0 2 -1 1 -2 0 2 -1 1 -2 0 2 -1 1 -2 0 2 -1 1 -2 0 2 -1 1 -2 0 2 -1 1 -2 0 2 -1 1 -2 0 2 -1 1 -2 0 2 -1 1 -2 0 2 -1 1 -2 0 2 -1 1 -2 0 2 -1 1 -2 0 2 -1 1 -2 0 2 -1 1 -2 0 2 -1 1 -2 0 2 -1 1 -2 0 2 -1 1 -2 0 2 -1 1 -2 0 2 -1 1 -2 0 2 -1 1 -2 0 2 -1 1 -2 0 2 -1 1 -2 0 2 -1 1 -2 0 2 -1 1 -2 0 2 -1 1 -2 0 2 -1 1 -2 0 2 -1 1 -2 0 2 -1 1 -2 0 2 -1 1 -2 0 2 -1 1 -2 0 2 -1 1 -2 0 2 -1 1 -2 0 2 -1 1 -2 0 2 -1 1 -2 0 2 -1 1 -2 0 2 -1 1 -2 0 2 -1 1 -2 0 2 -1 1 -2 0 2 -1 1 -2 0 2 -1 1 -2 0 2 -1 1 -2 0 2 -1 1 -2 0 2 -1 1 -2 0 2 -1 1 -2 0 2 -1 1 -2 0 2 -1 1 -2 0 2 -1 1 -2 0 2 -1 1 -2 0 2 -1 1 -2 0 2 -1 1 -2 0 2 -1 1 -2 0 2 -1 1 -2 0 2 -1 1 -2 0 2 -1 1 -2 0 2 -1 1 -2 0 2 -1 1 -2 0 2 -1 1 -2 0 2 -1 1 -2 0 2 -1 1 -2 0 2 -1 1 -2 0 2 -1 1 -2 0 2 -1 1 -2 0 2 -1 1 -2 0 2 -1 1 -2 0 2 -1 1 -2 0 2 722 1 -2 0 2 -1 1 -2 0 2 -1 1 -2 0 2 -1 1 -2 0 2 -1 1 -2 0 2 -1 1 -2 0 2 -1 1 -2 0 2 -1 1 -2 0 2 -1 1 -2 0 2 -1
-2 1 -1 2 0 -2 1 -1 2 0 -2 1 -1 2 0 -2 1 -1 2 0 -2 1 -1 2 0 -2 1 -1 2 0 -2 1 -1 2 0 -2 1 -1 2 0 -2 1 -1 2 0 -2 1 -1 2 0 -2 1 -1 2 0 -2 1 -1 2 0 -2 1 -1 2 0 -2 1 -1 2 0 -2 1 -1 2 0 -2 1 -1 2 0 -2 1 -1 2 0 -2 1 -1 2 0 -2 1 -1 2 0 -2 1 -1 2 0 -2 1 -1 2 0 -2 1 -1 2 0 -2 1 -1 2 0 -2 1 -1 2 0 -2 1 -1 2 0 -2 1 -1 2 0 -2 1 -1 2 0 -2 1 -1 2 0 -2 1 -1 2 0 -2 1 -1 2 0 -2 1 -1 2 0 -2 1 -1 2 0 -2 1 -1 2 0 -2 1 -1 2 0 -2 1 -1 2 0 -2 1 -1 2 0 -2 1 -1 2 0 -2 1 -1 2 0 -2 1 -1 2 0 -2 1 -1 2 0 -2 1 -1 2 0 -2 1 -1 2 0 -2 1 -1 2 0 -2 1 -1 2 0 -2 1 -1 2 0 -2 1 -1 2 0 -2 1 -1 2 0 -2 1 -1 2 0 -2 1 -1 2 0 -2 1 -1 2 0 -2 1 -1 2 0 -2 1 -1 2 0 -2 1 -1 2 0 -2 1 -1 2 0 -2 1 -1 2 0 -2 1 -1 2 0 -2 1 -1 2 0 -2 1 -1 2 0 -2 1 -1 2 0 -2 1 -1 2 0 -2 1 -1 2 0 -2 1 -1 2 0 -2 1 -1 2 0 -2 1 -1 2 0 -2 1 -1 2 0 -2 1 -1 2 0 -2 1 -1 2 0 -2 1 -1 2 0 -2 1 -1 2 0 -2 1 -1 2 0 -2 1 -1 2 0 -2 1 -1 2 0 -2 1 -1 2 0 -2 1 -1 2 0 -2 1 -1 2 0 -2 1 -1 2 0 -2 1 -1 2 0 -2 1 -1 2 0 -2 1 -1 2 0 -2 1 -1 2 0 -2 1 -1 2 0 -2 1 -1 2 0 -2 1 -1 2 0 -2 1 -1 2 0 -2 1 -1 2 0 -2 1 -1 2 0 -2 1 -1 2 0 -2 1 -1 2 0 -2 1 -1 2 0 -2 1 -1 2 0 -2 1 -1 2 0 -2 1 -1 2 0 -2 1 -1 2 0 -2 1 -1 2 0 -2 1 -1 2 0 -2 1 -1 2 0 -2 1 -1 2 0 -2 1 -1 2 0 -2 1 -1 2 0 -2 1 -1 2 0 -2 1 -1 2 0 -2 1 -1 2 0 -2 1 -1 2 0 -2 1 -1 2 0 -2 1 -1 2 0 -2 1 -1 2 0 -2 1 -1 2 0 -2 1 -1 2 0 -2 1 -1 2 0 -2 1 -1 2 0 -2 1 -1 2 0 721 1 -1 2 0 -2 1 -1 2 0 -2 1 -1 2 0 -2 1 -1 2 0 -2 1 -1 2 0 -2 1 -1 2 0 -2 1 -1 2 0 -2 1 -1 2 0 -2 1 -1 2 0
0 -1 -2 2 1 0 -1 -2 2 1 0 -1 -2 2 1 0 -1 -2 2 1 0 -1 -2 2 1 0 -1 -2 2 1 0 -1 -2 2 1 0 -1 -2 2 1 0 -1 -2 2 1 0 -1 -2 2 1 0 -1 -2 2 1 0 -1 -2 2 1 0 -1 -2 2 1 0 -1 -2 2 1 0 -1 -2 2 1 0 -1 -2 2 1 0 -1 -2 2 1 0 -1 -2 2 1 0 -1 -2 2 1 0 -1 -2 2 1 0 -1 -2 2 1 0 -1 -2 2 1 0 -1 -2 2 1 0 -1 -2 2 1 0 -1 -2 2 1 0 -1 -2 2 1 0 -1 -2 2 1 0 -1 -2 2 1 0 -1 -2 2 1 0 -1 -2 2 1 0 -1 -2 2 1 0 -1 -2 2 1 0 -1 -2 2 1 0 -1 -2 2 1 0 -1 -2 2 1 0 -1 -2 2 1 0 -1 -2 2 1 0 -1 -2 2 1 0 -1 -2 2 1 0 -1 -2 2 1 0 -1 -2 2 1 0 -1 -2 2 1 0 -1 -2 2 1 0 -1 -2 2 1 0 -1 -2 2 1 0 -1 -2 2 1 0 -1 -2 2 1 0 -1 -2 2 1 0 -1 -2 2 1 0 -1 -2 2 1 0 -1 -2 2 1 0 -1 -2 2 1 0 -1 -2 2 1 0 -1 -2 2 1 0 -1 -2 2 1 0 -1 -2 2 1 0 -1 -2 2 1 0 -1 -2 2 1 0 -1 -2 2 1 0 -1 -2 2 1 0 -1 -2 2 1 0 -1 -2 2 1 0 -1 -2 2 1 0 -1 -2 2 1 0 -1 -2 2 1 0 -1 -2 2 1 0 -1 -2 2 1 0 -1 -2 2 1 0 -1 -2 2 1 0 -1 -2 2 1 0 -1 -2 2 1 0 -1 -2 2 1 0 -1 -2 2 1 0 -1 -2 2 1 0 -1 -2 2 1 0 -1 -2 2 1 0 -1 -2 2 1 0 -1 -2 2 1 0 -1 -2 2 1 0 -1 -2 2 1 0 -1 -2 2 1 0 -1 -2 2 1 0 -1 -2 2 1 0 -1 -2 2 1 0 -1 -2 2 1 0 -1 -2 2 1 0 -1 -2 2 1 0 -1 -2 2 1 0 -1 -2 2 1 0 -1 -2 2 1 0 -1 -2 2 1 0 -1 -2 2 1 0 -1 -2 2 1 0 -1 -2 2 1 0 -1 -2 2 1 0 -1 -2 2 1 0 -1 -2 2 1 0 -1 -2 2 1 0 -1 -2 2 1 0 -1 -2 2 1 0 -1 -2 2 1 0 -1 -2 2 1 0 -1 -2 2 1 0 -1 -2 2 1 0 -1 -2 2 1 0 -1 -2 2 1 0 -1 -2 2 1 0 -1 -2 2 1 0 -1 -2 2 1 0 -1 -2 2 1 0 -1 -2 2 1 0 722 -2 2 1 0 -1 -2 2 1 0 -1 -2 2 1 0 -1 -2 2 1 0 -1 -2 2 1 0 -1 -2 2 1 0 -1 -2 2 1 0 -1 -2 2 1 0 -1 -2 2 1
2 2 2 2 2 2 2 2 2 2 2 2 2 2 2 2 2 2 2 2 2 2 2 2 2 2 2 2 2 2 2 2 2 2 2 2 2 2 2 2 2 2 2 2 2 2 2 2 2 2 2 2 2 2 2 2 2 2 2 2 2 2 2 2 2 2 2 2 2 2 2 2 2 2 2 2 2 2 2 2 2 2 2 2 2 2 2 2 2 2 2 2 2 2 2 2 2 2 2 2 2 2 2 2 2 2 2 2 2 2 2 2 2 2 2 2 2 2 2 2 2 2 2 2 2 2 2 2 2 2 2 2 2 2 2 2 2 2 2 2 2 2 2 2 2 2 2 2 2 2 2 2 2 2 2 2 2 2 2 2 2 2 2 2 2 2 2 2 2 2 2 2 2 2 2 2 2 2 2 2 2 2 2 2 2 2 2 2 2 2 2 2 2 2 2 2 2 2 2 2 2 2 2 2 2 2 2 2 2 2 2 2 2 2 2 2 2 2 2 2 2 2 2 2 2 2 2 2 2 2 2 2 2 2 2 2 2 2 2 2 2 2 2 2 2 2 2 2 2 2 2 2 2 2 2 2 2 2 2 2 2 2 2 2 2 2 2 2 2 2 2 2 2 2 2 2 2 2 2 2 2 2 2 2 2 2 2 2 2 2 2 2 2 2 2 2 2 2 2 2 2 2 2 2 2 2 2 2 2 2 2 2 2 2 2 2 2 2 2 2 2 2 2 2 2 2 2 2 2 2 2 2 2 2 2 2 2 2 2 2 2 2 2 2 2 2 2 2 2 2 2 2 2 2 2 2 2 2 2 2 2 2 2 2 2 2 2 2 2 2 2 2 2 2 2 2 2 2 2 2 2 2 2 2 2 2 2 2 2 2 2 2 2 2 2 2 2 2 2 2 2 2 2 2 2 2 2 2 2 2 2 2 2 2 2 2 2 2 2 2 2 2 2 2 2 2 2 2 2 2 2 2 2 2 2 2 2 2 2 2 2 2 2 2 2 2 2 2 2 2 2 2 2 2 2 2 2 2 2 2 2 2 2 2 2 2 2 2 2 2 2 2 2 2 2 2 2 2 2 2 2 2 2 2 2 2 2 2 2 2 2 2 2 2 2 2 2 2 2 2 2 2 2 2 2 2 2 2 2 2 2 2 2 2 2 2 2 2 2 2 2 2 2 2 2 2 2 2 2 2 2 2 2 2 2 2 2 2 2 2 2 2 2 2 2 2 2 2 2 2 2 2 2 2 2 2 2 1201 2 2 2 2 2 2 2 2 2 2 2 2 2 2 2 2 2 2 2 2 2 2 2 2 2 2 2 2 2 2 2 2 2 2 2 2 2 2 2 2 2 2
-1 0 1 2 -2 -1 0 1 2 -2 -1 0 1 2 -2 -1 0 1 2 -2 -1 0 1 2 -2 -1 0 1 2 -2 -1 0 1 2 -2 -1 0 1 2 -2 -1 0 1 2 -2 -1 0 1 2 -2 -1 0 1 2 -2 -1 0 1 2 -2 -1 0 1 2 -2 -1 0 1 2 -2 -1 0 1 2 -2 -1 0 1 2 -2 -1 0 1 2 -2 -1 0 1 2 -2 -1 0 1 2 -2 -1 0 1 2 -2 -1 0 1 2 -2 -1 0 1 2 -2 -1 0 1 2 -2 -1 0 1 2 -2 -1 0 1 2 -2 -1 0 1 2 -2 -1 0 1 2 -2 -1 0 1 2 -2 -1 0 1 2 -2 -1 0 1 2 -2 -1 0 1 2 -2 -1 0 1 2 -2 -1 0 1 2 -2 -1 0 1 2 -2 -1 0 1 2 -2 -1 0 1 2 -2 -1 0 1 2 -2 -1 0 1 2 -2 -1 0 1 2 -2 -1 0 1 2 -2 -1 0 1 2 -2 -1 0 1 2 -2 -1 0 1 2 -2 -1 0 1 2 -2 -1 0 1 2 -2 -1 0 1 2 -2 -1 0 1 2 -2 -1 0 1 2 -2 -1 0 1 2 -2 -1 0 1 2 -2 -1 0 1 2 -2 -1 0 1 2 -2 -1 0 1 2 -2 -1 0 1 2 -2 -1 0 1 2 -2 -1 0 1 2 -2 -1 0 1 2 -2 -1 0 1 2 -2 -1 0 1 2 -2 -1 0 1 2 -2 -1 0 1 2 -2 -1 0 1 2 -2 -1 0 1 2 -2 -1 0 1 2 -2 -1 0 1 2 -2 -1 0 1 2 -2 -1 0 1 2 -2 -1 0 1 2 -2 -1 0 1 2 -2 -1 0 1 2 -2 -1 0 1 2 -2 -1 0 1 2 -2 -1 0 1 2 -2 -1 0 1 2 -2 -1 0 1 2 -2 -1 0 1 2 -2 -1 0 1 2 -2 -1 0 1 2 -2 -1 0 1 2 -2 -1 0 1 2 -2 -1 0 1 2 -2 -1 0 1 2 -2 -1 0 1 2 -2 -1 0 1 2 -2 -1 0 1 2 -2 -1 0 1 2 -2 -1 0 1 2 -2 -1 0 1 2 -2 -1 0 1 2 -2 -1 0 1 2 -2 -1 0 1 2 -2 -1 0 1 2 -2 -1 0 1 2 -2 -1 0 1 2 -2 -1 0 1 2 -2 -1 0 1 2 -2 -1 0 1 2 -2 -1 0 1 2 -2 -1 0 1 2 -2 -1 0 1 2 -2 -1 0 1 2 -2 -1 0 1 2 -2 -1 0 1 2 -2 -1 0 1 2 -2 -1 0 1 2 -2 -1 0 1 2 -2 -1 0 1 2 -2 -1 0 1 2 -2 -1 0 1 2 -2 -1 0 1 2 -2 -1 0 1 2 -2 -1 0 1 721 -2 -1 0 1 2 -2 -1 0 1 2 -2 -1 0 1 2 -2 -1 0 1 2 -2 -1 0 1 2 -2 -1 0 1 2 -2 -1 0 1 2 -2 -1 0 1 2 -2
1 -2 0 2 -1 1 -2 0 2 -1 1 -2 0 2 -1 1 -2 0 2 -1 1 -2 0 2 -1 1 -2 0 2 -1 1 -2 0 2 -1 1 -2 0 2 -1 1 -2 0 2 -1 1 -2 0 2 -1 1 -2 0 2 -1 1 -2 0 2 -1 1 -2 0 2 -1 1 -2 0 2 -1 1 -2 0 2 -1 1 -2 0 2 -1 1 -2 0 2 -1 1 -2 0 2 -1 1 -2 0 2 -1 1 -2 0 2 -1 1 -2 0 2 -1 1 -2 0 2 -1 1 -2 0 2 -1 1 -2 0 2 -1 1 -2 0 2 -1 1 -2 0 2 -1 1 -2 0 2 -1 1 -2 0 2 -1 1 -2 0 2 -1 1 -2 0 2 -1 1 -2 0 2 -1 1 -2 0 2 -1 1 -2 0 2 -1 1 -2 0 2 -1 1 -2 0 2 -1 1 -2 0 2 -1 1 -2 0 2 -1 1 -2 0 2 -1 1 -2 0 2 -1 1 -2 0 2 -1 1 -2 0 2 -1 1 -2 0 2 -1 1 -2 0 2 -1 1 -2 0 2 -1 1 -2 0 2 -1 1 -2 0 2 -1 1 -2 0 2 -1 1 -2 0 2 -1 1 -2 0 2 -1 1 -2 0 2 -1 1 -2 0 2 -1 1 -2 0 2 -1 1 -2 0 2 -1 1 -2 0 2 -1 1 -2 0 2 -1 1 -2 0 2 -1 1 -2 0 2 -1 1 -2 0 2 -1 1 -2 0 2 -1 1 -2 0 2 -1 1 -2 0 2 -1 1 -2 0 2 -1 1 -2 0 2 -1 1 -2 0 2 -1 1 -2 0 2 -1 1 -2 0 2 -1 1 -2 0 2 -1 1 -2 0 2 -1 1 -2 0 2 -1 1 -2 0 2 -1 1 -2 0 2 -1 1 -2 0 2 -1 1 -2 0 2 -1 1 -2 0 2 -1 1 -2 0 2 -1 1 -2 0 2 -1 1 -2 0 2 -1 1 -2 0 2 -1 1 -2 0 2 -1 1 -2 0 2 -1 1 -2 0 2 -1 1 -2 0 2 -1 1 -2 0 2 -1 1 -2 0 2 -1 1 -2 0 2 -1 1 -2 0 2 -1 1 -2 0 2 -1 1 -2 0 2 -1 1 -2 0 2 -1 1 -2 0 2 -1 1 -2 0 2 -1 1 -2 0 2 -1 1 -2 0 2 -1 1 -2 0 2 -1 1 -2 0 2 -1 1 -2 0 2 -1 1 -2 0 2 -1 1 -2 0 2 -1 1 -2 0 2 -1 1 -2 0 2 -1 1 -2 0 2 -1 1 -2 0 2 -1 1 -2 0 2 -1 1 -2 0 2 -1 1 -2 0 2 -1 1 -2 0 2 -1 1 -2 0 2 -1 1 -2 0 2 -1 1 -2 0 2 -1 1 -2 0 2 -1 1 -2 0 2 -1 1 -2 0 2 722 1 -2 0 2 -1 1 -2 0 2 -1 1 -2 0 2 -1 1 -2 0 2 -1 1 -2 0 2 -1 1 -2 0 2 -1 1 -2 0 2 -1 1 -2 0 2 -1
-2 1 -1 2 0 -2 1 -1 2 0 -2 1 -1 2 0 -2 1 -1 2 0 -2 1 -1 2 0 -2 1 -1 2 0 -2 1 -1 2 0 -2 1 -1 2 0 -2 1 -1 2 0 -2 1 -1 2 0 -2 1 -1 2 0 -2 1 -1 2 0 -2 1 -1 2 0 -2 1 -1 2 0 -2 1 -1 2 0 -2 1 -1 2 0 -2 1 -1 2 0 -2 1 -1 2 0 -2 1 -1 2 0 -2 1 -1 2 0 -2 1 -1 2 0 -2 1 -1 2 0 -2 1 -1 2 0 -2 1 -1 2 0 -2 1 -1 2 0 -2 1 -1 2 0 -2 1 -1 2 0 -2 1 -1 2 0 -2 1 -1 2 0 -2 1 -1 2 0 -2 1 -1 2 0 -2 1 -1 2 0 -2 1 -1 2 0 -2 1 -1 2 0 -2 1 -1 2 0 -2 1 -1 2 0 -2 1 -1 2 0 -2 1 -1 2 0 -2 1 -1 2 0 -2 1 -1 2 0 -2 1 -1 2 0 -2 1 -1 2 0 -2 1 -1 2 0 -2 1 -1 2 0 -2 1 -1 2 0 -2 1 -1 2 0 -2 1 -1 2 0 -2 1 -1 2 0 -2 1 -1 2 0 -2 1 -1 2 0 -2 1 -1 2 0 -2 1 -1 2 0 -2 1 -1 2 0 -2 1 -1 2 0 -2 1 -1 2 0 -2 1 -1 2 0 -2 1 -1 2 0 -2 1 -1 2 0 -2 1 -1 2 0 -2 1 -1 2 0 -2 1 -1 2 0 -2 1 -1 2 0 -2 1 -1 2 0 -2 1 -1 2 0 -2 1 -1 2 0 -2 1 -1 2 0 -2 1 -1 2 0 -2 1 -1 2 0 -2 1 -1 2 0 -2 1 -1 2 0 -2 1 -1 2 0 -2 1 -1 2 0 -2 1 -1 2 0 -2 1 -1 2 0 -2 1 -1 2 0 -2 1 -1 2 0 -2 1 -1 2 0 -2 1 -1 2 0 -2 1 -1 2 0 -2 1 -1 2 0 -2 1 -1 2 0 -2 1 -1 2 0 -2 1 -1 2 0 -2 1 -1 2 0 -2 1 -1 2 0 -2 1 -1 2 0 -2 1 -1 2 0 -2 1 -1 2 0 -2 1 -1 2 0 -2 1 -1 2 0 -2 1 -1 2 0 -2 1 -1 2 0 -2 1 -1 2 0 -2 1 -1 2 0 -2 1 -1 2 0 -2 1 -1 2 0 -2 1 -1 2 0 -2 1 -1 2 0 -2 1 -1 2 0 -2 1 -1 2 0 -2 1 -1 2 0 -2 1 -1 2 0 -2 1 -1 2 0 -2 1 -1 2 0 -2 1 -1 2 0 -2 1 -1 2 0 -2 1 -1 2 0 -2 1 -1 2 0 -2 1 -1 2 0 -2 1 -1 2 0 -2 1 -1 2 0 -2 1 -1 2 0 721 1 -1 2 0 -2 1 -1 2 0 -2 1 -1 2 0 -2 1 -1 2 0 -2 1 -1 2 0 -2 1 -1 2 0 -2 1 -1 2 0 -2 1 -1 2 0
0 -1 -2 2 1 0 -1 -2 2 1 0 -1 -2 2 1 0 -1 -2 2 1 0 -1 -2 2 1 0 -1 -2 2 1 0 -1 -2 2 1 0 -1 -2 2 1 0 -1 -2 2 1 0 -1 -2 2 1 0 -1 -2 2 1 0 -1 -2 2 1 0 -1 -2 2 1 0 -1 -2 2 1 0 -1 -2 2 1 0 -1 -2 2 1 0 -1 -2 2 1 0 -1 -2 2 1 0 -1 -2 2 1 0 -1 -2 2 1 0 -1 -2 2 1 0 -1 -2 2 1 0 -1 -2 2 1 0 -1 -2 2 1 0 -1 -2 2 1 0 -1 -2 2 1 0 -1 -2 2 1 0 -1 -2 2 1 0 -1 -2 2 1 0 -1 -2 2 1 0 -1 -2 2 1 0 -1 -2 2 1 0 -1 -2 2 1 0 -1 -2 2 1 0 -1 -2 2 1 0 -1 -2 2 1 0 -1 -2 2 1 0 -1 -2 2 1 0 -1 -2 2 1 0 -1 -2 2 1 0 -1 -2 2 1 0 -1 -2 2 1 0 -1 -2 2 1 0 -1 -2 2 1 0 -1 -2 2 1 0 -1 -2 2 1 0 -1 -2 2 1 0 -1 -2 2 1 0 -1 -2 2 1 0 -1 -2 2 1 0 -1 -2 2 1 0 -1 -2 2 1 0 -1 -2 2 1 0 -1 -2 2 1 0 -1 -2 2 1 0 -1 -2 2 1 0 -1 -2 2 1 0 -1 -2 2 1 0 -1 -2 2 1 0 -1 -2 2 1 0 -1 -2 2 1 0 -1 -2 2 1 0 -1 -2 2 1 0 -1 -2 2 1 0 -1 -2 2 1 0 -1 -2 2 1 0 -1 -2 2 1 0 -1 -2 2 1 0 -1 -2 2 1 0 -1 -2 2 1 0 -1 -2 2 1 0 -1 -2 2 1 0 -1 -2 2 1 0 -1 -2 2 1 0 -1 -2 2 1 0 -1 -2 2 1 0 -1 -2 2 1 0 -1 -2 2 1 0 -1 -2 2 1 0 -1 -2 2 1 0 -1 -2 2 1 0 -1 -2 2 1 0 -1 -2 2 1 0 -1 -2 2 1 0 -1 -2 2 1 0 -1 -2 2 1 0 -1 -2 2 1 0 -1 -2 2 1 0 -1 -2 2 1 0 -1 -2 2 1 0 -1 -2 2 1 0 -1 -2 2 1 0 -1 -2 2 1 0 -1 -2 2 1 0 -1 -2 2 1 0 -1 -2 2 1 0 -1 -2 2 1 0 -1 -2 2 1 0 -1 -2 2 1 0 -1 -2 2 1 0 -1 -2 2 1 0 -1 -2 2 1 0 -1 -2 2 1 0 -1 -2 2 1 0 -1 -2 2 1 0 -1 -2 2 1 0 -1 -2 2 1 0 -1 -2 2 1 0 -1 -2 2 1 0 -1 -2 2 1 0 -1 -2 2 1 0 -1 -2 2 1 0 722 -2 2 1 0 -1 -2 2 1 0 -1 -2 2 1 0 -1 -2 2 1 0 -1 -2 2 1 0 -1 -2 2 1 0 -1 -2 2 1 0 -1 -2 2 1
2 2 2 2 2 2 2 2 2 2 2 2 2 2 2 2 2 2 2 2 2 2 2 2 2 2 2 2 2 2 2 2 2 2 2 2 2 2 2 2 2 2 2 2 2 2 2 2 2 2 2 2 2 2 2 2 2 2 2 2 2 2 2 2 2 2 2 2 2 2 2 2 2 2 2 2 2 2 2 2 2 2 2 2 2 2 2 2 2 2 2 2 2 2 2 2 2 2 2 2 2 2 2 2 2 2 2 2 2 2 2 2 2 2 2 2 2 2 2 2 2 2 2 2 2 2 2 2 2 2 2 2 2 2 2 2 2 2 2 2 2 2 2 2 2 2 2 2 2 2 2 2 2 2 2 2 2 2 2 2 2 2 2 2 2 2 2 2 2 2 2 2 2 2 2 2 2 2 2 2 2 2 2 2 2 2 2 2 2 2 2 2 2 2 2 2 2 2 2 2 2 2 2 2 2 2 2 2 2 2 2 2 2 2 2 2 2 2 2 2 2 2 2 2 2 2 2 2 2 2 2 2 2 2 2 2 2 2 2 2 2 2 2 2 2 2 2 2 2 2 2 2 2 2 2 2 2 2 2 2 2 2 2 2 2 2 2 2 2 2 2 2 2 2 2 2 2 2 2 2 2 2 2 2 2 2 2 2 2 2 2 2 2 2 2 2 2 2 2 2 2 2 2 2 2 2 2 2 2 2 2 2 2 2 2 2 2 2 2 2 2 2 2 2 2 2 2 2 2 2 2 2 2 2 2 2 2 2 2 2 2 2 2 2 2 2 2 2 2 2 2 2 2 2 2 2 2 2 2 2 2 2 2 2 2 2 2 2 2 2 2 2 2 2 2 2 2 2 2 2 2 2 2 2 2 2 2 2 2 2 2 2 2 2 2 2 2 2 2 2 2 2 2 2 2 2 2 2 2 2 2 2 2 2 2 2 2 2 2 2 2 2 2 2 2 2 2 2 2 2 2 2 2 2 2 2 2 2 2 2 2 2 2 2 2 2 2 2 2 2 2 2 2 2 2 2 2 2 2 2 2 2 2 2 2 2 2 2 2 2 2 2 2 2 2 2 2 2 2 2 2 2 2 2 2 2 2 2 2 2 2 2 2 2 2 2 2 2 2 2 2 2 2 2 2 2 2 2 2 2 2 2 2 2 2 2 2 2 2 2 2 2 2 2 2 2 2 2 2 2 2 2 2 2 2 2 2 2 2 2 2 2 2 2 2 2 2 2 2 2 2 2 2 2 2 2 2 2 2 2 2 2 1201 2 2 2 2 2 2 2 2 2 2 2 2 2 2 2 2 2 2 2 2 2 2 2 2 2 2 2 2 2 2 2 2 2 2 2 2 2
-1 0 1 2 -2 -1 0 1 2 -2 -1 0 1 2 -2 -1 0 1 2 -2 -1 0 1 2 -2 -1 0 1 2 -2 -1 0 1 2 -2 -1 0 1 2 -2 -1 0 1 2 -2 -1 0 1 2 -2 -1 0 1 2 -2 -1 0 1 2 -2 -1 0 1 2 -2 -1 0 1 2 -2 -1 0 1 2 -2 -1 0 1 2 -2 -1 0 1 2 -2 -1 0 1 2 -2 -1 0 1 2 -2 -1 0 1 2 -2 -1 0 1 2 -2 -1 0 1 2 -2 -1 0 1 2 -2 -1 0 1 2 -2 -1 0 1 2 -2 -1 0 1 2 -2 -1 0 1 2 -2 -1 0 1 2 -2 -1 0 1 2 -2 -1 0 1 2 -2 -1 0 1 2 -2 -1 0 1 2 -2 -1 0 1 2 -2 -1 0 1 2 -2 -1 0 1 2 -2 -1 0 1 2 -2 -1 0 1 2 -2 -1 0 1 2 -2 -1 0 1 2 -2 -1 0 1 2 -2 -1 0 1 2 -2 -1 0 1 2 -2 -1 0 1 2 -2 -1 0 1 2 -2 -1 0 1 2 -2 -1 0 1 2 -2 -1 0 1 2 -2 -1 0 1 2 -2 -1 0 1 2 -2 -1 0 1 2 -2 -1 0 1 2 -2 -1 0 1 2 -2 -1 0 1 2 -2 -1 0 1 2 -2 -1 0 1 2 -2 -1 0 1 2 -2 -1 0 1 2 -2 -1 0 1 2 -2 -1 0 1 2 -2 -1 0 1 2 -2 -1 0 1 2 -2 -1 0 1 2 -2 -1 0 1 2 -2 -1 0 1 2 -2 -1 0 1 2 -2 -1 0 1 2 -2 -1 0 1 2 -2 -1 0 1 2 -2 -1 0 1 2 -2 -1 0 1 2 -2 -1 0 1 2 -2 -1 0 1 2 -2 -1 0 1 2 -2 -1 0 1 2 -2 -1 0 1 2 -2 -1 0 1 2 -2 -1 0 1 2 -2 -1 0 1 2 -2 -1 0 1 2 -2 -1 0 1 2 -2 -1 0 1 2 -2 -1 0 1 2 -2 -1 0 1 2 -2 -1 0 1 2 -2 -1 0 1 2 -2 -1 0 1 2 -2 -1 0 1 2 -2 -1 0 1 2 -2 -1 0 1 2 -2 -1 0 1 2 -2 -1 0 1 2 -2 -1 0 1 2 -2 -1 0 1 2 -2 -1 0 1 2 -2 -1 0 1 2 -2 -1 0 1 2 -2 -1 0 1 2 -2 -1 0 1 2 -2 -1 0 1 2 -2 -1 0 1 2 -2 -1 0 1 2 -2 -1 0 1 2 -2 -1 0 1 2 -2 -1 0 1 2 -2 -1 0 1 2 -2 -1 0 1 2 -2 -1 0 1 2 -2 -1 0 1 2 -2 -1 0 1 2 -2 -1 0 1 2 -2 -1 0 1 2 -2 -1 0 1 2 -2 -1 0 1 721 -2 -1 0 1 2 -2 -1 0 1 2 -2 -1 0 1 2 -2 -1 0 1 2 -2 -1 0 1 2 -2 -1 0 1 2 -2 -1 0 1 2 -2
1 -2 0 2 -1 1 -2 0 2 -1 1 -2 0 2 -1 1 -2 0 2 -1 1 -2 0 2 -1 1 -2 0 2 -1 1 -2 0 2 -1 1 -2 0 2 -1 1 -2 0 2 -1 1 -2 0 2 -1 1 -2 0 2 -1 1 -2 0 2 -1 1 -2 0 2 -1 1 -2 0 2 -1 1 -2 0 2 -1 1 -2 0 2 -1 1 -2 0 2 -1 1 -2 0 2 -1 1 -2 0 2 -1 1 -2 0 2 -1 1 -2 0 2 -1 1 -2 0 2 -1 1 -2 0 2 -1 1 -2 0 2 -1 1 -2 0 2 -1 1 -2 0 2 -1 1 -2 0 2 -1 1 -2 0 2 -1 1 -2 0 2 -1 1 -2 0 2 -1 1 -2 0 2 -1 1 -2 0 2 -1 1 -2 0 2 -1 1 -2 0 2 -1 1 -2 0 2 -1 1 -2 0 2 -1 1 -2 0 2 -1 1 -2 0 2 -1 1 -2 0 2 -1 1 -2 0 2 -1 1 -2 0 2 -1 1 -2 0 2 -1 1 -2 0 2 -1 1 -2 0 2 -1 1 -2 0 2 -1 1 -2 0 2 -1 1 -2 0 2 -1 1 -2 0 2 -1 1 -2 0 2 -1 1 -2 0 2 -1 1 -2 0 2 -1 1 -2 0 2 -1 1 -2 0 2 -1 1 -2 0 2 -1 1 -2 0 2 -1 1 -2 0 2 -1 1 -2 0 2 -1 1 -2 0 2 -1 1 -2 0 2 -1 1 -2 0 2 -1 1 -2 0 2 -1 1 -2 0 2 -1 1 -2 0 2 -1 1 -2 0 2 -1 1 -2 0 2 -1 1 -2 0 2 -1 1 -2 0 2 -1 1 -2 0 2 -1 1 -2 0 2 -1 1 -2 0 2 -1 1 -2 0 2 -1 1 -2 0 2 -1 1 -2 0 2 -1 1 -2 0 2 -1 1 -2 0 2 -1 1 -2 0 2 -1 1 -2 0 2 -1 1 -2 0 2 -1 1 -2 0 2 -1 1 -2 0 2 -1 1 -2 0 2 -1 1 -2 0 2 -1 1 -2 0 2 -1 1 -2 0 2 -1 1 -2 0 2 -1 1 -2 0 2 -1 1 -2 0 2 -1 1 -2 0 2 -1 1 -2 0 2 -1 1 -2 0 2 -1 1 -2 0 2 -1 1 -2 0 2 -1 1 -2 0 2 -1 1 -2 0 2 -1 1 -2 0 2 -1 1 -2 0 2 -1 1 -2 0 2 -1 1 -2 0 2 -1 1 -2 0 2 -1 1 -2 0 2 -1 1 -2 0 2 -1 1 -2 0 2 -1 1 -2 0 2 -1 1 -2 0 2 -1 1 -2 0 2 -1 1 -2 0 2 -1 1 -2 0 2 -1 1 -2 0 2 -1 1 -2 0 2 -1 1 -2 0 2 -1 1 -2 0 2 -1 1 -2 0 2 -1 1 -2 0 2 722 1 -2 0 2 -1 1 -2 0 2 -1 1 -2 0 2 -1 1 -2 0 2 -1 1 -2 0 2 -1 1 -2 0 2 -1 1 -2 0 2 -1
-2 1 -1 2 0 -2 1 -1 2 0 -2 1 -1 2 0 -2 1 -1 2 0 -2 1 -1 2 0 -2 1 -1 2 0 -2 1 -1 2 0 -2 1 -1 2 0 -2 1 -1 2 0 -2 1 -1 2 0 -2 1 -1 2 0 -2 1 -1 2 0 -2 1 -1 2 0 -2 1 -1 2 0 -2 1 -1 2 0 -2 1 -1 2 0 -2 1 -1 2 0 -2 1 -1 2 0 -2 1 -1 2 0 -2 1 -1 2 0 -2 1 -1 2 0 -2 1 -1 2 0 -2 1 -1 2 0 -2 1 -1 2 0 -2 1 -1 2 0 -2 1 -1 2 0 -2 1 -1 2 0 -2 1 -1 2 0 -2 1 -1 2 0 -2 1 -1 2 0 -2 1 -1 2 0 -2 1 -1 2 0 -2 1 -1 2 0 -2 1 -1 2 0 -2 1 -1 2 0 -2 1 -1 2 0 -2 1 -1 2 0 -2 1 -1 2 0 -2 1 -1 2 0 -2 1 -1 2 0 -2 1 -1 2 0 -2 1 -1 2 0 -2 1 -1 2 0 -2 1 -1 2 0 -2 1 -1 2 0 -2 1 -1 2 0 -2 1 -1 2 0 -2 1 -1 2 0 -2 1 -1 2 0 -2 1 -1 2 0 -2 1 -1 2 0 -2 1 -1 2 0 -2 1 -1 2 0 -2 1 -1 2 0 -2 1 -1 2 0 -2 1 -1 2 0 -2 1 -1 2 0 -2 1 -1 2 0 -2 1 -1 2 0 -2 1 -1 2 0 -2 1 -1 2 0 -2 1 -1 2 0 -2 1 -1 2 0 -2 1 -1 2 0 -2 1 -1 2 0 -2 1 -1 2 0 -2 1 -1 2 0 -2 1 -1 2 0 -2 1 -1 2 0 -2 1 -1 2 0 -2 1 -1 2 0 -2 1 -1 2 0 -2 1 -1 2 0 -2 1 -1 2 0 -2 1 -1 2 0 -2 1 -1 2 0 -2 1 -1 2 0 -2 1 -1 2 0 -2 1 -1 2 0 -2 1 -1 2 0 -2 1 -1 2 0 -2 1 -1 2 0 -2 1 -1 2 0 -2 1 -1 2 0 -2 1 -1 2 0 -2 1 -1 2 0 -2 1 -1 2 0 -2 1 -1 2 0 -2 1 -1 2 0 -2 1 -1 2 0 -2 1 -1 2 0 -2 1 -1 2 0 -2 1 -1 2 0 -2 1 -1 2 0 -2 1 -1 2 0 -2 1 -1 2 0 -2 1 -1 2 0 -2 1 -1 2 0 -2 1 -1 2 0 -2 1 -1 2 0 -2 1 -1 2 0 -2 1 -1 2 0 -2 1 -1 2 0 -2 1 -1 2 0 -2 1 -1 2 0 -2 1 -1 2 0 -2 1 -1 2 0 -2 1 -1 2 0 -2 1 -1 2 0 -2 1 -1 2 0 -2 1 -1 2 0 -2 1 -1 2 0 -2 1 -1 2 0 721 1 -1 2 0 -2 1 -1 2 0 -2 1 -1 2 0 -2 1 -1 2 0 -2 1 -1 2 0 -2 1 -1 2 0 -2 1 -1 2 0
0 -1 -2 2 1 0 -1 -2 2 1 0 -1 -2 2 1 0 -1 -2 2 1 0 -1 -2 2 1 0 -1 -2 2 1 0 -1 -2 2 1 0 -1 -2 2 1 0 -1 -2 2 1 0 -1 -2 2 1 0 -1 -2 2 1 0 -1 -2 2 1 0 -1 -2 2 1 0 -1 -2 2 1 0 -1 -2 2 1 0 -1 -2 2 1 0 -1 -2 2 1 0 -1 -2 2 1 0 -1 -2 2 1 0 -1 -2 2 1 0 -1 -2 2 1 0 -1 -2 2 1 0 -1 -2 2 1 0 -1 -2 2 1 0 -1 -2 2 1 0 -1 -2 2 1 0 -1 -2 2 1 0 -1 -2 2 1 0 -1 -2 2 1 0 -1 -2 2 1 0 -1 -2 2 1 0 -1 -2 2 1 0 -1 -2 2 1 0 -1 -2 2 1 0 -1 -2 2 1 0 -1 -2 2 1 0 -1 -2 2 1 0 -1 -2 2 1 0 -1 -2 2 1 0 -1 -2 2 1 0 -1 -2 2 1 0 -1 -2 2 1 0 -1 -2 2 1 0 -1 -2 2 1 0 -1 -2 2 1 0 -1 -2 2 1 0 -1 -2 2 1 0 -1 -2 2 1 0 -1 -2 2 1 0 -1 -2 2 1 0 -1 -2 2 1 0 -1 -2 2 1 0 -1 -2 2 1 0 -1 -2 2 1 0 -1 -2 2 1 0 -1 -2 2 1 0 -1 -2 2 1 0 -1 -2 2 1 0 -1 -2 2 1 0 -1 -2 2 1 0 -1 -2 2 1 0 -1 -2 2 1 0 -1 -2 2 1 0 -1 -2 2 1 0 -1 -2 2 1 0 -1 -2 2 1 0 -1 -2 2 1 0 -1 -2 2 1 0 -1 -2 2 1 0 -1 -2 2 1 0 -1 -2 2 1 0 -1 -2 2 1 0 -1 -2 2 1 0 -1 -2 2 1 0 -1 -2 2 1 0 -1 -2 2 1 0 -1 -2 2 1 0 -1 -2 2 1 0 -1 -2 2 1 0 -1 -2 2 1 0 -1 -2 2 1 0 -1 -2 2 1 0 -1 -2 2 1 0 -1 -2 2 1 0 -1 -2 2 1 0 -1 -2 2 1 0 -1 -2 2 1 0 -1 -2 2 1 0 -1 -2 2 1 0 -1 -2 2 1 0 -1 -2 2 1 0 -1 -2 2 1 0 -1 -2 2 1 0 -1 -2 2 1 0 -1 -2 2 1 0 -1 -2 2 1 0 -1 -2 2 1 0 -1 -2 2 1 0 -1 -2 2 1 0 -1 -2 2 1 0 -1 -2 2 1 0 -1 -2 2 1 0 -1 -2 2 1 0 -1 -2 2 1 0 -1 -2 2 1 0 -1 -2 2 1 0 -1 -2 2 1 0 -1 -2 2 1 0 -1 -2 2 1 0 -1 -2 2 1 0 -1 -2 2 1 0 -1 -2 2 1 0 -1 -2 2 1 0 722 -2 2 1 0 -1 -2 2 1 0 -1 -2 2 1 0 -1 -2 2 1 0 -1 -2 2 1 0 -1 -2 2 1 0 -1 -2 2 1
2 2 2 2 2 2 2 2 2 2 2 2 2 2 2 2 2 2 2 2 2 2 2 2 2 2 2 2 2 2 2 2 2 2 2 2 2 2 2 2 2 2 2 2 2 2 2 2 2 2 2 2 2 2 2 2 2 2 2 2 2 2 2 2 2 2 2 2 2 2 2 2 2 2 2 2 2 2 2 2 2 2 2 2 2 2 2 2 2 2 2 2 2 2 2 2 2 2 2 2 2 2 2 2 2 2 2 2 2 2 2 2 2 2 2 2 2 2 2 2 2 2 2 2 2 2 2 2 2 2 2 2 2 2 2 2 2 2 2 2 2 2 2 2 2 2 2 2 2 2 2 2 2 2 2 2 2 2 2 2 2 2 2 2 2 2 2 2 2 2 2 2 2 2 2 2 2 2 2 2 2 2 2 2 2 2 2 2 2 2 2 2 2 2 2 2 2 2 2 2 2 2 2 2 2 2 2 2 2 2 2 2 2 2 2 2 2 2 2 2 2 2 2 2 2 2 2 2 2 2 2 2 2 2 2 2 2 2 2 2 2 2 2 2 2 2 2 2 2 2 2 2 2 2 2 2 2 2 2 2 2 2 2 2 2 2 2 2 2 2 2 2 2 2 2 2 2 2 2 2 2 2 2 2 2 2 2 2 2 2 2 2 2 2 2 2 2 2 2 2 2 2 2 2 2 2 2 2 2 2 2 2 2 2 2 2 2 2 2 2 2 2 2 2 2 2 2 2 2 2 2 2 2 2 2 2 2 2 2 2 2 2 2 2 2 2 2 2 2 2 2 2 2 2 2 2 2 2 2 2 2 2 2 2 2 2 2 2 2 2 2 2 2 2 2 2 2 2 2 2 2 2 2 2 2 2 2 2 2 2 2 2 2 2 2 2 2 2 2 2 2 2 2 2 2 2 2 2 2 2 2 2 2 2 2 2 2 2 2 2 2 2 2 2 2 2 2 2 2 2 2 2 2 2 2 2 2 2 2 2 2 2 2 2 2 2 2 2 2 2 2 2 2 2 2 2 2 2 2 2 2 2 2 2 2 2 2 2 2 2 2 2 2 2 2 2 2 2 2 2 2 2 2 2 2 2 2 2 2 2 2 2 2 2 2 2 2 2 2 2 2 2 2 2 2 2 2 2 2 2 2 2 2 2 2 2 2 2 2 2 2 2 2 2 2 2 2 2 2 2 2 2 2 2 2 2 2 2 2 2 2 2 2 2 2 2 2 2 2 2 2 2 2 2 2 2 2 2 2 2 2 2 2 2 2 2 2 1201 2 2 2 2 2 2 2 2 2 2 2 2 2 2 2 2 2 2 2 2 2 2 2 2 2 2 2 2 2 2 2 2
-1 0 1 2 -2 -1 0 1 2 -2 -1 0 1 2 -2 -1 0 1 2 -2 -1 0 1 2 -2 -1 0 1 2 -2 -1 0 1 2 -2 -1 0 1 2 -2 -1 0 1 2 -2 -1 0 1 2 -2 -1 0 1 2 -2 -1 0 1 2 -2 -1 0 1 2 -2 -1 0 1 2 -2 -1 0 1 2 -2 -1 0 1 2 -2 -1 0 1 2 -2 -1 0 1 2 -2 -1 0 1 2 -2 -1 0 1 2 -2 -1 0 1 2 -2 -1 0 1 2 -2 -1 0 1 2 -2 -1 0 1 2 -2 -1 0 1 2 -2 -1 0 1 2 -2 -1 0 1 2 -2 -1 0 1 2 -2 -1 0 1 2 -2 -1 0 1 2 -2 -1 0 1 2 -2 -1 0 1 2 -2 -1 0 1 2 -2 -1 0 1 2 -2 -1 0 1 2 -2 -1 0 1 2 -2 -1 0 1 2 -2 -1 0 1 2 -2 -1 0 1 2 -2 -1 0 1 2 -2 -1 0 1 2 -2 -1 0 1 2 -2 -1 0 1 2 -2 -1 0 1 2 -2 -1 0 1 2 -2 -1 0 1 2 -2 -1 0 1 2 -2 -1 0 1 2 -2 -1 0 1 2 -2 -1 0 1 2 -2 -1 0 1 2 -2 -1 0 1 2 -2 -1 0 1 2 -2 -1 0 1 2 -2 -1 0 1 2 -2 -1 0 1 2 -2 -1 0 1 2 -2 -1 0 1 2 -2 -1 0 1 2 -2 -1 0 1 2 -2 -1 0 1 2 -2 -1 0 1 2 -2 -1 0 1 2 -2 -1 0 1 2 -2 -1 0 1 2 -2 -1 0 1 2 -2 -1 0 1 2 -2 -1 0 1 2 -2 -1 0 1 2 -2 -1 0 1 2 -2 -1 0 1 2 -2 -1 0 1 2 -2 -1 0 1 2 -2 -1 0 1 2 -2 -1 0 1 2 -2 -1 0 1 2 -2 -1 0 1 2 -2 -1 0 1 2 -2 -1 0 1 2 -2 -1 0 1 2 -2 -1 0 1 2 -2 -1 0 1 2 -2 -1 0 1 2 -2 -1 0 1 2 -2 -1 0 1 2 -2 -1 0 1 2 -2 -1 0 1 2 -2 -1 0 1 2 -2 -1 0 1 2 -2 -1 0 1 2 -2 -1 0 1 2 -2 -1 0 1 2 -2 -1 0 1 2 -2 -1 0 1 2 -2 -1 0 1 2 -2 -1 0 1 2 -2 -1 0 1 2 -2 -1 0 1 2 -2 -1 0 1 2 -2 -1 0 1 2 -2 -1 0 1 2 -2 -1 0 1 2 -2 -1 0 1 2 -2 -1 0 1 2 -2 -1 0 1 2 -2 -1 0 1 2 -2 -1 0 1 2 -2 -1 0 1 2 -2 -1 0 1 2 -2 -1 0 1 2 -2 -1 0 1 2 -2 -1 0 1 2 -2 -1 0 1 2 -2 -1 0 1 721 -2 -1 0 1 2 -2 -1 0 1 2 -2 -1 0 1 2 -2 -1 0 1 2 -2 -1 0 1 2 -2 -1 0 1 2 -2
1 -2 0 2 -1 1 -2 0 2 -1 1 -2 0 2 -1 1 -2 0 2 -1 1 -2 0 2 -1 1 -2 0 2 -1 1 -2 0 2 -1 1 -2 0 2 -1 1 -2 0 2 -1 1 -2 0 2 -1 1 -2 0 2 -1 1 -2 0 2 -1 1 -2 0 2 -1 1 -2 0 2 -1 1 -2 0 2 -1 1 -2 0 2 -1 1 -2 0 2 -1 1 -2 0 2 -1 1 -2 0 2 -1 1 -2 0 2 -1 1 -2 0 2 -1 1 -2 0 2 -1 1 -2 0 2 -1 1 -2 0 2 -1 1 -2 0 2 -1 1 -2 0 2 -1 1 -2 0 2 -1 1 -2 0 2 -1 1 -2 0 2 -1 1 -2 0 2 -1 1 -2 0 2 -1 1 -2 0 2 -1 1 -2 0 2 -1 1 -2 0 2 -1 1 -2 0 2 -1 1 -2 0 2 -1 1 -2 0 2 -1 1 -2 0 2 -1 1 -2 0 2 -1 1 -2 0 2 -1 1 -2 0 2 -1 1 -2 0 2 -1 1 -2 0 2 -1 1 -2 0 2 -1 1 -2 0 2 -1 1 -2 0 2 -1 1 -2 0 2 -1 1 -2 0 2 -1 1 -2 0 2 -1 1 -2 0 2 -1 1 -2 0 2 -1 1 -2 0 2 -1 1 -2 0 2 -1 1 -2 0 2 -1 1 -2 0 2 -1 1 -2 0 2 -1 1 -2 0 2 -1 1 -2 0 2 -1 1 -2 0 2 -1 1 -2 0 2 -1 1 -2 0 2 -1 1 -2 0 2 -1 1 -2 0 2 -1 1 -2 0 2 -1 1 -2 0 2 -1 1 -2 0 2 -1 1 -2 0 2 -1 1 -2 0 2 -1 1 -2 0 2 -1 1 -2 0 2 -1 1 -2 0 2 -1 1 -2 0 2 -1 1 -2 0 2 -1 1 -2 0 2 -1 1 -2 0 2 -1 1 -2 0 2 -1 1 -2 0 2 -1 1 -2 0 2 -1 1 -2 0 2 -1 1 -2 0 2 -1 1 -2 0 2 -1 1 -2 0 2 -1 1 -2 0 2 -1 1 -2 0 2 -1 1 -2 0 2 -1 1 -2 0 2 -1 1 -2 0 2 -1 1 -2 0 2 -1 1 -2 0 2 -1 1 -2 0 2 -1 1 -2 0 2 -1 1 -2 0 2 -1 1 -2 0 2 -1 1 -2 0 2 -1 1 -2 0 2 -1 1 -2 0 2 -1 1 -2 0 2 -1 1 -2 0 2 -1 1 -2 0 2 -1 1 -2 0 2 -1 1 -2 0 2 -1 1 -2 0 2 -1 1 -2 0 2 -1 1 -2 0 2 -1 1 -2 0 2 -1 1 -2 0 2 -1 1 -2 0 2 -1 1 -2 0 2 -1 1 -2 0 2 -1 1 -2 0 2 -1 1 -2 0 2 -1 1 -2 0 2 -1 1 -2 0 2 -1 1 -2 0 2 722 1 -2 0 2 -1 1 -2 0 2 -1 1 -2 0 2 -1 1 -2 0 2 -1 1 -2 0 2 -1 1 -2 0 2 -1
-2 1 -1 2 0 -2 1 -1 2 0 -2 1 -1 2 0 -2 1 -1 2 0 -2 1 -1 2 0 -2 1 -1 2 0 -2 1 -1 2 0 -2 1 -1 2 0 -2 1 -1 2 0 -2 1 -1 2 0 -2 1 -1 2 0 -2 1 -1 2 0 -2 1 -1 2 0 -2 1 -1 2 0 -2 1 -1 2 0 -2 1 -1 2 0 -2 1 -1 2 0 -2 1 -1 2 0 -2 1 -1 2 0 -2 1 -1 2 0 -2 1 -1 2 0 -2 1 -1 2 0 -2 1 -1 2 0 -2 1 -1 2 0 -2 1 -1 2 0 -2 1 -1 2 0 -2 1 -1 2 0 -2 1 -1 2 0 -2 1 -1 2 0 -2 1 -1 2 0 -2 1 -1 2 0 -2 1 -1 2 0 -2 1 -1 2 0 -2 1 -1 2 0 -2 1 -1 2 0 -2 1 -1 2 0 -2 1 -1 2 0 -2 1 -1 2 0 -2 1 -1 2 0 -2 1 -1 2 0 -2 1 -1 2 0 -2 1 -1 2 0 -2 1 -1 2 0 -2 1 -1 2 0 -2 1 -1 2 0 -2 1 -1 2 0 -2 1 -1 2 0 -2 1 -1 2 0 -2 1 -1 2 0 -2 1 -1 2 0 -2 1 -1 2 0 -2 1 -1 2 0 -2 1 -1 2 0 -2 1 -1 2 0 -2 1 -1 2 0 -2 1 -1 2 0 -2 1 -1 2 0 -2 1 -1 2 0 -2 1 -1 2 0 -2 1 -1 2 0 -2 1 -1 2 0 -2 1 -1 2 0 -2 1 -1 2 0 -2 1 -1 2 0 -2 1 -1 2 0 -2 1 -1 2 0 -2 1 -1 2 0 -2 1 -1 2 0 -2 1 -1 2 0 -2 1 -1 2 0 -2 1 -1 2 0 -2 1 -1 2 0 -2 1 -1 2 0 -2 1 -1 2 0 -2 1 -1 2 0 -2 1 -1 2 0 -2 1 -1 2 0 -2 1 -1 2 0 -2 1 -1 2 0 -2 1 -1 2 0 -2 1 -1 2 0 -2 1 -1 2 0 -2 1 -1 2 0 -2 1 -1 2 0 -2 1 -1 2 0 -2 1 -1 2 0 -2 1 -1 2 0 -2 1 -1 2 0 -2 1 -1 2 0 -2 1 -1 2 0 -2 1 -1 2 0 -2 1 -1 2 0 -2 1 -1 2 0 -2 1 -1 2 0 -2 1 -1 2 0 -2 1 -1 2 0 -2 1 -1 2 0 -2 1 -1 2 0 -2 1 -1 2 0 -2 1 -1 2 0 -2 1 -1 2 0 -2 1 -1 2 0 -2 1 -1 2 0 -2 1 -1 2 0 -2 1 -1 2 0 -2 1 -1 2 0 -2 1 -1 2 0 -2 1 -1 2 0 -2 1 -1 2 0 -2 1 -1 2 0 -2 1 -1 2 0 -2 1 -1 2 0 -2 1 -1 2 0 -2 1 -1 2 0 721 1 -1 2 0 -2 1 -1 2 0 -2 1 -1 2 0 -2 1 -1 2 0 -2 1 -1 2 0 -2 1 -1 2 0
0 -1 -2 2 1 0 -1 -2 2 1 0 -1 -2 2 1 0 -1 -2 2 1 0 -1 -2 2 1 0 -1 -2 2 1 0 -1 -2 2 1 0 -1 -2 2 1 0 -1 -2 2 1 0 -1 -2 2 1 0 -1 -2 2 1 0 -1 -2 2 1 0 -1 -2 2 1 0 -1 -2 2 1 0 -1 -2 2 1 0 -1 -2 2 1 0 -1 -2 2 1 0 -1 -2 2 1 0 -1 -2 2 1 0 -1 -2 2 1 0 -1 -2 2 1 0 -1 -2 2 1 0 -1 -2 2 1 0 -1 -2 2 1 0 -1 -2 2 1 0 -1 -2 2 1 0 -1 -2 2 1 0 -1 -2 2 1 0 -1 -2 2 1 0 -1 -2 2 1 0 -1 -2 2 1 0 -1 -2 2 1 0 -1 -2 2 1 0 -1 -2 2 1 0 -1 -2 2 1 0 -1 -2 2 1 0 -1 -2 2 1 0 -1 -2 2 1 0 -1 -2 2 1 0 -1 -2 2 1 0 -1 -2 2 1 0 -1 -2 2 1 0 -1 -2 2 1 0 -1 -2 2 1 0 -1 -2 2 1 0 -1 -2 2 1 0 -1 -2 2 1 0 -1 -2 2 1 0 -1 -2 2 1 0 -1 -2 2 1 0 -1 -2 2 1 0 -1 -2 2 1 0 -1 -2 2 1 0 -1 -2 2 1 0 -1 -2 2 1 0 -1 -2 2 1 0 -1 -2 2 1 0 -1 -2 2 1 0 -1 -2 2 1 0 -1 -2 2 1 0 -1 -2 2 1 0 -1 -2 2 1 0 -1 -2 2 1 0 -1 -2 2 1 0 -1 -2 2 1 0 -1 -2 2 1 0 -1 -2 2 1 0 -1 -2 2 1 0 -1 -2 2 1 0 -1 -2 2 1 0 -1 -2 2 1 0 -1 -2 2 1 0 -1 -2 2 1 0 -1 -2 2 1 0 -1 -2 2 1 0 -1 -2 2 1 0 -1 -2 2 1 0 -1 -2 2 1 0 -1 -2 2 1 0 -1 -2 2 1 0 -1 -2 2 1 0 -1 -2 2 1 0 -1 -2 2 1 0 -1 -2 2 1 0 -1 -2 2 1 0 -1 -2 2 1 0 -1 -2 2 1 0 -1 -2 2 1 0 -1 -2 2 1 0 -1 -2 2 1 0 -1 -2 2 1 0 -1 -2 2 1 0 -1 -2 2 1 0 -1 -2 2 1 0 -1 -2 2 1 0 -1 -2 2 1 0 -1 -2 2 1 0 -1 -2 2 1 0 -1 -2 2 1 0 -1 -2 2 1 0 -1 -2 2 1 0 -1 -2 2 1 0 -1 -2 2 1 0 -1 -2 2 1 0 -1 -2 2 1 0 -1 -2 2 1 0 -1 -2 2 1 0 -1 -2 2 1 0 -1 -2 2 1 0 -1 -2 2 1 0 -1 -2 2 1 0 -1 -2 2 1 0 -1 -2 2 1 0 -1 -2 2 1 0 722 -2 2 1 0 -1 -2 2 1 0 -1 -2 2 1 0 -1 -2 2 1 0 -1 -2 2 1 0 -1 -2 2 1
2 2 2 2 2 2 2 2 2 2 2 2 2 2 2 2 2 2 2 2 2 2 2 2 2 2 2 2 2 2 2 2 2 2 2 2 2 2 2 2 2 2 2 2 2 2 2 2 2 2 2 2 2 2 2 2 2 2 2 2 2 2 2 2 2 2 2 2 2 2 2 2 2 2 2 2 2 2 2 2 2 2 2 2 2 2 2 2 2 2 2 2 2 2 2 2 2 2 2 2 2 2 2 2 2 2 2 2 2 2 2 2 2 2 2 2 2 2 2 2 2 2 2 2 2 2 2 2 2 2 2 2 2 2 2 2 2 2 2 2 2 2 2 2 2 2 2 2 2 2 2 2 2 2 2 2 2 2 2 2 2 2 2 2 2 2 2 2 2 2 2 2 2 2 2 2 2 2 2 2 2 2 2 2 2 2 2 2 2 2 2 2 2 2 2 2 2 2 2 2 2 2 2 2 2 2 2 2 2 2 2 2 2 2 2 2 2 2 2 2 2 2 2 2 2 2 2 2 2 2 2 2 2 2 2 2 2 2 2 2 2 2 2 2 2 2 2 2 2 2 2 2 2 2 2 2 2 2 2 2 2 2 2 2 2 2 2 2 2 2 2 2 2 2 2 2 2 2 2 2 2 2 2 2 2 2 2 2 2 2 2 2 2 2 2 2 2 2 2 2 2 2 2 2 2 2 2 2 2 2 2 2 2 2 2 2 2 2 2 2 2 2 2 2 2 2 2 2 2 2 2 2 2 2 2 2 2 2 2 2 2 2 2 2 2 2 2 2 2 2 2 2 2 2 2 2 2 2 2 2 2 2 2 2 2 2 2 2 2 2 2 2 2 2 2 2 2 2 2 2 2 2 2 2 2 2 2 2 2 2 2 2 2 2 2 2 2 2 2 2 2 2 2 2 2 2 2 2 2 2 2 2 2 2 2 2 2 2 2 2 2 2 2 2 2 2 2 2 2 2 2 2 2 2 2 2 2 2 2 2 2 2 2 2 2 2 2 2 2 2 2 2 2 2 2 2 2 2 2 2 2 2 2 2 2 2 2 2 2 2 2 2 2 2 2 2 2 2 2 2 2 2 2 2 2 2 2 2 2 2 2 2 2 2 2 2 2 2 2 2 2 2 2 2 2 2 2 2 2 2 2 2 2 2 2 2 2 2 2 2 2 2 2 2 2 2 2 2 2 2 2 2 2 2 2 2 2 2 2 2 2 2 2 2 2 2 2 2 2 2 2 2 2 2 2 2 2 2 2 2 2 2 2 2 2 2 2 2 2 2 2 2 1201 2 2 2 2 2 2 2 2 2 2 2 2 2 2 2 2 2 2 2 2 2 2 2 2 2 2 2
-1 0 1 2 -2 -1 0 1 2 -2 -1 0 1 2 -2 -1 0 1 2 -2 -1 0 1 2 -2 -1 0 1 2 -2 -1 0 1 2 -2 -1 0 1 2 -2 -1 0 1 2 -2 -1 0 1 2 -2 -1 0 1 2 -2 -1 0 1 2 -2 -1 0 1 2 -2 -1 0 1 2 -2 -1 0 1 2 -2 -1 0 1 2 -2 -1 0 1 2 -2 -1 0 1 2 -2 -1 0 1 2 -2 -1 0 1 2 -2 -1 0 1 2 -2 -1 0 1 2 -2 -1 0 1 2 -2 -1 0 1 2 -2 -1 0 1 2 -2 -1 0 1 2 -2 -1 0 1 2 -2 -1 0 1 2 -2 -1 0 1 2 -2 -1 0 1 2 -2 -1 0 1 2 -2 -1 0 1 2 -2 -1 0 1 2 -2 -1 0 1 2 -2 -1 0 1 2 -2 -1 0 1 2 -2 -1 0 1 2 -2 -1 0 1 2 -2 -1 0 1 2 -2 -1 0 1 2 -2 -1 0 1 2 -2 -1 0 1 2 -2 -1 0 1 2 -2 -1 0 1 2 -2 -1 0 1 2 -2 -1 0 1 2 -2 -1 0 1 2 -2 -1 0 1 2 -2 -1 0 1 2 -2 -1 0 1 2 -2 -1 0 1 2 -2 -1 0 1 2 -2 -1 0 1 2 -2 -1 0 1 2 -2 -1 0 1 2 -2 -1 0 1 2 -2 -1 0 1 2 -2 -1 0 1 2 -2 -1 0 1 2 -2 -1 0 1 2 -2 -1 0 1 2 -2 -1 0 1 2 -2 -1 0 1 2 -2 -1 0 1 2 -2 -1 0 1 2 -2 -1 0 1 2 -2 -1 0 1 2 -2 -1 0 1 2 -2 -1 0 1 2 -2 -1 0 1 2 -2 -1 0 1 2 -2 -1 0 1 2 -2 -1 0 1 2 -2 -1 0 1 2 -2 -1 0 1 2 -2 -1 0 1 2 -2 -1 0 1 2 -2 -1 0 1 2 -2 -1 0 1 2 -2 -1 0 1 2 -2 -1 0 1 2 -2 -1 0 1 2 -2 -1 0 1 2 -2 -1 0 1 2 -2 -1 0 1 2 -2 -1 0 1 2 -2 -1 0 1 2 -2 -1 0 1 2 -2 -1 0 1 2 -2 -1 0 1 2 -2 -1 0 1 2 -2 -1 0 1 2 -2 -1 0 1 2 -2 -1 0 1 2 -2 -1 0 1 2 -2 -1 0 1 2 -2 -1 0 1 2 -2 -1 0 1 2 -2 -1 0 1 2 -2 -1 0 1 2 -2 -1 0 1 2 -2 -1 0 1 2 -2 -1 0 1 2 -2 -1 0 1 2 -2 -1 0 1 2 -2 -1 0 1 2 -2 -1 0 1 2 -2 -1 0 1 2 -2 -1 0 1 2 -2 -1 0 1 2 -2 -1 0 1 2 -2 -1 0 1 2 -2 -1 0 1 2 -2 -1 0 1 2 -2 -1 0 1 721 -2 -1 0 1 2 -2 -1 0 1 2 -2 -1 0 1 2 -2 -1 0 1 2 -2 -1 0 1 2 -2
1 -2 0 2 -1 1 -2 0 2 -1 1 -2 0 2 -1 1 -2 0 2 -1 1 -2 0 2 -1 1 -2 0 2 -1 1 -2 0 2 -1 1 -2 0 2 -1 1 -2 0 2 -1 1 -2 0 2 -1 1 -2 0 2 -1 1 -2 0 2 -1 1 -2 0 2 -1 1 -2 0 2 -1 1 -2 0 2 -1 1 -2 0 2 -1 1 -2 0 2 -1 1 -2 0 2 -1 1 -2 0 2 -1 1 -2 0 2 -1 1 -2 0 2 -1 1 -2 0 2 -1 1 -2 0 2 -1 1 -2 0 2 -1 1 -2 0 2 -1 1 -2 0 2 -1 1 -2 0 2 -1 1 -2 0 2 -1 1 -2 0 2 -1 1 -2 0 2 -1 1 -2 0 2 -1 1 -2 0 2 -1 1 -2 0 2 -1 1 -2 0 2 -1 1 -2 0 2 -1 1 -2 0 2 -1 1 -2 0 2 -1 1 -2 0 2 -1 1 -2 0 2 -1 1 -2 0 2 -1 1 -2 0 2 -1 1 -2 0 2 -1 1 -2 0 2 -1 1 -2 0 2 -1 1 -2 0 2 -1 1 -2 0 2 -1 1 -2 0 2 -1 1 -2 0 2 -1 1 -2 0 2 -1 1 -2 0 2 -1 1 -2 0 2 -1 1 -2 0 2 -1 1 -2 0 2 -1 1 -2 0 2 -1 1 -2 0 2 -1 1 -2 0 2 -1 1 -2 0 2 -1 1 -2 0 2 -1 1 -2 0 2 -1 1 -2 0 2 -1 1 -2 0 2 -1 1 -2 0 2 -1 1 -2 0 2 -1 1 -2 0 2 -1 1 -2 0 2 -1 1 -2 0 2 -1 1 -2 0 2 -1 1 -2 0 2 -1 1 -2 0 2 -1 1 -2 0 2 -1 1 -2 0 2 -1 1 -2 0 2 -1 1 -2 0 2 -1 1 -2 0 2 -1 1 -2 0 2 -1 1 -2 0 2 -1 1 -2 0 2 -1 1 -2 0 2 -1 1 -2 0 2 -1 1 -2 0 2 -1 1 -2 0 2 -1 1 -2 0 2 -1 1 -2 0 2 -1 1 -2 0 2 -1 1 -2 0 2 -1 1 -2 0 2 -1 1 -2 0 2 -1 1 -2 0 2 -1 1 -2 0 2 -1 1 -2 0 2 -1 1 -2 0 2 -1 1 -2 0 2 -1 1 -2 0 2 -1 1 -2 0 2 -1 1 -2 0 2 -1 1 -2 0 2 -1 1 -2 0 2 -1 1 -2 0 2 -1 1 -2 0 2 -1 1 -2 0 2 -1 1 -2 0 2 -1 1 -2 0 2 -1 1 -2 0 2 -1 1 -2 0 2 -1 1 -2 0 2 -1 1 -2 0 2 -1 1 -2 0 2 -1 1 -2 0 2 -1 1 -2 0 2 -1 1 -2 0 2 -1 1 -2 0 2 -1 1 -2 0 2 -1 1 -2 0 2 -1 1 -2 0 2 -1 1 -2 0 2 722 1 -2 0 2 -1 1 -2 0 2 -1 1 -2 0 2 -1 1 -2 0 2 -1 1 -2 0 2 -1
-2 1 -1 2 0 -2 1 -1 2 0 -2 1 -1 2 0 -2 1 -1 2 0 -2 1 -1 2 0 -2 1 -1 2 0 -2 1 -1 2 0 -2 1 -1 2 0 -2 1 -1 2 0 -2 1 -1 2 0 -2 1 -1 2 0 -2 1 -1 2 0 -2 1 -1 2 0 -2 1 -1 2 0 -2 1 -1 2 0 -2 1 -1 2 0 -2 1 -1 2 0 -2 1 -1 2 0 -2 1 -1 2 0 -2 1 -1 2 0 -2 1 -1 2 0 -2 1 -1 2 0 -2 1 -1 2 0 -2 1 -1 2 0 -2 1 -1 2 0 -2 1 -1 2 0 -2 1 -1 2 0 -2 1 -1 2 0 -2 1 -1 2 0 -2 1 -1 2 0 -2 1 -1 2 0 -2 1 -1 2 0 -2 1 -1 2 0 -2 1 -1 2 0 -2 1 -1 2 0 -2 1 -1 2 0 -2 1 -1 2 0 -2 1 -1 2 0 -2 1 -1 2 0 -2 1 -1 2 0 -2 1 -1 2 0 -2 1 -1 2 0 -2 1 -1 2 0 -2 1 -1 2 0 -2 1 -1 2 0 -2 1 -1 2 0 -2 1 -1 2 0 -2 1 -1 2 0 -2 1 -1 2 0 -2 1 -1 2 0 -2 1 -1 2 0 -2 1 -1 2 0 -2 1 -1 2 0 -2 1 -1 2 0 -2 1 -1 2 0 -2 1 -1 2 0 -2 1 -1 2 0 -2 1 -1 2 0 -2 1 -1 2 0 -2 1 -1 2 0 -2 1 -1 2 0 -2 1 -1 2 0 -2 1 -1 2 0 -2 1 -1 2 0 -2 1 -1 2 0 -2 1 -1 2 0 -2 1 -1 2 0 -2 1 -1 2 0 -2 1 -1 2 0 -2 1 -1 2 0 -2 1 -1 2 0 -2 1 -1 2 0 -2 1 -1 2 0 -2 1 -1 2 0 -2 1 -1 2 0 -2 1 -1 2 0 -2 1 -1 2 0 -2 1 -1 2 0 -2 1 -1 2 0 -2 1 -1 2 0 -2 1 -1 2 0 -2 1 -1 2 0 -2 1 -1 2 0 -2 1 -1 2 0 -2 1 -1 2 0 -2 1 -1 2 0 -2 1 -1 2 0 -2 1 -1 2 0 -2 1 -1 2 0 -2 1 -1 2 0 -2 1 -1 2 0 -2 1 -1 2 0 -2 1 -1 2 0 -2 1 -1 2 0 -2 1 -1 2 0 -2 1 -1 2 0 -2 1 -1 2 0 -2 1 -1 2 0 -2 1 -1 2 0 -2 1 -1 2 0 -2 1 -1 2 0 -2 1 -1 2 0 -2 1 -1 2 0 -2 1 -1 2 0 -2 1 -1 2 0 -2 1 -1 2 0 -2 1 -1 2 0 -2 1 -1 2 0 -2 1 -1 2 0 -2 1 -1 2 0 -2 1 -1 2 0 -2 1 -1 2 0 -2 1 -1 2 0 -2 1 -1 2 0 -2 1 -1 2 0 721 1 -1 2 0 -2 1 -1 2 0 -2 1 -1 2 0 -2 1 -1 2 0 -2 1 -1 2 0
0 -1 -2 2 1 0 -1 -2 2 1 0 -1 -2 2 1 0 -1 -2 2 1 0 -1 -2 2 1 0 -1 -2 2 1 0 -1 -2 2 1 0 -1 -2 2 1 0 -1 -2 2 1 0 -1 -2 2 1 0 -1 -2 2 1 0 -1 -2 2 1 0 -1 -2 2 1 0 -1 -2 2 1 0 -1 -2 2 1 0 -1 -2 2 1 0 -1 -2 2 1 0 -1 -2 2 1 0 -1 -2 2 1 0 -1 -2 2 1 0 -1 -2 2 1 0 -1 -2 2 1 0 -1 -2 2 1 0 -1 -2 2 1 0 -1 -2 2 1 0 -1 -2 2 1 0 -1 -2 2 1 0 -1 -2 2 1 0 -1 -2 2 1 0 -1 -2 2 1 0 -1 -2 2 1 0 -1 -2 2 1 0 -1 -2 2 1 0 -1 -2 2 1 0 -1 -2 2 1 0 -1 -2 2 1 0 -1 -2 2 1 0 -1 -2 2 1 0 -1 -2 2 1 0 -1 -2 2 1 0 -1 -2 2 1 0 -1 -2 2 1 0 -1 -2 2 1 0 -1 -2 2 1 0 -1 -2 2 1 0 -1 -2 2 1 0 -1 -2 2 1 0 -1 -2 2 1 0 -1 -2 2 1 0 -1 -2 2 1 0 -1 -2 2 1 0 -1 -2 2 1 0 -1 -2 2 1 0 -1 -2 2 1 0 -1 -2 2 1 0 -1 -2 2 1 0 -1 -2 2 1 0 -1 -2 2 1 0 -1 -2 2 1 0 -1 -2 2 1 0 -1 -2 2 1 0 -1 -2 2 1 0 -1 -2 2 1 0 -1 -2 2 1 0 -1 -2 2 1 0 -1 -2 2 1 0 -1 -2 2 1 0 -1 -2 2 1 0 -1 -2 2 1 0 -1 -2 2 1 0 -1 -2 2 1 0 -1 -2 2 1 0 -1 -2 2 1 0 -1 -2 2 1 0 -1 -2 2 1 0 -1 -2 2 1 0 -1 -2 2 1 0 -1 -2 2 1 0 -1 -2 2 1 0 -1 -2 2 1 0 -1 -2 2 1 0 -1 -2 2 1 0 -1 -2 2 1 0 -1 -2 2 1 0 -1 -2 2 1 0 -1 -2 2 1 0 -1 -2 2 1 0 -1 -2 2 1 0 -1 -2 2 1 0 -1 -2 2 1 0 -1 -2 2 1 0 -1 -2 2 1 0 -1 -2 2 1 0 -1 -2 2 1 0 -1 -2 2 1 0 -1 -2 2 1 0 -1 -2 2 1 0 -1 -2 2 1 0 -1 -2 2 1 0 -1 -2 2 1 0 -1 -2 2 1 0 -1 -2 2 1 0 -1 -2 2 1 0 -1 -2 2 1 0 -1 -2 2 1 0 -1 -2 2 1 0 -1 -2 2 1 0 -1 -2 2 1 0 -1 -2 2 1 0 -1 -2 2 1 0 -1 -2 2 1 0 -1 -2 2 1 0 -1 -2 2 1 0 -1 -2 2 1 0 -1 -2 2 1 0 722 -2 2 1 0 -1 -2 2 1 0 -1 -2 2 1 0 -1 -2 2 1 0 -1 -2 2 1
2 2 2 2 2 2 2 2 2 2 2 2 2 2 2 2 2 2 2 2 2 2 2 2 2 2 2 2 2 2 2 2 2 2 2 2 2 2 2 2 2 2 2 2 2 2 2 2 2 2 2 2 2 2 2 2 2 2 2 2 2 2 2 2 2 2 2 2 2 2 2 2 2 2 2 2 2 2 2 2 2 2 2 2 2 2 2 2 2 2 2 2 2 2 2 2 2 2 2 2 2 2 2 2 2 2 2 2 2 2 2 2 2 2 2 2 2 2 2 2 2 2 2 2 2 2 2 2 2 2 2 2 2 2 2 2 2 2 2 2 2 2 2 2 2 2 2 2 2 2 2 2 2 2 2 2 2 2 2 2 2 2 2 2 2 2 2 2 2 2 2 2 2 2 2 2 2 2 2 2 2 2 2 2 2 2 2 2 2 2 2 2 2 2 2 2 2 2 2 2 2 2 2 2 2 2 2 2 2 2 2 2 2 2 2 2 2 2 2 2 2 2 2 2 2 2 2 2 2 2 2 2 2 2 2 2 2 2 2 2 2 2 2 2 2 2 2 2 2 2 2 2 2 2 2 2 2 2 2 2 2 2 2 2 2 2 2 2 2 2 2 2 2 2 2 2 2 2 2 2 2 2 2 2 2 2 2 2 2 2 2 2 2 2 2 2 2 2 2 2 2 2 2 2 2 2 2 2 2 2 2 2 2 2 2 2 2 2 2 2 2 2 2 2 2 2 2 2 2 2 2 2 2 2 2 2 2 2 2 2 2 2 2 2 2 2 2 2 2 2 2 2 2 2 2 2 2 2 2 2 2 2 2 2 2 2 2 2 2 2 2 2 2 2 2 2 2 2 2 2 2 2 2 2 2 2 2 2 2 2 2 2 2 2 2 2 2 2 2 2 2 2 2 2 2 2 2 2 2 2 2 2 2 2 2 2 2 2 2 2 2 2 2 2 2 2 2 2 2 2 2 2 2 2 2 2 2 2 2 2 2 2 2 2 2 2 2 2 2 2 2 2 2 2 2 2 2 2 2 2 2 2 2 2 2 2 2 2 2 2 2 2 2 2 2 2 2 2 2 2 2 2 2 2 2 2 2 2 2 2 2 2 2 2 2 2 2 2 2 2 2 2 2 2 2 2 2 2 2 2 2 2 2 2 2 2 2 2 2 2 2 2 2 2 2 2 2 2 2 2 2 2 2 2 2 2 2 2 2 2 2 2 2 2 2 2 2 2 2 2 2 2 2 2 2 2 2 2 2 2 2 2 2 2 2 2 2 2 2 2 2 2 2 2 2 2 2 1201 2 2 2 2 2 2 2 2 2 2 2 2 2 2 2 2 2 2 2 2 2 2
-1 0 1 2 -2 -1 0 1 2 -2 -1 0 1 2 -2 -1 0 1 2 -2 -1 0 1 2 -2 -1 0 1 2 -2 -1 0 1 2 -2 -1 0 1 2 -2 -1 0 1 2 -2 -1 0 1 2 -2 -1 0 1 2 -2 -1 0 1 2 -2 -1 0 1 2 -2 -1 0 1 2 -2 -1 0 1 2 -2 -1 0 1 2 -2 -1 0 1 2 -2 -1 0 1 2 -2 -1 0 1 2 -2 -1 0 1 2 -2 -1 0 1 2 -2 -1 0 1 2 -2 -1 0 1 2 -2 -1 0 1 2 -2 -1 0 1 2 -2 -1 0 1 2 -2 -1 0 1 2 -2 -1 0 1 2 -2 -1 0 1 2 -2 -1 0 1 2 -2 -1 0 1 2 -2 -1 0 1 2 -2 -1 0 1 2 -2 -1 0 1 2 -2 -1 0 1 2 -2 -1 0 1 2 -2 -1 0 1 2 -2 -1 0 1 2 -2 -1 0 1 2 -2 -1 0 1 2 -2 -1 0 1 2 -2 -1 0 1 2 -2 -1 0 1 2 -2 -1 0 1 2 -2 -1 0 1 2 -2 -1 0 1 2 -2 -1 0 1 2 -2 -1 0 1 2 -2 -1 0 1 2 -2 -1 0 1 2 -2 -1 0 1 2 -2 -1 0 1 2 -2 -1 0 1 2 -2 -1 0 1 2 -2 -1 0 1 2 -2 -1 0 1 2 -2 -1 0 1 2 -2 -1 0 1 2 -2 -1 0 1 2 -2 -1 0 1 2 -2 -1 0 1 2 -2 -1 0 1 2 -2 -1 0 1 2 -2 -1 0 1 2 -2 -1 0 1 2 -2 -1 0 1 2 -2 -1 0 1 2 -2 -1 0 1 2 -2 -1 0 1 2 -2 -1 0 1 2 -2 -1 0 1 2 -2 -1 0 1 2 -2 -1 0 1 2 -2 -1 0 1 2 -2 -1 0 1 2 -2 -1 0 1 2 -2 -1 0 1 2 -2 -1 0 1 2 -2 -1 0 1 2 -2 -1 0 1 2 -2 -1 0 1 2 -2 -1 0 1 2 -2 -1 0 1 2 -2 -1 0 1 2 -2 -1 0 1 2 -2 -1 0 1 2 -2 -1 0 1 2 -2 -1 0 1 2 -2 -1 0 1 2 -2 -1 0 1 2 -2 -1 0 1 2 -2 -1 0 1 2 -2 -1 0 1 2 -2 -1 0 1 2 -2 -1 0 1 2 -2 -1 0 1 2 -2 -1 0 1 2 -2 -1 0 1 2 -2 -1 0 1 2 -2 -1 0 1 2 -2 -1 0 1 2 -2 -1 0 1 2 -2 -1 0 1 2 -2 -1 0 1 2 -2 -1 0 1 2 -2 -1 0 1 2 -2 -1 0 1 2 -2 -1 0 1 2 -2 -1 0 1 2 -2 -1 0 1 2 -2 -1 0 1 2 -2 -1 0 1 2 -2 -1 0 1 2 -2 -1 0 1 2 -2 -1 0 1 2 -2 -1 0 1 721 -2 -1 0 1 2 -2 -1 0 1 2 -2 -1 0 1 2 -2 -1 0 1 2 -2
1 -2 0 2 -1 1 -2 0 2 -1 1 -2 0 2 -1 1 -2 0 2 -1 1 -2 0 2 -1 1 -2 0 2 -1 1 -2 0 2 -1 1 -2 0 2 -1 1 -2 0 2 -1 1 -2 0 2 -1 1 -2 0 2 -1 1 -2 0 2 -1 1 -2 0 2 -1 1 -2 0 2 -1 1 -2 0 2 -1 1 -2 0 2 -1 1 -2 0 2 -1 1 -2 0 2 -1 1 -2 0 2 -1 1 -2 0 2 -1 1 -2 0 2 -1 1 -2 0 2 -1 1 -2 0 2 -1 1 -2 0 2 -1 1 -2 0 2 -1 1 -2 0 2 -1 1 -2 0 2 -1 1 -2 0 2 -1 1 -2 0 2 -1 1 -2 0 2 -1 1 -2 0 2 -1 1 -2 0 2 -1 1 -2 0 2 -1 1 -2 0 2 -1 1 -2 0 2 -1 1 -2 0 2 -1 1 -2 0 2 -1 1 -2 0 2 -1 1 -2 0 2 -1 1 -2 0 2 -1 1 -2 0 2 -1 1 -2 0 2 -1 1 -2 0 2 -1 1 -2 0 2 -1 1 -2 0 2 -1 1 -2 0 2 -1 1 -2 0 2 -1 1 -2 0 2 -1 1 -2 0 2 -1 1 -2 0 2 -1 1 -2 0 2 -1 1 -2 0 2 -1 1 -2 0 2 -1 1 -2 0 2 -1 1 -2 0 2 -1 1 -2 0 2 -1 1 -2 0 2 -1 1 -2 0 2 -1 1 -2 0 2 -1 1 -2 0 2 -1 1 -2 0 2 -1 1 -2 0 2 -1 1 -2 0 2 -1 1 -2 0 2 -1 1 -2 0 2 -1 1 -2 0 2 -1 1 -2 0 2 -1 1 -2 0 2 -1 1 -2 0 2 -1 1 -2 0 2 -1 1 -2 0 2 -1 1 -2 0 2 -1 1 -2 0 2 -1 1 -2 0 2 -1 1 -2 0 2 -1 1 -2 0 2 -1 1 -2 0 2 -1 1 -2 0 2 -1 1 -2 0 2 -1 1 -2 0 2 -1 1 -2 0 2 -1 1 -2 0 2 -1 1 -2 0 2 -1 1 -2 0 2 -1 1 -2 0 2 -1 1 -2 0 2 -1 1 -2 0 2 -1 1 -2 0 2 -1 1 -2 0 2 -1 1 -2 0 2 -1 1 -2 0 2 -1 1 -2 0 2 -1 1 -2 0 2 -1 1 -2 0 2 -1 1 -2 0 2 -1 1 -2 0 2 -1 1 -2 0 2 -1 1 -2 0 2 -1 1 -2 0 2 -1 1 -2 0 2 -1 1 -2 0 2 -1 1 -2 0 2 -1 1 -2 0 2 -1 1 -2 0 2 -1 1 -2 0 2 -1 1 -2 0 2 -1 1 -2 0 2 -1 1 -2 0 2 -1 1 -2 0 2 -1 1 -2 0 2 -1 1 -2 0 2 -1 1 -2 0 2 -1 1 -2 0 2 -1 1 -2 0 2 -1 1 -2 0 2 -1 1 -2 0 2 722 1 -2 0 2 -1 1 -2 0 2 -1 1 -2 0 2 -1 1 -2 0 2 -1
-2 1 -1 2 0 -2 1 -1 2 0 -2 1 -1 2 0 -2 1 -1 2 0 -2 1 -1 2 0 -2 1 -1 2 0 -2 1 -1 2 0 -2 1 -1 2 0 -2 1 -1 2 0 -2 1 -1 2 0 -2 1 -1 2 0 -2 1 -1 2 0 -2 1 -1 2 0 -2 1 -1 2 0 -2 1 -1 2 0 -2 1 -1 2 0 -2 1 -1 2 0 -2 1 -1 2 0 -2 1 -1 2 0 -2 1 -1 2 0 -2 1 -1 2 0 -2 1 -1 2 0 -2 1 -1 2 0 -2 1 -1 2 0 -2 1 -1 2 0 -2 1 -1 2 0 -2 1 -1 2 0 -2 1 -1 2 0 -2 1 -1 2 0 -2 1 -1 2 0 -2 1 -1 2 0 -2 1 -1 2 0 -2 1 -1 2 0 -2 1 -1 2 0 -2 1 -1 2 0 -2 1 -1 2 0 -2 1 -1 2 0 -2 1 -1 2 0 -2 1 -1 2 0 -2 1 -1 2 0 -2 1 -1 2 0 -2 1 -1 2 0 -2 1 -1 2 0 -2 1 -1 2 0 -2 1 -1 2 0 -2 1 -1 2 0 -2 1 -1 2 0 -2 1 -1 2 0 -2 1 -1 2 0 -2 1 -1 2 0 -2 1 -1 2 0 -2 1 -1 2 0 -2 1 -1 2 0 -2 1 -1 2 0 -2 1 -1 2 0 -2 1 -1 2 0 -2 1 -1 2 0 -2 1 -1 2 0 -2 1 -1 2 0 -2 1 -1 2 0 -2 1 -1 2 0 -2 1 -1 2 0 -2 1 -1 2 0 -2 1 -1 2 0 -2 1 -1 2 0 -2 1 -1 2 0 -2 1 -1 2 0 -2 1 -1 2 0 -2 1 -1 2 0 -2 1 -1 2 0 -2 1 -1 2 0 -2 1 -1 2 0 -2 1 -1 2 0 -2 1 -1 2 0 -2 1 -1 2 0 -2 1 -1 2 0 -2 1 -1 2 0 -2 1 -1 2 0 -2 1 -1 2 0 -2 1 -1 2 0 -2 1 -1 2 0 -2 1 -1 2 0 -2 1 -1 2 0 -2 1 -1 2 0 -2 1 -1 2 0 -2 1 -1 2 0 -2 1 -1 2 0 -2 1 -1 2 0 -2 1 -1 2 0 -2 1 -1 2 0 -2 1 -1 2 0 -2 1 -1 2 0 -2 1 -1 2 0 -2 1 -1 2 0 -2 1 -1 2 0 -2 1 -1 2 0 -2 1 -1 2 0 -2 1 -1 2 0 -2 1 -1 2 0 -2 1 -1 2 0 -2 1 -1 2 0 -2 1 -1 2 0 -2 1 -1 2 0 -2 1 -1 2 0 -2 1 -1 2 0 -2 1 -1 2 0 -2 1 -1 2 0 -2 1 -1 2 0 -2 1 -1 2 0 -2 1 -1 2 0 -2 1 -1 2 0 -2 1 -1 2 0 -2 1 -1 2 0 -2 1 -1 2 0 -2 1 -1 2 0 -2 1 -1 2 0 721 1 -1 2 0 -2 1 -1 2 0 -2 1 -1 2 0 -2 1 -1 2 0
0 -1 -2 2 1 0 -1 -2 2 1 0 -1 -2 2 1 0 -1 -2 2 1 0 -1 -2 2 1 0 -1 -2 2 1 0 -1 -2 2 1 0 -1 -2 2 1 0 -1 -2 2 1 0 -1 -2 2 1 0 -1 -2 2 1 0 -1 -2 2 1 0 -1 -2 2 1 0 -1 -2 2 1 0 -1 -2 2 1 0 -1 -2 2 1 0 -1 -2 2 1 0 -1 -2 2 1 0 -1 -2 2 1 0 -1 -2 2 1 0 -1 -2 2 1 0 -1 -2 2 1 0 -1 -2 2 1 0 -1 -2 2 1 0 -1 -2 2 1 0 -1 -2 2 1 0 -1 -2 2 1 0 -1 -2 2 1 0 -1 -2 2 1 0 -1 -2 2 1 0 -1 -2 2 1 0 -1 -2 2 1 0 -1 -2 2 1 0 -1 -2 2 1 0 -1 -2 2 1 0 -1 -2 2 1 0 -1 -2 2 1 0 -1 -2 2 1 0 -1 -2 2 1 0 -1 -2 2 1 0 -1 -2 2 1 0 -1 -2 2 1 0 -1 -2 2 1 0 -1 -2 2 1 0 -1 -2 2 1 0 -1 -2 2 1 0 -1 -2 2 1 0 -1 -2 2 1 0 -1 -2 2 1 0 -1 -2 2 1 0 -1 -2 2 1 0 -1 -2 2 1 0 -1 -2 2 1 0 -1 -2 2 1 0 -1 -2 2 1 0 -1 -2 2 1 0 -1 -2 2 1 0 -1 -2 2 1 0 -1 -2 2 1 0 -1 -2 2 1 0 -1 -2 2 1 0 -1 -2 2 1 0 -1 -2 2 1 0 -1 -2 2 1 0 -1 -2 2 1 0 -1 -2 2 1 0 -1 -2 2 1 0 -1 -2 2 1 0 -1 -2 2 1 0 -1 -2 2 1 0 -1 -2 2 1 0 -1 -2 2 1 0 -1 -2 2 1 0 -1 -2 2 1 0 -1 -2 2 1 0 -1 -2 2 1 0 -1 -2 2 1 0 -1 -2 2 1 0 -1 -2 2 1 0 -1 -2 2 1 0 -1 -2 2 1 0 -1 -2 2 1 0 -1 -2 2 1 0 -1 -2 2 1 0 -1 -2 2 1 0 -1 -2 2 1 0 -1 -2 2 1 0 -1 -2 2 1 0 -1 -2 2 1 0 -1 -2 2 1 0 -1 -2 2 1 0 -1 -2 2 1 0 -1 -2 2 1 0 -1 -2 2 1 0 -1 -2 2 1 0 -1 -2 2 1 0 -1 -2 2 1 0 -1 -2 2 1 0 -1 -2 2 1 0 -1 -2 2 1 0 -1 -2 2 1 0 -1 -2 2 1 0 -1 -2 2 1 0 -1 -2 2 1 0 -1 -2 2 1 0 -1 -2 2 1 0 -1 -2 2 1 0 -1 -2 2 1 0 -1 -2 2 1 0 -1 -2 2 1 0 -1 -2 2 1 0 -1 -2 2 1 0 -1 -2 2 1 0 -1 -2 2 1 0 -1 -2 2 1 0 -1 -2 2 1 0 722 -2 2 1 0 -1 -2 2 1 0 -1 -2 2 1 0 -1 -2 2 1
2 2 2 2 2 2 2 2 2 2 2 2 2 2 2 2 2 2 2 2 2 2 2 2 2 2 2 2 2 2 2 2 2 2 2 2 2 2 2 2 2 2 2 2 2 2 2 2 2 2 2 2 2 2 2 2 2 2 2 2 2 2 2 2 2 2 2 2 2 2 2 2 2 2 2 2 2 2 2 2 2 2 2 2 2 2 2 2 2 2 2 2 2 2 2 2 2 2 2 2 2 2 2 2 2 2 2 2 2 2 2 2 2 2 2 2 2 2 2 2 2 2 2 2 2 2 2 2 2 2 2 2 2 2 2 2 2 2 2 2 2 2 2 2 2 2 2 2 2 2 2 2 2 2 2 2 2 2 2 2 2 2 2 2 2 2 2 2 2 2 2 2 2 2 2 2 2 2 2 2 2 2 2 2 2 2 2 2 2 2 2 2 2 2 2 2 2 2 2 2 2 2 2 2 2 2 2 2 2 2 2 2 2 2 2 2 2 2 2 2 2 2 2 2 2 2 2 2 2 2 2 2 2 2 2 2 2 2 2 2 2 2 2 2 2 2 2 2 2 2 2 2 2 2 2 2 2 2 2 2 2 2 2 2 2 2 2 2 2 2 2 2 2 2 2 2 2 2 2 2 2 2 2 2 2 2 2 2 2 2 2 2 2 2 2 2 2 2 2 2 2 2 2 2 2 2 2 2 2 2 2 2 2 2 2 2 2 2 2 2 2 2 2 2 2 2 2 2 2 2 2 2 2 2 2 2 2 2 2 2 2 2 2 2 2 2 2 2 2 2 2 2 2 2 2 2 2 2 2 2 2 2 2 2 2 2 2 2 2 2 2 2 2 2 2 2 2 2 2 2 2 2 2 2 2 2 2 2 2 2 2 2 2 2 2 2 2 2 2 2 2 2 2 2 2 2 2 2 2 2 2 2 2 2 2 2 2 2 2 2 2 2 2 2 2 2 2 2 2 2 2 2 2 2 2 2 2 2 2 2 2 2 2 2 2 2 2 2 2 2 2 2 2 2 2 2 2 2 2 2 2 2 2 2 2 2 2 2 2 2 2 2 2 2 2 2 2 2 2 2 2 2 2 2 2 2 2 2 2 2 2 2 2 2 2 2 2 2 2 2 2 2 2 2 2 2 2 2 2 2 2 2 2 2 2 2 2 2 2 2 2 2 2 2 2 2 2 2 2 2 2 2 2 2 2 2 2 2 2 2 2 2 2 2 2 2 2 2 2 2 2 2 2 2 2 2 2 2 2 2 2 2 2 2 2 2 2 2 2 2 2 2 2 2 2 2 2 2 2 2 2 2 1201 2 2 2 2 2 2 2 2 2 2 2 2 2 2 2 2 2
-1 0 1 2 -2 -1 0 1 2 -2 -1 0 1 2 -2 -1 0 1 2 -2 -1 0 1 2 -2 -1 0 1 2 -2 -1 0 1 2 -2 -1 0 1 2 -2 -1 0 1 2 -2 -1 0 1 2 -2 -1 0 1 2 -2 -1 0 1 2 -2 -1 0 1 2 -2 -1 0 1 2 -2 -1 0 1 2 -2 -1 0 1 2 -2 -1 0 1 2 -2 -1 0 1 2 -2 -1 0 1 2 -2 -1 0 1 2 -2 -1 0 1 2 -2 -1 0 1 2 -2 -1 0 1 2 -2 -1 0 1 2 -2 -1 0 1 2 -2 -1 0 1 2 -2 -1 0 1 2 -2 -1 0 1 2 -2 -1 0 1 2 -2 -1 0 1 2 -2 -1 0 1 2 -2 -1 0 1 2 -2 -1 0 1 2 -2 -1 0 1 2 -2 -1 0 1 2 -2 -1 0 1 2 -2 -1 0 1 2 -2 -1 0 1 2 -2 -1 0 1 2 -2 -1 0 1 2 -2 -1 0 1 2 -2 -1 0 1 2 -2 -1 0 1 2 -2 -1 0 1 2 -2 -1 0 1 2 -2 -1 0 1 2 -2 -1 0 1 2 -2 -1 0 1 2 -2 -1 0 1 2 -2 -1 0 1 2 -2 -1 0 1 2 -2 -1 0 1 2 -2 -1 0 1 2 -2 -1 0 1 2 -2 -1 0 1 2 -2 -1 0 1 2 -2 -1 0 1 2 -2 -1 0 1 2 -2 -1 0 1 2 -2 -1 0 1 2 -2 -1 0 1 2 -2 -1 0 1 2 -2 -1 0 1 2 -2 -1 0 1 2 -2 -1 0 1 2 -2 -1 0 1 2 -2 -1 0 1 2 -2 -1 0 1 2 -2 -1 0 1 2 -2 -1 0 1 2 -2 -1 0 1 2 -2 -1 0 1 2 -2 -1 0 1 2 -2 -1 0 1 2 -2 -1 0 1 2 -2 -1 0 1 2 -2 -1 0 1 2 -2 -1 0 1 2 -2 -1 0 1 2 -2 -1 0 1 2 -2 -1 0 1 2 -2 -1 0 1 2 -2 -1 0 1 2 -2 -1 0 1 2 -2 -1 0 1 2 -2 -1 0 1 2 -2 -1 0 1 2 -2 -1 0 1 2 -2 -1 0 1 2 -2 -1 0 1 2 -2 -1 0 1 2 -2 -1 0 1 2 -2 -1 0 1 2 -2 -1 0 1 2 -2 -1 0 1 2 -2 -1 0 1 2 -2 -1 0 1 2 -2 -1 0 1 2 -2 -1 0 1 2 -2 -1 0 1 2 -2 -1 0 1 2 -2 -1 0 1 2 -2 -1 0 1 2 -2 -1 0 1 2 -2 -1 0 1 2 -2 -1 0 1 2 -2 -1 0 1 2 -2 -1 0 1 2 -2 -1 0 1 2 -2 -1 0 1 2 -2 -1 0 1 2 -2 -1 0 1 2 -2 -1 0 1 2 -2 -1 0 1 2 -2 -1 0 1 2 -2 -1 0 1 2 -2 -1 0 1 721 -2 -1 0 1 2 -2 -1 0 1 2 -2 -1 0 1 2 -2
1 -2 0 2 -1 1 -2 0 2 -1 1 -2 0 2 -1 1 -2 0 2 -1 1 -2 0 2 -1 1 -2 0 2 -1 1 -2 0 2 -1 1 -2 0 2 -1 1 -2 0 2 -1 1 -2 0 2 -1 1 -2 0 2 -1 1 -2 0 2 -1 1 -2 0 2 -1 1 -2 0 2 -1 1 -2 0 2 -1 1 -2 0 2 -1 1 -2 0 2 -1 1 -2 0 2 -1 1 -2 0 2 -1 1 -2 0 2 -1 1 -2 0 2 -1 1 -2 0 2 -1 1 -2 0 2 -1 1 -2 0 2 -1 1 -2 0 2 -1 1 -2 0 2 -1 1 -2 0 2 -1 1 -2 0 2 -1 1 -2 0 2 -1 1 -2 0 2 -1 1 -2 0 2 -1 1 -2 0 2 -1 1 -2 0 2 -1 1 -2 0 2 -1 1 -2 0 2 -1 1 -2 0 2 -1 1 -2 0 2 -1 1 -2 0 2 -1 1 -2 0 2 -1 1 -2 0 2 -1 1 -2 0 2 -1 1 -2 0 2 -1 1 -2 0 2 -1 1 -2 0 2 -1 1 -2 0 2 -1 1 -2 0 2 -1 1 -2 0 2 -1 1 -2 0 2 -1 1 -2 0 2 -1 1 -2 0 2 -1 1 -2 0 2 -1 1 -2 0 2 -1 1 -2 0 2 -1 1 -2 0 2 -1 1 -2 0 2 -1 1 -2 0 2 -1 1 -2 0 2 -1 1 -2 0 2 -1 1 -2 0 2 -1 1 -2 0 2 -1 1 -2 0 2 -1 1 -2 0 2 -1 1 -2 0 2 -1 1 -2 0 2 -1 1 -2 0 2 -1 1 -2 0 2 -1 1 -2 0 2 -1 1 -2 0 2 -1 1 -2 0 2 -1 1 -2 0 2 -1 1 -2 0 2 -1 1 -2 0 2 -1 1 -2 0 2 -1 1 -2 0 2 -1 1 -2 0 2 -1 1 -2 0 2 -1 1 -2 0 2 -1 1 -2 0 2 -1 1 -2 0 2 -1 1 -2 0 2 -1 1 -2 0 2 -1 1 -2 0 2 -1 1 -2 0 2 -1 1 -2 0 2 -1 1 -2 0 2 -1 1 -2 0 2 -1 1 -2 0 2 -1 1 -2 0 2 -1 1 -2 0 2 -1 1 -2 0 2 -1 1 -2 0 2 -1 1 -2 0 2 -1 1 -2 0 2 -1 1 -2 0 2 -1 1 -2 0 2 -1 1 -2 0 2 -1 1 -2 0 2 -1 1 -2 0 2 -1 1 -2 0 2 -1 1 -2 0 2 -1 1 -2 0 2 -1 1 -2 0 2 -1 1 -2 0 2 -1 1 -2 0 2 -1 1 -2 0 2 -1 1 -2 0 2 -1 1 -2 0 2 -1 1 -2 0 2 -1 1 -2 0 2 -1 1 -2 0 2 -1 1 -2 0 2 -1 1 -2 0 2 -1 1 -2 0 2 -1 1 -2 0 2 -1 1 -2 0 2 -1 1 -2 0 2 -1 1 -2 0 2 722 1 -2 0 2 -1 1 -2 0 2 -1 1 -2 0 2 -1
-2 1 -1 2 0 -2 1 -1 2 0 -2 1 -1 2 0 -2 1 -1 2 0 -2 1 -1 2 0 -2 1 -1 2 0 -2 1 -1 2 0 -2 1 -1 2 0 -2 1 -1 2 0 -2 1 -1 2 0 -2 1 -1 2 0 -2 1 -1 2 0 -2 1 -1 2 0 -2 1 -1 2 0 -2 1 -1 2 0 -2 1 -1 2 0 -2 1 -1 2 0 -2 1 -1 2 0 -2 1 -1 2 0 -2 1 -1 2 0 -2 1 -1 2 0 -2 1 -1 2 0 -2 1 -1 2 0 -2 1 -1 2 0 -2 1 -1 2 0 -2 1 -1 2 0 -2 1 -1 2 0 -2 1 -1 2 0 -2 1 -1 2 0 -2 1 -1 2 0 -2 1 -1 2 0 -2 1 -1 2 0 -2 1 -1 2 0 -2 1 -1 2 0 -2 1 -1 2 0 -2 1 -1 2 0 -2 1 -1 2 0 -2 1 -1 2 0 -2 1 -1 2 0 -2 1 -1 2 0 -2 1 -1 2 0 -2 1 -1 2 0 -2 1 -1 2 0 -2 1 -1 2 0 -2 1 -1 2 0 -2 1 -1 2 0 -2 1 -1 2 0 -2 1 -1 2 0 -2 1 -1 2 0 -2 1 -1 2 0 -2 1 -1 2 0 -2 1 -1 2 0 -2 1 -1 2 0 -2 1 -1 2 0 -2 1 -1 2 0 -2 1 -1 2 0 -2 1 -1 2 0 -2 1 -1 2 0 -2 1 -1 2 0 -2 1 -1 2 0 -2 1 -1 2 0 -2 1 -1 2 0 -2 1 -1 2 0 -2 1 -1 2 0 -2 1 -1 2 0 -2 1 -1 2 0 -2 1 -1 2 0 -2 1 -1 2 0 -2 1 -1 2 0 -2 1 -1 2 0 -2 1 -1 2 0 -2 1 -1 2 0 -2 1 -1 2 0 -2 1 -1 2 0 -2 1 -1 2 0 -2 1 -1 2 0 -2 1 -1 2 0 -2 1 -1 2 0 -2 1 -1 2 0 -2 1 -1 2 0 -2 1 -1 2 0 -2 1 -1 2 0 -2 1 -1 2 0 -2 1 -1 2 0 -2 1 -1 2 0 -2 1 -1 2 0 -2 1 -1 2 0 -2 1 -1 2 0 -2 1 -1 2 0 -2 1 -1 2 0 -2 1 -1 2 0 -2 1 -1 2 0 -2 1 -1 2 0 -2 1 -1 2 0 -2 1 -1 2 0 -2 1 -1 2 0 -2 1 -1 2 0 -2 1 -1 2 0 -2 1 -1 2 0 -2 1 -1 2 0 -2 1 -1 2 0 -2 1 -1 2 0 -2 1 -1 2 0 -2 1 -1 2 0 -2 1 -1 2 0 -2 1 -1 2 0 -2 1 -1 2 0 -2 1 -1 2 0 -2 1 -1 2 0 -2 1 -1 2 0 -2 1 -1 2 0 -2 1 -1 2 0 -2 1 -1 2 0 -2 1 -1 2 0 -2 1 -1 2 0 -2 1 -1 2 0 -2 1 -1 2 0 721 1 -1 2 0 -2 1 -1 2 0 -2 1 -1 2 0
0 -1 -2 2 1 0 -1 -2 2 1 0 -1 -2 2 1 0 -1 -2 2 1 0 -1 -2 2 1 0 -1 -2 2 1 0 -1 -2 2 1 0 -1 -2 2 1 0 -1 -2 2 1 0 -1 -2 2 1 0 -1 -2 2 1 0 -1 -2 2 1 0 -1 -2 2 1 0 -1 -2 2 1 0 -1 -2 2 1 0 -1 -2 2 1 0 -1 -2 2 1 0 -1 -2 2 1 0 -1 -2 2 1 0 -1 -2 2 1 0 -1 -2 2 1 0 -1 -2 2 1 0 -1 -2 2 1 0 -1 -2 2 1 0 -1 -2 2 1 0 -1 -2 2 1 0 -1 -2 2 1 0 -1 -2 2 1 0 -1 -2 2 1 0 -1 -2 2 1 0 -1 -2 2 1 0 -1 -2 2 1 0 -1 -2 2 1 0 -1 -2 2 1 0 -1 -2 2 1 0 -1 -2 2 1 0 -1 -2 2 1 0 -1 -2 2 1 0 -1 -2 2 1 0 -1 -2 2 1 0 -1 -2 2 1 0 -1 -2 2 1 0 -1 -2 2 1 0 -1 -2 2 1 0 -1 -2 2 1 0 -1 -2 2 1 0 -1 -2 2 1 0 -1 -2 2 1 0 -1 -2 2 1 0 -1 -2 2 1 0 -1 -2 2 1 0 -1 -2 2 1 0 -1 -2 2 1 0 -1 -2 2 1 0 -1 -2 2 1 0 -1 -2 2 1 0 -1 -2 2 1 0 -1 -2 2 1 0 -1 -2 2 1 0 -1 -2 2 1 0 -1 -2 2 1 0 -1 -2 2 1 0 -1 -2 2 1 0 -1 -2 2 1 0 -1 -2 2 1 0 -1 -2 2 1 0 -1 -2 2 1 0 -1 -2 2 1 0 -1 -2 2 1 0 -1 -2 2 1 0 -1 -2 2 1 0 -1 -2 2 1 0 -1 -2 2 1 0 -1 -2 2 1 0 -1 -2 2 1 0 -1 -2 2 1 0 -1 -2 2 1 0 -1 -2 2 1 0 -1 -2 2 1 0 -1 -2 2 1 0 -1 -2 2 1 0 -1 -2 2 1 0 -1 -2 2 1 0 -1 -2 2 1 0 -1 -2 2 1 0 -1 -2 2 1 0 -1 -2 2 1 0 -1 -2 2 1 0 -1 -2 2 1 0 -1 -2 2 1 0 -1 -2 2 1 0 -1 -2 2 1 0 -1 -2 2 1 0 -1 -2 2 1 0 -1 -2 2 1 0 -1 -2 2 1 0 -1 -2 2 1 0 -1 -2 2 1 0 -1 -2 2 1 0 -1 -2 2 1 0 -1 -2 2 1 0 -1 -2 2 1 0 -1 -2 2 1 0 -1 -2 2 1 0 -1 -2 2 1 0 -1 -2 2 1 0 -1 -2 2 1 0 -1 -2 2 1 0 -1 -2 2 1 0 -1 -2 2 1 0 -1 -2 2 1 0 -1 -2 2 1 0 -1 -2 2 1 0 -1 -2 2 1 0 -1 -2 2 1 0 -1 -2 2 1 0 -1 -2 2 1 0 722 -2 2 1 0 -1 -2 2 1 0 -1 -2 2 1
2 2 2 2 2 2 2 2 2 2 2 2 2 2 2 2 2 2 2 2 2 2 2 2 2 2 2 2 2 2 2 2 2 2 2 2 2 2 2 2 2 2 2 2 2 2 2 2 2 2 2 2 2 2 2 2 2 2 2 2 2 2 2 2 2 2 2 2 2 2 2 2 2 2 2 2 2 2 2 2 2 2 2 2 2 2 2 2 2 2 2 2 2 2 2 2 2 2 2 2 2 2 2 2 2 2 2 2 2 2 2 2 2 2 2 2 2 2 2 2 2 2 2 2 2 2 2 2 2 2 2 2 2 2 2 2 2 2 2 2 2 2 2 2 2 2 2 2 2 2 2 2 2 2 2 2 2 2 2 2 2 2 2 2 2 2 2 2 2 2 2 2 2 2 2 2 2 2 2 2 2 2 2 2 2 2 2 2 2 2 2 2 2 2 2 2 2 2 2 2 2 2 2 2 2 2 2 2 2 2 2 2 2 2 2 2 2 2 2 2 2 2 2 2 2 2 2 2 2 2 2 2 2 2 2 2 2 2 2 2 2 2 2 2 2 2 2 2 2 2 2 2 2 2 2 2 2 2 2 2 2 2 2 2 2 2 2 2 2 2 2 2 2 2 2 2 2 2 2 2 2 2 2 2 2 2 2 2 2 2 2 2 2 2 2 2 2 2 2 2 2 2 2 2 2 2 2 2 2 2 2 2 2 2 2 2 2 2 2 2 2 2 2 2 2 2 2 2 2 2 2 2 2 2 2 2 2 2 2 2 2 2 2 2 2 2 2 2 2 2 2 2 2 2 2 2 2 2 2 2 2 2 2 2 2 2 2 2 2 2 2 2 2 2 2 2 2 2 2 2 2 2 2 2 2 2 2 2 2 2 2 2 2 2 2 2 2 2 2 2 2 2 2 2 2 2 2 2 2 2 2 2 2 2 2 2 2 2 2 2 2 2 2 2 2 2 2 2 2 2 2 2 2 2 2 2 2 2 2 2 2 2 2 2 2 2 2 2 2 2 2 2 2 2 2 2 2 2 2 2 2 2 2 2 2 2 2 2 2 2 2 2 2 2 2 2 2 2 2 2 2 2 2 2 2 2 2 2 2 2 2 2 2 2 2 2 2 2 2 2 2 2 2 2 2 2 2 2 2 2 2 2 2 2 2 2 2 2 2 2 2 2 2 2 2 2 2 2 2 2 2 2 2 2 2 2 2 2 2 2 2 2 2 2 2 2 2 2 2 2 2 2 2 2 2 2 2 2 2 2 2 2 2 2 2 2 2 2 2 2 2 2 2 2 2 2 2 2 2 2 2 2 2 2 2 2 2 1201 2 2 2 2 2 2 2 2 2 2 2 2
-1 0 1 2 -2 -1 0 1 2 -2 -1 0 1 2 -2 -1 0 1 2 -2 -1 0 1 2 -2 -1 0 1 2 -2 -1 0 1 2 -2 -1 0 1 2 -2 -1 0 1 2 -2 -1 0 1 2 -2 -1 0 1 2 -2 -1 0 1 2 -2 -1 0 1 2 -2 -1 0 1 2 -2 -1 0 1 2 -2 -1 0 1 2 -2 -1 0 1 2 -2 -1 0 1 2 -2 -1 0 1 2 -2 -1 0 1 2 -2 -1 0 1 2 -2 -1 0 1 2 -2 -1 0 1 2 -2 -1 0 1 2 -2 -1 0 1 2 -2 -1 0 1 2 -2 -1 0 1 2 -2 -1 0 1 2 -2 -1 0 1 2 -2 -1 0 1 2 -2 -1 0 1 2 -2 -1 0 1 2 -2 -1 0 1 2 -2 -1 0 1 2 -2 -1 0 1 2 -2 -1 0 1 2 -2 -1 0 1 2 -2 -1 0 1 2 -2 -1 0 1 2 -2 -1 0 1 2 -2 -1 0 1 2 -2 -1 0 1 2 -2 -1 0 1 2 -2 -1 0 1 2 -2 -1 0 1 2 -2 -1 0 1 2 -2 -1 0 1 2 -2 -1 0 1 2 -2 -1 0 1 2 -2 -1 0 1 2 -2 -1 0 1 2 -2 -1 0 1 2 -2 -1 0 1 2 -2 -1 0 1 2 -2 -1 0 1 2 -2 -1 0 1 2 -2 -1 0 1 2 -2 -1 0 1 2 -2 -1 0 1 2 -2 -1 0 1 2 -2 -1 0 1 2 -2 -1 0 1 2 -2 -1 0 1 2 -2 -1 0 1 2 -2 -1 0 1 2 -2 -1 0 1 2 -2 -1 0 1 2 -2 -1 0 1 2 -2 -1 0 1 2 -2 -1 0 1 2 -2 -1 0 1 2 -2 -1 0 1 2 -2 -1 0 1 2 -2 -1 0 1 2 -2 -1 0 1 2 -2 -1 0 1 2 -2 -1 0 1 2 -2 -1 0 1 2 -2 -1 0 1 2 -2 -1 0 1 2 -2 -1 0 1 2 -2 -1 0 1 2 -2 -1 0 1 2 -2 -1 0 1 2 -2 -1 0 1 2 -2 -1 0 1 2 -2 -1 0 1 2 -2 -1 0 1 2 -2 -1 0 1 2 -2 -1 0 1 2 -2 -1 0 1 2 -2 -1 0 1 2 -2 -1 0 1 2 -2 -1 0 1 2 -2 -1 0 1 2 -2 -1 0 1 2 -2 -1 0 1 2 -2 -1 0 1 2 -2 -1 0 1 2 -2 -1 0 1 2 -2 -1 0 1 2 -2 -1 0 1 2 -2 -1 0 1 2 -2 -1 0 1 2 -2 -1 0 1 2 -2 -1 0 1 2 -2 -1 0 1 2 -2 -1 0 1 2 -2 -1 0 1 2 -2 -1 0 1 2 -2 -1 0 1 2 -2 -1 0 1 2 -2 -1 0 1 2 -2 -1 0 1 2 -2 -1 0 1 2 -2 -1 0 1 2 -2 -1 0 1 2 -2 -1 0 1 721 -2 -1 0 1 2 -2 -1 0 1 2 -2
1 -2 0 2 -1 1 -2 0 2 -1 1 -2 0 2 -1 1 -2 0 2 -1 1 -2 0 2 -1 1 -2 0 2 -1 1 -2 0 2 -1 1 -2 0 2 -1 1 -2 0 2 -1 1 -2 0 2 -1 1 -2 0 2 -1 1 -2 0 2 -1 1 -2 0 2 -1 1 -2 0 2 -1 1 -2 0 2 -1 1 -2 0 2 -1 1 -2 0 2 -1 1 -2 0 2 -1 1 -2 0 2 -1 1 -2 0 2 -1 1 -2 0 2 -1 1 -2 0 2 -1 1 -2 0 2 -1 1 -2 0 2 -1 1 -2 0 2 -1 1 -2 0 2 -1 1 -2 0 2 -1 1 -2 0 2 -1 1 -2 0 2 -1 1 -2 0 2 -1 1 -2 0 2 -1 1 -2 0 2 -1 1 -2 0 2 -1 1 -2 0 2 -1 1 -2 0 2 -1 1 -2 0 2 -1 1 -2 0 2 -1 1 -2 0 2 -1 1 -2 0 2 -1 1 -2 0 2 -1 1 -2 0 2 -1 1 -2 0 2 -1 1 -2 0 2 -1 1 -2 0 2 -1 1 -2 0 2 -1 1 -2 0 2 -1 1 -2 0 2 -1 1 -2 0 2 -1 1 -2 0 2 -1 1 -2 0 2 -1 1 -2 0 2 -1 1 -2 0 2 -1 1 -2 0 2 -1 1 -2 0 2 -1 1 -2 0 2 -1 1 -2 0 2 -1 1 -2 0 2 -1 1 -2 0 2 -1 1 -2 0 2 -1 1 -2 0 2 -1 1 -2 0 2 -1 1 -2 0 2 -1 1 -2 0 2 -1 1 -2 0 2 -1 1 -2 0 2 -1 1 -2 0 2 -1 1 -2 0 2 -1 1 -2 0 2 -1 1 -2 0 2 -1 1 -2 0 2 -1 1 -2 0 2 -1 1 -2 0 2 -1 1 -2 0 2 -1 1 -2 0 2 -1 1 -2 0 2 -1 1 -2 0 2 -1 1 -2 0 2 -1 1 -2 0 2 -1 1 -2 0 2 -1 1 -2 0 2 -1 1 -2 0 2 -1 1 -2 0 2 -1 1 -2 0 2 -1 1 -2 0 2 -1 1 -2 0 2 -1 1 -2 0 2 -1 1 -2 0 2 -1 1 -2 0 2 -1 1 -2 0 2 -1 1 -2 0 2 -1 1 -2 0 2 -1 1 -2 0 2 -1 1 -2 0 2 -1 1 -2 0 2 -1 1 -2 0 2 -1 1 -2 0 2 -1 1 -2 0 2 -1 1 -2 0 2 -1 1 -2 0 2 -1 1 -2 0 2 -1 1 -2 0 2 -1 1 -2 0 2 -1 1 -2 0 2 -1 1 -2 0 2 -1 1 -2 0 2 -1 1 -2 0 2 -1 1 -2 0 2 -1 1 -2 0 2 -1 1 -2 0 2 -1 1 -2 0 2 -1 1 -2 0 2 -1 1 -2 0 2 -1 1 -2 0 2 -1 1 -2 0 2 -1 1 -2 0 2 -1 1 -2 0 2 -1 1 -2 0 2 -1 1 -2 0 2 722 1 -2 0 2 -1 1 -2 0 2 -1
-2 1 -1 2 0 -2 1 -1 2 0 -2 1 -1 2 0 -2 1 -1 2 0 -2 1 -1 2 0 -2 1 -1 2 0 -2 1 -1 2 0 -2 1 -1 2 0 -2 1 -1 2 0 -2 1 -1 2 0 -2 1 -1 2 0 -2 1 -1 2 0 -2 1 -1 2 0 -2 1 -1 2 0 -2 1 -1 2 0 -2 1 -1 2 0 -2 1 -1 2 0 -2 1 -1 2 0 -2 1 -1 2 0 -2 1 -1 2 0 -2 1 -1 2 0 -2 1 -1 2 0 -2 1 -1 2 0 -2 1 -1 2 0 -2 1 -1 2 0 -2 1 -1 2 0 -2 1 -1 2 0 -2 1 -1 2 0 -2 1 -1 2 0 -2 1 -1 2 0 -2 1 -1 2 0 -2 1 -1 2 0 -2 1 -1 2 0 -2 1 -1 2 0 -2 1 -1 2 0 -2 1 -1 2 0 -2 1 -1 2 0 -2 1 -1 2 0 -2 1 -1 2 0 -2 1 -1 2 0 -2 1 -1 2 0 -2 1 -1 2 0 -2 1 -1 2 0 -2 1 -1 2 0 -2 1 -1 2 0 -2 1 -1 2 0 -2 1 -1 2 0 -2 1 -1 2 0 -2 1 -1 2 0 -2 1 -1 2 0 -2 1 -1 2 0 -2 1 -1 2 0 -2 1 -1 2 0 -2 1 -1 2 0 -2 1 -1 2 0 -2 1 -1 2 0 -2 1 -1 2 0 -2 1 -1 2 0 -2 1 -1 2 0 -2 1 -1 2 0 -2 1 -1 2 0 -2 1 -1 2 0 -2 1 -1 2 0 -2 1 -1 2 0 -2 1 -1 2 0 -2 1 -1 2 0 -2 1 -1 2 0 -2 1 -1 2 0 -2 1 -1 2 0 -2 1 -1 2 0 -2 1 -1 2 0 -2 1 -1 2 0 -2 1 -1 2 0 -2 1 -1 2 0 -2 1 -1 2 0 -2 1 -1 2 0 -2 1 -1 2 0 -2 1 -1 2 0 -2 1 -1 2 0 -2 1 -1 2 0 -2 1 -1 2 0 -2 1 -1 2 0 -2 1 -1 2 0 -2 1 -1 2 0 -2 1 -1 2 0 -2 1 -1 2 0 -2 1 -1 2 0 -2 1 -1 2 0 -2 1 -1 2 0 -2 1 -1 2 0 -2 1 -1 2 0 -2 1 -1 2 0 -2 1 -1 2 0 -2 1 -1 2 0 -2 1 -1 2 0 -2 1 -1 2 0 -2 1 -1 2 0 -2 1 -1 2 0 -2 1 -1 2 0 -2 1 -1 2 0 -2 1 -1 2 0 -2 1 -1 2 0 -2 1 -1 2 0 -2 1 -1 2 0 -2 1 -1 2 0 -2 1 -1 2 0 -2 1 -1 2 0 -2 1 -1 2 0 -2 1 -1 2 0 -2 1 -1 2 0 -2 1 -1 2 0 -2 1 -1 2 0 -2 1 -1 2 0 -2 1 -1 2 0 -2 1 -1 2 0 -2 1 -1 2 0 -2 1 -1 2 0 -2 1 -1 2 0 721 1 -1 2 0 -2 1 -1 2 0
0 -1 -2 2 1 0 -1 -2 2 1 0 -1 -2 2 1 0 -1 -2 2 1 0 -1 -2 2 1 0 -1 -2 2 1 0 -1 -2 2 1 0 -1 -2 2 1 0 -1 -2 2 1 0 -1 -2 2 1 0 -1 -2 2 1 0 -1 -2 2 1 0 -1 -2 2 1 0 -1 -2 2 1 0 -1 -2 2 1 0 -1 -2 2 1 0 -1 -2 2 1 0 -1 -2 2 1 0 -1 -2 2 1 0 -1 -2 2 1 0 -1 -2 2 1 0 -1 -2 2 1 0 -1 -2 2 1 0 -1 -2 2 1 0 -1 -2 2 1 0 -1 -2 2 1 0 -1 -2 2 1 0 -1 -2 2 1 0 -1 -2 2 1 0 -1 -2 2 1 0 -1 -2 2 1 0 -1 -2 2 1 0 -1 -2 2 1 0 -1 -2 2 1 0 -1 -2 2 1 0 -1 -2 2 1 0 -1 -2 2 1 0 -1 -2 2 1 0 -1 -2 2 1 0 -1 -2 2 1 0 -1 -2 2 1 0 -1 -2 2 1 0 -1 -2 2 1 0 -1 -2 2 1 0 -1 -2 2 1 0 -1 -2 2 1 0 -1 -2 2 1 0 -1 -2 2 1 0 -1 -2 2 1 0 -1 -2 2 1 0 -1 -2 2 1 0 -1 -2 2 1 0 -1 -2 2 1 0 -1 -2 2 1 0 -1 -2 2 1 0 -1 -2 2 1 0 -1 -2 2 1 0 -1 -2 2 1 0 -1 -2 2 1 0 -1 -2 2 1 0 -1 -2 2 1 0 -1 -2 2 1 0 -1 -2 2 1 0 -1 -2 2 1 0 -1 -2 2 1 0 -1 -2 2 1 0 -1 -2 2 1 0 -1 -2 2 1 0 -1 -2 2 1 0 -1 -2 2 1 0 -1 -2 2 1 0 -1 -2 2 1 0 -1 -2 2 1 0 -1 -2 2 1 0 -1 -2 2 1 0 -1 -2 2 1 0 -1 -2 2 1 0 -1 -2 2 1 0 -1 -2 2 1 0 -1 -2 2 1 0 -1 -2 2 1 0 -1 -2 2 1 0 -1 -2 2 1 0 -1 -2 2 1 0 -1 -2 2 1 0 -1 -2 2 1 0 -1 -2 2 1 0 -1 -2 2 1 0 -1 -2 2 1 0 -1 -2 2 1 0 -1 -2 2 1 0 -1 -2 2 1 0 -1 -2 2 1 0 -1 -2 2 1 0 -1 -2 2 1 0 -1 -2 2 1 0 -1 -2 2 1 0 -1 -2 2 1 0 -1 -2 2 1 0 -1 -2 2 1 0 -1 -2 2 1 0 -1 -2 2 1 0 -1 -2 2 1 0 -1 -2 2 1 0 -1 -2 2 1 0 -1 -2 2 1 0 -1 -2 2 1 0 -1 -2 2 1 0 -1 -2 2 1 0 -1 -2 2 1 0 -1 -2 2 1 0 -1 -2 2 1 0 -1 -2 2 1 0 -1 -2 2 1 0 -1 -2 2 1 0 -1 -2 2 1 0 -1 -2 2 1 0 -1 -2 2 1 0 722 -2 2 1 0 -1 -2 2 1
2 2 2 2 2 2 2 2 2 2 2 2 2 2 2 2 2 2 2 2 2 2 2 2 2 2 2 2 2 2 2 2 2 2 2 2 2 2 2 2 2 2 2 2 2 2 2 2 2 2 2 2 2 2 2 2 2 2 2 2 2 2 2 2 2 2 2 2 2 2 2 2 2 2 2 2 2 2 2 2 2 2 2 2 2 2 2 2 2 2 2 2 2 2 2 2 2 2 2 2 2 2 2 2 2 2 2 2 2 2 2 2 2 2 2 2 2 2 2 2 2 2 2 2 2 2 2 2 2 2 2 2 2 2 2 2 2 2 2 2 2 2 2 2 2 2 2 2 2 2 2 2 2 2 2 2 2 2 2 2 2 2 2 2 2 2 2 2 2 2 2 2 2 2 2 2 2 2 2 2 2 2 2 2 2 2 2 2 2 2 2 2 2 2 2 2 2 2 2 2 2 2 2 2 2 2 2 2 2 2 2 2 2 2 2 2 2 2 2 2 2 2 2 2 2 2 2 2 2 2 2 2 2 2 2 2 2 2 2 2 2 2 2 2 2 2 2 2 2 2 2 2 2 2 2 2 2 2 2 2 2 2 2 2 2 2 2 2 2 2 2 2 2 2 2 2 2 2 2 2 2 2 2 2 2 2 2 2 2 2 2 2 2 2 2 2 2 2 2 2 2 2 2 2 2 2 2 2 2 2 2 2 2 2 2 2 2 2 2 2 2 2 2 2 2 2 2 2 2 2 2 2 2 2 2 2 2 2 2 2 2 2 2 2 2 2 2 2 2 2 2 2 2 2 2 2 2 2 2 2 2 2 2 2 2 2 2 2 2 2 2 2 2 2 2 2 2 2 2 2 2 2 2 2 2 2 2 2 2 2 2 2 2 2 2 2 2 2 2 2 2 2 2 2 2 2 2 2 2 2 2 2 2 2 2 2 2 2 2 2 2 2 2 2 2 2 2 2 2 2 2 2 2 2 2 2 2 2 2 2 2 2 2 2 2 2 2 2 2 2 2 2 2 2 2 2 2 2 2 2 2 2 2 2 2 2 2 2 2 2 2 2 2 2 2 2 2 2 2 2 2 2 2 2 2 2 2 2 2 2 2 2 2 2 2 2 2 2 2 2 2 2 2 2 2 2 2 2 2 2 2 2 2 2 2 2 2 2 2 2 2 2 2 2 2 2 2 2 2 2 2 2 2 2 2 2 2 2 2 2 2 2 2 2 2 2 2 2 2 2 2 2 2 2 2 2 2 2 2 2 2 2 2 2 2 2 2 2 2 2 2 2 2 2 2 2 2 2 2 2 2 2 2 2 2 2 2 2 2 2 2 2 1201 2 2 2 2 2 2 2
-1 0 1 2 -2 -1 0 1 2 -2 -1 0 1 2 -2 -1 0 1 2 -2 -1 0 1 2 -2 -1 0 1 2 -2 -1 0 1 2 -2 -1 0 1 2 -2 -1 0 1 2 -2 -1 0 1 2 -2 -1 0 1 2 -2 -1 0 1 2 -2 -1 0 1 2 -2 -1 0 1 2 -2 -1 0 1 2 -2 -1 0 1 2 -2 -1 0 1 2 -2 -1 0 1 2 -2 -1 0 1 2 -2 -1 0 1 2 -2 -1 0 1 2 -2 -1 0 1 2 -2 -1 0 1 2 -2 -1 0 1 2 -2 -1 0 1 2 -2 -1 0 1 2 -2 -1 0 1 2 -2 -1 0 1 2 -2 -1 0 1 2 -2 -1 0 1 2 -2 -1 0 1 2 -2 -1 0 1 2 -2 -1 0 1 2 -2 -1 0 1 2 -2 -1 0 1 2 -2 -1 0 1 2 -2 -1 0 1 2 -2 -1 0 1 2 -2 -1 0 1 2 -2 -1 0 1 2 -2 -1 0 1 2 -2 -1 0 1 2 -2 -1 0 1 2 -2 -1 0 1 2 -2 -1 0 1 2 -2 -1 0 1 2 -2 -1 0 1 2 -2 -1 0 1 2 -2 -1 0 1 2 -2 -1 0 1 2 -2 -1 0 1 2 -2 -1 0 1 2 -2 -1 0 1 2 -2 -1 0 1 2 -2 -1 0 1 2 -2 -1 0 1 2 -2 -1 0 1 2 -2 -1 0 1 2 -2 -1 0 1 2 -2 -1 0 1 2 -2 -1 0 1 2 -2 -1 0 1 2 -2 -1 0 1 2 -2 -1 0 1 2 -2 -1 0 1 2 -2 -1 0 1 2 -2 -1 0 1 2 -2 -1 0 1 2 -2 -1 0 1 2 -2 -1 0 1 2 -2 -1 0 1 2 -2 -1 0 1 2 -2 -1 0 1 2 -2 -1 0 1 2 -2 -1 0 1 2 -2 -1 0 1 2 -2 -1 0 1 2 -2 -1 0 1 2 -2 -1 0 1 2 -2 -1 0 1 2 -2 -1 0 1 2 -2 -1 0 1 2 -2 -1 0 1 2 -2 -1 0 1 2 -2 -1 0 1 2 -2 -1 0 1 2 -2 -1 0 1 2 -2 -1 0 1 2 -2 -1 0 1 2 -2 -1 0 1 2 -2 -1 0 1 2 -2 -1 0 1 2 -2 -1 0 1 2 -2 -1 0 1 2 -2 -1 0 1 2 -2 -1 0 1 2 -2 -1 0 1 2 -2 -1 0 1 2 -2 -1 0 1 2 -2 -1 0 1 2 -2 -1 0 1 2 -2 -1 0 1 2 -2 -1 0 1 2 -2 -1 0 1 2 -2 -1 0 1 2 -2 -1 0 1 2 -2 -1 0 1 2 -2 -1 0 1 2 -2 -1 0 1 2 -2 -1 0 1 2 -2 -1 0 1 2 -2 -1 0 1 2 -2 -1 0 1 2 -2 -1 0 1 2 -2 -1 0 1 2 -2 -1 0 1 2 -2 -1 0 1 2 -2 -1 0 1 2 -2 -1 0 1 721 -2 -1 0 1 2 -2
1 -2 0 2 -1 1 -2 0 2 -1 1 -2 0 2 -1 1 -2 0 2 -1 1 -2 0 2 -1 1 -2 0 2 -1 1 -2 0 2 -1 1 -2 0 2 -1 1 -2 0 2 -1 1 -2 0 2 -1 1 -2 0 2 -1 1 -2 0 2 -1 1 -2 0 2 -1 1 -2 0 2 -1 1 -2 0 2 -1 1 -2 0 2 -1 1 -2 0 2 -1 1 -2 0 2 -1 1 -2 0 2 -1 1 -2 0 2 -1 1 -2 0 2 -1 1 -2 0 2 -1 1 -2 0 2 -1 1 -2 0 2 -1 1 -2 0 2 -1 1 -2 0 2 -1 1 -2 0 2 -1 1 -2 0 2 -1 1 -2 0 2 -1 1 -2 0 2 -1 1 -2 0 2 -1 1 -2 0 2 -1 1 -2 0 2 -1 1 -2 0 2 -1 1 -2 0 2 -1 1 -2 0 2 -1 1 -2 0 2 -1 1 -2 0 2 -1 1 -2 0 2 -1 1 -2 0 2 -1 1 -2 0 2 -1 1 -2 0 2 -1 1 -2 0 2 -1 1 -2 0 2 -1 1 -2 0 2 -1 1 -2 0 2 -1 1 -2 0 2 -1 1 -2 0 2 -1 1 -2 0 2 -1 1 -2 0 2 -1 1 -2 0 2 -1 1 -2 0 2 -1 1 -2 0 2 -1 1 -2 0 2 -1 1 -2 0 2 -1 1 -2 0 2 -1 1 -2 0 2 -1 1 -2 0 2 -1 1 -2 0 2 -1 1 -2 0 2 -1 1 -2 0 2 -1 1 -2 0 2 -1 1 -2 0 2 -1 1 -2 0 2 -1 1 -2 0 2 -1 1 -2 0 2 -1 1 -2 0 2 -1 1 -2 0 2 -1 1 -2 0 2 -1 1 -2 0 2 -1 1 -2 0 2 -1 1 -2 0 2 -1 1 -2 0 2 -1 1 -2 0 2 -1 1 -2 0 2 -1 1 -2 0 2 -1 1 -2 0 2 -1 1 -2 0 2 -1 1 -2 0 2 -1 1 -2 0 2 -1 1 -2 0 2 -1 1 -2 0 2 -1 1 -2 0 2 -1 1 -2 0 2 -1 1 -2 0 2 -1 1 -2 0 2 -1 1 -2 0 2 -1 1 -2 0 2 -1 1 -2 0 2 -1 1 -2 0 2 -1 1 -2 0 2 -1 1 -2 0 2 -1 1 -2 0 2 -1 1 -2 0 2 -1 1 -2 0 2 -1 1 -2 0 2 -1 1 -2 0 2 -1 1 -2 0 2 -1 1 -2 0 2 -1 1 -2 0 2 -1 1 -2 0 2 -1 1 -2 0 2 -1 1 -2 0 2 -1 1 -2 0 2 -1 1 -2 0 2 -1 1 -2 0 2 -1 1 -2 0 2 -1 1 -2 0 2 -1 1 -2 0 2 -1 1 -2 0 2 -1 1 -2 0 2 -1 1 -2 0 2 -1 1 -2 0 2 -1 1 -2 0 2 -1 1 -2 0 2 -1 1 -2 0 2 -1 1 -2 0 2 -1 1 -2 0 2 -1 1 -2 0 2 722 1 -2 0 2 -1
-2 1 -1 2 0 -2 1 -1 2 0 -2 1 -1 2 0 -2 1 -1 2 0 -2 1 -1 2 0 -2 1 -1 2 0 -2 1 -1 2 0 -2 1 -1 2 0 -2 1 -1 2 0 -2 1 -1 2 0 -2 1 -1 2 0 -2 1 -1 2 0 -2 1 -1 2 0 -2 1 -1 2 0 -2 1 -1 2 0 -2 1 -1 2 0 -2 1 -1 2 0 -2 1 -1 2 0 -2 1 -1 2 0 -2 1 -1 2 0 -2 1 -1 2 0 -2 1 -1 2 0 -2 1 -1 2 0 -2 1 -1 2 0 -2 1 -1 2 0 -2 1 -1 2 0 -2 1 -1 2 0 -2 1 -1 2 0 -2 1 -1 2 0 -2 1 -1 2 0 -2 1 -1 2 0 -2 1 -1 2 0 -2 1 -1 2 0 -2 1 -1 2 0 -2 1 -1 2 0 -2 1 -1 2 0 -2 1 -1 2 0 -2 1 -1 2 0 -2 1 -1 2 0 -2 1 -1 2 0 -2 1 -1 2 0 -2 1 -1 2 0 -2 1 -1 2 0 -2 1 -1 2 0 -2 1 -1 2 0 -2 1 -1 2 0 -2 1 -1 2 0 -2 1 -1 2 0 -2 1 -1 2 0 -2 1 -1 2 0 -2 1 -1 2 0 -2 1 -1 2 0 -2 1 -1 2 0 -2 1 -1 2 0 -2 1 -1 2 0 -2 1 -1 2 0 -2 1 -1 2 0 -2 1 -1 2 0 -2 1 -1 2 0 -2 1 -1 2 0 -2 1 -1 2 0 -2 1 -1 2 0 -2 1 -1 2 0 -2 1 -1 2 0 -2 1 -1 2 0 -2 1 -1 2 0 -2 1 -1 2 0 -2 1 -1 2 0 -2 1 -1 2 0 -2 1 -1 2 0 -2 1 -1 2 0 -2 1 -1 2 0 -2 1 -1 2 0 -2 1 -1 2 0 -2 1 -1 2 0 -2 1 -1 2 0 -2 1 -1 2 0 -2 1 -1 2 0 -2 1 -1 2 0 -2 1 -1 2 0 -2 1 -1 2 0 -2 1 -1 2 0 -2 1 -1 2 0 -2 1 -1 2 0 -2 1 -1 2 0 -2 1 -1 2 0 -2 1 -1 2 0 -2 1 -1 2 0 -2 1 -1 2 0 -2 1 -1 2 0 -2 1 -1 2 0 -2 1 -1 2 0 -2 1 -1 2 0 -2 1 -1 2 0 -2 1 -1 2 0 -2 1 -1 2 0 -2 1 -1 2 0 -2 1 -1 2 0 -2 1 -1 2 0 -2 1 -1 2 0 -2 1 -1 2 0 -2 1 -1 2 0 -2 1 -1 2 0 -2 1 -1 2 0 -2 1 -1 2 0 -2 1 -1 2 0 -2 1 -1 2 0 -2 1 -1 2 0 -2 1 -1 2 0 -2 1 -1 2 0 -2 1 -1 2 0 -2 1 -1 2 0 -2 1 -1 2 0 -2 1 -1 2 0 -2 1 -1 2 0 -2 1 -1 2 0 -2 1 -1 2 0 -2 1 -1 2 0 -2 1 -1 2 0 721 1 -1 2 0
0 -1 -2 2 1 0 -1 -2 2 1 0 -1 -2 2 1 0 -1 -2 2 1 0 -1 -2 2 1 0 -1 -2 2 1 0 -1 -2 2 1 0 -1 -2 2 1 0 -1 -2 2 1 0 -1 -2 2 1 0 -1 -2 2 1 0 -1 -2 2 1 0 -1 -2 2 1 0 -1 -2 2 1 0 -1 -2 2 1 0 -1 -2 2 1 0 -1 -2 2 1 0 -1 -2 2 1 0 -1 -2 2 1 0 -1 -2 2 1 0 -1 -2 2 1 0 -1 -2 2 1 0 -1 -2 2 1 0 -1 -2 2 1 0 -1 -2 2 1 0 -1 -2 2 1 0 -1 -2 2 1 0 -1 -2 2 1 0 -1 -2 2 1 0 -1 -2 2 1 0 -1 -2 2 1 0 -1 -2 2 1 0 -1 -2 2 1 0 -1 -2 2 1 0 -1 -2 2 1 0 -1 -2 2 1 0 -1 -2 2 1 0 -1 -2 2 1 0 -1 -2 2 1 0 -1 -2 2 1 0 -1 -2 2 1 0 -1 -2 2 1 0 -1 -2 2 1 0 -1 -2 2 1 0 -1 -2 2 1 0 -1 -2 2 1 0 -1 -2 2 1 0 -1 -2 2 1 0 -1 -2 2 1 0 -1 -2 2 1 0 -1 -2 2 1 0 -1 -2 2 1 0 -1 -2 2 1 0 -1 -2 2 1 0 -1 -2 2 1 0 -1 -2 2 1 0 -1 -2 2 1 0 -1 -2 2 1 0 -1 -2 2 1 0 -1 -2 2 1 0 -1 -2 2 1 0 -1 -2 2 1 0 -1 -2 2 1 0 -1 -2 2 1 0 -1 -2 2 1 0 -1 -2 2 1 0 -1 -2 2 1 0 -1 -2 2 1 0 -1 -2 2 1 0 -1 -2 2 1 0 -1 -2 2 1 0 -1 -2 2 1 0 -1 -2 2 1 0 -1 -2 2 1 0 -1 -2 2 1 0 -1 -2 2 1 0 -1 -2 2 1 0 -1 -2 2 1 0 -1 -2 2 1 0 -1 -2 2 1 0 -1 -2 2 1 0 -1 -2 2 1 0 -1 -2 2 1 0 -1 -2 2 1 0 -1 -2 2 1 0 -1 -2 2 1 0 -1 -2 2 1 0 -1 -2 2 1 0 -1 -2 2 1 0 -1 -2 2 1 0 -1 -2 2 1 0 -1 -2 2 1 0 -1 -2 2 1 0 -1 -2 2 1 0 -1 -2 2 1 0 -1 -2 2 1 0 -1 -2 2 1 0 -1 -2 2 1 0 -1 -2 2 1 0 -1 -2 2 1 0 -1 -2 2 1 0 -1 -2 2 1 0 -1 -2 2 1 0 -1 -2 2 1 0 -1 -2 2 1 0 -1 -2 2 1 0 -1 -2 2 1 0 -1 -2 2 1 0 -1 -2 2 1 0 -1 -2 2 1 0 -1 -2 2 1 0 -1 -2 2 1 0 -1 -2 2 1 0 -1 -2 2 1 0 -1 -2 2 1 0 -1 -2 2 1 0 -1 -2 2 1 0 -1 -2 2 1 0 -1 -2 2 1 0 722 -2 2 1
2 2 2 2 2 2 2 2 2 2 2 2 2 2 2 2 2 2 2 2 2 2 2 2 2 2 2 2 2 2 2 2 2 2 2 2 2 2 2 2 2 2 2 2 2 2 2 2 2 2 2 2 2 2 2 2 2 2 2 2 2 2 2 2 2 2 2 2 2 2 2 2 2 2 2 2 2 2 2 2 2 2 2 2 2 2 2 2 2 2 2 2 2 2 2 2 2 2 2 2 2 2 2 2 2 2 2 2 2 2 2 2 2 2 2 2 2 2 2 2 2 2 2 2 2 2 2 2 2 2 2 2 2 2 2 2 2 2 2 2 2 2 2 2 2 2 2 2 2 2 2 2 2 2 2 2 2 2 2 2 2 2 2 2 2 2 2 2 2 2 2 2 2 2 2 2 2 2 2 2 2 2 2 2 2 2 2 2 2 2 2 2 2 2 2 2 2 2 2 2 2 2 2 2 2 2 2 2 2 2 2 2 2 2 2 2 2 2 2 2 2 2 2 2 2 2 2 2 2 2 2 2 2 2 2 2 2 2 2 2 2 2 2 2 2 2 2 2 2 2 2 2 2 2 2 2 2 2 2 2 2 2 2 2 2 2 2 2 2 2 2 2 2 2 2 2 2 2 2 2 2 2 2 2 2 2 2 2 2 2 2 2 2 2 2 2 2 2 2 2 2 2 2 2 2 2 2 2 2 2 2 2 2 2 2 2 2 2 2 2 2 2 2 2 2 2 2 2 2 2 2 2 2 2 2 2 2 2 2 2 2 2 2 2 2 2 2 2 2 2 2 2 2 2 2 2 2 2 2 2 2 2 2 2 2 2 2 2 2 2 2 2 2 2 2 2 2 2 2 2 2 2 2 2 2 2 2 2 2 2 2 2 2 2 2 2 2 2 2 2 2 2 2 2 2 2 2 2 2 2 2 2 2 2 2 2 2 2 2 2 2 2 2 2 2 2 2 2 2 2 2 2 2 2 2 2 2 2 2 2 2 2 2 2 2 2 2 2 2 2 2 2 2 2 2 2 2 2 2 2 2 2 2 2 2 2 2 2 2 2 2 2 2 2 2 2 2 2 2 2 2 2 2 2 2 2 2 2 2 2 2 2 2 2 2 2 2 2 2 2 2 2 2 2 2 2 2 2 2 2 2 2 2 2 2 2 2 2 2 2 2 2 2 2 2 2 2 2 2 2 2 2 2 2 2 2 2 2 2 2 2 2 2 2 2 2 2 2 2 2 2 2 2 2 2 2 2 2 2 2 2 2 2 2 2 2 2 2 2 2 2 2 2 2 2 2 2 2 2 2 2 2 2 2 2 2 2 2 2 2 2 2 2 2 2 2 2 1201 2 2
-1 0 1 2 -2 -1 0 1 2 -2 -1 0 1 2 -2 -1 0 1 2 -2 -1 0 1 2 -2 -1 0 1 2 -2 -1 0 1 2 -2 -1 0 1 2 -2 -1 0 1 2 -2 -1 0 1 2 -2 -1 0 1 2 -2 -1 0 1 2 -2 -1 0 1 2 -2 -1 0 1 2 -2 -1 0 1 2 -2 -1 0 1 2 -2 -1 0 1 2 -2 -1 0 1 2 -2 -1 0 1 2 -2 -1 0 1 2 -2 -1 0 1 2 -2 -1 0 1 2 -2 -1 0 1 2 -2 -1 0 1 2 -2 -1 0 1 2 -2 -1 0 1 2 -2 -1 0 1 2 -2 -1 0 1 2 -2 -1 0 1 2 -2 -1 0 1 2 -2 -1 0 1 2 -2 -1 0 1 2 -2 -1 0 1 2 -2 -1 0 1 2 -2 -1 0 1 2 -2 -1 0 1 2 -2 -1 0 1 2 -2 -1 0 1 2 -2 -1 0 1 2 -2 -1 0 1 2 -2 -1 0 1 2 -2 -1 0 1 2 -2 -1 0 1 2 -2 -1 0 1 2 -2 -1 0 1 2 -2 -1 0 1 2 -2 -1 0 1 2 -2 -1 0 1 2 -2 -1 0 1 2 -2 -1 0 1 2 -2 -1 0 1 2 -2 -1 0 1 2 -2 -1 0 1 2 -2 -1 0 1 2 -2 -1 0 1 2 -2 -1 0 1 2 -2 -1 0 1 2 -2 -1 0 1 2 -2 -1 0 1 2 -2 -1 0 1 2 -2 -1 0 1 2 -2 -1 0 1 2 -2 -1 0 1 2 -2 -1 0 1 2 -2 -1 0 1 2 -2 -1 0 1 2 -2 -1 0 1 2 -2 -1 0 1 2 -2 -1 0 1 2 -2 -1 0 1 2 -2 -1 0 1 2 -2 -1 0 1 2 -2 -1 0 1 2 -2 -1 0 1 2 -2 -1 0 1 2 -2 -1 0 1 2 -2 -1 0 1 2 -2 -1 0 1 2 -2 -1 0 1 2 -2 -1 0 1 2 -2 -1 0 1 2 -2 -1 0 1 2 -2 -1 0 1 2 -2 -1 0 1 2 -2 -1 0 1 2 -2 -1 0 1 2 -2 -1 0 1 2 -2 -1 0 1 2 -2 -1 0 1 2 -2 -1 0 1 2 -2 -1 0 1 2 -2 -1 0 1 2 -2 -1 0 1 2 -2 -1 0 1 2 -2 -1 0 1 2 -2 -1 0 1 2 -2 -1 0 1 2 -2 -1 0 1 2 -2 -1 0 1 2 -2 -1 0 1 2 -2 -1 0 1 2 -2 -1 0 1 2 -2 -1 0 1 2 -2 -1 0 1 2 -2 -1 0 1 2 -2 -1 0 1 2 -2 -1 0 1 2 -2 -1 0 1 2 -2 -1 0 1 2 -2 -1 0 1 2 -2 -1 0 1 2 -2 -1 0 1 2 -2 -1 0 1 2 -2 -1 0 1 2 -2 -1 0 1 2 -2 -1 0 1 2 -2 -1 0 1 2 -2 -1 0 1 2 -2 -1 0 1 2 -2 -1 0 1 721 -2
1 -2 0 2 -1 1 -2 0 2 -1 1 -2 0 2 -1 1 -2 0 2 -1 1 -2 0 2 -1 1 -2 0 2 -1 1 -2 0 2 -1 1 -2 0 2 -1 1 -2 0 2 -1 1 -2 0 2 -1 1 -2 0 2 -1 1 -2 0 2 -1 1 -2 0 2 -1 1 -2 0 2 -1 1 -2 0 2 -1 1 -2 0 2 -1 1 -2 0 2 -1 1 -2 0 2 -1 1 -2 0 2 -1 1 -2 0 2 -1 1 -2 0 2 -1 1 -2 0 2 -1 1 -2 0 2 -1 1 -2 0 2 -1 1 -2 0 2 -1 1 -2 0 2 -1 1 -2 0 2 -1 1 -2 0 2 -1 1 -2 0 2 -1 1 -2 0 2 -1 1 -2 0 2 -1 1 -2 0 2 -1 1 -2 0 2 -1 1 -2 0 2 -1 1 -2 0 2 -1 1 -2 0 2 -1 1 -2 0 2 -1 1 -2 0 2 -1 1 -2 0 2 -1 1 -2 0 2 -1 1 -2 0 2 -1 1 -2 0 2 -1 1 -2 0 2 -1 1 -2 0 2 -1 1 -2 0 2 -1 1 -2 0 2 -1 1 -2 0 2 -1 1 -2 0 2 -1 1 -2 0 2 -1 1 -2 0 2 -1 1 -2 0 2 -1 1 -2 0 2 -1 1 -2 0 2 -1 1 -2 0 2 -1 1 -2 0 2 -1 1 -2 0 2 -1 1 -2 0 2 -1 1 -2 0 2 -1 1 -2 0 2 -1 1 -2 0 2 -1 1 -2 0 2 -1 1 -2 0 2 -1 1 -2 0 2 -1 1 -2 0 2 -1 1 -2 0 2 -1 1 -2 0 2 -1 1 -2 0 2 -1 1 -2 0 2 -1 1 -2 0 2 -1 1 -2 0 2 -1 1 -2 0 2 -1 1 -2 0 2 -1 1 -2 0 2 -1 1 -2 0 2 -1 1 -2 0 2 -1 1 -2 0 2 -1 1 -2 0 2 -1 1 -2 0 2 -1 1 -2 0 2 -1 1 -2 0 2 -1 1 -2 0 2 -1 1 -2 0 2 -1 1 -2 0 2 -1 1 -2 0 2 -1 1 -2 0 2 -1 1 -2 0 2 -1 1 -2 0 2 -1 1 -2 0 2 -1 1 -2 0 2 -1 1 -2 0 2 -1 1 -2 0 2 -1 1 -2 0 2 -1 1 -2 0 2 -1 1 -2 0 2 -1 1 -2 0 2 -1 1 -2 0 2 -1 1 -2 0 2 -1 1 -2 0 2 -1 1 -2 0 2 -1 1 -2 0 2 -1 1 -2 0 2 -1 1 -2 0 2 -1 1 -2 0 2 -1 1 -2 0 2 -1 1 -2 0 2 -1 1 -2 0 2 -1 1 -2 0 2 -1 1 -2 0 2 -1 1 -2 0 2 -1 1 -2 0 2 -1 1 -2 0 2 -1 1 -2 0 2 -1 1 -2 0 2 -1 1 -2 0 2 -1 1 -2 0 2 -1 1 -2 0 2 -1 1 -2 0 2 -1 1 -2 0 2 -1 1 -2 0 2 -1 1 -2 0 2 722
B 0 0
input 600
-2877 -2163 -2416 -701 9 738 1452 3579 2894 -2883 -2154 -1440 -1217 18 732 1461 2175 4778 -2858 -2160 -1431 -717 -18 737 1455 2184 2898 -4814 -2139 -1437 -708 6 1181 1456 2178 2907 -2886 -3615 -1420 -714 15 729 2380 2175 2901 -2877 -2163 -2416 -701 9 738 1452 3579 2894 -2883 -2154 -1440 -1217 18 732 1461 2175 4778 -2858 -2160 -1431 -717 -18 737 1455 2184 2898 -4814 -2139 -1437 -708 6 1181 1456 2178 2907 -2886 -3615 -1420 -714 15 729 2380 2175 2901 -2877 -2163 -2416 -701 9 738 1452 3579 2894 -2883 -2154 -1440 -1217 18 732 1461 2175 4778 -2858 -2160 -1431 -717 -18 737 1455 2184 2898 -4814 -2139 -1437 -708 6 1181 1456 2178 2907 -2886 -3615 -1420 -714 15 729 2380 2175 2901 -2877 -2163 -2416 -701 9 738 1452 3579 2894 -2883 -2154 -1440 -1217 18 732 1461 2175 4778 -2858 -2160 -1431 -717 -18 737 1455 2184 2898 -4814 -2139 -1437 -708 6 1181 1456 2178 2907 -2886 -3615 -1420 -714 15 729 2380 2175 2901 -2877 -2163 -2416 -701 9 738 1452 3579 2894 -2883 -2154 -1440 -1217 18 732 1461 2175 4778 -2858 -2160 -1431 -717 -18 737 1455 2184 2898 -4814 -2139 -1437 -708 6 1181 1456 2178 2907 -2886 -3615 -1420 -714 15 729 2380 2175 2901 -2877 -2163 -2416 -701 9 738 1452 3579 2894 -2883 -2154 -1440 -1217 18 732 1461 2175 4778 -2858 -2160 -1431 -717 -18 737 1455 2184 2898 -4814 -2139 -1437 -708 6 1181 1456 2178 2907 -2886 -3615 -1420 -714 15 729 2380 2175 2901 -2877 -2163 -2416 -701 9 738 1452 3579 2894 -2883 -2154 -1440 -1217 18 732 1461 2175 4778 -2858 -2160 -1431 -717 -18 737 1455 2184 2898 -4814 -2139 -1437 -708 6 1181 1456 2178 2907 -2886 -3615 -1420 -714 15 729 2380 2175 2901 -2877 -2163 -2416 -701 9 738 1452 3579 2894 -2883 -2154 -1440 -1217 18 732 1461 2175 4778 -2858 -2160 -1431 -717 -18 737 1455 2184 2898 -4814 -2139 -1437 -708 6 1181 1456 2178 2907 -2886 -3615 -1420 -714 15 729 2380 2175 2901 -2877 -2163 -2416 -701 9 738 1452 3579 2894 -2883 -2154 -1440 -1217 18 732 1461 2175 4778 -2858 -2160 -1431 -717 -18 737 1455 2184 2898 -4814 -2139 -1437 -708 6 1181 1456 2178 2907 -2886 -3615 -1420 -714 15 729 2380 2175 2901 -2877 -2163 -2416 -701 9 738 1452 3579 2894 -2883 -2154 -1440 -1217 18 732 1461 2175 4778 -2858 -2160 -1431 -717 -18 737 1455 2184 2898 -4814 -2139 -1437 -708 6 1181 1456 2178 2907 -2886 -3615 -1420 -714 15 729 2380 2175 2901 -2877 -2163 -2416 -701 9 738 1452 3579 2894 -2883 -2154 -1440 -1217 18 732 1461 2175 4778 -2858 -2160 -1431 -717 -18 737 1455 2184 2898 -4814 -2139 -1437 -708 6 1181 1456 2178 2907 -2886 -3615 -1420 -714 15 729 2380 2175 2901 -2877 -2163 -2416 -701 9 738 1452 3579 2894 -2883 -2154 -1440 -1217 18 732 1461 2175 4778 -2858 -2160 -1431 -717 -18 737 1455 2184 2898 -4814 -2139 -1437 -708 6 1181 1456 2178 2907 -2886 -3615 -1420 -714 15 729 2380 2175 2901 -2877 -2163 -2416 -701 9 738 1452 3579 2894 -2883 -2154 -1440 -1217 18 732 1461 2175 4778 -2858 -2160 -1431 -717 -18 737 1455 2184 2898 -4814 -2139 -1437 -708 6 1181 1456 2178 2907 -2886 -3615 -1420 -714 15 729 2380 2175 2901 -2877 -2163 -2416 -701 9 738 1452 3579 2894 -2883 -2154 -1440 -1217 18 732
expected 600
-4 -3 -2 -1 0 1 2 3 4 -4 -3 -2 -1 0 1 2 3 4 -4 -3 -2 -1 0 1 2 3 4 -4 -3 -2 -1 0 1 2 3 4 -4 -3 -2 -1 0 1 2 3 4 -4 -3 -2 -1 0 1 2 3 4 -4 -3 -2 -1 0 1 2 3 4 -4 -3 -2 -1 0 1 2 3 4 -4 -3 -2 -1 0 1 2 3 4 -4 -3 -2 -1 0 1 2 3 4 -4 -3 -2 -1 0 1 2 3 4 -4 -3 -2 -1 0 1 2 3 4 -4 -3 -2 -1 0 1 2 3 4 -4 -3 -2 -1 0 1 2 3 4 -4 -3 -2 -1 0 1 2 3 4 -4 -3 -2 -1 0 1 2 3 4 -4 -3 -2 -1 0 1 2 3 4 -4 -3 -2 -1 0 1 2 3 4 -4 -3 -2 -1 0 1 2 3 4 -4 -3 -2 -1 0 1 2 3 4 -4 -3 -2 -1 0 1 2 3 4 -4 -3 -2 -1 0 1 2 3 4 -4 -3 -2 -1 0 1 2 3 4 -4 -3 -2 -1 0 1 2 3 4 -4 -3 -2 -1 0 1 2 3 4 -4 -3 -2 -1 0 1 2 3 4 -4 -3 -2 -1 0 1 2 3 4 -4 -3 -2 -1 0 1 2 3 4 -4 -3 -2 -1 0 1 2 3 4 -4 -3 -2 -1 0 1 2 3 4 -4 -3 -2 -1 0 1 2 3 4 -4 -3 -2 -1 0 1 2 3 4 -4 -3 -2 -1 0 1 2 3 4 -4 -3 -2 -1 0 1 2 3 4 -4 -3 -2 -1 0 1 2 3 4 -4 -3 -2 -1 0 1 2 3 4 -4 -3 -2 -1 0 1 2 3 4 -4 -3 -2 -1 0 1 2 3 4 -4 -3 -2 -1 0 1 2 3 4 -4 -3 -2 -1 0 1 2 3 4 -4 -3 -2 -1 0 1 2 3 4 -4 -3 -2 -1 0 1 2 3 4 -4 -3 -2 -1 0 1 2 3 4 -4 -3 -2 -1 0 1 2 3 4 -4 -3 -2 -1 0 1 2 3 4 -4 -3 -2 -1 0 1 2 3 4 -4 -3 -2 -1 0 1 2 3 4 -4 -3 -2 -1 0 1 2 3 4 -4 -3 -2 -1 0 1 2 3 4 -4 -3 -2 -1 0 1 2 3 4 -4 -3 -2 -1 0 1 2 3 4 -4 -3 -2 -1 0 1 2 3 4 -4 -3 -2 -1 0 1 2 3 4 -4 -3 -2 -1 0 1 2 3 4 -4 -3 -2 -1 0 1 2 3 4 -4 -3 -2 -1 0 1 2 3 4 -4 -3 -2 -1 0 1 2 3 4 -4 -3 -2 -1 0 1 2 3 4 -4 -3 -2 -1 0 1 2 3 4 -4 -3 -2 -1 0 1 2 3 4 -4 -3 -2 -1 0 1 2 3 4 -4 -3 -2 -1 0 1 2 3 4 -4 -3 -2 -1 0 1 2 3 4 -4 -3 -2 -1 0 1 2 3 4 -4 -3 -2 -1 0 1 2 3 4 -4 -3 -2 -1 0 1 2 3 4 -4 -3 -2 -1 0 1
end
