LAB1 1
name "Regular system with initial zero pivot (500 x 500)"
task 3
outcomes 1 0
limits 1e-12 1e-09 0.05 40
A 500 500
0 -2 0 2 -1 1 -2 0 2 -1 1 -2 0 2 -1 1 -2 0 2 -1 1 -2 0 2 -1 1 -2 0 2 -1 1 -2 0 2 -1 1 -2 0 2 -1 1 -2 0 2 -1 1 -2 0 2 -1 1 -2 0 2 -1 1 -2 0 2 -1 1 -2 0 2 -1 1 -2 0 2 -1 1 -2 0 2 -1 1 -2 0 2 -1 1 -2 0 2 -1 1 -2 0 2 -1 1 -2 0 2 -1 1 -2 0 2 -1 1 -2 0 2 -1 1 -2 0 2 -1 1 -2 0 2 -1 1 -2 0 2 -1 1 -2 0 2 -1 1 -2 0 2 -1 1 -2 0 2 -1 1 -2 0 2 -1 1 -2 0 2 -1 1 -2 0 2 -1 1 -2 0 2 -1 1 -2 0 2 -1 1 -2 0 2 -1 1 -2 0 2 -1 1 -2 0 2 -1 1 -2 0 2 -1 1 -2 0 2 -1 1 -2 0 2 -1 1 -2 0 2 -1 1 -2 0 2 -1 1 -2 0 2 -1 1 -2 0 2 -1 1 -2 0 2 -1 1 -2 0 2 -1 1 -2 0 2 -1 1 -2 0 2 -1 1 -2 0 2 -1 1 -2 0 2 -1 1 -2 0 2 -1 1 -2 0 2 -1 1 -2 0 2 -1 1 -2 0 2 -1 1 -2 0 2 -1 1 -2 0 2 -1 1 -2 0 2 -1 1 -2 0 2 -1 1 -2 0 2 -1 1 -2 0 2 -1 1 -2 0 2 -1 1 -2 0 2 -1 1 -2 0 2 -1 1 -2 0 2 -1 1 -2 0 2 -1 1 -2 0 2 -1 1 -2 0 2 -1 1 -2 0 2 -1 1 -2 0 2 -1 1 -2 0 2 -1 1 -2 0 2 -1 1 -2 0 2 -1 1 -2 0 2 -1 1 -2 0 2 -1 1 -2 0 2 -1 1 -2 0 2 -1 1 -2 0 2 -1 1 -2 0 2 -1 1 -2 0 2 -1 1 -2 0 2 -1 1 -2 0 2 -1 1 -2 0 2 -1 1 -2 0 2 -1 1 -2 0 2 -1 1 -2 0 2 -1 1 -2 0 2 -1 1 -2 0 2 -1 1 -2 0 2 -1 1 -2 0 2 -1 1 -2 0 2 -1 1 -2 0 2 -1 1 -2 0 2 -1 1 -2 0 2 -1 1 -2 0 2 -1 1 -2 0 2 -1 1 -2 0 2 -1 1 -2 0 2 -1 1 -2 0 2 -1 1 -2 0 2 -1 1 -2 0 2 -1 1 -2 0 2 -1 1 -2 0 2 602
0 602 -2 2 1 0 -1 -2 2 1 0 -1 -2 2 1 0 -1 -2 2 1 0 -1 -2 2 1 0 -1 -2 2 1 0 -1 -2 2 1 0 -1 -2 2 1 0 -1 -2 2 1 0 -1 -2 2 1 0 -1 -2 2 1 0 -1 -2 2 1 0 -1 -2 2 1 0 -1 -2 2 1 0 -1 -2 2 1 0 -1 -2 2 1 0 -1 -2 2 1 0 -1 -2 2 1 0 -1 -2 2 1 0 -1 -2 2 1 0 -1 -2 2 1 0 -1 -2 2 1 0 -1 -2 2 1 0 -1 -2 2 1 0 -1 -2 2 1 0 -1 -2 2 1 0 -1 -2 2 1 0 -1 -2 2 1 0 -1 -2 2 1 0 -1 -2 2 1 0 -1 -2 2 1 0 -1 -2 2 1 0 -1 -2 2 1 0 -1 -2 2 1 0 -1 -2 2 1 0 -1 -2 2 1 0 -1 -2 2 1 0 -1 -2 2 1 0 -1 -2 2 1 0 -1 -2 2 1 0 -1 -2 2 1 0 -1 -2 2 1 0 -1 -2 2 1 0 -1 -2 2 1 0 -1 -2 2 1 0 -1 -2 2 1 0 -1 -2 2 1 0 -1 -2 2 1 0 -1 -2 2 1 0 -1 -2 2 1 0 -1 -2 2 1 0 -1 -2 2 1 0 -1 -2 2 1 0 -1 -2 2 1 0 -1 -2 2 1 0 -1 -2 2 1 0 -1 -2 2 1 0 -1 -2 2 1 0 -1 -2 2 1 0 -1 -2 2 1 0 -1 -2 2 1 0 -1 -2 2 1 0 -1 -2 2 1 0 -1 -2 2 1 0 -1 -2 2 1 0 -1 -2 2 1 0 -1 -2 2 1 0 -1 -2 2 1 0 -1 -2 2 1 0 -1 -2 2 1 0 -1 -2 2 1 0 -1 -2 2 1 0 -1 -2 2 1 0 -1 -2 2 1 0 -1 -2 2 1 0 -1 -2 2 1 0 -1 -2 2 1 0 -1 -2 2 1 0 -1 -2 2 1 0 -1 -2 2 1 0 -1 -2 2 1 0 -1 -2 2 1 0 -1 -2 2 1 0 -1 -2 2 1 0 -1 -2 2 1 0 -1 -2 2 1 0 -1 -2 2 1 0 -1 -2 2 1 0 -1 -2 2 1 0 -1 -2 2 1 0 -1 -2 2 1 0 -1 -2 2 1 0 -1 -2 2 1 0 -1 -2 2 1 0 -1 -2 2 1 0 -1 -2 2 1 0 -1 -2 2 1 0 -1 -2 2 1 0 -1 -2 2 1 0 -1 -2 2 1
2 2 1001 2 2 2 2 2 2 2 2 2 2 2 2 2 2 2 2 2 2 2 2 2 2 2 2 2 2 2 2 2 2 2 2 2 2 2 2 2 2 2 2 2 2 2 2 2 2 2 2 2 2 2 2 2 2 2 2 2 2 2 2 2 2 2 2 2 2 2 2 2 2 2 2 2 2 2 2 2 2 2 2 2 2 2 2 2 2 2 2 2 2 2 2 2 2 2 2 2 2 2 2 2 2 2 2 2 2 2 2 2 2 2 2 2 2 2 2 2 2 2 2 2 2 2 2 2 2 2 2 2 2 2 2 2 2 2 2 2 2 2 2 2 2 2 2 2 2 2 2 2 2 2 2 2 2 2 2 2 2 2 2 2 2 2 2 2 2 2 2 2 2 2 2 2 2 2 2 2 2 2 2 2 2 2 2 2 2 2 2 2 2 2 2 2 2 2 2 2 2 2 2 2 2 2 2 2 2 2 2 2 2 2 2 2 2 2 2 2 2 2 2 2 2 2 2 2 2 2 2 2 2 2 2 2 2 2 2 2 2 2 2 2 2 2 2 2 2 2 2 2 2 2 2 2 2 2 2 2 2 2 2 2 2 2 2 2 2 2 2 2 2 2 2 2 2 2 2 2 2 2 2 2 2 2 2 2 2 2 2 2 2 2 2 2 2 2 2 2 2 2 2 2 2 2 2 2 2 2 2 2 2 2 2 2 2 2 2 2 2 2 2 2 2 2 2 2 2 2 2 2 2 2 2 2 2 2 2 2 2 2 2 2 2 2 2 2 2 2 2 2 2 2 2 2 2 2 2 2 2 2 2 2 2 2 2 2 2 2 2 2 2 2 2 2 2 2 2 2 2 2 2 2 2 2 2 2 2 2 2 2 2 2 2 2 2 2 2 2 2 2 2 2 2 2 2 2 2 2 2 2 2 2 2 2 2 2 2 2 2 2 2 2 2 2 2 2 2 2 2 2 2 2 2 2 2 2 2 2 2 2 2 2 2 2 2 2 2 2 2 2 2 2 2 2 2 2 2 2 2 2 2 2 2 2 2 2 2 2 2 2 2 2 2 2 2 2 2 2 2 2 2 2 2 2 2 2 2 2 2 2 2 2 2 2 2 2 2 2
-1 0 1 601 -2 -1 0 1 2 -2 -1 0 1 2 -2 -1 0 1 2 -2 -1 0 1 2 -2 -1 0 1 2 -2 -1 0 1 2 -2 -1 0 1 2 -2 -1 0 1 2 -2 -1 0 1 2 -2 -1 0 1 2 -2 -1 0 1 2 -2 -1 0 1 2 -2 -1 0 1 2 -2 -1 0 1 2 -2 -1 0 1 2 -2 -1 0 1 2 -2 -1 0 1 2 -2 -1 0 1 2 -2 -1 0 1 2 -2 -1 0 1 2 -2 -1 0 1 2 -2 -1 0 1 2 -2 -1 0 1 2 -2 -1 0 1 2 -2 -1 0 1 2 -2 -1 0 1 2 -2 -1 0 1 2 -2 -1 0 1 2 -2 -1 0 1 2 -2 -1 0 1 2 -2 -1 0 1 2 -2 -1 0 1 2 -2 -1 0 1 2 -2 -1 0 1 2 -2 -1 0 1 2 -2 -1 0 1 2 -2 -1 0 1 2 -2 -1 0 1 2 -2 -1 0 1 2 -2 -1 0 1 2 -2 -1 0 1 2 -2 -1 0 1 2 -2 -1 0 1 2 -2 -1 0 1 2 -2 -1 0 1 2 -2 -1 0 1 2 -2 -1 0 1 2 -2 -1 0 1 2 -2 -1 0 1 2 -2 -1 0 1 2 -2 -1 0 1 2 -2 -1 0 1 2 -2 -1 0 1 2 -2 -1 0 1 2 -2 -1 0 1 2 -2 -1 0 1 2 -2 -1 0 1 2 -2 -1 0 1 2 -2 -1 0 1 2 -2 -1 0 1 2 -2 -1 0 1 2 -2 -1 0 1 2 -2 -1 0 1 2 -2 -1 0 1 2 -2 -1 0 1 2 -2 -1 0 1 2 -2 -1 0 1 2 -2 -1 0 1 2 -2 -1 0 1 2 -2 -1 0 1 2 -2 -1 0 1 2 -2 -1 0 1 2 -2 -1 0 1 2 -2 -1 0 1 2 -2 -1 0 1 2 -2 -1 0 1 2 -2 -1 0 1 2 -2 -1 0 1 2 -2 -1 0 1 2 -2 -1 0 1 2 -2 -1 0 1 2 -2 -1 0 1 2 -2 -1 0 1 2 -2 -1 0 1 2 -2 -1 0 1 2 -2 -1 0 1 2 -2 -1 0 1 2 -2 -1 0 1 2 -2 -1 0 1 2 -2 -1 0 1 2 -2 -1 0 1 2 -2 -1 0 1 2 -2 -1 0 1 2 -2 -1 0 1 2 -2 -1 0 1 2 -2 -1 0 1 2 -2 -1 0 1 2 -2 -1 0 1 2 -2 -1 0 1 2 -2
1 -2 0 2 602 1 -2 0 2 -1 1 -2 0 2 -1 1 -2 0 2 -1 1 -2 0 2 -1 1 -2 0 2 -1 1 -2 0 2 -1 1 -2 0 2 -1 1 -2 0 2 -1 1 -2 0 2 -1 1 -2 0 2 -1 1 -2 0 2 -1 1 -2 0 2 -1 1 -2 0 2 -1 1 -2 0 2 -1 1 -2 0 2 -1 1 -2 0 2 -1 1 -2 0 2 -1 1 -2 0 2 -1 1 -2 0 2 -1 1 -2 0 2 -1 1 -2 0 2 -1 1 -2 0 2 -1 1 -2 0 2 -1 1 -2 0 2 -1 1 -2 0 2 -1 1 -2 0 2 -1 1 -2 0 2 -1 1 -2 0 2 -1 1 -2 0 2 -1 1 -2 0 2 -1 1 -2 0 2 -1 1 -2 0 2 -1 1 -2 0 2 -1 1 -2 0 2 -1 1 -2 0 2 -1 1 -2 0 2 -1 1 -2 0 2 -1 1 -2 0 2 -1 1 -2 0 2 -1 1 -2 0 2 -1 1 -2 0 2 -1 1 -2 0 2 -1 1 -2 0 2 -1 1 -2 0 2 -1 1 -2 0 2 -1 1 -2 0 2 -1 1 -2 0 2 -1 1 -2 0 2 -1 1 -2 0 2 -1 1 -2 0 2 -1 1 -2 0 2 -1 1 -2 0 2 -1 1 -2 0 2 -1 1 -2 0 2 -1 1 -2 0 2 -1 1 -2 0 2 -1 1 -2 0 2 -1 1 -2 0 2 -1 1 -2 0 2 -1 1 -2 0 2 -1 1 -2 0 2 -1 1 -2 0 2 -1 1 -2 0 2 -1 1 -2 0 2 -1 1 -2 0 2 -1 1 -2 0 2 -1 1 -2 0 2 -1 1 -2 0 2 -1 1 -2 0 2 -1 1 -2 0 2 -1 1 -2 0 2 -1 1 -2 0 2 -1 1 -2 0 2 -1 1 -2 0 2 -1 1 -2 0 2 -1 1 -2 0 2 -1 1 -2 0 2 -1 1 -2 0 2 -1 1 -2 0 2 -1 1 -2 0 2 -1 1 -2 0 2 -1 1 -2 0 2 -1 1 -2 0 2 -1 1 -2 0 2 -1 1 -2 0 2 -1 1 -2 0 2 -1 1 -2 0 2 -1 1 -2 0 2 -1 1 -2 0 2 -1 1 -2 0 2 -1 1 -2 0 2 -1 1 -2 0 2 -1 1 -2 0 2 -1 1 -2 0 2 -1 1 -2 0 2 -1 1 -2 0 2 -1 1 -2 0 2 -1 1 -2 0 2 -1 1 -2 0 2 -1
-2 1 -1 2 0 601 1 -1 2 0 -2 1 -1 2 0 -2 1 -1 2 0 -2 1 -1 2 0 -2 1 -1 2 0 -2 1 -1 2 0 -2 1 -1 2 0 -2 1 -1 2 0 -2 1 -1 2 0 -2 1 -1 2 0 -2 1 -1 2 0 -2 1 -1 2 0 -2 1 -1 2 0 -2 1 -1 2 0 -2 1 -1 2 0 -2 1 -1 2 0 -2 1 -1 2 0 -2 1 -1 2 0 -2 1 -1 2 0 -2 1 -1 2 0 -2 1 -1 2 0 -2 1 -1 2 0 -2 1 -1 2 0 -2 1 -1 2 0 -2 1 -1 2 0 -2 1 -1 2 0 -2 1 -1 2 0 -2 1 -1 2 0 -2 1 -1 2 0 -2 1 -1 2 0 -2 1 -1 2 0 -2 1 -1 2 0 -2 1 -1 2 0 -2 1 -1 2 0 -2 1 -1 2 0 -2 1 -1 2 0 -2 1 -1 2 0 -2 1 -1 2 0 -2 1 -1 2 0 -2 1 -1 2 0 -2 1 -1 2 0 -2 1 -1 2 0 -2 1 -1 2 0 -2 1 -1 2 0 -2 1 -1 2 0 -2 1 -1 2 0 -2 1 -1 2 0 -2 1 -1 2 0 -2 1 -1 2 0 -2 1 -1 2 0 -2 1 -1 2 0 -2 1 -1 2 0 -2 1 -1 2 0 -2 1 -1 2 0 -2 1 -1 2 0 -2 1 -1 2 0 -2 1 -1 2 0 -2 1 -1 2 0 -2 1 -1 2 0 -2 1 -1 2 0 -2 1 -1 2 0 -2 1 -1 2 0 -2 1 -1 2 0 -2 1 -1 2 0 -2 1 -1 2 0 -2 1 -1 2 0 -2 1 -1 2 0 -2 1 -1 2 0 -2 1 -1 2 0 -2 1 -1 2 0 -2 1 -1 2 0 -2 1 -1 2 0 -2 1 -1 2 0 -2 1 -1 2 0 -2 1 -1 2 0 -2 1 -1 2 0 -2 1 -1 2 0 -2 1 -1 2 0 -2 1 -1 2 0 -2 1 -1 2 0 -2 1 -1 2 0 -2 1 -1 2 0 -2 1 -1 2 0 -2 1 -1 2 0 -2 1 -1 2 0 -2 1 -1 2 0 -2 1 -1 2 0 -2 1 -1 2 0 -2 1 -1 2 0 -2 1 -1 2 0 -2 1 -1 2 0 -2 1 -1 2 0 -2 1 -1 2 0 -2 1 -1 2 0 -2 1 -1 2 0 -2 1 -1 2 0 -2 1 -1 2 0 -2 1 -1 2 0 -2 1 -1 2 0
0 -1 -2 2 1 0 602 -2 2 1 0 -1 -2 2 1 0 -1 -2 2 1 0 -1 -2 2 1 0 -1 -2 2 1 0 -1 -2 2 1 0 -1 -2 2 1 0 -1 -2 2 1 0 -1 -2 2 1 0 -1 -2 2 1 0 -1 -2 2 1 0 -1 -2 2 1 0 -1 -2 2 1 0 -1 -2 2 1 0 -1 -2 2 1 0 -1 -2 2 1 0 -1 -2 2 1 0 -1 -2 2 1 0 -1 -2 2 1 0 -1 -2 2 1 0 -1 -2 2 1 0 -1 -2 2 1 0 -1 -2 2 1 0 -1 -2 2 1 0 -1 -2 2 1 0 -1 -2 2 1 0 -1 -2 2 1 0 -1 -2 2 1 0 -1 -2 2 1 0 -1 -2 2 1 0 -1 -2 2 1 0 -1 -2 2 1 0 -1 -2 2 1 0 -1 -2 2 1 0 -1 -2 2 1 0 -1 -2 2 1 0 -1 -2 2 1 0 -1 -2 2 1 0 -1 -2 2 1 0 -1 -2 2 1 0 -1 -2 2 1 0 -1 -2 2 1 0 -1 -2 2 1 0 -1 -2 2 1 0 -1 -2 2 1 0 -1 -2 2 1 0 -1 -2 2 1 0 -1 -2 2 1 0 -1 -2 2 1 0 -1 -2 2 1 0 -1 -2 2 1 0 -1 -2 2 1 0 -1 -2 2 1 0 -1 -2 2 1 0 -1 -2 2 1 0 -1 -2 2 1 0 -1 -2 2 1 0 -1 -2 2 1 0 -1 -2 2 1 0 -1 -2 2 1 0 -1 -2 2 1 0 -1 -2 2 1 0 -1 -2 2 1 0 -1 -2 2 1 0 -1 -2 2 1 0 -1 -2 2 1 0 -1 -2 2 1 0 -1 -2 2 1 0 -1 -2 2 1 0 -1 -2 2 1 0 -1 -2 2 1 0 -1 -2 2 1 0 -1 -2 2 1 0 -1 -2 2 1 0 -1 -2 2 1 0 -1 -2 2 1 0 -1 -2 2 1 0 -1 -2 2 1 0 -1 -2 2 1 0 -1 -2 2 1 0 -1 -2 2 1 0 -1 -2 2 1 0 -1 -2 2 1 0 -1 -2 2 1 0 -1 -2 2 1 0 -1 -2 2 1 0 -1 -2 2 1 0 -1 -2 2 1 0 -1 -2 2 1 0 -1 -2 2 1 0 -1 -2 2 1 0 -1 -2 2 1 0 -1 -2 2 1 0 -1 -2 2 1 0 -1 -2 2 1 0 -1 -2 2 1 0 -1 -2 2 1 0 -1 -2 2 1 0 -1 -2 2 1
2 2 2 2 2 2 2 1001 2 2 2 2 2 2 2 2 2 2 2 2 2 2 2 2 2 2 2 2 2 2 2 2 2 2 2 2 2 2 2 2 2 2 2 2 2 2 2 2 2 2 2 2 2 2 2 2 2 2 2 2 2 2 2 2 2 2 2 2 2 2 2 2 2 2 2 2 2 2 2 2 2 2 2 2 2 2 2 2 2 2 2 2 2 2 2 2 2 2 2 2 2 2 2 2 2 2 2 2 2 2 2 2 2 2 2 2 2 2 2 2 2 2 2 2 2 2 2 2 2 2 2 2 2 2 2 2 2 2 2 2 2 2 2 2 2 2 2 2 2 2 2 2 2 2 2 2 2 2 2 2 2 2 2 2 2 2 2 2 2 2 2 2 2 2 2 2 2 2 2 2 2 2 2 2 2 2 2 2 2 2 2 2 2 2 2 2 2 2 2 2 2 2 2 2 2 2 2 2 2 2 2 2 2 2 2 2 2 2 2 2 2 2 2 2 2 2 2 2 2 2 2 2 2 2 2 2 2 2 2 2 2 2 2 2 2 2 2 2 2 2 2 2 2 2 2 2 2 2 2 2 2 2 2 2 2 2 2 2 2 2 2 2 2 2 2 2 2 2 2 2 2 2 2 2 2 2 2 2 2 2 2 2 2 2 2 2 2 2 2 2 2 2 2 2 2 2 2 2 2 2 2 2 2 2 2 2 2 2 2 2 2 2 2 2 2 2 2 2 2 2 2 2 2 2 2 2 2 2 2 2 2 2 2 2 2 2 2 2 2 2 2 2 2 2 2 2 2 2 2 2 2 2 2 2 2 2 2 2 2 2 2 2 2 2 2 2 2 2 2 2 2 2 2 2 2 2 2 2 2 2 2 2 2 2 2 2 2 2 2 2 2 2 2 2 2 2 2 2 2 2 2 2 2 2 2 2 2 2 2 2 2 2 2 2 2 2 2 2 2 2 2 2 2 2 2 2 2 2 2 2 2 2 2 2 2 2 2 2 2 2 2 2 2 2 2 2 2 2 2 2 2 2 2 2 2 2 2 2 2 2 2 2 2 2 2 2 2 2 2 2 2 2 2 2 2 2 2 2 2 2 2 2 2 2 2 2 2 2 2 2
-1 0 1 2 -2 -1 0 1 601 -2 -1 0 1 2 -2 -1 0 1 2 -2 -1 0 1 2 -2 -1 0 1 2 -2 -1 0 1 2 -2 -1 0 1 2 -2 -1 0 1 2 -2 -1 0 1 2 -2 -1 0 1 2 -2 -1 0 1 2 -2 -1 0 1 2 -2 -1 0 1 2 -2 -1 0 1 2 -2 -1 0 1 2 -2 -1 0 1 2 -2 -1 0 1 2 -2 -1 0 1 2 -2 -1 0 1 2 -2 -1 0 1 2 -2 -1 0 1 2 -2 -1 0 1 2 -2 -1 0 1 2 -2 -1 0 1 2 -2 -1 0 1 2 -2 -1 0 1 2 -2 -1 0 1 2 -2 -1 0 1 2 -2 -1 0 1 2 -2 -1 0 1 2 -2 -1 0 1 2 -2 -1 0 1 2 -2 -1 0 1 2 -2 -1 0 1 2 -2 -1 0 1 2 -2 -1 0 1 2 -2 -1 0 1 2 -2 -1 0 1 2 -2 -1 0 1 2 -2 -1 0 1 2 -2 -1 0 1 2 -2 -1 0 1 2 -2 -1 0 1 2 -2 -1 0 1 2 -2 -1 0 1 2 -2 -1 0 1 2 -2 -1 0 1 2 -2 -1 0 1 2 -2 -1 0 1 2 -2 -1 0 1 2 -2 -1 0 1 2 -2 -1 0 1 2 -2 -1 0 1 2 -2 -1 0 1 2 -2 -1 0 1 2 -2 -1 0 1 2 -2 -1 0 1 2 -2 -1 0 1 2 -2 -1 0 1 2 -2 -1 0 1 2 -2 -1 0 1 2 -2 -1 0 1 2 -2 -1 0 1 2 -2 -1 0 1 2 -2 -1 0 1 2 -2 -1 0 1 2 -2 -1 0 1 2 -2 -1 0 1 2 -2 -1 0 1 2 -2 -1 0 1 2 -2 -1 0 1 2 -2 -1 0 1 2 -2 -1 0 1 2 -2 -1 0 1 2 -2 -1 0 1 2 -2 -1 0 1 2 -2 -1 0 1 2 -2 -1 0 1 2 -2 -1 0 1 2 -2 -1 0 1 2 -2 -1 0 1 2 -2 -1 0 1 2 -2 -1 0 1 2 -2 -1 0 1 2 -2 -1 0 1 2 -2 -1 0 1 2 -2 -1 0 1 2 -2 -1 0 1 2 -2 -1 0 1 2 -2 -1 0 1 2 -2 -1 0 1 2 -2 -1 0 1 2 -2 -1 0 1 2 -2 -1 0 1 2 -2 -1 0 1 2 -2 -1 0 1 2 -2 -1 0 1 2 -2 -1 0 1 2 -2 -1 0 1 2 -2
1 -2 0 2 -1 1 -2 0 2 602 1 -2 0 2 -1 1 -2 0 2 -1 1 -2 0 2 -1 1 -2 0 2 -1 1 -2 0 2 -1 1 -2 0 2 -1 1 -2 0 2 -1 1 -2 0 2 -1 1 -2 0 2 -1 1 -2 0 2 -1 1 -2 0 2 -1 1 -2 0 2 -1 1 -2 0 2 -1 1 -2 0 2 -1 1 -2 0 2 -1 1 -2 0 2 -1 1 -2 0 2 -1 1 -2 0 2 -1 1 -2 0 2 -1 1 -2 0 2 -1 1 -2 0 2 -1 1 -2 0 2 -1 1 -2 0 2 -1 1 -2 0 2 -1 1 -2 0 2 -1 1 -2 0 2 -1 1 -2 0 2 -1 1 -2 0 2 -1 1 -2 0 2 -1 1 -2 0 2 -1 1 -2 0 2 -1 1 -2 0 2 -1 1 -2 0 2 -1 1 -2 0 2 -1 1 -2 0 2 -1 1 -2 0 2 -1 1 -2 0 2 -1 1 -2 0 2 -1 1 -2 0 2 -1 1 -2 0 2 -1 1 -2 0 2 -1 1 -2 0 2 -1 1 -2 0 2 -1 1 -2 0 2 -1 1 -2 0 2 -1 1 -2 0 2 -1 1 -2 0 2 -1 1 -2 0 2 -1 1 -2 0 2 -1 1 -2 0 2 -1 1 -2 0 2 -1 1 -2 0 2 -1 1 -2 0 2 -1 1 -2 0 2 -1 1 -2 0 2 -1 1 -2 0 2 -1 1 -2 0 2 -1 1 -2 0 2 -1 1 -2 0 2 -1 1 -2 0 2 -1 1 -2 0 2 -1 1 -2 0 2 -1 1 -2 0 2 -1 1 -2 0 2 -1 1 -2 0 2 -1 1 -2 0 2 -1 1 -2 0 2 -1 1 -2 0 2 -1 1 -2 0 2 -1 1 -2 0 2 -1 1 -2 0 2 -1 1 -2 0 2 -1 1 -2 0 2 -1 1 -2 0 2 -1 1 -2 0 2 -1 1 -2 0 2 -1 1 -2 0 2 -1 1 -2 0 2 -1 1 -2 0 2 -1 1 -2 0 2 -1 1 -2 0 2 -1 1 -2 0 2 -1 1 -2 0 2 -1 1 -2 0 2 -1 1 -2 0 2 -1 1 -2 0 2 -1 1 -2 0 2 -1 1 -2 0 2 -1 1 -2 0 2 -1 1 -2 0 2 -1 1 -2 0 2 -1 1 -2 0 2 -1 1 -2 0 2 -1 1 -2 0 2 -1 1 -2 0 2 -1 1 -2 0 2 -1 1 -2 0 2 -1 1 -2 0 2 -1
-2 1 -1 2 0 -2 1 -1 2 0 601 1 -1 2 0 -2 1 -1 2 0 -2 1 -1 2 0 -2 1 -1 2 0 -2 1 -1 2 0 -2 1 -1 2 0 -2 1 -1 2 0 -2 1 -1 2 0 -2 1 -1 2 0 -2 1 -1 2 0 -2 1 -1 2 0 -2 1 -1 2 0 -2 1 -1 2 0 -2 1 -1 2 0 -2 1 -1 2 0 -2 1 -1 2 0 -2 1 -1 2 0 -2 1 -1 2 0 -2 1 -1 2 0 -2 1 -1 2 0 -2 1 -1 2 0 -2 1 -1 2 0 -2 1 -1 2 0 -2 1 -1 2 0 -2 1 -1 2 0 -2 1 -1 2 0 -2 1 -1 2 0 -2 1 -1 2 0 -2 1 -1 2 0 -2 1 -1 2 0 -2 1 -1 2 0 -2 1 -1 2 0 -2 1 -1 2 0 -2 1 -1 2 0 -2 1 -1 2 0 -2 1 -1 2 0 -2 1 -1 2 0 -2 1 -1 2 0 -2 1 -1 2 0 -2 1 -1 2 0 -2 1 -1 2 0 -2 1 -1 2 0 -2 1 -1 2 0 -2 1 -1 2 0 -2 1 -1 2 0 -2 1 -1 2 0 -2 1 -1 2 0 -2 1 -1 2 0 -2 1 -1 2 0 -2 1 -1 2 0 -2 1 -1 2 0 -2 1 -1 2 0 -2 1 -1 2 0 -2 1 -1 2 0 -2 1 -1 2 0 -2 1 -1 2 0 -2 1 -1 2 0 -2 1 -1 2 0 -2 1 -1 2 0 -2 1 -1 2 0 -2 1 -1 2 0 -2 1 -1 2 0 -2 1 -1 2 0 -2 1 -1 2 0 -2 1 -1 2 0 -2 1 -1 2 0 -2 1 -1 2 0 -2 1 -1 2 0 -2 1 -1 2 0 -2 1 -1 2 0 -2 1 -1 2 0 -2 1 -1 2 0 -2 1 -1 2 0 -2 1 -1 2 0 -2 1 -1 2 0 -2 1 -1 2 0 -2 1 -1 2 0 -2 1 -1 2 0 -2 1 -1 2 0 -2 1 -1 2 0 -2 1 -1 2 0 -2 1 -1 2 0 -2 1 -1 2 0 -2 1 -1 2 0 -2 1 -1 2 0 -2 1 -1 2 0 -2 1 -1 2 0 -2 1 -1 2 0 -2 1 -1 2 0 -2 1 -1 2 0 -2 1 -1 2 0 -2 1 -1 2 0 -2 1 -1 2 0 -2 1 -1 2 0 -2 1 -1 2 0 -2 1 -1 2 0 -2 1 -1 2 0 -2 1 -1 2 0
0 -1 -2 2 1 0 -1 -2 2 1 0 602 -2 2 1 0 -1 -2 2 1 0 -1 -2 2 1 0 -1 -2 2 1 0 -1 -2 2 1 0 -1 -2 2 1 0 -1 -2 2 1 0 -1 -2 2 1 0 -1 -2 2 1 0 -1 -2 2 1 0 -1 -2 2 1 0 -1 -2 2 1 0 -1 -2 2 1 0 -1 -2 2 1 0 -1 -2 2 1 0 -1 -2 2 1 0 -1 -2 2 1 0 -1 -2 2 1 0 -1 -2 2 1 0 -1 -2 2 1 0 -1 -2 2 1 0 -1 -2 2 1 0 -1 -2 2 1 0 -1 -2 2 1 0 -1 -2 2 1 0 -1 -2 2 1 0 -1 -2 2 1 0 -1 -2 2 1 0 -1 -2 2 1 0 -1 -2 2 1 0 -1 -2 2 1 0 -1 -2 2 1 0 -1 -2 2 1 0 -1 -2 2 1 0 -1 -2 2 1 0 -1 -2 2 1 0 -1 -2 2 1 0 -1 -2 2 1 0 -1 -2 2 1 0 -1 -2 2 1 0 -1 -2 2 1 0 -1 -2 2 1 0 -1 -2 2 1 0 -1 -2 2 1 0 -1 -2 2 1 0 -1 -2 2 1 0 -1 -2 2 1 0 -1 -2 2 1 0 -1 -2 2 1 0 -1 -2 2 1 0 -1 -2 2 1 0 -1 -2 2 1 0 -1 -2 2 1 0 -1 -2 2 1 0 -1 -2 2 1 0 -1 -2 2 1 0 -1 -2 2 1 0 -1 -2 2 1 0 -1 -2 2 1 0 -1 -2 2 1 0 -1 -2 2 1 0 -1 -2 2 1 0 -1 -2 2 1 0 -1 -2 2 1 0 -1 -2 2 1 0 -1 -2 2 1 0 -1 -2 2 1 0 -1 -2 2 1 0 -1 -2 2 1 0 -1 -2 2 1 0 -1 -2 2 1 0 -1 -2 2 1 0 -1 -2 2 1 0 -1 -2 2 1 0 -1 -2 2 1 0 -1 -2 2 1 0 -1 -2 2 1 0 -1 -2 2 1 0 -1 -2 2 1 0 -1 -2 2 1 0 -1 -2 2 1 0 -1 -2 2 1 0 -1 -2 2 1 0 -1 -2 2 1 0 -1 -2 2 1 0 -1 -2 2 1 0 -1 -2 2 1 0 -1 -2 2 1 0 -1 -2 2 1 0 -1 -2 2 1 0 -1 -2 2 1 0 -1 -2 2 1 0 -1 -2 2 1 0 -1 -2 2 1 0 -1 -2 2 1 0 -1 -2 2 1 0 -1 -2 2 1 0 -1 -2 2 1
2 2 2 2 2 2 2 2 2 2 2 2 1001 2 2 2 2 2 2 2 2 2 2 2 2 2 2 2 2 2 2 2 2 2 2 2 2 2 2 2 2 2 2 2 2 2 2 2 2 2 2 2 2 2 2 2 2 2 2 2 2 2 2 2 2 2 2 2 2 2 2 2 2 2 2 2 2 2 2 2 2 2 2 2 2 2 2 2 2 2 2 2 2 2 2 2 2 2 2 2 2 2 2 2 2 2 2 2 2 2 2 2 2 2 2 2 2 2 2 2 2 2 2 2 2 2 2 2 2 2 2 2 2 2 2 2 2 2 2 2 2 2 2 2 2 2 2 2 2 2 2 2 2 2 2 2 2 2 2 2 2 2 2 2 2 2 2 2 2 2 2 2 2 2 2 2 2 2 2 2 2 2 2 2 2 2 2 2 2 2 2 2 2 2 2 2 2 2 2 2 2 2 2 2 2 2 2 2 2 2 2 2 2 2 2 2 2 2 2 2 2 2 2 2 2 2 2 2 2 2 2 2 2 2 2 2 2 2 2 2 2 2 2 2 2 2 2 2 2 2 2 2 2 2 2 2 2 2 2 2 2 2 2 2 2 2 2 2 2 2 2 2 2 2 2 2 2 2 2 2 2 2 2 2 2 2 2 2 2 2 2 2 2 2 2 2 2 2 2 2 2 2 2 2 2 2 2 2 2 2 2 2 2 2 2 2 2 2 2 2 2 2 2 2 2 2 2 2 2 2 2 2 2 2 2 2 2 2 2 2 2 2 2 2 2 2 2 2 2 2 2 2 2 2 2 2 2 2 2 2 2 2 2 2 2 2 2 2 2 2 2 2 2 2 2 2 2 2 2 2 2 2 2 2 2 2 2 2 2 2 2 2 2 2 2 2 2 2 2 2 2 2 2 2 2 2 2 2 2 2 2 2 2 2 2 2 2 2 2 2 2 2 2 2 2 2 2 2 2 2 2 2 2 2 2 2 2 2 2 2 2 2 2 2 2 2 2 2 2 2 2 2 2 2 2 2 2 2 2 2 2 2 2 2 2 2 2 2 2 2 2 2 2 2 2 2 2 2 2 2 2 2 2 2 2 2 2 2 2 2 2 2 2 2 2 2 2 2 2 2
-1 0 1 2 -2 -1 0 1 2 -2 -1 0 1 601 -2 -1 0 1 2 -2 -1 0 1 2 -2 -1 0 1 2 -2 -1 0 1 2 -2 -1 0 1 2 -2 -1 0 1 2 -2 -1 0 1 2 -2 -1 0 1 2 -2 -1 0 1 2 -2 -1 0 1 2 -2 -1 0 1 2 -2 -1 0 1 2 -2 -1 0 1 2 -2 -1 0 1 2 -2 -1 0 1 2 -2 -1 0 1 2 -2 -1 0 1 2 -2 -1 0 1 2 -2 -1 0 1 2 -2 -1 0 1 2 -2 -1 0 1 2 -2 -1 0 1 2 -2 -1 0 1 2 -2 -1 0 1 2 -2 -1 0 1 2 -2 -1 0 1 2 -2 -1 0 1 2 -2 -1 0 1 2 -2 -1 0 1 2 -2 -1 0 1 2 -2 -1 0 1 2 -2 -1 0 1 2 -2 -1 0 1 2 -2 -1 0 1 2 -2 -1 0 1 2 -2 -1 0 1 2 -2 -1 0 1 2 -2 -1 0 1 2 -2 -1 0 1 2 -2 -1 0 1 2 -2 -1 0 1 2 -2 -1 0 1 2 -2 -1 0 1 2 -2 -1 0 1 2 -2 -1 0 1 2 -2 -1 0 1 2 -2 -1 0 1 2 -2 -1 0 1 2 -2 -1 0 1 2 -2 -1 0 1 2 -2 -1 0 1 2 -2 -1 0 1 2 -2 -1 0 1 2 -2 -1 0 1 2 -2 -1 0 1 2 -2 -1 0 1 2 -2 -1 0 1 2 -2 -1 0 1 2 -2 -1 0 1 2 -2 -1 0 1 2 -2 -1 0 1 2 -2 -1 0 1 2 -2 -1 0 1 2 -2 -1 0 1 2 -2 -1 0 1 2 -2 -1 0 1 2 -2 -1 0 1 2 -2 -1 0 1 2 -2 -1 0 1 2 -2 -1 0 1 2 -2 -1 0 1 2 -2 -1 0 1 2 -2 -1 0 1 2 -2 -1 0 1 2 -2 -1 0 1 2 -2 -1 0 1 2 -2 -1 0 1 2 -2 -1 0 1 2 -2 -1 0 1 2 -2 -1 0 1 2 -2 -1 0 1 2 -2 -1 0 1 2 -2 -1 0 1 2 -2 -1 0 1 2 -2 -1 0 1 2 -2 -1 0 1 2 -2 -1 0 1 2 -2 -1 0 1 2 -2 -1 0 1 2 -2 -1 0 1 2 -2 -1 0 1 2 -2 -1 0 1 2 -2 -1 0 1 2 -2 -1 0 1 2 -2 -1 0 1 2 -2 -1 0 1 2 -2 -1 0 1 2 -2
1 -2 0 2 -1 1 -2 0 2 -1 1 -2 0 2 602 1 -2 0 2 -1 1 -2 0 2 -1 1 -2 0 2 -1 1 -2 0 2 -1 1 -2 0 2 -1 1 -2 0 2 -1 1 -2 0 2 -1 1 -2 0 2 -1 1 -2 0 2 -1 1 -2 0 2 -1 1 -2 0 2 -1 1 -2 0 2 -1 1 -2 0 2 -1 1 -2 0 2 -1 1 -2 0 2 -1 1 -2 0 2 -1 1 -2 0 2 -1 1 -2 0 2 -1 1 -2 0 2 -1 1 -2 0 2 -1 1 -2 0 2 -1 1 -2 0 2 -1 1 -2 0 2 -1 1 -2 0 2 -1 1 -2 0 2 -1 1 -2 0 2 -1 1 -2 0 2 -1 1 -2 0 2 -1 1 -2 0 2 -1 1 -2 0 2 -1 1 -2 0 2 -1 1 -2 0 2 -1 1 -2 0 2 -1 1 -2 0 2 -1 1 -2 0 2 -1 1 -2 0 2 -1 1 -2 0 2 -1 1 -2 0 2 -1 1 -2 0 2 -1 1 -2 0 2 -1 1 -2 0 2 -1 1 -2 0 2 -1 1 -2 0 2 -1 1 -2 0 2 -1 1 -2 0 2 -1 1 -2 0 2 -1 1 -2 0 2 -1 1 -2 0 2 -1 1 -2 0 2 -1 1 -2 0 2 -1 1 -2 0 2 -1 1 -2 0 2 -1 1 -2 0 2 -1 1 -2 0 2 -1 1 -2 0 2 -1 1 -2 0 2 -1 1 -2 0 2 -1 1 -2 0 2 -1 1 -2 0 2 -1 1 -2 0 2 -1 1 -2 0 2 -1 1 -2 0 2 -1 1 -2 0 2 -1 1 -2 0 2 -1 1 -2 0 2 -1 1 -2 0 2 -1 1 -2 0 2 -1 1 -2 0 2 -1 1 -2 0 2 -1 1 -2 0 2 -1 1 -2 0 2 -1 1 -2 0 2 -1 1 -2 0 2 -1 1 -2 0 2 -1 1 -2 0 2 -1 1 -2 0 2 -1 1 -2 0 2 -1 1 -2 0 2 -1 1 -2 0 2 -1 1 -2 0 2 -1 1 -2 0 2 -1 1 -2 0 2 -1 1 -2 0 2 -1 1 -2 0 2 -1 1 -2 0 2 -1 1 -2 0 2 -1 1 -2 0 2 -1 1 -2 0 2 -1 1 -2 0 2 -1 1 -2 0 2 -1 1 -2 0 2 -1 1 -2 0 2 -1 1 -2 0 2 -1 1 -2 0 2 -1 1 -2 0 2 -1 1 -2 0 2 -1 1 -2 0 2 -1
-2 1 -1 2 0 -2 1 -1 2 0 -2 1 -1 2 0 601 1 -1 2 0 -2 1 -1 2 0 -2 1 -1 2 0 -2 1 -1 2 0 -2 1 -1 2 0 -2 1 -1 2 0 -2 1 -1 2 0 -2 1 -1 2 0 -2 1 -1 2 0 -2 1 -1 2 0 -2 1 -1 2 0 -2 1 -1 2 0 -2 1 -1 2 0 -2 1 -1 2 0 -2 1 -1 2 0 -2 1 -1 2 0 -2 1 -1 2 0 -2 1 -1 2 0 -2 1 -1 2 0 -2 1 -1 2 0 -2 1 -1 2 0 -2 1 -1 2 0 -2 1 -1 2 0 -2 1 -1 2 0 -2 1 -1 2 0 -2 1 -1 2 0 -2 1 -1 2 0 -2 1 -1 2 0 -2 1 -1 2 0 -2 1 -1 2 0 -2 1 -1 2 0 -2 1 -1 2 0 -2 1 -1 2 0 -2 1 -1 2 0 -2 1 -1 2 0 -2 1 -1 2 0 -2 1 -1 2 0 -2 1 -1 2 0 -2 1 -1 2 0 -2 1 -1 2 0 -2 1 -1 2 0 -2 1 -1 2 0 -2 1 -1 2 0 -2 1 -1 2 0 -2 1 -1 2 0 -2 1 -1 2 0 -2 1 -1 2 0 -2 1 -1 2 0 -2 1 -1 2 0 -2 1 -1 2 0 -2 1 -1 2 0 -2 1 -1 2 0 -2 1 -1 2 0 -2 1 -1 2 0 -2 1 -1 2 0 -2 1 -1 2 0 -2 1 -1 2 0 -2 1 -1 2 0 -2 1 -1 2 0 -2 1 -1 2 0 -2 1 -1 2 0 -2 1 -1 2 0 -2 1 -1 2 0 -2 1 -1 2 0 -2 1 -1 2 0 -2 1 -1 2 0 -2 1 -1 2 0 -2 1 -1 2 0 -2 1 -1 2 0 -2 1 -1 2 0 -2 1 -1 2 0 -2 1 -1 2 0 -2 1 -1 2 0 -2 1 -1 2 0 -2 1 -1 2 0 -2 1 -1 2 0 -2 1 -1 2 0 -2 1 -1 2 0 -2 1 -1 2 0 -2 1 -1 2 0 -2 1 -1 2 0 -2 1 -1 2 0 -2 1 -1 2 0 -2 1 -1 2 0 -2 1 -1 2 0 -2 1 -1 2 0 -2 1 -1 2 0 -2 1 -1 2 0 -2 1 -1 2 0 -2 1 -1 2 0 -2 1 -1 2 0 -2 1 -1 2 0 -2 1 -1 2 0 -2 1 -1 2 0 -2 1 -1 2 0 -2 1 -1 2 0 -2 1 -1 2 0
0 -1 -2 2 1 0 -1 -2 2 1 0 -1 -2 2 1 0 602 -2 2 1 0 -1 -2 2 1 0 -1 -2 2 1 0 -1 -2 2 1 0 -1 -2 2 1 0 -1 -2 2 1 0 -1 -2 2 1 0 -1 -2 2 1 0 -1 -2 2 1 0 -1 -2 2 1 0 -1 -2 2 1 0 -1 -2 2 1 0 -1 -2 2 1 0 -1 -2 2 1 0 -1 -2 2 1 0 -1 -2 2 1 0 -1 -2 2 1 0 -1 -2 2 1 0 -1 -2 2 1 0 -1 -2 2 1 0 -1 -2 2 1 0 -1 -2 2 1 0 -1 -2 2 1 0 -1 -2 2 1 0 -1 -2 2 1 0 -1 -2 2 1 0 -1 -2 2 1 0 -1 -2 2 1 0 -1 -2 2 1 0 -1 -2 2 1 0 -1 -2 2 1 0 -1 -2 2 1 0 -1 -2 2 1 0 -1 -2 2 1 0 -1 -2 2 1 0 -1 -2 2 1 0 -1 -2 2 1 0 -1 -2 2 1 0 -1 -2 2 1 0 -1 -2 2 1 0 -1 -2 2 1 0 -1 -2 2 1 0 -1 -2 2 1 0 -1 -2 2 1 0 -1 -2 2 1 0 -1 -2 2 1 0 -1 -2 2 1 0 -1 -2 2 1 0 -1 -2 2 1 0 -1 -2 2 1 0 -1 -2 2 1 0 -1 -2 2 1 0 -1 -2 2 1 0 -1 -2 2 1 0 -1 -2 2 1 0 -1 -2 2 1 0 -1 -2 2 1 0 -1 -2 2 1 0 -1 -2 2 1 0 -1 -2 2 1 0 -1 -2 2 1 0 -1 -2 2 1 0 -1 -2 2 1 0 -1 -2 2 1 0 -1 -2 2 1 0 -1 -2 2 1 0 -1 -2 2 1 0 -1 -2 2 1 0 -1 -2 2 1 0 -1 -2 2 1 0 -1 -2 2 1 0 -1 -2 2 1 0 -1 -2 2 1 0 -1 -2 2 1 0 -1 -2 2 1 0 -1 -2 2 1 0 -1 -2 2 1 0 -1 -2 2 1 0 -1 -2 2 1 0 -1 -2 2 1 0 -1 -2 2 1 0 -1 -2 2 1 0 -1 -2 2 1 0 -1 -2 2 1 0 -1 -2 2 1 0 -1 -2 2 1 0 -1 -2 2 1 0 -1 -2 2 1 0 -1 -2 2 1 0 -1 -2 2 1 0 -1 -2 2 1 0 -1 -2 2 1 0 -1 -2 2 1 0 -1 -2 2 1 0 -1 -2 2 1 0 -1 -2 2 1 0 -1 -2 2 1
2 2 2 2 2 2 2 2 2 2 2 2 2 2 2 2 2 1001 2 2 2 2 2 2 2 2 2 2 2 2 2 2 2 2 2 2 2 2 2 2 2 2 2 2 2 2 2 2 2 2 2 2 2 2 2 2 2 2 2 2 2 2 2 2 2 2 2 2 2 2 2 2 2 2 2 2 2 2 2 2 2 2 2 2 2 2 2 2 2 2 2 2 2 2 2 2 2 2 2 2 2 2 2 2 2 2 2 2 2 2 2 2 2 2 2 2 2 2 2 2 2 2 2 2 2 2 2 2 2 2 2 2 2 2 2 2 2 2 2 2 2 2 2 2 2 2 2 2 2 2 2 2 2 2 2 2 2 2 2 2 2 2 2 2 2 2 2 2 2 2 2 2 2 2 2 2 2 2 2 2 2 2 2 2 2 2 2 2 2 2 2 2 2 2 2 2 2 2 2 2 2 2 2 2 2 2 2 2 2 2 2 2 2 2 2 2 2 2 2 2 2 2 2 2 2 2 2 2 2 2 2 2 2 2 2 2 2 2 2 2 2 2 2 2 2 2 2 2 2 2 2 2 2 2 2 2 2 2 2 2 2 2 2 2 2 2 2 2 2 2 2 2 2 2 2 2 2 2 2 2 2 2 2 2 2 2 2 2 2 2 2 2 2 2 2 2 2 2 2 2 2 2 2 2 2 2 2 2 2 2 2 2 2 2 2 2 2 2 2 2 2 2 2 2 2 2 2 2 2 2 2 2 2 2 2 2 2 2 2 2 2 2 2 2 2 2 2 2 2 2 2 2 2 2 2 2 2 2 2 2 2 2 2 2 2 2 2 2 2 2 2 2 2 2 2 2 2 2 2 2 2 2 2 2 2 2 2 2 2 2 2 2 2 2 2 2 2 2 2 2 2 2 2 2 2 2 2 2 2 2 2 2 2 2 2 2 2 2 2 2 2 2 2 2 2 2 2 2 2 2 2 2 2 2 2 2 2 2 2 2 2 2 2 2 2 2 2 2 2 2 2 2 2 2 2 2 2 2 2 2 2 2 2 2 2 2 2 2 2 2 2 2 2 2 2 2 2 2 2 2 2 2 2 2 2 2 2 2 2 2 2 2 2 2 2 2 2 2 2 2
-1 0 1 2 -2 -1 0 1 2 -2 -1 0 1 2 -2 -1 0 1 601 -2 -1 0 1 2 -2 -1 0 1 2 -2 -1 0 1 2 -2 -1 0 1 2 -2 -1 0 1 2 -2 -1 0 1 2 -2 -1 0 1 2 -2 -1 0 1 2 -2 -1 0 1 2 -2 -1 0 1 2 -2 -1 0 1 2 -2 -1 0 1 2 -2 -1 0 1 2 -2 -1 0 1 2 -2 -1 0 1 2 -2 -1 0 1 2 -2 -1 0 1 2 -2 -1 0 1 2 -2 -1 0 1 2 -2 -1 0 1 2 -2 -1 0 1 2 -2 -1 0 1 2 -2 -1 0 1 2 -2 -1 0 1 2 -2 -1 0 1 2 -2 -1 0 1 2 -2 -1 0 1 2 -2 -1 0 1 2 -2 -1 0 1 2 -2 -1 0 1 2 -2 -1 0 1 2 -2 -1 0 1 2 -2 -1 0 1 2 -2 -1 0 1 2 -2 -1 0 1 2 -2 -1 0 1 2 -2 -1 0 1 2 -2 -1 0 1 2 -2 -1 0 1 2 -2 -1 0 1 2 -2 -1 0 1 2 -2 -1 0 1 2 -2 -1 0 1 2 -2 -1 0 1 2 -2 -1 0 1 2 -2 -1 0 1 2 -2 -1 0 1 2 -2 -1 0 1 2 -2 -1 0 1 2 -2 -1 0 1 2 -2 -1 0 1 2 -2 -1 0 1 2 -2 -1 0 1 2 -2 -1 0 1 2 -2 -1 0 1 2 -2 -1 0 1 2 -2 -1 0 1 2 -2 -1 0 1 2 -2 -1 0 1 2 -2 -1 0 1 2 -2 -1 0 1 2 -2 -1 0 1 2 -2 -1 0 1 2 -2 -1 0 1 2 -2 -1 0 1 2 -2 -1 0 1 2 -2 -1 0 1 2 -2 -1 0 1 2 -2 -1 0 1 2 -2 -1 0 1 2 -2 -1 0 1 2 -2 -1 0 1 2 -2 -1 0 1 2 -2 -1 0 1 2 -2 -1 0 1 2 -2 -1 0 1 2 -2 -1 0 1 2 -2 -1 0 1 2 -2 -1 0 1 2 -2 -1 0 1 2 -2 -1 0 1 2 -2 -1 0 1 2 -2 -1 0 1 2 -2 -1 0 1 2 -2 -1 0 1 2 -2 -1 0 1 2 -2 -1 0 1 2 -2 -1 0 1 2 -2 -1 0 1 2 -2 -1 0 1 2 -2 -1 0 1 2 -2 -1 0 1 2 -2 -1 0 1 2 -2 -1 0 1 2 -2 -1 0 1 2 -2 -1 0 1 2 -2
1 -2 0 2 -1 1 -2 0 2 -1 1 -2 0 2 -1 1 -2 0 2 602 1 -2 0 2 -1 1 -2 0 2 -1 1 -2 0 2 -1 1 -2 0 2 -1 1 -2 0 2 -1 1 -2 0 2 -1 1 -2 0 2 -1 1 -2 0 2 -1 1 -2 0 2 -1 1 -2 0 2 -1 1 -2 0 2 -1 1 -2 0 2 -1 1 -2 0 2 -1 1 -2 0 2 -1 1 -2 0 2 -1 1 -2 0 2 -1 1 -2 0 2 -1 1 -2 0 2 -1 1 -2 0 2 -1 1 -2 0 2 -1 1 -2 0 2 -1 1 -2 0 2 -1 1 -2 0 2 -1 1 -2 0 2 -1 1 -2 0 2 -1 1 -2 0 2 -1 1 -2 0 2 -1 1 -2 0 2 -1 1 -2 0 2 -1 1 -2 0 2 -1 1 -2 0 2 -1 1 -2 0 2 -1 1 -2 0 2 -1 1 -2 0 2 -1 1 -2 0 2 -1 1 -2 0 2 -1 1 -2 0 2 -1 1 -2 0 2 -1 1 -2 0 2 -1 1 -2 0 2 -1 1 -2 0 2 -1 1 -2 0 2 -1 1 -2 0 2 -1 1 -2 0 2 -1 1 -2 0 2 -1 1 -2 0 2 -1 1 -2 0 2 -1 1 -2 0 2 -1 1 -2 0 2 -1 1 -2 0 2 -1 1 -2 0 2 -1 1 -2 0 2 -1 1 -2 0 2 -1 1 -2 0 2 -1 1 -2 0 2 -1 1 -2 0 2 -1 1 -2 0 2 -1 1 -2 0 2 -1 1 -2 0 2 -1 1 -2 0 2 -1 1 -2 0 2 -1 1 -2 0 2 -1 1 -2 0 2 -1 1 -2 0 2 -1 1 -2 0 2 -1 1 -2 0 2 -1 1 -2 0 2 -1 1 -2 0 2 -1 1 -2 0 2 -1 1 -2 0 2 -1 1 -2 0 2 -1 1 -2 0 2 -1 1 -2 0 2 -1 1 -2 0 2 -1 1 -2 0 2 -1 1 -2 0 2 -1 1 -2 0 2 -1 1 -2 0 2 -1 1 -2 0 2 -1 1 -2 0 2 -1 1 -2 0 2 -1 1 -2 0 2 -1 1 -2 0 2 -1 1 -2 0 2 -1 1 -2 0 2 -1 1 -2 0 2 -1 1 -2 0 2 -1 1 -2 0 2 -1 1 -2 0 2 -1 1 -2 0 2 -1 1 -2 0 2 -1 1 -2 0 2 -1 1 -2 0 2 -1 1 -2 0 2 -1 1 -2 0 2 -1 1 -2 0 2 -1
-2 1 -1 2 0 -2 1 -1 2 0 -2 1 -1 2 0 -2 1 -1 2 0 601 1 -1 2 0 -2 1 -1 2 0 -2 1 -1 2 0 -2 1 -1 2 0 -2 1 -1 2 0 -2 1 -1 2 0 -2 1 -1 2 0 -2 1 -1 2 0 -2 1 -1 2 0 -2 1 -1 2 0 -2 1 -1 2 0 -2 1 -1 2 0 -2 1 -1 2 0 -2 1 -1 2 0 -2 1 -1 2 0 -2 1 -1 2 0 -2 1 -1 2 0 -2 1 -1 2 0 -2 1 -1 2 0 -2 1 -1 2 0 -2 1 -1 2 0 -2 1 -1 2 0 -2 1 -1 2 0 -2 1 -1 2 0 -2 1 -1 2 0 -2 1 -1 2 0 -2 1 -1 2 0 -2 1 -1 2 0 -2 1 -1 2 0 -2 1 -1 2 0 -2 1 -1 2 0 -2 1 -1 2 0 -2 1 -1 2 0 -2 1 -1 2 0 -2 1 -1 2 0 -2 1 -1 2 0 -2 1 -1 2 0 -2 1 -1 2 0 -2 1 -1 2 0 -2 1 -1 2 0 -2 1 -1 2 0 -2 1 -1 2 0 -2 1 -1 2 0 -2 1 -1 2 0 -2 1 -1 2 0 -2 1 -1 2 0 -2 1 -1 2 0 -2 1 -1 2 0 -2 1 -1 2 0 -2 1 -1 2 0 -2 1 -1 2 0 -2 1 -1 2 0 -2 1 -1 2 0 -2 1 -1 2 0 -2 1 -1 2 0 -2 1 -1 2 0 -2 1 -1 2 0 -2 1 -1 2 0 -2 1 -1 2 0 -2 1 -1 2 0 -2 1 -1 2 0 -2 1 -1 2 0 -2 1 -1 2 0 -2 1 -1 2 0 -2 1 -1 2 0 -2 1 -1 2 0 -2 1 -1 2 0 -2 1 -1 2 0 -2 1 -1 2 0 -2 1 -1 2 0 -2 1 -1 2 0 -2 1 -1 2 0 -2 1 -1 2 0 -2 1 -1 2 0 -2 1 -1 2 0 -2 1 -1 2 0 -2 1 -1 2 0 -2 1 -1 2 0 -2 1 -1 2 0 -2 1 -1 2 0 -2 1 -1 2 0 -2 1 -1 2 0 -2 1 -1 2 0 -2 1 -1 2 0 -2 1 -1 2 0 -2 1 -1 2 0 -2 1 -1 2 0 -2 1 -1 2 0 -2 1 -1 2 0 -2 1 -1 2 0 -2 1 -1 2 0 -2 1 -1 2 0 -2 1 -1 2 0 -2 1 -1 2 0 -2 1 -1 2 0 -2 1 -1 2 0
0 -1 -2 2 1 0 -1 -2 2 1 0 -1 -2 2 1 0 -1 -2 2 1 0 602 -2 2 1 0 -1 -2 2 1 0 -1 -2 2 1 0 -1 -2 2 1 0 -1 -2 2 1 0 -1 -2 2 1 0 -1 -2 2 1 0 -1 -2 2 1 0 -1 -2 2 1 0 -1 -2 2 1 0 -1 -2 2 1 0 -1 -2 2 1 0 -1 -2 2 1 0 -1 -2 2 1 0 -1 -2 2 1 0 -1 -2 2 1 0 -1 -2 2 1 0 -1 -2 2 1 0 -1 -2 2 1 0 -1 -2 2 1 0 -1 -2 2 1 0 -1 -2 2 1 0 -1 -2 2 1 0 -1 -2 2 1 0 -1 -2 2 1 0 -1 -2 2 1 0 -1 -2 2 1 0 -1 -2 2 1 0 -1 -2 2 1 0 -1 -2 2 1 0 -1 -2 2 1 0 -1 -2 2 1 0 -1 -2 2 1 0 -1 -2 2 1 0 -1 -2 2 1 0 -1 -2 2 1 0 -1 -2 2 1 0 -1 -2 2 1 0 -1 -2 2 1 0 -1 -2 2 1 0 -1 -2 2 1 0 -1 -2 2 1 0 -1 -2 2 1 0 -1 -2 2 1 0 -1 -2 2 1 0 -1 -2 2 1 0 -1 -2 2 1 0 -1 -2 2 1 0 -1 -2 2 1 0 -1 -2 2 1 0 -1 -2 2 1 0 -1 -2 2 1 0 -1 -2 2 1 0 -1 -2 2 1 0 -1 -2 2 1 0 -1 -2 2 1 0 -1 -2 2 1 0 -1 -2 2 1 0 -1 -2 2 1 0 -1 -2 2 1 0 -1 -2 2 1 0 -1 -2 2 1 0 -1 -2 2 1 0 -1 -2 2 1 0 -1 -2 2 1 0 -1 -2 2 1 0 -1 -2 2 1 0 -1 -2 2 1 0 -1 -2 2 1 0 -1 -2 2 1 0 -1 -2 2 1 0 -1 -2 2 1 0 -1 -2 2 1 0 -1 -2 2 1 0 -1 -2 2 1 0 -1 -2 2 1 0 -1 -2 2 1 0 -1 -2 2 1 0 -1 -2 2 1 0 -1 -2 2 1 0 -1 -2 2 1 0 -1 -2 2 1 0 -1 -2 2 1 0 -1 -2 2 1 0 -1 -2 2 1 0 -1 -2 2 1 0 -1 -2 2 1 0 -1 -2 2 1 0 -1 -2 2 1 0 -1 -2 2 1 0 -1 -2 2 1 0 -1 -2 2 1 0 -1 -2 2 1 0 -1 -2 2 1 0 -1 -2 2 1 0 -1 -2 2 1
2 2 2 2 2 2 2 2 2 2 2 2 2 2 2 2 2 2 2 2 2 2 1001 2 2 2 2 2 2 2 2 2 2 2 2 2 2 2 2 2 2 2 2 2 2 2 2 2 2 2 2 2 2 2 2 2 2 2 2 2 2 2 2 2 2 2 2 2 2 2 2 2 2 2 2 2 2 2 2 2 2 2 2 2 2 2 2 2 2 2 2 2 2 2 2 2 2 2 2 2 2 2 2 2 2 2 2 2 2 2 2 2 2 2 2 2 2 2 2 2 2 2 2 2 2 2 2 2 2 2 2 2 2 2 2 2 2 2 2 2 2 2 2 2 2 2 2 2 2 2 2 2 2 2 2 2 2 2 2 2 2 2 2 2 2 2 2 2 2 2 2 2 2 2 2 2 2 2 2 2 2 2 2 2 2 2 2 2 2 2 2 2 2 2 2 2 2 2 2 2 2 2 2 2 2 2 2 2 2 2 2 2 2 2 2 2 2 2 2 2 2 2 2 2 2 2 2 2 2 2 2 2 2 2 2 2 2 2 2 2 2 2 2 2 2 2 2 2 2 2 2 2 2 2 2 2 2 2 2 2 2 2 2 2 2 2 2 2 2 2 2 2 2 2 2 2 2 2 2 2 2 2 2 2 2 2 2 2 2 2 2 2 2 2 2 2 2 2 2 2 2 2 2 2 2 2 2 2 2 2 2 2 2 2 2 2 2 2 2 2 2 2 2 2 2 2 2 2 2 2 2 2 2 2 2 2 2 2 2 2 2 2 2 2 2 2 2 2 2 2 2 2 2 2 2 2 2 2 2 2 2 2 2 2 2 2 2 2 2 2 2 2 2 2 2 2 2 2 2 2 2 2 2 2 2 2 2 2 2 2 2 2 2 2 2 2 2 2 2 2 2 2 2 2 2 2 2 2 2 2 2 2 2 2 2 2 2 2 2 2 2 2 2 2 2 2 2 2 2 2 2 2 2 2 2 2 2 2 2 2 2 2 2 2 2 2 2 2 2 2 2 2 2 2 2 2 2 2 2 2 2 2 2 2 2 2 2 2 2 2 2 2 2 2 2 2 2 2 2 2 2 2 2 2 2 2 2 2 2 2 2 2 2 2 2 2 2 2 2 2
-1 0 1 2 -2 -1 0 1 2 -2 -1 0 1 2 -2 -1 0 1 2 -2 -1 0 1 601 -2 -1 0 1 2 -2 -1 0 1 2 -2 -1 0 1 2 -2 -1 0 1 2 -2 -1 0 1 2 -2 -1 0 1 2 -2 -1 0 1 2 -2 -1 0 1 2 -2 -1 0 1 2 -2 -1 0 1 2 -2 -1 0 1 2 -2 -1 0 1 2 -2 -1 0 1 2 -2 -1 0 1 2 -2 -1 0 1 2 -2 -1 0 1 2 -2 -1 0 1 2 -2 -1 0 1 2 -2 -1 0 1 2 -2 -1 0 1 2 -2 -1 0 1 2 -2 -1 0 1 2 -2 -1 0 1 2 -2 -1 0 1 2 -2 -1 0 1 2 -2 -1 0 1 2 -2 -1 0 1 2 -2 -1 0 1 2 -2 -1 0 1 2 -2 -1 0 1 2 -2 -1 0 1 2 -2 -1 0 1 2 -2 -1 0 1 2 -2 -1 0 1 2 -2 -1 0 1 2 -2 -1 0 1 2 -2 -1 0 1 2 -2 -1 0 1 2 -2 -1 0 1 2 -2 -1 0 1 2 -2 -1 0 1 2 -2 -1 0 1 2 -2 -1 0 1 2 -2 -1 0 1 2 -2 -1 0 1 2 -2 -1 0 1 2 -2 -1 0 1 2 -2 -1 0 1 2 -2 -1 0 1 2 -2 -1 0 1 2 -2 -1 0 1 2 -2 -1 0 1 2 -2 -1 0 1 2 -2 -1 0 1 2 -2 -1 0 1 2 -2 -1 0 1 2 -2 -1 0 1 2 -2 -1 0 1 2 -2 -1 0 1 2 -2 -1 0 1 2 -2 -1 0 1 2 -2 -1 0 1 2 -2 -1 0 1 2 -2 -1 0 1 2 -2 -1 0 1 2 -2 -1 0 1 2 -2 -1 0 1 2 -2 -1 0 1 2 -2 -1 0 1 2 -2 -1 0 1 2 -2 -1 0 1 2 -2 -1 0 1 2 -2 -1 0 1 2 -2 -1 0 1 2 -2 -1 0 1 2 -2 -1 0 1 2 -2 -1 0 1 2 -2 -1 0 1 2 -2 -1 0 1 2 -2 -1 0 1 2 -2 -1 0 1 2 -2 -1 0 1 2 -2 -1 0 1 2 -2 -1 0 1 2 -2 -1 0 1 2 -2 -1 0 1 2 -2 -1 0 1 2 -2 -1 0 1 2 -2 -1 0 1 2 -2 -1 0 1 2 -2 -1 0 1 2 -2 -1 0 1 2 -2 -1 0 1 2 -2 -1 0 1 2 -2 -1 0 1 2 -2
1 -2 0 2 -1 1 -2 0 2 -1 1 -2 0 2 -1 1 -2 0 2 -1 1 -2 0 2 602 1 -2 0 2 -1 1 -2 0 2 -1 1 -2 0 2 -1 1 -2 0 2 -1 1 -2 0 2 -1 1 -2 0 2 -1 1 -2 0 2 -1 1 -2 0 2 -1 1 -2 0 2 -1 1 -2 0 2 -1 1 -2 0 2 -1 1 -2 0 2 -1 1 -2 0 2 -1 1 -2 0 2 -1 1 -2 0 2 -1 1 -2 0 2 -1 1 -2 0 2 -1 1 -2 0 2 -1 1 -2 0 2 -1 1 -2 0 2 -1 1 -2 0 2 -1 1 -2 0 2 -1 1 -2 0 2 -1 1 -2 0 2 -1 1 -2 0 2 -1 1 -2 0 2 -1 1 -2 0 2 -1 1 -2 0 2 -1 1 -2 0 2 -1 1 -2 0 2 -1 1 -2 0 2 -1 1 -2 0 2 -1 1 -2 0 2 -1 1 -2 0 2 -1 1 -2 0 2 -1 1 -2 0 2 -1 1 -2 0 2 -1 1 -2 0 2 -1 1 -2 0 2 -1 1 -2 0 2 -1 1 -2 0 2 -1 1 -2 0 2 -1 1 -2 0 2 -1 1 -2 0 2 -1 1 -2 0 2 -1 1 -2 0 2 -1 1 -2 0 2 -1 1 -2 0 2 -1 1 -2 0 2 -1 1 -2 0 2 -1 1 -2 0 2 -1 1 -2 0 2 -1 1 -2 0 2 -1 1 -2 0 2 -1 1 -2 0 2 -1 1 -2 0 2 -1 1 -2 0 2 -1 1 -2 0 2 -1 1 -2 0 2 -1 1 -2 0 2 -1 1 -2 0 2 -1 1 -2 0 2 -1 1 -2 0 2 -1 1 -2 0 2 -1 1 -2 0 2 -1 1 -2 0 2 -1 1 -2 0 2 -1 1 -2 0 2 -1 1 -2 0 2 -1 1 -2 0 2 -1 1 -2 0 2 -1 1 -2 0 2 -1 1 -2 0 2 -1 1 -2 0 2 -1 1 -2 0 2 -1 1 -2 0 2 -1 1 -2 0 2 -1 1 -2 0 2 -1 1 -2 0 2 -1 1 -2 0 2 -1 1 -2 0 2 -1 1 -2 0 2 -1 1 -2 0 2 -1 1 -2 0 2 -1 1 -2 0 2 -1 1 -2 0 2 -1 1 -2 0 2 -1 1 -2 0 2 -1 1 -2 0 2 -1 1 -2 0 2 -1 1 -2 0 2 -1 1 -2 0 2 -1 1 -2 0 2 -1 1 -2 0 2 -1 1 -2 0 2 -1
-2 1 -1 2 0 -2 1 -1 2 0 -2 1 -1 2 0 -2 1 -1 2 0 -2 1 -1 2 0 601 1 -1 2 0 -2 1 -1 2 0 -2 1 -1 2 0 -2 1 -1 2 0 -2 1 -1 2 0 -2 1 -1 2 0 -2 1 -1 2 0 -2 1 -1 2 0 -2 1 -1 2 0 -2 1 -1 2 0 -2 1 -1 2 0 -2 1 -1 2 0 -2 1 -1 2 0 -2 1 -1 2 0 -2 1 -1 2 0 -2 1 -1 2 0 -2 1 -1 2 0 -2 1 -1 2 0 -2 1 -1 2 0 -2 1 -1 2 0 -2 1 -1 2 0 -2 1 -1 2 0 -2 1 -1 2 0 -2 1 -1 2 0 -2 1 -1 2 0 -2 1 -1 2 0 -2 1 -1 2 0 -2 1 -1 2 0 -2 1 -1 2 0 -2 1 -1 2 0 -2 1 -1 2 0 -2 1 -1 2 0 -2 1 -1 2 0 -2 1 -1 2 0 -2 1 -1 2 0 -2 1 -1 2 0 -2 1 -1 2 0 -2 1 -1 2 0 -2 1 -1 2 0 -2 1 -1 2 0 -2 1 -1 2 0 -2 1 -1 2 0 -2 1 -1 2 0 -2 1 -1 2 0 -2 1 -1 2 0 -2 1 -1 2 0 -2 1 -1 2 0 -2 1 -1 2 0 -2 1 -1 2 0 -2 1 -1 2 0 -2 1 -1 2 0 -2 1 -1 2 0 -2 1 -1 2 0 -2 1 -1 2 0 -2 1 -1 2 0 -2 1 -1 2 0 -2 1 -1 2 0 -2 1 -1 2 0 -2 1 -1 2 0 -2 1 -1 2 0 -2 1 -1 2 0 -2 1 -1 2 0 -2 1 -1 2 0 -2 1 -1 2 0 -2 1 -1 2 0 -2 1 -1 2 0 -2 1 -1 2 0 -2 1 -1 2 0 -2 1 -1 2 0 -2 1 -1 2 0 -2 1 -1 2 0 -2 1 -1 2 0 -2 1 -1 2 0 -2 1 -1 2 0 -2 1 -1 2 0 -2 1 -1 2 0 -2 1 -1 2 0 -2 1 -1 2 0 -2 1 -1 2 0 -2 1 -1 2 0 -2 1 -1 2 0 -2 1 -1 2 0 -2 1 -1 2 0 -2 1 -1 2 0 -2 1 -1 2 0 -2 1 -1 2 0 -2 1 -1 2 0 -2 1 -1 2 0 -2 1 -1 2 0 -2 1 -1 2 0 -2 1 -1 2 0 -2 1 -1 2 0 -2 1 -1 2 0 -2 1 -1 2 0 -2 1 -1 2 0
0 -1 -2 2 1 0 -1 -2 2 1 0 -1 -2 2 1 0 -1 -2 2 1 0 -1 -2 2 1 0 602 -2 2 1 0 -1 -2 2 1 0 -1 -2 2 1 0 -1 -2 2 1 0 -1 -2 2 1 0 -1 -2 2 1 0 -1 -2 2 1 0 -1 -2 2 1 0 -1 -2 2 1 0 -1 -2 2 1 0 -1 -2 2 1 0 -1 -2 2 1 0 -1 -2 2 1 0 -1 -2 2 1 0 -1 -2 2 1 0 -1 -2 2 1 0 -1 -2 2 1 0 -1 -2 2 1 0 -1 -2 2 1 0 -1 -2 2 1 0 -1 -2 2 1 0 -1 -2 2 1 0 -1 -2 2 1 0 -1 -2 2 1 0 -1 -2 2 1 0 -1 -2 2 1 0 -1 -2 2 1 0 -1 -2 2 1 0 -1 -2 2 1 0 -1 -2 2 1 0 -1 -2 2 1 0 -1 -2 2 1 0 -1 -2 2 1 0 -1 -2 2 1 0 -1 -2 2 1 0 -1 -2 2 1 0 -1 -2 2 1 0 -1 -2 2 1 0 -1 -2 2 1 0 -1 -2 2 1 0 -1 -2 2 1 0 -1 -2 2 1 0 -1 -2 2 1 0 -1 -2 2 1 0 -1 -2 2 1 0 -1 -2 2 1 0 -1 -2 2 1 0 -1 -2 2 1 0 -1 -2 2 1 0 -1 -2 2 1 0 -1 -2 2 1 0 -1 -2 2 1 0 -1 -2 2 1 0 -1 -2 2 1 0 -1 -2 2 1 0 -1 -2 2 1 0 -1 -2 2 1 0 -1 -2 2 1 0 -1 -2 2 1 0 -1 -2 2 1 0 -1 -2 2 1 0 -1 -2 2 1 0 -1 -2 2 1 0 -1 -2 2 1 0 -1 -2 2 1 0 -1 -2 2 1 0 -1 -2 2 1 0 -1 -2 2 1 0 -1 -2 2 1 0 -1 -2 2 1 0 -1 -2 2 1 0 -1 -2 2 1 0 -1 -2 2 1 0 -1 -2 2 1 0 -1 -2 2 1 0 -1 -2 2 1 0 -1 -2 2 1 0 -1 -2 2 1 0 -1 -2 2 1 0 -1 -2 2 1 0 -1 -2 2 1 0 -1 -2 2 1 0 -1 -2 2 1 0 -1 -2 2 1 0 -1 -2 2 1 0 -1 -2 2 1 0 -1 -2 2 1 0 -1 -2 2 1 0 -1 -2 2 1 0 -1 -2 2 1 0 -1 -2 2 1 0 -1 -2 2 1 0 -1 -2 2 1 0 -1 -2 2 1 0 -1 -2 2 1
2 2 2 2 2 2 2 2 2 2 2 2 2 2 2 2 2 2 2 2 2 2 2 2 2 2 2 1001 2 2 2 2 2 2 2 2 2 2 2 2 2 2 2 2 2 2 2 2 2 2 2 2 2 2 2 2 2 2 2 2 2 2 2 2 2 2 2 2 2 2 2 2 2 2 2 2 2 2 2 2 2 2 2 2 2 2 2 2 2 2 2 2 2 2 2 2 2 2 2 2 2 2 2 2 2 2 2 2 2 2 2 2 2 2 2 2 2 2 2 2 2 2 2 2 2 2 2 2 2 2 2 2 2 2 2 2 2 2 2 2 2 2 2 2 2 2 2 2 2 2 2 2 2 2 2 2 2 2 2 2 2 2 2 2 2 2 2 2 2 2 2 2 2 2 2 2 2 2 2 2 2 2 2 2 2 2 2 2 2 2 2 2 2 2 2 2 2 2 2 2 2 2 2 2 2 2 2 2 2 2 2 2 2 2 2 2 2 2 2 2 2 2 2 2 2 2 2 2 2 2 2 2 2 2 2 2 2 2 2 2 2 2 2 2 2 2 2 2 2 2 2 2 2 2 2 2 2 2 2 2 2 2 2 2 2 2 2 2 2 2 2 2 2 2 2 2 2 2 2 2 2 2 2 2 2 2 2 2 2 2 2 2 2 2 2 2 2 2 2 2 2 2 2 2 2 2 2 2 2 2 2 2 2 2 2 2 2 2 2 2 2 2 2 2 2 2 2 2 2 2 2 2 2 2 2 2 2 2 2 2 2 2 2 2 2 2 2 2 2 2 2 2 2 2 2 2 2 2 2 2 2 2 2 2 2 2 2 2 2 2 2 2 2 2 2 2 2 2 2 2 2 2 2 2 2 2 2 2 2 2 2 2 2 2 2 2 2 2 2 2 2 2 2 2 2 2 2 2 2 2 2 2 2 2 2 2 2 2 2 2 2 2 2 2 2 2 2 2 2 2 2 2 2 2 2 2 2 2 2 2 2 2 2 2 2 2 2 2 2 2 2 2 2 2 2 2 2 2 2 2 2 2 2 2 2 2 2 2 2 2 2 2 2 2 2 2 2 2 2 2 2 2 2 2 2 2 2 2 2 2 2 2 2 2 2 2 2 2 2 2
-1 0 1 2 -2 -1 0 1 2 -2 -1 0 1 2 -2 -1 0 1 2 -2 -1 0 1 2 -2 -1 0 1 601 -2 -1 0 1 2 -2 -1 0 1 2 -2 -1 0 1 2 -2 -1 0 1 2 -2 -1 0 1 2 -2 -1 0 1 2 -2 -1 0 1 2 -2 -1 0 1 2 -2 -1 0 1 2 -2 -1 0 1 2 -2 -1 0 1 2 -2 -1 0 1 2 -2 -1 0 1 2 -2 -1 0 1 2 -2 -1 0 1 2 -2 -1 0 1 2 -2 -1 0 1 2 -2 -1 0 1 2 -2 -1 0 1 2 -2 -1 0 1 2 -2 -1 0 1 2 -2 -1 0 1 2 -2 -1 0 1 2 -2 -1 0 1 2 -2 -1 0 1 2 -2 -1 0 1 2 -2 -1 0 1 2 -2 -1 0 1 2 -2 -1 0 1 2 -2 -1 0 1 2 -2 -1 0 1 2 -2 -1 0 1 2 -2 -1 0 1 2 -2 -1 0 1 2 -2 -1 0 1 2 -2 -1 0 1 2 -2 -1 0 1 2 -2 -1 0 1 2 -2 -1 0 1 2 -2 -1 0 1 2 -2 -1 0 1 2 -2 -1 0 1 2 -2 -1 0 1 2 -2 -1 0 1 2 -2 -1 0 1 2 -2 -1 0 1 2 -2 -1 0 1 2 -2 -1 0 1 2 -2 -1 0 1 2 -2 -1 0 1 2 -2 -1 0 1 2 -2 -1 0 1 2 -2 -1 0 1 2 -2 -1 0 1 2 -2 -1 0 1 2 -2 -1 0 1 2 -2 -1 0 1 2 -2 -1 0 1 2 -2 -1 0 1 2 -2 -1 0 1 2 -2 -1 0 1 2 -2 -1 0 1 2 -2 -1 0 1 2 -2 -1 0 1 2 -2 -1 0 1 2 -2 -1 0 1 2 -2 -1 0 1 2 -2 -1 0 1 2 -2 -1 0 1 2 -2 -1 0 1 2 -2 -1 0 1 2 -2 -1 0 1 2 -2 -1 0 1 2 -2 -1 0 1 2 -2 -1 0 1 2 -2 -1 0 1 2 -2 -1 0 1 2 -2 -1 0 1 2 -2 -1 0 1 2 -2 -1 0 1 2 -2 -1 0 1 2 -2 -1 0 1 2 -2 -1 0 1 2 -2 -1 0 1 2 -2 -1 0 1 2 -2 -1 0 1 2 -2 -1 0 1 2 -2 -1 0 1 2 -2 -1 0 1 2 -2 -1 0 1 2 -2 -1 0 1 2 -2 -1 0 1 2 -2 -1 0 1 2 -2 -1 0 1 2 -2
1 -2 0 2 -1 1 -2 0 2 -1 1 -2 0 2 -1 1 -2 0 2 -1 1 -2 0 2 -1 1 -2 0 2 602 1 -2 0 2 -1 1 -2 0 2 -1 1 -2 0 2 -1 1 -2 0 2 -1 1 -2 0 2 -1 1 -2 0 2 -1 1 -2 0 2 -1 1 -2 0 2 -1 1 -2 0 2 -1 1 -2 0 2 -1 1 -2 0 2 -1 1 -2 0 2 -1 1 -2 0 2 -1 1 -2 0 2 -1 1 -2 0 2 -1 1 -2 0 2 -1 1 -2 0 2 -1 1 -2 0 2 -1 1 -2 0 2 -1 1 -2 0 2 -1 1 -2 0 2 -1 1 -2 0 2 -1 1 -2 0 2 -1 1 -2 0 2 -1 1 -2 0 2 -1 1 -2 0 2 -1 1 -2 0 2 -1 1 -2 0 2 -1 1 -2 0 2 -1 1 -2 0 2 -1 1 -2 0 2 -1 1 -2 0 2 -1 1 -2 0 2 -1 1 -2 0 2 -1 1 -2 0 2 -1 1 -2 0 2 -1 1 -2 0 2 -1 1 -2 0 2 -1 1 -2 0 2 -1 1 -2 0 2 -1 1 -2 0 2 -1 1 -2 0 2 -1 1 -2 0 2 -1 1 -2 0 2 -1 1 -2 0 2 -1 1 -2 0 2 -1 1 -2 0 2 -1 1 -2 0 2 -1 1 -2 0 2 -1 1 -2 0 2 -1 1 -2 0 2 -1 1 -2 0 2 -1 1 -2 0 2 -1 1 -2 0 2 -1 1 -2 0 2 -1 1 -2 0 2 -1 1 -2 0 2 -1 1 -2 0 2 -1 1 -2 0 2 -1 1 -2 0 2 -1 1 -2 0 2 -1 1 -2 0 2 -1 1 -2 0 2 -1 1 -2 0 2 -1 1 -2 0 2 -1 1 -2 0 2 -1 1 -2 0 2 -1 1 -2 0 2 -1 1 -2 0 2 -1 1 -2 0 2 -1 1 -2 0 2 -1 1 -2 0 2 -1 1 -2 0 2 -1 1 -2 0 2 -1 1 -2 0 2 -1 1 -2 0 2 -1 1 -2 0 2 -1 1 -2 0 2 -1 1 -2 0 2 -1 1 -2 0 2 -1 1 -2 0 2 -1 1 -2 0 2 -1 1 -2 0 2 -1 1 -2 0 2 -1 1 -2 0 2 -1 1 -2 0 2 -1 1 -2 0 2 -1 1 -2 0 2 -1 1 -2 0 2 -1 1 -2 0 2 -1 1 -2 0 2 -1 1 -2 0 2 -1 1 -2 0 2 -1 1 -2 0 2 -1
-2 1 -1 2 0 -2 1 -1 2 0 -2 1 -1 2 0 -2 1 -1 2 0 -2 1 -1 2 0 -2 1 -1 2 0 601 1 -1 2 0 -2 1 -1 2 0 -2 1 -1 2 0 -2 1 -1 2 0 -2 1 -1 2 0 -2 1 -1 2 0 -2 1 -1 2 0 -2 1 -1 2 0 -2 1 -1 2 0 -2 1 -1 2 0 -2 1 -1 2 0 -2 1 -1 2 0 -2 1 -1 2 0 -2 1 -1 2 0 -2 1 -1 2 0 -2 1 -1 2 0 -2 1 -1 2 0 -2 1 -1 2 0 -2 1 -1 2 0 -2 1 -1 2 0 -2 1 -1 2 0 -2 1 -1 2 0 -2 1 -1 2 0 -2 1 -1 2 0 -2 1 -1 2 0 -2 1 -1 2 0 -2 1 -1 2 0 -2 1 -1 2 0 -2 1 -1 2 0 -2 1 -1 2 0 -2 1 -1 2 0 -2 1 -1 2 0 -2 1 -1 2 0 -2 1 -1 2 0 -2 1 -1 2 0 -2 1 -1 2 0 -2 1 -1 2 0 -2 1 -1 2 0 -2 1 -1 2 0 -2 1 -1 2 0 -2 1 -1 2 0 -2 1 -1 2 0 -2 1 -1 2 0 -2 1 -1 2 0 -2 1 -1 2 0 -2 1 -1 2 0 -2 1 -1 2 0 -2 1 -1 2 0 -2 1 -1 2 0 -2 1 -1 2 0 -2 1 -1 2 0 -2 1 -1 2 0 -2 1 -1 2 0 -2 1 -1 2 0 -2 1 -1 2 0 -2 1 -1 2 0 -2 1 -1 2 0 -2 1 -1 2 0 -2 1 -1 2 0 -2 1 -1 2 0 -2 1 -1 2 0 -2 1 -1 2 0 -2 1 -1 2 0 -2 1 -1 2 0 -2 1 -1 2 0 -2 1 -1 2 0 -2 1 -1 2 0 -2 1 -1 2 0 -2 1 -1 2 0 -2 1 -1 2 0 -2 1 -1 2 0 -2 1 -1 2 0 -2 1 -1 2 0 -2 1 -1 2 0 -2 1 -1 2 0 -2 1 -1 2 0 -2 1 -1 2 0 -2 1 -1 2 0 -2 1 -1 2 0 -2 1 -1 2 0 -2 1 -1 2 0 -2 1 -1 2 0 -2 1 -1 2 0 -2 1 -1 2 0 -2 1 -1 2 0 -2 1 -1 2 0 -2 1 -1 2 0 -2 1 -1 2 0 -2 1 -1 2 0 -2 1 -1 2 0 -2 1 -1 2 0 -2 1 -1 2 0 -2 1 -1 2 0 -2 1 -1 2 0
0 -1 -2 2 1 0 -1 -2 2 1 0 -1 -2 2 1 0 -1 -2 2 1 0 -1 -2 2 1 0 -1 -2 2 1 0 602 -2 2 1 0 -1 -2 2 1 0 -1 -2 2 1 0 -1 -2 2 1 0 -1 -2 2 1 0 -1 -2 2 1 0 -1 -2 2 1 0 -1 -2 2 1 0 -1 -2 2 1 0 -1 -2 2 1 0 -1 -2 2 1 0 -1 -2 2 1 0 -1 -2 2 1 0 -1 -2 2 1 0 -1 -2 2 1 0 -1 -2 2 1 0 -1 -2 2 1 0 -1 -2 2 1 0 -1 -2 2 1 0 -1 -2 2 1 0 -1 -2 2 1 0 -1 -2 2 1 0 -1 -2 2 1 0 -1 -2 2 1 0 -1 -2 2 1 0 -1 -2 2 1 0 -1 -2 2 1 0 -1 -2 2 1 0 -1 -2 2 1 0 -1 -2 2 1 0 -1 -2 2 1 0 -1 -2 2 1 0 -1 -2 2 1 0 -1 -2 2 1 0 -1 -2 2 1 0 -1 -2 2 1 0 -1 -2 2 1 0 -1 -2 2 1 0 -1 -2 2 1 0 -1 -2 2 1 0 -1 -2 2 1 0 -1 -2 2 1 0 -1 -2 2 1 0 -1 -2 2 1 0 -1 -2 2 1 0 -1 -2 2 1 0 -1 -2 2 1 0 -1 -2 2 1 0 -1 -2 2 1 0 -1 -2 2 1 0 -1 -2 2 1 0 -1 -2 2 1 0 -1 -2 2 1 0 -1 -2 2 1 0 -1 -2 2 1 0 -1 -2 2 1 0 -1 -2 2 1 0 -1 -2 2 1 0 -1 -2 2 1 0 -1 -2 2 1 0 -1 -2 2 1 0 -1 -2 2 1 0 -1 -2 2 1 0 -1 -2 2 1 0 -1 -2 2 1 0 -1 -2 2 1 0 -1 -2 2 1 0 -1 -2 2 1 0 -1 -2 2 1 0 -1 -2 2 1 0 -1 -2 2 1 0 -1 -2 2 1 0 -1 -2 2 1 0 -1 -2 2 1 0 -1 -2 2 1 0 -1 -2 2 1 0 -1 -2 2 1 0 -1 -2 2 1 0 -1 -2 2 1 0 -1 -2 2 1 0 -1 -2 2 1 0 -1 -2 2 1 0 -1 -2 2 1 0 -1 -2 2 1 0 -1 -2 2 1 0 -1 -2 2 1 0 -1 -2 2 1 0 -1 -2 2 1 0 -1 -2 2 1 0 -1 -2 2 1 0 -1 -2 2 1 0 -1 -2 2 1 0 -1 -2 2 1 0 -1 -2 2 1
2 2 2 2 2 2 2 2 2 2 2 2 2 2 2 2 2 2 2 2 2 2 2 2 2 2 2 2 2 2 2 2 1001 2 2 2 2 2 2 2 2 2 2 2 2 2 2 2 2 2 2 2 2 2 2 2 2 2 2 2 2 2 2 2 2 2 2 2 2 2 2 2 2 2 2 2 2 2 2 2 2 2 2 2 2 2 2 2 2 2 2 2 2 2 2 2 2 2 2 2 2 2 2 2 2 2 2 2 2 2 2 2 2 2 2 2 2 2 2 2 2 2 2 2 2 2 2 2 2 2 2 2 2 2 2 2 2 2 2 2 2 2 2 2 2 2 2 2 2 2 2 2 2 2 2 2 2 2 2 2 2 2 2 2 2 2 2 2 2 2 2 2 2 2 2 2 2 2 2 2 2 2 2 2 2 2 2 2 2 2 2 2 2 2 2 2 2 2 2 2 2 2 2 2 2 2 2 2 2 2 2 2 2 2 2 2 2 2 2 2 2 2 2 2 2 2 2 2 2 2 2 2 2 2 2 2 2 2 2 2 2 2 2 2 2 2 2 2 2 2 2 2 2 2 2 2 2 2 2 2 2 2 2 2 2 2 2 2 2 2 2 2 2 2 2 2 2 2 2 2 2 2 2 2 2 2 2 2 2 2 2 2 2 2 2 2 2 2 2 2 2 2 2 2 2 2 2 2 2 2 2 2 2 2 2 2 2 2 2 2 2 2 2 2 2 2 2 2 2 2 2 2 2 2 2 2 2 2 2 2 2 2 2 2 2 2 2 2 2 2 2 2 2 2 2 2 2 2 2 2 2 2 2 2 2 2 2 2 2 2 2 2 2 2 2 2 2 2 2 2 2 2 2 2 2 2 2 2 2 2 2 2 2 2 2 2 2 2 2 2 2 2 2 2 2 2 2 2 2 2 2 2 2 2 2 2 2 2 2 2 2 2 2 2 2 2 2 2 2 2 2 2 2 2 2 2 2 2 2 2 2 2 2 2 2 2 2 2 2 2 2 2 2 2 2 2 2 2 2 2 2 2 2 2 2 2 2 2 2 2 2 2 2 2 2 2 2 2 2 2 2 2 2 2 2 2 2 2 2 2 2 2 2 2 2 2 2 2 2 2
-1 0 1 2 -2 -1 0 1 2 -2 -1 0 1 2 -2 -1 0 1 2 -2 -1 0 1 2 -2 -1 0 1 2 -2 -1 0 1 601 -2 -1 0 1 2 -2 -1 0 1 2 -2 -1 0 1 2 -2 -1 0 1 2 -2 -1 0 1 2 -2 -1 0 1 2 -2 -1 0 1 2 -2 -1 0 1 2 -2 -1 0 1 2 -2 -1 0 1 2 -2 -1 0 1 2 -2 -1 0 1 2 -2 -1 0 1 2 -2 -1 0 1 2 -2 -1 0 1 2 -2 -1 0 1 2 -2 -1 0 1 2 -2 -1 0 1 2 -2 -1 0 1 2 -2 -1 0 1 2 -2 -1 0 1 2 -2 -1 0 1 2 -2 -1 0 1 2 -2 -1 0 1 2 -2 -1 0 1 2 -2 -1 0 1 2 -2 -1 0 1 2 -2 -1 0 1 2 -2 -1 0 1 2 -2 -1 0 1 2 -2 -1 0 1 2 -2 -1 0 1 2 -2 -1 0 1 2 -2 -1 0 1 2 -2 -1 0 1 2 -2 -1 0 1 2 -2 -1 0 1 2 -2 -1 0 1 2 -2 -1 0 1 2 -2 -1 0 1 2 -2 -1 0 1 2 -2 -1 0 1 2 -2 -1 0 1 2 -2 -1 0 1 2 -2 -1 0 1 2 -2 -1 0 1 2 -2 -1 0 1 2 -2 -1 0 1 2 -2 -1 0 1 2 -2 -1 0 1 2 -2 -1 0 1 2 -2 -1 0 1 2 -2 -1 0 1 2 -2 -1 0 1 2 -2 -1 0 1 2 -2 -1 0 1 2 -2 -1 0 1 2 -2 -1 0 1 2 -2 -1 0 1 2 -2 -1 0 1 2 -2 -1 0 1 2 -2 -1 0 1 2 -2 -1 0 1 2 -2 -1 0 1 2 -2 -1 0 1 2 -2 -1 0 1 2 -2 -1 0 1 2 -2 -1 0 1 2 -2 -1 0 1 2 -2 -1 0 1 2 -2 -1 0 1 2 -2 -1 0 1 2 -2 -1 0 1 2 -2 -1 0 1 2 -2 -1 0 1 2 -2 -1 0 1 2 -2 -1 0 1 2 -2 -1 0 1 2 -2 -1 0 1 2 -2 -1 0 1 2 -2 -1 0 1 2 -2 -1 0 1 2 -2 -1 0 1 2 -2 -1 0 1 2 -2 -1 0 1 2 -2 -1 0 1 2 -2 -1 0 1 2 -2 -1 0 1 2 -2 -1 0 1 2 -2 -1 0 1 2 -2 -1 0 1 2 -2 -1 0 1 2 -2 -1 0 1 2 -2
1 -2 0 2 -1 1 -2 0 2 -1 1 -2 0 2 -1 1 -2 0 2 -1 1 -2 0 2 -1 1 -2 0 2 -1 1 -2 0 2 602 1 -2 0 2 -1 1 -2 0 2 -1 1 -2 0 2 -1 1 -2 0 2 -1 1 -2 0 2 -1 1 -2 0 2 -1 1 -2 0 2 -1 1 -2 0 2 -1 1 -2 0 2 -1 1 -2 0 2 -1 1 -2 0 2 -1 1 -2 0 2 -1 1 -2 0 2 -1 1 -2 0 2 -1 1 -2 0 2 -1 1 -2 0 2 -1 1 -2 0 2 -1 1 -2 0 2 -1 1 -2 0 2 -1 1 -2 0 2 -1 1 -2 0 2 -1 1 -2 0 2 -1 1 -2 0 2 -1 1 -2 0 2 -1 1 -2 0 2 -1 1 -2 0 2 -1 1 -2 0 2 -1 1 -2 0 2 -1 1 -2 0 2 -1 1 -2 0 2 -1 1 -2 0 2 -1 1 -2 0 2 -1 1 -2 0 2 -1 1 -2 0 2 -1 1 -2 0 2 -1 1 -2 0 2 -1 1 -2 0 2 -1 1 -2 0 2 -1 1 -2 0 2 -1 1 -2 0 2 -1 1 -2 0 2 -1 1 -2 0 2 -1 1 -2 0 2 -1 1 -2 0 2 -1 1 -2 0 2 -1 1 -2 0 2 -1 1 -2 0 2 -1 1 -2 0 2 -1 1 -2 0 2 -1 1 -2 0 2 -1 1 -2 0 2 -1 1 -2 0 2 -1 1 -2 0 2 -1 1 -2 0 2 -1 1 -2 0 2 -1 1 -2 0 2 -1 1 -2 0 2 -1 1 -2 0 2 -1 1 -2 0 2 -1 1 -2 0 2 -1 1 -2 0 2 -1 1 -2 0 2 -1 1 -2 0 2 -1 1 -2 0 2 -1 1 -2 0 2 -1 1 -2 0 2 -1 1 -2 0 2 -1 1 -2 0 2 -1 1 -2 0 2 -1 1 -2 0 2 -1 1 -2 0 2 -1 1 -2 0 2 -1 1 -2 0 2 -1 1 -2 0 2 -1 1 -2 0 2 -1 1 -2 0 2 -1 1 -2 0 2 -1 1 -2 0 2 -1 1 -2 0 2 -1 1 -2 0 2 -1 1 -2 0 2 -1 1 -2 0 2 -1 1 -2 0 2 -1 1 -2 0 2 -1 1 -2 0 2 -1 1 -2 0 2 -1 1 -2 0 2 -1 1 -2 0 2 -1 1 -2 0 2 -1 1 -2 0 2 -1 1 -2 0 2 -1 1 -2 0 2 -1 1 -2 0 2 -1
-2 1 -1 2 0 -2 1 -1 2 0 -2 1 -1 2 0 -2 1 -1 2 0 -2 1 -1 2 0 -2 1 -1 2 0 -2 1 -1 2 0 601 1 -1 2 0 -2 1 -1 2 0 -2 1 -1 2 0 -2 1 -1 2 0 -2 1 -1 2 0 -2 1 -1 2 0 -2 1 -1 2 0 -2 1 -1 2 0 -2 1 -1 2 0 -2 1 -1 2 0 -2 1 -1 2 0 -2 1 -1 2 0 -2 1 -1 2 0 -2 1 -1 2 0 -2 1 -1 2 0 -2 1 -1 2 0 -2 1 -1 2 0 -2 1 -1 2 0 -2 1 -1 2 0 -2 1 -1 2 0 -2 1 -1 2 0 -2 1 -1 2 0 -2 1 -1 2 0 -2 1 -1 2 0 -2 1 -1 2 0 -2 1 -1 2 0 -2 1 -1 2 0 -2 1 -1 2 0 -2 1 -1 2 0 -2 1 -1 2 0 -2 1 -1 2 0 -2 1 -1 2 0 -2 1 -1 2 0 -2 1 -1 2 0 -2 1 -1 2 0 -2 1 -1 2 0 -2 1 -1 2 0 -2 1 -1 2 0 -2 1 -1 2 0 -2 1 -1 2 0 -2 1 -1 2 0 -2 1 -1 2 0 -2 1 -1 2 0 -2 1 -1 2 0 -2 1 -1 2 0 -2 1 -1 2 0 -2 1 -1 2 0 -2 1 -1 2 0 -2 1 -1 2 0 -2 1 -1 2 0 -2 1 -1 2 0 -2 1 -1 2 0 -2 1 -1 2 0 -2 1 -1 2 0 -2 1 -1 2 0 -2 1 -1 2 0 -2 1 -1 2 0 -2 1 -1 2 0 -2 1 -1 2 0 -2 1 -1 2 0 -2 1 -1 2 0 -2 1 -1 2 0 -2 1 -1 2 0 -2 1 -1 2 0 -2 1 -1 2 0 -2 1 -1 2 0 -2 1 -1 2 0 -2 1 -1 2 0 -2 1 -1 2 0 -2 1 -1 2 0 -2 1 -1 2 0 -2 1 -1 2 0 -2 1 -1 2 0 -2 1 -1 2 0 -2 1 -1 2 0 -2 1 -1 2 0 -2 1 -1 2 0 -2 1 -1 2 0 -2 1 -1 2 0 -2 1 -1 2 0 -2 1 -1 2 0 -2 1 -1 2 0 -2 1 -1 2 0 -2 1 -1 2 0 -2 1 -1 2 0 -2 1 -1 2 0 -2 1 -1 2 0 -2 1 -1 2 0 -2 1 -1 2 0 -2 1 -1 2 0 -2 1 -1 2 0 -2 1 -1 2 0 -2 1 -1 2 0
0 -1 -2 2 1 0 -1 -2 2 1 0 -1 -2 2 1 0 -1 -2 2 1 0 -1 -2 2 1 0 -1 -2 2 1 0 -1 -2 2 1 0 602 -2 2 1 0 -1 -2 2 1 0 -1 -2 2 1 0 -1 -2 2 1 0 -1 -2 2 1 0 -1 -2 2 1 0 -1 -2 2 1 0 -1 -2 2 1 0 -1 -2 2 1 0 -1 -2 2 1 0 -1 -2 2 1 0 -1 -2 2 1 0 -1 -2 2 1 0 -1 -2 2 1 0 -1 -2 2 1 0 -1 -2 2 1 0 -1 -2 2 1 0 -1 -2 2 1 0 -1 -2 2 1 0 -1 -2 2 1 0 -1 -2 2 1 0 -1 -2 2 1 0 -1 -2 2 1 0 -1 -2 2 1 0 -1 -2 2 1 0 -1 -2 2 1 0 -1 -2 2 1 0 -1 -2 2 1 0 -1 -2 2 1 0 -1 -2 2 1 0 -1 -2 2 1 0 -1 -2 2 1 0 -1 -2 2 1 0 -1 -2 2 1 0 -1 -2 2 1 0 -1 -2 2 1 0 -1 -2 2 1 0 -1 -2 2 1 0 -1 -2 2 1 0 -1 -2 2 1 0 -1 -2 2 1 0 -1 -2 2 1 0 -1 -2 2 1 0 -1 -2 2 1 0 -1 -2 2 1 0 -1 -2 2 1 0 -1 -2 2 1 0 -1 -2 2 1 0 -1 -2 2 1 0 -1 -2 2 1 0 -1 -2 2 1 0 -1 -2 2 1 0 -1 -2 2 1 0 -1 -2 2 1 0 -1 -2 2 1 0 -1 -2 2 1 0 -1 -2 2 1 0 -1 -2 2 1 0 -1 -2 2 1 0 -1 -2 2 1 0 -1 -2 2 1 0 -1 -2 2 1 0 -1 -2 2 1 0 -1 -2 2 1 0 -1 -2 2 1 0 -1 -2 2 1 0 -1 -2 2 1 0 -1 -2 2 1 0 -1 -2 2 1 0 -1 -2 2 1 0 -1 -2 2 1 0 -1 -2 2 1 0 -1 -2 2 1 0 -1 -2 2 1 0 -1 -2 2 1 0 -1 -2 2 1 0 -1 -2 2 1 0 -1 -2 2 1 0 -1 -2 2 1 0 -1 -2 2 1 0 -1 -2 2 1 0 -1 -2 2 1 0 -1 -2 2 1 0 -1 -2 2 1 0 -1 -2 2 1 0 -1 -2 2 1 0 -1 -2 2 1 0 -1 -2 2 1 0 -1 -2 2 1 0 -1 -2 2 1 0 -1 -2 2 1 0 -1 -2 2 1 0 -1 -2 2 1
2 2 2 2 2 2 2 2 2 2 2 2 2 2 2 2 2 2 2 2 2 2 2 2 2 2 2 2 2 2 2 2 2 2 2 2 2 1001 2 2 2 2 2 2 2 2 2 2 2 2 2 2 2 2 2 2 2 2 2 2 2 2 2 2 2 2 2 2 2 2 2 2 2 2 2 2 2 2 2 2 2 2 2 2 2 2 2 2 2 2 2 2 2 2 2 2 2 2 2 2 2 2 2 2 2 2 2 2 2 2 2 2 2 2 2 2 2 2 2 2 2 2 2 2 2 2 2 2 2 2 2 2 2 2 2 2 2 2 2 2 2 2 2 2 2 2 2 2 2 2 2 2 2 2 2 2 2 2 2 2 2 2 2 2 2 2 2 2 2 2 2 2 2 2 2 2 2 2 2 2 2 2 2 2 2 2 2 2 2 2 2 2 2 2 2 2 2 2 2 2 2 2 2 2 2 2 2 2 2 2 2 2 2 2 2 2 2 2 2 2 2 2 2 2 2 2 2 2 2 2 2 2 2 2 2 2 2 2 2 2 2 2 2 2 2 2 2 2 2 2 2 2 2 2 2 2 2 2 2 2 2 2 2 2 2 2 2 2 2 2 2 2 2 2 2 2 2 2 2 2 2 2 2 2 2 2 2 2 2 2 2 2 2 2 2 2 2 2 2 2 2 2 2 2 2 2 2 2 2 2 2 2 2 2 2 2 2 2 2 2 2 2 2 2 2 2 2 2 2 2 2 2 2 2 2 2 2 2 2 2 2 2 2 2 2 2 2 2 2 2 2 2 2 2 2 2 2 2 2 2 2 2 2 2 2 2 2 2 2 2 2 2 2 2 2 2 2 2 2 2 2 2 2 2 2 2 2 2 2 2 2 2 2 2 2 2 2 2 2 2 2 2 2 2 2 2 2 2 2 2 2 2 2 2 2 2 2 2 2 2 2 2 2 2 2 2 2 2 2 2 2 2 2 2 2 2 2 2 2 2 2 2 2 2 2 2 2 2 2 2 2 2 2 2 2 2 2 2 2 2 2 2 2 2 2 2 2 2 2 2 2 2 2 2 2 2 2 2 2 2 2 2 2 2 2 2 2 2 2 2 2 2 2 2 2 2 2 2 2 2
-1 0 1 2 -2 -1 0 1 2 -2 -1 0 1 2 -2 -1 0 1 2 -2 -1 0 1 2 -2 -1 0 1 2 -2 -1 0 1 2 -2 -1 0 1 601 -2 -1 0 1 2 -2 -1 0 1 2 -2 -1 0 1 2 -2 -1 0 1 2 -2 -1 0 1 2 -2 -1 0 1 2 -2 -1 0 1 2 -2 -1 0 1 2 -2 -1 0 1 2 -2 -1 0 1 2 -2 -1 0 1 2 -2 -1 0 1 2 -2 -1 0 1 2 -2 -1 0 1 2 -2 -1 0 1 2 -2 -1 0 1 2 -2 -1 0 1 2 -2 -1 0 1 2 -2 -1 0 1 2 -2 -1 0 1 2 -2 -1 0 1 2 -2 -1 0 1 2 -2 -1 0 1 2 -2 -1 0 1 2 -2 -1 0 1 2 -2 -1 0 1 2 -2 -1 0 1 2 -2 -1 0 1 2 -2 -1 0 1 2 -2 -1 0 1 2 -2 -1 0 1 2 -2 -1 0 1 2 -2 -1 0 1 2 -2 -1 0 1 2 -2 -1 0 1 2 -2 -1 0 1 2 -2 -1 0 1 2 -2 -1 0 1 2 -2 -1 0 1 2 -2 -1 0 1 2 -2 -1 0 1 2 -2 -1 0 1 2 -2 -1 0 1 2 -2 -1 0 1 2 -2 -1 0 1 2 -2 -1 0 1 2 -2 -1 0 1 2 -2 -1 0 1 2 -2 -1 0 1 2 -2 -1 0 1 2 -2 -1 0 1 2 -2 -1 0 1 2 -2 -1 0 1 2 -2 -1 0 1 2 -2 -1 0 1 2 -2 -1 0 1 2 -2 -1 0 1 2 -2 -1 0 1 2 -2 -1 0 1 2 -2 -1 0 1 2 -2 -1 0 1 2 -2 -1 0 1 2 -2 -1 0 1 2 -2 -1 0 1 2 -2 -1 0 1 2 -2 -1 0 1 2 -2 -1 0 1 2 -2 -1 0 1 2 -2 -1 0 1 2 -2 -1 0 1 2 -2 -1 0 1 2 -2 -1 0 1 2 -2 -1 0 1 2 -2 -1 0 1 2 -2 -1 0 1 2 -2 -1 0 1 2 -2 -1 0 1 2 -2 -1 0 1 2 -2 -1 0 1 2 -2 -1 0 1 2 -2 -1 0 1 2 -2 -1 0 1 2 -2 -1 0 1 2 -2 -1 0 1 2 -2 -1 0 1 2 -2 -1 0 1 2 -2 -1 0 1 2 -2 -1 0 1 2 -2 -1 0 1 2 -2 -1 0 1 2 -2 -1 0 1 2 -2 -1 0 1 2 -2
1 -2 0 2 -1 1 -2 0 2 -1 1 -2 0 2 -1 1 -2 0 2 -1 1 -2 0 2 -1 1 -2 0 2 -1 1 -2 0 2 -1 1 -2 0 2 602 1 -2 0 2 -1 1 -2 0 2 -1 1 -2 0 2 -1 1 -2 0 2 -1 1 -2 0 2 -1 1 -2 0 2 -1 1 -2 0 2 -1 1 -2 0 2 -1 1 -2 0 2 -1 1 -2 0 2 -1 1 -2 0 2 -1 1 -2 0 2 -1 1 -2 0 2 -1 1 -2 0 2 -1 1 -2 0 2 -1 1 -2 0 2 -1 1 -2 0 2 -1 1 -2 0 2 -1 1 -2 0 2 -1 1 -2 0 2 -1 1 -2 0 2 -1 1 -2 0 2 -1 1 -2 0 2 -1 1 -2 0 2 -1 1 -2 0 2 -1 1 -2 0 2 -1 1 -2 0 2 -1 1 -2 0 2 -1 1 -2 0 2 -1 1 -2 0 2 -1 1 -2 0 2 -1 1 -2 0 2 -1 1 -2 0 2 -1 1 -2 0 2 -1 1 -2 0 2 -1 1 -2 0 2 -1 1 -2 0 2 -1 1 -2 0 2 -1 1 -2 0 2 -1 1 -2 0 2 -1 1 -2 0 2 -1 1 -2 0 2 -1 1 -2 0 2 -1 1 -2 0 2 -1 1 -2 0 2 -1 1 -2 0 2 -1 1 -2 0 2 -1 1 -2 0 2 -1 1 -2 0 2 -1 1 -2 0 2 -1 1 -2 0 2 -1 1 -2 0 2 -1 1 -2 0 2 -1 1 -2 0 2 -1 1 -2 0 2 -1 1 -2 0 2 -1 1 -2 0 2 -1 1 -2 0 2 -1 1 -2 0 2 -1 1 -2 0 2 -1 1 -2 0 2 -1 1 -2 0 2 -1 1 -2 0 2 -1 1 -2 0 2 -1 1 -2 0 2 -1 1 -2 0 2 -1 1 -2 0 2 -1 1 -2 0 2 -1 1 -2 0 2 -1 1 -2 0 2 -1 1 -2 0 2 -1 1 -2 0 2 -1 1 -2 0 2 -1 1 -2 0 2 -1 1 -2 0 2 -1 1 -2 0 2 -1 1 -2 0 2 -1 1 -2 0 2 -1 1 -2 0 2 -1 1 -2 0 2 -1 1 -2 0 2 -1 1 -2 0 2 -1 1 -2 0 2 -1 1 -2 0 2 -1 1 -2 0 2 -1 1 -2 0 2 -1 1 -2 0 2 -1 1 -2 0 2 -1 1 -2 0 2 -1 1 -2 0 2 -1 1 -2 0 2 -1 1 -2 0 2 -1
-2 1 -1 2 0 -2 1 -1 2 0 -2 1 -1 2 0 -2 1 -1 2 0 -2 1 -1 2 0 -2 1 -1 2 0 -2 1 -1 2 0 -2 1 -1 2 0 601 1 -1 2 0 -2 1 -1 2 0 -2 1 -1 2 0 -2 1 -1 2 0 -2 1 -1 2 0 -2 1 -1 2 0 -2 1 -1 2 0 -2 1 -1 2 0 -2 1 -1 2 0 -2 1 -1 2 0 -2 1 -1 2 0 -2 1 -1 2 0 -2 1 -1 2 0 -2 1 -1 2 0 -2 1 -1 2 0 -2 1 -1 2 0 -2 1 -1 2 0 -2 1 -1 2 0 -2 1 -1 2 0 -2 1 -1 2 0 -2 1 -1 2 0 -2 1 -1 2 0 -2 1 -1 2 0 -2 1 -1 2 0 -2 1 -1 2 0 -2 1 -1 2 0 -2 1 -1 2 0 -2 1 -1 2 0 -2 1 -1 2 0 -2 1 -1 2 0 -2 1 -1 2 0 -2 1 -1 2 0 -2 1 -1 2 0 -2 1 -1 2 0 -2 1 -1 2 0 -2 1 -1 2 0 -2 1 -1 2 0 -2 1 -1 2 0 -2 1 -1 2 0 -2 1 -1 2 0 -2 1 -1 2 0 -2 1 -1 2 0 -2 1 -1 2 0 -2 1 -1 2 0 -2 1 -1 2 0 -2 1 -1 2 0 -2 1 -1 2 0 -2 1 -1 2 0 -2 1 -1 2 0 -2 1 -1 2 0 -2 1 -1 2 0 -2 1 -1 2 0 -2 1 -1 2 0 -2 1 -1 2 0 -2 1 -1 2 0 -2 1 -1 2 0 -2 1 -1 2 0 -2 1 -1 2 0 -2 1 -1 2 0 -2 1 -1 2 0 -2 1 -1 2 0 -2 1 -1 2 0 -2 1 -1 2 0 -2 1 -1 2 0 -2 1 -1 2 0 -2 1 -1 2 0 -2 1 -1 2 0 -2 1 -1 2 0 -2 1 -1 2 0 -2 1 -1 2 0 -2 1 -1 2 0 -2 1 -1 2 0 -2 1 -1 2 0 -2 1 -1 2 0 -2 1 -1 2 0 -2 1 -1 2 0 -2 1 -1 2 0 -2 1 -1 2 0 -2 1 -1 2 0 -2 1 -1 2 0 -2 1 -1 2 0 -2 1 -1 2 0 -2 1 -1 2 0 -2 1 -1 2 0 -2 1 -1 2 0 -2 1 -1 2 0 -2 1 -1 2 0 -2 1 -1 2 0 -2 1 -1 2 0 -2 1 -1 2 0 -2 1 -1 2 0 -2 1 -1 2 0
0 -1 -2 2 1 0 -1 -2 2 1 0 -1 -2 2 1 0 -1 -2 2 1 0 -1 -2 2 1 0 -1 -2 2 1 0 -1 -2 2 1 0 -1 -2 2 1 0 602 -2 2 1 0 -1 -2 2 1 0 -1 -2 2 1 0 -1 -2 2 1 0 -1 -2 2 1 0 -1 -2 2 1 0 -1 -2 2 1 0 -1 -2 2 1 0 -1 -2 2 1 0 -1 -2 2 1 0 -1 -2 2 1 0 -1 -2 2 1 0 -1 -2 2 1 0 -1 -2 2 1 0 -1 -2 2 1 0 -1 -2 2 1 0 -1 -2 2 1 0 -1 -2 2 1 0 -1 -2 2 1 0 -1 -2 2 1 0 -1 -2 2 1 0 -1 -2 2 1 0 -1 -2 2 1 0 -1 -2 2 1 0 -1 -2 2 1 0 -1 -2 2 1 0 -1 -2 2 1 0 -1 -2 2 1 0 -1 -2 2 1 0 -1 -2 2 1 0 -1 -2 2 1 0 -1 -2 2 1 0 -1 -2 2 1 0 -1 -2 2 1 0 -1 -2 2 1 0 -1 -2 2 1 0 -1 -2 2 1 0 -1 -2 2 1 0 -1 -2 2 1 0 -1 -2 2 1 0 -1 -2 2 1 0 -1 -2 2 1 0 -1 -2 2 1 0 -1 -2 2 1 0 -1 -2 2 1 0 -1 -2 2 1 0 -1 -2 2 1 0 -1 -2 2 1 0 -1 -2 2 1 0 -1 -2 2 1 0 -1 -2 2 1 0 -1 -2 2 1 0 -1 -2 2 1 0 -1 -2 2 1 0 -1 -2 2 1 0 -1 -2 2 1 0 -1 -2 2 1 0 -1 -2 2 1 0 -1 -2 2 1 0 -1 -2 2 1 0 -1 -2 2 1 0 -1 -2 2 1 0 -1 -2 2 1 0 -1 -2 2 1 0 -1 -2 2 1 0 -1 -2 2 1 0 -1 -2 2 1 0 -1 -2 2 1 0 -1 -2 2 1 0 -1 -2 2 1 0 -1 -2 2 1 0 -1 -2 2 1 0 -1 -2 2 1 0 -1 -2 2 1 0 -1 -2 2 1 0 -1 -2 2 1 0 -1 -2 2 1 0 -1 -2 2 1 0 -1 -2 2 1 0 -1 -2 2 1 0 -1 -2 2 1 0 -1 -2 2 1 0 -1 -2 2 1 0 -1 -2 2 1 0 -1 -2 2 1 0 -1 -2 2 1 0 -1 -2 2 1 0 -1 -2 2 1 0 -1 -2 2 1 0 -1 -2 2 1 0 -1 -2 2 1 0 -1 -2 2 1
2 2 2 2 2 2 2 2 2 2 2 2 2 2 2 2 2 2 2 2 2 2 2 2 2 2 2 2 2 2 2 2 2 2 2 2 2 2 2 2 2 2 1001 2 2 2 2 2 2 2 2 2 2 2 2 2 2 2 2 2 2 2 2 2 2 2 2 2 2 2 2 2 2 2 2 2 2 2 2 2 2 2 2 2 2 2 2 2 2 2 2 2 2 2 2 2 2 2 2 2 2 2 2 2 2 2 2 2 2 2 2 2 2 2 2 2 2 2 2 2 2 2 2 2 2 2 2 2 2 2 2 2 2 2 2 2 2 2 2 2 2 2 2 2 2 2 2 2 2 2 2 2 2 2 2 2 2 2 2 2 2 2 2 2 2 2 2 2 2 2 2 2 2 2 2 2 2 2 2 2 2 2 2 2 2 2 2 2 2 2 2 2 2 2 2 2 2 2 2 2 2 2 2 2 2 2 2 2 2 2 2 2 2 2 2 2 2 2 2 2 2 2 2 2 2 2 2 2 2 2 2 2 2 2 2 2 2 2 2 2 2 2 2 2 2 2 2 2 2 2 2 2 2 2 2 2 2 2 2 2 2 2 2 2 2 2 2 2 2 2 2 2 2 2 2 2 2 2 2 2 2 2 2 2 2 2 2 2 2 2 2 2 2 2 2 2 2 2 2 2 2 2 2 2 2 2 2 2 2 2 2 2 2 2 2 2 2 2 2 2 2 2 2 2 2 2 2 2 2 2 2 2 2 2 2 2 2 2 2 2 2 2 2 2 2 2 2 2 2 2 2 2 2 2 2 2 2 2 2 2 2 2 2 2 2 2 2 2 2 2 2 2 2 2 2 2 2 2 2 2 2 2 2 2 2 2 2 2 2 2 2 2 2 2 2 2 2 2 2 2 2 2 2 2 2 2 2 2 2 2 2 2 2 2 2 2 2 2 2 2 2 2 2 2 2 2 2 2 2 2 2 2 2 2 2 2 2 2 2 2 2 2 2 2 2 2 2 2 2 2 2 2 2 2 2 2 2 2 2 2 2 2 2 2 2 2 2 2 2 2 2 2 2 2 2 2 2 2 2 2 2 2 2 2 2 2 2 2 2 2 2 2 2 2 2 2 2 2 2 2
-1 0 1 2 -2 -1 0 1 2 -2 -1 0 1 2 -2 -1 0 1 2 -2 -1 0 1 2 -2 -1 0 1 2 -2 -1 0 1 2 -2 -1 0 1 2 -2 -1 0 1 601 -2 -1 0 1 2 -2 -1 0 1 2 -2 -1 0 1 2 -2 -1 0 1 2 -2 -1 0 1 2 -2 -1 0 1 2 -2 -1 0 1 2 -2 -1 0 1 2 -2 -1 0 1 2 -2 -1 0 1 2 -2 -1 0 1 2 -2 -1 0 1 2 -2 -1 0 1 2 -2 -1 0 1 2 -2 -1 0 1 2 -2 -1 0 1 2 -2 -1 0 1 2 -2 -1 0 1 2 -2 -1 0 1 2 -2 -1 0 1 2 -2 -1 0 1 2 -2 -1 0 1 2 -2 -1 0 1 2 -2 -1 0 1 2 -2 -1 0 1 2 -2 -1 0 1 2 -2 -1 0 1 2 -2 -1 0 1 2 -2 -1 0 1 2 -2 -1 0 1 2 -2 -1 0 1 2 -2 -1 0 1 2 -2 -1 0 1 2 -2 -1 0 1 2 -2 -1 0 1 2 -2 -1 0 1 2 -2 -1 0 1 2 -2 -1 0 1 2 -2 -1 0 1 2 -2 -1 0 1 2 -2 -1 0 1 2 -2 -1 0 1 2 -2 -1 0 1 2 -2 -1 0 1 2 -2 -1 0 1 2 -2 -1 0 1 2 -2 -1 0 1 2 -2 -1 0 1 2 -2 -1 0 1 2 -2 -1 0 1 2 -2 -1 0 1 2 -2 -1 0 1 2 -2 -1 0 1 2 -2 -1 0 1 2 -2 -1 0 1 2 -2 -1 0 1 2 -2 -1 0 1 2 -2 -1 0 1 2 -2 -1 0 1 2 -2 -1 0 1 2 -2 -1 0 1 2 -2 -1 0 1 2 -2 -1 0 1 2 -2 -1 0 1 2 -2 -1 0 1 2 -2 -1 0 1 2 -2 -1 0 1 2 -2 -1 0 1 2 -2 -1 0 1 2 -2 -1 0 1 2 -2 -1 0 1 2 -2 -1 0 1 2 -2 -1 0 1 2 -2 -1 0 1 2 -2 -1 0 1 2 -2 -1 0 1 2 -2 -1 0 1 2 -2 -1 0 1 2 -2 -1 0 1 2 -2 -1 0 1 2 -2 -1 0 1 2 -2 -1 0 1 2 -2 -1 0 1 2 -2 -1 0 1 2 -2 -1 0 1 2 -2 -1 0 1 2 -2 -1 0 1 2 -2 -1 0 1 2 -2 -1 0 1 2 -2 -1 0 1 2 -2 -1 0 1 2 -2
1 -2 0 2 -1 1 -2 0 2 -1 1 -2 0 2 -1 1 -2 0 2 -1 1 -2 0 2 -1 1 -2 0 2 -1 1 -2 0 2 -1 1 -2 0 2 -1 1 -2 0 2 602 1 -2 0 2 -1 1 -2 0 2 -1 1 -2 0 2 -1 1 -2 0 2 -1 1 -2 0 2 -1 1 -2 0 2 -1 1 -2 0 2 -1 1 -2 0 2 -1 1 -2 0 2 -1 1 -2 0 2 -1 1 -2 0 2 -1 1 -2 0 2 -1 1 -2 0 2 -1 1 -2 0 2 -1 1 -2 0 2 -1 1 -2 0 2 -1 1 -2 0 2 -1 1 -2 0 2 -1 1 -2 0 2 -1 1 -2 0 2 -1 1 -2 0 2 -1 1 -2 0 2 -1 1 -2 0 2 -1 1 -2 0 2 -1 1 -2 0 2 -1 1 -2 0 2 -1 1 -2 0 2 -1 1 -2 0 2 -1 1 -2 0 2 -1 1 -2 0 2 -1 1 -2 0 2 -1 1 -2 0 2 -1 1 -2 0 2 -1 1 -2 0 2 -1 1 -2 0 2 -1 1 -2 0 2 -1 1 -2 0 2 -1 1 -2 0 2 -1 1 -2 0 2 -1 1 -2 0 2 -1 1 -2 0 2 -1 1 -2 0 2 -1 1 -2 0 2 -1 1 -2 0 2 -1 1 -2 0 2 -1 1 -2 0 2 -1 1 -2 0 2 -1 1 -2 0 2 -1 1 -2 0 2 -1 1 -2 0 2 -1 1 -2 0 2 -1 1 -2 0 2 -1 1 -2 0 2 -1 1 -2 0 2 -1 1 -2 0 2 -1 1 -2 0 2 -1 1 -2 0 2 -1 1 -2 0 2 -1 1 -2 0 2 -1 1 -2 0 2 -1 1 -2 0 2 -1 1 -2 0 2 -1 1 -2 0 2 -1 1 -2 0 2 -1 1 -2 0 2 -1 1 -2 0 2 -1 1 -2 0 2 -1 1 -2 0 2 -1 1 -2 0 2 -1 1 -2 0 2 -1 1 -2 0 2 -1 1 -2 0 2 -1 1 -2 0 2 -1 1 -2 0 2 -1 1 -2 0 2 -1 1 -2 0 2 -1 1 -2 0 2 -1 1 -2 0 2 -1 1 -2 0 2 -1 1 -2 0 2 -1 1 -2 0 2 -1 1 -2 0 2 -1 1 -2 0 2 -1 1 -2 0 2 -1 1 -2 0 2 -1 1 -2 0 2 -1 1 -2 0 2 -1 1 -2 0 2 -1 1 -2 0 2 -1 1 -2 0 2 -1 1 -2 0 2 -1
-2 1 -1 2 0 -2 1 -1 2 0 -2 1 -1 2 0 -2 1 -1 2 0 -2 1 -1 2 0 -2 1 -1 2 0 -2 1 -1 2 0 -2 1 -1 2 0 -2 1 -1 2 0 601 1 -1 2 0 -2 1 -1 2 0 -2 1 -1 2 0 -2 1 -1 2 0 -2 1 -1 2 0 -2 1 -1 2 0 -2 1 -1 2 0 -2 1 -1 2 0 -2 1 -1 2 0 -2 1 -1 2 0 -2 1 -1 2 0 -2 1 -1 2 0 -2 1 -1 2 0 -2 1 -1 2 0 -2 1 -1 2 0 -2 1 -1 2 0 -2 1 -1 2 0 -2 1 -1 2 0 -2 1 -1 2 0 -2 1 -1 2 0 -2 1 -1 2 0 -2 1 -1 2 0 -2 1 -1 2 0 -2 1 -1 2 0 -2 1 -1 2 0 -2 1 -1 2 0 -2 1 -1 2 0 -2 1 -1 2 0 -2 1 -1 2 0 -2 1 -1 2 0 -2 1 -1 2 0 -2 1 -1 2 0 -2 1 -1 2 0 -2 1 -1 2 0 -2 1 -1 2 0 -2 1 -1 2 0 -2 1 -1 2 0 -2 1 -1 2 0 -2 1 -1 2 0 -2 1 -1 2 0 -2 1 -1 2 0 -2 1 -1 2 0 -2 1 -1 2 0 -2 1 -1 2 0 -2 1 -1 2 0 -2 1 -1 2 0 -2 1 -1 2 0 -2 1 -1 2 0 -2 1 -1 2 0 -2 1 -1 2 0 -2 1 -1 2 0 -2 1 -1 2 0 -2 1 -1 2 0 -2 1 -1 2 0 -2 1 -1 2 0 -2 1 -1 2 0 -2 1 -1 2 0 -2 1 -1 2 0 -2 1 -1 2 0 -2 1 -1 2 0 -2 1 -1 2 0 -2 1 -1 2 0 -2 1 -1 2 0 -2 1 -1 2 0 -2 1 -1 2 0 -2 1 -1 2 0 -2 1 -1 2 0 -2 1 -1 2 0 -2 1 -1 2 0 -2 1 -1 2 0 -2 1 -1 2 0 -2 1 -1 2 0 -2 1 -1 2 0 -2 1 -1 2 0 -2 1 -1 2 0 -2 1 -1 2 0 -2 1 -1 2 0 -2 1 -1 2 0 -2 1 -1 2 0 -2 1 -1 2 0 -2 1 -1 2 0 -2 1 -1 2 0 -2 1 -1 2 0 -2 1 -1 2 0 -2 1 -1 2 0 -2 1 -1 2 0 -2 1 -1 2 0 -2 1 -1 2 0 -2 1 -1 2 0 -2 1 -1 2 0 -2 1 -1 2 0
0 -1 -2 2 1 0 -1 -2 2 1 0 -1 -2 2 1 0 -1 -2 2 1 0 -1 -2 2 1 0 -1 -2 2 1 0 -1 -2 2 1 0 -1 -2 2 1 0 -1 -2 2 1 0 602 -2 2 1 0 -1 -2 2 1 0 -1 -2 2 1 0 -1 -2 2 1 0 -1 -2 2 1 0 -1 -2 2 1 0 -1 -2 2 1 0 -1 -2 2 1 0 -1 -2 2 1 0 -1 -2 2 1 0 -1 -2 2 1 0 -1 -2 2 1 0 -1 -2 2 1 0 -1 -2 2 1 0 -1 -2 2 1 0 -1 -2 2 1 0 -1 -2 2 1 0 -1 -2 2 1 0 -1 -2 2 1 0 -1 -2 2 1 0 -1 -2 2 1 0 -1 -2 2 1 0 -1 -2 2 1 0 -1 -2 2 1 0 -1 -2 2 1 0 -1 -2 2 1 0 -1 -2 2 1 0 -1 -2 2 1 0 -1 -2 2 1 0 -1 -2 2 1 0 -1 -2 2 1 0 -1 -2 2 1 0 -1 -2 2 1 0 -1 -2 2 1 0 -1 -2 2 1 0 -1 -2 2 1 0 -1 -2 2 1 0 -1 -2 2 1 0 -1 -2 2 1 0 -1 -2 2 1 0 -1 -2 2 1 0 -1 -2 2 1 0 -1 -2 2 1 0 -1 -2 2 1 0 -1 -2 2 1 0 -1 -2 2 1 0 -1 -2 2 1 0 -1 -2 2 1 0 -1 -2 2 1 0 -1 -2 2 1 0 -1 -2 2 1 0 -1 -2 2 1 0 -1 -2 2 1 0 -1 -2 2 1 0 -1 -2 2 1 0 -1 -2 2 1 0 -1 -2 2 1 0 -1 -2 2 1 0 -1 -2 2 1 0 -1 -2 2 1 0 -1 -2 2 1 0 -1 -2 2 1 0 -1 -2 2 1 0 -1 -2 2 1 0 -1 -2 2 1 0 -1 -2 2 1 0 -1 -2 2 1 0 -1 -2 2 1 0 -1 -2 2 1 0 -1 -2 2 1 0 -1 -2 2 1 0 -1 -2 2 1 0 -1 -2 2 1 0 -1 -2 2 1 0 -1 -2 2 1 0 -1 -2 2 1 0 -1 -2 2 1 0 -1 -2 2 1 0 -1 -2 2 1 0 -1 -2 2 1 0 -1 -2 2 1 0 -1 -2 2 1 0 -1 -2 2 1 0 -1 -2 2 1 0 -1 -2 2 1 0 -1 -2 2 1 0 -1 -2 2 1 0 -1 -2 2 1 0 -1 -2 2 1 0 -1 -2 2 1 0 -1 -2 2 1
2 2 2 2 2 2 2 2 2 2 2 2 2 2 2 2 2 2 2 2 2 2 2 2 2 2 2 2 2 2 2 2 2 2 2 2 2 2 2 2 2 2 2 2 2 2 2 1001 2 2 2 2 2 2 2 2 2 2 2 2 2 2 2 2 2 2 2 2 2 2 2 2 2 2 2 2 2 2 2 2 2 2 2 2 2 2 2 2 2 2 2 2 2 2 2 2 2 2 2 2 2 2 2 2 2 2 2 2 2 2 2 2 2 2 2 2 2 2 2 2 2 2 2 2 2 2 2 2 2 2 2 2 2 2 2 2 2 2 2 2 2 2 2 2 2 2 2 2 2 2 2 2 2 2 2 2 2 2 2 2 2 2 2 2 2 2 2 2 2 2 2 2 2 2 2 2 2 2 2 2 2 2 2 2 2 2 2 2 2 2 2 2 2 2 2 2 2 2 2 2 2 2 2 2 2 2 2 2 2 2 2 2 2 2 2 2 2 2 2 2 2 2 2 2 2 2 2 2 2 2 2 2 2 2 2 2 2 2 2 2 2 2 2 2 2 2 2 2 2 2 2 2 2 2 2 2 2 2 2 2 2 2 2 2 2 2 2 2 2 2 2 2 2 2 2 2 2 2 2 2 2 2 2 2 2 2 2 2 2 2 2 2 2 2 2 2 2 2 2 2 2 2 2 2 2 2 2 2 2 2 2 2 2 2 2 2 2 2 2 2 2 2 2 2 2 2 2 2 2 2 2 2 2 2 2 2 2 2 2 2 2 2 2 2 2 2 2 2 2 2 2 2 2 2 2 2 2 2 2 2 2 2 2 2 2 2 2 2 2 2 2 2 2 2 2 2 2 2 2 2 2 2 2 2 2 2 2 2 2 2 2 2 2 2 2 2 2 2 2 2 2 2 2 2 2 2 2 2 2 2 2 2 2 2 2 2 2 2 2 2 2 2 2 2 2 2 2 2 2 2 2 2 2 2 2 2 2 2 2 2 2 2 2 2 2 2 2 2 2 2 2 2 2 2 2 2 2 2 2 2 2 2 2 2 2 2 2 2 2 2 2 2 2 2 2 2 2 2 2 2 2 2 2 2 2 2 2 2 2 2 2 2 2 2 2 2 2 2 2 2
-1 0 1 2 -2 -1 0 1 2 -2 -1 0 1 2 -2 -1 0 1 2 -2 -1 0 1 2 -2 -1 0 1 2 -2 -1 0 1 2 -2 -1 0 1 2 -2 -1 0 1 2 -2 -1 0 1 601 -2 -1 0 1 2 -2 -1 0 1 2 -2 -1 0 1 2 -2 -1 0 1 2 -2 -1 0 1 2 -2 -1 0 1 2 -2 -1 0 1 2 -2 -1 0 1 2 -2 -1 0 1 2 -2 -1 0 1 2 -2 -1 0 1 2 -2 -1 0 1 2 -2 -1 0 1 2 -2 -1 0 1 2 -2 -1 0 1 2 -2 -1 0 1 2 -2 -1 0 1 2 -2 -1 0 1 2 -2 -1 0 1 2 -2 -1 0 1 2 -2 -1 0 1 2 -2 -1 0 1 2 -2 -1 0 1 2 -2 -1 0 1 2 -2 -1 0 1 2 -2 -1 0 1 2 -2 -1 0 1 2 -2 -1 0 1 2 -2 -1 0 1 2 -2 -1 0 1 2 -2 -1 0 1 2 -2 -1 0 1 2 -2 -1 0 1 2 -2 -1 0 1 2 -2 -1 0 1 2 -2 -1 0 1 2 -2 -1 0 1 2 -2 -1 0 1 2 -2 -1 0 1 2 -2 -1 0 1 2 -2 -1 0 1 2 -2 -1 0 1 2 -2 -1 0 1 2 -2 -1 0 1 2 -2 -1 0 1 2 -2 -1 0 1 2 -2 -1 0 1 2 -2 -1 0 1 2 -2 -1 0 1 2 -2 -1 0 1 2 -2 -1 0 1 2 -2 -1 0 1 2 -2 -1 0 1 2 -2 -1 0 1 2 -2 -1 0 1 2 -2 -1 0 1 2 -2 -1 0 1 2 -2 -1 0 1 2 -2 -1 0 1 2 -2 -1 0 1 2 -2 -1 0 1 2 -2 -1 0 1 2 -2 -1 0 1 2 -2 -1 0 1 2 -2 -1 0 1 2 -2 -1 0 1 2 -2 -1 0 1 2 -2 -1 0 1 2 -2 -1 0 1 2 -2 -1 0 1 2 -2 -1 0 1 2 -2 -1 0 1 2 -2 -1 0 1 2 -2 -1 0 1 2 -2 -1 0 1 2 -2 -1 0 1 2 -2 -1 0 1 2 -2 -1 0 1 2 -2 -1 0 1 2 -2 -1 0 1 2 -2 -1 0 1 2 -2 -1 0 1 2 -2 -1 0 1 2 -2 -1 0 1 2 -2 -1 0 1 2 -2 -1 0 1 2 -2 -1 0 1 2 -2 -1 0 1 2 -2 -1 0 1 2 -2 -1 0 1 2 -2
1 -2 0 2 -1 1 -2 0 2 -1 1 -2 0 2 -1 1 -2 0 2 -1 1 -2 0 2 -1 1 -2 0 2 -1 1 -2 0 2 -1 1 -2 0 2 -1 1 -2 0 2 -1 1 -2 0 2 602 1 -2 0 2 -1 1 -2 0 2 -1 1 -2 0 2 -1 1 -2 0 2 -1 1 -2 0 2 -1 1 -2 0 2 -1 1 -2 0 2 -1 1 -2 0 2 -1 1 -2 0 2 -1 1 -2 0 2 -1 1 -2 0 2 -1 1 -2 0 2 -1 1 -2 0 2 -1 1 -2 0 2 -1 1 -2 0 2 -1 1 -2 0 2 -1 1 -2 0 2 -1 1 -2 0 2 -1 1 -2 0 2 -1 1 -2 0 2 -1 1 -2 0 2 -1 1 -2 0 2 -1 1 -2 0 2 -1 1 -2 0 2 -1 1 -2 0 2 -1 1 -2 0 2 -1 1 -2 0 2 -1 1 -2 0 2 -1 1 -2 0 2 -1 1 -2 0 2 -1 1 -2 0 2 -1 1 -2 0 2 -1 1 -2 0 2 -1 1 -2 0 2 -1 1 -2 0 2 -1 1 -2 0 2 -1 1 -2 0 2 -1 1 -2 0 2 -1 1 -2 0 2 -1 1 -2 0 2 -1 1 -2 0 2 -1 1 -2 0 2 -1 1 -2 0 2 -1 1 -2 0 2 -1 1 -2 0 2 -1 1 -2 0 2 -1 1 -2 0 2 -1 1 -2 0 2 -1 1 -2 0 2 -1 1 -2 0 2 -1 1 -2 0 2 -1 1 -2 0 2 -1 1 -2 0 2 -1 1 -2 0 2 -1 1 -2 0 2 -1 1 -2 0 2 -1 1 -2 0 2 -1 1 -2 0 2 -1 1 -2 0 2 -1 1 -2 0 2 -1 1 -2 0 2 -1 1 -2 0 2 -1 1 -2 0 2 -1 1 -2 0 2 -1 1 -2 0 2 -1 1 -2 0 2 -1 1 -2 0 2 -1 1 -2 0 2 -1 1 -2 0 2 -1 1 -2 0 2 -1 1 -2 0 2 -1 1 -2 0 2 -1 1 -2 0 2 -1 1 -2 0 2 -1 1 -2 0 2 -1 1 -2 0 2 -1 1 -2 0 2 -1 1 -2 0 2 -1 1 -2 0 2 -1 1 -2 0 2 -1 1 -2 0 2 -1 1 -2 0 2 -1 1 -2 0 2 -1 1 -2 0 2 -1 1 -2 0 2 -1 1 -2 0 2 -1 1 -2 0 2 -1 1 -2 0 2 -1 1 -2 0 2 -1 1 -2 0 2 -1
-2 1 -1 2 0 -2 1 -1 2 0 -2 1 -1 2 0 -2 1 -1 2 0 -2 1 -1 2 0 -2 1 -1 2 0 -2 1 -1 2 0 -2 1 -1 2 0 -2 1 -1 2 0 -2 1 -1 2 0 601 1 -1 2 0 -2 1 -1 2 0 -2 1 -1 2 0 -2 1 -1 2 0 -2 1 -1 2 0 -2 1 -1 2 0 -2 1 -1 2 0 -2 1 -1 2 0 -2 1 -1 2 0 -2 1 -1 2 0 -2 1 -1 2 0 -2 1 -1 2 0 -2 1 -1 2 0 -2 1 -1 2 0 -2 1 -1 2 0 -2 1 -1 2 0 -2 1 -1 2 0 -2 1 -1 2 0 -2 1 -1 2 0 -2 1 -1 2 0 -2 1 -1 2 0 -2 1 -1 2 0 -2 1 -1 2 0 -2 1 -1 2 0 -2 1 -1 2 0 -2 1 -1 2 0 -2 1 -1 2 0 -2 1 -1 2 0 -2 1 -1 2 0 -2 1 -1 2 0 -2 1 -1 2 0 -2 1 -1 2 0 -2 1 -1 2 0 -2 1 -1 2 0 -2 1 -1 2 0 -2 1 -1 2 0 -2 1 -1 2 0 -2 1 -1 2 0 -2 1 -1 2 0 -2 1 -1 2 0 -2 1 -1 2 0 -2 1 -1 2 0 -2 1 -1 2 0 -2 1 -1 2 0 -2 1 -1 2 0 -2 1 -1 2 0 -2 1 -1 2 0 -2 1 -1 2 0 -2 1 -1 2 0 -2 1 -1 2 0 -2 1 -1 2 0 -2 1 -1 2 0 -2 1 -1 2 0 -2 1 -1 2 0 -2 1 -1 2 0 -2 1 -1 2 0 -2 1 -1 2 0 -2 1 -1 2 0 -2 1 -1 2 0 -2 1 -1 2 0 -2 1 -1 2 0 -2 1 -1 2 0 -2 1 -1 2 0 -2 1 -1 2 0 -2 1 -1 2 0 -2 1 -1 2 0 -2 1 -1 2 0 -2 1 -1 2 0 -2 1 -1 2 0 -2 1 -1 2 0 -2 1 -1 2 0 -2 1 -1 2 0 -2 1 -1 2 0 -2 1 -1 2 0 -2 1 -1 2 0 -2 1 -1 2 0 -2 1 -1 2 0 -2 1 -1 2 0 -2 1 -1 2 0 -2 1 -1 2 0 -2 1 -1 2 0 -2 1 -1 2 0 -2 1 -1 2 0 -2 1 -1 2 0 -2 1 -1 2 0 -2 1 -1 2 0 -2 1 -1 2 0 -2 1 -1 2 0 -2 1 -1 2 0 -2 1 -1 2 0
0 -1 -2 2 1 0 -1 -2 2 1 0 -1 -2 2 1 0 -1 -2 2 1 0 -1 -2 2 1 0 -1 -2 2 1 0 -1 -2 2 1 0 -1 -2 2 1 0 -1 -2 2 1 0 -1 -2 2 1 0 602 -2 2 1 0 -1 -2 2 1 0 -1 -2 2 1 0 -1 -2 2 1 0 -1 -2 2 1 0 -1 -2 2 1 0 -1 -2 2 1 0 -1 -2 2 1 0 -1 -2 2 1 0 -1 -2 2 1 0 -1 -2 2 1 0 -1 -2 2 1 0 -1 -2 2 1 0 -1 -2 2 1 0 -1 -2 2 1 0 -1 -2 2 1 0 -1 -2 2 1 0 -1 -2 2 1 0 -1 -2 2 1 0 -1 -2 2 1 0 -1 -2 2 1 0 -1 -2 2 1 0 -1 -2 2 1 0 -1 -2 2 1 0 -1 -2 2 1 0 -1 -2 2 1 0 -1 -2 2 1 0 -1 -2 2 1 0 -1 -2 2 1 0 -1 -2 2 1 0 -1 -2 2 1 0 -1 -2 2 1 0 -1 -2 2 1 0 -1 -2 2 1 0 -1 -2 2 1 0 -1 -2 2 1 0 -1 -2 2 1 0 -1 -2 2 1 0 -1 -2 2 1 0 -1 -2 2 1 0 -1 -2 2 1 0 -1 -2 2 1 0 -1 -2 2 1 0 -1 -2 2 1 0 -1 -2 2 1 0 -1 -2 2 1 0 -1 -2 2 1 0 -1 -2 2 1 0 -1 -2 2 1 0 -1 -2 2 1 0 -1 -2 2 1 0 -1 -2 2 1 0 -1 -2 2 1 0 -1 -2 2 1 0 -1 -2 2 1 0 -1 -2 2 1 0 -1 -2 2 1 0 -1 -2 2 1 0 -1 -2 2 1 0 -1 -2 2 1 0 -1 -2 2 1 0 -1 -2 2 1 0 -1 -2 2 1 0 -1 -2 2 1 0 -1 -2 2 1 0 -1 -2 2 1 0 -1 -2 2 1 0 -1 -2 2 1 0 -1 -2 2 1 0 -1 -2 2 1 0 -1 -2 2 1 0 -1 -2 2 1 0 -1 -2 2 1 0 -1 -2 2 1 0 -1 -2 2 1 0 -1 -2 2 1 0 -1 -2 2 1 0 -1 -2 2 1 0 -1 -2 2 1 0 -1 -2 2 1 0 -1 -2 2 1 0 -1 -2 2 1 0 -1 -2 2 1 0 -1 -2 2 1 0 -1 -2 2 1 0 -1 -2 2 1 0 -1 -2 2 1 0 -1 -2 2 1 0 -1 -2 2 1 0 -1 -2 2 1
2 2 2 2 2 2 2 2 2 2 2 2 2 2 2 2 2 2 2 2 2 2 2 2 2 2 2 2 2 2 2 2 2 2 2 2 2 2 2 2 2 2 2 2 2 2 2 2 2 2 2 2 1001 2 2 2 2 2 2 2 2 2 2 2 2 2 2 2 2 2 2 2 2 2 2 2 2 2 2 2 2 2 2 2 2 2 2 2 2 2 2 2 2 2 2 2 2 2 2 2 2 2 2 2 2 2 2 2 2 2 2 2 2 2 2 2 2 2 2 2 2 2 2 2 2 2 2 2 2 2 2 2 2 2 2 2 2 2 2 2 2 2 2 2 2 2 2 2 2 2 2 2 2 2 2 2 2 2 2 2 2 2 2 2 2 2 2 2 2 2 2 2 2 2 2 2 2 2 2 2 2 2 2 2 2 2 2 2 2 2 2 2 2 2 2 2 2 2 2 2 2 2 2 2 2 2 2 2 2 2 2 2 2 2 2 2 2 2 2 2 2 2 2 2 2 2 2 2 2 2 2 2 2 2 2 2 2 2 2 2 2 2 2 2 2 2 2 2 2 2 2 2 2 2 2 2 2 2 2 2 2 2 2 2 2 2 2 2 2 2 2 2 2 2 2 2 2 2 2 2 2 2 2 2 2 2 2 2 2 2 2 2 2 2 2 2 2 2 2 2 2 2 2 2 2 2 2 2 2 2 2 2 2 2 2 2 2 2 2 2 2 2 2 2 2 2 2 2 2 2 2 2 2 2 2 2 2 2 2 2 2 2 2 2 2 2 2 2 2 2 2 2 2 2 2 2 2 2 2 2 2 2 2 2 2 2 2 2 2 2 2 2 2 2 2 2 2 2 2 2 2 2 2 2 2 2 2 2 2 2 2 2 2 2 2 2 2 2 2 2 2 2 2 2 2 2 2 2 2 2 2 2 2 2 2 2 2 2 2 2 2 2 2 2 2 2 2 2 2 2 2 2 2 2 2 2 2 2 2 2 2 2 2 2 2 2 2 2 2 2 2 2 2 2 2 2 2 2 2 2 2 2 2 2 2 2 2 2 2 2 2 2 2 2 2 2 2 2 2 2 2 2 2 2 2 2 2 2 2 2 2 2 2 2 2 2 2 2 2 2
-1 0 1 2 -2 -1 0 1 2 -2 -1 0 1 2 -2 -1 0 1 2 -2 -1 0 1 2 -2 -1 0 1 2 -2 -1 0 1 2 -2 -1 0 1 2 -2 -1 0 1 2 -2 -1 0 1 2 -2 -1 0 1 601 -2 -1 0 1 2 -2 -1 0 1 2 -2 -1 0 1 2 -2 -1 0 1 2 -2 -1 0 1 2 -2 -1 0 1 2 -2 -1 0 1 2 -2 -1 0 1 2 -2 -1 0 1 2 -2 -1 0 1 2 -2 -1 0 1 2 -2 -1 0 1 2 -2 -1 0 1 2 -2 -1 0 1 2 -2 -1 0 1 2 -2 -1 0 1 2 -2 -1 0 1 2 -2 -1 0 1 2 -2 -1 0 1 2 -2 -1 0 1 2 -2 -1 0 1 2 -2 -1 0 1 2 -2 -1 0 1 2 -2 -1 0 1 2 -2 -1 0 1 2 -2 -1 0 1 2 -2 -1 0 1 2 -2 -1 0 1 2 -2 -1 0 1 2 -2 -1 0 1 2 -2 -1 0 1 2 -2 -1 0 1 2 -2 -1 0 1 2 -2 -1 0 1 2 -2 -1 0 1 2 -2 -1 0 1 2 -2 -1 0 1 2 -2 -1 0 1 2 -2 -1 0 1 2 -2 -1 0 1 2 -2 -1 0 1 2 -2 -1 0 1 2 -2 -1 0 1 2 -2 -1 0 1 2 -2 -1 0 1 2 -2 -1 0 1 2 -2 -1 0 1 2 -2 -1 0 1 2 -2 -1 0 1 2 -2 -1 0 1 2 -2 -1 0 1 2 -2 -1 0 1 2 -2 -1 0 1 2 -2 -1 0 1 2 -2 -1 0 1 2 -2 -1 0 1 2 -2 -1 0 1 2 -2 -1 0 1 2 -2 -1 0 1 2 -2 -1 0 1 2 -2 -1 0 1 2 -2 -1 0 1 2 -2 -1 0 1 2 -2 -1 0 1 2 -2 -1 0 1 2 -2 -1 0 1 2 -2 -1 0 1 2 -2 -1 0 1 2 -2 -1 0 1 2 -2 -1 0 1 2 -2 -1 0 1 2 -2 -1 0 1 2 -2 -1 0 1 2 -2 -1 0 1 2 -2 -1 0 1 2 -2 -1 0 1 2 -2 -1 0 1 2 -2 -1 0 1 2 -2 -1 0 1 2 -2 -1 0 1 2 -2 -1 0 1 2 -2 -1 0 1 2 -2 -1 0 1 2 -2 -1 0 1 2 -2 -1 0 1 2 -2 -1 0 1 2 -2 -1 0 1 2 -2 -1 0 1 2 -2 -1 0 1 2 -2
1 -2 0 2 -1 1 -2 0 2 -1 1 -2 0 2 -1 1 -2 0 2 -1 1 -2 0 2 -1 1 -2 0 2 -1 1 -2 0 2 -1 1 -2 0 2 -1 1 -2 0 2 -1 1 -2 0 2 -1 1 -2 0 2 602 1 -2 0 2 -1 1 -2 0 2 -1 1 -2 0 2 -1 1 -2 0 2 -1 1 -2 0 2 -1 1 -2 0 2 -1 1 -2 0 2 -1 1 -2 0 2 -1 1 -2 0 2 -1 1 -2 0 2 -1 1 -2 0 2 -1 1 -2 0 2 -1 1 -2 0 2 -1 1 -2 0 2 -1 1 -2 0 2 -1 1 -2 0 2 -1 1 -2 0 2 -1 1 -2 0 2 -1 1 -2 0 2 -1 1 -2 0 2 -1 1 -2 0 2 -1 1 -2 0 2 -1 1 -2 0 2 -1 1 -2 0 2 -1 1 -2 0 2 -1 1 -2 0 2 -1 1 -2 0 2 -1 1 -2 0 2 -1 1 -2 0 2 -1 1 -2 0 2 -1 1 -2 0 2 -1 1 -2 0 2 -1 1 -2 0 2 -1 1 -2 0 2 -1 1 -2 0 2 -1 1 -2 0 2 -1 1 -2 0 2 -1 1 -2 0 2 -1 1 -2 0 2 -1 1 -2 0 2 -1 1 -2 0 2 -1 1 -2 0 2 -1 1 -2 0 2 -1 1 -2 0 2 -1 1 -2 0 2 -1 1 -2 0 2 -1 1 -2 0 2 -1 1 -2 0 2 -1 1 -2 0 2 -1 1 -2 0 2 -1 1 -2 0 2 -1 1 -2 0 2 -1 1 -2 0 2 -1 1 -2 0 2 -1 1 -2 0 2 -1 1 -2 0 2 -1 1 -2 0 2 -1 1 -2 0 2 -1 1 -2 0 2 -1 1 -2 0 2 -1 1 -2 0 2 -1 1 -2 0 2 -1 1 -2 0 2 -1 1 -2 0 2 -1 1 -2 0 2 -1 1 -2 0 2 -1 1 -2 0 2 -1 1 -2 0 2 -1 1 -2 0 2 -1 1 -2 0 2 -1 1 -2 0 2 -1 1 -2 0 2 -1 1 -2 0 2 -1 1 -2 0 2 -1 1 -2 0 2 -1 1 -2 0 2 -1 1 -2 0 2 -1 1 -2 0 2 -1 1 -2 0 2 -1 1 -2 0 2 -1 1 -2 0 2 -1 1 -2 0 2 -1 1 -2 0 2 -1 1 -2 0 2 -1 1 -2 0 2 -1 1 -2 0 2 -1 1 -2 0 2 -1 1 -2 0 2 -1 1 -2 0 2 -1
-2 1 -1 2 0 -2 1 -1 2 0 -2 1 -1 2 0 -2 1 -1 2 0 -2 1 -1 2 0 -2 1 -1 2 0 -2 1 -1 2 0 -2 1 -1 2 0 -2 1 -1 2 0 -2 1 -1 2 0 -2 1 -1 2 0 601 1 -1 2 0 -2 1 -1 2 0 -2 1 -1 2 0 -2 1 -1 2 0 -2 1 -1 2 0 -2 1 -1 2 0 -2 1 -1 2 0 -2 1 -1 2 0 -2 1 -1 2 0 -2 1 -1 2 0 -2 1 -1 2 0 -2 1 -1 2 0 -2 1 -1 2 0 -2 1 -1 2 0 -2 1 -1 2 0 -2 1 -1 2 0 -2 1 -1 2 0 -2 1 -1 2 0 -2 1 -1 2 0 -2 1 -1 2 0 -2 1 -1 2 0 -2 1 -1 2 0 -2 1 -1 2 0 -2 1 -1 2 0 -2 1 -1 2 0 -2 1 -1 2 0 -2 1 -1 2 0 -2 1 -1 2 0 -2 1 -1 2 0 -2 1 -1 2 0 -2 1 -1 2 0 -2 1 -1 2 0 -2 1 -1 2 0 -2 1 -1 2 0 -2 1 -1 2 0 -2 1 -1 2 0 -2 1 -1 2 0 -2 1 -1 2 0 -2 1 -1 2 0 -2 1 -1 2 0 -2 1 -1 2 0 -2 1 -1 2 0 -2 1 -1 2 0 -2 1 -1 2 0 -2 1 -1 2 0 -2 1 -1 2 0 -2 1 -1 2 0 -2 1 -1 2 0 -2 1 -1 2 0 -2 1 -1 2 0 -2 1 -1 2 0 -2 1 -1 2 0 -2 1 -1 2 0 -2 1 -1 2 0 -2 1 -1 2 0 -2 1 -1 2 0 -2 1 -1 2 0 -2 1 -1 2 0 -2 1 -1 2 0 -2 1 -1 2 0 -2 1 -1 2 0 -2 1 -1 2 0 -2 1 -1 2 0 -2 1 -1 2 0 -2 1 -1 2 0 -2 1 -1 2 0 -2 1 -1 2 0 -2 1 -1 2 0 -2 1 -1 2 0 -2 1 -1 2 0 -2 1 -1 2 0 -2 1 -1 2 0 -2 1 -1 2 0 -2 1 -1 2 0 -2 1 -1 2 0 -2 1 -1 2 0 -2 1 -1 2 0 -2 1 -1 2 0 -2 1 -1 2 0 -2 1 -1 2 0 -2 1 -1 2 0 -2 1 -1 2 0 -2 1 -1 2 0 -2 1 -1 2 0 -2 1 -1 2 0 -2 1 -1 2 0 -2 1 -1 2 0 -2 1 -1 2 0 -2 1 -1 2 0
0 -1 -2 2 1 0 -1 -2 2 1 0 -1 -2 2 1 0 -1 -2 2 1 0 -1 -2 2 1 0 -1 -2 2 1 0 -1 -2 2 1 0 -1 -2 2 1 0 -1 -2 2 1 0 -1 -2 2 1 0 -1 -2 2 1 0 602 -2 2 1 0 -1 -2 2 1 0 -1 -2 2 1 0 -1 -2 2 1 0 -1 -2 2 1 0 -1 -2 2 1 0 -1 -2 2 1 0 -1 -2 2 1 0 -1 -2 2 1 0 -1 -2 2 1 0 -1 -2 2 1 0 -1 -2 2 1 0 -1 -2 2 1 0 -1 -2 2 1 0 -1 -2 2 1 0 -1 -2 2 1 0 -1 -2 2 1 0 -1 -2 2 1 0 -1 -2 2 1 0 -1 -2 2 1 0 -1 -2 2 1 0 -1 -2 2 1 0 -1 -2 2 1 0 -1 -2 2 1 0 -1 -2 2 1 0 -1 -2 2 1 0 -1 -2 2 1 0 -1 -2 2 1 0 -1 -2 2 1 0 -1 -2 2 1 0 -1 -2 2 1 0 -1 -2 2 1 0 -1 -2 2 1 0 -1 -2 2 1 0 -1 -2 2 1 0 -1 -2 2 1 0 -1 -2 2 1 0 -1 -2 2 1 0 -1 -2 2 1 0 -1 -2 2 1 0 -1 -2 2 1 0 -1 -2 2 1 0 -1 -2 2 1 0 -1 -2 2 1 0 -1 -2 2 1 0 -1 -2 2 1 0 -1 -2 2 1 0 -1 -2 2 1 0 -1 -2 2 1 0 -1 -2 2 1 0 -1 -2 2 1 0 -1 -2 2 1 0 -1 -2 2 1 0 -1 -2 2 1 0 -1 -2 2 1 0 -1 -2 2 1 0 -1 -2 2 1 0 -1 -2 2 1 0 -1 -2 2 1 0 -1 -2 2 1 0 -1 -2 2 1 0 -1 -2 2 1 0 -1 -2 2 1 0 -1 -2 2 1 0 -1 -2 2 1 0 -1 -2 2 1 0 -1 -2 2 1 0 -1 -2 2 1 0 -1 -2 2 1 0 -1 -2 2 1 0 -1 -2 2 1 0 -1 -2 2 1 0 -1 -2 2 1 0 -1 -2 2 1 0 -1 -2 2 1 0 -1 -2 2 1 0 -1 -2 2 1 0 -1 -2 2 1 0 -1 -2 2 1 0 -1 -2 2 1 0 -1 -2 2 1 0 -1 -2 2 1 0 -1 -2 2 1 0 -1 -2 2 1 0 -1 -2 2 1 0 -1 -2 2 1 0 -1 -2 2 1 0 -1 -2 2 1 0 -1 -2 2 1
2 2 2 2 2 2 2 2 2 2 2 2 2 2 2 2 2 2 2 2 2 2 2 2 2 2 2 2 2 2 2 2 2 2 2 2 2 2 2 2 2 2 2 2 2 2 2 2 2 2 2 2 2 2 2 2 2 1001 2 2 2 2 2 2 2 2 2 2 2 2 2 2 2 2 2 2 2 2 2 2 2 2 2 2 2 2 2 2 2 2 2 2 2 2 2 2 2 2 2 2 2 2 2 2 2 2 2 2 2 2 2 2 2 2 2 2 2 2 2 2 2 2 2 2 2 2 2 2 2 2 2 2 2 2 2 2 2 2 2 2 2 2 2 2 2 2 2 2 2 2 2 2 2 2 2 2 2 2 2 2 2 2 2 2 2 2 2 2 2 2 2 2 2 2 2 2 2 2 2 2 2 2 2 2 2 2 2 2 2 2 2 2 2 2 2 2 2 2 2 2 2 2 2 2 2 2 2 2 2 2 2 2 2 2 2 2 2 2 2 2 2 2 2 2 2 2 2 2 2 2 2 2 2 2 2 2 2 2 2 2 2 2 2 2 2 2 2 2 2 2 2 2 2 2 2 2 2 2 2 2 2 2 2 2 2 2 2 2 2 2 2 2 2 2 2 2 2 2 2 2 2 2 2 2 2 2 2 2 2 2 2 2 2 2 2 2 2 2 2 2 2 2 2 2 2 2 2 2 2 2 2 2 2 2 2 2 2 2 2 2 2 2 2 2 2 2 2 2 2 2 2 2 2 2 2 2 2 2 2 2 2 2 2 2 2 2 2 2 2 2 2 2 2 2 2 2 2 2 2 2 2 2 2 2 2 2 2 2 2 2 2 2 2 2 2 2 2 2 2 2 2 2 2 2 2 2 2 2 2 2 2 2 2 2 2 2 2 2 2 2 2 2 2 2 2 2 2 2 2 2 2 2 2 2 2 2 2 2 2 2 2 2 2 2 2 2 2 2 2 2 2 2 2 2 2 2 2 2 2 2 2 2 2 2 2 2 2 2 2 2 2 2 2 2 2 2 2 2 2 2 2 2 2 2 2 2 2 2 2 2 2 2 2 2 2 2 2 2 2 2 2 2 2 2 2 2 2 2 2 2 2 2 2 2 2 2 2 2 2 2
-1 0 1 2 -2 -1 0 1 2 -2 -1 0 1 2 -2 -1 0 1 2 -2 -1 0 1 2 -2 -1 0 1 2 -2 -1 0 1 2 -2 -1 0 1 2 -2 -1 0 1 2 -2 -1 0 1 2 -2 -1 0 1 2 -2 -1 0 1 601 -2 -1 0 1 2 -2 -1 0 1 2 -2 -1 0 1 2 -2 -1 0 1 2 -2 -1 0 1 2 -2 -1 0 1 2 -2 -1 0 1 2 -2 -1 0 1 2 -2 -1 0 1 2 -2 -1 0 1 2 -2 -1 0 1 2 -2 -1 0 1 2 -2 -1 0 1 2 -2 -1 0 1 2 -2 -1 0 1 2 -2 -1 0 1 2 -2 -1 0 1 2 -2 -1 0 1 2 -2 -1 0 1 2 -2 -1 0 1 2 -2 -1 0 1 2 -2 -1 0 1 2 -2 -1 0 1 2 -2 -1 0 1 2 -2 -1 0 1 2 -2 -1 0 1 2 -2 -1 0 1 2 -2 -1 0 1 2 -2 -1 0 1 2 -2 -1 0 1 2 -2 -1 0 1 2 -2 -1 0 1 2 -2 -1 0 1 2 -2 -1 0 1 2 -2 -1 0 1 2 -2 -1 0 1 2 -2 -1 0 1 2 -2 -1 0 1 2 -2 -1 0 1 2 -2 -1 0 1 2 -2 -1 0 1 2 -2 -1 0 1 2 -2 -1 0 1 2 -2 -1 0 1 2 -2 -1 0 1 2 -2 -1 0 1 2 -2 -1 0 1 2 -2 -1 0 1 2 -2 -1 0 1 2 -2 -1 0 1 2 -2 -1 0 1 2 -2 -1 0 1 2 -2 -1 0 1 2 -2 -1 0 1 2 -2 -1 0 1 2 -2 -1 0 1 2 -2 -1 0 1 2 -2 -1 0 1 2 -2 -1 0 1 2 -2 -1 0 1 2 -2 -1 0 1 2 -2 -1 0 1 2 -2 -1 0 1 2 -2 -1 0 1 2 -2 -1 0 1 2 -2 -1 0 1 2 -2 -1 0 1 2 -2 -1 0 1 2 -2 -1 0 1 2 -2 -1 0 1 2 -2 -1 0 1 2 -2 -1 0 1 2 -2 -1 0 1 2 -2 -1 0 1 2 -2 -1 0 1 2 -2 -1 0 1 2 -2 -1 0 1 2 -2 -1 0 1 2 -2 -1 0 1 2 -2 -1 0 1 2 -2 -1 0 1 2 -2 -1 0 1 2 -2 -1 0 1 2 -2 -1 0 1 2 -2 -1 0 1 2 -2 -1 0 1 2 -2 -1 0 1 2 -2 -1 0 1 2 -2
1 -2 0 2 -1 1 -2 0 2 -1 1 -2 0 2 -1 1 -2 0 2 -1 1 -2 0 2 -1 1 -2 0 2 -1 1 -2 0 2 -1 1 -2 0 2 -1 1 -2 0 2 -1 1 -2 0 2 -1 1 -2 0 2 -1 1 -2 0 2 602 1 -2 0 2 -1 1 -2 0 2 -1 1 -2 0 2 -1 1 -2 0 2 -1 1 -2 0 2 -1 1 -2 0 2 -1 1 -2 0 2 -1 1 -2 0 2 -1 1 -2 0 2 -1 1 -2 0 2 -1 1 -2 0 2 -1 1 -2 0 2 -1 1 -2 0 2 -1 1 -2 0 2 -1 1 -2 0 2 -1 1 -2 0 2 -1 1 -2 0 2 -1 1 -2 0 2 -1 1 -2 0 2 -1 1 -2 0 2 -1 1 -2 0 2 -1 1 -2 0 2 -1 1 -2 0 2 -1 1 -2 0 2 -1 1 -2 0 2 -1 1 -2 0 2 -1 1 -2 0 2 -1 1 -2 0 2 -1 1 -2 0 2 -1 1 -2 0 2 -1 1 -2 0 2 -1 1 -2 0 2 -1 1 -2 0 2 -1 1 -2 0 2 -1 1 -2 0 2 -1 1 -2 0 2 -1 1 -2 0 2 -1 1 -2 0 2 -1 1 -2 0 2 -1 1 -2 0 2 -1 1 -2 0 2 -1 1 -2 0 2 -1 1 -2 0 2 -1 1 -2 0 2 -1 1 -2 0 2 -1 1 -2 0 2 -1 1 -2 0 2 -1 1 -2 0 2 -1 1 -2 0 2 -1 1 -2 0 2 -1 1 -2 0 2 -1 1 -2 0 2 -1 1 -2 0 2 -1 1 -2 0 2 -1 1 -2 0 2 -1 1 -2 0 2 -1 1 -2 0 2 -1 1 -2 0 2 -1 1 -2 0 2 -1 1 -2 0 2 -1 1 -2 0 2 -1 1 -2 0 2 -1 1 -2 0 2 -1 1 -2 0 2 -1 1 -2 0 2 -1 1 -2 0 2 -1 1 -2 0 2 -1 1 -2 0 2 -1 1 -2 0 2 -1 1 -2 0 2 -1 1 -2 0 2 -1 1 -2 0 2 -1 1 -2 0 2 -1 1 -2 0 2 -1 1 -2 0 2 -1 1 -2 0 2 -1 1 -2 0 2 -1 1 -2 0 2 -1 1 -2 0 2 -1 1 -2 0 2 -1 1 -2 0 2 -1 1 -2 0 2 -1 1 -2 0 2 -1 1 -2 0 2 -1 1 -2 0 2 -1 1 -2 0 2 -1 1 -2 0 2 -1 1 -2 0 2 -1
-2 1 -1 2 0 -2 1 -1 2 0 -2 1 -1 2 0 -2 1 -1 2 0 -2 1 -1 2 0 -2 1 -1 2 0 -2 1 -1 2 0 -2 1 -1 2 0 -2 1 -1 2 0 -2 1 -1 2 0 -2 1 -1 2 0 -2 1 -1 2 0 601 1 -1 2 0 -2 1 -1 2 0 -2 1 -1 2 0 -2 1 -1 2 0 -2 1 -1 2 0 -2 1 -1 2 0 -2 1 -1 2 0 -2 1 -1 2 0 -2 1 -1 2 0 -2 1 -1 2 0 -2 1 -1 2 0 -2 1 -1 2 0 -2 1 -1 2 0 -2 1 -1 2 0 -2 1 -1 2 0 -2 1 -1 2 0 -2 1 -1 2 0 -2 1 -1 2 0 -2 1 -1 2 0 -2 1 -1 2 0 -2 1 -1 2 0 -2 1 -1 2 0 -2 1 -1 2 0 -2 1 -1 2 0 -2 1 -1 2 0 -2 1 -1 2 0 -2 1 -1 2 0 -2 1 -1 2 0 -2 1 -1 2 0 -2 1 -1 2 0 -2 1 -1 2 0 -2 1 -1 2 0 -2 1 -1 2 0 -2 1 -1 2 0 -2 1 -1 2 0 -2 1 -1 2 0 -2 1 -1 2 0 -2 1 -1 2 0 -2 1 -1 2 0 -2 1 -1 2 0 -2 1 -1 2 0 -2 1 -1 2 0 -2 1 -1 2 0 -2 1 -1 2 0 -2 1 -1 2 0 -2 1 -1 2 0 -2 1 -1 2 0 -2 1 -1 2 0 -2 1 -1 2 0 -2 1 -1 2 0 -2 1 -1 2 0 -2 1 -1 2 0 -2 1 -1 2 0 -2 1 -1 2 0 -2 1 -1 2 0 -2 1 -1 2 0 -2 1 -1 2 0 -2 1 -1 2 0 -2 1 -1 2 0 -2 1 -1 2 0 -2 1 -1 2 0 -2 1 -1 2 0 -2 1 -1 2 0 -2 1 -1 2 0 -2 1 -1 2 0 -2 1 -1 2 0 -2 1 -1 2 0 -2 1 -1 2 0 -2 1 -1 2 0 -2 1 -1 2 0 -2 1 -1 2 0 -2 1 -1 2 0 -2 1 -1 2 0 -2 1 -1 2 0 -2 1 -1 2 0 -2 1 -1 2 0 -2 1 -1 2 0 -2 1 -1 2 0 -2 1 -1 2 0 -2 1 -1 2 0 -2 1 -1 2 0 -2 1 -1 2 0 -2 1 -1 2 0 -2 1 -1 2 0 -2 1 -1 2 0 -2 1 -1 2 0 -2 1 -1 2 0 -2 1 -1 2 0
0 -1 -2 2 1 0 -1 -2 2 1 0 -1 -2 2 1 0 -1 -2 2 1 0 -1 -2 2 1 0 -1 -2 2 1 0 -1 -2 2 1 0 -1 -2 2 1 0 -1 -2 2 1 0 -1 -2 2 1 0 -1 -2 2 1 0 -1 -2 2 1 0 602 -2 2 1 0 -1 -2 2 1 0 -1 -2 2 1 0 -1 -2 2 1 0 -1 -2 2 1 0 -1 -2 2 1 0 -1 -2 2 1 0 -1 -2 2 1 0 -1 -2 2 1 0 -1 -2 2 1 0 -1 -2 2 1 0 -1 -2 2 1 0 -1 -2 2 1 0 -1 -2 2 1 0 -1 -2 2 1 0 -1 -2 2 1 0 -1 -2 2 1 0 -1 -2 2 1 0 -1 -2 2 1 0 -1 -2 2 1 0 -1 -2 2 1 0 -1 -2 2 1 0 -1 -2 2 1 0 -1 -2 2 1 0 -1 -2 2 1 0 -1 -2 2 1 0 -1 -2 2 1 0 -1 -2 2 1 0 -1 -2 2 1 0 -1 -2 2 1 0 -1 -2 2 1 0 -1 -2 2 1 0 -1 -2 2 1 0 -1 -2 2 1 0 -1 -2 2 1 0 -1 -2 2 1 0 -1 -2 2 1 0 -1 -2 2 1 0 -1 -2 2 1 0 -1 -2 2 1 0 -1 -2 2 1 0 -1 -2 2 1 0 -1 -2 2 1 0 -1 -2 2 1 0 -1 -2 2 1 0 -1 -2 2 1 0 -1 -2 2 1 0 -1 -2 2 1 0 -1 -2 2 1 0 -1 -2 2 1 0 -1 -2 2 1 0 -1 -2 2 1 0 -1 -2 2 1 0 -1 -2 2 1 0 -1 -2 2 1 0 -1 -2 2 1 0 -1 -2 2 1 0 -1 -2 2 1 0 -1 -2 2 1 0 -1 -2 2 1 0 -1 -2 2 1 0 -1 -2 2 1 0 -1 -2 2 1 0 -1 -2 2 1 0 -1 -2 2 1 0 -1 -2 2 1 0 -1 -2 2 1 0 -1 -2 2 1 0 -1 -2 2 1 0 -1 -2 2 1 0 -1 -2 2 1 0 -1 -2 2 1 0 -1 -2 2 1 0 -1 -2 2 1 0 -1 -2 2 1 0 -1 -2 2 1 0 -1 -2 2 1 0 -1 -2 2 1 0 -1 -2 2 1 0 -1 -2 2 1 0 -1 -2 2 1 0 -1 -2 2 1 0 -1 -2 2 1 0 -1 -2 2 1 0 -1 -2 2 1 0 -1 -2 2 1 0 -1 -2 2 1 0 -1 -2 2 1
2 2 2 2 2 2 2 2 2 2 2 2 2 2 2 2 2 2 2 2 2 2 2 2 2 2 2 2 2 2 2 2 2 2 2 2 2 2 2 2 2 2 2 2 2 2 2 2 2 2 2 2 2 2 2 2 2 2 2 2 2 2 1001 2 2 2 2 2 2 2 2 2 2 2 2 2 2 2 2 2 2 2 2 2 2 2 2 2 2 2 2 2 2 2 2 2 2 2 2 2 2 2 2 2 2 2 2 2 2 2 2 2 2 2 2 2 2 2 2 2 2 2 2 2 2 2 2 2 2 2 2 2 2 2 2 2 2 2 2 2 2 2 2 2 2 2 2 2 2 2 2 2 2 2 2 2 2 2 2 2 2 2 2 2 2 2 2 2 2 2 2 2 2 2 2 2 2 2 2 2 2 2 2 2 2 2 2 2 2 2 2 2 2 2 2 2 2 2 2 2 2 2 2 2 2 2 2 2 2 2 2 2 2 2 2 2 2 2 2 2 2 2 2 2 2 2 2 2 2 2 2 2 2 2 2 2 2 2 2 2 2 2 2 2 2 2 2 2 2 2 2 2 2 2 2 2 2 2 2 2 2 2 2 2 2 2 2 2 2 2 2 2 2 2 2 2 2 2 2 2 2 2 2 2 2 2 2 2 2 2 2 2 2 2 2 2 2 2 2 2 2 2 2 2 2 2 2 2 2 2 2 2 2 2 2 2 2 2 2 2 2 2 2 2 2 2 2 2 2 2 2 2 2 2 2 2 2 2 2 2 2 2 2 2 2 2 2 2 2 2 2 2 2 2 2 2 2 2 2 2 2 2 2 2 2 2 2 2 2 2 2 2 2 2 2 2 2 2 2 2 2 2 2 2 2 2 2 2 2 2 2 2 2 2 2 2 2 2 2 2 2 2 2 2 2 2 2 2 2 2 2 2 2 2 2 2 2 2 2 2 2 2 2 2 2 2 2 2 2 2 2 2 2 2 2 2 2 2 2 2 2 2 2 2 2 2 2 2 2 2 2 2 2 2 2 2 2 2 2 2 2 2 2 2 2 2 2 2 2 2 2 2 2 2 2 2 2 2 2 2 2 2 2 2 2 2 2 2 2 2 2 2 2 2 2 2 2 2 2 2
-1 0 1 2 -2 -1 0 1 2 -2 -1 0 1 2 -2 -1 0 1 2 -2 -1 0 1 2 -2 -1 0 1 2 -2 -1 0 1 2 -2 -1 0 1 2 -2 -1 0 1 2 -2 -1 0 1 2 -2 -1 0 1 2 -2 -1 0 1 2 -2 -1 0 1 601 -2 -1 0 1 2 -2 -1 0 1 2 -2 -1 0 1 2 -2 -1 0 1 2 -2 -1 0 1 2 -2 -1 0 1 2 -2 -1 0 1 2 -2 -1 0 1 2 -2 -1 0 1 2 -2 -1 0 1 2 -2 -1 0 1 2 -2 -1 0 1 2 -2 -1 0 1 2 -2 -1 0 1 2 -2 -1 0 1 2 -2 -1 0 1 2 -2 -1 0 1 2 -2 -1 0 1 2 -2 -1 0 1 2 -2 -1 0 1 2 -2 -1 0 1 2 -2 -1 0 1 2 -2 -1 0 1 2 -2 -1 0 1 2 -2 -1 0 1 2 -2 -1 0 1 2 -2 -1 0 1 2 -2 -1 0 1 2 -2 -1 0 1 2 -2 -1 0 1 2 -2 -1 0 1 2 -2 -1 0 1 2 -2 -1 0 1 2 -2 -1 0 1 2 -2 -1 0 1 2 -2 -1 0 1 2 -2 -1 0 1 2 -2 -1 0 1 2 -2 -1 0 1 2 -2 -1 0 1 2 -2 -1 0 1 2 -2 -1 0 1 2 -2 -1 0 1 2 -2 -1 0 1 2 -2 -1 0 1 2 -2 -1 0 1 2 -2 -1 0 1 2 -2 -1 0 1 2 -2 -1 0 1 2 -2 -1 0 1 2 -2 -1 0 1 2 -2 -1 0 1 2 -2 -1 0 1 2 -2 -1 0 1 2 -2 -1 0 1 2 -2 -1 0 1 2 -2 -1 0 1 2 -2 -1 0 1 2 -2 -1 0 1 2 -2 -1 0 1 2 -2 -1 0 1 2 -2 -1 0 1 2 -2 -1 0 1 2 -2 -1 0 1 2 -2 -1 0 1 2 -2 -1 0 1 2 -2 -1 0 1 2 -2 -1 0 1 2 -2 -1 0 1 2 -2 -1 0 1 2 -2 -1 0 1 2 -2 -1 0 1 2 -2 -1 0 1 2 -2 -1 0 1 2 -2 -1 0 1 2 -2 -1 0 1 2 -2 -1 0 1 2 -2 -1 0 1 2 -2 -1 0 1 2 -2 -1 0 1 2 -2 -1 0 1 2 -2 -1 0 1 2 -2 -1 0 1 2 -2 -1 0 1 2 -2 -1 0 1 2 -2 -1 0 1 2 -2 -1 0 1 2 -2
1 -2 0 2 -1 1 -2 0 2 -1 1 -2 0 2 -1 1 -2 0 2 -1 1 -2 0 2 -1 1 -2 0 2 -1 1 -2 0 2 -1 1 -2 0 2 -1 1 -2 0 2 -1 1 -2 0 2 -1 1 -2 0 2 -1 1 -2 0 2 -1 1 -2 0 2 602 1 -2 0 2 -1 1 -2 0 2 -1 1 -2 0 2 -1 1 -2 0 2 -1 1 -2 0 2 -1 1 -2 0 2 -1 1 -2 0 2 -1 1 -2 0 2 -1 1 -2 0 2 -1 1 -2 0 2 -1 1 -2 0 2 -1 1 -2 0 2 -1 1 -2 0 2 -1 1 -2 0 2 -1 1 -2 0 2 -1 1 -2 0 2 -1 1 -2 0 2 -1 1 -2 0 2 -1 1 -2 0 2 -1 1 -2 0 2 -1 1 -2 0 2 -1 1 -2 0 2 -1 1 -2 0 2 -1 1 -2 0 2 -1 1 -2 0 2 -1 1 -2 0 2 -1 1 -2 0 2 -1 1 -2 0 2 -1 1 -2 0 2 -1 1 -2 0 2 -1 1 -2 0 2 -1 1 -2 0 2 -1 1 -2 0 2 -1 1 -2 0 2 -1 1 -2 0 2 -1 1 -2 0 2 -1 1 -2 0 2 -1 1 -2 0 2 -1 1 -2 0 2 -1 1 -2 0 2 -1 1 -2 0 2 -1 1 -2 0 2 -1 1 -2 0 2 -1 1 -2 0 2 -1 1 -2 0 2 -1 1 -2 0 2 -1 1 -2 0 2 -1 1 -2 0 2 -1 1 -2 0 2 -1 1 -2 0 2 -1 1 -2 0 2 -1 1 -2 0 2 -1 1 -2 0 2 -1 1 -2 0 2 -1 1 -2 0 2 -1 1 -2 0 2 -1 1 -2 0 2 -1 1 -2 0 2 -1 1 -2 0 2 -1 1 -2 0 2 -1 1 -2 0 2 -1 1 -2 0 2 -1 1 -2 0 2 -1 1 -2 0 2 -1 1 -2 0 2 -1 1 -2 0 2 -1 1 -2 0 2 -1 1 -2 0 2 -1 1 -2 0 2 -1 1 -2 0 2 -1 1 -2 0 2 -1 1 -2 0 2 -1 1 -2 0 2 -1 1 -2 0 2 -1 1 -2 0 2 -1 1 -2 0 2 -1 1 -2 0 2 -1 1 -2 0 2 -1 1 -2 0 2 -1 1 -2 0 2 -1 1 -2 0 2 -1 1 -2 0 2 -1 1 -2 0 2 -1 1 -2 0 2 -1 1 -2 0 2 -1 1 -2 0 2 -1 1 -2 0 2 -1
-2 1 -1 2 0 -2 1 -1 2 0 -2 1 -1 2 0 -2 1 -1 2 0 -2 1 -1 2 0 -2 1 -1 2 0 -2 1 -1 2 0 -2 1 -1 2 0 -2 1 -1 2 0 -2 1 -1 2 0 -2 1 -1 2 0 -2 1 -1 2 0 -2 1 -1 2 0 601 1 -1 2 0 -2 1 -1 2 0 -2 1 -1 2 0 -2 1 -1 2 0 -2 1 -1 2 0 -2 1 -1 2 0 -2 1 -1 2 0 -2 1 -1 2 0 -2 1 -1 2 0 -2 1 -1 2 0 -2 1 -1 2 0 -2 1 -1 2 0 -2 1 -1 2 0 -2 1 -1 2 0 -2 1 -1 2 0 -2 1 -1 2 0 -2 1 -1 2 0 -2 1 -1 2 0 -2 1 -1 2 0 -2 1 -1 2 0 -2 1 -1 2 0 -2 1 -1 2 0 -2 1 -1 2 0 -2 1 -1 2 0 -2 1 -1 2 0 -2 1 -1 2 0 -2 1 -1 2 0 -2 1 -1 2 0 -2 1 -1 2 0 -2 1 -1 2 0 -2 1 -1 2 0 -2 1 -1 2 0 -2 1 -1 2 0 -2 1 -1 2 0 -2 1 -1 2 0 -2 1 -1 2 0 -2 1 -1 2 0 -2 1 -1 2 0 -2 1 -1 2 0 -2 1 -1 2 0 -2 1 -1 2 0 -2 1 -1 2 0 -2 1 -1 2 0 -2 1 -1 2 0 -2 1 -1 2 0 -2 1 -1 2 0 -2 1 -1 2 0 -2 1 -1 2 0 -2 1 -1 2 0 -2 1 -1 2 0 -2 1 -1 2 0 -2 1 -1 2 0 -2 1 -1 2 0 -2 1 -1 2 0 -2 1 -1 2 0 -2 1 -1 2 0 -2 1 -1 2 0 -2 1 -1 2 0 -2 1 -1 2 0 -2 1 -1 2 0 -2 1 -1 2 0 -2 1 -1 2 0 -2 1 -1 2 0 -2 1 -1 2 0 -2 1 -1 2 0 -2 1 -1 2 0 -2 1 -1 2 0 -2 1 -1 2 0 -2 1 -1 2 0 -2 1 -1 2 0 -2 1 -1 2 0 -2 1 -1 2 0 -2 1 -1 2 0 -2 1 -1 2 0 -2 1 -1 2 0 -2 1 -1 2 0 -2 1 -1 2 0 -2 1 -1 2 0 -2 1 -1 2 0 -2 1 -1 2 0 -2 1 -1 2 0 -2 1 -1 2 0 -2 1 -1 2 0 -2 1 -1 2 0 -2 1 -1 2 0 -2 1 -1 2 0 -2 1 -1 2 0
0 -1 -2 2 1 0 -1 -2 2 1 0 -1 -2 2 1 0 -1 -2 2 1 0 -1 -2 2 1 0 -1 -2 2 1 0 -1 -2 2 1 0 -1 -2 2 1 0 -1 -2 2 1 0 -1 -2 2 1 0 -1 -2 2 1 0 -1 -2 2 1 0 -1 -2 2 1 0 602 -2 2 1 0 -1 -2 2 1 0 -1 -2 2 1 0 -1 -2 2 1 0 -1 -2 2 1 0 -1 -2 2 1 0 -1 -2 2 1 0 -1 -2 2 1 0 -1 -2 2 1 0 -1 -2 2 1 0 -1 -2 2 1 0 -1 -2 2 1 0 -1 -2 2 1 0 -1 -2 2 1 0 -1 -2 2 1 0 -1 -2 2 1 0 -1 -2 2 1 0 -1 -2 2 1 0 -1 -2 2 1 0 -1 -2 2 1 0 -1 -2 2 1 0 -1 -2 2 1 0 -1 -2 2 1 0 -1 -2 2 1 0 -1 -2 2 1 0 -1 -2 2 1 0 -1 -2 2 1 0 -1 -2 2 1 0 -1 -2 2 1 0 -1 -2 2 1 0 -1 -2 2 1 0 -1 -2 2 1 0 -1 -2 2 1 0 -1 -2 2 1 0 -1 -2 2 1 0 -1 -2 2 1 0 -1 -2 2 1 0 -1 -2 2 1 0 -1 -2 2 1 0 -1 -2 2 1 0 -1 -2 2 1 0 -1 -2 2 1 0 -1 -2 2 1 0 -1 -2 2 1 0 -1 -2 2 1 0 -1 -2 2 1 0 -1 -2 2 1 0 -1 -2 2 1 0 -1 -2 2 1 0 -1 -2 2 1 0 -1 -2 2 1 0 -1 -2 2 1 0 -1 -2 2 1 0 -1 -2 2 1 0 -1 -2 2 1 0 -1 -2 2 1 0 -1 -2 2 1 0 -1 -2 2 1 0 -1 -2 2 1 0 -1 -2 2 1 0 -1 -2 2 1 0 -1 -2 2 1 0 -1 -2 2 1 0 -1 -2 2 1 0 -1 -2 2 1 0 -1 -2 2 1 0 -1 -2 2 1 0 -1 -2 2 1 0 -1 -2 2 1 0 -1 -2 2 1 0 -1 -2 2 1 0 -1 -2 2 1 0 -1 -2 2 1 0 -1 -2 2 1 0 -1 -2 2 1 0 -1 -2 2 1 0 -1 -2 2 1 0 -1 -2 2 1 0 -1 -2 2 1 0 -1 -2 2 1 0 -1 -2 2 1 0 -1 -2 2 1 0 -1 -2 2 1 0 -1 -2 2 1 0 -1 -2 2 1 0 -1 -2 2 1 0 -1 -2 2 1
2 2 2 2 2 2 2 2 2 2 2 2 2 2 2 2 2 2 2 2 2 2 2 2 2 2 2 2 2 2 2 2 2 2 2 2 2 2 2 2 2 2 2 2 2 2 2 2 2 2 2 2 2 2 2 2 2 2 2 2 2 2 2 2 2 2 2 1001 2 2 2 2 2 2 2 2 2 2 2 2 2 2 2 2 2 2 2 2 2 2 2 2 2 2 2 2 2 2 2 2 2 2 2 2 2 2 2 2 2 2 2 2 2 2 2 2 2 2 2 2 2 2 2 2 2 2 2 2 2 2 2 2 2 2 2 2 2 2 2 2 2 2 2 2 2 2 2 2 2 2 2 2 2 2 2 2 2 2 2 2 2 2 2 2 2 2 2 2 2 2 2 2 2 2 2 2 2 2 2 2 2 2 2 2 2 2 2 2 2 2 2 2 2 2 2 2 2 2 2 2 2 2 2 2 2 2 2 2 2 2 2 2 2 2 2 2 2 2 2 2 2 2 2 2 2 2 2 2 2 2 2 2 2 2 2 2 2 2 2 2 2 2 2 2 2 2 2 2 2 2 2 2 2 2 2 2 2 2 2 2 2 2 2 2 2 2 2 2 2 2 2 2 2 2 2 2 2 2 2 2 2 2 2 2 2 2 2 2 2 2 2 2 2 2 2 2 2 2 2 2 2 2 2 2 2 2 2 2 2 2 2 2 2 2 2 2 2 2 2 2 2 2 2 2 2 2 2 2 2 2 2 2 2 2 2 2 2 2 2 2 2 2 2 2 2 2 2 2 2 2 2 2 2 2 2 2 2 2 2 2 2 2 2 2 2 2 2 2 2 2 2 2 2 2 2 2 2 2 2 2 2 2 2 2 2 2 2 2 2 2 2 2 2 2 2 2 2 2 2 2 2 2 2 2 2 2 2 2 2 2 2 2 2 2 2 2 2 2 2 2 2 2 2 2 2 2 2 2 2 2 2 2 2 2 2 2 2 2 2 2 2 2 2 2 2 2 2 2 2 2 2 2 2 2 2 2 2 2 2 2 2 2 2 2 2 2 2 2 2 2 2 2 2 2 2 2 2 2 2 2 2 2 2 2 2 2 2 2 2 2 2 2 2 2 2 2 2 2 2 2
-1 0 1 2 -2 -1 0 1 2 -2 -1 0 1 2 -2 -1 0 1 2 -2 -1 0 1 2 -2 -1 0 1 2 -2 -1 0 1 2 -2 -1 0 1 2 -2 -1 0 1 2 -2 -1 0 1 2 -2 -1 0 1 2 -2 -1 0 1 2 -2 -1 0 1 2 -2 -1 0 1 601 -2 -1 0 1 2 -2 -1 0 1 2 -2 -1 0 1 2 -2 -1 0 1 2 -2 -1 0 1 2 -2 -1 0 1 2 -2 -1 0 1 2 -2 -1 0 1 2 -2 -1 0 1 2 -2 -1 0 1 2 -2 -1 0 1 2 -2 -1 0 1 2 -2 -1 0 1 2 -2 -1 0 1 2 -2 -1 0 1 2 -2 -1 0 1 2 -2 -1 0 1 2 -2 -1 0 1 2 -2 -1 0 1 2 -2 -1 0 1 2 -2 -1 0 1 2 -2 -1 0 1 2 -2 -1 0 1 2 -2 -1 0 1 2 -2 -1 0 1 2 -2 -1 0 1 2 -2 -1 0 1 2 -2 -1 0 1 2 -2 -1 0 1 2 -2 -1 0 1 2 -2 -1 0 1 2 -2 -1 0 1 2 -2 -1 0 1 2 -2 -1 0 1 2 -2 -1 0 1 2 -2 -1 0 1 2 -2 -1 0 1 2 -2 -1 0 1 2 -2 -1 0 1 2 -2 -1 0 1 2 -2 -1 0 1 2 -2 -1 0 1 2 -2 -1 0 1 2 -2 -1 0 1 2 -2 -1 0 1 2 -2 -1 0 1 2 -2 -1 0 1 2 -2 -1 0 1 2 -2 -1 0 1 2 -2 -1 0 1 2 -2 -1 0 1 2 -2 -1 0 1 2 -2 -1 0 1 2 -2 -1 0 1 2 -2 -1 0 1 2 -2 -1 0 1 2 -2 -1 0 1 2 -2 -1 0 1 2 -2 -1 0 1 2 -2 -1 0 1 2 -2 -1 0 1 2 -2 -1 0 1 2 -2 -1 0 1 2 -2 -1 0 1 2 -2 -1 0 1 2 -2 -1 0 1 2 -2 -1 0 1 2 -2 -1 0 1 2 -2 -1 0 1 2 -2 -1 0 1 2 -2 -1 0 1 2 -2 -1 0 1 2 -2 -1 0 1 2 -2 -1 0 1 2 -2 -1 0 1 2 -2 -1 0 1 2 -2 -1 0 1 2 -2 -1 0 1 2 -2 -1 0 1 2 -2 -1 0 1 2 -2 -1 0 1 2 -2 -1 0 1 2 -2 -1 0 1 2 -2 -1 0 1 2 -2 -1 0 1 2 -2 -1 0 1 2 -2
1 -2 0 2 -1 1 -2 0 2 -1 1 -2 0 2 -1 1 -2 0 2 -1 1 -2 0 2 -1 1 -2 0 2 -1 1 -2 0 2 -1 1 -2 0 2 -1 1 -2 0 2 -1 1 -2 0 2 -1 1 -2 0 2 -1 1 -2 0 2 -1 1 -2 0 2 -1 1 -2 0 2 602 1 -2 0 2 -1 1 -2 0 2 -1 1 -2 0 2 -1 1 -2 0 2 -1 1 -2 0 2 -1 1 -2 0 2 -1 1 -2 0 2 -1 1 -2 0 2 -1 1 -2 0 2 -1 1 -2 0 2 -1 1 -2 0 2 -1 1 -2 0 2 -1 1 -2 0 2 -1 1 -2 0 2 -1 1 -2 0 2 -1 1 -2 0 2 -1 1 -2 0 2 -1 1 -2 0 2 -1 1 -2 0 2 -1 1 -2 0 2 -1 1 -2 0 2 -1 1 -2 0 2 -1 1 -2 0 2 -1 1 -2 0 2 -1 1 -2 0 2 -1 1 -2 0 2 -1 1 -2 0 2 -1 1 -2 0 2 -1 1 -2 0 2 -1 1 -2 0 2 -1 1 -2 0 2 -1 1 -2 0 2 -1 1 -2 0 2 -1 1 -2 0 2 -1 1 -2 0 2 -1 1 -2 0 2 -1 1 -2 0 2 -1 1 -2 0 2 -1 1 -2 0 2 -1 1 -2 0 2 -1 1 -2 0 2 -1 1 -2 0 2 -1 1 -2 0 2 -1 1 -2 0 2 -1 1 -2 0 2 -1 1 -2 0 2 -1 1 -2 0 2 -1 1 -2 0 2 -1 1 -2 0 2 -1 1 -2 0 2 -1 1 -2 0 2 -1 1 -2 0 2 -1 1 -2 0 2 -1 1 -2 0 2 -1 1 -2 0 2 -1 1 -2 0 2 -1 1 -2 0 2 -1 1 -2 0 2 -1 1 -2 0 2 -1 1 -2 0 2 -1 1 -2 0 2 -1 1 -2 0 2 -1 1 -2 0 2 -1 1 -2 0 2 -1 1 -2 0 2 -1 1 -2 0 2 -1 1 -2 0 2 -1 1 -2 0 2 -1 1 -2 0 2 -1 1 -2 0 2 -1 1 -2 0 2 -1 1 -2 0 2 -1 1 -2 0 2 -1 1 -2 0 2 -1 1 -2 0 2 -1 1 -2 0 2 -1 1 -2 0 2 -1 1 -2 0 2 -1 1 -2 0 2 -1 1 -2 0 2 -1 1 -2 0 2 -1 1 -2 0 2 -1 1 -2 0 2 -1 1 -2 0 2 -1 1 -2 0 2 -1 1 -2 0 2 -1
-2 1 -1 2 0 -2 1 -1 2 0 -2 1 -1 2 0 -2 1 -1 2 0 -2 1 -1 2 0 -2 1 -1 2 0 -2 1 -1 2 0 -2 1 -1 2 0 -2 1 -1 2 0 -2 1 -1 2 0 -2 1 -1 2 0 -2 1 -1 2 0 -2 1 -1 2 0 -2 1 -1 2 0 601 1 -1 2 0 -2 1 -1 2 0 -2 1 -1 2 0 -2 1 -1 2 0 -2 1 -1 2 0 -2 1 -1 2 0 -2 1 -1 2 0 -2 1 -1 2 0 -2 1 -1 2 0 -2 1 -1 2 0 -2 1 -1 2 0 -2 1 -1 2 0 -2 1 -1 2 0 -2 1 -1 2 0 -2 1 -1 2 0 -2 1 -1 2 0 -2 1 -1 2 0 -2 1 -1 2 0 -2 1 -1 2 0 -2 1 -1 2 0 -2 1 -1 2 0 -2 1 -1 2 0 -2 1 -1 2 0 -2 1 -1 2 0 -2 1 -1 2 0 -2 1 -1 2 0 -2 1 -1 2 0 -2 1 -1 2 0 -2 1 -1 2 0 -2 1 -1 2 0 -2 1 -1 2 0 -2 1 -1 2 0 -2 1 -1 2 0 -2 1 -1 2 0 -2 1 -1 2 0 -2 1 -1 2 0 -2 1 -1 2 0 -2 1 -1 2 0 -2 1 -1 2 0 -2 1 -1 2 0 -2 1 -1 2 0 -2 1 -1 2 0 -2 1 -1 2 0 -2 1 -1 2 0 -2 1 -1 2 0 -2 1 -1 2 0 -2 1 -1 2 0 -2 1 -1 2 0 -2 1 -1 2 0 -2 1 -1 2 0 -2 1 -1 2 0 -2 1 -1 2 0 -2 1 -1 2 0 -2 1 -1 2 0 -2 1 -1 2 0 -2 1 -1 2 0 -2 1 -1 2 0 -2 1 -1 2 0 -2 1 -1 2 0 -2 1 -1 2 0 -2 1 -1 2 0 -2 1 -1 2 0 -2 1 -1 2 0 -2 1 -1 2 0 -2 1 -1 2 0 -2 1 -1 2 0 -2 1 -1 2 0 -2 1 -1 2 0 -2 1 -1 2 0 -2 1 -1 2 0 -2 1 -1 2 0 -2 1 -1 2 0 -2 1 -1 2 0 -2 1 -1 2 0 -2 1 -1 2 0 -2 1 -1 2 0 -2 1 -1 2 0 -2 1 -1 2 0 -2 1 -1 2 0 -2 1 -1 2 0 -2 1 -1 2 0 -2 1 -1 2 0 -2 1 -1 2 0 -2 1 -1 2 0 -2 1 -1 2 0 -2 1 -1 2 0
0 -1 -2 2 1 0 -1 -2 2 1 0 -1 -2 2 1 0 -1 -2 2 1 0 -1 -2 2 1 0 -1 -2 2 1 0 -1 -2 2 1 0 -1 -2 2 1 0 -1 -2 2 1 0 -1 -2 2 1 0 -1 -2 2 1 0 -1 -2 2 1 0 -1 -2 2 1 0 -1 -2 2 1 0 602 -2 2 1 0 -1 -2 2 1 0 -1 -2 2 1 0 -1 -2 2 1 0 -1 -2 2 1 0 -1 -2 2 1 0 -1 -2 2 1 0 -1 -2 2 1 0 -1 -2 2 1 0 -1 -2 2 1 0 -1 -2 2 1 0 -1 -2 2 1 0 -1 -2 2 1 0 -1 -2 2 1 0 -1 -2 2 1 0 -1 -2 2 1 0 -1 -2 2 1 0 -1 -2 2 1 0 -1 -2 2 1 0 -1 -2 2 1 0 -1 -2 2 1 0 -1 -2 2 1 0 -1 -2 2 1 0 -1 -2 2 1 0 -1 -2 2 1 0 -1 -2 2 1 0 -1 -2 2 1 0 -1 -2 2 1 0 -1 -2 2 1 0 -1 -2 2 1 0 -1 -2 2 1 0 -1 -2 2 1 0 -1 -2 2 1 0 -1 -2 2 1 0 -1 -2 2 1 0 -1 -2 2 1 0 -1 -2 2 1 0 -1 -2 2 1 0 -1 -2 2 1 0 -1 -2 2 1 0 -1 -2 2 1 0 -1 -2 2 1 0 -1 -2 2 1 0 -1 -2 2 1 0 -1 -2 2 1 0 -1 -2 2 1 0 -1 -2 2 1 0 -1 -2 2 1 0 -1 -2 2 1 0 -1 -2 2 1 0 -1 -2 2 1 0 -1 -2 2 1 0 -1 -2 2 1 0 -1 -2 2 1 0 -1 -2 2 1 0 -1 -2 2 1 0 -1 -2 2 1 0 -1 -2 2 1 0 -1 -2 2 1 0 -1 -2 2 1 0 -1 -2 2 1 0 -1 -2 2 1 0 -1 -2 2 1 0 -1 -2 2 1 0 -1 -2 2 1 0 -1 -2 2 1 0 -1 -2 2 1 0 -1 -2 2 1 0 -1 -2 2 1 0 -1 -2 2 1 0 -1 -2 2 1 0 -1 -2 2 1 0 -1 -2 2 1 0 -1 -2 2 1 0 -1 -2 2 1 0 -1 -2 2 1 0 -1 -2 2 1 0 -1 -2 2 1 0 -1 -2 2 1 0 -1 -2 2 1 0 -1 -2 2 1 0 -1 -2 2 1 0 -1 -2 2 1 0 -1 -2 2 1 0 -1 -2 2 1 0 -1 -2 2 1
2 2 2 2 2 2 2 2 2 2 2 2 2 2 2 2 2 2 2 2 2 2 2 2 2 2 2 2 2 2 2 2 2 2 2 2 2 2 2 2 2 2 2 2 2 2 2 2 2 2 2 2 2 2 2 2 2 2 2 2 2 2 2 2 2 2 2 2 2 2 2 2 1001 2 2 2 2 2 2 2 2 2 2 2 2 2 2 2 2 2 2 2 2 2 2 2 2 2 2 2 2 2 2 2 2 2 2 2 2 2 2 2 2 2 2 2 2 2 2 2 2 2 2 2 2 2 2 2 2 2 2 2 2 2 2 2 2 2 2 2 2 2 2 2 2 2 2 2 2 2 2 2 2 2 2 2 2 2 2 2 2 2 2 2 2 2 2 2 2 2 2 2 2 2 2 2 2 2 2 2 2 2 2 2 2 2 2 2 2 2 2 2 2 2 2 2 2 2 2 2 2 2 2 2 2 2 2 2 2 2 2 2 2 2 2 2 2 2 2 2 2 2 2 2 2 2 2 2 2 2 2 2 2 2 2 2 2 2 2 2 2 2 2 2 2 2 2 2 2 2 2 2 2 2 2 2 2 2 2 2 2 2 2 2 2 2 2 2 2 2 2 2 2 2 2 2 2 2 2 2 2 2 2 2 2 2 2 2 2 2 2 2 2 2 2 2 2 2 2 2 2 2 2 2 2 2 2 2 2 2 2 2 2 2 2 2 2 2 2 2 2 2 2 2 2 2 2 2 2 2 2 2 2 2 2 2 2 2 2 2 2 2 2 2 2 2 2 2 2 2 2 2 2 2 2 2 2 2 2 2 2 2 2 2 2 2 2 2 2 2 2 2 2 2 2 2 2 2 2 2 2 2 2 2 2 2 2 2 2 2 2 2 2 2 2 2 2 2 2 2 2 2 2 2 2 2 2 2 2 2 2 2 2 2 2 2 2 2 2 2 2 2 2 2 2 2 2 2 2 2 2 2 2 2 2 2 2 2 2 2 2 2 2 2 2 2 2 2 2 2 2 2 2 2 2 2 2 2 2 2 2 2 2 2 2 2 2 2 2 2 2 2 2 2 2 2 2 2 2 2 2 2 2 2 2 2 2 2 2 2 2 2 2 2 2 2 2 2 2 2
-1 0 1 2 -2 -1 0 1 2 -2 -1 0 1 2 -2 -1 0 1 2 -2 -1 0 1 2 -2 -1 0 1 2 -2 -1 0 1 2 -2 -1 0 1 2 -2 -1 0 1 2 -2 -1 0 1 2 -2 -1 0 1 2 -2 -1 0 1 2 -2 -1 0 1 2 -2 -1 0 1 2 -2 -1 0 1 601 -2 -1 0 1 2 -2 -1 0 1 2 -2 -1 0 1 2 -2 -1 0 1 2 -2 -1 0 1 2 -2 -1 0 1 2 -2 -1 0 1 2 -2 -1 0 1 2 -2 -1 0 1 2 -2 -1 0 1 2 -2 -1 0 1 2 -2 -1 0 1 2 -2 -1 0 1 2 -2 -1 0 1 2 -2 -1 0 1 2 -2 -1 0 1 2 -2 -1 0 1 2 -2 -1 0 1 2 -2 -1 0 1 2 -2 -1 0 1 2 -2 -1 0 1 2 -2 -1 0 1 2 -2 -1 0 1 2 -2 -1 0 1 2 -2 -1 0 1 2 -2 -1 0 1 2 -2 -1 0 1 2 -2 -1 0 1 2 -2 -1 0 1 2 -2 -1 0 1 2 -2 -1 0 1 2 -2 -1 0 1 2 -2 -1 0 1 2 -2 -1 0 1 2 -2 -1 0 1 2 -2 -1 0 1 2 -2 -1 0 1 2 -2 -1 0 1 2 -2 -1 0 1 2 -2 -1 0 1 2 -2 -1 0 1 2 -2 -1 0 1 2 -2 -1 0 1 2 -2 -1 0 1 2 -2 -1 0 1 2 -2 -1 0 1 2 -2 -1 0 1 2 -2 -1 0 1 2 -2 -1 0 1 2 -2 -1 0 1 2 -2 -1 0 1 2 -2 -1 0 1 2 -2 -1 0 1 2 -2 -1 0 1 2 -2 -1 0 1 2 -2 -1 0 1 2 -2 -1 0 1 2 -2 -1 0 1 2 -2 -1 0 1 2 -2 -1 0 1 2 -2 -1 0 1 2 -2 -1 0 1 2 -2 -1 0 1 2 -2 -1 0 1 2 -2 -1 0 1 2 -2 -1 0 1 2 -2 -1 0 1 2 -2 -1 0 1 2 -2 -1 0 1 2 -2 -1 0 1 2 -2 -1 0 1 2 -2 -1 0 1 2 -2 -1 0 1 2 -2 -1 0 1 2 -2 -1 0 1 2 -2 -1 0 1 2 -2 -1 0 1 2 -2 -1 0 1 2 -2 -1 0 1 2 -2 -1 0 1 2 -2 -1 0 1 2 -2 -1 0 1 2 -2 -1 0 1 2 -2 -1 0 1 2 -2 -1 0 1 2 -2
1 -2 0 2 -1 1 -2 0 2 -1 1 -2 0 2 -1 1 -2 0 2 -1 1 -2 0 2 -1 1 -2 0 2 -1 1 -2 0 2 -1 1 -2 0 2 -1 1 -2 0 2 -1 1 -2 0 2 -1 1 -2 0 2 -1 1 -2 0 2 -1 1 -2 0 2 -1 1 -2 0 2 -1 1 -2 0 2 602 1 -2 0 2 -1 1 -2 0 2 -1 1 -2 0 2 -1 1 -2 0 2 -1 1 -2 0 2 -1 1 -2 0 2 -1 1 -2 0 2 -1 1 -2 0 2 -1 1 -2 0 2 -1 1 -2 0 2 -1 1 -2 0 2 -1 1 -2 0 2 -1 1 -2 0 2 -1 1 -2 0 2 -1 1 -2 0 2 -1 1 -2 0 2 -1 1 -2 0 2 -1 1 -2 0 2 -1 1 -2 0 2 -1 1 -2 0 2 -1 1 -2 0 2 -1 1 -2 0 2 -1 1 -2 0 2 -1 1 -2 0 2 -1 1 -2 0 2 -1 1 -2 0 2 -1 1 -2 0 2 -1 1 -2 0 2 -1 1 -2 0 2 -1 1 -2 0 2 -1 1 -2 0 2 -1 1 -2 0 2 -1 1 -2 0 2 -1 1 -2 0 2 -1 1 -2 0 2 -1 1 -2 0 2 -1 1 -2 0 2 -1 1 -2 0 2 -1 1 -2 0 2 -1 1 -2 0 2 -1 1 -2 0 2 -1 1 -2 0 2 -1 1 -2 0 2 -1 1 -2 0 2 -1 1 -2 0 2 -1 1 -2 0 2 -1 1 -2 0 2 -1 1 -2 0 2 -1 1 -2 0 2 -1 1 -2 0 2 -1 1 -2 0 2 -1 1 -2 0 2 -1 1 -2 0 2 -1 1 -2 0 2 -1 1 -2 0 2 -1 1 -2 0 2 -1 1 -2 0 2 -1 1 -2 0 2 -1 1 -2 0 2 -1 1 -2 0 2 -1 1 -2 0 2 -1 1 -2 0 2 -1 1 -2 0 2 -1 1 -2 0 2 -1 1 -2 0 2 -1 1 -2 0 2 -1 1 -2 0 2 -1 1 -2 0 2 -1 1 -2 0 2 -1 1 -2 0 2 -1 1 -2 0 2 -1 1 -2 0 2 -1 1 -2 0 2 -1 1 -2 0 2 -1 1 -2 0 2 -1 1 -2 0 2 -1 1 -2 0 2 -1 1 -2 0 2 -1 1 -2 0 2 -1 1 -2 0 2 -1 1 -2 0 2 -1 1 -2 0 2 -1 1 -2 0 2 -1 1 -2 0 2 -1 1 -2 0 2 -1
-2 1 -1 2 0 -2 1 -1 2 0 -2 1 -1 2 0 -2 1 -1 2 0 -2 1 -1 2 0 -2 1 -1 2 0 -2 1 -1 2 0 -2 1 -1 2 0 -2 1 -1 2 0 -2 1 -1 2 0 -2 1 -1 2 0 -2 1 -1 2 0 -2 1 -1 2 0 -2 1 -1 2 0 -2 1 -1 2 0 601 1 -1 2 0 -2 1 -1 2 0 -2 1 -1 2 0 -2 1 -1 2 0 -2 1 -1 2 0 -2 1 -1 2 0 -2 1 -1 2 0 -2 1 -1 2 0 -2 1 -1 2 0 -2 1 -1 2 0 -2 1 -1 2 0 -2 1 -1 2 0 -2 1 -1 2 0 -2 1 -1 2 0 -2 1 -1 2 0 -2 1 -1 2 0 -2 1 -1 2 0 -2 1 -1 2 0 -2 1 -1 2 0 -2 1 -1 2 0 -2 1 -1 2 0 -2 1 -1 2 0 -2 1 -1 2 0 -2 1 -1 2 0 -2 1 -1 2 0 -2 1 -1 2 0 -2 1 -1 2 0 -2 1 -1 2 0 -2 1 -1 2 0 -2 1 -1 2 0 -2 1 -1 2 0 -2 1 -1 2 0 -2 1 -1 2 0 -2 1 -1 2 0 -2 1 -1 2 0 -2 1 -1 2 0 -2 1 -1 2 0 -2 1 -1 2 0 -2 1 -1 2 0 -2 1 -1 2 0 -2 1 -1 2 0 -2 1 -1 2 0 -2 1 -1 2 0 -2 1 -1 2 0 -2 1 -1 2 0 -2 1 -1 2 0 -2 1 -1 2 0 -2 1 -1 2 0 -2 1 -1 2 0 -2 1 -1 2 0 -2 1 -1 2 0 -2 1 -1 2 0 -2 1 -1 2 0 -2 1 -1 2 0 -2 1 -1 2 0 -2 1 -1 2 0 -2 1 -1 2 0 -2 1 -1 2 0 -2 1 -1 2 0 -2 1 -1 2 0 -2 1 -1 2 0 -2 1 -1 2 0 -2 1 -1 2 0 -2 1 -1 2 0 -2 1 -1 2 0 -2 1 -1 2 0 -2 1 -1 2 0 -2 1 -1 2 0 -2 1 -1 2 0 -2 1 -1 2 0 -2 1 -1 2 0 -2 1 -1 2 0 -2 1 -1 2 0 -2 1 -1 2 0 -2 1 -1 2 0 -2 1 -1 2 0 -2 1 -1 2 0 -2 1 -1 2 0 -2 1 -1 2 0 -2 1 -1 2 0 -2 1 -1 2 0 -2 1 -1 2 0 -2 1 -1 2 0 -2 1 -1 2 0 -2 1 -1 2 0
0 -1 -2 2 1 0 -1 -2 2 1 0 -1 -2 2 1 0 -1 -2 2 1 0 -1 -2 2 1 0 -1 -2 2 1 0 -1 -2 2 1 0 -1 -2 2 1 0 -1 -2 2 1 0 -1 -2 2 1 0 -1 -2 2 1 0 -1 -2 2 1 0 -1 -2 2 1 0 -1 -2 2 1 0 -1 -2 2 1 0 602 -2 2 1 0 -1 -2 2 1 0 -1 -2 2 1 0 -1 -2 2 1 0 -1 -2 2 1 0 -1 -2 2 1 0 -1 -2 2 1 0 -1 -2 2 1 0 -1 -2 2 1 0 -1 -2 2 1 0 -1 -2 2 1 0 -1 -2 2 1 0 -1 -2 2 1 0 -1 -2 2 1 0 -1 -2 2 1 0 -1 -2 2 1 0 -1 -2 2 1 0 -1 -2 2 1 0 -1 -2 2 1 0 -1 -2 2 1 0 -1 -2 2 1 0 -1 -2 2 1 0 -1 -2 2 1 0 -1 -2 2 1 0 -1 -2 2 1 0 -1 -2 2 1 0 -1 -2 2 1 0 -1 -2 2 1 0 -1 -2 2 1 0 -1 -2 2 1 0 -1 -2 2 1 0 -1 -2 2 1 0 -1 -2 2 1 0 -1 -2 2 1 0 -1 -2 2 1 0 -1 -2 2 1 0 -1 -2 2 1 0 -1 -2 2 1 0 -1 -2 2 1 0 -1 -2 2 1 0 -1 -2 2 1 0 -1 -2 2 1 0 -1 -2 2 1 0 -1 -2 2 1 0 -1 -2 2 1 0 -1 -2 2 1 0 -1 -2 2 1 0 -1 -2 2 1 0 -1 -2 2 1 0 -1 -2 2 1 0 -1 -2 2 1 0 -1 -2 2 1 0 -1 -2 2 1 0 -1 -2 2 1 0 -1 -2 2 1 0 -1 -2 2 1 0 -1 -2 2 1 0 -1 -2 2 1 0 -1 -2 2 1 0 -1 -2 2 1 0 -1 -2 2 1 0 -1 -2 2 1 0 -1 -2 2 1 0 -1 -2 2 1 0 -1 -2 2 1 0 -1 -2 2 1 0 -1 -2 2 1 0 -1 -2 2 1 0 -1 -2 2 1 0 -1 -2 2 1 0 -1 -2 2 1 0 -1 -2 2 1 0 -1 -2 2 1 0 -1 -2 2 1 0 -1 -2 2 1 0 -1 -2 2 1 0 -1 -2 2 1 0 -1 -2 2 1 0 -1 -2 2 1 0 -1 -2 2 1 0 -1 -2 2 1 0 -1 -2 2 1 0 -1 -2 2 1 0 -1 -2 2 1 0 -1 -2 2 1
2 2 2 2 2 2 2 2 2 2 2 2 2 2 2 2 2 2 2 2 2 2 2 2 2 2 2 2 2 2 2 2 2 2 2 2 2 2 2 2 2 2 2 2 2 2 2 2 2 2 2 2 2 2 2 2 2 2 2 2 2 2 2 2 2 2 2 2 2 2 2 2 2 2 2 2 2 1001 2 2 2 2 2 2 2 2 2 2 2 2 2 2 2 2 2 2 2 2 2 2 2 2 2 2 2 2 2 2 2 2 2 2 2 2 2 2 2 2 2 2 2 2 2 2 2 2 2 2 2 2 2 2 2 2 2 2 2 2 2 2 2 2 2 2 2 2 2 2 2 2 2 2 2 2 2 2 2 2 2 2 2 2 2 2 2 2 2 2 2 2 2 2 2 2 2 2 2 2 2 2 2 2 2 2 2 2 2 2 2 2 2 2 2 2 2 2 2 2 2 2 2 2 2 2 2 2 2 2 2 2 2 2 2 2 2 2 2 2 2 2 2 2 2 2 2 2 2 2 2 2 2 2 2 2 2 2 2 2 2 2 2 2 2 2 2 2 2 2 2 2 2 2 2 2 2 2 2 2 2 2 2 2 2 2 2 2 2 2 2 2 2 2 2 2 2 2 2 2 2 2 2 2 2 2 2 2 2 2 2 2 2 2 2 2 2 2 2 2 2 2 2 2 2 2 2 2 2 2 2 2 2 2 2 2 2 2 2 2 2 2 2 2 2 2 2 2 2 2 2 2 2 2 2 2 2 2 2 2 2 2 2 2 2 2 2 2 2 2 2 2 2 2 2 2 2 2 2 2 2 2 2 2 2 2 2 2 2 2 2 2 2 2 2 2 2 2 2 2 2 2 2 2 2 2 2 2 2 2 2 2 2 2 2 2 2 2 2 2 2 2 2 2 2 2 2 2 2 2 2 2 2 2 2 2 2 2 2 2 2 2 2 2 2 2 2 2 2 2 2 2 2 2 2 2 2 2 2 2 2 2 2 2 2 2 2 2 2 2 2 2 2 2 2 2 2 2 2 2 2 2 2 2 2 2 2 2 2 2 2 2 2 2 2 2 2 2 2 2 2 2 2 2 2 2 2 2 2 2 2 2 2 2 2 2 2 2 2 2 2 2
-1 0 1 2 -2 -1 0 1 2 -2 -1 0 1 2 -2 -1 0 1 2 -2 -1 0 1 2 -2 -1 0 1 2 -2 -1 0 1 2 -2 -1 0 1 2 -2 -1 0 1 2 -2 -1 0 1 2 -2 -1 0 1 2 -2 -1 0 1 2 -2 -1 0 1 2 -2 -1 0 1 2 -2 -1 0 1 2 -2 -1 0 1 601 -2 -1 0 1 2 -2 -1 0 1 2 -2 -1 0 1 2 -2 -1 0 1 2 -2 -1 0 1 2 -2 -1 0 1 2 -2 -1 0 1 2 -2 -1 0 1 2 -2 -1 0 1 2 -2 -1 0 1 2 -2 -1 0 1 2 -2 -1 0 1 2 -2 -1 0 1 2 -2 -1 0 1 2 -2 -1 0 1 2 -2 -1 0 1 2 -2 -1 0 1 2 -2 -1 0 1 2 -2 -1 0 1 2 -2 -1 0 1 2 -2 -1 0 1 2 -2 -1 0 1 2 -2 -1 0 1 2 -2 -1 0 1 2 -2 -1 0 1 2 -2 -1 0 1 2 -2 -1 0 1 2 -2 -1 0 1 2 -2 -1 0 1 2 -2 -1 0 1 2 -2 -1 0 1 2 -2 -1 0 1 2 -2 -1 0 1 2 -2 -1 0 1 2 -2 -1 0 1 2 -2 -1 0 1 2 -2 -1 0 1 2 -2 -1 0 1 2 -2 -1 0 1 2 -2 -1 0 1 2 -2 -1 0 1 2 -2 -1 0 1 2 -2 -1 0 1 2 -2 -1 0 1 2 -2 -1 0 1 2 -2 -1 0 1 2 -2 -1 0 1 2 -2 -1 0 1 2 -2 -1 0 1 2 -2 -1 0 1 2 -2 -1 0 1 2 -2 -1 0 1 2 -2 -1 0 1 2 -2 -1 0 1 2 -2 -1 0 1 2 -2 -1 0 1 2 -2 -1 0 1 2 -2 -1 0 1 2 -2 -1 0 1 2 -2 -1 0 1 2 -2 -1 0 1 2 -2 -1 0 1 2 -2 -1 0 1 2 -2 -1 0 1 2 -2 -1 0 1 2 -2 -1 0 1 2 -2 -1 0 1 2 -2 -1 0 1 2 -2 -1 0 1 2 -2 -1 0 1 2 -2 -1 0 1 2 -2 -1 0 1 2 -2 -1 0 1 2 -2 -1 0 1 2 -2 -1 0 1 2 -2 -1 0 1 2 -2 -1 0 1 2 -2 -1 0 1 2 -2 -1 0 1 2 -2 -1 0 1 2 -2 -1 0 1 2 -2 -1 0 1 2 -2 -1 0 1 2 -2 -1 0 1 2 -2
1 -2 0 2 -1 1 -2 0 2 -1 1 -2 0 2 -1 1 -2 0 2 -1 1 -2 0 2 -1 1 -2 0 2 -1 1 -2 0 2 -1 1 -2 0 2 -1 1 -2 0 2 -1 1 -2 0 2 -1 1 -2 0 2 -1 1 -2 0 2 -1 1 -2 0 2 -1 1 -2 0 2 -1 1 -2 0 2 -1 1 -2 0 2 602 1 -2 0 2 -1 1 -2 0 2 -1 1 -2 0 2 -1 1 -2 0 2 -1 1 -2 0 2 -1 1 -2 0 2 -1 1 -2 0 2 -1 1 -2 0 2 -1 1 -2 0 2 -1 1 -2 0 2 -1 1 -2 0 2 -1 1 -2 0 2 -1 1 -2 0 2 -1 1 -2 0 2 -1 1 -2 0 2 -1 1 -2 0 2 -1 1 -2 0 2 -1 1 -2 0 2 -1 1 -2 0 2 -1 1 -2 0 2 -1 1 -2 0 2 -1 1 -2 0 2 -1 1 -2 0 2 -1 1 -2 0 2 -1 1 -2 0 2 -1 1 -2 0 2 -1 1 -2 0 2 -1 1 -2 0 2 -1 1 -2 0 2 -1 1 -2 0 2 -1 1 -2 0 2 -1 1 -2 0 2 -1 1 -2 0 2 -1 1 -2 0 2 -1 1 -2 0 2 -1 1 -2 0 2 -1 1 -2 0 2 -1 1 -2 0 2 -1 1 -2 0 2 -1 1 -2 0 2 -1 1 -2 0 2 -1 1 -2 0 2 -1 1 -2 0 2 -1 1 -2 0 2 -1 1 -2 0 2 -1 1 -2 0 2 -1 1 -2 0 2 -1 1 -2 0 2 -1 1 -2 0 2 -1 1 -2 0 2 -1 1 -2 0 2 -1 1 -2 0 2 -1 1 -2 0 2 -1 1 -2 0 2 -1 1 -2 0 2 -1 1 -2 0 2 -1 1 -2 0 2 -1 1 -2 0 2 -1 1 -2 0 2 -1 1 -2 0 2 -1 1 -2 0 2 -1 1 -2 0 2 -1 1 -2 0 2 -1 1 -2 0 2 -1 1 -2 0 2 -1 1 -2 0 2 -1 1 -2 0 2 -1 1 -2 0 2 -1 1 -2 0 2 -1 1 -2 0 2 -1 1 -2 0 2 -1 1 -2 0 2 -1 1 -2 0 2 -1 1 -2 0 2 -1 1 -2 0 2 -1 1 -2 0 2 -1 1 -2 0 2 -1 1 -2 0 2 -1 1 -2 0 2 -1 1 -2 0 2 -1 1 -2 0 2 -1 1 -2 0 2 -1 1 -2 0 2 -1 1 -2 0 2 -1
-2 1 -1 2 0 -2 1 -1 2 0 -2 1 -1 2 0 -2 1 -1 2 0 -2 1 -1 2 0 -2 1 -1 2 0 -2 1 -1 2 0 -2 1 -1 2 0 -2 1 -1 2 0 -2 1 -1 2 0 -2 1 -1 2 0 -2 1 -1 2 0 -2 1 -1 2 0 -2 1 -1 2 0 -2 1 -1 2 0 -2 1 -1 2 0 601 1 -1 2 0 -2 1 -1 2 0 -2 1 -1 2 0 -2 1 -1 2 0 -2 1 -1 2 0 -2 1 -1 2 0 -2 1 -1 2 0 -2 1 -1 2 0 -2 1 -1 2 0 -2 1 -1 2 0 -2 1 -1 2 0 -2 1 -1 2 0 -2 1 -1 2 0 -2 1 -1 2 0 -2 1 -1 2 0 -2 1 -1 2 0 -2 1 -1 2 0 -2 1 -1 2 0 -2 1 -1 2 0 -2 1 -1 2 0 -2 1 -1 2 0 -2 1 -1 2 0 -2 1 -1 2 0 -2 1 -1 2 0 -2 1 -1 2 0 -2 1 -1 2 0 -2 1 -1 2 0 -2 1 -1 2 0 -2 1 -1 2 0 -2 1 -1 2 0 -2 1 -1 2 0 -2 1 -1 2 0 -2 1 -1 2 0 -2 1 -1 2 0 -2 1 -1 2 0 -2 1 -1 2 0 -2 1 -1 2 0 -2 1 -1 2 0 -2 1 -1 2 0 -2 1 -1 2 0 -2 1 -1 2 0 -2 1 -1 2 0 -2 1 -1 2 0 -2 1 -1 2 0 -2 1 -1 2 0 -2 1 -1 2 0 -2 1 -1 2 0 -2 1 -1 2 0 -2 1 -1 2 0 -2 1 -1 2 0 -2 1 -1 2 0 -2 1 -1 2 0 -2 1 -1 2 0 -2 1 -1 2 0 -2 1 -1 2 0 -2 1 -1 2 0 -2 1 -1 2 0 -2 1 -1 2 0 -2 1 -1 2 0 -2 1 -1 2 0 -2 1 -1 2 0 -2 1 -1 2 0 -2 1 -1 2 0 -2 1 -1 2 0 -2 1 -1 2 0 -2 1 -1 2 0 -2 1 -1 2 0 -2 1 -1 2 0 -2 1 -1 2 0 -2 1 -1 2 0 -2 1 -1 2 0 -2 1 -1 2 0 -2 1 -1 2 0 -2 1 -1 2 0 -2 1 -1 2 0 -2 1 -1 2 0 -2 1 -1 2 0 -2 1 -1 2 0 -2 1 -1 2 0 -2 1 -1 2 0 -2 1 -1 2 0 -2 1 -1 2 0 -2 1 -1 2 0 -2 1 -1 2 0
0 -1 -2 2 1 0 -1 -2 2 1 0 -1 -2 2 1 0 -1 -2 2 1 0 -1 -2 2 1 0 -1 -2 2 1 0 -1 -2 2 1 0 -1 -2 2 1 0 -1 -2 2 1 0 -1 -2 2 1 0 -1 -2 2 1 0 -1 -2 2 1 0 -1 -2 2 1 0 -1 -2 2 1 0 -1 -2 2 1 0 -1 -2 2 1 0 602 -2 2 1 0 -1 -2 2 1 0 -1 -2 2 1 0 -1 -2 2 1 0 -1 -2 2 1 0 -1 -2 2 1 0 -1 -2 2 1 0 -1 -2 2 1 0 -1 -2 2 1 0 -1 -2 2 1 0 -1 -2 2 1 0 -1 -2 2 1 0 -1 -2 2 1 0 -1 -2 2 1 0 -1 -2 2 1 0 -1 -2 2 1 0 -1 -2 2 1 0 -1 -2 2 1 0 -1 -2 2 1 0 -1 -2 2 1 0 -1 -2 2 1 0 -1 -2 2 1 0 -1 -2 2 1 0 -1 -2 2 1 0 -1 -2 2 1 0 -1 -2 2 1 0 -1 -2 2 1 0 -1 -2 2 1 0 -1 -2 2 1 0 -1 -2 2 1 0 -1 -2 2 1 0 -1 -2 2 1 0 -1 -2 2 1 0 -1 -2 2 1 0 -1 -2 2 1 0 -1 -2 2 1 0 -1 -2 2 1 0 -1 -2 2 1 0 -1 -2 2 1 0 -1 -2 2 1 0 -1 -2 2 1 0 -1 -2 2 1 0 -1 -2 2 1 0 -1 -2 2 1 0 -1 -2 2 1 0 -1 -2 2 1 0 -1 -2 2 1 0 -1 -2 2 1 0 -1 -2 2 1 0 -1 -2 2 1 0 -1 -2 2 1 0 -1 -2 2 1 0 -1 -2 2 1 0 -1 -2 2 1 0 -1 -2 2 1 0 -1 -2 2 1 0 -1 -2 2 1 0 -1 -2 2 1 0 -1 -2 2 1 0 -1 -2 2 1 0 -1 -2 2 1 0 -1 -2 2 1 0 -1 -2 2 1 0 -1 -2 2 1 0 -1 -2 2 1 0 -1 -2 2 1 0 -1 -2 2 1 0 -1 -2 2 1 0 -1 -2 2 1 0 -1 -2 2 1 0 -1 -2 2 1 0 -1 -2 2 1 0 -1 -2 2 1 0 -1 -2 2 1 0 -1 -2 2 1 0 -1 -2 2 1 0 -1 -2 2 1 0 -1 -2 2 1 0 -1 -2 2 1 0 -1 -2 2 1 0 -1 -2 2 1 0 -1 -2 2 1 0 -1 -2 2 1 0 -1 -2 2 1
2 2 2 2 2 2 2 2 2 2 2 2 2 2 2 2 2 2 2 2 2 2 2 2 2 2 2 2 2 2 2 2 2 2 2 2 2 2 2 2 2 2 2 2 2 2 2 2 2 2 2 2 2 2 2 2 2 2 2 2 2 2 2 2 2 2 2 2 2 2 2 2 2 2 2 2 2 2 2 2 2 2 1001 2 2 2 2 2 2 2 2 2 2 2 2 2 2 2 2 2 2 2 2 2 2 2 2 2 2 2 2 2 2 2 2 2 2 2 2 2 2 2 2 2 2 2 2 2 2 2 2 2 2 2 2 2 2 2 2 2 2 2 2 2 2 2 2 2 2 2 2 2 2 2 2 2 2 2 2 2 2 2 2 2 2 2 2 2 2 2 2 2 2 2 2 2 2 2 2 2 2 2 2 2 2 2 2 2 2 2 2 2 2 2 2 2 2 2 2 2 2 2 2 2 2 2 2 2 2 2 2 2 2 2 2 2 2 2 2 2 2 2 2 2 2 2 2 2 2 2 2 2 2 2 2 2 2 2 2 2 2 2 2 2 2 2 2 2 2 2 2 2 2 2 2 2 2 2 2 2 2 2 2 2 2 2 2 2 2 2 2 2 2 2 2 2 2 2 2 2 2 2 2 2 2 2 2 2 2 2 2 2 2 2 2 2 2 2 2 2 2 2 2 2 2 2 2 2 2 2 2 2 2 2 2 2 2 2 2 2 2 2 2 2 2 2 2 2 2 2 2 2 2 2 2 2 2 2 2 2 2 2 2 2 2 2 2 2 2 2 2 2 2 2 2 2 2 2 2 2 2 2 2 2 2 2 2 2 2 2 2 2 2 2 2 2 2 2 2 2 2 2 2 2 2 2 2 2 2 2 2 2 2 2 2 2 2 2 2 2 2 2 2 2 2 2 2 2 2 2 2 2 2 2 2 2 2 2 2 2 2 2 2 2 2 2 2 2 2 2 2 2 2 2 2 2 2 2 2 2 2 2 2 2 2 2 2 2 2 2 2 2 2 2 2 2 2 2 2 2 2 2 2 2 2 2 2 2 2 2 2 2 2 2 2 2 2 2 2 2 2 2 2 2 2 2 2 2 2 2 2 2 2 2 2 2 2 2 2 2
-1 0 1 2 -2 -1 0 1 2 -2 -1 0 1 2 -2 -1 0 1 2 -2 -1 0 1 2 -2 -1 0 1 2 -2 -1 0 1 2 -2 -1 0 1 2 -2 -1 0 1 2 -2 -1 0 1 2 -2 -1 0 1 2 -2 -1 0 1 2 -2 -1 0 1 2 -2 -1 0 1 2 -2 -1 0 1 2 -2 -1 0 1 2 -2 -1 0 1 601 -2 -1 0 1 2 -2 -1 0 1 2 -2 -1 0 1 2 -2 -1 0 1 2 -2 -1 0 1 2 -2 -1 0 1 2 -2 -1 0 1 2 -2 -1 0 1 2 -2 -1 0 1 2 -2 -1 0 1 2 -2 -1 0 1 2 -2 -1 0 1 2 -2 -1 0 1 2 -2 -1 0 1 2 -2 -1 0 1 2 -2 -1 0 1 2 -2 -1 0 1 2 -2 -1 0 1 2 -2 -1 0 1 2 -2 -1 0 1 2 -2 -1 0 1 2 -2 -1 0 1 2 -2 -1 0 1 2 -2 -1 0 1 2 -2 -1 0 1 2 -2 -1 0 1 2 -2 -1 0 1 2 -2 -1 0 1 2 -2 -1 0 1 2 -2 -1 0 1 2 -2 -1 0 1 2 -2 -1 0 1 2 -2 -1 0 1 2 -2 -1 0 1 2 -2 -1 0 1 2 -2 -1 0 1 2 -2 -1 0 1 2 -2 -1 0 1 2 -2 -1 0 1 2 -2 -1 0 1 2 -2 -1 0 1 2 -2 -1 0 1 2 -2 -1 0 1 2 -2 -1 0 1 2 -2 -1 0 1 2 -2 -1 0 1 2 -2 -1 0 1 2 -2 -1 0 1 2 -2 -1 0 1 2 -2 -1 0 1 2 -2 -1 0 1 2 -2 -1 0 1 2 -2 -1 0 1 2 -2 -1 0 1 2 -2 -1 0 1 2 -2 -1 0 1 2 -2 -1 0 1 2 -2 -1 0 1 2 -2 -1 0 1 2 -2 -1 0 1 2 -2 -1 0 1 2 -2 -1 0 1 2 -2 -1 0 1 2 -2 -1 0 1 2 -2 -1 0 1 2 -2 -1 0 1 2 -2 -1 0 1 2 -2 -1 0 1 2 -2 -1 0 1 2 -2 -1 0 1 2 -2 -1 0 1 2 -2 -1 0 1 2 -2 -1 0 1 2 -2 -1 0 1 2 -2 -1 0 1 2 -2 -1 0 1 2 -2 -1 0 1 2 -2 -1 0 1 2 -2 -1 0 1 2 -2 -1 0 1 2 -2 -1 0 1 2 -2 -1 0 1 2 -2 -1 0 1 2 -2
1 -2 0 2 -1 1 -2 0 2 -1 1 -2 0 2 -1 1 -2 0 2 -1 1 -2 0 2 -1 1 -2 0 2 -1 1 -2 0 2 -1 1 -2 0 2 -1 1 -2 0 2 -1 1 -2 0 2 -1 1 -2 0 2 -1 1 -2 0 2 -1 1 -2 0 2 -1 1 -2 0 2 -1 1 -2 0 2 -1 1 -2 0 2 -1 1 -2 0 2 602 1 -2 0 2 -1 1 -2 0 2 -1 1 -2 0 2 -1 1 -2 0 2 -1 1 -2 0 2 -1 1 -2 0 2 -1 1 -2 0 2 -1 1 -2 0 2 -1 1 -2 0 2 -1 1 -2 0 2 -1 1 -2 0 2 -1 1 -2 0 2 -1 1 -2 0 2 -1 1 -2 0 2 -1 1 -2 0 2 -1 1 -2 0 2 -1 1 -2 0 2 -1 1 -2 0 2 -1 1 -2 0 2 -1 1 -2 0 2 -1 1 -2 0 2 -1 1 -2 0 2 -1 1 -2 0 2 -1 1 -2 0 2 -1 1 -2 0 2 -1 1 -2 0 2 -1 1 -2 0 2 -1 1 -2 0 2 -1 1 -2 0 2 -1 1 -2 0 2 -1 1 -2 0 2 -1 1 -2 0 2 -1 1 -2 0 2 -1 1 -2 0 2 -1 1 -2 0 2 -1 1 -2 0 2 -1 1 -2 0 2 -1 1 -2 0 2 -1 1 -2 0 2 -1 1 -2 0 2 -1 1 -2 0 2 -1 1 -2 0 2 -1 1 -2 0 2 -1 1 -2 0 2 -1 1 -2 0 2 -1 1 -2 0 2 -1 1 -2 0 2 -1 1 -2 0 2 -1 1 -2 0 2 -1 1 -2 0 2 -1 1 -2 0 2 -1 1 -2 0 2 -1 1 -2 0 2 -1 1 -2 0 2 -1 1 -2 0 2 -1 1 -2 0 2 -1 1 -2 0 2 -1 1 -2 0 2 -1 1 -2 0 2 -1 1 -2 0 2 -1 1 -2 0 2 -1 1 -2 0 2 -1 1 -2 0 2 -1 1 -2 0 2 -1 1 -2 0 2 -1 1 -2 0 2 -1 1 -2 0 2 -1 1 -2 0 2 -1 1 -2 0 2 -1 1 -2 0 2 -1 1 -2 0 2 -1 1 -2 0 2 -1 1 -2 0 2 -1 1 -2 0 2 -1 1 -2 0 2 -1 1 -2 0 2 -1 1 -2 0 2 -1 1 -2 0 2 -1 1 -2 0 2 -1 1 -2 0 2 -1 1 -2 0 2 -1 1 -2 0 2 -1 1 -2 0 2 -1
-2 1 -1 2 0 -2 1 -1 2 0 -2 1 -1 2 0 -2 1 -1 2 0 -2 1 -1 2 0 -2 1 -1 2 0 -2 1 -1 2 0 -2 1 -1 2 0 -2 1 -1 2 0 -2 1 -1 2 0 -2 1 -1 2 0 -2 1 -1 2 0 -2 1 -1 2 0 -2 1 -1 2 0 -2 1 -1 2 0 -2 1 -1 2 0 -2 1 -1 2 0 601 1 -1 2 0 -2 1 -1 2 0 -2 1 -1 2 0 -2 1 -1 2 0 -2 1 -1 2 0 -2 1 -1 2 0 -2 1 -1 2 0 -2 1 -1 2 0 -2 1 -1 2 0 -2 1 -1 2 0 -2 1 -1 2 0 -2 1 -1 2 0 -2 1 -1 2 0 -2 1 -1 2 0 -2 1 -1 2 0 -2 1 -1 2 0 -2 1 -1 2 0 -2 1 -1 2 0 -2 1 -1 2 0 -2 1 -1 2 0 -2 1 -1 2 0 -2 1 -1 2 0 -2 1 -1 2 0 -2 1 -1 2 0 -2 1 -1 2 0 -2 1 -1 2 0 -2 1 -1 2 0 -2 1 -1 2 0 -2 1 -1 2 0 -2 1 -1 2 0 -2 1 -1 2 0 -2 1 -1 2 0 -2 1 -1 2 0 -2 1 -1 2 0 -2 1 -1 2 0 -2 1 -1 2 0 -2 1 -1 2 0 -2 1 -1 2 0 -2 1 -1 2 0 -2 1 -1 2 0 -2 1 -1 2 0 -2 1 -1 2 0 -2 1 -1 2 0 -2 1 -1 2 0 -2 1 -1 2 0 -2 1 -1 2 0 -2 1 -1 2 0 -2 1 -1 2 0 -2 1 -1 2 0 -2 1 -1 2 0 -2 1 -1 2 0 -2 1 -1 2 0 -2 1 -1 2 0 -2 1 -1 2 0 -2 1 -1 2 0 -2 1 -1 2 0 -2 1 -1 2 0 -2 1 -1 2 0 -2 1 -1 2 0 -2 1 -1 2 0 -2 1 -1 2 0 -2 1 -1 2 0 -2 1 -1 2 0 -2 1 -1 2 0 -2 1 -1 2 0 -2 1 -1 2 0 -2 1 -1 2 0 -2 1 -1 2 0 -2 1 -1 2 0 -2 1 -1 2 0 -2 1 -1 2 0 -2 1 -1 2 0 -2 1 -1 2 0 -2 1 -1 2 0 -2 1 -1 2 0 -2 1 -1 2 0 -2 1 -1 2 0 -2 1 -1 2 0 -2 1 -1 2 0 -2 1 -1 2 0 -2 1 -1 2 0 -2 1 -1 2 0 -2 1 -1 2 0
0 -1 -2 2 1 0 -1 -2 2 1 0 -1 -2 2 1 0 -1 -2 2 1 0 -1 -2 2 1 0 -1 -2 2 1 0 -1 -2 2 1 0 -1 -2 2 1 0 -1 -2 2 1 0 -1 -2 2 1 0 -1 -2 2 1 0 -1 -2 2 1 0 -1 -2 2 1 0 -1 -2 2 1 0 -1 -2 2 1 0 -1 -2 2 1 0 -1 -2 2 1 0 602 -2 2 1 0 -1 -2 2 1 0 -1 -2 2 1 0 -1 -2 2 1 0 -1 -2 2 1 0 -1 -2 2 1 0 -1 -2 2 1 0 -1 -2 2 1 0 -1 -2 2 1 0 -1 -2 2 1 0 -1 -2 2 1 0 -1 -2 2 1 0 -1 -2 2 1 0 -1 -2 2 1 0 -1 -2 2 1 0 -1 -2 2 1 0 -1 -2 2 1 0 -1 -2 2 1 0 -1 -2 2 1 0 -1 -2 2 1 0 -1 -2 2 1 0 -1 -2 2 1 0 -1 -2 2 1 0 -1 -2 2 1 0 -1 -2 2 1 0 -1 -2 2 1 0 -1 -2 2 1 0 -1 -2 2 1 0 -1 -2 2 1 0 -1 -2 2 1 0 -1 -2 2 1 0 -1 -2 2 1 0 -1 -2 2 1 0 -1 -2 2 1 0 -1 -2 2 1 0 -1 -2 2 1 0 -1 -2 2 1 0 -1 -2 2 1 0 -1 -2 2 1 0 -1 -2 2 1 0 -1 -2 2 1 0 -1 -2 2 1 0 -1 -2 2 1 0 -1 -2 2 1 0 -1 -2 2 1 0 -1 -2 2 1 0 -1 -2 2 1 0 -1 -2 2 1 0 -1 -2 2 1 0 -1 -2 2 1 0 -1 -2 2 1 0 -1 -2 2 1 0 -1 -2 2 1 0 -1 -2 2 1 0 -1 -2 2 1 0 -1 -2 2 1 0 -1 -2 2 1 0 -1 -2 2 1 0 -1 -2 2 1 0 -1 -2 2 1 0 -1 -2 2 1 0 -1 -2 2 1 0 -1 -2 2 1 0 -1 -2 2 1 0 -1 -2 2 1 0 -1 -2 2 1 0 -1 -2 2 1 0 -1 -2 2 1 0 -1 -2 2 1 0 -1 -2 2 1 0 -1 -2 2 1 0 -1 -2 2 1 0 -1 -2 2 1 0 -1 -2 2 1 0 -1 -2 2 1 0 -1 -2 2 1 0 -1 -2 2 1 0 -1 -2 2 1 0 -1 -2 2 1 0 -1 -2 2 1 0 -1 -2 2 1 0 -1 -2 2 1 0 -1 -2 2 1
2 2 2 2 2 2 2 2 2 2 2 2 2 2 2 2 2 2 2 2 2 2 2 2 2 2 2 2 2 2 2 2 2 2 2 2 2 2 2 2 2 2 2 2 2 2 2 2 2 2 2 2 2 2 2 2 2 2 2 2 2 2 2 2 2 2 2 2 2 2 2 2 2 2 2 2 2 2 2 2 2 2 2 2 2 2 2 1001 2 2 2 2 2 2 2 2 2 2 2 2 2 2 2 2 2 2 2 2 2 2 2 2 2 2 2 2 2 2 2 2 2 2 2 2 2 2 2 2 2 2 2 2 2 2 2 2 2 2 2 2 2 2 2 2 2 2 2 2 2 2 2 2 2 2 2 2 2 2 2 2 2 2 2 2 2 2 2 2 2 2 2 2 2 2 2 2 2 2 2 2 2 2 2 2 2 2 2 2 2 2 2 2 2 2 2 2 2 2 2 2 2 2 2 2 2 2 2 2 2 2 2 2 2 2 2 2 2 2 2 2 2 2 2 2 2 2 2 2 2 2 2 2 2 2 2 2 2 2 2 2 2 2 2 2 2 2 2 2 2 2 2 2 2 2 2 2 2 2 2 2 2 2 2 2 2 2 2 2 2 2 2 2 2 2 2 2 2 2 2 2 2 2 2 2 2 2 2 2 2 2 2 2 2 2 2 2 2 2 2 2 2 2 2 2 2 2 2 2 2 2 2 2 2 2 2 2 2 2 2 2 2 2 2 2 2 2 2 2 2 2 2 2 2 2 2 2 2 2 2 2 2 2 2 2 2 2 2 2 2 2 2 2 2 2 2 2 2 2 2 2 2 2 2 2 2 2 2 2 2 2 2 2 2 2 2 2 2 2 2 2 2 2 2 2 2 2 2 2 2 2 2 2 2 2 2 2 2 2 2 2 2 2 2 2 2 2 2 2 2 2 2 2 2 2 2 2 2 2 2 2 2 2 2 2 2 2 2 2 2 2 2 2 2 2 2 2 2 2 2 2 2 2 2 2 2 2 2 2 2 2 2 2 2 2 2 2 2 2 2 2 2 2 2 2 2 2 2 2 2 2 2 2 2 2 2 2 2 2 2 2 2 2 2 2 2 2 2 2 2 2 2 2 2 2 2 2 2 2 2 2
-1 0 1 2 -2 -1 0 1 2 -2 -1 0 1 2 -2 -1 0 1 2 -2 -1 0 1 2 -2 -1 0 1 2 -2 -1 0 1 2 -2 -1 0 1 2 -2 -1 0 1 2 -2 -1 0 1 2 -2 -1 0 1 2 -2 -1 0 1 2 -2 -1 0 1 2 -2 -1 0 1 2 -2 -1 0 1 2 -2 -1 0 1 2 -2 -1 0 1 2 -2 -1 0 1 601 -2 -1 0 1 2 -2 -1 0 1 2 -2 -1 0 1 2 -2 -1 0 1 2 -2 -1 0 1 2 -2 -1 0 1 2 -2 -1 0 1 2 -2 -1 0 1 2 -2 -1 0 1 2 -2 -1 0 1 2 -2 -1 0 1 2 -2 -1 0 1 2 -2 -1 0 1 2 -2 -1 0 1 2 -2 -1 0 1 2 -2 -1 0 1 2 -2 -1 0 1 2 -2 -1 0 1 2 -2 -1 0 1 2 -2 -1 0 1 2 -2 -1 0 1 2 -2 -1 0 1 2 -2 -1 0 1 2 -2 -1 0 1 2 -2 -1 0 1 2 -2 -1 0 1 2 -2 -1 0 1 2 -2 -1 0 1 2 -2 -1 0 1 2 -2 -1 0 1 2 -2 -1 0 1 2 -2 -1 0 1 2 -2 -1 0 1 2 -2 -1 0 1 2 -2 -1 0 1 2 -2 -1 0 1 2 -2 -1 0 1 2 -2 -1 0 1 2 -2 -1 0 1 2 -2 -1 0 1 2 -2 -1 0 1 2 -2 -1 0 1 2 -2 -1 0 1 2 -2 -1 0 1 2 -2 -1 0 1 2 -2 -1 0 1 2 -2 -1 0 1 2 -2 -1 0 1 2 -2 -1 0 1 2 -2 -1 0 1 2 -2 -1 0 1 2 -2 -1 0 1 2 -2 -1 0 1 2 -2 -1 0 1 2 -2 -1 0 1 2 -2 -1 0 1 2 -2 -1 0 1 2 -2 -1 0 1 2 -2 -1 0 1 2 -2 -1 0 1 2 -2 -1 0 1 2 -2 -1 0 1 2 -2 -1 0 1 2 -2 -1 0 1 2 -2 -1 0 1 2 -2 -1 0 1 2 -2 -1 0 1 2 -2 -1 0 1 2 -2 -1 0 1 2 -2 -1 0 1 2 -2 -1 0 1 2 -2 -1 0 1 2 -2 -1 0 1 2 -2 -1 0 1 2 -2 -1 0 1 2 -2 -1 0 1 2 -2 -1 0 1 2 -2 -1 0 1 2 -2 -1 0 1 2 -2 -1 0 1 2 -2 -1 0 1 2 -2 -1 0 1 2 -2
1 -2 0 2 -1 1 -2 0 2 -1 1 -2 0 2 -1 1 -2 0 2 -1 1 -2 0 2 -1 1 -2 0 2 -1 1 -2 0 2 -1 1 -2 0 2 -1 1 -2 0 2 -1 1 -2 0 2 -1 1 -2 0 2 -1 1 -2 0 2 -1 1 -2 0 2 -1 1 -2 0 2 -1 1 -2 0 2 -1 1 -2 0 2 -1 1 -2 0 2 -1 1 -2 0 2 602 1 -2 0 2 -1 1 -2 0 2 -1 1 -2 0 2 -1 1 -2 0 2 -1 1 -2 0 2 -1 1 -2 0 2 -1 1 -2 0 2 -1 1 -2 0 2 -1 1 -2 0 2 -1 1 -2 0 2 -1 1 -2 0 2 -1 1 -2 0 2 -1 1 -2 0 2 -1 1 -2 0 2 -1 1 -2 0 2 -1 1 -2 0 2 -1 1 -2 0 2 -1 1 -2 0 2 -1 1 -2 0 2 -1 1 -2 0 2 -1 1 -2 0 2 -1 1 -2 0 2 -1 1 -2 0 2 -1 1 -2 0 2 -1 1 -2 0 2 -1 1 -2 0 2 -1 1 -2 0 2 -1 1 -2 0 2 -1 1 -2 0 2 -1 1 -2 0 2 -1 1 -2 0 2 -1 1 -2 0 2 -1 1 -2 0 2 -1 1 -2 0 2 -1 1 -2 0 2 -1 1 -2 0 2 -1 1 -2 0 2 -1 1 -2 0 2 -1 1 -2 0 2 -1 1 -2 0 2 -1 1 -2 0 2 -1 1 -2 0 2 -1 1 -2 0 2 -1 1 -2 0 2 -1 1 -2 0 2 -1 1 -2 0 2 -1 1 -2 0 2 -1 1 -2 0 2 -1 1 -2 0 2 -1 1 -2 0 2 -1 1 -2 0 2 -1 1 -2 0 2 -1 1 -2 0 2 -1 1 -2 0 2 -1 1 -2 0 2 -1 1 -2 0 2 -1 1 -2 0 2 -1 1 -2 0 2 -1 1 -2 0 2 -1 1 -2 0 2 -1 1 -2 0 2 -1 1 -2 0 2 -1 1 -2 0 2 -1 1 -2 0 2 -1 1 -2 0 2 -1 1 -2 0 2 -1 1 -2 0 2 -1 1 -2 0 2 -1 1 -2 0 2 -1 1 -2 0 2 -1 1 -2 0 2 -1 1 -2 0 2 -1 1 -2 0 2 -1 1 -2 0 2 -1 1 -2 0 2 -1 1 -2 0 2 -1 1 -2 0 2 -1 1 -2 0 2 -1 1 -2 0 2 -1 1 -2 0 2 -1 1 -2 0 2 -1 1 -2 0 2 -1
-2 1 -1 2 0 -2 1 -1 2 0 -2 1 -1 2 0 -2 1 -1 2 0 -2 1 -1 2 0 -2 1 -1 2 0 -2 1 -1 2 0 -2 1 -1 2 0 -2 1 -1 2 0 -2 1 -1 2 0 -2 1 -1 2 0 -2 1 -1 2 0 -2 1 -1 2 0 -2 1 -1 2 0 -2 1 -1 2 0 -2 1 -1 2 0 -2 1 -1 2 0 -2 1 -1 2 0 601 1 -1 2 0 -2 1 -1 2 0 -2 1 -1 2 0 -2 1 -1 2 0 -2 1 -1 2 0 -2 1 -1 2 0 -2 1 -1 2 0 -2 1 -1 2 0 -2 1 -1 2 0 -2 1 -1 2 0 -2 1 -1 2 0 -2 1 -1 2 0 -2 1 -1 2 0 -2 1 -1 2 0 -2 1 -1 2 0 -2 1 -1 2 0 -2 1 -1 2 0 -2 1 -1 2 0 -2 1 -1 2 0 -2 1 -1 2 0 -2 1 -1 2 0 -2 1 -1 2 0 -2 1 -1 2 0 -2 1 -1 2 0 -2 1 -1 2 0 -2 1 -1 2 0 -2 1 -1 2 0 -2 1 -1 2 0 -2 1 -1 2 0 -2 1 -1 2 0 -2 1 -1 2 0 -2 1 -1 2 0 -2 1 -1 2 0 -2 1 -1 2 0 -2 1 -1 2 0 -2 1 -1 2 0 -2 1 -1 2 0 -2 1 -1 2 0 -2 1 -1 2 0 -2 1 -1 2 0 -2 1 -1 2 0 -2 1 -1 2 0 -2 1 -1 2 0 -2 1 -1 2 0 -2 1 -1 2 0 -2 1 -1 2 0 -2 1 -1 2 0 -2 1 -1 2 0 -2 1 -1 2 0 -2 1 -1 2 0 -2 1 -1 2 0 -2 1 -1 2 0 -2 1 -1 2 0 -2 1 -1 2 0 -2 1 -1 2 0 -2 1 -1 2 0 -2 1 -1 2 0 -2 1 -1 2 0 -2 1 -1 2 0 -2 1 -1 2 0 -2 1 -1 2 0 -2 1 -1 2 0 -2 1 -1 2 0 -2 1 -1 2 0 -2 1 -1 2 0 -2 1 -1 2 0 -2 1 -1 2 0 -2 1 -1 2 0 -2 1 -1 2 0 -2 1 -1 2 0 -2 1 -1 2 0 -2 1 -1 2 0 -2 1 -1 2 0 -2 1 -1 2 0 -2 1 -1 2 0 -2 1 -1 2 0 -2 1 -1 2 0 -2 1 -1 2 0 -2 1 -1 2 0 -2 1 -1 2 0 -2 1 -1 2 0 -2 1 -1 2 0
0 -1 -2 2 1 0 -1 -2 2 1 0 -1 -2 2 1 0 -1 -2 2 1 0 -1 -2 2 1 0 -1 -2 2 1 0 -1 -2 2 1 0 -1 -2 2 1 0 -1 -2 2 1 0 -1 -2 2 1 0 -1 -2 2 1 0 -1 -2 2 1 0 -1 -2 2 1 0 -1 -2 2 1 0 -1 -2 2 1 0 -1 -2 2 1 0 -1 -2 2 1 0 -1 -2 2 1 0 602 -2 2 1 0 -1 -2 2 1 0 -1 -2 2 1 0 -1 -2 2 1 0 -1 -2 2 1 0 -1 -2 2 1 0 -1 -2 2 1 0 -1 -2 2 1 0 -1 -2 2 1 0 -1 -2 2 1 0 -1 -2 2 1 0 -1 -2 2 1 0 -1 -2 2 1 0 -1 -2 2 1 0 -1 -2 2 1 0 -1 -2 2 1 0 -1 -2 2 1 0 -1 -2 2 1 0 -1 -2 2 1 0 -1 -2 2 1 0 -1 -2 2 1 0 -1 -2 2 1 0 -1 -2 2 1 0 -1 -2 2 1 0 -1 -2 2 1 0 -1 -2 2 1 0 -1 -2 2 1 0 -1 -2 2 1 0 -1 -2 2 1 0 -1 -2 2 1 0 -1 -2 2 1 0 -1 -2 2 1 0 -1 -2 2 1 0 -1 -2 2 1 0 -1 -2 2 1 0 -1 -2 2 1 0 -1 -2 2 1 0 -1 -2 2 1 0 -1 -2 2 1 0 -1 -2 2 1 0 -1 -2 2 1 0 -1 -2 2 1 0 -1 -2 2 1 0 -1 -2 2 1 0 -1 -2 2 1 0 -1 -2 2 1 0 -1 -2 2 1 0 -1 -2 2 1 0 -1 -2 2 1 0 -1 -2 2 1 0 -1 -2 2 1 0 -1 -2 2 1 0 -1 -2 2 1 0 -1 -2 2 1 0 -1 -2 2 1 0 -1 -2 2 1 0 -1 -2 2 1 0 -1 -2 2 1 0 -1 -2 2 1 0 -1 -2 2 1 0 -1 -2 2 1 0 -1 -2 2 1 0 -1 -2 2 1 0 -1 -2 2 1 0 -1 -2 2 1 0 -1 -2 2 1 0 -1 -2 2 1 0 -1 -2 2 1 0 -1 -2 2 1 0 -1 -2 2 1 0 -1 -2 2 1 0 -1 -2 2 1 0 -1 -2 2 1 0 -1 -2 2 1 0 -1 -2 2 1 0 -1 -2 2 1 0 -1 -2 2 1 0 -1 -2 2 1 0 -1 -2 2 1 0 -1 -2 2 1 0 -1 -2 2 1 0 -1 -2 2 1
2 2 2 2 2 2 2 2 2 2 2 2 2 2 2 2 2 2 2 2 2 2 2 2 2 2 2 2 2 2 2 2 2 2 2 2 2 2 2 2 2 2 2 2 2 2 2 2 2 2 2 2 2 2 2 2 2 2 2 2 2 2 2 2 2 2 2 2 2 2 2 2 2 2 2 2 2 2 2 2 2 2 2 2 2 2 2 2 2 2 2 2 1001 2 2 2 2 2 2 2 2 2 2 2 2 2 2 2 2 2 2 2 2 2 2 2 2 2 2 2 2 2 2 2 2 2 2 2 2 2 2 2 2 2 2 2 2 2 2 2 2 2 2 2 2 2 2 2 2 2 2 2 2 2 2 2 2 2 2 2 2 2 2 2 2 2 2 2 2 2 2 2 2 2 2 2 2 2 2 2 2 2 2 2 2 2 2 2 2 2 2 2 2 2 2 2 2 2 2 2 2 2 2 2 2 2 2 2 2 2 2 2 2 2 2 2 2 2 2 2 2 2 2 2 2 2 2 2 2 2 2 2 2 2 2 2 2 2 2 2 2 2 2 2 2 2 2 2 2 2 2 2 2 2 2 2 2 2 2 2 2 2 2 2 2 2 2 2 2 2 2 2 2 2 2 2 2 2 2 2 2 2 2 2 2 2 2 2 2 2 2 2 2 2 2 2 2 2 2 2 2 2 2 2 2 2 2 2 2 2 2 2 2 2 2 2 2 2 2 2 2 2 2 2 2 2 2 2 2 2 2 2 2 2 2 2 2 2 2 2 2 2 2 2 2 2 2 2 2 2 2 2 2 2 2 2 2 2 2 2 2 2 2 2 2 2 2 2 2 2 2 2 2 2 2 2 2 2 2 2 2 2 2 2 2 2 2 2 2 2 2 2 2 2 2 2 2 2 2 2 2 2 2 2 2 2 2 2 2 2 2 2 2 2 2 2 2 2 2 2 2 2 2 2 2 2 2 2 2 2 2 2 2 2 2 2 2 2 2 2 2 2 2 2 2 2 2 2 2 2 2 2 2 2 2 2 2 2 2 2 2 2 2 2 2 2 2 2 2 2 2 2 2 2 2 2 2 2 2 2 2 2 2 2 2 2 2 2 2 2 2 2 2 2 2 2 2 2 2 2
-1 0 1 2 -2 -1 0 1 2 -2 -1 0 1 2 -2 -1 0 1 2 -2 -1 0 1 2 -2 -1 0 1 2 -2 -1 0 1 2 -2 -1 0 1 2 -2 -1 0 1 2 -2 -1 0 1 2 -2 -1 0 1 2 -2 -1 0 1 2 -2 -1 0 1 2 -2 -1 0 1 2 -2 -1 0 1 2 -2 -1 0 1 2 -2 -1 0 1 2 -2 -1 0 1 2 -2 -1 0 1 601 -2 -1 0 1 2 -2 -1 0 1 2 -2 -1 0 1 2 -2 -1 0 1 2 -2 -1 0 1 2 -2 -1 0 1 2 -2 -1 0 1 2 -2 -1 0 1 2 -2 -1 0 1 2 -2 -1 0 1 2 -2 -1 0 1 2 -2 -1 0 1 2 -2 -1 0 1 2 -2 -1 0 1 2 -2 -1 0 1 2 -2 -1 0 1 2 -2 -1 0 1 2 -2 -1 0 1 2 -2 -1 0 1 2 -2 -1 0 1 2 -2 -1 0 1 2 -2 -1 0 1 2 -2 -1 0 1 2 -2 -1 0 1 2 -2 -1 0 1 2 -2 -1 0 1 2 -2 -1 0 1 2 -2 -1 0 1 2 -2 -1 0 1 2 -2 -1 0 1 2 -2 -1 0 1 2 -2 -1 0 1 2 -2 -1 0 1 2 -2 -1 0 1 2 -2 -1 0 1 2 -2 -1 0 1 2 -2 -1 0 1 2 -2 -1 0 1 2 -2 -1 0 1 2 -2 -1 0 1 2 -2 -1 0 1 2 -2 -1 0 1 2 -2 -1 0 1 2 -2 -1 0 1 2 -2 -1 0 1 2 -2 -1 0 1 2 -2 -1 0 1 2 -2 -1 0 1 2 -2 -1 0 1 2 -2 -1 0 1 2 -2 -1 0 1 2 -2 -1 0 1 2 -2 -1 0 1 2 -2 -1 0 1 2 -2 -1 0 1 2 -2 -1 0 1 2 -2 -1 0 1 2 -2 -1 0 1 2 -2 -1 0 1 2 -2 -1 0 1 2 -2 -1 0 1 2 -2 -1 0 1 2 -2 -1 0 1 2 -2 -1 0 1 2 -2 -1 0 1 2 -2 -1 0 1 2 -2 -1 0 1 2 -2 -1 0 1 2 -2 -1 0 1 2 -2 -1 0 1 2 -2 -1 0 1 2 -2 -1 0 1 2 -2 -1 0 1 2 -2 -1 0 1 2 -2 -1 0 1 2 -2 -1 0 1 2 -2 -1 0 1 2 -2 -1 0 1 2 -2 -1 0 1 2 -2 -1 0 1 2 -2 -1 0 1 2 -2
1 -2 0 2 -1 1 -2 0 2 -1 1 -2 0 2 -1 1 -2 0 2 -1 1 -2 0 2 -1 1 -2 0 2 -1 1 -2 0 2 -1 1 -2 0 2 -1 1 -2 0 2 -1 1 -2 0 2 -1 1 -2 0 2 -1 1 -2 0 2 -1 1 -2 0 2 -1 1 -2 0 2 -1 1 -2 0 2 -1 1 -2 0 2 -1 1 -2 0 2 -1 1 -2 0 2 -1 1 -2 0 2 602 1 -2 0 2 -1 1 -2 0 2 -1 1 -2 0 2 -1 1 -2 0 2 -1 1 -2 0 2 -1 1 -2 0 2 -1 1 -2 0 2 -1 1 -2 0 2 -1 1 -2 0 2 -1 1 -2 0 2 -1 1 -2 0 2 -1 1 -2 0 2 -1 1 -2 0 2 -1 1 -2 0 2 -1 1 -2 0 2 -1 1 -2 0 2 -1 1 -2 0 2 -1 1 -2 0 2 -1 1 -2 0 2 -1 1 -2 0 2 -1 1 -2 0 2 -1 1 -2 0 2 -1 1 -2 0 2 -1 1 -2 0 2 -1 1 -2 0 2 -1 1 -2 0 2 -1 1 -2 0 2 -1 1 -2 0 2 -1 1 -2 0 2 -1 1 -2 0 2 -1 1 -2 0 2 -1 1 -2 0 2 -1 1 -2 0 2 -1 1 -2 0 2 -1 1 -2 0 2 -1 1 -2 0 2 -1 1 -2 0 2 -1 1 -2 0 2 -1 1 -2 0 2 -1 1 -2 0 2 -1 1 -2 0 2 -1 1 -2 0 2 -1 1 -2 0 2 -1 1 -2 0 2 -1 1 -2 0 2 -1 1 -2 0 2 -1 1 -2 0 2 -1 1 -2 0 2 -1 1 -2 0 2 -1 1 -2 0 2 -1 1 -2 0 2 -1 1 -2 0 2 -1 1 -2 0 2 -1 1 -2 0 2 -1 1 -2 0 2 -1 1 -2 0 2 -1 1 -2 0 2 -1 1 -2 0 2 -1 1 -2 0 2 -1 1 -2 0 2 -1 1 -2 0 2 -1 1 -2 0 2 -1 1 -2 0 2 -1 1 -2 0 2 -1 1 -2 0 2 -1 1 -2 0 2 -1 1 -2 0 2 -1 1 -2 0 2 -1 1 -2 0 2 -1 1 -2 0 2 -1 1 -2 0 2 -1 1 -2 0 2 -1 1 -2 0 2 -1 1 -2 0 2 -1 1 -2 0 2 -1 1 -2 0 2 -1 1 -2 0 2 -1 1 -2 0 2 -1 1 -2 0 2 -1 1 -2 0 2 -1 1 -2 0 2 -1
-2 1 -1 2 0 -2 1 -1 2 0 -2 1 -1 2 0 -2 1 -1 2 0 -2 1 -1 2 0 -2 1 -1 2 0 -2 1 -1 2 0 -2 1 -1 2 0 -2 1 -1 2 0 -2 1 -1 2 0 -2 1 -1 2 0 -2 1 -1 2 0 -2 1 -1 2 0 -2 1 -1 2 0 -2 1 -1 2 0 -2 1 -1 2 0 -2 1 -1 2 0 -2 1 -1 2 0 -2 1 -1 2 0 601 1 -1 2 0 -2 1 -1 2 0 -2 1 -1 2 0 -2 1 -1 2 0 -2 1 -1 2 0 -2 1 -1 2 0 -2 1 -1 2 0 -2 1 -1 2 0 -2 1 -1 2 0 -2 1 -1 2 0 -2 1 -1 2 0 -2 1 -1 2 0 -2 1 -1 2 0 -2 1 -1 2 0 -2 1 -1 2 0 -2 1 -1 2 0 -2 1 -1 2 0 -2 1 -1 2 0 -2 1 -1 2 0 -2 1 -1 2 0 -2 1 -1 2 0 -2 1 -1 2 0 -2 1 -1 2 0 -2 1 -1 2 0 -2 1 -1 2 0 -2 1 -1 2 0 -2 1 -1 2 0 -2 1 -1 2 0 -2 1 -1 2 0 -2 1 -1 2 0 -2 1 -1 2 0 -2 1 -1 2 0 -2 1 -1 2 0 -2 1 -1 2 0 -2 1 -1 2 0 -2 1 -1 2 0 -2 1 -1 2 0 -2 1 -1 2 0 -2 1 -1 2 0 -2 1 -1 2 0 -2 1 -1 2 0 -2 1 -1 2 0 -2 1 -1 2 0 -2 1 -1 2 0 -2 1 -1 2 0 -2 1 -1 2 0 -2 1 -1 2 0 -2 1 -1 2 0 -2 1 -1 2 0 -2 1 -1 2 0 -2 1 -1 2 0 -2 1 -1 2 0 -2 1 -1 2 0 -2 1 -1 2 0 -2 1 -1 2 0 -2 1 -1 2 0 -2 1 -1 2 0 -2 1 -1 2 0 -2 1 -1 2 0 -2 1 -1 2 0 -2 1 -1 2 0 -2 1 -1 2 0 -2 1 -1 2 0 -2 1 -1 2 0 -2 1 -1 2 0 -2 1 -1 2 0 -2 1 -1 2 0 -2 1 -1 2 0 -2 1 -1 2 0 -2 1 -1 2 0 -2 1 -1 2 0 -2 1 -1 2 0 -2 1 -1 2 0 -2 1 -1 2 0 -2 1 -1 2 0 -2 1 -1 2 0 -2 1 -1 2 0 -2 1 -1 2 0 -2 1 -1 2 0 -2 1 -1 2 0 -2 1 -1 2 0
0 -1 -2 2 1 0 -1 -2 2 1 0 -1 -2 2 1 0 -1 -2 2 1 0 -1 -2 2 1 0 -1 -2 2 1 0 -1 -2 2 1 0 -1 -2 2 1 0 -1 -2 2 1 0 -1 -2 2 1 0 -1 -2 2 1 0 -1 -2 2 1 0 -1 -2 2 1 0 -1 -2 2 1 0 -1 -2 2 1 0 -1 -2 2 1 0 -1 -2 2 1 0 -1 -2 2 1 0 -1 -2 2 1 0 602 -2 2 1 0 -1 -2 2 1 0 -1 -2 2 1 0 -1 -2 2 1 0 -1 -2 2 1 0 -1 -2 2 1 0 -1 -2 2 1 0 -1 -2 2 1 0 -1 -2 2 1 0 -1 -2 2 1 0 -1 -2 2 1 0 -1 -2 2 1 0 -1 -2 2 1 0 -1 -2 2 1 0 -1 -2 2 1 0 -1 -2 2 1 0 -1 -2 2 1 0 -1 -2 2 1 0 -1 -2 2 1 0 -1 -2 2 1 0 -1 -2 2 1 0 -1 -2 2 1 0 -1 -2 2 1 0 -1 -2 2 1 0 -1 -2 2 1 0 -1 -2 2 1 0 -1 -2 2 1 0 -1 -2 2 1 0 -1 -2 2 1 0 -1 -2 2 1 0 -1 -2 2 1 0 -1 -2 2 1 0 -1 -2 2 1 0 -1 -2 2 1 0 -1 -2 2 1 0 -1 -2 2 1 0 -1 -2 2 1 0 -1 -2 2 1 0 -1 -2 2 1 0 -1 -2 2 1 0 -1 -2 2 1 0 -1 -2 2 1 0 -1 -2 2 1 0 -1 -2 2 1 0 -1 -2 2 1 0 -1 -2 2 1 0 -1 -2 2 1 0 -1 -2 2 1 0 -1 -2 2 1 0 -1 -2 2 1 0 -1 -2 2 1 0 -1 -2 2 1 0 -1 -2 2 1 0 -1 -2 2 1 0 -1 -2 2 1 0 -1 -2 2 1 0 -1 -2 2 1 0 -1 -2 2 1 0 -1 -2 2 1 0 -1 -2 2 1 0 -1 -2 2 1 0 -1 -2 2 1 0 -1 -2 2 1 0 -1 -2 2 1 0 -1 -2 2 1 0 -1 -2 2 1 0 -1 -2 2 1 0 -1 -2 2 1 0 -1 -2 2 1 0 -1 -2 2 1 0 -1 -2 2 1 0 -1 -2 2 1 0 -1 -2 2 1 0 -1 -2 2 1 0 -1 -2 2 1 0 -1 -2 2 1 0 -1 -2 2 1 0 -1 -2 2 1 0 -1 -2 2 1 0 -1 -2 2 1 0 -1 -2 2 1
2 2 2 2 2 2 2 2 2 2 2 2 2 2 2 2 2 2 2 2 2 2 2 2 2 2 2 2 2 2 2 2 2 2 2 2 2 2 2 2 2 2 2 2 2 2 2 2 2 2 2 2 2 2 2 2 2 2 2 2 2 2 2 2 2 2 2 2 2 2 2 2 2 2 2 2 2 2 2 2 2 2 2 2 2 2 2 2 2 2 2 2 2 2 2 2 2 1001 2 2 2 2 2 2 2 2 2 2 2 2 2 2 2 2 2 2 2 2 2 2 2 2 2 2 2 2 2 2 2 2 2 2 2 2 2 2 2 2 2 2 2 2 2 2 2 2 2 2 2 2 2 2 2 2 2 2 2 2 2 2 2 2 2 2 2 2 2 2 2 2 2 2 2 2 2 2 2 2 2 2 2 2 2 2 2 2 2 2 2 2 2 2 2 2 2 2 2 2 2 2 2 2 2 2 2 2 2 2 2 2 2 2 2 2 2 2 2 2 2 2 2 2 2 2 2 2 2 2 2 2 2 2 2 2 2 2 2 2 2 2 2 2 2 2 2 2 2 2 2 2 2 2 2 2 2 2 2 2 2 2 2 2 2 2 2 2 2 2 2 2 2 2 2 2 2 2 2 2 2 2 2 2 2 2 2 2 2 2 2 2 2 2 2 2 2 2 2 2 2 2 2 2 2 2 2 2 2 2 2 2 2 2 2 2 2 2 2 2 2 2 2 2 2 2 2 2 2 2 2 2 2 2 2 2 2 2 2 2 2 2 2 2 2 2 2 2 2 2 2 2 2 2 2 2 2 2 2 2 2 2 2 2 2 2 2 2 2 2 2 2 2 2 2 2 2 2 2 2 2 2 2 2 2 2 2 2 2 2 2 2 2 2 2 2 2 2 2 2 2 2 2 2 2 2 2 2 2 2 2 2 2 2 2 2 2 2 2 2 2 2 2 2 2 2 2 2 2 2 2 2 2 2 2 2 2 2 2 2 2 2 2 2 2 2 2 2 2 2 2 2 2 2 2 2 2 2 2 2 2 2 2 2 2 2 2 2 2 2 2 2 2 2 2 2 2 2 2 2 2 2 2 2 2 2 2 2 2 2 2 2 2 2 2 2 2 2 2 2 2 2
-1 0 1 2 -2 -1 0 1 2 -2 -1 0 1 2 -2 -1 0 1 2 -2 -1 0 1 2 -2 -1 0 1 2 -2 -1 0 1 2 -2 -1 0 1 2 -2 -1 0 1 2 -2 -1 0 1 2 -2 -1 0 1 2 -2 -1 0 1 2 -2 -1 0 1 2 -2 -1 0 1 2 -2 -1 0 1 2 -2 -1 0 1 2 -2 -1 0 1 2 -2 -1 0 1 2 -2 -1 0 1 2 -2 -1 0 1 601 -2 -1 0 1 2 -2 -1 0 1 2 -2 -1 0 1 2 -2 -1 0 1 2 -2 -1 0 1 2 -2 -1 0 1 2 -2 -1 0 1 2 -2 -1 0 1 2 -2 -1 0 1 2 -2 -1 0 1 2 -2 -1 0 1 2 -2 -1 0 1 2 -2 -1 0 1 2 -2 -1 0 1 2 -2 -1 0 1 2 -2 -1 0 1 2 -2 -1 0 1 2 -2 -1 0 1 2 -2 -1 0 1 2 -2 -1 0 1 2 -2 -1 0 1 2 -2 -1 0 1 2 -2 -1 0 1 2 -2 -1 0 1 2 -2 -1 0 1 2 -2 -1 0 1 2 -2 -1 0 1 2 -2 -1 0 1 2 -2 -1 0 1 2 -2 -1 0 1 2 -2 -1 0 1 2 -2 -1 0 1 2 -2 -1 0 1 2 -2 -1 0 1 2 -2 -1 0 1 2 -2 -1 0 1 2 -2 -1 0 1 2 -2 -1 0 1 2 -2 -1 0 1 2 -2 -1 0 1 2 -2 -1 0 1 2 -2 -1 0 1 2 -2 -1 0 1 2 -2 -1 0 1 2 -2 -1 0 1 2 -2 -1 0 1 2 -2 -1 0 1 2 -2 -1 0 1 2 -2 -1 0 1 2 -2 -1 0 1 2 -2 -1 0 1 2 -2 -1 0 1 2 -2 -1 0 1 2 -2 -1 0 1 2 -2 -1 0 1 2 -2 -1 0 1 2 -2 -1 0 1 2 -2 -1 0 1 2 -2 -1 0 1 2 -2 -1 0 1 2 -2 -1 0 1 2 -2 -1 0 1 2 -2 -1 0 1 2 -2 -1 0 1 2 -2 -1 0 1 2 -2 -1 0 1 2 -2 -1 0 1 2 -2 -1 0 1 2 -2 -1 0 1 2 -2 -1 0 1 2 -2 -1 0 1 2 -2 -1 0 1 2 -2 -1 0 1 2 -2 -1 0 1 2 -2 -1 0 1 2 -2 -1 0 1 2 -2 -1 0 1 2 -2 -1 0 1 2 -2 -1 0 1 2 -2 -1 0 1 2 -2
1 -2 0 2 -1 1 -2 0 2 -1 1 -2 0 2 -1 1 -2 0 2 -1 1 -2 0 2 -1 1 -2 0 2 -1 1 -2 0 2 -1 1 -2 0 2 -1 1 -2 0 2 -1 1 -2 0 2 -1 1 -2 0 2 -1 1 -2 0 2 -1 1 -2 0 2 -1 1 -2 0 2 -1 1 -2 0 2 -1 1 -2 0 2 -1 1 -2 0 2 -1 1 -2 0 2 -1 1 -2 0 2 -1 1 -2 0 2 602 1 -2 0 2 -1 1 -2 0 2 -1 1 -2 0 2 -1 1 -2 0 2 -1 1 -2 0 2 -1 1 -2 0 2 -1 1 -2 0 2 -1 1 -2 0 2 -1 1 -2 0 2 -1 1 -2 0 2 -1 1 -2 0 2 -1 1 -2 0 2 -1 1 -2 0 2 -1 1 -2 0 2 -1 1 -2 0 2 -1 1 -2 0 2 -1 1 -2 0 2 -1 1 -2 0 2 -1 1 -2 0 2 -1 1 -2 0 2 -1 1 -2 0 2 -1 1 -2 0 2 -1 1 -2 0 2 -1 1 -2 0 2 -1 1 -2 0 2 -1 1 -2 0 2 -1 1 -2 0 2 -1 1 -2 0 2 -1 1 -2 0 2 -1 1 -2 0 2 -1 1 -2 0 2 -1 1 -2 0 2 -1 1 -2 0 2 -1 1 -2 0 2 -1 1 -2 0 2 -1 1 -2 0 2 -1 1 -2 0 2 -1 1 -2 0 2 -1 1 -2 0 2 -1 1 -2 0 2 -1 1 -2 0 2 -1 1 -2 0 2 -1 1 -2 0 2 -1 1 -2 0 2 -1 1 -2 0 2 -1 1 -2 0 2 -1 1 -2 0 2 -1 1 -2 0 2 -1 1 -2 0 2 -1 1 -2 0 2 -1 1 -2 0 2 -1 1 -2 0 2 -1 1 -2 0 2 -1 1 -2 0 2 -1 1 -2 0 2 -1 1 -2 0 2 -1 1 -2 0 2 -1 1 -2 0 2 -1 1 -2 0 2 -1 1 -2 0 2 -1 1 -2 0 2 -1 1 -2 0 2 -1 1 -2 0 2 -1 1 -2 0 2 -1 1 -2 0 2 -1 1 -2 0 2 -1 1 -2 0 2 -1 1 -2 0 2 -1 1 -2 0 2 -1 1 -2 0 2 -1 1 -2 0 2 -1 1 -2 0 2 -1 1 -2 0 2 -1 1 -2 0 2 -1 1 -2 0 2 -1 1 -2 0 2 -1 1 -2 0 2 -1 1 -2 0 2 -1 1 -2 0 2 -1 1 -2 0 2 -1
-2 1 -1 2 0 -2 1 -1 2 0 -2 1 -1 2 0 -2 1 -1 2 0 -2 1 -1 2 0 -2 1 -1 2 0 -2 1 -1 2 0 -2 1 -1 2 0 -2 1 -1 2 0 -2 1 -1 2 0 -2 1 -1 2 0 -2 1 -1 2 0 -2 1 -1 2 0 -2 1 -1 2 0 -2 1 -1 2 0 -2 1 -1 2 0 -2 1 -1 2 0 -2 1 -1 2 0 -2 1 -1 2 0 -2 1 -1 2 0 601 1 -1 2 0 -2 1 -1 2 0 -2 1 -1 2 0 -2 1 -1 2 0 -2 1 -1 2 0 -2 1 -1 2 0 -2 1 -1 2 0 -2 1 -1 2 0 -2 1 -1 2 0 -2 1 -1 2 0 -2 1 -1 2 0 -2 1 -1 2 0 -2 1 -1 2 0 -2 1 -1 2 0 -2 1 -1 2 0 -2 1 -1 2 0 -2 1 -1 2 0 -2 1 -1 2 0 -2 1 -1 2 0 -2 1 -1 2 0 -2 1 -1 2 0 -2 1 -1 2 0 -2 1 -1 2 0 -2 1 -1 2 0 -2 1 -1 2 0 -2 1 -1 2 0 -2 1 -1 2 0 -2 1 -1 2 0 -2 1 -1 2 0 -2 1 -1 2 0 -2 1 -1 2 0 -2 1 -1 2 0 -2 1 -1 2 0 -2 1 -1 2 0 -2 1 -1 2 0 -2 1 -1 2 0 -2 1 -1 2 0 -2 1 -1 2 0 -2 1 -1 2 0 -2 1 -1 2 0 -2 1 -1 2 0 -2 1 -1 2 0 -2 1 -1 2 0 -2 1 -1 2 0 -2 1 -1 2 0 -2 1 -1 2 0 -2 1 -1 2 0 -2 1 -1 2 0 -2 1 -1 2 0 -2 1 -1 2 0 -2 1 -1 2 0 -2 1 -1 2 0 -2 1 -1 2 0 -2 1 -1 2 0 -2 1 -1 2 0 -2 1 -1 2 0 -2 1 -1 2 0 -2 1 -1 2 0 -2 1 -1 2 0 -2 1 -1 2 0 -2 1 -1 2 0 -2 1 -1 2 0 -2 1 -1 2 0 -2 1 -1 2 0 -2 1 -1 2 0 -2 1 -1 2 0 -2 1 -1 2 0 -2 1 -1 2 0 -2 1 -1 2 0 -2 1 -1 2 0 -2 1 -1 2 0 -2 1 -1 2 0 -2 1 -1 2 0 -2 1 -1 2 0 -2 1 -1 2 0 -2 1 -1 2 0 -2 1 -1 2 0 -2 1 -1 2 0 -2 1 -1 2 0 -2 1 -1 2 0
0 -1 -2 2 1 0 -1 -2 2 1 0 -1 -2 2 1 0 -1 -2 2 1 0 -1 -2 2 1 0 -1 -2 2 1 0 -1 -2 2 1 0 -1 -2 2 1 0 -1 -2 2 1 0 -1 -2 2 1 0 -1 -2 2 1 0 -1 -2 2 1 0 -1 -2 2 1 0 -1 -2 2 1 0 -1 -2 2 1 0 -1 -2 2 1 0 -1 -2 2 1 0 -1 -2 2 1 0 -1 -2 2 1 0 -1 -2 2 1 0 602 -2 2 1 0 -1 -2 2 1 0 -1 -2 2 1 0 -1 -2 2 1 0 -1 -2 2 1 0 -1 -2 2 1 0 -1 -2 2 1 0 -1 -2 2 1 0 -1 -2 2 1 0 -1 -2 2 1 0 -1 -2 2 1 0 -1 -2 2 1 0 -1 -2 2 1 0 -1 -2 2 1 0 -1 -2 2 1 0 -1 -2 2 1 0 -1 -2 2 1 0 -1 -2 2 1 0 -1 -2 2 1 0 -1 -2 2 1 0 -1 -2 2 1 0 -1 -2 2 1 0 -1 -2 2 1 0 -1 -2 2 1 0 -1 -2 2 1 0 -1 -2 2 1 0 -1 -2 2 1 0 -1 -2 2 1 0 -1 -2 2 1 0 -1 -2 2 1 0 -1 -2 2 1 0 -1 -2 2 1 0 -1 -2 2 1 0 -1 -2 2 1 0 -1 -2 2 1 0 -1 -2 2 1 0 -1 -2 2 1 0 -1 -2 2 1 0 -1 -2 2 1 0 -1 -2 2 1 0 -1 -2 2 1 0 -1 -2 2 1 0 -1 -2 2 1 0 -1 -2 2 1 0 -1 -2 2 1 0 -1 -2 2 1 0 -1 -2 2 1 0 -1 -2 2 1 0 -1 -2 2 1 0 -1 -2 2 1 0 -1 -2 2 1 0 -1 -2 2 1 0 -1 -2 2 1 0 -1 -2 2 1 0 -1 -2 2 1 0 -1 -2 2 1 0 -1 -2 2 1 0 -1 -2 2 1 0 -1 -2 2 1 0 -1 -2 2 1 0 -1 -2 2 1 0 -1 -2 2 1 0 -1 -2 2 1 0 -1 -2 2 1 0 -1 -2 2 1 0 -1 -2 2 1 0 -1 -2 2 1 0 -1 -2 2 1 0 -1 -2 2 1 0 -1 -2 2 1 0 -1 -2 2 1 0 -1 -2 2 1 0 -1 -2 2 1 0 -1 -2 2 1 0 -1 -2 2 1 0 -1 -2 2 1 0 -1 -2 2 1 0 -1 -2 2 1 0 -1 -2 2 1 0 -1 -2 2 1
2 2 2 2 2 2 2 2 2 2 2 2 2 2 2 2 2 2 2 2 2 2 2 2 2 2 2 2 2 2 2 2 2 2 2 2 2 2 2 2 2 2 2 2 2 2 2 2 2 2 2 2 2 2 2 2 2 2 2 2 2 2 2 2 2 2 2 2 2 2 2 2 2 2 2 2 2 2 2 2 2 2 2 2 2 2 2 2 2 2 2 2 2 2 2 2 2 2 2 2 2 2 1001 2 2 2 2 2 2 2 2 2 2 2 2 2 2 2 2 2 2 2 2 2 2 2 2 2 2 2 2 2 2 2 2 2 2 2 2 2 2 2 2 2 2 2 2 2 2 2 2 2 2 2 2 2 2 2 2 2 2 2 2 2 2 2 2 2 2 2 2 2 2 2 2 2 2 2 2 2 2 2 2 2 2 2 2 2 2 2 2 2 2 2 2 2 2 2 2 2 2 2 2 2 2 2 2 2 2 2 2 2 2 2 2 2 2 2 2 2 2 2 2 2 2 2 2 2 2 2 2 2 2 2 2 2 2 2 2 2 2 2 2 2 2 2 2 2 2 2 2 2 2 2 2 2 2 2 2 2 2 2 2 2 2 2 2 2 2 2 2 2 2 2 2 2 2 2 2 2 2 2 2 2 2 2 2 2 2 2 2 2 2 2 2 2 2 2 2 2 2 2 2 2 2 2 2 2 2 2 2 2 2 2 2 2 2 2 2 2 2 2 2 2 2 2 2 2 2 2 2 2 2 2 2 2 2 2 2 2 2 2 2 2 2 2 2 2 2 2 2 2 2 2 2 2 2 2 2 2 2 2 2 2 2 2 2 2 2 2 2 2 2 2 2 2 2 2 2 2 2 2 2 2 2 2 2 2 2 2 2 2 2 2 2 2 2 2 2 2 2 2 2 2 2 2 2 2 2 2 2 2 2 2 2 2 2 2 2 2 2 2 2 2 2 2 2 2 2 2 2 2 2 2 2 2 2 2 2 2 2 2 2 2 2 2 2 2 2 2 2 2 2 2 2 2 2 2 2 2 2 2 2 2 2 2 2 2 2 2 2 2 2 2 2 2 2 2 2 2 2 2 2 2 2 2 2 2 2 2 2 2 2 2 2 2 2 2 2 2
-1 0 1 2 -2 -1 0 1 2 -2 -1 0 1 2 -2 -1 0 1 2 -2 -1 0 1 2 -2 -1 0 1 2 -2 -1 0 1 2 -2 -1 0 1 2 -2 -1 0 1 2 -2 -1 0 1 2 -2 -1 0 1 2 -2 -1 0 1 2 -2 -1 0 1 2 -2 -1 0 1 2 -2 -1 0 1 2 -2 -1 0 1 2 -2 -1 0 1 2 -2 -1 0 1 2 -2 -1 0 1 2 -2 -1 0 1 2 -2 -1 0 1 601 -2 -1 0 1 2 -2 -1 0 1 2 -2 -1 0 1 2 -2 -1 0 1 2 -2 -1 0 1 2 -2 -1 0 1 2 -2 -1 0 1 2 -2 -1 0 1 2 -2 -1 0 1 2 -2 -1 0 1 2 -2 -1 0 1 2 -2 -1 0 1 2 -2 -1 0 1 2 -2 -1 0 1 2 -2 -1 0 1 2 -2 -1 0 1 2 -2 -1 0 1 2 -2 -1 0 1 2 -2 -1 0 1 2 -2 -1 0 1 2 -2 -1 0 1 2 -2 -1 0 1 2 -2 -1 0 1 2 -2 -1 0 1 2 -2 -1 0 1 2 -2 -1 0 1 2 -2 -1 0 1 2 -2 -1 0 1 2 -2 -1 0 1 2 -2 -1 0 1 2 -2 -1 0 1 2 -2 -1 0 1 2 -2 -1 0 1 2 -2 -1 0 1 2 -2 -1 0 1 2 -2 -1 0 1 2 -2 -1 0 1 2 -2 -1 0 1 2 -2 -1 0 1 2 -2 -1 0 1 2 -2 -1 0 1 2 -2 -1 0 1 2 -2 -1 0 1 2 -2 -1 0 1 2 -2 -1 0 1 2 -2 -1 0 1 2 -2 -1 0 1 2 -2 -1 0 1 2 -2 -1 0 1 2 -2 -1 0 1 2 -2 -1 0 1 2 -2 -1 0 1 2 -2 -1 0 1 2 -2 -1 0 1 2 -2 -1 0 1 2 -2 -1 0 1 2 -2 -1 0 1 2 -2 -1 0 1 2 -2 -1 0 1 2 -2 -1 0 1 2 -2 -1 0 1 2 -2 -1 0 1 2 -2 -1 0 1 2 -2 -1 0 1 2 -2 -1 0 1 2 -2 -1 0 1 2 -2 -1 0 1 2 -2 -1 0 1 2 -2 -1 0 1 2 -2 -1 0 1 2 -2 -1 0 1 2 -2 -1 0 1 2 -2 -1 0 1 2 -2 -1 0 1 2 -2 -1 0 1 2 -2 -1 0 1 2 -2 -1 0 1 2 -2 -1 0 1 2 -2 -1 0 1 2 -2
1 -2 0 2 -1 1 -2 0 2 -1 1 -2 0 2 -1 1 -2 0 2 -1 1 -2 0 2 -1 1 -2 0 2 -1 1 -2 0 2 -1 1 -2 0 2 -1 1 -2 0 2 -1 1 -2 0 2 -1 1 -2 0 2 -1 1 -2 0 2 -1 1 -2 0 2 -1 1 -2 0 2 -1 1 -2 0 2 -1 1 -2 0 2 -1 1 -2 0 2 -1 1 -2 0 2 -1 1 -2 0 2 -1 1 -2 0 2 -1 1 -2 0 2 602 1 -2 0 2 -1 1 -2 0 2 -1 1 -2 0 2 -1 1 -2 0 2 -1 1 -2 0 2 -1 1 -2 0 2 -1 1 -2 0 2 -1 1 -2 0 2 -1 1 -2 0 2 -1 1 -2 0 2 -1 1 -2 0 2 -1 1 -2 0 2 -1 1 -2 0 2 -1 1 -2 0 2 -1 1 -2 0 2 -1 1 -2 0 2 -1 1 -2 0 2 -1 1 -2 0 2 -1 1 -2 0 2 -1 1 -2 0 2 -1 1 -2 0 2 -1 1 -2 0 2 -1 1 -2 0 2 -1 1 -2 0 2 -1 1 -2 0 2 -1 1 -2 0 2 -1 1 -2 0 2 -1 1 -2 0 2 -1 1 -2 0 2 -1 1 -2 0 2 -1 1 -2 0 2 -1 1 -2 0 2 -1 1 -2 0 2 -1 1 -2 0 2 -1 1 -2 0 2 -1 1 -2 0 2 -1 1 -2 0 2 -1 1 -2 0 2 -1 1 -2 0 2 -1 1 -2 0 2 -1 1 -2 0 2 -1 1 -2 0 2 -1 1 -2 0 2 -1 1 -2 0 2 -1 1 -2 0 2 -1 1 -2 0 2 -1 1 -2 0 2 -1 1 -2 0 2 -1 1 -2 0 2 -1 1 -2 0 2 -1 1 -2 0 2 -1 1 -2 0 2 -1 1 -2 0 2 -1 1 -2 0 2 -1 1 -2 0 2 -1 1 -2 0 2 -1 1 -2 0 2 -1 1 -2 0 2 -1 1 -2 0 2 -1 1 -2 0 2 -1 1 -2 0 2 -1 1 -2 0 2 -1 1 -2 0 2 -1 1 -2 0 2 -1 1 -2 0 2 -1 1 -2 0 2 -1 1 -2 0 2 -1 1 -2 0 2 -1 1 -2 0 2 -1 1 -2 0 2 -1 1 -2 0 2 -1 1 -2 0 2 -1 1 -2 0 2 -1 1 -2 0 2 -1 1 -2 0 2 -1 1 -2 0 2 -1 1 -2 0 2 -1 1 -2 0 2 -1 1 -2 0 2 -1
-2 1 -1 2 0 -2 1 -1 2 0 -2 1 -1 2 0 -2 1 -1 2 0 -2 1 -1 2 0 -2 1 -1 2 0 -2 1 -1 2 0 -2 1 -1 2 0 -2 1 -1 2 0 -2 1 -1 2 0 -2 1 -1 2 0 -2 1 -1 2 0 -2 1 -1 2 0 -2 1 -1 2 0 -2 1 -1 2 0 -2 1 -1 2 0 -2 1 -1 2 0 -2 1 -1 2 0 -2 1 -1 2 0 -2 1 -1 2 0 -2 1 -1 2 0 601 1 -1 2 0 -2 1 -1 2 0 -2 1 -1 2 0 -2 1 -1 2 0 -2 1 -1 2 0 -2 1 -1 2 0 -2 1 -1 2 0 -2 1 -1 2 0 -2 1 -1 2 0 -2 1 -1 2 0 -2 1 -1 2 0 -2 1 -1 2 0 -2 1 -1 2 0 -2 1 -1 2 0 -2 1 -1 2 0 -2 1 -1 2 0 -2 1 -1 2 0 -2 1 -1 2 0 -2 1 -1 2 0 -2 1 -1 2 0 -2 1 -1 2 0 -2 1 -1 2 0 -2 1 -1 2 0 -2 1 -1 2 0 -2 1 -1 2 0 -2 1 -1 2 0 -2 1 -1 2 0 -2 1 -1 2 0 -2 1 -1 2 0 -2 1 -1 2 0 -2 1 -1 2 0 -2 1 -1 2 0 -2 1 -1 2 0 -2 1 -1 2 0 -2 1 -1 2 0 -2 1 -1 2 0 -2 1 -1 2 0 -2 1 -1 2 0 -2 1 -1 2 0 -2 1 -1 2 0 -2 1 -1 2 0 -2 1 -1 2 0 -2 1 -1 2 0 -2 1 -1 2 0 -2 1 -1 2 0 -2 1 -1 2 0 -2 1 -1 2 0 -2 1 -1 2 0 -2 1 -1 2 0 -2 1 -1 2 0 -2 1 -1 2 0 -2 1 -1 2 0 -2 1 -1 2 0 -2 1 -1 2 0 -2 1 -1 2 0 -2 1 -1 2 0 -2 1 -1 2 0 -2 1 -1 2 0 -2 1 -1 2 0 -2 1 -1 2 0 -2 1 -1 2 0 -2 1 -1 2 0 -2 1 -1 2 0 -2 1 -1 2 0 -2 1 -1 2 0 -2 1 -1 2 0 -2 1 -1 2 0 -2 1 -1 2 0 -2 1 -1 2 0 -2 1 -1 2 0 -2 1 -1 2 0 -2 1 -1 2 0 -2 1 -1 2 0 -2 1 -1 2 0 -2 1 -1 2 0 -2 1 -1 2 0 -2 1 -1 2 0 -2 1 -1 2 0 -2 1 -1 2 0
0 -1 -2 2 1 0 -1 -2 2 1 0 -1 -2 2 1 0 -1 -2 2 1 0 -1 -2 2 1 0 -1 -2 2 1 0 -1 -2 2 1 0 -1 -2 2 1 0 -1 -2 2 1 0 -1 -2 2 1 0 -1 -2 2 1 0 -1 -2 2 1 0 -1 -2 2 1 0 -1 -2 2 1 0 -1 -2 2 1 0 -1 -2 2 1 0 -1 -2 2 1 0 -1 -2 2 1 0 -1 -2 2 1 0 -1 -2 2 1 0 -1 -2 2 1 0 602 -2 2 1 0 -1 -2 2 1 0 -1 -2 2 1 0 -1 -2 2 1 0 -1 -2 2 1 0 -1 -2 2 1 0 -1 -2 2 1 0 -1 -2 2 1 0 -1 -2 2 1 0 -1 -2 2 1 0 -1 -2 2 1 0 -1 -2 2 1 0 -1 -2 2 1 0 -1 -2 2 1 0 -1 -2 2 1 0 -1 -2 2 1 0 -1 -2 2 1 0 -1 -2 2 1 0 -1 -2 2 1 0 -1 -2 2 1 0 -1 -2 2 1 0 -1 -2 2 1 0 -1 -2 2 1 0 -1 -2 2 1 0 -1 -2 2 1 0 -1 -2 2 1 0 -1 -2 2 1 0 -1 -2 2 1 0 -1 -2 2 1 0 -1 -2 2 1 0 -1 -2 2 1 0 -1 -2 2 1 0 -1 -2 2 1 0 -1 -2 2 1 0 -1 -2 2 1 0 -1 -2 2 1 0 -1 -2 2 1 0 -1 -2 2 1 0 -1 -2 2 1 0 -1 -2 2 1 0 -1 -2 2 1 0 -1 -2 2 1 0 -1 -2 2 1 0 -1 -2 2 1 0 -1 -2 2 1 0 -1 -2 2 1 0 -1 -2 2 1 0 -1 -2 2 1 0 -1 -2 2 1 0 -1 -2 2 1 0 -1 -2 2 1 0 -1 -2 2 1 0 -1 -2 2 1 0 -1 -2 2 1 0 -1 -2 2 1 0 -1 -2 2 1 0 -1 -2 2 1 0 -1 -2 2 1 0 -1 -2 2 1 0 -1 -2 2 1 0 -1 -2 2 1 0 -1 -2 2 1 0 -1 -2 2 1 0 -1 -2 2 1 0 -1 -2 2 1 0 -1 -2 2 1 0 -1 -2 2 1 0 -1 -2 2 1 0 -1 -2 2 1 0 -1 -2 2 1 0 -1 -2 2 1 0 -1 -2 2 1 0 -1 -2 2 1 0 -1 -2 2 1 0 -1 -2 2 1 0 -1 -2 2 1 0 -1 -2 2 1 0 -1 -2 2 1 0 -1 -2 2 1
2 2 2 2 2 2 2 2 2 2 2 2 2 2 2 2 2 2 2 2 2 2 2 2 2 2 2 2 2 2 2 2 2 2 2 2 2 2 2 2 2 2 2 2 2 2 2 2 2 2 2 2 2 2 2 2 2 2 2 2 2 2 2 2 2 2 2 2 2 2 2 2 2 2 2 2 2 2 2 2 2 2 2 2 2 2 2 2 2 2 2 2 2 2 2 2 2 2 2 2 2 2 2 2 2 2 2 1001 2 2 2 2 2 2 2 2 2 2 2 2 2 2 2 2 2 2 2 2 2 2 2 2 2 2 2 2 2 2 2 2 2 2 2 2 2 2 2 2 2 2 2 2 2 2 2 2 2 2 2 2 2 2 2 2 2 2 2 2 2 2 2 2 2 2 2 2 2 2 2 2 2 2 2 2 2 2 2 2 2 2 2 2 2 2 2 2 2 2 2 2 2 2 2 2 2 2 2 2 2 2 2 2 2 2 2 2 2 2 2 2 2 2 2 2 2 2 2 2 2 2 2 2 2 2 2 2 2 2 2 2 2 2 2 2 2 2 2 2 2 2 2 2 2 2 2 2 2 2 2 2 2 2 2 2 2 2 2 2 2 2 2 2 2 2 2 2 2 2 2 2 2 2 2 2 2 2 2 2 2 2 2 2 2 2 2 2 2 2 2 2 2 2 2 2 2 2 2 2 2 2 2 2 2 2 2 2 2 2 2 2 2 2 2 2 2 2 2 2 2 2 2 2 2 2 2 2 2 2 2 2 2 2 2 2 2 2 2 2 2 2 2 2 2 2 2 2 2 2 2 2 2 2 2 2 2 2 2 2 2 2 2 2 2 2 2 2 2 2 2 2 2 2 2 2 2 2 2 2 2 2 2 2 2 2 2 2 2 2 2 2 2 2 2 2 2 2 2 2 2 2 2 2 2 2 2 2 2 2 2 2 2 2 2 2 2 2 2 2 2 2 2 2 2 2 2 2 2 2 2 2 2 2 2 2 2 2 2 2 2 2 2 2 2 2 2 2 2 2 2 2 2 2 2 2 2 2 2 2 2 2 2 2 2 2 2 2 2 2 2 2 2 2 2 2 2 2 2 2 2 2 2 2 2 2 2 2 2 2 2 2
-1 0 1 2 -2 -1 0 1 2 -2 -1 0 1 2 -2 -1 0 1 2 -2 -1 0 1 2 -2 -1 0 1 2 -2 -1 0 1 2 -2 -1 0 1 2 -2 -1 0 1 2 -2 -1 0 1 2 -2 -1 0 1 2 -2 -1 0 1 2 -2 -1 0 1 2 -2 -1 0 1 2 -2 -1 0 1 2 -2 -1 0 1 2 -2 -1 0 1 2 -2 -1 0 1 2 -2 -1 0 1 2 -2 -1 0 1 2 -2 -1 0 1 2 -2 -1 0 1 601 -2 -1 0 1 2 -2 -1 0 1 2 -2 -1 0 1 2 -2 -1 0 1 2 -2 -1 0 1 2 -2 -1 0 1 2 -2 -1 0 1 2 -2 -1 0 1 2 -2 -1 0 1 2 -2 -1 0 1 2 -2 -1 0 1 2 -2 -1 0 1 2 -2 -1 0 1 2 -2 -1 0 1 2 -2 -1 0 1 2 -2 -1 0 1 2 -2 -1 0 1 2 -2 -1 0 1 2 -2 -1 0 1 2 -2 -1 0 1 2 -2 -1 0 1 2 -2 -1 0 1 2 -2 -1 0 1 2 -2 -1 0 1 2 -2 -1 0 1 2 -2 -1 0 1 2 -2 -1 0 1 2 -2 -1 0 1 2 -2 -1 0 1 2 -2 -1 0 1 2 -2 -1 0 1 2 -2 -1 0 1 2 -2 -1 0 1 2 -2 -1 0 1 2 -2 -1 0 1 2 -2 -1 0 1 2 -2 -1 0 1 2 -2 -1 0 1 2 -2 -1 0 1 2 -2 -1 0 1 2 -2 -1 0 1 2 -2 -1 0 1 2 -2 -1 0 1 2 -2 -1 0 1 2 -2 -1 0 1 2 -2 -1 0 1 2 -2 -1 0 1 2 -2 -1 0 1 2 -2 -1 0 1 2 -2 -1 0 1 2 -2 -1 0 1 2 -2 -1 0 1 2 -2 -1 0 1 2 -2 -1 0 1 2 -2 -1 0 1 2 -2 -1 0 1 2 -2 -1 0 1 2 -2 -1 0 1 2 -2 -1 0 1 2 -2 -1 0 1 2 -2 -1 0 1 2 -2 -1 0 1 2 -2 -1 0 1 2 -2 -1 0 1 2 -2 -1 0 1 2 -2 -1 0 1 2 -2 -1 0 1 2 -2 -1 0 1 2 -2 -1 0 1 2 -2 -1 0 1 2 -2 -1 0 1 2 -2 -1 0 1 2 -2 -1 0 1 2 -2 -1 0 1 2 -2 -1 0 1 2 -2 -1 0 1 2 -2 -1 0 1 2 -2 -1 0 1 2 -2
1 -2 0 2 -1 1 -2 0 2 -1 1 -2 0 2 -1 1 -2 0 2 -1 1 -2 0 2 -1 1 -2 0 2 -1 1 -2 0 2 -1 1 -2 0 2 -1 1 -2 0 2 -1 1 -2 0 2 -1 1 -2 0 2 -1 1 -2 0 2 -1 1 -2 0 2 -1 1 -2 0 2 -1 1 -2 0 2 -1 1 -2 0 2 -1 1 -2 0 2 -1 1 -2 0 2 -1 1 -2 0 2 -1 1 -2 0 2 -1 1 -2 0 2 -1 1 -2 0 2 602 1 -2 0 2 -1 1 -2 0 2 -1 1 -2 0 2 -1 1 -2 0 2 -1 1 -2 0 2 -1 1 -2 0 2 -1 1 -2 0 2 -1 1 -2 0 2 -1 1 -2 0 2 -1 1 -2 0 2 -1 1 -2 0 2 -1 1 -2 0 2 -1 1 -2 0 2 -1 1 -2 0 2 -1 1 -2 0 2 -1 1 -2 0 2 -1 1 -2 0 2 -1 1 -2 0 2 -1 1 -2 0 2 -1 1 -2 0 2 -1 1 -2 0 2 -1 1 -2 0 2 -1 1 -2 0 2 -1 1 -2 0 2 -1 1 -2 0 2 -1 1 -2 0 2 -1 1 -2 0 2 -1 1 -2 0 2 -1 1 -2 0 2 -1 1 -2 0 2 -1 1 -2 0 2 -1 1 -2 0 2 -1 1 -2 0 2 -1 1 -2 0 2 -1 1 -2 0 2 -1 1 -2 0 2 -1 1 -2 0 2 -1 1 -2 0 2 -1 1 -2 0 2 -1 1 -2 0 2 -1 1 -2 0 2 -1 1 -2 0 2 -1 1 -2 0 2 -1 1 -2 0 2 -1 1 -2 0 2 -1 1 -2 0 2 -1 1 -2 0 2 -1 1 -2 0 2 -1 1 -2 0 2 -1 1 -2 0 2 -1 1 -2 0 2 -1 1 -2 0 2 -1 1 -2 0 2 -1 1 -2 0 2 -1 1 -2 0 2 -1 1 -2 0 2 -1 1 -2 0 2 -1 1 -2 0 2 -1 1 -2 0 2 -1 1 -2 0 2 -1 1 -2 0 2 -1 1 -2 0 2 -1 1 -2 0 2 -1 1 -2 0 2 -1 1 -2 0 2 -1 1 -2 0 2 -1 1 -2 0 2 -1 1 -2 0 2 -1 1 -2 0 2 -1 1 -2 0 2 -1 1 -2 0 2 -1 1 -2 0 2 -1 1 -2 0 2 -1 1 -2 0 2 -1 1 -2 0 2 -1 1 -2 0 2 -1 1 -2 0 2 -1 1 -2 0 2 -1
-2 1 -1 2 0 -2 1 -1 2 0 -2 1 -1 2 0 -2 1 -1 2 0 -2 1 -1 2 0 -2 1 -1 2 0 -2 1 -1 2 0 -2 1 -1 2 0 -2 1 -1 2 0 -2 1 -1 2 0 -2 1 -1 2 0 -2 1 -1 2 0 -2 1 -1 2 0 -2 1 -1 2 0 -2 1 -1 2 0 -2 1 -1 2 0 -2 1 -1 2 0 -2 1 -1 2 0 -2 1 -1 2 0 -2 1 -1 2 0 -2 1 -1 2 0 -2 1 -1 2 0 601 1 -1 2 0 -2 1 -1 2 0 -2 1 -1 2 0 -2 1 -1 2 0 -2 1 -1 2 0 -2 1 -1 2 0 -2 1 -1 2 0 -2 1 -1 2 0 -2 1 -1 2 0 -2 1 -1 2 0 -2 1 -1 2 0 -2 1 -1 2 0 -2 1 -1 2 0 -2 1 -1 2 0 -2 1 -1 2 0 -2 1 -1 2 0 -2 1 -1 2 0 -2 1 -1 2 0 -2 1 -1 2 0 -2 1 -1 2 0 -2 1 -1 2 0 -2 1 -1 2 0 -2 1 -1 2 0 -2 1 -1 2 0 -2 1 -1 2 0 -2 1 -1 2 0 -2 1 -1 2 0 -2 1 -1 2 0 -2 1 -1 2 0 -2 1 -1 2 0 -2 1 -1 2 0 -2 1 -1 2 0 -2 1 -1 2 0 -2 1 -1 2 0 -2 1 -1 2 0 -2 1 -1 2 0 -2 1 -1 2 0 -2 1 -1 2 0 -2 1 -1 2 0 -2 1 -1 2 0 -2 1 -1 2 0 -2 1 -1 2 0 -2 1 -1 2 0 -2 1 -1 2 0 -2 1 -1 2 0 -2 1 -1 2 0 -2 1 -1 2 0 -2 1 -1 2 0 -2 1 -1 2 0 -2 1 -1 2 0 -2 1 -1 2 0 -2 1 -1 2 0 -2 1 -1 2 0 -2 1 -1 2 0 -2 1 -1 2 0 -2 1 -1 2 0 -2 1 -1 2 0 -2 1 -1 2 0 -2 1 -1 2 0 -2 1 -1 2 0 -2 1 -1 2 0 -2 1 -1 2 0 -2 1 -1 2 0 -2 1 -1 2 0 -2 1 -1 2 0 -2 1 -1 2 0 -2 1 -1 2 0 -2 1 -1 2 0 -2 1 -1 2 0 -2 1 -1 2 0 -2 1 -1 2 0 -2 1 -1 2 0 -2 1 -1 2 0 -2 1 -1 2 0 -2 1 -1 2 0 -2 1 -1 2 0 -2 1 -1 2 0 -2 1 -1 2 0
0 -1 -2 2 1 0 -1 -2 2 1 0 -1 -2 2 1 0 -1 -2 2 1 0 -1 -2 2 1 0 -1 -2 2 1 0 -1 -2 2 1 0 -1 -2 2 1 0 -1 -2 2 1 0 -1 -2 2 1 0 -1 -2 2 1 0 -1 -2 2 1 0 -1 -2 2 1 0 -1 -2 2 1 0 -1 -2 2 1 0 -1 -2 2 1 0 -1 -2 2 1 0 -1 -2 2 1 0 -1 -2 2 1 0 -1 -2 2 1 0 -1 -2 2 1 0 -1 -2 2 1 0 602 -2 2 1 0 -1 -2 2 1 0 -1 -2 2 1 0 -1 -2 2 1 0 -1 -2 2 1 0 -1 -2 2 1 0 -1 -2 2 1 0 -1 -2 2 1 0 -1 -2 2 1 0 -1 -2 2 1 0 -1 -2 2 1 0 -1 -2 2 1 0 -1 -2 2 1 0 -1 -2 2 1 0 -1 -2 2 1 0 -1 -2 2 1 0 -1 -2 2 1 0 -1 -2 2 1 0 -1 -2 2 1 0 -1 -2 2 1 0 -1 -2 2 1 0 -1 -2 2 1 0 -1 -2 2 1 0 -1 -2 2 1 0 -1 -2 2 1 0 -1 -2 2 1 0 -1 -2 2 1 0 -1 -2 2 1 0 -1 -2 2 1 0 -1 -2 2 1 0 -1 -2 2 1 0 -1 -2 2 1 0 -1 -2 2 1 0 -1 -2 2 1 0 -1 -2 2 1 0 -1 -2 2 1 0 -1 -2 2 1 0 -1 -2 2 1 0 -1 -2 2 1 0 -1 -2 2 1 0 -1 -2 2 1 0 -1 -2 2 1 0 -1 -2 2 1 0 -1 -2 2 1 0 -1 -2 2 1 0 -1 -2 2 1 0 -1 -2 2 1 0 -1 -2 2 1 0 -1 -2 2 1 0 -1 -2 2 1 0 -1 -2 2 1 0 -1 -2 2 1 0 -1 -2 2 1 0 -1 -2 2 1 0 -1 -2 2 1 0 -1 -2 2 1 0 -1 -2 2 1 0 -1 -2 2 1 0 -1 -2 2 1 0 -1 -2 2 1 0 -1 -2 2 1 0 -1 -2 2 1 0 -1 -2 2 1 0 -1 -2 2 1 0 -1 -2 2 1 0 -1 -2 2 1 0 -1 -2 2 1 0 -1 -2 2 1 0 -1 -2 2 1 0 -1 -2 2 1 0 -1 -2 2 1 0 -1 -2 2 1 0 -1 -2 2 1 0 -1 -2 2 1 0 -1 -2 2 1 0 -1 -2 2 1 0 -1 -2 2 1 0 -1 -2 2 1
2 2 2 2 2 2 2 2 2 2 2 2 2 2 2 2 2 2 2 2 2 2 2 2 2 2 2 2 2 2 2 2 2 2 2 2 2 2 2 2 2 2 2 2 2 2 2 2 2 2 2 2 2 2 2 2 2 2 2 2 2 2 2 2 2 2 2 2 2 2 2 2 2 2 2 2 2 2 2 2 2 2 2 2 2 2 2 2 2 2 2 2 2 2 2 2 2 2 2 2 2 2 2 2 2 2 2 2 2 2 2 2 1001 2 2 2 2 2 2 2 2 2 2 2 2 2 2 2 2 2 2 2 2 2 2 2 2 2 2 2 2 2 2 2 2 2 2 2 2 2 2 2 2 2 2 2 2 2 2 2 2 2 2 2 2 2 2 2 2 2 2 2 2 2 2 2 2 2 2 2 2 2 2 2 2 2 2 2 2 2 2 2 2 2 2 2 2 2 2 2 2 2 2 2 2 2 2 2 2 2 2 2 2 2 2 2 2 2 2 2 2 2 2 2 2 2 2 2 2 2 2 2 2 2 2 2 2 2 2 2 2 2 2 2 2 2 2 2 2 2 2 2 2 2 2 2 2 2 2 2 2 2 2 2 2 2 2 2 2 2 2 2 2 2 2 2 2 2 2 2 2 2 2 2 2 2 2 2 2 2 2 2 2 2 2 2 2 2 2 2 2 2 2 2 2 2 2 2 2 2 2 2 2 2 2 2 2 2 2 2 2 2 2 2 2 2 2 2 2 2 2 2 2 2 2 2 2 2 2 2 2 2 2 2 2 2 2 2 2 2 2 2 2 2 2 2 2 2 2 2 2 2 2 2 2 2 2 2 2 2 2 2 2 2 2 2 2 2 2 2 2 2 2 2 2 2 2 2 2 2 2 2 2 2 2 2 2 2 2 2 2 2 2 2 2 2 2 2 2 2 2 2 2 2 2 2 2 2 2 2 2 2 2 2 2 2 2 2 2 2 2 2 2 2 2 2 2 2 2 2 2 2 2 2 2 2 2 2 2 2 2 2 2 2 2 2 2 2 2 2 2 2 2 2 2 2 2 2 2 2 2 2 2 2 2 2 2 2 2 2 2 2 2 2 2 2 2 2 2 2 2 2 2 2 2 2 2 2 2 2
-1 0 1 2 -2 -1 0 1 2 -2 -1 0 1 2 -2 -1 0 1 2 -2 -1 0 1 2 -2 -1 0 1 2 -2 -1 0 1 2 -2 -1 0 1 2 -2 -1 0 1 2 -2 -1 0 1 2 -2 -1 0 1 2 -2 -1 0 1 2 -2 -1 0 1 2 -2 -1 0 1 2 -2 -1 0 1 2 -2 -1 0 1 2 -2 -1 0 1 2 -2 -1 0 1 2 -2 -1 0 1 2 -2 -1 0 1 2 -2 -1 0 1 2 -2 -1 0 1 2 -2 -1 0 1 601 -2 -1 0 1 2 -2 -1 0 1 2 -2 -1 0 1 2 -2 -1 0 1 2 -2 -1 0 1 2 -2 -1 0 1 2 -2 -1 0 1 2 -2 -1 0 1 2 -2 -1 0 1 2 -2 -1 0 1 2 -2 -1 0 1 2 -2 -1 0 1 2 -2 -1 0 1 2 -2 -1 0 1 2 -2 -1 0 1 2 -2 -1 0 1 2 -2 -1 0 1 2 -2 -1 0 1 2 -2 -1 0 1 2 -2 -1 0 1 2 -2 -1 0 1 2 -2 -1 0 1 2 -2 -1 0 1 2 -2 -1 0 1 2 -2 -1 0 1 2 -2 -1 0 1 2 -2 -1 0 1 2 -2 -1 0 1 2 -2 -1 0 1 2 -2 -1 0 1 2 -2 -1 0 1 2 -2 -1 0 1 2 -2 -1 0 1 2 -2 -1 0 1 2 -2 -1 0 1 2 -2 -1 0 1 2 -2 -1 0 1 2 -2 -1 0 1 2 -2 -1 0 1 2 -2 -1 0 1 2 -2 -1 0 1 2 -2 -1 0 1 2 -2 -1 0 1 2 -2 -1 0 1 2 -2 -1 0 1 2 -2 -1 0 1 2 -2 -1 0 1 2 -2 -1 0 1 2 -2 -1 0 1 2 -2 -1 0 1 2 -2 -1 0 1 2 -2 -1 0 1 2 -2 -1 0 1 2 -2 -1 0 1 2 -2 -1 0 1 2 -2 -1 0 1 2 -2 -1 0 1 2 -2 -1 0 1 2 -2 -1 0 1 2 -2 -1 0 1 2 -2 -1 0 1 2 -2 -1 0 1 2 -2 -1 0 1 2 -2 -1 0 1 2 -2 -1 0 1 2 -2 -1 0 1 2 -2 -1 0 1 2 -2 -1 0 1 2 -2 -1 0 1 2 -2 -1 0 1 2 -2 -1 0 1 2 -2 -1 0 1 2 -2 -1 0 1 2 -2 -1 0 1 2 -2 -1 0 1 2 -2 -1 0 1 2 -2 -1 0 1 2 -2
1 -2 0 2 -1 1 -2 0 2 -1 1 -2 0 2 -1 1 -2 0 2 -1 1 -2 0 2 -1 1 -2 0 2 -1 1 -2 0 2 -1 1 -2 0 2 -1 1 -2 0 2 -1 1 -2 0 2 -1 1 -2 0 2 -1 1 -2 0 2 -1 1 -2 0 2 -1 1 -2 0 2 -1 1 -2 0 2 -1 1 -2 0 2 -1 1 -2 0 2 -1 1 -2 0 2 -1 1 -2 0 2 -1 1 -2 0 2 -1 1 -2 0 2 -1 1 -2 0 2 -1 1 -2 0 2 602 1 -2 0 2 -1 1 -2 0 2 -1 1 -2 0 2 -1 1 -2 0 2 -1 1 -2 0 2 -1 1 -2 0 2 -1 1 -2 0 2 -1 1 -2 0 2 -1 1 -2 0 2 -1 1 -2 0 2 -1 1 -2 0 2 -1 1 -2 0 2 -1 1 -2 0 2 -1 1 -2 0 2 -1 1 -2 0 2 -1 1 -2 0 2 -1 1 -2 0 2 -1 1 -2 0 2 -1 1 -2 0 2 -1 1 -2 0 2 -1 1 -2 0 2 -1 1 -2 0 2 -1 1 -2 0 2 -1 1 -2 0 2 -1 1 -2 0 2 -1 1 -2 0 2 -1 1 -2 0 2 -1 1 -2 0 2 -1 1 -2 0 2 -1 1 -2 0 2 -1 1 -2 0 2 -1 1 -2 0 2 -1 1 -2 0 2 -1 1 -2 0 2 -1 1 -2 0 2 -1 1 -2 0 2 -1 1 -2 0 2 -1 1 -2 0 2 -1 1 -2 0 2 -1 1 -2 0 2 -1 1 -2 0 2 -1 1 -2 0 2 -1 1 -2 0 2 -1 1 -2 0 2 -1 1 -2 0 2 -1 1 -2 0 2 -1 1 -2 0 2 -1 1 -2 0 2 -1 1 -2 0 2 -1 1 -2 0 2 -1 1 -2 0 2 -1 1 -2 0 2 -1 1 -2 0 2 -1 1 -2 0 2 -1 1 -2 0 2 -1 1 -2 0 2 -1 1 -2 0 2 -1 1 -2 0 2 -1 1 -2 0 2 -1 1 -2 0 2 -1 1 -2 0 2 -1 1 -2 0 2 -1 1 -2 0 2 -1 1 -2 0 2 -1 1 -2 0 2 -1 1 -2 0 2 -1 1 -2 0 2 -1 1 -2 0 2 -1 1 -2 0 2 -1 1 -2 0 2 -1 1 -2 0 2 -1 1 -2 0 2 -1 1 -2 0 2 -1 1 -2 0 2 -1 1 -2 0 2 -1 1 -2 0 2 -1 1 -2 0 2 -1
-2 1 -1 2 0 -2 1 -1 2 0 -2 1 -1 2 0 -2 1 -1 2 0 -2 1 -1 2 0 -2 1 -1 2 0 -2 1 -1 2 0 -2 1 -1 2 0 -2 1 -1 2 0 -2 1 -1 2 0 -2 1 -1 2 0 -2 1 -1 2 0 -2 1 -1 2 0 -2 1 -1 2 0 -2 1 -1 2 0 -2 1 -1 2 0 -2 1 -1 2 0 -2 1 -1 2 0 -2 1 -1 2 0 -2 1 -1 2 0 -2 1 -1 2 0 -2 1 -1 2 0 -2 1 -1 2 0 601 1 -1 2 0 -2 1 -1 2 0 -2 1 -1 2 0 -2 1 -1 2 0 -2 1 -1 2 0 -2 1 -1 2 0 -2 1 -1 2 0 -2 1 -1 2 0 -2 1 -1 2 0 -2 1 -1 2 0 -2 1 -1 2 0 -2 1 -1 2 0 -2 1 -1 2 0 -2 1 -1 2 0 -2 1 -1 2 0 -2 1 -1 2 0 -2 1 -1 2 0 -2 1 -1 2 0 -2 1 -1 2 0 -2 1 -1 2 0 -2 1 -1 2 0 -2 1 -1 2 0 -2 1 -1 2 0 -2 1 -1 2 0 -2 1 -1 2 0 -2 1 -1 2 0 -2 1 -1 2 0 -2 1 -1 2 0 -2 1 -1 2 0 -2 1 -1 2 0 -2 1 -1 2 0 -2 1 -1 2 0 -2 1 -1 2 0 -2 1 -1 2 0 -2 1 -1 2 0 -2 1 -1 2 0 -2 1 -1 2 0 -2 1 -1 2 0 -2 1 -1 2 0 -2 1 -1 2 0 -2 1 -1 2 0 -2 1 -1 2 0 -2 1 -1 2 0 -2 1 -1 2 0 -2 1 -1 2 0 -2 1 -1 2 0 -2 1 -1 2 0 -2 1 -1 2 0 -2 1 -1 2 0 -2 1 -1 2 0 -2 1 -1 2 0 -2 1 -1 2 0 -2 1 -1 2 0 -2 1 -1 2 0 -2 1 -1 2 0 -2 1 -1 2 0 -2 1 -1 2 0 -2 1 -1 2 0 -2 1 -1 2 0 -2 1 -1 2 0 -2 1 -1 2 0 -2 1 -1 2 0 -2 1 -1 2 0 -2 1 -1 2 0 -2 1 -1 2 0 -2 1 -1 2 0 -2 1 -1 2 0 -2 1 -1 2 0 -2 1 -1 2 0 -2 1 -1 2 0 -2 1 -1 2 0 -2 1 -1 2 0 -2 1 -1 2 0 -2 1 -1 2 0 -2 1 -1 2 0 -2 1 -1 2 0 -2 1 -1 2 0
0 -1 -2 2 1 0 -1 -2 2 1 0 -1 -2 2 1 0 -1 -2 2 1 0 -1 -2 2 1 0 -1 -2 2 1 0 -1 -2 2 1 0 -1 -2 2 1 0 -1 -2 2 1 0 -1 -2 2 1 0 -1 -2 2 1 0 -1 -2 2 1 0 -1 -2 2 1 0 -1 -2 2 1 0 -1 -2 2 1 0 -1 -2 2 1 0 -1 -2 2 1 0 -1 -2 2 1 0 -1 -2 2 1 0 -1 -2 2 1 0 -1 -2 2 1 0 -1 -2 2 1 0 -1 -2 2 1 0 602 -2 2 1 0 -1 -2 2 1 0 -1 -2 2 1 0 -1 -2 2 1 0 -1 -2 2 1 0 -1 -2 2 1 0 -1 -2 2 1 0 -1 -2 2 1 0 -1 -2 2 1 0 -1 -2 2 1 0 -1 -2 2 1 0 -1 -2 2 1 0 -1 -2 2 1 0 -1 -2 2 1 0 -1 -2 2 1 0 -1 -2 2 1 0 -1 -2 2 1 0 -1 -2 2 1 0 -1 -2 2 1 0 -1 -2 2 1 0 -1 -2 2 1 0 -1 -2 2 1 0 -1 -2 2 1 0 -1 -2 2 1 0 -1 -2 2 1 0 -1 -2 2 1 0 -1 -2 2 1 0 -1 -2 2 1 0 -1 -2 2 1 0 -1 -2 2 1 0 -1 -2 2 1 0 -1 -2 2 1 0 -1 -2 2 1 0 -1 -2 2 1 0 -1 -2 2 1 0 -1 -2 2 1 0 -1 -2 2 1 0 -1 -2 2 1 0 -1 -2 2 1 0 -1 -2 2 1 0 -1 -2 2 1 0 -1 -2 2 1 0 -1 -2 2 1 0 -1 -2 2 1 0 -1 -2 2 1 0 -1 -2 2 1 0 -1 -2 2 1 0 -1 -2 2 1 0 -1 -2 2 1 0 -1 -2 2 1 0 -1 -2 2 1 0 -1 -2 2 1 0 -1 -2 2 1 0 -1 -2 2 1 0 -1 -2 2 1 0 -1 -2 2 1 0 -1 -2 2 1 0 -1 -2 2 1 0 -1 -2 2 1 0 -1 -2 2 1 0 -1 -2 2 1 0 -1 -2 2 1 0 -1 -2 2 1 0 -1 -2 2 1 0 -1 -2 2 1 0 -1 -2 2 1 0 -1 -2 2 1 0 -1 -2 2 1 0 -1 -2 2 1 0 -1 -2 2 1 0 -1 -2 2 1 0 -1 -2 2 1 0 -1 -2 2 1 0 -1 -2 2 1 0 -1 -2 2 1 0 -1 -2 2 1 0 -1 -2 2 1
2 2 2 2 2 2 2 2 2 2 2 2 2 2 2 2 2 2 2 2 2 2 2 2 2 2 2 2 2 2 2 2 2 2 2 2 2 2 2 2 2 2 2 2 2 2 2 2 2 2 2 2 2 2 2 2 2 2 2 2 2 2 2 2 2 2 2 2 2 2 2 2 2 2 2 2 2 2 2 2 2 2 2 2 2 2 2 2 2 2 2 2 2 2 2 2 2 2 2 2 2 2 2 2 2 2 2 2 2 2 2 2 2 2 2 2 2 1001 2 2 2 2 2 2 2 2 2 2 2 2 2 2 2 2 2 2 2 2 2 2 2 2 2 2 2 2 2 2 2 2 2 2 2 2 2 2 2 2 2 2 2 2 2 2 2 2 2 2 2 2 2 2 2 2 2 2 2 2 2 2 2 2 2 2 2 2 2 2 2 2 2 2 2 2 2 2 2 2 2 2 2 2 2 2 2 2 2 2 2 2 2 2 2 2 2 2 2 2 2 2 2 2 2 2 2 2 2 2 2 2 2 2 2 2 2 2 2 2 2 2 2 2 2 2 2 2 2 2 2 2 2 2 2 2 2 2 2 2 2 2 2 2 2 2 2 2 2 2 2 2 2 2 2 2 2 2 2 2 2 2 2 2 2 2 2 2 2 2 2 2 2 2 2 2 2 2 2 2 2 2 2 2 2 2 2 2 2 2 2 2 2 2 2 2 2 2 2 2 2 2 2 2 2 2 2 2 2 2 2 2 2 2 2 2 2 2 2 2 2 2 2 2 2 2 2 2 2 2 2 2 2 2 2 2 2 2 2 2 2 2 2 2 2 2 2 2 2 2 2 2 2 2 2 2 2 2 2 2 2 2 2 2 2 2 2 2 2 2 2 2 2 2 2 2 2 2 2 2 2 2 2 2 2 2 2 2 2 2 2 2 2 2 2 2 2 2 2 2 2 2 2 2 2 2 2 2 2 2 2 2 2 2 2 2 2 2 2 2 2 2 2 2 2 2 2 2 2 2 2 2 2 2 2 2 2 2 2 2 2 2 2 2 2 2 2 2 2 2 2 2 2 2 2 2 2 2 2 2 2 2 2 2 2 2 2 2 2 2 2 2 2 2 2 2 2 2 2 2 2 2
-1 0 1 2 -2 -1 0 1 2 -2 -1 0 1 2 -2 -1 0 1 2 -2 -1 0 1 2 -2 -1 0 1 2 -2 -1 0 1 2 -2 -1 0 1 2 -2 -1 0 1 2 -2 -1 0 1 2 -2 -1 0 1 2 -2 -1 0 1 2 -2 -1 0 1 2 -2 -1 0 1 2 -2 -1 0 1 2 -2 -1 0 1 2 -2 -1 0 1 2 -2 -1 0 1 2 -2 -1 0 1 2 -2 -1 0 1 2 -2 -1 0 1 2 -2 -1 0 1 2 -2 -1 0 1 2 -2 -1 0 1 601 -2 -1 0 1 2 -2 -1 0 1 2 -2 -1 0 1 2 -2 -1 0 1 2 -2 -1 0 1 2 -2 -1 0 1 2 -2 -1 0 1 2 -2 -1 0 1 2 -2 -1 0 1 2 -2 -1 0 1 2 -2 -1 0 1 2 -2 -1 0 1 2 -2 -1 0 1 2 -2 -1 0 1 2 -2 -1 0 1 2 -2 -1 0 1 2 -2 -1 0 1 2 -2 -1 0 1 2 -2 -1 0 1 2 -2 -1 0 1 2 -2 -1 0 1 2 -2 -1 0 1 2 -2 -1 0 1 2 -2 -1 0 1 2 -2 -1 0 1 2 -2 -1 0 1 2 -2 -1 0 1 2 -2 -1 0 1 2 -2 -1 0 1 2 -2 -1 0 1 2 -2 -1 0 1 2 -2 -1 0 1 2 -2 -1 0 1 2 -2 -1 0 1 2 -2 -1 0 1 2 -2 -1 0 1 2 -2 -1 0 1 2 -2 -1 0 1 2 -2 -1 0 1 2 -2 -1 0 1 2 -2 -1 0 1 2 -2 -1 0 1 2 -2 -1 0 1 2 -2 -1 0 1 2 -2 -1 0 1 2 -2 -1 0 1 2 -2 -1 0 1 2 -2 -1 0 1 2 -2 -1 0 1 2 -2 -1 0 1 2 -2 -1 0 1 2 -2 -1 0 1 2 -2 -1 0 1 2 -2 -1 0 1 2 -2 -1 0 1 2 -2 -1 0 1 2 -2 -1 0 1 2 -2 -1 0 1 2 -2 -1 0 1 2 -2 -1 0 1 2 -2 -1 0 1 2 -2 -1 0 1 2 -2 -1 0 1 2 -2 -1 0 1 2 -2 -1 0 1 2 -2 -1 0 1 2 -2 -1 0 1 2 -2 -1 0 1 2 -2 -1 0 1 2 -2 -1 0 1 2 -2 -1 0 1 2 -2 -1 0 1 2 -2 -1 0 1 2 -2 -1 0 1 2 -2 -1 0 1 2 -2 -1 0 1 2 -2
1 -2 0 2 -1 1 -2 0 2 -1 1 -2 0 2 -1 1 -2 0 2 -1 1 -2 0 2 -1 1 -2 0 2 -1 1 -2 0 2 -1 1 -2 0 2 -1 1 -2 0 2 -1 1 -2 0 2 -1 1 -2 0 2 -1 1 -2 0 2 -1 1 -2 0 2 -1 1 -2 0 2 -1 1 -2 0 2 -1 1 -2 0 2 -1 1 -2 0 2 -1 1 -2 0 2 -1 1 -2 0 2 -1 1 -2 0 2 -1 1 -2 0 2 -1 1 -2 0 2 -1 1 -2 0 2 -1 1 -2 0 2 602 1 -2 0 2 -1 1 -2 0 2 -1 1 -2 0 2 -1 1 -2 0 2 -1 1 -2 0 2 -1 1 -2 0 2 -1 1 -2 0 2 -1 1 -2 0 2 -1 1 -2 0 2 -1 1 -2 0 2 -1 1 -2 0 2 -1 1 -2 0 2 -1 1 -2 0 2 -1 1 -2 0 2 -1 1 -2 0 2 -1 1 -2 0 2 -1 1 -2 0 2 -1 1 -2 0 2 -1 1 -2 0 2 -1 1 -2 0 2 -1 1 -2 0 2 -1 1 -2 0 2 -1 1 -2 0 2 -1 1 -2 0 2 -1 1 -2 0 2 -1 1 -2 0 2 -1 1 -2 0 2 -1 1 -2 0 2 -1 1 -2 0 2 -1 1 -2 0 2 -1 1 -2 0 2 -1 1 -2 0 2 -1 1 -2 0 2 -1 1 -2 0 2 -1 1 -2 0 2 -1 1 -2 0 2 -1 1 -2 0 2 -1 1 -2 0 2 -1 1 -2 0 2 -1 1 -2 0 2 -1 1 -2 0 2 -1 1 -2 0 2 -1 1 -2 0 2 -1 1 -2 0 2 -1 1 -2 0 2 -1 1 -2 0 2 -1 1 -2 0 2 -1 1 -2 0 2 -1 1 -2 0 2 -1 1 -2 0 2 -1 1 -2 0 2 -1 1 -2 0 2 -1 1 -2 0 2 -1 1 -2 0 2 -1 1 -2 0 2 -1 1 -2 0 2 -1 1 -2 0 2 -1 1 -2 0 2 -1 1 -2 0 2 -1 1 -2 0 2 -1 1 -2 0 2 -1 1 -2 0 2 -1 1 -2 0 2 -1 1 -2 0 2 -1 1 -2 0 2 -1 1 -2 0 2 -1 1 -2 0 2 -1 1 -2 0 2 -1 1 -2 0 2 -1 1 -2 0 2 -1 1 -2 0 2 -1 1 -2 0 2 -1 1 -2 0 2 -1 1 -2 0 2 -1 1 -2 0 2 -1 1 -2 0 2 -1
-2 1 -1 2 0 -2 1 -1 2 0 -2 1 -1 2 0 -2 1 -1 2 0 -2 1 -1 2 0 -2 1 -1 2 0 -2 1 -1 2 0 -2 1 -1 2 0 -2 1 -1 2 0 -2 1 -1 2 0 -2 1 -1 2 0 -2 1 -1 2 0 -2 1 -1 2 0 -2 1 -1 2 0 -2 1 -1 2 0 -2 1 -1 2 0 -2 1 -1 2 0 -2 1 -1 2 0 -2 1 -1 2 0 -2 1 -1 2 0 -2 1 -1 2 0 -2 1 -1 2 0 -2 1 -1 2 0 -2 1 -1 2 0 601 1 -1 2 0 -2 1 -1 2 0 -2 1 -1 2 0 -2 1 -1 2 0 -2 1 -1 2 0 -2 1 -1 2 0 -2 1 -1 2 0 -2 1 -1 2 0 -2 1 -1 2 0 -2 1 -1 2 0 -2 1 -1 2 0 -2 1 -1 2 0 -2 1 -1 2 0 -2 1 -1 2 0 -2 1 -1 2 0 -2 1 -1 2 0 -2 1 -1 2 0 -2 1 -1 2 0 -2 1 -1 2 0 -2 1 -1 2 0 -2 1 -1 2 0 -2 1 -1 2 0 -2 1 -1 2 0 -2 1 -1 2 0 -2 1 -1 2 0 -2 1 -1 2 0 -2 1 -1 2 0 -2 1 -1 2 0 -2 1 -1 2 0 -2 1 -1 2 0 -2 1 -1 2 0 -2 1 -1 2 0 -2 1 -1 2 0 -2 1 -1 2 0 -2 1 -1 2 0 -2 1 -1 2 0 -2 1 -1 2 0 -2 1 -1 2 0 -2 1 -1 2 0 -2 1 -1 2 0 -2 1 -1 2 0 -2 1 -1 2 0 -2 1 -1 2 0 -2 1 -1 2 0 -2 1 -1 2 0 -2 1 -1 2 0 -2 1 -1 2 0 -2 1 -1 2 0 -2 1 -1 2 0 -2 1 -1 2 0 -2 1 -1 2 0 -2 1 -1 2 0 -2 1 -1 2 0 -2 1 -1 2 0 -2 1 -1 2 0 -2 1 -1 2 0 -2 1 -1 2 0 -2 1 -1 2 0 -2 1 -1 2 0 -2 1 -1 2 0 -2 1 -1 2 0 -2 1 -1 2 0 -2 1 -1 2 0 -2 1 -1 2 0 -2 1 -1 2 0 -2 1 -1 2 0 -2 1 -1 2 0 -2 1 -1 2 0 -2 1 -1 2 0 -2 1 -1 2 0 -2 1 -1 2 0 -2 1 -1 2 0 -2 1 -1 2 0 -2 1 -1 2 0 -2 1 -1 2 0 -2 1 -1 2 0
0 -1 -2 2 1 0 -1 -2 2 1 0 -1 -2 2 1 0 -1 -2 2 1 0 -1 -2 2 1 0 -1 -2 2 1 0 -1 -2 2 1 0 -1 -2 2 1 0 -1 -2 2 1 0 -1 -2 2 1 0 -1 -2 2 1 0 -1 -2 2 1 0 -1 -2 2 1 0 -1 -2 2 1 0 -1 -2 2 1 0 -1 -2 2 1 0 -1 -2 2 1 0 -1 -2 2 1 0 -1 -2 2 1 0 -1 -2 2 1 0 -1 -2 2 1 0 -1 -2 2 1 0 -1 -2 2 1 0 -1 -2 2 1 0 602 -2 2 1 0 -1 -2 2 1 0 -1 -2 2 1 0 -1 -2 2 1 0 -1 -2 2 1 0 -1 -2 2 1 0 -1 -2 2 1 0 -1 -2 2 1 0 -1 -2 2 1 0 -1 -2 2 1 0 -1 -2 2 1 0 -1 -2 2 1 0 -1 -2 2 1 0 -1 -2 2 1 0 -1 -2 2 1 0 -1 -2 2 1 0 -1 -2 2 1 0 -1 -2 2 1 0 -1 -2 2 1 0 -1 -2 2 1 0 -1 -2 2 1 0 -1 -2 2 1 0 -1 -2 2 1 0 -1 -2 2 1 0 -1 -2 2 1 0 -1 -2 2 1 0 -1 -2 2 1 0 -1 -2 2 1 0 -1 -2 2 1 0 -1 -2 2 1 0 -1 -2 2 1 0 -1 -2 2 1 0 -1 -2 2 1 0 -1 -2 2 1 0 -1 -2 2 1 0 -1 -2 2 1 0 -1 -2 2 1 0 -1 -2 2 1 0 -1 -2 2 1 0 -1 -2 2 1 0 -1 -2 2 1 0 -1 -2 2 1 0 -1 -2 2 1 0 -1 -2 2 1 0 -1 -2 2 1 0 -1 -2 2 1 0 -1 -2 2 1 0 -1 -2 2 1 0 -1 -2 2 1 0 -1 -2 2 1 0 -1 -2 2 1 0 -1 -2 2 1 0 -1 -2 2 1 0 -1 -2 2 1 0 -1 -2 2 1 0 -1 -2 2 1 0 -1 -2 2 1 0 -1 -2 2 1 0 -1 -2 2 1 0 -1 -2 2 1 0 -1 -2 2 1 0 -1 -2 2 1 0 -1 -2 2 1 0 -1 -2 2 1 0 -1 -2 2 1 0 -1 -2 2 1 0 -1 -2 2 1 0 -1 -2 2 1 0 -1 -2 2 1 0 -1 -2 2 1 0 -1 -2 2 1 0 -1 -2 2 1 0 -1 -2 2 1 0 -1 -2 2 1 0 -1 -2 2 1 0 -1 -2 2 1
2 2 2 2 2 2 2 2 2 2 2 2 2 2 2 2 2 2 2 2 2 2 2 2 2 2 2 2 2 2 2 2 2 2 2 2 2 2 2 2 2 2 2 2 2 2 2 2 2 2 2 2 2 2 2 2 2 2 2 2 2 2 2 2 2 2 2 2 2 2 2 2 2 2 2 2 2 2 2 2 2 2 2 2 2 2 2 2 2 2 2 2 2 2 2 2 2 2 2 2 2 2 2 2 2 2 2 2 2 2 2 2 2 2 2 2 2 2 2 2 2 2 1001 2 2 2 2 2 2 2 2 2 2 2 2 2 2 2 2 2 2 2 2 2 2 2 2 2 2 2 2 2 2 2 2 2 2 2 2 2 2 2 2 2 2 2 2 2 2 2 2 2 2 2 2 2 2 2 2 2 2 2 2 2 2 2 2 2 2 2 2 2 2 2 2 2 2 2 2 2 2 2 2 2 2 2 2 2 2 2 2 2 2 2 2 2 2 2 2 2 2 2 2 2 2 2 2 2 2 2 2 2 2 2 2 2 2 2 2 2 2 2 2 2 2 2 2 2 2 2 2 2 2 2 2 2 2 2 2 2 2 2 2 2 2 2 2 2 2 2 2 2 2 2 2 2 2 2 2 2 2 2 2 2 2 2 2 2 2 2 2 2 2 2 2 2 2 2 2 2 2 2 2 2 2 2 2 2 2 2 2 2 2 2 2 2 2 2 2 2 2 2 2 2 2 2 2 2 2 2 2 2 2 2 2 2 2 2 2 2 2 2 2 2 2 2 2 2 2 2 2 2 2 2 2 2 2 2 2 2 2 2 2 2 2 2 2 2 2 2 2 2 2 2 2 2 2 2 2 2 2 2 2 2 2 2 2 2 2 2 2 2 2 2 2 2 2 2 2 2 2 2 2 2 2 2 2 2 2 2 2 2 2 2 2 2 2 2 2 2 2 2 2 2 2 2 2 2 2 2 2 2 2 2 2 2 2 2 2 2 2 2 2 2 2 2 2 2 2 2 2 2 2 2 2 2 2 2 2 2 2 2 2 2 2 2 2 2 2 2 2 2 2 2 2 2 2 2 2 2 2 2 2 2 2 2 2 2 2 2 2 2 2 2 2 2 2 2 2 2
-1 0 1 2 -2 -1 0 1 2 -2 -1 0 1 2 -2 -1 0 1 2 -2 -1 0 1 2 -2 -1 0 1 2 -2 -1 0 1 2 -2 -1 0 1 2 -2 -1 0 1 2 -2 -1 0 1 2 -2 -1 0 1 2 -2 -1 0 1 2 -2 -1 0 1 2 -2 -1 0 1 2 -2 -1 0 1 2 -2 -1 0 1 2 -2 -1 0 1 2 -2 -1 0 1 2 -2 -1 0 1 2 -2 -1 0 1 2 -2 -1 0 1 2 -2 -1 0 1 2 -2 -1 0 1 2 -2 -1 0 1 2 -2 -1 0 1 601 -2 -1 0 1 2 -2 -1 0 1 2 -2 -1 0 1 2 -2 -1 0 1 2 -2 -1 0 1 2 -2 -1 0 1 2 -2 -1 0 1 2 -2 -1 0 1 2 -2 -1 0 1 2 -2 -1 0 1 2 -2 -1 0 1 2 -2 -1 0 1 2 -2 -1 0 1 2 -2 -1 0 1 2 -2 -1 0 1 2 -2 -1 0 1 2 -2 -1 0 1 2 -2 -1 0 1 2 -2 -1 0 1 2 -2 -1 0 1 2 -2 -1 0 1 2 -2 -1 0 1 2 -2 -1 0 1 2 -2 -1 0 1 2 -2 -1 0 1 2 -2 -1 0 1 2 -2 -1 0 1 2 -2 -1 0 1 2 -2 -1 0 1 2 -2 -1 0 1 2 -2 -1 0 1 2 -2 -1 0 1 2 -2 -1 0 1 2 -2 -1 0 1 2 -2 -1 0 1 2 -2 -1 0 1 2 -2 -1 0 1 2 -2 -1 0 1 2 -2 -1 0 1 2 -2 -1 0 1 2 -2 -1 0 1 2 -2 -1 0 1 2 -2 -1 0 1 2 -2 -1 0 1 2 -2 -1 0 1 2 -2 -1 0 1 2 -2 -1 0 1 2 -2 -1 0 1 2 -2 -1 0 1 2 -2 -1 0 1 2 -2 -1 0 1 2 -2 -1 0 1 2 -2 -1 0 1 2 -2 -1 0 1 2 -2 -1 0 1 2 -2 -1 0 1 2 -2 -1 0 1 2 -2 -1 0 1 2 -2 -1 0 1 2 -2 -1 0 1 2 -2 -1 0 1 2 -2 -1 0 1 2 -2 -1 0 1 2 -2 -1 0 1 2 -2 -1 0 1 2 -2 -1 0 1 2 -2 -1 0 1 2 -2 -1 0 1 2 -2 -1 0 1 2 -2 -1 0 1 2 -2 -1 0 1 2 -2 -1 0 1 2 -2 -1 0 1 2 -2 -1 0 1 2 -2 -1 0 1 2 -2
1 -2 0 2 -1 1 -2 0 2 -1 1 -2 0 2 -1 1 -2 0 2 -1 1 -2 0 2 -1 1 -2 0 2 -1 1 -2 0 2 -1 1 -2 0 2 -1 1 -2 0 2 -1 1 -2 0 2 -1 1 -2 0 2 -1 1 -2 0 2 -1 1 -2 0 2 -1 1 -2 0 2 -1 1 -2 0 2 -1 1 -2 0 2 -1 1 -2 0 2 -1 1 -2 0 2 -1 1 -2 0 2 -1 1 -2 0 2 -1 1 -2 0 2 -1 1 -2 0 2 -1 1 -2 0 2 -1 1 -2 0 2 -1 1 -2 0 2 602 1 -2 0 2 -1 1 -2 0 2 -1 1 -2 0 2 -1 1 -2 0 2 -1 1 -2 0 2 -1 1 -2 0 2 -1 1 -2 0 2 -1 1 -2 0 2 -1 1 -2 0 2 -1 1 -2 0 2 -1 1 -2 0 2 -1 1 -2 0 2 -1 1 -2 0 2 -1 1 -2 0 2 -1 1 -2 0 2 -1 1 -2 0 2 -1 1 -2 0 2 -1 1 -2 0 2 -1 1 -2 0 2 -1 1 -2 0 2 -1 1 -2 0 2 -1 1 -2 0 2 -1 1 -2 0 2 -1 1 -2 0 2 -1 1 -2 0 2 -1 1 -2 0 2 -1 1 -2 0 2 -1 1 -2 0 2 -1 1 -2 0 2 -1 1 -2 0 2 -1 1 -2 0 2 -1 1 -2 0 2 -1 1 -2 0 2 -1 1 -2 0 2 -1 1 -2 0 2 -1 1 -2 0 2 -1 1 -2 0 2 -1 1 -2 0 2 -1 1 -2 0 2 -1 1 -2 0 2 -1 1 -2 0 2 -1 1 -2 0 2 -1 1 -2 0 2 -1 1 -2 0 2 -1 1 -2 0 2 -1 1 -2 0 2 -1 1 -2 0 2 -1 1 -2 0 2 -1 1 -2 0 2 -1 1 -2 0 2 -1 1 -2 0 2 -1 1 -2 0 2 -1 1 -2 0 2 -1 1 -2 0 2 -1 1 -2 0 2 -1 1 -2 0 2 -1 1 -2 0 2 -1 1 -2 0 2 -1 1 -2 0 2 -1 1 -2 0 2 -1 1 -2 0 2 -1 1 -2 0 2 -1 1 -2 0 2 -1 1 -2 0 2 -1 1 -2 0 2 -1 1 -2 0 2 -1 1 -2 0 2 -1 1 -2 0 2 -1 1 -2 0 2 -1 1 -2 0 2 -1 1 -2 0 2 -1 1 -2 0 2 -1 1 -2 0 2 -1 1 -2 0 2 -1 1 -2 0 2 -1
-2 1 -1 2 0 -2 1 -1 2 0 -2 1 -1 2 0 -2 1 -1 2 0 -2 1 -1 2 0 -2 1 -1 2 0 -2 1 -1 2 0 -2 1 -1 2 0 -2 1 -1 2 0 -2 1 -1 2 0 -2 1 -1 2 0 -2 1 -1 2 0 -2 1 -1 2 0 -2 1 -1 2 0 -2 1 -1 2 0 -2 1 -1 2 0 -2 1 -1 2 0 -2 1 -1 2 0 -2 1 -1 2 0 -2 1 -1 2 0 -2 1 -1 2 0 -2 1 -1 2 0 -2 1 -1 2 0 -2 1 -1 2 0 -2 1 -1 2 0 601 1 -1 2 0 -2 1 -1 2 0 -2 1 -1 2 0 -2 1 -1 2 0 -2 1 -1 2 0 -2 1 -1 2 0 -2 1 -1 2 0 -2 1 -1 2 0 -2 1 -1 2 0 -2 1 -1 2 0 -2 1 -1 2 0 -2 1 -1 2 0 -2 1 -1 2 0 -2 1 -1 2 0 -2 1 -1 2 0 -2 1 -1 2 0 -2 1 -1 2 0 -2 1 -1 2 0 -2 1 -1 2 0 -2 1 -1 2 0 -2 1 -1 2 0 -2 1 -1 2 0 -2 1 -1 2 0 -2 1 -1 2 0 -2 1 -1 2 0 -2 1 -1 2 0 -2 1 -1 2 0 -2 1 -1 2 0 -2 1 -1 2 0 -2 1 -1 2 0 -2 1 -1 2 0 -2 1 -1 2 0 -2 1 -1 2 0 -2 1 -1 2 0 -2 1 -1 2 0 -2 1 -1 2 0 -2 1 -1 2 0 -2 1 -1 2 0 -2 1 -1 2 0 -2 1 -1 2 0 -2 1 -1 2 0 -2 1 -1 2 0 -2 1 -1 2 0 -2 1 -1 2 0 -2 1 -1 2 0 -2 1 -1 2 0 -2 1 -1 2 0 -2 1 -1 2 0 -2 1 -1 2 0 -2 1 -1 2 0 -2 1 -1 2 0 -2 1 -1 2 0 -2 1 -1 2 0 -2 1 -1 2 0 -2 1 -1 2 0 -2 1 -1 2 0 -2 1 -1 2 0 -2 1 -1 2 0 -2 1 -1 2 0 -2 1 -1 2 0 -2 1 -1 2 0 -2 1 -1 2 0 -2 1 -1 2 0 -2 1 -1 2 0 -2 1 -1 2 0 -2 1 -1 2 0 -2 1 -1 2 0 -2 1 -1 2 0 -2 1 -1 2 0 -2 1 -1 2 0 -2 1 -1 2 0 -2 1 -1 2 0 -2 1 -1 2 0 -2 1 -1 2 0 -2 1 -1 2 0
0 -1 -2 2 1 0 -1 -2 2 1 0 -1 -2 2 1 0 -1 -2 2 1 0 -1 -2 2 1 0 -1 -2 2 1 0 -1 -2 2 1 0 -1 -2 2 1 0 -1 -2 2 1 0 -1 -2 2 1 0 -1 -2 2 1 0 -1 -2 2 1 0 -1 -2 2 1 0 -1 -2 2 1 0 -1 -2 2 1 0 -1 -2 2 1 0 -1 -2 2 1 0 -1 -2 2 1 0 -1 -2 2 1 0 -1 -2 2 1 0 -1 -2 2 1 0 -1 -2 2 1 0 -1 -2 2 1 0 -1 -2 2 1 0 -1 -2 2 1 0 602 -2 2 1 0 -1 -2 2 1 0 -1 -2 2 1 0 -1 -2 2 1 0 -1 -2 2 1 0 -1 -2 2 1 0 -1 -2 2 1 0 -1 -2 2 1 0 -1 -2 2 1 0 -1 -2 2 1 0 -1 -2 2 1 0 -1 -2 2 1 0 -1 -2 2 1 0 -1 -2 2 1 0 -1 -2 2 1 0 -1 -2 2 1 0 -1 -2 2 1 0 -1 -2 2 1 0 -1 -2 2 1 0 -1 -2 2 1 0 -1 -2 2 1 0 -1 -2 2 1 0 -1 -2 2 1 0 -1 -2 2 1 0 -1 -2 2 1 0 -1 -2 2 1 0 -1 -2 2 1 0 -1 -2 2 1 0 -1 -2 2 1 0 -1 -2 2 1 0 -1 -2 2 1 0 -1 -2 2 1 0 -1 -2 2 1 0 -1 -2 2 1 0 -1 -2 2 1 0 -1 -2 2 1 0 -1 -2 2 1 0 -1 -2 2 1 0 -1 -2 2 1 0 -1 -2 2 1 0 -1 -2 2 1 0 -1 -2 2 1 0 -1 -2 2 1 0 -1 -2 2 1 0 -1 -2 2 1 0 -1 -2 2 1 0 -1 -2 2 1 0 -1 -2 2 1 0 -1 -2 2 1 0 -1 -2 2 1 0 -1 -2 2 1 0 -1 -2 2 1 0 -1 -2 2 1 0 -1 -2 2 1 0 -1 -2 2 1 0 -1 -2 2 1 0 -1 -2 2 1 0 -1 -2 2 1 0 -1 -2 2 1 0 -1 -2 2 1 0 -1 -2 2 1 0 -1 -2 2 1 0 -1 -2 2 1 0 -1 -2 2 1 0 -1 -2 2 1 0 -1 -2 2 1 0 -1 -2 2 1 0 -1 -2 2 1 0 -1 -2 2 1 0 -1 -2 2 1 0 -1 -2 2 1 0 -1 -2 2 1 0 -1 -2 2 1 0 -1 -2 2 1 0 -1 -2 2 1
2 2 2 2 2 2 2 2 2 2 2 2 2 2 2 2 2 2 2 2 2 2 2 2 2 2 2 2 2 2 2 2 2 2 2 2 2 2 2 2 2 2 2 2 2 2 2 2 2 2 2 2 2 2 2 2 2 2 2 2 2 2 2 2 2 2 2 2 2 2 2 2 2 2 2 2 2 2 2 2 2 2 2 2 2 2 2 2 2 2 2 2 2 2 2 2 2 2 2 2 2 2 2 2 2 2 2 2 2 2 2 2 2 2 2 2 2 2 2 2 2 2 2 2 2 2 2 1001 2 2 2 2 2 2 2 2 2 2 2 2 2 2 2 2 2 2 2 2 2 2 2 2 2 2 2 2 2 2 2 2 2 2 2 2 2 2 2 2 2 2 2 2 2 2 2 2 2 2 2 2 2 2 2 2 2 2 2 2 2 2 2 2 2 2 2 2 2 2 2 2 2 2 2 2 2 2 2 2 2 2 2 2 2 2 2 2 2 2 2 2 2 2 2 2 2 2 2 2 2 2 2 2 2 2 2 2 2 2 2 2 2 2 2 2 2 2 2 2 2 2 2 2 2 2 2 2 2 2 2 2 2 2 2 2 2 2 2 2 2 2 2 2 2 2 2 2 2 2 2 2 2 2 2 2 2 2 2 2 2 2 2 2 2 2 2 2 2 2 2 2 2 2 2 2 2 2 2 2 2 2 2 2 2 2 2 2 2 2 2 2 2 2 2 2 2 2 2 2 2 2 2 2 2 2 2 2 2 2 2 2 2 2 2 2 2 2 2 2 2 2 2 2 2 2 2 2 2 2 2 2 2 2 2 2 2 2 2 2 2 2 2 2 2 2 2 2 2 2 2 2 2 2 2 2 2 2 2 2 2 2 2 2 2 2 2 2 2 2 2 2 2 2 2 2 2 2 2 2 2 2 2 2 2 2 2 2 2 2 2 2 2 2 2 2 2 2 2 2 2 2 2 2 2 2 2 2 2 2 2 2 2 2 2 2 2 2 2 2 2 2 2 2 2 2 2 2 2 2 2 2 2 2 2 2 2 2 2 2 2 2 2 2 2 2 2 2 2 2 2 2 2 2 2 2 2 2 2 2 2 2 2 2 2 2 2 2 2 2 2 2
-1 0 1 2 -2 -1 0 1 2 -2 -1 0 1 2 -2 -1 0 1 2 -2 -1 0 1 2 -2 -1 0 1 2 -2 -1 0 1 2 -2 -1 0 1 2 -2 -1 0 1 2 -2 -1 0 1 2 -2 -1 0 1 2 -2 -1 0 1 2 -2 -1 0 1 2 -2 -1 0 1 2 -2 -1 0 1 2 -2 -1 0 1 2 -2 -1 0 1 2 -2 -1 0 1 2 -2 -1 0 1 2 -2 -1 0 1 2 -2 -1 0 1 2 -2 -1 0 1 2 -2 -1 0 1 2 -2 -1 0 1 2 -2 -1 0 1 2 -2 -1 0 1 601 -2 -1 0 1 2 -2 -1 0 1 2 -2 -1 0 1 2 -2 -1 0 1 2 -2 -1 0 1 2 -2 -1 0 1 2 -2 -1 0 1 2 -2 -1 0 1 2 -2 -1 0 1 2 -2 -1 0 1 2 -2 -1 0 1 2 -2 -1 0 1 2 -2 -1 0 1 2 -2 -1 0 1 2 -2 -1 0 1 2 -2 -1 0 1 2 -2 -1 0 1 2 -2 -1 0 1 2 -2 -1 0 1 2 -2 -1 0 1 2 -2 -1 0 1 2 -2 -1 0 1 2 -2 -1 0 1 2 -2 -1 0 1 2 -2 -1 0 1 2 -2 -1 0 1 2 -2 -1 0 1 2 -2 -1 0 1 2 -2 -1 0 1 2 -2 -1 0 1 2 -2 -1 0 1 2 -2 -1 0 1 2 -2 -1 0 1 2 -2 -1 0 1 2 -2 -1 0 1 2 -2 -1 0 1 2 -2 -1 0 1 2 -2 -1 0 1 2 -2 -1 0 1 2 -2 -1 0 1 2 -2 -1 0 1 2 -2 -1 0 1 2 -2 -1 0 1 2 -2 -1 0 1 2 -2 -1 0 1 2 -2 -1 0 1 2 -2 -1 0 1 2 -2 -1 0 1 2 -2 -1 0 1 2 -2 -1 0 1 2 -2 -1 0 1 2 -2 -1 0 1 2 -2 -1 0 1 2 -2 -1 0 1 2 -2 -1 0 1 2 -2 -1 0 1 2 -2 -1 0 1 2 -2 -1 0 1 2 -2 -1 0 1 2 -2 -1 0 1 2 -2 -1 0 1 2 -2 -1 0 1 2 -2 -1 0 1 2 -2 -1 0 1 2 -2 -1 0 1 2 -2 -1 0 1 2 -2 -1 0 1 2 -2 -1 0 1 2 -2 -1 0 1 2 -2 -1 0 1 2 -2 -1 0 1 2 -2 -1 0 1 2 -2 -1 0 1 2 -2 -1 0 1 2 -2
1 -2 0 2 -1 1 -2 0 2 -1 1 -2 0 2 -1 1 -2 0 2 -1 1 -2 0 2 -1 1 -2 0 2 -1 1 -2 0 2 -1 1 -2 0 2 -1 1 -2 0 2 -1 1 -2 0 2 -1 1 -2 0 2 -1 1 -2 0 2 -1 1 -2 0 2 -1 1 -2 0 2 -1 1 -2 0 2 -1 1 -2 0 2 -1 1 -2 0 2 -1 1 -2 0 2 -1 1 -2 0 2 -1 1 -2 0 2 -1 1 -2 0 2 -1 1 -2 0 2 -1 1 -2 0 2 -1 1 -2 0 2 -1 1 -2 0 2 -1 1 -2 0 2 602 1 -2 0 2 -1 1 -2 0 2 -1 1 -2 0 2 -1 1 -2 0 2 -1 1 -2 0 2 -1 1 -2 0 2 -1 1 -2 0 2 -1 1 -2 0 2 -1 1 -2 0 2 -1 1 -2 0 2 -1 1 -2 0 2 -1 1 -2 0 2 -1 1 -2 0 2 -1 1 -2 0 2 -1 1 -2 0 2 -1 1 -2 0 2 -1 1 -2 0 2 -1 1 -2 0 2 -1 1 -2 0 2 -1 1 -2 0 2 -1 1 -2 0 2 -1 1 -2 0 2 -1 1 -2 0 2 -1 1 -2 0 2 -1 1 -2 0 2 -1 1 -2 0 2 -1 1 -2 0 2 -1 1 -2 0 2 -1 1 -2 0 2 -1 1 -2 0 2 -1 1 -2 0 2 -1 1 -2 0 2 -1 1 -2 0 2 -1 1 -2 0 2 -1 1 -2 0 2 -1 1 -2 0 2 -1 1 -2 0 2 -1 1 -2 0 2 -1 1 -2 0 2 -1 1 -2 0 2 -1 1 -2 0 2 -1 1 -2 0 2 -1 1 -2 0 2 -1 1 -2 0 2 -1 1 -2 0 2 -1 1 -2 0 2 -1 1 -2 0 2 -1 1 -2 0 2 -1 1 -2 0 2 -1 1 -2 0 2 -1 1 -2 0 2 -1 1 -2 0 2 -1 1 -2 0 2 -1 1 -2 0 2 -1 1 -2 0 2 -1 1 -2 0 2 -1 1 -2 0 2 -1 1 -2 0 2 -1 1 -2 0 2 -1 1 -2 0 2 -1 1 -2 0 2 -1 1 -2 0 2 -1 1 -2 0 2 -1 1 -2 0 2 -1 1 -2 0 2 -1 1 -2 0 2 -1 1 -2 0 2 -1 1 -2 0 2 -1 1 -2 0 2 -1 1 -2 0 2 -1 1 -2 0 2 -1 1 -2 0 2 -1 1 -2 0 2 -1 1 -2 0 2 -1
-2 1 -1 2 0 -2 1 -1 2 0 -2 1 -1 2 0 -2 1 -1 2 0 -2 1 -1 2 0 -2 1 -1 2 0 -2 1 -1 2 0 -2 1 -1 2 0 -2 1 -1 2 0 -2 1 -1 2 0 -2 1 -1 2 0 -2 1 -1 2 0 -2 1 -1 2 0 -2 1 -1 2 0 -2 1 -1 2 0 -2 1 -1 2 0 -2 1 -1 2 0 -2 1 -1 2 0 -2 1 -1 2 0 -2 1 -1 2 0 -2 1 -1 2 0 -2 1 -1 2 0 -2 1 -1 2 0 -2 1 -1 2 0 -2 1 -1 2 0 -2 1 -1 2 0 601 1 -1 2 0 -2 1 -1 2 0 -2 1 -1 2 0 -2 1 -1 2 0 -2 1 -1 2 0 -2 1 -1 2 0 -2 1 -1 2 0 -2 1 -1 2 0 -2 1 -1 2 0 -2 1 -1 2 0 -2 1 -1 2 0 -2 1 -1 2 0 -2 1 -1 2 0 -2 1 -1 2 0 -2 1 -1 2 0 -2 1 -1 2 0 -2 1 -1 2 0 -2 1 -1 2 0 -2 1 -1 2 0 -2 1 -1 2 0 -2 1 -1 2 0 -2 1 -1 2 0 -2 1 -1 2 0 -2 1 -1 2 0 -2 1 -1 2 0 -2 1 -1 2 0 -2 1 -1 2 0 -2 1 -1 2 0 -2 1 -1 2 0 -2 1 -1 2 0 -2 1 -1 2 0 -2 1 -1 2 0 -2 1 -1 2 0 -2 1 -1 2 0 -2 1 -1 2 0 -2 1 -1 2 0 -2 1 -1 2 0 -2 1 -1 2 0 -2 1 -1 2 0 -2 1 -1 2 0 -2 1 -1 2 0 -2 1 -1 2 0 -2 1 -1 2 0 -2 1 -1 2 0 -2 1 -1 2 0 -2 1 -1 2 0 -2 1 -1 2 0 -2 1 -1 2 0 -2 1 -1 2 0 -2 1 -1 2 0 -2 1 -1 2 0 -2 1 -1 2 0 -2 1 -1 2 0 -2 1 -1 2 0 -2 1 -1 2 0 -2 1 -1 2 0 -2 1 -1 2 0 -2 1 -1 2 0 -2 1 -1 2 0 -2 1 -1 2 0 -2 1 -1 2 0 -2 1 -1 2 0 -2 1 -1 2 0 -2 1 -1 2 0 -2 1 -1 2 0 -2 1 -1 2 0 -2 1 -1 2 0 -2 1 -1 2 0 -2 1 -1 2 0 -2 1 -1 2 0 -2 1 -1 2 0 -2 1 -1 2 0 -2 1 -1 2 0 -2 1 -1 2 0
0 -1 -2 2 1 0 -1 -2 2 1 0 -1 -2 2 1 0 -1 -2 2 1 0 -1 -2 2 1 0 -1 -2 2 1 0 -1 -2 2 1 0 -1 -2 2 1 0 -1 -2 2 1 0 -1 -2 2 1 0 -1 -2 2 1 0 -1 -2 2 1 0 -1 -2 2 1 0 -1 -2 2 1 0 -1 -2 2 1 0 -1 -2 2 1 0 -1 -2 2 1 0 -1 -2 2 1 0 -1 -2 2 1 0 -1 -2 2 1 0 -1 -2 2 1 0 -1 -2 2 1 0 -1 -2 2 1 0 -1 -2 2 1 0 -1 -2 2 1 0 -1 -2 2 1 0 602 -2 2 1 0 -1 -2 2 1 0 -1 -2 2 1 0 -1 -2 2 1 0 -1 -2 2 1 0 -1 -2 2 1 0 -1 -2 2 1 0 -1 -2 2 1 0 -1 -2 2 1 0 -1 -2 2 1 0 -1 -2 2 1 0 -1 -2 2 1 0 -1 -2 2 1 0 -1 -2 2 1 0 -1 -2 2 1 0 -1 -2 2 1 0 -1 -2 2 1 0 -1 -2 2 1 0 -1 -2 2 1 0 -1 -2 2 1 0 -1 -2 2 1 0 -1 -2 2 1 0 -1 -2 2 1 0 -1 -2 2 1 0 -1 -2 2 1 0 -1 -2 2 1 0 -1 -2 2 1 0 -1 -2 2 1 0 -1 -2 2 1 0 -1 -2 2 1 0 -1 -2 2 1 0 -1 -2 2 1 0 -1 -2 2 1 0 -1 -2 2 1 0 -1 -2 2 1 0 -1 -2 2 1 0 -1 -2 2 1 0 -1 -2 2 1 0 -1 -2 2 1 0 -1 -2 2 1 0 -1 -2 2 1 0 -1 -2 2 1 0 -1 -2 2 1 0 -1 -2 2 1 0 -1 -2 2 1 0 -1 -2 2 1 0 -1 -2 2 1 0 -1 -2 2 1 0 -1 -2 2 1 0 -1 -2 2 1 0 -1 -2 2 1 0 -1 -2 2 1 0 -1 -2 2 1 0 -1 -2 2 1 0 -1 -2 2 1 0 -1 -2 2 1 0 -1 -2 2 1 0 -1 -2 2 1 0 -1 -2 2 1 0 -1 -2 2 1 0 -1 -2 2 1 0 -1 -2 2 1 0 -1 -2 2 1 0 -1 -2 2 1 0 -1 -2 2 1 0 -1 -2 2 1 0 -1 -2 2 1 0 -1 -2 2 1 0 -1 -2 2 1 0 -1 -2 2 1 0 -1 -2 2 1 0 -1 -2 2 1 0 -1 -2 2 1 0 -1 -2 2 1
2 2 2 2 2 2 2 2 2 2 2 2 2 2 2 2 2 2 2 2 2 2 2 2 2 2 2 2 2 2 2 2 2 2 2 2 2 2 2 2 2 2 2 2 2 2 2 2 2 2 2 2 2 2 2 2 2 2 2 2 2 2 2 2 2 2 2 2 2 2 2 2 2 2 2 2 2 2 2 2 2 2 2 2 2 2 2 2 2 2 2 2 2 2 2 2 2 2 2 2 2 2 2 2 2 2 2 2 2 2 2 2 2 2 2 2 2 2 2 2 2 2 2 2 2 2 2 2 2 2 2 2 1001 2 2 2 2 2 2 2 2 2 2 2 2 2 2 2 2 2 2 2 2 2 2 2 2 2 2 2 2 2 2 2 2 2 2 2 2 2 2 2 2 2 2 2 2 2 2 2 2 2 2 2 2 2 2 2 2 2 2 2 2 2 2 2 2 2 2 2 2 2 2 2 2 2 2 2 2 2 2 2 2 2 2 2 2 2 2 2 2 2 2 2 2 2 2 2 2 2 2 2 2 2 2 2 2 2 2 2 2 2 2 2 2 2 2 2 2 2 2 2 2 2 2 2 2 2 2 2 2 2 2 2 2 2 2 2 2 2 2 2 2 2 2 2 2 2 2 2 2 2 2 2 2 2 2 2 2 2 2 2 2 2 2 2 2 2 2 2 2 2 2 2 2 2 2 2 2 2 2 2 2 2 2 2 2 2 2 2 2 2 2 2 2 2 2 2 2 2 2 2 2 2 2 2 2 2 2 2 2 2 2 2 2 2 2 2 2 2 2 2 2 2 2 2 2 2 2 2 2 2 2 2 2 2 2 2 2 2 2 2 2 2 2 2 2 2 2 2 2 2 2 2 2 2 2 2 2 2 2 2 2 2 2 2 2 2 2 2 2 2 2 2 2 2 2 2 2 2 2 2 2 2 2 2 2 2 2 2 2 2 2 2 2 2 2 2 2 2 2 2 2 2 2 2 2 2 2 2 2 2 2 2 2 2 2 2 2 2 2 2 2 2 2 2 2 2 2 2 2 2 2 2 2 2 2 2 2 2 2 2 2 2 2 2 2 2 2 2 2 2 2 2 2 2 2 2 2 2 2 2 2 2 2 2 2 2 2 2
-1 0 1 2 -2 -1 0 1 2 -2 -1 0 1 2 -2 -1 0 1 2 -2 -1 0 1 2 -2 -1 0 1 2 -2 -1 0 1 2 -2 -1 0 1 2 -2 -1 0 1 2 -2 -1 0 1 2 -2 -1 0 1 2 -2 -1 0 1 2 -2 -1 0 1 2 -2 -1 0 1 2 -2 -1 0 1 2 -2 -1 0 1 2 -2 -1 0 1 2 -2 -1 0 1 2 -2 -1 0 1 2 -2 -1 0 1 2 -2 -1 0 1 2 -2 -1 0 1 2 -2 -1 0 1 2 -2 -1 0 1 2 -2 -1 0 1 2 -2 -1 0 1 2 -2 -1 0 1 601 -2 -1 0 1 2 -2 -1 0 1 2 -2 -1 0 1 2 -2 -1 0 1 2 -2 -1 0 1 2 -2 -1 0 1 2 -2 -1 0 1 2 -2 -1 0 1 2 -2 -1 0 1 2 -2 -1 0 1 2 -2 -1 0 1 2 -2 -1 0 1 2 -2 -1 0 1 2 -2 -1 0 1 2 -2 -1 0 1 2 -2 -1 0 1 2 -2 -1 0 1 2 -2 -1 0 1 2 -2 -1 0 1 2 -2 -1 0 1 2 -2 -1 0 1 2 -2 -1 0 1 2 -2 -1 0 1 2 -2 -1 0 1 2 -2 -1 0 1 2 -2 -1 0 1 2 -2 -1 0 1 2 -2 -1 0 1 2 -2 -1 0 1 2 -2 -1 0 1 2 -2 -1 0 1 2 -2 -1 0 1 2 -2 -1 0 1 2 -2 -1 0 1 2 -2 -1 0 1 2 -2 -1 0 1 2 -2 -1 0 1 2 -2 -1 0 1 2 -2 -1 0 1 2 -2 -1 0 1 2 -2 -1 0 1 2 -2 -1 0 1 2 -2 -1 0 1 2 -2 -1 0 1 2 -2 -1 0 1 2 -2 -1 0 1 2 -2 -1 0 1 2 -2 -1 0 1 2 -2 -1 0 1 2 -2 -1 0 1 2 -2 -1 0 1 2 -2 -1 0 1 2 -2 -1 0 1 2 -2 -1 0 1 2 -2 -1 0 1 2 -2 -1 0 1 2 -2 -1 0 1 2 -2 -1 0 1 2 -2 -1 0 1 2 -2 -1 0 1 2 -2 -1 0 1 2 -2 -1 0 1 2 -2 -1 0 1 2 -2 -1 0 1 2 -2 -1 0 1 2 -2 -1 0 1 2 -2 -1 0 1 2 -2 -1 0 1 2 -2 -1 0 1 2 -2 -1 0 1 2 -2 -1 0 1 2 -2 -1 0 1 2 -2 -1 0 1 2 -2
1 -2 0 2 -1 1 -2 0 2 -1 1 -2 0 2 -1 1 -2 0 2 -1 1 -2 0 2 -1 1 -2 0 2 -1 1 -2 0 2 -1 1 -2 0 2 -1 1 -2 0 2 -1 1 -2 0 2 -1 1 -2 0 2 -1 1 -2 0 2 -1 1 -2 0 2 -1 1 -2 0 2 -1 1 -2 0 2 -1 1 -2 0 2 -1 1 -2 0 2 -1 1 -2 0 2 -1 1 -2 0 2 -1 1 -2 0 2 -1 1 -2 0 2 -1 1 -2 0 2 -1 1 -2 0 2 -1 1 -2 0 2 -1 1 -2 0 2 -1 1 -2 0 2 -1 1 -2 0 2 602 1 -2 0 2 -1 1 -2 0 2 -1 1 -2 0 2 -1 1 -2 0 2 -1 1 -2 0 2 -1 1 -2 0 2 -1 1 -2 0 2 -1 1 -2 0 2 -1 1 -2 0 2 -1 1 -2 0 2 -1 1 -2 0 2 -1 1 -2 0 2 -1 1 -2 0 2 -1 1 -2 0 2 -1 1 -2 0 2 -1 1 -2 0 2 -1 1 -2 0 2 -1 1 -2 0 2 -1 1 -2 0 2 -1 1 -2 0 2 -1 1 -2 0 2 -1 1 -2 0 2 -1 1 -2 0 2 -1 1 -2 0 2 -1 1 -2 0 2 -1 1 -2 0 2 -1 1 -2 0 2 -1 1 -2 0 2 -1 1 -2 0 2 -1 1 -2 0 2 -1 1 -2 0 2 -1 1 -2 0 2 -1 1 -2 0 2 -1 1 -2 0 2 -1 1 -2 0 2 -1 1 -2 0 2 -1 1 -2 0 2 -1 1 -2 0 2 -1 1 -2 0 2 -1 1 -2 0 2 -1 1 -2 0 2 -1 1 -2 0 2 -1 1 -2 0 2 -1 1 -2 0 2 -1 1 -2 0 2 -1 1 -2 0 2 -1 1 -2 0 2 -1 1 -2 0 2 -1 1 -2 0 2 -1 1 -2 0 2 -1 1 -2 0 2 -1 1 -2 0 2 -1 1 -2 0 2 -1 1 -2 0 2 -1 1 -2 0 2 -1 1 -2 0 2 -1 1 -2 0 2 -1 1 -2 0 2 -1 1 -2 0 2 -1 1 -2 0 2 -1 1 -2 0 2 -1 1 -2 0 2 -1 1 -2 0 2 -1 1 -2 0 2 -1 1 -2 0 2 -1 1 -2 0 2 -1 1 -2 0 2 -1 1 -2 0 2 -1 1 -2 0 2 -1 1 -2 0 2 -1 1 -2 0 2 -1 1 -2 0 2 -1 1 -2 0 2 -1
-2 1 -1 2 0 -2 1 -1 2 0 -2 1 -1 2 0 -2 1 -1 2 0 -2 1 -1 2 0 -2 1 -1 2 0 -2 1 -1 2 0 -2 1 -1 2 0 -2 1 -1 2 0 -2 1 -1 2 0 -2 1 -1 2 0 -2 1 -1 2 0 -2 1 -1 2 0 -2 1 -1 2 0 -2 1 -1 2 0 -2 1 -1 2 0 -2 1 -1 2 0 -2 1 -1 2 0 -2 1 -1 2 0 -2 1 -1 2 0 -2 1 -1 2 0 -2 1 -1 2 0 -2 1 -1 2 0 -2 1 -1 2 0 -2 1 -1 2 0 -2 1 -1 2 0 -2 1 -1 2 0 601 1 -1 2 0 -2 1 -1 2 0 -2 1 -1 2 0 -2 1 -1 2 0 -2 1 -1 2 0 -2 1 -1 2 0 -2 1 -1 2 0 -2 1 -1 2 0 -2 1 -1 2 0 -2 1 -1 2 0 -2 1 -1 2 0 -2 1 -1 2 0 -2 1 -1 2 0 -2 1 -1 2 0 -2 1 -1 2 0 -2 1 -1 2 0 -2 1 -1 2 0 -2 1 -1 2 0 -2 1 -1 2 0 -2 1 -1 2 0 -2 1 -1 2 0 -2 1 -1 2 0 -2 1 -1 2 0 -2 1 -1 2 0 -2 1 -1 2 0 -2 1 -1 2 0 -2 1 -1 2 0 -2 1 -1 2 0 -2 1 -1 2 0 -2 1 -1 2 0 -2 1 -1 2 0 -2 1 -1 2 0 -2 1 -1 2 0 -2 1 -1 2 0 -2 1 -1 2 0 -2 1 -1 2 0 -2 1 -1 2 0 -2 1 -1 2 0 -2 1 -1 2 0 -2 1 -1 2 0 -2 1 -1 2 0 -2 1 -1 2 0 -2 1 -1 2 0 -2 1 -1 2 0 -2 1 -1 2 0 -2 1 -1 2 0 -2 1 -1 2 0 -2 1 -1 2 0 -2 1 -1 2 0 -2 1 -1 2 0 -2 1 -1 2 0 -2 1 -1 2 0 -2 1 -1 2 0 -2 1 -1 2 0 -2 1 -1 2 0 -2 1 -1 2 0 -2 1 -1 2 0 -2 1 -1 2 0 -2 1 -1 2 0 -2 1 -1 2 0 -2 1 -1 2 0 -2 1 -1 2 0 -2 1 -1 2 0 -2 1 -1 2 0 -2 1 -1 2 0 -2 1 -1 2 0 -2 1 -1 2 0 -2 1 -1 2 0 -2 1 -1 2 0 -2 1 -1 2 0 -2 1 -1 2 0 -2 1 -1 2 0 -2 1 -1 2 0
0 -1 -2 2 1 0 -1 -2 2 1 0 -1 -2 2 1 0 -1 -2 2 1 0 -1 -2 2 1 0 -1 -2 2 1 0 -1 -2 2 1 0 -1 -2 2 1 0 -1 -2 2 1 0 -1 -2 2 1 0 -1 -2 2 1 0 -1 -2 2 1 0 -1 -2 2 1 0 -1 -2 2 1 0 -1 -2 2 1 0 -1 -2 2 1 0 -1 -2 2 1 0 -1 -2 2 1 0 -1 -2 2 1 0 -1 -2 2 1 0 -1 -2 2 1 0 -1 -2 2 1 0 -1 -2 2 1 0 -1 -2 2 1 0 -1 -2 2 1 0 -1 -2 2 1 0 -1 -2 2 1 0 602 -2 2 1 0 -1 -2 2 1 0 -1 -2 2 1 0 -1 -2 2 1 0 -1 -2 2 1 0 -1 -2 2 1 0 -1 -2 2 1 0 -1 -2 2 1 0 -1 -2 2 1 0 -1 -2 2 1 0 -1 -2 2 1 0 -1 -2 2 1 0 -1 -2 2 1 0 -1 -2 2 1 0 -1 -2 2 1 0 -1 -2 2 1 0 -1 -2 2 1 0 -1 -2 2 1 0 -1 -2 2 1 0 -1 -2 2 1 0 -1 -2 2 1 0 -1 -2 2 1 0 -1 -2 2 1 0 -1 -2 2 1 0 -1 -2 2 1 0 -1 -2 2 1 0 -1 -2 2 1 0 -1 -2 2 1 0 -1 -2 2 1 0 -1 -2 2 1 0 -1 -2 2 1 0 -1 -2 2 1 0 -1 -2 2 1 0 -1 -2 2 1 0 -1 -2 2 1 0 -1 -2 2 1 0 -1 -2 2 1 0 -1 -2 2 1 0 -1 -2 2 1 0 -1 -2 2 1 0 -1 -2 2 1 0 -1 -2 2 1 0 -1 -2 2 1 0 -1 -2 2 1 0 -1 -2 2 1 0 -1 -2 2 1 0 -1 -2 2 1 0 -1 -2 2 1 0 -1 -2 2 1 0 -1 -2 2 1 0 -1 -2 2 1 0 -1 -2 2 1 0 -1 -2 2 1 0 -1 -2 2 1 0 -1 -2 2 1 0 -1 -2 2 1 0 -1 -2 2 1 0 -1 -2 2 1 0 -1 -2 2 1 0 -1 -2 2 1 0 -1 -2 2 1 0 -1 -2 2 1 0 -1 -2 2 1 0 -1 -2 2 1 0 -1 -2 2 1 0 -1 -2 2 1 0 -1 -2 2 1 0 -1 -2 2 1 0 -1 -2 2 1 0 -1 -2 2 1 0 -1 -2 2 1 0 -1 -2 2 1 0 -1 -2 2 1
2 2 2 2 2 2 2 2 2 2 2 2 2 2 2 2 2 2 2 2 2 2 2 2 2 2 2 2 2 2 2 2 2 2 2 2 2 2 2 2 2 2 2 2 2 2 2 2 2 2 2 2 2 2 2 2 2 2 2 2 2 2 2 2 2 2 2 2 2 2 2 2 2 2 2 2 2 2 2 2 2 2 2 2 2 2 2 2 2 2 2 2 2 2 2 2 2 2 2 2 2 2 2 2 2 2 2 2 2 2 2 2 2 2 2 2 2 2 2 2 2 2 2 2 2 2 2 2 2 2 2 2 2 2 2 2 2 1001 2 2 2 2 2 2 2 2 2 2 2 2 2 2 2 2 2 2 2 2 2 2 2 2 2 2 2 2 2 2 2 2 2 2 2 2 2 2 2 2 2 2 2 2 2 2 2 2 2 2 2 2 2 2 2 2 2 2 2 2 2 2 2 2 2 2 2 2 2 2 2 2 2 2 2 2 2 2 2 2 2 2 2 2 2 2 2 2 2 2 2 2 2 2 2 2 2 2 2 2 2 2 2 2 2 2 2 2 2 2 2 2 2 2 2 2 2 2 2 2 2 2 2 2 2 2 2 2 2 2 2 2 2 2 2 2 2 2 2 2 2 2 2 2 2 2 2 2 2 2 2 2 2 2 2 2 2 2 2 2 2 2 2 2 2 2 2 2 2 2 2 2 2 2 2 2 2 2 2 2 2 2 2 2 2 2 2 2 2 2 2 2 2 2 2 2 2 2 2 2 2 2 2 2 2 2 2 2 2 2 2 2 2 2 2 2 2 2 2 2 2 2 2 2 2 2 2 2 2 2 2 2 2 2 2 2 2 2 2 2 2 2 2 2 2 2 2 2 2 2 2 2 2 2 2 2 2 2 2 2 2 2 2 2 2 2 2 2 2 2 2 2 2 2 2 2 2 2 2 2 2 2 2 2 2 2 2 2 2 2 2 2 2 2 2 2 2 2 2 2 2 2 2 2 2 2 2 2 2 2 2 2 2 2 2 2 2 2 2 2 2 2 2 2 2 2 2 2 2 2 2 2 2 2 2 2 2 2 2 2 2 2 2 2 2 2 2 2 2 2 2 2 2 2 2 2 2 2 2 2 2 2
-1 0 1 2 -2 -1 0 1 2 -2 -1 0 1 2 -2 -1 0 1 2 -2 -1 0 1 2 -2 -1 0 1 2 -2 -1 0 1 2 -2 -1 0 1 2 -2 -1 0 1 2 -2 -1 0 1 2 -2 -1 0 1 2 -2 -1 0 1 2 -2 -1 0 1 2 -2 -1 0 1 2 -2 -1 0 1 2 -2 -1 0 1 2 -2 -1 0 1 2 -2 -1 0 1 2 -2 -1 0 1 2 -2 -1 0 1 2 -2 -1 0 1 2 -2 -1 0 1 2 -2 -1 0 1 2 -2 -1 0 1 2 -2 -1 0 1 2 -2 -1 0 1 2 -2 -1 0 1 2 -2 -1 0 1 601 -2 -1 0 1 2 -2 -1 0 1 2 -2 -1 0 1 2 -2 -1 0 1 2 -2 -1 0 1 2 -2 -1 0 1 2 -2 -1 0 1 2 -2 -1 0 1 2 -2 -1 0 1 2 -2 -1 0 1 2 -2 -1 0 1 2 -2 -1 0 1 2 -2 -1 0 1 2 -2 -1 0 1 2 -2 -1 0 1 2 -2 -1 0 1 2 -2 -1 0 1 2 -2 -1 0 1 2 -2 -1 0 1 2 -2 -1 0 1 2 -2 -1 0 1 2 -2 -1 0 1 2 -2 -1 0 1 2 -2 -1 0 1 2 -2 -1 0 1 2 -2 -1 0 1 2 -2 -1 0 1 2 -2 -1 0 1 2 -2 -1 0 1 2 -2 -1 0 1 2 -2 -1 0 1 2 -2 -1 0 1 2 -2 -1 0 1 2 -2 -1 0 1 2 -2 -1 0 1 2 -2 -1 0 1 2 -2 -1 0 1 2 -2 -1 0 1 2 -2 -1 0 1 2 -2 -1 0 1 2 -2 -1 0 1 2 -2 -1 0 1 2 -2 -1 0 1 2 -2 -1 0 1 2 -2 -1 0 1 2 -2 -1 0 1 2 -2 -1 0 1 2 -2 -1 0 1 2 -2 -1 0 1 2 -2 -1 0 1 2 -2 -1 0 1 2 -2 -1 0 1 2 -2 -1 0 1 2 -2 -1 0 1 2 -2 -1 0 1 2 -2 -1 0 1 2 -2 -1 0 1 2 -2 -1 0 1 2 -2 -1 0 1 2 -2 -1 0 1 2 -2 -1 0 1 2 -2 -1 0 1 2 -2 -1 0 1 2 -2 -1 0 1 2 -2 -1 0 1 2 -2 -1 0 1 2 -2 -1 0 1 2 -2 -1 0 1 2 -2 -1 0 1 2 -2 -1 0 1 2 -2 -1 0 1 2 -2 -1 0 1 2 -2
1 -2 0 2 -1 1 -2 0 2 -1 1 -2 0 2 -1 1 -2 0 2 -1 1 -2 0 2 -1 1 -2 0 2 -1 1 -2 0 2 -1 1 -2 0 2 -1 1 -2 0 2 -1 1 -2 0 2 -1 1 -2 0 2 -1 1 -2 0 2 -1 1 -2 0 2 -1 1 -2 0 2 -1 1 -2 0 2 -1 1 -2 0 2 -1 1 -2 0 2 -1 1 -2 0 2 -1 1 -2 0 2 -1 1 -2 0 2 -1 1 -2 0 2 -1 1 -2 0 2 -1 1 -2 0 2 -1 1 -2 0 2 -1 1 -2 0 2 -1 1 -2 0 2 -1 1 -2 0 2 -1 1 -2 0 2 602 1 -2 0 2 -1 1 -2 0 2 -1 1 -2 0 2 -1 1 -2 0 2 -1 1 -2 0 2 -1 1 -2 0 2 -1 1 -2 0 2 -1 1 -2 0 2 -1 1 -2 0 2 -1 1 -2 0 2 -1 1 -2 0 2 -1 1 -2 0 2 -1 1 -2 0 2 -1 1 -2 0 2 -1 1 -2 0 2 -1 1 -2 0 2 -1 1 -2 0 2 -1 1 -2 0 2 -1 1 -2 0 2 -1 1 -2 0 2 -1 1 -2 0 2 -1 1 -2 0 2 -1 1 -2 0 2 -1 1 -2 0 2 -1 1 -2 0 2 -1 1 -2 0 2 -1 1 -2 0 2 -1 1 -2 0 2 -1 1 -2 0 2 -1 1 -2 0 2 -1 1 -2 0 2 -1 1 -2 0 2 -1 1 -2 0 2 -1 1 -2 0 2 -1 1 -2 0 2 -1 1 -2 0 2 -1 1 -2 0 2 -1 1 -2 0 2 -1 1 -2 0 2 -1 1 -2 0 2 -1 1 -2 0 2 -1 1 -2 0 2 -1 1 -2 0 2 -1 1 -2 0 2 -1 1 -2 0 2 -1 1 -2 0 2 -1 1 -2 0 2 -1 1 -2 0 2 -1 1 -2 0 2 -1 1 -2 0 2 -1 1 -2 0 2 -1 1 -2 0 2 -1 1 -2 0 2 -1 1 -2 0 2 -1 1 -2 0 2 -1 1 -2 0 2 -1 1 -2 0 2 -1 1 -2 0 2 -1 1 -2 0 2 -1 1 -2 0 2 -1 1 -2 0 2 -1 1 -2 0 2 -1 1 -2 0 2 -1 1 -2 0 2 -1 1 -2 0 2 -1 1 -2 0 2 -1 1 -2 0 2 -1 1 -2 0 2 -1 1 -2 0 2 -1 1 -2 0 2 -1 1 -2 0 2 -1 1 -2 0 2 -1
-2 1 -1 2 0 -2 1 -1 2 0 -2 1 -1 2 0 -2 1 -1 2 0 -2 1 -1 2 0 -2 1 -1 2 0 -2 1 -1 2 0 -2 1 -1 2 0 -2 1 -1 2 0 -2 1 -1 2 0 -2 1 -1 2 0 -2 1 -1 2 0 -2 1 -1 2 0 -2 1 -1 2 0 -2 1 -1 2 0 -2 1 -1 2 0 -2 1 -1 2 0 -2 1 -1 2 0 -2 1 -1 2 0 -2 1 -1 2 0 -2 1 -1 2 0 -2 1 -1 2 0 -2 1 -1 2 0 -2 1 -1 2 0 -2 1 -1 2 0 -2 1 -1 2 0 -2 1 -1 2 0 -2 1 -1 2 0 601 1 -1 2 0 -2 1 -1 2 0 -2 1 -1 2 0 -2 1 -1 2 0 -2 1 -1 2 0 -2 1 -1 2 0 -2 1 -1 2 0 -2 1 -1 2 0 -2 1 -1 2 0 -2 1 -1 2 0 -2 1 -1 2 0 -2 1 -1 2 0 -2 1 -1 2 0 -2 1 -1 2 0 -2 1 -1 2 0 -2 1 -1 2 0 -2 1 -1 2 0 -2 1 -1 2 0 -2 1 -1 2 0 -2 1 -1 2 0 -2 1 -1 2 0 -2 1 -1 2 0 -2 1 -1 2 0 -2 1 -1 2 0 -2 1 -1 2 0 -2 1 -1 2 0 -2 1 -1 2 0 -2 1 -1 2 0 -2 1 -1 2 0 -2 1 -1 2 0 -2 1 -1 2 0 -2 1 -1 2 0 -2 1 -1 2 0 -2 1 -1 2 0 -2 1 -1 2 0 -2 1 -1 2 0 -2 1 -1 2 0 -2 1 -1 2 0 -2 1 -1 2 0 -2 1 -1 2 0 -2 1 -1 2 0 -2 1 -1 2 0 -2 1 -1 2 0 -2 1 -1 2 0 -2 1 -1 2 0 -2 1 -1 2 0 -2 1 -1 2 0 -2 1 -1 2 0 -2 1 -1 2 0 -2 1 -1 2 0 -2 1 -1 2 0 -2 1 -1 2 0 -2 1 -1 2 0 -2 1 -1 2 0 -2 1 -1 2 0 -2 1 -1 2 0 -2 1 -1 2 0 -2 1 -1 2 0 -2 1 -1 2 0 -2 1 -1 2 0 -2 1 -1 2 0 -2 1 -1 2 0 -2 1 -1 2 0 -2 1 -1 2 0 -2 1 -1 2 0 -2 1 -1 2 0 -2 1 -1 2 0 -2 1 -1 2 0 -2 1 -1 2 0 -2 1 -1 2 0 -2 1 -1 2 0 -2 1 -1 2 0
0 -1 -2 2 1 0 -1 -2 2 1 0 -1 -2 2 1 0 -1 -2 2 1 0 -1 -2 2 1 0 -1 -2 2 1 0 -1 -2 2 1 0 -1 -2 2 1 0 -1 -2 2 1 0 -1 -2 2 1 0 -1 -2 2 1 0 -1 -2 2 1 0 -1 -2 2 1 0 -1 -2 2 1 0 -1 -2 2 1 0 -1 -2 2 1 0 -1 -2 2 1 0 -1 -2 2 1 0 -1 -2 2 1 0 -1 -2 2 1 0 -1 -2 2 1 0 -1 -2 2 1 0 -1 -2 2 1 0 -1 -2 2 1 0 -1 -2 2 1 0 -1 -2 2 1 0 -1 -2 2 1 0 -1 -2 2 1 0 602 -2 2 1 0 -1 -2 2 1 0 -1 -2 2 1 0 -1 -2 2 1 0 -1 -2 2 1 0 -1 -2 2 1 0 -1 -2 2 1 0 -1 -2 2 1 0 -1 -2 2 1 0 -1 -2 2 1 0 -1 -2 2 1 0 -1 -2 2 1 0 -1 -2 2 1 0 -1 -2 2 1 0 -1 -2 2 1 0 -1 -2 2 1 0 -1 -2 2 1 0 -1 -2 2 1 0 -1 -2 2 1 0 -1 -2 2 1 0 -1 -2 2 1 0 -1 -2 2 1 0 -1 -2 2 1 0 -1 -2 2 1 0 -1 -2 2 1 0 -1 -2 2 1 0 -1 -2 2 1 0 -1 -2 2 1 0 -1 -2 2 1 0 -1 -2 2 1 0 -1 -2 2 1 0 -1 -2 2 1 0 -1 -2 2 1 0 -1 -2 2 1 0 -1 -2 2 1 0 -1 -2 2 1 0 -1 -2 2 1 0 -1 -2 2 1 0 -1 -2 2 1 0 -1 -2 2 1 0 -1 -2 2 1 0 -1 -2 2 1 0 -1 -2 2 1 0 -1 -2 2 1 0 -1 -2 2 1 0 -1 -2 2 1 0 -1 -2 2 1 0 -1 -2 2 1 0 -1 -2 2 1 0 -1 -2 2 1 0 -1 -2 2 1 0 -1 -2 2 1 0 -1 -2 2 1 0 -1 -2 2 1 0 -1 -2 2 1 0 -1 -2 2 1 0 -1 -2 2 1 0 -1 -2 2 1 0 -1 -2 2 1 0 -1 -2 2 1 0 -1 -2 2 1 0 -1 -2 2 1 0 -1 -2 2 1 0 -1 -2 2 1 0 -1 -2 2 1 0 -1 -2 2 1 0 -1 -2 2 1 0 -1 -2 2 1 0 -1 -2 2 1 0 -1 -2 2 1 0 -1 -2 2 1 0 -1 -2 2 1
2 2 2 2 2 2 2 2 2 2 2 2 2 2 2 2 2 2 2 2 2 2 2 2 2 2 2 2 2 2 2 2 2 2 2 2 2 2 2 2 2 2 2 2 2 2 2 2 2 2 2 2 2 2 2 2 2 2 2 2 2 2 2 2 2 2 2 2 2 2 2 2 2 2 2 2 2 2 2 2 2 2 2 2 2 2 2 2 2 2 2 2 2 2 2 2 2 2 2 2 2 2 2 2 2 2 2 2 2 2 2 2 2 2 2 2 2 2 2 2 2 2 2 2 2 2 2 2 2 2 2 2 2 2 2 2 2 2 2 2 2 2 1001 2 2 2 2 2 2 2 2 2 2 2 2 2 2 2 2 2 2 2 2 2 2 2 2 2 2 2 2 2 2 2 2 2 2 2 2 2 2 2 2 2 2 2 2 2 2 2 2 2 2 2 2 2 2 2 2 2 2 2 2 2 2 2 2 2 2 2 2 2 2 2 2 2 2 2 2 2 2 2 2 2 2 2 2 2 2 2 2 2 2 2 2 2 2 2 2 2 2 2 2 2 2 2 2 2 2 2 2 2 2 2 2 2 2 2 2 2 2 2 2 2 2 2 2 2 2 2 2 2 2 2 2 2 2 2 2 2 2 2 2 2 2 2 2 2 2 2 2 2 2 2 2 2 2 2 2 2 2 2 2 2 2 2 2 2 2 2 2 2 2 2 2 2 2 2 2 2 2 2 2 2 2 2 2 2 2 2 2 2 2 2 2 2 2 2 2 2 2 2 2 2 2 2 2 2 2 2 2 2 2 2 2 2 2 2 2 2 2 2 2 2 2 2 2 2 2 2 2 2 2 2 2 2 2 2 2 2 2 2 2 2 2 2 2 2 2 2 2 2 2 2 2 2 2 2 2 2 2 2 2 2 2 2 2 2 2 2 2 2 2 2 2 2 2 2 2 2 2 2 2 2 2 2 2 2 2 2 2 2 2 2 2 2 2 2 2 2 2 2 2 2 2 2 2 2 2 2 2 2 2 2 2 2 2 2 2 2 2 2 2 2 2 2 2 2 2 2 2 2 2 2 2 2 2 2 2 2 2 2 2 2 2 2 2 2 2 2 2 2 2 2 2 2 2 2 2 2
-1 0 1 2 -2 -1 0 1 2 -2 -1 0 1 2 -2 -1 0 1 2 -2 -1 0 1 2 -2 -1 0 1 2 -2 -1 0 1 2 -2 -1 0 1 2 -2 -1 0 1 2 -2 -1 0 1 2 -2 -1 0 1 2 -2 -1 0 1 2 -2 -1 0 1 2 -2 -1 0 1 2 -2 -1 0 1 2 -2 -1 0 1 2 -2 -1 0 1 2 -2 -1 0 1 2 -2 -1 0 1 2 -2 -1 0 1 2 -2 -1 0 1 2 -2 -1 0 1 2 -2 -1 0 1 2 -2 -1 0 1 2 -2 -1 0 1 2 -2 -1 0 1 2 -2 -1 0 1 2 -2 -1 0 1 2 -2 -1 0 1 601 -2 -1 0 1 2 -2 -1 0 1 2 -2 -1 0 1 2 -2 -1 0 1 2 -2 -1 0 1 2 -2 -1 0 1 2 -2 -1 0 1 2 -2 -1 0 1 2 -2 -1 0 1 2 -2 -1 0 1 2 -2 -1 0 1 2 -2 -1 0 1 2 -2 -1 0 1 2 -2 -1 0 1 2 -2 -1 0 1 2 -2 -1 0 1 2 -2 -1 0 1 2 -2 -1 0 1 2 -2 -1 0 1 2 -2 -1 0 1 2 -2 -1 0 1 2 -2 -1 0 1 2 -2 -1 0 1 2 -2 -1 0 1 2 -2 -1 0 1 2 -2 -1 0 1 2 -2 -1 0 1 2 -2 -1 0 1 2 -2 -1 0 1 2 -2 -1 0 1 2 -2 -1 0 1 2 -2 -1 0 1 2 -2 -1 0 1 2 -2 -1 0 1 2 -2 -1 0 1 2 -2 -1 0 1 2 -2 -1 0 1 2 -2 -1 0 1 2 -2 -1 0 1 2 -2 -1 0 1 2 -2 -1 0 1 2 -2 -1 0 1 2 -2 -1 0 1 2 -2 -1 0 1 2 -2 -1 0 1 2 -2 -1 0 1 2 -2 -1 0 1 2 -2 -1 0 1 2 -2 -1 0 1 2 -2 -1 0 1 2 -2 -1 0 1 2 -2 -1 0 1 2 -2 -1 0 1 2 -2 -1 0 1 2 -2 -1 0 1 2 -2 -1 0 1 2 -2 -1 0 1 2 -2 -1 0 1 2 -2 -1 0 1 2 -2 -1 0 1 2 -2 -1 0 1 2 -2 -1 0 1 2 -2 -1 0 1 2 -2 -1 0 1 2 -2 -1 0 1 2 -2 -1 0 1 2 -2 -1 0 1 2 -2 -1 0 1 2 -2 -1 0 1 2 -2 -1 0 1 2 -2 -1 0 1 2 -2
1 -2 0 2 -1 1 -2 0 2 -1 1 -2 0 2 -1 1 -2 0 2 -1 1 -2 0 2 -1 1 -2 0 2 -1 1 -2 0 2 -1 1 -2 0 2 -1 1 -2 0 2 -1 1 -2 0 2 -1 1 -2 0 2 -1 1 -2 0 2 -1 1 -2 0 2 -1 1 -2 0 2 -1 1 -2 0 2 -1 1 -2 0 2 -1 1 -2 0 2 -1 1 -2 0 2 -1 1 -2 0 2 -1 1 -2 0 2 -1 1 -2 0 2 -1 1 -2 0 2 -1 1 -2 0 2 -1 1 -2 0 2 -1 1 -2 0 2 -1 1 -2 0 2 -1 1 -2 0 2 -1 1 -2 0 2 -1 1 -2 0 2 602 1 -2 0 2 -1 1 -2 0 2 -1 1 -2 0 2 -1 1 -2 0 2 -1 1 -2 0 2 -1 1 -2 0 2 -1 1 -2 0 2 -1 1 -2 0 2 -1 1 -2 0 2 -1 1 -2 0 2 -1 1 -2 0 2 -1 1 -2 0 2 -1 1 -2 0 2 -1 1 -2 0 2 -1 1 -2 0 2 -1 1 -2 0 2 -1 1 -2 0 2 -1 1 -2 0 2 -1 1 -2 0 2 -1 1 -2 0 2 -1 1 -2 0 2 -1 1 -2 0 2 -1 1 -2 0 2 -1 1 -2 0 2 -1 1 -2 0 2 -1 1 -2 0 2 -1 1 -2 0 2 -1 1 -2 0 2 -1 1 -2 0 2 -1 1 -2 0 2 -1 1 -2 0 2 -1 1 -2 0 2 -1 1 -2 0 2 -1 1 -2 0 2 -1 1 -2 0 2 -1 1 -2 0 2 -1 1 -2 0 2 -1 1 -2 0 2 -1 1 -2 0 2 -1 1 -2 0 2 -1 1 -2 0 2 -1 1 -2 0 2 -1 1 -2 0 2 -1 1 -2 0 2 -1 1 -2 0 2 -1 1 -2 0 2 -1 1 -2 0 2 -1 1 -2 0 2 -1 1 -2 0 2 -1 1 -2 0 2 -1 1 -2 0 2 -1 1 -2 0 2 -1 1 -2 0 2 -1 1 -2 0 2 -1 1 -2 0 2 -1 1 -2 0 2 -1 1 -2 0 2 -1 1 -2 0 2 -1 1 -2 0 2 -1 1 -2 0 2 -1 1 -2 0 2 -1 1 -2 0 2 -1 1 -2 0 2 -1 1 -2 0 2 -1 1 -2 0 2 -1 1 -2 0 2 -1 1 -2 0 2 -1 1 -2 0 2 -1 1 -2 0 2 -1 1 -2 0 2 -1 1 -2 0 2 -1
-2 1 -1 2 0 -2 1 -1 2 0 -2 1 -1 2 0 -2 1 -1 2 0 -2 1 -1 2 0 -2 1 -1 2 0 -2 1 -1 2 0 -2 1 -1 2 0 -2 1 -1 2 0 -2 1 -1 2 0 -2 1 -1 2 0 -2 1 -1 2 0 -2 1 -1 2 0 -2 1 -1 2 0 -2 1 -1 2 0 -2 1 -1 2 0 -2 1 -1 2 0 -2 1 -1 2 0 -2 1 -1 2 0 -2 1 -1 2 0 -2 1 -1 2 0 -2 1 -1 2 0 -2 1 -1 2 0 -2 1 -1 2 0 -2 1 -1 2 0 -2 1 -1 2 0 -2 1 -1 2 0 -2 1 -1 2 0 -2 1 -1 2 0 601 1 -1 2 0 -2 1 -1 2 0 -2 1 -1 2 0 -2 1 -1 2 0 -2 1 -1 2 0 -2 1 -1 2 0 -2 1 -1 2 0 -2 1 -1 2 0 -2 1 -1 2 0 -2 1 -1 2 0 -2 1 -1 2 0 -2 1 -1 2 0 -2 1 -1 2 0 -2 1 -1 2 0 -2 1 -1 2 0 -2 1 -1 2 0 -2 1 -1 2 0 -2 1 -1 2 0 -2 1 -1 2 0 -2 1 -1 2 0 -2 1 -1 2 0 -2 1 -1 2 0 -2 1 -1 2 0 -2 1 -1 2 0 -2 1 -1 2 0 -2 1 -1 2 0 -2 1 -1 2 0 -2 1 -1 2 0 -2 1 -1 2 0 -2 1 -1 2 0 -2 1 -1 2 0 -2 1 -1 2 0 -2 1 -1 2 0 -2 1 -1 2 0 -2 1 -1 2 0 -2 1 -1 2 0 -2 1 -1 2 0 -2 1 -1 2 0 -2 1 -1 2 0 -2 1 -1 2 0 -2 1 -1 2 0 -2 1 -1 2 0 -2 1 -1 2 0 -2 1 -1 2 0 -2 1 -1 2 0 -2 1 -1 2 0 -2 1 -1 2 0 -2 1 -1 2 0 -2 1 -1 2 0 -2 1 -1 2 0 -2 1 -1 2 0 -2 1 -1 2 0 -2 1 -1 2 0 -2 1 -1 2 0 -2 1 -1 2 0 -2 1 -1 2 0 -2 1 -1 2 0 -2 1 -1 2 0 -2 1 -1 2 0 -2 1 -1 2 0 -2 1 -1 2 0 -2 1 -1 2 0 -2 1 -1 2 0 -2 1 -1 2 0 -2 1 -1 2 0 -2 1 -1 2 0 -2 1 -1 2 0 -2 1 -1 2 0 -2 1 -1 2 0 -2 1 -1 2 0 -2 1 -1 2 0
0 -1 -2 2 1 0 -1 -2 2 1 0 -1 -2 2 1 0 -1 -2 2 1 0 -1 -2 2 1 0 -1 -2 2 1 0 -1 -2 2 1 0 -1 -2 2 1 0 -1 -2 2 1 0 -1 -2 2 1 0 -1 -2 2 1 0 -1 -2 2 1 0 -1 -2 2 1 0 -1 -2 2 1 0 -1 -2 2 1 0 -1 -2 2 1 0 -1 -2 2 1 0 -1 -2 2 1 0 -1 -2 2 1 0 -1 -2 2 1 0 -1 -2 2 1 0 -1 -2 2 1 0 -1 -2 2 1 0 -1 -2 2 1 0 -1 -2 2 1 0 -1 -2 2 1 0 -1 -2 2 1 0 -1 -2 2 1 0 -1 -2 2 1 0 602 -2 2 1 0 -1 -2 2 1 0 -1 -2 2 1 0 -1 -2 2 1 0 -1 -2 2 1 0 -1 -2 2 1 0 -1 -2 2 1 0 -1 -2 2 1 0 -1 -2 2 1 0 -1 -2 2 1 0 -1 -2 2 1 0 -1 -2 2 1 0 -1 -2 2 1 0 -1 -2 2 1 0 -1 -2 2 1 0 -1 -2 2 1 0 -1 -2 2 1 0 -1 -2 2 1 0 -1 -2 2 1 0 -1 -2 2 1 0 -1 -2 2 1 0 -1 -2 2 1 0 -1 -2 2 1 0 -1 -2 2 1 0 -1 -2 2 1 0 -1 -2 2 1 0 -1 -2 2 1 0 -1 -2 2 1 0 -1 -2 2 1 0 -1 -2 2 1 0 -1 -2 2 1 0 -1 -2 2 1 0 -1 -2 2 1 0 -1 -2 2 1 0 -1 -2 2 1 0 -1 -2 2 1 0 -1 -2 2 1 0 -1 -2 2 1 0 -1 -2 2 1 0 -1 -2 2 1 0 -1 -2 2 1 0 -1 -2 2 1 0 -1 -2 2 1 0 -1 -2 2 1 0 -1 -2 2 1 0 -1 -2 2 1 0 -1 -2 2 1 0 -1 -2 2 1 0 -1 -2 2 1 0 -1 -2 2 1 0 -1 -2 2 1 0 -1 -2 2 1 0 -1 -2 2 1 0 -1 -2 2 1 0 -1 -2 2 1 0 -1 -2 2 1 0 -1 -2 2 1 0 -1 -2 2 1 0 -1 -2 2 1 0 -1 -2 2 1 0 -1 -2 2 1 0 -1 -2 2 1 0 -1 -2 2 1 0 -1 -2 2 1 0 -1 -2 2 1 0 -1 -2 2 1 0 -1 -2 2 1 0 -1 -2 2 1 0 -1 -2 2 1 0 -1 -2 2 1 0 -1 -2 2 1
2 2 2 2 2 2 2 2 2 2 2 2 2 2 2 2 2 2 2 2 2 2 2 2 2 2 2 2 2 2 2 2 2 2 2 2 2 2 2 2 2 2 2 2 2 2 2 2 2 2 2 2 2 2 2 2 2 2 2 2 2 2 2 2 2 2 2 2 2 2 2 2 2 2 2 2 2 2 2 2 2 2 2 2 2 2 2 2 2 2 2 2 2 2 2 2 2 2 2 2 2 2 2 2 2 2 2 2 2 2 2 2 2 2 2 2 2 2 2 2 2 2 2 2 2 2 2 2 2 2 2 2 2 2 2 2 2 2 2 2 2 2 2 2 2 2 2 1001 2 2 2 2 2 2 2 2 2 2 2 2 2 2 2 2 2 2 2 2 2 2 2 2 2 2 2 2 2 2 2 2 2 2 2 2 2 2 2 2 2 2 2 2 2 2 2 2 2 2 2 2 2 2 2 2 2 2 2 2 2 2 2 2 2 2 2 2 2 2 2 2 2 2 2 2 2 2 2 2 2 2 2 2 2 2 2 2 2 2 2 2 2 2 2 2 2 2 2 2 2 2 2 2 2 2 2 2 2 2 2 2 2 2 2 2 2 2 2 2 2 2 2 2 2 2 2 2 2 2 2 2 2 2 2 2 2 2 2 2 2 2 2 2 2 2 2 2 2 2 2 2 2 2 2 2 2 2 2 2 2 2 2 2 2 2 2 2 2 2 2 2 2 2 2 2 2 2 2 2 2 2 2 2 2 2 2 2 2 2 2 2 2 2 2 2 2 2 2 2 2 2 2 2 2 2 2 2 2 2 2 2 2 2 2 2 2 2 2 2 2 2 2 2 2 2 2 2 2 2 2 2 2 2 2 2 2 2 2 2 2 2 2 2 2 2 2 2 2 2 2 2 2 2 2 2 2 2 2 2 2 2 2 2 2 2 2 2 2 2 2 2 2 2 2 2 2 2 2 2 2 2 2 2 2 2 2 2 2 2 2 2 2 2 2 2 2 2 2 2 2 2 2 2 2 2 2 2 2 2 2 2 2 2 2 2 2 2 2 2 2 2 2 2 2 2 2 2 2 2 2 2 2 2 2 2 2 2 2 2 2 2 2 2 2 2 2 2 2 2 2 2
-1 0 1 2 -2 -1 0 1 2 -2 -1 0 1 2 -2 -1 0 1 2 -2 -1 0 1 2 -2 -1 0 1 2 -2 -1 0 1 2 -2 -1 0 1 2 -2 -1 0 1 2 -2 -1 0 1 2 -2 -1 0 1 2 -2 -1 0 1 2 -2 -1 0 1 2 -2 -1 0 1 2 -2 -1 0 1 2 -2 -1 0 1 2 -2 -1 0 1 2 -2 -1 0 1 2 -2 -1 0 1 2 -2 -1 0 1 2 -2 -1 0 1 2 -2 -1 0 1 2 -2 -1 0 1 2 -2 -1 0 1 2 -2 -1 0 1 2 -2 -1 0 1 2 -2 -1 0 1 2 -2 -1 0 1 2 -2 -1 0 1 2 -2 -1 0 1 601 -2 -1 0 1 2 -2 -1 0 1 2 -2 -1 0 1 2 -2 -1 0 1 2 -2 -1 0 1 2 -2 -1 0 1 2 -2 -1 0 1 2 -2 -1 0 1 2 -2 -1 0 1 2 -2 -1 0 1 2 -2 -1 0 1 2 -2 -1 0 1 2 -2 -1 0 1 2 -2 -1 0 1 2 -2 -1 0 1 2 -2 -1 0 1 2 -2 -1 0 1 2 -2 -1 0 1 2 -2 -1 0 1 2 -2 -1 0 1 2 -2 -1 0 1 2 -2 -1 0 1 2 -2 -1 0 1 2 -2 -1 0 1 2 -2 -1 0 1 2 -2 -1 0 1 2 -2 -1 0 1 2 -2 -1 0 1 2 -2 -1 0 1 2 -2 -1 0 1 2 -2 -1 0 1 2 -2 -1 0 1 2 -2 -1 0 1 2 -2 -1 0 1 2 -2 -1 0 1 2 -2 -1 0 1 2 -2 -1 0 1 2 -2 -1 0 1 2 -2 -1 0 1 2 -2 -1 0 1 2 -2 -1 0 1 2 -2 -1 0 1 2 -2 -1 0 1 2 -2 -1 0 1 2 -2 -1 0 1 2 -2 -1 0 1 2 -2 -1 0 1 2 -2 -1 0 1 2 -2 -1 0 1 2 -2 -1 0 1 2 -2 -1 0 1 2 -2 -1 0 1 2 -2 -1 0 1 2 -2 -1 0 1 2 -2 -1 0 1 2 -2 -1 0 1 2 -2 -1 0 1 2 -2 -1 0 1 2 -2 -1 0 1 2 -2 -1 0 1 2 -2 -1 0 1 2 -2 -1 0 1 2 -2 -1 0 1 2 -2 -1 0 1 2 -2 -1 0 1 2 -2 -1 0 1 2 -2 -1 0 1 2 -2 -1 0 1 2 -2 -1 0 1 2 -2 -1 0 1 2 -2
1 -2 0 2 -1 1 -2 0 2 -1 1 -2 0 2 -1 1 -2 0 2 -1 1 -2 0 2 -1 1 -2 0 2 -1 1 -2 0 2 -1 1 -2 0 2 -1 1 -2 0 2 -1 1 -2 0 2 -1 1 -2 0 2 -1 1 -2 0 2 -1 1 -2 0 2 -1 1 -2 0 2 -1 1 -2 0 2 -1 1 -2 0 2 -1 1 -2 0 2 -1 1 -2 0 2 -1 1 -2 0 2 -1 1 -2 0 2 -1 1 -2 0 2 -1 1 -2 0 2 -1 1 -2 0 2 -1 1 -2 0 2 -1 1 -2 0 2 -1 1 -2 0 2 -1 1 -2 0 2 -1 1 -2 0 2 -1 1 -2 0 2 -1 1 -2 0 2 602 1 -2 0 2 -1 1 -2 0 2 -1 1 -2 0 2 -1 1 -2 0 2 -1 1 -2 0 2 -1 1 -2 0 2 -1 1 -2 0 2 -1 1 -2 0 2 -1 1 -2 0 2 -1 1 -2 0 2 -1 1 -2 0 2 -1 1 -2 0 2 -1 1 -2 0 2 -1 1 -2 0 2 -1 1 -2 0 2 -1 1 -2 0 2 -1 1 -2 0 2 -1 1 -2 0 2 -1 1 -2 0 2 -1 1 -2 0 2 -1 1 -2 0 2 -1 1 -2 0 2 -1 1 -2 0 2 -1 1 -2 0 2 -1 1 -2 0 2 -1 1 -2 0 2 -1 1 -2 0 2 -1 1 -2 0 2 -1 1 -2 0 2 -1 1 -2 0 2 -1 1 -2 0 2 -1 1 -2 0 2 -1 1 -2 0 2 -1 1 -2 0 2 -1 1 -2 0 2 -1 1 -2 0 2 -1 1 -2 0 2 -1 1 -2 0 2 -1 1 -2 0 2 -1 1 -2 0 2 -1 1 -2 0 2 -1 1 -2 0 2 -1 1 -2 0 2 -1 1 -2 0 2 -1 1 -2 0 2 -1 1 -2 0 2 -1 1 -2 0 2 -1 1 -2 0 2 -1 1 -2 0 2 -1 1 -2 0 2 -1 1 -2 0 2 -1 1 -2 0 2 -1 1 -2 0 2 -1 1 -2 0 2 -1 1 -2 0 2 -1 1 -2 0 2 -1 1 -2 0 2 -1 1 -2 0 2 -1 1 -2 0 2 -1 1 -2 0 2 -1 1 -2 0 2 -1 1 -2 0 2 -1 1 -2 0 2 -1 1 -2 0 2 -1 1 -2 0 2 -1 1 -2 0 2 -1 1 -2 0 2 -1 1 -2 0 2 -1 1 -2 0 2 -1 1 -2 0 2 -1
-2 1 -1 2 0 -2 1 -1 2 0 -2 1 -1 2 0 -2 1 -1 2 0 -2 1 -1 2 0 -2 1 -1 2 0 -2 1 -1 2 0 -2 1 -1 2 0 -2 1 -1 2 0 -2 1 -1 2 0 -2 1 -1 2 0 -2 1 -1 2 0 -2 1 -1 2 0 -2 1 -1 2 0 -2 1 -1 2 0 -2 1 -1 2 0 -2 1 -1 2 0 -2 1 -1 2 0 -2 1 -1 2 0 -2 1 -1 2 0 -2 1 -1 2 0 -2 1 -1 2 0 -2 1 -1 2 0 -2 1 -1 2 0 -2 1 -1 2 0 -2 1 -1 2 0 -2 1 -1 2 0 -2 1 -1 2 0 -2 1 -1 2 0 -2 1 -1 2 0 601 1 -1 2 0 -2 1 -1 2 0 -2 1 -1 2 0 -2 1 -1 2 0 -2 1 -1 2 0 -2 1 -1 2 0 -2 1 -1 2 0 -2 1 -1 2 0 -2 1 -1 2 0 -2 1 -1 2 0 -2 1 -1 2 0 -2 1 -1 2 0 -2 1 -1 2 0 -2 1 -1 2 0 -2 1 -1 2 0 -2 1 -1 2 0 -2 1 -1 2 0 -2 1 -1 2 0 -2 1 -1 2 0 -2 1 -1 2 0 -2 1 -1 2 0 -2 1 -1 2 0 -2 1 -1 2 0 -2 1 -1 2 0 -2 1 -1 2 0 -2 1 -1 2 0 -2 1 -1 2 0 -2 1 -1 2 0 -2 1 -1 2 0 -2 1 -1 2 0 -2 1 -1 2 0 -2 1 -1 2 0 -2 1 -1 2 0 -2 1 -1 2 0 -2 1 -1 2 0 -2 1 -1 2 0 -2 1 -1 2 0 -2 1 -1 2 0 -2 1 -1 2 0 -2 1 -1 2 0 -2 1 -1 2 0 -2 1 -1 2 0 -2 1 -1 2 0 -2 1 -1 2 0 -2 1 -1 2 0 -2 1 -1 2 0 -2 1 -1 2 0 -2 1 -1 2 0 -2 1 -1 2 0 -2 1 -1 2 0 -2 1 -1 2 0 -2 1 -1 2 0 -2 1 -1 2 0 -2 1 -1 2 0 -2 1 -1 2 0 -2 1 -1 2 0 -2 1 -1 2 0 -2 1 -1 2 0 -2 1 -1 2 0 -2 1 -1 2 0 -2 1 -1 2 0 -2 1 -1 2 0 -2 1 -1 2 0 -2 1 -1 2 0 -2 1 -1 2 0 -2 1 -1 2 0 -2 1 -1 2 0 -2 1 -1 2 0 -2 1 -1 2 0 -2 1 -1 2 0
0 -1 -2 2 1 0 -1 -2 2 1 0 -1 -2 2 1 0 -1 -2 2 1 0 -1 -2 2 1 0 -1 -2 2 1 0 -1 -2 2 1 0 -1 -2 2 1 0 -1 -2 2 1 0 -1 -2 2 1 0 -1 -2 2 1 0 -1 -2 2 1 0 -1 -2 2 1 0 -1 -2 2 1 0 -1 -2 2 1 0 -1 -2 2 1 0 -1 -2 2 1 0 -1 -2 2 1 0 -1 -2 2 1 0 -1 -2 2 1 0 -1 -2 2 1 0 -1 -2 2 1 0 -1 -2 2 1 0 -1 -2 2 1 0 -1 -2 2 1 0 -1 -2 2 1 0 -1 -2 2 1 0 -1 -2 2 1 0 -1 -2 2 1 0 -1 -2 2 1 0 602 -2 2 1 0 -1 -2 2 1 0 -1 -2 2 1 0 -1 -2 2 1 0 -1 -2 2 1 0 -1 -2 2 1 0 -1 -2 2 1 0 -1 -2 2 1 0 -1 -2 2 1 0 -1 -2 2 1 0 -1 -2 2 1 0 -1 -2 2 1 0 -1 -2 2 1 0 -1 -2 2 1 0 -1 -2 2 1 0 -1 -2 2 1 0 -1 -2 2 1 0 -1 -2 2 1 0 -1 -2 2 1 0 -1 -2 2 1 0 -1 -2 2 1 0 -1 -2 2 1 0 -1 -2 2 1 0 -1 -2 2 1 0 -1 -2 2 1 0 -1 -2 2 1 0 -1 -2 2 1 0 -1 -2 2 1 0 -1 -2 2 1 0 -1 -2 2 1 0 -1 -2 2 1 0 -1 -2 2 1 0 -1 -2 2 1 0 -1 -2 2 1 0 -1 -2 2 1 0 -1 -2 2 1 0 -1 -2 2 1 0 -1 -2 2 1 0 -1 -2 2 1 0 -1 -2 2 1 0 -1 -2 2 1 0 -1 -2 2 1 0 -1 -2 2 1 0 -1 -2 2 1 0 -1 -2 2 1 0 -1 -2 2 1 0 -1 -2 2 1 0 -1 -2 2 1 0 -1 -2 2 1 0 -1 -2 2 1 0 -1 -2 2 1 0 -1 -2 2 1 0 -1 -2 2 1 0 -1 -2 2 1 0 -1 -2 2 1 0 -1 -2 2 1 0 -1 -2 2 1 0 -1 -2 2 1 0 -1 -2 2 1 0 -1 -2 2 1 0 -1 -2 2 1 0 -1 -2 2 1 0 -1 -2 2 1 0 -1 -2 2 1 0 -1 -2 2 1 0 -1 -2 2 1 0 -1 -2 2 1 0 -1 -2 2 1 0 -1 -2 2 1 0 -1 -2 2 1
2 2 2 2 2 2 2 2 2 2 2 2 2 2 2 2 2 2 2 2 2 2 2 2 2 2 2 2 2 2 2 2 2 2 2 2 2 2 2 2 2 2 2 2 2 2 2 2 2 2 2 2 2 2 2 2 2 2 2 2 2 2 2 2 2 2 2 2 2 2 2 2 2 2 2 2 2 2 2 2 2 2 2 2 2 2 2 2 2 2 2 2 2 2 2 2 2 2 2 2 2 2 2 2 2 2 2 2 2 2 2 2 2 2 2 2 2 2 2 2 2 2 2 2 2 2 2 2 2 2 2 2 2 2 2 2 2 2 2 2 2 2 2 2 2 2 2 2 2 2 2 2 1001 2 2 2 2 2 2 2 2 2 2 2 2 2 2 2 2 2 2 2 2 2 2 2 2 2 2 2 2 2 2 2 2 2 2 2 2 2 2 2 2 2 2 2 2 2 2 2 2 2 2 2 2 2 2 2 2 2 2 2 2 2 2 2 2 2 2 2 2 2 2 2 2 2 2 2 2 2 2 2 2 2 2 2 2 2 2 2 2 2 2 2 2 2 2 2 2 2 2 2 2 2 2 2 2 2 2 2 2 2 2 2 2 2 2 2 2 2 2 2 2 2 2 2 2 2 2 2 2 2 2 2 2 2 2 2 2 2 2 2 2 2 2 2 2 2 2 2 2 2 2 2 2 2 2 2 2 2 2 2 2 2 2 2 2 2 2 2 2 2 2 2 2 2 2 2 2 2 2 2 2 2 2 2 2 2 2 2 2 2 2 2 2 2 2 2 2 2 2 2 2 2 2 2 2 2 2 2 2 2 2 2 2 2 2 2 2 2 2 2 2 2 2 2 2 2 2 2 2 2 2 2 2 2 2 2 2 2 2 2 2 2 2 2 2 2 2 2 2 2 2 2 2 2 2 2 2 2 2 2 2 2 2 2 2 2 2 2 2 2 2 2 2 2 2 2 2 2 2 2 2 2 2 2 2 2 2 2 2 2 2 2 2 2 2 2 2 2 2 2 2 2 2 2 2 2 2 2 2 2 2 2 2 2 2 2 2 2 2 2 2 2 2 2 2 2 2 2 2 2 2 2 2 2 2 2 2 2 2 2 2 2 2 2 2 2 2 2
-1 0 1 2 -2 -1 0 1 2 -2 -1 0 1 2 -2 -1 0 1 2 -2 -1 0 1 2 -2 -1 0 1 2 -2 -1 0 1 2 -2 -1 0 1 2 -2 -1 0 1 2 -2 -1 0 1 2 -2 -1 0 1 2 -2 -1 0 1 2 -2 -1 0 1 2 -2 -1 0 1 2 -2 -1 0 1 2 -2 -1 0 1 2 -2 -1 0 1 2 -2 -1 0 1 2 -2 -1 0 1 2 -2 -1 0 1 2 -2 -1 0 1 2 -2 -1 0 1 2 -2 -1 0 1 2 -2 -1 0 1 2 -2 -1 0 1 2 -2 -1 0 1 2 -2 -1 0 1 2 -2 -1 0 1 2 -2 -1 0 1 2 -2 -1 0 1 2 -2 -1 0 1 601 -2 -1 0 1 2 -2 -1 0 1 2 -2 -1 0 1 2 -2 -1 0 1 2 -2 -1 0 1 2 -2 -1 0 1 2 -2 -1 0 1 2 -2 -1 0 1 2 -2 -1 0 1 2 -2 -1 0 1 2 -2 -1 0 1 2 -2 -1 0 1 2 -2 -1 0 1 2 -2 -1 0 1 2 -2 -1 0 1 2 -2 -1 0 1 2 -2 -1 0 1 2 -2 -1 0 1 2 -2 -1 0 1 2 -2 -1 0 1 2 -2 -1 0 1 2 -2 -1 0 1 2 -2 -1 0 1 2 -2 -1 0 1 2 -2 -1 0 1 2 -2 -1 0 1 2 -2 -1 0 1 2 -2 -1 0 1 2 -2 -1 0 1 2 -2 -1 0 1 2 -2 -1 0 1 2 -2 -1 0 1 2 -2 -1 0 1 2 -2 -1 0 1 2 -2 -1 0 1 2 -2 -1 0 1 2 -2 -1 0 1 2 -2 -1 0 1 2 -2 -1 0 1 2 -2 -1 0 1 2 -2 -1 0 1 2 -2 -1 0 1 2 -2 -1 0 1 2 -2 -1 0 1 2 -2 -1 0 1 2 -2 -1 0 1 2 -2 -1 0 1 2 -2 -1 0 1 2 -2 -1 0 1 2 -2 -1 0 1 2 -2 -1 0 1 2 -2 -1 0 1 2 -2 -1 0 1 2 -2 -1 0 1 2 -2 -1 0 1 2 -2 -1 0 1 2 -2 -1 0 1 2 -2 -1 0 1 2 -2 -1 0 1 2 -2 -1 0 1 2 -2 -1 0 1 2 -2 -1 0 1 2 -2 -1 0 1 2 -2 -1 0 1 2 -2 -1 0 1 2 -2 -1 0 1 2 -2 -1 0 1 2 -2 -1 0 1 2 -2 -1 0 1 2 -2
1 -2 0 2 -1 1 -2 0 2 -1 1 -2 0 2 -1 1 -2 0 2 -1 1 -2 0 2 -1 1 -2 0 2 -1 1 -2 0 2 -1 1 -2 0 2 -1 1 -2 0 2 -1 1 -2 0 2 -1 1 -2 0 2 -1 1 -2 0 2 -1 1 -2 0 2 -1 1 -2 0 2 -1 1 -2 0 2 -1 1 -2 0 2 -1 1 -2 0 2 -1 1 -2 0 2 -1 1 -2 0 2 -1 1 -2 0 2 -1 1 -2 0 2 -1 1 -2 0 2 -1 1 -2 0 2 -1 1 -2 0 2 -1 1 -2 0 2 -1 1 -2 0 2 -1 1 -2 0 2 -1 1 -2 0 2 -1 1 -2 0 2 -1 1 -2 0 2 -1 1 -2 0 2 602 1 -2 0 2 -1 1 -2 0 2 -1 1 -2 0 2 -1 1 -2 0 2 -1 1 -2 0 2 -1 1 -2 0 2 -1 1 -2 0 2 -1 1 -2 0 2 -1 1 -2 0 2 -1 1 -2 0 2 -1 1 -2 0 2 -1 1 -2 0 2 -1 1 -2 0 2 -1 1 -2 0 2 -1 1 -2 0 2 -1 1 -2 0 2 -1 1 -2 0 2 -1 1 -2 0 2 -1 1 -2 0 2 -1 1 -2 0 2 -1 1 -2 0 2 -1 1 -2 0 2 -1 1 -2 0 2 -1 1 -2 0 2 -1 1 -2 0 2 -1 1 -2 0 2 -1 1 -2 0 2 -1 1 -2 0 2 -1 1 -2 0 2 -1 1 -2 0 2 -1 1 -2 0 2 -1 1 -2 0 2 -1 1 -2 0 2 -1 1 -2 0 2 -1 1 -2 0 2 -1 1 -2 0 2 -1 1 -2 0 2 -1 1 -2 0 2 -1 1 -2 0 2 -1 1 -2 0 2 -1 1 -2 0 2 -1 1 -2 0 2 -1 1 -2 0 2 -1 1 -2 0 2 -1 1 -2 0 2 -1 1 -2 0 2 -1 1 -2 0 2 -1 1 -2 0 2 -1 1 -2 0 2 -1 1 -2 0 2 -1 1 -2 0 2 -1 1 -2 0 2 -1 1 -2 0 2 -1 1 -2 0 2 -1 1 -2 0 2 -1 1 -2 0 2 -1 1 -2 0 2 -1 1 -2 0 2 -1 1 -2 0 2 -1 1 -2 0 2 -1 1 -2 0 2 -1 1 -2 0 2 -1 1 -2 0 2 -1 1 -2 0 2 -1 1 -2 0 2 -1 1 -2 0 2 -1 1 -2 0 2 -1 1 -2 0 2 -1 1 -2 0 2 -1
-2 1 -1 2 0 -2 1 -1 2 0 -2 1 -1 2 0 -2 1 -1 2 0 -2 1 -1 2 0 -2 1 -1 2 0 -2 1 -1 2 0 -2 1 -1 2 0 -2 1 -1 2 0 -2 1 -1 2 0 -2 1 -1 2 0 -2 1 -1 2 0 -2 1 -1 2 0 -2 1 -1 2 0 -2 1 -1 2 0 -2 1 -1 2 0 -2 1 -1 2 0 -2 1 -1 2 0 -2 1 -1 2 0 -2 1 -1 2 0 -2 1 -1 2 0 -2 1 -1 2 0 -2 1 -1 2 0 -2 1 -1 2 0 -2 1 -1 2 0 -2 1 -1 2 0 -2 1 -1 2 0 -2 1 -1 2 0 -2 1 -1 2 0 -2 1 -1 2 0 -2 1 -1 2 0 601 1 -1 2 0 -2 1 -1 2 0 -2 1 -1 2 0 -2 1 -1 2 0 -2 1 -1 2 0 -2 1 -1 2 0 -2 1 -1 2 0 -2 1 -1 2 0 -2 1 -1 2 0 -2 1 -1 2 0 -2 1 -1 2 0 -2 1 -1 2 0 -2 1 -1 2 0 -2 1 -1 2 0 -2 1 -1 2 0 -2 1 -1 2 0 -2 1 -1 2 0 -2 1 -1 2 0 -2 1 -1 2 0 -2 1 -1 2 0 -2 1 -1 2 0 -2 1 -1 2 0 -2 1 -1 2 0 -2 1 -1 2 0 -2 1 -1 2 0 -2 1 -1 2 0 -2 1 -1 2 0 -2 1 -1 2 0 -2 1 -1 2 0 -2 1 -1 2 0 -2 1 -1 2 0 -2 1 -1 2 0 -2 1 -1 2 0 -2 1 -1 2 0 -2 1 -1 2 0 -2 1 -1 2 0 -2 1 -1 2 0 -2 1 -1 2 0 -2 1 -1 2 0 -2 1 -1 2 0 -2 1 -1 2 0 -2 1 -1 2 0 -2 1 -1 2 0 -2 1 -1 2 0 -2 1 -1 2 0 -2 1 -1 2 0 -2 1 -1 2 0 -2 1 -1 2 0 -2 1 -1 2 0 -2 1 -1 2 0 -2 1 -1 2 0 -2 1 -1 2 0 -2 1 -1 2 0 -2 1 -1 2 0 -2 1 -1 2 0 -2 1 -1 2 0 -2 1 -1 2 0 -2 1 -1 2 0 -2 1 -1 2 0 -2 1 -1 2 0 -2 1 -1 2 0 -2 1 -1 2 0 -2 1 -1 2 0 -2 1 -1 2 0 -2 1 -1 2 0 -2 1 -1 2 0 -2 1 -1 2 0 -2 1 -1 2 0 -2 1 -1 2 0
0 -1 -2 2 1 0 -1 -2 2 1 0 -1 -2 2 1 0 -1 -2 2 1 0 -1 -2 2 1 0 -1 -2 2 1 0 -1 -2 2 1 0 -1 -2 2 1 0 -1 -2 2 1 0 -1 -2 2 1 0 -1 -2 2 1 0 -1 -2 2 1 0 -1 -2 2 1 0 -1 -2 2 1 0 -1 -2 2 1 0 -1 -2 2 1 0 -1 -2 2 1 0 -1 -2 2 1 0 -1 -2 2 1 0 -1 -2 2 1 0 -1 -2 2 1 0 -1 -2 2 1 0 -1 -2 2 1 0 -1 -2 2 1 0 -1 -2 2 1 0 -1 -2 2 1 0 -1 -2 2 1 0 -1 -2 2 1 0 -1 -2 2 1 0 -1 -2 2 1 0 -1 -2 2 1 0 602 -2 2 1 0 -1 -2 2 1 0 -1 -2 2 1 0 -1 -2 2 1 0 -1 -2 2 1 0 -1 -2 2 1 0 -1 -2 2 1 0 -1 -2 2 1 0 -1 -2 2 1 0 -1 -2 2 1 0 -1 -2 2 1 0 -1 -2 2 1 0 -1 -2 2 1 0 -1 -2 2 1 0 -1 -2 2 1 0 -1 -2 2 1 0 -1 -2 2 1 0 -1 -2 2 1 0 -1 -2 2 1 0 -1 -2 2 1 0 -1 -2 2 1 0 -1 -2 2 1 0 -1 -2 2 1 0 -1 -2 2 1 0 -1 -2 2 1 0 -1 -2 2 1 0 -1 -2 2 1 0 -1 -2 2 1 0 -1 -2 2 1 0 -1 -2 2 1 0 -1 -2 2 1 0 -1 -2 2 1 0 -1 -2 2 1 0 -1 -2 2 1 0 -1 -2 2 1 0 -1 -2 2 1 0 -1 -2 2 1 0 -1 -2 2 1 0 -1 -2 2 1 0 -1 -2 2 1 0 -1 -2 2 1 0 -1 -2 2 1 0 -1 -2 2 1 0 -1 -2 2 1 0 -1 -2 2 1 0 -1 -2 2 1 0 -1 -2 2 1 0 -1 -2 2 1 0 -1 -2 2 1 0 -1 -2 2 1 0 -1 -2 2 1 0 -1 -2 2 1 0 -1 -2 2 1 0 -1 -2 2 1 0 -1 -2 2 1 0 -1 -2 2 1 0 -1 -2 2 1 0 -1 -2 2 1 0 -1 -2 2 1 0 -1 -2 2 1 0 -1 -2 2 1 0 -1 -2 2 1 0 -1 -2 2 1 0 -1 -2 2 1 0 -1 -2 2 1 0 -1 -2 2 1 0 -1 -2 2 1 0 -1 -2 2 1 0 -1 -2 2 1
2 2 2 2 2 2 2 2 2 2 2 2 2 2 2 2 2 2 2 2 2 2 2 2 2 2 2 2 2 2 2 2 2 2 2 2 2 2 2 2 2 2 2 2 2 2 2 2 2 2 2 2 2 2 2 2 2 2 2 2 2 2 2 2 2 2 2 2 2 2 2 2 2 2 2 2 2 2 2 2 2 2 2 2 2 2 2 2 2 2 2 2 2 2 2 2 2 2 2 2 2 2 2 2 2 2 2 2 2 2 2 2 2 2 2 2 2 2 2 2 2 2 2 2 2 2 2 2 2 2 2 2 2 2 2 2 2 2 2 2 2 2 2 2 2 2 2 2 2 2 2 2 2 2 2 2 2 1001 2 2 2 2 2 2 2 2 2 2 2 2 2 2 2 2 2 2 2 2 2 2 2 2 2 2 2 2 2 2 2 2 2 2 2 2 2 2 2 2 2 2 2 2 2 2 2 2 2 2 2 2 2 2 2 2 2 2 2 2 2 2 2 2 2 2 2 2 2 2 2 2 2 2 2 2 2 2 2 2 2 2 2 2 2 2 2 2 2 2 2 2 2 2 2 2 2 2 2 2 2 2 2 2 2 2 2 2 2 2 2 2 2 2 2 2 2 2 2 2 2 2 2 2 2 2 2 2 2 2 2 2 2 2 2 2 2 2 2 2 2 2 2 2 2 2 2 2 2 2 2 2 2 2 2 2 2 2 2 2 2 2 2 2 2 2 2 2 2 2 2 2 2 2 2 2 2 2 2 2 2 2 2 2 2 2 2 2 2 2 2 2 2 2 2 2 2 2 2 2 2 2 2 2 2 2 2 2 2 2 2 2 2 2 2 2 2 2 2 2 2 2 2 2 2 2 2 2 2 2 2 2 2 2 2 2 2 2 2 2 2 2 2 2 2 2 2 2 2 2 2 2 2 2 2 2 2 2 2 2 2 2 2 2 2 2 2 2 2 2 2 2 2 2 2 2 2 2 2 2 2 2 2 2 2 2 2 2 2 2 2 2 2 2 2 2 2 2 2 2 2 2 2 2 2 2 2 2 2 2 2 2 2 2 2 2 2 2 2 2 2 2 2 2 2 2 2 2 2 2 2 2 2 2 2 2 2 2 2 2 2 2
-1 0 1 2 -2 -1 0 1 2 -2 -1 0 1 2 -2 -1 0 1 2 -2 -1 0 1 2 -2 -1 0 1 2 -2 -1 0 1 2 -2 -1 0 1 2 -2 -1 0 1 2 -2 -1 0 1 2 -2 -1 0 1 2 -2 -1 0 1 2 -2 -1 0 1 2 -2 -1 0 1 2 -2 -1 0 1 2 -2 -1 0 1 2 -2 -1 0 1 2 -2 -1 0 1 2 -2 -1 0 1 2 -2 -1 0 1 2 -2 -1 0 1 2 -2 -1 0 1 2 -2 -1 0 1 2 -2 -1 0 1 2 -2 -1 0 1 2 -2 -1 0 1 2 -2 -1 0 1 2 -2 -1 0 1 2 -2 -1 0 1 2 -2 -1 0 1 2 -2 -1 0 1 2 -2 -1 0 1 601 -2 -1 0 1 2 -2 -1 0 1 2 -2 -1 0 1 2 -2 -1 0 1 2 -2 -1 0 1 2 -2 -1 0 1 2 -2 -1 0 1 2 -2 -1 0 1 2 -2 -1 0 1 2 -2 -1 0 1 2 -2 -1 0 1 2 -2 -1 0 1 2 -2 -1 0 1 2 -2 -1 0 1 2 -2 -1 0 1 2 -2 -1 0 1 2 -2 -1 0 1 2 -2 -1 0 1 2 -2 -1 0 1 2 -2 -1 0 1 2 -2 -1 0 1 2 -2 -1 0 1 2 -2 -1 0 1 2 -2 -1 0 1 2 -2 -1 0 1 2 -2 -1 0 1 2 -2 -1 0 1 2 -2 -1 0 1 2 -2 -1 0 1 2 -2 -1 0 1 2 -2 -1 0 1 2 -2 -1 0 1 2 -2 -1 0 1 2 -2 -1 0 1 2 -2 -1 0 1 2 -2 -1 0 1 2 -2 -1 0 1 2 -2 -1 0 1 2 -2 -1 0 1 2 -2 -1 0 1 2 -2 -1 0 1 2 -2 -1 0 1 2 -2 -1 0 1 2 -2 -1 0 1 2 -2 -1 0 1 2 -2 -1 0 1 2 -2 -1 0 1 2 -2 -1 0 1 2 -2 -1 0 1 2 -2 -1 0 1 2 -2 -1 0 1 2 -2 -1 0 1 2 -2 -1 0 1 2 -2 -1 0 1 2 -2 -1 0 1 2 -2 -1 0 1 2 -2 -1 0 1 2 -2 -1 0 1 2 -2 -1 0 1 2 -2 -1 0 1 2 -2 -1 0 1 2 -2 -1 0 1 2 -2 -1 0 1 2 -2 -1 0 1 2 -2 -1 0 1 2 -2 -1 0 1 2 -2 -1 0 1 2 -2 -1 0 1 2 -2
1 -2 0 2 -1 1 -2 0 2 -1 1 -2 0 2 -1 1 -2 0 2 -1 1 -2 0 2 -1 1 -2 0 2 -1 1 -2 0 2 -1 1 -2 0 2 -1 1 -2 0 2 -1 1 -2 0 2 -1 1 -2 0 2 -1 1 -2 0 2 -1 1 -2 0 2 -1 1 -2 0 2 -1 1 -2 0 2 -1 1 -2 0 2 -1 1 -2 0 2 -1 1 -2 0 2 -1 1 -2 0 2 -1 1 -2 0 2 -1 1 -2 0 2 -1 1 -2 0 2 -1 1 -2 0 2 -1 1 -2 0 2 -1 1 -2 0 2 -1 1 -2 0 2 -1 1 -2 0 2 -1 1 -2 0 2 -1 1 -2 0 2 -1 1 -2 0 2 -1 1 -2 0 2 -1 1 -2 0 2 602 1 -2 0 2 -1 1 -2 0 2 -1 1 -2 0 2 -1 1 -2 0 2 -1 1 -2 0 2 -1 1 -2 0 2 -1 1 -2 0 2 -1 1 -2 0 2 -1 1 -2 0 2 -1 1 -2 0 2 -1 1 -2 0 2 -1 1 -2 0 2 -1 1 -2 0 2 -1 1 -2 0 2 -1 1 -2 0 2 -1 1 -2 0 2 -1 1 -2 0 2 -1 1 -2 0 2 -1 1 -2 0 2 -1 1 -2 0 2 -1 1 -2 0 2 -1 1 -2 0 2 -1 1 -2 0 2 -1 1 -2 0 2 -1 1 -2 0 2 -1 1 -2 0 2 -1 1 -2 0 2 -1 1 -2 0 2 -1 1 -2 0 2 -1 1 -2 0 2 -1 1 -2 0 2 -1 1 -2 0 2 -1 1 -2 0 2 -1 1 -2 0 2 -1 1 -2 0 2 -1 1 -2 0 2 -1 1 -2 0 2 -1 1 -2 0 2 -1 1 -2 0 2 -1 1 -2 0 2 -1 1 -2 0 2 -1 1 -2 0 2 -1 1 -2 0 2 -1 1 -2 0 2 -1 1 -2 0 2 -1 1 -2 0 2 -1 1 -2 0 2 -1 1 -2 0 2 -1 1 -2 0 2 -1 1 -2 0 2 -1 1 -2 0 2 -1 1 -2 0 2 -1 1 -2 0 2 -1 1 -2 0 2 -1 1 -2 0 2 -1 1 -2 0 2 -1 1 -2 0 2 -1 1 -2 0 2 -1 1 -2 0 2 -1 1 -2 0 2 -1 1 -2 0 2 -1 1 -2 0 2 -1 1 -2 0 2 -1 1 -2 0 2 -1 1 -2 0 2 -1 1 -2 0 2 -1 1 -2 0 2 -1 1 -2 0 2 -1
-2 1 -1 2 0 -2 1 -1 2 0 -2 1 -1 2 0 -2 1 -1 2 0 -2 1 -1 2 0 -2 1 -1 2 0 -2 1 -1 2 0 -2 1 -1 2 0 -2 1 -1 2 0 -2 1 -1 2 0 -2 1 -1 2 0 -2 1 -1 2 0 -2 1 -1 2 0 -2 1 -1 2 0 -2 1 -1 2 0 -2 1 -1 2 0 -2 1 -1 2 0 -2 1 -1 2 0 -2 1 -1 2 0 -2 1 -1 2 0 -2 1 -1 2 0 -2 1 -1 2 0 -2 1 -1 2 0 -2 1 -1 2 0 -2 1 -1 2 0 -2 1 -1 2 0 -2 1 -1 2 0 -2 1 -1 2 0 -2 1 -1 2 0 -2 1 -1 2 0 -2 1 -1 2 0 -2 1 -1 2 0 601 1 -1 2 0 -2 1 -1 2 0 -2 1 -1 2 0 -2 1 -1 2 0 -2 1 -1 2 0 -2 1 -1 2 0 -2 1 -1 2 0 -2 1 -1 2 0 -2 1 -1 2 0 -2 1 -1 2 0 -2 1 -1 2 0 -2 1 -1 2 0 -2 1 -1 2 0 -2 1 -1 2 0 -2 1 -1 2 0 -2 1 -1 2 0 -2 1 -1 2 0 -2 1 -1 2 0 -2 1 -1 2 0 -2 1 -1 2 0 -2 1 -1 2 0 -2 1 -1 2 0 -2 1 -1 2 0 -2 1 -1 2 0 -2 1 -1 2 0 -2 1 -1 2 0 -2 1 -1 2 0 -2 1 -1 2 0 -2 1 -1 2 0 -2 1 -1 2 0 -2 1 -1 2 0 -2 1 -1 2 0 -2 1 -1 2 0 -2 1 -1 2 0 -2 1 -1 2 0 -2 1 -1 2 0 -2 1 -1 2 0 -2 1 -1 2 0 -2 1 -1 2 0 -2 1 -1 2 0 -2 1 -1 2 0 -2 1 -1 2 0 -2 1 -1 2 0 -2 1 -1 2 0 -2 1 -1 2 0 -2 1 -1 2 0 -2 1 -1 2 0 -2 1 -1 2 0 -2 1 -1 2 0 -2 1 -1 2 0 -2 1 -1 2 0 -2 1 -1 2 0 -2 1 -1 2 0 -2 1 -1 2 0 -2 1 -1 2 0 -2 1 -1 2 0 -2 1 -1 2 0 -2 1 -1 2 0 -2 1 -1 2 0 -2 1 -1 2 0 -2 1 -1 2 0 -2 1 -1 2 0 -2 1 -1 2 0 -2 1 -1 2 0 -2 1 -1 2 0 -2 1 -1 2 0 -2 1 -1 2 0 -2 1 -1 2 0
0 -1 -2 2 1 0 -1 -2 2 1 0 -1 -2 2 1 0 -1 -2 2 1 0 -1 -2 2 1 0 -1 -2 2 1 0 -1 -2 2 1 0 -1 -2 2 1 0 -1 -2 2 1 0 -1 -2 2 1 0 -1 -2 2 1 0 -1 -2 2 1 0 -1 -2 2 1 0 -1 -2 2 1 0 -1 -2 2 1 0 -1 -2 2 1 0 -1 -2 2 1 0 -1 -2 2 1 0 -1 -2 2 1 0 -1 -2 2 1 0 -1 -2 2 1 0 -1 -2 2 1 0 -1 -2 2 1 0 -1 -2 2 1 0 -1 -2 2 1 0 -1 -2 2 1 0 -1 -2 2 1 0 -1 -2 2 1 0 -1 -2 2 1 0 -1 -2 2 1 0 -1 -2 2 1 0 -1 -2 2 1 0 602 -2 2 1 0 -1 -2 2 1 0 -1 -2 2 1 0 -1 -2 2 1 0 -1 -2 2 1 0 -1 -2 2 1 0 -1 -2 2 1 0 -1 -2 2 1 0 -1 -2 2 1 0 -1 -2 2 1 0 -1 -2 2 1 0 -1 -2 2 1 0 -1 -2 2 1 0 -1 -2 2 1 0 -1 -2 2 1 0 -1 -2 2 1 0 -1 -2 2 1 0 -1 -2 2 1 0 -1 -2 2 1 0 -1 -2 2 1 0 -1 -2 2 1 0 -1 -2 2 1 0 -1 -2 2 1 0 -1 -2 2 1 0 -1 -2 2 1 0 -1 -2 2 1 0 -1 -2 2 1 0 -1 -2 2 1 0 -1 -2 2 1 0 -1 -2 2 1 0 -1 -2 2 1 0 -1 -2 2 1 0 -1 -2 2 1 0 -1 -2 2 1 0 -1 -2 2 1 0 -1 -2 2 1 0 -1 -2 2 1 0 -1 -2 2 1 0 -1 -2 2 1 0 -1 -2 2 1 0 -1 -2 2 1 0 -1 -2 2 1 0 -1 -2 2 1 0 -1 -2 2 1 0 -1 -2 2 1 0 -1 -2 2 1 0 -1 -2 2 1 0 -1 -2 2 1 0 -1 -2 2 1 0 -1 -2 2 1 0 -1 -2 2 1 0 -1 -2 2 1 0 -1 -2 2 1 0 -1 -2 2 1 0 -1 -2 2 1 0 -1 -2 2 1 0 -1 -2 2 1 0 -1 -2 2 1 0 -1 -2 2 1 0 -1 -2 2 1 0 -1 -2 2 1 0 -1 -2 2 1 0 -1 -2 2 1 0 -1 -2 2 1 0 -1 -2 2 1 0 -1 -2 2 1 0 -1 -2 2 1 0 -1 -2 2 1
2 2 2 2 2 2 2 2 2 2 2 2 2 2 2 2 2 2 2 2 2 2 2 2 2 2 2 2 2 2 2 2 2 2 2 2 2 2 2 2 2 2 2 2 2 2 2 2 2 2 2 2 2 2 2 2 2 2 2 2 2 2 2 2 2 2 2 2 2 2 2 2 2 2 2 2 2 2 2 2 2 2 2 2 2 2 2 2 2 2 2 2 2 2 2 2 2 2 2 2 2 2 2 2 2 2 2 2 2 2 2 2 2 2 2 2 2 2 2 2 2 2 2 2 2 2 2 2 2 2 2 2 2 2 2 2 2 2 2 2 2 2 2 2 2 2 2 2 2 2 2 2 2 2 2 2 2 2 2 2 2 2 1001 2 2 2 2 2 2 2 2 2 2 2 2 2 2 2 2 2 2 2 2 2 2 2 2 2 2 2 2 2 2 2 2 2 2 2 2 2 2 2 2 2 2 2 2 2 2 2 2 2 2 2 2 2 2 2 2 2 2 2 2 2 2 2 2 2 2 2 2 2 2 2 2 2 2 2 2 2 2 2 2 2 2 2 2 2 2 2 2 2 2 2 2 2 2 2 2 2 2 2 2 2 2 2 2 2 2 2 2 2 2 2 2 2 2 2 2 2 2 2 2 2 2 2 2 2 2 2 2 2 2 2 2 2 2 2 2 2 2 2 2 2 2 2 2 2 2 2 2 2 2 2 2 2 2 2 2 2 2 2 2 2 2 2 2 2 2 2 2 2 2 2 2 2 2 2 2 2 2 2 2 2 2 2 2 2 2 2 2 2 2 2 2 2 2 2 2 2 2 2 2 2 2 2 2 2 2 2 2 2 2 2 2 2 2 2 2 2 2 2 2 2 2 2 2 2 2 2 2 2 2 2 2 2 2 2 2 2 2 2 2 2 2 2 2 2 2 2 2 2 2 2 2 2 2 2 2 2 2 2 2 2 2 2 2 2 2 2 2 2 2 2 2 2 2 2 2 2 2 2 2 2 2 2 2 2 2 2 2 2 2 2 2 2 2 2 2 2 2 2 2 2 2 2 2 2 2 2 2 2 2 2 2 2 2 2 2 2 2 2 2 2 2 2 2 2 2 2 2 2 2 2 2 2 2 2 2 2
-1 0 1 2 -2 -1 0 1 2 -2 -1 0 1 2 -2 -1 0 1 2 -2 -1 0 1 2 -2 -1 0 1 2 -2 -1 0 1 2 -2 -1 0 1 2 -2 -1 0 1 2 -2 -1 0 1 2 -2 -1 0 1 2 -2 -1 0 1 2 -2 -1 0 1 2 -2 -1 0 1 2 -2 -1 0 1 2 -2 -1 0 1 2 -2 -1 0 1 2 -2 -1 0 1 2 -2 -1 0 1 2 -2 -1 0 1 2 -2 -1 0 1 2 -2 -1 0 1 2 -2 -1 0 1 2 -2 -1 0 1 2 -2 -1 0 1 2 -2 -1 0 1 2 -2 -1 0 1 2 -2 -1 0 1 2 -2 -1 0 1 2 -2 -1 0 1 2 -2 -1 0 1 2 -2 -1 0 1 2 -2 -1 0 1 601 -2 -1 0 1 2 -2 -1 0 1 2 -2 -1 0 1 2 -2 -1 0 1 2 -2 -1 0 1 2 -2 -1 0 1 2 -2 -1 0 1 2 -2 -1 0 1 2 -2 -1 0 1 2 -2 -1 0 1 2 -2 -1 0 1 2 -2 -1 0 1 2 -2 -1 0 1 2 -2 -1 0 1 2 -2 -1 0 1 2 -2 -1 0 1 2 -2 -1 0 1 2 -2 -1 0 1 2 -2 -1 0 1 2 -2 -1 0 1 2 -2 -1 0 1 2 -2 -1 0 1 2 -2 -1 0 1 2 -2 -1 0 1 2 -2 -1 0 1 2 -2 -1 0 1 2 -2 -1 0 1 2 -2 -1 0 1 2 -2 -1 0 1 2 -2 -1 0 1 2 -2 -1 0 1 2 -2 -1 0 1 2 -2 -1 0 1 2 -2 -1 0 1 2 -2 -1 0 1 2 -2 -1 0 1 2 -2 -1 0 1 2 -2 -1 0 1 2 -2 -1 0 1 2 -2 -1 0 1 2 -2 -1 0 1 2 -2 -1 0 1 2 -2 -1 0 1 2 -2 -1 0 1 2 -2 -1 0 1 2 -2 -1 0 1 2 -2 -1 0 1 2 -2 -1 0 1 2 -2 -1 0 1 2 -2 -1 0 1 2 -2 -1 0 1 2 -2 -1 0 1 2 -2 -1 0 1 2 -2 -1 0 1 2 -2 -1 0 1 2 -2 -1 0 1 2 -2 -1 0 1 2 -2 -1 0 1 2 -2 -1 0 1 2 -2 -1 0 1 2 -2 -1 0 1 2 -2 -1 0 1 2 -2 -1 0 1 2 -2 -1 0 1 2 -2 -1 0 1 2 -2 -1 0 1 2 -2 -1 0 1 2 -2
1 -2 0 2 -1 1 -2 0 2 -1 1 -2 0 2 -1 1 -2 0 2 -1 1 -2 0 2 -1 1 -2 0 2 -1 1 -2 0 2 -1 1 -2 0 2 -1 1 -2 0 2 -1 1 -2 0 2 -1 1 -2 0 2 -1 1 -2 0 2 -1 1 -2 0 2 -1 1 -2 0 2 -1 1 -2 0 2 -1 1 -2 0 2 -1 1 -2 0 2 -1 1 -2 0 2 -1 1 -2 0 2 -1 1 -2 0 2 -1 1 -2 0 2 -1 1 -2 0 2 -1 1 -2 0 2 -1 1 -2 0 2 -1 1 -2 0 2 -1 1 -2 0 2 -1 1 -2 0 2 -1 1 -2 0 2 -1 1 -2 0 2 -1 1 -2 0 2 -1 1 -2 0 2 -1 1 -2 0 2 -1 1 -2 0 2 602 1 -2 0 2 -1 1 -2 0 2 -1 1 -2 0 2 -1 1 -2 0 2 -1 1 -2 0 2 -1 1 -2 0 2 -1 1 -2 0 2 -1 1 -2 0 2 -1 1 -2 0 2 -1 1 -2 0 2 -1 1 -2 0 2 -1 1 -2 0 2 -1 1 -2 0 2 -1 1 -2 0 2 -1 1 -2 0 2 -1 1 -2 0 2 -1 1 -2 0 2 -1 1 -2 0 2 -1 1 -2 0 2 -1 1 -2 0 2 -1 1 -2 0 2 -1 1 -2 0 2 -1 1 -2 0 2 -1 1 -2 0 2 -1 1 -2 0 2 -1 1 -2 0 2 -1 1 -2 0 2 -1 1 -2 0 2 -1 1 -2 0 2 -1 1 -2 0 2 -1 1 -2 0 2 -1 1 -2 0 2 -1 1 -2 0 2 -1 1 -2 0 2 -1 1 -2 0 2 -1 1 -2 0 2 -1 1 -2 0 2 -1 1 -2 0 2 -1 1 -2 0 2 -1 1 -2 0 2 -1 1 -2 0 2 -1 1 -2 0 2 -1 1 -2 0 2 -1 1 -2 0 2 -1 1 -2 0 2 -1 1 -2 0 2 -1 1 -2 0 2 -1 1 -2 0 2 -1 1 -2 0 2 -1 1 -2 0 2 -1 1 -2 0 2 -1 1 -2 0 2 -1 1 -2 0 2 -1 1 -2 0 2 -1 1 -2 0 2 -1 1 -2 0 2 -1 1 -2 0 2 -1 1 -2 0 2 -1 1 -2 0 2 -1 1 -2 0 2 -1 1 -2 0 2 -1 1 -2 0 2 -1 1 -2 0 2 -1 1 -2 0 2 -1 1 -2 0 2 -1 1 -2 0 2 -1 1 -2 0 2 -1
-2 1 -1 2 0 -2 1 -1 2 0 -2 1 -1 2 0 -2 1 -1 2 0 -2 1 -1 2 0 -2 1 -1 2 0 -2 1 -1 2 0 -2 1 -1 2 0 -2 1 -1 2 0 -2 1 -1 2 0 -2 1 -1 2 0 -2 1 -1 2 0 -2 1 -1 2 0 -2 1 -1 2 0 -2 1 -1 2 0 -2 1 -1 2 0 -2 1 -1 2 0 -2 1 -1 2 0 -2 1 -1 2 0 -2 1 -1 2 0 -2 1 -1 2 0 -2 1 -1 2 0 -2 1 -1 2 0 -2 1 -1 2 0 -2 1 -1 2 0 -2 1 -1 2 0 -2 1 -1 2 0 -2 1 -1 2 0 -2 1 -1 2 0 -2 1 -1 2 0 -2 1 -1 2 0 -2 1 -1 2 0 -2 1 -1 2 0 601 1 -1 2 0 -2 1 -1 2 0 -2 1 -1 2 0 -2 1 -1 2 0 -2 1 -1 2 0 -2 1 -1 2 0 -2 1 -1 2 0 -2 1 -1 2 0 -2 1 -1 2 0 -2 1 -1 2 0 -2 1 -1 2 0 -2 1 -1 2 0 -2 1 -1 2 0 -2 1 -1 2 0 -2 1 -1 2 0 -2 1 -1 2 0 -2 1 -1 2 0 -2 1 -1 2 0 -2 1 -1 2 0 -2 1 -1 2 0 -2 1 -1 2 0 -2 1 -1 2 0 -2 1 -1 2 0 -2 1 -1 2 0 -2 1 -1 2 0 -2 1 -1 2 0 -2 1 -1 2 0 -2 1 -1 2 0 -2 1 -1 2 0 -2 1 -1 2 0 -2 1 -1 2 0 -2 1 -1 2 0 -2 1 -1 2 0 -2 1 -1 2 0 -2 1 -1 2 0 -2 1 -1 2 0 -2 1 -1 2 0 -2 1 -1 2 0 -2 1 -1 2 0 -2 1 -1 2 0 -2 1 -1 2 0 -2 1 -1 2 0 -2 1 -1 2 0 -2 1 -1 2 0 -2 1 -1 2 0 -2 1 -1 2 0 -2 1 -1 2 0 -2 1 -1 2 0 -2 1 -1 2 0 -2 1 -1 2 0 -2 1 -1 2 0 -2 1 -1 2 0 -2 1 -1 2 0 -2 1 -1 2 0 -2 1 -1 2 0 -2 1 -1 2 0 -2 1 -1 2 0 -2 1 -1 2 0 -2 1 -1 2 0 -2 1 -1 2 0 -2 1 -1 2 0 -2 1 -1 2 0 -2 1 -1 2 0 -2 1 -1 2 0 -2 1 -1 2 0 -2 1 -1 2 0 -2 1 -1 2 0
0 -1 -2 2 1 0 -1 -2 2 1 0 -1 -2 2 1 0 -1 -2 2 1 0 -1 -2 2 1 0 -1 -2 2 1 0 -1 -2 2 1 0 -1 -2 2 1 0 -1 -2 2 1 0 -1 -2 2 1 0 -1 -2 2 1 0 -1 -2 2 1 0 -1 -2 2 1 0 -1 -2 2 1 0 -1 -2 2 1 0 -1 -2 2 1 0 -1 -2 2 1 0 -1 -2 2 1 0 -1 -2 2 1 0 -1 -2 2 1 0 -1 -2 2 1 0 -1 -2 2 1 0 -1 -2 2 1 0 -1 -2 2 1 0 -1 -2 2 1 0 -1 -2 2 1 0 -1 -2 2 1 0 -1 -2 2 1 0 -1 -2 2 1 0 -1 -2 2 1 0 -1 -2 2 1 0 -1 -2 2 1 0 -1 -2 2 1 0 602 -2 2 1 0 -1 -2 2 1 0 -1 -2 2 1 0 -1 -2 2 1 0 -1 -2 2 1 0 -1 -2 2 1 0 -1 -2 2 1 0 -1 -2 2 1 0 -1 -2 2 1 0 -1 -2 2 1 0 -1 -2 2 1 0 -1 -2 2 1 0 -1 -2 2 1 0 -1 -2 2 1 0 -1 -2 2 1 0 -1 -2 2 1 0 -1 -2 2 1 0 -1 -2 2 1 0 -1 -2 2 1 0 -1 -2 2 1 0 -1 -2 2 1 0 -1 -2 2 1 0 -1 -2 2 1 0 -1 -2 2 1 0 -1 -2 2 1 0 -1 -2 2 1 0 -1 -2 2 1 0 -1 -2 2 1 0 -1 -2 2 1 0 -1 -2 2 1 0 -1 -2 2 1 0 -1 -2 2 1 0 -1 -2 2 1 0 -1 -2 2 1 0 -1 -2 2 1 0 -1 -2 2 1 0 -1 -2 2 1 0 -1 -2 2 1 0 -1 -2 2 1 0 -1 -2 2 1 0 -1 -2 2 1 0 -1 -2 2 1 0 -1 -2 2 1 0 -1 -2 2 1 0 -1 -2 2 1 0 -1 -2 2 1 0 -1 -2 2 1 0 -1 -2 2 1 0 -1 -2 2 1 0 -1 -2 2 1 0 -1 -2 2 1 0 -1 -2 2 1 0 -1 -2 2 1 0 -1 -2 2 1 0 -1 -2 2 1 0 -1 -2 2 1 0 -1 -2 2 1 0 -1 -2 2 1 0 -1 -2 2 1 0 -1 -2 2 1 0 -1 -2 2 1 0 -1 -2 2 1 0 -1 -2 2 1 0 -1 -2 2 1 0 -1 -2 2 1 0 -1 -2 2 1 0 -1 -2 2 1
2 2 2 2 2 2 2 2 2 2 2 2 2 2 2 2 2 2 2 2 2 2 2 2 2 2 2 2 2 2 2 2 2 2 2 2 2 2 2 2 2 2 2 2 2 2 2 2 2 2 2 2 2 2 2 2 2 2 2 2 2 2 2 2 2 2 2 2 2 2 2 2 2 2 2 2 2 2 2 2 2 2 2 2 2 2 2 2 2 2 2 2 2 2 2 2 2 2 2 2 2 2 2 2 2 2 2 2 2 2 2 2 2 2 2 2 2 2 2 2 2 2 2 2 2 2 2 2 2 2 2 2 2 2 2 2 2 2 2 2 2 2 2 2 2 2 2 2 2 2 2 2 2 2 2 2 2 2 2 2 2 2 2 2 2 2 2 1001 2 2 2 2 2 2 2 2 2 2 2 2 2 2 2 2 2 2 2 2 2 2 2 2 2 2 2 2 2 2 2 2 2 2 2 2 2 2 2 2 2 2 2 2 2 2 2 2 2 2 2 2 2 2 2 2 2 2 2 2 2 2 2 2 2 2 2 2 2 2 2 2 2 2 2 2 2 2 2 2 2 2 2 2 2 2 2 2 2 2 2 2 2 2 2 2 2 2 2 2 2 2 2 2 2 2 2 2 2 2 2 2 2 2 2 2 2 2 2 2 2 2 2 2 2 2 2 2 2 2 2 2 2 2 2 2 2 2 2 2 2 2 2 2 2 2 2 2 2 2 2 2 2 2 2 2 2 2 2 2 2 2 2 2 2 2 2 2 2 2 2 2 2 2 2 2 2 2 2 2 2 2 2 2 2 2 2 2 2 2 2 2 2 2 2 2 2 2 2 2 2 2 2 2 2 2 2 2 2 2 2 2 2 2 2 2 2 2 2 2 2 2 2 2 2 2 2 2 2 2 2 2 2 2 2 2 2 2 2 2 2 2 2 2 2 2 2 2 2 2 2 2 2 2 2 2 2 2 2 2 2 2 2 2 2 2 2 2 2 2 2 2 2 2 2 2 2 2 2 2 2 2 2 2 2 2 2 2 2 2 2 2 2 2 2 2 2 2 2 2 2 2 2 2 2 2 2 2 2 2 2 2 2 2 2 2 2 2 2 2 2 2 2 2 2 2 2 2 2 2 2 2
-1 0 1 2 -2 -1 0 1 2 -2 -1 0 1 2 -2 -1 0 1 2 -2 -1 0 1 2 -2 -1 0 1 2 -2 -1 0 1 2 -2 -1 0 1 2 -2 -1 0 1 2 -2 -1 0 1 2 -2 -1 0 1 2 -2 -1 0 1 2 -2 -1 0 1 2 -2 -1 0 1 2 -2 -1 0 1 2 -2 -1 0 1 2 -2 -1 0 1 2 -2 -1 0 1 2 -2 -1 0 1 2 -2 -1 0 1 2 -2 -1 0 1 2 -2 -1 0 1 2 -2 -1 0 1 2 -2 -1 0 1 2 -2 -1 0 1 2 -2 -1 0 1 2 -2 -1 0 1 2 -2 -1 0 1 2 -2 -1 0 1 2 -2 -1 0 1 2 -2 -1 0 1 2 -2 -1 0 1 2 -2 -1 0 1 2 -2 -1 0 1 601 -2 -1 0 1 2 -2 -1 0 1 2 -2 -1 0 1 2 -2 -1 0 1 2 -2 -1 0 1 2 -2 -1 0 1 2 -2 -1 0 1 2 -2 -1 0 1 2 -2 -1 0 1 2 -2 -1 0 1 2 -2 -1 0 1 2 -2 -1 0 1 2 -2 -1 0 1 2 -2 -1 0 1 2 -2 -1 0 1 2 -2 -1 0 1 2 -2 -1 0 1 2 -2 -1 0 1 2 -2 -1 0 1 2 -2 -1 0 1 2 -2 -1 0 1 2 -2 -1 0 1 2 -2 -1 0 1 2 -2 -1 0 1 2 -2 -1 0 1 2 -2 -1 0 1 2 -2 -1 0 1 2 -2 -1 0 1 2 -2 -1 0 1 2 -2 -1 0 1 2 -2 -1 0 1 2 -2 -1 0 1 2 -2 -1 0 1 2 -2 -1 0 1 2 -2 -1 0 1 2 -2 -1 0 1 2 -2 -1 0 1 2 -2 -1 0 1 2 -2 -1 0 1 2 -2 -1 0 1 2 -2 -1 0 1 2 -2 -1 0 1 2 -2 -1 0 1 2 -2 -1 0 1 2 -2 -1 0 1 2 -2 -1 0 1 2 -2 -1 0 1 2 -2 -1 0 1 2 -2 -1 0 1 2 -2 -1 0 1 2 -2 -1 0 1 2 -2 -1 0 1 2 -2 -1 0 1 2 -2 -1 0 1 2 -2 -1 0 1 2 -2 -1 0 1 2 -2 -1 0 1 2 -2 -1 0 1 2 -2 -1 0 1 2 -2 -1 0 1 2 -2 -1 0 1 2 -2 -1 0 1 2 -2 -1 0 1 2 -2 -1 0 1 2 -2 -1 0 1 2 -2 -1 0 1 2 -2
1 -2 0 2 -1 1 -2 0 2 -1 1 -2 0 2 -1 1 -2 0 2 -1 1 -2 0 2 -1 1 -2 0 2 -1 1 -2 0 2 -1 1 -2 0 2 -1 1 -2 0 2 -1 1 -2 0 2 -1 1 -2 0 2 -1 1 -2 0 2 -1 1 -2 0 2 -1 1 -2 0 2 -1 1 -2 0 2 -1 1 -2 0 2 -1 1 -2 0 2 -1 1 -2 0 2 -1 1 -2 0 2 -1 1 -2 0 2 -1 1 -2 0 2 -1 1 -2 0 2 -1 1 -2 0 2 -1 1 -2 0 2 -1 1 -2 0 2 -1 1 -2 0 2 -1 1 -2 0 2 -1 1 -2 0 2 -1 1 -2 0 2 -1 1 -2 0 2 -1 1 -2 0 2 -1 1 -2 0 2 -1 1 -2 0 2 -1 1 -2 0 2 602 1 -2 0 2 -1 1 -2 0 2 -1 1 -2 0 2 -1 1 -2 0 2 -1 1 -2 0 2 -1 1 -2 0 2 -1 1 -2 0 2 -1 1 -2 0 2 -1 1 -2 0 2 -1 1 -2 0 2 -1 1 -2 0 2 -1 1 -2 0 2 -1 1 -2 0 2 -1 1 -2 0 2 -1 1 -2 0 2 -1 1 -2 0 2 -1 1 -2 0 2 -1 1 -2 0 2 -1 1 -2 0 2 -1 1 -2 0 2 -1 1 -2 0 2 -1 1 -2 0 2 -1 1 -2 0 2 -1 1 -2 0 2 -1 1 -2 0 2 -1 1 -2 0 2 -1 1 -2 0 2 -1 1 -2 0 2 -1 1 -2 0 2 -1 1 -2 0 2 -1 1 -2 0 2 -1 1 -2 0 2 -1 1 -2 0 2 -1 1 -2 0 2 -1 1 -2 0 2 -1 1 -2 0 2 -1 1 -2 0 2 -1 1 -2 0 2 -1 1 -2 0 2 -1 1 -2 0 2 -1 1 -2 0 2 -1 1 -2 0 2 -1 1 -2 0 2 -1 1 -2 0 2 -1 1 -2 0 2 -1 1 -2 0 2 -1 1 -2 0 2 -1 1 -2 0 2 -1 1 -2 0 2 -1 1 -2 0 2 -1 1 -2 0 2 -1 1 -2 0 2 -1 1 -2 0 2 -1 1 -2 0 2 -1 1 -2 0 2 -1 1 -2 0 2 -1 1 -2 0 2 -1 1 -2 0 2 -1 1 -2 0 2 -1 1 -2 0 2 -1 1 -2 0 2 -1 1 -2 0 2 -1 1 -2 0 2 -1 1 -2 0 2 -1 1 -2 0 2 -1 1 -2 0 2 -1
-2 1 -1 2 0 -2 1 -1 2 0 -2 1 -1 2 0 -2 1 -1 2 0 -2 1 -1 2 0 -2 1 -1 2 0 -2 1 -1 2 0 -2 1 -1 2 0 -2 1 -1 2 0 -2 1 -1 2 0 -2 1 -1 2 0 -2 1 -1 2 0 -2 1 -1 2 0 -2 1 -1 2 0 -2 1 -1 2 0 -2 1 -1 2 0 -2 1 -1 2 0 -2 1 -1 2 0 -2 1 -1 2 0 -2 1 -1 2 0 -2 1 -1 2 0 -2 1 -1 2 0 -2 1 -1 2 0 -2 1 -1 2 0 -2 1 -1 2 0 -2 1 -1 2 0 -2 1 -1 2 0 -2 1 -1 2 0 -2 1 -1 2 0 -2 1 -1 2 0 -2 1 -1 2 0 -2 1 -1 2 0 -2 1 -1 2 0 -2 1 -1 2 0 601 1 -1 2 0 -2 1 -1 2 0 -2 1 -1 2 0 -2 1 -1 2 0 -2 1 -1 2 0 -2 1 -1 2 0 -2 1 -1 2 0 -2 1 -1 2 0 -2 1 -1 2 0 -2 1 -1 2 0 -2 1 -1 2 0 -2 1 -1 2 0 -2 1 -1 2 0 -2 1 -1 2 0 -2 1 -1 2 0 -2 1 -1 2 0 -2 1 -1 2 0 -2 1 -1 2 0 -2 1 -1 2 0 -2 1 -1 2 0 -2 1 -1 2 0 -2 1 -1 2 0 -2 1 -1 2 0 -2 1 -1 2 0 -2 1 -1 2 0 -2 1 -1 2 0 -2 1 -1 2 0 -2 1 -1 2 0 -2 1 -1 2 0 -2 1 -1 2 0 -2 1 -1 2 0 -2 1 -1 2 0 -2 1 -1 2 0 -2 1 -1 2 0 -2 1 -1 2 0 -2 1 -1 2 0 -2 1 -1 2 0 -2 1 -1 2 0 -2 1 -1 2 0 -2 1 -1 2 0 -2 1 -1 2 0 -2 1 -1 2 0 -2 1 -1 2 0 -2 1 -1 2 0 -2 1 -1 2 0 -2 1 -1 2 0 -2 1 -1 2 0 -2 1 -1 2 0 -2 1 -1 2 0 -2 1 -1 2 0 -2 1 -1 2 0 -2 1 -1 2 0 -2 1 -1 2 0 -2 1 -1 2 0 -2 1 -1 2 0 -2 1 -1 2 0 -2 1 -1 2 0 -2 1 -1 2 0 -2 1 -1 2 0 -2 1 -1 2 0 -2 1 -1 2 0 -2 1 -1 2 0 -2 1 -1 2 0 -2 1 -1 2 0 -2 1 -1 2 0 -2 1 -1 2 0
0 -1 -2 2 1 0 -1 -2 2 1 0 -1 -2 2 1 0 -1 -2 2 1 0 -1 -2 2 1 0 -1 -2 2 1 0 -1 -2 2 1 0 -1 -2 2 1 0 -1 -2 2 1 0 -1 -2 2 1 0 -1 -2 2 1 0 -1 -2 2 1 0 -1 -2 2 1 0 -1 -2 2 1 0 -1 -2 2 1 0 -1 -2 2 1 0 -1 -2 2 1 0 -1 -2 2 1 0 -1 -2 2 1 0 -1 -2 2 1 0 -1 -2 2 1 0 -1 -2 2 1 0 -1 -2 2 1 0 -1 -2 2 1 0 -1 -2 2 1 0 -1 -2 2 1 0 -1 -2 2 1 0 -1 -2 2 1 0 -1 -2 2 1 0 -1 -2 2 1 0 -1 -2 2 1 0 -1 -2 2 1 0 -1 -2 2 1 0 -1 -2 2 1 0 602 -2 2 1 0 -1 -2 2 1 0 -1 -2 2 1 0 -1 -2 2 1 0 -1 -2 2 1 0 -1 -2 2 1 0 -1 -2 2 1 0 -1 -2 2 1 0 -1 -2 2 1 0 -1 -2 2 1 0 -1 -2 2 1 0 -1 -2 2 1 0 -1 -2 2 1 0 -1 -2 2 1 0 -1 -2 2 1 0 -1 -2 2 1 0 -1 -2 2 1 0 -1 -2 2 1 0 -1 -2 2 1 0 -1 -2 2 1 0 -1 -2 2 1 0 -1 -2 2 1 0 -1 -2 2 1 0 -1 -2 2 1 0 -1 -2 2 1 0 -1 -2 2 1 0 -1 -2 2 1 0 -1 -2 2 1 0 -1 -2 2 1 0 -1 -2 2 1 0 -1 -2 2 1 0 -1 -2 2 1 0 -1 -2 2 1 0 -1 -2 2 1 0 -1 -2 2 1 0 -1 -2 2 1 0 -1 -2 2 1 0 -1 -2 2 1 0 -1 -2 2 1 0 -1 -2 2 1 0 -1 -2 2 1 0 -1 -2 2 1 0 -1 -2 2 1 0 -1 -2 2 1 0 -1 -2 2 1 0 -1 -2 2 1 0 -1 -2 2 1 0 -1 -2 2 1 0 -1 -2 2 1 0 -1 -2 2 1 0 -1 -2 2 1 0 -1 -2 2 1 0 -1 -2 2 1 0 -1 -2 2 1 0 -1 -2 2 1 0 -1 -2 2 1 0 -1 -2 2 1 0 -1 -2 2 1 0 -1 -2 2 1 0 -1 -2 2 1 0 -1 -2 2 1 0 -1 -2 2 1 0 -1 -2 2 1 0 -1 -2 2 1 0 -1 -2 2 1 0 -1 -2 2 1
2 2 2 2 2 2 2 2 2 2 2 2 2 2 2 2 2 2 2 2 2 2 2 2 2 2 2 2 2 2 2 2 2 2 2 2 2 2 2 2 2 2 2 2 2 2 2 2 2 2 2 2 2 2 2 2 2 2 2 2 2 2 2 2 2 2 2 2 2 2 2 2 2 2 2 2 2 2 2 2 2 2 2 2 2 2 2 2 2 2 2 2 2 2 2 2 2 2 2 2 2 2 2 2 2 2 2 2 2 2 2 2 2 2 2 2 2 2 2 2 2 2 2 2 2 2 2 2 2 2 2 2 2 2 2 2 2 2 2 2 2 2 2 2 2 2 2 2 2 2 2 2 2 2 2 2 2 2 2 2 2 2 2 2 2 2 2 2 2 2 2 2 1001 2 2 2 2 2 2 2 2 2 2 2 2 2 2 2 2 2 2 2 2 2 2 2 2 2 2 2 2 2 2 2 2 2 2 2 2 2 2 2 2 2 2 2 2 2 2 2 2 2 2 2 2 2 2 2 2 2 2 2 2 2 2 2 2 2 2 2 2 2 2 2 2 2 2 2 2 2 2 2 2 2 2 2 2 2 2 2 2 2 2 2 2 2 2 2 2 2 2 2 2 2 2 2 2 2 2 2 2 2 2 2 2 2 2 2 2 2 2 2 2 2 2 2 2 2 2 2 2 2 2 2 2 2 2 2 2 2 2 2 2 2 2 2 2 2 2 2 2 2 2 2 2 2 2 2 2 2 2 2 2 2 2 2 2 2 2 2 2 2 2 2 2 2 2 2 2 2 2 2 2 2 2 2 2 2 2 2 2 2 2 2 2 2 2 2 2 2 2 2 2 2 2 2 2 2 2 2 2 2 2 2 2 2 2 2 2 2 2 2 2 2 2 2 2 2 2 2 2 2 2 2 2 2 2 2 2 2 2 2 2 2 2 2 2 2 2 2 2 2 2 2 2 2 2 2 2 2 2 2 2 2 2 2 2 2 2 2 2 2 2 2 2 2 2 2 2 2 2 2 2 2 2 2 2 2 2 2 2 2 2 2 2 2 2 2 2 2 2 2 2 2 2 2 2 2 2 2 2 2 2 2 2 2 2 2 2 2 2 2 2 2 2 2 2 2 2 2
-1 0 1 2 -2 -1 0 1 2 -2 -1 0 1 2 -2 -1 0 1 2 -2 -1 0 1 2 -2 -1 0 1 2 -2 -1 0 1 2 -2 -1 0 1 2 -2 -1 0 1 2 -2 -1 0 1 2 -2 -1 0 1 2 -2 -1 0 1 2 -2 -1 0 1 2 -2 -1 0 1 2 -2 -1 0 1 2 -2 -1 0 1 2 -2 -1 0 1 2 -2 -1 0 1 2 -2 -1 0 1 2 -2 -1 0 1 2 -2 -1 0 1 2 -2 -1 0 1 2 -2 -1 0 1 2 -2 -1 0 1 2 -2 -1 0 1 2 -2 -1 0 1 2 -2 -1 0 1 2 -2 -1 0 1 2 -2 -1 0 1 2 -2 -1 0 1 2 -2 -1 0 1 2 -2 -1 0 1 2 -2 -1 0 1 2 -2 -1 0 1 2 -2 -1 0 1 601 -2 -1 0 1 2 -2 -1 0 1 2 -2 -1 0 1 2 -2 -1 0 1 2 -2 -1 0 1 2 -2 -1 0 1 2 -2 -1 0 1 2 -2 -1 0 1 2 -2 -1 0 1 2 -2 -1 0 1 2 -2 -1 0 1 2 -2 -1 0 1 2 -2 -1 0 1 2 -2 -1 0 1 2 -2 -1 0 1 2 -2 -1 0 1 2 -2 -1 0 1 2 -2 -1 0 1 2 -2 -1 0 1 2 -2 -1 0 1 2 -2 -1 0 1 2 -2 -1 0 1 2 -2 -1 0 1 2 -2 -1 0 1 2 -2 -1 0 1 2 -2 -1 0 1 2 -2 -1 0 1 2 -2 -1 0 1 2 -2 -1 0 1 2 -2 -1 0 1 2 -2 -1 0 1 2 -2 -1 0 1 2 -2 -1 0 1 2 -2 -1 0 1 2 -2 -1 0 1 2 -2 -1 0 1 2 -2 -1 0 1 2 -2 -1 0 1 2 -2 -1 0 1 2 -2 -1 0 1 2 -2 -1 0 1 2 -2 -1 0 1 2 -2 -1 0 1 2 -2 -1 0 1 2 -2 -1 0 1 2 -2 -1 0 1 2 -2 -1 0 1 2 -2 -1 0 1 2 -2 -1 0 1 2 -2 -1 0 1 2 -2 -1 0 1 2 -2 -1 0 1 2 -2 -1 0 1 2 -2 -1 0 1 2 -2 -1 0 1 2 -2 -1 0 1 2 -2 -1 0 1 2 -2 -1 0 1 2 -2 -1 0 1 2 -2 -1 0 1 2 -2 -1 0 1 2 -2 -1 0 1 2 -2 -1 0 1 2 -2 -1 0 1 2 -2 -1 0 1 2 -2
1 -2 0 2 -1 1 -2 0 2 -1 1 -2 0 2 -1 1 -2 0 2 -1 1 -2 0 2 -1 1 -2 0 2 -1 1 -2 0 2 -1 1 -2 0 2 -1 1 -2 0 2 -1 1 -2 0 2 -1 1 -2 0 2 -1 1 -2 0 2 -1 1 -2 0 2 -1 1 -2 0 2 -1 1 -2 0 2 -1 1 -2 0 2 -1 1 -2 0 2 -1 1 -2 0 2 -1 1 -2 0 2 -1 1 -2 0 2 -1 1 -2 0 2 -1 1 -2 0 2 -1 1 -2 0 2 -1 1 -2 0 2 -1 1 -2 0 2 -1 1 -2 0 2 -1 1 -2 0 2 -1 1 -2 0 2 -1 1 -2 0 2 -1 1 -2 0 2 -1 1 -2 0 2 -1 1 -2 0 2 -1 1 -2 0 2 -1 1 -2 0 2 -1 1 -2 0 2 602 1 -2 0 2 -1 1 -2 0 2 -1 1 -2 0 2 -1 1 -2 0 2 -1 1 -2 0 2 -1 1 -2 0 2 -1 1 -2 0 2 -1 1 -2 0 2 -1 1 -2 0 2 -1 1 -2 0 2 -1 1 -2 0 2 -1 1 -2 0 2 -1 1 -2 0 2 -1 1 -2 0 2 -1 1 -2 0 2 -1 1 -2 0 2 -1 1 -2 0 2 -1 1 -2 0 2 -1 1 -2 0 2 -1 1 -2 0 2 -1 1 -2 0 2 -1 1 -2 0 2 -1 1 -2 0 2 -1 1 -2 0 2 -1 1 -2 0 2 -1 1 -2 0 2 -1 1 -2 0 2 -1 1 -2 0 2 -1 1 -2 0 2 -1 1 -2 0 2 -1 1 -2 0 2 -1 1 -2 0 2 -1 1 -2 0 2 -1 1 -2 0 2 -1 1 -2 0 2 -1 1 -2 0 2 -1 1 -2 0 2 -1 1 -2 0 2 -1 1 -2 0 2 -1 1 -2 0 2 -1 1 -2 0 2 -1 1 -2 0 2 -1 1 -2 0 2 -1 1 -2 0 2 -1 1 -2 0 2 -1 1 -2 0 2 -1 1 -2 0 2 -1 1 -2 0 2 -1 1 -2 0 2 -1 1 -2 0 2 -1 1 -2 0 2 -1 1 -2 0 2 -1 1 -2 0 2 -1 1 -2 0 2 -1 1 -2 0 2 -1 1 -2 0 2 -1 1 -2 0 2 -1 1 -2 0 2 -1 1 -2 0 2 -1 1 -2 0 2 -1 1 -2 0 2 -1 1 -2 0 2 -1 1 -2 0 2 -1 1 -2 0 2 -1 1 -2 0 2 -1
-2 1 -1 2 0 -2 1 -1 2 0 -2 1 -1 2 0 -2 1 -1 2 0 -2 1 -1 2 0 -2 1 -1 2 0 -2 1 -1 2 0 -2 1 -1 2 0 -2 1 -1 2 0 -2 1 -1 2 0 -2 1 -1 2 0 -2 1 -1 2 0 -2 1 -1 2 0 -2 1 -1 2 0 -2 1 -1 2 0 -2 1 -1 2 0 -2 1 -1 2 0 -2 1 -1 2 0 -2 1 -1 2 0 -2 1 -1 2 0 -2 1 -1 2 0 -2 1 -1 2 0 -2 1 -1 2 0 -2 1 -1 2 0 -2 1 -1 2 0 -2 1 -1 2 0 -2 1 -1 2 0 -2 1 -1 2 0 -2 1 -1 2 0 -2 1 -1 2 0 -2 1 -1 2 0 -2 1 -1 2 0 -2 1 -1 2 0 -2 1 -1 2 0 -2 1 -1 2 0 601 1 -1 2 0 -2 1 -1 2 0 -2 1 -1 2 0 -2 1 -1 2 0 -2 1 -1 2 0 -2 1 -1 2 0 -2 1 -1 2 0 -2 1 -1 2 0 -2 1 -1 2 0 -2 1 -1 2 0 -2 1 -1 2 0 -2 1 -1 2 0 -2 1 -1 2 0 -2 1 -1 2 0 -2 1 -1 2 0 -2 1 -1 2 0 -2 1 -1 2 0 -2 1 -1 2 0 -2 1 -1 2 0 -2 1 -1 2 0 -2 1 -1 2 0 -2 1 -1 2 0 -2 1 -1 2 0 -2 1 -1 2 0 -2 1 -1 2 0 -2 1 -1 2 0 -2 1 -1 2 0 -2 1 -1 2 0 -2 1 -1 2 0 -2 1 -1 2 0 -2 1 -1 2 0 -2 1 -1 2 0 -2 1 -1 2 0 -2 1 -1 2 0 -2 1 -1 2 0 -2 1 -1 2 0 -2 1 -1 2 0 -2 1 -1 2 0 -2 1 -1 2 0 -2 1 -1 2 0 -2 1 -1 2 0 -2 1 -1 2 0 -2 1 -1 2 0 -2 1 -1 2 0 -2 1 -1 2 0 -2 1 -1 2 0 -2 1 -1 2 0 -2 1 -1 2 0 -2 1 -1 2 0 -2 1 -1 2 0 -2 1 -1 2 0 -2 1 -1 2 0 -2 1 -1 2 0 -2 1 -1 2 0 -2 1 -1 2 0 -2 1 -1 2 0 -2 1 -1 2 0 -2 1 -1 2 0 -2 1 -1 2 0 -2 1 -1 2 0 -2 1 -1 2 0 -2 1 -1 2 0 -2 1 -1 2 0 -2 1 -1 2 0 -2 1 -1 2 0
0 -1 -2 2 1 0 -1 -2 2 1 0 -1 -2 2 1 0 -1 -2 2 1 0 -1 -2 2 1 0 -1 -2 2 1 0 -1 -2 2 1 0 -1 -2 2 1 0 -1 -2 2 1 0 -1 -2 2 1 0 -1 -2 2 1 0 -1 -2 2 1 0 -1 -2 2 1 0 -1 -2 2 1 0 -1 -2 2 1 0 -1 -2 2 1 0 -1 -2 2 1 0 -1 -2 2 1 0 -1 -2 2 1 0 -1 -2 2 1 0 -1 -2 2 1 0 -1 -2 2 1 0 -1 -2 2 1 0 -1 -2 2 1 0 -1 -2 2 1 0 -1 -2 2 1 0 -1 -2 2 1 0 -1 -2 2 1 0 -1 -2 2 1 0 -1 -2 2 1 0 -1 -2 2 1 0 -1 -2 2 1 0 -1 -2 2 1 0 -1 -2 2 1 0 -1 -2 2 1 0 602 -2 2 1 0 -1 -2 2 1 0 -1 -2 2 1 0 -1 -2 2 1 0 -1 -2 2 1 0 -1 -2 2 1 0 -1 -2 2 1 0 -1 -2 2 1 0 -1 -2 2 1 0 -1 -2 2 1 0 -1 -2 2 1 0 -1 -2 2 1 0 -1 -2 2 1 0 -1 -2 2 1 0 -1 -2 2 1 0 -1 -2 2 1 0 -1 -2 2 1 0 -1 -2 2 1 0 -1 -2 2 1 0 -1 -2 2 1 0 -1 -2 2 1 0 -1 -2 2 1 0 -1 -2 2 1 0 -1 -2 2 1 0 -1 -2 2 1 0 -1 -2 2 1 0 -1 -2 2 1 0 -1 -2 2 1 0 -1 -2 2 1 0 -1 -2 2 1 0 -1 -2 2 1 0 -1 -2 2 1 0 -1 -2 2 1 0 -1 -2 2 1 0 -1 -2 2 1 0 -1 -2 2 1 0 -1 -2 2 1 0 -1 -2 2 1 0 -1 -2 2 1 0 -1 -2 2 1 0 -1 -2 2 1 0 -1 -2 2 1 0 -1 -2 2 1 0 -1 -2 2 1 0 -1 -2 2 1 0 -1 -2 2 1 0 -1 -2 2 1 0 -1 -2 2 1 0 -1 -2 2 1 0 -1 -2 2 1 0 -1 -2 2 1 0 -1 -2 2 1 0 -1 -2 2 1 0 -1 -2 2 1 0 -1 -2 2 1 0 -1 -2 2 1 0 -1 -2 2 1 0 -1 -2 2 1 0 -1 -2 2 1 0 -1 -2 2 1 0 -1 -2 2 1 0 -1 -2 2 1 0 -1 -2 2 1 0 -1 -2 2 1 0 -1 -2 2 1
2 2 2 2 2 2 2 2 2 2 2 2 2 2 2 2 2 2 2 2 2 2 2 2 2 2 2 2 2 2 2 2 2 2 2 2 2 2 2 2 2 2 2 2 2 2 2 2 2 2 2 2 2 2 2 2 2 2 2 2 2 2 2 2 2 2 2 2 2 2 2 2 2 2 2 2 2 2 2 2 2 2 2 2 2 2 2 2 2 2 2 2 2 2 2 2 2 2 2 2 2 2 2 2 2 2 2 2 2 2 2 2 2 2 2 2 2 2 2 2 2 2 2 2 2 2 2 2 2 2 2 2 2 2 2 2 2 2 2 2 2 2 2 2 2 2 2 2 2 2 2 2 2 2 2 2 2 2 2 2 2 2 2 2 2 2 2 2 2 2 2 2 2 2 2 2 2 1001 2 2 2 2 2 2 2 2 2 2 2 2 2 2 2 2 2 2 2 2 2 2 2 2 2 2 2 2 2 2 2 2 2 2 2 2 2 2 2 2 2 2 2 2 2 2 2 2 2 2 2 2 2 2 2 2 2 2 2 2 2 2 2 2 2 2 2 2 2 2 2 2 2 2 2 2 2 2 2 2 2 2 2 2 2 2 2 2 2 2 2 2 2 2 2 2 2 2 2 2 2 2 2 2 2 2 2 2 2 2 2 2 2 2 2 2 2 2 2 2 2 2 2 2 2 2 2 2 2 2 2 2 2 2 2 2 2 2 2 2 2 2 2 2 2 2 2 2 2 2 2 2 2 2 2 2 2 2 2 2 2 2 2 2 2 2 2 2 2 2 2 2 2 2 2 2 2 2 2 2 2 2 2 2 2 2 2 2 2 2 2 2 2 2 2 2 2 2 2 2 2 2 2 2 2 2 2 2 2 2 2 2 2 2 2 2 2 2 2 2 2 2 2 2 2 2 2 2 2 2 2 2 2 2 2 2 2 2 2 2 2 2 2 2 2 2 2 2 2 2 2 2 2 2 2 2 2 2 2 2 2 2 2 2 2 2 2 2 2 2 2 2 2 2 2 2 2 2 2 2 2 2 2 2 2 2 2 2 2 2 2 2 2 2 2 2 2 2 2 2 2 2 2 2 2 2 2 2 2 2 2 2 2 2 2 2 2 2 2 2 2 2
-1 0 1 2 -2 -1 0 1 2 -2 -1 0 1 2 -2 -1 0 1 2 -2 -1 0 1 2 -2 -1 0 1 2 -2 -1 0 1 2 -2 -1 0 1 2 -2 -1 0 1 2 -2 -1 0 1 2 -2 -1 0 1 2 -2 -1 0 1 2 -2 -1 0 1 2 -2 -1 0 1 2 -2 -1 0 1 2 -2 -1 0 1 2 -2 -1 0 1 2 -2 -1 0 1 2 -2 -1 0 1 2 -2 -1 0 1 2 -2 -1 0 1 2 -2 -1 0 1 2 -2 -1 0 1 2 -2 -1 0 1 2 -2 -1 0 1 2 -2 -1 0 1 2 -2 -1 0 1 2 -2 -1 0 1 2 -2 -1 0 1 2 -2 -1 0 1 2 -2 -1 0 1 2 -2 -1 0 1 2 -2 -1 0 1 2 -2 -1 0 1 2 -2 -1 0 1 2 -2 -1 0 1 601 -2 -1 0 1 2 -2 -1 0 1 2 -2 -1 0 1 2 -2 -1 0 1 2 -2 -1 0 1 2 -2 -1 0 1 2 -2 -1 0 1 2 -2 -1 0 1 2 -2 -1 0 1 2 -2 -1 0 1 2 -2 -1 0 1 2 -2 -1 0 1 2 -2 -1 0 1 2 -2 -1 0 1 2 -2 -1 0 1 2 -2 -1 0 1 2 -2 -1 0 1 2 -2 -1 0 1 2 -2 -1 0 1 2 -2 -1 0 1 2 -2 -1 0 1 2 -2 -1 0 1 2 -2 -1 0 1 2 -2 -1 0 1 2 -2 -1 0 1 2 -2 -1 0 1 2 -2 -1 0 1 2 -2 -1 0 1 2 -2 -1 0 1 2 -2 -1 0 1 2 -2 -1 0 1 2 -2 -1 0 1 2 -2 -1 0 1 2 -2 -1 0 1 2 -2 -1 0 1 2 -2 -1 0 1 2 -2 -1 0 1 2 -2 -1 0 1 2 -2 -1 0 1 2 -2 -1 0 1 2 -2 -1 0 1 2 -2 -1 0 1 2 -2 -1 0 1 2 -2 -1 0 1 2 -2 -1 0 1 2 -2 -1 0 1 2 -2 -1 0 1 2 -2 -1 0 1 2 -2 -1 0 1 2 -2 -1 0 1 2 -2 -1 0 1 2 -2 -1 0 1 2 -2 -1 0 1 2 -2 -1 0 1 2 -2 -1 0 1 2 -2 -1 0 1 2 -2 -1 0 1 2 -2 -1 0 1 2 -2 -1 0 1 2 -2 -1 0 1 2 -2 -1 0 1 2 -2 -1 0 1 2 -2 -1 0 1 2 -2 -1 0 1 2 -2
1 -2 0 2 -1 1 -2 0 2 -1 1 -2 0 2 -1 1 -2 0 2 -1 1 -2 0 2 -1 1 -2 0 2 -1 1 -2 0 2 -1 1 -2 0 2 -1 1 -2 0 2 -1 1 -2 0 2 -1 1 -2 0 2 -1 1 -2 0 2 -1 1 -2 0 2 -1 1 -2 0 2 -1 1 -2 0 2 -1 1 -2 0 2 -1 1 -2 0 2 -1 1 -2 0 2 -1 1 -2 0 2 -1 1 -2 0 2 -1 1 -2 0 2 -1 1 -2 0 2 -1 1 -2 0 2 -1 1 -2 0 2 -1 1 -2 0 2 -1 1 -2 0 2 -1 1 -2 0 2 -1 1 -2 0 2 -1 1 -2 0 2 -1 1 -2 0 2 -1 1 -2 0 2 -1 1 -2 0 2 -1 1 -2 0 2 -1 1 -2 0 2 -1 1 -2 0 2 -1 1 -2 0 2 602 1 -2 0 2 -1 1 -2 0 2 -1 1 -2 0 2 -1 1 -2 0 2 -1 1 -2 0 2 -1 1 -2 0 2 -1 1 -2 0 2 -1 1 -2 0 2 -1 1 -2 0 2 -1 1 -2 0 2 -1 1 -2 0 2 -1 1 -2 0 2 -1 1 -2 0 2 -1 1 -2 0 2 -1 1 -2 0 2 -1 1 -2 0 2 -1 1 -2 0 2 -1 1 -2 0 2 -1 1 -2 0 2 -1 1 -2 0 2 -1 1 -2 0 2 -1 1 -2 0 2 -1 1 -2 0 2 -1 1 -2 0 2 -1 1 -2 0 2 -1 1 -2 0 2 -1 1 -2 0 2 -1 1 -2 0 2 -1 1 -2 0 2 -1 1 -2 0 2 -1 1 -2 0 2 -1 1 -2 0 2 -1 1 -2 0 2 -1 1 -2 0 2 -1 1 -2 0 2 -1 1 -2 0 2 -1 1 -2 0 2 -1 1 -2 0 2 -1 1 -2 0 2 -1 1 -2 0 2 -1 1 -2 0 2 -1 1 -2 0 2 -1 1 -2 0 2 -1 1 -2 0 2 -1 1 -2 0 2 -1 1 -2 0 2 -1 1 -2 0 2 -1 1 -2 0 2 -1 1 -2 0 2 -1 1 -2 0 2 -1 1 -2 0 2 -1 1 -2 0 2 -1 1 -2 0 2 -1 1 -2 0 2 -1 1 -2 0 2 -1 1 -2 0 2 -1 1 -2 0 2 -1 1 -2 0 2 -1 1 -2 0 2 -1 1 -2 0 2 -1 1 -2 0 2 -1 1 -2 0 2 -1 1 -2 0 2 -1 1 -2 0 2 -1
-2 1 -1 2 0 -2 1 -1 2 0 -2 1 -1 2 0 -2 1 -1 2 0 -2 1 -1 2 0 -2 1 -1 2 0 -2 1 -1 2 0 -2 1 -1 2 0 -2 1 -1 2 0 -2 1 -1 2 0 -2 1 -1 2 0 -2 1 -1 2 0 -2 1 -1 2 0 -2 1 -1 2 0 -2 1 -1 2 0 -2 1 -1 2 0 -2 1 -1 2 0 -2 1 -1 2 0 -2 1 -1 2 0 -2 1 -1 2 0 -2 1 -1 2 0 -2 1 -1 2 0 -2 1 -1 2 0 -2 1 -1 2 0 -2 1 -1 2 0 -2 1 -1 2 0 -2 1 -1 2 0 -2 1 -1 2 0 -2 1 -1 2 0 -2 1 -1 2 0 -2 1 -1 2 0 -2 1 -1 2 0 -2 1 -1 2 0 -2 1 -1 2 0 -2 1 -1 2 0 -2 1 -1 2 0 601 1 -1 2 0 -2 1 -1 2 0 -2 1 -1 2 0 -2 1 -1 2 0 -2 1 -1 2 0 -2 1 -1 2 0 -2 1 -1 2 0 -2 1 -1 2 0 -2 1 -1 2 0 -2 1 -1 2 0 -2 1 -1 2 0 -2 1 -1 2 0 -2 1 -1 2 0 -2 1 -1 2 0 -2 1 -1 2 0 -2 1 -1 2 0 -2 1 -1 2 0 -2 1 -1 2 0 -2 1 -1 2 0 -2 1 -1 2 0 -2 1 -1 2 0 -2 1 -1 2 0 -2 1 -1 2 0 -2 1 -1 2 0 -2 1 -1 2 0 -2 1 -1 2 0 -2 1 -1 2 0 -2 1 -1 2 0 -2 1 -1 2 0 -2 1 -1 2 0 -2 1 -1 2 0 -2 1 -1 2 0 -2 1 -1 2 0 -2 1 -1 2 0 -2 1 -1 2 0 -2 1 -1 2 0 -2 1 -1 2 0 -2 1 -1 2 0 -2 1 -1 2 0 -2 1 -1 2 0 -2 1 -1 2 0 -2 1 -1 2 0 -2 1 -1 2 0 -2 1 -1 2 0 -2 1 -1 2 0 -2 1 -1 2 0 -2 1 -1 2 0 -2 1 -1 2 0 -2 1 -1 2 0 -2 1 -1 2 0 -2 1 -1 2 0 -2 1 -1 2 0 -2 1 -1 2 0 -2 1 -1 2 0 -2 1 -1 2 0 -2 1 -1 2 0 -2 1 -1 2 0 -2 1 -1 2 0 -2 1 -1 2 0 -2 1 -1 2 0 -2 1 -1 2 0 -2 1 -1 2 0 -2 1 -1 2 0 -2 1 -1 2 0
0 -1 -2 2 1 0 -1 -2 2 1 0 -1 -2 2 1 0 -1 -2 2 1 0 -1 -2 2 1 0 -1 -2 2 1 0 -1 -2 2 1 0 -1 -2 2 1 0 -1 -2 2 1 0 -1 -2 2 1 0 -1 -2 2 1 0 -1 -2 2 1 0 -1 -2 2 1 0 -1 -2 2 1 0 -1 -2 2 1 0 -1 -2 2 1 0 -1 -2 2 1 0 -1 -2 2 1 0 -1 -2 2 1 0 -1 -2 2 1 0 -1 -2 2 1 0 -1 -2 2 1 0 -1 -2 2 1 0 -1 -2 2 1 0 -1 -2 2 1 0 -1 -2 2 1 0 -1 -2 2 1 0 -1 -2 2 1 0 -1 -2 2 1 0 -1 -2 2 1 0 -1 -2 2 1 0 -1 -2 2 1 0 -1 -2 2 1 0 -1 -2 2 1 0 -1 -2 2 1 0 -1 -2 2 1 0 602 -2 2 1 0 -1 -2 2 1 0 -1 -2 2 1 0 -1 -2 2 1 0 -1 -2 2 1 0 -1 -2 2 1 0 -1 -2 2 1 0 -1 -2 2 1 0 -1 -2 2 1 0 -1 -2 2 1 0 -1 -2 2 1 0 -1 -2 2 1 0 -1 -2 2 1 0 -1 -2 2 1 0 -1 -2 2 1 0 -1 -2 2 1 0 -1 -2 2 1 0 -1 -2 2 1 0 -1 -2 2 1 0 -1 -2 2 1 0 -1 -2 2 1 0 -1 -2 2 1 0 -1 -2 2 1 0 -1 -2 2 1 0 -1 -2 2 1 0 -1 -2 2 1 0 -1 -2 2 1 0 -1 -2 2 1 0 -1 -2 2 1 0 -1 -2 2 1 0 -1 -2 2 1 0 -1 -2 2 1 0 -1 -2 2 1 0 -1 -2 2 1 0 -1 -2 2 1 0 -1 -2 2 1 0 -1 -2 2 1 0 -1 -2 2 1 0 -1 -2 2 1 0 -1 -2 2 1 0 -1 -2 2 1 0 -1 -2 2 1 0 -1 -2 2 1 0 -1 -2 2 1 0 -1 -2 2 1 0 -1 -2 2 1 0 -1 -2 2 1 0 -1 -2 2 1 0 -1 -2 2 1 0 -1 -2 2 1 0 -1 -2 2 1 0 -1 -2 2 1 0 -1 -2 2 1 0 -1 -2 2 1 0 -1 -2 2 1 0 -1 -2 2 1 0 -1 -2 2 1 0 -1 -2 2 1 0 -1 -2 2 1 0 -1 -2 2 1 0 -1 -2 2 1 0 -1 -2 2 1 0 -1 -2 2 1 0 -1 -2 2 1
2 2 2 2 2 2 2 2 2 2 2 2 2 2 2 2 2 2 2 2 2 2 2 2 2 2 2 2 2 2 2 2 2 2 2 2 2 2 2 2 2 2 2 2 2 2 2 2 2 2 2 2 2 2 2 2 2 2 2 2 2 2 2 2 2 2 2 2 2 2 2 2 2 2 2 2 2 2 2 2 2 2 2 2 2 2 2 2 2 2 2 2 2 2 2 2 2 2 2 2 2 2 2 2 2 2 2 2 2 2 2 2 2 2 2 2 2 2 2 2 2 2 2 2 2 2 2 2 2 2 2 2 2 2 2 2 2 2 2 2 2 2 2 2 2 2 2 2 2 2 2 2 2 2 2 2 2 2 2 2 2 2 2 2 2 2 2 2 2 2 2 2 2 2 2 2 2 2 2 2 2 2 1001 2 2 2 2 2 2 2 2 2 2 2 2 2 2 2 2 2 2 2 2 2 2 2 2 2 2 2 2 2 2 2 2 2 2 2 2 2 2 2 2 2 2 2 2 2 2 2 2 2 2 2 2 2 2 2 2 2 2 2 2 2 2 2 2 2 2 2 2 2 2 2 2 2 2 2 2 2 2 2 2 2 2 2 2 2 2 2 2 2 2 2 2 2 2 2 2 2 2 2 2 2 2 2 2 2 2 2 2 2 2 2 2 2 2 2 2 2 2 2 2 2 2 2 2 2 2 2 2 2 2 2 2 2 2 2 2 2 2 2 2 2 2 2 2 2 2 2 2 2 2 2 2 2 2 2 2 2 2 2 2 2 2 2 2 2 2 2 2 2 2 2 2 2 2 2 2 2 2 2 2 2 2 2 2 2 2 2 2 2 2 2 2 2 2 2 2 2 2 2 2 2 2 2 2 2 2 2 2 2 2 2 2 2 2 2 2 2 2 2 2 2 2 2 2 2 2 2 2 2 2 2 2 2 2 2 2 2 2 2 2 2 2 2 2 2 2 2 2 2 2 2 2 2 2 2 2 2 2 2 2 2 2 2 2 2 2 2 2 2 2 2 2 2 2 2 2 2 2 2 2 2 2 2 2 2 2 2 2 2 2 2 2 2 2 2 2 2 2 2 2 2 2 2 2 2 2 2 2 2 2 2 2 2 2 2 2 2
-1 0 1 2 -2 -1 0 1 2 -2 -1 0 1 2 -2 -1 0 1 2 -2 -1 0 1 2 -2 -1 0 1 2 -2 -1 0 1 2 -2 -1 0 1 2 -2 -1 0 1 2 -2 -1 0 1 2 -2 -1 0 1 2 -2 -1 0 1 2 -2 -1 0 1 2 -2 -1 0 1 2 -2 -1 0 1 2 -2 -1 0 1 2 -2 -1 0 1 2 -2 -1 0 1 2 -2 -1 0 1 2 -2 -1 0 1 2 -2 -1 0 1 2 -2 -1 0 1 2 -2 -1 0 1 2 -2 -1 0 1 2 -2 -1 0 1 2 -2 -1 0 1 2 -2 -1 0 1 2 -2 -1 0 1 2 -2 -1 0 1 2 -2 -1 0 1 2 -2 -1 0 1 2 -2 -1 0 1 2 -2 -1 0 1 2 -2 -1 0 1 2 -2 -1 0 1 2 -2 -1 0 1 2 -2 -1 0 1 601 -2 -1 0 1 2 -2 -1 0 1 2 -2 -1 0 1 2 -2 -1 0 1 2 -2 -1 0 1 2 -2 -1 0 1 2 -2 -1 0 1 2 -2 -1 0 1 2 -2 -1 0 1 2 -2 -1 0 1 2 -2 -1 0 1 2 -2 -1 0 1 2 -2 -1 0 1 2 -2 -1 0 1 2 -2 -1 0 1 2 -2 -1 0 1 2 -2 -1 0 1 2 -2 -1 0 1 2 -2 -1 0 1 2 -2 -1 0 1 2 -2 -1 0 1 2 -2 -1 0 1 2 -2 -1 0 1 2 -2 -1 0 1 2 -2 -1 0 1 2 -2 -1 0 1 2 -2 -1 0 1 2 -2 -1 0 1 2 -2 -1 0 1 2 -2 -1 0 1 2 -2 -1 0 1 2 -2 -1 0 1 2 -2 -1 0 1 2 -2 -1 0 1 2 -2 -1 0 1 2 -2 -1 0 1 2 -2 -1 0 1 2 -2 -1 0 1 2 -2 -1 0 1 2 -2 -1 0 1 2 -2 -1 0 1 2 -2 -1 0 1 2 -2 -1 0 1 2 -2 -1 0 1 2 -2 -1 0 1 2 -2 -1 0 1 2 -2 -1 0 1 2 -2 -1 0 1 2 -2 -1 0 1 2 -2 -1 0 1 2 -2 -1 0 1 2 -2 -1 0 1 2 -2 -1 0 1 2 -2 -1 0 1 2 -2 -1 0 1 2 -2 -1 0 1 2 -2 -1 0 1 2 -2 -1 0 1 2 -2 -1 0 1 2 -2 -1 0 1 2 -2 -1 0 1 2 -2 -1 0 1 2 -2 -1 0 1 2 -2
1 -2 0 2 -1 1 -2 0 2 -1 1 -2 0 2 -1 1 -2 0 2 -1 1 -2 0 2 -1 1 -2 0 2 -1 1 -2 0 2 -1 1 -2 0 2 -1 1 -2 0 2 -1 1 -2 0 2 -1 1 -2 0 2 -1 1 -2 0 2 -1 1 -2 0 2 -1 1 -2 0 2 -1 1 -2 0 2 -1 1 -2 0 2 -1 1 -2 0 2 -1 1 -2 0 2 -1 1 -2 0 2 -1 1 -2 0 2 -1 1 -2 0 2 -1 1 -2 0 2 -1 1 -2 0 2 -1 1 -2 0 2 -1 1 -2 0 2 -1 1 -2 0 2 -1 1 -2 0 2 -1 1 -2 0 2 -1 1 -2 0 2 -1 1 -2 0 2 -1 1 -2 0 2 -1 1 -2 0 2 -1 1 -2 0 2 -1 1 -2 0 2 -1 1 -2 0 2 -1 1 -2 0 2 -1 1 -2 0 2 602 1 -2 0 2 -1 1 -2 0 2 -1 1 -2 0 2 -1 1 -2 0 2 -1 1 -2 0 2 -1 1 -2 0 2 -1 1 -2 0 2 -1 1 -2 0 2 -1 1 -2 0 2 -1 1 -2 0 2 -1 1 -2 0 2 -1 1 -2 0 2 -1 1 -2 0 2 -1 1 -2 0 2 -1 1 -2 0 2 -1 1 -2 0 2 -1 1 -2 0 2 -1 1 -2 0 2 -1 1 -2 0 2 -1 1 -2 0 2 -1 1 -2 0 2 -1 1 -2 0 2 -1 1 -2 0 2 -1 1 -2 0 2 -1 1 -2 0 2 -1 1 -2 0 2 -1 1 -2 0 2 -1 1 -2 0 2 -1 1 -2 0 2 -1 1 -2 0 2 -1 1 -2 0 2 -1 1 -2 0 2 -1 1 -2 0 2 -1 1 -2 0 2 -1 1 -2 0 2 -1 1 -2 0 2 -1 1 -2 0 2 -1 1 -2 0 2 -1 1 -2 0 2 -1 1 -2 0 2 -1 1 -2 0 2 -1 1 -2 0 2 -1 1 -2 0 2 -1 1 -2 0 2 -1 1 -2 0 2 -1 1 -2 0 2 -1 1 -2 0 2 -1 1 -2 0 2 -1 1 -2 0 2 -1 1 -2 0 2 -1 1 -2 0 2 -1 1 -2 0 2 -1 1 -2 0 2 -1 1 -2 0 2 -1 1 -2 0 2 -1 1 -2 0 2 -1 1 -2 0 2 -1 1 -2 0 2 -1 1 -2 0 2 -1 1 -2 0 2 -1 1 -2 0 2 -1 1 -2 0 2 -1 1 -2 0 2 -1
-2 1 -1 2 0 -2 1 -1 2 0 -2 1 -1 2 0 -2 1 -1 2 0 -2 1 -1 2 0 -2 1 -1 2 0 -2 1 -1 2 0 -2 1 -1 2 0 -2 1 -1 2 0 -2 1 -1 2 0 -2 1 -1 2 0 -2 1 -1 2 0 -2 1 -1 2 0 -2 1 -1 2 0 -2 1 -1 2 0 -2 1 -1 2 0 -2 1 -1 2 0 -2 1 -1 2 0 -2 1 -1 2 0 -2 1 -1 2 0 -2 1 -1 2 0 -2 1 -1 2 0 -2 1 -1 2 0 -2 1 -1 2 0 -2 1 -1 2 0 -2 1 -1 2 0 -2 1 -1 2 0 -2 1 -1 2 0 -2 1 -1 2 0 -2 1 -1 2 0 -2 1 -1 2 0 -2 1 -1 2 0 -2 1 -1 2 0 -2 1 -1 2 0 -2 1 -1 2 0 -2 1 -1 2 0 -2 1 -1 2 0 601 1 -1 2 0 -2 1 -1 2 0 -2 1 -1 2 0 -2 1 -1 2 0 -2 1 -1 2 0 -2 1 -1 2 0 -2 1 -1 2 0 -2 1 -1 2 0 -2 1 -1 2 0 -2 1 -1 2 0 -2 1 -1 2 0 -2 1 -1 2 0 -2 1 -1 2 0 -2 1 -1 2 0 -2 1 -1 2 0 -2 1 -1 2 0 -2 1 -1 2 0 -2 1 -1 2 0 -2 1 -1 2 0 -2 1 -1 2 0 -2 1 -1 2 0 -2 1 -1 2 0 -2 1 -1 2 0 -2 1 -1 2 0 -2 1 -1 2 0 -2 1 -1 2 0 -2 1 -1 2 0 -2 1 -1 2 0 -2 1 -1 2 0 -2 1 -1 2 0 -2 1 -1 2 0 -2 1 -1 2 0 -2 1 -1 2 0 -2 1 -1 2 0 -2 1 -1 2 0 -2 1 -1 2 0 -2 1 -1 2 0 -2 1 -1 2 0 -2 1 -1 2 0 -2 1 -1 2 0 -2 1 -1 2 0 -2 1 -1 2 0 -2 1 -1 2 0 -2 1 -1 2 0 -2 1 -1 2 0 -2 1 -1 2 0 -2 1 -1 2 0 -2 1 -1 2 0 -2 1 -1 2 0 -2 1 -1 2 0 -2 1 -1 2 0 -2 1 -1 2 0 -2 1 -1 2 0 -2 1 -1 2 0 -2 1 -1 2 0 -2 1 -1 2 0 -2 1 -1 2 0 -2 1 -1 2 0 -2 1 -1 2 0 -2 1 -1 2 0 -2 1 -1 2 0 -2 1 -1 2 0 -2 1 -1 2 0
0 -1 -2 2 1 0 -1 -2 2 1 0 -1 -2 2 1 0 -1 -2 2 1 0 -1 -2 2 1 0 -1 -2 2 1 0 -1 -2 2 1 0 -1 -2 2 1 0 -1 -2 2 1 0 -1 -2 2 1 0 -1 -2 2 1 0 -1 -2 2 1 0 -1 -2 2 1 0 -1 -2 2 1 0 -1 -2 2 1 0 -1 -2 2 1 0 -1 -2 2 1 0 -1 -2 2 1 0 -1 -2 2 1 0 -1 -2 2 1 0 -1 -2 2 1 0 -1 -2 2 1 0 -1 -2 2 1 0 -1 -2 2 1 0 -1 -2 2 1 0 -1 -2 2 1 0 -1 -2 2 1 0 -1 -2 2 1 0 -1 -2 2 1 0 -1 -2 2 1 0 -1 -2 2 1 0 -1 -2 2 1 0 -1 -2 2 1 0 -1 -2 2 1 0 -1 -2 2 1 0 -1 -2 2 1 0 -1 -2 2 1 0 602 -2 2 1 0 -1 -2 2 1 0 -1 -2 2 1 0 -1 -2 2 1 0 -1 -2 2 1 0 -1 -2 2 1 0 -1 -2 2 1 0 -1 -2 2 1 0 -1 -2 2 1 0 -1 -2 2 1 0 -1 -2 2 1 0 -1 -2 2 1 0 -1 -2 2 1 0 -1 -2 2 1 0 -1 -2 2 1 0 -1 -2 2 1 0 -1 -2 2 1 0 -1 -2 2 1 0 -1 -2 2 1 0 -1 -2 2 1 0 -1 -2 2 1 0 -1 -2 2 1 0 -1 -2 2 1 0 -1 -2 2 1 0 -1 -2 2 1 0 -1 -2 2 1 0 -1 -2 2 1 0 -1 -2 2 1 0 -1 -2 2 1 0 -1 -2 2 1 0 -1 -2 2 1 0 -1 -2 2 1 0 -1 -2 2 1 0 -1 -2 2 1 0 -1 -2 2 1 0 -1 -2 2 1 0 -1 -2 2 1 0 -1 -2 2 1 0 -1 -2 2 1 0 -1 -2 2 1 0 -1 -2 2 1 0 -1 -2 2 1 0 -1 -2 2 1 0 -1 -2 2 1 0 -1 -2 2 1 0 -1 -2 2 1 0 -1 -2 2 1 0 -1 -2 2 1 0 -1 -2 2 1 0 -1 -2 2 1 0 -1 -2 2 1 0 -1 -2 2 1 0 -1 -2 2 1 0 -1 -2 2 1 0 -1 -2 2 1 0 -1 -2 2 1 0 -1 -2 2 1 0 -1 -2 2 1 0 -1 -2 2 1 0 -1 -2 2 1 0 -1 -2 2 1 0 -1 -2 2 1 0 -1 -2 2 1
2 2 2 2 2 2 2 2 2 2 2 2 2 2 2 2 2 2 2 2 2 2 2 2 2 2 2 2 2 2 2 2 2 2 2 2 2 2 2 2 2 2 2 2 2 2 2 2 2 2 2 2 2 2 2 2 2 2 2 2 2 2 2 2 2 2 2 2 2 2 2 2 2 2 2 2 2 2 2 2 2 2 2 2 2 2 2 2 2 2 2 2 2 2 2 2 2 2 2 2 2 2 2 2 2 2 2 2 2 2 2 2 2 2 2 2 2 2 2 2 2 2 2 2 2 2 2 2 2 2 2 2 2 2 2 2 2 2 2 2 2 2 2 2 2 2 2 2 2 2 2 2 2 2 2 2 2 2 2 2 2 2 2 2 2 2 2 2 2 2 2 2 2 2 2 2 2 2 2 2 2 2 2 2 2 2 2 1001 2 2 2 2 2 2 2 2 2 2 2 2 2 2 2 2 2 2 2 2 2 2 2 2 2 2 2 2 2 2 2 2 2 2 2 2 2 2 2 2 2 2 2 2 2 2 2 2 2 2 2 2 2 2 2 2 2 2 2 2 2 2 2 2 2 2 2 2 2 2 2 2 2 2 2 2 2 2 2 2 2 2 2 2 2 2 2 2 2 2 2 2 2 2 2 2 2 2 2 2 2 2 2 2 2 2 2 2 2 2 2 2 2 2 2 2 2 2 2 2 2 2 2 2 2 2 2 2 2 2 2 2 2 2 2 2 2 2 2 2 2 2 2 2 2 2 2 2 2 2 2 2 2 2 2 2 2 2 2 2 2 2 2 2 2 2 2 2 2 2 2 2 2 2 2 2 2 2 2 2 2 2 2 2 2 2 2 2 2 2 2 2 2 2 2 2 2 2 2 2 2 2 2 2 2 2 2 2 2 2 2 2 2 2 2 2 2 2 2 2 2 2 2 2 2 2 2 2 2 2 2 2 2 2 2 2 2 2 2 2 2 2 2 2 2 2 2 2 2 2 2 2 2 2 2 2 2 2 2 2 2 2 2 2 2 2 2 2 2 2 2 2 2 2 2 2 2 2 2 2 2 2 2 2 2 2 2 2 2 2 2 2 2 2 2 2 2 2 2 2 2 2 2 2 2 2 2 2 2 2 2 2
-1 0 1 2 -2 -1 0 1 2 -2 -1 0 1 2 -2 -1 0 1 2 -2 -1 0 1 2 -2 -1 0 1 2 -2 -1 0 1 2 -2 -1 0 1 2 -2 -1 0 1 2 -2 -1 0 1 2 -2 -1 0 1 2 -2 -1 0 1 2 -2 -1 0 1 2 -2 -1 0 1 2 -2 -1 0 1 2 -2 -1 0 1 2 -2 -1 0 1 2 -2 -1 0 1 2 -2 -1 0 1 2 -2 -1 0 1 2 -2 -1 0 1 2 -2 -1 0 1 2 -2 -1 0 1 2 -2 -1 0 1 2 -2 -1 0 1 2 -2 -1 0 1 2 -2 -1 0 1 2 -2 -1 0 1 2 -2 -1 0 1 2 -2 -1 0 1 2 -2 -1 0 1 2 -2 -1 0 1 2 -2 -1 0 1 2 -2 -1 0 1 2 -2 -1 0 1 2 -2 -1 0 1 2 -2 -1 0 1 2 -2 -1 0 1 601 -2 -1 0 1 2 -2 -1 0 1 2 -2 -1 0 1 2 -2 -1 0 1 2 -2 -1 0 1 2 -2 -1 0 1 2 -2 -1 0 1 2 -2 -1 0 1 2 -2 -1 0 1 2 -2 -1 0 1 2 -2 -1 0 1 2 -2 -1 0 1 2 -2 -1 0 1 2 -2 -1 0 1 2 -2 -1 0 1 2 -2 -1 0 1 2 -2 -1 0 1 2 -2 -1 0 1 2 -2 -1 0 1 2 -2 -1 0 1 2 -2 -1 0 1 2 -2 -1 0 1 2 -2 -1 0 1 2 -2 -1 0 1 2 -2 -1 0 1 2 -2 -1 0 1 2 -2 -1 0 1 2 -2 -1 0 1 2 -2 -1 0 1 2 -2 -1 0 1 2 -2 -1 0 1 2 -2 -1 0 1 2 -2 -1 0 1 2 -2 -1 0 1 2 -2 -1 0 1 2 -2 -1 0 1 2 -2 -1 0 1 2 -2 -1 0 1 2 -2 -1 0 1 2 -2 -1 0 1 2 -2 -1 0 1 2 -2 -1 0 1 2 -2 -1 0 1 2 -2 -1 0 1 2 -2 -1 0 1 2 -2 -1 0 1 2 -2 -1 0 1 2 -2 -1 0 1 2 -2 -1 0 1 2 -2 -1 0 1 2 -2 -1 0 1 2 -2 -1 0 1 2 -2 -1 0 1 2 -2 -1 0 1 2 -2 -1 0 1 2 -2 -1 0 1 2 -2 -1 0 1 2 -2 -1 0 1 2 -2 -1 0 1 2 -2 -1 0 1 2 -2 -1 0 1 2 -2 -1 0 1 2 -2
1 -2 0 2 -1 1 -2 0 2 -1 1 -2 0 2 -1 1 -2 0 2 -1 1 -2 0 2 -1 1 -2 0 2 -1 1 -2 0 2 -1 1 -2 0 2 -1 1 -2 0 2 -1 1 -2 0 2 -1 1 -2 0 2 -1 1 -2 0 2 -1 1 -2 0 2 -1 1 -2 0 2 -1 1 -2 0 2 -1 1 -2 0 2 -1 1 -2 0 2 -1 1 -2 0 2 -1 1 -2 0 2 -1 1 -2 0 2 -1 1 -2 0 2 -1 1 -2 0 2 -1 1 -2 0 2 -1 1 -2 0 2 -1 1 -2 0 2 -1 1 -2 0 2 -1 1 -2 0 2 -1 1 -2 0 2 -1 1 -2 0 2 -1 1 -2 0 2 -1 1 -2 0 2 -1 1 -2 0 2 -1 1 -2 0 2 -1 1 -2 0 2 -1 1 -2 0 2 -1 1 -2 0 2 -1 1 -2 0 2 -1 1 -2 0 2 602 1 -2 0 2 -1 1 -2 0 2 -1 1 -2 0 2 -1 1 -2 0 2 -1 1 -2 0 2 -1 1 -2 0 2 -1 1 -2 0 2 -1 1 -2 0 2 -1 1 -2 0 2 -1 1 -2 0 2 -1 1 -2 0 2 -1 1 -2 0 2 -1 1 -2 0 2 -1 1 -2 0 2 -1 1 -2 0 2 -1 1 -2 0 2 -1 1 -2 0 2 -1 1 -2 0 2 -1 1 -2 0 2 -1 1 -2 0 2 -1 1 -2 0 2 -1 1 -2 0 2 -1 1 -2 0 2 -1 1 -2 0 2 -1 1 -2 0 2 -1 1 -2 0 2 -1 1 -2 0 2 -1 1 -2 0 2 -1 1 -2 0 2 -1 1 -2 0 2 -1 1 -2 0 2 -1 1 -2 0 2 -1 1 -2 0 2 -1 1 -2 0 2 -1 1 -2 0 2 -1 1 -2 0 2 -1 1 -2 0 2 -1 1 -2 0 2 -1 1 -2 0 2 -1 1 -2 0 2 -1 1 -2 0 2 -1 1 -2 0 2 -1 1 -2 0 2 -1 1 -2 0 2 -1 1 -2 0 2 -1 1 -2 0 2 -1 1 -2 0 2 -1 1 -2 0 2 -1 1 -2 0 2 -1 1 -2 0 2 -1 1 -2 0 2 -1 1 -2 0 2 -1 1 -2 0 2 -1 1 -2 0 2 -1 1 -2 0 2 -1 1 -2 0 2 -1 1 -2 0 2 -1 1 -2 0 2 -1 1 -2 0 2 -1 1 -2 0 2 -1 1 -2 0 2 -1 1 -2 0 2 -1
-2 1 -1 2 0 -2 1 -1 2 0 -2 1 -1 2 0 -2 1 -1 2 0 -2 1 -1 2 0 -2 1 -1 2 0 -2 1 -1 2 0 -2 1 -1 2 0 -2 1 -1 2 0 -2 1 -1 2 0 -2 1 -1 2 0 -2 1 -1 2 0 -2 1 -1 2 0 -2 1 -1 2 0 -2 1 -1 2 0 -2 1 -1 2 0 -2 1 -1 2 0 -2 1 -1 2 0 -2 1 -1 2 0 -2 1 -1 2 0 -2 1 -1 2 0 -2 1 -1 2 0 -2 1 -1 2 0 -2 1 -1 2 0 -2 1 -1 2 0 -2 1 -1 2 0 -2 1 -1 2 0 -2 1 -1 2 0 -2 1 -1 2 0 -2 1 -1 2 0 -2 1 -1 2 0 -2 1 -1 2 0 -2 1 -1 2 0 -2 1 -1 2 0 -2 1 -1 2 0 -2 1 -1 2 0 -2 1 -1 2 0 -2 1 -1 2 0 601 1 -1 2 0 -2 1 -1 2 0 -2 1 -1 2 0 -2 1 -1 2 0 -2 1 -1 2 0 -2 1 -1 2 0 -2 1 -1 2 0 -2 1 -1 2 0 -2 1 -1 2 0 -2 1 -1 2 0 -2 1 -1 2 0 -2 1 -1 2 0 -2 1 -1 2 0 -2 1 -1 2 0 -2 1 -1 2 0 -2 1 -1 2 0 -2 1 -1 2 0 -2 1 -1 2 0 -2 1 -1 2 0 -2 1 -1 2 0 -2 1 -1 2 0 -2 1 -1 2 0 -2 1 -1 2 0 -2 1 -1 2 0 -2 1 -1 2 0 -2 1 -1 2 0 -2 1 -1 2 0 -2 1 -1 2 0 -2 1 -1 2 0 -2 1 -1 2 0 -2 1 -1 2 0 -2 1 -1 2 0 -2 1 -1 2 0 -2 1 -1 2 0 -2 1 -1 2 0 -2 1 -1 2 0 -2 1 -1 2 0 -2 1 -1 2 0 -2 1 -1 2 0 -2 1 -1 2 0 -2 1 -1 2 0 -2 1 -1 2 0 -2 1 -1 2 0 -2 1 -1 2 0 -2 1 -1 2 0 -2 1 -1 2 0 -2 1 -1 2 0 -2 1 -1 2 0 -2 1 -1 2 0 -2 1 -1 2 0 -2 1 -1 2 0 -2 1 -1 2 0 -2 1 -1 2 0 -2 1 -1 2 0 -2 1 -1 2 0 -2 1 -1 2 0 -2 1 -1 2 0 -2 1 -1 2 0 -2 1 -1 2 0 -2 1 -1 2 0 -2 1 -1 2 0 -2 1 -1 2 0
0 -1 -2 2 1 0 -1 -2 2 1 0 -1 -2 2 1 0 -1 -2 2 1 0 -1 -2 2 1 0 -1 -2 2 1 0 -1 -2 2 1 0 -1 -2 2 1 0 -1 -2 2 1 0 -1 -2 2 1 0 -1 -2 2 1 0 -1 -2 2 1 0 -1 -2 2 1 0 -1 -2 2 1 0 -1 -2 2 1 0 -1 -2 2 1 0 -1 -2 2 1 0 -1 -2 2 1 0 -1 -2 2 1 0 -1 -2 2 1 0 -1 -2 2 1 0 -1 -2 2 1 0 -1 -2 2 1 0 -1 -2 2 1 0 -1 -2 2 1 0 -1 -2 2 1 0 -1 -2 2 1 0 -1 -2 2 1 0 -1 -2 2 1 0 -1 -2 2 1 0 -1 -2 2 1 0 -1 -2 2 1 0 -1 -2 2 1 0 -1 -2 2 1 0 -1 -2 2 1 0 -1 -2 2 1 0 -1 -2 2 1 0 -1 -2 2 1 0 602 -2 2 1 0 -1 -2 2 1 0 -1 -2 2 1 0 -1 -2 2 1 0 -1 -2 2 1 0 -1 -2 2 1 0 -1 -2 2 1 0 -1 -2 2 1 0 -1 -2 2 1 0 -1 -2 2 1 0 -1 -2 2 1 0 -1 -2 2 1 0 -1 -2 2 1 0 -1 -2 2 1 0 -1 -2 2 1 0 -1 -2 2 1 0 -1 -2 2 1 0 -1 -2 2 1 0 -1 -2 2 1 0 -1 -2 2 1 0 -1 -2 2 1 0 -1 -2 2 1 0 -1 -2 2 1 0 -1 -2 2 1 0 -1 -2 2 1 0 -1 -2 2 1 0 -1 -2 2 1 0 -1 -2 2 1 0 -1 -2 2 1 0 -1 -2 2 1 0 -1 -2 2 1 0 -1 -2 2 1 0 -1 -2 2 1 0 -1 -2 2 1 0 -1 -2 2 1 0 -1 -2 2 1 0 -1 -2 2 1 0 -1 -2 2 1 0 -1 -2 2 1 0 -1 -2 2 1 0 -1 -2 2 1 0 -1 -2 2 1 0 -1 -2 2 1 0 -1 -2 2 1 0 -1 -2 2 1 0 -1 -2 2 1 0 -1 -2 2 1 0 -1 -2 2 1 0 -1 -2 2 1 0 -1 -2 2 1 0 -1 -2 2 1 0 -1 -2 2 1 0 -1 -2 2 1 0 -1 -2 2 1 0 -1 -2 2 1 0 -1 -2 2 1 0 -1 -2 2 1 0 -1 -2 2 1 0 -1 -2 2 1 0 -1 -2 2 1 0 -1 -2 2 1 0 -1 -2 2 1
2 2 2 2 2 2 2 2 2 2 2 2 2 2 2 2 2 2 2 2 2 2 2 2 2 2 2 2 2 2 2 2 2 2 2 2 2 2 2 2 2 2 2 2 2 2 2 2 2 2 2 2 2 2 2 2 2 2 2 2 2 2 2 2 2 2 2 2 2 2 2 2 2 2 2 2 2 2 2 2 2 2 2 2 2 2 2 2 2 2 2 2 2 2 2 2 2 2 2 2 2 2 2 2 2 2 2 2 2 2 2 2 2 2 2 2 2 2 2 2 2 2 2 2 2 2 2 2 2 2 2 2 2 2 2 2 2 2 2 2 2 2 2 2 2 2 2 2 2 2 2 2 2 2 2 2 2 2 2 2 2 2 2 2 2 2 2 2 2 2 2 2 2 2 2 2 2 2 2 2 2 2 2 2 2 2 2 2 2 2 2 2 1001 2 2 2 2 2 2 2 2 2 2 2 2 2 2 2 2 2 2 2 2 2 2 2 2 2 2 2 2 2 2 2 2 2 2 2 2 2 2 2 2 2 2 2 2 2 2 2 2 2 2 2 2 2 2 2 2 2 2 2 2 2 2 2 2 2 2 2 2 2 2 2 2 2 2 2 2 2 2 2 2 2 2 2 2 2 2 2 2 2 2 2 2 2 2 2 2 2 2 2 2 2 2 2 2 2 2 2 2 2 2 2 2 2 2 2 2 2 2 2 2 2 2 2 2 2 2 2 2 2 2 2 2 2 2 2 2 2 2 2 2 2 2 2 2 2 2 2 2 2 2 2 2 2 2 2 2 2 2 2 2 2 2 2 2 2 2 2 2 2 2 2 2 2 2 2 2 2 2 2 2 2 2 2 2 2 2 2 2 2 2 2 2 2 2 2 2 2 2 2 2 2 2 2 2 2 2 2 2 2 2 2 2 2 2 2 2 2 2 2 2 2 2 2 2 2 2 2 2 2 2 2 2 2 2 2 2 2 2 2 2 2 2 2 2 2 2 2 2 2 2 2 2 2 2 2 2 2 2 2 2 2 2 2 2 2 2 2 2 2 2 2 2 2 2 2 2 2 2 2 2 2 2 2 2 2 2 2 2 2 2 2 2 2 2 2 2 2 2 2 2 2 2 2 2 2 2 2
-1 0 1 2 -2 -1 0 1 2 -2 -1 0 1 2 -2 -1 0 1 2 -2 -1 0 1 2 -2 -1 0 1 2 -2 -1 0 1 2 -2 -1 0 1 2 -2 -1 0 1 2 -2 -1 0 1 2 -2 -1 0 1 2 -2 -1 0 1 2 -2 -1 0 1 2 -2 -1 0 1 2 -2 -1 0 1 2 -2 -1 0 1 2 -2 -1 0 1 2 -2 -1 0 1 2 -2 -1 0 1 2 -2 -1 0 1 2 -2 -1 0 1 2 -2 -1 0 1 2 -2 -1 0 1 2 -2 -1 0 1 2 -2 -1 0 1 2 -2 -1 0 1 2 -2 -1 0 1 2 -2 -1 0 1 2 -2 -1 0 1 2 -2 -1 0 1 2 -2 -1 0 1 2 -2 -1 0 1 2 -2 -1 0 1 2 -2 -1 0 1 2 -2 -1 0 1 2 -2 -1 0 1 2 -2 -1 0 1 2 -2 -1 0 1 2 -2 -1 0 1 601 -2 -1 0 1 2 -2 -1 0 1 2 -2 -1 0 1 2 -2 -1 0 1 2 -2 -1 0 1 2 -2 -1 0 1 2 -2 -1 0 1 2 -2 -1 0 1 2 -2 -1 0 1 2 -2 -1 0 1 2 -2 -1 0 1 2 -2 -1 0 1 2 -2 -1 0 1 2 -2 -1 0 1 2 -2 -1 0 1 2 -2 -1 0 1 2 -2 -1 0 1 2 -2 -1 0 1 2 -2 -1 0 1 2 -2 -1 0 1 2 -2 -1 0 1 2 -2 -1 0 1 2 -2 -1 0 1 2 -2 -1 0 1 2 -2 -1 0 1 2 -2 -1 0 1 2 -2 -1 0 1 2 -2 -1 0 1 2 -2 -1 0 1 2 -2 -1 0 1 2 -2 -1 0 1 2 -2 -1 0 1 2 -2 -1 0 1 2 -2 -1 0 1 2 -2 -1 0 1 2 -2 -1 0 1 2 -2 -1 0 1 2 -2 -1 0 1 2 -2 -1 0 1 2 -2 -1 0 1 2 -2 -1 0 1 2 -2 -1 0 1 2 -2 -1 0 1 2 -2 -1 0 1 2 -2 -1 0 1 2 -2 -1 0 1 2 -2 -1 0 1 2 -2 -1 0 1 2 -2 -1 0 1 2 -2 -1 0 1 2 -2 -1 0 1 2 -2 -1 0 1 2 -2 -1 0 1 2 -2 -1 0 1 2 -2 -1 0 1 2 -2 -1 0 1 2 -2 -1 0 1 2 -2 -1 0 1 2 -2 -1 0 1 2 -2 -1 0 1 2 -2 -1 0 1 2 -2
1 -2 0 2 -1 1 -2 0 2 -1 1 -2 0 2 -1 1 -2 0 2 -1 1 -2 0 2 -1 1 -2 0 2 -1 1 -2 0 2 -1 1 -2 0 2 -1 1 -2 0 2 -1 1 -2 0 2 -1 1 -2 0 2 -1 1 -2 0 2 -1 1 -2 0 2 -1 1 -2 0 2 -1 1 -2 0 2 -1 1 -2 0 2 -1 1 -2 0 2 -1 1 -2 0 2 -1 1 -2 0 2 -1 1 -2 0 2 -1 1 -2 0 2 -1 1 -2 0 2 -1 1 -2 0 2 -1 1 -2 0 2 -1 1 -2 0 2 -1 1 -2 0 2 -1 1 -2 0 2 -1 1 -2 0 2 -1 1 -2 0 2 -1 1 -2 0 2 -1 1 -2 0 2 -1 1 -2 0 2 -1 1 -2 0 2 -1 1 -2 0 2 -1 1 -2 0 2 -1 1 -2 0 2 -1 1 -2 0 2 -1 1 -2 0 2 -1 1 -2 0 2 602 1 -2 0 2 -1 1 -2 0 2 -1 1 -2 0 2 -1 1 -2 0 2 -1 1 -2 0 2 -1 1 -2 0 2 -1 1 -2 0 2 -1 1 -2 0 2 -1 1 -2 0 2 -1 1 -2 0 2 -1 1 -2 0 2 -1 1 -2 0 2 -1 1 -2 0 2 -1 1 -2 0 2 -1 1 -2 0 2 -1 1 -2 0 2 -1 1 -2 0 2 -1 1 -2 0 2 -1 1 -2 0 2 -1 1 -2 0 2 -1 1 -2 0 2 -1 1 -2 0 2 -1 1 -2 0 2 -1 1 -2 0 2 -1 1 -2 0 2 -1 1 -2 0 2 -1 1 -2 0 2 -1 1 -2 0 2 -1 1 -2 0 2 -1 1 -2 0 2 -1 1 -2 0 2 -1 1 -2 0 2 -1 1 -2 0 2 -1 1 -2 0 2 -1 1 -2 0 2 -1 1 -2 0 2 -1 1 -2 0 2 -1 1 -2 0 2 -1 1 -2 0 2 -1 1 -2 0 2 -1 1 -2 0 2 -1 1 -2 0 2 -1 1 -2 0 2 -1 1 -2 0 2 -1 1 -2 0 2 -1 1 -2 0 2 -1 1 -2 0 2 -1 1 -2 0 2 -1 1 -2 0 2 -1 1 -2 0 2 -1 1 -2 0 2 -1 1 -2 0 2 -1 1 -2 0 2 -1 1 -2 0 2 -1 1 -2 0 2 -1 1 -2 0 2 -1 1 -2 0 2 -1 1 -2 0 2 -1 1 -2 0 2 -1 1 -2 0 2 -1 1 -2 0 2 -1
-2 1 -1 2 0 -2 1 -1 2 0 -2 1 -1 2 0 -2 1 -1 2 0 -2 1 -1 2 0 -2 1 -1 2 0 -2 1 -1 2 0 -2 1 -1 2 0 -2 1 -1 2 0 -2 1 -1 2 0 -2 1 -1 2 0 -2 1 -1 2 0 -2 1 -1 2 0 -2 1 -1 2 0 -2 1 -1 2 0 -2 1 -1 2 0 -2 1 -1 2 0 -2 1 -1 2 0 -2 1 -1 2 0 -2 1 -1 2 0 -2 1 -1 2 0 -2 1 -1 2 0 -2 1 -1 2 0 -2 1 -1 2 0 -2 1 -1 2 0 -2 1 -1 2 0 -2 1 -1 2 0 -2 1 -1 2 0 -2 1 -1 2 0 -2 1 -1 2 0 -2 1 -1 2 0 -2 1 -1 2 0 -2 1 -1 2 0 -2 1 -1 2 0 -2 1 -1 2 0 -2 1 -1 2 0 -2 1 -1 2 0 -2 1 -1 2 0 -2 1 -1 2 0 601 1 -1 2 0 -2 1 -1 2 0 -2 1 -1 2 0 -2 1 -1 2 0 -2 1 -1 2 0 -2 1 -1 2 0 -2 1 -1 2 0 -2 1 -1 2 0 -2 1 -1 2 0 -2 1 -1 2 0 -2 1 -1 2 0 -2 1 -1 2 0 -2 1 -1 2 0 -2 1 -1 2 0 -2 1 -1 2 0 -2 1 -1 2 0 -2 1 -1 2 0 -2 1 -1 2 0 -2 1 -1 2 0 -2 1 -1 2 0 -2 1 -1 2 0 -2 1 -1 2 0 -2 1 -1 2 0 -2 1 -1 2 0 -2 1 -1 2 0 -2 1 -1 2 0 -2 1 -1 2 0 -2 1 -1 2 0 -2 1 -1 2 0 -2 1 -1 2 0 -2 1 -1 2 0 -2 1 -1 2 0 -2 1 -1 2 0 -2 1 -1 2 0 -2 1 -1 2 0 -2 1 -1 2 0 -2 1 -1 2 0 -2 1 -1 2 0 -2 1 -1 2 0 -2 1 -1 2 0 -2 1 -1 2 0 -2 1 -1 2 0 -2 1 -1 2 0 -2 1 -1 2 0 -2 1 -1 2 0 -2 1 -1 2 0 -2 1 -1 2 0 -2 1 -1 2 0 -2 1 -1 2 0 -2 1 -1 2 0 -2 1 -1 2 0 -2 1 -1 2 0 -2 1 -1 2 0 -2 1 -1 2 0 -2 1 -1 2 0 -2 1 -1 2 0 -2 1 -1 2 0 -2 1 -1 2 0 -2 1 -1 2 0 -2 1 -1 2 0 -2 1 -1 2 0
0 -1 -2 2 1 0 -1 -2 2 1 0 -1 -2 2 1 0 -1 -2 2 1 0 -1 -2 2 1 0 -1 -2 2 1 0 -1 -2 2 1 0 -1 -2 2 1 0 -1 -2 2 1 0 -1 -2 2 1 0 -1 -2 2 1 0 -1 -2 2 1 0 -1 -2 2 1 0 -1 -2 2 1 0 -1 -2 2 1 0 -1 -2 2 1 0 -1 -2 2 1 0 -1 -2 2 1 0 -1 -2 2 1 0 -1 -2 2 1 0 -1 -2 2 1 0 -1 -2 2 1 0 -1 -2 2 1 0 -1 -2 2 1 0 -1 -2 2 1 0 -1 -2 2 1 0 -1 -2 2 1 0 -1 -2 2 1 0 -1 -2 2 1 0 -1 -2 2 1 0 -1 -2 2 1 0 -1 -2 2 1 0 -1 -2 2 1 0 -1 -2 2 1 0 -1 -2 2 1 0 -1 -2 2 1 0 -1 -2 2 1 0 -1 -2 2 1 0 -1 -2 2 1 0 602 -2 2 1 0 -1 -2 2 1 0 -1 -2 2 1 0 -1 -2 2 1 0 -1 -2 2 1 0 -1 -2 2 1 0 -1 -2 2 1 0 -1 -2 2 1 0 -1 -2 2 1 0 -1 -2 2 1 0 -1 -2 2 1 0 -1 -2 2 1 0 -1 -2 2 1 0 -1 -2 2 1 0 -1 -2 2 1 0 -1 -2 2 1 0 -1 -2 2 1 0 -1 -2 2 1 0 -1 -2 2 1 0 -1 -2 2 1 0 -1 -2 2 1 0 -1 -2 2 1 0 -1 -2 2 1 0 -1 -2 2 1 0 -1 -2 2 1 0 -1 -2 2 1 0 -1 -2 2 1 0 -1 -2 2 1 0 -1 -2 2 1 0 -1 -2 2 1 0 -1 -2 2 1 0 -1 -2 2 1 0 -1 -2 2 1 0 -1 -2 2 1 0 -1 -2 2 1 0 -1 -2 2 1 0 -1 -2 2 1 0 -1 -2 2 1 0 -1 -2 2 1 0 -1 -2 2 1 0 -1 -2 2 1 0 -1 -2 2 1 0 -1 -2 2 1 0 -1 -2 2 1 0 -1 -2 2 1 0 -1 -2 2 1 0 -1 -2 2 1 0 -1 -2 2 1 0 -1 -2 2 1 0 -1 -2 2 1 0 -1 -2 2 1 0 -1 -2 2 1 0 -1 -2 2 1 0 -1 -2 2 1 0 -1 -2 2 1 0 -1 -2 2 1 0 -1 -2 2 1 0 -1 -2 2 1 0 -1 -2 2 1 0 -1 -2 2 1 0 -1 -2 2 1
2 2 2 2 2 2 2 2 2 2 2 2 2 2 2 2 2 2 2 2 2 2 2 2 2 2 2 2 2 2 2 2 2 2 2 2 2 2 2 2 2 2 2 2 2 2 2 2 2 2 2 2 2 2 2 2 2 2 2 2 2 2 2 2 2 2 2 2 2 2 2 2 2 2 2 2 2 2 2 2 2 2 2 2 2 2 2 2 2 2 2 2 2 2 2 2 2 2 2 2 2 2 2 2 2 2 2 2 2 2 2 2 2 2 2 2 2 2 2 2 2 2 2 2 2 2 2 2 2 2 2 2 2 2 2 2 2 2 2 2 2 2 2 2 2 2 2 2 2 2 2 2 2 2 2 2 2 2 2 2 2 2 2 2 2 2 2 2 2 2 2 2 2 2 2 2 2 2 2 2 2 2 2 2 2 2 2 2 2 2 2 2 2 2 2 2 2 1001 2 2 2 2 2 2 2 2 2 2 2 2 2 2 2 2 2 2 2 2 2 2 2 2 2 2 2 2 2 2 2 2 2 2 2 2 2 2 2 2 2 2 2 2 2 2 2 2 2 2 2 2 2 2 2 2 2 2 2 2 2 2 2 2 2 2 2 2 2 2 2 2 2 2 2 2 2 2 2 2 2 2 2 2 2 2 2 2 2 2 2 2 2 2 2 2 2 2 2 2 2 2 2 2 2 2 2 2 2 2 2 2 2 2 2 2 2 2 2 2 2 2 2 2 2 2 2 2 2 2 2 2 2 2 2 2 2 2 2 2 2 2 2 2 2 2 2 2 2 2 2 2 2 2 2 2 2 2 2 2 2 2 2 2 2 2 2 2 2 2 2 2 2 2 2 2 2 2 2 2 2 2 2 2 2 2 2 2 2 2 2 2 2 2 2 2 2 2 2 2 2 2 2 2 2 2 2 2 2 2 2 2 2 2 2 2 2 2 2 2 2 2 2 2 2 2 2 2 2 2 2 2 2 2 2 2 2 2 2 2 2 2 2 2 2 2 2 2 2 2 2 2 2 2 2 2 2 2 2 2 2 2 2 2 2 2 2 2 2 2 2 2 2 2 2 2 2 2 2 2 2 2 2 2 2 2 2 2 2 2 2 2 2 2 2 2 2 2 2 2 2 2
-1 0 1 2 -2 -1 0 1 2 -2 -1 0 1 2 -2 -1 0 1 2 -2 -1 0 1 2 -2 -1 0 1 2 -2 -1 0 1 2 -2 -1 0 1 2 -2 -1 0 1 2 -2 -1 0 1 2 -2 -1 0 1 2 -2 -1 0 1 2 -2 -1 0 1 2 -2 -1 0 1 2 -2 -1 0 1 2 -2 -1 0 1 2 -2 -1 0 1 2 -2 -1 0 1 2 -2 -1 0 1 2 -2 -1 0 1 2 -2 -1 0 1 2 -2 -1 0 1 2 -2 -1 0 1 2 -2 -1 0 1 2 -2 -1 0 1 2 -2 -1 0 1 2 -2 -1 0 1 2 -2 -1 0 1 2 -2 -1 0 1 2 -2 -1 0 1 2 -2 -1 0 1 2 -2 -1 0 1 2 -2 -1 0 1 2 -2 -1 0 1 2 -2 -1 0 1 2 -2 -1 0 1 2 -2 -1 0 1 2 -2 -1 0 1 2 -2 -1 0 1 2 -2 -1 0 1 601 -2 -1 0 1 2 -2 -1 0 1 2 -2 -1 0 1 2 -2 -1 0 1 2 -2 -1 0 1 2 -2 -1 0 1 2 -2 -1 0 1 2 -2 -1 0 1 2 -2 -1 0 1 2 -2 -1 0 1 2 -2 -1 0 1 2 -2 -1 0 1 2 -2 -1 0 1 2 -2 -1 0 1 2 -2 -1 0 1 2 -2 -1 0 1 2 -2 -1 0 1 2 -2 -1 0 1 2 -2 -1 0 1 2 -2 -1 0 1 2 -2 -1 0 1 2 -2 -1 0 1 2 -2 -1 0 1 2 -2 -1 0 1 2 -2 -1 0 1 2 -2 -1 0 1 2 -2 -1 0 1 2 -2 -1 0 1 2 -2 -1 0 1 2 -2 -1 0 1 2 -2 -1 0 1 2 -2 -1 0 1 2 -2 -1 0 1 2 -2 -1 0 1 2 -2 -1 0 1 2 -2 -1 0 1 2 -2 -1 0 1 2 -2 -1 0 1 2 -2 -1 0 1 2 -2 -1 0 1 2 -2 -1 0 1 2 -2 -1 0 1 2 -2 -1 0 1 2 -2 -1 0 1 2 -2 -1 0 1 2 -2 -1 0 1 2 -2 -1 0 1 2 -2 -1 0 1 2 -2 -1 0 1 2 -2 -1 0 1 2 -2 -1 0 1 2 -2 -1 0 1 2 -2 -1 0 1 2 -2 -1 0 1 2 -2 -1 0 1 2 -2 -1 0 1 2 -2 -1 0 1 2 -2 -1 0 1 2 -2 -1 0 1 2 -2 -1 0 1 2 -2
1 -2 0 2 -1 1 -2 0 2 -1 1 -2 0 2 -1 1 -2 0 2 -1 1 -2 0 2 -1 1 -2 0 2 -1 1 -2 0 2 -1 1 -2 0 2 -1 1 -2 0 2 -1 1 -2 0 2 -1 1 -2 0 2 -1 1 -2 0 2 -1 1 -2 0 2 -1 1 -2 0 2 -1 1 -2 0 2 -1 1 -2 0 2 -1 1 -2 0 2 -1 1 -2 0 2 -1 1 -2 0 2 -1 1 -2 0 2 -1 1 -2 0 2 -1 1 -2 0 2 -1 1 -2 0 2 -1 1 -2 0 2 -1 1 -2 0 2 -1 1 -2 0 2 -1 1 -2 0 2 -1 1 -2 0 2 -1 1 -2 0 2 -1 1 -2 0 2 -1 1 -2 0 2 -1 1 -2 0 2 -1 1 -2 0 2 -1 1 -2 0 2 -1 1 -2 0 2 -1 1 -2 0 2 -1 1 -2 0 2 -1 1 -2 0 2 -1 1 -2 0 2 -1 1 -2 0 2 602 1 -2 0 2 -1 1 -2 0 2 -1 1 -2 0 2 -1 1 -2 0 2 -1 1 -2 0 2 -1 1 -2 0 2 -1 1 -2 0 2 -1 1 -2 0 2 -1 1 -2 0 2 -1 1 -2 0 2 -1 1 -2 0 2 -1 1 -2 0 2 -1 1 -2 0 2 -1 1 -2 0 2 -1 1 -2 0 2 -1 1 -2 0 2 -1 1 -2 0 2 -1 1 -2 0 2 -1 1 -2 0 2 -1 1 -2 0 2 -1 1 -2 0 2 -1 1 -2 0 2 -1 1 -2 0 2 -1 1 -2 0 2 -1 1 -2 0 2 -1 1 -2 0 2 -1 1 -2 0 2 -1 1 -2 0 2 -1 1 -2 0 2 -1 1 -2 0 2 -1 1 -2 0 2 -1 1 -2 0 2 -1 1 -2 0 2 -1 1 -2 0 2 -1 1 -2 0 2 -1 1 -2 0 2 -1 1 -2 0 2 -1 1 -2 0 2 -1 1 -2 0 2 -1 1 -2 0 2 -1 1 -2 0 2 -1 1 -2 0 2 -1 1 -2 0 2 -1 1 -2 0 2 -1 1 -2 0 2 -1 1 -2 0 2 -1 1 -2 0 2 -1 1 -2 0 2 -1 1 -2 0 2 -1 1 -2 0 2 -1 1 -2 0 2 -1 1 -2 0 2 -1 1 -2 0 2 -1 1 -2 0 2 -1 1 -2 0 2 -1 1 -2 0 2 -1 1 -2 0 2 -1 1 -2 0 2 -1 1 -2 0 2 -1 1 -2 0 2 -1
-2 1 -1 2 0 -2 1 -1 2 0 -2 1 -1 2 0 -2 1 -1 2 0 -2 1 -1 2 0 -2 1 -1 2 0 -2 1 -1 2 0 -2 1 -1 2 0 -2 1 -1 2 0 -2 1 -1 2 0 -2 1 -1 2 0 -2 1 -1 2 0 -2 1 -1 2 0 -2 1 -1 2 0 -2 1 -1 2 0 -2 1 -1 2 0 -2 1 -1 2 0 -2 1 -1 2 0 -2 1 -1 2 0 -2 1 -1 2 0 -2 1 -1 2 0 -2 1 -1 2 0 -2 1 -1 2 0 -2 1 -1 2 0 -2 1 -1 2 0 -2 1 -1 2 0 -2 1 -1 2 0 -2 1 -1 2 0 -2 1 -1 2 0 -2 1 -1 2 0 -2 1 -1 2 0 -2 1 -1 2 0 -2 1 -1 2 0 -2 1 -1 2 0 -2 1 -1 2 0 -2 1 -1 2 0 -2 1 -1 2 0 -2 1 -1 2 0 -2 1 -1 2 0 -2 1 -1 2 0 601 1 -1 2 0 -2 1 -1 2 0 -2 1 -1 2 0 -2 1 -1 2 0 -2 1 -1 2 0 -2 1 -1 2 0 -2 1 -1 2 0 -2 1 -1 2 0 -2 1 -1 2 0 -2 1 -1 2 0 -2 1 -1 2 0 -2 1 -1 2 0 -2 1 -1 2 0 -2 1 -1 2 0 -2 1 -1 2 0 -2 1 -1 2 0 -2 1 -1 2 0 -2 1 -1 2 0 -2 1 -1 2 0 -2 1 -1 2 0 -2 1 -1 2 0 -2 1 -1 2 0 -2 1 -1 2 0 -2 1 -1 2 0 -2 1 -1 2 0 -2 1 -1 2 0 -2 1 -1 2 0 -2 1 -1 2 0 -2 1 -1 2 0 -2 1 -1 2 0 -2 1 -1 2 0 -2 1 -1 2 0 -2 1 -1 2 0 -2 1 -1 2 0 -2 1 -1 2 0 -2 1 -1 2 0 -2 1 -1 2 0 -2 1 -1 2 0 -2 1 -1 2 0 -2 1 -1 2 0 -2 1 -1 2 0 -2 1 -1 2 0 -2 1 -1 2 0 -2 1 -1 2 0 -2 1 -1 2 0 -2 1 -1 2 0 -2 1 -1 2 0 -2 1 -1 2 0 -2 1 -1 2 0 -2 1 -1 2 0 -2 1 -1 2 0 -2 1 -1 2 0 -2 1 -1 2 0 -2 1 -1 2 0 -2 1 -1 2 0 -2 1 -1 2 0 -2 1 -1 2 0 -2 1 -1 2 0 -2 1 -1 2 0 -2 1 -1 2 0
0 -1 -2 2 1 0 -1 -2 2 1 0 -1 -2 2 1 0 -1 -2 2 1 0 -1 -2 2 1 0 -1 -2 2 1 0 -1 -2 2 1 0 -1 -2 2 1 0 -1 -2 2 1 0 -1 -2 2 1 0 -1 -2 2 1 0 -1 -2 2 1 0 -1 -2 2 1 0 -1 -2 2 1 0 -1 -2 2 1 0 -1 -2 2 1 0 -1 -2 2 1 0 -1 -2 2 1 0 -1 -2 2 1 0 -1 -2 2 1 0 -1 -2 2 1 0 -1 -2 2 1 0 -1 -2 2 1 0 -1 -2 2 1 0 -1 -2 2 1 0 -1 -2 2 1 0 -1 -2 2 1 0 -1 -2 2 1 0 -1 -2 2 1 0 -1 -2 2 1 0 -1 -2 2 1 0 -1 -2 2 1 0 -1 -2 2 1 0 -1 -2 2 1 0 -1 -2 2 1 0 -1 -2 2 1 0 -1 -2 2 1 0 -1 -2 2 1 0 -1 -2 2 1 0 -1 -2 2 1 0 602 -2 2 1 0 -1 -2 2 1 0 -1 -2 2 1 0 -1 -2 2 1 0 -1 -2 2 1 0 -1 -2 2 1 0 -1 -2 2 1 0 -1 -2 2 1 0 -1 -2 2 1 0 -1 -2 2 1 0 -1 -2 2 1 0 -1 -2 2 1 0 -1 -2 2 1 0 -1 -2 2 1 0 -1 -2 2 1 0 -1 -2 2 1 0 -1 -2 2 1 0 -1 -2 2 1 0 -1 -2 2 1 0 -1 -2 2 1 0 -1 -2 2 1 0 -1 -2 2 1 0 -1 -2 2 1 0 -1 -2 2 1 0 -1 -2 2 1 0 -1 -2 2 1 0 -1 -2 2 1 0 -1 -2 2 1 0 -1 -2 2 1 0 -1 -2 2 1 0 -1 -2 2 1 0 -1 -2 2 1 0 -1 -2 2 1 0 -1 -2 2 1 0 -1 -2 2 1 0 -1 -2 2 1 0 -1 -2 2 1 0 -1 -2 2 1 0 -1 -2 2 1 0 -1 -2 2 1 0 -1 -2 2 1 0 -1 -2 2 1 0 -1 -2 2 1 0 -1 -2 2 1 0 -1 -2 2 1 0 -1 -2 2 1 0 -1 -2 2 1 0 -1 -2 2 1 0 -1 -2 2 1 0 -1 -2 2 1 0 -1 -2 2 1 0 -1 -2 2 1 0 -1 -2 2 1 0 -1 -2 2 1 0 -1 -2 2 1 0 -1 -2 2 1 0 -1 -2 2 1 0 -1 -2 2 1 0 -1 -2 2 1 0 -1 -2 2 1
2 2 2 2 2 2 2 2 2 2 2 2 2 2 2 2 2 2 2 2 2 2 2 2 2 2 2 2 2 2 2 2 2 2 2 2 2 2 2 2 2 2 2 2 2 2 2 2 2 2 2 2 2 2 2 2 2 2 2 2 2 2 2 2 2 2 2 2 2 2 2 2 2 2 2 2 2 2 2 2 2 2 2 2 2 2 2 2 2 2 2 2 2 2 2 2 2 2 2 2 2 2 2 2 2 2 2 2 2 2 2 2 2 2 2 2 2 2 2 2 2 2 2 2 2 2 2 2 2 2 2 2 2 2 2 2 2 2 2 2 2 2 2 2 2 2 2 2 2 2 2 2 2 2 2 2 2 2 2 2 2 2 2 2 2 2 2 2 2 2 2 2 2 2 2 2 2 2 2 2 2 2 2 2 2 2 2 2 2 2 2 2 2 2 2 2 2 2 2 2 2 2 1001 2 2 2 2 2 2 2 2 2 2 2 2 2 2 2 2 2 2 2 2 2 2 2 2 2 2 2 2 2 2 2 2 2 2 2 2 2 2 2 2 2 2 2 2 2 2 2 2 2 2 2 2 2 2 2 2 2 2 2 2 2 2 2 2 2 2 2 2 2 2 2 2 2 2 2 2 2 2 2 2 2 2 2 2 2 2 2 2 2 2 2 2 2 2 2 2 2 2 2 2 2 2 2 2 2 2 2 2 2 2 2 2 2 2 2 2 2 2 2 2 2 2 2 2 2 2 2 2 2 2 2 2 2 2 2 2 2 2 2 2 2 2 2 2 2 2 2 2 2 2 2 2 2 2 2 2 2 2 2 2 2 2 2 2 2 2 2 2 2 2 2 2 2 2 2 2 2 2 2 2 2 2 2 2 2 2 2 2 2 2 2 2 2 2 2 2 2 2 2 2 2 2 2 2 2 2 2 2 2 2 2 2 2 2 2 2 2 2 2 2 2 2 2 2 2 2 2 2 2 2 2 2 2 2 2 2 2 2 2 2 2 2 2 2 2 2 2 2 2 2 2 2 2 2 2 2 2 2 2 2 2 2 2 2 2 2 2 2 2 2 2 2 2 2 2 2 2 2 2 2 2 2 2 2 2 2 2 2 2 2 2 2 2 2 2 2 2
-1 0 1 2 -2 -1 0 1 2 -2 -1 0 1 2 -2 -1 0 1 2 -2 -1 0 1 2 -2 -1 0 1 2 -2 -1 0 1 2 -2 -1 0 1 2 -2 -1 0 1 2 -2 -1 0 1 2 -2 -1 0 1 2 -2 -1 0 1 2 -2 -1 0 1 2 -2 -1 0 1 2 -2 -1 0 1 2 -2 -1 0 1 2 -2 -1 0 1 2 -2 -1 0 1 2 -2 -1 0 1 2 -2 -1 0 1 2 -2 -1 0 1 2 -2 -1 0 1 2 -2 -1 0 1 2 -2 -1 0 1 2 -2 -1 0 1 2 -2 -1 0 1 2 -2 -1 0 1 2 -2 -1 0 1 2 -2 -1 0 1 2 -2 -1 0 1 2 -2 -1 0 1 2 -2 -1 0 1 2 -2 -1 0 1 2 -2 -1 0 1 2 -2 -1 0 1 2 -2 -1 0 1 2 -2 -1 0 1 2 -2 -1 0 1 2 -2 -1 0 1 2 -2 -1 0 1 2 -2 -1 0 1 601 -2 -1 0 1 2 -2 -1 0 1 2 -2 -1 0 1 2 -2 -1 0 1 2 -2 -1 0 1 2 -2 -1 0 1 2 -2 -1 0 1 2 -2 -1 0 1 2 -2 -1 0 1 2 -2 -1 0 1 2 -2 -1 0 1 2 -2 -1 0 1 2 -2 -1 0 1 2 -2 -1 0 1 2 -2 -1 0 1 2 -2 -1 0 1 2 -2 -1 0 1 2 -2 -1 0 1 2 -2 -1 0 1 2 -2 -1 0 1 2 -2 -1 0 1 2 -2 -1 0 1 2 -2 -1 0 1 2 -2 -1 0 1 2 -2 -1 0 1 2 -2 -1 0 1 2 -2 -1 0 1 2 -2 -1 0 1 2 -2 -1 0 1 2 -2 -1 0 1 2 -2 -1 0 1 2 -2 -1 0 1 2 -2 -1 0 1 2 -2 -1 0 1 2 -2 -1 0 1 2 -2 -1 0 1 2 -2 -1 0 1 2 -2 -1 0 1 2 -2 -1 0 1 2 -2 -1 0 1 2 -2 -1 0 1 2 -2 -1 0 1 2 -2 -1 0 1 2 -2 -1 0 1 2 -2 -1 0 1 2 -2 -1 0 1 2 -2 -1 0 1 2 -2 -1 0 1 2 -2 -1 0 1 2 -2 -1 0 1 2 -2 -1 0 1 2 -2 -1 0 1 2 -2 -1 0 1 2 -2 -1 0 1 2 -2 -1 0 1 2 -2 -1 0 1 2 -2 -1 0 1 2 -2 -1 0 1 2 -2 -1 0 1 2 -2
1 -2 0 2 -1 1 -2 0 2 -1 1 -2 0 2 -1 1 -2 0 2 -1 1 -2 0 2 -1 1 -2 0 2 -1 1 -2 0 2 -1 1 -2 0 2 -1 1 -2 0 2 -1 1 -2 0 2 -1 1 -2 0 2 -1 1 -2 0 2 -1 1 -2 0 2 -1 1 -2 0 2 -1 1 -2 0 2 -1 1 -2 0 2 -1 1 -2 0 2 -1 1 -2 0 2 -1 1 -2 0 2 -1 1 -2 0 2 -1 1 -2 0 2 -1 1 -2 0 2 -1 1 -2 0 2 -1 1 -2 0 2 -1 1 -2 0 2 -1 1 -2 0 2 -1 1 -2 0 2 -1 1 -2 0 2 -1 1 -2 0 2 -1 1 -2 0 2 -1 1 -2 0 2 -1 1 -2 0 2 -1 1 -2 0 2 -1 1 -2 0 2 -1 1 -2 0 2 -1 1 -2 0 2 -1 1 -2 0 2 -1 1 -2 0 2 -1 1 -2 0 2 -1 1 -2 0 2 -1 1 -2 0 2 602 1 -2 0 2 -1 1 -2 0 2 -1 1 -2 0 2 -1 1 -2 0 2 -1 1 -2 0 2 -1 1 -2 0 2 -1 1 -2 0 2 -1 1 -2 0 2 -1 1 -2 0 2 -1 1 -2 0 2 -1 1 -2 0 2 -1 1 -2 0 2 -1 1 -2 0 2 -1 1 -2 0 2 -1 1 -2 0 2 -1 1 -2 0 2 -1 1 -2 0 2 -1 1 -2 0 2 -1 1 -2 0 2 -1 1 -2 0 2 -1 1 -2 0 2 -1 1 -2 0 2 -1 1 -2 0 2 -1 1 -2 0 2 -1 1 -2 0 2 -1 1 -2 0 2 -1 1 -2 0 2 -1 1 -2 0 2 -1 1 -2 0 2 -1 1 -2 0 2 -1 1 -2 0 2 -1 1 -2 0 2 -1 1 -2 0 2 -1 1 -2 0 2 -1 1 -2 0 2 -1 1 -2 0 2 -1 1 -2 0 2 -1 1 -2 0 2 -1 1 -2 0 2 -1 1 -2 0 2 -1 1 -2 0 2 -1 1 -2 0 2 -1 1 -2 0 2 -1 1 -2 0 2 -1 1 -2 0 2 -1 1 -2 0 2 -1 1 -2 0 2 -1 1 -2 0 2 -1 1 -2 0 2 -1 1 -2 0 2 -1 1 -2 0 2 -1 1 -2 0 2 -1 1 -2 0 2 -1 1 -2 0 2 -1 1 -2 0 2 -1 1 -2 0 2 -1 1 -2 0 2 -1 1 -2 0 2 -1 1 -2 0 2 -1
-2 1 -1 2 0 -2 1 -1 2 0 -2 1 -1 2 0 -2 1 -1 2 0 -2 1 -1 2 0 -2 1 -1 2 0 -2 1 -1 2 0 -2 1 -1 2 0 -2 1 -1 2 0 -2 1 -1 2 0 -2 1 -1 2 0 -2 1 -1 2 0 -2 1 -1 2 0 -2 1 -1 2 0 -2 1 -1 2 0 -2 1 -1 2 0 -2 1 -1 2 0 -2 1 -1 2 0 -2 1 -1 2 0 -2 1 -1 2 0 -2 1 -1 2 0 -2 1 -1 2 0 -2 1 -1 2 0 -2 1 -1 2 0 -2 1 -1 2 0 -2 1 -1 2 0 -2 1 -1 2 0 -2 1 -1 2 0 -2 1 -1 2 0 -2 1 -1 2 0 -2 1 -1 2 0 -2 1 -1 2 0 -2 1 -1 2 0 -2 1 -1 2 0 -2 1 -1 2 0 -2 1 -1 2 0 -2 1 -1 2 0 -2 1 -1 2 0 -2 1 -1 2 0 -2 1 -1 2 0 -2 1 -1 2 0 601 1 -1 2 0 -2 1 -1 2 0 -2 1 -1 2 0 -2 1 -1 2 0 -2 1 -1 2 0 -2 1 -1 2 0 -2 1 -1 2 0 -2 1 -1 2 0 -2 1 -1 2 0 -2 1 -1 2 0 -2 1 -1 2 0 -2 1 -1 2 0 -2 1 -1 2 0 -2 1 -1 2 0 -2 1 -1 2 0 -2 1 -1 2 0 -2 1 -1 2 0 -2 1 -1 2 0 -2 1 -1 2 0 -2 1 -1 2 0 -2 1 -1 2 0 -2 1 -1 2 0 -2 1 -1 2 0 -2 1 -1 2 0 -2 1 -1 2 0 -2 1 -1 2 0 -2 1 -1 2 0 -2 1 -1 2 0 -2 1 -1 2 0 -2 1 -1 2 0 -2 1 -1 2 0 -2 1 -1 2 0 -2 1 -1 2 0 -2 1 -1 2 0 -2 1 -1 2 0 -2 1 -1 2 0 -2 1 -1 2 0 -2 1 -1 2 0 -2 1 -1 2 0 -2 1 -1 2 0 -2 1 -1 2 0 -2 1 -1 2 0 -2 1 -1 2 0 -2 1 -1 2 0 -2 1 -1 2 0 -2 1 -1 2 0 -2 1 -1 2 0 -2 1 -1 2 0 -2 1 -1 2 0 -2 1 -1 2 0 -2 1 -1 2 0 -2 1 -1 2 0 -2 1 -1 2 0 -2 1 -1 2 0 -2 1 -1 2 0 -2 1 -1 2 0 -2 1 -1 2 0 -2 1 -1 2 0 -2 1 -1 2 0
0 -1 -2 2 1 0 -1 -2 2 1 0 -1 -2 2 1 0 -1 -2 2 1 0 -1 -2 2 1 0 -1 -2 2 1 0 -1 -2 2 1 0 -1 -2 2 1 0 -1 -2 2 1 0 -1 -2 2 1 0 -1 -2 2 1 0 -1 -2 2 1 0 -1 -2 2 1 0 -1 -2 2 1 0 -1 -2 2 1 0 -1 -2 2 1 0 -1 -2 2 1 0 -1 -2 2 1 0 -1 -2 2 1 0 -1 -2 2 1 0 -1 -2 2 1 0 -1 -2 2 1 0 -1 -2 2 1 0 -1 -2 2 1 0 -1 -2 2 1 0 -1 -2 2 1 0 -1 -2 2 1 0 -1 -2 2 1 0 -1 -2 2 1 0 -1 -2 2 1 0 -1 -2 2 1 0 -1 -2 2 1 0 -1 -2 2 1 0 -1 -2 2 1 0 -1 -2 2 1 0 -1 -2 2 1 0 -1 -2 2 1 0 -1 -2 2 1 0 -1 -2 2 1 0 -1 -2 2 1 0 -1 -2 2 1 0 602 -2 2 1 0 -1 -2 2 1 0 -1 -2 2 1 0 -1 -2 2 1 0 -1 -2 2 1 0 -1 -2 2 1 0 -1 -2 2 1 0 -1 -2 2 1 0 -1 -2 2 1 0 -1 -2 2 1 0 -1 -2 2 1 0 -1 -2 2 1 0 -1 -2 2 1 0 -1 -2 2 1 0 -1 -2 2 1 0 -1 -2 2 1 0 -1 -2 2 1 0 -1 -2 2 1 0 -1 -2 2 1 0 -1 -2 2 1 0 -1 -2 2 1 0 -1 -2 2 1 0 -1 -2 2 1 0 -1 -2 2 1 0 -1 -2 2 1 0 -1 -2 2 1 0 -1 -2 2 1 0 -1 -2 2 1 0 -1 -2 2 1 0 -1 -2 2 1 0 -1 -2 2 1 0 -1 -2 2 1 0 -1 -2 2 1 0 -1 -2 2 1 0 -1 -2 2 1 0 -1 -2 2 1 0 -1 -2 2 1 0 -1 -2 2 1 0 -1 -2 2 1 0 -1 -2 2 1 0 -1 -2 2 1 0 -1 -2 2 1 0 -1 -2 2 1 0 -1 -2 2 1 0 -1 -2 2 1 0 -1 -2 2 1 0 -1 -2 2 1 0 -1 -2 2 1 0 -1 -2 2 1 0 -1 -2 2 1 0 -1 -2 2 1 0 -1 -2 2 1 0 -1 -2 2 1 0 -1 -2 2 1 0 -1 -2 2 1 0 -1 -2 2 1 0 -1 -2 2 1 0 -1 -2 2 1 0 -1 -2 2 1
2 2 2 2 2 2 2 2 2 2 2 2 2 2 2 2 2 2 2 2 2 2 2 2 2 2 2 2 2 2 2 2 2 2 2 2 2 2 2 2 2 2 2 2 2 2 2 2 2 2 2 2 2 2 2 2 2 2 2 2 2 2 2 2 2 2 2 2 2 2 2 2 2 2 2 2 2 2 2 2 2 2 2 2 2 2 2 2 2 2 2 2 2 2 2 2 2 2 2 2 2 2 2 2 2 2 2 2 2 2 2 2 2 2 2 2 2 2 2 2 2 2 2 2 2 2 2 2 2 2 2 2 2 2 2 2 2 2 2 2 2 2 2 2 2 2 2 2 2 2 2 2 2 2 2 2 2 2 2 2 2 2 2 2 2 2 2 2 2 2 2 2 2 2 2 2 2 2 2 2 2 2 2 2 2 2 2 2 2 2 2 2 2 2 2 2 2 2 2 2 2 2 2 2 2 2 2 1001 2 2 2 2 2 2 2 2 2 2 2 2 2 2 2 2 2 2 2 2 2 2 2 2 2 2 2 2 2 2 2 2 2 2 2 2 2 2 2 2 2 2 2 2 2 2 2 2 2 2 2 2 2 2 2 2 2 2 2 2 2 2 2 2 2 2 2 2 2 2 2 2 2 2 2 2 2 2 2 2 2 2 2 2 2 2 2 2 2 2 2 2 2 2 2 2 2 2 2 2 2 2 2 2 2 2 2 2 2 2 2 2 2 2 2 2 2 2 2 2 2 2 2 2 2 2 2 2 2 2 2 2 2 2 2 2 2 2 2 2 2 2 2 2 2 2 2 2 2 2 2 2 2 2 2 2 2 2 2 2 2 2 2 2 2 2 2 2 2 2 2 2 2 2 2 2 2 2 2 2 2 2 2 2 2 2 2 2 2 2 2 2 2 2 2 2 2 2 2 2 2 2 2 2 2 2 2 2 2 2 2 2 2 2 2 2 2 2 2 2 2 2 2 2 2 2 2 2 2 2 2 2 2 2 2 2 2 2 2 2 2 2 2 2 2 2 2 2 2 2 2 2 2 2 2 2 2 2 2 2 2 2 2 2 2 2 2 2 2 2 2 2 2 2 2 2 2 2 2 2 2 2 2 2 2 2 2 2 2 2 2 2
-1 0 1 2 -2 -1 0 1 2 -2 -1 0 1 2 -2 -1 0 1 2 -2 -1 0 1 2 -2 -1 0 1 2 -2 -1 0 1 2 -2 -1 0 1 2 -2 -1 0 1 2 -2 -1 0 1 2 -2 -1 0 1 2 -2 -1 0 1 2 -2 -1 0 1 2 -2 -1 0 1 2 -2 -1 0 1 2 -2 -1 0 1 2 -2 -1 0 1 2 -2 -1 0 1 2 -2 -1 0 1 2 -2 -1 0 1 2 -2 -1 0 1 2 -2 -1 0 1 2 -2 -1 0 1 2 -2 -1 0 1 2 -2 -1 0 1 2 -2 -1 0 1 2 -2 -1 0 1 2 -2 -1 0 1 2 -2 -1 0 1 2 -2 -1 0 1 2 -2 -1 0 1 2 -2 -1 0 1 2 -2 -1 0 1 2 -2 -1 0 1 2 -2 -1 0 1 2 -2 -1 0 1 2 -2 -1 0 1 2 -2 -1 0 1 2 -2 -1 0 1 2 -2 -1 0 1 2 -2 -1 0 1 2 -2 -1 0 1 601 -2 -1 0 1 2 -2 -1 0 1 2 -2 -1 0 1 2 -2 -1 0 1 2 -2 -1 0 1 2 -2 -1 0 1 2 -2 -1 0 1 2 -2 -1 0 1 2 -2 -1 0 1 2 -2 -1 0 1 2 -2 -1 0 1 2 -2 -1 0 1 2 -2 -1 0 1 2 -2 -1 0 1 2 -2 -1 0 1 2 -2 -1 0 1 2 -2 -1 0 1 2 -2 -1 0 1 2 -2 -1 0 1 2 -2 -1 0 1 2 -2 -1 0 1 2 -2 -1 0 1 2 -2 -1 0 1 2 -2 -1 0 1 2 -2 -1 0 1 2 -2 -1 0 1 2 -2 -1 0 1 2 -2 -1 0 1 2 -2 -1 0 1 2 -2 -1 0 1 2 -2 -1 0 1 2 -2 -1 0 1 2 -2 -1 0 1 2 -2 -1 0 1 2 -2 -1 0 1 2 -2 -1 0 1 2 -2 -1 0 1 2 -2 -1 0 1 2 -2 -1 0 1 2 -2 -1 0 1 2 -2 -1 0 1 2 -2 -1 0 1 2 -2 -1 0 1 2 -2 -1 0 1 2 -2 -1 0 1 2 -2 -1 0 1 2 -2 -1 0 1 2 -2 -1 0 1 2 -2 -1 0 1 2 -2 -1 0 1 2 -2 -1 0 1 2 -2 -1 0 1 2 -2 -1 0 1 2 -2 -1 0 1 2 -2 -1 0 1 2 -2 -1 0 1 2 -2 -1 0 1 2 -2 -1 0 1 2 -2
1 -2 0 2 -1 1 -2 0 2 -1 1 -2 0 2 -1 1 -2 0 2 -1 1 -2 0 2 -1 1 -2 0 2 -1 1 -2 0 2 -1 1 -2 0 2 -1 1 -2 0 2 -1 1 -2 0 2 -1 1 -2 0 2 -1 1 -2 0 2 -1 1 -2 0 2 -1 1 -2 0 2 -1 1 -2 0 2 -1 1 -2 0 2 -1 1 -2 0 2 -1 1 -2 0 2 -1 1 -2 0 2 -1 1 -2 0 2 -1 1 -2 0 2 -1 1 -2 0 2 -1 1 -2 0 2 -1 1 -2 0 2 -1 1 -2 0 2 -1 1 -2 0 2 -1 1 -2 0 2 -1 1 -2 0 2 -1 1 -2 0 2 -1 1 -2 0 2 -1 1 -2 0 2 -1 1 -2 0 2 -1 1 -2 0 2 -1 1 -2 0 2 -1 1 -2 0 2 -1 1 -2 0 2 -1 1 -2 0 2 -1 1 -2 0 2 -1 1 -2 0 2 -1 1 -2 0 2 -1 1 -2 0 2 -1 1 -2 0 2 602 1 -2 0 2 -1 1 -2 0 2 -1 1 -2 0 2 -1 1 -2 0 2 -1 1 -2 0 2 -1 1 -2 0 2 -1 1 -2 0 2 -1 1 -2 0 2 -1 1 -2 0 2 -1 1 -2 0 2 -1 1 -2 0 2 -1 1 -2 0 2 -1 1 -2 0 2 -1 1 -2 0 2 -1 1 -2 0 2 -1 1 -2 0 2 -1 1 -2 0 2 -1 1 -2 0 2 -1 1 -2 0 2 -1 1 -2 0 2 -1 1 -2 0 2 -1 1 -2 0 2 -1 1 -2 0 2 -1 1 -2 0 2 -1 1 -2 0 2 -1 1 -2 0 2 -1 1 -2 0 2 -1 1 -2 0 2 -1 1 -2 0 2 -1 1 -2 0 2 -1 1 -2 0 2 -1 1 -2 0 2 -1 1 -2 0 2 -1 1 -2 0 2 -1 1 -2 0 2 -1 1 -2 0 2 -1 1 -2 0 2 -1 1 -2 0 2 -1 1 -2 0 2 -1 1 -2 0 2 -1 1 -2 0 2 -1 1 -2 0 2 -1 1 -2 0 2 -1 1 -2 0 2 -1 1 -2 0 2 -1 1 -2 0 2 -1 1 -2 0 2 -1 1 -2 0 2 -1 1 -2 0 2 -1 1 -2 0 2 -1 1 -2 0 2 -1 1 -2 0 2 -1 1 -2 0 2 -1 1 -2 0 2 -1 1 -2 0 2 -1 1 -2 0 2 -1 1 -2 0 2 -1 1 -2 0 2 -1
-2 1 -1 2 0 -2 1 -1 2 0 -2 1 -1 2 0 -2 1 -1 2 0 -2 1 -1 2 0 -2 1 -1 2 0 -2 1 -1 2 0 -2 1 -1 2 0 -2 1 -1 2 0 -2 1 -1 2 0 -2 1 -1 2 0 -2 1 -1 2 0 -2 1 -1 2 0 -2 1 -1 2 0 -2 1 -1 2 0 -2 1 -1 2 0 -2 1 -1 2 0 -2 1 -1 2 0 -2 1 -1 2 0 -2 1 -1 2 0 -2 1 -1 2 0 -2 1 -1 2 0 -2 1 -1 2 0 -2 1 -1 2 0 -2 1 -1 2 0 -2 1 -1 2 0 -2 1 -1 2 0 -2 1 -1 2 0 -2 1 -1 2 0 -2 1 -1 2 0 -2 1 -1 2 0 -2 1 -1 2 0 -2 1 -1 2 0 -2 1 -1 2 0 -2 1 -1 2 0 -2 1 -1 2 0 -2 1 -1 2 0 -2 1 -1 2 0 -2 1 -1 2 0 -2 1 -1 2 0 -2 1 -1 2 0 -2 1 -1 2 0 601 1 -1 2 0 -2 1 -1 2 0 -2 1 -1 2 0 -2 1 -1 2 0 -2 1 -1 2 0 -2 1 -1 2 0 -2 1 -1 2 0 -2 1 -1 2 0 -2 1 -1 2 0 -2 1 -1 2 0 -2 1 -1 2 0 -2 1 -1 2 0 -2 1 -1 2 0 -2 1 -1 2 0 -2 1 -1 2 0 -2 1 -1 2 0 -2 1 -1 2 0 -2 1 -1 2 0 -2 1 -1 2 0 -2 1 -1 2 0 -2 1 -1 2 0 -2 1 -1 2 0 -2 1 -1 2 0 -2 1 -1 2 0 -2 1 -1 2 0 -2 1 -1 2 0 -2 1 -1 2 0 -2 1 -1 2 0 -2 1 -1 2 0 -2 1 -1 2 0 -2 1 -1 2 0 -2 1 -1 2 0 -2 1 -1 2 0 -2 1 -1 2 0 -2 1 -1 2 0 -2 1 -1 2 0 -2 1 -1 2 0 -2 1 -1 2 0 -2 1 -1 2 0 -2 1 -1 2 0 -2 1 -1 2 0 -2 1 -1 2 0 -2 1 -1 2 0 -2 1 -1 2 0 -2 1 -1 2 0 -2 1 -1 2 0 -2 1 -1 2 0 -2 1 -1 2 0 -2 1 -1 2 0 -2 1 -1 2 0 -2 1 -1 2 0 -2 1 -1 2 0 -2 1 -1 2 0 -2 1 -1 2 0 -2 1 -1 2 0 -2 1 -1 2 0 -2 1 -1 2 0 -2 1 -1 2 0
0 -1 -2 2 1 0 -1 -2 2 1 0 -1 -2 2 1 0 -1 -2 2 1 0 -1 -2 2 1 0 -1 -2 2 1 0 -1 -2 2 1 0 -1 -2 2 1 0 -1 -2 2 1 0 -1 -2 2 1 0 -1 -2 2 1 0 -1 -2 2 1 0 -1 -2 2 1 0 -1 -2 2 1 0 -1 -2 2 1 0 -1 -2 2 1 0 -1 -2 2 1 0 -1 -2 2 1 0 -1 -2 2 1 0 -1 -2 2 1 0 -1 -2 2 1 0 -1 -2 2 1 0 -1 -2 2 1 0 -1 -2 2 1 0 -1 -2 2 1 0 -1 -2 2 1 0 -1 -2 2 1 0 -1 -2 2 1 0 -1 -2 2 1 0 -1 -2 2 1 0 -1 -2 2 1 0 -1 -2 2 1 0 -1 -2 2 1 0 -1 -2 2 1 0 -1 -2 2 1 0 -1 -2 2 1 0 -1 -2 2 1 0 -1 -2 2 1 0 -1 -2 2 1 0 -1 -2 2 1 0 -1 -2 2 1 0 -1 -2 2 1 0 602 -2 2 1 0 -1 -2 2 1 0 -1 -2 2 1 0 -1 -2 2 1 0 -1 -2 2 1 0 -1 -2 2 1 0 -1 -2 2 1 0 -1 -2 2 1 0 -1 -2 2 1 0 -1 -2 2 1 0 -1 -2 2 1 0 -1 -2 2 1 0 -1 -2 2 1 0 -1 -2 2 1 0 -1 -2 2 1 0 -1 -2 2 1 0 -1 -2 2 1 0 -1 -2 2 1 0 -1 -2 2 1 0 -1 -2 2 1 0 -1 -2 2 1 0 -1 -2 2 1 0 -1 -2 2 1 0 -1 -2 2 1 0 -1 -2 2 1 0 -1 -2 2 1 0 -1 -2 2 1 0 -1 -2 2 1 0 -1 -2 2 1 0 -1 -2 2 1 0 -1 -2 2 1 0 -1 -2 2 1 0 -1 -2 2 1 0 -1 -2 2 1 0 -1 -2 2 1 0 -1 -2 2 1 0 -1 -2 2 1 0 -1 -2 2 1 0 -1 -2 2 1 0 -1 -2 2 1 0 -1 -2 2 1 0 -1 -2 2 1 0 -1 -2 2 1 0 -1 -2 2 1 0 -1 -2 2 1 0 -1 -2 2 1 0 -1 -2 2 1 0 -1 -2 2 1 0 -1 -2 2 1 0 -1 -2 2 1 0 -1 -2 2 1 0 -1 -2 2 1 0 -1 -2 2 1 0 -1 -2 2 1 0 -1 -2 2 1 0 -1 -2 2 1 0 -1 -2 2 1 0 -1 -2 2 1
2 2 2 2 2 2 2 2 2 2 2 2 2 2 2 2 2 2 2 2 2 2 2 2 2 2 2 2 2 2 2 2 2 2 2 2 2 2 2 2 2 2 2 2 2 2 2 2 2 2 2 2 2 2 2 2 2 2 2 2 2 2 2 2 2 2 2 2 2 2 2 2 2 2 2 2 2 2 2 2 2 2 2 2 2 2 2 2 2 2 2 2 2 2 2 2 2 2 2 2 2 2 2 2 2 2 2 2 2 2 2 2 2 2 2 2 2 2 2 2 2 2 2 2 2 2 2 2 2 2 2 2 2 2 2 2 2 2 2 2 2 2 2 2 2 2 2 2 2 2 2 2 2 2 2 2 2 2 2 2 2 2 2 2 2 2 2 2 2 2 2 2 2 2 2 2 2 2 2 2 2 2 2 2 2 2 2 2 2 2 2 2 2 2 2 2 2 2 2 2 2 2 2 2 2 2 2 2 2 2 2 2 1001 2 2 2 2 2 2 2 2 2 2 2 2 2 2 2 2 2 2 2 2 2 2 2 2 2 2 2 2 2 2 2 2 2 2 2 2 2 2 2 2 2 2 2 2 2 2 2 2 2 2 2 2 2 2 2 2 2 2 2 2 2 2 2 2 2 2 2 2 2 2 2 2 2 2 2 2 2 2 2 2 2 2 2 2 2 2 2 2 2 2 2 2 2 2 2 2 2 2 2 2 2 2 2 2 2 2 2 2 2 2 2 2 2 2 2 2 2 2 2 2 2 2 2 2 2 2 2 2 2 2 2 2 2 2 2 2 2 2 2 2 2 2 2 2 2 2 2 2 2 2 2 2 2 2 2 2 2 2 2 2 2 2 2 2 2 2 2 2 2 2 2 2 2 2 2 2 2 2 2 2 2 2 2 2 2 2 2 2 2 2 2 2 2 2 2 2 2 2 2 2 2 2 2 2 2 2 2 2 2 2 2 2 2 2 2 2 2 2 2 2 2 2 2 2 2 2 2 2 2 2 2 2 2 2 2 2 2 2 2 2 2 2 2 2 2 2 2 2 2 2 2 2 2 2 2 2 2 2 2 2 2 2 2 2 2 2 2 2 2 2 2 2 2 2 2 2 2 2 2 2 2 2 2 2 2 2 2
-1 0 1 2 -2 -1 0 1 2 -2 -1 0 1 2 -2 -1 0 1 2 -2 -1 0 1 2 -2 -1 0 1 2 -2 -1 0 1 2 -2 -1 0 1 2 -2 -1 0 1 2 -2 -1 0 1 2 -2 -1 0 1 2 -2 -1 0 1 2 -2 -1 0 1 2 -2 -1 0 1 2 -2 -1 0 1 2 -2 -1 0 1 2 -2 -1 0 1 2 -2 -1 0 1 2 -2 -1 0 1 2 -2 -1 0 1 2 -2 -1 0 1 2 -2 -1 0 1 2 -2 -1 0 1 2 -2 -1 0 1 2 -2 -1 0 1 2 -2 -1 0 1 2 -2 -1 0 1 2 -2 -1 0 1 2 -2 -1 0 1 2 -2 -1 0 1 2 -2 -1 0 1 2 -2 -1 0 1 2 -2 -1 0 1 2 -2 -1 0 1 2 -2 -1 0 1 2 -2 -1 0 1 2 -2 -1 0 1 2 -2 -1 0 1 2 -2 -1 0 1 2 -2 -1 0 1 2 -2 -1 0 1 2 -2 -1 0 1 2 -2 -1 0 1 601 -2 -1 0 1 2 -2 -1 0 1 2 -2 -1 0 1 2 -2 -1 0 1 2 -2 -1 0 1 2 -2 -1 0 1 2 -2 -1 0 1 2 -2 -1 0 1 2 -2 -1 0 1 2 -2 -1 0 1 2 -2 -1 0 1 2 -2 -1 0 1 2 -2 -1 0 1 2 -2 -1 0 1 2 -2 -1 0 1 2 -2 -1 0 1 2 -2 -1 0 1 2 -2 -1 0 1 2 -2 -1 0 1 2 -2 -1 0 1 2 -2 -1 0 1 2 -2 -1 0 1 2 -2 -1 0 1 2 -2 -1 0 1 2 -2 -1 0 1 2 -2 -1 0 1 2 -2 -1 0 1 2 -2 -1 0 1 2 -2 -1 0 1 2 -2 -1 0 1 2 -2 -1 0 1 2 -2 -1 0 1 2 -2 -1 0 1 2 -2 -1 0 1 2 -2 -1 0 1 2 -2 -1 0 1 2 -2 -1 0 1 2 -2 -1 0 1 2 -2 -1 0 1 2 -2 -1 0 1 2 -2 -1 0 1 2 -2 -1 0 1 2 -2 -1 0 1 2 -2 -1 0 1 2 -2 -1 0 1 2 -2 -1 0 1 2 -2 -1 0 1 2 -2 -1 0 1 2 -2 -1 0 1 2 -2 -1 0 1 2 -2 -1 0 1 2 -2 -1 0 1 2 -2 -1 0 1 2 -2 -1 0 1 2 -2 -1 0 1 2 -2 -1 0 1 2 -2 -1 0 1 2 -2
1 -2 0 2 -1 1 -2 0 2 -1 1 -2 0 2 -1 1 -2 0 2 -1 1 -2 0 2 -1 1 -2 0 2 -1 1 -2 0 2 -1 1 -2 0 2 -1 1 -2 0 2 -1 1 -2 0 2 -1 1 -2 0 2 -1 1 -2 0 2 -1 1 -2 0 2 -1 1 -2 0 2 -1 1 -2 0 2 -1 1 -2 0 2 -1 1 -2 0 2 -1 1 -2 0 2 -1 1 -2 0 2 -1 1 -2 0 2 -1 1 -2 0 2 -1 1 -2 0 2 -1 1 -2 0 2 -1 1 -2 0 2 -1 1 -2 0 2 -1 1 -2 0 2 -1 1 -2 0 2 -1 1 -2 0 2 -1 1 -2 0 2 -1 1 -2 0 2 -1 1 -2 0 2 -1 1 -2 0 2 -1 1 -2 0 2 -1 1 -2 0 2 -1 1 -2 0 2 -1 1 -2 0 2 -1 1 -2 0 2 -1 1 -2 0 2 -1 1 -2 0 2 -1 1 -2 0 2 -1 1 -2 0 2 -1 1 -2 0 2 -1 1 -2 0 2 602 1 -2 0 2 -1 1 -2 0 2 -1 1 -2 0 2 -1 1 -2 0 2 -1 1 -2 0 2 -1 1 -2 0 2 -1 1 -2 0 2 -1 1 -2 0 2 -1 1 -2 0 2 -1 1 -2 0 2 -1 1 -2 0 2 -1 1 -2 0 2 -1 1 -2 0 2 -1 1 -2 0 2 -1 1 -2 0 2 -1 1 -2 0 2 -1 1 -2 0 2 -1 1 -2 0 2 -1 1 -2 0 2 -1 1 -2 0 2 -1 1 -2 0 2 -1 1 -2 0 2 -1 1 -2 0 2 -1 1 -2 0 2 -1 1 -2 0 2 -1 1 -2 0 2 -1 1 -2 0 2 -1 1 -2 0 2 -1 1 -2 0 2 -1 1 -2 0 2 -1 1 -2 0 2 -1 1 -2 0 2 -1 1 -2 0 2 -1 1 -2 0 2 -1 1 -2 0 2 -1 1 -2 0 2 -1 1 -2 0 2 -1 1 -2 0 2 -1 1 -2 0 2 -1 1 -2 0 2 -1 1 -2 0 2 -1 1 -2 0 2 -1 1 -2 0 2 -1 1 -2 0 2 -1 1 -2 0 2 -1 1 -2 0 2 -1 1 -2 0 2 -1 1 -2 0 2 -1 1 -2 0 2 -1 1 -2 0 2 -1 1 -2 0 2 -1 1 -2 0 2 -1 1 -2 0 2 -1 1 -2 0 2 -1 1 -2 0 2 -1 1 -2 0 2 -1 1 -2 0 2 -1
-2 1 -1 2 0 -2 1 -1 2 0 -2 1 -1 2 0 -2 1 -1 2 0 -2 1 -1 2 0 -2 1 -1 2 0 -2 1 -1 2 0 -2 1 -1 2 0 -2 1 -1 2 0 -2 1 -1 2 0 -2 1 -1 2 0 -2 1 -1 2 0 -2 1 -1 2 0 -2 1 -1 2 0 -2 1 -1 2 0 -2 1 -1 2 0 -2 1 -1 2 0 -2 1 -1 2 0 -2 1 -1 2 0 -2 1 -1 2 0 -2 1 -1 2 0 -2 1 -1 2 0 -2 1 -1 2 0 -2 1 -1 2 0 -2 1 -1 2 0 -2 1 -1 2 0 -2 1 -1 2 0 -2 1 -1 2 0 -2 1 -1 2 0 -2 1 -1 2 0 -2 1 -1 2 0 -2 1 -1 2 0 -2 1 -1 2 0 -2 1 -1 2 0 -2 1 -1 2 0 -2 1 -1 2 0 -2 1 -1 2 0 -2 1 -1 2 0 -2 1 -1 2 0 -2 1 -1 2 0 -2 1 -1 2 0 -2 1 -1 2 0 -2 1 -1 2 0 601 1 -1 2 0 -2 1 -1 2 0 -2 1 -1 2 0 -2 1 -1 2 0 -2 1 -1 2 0 -2 1 -1 2 0 -2 1 -1 2 0 -2 1 -1 2 0 -2 1 -1 2 0 -2 1 -1 2 0 -2 1 -1 2 0 -2 1 -1 2 0 -2 1 -1 2 0 -2 1 -1 2 0 -2 1 -1 2 0 -2 1 -1 2 0 -2 1 -1 2 0 -2 1 -1 2 0 -2 1 -1 2 0 -2 1 -1 2 0 -2 1 -1 2 0 -2 1 -1 2 0 -2 1 -1 2 0 -2 1 -1 2 0 -2 1 -1 2 0 -2 1 -1 2 0 -2 1 -1 2 0 -2 1 -1 2 0 -2 1 -1 2 0 -2 1 -1 2 0 -2 1 -1 2 0 -2 1 -1 2 0 -2 1 -1 2 0 -2 1 -1 2 0 -2 1 -1 2 0 -2 1 -1 2 0 -2 1 -1 2 0 -2 1 -1 2 0 -2 1 -1 2 0 -2 1 -1 2 0 -2 1 -1 2 0 -2 1 -1 2 0 -2 1 -1 2 0 -2 1 -1 2 0 -2 1 -1 2 0 -2 1 -1 2 0 -2 1 -1 2 0 -2 1 -1 2 0 -2 1 -1 2 0 -2 1 -1 2 0 -2 1 -1 2 0 -2 1 -1 2 0 -2 1 -1 2 0 -2 1 -1 2 0 -2 1 -1 2 0 -2 1 -1 2 0 -2 1 -1 2 0
0 -1 -2 2 1 0 -1 -2 2 1 0 -1 -2 2 1 0 -1 -2 2 1 0 -1 -2 2 1 0 -1 -2 2 1 0 -1 -2 2 1 0 -1 -2 2 1 0 -1 -2 2 1 0 -1 -2 2 1 0 -1 -2 2 1 0 -1 -2 2 1 0 -1 -2 2 1 0 -1 -2 2 1 0 -1 -2 2 1 0 -1 -2 2 1 0 -1 -2 2 1 0 -1 -2 2 1 0 -1 -2 2 1 0 -1 -2 2 1 0 -1 -2 2 1 0 -1 -2 2 1 0 -1 -2 2 1 0 -1 -2 2 1 0 -1 -2 2 1 0 -1 -2 2 1 0 -1 -2 2 1 0 -1 -2 2 1 0 -1 -2 2 1 0 -1 -2 2 1 0 -1 -2 2 1 0 -1 -2 2 1 0 -1 -2 2 1 0 -1 -2 2 1 0 -1 -2 2 1 0 -1 -2 2 1 0 -1 -2 2 1 0 -1 -2 2 1 0 -1 -2 2 1 0 -1 -2 2 1 0 -1 -2 2 1 0 -1 -2 2 1 0 -1 -2 2 1 0 602 -2 2 1 0 -1 -2 2 1 0 -1 -2 2 1 0 -1 -2 2 1 0 -1 -2 2 1 0 -1 -2 2 1 0 -1 -2 2 1 0 -1 -2 2 1 0 -1 -2 2 1 0 -1 -2 2 1 0 -1 -2 2 1 0 -1 -2 2 1 0 -1 -2 2 1 0 -1 -2 2 1 0 -1 -2 2 1 0 -1 -2 2 1 0 -1 -2 2 1 0 -1 -2 2 1 0 -1 -2 2 1 0 -1 -2 2 1 0 -1 -2 2 1 0 -1 -2 2 1 0 -1 -2 2 1 0 -1 -2 2 1 0 -1 -2 2 1 0 -1 -2 2 1 0 -1 -2 2 1 0 -1 -2 2 1 0 -1 -2 2 1 0 -1 -2 2 1 0 -1 -2 2 1 0 -1 -2 2 1 0 -1 -2 2 1 0 -1 -2 2 1 0 -1 -2 2 1 0 -1 -2 2 1 0 -1 -2 2 1 0 -1 -2 2 1 0 -1 -2 2 1 0 -1 -2 2 1 0 -1 -2 2 1 0 -1 -2 2 1 0 -1 -2 2 1 0 -1 -2 2 1 0 -1 -2 2 1 0 -1 -2 2 1 0 -1 -2 2 1 0 -1 -2 2 1 0 -1 -2 2 1 0 -1 -2 2 1 0 -1 -2 2 1 0 -1 -2 2 1 0 -1 -2 2 1 0 -1 -2 2 1 0 -1 -2 2 1 0 -1 -2 2 1 0 -1 -2 2 1
2 2 2 2 2 2 2 2 2 2 2 2 2 2 2 2 2 2 2 2 2 2 2 2 2 2 2 2 2 2 2 2 2 2 2 2 2 2 2 2 2 2 2 2 2 2 2 2 2 2 2 2 2 2 2 2 2 2 2 2 2 2 2 2 2 2 2 2 2 2 2 2 2 2 2 2 2 2 2 2 2 2 2 2 2 2 2 2 2 2 2 2 2 2 2 2 2 2 2 2 2 2 2 2 2 2 2 2 2 2 2 2 2 2 2 2 2 2 2 2 2 2 2 2 2 2 2 2 2 2 2 2 2 2 2 2 2 2 2 2 2 2 2 2 2 2 2 2 2 2 2 2 2 2 2 2 2 2 2 2 2 2 2 2 2 2 2 2 2 2 2 2 2 2 2 2 2 2 2 2 2 2 2 2 2 2 2 2 2 2 2 2 2 2 2 2 2 2 2 2 2 2 2 2 2 2 2 2 2 2 2 2 2 2 2 2 2 1001 2 2 2 2 2 2 2 2 2 2 2 2 2 2 2 2 2 2 2 2 2 2 2 2 2 2 2 2 2 2 2 2 2 2 2 2 2 2 2 2 2 2 2 2 2 2 2 2 2 2 2 2 2 2 2 2 2 2 2 2 2 2 2 2 2 2 2 2 2 2 2 2 2 2 2 2 2 2 2 2 2 2 2 2 2 2 2 2 2 2 2 2 2 2 2 2 2 2 2 2 2 2 2 2 2 2 2 2 2 2 2 2 2 2 2 2 2 2 2 2 2 2 2 2 2 2 2 2 2 2 2 2 2 2 2 2 2 2 2 2 2 2 2 2 2 2 2 2 2 2 2 2 2 2 2 2 2 2 2 2 2 2 2 2 2 2 2 2 2 2 2 2 2 2 2 2 2 2 2 2 2 2 2 2 2 2 2 2 2 2 2 2 2 2 2 2 2 2 2 2 2 2 2 2 2 2 2 2 2 2 2 2 2 2 2 2 2 2 2 2 2 2 2 2 2 2 2 2 2 2 2 2 2 2 2 2 2 2 2 2 2 2 2 2 2 2 2 2 2 2 2 2 2 2 2 2 2 2 2 2 2 2 2 2 2 2 2 2 2 2 2 2 2 2 2 2 2 2 2 2 2 2
-1 0 1 2 -2 -1 0 1 2 -2 -1 0 1 2 -2 -1 0 1 2 -2 -1 0 1 2 -2 -1 0 1 2 -2 -1 0 1 2 -2 -1 0 1 2 -2 -1 0 1 2 -2 -1 0 1 2 -2 -1 0 1 2 -2 -1 0 1 2 -2 -1 0 1 2 -2 -1 0 1 2 -2 -1 0 1 2 -2 -1 0 1 2 -2 -1 0 1 2 -2 -1 0 1 2 -2 -1 0 1 2 -2 -1 0 1 2 -2 -1 0 1 2 -2 -1 0 1 2 -2 -1 0 1 2 -2 -1 0 1 2 -2 -1 0 1 2 -2 -1 0 1 2 -2 -1 0 1 2 -2 -1 0 1 2 -2 -1 0 1 2 -2 -1 0 1 2 -2 -1 0 1 2 -2 -1 0 1 2 -2 -1 0 1 2 -2 -1 0 1 2 -2 -1 0 1 2 -2 -1 0 1 2 -2 -1 0 1 2 -2 -1 0 1 2 -2 -1 0 1 2 -2 -1 0 1 2 -2 -1 0 1 2 -2 -1 0 1 2 -2 -1 0 1 2 -2 -1 0 1 601 -2 -1 0 1 2 -2 -1 0 1 2 -2 -1 0 1 2 -2 -1 0 1 2 -2 -1 0 1 2 -2 -1 0 1 2 -2 -1 0 1 2 -2 -1 0 1 2 -2 -1 0 1 2 -2 -1 0 1 2 -2 -1 0 1 2 -2 -1 0 1 2 -2 -1 0 1 2 -2 -1 0 1 2 -2 -1 0 1 2 -2 -1 0 1 2 -2 -1 0 1 2 -2 -1 0 1 2 -2 -1 0 1 2 -2 -1 0 1 2 -2 -1 0 1 2 -2 -1 0 1 2 -2 -1 0 1 2 -2 -1 0 1 2 -2 -1 0 1 2 -2 -1 0 1 2 -2 -1 0 1 2 -2 -1 0 1 2 -2 -1 0 1 2 -2 -1 0 1 2 -2 -1 0 1 2 -2 -1 0 1 2 -2 -1 0 1 2 -2 -1 0 1 2 -2 -1 0 1 2 -2 -1 0 1 2 -2 -1 0 1 2 -2 -1 0 1 2 -2 -1 0 1 2 -2 -1 0 1 2 -2 -1 0 1 2 -2 -1 0 1 2 -2 -1 0 1 2 -2 -1 0 1 2 -2 -1 0 1 2 -2 -1 0 1 2 -2 -1 0 1 2 -2 -1 0 1 2 -2 -1 0 1 2 -2 -1 0 1 2 -2 -1 0 1 2 -2 -1 0 1 2 -2 -1 0 1 2 -2 -1 0 1 2 -2 -1 0 1 2 -2 -1 0 1 2 -2
1 -2 0 2 -1 1 -2 0 2 -1 1 -2 0 2 -1 1 -2 0 2 -1 1 -2 0 2 -1 1 -2 0 2 -1 1 -2 0 2 -1 1 -2 0 2 -1 1 -2 0 2 -1 1 -2 0 2 -1 1 -2 0 2 -1 1 -2 0 2 -1 1 -2 0 2 -1 1 -2 0 2 -1 1 -2 0 2 -1 1 -2 0 2 -1 1 -2 0 2 -1 1 -2 0 2 -1 1 -2 0 2 -1 1 -2 0 2 -1 1 -2 0 2 -1 1 -2 0 2 -1 1 -2 0 2 -1 1 -2 0 2 -1 1 -2 0 2 -1 1 -2 0 2 -1 1 -2 0 2 -1 1 -2 0 2 -1 1 -2 0 2 -1 1 -2 0 2 -1 1 -2 0 2 -1 1 -2 0 2 -1 1 -2 0 2 -1 1 -2 0 2 -1 1 -2 0 2 -1 1 -2 0 2 -1 1 -2 0 2 -1 1 -2 0 2 -1 1 -2 0 2 -1 1 -2 0 2 -1 1 -2 0 2 -1 1 -2 0 2 -1 1 -2 0 2 -1 1 -2 0 2 602 1 -2 0 2 -1 1 -2 0 2 -1 1 -2 0 2 -1 1 -2 0 2 -1 1 -2 0 2 -1 1 -2 0 2 -1 1 -2 0 2 -1 1 -2 0 2 -1 1 -2 0 2 -1 1 -2 0 2 -1 1 -2 0 2 -1 1 -2 0 2 -1 1 -2 0 2 -1 1 -2 0 2 -1 1 -2 0 2 -1 1 -2 0 2 -1 1 -2 0 2 -1 1 -2 0 2 -1 1 -2 0 2 -1 1 -2 0 2 -1 1 -2 0 2 -1 1 -2 0 2 -1 1 -2 0 2 -1 1 -2 0 2 -1 1 -2 0 2 -1 1 -2 0 2 -1 1 -2 0 2 -1 1 -2 0 2 -1 1 -2 0 2 -1 1 -2 0 2 -1 1 -2 0 2 -1 1 -2 0 2 -1 1 -2 0 2 -1 1 -2 0 2 -1 1 -2 0 2 -1 1 -2 0 2 -1 1 -2 0 2 -1 1 -2 0 2 -1 1 -2 0 2 -1 1 -2 0 2 -1 1 -2 0 2 -1 1 -2 0 2 -1 1 -2 0 2 -1 1 -2 0 2 -1 1 -2 0 2 -1 1 -2 0 2 -1 1 -2 0 2 -1 1 -2 0 2 -1 1 -2 0 2 -1 1 -2 0 2 -1 1 -2 0 2 -1 1 -2 0 2 -1 1 -2 0 2 -1 1 -2 0 2 -1 1 -2 0 2 -1 1 -2 0 2 -1
-2 1 -1 2 0 -2 1 -1 2 0 -2 1 -1 2 0 -2 1 -1 2 0 -2 1 -1 2 0 -2 1 -1 2 0 -2 1 -1 2 0 -2 1 -1 2 0 -2 1 -1 2 0 -2 1 -1 2 0 -2 1 -1 2 0 -2 1 -1 2 0 -2 1 -1 2 0 -2 1 -1 2 0 -2 1 -1 2 0 -2 1 -1 2 0 -2 1 -1 2 0 -2 1 -1 2 0 -2 1 -1 2 0 -2 1 -1 2 0 -2 1 -1 2 0 -2 1 -1 2 0 -2 1 -1 2 0 -2 1 -1 2 0 -2 1 -1 2 0 -2 1 -1 2 0 -2 1 -1 2 0 -2 1 -1 2 0 -2 1 -1 2 0 -2 1 -1 2 0 -2 1 -1 2 0 -2 1 -1 2 0 -2 1 -1 2 0 -2 1 -1 2 0 -2 1 -1 2 0 -2 1 -1 2 0 -2 1 -1 2 0 -2 1 -1 2 0 -2 1 -1 2 0 -2 1 -1 2 0 -2 1 -1 2 0 -2 1 -1 2 0 -2 1 -1 2 0 -2 1 -1 2 0 601 1 -1 2 0 -2 1 -1 2 0 -2 1 -1 2 0 -2 1 -1 2 0 -2 1 -1 2 0 -2 1 -1 2 0 -2 1 -1 2 0 -2 1 -1 2 0 -2 1 -1 2 0 -2 1 -1 2 0 -2 1 -1 2 0 -2 1 -1 2 0 -2 1 -1 2 0 -2 1 -1 2 0 -2 1 -1 2 0 -2 1 -1 2 0 -2 1 -1 2 0 -2 1 -1 2 0 -2 1 -1 2 0 -2 1 -1 2 0 -2 1 -1 2 0 -2 1 -1 2 0 -2 1 -1 2 0 -2 1 -1 2 0 -2 1 -1 2 0 -2 1 -1 2 0 -2 1 -1 2 0 -2 1 -1 2 0 -2 1 -1 2 0 -2 1 -1 2 0 -2 1 -1 2 0 -2 1 -1 2 0 -2 1 -1 2 0 -2 1 -1 2 0 -2 1 -1 2 0 -2 1 -1 2 0 -2 1 -1 2 0 -2 1 -1 2 0 -2 1 -1 2 0 -2 1 -1 2 0 -2 1 -1 2 0 -2 1 -1 2 0 -2 1 -1 2 0 -2 1 -1 2 0 -2 1 -1 2 0 -2 1 -1 2 0 -2 1 -1 2 0 -2 1 -1 2 0 -2 1 -1 2 0 -2 1 -1 2 0 -2 1 -1 2 0 -2 1 -1 2 0 -2 1 -1 2 0 -2 1 -1 2 0 -2 1 -1 2 0 -2 1 -1 2 0
0 -1 -2 2 1 0 -1 -2 2 1 0 -1 -2 2 1 0 -1 -2 2 1 0 -1 -2 2 1 0 -1 -2 2 1 0 -1 -2 2 1 0 -1 -2 2 1 0 -1 -2 2 1 0 -1 -2 2 1 0 -1 -2 2 1 0 -1 -2 2 1 0 -1 -2 2 1 0 -1 -2 2 1 0 -1 -2 2 1 0 -1 -2 2 1 0 -1 -2 2 1 0 -1 -2 2 1 0 -1 -2 2 1 0 -1 -2 2 1 0 -1 -2 2 1 0 -1 -2 2 1 0 -1 -2 2 1 0 -1 -2 2 1 0 -1 -2 2 1 0 -1 -2 2 1 0 -1 -2 2 1 0 -1 -2 2 1 0 -1 -2 2 1 0 -1 -2 2 1 0 -1 -2 2 1 0 -1 -2 2 1 0 -1 -2 2 1 0 -1 -2 2 1 0 -1 -2 2 1 0 -1 -2 2 1 0 -1 -2 2 1 0 -1 -2 2 1 0 -1 -2 2 1 0 -1 -2 2 1 0 -1 -2 2 1 0 -1 -2 2 1 0 -1 -2 2 1 0 -1 -2 2 1 0 602 -2 2 1 0 -1 -2 2 1 0 -1 -2 2 1 0 -1 -2 2 1 0 -1 -2 2 1 0 -1 -2 2 1 0 -1 -2 2 1 0 -1 -2 2 1 0 -1 -2 2 1 0 -1 -2 2 1 0 -1 -2 2 1 0 -1 -2 2 1 0 -1 -2 2 1 0 -1 -2 2 1 0 -1 -2 2 1 0 -1 -2 2 1 0 -1 -2 2 1 0 -1 -2 2 1 0 -1 -2 2 1 0 -1 -2 2 1 0 -1 -2 2 1 0 -1 -2 2 1 0 -1 -2 2 1 0 -1 -2 2 1 0 -1 -2 2 1 0 -1 -2 2 1 0 -1 -2 2 1 0 -1 -2 2 1 0 -1 -2 2 1 0 -1 -2 2 1 0 -1 -2 2 1 0 -1 -2 2 1 0 -1 -2 2 1 0 -1 -2 2 1 0 -1 -2 2 1 0 -1 -2 2 1 0 -1 -2 2 1 0 -1 -2 2 1 0 -1 -2 2 1 0 -1 -2 2 1 0 -1 -2 2 1 0 -1 -2 2 1 0 -1 -2 2 1 0 -1 -2 2 1 0 -1 -2 2 1 0 -1 -2 2 1 0 -1 -2 2 1 0 -1 -2 2 1 0 -1 -2 2 1 0 -1 -2 2 1 0 -1 -2 2 1 0 -1 -2 2 1 0 -1 -2 2 1 0 -1 -2 2 1 0 -1 -2 2 1 0 -1 -2 2 1
2 2 2 2 2 2 2 2 2 2 2 2 2 2 2 2 2 2 2 2 2 2 2 2 2 2 2 2 2 2 2 2 2 2 2 2 2 2 2 2 2 2 2 2 2 2 2 2 2 2 2 2 2 2 2 2 2 2 2 2 2 2 2 2 2 2 2 2 2 2 2 2 2 2 2 2 2 2 2 2 2 2 2 2 2 2 2 2 2 2 2 2 2 2 2 2 2 2 2 2 2 2 2 2 2 2 2 2 2 2 2 2 2 2 2 2 2 2 2 2 2 2 2 2 2 2 2 2 2 2 2 2 2 2 2 2 2 2 2 2 2 2 2 2 2 2 2 2 2 2 2 2 2 2 2 2 2 2 2 2 2 2 2 2 2 2 2 2 2 2 2 2 2 2 2 2 2 2 2 2 2 2 2 2 2 2 2 2 2 2 2 2 2 2 2 2 2 2 2 2 2 2 2 2 2 2 2 2 2 2 2 2 2 2 2 2 2 2 2 2 2 2 1001 2 2 2 2 2 2 2 2 2 2 2 2 2 2 2 2 2 2 2 2 2 2 2 2 2 2 2 2 2 2 2 2 2 2 2 2 2 2 2 2 2 2 2 2 2 2 2 2 2 2 2 2 2 2 2 2 2 2 2 2 2 2 2 2 2 2 2 2 2 2 2 2 2 2 2 2 2 2 2 2 2 2 2 2 2 2 2 2 2 2 2 2 2 2 2 2 2 2 2 2 2 2 2 2 2 2 2 2 2 2 2 2 2 2 2 2 2 2 2 2 2 2 2 2 2 2 2 2 2 2 2 2 2 2 2 2 2 2 2 2 2 2 2 2 2 2 2 2 2 2 2 2 2 2 2 2 2 2 2 2 2 2 2 2 2 2 2 2 2 2 2 2 2 2 2 2 2 2 2 2 2 2 2 2 2 2 2 2 2 2 2 2 2 2 2 2 2 2 2 2 2 2 2 2 2 2 2 2 2 2 2 2 2 2 2 2 2 2 2 2 2 2 2 2 2 2 2 2 2 2 2 2 2 2 2 2 2 2 2 2 2 2 2 2 2 2 2 2 2 2 2 2 2 2 2 2 2 2 2 2 2 2 2 2 2 2 2 2 2 2 2 2 2 2 2 2 2
-1 0 1 2 -2 -1 0 1 2 -2 -1 0 1 2 -2 -1 0 1 2 -2 -1 0 1 2 -2 -1 0 1 2 -2 -1 0 1 2 -2 -1 0 1 2 -2 -1 0 1 2 -2 -1 0 1 2 -2 -1 0 1 2 -2 -1 0 1 2 -2 -1 0 1 2 -2 -1 0 1 2 -2 -1 0 1 2 -2 -1 0 1 2 -2 -1 0 1 2 -2 -1 0 1 2 -2 -1 0 1 2 -2 -1 0 1 2 -2 -1 0 1 2 -2 -1 0 1 2 -2 -1 0 1 2 -2 -1 0 1 2 -2 -1 0 1 2 -2 -1 0 1 2 -2 -1 0 1 2 -2 -1 0 1 2 -2 -1 0 1 2 -2 -1 0 1 2 -2 -1 0 1 2 -2 -1 0 1 2 -2 -1 0 1 2 -2 -1 0 1 2 -2 -1 0 1 2 -2 -1 0 1 2 -2 -1 0 1 2 -2 -1 0 1 2 -2 -1 0 1 2 -2 -1 0 1 2 -2 -1 0 1 2 -2 -1 0 1 2 -2 -1 0 1 2 -2 -1 0 1 2 -2 -1 0 1 601 -2 -1 0 1 2 -2 -1 0 1 2 -2 -1 0 1 2 -2 -1 0 1 2 -2 -1 0 1 2 -2 -1 0 1 2 -2 -1 0 1 2 -2 -1 0 1 2 -2 -1 0 1 2 -2 -1 0 1 2 -2 -1 0 1 2 -2 -1 0 1 2 -2 -1 0 1 2 -2 -1 0 1 2 -2 -1 0 1 2 -2 -1 0 1 2 -2 -1 0 1 2 -2 -1 0 1 2 -2 -1 0 1 2 -2 -1 0 1 2 -2 -1 0 1 2 -2 -1 0 1 2 -2 -1 0 1 2 -2 -1 0 1 2 -2 -1 0 1 2 -2 -1 0 1 2 -2 -1 0 1 2 -2 -1 0 1 2 -2 -1 0 1 2 -2 -1 0 1 2 -2 -1 0 1 2 -2 -1 0 1 2 -2 -1 0 1 2 -2 -1 0 1 2 -2 -1 0 1 2 -2 -1 0 1 2 -2 -1 0 1 2 -2 -1 0 1 2 -2 -1 0 1 2 -2 -1 0 1 2 -2 -1 0 1 2 -2 -1 0 1 2 -2 -1 0 1 2 -2 -1 0 1 2 -2 -1 0 1 2 -2 -1 0 1 2 -2 -1 0 1 2 -2 -1 0 1 2 -2 -1 0 1 2 -2 -1 0 1 2 -2 -1 0 1 2 -2 -1 0 1 2 -2 -1 0 1 2 -2 -1 0 1 2 -2 -1 0 1 2 -2
1 -2 0 2 -1 1 -2 0 2 -1 1 -2 0 2 -1 1 -2 0 2 -1 1 -2 0 2 -1 1 -2 0 2 -1 1 -2 0 2 -1 1 -2 0 2 -1 1 -2 0 2 -1 1 -2 0 2 -1 1 -2 0 2 -1 1 -2 0 2 -1 1 -2 0 2 -1 1 -2 0 2 -1 1 -2 0 2 -1 1 -2 0 2 -1 1 -2 0 2 -1 1 -2 0 2 -1 1 -2 0 2 -1 1 -2 0 2 -1 1 -2 0 2 -1 1 -2 0 2 -1 1 -2 0 2 -1 1 -2 0 2 -1 1 -2 0 2 -1 1 -2 0 2 -1 1 -2 0 2 -1 1 -2 0 2 -1 1 -2 0 2 -1 1 -2 0 2 -1 1 -2 0 2 -1 1 -2 0 2 -1 1 -2 0 2 -1 1 -2 0 2 -1 1 -2 0 2 -1 1 -2 0 2 -1 1 -2 0 2 -1 1 -2 0 2 -1 1 -2 0 2 -1 1 -2 0 2 -1 1 -2 0 2 -1 1 -2 0 2 -1 1 -2 0 2 -1 1 -2 0 2 -1 1 -2 0 2 602 1 -2 0 2 -1 1 -2 0 2 -1 1 -2 0 2 -1 1 -2 0 2 -1 1 -2 0 2 -1 1 -2 0 2 -1 1 -2 0 2 -1 1 -2 0 2 -1 1 -2 0 2 -1 1 -2 0 2 -1 1 -2 0 2 -1 1 -2 0 2 -1 1 -2 0 2 -1 1 -2 0 2 -1 1 -2 0 2 -1 1 -2 0 2 -1 1 -2 0 2 -1 1 -2 0 2 -1 1 -2 0 2 -1 1 -2 0 2 -1 1 -2 0 2 -1 1 -2 0 2 -1 1 -2 0 2 -1 1 -2 0 2 -1 1 -2 0 2 -1 1 -2 0 2 -1 1 -2 0 2 -1 1 -2 0 2 -1 1 -2 0 2 -1 1 -2 0 2 -1 1 -2 0 2 -1 1 -2 0 2 -1 1 -2 0 2 -1 1 -2 0 2 -1 1 -2 0 2 -1 1 -2 0 2 -1 1 -2 0 2 -1 1 -2 0 2 -1 1 -2 0 2 -1 1 -2 0 2 -1 1 -2 0 2 -1 1 -2 0 2 -1 1 -2 0 2 -1 1 -2 0 2 -1 1 -2 0 2 -1 1 -2 0 2 -1 1 -2 0 2 -1 1 -2 0 2 -1 1 -2 0 2 -1 1 -2 0 2 -1 1 -2 0 2 -1 1 -2 0 2 -1 1 -2 0 2 -1 1 -2 0 2 -1 1 -2 0 2 -1
-2 1 -1 2 0 -2 1 -1 2 0 -2 1 -1 2 0 -2 1 -1 2 0 -2 1 -1 2 0 -2 1 -1 2 0 -2 1 -1 2 0 -2 1 -1 2 0 -2 1 -1 2 0 -2 1 -1 2 0 -2 1 -1 2 0 -2 1 -1 2 0 -2 1 -1 2 0 -2 1 -1 2 0 -2 1 -1 2 0 -2 1 -1 2 0 -2 1 -1 2 0 -2 1 -1 2 0 -2 1 -1 2 0 -2 1 -1 2 0 -2 1 -1 2 0 -2 1 -1 2 0 -2 1 -1 2 0 -2 1 -1 2 0 -2 1 -1 2 0 -2 1 -1 2 0 -2 1 -1 2 0 -2 1 -1 2 0 -2 1 -1 2 0 -2 1 -1 2 0 -2 1 -1 2 0 -2 1 -1 2 0 -2 1 -1 2 0 -2 1 -1 2 0 -2 1 -1 2 0 -2 1 -1 2 0 -2 1 -1 2 0 -2 1 -1 2 0 -2 1 -1 2 0 -2 1 -1 2 0 -2 1 -1 2 0 -2 1 -1 2 0 -2 1 -1 2 0 -2 1 -1 2 0 -2 1 -1 2 0 601 1 -1 2 0 -2 1 -1 2 0 -2 1 -1 2 0 -2 1 -1 2 0 -2 1 -1 2 0 -2 1 -1 2 0 -2 1 -1 2 0 -2 1 -1 2 0 -2 1 -1 2 0 -2 1 -1 2 0 -2 1 -1 2 0 -2 1 -1 2 0 -2 1 -1 2 0 -2 1 -1 2 0 -2 1 -1 2 0 -2 1 -1 2 0 -2 1 -1 2 0 -2 1 -1 2 0 -2 1 -1 2 0 -2 1 -1 2 0 -2 1 -1 2 0 -2 1 -1 2 0 -2 1 -1 2 0 -2 1 -1 2 0 -2 1 -1 2 0 -2 1 -1 2 0 -2 1 -1 2 0 -2 1 -1 2 0 -2 1 -1 2 0 -2 1 -1 2 0 -2 1 -1 2 0 -2 1 -1 2 0 -2 1 -1 2 0 -2 1 -1 2 0 -2 1 -1 2 0 -2 1 -1 2 0 -2 1 -1 2 0 -2 1 -1 2 0 -2 1 -1 2 0 -2 1 -1 2 0 -2 1 -1 2 0 -2 1 -1 2 0 -2 1 -1 2 0 -2 1 -1 2 0 -2 1 -1 2 0 -2 1 -1 2 0 -2 1 -1 2 0 -2 1 -1 2 0 -2 1 -1 2 0 -2 1 -1 2 0 -2 1 -1 2 0 -2 1 -1 2 0 -2 1 -1 2 0 -2 1 -1 2 0 -2 1 -1 2 0
0 -1 -2 2 1 0 -1 -2 2 1 0 -1 -2 2 1 0 -1 -2 2 1 0 -1 -2 2 1 0 -1 -2 2 1 0 -1 -2 2 1 0 -1 -2 2 1 0 -1 -2 2 1 0 -1 -2 2 1 0 -1 -2 2 1 0 -1 -2 2 1 0 -1 -2 2 1 0 -1 -2 2 1 0 -1 -2 2 1 0 -1 -2 2 1 0 -1 -2 2 1 0 -1 -2 2 1 0 -1 -2 2 1 0 -1 -2 2 1 0 -1 -2 2 1 0 -1 -2 2 1 0 -1 -2 2 1 0 -1 -2 2 1 0 -1 -2 2 1 0 -1 -2 2 1 0 -1 -2 2 1 0 -1 -2 2 1 0 -1 -2 2 1 0 -1 -2 2 1 0 -1 -2 2 1 0 -1 -2 2 1 0 -1 -2 2 1 0 -1 -2 2 1 0 -1 -2 2 1 0 -1 -2 2 1 0 -1 -2 2 1 0 -1 -2 2 1 0 -1 -2 2 1 0 -1 -2 2 1 0 -1 -2 2 1 0 -1 -2 2 1 0 -1 -2 2 1 0 -1 -2 2 1 0 -1 -2 2 1 0 602 -2 2 1 0 -1 -2 2 1 0 -1 -2 2 1 0 -1 -2 2 1 0 -1 -2 2 1 0 -1 -2 2 1 0 -1 -2 2 1 0 -1 -2 2 1 0 -1 -2 2 1 0 -1 -2 2 1 0 -1 -2 2 1 0 -1 -2 2 1 0 -1 -2 2 1 0 -1 -2 2 1 0 -1 -2 2 1 0 -1 -2 2 1 0 -1 -2 2 1 0 -1 -2 2 1 0 -1 -2 2 1 0 -1 -2 2 1 0 -1 -2 2 1 0 -1 -2 2 1 0 -1 -2 2 1 0 -1 -2 2 1 0 -1 -2 2 1 0 -1 -2 2 1 0 -1 -2 2 1 0 -1 -2 2 1 0 -1 -2 2 1 0 -1 -2 2 1 0 -1 -2 2 1 0 -1 -2 2 1 0 -1 -2 2 1 0 -1 -2 2 1 0 -1 -2 2 1 0 -1 -2 2 1 0 -1 -2 2 1 0 -1 -2 2 1 0 -1 -2 2 1 0 -1 -2 2 1 0 -1 -2 2 1 0 -1 -2 2 1 0 -1 -2 2 1 0 -1 -2 2 1 0 -1 -2 2 1 0 -1 -2 2 1 0 -1 -2 2 1 0 -1 -2 2 1 0 -1 -2 2 1 0 -1 -2 2 1 0 -1 -2 2 1 0 -1 -2 2 1 0 -1 -2 2 1 0 -1 -2 2 1 0 -1 -2 2 1
2 2 2 2 2 2 2 2 2 2 2 2 2 2 2 2 2 2 2 2 2 2 2 2 2 2 2 2 2 2 2 2 2 2 2 2 2 2 2 2 2 2 2 2 2 2 2 2 2 2 2 2 2 2 2 2 2 2 2 2 2 2 2 2 2 2 2 2 2 2 2 2 2 2 2 2 2 2 2 2 2 2 2 2 2 2 2 2 2 2 2 2 2 2 2 2 2 2 2 2 2 2 2 2 2 2 2 2 2 2 2 2 2 2 2 2 2 2 2 2 2 2 2 2 2 2 2 2 2 2 2 2 2 2 2 2 2 2 2 2 2 2 2 2 2 2 2 2 2 2 2 2 2 2 2 2 2 2 2 2 2 2 2 2 2 2 2 2 2 2 2 2 2 2 2 2 2 2 2 2 2 2 2 2 2 2 2 2 2 2 2 2 2 2 2 2 2 2 2 2 2 2 2 2 2 2 2 2 2 2 2 2 2 2 2 2 2 2 2 2 2 2 2 2 2 2 2 1001 2 2 2 2 2 2 2 2 2 2 2 2 2 2 2 2 2 2 2 2 2 2 2 2 2 2 2 2 2 2 2 2 2 2 2 2 2 2 2 2 2 2 2 2 2 2 2 2 2 2 2 2 2 2 2 2 2 2 2 2 2 2 2 2 2 2 2 2 2 2 2 2 2 2 2 2 2 2 2 2 2 2 2 2 2 2 2 2 2 2 2 2 2 2 2 2 2 2 2 2 2 2 2 2 2 2 2 2 2 2 2 2 2 2 2 2 2 2 2 2 2 2 2 2 2 2 2 2 2 2 2 2 2 2 2 2 2 2 2 2 2 2 2 2 2 2 2 2 2 2 2 2 2 2 2 2 2 2 2 2 2 2 2 2 2 2 2 2 2 2 2 2 2 2 2 2 2 2 2 2 2 2 2 2 2 2 2 2 2 2 2 2 2 2 2 2 2 2 2 2 2 2 2 2 2 2 2 2 2 2 2 2 2 2 2 2 2 2 2 2 2 2 2 2 2 2 2 2 2 2 2 2 2 2 2 2 2 2 2 2 2 2 2 2 2 2 2 2 2 2 2 2 2 2 2 2 2 2 2 2 2 2 2 2 2 2 2 2 2 2 2 2
-1 0 1 2 -2 -1 0 1 2 -2 -1 0 1 2 -2 -1 0 1 2 -2 -1 0 1 2 -2 -1 0 1 2 -2 -1 0 1 2 -2 -1 0 1 2 -2 -1 0 1 2 -2 -1 0 1 2 -2 -1 0 1 2 -2 -1 0 1 2 -2 -1 0 1 2 -2 -1 0 1 2 -2 -1 0 1 2 -2 -1 0 1 2 -2 -1 0 1 2 -2 -1 0 1 2 -2 -1 0 1 2 -2 -1 0 1 2 -2 -1 0 1 2 -2 -1 0 1 2 -2 -1 0 1 2 -2 -1 0 1 2 -2 -1 0 1 2 -2 -1 0 1 2 -2 -1 0 1 2 -2 -1 0 1 2 -2 -1 0 1 2 -2 -1 0 1 2 -2 -1 0 1 2 -2 -1 0 1 2 -2 -1 0 1 2 -2 -1 0 1 2 -2 -1 0 1 2 -2 -1 0 1 2 -2 -1 0 1 2 -2 -1 0 1 2 -2 -1 0 1 2 -2 -1 0 1 2 -2 -1 0 1 2 -2 -1 0 1 2 -2 -1 0 1 2 -2 -1 0 1 2 -2 -1 0 1 2 -2 -1 0 1 601 -2 -1 0 1 2 -2 -1 0 1 2 -2 -1 0 1 2 -2 -1 0 1 2 -2 -1 0 1 2 -2 -1 0 1 2 -2 -1 0 1 2 -2 -1 0 1 2 -2 -1 0 1 2 -2 -1 0 1 2 -2 -1 0 1 2 -2 -1 0 1 2 -2 -1 0 1 2 -2 -1 0 1 2 -2 -1 0 1 2 -2 -1 0 1 2 -2 -1 0 1 2 -2 -1 0 1 2 -2 -1 0 1 2 -2 -1 0 1 2 -2 -1 0 1 2 -2 -1 0 1 2 -2 -1 0 1 2 -2 -1 0 1 2 -2 -1 0 1 2 -2 -1 0 1 2 -2 -1 0 1 2 -2 -1 0 1 2 -2 -1 0 1 2 -2 -1 0 1 2 -2 -1 0 1 2 -2 -1 0 1 2 -2 -1 0 1 2 -2 -1 0 1 2 -2 -1 0 1 2 -2 -1 0 1 2 -2 -1 0 1 2 -2 -1 0 1 2 -2 -1 0 1 2 -2 -1 0 1 2 -2 -1 0 1 2 -2 -1 0 1 2 -2 -1 0 1 2 -2 -1 0 1 2 -2 -1 0 1 2 -2 -1 0 1 2 -2 -1 0 1 2 -2 -1 0 1 2 -2 -1 0 1 2 -2 -1 0 1 2 -2 -1 0 1 2 -2 -1 0 1 2 -2 -1 0 1 2 -2 -1 0 1 2 -2
1 -2 0 2 -1 1 -2 0 2 -1 1 -2 0 2 -1 1 -2 0 2 -1 1 -2 0 2 -1 1 -2 0 2 -1 1 -2 0 2 -1 1 -2 0 2 -1 1 -2 0 2 -1 1 -2 0 2 -1 1 -2 0 2 -1 1 -2 0 2 -1 1 -2 0 2 -1 1 -2 0 2 -1 1 -2 0 2 -1 1 -2 0 2 -1 1 -2 0 2 -1 1 -2 0 2 -1 1 -2 0 2 -1 1 -2 0 2 -1 1 -2 0 2 -1 1 -2 0 2 -1 1 -2 0 2 -1 1 -2 0 2 -1 1 -2 0 2 -1 1 -2 0 2 -1 1 -2 0 2 -1 1 -2 0 2 -1 1 -2 0 2 -1 1 -2 0 2 -1 1 -2 0 2 -1 1 -2 0 2 -1 1 -2 0 2 -1 1 -2 0 2 -1 1 -2 0 2 -1 1 -2 0 2 -1 1 -2 0 2 -1 1 -2 0 2 -1 1 -2 0 2 -1 1 -2 0 2 -1 1 -2 0 2 -1 1 -2 0 2 -1 1 -2 0 2 -1 1 -2 0 2 -1 1 -2 0 2 -1 1 -2 0 2 602 1 -2 0 2 -1 1 -2 0 2 -1 1 -2 0 2 -1 1 -2 0 2 -1 1 -2 0 2 -1 1 -2 0 2 -1 1 -2 0 2 -1 1 -2 0 2 -1 1 -2 0 2 -1 1 -2 0 2 -1 1 -2 0 2 -1 1 -2 0 2 -1 1 -2 0 2 -1 1 -2 0 2 -1 1 -2 0 2 -1 1 -2 0 2 -1 1 -2 0 2 -1 1 -2 0 2 -1 1 -2 0 2 -1 1 -2 0 2 -1 1 -2 0 2 -1 1 -2 0 2 -1 1 -2 0 2 -1 1 -2 0 2 -1 1 -2 0 2 -1 1 -2 0 2 -1 1 -2 0 2 -1 1 -2 0 2 -1 1 -2 0 2 -1 1 -2 0 2 -1 1 -2 0 2 -1 1 -2 0 2 -1 1 -2 0 2 -1 1 -2 0 2 -1 1 -2 0 2 -1 1 -2 0 2 -1 1 -2 0 2 -1 1 -2 0 2 -1 1 -2 0 2 -1 1 -2 0 2 -1 1 -2 0 2 -1 1 -2 0 2 -1 1 -2 0 2 -1 1 -2 0 2 -1 1 -2 0 2 -1 1 -2 0 2 -1 1 -2 0 2 -1 1 -2 0 2 -1 1 -2 0 2 -1 1 -2 0 2 -1 1 -2 0 2 -1 1 -2 0 2 -1 1 -2 0 2 -1 1 -2 0 2 -1
-2 1 -1 2 0 -2 1 -1 2 0 -2 1 -1 2 0 -2 1 -1 2 0 -2 1 -1 2 0 -2 1 -1 2 0 -2 1 -1 2 0 -2 1 -1 2 0 -2 1 -1 2 0 -2 1 -1 2 0 -2 1 -1 2 0 -2 1 -1 2 0 -2 1 -1 2 0 -2 1 -1 2 0 -2 1 -1 2 0 -2 1 -1 2 0 -2 1 -1 2 0 -2 1 -1 2 0 -2 1 -1 2 0 -2 1 -1 2 0 -2 1 -1 2 0 -2 1 -1 2 0 -2 1 -1 2 0 -2 1 -1 2 0 -2 1 -1 2 0 -2 1 -1 2 0 -2 1 -1 2 0 -2 1 -1 2 0 -2 1 -1 2 0 -2 1 -1 2 0 -2 1 -1 2 0 -2 1 -1 2 0 -2 1 -1 2 0 -2 1 -1 2 0 -2 1 -1 2 0 -2 1 -1 2 0 -2 1 -1 2 0 -2 1 -1 2 0 -2 1 -1 2 0 -2 1 -1 2 0 -2 1 -1 2 0 -2 1 -1 2 0 -2 1 -1 2 0 -2 1 -1 2 0 -2 1 -1 2 0 -2 1 -1 2 0 601 1 -1 2 0 -2 1 -1 2 0 -2 1 -1 2 0 -2 1 -1 2 0 -2 1 -1 2 0 -2 1 -1 2 0 -2 1 -1 2 0 -2 1 -1 2 0 -2 1 -1 2 0 -2 1 -1 2 0 -2 1 -1 2 0 -2 1 -1 2 0 -2 1 -1 2 0 -2 1 -1 2 0 -2 1 -1 2 0 -2 1 -1 2 0 -2 1 -1 2 0 -2 1 -1 2 0 -2 1 -1 2 0 -2 1 -1 2 0 -2 1 -1 2 0 -2 1 -1 2 0 -2 1 -1 2 0 -2 1 -1 2 0 -2 1 -1 2 0 -2 1 -1 2 0 -2 1 -1 2 0 -2 1 -1 2 0 -2 1 -1 2 0 -2 1 -1 2 0 -2 1 -1 2 0 -2 1 -1 2 0 -2 1 -1 2 0 -2 1 -1 2 0 -2 1 -1 2 0 -2 1 -1 2 0 -2 1 -1 2 0 -2 1 -1 2 0 -2 1 -1 2 0 -2 1 -1 2 0 -2 1 -1 2 0 -2 1 -1 2 0 -2 1 -1 2 0 -2 1 -1 2 0 -2 1 -1 2 0 -2 1 -1 2 0 -2 1 -1 2 0 -2 1 -1 2 0 -2 1 -1 2 0 -2 1 -1 2 0 -2 1 -1 2 0 -2 1 -1 2 0 -2 1 -1 2 0 -2 1 -1 2 0
0 -1 -2 2 1 0 -1 -2 2 1 0 -1 -2 2 1 0 -1 -2 2 1 0 -1 -2 2 1 0 -1 -2 2 1 0 -1 -2 2 1 0 -1 -2 2 1 0 -1 -2 2 1 0 -1 -2 2 1 0 -1 -2 2 1 0 -1 -2 2 1 0 -1 -2 2 1 0 -1 -2 2 1 0 -1 -2 2 1 0 -1 -2 2 1 0 -1 -2 2 1 0 -1 -2 2 1 0 -1 -2 2 1 0 -1 -2 2 1 0 -1 -2 2 1 0 -1 -2 2 1 0 -1 -2 2 1 0 -1 -2 2 1 0 -1 -2 2 1 0 -1 -2 2 1 0 -1 -2 2 1 0 -1 -2 2 1 0 -1 -2 2 1 0 -1 -2 2 1 0 -1 -2 2 1 0 -1 -2 2 1 0 -1 -2 2 1 0 -1 -2 2 1 0 -1 -2 2 1 0 -1 -2 2 1 0 -1 -2 2 1 0 -1 -2 2 1 0 -1 -2 2 1 0 -1 -2 2 1 0 -1 -2 2 1 0 -1 -2 2 1 0 -1 -2 2 1 0 -1 -2 2 1 0 -1 -2 2 1 0 -1 -2 2 1 0 602 -2 2 1 0 -1 -2 2 1 0 -1 -2 2 1 0 -1 -2 2 1 0 -1 -2 2 1 0 -1 -2 2 1 0 -1 -2 2 1 0 -1 -2 2 1 0 -1 -2 2 1 0 -1 -2 2 1 0 -1 -2 2 1 0 -1 -2 2 1 0 -1 -2 2 1 0 -1 -2 2 1 0 -1 -2 2 1 0 -1 -2 2 1 0 -1 -2 2 1 0 -1 -2 2 1 0 -1 -2 2 1 0 -1 -2 2 1 0 -1 -2 2 1 0 -1 -2 2 1 0 -1 -2 2 1 0 -1 -2 2 1 0 -1 -2 2 1 0 -1 -2 2 1 0 -1 -2 2 1 0 -1 -2 2 1 0 -1 -2 2 1 0 -1 -2 2 1 0 -1 -2 2 1 0 -1 -2 2 1 0 -1 -2 2 1 0 -1 -2 2 1 0 -1 -2 2 1 0 -1 -2 2 1 0 -1 -2 2 1 0 -1 -2 2 1 0 -1 -2 2 1 0 -1 -2 2 1 0 -1 -2 2 1 0 -1 -2 2 1 0 -1 -2 2 1 0 -1 -2 2 1 0 -1 -2 2 1 0 -1 -2 2 1 0 -1 -2 2 1 0 -1 -2 2 1 0 -1 -2 2 1 0 -1 -2 2 1 0 -1 -2 2 1 0 -1 -2 2 1 0 -1 -2 2 1 0 -1 -2 2 1
2 2 2 2 2 2 2 2 2 2 2 2 2 2 2 2 2 2 2 2 2 2 2 2 2 2 2 2 2 2 2 2 2 2 2 2 2 2 2 2 2 2 2 2 2 2 2 2 2 2 2 2 2 2 2 2 2 2 2 2 2 2 2 2 2 2 2 2 2 2 2 2 2 2 2 2 2 2 2 2 2 2 2 2 2 2 2 2 2 2 2 2 2 2 2 2 2 2 2 2 2 2 2 2 2 2 2 2 2 2 2 2 2 2 2 2 2 2 2 2 2 2 2 2 2 2 2 2 2 2 2 2 2 2 2 2 2 2 2 2 2 2 2 2 2 2 2 2 2 2 2 2 2 2 2 2 2 2 2 2 2 2 2 2 2 2 2 2 2 2 2 2 2 2 2 2 2 2 2 2 2 2 2 2 2 2 2 2 2 2 2 2 2 2 2 2 2 2 2 2 2 2 2 2 2 2 2 2 2 2 2 2 2 2 2 2 2 2 2 2 2 2 2 2 2 2 2 2 2 2 2 2 1001 2 2 2 2 2 2 2 2 2 2 2 2 2 2 2 2 2 2 2 2 2 2 2 2 2 2 2 2 2 2 2 2 2 2 2 2 2 2 2 2 2 2 2 2 2 2 2 2 2 2 2 2 2 2 2 2 2 2 2 2 2 2 2 2 2 2 2 2 2 2 2 2 2 2 2 2 2 2 2 2 2 2 2 2 2 2 2 2 2 2 2 2 2 2 2 2 2 2 2 2 2 2 2 2 2 2 2 2 2 2 2 2 2 2 2 2 2 2 2 2 2 2 2 2 2 2 2 2 2 2 2 2 2 2 2 2 2 2 2 2 2 2 2 2 2 2 2 2 2 2 2 2 2 2 2 2 2 2 2 2 2 2 2 2 2 2 2 2 2 2 2 2 2 2 2 2 2 2 2 2 2 2 2 2 2 2 2 2 2 2 2 2 2 2 2 2 2 2 2 2 2 2 2 2 2 2 2 2 2 2 2 2 2 2 2 2 2 2 2 2 2 2 2 2 2 2 2 2 2 2 2 2 2 2 2 2 2 2 2 2 2 2 2 2 2 2 2 2 2 2 2 2 2 2 2 2 2 2 2 2 2 2 2 2 2 2 2
-1 0 1 2 -2 -1 0 1 2 -2 -1 0 1 2 -2 -1 0 1 2 -2 -1 0 1 2 -2 -1 0 1 2 -2 -1 0 1 2 -2 -1 0 1 2 -2 -1 0 1 2 -2 -1 0 1 2 -2 -1 0 1 2 -2 -1 0 1 2 -2 -1 0 1 2 -2 -1 0 1 2 -2 -1 0 1 2 -2 -1 0 1 2 -2 -1 0 1 2 -2 -1 0 1 2 -2 -1 0 1 2 -2 -1 0 1 2 -2 -1 0 1 2 -2 -1 0 1 2 -2 -1 0 1 2 -2 -1 0 1 2 -2 -1 0 1 2 -2 -1 0 1 2 -2 -1 0 1 2 -2 -1 0 1 2 -2 -1 0 1 2 -2 -1 0 1 2 -2 -1 0 1 2 -2 -1 0 1 2 -2 -1 0 1 2 -2 -1 0 1 2 -2 -1 0 1 2 -2 -1 0 1 2 -2 -1 0 1 2 -2 -1 0 1 2 -2 -1 0 1 2 -2 -1 0 1 2 -2 -1 0 1 2 -2 -1 0 1 2 -2 -1 0 1 2 -2 -1 0 1 2 -2 -1 0 1 2 -2 -1 0 1 2 -2 -1 0 1 601 -2 -1 0 1 2 -2 -1 0 1 2 -2 -1 0 1 2 -2 -1 0 1 2 -2 -1 0 1 2 -2 -1 0 1 2 -2 -1 0 1 2 -2 -1 0 1 2 -2 -1 0 1 2 -2 -1 0 1 2 -2 -1 0 1 2 -2 -1 0 1 2 -2 -1 0 1 2 -2 -1 0 1 2 -2 -1 0 1 2 -2 -1 0 1 2 -2 -1 0 1 2 -2 -1 0 1 2 -2 -1 0 1 2 -2 -1 0 1 2 -2 -1 0 1 2 -2 -1 0 1 2 -2 -1 0 1 2 -2 -1 0 1 2 -2 -1 0 1 2 -2 -1 0 1 2 -2 -1 0 1 2 -2 -1 0 1 2 -2 -1 0 1 2 -2 -1 0 1 2 -2 -1 0 1 2 -2 -1 0 1 2 -2 -1 0 1 2 -2 -1 0 1 2 -2 -1 0 1 2 -2 -1 0 1 2 -2 -1 0 1 2 -2 -1 0 1 2 -2 -1 0 1 2 -2 -1 0 1 2 -2 -1 0 1 2 -2 -1 0 1 2 -2 -1 0 1 2 -2 -1 0 1 2 -2 -1 0 1 2 -2 -1 0 1 2 -2 -1 0 1 2 -2 -1 0 1 2 -2 -1 0 1 2 -2 -1 0 1 2 -2 -1 0 1 2 -2 -1 0 1 2 -2 -1 0 1 2 -2
1 -2 0 2 -1 1 -2 0 2 -1 1 -2 0 2 -1 1 -2 0 2 -1 1 -2 0 2 -1 1 -2 0 2 -1 1 -2 0 2 -1 1 -2 0 2 -1 1 -2 0 2 -1 1 -2 0 2 -1 1 -2 0 2 -1 1 -2 0 2 -1 1 -2 0 2 -1 1 -2 0 2 -1 1 -2 0 2 -1 1 -2 0 2 -1 1 -2 0 2 -1 1 -2 0 2 -1 1 -2 0 2 -1 1 -2 0 2 -1 1 -2 0 2 -1 1 -2 0 2 -1 1 -2 0 2 -1 1 -2 0 2 -1 1 -2 0 2 -1 1 -2 0 2 -1 1 -2 0 2 -1 1 -2 0 2 -1 1 -2 0 2 -1 1 -2 0 2 -1 1 -2 0 2 -1 1 -2 0 2 -1 1 -2 0 2 -1 1 -2 0 2 -1 1 -2 0 2 -1 1 -2 0 2 -1 1 -2 0 2 -1 1 -2 0 2 -1 1 -2 0 2 -1 1 -2 0 2 -1 1 -2 0 2 -1 1 -2 0 2 -1 1 -2 0 2 -1 1 -2 0 2 -1 1 -2 0 2 -1 1 -2 0 2 -1 1 -2 0 2 602 1 -2 0 2 -1 1 -2 0 2 -1 1 -2 0 2 -1 1 -2 0 2 -1 1 -2 0 2 -1 1 -2 0 2 -1 1 -2 0 2 -1 1 -2 0 2 -1 1 -2 0 2 -1 1 -2 0 2 -1 1 -2 0 2 -1 1 -2 0 2 -1 1 -2 0 2 -1 1 -2 0 2 -1 1 -2 0 2 -1 1 -2 0 2 -1 1 -2 0 2 -1 1 -2 0 2 -1 1 -2 0 2 -1 1 -2 0 2 -1 1 -2 0 2 -1 1 -2 0 2 -1 1 -2 0 2 -1 1 -2 0 2 -1 1 -2 0 2 -1 1 -2 0 2 -1 1 -2 0 2 -1 1 -2 0 2 -1 1 -2 0 2 -1 1 -2 0 2 -1 1 -2 0 2 -1 1 -2 0 2 -1 1 -2 0 2 -1 1 -2 0 2 -1 1 -2 0 2 -1 1 -2 0 2 -1 1 -2 0 2 -1 1 -2 0 2 -1 1 -2 0 2 -1 1 -2 0 2 -1 1 -2 0 2 -1 1 -2 0 2 -1 1 -2 0 2 -1 1 -2 0 2 -1 1 -2 0 2 -1 1 -2 0 2 -1 1 -2 0 2 -1 1 -2 0 2 -1 1 -2 0 2 -1 1 -2 0 2 -1 1 -2 0 2 -1 1 -2 0 2 -1 1 -2 0 2 -1
-2 1 -1 2 0 -2 1 -1 2 0 -2 1 -1 2 0 -2 1 -1 2 0 -2 1 -1 2 0 -2 1 -1 2 0 -2 1 -1 2 0 -2 1 -1 2 0 -2 1 -1 2 0 -2 1 -1 2 0 -2 1 -1 2 0 -2 1 -1 2 0 -2 1 -1 2 0 -2 1 -1 2 0 -2 1 -1 2 0 -2 1 -1 2 0 -2 1 -1 2 0 -2 1 -1 2 0 -2 1 -1 2 0 -2 1 -1 2 0 -2 1 -1 2 0 -2 1 -1 2 0 -2 1 -1 2 0 -2 1 -1 2 0 -2 1 -1 2 0 -2 1 -1 2 0 -2 1 -1 2 0 -2 1 -1 2 0 -2 1 -1 2 0 -2 1 -1 2 0 -2 1 -1 2 0 -2 1 -1 2 0 -2 1 -1 2 0 -2 1 -1 2 0 -2 1 -1 2 0 -2 1 -1 2 0 -2 1 -1 2 0 -2 1 -1 2 0 -2 1 -1 2 0 -2 1 -1 2 0 -2 1 -1 2 0 -2 1 -1 2 0 -2 1 -1 2 0 -2 1 -1 2 0 -2 1 -1 2 0 -2 1 -1 2 0 -2 1 -1 2 0 601 1 -1 2 0 -2 1 -1 2 0 -2 1 -1 2 0 -2 1 -1 2 0 -2 1 -1 2 0 -2 1 -1 2 0 -2 1 -1 2 0 -2 1 -1 2 0 -2 1 -1 2 0 -2 1 -1 2 0 -2 1 -1 2 0 -2 1 -1 2 0 -2 1 -1 2 0 -2 1 -1 2 0 -2 1 -1 2 0 -2 1 -1 2 0 -2 1 -1 2 0 -2 1 -1 2 0 -2 1 -1 2 0 -2 1 -1 2 0 -2 1 -1 2 0 -2 1 -1 2 0 -2 1 -1 2 0 -2 1 -1 2 0 -2 1 -1 2 0 -2 1 -1 2 0 -2 1 -1 2 0 -2 1 -1 2 0 -2 1 -1 2 0 -2 1 -1 2 0 -2 1 -1 2 0 -2 1 -1 2 0 -2 1 -1 2 0 -2 1 -1 2 0 -2 1 -1 2 0 -2 1 -1 2 0 -2 1 -1 2 0 -2 1 -1 2 0 -2 1 -1 2 0 -2 1 -1 2 0 -2 1 -1 2 0 -2 1 -1 2 0 -2 1 -1 2 0 -2 1 -1 2 0 -2 1 -1 2 0 -2 1 -1 2 0 -2 1 -1 2 0 -2 1 -1 2 0 -2 1 -1 2 0 -2 1 -1 2 0 -2 1 -1 2 0 -2 1 -1 2 0 -2 1 -1 2 0
0 -1 -2 2 1 0 -1 -2 2 1 0 -1 -2 2 1 0 -1 -2 2 1 0 -1 -2 2 1 0 -1 -2 2 1 0 -1 -2 2 1 0 -1 -2 2 1 0 -1 -2 2 1 0 -1 -2 2 1 0 -1 -2 2 1 0 -1 -2 2 1 0 -1 -2 2 1 0 -1 -2 2 1 0 -1 -2 2 1 0 -1 -2 2 1 0 -1 -2 2 1 0 -1 -2 2 1 0 -1 -2 2 1 0 -1 -2 2 1 0 -1 -2 2 1 0 -1 -2 2 1 0 -1 -2 2 1 0 -1 -2 2 1 0 -1 -2 2 1 0 -1 -2 2 1 0 -1 -2 2 1 0 -1 -2 2 1 0 -1 -2 2 1 0 -1 -2 2 1 0 -1 -2 2 1 0 -1 -2 2 1 0 -1 -2 2 1 0 -1 -2 2 1 0 -1 -2 2 1 0 -1 -2 2 1 0 -1 -2 2 1 0 -1 -2 2 1 0 -1 -2 2 1 0 -1 -2 2 1 0 -1 -2 2 1 0 -1 -2 2 1 0 -1 -2 2 1 0 -1 -2 2 1 0 -1 -2 2 1 0 -1 -2 2 1 0 -1 -2 2 1 0 602 -2 2 1 0 -1 -2 2 1 0 -1 -2 2 1 0 -1 -2 2 1 0 -1 -2 2 1 0 -1 -2 2 1 0 -1 -2 2 1 0 -1 -2 2 1 0 -1 -2 2 1 0 -1 -2 2 1 0 -1 -2 2 1 0 -1 -2 2 1 0 -1 -2 2 1 0 -1 -2 2 1 0 -1 -2 2 1 0 -1 -2 2 1 0 -1 -2 2 1 0 -1 -2 2 1 0 -1 -2 2 1 0 -1 -2 2 1 0 -1 -2 2 1 0 -1 -2 2 1 0 -1 -2 2 1 0 -1 -2 2 1 0 -1 -2 2 1 0 -1 -2 2 1 0 -1 -2 2 1 0 -1 -2 2 1 0 -1 -2 2 1 0 -1 -2 2 1 0 -1 -2 2 1 0 -1 -2 2 1 0 -1 -2 2 1 0 -1 -2 2 1 0 -1 -2 2 1 0 -1 -2 2 1 0 -1 -2 2 1 0 -1 -2 2 1 0 -1 -2 2 1 0 -1 -2 2 1 0 -1 -2 2 1 0 -1 -2 2 1 0 -1 -2 2 1 0 -1 -2 2 1 0 -1 -2 2 1 0 -1 -2 2 1 0 -1 -2 2 1 0 -1 -2 2 1 0 -1 -2 2 1 0 -1 -2 2 1 0 -1 -2 2 1 0 -1 -2 2 1 0 -1 -2 2 1
2 2 2 2 2 2 2 2 2 2 2 2 2 2 2 2 2 2 2 2 2 2 2 2 2 2 2 2 2 2 2 2 2 2 2 2 2 2 2 2 2 2 2 2 2 2 2 2 2 2 2 2 2 2 2 2 2 2 2 2 2 2 2 2 2 2 2 2 2 2 2 2 2 2 2 2 2 2 2 2 2 2 2 2 2 2 2 2 2 2 2 2 2 2 2 2 2 2 2 2 2 2 2 2 2 2 2 2 2 2 2 2 2 2 2 2 2 2 2 2 2 2 2 2 2 2 2 2 2 2 2 2 2 2 2 2 2 2 2 2 2 2 2 2 2 2 2 2 2 2 2 2 2 2 2 2 2 2 2 2 2 2 2 2 2 2 2 2 2 2 2 2 2 2 2 2 2 2 2 2 2 2 2 2 2 2 2 2 2 2 2 2 2 2 2 2 2 2 2 2 2 2 2 2 2 2 2 2 2 2 2 2 2 2 2 2 2 2 2 2 2 2 2 2 2 2 2 2 2 2 2 2 2 2 2 2 2 1001 2 2 2 2 2 2 2 2 2 2 2 2 2 2 2 2 2 2 2 2 2 2 2 2 2 2 2 2 2 2 2 2 2 2 2 2 2 2 2 2 2 2 2 2 2 2 2 2 2 2 2 2 2 2 2 2 2 2 2 2 2 2 2 2 2 2 2 2 2 2 2 2 2 2 2 2 2 2 2 2 2 2 2 2 2 2 2 2 2 2 2 2 2 2 2 2 2 2 2 2 2 2 2 2 2 2 2 2 2 2 2 2 2 2 2 2 2 2 2 2 2 2 2 2 2 2 2 2 2 2 2 2 2 2 2 2 2 2 2 2 2 2 2 2 2 2 2 2 2 2 2 2 2 2 2 2 2 2 2 2 2 2 2 2 2 2 2 2 2 2 2 2 2 2 2 2 2 2 2 2 2 2 2 2 2 2 2 2 2 2 2 2 2 2 2 2 2 2 2 2 2 2 2 2 2 2 2 2 2 2 2 2 2 2 2 2 2 2 2 2 2 2 2 2 2 2 2 2 2 2 2 2 2 2 2 2 2 2 2 2 2 2 2 2 2 2 2 2 2 2 2 2 2 2 2 2 2 2 2 2 2 2
-1 0 1 2 -2 -1 0 1 2 -2 -1 0 1 2 -2 -1 0 1 2 -2 -1 0 1 2 -2 -1 0 1 2 -2 -1 0 1 2 -2 -1 0 1 2 -2 -1 0 1 2 -2 -1 0 1 2 -2 -1 0 1 2 -2 -1 0 1 2 -2 -1 0 1 2 -2 -1 0 1 2 -2 -1 0 1 2 -2 -1 0 1 2 -2 -1 0 1 2 -2 -1 0 1 2 -2 -1 0 1 2 -2 -1 0 1 2 -2 -1 0 1 2 -2 -1 0 1 2 -2 -1 0 1 2 -2 -1 0 1 2 -2 -1 0 1 2 -2 -1 0 1 2 -2 -1 0 1 2 -2 -1 0 1 2 -2 -1 0 1 2 -2 -1 0 1 2 -2 -1 0 1 2 -2 -1 0 1 2 -2 -1 0 1 2 -2 -1 0 1 2 -2 -1 0 1 2 -2 -1 0 1 2 -2 -1 0 1 2 -2 -1 0 1 2 -2 -1 0 1 2 -2 -1 0 1 2 -2 -1 0 1 2 -2 -1 0 1 2 -2 -1 0 1 2 -2 -1 0 1 2 -2 -1 0 1 2 -2 -1 0 1 2 -2 -1 0 1 2 -2 -1 0 1 601 -2 -1 0 1 2 -2 -1 0 1 2 -2 -1 0 1 2 -2 -1 0 1 2 -2 -1 0 1 2 -2 -1 0 1 2 -2 -1 0 1 2 -2 -1 0 1 2 -2 -1 0 1 2 -2 -1 0 1 2 -2 -1 0 1 2 -2 -1 0 1 2 -2 -1 0 1 2 -2 -1 0 1 2 -2 -1 0 1 2 -2 -1 0 1 2 -2 -1 0 1 2 -2 -1 0 1 2 -2 -1 0 1 2 -2 -1 0 1 2 -2 -1 0 1 2 -2 -1 0 1 2 -2 -1 0 1 2 -2 -1 0 1 2 -2 -1 0 1 2 -2 -1 0 1 2 -2 -1 0 1 2 -2 -1 0 1 2 -2 -1 0 1 2 -2 -1 0 1 2 -2 -1 0 1 2 -2 -1 0 1 2 -2 -1 0 1 2 -2 -1 0 1 2 -2 -1 0 1 2 -2 -1 0 1 2 -2 -1 0 1 2 -2 -1 0 1 2 -2 -1 0 1 2 -2 -1 0 1 2 -2 -1 0 1 2 -2 -1 0 1 2 -2 -1 0 1 2 -2 -1 0 1 2 -2 -1 0 1 2 -2 -1 0 1 2 -2 -1 0 1 2 -2 -1 0 1 2 -2 -1 0 1 2 -2 -1 0 1 2 -2 -1 0 1 2 -2 -1 0 1 2 -2
1 -2 0 2 -1 1 -2 0 2 -1 1 -2 0 2 -1 1 -2 0 2 -1 1 -2 0 2 -1 1 -2 0 2 -1 1 -2 0 2 -1 1 -2 0 2 -1 1 -2 0 2 -1 1 -2 0 2 -1 1 -2 0 2 -1 1 -2 0 2 -1 1 -2 0 2 -1 1 -2 0 2 -1 1 -2 0 2 -1 1 -2 0 2 -1 1 -2 0 2 -1 1 -2 0 2 -1 1 -2 0 2 -1 1 -2 0 2 -1 1 -2 0 2 -1 1 -2 0 2 -1 1 -2 0 2 -1 1 -2 0 2 -1 1 -2 0 2 -1 1 -2 0 2 -1 1 -2 0 2 -1 1 -2 0 2 -1 1 -2 0 2 -1 1 -2 0 2 -1 1 -2 0 2 -1 1 -2 0 2 -1 1 -2 0 2 -1 1 -2 0 2 -1 1 -2 0 2 -1 1 -2 0 2 -1 1 -2 0 2 -1 1 -2 0 2 -1 1 -2 0 2 -1 1 -2 0 2 -1 1 -2 0 2 -1 1 -2 0 2 -1 1 -2 0 2 -1 1 -2 0 2 -1 1 -2 0 2 -1 1 -2 0 2 -1 1 -2 0 2 -1 1 -2 0 2 602 1 -2 0 2 -1 1 -2 0 2 -1 1 -2 0 2 -1 1 -2 0 2 -1 1 -2 0 2 -1 1 -2 0 2 -1 1 -2 0 2 -1 1 -2 0 2 -1 1 -2 0 2 -1 1 -2 0 2 -1 1 -2 0 2 -1 1 -2 0 2 -1 1 -2 0 2 -1 1 -2 0 2 -1 1 -2 0 2 -1 1 -2 0 2 -1 1 -2 0 2 -1 1 -2 0 2 -1 1 -2 0 2 -1 1 -2 0 2 -1 1 -2 0 2 -1 1 -2 0 2 -1 1 -2 0 2 -1 1 -2 0 2 -1 1 -2 0 2 -1 1 -2 0 2 -1 1 -2 0 2 -1 1 -2 0 2 -1 1 -2 0 2 -1 1 -2 0 2 -1 1 -2 0 2 -1 1 -2 0 2 -1 1 -2 0 2 -1 1 -2 0 2 -1 1 -2 0 2 -1 1 -2 0 2 -1 1 -2 0 2 -1 1 -2 0 2 -1 1 -2 0 2 -1 1 -2 0 2 -1 1 -2 0 2 -1 1 -2 0 2 -1 1 -2 0 2 -1 1 -2 0 2 -1 1 -2 0 2 -1 1 -2 0 2 -1 1 -2 0 2 -1 1 -2 0 2 -1 1 -2 0 2 -1 1 -2 0 2 -1 1 -2 0 2 -1 1 -2 0 2 -1
-2 1 -1 2 0 -2 1 -1 2 0 -2 1 -1 2 0 -2 1 -1 2 0 -2 1 -1 2 0 -2 1 -1 2 0 -2 1 -1 2 0 -2 1 -1 2 0 -2 1 -1 2 0 -2 1 -1 2 0 -2 1 -1 2 0 -2 1 -1 2 0 -2 1 -1 2 0 -2 1 -1 2 0 -2 1 -1 2 0 -2 1 -1 2 0 -2 1 -1 2 0 -2 1 -1 2 0 -2 1 -1 2 0 -2 1 -1 2 0 -2 1 -1 2 0 -2 1 -1 2 0 -2 1 -1 2 0 -2 1 -1 2 0 -2 1 -1 2 0 -2 1 -1 2 0 -2 1 -1 2 0 -2 1 -1 2 0 -2 1 -1 2 0 -2 1 -1 2 0 -2 1 -1 2 0 -2 1 -1 2 0 -2 1 -1 2 0 -2 1 -1 2 0 -2 1 -1 2 0 -2 1 -1 2 0 -2 1 -1 2 0 -2 1 -1 2 0 -2 1 -1 2 0 -2 1 -1 2 0 -2 1 -1 2 0 -2 1 -1 2 0 -2 1 -1 2 0 -2 1 -1 2 0 -2 1 -1 2 0 -2 1 -1 2 0 -2 1 -1 2 0 -2 1 -1 2 0 601 1 -1 2 0 -2 1 -1 2 0 -2 1 -1 2 0 -2 1 -1 2 0 -2 1 -1 2 0 -2 1 -1 2 0 -2 1 -1 2 0 -2 1 -1 2 0 -2 1 -1 2 0 -2 1 -1 2 0 -2 1 -1 2 0 -2 1 -1 2 0 -2 1 -1 2 0 -2 1 -1 2 0 -2 1 -1 2 0 -2 1 -1 2 0 -2 1 -1 2 0 -2 1 -1 2 0 -2 1 -1 2 0 -2 1 -1 2 0 -2 1 -1 2 0 -2 1 -1 2 0 -2 1 -1 2 0 -2 1 -1 2 0 -2 1 -1 2 0 -2 1 -1 2 0 -2 1 -1 2 0 -2 1 -1 2 0 -2 1 -1 2 0 -2 1 -1 2 0 -2 1 -1 2 0 -2 1 -1 2 0 -2 1 -1 2 0 -2 1 -1 2 0 -2 1 -1 2 0 -2 1 -1 2 0 -2 1 -1 2 0 -2 1 -1 2 0 -2 1 -1 2 0 -2 1 -1 2 0 -2 1 -1 2 0 -2 1 -1 2 0 -2 1 -1 2 0 -2 1 -1 2 0 -2 1 -1 2 0 -2 1 -1 2 0 -2 1 -1 2 0 -2 1 -1 2 0 -2 1 -1 2 0 -2 1 -1 2 0 -2 1 -1 2 0 -2 1 -1 2 0
0 -1 -2 2 1 0 -1 -2 2 1 0 -1 -2 2 1 0 -1 -2 2 1 0 -1 -2 2 1 0 -1 -2 2 1 0 -1 -2 2 1 0 -1 -2 2 1 0 -1 -2 2 1 0 -1 -2 2 1 0 -1 -2 2 1 0 -1 -2 2 1 0 -1 -2 2 1 0 -1 -2 2 1 0 -1 -2 2 1 0 -1 -2 2 1 0 -1 -2 2 1 0 -1 -2 2 1 0 -1 -2 2 1 0 -1 -2 2 1 0 -1 -2 2 1 0 -1 -2 2 1 0 -1 -2 2 1 0 -1 -2 2 1 0 -1 -2 2 1 0 -1 -2 2 1 0 -1 -2 2 1 0 -1 -2 2 1 0 -1 -2 2 1 0 -1 -2 2 1 0 -1 -2 2 1 0 -1 -2 2 1 0 -1 -2 2 1 0 -1 -2 2 1 0 -1 -2 2 1 0 -1 -2 2 1 0 -1 -2 2 1 0 -1 -2 2 1 0 -1 -2 2 1 0 -1 -2 2 1 0 -1 -2 2 1 0 -1 -2 2 1 0 -1 -2 2 1 0 -1 -2 2 1 0 -1 -2 2 1 0 -1 -2 2 1 0 -1 -2 2 1 0 -1 -2 2 1 0 602 -2 2 1 0 -1 -2 2 1 0 -1 -2 2 1 0 -1 -2 2 1 0 -1 -2 2 1 0 -1 -2 2 1 0 -1 -2 2 1 0 -1 -2 2 1 0 -1 -2 2 1 0 -1 -2 2 1 0 -1 -2 2 1 0 -1 -2 2 1 0 -1 -2 2 1 0 -1 -2 2 1 0 -1 -2 2 1 0 -1 -2 2 1 0 -1 -2 2 1 0 -1 -2 2 1 0 -1 -2 2 1 0 -1 -2 2 1 0 -1 -2 2 1 0 -1 -2 2 1 0 -1 -2 2 1 0 -1 -2 2 1 0 -1 -2 2 1 0 -1 -2 2 1 0 -1 -2 2 1 0 -1 -2 2 1 0 -1 -2 2 1 0 -1 -2 2 1 0 -1 -2 2 1 0 -1 -2 2 1 0 -1 -2 2 1 0 -1 -2 2 1 0 -1 -2 2 1 0 -1 -2 2 1 0 -1 -2 2 1 0 -1 -2 2 1 0 -1 -2 2 1 0 -1 -2 2 1 0 -1 -2 2 1 0 -1 -2 2 1 0 -1 -2 2 1 0 -1 -2 2 1 0 -1 -2 2 1 0 -1 -2 2 1 0 -1 -2 2 1 0 -1 -2 2 1 0 -1 -2 2 1 0 -1 -2 2 1 0 -1 -2 2 1 0 -1 -2 2 1
2 2 2 2 2 2 2 2 2 2 2 2 2 2 2 2 2 2 2 2 2 2 2 2 2 2 2 2 2 2 2 2 2 2 2 2 2 2 2 2 2 2 2 2 2 2 2 2 2 2 2 2 2 2 2 2 2 2 2 2 2 2 2 2 2 2 2 2 2 2 2 2 2 2 2 2 2 2 2 2 2 2 2 2 2 2 2 2 2 2 2 2 2 2 2 2 2 2 2 2 2 2 2 2 2 2 2 2 2 2 2 2 2 2 2 2 2 2 2 2 2 2 2 2 2 2 2 2 2 2 2 2 2 2 2 2 2 2 2 2 2 2 2 2 2 2 2 2 2 2 2 2 2 2 2 2 2 2 2 2 2 2 2 2 2 2 2 2 2 2 2 2 2 2 2 2 2 2 2 2 2 2 2 2 2 2 2 2 2 2 2 2 2 2 2 2 2 2 2 2 2 2 2 2 2 2 2 2 2 2 2 2 2 2 2 2 2 2 2 2 2 2 2 2 2 2 2 2 2 2 2 2 2 2 2 2 2 2 2 2 2 2 1001 2 2 2 2 2 2 2 2 2 2 2 2 2 2 2 2 2 2 2 2 2 2 2 2 2 2 2 2 2 2 2 2 2 2 2 2 2 2 2 2 2 2 2 2 2 2 2 2 2 2 2 2 2 2 2 2 2 2 2 2 2 2 2 2 2 2 2 2 2 2 2 2 2 2 2 2 2 2 2 2 2 2 2 2 2 2 2 2 2 2 2 2 2 2 2 2 2 2 2 2 2 2 2 2 2 2 2 2 2 2 2 2 2 2 2 2 2 2 2 2 2 2 2 2 2 2 2 2 2 2 2 2 2 2 2 2 2 2 2 2 2 2 2 2 2 2 2 2 2 2 2 2 2 2 2 2 2 2 2 2 2 2 2 2 2 2 2 2 2 2 2 2 2 2 2 2 2 2 2 2 2 2 2 2 2 2 2 2 2 2 2 2 2 2 2 2 2 2 2 2 2 2 2 2 2 2 2 2 2 2 2 2 2 2 2 2 2 2 2 2 2 2 2 2 2 2 2 2 2 2 2 2 2 2 2 2 2 2 2 2 2 2 2 2 2 2 2 2 2 2 2 2 2 2 2 2 2
-1 0 1 2 -2 -1 0 1 2 -2 -1 0 1 2 -2 -1 0 1 2 -2 -1 0 1 2 -2 -1 0 1 2 -2 -1 0 1 2 -2 -1 0 1 2 -2 -1 0 1 2 -2 -1 0 1 2 -2 -1 0 1 2 -2 -1 0 1 2 -2 -1 0 1 2 -2 -1 0 1 2 -2 -1 0 1 2 -2 -1 0 1 2 -2 -1 0 1 2 -2 -1 0 1 2 -2 -1 0 1 2 -2 -1 0 1 2 -2 -1 0 1 2 -2 -1 0 1 2 -2 -1 0 1 2 -2 -1 0 1 2 -2 -1 0 1 2 -2 -1 0 1 2 -2 -1 0 1 2 -2 -1 0 1 2 -2 -1 0 1 2 -2 -1 0 1 2 -2 -1 0 1 2 -2 -1 0 1 2 -2 -1 0 1 2 -2 -1 0 1 2 -2 -1 0 1 2 -2 -1 0 1 2 -2 -1 0 1 2 -2 -1 0 1 2 -2 -1 0 1 2 -2 -1 0 1 2 -2 -1 0 1 2 -2 -1 0 1 2 -2 -1 0 1 2 -2 -1 0 1 2 -2 -1 0 1 2 -2 -1 0 1 2 -2 -1 0 1 2 -2 -1 0 1 2 -2 -1 0 1 601 -2 -1 0 1 2 -2 -1 0 1 2 -2 -1 0 1 2 -2 -1 0 1 2 -2 -1 0 1 2 -2 -1 0 1 2 -2 -1 0 1 2 -2 -1 0 1 2 -2 -1 0 1 2 -2 -1 0 1 2 -2 -1 0 1 2 -2 -1 0 1 2 -2 -1 0 1 2 -2 -1 0 1 2 -2 -1 0 1 2 -2 -1 0 1 2 -2 -1 0 1 2 -2 -1 0 1 2 -2 -1 0 1 2 -2 -1 0 1 2 -2 -1 0 1 2 -2 -1 0 1 2 -2 -1 0 1 2 -2 -1 0 1 2 -2 -1 0 1 2 -2 -1 0 1 2 -2 -1 0 1 2 -2 -1 0 1 2 -2 -1 0 1 2 -2 -1 0 1 2 -2 -1 0 1 2 -2 -1 0 1 2 -2 -1 0 1 2 -2 -1 0 1 2 -2 -1 0 1 2 -2 -1 0 1 2 -2 -1 0 1 2 -2 -1 0 1 2 -2 -1 0 1 2 -2 -1 0 1 2 -2 -1 0 1 2 -2 -1 0 1 2 -2 -1 0 1 2 -2 -1 0 1 2 -2 -1 0 1 2 -2 -1 0 1 2 -2 -1 0 1 2 -2 -1 0 1 2 -2 -1 0 1 2 -2 -1 0 1 2 -2 -1 0 1 2 -2
1 -2 0 2 -1 1 -2 0 2 -1 1 -2 0 2 -1 1 -2 0 2 -1 1 -2 0 2 -1 1 -2 0 2 -1 1 -2 0 2 -1 1 -2 0 2 -1 1 -2 0 2 -1 1 -2 0 2 -1 1 -2 0 2 -1 1 -2 0 2 -1 1 -2 0 2 -1 1 -2 0 2 -1 1 -2 0 2 -1 1 -2 0 2 -1 1 -2 0 2 -1 1 -2 0 2 -1 1 -2 0 2 -1 1 -2 0 2 -1 1 -2 0 2 -1 1 -2 0 2 -1 1 -2 0 2 -1 1 -2 0 2 -1 1 -2 0 2 -1 1 -2 0 2 -1 1 -2 0 2 -1 1 -2 0 2 -1 1 -2 0 2 -1 1 -2 0 2 -1 1 -2 0 2 -1 1 -2 0 2 -1 1 -2 0 2 -1 1 -2 0 2 -1 1 -2 0 2 -1 1 -2 0 2 -1 1 -2 0 2 -1 1 -2 0 2 -1 1 -2 0 2 -1 1 -2 0 2 -1 1 -2 0 2 -1 1 -2 0 2 -1 1 -2 0 2 -1 1 -2 0 2 -1 1 -2 0 2 -1 1 -2 0 2 -1 1 -2 0 2 -1 1 -2 0 2 -1 1 -2 0 2 602 1 -2 0 2 -1 1 -2 0 2 -1 1 -2 0 2 -1 1 -2 0 2 -1 1 -2 0 2 -1 1 -2 0 2 -1 1 -2 0 2 -1 1 -2 0 2 -1 1 -2 0 2 -1 1 -2 0 2 -1 1 -2 0 2 -1 1 -2 0 2 -1 1 -2 0 2 -1 1 -2 0 2 -1 1 -2 0 2 -1 1 -2 0 2 -1 1 -2 0 2 -1 1 -2 0 2 -1 1 -2 0 2 -1 1 -2 0 2 -1 1 -2 0 2 -1 1 -2 0 2 -1 1 -2 0 2 -1 1 -2 0 2 -1 1 -2 0 2 -1 1 -2 0 2 -1 1 -2 0 2 -1 1 -2 0 2 -1 1 -2 0 2 -1 1 -2 0 2 -1 1 -2 0 2 -1 1 -2 0 2 -1 1 -2 0 2 -1 1 -2 0 2 -1 1 -2 0 2 -1 1 -2 0 2 -1 1 -2 0 2 -1 1 -2 0 2 -1 1 -2 0 2 -1 1 -2 0 2 -1 1 -2 0 2 -1 1 -2 0 2 -1 1 -2 0 2 -1 1 -2 0 2 -1 1 -2 0 2 -1 1 -2 0 2 -1 1 -2 0 2 -1 1 -2 0 2 -1 1 -2 0 2 -1 1 -2 0 2 -1 1 -2 0 2 -1
-2 1 -1 2 0 -2 1 -1 2 0 -2 1 -1 2 0 -2 1 -1 2 0 -2 1 -1 2 0 -2 1 -1 2 0 -2 1 -1 2 0 -2 1 -1 2 0 -2 1 -1 2 0 -2 1 -1 2 0 -2 1 -1 2 0 -2 1 -1 2 0 -2 1 -1 2 0 -2 1 -1 2 0 -2 1 -1 2 0 -2 1 -1 2 0 -2 1 -1 2 0 -2 1 -1 2 0 -2 1 -1 2 0 -2 1 -1 2 0 -2 1 -1 2 0 -2 1 -1 2 0 -2 1 -1 2 0 -2 1 -1 2 0 -2 1 -1 2 0 -2 1 -1 2 0 -2 1 -1 2 0 -2 1 -1 2 0 -2 1 -1 2 0 -2 1 -1 2 0 -2 1 -1 2 0 -2 1 -1 2 0 -2 1 -1 2 0 -2 1 -1 2 0 -2 1 -1 2 0 -2 1 -1 2 0 -2 1 -1 2 0 -2 1 -1 2 0 -2 1 -1 2 0 -2 1 -1 2 0 -2 1 -1 2 0 -2 1 -1 2 0 -2 1 -1 2 0 -2 1 -1 2 0 -2 1 -1 2 0 -2 1 -1 2 0 -2 1 -1 2 0 -2 1 -1 2 0 -2 1 -1 2 0 601 1 -1 2 0 -2 1 -1 2 0 -2 1 -1 2 0 -2 1 -1 2 0 -2 1 -1 2 0 -2 1 -1 2 0 -2 1 -1 2 0 -2 1 -1 2 0 -2 1 -1 2 0 -2 1 -1 2 0 -2 1 -1 2 0 -2 1 -1 2 0 -2 1 -1 2 0 -2 1 -1 2 0 -2 1 -1 2 0 -2 1 -1 2 0 -2 1 -1 2 0 -2 1 -1 2 0 -2 1 -1 2 0 -2 1 -1 2 0 -2 1 -1 2 0 -2 1 -1 2 0 -2 1 -1 2 0 -2 1 -1 2 0 -2 1 -1 2 0 -2 1 -1 2 0 -2 1 -1 2 0 -2 1 -1 2 0 -2 1 -1 2 0 -2 1 -1 2 0 -2 1 -1 2 0 -2 1 -1 2 0 -2 1 -1 2 0 -2 1 -1 2 0 -2 1 -1 2 0 -2 1 -1 2 0 -2 1 -1 2 0 -2 1 -1 2 0 -2 1 -1 2 0 -2 1 -1 2 0 -2 1 -1 2 0 -2 1 -1 2 0 -2 1 -1 2 0 -2 1 -1 2 0 -2 1 -1 2 0 -2 1 -1 2 0 -2 1 -1 2 0 -2 1 -1 2 0 -2 1 -1 2 0 -2 1 -1 2 0 -2 1 -1 2 0
0 -1 -2 2 1 0 -1 -2 2 1 0 -1 -2 2 1 0 -1 -2 2 1 0 -1 -2 2 1 0 -1 -2 2 1 0 -1 -2 2 1 0 -1 -2 2 1 0 -1 -2 2 1 0 -1 -2 2 1 0 -1 -2 2 1 0 -1 -2 2 1 0 -1 -2 2 1 0 -1 -2 2 1 0 -1 -2 2 1 0 -1 -2 2 1 0 -1 -2 2 1 0 -1 -2 2 1 0 -1 -2 2 1 0 -1 -2 2 1 0 -1 -2 2 1 0 -1 -2 2 1 0 -1 -2 2 1 0 -1 -2 2 1 0 -1 -2 2 1 0 -1 -2 2 1 0 -1 -2 2 1 0 -1 -2 2 1 0 -1 -2 2 1 0 -1 -2 2 1 0 -1 -2 2 1 0 -1 -2 2 1 0 -1 -2 2 1 0 -1 -2 2 1 0 -1 -2 2 1 0 -1 -2 2 1 0 -1 -2 2 1 0 -1 -2 2 1 0 -1 -2 2 1 0 -1 -2 2 1 0 -1 -2 2 1 0 -1 -2 2 1 0 -1 -2 2 1 0 -1 -2 2 1 0 -1 -2 2 1 0 -1 -2 2 1 0 -1 -2 2 1 0 -1 -2 2 1 0 -1 -2 2 1 0 602 -2 2 1 0 -1 -2 2 1 0 -1 -2 2 1 0 -1 -2 2 1 0 -1 -2 2 1 0 -1 -2 2 1 0 -1 -2 2 1 0 -1 -2 2 1 0 -1 -2 2 1 0 -1 -2 2 1 0 -1 -2 2 1 0 -1 -2 2 1 0 -1 -2 2 1 0 -1 -2 2 1 0 -1 -2 2 1 0 -1 -2 2 1 0 -1 -2 2 1 0 -1 -2 2 1 0 -1 -2 2 1 0 -1 -2 2 1 0 -1 -2 2 1 0 -1 -2 2 1 0 -1 -2 2 1 0 -1 -2 2 1 0 -1 -2 2 1 0 -1 -2 2 1 0 -1 -2 2 1 0 -1 -2 2 1 0 -1 -2 2 1 0 -1 -2 2 1 0 -1 -2 2 1 0 -1 -2 2 1 0 -1 -2 2 1 0 -1 -2 2 1 0 -1 -2 2 1 0 -1 -2 2 1 0 -1 -2 2 1 0 -1 -2 2 1 0 -1 -2 2 1 0 -1 -2 2 1 0 -1 -2 2 1 0 -1 -2 2 1 0 -1 -2 2 1 0 -1 -2 2 1 0 -1 -2 2 1 0 -1 -2 2 1 0 -1 -2 2 1 0 -1 -2 2 1 0 -1 -2 2 1 0 -1 -2 2 1 0 -1 -2 2 1
2 2 2 2 2 2 2 2 2 2 2 2 2 2 2 2 2 2 2 2 2 2 2 2 2 2 2 2 2 2 2 2 2 2 2 2 2 2 2 2 2 2 2 2 2 2 2 2 2 2 2 2 2 2 2 2 2 2 2 2 2 2 2 2 2 2 2 2 2 2 2 2 2 2 2 2 2 2 2 2 2 2 2 2 2 2 2 2 2 2 2 2 2 2 2 2 2 2 2 2 2 2 2 2 2 2 2 2 2 2 2 2 2 2 2 2 2 2 2 2 2 2 2 2 2 2 2 2 2 2 2 2 2 2 2 2 2 2 2 2 2 2 2 2 2 2 2 2 2 2 2 2 2 2 2 2 2 2 2 2 2 2 2 2 2 2 2 2 2 2 2 2 2 2 2 2 2 2 2 2 2 2 2 2 2 2 2 2 2 2 2 2 2 2 2 2 2 2 2 2 2 2 2 2 2 2 2 2 2 2 2 2 2 2 2 2 2 2 2 2 2 2 2 2 2 2 2 2 2 2 2 2 2 2 2 2 2 2 2 2 2 2 2 2 2 2 2 1001 2 2 2 2 2 2 2 2 2 2 2 2 2 2 2 2 2 2 2 2 2 2 2 2 2 2 2 2 2 2 2 2 2 2 2 2 2 2 2 2 2 2 2 2 2 2 2 2 2 2 2 2 2 2 2 2 2 2 2 2 2 2 2 2 2 2 2 2 2 2 2 2 2 2 2 2 2 2 2 2 2 2 2 2 2 2 2 2 2 2 2 2 2 2 2 2 2 2 2 2 2 2 2 2 2 2 2 2 2 2 2 2 2 2 2 2 2 2 2 2 2 2 2 2 2 2 2 2 2 2 2 2 2 2 2 2 2 2 2 2 2 2 2 2 2 2 2 2 2 2 2 2 2 2 2 2 2 2 2 2 2 2 2 2 2 2 2 2 2 2 2 2 2 2 2 2 2 2 2 2 2 2 2 2 2 2 2 2 2 2 2 2 2 2 2 2 2 2 2 2 2 2 2 2 2 2 2 2 2 2 2 2 2 2 2 2 2 2 2 2 2 2 2 2 2 2 2 2 2 2 2 2 2 2 2 2 2 2 2 2 2 2 2 2 2 2 2 2 2 2 2 2
-1 0 1 2 -2 -1 0 1 2 -2 -1 0 1 2 -2 -1 0 1 2 -2 -1 0 1 2 -2 -1 0 1 2 -2 -1 0 1 2 -2 -1 0 1 2 -2 -1 0 1 2 -2 -1 0 1 2 -2 -1 0 1 2 -2 -1 0 1 2 -2 -1 0 1 2 -2 -1 0 1 2 -2 -1 0 1 2 -2 -1 0 1 2 -2 -1 0 1 2 -2 -1 0 1 2 -2 -1 0 1 2 -2 -1 0 1 2 -2 -1 0 1 2 -2 -1 0 1 2 -2 -1 0 1 2 -2 -1 0 1 2 -2 -1 0 1 2 -2 -1 0 1 2 -2 -1 0 1 2 -2 -1 0 1 2 -2 -1 0 1 2 -2 -1 0 1 2 -2 -1 0 1 2 -2 -1 0 1 2 -2 -1 0 1 2 -2 -1 0 1 2 -2 -1 0 1 2 -2 -1 0 1 2 -2 -1 0 1 2 -2 -1 0 1 2 -2 -1 0 1 2 -2 -1 0 1 2 -2 -1 0 1 2 -2 -1 0 1 2 -2 -1 0 1 2 -2 -1 0 1 2 -2 -1 0 1 2 -2 -1 0 1 2 -2 -1 0 1 2 -2 -1 0 1 2 -2 -1 0 1 2 -2 -1 0 1 601 -2 -1 0 1 2 -2 -1 0 1 2 -2 -1 0 1 2 -2 -1 0 1 2 -2 -1 0 1 2 -2 -1 0 1 2 -2 -1 0 1 2 -2 -1 0 1 2 -2 -1 0 1 2 -2 -1 0 1 2 -2 -1 0 1 2 -2 -1 0 1 2 -2 -1 0 1 2 -2 -1 0 1 2 -2 -1 0 1 2 -2 -1 0 1 2 -2 -1 0 1 2 -2 -1 0 1 2 -2 -1 0 1 2 -2 -1 0 1 2 -2 -1 0 1 2 -2 -1 0 1 2 -2 -1 0 1 2 -2 -1 0 1 2 -2 -1 0 1 2 -2 -1 0 1 2 -2 -1 0 1 2 -2 -1 0 1 2 -2 -1 0 1 2 -2 -1 0 1 2 -2 -1 0 1 2 -2 -1 0 1 2 -2 -1 0 1 2 -2 -1 0 1 2 -2 -1 0 1 2 -2 -1 0 1 2 -2 -1 0 1 2 -2 -1 0 1 2 -2 -1 0 1 2 -2 -1 0 1 2 -2 -1 0 1 2 -2 -1 0 1 2 -2 -1 0 1 2 -2 -1 0 1 2 -2 -1 0 1 2 -2 -1 0 1 2 -2 -1 0 1 2 -2 -1 0 1 2 -2 -1 0 1 2 -2 -1 0 1 2 -2
1 -2 0 2 -1 1 -2 0 2 -1 1 -2 0 2 -1 1 -2 0 2 -1 1 -2 0 2 -1 1 -2 0 2 -1 1 -2 0 2 -1 1 -2 0 2 -1 1 -2 0 2 -1 1 -2 0 2 -1 1 -2 0 2 -1 1 -2 0 2 -1 1 -2 0 2 -1 1 -2 0 2 -1 1 -2 0 2 -1 1 -2 0 2 -1 1 -2 0 2 -1 1 -2 0 2 -1 1 -2 0 2 -1 1 -2 0 2 -1 1 -2 0 2 -1 1 -2 0 2 -1 1 -2 0 2 -1 1 -2 0 2 -1 1 -2 0 2 -1 1 -2 0 2 -1 1 -2 0 2 -1 1 -2 0 2 -1 1 -2 0 2 -1 1 -2 0 2 -1 1 -2 0 2 -1 1 -2 0 2 -1 1 -2 0 2 -1 1 -2 0 2 -1 1 -2 0 2 -1 1 -2 0 2 -1 1 -2 0 2 -1 1 -2 0 2 -1 1 -2 0 2 -1 1 -2 0 2 -1 1 -2 0 2 -1 1 -2 0 2 -1 1 -2 0 2 -1 1 -2 0 2 -1 1 -2 0 2 -1 1 -2 0 2 -1 1 -2 0 2 -1 1 -2 0 2 -1 1 -2 0 2 -1 1 -2 0 2 602 1 -2 0 2 -1 1 -2 0 2 -1 1 -2 0 2 -1 1 -2 0 2 -1 1 -2 0 2 -1 1 -2 0 2 -1 1 -2 0 2 -1 1 -2 0 2 -1 1 -2 0 2 -1 1 -2 0 2 -1 1 -2 0 2 -1 1 -2 0 2 -1 1 -2 0 2 -1 1 -2 0 2 -1 1 -2 0 2 -1 1 -2 0 2 -1 1 -2 0 2 -1 1 -2 0 2 -1 1 -2 0 2 -1 1 -2 0 2 -1 1 -2 0 2 -1 1 -2 0 2 -1 1 -2 0 2 -1 1 -2 0 2 -1 1 -2 0 2 -1 1 -2 0 2 -1 1 -2 0 2 -1 1 -2 0 2 -1 1 -2 0 2 -1 1 -2 0 2 -1 1 -2 0 2 -1 1 -2 0 2 -1 1 -2 0 2 -1 1 -2 0 2 -1 1 -2 0 2 -1 1 -2 0 2 -1 1 -2 0 2 -1 1 -2 0 2 -1 1 -2 0 2 -1 1 -2 0 2 -1 1 -2 0 2 -1 1 -2 0 2 -1 1 -2 0 2 -1 1 -2 0 2 -1 1 -2 0 2 -1 1 -2 0 2 -1 1 -2 0 2 -1 1 -2 0 2 -1 1 -2 0 2 -1 1 -2 0 2 -1
-2 1 -1 2 0 -2 1 -1 2 0 -2 1 -1 2 0 -2 1 -1 2 0 -2 1 -1 2 0 -2 1 -1 2 0 -2 1 -1 2 0 -2 1 -1 2 0 -2 1 -1 2 0 -2 1 -1 2 0 -2 1 -1 2 0 -2 1 -1 2 0 -2 1 -1 2 0 -2 1 -1 2 0 -2 1 -1 2 0 -2 1 -1 2 0 -2 1 -1 2 0 -2 1 -1 2 0 -2 1 -1 2 0 -2 1 -1 2 0 -2 1 -1 2 0 -2 1 -1 2 0 -2 1 -1 2 0 -2 1 -1 2 0 -2 1 -1 2 0 -2 1 -1 2 0 -2 1 -1 2 0 -2 1 -1 2 0 -2 1 -1 2 0 -2 1 -1 2 0 -2 1 -1 2 0 -2 1 -1 2 0 -2 1 -1 2 0 -2 1 -1 2 0 -2 1 -1 2 0 -2 1 -1 2 0 -2 1 -1 2 0 -2 1 -1 2 0 -2 1 -1 2 0 -2 1 -1 2 0 -2 1 -1 2 0 -2 1 -1 2 0 -2 1 -1 2 0 -2 1 -1 2 0 -2 1 -1 2 0 -2 1 -1 2 0 -2 1 -1 2 0 -2 1 -1 2 0 -2 1 -1 2 0 -2 1 -1 2 0 601 1 -1 2 0 -2 1 -1 2 0 -2 1 -1 2 0 -2 1 -1 2 0 -2 1 -1 2 0 -2 1 -1 2 0 -2 1 -1 2 0 -2 1 -1 2 0 -2 1 -1 2 0 -2 1 -1 2 0 -2 1 -1 2 0 -2 1 -1 2 0 -2 1 -1 2 0 -2 1 -1 2 0 -2 1 -1 2 0 -2 1 -1 2 0 -2 1 -1 2 0 -2 1 -1 2 0 -2 1 -1 2 0 -2 1 -1 2 0 -2 1 -1 2 0 -2 1 -1 2 0 -2 1 -1 2 0 -2 1 -1 2 0 -2 1 -1 2 0 -2 1 -1 2 0 -2 1 -1 2 0 -2 1 -1 2 0 -2 1 -1 2 0 -2 1 -1 2 0 -2 1 -1 2 0 -2 1 -1 2 0 -2 1 -1 2 0 -2 1 -1 2 0 -2 1 -1 2 0 -2 1 -1 2 0 -2 1 -1 2 0 -2 1 -1 2 0 -2 1 -1 2 0 -2 1 -1 2 0 -2 1 -1 2 0 -2 1 -1 2 0 -2 1 -1 2 0 -2 1 -1 2 0 -2 1 -1 2 0 -2 1 -1 2 0 -2 1 -1 2 0 -2 1 -1 2 0 -2 1 -1 2 0 -2 1 -1 2 0
0 -1 -2 2 1 0 -1 -2 2 1 0 -1 -2 2 1 0 -1 -2 2 1 0 -1 -2 2 1 0 -1 -2 2 1 0 -1 -2 2 1 0 -1 -2 2 1 0 -1 -2 2 1 0 -1 -2 2 1 0 -1 -2 2 1 0 -1 -2 2 1 0 -1 -2 2 1 0 -1 -2 2 1 0 -1 -2 2 1 0 -1 -2 2 1 0 -1 -2 2 1 0 -1 -2 2 1 0 -1 -2 2 1 0 -1 -2 2 1 0 -1 -2 2 1 0 -1 -2 2 1 0 -1 -2 2 1 0 -1 -2 2 1 0 -1 -2 2 1 0 -1 -2 2 1 0 -1 -2 2 1 0 -1 -2 2 1 0 -1 -2 2 1 0 -1 -2 2 1 0 -1 -2 2 1 0 -1 -2 2 1 0 -1 -2 2 1 0 -1 -2 2 1 0 -1 -2 2 1 0 -1 -2 2 1 0 -1 -2 2 1 0 -1 -2 2 1 0 -1 -2 2 1 0 -1 -2 2 1 0 -1 -2 2 1 0 -1 -2 2 1 0 -1 -2 2 1 0 -1 -2 2 1 0 -1 -2 2 1 0 -1 -2 2 1 0 -1 -2 2 1 0 -1 -2 2 1 0 -1 -2 2 1 0 -1 -2 2 1 0 602 -2 2 1 0 -1 -2 2 1 0 -1 -2 2 1 0 -1 -2 2 1 0 -1 -2 2 1 0 -1 -2 2 1 0 -1 -2 2 1 0 -1 -2 2 1 0 -1 -2 2 1 0 -1 -2 2 1 0 -1 -2 2 1 0 -1 -2 2 1 0 -1 -2 2 1 0 -1 -2 2 1 0 -1 -2 2 1 0 -1 -2 2 1 0 -1 -2 2 1 0 -1 -2 2 1 0 -1 -2 2 1 0 -1 -2 2 1 0 -1 -2 2 1 0 -1 -2 2 1 0 -1 -2 2 1 0 -1 -2 2 1 0 -1 -2 2 1 0 -1 -2 2 1 0 -1 -2 2 1 0 -1 -2 2 1 0 -1 -2 2 1 0 -1 -2 2 1 0 -1 -2 2 1 0 -1 -2 2 1 0 -1 -2 2 1 0 -1 -2 2 1 0 -1 -2 2 1 0 -1 -2 2 1 0 -1 -2 2 1 0 -1 -2 2 1 0 -1 -2 2 1 0 -1 -2 2 1 0 -1 -2 2 1 0 -1 -2 2 1 0 -1 -2 2 1 0 -1 -2 2 1 0 -1 -2 2 1 0 -1 -2 2 1 0 -1 -2 2 1 0 -1 -2 2 1 0 -1 -2 2 1 0 -1 -2 2 1
2 2 2 2 2 2 2 2 2 2 2 2 2 2 2 2 2 2 2 2 2 2 2 2 2 2 2 2 2 2 2 2 2 2 2 2 2 2 2 2 2 2 2 2 2 2 2 2 2 2 2 2 2 2 2 2 2 2 2 2 2 2 2 2 2 2 2 2 2 2 2 2 2 2 2 2 2 2 2 2 2 2 2 2 2 2 2 2 2 2 2 2 2 2 2 2 2 2 2 2 2 2 2 2 2 2 2 2 2 2 2 2 2 2 2 2 2 2 2 2 2 2 2 2 2 2 2 2 2 2 2 2 2 2 2 2 2 2 2 2 2 2 2 2 2 2 2 2 2 2 2 2 2 2 2 2 2 2 2 2 2 2 2 2 2 2 2 2 2 2 2 2 2 2 2 2 2 2 2 2 2 2 2 2 2 2 2 2 2 2 2 2 2 2 2 2 2 2 2 2 2 2 2 2 2 2 2 2 2 2 2 2 2 2 2 2 2 2 2 2 2 2 2 2 2 2 2 2 2 2 2 2 2 2 2 2 2 2 2 2 2 2 2 2 2 2 2 2 2 2 2 2 1001 2 2 2 2 2 2 2 2 2 2 2 2 2 2 2 2 2 2 2 2 2 2 2 2 2 2 2 2 2 2 2 2 2 2 2 2 2 2 2 2 2 2 2 2 2 2 2 2 2 2 2 2 2 2 2 2 2 2 2 2 2 2 2 2 2 2 2 2 2 2 2 2 2 2 2 2 2 2 2 2 2 2 2 2 2 2 2 2 2 2 2 2 2 2 2 2 2 2 2 2 2 2 2 2 2 2 2 2 2 2 2 2 2 2 2 2 2 2 2 2 2 2 2 2 2 2 2 2 2 2 2 2 2 2 2 2 2 2 2 2 2 2 2 2 2 2 2 2 2 2 2 2 2 2 2 2 2 2 2 2 2 2 2 2 2 2 2 2 2 2 2 2 2 2 2 2 2 2 2 2 2 2 2 2 2 2 2 2 2 2 2 2 2 2 2 2 2 2 2 2 2 2 2 2 2 2 2 2 2 2 2 2 2 2 2 2 2 2 2 2 2 2 2 2 2 2 2 2 2 2 2 2 2 2 2 2 2 2 2 2 2 2 2 2 2 2 2
-1 0 1 2 -2 -1 0 1 2 -2 -1 0 1 2 -2 -1 0 1 2 -2 -1 0 1 2 -2 -1 0 1 2 -2 -1 0 1 2 -2 -1 0 1 2 -2 -1 0 1 2 -2 -1 0 1 2 -2 -1 0 1 2 -2 -1 0 1 2 -2 -1 0 1 2 -2 -1 0 1 2 -2 -1 0 1 2 -2 -1 0 1 2 -2 -1 0 1 2 -2 -1 0 1 2 -2 -1 0 1 2 -2 -1 0 1 2 -2 -1 0 1 2 -2 -1 0 1 2 -2 -1 0 1 2 -2 -1 0 1 2 -2 -1 0 1 2 -2 -1 0 1 2 -2 -1 0 1 2 -2 -1 0 1 2 -2 -1 0 1 2 -2 -1 0 1 2 -2 -1 0 1 2 -2 -1 0 1 2 -2 -1 0 1 2 -2 -1 0 1 2 -2 -1 0 1 2 -2 -1 0 1 2 -2 -1 0 1 2 -2 -1 0 1 2 -2 -1 0 1 2 -2 -1 0 1 2 -2 -1 0 1 2 -2 -1 0 1 2 -2 -1 0 1 2 -2 -1 0 1 2 -2 -1 0 1 2 -2 -1 0 1 2 -2 -1 0 1 2 -2 -1 0 1 2 -2 -1 0 1 2 -2 -1 0 1 2 -2 -1 0 1 601 -2 -1 0 1 2 -2 -1 0 1 2 -2 -1 0 1 2 -2 -1 0 1 2 -2 -1 0 1 2 -2 -1 0 1 2 -2 -1 0 1 2 -2 -1 0 1 2 -2 -1 0 1 2 -2 -1 0 1 2 -2 -1 0 1 2 -2 -1 0 1 2 -2 -1 0 1 2 -2 -1 0 1 2 -2 -1 0 1 2 -2 -1 0 1 2 -2 -1 0 1 2 -2 -1 0 1 2 -2 -1 0 1 2 -2 -1 0 1 2 -2 -1 0 1 2 -2 -1 0 1 2 -2 -1 0 1 2 -2 -1 0 1 2 -2 -1 0 1 2 -2 -1 0 1 2 -2 -1 0 1 2 -2 -1 0 1 2 -2 -1 0 1 2 -2 -1 0 1 2 -2 -1 0 1 2 -2 -1 0 1 2 -2 -1 0 1 2 -2 -1 0 1 2 -2 -1 0 1 2 -2 -1 0 1 2 -2 -1 0 1 2 -2 -1 0 1 2 -2 -1 0 1 2 -2 -1 0 1 2 -2 -1 0 1 2 -2 -1 0 1 2 -2 -1 0 1 2 -2 -1 0 1 2 -2 -1 0 1 2 -2 -1 0 1 2 -2 -1 0 1 2 -2 -1 0 1 2 -2 -1 0 1 2 -2
1 -2 0 2 -1 1 -2 0 2 -1 1 -2 0 2 -1 1 -2 0 2 -1 1 -2 0 2 -1 1 -2 0 2 -1 1 -2 0 2 -1 1 -2 0 2 -1 1 -2 0 2 -1 1 -2 0 2 -1 1 -2 0 2 -1 1 -2 0 2 -1 1 -2 0 2 -1 1 -2 0 2 -1 1 -2 0 2 -1 1 -2 0 2 -1 1 -2 0 2 -1 1 -2 0 2 -1 1 -2 0 2 -1 1 -2 0 2 -1 1 -2 0 2 -1 1 -2 0 2 -1 1 -2 0 2 -1 1 -2 0 2 -1 1 -2 0 2 -1 1 -2 0 2 -1 1 -2 0 2 -1 1 -2 0 2 -1 1 -2 0 2 -1 1 -2 0 2 -1 1 -2 0 2 -1 1 -2 0 2 -1 1 -2 0 2 -1 1 -2 0 2 -1 1 -2 0 2 -1 1 -2 0 2 -1 1 -2 0 2 -1 1 -2 0 2 -1 1 -2 0 2 -1 1 -2 0 2 -1 1 -2 0 2 -1 1 -2 0 2 -1 1 -2 0 2 -1 1 -2 0 2 -1 1 -2 0 2 -1 1 -2 0 2 -1 1 -2 0 2 -1 1 -2 0 2 -1 1 -2 0 2 -1 1 -2 0 2 -1 1 -2 0 2 602 1 -2 0 2 -1 1 -2 0 2 -1 1 -2 0 2 -1 1 -2 0 2 -1 1 -2 0 2 -1 1 -2 0 2 -1 1 -2 0 2 -1 1 -2 0 2 -1 1 -2 0 2 -1 1 -2 0 2 -1 1 -2 0 2 -1 1 -2 0 2 -1 1 -2 0 2 -1 1 -2 0 2 -1 1 -2 0 2 -1 1 -2 0 2 -1 1 -2 0 2 -1 1 -2 0 2 -1 1 -2 0 2 -1 1 -2 0 2 -1 1 -2 0 2 -1 1 -2 0 2 -1 1 -2 0 2 -1 1 -2 0 2 -1 1 -2 0 2 -1 1 -2 0 2 -1 1 -2 0 2 -1 1 -2 0 2 -1 1 -2 0 2 -1 1 -2 0 2 -1 1 -2 0 2 -1 1 -2 0 2 -1 1 -2 0 2 -1 1 -2 0 2 -1 1 -2 0 2 -1 1 -2 0 2 -1 1 -2 0 2 -1 1 -2 0 2 -1 1 -2 0 2 -1 1 -2 0 2 -1 1 -2 0 2 -1 1 -2 0 2 -1 1 -2 0 2 -1 1 -2 0 2 -1 1 -2 0 2 -1 1 -2 0 2 -1 1 -2 0 2 -1 1 -2 0 2 -1 1 -2 0 2 -1
-2 1 -1 2 0 -2 1 -1 2 0 -2 1 -1 2 0 -2 1 -1 2 0 -2 1 -1 2 0 -2 1 -1 2 0 -2 1 -1 2 0 -2 1 -1 2 0 -2 1 -1 2 0 -2 1 -1 2 0 -2 1 -1 2 0 -2 1 -1 2 0 -2 1 -1 2 0 -2 1 -1 2 0 -2 1 -1 2 0 -2 1 -1 2 0 -2 1 -1 2 0 -2 1 -1 2 0 -2 1 -1 2 0 -2 1 -1 2 0 -2 1 -1 2 0 -2 1 -1 2 0 -2 1 -1 2 0 -2 1 -1 2 0 -2 1 -1 2 0 -2 1 -1 2 0 -2 1 -1 2 0 -2 1 -1 2 0 -2 1 -1 2 0 -2 1 -1 2 0 -2 1 -1 2 0 -2 1 -1 2 0 -2 1 -1 2 0 -2 1 -1 2 0 -2 1 -1 2 0 -2 1 -1 2 0 -2 1 -1 2 0 -2 1 -1 2 0 -2 1 -1 2 0 -2 1 -1 2 0 -2 1 -1 2 0 -2 1 -1 2 0 -2 1 -1 2 0 -2 1 -1 2 0 -2 1 -1 2 0 -2 1 -1 2 0 -2 1 -1 2 0 -2 1 -1 2 0 -2 1 -1 2 0 -2 1 -1 2 0 -2 1 -1 2 0 601 1 -1 2 0 -2 1 -1 2 0 -2 1 -1 2 0 -2 1 -1 2 0 -2 1 -1 2 0 -2 1 -1 2 0 -2 1 -1 2 0 -2 1 -1 2 0 -2 1 -1 2 0 -2 1 -1 2 0 -2 1 -1 2 0 -2 1 -1 2 0 -2 1 -1 2 0 -2 1 -1 2 0 -2 1 -1 2 0 -2 1 -1 2 0 -2 1 -1 2 0 -2 1 -1 2 0 -2 1 -1 2 0 -2 1 -1 2 0 -2 1 -1 2 0 -2 1 -1 2 0 -2 1 -1 2 0 -2 1 -1 2 0 -2 1 -1 2 0 -2 1 -1 2 0 -2 1 -1 2 0 -2 1 -1 2 0 -2 1 -1 2 0 -2 1 -1 2 0 -2 1 -1 2 0 -2 1 -1 2 0 -2 1 -1 2 0 -2 1 -1 2 0 -2 1 -1 2 0 -2 1 -1 2 0 -2 1 -1 2 0 -2 1 -1 2 0 -2 1 -1 2 0 -2 1 -1 2 0 -2 1 -1 2 0 -2 1 -1 2 0 -2 1 -1 2 0 -2 1 -1 2 0 -2 1 -1 2 0 -2 1 -1 2 0 -2 1 -1 2 0 -2 1 -1 2 0 -2 1 -1 2 0
0 -1 -2 2 1 0 -1 -2 2 1 0 -1 -2 2 1 0 -1 -2 2 1 0 -1 -2 2 1 0 -1 -2 2 1 0 -1 -2 2 1 0 -1 -2 2 1 0 -1 -2 2 1 0 -1 -2 2 1 0 -1 -2 2 1 0 -1 -2 2 1 0 -1 -2 2 1 0 -1 -2 2 1 0 -1 -2 2 1 0 -1 -2 2 1 0 -1 -2 2 1 0 -1 -2 2 1 0 -1 -2 2 1 0 -1 -2 2 1 0 -1 -2 2 1 0 -1 -2 2 1 0 -1 -2 2 1 0 -1 -2 2 1 0 -1 -2 2 1 0 -1 -2 2 1 0 -1 -2 2 1 0 -1 -2 2 1 0 -1 -2 2 1 0 -1 -2 2 1 0 -1 -2 2 1 0 -1 -2 2 1 0 -1 -2 2 1 0 -1 -2 2 1 0 -1 -2 2 1 0 -1 -2 2 1 0 -1 -2 2 1 0 -1 -2 2 1 0 -1 -2 2 1 0 -1 -2 2 1 0 -1 -2 2 1 0 -1 -2 2 1 0 -1 -2 2 1 0 -1 -2 2 1 0 -1 -2 2 1 0 -1 -2 2 1 0 -1 -2 2 1 0 -1 -2 2 1 0 -1 -2 2 1 0 -1 -2 2 1 0 -1 -2 2 1 0 602 -2 2 1 0 -1 -2 2 1 0 -1 -2 2 1 0 -1 -2 2 1 0 -1 -2 2 1 0 -1 -2 2 1 0 -1 -2 2 1 0 -1 -2 2 1 0 -1 -2 2 1 0 -1 -2 2 1 0 -1 -2 2 1 0 -1 -2 2 1 0 -1 -2 2 1 0 -1 -2 2 1 0 -1 -2 2 1 0 -1 -2 2 1 0 -1 -2 2 1 0 -1 -2 2 1 0 -1 -2 2 1 0 -1 -2 2 1 0 -1 -2 2 1 0 -1 -2 2 1 0 -1 -2 2 1 0 -1 -2 2 1 0 -1 -2 2 1 0 -1 -2 2 1 0 -1 -2 2 1 0 -1 -2 2 1 0 -1 -2 2 1 0 -1 -2 2 1 0 -1 -2 2 1 0 -1 -2 2 1 0 -1 -2 2 1 0 -1 -2 2 1 0 -1 -2 2 1 0 -1 -2 2 1 0 -1 -2 2 1 0 -1 -2 2 1 0 -1 -2 2 1 0 -1 -2 2 1 0 -1 -2 2 1 0 -1 -2 2 1 0 -1 -2 2 1 0 -1 -2 2 1 0 -1 -2 2 1 0 -1 -2 2 1 0 -1 -2 2 1 0 -1 -2 2 1 0 -1 -2 2 1
2 2 2 2 2 2 2 2 2 2 2 2 2 2 2 2 2 2 2 2 2 2 2 2 2 2 2 2 2 2 2 2 2 2 2 2 2 2 2 2 2 2 2 2 2 2 2 2 2 2 2 2 2 2 2 2 2 2 2 2 2 2 2 2 2 2 2 2 2 2 2 2 2 2 2 2 2 2 2 2 2 2 2 2 2 2 2 2 2 2 2 2 2 2 2 2 2 2 2 2 2 2 2 2 2 2 2 2 2 2 2 2 2 2 2 2 2 2 2 2 2 2 2 2 2 2 2 2 2 2 2 2 2 2 2 2 2 2 2 2 2 2 2 2 2 2 2 2 2 2 2 2 2 2 2 2 2 2 2 2 2 2 2 2 2 2 2 2 2 2 2 2 2 2 2 2 2 2 2 2 2 2 2 2 2 2 2 2 2 2 2 2 2 2 2 2 2 2 2 2 2 2 2 2 2 2 2 2 2 2 2 2 2 2 2 2 2 2 2 2 2 2 2 2 2 2 2 2 2 2 2 2 2 2 2 2 2 2 2 2 2 2 2 2 2 2 2 2 2 2 2 2 2 2 2 2 2 1001 2 2 2 2 2 2 2 2 2 2 2 2 2 2 2 2 2 2 2 2 2 2 2 2 2 2 2 2 2 2 2 2 2 2 2 2 2 2 2 2 2 2 2 2 2 2 2 2 2 2 2 2 2 2 2 2 2 2 2 2 2 2 2 2 2 2 2 2 2 2 2 2 2 2 2 2 2 2 2 2 2 2 2 2 2 2 2 2 2 2 2 2 2 2 2 2 2 2 2 2 2 2 2 2 2 2 2 2 2 2 2 2 2 2 2 2 2 2 2 2 2 2 2 2 2 2 2 2 2 2 2 2 2 2 2 2 2 2 2 2 2 2 2 2 2 2 2 2 2 2 2 2 2 2 2 2 2 2 2 2 2 2 2 2 2 2 2 2 2 2 2 2 2 2 2 2 2 2 2 2 2 2 2 2 2 2 2 2 2 2 2 2 2 2 2 2 2 2 2 2 2 2 2 2 2 2 2 2 2 2 2 2 2 2 2 2 2 2 2 2 2 2 2 2 2 2 2 2 2 2 2 2 2 2 2 2 2 2 2 2 2 2
-1 0 1 2 -2 -1 0 1 2 -2 -1 0 1 2 -2 -1 0 1 2 -2 -1 0 1 2 -2 -1 0 1 2 -2 -1 0 1 2 -2 -1 0 1 2 -2 -1 0 1 2 -2 -1 0 1 2 -2 -1 0 1 2 -2 -1 0 1 2 -2 -1 0 1 2 -2 -1 0 1 2 -2 -1 0 1 2 -2 -1 0 1 2 -2 -1 0 1 2 -2 -1 0 1 2 -2 -1 0 1 2 -2 -1 0 1 2 -2 -1 0 1 2 -2 -1 0 1 2 -2 -1 0 1 2 -2 -1 0 1 2 -2 -1 0 1 2 -2 -1 0 1 2 -2 -1 0 1 2 -2 -1 0 1 2 -2 -1 0 1 2 -2 -1 0 1 2 -2 -1 0 1 2 -2 -1 0 1 2 -2 -1 0 1 2 -2 -1 0 1 2 -2 -1 0 1 2 -2 -1 0 1 2 -2 -1 0 1 2 -2 -1 0 1 2 -2 -1 0 1 2 -2 -1 0 1 2 -2 -1 0 1 2 -2 -1 0 1 2 -2 -1 0 1 2 -2 -1 0 1 2 -2 -1 0 1 2 -2 -1 0 1 2 -2 -1 0 1 2 -2 -1 0 1 2 -2 -1 0 1 2 -2 -1 0 1 2 -2 -1 0 1 2 -2 -1 0 1 601 -2 -1 0 1 2 -2 -1 0 1 2 -2 -1 0 1 2 -2 -1 0 1 2 -2 -1 0 1 2 -2 -1 0 1 2 -2 -1 0 1 2 -2 -1 0 1 2 -2 -1 0 1 2 -2 -1 0 1 2 -2 -1 0 1 2 -2 -1 0 1 2 -2 -1 0 1 2 -2 -1 0 1 2 -2 -1 0 1 2 -2 -1 0 1 2 -2 -1 0 1 2 -2 -1 0 1 2 -2 -1 0 1 2 -2 -1 0 1 2 -2 -1 0 1 2 -2 -1 0 1 2 -2 -1 0 1 2 -2 -1 0 1 2 -2 -1 0 1 2 -2 -1 0 1 2 -2 -1 0 1 2 -2 -1 0 1 2 -2 -1 0 1 2 -2 -1 0 1 2 -2 -1 0 1 2 -2 -1 0 1 2 -2 -1 0 1 2 -2 -1 0 1 2 -2 -1 0 1 2 -2 -1 0 1 2 -2 -1 0 1 2 -2 -1 0 1 2 -2 -1 0 1 2 -2 -1 0 1 2 -2 -1 0 1 2 -2 -1 0 1 2 -2 -1 0 1 2 -2 -1 0 1 2 -2 -1 0 1 2 -2 -1 0 1 2 -2 -1 0 1 2 -2 -1 0 1 2 -2
1 -2 0 2 -1 1 -2 0 2 -1 1 -2 0 2 -1 1 -2 0 2 -1 1 -2 0 2 -1 1 -2 0 2 -1 1 -2 0 2 -1 1 -2 0 2 -1 1 -2 0 2 -1 1 -2 0 2 -1 1 -2 0 2 -1 1 -2 0 2 -1 1 -2 0 2 -1 1 -2 0 2 -1 1 -2 0 2 -1 1 -2 0 2 -1 1 -2 0 2 -1 1 -2 0 2 -1 1 -2 0 2 -1 1 -2 0 2 -1 1 -2 0 2 -1 1 -2 0 2 -1 1 -2 0 2 -1 1 -2 0 2 -1 1 -2 0 2 -1 1 -2 0 2 -1 1 -2 0 2 -1 1 -2 0 2 -1 1 -2 0 2 -1 1 -2 0 2 -1 1 -2 0 2 -1 1 -2 0 2 -1 1 -2 0 2 -1 1 -2 0 2 -1 1 -2 0 2 -1 1 -2 0 2 -1 1 -2 0 2 -1 1 -2 0 2 -1 1 -2 0 2 -1 1 -2 0 2 -1 1 -2 0 2 -1 1 -2 0 2 -1 1 -2 0 2 -1 1 -2 0 2 -1 1 -2 0 2 -1 1 -2 0 2 -1 1 -2 0 2 -1 1 -2 0 2 -1 1 -2 0 2 -1 1 -2 0 2 -1 1 -2 0 2 -1 1 -2 0 2 602 1 -2 0 2 -1 1 -2 0 2 -1 1 -2 0 2 -1 1 -2 0 2 -1 1 -2 0 2 -1 1 -2 0 2 -1 1 -2 0 2 -1 1 -2 0 2 -1 1 -2 0 2 -1 1 -2 0 2 -1 1 -2 0 2 -1 1 -2 0 2 -1 1 -2 0 2 -1 1 -2 0 2 -1 1 -2 0 2 -1 1 -2 0 2 -1 1 -2 0 2 -1 1 -2 0 2 -1 1 -2 0 2 -1 1 -2 0 2 -1 1 -2 0 2 -1 1 -2 0 2 -1 1 -2 0 2 -1 1 -2 0 2 -1 1 -2 0 2 -1 1 -2 0 2 -1 1 -2 0 2 -1 1 -2 0 2 -1 1 -2 0 2 -1 1 -2 0 2 -1 1 -2 0 2 -1 1 -2 0 2 -1 1 -2 0 2 -1 1 -2 0 2 -1 1 -2 0 2 -1 1 -2 0 2 -1 1 -2 0 2 -1 1 -2 0 2 -1 1 -2 0 2 -1 1 -2 0 2 -1 1 -2 0 2 -1 1 -2 0 2 -1 1 -2 0 2 -1 1 -2 0 2 -1 1 -2 0 2 -1 1 -2 0 2 -1 1 -2 0 2 -1 1 -2 0 2 -1
-2 1 -1 2 0 -2 1 -1 2 0 -2 1 -1 2 0 -2 1 -1 2 0 -2 1 -1 2 0 -2 1 -1 2 0 -2 1 -1 2 0 -2 1 -1 2 0 -2 1 -1 2 0 -2 1 -1 2 0 -2 1 -1 2 0 -2 1 -1 2 0 -2 1 -1 2 0 -2 1 -1 2 0 -2 1 -1 2 0 -2 1 -1 2 0 -2 1 -1 2 0 -2 1 -1 2 0 -2 1 -1 2 0 -2 1 -1 2 0 -2 1 -1 2 0 -2 1 -1 2 0 -2 1 -1 2 0 -2 1 -1 2 0 -2 1 -1 2 0 -2 1 -1 2 0 -2 1 -1 2 0 -2 1 -1 2 0 -2 1 -1 2 0 -2 1 -1 2 0 -2 1 -1 2 0 -2 1 -1 2 0 -2 1 -1 2 0 -2 1 -1 2 0 -2 1 -1 2 0 -2 1 -1 2 0 -2 1 -1 2 0 -2 1 -1 2 0 -2 1 -1 2 0 -2 1 -1 2 0 -2 1 -1 2 0 -2 1 -1 2 0 -2 1 -1 2 0 -2 1 -1 2 0 -2 1 -1 2 0 -2 1 -1 2 0 -2 1 -1 2 0 -2 1 -1 2 0 -2 1 -1 2 0 -2 1 -1 2 0 -2 1 -1 2 0 -2 1 -1 2 0 601 1 -1 2 0 -2 1 -1 2 0 -2 1 -1 2 0 -2 1 -1 2 0 -2 1 -1 2 0 -2 1 -1 2 0 -2 1 -1 2 0 -2 1 -1 2 0 -2 1 -1 2 0 -2 1 -1 2 0 -2 1 -1 2 0 -2 1 -1 2 0 -2 1 -1 2 0 -2 1 -1 2 0 -2 1 -1 2 0 -2 1 -1 2 0 -2 1 -1 2 0 -2 1 -1 2 0 -2 1 -1 2 0 -2 1 -1 2 0 -2 1 -1 2 0 -2 1 -1 2 0 -2 1 -1 2 0 -2 1 -1 2 0 -2 1 -1 2 0 -2 1 -1 2 0 -2 1 -1 2 0 -2 1 -1 2 0 -2 1 -1 2 0 -2 1 -1 2 0 -2 1 -1 2 0 -2 1 -1 2 0 -2 1 -1 2 0 -2 1 -1 2 0 -2 1 -1 2 0 -2 1 -1 2 0 -2 1 -1 2 0 -2 1 -1 2 0 -2 1 -1 2 0 -2 1 -1 2 0 -2 1 -1 2 0 -2 1 -1 2 0 -2 1 -1 2 0 -2 1 -1 2 0 -2 1 -1 2 0 -2 1 -1 2 0 -2 1 -1 2 0 -2 1 -1 2 0
0 -1 -2 2 1 0 -1 -2 2 1 0 -1 -2 2 1 0 -1 -2 2 1 0 -1 -2 2 1 0 -1 -2 2 1 0 -1 -2 2 1 0 -1 -2 2 1 0 -1 -2 2 1 0 -1 -2 2 1 0 -1 -2 2 1 0 -1 -2 2 1 0 -1 -2 2 1 0 -1 -2 2 1 0 -1 -2 2 1 0 -1 -2 2 1 0 -1 -2 2 1 0 -1 -2 2 1 0 -1 -2 2 1 0 -1 -2 2 1 0 -1 -2 2 1 0 -1 -2 2 1 0 -1 -2 2 1 0 -1 -2 2 1 0 -1 -2 2 1 0 -1 -2 2 1 0 -1 -2 2 1 0 -1 -2 2 1 0 -1 -2 2 1 0 -1 -2 2 1 0 -1 -2 2 1 0 -1 -2 2 1 0 -1 -2 2 1 0 -1 -2 2 1 0 -1 -2 2 1 0 -1 -2 2 1 0 -1 -2 2 1 0 -1 -2 2 1 0 -1 -2 2 1 0 -1 -2 2 1 0 -1 -2 2 1 0 -1 -2 2 1 0 -1 -2 2 1 0 -1 -2 2 1 0 -1 -2 2 1 0 -1 -2 2 1 0 -1 -2 2 1 0 -1 -2 2 1 0 -1 -2 2 1 0 -1 -2 2 1 0 -1 -2 2 1 0 -1 -2 2 1 0 602 -2 2 1 0 -1 -2 2 1 0 -1 -2 2 1 0 -1 -2 2 1 0 -1 -2 2 1 0 -1 -2 2 1 0 -1 -2 2 1 0 -1 -2 2 1 0 -1 -2 2 1 0 -1 -2 2 1 0 -1 -2 2 1 0 -1 -2 2 1 0 -1 -2 2 1 0 -1 -2 2 1 0 -1 -2 2 1 0 -1 -2 2 1 0 -1 -2 2 1 0 -1 -2 2 1 0 -1 -2 2 1 0 -1 -2 2 1 0 -1 -2 2 1 0 -1 -2 2 1 0 -1 -2 2 1 0 -1 -2 2 1 0 -1 -2 2 1 0 -1 -2 2 1 0 -1 -2 2 1 0 -1 -2 2 1 0 -1 -2 2 1 0 -1 -2 2 1 0 -1 -2 2 1 0 -1 -2 2 1 0 -1 -2 2 1 0 -1 -2 2 1 0 -1 -2 2 1 0 -1 -2 2 1 0 -1 -2 2 1 0 -1 -2 2 1 0 -1 -2 2 1 0 -1 -2 2 1 0 -1 -2 2 1 0 -1 -2 2 1 0 -1 -2 2 1 0 -1 -2 2 1 0 -1 -2 2 1 0 -1 -2 2 1 0 -1 -2 2 1 0 -1 -2 2 1
2 2 2 2 2 2 2 2 2 2 2 2 2 2 2 2 2 2 2 2 2 2 2 2 2 2 2 2 2 2 2 2 2 2 2 2 2 2 2 2 2 2 2 2 2 2 2 2 2 2 2 2 2 2 2 2 2 2 2 2 2 2 2 2 2 2 2 2 2 2 2 2 2 2 2 2 2 2 2 2 2 2 2 2 2 2 2 2 2 2 2 2 2 2 2 2 2 2 2 2 2 2 2 2 2 2 2 2 2 2 2 2 2 2 2 2 2 2 2 2 2 2 2 2 2 2 2 2 2 2 2 2 2 2 2 2 2 2 2 2 2 2 2 2 2 2 2 2 2 2 2 2 2 2 2 2 2 2 2 2 2 2 2 2 2 2 2 2 2 2 2 2 2 2 2 2 2 2 2 2 2 2 2 2 2 2 2 2 2 2 2 2 2 2 2 2 2 2 2 2 2 2 2 2 2 2 2 2 2 2 2 2 2 2 2 2 2 2 2 2 2 2 2 2 2 2 2 2 2 2 2 2 2 2 2 2 2 2 2 2 2 2 2 2 2 2 2 2 2 2 2 2 2 2 2 2 2 2 2 2 2 2 1001 2 2 2 2 2 2 2 2 2 2 2 2 2 2 2 2 2 2 2 2 2 2 2 2 2 2 2 2 2 2 2 2 2 2 2 2 2 2 2 2 2 2 2 2 2 2 2 2 2 2 2 2 2 2 2 2 2 2 2 2 2 2 2 2 2 2 2 2 2 2 2 2 2 2 2 2 2 2 2 2 2 2 2 2 2 2 2 2 2 2 2 2 2 2 2 2 2 2 2 2 2 2 2 2 2 2 2 2 2 2 2 2 2 2 2 2 2 2 2 2 2 2 2 2 2 2 2 2 2 2 2 2 2 2 2 2 2 2 2 2 2 2 2 2 2 2 2 2 2 2 2 2 2 2 2 2 2 2 2 2 2 2 2 2 2 2 2 2 2 2 2 2 2 2 2 2 2 2 2 2 2 2 2 2 2 2 2 2 2 2 2 2 2 2 2 2 2 2 2 2 2 2 2 2 2 2 2 2 2 2 2 2 2 2 2 2 2 2 2 2 2 2 2 2 2 2 2 2 2 2 2 2 2 2 2 2 2
-1 0 1 2 -2 -1 0 1 2 -2 -1 0 1 2 -2 -1 0 1 2 -2 -1 0 1 2 -2 -1 0 1 2 -2 -1 0 1 2 -2 -1 0 1 2 -2 -1 0 1 2 -2 -1 0 1 2 -2 -1 0 1 2 -2 -1 0 1 2 -2 -1 0 1 2 -2 -1 0 1 2 -2 -1 0 1 2 -2 -1 0 1 2 -2 -1 0 1 2 -2 -1 0 1 2 -2 -1 0 1 2 -2 -1 0 1 2 -2 -1 0 1 2 -2 -1 0 1 2 -2 -1 0 1 2 -2 -1 0 1 2 -2 -1 0 1 2 -2 -1 0 1 2 -2 -1 0 1 2 -2 -1 0 1 2 -2 -1 0 1 2 -2 -1 0 1 2 -2 -1 0 1 2 -2 -1 0 1 2 -2 -1 0 1 2 -2 -1 0 1 2 -2 -1 0 1 2 -2 -1 0 1 2 -2 -1 0 1 2 -2 -1 0 1 2 -2 -1 0 1 2 -2 -1 0 1 2 -2 -1 0 1 2 -2 -1 0 1 2 -2 -1 0 1 2 -2 -1 0 1 2 -2 -1 0 1 2 -2 -1 0 1 2 -2 -1 0 1 2 -2 -1 0 1 2 -2 -1 0 1 2 -2 -1 0 1 2 -2 -1 0 1 2 -2 -1 0 1 2 -2 -1 0 1 601 -2 -1 0 1 2 -2 -1 0 1 2 -2 -1 0 1 2 -2 -1 0 1 2 -2 -1 0 1 2 -2 -1 0 1 2 -2 -1 0 1 2 -2 -1 0 1 2 -2 -1 0 1 2 -2 -1 0 1 2 -2 -1 0 1 2 -2 -1 0 1 2 -2 -1 0 1 2 -2 -1 0 1 2 -2 -1 0 1 2 -2 -1 0 1 2 -2 -1 0 1 2 -2 -1 0 1 2 -2 -1 0 1 2 -2 -1 0 1 2 -2 -1 0 1 2 -2 -1 0 1 2 -2 -1 0 1 2 -2 -1 0 1 2 -2 -1 0 1 2 -2 -1 0 1 2 -2 -1 0 1 2 -2 -1 0 1 2 -2 -1 0 1 2 -2 -1 0 1 2 -2 -1 0 1 2 -2 -1 0 1 2 -2 -1 0 1 2 -2 -1 0 1 2 -2 -1 0 1 2 -2 -1 0 1 2 -2 -1 0 1 2 -2 -1 0 1 2 -2 -1 0 1 2 -2 -1 0 1 2 -2 -1 0 1 2 -2 -1 0 1 2 -2 -1 0 1 2 -2 -1 0 1 2 -2 -1 0 1 2 -2 -1 0 1 2 -2 -1 0 1 2 -2
1 -2 0 2 -1 1 -2 0 2 -1 1 -2 0 2 -1 1 -2 0 2 -1 1 -2 0 2 -1 1 -2 0 2 -1 1 -2 0 2 -1 1 -2 0 2 -1 1 -2 0 2 -1 1 -2 0 2 -1 1 -2 0 2 -1 1 -2 0 2 -1 1 -2 0 2 -1 1 -2 0 2 -1 1 -2 0 2 -1 1 -2 0 2 -1 1 -2 0 2 -1 1 -2 0 2 -1 1 -2 0 2 -1 1 -2 0 2 -1 1 -2 0 2 -1 1 -2 0 2 -1 1 -2 0 2 -1 1 -2 0 2 -1 1 -2 0 2 -1 1 -2 0 2 -1 1 -2 0 2 -1 1 -2 0 2 -1 1 -2 0 2 -1 1 -2 0 2 -1 1 -2 0 2 -1 1 -2 0 2 -1 1 -2 0 2 -1 1 -2 0 2 -1 1 -2 0 2 -1 1 -2 0 2 -1 1 -2 0 2 -1 1 -2 0 2 -1 1 -2 0 2 -1 1 -2 0 2 -1 1 -2 0 2 -1 1 -2 0 2 -1 1 -2 0 2 -1 1 -2 0 2 -1 1 -2 0 2 -1 1 -2 0 2 -1 1 -2 0 2 -1 1 -2 0 2 -1 1 -2 0 2 -1 1 -2 0 2 -1 1 -2 0 2 -1 1 -2 0 2 -1 1 -2 0 2 602 1 -2 0 2 -1 1 -2 0 2 -1 1 -2 0 2 -1 1 -2 0 2 -1 1 -2 0 2 -1 1 -2 0 2 -1 1 -2 0 2 -1 1 -2 0 2 -1 1 -2 0 2 -1 1 -2 0 2 -1 1 -2 0 2 -1 1 -2 0 2 -1 1 -2 0 2 -1 1 -2 0 2 -1 1 -2 0 2 -1 1 -2 0 2 -1 1 -2 0 2 -1 1 -2 0 2 -1 1 -2 0 2 -1 1 -2 0 2 -1 1 -2 0 2 -1 1 -2 0 2 -1 1 -2 0 2 -1 1 -2 0 2 -1 1 -2 0 2 -1 1 -2 0 2 -1 1 -2 0 2 -1 1 -2 0 2 -1 1 -2 0 2 -1 1 -2 0 2 -1 1 -2 0 2 -1 1 -2 0 2 -1 1 -2 0 2 -1 1 -2 0 2 -1 1 -2 0 2 -1 1 -2 0 2 -1 1 -2 0 2 -1 1 -2 0 2 -1 1 -2 0 2 -1 1 -2 0 2 -1 1 -2 0 2 -1 1 -2 0 2 -1 1 -2 0 2 -1 1 -2 0 2 -1 1 -2 0 2 -1 1 -2 0 2 -1 1 -2 0 2 -1
-2 1 -1 2 0 -2 1 -1 2 0 -2 1 -1 2 0 -2 1 -1 2 0 -2 1 -1 2 0 -2 1 -1 2 0 -2 1 -1 2 0 -2 1 -1 2 0 -2 1 -1 2 0 -2 1 -1 2 0 -2 1 -1 2 0 -2 1 -1 2 0 -2 1 -1 2 0 -2 1 -1 2 0 -2 1 -1 2 0 -2 1 -1 2 0 -2 1 -1 2 0 -2 1 -1 2 0 -2 1 -1 2 0 -2 1 -1 2 0 -2 1 -1 2 0 -2 1 -1 2 0 -2 1 -1 2 0 -2 1 -1 2 0 -2 1 -1 2 0 -2 1 -1 2 0 -2 1 -1 2 0 -2 1 -1 2 0 -2 1 -1 2 0 -2 1 -1 2 0 -2 1 -1 2 0 -2 1 -1 2 0 -2 1 -1 2 0 -2 1 -1 2 0 -2 1 -1 2 0 -2 1 -1 2 0 -2 1 -1 2 0 -2 1 -1 2 0 -2 1 -1 2 0 -2 1 -1 2 0 -2 1 -1 2 0 -2 1 -1 2 0 -2 1 -1 2 0 -2 1 -1 2 0 -2 1 -1 2 0 -2 1 -1 2 0 -2 1 -1 2 0 -2 1 -1 2 0 -2 1 -1 2 0 -2 1 -1 2 0 -2 1 -1 2 0 -2 1 -1 2 0 -2 1 -1 2 0 601 1 -1 2 0 -2 1 -1 2 0 -2 1 -1 2 0 -2 1 -1 2 0 -2 1 -1 2 0 -2 1 -1 2 0 -2 1 -1 2 0 -2 1 -1 2 0 -2 1 -1 2 0 -2 1 -1 2 0 -2 1 -1 2 0 -2 1 -1 2 0 -2 1 -1 2 0 -2 1 -1 2 0 -2 1 -1 2 0 -2 1 -1 2 0 -2 1 -1 2 0 -2 1 -1 2 0 -2 1 -1 2 0 -2 1 -1 2 0 -2 1 -1 2 0 -2 1 -1 2 0 -2 1 -1 2 0 -2 1 -1 2 0 -2 1 -1 2 0 -2 1 -1 2 0 -2 1 -1 2 0 -2 1 -1 2 0 -2 1 -1 2 0 -2 1 -1 2 0 -2 1 -1 2 0 -2 1 -1 2 0 -2 1 -1 2 0 -2 1 -1 2 0 -2 1 -1 2 0 -2 1 -1 2 0 -2 1 -1 2 0 -2 1 -1 2 0 -2 1 -1 2 0 -2 1 -1 2 0 -2 1 -1 2 0 -2 1 -1 2 0 -2 1 -1 2 0 -2 1 -1 2 0 -2 1 -1 2 0 -2 1 -1 2 0 -2 1 -1 2 0
0 -1 -2 2 1 0 -1 -2 2 1 0 -1 -2 2 1 0 -1 -2 2 1 0 -1 -2 2 1 0 -1 -2 2 1 0 -1 -2 2 1 0 -1 -2 2 1 0 -1 -2 2 1 0 -1 -2 2 1 0 -1 -2 2 1 0 -1 -2 2 1 0 -1 -2 2 1 0 -1 -2 2 1 0 -1 -2 2 1 0 -1 -2 2 1 0 -1 -2 2 1 0 -1 -2 2 1 0 -1 -2 2 1 0 -1 -2 2 1 0 -1 -2 2 1 0 -1 -2 2 1 0 -1 -2 2 1 0 -1 -2 2 1 0 -1 -2 2 1 0 -1 -2 2 1 0 -1 -2 2 1 0 -1 -2 2 1 0 -1 -2 2 1 0 -1 -2 2 1 0 -1 -2 2 1 0 -1 -2 2 1 0 -1 -2 2 1 0 -1 -2 2 1 0 -1 -2 2 1 0 -1 -2 2 1 0 -1 -2 2 1 0 -1 -2 2 1 0 -1 -2 2 1 0 -1 -2 2 1 0 -1 -2 2 1 0 -1 -2 2 1 0 -1 -2 2 1 0 -1 -2 2 1 0 -1 -2 2 1 0 -1 -2 2 1 0 -1 -2 2 1 0 -1 -2 2 1 0 -1 -2 2 1 0 -1 -2 2 1 0 -1 -2 2 1 0 -1 -2 2 1 0 -1 -2 2 1 0 602 -2 2 1 0 -1 -2 2 1 0 -1 -2 2 1 0 -1 -2 2 1 0 -1 -2 2 1 0 -1 -2 2 1 0 -1 -2 2 1 0 -1 -2 2 1 0 -1 -2 2 1 0 -1 -2 2 1 0 -1 -2 2 1 0 -1 -2 2 1 0 -1 -2 2 1 0 -1 -2 2 1 0 -1 -2 2 1 0 -1 -2 2 1 0 -1 -2 2 1 0 -1 -2 2 1 0 -1 -2 2 1 0 -1 -2 2 1 0 -1 -2 2 1 0 -1 -2 2 1 0 -1 -2 2 1 0 -1 -2 2 1 0 -1 -2 2 1 0 -1 -2 2 1 0 -1 -2 2 1 0 -1 -2 2 1 0 -1 -2 2 1 0 -1 -2 2 1 0 -1 -2 2 1 0 -1 -2 2 1 0 -1 -2 2 1 0 -1 -2 2 1 0 -1 -2 2 1 0 -1 -2 2 1 0 -1 -2 2 1 0 -1 -2 2 1 0 -1 -2 2 1 0 -1 -2 2 1 0 -1 -2 2 1 0 -1 -2 2 1 0 -1 -2 2 1 0 -1 -2 2 1 0 -1 -2 2 1 0 -1 -2 2 1 0 -1 -2 2 1
2 2 2 2 2 2 2 2 2 2 2 2 2 2 2 2 2 2 2 2 2 2 2 2 2 2 2 2 2 2 2 2 2 2 2 2 2 2 2 2 2 2 2 2 2 2 2 2 2 2 2 2 2 2 2 2 2 2 2 2 2 2 2 2 2 2 2 2 2 2 2 2 2 2 2 2 2 2 2 2 2 2 2 2 2 2 2 2 2 2 2 2 2 2 2 2 2 2 2 2 2 2 2 2 2 2 2 2 2 2 2 2 2 2 2 2 2 2 2 2 2 2 2 2 2 2 2 2 2 2 2 2 2 2 2 2 2 2 2 2 2 2 2 2 2 2 2 2 2 2 2 2 2 2 2 2 2 2 2 2 2 2 2 2 2 2 2 2 2 2 2 2 2 2 2 2 2 2 2 2 2 2 2 2 2 2 2 2 2 2 2 2 2 2 2 2 2 2 2 2 2 2 2 2 2 2 2 2 2 2 2 2 2 2 2 2 2 2 2 2 2 2 2 2 2 2 2 2 2 2 2 2 2 2 2 2 2 2 2 2 2 2 2 2 2 2 2 2 2 2 2 2 2 2 2 2 2 2 2 2 2 2 2 2 2 2 2 1001 2 2 2 2 2 2 2 2 2 2 2 2 2 2 2 2 2 2 2 2 2 2 2 2 2 2 2 2 2 2 2 2 2 2 2 2 2 2 2 2 2 2 2 2 2 2 2 2 2 2 2 2 2 2 2 2 2 2 2 2 2 2 2 2 2 2 2 2 2 2 2 2 2 2 2 2 2 2 2 2 2 2 2 2 2 2 2 2 2 2 2 2 2 2 2 2 2 2 2 2 2 2 2 2 2 2 2 2 2 2 2 2 2 2 2 2 2 2 2 2 2 2 2 2 2 2 2 2 2 2 2 2 2 2 2 2 2 2 2 2 2 2 2 2 2 2 2 2 2 2 2 2 2 2 2 2 2 2 2 2 2 2 2 2 2 2 2 2 2 2 2 2 2 2 2 2 2 2 2 2 2 2 2 2 2 2 2 2 2 2 2 2 2 2 2 2 2 2 2 2 2 2 2 2 2 2 2 2 2 2 2 2 2 2 2 2 2 2 2 2 2 2 2 2 2 2 2 2 2 2 2 2
-1 0 1 2 -2 -1 0 1 2 -2 -1 0 1 2 -2 -1 0 1 2 -2 -1 0 1 2 -2 -1 0 1 2 -2 -1 0 1 2 -2 -1 0 1 2 -2 -1 0 1 2 -2 -1 0 1 2 -2 -1 0 1 2 -2 -1 0 1 2 -2 -1 0 1 2 -2 -1 0 1 2 -2 -1 0 1 2 -2 -1 0 1 2 -2 -1 0 1 2 -2 -1 0 1 2 -2 -1 0 1 2 -2 -1 0 1 2 -2 -1 0 1 2 -2 -1 0 1 2 -2 -1 0 1 2 -2 -1 0 1 2 -2 -1 0 1 2 -2 -1 0 1 2 -2 -1 0 1 2 -2 -1 0 1 2 -2 -1 0 1 2 -2 -1 0 1 2 -2 -1 0 1 2 -2 -1 0 1 2 -2 -1 0 1 2 -2 -1 0 1 2 -2 -1 0 1 2 -2 -1 0 1 2 -2 -1 0 1 2 -2 -1 0 1 2 -2 -1 0 1 2 -2 -1 0 1 2 -2 -1 0 1 2 -2 -1 0 1 2 -2 -1 0 1 2 -2 -1 0 1 2 -2 -1 0 1 2 -2 -1 0 1 2 -2 -1 0 1 2 -2 -1 0 1 2 -2 -1 0 1 2 -2 -1 0 1 2 -2 -1 0 1 2 -2 -1 0 1 2 -2 -1 0 1 2 -2 -1 0 1 601 -2 -1 0 1 2 -2 -1 0 1 2 -2 -1 0 1 2 -2 -1 0 1 2 -2 -1 0 1 2 -2 -1 0 1 2 -2 -1 0 1 2 -2 -1 0 1 2 -2 -1 0 1 2 -2 -1 0 1 2 -2 -1 0 1 2 -2 -1 0 1 2 -2 -1 0 1 2 -2 -1 0 1 2 -2 -1 0 1 2 -2 -1 0 1 2 -2 -1 0 1 2 -2 -1 0 1 2 -2 -1 0 1 2 -2 -1 0 1 2 -2 -1 0 1 2 -2 -1 0 1 2 -2 -1 0 1 2 -2 -1 0 1 2 -2 -1 0 1 2 -2 -1 0 1 2 -2 -1 0 1 2 -2 -1 0 1 2 -2 -1 0 1 2 -2 -1 0 1 2 -2 -1 0 1 2 -2 -1 0 1 2 -2 -1 0 1 2 -2 -1 0 1 2 -2 -1 0 1 2 -2 -1 0 1 2 -2 -1 0 1 2 -2 -1 0 1 2 -2 -1 0 1 2 -2 -1 0 1 2 -2 -1 0 1 2 -2 -1 0 1 2 -2 -1 0 1 2 -2 -1 0 1 2 -2 -1 0 1 2 -2 -1 0 1 2 -2
1 -2 0 2 -1 1 -2 0 2 -1 1 -2 0 2 -1 1 -2 0 2 -1 1 -2 0 2 -1 1 -2 0 2 -1 1 -2 0 2 -1 1 -2 0 2 -1 1 -2 0 2 -1 1 -2 0 2 -1 1 -2 0 2 -1 1 -2 0 2 -1 1 -2 0 2 -1 1 -2 0 2 -1 1 -2 0 2 -1 1 -2 0 2 -1 1 -2 0 2 -1 1 -2 0 2 -1 1 -2 0 2 -1 1 -2 0 2 -1 1 -2 0 2 -1 1 -2 0 2 -1 1 -2 0 2 -1 1 -2 0 2 -1 1 -2 0 2 -1 1 -2 0 2 -1 1 -2 0 2 -1 1 -2 0 2 -1 1 -2 0 2 -1 1 -2 0 2 -1 1 -2 0 2 -1 1 -2 0 2 -1 1 -2 0 2 -1 1 -2 0 2 -1 1 -2 0 2 -1 1 -2 0 2 -1 1 -2 0 2 -1 1 -2 0 2 -1 1 -2 0 2 -1 1 -2 0 2 -1 1 -2 0 2 -1 1 -2 0 2 -1 1 -2 0 2 -1 1 -2 0 2 -1 1 -2 0 2 -1 1 -2 0 2 -1 1 -2 0 2 -1 1 -2 0 2 -1 1 -2 0 2 -1 1 -2 0 2 -1 1 -2 0 2 -1 1 -2 0 2 -1 1 -2 0 2 -1 1 -2 0 2 602 1 -2 0 2 -1 1 -2 0 2 -1 1 -2 0 2 -1 1 -2 0 2 -1 1 -2 0 2 -1 1 -2 0 2 -1 1 -2 0 2 -1 1 -2 0 2 -1 1 -2 0 2 -1 1 -2 0 2 -1 1 -2 0 2 -1 1 -2 0 2 -1 1 -2 0 2 -1 1 -2 0 2 -1 1 -2 0 2 -1 1 -2 0 2 -1 1 -2 0 2 -1 1 -2 0 2 -1 1 -2 0 2 -1 1 -2 0 2 -1 1 -2 0 2 -1 1 -2 0 2 -1 1 -2 0 2 -1 1 -2 0 2 -1 1 -2 0 2 -1 1 -2 0 2 -1 1 -2 0 2 -1 1 -2 0 2 -1 1 -2 0 2 -1 1 -2 0 2 -1 1 -2 0 2 -1 1 -2 0 2 -1 1 -2 0 2 -1 1 -2 0 2 -1 1 -2 0 2 -1 1 -2 0 2 -1 1 -2 0 2 -1 1 -2 0 2 -1 1 -2 0 2 -1 1 -2 0 2 -1 1 -2 0 2 -1 1 -2 0 2 -1 1 -2 0 2 -1 1 -2 0 2 -1 1 -2 0 2 -1 1 -2 0 2 -1
-2 1 -1 2 0 -2 1 -1 2 0 -2 1 -1 2 0 -2 1 -1 2 0 -2 1 -1 2 0 -2 1 -1 2 0 -2 1 -1 2 0 -2 1 -1 2 0 -2 1 -1 2 0 -2 1 -1 2 0 -2 1 -1 2 0 -2 1 -1 2 0 -2 1 -1 2 0 -2 1 -1 2 0 -2 1 -1 2 0 -2 1 -1 2 0 -2 1 -1 2 0 -2 1 -1 2 0 -2 1 -1 2 0 -2 1 -1 2 0 -2 1 -1 2 0 -2 1 -1 2 0 -2 1 -1 2 0 -2 1 -1 2 0 -2 1 -1 2 0 -2 1 -1 2 0 -2 1 -1 2 0 -2 1 -1 2 0 -2 1 -1 2 0 -2 1 -1 2 0 -2 1 -1 2 0 -2 1 -1 2 0 -2 1 -1 2 0 -2 1 -1 2 0 -2 1 -1 2 0 -2 1 -1 2 0 -2 1 -1 2 0 -2 1 -1 2 0 -2 1 -1 2 0 -2 1 -1 2 0 -2 1 -1 2 0 -2 1 -1 2 0 -2 1 -1 2 0 -2 1 -1 2 0 -2 1 -1 2 0 -2 1 -1 2 0 -2 1 -1 2 0 -2 1 -1 2 0 -2 1 -1 2 0 -2 1 -1 2 0 -2 1 -1 2 0 -2 1 -1 2 0 -2 1 -1 2 0 -2 1 -1 2 0 601 1 -1 2 0 -2 1 -1 2 0 -2 1 -1 2 0 -2 1 -1 2 0 -2 1 -1 2 0 -2 1 -1 2 0 -2 1 -1 2 0 -2 1 -1 2 0 -2 1 -1 2 0 -2 1 -1 2 0 -2 1 -1 2 0 -2 1 -1 2 0 -2 1 -1 2 0 -2 1 -1 2 0 -2 1 -1 2 0 -2 1 -1 2 0 -2 1 -1 2 0 -2 1 -1 2 0 -2 1 -1 2 0 -2 1 -1 2 0 -2 1 -1 2 0 -2 1 -1 2 0 -2 1 -1 2 0 -2 1 -1 2 0 -2 1 -1 2 0 -2 1 -1 2 0 -2 1 -1 2 0 -2 1 -1 2 0 -2 1 -1 2 0 -2 1 -1 2 0 -2 1 -1 2 0 -2 1 -1 2 0 -2 1 -1 2 0 -2 1 -1 2 0 -2 1 -1 2 0 -2 1 -1 2 0 -2 1 -1 2 0 -2 1 -1 2 0 -2 1 -1 2 0 -2 1 -1 2 0 -2 1 -1 2 0 -2 1 -1 2 0 -2 1 -1 2 0 -2 1 -1 2 0 -2 1 -1 2 0 -2 1 -1 2 0
0 -1 -2 2 1 0 -1 -2 2 1 0 -1 -2 2 1 0 -1 -2 2 1 0 -1 -2 2 1 0 -1 -2 2 1 0 -1 -2 2 1 0 -1 -2 2 1 0 -1 -2 2 1 0 -1 -2 2 1 0 -1 -2 2 1 0 -1 -2 2 1 0 -1 -2 2 1 0 -1 -2 2 1 0 -1 -2 2 1 0 -1 -2 2 1 0 -1 -2 2 1 0 -1 -2 2 1 0 -1 -2 2 1 0 -1 -2 2 1 0 -1 -2 2 1 0 -1 -2 2 1 0 -1 -2 2 1 0 -1 -2 2 1 0 -1 -2 2 1 0 -1 -2 2 1 0 -1 -2 2 1 0 -1 -2 2 1 0 -1 -2 2 1 0 -1 -2 2 1 0 -1 -2 2 1 0 -1 -2 2 1 0 -1 -2 2 1 0 -1 -2 2 1 0 -1 -2 2 1 0 -1 -2 2 1 0 -1 -2 2 1 0 -1 -2 2 1 0 -1 -2 2 1 0 -1 -2 2 1 0 -1 -2 2 1 0 -1 -2 2 1 0 -1 -2 2 1 0 -1 -2 2 1 0 -1 -2 2 1 0 -1 -2 2 1 0 -1 -2 2 1 0 -1 -2 2 1 0 -1 -2 2 1 0 -1 -2 2 1 0 -1 -2 2 1 0 -1 -2 2 1 0 -1 -2 2 1 0 -1 -2 2 1 0 602 -2 2 1 0 -1 -2 2 1 0 -1 -2 2 1 0 -1 -2 2 1 0 -1 -2 2 1 0 -1 -2 2 1 0 -1 -2 2 1 0 -1 -2 2 1 0 -1 -2 2 1 0 -1 -2 2 1 0 -1 -2 2 1 0 -1 -2 2 1 0 -1 -2 2 1 0 -1 -2 2 1 0 -1 -2 2 1 0 -1 -2 2 1 0 -1 -2 2 1 0 -1 -2 2 1 0 -1 -2 2 1 0 -1 -2 2 1 0 -1 -2 2 1 0 -1 -2 2 1 0 -1 -2 2 1 0 -1 -2 2 1 0 -1 -2 2 1 0 -1 -2 2 1 0 -1 -2 2 1 0 -1 -2 2 1 0 -1 -2 2 1 0 -1 -2 2 1 0 -1 -2 2 1 0 -1 -2 2 1 0 -1 -2 2 1 0 -1 -2 2 1 0 -1 -2 2 1 0 -1 -2 2 1 0 -1 -2 2 1 0 -1 -2 2 1 0 -1 -2 2 1 0 -1 -2 2 1 0 -1 -2 2 1 0 -1 -2 2 1 0 -1 -2 2 1 0 -1 -2 2 1 0 -1 -2 2 1 0 -1 -2 2 1
2 2 2 2 2 2 2 2 2 2 2 2 2 2 2 2 2 2 2 2 2 2 2 2 2 2 2 2 2 2 2 2 2 2 2 2 2 2 2 2 2 2 2 2 2 2 2 2 2 2 2 2 2 2 2 2 2 2 2 2 2 2 2 2 2 2 2 2 2 2 2 2 2 2 2 2 2 2 2 2 2 2 2 2 2 2 2 2 2 2 2 2 2 2 2 2 2 2 2 2 2 2 2 2 2 2 2 2 2 2 2 2 2 2 2 2 2 2 2 2 2 2 2 2 2 2 2 2 2 2 2 2 2 2 2 2 2 2 2 2 2 2 2 2 2 2 2 2 2 2 2 2 2 2 2 2 2 2 2 2 2 2 2 2 2 2 2 2 2 2 2 2 2 2 2 2 2 2 2 2 2 2 2 2 2 2 2 2 2 2 2 2 2 2 2 2 2 2 2 2 2 2 2 2 2 2 2 2 2 2 2 2 2 2 2 2 2 2 2 2 2 2 2 2 2 2 2 2 2 2 2 2 2 2 2 2 2 2 2 2 2 2 2 2 2 2 2 2 2 2 2 2 2 2 2 2 2 2 2 2 2 2 2 2 2 2 2 2 2 2 2 2 1001 2 2 2 2 2 2 2 2 2 2 2 2 2 2 2 2 2 2 2 2 2 2 2 2 2 2 2 2 2 2 2 2 2 2 2 2 2 2 2 2 2 2 2 2 2 2 2 2 2 2 2 2 2 2 2 2 2 2 2 2 2 2 2 2 2 2 2 2 2 2 2 2 2 2 2 2 2 2 2 2 2 2 2 2 2 2 2 2 2 2 2 2 2 2 2 2 2 2 2 2 2 2 2 2 2 2 2 2 2 2 2 2 2 2 2 2 2 2 2 2 2 2 2 2 2 2 2 2 2 2 2 2 2 2 2 2 2 2 2 2 2 2 2 2 2 2 2 2 2 2 2 2 2 2 2 2 2 2 2 2 2 2 2 2 2 2 2 2 2 2 2 2 2 2 2 2 2 2 2 2 2 2 2 2 2 2 2 2 2 2 2 2 2 2 2 2 2 2 2 2 2 2 2 2 2 2 2 2 2 2 2 2 2 2 2 2 2 2 2 2 2 2 2 2 2 2 2
-1 0 1 2 -2 -1 0 1 2 -2 -1 0 1 2 -2 -1 0 1 2 -2 -1 0 1 2 -2 -1 0 1 2 -2 -1 0 1 2 -2 -1 0 1 2 -2 -1 0 1 2 -2 -1 0 1 2 -2 -1 0 1 2 -2 -1 0 1 2 -2 -1 0 1 2 -2 -1 0 1 2 -2 -1 0 1 2 -2 -1 0 1 2 -2 -1 0 1 2 -2 -1 0 1 2 -2 -1 0 1 2 -2 -1 0 1 2 -2 -1 0 1 2 -2 -1 0 1 2 -2 -1 0 1 2 -2 -1 0 1 2 -2 -1 0 1 2 -2 -1 0 1 2 -2 -1 0 1 2 -2 -1 0 1 2 -2 -1 0 1 2 -2 -1 0 1 2 -2 -1 0 1 2 -2 -1 0 1 2 -2 -1 0 1 2 -2 -1 0 1 2 -2 -1 0 1 2 -2 -1 0 1 2 -2 -1 0 1 2 -2 -1 0 1 2 -2 -1 0 1 2 -2 -1 0 1 2 -2 -1 0 1 2 -2 -1 0 1 2 -2 -1 0 1 2 -2 -1 0 1 2 -2 -1 0 1 2 -2 -1 0 1 2 -2 -1 0 1 2 -2 -1 0 1 2 -2 -1 0 1 2 -2 -1 0 1 2 -2 -1 0 1 2 -2 -1 0 1 2 -2 -1 0 1 2 -2 -1 0 1 2 -2 -1 0 1 601 -2 -1 0 1 2 -2 -1 0 1 2 -2 -1 0 1 2 -2 -1 0 1 2 -2 -1 0 1 2 -2 -1 0 1 2 -2 -1 0 1 2 -2 -1 0 1 2 -2 -1 0 1 2 -2 -1 0 1 2 -2 -1 0 1 2 -2 -1 0 1 2 -2 -1 0 1 2 -2 -1 0 1 2 -2 -1 0 1 2 -2 -1 0 1 2 -2 -1 0 1 2 -2 -1 0 1 2 -2 -1 0 1 2 -2 -1 0 1 2 -2 -1 0 1 2 -2 -1 0 1 2 -2 -1 0 1 2 -2 -1 0 1 2 -2 -1 0 1 2 -2 -1 0 1 2 -2 -1 0 1 2 -2 -1 0 1 2 -2 -1 0 1 2 -2 -1 0 1 2 -2 -1 0 1 2 -2 -1 0 1 2 -2 -1 0 1 2 -2 -1 0 1 2 -2 -1 0 1 2 -2 -1 0 1 2 -2 -1 0 1 2 -2 -1 0 1 2 -2 -1 0 1 2 -2 -1 0 1 2 -2 -1 0 1 2 -2 -1 0 1 2 -2 -1 0 1 2 -2 -1 0 1 2 -2 -1 0 1 2 -2
1 -2 0 2 -1 1 -2 0 2 -1 1 -2 0 2 -1 1 -2 0 2 -1 1 -2 0 2 -1 1 -2 0 2 -1 1 -2 0 2 -1 1 -2 0 2 -1 1 -2 0 2 -1 1 -2 0 2 -1 1 -2 0 2 -1 1 -2 0 2 -1 1 -2 0 2 -1 1 -2 0 2 -1 1 -2 0 2 -1 1 -2 0 2 -1 1 -2 0 2 -1 1 -2 0 2 -1 1 -2 0 2 -1 1 -2 0 2 -1 1 -2 0 2 -1 1 -2 0 2 -1 1 -2 0 2 -1 1 -2 0 2 -1 1 -2 0 2 -1 1 -2 0 2 -1 1 -2 0 2 -1 1 -2 0 2 -1 1 -2 0 2 -1 1 -2 0 2 -1 1 -2 0 2 -1 1 -2 0 2 -1 1 -2 0 2 -1 1 -2 0 2 -1 1 -2 0 2 -1 1 -2 0 2 -1 1 -2 0 2 -1 1 -2 0 2 -1 1 -2 0 2 -1 1 -2 0 2 -1 1 -2 0 2 -1 1 -2 0 2 -1 1 -2 0 2 -1 1 -2 0 2 -1 1 -2 0 2 -1 1 -2 0 2 -1 1 -2 0 2 -1 1 -2 0 2 -1 1 -2 0 2 -1 1 -2 0 2 -1 1 -2 0 2 -1 1 -2 0 2 -1 1 -2 0 2 -1 1 -2 0 2 -1 1 -2 0 2 602 1 -2 0 2 -1 1 -2 0 2 -1 1 -2 0 2 -1 1 -2 0 2 -1 1 -2 0 2 -1 1 -2 0 2 -1 1 -2 0 2 -1 1 -2 0 2 -1 1 -2 0 2 -1 1 -2 0 2 -1 1 -2 0 2 -1 1 -2 0 2 -1 1 -2 0 2 -1 1 -2 0 2 -1 1 -2 0 2 -1 1 -2 0 2 -1 1 -2 0 2 -1 1 -2 0 2 -1 1 -2 0 2 -1 1 -2 0 2 -1 1 -2 0 2 -1 1 -2 0 2 -1 1 -2 0 2 -1 1 -2 0 2 -1 1 -2 0 2 -1 1 -2 0 2 -1 1 -2 0 2 -1 1 -2 0 2 -1 1 -2 0 2 -1 1 -2 0 2 -1 1 -2 0 2 -1 1 -2 0 2 -1 1 -2 0 2 -1 1 -2 0 2 -1 1 -2 0 2 -1 1 -2 0 2 -1 1 -2 0 2 -1 1 -2 0 2 -1 1 -2 0 2 -1 1 -2 0 2 -1 1 -2 0 2 -1 1 -2 0 2 -1 1 -2 0 2 -1 1 -2 0 2 -1 1 -2 0 2 -1
-2 1 -1 2 0 -2 1 -1 2 0 -2 1 -1 2 0 -2 1 -1 2 0 -2 1 -1 2 0 -2 1 -1 2 0 -2 1 -1 2 0 -2 1 -1 2 0 -2 1 -1 2 0 -2 1 -1 2 0 -2 1 -1 2 0 -2 1 -1 2 0 -2 1 -1 2 0 -2 1 -1 2 0 -2 1 -1 2 0 -2 1 -1 2 0 -2 1 -1 2 0 -2 1 -1 2 0 -2 1 -1 2 0 -2 1 -1 2 0 -2 1 -1 2 0 -2 1 -1 2 0 -2 1 -1 2 0 -2 1 -1 2 0 -2 1 -1 2 0 -2 1 -1 2 0 -2 1 -1 2 0 -2 1 -1 2 0 -2 1 -1 2 0 -2 1 -1 2 0 -2 1 -1 2 0 -2 1 -1 2 0 -2 1 -1 2 0 -2 1 -1 2 0 -2 1 -1 2 0 -2 1 -1 2 0 -2 1 -1 2 0 -2 1 -1 2 0 -2 1 -1 2 0 -2 1 -1 2 0 -2 1 -1 2 0 -2 1 -1 2 0 -2 1 -1 2 0 -2 1 -1 2 0 -2 1 -1 2 0 -2 1 -1 2 0 -2 1 -1 2 0 -2 1 -1 2 0 -2 1 -1 2 0 -2 1 -1 2 0 -2 1 -1 2 0 -2 1 -1 2 0 -2 1 -1 2 0 -2 1 -1 2 0 -2 1 -1 2 0 601 1 -1 2 0 -2 1 -1 2 0 -2 1 -1 2 0 -2 1 -1 2 0 -2 1 -1 2 0 -2 1 -1 2 0 -2 1 -1 2 0 -2 1 -1 2 0 -2 1 -1 2 0 -2 1 -1 2 0 -2 1 -1 2 0 -2 1 -1 2 0 -2 1 -1 2 0 -2 1 -1 2 0 -2 1 -1 2 0 -2 1 -1 2 0 -2 1 -1 2 0 -2 1 -1 2 0 -2 1 -1 2 0 -2 1 -1 2 0 -2 1 -1 2 0 -2 1 -1 2 0 -2 1 -1 2 0 -2 1 -1 2 0 -2 1 -1 2 0 -2 1 -1 2 0 -2 1 -1 2 0 -2 1 -1 2 0 -2 1 -1 2 0 -2 1 -1 2 0 -2 1 -1 2 0 -2 1 -1 2 0 -2 1 -1 2 0 -2 1 -1 2 0 -2 1 -1 2 0 -2 1 -1 2 0 -2 1 -1 2 0 -2 1 -1 2 0 -2 1 -1 2 0 -2 1 -1 2 0 -2 1 -1 2 0 -2 1 -1 2 0 -2 1 -1 2 0 -2 1 -1 2 0 -2 1 -1 2 0
0 -1 -2 2 1 0 -1 -2 2 1 0 -1 -2 2 1 0 -1 -2 2 1 0 -1 -2 2 1 0 -1 -2 2 1 0 -1 -2 2 1 0 -1 -2 2 1 0 -1 -2 2 1 0 -1 -2 2 1 0 -1 -2 2 1 0 -1 -2 2 1 0 -1 -2 2 1 0 -1 -2 2 1 0 -1 -2 2 1 0 -1 -2 2 1 0 -1 -2 2 1 0 -1 -2 2 1 0 -1 -2 2 1 0 -1 -2 2 1 0 -1 -2 2 1 0 -1 -2 2 1 0 -1 -2 2 1 0 -1 -2 2 1 0 -1 -2 2 1 0 -1 -2 2 1 0 -1 -2 2 1 0 -1 -2 2 1 0 -1 -2 2 1 0 -1 -2 2 1 0 -1 -2 2 1 0 -1 -2 2 1 0 -1 -2 2 1 0 -1 -2 2 1 0 -1 -2 2 1 0 -1 -2 2 1 0 -1 -2 2 1 0 -1 -2 2 1 0 -1 -2 2 1 0 -1 -2 2 1 0 -1 -2 2 1 0 -1 -2 2 1 0 -1 -2 2 1 0 -1 -2 2 1 0 -1 -2 2 1 0 -1 -2 2 1 0 -1 -2 2 1 0 -1 -2 2 1 0 -1 -2 2 1 0 -1 -2 2 1 0 -1 -2 2 1 0 -1 -2 2 1 0 -1 -2 2 1 0 -1 -2 2 1 0 -1 -2 2 1 0 602 -2 2 1 0 -1 -2 2 1 0 -1 -2 2 1 0 -1 -2 2 1 0 -1 -2 2 1 0 -1 -2 2 1 0 -1 -2 2 1 0 -1 -2 2 1 0 -1 -2 2 1 0 -1 -2 2 1 0 -1 -2 2 1 0 -1 -2 2 1 0 -1 -2 2 1 0 -1 -2 2 1 0 -1 -2 2 1 0 -1 -2 2 1 0 -1 -2 2 1 0 -1 -2 2 1 0 -1 -2 2 1 0 -1 -2 2 1 0 -1 -2 2 1 0 -1 -2 2 1 0 -1 -2 2 1 0 -1 -2 2 1 0 -1 -2 2 1 0 -1 -2 2 1 0 -1 -2 2 1 0 -1 -2 2 1 0 -1 -2 2 1 0 -1 -2 2 1 0 -1 -2 2 1 0 -1 -2 2 1 0 -1 -2 2 1 0 -1 -2 2 1 0 -1 -2 2 1 0 -1 -2 2 1 0 -1 -2 2 1 0 -1 -2 2 1 0 -1 -2 2 1 0 -1 -2 2 1 0 -1 -2 2 1 0 -1 -2 2 1 0 -1 -2 2 1 0 -1 -2 2 1 0 -1 -2 2 1
2 2 2 2 2 2 2 2 2 2 2 2 2 2 2 2 2 2 2 2 2 2 2 2 2 2 2 2 2 2 2 2 2 2 2 2 2 2 2 2 2 2 2 2 2 2 2 2 2 2 2 2 2 2 2 2 2 2 2 2 2 2 2 2 2 2 2 2 2 2 2 2 2 2 2 2 2 2 2 2 2 2 2 2 2 2 2 2 2 2 2 2 2 2 2 2 2 2 2 2 2 2 2 2 2 2 2 2 2 2 2 2 2 2 2 2 2 2 2 2 2 2 2 2 2 2 2 2 2 2 2 2 2 2 2 2 2 2 2 2 2 2 2 2 2 2 2 2 2 2 2 2 2 2 2 2 2 2 2 2 2 2 2 2 2 2 2 2 2 2 2 2 2 2 2 2 2 2 2 2 2 2 2 2 2 2 2 2 2 2 2 2 2 2 2 2 2 2 2 2 2 2 2 2 2 2 2 2 2 2 2 2 2 2 2 2 2 2 2 2 2 2 2 2 2 2 2 2 2 2 2 2 2 2 2 2 2 2 2 2 2 2 2 2 2 2 2 2 2 2 2 2 2 2 2 2 2 2 2 2 2 2 2 2 2 2 2 2 2 2 2 2 2 2 2 2 2 1001 2 2 2 2 2 2 2 2 2 2 2 2 2 2 2 2 2 2 2 2 2 2 2 2 2 2 2 2 2 2 2 2 2 2 2 2 2 2 2 2 2 2 2 2 2 2 2 2 2 2 2 2 2 2 2 2 2 2 2 2 2 2 2 2 2 2 2 2 2 2 2 2 2 2 2 2 2 2 2 2 2 2 2 2 2 2 2 2 2 2 2 2 2 2 2 2 2 2 2 2 2 2 2 2 2 2 2 2 2 2 2 2 2 2 2 2 2 2 2 2 2 2 2 2 2 2 2 2 2 2 2 2 2 2 2 2 2 2 2 2 2 2 2 2 2 2 2 2 2 2 2 2 2 2 2 2 2 2 2 2 2 2 2 2 2 2 2 2 2 2 2 2 2 2 2 2 2 2 2 2 2 2 2 2 2 2 2 2 2 2 2 2 2 2 2 2 2 2 2 2 2 2 2 2 2 2 2 2 2 2 2 2 2 2 2 2 2 2 2 2 2 2
-1 0 1 2 -2 -1 0 1 2 -2 -1 0 1 2 -2 -1 0 1 2 -2 -1 0 1 2 -2 -1 0 1 2 -2 -1 0 1 2 -2 -1 0 1 2 -2 -1 0 1 2 -2 -1 0 1 2 -2 -1 0 1 2 -2 -1 0 1 2 -2 -1 0 1 2 -2 -1 0 1 2 -2 -1 0 1 2 -2 -1 0 1 2 -2 -1 0 1 2 -2 -1 0 1 2 -2 -1 0 1 2 -2 -1 0 1 2 -2 -1 0 1 2 -2 -1 0 1 2 -2 -1 0 1 2 -2 -1 0 1 2 -2 -1 0 1 2 -2 -1 0 1 2 -2 -1 0 1 2 -2 -1 0 1 2 -2 -1 0 1 2 -2 -1 0 1 2 -2 -1 0 1 2 -2 -1 0 1 2 -2 -1 0 1 2 -2 -1 0 1 2 -2 -1 0 1 2 -2 -1 0 1 2 -2 -1 0 1 2 -2 -1 0 1 2 -2 -1 0 1 2 -2 -1 0 1 2 -2 -1 0 1 2 -2 -1 0 1 2 -2 -1 0 1 2 -2 -1 0 1 2 -2 -1 0 1 2 -2 -1 0 1 2 -2 -1 0 1 2 -2 -1 0 1 2 -2 -1 0 1 2 -2 -1 0 1 2 -2 -1 0 1 2 -2 -1 0 1 2 -2 -1 0 1 2 -2 -1 0 1 2 -2 -1 0 1 2 -2 -1 0 1 601 -2 -1 0 1 2 -2 -1 0 1 2 -2 -1 0 1 2 -2 -1 0 1 2 -2 -1 0 1 2 -2 -1 0 1 2 -2 -1 0 1 2 -2 -1 0 1 2 -2 -1 0 1 2 -2 -1 0 1 2 -2 -1 0 1 2 -2 -1 0 1 2 -2 -1 0 1 2 -2 -1 0 1 2 -2 -1 0 1 2 -2 -1 0 1 2 -2 -1 0 1 2 -2 -1 0 1 2 -2 -1 0 1 2 -2 -1 0 1 2 -2 -1 0 1 2 -2 -1 0 1 2 -2 -1 0 1 2 -2 -1 0 1 2 -2 -1 0 1 2 -2 -1 0 1 2 -2 -1 0 1 2 -2 -1 0 1 2 -2 -1 0 1 2 -2 -1 0 1 2 -2 -1 0 1 2 -2 -1 0 1 2 -2 -1 0 1 2 -2 -1 0 1 2 -2 -1 0 1 2 -2 -1 0 1 2 -2 -1 0 1 2 -2 -1 0 1 2 -2 -1 0 1 2 -2 -1 0 1 2 -2 -1 0 1 2 -2 -1 0 1 2 -2 -1 0 1 2 -2 -1 0 1 2 -2
1 -2 0 2 -1 1 -2 0 2 -1 1 -2 0 2 -1 1 -2 0 2 -1 1 -2 0 2 -1 1 -2 0 2 -1 1 -2 0 2 -1 1 -2 0 2 -1 1 -2 0 2 -1 1 -2 0 2 -1 1 -2 0 2 -1 1 -2 0 2 -1 1 -2 0 2 -1 1 -2 0 2 -1 1 -2 0 2 -1 1 -2 0 2 -1 1 -2 0 2 -1 1 -2 0 2 -1 1 -2 0 2 -1 1 -2 0 2 -1 1 -2 0 2 -1 1 -2 0 2 -1 1 -2 0 2 -1 1 -2 0 2 -1 1 -2 0 2 -1 1 -2 0 2 -1 1 -2 0 2 -1 1 -2 0 2 -1 1 -2 0 2 -1 1 -2 0 2 -1 1 -2 0 2 -1 1 -2 0 2 -1 1 -2 0 2 -1 1 -2 0 2 -1 1 -2 0 2 -1 1 -2 0 2 -1 1 -2 0 2 -1 1 -2 0 2 -1 1 -2 0 2 -1 1 -2 0 2 -1 1 -2 0 2 -1 1 -2 0 2 -1 1 -2 0 2 -1 1 -2 0 2 -1 1 -2 0 2 -1 1 -2 0 2 -1 1 -2 0 2 -1 1 -2 0 2 -1 1 -2 0 2 -1 1 -2 0 2 -1 1 -2 0 2 -1 1 -2 0 2 -1 1 -2 0 2 -1 1 -2 0 2 -1 1 -2 0 2 -1 1 -2 0 2 602 1 -2 0 2 -1 1 -2 0 2 -1 1 -2 0 2 -1 1 -2 0 2 -1 1 -2 0 2 -1 1 -2 0 2 -1 1 -2 0 2 -1 1 -2 0 2 -1 1 -2 0 2 -1 1 -2 0 2 -1 1 -2 0 2 -1 1 -2 0 2 -1 1 -2 0 2 -1 1 -2 0 2 -1 1 -2 0 2 -1 1 -2 0 2 -1 1 -2 0 2 -1 1 -2 0 2 -1 1 -2 0 2 -1 1 -2 0 2 -1 1 -2 0 2 -1 1 -2 0 2 -1 1 -2 0 2 -1 1 -2 0 2 -1 1 -2 0 2 -1 1 -2 0 2 -1 1 -2 0 2 -1 1 -2 0 2 -1 1 -2 0 2 -1 1 -2 0 2 -1 1 -2 0 2 -1 1 -2 0 2 -1 1 -2 0 2 -1 1 -2 0 2 -1 1 -2 0 2 -1 1 -2 0 2 -1 1 -2 0 2 -1 1 -2 0 2 -1 1 -2 0 2 -1 1 -2 0 2 -1 1 -2 0 2 -1 1 -2 0 2 -1 1 -2 0 2 -1 1 -2 0 2 -1
-2 1 -1 2 0 -2 1 -1 2 0 -2 1 -1 2 0 -2 1 -1 2 0 -2 1 -1 2 0 -2 1 -1 2 0 -2 1 -1 2 0 -2 1 -1 2 0 -2 1 -1 2 0 -2 1 -1 2 0 -2 1 -1 2 0 -2 1 -1 2 0 -2 1 -1 2 0 -2 1 -1 2 0 -2 1 -1 2 0 -2 1 -1 2 0 -2 1 -1 2 0 -2 1 -1 2 0 -2 1 -1 2 0 -2 1 -1 2 0 -2 1 -1 2 0 -2 1 -1 2 0 -2 1 -1 2 0 -2 1 -1 2 0 -2 1 -1 2 0 -2 1 -1 2 0 -2 1 -1 2 0 -2 1 -1 2 0 -2 1 -1 2 0 -2 1 -1 2 0 -2 1 -1 2 0 -2 1 -1 2 0 -2 1 -1 2 0 -2 1 -1 2 0 -2 1 -1 2 0 -2 1 -1 2 0 -2 1 -1 2 0 -2 1 -1 2 0 -2 1 -1 2 0 -2 1 -1 2 0 -2 1 -1 2 0 -2 1 -1 2 0 -2 1 -1 2 0 -2 1 -1 2 0 -2 1 -1 2 0 -2 1 -1 2 0 -2 1 -1 2 0 -2 1 -1 2 0 -2 1 -1 2 0 -2 1 -1 2 0 -2 1 -1 2 0 -2 1 -1 2 0 -2 1 -1 2 0 -2 1 -1 2 0 -2 1 -1 2 0 -2 1 -1 2 0 601 1 -1 2 0 -2 1 -1 2 0 -2 1 -1 2 0 -2 1 -1 2 0 -2 1 -1 2 0 -2 1 -1 2 0 -2 1 -1 2 0 -2 1 -1 2 0 -2 1 -1 2 0 -2 1 -1 2 0 -2 1 -1 2 0 -2 1 -1 2 0 -2 1 -1 2 0 -2 1 -1 2 0 -2 1 -1 2 0 -2 1 -1 2 0 -2 1 -1 2 0 -2 1 -1 2 0 -2 1 -1 2 0 -2 1 -1 2 0 -2 1 -1 2 0 -2 1 -1 2 0 -2 1 -1 2 0 -2 1 -1 2 0 -2 1 -1 2 0 -2 1 -1 2 0 -2 1 -1 2 0 -2 1 -1 2 0 -2 1 -1 2 0 -2 1 -1 2 0 -2 1 -1 2 0 -2 1 -1 2 0 -2 1 -1 2 0 -2 1 -1 2 0 -2 1 -1 2 0 -2 1 -1 2 0 -2 1 -1 2 0 -2 1 -1 2 0 -2 1 -1 2 0 -2 1 -1 2 0 -2 1 -1 2 0 -2 1 -1 2 0 -2 1 -1 2 0 -2 1 -1 2 0
0 -1 -2 2 1 0 -1 -2 2 1 0 -1 -2 2 1 0 -1 -2 2 1 0 -1 -2 2 1 0 -1 -2 2 1 0 -1 -2 2 1 0 -1 -2 2 1 0 -1 -2 2 1 0 -1 -2 2 1 0 -1 -2 2 1 0 -1 -2 2 1 0 -1 -2 2 1 0 -1 -2 2 1 0 -1 -2 2 1 0 -1 -2 2 1 0 -1 -2 2 1 0 -1 -2 2 1 0 -1 -2 2 1 0 -1 -2 2 1 0 -1 -2 2 1 0 -1 -2 2 1 0 -1 -2 2 1 0 -1 -2 2 1 0 -1 -2 2 1 0 -1 -2 2 1 0 -1 -2 2 1 0 -1 -2 2 1 0 -1 -2 2 1 0 -1 -2 2 1 0 -1 -2 2 1 0 -1 -2 2 1 0 -1 -2 2 1 0 -1 -2 2 1 0 -1 -2 2 1 0 -1 -2 2 1 0 -1 -2 2 1 0 -1 -2 2 1 0 -1 -2 2 1 0 -1 -2 2 1 0 -1 -2 2 1 0 -1 -2 2 1 0 -1 -2 2 1 0 -1 -2 2 1 0 -1 -2 2 1 0 -1 -2 2 1 0 -1 -2 2 1 0 -1 -2 2 1 0 -1 -2 2 1 0 -1 -2 2 1 0 -1 -2 2 1 0 -1 -2 2 1 0 -1 -2 2 1 0 -1 -2 2 1 0 -1 -2 2 1 0 -1 -2 2 1 0 602 -2 2 1 0 -1 -2 2 1 0 -1 -2 2 1 0 -1 -2 2 1 0 -1 -2 2 1 0 -1 -2 2 1 0 -1 -2 2 1 0 -1 -2 2 1 0 -1 -2 2 1 0 -1 -2 2 1 0 -1 -2 2 1 0 -1 -2 2 1 0 -1 -2 2 1 0 -1 -2 2 1 0 -1 -2 2 1 0 -1 -2 2 1 0 -1 -2 2 1 0 -1 -2 2 1 0 -1 -2 2 1 0 -1 -2 2 1 0 -1 -2 2 1 0 -1 -2 2 1 0 -1 -2 2 1 0 -1 -2 2 1 0 -1 -2 2 1 0 -1 -2 2 1 0 -1 -2 2 1 0 -1 -2 2 1 0 -1 -2 2 1 0 -1 -2 2 1 0 -1 -2 2 1 0 -1 -2 2 1 0 -1 -2 2 1 0 -1 -2 2 1 0 -1 -2 2 1 0 -1 -2 2 1 0 -1 -2 2 1 0 -1 -2 2 1 0 -1 -2 2 1 0 -1 -2 2 1 0 -1 -2 2 1 0 -1 -2 2 1 0 -1 -2 2 1 0 -1 -2 2 1
2 2 2 2 2 2 2 2 2 2 2 2 2 2 2 2 2 2 2 2 2 2 2 2 2 2 2 2 2 2 2 2 2 2 2 2 2 2 2 2 2 2 2 2 2 2 2 2 2 2 2 2 2 2 2 2 2 2 2 2 2 2 2 2 2 2 2 2 2 2 2 2 2 2 2 2 2 2 2 2 2 2 2 2 2 2 2 2 2 2 2 2 2 2 2 2 2 2 2 2 2 2 2 2 2 2 2 2 2 2 2 2 2 2 2 2 2 2 2 2 2 2 2 2 2 2 2 2 2 2 2 2 2 2 2 2 2 2 2 2 2 2 2 2 2 2 2 2 2 2 2 2 2 2 2 2 2 2 2 2 2 2 2 2 2 2 2 2 2 2 2 2 2 2 2 2 2 2 2 2 2 2 2 2 2 2 2 2 2 2 2 2 2 2 2 2 2 2 2 2 2 2 2 2 2 2 2 2 2 2 2 2 2 2 2 2 2 2 2 2 2 2 2 2 2 2 2 2 2 2 2 2 2 2 2 2 2 2 2 2 2 2 2 2 2 2 2 2 2 2 2 2 2 2 2 2 2 2 2 2 2 2 2 2 2 2 2 2 2 2 2 2 2 2 2 2 2 2 2 2 2 2 1001 2 2 2 2 2 2 2 2 2 2 2 2 2 2 2 2 2 2 2 2 2 2 2 2 2 2 2 2 2 2 2 2 2 2 2 2 2 2 2 2 2 2 2 2 2 2 2 2 2 2 2 2 2 2 2 2 2 2 2 2 2 2 2 2 2 2 2 2 2 2 2 2 2 2 2 2 2 2 2 2 2 2 2 2 2 2 2 2 2 2 2 2 2 2 2 2 2 2 2 2 2 2 2 2 2 2 2 2 2 2 2 2 2 2 2 2 2 2 2 2 2 2 2 2 2 2 2 2 2 2 2 2 2 2 2 2 2 2 2 2 2 2 2 2 2 2 2 2 2 2 2 2 2 2 2 2 2 2 2 2 2 2 2 2 2 2 2 2 2 2 2 2 2 2 2 2 2 2 2 2 2 2 2 2 2 2 2 2 2 2 2 2 2 2 2 2 2 2 2 2 2 2 2 2 2 2 2 2 2 2 2 2 2 2 2 2 2
-1 0 1 2 -2 -1 0 1 2 -2 -1 0 1 2 -2 -1 0 1 2 -2 -1 0 1 2 -2 -1 0 1 2 -2 -1 0 1 2 -2 -1 0 1 2 -2 -1 0 1 2 -2 -1 0 1 2 -2 -1 0 1 2 -2 -1 0 1 2 -2 -1 0 1 2 -2 -1 0 1 2 -2 -1 0 1 2 -2 -1 0 1 2 -2 -1 0 1 2 -2 -1 0 1 2 -2 -1 0 1 2 -2 -1 0 1 2 -2 -1 0 1 2 -2 -1 0 1 2 -2 -1 0 1 2 -2 -1 0 1 2 -2 -1 0 1 2 -2 -1 0 1 2 -2 -1 0 1 2 -2 -1 0 1 2 -2 -1 0 1 2 -2 -1 0 1 2 -2 -1 0 1 2 -2 -1 0 1 2 -2 -1 0 1 2 -2 -1 0 1 2 -2 -1 0 1 2 -2 -1 0 1 2 -2 -1 0 1 2 -2 -1 0 1 2 -2 -1 0 1 2 -2 -1 0 1 2 -2 -1 0 1 2 -2 -1 0 1 2 -2 -1 0 1 2 -2 -1 0 1 2 -2 -1 0 1 2 -2 -1 0 1 2 -2 -1 0 1 2 -2 -1 0 1 2 -2 -1 0 1 2 -2 -1 0 1 2 -2 -1 0 1 2 -2 -1 0 1 2 -2 -1 0 1 2 -2 -1 0 1 2 -2 -1 0 1 2 -2 -1 0 1 2 -2 -1 0 1 601 -2 -1 0 1 2 -2 -1 0 1 2 -2 -1 0 1 2 -2 -1 0 1 2 -2 -1 0 1 2 -2 -1 0 1 2 -2 -1 0 1 2 -2 -1 0 1 2 -2 -1 0 1 2 -2 -1 0 1 2 -2 -1 0 1 2 -2 -1 0 1 2 -2 -1 0 1 2 -2 -1 0 1 2 -2 -1 0 1 2 -2 -1 0 1 2 -2 -1 0 1 2 -2 -1 0 1 2 -2 -1 0 1 2 -2 -1 0 1 2 -2 -1 0 1 2 -2 -1 0 1 2 -2 -1 0 1 2 -2 -1 0 1 2 -2 -1 0 1 2 -2 -1 0 1 2 -2 -1 0 1 2 -2 -1 0 1 2 -2 -1 0 1 2 -2 -1 0 1 2 -2 -1 0 1 2 -2 -1 0 1 2 -2 -1 0 1 2 -2 -1 0 1 2 -2 -1 0 1 2 -2 -1 0 1 2 -2 -1 0 1 2 -2 -1 0 1 2 -2 -1 0 1 2 -2 -1 0 1 2 -2 -1 0 1 2 -2 -1 0 1 2 -2 -1 0 1 2 -2
1 -2 0 2 -1 1 -2 0 2 -1 1 -2 0 2 -1 1 -2 0 2 -1 1 -2 0 2 -1 1 -2 0 2 -1 1 -2 0 2 -1 1 -2 0 2 -1 1 -2 0 2 -1 1 -2 0 2 -1 1 -2 0 2 -1 1 -2 0 2 -1 1 -2 0 2 -1 1 -2 0 2 -1 1 -2 0 2 -1 1 -2 0 2 -1 1 -2 0 2 -1 1 -2 0 2 -1 1 -2 0 2 -1 1 -2 0 2 -1 1 -2 0 2 -1 1 -2 0 2 -1 1 -2 0 2 -1 1 -2 0 2 -1 1 -2 0 2 -1 1 -2 0 2 -1 1 -2 0 2 -1 1 -2 0 2 -1 1 -2 0 2 -1 1 -2 0 2 -1 1 -2 0 2 -1 1 -2 0 2 -1 1 -2 0 2 -1 1 -2 0 2 -1 1 -2 0 2 -1 1 -2 0 2 -1 1 -2 0 2 -1 1 -2 0 2 -1 1 -2 0 2 -1 1 -2 0 2 -1 1 -2 0 2 -1 1 -2 0 2 -1 1 -2 0 2 -1 1 -2 0 2 -1 1 -2 0 2 -1 1 -2 0 2 -1 1 -2 0 2 -1 1 -2 0 2 -1 1 -2 0 2 -1 1 -2 0 2 -1 1 -2 0 2 -1 1 -2 0 2 -1 1 -2 0 2 -1 1 -2 0 2 -1 1 -2 0 2 -1 1 -2 0 2 -1 1 -2 0 2 602 1 -2 0 2 -1 1 -2 0 2 -1 1 -2 0 2 -1 1 -2 0 2 -1 1 -2 0 2 -1 1 -2 0 2 -1 1 -2 0 2 -1 1 -2 0 2 -1 1 -2 0 2 -1 1 -2 0 2 -1 1 -2 0 2 -1 1 -2 0 2 -1 1 -2 0 2 -1 1 -2 0 2 -1 1 -2 0 2 -1 1 -2 0 2 -1 1 -2 0 2 -1 1 -2 0 2 -1 1 -2 0 2 -1 1 -2 0 2 -1 1 -2 0 2 -1 1 -2 0 2 -1 1 -2 0 2 -1 1 -2 0 2 -1 1 -2 0 2 -1 1 -2 0 2 -1 1 -2 0 2 -1 1 -2 0 2 -1 1 -2 0 2 -1 1 -2 0 2 -1 1 -2 0 2 -1 1 -2 0 2 -1 1 -2 0 2 -1 1 -2 0 2 -1 1 -2 0 2 -1 1 -2 0 2 -1 1 -2 0 2 -1 1 -2 0 2 -1 1 -2 0 2 -1 1 -2 0 2 -1 1 -2 0 2 -1 1 -2 0 2 -1 1 -2 0 2 -1
-2 1 -1 2 0 -2 1 -1 2 0 -2 1 -1 2 0 -2 1 -1 2 0 -2 1 -1 2 0 -2 1 -1 2 0 -2 1 -1 2 0 -2 1 -1 2 0 -2 1 -1 2 0 -2 1 -1 2 0 -2 1 -1 2 0 -2 1 -1 2 0 -2 1 -1 2 0 -2 1 -1 2 0 -2 1 -1 2 0 -2 1 -1 2 0 -2 1 -1 2 0 -2 1 -1 2 0 -2 1 -1 2 0 -2 1 -1 2 0 -2 1 -1 2 0 -2 1 -1 2 0 -2 1 -1 2 0 -2 1 -1 2 0 -2 1 -1 2 0 -2 1 -1 2 0 -2 1 -1 2 0 -2 1 -1 2 0 -2 1 -1 2 0 -2 1 -1 2 0 -2 1 -1 2 0 -2 1 -1 2 0 -2 1 -1 2 0 -2 1 -1 2 0 -2 1 -1 2 0 -2 1 -1 2 0 -2 1 -1 2 0 -2 1 -1 2 0 -2 1 -1 2 0 -2 1 -1 2 0 -2 1 -1 2 0 -2 1 -1 2 0 -2 1 -1 2 0 -2 1 -1 2 0 -2 1 -1 2 0 -2 1 -1 2 0 -2 1 -1 2 0 -2 1 -1 2 0 -2 1 -1 2 0 -2 1 -1 2 0 -2 1 -1 2 0 -2 1 -1 2 0 -2 1 -1 2 0 -2 1 -1 2 0 -2 1 -1 2 0 -2 1 -1 2 0 -2 1 -1 2 0 601 1 -1 2 0 -2 1 -1 2 0 -2 1 -1 2 0 -2 1 -1 2 0 -2 1 -1 2 0 -2 1 -1 2 0 -2 1 -1 2 0 -2 1 -1 2 0 -2 1 -1 2 0 -2 1 -1 2 0 -2 1 -1 2 0 -2 1 -1 2 0 -2 1 -1 2 0 -2 1 -1 2 0 -2 1 -1 2 0 -2 1 -1 2 0 -2 1 -1 2 0 -2 1 -1 2 0 -2 1 -1 2 0 -2 1 -1 2 0 -2 1 -1 2 0 -2 1 -1 2 0 -2 1 -1 2 0 -2 1 -1 2 0 -2 1 -1 2 0 -2 1 -1 2 0 -2 1 -1 2 0 -2 1 -1 2 0 -2 1 -1 2 0 -2 1 -1 2 0 -2 1 -1 2 0 -2 1 -1 2 0 -2 1 -1 2 0 -2 1 -1 2 0 -2 1 -1 2 0 -2 1 -1 2 0 -2 1 -1 2 0 -2 1 -1 2 0 -2 1 -1 2 0 -2 1 -1 2 0 -2 1 -1 2 0 -2 1 -1 2 0 -2 1 -1 2 0
0 -1 -2 2 1 0 -1 -2 2 1 0 -1 -2 2 1 0 -1 -2 2 1 0 -1 -2 2 1 0 -1 -2 2 1 0 -1 -2 2 1 0 -1 -2 2 1 0 -1 -2 2 1 0 -1 -2 2 1 0 -1 -2 2 1 0 -1 -2 2 1 0 -1 -2 2 1 0 -1 -2 2 1 0 -1 -2 2 1 0 -1 -2 2 1 0 -1 -2 2 1 0 -1 -2 2 1 0 -1 -2 2 1 0 -1 -2 2 1 0 -1 -2 2 1 0 -1 -2 2 1 0 -1 -2 2 1 0 -1 -2 2 1 0 -1 -2 2 1 0 -1 -2 2 1 0 -1 -2 2 1 0 -1 -2 2 1 0 -1 -2 2 1 0 -1 -2 2 1 0 -1 -2 2 1 0 -1 -2 2 1 0 -1 -2 2 1 0 -1 -2 2 1 0 -1 -2 2 1 0 -1 -2 2 1 0 -1 -2 2 1 0 -1 -2 2 1 0 -1 -2 2 1 0 -1 -2 2 1 0 -1 -2 2 1 0 -1 -2 2 1 0 -1 -2 2 1 0 -1 -2 2 1 0 -1 -2 2 1 0 -1 -2 2 1 0 -1 -2 2 1 0 -1 -2 2 1 0 -1 -2 2 1 0 -1 -2 2 1 0 -1 -2 2 1 0 -1 -2 2 1 0 -1 -2 2 1 0 -1 -2 2 1 0 -1 -2 2 1 0 -1 -2 2 1 0 -1 -2 2 1 0 602 -2 2 1 0 -1 -2 2 1 0 -1 -2 2 1 0 -1 -2 2 1 0 -1 -2 2 1 0 -1 -2 2 1 0 -1 -2 2 1 0 -1 -2 2 1 0 -1 -2 2 1 0 -1 -2 2 1 0 -1 -2 2 1 0 -1 -2 2 1 0 -1 -2 2 1 0 -1 -2 2 1 0 -1 -2 2 1 0 -1 -2 2 1 0 -1 -2 2 1 0 -1 -2 2 1 0 -1 -2 2 1 0 -1 -2 2 1 0 -1 -2 2 1 0 -1 -2 2 1 0 -1 -2 2 1 0 -1 -2 2 1 0 -1 -2 2 1 0 -1 -2 2 1 0 -1 -2 2 1 0 -1 -2 2 1 0 -1 -2 2 1 0 -1 -2 2 1 0 -1 -2 2 1 0 -1 -2 2 1 0 -1 -2 2 1 0 -1 -2 2 1 0 -1 -2 2 1 0 -1 -2 2 1 0 -1 -2 2 1 0 -1 -2 2 1 0 -1 -2 2 1 0 -1 -2 2 1 0 -1 -2 2 1 0 -1 -2 2 1 0 -1 -2 2 1
2 2 2 2 2 2 2 2 2 2 2 2 2 2 2 2 2 2 2 2 2 2 2 2 2 2 2 2 2 2 2 2 2 2 2 2 2 2 2 2 2 2 2 2 2 2 2 2 2 2 2 2 2 2 2 2 2 2 2 2 2 2 2 2 2 2 2 2 2 2 2 2 2 2 2 2 2 2 2 2 2 2 2 2 2 2 2 2 2 2 2 2 2 2 2 2 2 2 2 2 2 2 2 2 2 2 2 2 2 2 2 2 2 2 2 2 2 2 2 2 2 2 2 2 2 2 2 2 2 2 2 2 2 2 2 2 2 2 2 2 2 2 2 2 2 2 2 2 2 2 2 2 2 2 2 2 2 2 2 2 2 2 2 2 2 2 2 2 2 2 2 2 2 2 2 2 2 2 2 2 2 2 2 2 2 2 2 2 2 2 2 2 2 2 2 2 2 2 2 2 2 2 2 2 2 2 2 2 2 2 2 2 2 2 2 2 2 2 2 2 2 2 2 2 2 2 2 2 2 2 2 2 2 2 2 2 2 2 2 2 2 2 2 2 2 2 2 2 2 2 2 2 2 2 2 2 2 2 2 2 2 2 2 2 2 2 2 2 2 2 2 2 2 2 2 2 2 2 2 2 2 2 2 2 2 2 2 1001 2 2 2 2 2 2 2 2 2 2 2 2 2 2 2 2 2 2 2 2 2 2 2 2 2 2 2 2 2 2 2 2 2 2 2 2 2 2 2 2 2 2 2 2 2 2 2 2 2 2 2 2 2 2 2 2 2 2 2 2 2 2 2 2 2 2 2 2 2 2 2 2 2 2 2 2 2 2 2 2 2 2 2 2 2 2 2 2 2 2 2 2 2 2 2 2 2 2 2 2 2 2 2 2 2 2 2 2 2 2 2 2 2 2 2 2 2 2 2 2 2 2 2 2 2 2 2 2 2 2 2 2 2 2 2 2 2 2 2 2 2 2 2 2 2 2 2 2 2 2 2 2 2 2 2 2 2 2 2 2 2 2 2 2 2 2 2 2 2 2 2 2 2 2 2 2 2 2 2 2 2 2 2 2 2 2 2 2 2 2 2 2 2 2 2 2 2 2 2 2 2 2 2 2 2 2 2 2 2 2 2 2
-1 0 1 2 -2 -1 0 1 2 -2 -1 0 1 2 -2 -1 0 1 2 -2 -1 0 1 2 -2 -1 0 1 2 -2 -1 0 1 2 -2 -1 0 1 2 -2 -1 0 1 2 -2 -1 0 1 2 -2 -1 0 1 2 -2 -1 0 1 2 -2 -1 0 1 2 -2 -1 0 1 2 -2 -1 0 1 2 -2 -1 0 1 2 -2 -1 0 1 2 -2 -1 0 1 2 -2 -1 0 1 2 -2 -1 0 1 2 -2 -1 0 1 2 -2 -1 0 1 2 -2 -1 0 1 2 -2 -1 0 1 2 -2 -1 0 1 2 -2 -1 0 1 2 -2 -1 0 1 2 -2 -1 0 1 2 -2 -1 0 1 2 -2 -1 0 1 2 -2 -1 0 1 2 -2 -1 0 1 2 -2 -1 0 1 2 -2 -1 0 1 2 -2 -1 0 1 2 -2 -1 0 1 2 -2 -1 0 1 2 -2 -1 0 1 2 -2 -1 0 1 2 -2 -1 0 1 2 -2 -1 0 1 2 -2 -1 0 1 2 -2 -1 0 1 2 -2 -1 0 1 2 -2 -1 0 1 2 -2 -1 0 1 2 -2 -1 0 1 2 -2 -1 0 1 2 -2 -1 0 1 2 -2 -1 0 1 2 -2 -1 0 1 2 -2 -1 0 1 2 -2 -1 0 1 2 -2 -1 0 1 2 -2 -1 0 1 2 -2 -1 0 1 2 -2 -1 0 1 2 -2 -1 0 1 601 -2 -1 0 1 2 -2 -1 0 1 2 -2 -1 0 1 2 -2 -1 0 1 2 -2 -1 0 1 2 -2 -1 0 1 2 -2 -1 0 1 2 -2 -1 0 1 2 -2 -1 0 1 2 -2 -1 0 1 2 -2 -1 0 1 2 -2 -1 0 1 2 -2 -1 0 1 2 -2 -1 0 1 2 -2 -1 0 1 2 -2 -1 0 1 2 -2 -1 0 1 2 -2 -1 0 1 2 -2 -1 0 1 2 -2 -1 0 1 2 -2 -1 0 1 2 -2 -1 0 1 2 -2 -1 0 1 2 -2 -1 0 1 2 -2 -1 0 1 2 -2 -1 0 1 2 -2 -1 0 1 2 -2 -1 0 1 2 -2 -1 0 1 2 -2 -1 0 1 2 -2 -1 0 1 2 -2 -1 0 1 2 -2 -1 0 1 2 -2 -1 0 1 2 -2 -1 0 1 2 -2 -1 0 1 2 -2 -1 0 1 2 -2 -1 0 1 2 -2 -1 0 1 2 -2 -1 0 1 2 -2 -1 0 1 2 -2 -1 0 1 2 -2
1 -2 0 2 -1 1 -2 0 2 -1 1 -2 0 2 -1 1 -2 0 2 -1 1 -2 0 2 -1 1 -2 0 2 -1 1 -2 0 2 -1 1 -2 0 2 -1 1 -2 0 2 -1 1 -2 0 2 -1 1 -2 0 2 -1 1 -2 0 2 -1 1 -2 0 2 -1 1 -2 0 2 -1 1 -2 0 2 -1 1 -2 0 2 -1 1 -2 0 2 -1 1 -2 0 2 -1 1 -2 0 2 -1 1 -2 0 2 -1 1 -2 0 2 -1 1 -2 0 2 -1 1 -2 0 2 -1 1 -2 0 2 -1 1 -2 0 2 -1 1 -2 0 2 -1 1 -2 0 2 -1 1 -2 0 2 -1 1 -2 0 2 -1 1 -2 0 2 -1 1 -2 0 2 -1 1 -2 0 2 -1 1 -2 0 2 -1 1 -2 0 2 -1 1 -2 0 2 -1 1 -2 0 2 -1 1 -2 0 2 -1 1 -2 0 2 -1 1 -2 0 2 -1 1 -2 0 2 -1 1 -2 0 2 -1 1 -2 0 2 -1 1 -2 0 2 -1 1 -2 0 2 -1 1 -2 0 2 -1 1 -2 0 2 -1 1 -2 0 2 -1 1 -2 0 2 -1 1 -2 0 2 -1 1 -2 0 2 -1 1 -2 0 2 -1 1 -2 0 2 -1 1 -2 0 2 -1 1 -2 0 2 -1 1 -2 0 2 -1 1 -2 0 2 -1 1 -2 0 2 -1 1 -2 0 2 602 1 -2 0 2 -1 1 -2 0 2 -1 1 -2 0 2 -1 1 -2 0 2 -1 1 -2 0 2 -1 1 -2 0 2 -1 1 -2 0 2 -1 1 -2 0 2 -1 1 -2 0 2 -1 1 -2 0 2 -1 1 -2 0 2 -1 1 -2 0 2 -1 1 -2 0 2 -1 1 -2 0 2 -1 1 -2 0 2 -1 1 -2 0 2 -1 1 -2 0 2 -1 1 -2 0 2 -1 1 -2 0 2 -1 1 -2 0 2 -1 1 -2 0 2 -1 1 -2 0 2 -1 1 -2 0 2 -1 1 -2 0 2 -1 1 -2 0 2 -1 1 -2 0 2 -1 1 -2 0 2 -1 1 -2 0 2 -1 1 -2 0 2 -1 1 -2 0 2 -1 1 -2 0 2 -1 1 -2 0 2 -1 1 -2 0 2 -1 1 -2 0 2 -1 1 -2 0 2 -1 1 -2 0 2 -1 1 -2 0 2 -1 1 -2 0 2 -1 1 -2 0 2 -1 1 -2 0 2 -1 1 -2 0 2 -1 1 -2 0 2 -1
-2 1 -1 2 0 -2 1 -1 2 0 -2 1 -1 2 0 -2 1 -1 2 0 -2 1 -1 2 0 -2 1 -1 2 0 -2 1 -1 2 0 -2 1 -1 2 0 -2 1 -1 2 0 -2 1 -1 2 0 -2 1 -1 2 0 -2 1 -1 2 0 -2 1 -1 2 0 -2 1 -1 2 0 -2 1 -1 2 0 -2 1 -1 2 0 -2 1 -1 2 0 -2 1 -1 2 0 -2 1 -1 2 0 -2 1 -1 2 0 -2 1 -1 2 0 -2 1 -1 2 0 -2 1 -1 2 0 -2 1 -1 2 0 -2 1 -1 2 0 -2 1 -1 2 0 -2 1 -1 2 0 -2 1 -1 2 0 -2 1 -1 2 0 -2 1 -1 2 0 -2 1 -1 2 0 -2 1 -1 2 0 -2 1 -1 2 0 -2 1 -1 2 0 -2 1 -1 2 0 -2 1 -1 2 0 -2 1 -1 2 0 -2 1 -1 2 0 -2 1 -1 2 0 -2 1 -1 2 0 -2 1 -1 2 0 -2 1 -1 2 0 -2 1 -1 2 0 -2 1 -1 2 0 -2 1 -1 2 0 -2 1 -1 2 0 -2 1 -1 2 0 -2 1 -1 2 0 -2 1 -1 2 0 -2 1 -1 2 0 -2 1 -1 2 0 -2 1 -1 2 0 -2 1 -1 2 0 -2 1 -1 2 0 -2 1 -1 2 0 -2 1 -1 2 0 -2 1 -1 2 0 -2 1 -1 2 0 601 1 -1 2 0 -2 1 -1 2 0 -2 1 -1 2 0 -2 1 -1 2 0 -2 1 -1 2 0 -2 1 -1 2 0 -2 1 -1 2 0 -2 1 -1 2 0 -2 1 -1 2 0 -2 1 -1 2 0 -2 1 -1 2 0 -2 1 -1 2 0 -2 1 -1 2 0 -2 1 -1 2 0 -2 1 -1 2 0 -2 1 -1 2 0 -2 1 -1 2 0 -2 1 -1 2 0 -2 1 -1 2 0 -2 1 -1 2 0 -2 1 -1 2 0 -2 1 -1 2 0 -2 1 -1 2 0 -2 1 -1 2 0 -2 1 -1 2 0 -2 1 -1 2 0 -2 1 -1 2 0 -2 1 -1 2 0 -2 1 -1 2 0 -2 1 -1 2 0 -2 1 -1 2 0 -2 1 -1 2 0 -2 1 -1 2 0 -2 1 -1 2 0 -2 1 -1 2 0 -2 1 -1 2 0 -2 1 -1 2 0 -2 1 -1 2 0 -2 1 -1 2 0 -2 1 -1 2 0 -2 1 -1 2 0 -2 1 -1 2 0
0 -1 -2 2 1 0 -1 -2 2 1 0 -1 -2 2 1 0 -1 -2 2 1 0 -1 -2 2 1 0 -1 -2 2 1 0 -1 -2 2 1 0 -1 -2 2 1 0 -1 -2 2 1 0 -1 -2 2 1 0 -1 -2 2 1 0 -1 -2 2 1 0 -1 -2 2 1 0 -1 -2 2 1 0 -1 -2 2 1 0 -1 -2 2 1 0 -1 -2 2 1 0 -1 -2 2 1 0 -1 -2 2 1 0 -1 -2 2 1 0 -1 -2 2 1 0 -1 -2 2 1 0 -1 -2 2 1 0 -1 -2 2 1 0 -1 -2 2 1 0 -1 -2 2 1 0 -1 -2 2 1 0 -1 -2 2 1 0 -1 -2 2 1 0 -1 -2 2 1 0 -1 -2 2 1 0 -1 -2 2 1 0 -1 -2 2 1 0 -1 -2 2 1 0 -1 -2 2 1 0 -1 -2 2 1 0 -1 -2 2 1 0 -1 -2 2 1 0 -1 -2 2 1 0 -1 -2 2 1 0 -1 -2 2 1 0 -1 -2 2 1 0 -1 -2 2 1 0 -1 -2 2 1 0 -1 -2 2 1 0 -1 -2 2 1 0 -1 -2 2 1 0 -1 -2 2 1 0 -1 -2 2 1 0 -1 -2 2 1 0 -1 -2 2 1 0 -1 -2 2 1 0 -1 -2 2 1 0 -1 -2 2 1 0 -1 -2 2 1 0 -1 -2 2 1 0 -1 -2 2 1 0 -1 -2 2 1 0 602 -2 2 1 0 -1 -2 2 1 0 -1 -2 2 1 0 -1 -2 2 1 0 -1 -2 2 1 0 -1 -2 2 1 0 -1 -2 2 1 0 -1 -2 2 1 0 -1 -2 2 1 0 -1 -2 2 1 0 -1 -2 2 1 0 -1 -2 2 1 0 -1 -2 2 1 0 -1 -2 2 1 0 -1 -2 2 1 0 -1 -2 2 1 0 -1 -2 2 1 0 -1 -2 2 1 0 -1 -2 2 1 0 -1 -2 2 1 0 -1 -2 2 1 0 -1 -2 2 1 0 -1 -2 2 1 0 -1 -2 2 1 0 -1 -2 2 1 0 -1 -2 2 1 0 -1 -2 2 1 0 -1 -2 2 1 0 -1 -2 2 1 0 -1 -2 2 1 0 -1 -2 2 1 0 -1 -2 2 1 0 -1 -2 2 1 0 -1 -2 2 1 0 -1 -2 2 1 0 -1 -2 2 1 0 -1 -2 2 1 0 -1 -2 2 1 0 -1 -2 2 1 0 -1 -2 2 1 0 -1 -2 2 1 0 -1 -2 2 1
2 2 2 2 2 2 2 2 2 2 2 2 2 2 2 2 2 2 2 2 2 2 2 2 2 2 2 2 2 2 2 2 2 2 2 2 2 2 2 2 2 2 2 2 2 2 2 2 2 2 2 2 2 2 2 2 2 2 2 2 2 2 2 2 2 2 2 2 2 2 2 2 2 2 2 2 2 2 2 2 2 2 2 2 2 2 2 2 2 2 2 2 2 2 2 2 2 2 2 2 2 2 2 2 2 2 2 2 2 2 2 2 2 2 2 2 2 2 2 2 2 2 2 2 2 2 2 2 2 2 2 2 2 2 2 2 2 2 2 2 2 2 2 2 2 2 2 2 2 2 2 2 2 2 2 2 2 2 2 2 2 2 2 2 2 2 2 2 2 2 2 2 2 2 2 2 2 2 2 2 2 2 2 2 2 2 2 2 2 2 2 2 2 2 2 2 2 2 2 2 2 2 2 2 2 2 2 2 2 2 2 2 2 2 2 2 2 2 2 2 2 2 2 2 2 2 2 2 2 2 2 2 2 2 2 2 2 2 2 2 2 2 2 2 2 2 2 2 2 2 2 2 2 2 2 2 2 2 2 2 2 2 2 2 2 2 2 2 2 2 2 2 2 2 2 2 2 2 2 2 2 2 2 2 2 2 2 2 2 2 2 2 1001 2 2 2 2 2 2 2 2 2 2 2 2 2 2 2 2 2 2 2 2 2 2 2 2 2 2 2 2 2 2 2 2 2 2 2 2 2 2 2 2 2 2 2 2 2 2 2 2 2 2 2 2 2 2 2 2 2 2 2 2 2 2 2 2 2 2 2 2 2 2 2 2 2 2 2 2 2 2 2 2 2 2 2 2 2 2 2 2 2 2 2 2 2 2 2 2 2 2 2 2 2 2 2 2 2 2 2 2 2 2 2 2 2 2 2 2 2 2 2 2 2 2 2 2 2 2 2 2 2 2 2 2 2 2 2 2 2 2 2 2 2 2 2 2 2 2 2 2 2 2 2 2 2 2 2 2 2 2 2 2 2 2 2 2 2 2 2 2 2 2 2 2 2 2 2 2 2 2 2 2 2 2 2 2 2 2 2 2 2 2 2 2 2 2 2 2 2 2 2 2 2 2 2 2 2 2 2
-1 0 1 2 -2 -1 0 1 2 -2 -1 0 1 2 -2 -1 0 1 2 -2 -1 0 1 2 -2 -1 0 1 2 -2 -1 0 1 2 -2 -1 0 1 2 -2 -1 0 1 2 -2 -1 0 1 2 -2 -1 0 1 2 -2 -1 0 1 2 -2 -1 0 1 2 -2 -1 0 1 2 -2 -1 0 1 2 -2 -1 0 1 2 -2 -1 0 1 2 -2 -1 0 1 2 -2 -1 0 1 2 -2 -1 0 1 2 -2 -1 0 1 2 -2 -1 0 1 2 -2 -1 0 1 2 -2 -1 0 1 2 -2 -1 0 1 2 -2 -1 0 1 2 -2 -1 0 1 2 -2 -1 0 1 2 -2 -1 0 1 2 -2 -1 0 1 2 -2 -1 0 1 2 -2 -1 0 1 2 -2 -1 0 1 2 -2 -1 0 1 2 -2 -1 0 1 2 -2 -1 0 1 2 -2 -1 0 1 2 -2 -1 0 1 2 -2 -1 0 1 2 -2 -1 0 1 2 -2 -1 0 1 2 -2 -1 0 1 2 -2 -1 0 1 2 -2 -1 0 1 2 -2 -1 0 1 2 -2 -1 0 1 2 -2 -1 0 1 2 -2 -1 0 1 2 -2 -1 0 1 2 -2 -1 0 1 2 -2 -1 0 1 2 -2 -1 0 1 2 -2 -1 0 1 2 -2 -1 0 1 2 -2 -1 0 1 2 -2 -1 0 1 2 -2 -1 0 1 2 -2 -1 0 1 2 -2 -1 0 1 601 -2 -1 0 1 2 -2 -1 0 1 2 -2 -1 0 1 2 -2 -1 0 1 2 -2 -1 0 1 2 -2 -1 0 1 2 -2 -1 0 1 2 -2 -1 0 1 2 -2 -1 0 1 2 -2 -1 0 1 2 -2 -1 0 1 2 -2 -1 0 1 2 -2 -1 0 1 2 -2 -1 0 1 2 -2 -1 0 1 2 -2 -1 0 1 2 -2 -1 0 1 2 -2 -1 0 1 2 -2 -1 0 1 2 -2 -1 0 1 2 -2 -1 0 1 2 -2 -1 0 1 2 -2 -1 0 1 2 -2 -1 0 1 2 -2 -1 0 1 2 -2 -1 0 1 2 -2 -1 0 1 2 -2 -1 0 1 2 -2 -1 0 1 2 -2 -1 0 1 2 -2 -1 0 1 2 -2 -1 0 1 2 -2 -1 0 1 2 -2 -1 0 1 2 -2 -1 0 1 2 -2 -1 0 1 2 -2 -1 0 1 2 -2 -1 0 1 2 -2 -1 0 1 2 -2 -1 0 1 2 -2 -1 0 1 2 -2
1 -2 0 2 -1 1 -2 0 2 -1 1 -2 0 2 -1 1 -2 0 2 -1 1 -2 0 2 -1 1 -2 0 2 -1 1 -2 0 2 -1 1 -2 0 2 -1 1 -2 0 2 -1 1 -2 0 2 -1 1 -2 0 2 -1 1 -2 0 2 -1 1 -2 0 2 -1 1 -2 0 2 -1 1 -2 0 2 -1 1 -2 0 2 -1 1 -2 0 2 -1 1 -2 0 2 -1 1 -2 0 2 -1 1 -2 0 2 -1 1 -2 0 2 -1 1 -2 0 2 -1 1 -2 0 2 -1 1 -2 0 2 -1 1 -2 0 2 -1 1 -2 0 2 -1 1 -2 0 2 -1 1 -2 0 2 -1 1 -2 0 2 -1 1 -2 0 2 -1 1 -2 0 2 -1 1 -2 0 2 -1 1 -2 0 2 -1 1 -2 0 2 -1 1 -2 0 2 -1 1 -2 0 2 -1 1 -2 0 2 -1 1 -2 0 2 -1 1 -2 0 2 -1 1 -2 0 2 -1 1 -2 0 2 -1 1 -2 0 2 -1 1 -2 0 2 -1 1 -2 0 2 -1 1 -2 0 2 -1 1 -2 0 2 -1 1 -2 0 2 -1 1 -2 0 2 -1 1 -2 0 2 -1 1 -2 0 2 -1 1 -2 0 2 -1 1 -2 0 2 -1 1 -2 0 2 -1 1 -2 0 2 -1 1 -2 0 2 -1 1 -2 0 2 -1 1 -2 0 2 -1 1 -2 0 2 -1 1 -2 0 2 602 1 -2 0 2 -1 1 -2 0 2 -1 1 -2 0 2 -1 1 -2 0 2 -1 1 -2 0 2 -1 1 -2 0 2 -1 1 -2 0 2 -1 1 -2 0 2 -1 1 -2 0 2 -1 1 -2 0 2 -1 1 -2 0 2 -1 1 -2 0 2 -1 1 -2 0 2 -1 1 -2 0 2 -1 1 -2 0 2 -1 1 -2 0 2 -1 1 -2 0 2 -1 1 -2 0 2 -1 1 -2 0 2 -1 1 -2 0 2 -1 1 -2 0 2 -1 1 -2 0 2 -1 1 -2 0 2 -1 1 -2 0 2 -1 1 -2 0 2 -1 1 -2 0 2 -1 1 -2 0 2 -1 1 -2 0 2 -1 1 -2 0 2 -1 1 -2 0 2 -1 1 -2 0 2 -1 1 -2 0 2 -1 1 -2 0 2 -1 1 -2 0 2 -1 1 -2 0 2 -1 1 -2 0 2 -1 1 -2 0 2 -1 1 -2 0 2 -1 1 -2 0 2 -1 1 -2 0 2 -1 1 -2 0 2 -1
-2 1 -1 2 0 -2 1 -1 2 0 -2 1 -1 2 0 -2 1 -1 2 0 -2 1 -1 2 0 -2 1 -1 2 0 -2 1 -1 2 0 -2 1 -1 2 0 -2 1 -1 2 0 -2 1 -1 2 0 -2 1 -1 2 0 -2 1 -1 2 0 -2 1 -1 2 0 -2 1 -1 2 0 -2 1 -1 2 0 -2 1 -1 2 0 -2 1 -1 2 0 -2 1 -1 2 0 -2 1 -1 2 0 -2 1 -1 2 0 -2 1 -1 2 0 -2 1 -1 2 0 -2 1 -1 2 0 -2 1 -1 2 0 -2 1 -1 2 0 -2 1 -1 2 0 -2 1 -1 2 0 -2 1 -1 2 0 -2 1 -1 2 0 -2 1 -1 2 0 -2 1 -1 2 0 -2 1 -1 2 0 -2 1 -1 2 0 -2 1 -1 2 0 -2 1 -1 2 0 -2 1 -1 2 0 -2 1 -1 2 0 -2 1 -1 2 0 -2 1 -1 2 0 -2 1 -1 2 0 -2 1 -1 2 0 -2 1 -1 2 0 -2 1 -1 2 0 -2 1 -1 2 0 -2 1 -1 2 0 -2 1 -1 2 0 -2 1 -1 2 0 -2 1 -1 2 0 -2 1 -1 2 0 -2 1 -1 2 0 -2 1 -1 2 0 -2 1 -1 2 0 -2 1 -1 2 0 -2 1 -1 2 0 -2 1 -1 2 0 -2 1 -1 2 0 -2 1 -1 2 0 -2 1 -1 2 0 -2 1 -1 2 0 601 1 -1 2 0 -2 1 -1 2 0 -2 1 -1 2 0 -2 1 -1 2 0 -2 1 -1 2 0 -2 1 -1 2 0 -2 1 -1 2 0 -2 1 -1 2 0 -2 1 -1 2 0 -2 1 -1 2 0 -2 1 -1 2 0 -2 1 -1 2 0 -2 1 -1 2 0 -2 1 -1 2 0 -2 1 -1 2 0 -2 1 -1 2 0 -2 1 -1 2 0 -2 1 -1 2 0 -2 1 -1 2 0 -2 1 -1 2 0 -2 1 -1 2 0 -2 1 -1 2 0 -2 1 -1 2 0 -2 1 -1 2 0 -2 1 -1 2 0 -2 1 -1 2 0 -2 1 -1 2 0 -2 1 -1 2 0 -2 1 -1 2 0 -2 1 -1 2 0 -2 1 -1 2 0 -2 1 -1 2 0 -2 1 -1 2 0 -2 1 -1 2 0 -2 1 -1 2 0 -2 1 -1 2 0 -2 1 -1 2 0 -2 1 -1 2 0 -2 1 -1 2 0 -2 1 -1 2 0 -2 1 -1 2 0
0 -1 -2 2 1 0 -1 -2 2 1 0 -1 -2 2 1 0 -1 -2 2 1 0 -1 -2 2 1 0 -1 -2 2 1 0 -1 -2 2 1 0 -1 -2 2 1 0 -1 -2 2 1 0 -1 -2 2 1 0 -1 -2 2 1 0 -1 -2 2 1 0 -1 -2 2 1 0 -1 -2 2 1 0 -1 -2 2 1 0 -1 -2 2 1 0 -1 -2 2 1 0 -1 -2 2 1 0 -1 -2 2 1 0 -1 -2 2 1 0 -1 -2 2 1 0 -1 -2 2 1 0 -1 -2 2 1 0 -1 -2 2 1 0 -1 -2 2 1 0 -1 -2 2 1 0 -1 -2 2 1 0 -1 -2 2 1 0 -1 -2 2 1 0 -1 -2 2 1 0 -1 -2 2 1 0 -1 -2 2 1 0 -1 -2 2 1 0 -1 -2 2 1 0 -1 -2 2 1 0 -1 -2 2 1 0 -1 -2 2 1 0 -1 -2 2 1 0 -1 -2 2 1 0 -1 -2 2 1 0 -1 -2 2 1 0 -1 -2 2 1 0 -1 -2 2 1 0 -1 -2 2 1 0 -1 -2 2 1 0 -1 -2 2 1 0 -1 -2 2 1 0 -1 -2 2 1 0 -1 -2 2 1 0 -1 -2 2 1 0 -1 -2 2 1 0 -1 -2 2 1 0 -1 -2 2 1 0 -1 -2 2 1 0 -1 -2 2 1 0 -1 -2 2 1 0 -1 -2 2 1 0 -1 -2 2 1 0 -1 -2 2 1 0 602 -2 2 1 0 -1 -2 2 1 0 -1 -2 2 1 0 -1 -2 2 1 0 -1 -2 2 1 0 -1 -2 2 1 0 -1 -2 2 1 0 -1 -2 2 1 0 -1 -2 2 1 0 -1 -2 2 1 0 -1 -2 2 1 0 -1 -2 2 1 0 -1 -2 2 1 0 -1 -2 2 1 0 -1 -2 2 1 0 -1 -2 2 1 0 -1 -2 2 1 0 -1 -2 2 1 0 -1 -2 2 1 0 -1 -2 2 1 0 -1 -2 2 1 0 -1 -2 2 1 0 -1 -2 2 1 0 -1 -2 2 1 0 -1 -2 2 1 0 -1 -2 2 1 0 -1 -2 2 1 0 -1 -2 2 1 0 -1 -2 2 1 0 -1 -2 2 1 0 -1 -2 2 1 0 -1 -2 2 1 0 -1 -2 2 1 0 -1 -2 2 1 0 -1 -2 2 1 0 -1 -2 2 1 0 -1 -2 2 1 0 -1 -2 2 1 0 -1 -2 2 1 0 -1 -2 2 1 0 -1 -2 2 1
2 2 2 2 2 2 2 2 2 2 2 2 2 2 2 2 2 2 2 2 2 2 2 2 2 2 2 2 2 2 2 2 2 2 2 2 2 2 2 2 2 2 2 2 2 2 2 2 2 2 2 2 2 2 2 2 2 2 2 2 2 2 2 2 2 2 2 2 2 2 2 2 2 2 2 2 2 2 2 2 2 2 2 2 2 2 2 2 2 2 2 2 2 2 2 2 2 2 2 2 2 2 2 2 2 2 2 2 2 2 2 2 2 2 2 2 2 2 2 2 2 2 2 2 2 2 2 2 2 2 2 2 2 2 2 2 2 2 2 2 2 2 2 2 2 2 2 2 2 2 2 2 2 2 2 2 2 2 2 2 2 2 2 2 2 2 2 2 2 2 2 2 2 2 2 2 2 2 2 2 2 2 2 2 2 2 2 2 2 2 2 2 2 2 2 2 2 2 2 2 2 2 2 2 2 2 2 2 2 2 2 2 2 2 2 2 2 2 2 2 2 2 2 2 2 2 2 2 2 2 2 2 2 2 2 2 2 2 2 2 2 2 2 2 2 2 2 2 2 2 2 2 2 2 2 2 2 2 2 2 2 2 2 2 2 2 2 2 2 2 2 2 2 2 2 2 2 2 2 2 2 2 2 2 2 2 2 2 2 2 2 2 2 2 2 2 2 1001 2 2 2 2 2 2 2 2 2 2 2 2 2 2 2 2 2 2 2 2 2 2 2 2 2 2 2 2 2 2 2 2 2 2 2 2 2 2 2 2 2 2 2 2 2 2 2 2 2 2 2 2 2 2 2 2 2 2 2 2 2 2 2 2 2 2 2 2 2 2 2 2 2 2 2 2 2 2 2 2 2 2 2 2 2 2 2 2 2 2 2 2 2 2 2 2 2 2 2 2 2 2 2 2 2 2 2 2 2 2 2 2 2 2 2 2 2 2 2 2 2 2 2 2 2 2 2 2 2 2 2 2 2 2 2 2 2 2 2 2 2 2 2 2 2 2 2 2 2 2 2 2 2 2 2 2 2 2 2 2 2 2 2 2 2 2 2 2 2 2 2 2 2 2 2 2 2 2 2 2 2 2 2 2 2 2 2 2 2 2 2 2 2 2 2 2 2 2 2 2 2 2
-1 0 1 2 -2 -1 0 1 2 -2 -1 0 1 2 -2 -1 0 1 2 -2 -1 0 1 2 -2 -1 0 1 2 -2 -1 0 1 2 -2 -1 0 1 2 -2 -1 0 1 2 -2 -1 0 1 2 -2 -1 0 1 2 -2 -1 0 1 2 -2 -1 0 1 2 -2 -1 0 1 2 -2 -1 0 1 2 -2 -1 0 1 2 -2 -1 0 1 2 -2 -1 0 1 2 -2 -1 0 1 2 -2 -1 0 1 2 -2 -1 0 1 2 -2 -1 0 1 2 -2 -1 0 1 2 -2 -1 0 1 2 -2 -1 0 1 2 -2 -1 0 1 2 -2 -1 0 1 2 -2 -1 0 1 2 -2 -1 0 1 2 -2 -1 0 1 2 -2 -1 0 1 2 -2 -1 0 1 2 -2 -1 0 1 2 -2 -1 0 1 2 -2 -1 0 1 2 -2 -1 0 1 2 -2 -1 0 1 2 -2 -1 0 1 2 -2 -1 0 1 2 -2 -1 0 1 2 -2 -1 0 1 2 -2 -1 0 1 2 -2 -1 0 1 2 -2 -1 0 1 2 -2 -1 0 1 2 -2 -1 0 1 2 -2 -1 0 1 2 -2 -1 0 1 2 -2 -1 0 1 2 -2 -1 0 1 2 -2 -1 0 1 2 -2 -1 0 1 2 -2 -1 0 1 2 -2 -1 0 1 2 -2 -1 0 1 2 -2 -1 0 1 2 -2 -1 0 1 2 -2 -1 0 1 2 -2 -1 0 1 2 -2 -1 0 1 601 -2 -1 0 1 2 -2 -1 0 1 2 -2 -1 0 1 2 -2 -1 0 1 2 -2 -1 0 1 2 -2 -1 0 1 2 -2 -1 0 1 2 -2 -1 0 1 2 -2 -1 0 1 2 -2 -1 0 1 2 -2 -1 0 1 2 -2 -1 0 1 2 -2 -1 0 1 2 -2 -1 0 1 2 -2 -1 0 1 2 -2 -1 0 1 2 -2 -1 0 1 2 -2 -1 0 1 2 -2 -1 0 1 2 -2 -1 0 1 2 -2 -1 0 1 2 -2 -1 0 1 2 -2 -1 0 1 2 -2 -1 0 1 2 -2 -1 0 1 2 -2 -1 0 1 2 -2 -1 0 1 2 -2 -1 0 1 2 -2 -1 0 1 2 -2 -1 0 1 2 -2 -1 0 1 2 -2 -1 0 1 2 -2 -1 0 1 2 -2 -1 0 1 2 -2 -1 0 1 2 -2 -1 0 1 2 -2 -1 0 1 2 -2 -1 0 1 2 -2 -1 0 1 2 -2 -1 0 1 2 -2
1 -2 0 2 -1 1 -2 0 2 -1 1 -2 0 2 -1 1 -2 0 2 -1 1 -2 0 2 -1 1 -2 0 2 -1 1 -2 0 2 -1 1 -2 0 2 -1 1 -2 0 2 -1 1 -2 0 2 -1 1 -2 0 2 -1 1 -2 0 2 -1 1 -2 0 2 -1 1 -2 0 2 -1 1 -2 0 2 -1 1 -2 0 2 -1 1 -2 0 2 -1 1 -2 0 2 -1 1 -2 0 2 -1 1 -2 0 2 -1 1 -2 0 2 -1 1 -2 0 2 -1 1 -2 0 2 -1 1 -2 0 2 -1 1 -2 0 2 -1 1 -2 0 2 -1 1 -2 0 2 -1 1 -2 0 2 -1 1 -2 0 2 -1 1 -2 0 2 -1 1 -2 0 2 -1 1 -2 0 2 -1 1 -2 0 2 -1 1 -2 0 2 -1 1 -2 0 2 -1 1 -2 0 2 -1 1 -2 0 2 -1 1 -2 0 2 -1 1 -2 0 2 -1 1 -2 0 2 -1 1 -2 0 2 -1 1 -2 0 2 -1 1 -2 0 2 -1 1 -2 0 2 -1 1 -2 0 2 -1 1 -2 0 2 -1 1 -2 0 2 -1 1 -2 0 2 -1 1 -2 0 2 -1 1 -2 0 2 -1 1 -2 0 2 -1 1 -2 0 2 -1 1 -2 0 2 -1 1 -2 0 2 -1 1 -2 0 2 -1 1 -2 0 2 -1 1 -2 0 2 -1 1 -2 0 2 -1 1 -2 0 2 -1 1 -2 0 2 602 1 -2 0 2 -1 1 -2 0 2 -1 1 -2 0 2 -1 1 -2 0 2 -1 1 -2 0 2 -1 1 -2 0 2 -1 1 -2 0 2 -1 1 -2 0 2 -1 1 -2 0 2 -1 1 -2 0 2 -1 1 -2 0 2 -1 1 -2 0 2 -1 1 -2 0 2 -1 1 -2 0 2 -1 1 -2 0 2 -1 1 -2 0 2 -1 1 -2 0 2 -1 1 -2 0 2 -1 1 -2 0 2 -1 1 -2 0 2 -1 1 -2 0 2 -1 1 -2 0 2 -1 1 -2 0 2 -1 1 -2 0 2 -1 1 -2 0 2 -1 1 -2 0 2 -1 1 -2 0 2 -1 1 -2 0 2 -1 1 -2 0 2 -1 1 -2 0 2 -1 1 -2 0 2 -1 1 -2 0 2 -1 1 -2 0 2 -1 1 -2 0 2 -1 1 -2 0 2 -1 1 -2 0 2 -1 1 -2 0 2 -1 1 -2 0 2 -1 1 -2 0 2 -1 1 -2 0 2 -1
-2 1 -1 2 0 -2 1 -1 2 0 -2 1 -1 2 0 -2 1 -1 2 0 -2 1 -1 2 0 -2 1 -1 2 0 -2 1 -1 2 0 -2 1 -1 2 0 -2 1 -1 2 0 -2 1 -1 2 0 -2 1 -1 2 0 -2 1 -1 2 0 -2 1 -1 2 0 -2 1 -1 2 0 -2 1 -1 2 0 -2 1 -1 2 0 -2 1 -1 2 0 -2 1 -1 2 0 -2 1 -1 2 0 -2 1 -1 2 0 -2 1 -1 2 0 -2 1 -1 2 0 -2 1 -1 2 0 -2 1 -1 2 0 -2 1 -1 2 0 -2 1 -1 2 0 -2 1 -1 2 0 -2 1 -1 2 0 -2 1 -1 2 0 -2 1 -1 2 0 -2 1 -1 2 0 -2 1 -1 2 0 -2 1 -1 2 0 -2 1 -1 2 0 -2 1 -1 2 0 -2 1 -1 2 0 -2 1 -1 2 0 -2 1 -1 2 0 -2 1 -1 2 0 -2 1 -1 2 0 -2 1 -1 2 0 -2 1 -1 2 0 -2 1 -1 2 0 -2 1 -1 2 0 -2 1 -1 2 0 -2 1 -1 2 0 -2 1 -1 2 0 -2 1 -1 2 0 -2 1 -1 2 0 -2 1 -1 2 0 -2 1 -1 2 0 -2 1 -1 2 0 -2 1 -1 2 0 -2 1 -1 2 0 -2 1 -1 2 0 -2 1 -1 2 0 -2 1 -1 2 0 -2 1 -1 2 0 -2 1 -1 2 0 -2 1 -1 2 0 601 1 -1 2 0 -2 1 -1 2 0 -2 1 -1 2 0 -2 1 -1 2 0 -2 1 -1 2 0 -2 1 -1 2 0 -2 1 -1 2 0 -2 1 -1 2 0 -2 1 -1 2 0 -2 1 -1 2 0 -2 1 -1 2 0 -2 1 -1 2 0 -2 1 -1 2 0 -2 1 -1 2 0 -2 1 -1 2 0 -2 1 -1 2 0 -2 1 -1 2 0 -2 1 -1 2 0 -2 1 -1 2 0 -2 1 -1 2 0 -2 1 -1 2 0 -2 1 -1 2 0 -2 1 -1 2 0 -2 1 -1 2 0 -2 1 -1 2 0 -2 1 -1 2 0 -2 1 -1 2 0 -2 1 -1 2 0 -2 1 -1 2 0 -2 1 -1 2 0 -2 1 -1 2 0 -2 1 -1 2 0 -2 1 -1 2 0 -2 1 -1 2 0 -2 1 -1 2 0 -2 1 -1 2 0 -2 1 -1 2 0 -2 1 -1 2 0 -2 1 -1 2 0 -2 1 -1 2 0
0 -1 -2 2 1 0 -1 -2 2 1 0 -1 -2 2 1 0 -1 -2 2 1 0 -1 -2 2 1 0 -1 -2 2 1 0 -1 -2 2 1 0 -1 -2 2 1 0 -1 -2 2 1 0 -1 -2 2 1 0 -1 -2 2 1 0 -1 -2 2 1 0 -1 -2 2 1 0 -1 -2 2 1 0 -1 -2 2 1 0 -1 -2 2 1 0 -1 -2 2 1 0 -1 -2 2 1 0 -1 -2 2 1 0 -1 -2 2 1 0 -1 -2 2 1 0 -1 -2 2 1 0 -1 -2 2 1 0 -1 -2 2 1 0 -1 -2 2 1 0 -1 -2 2 1 0 -1 -2 2 1 0 -1 -2 2 1 0 -1 -2 2 1 0 -1 -2 2 1 0 -1 -2 2 1 0 -1 -2 2 1 0 -1 -2 2 1 0 -1 -2 2 1 0 -1 -2 2 1 0 -1 -2 2 1 0 -1 -2 2 1 0 -1 -2 2 1 0 -1 -2 2 1 0 -1 -2 2 1 0 -1 -2 2 1 0 -1 -2 2 1 0 -1 -2 2 1 0 -1 -2 2 1 0 -1 -2 2 1 0 -1 -2 2 1 0 -1 -2 2 1 0 -1 -2 2 1 0 -1 -2 2 1 0 -1 -2 2 1 0 -1 -2 2 1 0 -1 -2 2 1 0 -1 -2 2 1 0 -1 -2 2 1 0 -1 -2 2 1 0 -1 -2 2 1 0 -1 -2 2 1 0 -1 -2 2 1 0 -1 -2 2 1 0 -1 -2 2 1 0 602 -2 2 1 0 -1 -2 2 1 0 -1 -2 2 1 0 -1 -2 2 1 0 -1 -2 2 1 0 -1 -2 2 1 0 -1 -2 2 1 0 -1 -2 2 1 0 -1 -2 2 1 0 -1 -2 2 1 0 -1 -2 2 1 0 -1 -2 2 1 0 -1 -2 2 1 0 -1 -2 2 1 0 -1 -2 2 1 0 -1 -2 2 1 0 -1 -2 2 1 0 -1 -2 2 1 0 -1 -2 2 1 0 -1 -2 2 1 0 -1 -2 2 1 0 -1 -2 2 1 0 -1 -2 2 1 0 -1 -2 2 1 0 -1 -2 2 1 0 -1 -2 2 1 0 -1 -2 2 1 0 -1 -2 2 1 0 -1 -2 2 1 0 -1 -2 2 1 0 -1 -2 2 1 0 -1 -2 2 1 0 -1 -2 2 1 0 -1 -2 2 1 0 -1 -2 2 1 0 -1 -2 2 1 0 -1 -2 2 1 0 -1 -2 2 1 0 -1 -2 2 1 0 -1 -2 2 1
2 2 2 2 2 2 2 2 2 2 2 2 2 2 2 2 2 2 2 2 2 2 2 2 2 2 2 2 2 2 2 2 2 2 2 2 2 2 2 2 2 2 2 2 2 2 2 2 2 2 2 2 2 2 2 2 2 2 2 2 2 2 2 2 2 2 2 2 2 2 2 2 2 2 2 2 2 2 2 2 2 2 2 2 2 2 2 2 2 2 2 2 2 2 2 2 2 2 2 2 2 2 2 2 2 2 2 2 2 2 2 2 2 2 2 2 2 2 2 2 2 2 2 2 2 2 2 2 2 2 2 2 2 2 2 2 2 2 2 2 2 2 2 2 2 2 2 2 2 2 2 2 2 2 2 2 2 2 2 2 2 2 2 2 2 2 2 2 2 2 2 2 2 2 2 2 2 2 2 2 2 2 2 2 2 2 2 2 2 2 2 2 2 2 2 2 2 2 2 2 2 2 2 2 2 2 2 2 2 2 2 2 2 2 2 2 2 2 2 2 2 2 2 2 2 2 2 2 2 2 2 2 2 2 2 2 2 2 2 2 2 2 2 2 2 2 2 2 2 2 2 2 2 2 2 2 2 2 2 2 2 2 2 2 2 2 2 2 2 2 2 2 2 2 2 2 2 2 2 2 2 2 2 2 2 2 2 2 2 2 2 2 2 2 2 2 2 2 2 2 2 2 1001 2 2 2 2 2 2 2 2 2 2 2 2 2 2 2 2 2 2 2 2 2 2 2 2 2 2 2 2 2 2 2 2 2 2 2 2 2 2 2 2 2 2 2 2 2 2 2 2 2 2 2 2 2 2 2 2 2 2 2 2 2 2 2 2 2 2 2 2 2 2 2 2 2 2 2 2 2 2 2 2 2 2 2 2 2 2 2 2 2 2 2 2 2 2 2 2 2 2 2 2 2 2 2 2 2 2 2 2 2 2 2 2 2 2 2 2 2 2 2 2 2 2 2 2 2 2 2 2 2 2 2 2 2 2 2 2 2 2 2 2 2 2 2 2 2 2 2 2 2 2 2 2 2 2 2 2 2 2 2 2 2 2 2 2 2 2 2 2 2 2 2 2 2 2 2 2 2 2 2 2 2 2 2 2 2 2 2 2 2 2 2 2 2 2 2 2 2
-1 0 1 2 -2 -1 0 1 2 -2 -1 0 1 2 -2 -1 0 1 2 -2 -1 0 1 2 -2 -1 0 1 2 -2 -1 0 1 2 -2 -1 0 1 2 -2 -1 0 1 2 -2 -1 0 1 2 -2 -1 0 1 2 -2 -1 0 1 2 -2 -1 0 1 2 -2 -1 0 1 2 -2 -1 0 1 2 -2 -1 0 1 2 -2 -1 0 1 2 -2 -1 0 1 2 -2 -1 0 1 2 -2 -1 0 1 2 -2 -1 0 1 2 -2 -1 0 1 2 -2 -1 0 1 2 -2 -1 0 1 2 -2 -1 0 1 2 -2 -1 0 1 2 -2 -1 0 1 2 -2 -1 0 1 2 -2 -1 0 1 2 -2 -1 0 1 2 -2 -1 0 1 2 -2 -1 0 1 2 -2 -1 0 1 2 -2 -1 0 1 2 -2 -1 0 1 2 -2 -1 0 1 2 -2 -1 0 1 2 -2 -1 0 1 2 -2 -1 0 1 2 -2 -1 0 1 2 -2 -1 0 1 2 -2 -1 0 1 2 -2 -1 0 1 2 -2 -1 0 1 2 -2 -1 0 1 2 -2 -1 0 1 2 -2 -1 0 1 2 -2 -1 0 1 2 -2 -1 0 1 2 -2 -1 0 1 2 -2 -1 0 1 2 -2 -1 0 1 2 -2 -1 0 1 2 -2 -1 0 1 2 -2 -1 0 1 2 -2 -1 0 1 2 -2 -1 0 1 2 -2 -1 0 1 2 -2 -1 0 1 2 -2 -1 0 1 2 -2 -1 0 1 601 -2 -1 0 1 2 -2 -1 0 1 2 -2 -1 0 1 2 -2 -1 0 1 2 -2 -1 0 1 2 -2 -1 0 1 2 -2 -1 0 1 2 -2 -1 0 1 2 -2 -1 0 1 2 -2 -1 0 1 2 -2 -1 0 1 2 -2 -1 0 1 2 -2 -1 0 1 2 -2 -1 0 1 2 -2 -1 0 1 2 -2 -1 0 1 2 -2 -1 0 1 2 -2 -1 0 1 2 -2 -1 0 1 2 -2 -1 0 1 2 -2 -1 0 1 2 -2 -1 0 1 2 -2 -1 0 1 2 -2 -1 0 1 2 -2 -1 0 1 2 -2 -1 0 1 2 -2 -1 0 1 2 -2 -1 0 1 2 -2 -1 0 1 2 -2 -1 0 1 2 -2 -1 0 1 2 -2 -1 0 1 2 -2 -1 0 1 2 -2 -1 0 1 2 -2 -1 0 1 2 -2 -1 0 1 2 -2 -1 0 1 2 -2 -1 0 1 2 -2 -1 0 1 2 -2
1 -2 0 2 -1 1 -2 0 2 -1 1 -2 0 2 -1 1 -2 0 2 -1 1 -2 0 2 -1 1 -2 0 2 -1 1 -2 0 2 -1 1 -2 0 2 -1 1 -2 0 2 -1 1 -2 0 2 -1 1 -2 0 2 -1 1 -2 0 2 -1 1 -2 0 2 -1 1 -2 0 2 -1 1 -2 0 2 -1 1 -2 0 2 -1 1 -2 0 2 -1 1 -2 0 2 -1 1 -2 0 2 -1 1 -2 0 2 -1 1 -2 0 2 -1 1 -2 0 2 -1 1 -2 0 2 -1 1 -2 0 2 -1 1 -2 0 2 -1 1 -2 0 2 -1 1 -2 0 2 -1 1 -2 0 2 -1 1 -2 0 2 -1 1 -2 0 2 -1 1 -2 0 2 -1 1 -2 0 2 -1 1 -2 0 2 -1 1 -2 0 2 -1 1 -2 0 2 -1 1 -2 0 2 -1 1 -2 0 2 -1 1 -2 0 2 -1 1 -2 0 2 -1 1 -2 0 2 -1 1 -2 0 2 -1 1 -2 0 2 -1 1 -2 0 2 -1 1 -2 0 2 -1 1 -2 0 2 -1 1 -2 0 2 -1 1 -2 0 2 -1 1 -2 0 2 -1 1 -2 0 2 -1 1 -2 0 2 -1 1 -2 0 2 -1 1 -2 0 2 -1 1 -2 0 2 -1 1 -2 0 2 -1 1 -2 0 2 -1 1 -2 0 2 -1 1 -2 0 2 -1 1 -2 0 2 -1 1 -2 0 2 -1 1 -2 0 2 -1 1 -2 0 2 602 1 -2 0 2 -1 1 -2 0 2 -1 1 -2 0 2 -1 1 -2 0 2 -1 1 -2 0 2 -1 1 -2 0 2 -1 1 -2 0 2 -1 1 -2 0 2 -1 1 -2 0 2 -1 1 -2 0 2 -1 1 -2 0 2 -1 1 -2 0 2 -1 1 -2 0 2 -1 1 -2 0 2 -1 1 -2 0 2 -1 1 -2 0 2 -1 1 -2 0 2 -1 1 -2 0 2 -1 1 -2 0 2 -1 1 -2 0 2 -1 1 -2 0 2 -1 1 -2 0 2 -1 1 -2 0 2 -1 1 -2 0 2 -1 1 -2 0 2 -1 1 -2 0 2 -1 1 -2 0 2 -1 1 -2 0 2 -1 1 -2 0 2 -1 1 -2 0 2 -1 1 -2 0 2 -1 1 -2 0 2 -1 1 -2 0 2 -1 1 -2 0 2 -1 1 -2 0 2 -1 1 -2 0 2 -1 1 -2 0 2 -1 1 -2 0 2 -1 1 -2 0 2 -1
-2 1 -1 2 0 -2 1 -1 2 0 -2 1 -1 2 0 -2 1 -1 2 0 -2 1 -1 2 0 -2 1 -1 2 0 -2 1 -1 2 0 -2 1 -1 2 0 -2 1 -1 2 0 -2 1 -1 2 0 -2 1 -1 2 0 -2 1 -1 2 0 -2 1 -1 2 0 -2 1 -1 2 0 -2 1 -1 2 0 -2 1 -1 2 0 -2 1 -1 2 0 -2 1 -1 2 0 -2 1 -1 2 0 -2 1 -1 2 0 -2 1 -1 2 0 -2 1 -1 2 0 -2 1 -1 2 0 -2 1 -1 2 0 -2 1 -1 2 0 -2 1 -1 2 0 -2 1 -1 2 0 -2 1 -1 2 0 -2 1 -1 2 0 -2 1 -1 2 0 -2 1 -1 2 0 -2 1 -1 2 0 -2 1 -1 2 0 -2 1 -1 2 0 -2 1 -1 2 0 -2 1 -1 2 0 -2 1 -1 2 0 -2 1 -1 2 0 -2 1 -1 2 0 -2 1 -1 2 0 -2 1 -1 2 0 -2 1 -1 2 0 -2 1 -1 2 0 -2 1 -1 2 0 -2 1 -1 2 0 -2 1 -1 2 0 -2 1 -1 2 0 -2 1 -1 2 0 -2 1 -1 2 0 -2 1 -1 2 0 -2 1 -1 2 0 -2 1 -1 2 0 -2 1 -1 2 0 -2 1 -1 2 0 -2 1 -1 2 0 -2 1 -1 2 0 -2 1 -1 2 0 -2 1 -1 2 0 -2 1 -1 2 0 -2 1 -1 2 0 -2 1 -1 2 0 601 1 -1 2 0 -2 1 -1 2 0 -2 1 -1 2 0 -2 1 -1 2 0 -2 1 -1 2 0 -2 1 -1 2 0 -2 1 -1 2 0 -2 1 -1 2 0 -2 1 -1 2 0 -2 1 -1 2 0 -2 1 -1 2 0 -2 1 -1 2 0 -2 1 -1 2 0 -2 1 -1 2 0 -2 1 -1 2 0 -2 1 -1 2 0 -2 1 -1 2 0 -2 1 -1 2 0 -2 1 -1 2 0 -2 1 -1 2 0 -2 1 -1 2 0 -2 1 -1 2 0 -2 1 -1 2 0 -2 1 -1 2 0 -2 1 -1 2 0 -2 1 -1 2 0 -2 1 -1 2 0 -2 1 -1 2 0 -2 1 -1 2 0 -2 1 -1 2 0 -2 1 -1 2 0 -2 1 -1 2 0 -2 1 -1 2 0 -2 1 -1 2 0 -2 1 -1 2 0 -2 1 -1 2 0 -2 1 -1 2 0 -2 1 -1 2 0 -2 1 -1 2 0
0 -1 -2 2 1 0 -1 -2 2 1 0 -1 -2 2 1 0 -1 -2 2 1 0 -1 -2 2 1 0 -1 -2 2 1 0 -1 -2 2 1 0 -1 -2 2 1 0 -1 -2 2 1 0 -1 -2 2 1 0 -1 -2 2 1 0 -1 -2 2 1 0 -1 -2 2 1 0 -1 -2 2 1 0 -1 -2 2 1 0 -1 -2 2 1 0 -1 -2 2 1 0 -1 -2 2 1 0 -1 -2 2 1 0 -1 -2 2 1 0 -1 -2 2 1 0 -1 -2 2 1 0 -1 -2 2 1 0 -1 -2 2 1 0 -1 -2 2 1 0 -1 -2 2 1 0 -1 -2 2 1 0 -1 -2 2 1 0 -1 -2 2 1 0 -1 -2 2 1 0 -1 -2 2 1 0 -1 -2 2 1 0 -1 -2 2 1 0 -1 -2 2 1 0 -1 -2 2 1 0 -1 -2 2 1 0 -1 -2 2 1 0 -1 -2 2 1 0 -1 -2 2 1 0 -1 -2 2 1 0 -1 -2 2 1 0 -1 -2 2 1 0 -1 -2 2 1 0 -1 -2 2 1 0 -1 -2 2 1 0 -1 -2 2 1 0 -1 -2 2 1 0 -1 -2 2 1 0 -1 -2 2 1 0 -1 -2 2 1 0 -1 -2 2 1 0 -1 -2 2 1 0 -1 -2 2 1 0 -1 -2 2 1 0 -1 -2 2 1 0 -1 -2 2 1 0 -1 -2 2 1 0 -1 -2 2 1 0 -1 -2 2 1 0 -1 -2 2 1 0 -1 -2 2 1 0 602 -2 2 1 0 -1 -2 2 1 0 -1 -2 2 1 0 -1 -2 2 1 0 -1 -2 2 1 0 -1 -2 2 1 0 -1 -2 2 1 0 -1 -2 2 1 0 -1 -2 2 1 0 -1 -2 2 1 0 -1 -2 2 1 0 -1 -2 2 1 0 -1 -2 2 1 0 -1 -2 2 1 0 -1 -2 2 1 0 -1 -2 2 1 0 -1 -2 2 1 0 -1 -2 2 1 0 -1 -2 2 1 0 -1 -2 2 1 0 -1 -2 2 1 0 -1 -2 2 1 0 -1 -2 2 1 0 -1 -2 2 1 0 -1 -2 2 1 0 -1 -2 2 1 0 -1 -2 2 1 0 -1 -2 2 1 0 -1 -2 2 1 0 -1 -2 2 1 0 -1 -2 2 1 0 -1 -2 2 1 0 -1 -2 2 1 0 -1 -2 2 1 0 -1 -2 2 1 0 -1 -2 2 1 0 -1 -2 2 1 0 -1 -2 2 1 0 -1 -2 2 1
2 2 2 2 2 2 2 2 2 2 2 2 2 2 2 2 2 2 2 2 2 2 2 2 2 2 2 2 2 2 2 2 2 2 2 2 2 2 2 2 2 2 2 2 2 2 2 2 2 2 2 2 2 2 2 2 2 2 2 2 2 2 2 2 2 2 2 2 2 2 2 2 2 2 2 2 2 2 2 2 2 2 2 2 2 2 2 2 2 2 2 2 2 2 2 2 2 2 2 2 2 2 2 2 2 2 2 2 2 2 2 2 2 2 2 2 2 2 2 2 2 2 2 2 2 2 2 2 2 2 2 2 2 2 2 2 2 2 2 2 2 2 2 2 2 2 2 2 2 2 2 2 2 2 2 2 2 2 2 2 2 2 2 2 2 2 2 2 2 2 2 2 2 2 2 2 2 2 2 2 2 2 2 2 2 2 2 2 2 2 2 2 2 2 2 2 2 2 2 2 2 2 2 2 2 2 2 2 2 2 2 2 2 2 2 2 2 2 2 2 2 2 2 2 2 2 2 2 2 2 2 2 2 2 2 2 2 2 2 2 2 2 2 2 2 2 2 2 2 2 2 2 2 2 2 2 2 2 2 2 2 2 2 2 2 2 2 2 2 2 2 2 2 2 2 2 2 2 2 2 2 2 2 2 2 2 2 2 2 2 2 2 2 2 2 2 2 2 2 2 2 2 2 2 2 2 2 1001 2 2 2 2 2 2 2 2 2 2 2 2 2 2 2 2 2 2 2 2 2 2 2 2 2 2 2 2 2 2 2 2 2 2 2 2 2 2 2 2 2 2 2 2 2 2 2 2 2 2 2 2 2 2 2 2 2 2 2 2 2 2 2 2 2 2 2 2 2 2 2 2 2 2 2 2 2 2 2 2 2 2 2 2 2 2 2 2 2 2 2 2 2 2 2 2 2 2 2 2 2 2 2 2 2 2 2 2 2 2 2 2 2 2 2 2 2 2 2 2 2 2 2 2 2 2 2 2 2 2 2 2 2 2 2 2 2 2 2 2 2 2 2 2 2 2 2 2 2 2 2 2 2 2 2 2 2 2 2 2 2 2 2 2 2 2 2 2 2 2 2 2 2 2 2 2 2 2 2 2 2 2 2 2 2 2 2 2 2 2 2 2
-1 0 1 2 -2 -1 0 1 2 -2 -1 0 1 2 -2 -1 0 1 2 -2 -1 0 1 2 -2 -1 0 1 2 -2 -1 0 1 2 -2 -1 0 1 2 -2 -1 0 1 2 -2 -1 0 1 2 -2 -1 0 1 2 -2 -1 0 1 2 -2 -1 0 1 2 -2 -1 0 1 2 -2 -1 0 1 2 -2 -1 0 1 2 -2 -1 0 1 2 -2 -1 0 1 2 -2 -1 0 1 2 -2 -1 0 1 2 -2 -1 0 1 2 -2 -1 0 1 2 -2 -1 0 1 2 -2 -1 0 1 2 -2 -1 0 1 2 -2 -1 0 1 2 -2 -1 0 1 2 -2 -1 0 1 2 -2 -1 0 1 2 -2 -1 0 1 2 -2 -1 0 1 2 -2 -1 0 1 2 -2 -1 0 1 2 -2 -1 0 1 2 -2 -1 0 1 2 -2 -1 0 1 2 -2 -1 0 1 2 -2 -1 0 1 2 -2 -1 0 1 2 -2 -1 0 1 2 -2 -1 0 1 2 -2 -1 0 1 2 -2 -1 0 1 2 -2 -1 0 1 2 -2 -1 0 1 2 -2 -1 0 1 2 -2 -1 0 1 2 -2 -1 0 1 2 -2 -1 0 1 2 -2 -1 0 1 2 -2 -1 0 1 2 -2 -1 0 1 2 -2 -1 0 1 2 -2 -1 0 1 2 -2 -1 0 1 2 -2 -1 0 1 2 -2 -1 0 1 2 -2 -1 0 1 2 -2 -1 0 1 2 -2 -1 0 1 2 -2 -1 0 1 2 -2 -1 0 1 601 -2 -1 0 1 2 -2 -1 0 1 2 -2 -1 0 1 2 -2 -1 0 1 2 -2 -1 0 1 2 -2 -1 0 1 2 -2 -1 0 1 2 -2 -1 0 1 2 -2 -1 0 1 2 -2 -1 0 1 2 -2 -1 0 1 2 -2 -1 0 1 2 -2 -1 0 1 2 -2 -1 0 1 2 -2 -1 0 1 2 -2 -1 0 1 2 -2 -1 0 1 2 -2 -1 0 1 2 -2 -1 0 1 2 -2 -1 0 1 2 -2 -1 0 1 2 -2 -1 0 1 2 -2 -1 0 1 2 -2 -1 0 1 2 -2 -1 0 1 2 -2 -1 0 1 2 -2 -1 0 1 2 -2 -1 0 1 2 -2 -1 0 1 2 -2 -1 0 1 2 -2 -1 0 1 2 -2 -1 0 1 2 -2 -1 0 1 2 -2 -1 0 1 2 -2 -1 0 1 2 -2 -1 0 1 2 -2 -1 0 1 2 -2 -1 0 1 2 -2
1 -2 0 2 -1 1 -2 0 2 -1 1 -2 0 2 -1 1 -2 0 2 -1 1 -2 0 2 -1 1 -2 0 2 -1 1 -2 0 2 -1 1 -2 0 2 -1 1 -2 0 2 -1 1 -2 0 2 -1 1 -2 0 2 -1 1 -2 0 2 -1 1 -2 0 2 -1 1 -2 0 2 -1 1 -2 0 2 -1 1 -2 0 2 -1 1 -2 0 2 -1 1 -2 0 2 -1 1 -2 0 2 -1 1 -2 0 2 -1 1 -2 0 2 -1 1 -2 0 2 -1 1 -2 0 2 -1 1 -2 0 2 -1 1 -2 0 2 -1 1 -2 0 2 -1 1 -2 0 2 -1 1 -2 0 2 -1 1 -2 0 2 -1 1 -2 0 2 -1 1 -2 0 2 -1 1 -2 0 2 -1 1 -2 0 2 -1 1 -2 0 2 -1 1 -2 0 2 -1 1 -2 0 2 -1 1 -2 0 2 -1 1 -2 0 2 -1 1 -2 0 2 -1 1 -2 0 2 -1 1 -2 0 2 -1 1 -2 0 2 -1 1 -2 0 2 -1 1 -2 0 2 -1 1 -2 0 2 -1 1 -2 0 2 -1 1 -2 0 2 -1 1 -2 0 2 -1 1 -2 0 2 -1 1 -2 0 2 -1 1 -2 0 2 -1 1 -2 0 2 -1 1 -2 0 2 -1 1 -2 0 2 -1 1 -2 0 2 -1 1 -2 0 2 -1 1 -2 0 2 -1 1 -2 0 2 -1 1 -2 0 2 -1 1 -2 0 2 -1 1 -2 0 2 -1 1 -2 0 2 602 1 -2 0 2 -1 1 -2 0 2 -1 1 -2 0 2 -1 1 -2 0 2 -1 1 -2 0 2 -1 1 -2 0 2 -1 1 -2 0 2 -1 1 -2 0 2 -1 1 -2 0 2 -1 1 -2 0 2 -1 1 -2 0 2 -1 1 -2 0 2 -1 1 -2 0 2 -1 1 -2 0 2 -1 1 -2 0 2 -1 1 -2 0 2 -1 1 -2 0 2 -1 1 -2 0 2 -1 1 -2 0 2 -1 1 -2 0 2 -1 1 -2 0 2 -1 1 -2 0 2 -1 1 -2 0 2 -1 1 -2 0 2 -1 1 -2 0 2 -1 1 -2 0 2 -1 1 -2 0 2 -1 1 -2 0 2 -1 1 -2 0 2 -1 1 -2 0 2 -1 1 -2 0 2 -1 1 -2 0 2 -1 1 -2 0 2 -1 1 -2 0 2 -1 1 -2 0 2 -1 1 -2 0 2 -1 1 -2 0 2 -1 1 -2 0 2 -1
-2 1 -1 2 0 -2 1 -1 2 0 -2 1 -1 2 0 -2 1 -1 2 0 -2 1 -1 2 0 -2 1 -1 2 0 -2 1 -1 2 0 -2 1 -1 2 0 -2 1 -1 2 0 -2 1 -1 2 0 -2 1 -1 2 0 -2 1 -1 2 0 -2 1 -1 2 0 -2 1 -1 2 0 -2 1 -1 2 0 -2 1 -1 2 0 -2 1 -1 2 0 -2 1 -1 2 0 -2 1 -1 2 0 -2 1 -1 2 0 -2 1 -1 2 0 -2 1 -1 2 0 -2 1 -1 2 0 -2 1 -1 2 0 -2 1 -1 2 0 -2 1 -1 2 0 -2 1 -1 2 0 -2 1 -1 2 0 -2 1 -1 2 0 -2 1 -1 2 0 -2 1 -1 2 0 -2 1 -1 2 0 -2 1 -1 2 0 -2 1 -1 2 0 -2 1 -1 2 0 -2 1 -1 2 0 -2 1 -1 2 0 -2 1 -1 2 0 -2 1 -1 2 0 -2 1 -1 2 0 -2 1 -1 2 0 -2 1 -1 2 0 -2 1 -1 2 0 -2 1 -1 2 0 -2 1 -1 2 0 -2 1 -1 2 0 -2 1 -1 2 0 -2 1 -1 2 0 -2 1 -1 2 0 -2 1 -1 2 0 -2 1 -1 2 0 -2 1 -1 2 0 -2 1 -1 2 0 -2 1 -1 2 0 -2 1 -1 2 0 -2 1 -1 2 0 -2 1 -1 2 0 -2 1 -1 2 0 -2 1 -1 2 0 -2 1 -1 2 0 -2 1 -1 2 0 -2 1 -1 2 0 601 1 -1 2 0 -2 1 -1 2 0 -2 1 -1 2 0 -2 1 -1 2 0 -2 1 -1 2 0 -2 1 -1 2 0 -2 1 -1 2 0 -2 1 -1 2 0 -2 1 -1 2 0 -2 1 -1 2 0 -2 1 -1 2 0 -2 1 -1 2 0 -2 1 -1 2 0 -2 1 -1 2 0 -2 1 -1 2 0 -2 1 -1 2 0 -2 1 -1 2 0 -2 1 -1 2 0 -2 1 -1 2 0 -2 1 -1 2 0 -2 1 -1 2 0 -2 1 -1 2 0 -2 1 -1 2 0 -2 1 -1 2 0 -2 1 -1 2 0 -2 1 -1 2 0 -2 1 -1 2 0 -2 1 -1 2 0 -2 1 -1 2 0 -2 1 -1 2 0 -2 1 -1 2 0 -2 1 -1 2 0 -2 1 -1 2 0 -2 1 -1 2 0 -2 1 -1 2 0 -2 1 -1 2 0 -2 1 -1 2 0 -2 1 -1 2 0
0 -1 -2 2 1 0 -1 -2 2 1 0 -1 -2 2 1 0 -1 -2 2 1 0 -1 -2 2 1 0 -1 -2 2 1 0 -1 -2 2 1 0 -1 -2 2 1 0 -1 -2 2 1 0 -1 -2 2 1 0 -1 -2 2 1 0 -1 -2 2 1 0 -1 -2 2 1 0 -1 -2 2 1 0 -1 -2 2 1 0 -1 -2 2 1 0 -1 -2 2 1 0 -1 -2 2 1 0 -1 -2 2 1 0 -1 -2 2 1 0 -1 -2 2 1 0 -1 -2 2 1 0 -1 -2 2 1 0 -1 -2 2 1 0 -1 -2 2 1 0 -1 -2 2 1 0 -1 -2 2 1 0 -1 -2 2 1 0 -1 -2 2 1 0 -1 -2 2 1 0 -1 -2 2 1 0 -1 -2 2 1 0 -1 -2 2 1 0 -1 -2 2 1 0 -1 -2 2 1 0 -1 -2 2 1 0 -1 -2 2 1 0 -1 -2 2 1 0 -1 -2 2 1 0 -1 -2 2 1 0 -1 -2 2 1 0 -1 -2 2 1 0 -1 -2 2 1 0 -1 -2 2 1 0 -1 -2 2 1 0 -1 -2 2 1 0 -1 -2 2 1 0 -1 -2 2 1 0 -1 -2 2 1 0 -1 -2 2 1 0 -1 -2 2 1 0 -1 -2 2 1 0 -1 -2 2 1 0 -1 -2 2 1 0 -1 -2 2 1 0 -1 -2 2 1 0 -1 -2 2 1 0 -1 -2 2 1 0 -1 -2 2 1 0 -1 -2 2 1 0 -1 -2 2 1 0 -1 -2 2 1 0 602 -2 2 1 0 -1 -2 2 1 0 -1 -2 2 1 0 -1 -2 2 1 0 -1 -2 2 1 0 -1 -2 2 1 0 -1 -2 2 1 0 -1 -2 2 1 0 -1 -2 2 1 0 -1 -2 2 1 0 -1 -2 2 1 0 -1 -2 2 1 0 -1 -2 2 1 0 -1 -2 2 1 0 -1 -2 2 1 0 -1 -2 2 1 0 -1 -2 2 1 0 -1 -2 2 1 0 -1 -2 2 1 0 -1 -2 2 1 0 -1 -2 2 1 0 -1 -2 2 1 0 -1 -2 2 1 0 -1 -2 2 1 0 -1 -2 2 1 0 -1 -2 2 1 0 -1 -2 2 1 0 -1 -2 2 1 0 -1 -2 2 1 0 -1 -2 2 1 0 -1 -2 2 1 0 -1 -2 2 1 0 -1 -2 2 1 0 -1 -2 2 1 0 -1 -2 2 1 0 -1 -2 2 1 0 -1 -2 2 1 0 -1 -2 2 1
2 2 2 2 2 2 2 2 2 2 2 2 2 2 2 2 2 2 2 2 2 2 2 2 2 2 2 2 2 2 2 2 2 2 2 2 2 2 2 2 2 2 2 2 2 2 2 2 2 2 2 2 2 2 2 2 2 2 2 2 2 2 2 2 2 2 2 2 2 2 2 2 2 2 2 2 2 2 2 2 2 2 2 2 2 2 2 2 2 2 2 2 2 2 2 2 2 2 2 2 2 2 2 2 2 2 2 2 2 2 2 2 2 2 2 2 2 2 2 2 2 2 2 2 2 2 2 2 2 2 2 2 2 2 2 2 2 2 2 2 2 2 2 2 2 2 2 2 2 2 2 2 2 2 2 2 2 2 2 2 2 2 2 2 2 2 2 2 2 2 2 2 2 2 2 2 2 2 2 2 2 2 2 2 2 2 2 2 2 2 2 2 2 2 2 2 2 2 2 2 2 2 2 2 2 2 2 2 2 2 2 2 2 2 2 2 2 2 2 2 2 2 2 2 2 2 2 2 2 2 2 2 2 2 2 2 2 2 2 2 2 2 2 2 2 2 2 2 2 2 2 2 2 2 2 2 2 2 2 2 2 2 2 2 2 2 2 2 2 2 2 2 2 2 2 2 2 2 2 2 2 2 2 2 2 2 2 2 2 2 2 2 2 2 2 2 2 2 2 2 2 2 2 2 2 2 2 2 2 2 2 2 1001 2 2 2 2 2 2 2 2 2 2 2 2 2 2 2 2 2 2 2 2 2 2 2 2 2 2 2 2 2 2 2 2 2 2 2 2 2 2 2 2 2 2 2 2 2 2 2 2 2 2 2 2 2 2 2 2 2 2 2 2 2 2 2 2 2 2 2 2 2 2 2 2 2 2 2 2 2 2 2 2 2 2 2 2 2 2 2 2 2 2 2 2 2 2 2 2 2 2 2 2 2 2 2 2 2 2 2 2 2 2 2 2 2 2 2 2 2 2 2 2 2 2 2 2 2 2 2 2 2 2 2 2 2 2 2 2 2 2 2 2 2 2 2 2 2 2 2 2 2 2 2 2 2 2 2 2 2 2 2 2 2 2 2 2 2 2 2 2 2 2 2 2 2 2 2 2 2 2 2 2 2 2 2 2 2 2 2
-1 0 1 2 -2 -1 0 1 2 -2 -1 0 1 2 -2 -1 0 1 2 -2 -1 0 1 2 -2 -1 0 1 2 -2 -1 0 1 2 -2 -1 0 1 2 -2 -1 0 1 2 -2 -1 0 1 2 -2 -1 0 1 2 -2 -1 0 1 2 -2 -1 0 1 2 -2 -1 0 1 2 -2 -1 0 1 2 -2 -1 0 1 2 -2 -1 0 1 2 -2 -1 0 1 2 -2 -1 0 1 2 -2 -1 0 1 2 -2 -1 0 1 2 -2 -1 0 1 2 -2 -1 0 1 2 -2 -1 0 1 2 -2 -1 0 1 2 -2 -1 0 1 2 -2 -1 0 1 2 -2 -1 0 1 2 -2 -1 0 1 2 -2 -1 0 1 2 -2 -1 0 1 2 -2 -1 0 1 2 -2 -1 0 1 2 -2 -1 0 1 2 -2 -1 0 1 2 -2 -1 0 1 2 -2 -1 0 1 2 -2 -1 0 1 2 -2 -1 0 1 2 -2 -1 0 1 2 -2 -1 0 1 2 -2 -1 0 1 2 -2 -1 0 1 2 -2 -1 0 1 2 -2 -1 0 1 2 -2 -1 0 1 2 -2 -1 0 1 2 -2 -1 0 1 2 -2 -1 0 1 2 -2 -1 0 1 2 -2 -1 0 1 2 -2 -1 0 1 2 -2 -1 0 1 2 -2 -1 0 1 2 -2 -1 0 1 2 -2 -1 0 1 2 -2 -1 0 1 2 -2 -1 0 1 2 -2 -1 0 1 2 -2 -1 0 1 2 -2 -1 0 1 2 -2 -1 0 1 2 -2 -1 0 1 601 -2 -1 0 1 2 -2 -1 0 1 2 -2 -1 0 1 2 -2 -1 0 1 2 -2 -1 0 1 2 -2 -1 0 1 2 -2 -1 0 1 2 -2 -1 0 1 2 -2 -1 0 1 2 -2 -1 0 1 2 -2 -1 0 1 2 -2 -1 0 1 2 -2 -1 0 1 2 -2 -1 0 1 2 -2 -1 0 1 2 -2 -1 0 1 2 -2 -1 0 1 2 -2 -1 0 1 2 -2 -1 0 1 2 -2 -1 0 1 2 -2 -1 0 1 2 -2 -1 0 1 2 -2 -1 0 1 2 -2 -1 0 1 2 -2 -1 0 1 2 -2 -1 0 1 2 -2 -1 0 1 2 -2 -1 0 1 2 -2 -1 0 1 2 -2 -1 0 1 2 -2 -1 0 1 2 -2 -1 0 1 2 -2 -1 0 1 2 -2 -1 0 1 2 -2 -1 0 1 2 -2 -1 0 1 2 -2 -1 0 1 2 -2
1 -2 0 2 -1 1 -2 0 2 -1 1 -2 0 2 -1 1 -2 0 2 -1 1 -2 0 2 -1 1 -2 0 2 -1 1 -2 0 2 -1 1 -2 0 2 -1 1 -2 0 2 -1 1 -2 0 2 -1 1 -2 0 2 -1 1 -2 0 2 -1 1 -2 0 2 -1 1 -2 0 2 -1 1 -2 0 2 -1 1 -2 0 2 -1 1 -2 0 2 -1 1 -2 0 2 -1 1 -2 0 2 -1 1 -2 0 2 -1 1 -2 0 2 -1 1 -2 0 2 -1 1 -2 0 2 -1 1 -2 0 2 -1 1 -2 0 2 -1 1 -2 0 2 -1 1 -2 0 2 -1 1 -2 0 2 -1 1 -2 0 2 -1 1 -2 0 2 -1 1 -2 0 2 -1 1 -2 0 2 -1 1 -2 0 2 -1 1 -2 0 2 -1 1 -2 0 2 -1 1 -2 0 2 -1 1 -2 0 2 -1 1 -2 0 2 -1 1 -2 0 2 -1 1 -2 0 2 -1 1 -2 0 2 -1 1 -2 0 2 -1 1 -2 0 2 -1 1 -2 0 2 -1 1 -2 0 2 -1 1 -2 0 2 -1 1 -2 0 2 -1 1 -2 0 2 -1 1 -2 0 2 -1 1 -2 0 2 -1 1 -2 0 2 -1 1 -2 0 2 -1 1 -2 0 2 -1 1 -2 0 2 -1 1 -2 0 2 -1 1 -2 0 2 -1 1 -2 0 2 -1 1 -2 0 2 -1 1 -2 0 2 -1 1 -2 0 2 -1 1 -2 0 2 -1 1 -2 0 2 -1 1 -2 0 2 602 1 -2 0 2 -1 1 -2 0 2 -1 1 -2 0 2 -1 1 -2 0 2 -1 1 -2 0 2 -1 1 -2 0 2 -1 1 -2 0 2 -1 1 -2 0 2 -1 1 -2 0 2 -1 1 -2 0 2 -1 1 -2 0 2 -1 1 -2 0 2 -1 1 -2 0 2 -1 1 -2 0 2 -1 1 -2 0 2 -1 1 -2 0 2 -1 1 -2 0 2 -1 1 -2 0 2 -1 1 -2 0 2 -1 1 -2 0 2 -1 1 -2 0 2 -1 1 -2 0 2 -1 1 -2 0 2 -1 1 -2 0 2 -1 1 -2 0 2 -1 1 -2 0 2 -1 1 -2 0 2 -1 1 -2 0 2 -1 1 -2 0 2 -1 1 -2 0 2 -1 1 -2 0 2 -1 1 -2 0 2 -1 1 -2 0 2 -1 1 -2 0 2 -1 1 -2 0 2 -1 1 -2 0 2 -1 1 -2 0 2 -1
-2 1 -1 2 0 -2 1 -1 2 0 -2 1 -1 2 0 -2 1 -1 2 0 -2 1 -1 2 0 -2 1 -1 2 0 -2 1 -1 2 0 -2 1 -1 2 0 -2 1 -1 2 0 -2 1 -1 2 0 -2 1 -1 2 0 -2 1 -1 2 0 -2 1 -1 2 0 -2 1 -1 2 0 -2 1 -1 2 0 -2 1 -1 2 0 -2 1 -1 2 0 -2 1 -1 2 0 -2 1 -1 2 0 -2 1 -1 2 0 -2 1 -1 2 0 -2 1 -1 2 0 -2 1 -1 2 0 -2 1 -1 2 0 -2 1 -1 2 0 -2 1 -1 2 0 -2 1 -1 2 0 -2 1 -1 2 0 -2 1 -1 2 0 -2 1 -1 2 0 -2 1 -1 2 0 -2 1 -1 2 0 -2 1 -1 2 0 -2 1 -1 2 0 -2 1 -1 2 0 -2 1 -1 2 0 -2 1 -1 2 0 -2 1 -1 2 0 -2 1 -1 2 0 -2 1 -1 2 0 -2 1 -1 2 0 -2 1 -1 2 0 -2 1 -1 2 0 -2 1 -1 2 0 -2 1 -1 2 0 -2 1 -1 2 0 -2 1 -1 2 0 -2 1 -1 2 0 -2 1 -1 2 0 -2 1 -1 2 0 -2 1 -1 2 0 -2 1 -1 2 0 -2 1 -1 2 0 -2 1 -1 2 0 -2 1 -1 2 0 -2 1 -1 2 0 -2 1 -1 2 0 -2 1 -1 2 0 -2 1 -1 2 0 -2 1 -1 2 0 -2 1 -1 2 0 -2 1 -1 2 0 -2 1 -1 2 0 601 1 -1 2 0 -2 1 -1 2 0 -2 1 -1 2 0 -2 1 -1 2 0 -2 1 -1 2 0 -2 1 -1 2 0 -2 1 -1 2 0 -2 1 -1 2 0 -2 1 -1 2 0 -2 1 -1 2 0 -2 1 -1 2 0 -2 1 -1 2 0 -2 1 -1 2 0 -2 1 -1 2 0 -2 1 -1 2 0 -2 1 -1 2 0 -2 1 -1 2 0 -2 1 -1 2 0 -2 1 -1 2 0 -2 1 -1 2 0 -2 1 -1 2 0 -2 1 -1 2 0 -2 1 -1 2 0 -2 1 -1 2 0 -2 1 -1 2 0 -2 1 -1 2 0 -2 1 -1 2 0 -2 1 -1 2 0 -2 1 -1 2 0 -2 1 -1 2 0 -2 1 -1 2 0 -2 1 -1 2 0 -2 1 -1 2 0 -2 1 -1 2 0 -2 1 -1 2 0 -2 1 -1 2 0 -2 1 -1 2 0
0 -1 -2 2 1 0 -1 -2 2 1 0 -1 -2 2 1 0 -1 -2 2 1 0 -1 -2 2 1 0 -1 -2 2 1 0 -1 -2 2 1 0 -1 -2 2 1 0 -1 -2 2 1 0 -1 -2 2 1 0 -1 -2 2 1 0 -1 -2 2 1 0 -1 -2 2 1 0 -1 -2 2 1 0 -1 -2 2 1 0 -1 -2 2 1 0 -1 -2 2 1 0 -1 -2 2 1 0 -1 -2 2 1 0 -1 -2 2 1 0 -1 -2 2 1 0 -1 -2 2 1 0 -1 -2 2 1 0 -1 -2 2 1 0 -1 -2 2 1 0 -1 -2 2 1 0 -1 -2 2 1 0 -1 -2 2 1 0 -1 -2 2 1 0 -1 -2 2 1 0 -1 -2 2 1 0 -1 -2 2 1 0 -1 -2 2 1 0 -1 -2 2 1 0 -1 -2 2 1 0 -1 -2 2 1 0 -1 -2 2 1 0 -1 -2 2 1 0 -1 -2 2 1 0 -1 -2 2 1 0 -1 -2 2 1 0 -1 -2 2 1 0 -1 -2 2 1 0 -1 -2 2 1 0 -1 -2 2 1 0 -1 -2 2 1 0 -1 -2 2 1 0 -1 -2 2 1 0 -1 -2 2 1 0 -1 -2 2 1 0 -1 -2 2 1 0 -1 -2 2 1 0 -1 -2 2 1 0 -1 -2 2 1 0 -1 -2 2 1 0 -1 -2 2 1 0 -1 -2 2 1 0 -1 -2 2 1 0 -1 -2 2 1 0 -1 -2 2 1 0 -1 -2 2 1 0 -1 -2 2 1 0 -1 -2 2 1 0 602 -2 2 1 0 -1 -2 2 1 0 -1 -2 2 1 0 -1 -2 2 1 0 -1 -2 2 1 0 -1 -2 2 1 0 -1 -2 2 1 0 -1 -2 2 1 0 -1 -2 2 1 0 -1 -2 2 1 0 -1 -2 2 1 0 -1 -2 2 1 0 -1 -2 2 1 0 -1 -2 2 1 0 -1 -2 2 1 0 -1 -2 2 1 0 -1 -2 2 1 0 -1 -2 2 1 0 -1 -2 2 1 0 -1 -2 2 1 0 -1 -2 2 1 0 -1 -2 2 1 0 -1 -2 2 1 0 -1 -2 2 1 0 -1 -2 2 1 0 -1 -2 2 1 0 -1 -2 2 1 0 -1 -2 2 1 0 -1 -2 2 1 0 -1 -2 2 1 0 -1 -2 2 1 0 -1 -2 2 1 0 -1 -2 2 1 0 -1 -2 2 1 0 -1 -2 2 1 0 -1 -2 2 1 0 -1 -2 2 1
2 2 2 2 2 2 2 2 2 2 2 2 2 2 2 2 2 2 2 2 2 2 2 2 2 2 2 2 2 2 2 2 2 2 2 2 2 2 2 2 2 2 2 2 2 2 2 2 2 2 2 2 2 2 2 2 2 2 2 2 2 2 2 2 2 2 2 2 2 2 2 2 2 2 2 2 2 2 2 2 2 2 2 2 2 2 2 2 2 2 2 2 2 2 2 2 2 2 2 2 2 2 2 2 2 2 2 2 2 2 2 2 2 2 2 2 2 2 2 2 2 2 2 2 2 2 2 2 2 2 2 2 2 2 2 2 2 2 2 2 2 2 2 2 2 2 2 2 2 2 2 2 2 2 2 2 2 2 2 2 2 2 2 2 2 2 2 2 2 2 2 2 2 2 2 2 2 2 2 2 2 2 2 2 2 2 2 2 2 2 2 2 2 2 2 2 2 2 2 2 2 2 2 2 2 2 2 2 2 2 2 2 2 2 2 2 2 2 2 2 2 2 2 2 2 2 2 2 2 2 2 2 2 2 2 2 2 2 2 2 2 2 2 2 2 2 2 2 2 2 2 2 2 2 2 2 2 2 2 2 2 2 2 2 2 2 2 2 2 2 2 2 2 2 2 2 2 2 2 2 2 2 2 2 2 2 2 2 2 2 2 2 2 2 2 2 2 2 2 2 2 2 2 2 2 2 2 2 2 2 2 2 2 2 2 2 2 1001 2 2 2 2 2 2 2 2 2 2 2 2 2 2 2 2 2 2 2 2 2 2 2 2 2 2 2 2 2 2 2 2 2 2 2 2 2 2 2 2 2 2 2 2 2 2 2 2 2 2 2 2 2 2 2 2 2 2 2 2 2 2 2 2 2 2 2 2 2 2 2 2 2 2 2 2 2 2 2 2 2 2 2 2 2 2 2 2 2 2 2 2 2 2 2 2 2 2 2 2 2 2 2 2 2 2 2 2 2 2 2 2 2 2 2 2 2 2 2 2 2 2 2 2 2 2 2 2 2 2 2 2 2 2 2 2 2 2 2 2 2 2 2 2 2 2 2 2 2 2 2 2 2 2 2 2 2 2 2 2 2 2 2 2 2 2 2 2 2 2 2 2 2 2 2 2 2 2 2 2 2 2
-1 0 1 2 -2 -1 0 1 2 -2 -1 0 1 2 -2 -1 0 1 2 -2 -1 0 1 2 -2 -1 0 1 2 -2 -1 0 1 2 -2 -1 0 1 2 -2 -1 0 1 2 -2 -1 0 1 2 -2 -1 0 1 2 -2 -1 0 1 2 -2 -1 0 1 2 -2 -1 0 1 2 -2 -1 0 1 2 -2 -1 0 1 2 -2 -1 0 1 2 -2 -1 0 1 2 -2 -1 0 1 2 -2 -1 0 1 2 -2 -1 0 1 2 -2 -1 0 1 2 -2 -1 0 1 2 -2 -1 0 1 2 -2 -1 0 1 2 -2 -1 0 1 2 -2 -1 0 1 2 -2 -1 0 1 2 -2 -1 0 1 2 -2 -1 0 1 2 -2 -1 0 1 2 -2 -1 0 1 2 -2 -1 0 1 2 -2 -1 0 1 2 -2 -1 0 1 2 -2 -1 0 1 2 -2 -1 0 1 2 -2 -1 0 1 2 -2 -1 0 1 2 -2 -1 0 1 2 -2 -1 0 1 2 -2 -1 0 1 2 -2 -1 0 1 2 -2 -1 0 1 2 -2 -1 0 1 2 -2 -1 0 1 2 -2 -1 0 1 2 -2 -1 0 1 2 -2 -1 0 1 2 -2 -1 0 1 2 -2 -1 0 1 2 -2 -1 0 1 2 -2 -1 0 1 2 -2 -1 0 1 2 -2 -1 0 1 2 -2 -1 0 1 2 -2 -1 0 1 2 -2 -1 0 1 2 -2 -1 0 1 2 -2 -1 0 1 2 -2 -1 0 1 2 -2 -1 0 1 2 -2 -1 0 1 2 -2 -1 0 1 601 -2 -1 0 1 2 -2 -1 0 1 2 -2 -1 0 1 2 -2 -1 0 1 2 -2 -1 0 1 2 -2 -1 0 1 2 -2 -1 0 1 2 -2 -1 0 1 2 -2 -1 0 1 2 -2 -1 0 1 2 -2 -1 0 1 2 -2 -1 0 1 2 -2 -1 0 1 2 -2 -1 0 1 2 -2 -1 0 1 2 -2 -1 0 1 2 -2 -1 0 1 2 -2 -1 0 1 2 -2 -1 0 1 2 -2 -1 0 1 2 -2 -1 0 1 2 -2 -1 0 1 2 -2 -1 0 1 2 -2 -1 0 1 2 -2 -1 0 1 2 -2 -1 0 1 2 -2 -1 0 1 2 -2 -1 0 1 2 -2 -1 0 1 2 -2 -1 0 1 2 -2 -1 0 1 2 -2 -1 0 1 2 -2 -1 0 1 2 -2 -1 0 1 2 -2 -1 0 1 2 -2 -1 0 1 2 -2
1 -2 0 2 -1 1 -2 0 2 -1 1 -2 0 2 -1 1 -2 0 2 -1 1 -2 0 2 -1 1 -2 0 2 -1 1 -2 0 2 -1 1 -2 0 2 -1 1 -2 0 2 -1 1 -2 0 2 -1 1 -2 0 2 -1 1 -2 0 2 -1 1 -2 0 2 -1 1 -2 0 2 -1 1 -2 0 2 -1 1 -2 0 2 -1 1 -2 0 2 -1 1 -2 0 2 -1 1 -2 0 2 -1 1 -2 0 2 -1 1 -2 0 2 -1 1 -2 0 2 -1 1 -2 0 2 -1 1 -2 0 2 -1 1 -2 0 2 -1 1 -2 0 2 -1 1 -2 0 2 -1 1 -2 0 2 -1 1 -2 0 2 -1 1 -2 0 2 -1 1 -2 0 2 -1 1 -2 0 2 -1 1 -2 0 2 -1 1 -2 0 2 -1 1 -2 0 2 -1 1 -2 0 2 -1 1 -2 0 2 -1 1 -2 0 2 -1 1 -2 0 2 -1 1 -2 0 2 -1 1 -2 0 2 -1 1 -2 0 2 -1 1 -2 0 2 -1 1 -2 0 2 -1 1 -2 0 2 -1 1 -2 0 2 -1 1 -2 0 2 -1 1 -2 0 2 -1 1 -2 0 2 -1 1 -2 0 2 -1 1 -2 0 2 -1 1 -2 0 2 -1 1 -2 0 2 -1 1 -2 0 2 -1 1 -2 0 2 -1 1 -2 0 2 -1 1 -2 0 2 -1 1 -2 0 2 -1 1 -2 0 2 -1 1 -2 0 2 -1 1 -2 0 2 -1 1 -2 0 2 -1 1 -2 0 2 -1 1 -2 0 2 602 1 -2 0 2 -1 1 -2 0 2 -1 1 -2 0 2 -1 1 -2 0 2 -1 1 -2 0 2 -1 1 -2 0 2 -1 1 -2 0 2 -1 1 -2 0 2 -1 1 -2 0 2 -1 1 -2 0 2 -1 1 -2 0 2 -1 1 -2 0 2 -1 1 -2 0 2 -1 1 -2 0 2 -1 1 -2 0 2 -1 1 -2 0 2 -1 1 -2 0 2 -1 1 -2 0 2 -1 1 -2 0 2 -1 1 -2 0 2 -1 1 -2 0 2 -1 1 -2 0 2 -1 1 -2 0 2 -1 1 -2 0 2 -1 1 -2 0 2 -1 1 -2 0 2 -1 1 -2 0 2 -1 1 -2 0 2 -1 1 -2 0 2 -1 1 -2 0 2 -1 1 -2 0 2 -1 1 -2 0 2 -1 1 -2 0 2 -1 1 -2 0 2 -1 1 -2 0 2 -1 1 -2 0 2 -1
-2 1 -1 2 0 -2 1 -1 2 0 -2 1 -1 2 0 -2 1 -1 2 0 -2 1 -1 2 0 -2 1 -1 2 0 -2 1 -1 2 0 -2 1 -1 2 0 -2 1 -1 2 0 -2 1 -1 2 0 -2 1 -1 2 0 -2 1 -1 2 0 -2 1 -1 2 0 -2 1 -1 2 0 -2 1 -1 2 0 -2 1 -1 2 0 -2 1 -1 2 0 -2 1 -1 2 0 -2 1 -1 2 0 -2 1 -1 2 0 -2 1 -1 2 0 -2 1 -1 2 0 -2 1 -1 2 0 -2 1 -1 2 0 -2 1 -1 2 0 -2 1 -1 2 0 -2 1 -1 2 0 -2 1 -1 2 0 -2 1 -1 2 0 -2 1 -1 2 0 -2 1 -1 2 0 -2 1 -1 2 0 -2 1 -1 2 0 -2 1 -1 2 0 -2 1 -1 2 0 -2 1 -1 2 0 -2 1 -1 2 0 -2 1 -1 2 0 -2 1 -1 2 0 -2 1 -1 2 0 -2 1 -1 2 0 -2 1 -1 2 0 -2 1 -1 2 0 -2 1 -1 2 0 -2 1 -1 2 0 -2 1 -1 2 0 -2 1 -1 2 0 -2 1 -1 2 0 -2 1 -1 2 0 -2 1 -1 2 0 -2 1 -1 2 0 -2 1 -1 2 0 -2 1 -1 2 0 -2 1 -1 2 0 -2 1 -1 2 0 -2 1 -1 2 0 -2 1 -1 2 0 -2 1 -1 2 0 -2 1 -1 2 0 -2 1 -1 2 0 -2 1 -1 2 0 -2 1 -1 2 0 -2 1 -1 2 0 -2 1 -1 2 0 601 1 -1 2 0 -2 1 -1 2 0 -2 1 -1 2 0 -2 1 -1 2 0 -2 1 -1 2 0 -2 1 -1 2 0 -2 1 -1 2 0 -2 1 -1 2 0 -2 1 -1 2 0 -2 1 -1 2 0 -2 1 -1 2 0 -2 1 -1 2 0 -2 1 -1 2 0 -2 1 -1 2 0 -2 1 -1 2 0 -2 1 -1 2 0 -2 1 -1 2 0 -2 1 -1 2 0 -2 1 -1 2 0 -2 1 -1 2 0 -2 1 -1 2 0 -2 1 -1 2 0 -2 1 -1 2 0 -2 1 -1 2 0 -2 1 -1 2 0 -2 1 -1 2 0 -2 1 -1 2 0 -2 1 -1 2 0 -2 1 -1 2 0 -2 1 -1 2 0 -2 1 -1 2 0 -2 1 -1 2 0 -2 1 -1 2 0 -2 1 -1 2 0 -2 1 -1 2 0 -2 1 -1 2 0
0 -1 -2 2 1 0 -1 -2 2 1 0 -1 -2 2 1 0 -1 -2 2 1 0 -1 -2 2 1 0 -1 -2 2 1 0 -1 -2 2 1 0 -1 -2 2 1 0 -1 -2 2 1 0 -1 -2 2 1 0 -1 -2 2 1 0 -1 -2 2 1 0 -1 -2 2 1 0 -1 -2 2 1 0 -1 -2 2 1 0 -1 -2 2 1 0 -1 -2 2 1 0 -1 -2 2 1 0 -1 -2 2 1 0 -1 -2 2 1 0 -1 -2 2 1 0 -1 -2 2 1 0 -1 -2 2 1 0 -1 -2 2 1 0 -1 -2 2 1 0 -1 -2 2 1 0 -1 -2 2 1 0 -1 -2 2 1 0 -1 -2 2 1 0 -1 -2 2 1 0 -1 -2 2 1 0 -1 -2 2 1 0 -1 -2 2 1 0 -1 -2 2 1 0 -1 -2 2 1 0 -1 -2 2 1 0 -1 -2 2 1 0 -1 -2 2 1 0 -1 -2 2 1 0 -1 -2 2 1 0 -1 -2 2 1 0 -1 -2 2 1 0 -1 -2 2 1 0 -1 -2 2 1 0 -1 -2 2 1 0 -1 -2 2 1 0 -1 -2 2 1 0 -1 -2 2 1 0 -1 -2 2 1 0 -1 -2 2 1 0 -1 -2 2 1 0 -1 -2 2 1 0 -1 -2 2 1 0 -1 -2 2 1 0 -1 -2 2 1 0 -1 -2 2 1 0 -1 -2 2 1 0 -1 -2 2 1 0 -1 -2 2 1 0 -1 -2 2 1 0 -1 -2 2 1 0 -1 -2 2 1 0 -1 -2 2 1 0 -1 -2 2 1 0 602 -2 2 1 0 -1 -2 2 1 0 -1 -2 2 1 0 -1 -2 2 1 0 -1 -2 2 1 0 -1 -2 2 1 0 -1 -2 2 1 0 -1 -2 2 1 0 -1 -2 2 1 0 -1 -2 2 1 0 -1 -2 2 1 0 -1 -2 2 1 0 -1 -2 2 1 0 -1 -2 2 1 0 -1 -2 2 1 0 -1 -2 2 1 0 -1 -2 2 1 0 -1 -2 2 1 0 -1 -2 2 1 0 -1 -2 2 1 0 -1 -2 2 1 0 -1 -2 2 1 0 -1 -2 2 1 0 -1 -2 2 1 0 -1 -2 2 1 0 -1 -2 2 1 0 -1 -2 2 1 0 -1 -2 2 1 0 -1 -2 2 1 0 -1 -2 2 1 0 -1 -2 2 1 0 -1 -2 2 1 0 -1 -2 2 1 0 -1 -2 2 1 0 -1 -2 2 1 0 -1 -2 2 1
2 2 2 2 2 2 2 2 2 2 2 2 2 2 2 2 2 2 2 2 2 2 2 2 2 2 2 2 2 2 2 2 2 2 2 2 2 2 2 2 2 2 2 2 2 2 2 2 2 2 2 2 2 2 2 2 2 2 2 2 2 2 2 2 2 2 2 2 2 2 2 2 2 2 2 2 2 2 2 2 2 2 2 2 2 2 2 2 2 2 2 2 2 2 2 2 2 2 2 2 2 2 2 2 2 2 2 2 2 2 2 2 2 2 2 2 2 2 2 2 2 2 2 2 2 2 2 2 2 2 2 2 2 2 2 2 2 2 2 2 2 2 2 2 2 2 2 2 2 2 2 2 2 2 2 2 2 2 2 2 2 2 2 2 2 2 2 2 2 2 2 2 2 2 2 2 2 2 2 2 2 2 2 2 2 2 2 2 2 2 2 2 2 2 2 2 2 2 2 2 2 2 2 2 2 2 2 2 2 2 2 2 2 2 2 2 2 2 2 2 2 2 2 2 2 2 2 2 2 2 2 2 2 2 2 2 2 2 2 2 2 2 2 2 2 2 2 2 2 2 2 2 2 2 2 2 2 2 2 2 2 2 2 2 2 2 2 2 2 2 2 2 2 2 2 2 2 2 2 2 2 2 2 2 2 2 2 2 2 2 2 2 2 2 2 2 2 2 2 2 2 2 2 2 2 2 2 2 2 2 2 2 2 2 2 2 2 2 2 2 2 2 1001 2 2 2 2 2 2 2 2 2 2 2 2 2 2 2 2 2 2 2 2 2 2 2 2 2 2 2 2 2 2 2 2 2 2 2 2 2 2 2 2 2 2 2 2 2 2 2 2 2 2 2 2 2 2 2 2 2 2 2 2 2 2 2 2 2 2 2 2 2 2 2 2 2 2 2 2 2 2 2 2 2 2 2 2 2 2 2 2 2 2 2 2 2 2 2 2 2 2 2 2 2 2 2 2 2 2 2 2 2 2 2 2 2 2 2 2 2 2 2 2 2 2 2 2 2 2 2 2 2 2 2 2 2 2 2 2 2 2 2 2 2 2 2 2 2 2 2 2 2 2 2 2 2 2 2 2 2 2 2 2 2 2 2 2 2 2 2 2 2 2 2 2 2 2 2 2 2
-1 0 1 2 -2 -1 0 1 2 -2 -1 0 1 2 -2 -1 0 1 2 -2 -1 0 1 2 -2 -1 0 1 2 -2 -1 0 1 2 -2 -1 0 1 2 -2 -1 0 1 2 -2 -1 0 1 2 -2 -1 0 1 2 -2 -1 0 1 2 -2 -1 0 1 2 -2 -1 0 1 2 -2 -1 0 1 2 -2 -1 0 1 2 -2 -1 0 1 2 -2 -1 0 1 2 -2 -1 0 1 2 -2 -1 0 1 2 -2 -1 0 1 2 -2 -1 0 1 2 -2 -1 0 1 2 -2 -1 0 1 2 -2 -1 0 1 2 -2 -1 0 1 2 -2 -1 0 1 2 -2 -1 0 1 2 -2 -1 0 1 2 -2 -1 0 1 2 -2 -1 0 1 2 -2 -1 0 1 2 -2 -1 0 1 2 -2 -1 0 1 2 -2 -1 0 1 2 -2 -1 0 1 2 -2 -1 0 1 2 -2 -1 0 1 2 -2 -1 0 1 2 -2 -1 0 1 2 -2 -1 0 1 2 -2 -1 0 1 2 -2 -1 0 1 2 -2 -1 0 1 2 -2 -1 0 1 2 -2 -1 0 1 2 -2 -1 0 1 2 -2 -1 0 1 2 -2 -1 0 1 2 -2 -1 0 1 2 -2 -1 0 1 2 -2 -1 0 1 2 -2 -1 0 1 2 -2 -1 0 1 2 -2 -1 0 1 2 -2 -1 0 1 2 -2 -1 0 1 2 -2 -1 0 1 2 -2 -1 0 1 2 -2 -1 0 1 2 -2 -1 0 1 2 -2 -1 0 1 2 -2 -1 0 1 2 -2 -1 0 1 2 -2 -1 0 1 601 -2 -1 0 1 2 -2 -1 0 1 2 -2 -1 0 1 2 -2 -1 0 1 2 -2 -1 0 1 2 -2 -1 0 1 2 -2 -1 0 1 2 -2 -1 0 1 2 -2 -1 0 1 2 -2 -1 0 1 2 -2 -1 0 1 2 -2 -1 0 1 2 -2 -1 0 1 2 -2 -1 0 1 2 -2 -1 0 1 2 -2 -1 0 1 2 -2 -1 0 1 2 -2 -1 0 1 2 -2 -1 0 1 2 -2 -1 0 1 2 -2 -1 0 1 2 -2 -1 0 1 2 -2 -1 0 1 2 -2 -1 0 1 2 -2 -1 0 1 2 -2 -1 0 1 2 -2 -1 0 1 2 -2 -1 0 1 2 -2 -1 0 1 2 -2 -1 0 1 2 -2 -1 0 1 2 -2 -1 0 1 2 -2 -1 0 1 2 -2 -1 0 1 2 -2 -1 0 1 2 -2
1 -2 0 2 -1 1 -2 0 2 -1 1 -2 0 2 -1 1 -2 0 2 -1 1 -2 0 2 -1 1 -2 0 2 -1 1 -2 0 2 -1 1 -2 0 2 -1 1 -2 0 2 -1 1 -2 0 2 -1 1 -2 0 2 -1 1 -2 0 2 -1 1 -2 0 2 -1 1 -2 0 2 -1 1 -2 0 2 -1 1 -2 0 2 -1 1 -2 0 2 -1 1 -2 0 2 -1 1 -2 0 2 -1 1 -2 0 2 -1 1 -2 0 2 -1 1 -2 0 2 -1 1 -2 0 2 -1 1 -2 0 2 -1 1 -2 0 2 -1 1 -2 0 2 -1 1 -2 0 2 -1 1 -2 0 2 -1 1 -2 0 2 -1 1 -2 0 2 -1 1 -2 0 2 -1 1 -2 0 2 -1 1 -2 0 2 -1 1 -2 0 2 -1 1 -2 0 2 -1 1 -2 0 2 -1 1 -2 0 2 -1 1 -2 0 2 -1 1 -2 0 2 -1 1 -2 0 2 -1 1 -2 0 2 -1 1 -2 0 2 -1 1 -2 0 2 -1 1 -2 0 2 -1 1 -2 0 2 -1 1 -2 0 2 -1 1 -2 0 2 -1 1 -2 0 2 -1 1 -2 0 2 -1 1 -2 0 2 -1 1 -2 0 2 -1 1 -2 0 2 -1 1 -2 0 2 -1 1 -2 0 2 -1 1 -2 0 2 -1 1 -2 0 2 -1 1 -2 0 2 -1 1 -2 0 2 -1 1 -2 0 2 -1 1 -2 0 2 -1 1 -2 0 2 -1 1 -2 0 2 -1 1 -2 0 2 -1 1 -2 0 2 -1 1 -2 0 2 602 1 -2 0 2 -1 1 -2 0 2 -1 1 -2 0 2 -1 1 -2 0 2 -1 1 -2 0 2 -1 1 -2 0 2 -1 1 -2 0 2 -1 1 -2 0 2 -1 1 -2 0 2 -1 1 -2 0 2 -1 1 -2 0 2 -1 1 -2 0 2 -1 1 -2 0 2 -1 1 -2 0 2 -1 1 -2 0 2 -1 1 -2 0 2 -1 1 -2 0 2 -1 1 -2 0 2 -1 1 -2 0 2 -1 1 -2 0 2 -1 1 -2 0 2 -1 1 -2 0 2 -1 1 -2 0 2 -1 1 -2 0 2 -1 1 -2 0 2 -1 1 -2 0 2 -1 1 -2 0 2 -1 1 -2 0 2 -1 1 -2 0 2 -1 1 -2 0 2 -1 1 -2 0 2 -1 1 -2 0 2 -1 1 -2 0 2 -1 1 -2 0 2 -1 1 -2 0 2 -1
-2 1 -1 2 0 -2 1 -1 2 0 -2 1 -1 2 0 -2 1 -1 2 0 -2 1 -1 2 0 -2 1 -1 2 0 -2 1 -1 2 0 -2 1 -1 2 0 -2 1 -1 2 0 -2 1 -1 2 0 -2 1 -1 2 0 -2 1 -1 2 0 -2 1 -1 2 0 -2 1 -1 2 0 -2 1 -1 2 0 -2 1 -1 2 0 -2 1 -1 2 0 -2 1 -1 2 0 -2 1 -1 2 0 -2 1 -1 2 0 -2 1 -1 2 0 -2 1 -1 2 0 -2 1 -1 2 0 -2 1 -1 2 0 -2 1 -1 2 0 -2 1 -1 2 0 -2 1 -1 2 0 -2 1 -1 2 0 -2 1 -1 2 0 -2 1 -1 2 0 -2 1 -1 2 0 -2 1 -1 2 0 -2 1 -1 2 0 -2 1 -1 2 0 -2 1 -1 2 0 -2 1 -1 2 0 -2 1 -1 2 0 -2 1 -1 2 0 -2 1 -1 2 0 -2 1 -1 2 0 -2 1 -1 2 0 -2 1 -1 2 0 -2 1 -1 2 0 -2 1 -1 2 0 -2 1 -1 2 0 -2 1 -1 2 0 -2 1 -1 2 0 -2 1 -1 2 0 -2 1 -1 2 0 -2 1 -1 2 0 -2 1 -1 2 0 -2 1 -1 2 0 -2 1 -1 2 0 -2 1 -1 2 0 -2 1 -1 2 0 -2 1 -1 2 0 -2 1 -1 2 0 -2 1 -1 2 0 -2 1 -1 2 0 -2 1 -1 2 0 -2 1 -1 2 0 -2 1 -1 2 0 -2 1 -1 2 0 -2 1 -1 2 0 -2 1 -1 2 0 601 1 -1 2 0 -2 1 -1 2 0 -2 1 -1 2 0 -2 1 -1 2 0 -2 1 -1 2 0 -2 1 -1 2 0 -2 1 -1 2 0 -2 1 -1 2 0 -2 1 -1 2 0 -2 1 -1 2 0 -2 1 -1 2 0 -2 1 -1 2 0 -2 1 -1 2 0 -2 1 -1 2 0 -2 1 -1 2 0 -2 1 -1 2 0 -2 1 -1 2 0 -2 1 -1 2 0 -2 1 -1 2 0 -2 1 -1 2 0 -2 1 -1 2 0 -2 1 -1 2 0 -2 1 -1 2 0 -2 1 -1 2 0 -2 1 -1 2 0 -2 1 -1 2 0 -2 1 -1 2 0 -2 1 -1 2 0 -2 1 -1 2 0 -2 1 -1 2 0 -2 1 -1 2 0 -2 1 -1 2 0 -2 1 -1 2 0 -2 1 -1 2 0 -2 1 -1 2 0
0 -1 -2 2 1 0 -1 -2 2 1 0 -1 -2 2 1 0 -1 -2 2 1 0 -1 -2 2 1 0 -1 -2 2 1 0 -1 -2 2 1 0 -1 -2 2 1 0 -1 -2 2 1 0 -1 -2 2 1 0 -1 -2 2 1 0 -1 -2 2 1 0 -1 -2 2 1 0 -1 -2 2 1 0 -1 -2 2 1 0 -1 -2 2 1 0 -1 -2 2 1 0 -1 -2 2 1 0 -1 -2 2 1 0 -1 -2 2 1 0 -1 -2 2 1 0 -1 -2 2 1 0 -1 -2 2 1 0 -1 -2 2 1 0 -1 -2 2 1 0 -1 -2 2 1 0 -1 -2 2 1 0 -1 -2 2 1 0 -1 -2 2 1 0 -1 -2 2 1 0 -1 -2 2 1 0 -1 -2 2 1 0 -1 -2 2 1 0 -1 -2 2 1 0 -1 -2 2 1 0 -1 -2 2 1 0 -1 -2 2 1 0 -1 -2 2 1 0 -1 -2 2 1 0 -1 -2 2 1 0 -1 -2 2 1 0 -1 -2 2 1 0 -1 -2 2 1 0 -1 -2 2 1 0 -1 -2 2 1 0 -1 -2 2 1 0 -1 -2 2 1 0 -1 -2 2 1 0 -1 -2 2 1 0 -1 -2 2 1 0 -1 -2 2 1 0 -1 -2 2 1 0 -1 -2 2 1 0 -1 -2 2 1 0 -1 -2 2 1 0 -1 -2 2 1 0 -1 -2 2 1 0 -1 -2 2 1 0 -1 -2 2 1 0 -1 -2 2 1 0 -1 -2 2 1 0 -1 -2 2 1 0 -1 -2 2 1 0 -1 -2 2 1 0 -1 -2 2 1 0 602 -2 2 1 0 -1 -2 2 1 0 -1 -2 2 1 0 -1 -2 2 1 0 -1 -2 2 1 0 -1 -2 2 1 0 -1 -2 2 1 0 -1 -2 2 1 0 -1 -2 2 1 0 -1 -2 2 1 0 -1 -2 2 1 0 -1 -2 2 1 0 -1 -2 2 1 0 -1 -2 2 1 0 -1 -2 2 1 0 -1 -2 2 1 0 -1 -2 2 1 0 -1 -2 2 1 0 -1 -2 2 1 0 -1 -2 2 1 0 -1 -2 2 1 0 -1 -2 2 1 0 -1 -2 2 1 0 -1 -2 2 1 0 -1 -2 2 1 0 -1 -2 2 1 0 -1 -2 2 1 0 -1 -2 2 1 0 -1 -2 2 1 0 -1 -2 2 1 0 -1 -2 2 1 0 -1 -2 2 1 0 -1 -2 2 1 0 -1 -2 2 1 0 -1 -2 2 1
2 2 2 2 2 2 2 2 2 2 2 2 2 2 2 2 2 2 2 2 2 2 2 2 2 2 2 2 2 2 2 2 2 2 2 2 2 2 2 2 2 2 2 2 2 2 2 2 2 2 2 2 2 2 2 2 2 2 2 2 2 2 2 2 2 2 2 2 2 2 2 2 2 2 2 2 2 2 2 2 2 2 2 2 2 2 2 2 2 2 2 2 2 2 2 2 2 2 2 2 2 2 2 2 2 2 2 2 2 2 2 2 2 2 2 2 2 2 2 2 2 2 2 2 2 2 2 2 2 2 2 2 2 2 2 2 2 2 2 2 2 2 2 2 2 2 2 2 2 2 2 2 2 2 2 2 2 2 2 2 2 2 2 2 2 2 2 2 2 2 2 2 2 2 2 2 2 2 2 2 2 2 2 2 2 2 2 2 2 2 2 2 2 2 2 2 2 2 2 2 2 2 2 2 2 2 2 2 2 2 2 2 2 2 2 2 2 2 2 2 2 2 2 2 2 2 2 2 2 2 2 2 2 2 2 2 2 2 2 2 2 2 2 2 2 2 2 2 2 2 2 2 2 2 2 2 2 2 2 2 2 2 2 2 2 2 2 2 2 2 2 2 2 2 2 2 2 2 2 2 2 2 2 2 2 2 2 2 2 2 2 2 2 2 2 2 2 2 2 2 2 2 2 2 2 2 2 2 2 2 2 2 2 2 2 2 2 2 2 2 2 2 2 2 2 2 2 1001 2 2 2 2 2 2 2 2 2 2 2 2 2 2 2 2 2 2 2 2 2 2 2 2 2 2 2 2 2 2 2 2 2 2 2 2 2 2 2 2 2 2 2 2 2 2 2 2 2 2 2 2 2 2 2 2 2 2 2 2 2 2 2 2 2 2 2 2 2 2 2 2 2 2 2 2 2 2 2 2 2 2 2 2 2 2 2 2 2 2 2 2 2 2 2 2 2 2 2 2 2 2 2 2 2 2 2 2 2 2 2 2 2 2 2 2 2 2 2 2 2 2 2 2 2 2 2 2 2 2 2 2 2 2 2 2 2 2 2 2 2 2 2 2 2 2 2 2 2 2 2 2 2 2 2 2 2 2 2 2 2 2 2 2 2 2 2 2 2 2 2 2
-1 0 1 2 -2 -1 0 1 2 -2 -1 0 1 2 -2 -1 0 1 2 -2 -1 0 1 2 -2 -1 0 1 2 -2 -1 0 1 2 -2 -1 0 1 2 -2 -1 0 1 2 -2 -1 0 1 2 -2 -1 0 1 2 -2 -1 0 1 2 -2 -1 0 1 2 -2 -1 0 1 2 -2 -1 0 1 2 -2 -1 0 1 2 -2 -1 0 1 2 -2 -1 0 1 2 -2 -1 0 1 2 -2 -1 0 1 2 -2 -1 0 1 2 -2 -1 0 1 2 -2 -1 0 1 2 -2 -1 0 1 2 -2 -1 0 1 2 -2 -1 0 1 2 -2 -1 0 1 2 -2 -1 0 1 2 -2 -1 0 1 2 -2 -1 0 1 2 -2 -1 0 1 2 -2 -1 0 1 2 -2 -1 0 1 2 -2 -1 0 1 2 -2 -1 0 1 2 -2 -1 0 1 2 -2 -1 0 1 2 -2 -1 0 1 2 -2 -1 0 1 2 -2 -1 0 1 2 -2 -1 0 1 2 -2 -1 0 1 2 -2 -1 0 1 2 -2 -1 0 1 2 -2 -1 0 1 2 -2 -1 0 1 2 -2 -1 0 1 2 -2 -1 0 1 2 -2 -1 0 1 2 -2 -1 0 1 2 -2 -1 0 1 2 -2 -1 0 1 2 -2 -1 0 1 2 -2 -1 0 1 2 -2 -1 0 1 2 -2 -1 0 1 2 -2 -1 0 1 2 -2 -1 0 1 2 -2 -1 0 1 2 -2 -1 0 1 2 -2 -1 0 1 2 -2 -1 0 1 2 -2 -1 0 1 2 -2 -1 0 1 2 -2 -1 0 1 2 -2 -1 0 1 601 -2 -1 0 1 2 -2 -1 0 1 2 -2 -1 0 1 2 -2 -1 0 1 2 -2 -1 0 1 2 -2 -1 0 1 2 -2 -1 0 1 2 -2 -1 0 1 2 -2 -1 0 1 2 -2 -1 0 1 2 -2 -1 0 1 2 -2 -1 0 1 2 -2 -1 0 1 2 -2 -1 0 1 2 -2 -1 0 1 2 -2 -1 0 1 2 -2 -1 0 1 2 -2 -1 0 1 2 -2 -1 0 1 2 -2 -1 0 1 2 -2 -1 0 1 2 -2 -1 0 1 2 -2 -1 0 1 2 -2 -1 0 1 2 -2 -1 0 1 2 -2 -1 0 1 2 -2 -1 0 1 2 -2 -1 0 1 2 -2 -1 0 1 2 -2 -1 0 1 2 -2 -1 0 1 2 -2 -1 0 1 2 -2 -1 0 1 2 -2 -1 0 1 2 -2
1 -2 0 2 -1 1 -2 0 2 -1 1 -2 0 2 -1 1 -2 0 2 -1 1 -2 0 2 -1 1 -2 0 2 -1 1 -2 0 2 -1 1 -2 0 2 -1 1 -2 0 2 -1 1 -2 0 2 -1 1 -2 0 2 -1 1 -2 0 2 -1 1 -2 0 2 -1 1 -2 0 2 -1 1 -2 0 2 -1 1 -2 0 2 -1 1 -2 0 2 -1 1 -2 0 2 -1 1 -2 0 2 -1 1 -2 0 2 -1 1 -2 0 2 -1 1 -2 0 2 -1 1 -2 0 2 -1 1 -2 0 2 -1 1 -2 0 2 -1 1 -2 0 2 -1 1 -2 0 2 -1 1 -2 0 2 -1 1 -2 0 2 -1 1 -2 0 2 -1 1 -2 0 2 -1 1 -2 0 2 -1 1 -2 0 2 -1 1 -2 0 2 -1 1 -2 0 2 -1 1 -2 0 2 -1 1 -2 0 2 -1 1 -2 0 2 -1 1 -2 0 2 -1 1 -2 0 2 -1 1 -2 0 2 -1 1 -2 0 2 -1 1 -2 0 2 -1 1 -2 0 2 -1 1 -2 0 2 -1 1 -2 0 2 -1 1 -2 0 2 -1 1 -2 0 2 -1 1 -2 0 2 -1 1 -2 0 2 -1 1 -2 0 2 -1 1 -2 0 2 -1 1 -2 0 2 -1 1 -2 0 2 -1 1 -2 0 2 -1 1 -2 0 2 -1 1 -2 0 2 -1 1 -2 0 2 -1 1 -2 0 2 -1 1 -2 0 2 -1 1 -2 0 2 -1 1 -2 0 2 -1 1 -2 0 2 -1 1 -2 0 2 -1 1 -2 0 2 -1 1 -2 0 2 602 1 -2 0 2 -1 1 -2 0 2 -1 1 -2 0 2 -1 1 -2 0 2 -1 1 -2 0 2 -1 1 -2 0 2 -1 1 -2 0 2 -1 1 -2 0 2 -1 1 -2 0 2 -1 1 -2 0 2 -1 1 -2 0 2 -1 1 -2 0 2 -1 1 -2 0 2 -1 1 -2 0 2 -1 1 -2 0 2 -1 1 -2 0 2 -1 1 -2 0 2 -1 1 -2 0 2 -1 1 -2 0 2 -1 1 -2 0 2 -1 1 -2 0 2 -1 1 -2 0 2 -1 1 -2 0 2 -1 1 -2 0 2 -1 1 -2 0 2 -1 1 -2 0 2 -1 1 -2 0 2 -1 1 -2 0 2 -1 1 -2 0 2 -1 1 -2 0 2 -1 1 -2 0 2 -1 1 -2 0 2 -1 1 -2 0 2 -1 1 -2 0 2 -1
-2 1 -1 2 0 -2 1 -1 2 0 -2 1 -1 2 0 -2 1 -1 2 0 -2 1 -1 2 0 -2 1 -1 2 0 -2 1 -1 2 0 -2 1 -1 2 0 -2 1 -1 2 0 -2 1 -1 2 0 -2 1 -1 2 0 -2 1 -1 2 0 -2 1 -1 2 0 -2 1 -1 2 0 -2 1 -1 2 0 -2 1 -1 2 0 -2 1 -1 2 0 -2 1 -1 2 0 -2 1 -1 2 0 -2 1 -1 2 0 -2 1 -1 2 0 -2 1 -1 2 0 -2 1 -1 2 0 -2 1 -1 2 0 -2 1 -1 2 0 -2 1 -1 2 0 -2 1 -1 2 0 -2 1 -1 2 0 -2 1 -1 2 0 -2 1 -1 2 0 -2 1 -1 2 0 -2 1 -1 2 0 -2 1 -1 2 0 -2 1 -1 2 0 -2 1 -1 2 0 -2 1 -1 2 0 -2 1 -1 2 0 -2 1 -1 2 0 -2 1 -1 2 0 -2 1 -1 2 0 -2 1 -1 2 0 -2 1 -1 2 0 -2 1 -1 2 0 -2 1 -1 2 0 -2 1 -1 2 0 -2 1 -1 2 0 -2 1 -1 2 0 -2 1 -1 2 0 -2 1 -1 2 0 -2 1 -1 2 0 -2 1 -1 2 0 -2 1 -1 2 0 -2 1 -1 2 0 -2 1 -1 2 0 -2 1 -1 2 0 -2 1 -1 2 0 -2 1 -1 2 0 -2 1 -1 2 0 -2 1 -1 2 0 -2 1 -1 2 0 -2 1 -1 2 0 -2 1 -1 2 0 -2 1 -1 2 0 -2 1 -1 2 0 -2 1 -1 2 0 -2 1 -1 2 0 601 1 -1 2 0 -2 1 -1 2 0 -2 1 -1 2 0 -2 1 -1 2 0 -2 1 -1 2 0 -2 1 -1 2 0 -2 1 -1 2 0 -2 1 -1 2 0 -2 1 -1 2 0 -2 1 -1 2 0 -2 1 -1 2 0 -2 1 -1 2 0 -2 1 -1 2 0 -2 1 -1 2 0 -2 1 -1 2 0 -2 1 -1 2 0 -2 1 -1 2 0 -2 1 -1 2 0 -2 1 -1 2 0 -2 1 -1 2 0 -2 1 -1 2 0 -2 1 -1 2 0 -2 1 -1 2 0 -2 1 -1 2 0 -2 1 -1 2 0 -2 1 -1 2 0 -2 1 -1 2 0 -2 1 -1 2 0 -2 1 -1 2 0 -2 1 -1 2 0 -2 1 -1 2 0 -2 1 -1 2 0 -2 1 -1 2 0 -2 1 -1 2 0
0 -1 -2 2 1 0 -1 -2 2 1 0 -1 -2 2 1 0 -1 -2 2 1 0 -1 -2 2 1 0 -1 -2 2 1 0 -1 -2 2 1 0 -1 -2 2 1 0 -1 -2 2 1 0 -1 -2 2 1 0 -1 -2 2 1 0 -1 -2 2 1 0 -1 -2 2 1 0 -1 -2 2 1 0 -1 -2 2 1 0 -1 -2 2 1 0 -1 -2 2 1 0 -1 -2 2 1 0 -1 -2 2 1 0 -1 -2 2 1 0 -1 -2 2 1 0 -1 -2 2 1 0 -1 -2 2 1 0 -1 -2 2 1 0 -1 -2 2 1 0 -1 -2 2 1 0 -1 -2 2 1 0 -1 -2 2 1 0 -1 -2 2 1 0 -1 -2 2 1 0 -1 -2 2 1 0 -1 -2 2 1 0 -1 -2 2 1 0 -1 -2 2 1 0 -1 -2 2 1 0 -1 -2 2 1 0 -1 -2 2 1 0 -1 -2 2 1 0 -1 -2 2 1 0 -1 -2 2 1 0 -1 -2 2 1 0 -1 -2 2 1 0 -1 -2 2 1 0 -1 -2 2 1 0 -1 -2 2 1 0 -1 -2 2 1 0 -1 -2 2 1 0 -1 -2 2 1 0 -1 -2 2 1 0 -1 -2 2 1 0 -1 -2 2 1 0 -1 -2 2 1 0 -1 -2 2 1 0 -1 -2 2 1 0 -1 -2 2 1 0 -1 -2 2 1 0 -1 -2 2 1 0 -1 -2 2 1 0 -1 -2 2 1 0 -1 -2 2 1 0 -1 -2 2 1 0 -1 -2 2 1 0 -1 -2 2 1 0 -1 -2 2 1 0 -1 -2 2 1 0 -1 -2 2 1 0 602 -2 2 1 0 -1 -2 2 1 0 -1 -2 2 1 0 -1 -2 2 1 0 -1 -2 2 1 0 -1 -2 2 1 0 -1 -2 2 1 0 -1 -2 2 1 0 -1 -2 2 1 0 -1 -2 2 1 0 -1 -2 2 1 0 -1 -2 2 1 0 -1 -2 2 1 0 -1 -2 2 1 0 -1 -2 2 1 0 -1 -2 2 1 0 -1 -2 2 1 0 -1 -2 2 1 0 -1 -2 2 1 0 -1 -2 2 1 0 -1 -2 2 1 0 -1 -2 2 1 0 -1 -2 2 1 0 -1 -2 2 1 0 -1 -2 2 1 0 -1 -2 2 1 0 -1 -2 2 1 0 -1 -2 2 1 0 -1 -2 2 1 0 -1 -2 2 1 0 -1 -2 2 1 0 -1 -2 2 1 0 -1 -2 2 1 0 -1 -2 2 1
2 2 2 2 2 2 2 2 2 2 2 2 2 2 2 2 2 2 2 2 2 2 2 2 2 2 2 2 2 2 2 2 2 2 2 2 2 2 2 2 2 2 2 2 2 2 2 2 2 2 2 2 2 2 2 2 2 2 2 2 2 2 2 2 2 2 2 2 2 2 2 2 2 2 2 2 2 2 2 2 2 2 2 2 2 2 2 2 2 2 2 2 2 2 2 2 2 2 2 2 2 2 2 2 2 2 2 2 2 2 2 2 2 2 2 2 2 2 2 2 2 2 2 2 2 2 2 2 2 2 2 2 2 2 2 2 2 2 2 2 2 2 2 2 2 2 2 2 2 2 2 2 2 2 2 2 2 2 2 2 2 2 2 2 2 2 2 2 2 2 2 2 2 2 2 2 2 2 2 2 2 2 2 2 2 2 2 2 2 2 2 2 2 2 2 2 2 2 2 2 2 2 2 2 2 2 2 2 2 2 2 2 2 2 2 2 2 2 2 2 2 2 2 2 2 2 2 2 2 2 2 2 2 2 2 2 2 2 2 2 2 2 2 2 2 2 2 2 2 2 2 2 2 2 2 2 2 2 2 2 2 2 2 2 2 2 2 2 2 2 2 2 2 2 2 2 2 2 2 2 2 2 2 2 2 2 2 2 2 2 2 2 2 2 2 2 2 2 2 2 2 2 2 2 2 2 2 2 2 2 2 2 2 2 2 2 2 2 2 2 2 2 2 2 2 2 2 2 2 2 2 2 1001 2 2 2 2 2 2 2 2 2 2 2 2 2 2 2 2 2 2 2 2 2 2 2 2 2 2 2 2 2 2 2 2 2 2 2 2 2 2 2 2 2 2 2 2 2 2 2 2 2 2 2 2 2 2 2 2 2 2 2 2 2 2 2 2 2 2 2 2 2 2 2 2 2 2 2 2 2 2 2 2 2 2 2 2 2 2 2 2 2 2 2 2 2 2 2 2 2 2 2 2 2 2 2 2 2 2 2 2 2 2 2 2 2 2 2 2 2 2 2 2 2 2 2 2 2 2 2 2 2 2 2 2 2 2 2 2 2 2 2 2 2 2 2 2 2 2 2 2 2 2 2 2 2 2 2 2 2 2 2 2 2 2 2 2 2 2 2
-1 0 1 2 -2 -1 0 1 2 -2 -1 0 1 2 -2 -1 0 1 2 -2 -1 0 1 2 -2 -1 0 1 2 -2 -1 0 1 2 -2 -1 0 1 2 -2 -1 0 1 2 -2 -1 0 1 2 -2 -1 0 1 2 -2 -1 0 1 2 -2 -1 0 1 2 -2 -1 0 1 2 -2 -1 0 1 2 -2 -1 0 1 2 -2 -1 0 1 2 -2 -1 0 1 2 -2 -1 0 1 2 -2 -1 0 1 2 -2 -1 0 1 2 -2 -1 0 1 2 -2 -1 0 1 2 -2 -1 0 1 2 -2 -1 0 1 2 -2 -1 0 1 2 -2 -1 0 1 2 -2 -1 0 1 2 -2 -1 0 1 2 -2 -1 0 1 2 -2 -1 0 1 2 -2 -1 0 1 2 -2 -1 0 1 2 -2 -1 0 1 2 -2 -1 0 1 2 -2 -1 0 1 2 -2 -1 0 1 2 -2 -1 0 1 2 -2 -1 0 1 2 -2 -1 0 1 2 -2 -1 0 1 2 -2 -1 0 1 2 -2 -1 0 1 2 -2 -1 0 1 2 -2 -1 0 1 2 -2 -1 0 1 2 -2 -1 0 1 2 -2 -1 0 1 2 -2 -1 0 1 2 -2 -1 0 1 2 -2 -1 0 1 2 -2 -1 0 1 2 -2 -1 0 1 2 -2 -1 0 1 2 -2 -1 0 1 2 -2 -1 0 1 2 -2 -1 0 1 2 -2 -1 0 1 2 -2 -1 0 1 2 -2 -1 0 1 2 -2 -1 0 1 2 -2 -1 0 1 2 -2 -1 0 1 2 -2 -1 0 1 2 -2 -1 0 1 2 -2 -1 0 1 2 -2 -1 0 1 601 -2 -1 0 1 2 -2 -1 0 1 2 -2 -1 0 1 2 -2 -1 0 1 2 -2 -1 0 1 2 -2 -1 0 1 2 -2 -1 0 1 2 -2 -1 0 1 2 -2 -1 0 1 2 -2 -1 0 1 2 -2 -1 0 1 2 -2 -1 0 1 2 -2 -1 0 1 2 -2 -1 0 1 2 -2 -1 0 1 2 -2 -1 0 1 2 -2 -1 0 1 2 -2 -1 0 1 2 -2 -1 0 1 2 -2 -1 0 1 2 -2 -1 0 1 2 -2 -1 0 1 2 -2 -1 0 1 2 -2 -1 0 1 2 -2 -1 0 1 2 -2 -1 0 1 2 -2 -1 0 1 2 -2 -1 0 1 2 -2 -1 0 1 2 -2 -1 0 1 2 -2 -1 0 1 2 -2 -1 0 1 2 -2 -1 0 1 2 -2
1 -2 0 2 -1 1 -2 0 2 -1 1 -2 0 2 -1 1 -2 0 2 -1 1 -2 0 2 -1 1 -2 0 2 -1 1 -2 0 2 -1 1 -2 0 2 -1 1 -2 0 2 -1 1 -2 0 2 -1 1 -2 0 2 -1 1 -2 0 2 -1 1 -2 0 2 -1 1 -2 0 2 -1 1 -2 0 2 -1 1 -2 0 2 -1 1 -2 0 2 -1 1 -2 0 2 -1 1 -2 0 2 -1 1 -2 0 2 -1 1 -2 0 2 -1 1 -2 0 2 -1 1 -2 0 2 -1 1 -2 0 2 -1 1 -2 0 2 -1 1 -2 0 2 -1 1 -2 0 2 -1 1 -2 0 2 -1 1 -2 0 2 -1 1 -2 0 2 -1 1 -2 0 2 -1 1 -2 0 2 -1 1 -2 0 2 -1 1 -2 0 2 -1 1 -2 0 2 -1 1 -2 0 2 -1 1 -2 0 2 -1 1 -2 0 2 -1 1 -2 0 2 -1 1 -2 0 2 -1 1 -2 0 2 -1 1 -2 0 2 -1 1 -2 0 2 -1 1 -2 0 2 -1 1 -2 0 2 -1 1 -2 0 2 -1 1 -2 0 2 -1 1 -2 0 2 -1 1 -2 0 2 -1 1 -2 0 2 -1 1 -2 0 2 -1 1 -2 0 2 -1 1 -2 0 2 -1 1 -2 0 2 -1 1 -2 0 2 -1 1 -2 0 2 -1 1 -2 0 2 -1 1 -2 0 2 -1 1 -2 0 2 -1 1 -2 0 2 -1 1 -2 0 2 -1 1 -2 0 2 -1 1 -2 0 2 -1 1 -2 0 2 -1 1 -2 0 2 -1 1 -2 0 2 -1 1 -2 0 2 602 1 -2 0 2 -1 1 -2 0 2 -1 1 -2 0 2 -1 1 -2 0 2 -1 1 -2 0 2 -1 1 -2 0 2 -1 1 -2 0 2 -1 1 -2 0 2 -1 1 -2 0 2 -1 1 -2 0 2 -1 1 -2 0 2 -1 1 -2 0 2 -1 1 -2 0 2 -1 1 -2 0 2 -1 1 -2 0 2 -1 1 -2 0 2 -1 1 -2 0 2 -1 1 -2 0 2 -1 1 -2 0 2 -1 1 -2 0 2 -1 1 -2 0 2 -1 1 -2 0 2 -1 1 -2 0 2 -1 1 -2 0 2 -1 1 -2 0 2 -1 1 -2 0 2 -1 1 -2 0 2 -1 1 -2 0 2 -1 1 -2 0 2 -1 1 -2 0 2 -1 1 -2 0 2 -1 1 -2 0 2 -1 1 -2 0 2 -1
-2 1 -1 2 0 -2 1 -1 2 0 -2 1 -1 2 0 -2 1 -1 2 0 -2 1 -1 2 0 -2 1 -1 2 0 -2 1 -1 2 0 -2 1 -1 2 0 -2 1 -1 2 0 -2 1 -1 2 0 -2 1 -1 2 0 -2 1 -1 2 0 -2 1 -1 2 0 -2 1 -1 2 0 -2 1 -1 2 0 -2 1 -1 2 0 -2 1 -1 2 0 -2 1 -1 2 0 -2 1 -1 2 0 -2 1 -1 2 0 -2 1 -1 2 0 -2 1 -1 2 0 -2 1 -1 2 0 -2 1 -1 2 0 -2 1 -1 2 0 -2 1 -1 2 0 -2 1 -1 2 0 -2 1 -1 2 0 -2 1 -1 2 0 -2 1 -1 2 0 -2 1 -1 2 0 -2 1 -1 2 0 -2 1 -1 2 0 -2 1 -1 2 0 -2 1 -1 2 0 -2 1 -1 2 0 -2 1 -1 2 0 -2 1 -1 2 0 -2 1 -1 2 0 -2 1 -1 2 0 -2 1 -1 2 0 -2 1 -1 2 0 -2 1 -1 2 0 -2 1 -1 2 0 -2 1 -1 2 0 -2 1 -1 2 0 -2 1 -1 2 0 -2 1 -1 2 0 -2 1 -1 2 0 -2 1 -1 2 0 -2 1 -1 2 0 -2 1 -1 2 0 -2 1 -1 2 0 -2 1 -1 2 0 -2 1 -1 2 0 -2 1 -1 2 0 -2 1 -1 2 0 -2 1 -1 2 0 -2 1 -1 2 0 -2 1 -1 2 0 -2 1 -1 2 0 -2 1 -1 2 0 -2 1 -1 2 0 -2 1 -1 2 0 -2 1 -1 2 0 -2 1 -1 2 0 -2 1 -1 2 0 601 1 -1 2 0 -2 1 -1 2 0 -2 1 -1 2 0 -2 1 -1 2 0 -2 1 -1 2 0 -2 1 -1 2 0 -2 1 -1 2 0 -2 1 -1 2 0 -2 1 -1 2 0 -2 1 -1 2 0 -2 1 -1 2 0 -2 1 -1 2 0 -2 1 -1 2 0 -2 1 -1 2 0 -2 1 -1 2 0 -2 1 -1 2 0 -2 1 -1 2 0 -2 1 -1 2 0 -2 1 -1 2 0 -2 1 -1 2 0 -2 1 -1 2 0 -2 1 -1 2 0 -2 1 -1 2 0 -2 1 -1 2 0 -2 1 -1 2 0 -2 1 -1 2 0 -2 1 -1 2 0 -2 1 -1 2 0 -2 1 -1 2 0 -2 1 -1 2 0 -2 1 -1 2 0 -2 1 -1 2 0 -2 1 -1 2 0
0 -1 -2 2 1 0 -1 -2 2 1 0 -1 -2 2 1 0 -1 -2 2 1 0 -1 -2 2 1 0 -1 -2 2 1 0 -1 -2 2 1 0 -1 -2 2 1 0 -1 -2 2 1 0 -1 -2 2 1 0 -1 -2 2 1 0 -1 -2 2 1 0 -1 -2 2 1 0 -1 -2 2 1 0 -1 -2 2 1 0 -1 -2 2 1 0 -1 -2 2 1 0 -1 -2 2 1 0 -1 -2 2 1 0 -1 -2 2 1 0 -1 -2 2 1 0 -1 -2 2 1 0 -1 -2 2 1 0 -1 -2 2 1 0 -1 -2 2 1 0 -1 -2 2 1 0 -1 -2 2 1 0 -1 -2 2 1 0 -1 -2 2 1 0 -1 -2 2 1 0 -1 -2 2 1 0 -1 -2 2 1 0 -1 -2 2 1 0 -1 -2 2 1 0 -1 -2 2 1 0 -1 -2 2 1 0 -1 -2 2 1 0 -1 -2 2 1 0 -1 -2 2 1 0 -1 -2 2 1 0 -1 -2 2 1 0 -1 -2 2 1 0 -1 -2 2 1 0 -1 -2 2 1 0 -1 -2 2 1 0 -1 -2 2 1 0 -1 -2 2 1 0 -1 -2 2 1 0 -1 -2 2 1 0 -1 -2 2 1 0 -1 -2 2 1 0 -1 -2 2 1 0 -1 -2 2 1 0 -1 -2 2 1 0 -1 -2 2 1 0 -1 -2 2 1 0 -1 -2 2 1 0 -1 -2 2 1 0 -1 -2 2 1 0 -1 -2 2 1 0 -1 -2 2 1 0 -1 -2 2 1 0 -1 -2 2 1 0 -1 -2 2 1 0 -1 -2 2 1 0 -1 -2 2 1 0 -1 -2 2 1 0 602 -2 2 1 0 -1 -2 2 1 0 -1 -2 2 1 0 -1 -2 2 1 0 -1 -2 2 1 0 -1 -2 2 1 0 -1 -2 2 1 0 -1 -2 2 1 0 -1 -2 2 1 0 -1 -2 2 1 0 -1 -2 2 1 0 -1 -2 2 1 0 -1 -2 2 1 0 -1 -2 2 1 0 -1 -2 2 1 0 -1 -2 2 1 0 -1 -2 2 1 0 -1 -2 2 1 0 -1 -2 2 1 0 -1 -2 2 1 0 -1 -2 2 1 0 -1 -2 2 1 0 -1 -2 2 1 0 -1 -2 2 1 0 -1 -2 2 1 0 -1 -2 2 1 0 -1 -2 2 1 0 -1 -2 2 1 0 -1 -2 2 1 0 -1 -2 2 1 0 -1 -2 2 1 0 -1 -2 2 1 0 -1 -2 2 1
2 2 2 2 2 2 2 2 2 2 2 2 2 2 2 2 2 2 2 2 2 2 2 2 2 2 2 2 2 2 2 2 2 2 2 2 2 2 2 2 2 2 2 2 2 2 2 2 2 2 2 2 2 2 2 2 2 2 2 2 2 2 2 2 2 2 2 2 2 2 2 2 2 2 2 2 2 2 2 2 2 2 2 2 2 2 2 2 2 2 2 2 2 2 2 2 2 2 2 2 2 2 2 2 2 2 2 2 2 2 2 2 2 2 2 2 2 2 2 2 2 2 2 2 2 2 2 2 2 2 2 2 2 2 2 2 2 2 2 2 2 2 2 2 2 2 2 2 2 2 2 2 2 2 2 2 2 2 2 2 2 2 2 2 2 2 2 2 2 2 2 2 2 2 2 2 2 2 2 2 2 2 2 2 2 2 2 2 2 2 2 2 2 2 2 2 2 2 2 2 2 2 2 2 2 2 2 2 2 2 2 2 2 2 2 2 2 2 2 2 2 2 2 2 2 2 2 2 2 2 2 2 2 2 2 2 2 2 2 2 2 2 2 2 2 2 2 2 2 2 2 2 2 2 2 2 2 2 2 2 2 2 2 2 2 2 2 2 2 2 2 2 2 2 2 2 2 2 2 2 2 2 2 2 2 2 2 2 2 2 2 2 2 2 2 2 2 2 2 2 2 2 2 2 2 2 2 2 2 2 2 2 2 2 2 2 2 2 2 2 2 2 2 2 2 2 2 2 2 2 2 2 2 2 2 2 2 1001 2 2 2 2 2 2 2 2 2 2 2 2 2 2 2 2 2 2 2 2 2 2 2 2 2 2 2 2 2 2 2 2 2 2 2 2 2 2 2 2 2 2 2 2 2 2 2 2 2 2 2 2 2 2 2 2 2 2 2 2 2 2 2 2 2 2 2 2 2 2 2 2 2 2 2 2 2 2 2 2 2 2 2 2 2 2 2 2 2 2 2 2 2 2 2 2 2 2 2 2 2 2 2 2 2 2 2 2 2 2 2 2 2 2 2 2 2 2 2 2 2 2 2 2 2 2 2 2 2 2 2 2 2 2 2 2 2 2 2 2 2 2 2 2 2 2 2 2 2 2 2 2 2 2 2 2 2 2 2 2 2 2
-1 0 1 2 -2 -1 0 1 2 -2 -1 0 1 2 -2 -1 0 1 2 -2 -1 0 1 2 -2 -1 0 1 2 -2 -1 0 1 2 -2 -1 0 1 2 -2 -1 0 1 2 -2 -1 0 1 2 -2 -1 0 1 2 -2 -1 0 1 2 -2 -1 0 1 2 -2 -1 0 1 2 -2 -1 0 1 2 -2 -1 0 1 2 -2 -1 0 1 2 -2 -1 0 1 2 -2 -1 0 1 2 -2 -1 0 1 2 -2 -1 0 1 2 -2 -1 0 1 2 -2 -1 0 1 2 -2 -1 0 1 2 -2 -1 0 1 2 -2 -1 0 1 2 -2 -1 0 1 2 -2 -1 0 1 2 -2 -1 0 1 2 -2 -1 0 1 2 -2 -1 0 1 2 -2 -1 0 1 2 -2 -1 0 1 2 -2 -1 0 1 2 -2 -1 0 1 2 -2 -1 0 1 2 -2 -1 0 1 2 -2 -1 0 1 2 -2 -1 0 1 2 -2 -1 0 1 2 -2 -1 0 1 2 -2 -1 0 1 2 -2 -1 0 1 2 -2 -1 0 1 2 -2 -1 0 1 2 -2 -1 0 1 2 -2 -1 0 1 2 -2 -1 0 1 2 -2 -1 0 1 2 -2 -1 0 1 2 -2 -1 0 1 2 -2 -1 0 1 2 -2 -1 0 1 2 -2 -1 0 1 2 -2 -1 0 1 2 -2 -1 0 1 2 -2 -1 0 1 2 -2 -1 0 1 2 -2 -1 0 1 2 -2 -1 0 1 2 -2 -1 0 1 2 -2 -1 0 1 2 -2 -1 0 1 2 -2 -1 0 1 2 -2 -1 0 1 2 -2 -1 0 1 2 -2 -1 0 1 2 -2 -1 0 1 601 -2 -1 0 1 2 -2 -1 0 1 2 -2 -1 0 1 2 -2 -1 0 1 2 -2 -1 0 1 2 -2 -1 0 1 2 -2 -1 0 1 2 -2 -1 0 1 2 -2 -1 0 1 2 -2 -1 0 1 2 -2 -1 0 1 2 -2 -1 0 1 2 -2 -1 0 1 2 -2 -1 0 1 2 -2 -1 0 1 2 -2 -1 0 1 2 -2 -1 0 1 2 -2 -1 0 1 2 -2 -1 0 1 2 -2 -1 0 1 2 -2 -1 0 1 2 -2 -1 0 1 2 -2 -1 0 1 2 -2 -1 0 1 2 -2 -1 0 1 2 -2 -1 0 1 2 -2 -1 0 1 2 -2 -1 0 1 2 -2 -1 0 1 2 -2 -1 0 1 2 -2 -1 0 1 2 -2 -1 0 1 2 -2
1 -2 0 2 -1 1 -2 0 2 -1 1 -2 0 2 -1 1 -2 0 2 -1 1 -2 0 2 -1 1 -2 0 2 -1 1 -2 0 2 -1 1 -2 0 2 -1 1 -2 0 2 -1 1 -2 0 2 -1 1 -2 0 2 -1 1 -2 0 2 -1 1 -2 0 2 -1 1 -2 0 2 -1 1 -2 0 2 -1 1 -2 0 2 -1 1 -2 0 2 -1 1 -2 0 2 -1 1 -2 0 2 -1 1 -2 0 2 -1 1 -2 0 2 -1 1 -2 0 2 -1 1 -2 0 2 -1 1 -2 0 2 -1 1 -2 0 2 -1 1 -2 0 2 -1 1 -2 0 2 -1 1 -2 0 2 -1 1 -2 0 2 -1 1 -2 0 2 -1 1 -2 0 2 -1 1 -2 0 2 -1 1 -2 0 2 -1 1 -2 0 2 -1 1 -2 0 2 -1 1 -2 0 2 -1 1 -2 0 2 -1 1 -2 0 2 -1 1 -2 0 2 -1 1 -2 0 2 -1 1 -2 0 2 -1 1 -2 0 2 -1 1 -2 0 2 -1 1 -2 0 2 -1 1 -2 0 2 -1 1 -2 0 2 -1 1 -2 0 2 -1 1 -2 0 2 -1 1 -2 0 2 -1 1 -2 0 2 -1 1 -2 0 2 -1 1 -2 0 2 -1 1 -2 0 2 -1 1 -2 0 2 -1 1 -2 0 2 -1 1 -2 0 2 -1 1 -2 0 2 -1 1 -2 0 2 -1 1 -2 0 2 -1 1 -2 0 2 -1 1 -2 0 2 -1 1 -2 0 2 -1 1 -2 0 2 -1 1 -2 0 2 -1 1 -2 0 2 -1 1 -2 0 2 -1 1 -2 0 2 -1 1 -2 0 2 602 1 -2 0 2 -1 1 -2 0 2 -1 1 -2 0 2 -1 1 -2 0 2 -1 1 -2 0 2 -1 1 -2 0 2 -1 1 -2 0 2 -1 1 -2 0 2 -1 1 -2 0 2 -1 1 -2 0 2 -1 1 -2 0 2 -1 1 -2 0 2 -1 1 -2 0 2 -1 1 -2 0 2 -1 1 -2 0 2 -1 1 -2 0 2 -1 1 -2 0 2 -1 1 -2 0 2 -1 1 -2 0 2 -1 1 -2 0 2 -1 1 -2 0 2 -1 1 -2 0 2 -1 1 -2 0 2 -1 1 -2 0 2 -1 1 -2 0 2 -1 1 -2 0 2 -1 1 -2 0 2 -1 1 -2 0 2 -1 1 -2 0 2 -1 1 -2 0 2 -1 1 -2 0 2 -1 1 -2 0 2 -1
-2 1 -1 2 0 -2 1 -1 2 0 -2 1 -1 2 0 -2 1 -1 2 0 -2 1 -1 2 0 -2 1 -1 2 0 -2 1 -1 2 0 -2 1 -1 2 0 -2 1 -1 2 0 -2 1 -1 2 0 -2 1 -1 2 0 -2 1 -1 2 0 -2 1 -1 2 0 -2 1 -1 2 0 -2 1 -1 2 0 -2 1 -1 2 0 -2 1 -1 2 0 -2 1 -1 2 0 -2 1 -1 2 0 -2 1 -1 2 0 -2 1 -1 2 0 -2 1 -1 2 0 -2 1 -1 2 0 -2 1 -1 2 0 -2 1 -1 2 0 -2 1 -1 2 0 -2 1 -1 2 0 -2 1 -1 2 0 -2 1 -1 2 0 -2 1 -1 2 0 -2 1 -1 2 0 -2 1 -1 2 0 -2 1 -1 2 0 -2 1 -1 2 0 -2 1 -1 2 0 -2 1 -1 2 0 -2 1 -1 2 0 -2 1 -1 2 0 -2 1 -1 2 0 -2 1 -1 2 0 -2 1 -1 2 0 -2 1 -1 2 0 -2 1 -1 2 0 -2 1 -1 2 0 -2 1 -1 2 0 -2 1 -1 2 0 -2 1 -1 2 0 -2 1 -1 2 0 -2 1 -1 2 0 -2 1 -1 2 0 -2 1 -1 2 0 -2 1 -1 2 0 -2 1 -1 2 0 -2 1 -1 2 0 -2 1 -1 2 0 -2 1 -1 2 0 -2 1 -1 2 0 -2 1 -1 2 0 -2 1 -1 2 0 -2 1 -1 2 0 -2 1 -1 2 0 -2 1 -1 2 0 -2 1 -1 2 0 -2 1 -1 2 0 -2 1 -1 2 0 -2 1 -1 2 0 -2 1 -1 2 0 -2 1 -1 2 0 601 1 -1 2 0 -2 1 -1 2 0 -2 1 -1 2 0 -2 1 -1 2 0 -2 1 -1 2 0 -2 1 -1 2 0 -2 1 -1 2 0 -2 1 -1 2 0 -2 1 -1 2 0 -2 1 -1 2 0 -2 1 -1 2 0 -2 1 -1 2 0 -2 1 -1 2 0 -2 1 -1 2 0 -2 1 -1 2 0 -2 1 -1 2 0 -2 1 -1 2 0 -2 1 -1 2 0 -2 1 -1 2 0 -2 1 -1 2 0 -2 1 -1 2 0 -2 1 -1 2 0 -2 1 -1 2 0 -2 1 -1 2 0 -2 1 -1 2 0 -2 1 -1 2 0 -2 1 -1 2 0 -2 1 -1 2 0 -2 1 -1 2 0 -2 1 -1 2 0 -2 1 -1 2 0 -2 1 -1 2 0
0 -1 -2 2 1 0 -1 -2 2 1 0 -1 -2 2 1 0 -1 -2 2 1 0 -1 -2 2 1 0 -1 -2 2 1 0 -1 -2 2 1 0 -1 -2 2 1 0 -1 -2 2 1 0 -1 -2 2 1 0 -1 -2 2 1 0 -1 -2 2 1 0 -1 -2 2 1 0 -1 -2 2 1 0 -1 -2 2 1 0 -1 -2 2 1 0 -1 -2 2 1 0 -1 -2 2 1 0 -1 -2 2 1 0 -1 -2 2 1 0 -1 -2 2 1 0 -1 -2 2 1 0 -1 -2 2 1 0 -1 -2 2 1 0 -1 -2 2 1 0 -1 -2 2 1 0 -1 -2 2 1 0 -1 -2 2 1 0 -1 -2 2 1 0 -1 -2 2 1 0 -1 -2 2 1 0 -1 -2 2 1 0 -1 -2 2 1 0 -1 -2 2 1 0 -1 -2 2 1 0 -1 -2 2 1 0 -1 -2 2 1 0 -1 -2 2 1 0 -1 -2 2 1 0 -1 -2 2 1 0 -1 -2 2 1 0 -1 -2 2 1 0 -1 -2 2 1 0 -1 -2 2 1 0 -1 -2 2 1 0 -1 -2 2 1 0 -1 -2 2 1 0 -1 -2 2 1 0 -1 -2 2 1 0 -1 -2 2 1 0 -1 -2 2 1 0 -1 -2 2 1 0 -1 -2 2 1 0 -1 -2 2 1 0 -1 -2 2 1 0 -1 -2 2 1 0 -1 -2 2 1 0 -1 -2 2 1 0 -1 -2 2 1 0 -1 -2 2 1 0 -1 -2 2 1 0 -1 -2 2 1 0 -1 -2 2 1 0 -1 -2 2 1 0 -1 -2 2 1 0 -1 -2 2 1 0 -1 -2 2 1 0 -1 -2 2 1 0 602 -2 2 1 0 -1 -2 2 1 0 -1 -2 2 1 0 -1 -2 2 1 0 -1 -2 2 1 0 -1 -2 2 1 0 -1 -2 2 1 0 -1 -2 2 1 0 -1 -2 2 1 0 -1 -2 2 1 0 -1 -2 2 1 0 -1 -2 2 1 0 -1 -2 2 1 0 -1 -2 2 1 0 -1 -2 2 1 0 -1 -2 2 1 0 -1 -2 2 1 0 -1 -2 2 1 0 -1 -2 2 1 0 -1 -2 2 1 0 -1 -2 2 1 0 -1 -2 2 1 0 -1 -2 2 1 0 -1 -2 2 1 0 -1 -2 2 1 0 -1 -2 2 1 0 -1 -2 2 1 0 -1 -2 2 1 0 -1 -2 2 1 0 -1 -2 2 1 0 -1 -2 2 1 0 -1 -2 2 1
2 2 2 2 2 2 2 2 2 2 2 2 2 2 2 2 2 2 2 2 2 2 2 2 2 2 2 2 2 2 2 2 2 2 2 2 2 2 2 2 2 2 2 2 2 2 2 2 2 2 2 2 2 2 2 2 2 2 2 2 2 2 2 2 2 2 2 2 2 2 2 2 2 2 2 2 2 2 2 2 2 2 2 2 2 2 2 2 2 2 2 2 2 2 2 2 2 2 2 2 2 2 2 2 2 2 2 2 2 2 2 2 2 2 2 2 2 2 2 2 2 2 2 2 2 2 2 2 2 2 2 2 2 2 2 2 2 2 2 2 2 2 2 2 2 2 2 2 2 2 2 2 2 2 2 2 2 2 2 2 2 2 2 2 2 2 2 2 2 2 2 2 2 2 2 2 2 2 2 2 2 2 2 2 2 2 2 2 2 2 2 2 2 2 2 2 2 2 2 2 2 2 2 2 2 2 2 2 2 2 2 2 2 2 2 2 2 2 2 2 2 2 2 2 2 2 2 2 2 2 2 2 2 2 2 2 2 2 2 2 2 2 2 2 2 2 2 2 2 2 2 2 2 2 2 2 2 2 2 2 2 2 2 2 2 2 2 2 2 2 2 2 2 2 2 2 2 2 2 2 2 2 2 2 2 2 2 2 2 2 2 2 2 2 2 2 2 2 2 2 2 2 2 2 2 2 2 2 2 2 2 2 2 2 2 2 2 2 2 2 2 2 2 2 2 2 2 2 2 2 2 2 2 2 2 2 2 2 2 2 2 2 1001 2 2 2 2 2 2 2 2 2 2 2 2 2 2 2 2 2 2 2 2 2 2 2 2 2 2 2 2 2 2 2 2 2 2 2 2 2 2 2 2 2 2 2 2 2 2 2 2 2 2 2 2 2 2 2 2 2 2 2 2 2 2 2 2 2 2 2 2 2 2 2 2 2 2 2 2 2 2 2 2 2 2 2 2 2 2 2 2 2 2 2 2 2 2 2 2 2 2 2 2 2 2 2 2 2 2 2 2 2 2 2 2 2 2 2 2 2 2 2 2 2 2 2 2 2 2 2 2 2 2 2 2 2 2 2 2 2 2 2 2 2 2 2 2 2 2 2 2 2 2 2 2 2 2 2 2 2
-1 0 1 2 -2 -1 0 1 2 -2 -1 0 1 2 -2 -1 0 1 2 -2 -1 0 1 2 -2 -1 0 1 2 -2 -1 0 1 2 -2 -1 0 1 2 -2 -1 0 1 2 -2 -1 0 1 2 -2 -1 0 1 2 -2 -1 0 1 2 -2 -1 0 1 2 -2 -1 0 1 2 -2 -1 0 1 2 -2 -1 0 1 2 -2 -1 0 1 2 -2 -1 0 1 2 -2 -1 0 1 2 -2 -1 0 1 2 -2 -1 0 1 2 -2 -1 0 1 2 -2 -1 0 1 2 -2 -1 0 1 2 -2 -1 0 1 2 -2 -1 0 1 2 -2 -1 0 1 2 -2 -1 0 1 2 -2 -1 0 1 2 -2 -1 0 1 2 -2 -1 0 1 2 -2 -1 0 1 2 -2 -1 0 1 2 -2 -1 0 1 2 -2 -1 0 1 2 -2 -1 0 1 2 -2 -1 0 1 2 -2 -1 0 1 2 -2 -1 0 1 2 -2 -1 0 1 2 -2 -1 0 1 2 -2 -1 0 1 2 -2 -1 0 1 2 -2 -1 0 1 2 -2 -1 0 1 2 -2 -1 0 1 2 -2 -1 0 1 2 -2 -1 0 1 2 -2 -1 0 1 2 -2 -1 0 1 2 -2 -1 0 1 2 -2 -1 0 1 2 -2 -1 0 1 2 -2 -1 0 1 2 -2 -1 0 1 2 -2 -1 0 1 2 -2 -1 0 1 2 -2 -1 0 1 2 -2 -1 0 1 2 -2 -1 0 1 2 -2 -1 0 1 2 -2 -1 0 1 2 -2 -1 0 1 2 -2 -1 0 1 2 -2 -1 0 1 2 -2 -1 0 1 2 -2 -1 0 1 2 -2 -1 0 1 2 -2 -1 0 1 601 -2 -1 0 1 2 -2 -1 0 1 2 -2 -1 0 1 2 -2 -1 0 1 2 -2 -1 0 1 2 -2 -1 0 1 2 -2 -1 0 1 2 -2 -1 0 1 2 -2 -1 0 1 2 -2 -1 0 1 2 -2 -1 0 1 2 -2 -1 0 1 2 -2 -1 0 1 2 -2 -1 0 1 2 -2 -1 0 1 2 -2 -1 0 1 2 -2 -1 0 1 2 -2 -1 0 1 2 -2 -1 0 1 2 -2 -1 0 1 2 -2 -1 0 1 2 -2 -1 0 1 2 -2 -1 0 1 2 -2 -1 0 1 2 -2 -1 0 1 2 -2 -1 0 1 2 -2 -1 0 1 2 -2 -1 0 1 2 -2 -1 0 1 2 -2 -1 0 1 2 -2 -1 0 1 2 -2
1 -2 0 2 -1 1 -2 0 2 -1 1 -2 0 2 -1 1 -2 0 2 -1 1 -2 0 2 -1 1 -2 0 2 -1 1 -2 0 2 -1 1 -2 0 2 -1 1 -2 0 2 -1 1 -2 0 2 -1 1 -2 0 2 -1 1 -2 0 2 -1 1 -2 0 2 -1 1 -2 0 2 -1 1 -2 0 2 -1 1 -2 0 2 -1 1 -2 0 2 -1 1 -2 0 2 -1 1 -2 0 2 -1 1 -2 0 2 -1 1 -2 0 2 -1 1 -2 0 2 -1 1 -2 0 2 -1 1 -2 0 2 -1 1 -2 0 2 -1 1 -2 0 2 -1 1 -2 0 2 -1 1 -2 0 2 -1 1 -2 0 2 -1 1 -2 0 2 -1 1 -2 0 2 -1 1 -2 0 2 -1 1 -2 0 2 -1 1 -2 0 2 -1 1 -2 0 2 -1 1 -2 0 2 -1 1 -2 0 2 -1 1 -2 0 2 -1 1 -2 0 2 -1 1 -2 0 2 -1 1 -2 0 2 -1 1 -2 0 2 -1 1 -2 0 2 -1 1 -2 0 2 -1 1 -2 0 2 -1 1 -2 0 2 -1 1 -2 0 2 -1 1 -2 0 2 -1 1 -2 0 2 -1 1 -2 0 2 -1 1 -2 0 2 -1 1 -2 0 2 -1 1 -2 0 2 -1 1 -2 0 2 -1 1 -2 0 2 -1 1 -2 0 2 -1 1 -2 0 2 -1 1 -2 0 2 -1 1 -2 0 2 -1 1 -2 0 2 -1 1 -2 0 2 -1 1 -2 0 2 -1 1 -2 0 2 -1 1 -2 0 2 -1 1 -2 0 2 -1 1 -2 0 2 -1 1 -2 0 2 -1 1 -2 0 2 -1 1 -2 0 2 602 1 -2 0 2 -1 1 -2 0 2 -1 1 -2 0 2 -1 1 -2 0 2 -1 1 -2 0 2 -1 1 -2 0 2 -1 1 -2 0 2 -1 1 -2 0 2 -1 1 -2 0 2 -1 1 -2 0 2 -1 1 -2 0 2 -1 1 -2 0 2 -1 1 -2 0 2 -1 1 -2 0 2 -1 1 -2 0 2 -1 1 -2 0 2 -1 1 -2 0 2 -1 1 -2 0 2 -1 1 -2 0 2 -1 1 -2 0 2 -1 1 -2 0 2 -1 1 -2 0 2 -1 1 -2 0 2 -1 1 -2 0 2 -1 1 -2 0 2 -1 1 -2 0 2 -1 1 -2 0 2 -1 1 -2 0 2 -1 1 -2 0 2 -1 1 -2 0 2 -1 1 -2 0 2 -1
-2 1 -1 2 0 -2 1 -1 2 0 -2 1 -1 2 0 -2 1 -1 2 0 -2 1 -1 2 0 -2 1 -1 2 0 -2 1 -1 2 0 -2 1 -1 2 0 -2 1 -1 2 0 -2 1 -1 2 0 -2 1 -1 2 0 -2 1 -1 2 0 -2 1 -1 2 0 -2 1 -1 2 0 -2 1 -1 2 0 -2 1 -1 2 0 -2 1 -1 2 0 -2 1 -1 2 0 -2 1 -1 2 0 -2 1 -1 2 0 -2 1 -1 2 0 -2 1 -1 2 0 -2 1 -1 2 0 -2 1 -1 2 0 -2 1 -1 2 0 -2 1 -1 2 0 -2 1 -1 2 0 -2 1 -1 2 0 -2 1 -1 2 0 -2 1 -1 2 0 -2 1 -1 2 0 -2 1 -1 2 0 -2 1 -1 2 0 -2 1 -1 2 0 -2 1 -1 2 0 -2 1 -1 2 0 -2 1 -1 2 0 -2 1 -1 2 0 -2 1 -1 2 0 -2 1 -1 2 0 -2 1 -1 2 0 -2 1 -1 2 0 -2 1 -1 2 0 -2 1 -1 2 0 -2 1 -1 2 0 -2 1 -1 2 0 -2 1 -1 2 0 -2 1 -1 2 0 -2 1 -1 2 0 -2 1 -1 2 0 -2 1 -1 2 0 -2 1 -1 2 0 -2 1 -1 2 0 -2 1 -1 2 0 -2 1 -1 2 0 -2 1 -1 2 0 -2 1 -1 2 0 -2 1 -1 2 0 -2 1 -1 2 0 -2 1 -1 2 0 -2 1 -1 2 0 -2 1 -1 2 0 -2 1 -1 2 0 -2 1 -1 2 0 -2 1 -1 2 0 -2 1 -1 2 0 -2 1 -1 2 0 -2 1 -1 2 0 -2 1 -1 2 0 601 1 -1 2 0 -2 1 -1 2 0 -2 1 -1 2 0 -2 1 -1 2 0 -2 1 -1 2 0 -2 1 -1 2 0 -2 1 -1 2 0 -2 1 -1 2 0 -2 1 -1 2 0 -2 1 -1 2 0 -2 1 -1 2 0 -2 1 -1 2 0 -2 1 -1 2 0 -2 1 -1 2 0 -2 1 -1 2 0 -2 1 -1 2 0 -2 1 -1 2 0 -2 1 -1 2 0 -2 1 -1 2 0 -2 1 -1 2 0 -2 1 -1 2 0 -2 1 -1 2 0 -2 1 -1 2 0 -2 1 -1 2 0 -2 1 -1 2 0 -2 1 -1 2 0 -2 1 -1 2 0 -2 1 -1 2 0 -2 1 -1 2 0 -2 1 -1 2 0 -2 1 -1 2 0
0 -1 -2 2 1 0 -1 -2 2 1 0 -1 -2 2 1 0 -1 -2 2 1 0 -1 -2 2 1 0 -1 -2 2 1 0 -1 -2 2 1 0 -1 -2 2 1 0 -1 -2 2 1 0 -1 -2 2 1 0 -1 -2 2 1 0 -1 -2 2 1 0 -1 -2 2 1 0 -1 -2 2 1 0 -1 -2 2 1 0 -1 -2 2 1 0 -1 -2 2 1 0 -1 -2 2 1 0 -1 -2 2 1 0 -1 -2 2 1 0 -1 -2 2 1 0 -1 -2 2 1 0 -1 -2 2 1 0 -1 -2 2 1 0 -1 -2 2 1 0 -1 -2 2 1 0 -1 -2 2 1 0 -1 -2 2 1 0 -1 -2 2 1 0 -1 -2 2 1 0 -1 -2 2 1 0 -1 -2 2 1 0 -1 -2 2 1 0 -1 -2 2 1 0 -1 -2 2 1 0 -1 -2 2 1 0 -1 -2 2 1 0 -1 -2 2 1 0 -1 -2 2 1 0 -1 -2 2 1 0 -1 -2 2 1 0 -1 -2 2 1 0 -1 -2 2 1 0 -1 -2 2 1 0 -1 -2 2 1 0 -1 -2 2 1 0 -1 -2 2 1 0 -1 -2 2 1 0 -1 -2 2 1 0 -1 -2 2 1 0 -1 -2 2 1 0 -1 -2 2 1 0 -1 -2 2 1 0 -1 -2 2 1 0 -1 -2 2 1 0 -1 -2 2 1 0 -1 -2 2 1 0 -1 -2 2 1 0 -1 -2 2 1 0 -1 -2 2 1 0 -1 -2 2 1 0 -1 -2 2 1 0 -1 -2 2 1 0 -1 -2 2 1 0 -1 -2 2 1 0 -1 -2 2 1 0 -1 -2 2 1 0 -1 -2 2 1 0 -1 -2 2 1 0 602 -2 2 1 0 -1 -2 2 1 0 -1 -2 2 1 0 -1 -2 2 1 0 -1 -2 2 1 0 -1 -2 2 1 0 -1 -2 2 1 0 -1 -2 2 1 0 -1 -2 2 1 0 -1 -2 2 1 0 -1 -2 2 1 0 -1 -2 2 1 0 -1 -2 2 1 0 -1 -2 2 1 0 -1 -2 2 1 0 -1 -2 2 1 0 -1 -2 2 1 0 -1 -2 2 1 0 -1 -2 2 1 0 -1 -2 2 1 0 -1 -2 2 1 0 -1 -2 2 1 0 -1 -2 2 1 0 -1 -2 2 1 0 -1 -2 2 1 0 -1 -2 2 1 0 -1 -2 2 1 0 -1 -2 2 1 0 -1 -2 2 1 0 -1 -2 2 1 0 -1 -2 2 1
2 2 2 2 2 2 2 2 2 2 2 2 2 2 2 2 2 2 2 2 2 2 2 2 2 2 2 2 2 2 2 2 2 2 2 2 2 2 2 2 2 2 2 2 2 2 2 2 2 2 2 2 2 2 2 2 2 2 2 2 2 2 2 2 2 2 2 2 2 2 2 2 2 2 2 2 2 2 2 2 2 2 2 2 2 2 2 2 2 2 2 2 2 2 2 2 2 2 2 2 2 2 2 2 2 2 2 2 2 2 2 2 2 2 2 2 2 2 2 2 2 2 2 2 2 2 2 2 2 2 2 2 2 2 2 2 2 2 2 2 2 2 2 2 2 2 2 2 2 2 2 2 2 2 2 2 2 2 2 2 2 2 2 2 2 2 2 2 2 2 2 2 2 2 2 2 2 2 2 2 2 2 2 2 2 2 2 2 2 2 2 2 2 2 2 2 2 2 2 2 2 2 2 2 2 2 2 2 2 2 2 2 2 2 2 2 2 2 2 2 2 2 2 2 2 2 2 2 2 2 2 2 2 2 2 2 2 2 2 2 2 2 2 2 2 2 2 2 2 2 2 2 2 2 2 2 2 2 2 2 2 2 2 2 2 2 2 2 2 2 2 2 2 2 2 2 2 2 2 2 2 2 2 2 2 2 2 2 2 2 2 2 2 2 2 2 2 2 2 2 2 2 2 2 2 2 2 2 2 2 2 2 2 2 2 2 2 2 2 2 2 2 2 2 2 2 2 2 2 2 2 2 2 2 2 2 2 2 2 2 2 2 2 2 2 2 2 1001 2 2 2 2 2 2 2 2 2 2 2 2 2 2 2 2 2 2 2 2 2 2 2 2 2 2 2 2 2 2 2 2 2 2 2 2 2 2 2 2 2 2 2 2 2 2 2 2 2 2 2 2 2 2 2 2 2 2 2 2 2 2 2 2 2 2 2 2 2 2 2 2 2 2 2 2 2 2 2 2 2 2 2 2 2 2 2 2 2 2 2 2 2 2 2 2 2 2 2 2 2 2 2 2 2 2 2 2 2 2 2 2 2 2 2 2 2 2 2 2 2 2 2 2 2 2 2 2 2 2 2 2 2 2 2 2 2 2 2 2 2 2 2 2 2 2 2 2 2 2 2 2
-1 0 1 2 -2 -1 0 1 2 -2 -1 0 1 2 -2 -1 0 1 2 -2 -1 0 1 2 -2 -1 0 1 2 -2 -1 0 1 2 -2 -1 0 1 2 -2 -1 0 1 2 -2 -1 0 1 2 -2 -1 0 1 2 -2 -1 0 1 2 -2 -1 0 1 2 -2 -1 0 1 2 -2 -1 0 1 2 -2 -1 0 1 2 -2 -1 0 1 2 -2 -1 0 1 2 -2 -1 0 1 2 -2 -1 0 1 2 -2 -1 0 1 2 -2 -1 0 1 2 -2 -1 0 1 2 -2 -1 0 1 2 -2 -1 0 1 2 -2 -1 0 1 2 -2 -1 0 1 2 -2 -1 0 1 2 -2 -1 0 1 2 -2 -1 0 1 2 -2 -1 0 1 2 -2 -1 0 1 2 -2 -1 0 1 2 -2 -1 0 1 2 -2 -1 0 1 2 -2 -1 0 1 2 -2 -1 0 1 2 -2 -1 0 1 2 -2 -1 0 1 2 -2 -1 0 1 2 -2 -1 0 1 2 -2 -1 0 1 2 -2 -1 0 1 2 -2 -1 0 1 2 -2 -1 0 1 2 -2 -1 0 1 2 -2 -1 0 1 2 -2 -1 0 1 2 -2 -1 0 1 2 -2 -1 0 1 2 -2 -1 0 1 2 -2 -1 0 1 2 -2 -1 0 1 2 -2 -1 0 1 2 -2 -1 0 1 2 -2 -1 0 1 2 -2 -1 0 1 2 -2 -1 0 1 2 -2 -1 0 1 2 -2 -1 0 1 2 -2 -1 0 1 2 -2 -1 0 1 2 -2 -1 0 1 2 -2 -1 0 1 2 -2 -1 0 1 2 -2 -1 0 1 2 -2 -1 0 1 2 -2 -1 0 1 2 -2 -1 0 1 2 -2 -1 0 1 601 -2 -1 0 1 2 -2 -1 0 1 2 -2 -1 0 1 2 -2 -1 0 1 2 -2 -1 0 1 2 -2 -1 0 1 2 -2 -1 0 1 2 -2 -1 0 1 2 -2 -1 0 1 2 -2 -1 0 1 2 -2 -1 0 1 2 -2 -1 0 1 2 -2 -1 0 1 2 -2 -1 0 1 2 -2 -1 0 1 2 -2 -1 0 1 2 -2 -1 0 1 2 -2 -1 0 1 2 -2 -1 0 1 2 -2 -1 0 1 2 -2 -1 0 1 2 -2 -1 0 1 2 -2 -1 0 1 2 -2 -1 0 1 2 -2 -1 0 1 2 -2 -1 0 1 2 -2 -1 0 1 2 -2 -1 0 1 2 -2 -1 0 1 2 -2 -1 0 1 2 -2
1 -2 0 2 -1 1 -2 0 2 -1 1 -2 0 2 -1 1 -2 0 2 -1 1 -2 0 2 -1 1 -2 0 2 -1 1 -2 0 2 -1 1 -2 0 2 -1 1 -2 0 2 -1 1 -2 0 2 -1 1 -2 0 2 -1 1 -2 0 2 -1 1 -2 0 2 -1 1 -2 0 2 -1 1 -2 0 2 -1 1 -2 0 2 -1 1 -2 0 2 -1 1 -2 0 2 -1 1 -2 0 2 -1 1 -2 0 2 -1 1 -2 0 2 -1 1 -2 0 2 -1 1 -2 0 2 -1 1 -2 0 2 -1 1 -2 0 2 -1 1 -2 0 2 -1 1 -2 0 2 -1 1 -2 0 2 -1 1 -2 0 2 -1 1 -2 0 2 -1 1 -2 0 2 -1 1 -2 0 2 -1 1 -2 0 2 -1 1 -2 0 2 -1 1 -2 0 2 -1 1 -2 0 2 -1 1 -2 0 2 -1 1 -2 0 2 -1 1 -2 0 2 -1 1 -2 0 2 -1 1 -2 0 2 -1 1 -2 0 2 -1 1 -2 0 2 -1 1 -2 0 2 -1 1 -2 0 2 -1 1 -2 0 2 -1 1 -2 0 2 -1 1 -2 0 2 -1 1 -2 0 2 -1 1 -2 0 2 -1 1 -2 0 2 -1 1 -2 0 2 -1 1 -2 0 2 -1 1 -2 0 2 -1 1 -2 0 2 -1 1 -2 0 2 -1 1 -2 0 2 -1 1 -2 0 2 -1 1 -2 0 2 -1 1 -2 0 2 -1 1 -2 0 2 -1 1 -2 0 2 -1 1 -2 0 2 -1 1 -2 0 2 -1 1 -2 0 2 -1 1 -2 0 2 -1 1 -2 0 2 -1 1 -2 0 2 -1 1 -2 0 2 -1 1 -2 0 2 602 1 -2 0 2 -1 1 -2 0 2 -1 1 -2 0 2 -1 1 -2 0 2 -1 1 -2 0 2 -1 1 -2 0 2 -1 1 -2 0 2 -1 1 -2 0 2 -1 1 -2 0 2 -1 1 -2 0 2 -1 1 -2 0 2 -1 1 -2 0 2 -1 1 -2 0 2 -1 1 -2 0 2 -1 1 -2 0 2 -1 1 -2 0 2 -1 1 -2 0 2 -1 1 -2 0 2 -1 1 -2 0 2 -1 1 -2 0 2 -1 1 -2 0 2 -1 1 -2 0 2 -1 1 -2 0 2 -1 1 -2 0 2 -1 1 -2 0 2 -1 1 -2 0 2 -1 1 -2 0 2 -1 1 -2 0 2 -1 1 -2 0 2 -1 1 -2 0 2 -1
-2 1 -1 2 0 -2 1 -1 2 0 -2 1 -1 2 0 -2 1 -1 2 0 -2 1 -1 2 0 -2 1 -1 2 0 -2 1 -1 2 0 -2 1 -1 2 0 -2 1 -1 2 0 -2 1 -1 2 0 -2 1 -1 2 0 -2 1 -1 2 0 -2 1 -1 2 0 -2 1 -1 2 0 -2 1 -1 2 0 -2 1 -1 2 0 -2 1 -1 2 0 -2 1 -1 2 0 -2 1 -1 2 0 -2 1 -1 2 0 -2 1 -1 2 0 -2 1 -1 2 0 -2 1 -1 2 0 -2 1 -1 2 0 -2 1 -1 2 0 -2 1 -1 2 0 -2 1 -1 2 0 -2 1 -1 2 0 -2 1 -1 2 0 -2 1 -1 2 0 -2 1 -1 2 0 -2 1 -1 2 0 -2 1 -1 2 0 -2 1 -1 2 0 -2 1 -1 2 0 -2 1 -1 2 0 -2 1 -1 2 0 -2 1 -1 2 0 -2 1 -1 2 0 -2 1 -1 2 0 -2 1 -1 2 0 -2 1 -1 2 0 -2 1 -1 2 0 -2 1 -1 2 0 -2 1 -1 2 0 -2 1 -1 2 0 -2 1 -1 2 0 -2 1 -1 2 0 -2 1 -1 2 0 -2 1 -1 2 0 -2 1 -1 2 0 -2 1 -1 2 0 -2 1 -1 2 0 -2 1 -1 2 0 -2 1 -1 2 0 -2 1 -1 2 0 -2 1 -1 2 0 -2 1 -1 2 0 -2 1 -1 2 0 -2 1 -1 2 0 -2 1 -1 2 0 -2 1 -1 2 0 -2 1 -1 2 0 -2 1 -1 2 0 -2 1 -1 2 0 -2 1 -1 2 0 -2 1 -1 2 0 -2 1 -1 2 0 -2 1 -1 2 0 -2 1 -1 2 0 601 1 -1 2 0 -2 1 -1 2 0 -2 1 -1 2 0 -2 1 -1 2 0 -2 1 -1 2 0 -2 1 -1 2 0 -2 1 -1 2 0 -2 1 -1 2 0 -2 1 -1 2 0 -2 1 -1 2 0 -2 1 -1 2 0 -2 1 -1 2 0 -2 1 -1 2 0 -2 1 -1 2 0 -2 1 -1 2 0 -2 1 -1 2 0 -2 1 -1 2 0 -2 1 -1 2 0 -2 1 -1 2 0 -2 1 -1 2 0 -2 1 -1 2 0 -2 1 -1 2 0 -2 1 -1 2 0 -2 1 -1 2 0 -2 1 -1 2 0 -2 1 -1 2 0 -2 1 -1 2 0 -2 1 -1 2 0 -2 1 -1 2 0 -2 1 -1 2 0
0 -1 -2 2 1 0 -1 -2 2 1 0 -1 -2 2 1 0 -1 -2 2 1 0 -1 -2 2 1 0 -1 -2 2 1 0 -1 -2 2 1 0 -1 -2 2 1 0 -1 -2 2 1 0 -1 -2 2 1 0 -1 -2 2 1 0 -1 -2 2 1 0 -1 -2 2 1 0 -1 -2 2 1 0 -1 -2 2 1 0 -1 -2 2 1 0 -1 -2 2 1 0 -1 -2 2 1 0 -1 -2 2 1 0 -1 -2 2 1 0 -1 -2 2 1 0 -1 -2 2 1 0 -1 -2 2 1 0 -1 -2 2 1 0 -1 -2 2 1 0 -1 -2 2 1 0 -1 -2 2 1 0 -1 -2 2 1 0 -1 -2 2 1 0 -1 -2 2 1 0 -1 -2 2 1 0 -1 -2 2 1 0 -1 -2 2 1 0 -1 -2 2 1 0 -1 -2 2 1 0 -1 -2 2 1 0 -1 -2 2 1 0 -1 -2 2 1 0 -1 -2 2 1 0 -1 -2 2 1 0 -1 -2 2 1 0 -1 -2 2 1 0 -1 -2 2 1 0 -1 -2 2 1 0 -1 -2 2 1 0 -1 -2 2 1 0 -1 -2 2 1 0 -1 -2 2 1 0 -1 -2 2 1 0 -1 -2 2 1 0 -1 -2 2 1 0 -1 -2 2 1 0 -1 -2 2 1 0 -1 -2 2 1 0 -1 -2 2 1 0 -1 -2 2 1 0 -1 -2 2 1 0 -1 -2 2 1 0 -1 -2 2 1 0 -1 -2 2 1 0 -1 -2 2 1 0 -1 -2 2 1 0 -1 -2 2 1 0 -1 -2 2 1 0 -1 -2 2 1 0 -1 -2 2 1 0 -1 -2 2 1 0 -1 -2 2 1 0 -1 -2 2 1 0 -1 -2 2 1 0 602 -2 2 1 0 -1 -2 2 1 0 -1 -2 2 1 0 -1 -2 2 1 0 -1 -2 2 1 0 -1 -2 2 1 0 -1 -2 2 1 0 -1 -2 2 1 0 -1 -2 2 1 0 -1 -2 2 1 0 -1 -2 2 1 0 -1 -2 2 1 0 -1 -2 2 1 0 -1 -2 2 1 0 -1 -2 2 1 0 -1 -2 2 1 0 -1 -2 2 1 0 -1 -2 2 1 0 -1 -2 2 1 0 -1 -2 2 1 0 -1 -2 2 1 0 -1 -2 2 1 0 -1 -2 2 1 0 -1 -2 2 1 0 -1 -2 2 1 0 -1 -2 2 1 0 -1 -2 2 1 0 -1 -2 2 1 0 -1 -2 2 1 0 -1 -2 2 1
2 2 2 2 2 2 2 2 2 2 2 2 2 2 2 2 2 2 2 2 2 2 2 2 2 2 2 2 2 2 2 2 2 2 2 2 2 2 2 2 2 2 2 2 2 2 2 2 2 2 2 2 2 2 2 2 2 2 2 2 2 2 2 2 2 2 2 2 2 2 2 2 2 2 2 2 2 2 2 2 2 2 2 2 2 2 2 2 2 2 2 2 2 2 2 2 2 2 2 2 2 2 2 2 2 2 2 2 2 2 2 2 2 2 2 2 2 2 2 2 2 2 2 2 2 2 2 2 2 2 2 2 2 2 2 2 2 2 2 2 2 2 2 2 2 2 2 2 2 2 2 2 2 2 2 2 2 2 2 2 2 2 2 2 2 2 2 2 2 2 2 2 2 2 2 2 2 2 2 2 2 2 2 2 2 2 2 2 2 2 2 2 2 2 2 2 2 2 2 2 2 2 2 2 2 2 2 2 2 2 2 2 2 2 2 2 2 2 2 2 2 2 2 2 2 2 2 2 2 2 2 2 2 2 2 2 2 2 2 2 2 2 2 2 2 2 2 2 2 2 2 2 2 2 2 2 2 2 2 2 2 2 2 2 2 2 2 2 2 2 2 2 2 2 2 2 2 2 2 2 2 2 2 2 2 2 2 2 2 2 2 2 2 2 2 2 2 2 2 2 2 2 2 2 2 2 2 2 2 2 2 2 2 2 2 2 2 2 2 2 2 2 2 2 2 2 2 2 2 2 2 2 2 2 2 2 2 2 2 2 2 2 2 2 2 2 2 2 2 2 2 2 1001 2 2 2 2 2 2 2 2 2 2 2 2 2 2 2 2 2 2 2 2 2 2 2 2 2 2 2 2 2 2 2 2 2 2 2 2 2 2 2 2 2 2 2 2 2 2 2 2 2 2 2 2 2 2 2 2 2 2 2 2 2 2 2 2 2 2 2 2 2 2 2 2 2 2 2 2 2 2 2 2 2 2 2 2 2 2 2 2 2 2 2 2 2 2 2 2 2 2 2 2 2 2 2 2 2 2 2 2 2 2 2 2 2 2 2 2 2 2 2 2 2 2 2 2 2 2 2 2 2 2 2 2 2 2 2 2 2 2 2 2 2 2 2 2 2 2 2
-1 0 1 2 -2 -1 0 1 2 -2 -1 0 1 2 -2 -1 0 1 2 -2 -1 0 1 2 -2 -1 0 1 2 -2 -1 0 1 2 -2 -1 0 1 2 -2 -1 0 1 2 -2 -1 0 1 2 -2 -1 0 1 2 -2 -1 0 1 2 -2 -1 0 1 2 -2 -1 0 1 2 -2 -1 0 1 2 -2 -1 0 1 2 -2 -1 0 1 2 -2 -1 0 1 2 -2 -1 0 1 2 -2 -1 0 1 2 -2 -1 0 1 2 -2 -1 0 1 2 -2 -1 0 1 2 -2 -1 0 1 2 -2 -1 0 1 2 -2 -1 0 1 2 -2 -1 0 1 2 -2 -1 0 1 2 -2 -1 0 1 2 -2 -1 0 1 2 -2 -1 0 1 2 -2 -1 0 1 2 -2 -1 0 1 2 -2 -1 0 1 2 -2 -1 0 1 2 -2 -1 0 1 2 -2 -1 0 1 2 -2 -1 0 1 2 -2 -1 0 1 2 -2 -1 0 1 2 -2 -1 0 1 2 -2 -1 0 1 2 -2 -1 0 1 2 -2 -1 0 1 2 -2 -1 0 1 2 -2 -1 0 1 2 -2 -1 0 1 2 -2 -1 0 1 2 -2 -1 0 1 2 -2 -1 0 1 2 -2 -1 0 1 2 -2 -1 0 1 2 -2 -1 0 1 2 -2 -1 0 1 2 -2 -1 0 1 2 -2 -1 0 1 2 -2 -1 0 1 2 -2 -1 0 1 2 -2 -1 0 1 2 -2 -1 0 1 2 -2 -1 0 1 2 -2 -1 0 1 2 -2 -1 0 1 2 -2 -1 0 1 2 -2 -1 0 1 2 -2 -1 0 1 2 -2 -1 0 1 2 -2 -1 0 1 2 -2 -1 0 1 2 -2 -1 0 1 2 -2 -1 0 1 601 -2 -1 0 1 2 -2 -1 0 1 2 -2 -1 0 1 2 -2 -1 0 1 2 -2 -1 0 1 2 -2 -1 0 1 2 -2 -1 0 1 2 -2 -1 0 1 2 -2 -1 0 1 2 -2 -1 0 1 2 -2 -1 0 1 2 -2 -1 0 1 2 -2 -1 0 1 2 -2 -1 0 1 2 -2 -1 0 1 2 -2 -1 0 1 2 -2 -1 0 1 2 -2 -1 0 1 2 -2 -1 0 1 2 -2 -1 0 1 2 -2 -1 0 1 2 -2 -1 0 1 2 -2 -1 0 1 2 -2 -1 0 1 2 -2 -1 0 1 2 -2 -1 0 1 2 -2 -1 0 1 2 -2 -1 0 1 2 -2 -1 0 1 2 -2
1 -2 0 2 -1 1 -2 0 2 -1 1 -2 0 2 -1 1 -2 0 2 -1 1 -2 0 2 -1 1 -2 0 2 -1 1 -2 0 2 -1 1 -2 0 2 -1 1 -2 0 2 -1 1 -2 0 2 -1 1 -2 0 2 -1 1 -2 0 2 -1 1 -2 0 2 -1 1 -2 0 2 -1 1 -2 0 2 -1 1 -2 0 2 -1 1 -2 0 2 -1 1 -2 0 2 -1 1 -2 0 2 -1 1 -2 0 2 -1 1 -2 0 2 -1 1 -2 0 2 -1 1 -2 0 2 -1 1 -2 0 2 -1 1 -2 0 2 -1 1 -2 0 2 -1 1 -2 0 2 -1 1 -2 0 2 -1 1 -2 0 2 -1 1 -2 0 2 -1 1 -2 0 2 -1 1 -2 0 2 -1 1 -2 0 2 -1 1 -2 0 2 -1 1 -2 0 2 -1 1 -2 0 2 -1 1 -2 0 2 -1 1 -2 0 2 -1 1 -2 0 2 -1 1 -2 0 2 -1 1 -2 0 2 -1 1 -2 0 2 -1 1 -2 0 2 -1 1 -2 0 2 -1 1 -2 0 2 -1 1 -2 0 2 -1 1 -2 0 2 -1 1 -2 0 2 -1 1 -2 0 2 -1 1 -2 0 2 -1 1 -2 0 2 -1 1 -2 0 2 -1 1 -2 0 2 -1 1 -2 0 2 -1 1 -2 0 2 -1 1 -2 0 2 -1 1 -2 0 2 -1 1 -2 0 2 -1 1 -2 0 2 -1 1 -2 0 2 -1 1 -2 0 2 -1 1 -2 0 2 -1 1 -2 0 2 -1 1 -2 0 2 -1 1 -2 0 2 -1 1 -2 0 2 -1 1 -2 0 2 -1 1 -2 0 2 -1 1 -2 0 2 -1 1 -2 0 2 -1 1 -2 0 2 602 1 -2 0 2 -1 1 -2 0 2 -1 1 -2 0 2 -1 1 -2 0 2 -1 1 -2 0 2 -1 1 -2 0 2 -1 1 -2 0 2 -1 1 -2 0 2 -1 1 -2 0 2 -1 1 -2 0 2 -1 1 -2 0 2 -1 1 -2 0 2 -1 1 -2 0 2 -1 1 -2 0 2 -1 1 -2 0 2 -1 1 -2 0 2 -1 1 -2 0 2 -1 1 -2 0 2 -1 1 -2 0 2 -1 1 -2 0 2 -1 1 -2 0 2 -1 1 -2 0 2 -1 1 -2 0 2 -1 1 -2 0 2 -1 1 -2 0 2 -1 1 -2 0 2 -1 1 -2 0 2 -1 1 -2 0 2 -1 1 -2 0 2 -1
-2 1 -1 2 0 -2 1 -1 2 0 -2 1 -1 2 0 -2 1 -1 2 0 -2 1 -1 2 0 -2 1 -1 2 0 -2 1 -1 2 0 -2 1 -1 2 0 -2 1 -1 2 0 -2 1 -1 2 0 -2 1 -1 2 0 -2 1 -1 2 0 -2 1 -1 2 0 -2 1 -1 2 0 -2 1 -1 2 0 -2 1 -1 2 0 -2 1 -1 2 0 -2 1 -1 2 0 -2 1 -1 2 0 -2 1 -1 2 0 -2 1 -1 2 0 -2 1 -1 2 0 -2 1 -1 2 0 -2 1 -1 2 0 -2 1 -1 2 0 -2 1 -1 2 0 -2 1 -1 2 0 -2 1 -1 2 0 -2 1 -1 2 0 -2 1 -1 2 0 -2 1 -1 2 0 -2 1 -1 2 0 -2 1 -1 2 0 -2 1 -1 2 0 -2 1 -1 2 0 -2 1 -1 2 0 -2 1 -1 2 0 -2 1 -1 2 0 -2 1 -1 2 0 -2 1 -1 2 0 -2 1 -1 2 0 -2 1 -1 2 0 -2 1 -1 2 0 -2 1 -1 2 0 -2 1 -1 2 0 -2 1 -1 2 0 -2 1 -1 2 0 -2 1 -1 2 0 -2 1 -1 2 0 -2 1 -1 2 0 -2 1 -1 2 0 -2 1 -1 2 0 -2 1 -1 2 0 -2 1 -1 2 0 -2 1 -1 2 0 -2 1 -1 2 0 -2 1 -1 2 0 -2 1 -1 2 0 -2 1 -1 2 0 -2 1 -1 2 0 -2 1 -1 2 0 -2 1 -1 2 0 -2 1 -1 2 0 -2 1 -1 2 0 -2 1 -1 2 0 -2 1 -1 2 0 -2 1 -1 2 0 -2 1 -1 2 0 -2 1 -1 2 0 -2 1 -1 2 0 -2 1 -1 2 0 601 1 -1 2 0 -2 1 -1 2 0 -2 1 -1 2 0 -2 1 -1 2 0 -2 1 -1 2 0 -2 1 -1 2 0 -2 1 -1 2 0 -2 1 -1 2 0 -2 1 -1 2 0 -2 1 -1 2 0 -2 1 -1 2 0 -2 1 -1 2 0 -2 1 -1 2 0 -2 1 -1 2 0 -2 1 -1 2 0 -2 1 -1 2 0 -2 1 -1 2 0 -2 1 -1 2 0 -2 1 -1 2 0 -2 1 -1 2 0 -2 1 -1 2 0 -2 1 -1 2 0 -2 1 -1 2 0 -2 1 -1 2 0 -2 1 -1 2 0 -2 1 -1 2 0 -2 1 -1 2 0 -2 1 -1 2 0 -2 1 -1 2 0
0 -1 -2 2 1 0 -1 -2 2 1 0 -1 -2 2 1 0 -1 -2 2 1 0 -1 -2 2 1 0 -1 -2 2 1 0 -1 -2 2 1 0 -1 -2 2 1 0 -1 -2 2 1 0 -1 -2 2 1 0 -1 -2 2 1 0 -1 -2 2 1 0 -1 -2 2 1 0 -1 -2 2 1 0 -1 -2 2 1 0 -1 -2 2 1 0 -1 -2 2 1 0 -1 -2 2 1 0 -1 -2 2 1 0 -1 -2 2 1 0 -1 -2 2 1 0 -1 -2 2 1 0 -1 -2 2 1 0 -1 -2 2 1 0 -1 -2 2 1 0 -1 -2 2 1 0 -1 -2 2 1 0 -1 -2 2 1 0 -1 -2 2 1 0 -1 -2 2 1 0 -1 -2 2 1 0 -1 -2 2 1 0 -1 -2 2 1 0 -1 -2 2 1 0 -1 -2 2 1 0 -1 -2 2 1 0 -1 -2 2 1 0 -1 -2 2 1 0 -1 -2 2 1 0 -1 -2 2 1 0 -1 -2 2 1 0 -1 -2 2 1 0 -1 -2 2 1 0 -1 -2 2 1 0 -1 -2 2 1 0 -1 -2 2 1 0 -1 -2 2 1 0 -1 -2 2 1 0 -1 -2 2 1 0 -1 -2 2 1 0 -1 -2 2 1 0 -1 -2 2 1 0 -1 -2 2 1 0 -1 -2 2 1 0 -1 -2 2 1 0 -1 -2 2 1 0 -1 -2 2 1 0 -1 -2 2 1 0 -1 -2 2 1 0 -1 -2 2 1 0 -1 -2 2 1 0 -1 -2 2 1 0 -1 -2 2 1 0 -1 -2 2 1 0 -1 -2 2 1 0 -1 -2 2 1 0 -1 -2 2 1 0 -1 -2 2 1 0 -1 -2 2 1 0 -1 -2 2 1 0 -1 -2 2 1 0 602 -2 2 1 0 -1 -2 2 1 0 -1 -2 2 1 0 -1 -2 2 1 0 -1 -2 2 1 0 -1 -2 2 1 0 -1 -2 2 1 0 -1 -2 2 1 0 -1 -2 2 1 0 -1 -2 2 1 0 -1 -2 2 1 0 -1 -2 2 1 0 -1 -2 2 1 0 -1 -2 2 1 0 -1 -2 2 1 0 -1 -2 2 1 0 -1 -2 2 1 0 -1 -2 2 1 0 -1 -2 2 1 0 -1 -2 2 1 0 -1 -2 2 1 0 -1 -2 2 1 0 -1 -2 2 1 0 -1 -2 2 1 0 -1 -2 2 1 0 -1 -2 2 1 0 -1 -2 2 1 0 -1 -2 2 1 0 -1 -2 2 1
2 2 2 2 2 2 2 2 2 2 2 2 2 2 2 2 2 2 2 2 2 2 2 2 2 2 2 2 2 2 2 2 2 2 2 2 2 2 2 2 2 2 2 2 2 2 2 2 2 2 2 2 2 2 2 2 2 2 2 2 2 2 2 2 2 2 2 2 2 2 2 2 2 2 2 2 2 2 2 2 2 2 2 2 2 2 2 2 2 2 2 2 2 2 2 2 2 2 2 2 2 2 2 2 2 2 2 2 2 2 2 2 2 2 2 2 2 2 2 2 2 2 2 2 2 2 2 2 2 2 2 2 2 2 2 2 2 2 2 2 2 2 2 2 2 2 2 2 2 2 2 2 2 2 2 2 2 2 2 2 2 2 2 2 2 2 2 2 2 2 2 2 2 2 2 2 2 2 2 2 2 2 2 2 2 2 2 2 2 2 2 2 2 2 2 2 2 2 2 2 2 2 2 2 2 2 2 2 2 2 2 2 2 2 2 2 2 2 2 2 2 2 2 2 2 2 2 2 2 2 2 2 2 2 2 2 2 2 2 2 2 2 2 2 2 2 2 2 2 2 2 2 2 2 2 2 2 2 2 2 2 2 2 2 2 2 2 2 2 2 2 2 2 2 2 2 2 2 2 2 2 2 2 2 2 2 2 2 2 2 2 2 2 2 2 2 2 2 2 2 2 2 2 2 2 2 2 2 2 2 2 2 2 2 2 2 2 2 2 2 2 2 2 2 2 2 2 2 2 2 2 2 2 2 2 2 2 2 2 2 2 2 2 2 2 2 2 2 2 2 2 2 2 2 2 2 2 1001 2 2 2 2 2 2 2 2 2 2 2 2 2 2 2 2 2 2 2 2 2 2 2 2 2 2 2 2 2 2 2 2 2 2 2 2 2 2 2 2 2 2 2 2 2 2 2 2 2 2 2 2 2 2 2 2 2 2 2 2 2 2 2 2 2 2 2 2 2 2 2 2 2 2 2 2 2 2 2 2 2 2 2 2 2 2 2 2 2 2 2 2 2 2 2 2 2 2 2 2 2 2 2 2 2 2 2 2 2 2 2 2 2 2 2 2 2 2 2 2 2 2 2 2 2 2 2 2 2 2 2 2 2 2 2 2 2 2 2 2 2 2
-1 0 1 2 -2 -1 0 1 2 -2 -1 0 1 2 -2 -1 0 1 2 -2 -1 0 1 2 -2 -1 0 1 2 -2 -1 0 1 2 -2 -1 0 1 2 -2 -1 0 1 2 -2 -1 0 1 2 -2 -1 0 1 2 -2 -1 0 1 2 -2 -1 0 1 2 -2 -1 0 1 2 -2 -1 0 1 2 -2 -1 0 1 2 -2 -1 0 1 2 -2 -1 0 1 2 -2 -1 0 1 2 -2 -1 0 1 2 -2 -1 0 1 2 -2 -1 0 1 2 -2 -1 0 1 2 -2 -1 0 1 2 -2 -1 0 1 2 -2 -1 0 1 2 -2 -1 0 1 2 -2 -1 0 1 2 -2 -1 0 1 2 -2 -1 0 1 2 -2 -1 0 1 2 -2 -1 0 1 2 -2 -1 0 1 2 -2 -1 0 1 2 -2 -1 0 1 2 -2 -1 0 1 2 -2 -1 0 1 2 -2 -1 0 1 2 -2 -1 0 1 2 -2 -1 0 1 2 -2 -1 0 1 2 -2 -1 0 1 2 -2 -1 0 1 2 -2 -1 0 1 2 -2 -1 0 1 2 -2 -1 0 1 2 -2 -1 0 1 2 -2 -1 0 1 2 -2 -1 0 1 2 -2 -1 0 1 2 -2 -1 0 1 2 -2 -1 0 1 2 -2 -1 0 1 2 -2 -1 0 1 2 -2 -1 0 1 2 -2 -1 0 1 2 -2 -1 0 1 2 -2 -1 0 1 2 -2 -1 0 1 2 -2 -1 0 1 2 -2 -1 0 1 2 -2 -1 0 1 2 -2 -1 0 1 2 -2 -1 0 1 2 -2 -1 0 1 2 -2 -1 0 1 2 -2 -1 0 1 2 -2 -1 0 1 2 -2 -1 0 1 2 -2 -1 0 1 2 -2 -1 0 1 2 -2 -1 0 1 601 -2 -1 0 1 2 -2 -1 0 1 2 -2 -1 0 1 2 -2 -1 0 1 2 -2 -1 0 1 2 -2 -1 0 1 2 -2 -1 0 1 2 -2 -1 0 1 2 -2 -1 0 1 2 -2 -1 0 1 2 -2 -1 0 1 2 -2 -1 0 1 2 -2 -1 0 1 2 -2 -1 0 1 2 -2 -1 0 1 2 -2 -1 0 1 2 -2 -1 0 1 2 -2 -1 0 1 2 -2 -1 0 1 2 -2 -1 0 1 2 -2 -1 0 1 2 -2 -1 0 1 2 -2 -1 0 1 2 -2 -1 0 1 2 -2 -1 0 1 2 -2 -1 0 1 2 -2 -1 0 1 2 -2 -1 0 1 2 -2
1 -2 0 2 -1 1 -2 0 2 -1 1 -2 0 2 -1 1 -2 0 2 -1 1 -2 0 2 -1 1 -2 0 2 -1 1 -2 0 2 -1 1 -2 0 2 -1 1 -2 0 2 -1 1 -2 0 2 -1 1 -2 0 2 -1 1 -2 0 2 -1 1 -2 0 2 -1 1 -2 0 2 -1 1 -2 0 2 -1 1 -2 0 2 -1 1 -2 0 2 -1 1 -2 0 2 -1 1 -2 0 2 -1 1 -2 0 2 -1 1 -2 0 2 -1 1 -2 0 2 -1 1 -2 0 2 -1 1 -2 0 2 -1 1 -2 0 2 -1 1 -2 0 2 -1 1 -2 0 2 -1 1 -2 0 2 -1 1 -2 0 2 -1 1 -2 0 2 -1 1 -2 0 2 -1 1 -2 0 2 -1 1 -2 0 2 -1 1 -2 0 2 -1 1 -2 0 2 -1 1 -2 0 2 -1 1 -2 0 2 -1 1 -2 0 2 -1 1 -2 0 2 -1 1 -2 0 2 -1 1 -2 0 2 -1 1 -2 0 2 -1 1 -2 0 2 -1 1 -2 0 2 -1 1 -2 0 2 -1 1 -2 0 2 -1 1 -2 0 2 -1 1 -2 0 2 -1 1 -2 0 2 -1 1 -2 0 2 -1 1 -2 0 2 -1 1 -2 0 2 -1 1 -2 0 2 -1 1 -2 0 2 -1 1 -2 0 2 -1 1 -2 0 2 -1 1 -2 0 2 -1 1 -2 0 2 -1 1 -2 0 2 -1 1 -2 0 2 -1 1 -2 0 2 -1 1 -2 0 2 -1 1 -2 0 2 -1 1 -2 0 2 -1 1 -2 0 2 -1 1 -2 0 2 -1 1 -2 0 2 -1 1 -2 0 2 -1 1 -2 0 2 -1 1 -2 0 2 -1 1 -2 0 2 -1 1 -2 0 2 602 1 -2 0 2 -1 1 -2 0 2 -1 1 -2 0 2 -1 1 -2 0 2 -1 1 -2 0 2 -1 1 -2 0 2 -1 1 -2 0 2 -1 1 -2 0 2 -1 1 -2 0 2 -1 1 -2 0 2 -1 1 -2 0 2 -1 1 -2 0 2 -1 1 -2 0 2 -1 1 -2 0 2 -1 1 -2 0 2 -1 1 -2 0 2 -1 1 -2 0 2 -1 1 -2 0 2 -1 1 -2 0 2 -1 1 -2 0 2 -1 1 -2 0 2 -1 1 -2 0 2 -1 1 -2 0 2 -1 1 -2 0 2 -1 1 -2 0 2 -1 1 -2 0 2 -1 1 -2 0 2 -1 1 -2 0 2 -1
-2 1 -1 2 0 -2 1 -1 2 0 -2 1 -1 2 0 -2 1 -1 2 0 -2 1 -1 2 0 -2 1 -1 2 0 -2 1 -1 2 0 -2 1 -1 2 0 -2 1 -1 2 0 -2 1 -1 2 0 -2 1 -1 2 0 -2 1 -1 2 0 -2 1 -1 2 0 -2 1 -1 2 0 -2 1 -1 2 0 -2 1 -1 2 0 -2 1 -1 2 0 -2 1 -1 2 0 -2 1 -1 2 0 -2 1 -1 2 0 -2 1 -1 2 0 -2 1 -1 2 0 -2 1 -1 2 0 -2 1 -1 2 0 -2 1 -1 2 0 -2 1 -1 2 0 -2 1 -1 2 0 -2 1 -1 2 0 -2 1 -1 2 0 -2 1 -1 2 0 -2 1 -1 2 0 -2 1 -1 2 0 -2 1 -1 2 0 -2 1 -1 2 0 -2 1 -1 2 0 -2 1 -1 2 0 -2 1 -1 2 0 -2 1 -1 2 0 -2 1 -1 2 0 -2 1 -1 2 0 -2 1 -1 2 0 -2 1 -1 2 0 -2 1 -1 2 0 -2 1 -1 2 0 -2 1 -1 2 0 -2 1 -1 2 0 -2 1 -1 2 0 -2 1 -1 2 0 -2 1 -1 2 0 -2 1 -1 2 0 -2 1 -1 2 0 -2 1 -1 2 0 -2 1 -1 2 0 -2 1 -1 2 0 -2 1 -1 2 0 -2 1 -1 2 0 -2 1 -1 2 0 -2 1 -1 2 0 -2 1 -1 2 0 -2 1 -1 2 0 -2 1 -1 2 0 -2 1 -1 2 0 -2 1 -1 2 0 -2 1 -1 2 0 -2 1 -1 2 0 -2 1 -1 2 0 -2 1 -1 2 0 -2 1 -1 2 0 -2 1 -1 2 0 -2 1 -1 2 0 -2 1 -1 2 0 -2 1 -1 2 0 601 1 -1 2 0 -2 1 -1 2 0 -2 1 -1 2 0 -2 1 -1 2 0 -2 1 -1 2 0 -2 1 -1 2 0 -2 1 -1 2 0 -2 1 -1 2 0 -2 1 -1 2 0 -2 1 -1 2 0 -2 1 -1 2 0 -2 1 -1 2 0 -2 1 -1 2 0 -2 1 -1 2 0 -2 1 -1 2 0 -2 1 -1 2 0 -2 1 -1 2 0 -2 1 -1 2 0 -2 1 -1 2 0 -2 1 -1 2 0 -2 1 -1 2 0 -2 1 -1 2 0 -2 1 -1 2 0 -2 1 -1 2 0 -2 1 -1 2 0 -2 1 -1 2 0 -2 1 -1 2 0 -2 1 -1 2 0
0 -1 -2 2 1 0 -1 -2 2 1 0 -1 -2 2 1 0 -1 -2 2 1 0 -1 -2 2 1 0 -1 -2 2 1 0 -1 -2 2 1 0 -1 -2 2 1 0 -1 -2 2 1 0 -1 -2 2 1 0 -1 -2 2 1 0 -1 -2 2 1 0 -1 -2 2 1 0 -1 -2 2 1 0 -1 -2 2 1 0 -1 -2 2 1 0 -1 -2 2 1 0 -1 -2 2 1 0 -1 -2 2 1 0 -1 -2 2 1 0 -1 -2 2 1 0 -1 -2 2 1 0 -1 -2 2 1 0 -1 -2 2 1 0 -1 -2 2 1 0 -1 -2 2 1 0 -1 -2 2 1 0 -1 -2 2 1 0 -1 -2 2 1 0 -1 -2 2 1 0 -1 -2 2 1 0 -1 -2 2 1 0 -1 -2 2 1 0 -1 -2 2 1 0 -1 -2 2 1 0 -1 -2 2 1 0 -1 -2 2 1 0 -1 -2 2 1 0 -1 -2 2 1 0 -1 -2 2 1 0 -1 -2 2 1 0 -1 -2 2 1 0 -1 -2 2 1 0 -1 -2 2 1 0 -1 -2 2 1 0 -1 -2 2 1 0 -1 -2 2 1 0 -1 -2 2 1 0 -1 -2 2 1 0 -1 -2 2 1 0 -1 -2 2 1 0 -1 -2 2 1 0 -1 -2 2 1 0 -1 -2 2 1 0 -1 -2 2 1 0 -1 -2 2 1 0 -1 -2 2 1 0 -1 -2 2 1 0 -1 -2 2 1 0 -1 -2 2 1 0 -1 -2 2 1 0 -1 -2 2 1 0 -1 -2 2 1 0 -1 -2 2 1 0 -1 -2 2 1 0 -1 -2 2 1 0 -1 -2 2 1 0 -1 -2 2 1 0 -1 -2 2 1 0 -1 -2 2 1 0 -1 -2 2 1 0 -1 -2 2 1 0 602 -2 2 1 0 -1 -2 2 1 0 -1 -2 2 1 0 -1 -2 2 1 0 -1 -2 2 1 0 -1 -2 2 1 0 -1 -2 2 1 0 -1 -2 2 1 0 -1 -2 2 1 0 -1 -2 2 1 0 -1 -2 2 1 0 -1 -2 2 1 0 -1 -2 2 1 0 -1 -2 2 1 0 -1 -2 2 1 0 -1 -2 2 1 0 -1 -2 2 1 0 -1 -2 2 1 0 -1 -2 2 1 0 -1 -2 2 1 0 -1 -2 2 1 0 -1 -2 2 1 0 -1 -2 2 1 0 -1 -2 2 1 0 -1 -2 2 1 0 -1 -2 2 1 0 -1 -2 2 1 0 -1 -2 2 1
2 2 2 2 2 2 2 2 2 2 2 2 2 2 2 2 2 2 2 2 2 2 2 2 2 2 2 2 2 2 2 2 2 2 2 2 2 2 2 2 2 2 2 2 2 2 2 2 2 2 2 2 2 2 2 2 2 2 2 2 2 2 2 2 2 2 2 2 2 2 2 2 2 2 2 2 2 2 2 2 2 2 2 2 2 2 2 2 2 2 2 2 2 2 2 2 2 2 2 2 2 2 2 2 2 2 2 2 2 2 2 2 2 2 2 2 2 2 2 2 2 2 2 2 2 2 2 2 2 2 2 2 2 2 2 2 2 2 2 2 2 2 2 2 2 2 2 2 2 2 2 2 2 2 2 2 2 2 2 2 2 2 2 2 2 2 2 2 2 2 2 2 2 2 2 2 2 2 2 2 2 2 2 2 2 2 2 2 2 2 2 2 2 2 2 2 2 2 2 2 2 2 2 2 2 2 2 2 2 2 2 2 2 2 2 2 2 2 2 2 2 2 2 2 2 2 2 2 2 2 2 2 2 2 2 2 2 2 2 2 2 2 2 2 2 2 2 2 2 2 2 2 2 2 2 2 2 2 2 2 2 2 2 2 2 2 2 2 2 2 2 2 2 2 2 2 2 2 2 2 2 2 2 2 2 2 2 2 2 2 2 2 2 2 2 2 2 2 2 2 2 2 2 2 2 2 2 2 2 2 2 2 2 2 2 2 2 2 2 2 2 2 2 2 2 2 2 2 2 2 2 2 2 2 2 2 2 2 2 2 2 2 2 2 2 2 2 2 2 2 2 2 2 2 2 2 2 2 2 2 2 2 1001 2 2 2 2 2 2 2 2 2 2 2 2 2 2 2 2 2 2 2 2 2 2 2 2 2 2 2 2 2 2 2 2 2 2 2 2 2 2 2 2 2 2 2 2 2 2 2 2 2 2 2 2 2 2 2 2 2 2 2 2 2 2 2 2 2 2 2 2 2 2 2 2 2 2 2 2 2 2 2 2 2 2 2 2 2 2 2 2 2 2 2 2 2 2 2 2 2 2 2 2 2 2 2 2 2 2 2 2 2 2 2 2 2 2 2 2 2 2 2 2 2 2 2 2 2 2 2 2 2 2 2 2 2 2 2 2 2
-1 0 1 2 -2 -1 0 1 2 -2 -1 0 1 2 -2 -1 0 1 2 -2 -1 0 1 2 -2 -1 0 1 2 -2 -1 0 1 2 -2 -1 0 1 2 -2 -1 0 1 2 -2 -1 0 1 2 -2 -1 0 1 2 -2 -1 0 1 2 -2 -1 0 1 2 -2 -1 0 1 2 -2 -1 0 1 2 -2 -1 0 1 2 -2 -1 0 1 2 -2 -1 0 1 2 -2 -1 0 1 2 -2 -1 0 1 2 -2 -1 0 1 2 -2 -1 0 1 2 -2 -1 0 1 2 -2 -1 0 1 2 -2 -1 0 1 2 -2 -1 0 1 2 -2 -1 0 1 2 -2 -1 0 1 2 -2 -1 0 1 2 -2 -1 0 1 2 -2 -1 0 1 2 -2 -1 0 1 2 -2 -1 0 1 2 -2 -1 0 1 2 -2 -1 0 1 2 -2 -1 0 1 2 -2 -1 0 1 2 -2 -1 0 1 2 -2 -1 0 1 2 -2 -1 0 1 2 -2 -1 0 1 2 -2 -1 0 1 2 -2 -1 0 1 2 -2 -1 0 1 2 -2 -1 0 1 2 -2 -1 0 1 2 -2 -1 0 1 2 -2 -1 0 1 2 -2 -1 0 1 2 -2 -1 0 1 2 -2 -1 0 1 2 -2 -1 0 1 2 -2 -1 0 1 2 -2 -1 0 1 2 -2 -1 0 1 2 -2 -1 0 1 2 -2 -1 0 1 2 -2 -1 0 1 2 -2 -1 0 1 2 -2 -1 0 1 2 -2 -1 0 1 2 -2 -1 0 1 2 -2 -1 0 1 2 -2 -1 0 1 2 -2 -1 0 1 2 -2 -1 0 1 2 -2 -1 0 1 2 -2 -1 0 1 2 -2 -1 0 1 2 -2 -1 0 1 2 -2 -1 0 1 2 -2 -1 0 1 2 -2 -1 0 1 601 -2 -1 0 1 2 -2 -1 0 1 2 -2 -1 0 1 2 -2 -1 0 1 2 -2 -1 0 1 2 -2 -1 0 1 2 -2 -1 0 1 2 -2 -1 0 1 2 -2 -1 0 1 2 -2 -1 0 1 2 -2 -1 0 1 2 -2 -1 0 1 2 -2 -1 0 1 2 -2 -1 0 1 2 -2 -1 0 1 2 -2 -1 0 1 2 -2 -1 0 1 2 -2 -1 0 1 2 -2 -1 0 1 2 -2 -1 0 1 2 -2 -1 0 1 2 -2 -1 0 1 2 -2 -1 0 1 2 -2 -1 0 1 2 -2 -1 0 1 2 -2 -1 0 1 2 -2 -1 0 1 2 -2
1 -2 0 2 -1 1 -2 0 2 -1 1 -2 0 2 -1 1 -2 0 2 -1 1 -2 0 2 -1 1 -2 0 2 -1 1 -2 0 2 -1 1 -2 0 2 -1 1 -2 0 2 -1 1 -2 0 2 -1 1 -2 0 2 -1 1 -2 0 2 -1 1 -2 0 2 -1 1 -2 0 2 -1 1 -2 0 2 -1 1 -2 0 2 -1 1 -2 0 2 -1 1 -2 0 2 -1 1 -2 0 2 -1 1 -2 0 2 -1 1 -2 0 2 -1 1 -2 0 2 -1 1 -2 0 2 -1 1 -2 0 2 -1 1 -2 0 2 -1 1 -2 0 2 -1 1 -2 0 2 -1 1 -2 0 2 -1 1 -2 0 2 -1 1 -2 0 2 -1 1 -2 0 2 -1 1 -2 0 2 -1 1 -2 0 2 -1 1 -2 0 2 -1 1 -2 0 2 -1 1 -2 0 2 -1 1 -2 0 2 -1 1 -2 0 2 -1 1 -2 0 2 -1 1 -2 0 2 -1 1 -2 0 2 -1 1 -2 0 2 -1 1 -2 0 2 -1 1 -2 0 2 -1 1 -2 0 2 -1 1 -2 0 2 -1 1 -2 0 2 -1 1 -2 0 2 -1 1 -2 0 2 -1 1 -2 0 2 -1 1 -2 0 2 -1 1 -2 0 2 -1 1 -2 0 2 -1 1 -2 0 2 -1 1 -2 0 2 -1 1 -2 0 2 -1 1 -2 0 2 -1 1 -2 0 2 -1 1 -2 0 2 -1 1 -2 0 2 -1 1 -2 0 2 -1 1 -2 0 2 -1 1 -2 0 2 -1 1 -2 0 2 -1 1 -2 0 2 -1 1 -2 0 2 -1 1 -2 0 2 -1 1 -2 0 2 -1 1 -2 0 2 -1 1 -2 0 2 -1 1 -2 0 2 -1 1 -2 0 2 -1 1 -2 0 2 602 1 -2 0 2 -1 1 -2 0 2 -1 1 -2 0 2 -1 1 -2 0 2 -1 1 -2 0 2 -1 1 -2 0 2 -1 1 -2 0 2 -1 1 -2 0 2 -1 1 -2 0 2 -1 1 -2 0 2 -1 1 -2 0 2 -1 1 -2 0 2 -1 1 -2 0 2 -1 1 -2 0 2 -1 1 -2 0 2 -1 1 -2 0 2 -1 1 -2 0 2 -1 1 -2 0 2 -1 1 -2 0 2 -1 1 -2 0 2 -1 1 -2 0 2 -1 1 -2 0 2 -1 1 -2 0 2 -1 1 -2 0 2 -1 1 -2 0 2 -1 1 -2 0 2 -1 1 -2 0 2 -1
-2 1 -1 2 0 -2 1 -1 2 0 -2 1 -1 2 0 -2 1 -1 2 0 -2 1 -1 2 0 -2 1 -1 2 0 -2 1 -1 2 0 -2 1 -1 2 0 -2 1 -1 2 0 -2 1 -1 2 0 -2 1 -1 2 0 -2 1 -1 2 0 -2 1 -1 2 0 -2 1 -1 2 0 -2 1 -1 2 0 -2 1 -1 2 0 -2 1 -1 2 0 -2 1 -1 2 0 -2 1 -1 2 0 -2 1 -1 2 0 -2 1 -1 2 0 -2 1 -1 2 0 -2 1 -1 2 0 -2 1 -1 2 0 -2 1 -1 2 0 -2 1 -1 2 0 -2 1 -1 2 0 -2 1 -1 2 0 -2 1 -1 2 0 -2 1 -1 2 0 -2 1 -1 2 0 -2 1 -1 2 0 -2 1 -1 2 0 -2 1 -1 2 0 -2 1 -1 2 0 -2 1 -1 2 0 -2 1 -1 2 0 -2 1 -1 2 0 -2 1 -1 2 0 -2 1 -1 2 0 -2 1 -1 2 0 -2 1 -1 2 0 -2 1 -1 2 0 -2 1 -1 2 0 -2 1 -1 2 0 -2 1 -1 2 0 -2 1 -1 2 0 -2 1 -1 2 0 -2 1 -1 2 0 -2 1 -1 2 0 -2 1 -1 2 0 -2 1 -1 2 0 -2 1 -1 2 0 -2 1 -1 2 0 -2 1 -1 2 0 -2 1 -1 2 0 -2 1 -1 2 0 -2 1 -1 2 0 -2 1 -1 2 0 -2 1 -1 2 0 -2 1 -1 2 0 -2 1 -1 2 0 -2 1 -1 2 0 -2 1 -1 2 0 -2 1 -1 2 0 -2 1 -1 2 0 -2 1 -1 2 0 -2 1 -1 2 0 -2 1 -1 2 0 -2 1 -1 2 0 -2 1 -1 2 0 -2 1 -1 2 0 -2 1 -1 2 0 601 1 -1 2 0 -2 1 -1 2 0 -2 1 -1 2 0 -2 1 -1 2 0 -2 1 -1 2 0 -2 1 -1 2 0 -2 1 -1 2 0 -2 1 -1 2 0 -2 1 -1 2 0 -2 1 -1 2 0 -2 1 -1 2 0 -2 1 -1 2 0 -2 1 -1 2 0 -2 1 -1 2 0 -2 1 -1 2 0 -2 1 -1 2 0 -2 1 -1 2 0 -2 1 -1 2 0 -2 1 -1 2 0 -2 1 -1 2 0 -2 1 -1 2 0 -2 1 -1 2 0 -2 1 -1 2 0 -2 1 -1 2 0 -2 1 -1 2 0 -2 1 -1 2 0 -2 1 -1 2 0
0 -1 -2 2 1 0 -1 -2 2 1 0 -1 -2 2 1 0 -1 -2 2 1 0 -1 -2 2 1 0 -1 -2 2 1 0 -1 -2 2 1 0 -1 -2 2 1 0 -1 -2 2 1 0 -1 -2 2 1 0 -1 -2 2 1 0 -1 -2 2 1 0 -1 -2 2 1 0 -1 -2 2 1 0 -1 -2 2 1 0 -1 -2 2 1 0 -1 -2 2 1 0 -1 -2 2 1 0 -1 -2 2 1 0 -1 -2 2 1 0 -1 -2 2 1 0 -1 -2 2 1 0 -1 -2 2 1 0 -1 -2 2 1 0 -1 -2 2 1 0 -1 -2 2 1 0 -1 -2 2 1 0 -1 -2 2 1 0 -1 -2 2 1 0 -1 -2 2 1 0 -1 -2 2 1 0 -1 -2 2 1 0 -1 -2 2 1 0 -1 -2 2 1 0 -1 -2 2 1 0 -1 -2 2 1 0 -1 -2 2 1 0 -1 -2 2 1 0 -1 -2 2 1 0 -1 -2 2 1 0 -1 -2 2 1 0 -1 -2 2 1 0 -1 -2 2 1 0 -1 -2 2 1 0 -1 -2 2 1 0 -1 -2 2 1 0 -1 -2 2 1 0 -1 -2 2 1 0 -1 -2 2 1 0 -1 -2 2 1 0 -1 -2 2 1 0 -1 -2 2 1 0 -1 -2 2 1 0 -1 -2 2 1 0 -1 -2 2 1 0 -1 -2 2 1 0 -1 -2 2 1 0 -1 -2 2 1 0 -1 -2 2 1 0 -1 -2 2 1 0 -1 -2 2 1 0 -1 -2 2 1 0 -1 -2 2 1 0 -1 -2 2 1 0 -1 -2 2 1 0 -1 -2 2 1 0 -1 -2 2 1 0 -1 -2 2 1 0 -1 -2 2 1 0 -1 -2 2 1 0 -1 -2 2 1 0 -1 -2 2 1 0 -1 -2 2 1 0 602 -2 2 1 0 -1 -2 2 1 0 -1 -2 2 1 0 -1 -2 2 1 0 -1 -2 2 1 0 -1 -2 2 1 0 -1 -2 2 1 0 -1 -2 2 1 0 -1 -2 2 1 0 -1 -2 2 1 0 -1 -2 2 1 0 -1 -2 2 1 0 -1 -2 2 1 0 -1 -2 2 1 0 -1 -2 2 1 0 -1 -2 2 1 0 -1 -2 2 1 0 -1 -2 2 1 0 -1 -2 2 1 0 -1 -2 2 1 0 -1 -2 2 1 0 -1 -2 2 1 0 -1 -2 2 1 0 -1 -2 2 1 0 -1 -2 2 1 0 -1 -2 2 1 0 -1 -2 2 1
2 2 2 2 2 2 2 2 2 2 2 2 2 2 2 2 2 2 2 2 2 2 2 2 2 2 2 2 2 2 2 2 2 2 2 2 2 2 2 2 2 2 2 2 2 2 2 2 2 2 2 2 2 2 2 2 2 2 2 2 2 2 2 2 2 2 2 2 2 2 2 2 2 2 2 2 2 2 2 2 2 2 2 2 2 2 2 2 2 2 2 2 2 2 2 2 2 2 2 2 2 2 2 2 2 2 2 2 2 2 2 2 2 2 2 2 2 2 2 2 2 2 2 2 2 2 2 2 2 2 2 2 2 2 2 2 2 2 2 2 2 2 2 2 2 2 2 2 2 2 2 2 2 2 2 2 2 2 2 2 2 2 2 2 2 2 2 2 2 2 2 2 2 2 2 2 2 2 2 2 2 2 2 2 2 2 2 2 2 2 2 2 2 2 2 2 2 2 2 2 2 2 2 2 2 2 2 2 2 2 2 2 2 2 2 2 2 2 2 2 2 2 2 2 2 2 2 2 2 2 2 2 2 2 2 2 2 2 2 2 2 2 2 2 2 2 2 2 2 2 2 2 2 2 2 2 2 2 2 2 2 2 2 2 2 2 2 2 2 2 2 2 2 2 2 2 2 2 2 2 2 2 2 2 2 2 2 2 2 2 2 2 2 2 2 2 2 2 2 2 2 2 2 2 2 2 2 2 2 2 2 2 2 2 2 2 2 2 2 2 2 2 2 2 2 2 2 2 2 2 2 2 2 2 2 2 2 2 2 2 2 2 2 2 2 2 2 2 2 2 2 2 2 2 2 2 2 2 2 2 2 2 2 2 2 2 2 1001 2 2 2 2 2 2 2 2 2 2 2 2 2 2 2 2 2 2 2 2 2 2 2 2 2 2 2 2 2 2 2 2 2 2 2 2 2 2 2 2 2 2 2 2 2 2 2 2 2 2 2 2 2 2 2 2 2 2 2 2 2 2 2 2 2 2 2 2 2 2 2 2 2 2 2 2 2 2 2 2 2 2 2 2 2 2 2 2 2 2 2 2 2 2 2 2 2 2 2 2 2 2 2 2 2 2 2 2 2 2 2 2 2 2 2 2 2 2 2 2 2 2 2 2 2 2 2 2 2 2 2 2
-1 0 1 2 -2 -1 0 1 2 -2 -1 0 1 2 -2 -1 0 1 2 -2 -1 0 1 2 -2 -1 0 1 2 -2 -1 0 1 2 -2 -1 0 1 2 -2 -1 0 1 2 -2 -1 0 1 2 -2 -1 0 1 2 -2 -1 0 1 2 -2 -1 0 1 2 -2 -1 0 1 2 -2 -1 0 1 2 -2 -1 0 1 2 -2 -1 0 1 2 -2 -1 0 1 2 -2 -1 0 1 2 -2 -1 0 1 2 -2 -1 0 1 2 -2 -1 0 1 2 -2 -1 0 1 2 -2 -1 0 1 2 -2 -1 0 1 2 -2 -1 0 1 2 -2 -1 0 1 2 -2 -1 0 1 2 -2 -1 0 1 2 -2 -1 0 1 2 -2 -1 0 1 2 -2 -1 0 1 2 -2 -1 0 1 2 -2 -1 0 1 2 -2 -1 0 1 2 -2 -1 0 1 2 -2 -1 0 1 2 -2 -1 0 1 2 -2 -1 0 1 2 -2 -1 0 1 2 -2 -1 0 1 2 -2 -1 0 1 2 -2 -1 0 1 2 -2 -1 0 1 2 -2 -1 0 1 2 -2 -1 0 1 2 -2 -1 0 1 2 -2 -1 0 1 2 -2 -1 0 1 2 -2 -1 0 1 2 -2 -1 0 1 2 -2 -1 0 1 2 -2 -1 0 1 2 -2 -1 0 1 2 -2 -1 0 1 2 -2 -1 0 1 2 -2 -1 0 1 2 -2 -1 0 1 2 -2 -1 0 1 2 -2 -1 0 1 2 -2 -1 0 1 2 -2 -1 0 1 2 -2 -1 0 1 2 -2 -1 0 1 2 -2 -1 0 1 2 -2 -1 0 1 2 -2 -1 0 1 2 -2 -1 0 1 2 -2 -1 0 1 2 -2 -1 0 1 2 -2 -1 0 1 2 -2 -1 0 1 2 -2 -1 0 1 2 -2 -1 0 1 601 -2 -1 0 1 2 -2 -1 0 1 2 -2 -1 0 1 2 -2 -1 0 1 2 -2 -1 0 1 2 -2 -1 0 1 2 -2 -1 0 1 2 -2 -1 0 1 2 -2 -1 0 1 2 -2 -1 0 1 2 -2 -1 0 1 2 -2 -1 0 1 2 -2 -1 0 1 2 -2 -1 0 1 2 -2 -1 0 1 2 -2 -1 0 1 2 -2 -1 0 1 2 -2 -1 0 1 2 -2 -1 0 1 2 -2 -1 0 1 2 -2 -1 0 1 2 -2 -1 0 1 2 -2 -1 0 1 2 -2 -1 0 1 2 -2 -1 0 1 2 -2 -1 0 1 2 -2
1 -2 0 2 -1 1 -2 0 2 -1 1 -2 0 2 -1 1 -2 0 2 -1 1 -2 0 2 -1 1 -2 0 2 -1 1 -2 0 2 -1 1 -2 0 2 -1 1 -2 0 2 -1 1 -2 0 2 -1 1 -2 0 2 -1 1 -2 0 2 -1 1 -2 0 2 -1 1 -2 0 2 -1 1 -2 0 2 -1 1 -2 0 2 -1 1 -2 0 2 -1 1 -2 0 2 -1 1 -2 0 2 -1 1 -2 0 2 -1 1 -2 0 2 -1 1 -2 0 2 -1 1 -2 0 2 -1 1 -2 0 2 -1 1 -2 0 2 -1 1 -2 0 2 -1 1 -2 0 2 -1 1 -2 0 2 -1 1 -2 0 2 -1 1 -2 0 2 -1 1 -2 0 2 -1 1 -2 0 2 -1 1 -2 0 2 -1 1 -2 0 2 -1 1 -2 0 2 -1 1 -2 0 2 -1 1 -2 0 2 -1 1 -2 0 2 -1 1 -2 0 2 -1 1 -2 0 2 -1 1 -2 0 2 -1 1 -2 0 2 -1 1 -2 0 2 -1 1 -2 0 2 -1 1 -2 0 2 -1 1 -2 0 2 -1 1 -2 0 2 -1 1 -2 0 2 -1 1 -2 0 2 -1 1 -2 0 2 -1 1 -2 0 2 -1 1 -2 0 2 -1 1 -2 0 2 -1 1 -2 0 2 -1 1 -2 0 2 -1 1 -2 0 2 -1 1 -2 0 2 -1 1 -2 0 2 -1 1 -2 0 2 -1 1 -2 0 2 -1 1 -2 0 2 -1 1 -2 0 2 -1 1 -2 0 2 -1 1 -2 0 2 -1 1 -2 0 2 -1 1 -2 0 2 -1 1 -2 0 2 -1 1 -2 0 2 -1 1 -2 0 2 -1 1 -2 0 2 -1 1 -2 0 2 -1 1 -2 0 2 -1 1 -2 0 2 -1 1 -2 0 2 602 1 -2 0 2 -1 1 -2 0 2 -1 1 -2 0 2 -1 1 -2 0 2 -1 1 -2 0 2 -1 1 -2 0 2 -1 1 -2 0 2 -1 1 -2 0 2 -1 1 -2 0 2 -1 1 -2 0 2 -1 1 -2 0 2 -1 1 -2 0 2 -1 1 -2 0 2 -1 1 -2 0 2 -1 1 -2 0 2 -1 1 -2 0 2 -1 1 -2 0 2 -1 1 -2 0 2 -1 1 -2 0 2 -1 1 -2 0 2 -1 1 -2 0 2 -1 1 -2 0 2 -1 1 -2 0 2 -1 1 -2 0 2 -1 1 -2 0 2 -1 1 -2 0 2 -1
-2 1 -1 2 0 -2 1 -1 2 0 -2 1 -1 2 0 -2 1 -1 2 0 -2 1 -1 2 0 -2 1 -1 2 0 -2 1 -1 2 0 -2 1 -1 2 0 -2 1 -1 2 0 -2 1 -1 2 0 -2 1 -1 2 0 -2 1 -1 2 0 -2 1 -1 2 0 -2 1 -1 2 0 -2 1 -1 2 0 -2 1 -1 2 0 -2 1 -1 2 0 -2 1 -1 2 0 -2 1 -1 2 0 -2 1 -1 2 0 -2 1 -1 2 0 -2 1 -1 2 0 -2 1 -1 2 0 -2 1 -1 2 0 -2 1 -1 2 0 -2 1 -1 2 0 -2 1 -1 2 0 -2 1 -1 2 0 -2 1 -1 2 0 -2 1 -1 2 0 -2 1 -1 2 0 -2 1 -1 2 0 -2 1 -1 2 0 -2 1 -1 2 0 -2 1 -1 2 0 -2 1 -1 2 0 -2 1 -1 2 0 -2 1 -1 2 0 -2 1 -1 2 0 -2 1 -1 2 0 -2 1 -1 2 0 -2 1 -1 2 0 -2 1 -1 2 0 -2 1 -1 2 0 -2 1 -1 2 0 -2 1 -1 2 0 -2 1 -1 2 0 -2 1 -1 2 0 -2 1 -1 2 0 -2 1 -1 2 0 -2 1 -1 2 0 -2 1 -1 2 0 -2 1 -1 2 0 -2 1 -1 2 0 -2 1 -1 2 0 -2 1 -1 2 0 -2 1 -1 2 0 -2 1 -1 2 0 -2 1 -1 2 0 -2 1 -1 2 0 -2 1 -1 2 0 -2 1 -1 2 0 -2 1 -1 2 0 -2 1 -1 2 0 -2 1 -1 2 0 -2 1 -1 2 0 -2 1 -1 2 0 -2 1 -1 2 0 -2 1 -1 2 0 -2 1 -1 2 0 -2 1 -1 2 0 -2 1 -1 2 0 -2 1 -1 2 0 -2 1 -1 2 0 601 1 -1 2 0 -2 1 -1 2 0 -2 1 -1 2 0 -2 1 -1 2 0 -2 1 -1 2 0 -2 1 -1 2 0 -2 1 -1 2 0 -2 1 -1 2 0 -2 1 -1 2 0 -2 1 -1 2 0 -2 1 -1 2 0 -2 1 -1 2 0 -2 1 -1 2 0 -2 1 -1 2 0 -2 1 -1 2 0 -2 1 -1 2 0 -2 1 -1 2 0 -2 1 -1 2 0 -2 1 -1 2 0 -2 1 -1 2 0 -2 1 -1 2 0 -2 1 -1 2 0 -2 1 -1 2 0 -2 1 -1 2 0 -2 1 -1 2 0 -2 1 -1 2 0
0 -1 -2 2 1 0 -1 -2 2 1 0 -1 -2 2 1 0 -1 -2 2 1 0 -1 -2 2 1 0 -1 -2 2 1 0 -1 -2 2 1 0 -1 -2 2 1 0 -1 -2 2 1 0 -1 -2 2 1 0 -1 -2 2 1 0 -1 -2 2 1 0 -1 -2 2 1 0 -1 -2 2 1 0 -1 -2 2 1 0 -1 -2 2 1 0 -1 -2 2 1 0 -1 -2 2 1 0 -1 -2 2 1 0 -1 -2 2 1 0 -1 -2 2 1 0 -1 -2 2 1 0 -1 -2 2 1 0 -1 -2 2 1 0 -1 -2 2 1 0 -1 -2 2 1 0 -1 -2 2 1 0 -1 -2 2 1 0 -1 -2 2 1 0 -1 -2 2 1 0 -1 -2 2 1 0 -1 -2 2 1 0 -1 -2 2 1 0 -1 -2 2 1 0 -1 -2 2 1 0 -1 -2 2 1 0 -1 -2 2 1 0 -1 -2 2 1 0 -1 -2 2 1 0 -1 -2 2 1 0 -1 -2 2 1 0 -1 -2 2 1 0 -1 -2 2 1 0 -1 -2 2 1 0 -1 -2 2 1 0 -1 -2 2 1 0 -1 -2 2 1 0 -1 -2 2 1 0 -1 -2 2 1 0 -1 -2 2 1 0 -1 -2 2 1 0 -1 -2 2 1 0 -1 -2 2 1 0 -1 -2 2 1 0 -1 -2 2 1 0 -1 -2 2 1 0 -1 -2 2 1 0 -1 -2 2 1 0 -1 -2 2 1 0 -1 -2 2 1 0 -1 -2 2 1 0 -1 -2 2 1 0 -1 -2 2 1 0 -1 -2 2 1 0 -1 -2 2 1 0 -1 -2 2 1 0 -1 -2 2 1 0 -1 -2 2 1 0 -1 -2 2 1 0 -1 -2 2 1 0 -1 -2 2 1 0 -1 -2 2 1 0 -1 -2 2 1 0 -1 -2 2 1 0 602 -2 2 1 0 -1 -2 2 1 0 -1 -2 2 1 0 -1 -2 2 1 0 -1 -2 2 1 0 -1 -2 2 1 0 -1 -2 2 1 0 -1 -2 2 1 0 -1 -2 2 1 0 -1 -2 2 1 0 -1 -2 2 1 0 -1 -2 2 1 0 -1 -2 2 1 0 -1 -2 2 1 0 -1 -2 2 1 0 -1 -2 2 1 0 -1 -2 2 1 0 -1 -2 2 1 0 -1 -2 2 1 0 -1 -2 2 1 0 -1 -2 2 1 0 -1 -2 2 1 0 -1 -2 2 1 0 -1 -2 2 1 0 -1 -2 2 1 0 -1 -2 2 1
2 2 2 2 2 2 2 2 2 2 2 2 2 2 2 2 2 2 2 2 2 2 2 2 2 2 2 2 2 2 2 2 2 2 2 2 2 2 2 2 2 2 2 2 2 2 2 2 2 2 2 2 2 2 2 2 2 2 2 2 2 2 2 2 2 2 2 2 2 2 2 2 2 2 2 2 2 2 2 2 2 2 2 2 2 2 2 2 2 2 2 2 2 2 2 2 2 2 2 2 2 2 2 2 2 2 2 2 2 2 2 2 2 2 2 2 2 2 2 2 2 2 2 2 2 2 2 2 2 2 2 2 2 2 2 2 2 2 2 2 2 2 2 2 2 2 2 2 2 2 2 2 2 2 2 2 2 2 2 2 2 2 2 2 2 2 2 2 2 2 2 2 2 2 2 2 2 2 2 2 2 2 2 2 2 2 2 2 2 2 2 2 2 2 2 2 2 2 2 2 2 2 2 2 2 2 2 2 2 2 2 2 2 2 2 2 2 2 2 2 2 2 2 2 2 2 2 2 2 2 2 2 2 2 2 2 2 2 2 2 2 2 2 2 2 2 2 2 2 2 2 2 2 2 2 2 2 2 2 2 2 2 2 2 2 2 2 2 2 2 2 2 2 2 2 2 2 2 2 2 2 2 2 2 2 2 2 2 2 2 2 2 2 2 2 2 2 2 2 2 2 2 2 2 2 2 2 2 2 2 2 2 2 2 2 2 2 2 2 2 2 2 2 2 2 2 2 2 2 2 2 2 2 2 2 2 2 2 2 2 2 2 2 2 2 2 2 2 2 2 2 2 2 2 2 2 2 2 2 2 2 2 2 2 2 2 2 2 2 2 2 2 1001 2 2 2 2 2 2 2 2 2 2 2 2 2 2 2 2 2 2 2 2 2 2 2 2 2 2 2 2 2 2 2 2 2 2 2 2 2 2 2 2 2 2 2 2 2 2 2 2 2 2 2 2 2 2 2 2 2 2 2 2 2 2 2 2 2 2 2 2 2 2 2 2 2 2 2 2 2 2 2 2 2 2 2 2 2 2 2 2 2 2 2 2 2 2 2 2 2 2 2 2 2 2 2 2 2 2 2 2 2 2 2 2 2 2 2 2 2 2 2 2 2 2 2 2 2 2 2
-1 0 1 2 -2 -1 0 1 2 -2 -1 0 1 2 -2 -1 0 1 2 -2 -1 0 1 2 -2 -1 0 1 2 -2 -1 0 1 2 -2 -1 0 1 2 -2 -1 0 1 2 -2 -1 0 1 2 -2 -1 0 1 2 -2 -1 0 1 2 -2 -1 0 1 2 -2 -1 0 1 2 -2 -1 0 1 2 -2 -1 0 1 2 -2 -1 0 1 2 -2 -1 0 1 2 -2 -1 0 1 2 -2 -1 0 1 2 -2 -1 0 1 2 -2 -1 0 1 2 -2 -1 0 1 2 -2 -1 0 1 2 -2 -1 0 1 2 -2 -1 0 1 2 -2 -1 0 1 2 -2 -1 0 1 2 -2 -1 0 1 2 -2 -1 0 1 2 -2 -1 0 1 2 -2 -1 0 1 2 -2 -1 0 1 2 -2 -1 0 1 2 -2 -1 0 1 2 -2 -1 0 1 2 -2 -1 0 1 2 -2 -1 0 1 2 -2 -1 0 1 2 -2 -1 0 1 2 -2 -1 0 1 2 -2 -1 0 1 2 -2 -1 0 1 2 -2 -1 0 1 2 -2 -1 0 1 2 -2 -1 0 1 2 -2 -1 0 1 2 -2 -1 0 1 2 -2 -1 0 1 2 -2 -1 0 1 2 -2 -1 0 1 2 -2 -1 0 1 2 -2 -1 0 1 2 -2 -1 0 1 2 -2 -1 0 1 2 -2 -1 0 1 2 -2 -1 0 1 2 -2 -1 0 1 2 -2 -1 0 1 2 -2 -1 0 1 2 -2 -1 0 1 2 -2 -1 0 1 2 -2 -1 0 1 2 -2 -1 0 1 2 -2 -1 0 1 2 -2 -1 0 1 2 -2 -1 0 1 2 -2 -1 0 1 2 -2 -1 0 1 2 -2 -1 0 1 2 -2 -1 0 1 2 -2 -1 0 1 2 -2 -1 0 1 2 -2 -1 0 1 2 -2 -1 0 1 601 -2 -1 0 1 2 -2 -1 0 1 2 -2 -1 0 1 2 -2 -1 0 1 2 -2 -1 0 1 2 -2 -1 0 1 2 -2 -1 0 1 2 -2 -1 0 1 2 -2 -1 0 1 2 -2 -1 0 1 2 -2 -1 0 1 2 -2 -1 0 1 2 -2 -1 0 1 2 -2 -1 0 1 2 -2 -1 0 1 2 -2 -1 0 1 2 -2 -1 0 1 2 -2 -1 0 1 2 -2 -1 0 1 2 -2 -1 0 1 2 -2 -1 0 1 2 -2 -1 0 1 2 -2 -1 0 1 2 -2 -1 0 1 2 -2 -1 0 1 2 -2
1 -2 0 2 -1 1 -2 0 2 -1 1 -2 0 2 -1 1 -2 0 2 -1 1 -2 0 2 -1 1 -2 0 2 -1 1 -2 0 2 -1 1 -2 0 2 -1 1 -2 0 2 -1 1 -2 0 2 -1 1 -2 0 2 -1 1 -2 0 2 -1 1 -2 0 2 -1 1 -2 0 2 -1 1 -2 0 2 -1 1 -2 0 2 -1 1 -2 0 2 -1 1 -2 0 2 -1 1 -2 0 2 -1 1 -2 0 2 -1 1 -2 0 2 -1 1 -2 0 2 -1 1 -2 0 2 -1 1 -2 0 2 -1 1 -2 0 2 -1 1 -2 0 2 -1 1 -2 0 2 -1 1 -2 0 2 -1 1 -2 0 2 -1 1 -2 0 2 -1 1 -2 0 2 -1 1 -2 0 2 -1 1 -2 0 2 -1 1 -2 0 2 -1 1 -2 0 2 -1 1 -2 0 2 -1 1 -2 0 2 -1 1 -2 0 2 -1 1 -2 0 2 -1 1 -2 0 2 -1 1 -2 0 2 -1 1 -2 0 2 -1 1 -2 0 2 -1 1 -2 0 2 -1 1 -2 0 2 -1 1 -2 0 2 -1 1 -2 0 2 -1 1 -2 0 2 -1 1 -2 0 2 -1 1 -2 0 2 -1 1 -2 0 2 -1 1 -2 0 2 -1 1 -2 0 2 -1 1 -2 0 2 -1 1 -2 0 2 -1 1 -2 0 2 -1 1 -2 0 2 -1 1 -2 0 2 -1 1 -2 0 2 -1 1 -2 0 2 -1 1 -2 0 2 -1 1 -2 0 2 -1 1 -2 0 2 -1 1 -2 0 2 -1 1 -2 0 2 -1 1 -2 0 2 -1 1 -2 0 2 -1 1 -2 0 2 -1 1 -2 0 2 -1 1 -2 0 2 -1 1 -2 0 2 -1 1 -2 0 2 -1 1 -2 0 2 -1 1 -2 0 2 -1 1 -2 0 2 602 1 -2 0 2 -1 1 -2 0 2 -1 1 -2 0 2 -1 1 -2 0 2 -1 1 -2 0 2 -1 1 -2 0 2 -1 1 -2 0 2 -1 1 -2 0 2 -1 1 -2 0 2 -1 1 -2 0 2 -1 1 -2 0 2 -1 1 -2 0 2 -1 1 -2 0 2 -1 1 -2 0 2 -1 1 -2 0 2 -1 1 -2 0 2 -1 1 -2 0 2 -1 1 -2 0 2 -1 1 -2 0 2 -1 1 -2 0 2 -1 1 -2 0 2 -1 1 -2 0 2 -1 1 -2 0 2 -1 1 -2 0 2 -1 1 -2 0 2 -1
-2 1 -1 2 0 -2 1 -1 2 0 -2 1 -1 2 0 -2 1 -1 2 0 -2 1 -1 2 0 -2 1 -1 2 0 -2 1 -1 2 0 -2 1 -1 2 0 -2 1 -1 2 0 -2 1 -1 2 0 -2 1 -1 2 0 -2 1 -1 2 0 -2 1 -1 2 0 -2 1 -1 2 0 -2 1 -1 2 0 -2 1 -1 2 0 -2 1 -1 2 0 -2 1 -1 2 0 -2 1 -1 2 0 -2 1 -1 2 0 -2 1 -1 2 0 -2 1 -1 2 0 -2 1 -1 2 0 -2 1 -1 2 0 -2 1 -1 2 0 -2 1 -1 2 0 -2 1 -1 2 0 -2 1 -1 2 0 -2 1 -1 2 0 -2 1 -1 2 0 -2 1 -1 2 0 -2 1 -1 2 0 -2 1 -1 2 0 -2 1 -1 2 0 -2 1 -1 2 0 -2 1 -1 2 0 -2 1 -1 2 0 -2 1 -1 2 0 -2 1 -1 2 0 -2 1 -1 2 0 -2 1 -1 2 0 -2 1 -1 2 0 -2 1 -1 2 0 -2 1 -1 2 0 -2 1 -1 2 0 -2 1 -1 2 0 -2 1 -1 2 0 -2 1 -1 2 0 -2 1 -1 2 0 -2 1 -1 2 0 -2 1 -1 2 0 -2 1 -1 2 0 -2 1 -1 2 0 -2 1 -1 2 0 -2 1 -1 2 0 -2 1 -1 2 0 -2 1 -1 2 0 -2 1 -1 2 0 -2 1 -1 2 0 -2 1 -1 2 0 -2 1 -1 2 0 -2 1 -1 2 0 -2 1 -1 2 0 -2 1 -1 2 0 -2 1 -1 2 0 -2 1 -1 2 0 -2 1 -1 2 0 -2 1 -1 2 0 -2 1 -1 2 0 -2 1 -1 2 0 -2 1 -1 2 0 -2 1 -1 2 0 -2 1 -1 2 0 -2 1 -1 2 0 -2 1 -1 2 0 601 1 -1 2 0 -2 1 -1 2 0 -2 1 -1 2 0 -2 1 -1 2 0 -2 1 -1 2 0 -2 1 -1 2 0 -2 1 -1 2 0 -2 1 -1 2 0 -2 1 -1 2 0 -2 1 -1 2 0 -2 1 -1 2 0 -2 1 -1 2 0 -2 1 -1 2 0 -2 1 -1 2 0 -2 1 -1 2 0 -2 1 -1 2 0 -2 1 -1 2 0 -2 1 -1 2 0 -2 1 -1 2 0 -2 1 -1 2 0 -2 1 -1 2 0 -2 1 -1 2 0 -2 1 -1 2 0 -2 1 -1 2 0 -2 1 -1 2 0
0 -1 -2 2 1 0 -1 -2 2 1 0 -1 -2 2 1 0 -1 -2 2 1 0 -1 -2 2 1 0 -1 -2 2 1 0 -1 -2 2 1 0 -1 -2 2 1 0 -1 -2 2 1 0 -1 -2 2 1 0 -1 -2 2 1 0 -1 -2 2 1 0 -1 -2 2 1 0 -1 -2 2 1 0 -1 -2 2 1 0 -1 -2 2 1 0 -1 -2 2 1 0 -1 -2 2 1 0 -1 -2 2 1 0 -1 -2 2 1 0 -1 -2 2 1 0 -1 -2 2 1 0 -1 -2 2 1 0 -1 -2 2 1 0 -1 -2 2 1 0 -1 -2 2 1 0 -1 -2 2 1 0 -1 -2 2 1 0 -1 -2 2 1 0 -1 -2 2 1 0 -1 -2 2 1 0 -1 -2 2 1 0 -1 -2 2 1 0 -1 -2 2 1 0 -1 -2 2 1 0 -1 -2 2 1 0 -1 -2 2 1 0 -1 -2 2 1 0 -1 -2 2 1 0 -1 -2 2 1 0 -1 -2 2 1 0 -1 -2 2 1 0 -1 -2 2 1 0 -1 -2 2 1 0 -1 -2 2 1 0 -1 -2 2 1 0 -1 -2 2 1 0 -1 -2 2 1 0 -1 -2 2 1 0 -1 -2 2 1 0 -1 -2 2 1 0 -1 -2 2 1 0 -1 -2 2 1 0 -1 -2 2 1 0 -1 -2 2 1 0 -1 -2 2 1 0 -1 -2 2 1 0 -1 -2 2 1 0 -1 -2 2 1 0 -1 -2 2 1 0 -1 -2 2 1 0 -1 -2 2 1 0 -1 -2 2 1 0 -1 -2 2 1 0 -1 -2 2 1 0 -1 -2 2 1 0 -1 -2 2 1 0 -1 -2 2 1 0 -1 -2 2 1 0 -1 -2 2 1 0 -1 -2 2 1 0 -1 -2 2 1 0 -1 -2 2 1 0 -1 -2 2 1 0 -1 -2 2 1 0 602 -2 2 1 0 -1 -2 2 1 0 -1 -2 2 1 0 -1 -2 2 1 0 -1 -2 2 1 0 -1 -2 2 1 0 -1 -2 2 1 0 -1 -2 2 1 0 -1 -2 2 1 0 -1 -2 2 1 0 -1 -2 2 1 0 -1 -2 2 1 0 -1 -2 2 1 0 -1 -2 2 1 0 -1 -2 2 1 0 -1 -2 2 1 0 -1 -2 2 1 0 -1 -2 2 1 0 -1 -2 2 1 0 -1 -2 2 1 0 -1 -2 2 1 0 -1 -2 2 1 0 -1 -2 2 1 0 -1 -2 2 1 0 -1 -2 2 1
2 2 2 2 2 2 2 2 2 2 2 2 2 2 2 2 2 2 2 2 2 2 2 2 2 2 2 2 2 2 2 2 2 2 2 2 2 2 2 2 2 2 2 2 2 2 2 2 2 2 2 2 2 2 2 2 2 2 2 2 2 2 2 2 2 2 2 2 2 2 2 2 2 2 2 2 2 2 2 2 2 2 2 2 2 2 2 2 2 2 2 2 2 2 2 2 2 2 2 2 2 2 2 2 2 2 2 2 2 2 2 2 2 2 2 2 2 2 2 2 2 2 2 2 2 2 2 2 2 2 2 2 2 2 2 2 2 2 2 2 2 2 2 2 2 2 2 2 2 2 2 2 2 2 2 2 2 2 2 2 2 2 2 2 2 2 2 2 2 2 2 2 2 2 2 2 2 2 2 2 2 2 2 2 2 2 2 2 2 2 2 2 2 2 2 2 2 2 2 2 2 2 2 2 2 2 2 2 2 2 2 2 2 2 2 2 2 2 2 2 2 2 2 2 2 2 2 2 2 2 2 2 2 2 2 2 2 2 2 2 2 2 2 2 2 2 2 2 2 2 2 2 2 2 2 2 2 2 2 2 2 2 2 2 2 2 2 2 2 2 2 2 2 2 2 2 2 2 2 2 2 2 2 2 2 2 2 2 2 2 2 2 2 2 2 2 2 2 2 2 2 2 2 2 2 2 2 2 2 2 2 2 2 2 2 2 2 2 2 2 2 2 2 2 2 2 2 2 2 2 2 2 2 2 2 2 2 2 2 2 2 2 2 2 2 2 2 2 2 2 2 2 2 2 2 2 2 2 2 2 2 2 2 2 2 2 2 2 2 2 2 2 2 2 2 2 2 1001 2 2 2 2 2 2 2 2 2 2 2 2 2 2 2 2 2 2 2 2 2 2 2 2 2 2 2 2 2 2 2 2 2 2 2 2 2 2 2 2 2 2 2 2 2 2 2 2 2 2 2 2 2 2 2 2 2 2 2 2 2 2 2 2 2 2 2 2 2 2 2 2 2 2 2 2 2 2 2 2 2 2 2 2 2 2 2 2 2 2 2 2 2 2 2 2 2 2 2 2 2 2 2 2 2 2 2 2 2 2 2 2 2 2 2 2 2 2 2 2 2 2
-1 0 1 2 -2 -1 0 1 2 -2 -1 0 1 2 -2 -1 0 1 2 -2 -1 0 1 2 -2 -1 0 1 2 -2 -1 0 1 2 -2 -1 0 1 2 -2 -1 0 1 2 -2 -1 0 1 2 -2 -1 0 1 2 -2 -1 0 1 2 -2 -1 0 1 2 -2 -1 0 1 2 -2 -1 0 1 2 -2 -1 0 1 2 -2 -1 0 1 2 -2 -1 0 1 2 -2 -1 0 1 2 -2 -1 0 1 2 -2 -1 0 1 2 -2 -1 0 1 2 -2 -1 0 1 2 -2 -1 0 1 2 -2 -1 0 1 2 -2 -1 0 1 2 -2 -1 0 1 2 -2 -1 0 1 2 -2 -1 0 1 2 -2 -1 0 1 2 -2 -1 0 1 2 -2 -1 0 1 2 -2 -1 0 1 2 -2 -1 0 1 2 -2 -1 0 1 2 -2 -1 0 1 2 -2 -1 0 1 2 -2 -1 0 1 2 -2 -1 0 1 2 -2 -1 0 1 2 -2 -1 0 1 2 -2 -1 0 1 2 -2 -1 0 1 2 -2 -1 0 1 2 -2 -1 0 1 2 -2 -1 0 1 2 -2 -1 0 1 2 -2 -1 0 1 2 -2 -1 0 1 2 -2 -1 0 1 2 -2 -1 0 1 2 -2 -1 0 1 2 -2 -1 0 1 2 -2 -1 0 1 2 -2 -1 0 1 2 -2 -1 0 1 2 -2 -1 0 1 2 -2 -1 0 1 2 -2 -1 0 1 2 -2 -1 0 1 2 -2 -1 0 1 2 -2 -1 0 1 2 -2 -1 0 1 2 -2 -1 0 1 2 -2 -1 0 1 2 -2 -1 0 1 2 -2 -1 0 1 2 -2 -1 0 1 2 -2 -1 0 1 2 -2 -1 0 1 2 -2 -1 0 1 2 -2 -1 0 1 2 -2 -1 0 1 2 -2 -1 0 1 2 -2 -1 0 1 2 -2 -1 0 1 601 -2 -1 0 1 2 -2 -1 0 1 2 -2 -1 0 1 2 -2 -1 0 1 2 -2 -1 0 1 2 -2 -1 0 1 2 -2 -1 0 1 2 -2 -1 0 1 2 -2 -1 0 1 2 -2 -1 0 1 2 -2 -1 0 1 2 -2 -1 0 1 2 -2 -1 0 1 2 -2 -1 0 1 2 -2 -1 0 1 2 -2 -1 0 1 2 -2 -1 0 1 2 -2 -1 0 1 2 -2 -1 0 1 2 -2 -1 0 1 2 -2 -1 0 1 2 -2 -1 0 1 2 -2 -1 0 1 2 -2 -1 0 1 2 -2
1 -2 0 2 -1 1 -2 0 2 -1 1 -2 0 2 -1 1 -2 0 2 -1 1 -2 0 2 -1 1 -2 0 2 -1 1 -2 0 2 -1 1 -2 0 2 -1 1 -2 0 2 -1 1 -2 0 2 -1 1 -2 0 2 -1 1 -2 0 2 -1 1 -2 0 2 -1 1 -2 0 2 -1 1 -2 0 2 -1 1 -2 0 2 -1 1 -2 0 2 -1 1 -2 0 2 -1 1 -2 0 2 -1 1 -2 0 2 -1 1 -2 0 2 -1 1 -2 0 2 -1 1 -2 0 2 -1 1 -2 0 2 -1 1 -2 0 2 -1 1 -2 0 2 -1 1 -2 0 2 -1 1 -2 0 2 -1 1 -2 0 2 -1 1 -2 0 2 -1 1 -2 0 2 -1 1 -2 0 2 -1 1 -2 0 2 -1 1 -2 0 2 -1 1 -2 0 2 -1 1 -2 0 2 -1 1 -2 0 2 -1 1 -2 0 2 -1 1 -2 0 2 -1 1 -2 0 2 -1 1 -2 0 2 -1 1 -2 0 2 -1 1 -2 0 2 -1 1 -2 0 2 -1 1 -2 0 2 -1 1 -2 0 2 -1 1 -2 0 2 -1 1 -2 0 2 -1 1 -2 0 2 -1 1 -2 0 2 -1 1 -2 0 2 -1 1 -2 0 2 -1 1 -2 0 2 -1 1 -2 0 2 -1 1 -2 0 2 -1 1 -2 0 2 -1 1 -2 0 2 -1 1 -2 0 2 -1 1 -2 0 2 -1 1 -2 0 2 -1 1 -2 0 2 -1 1 -2 0 2 -1 1 -2 0 2 -1 1 -2 0 2 -1 1 -2 0 2 -1 1 -2 0 2 -1 1 -2 0 2 -1 1 -2 0 2 -1 1 -2 0 2 -1 1 -2 0 2 -1 1 -2 0 2 -1 1 -2 0 2 -1 1 -2 0 2 -1 1 -2 0 2 -1 1 -2 0 2 -1 1 -2 0 2 602 1 -2 0 2 -1 1 -2 0 2 -1 1 -2 0 2 -1 1 -2 0 2 -1 1 -2 0 2 -1 1 -2 0 2 -1 1 -2 0 2 -1 1 -2 0 2 -1 1 -2 0 2 -1 1 -2 0 2 -1 1 -2 0 2 -1 1 -2 0 2 -1 1 -2 0 2 -1 1 -2 0 2 -1 1 -2 0 2 -1 1 -2 0 2 -1 1 -2 0 2 -1 1 -2 0 2 -1 1 -2 0 2 -1 1 -2 0 2 -1 1 -2 0 2 -1 1 -2 0 2 -1 1 -2 0 2 -1 1 -2 0 2 -1
-2 1 -1 2 0 -2 1 -1 2 0 -2 1 -1 2 0 -2 1 -1 2 0 -2 1 -1 2 0 -2 1 -1 2 0 -2 1 -1 2 0 -2 1 -1 2 0 -2 1 -1 2 0 -2 1 -1 2 0 -2 1 -1 2 0 -2 1 -1 2 0 -2 1 -1 2 0 -2 1 -1 2 0 -2 1 -1 2 0 -2 1 -1 2 0 -2 1 -1 2 0 -2 1 -1 2 0 -2 1 -1 2 0 -2 1 -1 2 0 -2 1 -1 2 0 -2 1 -1 2 0 -2 1 -1 2 0 -2 1 -1 2 0 -2 1 -1 2 0 -2 1 -1 2 0 -2 1 -1 2 0 -2 1 -1 2 0 -2 1 -1 2 0 -2 1 -1 2 0 -2 1 -1 2 0 -2 1 -1 2 0 -2 1 -1 2 0 -2 1 -1 2 0 -2 1 -1 2 0 -2 1 -1 2 0 -2 1 -1 2 0 -2 1 -1 2 0 -2 1 -1 2 0 -2 1 -1 2 0 -2 1 -1 2 0 -2 1 -1 2 0 -2 1 -1 2 0 -2 1 -1 2 0 -2 1 -1 2 0 -2 1 -1 2 0 -2 1 -1 2 0 -2 1 -1 2 0 -2 1 -1 2 0 -2 1 -1 2 0 -2 1 -1 2 0 -2 1 -1 2 0 -2 1 -1 2 0 -2 1 -1 2 0 -2 1 -1 2 0 -2 1 -1 2 0 -2 1 -1 2 0 -2 1 -1 2 0 -2 1 -1 2 0 -2 1 -1 2 0 -2 1 -1 2 0 -2 1 -1 2 0 -2 1 -1 2 0 -2 1 -1 2 0 -2 1 -1 2 0 -2 1 -1 2 0 -2 1 -1 2 0 -2 1 -1 2 0 -2 1 -1 2 0 -2 1 -1 2 0 -2 1 -1 2 0 -2 1 -1 2 0 -2 1 -1 2 0 -2 1 -1 2 0 -2 1 -1 2 0 -2 1 -1 2 0 601 1 -1 2 0 -2 1 -1 2 0 -2 1 -1 2 0 -2 1 -1 2 0 -2 1 -1 2 0 -2 1 -1 2 0 -2 1 -1 2 0 -2 1 -1 2 0 -2 1 -1 2 0 -2 1 -1 2 0 -2 1 -1 2 0 -2 1 -1 2 0 -2 1 -1 2 0 -2 1 -1 2 0 -2 1 -1 2 0 -2 1 -1 2 0 -2 1 -1 2 0 -2 1 -1 2 0 -2 1 -1 2 0 -2 1 -1 2 0 -2 1 -1 2 0 -2 1 -1 2 0 -2 1 -1 2 0 -2 1 -1 2 0
0 -1 -2 2 1 0 -1 -2 2 1 0 -1 -2 2 1 0 -1 -2 2 1 0 -1 -2 2 1 0 -1 -2 2 1 0 -1 -2 2 1 0 -1 -2 2 1 0 -1 -2 2 1 0 -1 -2 2 1 0 -1 -2 2 1 0 -1 -2 2 1 0 -1 -2 2 1 0 -1 -2 2 1 0 -1 -2 2 1 0 -1 -2 2 1 0 -1 -2 2 1 0 -1 -2 2 1 0 -1 -2 2 1 0 -1 -2 2 1 0 -1 -2 2 1 0 -1 -2 2 1 0 -1 -2 2 1 0 -1 -2 2 1 0 -1 -2 2 1 0 -1 -2 2 1 0 -1 -2 2 1 0 -1 -2 2 1 0 -1 -2 2 1 0 -1 -2 2 1 0 -1 -2 2 1 0 -1 -2 2 1 0 -1 -2 2 1 0 -1 -2 2 1 0 -1 -2 2 1 0 -1 -2 2 1 0 -1 -2 2 1 0 -1 -2 2 1 0 -1 -2 2 1 0 -1 -2 2 1 0 -1 -2 2 1 0 -1 -2 2 1 0 -1 -2 2 1 0 -1 -2 2 1 0 -1 -2 2 1 0 -1 -2 2 1 0 -1 -2 2 1 0 -1 -2 2 1 0 -1 -2 2 1 0 -1 -2 2 1 0 -1 -2 2 1 0 -1 -2 2 1 0 -1 -2 2 1 0 -1 -2 2 1 0 -1 -2 2 1 0 -1 -2 2 1 0 -1 -2 2 1 0 -1 -2 2 1 0 -1 -2 2 1 0 -1 -2 2 1 0 -1 -2 2 1 0 -1 -2 2 1 0 -1 -2 2 1 0 -1 -2 2 1 0 -1 -2 2 1 0 -1 -2 2 1 0 -1 -2 2 1 0 -1 -2 2 1 0 -1 -2 2 1 0 -1 -2 2 1 0 -1 -2 2 1 0 -1 -2 2 1 0 -1 -2 2 1 0 -1 -2 2 1 0 -1 -2 2 1 0 -1 -2 2 1 0 602 -2 2 1 0 -1 -2 2 1 0 -1 -2 2 1 0 -1 -2 2 1 0 -1 -2 2 1 0 -1 -2 2 1 0 -1 -2 2 1 0 -1 -2 2 1 0 -1 -2 2 1 0 -1 -2 2 1 0 -1 -2 2 1 0 -1 -2 2 1 0 -1 -2 2 1 0 -1 -2 2 1 0 -1 -2 2 1 0 -1 -2 2 1 0 -1 -2 2 1 0 -1 -2 2 1 0 -1 -2 2 1 0 -1 -2 2 1 0 -1 -2 2 1 0 -1 -2 2 1 0 -1 -2 2 1 0 -1 -2 2 1
2 2 2 2 2 2 2 2 2 2 2 2 2 2 2 2 2 2 2 2 2 2 2 2 2 2 2 2 2 2 2 2 2 2 2 2 2 2 2 2 2 2 2 2 2 2 2 2 2 2 2 2 2 2 2 2 2 2 2 2 2 2 2 2 2 2 2 2 2 2 2 2 2 2 2 2 2 2 2 2 2 2 2 2 2 2 2 2 2 2 2 2 2 2 2 2 2 2 2 2 2 2 2 2 2 2 2 2 2 2 2 2 2 2 2 2 2 2 2 2 2 2 2 2 2 2 2 2 2 2 2 2 2 2 2 2 2 2 2 2 2 2 2 2 2 2 2 2 2 2 2 2 2 2 2 2 2 2 2 2 2 2 2 2 2 2 2 2 2 2 2 2 2 2 2 2 2 2 2 2 2 2 2 2 2 2 2 2 2 2 2 2 2 2 2 2 2 2 2 2 2 2 2 2 2 2 2 2 2 2 2 2 2 2 2 2 2 2 2 2 2 2 2 2 2 2 2 2 2 2 2 2 2 2 2 2 2 2 2 2 2 2 2 2 2 2 2 2 2 2 2 2 2 2 2 2 2 2 2 2 2 2 2 2 2 2 2 2 2 2 2 2 2 2 2 2 2 2 2 2 2 2 2 2 2 2 2 2 2 2 2 2 2 2 2 2 2 2 2 2 2 2 2 2 2 2 2 2 2 2 2 2 2 2 2 2 2 2 2 2 2 2 2 2 2 2 2 2 2 2 2 2 2 2 2 2 2 2 2 2 2 2 2 2 2 2 2 2 2 2 2 2 2 2 2 2 2 2 2 2 2 2 2 2 2 2 2 2 2 2 2 2 2 2 2 2 2 2 2 2 2 2 1001 2 2 2 2 2 2 2 2 2 2 2 2 2 2 2 2 2 2 2 2 2 2 2 2 2 2 2 2 2 2 2 2 2 2 2 2 2 2 2 2 2 2 2 2 2 2 2 2 2 2 2 2 2 2 2 2 2 2 2 2 2 2 2 2 2 2 2 2 2 2 2 2 2 2 2 2 2 2 2 2 2 2 2 2 2 2 2 2 2 2 2 2 2 2 2 2 2 2 2 2 2 2 2 2 2 2 2 2 2 2 2 2 2 2 2 2 2
-1 0 1 2 -2 -1 0 1 2 -2 -1 0 1 2 -2 -1 0 1 2 -2 -1 0 1 2 -2 -1 0 1 2 -2 -1 0 1 2 -2 -1 0 1 2 -2 -1 0 1 2 -2 -1 0 1 2 -2 -1 0 1 2 -2 -1 0 1 2 -2 -1 0 1 2 -2 -1 0 1 2 -2 -1 0 1 2 -2 -1 0 1 2 -2 -1 0 1 2 -2 -1 0 1 2 -2 -1 0 1 2 -2 -1 0 1 2 -2 -1 0 1 2 -2 -1 0 1 2 -2 -1 0 1 2 -2 -1 0 1 2 -2 -1 0 1 2 -2 -1 0 1 2 -2 -1 0 1 2 -2 -1 0 1 2 -2 -1 0 1 2 -2 -1 0 1 2 -2 -1 0 1 2 -2 -1 0 1 2 -2 -1 0 1 2 -2 -1 0 1 2 -2 -1 0 1 2 -2 -1 0 1 2 -2 -1 0 1 2 -2 -1 0 1 2 -2 -1 0 1 2 -2 -1 0 1 2 -2 -1 0 1 2 -2 -1 0 1 2 -2 -1 0 1 2 -2 -1 0 1 2 -2 -1 0 1 2 -2 -1 0 1 2 -2 -1 0 1 2 -2 -1 0 1 2 -2 -1 0 1 2 -2 -1 0 1 2 -2 -1 0 1 2 -2 -1 0 1 2 -2 -1 0 1 2 -2 -1 0 1 2 -2 -1 0 1 2 -2 -1 0 1 2 -2 -1 0 1 2 -2 -1 0 1 2 -2 -1 0 1 2 -2 -1 0 1 2 -2 -1 0 1 2 -2 -1 0 1 2 -2 -1 0 1 2 -2 -1 0 1 2 -2 -1 0 1 2 -2 -1 0 1 2 -2 -1 0 1 2 -2 -1 0 1 2 -2 -1 0 1 2 -2 -1 0 1 2 -2 -1 0 1 2 -2 -1 0 1 2 -2 -1 0 1 2 -2 -1 0 1 2 -2 -1 0 1 2 -2 -1 0 1 2 -2 -1 0 1 601 -2 -1 0 1 2 -2 -1 0 1 2 -2 -1 0 1 2 -2 -1 0 1 2 -2 -1 0 1 2 -2 -1 0 1 2 -2 -1 0 1 2 -2 -1 0 1 2 -2 -1 0 1 2 -2 -1 0 1 2 -2 -1 0 1 2 -2 -1 0 1 2 -2 -1 0 1 2 -2 -1 0 1 2 -2 -1 0 1 2 -2 -1 0 1 2 -2 -1 0 1 2 -2 -1 0 1 2 -2 -1 0 1 2 -2 -1 0 1 2 -2 -1 0 1 2 -2 -1 0 1 2 -2 -1 0 1 2 -2
1 -2 0 2 -1 1 -2 0 2 -1 1 -2 0 2 -1 1 -2 0 2 -1 1 -2 0 2 -1 1 -2 0 2 -1 1 -2 0 2 -1 1 -2 0 2 -1 1 -2 0 2 -1 1 -2 0 2 -1 1 -2 0 2 -1 1 -2 0 2 -1 1 -2 0 2 -1 1 -2 0 2 -1 1 -2 0 2 -1 1 -2 0 2 -1 1 -2 0 2 -1 1 -2 0 2 -1 1 -2 0 2 -1 1 -2 0 2 -1 1 -2 0 2 -1 1 -2 0 2 -1 1 -2 0 2 -1 1 -2 0 2 -1 1 -2 0 2 -1 1 -2 0 2 -1 1 -2 0 2 -1 1 -2 0 2 -1 1 -2 0 2 -1 1 -2 0 2 -1 1 -2 0 2 -1 1 -2 0 2 -1 1 -2 0 2 -1 1 -2 0 2 -1 1 -2 0 2 -1 1 -2 0 2 -1 1 -2 0 2 -1 1 -2 0 2 -1 1 -2 0 2 -1 1 -2 0 2 -1 1 -2 0 2 -1 1 -2 0 2 -1 1 -2 0 2 -1 1 -2 0 2 -1 1 -2 0 2 -1 1 -2 0 2 -1 1 -2 0 2 -1 1 -2 0 2 -1 1 -2 0 2 -1 1 -2 0 2 -1 1 -2 0 2 -1 1 -2 0 2 -1 1 -2 0 2 -1 1 -2 0 2 -1 1 -2 0 2 -1 1 -2 0 2 -1 1 -2 0 2 -1 1 -2 0 2 -1 1 -2 0 2 -1 1 -2 0 2 -1 1 -2 0 2 -1 1 -2 0 2 -1 1 -2 0 2 -1 1 -2 0 2 -1 1 -2 0 2 -1 1 -2 0 2 -1 1 -2 0 2 -1 1 -2 0 2 -1 1 -2 0 2 -1 1 -2 0 2 -1 1 -2 0 2 -1 1 -2 0 2 -1 1 -2 0 2 -1 1 -2 0 2 -1 1 -2 0 2 -1 1 -2 0 2 -1 1 -2 0 2 602 1 -2 0 2 -1 1 -2 0 2 -1 1 -2 0 2 -1 1 -2 0 2 -1 1 -2 0 2 -1 1 -2 0 2 -1 1 -2 0 2 -1 1 -2 0 2 -1 1 -2 0 2 -1 1 -2 0 2 -1 1 -2 0 2 -1 1 -2 0 2 -1 1 -2 0 2 -1 1 -2 0 2 -1 1 -2 0 2 -1 1 -2 0 2 -1 1 -2 0 2 -1 1 -2 0 2 -1 1 -2 0 2 -1 1 -2 0 2 -1 1 -2 0 2 -1 1 -2 0 2 -1 1 -2 0 2 -1
-2 1 -1 2 0 -2 1 -1 2 0 -2 1 -1 2 0 -2 1 -1 2 0 -2 1 -1 2 0 -2 1 -1 2 0 -2 1 -1 2 0 -2 1 -1 2 0 -2 1 -1 2 0 -2 1 -1 2 0 -2 1 -1 2 0 -2 1 -1 2 0 -2 1 -1 2 0 -2 1 -1 2 0 -2 1 -1 2 0 -2 1 -1 2 0 -2 1 -1 2 0 -2 1 -1 2 0 -2 1 -1 2 0 -2 1 -1 2 0 -2 1 -1 2 0 -2 1 -1 2 0 -2 1 -1 2 0 -2 1 -1 2 0 -2 1 -1 2 0 -2 1 -1 2 0 -2 1 -1 2 0 -2 1 -1 2 0 -2 1 -1 2 0 -2 1 -1 2 0 -2 1 -1 2 0 -2 1 -1 2 0 -2 1 -1 2 0 -2 1 -1 2 0 -2 1 -1 2 0 -2 1 -1 2 0 -2 1 -1 2 0 -2 1 -1 2 0 -2 1 -1 2 0 -2 1 -1 2 0 -2 1 -1 2 0 -2 1 -1 2 0 -2 1 -1 2 0 -2 1 -1 2 0 -2 1 -1 2 0 -2 1 -1 2 0 -2 1 -1 2 0 -2 1 -1 2 0 -2 1 -1 2 0 -2 1 -1 2 0 -2 1 -1 2 0 -2 1 -1 2 0 -2 1 -1 2 0 -2 1 -1 2 0 -2 1 -1 2 0 -2 1 -1 2 0 -2 1 -1 2 0 -2 1 -1 2 0 -2 1 -1 2 0 -2 1 -1 2 0 -2 1 -1 2 0 -2 1 -1 2 0 -2 1 -1 2 0 -2 1 -1 2 0 -2 1 -1 2 0 -2 1 -1 2 0 -2 1 -1 2 0 -2 1 -1 2 0 -2 1 -1 2 0 -2 1 -1 2 0 -2 1 -1 2 0 -2 1 -1 2 0 -2 1 -1 2 0 -2 1 -1 2 0 -2 1 -1 2 0 -2 1 -1 2 0 -2 1 -1 2 0 601 1 -1 2 0 -2 1 -1 2 0 -2 1 -1 2 0 -2 1 -1 2 0 -2 1 -1 2 0 -2 1 -1 2 0 -2 1 -1 2 0 -2 1 -1 2 0 -2 1 -1 2 0 -2 1 -1 2 0 -2 1 -1 2 0 -2 1 -1 2 0 -2 1 -1 2 0 -2 1 -1 2 0 -2 1 -1 2 0 -2 1 -1 2 0 -2 1 -1 2 0 -2 1 -1 2 0 -2 1 -1 2 0 -2 1 -1 2 0 -2 1 -1 2 0 -2 1 -1 2 0 -2 1 -1 2 0
0 -1 -2 2 1 0 -1 -2 2 1 0 -1 -2 2 1 0 -1 -2 2 1 0 -1 -2 2 1 0 -1 -2 2 1 0 -1 -2 2 1 0 -1 -2 2 1 0 -1 -2 2 1 0 -1 -2 2 1 0 -1 -2 2 1 0 -1 -2 2 1 0 -1 -2 2 1 0 -1 -2 2 1 0 -1 -2 2 1 0 -1 -2 2 1 0 -1 -2 2 1 0 -1 -2 2 1 0 -1 -2 2 1 0 -1 -2 2 1 0 -1 -2 2 1 0 -1 -2 2 1 0 -1 -2 2 1 0 -1 -2 2 1 0 -1 -2 2 1 0 -1 -2 2 1 0 -1 -2 2 1 0 -1 -2 2 1 0 -1 -2 2 1 0 -1 -2 2 1 0 -1 -2 2 1 0 -1 -2 2 1 0 -1 -2 2 1 0 -1 -2 2 1 0 -1 -2 2 1 0 -1 -2 2 1 0 -1 -2 2 1 0 -1 -2 2 1 0 -1 -2 2 1 0 -1 -2 2 1 0 -1 -2 2 1 0 -1 -2 2 1 0 -1 -2 2 1 0 -1 -2 2 1 0 -1 -2 2 1 0 -1 -2 2 1 0 -1 -2 2 1 0 -1 -2 2 1 0 -1 -2 2 1 0 -1 -2 2 1 0 -1 -2 2 1 0 -1 -2 2 1 0 -1 -2 2 1 0 -1 -2 2 1 0 -1 -2 2 1 0 -1 -2 2 1 0 -1 -2 2 1 0 -1 -2 2 1 0 -1 -2 2 1 0 -1 -2 2 1 0 -1 -2 2 1 0 -1 -2 2 1 0 -1 -2 2 1 0 -1 -2 2 1 0 -1 -2 2 1 0 -1 -2 2 1 0 -1 -2 2 1 0 -1 -2 2 1 0 -1 -2 2 1 0 -1 -2 2 1 0 -1 -2 2 1 0 -1 -2 2 1 0 -1 -2 2 1 0 -1 -2 2 1 0 -1 -2 2 1 0 -1 -2 2 1 0 -1 -2 2 1 0 602 -2 2 1 0 -1 -2 2 1 0 -1 -2 2 1 0 -1 -2 2 1 0 -1 -2 2 1 0 -1 -2 2 1 0 -1 -2 2 1 0 -1 -2 2 1 0 -1 -2 2 1 0 -1 -2 2 1 0 -1 -2 2 1 0 -1 -2 2 1 0 -1 -2 2 1 0 -1 -2 2 1 0 -1 -2 2 1 0 -1 -2 2 1 0 -1 -2 2 1 0 -1 -2 2 1 0 -1 -2 2 1 0 -1 -2 2 1 0 -1 -2 2 1 0 -1 -2 2 1 0 -1 -2 2 1
2 2 2 2 2 2 2 2 2 2 2 2 2 2 2 2 2 2 2 2 2 2 2 2 2 2 2 2 2 2 2 2 2 2 2 2 2 2 2 2 2 2 2 2 2 2 2 2 2 2 2 2 2 2 2 2 2 2 2 2 2 2 2 2 2 2 2 2 2 2 2 2 2 2 2 2 2 2 2 2 2 2 2 2 2 2 2 2 2 2 2 2 2 2 2 2 2 2 2 2 2 2 2 2 2 2 2 2 2 2 2 2 2 2 2 2 2 2 2 2 2 2 2 2 2 2 2 2 2 2 2 2 2 2 2 2 2 2 2 2 2 2 2 2 2 2 2 2 2 2 2 2 2 2 2 2 2 2 2 2 2 2 2 2 2 2 2 2 2 2 2 2 2 2 2 2 2 2 2 2 2 2 2 2 2 2 2 2 2 2 2 2 2 2 2 2 2 2 2 2 2 2 2 2 2 2 2 2 2 2 2 2 2 2 2 2 2 2 2 2 2 2 2 2 2 2 2 2 2 2 2 2 2 2 2 2 2 2 2 2 2 2 2 2 2 2 2 2 2 2 2 2 2 2 2 2 2 2 2 2 2 2 2 2 2 2 2 2 2 2 2 2 2 2 2 2 2 2 2 2 2 2 2 2 2 2 2 2 2 2 2 2 2 2 2 2 2 2 2 2 2 2 2 2 2 2 2 2 2 2 2 2 2 2 2 2 2 2 2 2 2 2 2 2 2 2 2 2 2 2 2 2 2 2 2 2 2 2 2 2 2 2 2 2 2 2 2 2 2 2 2 2 2 2 2 2 2 2 2 2 2 2 2 2 2 2 2 2 2 2 2 2 2 2 2 2 2 2 2 2 2 2 2 2 2 2 2 1001 2 2 2 2 2 2 2 2 2 2 2 2 2 2 2 2 2 2 2 2 2 2 2 2 2 2 2 2 2 2 2 2 2 2 2 2 2 2 2 2 2 2 2 2 2 2 2 2 2 2 2 2 2 2 2 2 2 2 2 2 2 2 2 2 2 2 2 2 2 2 2 2 2 2 2 2 2 2 2 2 2 2 2 2 2 2 2 2 2 2 2 2 2 2 2 2 2 2 2 2 2 2 2 2 2 2 2 2 2 2 2 2
-1 0 1 2 -2 -1 0 1 2 -2 -1 0 1 2 -2 -1 0 1 2 -2 -1 0 1 2 -2 -1 0 1 2 -2 -1 0 1 2 -2 -1 0 1 2 -2 -1 0 1 2 -2 -1 0 1 2 -2 -1 0 1 2 -2 -1 0 1 2 -2 -1 0 1 2 -2 -1 0 1 2 -2 -1 0 1 2 -2 -1 0 1 2 -2 -1 0 1 2 -2 -1 0 1 2 -2 -1 0 1 2 -2 -1 0 1 2 -2 -1 0 1 2 -2 -1 0 1 2 -2 -1 0 1 2 -2 -1 0 1 2 -2 -1 0 1 2 -2 -1 0 1 2 -2 -1 0 1 2 -2 -1 0 1 2 -2 -1 0 1 2 -2 -1 0 1 2 -2 -1 0 1 2 -2 -1 0 1 2 -2 -1 0 1 2 -2 -1 0 1 2 -2 -1 0 1 2 -2 -1 0 1 2 -2 -1 0 1 2 -2 -1 0 1 2 -2 -1 0 1 2 -2 -1 0 1 2 -2 -1 0 1 2 -2 -1 0 1 2 -2 -1 0 1 2 -2 -1 0 1 2 -2 -1 0 1 2 -2 -1 0 1 2 -2 -1 0 1 2 -2 -1 0 1 2 -2 -1 0 1 2 -2 -1 0 1 2 -2 -1 0 1 2 -2 -1 0 1 2 -2 -1 0 1 2 -2 -1 0 1 2 -2 -1 0 1 2 -2 -1 0 1 2 -2 -1 0 1 2 -2 -1 0 1 2 -2 -1 0 1 2 -2 -1 0 1 2 -2 -1 0 1 2 -2 -1 0 1 2 -2 -1 0 1 2 -2 -1 0 1 2 -2 -1 0 1 2 -2 -1 0 1 2 -2 -1 0 1 2 -2 -1 0 1 2 -2 -1 0 1 2 -2 -1 0 1 2 -2 -1 0 1 2 -2 -1 0 1 2 -2 -1 0 1 2 -2 -1 0 1 2 -2 -1 0 1 2 -2 -1 0 1 2 -2 -1 0 1 2 -2 -1 0 1 601 -2 -1 0 1 2 -2 -1 0 1 2 -2 -1 0 1 2 -2 -1 0 1 2 -2 -1 0 1 2 -2 -1 0 1 2 -2 -1 0 1 2 -2 -1 0 1 2 -2 -1 0 1 2 -2 -1 0 1 2 -2 -1 0 1 2 -2 -1 0 1 2 -2 -1 0 1 2 -2 -1 0 1 2 -2 -1 0 1 2 -2 -1 0 1 2 -2 -1 0 1 2 -2 -1 0 1 2 -2 -1 0 1 2 -2 -1 0 1 2 -2 -1 0 1 2 -2 -1 0 1 2 -2
1 -2 0 2 -1 1 -2 0 2 -1 1 -2 0 2 -1 1 -2 0 2 -1 1 -2 0 2 -1 1 -2 0 2 -1 1 -2 0 2 -1 1 -2 0 2 -1 1 -2 0 2 -1 1 -2 0 2 -1 1 -2 0 2 -1 1 -2 0 2 -1 1 -2 0 2 -1 1 -2 0 2 -1 1 -2 0 2 -1 1 -2 0 2 -1 1 -2 0 2 -1 1 -2 0 2 -1 1 -2 0 2 -1 1 -2 0 2 -1 1 -2 0 2 -1 1 -2 0 2 -1 1 -2 0 2 -1 1 -2 0 2 -1 1 -2 0 2 -1 1 -2 0 2 -1 1 -2 0 2 -1 1 -2 0 2 -1 1 -2 0 2 -1 1 -2 0 2 -1 1 -2 0 2 -1 1 -2 0 2 -1 1 -2 0 2 -1 1 -2 0 2 -1 1 -2 0 2 -1 1 -2 0 2 -1 1 -2 0 2 -1 1 -2 0 2 -1 1 -2 0 2 -1 1 -2 0 2 -1 1 -2 0 2 -1 1 -2 0 2 -1 1 -2 0 2 -1 1 -2 0 2 -1 1 -2 0 2 -1 1 -2 0 2 -1 1 -2 0 2 -1 1 -2 0 2 -1 1 -2 0 2 -1 1 -2 0 2 -1 1 -2 0 2 -1 1 -2 0 2 -1 1 -2 0 2 -1 1 -2 0 2 -1 1 -2 0 2 -1 1 -2 0 2 -1 1 -2 0 2 -1 1 -2 0 2 -1 1 -2 0 2 -1 1 -2 0 2 -1 1 -2 0 2 -1 1 -2 0 2 -1 1 -2 0 2 -1 1 -2 0 2 -1 1 -2 0 2 -1 1 -2 0 2 -1 1 -2 0 2 -1 1 -2 0 2 -1 1 -2 0 2 -1 1 -2 0 2 -1 1 -2 0 2 -1 1 -2 0 2 -1 1 -2 0 2 -1 1 -2 0 2 -1 1 -2 0 2 -1 1 -2 0 2 -1 1 -2 0 2 -1 1 -2 0 2 602 1 -2 0 2 -1 1 -2 0 2 -1 1 -2 0 2 -1 1 -2 0 2 -1 1 -2 0 2 -1 1 -2 0 2 -1 1 -2 0 2 -1 1 -2 0 2 -1 1 -2 0 2 -1 1 -2 0 2 -1 1 -2 0 2 -1 1 -2 0 2 -1 1 -2 0 2 -1 1 -2 0 2 -1 1 -2 0 2 -1 1 -2 0 2 -1 1 -2 0 2 -1 1 -2 0 2 -1 1 -2 0 2 -1 1 -2 0 2 -1 1 -2 0 2 -1 1 -2 0 2 -1
-2 1 -1 2 0 -2 1 -1 2 0 -2 1 -1 2 0 -2 1 -1 2 0 -2 1 -1 2 0 -2 1 -1 2 0 -2 1 -1 2 0 -2 1 -1 2 0 -2 1 -1 2 0 -2 1 -1 2 0 -2 1 -1 2 0 -2 1 -1 2 0 -2 1 -1 2 0 -2 1 -1 2 0 -2 1 -1 2 0 -2 1 -1 2 0 -2 1 -1 2 0 -2 1 -1 2 0 -2 1 -1 2 0 -2 1 -1 2 0 -2 1 -1 2 0 -2 1 -1 2 0 -2 1 -1 2 0 -2 1 -1 2 0 -2 1 -1 2 0 -2 1 -1 2 0 -2 1 -1 2 0 -2 1 -1 2 0 -2 1 -1 2 0 -2 1 -1 2 0 -2 1 -1 2 0 -2 1 -1 2 0 -2 1 -1 2 0 -2 1 -1 2 0 -2 1 -1 2 0 -2 1 -1 2 0 -2 1 -1 2 0 -2 1 -1 2 0 -2 1 -1 2 0 -2 1 -1 2 0 -2 1 -1 2 0 -2 1 -1 2 0 -2 1 -1 2 0 -2 1 -1 2 0 -2 1 -1 2 0 -2 1 -1 2 0 -2 1 -1 2 0 -2 1 -1 2 0 -2 1 -1 2 0 -2 1 -1 2 0 -2 1 -1 2 0 -2 1 -1 2 0 -2 1 -1 2 0 -2 1 -1 2 0 -2 1 -1 2 0 -2 1 -1 2 0 -2 1 -1 2 0 -2 1 -1 2 0 -2 1 -1 2 0 -2 1 -1 2 0 -2 1 -1 2 0 -2 1 -1 2 0 -2 1 -1 2 0 -2 1 -1 2 0 -2 1 -1 2 0 -2 1 -1 2 0 -2 1 -1 2 0 -2 1 -1 2 0 -2 1 -1 2 0 -2 1 -1 2 0 -2 1 -1 2 0 -2 1 -1 2 0 -2 1 -1 2 0 -2 1 -1 2 0 -2 1 -1 2 0 -2 1 -1 2 0 -2 1 -1 2 0 -2 1 -1 2 0 601 1 -1 2 0 -2 1 -1 2 0 -2 1 -1 2 0 -2 1 -1 2 0 -2 1 -1 2 0 -2 1 -1 2 0 -2 1 -1 2 0 -2 1 -1 2 0 -2 1 -1 2 0 -2 1 -1 2 0 -2 1 -1 2 0 -2 1 -1 2 0 -2 1 -1 2 0 -2 1 -1 2 0 -2 1 -1 2 0 -2 1 -1 2 0 -2 1 -1 2 0 -2 1 -1 2 0 -2 1 -1 2 0 -2 1 -1 2 0 -2 1 -1 2 0 -2 1 -1 2 0
0 -1 -2 2 1 0 -1 -2 2 1 0 -1 -2 2 1 0 -1 -2 2 1 0 -1 -2 2 1 0 -1 -2 2 1 0 -1 -2 2 1 0 -1 -2 2 1 0 -1 -2 2 1 0 -1 -2 2 1 0 -1 -2 2 1 0 -1 -2 2 1 0 -1 -2 2 1 0 -1 -2 2 1 0 -1 -2 2 1 0 -1 -2 2 1 0 -1 -2 2 1 0 -1 -2 2 1 0 -1 -2 2 1 0 -1 -2 2 1 0 -1 -2 2 1 0 -1 -2 2 1 0 -1 -2 2 1 0 -1 -2 2 1 0 -1 -2 2 1 0 -1 -2 2 1 0 -1 -2 2 1 0 -1 -2 2 1 0 -1 -2 2 1 0 -1 -2 2 1 0 -1 -2 2 1 0 -1 -2 2 1 0 -1 -2 2 1 0 -1 -2 2 1 0 -1 -2 2 1 0 -1 -2 2 1 0 -1 -2 2 1 0 -1 -2 2 1 0 -1 -2 2 1 0 -1 -2 2 1 0 -1 -2 2 1 0 -1 -2 2 1 0 -1 -2 2 1 0 -1 -2 2 1 0 -1 -2 2 1 0 -1 -2 2 1 0 -1 -2 2 1 0 -1 -2 2 1 0 -1 -2 2 1 0 -1 -2 2 1 0 -1 -2 2 1 0 -1 -2 2 1 0 -1 -2 2 1 0 -1 -2 2 1 0 -1 -2 2 1 0 -1 -2 2 1 0 -1 -2 2 1 0 -1 -2 2 1 0 -1 -2 2 1 0 -1 -2 2 1 0 -1 -2 2 1 0 -1 -2 2 1 0 -1 -2 2 1 0 -1 -2 2 1 0 -1 -2 2 1 0 -1 -2 2 1 0 -1 -2 2 1 0 -1 -2 2 1 0 -1 -2 2 1 0 -1 -2 2 1 0 -1 -2 2 1 0 -1 -2 2 1 0 -1 -2 2 1 0 -1 -2 2 1 0 -1 -2 2 1 0 -1 -2 2 1 0 -1 -2 2 1 0 -1 -2 2 1 0 602 -2 2 1 0 -1 -2 2 1 0 -1 -2 2 1 0 -1 -2 2 1 0 -1 -2 2 1 0 -1 -2 2 1 0 -1 -2 2 1 0 -1 -2 2 1 0 -1 -2 2 1 0 -1 -2 2 1 0 -1 -2 2 1 0 -1 -2 2 1 0 -1 -2 2 1 0 -1 -2 2 1 0 -1 -2 2 1 0 -1 -2 2 1 0 -1 -2 2 1 0 -1 -2 2 1 0 -1 -2 2 1 0 -1 -2 2 1 0 -1 -2 2 1 0 -1 -2 2 1
2 2 2 2 2 2 2 2 2 2 2 2 2 2 2 2 2 2 2 2 2 2 2 2 2 2 2 2 2 2 2 2 2 2 2 2 2 2 2 2 2 2 2 2 2 2 2 2 2 2 2 2 2 2 2 2 2 2 2 2 2 2 2 2 2 2 2 2 2 2 2 2 2 2 2 2 2 2 2 2 2 2 2 2 2 2 2 2 2 2 2 2 2 2 2 2 2 2 2 2 2 2 2 2 2 2 2 2 2 2 2 2 2 2 2 2 2 2 2 2 2 2 2 2 2 2 2 2 2 2 2 2 2 2 2 2 2 2 2 2 2 2 2 2 2 2 2 2 2 2 2 2 2 2 2 2 2 2 2 2 2 2 2 2 2 2 2 2 2 2 2 2 2 2 2 2 2 2 2 2 2 2 2 2 2 2 2 2 2 2 2 2 2 2 2 2 2 2 2 2 2 2 2 2 2 2 2 2 2 2 2 2 2 2 2 2 2 2 2 2 2 2 2 2 2 2 2 2 2 2 2 2 2 2 2 2 2 2 2 2 2 2 2 2 2 2 2 2 2 2 2 2 2 2 2 2 2 2 2 2 2 2 2 2 2 2 2 2 2 2 2 2 2 2 2 2 2 2 2 2 2 2 2 2 2 2 2 2 2 2 2 2 2 2 2 2 2 2 2 2 2 2 2 2 2 2 2 2 2 2 2 2 2 2 2 2 2 2 2 2 2 2 2 2 2 2 2 2 2 2 2 2 2 2 2 2 2 2 2 2 2 2 2 2 2 2 2 2 2 2 2 2 2 2 2 2 2 2 2 2 2 2 2 2 2 2 2 2 2 2 2 2 2 2 2 2 2 2 2 2 2 2 2 2 2 2 2 2 2 2 2 2 1001 2 2 2 2 2 2 2 2 2 2 2 2 2 2 2 2 2 2 2 2 2 2 2 2 2 2 2 2 2 2 2 2 2 2 2 2 2 2 2 2 2 2 2 2 2 2 2 2 2 2 2 2 2 2 2 2 2 2 2 2 2 2 2 2 2 2 2 2 2 2 2 2 2 2 2 2 2 2 2 2 2 2 2 2 2 2 2 2 2 2 2 2 2 2 2 2 2 2 2 2 2 2 2 2 2 2 2
-1 0 1 2 -2 -1 0 1 2 -2 -1 0 1 2 -2 -1 0 1 2 -2 -1 0 1 2 -2 -1 0 1 2 -2 -1 0 1 2 -2 -1 0 1 2 -2 -1 0 1 2 -2 -1 0 1 2 -2 -1 0 1 2 -2 -1 0 1 2 -2 -1 0 1 2 -2 -1 0 1 2 -2 -1 0 1 2 -2 -1 0 1 2 -2 -1 0 1 2 -2 -1 0 1 2 -2 -1 0 1 2 -2 -1 0 1 2 -2 -1 0 1 2 -2 -1 0 1 2 -2 -1 0 1 2 -2 -1 0 1 2 -2 -1 0 1 2 -2 -1 0 1 2 -2 -1 0 1 2 -2 -1 0 1 2 -2 -1 0 1 2 -2 -1 0 1 2 -2 -1 0 1 2 -2 -1 0 1 2 -2 -1 0 1 2 -2 -1 0 1 2 -2 -1 0 1 2 -2 -1 0 1 2 -2 -1 0 1 2 -2 -1 0 1 2 -2 -1 0 1 2 -2 -1 0 1 2 -2 -1 0 1 2 -2 -1 0 1 2 -2 -1 0 1 2 -2 -1 0 1 2 -2 -1 0 1 2 -2 -1 0 1 2 -2 -1 0 1 2 -2 -1 0 1 2 -2 -1 0 1 2 -2 -1 0 1 2 -2 -1 0 1 2 -2 -1 0 1 2 -2 -1 0 1 2 -2 -1 0 1 2 -2 -1 0 1 2 -2 -1 0 1 2 -2 -1 0 1 2 -2 -1 0 1 2 -2 -1 0 1 2 -2 -1 0 1 2 -2 -1 0 1 2 -2 -1 0 1 2 -2 -1 0 1 2 -2 -1 0 1 2 -2 -1 0 1 2 -2 -1 0 1 2 -2 -1 0 1 2 -2 -1 0 1 2 -2 -1 0 1 2 -2 -1 0 1 2 -2 -1 0 1 2 -2 -1 0 1 2 -2 -1 0 1 2 -2 -1 0 1 2 -2 -1 0 1 2 -2 -1 0 1 2 -2 -1 0 1 2 -2 -1 0 1 2 -2 -1 0 1 601 -2 -1 0 1 2 -2 -1 0 1 2 -2 -1 0 1 2 -2 -1 0 1 2 -2 -1 0 1 2 -2 -1 0 1 2 -2 -1 0 1 2 -2 -1 0 1 2 -2 -1 0 1 2 -2 -1 0 1 2 -2 -1 0 1 2 -2 -1 0 1 2 -2 -1 0 1 2 -2 -1 0 1 2 -2 -1 0 1 2 -2 -1 0 1 2 -2 -1 0 1 2 -2 -1 0 1 2 -2 -1 0 1 2 -2 -1 0 1 2 -2 -1 0 1 2 -2
1 -2 0 2 -1 1 -2 0 2 -1 1 -2 0 2 -1 1 -2 0 2 -1 1 -2 0 2 -1 1 -2 0 2 -1 1 -2 0 2 -1 1 -2 0 2 -1 1 -2 0 2 -1 1 -2 0 2 -1 1 -2 0 2 -1 1 -2 0 2 -1 1 -2 0 2 -1 1 -2 0 2 -1 1 -2 0 2 -1 1 -2 0 2 -1 1 -2 0 2 -1 1 -2 0 2 -1 1 -2 0 2 -1 1 -2 0 2 -1 1 -2 0 2 -1 1 -2 0 2 -1 1 -2 0 2 -1 1 -2 0 2 -1 1 -2 0 2 -1 1 -2 0 2 -1 1 -2 0 2 -1 1 -2 0 2 -1 1 -2 0 2 -1 1 -2 0 2 -1 1 -2 0 2 -1 1 -2 0 2 -1 1 -2 0 2 -1 1 -2 0 2 -1 1 -2 0 2 -1 1 -2 0 2 -1 1 -2 0 2 -1 1 -2 0 2 -1 1 -2 0 2 -1 1 -2 0 2 -1 1 -2 0 2 -1 1 -2 0 2 -1 1 -2 0 2 -1 1 -2 0 2 -1 1 -2 0 2 -1 1 -2 0 2 -1 1 -2 0 2 -1 1 -2 0 2 -1 1 -2 0 2 -1 1 -2 0 2 -1 1 -2 0 2 -1 1 -2 0 2 -1 1 -2 0 2 -1 1 -2 0 2 -1 1 -2 0 2 -1 1 -2 0 2 -1 1 -2 0 2 -1 1 -2 0 2 -1 1 -2 0 2 -1 1 -2 0 2 -1 1 -2 0 2 -1 1 -2 0 2 -1 1 -2 0 2 -1 1 -2 0 2 -1 1 -2 0 2 -1 1 -2 0 2 -1 1 -2 0 2 -1 1 -2 0 2 -1 1 -2 0 2 -1 1 -2 0 2 -1 1 -2 0 2 -1 1 -2 0 2 -1 1 -2 0 2 -1 1 -2 0 2 -1 1 -2 0 2 -1 1 -2 0 2 -1 1 -2 0 2 -1 1 -2 0 2 -1 1 -2 0 2 602 1 -2 0 2 -1 1 -2 0 2 -1 1 -2 0 2 -1 1 -2 0 2 -1 1 -2 0 2 -1 1 -2 0 2 -1 1 -2 0 2 -1 1 -2 0 2 -1 1 -2 0 2 -1 1 -2 0 2 -1 1 -2 0 2 -1 1 -2 0 2 -1 1 -2 0 2 -1 1 -2 0 2 -1 1 -2 0 2 -1 1 -2 0 2 -1 1 -2 0 2 -1 1 -2 0 2 -1 1 -2 0 2 -1 1 -2 0 2 -1 1 -2 0 2 -1
-2 1 -1 2 0 -2 1 -1 2 0 -2 1 -1 2 0 -2 1 -1 2 0 -2 1 -1 2 0 -2 1 -1 2 0 -2 1 -1 2 0 -2 1 -1 2 0 -2 1 -1 2 0 -2 1 -1 2 0 -2 1 -1 2 0 -2 1 -1 2 0 -2 1 -1 2 0 -2 1 -1 2 0 -2 1 -1 2 0 -2 1 -1 2 0 -2 1 -1 2 0 -2 1 -1 2 0 -2 1 -1 2 0 -2 1 -1 2 0 -2 1 -1 2 0 -2 1 -1 2 0 -2 1 -1 2 0 -2 1 -1 2 0 -2 1 -1 2 0 -2 1 -1 2 0 -2 1 -1 2 0 -2 1 -1 2 0 -2 1 -1 2 0 -2 1 -1 2 0 -2 1 -1 2 0 -2 1 -1 2 0 -2 1 -1 2 0 -2 1 -1 2 0 -2 1 -1 2 0 -2 1 -1 2 0 -2 1 -1 2 0 -2 1 -1 2 0 -2 1 -1 2 0 -2 1 -1 2 0 -2 1 -1 2 0 -2 1 -1 2 0 -2 1 -1 2 0 -2 1 -1 2 0 -2 1 -1 2 0 -2 1 -1 2 0 -2 1 -1 2 0 -2 1 -1 2 0 -2 1 -1 2 0 -2 1 -1 2 0 -2 1 -1 2 0 -2 1 -1 2 0 -2 1 -1 2 0 -2 1 -1 2 0 -2 1 -1 2 0 -2 1 -1 2 0 -2 1 -1 2 0 -2 1 -1 2 0 -2 1 -1 2 0 -2 1 -1 2 0 -2 1 -1 2 0 -2 1 -1 2 0 -2 1 -1 2 0 -2 1 -1 2 0 -2 1 -1 2 0 -2 1 -1 2 0 -2 1 -1 2 0 -2 1 -1 2 0 -2 1 -1 2 0 -2 1 -1 2 0 -2 1 -1 2 0 -2 1 -1 2 0 -2 1 -1 2 0 -2 1 -1 2 0 -2 1 -1 2 0 -2 1 -1 2 0 -2 1 -1 2 0 -2 1 -1 2 0 -2 1 -1 2 0 601 1 -1 2 0 -2 1 -1 2 0 -2 1 -1 2 0 -2 1 -1 2 0 -2 1 -1 2 0 -2 1 -1 2 0 -2 1 -1 2 0 -2 1 -1 2 0 -2 1 -1 2 0 -2 1 -1 2 0 -2 1 -1 2 0 -2 1 -1 2 0 -2 1 -1 2 0 -2 1 -1 2 0 -2 1 -1 2 0 -2 1 -1 2 0 -2 1 -1 2 0 -2 1 -1 2 0 -2 1 -1 2 0 -2 1 -1 2 0 -2 1 -1 2 0
0 -1 -2 2 1 0 -1 -2 2 1 0 -1 -2 2 1 0 -1 -2 2 1 0 -1 -2 2 1 0 -1 -2 2 1 0 -1 -2 2 1 0 -1 -2 2 1 0 -1 -2 2 1 0 -1 -2 2 1 0 -1 -2 2 1 0 -1 -2 2 1 0 -1 -2 2 1 0 -1 -2 2 1 0 -1 -2 2 1 0 -1 -2 2 1 0 -1 -2 2 1 0 -1 -2 2 1 0 -1 -2 2 1 0 -1 -2 2 1 0 -1 -2 2 1 0 -1 -2 2 1 0 -1 -2 2 1 0 -1 -2 2 1 0 -1 -2 2 1 0 -1 -2 2 1 0 -1 -2 2 1 0 -1 -2 2 1 0 -1 -2 2 1 0 -1 -2 2 1 0 -1 -2 2 1 0 -1 -2 2 1 0 -1 -2 2 1 0 -1 -2 2 1 0 -1 -2 2 1 0 -1 -2 2 1 0 -1 -2 2 1 0 -1 -2 2 1 0 -1 -2 2 1 0 -1 -2 2 1 0 -1 -2 2 1 0 -1 -2 2 1 0 -1 -2 2 1 0 -1 -2 2 1 0 -1 -2 2 1 0 -1 -2 2 1 0 -1 -2 2 1 0 -1 -2 2 1 0 -1 -2 2 1 0 -1 -2 2 1 0 -1 -2 2 1 0 -1 -2 2 1 0 -1 -2 2 1 0 -1 -2 2 1 0 -1 -2 2 1 0 -1 -2 2 1 0 -1 -2 2 1 0 -1 -2 2 1 0 -1 -2 2 1 0 -1 -2 2 1 0 -1 -2 2 1 0 -1 -2 2 1 0 -1 -2 2 1 0 -1 -2 2 1 0 -1 -2 2 1 0 -1 -2 2 1 0 -1 -2 2 1 0 -1 -2 2 1 0 -1 -2 2 1 0 -1 -2 2 1 0 -1 -2 2 1 0 -1 -2 2 1 0 -1 -2 2 1 0 -1 -2 2 1 0 -1 -2 2 1 0 -1 -2 2 1 0 -1 -2 2 1 0 -1 -2 2 1 0 -1 -2 2 1 0 602 -2 2 1 0 -1 -2 2 1 0 -1 -2 2 1 0 -1 -2 2 1 0 -1 -2 2 1 0 -1 -2 2 1 0 -1 -2 2 1 0 -1 -2 2 1 0 -1 -2 2 1 0 -1 -2 2 1 0 -1 -2 2 1 0 -1 -2 2 1 0 -1 -2 2 1 0 -1 -2 2 1 0 -1 -2 2 1 0 -1 -2 2 1 0 -1 -2 2 1 0 -1 -2 2 1 0 -1 -2 2 1 0 -1 -2 2 1 0 -1 -2 2 1
2 2 2 2 2 2 2 2 2 2 2 2 2 2 2 2 2 2 2 2 2 2 2 2 2 2 2 2 2 2 2 2 2 2 2 2 2 2 2 2 2 2 2 2 2 2 2 2 2 2 2 2 2 2 2 2 2 2 2 2 2 2 2 2 2 2 2 2 2 2 2 2 2 2 2 2 2 2 2 2 2 2 2 2 2 2 2 2 2 2 2 2 2 2 2 2 2 2 2 2 2 2 2 2 2 2 2 2 2 2 2 2 2 2 2 2 2 2 2 2 2 2 2 2 2 2 2 2 2 2 2 2 2 2 2 2 2 2 2 2 2 2 2 2 2 2 2 2 2 2 2 2 2 2 2 2 2 2 2 2 2 2 2 2 2 2 2 2 2 2 2 2 2 2 2 2 2 2 2 2 2 2 2 2 2 2 2 2 2 2 2 2 2 2 2 2 2 2 2 2 2 2 2 2 2 2 2 2 2 2 2 2 2 2 2 2 2 2 2 2 2 2 2 2 2 2 2 2 2 2 2 2 2 2 2 2 2 2 2 2 2 2 2 2 2 2 2 2 2 2 2 2 2 2 2 2 2 2 2 2 2 2 2 2 2 2 2 2 2 2 2 2 2 2 2 2 2 2 2 2 2 2 2 2 2 2 2 2 2 2 2 2 2 2 2 2 2 2 2 2 2 2 2 2 2 2 2 2 2 2 2 2 2 2 2 2 2 2 2 2 2 2 2 2 2 2 2 2 2 2 2 2 2 2 2 2 2 2 2 2 2 2 2 2 2 2 2 2 2 2 2 2 2 2 2 2 2 2 2 2 2 2 2 2 2 2 2 2 2 2 2 2 2 2 2 2 2 2 2 2 2 2 2 2 2 2 2 2 2 2 2 2 2 2 2 2 2 1001 2 2 2 2 2 2 2 2 2 2 2 2 2 2 2 2 2 2 2 2 2 2 2 2 2 2 2 2 2 2 2 2 2 2 2 2 2 2 2 2 2 2 2 2 2 2 2 2 2 2 2 2 2 2 2 2 2 2 2 2 2 2 2 2 2 2 2 2 2 2 2 2 2 2 2 2 2 2 2 2 2 2 2 2 2 2 2 2 2 2 2 2 2 2 2 2 2 2 2 2 2 2
-1 0 1 2 -2 -1 0 1 2 -2 -1 0 1 2 -2 -1 0 1 2 -2 -1 0 1 2 -2 -1 0 1 2 -2 -1 0 1 2 -2 -1 0 1 2 -2 -1 0 1 2 -2 -1 0 1 2 -2 -1 0 1 2 -2 -1 0 1 2 -2 -1 0 1 2 -2 -1 0 1 2 -2 -1 0 1 2 -2 -1 0 1 2 -2 -1 0 1 2 -2 -1 0 1 2 -2 -1 0 1 2 -2 -1 0 1 2 -2 -1 0 1 2 -2 -1 0 1 2 -2 -1 0 1 2 -2 -1 0 1 2 -2 -1 0 1 2 -2 -1 0 1 2 -2 -1 0 1 2 -2 -1 0 1 2 -2 -1 0 1 2 -2 -1 0 1 2 -2 -1 0 1 2 -2 -1 0 1 2 -2 -1 0 1 2 -2 -1 0 1 2 -2 -1 0 1 2 -2 -1 0 1 2 -2 -1 0 1 2 -2 -1 0 1 2 -2 -1 0 1 2 -2 -1 0 1 2 -2 -1 0 1 2 -2 -1 0 1 2 -2 -1 0 1 2 -2 -1 0 1 2 -2 -1 0 1 2 -2 -1 0 1 2 -2 -1 0 1 2 -2 -1 0 1 2 -2 -1 0 1 2 -2 -1 0 1 2 -2 -1 0 1 2 -2 -1 0 1 2 -2 -1 0 1 2 -2 -1 0 1 2 -2 -1 0 1 2 -2 -1 0 1 2 -2 -1 0 1 2 -2 -1 0 1 2 -2 -1 0 1 2 -2 -1 0 1 2 -2 -1 0 1 2 -2 -1 0 1 2 -2 -1 0 1 2 -2 -1 0 1 2 -2 -1 0 1 2 -2 -1 0 1 2 -2 -1 0 1 2 -2 -1 0 1 2 -2 -1 0 1 2 -2 -1 0 1 2 -2 -1 0 1 2 -2 -1 0 1 2 -2 -1 0 1 2 -2 -1 0 1 2 -2 -1 0 1 2 -2 -1 0 1 2 -2 -1 0 1 2 -2 -1 0 1 2 -2 -1 0 1 2 -2 -1 0 1 601 -2 -1 0 1 2 -2 -1 0 1 2 -2 -1 0 1 2 -2 -1 0 1 2 -2 -1 0 1 2 -2 -1 0 1 2 -2 -1 0 1 2 -2 -1 0 1 2 -2 -1 0 1 2 -2 -1 0 1 2 -2 -1 0 1 2 -2 -1 0 1 2 -2 -1 0 1 2 -2 -1 0 1 2 -2 -1 0 1 2 -2 -1 0 1 2 -2 -1 0 1 2 -2 -1 0 1 2 -2 -1 0 1 2 -2 -1 0 1 2 -2
1 -2 0 2 -1 1 -2 0 2 -1 1 -2 0 2 -1 1 -2 0 2 -1 1 -2 0 2 -1 1 -2 0 2 -1 1 -2 0 2 -1 1 -2 0 2 -1 1 -2 0 2 -1 1 -2 0 2 -1 1 -2 0 2 -1 1 -2 0 2 -1 1 -2 0 2 -1 1 -2 0 2 -1 1 -2 0 2 -1 1 -2 0 2 -1 1 -2 0 2 -1 1 -2 0 2 -1 1 -2 0 2 -1 1 -2 0 2 -1 1 -2 0 2 -1 1 -2 0 2 -1 1 -2 0 2 -1 1 -2 0 2 -1 1 -2 0 2 -1 1 -2 0 2 -1 1 -2 0 2 -1 1 -2 0 2 -1 1 -2 0 2 -1 1 -2 0 2 -1 1 -2 0 2 -1 1 -2 0 2 -1 1 -2 0 2 -1 1 -2 0 2 -1 1 -2 0 2 -1 1 -2 0 2 -1 1 -2 0 2 -1 1 -2 0 2 -1 1 -2 0 2 -1 1 -2 0 2 -1 1 -2 0 2 -1 1 -2 0 2 -1 1 -2 0 2 -1 1 -2 0 2 -1 1 -2 0 2 -1 1 -2 0 2 -1 1 -2 0 2 -1 1 -2 0 2 -1 1 -2 0 2 -1 1 -2 0 2 -1 1 -2 0 2 -1 1 -2 0 2 -1 1 -2 0 2 -1 1 -2 0 2 -1 1 -2 0 2 -1 1 -2 0 2 -1 1 -2 0 2 -1 1 -2 0 2 -1 1 -2 0 2 -1 1 -2 0 2 -1 1 -2 0 2 -1 1 -2 0 2 -1 1 -2 0 2 -1 1 -2 0 2 -1 1 -2 0 2 -1 1 -2 0 2 -1 1 -2 0 2 -1 1 -2 0 2 -1 1 -2 0 2 -1 1 -2 0 2 -1 1 -2 0 2 -1 1 -2 0 2 -1 1 -2 0 2 -1 1 -2 0 2 -1 1 -2 0 2 -1 1 -2 0 2 -1 1 -2 0 2 -1 1 -2 0 2 -1 1 -2 0 2 -1 1 -2 0 2 602 1 -2 0 2 -1 1 -2 0 2 -1 1 -2 0 2 -1 1 -2 0 2 -1 1 -2 0 2 -1 1 -2 0 2 -1 1 -2 0 2 -1 1 -2 0 2 -1 1 -2 0 2 -1 1 -2 0 2 -1 1 -2 0 2 -1 1 -2 0 2 -1 1 -2 0 2 -1 1 -2 0 2 -1 1 -2 0 2 -1 1 -2 0 2 -1 1 -2 0 2 -1 1 -2 0 2 -1 1 -2 0 2 -1 1 -2 0 2 -1
-2 1 -1 2 0 -2 1 -1 2 0 -2 1 -1 2 0 -2 1 -1 2 0 -2 1 -1 2 0 -2 1 -1 2 0 -2 1 -1 2 0 -2 1 -1 2 0 -2 1 -1 2 0 -2 1 -1 2 0 -2 1 -1 2 0 -2 1 -1 2 0 -2 1 -1 2 0 -2 1 -1 2 0 -2 1 -1 2 0 -2 1 -1 2 0 -2 1 -1 2 0 -2 1 -1 2 0 -2 1 -1 2 0 -2 1 -1 2 0 -2 1 -1 2 0 -2 1 -1 2 0 -2 1 -1 2 0 -2 1 -1 2 0 -2 1 -1 2 0 -2 1 -1 2 0 -2 1 -1 2 0 -2 1 -1 2 0 -2 1 -1 2 0 -2 1 -1 2 0 -2 1 -1 2 0 -2 1 -1 2 0 -2 1 -1 2 0 -2 1 -1 2 0 -2 1 -1 2 0 -2 1 -1 2 0 -2 1 -1 2 0 -2 1 -1 2 0 -2 1 -1 2 0 -2 1 -1 2 0 -2 1 -1 2 0 -2 1 -1 2 0 -2 1 -1 2 0 -2 1 -1 2 0 -2 1 -1 2 0 -2 1 -1 2 0 -2 1 -1 2 0 -2 1 -1 2 0 -2 1 -1 2 0 -2 1 -1 2 0 -2 1 -1 2 0 -2 1 -1 2 0 -2 1 -1 2 0 -2 1 -1 2 0 -2 1 -1 2 0 -2 1 -1 2 0 -2 1 -1 2 0 -2 1 -1 2 0 -2 1 -1 2 0 -2 1 -1 2 0 -2 1 -1 2 0 -2 1 -1 2 0 -2 1 -1 2 0 -2 1 -1 2 0 -2 1 -1 2 0 -2 1 -1 2 0 -2 1 -1 2 0 -2 1 -1 2 0 -2 1 -1 2 0 -2 1 -1 2 0 -2 1 -1 2 0 -2 1 -1 2 0 -2 1 -1 2 0 -2 1 -1 2 0 -2 1 -1 2 0 -2 1 -1 2 0 -2 1 -1 2 0 -2 1 -1 2 0 -2 1 -1 2 0 -2 1 -1 2 0 601 1 -1 2 0 -2 1 -1 2 0 -2 1 -1 2 0 -2 1 -1 2 0 -2 1 -1 2 0 -2 1 -1 2 0 -2 1 -1 2 0 -2 1 -1 2 0 -2 1 -1 2 0 -2 1 -1 2 0 -2 1 -1 2 0 -2 1 -1 2 0 -2 1 -1 2 0 -2 1 -1 2 0 -2 1 -1 2 0 -2 1 -1 2 0 -2 1 -1 2 0 -2 1 -1 2 0 -2 1 -1 2 0 -2 1 -1 2 0
0 -1 -2 2 1 0 -1 -2 2 1 0 -1 -2 2 1 0 -1 -2 2 1 0 -1 -2 2 1 0 -1 -2 2 1 0 -1 -2 2 1 0 -1 -2 2 1 0 -1 -2 2 1 0 -1 -2 2 1 0 -1 -2 2 1 0 -1 -2 2 1 0 -1 -2 2 1 0 -1 -2 2 1 0 -1 -2 2 1 0 -1 -2 2 1 0 -1 -2 2 1 0 -1 -2 2 1 0 -1 -2 2 1 0 -1 -2 2 1 0 -1 -2 2 1 0 -1 -2 2 1 0 -1 -2 2 1 0 -1 -2 2 1 0 -1 -2 2 1 0 -1 -2 2 1 0 -1 -2 2 1 0 -1 -2 2 1 0 -1 -2 2 1 0 -1 -2 2 1 0 -1 -2 2 1 0 -1 -2 2 1 0 -1 -2 2 1 0 -1 -2 2 1 0 -1 -2 2 1 0 -1 -2 2 1 0 -1 -2 2 1 0 -1 -2 2 1 0 -1 -2 2 1 0 -1 -2 2 1 0 -1 -2 2 1 0 -1 -2 2 1 0 -1 -2 2 1 0 -1 -2 2 1 0 -1 -2 2 1 0 -1 -2 2 1 0 -1 -2 2 1 0 -1 -2 2 1 0 -1 -2 2 1 0 -1 -2 2 1 0 -1 -2 2 1 0 -1 -2 2 1 0 -1 -2 2 1 0 -1 -2 2 1 0 -1 -2 2 1 0 -1 -2 2 1 0 -1 -2 2 1 0 -1 -2 2 1 0 -1 -2 2 1 0 -1 -2 2 1 0 -1 -2 2 1 0 -1 -2 2 1 0 -1 -2 2 1 0 -1 -2 2 1 0 -1 -2 2 1 0 -1 -2 2 1 0 -1 -2 2 1 0 -1 -2 2 1 0 -1 -2 2 1 0 -1 -2 2 1 0 -1 -2 2 1 0 -1 -2 2 1 0 -1 -2 2 1 0 -1 -2 2 1 0 -1 -2 2 1 0 -1 -2 2 1 0 -1 -2 2 1 0 -1 -2 2 1 0 -1 -2 2 1 0 -1 -2 2 1 0 602 -2 2 1 0 -1 -2 2 1 0 -1 -2 2 1 0 -1 -2 2 1 0 -1 -2 2 1 0 -1 -2 2 1 0 -1 -2 2 1 0 -1 -2 2 1 0 -1 -2 2 1 0 -1 -2 2 1 0 -1 -2 2 1 0 -1 -2 2 1 0 -1 -2 2 1 0 -1 -2 2 1 0 -1 -2 2 1 0 -1 -2 2 1 0 -1 -2 2 1 0 -1 -2 2 1 0 -1 -2 2 1 0 -1 -2 2 1
2 2 2 2 2 2 2 2 2 2 2 2 2 2 2 2 2 2 2 2 2 2 2 2 2 2 2 2 2 2 2 2 2 2 2 2 2 2 2 2 2 2 2 2 2 2 2 2 2 2 2 2 2 2 2 2 2 2 2 2 2 2 2 2 2 2 2 2 2 2 2 2 2 2 2 2 2 2 2 2 2 2 2 2 2 2 2 2 2 2 2 2 2 2 2 2 2 2 2 2 2 2 2 2 2 2 2 2 2 2 2 2 2 2 2 2 2 2 2 2 2 2 2 2 2 2 2 2 2 2 2 2 2 2 2 2 2 2 2 2 2 2 2 2 2 2 2 2 2 2 2 2 2 2 2 2 2 2 2 2 2 2 2 2 2 2 2 2 2 2 2 2 2 2 2 2 2 2 2 2 2 2 2 2 2 2 2 2 2 2 2 2 2 2 2 2 2 2 2 2 2 2 2 2 2 2 2 2 2 2 2 2 2 2 2 2 2 2 2 2 2 2 2 2 2 2 2 2 2 2 2 2 2 2 2 2 2 2 2 2 2 2 2 2 2 2 2 2 2 2 2 2 2 2 2 2 2 2 2 2 2 2 2 2 2 2 2 2 2 2 2 2 2 2 2 2 2 2 2 2 2 2 2 2 2 2 2 2 2 2 2 2 2 2 2 2 2 2 2 2 2 2 2 2 2 2 2 2 2 2 2 2 2 2 2 2 2 2 2 2 2 2 2 2 2 2 2 2 2 2 2 2 2 2 2 2 2 2 2 2 2 2 2 2 2 2 2 2 2 2 2 2 2 2 2 2 2 2 2 2 2 2 2 2 2 2 2 2 2 2 2 2 2 2 2 2 2 2 2 2 2 2 2 2 2 2 2 2 2 2 2 2 2 2 2 2 2 2 2 2 2 2 1001 2 2 2 2 2 2 2 2 2 2 2 2 2 2 2 2 2 2 2 2 2 2 2 2 2 2 2 2 2 2 2 2 2 2 2 2 2 2 2 2 2 2 2 2 2 2 2 2 2 2 2 2 2 2 2 2 2 2 2 2 2 2 2 2 2 2 2 2 2 2 2 2 2 2 2 2 2 2 2 2 2 2 2 2 2 2 2 2 2 2 2 2 2 2 2 2 2
-1 0 1 2 -2 -1 0 1 2 -2 -1 0 1 2 -2 -1 0 1 2 -2 -1 0 1 2 -2 -1 0 1 2 -2 -1 0 1 2 -2 -1 0 1 2 -2 -1 0 1 2 -2 -1 0 1 2 -2 -1 0 1 2 -2 -1 0 1 2 -2 -1 0 1 2 -2 -1 0 1 2 -2 -1 0 1 2 -2 -1 0 1 2 -2 -1 0 1 2 -2 -1 0 1 2 -2 -1 0 1 2 -2 -1 0 1 2 -2 -1 0 1 2 -2 -1 0 1 2 -2 -1 0 1 2 -2 -1 0 1 2 -2 -1 0 1 2 -2 -1 0 1 2 -2 -1 0 1 2 -2 -1 0 1 2 -2 -1 0 1 2 -2 -1 0 1 2 -2 -1 0 1 2 -2 -1 0 1 2 -2 -1 0 1 2 -2 -1 0 1 2 -2 -1 0 1 2 -2 -1 0 1 2 -2 -1 0 1 2 -2 -1 0 1 2 -2 -1 0 1 2 -2 -1 0 1 2 -2 -1 0 1 2 -2 -1 0 1 2 -2 -1 0 1 2 -2 -1 0 1 2 -2 -1 0 1 2 -2 -1 0 1 2 -2 -1 0 1 2 -2 -1 0 1 2 -2 -1 0 1 2 -2 -1 0 1 2 -2 -1 0 1 2 -2 -1 0 1 2 -2 -1 0 1 2 -2 -1 0 1 2 -2 -1 0 1 2 -2 -1 0 1 2 -2 -1 0 1 2 -2 -1 0 1 2 -2 -1 0 1 2 -2 -1 0 1 2 -2 -1 0 1 2 -2 -1 0 1 2 -2 -1 0 1 2 -2 -1 0 1 2 -2 -1 0 1 2 -2 -1 0 1 2 -2 -1 0 1 2 -2 -1 0 1 2 -2 -1 0 1 2 -2 -1 0 1 2 -2 -1 0 1 2 -2 -1 0 1 2 -2 -1 0 1 2 -2 -1 0 1 2 -2 -1 0 1 2 -2 -1 0 1 2 -2 -1 0 1 2 -2 -1 0 1 2 -2 -1 0 1 2 -2 -1 0 1 2 -2 -1 0 1 601 -2 -1 0 1 2 -2 -1 0 1 2 -2 -1 0 1 2 -2 -1 0 1 2 -2 -1 0 1 2 -2 -1 0 1 2 -2 -1 0 1 2 -2 -1 0 1 2 -2 -1 0 1 2 -2 -1 0 1 2 -2 -1 0 1 2 -2 -1 0 1 2 -2 -1 0 1 2 -2 -1 0 1 2 -2 -1 0 1 2 -2 -1 0 1 2 -2 -1 0 1 2 -2 -1 0 1 2 -2 -1 0 1 2 -2
1 -2 0 2 -1 1 -2 0 2 -1 1 -2 0 2 -1 1 -2 0 2 -1 1 -2 0 2 -1 1 -2 0 2 -1 1 -2 0 2 -1 1 -2 0 2 -1 1 -2 0 2 -1 1 -2 0 2 -1 1 -2 0 2 -1 1 -2 0 2 -1 1 -2 0 2 -1 1 -2 0 2 -1 1 -2 0 2 -1 1 -2 0 2 -1 1 -2 0 2 -1 1 -2 0 2 -1 1 -2 0 2 -1 1 -2 0 2 -1 1 -2 0 2 -1 1 -2 0 2 -1 1 -2 0 2 -1 1 -2 0 2 -1 1 -2 0 2 -1 1 -2 0 2 -1 1 -2 0 2 -1 1 -2 0 2 -1 1 -2 0 2 -1 1 -2 0 2 -1 1 -2 0 2 -1 1 -2 0 2 -1 1 -2 0 2 -1 1 -2 0 2 -1 1 -2 0 2 -1 1 -2 0 2 -1 1 -2 0 2 -1 1 -2 0 2 -1 1 -2 0 2 -1 1 -2 0 2 -1 1 -2 0 2 -1 1 -2 0 2 -1 1 -2 0 2 -1 1 -2 0 2 -1 1 -2 0 2 -1 1 -2 0 2 -1 1 -2 0 2 -1 1 -2 0 2 -1 1 -2 0 2 -1 1 -2 0 2 -1 1 -2 0 2 -1 1 -2 0 2 -1 1 -2 0 2 -1 1 -2 0 2 -1 1 -2 0 2 -1 1 -2 0 2 -1 1 -2 0 2 -1 1 -2 0 2 -1 1 -2 0 2 -1 1 -2 0 2 -1 1 -2 0 2 -1 1 -2 0 2 -1 1 -2 0 2 -1 1 -2 0 2 -1 1 -2 0 2 -1 1 -2 0 2 -1 1 -2 0 2 -1 1 -2 0 2 -1 1 -2 0 2 -1 1 -2 0 2 -1 1 -2 0 2 -1 1 -2 0 2 -1 1 -2 0 2 -1 1 -2 0 2 -1 1 -2 0 2 -1 1 -2 0 2 -1 1 -2 0 2 -1 1 -2 0 2 -1 1 -2 0 2 -1 1 -2 0 2 -1 1 -2 0 2 602 1 -2 0 2 -1 1 -2 0 2 -1 1 -2 0 2 -1 1 -2 0 2 -1 1 -2 0 2 -1 1 -2 0 2 -1 1 -2 0 2 -1 1 -2 0 2 -1 1 -2 0 2 -1 1 -2 0 2 -1 1 -2 0 2 -1 1 -2 0 2 -1 1 -2 0 2 -1 1 -2 0 2 -1 1 -2 0 2 -1 1 -2 0 2 -1 1 -2 0 2 -1 1 -2 0 2 -1 1 -2 0 2 -1
-2 1 -1 2 0 -2 1 -1 2 0 -2 1 -1 2 0 -2 1 -1 2 0 -2 1 -1 2 0 -2 1 -1 2 0 -2 1 -1 2 0 -2 1 -1 2 0 -2 1 -1 2 0 -2 1 -1 2 0 -2 1 -1 2 0 -2 1 -1 2 0 -2 1 -1 2 0 -2 1 -1 2 0 -2 1 -1 2 0 -2 1 -1 2 0 -2 1 -1 2 0 -2 1 -1 2 0 -2 1 -1 2 0 -2 1 -1 2 0 -2 1 -1 2 0 -2 1 -1 2 0 -2 1 -1 2 0 -2 1 -1 2 0 -2 1 -1 2 0 -2 1 -1 2 0 -2 1 -1 2 0 -2 1 -1 2 0 -2 1 -1 2 0 -2 1 -1 2 0 -2 1 -1 2 0 -2 1 -1 2 0 -2 1 -1 2 0 -2 1 -1 2 0 -2 1 -1 2 0 -2 1 -1 2 0 -2 1 -1 2 0 -2 1 -1 2 0 -2 1 -1 2 0 -2 1 -1 2 0 -2 1 -1 2 0 -2 1 -1 2 0 -2 1 -1 2 0 -2 1 -1 2 0 -2 1 -1 2 0 -2 1 -1 2 0 -2 1 -1 2 0 -2 1 -1 2 0 -2 1 -1 2 0 -2 1 -1 2 0 -2 1 -1 2 0 -2 1 -1 2 0 -2 1 -1 2 0 -2 1 -1 2 0 -2 1 -1 2 0 -2 1 -1 2 0 -2 1 -1 2 0 -2 1 -1 2 0 -2 1 -1 2 0 -2 1 -1 2 0 -2 1 -1 2 0 -2 1 -1 2 0 -2 1 -1 2 0 -2 1 -1 2 0 -2 1 -1 2 0 -2 1 -1 2 0 -2 1 -1 2 0 -2 1 -1 2 0 -2 1 -1 2 0 -2 1 -1 2 0 -2 1 -1 2 0 -2 1 -1 2 0 -2 1 -1 2 0 -2 1 -1 2 0 -2 1 -1 2 0 -2 1 -1 2 0 -2 1 -1 2 0 -2 1 -1 2 0 -2 1 -1 2 0 -2 1 -1 2 0 -2 1 -1 2 0 601 1 -1 2 0 -2 1 -1 2 0 -2 1 -1 2 0 -2 1 -1 2 0 -2 1 -1 2 0 -2 1 -1 2 0 -2 1 -1 2 0 -2 1 -1 2 0 -2 1 -1 2 0 -2 1 -1 2 0 -2 1 -1 2 0 -2 1 -1 2 0 -2 1 -1 2 0 -2 1 -1 2 0 -2 1 -1 2 0 -2 1 -1 2 0 -2 1 -1 2 0 -2 1 -1 2 0 -2 1 -1 2 0
0 -1 -2 2 1 0 -1 -2 2 1 0 -1 -2 2 1 0 -1 -2 2 1 0 -1 -2 2 1 0 -1 -2 2 1 0 -1 -2 2 1 0 -1 -2 2 1 0 -1 -2 2 1 0 -1 -2 2 1 0 -1 -2 2 1 0 -1 -2 2 1 0 -1 -2 2 1 0 -1 -2 2 1 0 -1 -2 2 1 0 -1 -2 2 1 0 -1 -2 2 1 0 -1 -2 2 1 0 -1 -2 2 1 0 -1 -2 2 1 0 -1 -2 2 1 0 -1 -2 2 1 0 -1 -2 2 1 0 -1 -2 2 1 0 -1 -2 2 1 0 -1 -2 2 1 0 -1 -2 2 1 0 -1 -2 2 1 0 -1 -2 2 1 0 -1 -2 2 1 0 -1 -2 2 1 0 -1 -2 2 1 0 -1 -2 2 1 0 -1 -2 2 1 0 -1 -2 2 1 0 -1 -2 2 1 0 -1 -2 2 1 0 -1 -2 2 1 0 -1 -2 2 1 0 -1 -2 2 1 0 -1 -2 2 1 0 -1 -2 2 1 0 -1 -2 2 1 0 -1 -2 2 1 0 -1 -2 2 1 0 -1 -2 2 1 0 -1 -2 2 1 0 -1 -2 2 1 0 -1 -2 2 1 0 -1 -2 2 1 0 -1 -2 2 1 0 -1 -2 2 1 0 -1 -2 2 1 0 -1 -2 2 1 0 -1 -2 2 1 0 -1 -2 2 1 0 -1 -2 2 1 0 -1 -2 2 1 0 -1 -2 2 1 0 -1 -2 2 1 0 -1 -2 2 1 0 -1 -2 2 1 0 -1 -2 2 1 0 -1 -2 2 1 0 -1 -2 2 1 0 -1 -2 2 1 0 -1 -2 2 1 0 -1 -2 2 1 0 -1 -2 2 1 0 -1 -2 2 1 0 -1 -2 2 1 0 -1 -2 2 1 0 -1 -2 2 1 0 -1 -2 2 1 0 -1 -2 2 1 0 -1 -2 2 1 0 -1 -2 2 1 0 -1 -2 2 1 0 -1 -2 2 1 0 -1 -2 2 1 0 -1 -2 2 1 0 602 -2 2 1 0 -1 -2 2 1 0 -1 -2 2 1 0 -1 -2 2 1 0 -1 -2 2 1 0 -1 -2 2 1 0 -1 -2 2 1 0 -1 -2 2 1 0 -1 -2 2 1 0 -1 -2 2 1 0 -1 -2 2 1 0 -1 -2 2 1 0 -1 -2 2 1 0 -1 -2 2 1 0 -1 -2 2 1 0 -1 -2 2 1 0 -1 -2 2 1 0 -1 -2 2 1 0 -1 -2 2 1
2 2 2 2 2 2 2 2 2 2 2 2 2 2 2 2 2 2 2 2 2 2 2 2 2 2 2 2 2 2 2 2 2 2 2 2 2 2 2 2 2 2 2 2 2 2 2 2 2 2 2 2 2 2 2 2 2 2 2 2 2 2 2 2 2 2 2 2 2 2 2 2 2 2 2 2 2 2 2 2 2 2 2 2 2 2 2 2 2 2 2 2 2 2 2 2 2 2 2 2 2 2 2 2 2 2 2 2 2 2 2 2 2 2 2 2 2 2 2 2 2 2 2 2 2 2 2 2 2 2 2 2 2 2 2 2 2 2 2 2 2 2 2 2 2 2 2 2 2 2 2 2 2 2 2 2 2 2 2 2 2 2 2 2 2 2 2 2 2 2 2 2 2 2 2 2 2 2 2 2 2 2 2 2 2 2 2 2 2 2 2 2 2 2 2 2 2 2 2 2 2 2 2 2 2 2 2 2 2 2 2 2 2 2 2 2 2 2 2 2 2 2 2 2 2 2 2 2 2 2 2 2 2 2 2 2 2 2 2 2 2 2 2 2 2 2 2 2 2 2 2 2 2 2 2 2 2 2 2 2 2 2 2 2 2 2 2 2 2 2 2 2 2 2 2 2 2 2 2 2 2 2 2 2 2 2 2 2 2 2 2 2 2 2 2 2 2 2 2 2 2 2 2 2 2 2 2 2 2 2 2 2 2 2 2 2 2 2 2 2 2 2 2 2 2 2 2 2 2 2 2 2 2 2 2 2 2 2 2 2 2 2 2 2 2 2 2 2 2 2 2 2 2 2 2 2 2 2 2 2 2 2 2 2 2 2 2 2 2 2 2 2 2 2 2 2 2 2 2 2 2 2 2 2 2 2 2 2 2 2 2 2 2 2 2 2 2 2 2 2 2 2 2 2 2 2 2 1001 2 2 2 2 2 2 2 2 2 2 2 2 2 2 2 2 2 2 2 2 2 2 2 2 2 2 2 2 2 2 2 2 2 2 2 2 2 2 2 2 2 2 2 2 2 2 2 2 2 2 2 2 2 2 2 2 2 2 2 2 2 2 2 2 2 2 2 2 2 2 2 2 2 2 2 2 2 2 2 2 2 2 2 2 2 2 2 2 2 2 2 2
-1 0 1 2 -2 -1 0 1 2 -2 -1 0 1 2 -2 -1 0 1 2 -2 -1 0 1 2 -2 -1 0 1 2 -2 -1 0 1 2 -2 -1 0 1 2 -2 -1 0 1 2 -2 -1 0 1 2 -2 -1 0 1 2 -2 -1 0 1 2 -2 -1 0 1 2 -2 -1 0 1 2 -2 -1 0 1 2 -2 -1 0 1 2 -2 -1 0 1 2 -2 -1 0 1 2 -2 -1 0 1 2 -2 -1 0 1 2 -2 -1 0 1 2 -2 -1 0 1 2 -2 -1 0 1 2 -2 -1 0 1 2 -2 -1 0 1 2 -2 -1 0 1 2 -2 -1 0 1 2 -2 -1 0 1 2 -2 -1 0 1 2 -2 -1 0 1 2 -2 -1 0 1 2 -2 -1 0 1 2 -2 -1 0 1 2 -2 -1 0 1 2 -2 -1 0 1 2 -2 -1 0 1 2 -2 -1 0 1 2 -2 -1 0 1 2 -2 -1 0 1 2 -2 -1 0 1 2 -2 -1 0 1 2 -2 -1 0 1 2 -2 -1 0 1 2 -2 -1 0 1 2 -2 -1 0 1 2 -2 -1 0 1 2 -2 -1 0 1 2 -2 -1 0 1 2 -2 -1 0 1 2 -2 -1 0 1 2 -2 -1 0 1 2 -2 -1 0 1 2 -2 -1 0 1 2 -2 -1 0 1 2 -2 -1 0 1 2 -2 -1 0 1 2 -2 -1 0 1 2 -2 -1 0 1 2 -2 -1 0 1 2 -2 -1 0 1 2 -2 -1 0 1 2 -2 -1 0 1 2 -2 -1 0 1 2 -2 -1 0 1 2 -2 -1 0 1 2 -2 -1 0 1 2 -2 -1 0 1 2 -2 -1 0 1 2 -2 -1 0 1 2 -2 -1 0 1 2 -2 -1 0 1 2 -2 -1 0 1 2 -2 -1 0 1 2 -2 -1 0 1 2 -2 -1 0 1 2 -2 -1 0 1 2 -2 -1 0 1 2 -2 -1 0 1 2 -2 -1 0 1 2 -2 -1 0 1 2 -2 -1 0 1 2 -2 -1 0 1 601 -2 -1 0 1 2 -2 -1 0 1 2 -2 -1 0 1 2 -2 -1 0 1 2 -2 -1 0 1 2 -2 -1 0 1 2 -2 -1 0 1 2 -2 -1 0 1 2 -2 -1 0 1 2 -2 -1 0 1 2 -2 -1 0 1 2 -2 -1 0 1 2 -2 -1 0 1 2 -2 -1 0 1 2 -2 -1 0 1 2 -2 -1 0 1 2 -2 -1 0 1 2 -2 -1 0 1 2 -2
1 -2 0 2 -1 1 -2 0 2 -1 1 -2 0 2 -1 1 -2 0 2 -1 1 -2 0 2 -1 1 -2 0 2 -1 1 -2 0 2 -1 1 -2 0 2 -1 1 -2 0 2 -1 1 -2 0 2 -1 1 -2 0 2 -1 1 -2 0 2 -1 1 -2 0 2 -1 1 -2 0 2 -1 1 -2 0 2 -1 1 -2 0 2 -1 1 -2 0 2 -1 1 -2 0 2 -1 1 -2 0 2 -1 1 -2 0 2 -1 1 -2 0 2 -1 1 -2 0 2 -1 1 -2 0 2 -1 1 -2 0 2 -1 1 -2 0 2 -1 1 -2 0 2 -1 1 -2 0 2 -1 1 -2 0 2 -1 1 -2 0 2 -1 1 -2 0 2 -1 1 -2 0 2 -1 1 -2 0 2 -1 1 -2 0 2 -1 1 -2 0 2 -1 1 -2 0 2 -1 1 -2 0 2 -1 1 -2 0 2 -1 1 -2 0 2 -1 1 -2 0 2 -1 1 -2 0 2 -1 1 -2 0 2 -1 1 -2 0 2 -1 1 -2 0 2 -1 1 -2 0 2 -1 1 -2 0 2 -1 1 -2 0 2 -1 1 -2 0 2 -1 1 -2 0 2 -1 1 -2 0 2 -1 1 -2 0 2 -1 1 -2 0 2 -1 1 -2 0 2 -1 1 -2 0 2 -1 1 -2 0 2 -1 1 -2 0 2 -1 1 -2 0 2 -1 1 -2 0 2 -1 1 -2 0 2 -1 1 -2 0 2 -1 1 -2 0 2 -1 1 -2 0 2 -1 1 -2 0 2 -1 1 -2 0 2 -1 1 -2 0 2 -1 1 -2 0 2 -1 1 -2 0 2 -1 1 -2 0 2 -1 1 -2 0 2 -1 1 -2 0 2 -1 1 -2 0 2 -1 1 -2 0 2 -1 1 -2 0 2 -1 1 -2 0 2 -1 1 -2 0 2 -1 1 -2 0 2 -1 1 -2 0 2 -1 1 -2 0 2 -1 1 -2 0 2 -1 1 -2 0 2 -1 1 -2 0 2 -1 1 -2 0 2 -1 1 -2 0 2 602 1 -2 0 2 -1 1 -2 0 2 -1 1 -2 0 2 -1 1 -2 0 2 -1 1 -2 0 2 -1 1 -2 0 2 -1 1 -2 0 2 -1 1 -2 0 2 -1 1 -2 0 2 -1 1 -2 0 2 -1 1 -2 0 2 -1 1 -2 0 2 -1 1 -2 0 2 -1 1 -2 0 2 -1 1 -2 0 2 -1 1 -2 0 2 -1 1 -2 0 2 -1 1 -2 0 2 -1
-2 1 -1 2 0 -2 1 -1 2 0 -2 1 -1 2 0 -2 1 -1 2 0 -2 1 -1 2 0 -2 1 -1 2 0 -2 1 -1 2 0 -2 1 -1 2 0 -2 1 -1 2 0 -2 1 -1 2 0 -2 1 -1 2 0 -2 1 -1 2 0 -2 1 -1 2 0 -2 1 -1 2 0 -2 1 -1 2 0 -2 1 -1 2 0 -2 1 -1 2 0 -2 1 -1 2 0 -2 1 -1 2 0 -2 1 -1 2 0 -2 1 -1 2 0 -2 1 -1 2 0 -2 1 -1 2 0 -2 1 -1 2 0 -2 1 -1 2 0 -2 1 -1 2 0 -2 1 -1 2 0 -2 1 -1 2 0 -2 1 -1 2 0 -2 1 -1 2 0 -2 1 -1 2 0 -2 1 -1 2 0 -2 1 -1 2 0 -2 1 -1 2 0 -2 1 -1 2 0 -2 1 -1 2 0 -2 1 -1 2 0 -2 1 -1 2 0 -2 1 -1 2 0 -2 1 -1 2 0 -2 1 -1 2 0 -2 1 -1 2 0 -2 1 -1 2 0 -2 1 -1 2 0 -2 1 -1 2 0 -2 1 -1 2 0 -2 1 -1 2 0 -2 1 -1 2 0 -2 1 -1 2 0 -2 1 -1 2 0 -2 1 -1 2 0 -2 1 -1 2 0 -2 1 -1 2 0 -2 1 -1 2 0 -2 1 -1 2 0 -2 1 -1 2 0 -2 1 -1 2 0 -2 1 -1 2 0 -2 1 -1 2 0 -2 1 -1 2 0 -2 1 -1 2 0 -2 1 -1 2 0 -2 1 -1 2 0 -2 1 -1 2 0 -2 1 -1 2 0 -2 1 -1 2 0 -2 1 -1 2 0 -2 1 -1 2 0 -2 1 -1 2 0 -2 1 -1 2 0 -2 1 -1 2 0 -2 1 -1 2 0 -2 1 -1 2 0 -2 1 -1 2 0 -2 1 -1 2 0 -2 1 -1 2 0 -2 1 -1 2 0 -2 1 -1 2 0 -2 1 -1 2 0 -2 1 -1 2 0 -2 1 -1 2 0 -2 1 -1 2 0 601 1 -1 2 0 -2 1 -1 2 0 -2 1 -1 2 0 -2 1 -1 2 0 -2 1 -1 2 0 -2 1 -1 2 0 -2 1 -1 2 0 -2 1 -1 2 0 -2 1 -1 2 0 -2 1 -1 2 0 -2 1 -1 2 0 -2 1 -1 2 0 -2 1 -1 2 0 -2 1 -1 2 0 -2 1 -1 2 0 -2 1 -1 2 0 -2 1 -1 2 0 -2 1 -1 2 0
0 -1 -2 2 1 0 -1 -2 2 1 0 -1 -2 2 1 0 -1 -2 2 1 0 -1 -2 2 1 0 -1 -2 2 1 0 -1 -2 2 1 0 -1 -2 2 1 0 -1 -2 2 1 0 -1 -2 2 1 0 -1 -2 2 1 0 -1 -2 2 1 0 -1 -2 2 1 0 -1 -2 2 1 0 -1 -2 2 1 0 -1 -2 2 1 0 -1 -2 2 1 0 -1 -2 2 1 0 -1 -2 2 1 0 -1 -2 2 1 0 -1 -2 2 1 0 -1 -2 2 1 0 -1 -2 2 1 0 -1 -2 2 1 0 -1 -2 2 1 0 -1 -2 2 1 0 -1 -2 2 1 0 -1 -2 2 1 0 -1 -2 2 1 0 -1 -2 2 1 0 -1 -2 2 1 0 -1 -2 2 1 0 -1 -2 2 1 0 -1 -2 2 1 0 -1 -2 2 1 0 -1 -2 2 1 0 -1 -2 2 1 0 -1 -2 2 1 0 -1 -2 2 1 0 -1 -2 2 1 0 -1 -2 2 1 0 -1 -2 2 1 0 -1 -2 2 1 0 -1 -2 2 1 0 -1 -2 2 1 0 -1 -2 2 1 0 -1 -2 2 1 0 -1 -2 2 1 0 -1 -2 2 1 0 -1 -2 2 1 0 -1 -2 2 1 0 -1 -2 2 1 0 -1 -2 2 1 0 -1 -2 2 1 0 -1 -2 2 1 0 -1 -2 2 1 0 -1 -2 2 1 0 -1 -2 2 1 0 -1 -2 2 1 0 -1 -2 2 1 0 -1 -2 2 1 0 -1 -2 2 1 0 -1 -2 2 1 0 -1 -2 2 1 0 -1 -2 2 1 0 -1 -2 2 1 0 -1 -2 2 1 0 -1 -2 2 1 0 -1 -2 2 1 0 -1 -2 2 1 0 -1 -2 2 1 0 -1 -2 2 1 0 -1 -2 2 1 0 -1 -2 2 1 0 -1 -2 2 1 0 -1 -2 2 1 0 -1 -2 2 1 0 -1 -2 2 1 0 -1 -2 2 1 0 -1 -2 2 1 0 -1 -2 2 1 0 -1 -2 2 1 0 602 -2 2 1 0 -1 -2 2 1 0 -1 -2 2 1 0 -1 -2 2 1 0 -1 -2 2 1 0 -1 -2 2 1 0 -1 -2 2 1 0 -1 -2 2 1 0 -1 -2 2 1 0 -1 -2 2 1 0 -1 -2 2 1 0 -1 -2 2 1 0 -1 -2 2 1 0 -1 -2 2 1 0 -1 -2 2 1 0 -1 -2 2 1 0 -1 -2 2 1 0 -1 -2 2 1
2 2 2 2 2 2 2 2 2 2 2 2 2 2 2 2 2 2 2 2 2 2 2 2 2 2 2 2 2 2 2 2 2 2 2 2 2 2 2 2 2 2 2 2 2 2 2 2 2 2 2 2 2 2 2 2 2 2 2 2 2 2 2 2 2 2 2 2 2 2 2 2 2 2 2 2 2 2 2 2 2 2 2 2 2 2 2 2 2 2 2 2 2 2 2 2 2 2 2 2 2 2 2 2 2 2 2 2 2 2 2 2 2 2 2 2 2 2 2 2 2 2 2 2 2 2 2 2 2 2 2 2 2 2 2 2 2 2 2 2 2 2 2 2 2 2 2 2 2 2 2 2 2 2 2 2 2 2 2 2 2 2 2 2 2 2 2 2 2 2 2 2 2 2 2 2 2 2 2 2 2 2 2 2 2 2 2 2 2 2 2 2 2 2 2 2 2 2 2 2 2 2 2 2 2 2 2 2 2 2 2 2 2 2 2 2 2 2 2 2 2 2 2 2 2 2 2 2 2 2 2 2 2 2 2 2 2 2 2 2 2 2 2 2 2 2 2 2 2 2 2 2 2 2 2 2 2 2 2 2 2 2 2 2 2 2 2 2 2 2 2 2 2 2 2 2 2 2 2 2 2 2 2 2 2 2 2 2 2 2 2 2 2 2 2 2 2 2 2 2 2 2 2 2 2 2 2 2 2 2 2 2 2 2 2 2 2 2 2 2 2 2 2 2 2 2 2 2 2 2 2 2 2 2 2 2 2 2 2 2 2 2 2 2 2 2 2 2 2 2 2 2 2 2 2 2 2 2 2 2 2 2 2 2 2 2 2 2 2 2 2 2 2 2 2 2 2 2 2 2 2 2 2 2 2 2 2 2 2 2 2 2 2 2 2 2 2 2 2 2 2 2 2 2 2 2 2 2 2 2 2 2 1001 2 2 2 2 2 2 2 2 2 2 2 2 2 2 2 2 2 2 2 2 2 2 2 2 2 2 2 2 2 2 2 2 2 2 2 2 2 2 2 2 2 2 2 2 2 2 2 2 2 2 2 2 2 2 2 2 2 2 2 2 2 2 2 2 2 2 2 2 2 2 2 2 2 2 2 2 2 2 2 2 2 2 2 2 2 2 2
-1 0 1 2 -2 -1 0 1 2 -2 -1 0 1 2 -2 -1 0 1 2 -2 -1 0 1 2 -2 -1 0 1 2 -2 -1 0 1 2 -2 -1 0 1 2 -2 -1 0 1 2 -2 -1 0 1 2 -2 -1 0 1 2 -2 -1 0 1 2 -2 -1 0 1 2 -2 -1 0 1 2 -2 -1 0 1 2 -2 -1 0 1 2 -2 -1 0 1 2 -2 -1 0 1 2 -2 -1 0 1 2 -2 -1 0 1 2 -2 -1 0 1 2 -2 -1 0 1 2 -2 -1 0 1 2 -2 -1 0 1 2 -2 -1 0 1 2 -2 -1 0 1 2 -2 -1 0 1 2 -2 -1 0 1 2 -2 -1 0 1 2 -2 -1 0 1 2 -2 -1 0 1 2 -2 -1 0 1 2 -2 -1 0 1 2 -2 -1 0 1 2 -2 -1 0 1 2 -2 -1 0 1 2 -2 -1 0 1 2 -2 -1 0 1 2 -2 -1 0 1 2 -2 -1 0 1 2 -2 -1 0 1 2 -2 -1 0 1 2 -2 -1 0 1 2 -2 -1 0 1 2 -2 -1 0 1 2 -2 -1 0 1 2 -2 -1 0 1 2 -2 -1 0 1 2 -2 -1 0 1 2 -2 -1 0 1 2 -2 -1 0 1 2 -2 -1 0 1 2 -2 -1 0 1 2 -2 -1 0 1 2 -2 -1 0 1 2 -2 -1 0 1 2 -2 -1 0 1 2 -2 -1 0 1 2 -2 -1 0 1 2 -2 -1 0 1 2 -2 -1 0 1 2 -2 -1 0 1 2 -2 -1 0 1 2 -2 -1 0 1 2 -2 -1 0 1 2 -2 -1 0 1 2 -2 -1 0 1 2 -2 -1 0 1 2 -2 -1 0 1 2 -2 -1 0 1 2 -2 -1 0 1 2 -2 -1 0 1 2 -2 -1 0 1 2 -2 -1 0 1 2 -2 -1 0 1 2 -2 -1 0 1 2 -2 -1 0 1 2 -2 -1 0 1 2 -2 -1 0 1 2 -2 -1 0 1 2 -2 -1 0 1 2 -2 -1 0 1 2 -2 -1 0 1 601 -2 -1 0 1 2 -2 -1 0 1 2 -2 -1 0 1 2 -2 -1 0 1 2 -2 -1 0 1 2 -2 -1 0 1 2 -2 -1 0 1 2 -2 -1 0 1 2 -2 -1 0 1 2 -2 -1 0 1 2 -2 -1 0 1 2 -2 -1 0 1 2 -2 -1 0 1 2 -2 -1 0 1 2 -2 -1 0 1 2 -2 -1 0 1 2 -2 -1 0 1 2 -2
1 -2 0 2 -1 1 -2 0 2 -1 1 -2 0 2 -1 1 -2 0 2 -1 1 -2 0 2 -1 1 -2 0 2 -1 1 -2 0 2 -1 1 -2 0 2 -1 1 -2 0 2 -1 1 -2 0 2 -1 1 -2 0 2 -1 1 -2 0 2 -1 1 -2 0 2 -1 1 -2 0 2 -1 1 -2 0 2 -1 1 -2 0 2 -1 1 -2 0 2 -1 1 -2 0 2 -1 1 -2 0 2 -1 1 -2 0 2 -1 1 -2 0 2 -1 1 -2 0 2 -1 1 -2 0 2 -1 1 -2 0 2 -1 1 -2 0 2 -1 1 -2 0 2 -1 1 -2 0 2 -1 1 -2 0 2 -1 1 -2 0 2 -1 1 -2 0 2 -1 1 -2 0 2 -1 1 -2 0 2 -1 1 -2 0 2 -1 1 -2 0 2 -1 1 -2 0 2 -1 1 -2 0 2 -1 1 -2 0 2 -1 1 -2 0 2 -1 1 -2 0 2 -1 1 -2 0 2 -1 1 -2 0 2 -1 1 -2 0 2 -1 1 -2 0 2 -1 1 -2 0 2 -1 1 -2 0 2 -1 1 -2 0 2 -1 1 -2 0 2 -1 1 -2 0 2 -1 1 -2 0 2 -1 1 -2 0 2 -1 1 -2 0 2 -1 1 -2 0 2 -1 1 -2 0 2 -1 1 -2 0 2 -1 1 -2 0 2 -1 1 -2 0 2 -1 1 -2 0 2 -1 1 -2 0 2 -1 1 -2 0 2 -1 1 -2 0 2 -1 1 -2 0 2 -1 1 -2 0 2 -1 1 -2 0 2 -1 1 -2 0 2 -1 1 -2 0 2 -1 1 -2 0 2 -1 1 -2 0 2 -1 1 -2 0 2 -1 1 -2 0 2 -1 1 -2 0 2 -1 1 -2 0 2 -1 1 -2 0 2 -1 1 -2 0 2 -1 1 -2 0 2 -1 1 -2 0 2 -1 1 -2 0 2 -1 1 -2 0 2 -1 1 -2 0 2 -1 1 -2 0 2 -1 1 -2 0 2 -1 1 -2 0 2 -1 1 -2 0 2 -1 1 -2 0 2 602 1 -2 0 2 -1 1 -2 0 2 -1 1 -2 0 2 -1 1 -2 0 2 -1 1 -2 0 2 -1 1 -2 0 2 -1 1 -2 0 2 -1 1 -2 0 2 -1 1 -2 0 2 -1 1 -2 0 2 -1 1 -2 0 2 -1 1 -2 0 2 -1 1 -2 0 2 -1 1 -2 0 2 -1 1 -2 0 2 -1 1 -2 0 2 -1 1 -2 0 2 -1
-2 1 -1 2 0 -2 1 -1 2 0 -2 1 -1 2 0 -2 1 -1 2 0 -2 1 -1 2 0 -2 1 -1 2 0 -2 1 -1 2 0 -2 1 -1 2 0 -2 1 -1 2 0 -2 1 -1 2 0 -2 1 -1 2 0 -2 1 -1 2 0 -2 1 -1 2 0 -2 1 -1 2 0 -2 1 -1 2 0 -2 1 -1 2 0 -2 1 -1 2 0 -2 1 -1 2 0 -2 1 -1 2 0 -2 1 -1 2 0 -2 1 -1 2 0 -2 1 -1 2 0 -2 1 -1 2 0 -2 1 -1 2 0 -2 1 -1 2 0 -2 1 -1 2 0 -2 1 -1 2 0 -2 1 -1 2 0 -2 1 -1 2 0 -2 1 -1 2 0 -2 1 -1 2 0 -2 1 -1 2 0 -2 1 -1 2 0 -2 1 -1 2 0 -2 1 -1 2 0 -2 1 -1 2 0 -2 1 -1 2 0 -2 1 -1 2 0 -2 1 -1 2 0 -2 1 -1 2 0 -2 1 -1 2 0 -2 1 -1 2 0 -2 1 -1 2 0 -2 1 -1 2 0 -2 1 -1 2 0 -2 1 -1 2 0 -2 1 -1 2 0 -2 1 -1 2 0 -2 1 -1 2 0 -2 1 -1 2 0 -2 1 -1 2 0 -2 1 -1 2 0 -2 1 -1 2 0 -2 1 -1 2 0 -2 1 -1 2 0 -2 1 -1 2 0 -2 1 -1 2 0 -2 1 -1 2 0 -2 1 -1 2 0 -2 1 -1 2 0 -2 1 -1 2 0 -2 1 -1 2 0 -2 1 -1 2 0 -2 1 -1 2 0 -2 1 -1 2 0 -2 1 -1 2 0 -2 1 -1 2 0 -2 1 -1 2 0 -2 1 -1 2 0 -2 1 -1 2 0 -2 1 -1 2 0 -2 1 -1 2 0 -2 1 -1 2 0 -2 1 -1 2 0 -2 1 -1 2 0 -2 1 -1 2 0 -2 1 -1 2 0 -2 1 -1 2 0 -2 1 -1 2 0 -2 1 -1 2 0 -2 1 -1 2 0 -2 1 -1 2 0 -2 1 -1 2 0 601 1 -1 2 0 -2 1 -1 2 0 -2 1 -1 2 0 -2 1 -1 2 0 -2 1 -1 2 0 -2 1 -1 2 0 -2 1 -1 2 0 -2 1 -1 2 0 -2 1 -1 2 0 -2 1 -1 2 0 -2 1 -1 2 0 -2 1 -1 2 0 -2 1 -1 2 0 -2 1 -1 2 0 -2 1 -1 2 0 -2 1 -1 2 0 -2 1 -1 2 0
0 -1 -2 2 1 0 -1 -2 2 1 0 -1 -2 2 1 0 -1 -2 2 1 0 -1 -2 2 1 0 -1 -2 2 1 0 -1 -2 2 1 0 -1 -2 2 1 0 -1 -2 2 1 0 -1 -2 2 1 0 -1 -2 2 1 0 -1 -2 2 1 0 -1 -2 2 1 0 -1 -2 2 1 0 -1 -2 2 1 0 -1 -2 2 1 0 -1 -2 2 1 0 -1 -2 2 1 0 -1 -2 2 1 0 -1 -2 2 1 0 -1 -2 2 1 0 -1 -2 2 1 0 -1 -2 2 1 0 -1 -2 2 1 0 -1 -2 2 1 0 -1 -2 2 1 0 -1 -2 2 1 0 -1 -2 2 1 0 -1 -2 2 1 0 -1 -2 2 1 0 -1 -2 2 1 0 -1 -2 2 1 0 -1 -2 2 1 0 -1 -2 2 1 0 -1 -2 2 1 0 -1 -2 2 1 0 -1 -2 2 1 0 -1 -2 2 1 0 -1 -2 2 1 0 -1 -2 2 1 0 -1 -2 2 1 0 -1 -2 2 1 0 -1 -2 2 1 0 -1 -2 2 1 0 -1 -2 2 1 0 -1 -2 2 1 0 -1 -2 2 1 0 -1 -2 2 1 0 -1 -2 2 1 0 -1 -2 2 1 0 -1 -2 2 1 0 -1 -2 2 1 0 -1 -2 2 1 0 -1 -2 2 1 0 -1 -2 2 1 0 -1 -2 2 1 0 -1 -2 2 1 0 -1 -2 2 1 0 -1 -2 2 1 0 -1 -2 2 1 0 -1 -2 2 1 0 -1 -2 2 1 0 -1 -2 2 1 0 -1 -2 2 1 0 -1 -2 2 1 0 -1 -2 2 1 0 -1 -2 2 1 0 -1 -2 2 1 0 -1 -2 2 1 0 -1 -2 2 1 0 -1 -2 2 1 0 -1 -2 2 1 0 -1 -2 2 1 0 -1 -2 2 1 0 -1 -2 2 1 0 -1 -2 2 1 0 -1 -2 2 1 0 -1 -2 2 1 0 -1 -2 2 1 0 -1 -2 2 1 0 -1 -2 2 1 0 -1 -2 2 1 0 -1 -2 2 1 0 602 -2 2 1 0 -1 -2 2 1 0 -1 -2 2 1 0 -1 -2 2 1 0 -1 -2 2 1 0 -1 -2 2 1 0 -1 -2 2 1 0 -1 -2 2 1 0 -1 -2 2 1 0 -1 -2 2 1 0 -1 -2 2 1 0 -1 -2 2 1 0 -1 -2 2 1 0 -1 -2 2 1 0 -1 -2 2 1 0 -1 -2 2 1 0 -1 -2 2 1
2 2 2 2 2 2 2 2 2 2 2 2 2 2 2 2 2 2 2 2 2 2 2 2 2 2 2 2 2 2 2 2 2 2 2 2 2 2 2 2 2 2 2 2 2 2 2 2 2 2 2 2 2 2 2 2 2 2 2 2 2 2 2 2 2 2 2 2 2 2 2 2 2 2 2 2 2 2 2 2 2 2 2 2 2 2 2 2 2 2 2 2 2 2 2 2 2 2 2 2 2 2 2 2 2 2 2 2 2 2 2 2 2 2 2 2 2 2 2 2 2 2 2 2 2 2 2 2 2 2 2 2 2 2 2 2 2 2 2 2 2 2 2 2 2 2 2 2 2 2 2 2 2 2 2 2 2 2 2 2 2 2 2 2 2 2 2 2 2 2 2 2 2 2 2 2 2 2 2 2 2 2 2 2 2 2 2 2 2 2 2 2 2 2 2 2 2 2 2 2 2 2 2 2 2 2 2 2 2 2 2 2 2 2 2 2 2 2 2 2 2 2 2 2 2 2 2 2 2 2 2 2 2 2 2 2 2 2 2 2 2 2 2 2 2 2 2 2 2 2 2 2 2 2 2 2 2 2 2 2 2 2 2 2 2 2 2 2 2 2 2 2 2 2 2 2 2 2 2 2 2 2 2 2 2 2 2 2 2 2 2 2 2 2 2 2 2 2 2 2 2 2 2 2 2 2 2 2 2 2 2 2 2 2 2 2 2 2 2 2 2 2 2 2 2 2 2 2 2 2 2 2 2 2 2 2 2 2 2 2 2 2 2 2 2 2 2 2 2 2 2 2 2 2 2 2 2 2 2 2 2 2 2 2 2 2 2 2 2 2 2 2 2 2 2 2 2 2 2 2 2 2 2 2 2 2 2 2 2 2 2 2 2 2 2 2 2 2 2 2 2 2 2 2 2 2 2 2 2 2 2 2 2 2 2 2 2 1001 2 2 2 2 2 2 2 2 2 2 2 2 2 2 2 2 2 2 2 2 2 2 2 2 2 2 2 2 2 2 2 2 2 2 2 2 2 2 2 2 2 2 2 2 2 2 2 2 2 2 2 2 2 2 2 2 2 2 2 2 2 2 2 2 2 2 2 2 2 2 2 2 2 2 2 2 2 2 2 2 2 2
-1 0 1 2 -2 -1 0 1 2 -2 -1 0 1 2 -2 -1 0 1 2 -2 -1 0 1 2 -2 -1 0 1 2 -2 -1 0 1 2 -2 -1 0 1 2 -2 -1 0 1 2 -2 -1 0 1 2 -2 -1 0 1 2 -2 -1 0 1 2 -2 -1 0 1 2 -2 -1 0 1 2 -2 -1 0 1 2 -2 -1 0 1 2 -2 -1 0 1 2 -2 -1 0 1 2 -2 -1 0 1 2 -2 -1 0 1 2 -2 -1 0 1 2 -2 -1 0 1 2 -2 -1 0 1 2 -2 -1 0 1 2 -2 -1 0 1 2 -2 -1 0 1 2 -2 -1 0 1 2 -2 -1 0 1 2 -2 -1 0 1 2 -2 -1 0 1 2 -2 -1 0 1 2 -2 -1 0 1 2 -2 -1 0 1 2 -2 -1 0 1 2 -2 -1 0 1 2 -2 -1 0 1 2 -2 -1 0 1 2 -2 -1 0 1 2 -2 -1 0 1 2 -2 -1 0 1 2 -2 -1 0 1 2 -2 -1 0 1 2 -2 -1 0 1 2 -2 -1 0 1 2 -2 -1 0 1 2 -2 -1 0 1 2 -2 -1 0 1 2 -2 -1 0 1 2 -2 -1 0 1 2 -2 -1 0 1 2 -2 -1 0 1 2 -2 -1 0 1 2 -2 -1 0 1 2 -2 -1 0 1 2 -2 -1 0 1 2 -2 -1 0 1 2 -2 -1 0 1 2 -2 -1 0 1 2 -2 -1 0 1 2 -2 -1 0 1 2 -2 -1 0 1 2 -2 -1 0 1 2 -2 -1 0 1 2 -2 -1 0 1 2 -2 -1 0 1 2 -2 -1 0 1 2 -2 -1 0 1 2 -2 -1 0 1 2 -2 -1 0 1 2 -2 -1 0 1 2 -2 -1 0 1 2 -2 -1 0 1 2 -2 -1 0 1 2 -2 -1 0 1 2 -2 -1 0 1 2 -2 -1 0 1 2 -2 -1 0 1 2 -2 -1 0 1 2 -2 -1 0 1 2 -2 -1 0 1 2 -2 -1 0 1 2 -2 -1 0 1 2 -2 -1 0 1 2 -2 -1 0 1 601 -2 -1 0 1 2 -2 -1 0 1 2 -2 -1 0 1 2 -2 -1 0 1 2 -2 -1 0 1 2 -2 -1 0 1 2 -2 -1 0 1 2 -2 -1 0 1 2 -2 -1 0 1 2 -2 -1 0 1 2 -2 -1 0 1 2 -2 -1 0 1 2 -2 -1 0 1 2 -2 -1 0 1 2 -2 -1 0 1 2 -2 -1 0 1 2 -2
1 -2 0 2 -1 1 -2 0 2 -1 1 -2 0 2 -1 1 -2 0 2 -1 1 -2 0 2 -1 1 -2 0 2 -1 1 -2 0 2 -1 1 -2 0 2 -1 1 -2 0 2 -1 1 -2 0 2 -1 1 -2 0 2 -1 1 -2 0 2 -1 1 -2 0 2 -1 1 -2 0 2 -1 1 -2 0 2 -1 1 -2 0 2 -1 1 -2 0 2 -1 1 -2 0 2 -1 1 -2 0 2 -1 1 -2 0 2 -1 1 -2 0 2 -1 1 -2 0 2 -1 1 -2 0 2 -1 1 -2 0 2 -1 1 -2 0 2 -1 1 -2 0 2 -1 1 -2 0 2 -1 1 -2 0 2 -1 1 -2 0 2 -1 1 -2 0 2 -1 1 -2 0 2 -1 1 -2 0 2 -1 1 -2 0 2 -1 1 -2 0 2 -1 1 -2 0 2 -1 1 -2 0 2 -1 1 -2 0 2 -1 1 -2 0 2 -1 1 -2 0 2 -1 1 -2 0 2 -1 1 -2 0 2 -1 1 -2 0 2 -1 1 -2 0 2 -1 1 -2 0 2 -1 1 -2 0 2 -1 1 -2 0 2 -1 1 -2 0 2 -1 1 -2 0 2 -1 1 -2 0 2 -1 1 -2 0 2 -1 1 -2 0 2 -1 1 -2 0 2 -1 1 -2 0 2 -1 1 -2 0 2 -1 1 -2 0 2 -1 1 -2 0 2 -1 1 -2 0 2 -1 1 -2 0 2 -1 1 -2 0 2 -1 1 -2 0 2 -1 1 -2 0 2 -1 1 -2 0 2 -1 1 -2 0 2 -1 1 -2 0 2 -1 1 -2 0 2 -1 1 -2 0 2 -1 1 -2 0 2 -1 1 -2 0 2 -1 1 -2 0 2 -1 1 -2 0 2 -1 1 -2 0 2 -1 1 -2 0 2 -1 1 -2 0 2 -1 1 -2 0 2 -1 1 -2 0 2 -1 1 -2 0 2 -1 1 -2 0 2 -1 1 -2 0 2 -1 1 -2 0 2 -1 1 -2 0 2 -1 1 -2 0 2 -1 1 -2 0 2 -1 1 -2 0 2 -1 1 -2 0 2 602 1 -2 0 2 -1 1 -2 0 2 -1 1 -2 0 2 -1 1 -2 0 2 -1 1 -2 0 2 -1 1 -2 0 2 -1 1 -2 0 2 -1 1 -2 0 2 -1 1 -2 0 2 -1 1 -2 0 2 -1 1 -2 0 2 -1 1 -2 0 2 -1 1 -2 0 2 -1 1 -2 0 2 -1 1 -2 0 2 -1 1 -2 0 2 -1
-2 1 -1 2 0 -2 1 -1 2 0 -2 1 -1 2 0 -2 1 -1 2 0 -2 1 -1 2 0 -2 1 -1 2 0 -2 1 -1 2 0 -2 1 -1 2 0 -2 1 -1 2 0 -2 1 -1 2 0 -2 1 -1 2 0 -2 1 -1 2 0 -2 1 -1 2 0 -2 1 -1 2 0 -2 1 -1 2 0 -2 1 -1 2 0 -2 1 -1 2 0 -2 1 -1 2 0 -2 1 -1 2 0 -2 1 -1 2 0 -2 1 -1 2 0 -2 1 -1 2 0 -2 1 -1 2 0 -2 1 -1 2 0 -2 1 -1 2 0 -2 1 -1 2 0 -2 1 -1 2 0 -2 1 -1 2 0 -2 1 -1 2 0 -2 1 -1 2 0 -2 1 -1 2 0 -2 1 -1 2 0 -2 1 -1 2 0 -2 1 -1 2 0 -2 1 -1 2 0 -2 1 -1 2 0 -2 1 -1 2 0 -2 1 -1 2 0 -2 1 -1 2 0 -2 1 -1 2 0 -2 1 -1 2 0 -2 1 -1 2 0 -2 1 -1 2 0 -2 1 -1 2 0 -2 1 -1 2 0 -2 1 -1 2 0 -2 1 -1 2 0 -2 1 -1 2 0 -2 1 -1 2 0 -2 1 -1 2 0 -2 1 -1 2 0 -2 1 -1 2 0 -2 1 -1 2 0 -2 1 -1 2 0 -2 1 -1 2 0 -2 1 -1 2 0 -2 1 -1 2 0 -2 1 -1 2 0 -2 1 -1 2 0 -2 1 -1 2 0 -2 1 -1 2 0 -2 1 -1 2 0 -2 1 -1 2 0 -2 1 -1 2 0 -2 1 -1 2 0 -2 1 -1 2 0 -2 1 -1 2 0 -2 1 -1 2 0 -2 1 -1 2 0 -2 1 -1 2 0 -2 1 -1 2 0 -2 1 -1 2 0 -2 1 -1 2 0 -2 1 -1 2 0 -2 1 -1 2 0 -2 1 -1 2 0 -2 1 -1 2 0 -2 1 -1 2 0 -2 1 -1 2 0 -2 1 -1 2 0 -2 1 -1 2 0 -2 1 -1 2 0 -2 1 -1 2 0 -2 1 -1 2 0 601 1 -1 2 0 -2 1 -1 2 0 -2 1 -1 2 0 -2 1 -1 2 0 -2 1 -1 2 0 -2 1 -1 2 0 -2 1 -1 2 0 -2 1 -1 2 0 -2 1 -1 2 0 -2 1 -1 2 0 -2 1 -1 2 0 -2 1 -1 2 0 -2 1 -1 2 0 -2 1 -1 2 0 -2 1 -1 2 0 -2 1 -1 2 0
0 -1 -2 2 1 0 -1 -2 2 1 0 -1 -2 2 1 0 -1 -2 2 1 0 -1 -2 2 1 0 -1 -2 2 1 0 -1 -2 2 1 0 -1 -2 2 1 0 -1 -2 2 1 0 -1 -2 2 1 0 -1 -2 2 1 0 -1 -2 2 1 0 -1 -2 2 1 0 -1 -2 2 1 0 -1 -2 2 1 0 -1 -2 2 1 0 -1 -2 2 1 0 -1 -2 2 1 0 -1 -2 2 1 0 -1 -2 2 1 0 -1 -2 2 1 0 -1 -2 2 1 0 -1 -2 2 1 0 -1 -2 2 1 0 -1 -2 2 1 0 -1 -2 2 1 0 -1 -2 2 1 0 -1 -2 2 1 0 -1 -2 2 1 0 -1 -2 2 1 0 -1 -2 2 1 0 -1 -2 2 1 0 -1 -2 2 1 0 -1 -2 2 1 0 -1 -2 2 1 0 -1 -2 2 1 0 -1 -2 2 1 0 -1 -2 2 1 0 -1 -2 2 1 0 -1 -2 2 1 0 -1 -2 2 1 0 -1 -2 2 1 0 -1 -2 2 1 0 -1 -2 2 1 0 -1 -2 2 1 0 -1 -2 2 1 0 -1 -2 2 1 0 -1 -2 2 1 0 -1 -2 2 1 0 -1 -2 2 1 0 -1 -2 2 1 0 -1 -2 2 1 0 -1 -2 2 1 0 -1 -2 2 1 0 -1 -2 2 1 0 -1 -2 2 1 0 -1 -2 2 1 0 -1 -2 2 1 0 -1 -2 2 1 0 -1 -2 2 1 0 -1 -2 2 1 0 -1 -2 2 1 0 -1 -2 2 1 0 -1 -2 2 1 0 -1 -2 2 1 0 -1 -2 2 1 0 -1 -2 2 1 0 -1 -2 2 1 0 -1 -2 2 1 0 -1 -2 2 1 0 -1 -2 2 1 0 -1 -2 2 1 0 -1 -2 2 1 0 -1 -2 2 1 0 -1 -2 2 1 0 -1 -2 2 1 0 -1 -2 2 1 0 -1 -2 2 1 0 -1 -2 2 1 0 -1 -2 2 1 0 -1 -2 2 1 0 -1 -2 2 1 0 -1 -2 2 1 0 -1 -2 2 1 0 602 -2 2 1 0 -1 -2 2 1 0 -1 -2 2 1 0 -1 -2 2 1 0 -1 -2 2 1 0 -1 -2 2 1 0 -1 -2 2 1 0 -1 -2 2 1 0 -1 -2 2 1 0 -1 -2 2 1 0 -1 -2 2 1 0 -1 -2 2 1 0 -1 -2 2 1 0 -1 -2 2 1 0 -1 -2 2 1 0 -1 -2 2 1
2 2 2 2 2 2 2 2 2 2 2 2 2 2 2 2 2 2 2 2 2 2 2 2 2 2 2 2 2 2 2 2 2 2 2 2 2 2 2 2 2 2 2 2 2 2 2 2 2 2 2 2 2 2 2 2 2 2 2 2 2 2 2 2 2 2 2 2 2 2 2 2 2 2 2 2 2 2 2 2 2 2 2 2 2 2 2 2 2 2 2 2 2 2 2 2 2 2 2 2 2 2 2 2 2 2 2 2 2 2 2 2 2 2 2 2 2 2 2 2 2 2 2 2 2 2 2 2 2 2 2 2 2 2 2 2 2 2 2 2 2 2 2 2 2 2 2 2 2 2 2 2 2 2 2 2 2 2 2 2 2 2 2 2 2 2 2 2 2 2 2 2 2 2 2 2 2 2 2 2 2 2 2 2 2 2 2 2 2 2 2 2 2 2 2 2 2 2 2 2 2 2 2 2 2 2 2 2 2 2 2 2 2 2 2 2 2 2 2 2 2 2 2 2 2 2 2 2 2 2 2 2 2 2 2 2 2 2 2 2 2 2 2 2 2 2 2 2 2 2 2 2 2 2 2 2 2 2 2 2 2 2 2 2 2 2 2 2 2 2 2 2 2 2 2 2 2 2 2 2 2 2 2 2 2 2 2 2 2 2 2 2 2 2 2 2 2 2 2 2 2 2 2 2 2 2 2 2 2 2 2 2 2 2 2 2 2 2 2 2 2 2 2 2 2 2 2 2 2 2 2 2 2 2 2 2 2 2 2 2 2 2 2 2 2 2 2 2 2 2 2 2 2 2 2 2 2 2 2 2 2 2 2 2 2 2 2 2 2 2 2 2 2 2 2 2 2 2 2 2 2 2 2 2 2 2 2 2 2 2 2 2 2 2 2 2 2 2 2 2 2 2 2 2 2 2 2 2 2 2 2 2 2 2 2 2 2 2 2 2 2 2 1001 2 2 2 2 2 2 2 2 2 2 2 2 2 2 2 2 2 2 2 2 2 2 2 2 2 2 2 2 2 2 2 2 2 2 2 2 2 2 2 2 2 2 2 2 2 2 2 2 2 2 2 2 2 2 2 2 2 2 2 2 2 2 2 2 2 2 2 2 2 2 2 2 2 2 2 2 2
-1 0 1 2 -2 -1 0 1 2 -2 -1 0 1 2 -2 -1 0 1 2 -2 -1 0 1 2 -2 -1 0 1 2 -2 -1 0 1 2 -2 -1 0 1 2 -2 -1 0 1 2 -2 -1 0 1 2 -2 -1 0 1 2 -2 -1 0 1 2 -2 -1 0 1 2 -2 -1 0 1 2 -2 -1 0 1 2 -2 -1 0 1 2 -2 -1 0 1 2 -2 -1 0 1 2 -2 -1 0 1 2 -2 -1 0 1 2 -2 -1 0 1 2 -2 -1 0 1 2 -2 -1 0 1 2 -2 -1 0 1 2 -2 -1 0 1 2 -2 -1 0 1 2 -2 -1 0 1 2 -2 -1 0 1 2 -2 -1 0 1 2 -2 -1 0 1 2 -2 -1 0 1 2 -2 -1 0 1 2 -2 -1 0 1 2 -2 -1 0 1 2 -2 -1 0 1 2 -2 -1 0 1 2 -2 -1 0 1 2 -2 -1 0 1 2 -2 -1 0 1 2 -2 -1 0 1 2 -2 -1 0 1 2 -2 -1 0 1 2 -2 -1 0 1 2 -2 -1 0 1 2 -2 -1 0 1 2 -2 -1 0 1 2 -2 -1 0 1 2 -2 -1 0 1 2 -2 -1 0 1 2 -2 -1 0 1 2 -2 -1 0 1 2 -2 -1 0 1 2 -2 -1 0 1 2 -2 -1 0 1 2 -2 -1 0 1 2 -2 -1 0 1 2 -2 -1 0 1 2 -2 -1 0 1 2 -2 -1 0 1 2 -2 -1 0 1 2 -2 -1 0 1 2 -2 -1 0 1 2 -2 -1 0 1 2 -2 -1 0 1 2 -2 -1 0 1 2 -2 -1 0 1 2 -2 -1 0 1 2 -2 -1 0 1 2 -2 -1 0 1 2 -2 -1 0 1 2 -2 -1 0 1 2 -2 -1 0 1 2 -2 -1 0 1 2 -2 -1 0 1 2 -2 -1 0 1 2 -2 -1 0 1 2 -2 -1 0 1 2 -2 -1 0 1 2 -2 -1 0 1 2 -2 -1 0 1 2 -2 -1 0 1 2 -2 -1 0 1 2 -2 -1 0 1 2 -2 -1 0 1 2 -2 -1 0 1 601 -2 -1 0 1 2 -2 -1 0 1 2 -2 -1 0 1 2 -2 -1 0 1 2 -2 -1 0 1 2 -2 -1 0 1 2 -2 -1 0 1 2 -2 -1 0 1 2 -2 -1 0 1 2 -2 -1 0 1 2 -2 -1 0 1 2 -2 -1 0 1 2 -2 -1 0 1 2 -2 -1 0 1 2 -2 -1 0 1 2 -2
1 -2 0 2 -1 1 -2 0 2 -1 1 -2 0 2 -1 1 -2 0 2 -1 1 -2 0 2 -1 1 -2 0 2 -1 1 -2 0 2 -1 1 -2 0 2 -1 1 -2 0 2 -1 1 -2 0 2 -1 1 -2 0 2 -1 1 -2 0 2 -1 1 -2 0 2 -1 1 -2 0 2 -1 1 -2 0 2 -1 1 -2 0 2 -1 1 -2 0 2 -1 1 -2 0 2 -1 1 -2 0 2 -1 1 -2 0 2 -1 1 -2 0 2 -1 1 -2 0 2 -1 1 -2 0 2 -1 1 -2 0 2 -1 1 -2 0 2 -1 1 -2 0 2 -1 1 -2 0 2 -1 1 -2 0 2 -1 1 -2 0 2 -1 1 -2 0 2 -1 1 -2 0 2 -1 1 -2 0 2 -1 1 -2 0 2 -1 1 -2 0 2 -1 1 -2 0 2 -1 1 -2 0 2 -1 1 -2 0 2 -1 1 -2 0 2 -1 1 -2 0 2 -1 1 -2 0 2 -1 1 -2 0 2 -1 1 -2 0 2 -1 1 -2 0 2 -1 1 -2 0 2 -1 1 -2 0 2 -1 1 -2 0 2 -1 1 -2 0 2 -1 1 -2 0 2 -1 1 -2 0 2 -1 1 -2 0 2 -1 1 -2 0 2 -1 1 -2 0 2 -1 1 -2 0 2 -1 1 -2 0 2 -1 1 -2 0 2 -1 1 -2 0 2 -1 1 -2 0 2 -1 1 -2 0 2 -1 1 -2 0 2 -1 1 -2 0 2 -1 1 -2 0 2 -1 1 -2 0 2 -1 1 -2 0 2 -1 1 -2 0 2 -1 1 -2 0 2 -1 1 -2 0 2 -1 1 -2 0 2 -1 1 -2 0 2 -1 1 -2 0 2 -1 1 -2 0 2 -1 1 -2 0 2 -1 1 -2 0 2 -1 1 -2 0 2 -1 1 -2 0 2 -1 1 -2 0 2 -1 1 -2 0 2 -1 1 -2 0 2 -1 1 -2 0 2 -1 1 -2 0 2 -1 1 -2 0 2 -1 1 -2 0 2 -1 1 -2 0 2 -1 1 -2 0 2 -1 1 -2 0 2 -1 1 -2 0 2 602 1 -2 0 2 -1 1 -2 0 2 -1 1 -2 0 2 -1 1 -2 0 2 -1 1 -2 0 2 -1 1 -2 0 2 -1 1 -2 0 2 -1 1 -2 0 2 -1 1 -2 0 2 -1 1 -2 0 2 -1 1 -2 0 2 -1 1 -2 0 2 -1 1 -2 0 2 -1 1 -2 0 2 -1 1 -2 0 2 -1
-2 1 -1 2 0 -2 1 -1 2 0 -2 1 -1 2 0 -2 1 -1 2 0 -2 1 -1 2 0 -2 1 -1 2 0 -2 1 -1 2 0 -2 1 -1 2 0 -2 1 -1 2 0 -2 1 -1 2 0 -2 1 -1 2 0 -2 1 -1 2 0 -2 1 -1 2 0 -2 1 -1 2 0 -2 1 -1 2 0 -2 1 -1 2 0 -2 1 -1 2 0 -2 1 -1 2 0 -2 1 -1 2 0 -2 1 -1 2 0 -2 1 -1 2 0 -2 1 -1 2 0 -2 1 -1 2 0 -2 1 -1 2 0 -2 1 -1 2 0 -2 1 -1 2 0 -2 1 -1 2 0 -2 1 -1 2 0 -2 1 -1 2 0 -2 1 -1 2 0 -2 1 -1 2 0 -2 1 -1 2 0 -2 1 -1 2 0 -2 1 -1 2 0 -2 1 -1 2 0 -2 1 -1 2 0 -2 1 -1 2 0 -2 1 -1 2 0 -2 1 -1 2 0 -2 1 -1 2 0 -2 1 -1 2 0 -2 1 -1 2 0 -2 1 -1 2 0 -2 1 -1 2 0 -2 1 -1 2 0 -2 1 -1 2 0 -2 1 -1 2 0 -2 1 -1 2 0 -2 1 -1 2 0 -2 1 -1 2 0 -2 1 -1 2 0 -2 1 -1 2 0 -2 1 -1 2 0 -2 1 -1 2 0 -2 1 -1 2 0 -2 1 -1 2 0 -2 1 -1 2 0 -2 1 -1 2 0 -2 1 -1 2 0 -2 1 -1 2 0 -2 1 -1 2 0 -2 1 -1 2 0 -2 1 -1 2 0 -2 1 -1 2 0 -2 1 -1 2 0 -2 1 -1 2 0 -2 1 -1 2 0 -2 1 -1 2 0 -2 1 -1 2 0 -2 1 -1 2 0 -2 1 -1 2 0 -2 1 -1 2 0 -2 1 -1 2 0 -2 1 -1 2 0 -2 1 -1 2 0 -2 1 -1 2 0 -2 1 -1 2 0 -2 1 -1 2 0 -2 1 -1 2 0 -2 1 -1 2 0 -2 1 -1 2 0 -2 1 -1 2 0 -2 1 -1 2 0 -2 1 -1 2 0 -2 1 -1 2 0 601 1 -1 2 0 -2 1 -1 2 0 -2 1 -1 2 0 -2 1 -1 2 0 -2 1 -1 2 0 -2 1 -1 2 0 -2 1 -1 2 0 -2 1 -1 2 0 -2 1 -1 2 0 -2 1 -1 2 0 -2 1 -1 2 0 -2 1 -1 2 0 -2 1 -1 2 0 -2 1 -1 2 0 -2 1 -1 2 0
0 -1 -2 2 1 0 -1 -2 2 1 0 -1 -2 2 1 0 -1 -2 2 1 0 -1 -2 2 1 0 -1 -2 2 1 0 -1 -2 2 1 0 -1 -2 2 1 0 -1 -2 2 1 0 -1 -2 2 1 0 -1 -2 2 1 0 -1 -2 2 1 0 -1 -2 2 1 0 -1 -2 2 1 0 -1 -2 2 1 0 -1 -2 2 1 0 -1 -2 2 1 0 -1 -2 2 1 0 -1 -2 2 1 0 -1 -2 2 1 0 -1 -2 2 1 0 -1 -2 2 1 0 -1 -2 2 1 0 -1 -2 2 1 0 -1 -2 2 1 0 -1 -2 2 1 0 -1 -2 2 1 0 -1 -2 2 1 0 -1 -2 2 1 0 -1 -2 2 1 0 -1 -2 2 1 0 -1 -2 2 1 0 -1 -2 2 1 0 -1 -2 2 1 0 -1 -2 2 1 0 -1 -2 2 1 0 -1 -2 2 1 0 -1 -2 2 1 0 -1 -2 2 1 0 -1 -2 2 1 0 -1 -2 2 1 0 -1 -2 2 1 0 -1 -2 2 1 0 -1 -2 2 1 0 -1 -2 2 1 0 -1 -2 2 1 0 -1 -2 2 1 0 -1 -2 2 1 0 -1 -2 2 1 0 -1 -2 2 1 0 -1 -2 2 1 0 -1 -2 2 1 0 -1 -2 2 1 0 -1 -2 2 1 0 -1 -2 2 1 0 -1 -2 2 1 0 -1 -2 2 1 0 -1 -2 2 1 0 -1 -2 2 1 0 -1 -2 2 1 0 -1 -2 2 1 0 -1 -2 2 1 0 -1 -2 2 1 0 -1 -2 2 1 0 -1 -2 2 1 0 -1 -2 2 1 0 -1 -2 2 1 0 -1 -2 2 1 0 -1 -2 2 1 0 -1 -2 2 1 0 -1 -2 2 1 0 -1 -2 2 1 0 -1 -2 2 1 0 -1 -2 2 1 0 -1 -2 2 1 0 -1 -2 2 1 0 -1 -2 2 1 0 -1 -2 2 1 0 -1 -2 2 1 0 -1 -2 2 1 0 -1 -2 2 1 0 -1 -2 2 1 0 -1 -2 2 1 0 -1 -2 2 1 0 -1 -2 2 1 0 602 -2 2 1 0 -1 -2 2 1 0 -1 -2 2 1 0 -1 -2 2 1 0 -1 -2 2 1 0 -1 -2 2 1 0 -1 -2 2 1 0 -1 -2 2 1 0 -1 -2 2 1 0 -1 -2 2 1 0 -1 -2 2 1 0 -1 -2 2 1 0 -1 -2 2 1 0 -1 -2 2 1 0 -1 -2 2 1
2 2 2 2 2 2 2 2 2 2 2 2 2 2 2 2 2 2 2 2 2 2 2 2 2 2 2 2 2 2 2 2 2 2 2 2 2 2 2 2 2 2 2 2 2 2 2 2 2 2 2 2 2 2 2 2 2 2 2 2 2 2 2 2 2 2 2 2 2 2 2 2 2 2 2 2 2 2 2 2 2 2 2 2 2 2 2 2 2 2 2 2 2 2 2 2 2 2 2 2 2 2 2 2 2 2 2 2 2 2 2 2 2 2 2 2 2 2 2 2 2 2 2 2 2 2 2 2 2 2 2 2 2 2 2 2 2 2 2 2 2 2 2 2 2 2 2 2 2 2 2 2 2 2 2 2 2 2 2 2 2 2 2 2 2 2 2 2 2 2 2 2 2 2 2 2 2 2 2 2 2 2 2 2 2 2 2 2 2 2 2 2 2 2 2 2 2 2 2 2 2 2 2 2 2 2 2 2 2 2 2 2 2 2 2 2 2 2 2 2 2 2 2 2 2 2 2 2 2 2 2 2 2 2 2 2 2 2 2 2 2 2 2 2 2 2 2 2 2 2 2 2 2 2 2 2 2 2 2 2 2 2 2 2 2 2 2 2 2 2 2 2 2 2 2 2 2 2 2 2 2 2 2 2 2 2 2 2 2 2 2 2 2 2 2 2 2 2 2 2 2 2 2 2 2 2 2 2 2 2 2 2 2 2 2 2 2 2 2 2 2 2 2 2 2 2 2 2 2 2 2 2 2 2 2 2 2 2 2 2 2 2 2 2 2 2 2 2 2 2 2 2 2 2 2 2 2 2 2 2 2 2 2 2 2 2 2 2 2 2 2 2 2 2 2 2 2 2 2 2 2 2 2 2 2 2 2 2 2 2 2 2 2 2 2 2 2 2 2 2 2 2 2 2 2 2 2 2 2 2 2 2 2 2 2 2 2 2 2 2 2 2 2 2 2 2 2 1001 2 2 2 2 2 2 2 2 2 2 2 2 2 2 2 2 2 2 2 2 2 2 2 2 2 2 2 2 2 2 2 2 2 2 2 2 2 2 2 2 2 2 2 2 2 2 2 2 2 2 2 2 2 2 2 2 2 2 2 2 2 2 2 2 2 2 2 2 2 2 2 2
-1 0 1 2 -2 -1 0 1 2 -2 -1 0 1 2 -2 -1 0 1 2 -2 -1 0 1 2 -2 -1 0 1 2 -2 -1 0 1 2 -2 -1 0 1 2 -2 -1 0 1 2 -2 -1 0 1 2 -2 -1 0 1 2 -2 -1 0 1 2 -2 -1 0 1 2 -2 -1 0 1 2 -2 -1 0 1 2 -2 -1 0 1 2 -2 -1 0 1 2 -2 -1 0 1 2 -2 -1 0 1 2 -2 -1 0 1 2 -2 -1 0 1 2 -2 -1 0 1 2 -2 -1 0 1 2 -2 -1 0 1 2 -2 -1 0 1 2 -2 -1 0 1 2 -2 -1 0 1 2 -2 -1 0 1 2 -2 -1 0 1 2 -2 -1 0 1 2 -2 -1 0 1 2 -2 -1 0 1 2 -2 -1 0 1 2 -2 -1 0 1 2 -2 -1 0 1 2 -2 -1 0 1 2 -2 -1 0 1 2 -2 -1 0 1 2 -2 -1 0 1 2 -2 -1 0 1 2 -2 -1 0 1 2 -2 -1 0 1 2 -2 -1 0 1 2 -2 -1 0 1 2 -2 -1 0 1 2 -2 -1 0 1 2 -2 -1 0 1 2 -2 -1 0 1 2 -2 -1 0 1 2 -2 -1 0 1 2 -2 -1 0 1 2 -2 -1 0 1 2 -2 -1 0 1 2 -2 -1 0 1 2 -2 -1 0 1 2 -2 -1 0 1 2 -2 -1 0 1 2 -2 -1 0 1 2 -2 -1 0 1 2 -2 -1 0 1 2 -2 -1 0 1 2 -2 -1 0 1 2 -2 -1 0 1 2 -2 -1 0 1 2 -2 -1 0 1 2 -2 -1 0 1 2 -2 -1 0 1 2 -2 -1 0 1 2 -2 -1 0 1 2 -2 -1 0 1 2 -2 -1 0 1 2 -2 -1 0 1 2 -2 -1 0 1 2 -2 -1 0 1 2 -2 -1 0 1 2 -2 -1 0 1 2 -2 -1 0 1 2 -2 -1 0 1 2 -2 -1 0 1 2 -2 -1 0 1 2 -2 -1 0 1 2 -2 -1 0 1 2 -2 -1 0 1 2 -2 -1 0 1 2 -2 -1 0 1 2 -2 -1 0 1 601 -2 -1 0 1 2 -2 -1 0 1 2 -2 -1 0 1 2 -2 -1 0 1 2 -2 -1 0 1 2 -2 -1 0 1 2 -2 -1 0 1 2 -2 -1 0 1 2 -2 -1 0 1 2 -2 -1 0 1 2 -2 -1 0 1 2 -2 -1 0 1 2 -2 -1 0 1 2 -2 -1 0 1 2 -2
1 -2 0 2 -1 1 -2 0 2 -1 1 -2 0 2 -1 1 -2 0 2 -1 1 -2 0 2 -1 1 -2 0 2 -1 1 -2 0 2 -1 1 -2 0 2 -1 1 -2 0 2 -1 1 -2 0 2 -1 1 -2 0 2 -1 1 -2 0 2 -1 1 -2 0 2 -1 1 -2 0 2 -1 1 -2 0 2 -1 1 -2 0 2 -1 1 -2 0 2 -1 1 -2 0 2 -1 1 -2 0 2 -1 1 -2 0 2 -1 1 -2 0 2 -1 1 -2 0 2 -1 1 -2 0 2 -1 1 -2 0 2 -1 1 -2 0 2 -1 1 -2 0 2 -1 1 -2 0 2 -1 1 -2 0 2 -1 1 -2 0 2 -1 1 -2 0 2 -1 1 -2 0 2 -1 1 -2 0 2 -1 1 -2 0 2 -1 1 -2 0 2 -1 1 -2 0 2 -1 1 -2 0 2 -1 1 -2 0 2 -1 1 -2 0 2 -1 1 -2 0 2 -1 1 -2 0 2 -1 1 -2 0 2 -1 1 -2 0 2 -1 1 -2 0 2 -1 1 -2 0 2 -1 1 -2 0 2 -1 1 -2 0 2 -1 1 -2 0 2 -1 1 -2 0 2 -1 1 -2 0 2 -1 1 -2 0 2 -1 1 -2 0 2 -1 1 -2 0 2 -1 1 -2 0 2 -1 1 -2 0 2 -1 1 -2 0 2 -1 1 -2 0 2 -1 1 -2 0 2 -1 1 -2 0 2 -1 1 -2 0 2 -1 1 -2 0 2 -1 1 -2 0 2 -1 1 -2 0 2 -1 1 -2 0 2 -1 1 -2 0 2 -1 1 -2 0 2 -1 1 -2 0 2 -1 1 -2 0 2 -1 1 -2 0 2 -1 1 -2 0 2 -1 1 -2 0 2 -1 1 -2 0 2 -1 1 -2 0 2 -1 1 -2 0 2 -1 1 -2 0 2 -1 1 -2 0 2 -1 1 -2 0 2 -1 1 -2 0 2 -1 1 -2 0 2 -1 1 -2 0 2 -1 1 -2 0 2 -1 1 -2 0 2 -1 1 -2 0 2 -1 1 -2 0 2 -1 1 -2 0 2 -1 1 -2 0 2 -1 1 -2 0 2 602 1 -2 0 2 -1 1 -2 0 2 -1 1 -2 0 2 -1 1 -2 0 2 -1 1 -2 0 2 -1 1 -2 0 2 -1 1 -2 0 2 -1 1 -2 0 2 -1 1 -2 0 2 -1 1 -2 0 2 -1 1 -2 0 2 -1 1 -2 0 2 -1 1 -2 0 2 -1 1 -2 0 2 -1
-2 1 -1 2 0 -2 1 -1 2 0 -2 1 -1 2 0 -2 1 -1 2 0 -2 1 -1 2 0 -2 1 -1 2 0 -2 1 -1 2 0 -2 1 -1 2 0 -2 1 -1 2 0 -2 1 -1 2 0 -2 1 -1 2 0 -2 1 -1 2 0 -2 1 -1 2 0 -2 1 -1 2 0 -2 1 -1 2 0 -2 1 -1 2 0 -2 1 -1 2 0 -2 1 -1 2 0 -2 1 -1 2 0 -2 1 -1 2 0 -2 1 -1 2 0 -2 1 -1 2 0 -2 1 -1 2 0 -2 1 -1 2 0 -2 1 -1 2 0 -2 1 -1 2 0 -2 1 -1 2 0 -2 1 -1 2 0 -2 1 -1 2 0 -2 1 -1 2 0 -2 1 -1 2 0 -2 1 -1 2 0 -2 1 -1 2 0 -2 1 -1 2 0 -2 1 -1 2 0 -2 1 -1 2 0 -2 1 -1 2 0 -2 1 -1 2 0 -2 1 -1 2 0 -2 1 -1 2 0 -2 1 -1 2 0 -2 1 -1 2 0 -2 1 -1 2 0 -2 1 -1 2 0 -2 1 -1 2 0 -2 1 -1 2 0 -2 1 -1 2 0 -2 1 -1 2 0 -2 1 -1 2 0 -2 1 -1 2 0 -2 1 -1 2 0 -2 1 -1 2 0 -2 1 -1 2 0 -2 1 -1 2 0 -2 1 -1 2 0 -2 1 -1 2 0 -2 1 -1 2 0 -2 1 -1 2 0 -2 1 -1 2 0 -2 1 -1 2 0 -2 1 -1 2 0 -2 1 -1 2 0 -2 1 -1 2 0 -2 1 -1 2 0 -2 1 -1 2 0 -2 1 -1 2 0 -2 1 -1 2 0 -2 1 -1 2 0 -2 1 -1 2 0 -2 1 -1 2 0 -2 1 -1 2 0 -2 1 -1 2 0 -2 1 -1 2 0 -2 1 -1 2 0 -2 1 -1 2 0 -2 1 -1 2 0 -2 1 -1 2 0 -2 1 -1 2 0 -2 1 -1 2 0 -2 1 -1 2 0 -2 1 -1 2 0 -2 1 -1 2 0 -2 1 -1 2 0 -2 1 -1 2 0 -2 1 -1 2 0 -2 1 -1 2 0 601 1 -1 2 0 -2 1 -1 2 0 -2 1 -1 2 0 -2 1 -1 2 0 -2 1 -1 2 0 -2 1 -1 2 0 -2 1 -1 2 0 -2 1 -1 2 0 -2 1 -1 2 0 -2 1 -1 2 0 -2 1 -1 2 0 -2 1 -1 2 0 -2 1 -1 2 0 -2 1 -1 2 0
0 -1 -2 2 1 0 -1 -2 2 1 0 -1 -2 2 1 0 -1 -2 2 1 0 -1 -2 2 1 0 -1 -2 2 1 0 -1 -2 2 1 0 -1 -2 2 1 0 -1 -2 2 1 0 -1 -2 2 1 0 -1 -2 2 1 0 -1 -2 2 1 0 -1 -2 2 1 0 -1 -2 2 1 0 -1 -2 2 1 0 -1 -2 2 1 0 -1 -2 2 1 0 -1 -2 2 1 0 -1 -2 2 1 0 -1 -2 2 1 0 -1 -2 2 1 0 -1 -2 2 1 0 -1 -2 2 1 0 -1 -2 2 1 0 -1 -2 2 1 0 -1 -2 2 1 0 -1 -2 2 1 0 -1 -2 2 1 0 -1 -2 2 1 0 -1 -2 2 1 0 -1 -2 2 1 0 -1 -2 2 1 0 -1 -2 2 1 0 -1 -2 2 1 0 -1 -2 2 1 0 -1 -2 2 1 0 -1 -2 2 1 0 -1 -2 2 1 0 -1 -2 2 1 0 -1 -2 2 1 0 -1 -2 2 1 0 -1 -2 2 1 0 -1 -2 2 1 0 -1 -2 2 1 0 -1 -2 2 1 0 -1 -2 2 1 0 -1 -2 2 1 0 -1 -2 2 1 0 -1 -2 2 1 0 -1 -2 2 1 0 -1 -2 2 1 0 -1 -2 2 1 0 -1 -2 2 1 0 -1 -2 2 1 0 -1 -2 2 1 0 -1 -2 2 1 0 -1 -2 2 1 0 -1 -2 2 1 0 -1 -2 2 1 0 -1 -2 2 1 0 -1 -2 2 1 0 -1 -2 2 1 0 -1 -2 2 1 0 -1 -2 2 1 0 -1 -2 2 1 0 -1 -2 2 1 0 -1 -2 2 1 0 -1 -2 2 1 0 -1 -2 2 1 0 -1 -2 2 1 0 -1 -2 2 1 0 -1 -2 2 1 0 -1 -2 2 1 0 -1 -2 2 1 0 -1 -2 2 1 0 -1 -2 2 1 0 -1 -2 2 1 0 -1 -2 2 1 0 -1 -2 2 1 0 -1 -2 2 1 0 -1 -2 2 1 0 -1 -2 2 1 0 -1 -2 2 1 0 -1 -2 2 1 0 -1 -2 2 1 0 -1 -2 2 1 0 602 -2 2 1 0 -1 -2 2 1 0 -1 -2 2 1 0 -1 -2 2 1 0 -1 -2 2 1 0 -1 -2 2 1 0 -1 -2 2 1 0 -1 -2 2 1 0 -1 -2 2 1 0 -1 -2 2 1 0 -1 -2 2 1 0 -1 -2 2 1 0 -1 -2 2 1 0 -1 -2 2 1
2 2 2 2 2 2 2 2 2 2 2 2 2 2 2 2 2 2 2 2 2 2 2 2 2 2 2 2 2 2 2 2 2 2 2 2 2 2 2 2 2 2 2 2 2 2 2 2 2 2 2 2 2 2 2 2 2 2 2 2 2 2 2 2 2 2 2 2 2 2 2 2 2 2 2 2 2 2 2 2 2 2 2 2 2 2 2 2 2 2 2 2 2 2 2 2 2 2 2 2 2 2 2 2 2 2 2 2 2 2 2 2 2 2 2 2 2 2 2 2 2 2 2 2 2 2 2 2 2 2 2 2 2 2 2 2 2 2 2 2 2 2 2 2 2 2 2 2 2 2 2 2 2 2 2 2 2 2 2 2 2 2 2 2 2 2 2 2 2 2 2 2 2 2 2 2 2 2 2 2 2 2 2 2 2 2 2 2 2 2 2 2 2 2 2 2 2 2 2 2 2 2 2 2 2 2 2 2 2 2 2 2 2 2 2 2 2 2 2 2 2 2 2 2 2 2 2 2 2 2 2 2 2 2 2 2 2 2 2 2 2 2 2 2 2 2 2 2 2 2 2 2 2 2 2 2 2 2 2 2 2 2 2 2 2 2 2 2 2 2 2 2 2 2 2 2 2 2 2 2 2 2 2 2 2 2 2 2 2 2 2 2 2 2 2 2 2 2 2 2 2 2 2 2 2 2 2 2 2 2 2 2 2 2 2 2 2 2 2 2 2 2 2 2 2 2 2 2 2 2 2 2 2 2 2 2 2 2 2 2 2 2 2 2 2 2 2 2 2 2 2 2 2 2 2 2 2 2 2 2 2 2 2 2 2 2 2 2 2 2 2 2 2 2 2 2 2 2 2 2 2 2 2 2 2 2 2 2 2 2 2 2 2 2 2 2 2 2 2 2 2 2 2 2 2 2 2 2 2 2 2 2 2 2 2 2 2 2 2 2 2 2 2 2 2 2 2 2 2 2 2 2 1001 2 2 2 2 2 2 2 2 2 2 2 2 2 2 2 2 2 2 2 2 2 2 2 2 2 2 2 2 2 2 2 2 2 2 2 2 2 2 2 2 2 2 2 2 2 2 2 2 2 2 2 2 2 2 2 2 2 2 2 2 2 2 2 2 2 2 2
-1 0 1 2 -2 -1 0 1 2 -2 -1 0 1 2 -2 -1 0 1 2 -2 -1 0 1 2 -2 -1 0 1 2 -2 -1 0 1 2 -2 -1 0 1 2 -2 -1 0 1 2 -2 -1 0 1 2 -2 -1 0 1 2 -2 -1 0 1 2 -2 -1 0 1 2 -2 -1 0 1 2 -2 -1 0 1 2 -2 -1 0 1 2 -2 -1 0 1 2 -2 -1 0 1 2 -2 -1 0 1 2 -2 -1 0 1 2 -2 -1 0 1 2 -2 -1 0 1 2 -2 -1 0 1 2 -2 -1 0 1 2 -2 -1 0 1 2 -2 -1 0 1 2 -2 -1 0 1 2 -2 -1 0 1 2 -2 -1 0 1 2 -2 -1 0 1 2 -2 -1 0 1 2 -2 -1 0 1 2 -2 -1 0 1 2 -2 -1 0 1 2 -2 -1 0 1 2 -2 -1 0 1 2 -2 -1 0 1 2 -2 -1 0 1 2 -2 -1 0 1 2 -2 -1 0 1 2 -2 -1 0 1 2 -2 -1 0 1 2 -2 -1 0 1 2 -2 -1 0 1 2 -2 -1 0 1 2 -2 -1 0 1 2 -2 -1 0 1 2 -2 -1 0 1 2 -2 -1 0 1 2 -2 -1 0 1 2 -2 -1 0 1 2 -2 -1 0 1 2 -2 -1 0 1 2 -2 -1 0 1 2 -2 -1 0 1 2 -2 -1 0 1 2 -2 -1 0 1 2 -2 -1 0 1 2 -2 -1 0 1 2 -2 -1 0 1 2 -2 -1 0 1 2 -2 -1 0 1 2 -2 -1 0 1 2 -2 -1 0 1 2 -2 -1 0 1 2 -2 -1 0 1 2 -2 -1 0 1 2 -2 -1 0 1 2 -2 -1 0 1 2 -2 -1 0 1 2 -2 -1 0 1 2 -2 -1 0 1 2 -2 -1 0 1 2 -2 -1 0 1 2 -2 -1 0 1 2 -2 -1 0 1 2 -2 -1 0 1 2 -2 -1 0 1 2 -2 -1 0 1 2 -2 -1 0 1 2 -2 -1 0 1 2 -2 -1 0 1 2 -2 -1 0 1 2 -2 -1 0 1 2 -2 -1 0 1 2 -2 -1 0 1 2 -2 -1 0 1 601 -2 -1 0 1 2 -2 -1 0 1 2 -2 -1 0 1 2 -2 -1 0 1 2 -2 -1 0 1 2 -2 -1 0 1 2 -2 -1 0 1 2 -2 -1 0 1 2 -2 -1 0 1 2 -2 -1 0 1 2 -2 -1 0 1 2 -2 -1 0 1 2 -2 -1 0 1 2 -2
1 -2 0 2 -1 1 -2 0 2 -1 1 -2 0 2 -1 1 -2 0 2 -1 1 -2 0 2 -1 1 -2 0 2 -1 1 -2 0 2 -1 1 -2 0 2 -1 1 -2 0 2 -1 1 -2 0 2 -1 1 -2 0 2 -1 1 -2 0 2 -1 1 -2 0 2 -1 1 -2 0 2 -1 1 -2 0 2 -1 1 -2 0 2 -1 1 -2 0 2 -1 1 -2 0 2 -1 1 -2 0 2 -1 1 -2 0 2 -1 1 -2 0 2 -1 1 -2 0 2 -1 1 -2 0 2 -1 1 -2 0 2 -1 1 -2 0 2 -1 1 -2 0 2 -1 1 -2 0 2 -1 1 -2 0 2 -1 1 -2 0 2 -1 1 -2 0 2 -1 1 -2 0 2 -1 1 -2 0 2 -1 1 -2 0 2 -1 1 -2 0 2 -1 1 -2 0 2 -1 1 -2 0 2 -1 1 -2 0 2 -1 1 -2 0 2 -1 1 -2 0 2 -1 1 -2 0 2 -1 1 -2 0 2 -1 1 -2 0 2 -1 1 -2 0 2 -1 1 -2 0 2 -1 1 -2 0 2 -1 1 -2 0 2 -1 1 -2 0 2 -1 1 -2 0 2 -1 1 -2 0 2 -1 1 -2 0 2 -1 1 -2 0 2 -1 1 -2 0 2 -1 1 -2 0 2 -1 1 -2 0 2 -1 1 -2 0 2 -1 1 -2 0 2 -1 1 -2 0 2 -1 1 -2 0 2 -1 1 -2 0 2 -1 1 -2 0 2 -1 1 -2 0 2 -1 1 -2 0 2 -1 1 -2 0 2 -1 1 -2 0 2 -1 1 -2 0 2 -1 1 -2 0 2 -1 1 -2 0 2 -1 1 -2 0 2 -1 1 -2 0 2 -1 1 -2 0 2 -1 1 -2 0 2 -1 1 -2 0 2 -1 1 -2 0 2 -1 1 -2 0 2 -1 1 -2 0 2 -1 1 -2 0 2 -1 1 -2 0 2 -1 1 -2 0 2 -1 1 -2 0 2 -1 1 -2 0 2 -1 1 -2 0 2 -1 1 -2 0 2 -1 1 -2 0 2 -1 1 -2 0 2 -1 1 -2 0 2 -1 1 -2 0 2 -1 1 -2 0 2 602 1 -2 0 2 -1 1 -2 0 2 -1 1 -2 0 2 -1 1 -2 0 2 -1 1 -2 0 2 -1 1 -2 0 2 -1 1 -2 0 2 -1 1 -2 0 2 -1 1 -2 0 2 -1 1 -2 0 2 -1 1 -2 0 2 -1 1 -2 0 2 -1 1 -2 0 2 -1
-2 1 -1 2 0 -2 1 -1 2 0 -2 1 -1 2 0 -2 1 -1 2 0 -2 1 -1 2 0 -2 1 -1 2 0 -2 1 -1 2 0 -2 1 -1 2 0 -2 1 -1 2 0 -2 1 -1 2 0 -2 1 -1 2 0 -2 1 -1 2 0 -2 1 -1 2 0 -2 1 -1 2 0 -2 1 -1 2 0 -2 1 -1 2 0 -2 1 -1 2 0 -2 1 -1 2 0 -2 1 -1 2 0 -2 1 -1 2 0 -2 1 -1 2 0 -2 1 -1 2 0 -2 1 -1 2 0 -2 1 -1 2 0 -2 1 -1 2 0 -2 1 -1 2 0 -2 1 -1 2 0 -2 1 -1 2 0 -2 1 -1 2 0 -2 1 -1 2 0 -2 1 -1 2 0 -2 1 -1 2 0 -2 1 -1 2 0 -2 1 -1 2 0 -2 1 -1 2 0 -2 1 -1 2 0 -2 1 -1 2 0 -2 1 -1 2 0 -2 1 -1 2 0 -2 1 -1 2 0 -2 1 -1 2 0 -2 1 -1 2 0 -2 1 -1 2 0 -2 1 -1 2 0 -2 1 -1 2 0 -2 1 -1 2 0 -2 1 -1 2 0 -2 1 -1 2 0 -2 1 -1 2 0 -2 1 -1 2 0 -2 1 -1 2 0 -2 1 -1 2 0 -2 1 -1 2 0 -2 1 -1 2 0 -2 1 -1 2 0 -2 1 -1 2 0 -2 1 -1 2 0 -2 1 -1 2 0 -2 1 -1 2 0 -2 1 -1 2 0 -2 1 -1 2 0 -2 1 -1 2 0 -2 1 -1 2 0 -2 1 -1 2 0 -2 1 -1 2 0 -2 1 -1 2 0 -2 1 -1 2 0 -2 1 -1 2 0 -2 1 -1 2 0 -2 1 -1 2 0 -2 1 -1 2 0 -2 1 -1 2 0 -2 1 -1 2 0 -2 1 -1 2 0 -2 1 -1 2 0 -2 1 -1 2 0 -2 1 -1 2 0 -2 1 -1 2 0 -2 1 -1 2 0 -2 1 -1 2 0 -2 1 -1 2 0 -2 1 -1 2 0 -2 1 -1 2 0 -2 1 -1 2 0 -2 1 -1 2 0 -2 1 -1 2 0 -2 1 -1 2 0 601 1 -1 2 0 -2 1 -1 2 0 -2 1 -1 2 0 -2 1 -1 2 0 -2 1 -1 2 0 -2 1 -1 2 0 -2 1 -1 2 0 -2 1 -1 2 0 -2 1 -1 2 0 -2 1 -1 2 0 -2 1 -1 2 0 -2 1 -1 2 0 -2 1 -1 2 0
0 -1 -2 2 1 0 -1 -2 2 1 0 -1 -2 2 1 0 -1 -2 2 1 0 -1 -2 2 1 0 -1 -2 2 1 0 -1 -2 2 1 0 -1 -2 2 1 0 -1 -2 2 1 0 -1 -2 2 1 0 -1 -2 2 1 0 -1 -2 2 1 0 -1 -2 2 1 0 -1 -2 2 1 0 -1 -2 2 1 0 -1 -2 2 1 0 -1 -2 2 1 0 -1 -2 2 1 0 -1 -2 2 1 0 -1 -2 2 1 0 -1 -2 2 1 0 -1 -2 2 1 0 -1 -2 2 1 0 -1 -2 2 1 0 -1 -2 2 1 0 -1 -2 2 1 0 -1 -2 2 1 0 -1 -2 2 1 0 -1 -2 2 1 0 -1 -2 2 1 0 -1 -2 2 1 0 -1 -2 2 1 0 -1 -2 2 1 0 -1 -2 2 1 0 -1 -2 2 1 0 -1 -2 2 1 0 -1 -2 2 1 0 -1 -2 2 1 0 -1 -2 2 1 0 -1 -2 2 1 0 -1 -2 2 1 0 -1 -2 2 1 0 -1 -2 2 1 0 -1 -2 2 1 0 -1 -2 2 1 0 -1 -2 2 1 0 -1 -2 2 1 0 -1 -2 2 1 0 -1 -2 2 1 0 -1 -2 2 1 0 -1 -2 2 1 0 -1 -2 2 1 0 -1 -2 2 1 0 -1 -2 2 1 0 -1 -2 2 1 0 -1 -2 2 1 0 -1 -2 2 1 0 -1 -2 2 1 0 -1 -2 2 1 0 -1 -2 2 1 0 -1 -2 2 1 0 -1 -2 2 1 0 -1 -2 2 1 0 -1 -2 2 1 0 -1 -2 2 1 0 -1 -2 2 1 0 -1 -2 2 1 0 -1 -2 2 1 0 -1 -2 2 1 0 -1 -2 2 1 0 -1 -2 2 1 0 -1 -2 2 1 0 -1 -2 2 1 0 -1 -2 2 1 0 -1 -2 2 1 0 -1 -2 2 1 0 -1 -2 2 1 0 -1 -2 2 1 0 -1 -2 2 1 0 -1 -2 2 1 0 -1 -2 2 1 0 -1 -2 2 1 0 -1 -2 2 1 0 -1 -2 2 1 0 -1 -2 2 1 0 -1 -2 2 1 0 -1 -2 2 1 0 602 -2 2 1 0 -1 -2 2 1 0 -1 -2 2 1 0 -1 -2 2 1 0 -1 -2 2 1 0 -1 -2 2 1 0 -1 -2 2 1 0 -1 -2 2 1 0 -1 -2 2 1 0 -1 -2 2 1 0 -1 -2 2 1 0 -1 -2 2 1 0 -1 -2 2 1
2 2 2 2 2 2 2 2 2 2 2 2 2 2 2 2 2 2 2 2 2 2 2 2 2 2 2 2 2 2 2 2 2 2 2 2 2 2 2 2 2 2 2 2 2 2 2 2 2 2 2 2 2 2 2 2 2 2 2 2 2 2 2 2 2 2 2 2 2 2 2 2 2 2 2 2 2 2 2 2 2 2 2 2 2 2 2 2 2 2 2 2 2 2 2 2 2 2 2 2 2 2 2 2 2 2 2 2 2 2 2 2 2 2 2 2 2 2 2 2 2 2 2 2 2 2 2 2 2 2 2 2 2 2 2 2 2 2 2 2 2 2 2 2 2 2 2 2 2 2 2 2 2 2 2 2 2 2 2 2 2 2 2 2 2 2 2 2 2 2 2 2 2 2 2 2 2 2 2 2 2 2 2 2 2 2 2 2 2 2 2 2 2 2 2 2 2 2 2 2 2 2 2 2 2 2 2 2 2 2 2 2 2 2 2 2 2 2 2 2 2 2 2 2 2 2 2 2 2 2 2 2 2 2 2 2 2 2 2 2 2 2 2 2 2 2 2 2 2 2 2 2 2 2 2 2 2 2 2 2 2 2 2 2 2 2 2 2 2 2 2 2 2 2 2 2 2 2 2 2 2 2 2 2 2 2 2 2 2 2 2 2 2 2 2 2 2 2 2 2 2 2 2 2 2 2 2 2 2 2 2 2 2 2 2 2 2 2 2 2 2 2 2 2 2 2 2 2 2 2 2 2 2 2 2 2 2 2 2 2 2 2 2 2 2 2 2 2 2 2 2 2 2 2 2 2 2 2 2 2 2 2 2 2 2 2 2 2 2 2 2 2 2 2 2 2 2 2 2 2 2 2 2 2 2 2 2 2 2 2 2 2 2 2 2 2 2 2 2 2 2 2 2 2 2 2 2 2 2 2 2 2 2 2 2 2 2 2 2 2 2 2 2 2 2 2 2 2 2 2 2 2 2 2 2 2 2 1001 2 2 2 2 2 2 2 2 2 2 2 2 2 2 2 2 2 2 2 2 2 2 2 2 2 2 2 2 2 2 2 2 2 2 2 2 2 2 2 2 2 2 2 2 2 2 2 2 2 2 2 2 2 2 2 2 2 2 2 2 2 2
-1 0 1 2 -2 -1 0 1 2 -2 -1 0 1 2 -2 -1 0 1 2 -2 -1 0 1 2 -2 -1 0 1 2 -2 -1 0 1 2 -2 -1 0 1 2 -2 -1 0 1 2 -2 -1 0 1 2 -2 -1 0 1 2 -2 -1 0 1 2 -2 -1 0 1 2 -2 -1 0 1 2 -2 -1 0 1 2 -2 -1 0 1 2 -2 -1 0 1 2 -2 -1 0 1 2 -2 -1 0 1 2 -2 -1 0 1 2 -2 -1 0 1 2 -2 -1 0 1 2 -2 -1 0 1 2 -2 -1 0 1 2 -2 -1 0 1 2 -2 -1 0 1 2 -2 -1 0 1 2 -2 -1 0 1 2 -2 -1 0 1 2 -2 -1 0 1 2 -2 -1 0 1 2 -2 -1 0 1 2 -2 -1 0 1 2 -2 -1 0 1 2 -2 -1 0 1 2 -2 -1 0 1 2 -2 -1 0 1 2 -2 -1 0 1 2 -2 -1 0 1 2 -2 -1 0 1 2 -2 -1 0 1 2 -2 -1 0 1 2 -2 -1 0 1 2 -2 -1 0 1 2 -2 -1 0 1 2 -2 -1 0 1 2 -2 -1 0 1 2 -2 -1 0 1 2 -2 -1 0 1 2 -2 -1 0 1 2 -2 -1 0 1 2 -2 -1 0 1 2 -2 -1 0 1 2 -2 -1 0 1 2 -2 -1 0 1 2 -2 -1 0 1 2 -2 -1 0 1 2 -2 -1 0 1 2 -2 -1 0 1 2 -2 -1 0 1 2 -2 -1 0 1 2 -2 -1 0 1 2 -2 -1 0 1 2 -2 -1 0 1 2 -2 -1 0 1 2 -2 -1 0 1 2 -2 -1 0 1 2 -2 -1 0 1 2 -2 -1 0 1 2 -2 -1 0 1 2 -2 -1 0 1 2 -2 -1 0 1 2 -2 -1 0 1 2 -2 -1 0 1 2 -2 -1 0 1 2 -2 -1 0 1 2 -2 -1 0 1 2 -2 -1 0 1 2 -2 -1 0 1 2 -2 -1 0 1 2 -2 -1 0 1 2 -2 -1 0 1 2 -2 -1 0 1 2 -2 -1 0 1 2 -2 -1 0 1 2 -2 -1 0 1 2 -2 -1 0 1 2 -2 -1 0 1 601 -2 -1 0 1 2 -2 -1 0 1 2 -2 -1 0 1 2 -2 -1 0 1 2 -2 -1 0 1 2 -2 -1 0 1 2 -2 -1 0 1 2 -2 -1 0 1 2 -2 -1 0 1 2 -2 -1 0 1 2 -2 -1 0 1 2 -2 -1 0 1 2 -2
1 -2 0 2 -1 1 -2 0 2 -1 1 -2 0 2 -1 1 -2 0 2 -1 1 -2 0 2 -1 1 -2 0 2 -1 1 -2 0 2 -1 1 -2 0 2 -1 1 -2 0 2 -1 1 -2 0 2 -1 1 -2 0 2 -1 1 -2 0 2 -1 1 -2 0 2 -1 1 -2 0 2 -1 1 -2 0 2 -1 1 -2 0 2 -1 1 -2 0 2 -1 1 -2 0 2 -1 1 -2 0 2 -1 1 -2 0 2 -1 1 -2 0 2 -1 1 -2 0 2 -1 1 -2 0 2 -1 1 -2 0 2 -1 1 -2 0 2 -1 1 -2 0 2 -1 1 -2 0 2 -1 1 -2 0 2 -1 1 -2 0 2 -1 1 -2 0 2 -1 1 -2 0 2 -1 1 -2 0 2 -1 1 -2 0 2 -1 1 -2 0 2 -1 1 -2 0 2 -1 1 -2 0 2 -1 1 -2 0 2 -1 1 -2 0 2 -1 1 -2 0 2 -1 1 -2 0 2 -1 1 -2 0 2 -1 1 -2 0 2 -1 1 -2 0 2 -1 1 -2 0 2 -1 1 -2 0 2 -1 1 -2 0 2 -1 1 -2 0 2 -1 1 -2 0 2 -1 1 -2 0 2 -1 1 -2 0 2 -1 1 -2 0 2 -1 1 -2 0 2 -1 1 -2 0 2 -1 1 -2 0 2 -1 1 -2 0 2 -1 1 -2 0 2 -1 1 -2 0 2 -1 1 -2 0 2 -1 1 -2 0 2 -1 1 -2 0 2 -1 1 -2 0 2 -1 1 -2 0 2 -1 1 -2 0 2 -1 1 -2 0 2 -1 1 -2 0 2 -1 1 -2 0 2 -1 1 -2 0 2 -1 1 -2 0 2 -1 1 -2 0 2 -1 1 -2 0 2 -1 1 -2 0 2 -1 1 -2 0 2 -1 1 -2 0 2 -1 1 -2 0 2 -1 1 -2 0 2 -1 1 -2 0 2 -1 1 -2 0 2 -1 1 -2 0 2 -1 1 -2 0 2 -1 1 -2 0 2 -1 1 -2 0 2 -1 1 -2 0 2 -1 1 -2 0 2 -1 1 -2 0 2 -1 1 -2 0 2 -1 1 -2 0 2 -1 1 -2 0 2 -1 1 -2 0 2 602 1 -2 0 2 -1 1 -2 0 2 -1 1 -2 0 2 -1 1 -2 0 2 -1 1 -2 0 2 -1 1 -2 0 2 -1 1 -2 0 2 -1 1 -2 0 2 -1 1 -2 0 2 -1 1 -2 0 2 -1 1 -2 0 2 -1 1 -2 0 2 -1
-2 1 -1 2 0 -2 1 -1 2 0 -2 1 -1 2 0 -2 1 -1 2 0 -2 1 -1 2 0 -2 1 -1 2 0 -2 1 -1 2 0 -2 1 -1 2 0 -2 1 -1 2 0 -2 1 -1 2 0 -2 1 -1 2 0 -2 1 -1 2 0 -2 1 -1 2 0 -2 1 -1 2 0 -2 1 -1 2 0 -2 1 -1 2 0 -2 1 -1 2 0 -2 1 -1 2 0 -2 1 -1 2 0 -2 1 -1 2 0 -2 1 -1 2 0 -2 1 -1 2 0 -2 1 -1 2 0 -2 1 -1 2 0 -2 1 -1 2 0 -2 1 -1 2 0 -2 1 -1 2 0 -2 1 -1 2 0 -2 1 -1 2 0 -2 1 -1 2 0 -2 1 -1 2 0 -2 1 -1 2 0 -2 1 -1 2 0 -2 1 -1 2 0 -2 1 -1 2 0 -2 1 -1 2 0 -2 1 -1 2 0 -2 1 -1 2 0 -2 1 -1 2 0 -2 1 -1 2 0 -2 1 -1 2 0 -2 1 -1 2 0 -2 1 -1 2 0 -2 1 -1 2 0 -2 1 -1 2 0 -2 1 -1 2 0 -2 1 -1 2 0 -2 1 -1 2 0 -2 1 -1 2 0 -2 1 -1 2 0 -2 1 -1 2 0 -2 1 -1 2 0 -2 1 -1 2 0 -2 1 -1 2 0 -2 1 -1 2 0 -2 1 -1 2 0 -2 1 -1 2 0 -2 1 -1 2 0 -2 1 -1 2 0 -2 1 -1 2 0 -2 1 -1 2 0 -2 1 -1 2 0 -2 1 -1 2 0 -2 1 -1 2 0 -2 1 -1 2 0 -2 1 -1 2 0 -2 1 -1 2 0 -2 1 -1 2 0 -2 1 -1 2 0 -2 1 -1 2 0 -2 1 -1 2 0 -2 1 -1 2 0 -2 1 -1 2 0 -2 1 -1 2 0 -2 1 -1 2 0 -2 1 -1 2 0 -2 1 -1 2 0 -2 1 -1 2 0 -2 1 -1 2 0 -2 1 -1 2 0 -2 1 -1 2 0 -2 1 -1 2 0 -2 1 -1 2 0 -2 1 -1 2 0 -2 1 -1 2 0 -2 1 -1 2 0 -2 1 -1 2 0 -2 1 -1 2 0 601 1 -1 2 0 -2 1 -1 2 0 -2 1 -1 2 0 -2 1 -1 2 0 -2 1 -1 2 0 -2 1 -1 2 0 -2 1 -1 2 0 -2 1 -1 2 0 -2 1 -1 2 0 -2 1 -1 2 0 -2 1 -1 2 0 -2 1 -1 2 0
0 -1 -2 2 1 0 -1 -2 2 1 0 -1 -2 2 1 0 -1 -2 2 1 0 -1 -2 2 1 0 -1 -2 2 1 0 -1 -2 2 1 0 -1 -2 2 1 0 -1 -2 2 1 0 -1 -2 2 1 0 -1 -2 2 1 0 -1 -2 2 1 0 -1 -2 2 1 0 -1 -2 2 1 0 -1 -2 2 1 0 -1 -2 2 1 0 -1 -2 2 1 0 -1 -2 2 1 0 -1 -2 2 1 0 -1 -2 2 1 0 -1 -2 2 1 0 -1 -2 2 1 0 -1 -2 2 1 0 -1 -2 2 1 0 -1 -2 2 1 0 -1 -2 2 1 0 -1 -2 2 1 0 -1 -2 2 1 0 -1 -2 2 1 0 -1 -2 2 1 0 -1 -2 2 1 0 -1 -2 2 1 0 -1 -2 2 1 0 -1 -2 2 1 0 -1 -2 2 1 0 -1 -2 2 1 0 -1 -2 2 1 0 -1 -2 2 1 0 -1 -2 2 1 0 -1 -2 2 1 0 -1 -2 2 1 0 -1 -2 2 1 0 -1 -2 2 1 0 -1 -2 2 1 0 -1 -2 2 1 0 -1 -2 2 1 0 -1 -2 2 1 0 -1 -2 2 1 0 -1 -2 2 1 0 -1 -2 2 1 0 -1 -2 2 1 0 -1 -2 2 1 0 -1 -2 2 1 0 -1 -2 2 1 0 -1 -2 2 1 0 -1 -2 2 1 0 -1 -2 2 1 0 -1 -2 2 1 0 -1 -2 2 1 0 -1 -2 2 1 0 -1 -2 2 1 0 -1 -2 2 1 0 -1 -2 2 1 0 -1 -2 2 1 0 -1 -2 2 1 0 -1 -2 2 1 0 -1 -2 2 1 0 -1 -2 2 1 0 -1 -2 2 1 0 -1 -2 2 1 0 -1 -2 2 1 0 -1 -2 2 1 0 -1 -2 2 1 0 -1 -2 2 1 0 -1 -2 2 1 0 -1 -2 2 1 0 -1 -2 2 1 0 -1 -2 2 1 0 -1 -2 2 1 0 -1 -2 2 1 0 -1 -2 2 1 0 -1 -2 2 1 0 -1 -2 2 1 0 -1 -2 2 1 0 -1 -2 2 1 0 -1 -2 2 1 0 -1 -2 2 1 0 -1 -2 2 1 0 602 -2 2 1 0 -1 -2 2 1 0 -1 -2 2 1 0 -1 -2 2 1 0 -1 -2 2 1 0 -1 -2 2 1 0 -1 -2 2 1 0 -1 -2 2 1 0 -1 -2 2 1 0 -1 -2 2 1 0 -1 -2 2 1 0 -1 -2 2 1
2 2 2 2 2 2 2 2 2 2 2 2 2 2 2 2 2 2 2 2 2 2 2 2 2 2 2 2 2 2 2 2 2 2 2 2 2 2 2 2 2 2 2 2 2 2 2 2 2 2 2 2 2 2 2 2 2 2 2 2 2 2 2 2 2 2 2 2 2 2 2 2 2 2 2 2 2 2 2 2 2 2 2 2 2 2 2 2 2 2 2 2 2 2 2 2 2 2 2 2 2 2 2 2 2 2 2 2 2 2 2 2 2 2 2 2 2 2 2 2 2 2 2 2 2 2 2 2 2 2 2 2 2 2 2 2 2 2 2 2 2 2 2 2 2 2 2 2 2 2 2 2 2 2 2 2 2 2 2 2 2 2 2 2 2 2 2 2 2 2 2 2 2 2 2 2 2 2 2 2 2 2 2 2 2 2 2 2 2 2 2 2 2 2 2 2 2 2 2 2 2 2 2 2 2 2 2 2 2 2 2 2 2 2 2 2 2 2 2 2 2 2 2 2 2 2 2 2 2 2 2 2 2 2 2 2 2 2 2 2 2 2 2 2 2 2 2 2 2 2 2 2 2 2 2 2 2 2 2 2 2 2 2 2 2 2 2 2 2 2 2 2 2 2 2 2 2 2 2 2 2 2 2 2 2 2 2 2 2 2 2 2 2 2 2 2 2 2 2 2 2 2 2 2 2 2 2 2 2 2 2 2 2 2 2 2 2 2 2 2 2 2 2 2 2 2 2 2 2 2 2 2 2 2 2 2 2 2 2 2 2 2 2 2 2 2 2 2 2 2 2 2 2 2 2 2 2 2 2 2 2 2 2 2 2 2 2 2 2 2 2 2 2 2 2 2 2 2 2 2 2 2 2 2 2 2 2 2 2 2 2 2 2 2 2 2 2 2 2 2 2 2 2 2 2 2 2 2 2 2 2 2 2 2 2 2 2 2 2 2 2 2 2 2 2 2 2 2 2 2 2 2 2 2 2 2 2 2 2 2 2 2 1001 2 2 2 2 2 2 2 2 2 2 2 2 2 2 2 2 2 2 2 2 2 2 2 2 2 2 2 2 2 2 2 2 2 2 2 2 2 2 2 2 2 2 2 2 2 2 2 2 2 2 2 2 2 2 2 2 2
-1 0 1 2 -2 -1 0 1 2 -2 -1 0 1 2 -2 -1 0 1 2 -2 -1 0 1 2 -2 -1 0 1 2 -2 -1 0 1 2 -2 -1 0 1 2 -2 -1 0 1 2 -2 -1 0 1 2 -2 -1 0 1 2 -2 -1 0 1 2 -2 -1 0 1 2 -2 -1 0 1 2 -2 -1 0 1 2 -2 -1 0 1 2 -2 -1 0 1 2 -2 -1 0 1 2 -2 -1 0 1 2 -2 -1 0 1 2 -2 -1 0 1 2 -2 -1 0 1 2 -2 -1 0 1 2 -2 -1 0 1 2 -2 -1 0 1 2 -2 -1 0 1 2 -2 -1 0 1 2 -2 -1 0 1 2 -2 -1 0 1 2 -2 -1 0 1 2 -2 -1 0 1 2 -2 -1 0 1 2 -2 -1 0 1 2 -2 -1 0 1 2 -2 -1 0 1 2 -2 -1 0 1 2 -2 -1 0 1 2 -2 -1 0 1 2 -2 -1 0 1 2 -2 -1 0 1 2 -2 -1 0 1 2 -2 -1 0 1 2 -2 -1 0 1 2 -2 -1 0 1 2 -2 -1 0 1 2 -2 -1 0 1 2 -2 -1 0 1 2 -2 -1 0 1 2 -2 -1 0 1 2 -2 -1 0 1 2 -2 -1 0 1 2 -2 -1 0 1 2 -2 -1 0 1 2 -2 -1 0 1 2 -2 -1 0 1 2 -2 -1 0 1 2 -2 -1 0 1 2 -2 -1 0 1 2 -2 -1 0 1 2 -2 -1 0 1 2 -2 -1 0 1 2 -2 -1 0 1 2 -2 -1 0 1 2 -2 -1 0 1 2 -2 -1 0 1 2 -2 -1 0 1 2 -2 -1 0 1 2 -2 -1 0 1 2 -2 -1 0 1 2 -2 -1 0 1 2 -2 -1 0 1 2 -2 -1 0 1 2 -2 -1 0 1 2 -2 -1 0 1 2 -2 -1 0 1 2 -2 -1 0 1 2 -2 -1 0 1 2 -2 -1 0 1 2 -2 -1 0 1 2 -2 -1 0 1 2 -2 -1 0 1 2 -2 -1 0 1 2 -2 -1 0 1 2 -2 -1 0 1 2 -2 -1 0 1 2 -2 -1 0 1 2 -2 -1 0 1 2 -2 -1 0 1 2 -2 -1 0 1 601 -2 -1 0 1 2 -2 -1 0 1 2 -2 -1 0 1 2 -2 -1 0 1 2 -2 -1 0 1 2 -2 -1 0 1 2 -2 -1 0 1 2 -2 -1 0 1 2 -2 -1 0 1 2 -2 -1 0 1 2 -2 -1 0 1 2 -2
1 -2 0 2 -1 1 -2 0 2 -1 1 -2 0 2 -1 1 -2 0 2 -1 1 -2 0 2 -1 1 -2 0 2 -1 1 -2 0 2 -1 1 -2 0 2 -1 1 -2 0 2 -1 1 -2 0 2 -1 1 -2 0 2 -1 1 -2 0 2 -1 1 -2 0 2 -1 1 -2 0 2 -1 1 -2 0 2 -1 1 -2 0 2 -1 1 -2 0 2 -1 1 -2 0 2 -1 1 -2 0 2 -1 1 -2 0 2 -1 1 -2 0 2 -1 1 -2 0 2 -1 1 -2 0 2 -1 1 -2 0 2 -1 1 -2 0 2 -1 1 -2 0 2 -1 1 -2 0 2 -1 1 -2 0 2 -1 1 -2 0 2 -1 1 -2 0 2 -1 1 -2 0 2 -1 1 -2 0 2 -1 1 -2 0 2 -1 1 -2 0 2 -1 1 -2 0 2 -1 1 -2 0 2 -1 1 -2 0 2 -1 1 -2 0 2 -1 1 -2 0 2 -1 1 -2 0 2 -1 1 -2 0 2 -1 1 -2 0 2 -1 1 -2 0 2 -1 1 -2 0 2 -1 1 -2 0 2 -1 1 -2 0 2 -1 1 -2 0 2 -1 1 -2 0 2 -1 1 -2 0 2 -1 1 -2 0 2 -1 1 -2 0 2 -1 1 -2 0 2 -1 1 -2 0 2 -1 1 -2 0 2 -1 1 -2 0 2 -1 1 -2 0 2 -1 1 -2 0 2 -1 1 -2 0 2 -1 1 -2 0 2 -1 1 -2 0 2 -1 1 -2 0 2 -1 1 -2 0 2 -1 1 -2 0 2 -1 1 -2 0 2 -1 1 -2 0 2 -1 1 -2 0 2 -1 1 -2 0 2 -1 1 -2 0 2 -1 1 -2 0 2 -1 1 -2 0 2 -1 1 -2 0 2 -1 1 -2 0 2 -1 1 -2 0 2 -1 1 -2 0 2 -1 1 -2 0 2 -1 1 -2 0 2 -1 1 -2 0 2 -1 1 -2 0 2 -1 1 -2 0 2 -1 1 -2 0 2 -1 1 -2 0 2 -1 1 -2 0 2 -1 1 -2 0 2 -1 1 -2 0 2 -1 1 -2 0 2 -1 1 -2 0 2 -1 1 -2 0 2 -1 1 -2 0 2 -1 1 -2 0 2 602 1 -2 0 2 -1 1 -2 0 2 -1 1 -2 0 2 -1 1 -2 0 2 -1 1 -2 0 2 -1 1 -2 0 2 -1 1 -2 0 2 -1 1 -2 0 2 -1 1 -2 0 2 -1 1 -2 0 2 -1 1 -2 0 2 -1
-2 1 -1 2 0 -2 1 -1 2 0 -2 1 -1 2 0 -2 1 -1 2 0 -2 1 -1 2 0 -2 1 -1 2 0 -2 1 -1 2 0 -2 1 -1 2 0 -2 1 -1 2 0 -2 1 -1 2 0 -2 1 -1 2 0 -2 1 -1 2 0 -2 1 -1 2 0 -2 1 -1 2 0 -2 1 -1 2 0 -2 1 -1 2 0 -2 1 -1 2 0 -2 1 -1 2 0 -2 1 -1 2 0 -2 1 -1 2 0 -2 1 -1 2 0 -2 1 -1 2 0 -2 1 -1 2 0 -2 1 -1 2 0 -2 1 -1 2 0 -2 1 -1 2 0 -2 1 -1 2 0 -2 1 -1 2 0 -2 1 -1 2 0 -2 1 -1 2 0 -2 1 -1 2 0 -2 1 -1 2 0 -2 1 -1 2 0 -2 1 -1 2 0 -2 1 -1 2 0 -2 1 -1 2 0 -2 1 -1 2 0 -2 1 -1 2 0 -2 1 -1 2 0 -2 1 -1 2 0 -2 1 -1 2 0 -2 1 -1 2 0 -2 1 -1 2 0 -2 1 -1 2 0 -2 1 -1 2 0 -2 1 -1 2 0 -2 1 -1 2 0 -2 1 -1 2 0 -2 1 -1 2 0 -2 1 -1 2 0 -2 1 -1 2 0 -2 1 -1 2 0 -2 1 -1 2 0 -2 1 -1 2 0 -2 1 -1 2 0 -2 1 -1 2 0 -2 1 -1 2 0 -2 1 -1 2 0 -2 1 -1 2 0 -2 1 -1 2 0 -2 1 -1 2 0 -2 1 -1 2 0 -2 1 -1 2 0 -2 1 -1 2 0 -2 1 -1 2 0 -2 1 -1 2 0 -2 1 -1 2 0 -2 1 -1 2 0 -2 1 -1 2 0 -2 1 -1 2 0 -2 1 -1 2 0 -2 1 -1 2 0 -2 1 -1 2 0 -2 1 -1 2 0 -2 1 -1 2 0 -2 1 -1 2 0 -2 1 -1 2 0 -2 1 -1 2 0 -2 1 -1 2 0 -2 1 -1 2 0 -2 1 -1 2 0 -2 1 -1 2 0 -2 1 -1 2 0 -2 1 -1 2 0 -2 1 -1 2 0 -2 1 -1 2 0 -2 1 -1 2 0 -2 1 -1 2 0 -2 1 -1 2 0 601 1 -1 2 0 -2 1 -1 2 0 -2 1 -1 2 0 -2 1 -1 2 0 -2 1 -1 2 0 -2 1 -1 2 0 -2 1 -1 2 0 -2 1 -1 2 0 -2 1 -1 2 0 -2 1 -1 2 0 -2 1 -1 2 0
0 -1 -2 2 1 0 -1 -2 2 1 0 -1 -2 2 1 0 -1 -2 2 1 0 -1 -2 2 1 0 -1 -2 2 1 0 -1 -2 2 1 0 -1 -2 2 1 0 -1 -2 2 1 0 -1 -2 2 1 0 -1 -2 2 1 0 -1 -2 2 1 0 -1 -2 2 1 0 -1 -2 2 1 0 -1 -2 2 1 0 -1 -2 2 1 0 -1 -2 2 1 0 -1 -2 2 1 0 -1 -2 2 1 0 -1 -2 2 1 0 -1 -2 2 1 0 -1 -2 2 1 0 -1 -2 2 1 0 -1 -2 2 1 0 -1 -2 2 1 0 -1 -2 2 1 0 -1 -2 2 1 0 -1 -2 2 1 0 -1 -2 2 1 0 -1 -2 2 1 0 -1 -2 2 1 0 -1 -2 2 1 0 -1 -2 2 1 0 -1 -2 2 1 0 -1 -2 2 1 0 -1 -2 2 1 0 -1 -2 2 1 0 -1 -2 2 1 0 -1 -2 2 1 0 -1 -2 2 1 0 -1 -2 2 1 0 -1 -2 2 1 0 -1 -2 2 1 0 -1 -2 2 1 0 -1 -2 2 1 0 -1 -2 2 1 0 -1 -2 2 1 0 -1 -2 2 1 0 -1 -2 2 1 0 -1 -2 2 1 0 -1 -2 2 1 0 -1 -2 2 1 0 -1 -2 2 1 0 -1 -2 2 1 0 -1 -2 2 1 0 -1 -2 2 1 0 -1 -2 2 1 0 -1 -2 2 1 0 -1 -2 2 1 0 -1 -2 2 1 0 -1 -2 2 1 0 -1 -2 2 1 0 -1 -2 2 1 0 -1 -2 2 1 0 -1 -2 2 1 0 -1 -2 2 1 0 -1 -2 2 1 0 -1 -2 2 1 0 -1 -2 2 1 0 -1 -2 2 1 0 -1 -2 2 1 0 -1 -2 2 1 0 -1 -2 2 1 0 -1 -2 2 1 0 -1 -2 2 1 0 -1 -2 2 1 0 -1 -2 2 1 0 -1 -2 2 1 0 -1 -2 2 1 0 -1 -2 2 1 0 -1 -2 2 1 0 -1 -2 2 1 0 -1 -2 2 1 0 -1 -2 2 1 0 -1 -2 2 1 0 -1 -2 2 1 0 -1 -2 2 1 0 -1 -2 2 1 0 -1 -2 2 1 0 602 -2 2 1 0 -1 -2 2 1 0 -1 -2 2 1 0 -1 -2 2 1 0 -1 -2 2 1 0 -1 -2 2 1 0 -1 -2 2 1 0 -1 -2 2 1 0 -1 -2 2 1 0 -1 -2 2 1 0 -1 -2 2 1
2 2 2 2 2 2 2 2 2 2 2 2 2 2 2 2 2 2 2 2 2 2 2 2 2 2 2 2 2 2 2 2 2 2 2 2 2 2 2 2 2 2 2 2 2 2 2 2 2 2 2 2 2 2 2 2 2 2 2 2 2 2 2 2 2 2 2 2 2 2 2 2 2 2 2 2 2 2 2 2 2 2 2 2 2 2 2 2 2 2 2 2 2 2 2 2 2 2 2 2 2 2 2 2 2 2 2 2 2 2 2 2 2 2 2 2 2 2 2 2 2 2 2 2 2 2 2 2 2 2 2 2 2 2 2 2 2 2 2 2 2 2 2 2 2 2 2 2 2 2 2 2 2 2 2 2 2 2 2 2 2 2 2 2 2 2 2 2 2 2 2 2 2 2 2 2 2 2 2 2 2 2 2 2 2 2 2 2 2 2 2 2 2 2 2 2 2 2 2 2 2 2 2 2 2 2 2 2 2 2 2 2 2 2 2 2 2 2 2 2 2 2 2 2 2 2 2 2 2 2 2 2 2 2 2 2 2 2 2 2 2 2 2 2 2 2 2 2 2 2 2 2 2 2 2 2 2 2 2 2 2 2 2 2 2 2 2 2 2 2 2 2 2 2 2 2 2 2 2 2 2 2 2 2 2 2 2 2 2 2 2 2 2 2 2 2 2 2 2 2 2 2 2 2 2 2 2 2 2 2 2 2 2 2 2 2 2 2 2 2 2 2 2 2 2 2 2 2 2 2 2 2 2 2 2 2 2 2 2 2 2 2 2 2 2 2 2 2 2 2 2 2 2 2 2 2 2 2 2 2 2 2 2 2 2 2 2 2 2 2 2 2 2 2 2 2 2 2 2 2 2 2 2 2 2 2 2 2 2 2 2 2 2 2 2 2 2 2 2 2 2 2 2 2 2 2 2 2 2 2 2 2 2 2 2 2 2 2 2 2 2 2 2 2 2 2 2 2 2 2 2 2 2 2 2 2 2 2 2 2 2 2 2 2 2 2 2 1001 2 2 2 2 2 2 2 2 2 2 2 2 2 2 2 2 2 2 2 2 2 2 2 2 2 2 2 2 2 2 2 2 2 2 2 2 2 2 2 2 2 2 2 2 2 2 2 2 2 2 2 2
-1 0 1 2 -2 -1 0 1 2 -2 -1 0 1 2 -2 -1 0 1 2 -2 -1 0 1 2 -2 -1 0 1 2 -2 -1 0 1 2 -2 -1 0 1 2 -2 -1 0 1 2 -2 -1 0 1 2 -2 -1 0 1 2 -2 -1 0 1 2 -2 -1 0 1 2 -2 -1 0 1 2 -2 -1 0 1 2 -2 -1 0 1 2 -2 -1 0 1 2 -2 -1 0 1 2 -2 -1 0 1 2 -2 -1 0 1 2 -2 -1 0 1 2 -2 -1 0 1 2 -2 -1 0 1 2 -2 -1 0 1 2 -2 -1 0 1 2 -2 -1 0 1 2 -2 -1 0 1 2 -2 -1 0 1 2 -2 -1 0 1 2 -2 -1 0 1 2 -2 -1 0 1 2 -2 -1 0 1 2 -2 -1 0 1 2 -2 -1 0 1 2 -2 -1 0 1 2 -2 -1 0 1 2 -2 -1 0 1 2 -2 -1 0 1 2 -2 -1 0 1 2 -2 -1 0 1 2 -2 -1 0 1 2 -2 -1 0 1 2 -2 -1 0 1 2 -2 -1 0 1 2 -2 -1 0 1 2 -2 -1 0 1 2 -2 -1 0 1 2 -2 -1 0 1 2 -2 -1 0 1 2 -2 -1 0 1 2 -2 -1 0 1 2 -2 -1 0 1 2 -2 -1 0 1 2 -2 -1 0 1 2 -2 -1 0 1 2 -2 -1 0 1 2 -2 -1 0 1 2 -2 -1 0 1 2 -2 -1 0 1 2 -2 -1 0 1 2 -2 -1 0 1 2 -2 -1 0 1 2 -2 -1 0 1 2 -2 -1 0 1 2 -2 -1 0 1 2 -2 -1 0 1 2 -2 -1 0 1 2 -2 -1 0 1 2 -2 -1 0 1 2 -2 -1 0 1 2 -2 -1 0 1 2 -2 -1 0 1 2 -2 -1 0 1 2 -2 -1 0 1 2 -2 -1 0 1 2 -2 -1 0 1 2 -2 -1 0 1 2 -2 -1 0 1 2 -2 -1 0 1 2 -2 -1 0 1 2 -2 -1 0 1 2 -2 -1 0 1 2 -2 -1 0 1 2 -2 -1 0 1 2 -2 -1 0 1 2 -2 -1 0 1 2 -2 -1 0 1 2 -2 -1 0 1 2 -2 -1 0 1 2 -2 -1 0 1 601 -2 -1 0 1 2 -2 -1 0 1 2 -2 -1 0 1 2 -2 -1 0 1 2 -2 -1 0 1 2 -2 -1 0 1 2 -2 -1 0 1 2 -2 -1 0 1 2 -2 -1 0 1 2 -2 -1 0 1 2 -2
1 -2 0 2 -1 1 -2 0 2 -1 1 -2 0 2 -1 1 -2 0 2 -1 1 -2 0 2 -1 1 -2 0 2 -1 1 -2 0 2 -1 1 -2 0 2 -1 1 -2 0 2 -1 1 -2 0 2 -1 1 -2 0 2 -1 1 -2 0 2 -1 1 -2 0 2 -1 1 -2 0 2 -1 1 -2 0 2 -1 1 -2 0 2 -1 1 -2 0 2 -1 1 -2 0 2 -1 1 -2 0 2 -1 1 -2 0 2 -1 1 -2 0 2 -1 1 -2 0 2 -1 1 -2 0 2 -1 1 -2 0 2 -1 1 -2 0 2 -1 1 -2 0 2 -1 1 -2 0 2 -1 1 -2 0 2 -1 1 -2 0 2 -1 1 -2 0 2 -1 1 -2 0 2 -1 1 -2 0 2 -1 1 -2 0 2 -1 1 -2 0 2 -1 1 -2 0 2 -1 1 -2 0 2 -1 1 -2 0 2 -1 1 -2 0 2 -1 1 -2 0 2 -1 1 -2 0 2 -1 1 -2 0 2 -1 1 -2 0 2 -1 1 -2 0 2 -1 1 -2 0 2 -1 1 -2 0 2 -1 1 -2 0 2 -1 1 -2 0 2 -1 1 -2 0 2 -1 1 -2 0 2 -1 1 -2 0 2 -1 1 -2 0 2 -1 1 -2 0 2 -1 1 -2 0 2 -1 1 -2 0 2 -1 1 -2 0 2 -1 1 -2 0 2 -1 1 -2 0 2 -1 1 -2 0 2 -1 1 -2 0 2 -1 1 -2 0 2 -1 1 -2 0 2 -1 1 -2 0 2 -1 1 -2 0 2 -1 1 -2 0 2 -1 1 -2 0 2 -1 1 -2 0 2 -1 1 -2 0 2 -1 1 -2 0 2 -1 1 -2 0 2 -1 1 -2 0 2 -1 1 -2 0 2 -1 1 -2 0 2 -1 1 -2 0 2 -1 1 -2 0 2 -1 1 -2 0 2 -1 1 -2 0 2 -1 1 -2 0 2 -1 1 -2 0 2 -1 1 -2 0 2 -1 1 -2 0 2 -1 1 -2 0 2 -1 1 -2 0 2 -1 1 -2 0 2 -1 1 -2 0 2 -1 1 -2 0 2 -1 1 -2 0 2 -1 1 -2 0 2 -1 1 -2 0 2 -1 1 -2 0 2 -1 1 -2 0 2 602 1 -2 0 2 -1 1 -2 0 2 -1 1 -2 0 2 -1 1 -2 0 2 -1 1 -2 0 2 -1 1 -2 0 2 -1 1 -2 0 2 -1 1 -2 0 2 -1 1 -2 0 2 -1 1 -2 0 2 -1
-2 1 -1 2 0 -2 1 -1 2 0 -2 1 -1 2 0 -2 1 -1 2 0 -2 1 -1 2 0 -2 1 -1 2 0 -2 1 -1 2 0 -2 1 -1 2 0 -2 1 -1 2 0 -2 1 -1 2 0 -2 1 -1 2 0 -2 1 -1 2 0 -2 1 -1 2 0 -2 1 -1 2 0 -2 1 -1 2 0 -2 1 -1 2 0 -2 1 -1 2 0 -2 1 -1 2 0 -2 1 -1 2 0 -2 1 -1 2 0 -2 1 -1 2 0 -2 1 -1 2 0 -2 1 -1 2 0 -2 1 -1 2 0 -2 1 -1 2 0 -2 1 -1 2 0 -2 1 -1 2 0 -2 1 -1 2 0 -2 1 -1 2 0 -2 1 -1 2 0 -2 1 -1 2 0 -2 1 -1 2 0 -2 1 -1 2 0 -2 1 -1 2 0 -2 1 -1 2 0 -2 1 -1 2 0 -2 1 -1 2 0 -2 1 -1 2 0 -2 1 -1 2 0 -2 1 -1 2 0 -2 1 -1 2 0 -2 1 -1 2 0 -2 1 -1 2 0 -2 1 -1 2 0 -2 1 -1 2 0 -2 1 -1 2 0 -2 1 -1 2 0 -2 1 -1 2 0 -2 1 -1 2 0 -2 1 -1 2 0 -2 1 -1 2 0 -2 1 -1 2 0 -2 1 -1 2 0 -2 1 -1 2 0 -2 1 -1 2 0 -2 1 -1 2 0 -2 1 -1 2 0 -2 1 -1 2 0 -2 1 -1 2 0 -2 1 -1 2 0 -2 1 -1 2 0 -2 1 -1 2 0 -2 1 -1 2 0 -2 1 -1 2 0 -2 1 -1 2 0 -2 1 -1 2 0 -2 1 -1 2 0 -2 1 -1 2 0 -2 1 -1 2 0 -2 1 -1 2 0 -2 1 -1 2 0 -2 1 -1 2 0 -2 1 -1 2 0 -2 1 -1 2 0 -2 1 -1 2 0 -2 1 -1 2 0 -2 1 -1 2 0 -2 1 -1 2 0 -2 1 -1 2 0 -2 1 -1 2 0 -2 1 -1 2 0 -2 1 -1 2 0 -2 1 -1 2 0 -2 1 -1 2 0 -2 1 -1 2 0 -2 1 -1 2 0 -2 1 -1 2 0 -2 1 -1 2 0 -2 1 -1 2 0 -2 1 -1 2 0 601 1 -1 2 0 -2 1 -1 2 0 -2 1 -1 2 0 -2 1 -1 2 0 -2 1 -1 2 0 -2 1 -1 2 0 -2 1 -1 2 0 -2 1 -1 2 0 -2 1 -1 2 0 -2 1 -1 2 0
0 -1 -2 2 1 0 -1 -2 2 1 0 -1 -2 2 1 0 -1 -2 2 1 0 -1 -2 2 1 0 -1 -2 2 1 0 -1 -2 2 1 0 -1 -2 2 1 0 -1 -2 2 1 0 -1 -2 2 1 0 -1 -2 2 1 0 -1 -2 2 1 0 -1 -2 2 1 0 -1 -2 2 1 0 -1 -2 2 1 0 -1 -2 2 1 0 -1 -2 2 1 0 -1 -2 2 1 0 -1 -2 2 1 0 -1 -2 2 1 0 -1 -2 2 1 0 -1 -2 2 1 0 -1 -2 2 1 0 -1 -2 2 1 0 -1 -2 2 1 0 -1 -2 2 1 0 -1 -2 2 1 0 -1 -2 2 1 0 -1 -2 2 1 0 -1 -2 2 1 0 -1 -2 2 1 0 -1 -2 2 1 0 -1 -2 2 1 0 -1 -2 2 1 0 -1 -2 2 1 0 -1 -2 2 1 0 -1 -2 2 1 0 -1 -2 2 1 0 -1 -2 2 1 0 -1 -2 2 1 0 -1 -2 2 1 0 -1 -2 2 1 0 -1 -2 2 1 0 -1 -2 2 1 0 -1 -2 2 1 0 -1 -2 2 1 0 -1 -2 2 1 0 -1 -2 2 1 0 -1 -2 2 1 0 -1 -2 2 1 0 -1 -2 2 1 0 -1 -2 2 1 0 -1 -2 2 1 0 -1 -2 2 1 0 -1 -2 2 1 0 -1 -2 2 1 0 -1 -2 2 1 0 -1 -2 2 1 0 -1 -2 2 1 0 -1 -2 2 1 0 -1 -2 2 1 0 -1 -2 2 1 0 -1 -2 2 1 0 -1 -2 2 1 0 -1 -2 2 1 0 -1 -2 2 1 0 -1 -2 2 1 0 -1 -2 2 1 0 -1 -2 2 1 0 -1 -2 2 1 0 -1 -2 2 1 0 -1 -2 2 1 0 -1 -2 2 1 0 -1 -2 2 1 0 -1 -2 2 1 0 -1 -2 2 1 0 -1 -2 2 1 0 -1 -2 2 1 0 -1 -2 2 1 0 -1 -2 2 1 0 -1 -2 2 1 0 -1 -2 2 1 0 -1 -2 2 1 0 -1 -2 2 1 0 -1 -2 2 1 0 -1 -2 2 1 0 -1 -2 2 1 0 -1 -2 2 1 0 -1 -2 2 1 0 -1 -2 2 1 0 602 -2 2 1 0 -1 -2 2 1 0 -1 -2 2 1 0 -1 -2 2 1 0 -1 -2 2 1 0 -1 -2 2 1 0 -1 -2 2 1 0 -1 -2 2 1 0 -1 -2 2 1 0 -1 -2 2 1
2 2 2 2 2 2 2 2 2 2 2 2 2 2 2 2 2 2 2 2 2 2 2 2 2 2 2 2 2 2 2 2 2 2 2 2 2 2 2 2 2 2 2 2 2 2 2 2 2 2 2 2 2 2 2 2 2 2 2 2 2 2 2 2 2 2 2 2 2 2 2 2 2 2 2 2 2 2 2 2 2 2 2 2 2 2 2 2 2 2 2 2 2 2 2 2 2 2 2 2 2 2 2 2 2 2 2 2 2 2 2 2 2 2 2 2 2 2 2 2 2 2 2 2 2 2 2 2 2 2 2 2 2 2 2 2 2 2 2 2 2 2 2 2 2 2 2 2 2 2 2 2 2 2 2 2 2 2 2 2 2 2 2 2 2 2 2 2 2 2 2 2 2 2 2 2 2 2 2 2 2 2 2 2 2 2 2 2 2 2 2 2 2 2 2 2 2 2 2 2 2 2 2 2 2 2 2 2 2 2 2 2 2 2 2 2 2 2 2 2 2 2 2 2 2 2 2 2 2 2 2 2 2 2 2 2 2 2 2 2 2 2 2 2 2 2 2 2 2 2 2 2 2 2 2 2 2 2 2 2 2 2 2 2 2 2 2 2 2 2 2 2 2 2 2 2 2 2 2 2 2 2 2 2 2 2 2 2 2 2 2 2 2 2 2 2 2 2 2 2 2 2 2 2 2 2 2 2 2 2 2 2 2 2 2 2 2 2 2 2 2 2 2 2 2 2 2 2 2 2 2 2 2 2 2 2 2 2 2 2 2 2 2 2 2 2 2 2 2 2 2 2 2 2 2 2 2 2 2 2 2 2 2 2 2 2 2 2 2 2 2 2 2 2 2 2 2 2 2 2 2 2 2 2 2 2 2 2 2 2 2 2 2 2 2 2 2 2 2 2 2 2 2 2 2 2 2 2 2 2 2 2 2 2 2 2 2 2 2 2 2 2 2 2 2 2 2 2 2 2 2 2 2 2 2 2 2 2 2 2 2 2 2 2 2 2 2 2 2 2 2 2 1001 2 2 2 2 2 2 2 2 2 2 2 2 2 2 2 2 2 2 2 2 2 2 2 2 2 2 2 2 2 2 2 2 2 2 2 2 2 2 2 2 2 2 2 2 2 2 2
-1 0 1 2 -2 -1 0 1 2 -2 -1 0 1 2 -2 -1 0 1 2 -2 -1 0 1 2 -2 -1 0 1 2 -2 -1 0 1 2 -2 -1 0 1 2 -2 -1 0 1 2 -2 -1 0 1 2 -2 -1 0 1 2 -2 -1 0 1 2 -2 -1 0 1 2 -2 -1 0 1 2 -2 -1 0 1 2 -2 -1 0 1 2 -2 -1 0 1 2 -2 -1 0 1 2 -2 -1 0 1 2 -2 -1 0 1 2 -2 -1 0 1 2 -2 -1 0 1 2 -2 -1 0 1 2 -2 -1 0 1 2 -2 -1 0 1 2 -2 -1 0 1 2 -2 -1 0 1 2 -2 -1 0 1 2 -2 -1 0 1 2 -2 -1 0 1 2 -2 -1 0 1 2 -2 -1 0 1 2 -2 -1 0 1 2 -2 -1 0 1 2 -2 -1 0 1 2 -2 -1 0 1 2 -2 -1 0 1 2 -2 -1 0 1 2 -2 -1 0 1 2 -2 -1 0 1 2 -2 -1 0 1 2 -2 -1 0 1 2 -2 -1 0 1 2 -2 -1 0 1 2 -2 -1 0 1 2 -2 -1 0 1 2 -2 -1 0 1 2 -2 -1 0 1 2 -2 -1 0 1 2 -2 -1 0 1 2 -2 -1 0 1 2 -2 -1 0 1 2 -2 -1 0 1 2 -2 -1 0 1 2 -2 -1 0 1 2 -2 -1 0 1 2 -2 -1 0 1 2 -2 -1 0 1 2 -2 -1 0 1 2 -2 -1 0 1 2 -2 -1 0 1 2 -2 -1 0 1 2 -2 -1 0 1 2 -2 -1 0 1 2 -2 -1 0 1 2 -2 -1 0 1 2 -2 -1 0 1 2 -2 -1 0 1 2 -2 -1 0 1 2 -2 -1 0 1 2 -2 -1 0 1 2 -2 -1 0 1 2 -2 -1 0 1 2 -2 -1 0 1 2 -2 -1 0 1 2 -2 -1 0 1 2 -2 -1 0 1 2 -2 -1 0 1 2 -2 -1 0 1 2 -2 -1 0 1 2 -2 -1 0 1 2 -2 -1 0 1 2 -2 -1 0 1 2 -2 -1 0 1 2 -2 -1 0 1 2 -2 -1 0 1 2 -2 -1 0 1 2 -2 -1 0 1 2 -2 -1 0 1 2 -2 -1 0 1 2 -2 -1 0 1 601 -2 -1 0 1 2 -2 -1 0 1 2 -2 -1 0 1 2 -2 -1 0 1 2 -2 -1 0 1 2 -2 -1 0 1 2 -2 -1 0 1 2 -2 -1 0 1 2 -2 -1 0 1 2 -2
1 -2 0 2 -1 1 -2 0 2 -1 1 -2 0 2 -1 1 -2 0 2 -1 1 -2 0 2 -1 1 -2 0 2 -1 1 -2 0 2 -1 1 -2 0 2 -1 1 -2 0 2 -1 1 -2 0 2 -1 1 -2 0 2 -1 1 -2 0 2 -1 1 -2 0 2 -1 1 -2 0 2 -1 1 -2 0 2 -1 1 -2 0 2 -1 1 -2 0 2 -1 1 -2 0 2 -1 1 -2 0 2 -1 1 -2 0 2 -1 1 -2 0 2 -1 1 -2 0 2 -1 1 -2 0 2 -1 1 -2 0 2 -1 1 -2 0 2 -1 1 -2 0 2 -1 1 -2 0 2 -1 1 -2 0 2 -1 1 -2 0 2 -1 1 -2 0 2 -1 1 -2 0 2 -1 1 -2 0 2 -1 1 -2 0 2 -1 1 -2 0 2 -1 1 -2 0 2 -1 1 -2 0 2 -1 1 -2 0 2 -1 1 -2 0 2 -1 1 -2 0 2 -1 1 -2 0 2 -1 1 -2 0 2 -1 1 -2 0 2 -1 1 -2 0 2 -1 1 -2 0 2 -1 1 -2 0 2 -1 1 -2 0 2 -1 1 -2 0 2 -1 1 -2 0 2 -1 1 -2 0 2 -1 1 -2 0 2 -1 1 -2 0 2 -1 1 -2 0 2 -1 1 -2 0 2 -1 1 -2 0 2 -1 1 -2 0 2 -1 1 -2 0 2 -1 1 -2 0 2 -1 1 -2 0 2 -1 1 -2 0 2 -1 1 -2 0 2 -1 1 -2 0 2 -1 1 -2 0 2 -1 1 -2 0 2 -1 1 -2 0 2 -1 1 -2 0 2 -1 1 -2 0 2 -1 1 -2 0 2 -1 1 -2 0 2 -1 1 -2 0 2 -1 1 -2 0 2 -1 1 -2 0 2 -1 1 -2 0 2 -1 1 -2 0 2 -1 1 -2 0 2 -1 1 -2 0 2 -1 1 -2 0 2 -1 1 -2 0 2 -1 1 -2 0 2 -1 1 -2 0 2 -1 1 -2 0 2 -1 1 -2 0 2 -1 1 -2 0 2 -1 1 -2 0 2 -1 1 -2 0 2 -1 1 -2 0 2 -1 1 -2 0 2 -1 1 -2 0 2 -1 1 -2 0 2 -1 1 -2 0 2 -1 1 -2 0 2 -1 1 -2 0 2 602 1 -2 0 2 -1 1 -2 0 2 -1 1 -2 0 2 -1 1 -2 0 2 -1 1 -2 0 2 -1 1 -2 0 2 -1 1 -2 0 2 -1 1 -2 0 2 -1 1 -2 0 2 -1
-2 1 -1 2 0 -2 1 -1 2 0 -2 1 -1 2 0 -2 1 -1 2 0 -2 1 -1 2 0 -2 1 -1 2 0 -2 1 -1 2 0 -2 1 -1 2 0 -2 1 -1 2 0 -2 1 -1 2 0 -2 1 -1 2 0 -2 1 -1 2 0 -2 1 -1 2 0 -2 1 -1 2 0 -2 1 -1 2 0 -2 1 -1 2 0 -2 1 -1 2 0 -2 1 -1 2 0 -2 1 -1 2 0 -2 1 -1 2 0 -2 1 -1 2 0 -2 1 -1 2 0 -2 1 -1 2 0 -2 1 -1 2 0 -2 1 -1 2 0 -2 1 -1 2 0 -2 1 -1 2 0 -2 1 -1 2 0 -2 1 -1 2 0 -2 1 -1 2 0 -2 1 -1 2 0 -2 1 -1 2 0 -2 1 -1 2 0 -2 1 -1 2 0 -2 1 -1 2 0 -2 1 -1 2 0 -2 1 -1 2 0 -2 1 -1 2 0 -2 1 -1 2 0 -2 1 -1 2 0 -2 1 -1 2 0 -2 1 -1 2 0 -2 1 -1 2 0 -2 1 -1 2 0 -2 1 -1 2 0 -2 1 -1 2 0 -2 1 -1 2 0 -2 1 -1 2 0 -2 1 -1 2 0 -2 1 -1 2 0 -2 1 -1 2 0 -2 1 -1 2 0 -2 1 -1 2 0 -2 1 -1 2 0 -2 1 -1 2 0 -2 1 -1 2 0 -2 1 -1 2 0 -2 1 -1 2 0 -2 1 -1 2 0 -2 1 -1 2 0 -2 1 -1 2 0 -2 1 -1 2 0 -2 1 -1 2 0 -2 1 -1 2 0 -2 1 -1 2 0 -2 1 -1 2 0 -2 1 -1 2 0 -2 1 -1 2 0 -2 1 -1 2 0 -2 1 -1 2 0 -2 1 -1 2 0 -2 1 -1 2 0 -2 1 -1 2 0 -2 1 -1 2 0 -2 1 -1 2 0 -2 1 -1 2 0 -2 1 -1 2 0 -2 1 -1 2 0 -2 1 -1 2 0 -2 1 -1 2 0 -2 1 -1 2 0 -2 1 -1 2 0 -2 1 -1 2 0 -2 1 -1 2 0 -2 1 -1 2 0 -2 1 -1 2 0 -2 1 -1 2 0 -2 1 -1 2 0 -2 1 -1 2 0 -2 1 -1 2 0 -2 1 -1 2 0 601 1 -1 2 0 -2 1 -1 2 0 -2 1 -1 2 0 -2 1 -1 2 0 -2 1 -1 2 0 -2 1 -1 2 0 -2 1 -1 2 0 -2 1 -1 2 0 -2 1 -1 2 0
0 -1 -2 2 1 0 -1 -2 2 1 0 -1 -2 2 1 0 -1 -2 2 1 0 -1 -2 2 1 0 -1 -2 2 1 0 -1 -2 2 1 0 -1 -2 2 1 0 -1 -2 2 1 0 -1 -2 2 1 0 -1 -2 2 1 0 -1 -2 2 1 0 -1 -2 2 1 0 -1 -2 2 1 0 -1 -2 2 1 0 -1 -2 2 1 0 -1 -2 2 1 0 -1 -2 2 1 0 -1 -2 2 1 0 -1 -2 2 1 0 -1 -2 2 1 0 -1 -2 2 1 0 -1 -2 2 1 0 -1 -2 2 1 0 -1 -2 2 1 0 -1 -2 2 1 0 -1 -2 2 1 0 -1 -2 2 1 0 -1 -2 2 1 0 -1 -2 2 1 0 -1 -2 2 1 0 -1 -2 2 1 0 -1 -2 2 1 0 -1 -2 2 1 0 -1 -2 2 1 0 -1 -2 2 1 0 -1 -2 2 1 0 -1 -2 2 1 0 -1 -2 2 1 0 -1 -2 2 1 0 -1 -2 2 1 0 -1 -2 2 1 0 -1 -2 2 1 0 -1 -2 2 1 0 -1 -2 2 1 0 -1 -2 2 1 0 -1 -2 2 1 0 -1 -2 2 1 0 -1 -2 2 1 0 -1 -2 2 1 0 -1 -2 2 1 0 -1 -2 2 1 0 -1 -2 2 1 0 -1 -2 2 1 0 -1 -2 2 1 0 -1 -2 2 1 0 -1 -2 2 1 0 -1 -2 2 1 0 -1 -2 2 1 0 -1 -2 2 1 0 -1 -2 2 1 0 -1 -2 2 1 0 -1 -2 2 1 0 -1 -2 2 1 0 -1 -2 2 1 0 -1 -2 2 1 0 -1 -2 2 1 0 -1 -2 2 1 0 -1 -2 2 1 0 -1 -2 2 1 0 -1 -2 2 1 0 -1 -2 2 1 0 -1 -2 2 1 0 -1 -2 2 1 0 -1 -2 2 1 0 -1 -2 2 1 0 -1 -2 2 1 0 -1 -2 2 1 0 -1 -2 2 1 0 -1 -2 2 1 0 -1 -2 2 1 0 -1 -2 2 1 0 -1 -2 2 1 0 -1 -2 2 1 0 -1 -2 2 1 0 -1 -2 2 1 0 -1 -2 2 1 0 -1 -2 2 1 0 -1 -2 2 1 0 -1 -2 2 1 0 -1 -2 2 1 0 602 -2 2 1 0 -1 -2 2 1 0 -1 -2 2 1 0 -1 -2 2 1 0 -1 -2 2 1 0 -1 -2 2 1 0 -1 -2 2 1 0 -1 -2 2 1 0 -1 -2 2 1
2 2 2 2 2 2 2 2 2 2 2 2 2 2 2 2 2 2 2 2 2 2 2 2 2 2 2 2 2 2 2 2 2 2 2 2 2 2 2 2 2 2 2 2 2 2 2 2 2 2 2 2 2 2 2 2 2 2 2 2 2 2 2 2 2 2 2 2 2 2 2 2 2 2 2 2 2 2 2 2 2 2 2 2 2 2 2 2 2 2 2 2 2 2 2 2 2 2 2 2 2 2 2 2 2 2 2 2 2 2 2 2 2 2 2 2 2 2 2 2 2 2 2 2 2 2 2 2 2 2 2 2 2 2 2 2 2 2 2 2 2 2 2 2 2 2 2 2 2 2 2 2 2 2 2 2 2 2 2 2 2 2 2 2 2 2 2 2 2 2 2 2 2 2 2 2 2 2 2 2 2 2 2 2 2 2 2 2 2 2 2 2 2 2 2 2 2 2 2 2 2 2 2 2 2 2 2 2 2 2 2 2 2 2 2 2 2 2 2 2 2 2 2 2 2 2 2 2 2 2 2 2 2 2 2 2 2 2 2 2 2 2 2 2 2 2 2 2 2 2 2 2 2 2 2 2 2 2 2 2 2 2 2 2 2 2 2 2 2 2 2 2 2 2 2 2 2 2 2 2 2 2 2 2 2 2 2 2 2 2 2 2 2 2 2 2 2 2 2 2 2 2 2 2 2 2 2 2 2 2 2 2 2 2 2 2 2 2 2 2 2 2 2 2 2 2 2 2 2 2 2 2 2 2 2 2 2 2 2 2 2 2 2 2 2 2 2 2 2 2 2 2 2 2 2 2 2 2 2 2 2 2 2 2 2 2 2 2 2 2 2 2 2 2 2 2 2 2 2 2 2 2 2 2 2 2 2 2 2 2 2 2 2 2 2 2 2 2 2 2 2 2 2 2 2 2 2 2 2 2 2 2 2 2 2 2 2 2 2 2 2 2 2 2 2 2 2 2 2 2 2 2 2 2 2 2 2 2 2 2 2 2 2 2 2 2 2 2 2 2 2 2 2 2 2 2 2 1001 2 2 2 2 2 2 2 2 2 2 2 2 2 2 2 2 2 2 2 2 2 2 2 2 2 2 2 2 2 2 2 2 2 2 2 2 2 2 2 2 2 2
-1 0 1 2 -2 -1 0 1 2 -2 -1 0 1 2 -2 -1 0 1 2 -2 -1 0 1 2 -2 -1 0 1 2 -2 -1 0 1 2 -2 -1 0 1 2 -2 -1 0 1 2 -2 -1 0 1 2 -2 -1 0 1 2 -2 -1 0 1 2 -2 -1 0 1 2 -2 -1 0 1 2 -2 -1 0 1 2 -2 -1 0 1 2 -2 -1 0 1 2 -2 -1 0 1 2 -2 -1 0 1 2 -2 -1 0 1 2 -2 -1 0 1 2 -2 -1 0 1 2 -2 -1 0 1 2 -2 -1 0 1 2 -2 -1 0 1 2 -2 -1 0 1 2 -2 -1 0 1 2 -2 -1 0 1 2 -2 -1 0 1 2 -2 -1 0 1 2 -2 -1 0 1 2 -2 -1 0 1 2 -2 -1 0 1 2 -2 -1 0 1 2 -2 -1 0 1 2 -2 -1 0 1 2 -2 -1 0 1 2 -2 -1 0 1 2 -2 -1 0 1 2 -2 -1 0 1 2 -2 -1 0 1 2 -2 -1 0 1 2 -2 -1 0 1 2 -2 -1 0 1 2 -2 -1 0 1 2 -2 -1 0 1 2 -2 -1 0 1 2 -2 -1 0 1 2 -2 -1 0 1 2 -2 -1 0 1 2 -2 -1 0 1 2 -2 -1 0 1 2 -2 -1 0 1 2 -2 -1 0 1 2 -2 -1 0 1 2 -2 -1 0 1 2 -2 -1 0 1 2 -2 -1 0 1 2 -2 -1 0 1 2 -2 -1 0 1 2 -2 -1 0 1 2 -2 -1 0 1 2 -2 -1 0 1 2 -2 -1 0 1 2 -2 -1 0 1 2 -2 -1 0 1 2 -2 -1 0 1 2 -2 -1 0 1 2 -2 -1 0 1 2 -2 -1 0 1 2 -2 -1 0 1 2 -2 -1 0 1 2 -2 -1 0 1 2 -2 -1 0 1 2 -2 -1 0 1 2 -2 -1 0 1 2 -2 -1 0 1 2 -2 -1 0 1 2 -2 -1 0 1 2 -2 -1 0 1 2 -2 -1 0 1 2 -2 -1 0 1 2 -2 -1 0 1 2 -2 -1 0 1 2 -2 -1 0 1 2 -2 -1 0 1 2 -2 -1 0 1 2 -2 -1 0 1 2 -2 -1 0 1 2 -2 -1 0 1 2 -2 -1 0 1 2 -2 -1 0 1 601 -2 -1 0 1 2 -2 -1 0 1 2 -2 -1 0 1 2 -2 -1 0 1 2 -2 -1 0 1 2 -2 -1 0 1 2 -2 -1 0 1 2 -2 -1 0 1 2 -2
1 -2 0 2 -1 1 -2 0 2 -1 1 -2 0 2 -1 1 -2 0 2 -1 1 -2 0 2 -1 1 -2 0 2 -1 1 -2 0 2 -1 1 -2 0 2 -1 1 -2 0 2 -1 1 -2 0 2 -1 1 -2 0 2 -1 1 -2 0 2 -1 1 -2 0 2 -1 1 -2 0 2 -1 1 -2 0 2 -1 1 -2 0 2 -1 1 -2 0 2 -1 1 -2 0 2 -1 1 -2 0 2 -1 1 -2 0 2 -1 1 -2 0 2 -1 1 -2 0 2 -1 1 -2 0 2 -1 1 -2 0 2 -1 1 -2 0 2 -1 1 -2 0 2 -1 1 -2 0 2 -1 1 -2 0 2 -1 1 -2 0 2 -1 1 -2 0 2 -1 1 -2 0 2 -1 1 -2 0 2 -1 1 -2 0 2 -1 1 -2 0 2 -1 1 -2 0 2 -1 1 -2 0 2 -1 1 -2 0 2 -1 1 -2 0 2 -1 1 -2 0 2 -1 1 -2 0 2 -1 1 -2 0 2 -1 1 -2 0 2 -1 1 -2 0 2 -1 1 -2 0 2 -1 1 -2 0 2 -1 1 -2 0 2 -1 1 -2 0 2 -1 1 -2 0 2 -1 1 -2 0 2 -1 1 -2 0 2 -1 1 -2 0 2 -1 1 -2 0 2 -1 1 -2 0 2 -1 1 -2 0 2 -1 1 -2 0 2 -1 1 -2 0 2 -1 1 -2 0 2 -1 1 -2 0 2 -1 1 -2 0 2 -1 1 -2 0 2 -1 1 -2 0 2 -1 1 -2 0 2 -1 1 -2 0 2 -1 1 -2 0 2 -1 1 -2 0 2 -1 1 -2 0 2 -1 1 -2 0 2 -1 1 -2 0 2 -1 1 -2 0 2 -1 1 -2 0 2 -1 1 -2 0 2 -1 1 -2 0 2 -1 1 -2 0 2 -1 1 -2 0 2 -1 1 -2 0 2 -1 1 -2 0 2 -1 1 -2 0 2 -1 1 -2 0 2 -1 1 -2 0 2 -1 1 -2 0 2 -1 1 -2 0 2 -1 1 -2 0 2 -1 1 -2 0 2 -1 1 -2 0 2 -1 1 -2 0 2 -1 1 -2 0 2 -1 1 -2 0 2 -1 1 -2 0 2 -1 1 -2 0 2 -1 1 -2 0 2 -1 1 -2 0 2 -1 1 -2 0 2 602 1 -2 0 2 -1 1 -2 0 2 -1 1 -2 0 2 -1 1 -2 0 2 -1 1 -2 0 2 -1 1 -2 0 2 -1 1 -2 0 2 -1 1 -2 0 2 -1
-2 1 -1 2 0 -2 1 -1 2 0 -2 1 -1 2 0 -2 1 -1 2 0 -2 1 -1 2 0 -2 1 -1 2 0 -2 1 -1 2 0 -2 1 -1 2 0 -2 1 -1 2 0 -2 1 -1 2 0 -2 1 -1 2 0 -2 1 -1 2 0 -2 1 -1 2 0 -2 1 -1 2 0 -2 1 -1 2 0 -2 1 -1 2 0 -2 1 -1 2 0 -2 1 -1 2 0 -2 1 -1 2 0 -2 1 -1 2 0 -2 1 -1 2 0 -2 1 -1 2 0 -2 1 -1 2 0 -2 1 -1 2 0 -2 1 -1 2 0 -2 1 -1 2 0 -2 1 -1 2 0 -2 1 -1 2 0 -2 1 -1 2 0 -2 1 -1 2 0 -2 1 -1 2 0 -2 1 -1 2 0 -2 1 -1 2 0 -2 1 -1 2 0 -2 1 -1 2 0 -2 1 -1 2 0 -2 1 -1 2 0 -2 1 -1 2 0 -2 1 -1 2 0 -2 1 -1 2 0 -2 1 -1 2 0 -2 1 -1 2 0 -2 1 -1 2 0 -2 1 -1 2 0 -2 1 -1 2 0 -2 1 -1 2 0 -2 1 -1 2 0 -2 1 -1 2 0 -2 1 -1 2 0 -2 1 -1 2 0 -2 1 -1 2 0 -2 1 -1 2 0 -2 1 -1 2 0 -2 1 -1 2 0 -2 1 -1 2 0 -2 1 -1 2 0 -2 1 -1 2 0 -2 1 -1 2 0 -2 1 -1 2 0 -2 1 -1 2 0 -2 1 -1 2 0 -2 1 -1 2 0 -2 1 -1 2 0 -2 1 -1 2 0 -2 1 -1 2 0 -2 1 -1 2 0 -2 1 -1 2 0 -2 1 -1 2 0 -2 1 -1 2 0 -2 1 -1 2 0 -2 1 -1 2 0 -2 1 -1 2 0 -2 1 -1 2 0 -2 1 -1 2 0 -2 1 -1 2 0 -2 1 -1 2 0 -2 1 -1 2 0 -2 1 -1 2 0 -2 1 -1 2 0 -2 1 -1 2 0 -2 1 -1 2 0 -2 1 -1 2 0 -2 1 -1 2 0 -2 1 -1 2 0 -2 1 -1 2 0 -2 1 -1 2 0 -2 1 -1 2 0 -2 1 -1 2 0 -2 1 -1 2 0 -2 1 -1 2 0 -2 1 -1 2 0 -2 1 -1 2 0 601 1 -1 2 0 -2 1 -1 2 0 -2 1 -1 2 0 -2 1 -1 2 0 -2 1 -1 2 0 -2 1 -1 2 0 -2 1 -1 2 0 -2 1 -1 2 0
0 -1 -2 2 1 0 -1 -2 2 1 0 -1 -2 2 1 0 -1 -2 2 1 0 -1 -2 2 1 0 -1 -2 2 1 0 -1 -2 2 1 0 -1 -2 2 1 0 -1 -2 2 1 0 -1 -2 2 1 0 -1 -2 2 1 0 -1 -2 2 1 0 -1 -2 2 1 0 -1 -2 2 1 0 -1 -2 2 1 0 -1 -2 2 1 0 -1 -2 2 1 0 -1 -2 2 1 0 -1 -2 2 1 0 -1 -2 2 1 0 -1 -2 2 1 0 -1 -2 2 1 0 -1 -2 2 1 0 -1 -2 2 1 0 -1 -2 2 1 0 -1 -2 2 1 0 -1 -2 2 1 0 -1 -2 2 1 0 -1 -2 2 1 0 -1 -2 2 1 0 -1 -2 2 1 0 -1 -2 2 1 0 -1 -2 2 1 0 -1 -2 2 1 0 -1 -2 2 1 0 -1 -2 2 1 0 -1 -2 2 1 0 -1 -2 2 1 0 -1 -2 2 1 0 -1 -2 2 1 0 -1 -2 2 1 0 -1 -2 2 1 0 -1 -2 2 1 0 -1 -2 2 1 0 -1 -2 2 1 0 -1 -2 2 1 0 -1 -2 2 1 0 -1 -2 2 1 0 -1 -2 2 1 0 -1 -2 2 1 0 -1 -2 2 1 0 -1 -2 2 1 0 -1 -2 2 1 0 -1 -2 2 1 0 -1 -2 2 1 0 -1 -2 2 1 0 -1 -2 2 1 0 -1 -2 2 1 0 -1 -2 2 1 0 -1 -2 2 1 0 -1 -2 2 1 0 -1 -2 2 1 0 -1 -2 2 1 0 -1 -2 2 1 0 -1 -2 2 1 0 -1 -2 2 1 0 -1 -2 2 1 0 -1 -2 2 1 0 -1 -2 2 1 0 -1 -2 2 1 0 -1 -2 2 1 0 -1 -2 2 1 0 -1 -2 2 1 0 -1 -2 2 1 0 -1 -2 2 1 0 -1 -2 2 1 0 -1 -2 2 1 0 -1 -2 2 1 0 -1 -2 2 1 0 -1 -2 2 1 0 -1 -2 2 1 0 -1 -2 2 1 0 -1 -2 2 1 0 -1 -2 2 1 0 -1 -2 2 1 0 -1 -2 2 1 0 -1 -2 2 1 0 -1 -2 2 1 0 -1 -2 2 1 0 -1 -2 2 1 0 -1 -2 2 1 0 -1 -2 2 1 0 602 -2 2 1 0 -1 -2 2 1 0 -1 -2 2 1 0 -1 -2 2 1 0 -1 -2 2 1 0 -1 -2 2 1 0 -1 -2 2 1 0 -1 -2 2 1
2 2 2 2 2 2 2 2 2 2 2 2 2 2 2 2 2 2 2 2 2 2 2 2 2 2 2 2 2 2 2 2 2 2 2 2 2 2 2 2 2 2 2 2 2 2 2 2 2 2 2 2 2 2 2 2 2 2 2 2 2 2 2 2 2 2 2 2 2 2 2 2 2 2 2 2 2 2 2 2 2 2 2 2 2 2 2 2 2 2 2 2 2 2 2 2 2 2 2 2 2 2 2 2 2 2 2 2 2 2 2 2 2 2 2 2 2 2 2 2 2 2 2 2 2 2 2 2 2 2 2 2 2 2 2 2 2 2 2 2 2 2 2 2 2 2 2 2 2 2 2 2 2 2 2 2 2 2 2 2 2 2 2 2 2 2 2 2 2 2 2 2 2 2 2 2 2 2 2 2 2 2 2 2 2 2 2 2 2 2 2 2 2 2 2 2 2 2 2 2 2 2 2 2 2 2 2 2 2 2 2 2 2 2 2 2 2 2 2 2 2 2 2 2 2 2 2 2 2 2 2 2 2 2 2 2 2 2 2 2 2 2 2 2 2 2 2 2 2 2 2 2 2 2 2 2 2 2 2 2 2 2 2 2 2 2 2 2 2 2 2 2 2 2 2 2 2 2 2 2 2 2 2 2 2 2 2 2 2 2 2 2 2 2 2 2 2 2 2 2 2 2 2 2 2 2 2 2 2 2 2 2 2 2 2 2 2 2 2 2 2 2 2 2 2 2 2 2 2 2 2 2 2 2 2 2 2 2 2 2 2 2 2 2 2 2 2 2 2 2 2 2 2 2 2 2 2 2 2 2 2 2 2 2 2 2 2 2 2 2 2 2 2 2 2 2 2 2 2 2 2 2 2 2 2 2 2 2 2 2 2 2 2 2 2 2 2 2 2 2 2 2 2 2 2 2 2 2 2 2 2 2 2 2 2 2 2 2 2 2 2 2 2 2 2 2 2 2 2 2 2 2 2 2 2 2 2 2 2 2 2 2 2 2 2 2 2 2 2 2 2 2 2 2 2 2 2 2 2 2 2 2 1001 2 2 2 2 2 2 2 2 2 2 2 2 2 2 2 2 2 2 2 2 2 2 2 2 2 2 2 2 2 2 2 2 2 2 2 2 2
-1 0 1 2 -2 -1 0 1 2 -2 -1 0 1 2 -2 -1 0 1 2 -2 -1 0 1 2 -2 -1 0 1 2 -2 -1 0 1 2 -2 -1 0 1 2 -2 -1 0 1 2 -2 -1 0 1 2 -2 -1 0 1 2 -2 -1 0 1 2 -2 -1 0 1 2 -2 -1 0 1 2 -2 -1 0 1 2 -2 -1 0 1 2 -2 -1 0 1 2 -2 -1 0 1 2 -2 -1 0 1 2 -2 -1 0 1 2 -2 -1 0 1 2 -2 -1 0 1 2 -2 -1 0 1 2 -2 -1 0 1 2 -2 -1 0 1 2 -2 -1 0 1 2 -2 -1 0 1 2 -2 -1 0 1 2 -2 -1 0 1 2 -2 -1 0 1 2 -2 -1 0 1 2 -2 -1 0 1 2 -2 -1 0 1 2 -2 -1 0 1 2 -2 -1 0 1 2 -2 -1 0 1 2 -2 -1 0 1 2 -2 -1 0 1 2 -2 -1 0 1 2 -2 -1 0 1 2 -2 -1 0 1 2 -2 -1 0 1 2 -2 -1 0 1 2 -2 -1 0 1 2 -2 -1 0 1 2 -2 -1 0 1 2 -2 -1 0 1 2 -2 -1 0 1 2 -2 -1 0 1 2 -2 -1 0 1 2 -2 -1 0 1 2 -2 -1 0 1 2 -2 -1 0 1 2 -2 -1 0 1 2 -2 -1 0 1 2 -2 -1 0 1 2 -2 -1 0 1 2 -2 -1 0 1 2 -2 -1 0 1 2 -2 -1 0 1 2 -2 -1 0 1 2 -2 -1 0 1 2 -2 -1 0 1 2 -2 -1 0 1 2 -2 -1 0 1 2 -2 -1 0 1 2 -2 -1 0 1 2 -2 -1 0 1 2 -2 -1 0 1 2 -2 -1 0 1 2 -2 -1 0 1 2 -2 -1 0 1 2 -2 -1 0 1 2 -2 -1 0 1 2 -2 -1 0 1 2 -2 -1 0 1 2 -2 -1 0 1 2 -2 -1 0 1 2 -2 -1 0 1 2 -2 -1 0 1 2 -2 -1 0 1 2 -2 -1 0 1 2 -2 -1 0 1 2 -2 -1 0 1 2 -2 -1 0 1 2 -2 -1 0 1 2 -2 -1 0 1 2 -2 -1 0 1 2 -2 -1 0 1 2 -2 -1 0 1 2 -2 -1 0 1 2 -2 -1 0 1 2 -2 -1 0 1 601 -2 -1 0 1 2 -2 -1 0 1 2 -2 -1 0 1 2 -2 -1 0 1 2 -2 -1 0 1 2 -2 -1 0 1 2 -2 -1 0 1 2 -2
1 -2 0 2 -1 1 -2 0 2 -1 1 -2 0 2 -1 1 -2 0 2 -1 1 -2 0 2 -1 1 -2 0 2 -1 1 -2 0 2 -1 1 -2 0 2 -1 1 -2 0 2 -1 1 -2 0 2 -1 1 -2 0 2 -1 1 -2 0 2 -1 1 -2 0 2 -1 1 -2 0 2 -1 1 -2 0 2 -1 1 -2 0 2 -1 1 -2 0 2 -1 1 -2 0 2 -1 1 -2 0 2 -1 1 -2 0 2 -1 1 -2 0 2 -1 1 -2 0 2 -1 1 -2 0 2 -1 1 -2 0 2 -1 1 -2 0 2 -1 1 -2 0 2 -1 1 -2 0 2 -1 1 -2 0 2 -1 1 -2 0 2 -1 1 -2 0 2 -1 1 -2 0 2 -1 1 -2 0 2 -1 1 -2 0 2 -1 1 -2 0 2 -1 1 -2 0 2 -1 1 -2 0 2 -1 1 -2 0 2 -1 1 -2 0 2 -1 1 -2 0 2 -1 1 -2 0 2 -1 1 -2 0 2 -1 1 -2 0 2 -1 1 -2 0 2 -1 1 -2 0 2 -1 1 -2 0 2 -1 1 -2 0 2 -1 1 -2 0 2 -1 1 -2 0 2 -1 1 -2 0 2 -1 1 -2 0 2 -1 1 -2 0 2 -1 1 -2 0 2 -1 1 -2 0 2 -1 1 -2 0 2 -1 1 -2 0 2 -1 1 -2 0 2 -1 1 -2 0 2 -1 1 -2 0 2 -1 1 -2 0 2 -1 1 -2 0 2 -1 1 -2 0 2 -1 1 -2 0 2 -1 1 -2 0 2 -1 1 -2 0 2 -1 1 -2 0 2 -1 1 -2 0 2 -1 1 -2 0 2 -1 1 -2 0 2 -1 1 -2 0 2 -1 1 -2 0 2 -1 1 -2 0 2 -1 1 -2 0 2 -1 1 -2 0 2 -1 1 -2 0 2 -1 1 -2 0 2 -1 1 -2 0 2 -1 1 -2 0 2 -1 1 -2 0 2 -1 1 -2 0 2 -1 1 -2 0 2 -1 1 -2 0 2 -1 1 -2 0 2 -1 1 -2 0 2 -1 1 -2 0 2 -1 1 -2 0 2 -1 1 -2 0 2 -1 1 -2 0 2 -1 1 -2 0 2 -1 1 -2 0 2 -1 1 -2 0 2 -1 1 -2 0 2 -1 1 -2 0 2 -1 1 -2 0 2 602 1 -2 0 2 -1 1 -2 0 2 -1 1 -2 0 2 -1 1 -2 0 2 -1 1 -2 0 2 -1 1 -2 0 2 -1 1 -2 0 2 -1
-2 1 -1 2 0 -2 1 -1 2 0 -2 1 -1 2 0 -2 1 -1 2 0 -2 1 -1 2 0 -2 1 -1 2 0 -2 1 -1 2 0 -2 1 -1 2 0 -2 1 -1 2 0 -2 1 -1 2 0 -2 1 -1 2 0 -2 1 -1 2 0 -2 1 -1 2 0 -2 1 -1 2 0 -2 1 -1 2 0 -2 1 -1 2 0 -2 1 -1 2 0 -2 1 -1 2 0 -2 1 -1 2 0 -2 1 -1 2 0 -2 1 -1 2 0 -2 1 -1 2 0 -2 1 -1 2 0 -2 1 -1 2 0 -2 1 -1 2 0 -2 1 -1 2 0 -2 1 -1 2 0 -2 1 -1 2 0 -2 1 -1 2 0 -2 1 -1 2 0 -2 1 -1 2 0 -2 1 -1 2 0 -2 1 -1 2 0 -2 1 -1 2 0 -2 1 -1 2 0 -2 1 -1 2 0 -2 1 -1 2 0 -2 1 -1 2 0 -2 1 -1 2 0 -2 1 -1 2 0 -2 1 -1 2 0 -2 1 -1 2 0 -2 1 -1 2 0 -2 1 -1 2 0 -2 1 -1 2 0 -2 1 -1 2 0 -2 1 -1 2 0 -2 1 -1 2 0 -2 1 -1 2 0 -2 1 -1 2 0 -2 1 -1 2 0 -2 1 -1 2 0 -2 1 -1 2 0 -2 1 -1 2 0 -2 1 -1 2 0 -2 1 -1 2 0 -2 1 -1 2 0 -2 1 -1 2 0 -2 1 -1 2 0 -2 1 -1 2 0 -2 1 -1 2 0 -2 1 -1 2 0 -2 1 -1 2 0 -2 1 -1 2 0 -2 1 -1 2 0 -2 1 -1 2 0 -2 1 -1 2 0 -2 1 -1 2 0 -2 1 -1 2 0 -2 1 -1 2 0 -2 1 -1 2 0 -2 1 -1 2 0 -2 1 -1 2 0 -2 1 -1 2 0 -2 1 -1 2 0 -2 1 -1 2 0 -2 1 -1 2 0 -2 1 -1 2 0 -2 1 -1 2 0 -2 1 -1 2 0 -2 1 -1 2 0 -2 1 -1 2 0 -2 1 -1 2 0 -2 1 -1 2 0 -2 1 -1 2 0 -2 1 -1 2 0 -2 1 -1 2 0 -2 1 -1 2 0 -2 1 -1 2 0 -2 1 -1 2 0 -2 1 -1 2 0 -2 1 -1 2 0 -2 1 -1 2 0 601 1 -1 2 0 -2 1 -1 2 0 -2 1 -1 2 0 -2 1 -1 2 0 -2 1 -1 2 0 -2 1 -1 2 0 -2 1 -1 2 0
0 -1 -2 2 1 0 -1 -2 2 1 0 -1 -2 2 1 0 -1 -2 2 1 0 -1 -2 2 1 0 -1 -2 2 1 0 -1 -2 2 1 0 -1 -2 2 1 0 -1 -2 2 1 0 -1 -2 2 1 0 -1 -2 2 1 0 -1 -2 2 1 0 -1 -2 2 1 0 -1 -2 2 1 0 -1 -2 2 1 0 -1 -2 2 1 0 -1 -2 2 1 0 -1 -2 2 1 0 -1 -2 2 1 0 -1 -2 2 1 0 -1 -2 2 1 0 -1 -2 2 1 0 -1 -2 2 1 0 -1 -2 2 1 0 -1 -2 2 1 0 -1 -2 2 1 0 -1 -2 2 1 0 -1 -2 2 1 0 -1 -2 2 1 0 -1 -2 2 1 0 -1 -2 2 1 0 -1 -2 2 1 0 -1 -2 2 1 0 -1 -2 2 1 0 -1 -2 2 1 0 -1 -2 2 1 0 -1 -2 2 1 0 -1 -2 2 1 0 -1 -2 2 1 0 -1 -2 2 1 0 -1 -2 2 1 0 -1 -2 2 1 0 -1 -2 2 1 0 -1 -2 2 1 0 -1 -2 2 1 0 -1 -2 2 1 0 -1 -2 2 1 0 -1 -2 2 1 0 -1 -2 2 1 0 -1 -2 2 1 0 -1 -2 2 1 0 -1 -2 2 1 0 -1 -2 2 1 0 -1 -2 2 1 0 -1 -2 2 1 0 -1 -2 2 1 0 -1 -2 2 1 0 -1 -2 2 1 0 -1 -2 2 1 0 -1 -2 2 1 0 -1 -2 2 1 0 -1 -2 2 1 0 -1 -2 2 1 0 -1 -2 2 1 0 -1 -2 2 1 0 -1 -2 2 1 0 -1 -2 2 1 0 -1 -2 2 1 0 -1 -2 2 1 0 -1 -2 2 1 0 -1 -2 2 1 0 -1 -2 2 1 0 -1 -2 2 1 0 -1 -2 2 1 0 -1 -2 2 1 0 -1 -2 2 1 0 -1 -2 2 1 0 -1 -2 2 1 0 -1 -2 2 1 0 -1 -2 2 1 0 -1 -2 2 1 0 -1 -2 2 1 0 -1 -2 2 1 0 -1 -2 2 1 0 -1 -2 2 1 0 -1 -2 2 1 0 -1 -2 2 1 0 -1 -2 2 1 0 -1 -2 2 1 0 -1 -2 2 1 0 -1 -2 2 1 0 -1 -2 2 1 0 -1 -2 2 1 0 602 -2 2 1 0 -1 -2 2 1 0 -1 -2 2 1 0 -1 -2 2 1 0 -1 -2 2 1 0 -1 -2 2 1 0 -1 -2 2 1
2 2 2 2 2 2 2 2 2 2 2 2 2 2 2 2 2 2 2 2 2 2 2 2 2 2 2 2 2 2 2 2 2 2 2 2 2 2 2 2 2 2 2 2 2 2 2 2 2 2 2 2 2 2 2 2 2 2 2 2 2 2 2 2 2 2 2 2 2 2 2 2 2 2 2 2 2 2 2 2 2 2 2 2 2 2 2 2 2 2 2 2 2 2 2 2 2 2 2 2 2 2 2 2 2 2 2 2 2 2 2 2 2 2 2 2 2 2 2 2 2 2 2 2 2 2 2 2 2 2 2 2 2 2 2 2 2 2 2 2 2 2 2 2 2 2 2 2 2 2 2 2 2 2 2 2 2 2 2 2 2 2 2 2 2 2 2 2 2 2 2 2 2 2 2 2 2 2 2 2 2 2 2 2 2 2 2 2 2 2 2 2 2 2 2 2 2 2 2 2 2 2 2 2 2 2 2 2 2 2 2 2 2 2 2 2 2 2 2 2 2 2 2 2 2 2 2 2 2 2 2 2 2 2 2 2 2 2 2 2 2 2 2 2 2 2 2 2 2 2 2 2 2 2 2 2 2 2 2 2 2 2 2 2 2 2 2 2 2 2 2 2 2 2 2 2 2 2 2 2 2 2 2 2 2 2 2 2 2 2 2 2 2 2 2 2 2 2 2 2 2 2 2 2 2 2 2 2 2 2 2 2 2 2 2 2 2 2 2 2 2 2 2 2 2 2 2 2 2 2 2 2 2 2 2 2 2 2 2 2 2 2 2 2 2 2 2 2 2 2 2 2 2 2 2 2 2 2 2 2 2 2 2 2 2 2 2 2 2 2 2 2 2 2 2 2 2 2 2 2 2 2 2 2 2 2 2 2 2 2 2 2 2 2 2 2 2 2 2 2 2 2 2 2 2 2 2 2 2 2 2 2 2 2 2 2 2 2 2 2 2 2 2 2 2 2 2 2 2 2 2 2 2 2 2 2 2 2 2 2 2 2 2 2 2 2 2 2 2 2 2 2 2 2 2 2 2 2 2 2 2 2 2 2 2 2 2 1001 2 2 2 2 2 2 2 2 2 2 2 2 2 2 2 2 2 2 2 2 2 2 2 2 2 2 2 2 2 2 2 2
-1 0 1 2 -2 -1 0 1 2 -2 -1 0 1 2 -2 -1 0 1 2 -2 -1 0 1 2 -2 -1 0 1 2 -2 -1 0 1 2 -2 -1 0 1 2 -2 -1 0 1 2 -2 -1 0 1 2 -2 -1 0 1 2 -2 -1 0 1 2 -2 -1 0 1 2 -2 -1 0 1 2 -2 -1 0 1 2 -2 -1 0 1 2 -2 -1 0 1 2 -2 -1 0 1 2 -2 -1 0 1 2 -2 -1 0 1 2 -2 -1 0 1 2 -2 -1 0 1 2 -2 -1 0 1 2 -2 -1 0 1 2 -2 -1 0 1 2 -2 -1 0 1 2 -2 -1 0 1 2 -2 -1 0 1 2 -2 -1 0 1 2 -2 -1 0 1 2 -2 -1 0 1 2 -2 -1 0 1 2 -2 -1 0 1 2 -2 -1 0 1 2 -2 -1 0 1 2 -2 -1 0 1 2 -2 -1 0 1 2 -2 -1 0 1 2 -2 -1 0 1 2 -2 -1 0 1 2 -2 -1 0 1 2 -2 -1 0 1 2 -2 -1 0 1 2 -2 -1 0 1 2 -2 -1 0 1 2 -2 -1 0 1 2 -2 -1 0 1 2 -2 -1 0 1 2 -2 -1 0 1 2 -2 -1 0 1 2 -2 -1 0 1 2 -2 -1 0 1 2 -2 -1 0 1 2 -2 -1 0 1 2 -2 -1 0 1 2 -2 -1 0 1 2 -2 -1 0 1 2 -2 -1 0 1 2 -2 -1 0 1 2 -2 -1 0 1 2 -2 -1 0 1 2 -2 -1 0 1 2 -2 -1 0 1 2 -2 -1 0 1 2 -2 -1 0 1 2 -2 -1 0 1 2 -2 -1 0 1 2 -2 -1 0 1 2 -2 -1 0 1 2 -2 -1 0 1 2 -2 -1 0 1 2 -2 -1 0 1 2 -2 -1 0 1 2 -2 -1 0 1 2 -2 -1 0 1 2 -2 -1 0 1 2 -2 -1 0 1 2 -2 -1 0 1 2 -2 -1 0 1 2 -2 -1 0 1 2 -2 -1 0 1 2 -2 -1 0 1 2 -2 -1 0 1 2 -2 -1 0 1 2 -2 -1 0 1 2 -2 -1 0 1 2 -2 -1 0 1 2 -2 -1 0 1 2 -2 -1 0 1 2 -2 -1 0 1 2 -2 -1 0 1 2 -2 -1 0 1 2 -2 -1 0 1 2 -2 -1 0 1 601 -2 -1 0 1 2 -2 -1 0 1 2 -2 -1 0 1 2 -2 -1 0 1 2 -2 -1 0 1 2 -2 -1 0 1 2 -2
1 -2 0 2 -1 1 -2 0 2 -1 1 -2 0 2 -1 1 -2 0 2 -1 1 -2 0 2 -1 1 -2 0 2 -1 1 -2 0 2 -1 1 -2 0 2 -1 1 -2 0 2 -1 1 -2 0 2 -1 1 -2 0 2 -1 1 -2 0 2 -1 1 -2 0 2 -1 1 -2 0 2 -1 1 -2 0 2 -1 1 -2 0 2 -1 1 -2 0 2 -1 1 -2 0 2 -1 1 -2 0 2 -1 1 -2 0 2 -1 1 -2 0 2 -1 1 -2 0 2 -1 1 -2 0 2 -1 1 -2 0 2 -1 1 -2 0 2 -1 1 -2 0 2 -1 1 -2 0 2 -1 1 -2 0 2 -1 1 -2 0 2 -1 1 -2 0 2 -1 1 -2 0 2 -1 1 -2 0 2 -1 1 -2 0 2 -1 1 -2 0 2 -1 1 -2 0 2 -1 1 -2 0 2 -1 1 -2 0 2 -1 1 -2 0 2 -1 1 -2 0 2 -1 1 -2 0 2 -1 1 -2 0 2 -1 1 -2 0 2 -1 1 -2 0 2 -1 1 -2 0 2 -1 1 -2 0 2 -1 1 -2 0 2 -1 1 -2 0 2 -1 1 -2 0 2 -1 1 -2 0 2 -1 1 -2 0 2 -1 1 -2 0 2 -1 1 -2 0 2 -1 1 -2 0 2 -1 1 -2 0 2 -1 1 -2 0 2 -1 1 -2 0 2 -1 1 -2 0 2 -1 1 -2 0 2 -1 1 -2 0 2 -1 1 -2 0 2 -1 1 -2 0 2 -1 1 -2 0 2 -1 1 -2 0 2 -1 1 -2 0 2 -1 1 -2 0 2 -1 1 -2 0 2 -1 1 -2 0 2 -1 1 -2 0 2 -1 1 -2 0 2 -1 1 -2 0 2 -1 1 -2 0 2 -1 1 -2 0 2 -1 1 -2 0 2 -1 1 -2 0 2 -1 1 -2 0 2 -1 1 -2 0 2 -1 1 -2 0 2 -1 1 -2 0 2 -1 1 -2 0 2 -1 1 -2 0 2 -1 1 -2 0 2 -1 1 -2 0 2 -1 1 -2 0 2 -1 1 -2 0 2 -1 1 -2 0 2 -1 1 -2 0 2 -1 1 -2 0 2 -1 1 -2 0 2 -1 1 -2 0 2 -1 1 -2 0 2 -1 1 -2 0 2 -1 1 -2 0 2 -1 1 -2 0 2 -1 1 -2 0 2 602 1 -2 0 2 -1 1 -2 0 2 -1 1 -2 0 2 -1 1 -2 0 2 -1 1 -2 0 2 -1 1 -2 0 2 -1
-2 1 -1 2 0 -2 1 -1 2 0 -2 1 -1 2 0 -2 1 -1 2 0 -2 1 -1 2 0 -2 1 -1 2 0 -2 1 -1 2 0 -2 1 -1 2 0 -2 1 -1 2 0 -2 1 -1 2 0 -2 1 -1 2 0 -2 1 -1 2 0 -2 1 -1 2 0 -2 1 -1 2 0 -2 1 -1 2 0 -2 1 -1 2 0 -2 1 -1 2 0 -2 1 -1 2 0 -2 1 -1 2 0 -2 1 -1 2 0 -2 1 -1 2 0 -2 1 -1 2 0 -2 1 -1 2 0 -2 1 -1 2 0 -2 1 -1 2 0 -2 1 -1 2 0 -2 1 -1 2 0 -2 1 -1 2 0 -2 1 -1 2 0 -2 1 -1 2 0 -2 1 -1 2 0 -2 1 -1 2 0 -2 1 -1 2 0 -2 1 -1 2 0 -2 1 -1 2 0 -2 1 -1 2 0 -2 1 -1 2 0 -2 1 -1 2 0 -2 1 -1 2 0 -2 1 -1 2 0 -2 1 -1 2 0 -2 1 -1 2 0 -2 1 -1 2 0 -2 1 -1 2 0 -2 1 -1 2 0 -2 1 -1 2 0 -2 1 -1 2 0 -2 1 -1 2 0 -2 1 -1 2 0 -2 1 -1 2 0 -2 1 -1 2 0 -2 1 -1 2 0 -2 1 -1 2 0 -2 1 -1 2 0 -2 1 -1 2 0 -2 1 -1 2 0 -2 1 -1 2 0 -2 1 -1 2 0 -2 1 -1 2 0 -2 1 -1 2 0 -2 1 -1 2 0 -2 1 -1 2 0 -2 1 -1 2 0 -2 1 -1 2 0 -2 1 -1 2 0 -2 1 -1 2 0 -2 1 -1 2 0 -2 1 -1 2 0 -2 1 -1 2 0 -2 1 -1 2 0 -2 1 -1 2 0 -2 1 -1 2 0 -2 1 -1 2 0 -2 1 -1 2 0 -2 1 -1 2 0 -2 1 -1 2 0 -2 1 -1 2 0 -2 1 -1 2 0 -2 1 -1 2 0 -2 1 -1 2 0 -2 1 -1 2 0 -2 1 -1 2 0 -2 1 -1 2 0 -2 1 -1 2 0 -2 1 -1 2 0 -2 1 -1 2 0 -2 1 -1 2 0 -2 1 -1 2 0 -2 1 -1 2 0 -2 1 -1 2 0 -2 1 -1 2 0 -2 1 -1 2 0 -2 1 -1 2 0 -2 1 -1 2 0 601 1 -1 2 0 -2 1 -1 2 0 -2 1 -1 2 0 -2 1 -1 2 0 -2 1 -1 2 0 -2 1 -1 2 0
0 -1 -2 2 1 0 -1 -2 2 1 0 -1 -2 2 1 0 -1 -2 2 1 0 -1 -2 2 1 0 -1 -2 2 1 0 -1 -2 2 1 0 -1 -2 2 1 0 -1 -2 2 1 0 -1 -2 2 1 0 -1 -2 2 1 0 -1 -2 2 1 0 -1 -2 2 1 0 -1 -2 2 1 0 -1 -2 2 1 0 -1 -2 2 1 0 -1 -2 2 1 0 -1 -2 2 1 0 -1 -2 2 1 0 -1 -2 2 1 0 -1 -2 2 1 0 -1 -2 2 1 0 -1 -2 2 1 0 -1 -2 2 1 0 -1 -2 2 1 0 -1 -2 2 1 0 -1 -2 2 1 0 -1 -2 2 1 0 -1 -2 2 1 0 -1 -2 2 1 0 -1 -2 2 1 0 -1 -2 2 1 0 -1 -2 2 1 0 -1 -2 2 1 0 -1 -2 2 1 0 -1 -2 2 1 0 -1 -2 2 1 0 -1 -2 2 1 0 -1 -2 2 1 0 -1 -2 2 1 0 -1 -2 2 1 0 -1 -2 2 1 0 -1 -2 2 1 0 -1 -2 2 1 0 -1 -2 2 1 0 -1 -2 2 1 0 -1 -2 2 1 0 -1 -2 2 1 0 -1 -2 2 1 0 -1 -2 2 1 0 -1 -2 2 1 0 -1 -2 2 1 0 -1 -2 2 1 0 -1 -2 2 1 0 -1 -2 2 1 0 -1 -2 2 1 0 -1 -2 2 1 0 -1 -2 2 1 0 -1 -2 2 1 0 -1 -2 2 1 0 -1 -2 2 1 0 -1 -2 2 1 0 -1 -2 2 1 0 -1 -2 2 1 0 -1 -2 2 1 0 -1 -2 2 1 0 -1 -2 2 1 0 -1 -2 2 1 0 -1 -2 2 1 0 -1 -2 2 1 0 -1 -2 2 1 0 -1 -2 2 1 0 -1 -2 2 1 0 -1 -2 2 1 0 -1 -2 2 1 0 -1 -2 2 1 0 -1 -2 2 1 0 -1 -2 2 1 0 -1 -2 2 1 0 -1 -2 2 1 0 -1 -2 2 1 0 -1 -2 2 1 0 -1 -2 2 1 0 -1 -2 2 1 0 -1 -2 2 1 0 -1 -2 2 1 0 -1 -2 2 1 0 -1 -2 2 1 0 -1 -2 2 1 0 -1 -2 2 1 0 -1 -2 2 1 0 -1 -2 2 1 0 -1 -2 2 1 0 -1 -2 2 1 0 602 -2 2 1 0 -1 -2 2 1 0 -1 -2 2 1 0 -1 -2 2 1 0 -1 -2 2 1 0 -1 -2 2 1
2 2 2 2 2 2 2 2 2 2 2 2 2 2 2 2 2 2 2 2 2 2 2 2 2 2 2 2 2 2 2 2 2 2 2 2 2 2 2 2 2 2 2 2 2 2 2 2 2 2 2 2 2 2 2 2 2 2 2 2 2 2 2 2 2 2 2 2 2 2 2 2 2 2 2 2 2 2 2 2 2 2 2 2 2 2 2 2 2 2 2 2 2 2 2 2 2 2 2 2 2 2 2 2 2 2 2 2 2 2 2 2 2 2 2 2 2 2 2 2 2 2 2 2 2 2 2 2 2 2 2 2 2 2 2 2 2 2 2 2 2 2 2 2 2 2 2 2 2 2 2 2 2 2 2 2 2 2 2 2 2 2 2 2 2 2 2 2 2 2 2 2 2 2 2 2 2 2 2 2 2 2 2 2 2 2 2 2 2 2 2 2 2 2 2 2 2 2 2 2 2 2 2 2 2 2 2 2 2 2 2 2 2 2 2 2 2 2 2 2 2 2 2 2 2 2 2 2 2 2 2 2 2 2 2 2 2 2 2 2 2 2 2 2 2 2 2 2 2 2 2 2 2 2 2 2 2 2 2 2 2 2 2 2 2 2 2 2 2 2 2 2 2 2 2 2 2 2 2 2 2 2 2 2 2 2 2 2 2 2 2 2 2 2 2 2 2 2 2 2 2 2 2 2 2 2 2 2 2 2 2 2 2 2 2 2 2 2 2 2 2 2 2 2 2 2 2 2 2 2 2 2 2 2 2 2 2 2 2 2 2 2 2 2 2 2 2 2 2 2 2 2 2 2 2 2 2 2 2 2 2 2 2 2 2 2 2 2 2 2 2 2 2 2 2 2 2 2 2 2 2 2 2 2 2 2 2 2 2 2 2 2 2 2 2 2 2 2 2 2 2 2 2 2 2 2 2 2 2 2 2 2 2 2 2 2 2 2 2 2 2 2 2 2 2 2 2 2 2 2 2 2 2 2 2 2 2 2 2 2 2 2 2 2 2 2 2 2 2 2 2 2 2 2 2 2 2 2 2 2 2 2 2 2 2 2 2 2 2 2 2 2 1001 2 2 2 2 2 2 2 2 2 2 2 2 2 2 2 2 2 2 2 2 2 2 2 2 2 2 2
-1 0 1 2 -2 -1 0 1 2 -2 -1 0 1 2 -2 -1 0 1 2 -2 -1 0 1 2 -2 -1 0 1 2 -2 -1 0 1 2 -2 -1 0 1 2 -2 -1 0 1 2 -2 -1 0 1 2 -2 -1 0 1 2 -2 -1 0 1 2 -2 -1 0 1 2 -2 -1 0 1 2 -2 -1 0 1 2 -2 -1 0 1 2 -2 -1 0 1 2 -2 -1 0 1 2 -2 -1 0 1 2 -2 -1 0 1 2 -2 -1 0 1 2 -2 -1 0 1 2 -2 -1 0 1 2 -2 -1 0 1 2 -2 -1 0 1 2 -2 -1 0 1 2 -2 -1 0 1 2 -2 -1 0 1 2 -2 -1 0 1 2 -2 -1 0 1 2 -2 -1 0 1 2 -2 -1 0 1 2 -2 -1 0 1 2 -2 -1 0 1 2 -2 -1 0 1 2 -2 -1 0 1 2 -2 -1 0 1 2 -2 -1 0 1 2 -2 -1 0 1 2 -2 -1 0 1 2 -2 -1 0 1 2 -2 -1 0 1 2 -2 -1 0 1 2 -2 -1 0 1 2 -2 -1 0 1 2 -2 -1 0 1 2 -2 -1 0 1 2 -2 -1 0 1 2 -2 -1 0 1 2 -2 -1 0 1 2 -2 -1 0 1 2 -2 -1 0 1 2 -2 -1 0 1 2 -2 -1 0 1 2 -2 -1 0 1 2 -2 -1 0 1 2 -2 -1 0 1 2 -2 -1 0 1 2 -2 -1 0 1 2 -2 -1 0 1 2 -2 -1 0 1 2 -2 -1 0 1 2 -2 -1 0 1 2 -2 -1 0 1 2 -2 -1 0 1 2 -2 -1 0 1 2 -2 -1 0 1 2 -2 -1 0 1 2 -2 -1 0 1 2 -2 -1 0 1 2 -2 -1 0 1 2 -2 -1 0 1 2 -2 -1 0 1 2 -2 -1 0 1 2 -2 -1 0 1 2 -2 -1 0 1 2 -2 -1 0 1 2 -2 -1 0 1 2 -2 -1 0 1 2 -2 -1 0 1 2 -2 -1 0 1 2 -2 -1 0 1 2 -2 -1 0 1 2 -2 -1 0 1 2 -2 -1 0 1 2 -2 -1 0 1 2 -2 -1 0 1 2 -2 -1 0 1 2 -2 -1 0 1 2 -2 -1 0 1 2 -2 -1 0 1 2 -2 -1 0 1 2 -2 -1 0 1 2 -2 -1 0 1 2 -2 -1 0 1 601 -2 -1 0 1 2 -2 -1 0 1 2 -2 -1 0 1 2 -2 -1 0 1 2 -2 -1 0 1 2 -2
1 -2 0 2 -1 1 -2 0 2 -1 1 -2 0 2 -1 1 -2 0 2 -1 1 -2 0 2 -1 1 -2 0 2 -1 1 -2 0 2 -1 1 -2 0 2 -1 1 -2 0 2 -1 1 -2 0 2 -1 1 -2 0 2 -1 1 -2 0 2 -1 1 -2 0 2 -1 1 -2 0 2 -1 1 -2 0 2 -1 1 -2 0 2 -1 1 -2 0 2 -1 1 -2 0 2 -1 1 -2 0 2 -1 1 -2 0 2 -1 1 -2 0 2 -1 1 -2 0 2 -1 1 -2 0 2 -1 1 -2 0 2 -1 1 -2 0 2 -1 1 -2 0 2 -1 1 -2 0 2 -1 1 -2 0 2 -1 1 -2 0 2 -1 1 -2 0 2 -1 1 -2 0 2 -1 1 -2 0 2 -1 1 -2 0 2 -1 1 -2 0 2 -1 1 -2 0 2 -1 1 -2 0 2 -1 1 -2 0 2 -1 1 -2 0 2 -1 1 -2 0 2 -1 1 -2 0 2 -1 1 -2 0 2 -1 1 -2 0 2 -1 1 -2 0 2 -1 1 -2 0 2 -1 1 -2 0 2 -1 1 -2 0 2 -1 1 -2 0 2 -1 1 -2 0 2 -1 1 -2 0 2 -1 1 -2 0 2 -1 1 -2 0 2 -1 1 -2 0 2 -1 1 -2 0 2 -1 1 -2 0 2 -1 1 -2 0 2 -1 1 -2 0 2 -1 1 -2 0 2 -1 1 -2 0 2 -1 1 -2 0 2 -1 1 -2 0 2 -1 1 -2 0 2 -1 1 -2 0 2 -1 1 -2 0 2 -1 1 -2 0 2 -1 1 -2 0 2 -1 1 -2 0 2 -1 1 -2 0 2 -1 1 -2 0 2 -1 1 -2 0 2 -1 1 -2 0 2 -1 1 -2 0 2 -1 1 -2 0 2 -1 1 -2 0 2 -1 1 -2 0 2 -1 1 -2 0 2 -1 1 -2 0 2 -1 1 -2 0 2 -1 1 -2 0 2 -1 1 -2 0 2 -1 1 -2 0 2 -1 1 -2 0 2 -1 1 -2 0 2 -1 1 -2 0 2 -1 1 -2 0 2 -1 1 -2 0 2 -1 1 -2 0 2 -1 1 -2 0 2 -1 1 -2 0 2 -1 1 -2 0 2 -1 1 -2 0 2 -1 1 -2 0 2 -1 1 -2 0 2 -1 1 -2 0 2 -1 1 -2 0 2 -1 1 -2 0 2 602 1 -2 0 2 -1 1 -2 0 2 -1 1 -2 0 2 -1 1 -2 0 2 -1 1 -2 0 2 -1
-2 1 -1 2 0 -2 1 -1 2 0 -2 1 -1 2 0 -2 1 -1 2 0 -2 1 -1 2 0 -2 1 -1 2 0 -2 1 -1 2 0 -2 1 -1 2 0 -2 1 -1 2 0 -2 1 -1 2 0 -2 1 -1 2 0 -2 1 -1 2 0 -2 1 -1 2 0 -2 1 -1 2 0 -2 1 -1 2 0 -2 1 -1 2 0 -2 1 -1 2 0 -2 1 -1 2 0 -2 1 -1 2 0 -2 1 -1 2 0 -2 1 -1 2 0 -2 1 -1 2 0 -2 1 -1 2 0 -2 1 -1 2 0 -2 1 -1 2 0 -2 1 -1 2 0 -2 1 -1 2 0 -2 1 -1 2 0 -2 1 -1 2 0 -2 1 -1 2 0 -2 1 -1 2 0 -2 1 -1 2 0 -2 1 -1 2 0 -2 1 -1 2 0 -2 1 -1 2 0 -2 1 -1 2 0 -2 1 -1 2 0 -2 1 -1 2 0 -2 1 -1 2 0 -2 1 -1 2 0 -2 1 -1 2 0 -2 1 -1 2 0 -2 1 -1 2 0 -2 1 -1 2 0 -2 1 -1 2 0 -2 1 -1 2 0 -2 1 -1 2 0 -2 1 -1 2 0 -2 1 -1 2 0 -2 1 -1 2 0 -2 1 -1 2 0 -2 1 -1 2 0 -2 1 -1 2 0 -2 1 -1 2 0 -2 1 -1 2 0 -2 1 -1 2 0 -2 1 -1 2 0 -2 1 -1 2 0 -2 1 -1 2 0 -2 1 -1 2 0 -2 1 -1 2 0 -2 1 -1 2 0 -2 1 -1 2 0 -2 1 -1 2 0 -2 1 -1 2 0 -2 1 -1 2 0 -2 1 -1 2 0 -2 1 -1 2 0 -2 1 -1 2 0 -2 1 -1 2 0 -2 1 -1 2 0 -2 1 -1 2 0 -2 1 -1 2 0 -2 1 -1 2 0 -2 1 -1 2 0 -2 1 -1 2 0 -2 1 -1 2 0 -2 1 -1 2 0 -2 1 -1 2 0 -2 1 -1 2 0 -2 1 -1 2 0 -2 1 -1 2 0 -2 1 -1 2 0 -2 1 -1 2 0 -2 1 -1 2 0 -2 1 -1 2 0 -2 1 -1 2 0 -2 1 -1 2 0 -2 1 -1 2 0 -2 1 -1 2 0 -2 1 -1 2 0 -2 1 -1 2 0 -2 1 -1 2 0 -2 1 -1 2 0 -2 1 -1 2 0 601 1 -1 2 0 -2 1 -1 2 0 -2 1 -1 2 0 -2 1 -1 2 0 -2 1 -1 2 0
0 -1 -2 2 1 0 -1 -2 2 1 0 -1 -2 2 1 0 -1 -2 2 1 0 -1 -2 2 1 0 -1 -2 2 1 0 -1 -2 2 1 0 -1 -2 2 1 0 -1 -2 2 1 0 -1 -2 2 1 0 -1 -2 2 1 0 -1 -2 2 1 0 -1 -2 2 1 0 -1 -2 2 1 0 -1 -2 2 1 0 -1 -2 2 1 0 -1 -2 2 1 0 -1 -2 2 1 0 -1 -2 2 1 0 -1 -2 2 1 0 -1 -2 2 1 0 -1 -2 2 1 0 -1 -2 2 1 0 -1 -2 2 1 0 -1 -2 2 1 0 -1 -2 2 1 0 -1 -2 2 1 0 -1 -2 2 1 0 -1 -2 2 1 0 -1 -2 2 1 0 -1 -2 2 1 0 -1 -2 2 1 0 -1 -2 2 1 0 -1 -2 2 1 0 -1 -2 2 1 0 -1 -2 2 1 0 -1 -2 2 1 0 -1 -2 2 1 0 -1 -2 2 1 0 -1 -2 2 1 0 -1 -2 2 1 0 -1 -2 2 1 0 -1 -2 2 1 0 -1 -2 2 1 0 -1 -2 2 1 0 -1 -2 2 1 0 -1 -2 2 1 0 -1 -2 2 1 0 -1 -2 2 1 0 -1 -2 2 1 0 -1 -2 2 1 0 -1 -2 2 1 0 -1 -2 2 1 0 -1 -2 2 1 0 -1 -2 2 1 0 -1 -2 2 1 0 -1 -2 2 1 0 -1 -2 2 1 0 -1 -2 2 1 0 -1 -2 2 1 0 -1 -2 2 1 0 -1 -2 2 1 0 -1 -2 2 1 0 -1 -2 2 1 0 -1 -2 2 1 0 -1 -2 2 1 0 -1 -2 2 1 0 -1 -2 2 1 0 -1 -2 2 1 0 -1 -2 2 1 0 -1 -2 2 1 0 -1 -2 2 1 0 -1 -2 2 1 0 -1 -2 2 1 0 -1 -2 2 1 0 -1 -2 2 1 0 -1 -2 2 1 0 -1 -2 2 1 0 -1 -2 2 1 0 -1 -2 2 1 0 -1 -2 2 1 0 -1 -2 2 1 0 -1 -2 2 1 0 -1 -2 2 1 0 -1 -2 2 1 0 -1 -2 2 1 0 -1 -2 2 1 0 -1 -2 2 1 0 -1 -2 2 1 0 -1 -2 2 1 0 -1 -2 2 1 0 -1 -2 2 1 0 -1 -2 2 1 0 -1 -2 2 1 0 -1 -2 2 1 0 602 -2 2 1 0 -1 -2 2 1 0 -1 -2 2 1 0 -1 -2 2 1 0 -1 -2 2 1
2 2 2 2 2 2 2 2 2 2 2 2 2 2 2 2 2 2 2 2 2 2 2 2 2 2 2 2 2 2 2 2 2 2 2 2 2 2 2 2 2 2 2 2 2 2 2 2 2 2 2 2 2 2 2 2 2 2 2 2 2 2 2 2 2 2 2 2 2 2 2 2 2 2 2 2 2 2 2 2 2 2 2 2 2 2 2 2 2 2 2 2 2 2 2 2 2 2 2 2 2 2 2 2 2 2 2 2 2 2 2 2 2 2 2 2 2 2 2 2 2 2 2 2 2 2 2 2 2 2 2 2 2 2 2 2 2 2 2 2 2 2 2 2 2 2 2 2 2 2 2 2 2 2 2 2 2 2 2 2 2 2 2 2 2 2 2 2 2 2 2 2 2 2 2 2 2 2 2 2 2 2 2 2 2 2 2 2 2 2 2 2 2 2 2 2 2 2 2 2 2 2 2 2 2 2 2 2 2 2 2 2 2 2 2 2 2 2 2 2 2 2 2 2 2 2 2 2 2 2 2 2 2 2 2 2 2 2 2 2 2 2 2 2 2 2 2 2 2 2 2 2 2 2 2 2 2 2 2 2 2 2 2 2 2 2 2 2 2 2 2 2 2 2 2 2 2 2 2 2 2 2 2 2 2 2 2 2 2 2 2 2 2 2 2 2 2 2 2 2 2 2 2 2 2 2 2 2 2 2 2 2 2 2 2 2 2 2 2 2 2 2 2 2 2 2 2 2 2 2 2 2 2 2 2 2 2 2 2 2 2 2 2 2 2 2 2 2 2 2 2 2 2 2 2 2 2 2 2 2 2 2 2 2 2 2 2 2 2 2 2 2 2 2 2 2 2 2 2 2 2 2 2 2 2 2 2 2 2 2 2 2 2 2 2 2 2 2 2 2 2 2 2 2 2 2 2 2 2 2 2 2 2 2 2 2 2 2 2 2 2 2 2 2 2 2 2 2 2 2 2 2 2 2 2 2 2 2 2 2 2 2 2 2 2 2 2 2 2 2 2 2 2 2 2 2 2 2 2 2 2 2 2 2 2 2 2 2 2 2 2 2 2 2 2 2 2 1001 2 2 2 2 2 2 2 2 2 2 2 2 2 2 2 2 2 2 2 2 2 2
-1 0 1 2 -2 -1 0 1 2 -2 -1 0 1 2 -2 -1 0 1 2 -2 -1 0 1 2 -2 -1 0 1 2 -2 -1 0 1 2 -2 -1 0 1 2 -2 -1 0 1 2 -2 -1 0 1 2 -2 -1 0 1 2 -2 -1 0 1 2 -2 -1 0 1 2 -2 -1 0 1 2 -2 -1 0 1 2 -2 -1 0 1 2 -2 -1 0 1 2 -2 -1 0 1 2 -2 -1 0 1 2 -2 -1 0 1 2 -2 -1 0 1 2 -2 -1 0 1 2 -2 -1 0 1 2 -2 -1 0 1 2 -2 -1 0 1 2 -2 -1 0 1 2 -2 -1 0 1 2 -2 -1 0 1 2 -2 -1 0 1 2 -2 -1 0 1 2 -2 -1 0 1 2 -2 -1 0 1 2 -2 -1 0 1 2 -2 -1 0 1 2 -2 -1 0 1 2 -2 -1 0 1 2 -2 -1 0 1 2 -2 -1 0 1 2 -2 -1 0 1 2 -2 -1 0 1 2 -2 -1 0 1 2 -2 -1 0 1 2 -2 -1 0 1 2 -2 -1 0 1 2 -2 -1 0 1 2 -2 -1 0 1 2 -2 -1 0 1 2 -2 -1 0 1 2 -2 -1 0 1 2 -2 -1 0 1 2 -2 -1 0 1 2 -2 -1 0 1 2 -2 -1 0 1 2 -2 -1 0 1 2 -2 -1 0 1 2 -2 -1 0 1 2 -2 -1 0 1 2 -2 -1 0 1 2 -2 -1 0 1 2 -2 -1 0 1 2 -2 -1 0 1 2 -2 -1 0 1 2 -2 -1 0 1 2 -2 -1 0 1 2 -2 -1 0 1 2 -2 -1 0 1 2 -2 -1 0 1 2 -2 -1 0 1 2 -2 -1 0 1 2 -2 -1 0 1 2 -2 -1 0 1 2 -2 -1 0 1 2 -2 -1 0 1 2 -2 -1 0 1 2 -2 -1 0 1 2 -2 -1 0 1 2 -2 -1 0 1 2 -2 -1 0 1 2 -2 -1 0 1 2 -2 -1 0 1 2 -2 -1 0 1 2 -2 -1 0 1 2 -2 -1 0 1 2 -2 -1 0 1 2 -2 -1 0 1 2 -2 -1 0 1 2 -2 -1 0 1 2 -2 -1 0 1 2 -2 -1 0 1 2 -2 -1 0 1 2 -2 -1 0 1 2 -2 -1 0 1 2 -2 -1 0 1 2 -2 -1 0 1 2 -2 -1 0 1 2 -2 -1 0 1 601 -2 -1 0 1 2 -2 -1 0 1 2 -2 -1 0 1 2 -2 -1 0 1 2 -2
1 -2 0 2 -1 1 -2 0 2 -1 1 -2 0 2 -1 1 -2 0 2 -1 1 -2 0 2 -1 1 -2 0 2 -1 1 -2 0 2 -1 1 -2 0 2 -1 1 -2 0 2 -1 1 -2 0 2 -1 1 -2 0 2 -1 1 -2 0 2 -1 1 -2 0 2 -1 1 -2 0 2 -1 1 -2 0 2 -1 1 -2 0 2 -1 1 -2 0 2 -1 1 -2 0 2 -1 1 -2 0 2 -1 1 -2 0 2 -1 1 -2 0 2 -1 1 -2 0 2 -1 1 -2 0 2 -1 1 -2 0 2 -1 1 -2 0 2 -1 1 -2 0 2 -1 1 -2 0 2 -1 1 -2 0 2 -1 1 -2 0 2 -1 1 -2 0 2 -1 1 -2 0 2 -1 1 -2 0 2 -1 1 -2 0 2 -1 1 -2 0 2 -1 1 -2 0 2 -1 1 -2 0 2 -1 1 -2 0 2 -1 1 -2 0 2 -1 1 -2 0 2 -1 1 -2 0 2 -1 1 -2 0 2 -1 1 -2 0 2 -1 1 -2 0 2 -1 1 -2 0 2 -1 1 -2 0 2 -1 1 -2 0 2 -1 1 -2 0 2 -1 1 -2 0 2 -1 1 -2 0 2 -1 1 -2 0 2 -1 1 -2 0 2 -1 1 -2 0 2 -1 1 -2 0 2 -1 1 -2 0 2 -1 1 -2 0 2 -1 1 -2 0 2 -1 1 -2 0 2 -1 1 -2 0 2 -1 1 -2 0 2 -1 1 -2 0 2 -1 1 -2 0 2 -1 1 -2 0 2 -1 1 -2 0 2 -1 1 -2 0 2 -1 1 -2 0 2 -1 1 -2 0 2 -1 1 -2 0 2 -1 1 -2 0 2 -1 1 -2 0 2 -1 1 -2 0 2 -1 1 -2 0 2 -1 1 -2 0 2 -1 1 -2 0 2 -1 1 -2 0 2 -1 1 -2 0 2 -1 1 -2 0 2 -1 1 -2 0 2 -1 1 -2 0 2 -1 1 -2 0 2 -1 1 -2 0 2 -1 1 -2 0 2 -1 1 -2 0 2 -1 1 -2 0 2 -1 1 -2 0 2 -1 1 -2 0 2 -1 1 -2 0 2 -1 1 -2 0 2 -1 1 -2 0 2 -1 1 -2 0 2 -1 1 -2 0 2 -1 1 -2 0 2 -1 1 -2 0 2 -1 1 -2 0 2 -1 1 -2 0 2 -1 1 -2 0 2 -1 1 -2 0 2 602 1 -2 0 2 -1 1 -2 0 2 -1 1 -2 0 2 -1 1 -2 0 2 -1
-2 1 -1 2 0 -2 1 -1 2 0 -2 1 -1 2 0 -2 1 -1 2 0 -2 1 -1 2 0 -2 1 -1 2 0 -2 1 -1 2 0 -2 1 -1 2 0 -2 1 -1 2 0 -2 1 -1 2 0 -2 1 -1 2 0 -2 1 -1 2 0 -2 1 -1 2 0 -2 1 -1 2 0 -2 1 -1 2 0 -2 1 -1 2 0 -2 1 -1 2 0 -2 1 -1 2 0 -2 1 -1 2 0 -2 1 -1 2 0 -2 1 -1 2 0 -2 1 -1 2 0 -2 1 -1 2 0 -2 1 -1 2 0 -2 1 -1 2 0 -2 1 -1 2 0 -2 1 -1 2 0 -2 1 -1 2 0 -2 1 -1 2 0 -2 1 -1 2 0 -2 1 -1 2 0 -2 1 -1 2 0 -2 1 -1 2 0 -2 1 -1 2 0 -2 1 -1 2 0 -2 1 -1 2 0 -2 1 -1 2 0 -2 1 -1 2 0 -2 1 -1 2 0 -2 1 -1 2 0 -2 1 -1 2 0 -2 1 -1 2 0 -2 1 -1 2 0 -2 1 -1 2 0 -2 1 -1 2 0 -2 1 -1 2 0 -2 1 -1 2 0 -2 1 -1 2 0 -2 1 -1 2 0 -2 1 -1 2 0 -2 1 -1 2 0 -2 1 -1 2 0 -2 1 -1 2 0 -2 1 -1 2 0 -2 1 -1 2 0 -2 1 -1 2 0 -2 1 -1 2 0 -2 1 -1 2 0 -2 1 -1 2 0 -2 1 -1 2 0 -2 1 -1 2 0 -2 1 -1 2 0 -2 1 -1 2 0 -2 1 -1 2 0 -2 1 -1 2 0 -2 1 -1 2 0 -2 1 -1 2 0 -2 1 -1 2 0 -2 1 -1 2 0 -2 1 -1 2 0 -2 1 -1 2 0 -2 1 -1 2 0 -2 1 -1 2 0 -2 1 -1 2 0 -2 1 -1 2 0 -2 1 -1 2 0 -2 1 -1 2 0 -2 1 -1 2 0 -2 1 -1 2 0 -2 1 -1 2 0 -2 1 -1 2 0 -2 1 -1 2 0 -2 1 -1 2 0 -2 1 -1 2 0 -2 1 -1 2 0 -2 1 -1 2 0 -2 1 -1 2 0 -2 1 -1 2 0 -2 1 -1 2 0 -2 1 -1 2 0 -2 1 -1 2 0 -2 1 -1 2 0 -2 1 -1 2 0 -2 1 -1 2 0 -2 1 -1 2 0 -2 1 -1 2 0 601 1 -1 2 0 -2 1 -1 2 0 -2 1 -1 2 0 -2 1 -1 2 0
0 -1 -2 2 1 0 -1 -2 2 1 0 -1 -2 2 1 0 -1 -2 2 1 0 -1 -2 2 1 0 -1 -2 2 1 0 -1 -2 2 1 0 -1 -2 2 1 0 -1 -2 2 1 0 -1 -2 2 1 0 -1 -2 2 1 0 -1 -2 2 1 0 -1 -2 2 1 0 -1 -2 2 1 0 -1 -2 2 1 0 -1 -2 2 1 0 -1 -2 2 1 0 -1 -2 2 1 0 -1 -2 2 1 0 -1 -2 2 1 0 -1 -2 2 1 0 -1 -2 2 1 0 -1 -2 2 1 0 -1 -2 2 1 0 -1 -2 2 1 0 -1 -2 2 1 0 -1 -2 2 1 0 -1 -2 2 1 0 -1 -2 2 1 0 -1 -2 2 1 0 -1 -2 2 1 0 -1 -2 2 1 0 -1 -2 2 1 0 -1 -2 2 1 0 -1 -2 2 1 0 -1 -2 2 1 0 -1 -2 2 1 0 -1 -2 2 1 0 -1 -2 2 1 0 -1 -2 2 1 0 -1 -2 2 1 0 -1 -2 2 1 0 -1 -2 2 1 0 -1 -2 2 1 0 -1 -2 2 1 0 -1 -2 2 1 0 -1 -2 2 1 0 -1 -2 2 1 0 -1 -2 2 1 0 -1 -2 2 1 0 -1 -2 2 1 0 -1 -2 2 1 0 -1 -2 2 1 0 -1 -2 2 1 0 -1 -2 2 1 0 -1 -2 2 1 0 -1 -2 2 1 0 -1 -2 2 1 0 -1 -2 2 1 0 -1 -2 2 1 0 -1 -2 2 1 0 -1 -2 2 1 0 -1 -2 2 1 0 -1 -2 2 1 0 -1 -2 2 1 0 -1 -2 2 1 0 -1 -2 2 1 0 -1 -2 2 1 0 -1 -2 2 1 0 -1 -2 2 1 0 -1 -2 2 1 0 -1 -2 2 1 0 -1 -2 2 1 0 -1 -2 2 1 0 -1 -2 2 1 0 -1 -2 2 1 0 -1 -2 2 1 0 -1 -2 2 1 0 -1 -2 2 1 0 -1 -2 2 1 0 -1 -2 2 1 0 -1 -2 2 1 0 -1 -2 2 1 0 -1 -2 2 1 0 -1 -2 2 1 0 -1 -2 2 1 0 -1 -2 2 1 0 -1 -2 2 1 0 -1 -2 2 1 0 -1 -2 2 1 0 -1 -2 2 1 0 -1 -2 2 1 0 -1 -2 2 1 0 -1 -2 2 1 0 -1 -2 2 1 0 -1 -2 2 1 0 602 -2 2 1 0 -1 -2 2 1 0 -1 -2 2 1 0 -1 -2 2 1
2 2 2 2 2 2 2 2 2 2 2 2 2 2 2 2 2 2 2 2 2 2 2 2 2 2 2 2 2 2 2 2 2 2 2 2 2 2 2 2 2 2 2 2 2 2 2 2 2 2 2 2 2 2 2 2 2 2 2 2 2 2 2 2 2 2 2 2 2 2 2 2 2 2 2 2 2 2 2 2 2 2 2 2 2 2 2 2 2 2 2 2 2 2 2 2 2 2 2 2 2 2 2 2 2 2 2 2 2 2 2 2 2 2 2 2 2 2 2 2 2 2 2 2 2 2 2 2 2 2 2 2 2 2 2 2 2 2 2 2 2 2 2 2 2 2 2 2 2 2 2 2 2 2 2 2 2 2 2 2 2 2 2 2 2 2 2 2 2 2 2 2 2 2 2 2 2 2 2 2 2 2 2 2 2 2 2 2 2 2 2 2 2 2 2 2 2 2 2 2 2 2 2 2 2 2 2 2 2 2 2 2 2 2 2 2 2 2 2 2 2 2 2 2 2 2 2 2 2 2 2 2 2 2 2 2 2 2 2 2 2 2 2 2 2 2 2 2 2 2 2 2 2 2 2 2 2 2 2 2 2 2 2 2 2 2 2 2 2 2 2 2 2 2 2 2 2 2 2 2 2 2 2 2 2 2 2 2 2 2 2 2 2 2 2 2 2 2 2 2 2 2 2 2 2 2 2 2 2 2 2 2 2 2 2 2 2 2 2 2 2 2 2 2 2 2 2 2 2 2 2 2 2 2 2 2 2 2 2 2 2 2 2 2 2 2 2 2 2 2 2 2 2 2 2 2 2 2 2 2 2 2 2 2 2 2 2 2 2 2 2 2 2 2 2 2 2 2 2 2 2 2 2 2 2 2 2 2 2 2 2 2 2 2 2 2 2 2 2 2 2 2 2 2 2 2 2 2 2 2 2 2 2 2 2 2 2 2 2 2 2 2 2 2 2 2 2 2 2 2 2 2 2 2 2 2 2 2 2 2 2 2 2 2 2 2 2 2 2 2 2 2 2 2 2 2 2 2 2 2 2 2 2 2 2 2 2 2 2 2 2 2 2 2 2 2 2 2 2 2 2 2 1001 2 2 2 2 2 2 2 2 2 2 2 2 2 2 2 2 2
-1 0 1 2 -2 -1 0 1 2 -2 -1 0 1 2 -2 -1 0 1 2 -2 -1 0 1 2 -2 -1 0 1 2 -2 -1 0 1 2 -2 -1 0 1 2 -2 -1 0 1 2 -2 -1 0 1 2 -2 -1 0 1 2 -2 -1 0 1 2 -2 -1 0 1 2 -2 -1 0 1 2 -2 -1 0 1 2 -2 -1 0 1 2 -2 -1 0 1 2 -2 -1 0 1 2 -2 -1 0 1 2 -2 -1 0 1 2 -2 -1 0 1 2 -2 -1 0 1 2 -2 -1 0 1 2 -2 -1 0 1 2 -2 -1 0 1 2 -2 -1 0 1 2 -2 -1 0 1 2 -2 -1 0 1 2 -2 -1 0 1 2 -2 -1 0 1 2 -2 -1 0 1 2 -2 -1 0 1 2 -2 -1 0 1 2 -2 -1 0 1 2 -2 -1 0 1 2 -2 -1 0 1 2 -2 -1 0 1 2 -2 -1 0 1 2 -2 -1 0 1 2 -2 -1 0 1 2 -2 -1 0 1 2 -2 -1 0 1 2 -2 -1 0 1 2 -2 -1 0 1 2 -2 -1 0 1 2 -2 -1 0 1 2 -2 -1 0 1 2 -2 -1 0 1 2 -2 -1 0 1 2 -2 -1 0 1 2 -2 -1 0 1 2 -2 -1 0 1 2 -2 -1 0 1 2 -2 -1 0 1 2 -2 -1 0 1 2 -2 -1 0 1 2 -2 -1 0 1 2 -2 -1 0 1 2 -2 -1 0 1 2 -2 -1 0 1 2 -2 -1 0 1 2 -2 -1 0 1 2 -2 -1 0 1 2 -2 -1 0 1 2 -2 -1 0 1 2 -2 -1 0 1 2 -2 -1 0 1 2 -2 -1 0 1 2 -2 -1 0 1 2 -2 -1 0 1 2 -2 -1 0 1 2 -2 -1 0 1 2 -2 -1 0 1 2 -2 -1 0 1 2 -2 -1 0 1 2 -2 -1 0 1 2 -2 -1 0 1 2 -2 -1 0 1 2 -2 -1 0 1 2 -2 -1 0 1 2 -2 -1 0 1 2 -2 -1 0 1 2 -2 -1 0 1 2 -2 -1 0 1 2 -2 -1 0 1 2 -2 -1 0 1 2 -2 -1 0 1 2 -2 -1 0 1 2 -2 -1 0 1 2 -2 -1 0 1 2 -2 -1 0 1 2 -2 -1 0 1 2 -2 -1 0 1 2 -2 -1 0 1 2 -2 -1 0 1 2 -2 -1 0 1 2 -2 -1 0 1 601 -2 -1 0 1 2 -2 -1 0 1 2 -2 -1 0 1 2 -2
1 -2 0 2 -1 1 -2 0 2 -1 1 -2 0 2 -1 1 -2 0 2 -1 1 -2 0 2 -1 1 -2 0 2 -1 1 -2 0 2 -1 1 -2 0 2 -1 1 -2 0 2 -1 1 -2 0 2 -1 1 -2 0 2 -1 1 -2 0 2 -1 1 -2 0 2 -1 1 -2 0 2 -1 1 -2 0 2 -1 1 -2 0 2 -1 1 -2 0 2 -1 1 -2 0 2 -1 1 -2 0 2 -1 1 -2 0 2 -1 1 -2 0 2 -1 1 -2 0 2 -1 1 -2 0 2 -1 1 -2 0 2 -1 1 -2 0 2 -1 1 -2 0 2 -1 1 -2 0 2 -1 1 -2 0 2 -1 1 -2 0 2 -1 1 -2 0 2 -1 1 -2 0 2 -1 1 -2 0 2 -1 1 -2 0 2 -1 1 -2 0 2 -1 1 -2 0 2 -1 1 -2 0 2 -1 1 -2 0 2 -1 1 -2 0 2 -1 1 -2 0 2 -1 1 -2 0 2 -1 1 -2 0 2 -1 1 -2 0 2 -1 1 -2 0 2 -1 1 -2 0 2 -1 1 -2 0 2 -1 1 -2 0 2 -1 1 -2 0 2 -1 1 -2 0 2 -1 1 -2 0 2 -1 1 -2 0 2 -1 1 -2 0 2 -1 1 -2 0 2 -1 1 -2 0 2 -1 1 -2 0 2 -1 1 -2 0 2 -1 1 -2 0 2 -1 1 -2 0 2 -1 1 -2 0 2 -1 1 -2 0 2 -1 1 -2 0 2 -1 1 -2 0 2 -1 1 -2 0 2 -1 1 -2 0 2 -1 1 -2 0 2 -1 1 -2 0 2 -1 1 -2 0 2 -1 1 -2 0 2 -1 1 -2 0 2 -1 1 -2 0 2 -1 1 -2 0 2 -1 1 -2 0 2 -1 1 -2 0 2 -1 1 -2 0 2 -1 1 -2 0 2 -1 1 -2 0 2 -1 1 -2 0 2 -1 1 -2 0 2 -1 1 -2 0 2 -1 1 -2 0 2 -1 1 -2 0 2 -1 1 -2 0 2 -1 1 -2 0 2 -1 1 -2 0 2 -1 1 -2 0 2 -1 1 -2 0 2 -1 1 -2 0 2 -1 1 -2 0 2 -1 1 -2 0 2 -1 1 -2 0 2 -1 1 -2 0 2 -1 1 -2 0 2 -1 1 -2 0 2 -1 1 -2 0 2 -1 1 -2 0 2 -1 1 -2 0 2 -1 1 -2 0 2 -1 1 -2 0 2 602 1 -2 0 2 -1 1 -2 0 2 -1 1 -2 0 2 -1
-2 1 -1 2 0 -2 1 -1 2 0 -2 1 -1 2 0 -2 1 -1 2 0 -2 1 -1 2 0 -2 1 -1 2 0 -2 1 -1 2 0 -2 1 -1 2 0 -2 1 -1 2 0 -2 1 -1 2 0 -2 1 -1 2 0 -2 1 -1 2 0 -2 1 -1 2 0 -2 1 -1 2 0 -2 1 -1 2 0 -2 1 -1 2 0 -2 1 -1 2 0 -2 1 -1 2 0 -2 1 -1 2 0 -2 1 -1 2 0 -2 1 -1 2 0 -2 1 -1 2 0 -2 1 -1 2 0 -2 1 -1 2 0 -2 1 -1 2 0 -2 1 -1 2 0 -2 1 -1 2 0 -2 1 -1 2 0 -2 1 -1 2 0 -2 1 -1 2 0 -2 1 -1 2 0 -2 1 -1 2 0 -2 1 -1 2 0 -2 1 -1 2 0 -2 1 -1 2 0 -2 1 -1 2 0 -2 1 -1 2 0 -2 1 -1 2 0 -2 1 -1 2 0 -2 1 -1 2 0 -2 1 -1 2 0 -2 1 -1 2 0 -2 1 -1 2 0 -2 1 -1 2 0 -2 1 -1 2 0 -2 1 -1 2 0 -2 1 -1 2 0 -2 1 -1 2 0 -2 1 -1 2 0 -2 1 -1 2 0 -2 1 -1 2 0 -2 1 -1 2 0 -2 1 -1 2 0 -2 1 -1 2 0 -2 1 -1 2 0 -2 1 -1 2 0 -2 1 -1 2 0 -2 1 -1 2 0 -2 1 -1 2 0 -2 1 -1 2 0 -2 1 -1 2 0 -2 1 -1 2 0 -2 1 -1 2 0 -2 1 -1 2 0 -2 1 -1 2 0 -2 1 -1 2 0 -2 1 -1 2 0 -2 1 -1 2 0 -2 1 -1 2 0 -2 1 -1 2 0 -2 1 -1 2 0 -2 1 -1 2 0 -2 1 -1 2 0 -2 1 -1 2 0 -2 1 -1 2 0 -2 1 -1 2 0 -2 1 -1 2 0 -2 1 -1 2 0 -2 1 -1 2 0 -2 1 -1 2 0 -2 1 -1 2 0 -2 1 -1 2 0 -2 1 -1 2 0 -2 1 -1 2 0 -2 1 -1 2 0 -2 1 -1 2 0 -2 1 -1 2 0 -2 1 -1 2 0 -2 1 -1 2 0 -2 1 -1 2 0 -2 1 -1 2 0 -2 1 -1 2 0 -2 1 -1 2 0 -2 1 -1 2 0 -2 1 -1 2 0 -2 1 -1 2 0 -2 1 -1 2 0 601 1 -1 2 0 -2 1 -1 2 0 -2 1 -1 2 0
0 -1 -2 2 1 0 -1 -2 2 1 0 -1 -2 2 1 0 -1 -2 2 1 0 -1 -2 2 1 0 -1 -2 2 1 0 -1 -2 2 1 0 -1 -2 2 1 0 -1 -2 2 1 0 -1 -2 2 1 0 -1 -2 2 1 0 -1 -2 2 1 0 -1 -2 2 1 0 -1 -2 2 1 0 -1 -2 2 1 0 -1 -2 2 1 0 -1 -2 2 1 0 -1 -2 2 1 0 -1 -2 2 1 0 -1 -2 2 1 0 -1 -2 2 1 0 -1 -2 2 1 0 -1 -2 2 1 0 -1 -2 2 1 0 -1 -2 2 1 0 -1 -2 2 1 0 -1 -2 2 1 0 -1 -2 2 1 0 -1 -2 2 1 0 -1 -2 2 1 0 -1 -2 2 1 0 -1 -2 2 1 0 -1 -2 2 1 0 -1 -2 2 1 0 -1 -2 2 1 0 -1 -2 2 1 0 -1 -2 2 1 0 -1 -2 2 1 0 -1 -2 2 1 0 -1 -2 2 1 0 -1 -2 2 1 0 -1 -2 2 1 0 -1 -2 2 1 0 -1 -2 2 1 0 -1 -2 2 1 0 -1 -2 2 1 0 -1 -2 2 1 0 -1 -2 2 1 0 -1 -2 2 1 0 -1 -2 2 1 0 -1 -2 2 1 0 -1 -2 2 1 0 -1 -2 2 1 0 -1 -2 2 1 0 -1 -2 2 1 0 -1 -2 2 1 0 -1 -2 2 1 0 -1 -2 2 1 0 -1 -2 2 1 0 -1 -2 2 1 0 -1 -2 2 1 0 -1 -2 2 1 0 -1 -2 2 1 0 -1 -2 2 1 0 -1 -2 2 1 0 -1 -2 2 1 0 -1 -2 2 1 0 -1 -2 2 1 0 -1 -2 2 1 0 -1 -2 2 1 0 -1 -2 2 1 0 -1 -2 2 1 0 -1 -2 2 1 0 -1 -2 2 1 0 -1 -2 2 1 0 -1 -2 2 1 0 -1 -2 2 1 0 -1 -2 2 1 0 -1 -2 2 1 0 -1 -2 2 1 0 -1 -2 2 1 0 -1 -2 2 1 0 -1 -2 2 1 0 -1 -2 2 1 0 -1 -2 2 1 0 -1 -2 2 1 0 -1 -2 2 1 0 -1 -2 2 1 0 -1 -2 2 1 0 -1 -2 2 1 0 -1 -2 2 1 0 -1 -2 2 1 0 -1 -2 2 1 0 -1 -2 2 1 0 -1 -2 2 1 0 -1 -2 2 1 0 -1 -2 2 1 0 602 -2 2 1 0 -1 -2 2 1 0 -1 -2 2 1
2 2 2 2 2 2 2 2 2 2 2 2 2 2 2 2 2 2 2 2 2 2 2 2 2 2 2 2 2 2 2 2 2 2 2 2 2 2 2 2 2 2 2 2 2 2 2 2 2 2 2 2 2 2 2 2 2 2 2 2 2 2 2 2 2 2 2 2 2 2 2 2 2 2 2 2 2 2 2 2 2 2 2 2 2 2 2 2 2 2 2 2 2 2 2 2 2 2 2 2 2 2 2 2 2 2 2 2 2 2 2 2 2 2 2 2 2 2 2 2 2 2 2 2 2 2 2 2 2 2 2 2 2 2 2 2 2 2 2 2 2 2 2 2 2 2 2 2 2 2 2 2 2 2 2 2 2 2 2 2 2 2 2 2 2 2 2 2 2 2 2 2 2 2 2 2 2 2 2 2 2 2 2 2 2 2 2 2 2 2 2 2 2 2 2 2 2 2 2 2 2 2 2 2 2 2 2 2 2 2 2 2 2 2 2 2 2 2 2 2 2 2 2 2 2 2 2 2 2 2 2 2 2 2 2 2 2 2 2 2 2 2 2 2 2 2 2 2 2 2 2 2 2 2 2 2 2 2 2 2 2 2 2 2 2 2 2 2 2 2 2 2 2 2 2 2 2 2 2 2 2 2 2 2 2 2 2 2 2 2 2 2 2 2 2 2 2 2 2 2 2 2 2 2 2 2 2 2 2 2 2 2 2 2 2 2 2 2 2 2 2 2 2 2 2 2 2 2 2 2 2 2 2 2 2 2 2 2 2 2 2 2 2 2 2 2 2 2 2 2 2 2 2 2 2 2 2 2 2 2 2 2 2 2 2 2 2 2 2 2 2 2 2 2 2 2 2 2 2 2 2 2 2 2 2 2 2 2 2 2 2 2 2 2 2 2 2 2 2 2 2 2 2 2 2 2 2 2 2 2 2 2 2 2 2 2 2 2 2 2 2 2 2 2 2 2 2 2 2 2 2 2 2 2 2 2 2 2 2 2 2 2 2 2 2 2 2 2 2 2 2 2 2 2 2 2 2 2 2 2 2 2 2 2 2 2 2 2 2 2 2 2 2 2 2 2 2 2 2 2 2 2 2 2 2 2 2 1001 2 2 2 2 2 2 2 2 2 2 2 2
-1 0 1 2 -2 -1 0 1 2 -2 -1 0 1 2 -2 -1 0 1 2 -2 -1 0 1 2 -2 -1 0 1 2 -2 -1 0 1 2 -2 -1 0 1 2 -2 -1 0 1 2 -2 -1 0 1 2 -2 -1 0 1 2 -2 -1 0 1 2 -2 -1 0 1 2 -2 -1 0 1 2 -2 -1 0 1 2 -2 -1 0 1 2 -2 -1 0 1 2 -2 -1 0 1 2 -2 -1 0 1 2 -2 -1 0 1 2 -2 -1 0 1 2 -2 -1 0 1 2 -2 -1 0 1 2 -2 -1 0 1 2 -2 -1 0 1 2 -2 -1 0 1 2 -2 -1 0 1 2 -2 -1 0 1 2 -2 -1 0 1 2 -2 -1 0 1 2 -2 -1 0 1 2 -2 -1 0 1 2 -2 -1 0 1 2 -2 -1 0 1 2 -2 -1 0 1 2 -2 -1 0 1 2 -2 -1 0 1 2 -2 -1 0 1 2 -2 -1 0 1 2 -2 -1 0 1 2 -2 -1 0 1 2 -2 -1 0 1 2 -2 -1 0 1 2 -2 -1 0 1 2 -2 -1 0 1 2 -2 -1 0 1 2 -2 -1 0 1 2 -2 -1 0 1 2 -2 -1 0 1 2 -2 -1 0 1 2 -2 -1 0 1 2 -2 -1 0 1 2 -2 -1 0 1 2 -2 -1 0 1 2 -2 -1 0 1 2 -2 -1 0 1 2 -2 -1 0 1 2 -2 -1 0 1 2 -2 -1 0 1 2 -2 -1 0 1 2 -2 -1 0 1 2 -2 -1 0 1 2 -2 -1 0 1 2 -2 -1 0 1 2 -2 -1 0 1 2 -2 -1 0 1 2 -2 -1 0 1 2 -2 -1 0 1 2 -2 -1 0 1 2 -2 -1 0 1 2 -2 -1 0 1 2 -2 -1 0 1 2 -2 -1 0 1 2 -2 -1 0 1 2 -2 -1 0 1 2 -2 -1 0 1 2 -2 -1 0 1 2 -2 -1 0 1 2 -2 -1 0 1 2 -2 -1 0 1 2 -2 -1 0 1 2 -2 -1 0 1 2 -2 -1 0 1 2 -2 -1 0 1 2 -2 -1 0 1 2 -2 -1 0 1 2 -2 -1 0 1 2 -2 -1 0 1 2 -2 -1 0 1 2 -2 -1 0 1 2 -2 -1 0 1 2 -2 -1 0 1 2 -2 -1 0 1 2 -2 -1 0 1 2 -2 -1 0 1 2 -2 -1 0 1 2 -2 -1 0 1 2 -2 -1 0 1 601 -2 -1 0 1 2 -2 -1 0 1 2 -2
1 -2 0 2 -1 1 -2 0 2 -1 1 -2 0 2 -1 1 -2 0 2 -1 1 -2 0 2 -1 1 -2 0 2 -1 1 -2 0 2 -1 1 -2 0 2 -1 1 -2 0 2 -1 1 -2 0 2 -1 1 -2 0 2 -1 1 -2 0 2 -1 1 -2 0 2 -1 1 -2 0 2 -1 1 -2 0 2 -1 1 -2 0 2 -1 1 -2 0 2 -1 1 -2 0 2 -1 1 -2 0 2 -1 1 -2 0 2 -1 1 -2 0 2 -1 1 -2 0 2 -1 1 -2 0 2 -1 1 -2 0 2 -1 1 -2 0 2 -1 1 -2 0 2 -1 1 -2 0 2 -1 1 -2 0 2 -1 1 -2 0 2 -1 1 -2 0 2 -1 1 -2 0 2 -1 1 -2 0 2 -1 1 -2 0 2 -1 1 -2 0 2 -1 1 -2 0 2 -1 1 -2 0 2 -1 1 -2 0 2 -1 1 -2 0 2 -1 1 -2 0 2 -1 1 -2 0 2 -1 1 -2 0 2 -1 1 -2 0 2 -1 1 -2 0 2 -1 1 -2 0 2 -1 1 -2 0 2 -1 1 -2 0 2 -1 1 -2 0 2 -1 1 -2 0 2 -1 1 -2 0 2 -1 1 -2 0 2 -1 1 -2 0 2 -1 1 -2 0 2 -1 1 -2 0 2 -1 1 -2 0 2 -1 1 -2 0 2 -1 1 -2 0 2 -1 1 -2 0 2 -1 1 -2 0 2 -1 1 -2 0 2 -1 1 -2 0 2 -1 1 -2 0 2 -1 1 -2 0 2 -1 1 -2 0 2 -1 1 -2 0 2 -1 1 -2 0 2 -1 1 -2 0 2 -1 1 -2 0 2 -1 1 -2 0 2 -1 1 -2 0 2 -1 1 -2 0 2 -1 1 -2 0 2 -1 1 -2 0 2 -1 1 -2 0 2 -1 1 -2 0 2 -1 1 -2 0 2 -1 1 -2 0 2 -1 1 -2 0 2 -1 1 -2 0 2 -1 1 -2 0 2 -1 1 -2 0 2 -1 1 -2 0 2 -1 1 -2 0 2 -1 1 -2 0 2 -1 1 -2 0 2 -1 1 -2 0 2 -1 1 -2 0 2 -1 1 -2 0 2 -1 1 -2 0 2 -1 1 -2 0 2 -1 1 -2 0 2 -1 1 -2 0 2 -1 1 -2 0 2 -1 1 -2 0 2 -1 1 -2 0 2 -1 1 -2 0 2 -1 1 -2 0 2 -1 1 -2 0 2 -1 1 -2 0 2 602 1 -2 0 2 -1 1 -2 0 2 -1
-2 1 -1 2 0 -2 1 -1 2 0 -2 1 -1 2 0 -2 1 -1 2 0 -2 1 -1 2 0 -2 1 -1 2 0 -2 1 -1 2 0 -2 1 -1 2 0 -2 1 -1 2 0 -2 1 -1 2 0 -2 1 -1 2 0 -2 1 -1 2 0 -2 1 -1 2 0 -2 1 -1 2 0 -2 1 -1 2 0 -2 1 -1 2 0 -2 1 -1 2 0 -2 1 -1 2 0 -2 1 -1 2 0 -2 1 -1 2 0 -2 1 -1 2 0 -2 1 -1 2 0 -2 1 -1 2 0 -2 1 -1 2 0 -2 1 -1 2 0 -2 1 -1 2 0 -2 1 -1 2 0 -2 1 -1 2 0 -2 1 -1 2 0 -2 1 -1 2 0 -2 1 -1 2 0 -2 1 -1 2 0 -2 1 -1 2 0 -2 1 -1 2 0 -2 1 -1 2 0 -2 1 -1 2 0 -2 1 -1 2 0 -2 1 -1 2 0 -2 1 -1 2 0 -2 1 -1 2 0 -2 1 -1 2 0 -2 1 -1 2 0 -2 1 -1 2 0 -2 1 -1 2 0 -2 1 -1 2 0 -2 1 -1 2 0 -2 1 -1 2 0 -2 1 -1 2 0 -2 1 -1 2 0 -2 1 -1 2 0 -2 1 -1 2 0 -2 1 -1 2 0 -2 1 -1 2 0 -2 1 -1 2 0 -2 1 -1 2 0 -2 1 -1 2 0 -2 1 -1 2 0 -2 1 -1 2 0 -2 1 -1 2 0 -2 1 -1 2 0 -2 1 -1 2 0 -2 1 -1 2 0 -2 1 -1 2 0 -2 1 -1 2 0 -2 1 -1 2 0 -2 1 -1 2 0 -2 1 -1 2 0 -2 1 -1 2 0 -2 1 -1 2 0 -2 1 -1 2 0 -2 1 -1 2 0 -2 1 -1 2 0 -2 1 -1 2 0 -2 1 -1 2 0 -2 1 -1 2 0 -2 1 -1 2 0 -2 1 -1 2 0 -2 1 -1 2 0 -2 1 -1 2 0 -2 1 -1 2 0 -2 1 -1 2 0 -2 1 -1 2 0 -2 1 -1 2 0 -2 1 -1 2 0 -2 1 -1 2 0 -2 1 -1 2 0 -2 1 -1 2 0 -2 1 -1 2 0 -2 1 -1 2 0 -2 1 -1 2 0 -2 1 -1 2 0 -2 1 -1 2 0 -2 1 -1 2 0 -2 1 -1 2 0 -2 1 -1 2 0 -2 1 -1 2 0 -2 1 -1 2 0 -2 1 -1 2 0 601 1 -1 2 0 -2 1 -1 2 0
0 -1 -2 2 1 0 -1 -2 2 1 0 -1 -2 2 1 0 -1 -2 2 1 0 -1 -2 2 1 0 -1 -2 2 1 0 -1 -2 2 1 0 -1 -2 2 1 0 -1 -2 2 1 0 -1 -2 2 1 0 -1 -2 2 1 0 -1 -2 2 1 0 -1 -2 2 1 0 -1 -2 2 1 0 -1 -2 2 1 0 -1 -2 2 1 0 -1 -2 2 1 0 -1 -2 2 1 0 -1 -2 2 1 0 -1 -2 2 1 0 -1 -2 2 1 0 -1 -2 2 1 0 -1 -2 2 1 0 -1 -2 2 1 0 -1 -2 2 1 0 -1 -2 2 1 0 -1 -2 2 1 0 -1 -2 2 1 0 -1 -2 2 1 0 -1 -2 2 1 0 -1 -2 2 1 0 -1 -2 2 1 0 -1 -2 2 1 0 -1 -2 2 1 0 -1 -2 2 1 0 -1 -2 2 1 0 -1 -2 2 1 0 -1 -2 2 1 0 -1 -2 2 1 0 -1 -2 2 1 0 -1 -2 2 1 0 -1 -2 2 1 0 -1 -2 2 1 0 -1 -2 2 1 0 -1 -2 2 1 0 -1 -2 2 1 0 -1 -2 2 1 0 -1 -2 2 1 0 -1 -2 2 1 0 -1 -2 2 1 0 -1 -2 2 1 0 -1 -2 2 1 0 -1 -2 2 1 0 -1 -2 2 1 0 -1 -2 2 1 0 -1 -2 2 1 0 -1 -2 2 1 0 -1 -2 2 1 0 -1 -2 2 1 0 -1 -2 2 1 0 -1 -2 2 1 0 -1 -2 2 1 0 -1 -2 2 1 0 -1 -2 2 1 0 -1 -2 2 1 0 -1 -2 2 1 0 -1 -2 2 1 0 -1 -2 2 1 0 -1 -2 2 1 0 -1 -2 2 1 0 -1 -2 2 1 0 -1 -2 2 1 0 -1 -2 2 1 0 -1 -2 2 1 0 -1 -2 2 1 0 -1 -2 2 1 0 -1 -2 2 1 0 -1 -2 2 1 0 -1 -2 2 1 0 -1 -2 2 1 0 -1 -2 2 1 0 -1 -2 2 1 0 -1 -2 2 1 0 -1 -2 2 1 0 -1 -2 2 1 0 -1 -2 2 1 0 -1 -2 2 1 0 -1 -2 2 1 0 -1 -2 2 1 0 -1 -2 2 1 0 -1 -2 2 1 0 -1 -2 2 1 0 -1 -2 2 1 0 -1 -2 2 1 0 -1 -2 2 1 0 -1 -2 2 1 0 -1 -2 2 1 0 -1 -2 2 1 0 602 -2 2 1 0 -1 -2 2 1
2 2 2 2 2 2 2 2 2 2 2 2 2 2 2 2 2 2 2 2 2 2 2 2 2 2 2 2 2 2 2 2 2 2 2 2 2 2 2 2 2 2 2 2 2 2 2 2 2 2 2 2 2 2 2 2 2 2 2 2 2 2 2 2 2 2 2 2 2 2 2 2 2 2 2 2 2 2 2 2 2 2 2 2 2 2 2 2 2 2 2 2 2 2 2 2 2 2 2 2 2 2 2 2 2 2 2 2 2 2 2 2 2 2 2 2 2 2 2 2 2 2 2 2 2 2 2 2 2 2 2 2 2 2 2 2 2 2 2 2 2 2 2 2 2 2 2 2 2 2 2 2 2 2 2 2 2 2 2 2 2 2 2 2 2 2 2 2 2 2 2 2 2 2 2 2 2 2 2 2 2 2 2 2 2 2 2 2 2 2 2 2 2 2 2 2 2 2 2 2 2 2 2 2 2 2 2 2 2 2 2 2 2 2 2 2 2 2 2 2 2 2 2 2 2 2 2 2 2 2 2 2 2 2 2 2 2 2 2 2 2 2 2 2 2 2 2 2 2 2 2 2 2 2 2 2 2 2 2 2 2 2 2 2 2 2 2 2 2 2 2 2 2 2 2 2 2 2 2 2 2 2 2 2 2 2 2 2 2 2 2 2 2 2 2 2 2 2 2 2 2 2 2 2 2 2 2 2 2 2 2 2 2 2 2 2 2 2 2 2 2 2 2 2 2 2 2 2 2 2 2 2 2 2 2 2 2 2 2 2 2 2 2 2 2 2 2 2 2 2 2 2 2 2 2 2 2 2 2 2 2 2 2 2 2 2 2 2 2 2 2 2 2 2 2 2 2 2 2 2 2 2 2 2 2 2 2 2 2 2 2 2 2 2 2 2 2 2 2 2 2 2 2 2 2 2 2 2 2 2 2 2 2 2 2 2 2 2 2 2 2 2 2 2 2 2 2 2 2 2 2 2 2 2 2 2 2 2 2 2 2 2 2 2 2 2 2 2 2 2 2 2 2 2 2 2 2 2 2 2 2 2 2 2 2 2 2 2 2 2 2 2 2 2 2 2 2 2 2 2 2 2 2 2 2 2 2 2 2 2 2 2 1001 2 2 2 2 2 2 2
-1 0 1 2 -2 -1 0 1 2 -2 -1 0 1 2 -2 -1 0 1 2 -2 -1 0 1 2 -2 -1 0 1 2 -2 -1 0 1 2 -2 -1 0 1 2 -2 -1 0 1 2 -2 -1 0 1 2 -2 -1 0 1 2 -2 -1 0 1 2 -2 -1 0 1 2 -2 -1 0 1 2 -2 -1 0 1 2 -2 -1 0 1 2 -2 -1 0 1 2 -2 -1 0 1 2 -2 -1 0 1 2 -2 -1 0 1 2 -2 -1 0 1 2 -2 -1 0 1 2 -2 -1 0 1 2 -2 -1 0 1 2 -2 -1 0 1 2 -2 -1 0 1 2 -2 -1 0 1 2 -2 -1 0 1 2 -2 -1 0 1 2 -2 -1 0 1 2 -2 -1 0 1 2 -2 -1 0 1 2 -2 -1 0 1 2 -2 -1 0 1 2 -2 -1 0 1 2 -2 -1 0 1 2 -2 -1 0 1 2 -2 -1 0 1 2 -2 -1 0 1 2 -2 -1 0 1 2 -2 -1 0 1 2 -2 -1 0 1 2 -2 -1 0 1 2 -2 -1 0 1 2 -2 -1 0 1 2 -2 -1 0 1 2 -2 -1 0 1 2 -2 -1 0 1 2 -2 -1 0 1 2 -2 -1 0 1 2 -2 -1 0 1 2 -2 -1 0 1 2 -2 -1 0 1 2 -2 -1 0 1 2 -2 -1 0 1 2 -2 -1 0 1 2 -2 -1 0 1 2 -2 -1 0 1 2 -2 -1 0 1 2 -2 -1 0 1 2 -2 -1 0 1 2 -2 -1 0 1 2 -2 -1 0 1 2 -2 -1 0 1 2 -2 -1 0 1 2 -2 -1 0 1 2 -2 -1 0 1 2 -2 -1 0 1 2 -2 -1 0 1 2 -2 -1 0 1 2 -2 -1 0 1 2 -2 -1 0 1 2 -2 -1 0 1 2 -2 -1 0 1 2 -2 -1 0 1 2 -2 -1 0 1 2 -2 -1 0 1 2 -2 -1 0 1 2 -2 -1 0 1 2 -2 -1 0 1 2 -2 -1 0 1 2 -2 -1 0 1 2 -2 -1 0 1 2 -2 -1 0 1 2 -2 -1 0 1 2 -2 -1 0 1 2 -2 -1 0 1 2 -2 -1 0 1 2 -2 -1 0 1 2 -2 -1 0 1 2 -2 -1 0 1 2 -2 -1 0 1 2 -2 -1 0 1 2 -2 -1 0 1 2 -2 -1 0 1 2 -2 -1 0 1 2 -2 -1 0 1 2 -2 -1 0 1 2 -2 -1 0 1 601 -2 -1 0 1 2 -2
1 -2 0 2 -1 1 -2 0 2 -1 1 -2 0 2 -1 1 -2 0 2 -1 1 -2 0 2 -1 1 -2 0 2 -1 1 -2 0 2 -1 1 -2 0 2 -1 1 -2 0 2 -1 1 -2 0 2 -1 1 -2 0 2 -1 1 -2 0 2 -1 1 -2 0 2 -1 1 -2 0 2 -1 1 -2 0 2 -1 1 -2 0 2 -1 1 -2 0 2 -1 1 -2 0 2 -1 1 -2 0 2 -1 1 -2 0 2 -1 1 -2 0 2 -1 1 -2 0 2 -1 1 -2 0 2 -1 1 -2 0 2 -1 1 -2 0 2 -1 1 -2 0 2 -1 1 -2 0 2 -1 1 -2 0 2 -1 1 -2 0 2 -1 1 -2 0 2 -1 1 -2 0 2 -1 1 -2 0 2 -1 1 -2 0 2 -1 1 -2 0 2 -1 1 -2 0 2 -1 1 -2 0 2 -1 1 -2 0 2 -1 1 -2 0 2 -1 1 -2 0 2 -1 1 -2 0 2 -1 1 -2 0 2 -1 1 -2 0 2 -1 1 -2 0 2 -1 1 -2 0 2 -1 1 -2 0 2 -1 1 -2 0 2 -1 1 -2 0 2 -1 1 -2 0 2 -1 1 -2 0 2 -1 1 -2 0 2 -1 1 -2 0 2 -1 1 -2 0 2 -1 1 -2 0 2 -1 1 -2 0 2 -1 1 -2 0 2 -1 1 -2 0 2 -1 1 -2 0 2 -1 1 -2 0 2 -1 1 -2 0 2 -1 1 -2 0 2 -1 1 -2 0 2 -1 1 -2 0 2 -1 1 -2 0 2 -1 1 -2 0 2 -1 1 -2 0 2 -1 1 -2 0 2 -1 1 -2 0 2 -1 1 -2 0 2 -1 1 -2 0 2 -1 1 -2 0 2 -1 1 -2 0 2 -1 1 -2 0 2 -1 1 -2 0 2 -1 1 -2 0 2 -1 1 -2 0 2 -1 1 -2 0 2 -1 1 -2 0 2 -1 1 -2 0 2 -1 1 -2 0 2 -1 1 -2 0 2 -1 1 -2 0 2 -1 1 -2 0 2 -1 1 -2 0 2 -1 1 -2 0 2 -1 1 -2 0 2 -1 1 -2 0 2 -1 1 -2 0 2 -1 1 -2 0 2 -1 1 -2 0 2 -1 1 -2 0 2 -1 1 -2 0 2 -1 1 -2 0 2 -1 1 -2 0 2 -1 1 -2 0 2 -1 1 -2 0 2 -1 1 -2 0 2 -1 1 -2 0 2 -1 1 -2 0 2 -1 1 -2 0 2 602 1 -2 0 2 -1
-2 1 -1 2 0 -2 1 -1 2 0 -2 1 -1 2 0 -2 1 -1 2 0 -2 1 -1 2 0 -2 1 -1 2 0 -2 1 -1 2 0 -2 1 -1 2 0 -2 1 -1 2 0 -2 1 -1 2 0 -2 1 -1 2 0 -2 1 -1 2 0 -2 1 -1 2 0 -2 1 -1 2 0 -2 1 -1 2 0 -2 1 -1 2 0 -2 1 -1 2 0 -2 1 -1 2 0 -2 1 -1 2 0 -2 1 -1 2 0 -2 1 -1 2 0 -2 1 -1 2 0 -2 1 -1 2 0 -2 1 -1 2 0 -2 1 -1 2 0 -2 1 -1 2 0 -2 1 -1 2 0 -2 1 -1 2 0 -2 1 -1 2 0 -2 1 -1 2 0 -2 1 -1 2 0 -2 1 -1 2 0 -2 1 -1 2 0 -2 1 -1 2 0 -2 1 -1 2 0 -2 1 -1 2 0 -2 1 -1 2 0 -2 1 -1 2 0 -2 1 -1 2 0 -2 1 -1 2 0 -2 1 -1 2 0 -2 1 -1 2 0 -2 1 -1 2 0 -2 1 -1 2 0 -2 1 -1 2 0 -2 1 -1 2 0 -2 1 -1 2 0 -2 1 -1 2 0 -2 1 -1 2 0 -2 1 -1 2 0 -2 1 -1 2 0 -2 1 -1 2 0 -2 1 -1 2 0 -2 1 -1 2 0 -2 1 -1 2 0 -2 1 -1 2 0 -2 1 -1 2 0 -2 1 -1 2 0 -2 1 -1 2 0 -2 1 -1 2 0 -2 1 -1 2 0 -2 1 -1 2 0 -2 1 -1 2 0 -2 1 -1 2 0 -2 1 -1 2 0 -2 1 -1 2 0 -2 1 -1 2 0 -2 1 -1 2 0 -2 1 -1 2 0 -2 1 -1 2 0 -2 1 -1 2 0 -2 1 -1 2 0 -2 1 -1 2 0 -2 1 -1 2 0 -2 1 -1 2 0 -2 1 -1 2 0 -2 1 -1 2 0 -2 1 -1 2 0 -2 1 -1 2 0 -2 1 -1 2 0 -2 1 -1 2 0 -2 1 -1 2 0 -2 1 -1 2 0 -2 1 -1 2 0 -2 1 -1 2 0 -2 1 -1 2 0 -2 1 -1 2 0 -2 1 -1 2 0 -2 1 -1 2 0 -2 1 -1 2 0 -2 1 -1 2 0 -2 1 -1 2 0 -2 1 -1 2 0 -2 1 -1 2 0 -2 1 -1 2 0 -2 1 -1 2 0 -2 1 -1 2 0 -2 1 -1 2 0 -2 1 -1 2 0 601 1 -1 2 0
0 -1 -2 2 1 0 -1 -2 2 1 0 -1 -2 2 1 0 -1 -2 2 1 0 -1 -2 2 1 0 -1 -2 2 1 0 -1 -2 2 1 0 -1 -2 2 1 0 -1 -2 2 1 0 -1 -2 2 1 0 -1 -2 2 1 0 -1 -2 2 1 0 -1 -2 2 1 0 -1 -2 2 1 0 -1 -2 2 1 0 -1 -2 2 1 0 -1 -2 2 1 0 -1 -2 2 1 0 -1 -2 2 1 0 -1 -2 2 1 0 -1 -2 2 1 0 -1 -2 2 1 0 -1 -2 2 1 0 -1 -2 2 1 0 -1 -2 2 1 0 -1 -2 2 1 0 -1 -2 2 1 0 -1 -2 2 1 0 -1 -2 2 1 0 -1 -2 2 1 0 -1 -2 2 1 0 -1 -2 2 1 0 -1 -2 2 1 0 -1 -2 2 1 0 -1 -2 2 1 0 -1 -2 2 1 0 -1 -2 2 1 0 -1 -2 2 1 0 -1 -2 2 1 0 -1 -2 2 1 0 -1 -2 2 1 0 -1 -2 2 1 0 -1 -2 2 1 0 -1 -2 2 1 0 -1 -2 2 1 0 -1 -2 2 1 0 -1 -2 2 1 0 -1 -2 2 1 0 -1 -2 2 1 0 -1 -2 2 1 0 -1 -2 2 1 0 -1 -2 2 1 0 -1 -2 2 1 0 -1 -2 2 1 0 -1 -2 2 1 0 -1 -2 2 1 0 -1 -2 2 1 0 -1 -2 2 1 0 -1 -2 2 1 0 -1 -2 2 1 0 -1 -2 2 1 0 -1 -2 2 1 0 -1 -2 2 1 0 -1 -2 2 1 0 -1 -2 2 1 0 -1 -2 2 1 0 -1 -2 2 1 0 -1 -2 2 1 0 -1 -2 2 1 0 -1 -2 2 1 0 -1 -2 2 1 0 -1 -2 2 1 0 -1 -2 2 1 0 -1 -2 2 1 0 -1 -2 2 1 0 -1 -2 2 1 0 -1 -2 2 1 0 -1 -2 2 1 0 -1 -2 2 1 0 -1 -2 2 1 0 -1 -2 2 1 0 -1 -2 2 1 0 -1 -2 2 1 0 -1 -2 2 1 0 -1 -2 2 1 0 -1 -2 2 1 0 -1 -2 2 1 0 -1 -2 2 1 0 -1 -2 2 1 0 -1 -2 2 1 0 -1 -2 2 1 0 -1 -2 2 1 0 -1 -2 2 1 0 -1 -2 2 1 0 -1 -2 2 1 0 -1 -2 2 1 0 -1 -2 2 1 0 -1 -2 2 1 0 -1 -2 2 1 0 602 -2 2 1
2 2 2 2 2 2 2 2 2 2 2 2 2 2 2 2 2 2 2 2 2 2 2 2 2 2 2 2 2 2 2 2 2 2 2 2 2 2 2 2 2 2 2 2 2 2 2 2 2 2 2 2 2 2 2 2 2 2 2 2 2 2 2 2 2 2 2 2 2 2 2 2 2 2 2 2 2 2 2 2 2 2 2 2 2 2 2 2 2 2 2 2 2 2 2 2 2 2 2 2 2 2 2 2 2 2 2 2 2 2 2 2 2 2 2 2 2 2 2 2 2 2 2 2 2 2 2 2 2 2 2 2 2 2 2 2 2 2 2 2 2 2 2 2 2 2 2 2 2 2 2 2 2 2 2 2 2 2 2 2 2 2 2 2 2 2 2 2 2 2 2 2 2 2 2 2 2 2 2 2 2 2 2 2 2 2 2 2 2 2 2 2 2 2 2 2 2 2 2 2 2 2 2 2 2 2 2 2 2 2 2 2 2 2 2 2 2 2 2 2 2 2 2 2 2 2 2 2 2 2 2 2 2 2 2 2 2 2 2 2 2 2 2 2 2 2 2 2 2 2 2 2 2 2 2 2 2 2 2 2 2 2 2 2 2 2 2 2 2 2 2 2 2 2 2 2 2 2 2 2 2 2 2 2 2 2 2 2 2 2 2 2 2 2 2 2 2 2 2 2 2 2 2 2 2 2 2 2 2 2 2 2 2 2 2 2 2 2 2 2 2 2 2 2 2 2 2 2 2 2 2 2 2 2 2 2 2 2 2 2 2 2 2 2 2 2 2 2 2 2 2 2 2 2 2 2 2 2 2 2 2 2 2 2 2 2 2 2 2 2 2 2 2 2 2 2 2 2 2 2 2 2 2 2 2 2 2 2 2 2 2 2 2 2 2 2 2 2 2 2 2 2 2 2 2 2 2 2 2 2 2 2 2 2 2 2 2 2 2 2 2 2 2 2 2 2 2 2 2 2 2 2 2 2 2 2 2 2 2 2 2 2 2 2 2 2 2 2 2 2 2 2 2 2 2 2 2 2 2 2 2 2 2 2 2 2 2 2 2 2 2 2 2 2 2 2 2 2 2 2 2 2 2 2 2 2 2 2 2 2 2 2 2 2 2 2 2 1001 2 2
-1 0 1 2 -2 -1 0 1 2 -2 -1 0 1 2 -2 -1 0 1 2 -2 -1 0 1 2 -2 -1 0 1 2 -2 -1 0 1 2 -2 -1 0 1 2 -2 -1 0 1 2 -2 -1 0 1 2 -2 -1 0 1 2 -2 -1 0 1 2 -2 -1 0 1 2 -2 -1 0 1 2 -2 -1 0 1 2 -2 -1 0 1 2 -2 -1 0 1 2 -2 -1 0 1 2 -2 -1 0 1 2 -2 -1 0 1 2 -2 -1 0 1 2 -2 -1 0 1 2 -2 -1 0 1 2 -2 -1 0 1 2 -2 -1 0 1 2 -2 -1 0 1 2 -2 -1 0 1 2 -2 -1 0 1 2 -2 -1 0 1 2 -2 -1 0 1 2 -2 -1 0 1 2 -2 -1 0 1 2 -2 -1 0 1 2 -2 -1 0 1 2 -2 -1 0 1 2 -2 -1 0 1 2 -2 -1 0 1 2 -2 -1 0 1 2 -2 -1 0 1 2 -2 -1 0 1 2 -2 -1 0 1 2 -2 -1 0 1 2 -2 -1 0 1 2 -2 -1 0 1 2 -2 -1 0 1 2 -2 -1 0 1 2 -2 -1 0 1 2 -2 -1 0 1 2 -2 -1 0 1 2 -2 -1 0 1 2 -2 -1 0 1 2 -2 -1 0 1 2 -2 -1 0 1 2 -2 -1 0 1 2 -2 -1 0 1 2 -2 -1 0 1 2 -2 -1 0 1 2 -2 -1 0 1 2 -2 -1 0 1 2 -2 -1 0 1 2 -2 -1 0 1 2 -2 -1 0 1 2 -2 -1 0 1 2 -2 -1 0 1 2 -2 -1 0 1 2 -2 -1 0 1 2 -2 -1 0 1 2 -2 -1 0 1 2 -2 -1 0 1 2 -2 -1 0 1 2 -2 -1 0 1 2 -2 -1 0 1 2 -2 -1 0 1 2 -2 -1 0 1 2 -2 -1 0 1 2 -2 -1 0 1 2 -2 -1 0 1 2 -2 -1 0 1 2 -2 -1 0 1 2 -2 -1 0 1 2 -2 -1 0 1 2 -2 -1 0 1 2 -2 -1 0 1 2 -2 -1 0 1 2 -2 -1 0 1 2 -2 -1 0 1 2 -2 -1 0 1 2 -2 -1 0 1 2 -2 -1 0 1 2 -2 -1 0 1 2 -2 -1 0 1 2 -2 -1 0 1 2 -2 -1 0 1 2 -2 -1 0 1 2 -2 -1 0 1 2 -2 -1 0 1 2 -2 -1 0 1 2 -2 -1 0 1 2 -2 -1 0 1 2 -2 -1 0 1 601 -2
601 1 -1 2 0 -2 1 -1 2 0 -2 1 -1 2 0 -2 1 -1 2 0 -2 1 -1 2 0 -2 1 -1 2 0 -2 1 -1 2 0 -2 1 -1 2 0 -2 1 -1 2 0 -2 1 -1 2 0 -2 1 -1 2 0 -2 1 -1 2 0 -2 1 -1 2 0 -2 1 -1 2 0 -2 1 -1 2 0 -2 1 -1 2 0 -2 1 -1 2 0 -2 1 -1 2 0 -2 1 -1 2 0 -2 1 -1 2 0 -2 1 -1 2 0 -2 1 -1 2 0 -2 1 -1 2 0 -2 1 -1 2 0 -2 1 -1 2 0 -2 1 -1 2 0 -2 1 -1 2 0 -2 1 -1 2 0 -2 1 -1 2 0 -2 1 -1 2 0 -2 1 -1 2 0 -2 1 -1 2 0 -2 1 -1 2 0 -2 1 -1 2 0 -2 1 -1 2 0 -2 1 -1 2 0 -2 1 -1 2 0 -2 1 -1 2 0 -2 1 -1 2 0 -2 1 -1 2 0 -2 1 -1 2 0 -2 1 -1 2 0 -2 1 -1 2 0 -2 1 -1 2 0 -2 1 -1 2 0 -2 1 -1 2 0 -2 1 -1 2 0 -2 1 -1 2 0 -2 1 -1 2 0 -2 1 -1 2 0 -2 1 -1 2 0 -2 1 -1 2 0 -2 1 -1 2 0 -2 1 -1 2 0 -2 1 -1 2 0 -2 1 -1 2 0 -2 1 -1 2 0 -2 1 -1 2 0 -2 1 -1 2 0 -2 1 -1 2 0 -2 1 -1 2 0 -2 1 -1 2 0 -2 1 -1 2 0 -2 1 -1 2 0 -2 1 -1 2 0 -2 1 -1 2 0 -2 1 -1 2 0 -2 1 -1 2 0 -2 1 -1 2 0 -2 1 -1 2 0 -2 1 -1 2 0 -2 1 -1 2 0 -2 1 -1 2 0 -2 1 -1 2 0 -2 1 -1 2 0 -2 1 -1 2 0 -2 1 -1 2 0 -2 1 -1 2 0 -2 1 -1 2 0 -2 1 -1 2 0 -2 1 -1 2 0 -2 1 -1 2 0 -2 1 -1 2 0 -2 1 -1 2 0 -2 1 -1 2 0 -2 1 -1 2 0 -2 1 -1 2 0 -2 1 -1 2 0 -2 1 -1 2 0 -2 1 -1 2 0 -2 1 -1 2 0 -2 1 -1 2 0 -2 1 -1 2 0 -2 1 -1 2 0 -2 1 -1 2 0 -2 1 -1 2 0 -2 1 -1 2 0 -2 1 -1 2 0 -2 1 -1 2 0 -2 1 -1 2 0
B 0 0
input 500
-607 -1203 -1011 -7 596 1209 1812 -3009 -1205 -610 3 606 1986 1790 -1816 -1203 -600 -12 592 1199 1812 -1806 -2010 -606 -7 606 1209 2985 -1804 -1213 -600 3 987 1191 1802 -1806 -1203 -1011 -7 596 1209 1812 -3009 -1205 -610 3 606 1986 1790 -1816 -1203 -600 -12 592 1199 1812 -1806 -2010 -606 -7 606 1209 2985 -1804 -1213 -600 3 987 1191 1802 -1806 -1203 -1011 -7 596 1209 1812 -3009 -1205 -610 3 606 1986 1790 -1816 -1203 -600 -12 592 1199 1812 -1806 -2010 -606 -7 606 1209 2985 -1804 -1213 -600 3 987 1191 1802 -1806 -1203 -1011 -7 596 1209 1812 -3009 -1205 -610 3 606 1986 1790 -1816 -1203 -600 -12 592 1199 1812 -1806 -2010 -606 -7 606 1209 2985 -1804 -1213 -600 3 987 1191 1802 -1806 -1203 -1011 -7 596 1209 1812 -3009 -1205 -610 3 606 1986 1790 -1816 -1203 -600 -12 592 1199 1812 -1806 -2010 -606 -7 606 1209 2985 -1804 -1213 -600 3 987 1191 1802 -1806 -1203 -1011 -7 596 1209 1812 -3009 -1205 -610 3 606 1986 1790 -1816 -1203 -600 -12 592 1199 1812 -1806 -2010 -606 -7 606 1209 2985 -1804 -1213 -600 3 987 1191 1802 -1806 -1203 -1011 -7 596 1209 1812 -3009 -1205 -610 3 606 1986 1790 -1816 -1203 -600 -12 592 1199 1812 -1806 -2010 -606 -7 606 1209 2985 -1804 -1213 -600 3 987 1191 1802 -1806 -1203 -1011 -7 596 1209 1812 -3009 -1205 -610 3 606 1986 1790 -1816 -1203 -600 -12 592 1199 1812 -1806 -2010 -606 -7 606 1209 2985 -1804 -1213 -600 3 987 1191 1802 -1806 -1203 -1011 -7 596 1209 1812 -3009 -1205 -610 3 606 1986 1790 -1816 -1203 -600 -12 592 1199 1812 -1806 -2010 -606 -7 606 1209 2985 -1804 -1213 -600 3 987 1191 1802 -1806 -1203 -1011 -7 596 1209 1812 -3009 -1205 -610 3 606 1986 1790 -1816 -1203 -600 -12 592 1199 1812 -1806 -2010 -606 -7 606 1209 2985 -1804 -1213 -600 3 987 1191 1802 -1806 -1203 -1011 -7 596 1209 1812 -3009 -1205 -610 3 606 1986 1790 -1816 -1203 -600 -12 592 1199 1812 -1806 -2010 -606 -7 606 1209 2985 -1804 -1213 -600 3 987 1191 1802 -1806 -1203 -1011 -7 596 1209 1812 -3009 -1205 -610 3 606 1986 1790 -1816 -1203 -600 -12 592 1199 1812 -1806 -2010 -606 -7 606 1209 2985 -1804 -1213 -600 3 987 1191 1802 -1806 -1203 -1011 -7 596 1209 1812 -3009 -1205 -610 3 606 1986 1790 -1816 -1203 -600 -12 592 1199 1812 -1806 -2010 -606 -7 606 1209 2985 -1804 -1213 -600 3 987 1191 1802 -1806 -1203 -1011 -7 596 1209 1812 -3009 -1205 -610 3 606 1986 1790 -1816 -1203 -600 -12 592 1199 1812 -1806 -2010 -606 -7 606 1209 2985 -1804 -1213 -600 3 987 1191 1802 -1806 -1203 -1011 -7 596 1209 1812 -3009 -1205 -1806
expected 500
-3 -2 -1 0 1 2 3 -3 -2 -1 0 1 2 3 -3 -2 -1 0 1 2 3 -3 -2 -1 0 1 2 3 -3 -2 -1 0 1 2 3 -3 -2 -1 0 1 2 3 -3 -2 -1 0 1 2 3 -3 -2 -1 0 1 2 3 -3 -2 -1 0 1 2 3 -3 -2 -1 0 1 2 3 -3 -2 -1 0 1 2 3 -3 -2 -1 0 1 2 3 -3 -2 -1 0 1 2 3 -3 -2 -1 0 1 2 3 -3 -2 -1 0 1 2 3 -3 -2 -1 0 1 2 3 -3 -2 -1 0 1 2 3 -3 -2 -1 0 1 2 3 -3 -2 -1 0 1 2 3 -3 -2 -1 0 1 2 3 -3 -2 -1 0 1 2 3 -3 -2 -1 0 1 2 3 -3 -2 -1 0 1 2 3 -3 -2 -1 0 1 2 3 -3 -2 -1 0 1 2 3 -3 -2 -1 0 1 2 3 -3 -2 -1 0 1 2 3 -3 -2 -1 0 1 2 3 -3 -2 -1 0 1 2 3 -3 -2 -1 0 1 2 3 -3 -2 -1 0 1 2 3 -3 -2 -1 0 1 2 3 -3 -2 -1 0 1 2 3 -3 -2 -1 0 1 2 3 -3 -2 -1 0 1 2 3 -3 -2 -1 0 1 2 3 -3 -2 -1 0 1 2 3 -3 -2 -1 0 1 2 3 -3 -2 -1 0 1 2 3 -3 -2 -1 0 1 2 3 -3 -2 -1 0 1 2 3 -3 -2 -1 0 1 2 3 -3 -2 -1 0 1 2 3 -3 -2 -1 0 1 2 3 -3 -2 -1 0 1 2 3 -3 -2 -1 0 1 2 3 -3 -2 -1 0 1 2 3 -3 -2 -1 0 1 2 3 -3 -2 -1 0 1 2 3 -3 -2 -1 0 1 2 3 -3 -2 -1 0 1 2 3 -3 -2 -1 0 1 2 3 -3 -2 -1 0 1 2 3 -3 -2 -1 0 1 2 3 -3 -2 -1 0 1 2 3 -3 -2 -1 0 1 2 3 -3 -2 -1 0 1 2 3 -3 -2 -1 0 1 2 3 -3 -2 -1 0 1 2 3 -3 -2 -1 0 1 2 3 -3 -2 -1 0 1 2 3 -3 -2 -1 0 1 2 3 -3 -2 -1 0 1 2 3 -3 -2 -1 0 1 2 3 -3 -2 -1 0 1 2 3 -3 -2 -1 0 1 2 3 -3 -2 -1 0 1 2 3 -3 -2 -1 0 1 2 3 -3 -2 -1 0 1 2 3 -3 -2 -1 0 1 2 3 -3 -2 -1 0 1 2 3 -3 -2 -1
end
