LAB1 1
name "Regular system without diagonal dominance (256 x 256)"
task 3
outcomes 0 0
limits 1e-12 1e-09 0.05 40
A 256 256
0.25048828125 -0.0009765625 0.001953125 -0.00390625 0.0078125 -0.015625 0.03125 -0.00048828125 0.0009765625 -0.001953125 0.00390625 -0.0078125 0.015625 -0.03125 0.00048828125 -0.0009765625 0.001953125 -0.00390625 0.0078125 -0.015625 0.03125 -0.00048828125 0.0009765625 -0.001953125 0.00390625 -0.0078125 0.015625 -0.03125 0.00048828125 -0.0009765625 0.001953125 -0.00390625 0.0078125 -0.015625 0.03125 -0.00048828125 0.0009765625 -0.001953125 0.00390625 -0.0078125 0.015625 -0.03125 0.00048828125 -0.0009765625 0.001953125 -0.00390625 0.0078125 -0.015625 0.03125 -0.00048828125 0.0009765625 -0.001953125 0.00390625 -0.0078125 0.015625 -0.03125 0.00048828125 -0.0009765625 0.001953125 -0.00390625 0.0078125 -0.015625 0.03125 -0.00048828125 0.0009765625 -0.001953125 0.00390625 -0.0078125 0.015625 -0.03125 0.00048828125 -0.0009765625 0.001953125 -0.00390625 0.0078125 -0.015625 0.03125 -0.00048828125 0.0009765625 -0.001953125 0.00390625 -0.0078125 0.015625 -0.03125 0.00048828125 -0.0009765625 0.001953125 -0.00390625 0.0078125 -0.015625 0.03125 -0.00048828125 0.0009765625 -0.001953125 0.00390625 -0.0078125 0.015625 -0.03125 0.00048828125 -0.0009765625 0.001953125 -0.00390625 0.0078125 -0.015625 0.03125 -0.00048828125 0.0009765625 -0.001953125 0.00390625 -0.0078125 0.015625 -0.03125 0.00048828125 -0.0009765625 0.001953125 -0.00390625 0.0078125 -0.015625 0.03125 -0.00048828125 0.0009765625 -0.001953125 0.00390625 -0.0078125 0.015625 -0.03125 0.00048828125 -0.0009765625 0.001953125 -0.00390625 0.0078125 -0.015625 0.03125 -0.00048828125 0.0009765625 -0.001953125 0.00390625 -0.0078125 0.015625 -0.03125 0.00048828125 -0.0009765625 0.001953125 -0.00390625 0.0078125 -0.015625 0.03125 -0.00048828125 0.0009765625 -0.001953125 0.00390625 -0.0078125 0.015625 -0.03125 0.00048828125 -0.0009765625 0.001953125 -0.00390625 0.0078125 -0.015625 0.03125 -0.00048828125 0.0009765625 -0.001953125 0.00390625 -0.0078125 0.015625 -0.03125 0.00048828125 -0.0009765625 0.001953125 -0.00390625 0.0078125 -0.015625 0.03125 -0.00048828125 0.0009765625 -0.001953125 0.00390625 -0.0078125 0.015625 -0.03125 0.00048828125 -0.0009765625 0.001953125 -0.00390625 0.0078125 -0.015625 0.03125 -0.00048828125 0.0009765625 -0.001953125 0.00390625 -0.0078125 0.015625 -0.03125 0.00048828125 -0.0009765625 0.001953125 -0.00390625 0.0078125 -0.015625 0.03125 -0.00048828125 0.0009765625 -0.001953125 0.00390625 -0.0078125 0.015625 -0.03125 0.00048828125 -0.0009765625 0.001953125 -0.00390625 0.0078125 -0.015625 0.03125 -0.00048828125 0.0009765625 -0.001953125 0.00390625 -0.0078125 0.015625 -0.03125 0.00048828125 -0.0009765625 0.001953125 -0.00390625 0.0078125 -0.015625 0.03125 -0.00048828125 0.0009765625 -0.001953125 0.00390625 -0.0078125 0.015625 -0.03125 0.00048828125 -0.0009765625 0.001953125 -0.00390625 0.0078125 -0.015625 0.03125 -0.00048828125 0.0009765625 -0.001953125 0.00390625 -0.0078125 0.015625 -0.03125 0.00048828125 -0.0009765625 0.001953125 -0.00390625
-0.0009765625 1.001953125 -0.00390625 0.0078125 -0.015625 0.03125 -0.0625 0.0009765625 -0.001953125 0.00390625 -0.0078125 0.015625 -0.03125 0.0625 -0.0009765625 0.001953125 -0.00390625 0.0078125 -0.015625 0.03125 -0.0625 0.0009765625 -0.001953125 0.00390625 -0.0078125 0.015625 -0.03125 0.0625 -0.0009765625 0.001953125 -0.00390625 0.0078125 -0.015625 0.03125 -0.0625 0.0009765625 -0.001953125 0.00390625 -0.0078125 0.015625 -0.03125 0.0625 -0.0009765625 0.001953125 -0.00390625 0.0078125 -0.015625 0.03125 -0.0625 0.0009765625 -0.001953125 0.00390625 -0.0078125 0.015625 -0.03125 0.0625 -0.0009765625 0.001953125 -0.00390625 0.0078125 -0.015625 0.03125 -0.0625 0.0009765625 -0.001953125 0.00390625 -0.0078125 0.015625 -0.03125 0.0625 -0.0009765625 0.001953125 -0.00390625 0.0078125 -0.015625 0.03125 -0.0625 0.0009765625 -0.001953125 0.00390625 -0.0078125 0.015625 -0.03125 0.0625 -0.0009765625 0.001953125 -0.00390625 0.0078125 -0.015625 0.03125 -0.0625 0.0009765625 -0.001953125 0.00390625 -0.0078125 0.015625 -0.03125 0.0625 -0.0009765625 0.001953125 -0.00390625 0.0078125 -0.015625 0.03125 -0.0625 0.0009765625 -0.001953125 0.00390625 -0.0078125 0.015625 -0.03125 0.0625 -0.0009765625 0.001953125 -0.00390625 0.0078125 -0.015625 0.03125 -0.0625 0.0009765625 -0.001953125 0.00390625 -0.0078125 0.015625 -0.03125 0.0625 -0.0009765625 0.001953125 -0.00390625 0.0078125 -0.015625 0.03125 -0.0625 0.0009765625 -0.001953125 0.00390625 -0.0078125 0.015625 -0.03125 0.0625 -0.0009765625 0.001953125 -0.00390625 0.0078125 -0.015625 0.03125 -0.0625 0.0009765625 -0.001953125 0.00390625 -0.0078125 0.015625 -0.03125 0.0625 -0.0009765625 0.001953125 -0.00390625 0.0078125 -0.015625 0.03125 -0.0625 0.0009765625 -0.001953125 0.00390625 -0.0078125 0.015625 -0.03125 0.0625 -0.0009765625 0.001953125 -0.00390625 0.0078125 -0.015625 0.03125 -0.0625 0.0009765625 -0.001953125 0.00390625 -0.0078125 0.015625 -0.03125 0.0625 -0.0009765625 0.001953125 -0.00390625 0.0078125 -0.015625 0.03125 -0.0625 0.0009765625 -0.001953125 0.00390625 -0.0078125 0.015625 -0.03125 0.0625 -0.0009765625 0.001953125 -0.00390625 0.0078125 -0.015625 0.03125 -0.0625 0.0009765625 -0.001953125 0.00390625 -0.0078125 0.015625 -0.03125 0.0625 -0.0009765625 0.001953125 -0.00390625 0.0078125 -0.015625 0.03125 -0.0625 0.0009765625 -0.001953125 0.00390625 -0.0078125 0.015625 -0.03125 0.0625 -0.0009765625 0.001953125 -0.00390625 0.0078125 -0.015625 0.03125 -0.0625 0.0009765625 -0.001953125 0.00390625 -0.0078125 0.015625 -0.03125 0.0625 -0.0009765625 0.001953125 -0.00390625 0.0078125 -0.015625 0.03125 -0.0625 0.0009765625 -0.001953125 0.00390625 -0.0078125 0.015625 -0.03125 0.0625 -0.0009765625 0.001953125 -0.00390625 0.0078125
0.001953125 -0.00390625 4.0078125 -0.015625 0.03125 -0.0625 0.125 -0.001953125 0.00390625 -0.0078125 0.015625 -0.03125 0.0625 -0.125 0.001953125 -0.00390625 0.0078125 -0.015625 0.03125 -0.0625 0.125 -0.001953125 0.00390625 -0.0078125 0.015625 -0.03125 0.0625 -0.125 0.001953125 -0.00390625 0.0078125 -0.015625 0.03125 -0.0625 0.125 -0.001953125 0.00390625 -0.0078125 0.015625 -0.03125 0.0625 -0.125 0.001953125 -0.00390625 0.0078125 -0.015625 0.03125 -0.0625 0.125 -0.001953125 0.00390625 -0.0078125 0.015625 -0.03125 0.0625 -0.125 0.001953125 -0.00390625 0.0078125 -0.015625 0.03125 -0.0625 0.125 -0.001953125 0.00390625 -0.0078125 0.015625 -0.03125 0.0625 -0.125 0.001953125 -0.00390625 0.0078125 -0.015625 0.03125 -0.0625 0.125 -0.001953125 0.00390625 -0.0078125 0.015625 -0.03125 0.0625 -0.125 0.001953125 -0.00390625 0.0078125 -0.015625 0.03125 -0.0625 0.125 -0.001953125 0.00390625 -0.0078125 0.015625 -0.03125 0.0625 -0.125 0.001953125 -0.00390625 0.0078125 -0.015625 0.03125 -0.0625 0.125 -0.001953125 0.00390625 -0.0078125 0.015625 -0.03125 0.0625 -0.125 0.001953125 -0.00390625 0.0078125 -0.015625 0.03125 -0.0625 0.125 -0.001953125 0.00390625 -0.0078125 0.015625 -0.03125 0.0625 -0.125 0.001953125 -0.00390625 0.0078125 -0.015625 0.03125 -0.0625 0.125 -0.001953125 0.00390625 -0.0078125 0.015625 -0.03125 0.0625 -0.125 0.001953125 -0.00390625 0.0078125 -0.015625 0.03125 -0.0625 0.125 -0.001953125 0.00390625 -0.0078125 0.015625 -0.03125 0.0625 -0.125 0.001953125 -0.00390625 0.0078125 -0.015625 0.03125 -0.0625 0.125 -0.001953125 0.00390625 -0.0078125 0.015625 -0.03125 0.0625 -0.125 0.001953125 -0.00390625 0.0078125 -0.015625 0.03125 -0.0625 0.125 -0.001953125 0.00390625 -0.0078125 0.015625 -0.03125 0.0625 -0.125 0.001953125 -0.00390625 0.0078125 -0.015625 0.03125 -0.0625 0.125 -0.001953125 0.00390625 -0.0078125 0.015625 -0.03125 0.0625 -0.125 0.001953125 -0.00390625 0.0078125 -0.015625 0.03125 -0.0625 0.125 -0.001953125 0.00390625 -0.0078125 0.015625 -0.03125 0.0625 -0.125 0.001953125 -0.00390625 0.0078125 -0.015625 0.03125 -0.0625 0.125 -0.001953125 0.00390625 -0.0078125 0.015625 -0.03125 0.0625 -0.125 0.001953125 -0.00390625 0.0078125 -0.015625 0.03125 -0.0625 0.125 -0.001953125 0.00390625 -0.0078125 0.015625 -0.03125 0.0625 -0.125 0.001953125 -0.00390625 0.0078125 -0.015625 0.03125 -0.0625 0.125 -0.001953125 0.00390625 -0.0078125 0.015625 -0.03125 0.0625 -0.125 0.001953125 -0.00390625 0.0078125 -0.015625
-0.00048828125 0.0009765625 -0.001953125 2.00390625 -0.0078125 0.015625 -0.03125 0.00048828125 -0.0009765625 0.001953125 -0.00390625 0.0078125 -0.015625 0.03125 -0.00048828125 0.0009765625 -0.001953125 0.00390625 -0.0078125 0.015625 -0.03125 0.00048828125 -0.0009765625 0.001953125 -0.00390625 0.0078125 -0.015625 0.03125 -0.00048828125 0.0009765625 -0.001953125 0.00390625 -0.0078125 0.015625 -0.03125 0.00048828125 -0.0009765625 0.001953125 -0.00390625 0.0078125 -0.015625 0.03125 -0.00048828125 0.0009765625 -0.001953125 0.00390625 -0.0078125 0.015625 -0.03125 0.00048828125 -0.0009765625 0.001953125 -0.00390625 0.0078125 -0.015625 0.03125 -0.00048828125 0.0009765625 -0.001953125 0.00390625 -0.0078125 0.015625 -0.03125 0.00048828125 -0.0009765625 0.001953125 -0.00390625 0.0078125 -0.015625 0.03125 -0.00048828125 0.0009765625 -0.001953125 0.00390625 -0.0078125 0.015625 -0.03125 0.00048828125 -0.0009765625 0.001953125 -0.00390625 0.0078125 -0.015625 0.03125 -0.00048828125 0.0009765625 -0.001953125 0.00390625 -0.0078125 0.015625 -0.03125 0.00048828125 -0.0009765625 0.001953125 -0.00390625 0.0078125 -0.015625 0.03125 -0.00048828125 0.0009765625 -0.001953125 0.00390625 -0.0078125 0.015625 -0.03125 0.00048828125 -0.0009765625 0.001953125 -0.00390625 0.0078125 -0.015625 0.03125 -0.00048828125 0.0009765625 -0.001953125 0.00390625 -0.0078125 0.015625 -0.03125 0.00048828125 -0.0009765625 0.001953125 -0.00390625 0.0078125 -0.015625 0.03125 -0.00048828125 0.0009765625 -0.001953125 0.00390625 -0.0078125 0.015625 -0.03125 0.00048828125 -0.0009765625 0.001953125 -0.00390625 0.0078125 -0.015625 0.03125 -0.00048828125 0.0009765625 -0.001953125 0.00390625 -0.0078125 0.015625 -0.03125 0.00048828125 -0.0009765625 0.001953125 -0.00390625 0.0078125 -0.015625 0.03125 -0.00048828125 0.0009765625 -0.001953125 0.00390625 -0.0078125 0.015625 -0.03125 0.00048828125 -0.0009765625 0.001953125 -0.00390625 0.0078125 -0.015625 0.03125 -0.00048828125 0.0009765625 -0.001953125 0.00390625 -0.0078125 0.015625 -0.03125 0.00048828125 -0.0009765625 0.001953125 -0.00390625 0.0078125 -0.015625 0.03125 -0.00048828125 0.0009765625 -0.001953125 0.00390625 -0.0078125 0.015625 -0.03125 0.00048828125 -0.0009765625 0.001953125 -0.00390625 0.0078125 -0.015625 0.03125 -0.00048828125 0.0009765625 -0.001953125 0.00390625 -0.0078125 0.015625 -0.03125 0.00048828125 -0.0009765625 0.001953125 -0.00390625 0.0078125 -0.015625 0.03125 -0.00048828125 0.0009765625 -0.001953125 0.00390625 -0.0078125 0.015625 -0.03125 0.00048828125 -0.0009765625 0.001953125 -0.00390625 0.0078125 -0.015625 0.03125 -0.00048828125 0.0009765625 -0.001953125 0.00390625 -0.0078125 0.015625 -0.03125 0.00048828125 -0.0009765625 0.001953125 -0.00390625 0.0078125 -0.015625 0.03125 -0.00048828125 0.0009765625 -0.001953125 0.00390625 -0.0078125 0.015625 -0.03125 0.00048828125 -0.0009765625 0.001953125 -0.00390625 0.0078125 -0.015625 0.03125 -0.00048828125 0.0009765625 -0.001953125 0.00390625
0.0009765625 -0.001953125 0.00390625 -0.0078125 8.015625 -0.03125 0.0625 -0.0009765625 0.001953125 -0.00390625 0.0078125 -0.015625 0.03125 -0.0625 0.0009765625 -0.001953125 0.00390625 -0.0078125 0.015625 -0.03125 0.0625 -0.0009765625 0.001953125 -0.00390625 0.0078125 -0.015625 0.03125 -0.0625 0.0009765625 -0.001953125 0.00390625 -0.0078125 0.015625 -0.03125 0.0625 -0.0009765625 0.001953125 -0.00390625 0.0078125 -0.015625 0.03125 -0.0625 0.0009765625 -0.001953125 0.00390625 -0.0078125 0.015625 -0.03125 0.0625 -0.0009765625 0.001953125 -0.00390625 0.0078125 -0.015625 0.03125 -0.0625 0.0009765625 -0.001953125 0.00390625 -0.0078125 0.015625 -0.03125 0.0625 -0.0009765625 0.001953125 -0.00390625 0.0078125 -0.015625 0.03125 -0.0625 0.0009765625 -0.001953125 0.00390625 -0.0078125 0.015625 -0.03125 0.0625 -0.0009765625 0.001953125 -0.00390625 0.0078125 -0.015625 0.03125 -0.0625 0.0009765625 -0.001953125 0.00390625 -0.0078125 0.015625 -0.03125 0.0625 -0.0009765625 0.001953125 -0.00390625 0.0078125 -0.015625 0.03125 -0.0625 0.0009765625 -0.001953125 0.00390625 -0.0078125 0.015625 -0.03125 0.0625 -0.0009765625 0.001953125 -0.00390625 0.0078125 -0.015625 0.03125 -0.0625 0.0009765625 -0.001953125 0.00390625 -0.0078125 0.015625 -0.03125 0.0625 -0.0009765625 0.001953125 -0.00390625 0.0078125 -0.015625 0.03125 -0.0625 0.0009765625 -0.001953125 0.00390625 -0.0078125 0.015625 -0.03125 0.0625 -0.0009765625 0.001953125 -0.00390625 0.0078125 -0.015625 0.03125 -0.0625 0.0009765625 -0.001953125 0.00390625 -0.0078125 0.015625 -0.03125 0.0625 -0.0009765625 0.001953125 -0.00390625 0.0078125 -0.015625 0.03125 -0.0625 0.0009765625 -0.001953125 0.00390625 -0.0078125 0.015625 -0.03125 0.0625 -0.0009765625 0.001953125 -0.00390625 0.0078125 -0.015625 0.03125 -0.0625 0.0009765625 -0.001953125 0.00390625 -0.0078125 0.015625 -0.03125 0.0625 -0.0009765625 0.001953125 -0.00390625 0.0078125 -0.015625 0.03125 -0.0625 0.0009765625 -0.001953125 0.00390625 -0.0078125 0.015625 -0.03125 0.0625 -0.0009765625 0.001953125 -0.00390625 0.0078125 -0.015625 0.03125 -0.0625 0.0009765625 -0.001953125 0.00390625 -0.0078125 0.015625 -0.03125 0.0625 -0.0009765625 0.001953125 -0.00390625 0.0078125 -0.015625 0.03125 -0.0625 0.0009765625 -0.001953125 0.00390625 -0.0078125 0.015625 -0.03125 0.0625 -0.0009765625 0.001953125 -0.00390625 0.0078125 -0.015625 0.03125 -0.0625 0.0009765625 -0.001953125 0.00390625 -0.0078125 0.015625 -0.03125 0.0625 -0.0009765625 0.001953125 -0.00390625 0.0078125 -0.015625 0.03125 -0.0625 0.0009765625 -0.001953125 0.00390625 -0.0078125 0.015625 -0.03125 0.0625 -0.0009765625 0.001953125 -0.00390625 0.0078125 -0.015625 0.03125 -0.0625 0.0009765625 -0.001953125 0.00390625 -0.0078125
-0.001953125 0.00390625 -0.0078125 0.015625 -0.03125 32.0625 -0.125 0.001953125 -0.00390625 0.0078125 -0.015625 0.03125 -0.0625 0.125 -0.001953125 0.00390625 -0.0078125 0.015625 -0.03125 0.0625 -0.125 0.001953125 -0.00390625 0.0078125 -0.015625 0.03125 -0.0625 0.125 -0.001953125 0.00390625 -0.0078125 0.015625 -0.03125 0.0625 -0.125 0.001953125 -0.00390625 0.0078125 -0.015625 0.03125 -0.0625 0.125 -0.001953125 0.00390625 -0.0078125 0.015625 -0.03125 0.0625 -0.125 0.001953125 -0.00390625 0.0078125 -0.015625 0.03125 -0.0625 0.125 -0.001953125 0.00390625 -0.0078125 0.015625 -0.03125 0.0625 -0.125 0.001953125 -0.00390625 0.0078125 -0.015625 0.03125 -0.0625 0.125 -0.001953125 0.00390625 -0.0078125 0.015625 -0.03125 0.0625 -0.125 0.001953125 -0.00390625 0.0078125 -0.015625 0.03125 -0.0625 0.125 -0.001953125 0.00390625 -0.0078125 0.015625 -0.03125 0.0625 -0.125 0.001953125 -0.00390625 0.0078125 -0.015625 0.03125 -0.0625 0.125 -0.001953125 0.00390625 -0.0078125 0.015625 -0.03125 0.0625 -0.125 0.001953125 -0.00390625 0.0078125 -0.015625 0.03125 -0.0625 0.125 -0.001953125 0.00390625 -0.0078125 0.015625 -0.03125 0.0625 -0.125 0.001953125 -0.00390625 0.0078125 -0.015625 0.03125 -0.0625 0.125 -0.001953125 0.00390625 -0.0078125 0.015625 -0.03125 0.0625 -0.125 0.001953125 -0.00390625 0.0078125 -0.015625 0.03125 -0.0625 0.125 -0.001953125 0.00390625 -0.0078125 0.015625 -0.03125 0.0625 -0.125 0.001953125 -0.00390625 0.0078125 -0.015625 0.03125 -0.0625 0.125 -0.001953125 0.00390625 -0.0078125 0.015625 -0.03125 0.0625 -0.125 0.001953125 -0.00390625 0.0078125 -0.015625 0.03125 -0.0625 0.125 -0.001953125 0.00390625 -0.0078125 0.015625 -0.03125 0.0625 -0.125 0.001953125 -0.00390625 0.0078125 -0.015625 0.03125 -0.0625 0.125 -0.001953125 0.00390625 -0.0078125 0.015625 -0.03125 0.0625 -0.125 0.001953125 -0.00390625 0.0078125 -0.015625 0.03125 -0.0625 0.125 -0.001953125 0.00390625 -0.0078125 0.015625 -0.03125 0.0625 -0.125 0.001953125 -0.00390625 0.0078125 -0.015625 0.03125 -0.0625 0.125 -0.001953125 0.00390625 -0.0078125 0.015625 -0.03125 0.0625 -0.125 0.001953125 -0.00390625 0.0078125 -0.015625 0.03125 -0.0625 0.125 -0.001953125 0.00390625 -0.0078125 0.015625 -0.03125 0.0625 -0.125 0.001953125 -0.00390625 0.0078125 -0.015625 0.03125 -0.0625 0.125 -0.001953125 0.00390625 -0.0078125 0.015625 -0.03125 0.0625 -0.125 0.001953125 -0.00390625 0.0078125 -0.015625 0.03125 -0.0625 0.125 -0.001953125 0.00390625 -0.0078125 0.015625
0.00048828125 -0.0009765625 0.001953125 -0.00390625 0.0078125 -0.015625 16.03125 -0.00048828125 0.0009765625 -0.001953125 0.00390625 -0.0078125 0.015625 -0.03125 0.00048828125 -0.0009765625 0.001953125 -0.00390625 0.0078125 -0.015625 0.03125 -0.00048828125 0.0009765625 -0.001953125 0.00390625 -0.0078125 0.015625 -0.03125 0.00048828125 -0.0009765625 0.001953125 -0.00390625 0.0078125 -0.015625 0.03125 -0.00048828125 0.0009765625 -0.001953125 0.00390625 -0.0078125 0.015625 -0.03125 0.00048828125 -0.0009765625 0.001953125 -0.00390625 0.0078125 -0.015625 0.03125 -0.00048828125 0.0009765625 -0.001953125 0.00390625 -0.0078125 0.015625 -0.03125 0.00048828125 -0.0009765625 0.001953125 -0.00390625 0.0078125 -0.015625 0.03125 -0.00048828125 0.0009765625 -0.001953125 0.00390625 -0.0078125 0.015625 -0.03125 0.00048828125 -0.0009765625 0.001953125 -0.00390625 0.0078125 -0.015625 0.03125 -0.00048828125 0.0009765625 -0.001953125 0.00390625 -0.0078125 0.015625 -0.03125 0.00048828125 -0.0009765625 0.001953125 -0.00390625 0.0078125 -0.015625 0.03125 -0.00048828125 0.0009765625 -0.001953125 0.00390625 -0.0078125 0.015625 -0.03125 0.00048828125 -0.0009765625 0.001953125 -0.00390625 0.0078125 -0.015625 0.03125 -0.00048828125 0.0009765625 -0.001953125 0.00390625 -0.0078125 0.015625 -0.03125 0.00048828125 -0.0009765625 0.001953125 -0.00390625 0.0078125 -0.015625 0.03125 -0.00048828125 0.0009765625 -0.001953125 0.00390625 -0.0078125 0.015625 -0.03125 0.00048828125 -0.0009765625 0.001953125 -0.00390625 0.0078125 -0.015625 0.03125 -0.00048828125 0.0009765625 -0.001953125 0.00390625 -0.0078125 0.015625 -0.03125 0.00048828125 -0.0009765625 0.001953125 -0.00390625 0.0078125 -0.015625 0.03125 -0.00048828125 0.0009765625 -0.001953125 0.00390625 -0.0078125 0.015625 -0.03125 0.00048828125 -0.0009765625 0.001953125 -0.00390625 0.0078125 -0.015625 0.03125 -0.00048828125 0.0009765625 -0.001953125 0.00390625 -0.0078125 0.015625 -0.03125 0.00048828125 -0.0009765625 0.001953125 -0.00390625 0.0078125 -0.015625 0.03125 -0.00048828125 0.0009765625 -0.001953125 0.00390625 -0.0078125 0.015625 -0.03125 0.00048828125 -0.0009765625 0.001953125 -0.00390625 0.0078125 -0.015625 0.03125 -0.00048828125 0.0009765625 -0.001953125 0.00390625 -0.0078125 0.015625 -0.03125 0.00048828125 -0.0009765625 0.001953125 -0.00390625 0.0078125 -0.015625 0.03125 -0.00048828125 0.0009765625 -0.001953125 0.00390625 -0.0078125 0.015625 -0.03125 0.00048828125 -0.0009765625 0.001953125 -0.00390625 0.0078125 -0.015625 0.03125 -0.00048828125 0.0009765625 -0.001953125 0.00390625 -0.0078125 0.015625 -0.03125 0.00048828125 -0.0009765625 0.001953125 -0.00390625 0.0078125 -0.015625 0.03125 -0.00048828125 0.0009765625 -0.001953125 0.00390625 -0.0078125 0.015625 -0.03125 0.00048828125 -0.0009765625 0.001953125 -0.00390625 0.0078125 -0.015625 0.03125 -0.00048828125 0.0009765625 -0.001953125 0.00390625 -0.0078125 0.015625 -0.03125 0.00048828125 -0.0009765625 0.001953125 -0.00390625
-0.0009765625 0.001953125 -0.00390625 0.0078125 -0.015625 0.03125 -0.0625 0.5009765625 -0.001953125 0.00390625 -0.0078125 0.015625 -0.03125 0.0625 -0.0009765625 0.001953125 -0.00390625 0.0078125 -0.015625 0.03125 -0.0625 0.0009765625 -0.001953125 0.00390625 -0.0078125 0.015625 -0.03125 0.0625 -0.0009765625 0.001953125 -0.00390625 0.0078125 -0.015625 0.03125 -0.0625 0.0009765625 -0.001953125 0.00390625 -0.0078125 0.015625 -0.03125 0.0625 -0.0009765625 0.001953125 -0.00390625 0.0078125 -0.015625 0.03125 -0.0625 0.0009765625 -0.001953125 0.00390625 -0.0078125 0.015625 -0.03125 0.0625 -0.0009765625 0.001953125 -0.00390625 0.0078125 -0.015625 0.03125 -0.0625 0.0009765625 -0.001953125 0.00390625 -0.0078125 0.015625 -0.03125 0.0625 -0.0009765625 0.001953125 -0.00390625 0.0078125 -0.015625 0.03125 -0.0625 0.0009765625 -0.001953125 0.00390625 -0.0078125 0.015625 -0.03125 0.0625 -0.0009765625 0.001953125 -0.00390625 0.0078125 -0.015625 0.03125 -0.0625 0.0009765625 -0.001953125 0.00390625 -0.0078125 0.015625 -0.03125 0.0625 -0.0009765625 0.001953125 -0.00390625 0.0078125 -0.015625 0.03125 -0.0625 0.0009765625 -0.001953125 0.00390625 -0.0078125 0.015625 -0.03125 0.0625 -0.0009765625 0.001953125 -0.00390625 0.0078125 -0.015625 0.03125 -0.0625 0.0009765625 -0.001953125 0.00390625 -0.0078125 0.015625 -0.03125 0.0625 -0.0009765625 0.001953125 -0.00390625 0.0078125 -0.015625 0.03125 -0.0625 0.0009765625 -0.001953125 0.00390625 -0.0078125 0.015625 -0.03125 0.0625 -0.0009765625 0.001953125 -0.00390625 0.0078125 -0.015625 0.03125 -0.0625 0.0009765625 -0.001953125 0.00390625 -0.0078125 0.015625 -0.03125 0.0625 -0.0009765625 0.001953125 -0.00390625 0.0078125 -0.015625 0.03125 -0.0625 0.0009765625 -0.001953125 0.00390625 -0.0078125 0.015625 -0.03125 0.0625 -0.0009765625 0.001953125 -0.00390625 0.0078125 -0.015625 0.03125 -0.0625 0.0009765625 -0.001953125 0.00390625 -0.0078125 0.015625 -0.03125 0.0625 -0.0009765625 0.001953125 -0.00390625 0.0078125 -0.015625 0.03125 -0.0625 0.0009765625 -0.001953125 0.00390625 -0.0078125 0.015625 -0.03125 0.0625 -0.0009765625 0.001953125 -0.00390625 0.0078125 -0.015625 0.03125 -0.0625 0.0009765625 -0.001953125 0.00390625 -0.0078125 0.015625 -0.03125 0.0625 -0.0009765625 0.001953125 -0.00390625 0.0078125 -0.015625 0.03125 -0.0625 0.0009765625 -0.001953125 0.00390625 -0.0078125 0.015625 -0.03125 0.0625 -0.0009765625 0.001953125 -0.00390625 0.0078125 -0.015625 0.03125 -0.0625 0.0009765625 -0.001953125 0.00390625 -0.0078125 0.015625 -0.03125 0.0625 -0.0009765625 0.001953125 -0.00390625 0.0078125 -0.015625 0.03125 -0.0625 0.0009765625 -0.001953125 0.00390625 -0.0078125 0.015625 -0.03125 0.0625 -0.0009765625 0.001953125 -0.00390625 0.0078125
0.001953125 -0.00390625 0.0078125 -0.015625 0.03125 -0.0625 0.125 -0.001953125 2.00390625 -0.0078125 0.015625 -0.03125 0.0625 -0.125 0.001953125 -0.00390625 0.0078125 -0.015625 0.03125 -0.0625 0.125 -0.001953125 0.00390625 -0.0078125 0.015625 -0.03125 0.0625 -0.125 0.001953125 -0.00390625 0.0078125 -0.015625 0.03125 -0.0625 0.125 -0.001953125 0.00390625 -0.0078125 0.015625 -0.03125 0.0625 -0.125 0.001953125 -0.00390625 0.0078125 -0.015625 0.03125 -0.0625 0.125 -0.001953125 0.00390625 -0.0078125 0.015625 -0.03125 0.0625 -0.125 0.001953125 -0.00390625 0.0078125 -0.015625 0.03125 -0.0625 0.125 -0.001953125 0.00390625 -0.0078125 0.015625 -0.03125 0.0625 -0.125 0.001953125 -0.00390625 0.0078125 -0.015625 0.03125 -0.0625 0.125 -0.001953125 0.00390625 -0.0078125 0.015625 -0.03125 0.0625 -0.125 0.001953125 -0.00390625 0.0078125 -0.015625 0.03125 -0.0625 0.125 -0.001953125 0.00390625 -0.0078125 0.015625 -0.03125 0.0625 -0.125 0.001953125 -0.00390625 0.0078125 -0.015625 0.03125 -0.0625 0.125 -0.001953125 0.00390625 -0.0078125 0.015625 -0.03125 0.0625 -0.125 0.001953125 -0.00390625 0.0078125 -0.015625 0.03125 -0.0625 0.125 -0.001953125 0.00390625 -0.0078125 0.015625 -0.03125 0.0625 -0.125 0.001953125 -0.00390625 0.0078125 -0.015625 0.03125 -0.0625 0.125 -0.001953125 0.00390625 -0.0078125 0.015625 -0.03125 0.0625 -0.125 0.001953125 -0.00390625 0.0078125 -0.015625 0.03125 -0.0625 0.125 -0.001953125 0.00390625 -0.0078125 0.015625 -0.03125 0.0625 -0.125 0.001953125 -0.00390625 0.0078125 -0.015625 0.03125 -0.0625 0.125 -0.001953125 0.00390625 -0.0078125 0.015625 -0.03125 0.0625 -0.125 0.001953125 -0.00390625 0.0078125 -0.015625 0.03125 -0.0625 0.125 -0.001953125 0.00390625 -0.0078125 0.015625 -0.03125 0.0625 -0.125 0.001953125 -0.00390625 0.0078125 -0.015625 0.03125 -0.0625 0.125 -0.001953125 0.00390625 -0.0078125 0.015625 -0.03125 0.0625 -0.125 0.001953125 -0.00390625 0.0078125 -0.015625 0.03125 -0.0625 0.125 -0.001953125 0.00390625 -0.0078125 0.015625 -0.03125 0.0625 -0.125 0.001953125 -0.00390625 0.0078125 -0.015625 0.03125 -0.0625 0.125 -0.001953125 0.00390625 -0.0078125 0.015625 -0.03125 0.0625 -0.125 0.001953125 -0.00390625 0.0078125 -0.015625 0.03125 -0.0625 0.125 -0.001953125 0.00390625 -0.0078125 0.015625 -0.03125 0.0625 -0.125 0.001953125 -0.00390625 0.0078125 -0.015625 0.03125 -0.0625 0.125 -0.001953125 0.00390625 -0.0078125 0.015625 -0.03125 0.0625 -0.125 0.001953125 -0.00390625 0.0078125 -0.015625
-0.00048828125 0.0009765625 -0.001953125 0.00390625 -0.0078125 0.015625 -0.03125 0.00048828125 -0.0009765625 1.001953125 -0.00390625 0.0078125 -0.015625 0.03125 -0.00048828125 0.0009765625 -0.001953125 0.00390625 -0.0078125 0.015625 -0.03125 0.00048828125 -0.0009765625 0.001953125 -0.00390625 0.0078125 -0.015625 0.03125 -0.00048828125 0.0009765625 -0.001953125 0.00390625 -0.0078125 0.015625 -0.03125 0.00048828125 -0.0009765625 0.001953125 -0.00390625 0.0078125 -0.015625 0.03125 -0.00048828125 0.0009765625 -0.001953125 0.00390625 -0.0078125 0.015625 -0.03125 0.00048828125 -0.0009765625 0.001953125 -0.00390625 0.0078125 -0.015625 0.03125 -0.00048828125 0.0009765625 -0.001953125 0.00390625 -0.0078125 0.015625 -0.03125 0.00048828125 -0.0009765625 0.001953125 -0.00390625 0.0078125 -0.015625 0.03125 -0.00048828125 0.0009765625 -0.001953125 0.00390625 -0.0078125 0.015625 -0.03125 0.00048828125 -0.0009765625 0.001953125 -0.00390625 0.0078125 -0.015625 0.03125 -0.00048828125 0.0009765625 -0.001953125 0.00390625 -0.0078125 0.015625 -0.03125 0.00048828125 -0.0009765625 0.001953125 -0.00390625 0.0078125 -0.015625 0.03125 -0.00048828125 0.0009765625 -0.001953125 0.00390625 -0.0078125 0.015625 -0.03125 0.00048828125 -0.0009765625 0.001953125 -0.00390625 0.0078125 -0.015625 0.03125 -0.00048828125 0.0009765625 -0.001953125 0.00390625 -0.0078125 0.015625 -0.03125 0.00048828125 -0.0009765625 0.001953125 -0.00390625 0.0078125 -0.015625 0.03125 -0.00048828125 0.0009765625 -0.001953125 0.00390625 -0.0078125 0.015625 -0.03125 0.00048828125 -0.0009765625 0.001953125 -0.00390625 0.0078125 -0.015625 0.03125 -0.00048828125 0.0009765625 -0.001953125 0.00390625 -0.0078125 0.015625 -0.03125 0.00048828125 -0.0009765625 0.001953125 -0.00390625 0.0078125 -0.015625 0.03125 -0.00048828125 0.0009765625 -0.001953125 0.00390625 -0.0078125 0.015625 -0.03125 0.00048828125 -0.0009765625 0.001953125 -0.00390625 0.0078125 -0.015625 0.03125 -0.00048828125 0.0009765625 -0.001953125 0.00390625 -0.0078125 0.015625 -0.03125 0.00048828125 -0.0009765625 0.001953125 -0.00390625 0.0078125 -0.015625 0.03125 -0.00048828125 0.0009765625 -0.001953125 0.00390625 -0.0078125 0.015625 -0.03125 0.00048828125 -0.0009765625 0.001953125 -0.00390625 0.0078125 -0.015625 0.03125 -0.00048828125 0.0009765625 -0.001953125 0.00390625 -0.0078125 0.015625 -0.03125 0.00048828125 -0.0009765625 0.001953125 -0.00390625 0.0078125 -0.015625 0.03125 -0.00048828125 0.0009765625 -0.001953125 0.00390625 -0.0078125 0.015625 -0.03125 0.00048828125 -0.0009765625 0.001953125 -0.00390625 0.0078125 -0.015625 0.03125 -0.00048828125 0.0009765625 -0.001953125 0.00390625 -0.0078125 0.015625 -0.03125 0.00048828125 -0.0009765625 0.001953125 -0.00390625 0.0078125 -0.015625 0.03125 -0.00048828125 0.0009765625 -0.001953125 0.00390625 -0.0078125 0.015625 -0.03125 0.00048828125 -0.0009765625 0.001953125 -0.00390625 0.0078125 -0.015625 0.03125 -0.00048828125 0.0009765625 -0.001953125 0.00390625
0.0009765625 -0.001953125 0.00390625 -0.0078125 0.015625 -0.03125 0.0625 -0.0009765625 0.001953125 -0.00390625 4.0078125 -0.015625 0.03125 -0.0625 0.0009765625 -0.001953125 0.00390625 -0.0078125 0.015625 -0.03125 0.0625 -0.0009765625 0.001953125 -0.00390625 0.0078125 -0.015625 0.03125 -0.0625 0.0009765625 -0.001953125 0.00390625 -0.0078125 0.015625 -0.03125 0.0625 -0.0009765625 0.001953125 -0.00390625 0.0078125 -0.015625 0.03125 -0.0625 0.0009765625 -0.001953125 0.00390625 -0.0078125 0.015625 -0.03125 0.0625 -0.0009765625 0.001953125 -0.00390625 0.0078125 -0.015625 0.03125 -0.0625 0.0009765625 -0.001953125 0.00390625 -0.0078125 0.015625 -0.03125 0.0625 -0.0009765625 0.001953125 -0.00390625 0.0078125 -0.015625 0.03125 -0.0625 0.0009765625 -0.001953125 0.00390625 -0.0078125 0.015625 -0.03125 0.0625 -0.0009765625 0.001953125 -0.00390625 0.0078125 -0.015625 0.03125 -0.0625 0.0009765625 -0.001953125 0.00390625 -0.0078125 0.015625 -0.03125 0.0625 -0.0009765625 0.001953125 -0.00390625 0.0078125 -0.015625 0.03125 -0.0625 0.0009765625 -0.001953125 0.00390625 -0.0078125 0.015625 -0.03125 0.0625 -0.0009765625 0.001953125 -0.00390625 0.0078125 -0.015625 0.03125 -0.0625 0.0009765625 -0.001953125 0.00390625 -0.0078125 0.015625 -0.03125 0.0625 -0.0009765625 0.001953125 -0.00390625 0.0078125 -0.015625 0.03125 -0.0625 0.0009765625 -0.001953125 0.00390625 -0.0078125 0.015625 -0.03125 0.0625 -0.0009765625 0.001953125 -0.00390625 0.0078125 -0.015625 0.03125 -0.0625 0.0009765625 -0.001953125 0.00390625 -0.0078125 0.015625 -0.03125 0.0625 -0.0009765625 0.001953125 -0.00390625 0.0078125 -0.015625 0.03125 -0.0625 0.0009765625 -0.001953125 0.00390625 -0.0078125 0.015625 -0.03125 0.0625 -0.0009765625 0.001953125 -0.00390625 0.0078125 -0.015625 0.03125 -0.0625 0.0009765625 -0.001953125 0.00390625 -0.0078125 0.015625 -0.03125 0.0625 -0.0009765625 0.001953125 -0.00390625 0.0078125 -0.015625 0.03125 -0.0625 0.0009765625 -0.001953125 0.00390625 -0.0078125 0.015625 -0.03125 0.0625 -0.0009765625 0.001953125 -0.00390625 0.0078125 -0.015625 0.03125 -0.0625 0.0009765625 -0.001953125 0.00390625 -0.0078125 0.015625 -0.03125 0.0625 -0.0009765625 0.001953125 -0.00390625 0.0078125 -0.015625 0.03125 -0.0625 0.0009765625 -0.001953125 0.00390625 -0.0078125 0.015625 -0.03125 0.0625 -0.0009765625 0.001953125 -0.00390625 0.0078125 -0.015625 0.03125 -0.0625 0.0009765625 -0.001953125 0.00390625 -0.0078125 0.015625 -0.03125 0.0625 -0.0009765625 0.001953125 -0.00390625 0.0078125 -0.015625 0.03125 -0.0625 0.0009765625 -0.001953125 0.00390625 -0.0078125 0.015625 -0.03125 0.0625 -0.0009765625 0.001953125 -0.00390625 0.0078125 -0.015625 0.03125 -0.0625 0.0009765625 -0.001953125 0.00390625 -0.0078125
-0.001953125 0.00390625 -0.0078125 0.015625 -0.03125 0.0625 -0.125 0.001953125 -0.00390625 0.0078125 -0.015625 16.03125 -0.0625 0.125 -0.001953125 0.00390625 -0.0078125 0.015625 -0.03125 0.0625 -0.125 0.001953125 -0.00390625 0.0078125 -0.015625 0.03125 -0.0625 0.125 -0.001953125 0.00390625 -0.0078125 0.015625 -0.03125 0.0625 -0.125 0.001953125 -0.00390625 0.0078125 -0.015625 0.03125 -0.0625 0.125 -0.001953125 0.00390625 -0.0078125 0.015625 -0.03125 0.0625 -0.125 0.001953125 -0.00390625 0.0078125 -0.015625 0.03125 -0.0625 0.125 -0.001953125 0.00390625 -0.0078125 0.015625 -0.03125 0.0625 -0.125 0.001953125 -0.00390625 0.0078125 -0.015625 0.03125 -0.0625 0.125 -0.001953125 0.00390625 -0.0078125 0.015625 -0.03125 0.0625 -0.125 0.001953125 -0.00390625 0.0078125 -0.015625 0.03125 -0.0625 0.125 -0.001953125 0.00390625 -0.0078125 0.015625 -0.03125 0.0625 -0.125 0.001953125 -0.00390625 0.0078125 -0.015625 0.03125 -0.0625 0.125 -0.001953125 0.00390625 -0.0078125 0.015625 -0.03125 0.0625 -0.125 0.001953125 -0.00390625 0.0078125 -0.015625 0.03125 -0.0625 0.125 -0.001953125 0.00390625 -0.0078125 0.015625 -0.03125 0.0625 -0.125 0.001953125 -0.00390625 0.0078125 -0.015625 0.03125 -0.0625 0.125 -0.001953125 0.00390625 -0.0078125 0.015625 -0.03125 0.0625 -0.125 0.001953125 -0.00390625 0.0078125 -0.015625 0.03125 -0.0625 0.125 -0.001953125 0.00390625 -0.0078125 0.015625 -0.03125 0.0625 -0.125 0.001953125 -0.00390625 0.0078125 -0.015625 0.03125 -0.0625 0.125 -0.001953125 0.00390625 -0.0078125 0.015625 -0.03125 0.0625 -0.125 0.001953125 -0.00390625 0.0078125 -0.015625 0.03125 -0.0625 0.125 -0.001953125 0.00390625 -0.0078125 0.015625 -0.03125 0.0625 -0.125 0.001953125 -0.00390625 0.0078125 -0.015625 0.03125 -0.0625 0.125 -0.001953125 0.00390625 -0.0078125 0.015625 -0.03125 0.0625 -0.125 0.001953125 -0.00390625 0.0078125 -0.015625 0.03125 -0.0625 0.125 -0.001953125 0.00390625 -0.0078125 0.015625 -0.03125 0.0625 -0.125 0.001953125 -0.00390625 0.0078125 -0.015625 0.03125 -0.0625 0.125 -0.001953125 0.00390625 -0.0078125 0.015625 -0.03125 0.0625 -0.125 0.001953125 -0.00390625 0.0078125 -0.015625 0.03125 -0.0625 0.125 -0.001953125 0.00390625 -0.0078125 0.015625 -0.03125 0.0625 -0.125 0.001953125 -0.00390625 0.0078125 -0.015625 0.03125 -0.0625 0.125 -0.001953125 0.00390625 -0.0078125 0.015625 -0.03125 0.0625 -0.125 0.001953125 -0.00390625 0.0078125 -0.015625 0.03125 -0.0625 0.125 -0.001953125 0.00390625 -0.0078125 0.015625
0.00048828125 -0.0009765625 0.001953125 -0.00390625 0.0078125 -0.015625 0.03125 -0.00048828125 0.0009765625 -0.001953125 0.00390625 -0.0078125 8.015625 -0.03125 0.00048828125 -0.0009765625 0.001953125 -0.00390625 0.0078125 -0.015625 0.03125 -0.00048828125 0.0009765625 -0.001953125 0.00390625 -0.0078125 0.015625 -0.03125 0.00048828125 -0.0009765625 0.001953125 -0.00390625 0.0078125 -0.015625 0.03125 -0.00048828125 0.0009765625 -0.001953125 0.00390625 -0.0078125 0.015625 -0.03125 0.00048828125 -0.0009765625 0.001953125 -0.00390625 0.0078125 -0.015625 0.03125 -0.00048828125 0.0009765625 -0.001953125 0.00390625 -0.0078125 0.015625 -0.03125 0.00048828125 -0.0009765625 0.001953125 -0.00390625 0.0078125 -0.015625 0.03125 -0.00048828125 0.0009765625 -0.001953125 0.00390625 -0.0078125 0.015625 -0.03125 0.00048828125 -0.0009765625 0.001953125 -0.00390625 0.0078125 -0.015625 0.03125 -0.00048828125 0.0009765625 -0.001953125 0.00390625 -0.0078125 0.015625 -0.03125 0.00048828125 -0.0009765625 0.001953125 -0.00390625 0.0078125 -0.015625 0.03125 -0.00048828125 0.0009765625 -0.001953125 0.00390625 -0.0078125 0.015625 -0.03125 0.00048828125 -0.0009765625 0.001953125 -0.00390625 0.0078125 -0.015625 0.03125 -0.00048828125 0.0009765625 -0.001953125 0.00390625 -0.0078125 0.015625 -0.03125 0.00048828125 -0.0009765625 0.001953125 -0.00390625 0.0078125 -0.015625 0.03125 -0.00048828125 0.0009765625 -0.001953125 0.00390625 -0.0078125 0.015625 -0.03125 0.00048828125 -0.0009765625 0.001953125 -0.00390625 0.0078125 -0.015625 0.03125 -0.00048828125 0.0009765625 -0.001953125 0.00390625 -0.0078125 0.015625 -0.03125 0.00048828125 -0.0009765625 0.001953125 -0.00390625 0.0078125 -0.015625 0.03125 -0.00048828125 0.0009765625 -0.001953125 0.00390625 -0.0078125 0.015625 -0.03125 0.00048828125 -0.0009765625 0.001953125 -0.00390625 0.0078125 -0.015625 0.03125 -0.00048828125 0.0009765625 -0.001953125 0.00390625 -0.0078125 0.015625 -0.03125 0.00048828125 -0.0009765625 0.001953125 -0.00390625 0.0078125 -0.015625 0.03125 -0.00048828125 0.0009765625 -0.001953125 0.00390625 -0.0078125 0.015625 -0.03125 0.00048828125 -0.0009765625 0.001953125 -0.00390625 0.0078125 -0.015625 0.03125 -0.00048828125 0.0009765625 -0.001953125 0.00390625 -0.0078125 0.015625 -0.03125 0.00048828125 -0.0009765625 0.001953125 -0.00390625 0.0078125 -0.015625 0.03125 -0.00048828125 0.0009765625 -0.001953125 0.00390625 -0.0078125 0.015625 -0.03125 0.00048828125 -0.0009765625 0.001953125 -0.00390625 0.0078125 -0.015625 0.03125 -0.00048828125 0.0009765625 -0.001953125 0.00390625 -0.0078125 0.015625 -0.03125 0.00048828125 -0.0009765625 0.001953125 -0.00390625 0.0078125 -0.015625 0.03125 -0.00048828125 0.0009765625 -0.001953125 0.00390625 -0.0078125 0.015625 -0.03125 0.00048828125 -0.0009765625 0.001953125 -0.00390625 0.0078125 -0.015625 0.03125 -0.00048828125 0.0009765625 -0.001953125 0.00390625 -0.0078125 0.015625 -0.03125 0.00048828125 -0.0009765625 0.001953125 -0.00390625
-0.0009765625 0.001953125 -0.00390625 0.0078125 -0.015625 0.03125 -0.0625 0.0009765625 -0.001953125 0.00390625 -0.0078125 0.015625 -0.03125 32.0625 -0.0009765625 0.001953125 -0.00390625 0.0078125 -0.015625 0.03125 -0.0625 0.0009765625 -0.001953125 0.00390625 -0.0078125 0.015625 -0.03125 0.0625 -0.0009765625 0.001953125 -0.00390625 0.0078125 -0.015625 0.03125 -0.0625 0.0009765625 -0.001953125 0.00390625 -0.0078125 0.015625 -0.03125 0.0625 -0.0009765625 0.001953125 -0.00390625 0.0078125 -0.015625 0.03125 -0.0625 0.0009765625 -0.001953125 0.00390625 -0.0078125 0.015625 -0.03125 0.0625 -0.0009765625 0.001953125 -0.00390625 0.0078125 -0.015625 0.03125 -0.0625 0.0009765625 -0.001953125 0.00390625 -0.0078125 0.015625 -0.03125 0.0625 -0.0009765625 0.001953125 -0.00390625 0.0078125 -0.015625 0.03125 -0.0625 0.0009765625 -0.001953125 0.00390625 -0.0078125 0.015625 -0.03125 0.0625 -0.0009765625 0.001953125 -0.00390625 0.0078125 -0.015625 0.03125 -0.0625 0.0009765625 -0.001953125 0.00390625 -0.0078125 0.015625 -0.03125 0.0625 -0.0009765625 0.001953125 -0.00390625 0.0078125 -0.015625 0.03125 -0.0625 0.0009765625 -0.001953125 0.00390625 -0.0078125 0.015625 -0.03125 0.0625 -0.0009765625 0.001953125 -0.00390625 0.0078125 -0.015625 0.03125 -0.0625 0.0009765625 -0.001953125 0.00390625 -0.0078125 0.015625 -0.03125 0.0625 -0.0009765625 0.001953125 -0.00390625 0.0078125 -0.015625 0.03125 -0.0625 0.0009765625 -0.001953125 0.00390625 -0.0078125 0.015625 -0.03125 0.0625 -0.0009765625 0.001953125 -0.00390625 0.0078125 -0.015625 0.03125 -0.0625 0.0009765625 -0.001953125 0.00390625 -0.0078125 0.015625 -0.03125 0.0625 -0.0009765625 0.001953125 -0.00390625 0.0078125 -0.015625 0.03125 -0.0625 0.0009765625 -0.001953125 0.00390625 -0.0078125 0.015625 -0.03125 0.0625 -0.0009765625 0.001953125 -0.00390625 0.0078125 -0.015625 0.03125 -0.0625 0.0009765625 -0.001953125 0.00390625 -0.0078125 0.015625 -0.03125 0.0625 -0.0009765625 0.001953125 -0.00390625 0.0078125 -0.015625 0.03125 -0.0625 0.0009765625 -0.001953125 0.00390625 -0.0078125 0.015625 -0.03125 0.0625 -0.0009765625 0.001953125 -0.00390625 0.0078125 -0.015625 0.03125 -0.0625 0.0009765625 -0.001953125 0.00390625 -0.0078125 0.015625 -0.03125 0.0625 -0.0009765625 0.001953125 -0.00390625 0.0078125 -0.015625 0.03125 -0.0625 0.0009765625 -0.001953125 0.00390625 -0.0078125 0.015625 -0.03125 0.0625 -0.0009765625 0.001953125 -0.00390625 0.0078125 -0.015625 0.03125 -0.0625 0.0009765625 -0.001953125 0.00390625 -0.0078125 0.015625 -0.03125 0.0625 -0.0009765625 0.001953125 -0.00390625 0.0078125 -0.015625 0.03125 -0.0625 0.0009765625 -0.001953125 0.00390625 -0.0078125 0.015625 -0.03125 0.0625 -0.0009765625 0.001953125 -0.00390625 0.0078125
0.001953125 -0.00390625 0.0078125 -0.015625 0.03125 -0.0625 0.125 -0.001953125 0.00390625 -0.0078125 0.015625 -0.03125 0.0625 -0.125 1.001953125 -0.00390625 0.0078125 -0.015625 0.03125 -0.0625 0.125 -0.001953125 0.00390625 -0.0078125 0.015625 -0.03125 0.0625 -0.125 0.001953125 -0.00390625 0.0078125 -0.015625 0.03125 -0.0625 0.125 -0.001953125 0.00390625 -0.0078125 0.015625 -0.03125 0.0625 -0.125 0.001953125 -0.00390625 0.0078125 -0.015625 0.03125 -0.0625 0.125 -0.001953125 0.00390625 -0.0078125 0.015625 -0.03125 0.0625 -0.125 0.001953125 -0.00390625 0.0078125 -0.015625 0.03125 -0.0625 0.125 -0.001953125 0.00390625 -0.0078125 0.015625 -0.03125 0.0625 -0.125 0.001953125 -0.00390625 0.0078125 -0.015625 0.03125 -0.0625 0.125 -0.001953125 0.00390625 -0.0078125 0.015625 -0.03125 0.0625 -0.125 0.001953125 -0.00390625 0.0078125 -0.015625 0.03125 -0.0625 0.125 -0.001953125 0.00390625 -0.0078125 0.015625 -0.03125 0.0625 -0.125 0.001953125 -0.00390625 0.0078125 -0.015625 0.03125 -0.0625 0.125 -0.001953125 0.00390625 -0.0078125 0.015625 -0.03125 0.0625 -0.125 0.001953125 -0.00390625 0.0078125 -0.015625 0.03125 -0.0625 0.125 -0.001953125 0.00390625 -0.0078125 0.015625 -0.03125 0.0625 -0.125 0.001953125 -0.00390625 0.0078125 -0.015625 0.03125 -0.0625 0.125 -0.001953125 0.00390625 -0.0078125 0.015625 -0.03125 0.0625 -0.125 0.001953125 -0.00390625 0.0078125 -0.015625 0.03125 -0.0625 0.125 -0.001953125 0.00390625 -0.0078125 0.015625 -0.03125 0.0625 -0.125 0.001953125 -0.00390625 0.0078125 -0.015625 0.03125 -0.0625 0.125 -0.001953125 0.00390625 -0.0078125 0.015625 -0.03125 0.0625 -0.125 0.001953125 -0.00390625 0.0078125 -0.015625 0.03125 -0.0625 0.125 -0.001953125 0.00390625 -0.0078125 0.015625 -0.03125 0.0625 -0.125 0.001953125 -0.00390625 0.0078125 -0.015625 0.03125 -0.0625 0.125 -0.001953125 0.00390625 -0.0078125 0.015625 -0.03125 0.0625 -0.125 0.001953125 -0.00390625 0.0078125 -0.015625 0.03125 -0.0625 0.125 -0.001953125 0.00390625 -0.0078125 0.015625 -0.03125 0.0625 -0.125 0.001953125 -0.00390625 0.0078125 -0.015625 0.03125 -0.0625 0.125 -0.001953125 0.00390625 -0.0078125 0.015625 -0.03125 0.0625 -0.125 0.001953125 -0.00390625 0.0078125 -0.015625 0.03125 -0.0625 0.125 -0.001953125 0.00390625 -0.0078125 0.015625 -0.03125 0.0625 -0.125 0.001953125 -0.00390625 0.0078125 -0.015625 0.03125 -0.0625 0.125 -0.001953125 0.00390625 -0.0078125 0.015625 -0.03125 0.0625 -0.125 0.001953125 -0.00390625 0.0078125 -0.015625
-0.00048828125 0.0009765625 -0.001953125 0.00390625 -0.0078125 0.015625 -0.03125 0.00048828125 -0.0009765625 0.001953125 -0.00390625 0.0078125 -0.015625 0.03125 -0.00048828125 0.5009765625 -0.001953125 0.00390625 -0.0078125 0.015625 -0.03125 0.00048828125 -0.0009765625 0.001953125 -0.00390625 0.0078125 -0.015625 0.03125 -0.00048828125 0.0009765625 -0.001953125 0.00390625 -0.0078125 0.015625 -0.03125 0.00048828125 -0.0009765625 0.001953125 -0.00390625 0.0078125 -0.015625 0.03125 -0.00048828125 0.0009765625 -0.001953125 0.00390625 -0.0078125 0.015625 -0.03125 0.00048828125 -0.0009765625 0.001953125 -0.00390625 0.0078125 -0.015625 0.03125 -0.00048828125 0.0009765625 -0.001953125 0.00390625 -0.0078125 0.015625 -0.03125 0.00048828125 -0.0009765625 0.001953125 -0.00390625 0.0078125 -0.015625 0.03125 -0.00048828125 0.0009765625 -0.001953125 0.00390625 -0.0078125 0.015625 -0.03125 0.00048828125 -0.0009765625 0.001953125 -0.00390625 0.0078125 -0.015625 0.03125 -0.00048828125 0.0009765625 -0.001953125 0.00390625 -0.0078125 0.015625 -0.03125 0.00048828125 -0.0009765625 0.001953125 -0.00390625 0.0078125 -0.015625 0.03125 -0.00048828125 0.0009765625 -0.001953125 0.00390625 -0.0078125 0.015625 -0.03125 0.00048828125 -0.0009765625 0.001953125 -0.00390625 0.0078125 -0.015625 0.03125 -0.00048828125 0.0009765625 -0.001953125 0.00390625 -0.0078125 0.015625 -0.03125 0.00048828125 -0.0009765625 0.001953125 -0.00390625 0.0078125 -0.015625 0.03125 -0.00048828125 0.0009765625 -0.001953125 0.00390625 -0.0078125 0.015625 -0.03125 0.00048828125 -0.0009765625 0.001953125 -0.00390625 0.0078125 -0.015625 0.03125 -0.00048828125 0.0009765625 -0.001953125 0.00390625 -0.0078125 0.015625 -0.03125 0.00048828125 -0.0009765625 0.001953125 -0.00390625 0.0078125 -0.015625 0.03125 -0.00048828125 0.0009765625 -0.001953125 0.00390625 -0.0078125 0.015625 -0.03125 0.00048828125 -0.0009765625 0.001953125 -0.00390625 0.0078125 -0.015625 0.03125 -0.00048828125 0.0009765625 -0.001953125 0.00390625 -0.0078125 0.015625 -0.03125 0.00048828125 -0.0009765625 0.001953125 -0.00390625 0.0078125 -0.015625 0.03125 -0.00048828125 0.0009765625 -0.001953125 0.00390625 -0.0078125 0.015625 -0.03125 0.00048828125 -0.0009765625 0.001953125 -0.00390625 0.0078125 -0.015625 0.03125 -0.00048828125 0.0009765625 -0.001953125 0.00390625 -0.0078125 0.015625 -0.03125 0.00048828125 -0.0009765625 0.001953125 -0.00390625 0.0078125 -0.015625 0.03125 -0.00048828125 0.0009765625 -0.001953125 0.00390625 -0.0078125 0.015625 -0.03125 0.00048828125 -0.0009765625 0.001953125 -0.00390625 0.0078125 -0.015625 0.03125 -0.00048828125 0.0009765625 -0.001953125 0.00390625 -0.0078125 0.015625 -0.03125 0.00048828125 -0.0009765625 0.001953125 -0.00390625 0.0078125 -0.015625 0.03125 -0.00048828125 0.0009765625 -0.001953125 0.00390625 -0.0078125 0.015625 -0.03125 0.00048828125 -0.0009765625 0.001953125 -0.00390625 0.0078125 -0.015625 0.03125 -0.00048828125 0.0009765625 -0.001953125 0.00390625
0.0009765625 -0.001953125 0.00390625 -0.0078125 0.015625 -0.03125 0.0625 -0.0009765625 0.001953125 -0.00390625 0.0078125 -0.015625 0.03125 -0.0625 0.0009765625 -0.001953125 2.00390625 -0.0078125 0.015625 -0.03125 0.0625 -0.0009765625 0.001953125 -0.00390625 0.0078125 -0.015625 0.03125 -0.0625 0.0009765625 -0.001953125 0.00390625 -0.0078125 0.015625 -0.03125 0.0625 -0.0009765625 0.001953125 -0.00390625 0.0078125 -0.015625 0.03125 -0.0625 0.0009765625 -0.001953125 0.00390625 -0.0078125 0.015625 -0.03125 0.0625 -0.0009765625 0.001953125 -0.00390625 0.0078125 -0.015625 0.03125 -0.0625 0.0009765625 -0.001953125 0.00390625 -0.0078125 0.015625 -0.03125 0.0625 -0.0009765625 0.001953125 -0.00390625 0.0078125 -0.015625 0.03125 -0.0625 0.0009765625 -0.001953125 0.00390625 -0.0078125 0.015625 -0.03125 0.0625 -0.0009765625 0.001953125 -0.00390625 0.0078125 -0.015625 0.03125 -0.0625 0.0009765625 -0.001953125 0.00390625 -0.0078125 0.015625 -0.03125 0.0625 -0.0009765625 0.001953125 -0.00390625 0.0078125 -0.015625 0.03125 -0.0625 0.0009765625 -0.001953125 0.00390625 -0.0078125 0.015625 -0.03125 0.0625 -0.0009765625 0.001953125 -0.00390625 0.0078125 -0.015625 0.03125 -0.0625 0.0009765625 -0.001953125 0.00390625 -0.0078125 0.015625 -0.03125 0.0625 -0.0009765625 0.001953125 -0.00390625 0.0078125 -0.015625 0.03125 -0.0625 0.0009765625 -0.001953125 0.00390625 -0.0078125 0.015625 -0.03125 0.0625 -0.0009765625 0.001953125 -0.00390625 0.0078125 -0.015625 0.03125 -0.0625 0.0009765625 -0.001953125 0.00390625 -0.0078125 0.015625 -0.03125 0.0625 -0.0009765625 0.001953125 -0.00390625 0.0078125 -0.015625 0.03125 -0.0625 0.0009765625 -0.001953125 0.00390625 -0.0078125 0.015625 -0.03125 0.0625 -0.0009765625 0.001953125 -0.00390625 0.0078125 -0.015625 0.03125 -0.0625 0.0009765625 -0.001953125 0.00390625 -0.0078125 0.015625 -0.03125 0.0625 -0.0009765625 0.001953125 -0.00390625 0.0078125 -0.015625 0.03125 -0.0625 0.0009765625 -0.001953125 0.00390625 -0.0078125 0.015625 -0.03125 0.0625 -0.0009765625 0.001953125 -0.00390625 0.0078125 -0.015625 0.03125 -0.0625 0.0009765625 -0.001953125 0.00390625 -0.0078125 0.015625 -0.03125 0.0625 -0.0009765625 0.001953125 -0.00390625 0.0078125 -0.015625 0.03125 -0.0625 0.0009765625 -0.001953125 0.00390625 -0.0078125 0.015625 -0.03125 0.0625 -0.0009765625 0.001953125 -0.00390625 0.0078125 -0.015625 0.03125 -0.0625 0.0009765625 -0.001953125 0.00390625 -0.0078125 0.015625 -0.03125 0.0625 -0.0009765625 0.001953125 -0.00390625 0.0078125 -0.015625 0.03125 -0.0625 0.0009765625 -0.001953125 0.00390625 -0.0078125 0.015625 -0.03125 0.0625 -0.0009765625 0.001953125 -0.00390625 0.0078125 -0.015625 0.03125 -0.0625 0.0009765625 -0.001953125 0.00390625 -0.0078125
-0.001953125 0.00390625 -0.0078125 0.015625 -0.03125 0.0625 -0.125 0.001953125 -0.00390625 0.0078125 -0.015625 0.03125 -0.0625 0.125 -0.001953125 0.00390625 -0.0078125 8.015625 -0.03125 0.0625 -0.125 0.001953125 -0.00390625 0.0078125 -0.015625 0.03125 -0.0625 0.125 -0.001953125 0.00390625 -0.0078125 0.015625 -0.03125 0.0625 -0.125 0.001953125 -0.00390625 0.0078125 -0.015625 0.03125 -0.0625 0.125 -0.001953125 0.00390625 -0.0078125 0.015625 -0.03125 0.0625 -0.125 0.001953125 -0.00390625 0.0078125 -0.015625 0.03125 -0.0625 0.125 -0.001953125 0.00390625 -0.0078125 0.015625 -0.03125 0.0625 -0.125 0.001953125 -0.00390625 0.0078125 -0.015625 0.03125 -0.0625 0.125 -0.001953125 0.00390625 -0.0078125 0.015625 -0.03125 0.0625 -0.125 0.001953125 -0.00390625 0.0078125 -0.015625 0.03125 -0.0625 0.125 -0.001953125 0.00390625 -0.0078125 0.015625 -0.03125 0.0625 -0.125 0.001953125 -0.00390625 0.0078125 -0.015625 0.03125 -0.0625 0.125 -0.001953125 0.00390625 -0.0078125 0.015625 -0.03125 0.0625 -0.125 0.001953125 -0.00390625 0.0078125 -0.015625 0.03125 -0.0625 0.125 -0.001953125 0.00390625 -0.0078125 0.015625 -0.03125 0.0625 -0.125 0.001953125 -0.00390625 0.0078125 -0.015625 0.03125 -0.0625 0.125 -0.001953125 0.00390625 -0.0078125 0.015625 -0.03125 0.0625 -0.125 0.001953125 -0.00390625 0.0078125 -0.015625 0.03125 -0.0625 0.125 -0.001953125 0.00390625 -0.0078125 0.015625 -0.03125 0.0625 -0.125 0.001953125 -0.00390625 0.0078125 -0.015625 0.03125 -0.0625 0.125 -0.001953125 0.00390625 -0.0078125 0.015625 -0.03125 0.0625 -0.125 0.001953125 -0.00390625 0.0078125 -0.015625 0.03125 -0.0625 0.125 -0.001953125 0.00390625 -0.0078125 0.015625 -0.03125 0.0625 -0.125 0.001953125 -0.00390625 0.0078125 -0.015625 0.03125 -0.0625 0.125 -0.001953125 0.00390625 -0.0078125 0.015625 -0.03125 0.0625 -0.125 0.001953125 -0.00390625 0.0078125 -0.015625 0.03125 -0.0625 0.125 -0.001953125 0.00390625 -0.0078125 0.015625 -0.03125 0.0625 -0.125 0.001953125 -0.00390625 0.0078125 -0.015625 0.03125 -0.0625 0.125 -0.001953125 0.00390625 -0.0078125 0.015625 -0.03125 0.0625 -0.125 0.001953125 -0.00390625 0.0078125 -0.015625 0.03125 -0.0625 0.125 -0.001953125 0.00390625 -0.0078125 0.015625 -0.03125 0.0625 -0.125 0.001953125 -0.00390625 0.0078125 -0.015625 0.03125 -0.0625 0.125 -0.001953125 0.00390625 -0.0078125 0.015625 -0.03125 0.0625 -0.125 0.001953125 -0.00390625 0.0078125 -0.015625 0.03125 -0.0625 0.125 -0.001953125 0.00390625 -0.0078125 0.015625
0.00048828125 -0.0009765625 0.001953125 -0.00390625 0.0078125 -0.015625 0.03125 -0.00048828125 0.0009765625 -0.001953125 0.00390625 -0.0078125 0.015625 -0.03125 0.00048828125 -0.0009765625 0.001953125 -0.00390625 4.0078125 -0.015625 0.03125 -0.00048828125 0.0009765625 -0.001953125 0.00390625 -0.0078125 0.015625 -0.03125 0.00048828125 -0.0009765625 0.001953125 -0.00390625 0.0078125 -0.015625 0.03125 -0.00048828125 0.0009765625 -0.001953125 0.00390625 -0.0078125 0.015625 -0.03125 0.00048828125 -0.0009765625 0.001953125 -0.00390625 0.0078125 -0.015625 0.03125 -0.00048828125 0.0009765625 -0.001953125 0.00390625 -0.0078125 0.015625 -0.03125 0.00048828125 -0.0009765625 0.001953125 -0.00390625 0.0078125 -0.015625 0.03125 -0.00048828125 0.0009765625 -0.001953125 0.00390625 -0.0078125 0.015625 -0.03125 0.00048828125 -0.0009765625 0.001953125 -0.00390625 0.0078125 -0.015625 0.03125 -0.00048828125 0.0009765625 -0.001953125 0.00390625 -0.0078125 0.015625 -0.03125 0.00048828125 -0.0009765625 0.001953125 -0.00390625 0.0078125 -0.015625 0.03125 -0.00048828125 0.0009765625 -0.001953125 0.00390625 -0.0078125 0.015625 -0.03125 0.00048828125 -0.0009765625 0.001953125 -0.00390625 0.0078125 -0.015625 0.03125 -0.00048828125 0.0009765625 -0.001953125 0.00390625 -0.0078125 0.015625 -0.03125 0.00048828125 -0.0009765625 0.001953125 -0.00390625 0.0078125 -0.015625 0.03125 -0.00048828125 0.0009765625 -0.001953125 0.00390625 -0.0078125 0.015625 -0.03125 0.00048828125 -0.0009765625 0.001953125 -0.00390625 0.0078125 -0.015625 0.03125 -0.00048828125 0.0009765625 -0.001953125 0.00390625 -0.0078125 0.015625 -0.03125 0.00048828125 -0.0009765625 0.001953125 -0.00390625 0.0078125 -0.015625 0.03125 -0.00048828125 0.0009765625 -0.001953125 0.00390625 -0.0078125 0.015625 -0.03125 0.00048828125 -0.0009765625 0.001953125 -0.00390625 0.0078125 -0.015625 0.03125 -0.00048828125 0.0009765625 -0.001953125 0.00390625 -0.0078125 0.015625 -0.03125 0.00048828125 -0.0009765625 0.001953125 -0.00390625 0.0078125 -0.015625 0.03125 -0.00048828125 0.0009765625 -0.001953125 0.00390625 -0.0078125 0.015625 -0.03125 0.00048828125 -0.0009765625 0.001953125 -0.00390625 0.0078125 -0.015625 0.03125 -0.00048828125 0.0009765625 -0.001953125 0.00390625 -0.0078125 0.015625 -0.03125 0.00048828125 -0.0009765625 0.001953125 -0.00390625 0.0078125 -0.015625 0.03125 -0.00048828125 0.0009765625 -0.001953125 0.00390625 -0.0078125 0.015625 -0.03125 0.00048828125 -0.0009765625 0.001953125 -0.00390625 0.0078125 -0.015625 0.03125 -0.00048828125 0.0009765625 -0.001953125 0.00390625 -0.0078125 0.015625 -0.03125 0.00048828125 -0.0009765625 0.001953125 -0.00390625 0.0078125 -0.015625 0.03125 -0.00048828125 0.0009765625 -0.001953125 0.00390625 -0.0078125 0.015625 -0.03125 0.00048828125 -0.0009765625 0.001953125 -0.00390625 0.0078125 -0.015625 0.03125 -0.00048828125 0.0009765625 -0.001953125 0.00390625 -0.0078125 0.015625 -0.03125 0.00048828125 -0.0009765625 0.001953125 -0.00390625
-0.0009765625 0.001953125 -0.00390625 0.0078125 -0.015625 0.03125 -0.0625 0.0009765625 -0.001953125 0.00390625 -0.0078125 0.015625 -0.03125 0.0625 -0.0009765625 0.001953125 -0.00390625 0.0078125 -0.015625 16.03125 -0.0625 0.0009765625 -0.001953125 0.00390625 -0.0078125 0.015625 -0.03125 0.0625 -0.0009765625 0.001953125 -0.00390625 0.0078125 -0.015625 0.03125 -0.0625 0.0009765625 -0.001953125 0.00390625 -0.0078125 0.015625 -0.03125 0.0625 -0.0009765625 0.001953125 -0.00390625 0.0078125 -0.015625 0.03125 -0.0625 0.0009765625 -0.001953125 0.00390625 -0.0078125 0.015625 -0.03125 0.0625 -0.0009765625 0.001953125 -0.00390625 0.0078125 -0.015625 0.03125 -0.0625 0.0009765625 -0.001953125 0.00390625 -0.0078125 0.015625 -0.03125 0.0625 -0.0009765625 0.001953125 -0.00390625 0.0078125 -0.015625 0.03125 -0.0625 0.0009765625 -0.001953125 0.00390625 -0.0078125 0.015625 -0.03125 0.0625 -0.0009765625 0.001953125 -0.00390625 0.0078125 -0.015625 0.03125 -0.0625 0.0009765625 -0.001953125 0.00390625 -0.0078125 0.015625 -0.03125 0.0625 -0.0009765625 0.001953125 -0.00390625 0.0078125 -0.015625 0.03125 -0.0625 0.0009765625 -0.001953125 0.00390625 -0.0078125 0.015625 -0.03125 0.0625 -0.0009765625 0.001953125 -0.00390625 0.0078125 -0.015625 0.03125 -0.0625 0.0009765625 -0.001953125 0.00390625 -0.0078125 0.015625 -0.03125 0.0625 -0.0009765625 0.001953125 -0.00390625 0.0078125 -0.015625 0.03125 -0.0625 0.0009765625 -0.001953125 0.00390625 -0.0078125 0.015625 -0.03125 0.0625 -0.0009765625 0.001953125 -0.00390625 0.0078125 -0.015625 0.03125 -0.0625 0.0009765625 -0.001953125 0.00390625 -0.0078125 0.015625 -0.03125 0.0625 -0.0009765625 0.001953125 -0.00390625 0.0078125 -0.015625 0.03125 -0.0625 0.0009765625 -0.001953125 0.00390625 -0.0078125 0.015625 -0.03125 0.0625 -0.0009765625 0.001953125 -0.00390625 0.0078125 -0.015625 0.03125 -0.0625 0.0009765625 -0.001953125 0.00390625 -0.0078125 0.015625 -0.03125 0.0625 -0.0009765625 0.001953125 -0.00390625 0.0078125 -0.015625 0.03125 -0.0625 0.0009765625 -0.001953125 0.00390625 -0.0078125 0.015625 -0.03125 0.0625 -0.0009765625 0.001953125 -0.00390625 0.0078125 -0.015625 0.03125 -0.0625 0.0009765625 -0.001953125 0.00390625 -0.0078125 0.015625 -0.03125 0.0625 -0.0009765625 0.001953125 -0.00390625 0.0078125 -0.015625 0.03125 -0.0625 0.0009765625 -0.001953125 0.00390625 -0.0078125 0.015625 -0.03125 0.0625 -0.0009765625 0.001953125 -0.00390625 0.0078125 -0.015625 0.03125 -0.0625 0.0009765625 -0.001953125 0.00390625 -0.0078125 0.015625 -0.03125 0.0625 -0.0009765625 0.001953125 -0.00390625 0.0078125 -0.015625 0.03125 -0.0625 0.0009765625 -0.001953125 0.00390625 -0.0078125 0.015625 -0.03125 0.0625 -0.0009765625 0.001953125 -0.00390625 0.0078125
0.001953125 -0.00390625 0.0078125 -0.015625 0.03125 -0.0625 0.125 -0.001953125 0.00390625 -0.0078125 0.015625 -0.03125 0.0625 -0.125 0.001953125 -0.00390625 0.0078125 -0.015625 0.03125 -0.0625 64.125 -0.001953125 0.00390625 -0.0078125 0.015625 -0.03125 0.0625 -0.125 0.001953125 -0.00390625 0.0078125 -0.015625 0.03125 -0.0625 0.125 -0.001953125 0.00390625 -0.0078125 0.015625 -0.03125 0.0625 -0.125 0.001953125 -0.00390625 0.0078125 -0.015625 0.03125 -0.0625 0.125 -0.001953125 0.00390625 -0.0078125 0.015625 -0.03125 0.0625 -0.125 0.001953125 -0.00390625 0.0078125 -0.015625 0.03125 -0.0625 0.125 -0.001953125 0.00390625 -0.0078125 0.015625 -0.03125 0.0625 -0.125 0.001953125 -0.00390625 0.0078125 -0.015625 0.03125 -0.0625 0.125 -0.001953125 0.00390625 -0.0078125 0.015625 -0.03125 0.0625 -0.125 0.001953125 -0.00390625 0.0078125 -0.015625 0.03125 -0.0625 0.125 -0.001953125 0.00390625 -0.0078125 0.015625 -0.03125 0.0625 -0.125 0.001953125 -0.00390625 0.0078125 -0.015625 0.03125 -0.0625 0.125 -0.001953125 0.00390625 -0.0078125 0.015625 -0.03125 0.0625 -0.125 0.001953125 -0.00390625 0.0078125 -0.015625 0.03125 -0.0625 0.125 -0.001953125 0.00390625 -0.0078125 0.015625 -0.03125 0.0625 -0.125 0.001953125 -0.00390625 0.0078125 -0.015625 0.03125 -0.0625 0.125 -0.001953125 0.00390625 -0.0078125 0.015625 -0.03125 0.0625 -0.125 0.001953125 -0.00390625 0.0078125 -0.015625 0.03125 -0.0625 0.125 -0.001953125 0.00390625 -0.0078125 0.015625 -0.03125 0.0625 -0.125 0.001953125 -0.00390625 0.0078125 -0.015625 0.03125 -0.0625 0.125 -0.001953125 0.00390625 -0.0078125 0.015625 -0.03125 0.0625 -0.125 0.001953125 -0.00390625 0.0078125 -0.015625 0.03125 -0.0625 0.125 -0.001953125 0.00390625 -0.0078125 0.015625 -0.03125 0.0625 -0.125 0.001953125 -0.00390625 0.0078125 -0.015625 0.03125 -0.0625 0.125 -0.001953125 0.00390625 -0.0078125 0.015625 -0.03125 0.0625 -0.125 0.001953125 -0.00390625 0.0078125 -0.015625 0.03125 -0.0625 0.125 -0.001953125 0.00390625 -0.0078125 0.015625 -0.03125 0.0625 -0.125 0.001953125 -0.00390625 0.0078125 -0.015625 0.03125 -0.0625 0.125 -0.001953125 0.00390625 -0.0078125 0.015625 -0.03125 0.0625 -0.125 0.001953125 -0.00390625 0.0078125 -0.015625 0.03125 -0.0625 0.125 -0.001953125 0.00390625 -0.0078125 0.015625 -0.03125 0.0625 -0.125 0.001953125 -0.00390625 0.0078125 -0.015625 0.03125 -0.0625 0.125 -0.001953125 0.00390625 -0.0078125 0.015625 -0.03125 0.0625 -0.125 0.001953125 -0.00390625 0.0078125 -0.015625
-0.00048828125 0.0009765625 -0.001953125 0.00390625 -0.0078125 0.015625 -0.03125 0.00048828125 -0.0009765625 0.001953125 -0.00390625 0.0078125 -0.015625 0.03125 -0.00048828125 0.0009765625 -0.001953125 0.00390625 -0.0078125 0.015625 -0.03125 0.25048828125 -0.0009765625 0.001953125 -0.00390625 0.0078125 -0.015625 0.03125 -0.00048828125 0.0009765625 -0.001953125 0.00390625 -0.0078125 0.015625 -0.03125 0.00048828125 -0.0009765625 0.001953125 -0.00390625 0.0078125 -0.015625 0.03125 -0.00048828125 0.0009765625 -0.001953125 0.00390625 -0.0078125 0.015625 -0.03125 0.00048828125 -0.0009765625 0.001953125 -0.00390625 0.0078125 -0.015625 0.03125 -0.00048828125 0.0009765625 -0.001953125 0.00390625 -0.0078125 0.015625 -0.03125 0.00048828125 -0.0009765625 0.001953125 -0.00390625 0.0078125 -0.015625 0.03125 -0.00048828125 0.0009765625 -0.001953125 0.00390625 -0.0078125 0.015625 -0.03125 0.00048828125 -0.0009765625 0.001953125 -0.00390625 0.0078125 -0.015625 0.03125 -0.00048828125 0.0009765625 -0.001953125 0.00390625 -0.0078125 0.015625 -0.03125 0.00048828125 -0.0009765625 0.001953125 -0.00390625 0.0078125 -0.015625 0.03125 -0.00048828125 0.0009765625 -0.001953125 0.00390625 -0.0078125 0.015625 -0.03125 0.00048828125 -0.0009765625 0.001953125 -0.00390625 0.0078125 -0.015625 0.03125 -0.00048828125 0.0009765625 -0.001953125 0.00390625 -0.0078125 0.015625 -0.03125 0.00048828125 -0.0009765625 0.001953125 -0.00390625 0.0078125 -0.015625 0.03125 -0.00048828125 0.0009765625 -0.001953125 0.00390625 -0.0078125 0.015625 -0.03125 0.00048828125 -0.0009765625 0.001953125 -0.00390625 0.0078125 -0.015625 0.03125 -0.00048828125 0.0009765625 -0.001953125 0.00390625 -0.0078125 0.015625 -0.03125 0.00048828125 -0.0009765625 0.001953125 -0.00390625 0.0078125 -0.015625 0.03125 -0.00048828125 0.0009765625 -0.001953125 0.00390625 -0.0078125 0.015625 -0.03125 0.00048828125 -0.0009765625 0.001953125 -0.00390625 0.0078125 -0.015625 0.03125 -0.00048828125 0.0009765625 -0.001953125 0.00390625 -0.0078125 0.015625 -0.03125 0.00048828125 -0.0009765625 0.001953125 -0.00390625 0.0078125 -0.015625 0.03125 -0.00048828125 0.0009765625 -0.001953125 0.00390625 -0.0078125 0.015625 -0.03125 0.00048828125 -0.0009765625 0.001953125 -0.00390625 0.0078125 -0.015625 0.03125 -0.00048828125 0.0009765625 -0.001953125 0.00390625 -0.0078125 0.015625 -0.03125 0.00048828125 -0.0009765625 0.001953125 -0.00390625 0.0078125 -0.015625 0.03125 -0.00048828125 0.0009765625 -0.001953125 0.00390625 -0.0078125 0.015625 -0.03125 0.00048828125 -0.0009765625 0.001953125 -0.00390625 0.0078125 -0.015625 0.03125 -0.00048828125 0.0009765625 -0.001953125 0.00390625 -0.0078125 0.015625 -0.03125 0.00048828125 -0.0009765625 0.001953125 -0.00390625 0.0078125 -0.015625 0.03125 -0.00048828125 0.0009765625 -0.001953125 0.00390625 -0.0078125 0.015625 -0.03125 0.00048828125 -0.0009765625 0.001953125 -0.00390625 0.0078125 -0.015625 0.03125 -0.00048828125 0.0009765625 -0.001953125 0.00390625
0.0009765625 -0.001953125 0.00390625 -0.0078125 0.015625 -0.03125 0.0625 -0.0009765625 0.001953125 -0.00390625 0.0078125 -0.015625 0.03125 -0.0625 0.0009765625 -0.001953125 0.00390625 -0.0078125 0.015625 -0.03125 0.0625 -0.0009765625 1.001953125 -0.00390625 0.0078125 -0.015625 0.03125 -0.0625 0.0009765625 -0.001953125 0.00390625 -0.0078125 0.015625 -0.03125 0.0625 -0.0009765625 0.001953125 -0.00390625 0.0078125 -0.015625 0.03125 -0.0625 0.0009765625 -0.001953125 0.00390625 -0.0078125 0.015625 -0.03125 0.0625 -0.0009765625 0.001953125 -0.00390625 0.0078125 -0.015625 0.03125 -0.0625 0.0009765625 -0.001953125 0.00390625 -0.0078125 0.015625 -0.03125 0.0625 -0.0009765625 0.001953125 -0.00390625 0.0078125 -0.015625 0.03125 -0.0625 0.0009765625 -0.001953125 0.00390625 -0.0078125 0.015625 -0.03125 0.0625 -0.0009765625 0.001953125 -0.00390625 0.0078125 -0.015625 0.03125 -0.0625 0.0009765625 -0.001953125 0.00390625 -0.0078125 0.015625 -0.03125 0.0625 -0.0009765625 0.001953125 -0.00390625 0.0078125 -0.015625 0.03125 -0.0625 0.0009765625 -0.001953125 0.00390625 -0.0078125 0.015625 -0.03125 0.0625 -0.0009765625 0.001953125 -0.00390625 0.0078125 -0.015625 0.03125 -0.0625 0.0009765625 -0.001953125 0.00390625 -0.0078125 0.015625 -0.03125 0.0625 -0.0009765625 0.001953125 -0.00390625 0.0078125 -0.015625 0.03125 -0.0625 0.0009765625 -0.001953125 0.00390625 -0.0078125 0.015625 -0.03125 0.0625 -0.0009765625 0.001953125 -0.00390625 0.0078125 -0.015625 0.03125 -0.0625 0.0009765625 -0.001953125 0.00390625 -0.0078125 0.015625 -0.03125 0.0625 -0.0009765625 0.001953125 -0.00390625 0.0078125 -0.015625 0.03125 -0.0625 0.0009765625 -0.001953125 0.00390625 -0.0078125 0.015625 -0.03125 0.0625 -0.0009765625 0.001953125 -0.00390625 0.0078125 -0.015625 0.03125 -0.0625 0.0009765625 -0.001953125 0.00390625 -0.0078125 0.015625 -0.03125 0.0625 -0.0009765625 0.001953125 -0.00390625 0.0078125 -0.015625 0.03125 -0.0625 0.0009765625 -0.001953125 0.00390625 -0.0078125 0.015625 -0.03125 0.0625 -0.0009765625 0.001953125 -0.00390625 0.0078125 -0.015625 0.03125 -0.0625 0.0009765625 -0.001953125 0.00390625 -0.0078125 0.015625 -0.03125 0.0625 -0.0009765625 0.001953125 -0.00390625 0.0078125 -0.015625 0.03125 -0.0625 0.0009765625 -0.001953125 0.00390625 -0.0078125 0.015625 -0.03125 0.0625 -0.0009765625 0.001953125 -0.00390625 0.0078125 -0.015625 0.03125 -0.0625 0.0009765625 -0.001953125 0.00390625 -0.0078125 0.015625 -0.03125 0.0625 -0.0009765625 0.001953125 -0.00390625 0.0078125 -0.015625 0.03125 -0.0625 0.0009765625 -0.001953125 0.00390625 -0.0078125 0.015625 -0.03125 0.0625 -0.0009765625 0.001953125 -0.00390625 0.0078125 -0.015625 0.03125 -0.0625 0.0009765625 -0.001953125 0.00390625 -0.0078125
-0.001953125 0.00390625 -0.0078125 0.015625 -0.03125 0.0625 -0.125 0.001953125 -0.00390625 0.0078125 -0.015625 0.03125 -0.0625 0.125 -0.001953125 0.00390625 -0.0078125 0.015625 -0.03125 0.0625 -0.125 0.001953125 -0.00390625 4.0078125 -0.015625 0.03125 -0.0625 0.125 -0.001953125 0.00390625 -0.0078125 0.015625 -0.03125 0.0625 -0.125 0.001953125 -0.00390625 0.0078125 -0.015625 0.03125 -0.0625 0.125 -0.001953125 0.00390625 -0.0078125 0.015625 -0.03125 0.0625 -0.125 0.001953125 -0.00390625 0.0078125 -0.015625 0.03125 -0.0625 0.125 -0.001953125 0.00390625 -0.0078125 0.015625 -0.03125 0.0625 -0.125 0.001953125 -0.00390625 0.0078125 -0.015625 0.03125 -0.0625 0.125 -0.001953125 0.00390625 -0.0078125 0.015625 -0.03125 0.0625 -0.125 0.001953125 -0.00390625 0.0078125 -0.015625 0.03125 -0.0625 0.125 -0.001953125 0.00390625 -0.0078125 0.015625 -0.03125 0.0625 -0.125 0.001953125 -0.00390625 0.0078125 -0.015625 0.03125 -0.0625 0.125 -0.001953125 0.00390625 -0.0078125 0.015625 -0.03125 0.0625 -0.125 0.001953125 -0.00390625 0.0078125 -0.015625 0.03125 -0.0625 0.125 -0.001953125 0.00390625 -0.0078125 0.015625 -0.03125 0.0625 -0.125 0.001953125 -0.00390625 0.0078125 -0.015625 0.03125 -0.0625 0.125 -0.001953125 0.00390625 -0.0078125 0.015625 -0.03125 0.0625 -0.125 0.001953125 -0.00390625 0.0078125 -0.015625 0.03125 -0.0625 0.125 -0.001953125 0.00390625 -0.0078125 0.015625 -0.03125 0.0625 -0.125 0.001953125 -0.00390625 0.0078125 -0.015625 0.03125 -0.0625 0.125 -0.001953125 0.00390625 -0.0078125 0.015625 -0.03125 0.0625 -0.125 0.001953125 -0.00390625 0.0078125 -0.015625 0.03125 -0.0625 0.125 -0.001953125 0.00390625 -0.0078125 0.015625 -0.03125 0.0625 -0.125 0.001953125 -0.00390625 0.0078125 -0.015625 0.03125 -0.0625 0.125 -0.001953125 0.00390625 -0.0078125 0.015625 -0.03125 0.0625 -0.125 0.001953125 -0.00390625 0.0078125 -0.015625 0.03125 -0.0625 0.125 -0.001953125 0.00390625 -0.0078125 0.015625 -0.03125 0.0625 -0.125 0.001953125 -0.00390625 0.0078125 -0.015625 0.03125 -0.0625 0.125 -0.001953125 0.00390625 -0.0078125 0.015625 -0.03125 0.0625 -0.125 0.001953125 -0.00390625 0.0078125 -0.015625 0.03125 -0.0625 0.125 -0.001953125 0.00390625 -0.0078125 0.015625 -0.03125 0.0625 -0.125 0.001953125 -0.00390625 0.0078125 -0.015625 0.03125 -0.0625 0.125 -0.001953125 0.00390625 -0.0078125 0.015625 -0.03125 0.0625 -0.125 0.001953125 -0.00390625 0.0078125 -0.015625 0.03125 -0.0625 0.125 -0.001953125 0.00390625 -0.0078125 0.015625
0.00048828125 -0.0009765625 0.001953125 -0.00390625 0.0078125 -0.015625 0.03125 -0.00048828125 0.0009765625 -0.001953125 0.00390625 -0.0078125 0.015625 -0.03125 0.00048828125 -0.0009765625 0.001953125 -0.00390625 0.0078125 -0.015625 0.03125 -0.00048828125 0.0009765625 -0.001953125 2.00390625 -0.0078125 0.015625 -0.03125 0.00048828125 -0.0009765625 0.001953125 -0.00390625 0.0078125 -0.015625 0.03125 -0.00048828125 0.0009765625 -0.001953125 0.00390625 -0.0078125 0.015625 -0.03125 0.00048828125 -0.0009765625 0.001953125 -0.00390625 0.0078125 -0.015625 0.03125 -0.00048828125 0.0009765625 -0.001953125 0.00390625 -0.0078125 0.015625 -0.03125 0.00048828125 -0.0009765625 0.001953125 -0.00390625 0.0078125 -0.015625 0.03125 -0.00048828125 0.0009765625 -0.001953125 0.00390625 -0.0078125 0.015625 -0.03125 0.00048828125 -0.0009765625 0.001953125 -0.00390625 0.0078125 -0.015625 0.03125 -0.00048828125 0.0009765625 -0.001953125 0.00390625 -0.0078125 0.015625 -0.03125 0.00048828125 -0.0009765625 0.001953125 -0.00390625 0.0078125 -0.015625 0.03125 -0.00048828125 0.0009765625 -0.001953125 0.00390625 -0.0078125 0.015625 -0.03125 0.00048828125 -0.0009765625 0.001953125 -0.00390625 0.0078125 -0.015625 0.03125 -0.00048828125 0.0009765625 -0.001953125 0.00390625 -0.0078125 0.015625 -0.03125 0.00048828125 -0.0009765625 0.001953125 -0.00390625 0.0078125 -0.015625 0.03125 -0.00048828125 0.0009765625 -0.001953125 0.00390625 -0.0078125 0.015625 -0.03125 0.00048828125 -0.0009765625 0.001953125 -0.00390625 0.0078125 -0.015625 0.03125 -0.00048828125 0.0009765625 -0.001953125 0.00390625 -0.0078125 0.015625 -0.03125 0.00048828125 -0.0009765625 0.001953125 -0.00390625 0.0078125 -0.015625 0.03125 -0.00048828125 0.0009765625 -0.001953125 0.00390625 -0.0078125 0.015625 -0.03125 0.00048828125 -0.0009765625 0.001953125 -0.00390625 0.0078125 -0.015625 0.03125 -0.00048828125 0.0009765625 -0.001953125 0.00390625 -0.0078125 0.015625 -0.03125 0.00048828125 -0.0009765625 0.001953125 -0.00390625 0.0078125 -0.015625 0.03125 -0.00048828125 0.0009765625 -0.001953125 0.00390625 -0.0078125 0.015625 -0.03125 0.00048828125 -0.0009765625 0.001953125 -0.00390625 0.0078125 -0.015625 0.03125 -0.00048828125 0.0009765625 -0.001953125 0.00390625 -0.0078125 0.015625 -0.03125 0.00048828125 -0.0009765625 0.001953125 -0.00390625 0.0078125 -0.015625 0.03125 -0.00048828125 0.0009765625 -0.001953125 0.00390625 -0.0078125 0.015625 -0.03125 0.00048828125 -0.0009765625 0.001953125 -0.00390625 0.0078125 -0.015625 0.03125 -0.00048828125 0.0009765625 -0.001953125 0.00390625 -0.0078125 0.015625 -0.03125 0.00048828125 -0.0009765625 0.001953125 -0.00390625 0.0078125 -0.015625 0.03125 -0.00048828125 0.0009765625 -0.001953125 0.00390625 -0.0078125 0.015625 -0.03125 0.00048828125 -0.0009765625 0.001953125 -0.00390625 0.0078125 -0.015625 0.03125 -0.00048828125 0.0009765625 -0.001953125 0.00390625 -0.0078125 0.015625 -0.03125 0.00048828125 -0.0009765625 0.001953125 -0.00390625
-0.0009765625 0.001953125 -0.00390625 0.0078125 -0.015625 0.03125 -0.0625 0.0009765625 -0.001953125 0.00390625 -0.0078125 0.015625 -0.03125 0.0625 -0.0009765625 0.001953125 -0.00390625 0.0078125 -0.015625 0.03125 -0.0625 0.0009765625 -0.001953125 0.00390625 -0.0078125 8.015625 -0.03125 0.0625 -0.0009765625 0.001953125 -0.00390625 0.0078125 -0.015625 0.03125 -0.0625 0.0009765625 -0.001953125 0.00390625 -0.0078125 0.015625 -0.03125 0.0625 -0.0009765625 0.001953125 -0.00390625 0.0078125 -0.015625 0.03125 -0.0625 0.0009765625 -0.001953125 0.00390625 -0.0078125 0.015625 -0.03125 0.0625 -0.0009765625 0.001953125 -0.00390625 0.0078125 -0.015625 0.03125 -0.0625 0.0009765625 -0.001953125 0.00390625 -0.0078125 0.015625 -0.03125 0.0625 -0.0009765625 0.001953125 -0.00390625 0.0078125 -0.015625 0.03125 -0.0625 0.0009765625 -0.001953125 0.00390625 -0.0078125 0.015625 -0.03125 0.0625 -0.0009765625 0.001953125 -0.00390625 0.0078125 -0.015625 0.03125 -0.0625 0.0009765625 -0.001953125 0.00390625 -0.0078125 0.015625 -0.03125 0.0625 -0.0009765625 0.001953125 -0.00390625 0.0078125 -0.015625 0.03125 -0.0625 0.0009765625 -0.001953125 0.00390625 -0.0078125 0.015625 -0.03125 0.0625 -0.0009765625 0.001953125 -0.00390625 0.0078125 -0.015625 0.03125 -0.0625 0.0009765625 -0.001953125 0.00390625 -0.0078125 0.015625 -0.03125 0.0625 -0.0009765625 0.001953125 -0.00390625 0.0078125 -0.015625 0.03125 -0.0625 0.0009765625 -0.001953125 0.00390625 -0.0078125 0.015625 -0.03125 0.0625 -0.0009765625 0.001953125 -0.00390625 0.0078125 -0.015625 0.03125 -0.0625 0.0009765625 -0.001953125 0.00390625 -0.0078125 0.015625 -0.03125 0.0625 -0.0009765625 0.001953125 -0.00390625 0.0078125 -0.015625 0.03125 -0.0625 0.0009765625 -0.001953125 0.00390625 -0.0078125 0.015625 -0.03125 0.0625 -0.0009765625 0.001953125 -0.00390625 0.0078125 -0.015625 0.03125 -0.0625 0.0009765625 -0.001953125 0.00390625 -0.0078125 0.015625 -0.03125 0.0625 -0.0009765625 0.001953125 -0.00390625 0.0078125 -0.015625 0.03125 -0.0625 0.0009765625 -0.001953125 0.00390625 -0.0078125 0.015625 -0.03125 0.0625 -0.0009765625 0.001953125 -0.00390625 0.0078125 -0.015625 0.03125 -0.0625 0.0009765625 -0.001953125 0.00390625 -0.0078125 0.015625 -0.03125 0.0625 -0.0009765625 0.001953125 -0.00390625 0.0078125 -0.015625 0.03125 -0.0625 0.0009765625 -0.001953125 0.00390625 -0.0078125 0.015625 -0.03125 0.0625 -0.0009765625 0.001953125 -0.00390625 0.0078125 -0.015625 0.03125 -0.0625 0.0009765625 -0.001953125 0.00390625 -0.0078125 0.015625 -0.03125 0.0625 -0.0009765625 0.001953125 -0.00390625 0.0078125 -0.015625 0.03125 -0.0625 0.0009765625 -0.001953125 0.00390625 -0.0078125 0.015625 -0.03125 0.0625 -0.0009765625 0.001953125 -0.00390625 0.0078125
0.001953125 -0.00390625 0.0078125 -0.015625 0.03125 -0.0625 0.125 -0.001953125 0.00390625 -0.0078125 0.015625 -0.03125 0.0625 -0.125 0.001953125 -0.00390625 0.0078125 -0.015625 0.03125 -0.0625 0.125 -0.001953125 0.00390625 -0.0078125 0.015625 -0.03125 32.0625 -0.125 0.001953125 -0.00390625 0.0078125 -0.015625 0.03125 -0.0625 0.125 -0.001953125 0.00390625 -0.0078125 0.015625 -0.03125 0.0625 -0.125 0.001953125 -0.00390625 0.0078125 -0.015625 0.03125 -0.0625 0.125 -0.001953125 0.00390625 -0.0078125 0.015625 -0.03125 0.0625 -0.125 0.001953125 -0.00390625 0.0078125 -0.015625 0.03125 -0.0625 0.125 -0.001953125 0.00390625 -0.0078125 0.015625 -0.03125 0.0625 -0.125 0.001953125 -0.00390625 0.0078125 -0.015625 0.03125 -0.0625 0.125 -0.001953125 0.00390625 -0.0078125 0.015625 -0.03125 0.0625 -0.125 0.001953125 -0.00390625 0.0078125 -0.015625 0.03125 -0.0625 0.125 -0.001953125 0.00390625 -0.0078125 0.015625 -0.03125 0.0625 -0.125 0.001953125 -0.00390625 0.0078125 -0.015625 0.03125 -0.0625 0.125 -0.001953125 0.00390625 -0.0078125 0.015625 -0.03125 0.0625 -0.125 0.001953125 -0.00390625 0.0078125 -0.015625 0.03125 -0.0625 0.125 -0.001953125 0.00390625 -0.0078125 0.015625 -0.03125 0.0625 -0.125 0.001953125 -0.00390625 0.0078125 -0.015625 0.03125 -0.0625 0.125 -0.001953125 0.00390625 -0.0078125 0.015625 -0.03125 0.0625 -0.125 0.001953125 -0.00390625 0.0078125 -0.015625 0.03125 -0.0625 0.125 -0.001953125 0.00390625 -0.0078125 0.015625 -0.03125 0.0625 -0.125 0.001953125 -0.00390625 0.0078125 -0.015625 0.03125 -0.0625 0.125 -0.001953125 0.00390625 -0.0078125 0.015625 -0.03125 0.0625 -0.125 0.001953125 -0.00390625 0.0078125 -0.015625 0.03125 -0.0625 0.125 -0.001953125 0.00390625 -0.0078125 0.015625 -0.03125 0.0625 -0.125 0.001953125 -0.00390625 0.0078125 -0.015625 0.03125 -0.0625 0.125 -0.001953125 0.00390625 -0.0078125 0.015625 -0.03125 0.0625 -0.125 0.001953125 -0.00390625 0.0078125 -0.015625 0.03125 -0.0625 0.125 -0.001953125 0.00390625 -0.0078125 0.015625 -0.03125 0.0625 -0.125 0.001953125 -0.00390625 0.0078125 -0.015625 0.03125 -0.0625 0.125 -0.001953125 0.00390625 -0.0078125 0.015625 -0.03125 0.0625 -0.125 0.001953125 -0.00390625 0.0078125 -0.015625 0.03125 -0.0625 0.125 -0.001953125 0.00390625 -0.0078125 0.015625 -0.03125 0.0625 -0.125 0.001953125 -0.00390625 0.0078125 -0.015625 0.03125 -0.0625 0.125 -0.001953125 0.00390625 -0.0078125 0.015625 -0.03125 0.0625 -0.125 0.001953125 -0.00390625 0.0078125 -0.015625
-0.00048828125 0.0009765625 -0.001953125 0.00390625 -0.0078125 0.015625 -0.03125 0.00048828125 -0.0009765625 0.001953125 -0.00390625 0.0078125 -0.015625 0.03125 -0.00048828125 0.0009765625 -0.001953125 0.00390625 -0.0078125 0.015625 -0.03125 0.00048828125 -0.0009765625 0.001953125 -0.00390625 0.0078125 -0.015625 16.03125 -0.00048828125 0.0009765625 -0.001953125 0.00390625 -0.0078125 0.015625 -0.03125 0.00048828125 -0.0009765625 0.001953125 -0.00390625 0.0078125 -0.015625 0.03125 -0.00048828125 0.0009765625 -0.001953125 0.00390625 -0.0078125 0.015625 -0.03125 0.00048828125 -0.0009765625 0.001953125 -0.00390625 0.0078125 -0.015625 0.03125 -0.00048828125 0.0009765625 -0.001953125 0.00390625 -0.0078125 0.015625 -0.03125 0.00048828125 -0.0009765625 0.001953125 -0.00390625 0.0078125 -0.015625 0.03125 -0.00048828125 0.0009765625 -0.001953125 0.00390625 -0.0078125 0.015625 -0.03125 0.00048828125 -0.0009765625 0.001953125 -0.00390625 0.0078125 -0.015625 0.03125 -0.00048828125 0.0009765625 -0.001953125 0.00390625 -0.0078125 0.015625 -0.03125 0.00048828125 -0.0009765625 0.001953125 -0.00390625 0.0078125 -0.015625 0.03125 -0.00048828125 0.0009765625 -0.001953125 0.00390625 -0.0078125 0.015625 -0.03125 0.00048828125 -0.0009765625 0.001953125 -0.00390625 0.0078125 -0.015625 0.03125 -0.00048828125 0.0009765625 -0.001953125 0.00390625 -0.0078125 0.015625 -0.03125 0.00048828125 -0.0009765625 0.001953125 -0.00390625 0.0078125 -0.015625 0.03125 -0.00048828125 0.0009765625 -0.001953125 0.00390625 -0.0078125 0.015625 -0.03125 0.00048828125 -0.0009765625 0.001953125 -0.00390625 0.0078125 -0.015625 0.03125 -0.00048828125 0.0009765625 -0.001953125 0.00390625 -0.0078125 0.015625 -0.03125 0.00048828125 -0.0009765625 0.001953125 -0.00390625 0.0078125 -0.015625 0.03125 -0.00048828125 0.0009765625 -0.001953125 0.00390625 -0.0078125 0.015625 -0.03125 0.00048828125 -0.0009765625 0.001953125 -0.00390625 0.0078125 -0.015625 0.03125 -0.00048828125 0.0009765625 -0.001953125 0.00390625 -0.0078125 0.015625 -0.03125 0.00048828125 -0.0009765625 0.001953125 -0.00390625 0.0078125 -0.015625 0.03125 -0.00048828125 0.0009765625 -0.001953125 0.00390625 -0.0078125 0.015625 -0.03125 0.00048828125 -0.0009765625 0.001953125 -0.00390625 0.0078125 -0.015625 0.03125 -0.00048828125 0.0009765625 -0.001953125 0.00390625 -0.0078125 0.015625 -0.03125 0.00048828125 -0.0009765625 0.001953125 -0.00390625 0.0078125 -0.015625 0.03125 -0.00048828125 0.0009765625 -0.001953125 0.00390625 -0.0078125 0.015625 -0.03125 0.00048828125 -0.0009765625 0.001953125 -0.00390625 0.0078125 -0.015625 0.03125 -0.00048828125 0.0009765625 -0.001953125 0.00390625 -0.0078125 0.015625 -0.03125 0.00048828125 -0.0009765625 0.001953125 -0.00390625 0.0078125 -0.015625 0.03125 -0.00048828125 0.0009765625 -0.001953125 0.00390625 -0.0078125 0.015625 -0.03125 0.00048828125 -0.0009765625 0.001953125 -0.00390625 0.0078125 -0.015625 0.03125 -0.00048828125 0.0009765625 -0.001953125 0.00390625
0.0009765625 -0.001953125 0.00390625 -0.0078125 0.015625 -0.03125 0.0625 -0.0009765625 0.001953125 -0.00390625 0.0078125 -0.015625 0.03125 -0.0625 0.0009765625 -0.001953125 0.00390625 -0.0078125 0.015625 -0.03125 0.0625 -0.0009765625 0.001953125 -0.00390625 0.0078125 -0.015625 0.03125 -0.0625 0.5009765625 -0.001953125 0.00390625 -0.0078125 0.015625 -0.03125 0.0625 -0.0009765625 0.001953125 -0.00390625 0.0078125 -0.015625 0.03125 -0.0625 0.0009765625 -0.001953125 0.00390625 -0.0078125 0.015625 -0.03125 0.0625 -0.0009765625 0.001953125 -0.00390625 0.0078125 -0.015625 0.03125 -0.0625 0.0009765625 -0.001953125 0.00390625 -0.0078125 0.015625 -0.03125 0.0625 -0.0009765625 0.001953125 -0.00390625 0.0078125 -0.015625 0.03125 -0.0625 0.0009765625 -0.001953125 0.00390625 -0.0078125 0.015625 -0.03125 0.0625 -0.0009765625 0.001953125 -0.00390625 0.0078125 -0.015625 0.03125 -0.0625 0.0009765625 -0.001953125 0.00390625 -0.0078125 0.015625 -0.03125 0.0625 -0.0009765625 0.001953125 -0.00390625 0.0078125 -0.015625 0.03125 -0.0625 0.0009765625 -0.001953125 0.00390625 -0.0078125 0.015625 -0.03125 0.0625 -0.0009765625 0.001953125 -0.00390625 0.0078125 -0.015625 0.03125 -0.0625 0.0009765625 -0.001953125 0.00390625 -0.0078125 0.015625 -0.03125 0.0625 -0.0009765625 0.001953125 -0.00390625 0.0078125 -0.015625 0.03125 -0.0625 0.0009765625 -0.001953125 0.00390625 -0.0078125 0.015625 -0.03125 0.0625 -0.0009765625 0.001953125 -0.00390625 0.0078125 -0.015625 0.03125 -0.0625 0.0009765625 -0.001953125 0.00390625 -0.0078125 0.015625 -0.03125 0.0625 -0.0009765625 0.001953125 -0.00390625 0.0078125 -0.015625 0.03125 -0.0625 0.0009765625 -0.001953125 0.00390625 -0.0078125 0.015625 -0.03125 0.0625 -0.0009765625 0.001953125 -0.00390625 0.0078125 -0.015625 0.03125 -0.0625 0.0009765625 -0.001953125 0.00390625 -0.0078125 0.015625 -0.03125 0.0625 -0.0009765625 0.001953125 -0.00390625 0.0078125 -0.015625 0.03125 -0.0625 0.0009765625 -0.001953125 0.00390625 -0.0078125 0.015625 -0.03125 0.0625 -0.0009765625 0.001953125 -0.00390625 0.0078125 -0.015625 0.03125 -0.0625 0.0009765625 -0.001953125 0.00390625 -0.0078125 0.015625 -0.03125 0.0625 -0.0009765625 0.001953125 -0.00390625 0.0078125 -0.015625 0.03125 -0.0625 0.0009765625 -0.001953125 0.00390625 -0.0078125 0.015625 -0.03125 0.0625 -0.0009765625 0.001953125 -0.00390625 0.0078125 -0.015625 0.03125 -0.0625 0.0009765625 -0.001953125 0.00390625 -0.0078125 0.015625 -0.03125 0.0625 -0.0009765625 0.001953125 -0.00390625 0.0078125 -0.015625 0.03125 -0.0625 0.0009765625 -0.001953125 0.00390625 -0.0078125 0.015625 -0.03125 0.0625 -0.0009765625 0.001953125 -0.00390625 0.0078125 -0.015625 0.03125 -0.0625 0.0009765625 -0.001953125 0.00390625 -0.0078125
-0.001953125 0.00390625 -0.0078125 0.015625 -0.03125 0.0625 -0.125 0.001953125 -0.00390625 0.0078125 -0.015625 0.03125 -0.0625 0.125 -0.001953125 0.00390625 -0.0078125 0.015625 -0.03125 0.0625 -0.125 0.001953125 -0.00390625 0.0078125 -0.015625 0.03125 -0.0625 0.125 -0.001953125 2.00390625 -0.0078125 0.015625 -0.03125 0.0625 -0.125 0.001953125 -0.00390625 0.0078125 -0.015625 0.03125 -0.0625 0.125 -0.001953125 0.00390625 -0.0078125 0.015625 -0.03125 0.0625 -0.125 0.001953125 -0.00390625 0.0078125 -0.015625 0.03125 -0.0625 0.125 -0.001953125 0.00390625 -0.0078125 0.015625 -0.03125 0.0625 -0.125 0.001953125 -0.00390625 0.0078125 -0.015625 0.03125 -0.0625 0.125 -0.001953125 0.00390625 -0.0078125 0.015625 -0.03125 0.0625 -0.125 0.001953125 -0.00390625 0.0078125 -0.015625 0.03125 -0.0625 0.125 -0.001953125 0.00390625 -0.0078125 0.015625 -0.03125 0.0625 -0.125 0.001953125 -0.00390625 0.0078125 -0.015625 0.03125 -0.0625 0.125 -0.001953125 0.00390625 -0.0078125 0.015625 -0.03125 0.0625 -0.125 0.001953125 -0.00390625 0.0078125 -0.015625 0.03125 -0.0625 0.125 -0.001953125 0.00390625 -0.0078125 0.015625 -0.03125 0.0625 -0.125 0.001953125 -0.00390625 0.0078125 -0.015625 0.03125 -0.0625 0.125 -0.001953125 0.00390625 -0.0078125 0.015625 -0.03125 0.0625 -0.125 0.001953125 -0.00390625 0.0078125 -0.015625 0.03125 -0.0625 0.125 -0.001953125 0.00390625 -0.0078125 0.015625 -0.03125 0.0625 -0.125 0.001953125 -0.00390625 0.0078125 -0.015625 0.03125 -0.0625 0.125 -0.001953125 0.00390625 -0.0078125 0.015625 -0.03125 0.0625 -0.125 0.001953125 -0.00390625 0.0078125 -0.015625 0.03125 -0.0625 0.125 -0.001953125 0.00390625 -0.0078125 0.015625 -0.03125 0.0625 -0.125 0.001953125 -0.00390625 0.0078125 -0.015625 0.03125 -0.0625 0.125 -0.001953125 0.00390625 -0.0078125 0.015625 -0.03125 0.0625 -0.125 0.001953125 -0.00390625 0.0078125 -0.015625 0.03125 -0.0625 0.125 -0.001953125 0.00390625 -0.0078125 0.015625 -0.03125 0.0625 -0.125 0.001953125 -0.00390625 0.0078125 -0.015625 0.03125 -0.0625 0.125 -0.001953125 0.00390625 -0.0078125 0.015625 -0.03125 0.0625 -0.125 0.001953125 -0.00390625 0.0078125 -0.015625 0.03125 -0.0625 0.125 -0.001953125 0.00390625 -0.0078125 0.015625 -0.03125 0.0625 -0.125 0.001953125 -0.00390625 0.0078125 -0.015625 0.03125 -0.0625 0.125 -0.001953125 0.00390625 -0.0078125 0.015625 -0.03125 0.0625 -0.125 0.001953125 -0.00390625 0.0078125 -0.015625 0.03125 -0.0625 0.125 -0.001953125 0.00390625 -0.0078125 0.015625
0.00048828125 -0.0009765625 0.001953125 -0.00390625 0.0078125 -0.015625 0.03125 -0.00048828125 0.0009765625 -0.001953125 0.00390625 -0.0078125 0.015625 -0.03125 0.00048828125 -0.0009765625 0.001953125 -0.00390625 0.0078125 -0.015625 0.03125 -0.00048828125 0.0009765625 -0.001953125 0.00390625 -0.0078125 0.015625 -0.03125 0.00048828125 -0.0009765625 1.001953125 -0.00390625 0.0078125 -0.015625 0.03125 -0.00048828125 0.0009765625 -0.001953125 0.00390625 -0.0078125 0.015625 -0.03125 0.00048828125 -0.0009765625 0.001953125 -0.00390625 0.0078125 -0.015625 0.03125 -0.00048828125 0.0009765625 -0.001953125 0.00390625 -0.0078125 0.015625 -0.03125 0.00048828125 -0.0009765625 0.001953125 -0.00390625 0.0078125 -0.015625 0.03125 -0.00048828125 0.0009765625 -0.001953125 0.00390625 -0.0078125 0.015625 -0.03125 0.00048828125 -0.0009765625 0.001953125 -0.00390625 0.0078125 -0.015625 0.03125 -0.00048828125 0.0009765625 -0.001953125 0.00390625 -0.0078125 0.015625 -0.03125 0.00048828125 -0.0009765625 0.001953125 -0.00390625 0.0078125 -0.015625 0.03125 -0.00048828125 0.0009765625 -0.001953125 0.00390625 -0.0078125 0.015625 -0.03125 0.00048828125 -0.0009765625 0.001953125 -0.00390625 0.0078125 -0.015625 0.03125 -0.00048828125 0.0009765625 -0.001953125 0.00390625 -0.0078125 0.015625 -0.03125 0.00048828125 -0.0009765625 0.001953125 -0.00390625 0.0078125 -0.015625 0.03125 -0.00048828125 0.0009765625 -0.001953125 0.00390625 -0.0078125 0.015625 -0.03125 0.00048828125 -0.0009765625 0.001953125 -0.00390625 0.0078125 -0.015625 0.03125 -0.00048828125 0.0009765625 -0.001953125 0.00390625 -0.0078125 0.015625 -0.03125 0.00048828125 -0.0009765625 0.001953125 -0.00390625 0.0078125 -0.015625 0.03125 -0.00048828125 0.0009765625 -0.001953125 0.00390625 -0.0078125 0.015625 -0.03125 0.00048828125 -0.0009765625 0.001953125 -0.00390625 0.0078125 -0.015625 0.03125 -0.00048828125 0.0009765625 -0.001953125 0.00390625 -0.0078125 0.015625 -0.03125 0.00048828125 -0.0009765625 0.001953125 -0.00390625 0.0078125 -0.015625 0.03125 -0.00048828125 0.0009765625 -0.001953125 0.00390625 -0.0078125 0.015625 -0.03125 0.00048828125 -0.0009765625 0.001953125 -0.00390625 0.0078125 -0.015625 0.03125 -0.00048828125 0.0009765625 -0.001953125 0.00390625 -0.0078125 0.015625 -0.03125 0.00048828125 -0.0009765625 0.001953125 -0.00390625 0.0078125 -0.015625 0.03125 -0.00048828125 0.0009765625 -0.001953125 0.00390625 -0.0078125 0.015625 -0.03125 0.00048828125 -0.0009765625 0.001953125 -0.00390625 0.0078125 -0.015625 0.03125 -0.00048828125 0.0009765625 -0.001953125 0.00390625 -0.0078125 0.015625 -0.03125 0.00048828125 -0.0009765625 0.001953125 -0.00390625 0.0078125 -0.015625 0.03125 -0.00048828125 0.0009765625 -0.001953125 0.00390625 -0.0078125 0.015625 -0.03125 0.00048828125 -0.0009765625 0.001953125 -0.00390625 0.0078125 -0.015625 0.03125 -0.00048828125 0.0009765625 -0.001953125 0.00390625 -0.0078125 0.015625 -0.03125 0.00048828125 -0.0009765625 0.001953125 -0.00390625
-0.0009765625 0.001953125 -0.00390625 0.0078125 -0.015625 0.03125 -0.0625 0.0009765625 -0.001953125 0.00390625 -0.0078125 0.015625 -0.03125 0.0625 -0.0009765625 0.001953125 -0.00390625 0.0078125 -0.015625 0.03125 -0.0625 0.0009765625 -0.001953125 0.00390625 -0.0078125 0.015625 -0.03125 0.0625 -0.0009765625 0.001953125 -0.00390625 4.0078125 -0.015625 0.03125 -0.0625 0.0009765625 -0.001953125 0.00390625 -0.0078125 0.015625 -0.03125 0.0625 -0.0009765625 0.001953125 -0.00390625 0.0078125 -0.015625 0.03125 -0.0625 0.0009765625 -0.001953125 0.00390625 -0.0078125 0.015625 -0.03125 0.0625 -0.0009765625 0.001953125 -0.00390625 0.0078125 -0.015625 0.03125 -0.0625 0.0009765625 -0.001953125 0.00390625 -0.0078125 0.015625 -0.03125 0.0625 -0.0009765625 0.001953125 -0.00390625 0.0078125 -0.015625 0.03125 -0.0625 0.0009765625 -0.001953125 0.00390625 -0.0078125 0.015625 -0.03125 0.0625 -0.0009765625 0.001953125 -0.00390625 0.0078125 -0.015625 0.03125 -0.0625 0.0009765625 -0.001953125 0.00390625 -0.0078125 0.015625 -0.03125 0.0625 -0.0009765625 0.001953125 -0.00390625 0.0078125 -0.015625 0.03125 -0.0625 0.0009765625 -0.001953125 0.00390625 -0.0078125 0.015625 -0.03125 0.0625 -0.0009765625 0.001953125 -0.00390625 0.0078125 -0.015625 0.03125 -0.0625 0.0009765625 -0.001953125 0.00390625 -0.0078125 0.015625 -0.03125 0.0625 -0.0009765625 0.001953125 -0.00390625 0.0078125 -0.015625 0.03125 -0.0625 0.0009765625 -0.001953125 0.00390625 -0.0078125 0.015625 -0.03125 0.0625 -0.0009765625 0.001953125 -0.00390625 0.0078125 -0.015625 0.03125 -0.0625 0.0009765625 -0.001953125 0.00390625 -0.0078125 0.015625 -0.03125 0.0625 -0.0009765625 0.001953125 -0.00390625 0.0078125 -0.015625 0.03125 -0.0625 0.0009765625 -0.001953125 0.00390625 -0.0078125 0.015625 -0.03125 0.0625 -0.0009765625 0.001953125 -0.00390625 0.0078125 -0.015625 0.03125 -0.0625 0.0009765625 -0.001953125 0.00390625 -0.0078125 0.015625 -0.03125 0.0625 -0.0009765625 0.001953125 -0.00390625 0.0078125 -0.015625 0.03125 -0.0625 0.0009765625 -0.001953125 0.00390625 -0.0078125 0.015625 -0.03125 0.0625 -0.0009765625 0.001953125 -0.00390625 0.0078125 -0.015625 0.03125 -0.0625 0.0009765625 -0.001953125 0.00390625 -0.0078125 0.015625 -0.03125 0.0625 -0.0009765625 0.001953125 -0.00390625 0.0078125 -0.015625 0.03125 -0.0625 0.0009765625 -0.001953125 0.00390625 -0.0078125 0.015625 -0.03125 0.0625 -0.0009765625 0.001953125 -0.00390625 0.0078125 -0.015625 0.03125 -0.0625 0.0009765625 -0.001953125 0.00390625 -0.0078125 0.015625 -0.03125 0.0625 -0.0009765625 0.001953125 -0.00390625 0.0078125 -0.015625 0.03125 -0.0625 0.0009765625 -0.001953125 0.00390625 -0.0078125 0.015625 -0.03125 0.0625 -0.0009765625 0.001953125 -0.00390625 0.0078125
0.001953125 -0.00390625 0.0078125 -0.015625 0.03125 -0.0625 0.125 -0.001953125 0.00390625 -0.0078125 0.015625 -0.03125 0.0625 -0.125 0.001953125 -0.00390625 0.0078125 -0.015625 0.03125 -0.0625 0.125 -0.001953125 0.00390625 -0.0078125 0.015625 -0.03125 0.0625 -0.125 0.001953125 -0.00390625 0.0078125 -0.015625 16.03125 -0.0625 0.125 -0.001953125 0.00390625 -0.0078125 0.015625 -0.03125 0.0625 -0.125 0.001953125 -0.00390625 0.0078125 -0.015625 0.03125 -0.0625 0.125 -0.001953125 0.00390625 -0.0078125 0.015625 -0.03125 0.0625 -0.125 0.001953125 -0.00390625 0.0078125 -0.015625 0.03125 -0.0625 0.125 -0.001953125 0.00390625 -0.0078125 0.015625 -0.03125 0.0625 -0.125 0.001953125 -0.00390625 0.0078125 -0.015625 0.03125 -0.0625 0.125 -0.001953125 0.00390625 -0.0078125 0.015625 -0.03125 0.0625 -0.125 0.001953125 -0.00390625 0.0078125 -0.015625 0.03125 -0.0625 0.125 -0.001953125 0.00390625 -0.0078125 0.015625 -0.03125 0.0625 -0.125 0.001953125 -0.00390625 0.0078125 -0.015625 0.03125 -0.0625 0.125 -0.001953125 0.00390625 -0.0078125 0.015625 -0.03125 0.0625 -0.125 0.001953125 -0.00390625 0.0078125 -0.015625 0.03125 -0.0625 0.125 -0.001953125 0.00390625 -0.0078125 0.015625 -0.03125 0.0625 -0.125 0.001953125 -0.00390625 0.0078125 -0.015625 0.03125 -0.0625 0.125 -0.001953125 0.00390625 -0.0078125 0.015625 -0.03125 0.0625 -0.125 0.001953125 -0.00390625 0.0078125 -0.015625 0.03125 -0.0625 0.125 -0.001953125 0.00390625 -0.0078125 0.015625 -0.03125 0.0625 -0.125 0.001953125 -0.00390625 0.0078125 -0.015625 0.03125 -0.0625 0.125 -0.001953125 0.00390625 -0.0078125 0.015625 -0.03125 0.0625 -0.125 0.001953125 -0.00390625 0.0078125 -0.015625 0.03125 -0.0625 0.125 -0.001953125 0.00390625 -0.0078125 0.015625 -0.03125 0.0625 -0.125 0.001953125 -0.00390625 0.0078125 -0.015625 0.03125 -0.0625 0.125 -0.001953125 0.00390625 -0.0078125 0.015625 -0.03125 0.0625 -0.125 0.001953125 -0.00390625 0.0078125 -0.015625 0.03125 -0.0625 0.125 -0.001953125 0.00390625 -0.0078125 0.015625 -0.03125 0.0625 -0.125 0.001953125 -0.00390625 0.0078125 -0.015625 0.03125 -0.0625 0.125 -0.001953125 0.00390625 -0.0078125 0.015625 -0.03125 0.0625 -0.125 0.001953125 -0.00390625 0.0078125 -0.015625 0.03125 -0.0625 0.125 -0.001953125 0.00390625 -0.0078125 0.015625 -0.03125 0.0625 -0.125 0.001953125 -0.00390625 0.0078125 -0.015625 0.03125 -0.0625 0.125 -0.001953125 0.00390625 -0.0078125 0.015625 -0.03125 0.0625 -0.125 0.001953125 -0.00390625 0.0078125 -0.015625
-0.00048828125 0.0009765625 -0.001953125 0.00390625 -0.0078125 0.015625 -0.03125 0.00048828125 -0.0009765625 0.001953125 -0.00390625 0.0078125 -0.015625 0.03125 -0.00048828125 0.0009765625 -0.001953125 0.00390625 -0.0078125 0.015625 -0.03125 0.00048828125 -0.0009765625 0.001953125 -0.00390625 0.0078125 -0.015625 0.03125 -0.00048828125 0.0009765625 -0.001953125 0.00390625 -0.0078125 8.015625 -0.03125 0.00048828125 -0.0009765625 0.001953125 -0.00390625 0.0078125 -0.015625 0.03125 -0.00048828125 0.0009765625 -0.001953125 0.00390625 -0.0078125 0.015625 -0.03125 0.00048828125 -0.0009765625 0.001953125 -0.00390625 0.0078125 -0.015625 0.03125 -0.00048828125 0.0009765625 -0.001953125 0.00390625 -0.0078125 0.015625 -0.03125 0.00048828125 -0.0009765625 0.001953125 -0.00390625 0.0078125 -0.015625 0.03125 -0.00048828125 0.0009765625 -0.001953125 0.00390625 -0.0078125 0.015625 -0.03125 0.00048828125 -0.0009765625 0.001953125 -0.00390625 0.0078125 -0.015625 0.03125 -0.00048828125 0.0009765625 -0.001953125 0.00390625 -0.0078125 0.015625 -0.03125 0.00048828125 -0.0009765625 0.001953125 -0.00390625 0.0078125 -0.015625 0.03125 -0.00048828125 0.0009765625 -0.001953125 0.00390625 -0.0078125 0.015625 -0.03125 0.00048828125 -0.0009765625 0.001953125 -0.00390625 0.0078125 -0.015625 0.03125 -0.00048828125 0.0009765625 -0.001953125 0.00390625 -0.0078125 0.015625 -0.03125 0.00048828125 -0.0009765625 0.001953125 -0.00390625 0.0078125 -0.015625 0.03125 -0.00048828125 0.0009765625 -0.001953125 0.00390625 -0.0078125 0.015625 -0.03125 0.00048828125 -0.0009765625 0.001953125 -0.00390625 0.0078125 -0.015625 0.03125 -0.00048828125 0.0009765625 -0.001953125 0.00390625 -0.0078125 0.015625 -0.03125 0.00048828125 -0.0009765625 0.001953125 -0.00390625 0.0078125 -0.015625 0.03125 -0.00048828125 0.0009765625 -0.001953125 0.00390625 -0.0078125 0.015625 -0.03125 0.00048828125 -0.0009765625 0.001953125 -0.00390625 0.0078125 -0.015625 0.03125 -0.00048828125 0.0009765625 -0.001953125 0.00390625 -0.0078125 0.015625 -0.03125 0.00048828125 -0.0009765625 0.001953125 -0.00390625 0.0078125 -0.015625 0.03125 -0.00048828125 0.0009765625 -0.001953125 0.00390625 -0.0078125 0.015625 -0.03125 0.00048828125 -0.0009765625 0.001953125 -0.00390625 0.0078125 -0.015625 0.03125 -0.00048828125 0.0009765625 -0.001953125 0.00390625 -0.0078125 0.015625 -0.03125 0.00048828125 -0.0009765625 0.001953125 -0.00390625 0.0078125 -0.015625 0.03125 -0.00048828125 0.0009765625 -0.001953125 0.00390625 -0.0078125 0.015625 -0.03125 0.00048828125 -0.0009765625 0.001953125 -0.00390625 0.0078125 -0.015625 0.03125 -0.00048828125 0.0009765625 -0.001953125 0.00390625 -0.0078125 0.015625 -0.03125 0.00048828125 -0.0009765625 0.001953125 -0.00390625 0.0078125 -0.015625 0.03125 -0.00048828125 0.0009765625 -0.001953125 0.00390625 -0.0078125 0.015625 -0.03125 0.00048828125 -0.0009765625 0.001953125 -0.00390625 0.0078125 -0.015625 0.03125 -0.00048828125 0.0009765625 -0.001953125 0.00390625
0.0009765625 -0.001953125 0.00390625 -0.0078125 0.015625 -0.03125 0.0625 -0.0009765625 0.001953125 -0.00390625 0.0078125 -0.015625 0.03125 -0.0625 0.0009765625 -0.001953125 0.00390625 -0.0078125 0.015625 -0.03125 0.0625 -0.0009765625 0.001953125 -0.00390625 0.0078125 -0.015625 0.03125 -0.0625 0.0009765625 -0.001953125 0.00390625 -0.0078125 0.015625 -0.03125 32.0625 -0.0009765625 0.001953125 -0.00390625 0.0078125 -0.015625 0.03125 -0.0625 0.0009765625 -0.001953125 0.00390625 -0.0078125 0.015625 -0.03125 0.0625 -0.0009765625 0.001953125 -0.00390625 0.0078125 -0.015625 0.03125 -0.0625 0.0009765625 -0.001953125 0.00390625 -0.0078125 0.015625 -0.03125 0.0625 -0.0009765625 0.001953125 -0.00390625 0.0078125 -0.015625 0.03125 -0.0625 0.0009765625 -0.001953125 0.00390625 -0.0078125 0.015625 -0.03125 0.0625 -0.0009765625 0.001953125 -0.00390625 0.0078125 -0.015625 0.03125 -0.0625 0.0009765625 -0.001953125 0.00390625 -0.0078125 0.015625 -0.03125 0.0625 -0.0009765625 0.001953125 -0.00390625 0.0078125 -0.015625 0.03125 -0.0625 0.0009765625 -0.001953125 0.00390625 -0.0078125 0.015625 -0.03125 0.0625 -0.0009765625 0.001953125 -0.00390625 0.0078125 -0.015625 0.03125 -0.0625 0.0009765625 -0.001953125 0.00390625 -0.0078125 0.015625 -0.03125 0.0625 -0.0009765625 0.001953125 -0.00390625 0.0078125 -0.015625 0.03125 -0.0625 0.0009765625 -0.001953125 0.00390625 -0.0078125 0.015625 -0.03125 0.0625 -0.0009765625 0.001953125 -0.00390625 0.0078125 -0.015625 0.03125 -0.0625 0.0009765625 -0.001953125 0.00390625 -0.0078125 0.015625 -0.03125 0.0625 -0.0009765625 0.001953125 -0.00390625 0.0078125 -0.015625 0.03125 -0.0625 0.0009765625 -0.001953125 0.00390625 -0.0078125 0.015625 -0.03125 0.0625 -0.0009765625 0.001953125 -0.00390625 0.0078125 -0.015625 0.03125 -0.0625 0.0009765625 -0.001953125 0.00390625 -0.0078125 0.015625 -0.03125 0.0625 -0.0009765625 0.001953125 -0.00390625 0.0078125 -0.015625 0.03125 -0.0625 0.0009765625 -0.001953125 0.00390625 -0.0078125 0.015625 -0.03125 0.0625 -0.0009765625 0.001953125 -0.00390625 0.0078125 -0.015625 0.03125 -0.0625 0.0009765625 -0.001953125 0.00390625 -0.0078125 0.015625 -0.03125 0.0625 -0.0009765625 0.001953125 -0.00390625 0.0078125 -0.015625 0.03125 -0.0625 0.0009765625 -0.001953125 0.00390625 -0.0078125 0.015625 -0.03125 0.0625 -0.0009765625 0.001953125 -0.00390625 0.0078125 -0.015625 0.03125 -0.0625 0.0009765625 -0.001953125 0.00390625 -0.0078125 0.015625 -0.03125 0.0625 -0.0009765625 0.001953125 -0.00390625 0.0078125 -0.015625 0.03125 -0.0625 0.0009765625 -0.001953125 0.00390625 -0.0078125 0.015625 -0.03125 0.0625 -0.0009765625 0.001953125 -0.00390625 0.0078125 -0.015625 0.03125 -0.0625 0.0009765625 -0.001953125 0.00390625 -0.0078125
-0.001953125 0.00390625 -0.0078125 0.015625 -0.03125 0.0625 -0.125 0.001953125 -0.00390625 0.0078125 -0.015625 0.03125 -0.0625 0.125 -0.001953125 0.00390625 -0.0078125 0.015625 -0.03125 0.0625 -0.125 0.001953125 -0.00390625 0.0078125 -0.015625 0.03125 -0.0625 0.125 -0.001953125 0.00390625 -0.0078125 0.015625 -0.03125 0.0625 -0.125 1.001953125 -0.00390625 0.0078125 -0.015625 0.03125 -0.0625 0.125 -0.001953125 0.00390625 -0.0078125 0.015625 -0.03125 0.0625 -0.125 0.001953125 -0.00390625 0.0078125 -0.015625 0.03125 -0.0625 0.125 -0.001953125 0.00390625 -0.0078125 0.015625 -0.03125 0.0625 -0.125 0.001953125 -0.00390625 0.0078125 -0.015625 0.03125 -0.0625 0.125 -0.001953125 0.00390625 -0.0078125 0.015625 -0.03125 0.0625 -0.125 0.001953125 -0.00390625 0.0078125 -0.015625 0.03125 -0.0625 0.125 -0.001953125 0.00390625 -0.0078125 0.015625 -0.03125 0.0625 -0.125 0.001953125 -0.00390625 0.0078125 -0.015625 0.03125 -0.0625 0.125 -0.001953125 0.00390625 -0.0078125 0.015625 -0.03125 0.0625 -0.125 0.001953125 -0.00390625 0.0078125 -0.015625 0.03125 -0.0625 0.125 -0.001953125 0.00390625 -0.0078125 0.015625 -0.03125 0.0625 -0.125 0.001953125 -0.00390625 0.0078125 -0.015625 0.03125 -0.0625 0.125 -0.001953125 0.00390625 -0.0078125 0.015625 -0.03125 0.0625 -0.125 0.001953125 -0.00390625 0.0078125 -0.015625 0.03125 -0.0625 0.125 -0.001953125 0.00390625 -0.0078125 0.015625 -0.03125 0.0625 -0.125 0.001953125 -0.00390625 0.0078125 -0.015625 0.03125 -0.0625 0.125 -0.001953125 0.00390625 -0.0078125 0.015625 -0.03125 0.0625 -0.125 0.001953125 -0.00390625 0.0078125 -0.015625 0.03125 -0.0625 0.125 -0.001953125 0.00390625 -0.0078125 0.015625 -0.03125 0.0625 -0.125 0.001953125 -0.00390625 0.0078125 -0.015625 0.03125 -0.0625 0.125 -0.001953125 0.00390625 -0.0078125 0.015625 -0.03125 0.0625 -0.125 0.001953125 -0.00390625 0.0078125 -0.015625 0.03125 -0.0625 0.125 -0.001953125 0.00390625 -0.0078125 0.015625 -0.03125 0.0625 -0.125 0.001953125 -0.00390625 0.0078125 -0.015625 0.03125 -0.0625 0.125 -0.001953125 0.00390625 -0.0078125 0.015625 -0.03125 0.0625 -0.125 0.001953125 -0.00390625 0.0078125 -0.015625 0.03125 -0.0625 0.125 -0.001953125 0.00390625 -0.0078125 0.015625 -0.03125 0.0625 -0.125 0.001953125 -0.00390625 0.0078125 -0.015625 0.03125 -0.0625 0.125 -0.001953125 0.00390625 -0.0078125 0.015625 -0.03125 0.0625 -0.125 0.001953125 -0.00390625 0.0078125 -0.015625 0.03125 -0.0625 0.125 -0.001953125 0.00390625 -0.0078125 0.015625
0.00048828125 -0.0009765625 0.001953125 -0.00390625 0.0078125 -0.015625 0.03125 -0.00048828125 0.0009765625 -0.001953125 0.00390625 -0.0078125 0.015625 -0.03125 0.00048828125 -0.0009765625 0.001953125 -0.00390625 0.0078125 -0.015625 0.03125 -0.00048828125 0.0009765625 -0.001953125 0.00390625 -0.0078125 0.015625 -0.03125 0.00048828125 -0.0009765625 0.001953125 -0.00390625 0.0078125 -0.015625 0.03125 -0.00048828125 0.5009765625 -0.001953125 0.00390625 -0.0078125 0.015625 -0.03125 0.00048828125 -0.0009765625 0.001953125 -0.00390625 0.0078125 -0.015625 0.03125 -0.00048828125 0.0009765625 -0.001953125 0.00390625 -0.0078125 0.015625 -0.03125 0.00048828125 -0.0009765625 0.001953125 -0.00390625 0.0078125 -0.015625 0.03125 -0.00048828125 0.0009765625 -0.001953125 0.00390625 -0.0078125 0.015625 -0.03125 0.00048828125 -0.0009765625 0.001953125 -0.00390625 0.0078125 -0.015625 0.03125 -0.00048828125 0.0009765625 -0.001953125 0.00390625 -0.0078125 0.015625 -0.03125 0.00048828125 -0.0009765625 0.001953125 -0.00390625 0.0078125 -0.015625 0.03125 -0.00048828125 0.0009765625 -0.001953125 0.00390625 -0.0078125 0.015625 -0.03125 0.00048828125 -0.0009765625 0.001953125 -0.00390625 0.0078125 -0.015625 0.03125 -0.00048828125 0.0009765625 -0.001953125 0.00390625 -0.0078125 0.015625 -0.03125 0.00048828125 -0.0009765625 0.001953125 -0.00390625 0.0078125 -0.015625 0.03125 -0.00048828125 0.0009765625 -0.001953125 0.00390625 -0.0078125 0.015625 -0.03125 0.00048828125 -0.0009765625 0.001953125 -0.00390625 0.0078125 -0.015625 0.03125 -0.00048828125 0.0009765625 -0.001953125 0.00390625 -0.0078125 0.015625 -0.03125 0.00048828125 -0.0009765625 0.001953125 -0.00390625 0.0078125 -0.015625 0.03125 -0.00048828125 0.0009765625 -0.001953125 0.00390625 -0.0078125 0.015625 -0.03125 0.00048828125 -0.0009765625 0.001953125 -0.00390625 0.0078125 -0.015625 0.03125 -0.00048828125 0.0009765625 -0.001953125 0.00390625 -0.0078125 0.015625 -0.03125 0.00048828125 -0.0009765625 0.001953125 -0.00390625 0.0078125 -0.015625 0.03125 -0.00048828125 0.0009765625 -0.001953125 0.00390625 -0.0078125 0.015625 -0.03125 0.00048828125 -0.0009765625 0.001953125 -0.00390625 0.0078125 -0.015625 0.03125 -0.00048828125 0.0009765625 -0.001953125 0.00390625 -0.0078125 0.015625 -0.03125 0.00048828125 -0.0009765625 0.001953125 -0.00390625 0.0078125 -0.015625 0.03125 -0.00048828125 0.0009765625 -0.001953125 0.00390625 -0.0078125 0.015625 -0.03125 0.00048828125 -0.0009765625 0.001953125 -0.00390625 0.0078125 -0.015625 0.03125 -0.00048828125 0.0009765625 -0.001953125 0.00390625 -0.0078125 0.015625 -0.03125 0.00048828125 -0.0009765625 0.001953125 -0.00390625 0.0078125 -0.015625 0.03125 -0.00048828125 0.0009765625 -0.001953125 0.00390625 -0.0078125 0.015625 -0.03125 0.00048828125 -0.0009765625 0.001953125 -0.00390625 0.0078125 -0.015625 0.03125 -0.00048828125 0.0009765625 -0.001953125 0.00390625 -0.0078125 0.015625 -0.03125 0.00048828125 -0.0009765625 0.001953125 -0.00390625
-0.0009765625 0.001953125 -0.00390625 0.0078125 -0.015625 0.03125 -0.0625 0.0009765625 -0.001953125 0.00390625 -0.0078125 0.015625 -0.03125 0.0625 -0.0009765625 0.001953125 -0.00390625 0.0078125 -0.015625 0.03125 -0.0625 0.0009765625 -0.001953125 0.00390625 -0.0078125 0.015625 -0.03125 0.0625 -0.0009765625 0.001953125 -0.00390625 0.0078125 -0.015625 0.03125 -0.0625 0.0009765625 -0.001953125 2.00390625 -0.0078125 0.015625 -0.03125 0.0625 -0.0009765625 0.001953125 -0.00390625 0.0078125 -0.015625 0.03125 -0.0625 0.0009765625 -0.001953125 0.00390625 -0.0078125 0.015625 -0.03125 0.0625 -0.0009765625 0.001953125 -0.00390625 0.0078125 -0.015625 0.03125 -0.0625 0.0009765625 -0.001953125 0.00390625 -0.0078125 0.015625 -0.03125 0.0625 -0.0009765625 0.001953125 -0.00390625 0.0078125 -0.015625 0.03125 -0.0625 0.0009765625 -0.001953125 0.00390625 -0.0078125 0.015625 -0.03125 0.0625 -0.0009765625 0.001953125 -0.00390625 0.0078125 -0.015625 0.03125 -0.0625 0.0009765625 -0.001953125 0.00390625 -0.0078125 0.015625 -0.03125 0.0625 -0.0009765625 0.001953125 -0.00390625 0.0078125 -0.015625 0.03125 -0.0625 0.0009765625 -0.001953125 0.00390625 -0.0078125 0.015625 -0.03125 0.0625 -0.0009765625 0.001953125 -0.00390625 0.0078125 -0.015625 0.03125 -0.0625 0.0009765625 -0.001953125 0.00390625 -0.0078125 0.015625 -0.03125 0.0625 -0.0009765625 0.001953125 -0.00390625 0.0078125 -0.015625 0.03125 -0.0625 0.0009765625 -0.001953125 0.00390625 -0.0078125 0.015625 -0.03125 0.0625 -0.0009765625 0.001953125 -0.00390625 0.0078125 -0.015625 0.03125 -0.0625 0.0009765625 -0.001953125 0.00390625 -0.0078125 0.015625 -0.03125 0.0625 -0.0009765625 0.001953125 -0.00390625 0.0078125 -0.015625 0.03125 -0.0625 0.0009765625 -0.001953125 0.00390625 -0.0078125 0.015625 -0.03125 0.0625 -0.0009765625 0.001953125 -0.00390625 0.0078125 -0.015625 0.03125 -0.0625 0.0009765625 -0.001953125 0.00390625 -0.0078125 0.015625 -0.03125 0.0625 -0.0009765625 0.001953125 -0.00390625 0.0078125 -0.015625 0.03125 -0.0625 0.0009765625 -0.001953125 0.00390625 -0.0078125 0.015625 -0.03125 0.0625 -0.0009765625 0.001953125 -0.00390625 0.0078125 -0.015625 0.03125 -0.0625 0.0009765625 -0.001953125 0.00390625 -0.0078125 0.015625 -0.03125 0.0625 -0.0009765625 0.001953125 -0.00390625 0.0078125 -0.015625 0.03125 -0.0625 0.0009765625 -0.001953125 0.00390625 -0.0078125 0.015625 -0.03125 0.0625 -0.0009765625 0.001953125 -0.00390625 0.0078125 -0.015625 0.03125 -0.0625 0.0009765625 -0.001953125 0.00390625 -0.0078125 0.015625 -0.03125 0.0625 -0.0009765625 0.001953125 -0.00390625 0.0078125 -0.015625 0.03125 -0.0625 0.0009765625 -0.001953125 0.00390625 -0.0078125 0.015625 -0.03125 0.0625 -0.0009765625 0.001953125 -0.00390625 0.0078125
0.001953125 -0.00390625 0.0078125 -0.015625 0.03125 -0.0625 0.125 -0.001953125 0.00390625 -0.0078125 0.015625 -0.03125 0.0625 -0.125 0.001953125 -0.00390625 0.0078125 -0.015625 0.03125 -0.0625 0.125 -0.001953125 0.00390625 -0.0078125 0.015625 -0.03125 0.0625 -0.125 0.001953125 -0.00390625 0.0078125 -0.015625 0.03125 -0.0625 0.125 -0.001953125 0.00390625 -0.0078125 8.015625 -0.03125 0.0625 -0.125 0.001953125 -0.00390625 0.0078125 -0.015625 0.03125 -0.0625 0.125 -0.001953125 0.00390625 -0.0078125 0.015625 -0.03125 0.0625 -0.125 0.001953125 -0.00390625 0.0078125 -0.015625 0.03125 -0.0625 0.125 -0.001953125 0.00390625 -0.0078125 0.015625 -0.03125 0.0625 -0.125 0.001953125 -0.00390625 0.0078125 -0.015625 0.03125 -0.0625 0.125 -0.001953125 0.00390625 -0.0078125 0.015625 -0.03125 0.0625 -0.125 0.001953125 -0.00390625 0.0078125 -0.015625 0.03125 -0.0625 0.125 -0.001953125 0.00390625 -0.0078125 0.015625 -0.03125 0.0625 -0.125 0.001953125 -0.00390625 0.0078125 -0.015625 0.03125 -0.0625 0.125 -0.001953125 0.00390625 -0.0078125 0.015625 -0.03125 0.0625 -0.125 0.001953125 -0.00390625 0.0078125 -0.015625 0.03125 -0.0625 0.125 -0.001953125 0.00390625 -0.0078125 0.015625 -0.03125 0.0625 -0.125 0.001953125 -0.00390625 0.0078125 -0.015625 0.03125 -0.0625 0.125 -0.001953125 0.00390625 -0.0078125 0.015625 -0.03125 0.0625 -0.125 0.001953125 -0.00390625 0.0078125 -0.015625 0.03125 -0.0625 0.125 -0.001953125 0.00390625 -0.0078125 0.015625 -0.03125 0.0625 -0.125 0.001953125 -0.00390625 0.0078125 -0.015625 0.03125 -0.0625 0.125 -0.001953125 0.00390625 -0.0078125 0.015625 -0.03125 0.0625 -0.125 0.001953125 -0.00390625 0.0078125 -0.015625 0.03125 -0.0625 0.125 -0.001953125 0.00390625 -0.0078125 0.015625 -0.03125 0.0625 -0.125 0.001953125 -0.00390625 0.0078125 -0.015625 0.03125 -0.0625 0.125 -0.001953125 0.00390625 -0.0078125 0.015625 -0.03125 0.0625 -0.125 0.001953125 -0.00390625 0.0078125 -0.015625 0.03125 -0.0625 0.125 -0.001953125 0.00390625 -0.0078125 0.015625 -0.03125 0.0625 -0.125 0.001953125 -0.00390625 0.0078125 -0.015625 0.03125 -0.0625 0.125 -0.001953125 0.00390625 -0.0078125 0.015625 -0.03125 0.0625 -0.125 0.001953125 -0.00390625 0.0078125 -0.015625 0.03125 -0.0625 0.125 -0.001953125 0.00390625 -0.0078125 0.015625 -0.03125 0.0625 -0.125 0.001953125 -0.00390625 0.0078125 -0.015625 0.03125 -0.0625 0.125 -0.001953125 0.00390625 -0.0078125 0.015625 -0.03125 0.0625 -0.125 0.001953125 -0.00390625 0.0078125 -0.015625
-0.00048828125 0.0009765625 -0.001953125 0.00390625 -0.0078125 0.015625 -0.03125 0.00048828125 -0.0009765625 0.001953125 -0.00390625 0.0078125 -0.015625 0.03125 -0.00048828125 0.0009765625 -0.001953125 0.00390625 -0.0078125 0.015625 -0.03125 0.00048828125 -0.0009765625 0.001953125 -0.00390625 0.0078125 -0.015625 0.03125 -0.00048828125 0.0009765625 -0.001953125 0.00390625 -0.0078125 0.015625 -0.03125 0.00048828125 -0.0009765625 0.001953125 -0.00390625 4.0078125 -0.015625 0.03125 -0.00048828125 0.0009765625 -0.001953125 0.00390625 -0.0078125 0.015625 -0.03125 0.00048828125 -0.0009765625 0.001953125 -0.00390625 0.0078125 -0.015625 0.03125 -0.00048828125 0.0009765625 -0.001953125 0.00390625 -0.0078125 0.015625 -0.03125 0.00048828125 -0.0009765625 0.001953125 -0.00390625 0.0078125 -0.015625 0.03125 -0.00048828125 0.0009765625 -0.001953125 0.00390625 -0.0078125 0.015625 -0.03125 0.00048828125 -0.0009765625 0.001953125 -0.00390625 0.0078125 -0.015625 0.03125 -0.00048828125 0.0009765625 -0.001953125 0.00390625 -0.0078125 0.015625 -0.03125 0.00048828125 -0.0009765625 0.001953125 -0.00390625 0.0078125 -0.015625 0.03125 -0.00048828125 0.0009765625 -0.001953125 0.00390625 -0.0078125 0.015625 -0.03125 0.00048828125 -0.0009765625 0.001953125 -0.00390625 0.0078125 -0.015625 0.03125 -0.00048828125 0.0009765625 -0.001953125 0.00390625 -0.0078125 0.015625 -0.03125 0.00048828125 -0.0009765625 0.001953125 -0.00390625 0.0078125 -0.015625 0.03125 -0.00048828125 0.0009765625 -0.001953125 0.00390625 -0.0078125 0.015625 -0.03125 0.00048828125 -0.0009765625 0.001953125 -0.00390625 0.0078125 -0.015625 0.03125 -0.00048828125 0.0009765625 -0.001953125 0.00390625 -0.0078125 0.015625 -0.03125 0.00048828125 -0.0009765625 0.001953125 -0.00390625 0.0078125 -0.015625 0.03125 -0.00048828125 0.0009765625 -0.001953125 0.00390625 -0.0078125 0.015625 -0.03125 0.00048828125 -0.0009765625 0.001953125 -0.00390625 0.0078125 -0.015625 0.03125 -0.00048828125 0.0009765625 -0.001953125 0.00390625 -0.0078125 0.015625 -0.03125 0.00048828125 -0.0009765625 0.001953125 -0.00390625 0.0078125 -0.015625 0.03125 -0.00048828125 0.0009765625 -0.001953125 0.00390625 -0.0078125 0.015625 -0.03125 0.00048828125 -0.0009765625 0.001953125 -0.00390625 0.0078125 -0.015625 0.03125 -0.00048828125 0.0009765625 -0.001953125 0.00390625 -0.0078125 0.015625 -0.03125 0.00048828125 -0.0009765625 0.001953125 -0.00390625 0.0078125 -0.015625 0.03125 -0.00048828125 0.0009765625 -0.001953125 0.00390625 -0.0078125 0.015625 -0.03125 0.00048828125 -0.0009765625 0.001953125 -0.00390625 0.0078125 -0.015625 0.03125 -0.00048828125 0.0009765625 -0.001953125 0.00390625 -0.0078125 0.015625 -0.03125 0.00048828125 -0.0009765625 0.001953125 -0.00390625 0.0078125 -0.015625 0.03125 -0.00048828125 0.0009765625 -0.001953125 0.00390625 -0.0078125 0.015625 -0.03125 0.00048828125 -0.0009765625 0.001953125 -0.00390625 0.0078125 -0.015625 0.03125 -0.00048828125 0.0009765625 -0.001953125 0.00390625
0.0009765625 -0.001953125 0.00390625 -0.0078125 0.015625 -0.03125 0.0625 -0.0009765625 0.001953125 -0.00390625 0.0078125 -0.015625 0.03125 -0.0625 0.0009765625 -0.001953125 0.00390625 -0.0078125 0.015625 -0.03125 0.0625 -0.0009765625 0.001953125 -0.00390625 0.0078125 -0.015625 0.03125 -0.0625 0.0009765625 -0.001953125 0.00390625 -0.0078125 0.015625 -0.03125 0.0625 -0.0009765625 0.001953125 -0.00390625 0.0078125 -0.015625 16.03125 -0.0625 0.0009765625 -0.001953125 0.00390625 -0.0078125 0.015625 -0.03125 0.0625 -0.0009765625 0.001953125 -0.00390625 0.0078125 -0.015625 0.03125 -0.0625 0.0009765625 -0.001953125 0.00390625 -0.0078125 0.015625 -0.03125 0.0625 -0.0009765625 0.001953125 -0.00390625 0.0078125 -0.015625 0.03125 -0.0625 0.0009765625 -0.001953125 0.00390625 -0.0078125 0.015625 -0.03125 0.0625 -0.0009765625 0.001953125 -0.00390625 0.0078125 -0.015625 0.03125 -0.0625 0.0009765625 -0.001953125 0.00390625 -0.0078125 0.015625 -0.03125 0.0625 -0.0009765625 0.001953125 -0.00390625 0.0078125 -0.015625 0.03125 -0.0625 0.0009765625 -0.001953125 0.00390625 -0.0078125 0.015625 -0.03125 0.0625 -0.0009765625 0.001953125 -0.00390625 0.0078125 -0.015625 0.03125 -0.0625 0.0009765625 -0.001953125 0.00390625 -0.0078125 0.015625 -0.03125 0.0625 -0.0009765625 0.001953125 -0.00390625 0.0078125 -0.015625 0.03125 -0.0625 0.0009765625 -0.001953125 0.00390625 -0.0078125 0.015625 -0.03125 0.0625 -0.0009765625 0.001953125 -0.00390625 0.0078125 -0.015625 0.03125 -0.0625 0.0009765625 -0.001953125 0.00390625 -0.0078125 0.015625 -0.03125 0.0625 -0.0009765625 0.001953125 -0.00390625 0.0078125 -0.015625 0.03125 -0.0625 0.0009765625 -0.001953125 0.00390625 -0.0078125 0.015625 -0.03125 0.0625 -0.0009765625 0.001953125 -0.00390625 0.0078125 -0.015625 0.03125 -0.0625 0.0009765625 -0.001953125 0.00390625 -0.0078125 0.015625 -0.03125 0.0625 -0.0009765625 0.001953125 -0.00390625 0.0078125 -0.015625 0.03125 -0.0625 0.0009765625 -0.001953125 0.00390625 -0.0078125 0.015625 -0.03125 0.0625 -0.0009765625 0.001953125 -0.00390625 0.0078125 -0.015625 0.03125 -0.0625 0.0009765625 -0.001953125 0.00390625 -0.0078125 0.015625 -0.03125 0.0625 -0.0009765625 0.001953125 -0.00390625 0.0078125 -0.015625 0.03125 -0.0625 0.0009765625 -0.001953125 0.00390625 -0.0078125 0.015625 -0.03125 0.0625 -0.0009765625 0.001953125 -0.00390625 0.0078125 -0.015625 0.03125 -0.0625 0.0009765625 -0.001953125 0.00390625 -0.0078125 0.015625 -0.03125 0.0625 -0.0009765625 0.001953125 -0.00390625 0.0078125 -0.015625 0.03125 -0.0625 0.0009765625 -0.001953125 0.00390625 -0.0078125 0.015625 -0.03125 0.0625 -0.0009765625 0.001953125 -0.00390625 0.0078125 -0.015625 0.03125 -0.0625 0.0009765625 -0.001953125 0.00390625 -0.0078125
-0.001953125 0.00390625 -0.0078125 0.015625 -0.03125 0.0625 -0.125 0.001953125 -0.00390625 0.0078125 -0.015625 0.03125 -0.0625 0.125 -0.001953125 0.00390625 -0.0078125 0.015625 -0.03125 0.0625 -0.125 0.001953125 -0.00390625 0.0078125 -0.015625 0.03125 -0.0625 0.125 -0.001953125 0.00390625 -0.0078125 0.015625 -0.03125 0.0625 -0.125 0.001953125 -0.00390625 0.0078125 -0.015625 0.03125 -0.0625 64.125 -0.001953125 0.00390625 -0.0078125 0.015625 -0.03125 0.0625 -0.125 0.001953125 -0.00390625 0.0078125 -0.015625 0.03125 -0.0625 0.125 -0.001953125 0.00390625 -0.0078125 0.015625 -0.03125 0.0625 -0.125 0.001953125 -0.00390625 0.0078125 -0.015625 0.03125 -0.0625 0.125 -0.001953125 0.00390625 -0.0078125 0.015625 -0.03125 0.0625 -0.125 0.001953125 -0.00390625 0.0078125 -0.015625 0.03125 -0.0625 0.125 -0.001953125 0.00390625 -0.0078125 0.015625 -0.03125 0.0625 -0.125 0.001953125 -0.00390625 0.0078125 -0.015625 0.03125 -0.0625 0.125 -0.001953125 0.00390625 -0.0078125 0.015625 -0.03125 0.0625 -0.125 0.001953125 -0.00390625 0.0078125 -0.015625 0.03125 -0.0625 0.125 -0.001953125 0.00390625 -0.0078125 0.015625 -0.03125 0.0625 -0.125 0.001953125 -0.00390625 0.0078125 -0.015625 0.03125 -0.0625 0.125 -0.001953125 0.00390625 -0.0078125 0.015625 -0.03125 0.0625 -0.125 0.001953125 -0.00390625 0.0078125 -0.015625 0.03125 -0.0625 0.125 -0.001953125 0.00390625 -0.0078125 0.015625 -0.03125 0.0625 -0.125 0.001953125 -0.00390625 0.0078125 -0.015625 0.03125 -0.0625 0.125 -0.001953125 0.00390625 -0.0078125 0.015625 -0.03125 0.0625 -0.125 0.001953125 -0.00390625 0.0078125 -0.015625 0.03125 -0.0625 0.125 -0.001953125 0.00390625 -0.0078125 0.015625 -0.03125 0.0625 -0.125 0.001953125 -0.00390625 0.0078125 -0.015625 0.03125 -0.0625 0.125 -0.001953125 0.00390625 -0.0078125 0.015625 -0.03125 0.0625 -0.125 0.001953125 -0.00390625 0.0078125 -0.015625 0.03125 -0.0625 0.125 -0.001953125 0.00390625 -0.0078125 0.015625 -0.03125 0.0625 -0.125 0.001953125 -0.00390625 0.0078125 -0.015625 0.03125 -0.0625 0.125 -0.001953125 0.00390625 -0.0078125 0.015625 -0.03125 0.0625 -0.125 0.001953125 -0.00390625 0.0078125 -0.015625 0.03125 -0.0625 0.125 -0.001953125 0.00390625 -0.0078125 0.015625 -0.03125 0.0625 -0.125 0.001953125 -0.00390625 0.0078125 -0.015625 0.03125 -0.0625 0.125 -0.001953125 0.00390625 -0.0078125 0.015625 -0.03125 0.0625 -0.125 0.001953125 -0.00390625 0.0078125 -0.015625 0.03125 -0.0625 0.125 -0.001953125 0.00390625 -0.0078125 0.015625
0.00048828125 -0.0009765625 0.001953125 -0.00390625 0.0078125 -0.015625 0.03125 -0.00048828125 0.0009765625 -0.001953125 0.00390625 -0.0078125 0.015625 -0.03125 0.00048828125 -0.0009765625 0.001953125 -0.00390625 0.0078125 -0.015625 0.03125 -0.00048828125 0.0009765625 -0.001953125 0.00390625 -0.0078125 0.015625 -0.03125 0.00048828125 -0.0009765625 0.001953125 -0.00390625 0.0078125 -0.015625 0.03125 -0.00048828125 0.0009765625 -0.001953125 0.00390625 -0.0078125 0.015625 -0.03125 0.25048828125 -0.0009765625 0.001953125 -0.00390625 0.0078125 -0.015625 0.03125 -0.00048828125 0.0009765625 -0.001953125 0.00390625 -0.0078125 0.015625 -0.03125 0.00048828125 -0.0009765625 0.001953125 -0.00390625 0.0078125 -0.015625 0.03125 -0.00048828125 0.0009765625 -0.001953125 0.00390625 -0.0078125 0.015625 -0.03125 0.00048828125 -0.0009765625 0.001953125 -0.00390625 0.0078125 -0.015625 0.03125 -0.00048828125 0.0009765625 -0.001953125 0.00390625 -0.0078125 0.015625 -0.03125 0.00048828125 -0.0009765625 0.001953125 -0.00390625 0.0078125 -0.015625 0.03125 -0.00048828125 0.0009765625 -0.001953125 0.00390625 -0.0078125 0.015625 -0.03125 0.00048828125 -0.0009765625 0.001953125 -0.00390625 0.0078125 -0.015625 0.03125 -0.00048828125 0.0009765625 -0.001953125 0.00390625 -0.0078125 0.015625 -0.03125 0.00048828125 -0.0009765625 0.001953125 -0.00390625 0.0078125 -0.015625 0.03125 -0.00048828125 0.0009765625 -0.001953125 0.00390625 -0.0078125 0.015625 -0.03125 0.00048828125 -0.0009765625 0.001953125 -0.00390625 0.0078125 -0.015625 0.03125 -0.00048828125 0.0009765625 -0.001953125 0.00390625 -0.0078125 0.015625 -0.03125 0.00048828125 -0.0009765625 0.001953125 -0.00390625 0.0078125 -0.015625 0.03125 -0.00048828125 0.0009765625 -0.001953125 0.00390625 -0.0078125 0.015625 -0.03125 0.00048828125 -0.0009765625 0.001953125 -0.00390625 0.0078125 -0.015625 0.03125 -0.00048828125 0.0009765625 -0.001953125 0.00390625 -0.0078125 0.015625 -0.03125 0.00048828125 -0.0009765625 0.001953125 -0.00390625 0.0078125 -0.015625 0.03125 -0.00048828125 0.0009765625 -0.001953125 0.00390625 -0.0078125 0.015625 -0.03125 0.00048828125 -0.0009765625 0.001953125 -0.00390625 0.0078125 -0.015625 0.03125 -0.00048828125 0.0009765625 -0.001953125 0.00390625 -0.0078125 0.015625 -0.03125 0.00048828125 -0.0009765625 0.001953125 -0.00390625 0.0078125 -0.015625 0.03125 -0.00048828125 0.0009765625 -0.001953125 0.00390625 -0.0078125 0.015625 -0.03125 0.00048828125 -0.0009765625 0.001953125 -0.00390625 0.0078125 -0.015625 0.03125 -0.00048828125 0.0009765625 -0.001953125 0.00390625 -0.0078125 0.015625 -0.03125 0.00048828125 -0.0009765625 0.001953125 -0.00390625 0.0078125 -0.015625 0.03125 -0.00048828125 0.0009765625 -0.001953125 0.00390625 -0.0078125 0.015625 -0.03125 0.00048828125 -0.0009765625 0.001953125 -0.00390625 0.0078125 -0.015625 0.03125 -0.00048828125 0.0009765625 -0.001953125 0.00390625 -0.0078125 0.015625 -0.03125 0.00048828125 -0.0009765625 0.001953125 -0.00390625
-0.0009765625 0.001953125 -0.00390625 0.0078125 -0.015625 0.03125 -0.0625 0.0009765625 -0.001953125 0.00390625 -0.0078125 0.015625 -0.03125 0.0625 -0.0009765625 0.001953125 -0.00390625 0.0078125 -0.015625 0.03125 -0.0625 0.0009765625 -0.001953125 0.00390625 -0.0078125 0.015625 -0.03125 0.0625 -0.0009765625 0.001953125 -0.00390625 0.0078125 -0.015625 0.03125 -0.0625 0.0009765625 -0.001953125 0.00390625 -0.0078125 0.015625 -0.03125 0.0625 -0.0009765625 1.001953125 -0.00390625 0.0078125 -0.015625 0.03125 -0.0625 0.0009765625 -0.001953125 0.00390625 -0.0078125 0.015625 -0.03125 0.0625 -0.0009765625 0.001953125 -0.00390625 0.0078125 -0.015625 0.03125 -0.0625 0.0009765625 -0.001953125 0.00390625 -0.0078125 0.015625 -0.03125 0.0625 -0.0009765625 0.001953125 -0.00390625 0.0078125 -0.015625 0.03125 -0.0625 0.0009765625 -0.001953125 0.00390625 -0.0078125 0.015625 -0.03125 0.0625 -0.0009765625 0.001953125 -0.00390625 0.0078125 -0.015625 0.03125 -0.0625 0.0009765625 -0.001953125 0.00390625 -0.0078125 0.015625 -0.03125 0.0625 -0.0009765625 0.001953125 -0.00390625 0.0078125 -0.015625 0.03125 -0.0625 0.0009765625 -0.001953125 0.00390625 -0.0078125 0.015625 -0.03125 0.0625 -0.0009765625 0.001953125 -0.00390625 0.0078125 -0.015625 0.03125 -0.0625 0.0009765625 -0.001953125 0.00390625 -0.0078125 0.015625 -0.03125 0.0625 -0.0009765625 0.001953125 -0.00390625 0.0078125 -0.015625 0.03125 -0.0625 0.0009765625 -0.001953125 0.00390625 -0.0078125 0.015625 -0.03125 0.0625 -0.0009765625 0.001953125 -0.00390625 0.0078125 -0.015625 0.03125 -0.0625 0.0009765625 -0.001953125 0.00390625 -0.0078125 0.015625 -0.03125 0.0625 -0.0009765625 0.001953125 -0.00390625 0.0078125 -0.015625 0.03125 -0.0625 0.0009765625 -0.001953125 0.00390625 -0.0078125 0.015625 -0.03125 0.0625 -0.0009765625 0.001953125 -0.00390625 0.0078125 -0.015625 0.03125 -0.0625 0.0009765625 -0.001953125 0.00390625 -0.0078125 0.015625 -0.03125 0.0625 -0.0009765625 0.001953125 -0.00390625 0.0078125 -0.015625 0.03125 -0.0625 0.0009765625 -0.001953125 0.00390625 -0.0078125 0.015625 -0.03125 0.0625 -0.0009765625 0.001953125 -0.00390625 0.0078125 -0.015625 0.03125 -0.0625 0.0009765625 -0.001953125 0.00390625 -0.0078125 0.015625 -0.03125 0.0625 -0.0009765625 0.001953125 -0.00390625 0.0078125 -0.015625 0.03125 -0.0625 0.0009765625 -0.001953125 0.00390625 -0.0078125 0.015625 -0.03125 0.0625 -0.0009765625 0.001953125 -0.00390625 0.0078125 -0.015625 0.03125 -0.0625 0.0009765625 -0.001953125 0.00390625 -0.0078125 0.015625 -0.03125 0.0625 -0.0009765625 0.001953125 -0.00390625 0.0078125 -0.015625 0.03125 -0.0625 0.0009765625 -0.001953125 0.00390625 -0.0078125 0.015625 -0.03125 0.0625 -0.0009765625 0.001953125 -0.00390625 0.0078125
0.001953125 -0.00390625 0.0078125 -0.015625 0.03125 -0.0625 0.125 -0.001953125 0.00390625 -0.0078125 0.015625 -0.03125 0.0625 -0.125 0.001953125 -0.00390625 0.0078125 -0.015625 0.03125 -0.0625 0.125 -0.001953125 0.00390625 -0.0078125 0.015625 -0.03125 0.0625 -0.125 0.001953125 -0.00390625 0.0078125 -0.015625 0.03125 -0.0625 0.125 -0.001953125 0.00390625 -0.0078125 0.015625 -0.03125 0.0625 -0.125 0.001953125 -0.00390625 4.0078125 -0.015625 0.03125 -0.0625 0.125 -0.001953125 0.00390625 -0.0078125 0.015625 -0.03125 0.0625 -0.125 0.001953125 -0.00390625 0.0078125 -0.015625 0.03125 -0.0625 0.125 -0.001953125 0.00390625 -0.0078125 0.015625 -0.03125 0.0625 -0.125 0.001953125 -0.00390625 0.0078125 -0.015625 0.03125 -0.0625 0.125 -0.001953125 0.00390625 -0.0078125 0.015625 -0.03125 0.0625 -0.125 0.001953125 -0.00390625 0.0078125 -0.015625 0.03125 -0.0625 0.125 -0.001953125 0.00390625 -0.0078125 0.015625 -0.03125 0.0625 -0.125 0.001953125 -0.00390625 0.0078125 -0.015625 0.03125 -0.0625 0.125 -0.001953125 0.00390625 -0.0078125 0.015625 -0.03125 0.0625 -0.125 0.001953125 -0.00390625 0.0078125 -0.015625 0.03125 -0.0625 0.125 -0.001953125 0.00390625 -0.0078125 0.015625 -0.03125 0.0625 -0.125 0.001953125 -0.00390625 0.0078125 -0.015625 0.03125 -0.0625 0.125 -0.001953125 0.00390625 -0.0078125 0.015625 -0.03125 0.0625 -0.125 0.001953125 -0.00390625 0.0078125 -0.015625 0.03125 -0.0625 0.125 -0.001953125 0.00390625 -0.0078125 0.015625 -0.03125 0.0625 -0.125 0.001953125 -0.00390625 0.0078125 -0.015625 0.03125 -0.0625 0.125 -0.001953125 0.00390625 -0.0078125 0.015625 -0.03125 0.0625 -0.125 0.001953125 -0.00390625 0.0078125 -0.015625 0.03125 -0.0625 0.125 -0.001953125 0.00390625 -0.0078125 0.015625 -0.03125 0.0625 -0.125 0.001953125 -0.00390625 0.0078125 -0.015625 0.03125 -0.0625 0.125 -0.001953125 0.00390625 -0.0078125 0.015625 -0.03125 0.0625 -0.125 0.001953125 -0.00390625 0.0078125 -0.015625 0.03125 -0.0625 0.125 -0.001953125 0.00390625 -0.0078125 0.015625 -0.03125 0.0625 -0.125 0.001953125 -0.00390625 0.0078125 -0.015625 0.03125 -0.0625 0.125 -0.001953125 0.00390625 -0.0078125 0.015625 -0.03125 0.0625 -0.125 0.001953125 -0.00390625 0.0078125 -0.015625 0.03125 -0.0625 0.125 -0.001953125 0.00390625 -0.0078125 0.015625 -0.03125 0.0625 -0.125 0.001953125 -0.00390625 0.0078125 -0.015625 0.03125 -0.0625 0.125 -0.001953125 0.00390625 -0.0078125 0.015625 -0.03125 0.0625 -0.125 0.001953125 -0.00390625 0.0078125 -0.015625
-0.00048828125 0.0009765625 -0.001953125 0.00390625 -0.0078125 0.015625 -0.03125 0.00048828125 -0.0009765625 0.001953125 -0.00390625 0.0078125 -0.015625 0.03125 -0.00048828125 0.0009765625 -0.001953125 0.00390625 -0.0078125 0.015625 -0.03125 0.00048828125 -0.0009765625 0.001953125 -0.00390625 0.0078125 -0.015625 0.03125 -0.00048828125 0.0009765625 -0.001953125 0.00390625 -0.0078125 0.015625 -0.03125 0.00048828125 -0.0009765625 0.001953125 -0.00390625 0.0078125 -0.015625 0.03125 -0.00048828125 0.0009765625 -0.001953125 2.00390625 -0.0078125 0.015625 -0.03125 0.00048828125 -0.0009765625 0.001953125 -0.00390625 0.0078125 -0.015625 0.03125 -0.00048828125 0.0009765625 -0.001953125 0.00390625 -0.0078125 0.015625 -0.03125 0.00048828125 -0.0009765625 0.001953125 -0.00390625 0.0078125 -0.015625 0.03125 -0.00048828125 0.0009765625 -0.001953125 0.00390625 -0.0078125 0.015625 -0.03125 0.00048828125 -0.0009765625 0.001953125 -0.00390625 0.0078125 -0.015625 0.03125 -0.00048828125 0.0009765625 -0.001953125 0.00390625 -0.0078125 0.015625 -0.03125 0.00048828125 -0.0009765625 0.001953125 -0.00390625 0.0078125 -0.015625 0.03125 -0.00048828125 0.0009765625 -0.001953125 0.00390625 -0.0078125 0.015625 -0.03125 0.00048828125 -0.0009765625 0.001953125 -0.00390625 0.0078125 -0.015625 0.03125 -0.00048828125 0.0009765625 -0.001953125 0.00390625 -0.0078125 0.015625 -0.03125 0.00048828125 -0.0009765625 0.001953125 -0.00390625 0.0078125 -0.015625 0.03125 -0.00048828125 0.0009765625 -0.001953125 0.00390625 -0.0078125 0.015625 -0.03125 0.00048828125 -0.0009765625 0.001953125 -0.00390625 0.0078125 -0.015625 0.03125 -0.00048828125 0.0009765625 -0.001953125 0.00390625 -0.0078125 0.015625 -0.03125 0.00048828125 -0.0009765625 0.001953125 -0.00390625 0.0078125 -0.015625 0.03125 -0.00048828125 0.0009765625 -0.001953125 0.00390625 -0.0078125 0.015625 -0.03125 0.00048828125 -0.0009765625 0.001953125 -0.00390625 0.0078125 -0.015625 0.03125 -0.00048828125 0.0009765625 -0.001953125 0.00390625 -0.0078125 0.015625 -0.03125 0.00048828125 -0.0009765625 0.001953125 -0.00390625 0.0078125 -0.015625 0.03125 -0.00048828125 0.0009765625 -0.001953125 0.00390625 -0.0078125 0.015625 -0.03125 0.00048828125 -0.0009765625 0.001953125 -0.00390625 0.0078125 -0.015625 0.03125 -0.00048828125 0.0009765625 -0.001953125 0.00390625 -0.0078125 0.015625 -0.03125 0.00048828125 -0.0009765625 0.001953125 -0.00390625 0.0078125 -0.015625 0.03125 -0.00048828125 0.0009765625 -0.001953125 0.00390625 -0.0078125 0.015625 -0.03125 0.00048828125 -0.0009765625 0.001953125 -0.00390625 0.0078125 -0.015625 0.03125 -0.00048828125 0.0009765625 -0.001953125 0.00390625 -0.0078125 0.015625 -0.03125 0.00048828125 -0.0009765625 0.001953125 -0.00390625 0.0078125 -0.015625 0.03125 -0.00048828125 0.0009765625 -0.001953125 0.00390625 -0.0078125 0.015625 -0.03125 0.00048828125 -0.0009765625 0.001953125 -0.00390625 0.0078125 -0.015625 0.03125 -0.00048828125 0.0009765625 -0.001953125 0.00390625
0.0009765625 -0.001953125 0.00390625 -0.0078125 0.015625 -0.03125 0.0625 -0.0009765625 0.001953125 -0.00390625 0.0078125 -0.015625 0.03125 -0.0625 0.0009765625 -0.001953125 0.00390625 -0.0078125 0.015625 -0.03125 0.0625 -0.0009765625 0.001953125 -0.00390625 0.0078125 -0.015625 0.03125 -0.0625 0.0009765625 -0.001953125 0.00390625 -0.0078125 0.015625 -0.03125 0.0625 -0.0009765625 0.001953125 -0.00390625 0.0078125 -0.015625 0.03125 -0.0625 0.0009765625 -0.001953125 0.00390625 -0.0078125 8.015625 -0.03125 0.0625 -0.0009765625 0.001953125 -0.00390625 0.0078125 -0.015625 0.03125 -0.0625 0.0009765625 -0.001953125 0.00390625 -0.0078125 0.015625 -0.03125 0.0625 -0.0009765625 0.001953125 -0.00390625 0.0078125 -0.015625 0.03125 -0.0625 0.0009765625 -0.001953125 0.00390625 -0.0078125 0.015625 -0.03125 0.0625 -0.0009765625 0.001953125 -0.00390625 0.0078125 -0.015625 0.03125 -0.0625 0.0009765625 -0.001953125 0.00390625 -0.0078125 0.015625 -0.03125 0.0625 -0.0009765625 0.001953125 -0.00390625 0.0078125 -0.015625 0.03125 -0.0625 0.0009765625 -0.001953125 0.00390625 -0.0078125 0.015625 -0.03125 0.0625 -0.0009765625 0.001953125 -0.00390625 0.0078125 -0.015625 0.03125 -0.0625 0.0009765625 -0.001953125 0.00390625 -0.0078125 0.015625 -0.03125 0.0625 -0.0009765625 0.001953125 -0.00390625 0.0078125 -0.015625 0.03125 -0.0625 0.0009765625 -0.001953125 0.00390625 -0.0078125 0.015625 -0.03125 0.0625 -0.0009765625 0.001953125 -0.00390625 0.0078125 -0.015625 0.03125 -0.0625 0.0009765625 -0.001953125 0.00390625 -0.0078125 0.015625 -0.03125 0.0625 -0.0009765625 0.001953125 -0.00390625 0.0078125 -0.015625 0.03125 -0.0625 0.0009765625 -0.001953125 0.00390625 -0.0078125 0.015625 -0.03125 0.0625 -0.0009765625 0.001953125 -0.00390625 0.0078125 -0.015625 0.03125 -0.0625 0.0009765625 -0.001953125 0.00390625 -0.0078125 0.015625 -0.03125 0.0625 -0.0009765625 0.001953125 -0.00390625 0.0078125 -0.015625 0.03125 -0.0625 0.0009765625 -0.001953125 0.00390625 -0.0078125 0.015625 -0.03125 0.0625 -0.0009765625 0.001953125 -0.00390625 0.0078125 -0.015625 0.03125 -0.0625 0.0009765625 -0.001953125 0.00390625 -0.0078125 0.015625 -0.03125 0.0625 -0.0009765625 0.001953125 -0.00390625 0.0078125 -0.015625 0.03125 -0.0625 0.0009765625 -0.001953125 0.00390625 -0.0078125 0.015625 -0.03125 0.0625 -0.0009765625 0.001953125 -0.00390625 0.0078125 -0.015625 0.03125 -0.0625 0.0009765625 -0.001953125 0.00390625 -0.0078125 0.015625 -0.03125 0.0625 -0.0009765625 0.001953125 -0.00390625 0.0078125 -0.015625 0.03125 -0.0625 0.0009765625 -0.001953125 0.00390625 -0.0078125 0.015625 -0.03125 0.0625 -0.0009765625 0.001953125 -0.00390625 0.0078125 -0.015625 0.03125 -0.0625 0.0009765625 -0.001953125 0.00390625 -0.0078125
-0.001953125 0.00390625 -0.0078125 0.015625 -0.03125 0.0625 -0.125 0.001953125 -0.00390625 0.0078125 -0.015625 0.03125 -0.0625 0.125 -0.001953125 0.00390625 -0.0078125 0.015625 -0.03125 0.0625 -0.125 0.001953125 -0.00390625 0.0078125 -0.015625 0.03125 -0.0625 0.125 -0.001953125 0.00390625 -0.0078125 0.015625 -0.03125 0.0625 -0.125 0.001953125 -0.00390625 0.0078125 -0.015625 0.03125 -0.0625 0.125 -0.001953125 0.00390625 -0.0078125 0.015625 -0.03125 32.0625 -0.125 0.001953125 -0.00390625 0.0078125 -0.015625 0.03125 -0.0625 0.125 -0.001953125 0.00390625 -0.0078125 0.015625 -0.03125 0.0625 -0.125 0.001953125 -0.00390625 0.0078125 -0.015625 0.03125 -0.0625 0.125 -0.001953125 0.00390625 -0.0078125 0.015625 -0.03125 0.0625 -0.125 0.001953125 -0.00390625 0.0078125 -0.015625 0.03125 -0.0625 0.125 -0.001953125 0.00390625 -0.0078125 0.015625 -0.03125 0.0625 -0.125 0.001953125 -0.00390625 0.0078125 -0.015625 0.03125 -0.0625 0.125 -0.001953125 0.00390625 -0.0078125 0.015625 -0.03125 0.0625 -0.125 0.001953125 -0.00390625 0.0078125 -0.015625 0.03125 -0.0625 0.125 -0.001953125 0.00390625 -0.0078125 0.015625 -0.03125 0.0625 -0.125 0.001953125 -0.00390625 0.0078125 -0.015625 0.03125 -0.0625 0.125 -0.001953125 0.00390625 -0.0078125 0.015625 -0.03125 0.0625 -0.125 0.001953125 -0.00390625 0.0078125 -0.015625 0.03125 -0.0625 0.125 -0.001953125 0.00390625 -0.0078125 0.015625 -0.03125 0.0625 -0.125 0.001953125 -0.00390625 0.0078125 -0.015625 0.03125 -0.0625 0.125 -0.001953125 0.00390625 -0.0078125 0.015625 -0.03125 0.0625 -0.125 0.001953125 -0.00390625 0.0078125 -0.015625 0.03125 -0.0625 0.125 -0.001953125 0.00390625 -0.0078125 0.015625 -0.03125 0.0625 -0.125 0.001953125 -0.00390625 0.0078125 -0.015625 0.03125 -0.0625 0.125 -0.001953125 0.00390625 -0.0078125 0.015625 -0.03125 0.0625 -0.125 0.001953125 -0.00390625 0.0078125 -0.015625 0.03125 -0.0625 0.125 -0.001953125 0.00390625 -0.0078125 0.015625 -0.03125 0.0625 -0.125 0.001953125 -0.00390625 0.0078125 -0.015625 0.03125 -0.0625 0.125 -0.001953125 0.00390625 -0.0078125 0.015625 -0.03125 0.0625 -0.125 0.001953125 -0.00390625 0.0078125 -0.015625 0.03125 -0.0625 0.125 -0.001953125 0.00390625 -0.0078125 0.015625 -0.03125 0.0625 -0.125 0.001953125 -0.00390625 0.0078125 -0.015625 0.03125 -0.0625 0.125 -0.001953125 0.00390625 -0.0078125 0.015625 -0.03125 0.0625 -0.125 0.001953125 -0.00390625 0.0078125 -0.015625 0.03125 -0.0625 0.125 -0.001953125 0.00390625 -0.0078125 0.015625
0.00048828125 -0.0009765625 0.001953125 -0.00390625 0.0078125 -0.015625 0.03125 -0.00048828125 0.0009765625 -0.001953125 0.00390625 -0.0078125 0.015625 -0.03125 0.00048828125 -0.0009765625 0.001953125 -0.00390625 0.0078125 -0.015625 0.03125 -0.00048828125 0.0009765625 -0.001953125 0.00390625 -0.0078125 0.015625 -0.03125 0.00048828125 -0.0009765625 0.001953125 -0.00390625 0.0078125 -0.015625 0.03125 -0.00048828125 0.0009765625 -0.001953125 0.00390625 -0.0078125 0.015625 -0.03125 0.00048828125 -0.0009765625 0.001953125 -0.00390625 0.0078125 -0.015625 16.03125 -0.00048828125 0.0009765625 -0.001953125 0.00390625 -0.0078125 0.015625 -0.03125 0.00048828125 -0.0009765625 0.001953125 -0.00390625 0.0078125 -0.015625 0.03125 -0.00048828125 0.0009765625 -0.001953125 0.00390625 -0.0078125 0.015625 -0.03125 0.00048828125 -0.0009765625 0.001953125 -0.00390625 0.0078125 -0.015625 0.03125 -0.00048828125 0.0009765625 -0.001953125 0.00390625 -0.0078125 0.015625 -0.03125 0.00048828125 -0.0009765625 0.001953125 -0.00390625 0.0078125 -0.015625 0.03125 -0.00048828125 0.0009765625 -0.001953125 0.00390625 -0.0078125 0.015625 -0.03125 0.00048828125 -0.0009765625 0.001953125 -0.00390625 0.0078125 -0.015625 0.03125 -0.00048828125 0.0009765625 -0.001953125 0.00390625 -0.0078125 0.015625 -0.03125 0.00048828125 -0.0009765625 0.001953125 -0.00390625 0.0078125 -0.015625 0.03125 -0.00048828125 0.0009765625 -0.001953125 0.00390625 -0.0078125 0.015625 -0.03125 0.00048828125 -0.0009765625 0.001953125 -0.00390625 0.0078125 -0.015625 0.03125 -0.00048828125 0.0009765625 -0.001953125 0.00390625 -0.0078125 0.015625 -0.03125 0.00048828125 -0.0009765625 0.001953125 -0.00390625 0.0078125 -0.015625 0.03125 -0.00048828125 0.0009765625 -0.001953125 0.00390625 -0.0078125 0.015625 -0.03125 0.00048828125 -0.0009765625 0.001953125 -0.00390625 0.0078125 -0.015625 0.03125 -0.00048828125 0.0009765625 -0.001953125 0.00390625 -0.0078125 0.015625 -0.03125 0.00048828125 -0.0009765625 0.001953125 -0.00390625 0.0078125 -0.015625 0.03125 -0.00048828125 0.0009765625 -0.001953125 0.00390625 -0.0078125 0.015625 -0.03125 0.00048828125 -0.0009765625 0.001953125 -0.00390625 0.0078125 -0.015625 0.03125 -0.00048828125 0.0009765625 -0.001953125 0.00390625 -0.0078125 0.015625 -0.03125 0.00048828125 -0.0009765625 0.001953125 -0.00390625 0.0078125 -0.015625 0.03125 -0.00048828125 0.0009765625 -0.001953125 0.00390625 -0.0078125 0.015625 -0.03125 0.00048828125 -0.0009765625 0.001953125 -0.00390625 0.0078125 -0.015625 0.03125 -0.00048828125 0.0009765625 -0.001953125 0.00390625 -0.0078125 0.015625 -0.03125 0.00048828125 -0.0009765625 0.001953125 -0.00390625 0.0078125 -0.015625 0.03125 -0.00048828125 0.0009765625 -0.001953125 0.00390625 -0.0078125 0.015625 -0.03125 0.00048828125 -0.0009765625 0.001953125 -0.00390625 0.0078125 -0.015625 0.03125 -0.00048828125 0.0009765625 -0.001953125 0.00390625 -0.0078125 0.015625 -0.03125 0.00048828125 -0.0009765625 0.001953125 -0.00390625
-0.0009765625 0.001953125 -0.00390625 0.0078125 -0.015625 0.03125 -0.0625 0.0009765625 -0.001953125 0.00390625 -0.0078125 0.015625 -0.03125 0.0625 -0.0009765625 0.001953125 -0.00390625 0.0078125 -0.015625 0.03125 -0.0625 0.0009765625 -0.001953125 0.00390625 -0.0078125 0.015625 -0.03125 0.0625 -0.0009765625 0.001953125 -0.00390625 0.0078125 -0.015625 0.03125 -0.0625 0.0009765625 -0.001953125 0.00390625 -0.0078125 0.015625 -0.03125 0.0625 -0.0009765625 0.001953125 -0.00390625 0.0078125 -0.015625 0.03125 -0.0625 0.5009765625 -0.001953125 0.00390625 -0.0078125 0.015625 -0.03125 0.0625 -0.0009765625 0.001953125 -0.00390625 0.0078125 -0.015625 0.03125 -0.0625 0.0009765625 -0.001953125 0.00390625 -0.0078125 0.015625 -0.03125 0.0625 -0.0009765625 0.001953125 -0.00390625 0.0078125 -0.015625 0.03125 -0.0625 0.0009765625 -0.001953125 0.00390625 -0.0078125 0.015625 -0.03125 0.0625 -0.0009765625 0.001953125 -0.00390625 0.0078125 -0.015625 0.03125 -0.0625 0.0009765625 -0.001953125 0.00390625 -0.0078125 0.015625 -0.03125 0.0625 -0.0009765625 0.001953125 -0.00390625 0.0078125 -0.015625 0.03125 -0.0625 0.0009765625 -0.001953125 0.00390625 -0.0078125 0.015625 -0.03125 0.0625 -0.0009765625 0.001953125 -0.00390625 0.0078125 -0.015625 0.03125 -0.0625 0.0009765625 -0.001953125 0.00390625 -0.0078125 0.015625 -0.03125 0.0625 -0.0009765625 0.001953125 -0.00390625 0.0078125 -0.015625 0.03125 -0.0625 0.0009765625 -0.001953125 0.00390625 -0.0078125 0.015625 -0.03125 0.0625 -0.0009765625 0.001953125 -0.00390625 0.0078125 -0.015625 0.03125 -0.0625 0.0009765625 -0.001953125 0.00390625 -0.0078125 0.015625 -0.03125 0.0625 -0.0009765625 0.001953125 -0.00390625 0.0078125 -0.015625 0.03125 -0.0625 0.0009765625 -0.001953125 0.00390625 -0.0078125 0.015625 -0.03125 0.0625 -0.0009765625 0.001953125 -0.00390625 0.0078125 -0.015625 0.03125 -0.0625 0.0009765625 -0.001953125 0.00390625 -0.0078125 0.015625 -0.03125 0.0625 -0.0009765625 0.001953125 -0.00390625 0.0078125 -0.015625 0.03125 -0.0625 0.0009765625 -0.001953125 0.00390625 -0.0078125 0.015625 -0.03125 0.0625 -0.0009765625 0.001953125 -0.00390625 0.0078125 -0.015625 0.03125 -0.0625 0.0009765625 -0.001953125 0.00390625 -0.0078125 0.015625 -0.03125 0.0625 -0.0009765625 0.001953125 -0.00390625 0.0078125 -0.015625 0.03125 -0.0625 0.0009765625 -0.001953125 0.00390625 -0.0078125 0.015625 -0.03125 0.0625 -0.0009765625 0.001953125 -0.00390625 0.0078125 -0.015625 0.03125 -0.0625 0.0009765625 -0.001953125 0.00390625 -0.0078125 0.015625 -0.03125 0.0625 -0.0009765625 0.001953125 -0.00390625 0.0078125 -0.015625 0.03125 -0.0625 0.0009765625 -0.001953125 0.00390625 -0.0078125 0.015625 -0.03125 0.0625 -0.0009765625 0.001953125 -0.00390625 0.0078125
0.001953125 -0.00390625 0.0078125 -0.015625 0.03125 -0.0625 0.125 -0.001953125 0.00390625 -0.0078125 0.015625 -0.03125 0.0625 -0.125 0.001953125 -0.00390625 0.0078125 -0.015625 0.03125 -0.0625 0.125 -0.001953125 0.00390625 -0.0078125 0.015625 -0.03125 0.0625 -0.125 0.001953125 -0.00390625 0.0078125 -0.015625 0.03125 -0.0625 0.125 -0.001953125 0.00390625 -0.0078125 0.015625 -0.03125 0.0625 -0.125 0.001953125 -0.00390625 0.0078125 -0.015625 0.03125 -0.0625 0.125 -0.001953125 2.00390625 -0.0078125 0.015625 -0.03125 0.0625 -0.125 0.001953125 -0.00390625 0.0078125 -0.015625 0.03125 -0.0625 0.125 -0.001953125 0.00390625 -0.0078125 0.015625 -0.03125 0.0625 -0.125 0.001953125 -0.00390625 0.0078125 -0.015625 0.03125 -0.0625 0.125 -0.001953125 0.00390625 -0.0078125 0.015625 -0.03125 0.0625 -0.125 0.001953125 -0.00390625 0.0078125 -0.015625 0.03125 -0.0625 0.125 -0.001953125 0.00390625 -0.0078125 0.015625 -0.03125 0.0625 -0.125 0.001953125 -0.00390625 0.0078125 -0.015625 0.03125 -0.0625 0.125 -0.001953125 0.00390625 -0.0078125 0.015625 -0.03125 0.0625 -0.125 0.001953125 -0.00390625 0.0078125 -0.015625 0.03125 -0.0625 0.125 -0.001953125 0.00390625 -0.0078125 0.015625 -0.03125 0.0625 -0.125 0.001953125 -0.00390625 0.0078125 -0.015625 0.03125 -0.0625 0.125 -0.001953125 0.00390625 -0.0078125 0.015625 -0.03125 0.0625 -0.125 0.001953125 -0.00390625 0.0078125 -0.015625 0.03125 -0.0625 0.125 -0.001953125 0.00390625 -0.0078125 0.015625 -0.03125 0.0625 -0.125 0.001953125 -0.00390625 0.0078125 -0.015625 0.03125 -0.0625 0.125 -0.001953125 0.00390625 -0.0078125 0.015625 -0.03125 0.0625 -0.125 0.001953125 -0.00390625 0.0078125 -0.015625 0.03125 -0.0625 0.125 -0.001953125 0.00390625 -0.0078125 0.015625 -0.03125 0.0625 -0.125 0.001953125 -0.00390625 0.0078125 -0.015625 0.03125 -0.0625 0.125 -0.001953125 0.00390625 -0.0078125 0.015625 -0.03125 0.0625 -0.125 0.001953125 -0.00390625 0.0078125 -0.015625 0.03125 -0.0625 0.125 -0.001953125 0.00390625 -0.0078125 0.015625 -0.03125 0.0625 -0.125 0.001953125 -0.00390625 0.0078125 -0.015625 0.03125 -0.0625 0.125 -0.001953125 0.00390625 -0.0078125 0.015625 -0.03125 0.0625 -0.125 0.001953125 -0.00390625 0.0078125 -0.015625 0.03125 -0.0625 0.125 -0.001953125 0.00390625 -0.0078125 0.015625 -0.03125 0.0625 -0.125 0.001953125 -0.00390625 0.0078125 -0.015625 0.03125 -0.0625 0.125 -0.001953125 0.00390625 -0.0078125 0.015625 -0.03125 0.0625 -0.125 0.001953125 -0.00390625 0.0078125 -0.015625
-0.00048828125 0.0009765625 -0.001953125 0.00390625 -0.0078125 0.015625 -0.03125 0.00048828125 -0.0009765625 0.001953125 -0.00390625 0.0078125 -0.015625 0.03125 -0.00048828125 0.0009765625 -0.001953125 0.00390625 -0.0078125 0.015625 -0.03125 0.00048828125 -0.0009765625 0.001953125 -0.00390625 0.0078125 -0.015625 0.03125 -0.00048828125 0.0009765625 -0.001953125 0.00390625 -0.0078125 0.015625 -0.03125 0.00048828125 -0.0009765625 0.001953125 -0.00390625 0.0078125 -0.015625 0.03125 -0.00048828125 0.0009765625 -0.001953125 0.00390625 -0.0078125 0.015625 -0.03125 0.00048828125 -0.0009765625 1.001953125 -0.00390625 0.0078125 -0.015625 0.03125 -0.00048828125 0.0009765625 -0.001953125 0.00390625 -0.0078125 0.015625 -0.03125 0.00048828125 -0.0009765625 0.001953125 -0.00390625 0.0078125 -0.015625 0.03125 -0.00048828125 0.0009765625 -0.001953125 0.00390625 -0.0078125 0.015625 -0.03125 0.00048828125 -0.0009765625 0.001953125 -0.00390625 0.0078125 -0.015625 0.03125 -0.00048828125 0.0009765625 -0.001953125 0.00390625 -0.0078125 0.015625 -0.03125 0.00048828125 -0.0009765625 0.001953125 -0.00390625 0.0078125 -0.015625 0.03125 -0.00048828125 0.0009765625 -0.001953125 0.00390625 -0.0078125 0.015625 -0.03125 0.00048828125 -0.0009765625 0.001953125 -0.00390625 0.0078125 -0.015625 0.03125 -0.00048828125 0.0009765625 -0.001953125 0.00390625 -0.0078125 0.015625 -0.03125 0.00048828125 -0.0009765625 0.001953125 -0.00390625 0.0078125 -0.015625 0.03125 -0.00048828125 0.0009765625 -0.001953125 0.00390625 -0.0078125 0.015625 -0.03125 0.00048828125 -0.0009765625 0.001953125 -0.00390625 0.0078125 -0.015625 0.03125 -0.00048828125 0.0009765625 -0.001953125 0.00390625 -0.0078125 0.015625 -0.03125 0.00048828125 -0.0009765625 0.001953125 -0.00390625 0.0078125 -0.015625 0.03125 -0.00048828125 0.0009765625 -0.001953125 0.00390625 -0.0078125 0.015625 -0.03125 0.00048828125 -0.0009765625 0.001953125 -0.00390625 0.0078125 -0.015625 0.03125 -0.00048828125 0.0009765625 -0.001953125 0.00390625 -0.0078125 0.015625 -0.03125 0.00048828125 -0.0009765625 0.001953125 -0.00390625 0.0078125 -0.015625 0.03125 -0.00048828125 0.0009765625 -0.001953125 0.00390625 -0.0078125 0.015625 -0.03125 0.00048828125 -0.0009765625 0.001953125 -0.00390625 0.0078125 -0.015625 0.03125 -0.00048828125 0.0009765625 -0.001953125 0.00390625 -0.0078125 0.015625 -0.03125 0.00048828125 -0.0009765625 0.001953125 -0.00390625 0.0078125 -0.015625 0.03125 -0.00048828125 0.0009765625 -0.001953125 0.00390625 -0.0078125 0.015625 -0.03125 0.00048828125 -0.0009765625 0.001953125 -0.00390625 0.0078125 -0.015625 0.03125 -0.00048828125 0.0009765625 -0.001953125 0.00390625 -0.0078125 0.015625 -0.03125 0.00048828125 -0.0009765625 0.001953125 -0.00390625 0.0078125 -0.015625 0.03125 -0.00048828125 0.0009765625 -0.001953125 0.00390625 -0.0078125 0.015625 -0.03125 0.00048828125 -0.0009765625 0.001953125 -0.00390625 0.0078125 -0.015625 0.03125 -0.00048828125 0.0009765625 -0.001953125 0.00390625
0.0009765625 -0.001953125 0.00390625 -0.0078125 0.015625 -0.03125 0.0625 -0.0009765625 0.001953125 -0.00390625 0.0078125 -0.015625 0.03125 -0.0625 0.0009765625 -0.001953125 0.00390625 -0.0078125 0.015625 -0.03125 0.0625 -0.0009765625 0.001953125 -0.00390625 0.0078125 -0.015625 0.03125 -0.0625 0.0009765625 -0.001953125 0.00390625 -0.0078125 0.015625 -0.03125 0.0625 -0.0009765625 0.001953125 -0.00390625 0.0078125 -0.015625 0.03125 -0.0625 0.0009765625 -0.001953125 0.00390625 -0.0078125 0.015625 -0.03125 0.0625 -0.0009765625 0.001953125 -0.00390625 4.0078125 -0.015625 0.03125 -0.0625 0.0009765625 -0.001953125 0.00390625 -0.0078125 0.015625 -0.03125 0.0625 -0.0009765625 0.001953125 -0.00390625 0.0078125 -0.015625 0.03125 -0.0625 0.0009765625 -0.001953125 0.00390625 -0.0078125 0.015625 -0.03125 0.0625 -0.0009765625 0.001953125 -0.00390625 0.0078125 -0.015625 0.03125 -0.0625 0.0009765625 -0.001953125 0.00390625 -0.0078125 0.015625 -0.03125 0.0625 -0.0009765625 0.001953125 -0.00390625 0.0078125 -0.015625 0.03125 -0.0625 0.0009765625 -0.001953125 0.00390625 -0.0078125 0.015625 -0.03125 0.0625 -0.0009765625 0.001953125 -0.00390625 0.0078125 -0.015625 0.03125 -0.0625 0.0009765625 -0.001953125 0.00390625 -0.0078125 0.015625 -0.03125 0.0625 -0.0009765625 0.001953125 -0.00390625 0.0078125 -0.015625 0.03125 -0.0625 0.0009765625 -0.001953125 0.00390625 -0.0078125 0.015625 -0.03125 0.0625 -0.0009765625 0.001953125 -0.00390625 0.0078125 -0.015625 0.03125 -0.0625 0.0009765625 -0.001953125 0.00390625 -0.0078125 0.015625 -0.03125 0.0625 -0.0009765625 0.001953125 -0.00390625 0.0078125 -0.015625 0.03125 -0.0625 0.0009765625 -0.001953125 0.00390625 -0.0078125 0.015625 -0.03125 0.0625 -0.0009765625 0.001953125 -0.00390625 0.0078125 -0.015625 0.03125 -0.0625 0.0009765625 -0.001953125 0.00390625 -0.0078125 0.015625 -0.03125 0.0625 -0.0009765625 0.001953125 -0.00390625 0.0078125 -0.015625 0.03125 -0.0625 0.0009765625 -0.001953125 0.00390625 -0.0078125 0.015625 -0.03125 0.0625 -0.0009765625 0.001953125 -0.00390625 0.0078125 -0.015625 0.03125 -0.0625 0.0009765625 -0.001953125 0.00390625 -0.0078125 0.015625 -0.03125 0.0625 -0.0009765625 0.001953125 -0.00390625 0.0078125 -0.015625 0.03125 -0.0625 0.0009765625 -0.001953125 0.00390625 -0.0078125 0.015625 -0.03125 0.0625 -0.0009765625 0.001953125 -0.00390625 0.0078125 -0.015625 0.03125 -0.0625 0.0009765625 -0.001953125 0.00390625 -0.0078125 0.015625 -0.03125 0.0625 -0.0009765625 0.001953125 -0.00390625 0.0078125 -0.015625 0.03125 -0.0625 0.0009765625 -0.001953125 0.00390625 -0.0078125 0.015625 -0.03125 0.0625 -0.0009765625 0.001953125 -0.00390625 0.0078125 -0.015625 0.03125 -0.0625 0.0009765625 -0.001953125 0.00390625 -0.0078125
-0.001953125 0.00390625 -0.0078125 0.015625 -0.03125 0.0625 -0.125 0.001953125 -0.00390625 0.0078125 -0.015625 0.03125 -0.0625 0.125 -0.001953125 0.00390625 -0.0078125 0.015625 -0.03125 0.0625 -0.125 0.001953125 -0.00390625 0.0078125 -0.015625 0.03125 -0.0625 0.125 -0.001953125 0.00390625 -0.0078125 0.015625 -0.03125 0.0625 -0.125 0.001953125 -0.00390625 0.0078125 -0.015625 0.03125 -0.0625 0.125 -0.001953125 0.00390625 -0.0078125 0.015625 -0.03125 0.0625 -0.125 0.001953125 -0.00390625 0.0078125 -0.015625 16.03125 -0.0625 0.125 -0.001953125 0.00390625 -0.0078125 0.015625 -0.03125 0.0625 -0.125 0.001953125 -0.00390625 0.0078125 -0.015625 0.03125 -0.0625 0.125 -0.001953125 0.00390625 -0.0078125 0.015625 -0.03125 0.0625 -0.125 0.001953125 -0.00390625 0.0078125 -0.015625 0.03125 -0.0625 0.125 -0.001953125 0.00390625 -0.0078125 0.015625 -0.03125 0.0625 -0.125 0.001953125 -0.00390625 0.0078125 -0.015625 0.03125 -0.0625 0.125 -0.001953125 0.00390625 -0.0078125 0.015625 -0.03125 0.0625 -0.125 0.001953125 -0.00390625 0.0078125 -0.015625 0.03125 -0.0625 0.125 -0.001953125 0.00390625 -0.0078125 0.015625 -0.03125 0.0625 -0.125 0.001953125 -0.00390625 0.0078125 -0.015625 0.03125 -0.0625 0.125 -0.001953125 0.00390625 -0.0078125 0.015625 -0.03125 0.0625 -0.125 0.001953125 -0.00390625 0.0078125 -0.015625 0.03125 -0.0625 0.125 -0.001953125 0.00390625 -0.0078125 0.015625 -0.03125 0.0625 -0.125 0.001953125 -0.00390625 0.0078125 -0.015625 0.03125 -0.0625 0.125 -0.001953125 0.00390625 -0.0078125 0.015625 -0.03125 0.0625 -0.125 0.001953125 -0.00390625 0.0078125 -0.015625 0.03125 -0.0625 0.125 -0.001953125 0.00390625 -0.0078125 0.015625 -0.03125 0.0625 -0.125 0.001953125 -0.00390625 0.0078125 -0.015625 0.03125 -0.0625 0.125 -0.001953125 0.00390625 -0.0078125 0.015625 -0.03125 0.0625 -0.125 0.001953125 -0.00390625 0.0078125 -0.015625 0.03125 -0.0625 0.125 -0.001953125 0.00390625 -0.0078125 0.015625 -0.03125 0.0625 -0.125 0.001953125 -0.00390625 0.0078125 -0.015625 0.03125 -0.0625 0.125 -0.001953125 0.00390625 -0.0078125 0.015625 -0.03125 0.0625 -0.125 0.001953125 -0.00390625 0.0078125 -0.015625 0.03125 -0.0625 0.125 -0.001953125 0.00390625 -0.0078125 0.015625 -0.03125 0.0625 -0.125 0.001953125 -0.00390625 0.0078125 -0.015625 0.03125 -0.0625 0.125 -0.001953125 0.00390625 -0.0078125 0.015625 -0.03125 0.0625 -0.125 0.001953125 -0.00390625 0.0078125 -0.015625 0.03125 -0.0625 0.125 -0.001953125 0.00390625 -0.0078125 0.015625
0.00048828125 -0.0009765625 0.001953125 -0.00390625 0.0078125 -0.015625 0.03125 -0.00048828125 0.0009765625 -0.001953125 0.00390625 -0.0078125 0.015625 -0.03125 0.00048828125 -0.0009765625 0.001953125 -0.00390625 0.0078125 -0.015625 0.03125 -0.00048828125 0.0009765625 -0.001953125 0.00390625 -0.0078125 0.015625 -0.03125 0.00048828125 -0.0009765625 0.001953125 -0.00390625 0.0078125 -0.015625 0.03125 -0.00048828125 0.0009765625 -0.001953125 0.00390625 -0.0078125 0.015625 -0.03125 0.00048828125 -0.0009765625 0.001953125 -0.00390625 0.0078125 -0.015625 0.03125 -0.00048828125 0.0009765625 -0.001953125 0.00390625 -0.0078125 8.015625 -0.03125 0.00048828125 -0.0009765625 0.001953125 -0.00390625 0.0078125 -0.015625 0.03125 -0.00048828125 0.0009765625 -0.001953125 0.00390625 -0.0078125 0.015625 -0.03125 0.00048828125 -0.0009765625 0.001953125 -0.00390625 0.0078125 -0.015625 0.03125 -0.00048828125 0.0009765625 -0.001953125 0.00390625 -0.0078125 0.015625 -0.03125 0.00048828125 -0.0009765625 0.001953125 -0.00390625 0.0078125 -0.015625 0.03125 -0.00048828125 0.0009765625 -0.001953125 0.00390625 -0.0078125 0.015625 -0.03125 0.00048828125 -0.0009765625 0.001953125 -0.00390625 0.0078125 -0.015625 0.03125 -0.00048828125 0.0009765625 -0.001953125 0.00390625 -0.0078125 0.015625 -0.03125 0.00048828125 -0.0009765625 0.001953125 -0.00390625 0.0078125 -0.015625 0.03125 -0.00048828125 0.0009765625 -0.001953125 0.00390625 -0.0078125 0.015625 -0.03125 0.00048828125 -0.0009765625 0.001953125 -0.00390625 0.0078125 -0.015625 0.03125 -0.00048828125 0.0009765625 -0.001953125 0.00390625 -0.0078125 0.015625 -0.03125 0.00048828125 -0.0009765625 0.001953125 -0.00390625 0.0078125 -0.015625 0.03125 -0.00048828125 0.0009765625 -0.001953125 0.00390625 -0.0078125 0.015625 -0.03125 0.00048828125 -0.0009765625 0.001953125 -0.00390625 0.0078125 -0.015625 0.03125 -0.00048828125 0.0009765625 -0.001953125 0.00390625 -0.0078125 0.015625 -0.03125 0.00048828125 -0.0009765625 0.001953125 -0.00390625 0.0078125 -0.015625 0.03125 -0.00048828125 0.0009765625 -0.001953125 0.00390625 -0.0078125 0.015625 -0.03125 0.00048828125 -0.0009765625 0.001953125 -0.00390625 0.0078125 -0.015625 0.03125 -0.00048828125 0.0009765625 -0.001953125 0.00390625 -0.0078125 0.015625 -0.03125 0.00048828125 -0.0009765625 0.001953125 -0.00390625 0.0078125 -0.015625 0.03125 -0.00048828125 0.0009765625 -0.001953125 0.00390625 -0.0078125 0.015625 -0.03125 0.00048828125 -0.0009765625 0.001953125 -0.00390625 0.0078125 -0.015625 0.03125 -0.00048828125 0.0009765625 -0.001953125 0.00390625 -0.0078125 0.015625 -0.03125 0.00048828125 -0.0009765625 0.001953125 -0.00390625 0.0078125 -0.015625 0.03125 -0.00048828125 0.0009765625 -0.001953125 0.00390625 -0.0078125 0.015625 -0.03125 0.00048828125 -0.0009765625 0.001953125 -0.00390625 0.0078125 -0.015625 0.03125 -0.00048828125 0.0009765625 -0.001953125 0.00390625 -0.0078125 0.015625 -0.03125 0.00048828125 -0.0009765625 0.001953125 -0.00390625
-0.0009765625 0.001953125 -0.00390625 0.0078125 -0.015625 0.03125 -0.0625 0.0009765625 -0.001953125 0.00390625 -0.0078125 0.015625 -0.03125 0.0625 -0.0009765625 0.001953125 -0.00390625 0.0078125 -0.015625 0.03125 -0.0625 0.0009765625 -0.001953125 0.00390625 -0.0078125 0.015625 -0.03125 0.0625 -0.0009765625 0.001953125 -0.00390625 0.0078125 -0.015625 0.03125 -0.0625 0.0009765625 -0.001953125 0.00390625 -0.0078125 0.015625 -0.03125 0.0625 -0.0009765625 0.001953125 -0.00390625 0.0078125 -0.015625 0.03125 -0.0625 0.0009765625 -0.001953125 0.00390625 -0.0078125 0.015625 -0.03125 32.0625 -0.0009765625 0.001953125 -0.00390625 0.0078125 -0.015625 0.03125 -0.0625 0.0009765625 -0.001953125 0.00390625 -0.0078125 0.015625 -0.03125 0.0625 -0.0009765625 0.001953125 -0.00390625 0.0078125 -0.015625 0.03125 -0.0625 0.0009765625 -0.001953125 0.00390625 -0.0078125 0.015625 -0.03125 0.0625 -0.0009765625 0.001953125 -0.00390625 0.0078125 -0.015625 0.03125 -0.0625 0.0009765625 -0.001953125 0.00390625 -0.0078125 0.015625 -0.03125 0.0625 -0.0009765625 0.001953125 -0.00390625 0.0078125 -0.015625 0.03125 -0.0625 0.0009765625 -0.001953125 0.00390625 -0.0078125 0.015625 -0.03125 0.0625 -0.0009765625 0.001953125 -0.00390625 0.0078125 -0.015625 0.03125 -0.0625 0.0009765625 -0.001953125 0.00390625 -0.0078125 0.015625 -0.03125 0.0625 -0.0009765625 0.001953125 -0.00390625 0.0078125 -0.015625 0.03125 -0.0625 0.0009765625 -0.001953125 0.00390625 -0.0078125 0.015625 -0.03125 0.0625 -0.0009765625 0.001953125 -0.00390625 0.0078125 -0.015625 0.03125 -0.0625 0.0009765625 -0.001953125 0.00390625 -0.0078125 0.015625 -0.03125 0.0625 -0.0009765625 0.001953125 -0.00390625 0.0078125 -0.015625 0.03125 -0.0625 0.0009765625 -0.001953125 0.00390625 -0.0078125 0.015625 -0.03125 0.0625 -0.0009765625 0.001953125 -0.00390625 0.0078125 -0.015625 0.03125 -0.0625 0.0009765625 -0.001953125 0.00390625 -0.0078125 0.015625 -0.03125 0.0625 -0.0009765625 0.001953125 -0.00390625 0.0078125 -0.015625 0.03125 -0.0625 0.0009765625 -0.001953125 0.00390625 -0.0078125 0.015625 -0.03125 0.0625 -0.0009765625 0.001953125 -0.00390625 0.0078125 -0.015625 0.03125 -0.0625 0.0009765625 -0.001953125 0.00390625 -0.0078125 0.015625 -0.03125 0.0625 -0.0009765625 0.001953125 -0.00390625 0.0078125 -0.015625 0.03125 -0.0625 0.0009765625 -0.001953125 0.00390625 -0.0078125 0.015625 -0.03125 0.0625 -0.0009765625 0.001953125 -0.00390625 0.0078125 -0.015625 0.03125 -0.0625 0.0009765625 -0.001953125 0.00390625 -0.0078125 0.015625 -0.03125 0.0625 -0.0009765625 0.001953125 -0.00390625 0.0078125 -0.015625 0.03125 -0.0625 0.0009765625 -0.001953125 0.00390625 -0.0078125 0.015625 -0.03125 0.0625 -0.0009765625 0.001953125 -0.00390625 0.0078125
0.001953125 -0.00390625 0.0078125 -0.015625 0.03125 -0.0625 0.125 -0.001953125 0.00390625 -0.0078125 0.015625 -0.03125 0.0625 -0.125 0.001953125 -0.00390625 0.0078125 -0.015625 0.03125 -0.0625 0.125 -0.001953125 0.00390625 -0.0078125 0.015625 -0.03125 0.0625 -0.125 0.001953125 -0.00390625 0.0078125 -0.015625 0.03125 -0.0625 0.125 -0.001953125 0.00390625 -0.0078125 0.015625 -0.03125 0.0625 -0.125 0.001953125 -0.00390625 0.0078125 -0.015625 0.03125 -0.0625 0.125 -0.001953125 0.00390625 -0.0078125 0.015625 -0.03125 0.0625 -0.125 1.001953125 -0.00390625 0.0078125 -0.015625 0.03125 -0.0625 0.125 -0.001953125 0.00390625 -0.0078125 0.015625 -0.03125 0.0625 -0.125 0.001953125 -0.00390625 0.0078125 -0.015625 0.03125 -0.0625 0.125 -0.001953125 0.00390625 -0.0078125 0.015625 -0.03125 0.0625 -0.125 0.001953125 -0.00390625 0.0078125 -0.015625 0.03125 -0.0625 0.125 -0.001953125 0.00390625 -0.0078125 0.015625 -0.03125 0.0625 -0.125 0.001953125 -0.00390625 0.0078125 -0.015625 0.03125 -0.0625 0.125 -0.001953125 0.00390625 -0.0078125 0.015625 -0.03125 0.0625 -0.125 0.001953125 -0.00390625 0.0078125 -0.015625 0.03125 -0.0625 0.125 -0.001953125 0.00390625 -0.0078125 0.015625 -0.03125 0.0625 -0.125 0.001953125 -0.00390625 0.0078125 -0.015625 0.03125 -0.0625 0.125 -0.001953125 0.00390625 -0.0078125 0.015625 -0.03125 0.0625 -0.125 0.001953125 -0.00390625 0.0078125 -0.015625 0.03125 -0.0625 0.125 -0.001953125 0.00390625 -0.0078125 0.015625 -0.03125 0.0625 -0.125 0.001953125 -0.00390625 0.0078125 -0.015625 0.03125 -0.0625 0.125 -0.001953125 0.00390625 -0.0078125 0.015625 -0.03125 0.0625 -0.125 0.001953125 -0.00390625 0.0078125 -0.015625 0.03125 -0.0625 0.125 -0.001953125 0.00390625 -0.0078125 0.015625 -0.03125 0.0625 -0.125 0.001953125 -0.00390625 0.0078125 -0.015625 0.03125 -0.0625 0.125 -0.001953125 0.00390625 -0.0078125 0.015625 -0.03125 0.0625 -0.125 0.001953125 -0.00390625 0.0078125 -0.015625 0.03125 -0.0625 0.125 -0.001953125 0.00390625 -0.0078125 0.015625 -0.03125 0.0625 -0.125 0.001953125 -0.00390625 0.0078125 -0.015625 0.03125 -0.0625 0.125 -0.001953125 0.00390625 -0.0078125 0.015625 -0.03125 0.0625 -0.125 0.001953125 -0.00390625 0.0078125 -0.015625 0.03125 -0.0625 0.125 -0.001953125 0.00390625 -0.0078125 0.015625 -0.03125 0.0625 -0.125 0.001953125 -0.00390625 0.0078125 -0.015625 0.03125 -0.0625 0.125 -0.001953125 0.00390625 -0.0078125 0.015625 -0.03125 0.0625 -0.125 0.001953125 -0.00390625 0.0078125 -0.015625
-0.00048828125 0.0009765625 -0.001953125 0.00390625 -0.0078125 0.015625 -0.03125 0.00048828125 -0.0009765625 0.001953125 -0.00390625 0.0078125 -0.015625 0.03125 -0.00048828125 0.0009765625 -0.001953125 0.00390625 -0.0078125 0.015625 -0.03125 0.00048828125 -0.0009765625 0.001953125 -0.00390625 0.0078125 -0.015625 0.03125 -0.00048828125 0.0009765625 -0.001953125 0.00390625 -0.0078125 0.015625 -0.03125 0.00048828125 -0.0009765625 0.001953125 -0.00390625 0.0078125 -0.015625 0.03125 -0.00048828125 0.0009765625 -0.001953125 0.00390625 -0.0078125 0.015625 -0.03125 0.00048828125 -0.0009765625 0.001953125 -0.00390625 0.0078125 -0.015625 0.03125 -0.00048828125 0.5009765625 -0.001953125 0.00390625 -0.0078125 0.015625 -0.03125 0.00048828125 -0.0009765625 0.001953125 -0.00390625 0.0078125 -0.015625 0.03125 -0.00048828125 0.0009765625 -0.001953125 0.00390625 -0.0078125 0.015625 -0.03125 0.00048828125 -0.0009765625 0.001953125 -0.00390625 0.0078125 -0.015625 0.03125 -0.00048828125 0.0009765625 -0.001953125 0.00390625 -0.0078125 0.015625 -0.03125 0.00048828125 -0.0009765625 0.001953125 -0.00390625 0.0078125 -0.015625 0.03125 -0.00048828125 0.0009765625 -0.001953125 0.00390625 -0.0078125 0.015625 -0.03125 0.00048828125 -0.0009765625 0.001953125 -0.00390625 0.0078125 -0.015625 0.03125 -0.00048828125 0.0009765625 -0.001953125 0.00390625 -0.0078125 0.015625 -0.03125 0.00048828125 -0.0009765625 0.001953125 -0.00390625 0.0078125 -0.015625 0.03125 -0.00048828125 0.0009765625 -0.001953125 0.00390625 -0.0078125 0.015625 -0.03125 0.00048828125 -0.0009765625 0.001953125 -0.00390625 0.0078125 -0.015625 0.03125 -0.00048828125 0.0009765625 -0.001953125 0.00390625 -0.0078125 0.015625 -0.03125 0.00048828125 -0.0009765625 0.001953125 -0.00390625 0.0078125 -0.015625 0.03125 -0.00048828125 0.0009765625 -0.001953125 0.00390625 -0.0078125 0.015625 -0.03125 0.00048828125 -0.0009765625 0.001953125 -0.00390625 0.0078125 -0.015625 0.03125 -0.00048828125 0.0009765625 -0.001953125 0.00390625 -0.0078125 0.015625 -0.03125 0.00048828125 -0.0009765625 0.001953125 -0.00390625 0.0078125 -0.015625 0.03125 -0.00048828125 0.0009765625 -0.001953125 0.00390625 -0.0078125 0.015625 -0.03125 0.00048828125 -0.0009765625 0.001953125 -0.00390625 0.0078125 -0.015625 0.03125 -0.00048828125 0.0009765625 -0.001953125 0.00390625 -0.0078125 0.015625 -0.03125 0.00048828125 -0.0009765625 0.001953125 -0.00390625 0.0078125 -0.015625 0.03125 -0.00048828125 0.0009765625 -0.001953125 0.00390625 -0.0078125 0.015625 -0.03125 0.00048828125 -0.0009765625 0.001953125 -0.00390625 0.0078125 -0.015625 0.03125 -0.00048828125 0.0009765625 -0.001953125 0.00390625 -0.0078125 0.015625 -0.03125 0.00048828125 -0.0009765625 0.001953125 -0.00390625 0.0078125 -0.015625 0.03125 -0.00048828125 0.0009765625 -0.001953125 0.00390625 -0.0078125 0.015625 -0.03125 0.00048828125 -0.0009765625 0.001953125 -0.00390625 0.0078125 -0.015625 0.03125 -0.00048828125 0.0009765625 -0.001953125 0.00390625
0.0009765625 -0.001953125 0.00390625 -0.0078125 0.015625 -0.03125 0.0625 -0.0009765625 0.001953125 -0.00390625 0.0078125 -0.015625 0.03125 -0.0625 0.0009765625 -0.001953125 0.00390625 -0.0078125 0.015625 -0.03125 0.0625 -0.0009765625 0.001953125 -0.00390625 0.0078125 -0.015625 0.03125 -0.0625 0.0009765625 -0.001953125 0.00390625 -0.0078125 0.015625 -0.03125 0.0625 -0.0009765625 0.001953125 -0.00390625 0.0078125 -0.015625 0.03125 -0.0625 0.0009765625 -0.001953125 0.00390625 -0.0078125 0.015625 -0.03125 0.0625 -0.0009765625 0.001953125 -0.00390625 0.0078125 -0.015625 0.03125 -0.0625 0.0009765625 -0.001953125 2.00390625 -0.0078125 0.015625 -0.03125 0.0625 -0.0009765625 0.001953125 -0.00390625 0.0078125 -0.015625 0.03125 -0.0625 0.0009765625 -0.001953125 0.00390625 -0.0078125 0.015625 -0.03125 0.0625 -0.0009765625 0.001953125 -0.00390625 0.0078125 -0.015625 0.03125 -0.0625 0.0009765625 -0.001953125 0.00390625 -0.0078125 0.015625 -0.03125 0.0625 -0.0009765625 0.001953125 -0.00390625 0.0078125 -0.015625 0.03125 -0.0625 0.0009765625 -0.001953125 0.00390625 -0.0078125 0.015625 -0.03125 0.0625 -0.0009765625 0.001953125 -0.00390625 0.0078125 -0.015625 0.03125 -0.0625 0.0009765625 -0.001953125 0.00390625 -0.0078125 0.015625 -0.03125 0.0625 -0.0009765625 0.001953125 -0.00390625 0.0078125 -0.015625 0.03125 -0.0625 0.0009765625 -0.001953125 0.00390625 -0.0078125 0.015625 -0.03125 0.0625 -0.0009765625 0.001953125 -0.00390625 0.0078125 -0.015625 0.03125 -0.0625 0.0009765625 -0.001953125 0.00390625 -0.0078125 0.015625 -0.03125 0.0625 -0.0009765625 0.001953125 -0.00390625 0.0078125 -0.015625 0.03125 -0.0625 0.0009765625 -0.001953125 0.00390625 -0.0078125 0.015625 -0.03125 0.0625 -0.0009765625 0.001953125 -0.00390625 0.0078125 -0.015625 0.03125 -0.0625 0.0009765625 -0.001953125 0.00390625 -0.0078125 0.015625 -0.03125 0.0625 -0.0009765625 0.001953125 -0.00390625 0.0078125 -0.015625 0.03125 -0.0625 0.0009765625 -0.001953125 0.00390625 -0.0078125 0.015625 -0.03125 0.0625 -0.0009765625 0.001953125 -0.00390625 0.0078125 -0.015625 0.03125 -0.0625 0.0009765625 -0.001953125 0.00390625 -0.0078125 0.015625 -0.03125 0.0625 -0.0009765625 0.001953125 -0.00390625 0.0078125 -0.015625 0.03125 -0.0625 0.0009765625 -0.001953125 0.00390625 -0.0078125 0.015625 -0.03125 0.0625 -0.0009765625 0.001953125 -0.00390625 0.0078125 -0.015625 0.03125 -0.0625 0.0009765625 -0.001953125 0.00390625 -0.0078125 0.015625 -0.03125 0.0625 -0.0009765625 0.001953125 -0.00390625 0.0078125 -0.015625 0.03125 -0.0625 0.0009765625 -0.001953125 0.00390625 -0.0078125 0.015625 -0.03125 0.0625 -0.0009765625 0.001953125 -0.00390625 0.0078125 -0.015625 0.03125 -0.0625 0.0009765625 -0.001953125 0.00390625 -0.0078125
-0.001953125 0.00390625 -0.0078125 0.015625 -0.03125 0.0625 -0.125 0.001953125 -0.00390625 0.0078125 -0.015625 0.03125 -0.0625 0.125 -0.001953125 0.00390625 -0.0078125 0.015625 -0.03125 0.0625 -0.125 0.001953125 -0.00390625 0.0078125 -0.015625 0.03125 -0.0625 0.125 -0.001953125 0.00390625 -0.0078125 0.015625 -0.03125 0.0625 -0.125 0.001953125 -0.00390625 0.0078125 -0.015625 0.03125 -0.0625 0.125 -0.001953125 0.00390625 -0.0078125 0.015625 -0.03125 0.0625 -0.125 0.001953125 -0.00390625 0.0078125 -0.015625 0.03125 -0.0625 0.125 -0.001953125 0.00390625 -0.0078125 8.015625 -0.03125 0.0625 -0.125 0.001953125 -0.00390625 0.0078125 -0.015625 0.03125 -0.0625 0.125 -0.001953125 0.00390625 -0.0078125 0.015625 -0.03125 0.0625 -0.125 0.001953125 -0.00390625 0.0078125 -0.015625 0.03125 -0.0625 0.125 -0.001953125 0.00390625 -0.0078125 0.015625 -0.03125 0.0625 -0.125 0.001953125 -0.00390625 0.0078125 -0.015625 0.03125 -0.0625 0.125 -0.001953125 0.00390625 -0.0078125 0.015625 -0.03125 0.0625 -0.125 0.001953125 -0.00390625 0.0078125 -0.015625 0.03125 -0.0625 0.125 -0.001953125 0.00390625 -0.0078125 0.015625 -0.03125 0.0625 -0.125 0.001953125 -0.00390625 0.0078125 -0.015625 0.03125 -0.0625 0.125 -0.001953125 0.00390625 -0.0078125 0.015625 -0.03125 0.0625 -0.125 0.001953125 -0.00390625 0.0078125 -0.015625 0.03125 -0.0625 0.125 -0.001953125 0.00390625 -0.0078125 0.015625 -0.03125 0.0625 -0.125 0.001953125 -0.00390625 0.0078125 -0.015625 0.03125 -0.0625 0.125 -0.001953125 0.00390625 -0.0078125 0.015625 -0.03125 0.0625 -0.125 0.001953125 -0.00390625 0.0078125 -0.015625 0.03125 -0.0625 0.125 -0.001953125 0.00390625 -0.0078125 0.015625 -0.03125 0.0625 -0.125 0.001953125 -0.00390625 0.0078125 -0.015625 0.03125 -0.0625 0.125 -0.001953125 0.00390625 -0.0078125 0.015625 -0.03125 0.0625 -0.125 0.001953125 -0.00390625 0.0078125 -0.015625 0.03125 -0.0625 0.125 -0.001953125 0.00390625 -0.0078125 0.015625 -0.03125 0.0625 -0.125 0.001953125 -0.00390625 0.0078125 -0.015625 0.03125 -0.0625 0.125 -0.001953125 0.00390625 -0.0078125 0.015625 -0.03125 0.0625 -0.125 0.001953125 -0.00390625 0.0078125 -0.015625 0.03125 -0.0625 0.125 -0.001953125 0.00390625 -0.0078125 0.015625 -0.03125 0.0625 -0.125 0.001953125 -0.00390625 0.0078125 -0.015625 0.03125 -0.0625 0.125 -0.001953125 0.00390625 -0.0078125 0.015625 -0.03125 0.0625 -0.125 0.001953125 -0.00390625 0.0078125 -0.015625 0.03125 -0.0625 0.125 -0.001953125 0.00390625 -0.0078125 0.015625
0.00048828125 -0.0009765625 0.001953125 -0.00390625 0.0078125 -0.015625 0.03125 -0.00048828125 0.0009765625 -0.001953125 0.00390625 -0.0078125 0.015625 -0.03125 0.00048828125 -0.0009765625 0.001953125 -0.00390625 0.0078125 -0.015625 0.03125 -0.00048828125 0.0009765625 -0.001953125 0.00390625 -0.0078125 0.015625 -0.03125 0.00048828125 -0.0009765625 0.001953125 -0.00390625 0.0078125 -0.015625 0.03125 -0.00048828125 0.0009765625 -0.001953125 0.00390625 -0.0078125 0.015625 -0.03125 0.00048828125 -0.0009765625 0.001953125 -0.00390625 0.0078125 -0.015625 0.03125 -0.00048828125 0.0009765625 -0.001953125 0.00390625 -0.0078125 0.015625 -0.03125 0.00048828125 -0.0009765625 0.001953125 -0.00390625 4.0078125 -0.015625 0.03125 -0.00048828125 0.0009765625 -0.001953125 0.00390625 -0.0078125 0.015625 -0.03125 0.00048828125 -0.0009765625 0.001953125 -0.00390625 0.0078125 -0.015625 0.03125 -0.00048828125 0.0009765625 -0.001953125 0.00390625 -0.0078125 0.015625 -0.03125 0.00048828125 -0.0009765625 0.001953125 -0.00390625 0.0078125 -0.015625 0.03125 -0.00048828125 0.0009765625 -0.001953125 0.00390625 -0.0078125 0.015625 -0.03125 0.00048828125 -0.0009765625 0.001953125 -0.00390625 0.0078125 -0.015625 0.03125 -0.00048828125 0.0009765625 -0.001953125 0.00390625 -0.0078125 0.015625 -0.03125 0.00048828125 -0.0009765625 0.001953125 -0.00390625 0.0078125 -0.015625 0.03125 -0.00048828125 0.0009765625 -0.001953125 0.00390625 -0.0078125 0.015625 -0.03125 0.00048828125 -0.0009765625 0.001953125 -0.00390625 0.0078125 -0.015625 0.03125 -0.00048828125 0.0009765625 -0.001953125 0.00390625 -0.0078125 0.015625 -0.03125 0.00048828125 -0.0009765625 0.001953125 -0.00390625 0.0078125 -0.015625 0.03125 -0.00048828125 0.0009765625 -0.001953125 0.00390625 -0.0078125 0.015625 -0.03125 0.00048828125 -0.0009765625 0.001953125 -0.00390625 0.0078125 -0.015625 0.03125 -0.00048828125 0.0009765625 -0.001953125 0.00390625 -0.0078125 0.015625 -0.03125 0.00048828125 -0.0009765625 0.001953125 -0.00390625 0.0078125 -0.015625 0.03125 -0.00048828125 0.0009765625 -0.001953125 0.00390625 -0.0078125 0.015625 -0.03125 0.00048828125 -0.0009765625 0.001953125 -0.00390625 0.0078125 -0.015625 0.03125 -0.00048828125 0.0009765625 -0.001953125 0.00390625 -0.0078125 0.015625 -0.03125 0.00048828125 -0.0009765625 0.001953125 -0.00390625 0.0078125 -0.015625 0.03125 -0.00048828125 0.0009765625 -0.001953125 0.00390625 -0.0078125 0.015625 -0.03125 0.00048828125 -0.0009765625 0.001953125 -0.00390625 0.0078125 -0.015625 0.03125 -0.00048828125 0.0009765625 -0.001953125 0.00390625 -0.0078125 0.015625 -0.03125 0.00048828125 -0.0009765625 0.001953125 -0.00390625 0.0078125 -0.015625 0.03125 -0.00048828125 0.0009765625 -0.001953125 0.00390625 -0.0078125 0.015625 -0.03125 0.00048828125 -0.0009765625 0.001953125 -0.00390625 0.0078125 -0.015625 0.03125 -0.00048828125 0.0009765625 -0.001953125 0.00390625 -0.0078125 0.015625 -0.03125 0.00048828125 -0.0009765625 0.001953125 -0.00390625
-0.0009765625 0.001953125 -0.00390625 0.0078125 -0.015625 0.03125 -0.0625 0.0009765625 -0.001953125 0.00390625 -0.0078125 0.015625 -0.03125 0.0625 -0.0009765625 0.001953125 -0.00390625 0.0078125 -0.015625 0.03125 -0.0625 0.0009765625 -0.001953125 0.00390625 -0.0078125 0.015625 -0.03125 0.0625 -0.0009765625 0.001953125 -0.00390625 0.0078125 -0.015625 0.03125 -0.0625 0.0009765625 -0.001953125 0.00390625 -0.0078125 0.015625 -0.03125 0.0625 -0.0009765625 0.001953125 -0.00390625 0.0078125 -0.015625 0.03125 -0.0625 0.0009765625 -0.001953125 0.00390625 -0.0078125 0.015625 -0.03125 0.0625 -0.0009765625 0.001953125 -0.00390625 0.0078125 -0.015625 16.03125 -0.0625 0.0009765625 -0.001953125 0.00390625 -0.0078125 0.015625 -0.03125 0.0625 -0.0009765625 0.001953125 -0.00390625 0.0078125 -0.015625 0.03125 -0.0625 0.0009765625 -0.001953125 0.00390625 -0.0078125 0.015625 -0.03125 0.0625 -0.0009765625 0.001953125 -0.00390625 0.0078125 -0.015625 0.03125 -0.0625 0.0009765625 -0.001953125 0.00390625 -0.0078125 0.015625 -0.03125 0.0625 -0.0009765625 0.001953125 -0.00390625 0.0078125 -0.015625 0.03125 -0.0625 0.0009765625 -0.001953125 0.00390625 -0.0078125 0.015625 -0.03125 0.0625 -0.0009765625 0.001953125 -0.00390625 0.0078125 -0.015625 0.03125 -0.0625 0.0009765625 -0.001953125 0.00390625 -0.0078125 0.015625 -0.03125 0.0625 -0.0009765625 0.001953125 -0.00390625 0.0078125 -0.015625 0.03125 -0.0625 0.0009765625 -0.001953125 0.00390625 -0.0078125 0.015625 -0.03125 0.0625 -0.0009765625 0.001953125 -0.00390625 0.0078125 -0.015625 0.03125 -0.0625 0.0009765625 -0.001953125 0.00390625 -0.0078125 0.015625 -0.03125 0.0625 -0.0009765625 0.001953125 -0.00390625 0.0078125 -0.015625 0.03125 -0.0625 0.0009765625 -0.001953125 0.00390625 -0.0078125 0.015625 -0.03125 0.0625 -0.0009765625 0.001953125 -0.00390625 0.0078125 -0.015625 0.03125 -0.0625 0.0009765625 -0.001953125 0.00390625 -0.0078125 0.015625 -0.03125 0.0625 -0.0009765625 0.001953125 -0.00390625 0.0078125 -0.015625 0.03125 -0.0625 0.0009765625 -0.001953125 0.00390625 -0.0078125 0.015625 -0.03125 0.0625 -0.0009765625 0.001953125 -0.00390625 0.0078125 -0.015625 0.03125 -0.0625 0.0009765625 -0.001953125 0.00390625 -0.0078125 0.015625 -0.03125 0.0625 -0.0009765625 0.001953125 -0.00390625 0.0078125 -0.015625 0.03125 -0.0625 0.0009765625 -0.001953125 0.00390625 -0.0078125 0.015625 -0.03125 0.0625 -0.0009765625 0.001953125 -0.00390625 0.0078125 -0.015625 0.03125 -0.0625 0.0009765625 -0.001953125 0.00390625 -0.0078125 0.015625 -0.03125 0.0625 -0.0009765625 0.001953125 -0.00390625 0.0078125 -0.015625 0.03125 -0.0625 0.0009765625 -0.001953125 0.00390625 -0.0078125 0.015625 -0.03125 0.0625 -0.0009765625 0.001953125 -0.00390625 0.0078125
0.001953125 -0.00390625 0.0078125 -0.015625 0.03125 -0.0625 0.125 -0.001953125 0.00390625 -0.0078125 0.015625 -0.03125 0.0625 -0.125 0.001953125 -0.00390625 0.0078125 -0.015625 0.03125 -0.0625 0.125 -0.001953125 0.00390625 -0.0078125 0.015625 -0.03125 0.0625 -0.125 0.001953125 -0.00390625 0.0078125 -0.015625 0.03125 -0.0625 0.125 -0.001953125 0.00390625 -0.0078125 0.015625 -0.03125 0.0625 -0.125 0.001953125 -0.00390625 0.0078125 -0.015625 0.03125 -0.0625 0.125 -0.001953125 0.00390625 -0.0078125 0.015625 -0.03125 0.0625 -0.125 0.001953125 -0.00390625 0.0078125 -0.015625 0.03125 -0.0625 64.125 -0.001953125 0.00390625 -0.0078125 0.015625 -0.03125 0.0625 -0.125 0.001953125 -0.00390625 0.0078125 -0.015625 0.03125 -0.0625 0.125 -0.001953125 0.00390625 -0.0078125 0.015625 -0.03125 0.0625 -0.125 0.001953125 -0.00390625 0.0078125 -0.015625 0.03125 -0.0625 0.125 -0.001953125 0.00390625 -0.0078125 0.015625 -0.03125 0.0625 -0.125 0.001953125 -0.00390625 0.0078125 -0.015625 0.03125 -0.0625 0.125 -0.001953125 0.00390625 -0.0078125 0.015625 -0.03125 0.0625 -0.125 0.001953125 -0.00390625 0.0078125 -0.015625 0.03125 -0.0625 0.125 -0.001953125 0.00390625 -0.0078125 0.015625 -0.03125 0.0625 -0.125 0.001953125 -0.00390625 0.0078125 -0.015625 0.03125 -0.0625 0.125 -0.001953125 0.00390625 -0.0078125 0.015625 -0.03125 0.0625 -0.125 0.001953125 -0.00390625 0.0078125 -0.015625 0.03125 -0.0625 0.125 -0.001953125 0.00390625 -0.0078125 0.015625 -0.03125 0.0625 -0.125 0.001953125 -0.00390625 0.0078125 -0.015625 0.03125 -0.0625 0.125 -0.001953125 0.00390625 -0.0078125 0.015625 -0.03125 0.0625 -0.125 0.001953125 -0.00390625 0.0078125 -0.015625 0.03125 -0.0625 0.125 -0.001953125 0.00390625 -0.0078125 0.015625 -0.03125 0.0625 -0.125 0.001953125 -0.00390625 0.0078125 -0.015625 0.03125 -0.0625 0.125 -0.001953125 0.00390625 -0.0078125 0.015625 -0.03125 0.0625 -0.125 0.001953125 -0.00390625 0.0078125 -0.015625 0.03125 -0.0625 0.125 -0.001953125 0.00390625 -0.0078125 0.015625 -0.03125 0.0625 -0.125 0.001953125 -0.00390625 0.0078125 -0.015625 0.03125 -0.0625 0.125 -0.001953125 0.00390625 -0.0078125 0.015625 -0.03125 0.0625 -0.125 0.001953125 -0.00390625 0.0078125 -0.015625 0.03125 -0.0625 0.125 -0.001953125 0.00390625 -0.0078125 0.015625 -0.03125 0.0625 -0.125 0.001953125 -0.00390625 0.0078125 -0.015625 0.03125 -0.0625 0.125 -0.001953125 0.00390625 -0.0078125 0.015625 -0.03125 0.0625 -0.125 0.001953125 -0.00390625 0.0078125 -0.015625
-0.00048828125 0.0009765625 -0.001953125 0.00390625 -0.0078125 0.015625 -0.03125 0.00048828125 -0.0009765625 0.001953125 -0.00390625 0.0078125 -0.015625 0.03125 -0.00048828125 0.0009765625 -0.001953125 0.00390625 -0.0078125 0.015625 -0.03125 0.00048828125 -0.0009765625 0.001953125 -0.00390625 0.0078125 -0.015625 0.03125 -0.00048828125 0.0009765625 -0.001953125 0.00390625 -0.0078125 0.015625 -0.03125 0.00048828125 -0.0009765625 0.001953125 -0.00390625 0.0078125 -0.015625 0.03125 -0.00048828125 0.0009765625 -0.001953125 0.00390625 -0.0078125 0.015625 -0.03125 0.00048828125 -0.0009765625 0.001953125 -0.00390625 0.0078125 -0.015625 0.03125 -0.00048828125 0.0009765625 -0.001953125 0.00390625 -0.0078125 0.015625 -0.03125 0.25048828125 -0.0009765625 0.001953125 -0.00390625 0.0078125 -0.015625 0.03125 -0.00048828125 0.0009765625 -0.001953125 0.00390625 -0.0078125 0.015625 -0.03125 0.00048828125 -0.0009765625 0.001953125 -0.00390625 0.0078125 -0.015625 0.03125 -0.00048828125 0.0009765625 -0.001953125 0.00390625 -0.0078125 0.015625 -0.03125 0.00048828125 -0.0009765625 0.001953125 -0.00390625 0.0078125 -0.015625 0.03125 -0.00048828125 0.0009765625 -0.001953125 0.00390625 -0.0078125 0.015625 -0.03125 0.00048828125 -0.0009765625 0.001953125 -0.00390625 0.0078125 -0.015625 0.03125 -0.00048828125 0.0009765625 -0.001953125 0.00390625 -0.0078125 0.015625 -0.03125 0.00048828125 -0.0009765625 0.001953125 -0.00390625 0.0078125 -0.015625 0.03125 -0.00048828125 0.0009765625 -0.001953125 0.00390625 -0.0078125 0.015625 -0.03125 0.00048828125 -0.0009765625 0.001953125 -0.00390625 0.0078125 -0.015625 0.03125 -0.00048828125 0.0009765625 -0.001953125 0.00390625 -0.0078125 0.015625 -0.03125 0.00048828125 -0.0009765625 0.001953125 -0.00390625 0.0078125 -0.015625 0.03125 -0.00048828125 0.0009765625 -0.001953125 0.00390625 -0.0078125 0.015625 -0.03125 0.00048828125 -0.0009765625 0.001953125 -0.00390625 0.0078125 -0.015625 0.03125 -0.00048828125 0.0009765625 -0.001953125 0.00390625 -0.0078125 0.015625 -0.03125 0.00048828125 -0.0009765625 0.001953125 -0.00390625 0.0078125 -0.015625 0.03125 -0.00048828125 0.0009765625 -0.001953125 0.00390625 -0.0078125 0.015625 -0.03125 0.00048828125 -0.0009765625 0.001953125 -0.00390625 0.0078125 -0.015625 0.03125 -0.00048828125 0.0009765625 -0.001953125 0.00390625 -0.0078125 0.015625 -0.03125 0.00048828125 -0.0009765625 0.001953125 -0.00390625 0.0078125 -0.015625 0.03125 -0.00048828125 0.0009765625 -0.001953125 0.00390625 -0.0078125 0.015625 -0.03125 0.00048828125 -0.0009765625 0.001953125 -0.00390625 0.0078125 -0.015625 0.03125 -0.00048828125 0.0009765625 -0.001953125 0.00390625 -0.0078125 0.015625 -0.03125 0.00048828125 -0.0009765625 0.001953125 -0.00390625 0.0078125 -0.015625 0.03125 -0.00048828125 0.0009765625 -0.001953125 0.00390625 -0.0078125 0.015625 -0.03125 0.00048828125 -0.0009765625 0.001953125 -0.00390625 0.0078125 -0.015625 0.03125 -0.00048828125 0.0009765625 -0.001953125 0.00390625
0.0009765625 -0.001953125 0.00390625 -0.0078125 0.015625 -0.03125 0.0625 -0.0009765625 0.001953125 -0.00390625 0.0078125 -0.015625 0.03125 -0.0625 0.0009765625 -0.001953125 0.00390625 -0.0078125 0.015625 -0.03125 0.0625 -0.0009765625 0.001953125 -0.00390625 0.0078125 -0.015625 0.03125 -0.0625 0.0009765625 -0.001953125 0.00390625 -0.0078125 0.015625 -0.03125 0.0625 -0.0009765625 0.001953125 -0.00390625 0.0078125 -0.015625 0.03125 -0.0625 0.0009765625 -0.001953125 0.00390625 -0.0078125 0.015625 -0.03125 0.0625 -0.0009765625 0.001953125 -0.00390625 0.0078125 -0.015625 0.03125 -0.0625 0.0009765625 -0.001953125 0.00390625 -0.0078125 0.015625 -0.03125 0.0625 -0.0009765625 1.001953125 -0.00390625 0.0078125 -0.015625 0.03125 -0.0625 0.0009765625 -0.001953125 0.00390625 -0.0078125 0.015625 -0.03125 0.0625 -0.0009765625 0.001953125 -0.00390625 0.0078125 -0.015625 0.03125 -0.0625 0.0009765625 -0.001953125 0.00390625 -0.0078125 0.015625 -0.03125 0.0625 -0.0009765625 0.001953125 -0.00390625 0.0078125 -0.015625 0.03125 -0.0625 0.0009765625 -0.001953125 0.00390625 -0.0078125 0.015625 -0.03125 0.0625 -0.0009765625 0.001953125 -0.00390625 0.0078125 -0.015625 0.03125 -0.0625 0.0009765625 -0.001953125 0.00390625 -0.0078125 0.015625 -0.03125 0.0625 -0.0009765625 0.001953125 -0.00390625 0.0078125 -0.015625 0.03125 -0.0625 0.0009765625 -0.001953125 0.00390625 -0.0078125 0.015625 -0.03125 0.0625 -0.0009765625 0.001953125 -0.00390625 0.0078125 -0.015625 0.03125 -0.0625 0.0009765625 -0.001953125 0.00390625 -0.0078125 0.015625 -0.03125 0.0625 -0.0009765625 0.001953125 -0.00390625 0.0078125 -0.015625 0.03125 -0.0625 0.0009765625 -0.001953125 0.00390625 -0.0078125 0.015625 -0.03125 0.0625 -0.0009765625 0.001953125 -0.00390625 0.0078125 -0.015625 0.03125 -0.0625 0.0009765625 -0.001953125 0.00390625 -0.0078125 0.015625 -0.03125 0.0625 -0.0009765625 0.001953125 -0.00390625 0.0078125 -0.015625 0.03125 -0.0625 0.0009765625 -0.001953125 0.00390625 -0.0078125 0.015625 -0.03125 0.0625 -0.0009765625 0.001953125 -0.00390625 0.0078125 -0.015625 0.03125 -0.0625 0.0009765625 -0.001953125 0.00390625 -0.0078125 0.015625 -0.03125 0.0625 -0.0009765625 0.001953125 -0.00390625 0.0078125 -0.015625 0.03125 -0.0625 0.0009765625 -0.001953125 0.00390625 -0.0078125 0.015625 -0.03125 0.0625 -0.0009765625 0.001953125 -0.00390625 0.0078125 -0.015625 0.03125 -0.0625 0.0009765625 -0.001953125 0.00390625 -0.0078125 0.015625 -0.03125 0.0625 -0.0009765625 0.001953125 -0.00390625 0.0078125 -0.015625 0.03125 -0.0625 0.0009765625 -0.001953125 0.00390625 -0.0078125 0.015625 -0.03125 0.0625 -0.0009765625 0.001953125 -0.00390625 0.0078125 -0.015625 0.03125 -0.0625 0.0009765625 -0.001953125 0.00390625 -0.0078125
-0.001953125 0.00390625 -0.0078125 0.015625 -0.03125 0.0625 -0.125 0.001953125 -0.00390625 0.0078125 -0.015625 0.03125 -0.0625 0.125 -0.001953125 0.00390625 -0.0078125 0.015625 -0.03125 0.0625 -0.125 0.001953125 -0.00390625 0.0078125 -0.015625 0.03125 -0.0625 0.125 -0.001953125 0.00390625 -0.0078125 0.015625 -0.03125 0.0625 -0.125 0.001953125 -0.00390625 0.0078125 -0.015625 0.03125 -0.0625 0.125 -0.001953125 0.00390625 -0.0078125 0.015625 -0.03125 0.0625 -0.125 0.001953125 -0.00390625 0.0078125 -0.015625 0.03125 -0.0625 0.125 -0.001953125 0.00390625 -0.0078125 0.015625 -0.03125 0.0625 -0.125 0.001953125 -0.00390625 4.0078125 -0.015625 0.03125 -0.0625 0.125 -0.001953125 0.00390625 -0.0078125 0.015625 -0.03125 0.0625 -0.125 0.001953125 -0.00390625 0.0078125 -0.015625 0.03125 -0.0625 0.125 -0.001953125 0.00390625 -0.0078125 0.015625 -0.03125 0.0625 -0.125 0.001953125 -0.00390625 0.0078125 -0.015625 0.03125 -0.0625 0.125 -0.001953125 0.00390625 -0.0078125 0.015625 -0.03125 0.0625 -0.125 0.001953125 -0.00390625 0.0078125 -0.015625 0.03125 -0.0625 0.125 -0.001953125 0.00390625 -0.0078125 0.015625 -0.03125 0.0625 -0.125 0.001953125 -0.00390625 0.0078125 -0.015625 0.03125 -0.0625 0.125 -0.001953125 0.00390625 -0.0078125 0.015625 -0.03125 0.0625 -0.125 0.001953125 -0.00390625 0.0078125 -0.015625 0.03125 -0.0625 0.125 -0.001953125 0.00390625 -0.0078125 0.015625 -0.03125 0.0625 -0.125 0.001953125 -0.00390625 0.0078125 -0.015625 0.03125 -0.0625 0.125 -0.001953125 0.00390625 -0.0078125 0.015625 -0.03125 0.0625 -0.125 0.001953125 -0.00390625 0.0078125 -0.015625 0.03125 -0.0625 0.125 -0.001953125 0.00390625 -0.0078125 0.015625 -0.03125 0.0625 -0.125 0.001953125 -0.00390625 0.0078125 -0.015625 0.03125 -0.0625 0.125 -0.001953125 0.00390625 -0.0078125 0.015625 -0.03125 0.0625 -0.125 0.001953125 -0.00390625 0.0078125 -0.015625 0.03125 -0.0625 0.125 -0.001953125 0.00390625 -0.0078125 0.015625 -0.03125 0.0625 -0.125 0.001953125 -0.00390625 0.0078125 -0.015625 0.03125 -0.0625 0.125 -0.001953125 0.00390625 -0.0078125 0.015625 -0.03125 0.0625 -0.125 0.001953125 -0.00390625 0.0078125 -0.015625 0.03125 -0.0625 0.125 -0.001953125 0.00390625 -0.0078125 0.015625 -0.03125 0.0625 -0.125 0.001953125 -0.00390625 0.0078125 -0.015625 0.03125 -0.0625 0.125 -0.001953125 0.00390625 -0.0078125 0.015625 -0.03125 0.0625 -0.125 0.001953125 -0.00390625 0.0078125 -0.015625 0.03125 -0.0625 0.125 -0.001953125 0.00390625 -0.0078125 0.015625
0.00048828125 -0.0009765625 0.001953125 -0.00390625 0.0078125 -0.015625 0.03125 -0.00048828125 0.0009765625 -0.001953125 0.00390625 -0.0078125 0.015625 -0.03125 0.00048828125 -0.0009765625 0.001953125 -0.00390625 0.0078125 -0.015625 0.03125 -0.00048828125 0.0009765625 -0.001953125 0.00390625 -0.0078125 0.015625 -0.03125 0.00048828125 -0.0009765625 0.001953125 -0.00390625 0.0078125 -0.015625 0.03125 -0.00048828125 0.0009765625 -0.001953125 0.00390625 -0.0078125 0.015625 -0.03125 0.00048828125 -0.0009765625 0.001953125 -0.00390625 0.0078125 -0.015625 0.03125 -0.00048828125 0.0009765625 -0.001953125 0.00390625 -0.0078125 0.015625 -0.03125 0.00048828125 -0.0009765625 0.001953125 -0.00390625 0.0078125 -0.015625 0.03125 -0.00048828125 0.0009765625 -0.001953125 2.00390625 -0.0078125 0.015625 -0.03125 0.00048828125 -0.0009765625 0.001953125 -0.00390625 0.0078125 -0.015625 0.03125 -0.00048828125 0.0009765625 -0.001953125 0.00390625 -0.0078125 0.015625 -0.03125 0.00048828125 -0.0009765625 0.001953125 -0.00390625 0.0078125 -0.015625 0.03125 -0.00048828125 0.0009765625 -0.001953125 0.00390625 -0.0078125 0.015625 -0.03125 0.00048828125 -0.0009765625 0.001953125 -0.00390625 0.0078125 -0.015625 0.03125 -0.00048828125 0.0009765625 -0.001953125 0.00390625 -0.0078125 0.015625 -0.03125 0.00048828125 -0.0009765625 0.001953125 -0.00390625 0.0078125 -0.015625 0.03125 -0.00048828125 0.0009765625 -0.001953125 0.00390625 -0.0078125 0.015625 -0.03125 0.00048828125 -0.0009765625 0.001953125 -0.00390625 0.0078125 -0.015625 0.03125 -0.00048828125 0.0009765625 -0.001953125 0.00390625 -0.0078125 0.015625 -0.03125 0.00048828125 -0.0009765625 0.001953125 -0.00390625 0.0078125 -0.015625 0.03125 -0.00048828125 0.0009765625 -0.001953125 0.00390625 -0.0078125 0.015625 -0.03125 0.00048828125 -0.0009765625 0.001953125 -0.00390625 0.0078125 -0.015625 0.03125 -0.00048828125 0.0009765625 -0.001953125 0.00390625 -0.0078125 0.015625 -0.03125 0.00048828125 -0.0009765625 0.001953125 -0.00390625 0.0078125 -0.015625 0.03125 -0.00048828125 0.0009765625 -0.001953125 0.00390625 -0.0078125 0.015625 -0.03125 0.00048828125 -0.0009765625 0.001953125 -0.00390625 0.0078125 -0.015625 0.03125 -0.00048828125 0.0009765625 -0.001953125 0.00390625 -0.0078125 0.015625 -0.03125 0.00048828125 -0.0009765625 0.001953125 -0.00390625 0.0078125 -0.015625 0.03125 -0.00048828125 0.0009765625 -0.001953125 0.00390625 -0.0078125 0.015625 -0.03125 0.00048828125 -0.0009765625 0.001953125 -0.00390625 0.0078125 -0.015625 0.03125 -0.00048828125 0.0009765625 -0.001953125 0.00390625 -0.0078125 0.015625 -0.03125 0.00048828125 -0.0009765625 0.001953125 -0.00390625 0.0078125 -0.015625 0.03125 -0.00048828125 0.0009765625 -0.001953125 0.00390625 -0.0078125 0.015625 -0.03125 0.00048828125 -0.0009765625 0.001953125 -0.00390625 0.0078125 -0.015625 0.03125 -0.00048828125 0.0009765625 -0.001953125 0.00390625 -0.0078125 0.015625 -0.03125 0.00048828125 -0.0009765625 0.001953125 -0.00390625
-0.0009765625 0.001953125 -0.00390625 0.0078125 -0.015625 0.03125 -0.0625 0.0009765625 -0.001953125 0.00390625 -0.0078125 0.015625 -0.03125 0.0625 -0.0009765625 0.001953125 -0.00390625 0.0078125 -0.015625 0.03125 -0.0625 0.0009765625 -0.001953125 0.00390625 -0.0078125 0.015625 -0.03125 0.0625 -0.0009765625 0.001953125 -0.00390625 0.0078125 -0.015625 0.03125 -0.0625 0.0009765625 -0.001953125 0.00390625 -0.0078125 0.015625 -0.03125 0.0625 -0.0009765625 0.001953125 -0.00390625 0.0078125 -0.015625 0.03125 -0.0625 0.0009765625 -0.001953125 0.00390625 -0.0078125 0.015625 -0.03125 0.0625 -0.0009765625 0.001953125 -0.00390625 0.0078125 -0.015625 0.03125 -0.0625 0.0009765625 -0.001953125 0.00390625 -0.0078125 8.015625 -0.03125 0.0625 -0.0009765625 0.001953125 -0.00390625 0.0078125 -0.015625 0.03125 -0.0625 0.0009765625 -0.001953125 0.00390625 -0.0078125 0.015625 -0.03125 0.0625 -0.0009765625 0.001953125 -0.00390625 0.0078125 -0.015625 0.03125 -0.0625 0.0009765625 -0.001953125 0.00390625 -0.0078125 0.015625 -0.03125 0.0625 -0.0009765625 0.001953125 -0.00390625 0.0078125 -0.015625 0.03125 -0.0625 0.0009765625 -0.001953125 0.00390625 -0.0078125 0.015625 -0.03125 0.0625 -0.0009765625 0.001953125 -0.00390625 0.0078125 -0.015625 0.03125 -0.0625 0.0009765625 -0.001953125 0.00390625 -0.0078125 0.015625 -0.03125 0.0625 -0.0009765625 0.001953125 -0.00390625 0.0078125 -0.015625 0.03125 -0.0625 0.0009765625 -0.001953125 0.00390625 -0.0078125 0.015625 -0.03125 0.0625 -0.0009765625 0.001953125 -0.00390625 0.0078125 -0.015625 0.03125 -0.0625 0.0009765625 -0.001953125 0.00390625 -0.0078125 0.015625 -0.03125 0.0625 -0.0009765625 0.001953125 -0.00390625 0.0078125 -0.015625 0.03125 -0.0625 0.0009765625 -0.001953125 0.00390625 -0.0078125 0.015625 -0.03125 0.0625 -0.0009765625 0.001953125 -0.00390625 0.0078125 -0.015625 0.03125 -0.0625 0.0009765625 -0.001953125 0.00390625 -0.0078125 0.015625 -0.03125 0.0625 -0.0009765625 0.001953125 -0.00390625 0.0078125 -0.015625 0.03125 -0.0625 0.0009765625 -0.001953125 0.00390625 -0.0078125 0.015625 -0.03125 0.0625 -0.0009765625 0.001953125 -0.00390625 0.0078125 -0.015625 0.03125 -0.0625 0.0009765625 -0.001953125 0.00390625 -0.0078125 0.015625 -0.03125 0.0625 -0.0009765625 0.001953125 -0.00390625 0.0078125 -0.015625 0.03125 -0.0625 0.0009765625 -0.001953125 0.00390625 -0.0078125 0.015625 -0.03125 0.0625 -0.0009765625 0.001953125 -0.00390625 0.0078125 -0.015625 0.03125 -0.0625 0.0009765625 -0.001953125 0.00390625 -0.0078125 0.015625 -0.03125 0.0625 -0.0009765625 0.001953125 -0.00390625 0.0078125 -0.015625 0.03125 -0.0625 0.0009765625 -0.001953125 0.00390625 -0.0078125 0.015625 -0.03125 0.0625 -0.0009765625 0.001953125 -0.00390625 0.0078125
0.001953125 -0.00390625 0.0078125 -0.015625 0.03125 -0.0625 0.125 -0.001953125 0.00390625 -0.0078125 0.015625 -0.03125 0.0625 -0.125 0.001953125 -0.00390625 0.0078125 -0.015625 0.03125 -0.0625 0.125 -0.001953125 0.00390625 -0.0078125 0.015625 -0.03125 0.0625 -0.125 0.001953125 -0.00390625 0.0078125 -0.015625 0.03125 -0.0625 0.125 -0.001953125 0.00390625 -0.0078125 0.015625 -0.03125 0.0625 -0.125 0.001953125 -0.00390625 0.0078125 -0.015625 0.03125 -0.0625 0.125 -0.001953125 0.00390625 -0.0078125 0.015625 -0.03125 0.0625 -0.125 0.001953125 -0.00390625 0.0078125 -0.015625 0.03125 -0.0625 0.125 -0.001953125 0.00390625 -0.0078125 0.015625 -0.03125 32.0625 -0.125 0.001953125 -0.00390625 0.0078125 -0.015625 0.03125 -0.0625 0.125 -0.001953125 0.00390625 -0.0078125 0.015625 -0.03125 0.0625 -0.125 0.001953125 -0.00390625 0.0078125 -0.015625 0.03125 -0.0625 0.125 -0.001953125 0.00390625 -0.0078125 0.015625 -0.03125 0.0625 -0.125 0.001953125 -0.00390625 0.0078125 -0.015625 0.03125 -0.0625 0.125 -0.001953125 0.00390625 -0.0078125 0.015625 -0.03125 0.0625 -0.125 0.001953125 -0.00390625 0.0078125 -0.015625 0.03125 -0.0625 0.125 -0.001953125 0.00390625 -0.0078125 0.015625 -0.03125 0.0625 -0.125 0.001953125 -0.00390625 0.0078125 -0.015625 0.03125 -0.0625 0.125 -0.001953125 0.00390625 -0.0078125 0.015625 -0.03125 0.0625 -0.125 0.001953125 -0.00390625 0.0078125 -0.015625 0.03125 -0.0625 0.125 -0.001953125 0.00390625 -0.0078125 0.015625 -0.03125 0.0625 -0.125 0.001953125 -0.00390625 0.0078125 -0.015625 0.03125 -0.0625 0.125 -0.001953125 0.00390625 -0.0078125 0.015625 -0.03125 0.0625 -0.125 0.001953125 -0.00390625 0.0078125 -0.015625 0.03125 -0.0625 0.125 -0.001953125 0.00390625 -0.0078125 0.015625 -0.03125 0.0625 -0.125 0.001953125 -0.00390625 0.0078125 -0.015625 0.03125 -0.0625 0.125 -0.001953125 0.00390625 -0.0078125 0.015625 -0.03125 0.0625 -0.125 0.001953125 -0.00390625 0.0078125 -0.015625 0.03125 -0.0625 0.125 -0.001953125 0.00390625 -0.0078125 0.015625 -0.03125 0.0625 -0.125 0.001953125 -0.00390625 0.0078125 -0.015625 0.03125 -0.0625 0.125 -0.001953125 0.00390625 -0.0078125 0.015625 -0.03125 0.0625 -0.125 0.001953125 -0.00390625 0.0078125 -0.015625 0.03125 -0.0625 0.125 -0.001953125 0.00390625 -0.0078125 0.015625 -0.03125 0.0625 -0.125 0.001953125 -0.00390625 0.0078125 -0.015625 0.03125 -0.0625 0.125 -0.001953125 0.00390625 -0.0078125 0.015625 -0.03125 0.0625 -0.125 0.001953125 -0.00390625 0.0078125 -0.015625
-0.00048828125 0.0009765625 -0.001953125 0.00390625 -0.0078125 0.015625 -0.03125 0.00048828125 -0.0009765625 0.001953125 -0.00390625 0.0078125 -0.015625 0.03125 -0.00048828125 0.0009765625 -0.001953125 0.00390625 -0.0078125 0.015625 -0.03125 0.00048828125 -0.0009765625 0.001953125 -0.00390625 0.0078125 -0.015625 0.03125 -0.00048828125 0.0009765625 -0.001953125 0.00390625 -0.0078125 0.015625 -0.03125 0.00048828125 -0.0009765625 0.001953125 -0.00390625 0.0078125 -0.015625 0.03125 -0.00048828125 0.0009765625 -0.001953125 0.00390625 -0.0078125 0.015625 -0.03125 0.00048828125 -0.0009765625 0.001953125 -0.00390625 0.0078125 -0.015625 0.03125 -0.00048828125 0.0009765625 -0.001953125 0.00390625 -0.0078125 0.015625 -0.03125 0.00048828125 -0.0009765625 0.001953125 -0.00390625 0.0078125 -0.015625 16.03125 -0.00048828125 0.0009765625 -0.001953125 0.00390625 -0.0078125 0.015625 -0.03125 0.00048828125 -0.0009765625 0.001953125 -0.00390625 0.0078125 -0.015625 0.03125 -0.00048828125 0.0009765625 -0.001953125 0.00390625 -0.0078125 0.015625 -0.03125 0.00048828125 -0.0009765625 0.001953125 -0.00390625 0.0078125 -0.015625 0.03125 -0.00048828125 0.0009765625 -0.001953125 0.00390625 -0.0078125 0.015625 -0.03125 0.00048828125 -0.0009765625 0.001953125 -0.00390625 0.0078125 -0.015625 0.03125 -0.00048828125 0.0009765625 -0.001953125 0.00390625 -0.0078125 0.015625 -0.03125 0.00048828125 -0.0009765625 0.001953125 -0.00390625 0.0078125 -0.015625 0.03125 -0.00048828125 0.0009765625 -0.001953125 0.00390625 -0.0078125 0.015625 -0.03125 0.00048828125 -0.0009765625 0.001953125 -0.00390625 0.0078125 -0.015625 0.03125 -0.00048828125 0.0009765625 -0.001953125 0.00390625 -0.0078125 0.015625 -0.03125 0.00048828125 -0.0009765625 0.001953125 -0.00390625 0.0078125 -0.015625 0.03125 -0.00048828125 0.0009765625 -0.001953125 0.00390625 -0.0078125 0.015625 -0.03125 0.00048828125 -0.0009765625 0.001953125 -0.00390625 0.0078125 -0.015625 0.03125 -0.00048828125 0.0009765625 -0.001953125 0.00390625 -0.0078125 0.015625 -0.03125 0.00048828125 -0.0009765625 0.001953125 -0.00390625 0.0078125 -0.015625 0.03125 -0.00048828125 0.0009765625 -0.001953125 0.00390625 -0.0078125 0.015625 -0.03125 0.00048828125 -0.0009765625 0.001953125 -0.00390625 0.0078125 -0.015625 0.03125 -0.00048828125 0.0009765625 -0.001953125 0.00390625 -0.0078125 0.015625 -0.03125 0.00048828125 -0.0009765625 0.001953125 -0.00390625 0.0078125 -0.015625 0.03125 -0.00048828125 0.0009765625 -0.001953125 0.00390625 -0.0078125 0.015625 -0.03125 0.00048828125 -0.0009765625 0.001953125 -0.00390625 0.0078125 -0.015625 0.03125 -0.00048828125 0.0009765625 -0.001953125 0.00390625 -0.0078125 0.015625 -0.03125 0.00048828125 -0.0009765625 0.001953125 -0.00390625 0.0078125 -0.015625 0.03125 -0.00048828125 0.0009765625 -0.001953125 0.00390625 -0.0078125 0.015625 -0.03125 0.00048828125 -0.0009765625 0.001953125 -0.00390625 0.0078125 -0.015625 0.03125 -0.00048828125 0.0009765625 -0.001953125 0.00390625
0.0009765625 -0.001953125 0.00390625 -0.0078125 0.015625 -0.03125 0.0625 -0.0009765625 0.001953125 -0.00390625 0.0078125 -0.015625 0.03125 -0.0625 0.0009765625 -0.001953125 0.00390625 -0.0078125 0.015625 -0.03125 0.0625 -0.0009765625 0.001953125 -0.00390625 0.0078125 -0.015625 0.03125 -0.0625 0.0009765625 -0.001953125 0.00390625 -0.0078125 0.015625 -0.03125 0.0625 -0.0009765625 0.001953125 -0.00390625 0.0078125 -0.015625 0.03125 -0.0625 0.0009765625 -0.001953125 0.00390625 -0.0078125 0.015625 -0.03125 0.0625 -0.0009765625 0.001953125 -0.00390625 0.0078125 -0.015625 0.03125 -0.0625 0.0009765625 -0.001953125 0.00390625 -0.0078125 0.015625 -0.03125 0.0625 -0.0009765625 0.001953125 -0.00390625 0.0078125 -0.015625 0.03125 -0.0625 0.5009765625 -0.001953125 0.00390625 -0.0078125 0.015625 -0.03125 0.0625 -0.0009765625 0.001953125 -0.00390625 0.0078125 -0.015625 0.03125 -0.0625 0.0009765625 -0.001953125 0.00390625 -0.0078125 0.015625 -0.03125 0.0625 -0.0009765625 0.001953125 -0.00390625 0.0078125 -0.015625 0.03125 -0.0625 0.0009765625 -0.001953125 0.00390625 -0.0078125 0.015625 -0.03125 0.0625 -0.0009765625 0.001953125 -0.00390625 0.0078125 -0.015625 0.03125 -0.0625 0.0009765625 -0.001953125 0.00390625 -0.0078125 0.015625 -0.03125 0.0625 -0.0009765625 0.001953125 -0.00390625 0.0078125 -0.015625 0.03125 -0.0625 0.0009765625 -0.001953125 0.00390625 -0.0078125 0.015625 -0.03125 0.0625 -0.0009765625 0.001953125 -0.00390625 0.0078125 -0.015625 0.03125 -0.0625 0.0009765625 -0.001953125 0.00390625 -0.0078125 0.015625 -0.03125 0.0625 -0.0009765625 0.001953125 -0.00390625 0.0078125 -0.015625 0.03125 -0.0625 0.0009765625 -0.001953125 0.00390625 -0.0078125 0.015625 -0.03125 0.0625 -0.0009765625 0.001953125 -0.00390625 0.0078125 -0.015625 0.03125 -0.0625 0.0009765625 -0.001953125 0.00390625 -0.0078125 0.015625 -0.03125 0.0625 -0.0009765625 0.001953125 -0.00390625 0.0078125 -0.015625 0.03125 -0.0625 0.0009765625 -0.001953125 0.00390625 -0.0078125 0.015625 -0.03125 0.0625 -0.0009765625 0.001953125 -0.00390625 0.0078125 -0.015625 0.03125 -0.0625 0.0009765625 -0.001953125 0.00390625 -0.0078125 0.015625 -0.03125 0.0625 -0.0009765625 0.001953125 -0.00390625 0.0078125 -0.015625 0.03125 -0.0625 0.0009765625 -0.001953125 0.00390625 -0.0078125 0.015625 -0.03125 0.0625 -0.0009765625 0.001953125 -0.00390625 0.0078125 -0.015625 0.03125 -0.0625 0.0009765625 -0.001953125 0.00390625 -0.0078125 0.015625 -0.03125 0.0625 -0.0009765625 0.001953125 -0.00390625 0.0078125 -0.015625 0.03125 -0.0625 0.0009765625 -0.001953125 0.00390625 -0.0078125 0.015625 -0.03125 0.0625 -0.0009765625 0.001953125 -0.00390625 0.0078125 -0.015625 0.03125 -0.0625 0.0009765625 -0.001953125 0.00390625 -0.0078125
-0.001953125 0.00390625 -0.0078125 0.015625 -0.03125 0.0625 -0.125 0.001953125 -0.00390625 0.0078125 -0.015625 0.03125 -0.0625 0.125 -0.001953125 0.00390625 -0.0078125 0.015625 -0.03125 0.0625 -0.125 0.001953125 -0.00390625 0.0078125 -0.015625 0.03125 -0.0625 0.125 -0.001953125 0.00390625 -0.0078125 0.015625 -0.03125 0.0625 -0.125 0.001953125 -0.00390625 0.0078125 -0.015625 0.03125 -0.0625 0.125 -0.001953125 0.00390625 -0.0078125 0.015625 -0.03125 0.0625 -0.125 0.001953125 -0.00390625 0.0078125 -0.015625 0.03125 -0.0625 0.125 -0.001953125 0.00390625 -0.0078125 0.015625 -0.03125 0.0625 -0.125 0.001953125 -0.00390625 0.0078125 -0.015625 0.03125 -0.0625 0.125 -0.001953125 2.00390625 -0.0078125 0.015625 -0.03125 0.0625 -0.125 0.001953125 -0.00390625 0.0078125 -0.015625 0.03125 -0.0625 0.125 -0.001953125 0.00390625 -0.0078125 0.015625 -0.03125 0.0625 -0.125 0.001953125 -0.00390625 0.0078125 -0.015625 0.03125 -0.0625 0.125 -0.001953125 0.00390625 -0.0078125 0.015625 -0.03125 0.0625 -0.125 0.001953125 -0.00390625 0.0078125 -0.015625 0.03125 -0.0625 0.125 -0.001953125 0.00390625 -0.0078125 0.015625 -0.03125 0.0625 -0.125 0.001953125 -0.00390625 0.0078125 -0.015625 0.03125 -0.0625 0.125 -0.001953125 0.00390625 -0.0078125 0.015625 -0.03125 0.0625 -0.125 0.001953125 -0.00390625 0.0078125 -0.015625 0.03125 -0.0625 0.125 -0.001953125 0.00390625 -0.0078125 0.015625 -0.03125 0.0625 -0.125 0.001953125 -0.00390625 0.0078125 -0.015625 0.03125 -0.0625 0.125 -0.001953125 0.00390625 -0.0078125 0.015625 -0.03125 0.0625 -0.125 0.001953125 -0.00390625 0.0078125 -0.015625 0.03125 -0.0625 0.125 -0.001953125 0.00390625 -0.0078125 0.015625 -0.03125 0.0625 -0.125 0.001953125 -0.00390625 0.0078125 -0.015625 0.03125 -0.0625 0.125 -0.001953125 0.00390625 -0.0078125 0.015625 -0.03125 0.0625 -0.125 0.001953125 -0.00390625 0.0078125 -0.015625 0.03125 -0.0625 0.125 -0.001953125 0.00390625 -0.0078125 0.015625 -0.03125 0.0625 -0.125 0.001953125 -0.00390625 0.0078125 -0.015625 0.03125 -0.0625 0.125 -0.001953125 0.00390625 -0.0078125 0.015625 -0.03125 0.0625 -0.125 0.001953125 -0.00390625 0.0078125 -0.015625 0.03125 -0.0625 0.125 -0.001953125 0.00390625 -0.0078125 0.015625 -0.03125 0.0625 -0.125 0.001953125 -0.00390625 0.0078125 -0.015625 0.03125 -0.0625 0.125 -0.001953125 0.00390625 -0.0078125 0.015625 -0.03125 0.0625 -0.125 0.001953125 -0.00390625 0.0078125 -0.015625 0.03125 -0.0625 0.125 -0.001953125 0.00390625 -0.0078125 0.015625
0.00048828125 -0.0009765625 0.001953125 -0.00390625 0.0078125 -0.015625 0.03125 -0.00048828125 0.0009765625 -0.001953125 0.00390625 -0.0078125 0.015625 -0.03125 0.00048828125 -0.0009765625 0.001953125 -0.00390625 0.0078125 -0.015625 0.03125 -0.00048828125 0.0009765625 -0.001953125 0.00390625 -0.0078125 0.015625 -0.03125 0.00048828125 -0.0009765625 0.001953125 -0.00390625 0.0078125 -0.015625 0.03125 -0.00048828125 0.0009765625 -0.001953125 0.00390625 -0.0078125 0.015625 -0.03125 0.00048828125 -0.0009765625 0.001953125 -0.00390625 0.0078125 -0.015625 0.03125 -0.00048828125 0.0009765625 -0.001953125 0.00390625 -0.0078125 0.015625 -0.03125 0.00048828125 -0.0009765625 0.001953125 -0.00390625 0.0078125 -0.015625 0.03125 -0.00048828125 0.0009765625 -0.001953125 0.00390625 -0.0078125 0.015625 -0.03125 0.00048828125 -0.0009765625 1.001953125 -0.00390625 0.0078125 -0.015625 0.03125 -0.00048828125 0.0009765625 -0.001953125 0.00390625 -0.0078125 0.015625 -0.03125 0.00048828125 -0.0009765625 0.001953125 -0.00390625 0.0078125 -0.015625 0.03125 -0.00048828125 0.0009765625 -0.001953125 0.00390625 -0.0078125 0.015625 -0.03125 0.00048828125 -0.0009765625 0.001953125 -0.00390625 0.0078125 -0.015625 0.03125 -0.00048828125 0.0009765625 -0.001953125 0.00390625 -0.0078125 0.015625 -0.03125 0.00048828125 -0.0009765625 0.001953125 -0.00390625 0.0078125 -0.015625 0.03125 -0.00048828125 0.0009765625 -0.001953125 0.00390625 -0.0078125 0.015625 -0.03125 0.00048828125 -0.0009765625 0.001953125 -0.00390625 0.0078125 -0.015625 0.03125 -0.00048828125 0.0009765625 -0.001953125 0.00390625 -0.0078125 0.015625 -0.03125 0.00048828125 -0.0009765625 0.001953125 -0.00390625 0.0078125 -0.015625 0.03125 -0.00048828125 0.0009765625 -0.001953125 0.00390625 -0.0078125 0.015625 -0.03125 0.00048828125 -0.0009765625 0.001953125 -0.00390625 0.0078125 -0.015625 0.03125 -0.00048828125 0.0009765625 -0.001953125 0.00390625 -0.0078125 0.015625 -0.03125 0.00048828125 -0.0009765625 0.001953125 -0.00390625 0.0078125 -0.015625 0.03125 -0.00048828125 0.0009765625 -0.001953125 0.00390625 -0.0078125 0.015625 -0.03125 0.00048828125 -0.0009765625 0.001953125 -0.00390625 0.0078125 -0.015625 0.03125 -0.00048828125 0.0009765625 -0.001953125 0.00390625 -0.0078125 0.015625 -0.03125 0.00048828125 -0.0009765625 0.001953125 -0.00390625 0.0078125 -0.015625 0.03125 -0.00048828125 0.0009765625 -0.001953125 0.00390625 -0.0078125 0.015625 -0.03125 0.00048828125 -0.0009765625 0.001953125 -0.00390625 0.0078125 -0.015625 0.03125 -0.00048828125 0.0009765625 -0.001953125 0.00390625 -0.0078125 0.015625 -0.03125 0.00048828125 -0.0009765625 0.001953125 -0.00390625 0.0078125 -0.015625 0.03125 -0.00048828125 0.0009765625 -0.001953125 0.00390625 -0.0078125 0.015625 -0.03125 0.00048828125 -0.0009765625 0.001953125 -0.00390625 0.0078125 -0.015625 0.03125 -0.00048828125 0.0009765625 -0.001953125 0.00390625 -0.0078125 0.015625 -0.03125 0.00048828125 -0.0009765625 0.001953125 -0.00390625
-0.0009765625 0.001953125 -0.00390625 0.0078125 -0.015625 0.03125 -0.0625 0.0009765625 -0.001953125 0.00390625 -0.0078125 0.015625 -0.03125 0.0625 -0.0009765625 0.001953125 -0.00390625 0.0078125 -0.015625 0.03125 -0.0625 0.0009765625 -0.001953125 0.00390625 -0.0078125 0.015625 -0.03125 0.0625 -0.0009765625 0.001953125 -0.00390625 0.0078125 -0.015625 0.03125 -0.0625 0.0009765625 -0.001953125 0.00390625 -0.0078125 0.015625 -0.03125 0.0625 -0.0009765625 0.001953125 -0.00390625 0.0078125 -0.015625 0.03125 -0.0625 0.0009765625 -0.001953125 0.00390625 -0.0078125 0.015625 -0.03125 0.0625 -0.0009765625 0.001953125 -0.00390625 0.0078125 -0.015625 0.03125 -0.0625 0.0009765625 -0.001953125 0.00390625 -0.0078125 0.015625 -0.03125 0.0625 -0.0009765625 0.001953125 -0.00390625 4.0078125 -0.015625 0.03125 -0.0625 0.0009765625 -0.001953125 0.00390625 -0.0078125 0.015625 -0.03125 0.0625 -0.0009765625 0.001953125 -0.00390625 0.0078125 -0.015625 0.03125 -0.0625 0.0009765625 -0.001953125 0.00390625 -0.0078125 0.015625 -0.03125 0.0625 -0.0009765625 0.001953125 -0.00390625 0.0078125 -0.015625 0.03125 -0.0625 0.0009765625 -0.001953125 0.00390625 -0.0078125 0.015625 -0.03125 0.0625 -0.0009765625 0.001953125 -0.00390625 0.0078125 -0.015625 0.03125 -0.0625 0.0009765625 -0.001953125 0.00390625 -0.0078125 0.015625 -0.03125 0.0625 -0.0009765625 0.001953125 -0.00390625 0.0078125 -0.015625 0.03125 -0.0625 0.0009765625 -0.001953125 0.00390625 -0.0078125 0.015625 -0.03125 0.0625 -0.0009765625 0.001953125 -0.00390625 0.0078125 -0.015625 0.03125 -0.0625 0.0009765625 -0.001953125 0.00390625 -0.0078125 0.015625 -0.03125 0.0625 -0.0009765625 0.001953125 -0.00390625 0.0078125 -0.015625 0.03125 -0.0625 0.0009765625 -0.001953125 0.00390625 -0.0078125 0.015625 -0.03125 0.0625 -0.0009765625 0.001953125 -0.00390625 0.0078125 -0.015625 0.03125 -0.0625 0.0009765625 -0.001953125 0.00390625 -0.0078125 0.015625 -0.03125 0.0625 -0.0009765625 0.001953125 -0.00390625 0.0078125 -0.015625 0.03125 -0.0625 0.0009765625 -0.001953125 0.00390625 -0.0078125 0.015625 -0.03125 0.0625 -0.0009765625 0.001953125 -0.00390625 0.0078125 -0.015625 0.03125 -0.0625 0.0009765625 -0.001953125 0.00390625 -0.0078125 0.015625 -0.03125 0.0625 -0.0009765625 0.001953125 -0.00390625 0.0078125 -0.015625 0.03125 -0.0625 0.0009765625 -0.001953125 0.00390625 -0.0078125 0.015625 -0.03125 0.0625 -0.0009765625 0.001953125 -0.00390625 0.0078125 -0.015625 0.03125 -0.0625 0.0009765625 -0.001953125 0.00390625 -0.0078125 0.015625 -0.03125 0.0625 -0.0009765625 0.001953125 -0.00390625 0.0078125 -0.015625 0.03125 -0.0625 0.0009765625 -0.001953125 0.00390625 -0.0078125 0.015625 -0.03125 0.0625 -0.0009765625 0.001953125 -0.00390625 0.0078125
0.001953125 -0.00390625 0.0078125 -0.015625 0.03125 -0.0625 0.125 -0.001953125 0.00390625 -0.0078125 0.015625 -0.03125 0.0625 -0.125 0.001953125 -0.00390625 0.0078125 -0.015625 0.03125 -0.0625 0.125 -0.001953125 0.00390625 -0.0078125 0.015625 -0.03125 0.0625 -0.125 0.001953125 -0.00390625 0.0078125 -0.015625 0.03125 -0.0625 0.125 -0.001953125 0.00390625 -0.0078125 0.015625 -0.03125 0.0625 -0.125 0.001953125 -0.00390625 0.0078125 -0.015625 0.03125 -0.0625 0.125 -0.001953125 0.00390625 -0.0078125 0.015625 -0.03125 0.0625 -0.125 0.001953125 -0.00390625 0.0078125 -0.015625 0.03125 -0.0625 0.125 -0.001953125 0.00390625 -0.0078125 0.015625 -0.03125 0.0625 -0.125 0.001953125 -0.00390625 0.0078125 -0.015625 16.03125 -0.0625 0.125 -0.001953125 0.00390625 -0.0078125 0.015625 -0.03125 0.0625 -0.125 0.001953125 -0.00390625 0.0078125 -0.015625 0.03125 -0.0625 0.125 -0.001953125 0.00390625 -0.0078125 0.015625 -0.03125 0.0625 -0.125 0.001953125 -0.00390625 0.0078125 -0.015625 0.03125 -0.0625 0.125 -0.001953125 0.00390625 -0.0078125 0.015625 -0.03125 0.0625 -0.125 0.001953125 -0.00390625 0.0078125 -0.015625 0.03125 -0.0625 0.125 -0.001953125 0.00390625 -0.0078125 0.015625 -0.03125 0.0625 -0.125 0.001953125 -0.00390625 0.0078125 -0.015625 0.03125 -0.0625 0.125 -0.001953125 0.00390625 -0.0078125 0.015625 -0.03125 0.0625 -0.125 0.001953125 -0.00390625 0.0078125 -0.015625 0.03125 -0.0625 0.125 -0.001953125 0.00390625 -0.0078125 0.015625 -0.03125 0.0625 -0.125 0.001953125 -0.00390625 0.0078125 -0.015625 0.03125 -0.0625 0.125 -0.001953125 0.00390625 -0.0078125 0.015625 -0.03125 0.0625 -0.125 0.001953125 -0.00390625 0.0078125 -0.015625 0.03125 -0.0625 0.125 -0.001953125 0.00390625 -0.0078125 0.015625 -0.03125 0.0625 -0.125 0.001953125 -0.00390625 0.0078125 -0.015625 0.03125 -0.0625 0.125 -0.001953125 0.00390625 -0.0078125 0.015625 -0.03125 0.0625 -0.125 0.001953125 -0.00390625 0.0078125 -0.015625 0.03125 -0.0625 0.125 -0.001953125 0.00390625 -0.0078125 0.015625 -0.03125 0.0625 -0.125 0.001953125 -0.00390625 0.0078125 -0.015625 0.03125 -0.0625 0.125 -0.001953125 0.00390625 -0.0078125 0.015625 -0.03125 0.0625 -0.125 0.001953125 -0.00390625 0.0078125 -0.015625 0.03125 -0.0625 0.125 -0.001953125 0.00390625 -0.0078125 0.015625 -0.03125 0.0625 -0.125 0.001953125 -0.00390625 0.0078125 -0.015625 0.03125 -0.0625 0.125 -0.001953125 0.00390625 -0.0078125 0.015625 -0.03125 0.0625 -0.125 0.001953125 -0.00390625 0.0078125 -0.015625
-0.00048828125 0.0009765625 -0.001953125 0.00390625 -0.0078125 0.015625 -0.03125 0.00048828125 -0.0009765625 0.001953125 -0.00390625 0.0078125 -0.015625 0.03125 -0.00048828125 0.0009765625 -0.001953125 0.00390625 -0.0078125 0.015625 -0.03125 0.00048828125 -0.0009765625 0.001953125 -0.00390625 0.0078125 -0.015625 0.03125 -0.00048828125 0.0009765625 -0.001953125 0.00390625 -0.0078125 0.015625 -0.03125 0.00048828125 -0.0009765625 0.001953125 -0.00390625 0.0078125 -0.015625 0.03125 -0.00048828125 0.0009765625 -0.001953125 0.00390625 -0.0078125 0.015625 -0.03125 0.00048828125 -0.0009765625 0.001953125 -0.00390625 0.0078125 -0.015625 0.03125 -0.00048828125 0.0009765625 -0.001953125 0.00390625 -0.0078125 0.015625 -0.03125 0.00048828125 -0.0009765625 0.001953125 -0.00390625 0.0078125 -0.015625 0.03125 -0.00048828125 0.0009765625 -0.001953125 0.00390625 -0.0078125 8.015625 -0.03125 0.00048828125 -0.0009765625 0.001953125 -0.00390625 0.0078125 -0.015625 0.03125 -0.00048828125 0.0009765625 -0.001953125 0.00390625 -0.0078125 0.015625 -0.03125 0.00048828125 -0.0009765625 0.001953125 -0.00390625 0.0078125 -0.015625 0.03125 -0.00048828125 0.0009765625 -0.001953125 0.00390625 -0.0078125 0.015625 -0.03125 0.00048828125 -0.0009765625 0.001953125 -0.00390625 0.0078125 -0.015625 0.03125 -0.00048828125 0.0009765625 -0.001953125 0.00390625 -0.0078125 0.015625 -0.03125 0.00048828125 -0.0009765625 0.001953125 -0.00390625 0.0078125 -0.015625 0.03125 -0.00048828125 0.0009765625 -0.001953125 0.00390625 -0.0078125 0.015625 -0.03125 0.00048828125 -0.0009765625 0.001953125 -0.00390625 0.0078125 -0.015625 0.03125 -0.00048828125 0.0009765625 -0.001953125 0.00390625 -0.0078125 0.015625 -0.03125 0.00048828125 -0.0009765625 0.001953125 -0.00390625 0.0078125 -0.015625 0.03125 -0.00048828125 0.0009765625 -0.001953125 0.00390625 -0.0078125 0.015625 -0.03125 0.00048828125 -0.0009765625 0.001953125 -0.00390625 0.0078125 -0.015625 0.03125 -0.00048828125 0.0009765625 -0.001953125 0.00390625 -0.0078125 0.015625 -0.03125 0.00048828125 -0.0009765625 0.001953125 -0.00390625 0.0078125 -0.015625 0.03125 -0.00048828125 0.0009765625 -0.001953125 0.00390625 -0.0078125 0.015625 -0.03125 0.00048828125 -0.0009765625 0.001953125 -0.00390625 0.0078125 -0.015625 0.03125 -0.00048828125 0.0009765625 -0.001953125 0.00390625 -0.0078125 0.015625 -0.03125 0.00048828125 -0.0009765625 0.001953125 -0.00390625 0.0078125 -0.015625 0.03125 -0.00048828125 0.0009765625 -0.001953125 0.00390625 -0.0078125 0.015625 -0.03125 0.00048828125 -0.0009765625 0.001953125 -0.00390625 0.0078125 -0.015625 0.03125 -0.00048828125 0.0009765625 -0.001953125 0.00390625 -0.0078125 0.015625 -0.03125 0.00048828125 -0.0009765625 0.001953125 -0.00390625 0.0078125 -0.015625 0.03125 -0.00048828125 0.0009765625 -0.001953125 0.00390625 -0.0078125 0.015625 -0.03125 0.00048828125 -0.0009765625 0.001953125 -0.00390625 0.0078125 -0.015625 0.03125 -0.00048828125 0.0009765625 -0.001953125 0.00390625
0.0009765625 -0.001953125 0.00390625 -0.0078125 0.015625 -0.03125 0.0625 -0.0009765625 0.001953125 -0.00390625 0.0078125 -0.015625 0.03125 -0.0625 0.0009765625 -0.001953125 0.00390625 -0.0078125 0.015625 -0.03125 0.0625 -0.0009765625 0.001953125 -0.00390625 0.0078125 -0.015625 0.03125 -0.0625 0.0009765625 -0.001953125 0.00390625 -0.0078125 0.015625 -0.03125 0.0625 -0.0009765625 0.001953125 -0.00390625 0.0078125 -0.015625 0.03125 -0.0625 0.0009765625 -0.001953125 0.00390625 -0.0078125 0.015625 -0.03125 0.0625 -0.0009765625 0.001953125 -0.00390625 0.0078125 -0.015625 0.03125 -0.0625 0.0009765625 -0.001953125 0.00390625 -0.0078125 0.015625 -0.03125 0.0625 -0.0009765625 0.001953125 -0.00390625 0.0078125 -0.015625 0.03125 -0.0625 0.0009765625 -0.001953125 0.00390625 -0.0078125 0.015625 -0.03125 32.0625 -0.0009765625 0.001953125 -0.00390625 0.0078125 -0.015625 0.03125 -0.0625 0.0009765625 -0.001953125 0.00390625 -0.0078125 0.015625 -0.03125 0.0625 -0.0009765625 0.001953125 -0.00390625 0.0078125 -0.015625 0.03125 -0.0625 0.0009765625 -0.001953125 0.00390625 -0.0078125 0.015625 -0.03125 0.0625 -0.0009765625 0.001953125 -0.00390625 0.0078125 -0.015625 0.03125 -0.0625 0.0009765625 -0.001953125 0.00390625 -0.0078125 0.015625 -0.03125 0.0625 -0.0009765625 0.001953125 -0.00390625 0.0078125 -0.015625 0.03125 -0.0625 0.0009765625 -0.001953125 0.00390625 -0.0078125 0.015625 -0.03125 0.0625 -0.0009765625 0.001953125 -0.00390625 0.0078125 -0.015625 0.03125 -0.0625 0.0009765625 -0.001953125 0.00390625 -0.0078125 0.015625 -0.03125 0.0625 -0.0009765625 0.001953125 -0.00390625 0.0078125 -0.015625 0.03125 -0.0625 0.0009765625 -0.001953125 0.00390625 -0.0078125 0.015625 -0.03125 0.0625 -0.0009765625 0.001953125 -0.00390625 0.0078125 -0.015625 0.03125 -0.0625 0.0009765625 -0.001953125 0.00390625 -0.0078125 0.015625 -0.03125 0.0625 -0.0009765625 0.001953125 -0.00390625 0.0078125 -0.015625 0.03125 -0.0625 0.0009765625 -0.001953125 0.00390625 -0.0078125 0.015625 -0.03125 0.0625 -0.0009765625 0.001953125 -0.00390625 0.0078125 -0.015625 0.03125 -0.0625 0.0009765625 -0.001953125 0.00390625 -0.0078125 0.015625 -0.03125 0.0625 -0.0009765625 0.001953125 -0.00390625 0.0078125 -0.015625 0.03125 -0.0625 0.0009765625 -0.001953125 0.00390625 -0.0078125 0.015625 -0.03125 0.0625 -0.0009765625 0.001953125 -0.00390625 0.0078125 -0.015625 0.03125 -0.0625 0.0009765625 -0.001953125 0.00390625 -0.0078125 0.015625 -0.03125 0.0625 -0.0009765625 0.001953125 -0.00390625 0.0078125 -0.015625 0.03125 -0.0625 0.0009765625 -0.001953125 0.00390625 -0.0078125 0.015625 -0.03125 0.0625 -0.0009765625 0.001953125 -0.00390625 0.0078125 -0.015625 0.03125 -0.0625 0.0009765625 -0.001953125 0.00390625 -0.0078125
-0.001953125 0.00390625 -0.0078125 0.015625 -0.03125 0.0625 -0.125 0.001953125 -0.00390625 0.0078125 -0.015625 0.03125 -0.0625 0.125 -0.001953125 0.00390625 -0.0078125 0.015625 -0.03125 0.0625 -0.125 0.001953125 -0.00390625 0.0078125 -0.015625 0.03125 -0.0625 0.125 -0.001953125 0.00390625 -0.0078125 0.015625 -0.03125 0.0625 -0.125 0.001953125 -0.00390625 0.0078125 -0.015625 0.03125 -0.0625 0.125 -0.001953125 0.00390625 -0.0078125 0.015625 -0.03125 0.0625 -0.125 0.001953125 -0.00390625 0.0078125 -0.015625 0.03125 -0.0625 0.125 -0.001953125 0.00390625 -0.0078125 0.015625 -0.03125 0.0625 -0.125 0.001953125 -0.00390625 0.0078125 -0.015625 0.03125 -0.0625 0.125 -0.001953125 0.00390625 -0.0078125 0.015625 -0.03125 0.0625 -0.125 1.001953125 -0.00390625 0.0078125 -0.015625 0.03125 -0.0625 0.125 -0.001953125 0.00390625 -0.0078125 0.015625 -0.03125 0.0625 -0.125 0.001953125 -0.00390625 0.0078125 -0.015625 0.03125 -0.0625 0.125 -0.001953125 0.00390625 -0.0078125 0.015625 -0.03125 0.0625 -0.125 0.001953125 -0.00390625 0.0078125 -0.015625 0.03125 -0.0625 0.125 -0.001953125 0.00390625 -0.0078125 0.015625 -0.03125 0.0625 -0.125 0.001953125 -0.00390625 0.0078125 -0.015625 0.03125 -0.0625 0.125 -0.001953125 0.00390625 -0.0078125 0.015625 -0.03125 0.0625 -0.125 0.001953125 -0.00390625 0.0078125 -0.015625 0.03125 -0.0625 0.125 -0.001953125 0.00390625 -0.0078125 0.015625 -0.03125 0.0625 -0.125 0.001953125 -0.00390625 0.0078125 -0.015625 0.03125 -0.0625 0.125 -0.001953125 0.00390625 -0.0078125 0.015625 -0.03125 0.0625 -0.125 0.001953125 -0.00390625 0.0078125 -0.015625 0.03125 -0.0625 0.125 -0.001953125 0.00390625 -0.0078125 0.015625 -0.03125 0.0625 -0.125 0.001953125 -0.00390625 0.0078125 -0.015625 0.03125 -0.0625 0.125 -0.001953125 0.00390625 -0.0078125 0.015625 -0.03125 0.0625 -0.125 0.001953125 -0.00390625 0.0078125 -0.015625 0.03125 -0.0625 0.125 -0.001953125 0.00390625 -0.0078125 0.015625 -0.03125 0.0625 -0.125 0.001953125 -0.00390625 0.0078125 -0.015625 0.03125 -0.0625 0.125 -0.001953125 0.00390625 -0.0078125 0.015625 -0.03125 0.0625 -0.125 0.001953125 -0.00390625 0.0078125 -0.015625 0.03125 -0.0625 0.125 -0.001953125 0.00390625 -0.0078125 0.015625 -0.03125 0.0625 -0.125 0.001953125 -0.00390625 0.0078125 -0.015625 0.03125 -0.0625 0.125 -0.001953125 0.00390625 -0.0078125 0.015625 -0.03125 0.0625 -0.125 0.001953125 -0.00390625 0.0078125 -0.015625 0.03125 -0.0625 0.125 -0.001953125 0.00390625 -0.0078125 0.015625
0.00048828125 -0.0009765625 0.001953125 -0.00390625 0.0078125 -0.015625 0.03125 -0.00048828125 0.0009765625 -0.001953125 0.00390625 -0.0078125 0.015625 -0.03125 0.00048828125 -0.0009765625 0.001953125 -0.00390625 0.0078125 -0.015625 0.03125 -0.00048828125 0.0009765625 -0.001953125 0.00390625 -0.0078125 0.015625 -0.03125 0.00048828125 -0.0009765625 0.001953125 -0.00390625 0.0078125 -0.015625 0.03125 -0.00048828125 0.0009765625 -0.001953125 0.00390625 -0.0078125 0.015625 -0.03125 0.00048828125 -0.0009765625 0.001953125 -0.00390625 0.0078125 -0.015625 0.03125 -0.00048828125 0.0009765625 -0.001953125 0.00390625 -0.0078125 0.015625 -0.03125 0.00048828125 -0.0009765625 0.001953125 -0.00390625 0.0078125 -0.015625 0.03125 -0.00048828125 0.0009765625 -0.001953125 0.00390625 -0.0078125 0.015625 -0.03125 0.00048828125 -0.0009765625 0.001953125 -0.00390625 0.0078125 -0.015625 0.03125 -0.00048828125 0.5009765625 -0.001953125 0.00390625 -0.0078125 0.015625 -0.03125 0.00048828125 -0.0009765625 0.001953125 -0.00390625 0.0078125 -0.015625 0.03125 -0.00048828125 0.0009765625 -0.001953125 0.00390625 -0.0078125 0.015625 -0.03125 0.00048828125 -0.0009765625 0.001953125 -0.00390625 0.0078125 -0.015625 0.03125 -0.00048828125 0.0009765625 -0.001953125 0.00390625 -0.0078125 0.015625 -0.03125 0.00048828125 -0.0009765625 0.001953125 -0.00390625 0.0078125 -0.015625 0.03125 -0.00048828125 0.0009765625 -0.001953125 0.00390625 -0.0078125 0.015625 -0.03125 0.00048828125 -0.0009765625 0.001953125 -0.00390625 0.0078125 -0.015625 0.03125 -0.00048828125 0.0009765625 -0.001953125 0.00390625 -0.0078125 0.015625 -0.03125 0.00048828125 -0.0009765625 0.001953125 -0.00390625 0.0078125 -0.015625 0.03125 -0.00048828125 0.0009765625 -0.001953125 0.00390625 -0.0078125 0.015625 -0.03125 0.00048828125 -0.0009765625 0.001953125 -0.00390625 0.0078125 -0.015625 0.03125 -0.00048828125 0.0009765625 -0.001953125 0.00390625 -0.0078125 0.015625 -0.03125 0.00048828125 -0.0009765625 0.001953125 -0.00390625 0.0078125 -0.015625 0.03125 -0.00048828125 0.0009765625 -0.001953125 0.00390625 -0.0078125 0.015625 -0.03125 0.00048828125 -0.0009765625 0.001953125 -0.00390625 0.0078125 -0.015625 0.03125 -0.00048828125 0.0009765625 -0.001953125 0.00390625 -0.0078125 0.015625 -0.03125 0.00048828125 -0.0009765625 0.001953125 -0.00390625 0.0078125 -0.015625 0.03125 -0.00048828125 0.0009765625 -0.001953125 0.00390625 -0.0078125 0.015625 -0.03125 0.00048828125 -0.0009765625 0.001953125 -0.00390625 0.0078125 -0.015625 0.03125 -0.00048828125 0.0009765625 -0.001953125 0.00390625 -0.0078125 0.015625 -0.03125 0.00048828125 -0.0009765625 0.001953125 -0.00390625 0.0078125 -0.015625 0.03125 -0.00048828125 0.0009765625 -0.001953125 0.00390625 -0.0078125 0.015625 -0.03125 0.00048828125 -0.0009765625 0.001953125 -0.00390625 0.0078125 -0.015625 0.03125 -0.00048828125 0.0009765625 -0.001953125 0.00390625 -0.0078125 0.015625 -0.03125 0.00048828125 -0.0009765625 0.001953125 -0.00390625
-0.0009765625 0.001953125 -0.00390625 0.0078125 -0.015625 0.03125 -0.0625 0.0009765625 -0.001953125 0.00390625 -0.0078125 0.015625 -0.03125 0.0625 -0.0009765625 0.001953125 -0.00390625 0.0078125 -0.015625 0.03125 -0.0625 0.0009765625 -0.001953125 0.00390625 -0.0078125 0.015625 -0.03125 0.0625 -0.0009765625 0.001953125 -0.00390625 0.0078125 -0.015625 0.03125 -0.0625 0.0009765625 -0.001953125 0.00390625 -0.0078125 0.015625 -0.03125 0.0625 -0.0009765625 0.001953125 -0.00390625 0.0078125 -0.015625 0.03125 -0.0625 0.0009765625 -0.001953125 0.00390625 -0.0078125 0.015625 -0.03125 0.0625 -0.0009765625 0.001953125 -0.00390625 0.0078125 -0.015625 0.03125 -0.0625 0.0009765625 -0.001953125 0.00390625 -0.0078125 0.015625 -0.03125 0.0625 -0.0009765625 0.001953125 -0.00390625 0.0078125 -0.015625 0.03125 -0.0625 0.0009765625 -0.001953125 2.00390625 -0.0078125 0.015625 -0.03125 0.0625 -0.0009765625 0.001953125 -0.00390625 0.0078125 -0.015625 0.03125 -0.0625 0.0009765625 -0.001953125 0.00390625 -0.0078125 0.015625 -0.03125 0.0625 -0.0009765625 0.001953125 -0.00390625 0.0078125 -0.015625 0.03125 -0.0625 0.0009765625 -0.001953125 0.00390625 -0.0078125 0.015625 -0.03125 0.0625 -0.0009765625 0.001953125 -0.00390625 0.0078125 -0.015625 0.03125 -0.0625 0.0009765625 -0.001953125 0.00390625 -0.0078125 0.015625 -0.03125 0.0625 -0.0009765625 0.001953125 -0.00390625 0.0078125 -0.015625 0.03125 -0.0625 0.0009765625 -0.001953125 0.00390625 -0.0078125 0.015625 -0.03125 0.0625 -0.0009765625 0.001953125 -0.00390625 0.0078125 -0.015625 0.03125 -0.0625 0.0009765625 -0.001953125 0.00390625 -0.0078125 0.015625 -0.03125 0.0625 -0.0009765625 0.001953125 -0.00390625 0.0078125 -0.015625 0.03125 -0.0625 0.0009765625 -0.001953125 0.00390625 -0.0078125 0.015625 -0.03125 0.0625 -0.0009765625 0.001953125 -0.00390625 0.0078125 -0.015625 0.03125 -0.0625 0.0009765625 -0.001953125 0.00390625 -0.0078125 0.015625 -0.03125 0.0625 -0.0009765625 0.001953125 -0.00390625 0.0078125 -0.015625 0.03125 -0.0625 0.0009765625 -0.001953125 0.00390625 -0.0078125 0.015625 -0.03125 0.0625 -0.0009765625 0.001953125 -0.00390625 0.0078125 -0.015625 0.03125 -0.0625 0.0009765625 -0.001953125 0.00390625 -0.0078125 0.015625 -0.03125 0.0625 -0.0009765625 0.001953125 -0.00390625 0.0078125 -0.015625 0.03125 -0.0625 0.0009765625 -0.001953125 0.00390625 -0.0078125 0.015625 -0.03125 0.0625 -0.0009765625 0.001953125 -0.00390625 0.0078125 -0.015625 0.03125 -0.0625 0.0009765625 -0.001953125 0.00390625 -0.0078125 0.015625 -0.03125 0.0625 -0.0009765625 0.001953125 -0.00390625 0.0078125 -0.015625 0.03125 -0.0625 0.0009765625 -0.001953125 0.00390625 -0.0078125 0.015625 -0.03125 0.0625 -0.0009765625 0.001953125 -0.00390625 0.0078125
0.001953125 -0.00390625 0.0078125 -0.015625 0.03125 -0.0625 0.125 -0.001953125 0.00390625 -0.0078125 0.015625 -0.03125 0.0625 -0.125 0.001953125 -0.00390625 0.0078125 -0.015625 0.03125 -0.0625 0.125 -0.001953125 0.00390625 -0.0078125 0.015625 -0.03125 0.0625 -0.125 0.001953125 -0.00390625 0.0078125 -0.015625 0.03125 -0.0625 0.125 -0.001953125 0.00390625 -0.0078125 0.015625 -0.03125 0.0625 -0.125 0.001953125 -0.00390625 0.0078125 -0.015625 0.03125 -0.0625 0.125 -0.001953125 0.00390625 -0.0078125 0.015625 -0.03125 0.0625 -0.125 0.001953125 -0.00390625 0.0078125 -0.015625 0.03125 -0.0625 0.125 -0.001953125 0.00390625 -0.0078125 0.015625 -0.03125 0.0625 -0.125 0.001953125 -0.00390625 0.0078125 -0.015625 0.03125 -0.0625 0.125 -0.001953125 0.00390625 -0.0078125 8.015625 -0.03125 0.0625 -0.125 0.001953125 -0.00390625 0.0078125 -0.015625 0.03125 -0.0625 0.125 -0.001953125 0.00390625 -0.0078125 0.015625 -0.03125 0.0625 -0.125 0.001953125 -0.00390625 0.0078125 -0.015625 0.03125 -0.0625 0.125 -0.001953125 0.00390625 -0.0078125 0.015625 -0.03125 0.0625 -0.125 0.001953125 -0.00390625 0.0078125 -0.015625 0.03125 -0.0625 0.125 -0.001953125 0.00390625 -0.0078125 0.015625 -0.03125 0.0625 -0.125 0.001953125 -0.00390625 0.0078125 -0.015625 0.03125 -0.0625 0.125 -0.001953125 0.00390625 -0.0078125 0.015625 -0.03125 0.0625 -0.125 0.001953125 -0.00390625 0.0078125 -0.015625 0.03125 -0.0625 0.125 -0.001953125 0.00390625 -0.0078125 0.015625 -0.03125 0.0625 -0.125 0.001953125 -0.00390625 0.0078125 -0.015625 0.03125 -0.0625 0.125 -0.001953125 0.00390625 -0.0078125 0.015625 -0.03125 0.0625 -0.125 0.001953125 -0.00390625 0.0078125 -0.015625 0.03125 -0.0625 0.125 -0.001953125 0.00390625 -0.0078125 0.015625 -0.03125 0.0625 -0.125 0.001953125 -0.00390625 0.0078125 -0.015625 0.03125 -0.0625 0.125 -0.001953125 0.00390625 -0.0078125 0.015625 -0.03125 0.0625 -0.125 0.001953125 -0.00390625 0.0078125 -0.015625 0.03125 -0.0625 0.125 -0.001953125 0.00390625 -0.0078125 0.015625 -0.03125 0.0625 -0.125 0.001953125 -0.00390625 0.0078125 -0.015625 0.03125 -0.0625 0.125 -0.001953125 0.00390625 -0.0078125 0.015625 -0.03125 0.0625 -0.125 0.001953125 -0.00390625 0.0078125 -0.015625 0.03125 -0.0625 0.125 -0.001953125 0.00390625 -0.0078125 0.015625 -0.03125 0.0625 -0.125 0.001953125 -0.00390625 0.0078125 -0.015625 0.03125 -0.0625 0.125 -0.001953125 0.00390625 -0.0078125 0.015625 -0.03125 0.0625 -0.125 0.001953125 -0.00390625 0.0078125 -0.015625
-0.00048828125 0.0009765625 -0.001953125 0.00390625 -0.0078125 0.015625 -0.03125 0.00048828125 -0.0009765625 0.001953125 -0.00390625 0.0078125 -0.015625 0.03125 -0.00048828125 0.0009765625 -0.001953125 0.00390625 -0.0078125 0.015625 -0.03125 0.00048828125 -0.0009765625 0.001953125 -0.00390625 0.0078125 -0.015625 0.03125 -0.00048828125 0.0009765625 -0.001953125 0.00390625 -0.0078125 0.015625 -0.03125 0.00048828125 -0.0009765625 0.001953125 -0.00390625 0.0078125 -0.015625 0.03125 -0.00048828125 0.0009765625 -0.001953125 0.00390625 -0.0078125 0.015625 -0.03125 0.00048828125 -0.0009765625 0.001953125 -0.00390625 0.0078125 -0.015625 0.03125 -0.00048828125 0.0009765625 -0.001953125 0.00390625 -0.0078125 0.015625 -0.03125 0.00048828125 -0.0009765625 0.001953125 -0.00390625 0.0078125 -0.015625 0.03125 -0.00048828125 0.0009765625 -0.001953125 0.00390625 -0.0078125 0.015625 -0.03125 0.00048828125 -0.0009765625 0.001953125 -0.00390625 4.0078125 -0.015625 0.03125 -0.00048828125 0.0009765625 -0.001953125 0.00390625 -0.0078125 0.015625 -0.03125 0.00048828125 -0.0009765625 0.001953125 -0.00390625 0.0078125 -0.015625 0.03125 -0.00048828125 0.0009765625 -0.001953125 0.00390625 -0.0078125 0.015625 -0.03125 0.00048828125 -0.0009765625 0.001953125 -0.00390625 0.0078125 -0.015625 0.03125 -0.00048828125 0.0009765625 -0.001953125 0.00390625 -0.0078125 0.015625 -0.03125 0.00048828125 -0.0009765625 0.001953125 -0.00390625 0.0078125 -0.015625 0.03125 -0.00048828125 0.0009765625 -0.001953125 0.00390625 -0.0078125 0.015625 -0.03125 0.00048828125 -0.0009765625 0.001953125 -0.00390625 0.0078125 -0.015625 0.03125 -0.00048828125 0.0009765625 -0.001953125 0.00390625 -0.0078125 0.015625 -0.03125 0.00048828125 -0.0009765625 0.001953125 -0.00390625 0.0078125 -0.015625 0.03125 -0.00048828125 0.0009765625 -0.001953125 0.00390625 -0.0078125 0.015625 -0.03125 0.00048828125 -0.0009765625 0.001953125 -0.00390625 0.0078125 -0.015625 0.03125 -0.00048828125 0.0009765625 -0.001953125 0.00390625 -0.0078125 0.015625 -0.03125 0.00048828125 -0.0009765625 0.001953125 -0.00390625 0.0078125 -0.015625 0.03125 -0.00048828125 0.0009765625 -0.001953125 0.00390625 -0.0078125 0.015625 -0.03125 0.00048828125 -0.0009765625 0.001953125 -0.00390625 0.0078125 -0.015625 0.03125 -0.00048828125 0.0009765625 -0.001953125 0.00390625 -0.0078125 0.015625 -0.03125 0.00048828125 -0.0009765625 0.001953125 -0.00390625 0.0078125 -0.015625 0.03125 -0.00048828125 0.0009765625 -0.001953125 0.00390625 -0.0078125 0.015625 -0.03125 0.00048828125 -0.0009765625 0.001953125 -0.00390625 0.0078125 -0.015625 0.03125 -0.00048828125 0.0009765625 -0.001953125 0.00390625 -0.0078125 0.015625 -0.03125 0.00048828125 -0.0009765625 0.001953125 -0.00390625 0.0078125 -0.015625 0.03125 -0.00048828125 0.0009765625 -0.001953125 0.00390625 -0.0078125 0.015625 -0.03125 0.00048828125 -0.0009765625 0.001953125 -0.00390625 0.0078125 -0.015625 0.03125 -0.00048828125 0.0009765625 -0.001953125 0.00390625
0.0009765625 -0.001953125 0.00390625 -0.0078125 0.015625 -0.03125 0.0625 -0.0009765625 0.001953125 -0.00390625 0.0078125 -0.015625 0.03125 -0.0625 0.0009765625 -0.001953125 0.00390625 -0.0078125 0.015625 -0.03125 0.0625 -0.0009765625 0.001953125 -0.00390625 0.0078125 -0.015625 0.03125 -0.0625 0.0009765625 -0.001953125 0.00390625 -0.0078125 0.015625 -0.03125 0.0625 -0.0009765625 0.001953125 -0.00390625 0.0078125 -0.015625 0.03125 -0.0625 0.0009765625 -0.001953125 0.00390625 -0.0078125 0.015625 -0.03125 0.0625 -0.0009765625 0.001953125 -0.00390625 0.0078125 -0.015625 0.03125 -0.0625 0.0009765625 -0.001953125 0.00390625 -0.0078125 0.015625 -0.03125 0.0625 -0.0009765625 0.001953125 -0.00390625 0.0078125 -0.015625 0.03125 -0.0625 0.0009765625 -0.001953125 0.00390625 -0.0078125 0.015625 -0.03125 0.0625 -0.0009765625 0.001953125 -0.00390625 0.0078125 -0.015625 16.03125 -0.0625 0.0009765625 -0.001953125 0.00390625 -0.0078125 0.015625 -0.03125 0.0625 -0.0009765625 0.001953125 -0.00390625 0.0078125 -0.015625 0.03125 -0.0625 0.0009765625 -0.001953125 0.00390625 -0.0078125 0.015625 -0.03125 0.0625 -0.0009765625 0.001953125 -0.00390625 0.0078125 -0.015625 0.03125 -0.0625 0.0009765625 -0.001953125 0.00390625 -0.0078125 0.015625 -0.03125 0.0625 -0.0009765625 0.001953125 -0.00390625 0.0078125 -0.015625 0.03125 -0.0625 0.0009765625 -0.001953125 0.00390625 -0.0078125 0.015625 -0.03125 0.0625 -0.0009765625 0.001953125 -0.00390625 0.0078125 -0.015625 0.03125 -0.0625 0.0009765625 -0.001953125 0.00390625 -0.0078125 0.015625 -0.03125 0.0625 -0.0009765625 0.001953125 -0.00390625 0.0078125 -0.015625 0.03125 -0.0625 0.0009765625 -0.001953125 0.00390625 -0.0078125 0.015625 -0.03125 0.0625 -0.0009765625 0.001953125 -0.00390625 0.0078125 -0.015625 0.03125 -0.0625 0.0009765625 -0.001953125 0.00390625 -0.0078125 0.015625 -0.03125 0.0625 -0.0009765625 0.001953125 -0.00390625 0.0078125 -0.015625 0.03125 -0.0625 0.0009765625 -0.001953125 0.00390625 -0.0078125 0.015625 -0.03125 0.0625 -0.0009765625 0.001953125 -0.00390625 0.0078125 -0.015625 0.03125 -0.0625 0.0009765625 -0.001953125 0.00390625 -0.0078125 0.015625 -0.03125 0.0625 -0.0009765625 0.001953125 -0.00390625 0.0078125 -0.015625 0.03125 -0.0625 0.0009765625 -0.001953125 0.00390625 -0.0078125 0.015625 -0.03125 0.0625 -0.0009765625 0.001953125 -0.00390625 0.0078125 -0.015625 0.03125 -0.0625 0.0009765625 -0.001953125 0.00390625 -0.0078125 0.015625 -0.03125 0.0625 -0.0009765625 0.001953125 -0.00390625 0.0078125 -0.015625 0.03125 -0.0625 0.0009765625 -0.001953125 0.00390625 -0.0078125 0.015625 -0.03125 0.0625 -0.0009765625 0.001953125 -0.00390625 0.0078125 -0.015625 0.03125 -0.0625 0.0009765625 -0.001953125 0.00390625 -0.0078125
-0.001953125 0.00390625 -0.0078125 0.015625 -0.03125 0.0625 -0.125 0.001953125 -0.00390625 0.0078125 -0.015625 0.03125 -0.0625 0.125 -0.001953125 0.00390625 -0.0078125 0.015625 -0.03125 0.0625 -0.125 0.001953125 -0.00390625 0.0078125 -0.015625 0.03125 -0.0625 0.125 -0.001953125 0.00390625 -0.0078125 0.015625 -0.03125 0.0625 -0.125 0.001953125 -0.00390625 0.0078125 -0.015625 0.03125 -0.0625 0.125 -0.001953125 0.00390625 -0.0078125 0.015625 -0.03125 0.0625 -0.125 0.001953125 -0.00390625 0.0078125 -0.015625 0.03125 -0.0625 0.125 -0.001953125 0.00390625 -0.0078125 0.015625 -0.03125 0.0625 -0.125 0.001953125 -0.00390625 0.0078125 -0.015625 0.03125 -0.0625 0.125 -0.001953125 0.00390625 -0.0078125 0.015625 -0.03125 0.0625 -0.125 0.001953125 -0.00390625 0.0078125 -0.015625 0.03125 -0.0625 64.125 -0.001953125 0.00390625 -0.0078125 0.015625 -0.03125 0.0625 -0.125 0.001953125 -0.00390625 0.0078125 -0.015625 0.03125 -0.0625 0.125 -0.001953125 0.00390625 -0.0078125 0.015625 -0.03125 0.0625 -0.125 0.001953125 -0.00390625 0.0078125 -0.015625 0.03125 -0.0625 0.125 -0.001953125 0.00390625 -0.0078125 0.015625 -0.03125 0.0625 -0.125 0.001953125 -0.00390625 0.0078125 -0.015625 0.03125 -0.0625 0.125 -0.001953125 0.00390625 -0.0078125 0.015625 -0.03125 0.0625 -0.125 0.001953125 -0.00390625 0.0078125 -0.015625 0.03125 -0.0625 0.125 -0.001953125 0.00390625 -0.0078125 0.015625 -0.03125 0.0625 -0.125 0.001953125 -0.00390625 0.0078125 -0.015625 0.03125 -0.0625 0.125 -0.001953125 0.00390625 -0.0078125 0.015625 -0.03125 0.0625 -0.125 0.001953125 -0.00390625 0.0078125 -0.015625 0.03125 -0.0625 0.125 -0.001953125 0.00390625 -0.0078125 0.015625 -0.03125 0.0625 -0.125 0.001953125 -0.00390625 0.0078125 -0.015625 0.03125 -0.0625 0.125 -0.001953125 0.00390625 -0.0078125 0.015625 -0.03125 0.0625 -0.125 0.001953125 -0.00390625 0.0078125 -0.015625 0.03125 -0.0625 0.125 -0.001953125 0.00390625 -0.0078125 0.015625 -0.03125 0.0625 -0.125 0.001953125 -0.00390625 0.0078125 -0.015625 0.03125 -0.0625 0.125 -0.001953125 0.00390625 -0.0078125 0.015625 -0.03125 0.0625 -0.125 0.001953125 -0.00390625 0.0078125 -0.015625 0.03125 -0.0625 0.125 -0.001953125 0.00390625 -0.0078125 0.015625 -0.03125 0.0625 -0.125 0.001953125 -0.00390625 0.0078125 -0.015625 0.03125 -0.0625 0.125 -0.001953125 0.00390625 -0.0078125 0.015625 -0.03125 0.0625 -0.125 0.001953125 -0.00390625 0.0078125 -0.015625 0.03125 -0.0625 0.125 -0.001953125 0.00390625 -0.0078125 0.015625
0.00048828125 -0.0009765625 0.001953125 -0.00390625 0.0078125 -0.015625 0.03125 -0.00048828125 0.0009765625 -0.001953125 0.00390625 -0.0078125 0.015625 -0.03125 0.00048828125 -0.0009765625 0.001953125 -0.00390625 0.0078125 -0.015625 0.03125 -0.00048828125 0.0009765625 -0.001953125 0.00390625 -0.0078125 0.015625 -0.03125 0.00048828125 -0.0009765625 0.001953125 -0.00390625 0.0078125 -0.015625 0.03125 -0.00048828125 0.0009765625 -0.001953125 0.00390625 -0.0078125 0.015625 -0.03125 0.00048828125 -0.0009765625 0.001953125 -0.00390625 0.0078125 -0.015625 0.03125 -0.00048828125 0.0009765625 -0.001953125 0.00390625 -0.0078125 0.015625 -0.03125 0.00048828125 -0.0009765625 0.001953125 -0.00390625 0.0078125 -0.015625 0.03125 -0.00048828125 0.0009765625 -0.001953125 0.00390625 -0.0078125 0.015625 -0.03125 0.00048828125 -0.0009765625 0.001953125 -0.00390625 0.0078125 -0.015625 0.03125 -0.00048828125 0.0009765625 -0.001953125 0.00390625 -0.0078125 0.015625 -0.03125 0.25048828125 -0.0009765625 0.001953125 -0.00390625 0.0078125 -0.015625 0.03125 -0.00048828125 0.0009765625 -0.001953125 0.00390625 -0.0078125 0.015625 -0.03125 0.00048828125 -0.0009765625 0.001953125 -0.00390625 0.0078125 -0.015625 0.03125 -0.00048828125 0.0009765625 -0.001953125 0.00390625 -0.0078125 0.015625 -0.03125 0.00048828125 -0.0009765625 0.001953125 -0.00390625 0.0078125 -0.015625 0.03125 -0.00048828125 0.0009765625 -0.001953125 0.00390625 -0.0078125 0.015625 -0.03125 0.00048828125 -0.0009765625 0.001953125 -0.00390625 0.0078125 -0.015625 0.03125 -0.00048828125 0.0009765625 -0.001953125 0.00390625 -0.0078125 0.015625 -0.03125 0.00048828125 -0.0009765625 0.001953125 -0.00390625 0.0078125 -0.015625 0.03125 -0.00048828125 0.0009765625 -0.001953125 0.00390625 -0.0078125 0.015625 -0.03125 0.00048828125 -0.0009765625 0.001953125 -0.00390625 0.0078125 -0.015625 0.03125 -0.00048828125 0.0009765625 -0.001953125 0.00390625 -0.0078125 0.015625 -0.03125 0.00048828125 -0.0009765625 0.001953125 -0.00390625 0.0078125 -0.015625 0.03125 -0.00048828125 0.0009765625 -0.001953125 0.00390625 -0.0078125 0.015625 -0.03125 0.00048828125 -0.0009765625 0.001953125 -0.00390625 0.0078125 -0.015625 0.03125 -0.00048828125 0.0009765625 -0.001953125 0.00390625 -0.0078125 0.015625 -0.03125 0.00048828125 -0.0009765625 0.001953125 -0.00390625 0.0078125 -0.015625 0.03125 -0.00048828125 0.0009765625 -0.001953125 0.00390625 -0.0078125 0.015625 -0.03125 0.00048828125 -0.0009765625 0.001953125 -0.00390625 0.0078125 -0.015625 0.03125 -0.00048828125 0.0009765625 -0.001953125 0.00390625 -0.0078125 0.015625 -0.03125 0.00048828125 -0.0009765625 0.001953125 -0.00390625 0.0078125 -0.015625 0.03125 -0.00048828125 0.0009765625 -0.001953125 0.00390625 -0.0078125 0.015625 -0.03125 0.00048828125 -0.0009765625 0.001953125 -0.00390625 0.0078125 -0.015625 0.03125 -0.00048828125 0.0009765625 -0.001953125 0.00390625 -0.0078125 0.015625 -0.03125 0.00048828125 -0.0009765625 0.001953125 -0.00390625
-0.0009765625 0.001953125 -0.00390625 0.0078125 -0.015625 0.03125 -0.0625 0.0009765625 -0.001953125 0.00390625 -0.0078125 0.015625 -0.03125 0.0625 -0.0009765625 0.001953125 -0.00390625 0.0078125 -0.015625 0.03125 -0.0625 0.0009765625 -0.001953125 0.00390625 -0.0078125 0.015625 -0.03125 0.0625 -0.0009765625 0.001953125 -0.00390625 0.0078125 -0.015625 0.03125 -0.0625 0.0009765625 -0.001953125 0.00390625 -0.0078125 0.015625 -0.03125 0.0625 -0.0009765625 0.001953125 -0.00390625 0.0078125 -0.015625 0.03125 -0.0625 0.0009765625 -0.001953125 0.00390625 -0.0078125 0.015625 -0.03125 0.0625 -0.0009765625 0.001953125 -0.00390625 0.0078125 -0.015625 0.03125 -0.0625 0.0009765625 -0.001953125 0.00390625 -0.0078125 0.015625 -0.03125 0.0625 -0.0009765625 0.001953125 -0.00390625 0.0078125 -0.015625 0.03125 -0.0625 0.0009765625 -0.001953125 0.00390625 -0.0078125 0.015625 -0.03125 0.0625 -0.0009765625 1.001953125 -0.00390625 0.0078125 -0.015625 0.03125 -0.0625 0.0009765625 -0.001953125 0.00390625 -0.0078125 0.015625 -0.03125 0.0625 -0.0009765625 0.001953125 -0.00390625 0.0078125 -0.015625 0.03125 -0.0625 0.0009765625 -0.001953125 0.00390625 -0.0078125 0.015625 -0.03125 0.0625 -0.0009765625 0.001953125 -0.00390625 0.0078125 -0.015625 0.03125 -0.0625 0.0009765625 -0.001953125 0.00390625 -0.0078125 0.015625 -0.03125 0.0625 -0.0009765625 0.001953125 -0.00390625 0.0078125 -0.015625 0.03125 -0.0625 0.0009765625 -0.001953125 0.00390625 -0.0078125 0.015625 -0.03125 0.0625 -0.0009765625 0.001953125 -0.00390625 0.0078125 -0.015625 0.03125 -0.0625 0.0009765625 -0.001953125 0.00390625 -0.0078125 0.015625 -0.03125 0.0625 -0.0009765625 0.001953125 -0.00390625 0.0078125 -0.015625 0.03125 -0.0625 0.0009765625 -0.001953125 0.00390625 -0.0078125 0.015625 -0.03125 0.0625 -0.0009765625 0.001953125 -0.00390625 0.0078125 -0.015625 0.03125 -0.0625 0.0009765625 -0.001953125 0.00390625 -0.0078125 0.015625 -0.03125 0.0625 -0.0009765625 0.001953125 -0.00390625 0.0078125 -0.015625 0.03125 -0.0625 0.0009765625 -0.001953125 0.00390625 -0.0078125 0.015625 -0.03125 0.0625 -0.0009765625 0.001953125 -0.00390625 0.0078125 -0.015625 0.03125 -0.0625 0.0009765625 -0.001953125 0.00390625 -0.0078125 0.015625 -0.03125 0.0625 -0.0009765625 0.001953125 -0.00390625 0.0078125 -0.015625 0.03125 -0.0625 0.0009765625 -0.001953125 0.00390625 -0.0078125 0.015625 -0.03125 0.0625 -0.0009765625 0.001953125 -0.00390625 0.0078125 -0.015625 0.03125 -0.0625 0.0009765625 -0.001953125 0.00390625 -0.0078125 0.015625 -0.03125 0.0625 -0.0009765625 0.001953125 -0.00390625 0.0078125 -0.015625 0.03125 -0.0625 0.0009765625 -0.001953125 0.00390625 -0.0078125 0.015625 -0.03125 0.0625 -0.0009765625 0.001953125 -0.00390625 0.0078125
0.001953125 -0.00390625 0.0078125 -0.015625 0.03125 -0.0625 0.125 -0.001953125 0.00390625 -0.0078125 0.015625 -0.03125 0.0625 -0.125 0.001953125 -0.00390625 0.0078125 -0.015625 0.03125 -0.0625 0.125 -0.001953125 0.00390625 -0.0078125 0.015625 -0.03125 0.0625 -0.125 0.001953125 -0.00390625 0.0078125 -0.015625 0.03125 -0.0625 0.125 -0.001953125 0.00390625 -0.0078125 0.015625 -0.03125 0.0625 -0.125 0.001953125 -0.00390625 0.0078125 -0.015625 0.03125 -0.0625 0.125 -0.001953125 0.00390625 -0.0078125 0.015625 -0.03125 0.0625 -0.125 0.001953125 -0.00390625 0.0078125 -0.015625 0.03125 -0.0625 0.125 -0.001953125 0.00390625 -0.0078125 0.015625 -0.03125 0.0625 -0.125 0.001953125 -0.00390625 0.0078125 -0.015625 0.03125 -0.0625 0.125 -0.001953125 0.00390625 -0.0078125 0.015625 -0.03125 0.0625 -0.125 0.001953125 -0.00390625 4.0078125 -0.015625 0.03125 -0.0625 0.125 -0.001953125 0.00390625 -0.0078125 0.015625 -0.03125 0.0625 -0.125 0.001953125 -0.00390625 0.0078125 -0.015625 0.03125 -0.0625 0.125 -0.001953125 0.00390625 -0.0078125 0.015625 -0.03125 0.0625 -0.125 0.001953125 -0.00390625 0.0078125 -0.015625 0.03125 -0.0625 0.125 -0.001953125 0.00390625 -0.0078125 0.015625 -0.03125 0.0625 -0.125 0.001953125 -0.00390625 0.0078125 -0.015625 0.03125 -0.0625 0.125 -0.001953125 0.00390625 -0.0078125 0.015625 -0.03125 0.0625 -0.125 0.001953125 -0.00390625 0.0078125 -0.015625 0.03125 -0.0625 0.125 -0.001953125 0.00390625 -0.0078125 0.015625 -0.03125 0.0625 -0.125 0.001953125 -0.00390625 0.0078125 -0.015625 0.03125 -0.0625 0.125 -0.001953125 0.00390625 -0.0078125 0.015625 -0.03125 0.0625 -0.125 0.001953125 -0.00390625 0.0078125 -0.015625 0.03125 -0.0625 0.125 -0.001953125 0.00390625 -0.0078125 0.015625 -0.03125 0.0625 -0.125 0.001953125 -0.00390625 0.0078125 -0.015625 0.03125 -0.0625 0.125 -0.001953125 0.00390625 -0.0078125 0.015625 -0.03125 0.0625 -0.125 0.001953125 -0.00390625 0.0078125 -0.015625 0.03125 -0.0625 0.125 -0.001953125 0.00390625 -0.0078125 0.015625 -0.03125 0.0625 -0.125 0.001953125 -0.00390625 0.0078125 -0.015625 0.03125 -0.0625 0.125 -0.001953125 0.00390625 -0.0078125 0.015625 -0.03125 0.0625 -0.125 0.001953125 -0.00390625 0.0078125 -0.015625 0.03125 -0.0625 0.125 -0.001953125 0.00390625 -0.0078125 0.015625 -0.03125 0.0625 -0.125 0.001953125 -0.00390625 0.0078125 -0.015625 0.03125 -0.0625 0.125 -0.001953125 0.00390625 -0.0078125 0.015625 -0.03125 0.0625 -0.125 0.001953125 -0.00390625 0.0078125 -0.015625
-0.00048828125 0.0009765625 -0.001953125 0.00390625 -0.0078125 0.015625 -0.03125 0.00048828125 -0.0009765625 0.001953125 -0.00390625 0.0078125 -0.015625 0.03125 -0.00048828125 0.0009765625 -0.001953125 0.00390625 -0.0078125 0.015625 -0.03125 0.00048828125 -0.0009765625 0.001953125 -0.00390625 0.0078125 -0.015625 0.03125 -0.00048828125 0.0009765625 -0.001953125 0.00390625 -0.0078125 0.015625 -0.03125 0.00048828125 -0.0009765625 0.001953125 -0.00390625 0.0078125 -0.015625 0.03125 -0.00048828125 0.0009765625 -0.001953125 0.00390625 -0.0078125 0.015625 -0.03125 0.00048828125 -0.0009765625 0.001953125 -0.00390625 0.0078125 -0.015625 0.03125 -0.00048828125 0.0009765625 -0.001953125 0.00390625 -0.0078125 0.015625 -0.03125 0.00048828125 -0.0009765625 0.001953125 -0.00390625 0.0078125 -0.015625 0.03125 -0.00048828125 0.0009765625 -0.001953125 0.00390625 -0.0078125 0.015625 -0.03125 0.00048828125 -0.0009765625 0.001953125 -0.00390625 0.0078125 -0.015625 0.03125 -0.00048828125 0.0009765625 -0.001953125 2.00390625 -0.0078125 0.015625 -0.03125 0.00048828125 -0.0009765625 0.001953125 -0.00390625 0.0078125 -0.015625 0.03125 -0.00048828125 0.0009765625 -0.001953125 0.00390625 -0.0078125 0.015625 -0.03125 0.00048828125 -0.0009765625 0.001953125 -0.00390625 0.0078125 -0.015625 0.03125 -0.00048828125 0.0009765625 -0.001953125 0.00390625 -0.0078125 0.015625 -0.03125 0.00048828125 -0.0009765625 0.001953125 -0.00390625 0.0078125 -0.015625 0.03125 -0.00048828125 0.0009765625 -0.001953125 0.00390625 -0.0078125 0.015625 -0.03125 0.00048828125 -0.0009765625 0.001953125 -0.00390625 0.0078125 -0.015625 0.03125 -0.00048828125 0.0009765625 -0.001953125 0.00390625 -0.0078125 0.015625 -0.03125 0.00048828125 -0.0009765625 0.001953125 -0.00390625 0.0078125 -0.015625 0.03125 -0.00048828125 0.0009765625 -0.001953125 0.00390625 -0.0078125 0.015625 -0.03125 0.00048828125 -0.0009765625 0.001953125 -0.00390625 0.0078125 -0.015625 0.03125 -0.00048828125 0.0009765625 -0.001953125 0.00390625 -0.0078125 0.015625 -0.03125 0.00048828125 -0.0009765625 0.001953125 -0.00390625 0.0078125 -0.015625 0.03125 -0.00048828125 0.0009765625 -0.001953125 0.00390625 -0.0078125 0.015625 -0.03125 0.00048828125 -0.0009765625 0.001953125 -0.00390625 0.0078125 -0.015625 0.03125 -0.00048828125 0.0009765625 -0.001953125 0.00390625 -0.0078125 0.015625 -0.03125 0.00048828125 -0.0009765625 0.001953125 -0.00390625 0.0078125 -0.015625 0.03125 -0.00048828125 0.0009765625 -0.001953125 0.00390625 -0.0078125 0.015625 -0.03125 0.00048828125 -0.0009765625 0.001953125 -0.00390625 0.0078125 -0.015625 0.03125 -0.00048828125 0.0009765625 -0.001953125 0.00390625 -0.0078125 0.015625 -0.03125 0.00048828125 -0.0009765625 0.001953125 -0.00390625 0.0078125 -0.015625 0.03125 -0.00048828125 0.0009765625 -0.001953125 0.00390625 -0.0078125 0.015625 -0.03125 0.00048828125 -0.0009765625 0.001953125 -0.00390625 0.0078125 -0.015625 0.03125 -0.00048828125 0.0009765625 -0.001953125 0.00390625
0.0009765625 -0.001953125 0.00390625 -0.0078125 0.015625 -0.03125 0.0625 -0.0009765625 0.001953125 -0.00390625 0.0078125 -0.015625 0.03125 -0.0625 0.0009765625 -0.001953125 0.00390625 -0.0078125 0.015625 -0.03125 0.0625 -0.0009765625 0.001953125 -0.00390625 0.0078125 -0.015625 0.03125 -0.0625 0.0009765625 -0.001953125 0.00390625 -0.0078125 0.015625 -0.03125 0.0625 -0.0009765625 0.001953125 -0.00390625 0.0078125 -0.015625 0.03125 -0.0625 0.0009765625 -0.001953125 0.00390625 -0.0078125 0.015625 -0.03125 0.0625 -0.0009765625 0.001953125 -0.00390625 0.0078125 -0.015625 0.03125 -0.0625 0.0009765625 -0.001953125 0.00390625 -0.0078125 0.015625 -0.03125 0.0625 -0.0009765625 0.001953125 -0.00390625 0.0078125 -0.015625 0.03125 -0.0625 0.0009765625 -0.001953125 0.00390625 -0.0078125 0.015625 -0.03125 0.0625 -0.0009765625 0.001953125 -0.00390625 0.0078125 -0.015625 0.03125 -0.0625 0.0009765625 -0.001953125 0.00390625 -0.0078125 8.015625 -0.03125 0.0625 -0.0009765625 0.001953125 -0.00390625 0.0078125 -0.015625 0.03125 -0.0625 0.0009765625 -0.001953125 0.00390625 -0.0078125 0.015625 -0.03125 0.0625 -0.0009765625 0.001953125 -0.00390625 0.0078125 -0.015625 0.03125 -0.0625 0.0009765625 -0.001953125 0.00390625 -0.0078125 0.015625 -0.03125 0.0625 -0.0009765625 0.001953125 -0.00390625 0.0078125 -0.015625 0.03125 -0.0625 0.0009765625 -0.001953125 0.00390625 -0.0078125 0.015625 -0.03125 0.0625 -0.0009765625 0.001953125 -0.00390625 0.0078125 -0.015625 0.03125 -0.0625 0.0009765625 -0.001953125 0.00390625 -0.0078125 0.015625 -0.03125 0.0625 -0.0009765625 0.001953125 -0.00390625 0.0078125 -0.015625 0.03125 -0.0625 0.0009765625 -0.001953125 0.00390625 -0.0078125 0.015625 -0.03125 0.0625 -0.0009765625 0.001953125 -0.00390625 0.0078125 -0.015625 0.03125 -0.0625 0.0009765625 -0.001953125 0.00390625 -0.0078125 0.015625 -0.03125 0.0625 -0.0009765625 0.001953125 -0.00390625 0.0078125 -0.015625 0.03125 -0.0625 0.0009765625 -0.001953125 0.00390625 -0.0078125 0.015625 -0.03125 0.0625 -0.0009765625 0.001953125 -0.00390625 0.0078125 -0.015625 0.03125 -0.0625 0.0009765625 -0.001953125 0.00390625 -0.0078125 0.015625 -0.03125 0.0625 -0.0009765625 0.001953125 -0.00390625 0.0078125 -0.015625 0.03125 -0.0625 0.0009765625 -0.001953125 0.00390625 -0.0078125 0.015625 -0.03125 0.0625 -0.0009765625 0.001953125 -0.00390625 0.0078125 -0.015625 0.03125 -0.0625 0.0009765625 -0.001953125 0.00390625 -0.0078125 0.015625 -0.03125 0.0625 -0.0009765625 0.001953125 -0.00390625 0.0078125 -0.015625 0.03125 -0.0625 0.0009765625 -0.001953125 0.00390625 -0.0078125 0.015625 -0.03125 0.0625 -0.0009765625 0.001953125 -0.00390625 0.0078125 -0.015625 0.03125 -0.0625 0.0009765625 -0.001953125 0.00390625 -0.0078125
-0.001953125 0.00390625 -0.0078125 0.015625 -0.03125 0.0625 -0.125 0.001953125 -0.00390625 0.0078125 -0.015625 0.03125 -0.0625 0.125 -0.001953125 0.00390625 -0.0078125 0.015625 -0.03125 0.0625 -0.125 0.001953125 -0.00390625 0.0078125 -0.015625 0.03125 -0.0625 0.125 -0.001953125 0.00390625 -0.0078125 0.015625 -0.03125 0.0625 -0.125 0.001953125 -0.00390625 0.0078125 -0.015625 0.03125 -0.0625 0.125 -0.001953125 0.00390625 -0.0078125 0.015625 -0.03125 0.0625 -0.125 0.001953125 -0.00390625 0.0078125 -0.015625 0.03125 -0.0625 0.125 -0.001953125 0.00390625 -0.0078125 0.015625 -0.03125 0.0625 -0.125 0.001953125 -0.00390625 0.0078125 -0.015625 0.03125 -0.0625 0.125 -0.001953125 0.00390625 -0.0078125 0.015625 -0.03125 0.0625 -0.125 0.001953125 -0.00390625 0.0078125 -0.015625 0.03125 -0.0625 0.125 -0.001953125 0.00390625 -0.0078125 0.015625 -0.03125 32.0625 -0.125 0.001953125 -0.00390625 0.0078125 -0.015625 0.03125 -0.0625 0.125 -0.001953125 0.00390625 -0.0078125 0.015625 -0.03125 0.0625 -0.125 0.001953125 -0.00390625 0.0078125 -0.015625 0.03125 -0.0625 0.125 -0.001953125 0.00390625 -0.0078125 0.015625 -0.03125 0.0625 -0.125 0.001953125 -0.00390625 0.0078125 -0.015625 0.03125 -0.0625 0.125 -0.001953125 0.00390625 -0.0078125 0.015625 -0.03125 0.0625 -0.125 0.001953125 -0.00390625 0.0078125 -0.015625 0.03125 -0.0625 0.125 -0.001953125 0.00390625 -0.0078125 0.015625 -0.03125 0.0625 -0.125 0.001953125 -0.00390625 0.0078125 -0.015625 0.03125 -0.0625 0.125 -0.001953125 0.00390625 -0.0078125 0.015625 -0.03125 0.0625 -0.125 0.001953125 -0.00390625 0.0078125 -0.015625 0.03125 -0.0625 0.125 -0.001953125 0.00390625 -0.0078125 0.015625 -0.03125 0.0625 -0.125 0.001953125 -0.00390625 0.0078125 -0.015625 0.03125 -0.0625 0.125 -0.001953125 0.00390625 -0.0078125 0.015625 -0.03125 0.0625 -0.125 0.001953125 -0.00390625 0.0078125 -0.015625 0.03125 -0.0625 0.125 -0.001953125 0.00390625 -0.0078125 0.015625 -0.03125 0.0625 -0.125 0.001953125 -0.00390625 0.0078125 -0.015625 0.03125 -0.0625 0.125 -0.001953125 0.00390625 -0.0078125 0.015625 -0.03125 0.0625 -0.125 0.001953125 -0.00390625 0.0078125 -0.015625 0.03125 -0.0625 0.125 -0.001953125 0.00390625 -0.0078125 0.015625 -0.03125 0.0625 -0.125 0.001953125 -0.00390625 0.0078125 -0.015625 0.03125 -0.0625 0.125 -0.001953125 0.00390625 -0.0078125 0.015625 -0.03125 0.0625 -0.125 0.001953125 -0.00390625 0.0078125 -0.015625 0.03125 -0.0625 0.125 -0.001953125 0.00390625 -0.0078125 0.015625
0.00048828125 -0.0009765625 0.001953125 -0.00390625 0.0078125 -0.015625 0.03125 -0.00048828125 0.0009765625 -0.001953125 0.00390625 -0.0078125 0.015625 -0.03125 0.00048828125 -0.0009765625 0.001953125 -0.00390625 0.0078125 -0.015625 0.03125 -0.00048828125 0.0009765625 -0.001953125 0.00390625 -0.0078125 0.015625 -0.03125 0.00048828125 -0.0009765625 0.001953125 -0.00390625 0.0078125 -0.015625 0.03125 -0.00048828125 0.0009765625 -0.001953125 0.00390625 -0.0078125 0.015625 -0.03125 0.00048828125 -0.0009765625 0.001953125 -0.00390625 0.0078125 -0.015625 0.03125 -0.00048828125 0.0009765625 -0.001953125 0.00390625 -0.0078125 0.015625 -0.03125 0.00048828125 -0.0009765625 0.001953125 -0.00390625 0.0078125 -0.015625 0.03125 -0.00048828125 0.0009765625 -0.001953125 0.00390625 -0.0078125 0.015625 -0.03125 0.00048828125 -0.0009765625 0.001953125 -0.00390625 0.0078125 -0.015625 0.03125 -0.00048828125 0.0009765625 -0.001953125 0.00390625 -0.0078125 0.015625 -0.03125 0.00048828125 -0.0009765625 0.001953125 -0.00390625 0.0078125 -0.015625 16.03125 -0.00048828125 0.0009765625 -0.001953125 0.00390625 -0.0078125 0.015625 -0.03125 0.00048828125 -0.0009765625 0.001953125 -0.00390625 0.0078125 -0.015625 0.03125 -0.00048828125 0.0009765625 -0.001953125 0.00390625 -0.0078125 0.015625 -0.03125 0.00048828125 -0.0009765625 0.001953125 -0.00390625 0.0078125 -0.015625 0.03125 -0.00048828125 0.0009765625 -0.001953125 0.00390625 -0.0078125 0.015625 -0.03125 0.00048828125 -0.0009765625 0.001953125 -0.00390625 0.0078125 -0.015625 0.03125 -0.00048828125 0.0009765625 -0.001953125 0.00390625 -0.0078125 0.015625 -0.03125 0.00048828125 -0.0009765625 0.001953125 -0.00390625 0.0078125 -0.015625 0.03125 -0.00048828125 0.0009765625 -0.001953125 0.00390625 -0.0078125 0.015625 -0.03125 0.00048828125 -0.0009765625 0.001953125 -0.00390625 0.0078125 -0.015625 0.03125 -0.00048828125 0.0009765625 -0.001953125 0.00390625 -0.0078125 0.015625 -0.03125 0.00048828125 -0.0009765625 0.001953125 -0.00390625 0.0078125 -0.015625 0.03125 -0.00048828125 0.0009765625 -0.001953125 0.00390625 -0.0078125 0.015625 -0.03125 0.00048828125 -0.0009765625 0.001953125 -0.00390625 0.0078125 -0.015625 0.03125 -0.00048828125 0.0009765625 -0.001953125 0.00390625 -0.0078125 0.015625 -0.03125 0.00048828125 -0.0009765625 0.001953125 -0.00390625 0.0078125 -0.015625 0.03125 -0.00048828125 0.0009765625 -0.001953125 0.00390625 -0.0078125 0.015625 -0.03125 0.00048828125 -0.0009765625 0.001953125 -0.00390625 0.0078125 -0.015625 0.03125 -0.00048828125 0.0009765625 -0.001953125 0.00390625 -0.0078125 0.015625 -0.03125 0.00048828125 -0.0009765625 0.001953125 -0.00390625 0.0078125 -0.015625 0.03125 -0.00048828125 0.0009765625 -0.001953125 0.00390625 -0.0078125 0.015625 -0.03125 0.00048828125 -0.0009765625 0.001953125 -0.00390625 0.0078125 -0.015625 0.03125 -0.00048828125 0.0009765625 -0.001953125 0.00390625 -0.0078125 0.015625 -0.03125 0.00048828125 -0.0009765625 0.001953125 -0.00390625
-0.0009765625 0.001953125 -0.00390625 0.0078125 -0.015625 0.03125 -0.0625 0.0009765625 -0.001953125 0.00390625 -0.0078125 0.015625 -0.03125 0.0625 -0.0009765625 0.001953125 -0.00390625 0.0078125 -0.015625 0.03125 -0.0625 0.0009765625 -0.001953125 0.00390625 -0.0078125 0.015625 -0.03125 0.0625 -0.0009765625 0.001953125 -0.00390625 0.0078125 -0.015625 0.03125 -0.0625 0.0009765625 -0.001953125 0.00390625 -0.0078125 0.015625 -0.03125 0.0625 -0.0009765625 0.001953125 -0.00390625 0.0078125 -0.015625 0.03125 -0.0625 0.0009765625 -0.001953125 0.00390625 -0.0078125 0.015625 -0.03125 0.0625 -0.0009765625 0.001953125 -0.00390625 0.0078125 -0.015625 0.03125 -0.0625 0.0009765625 -0.001953125 0.00390625 -0.0078125 0.015625 -0.03125 0.0625 -0.0009765625 0.001953125 -0.00390625 0.0078125 -0.015625 0.03125 -0.0625 0.0009765625 -0.001953125 0.00390625 -0.0078125 0.015625 -0.03125 0.0625 -0.0009765625 0.001953125 -0.00390625 0.0078125 -0.015625 0.03125 -0.0625 0.5009765625 -0.001953125 0.00390625 -0.0078125 0.015625 -0.03125 0.0625 -0.0009765625 0.001953125 -0.00390625 0.0078125 -0.015625 0.03125 -0.0625 0.0009765625 -0.001953125 0.00390625 -0.0078125 0.015625 -0.03125 0.0625 -0.0009765625 0.001953125 -0.00390625 0.0078125 -0.015625 0.03125 -0.0625 0.0009765625 -0.001953125 0.00390625 -0.0078125 0.015625 -0.03125 0.0625 -0.0009765625 0.001953125 -0.00390625 0.0078125 -0.015625 0.03125 -0.0625 0.0009765625 -0.001953125 0.00390625 -0.0078125 0.015625 -0.03125 0.0625 -0.0009765625 0.001953125 -0.00390625 0.0078125 -0.015625 0.03125 -0.0625 0.0009765625 -0.001953125 0.00390625 -0.0078125 0.015625 -0.03125 0.0625 -0.0009765625 0.001953125 -0.00390625 0.0078125 -0.015625 0.03125 -0.0625 0.0009765625 -0.001953125 0.00390625 -0.0078125 0.015625 -0.03125 0.0625 -0.0009765625 0.001953125 -0.00390625 0.0078125 -0.015625 0.03125 -0.0625 0.0009765625 -0.001953125 0.00390625 -0.0078125 0.015625 -0.03125 0.0625 -0.0009765625 0.001953125 -0.00390625 0.0078125 -0.015625 0.03125 -0.0625 0.0009765625 -0.001953125 0.00390625 -0.0078125 0.015625 -0.03125 0.0625 -0.0009765625 0.001953125 -0.00390625 0.0078125 -0.015625 0.03125 -0.0625 0.0009765625 -0.001953125 0.00390625 -0.0078125 0.015625 -0.03125 0.0625 -0.0009765625 0.001953125 -0.00390625 0.0078125 -0.015625 0.03125 -0.0625 0.0009765625 -0.001953125 0.00390625 -0.0078125 0.015625 -0.03125 0.0625 -0.0009765625 0.001953125 -0.00390625 0.0078125 -0.015625 0.03125 -0.0625 0.0009765625 -0.001953125 0.00390625 -0.0078125 0.015625 -0.03125 0.0625 -0.0009765625 0.001953125 -0.00390625 0.0078125 -0.015625 0.03125 -0.0625 0.0009765625 -0.001953125 0.00390625 -0.0078125 0.015625 -0.03125 0.0625 -0.0009765625 0.001953125 -0.00390625 0.0078125
0.001953125 -0.00390625 0.0078125 -0.015625 0.03125 -0.0625 0.125 -0.001953125 0.00390625 -0.0078125 0.015625 -0.03125 0.0625 -0.125 0.001953125 -0.00390625 0.0078125 -0.015625 0.03125 -0.0625 0.125 -0.001953125 0.00390625 -0.0078125 0.015625 -0.03125 0.0625 -0.125 0.001953125 -0.00390625 0.0078125 -0.015625 0.03125 -0.0625 0.125 -0.001953125 0.00390625 -0.0078125 0.015625 -0.03125 0.0625 -0.125 0.001953125 -0.00390625 0.0078125 -0.015625 0.03125 -0.0625 0.125 -0.001953125 0.00390625 -0.0078125 0.015625 -0.03125 0.0625 -0.125 0.001953125 -0.00390625 0.0078125 -0.015625 0.03125 -0.0625 0.125 -0.001953125 0.00390625 -0.0078125 0.015625 -0.03125 0.0625 -0.125 0.001953125 -0.00390625 0.0078125 -0.015625 0.03125 -0.0625 0.125 -0.001953125 0.00390625 -0.0078125 0.015625 -0.03125 0.0625 -0.125 0.001953125 -0.00390625 0.0078125 -0.015625 0.03125 -0.0625 0.125 -0.001953125 2.00390625 -0.0078125 0.015625 -0.03125 0.0625 -0.125 0.001953125 -0.00390625 0.0078125 -0.015625 0.03125 -0.0625 0.125 -0.001953125 0.00390625 -0.0078125 0.015625 -0.03125 0.0625 -0.125 0.001953125 -0.00390625 0.0078125 -0.015625 0.03125 -0.0625 0.125 -0.001953125 0.00390625 -0.0078125 0.015625 -0.03125 0.0625 -0.125 0.001953125 -0.00390625 0.0078125 -0.015625 0.03125 -0.0625 0.125 -0.001953125 0.00390625 -0.0078125 0.015625 -0.03125 0.0625 -0.125 0.001953125 -0.00390625 0.0078125 -0.015625 0.03125 -0.0625 0.125 -0.001953125 0.00390625 -0.0078125 0.015625 -0.03125 0.0625 -0.125 0.001953125 -0.00390625 0.0078125 -0.015625 0.03125 -0.0625 0.125 -0.001953125 0.00390625 -0.0078125 0.015625 -0.03125 0.0625 -0.125 0.001953125 -0.00390625 0.0078125 -0.015625 0.03125 -0.0625 0.125 -0.001953125 0.00390625 -0.0078125 0.015625 -0.03125 0.0625 -0.125 0.001953125 -0.00390625 0.0078125 -0.015625 0.03125 -0.0625 0.125 -0.001953125 0.00390625 -0.0078125 0.015625 -0.03125 0.0625 -0.125 0.001953125 -0.00390625 0.0078125 -0.015625 0.03125 -0.0625 0.125 -0.001953125 0.00390625 -0.0078125 0.015625 -0.03125 0.0625 -0.125 0.001953125 -0.00390625 0.0078125 -0.015625 0.03125 -0.0625 0.125 -0.001953125 0.00390625 -0.0078125 0.015625 -0.03125 0.0625 -0.125 0.001953125 -0.00390625 0.0078125 -0.015625 0.03125 -0.0625 0.125 -0.001953125 0.00390625 -0.0078125 0.015625 -0.03125 0.0625 -0.125 0.001953125 -0.00390625 0.0078125 -0.015625 0.03125 -0.0625 0.125 -0.001953125 0.00390625 -0.0078125 0.015625 -0.03125 0.0625 -0.125 0.001953125 -0.00390625 0.0078125 -0.015625
-0.00048828125 0.0009765625 -0.001953125 0.00390625 -0.0078125 0.015625 -0.03125 0.00048828125 -0.0009765625 0.001953125 -0.00390625 0.0078125 -0.015625 0.03125 -0.00048828125 0.0009765625 -0.001953125 0.00390625 -0.0078125 0.015625 -0.03125 0.00048828125 -0.0009765625 0.001953125 -0.00390625 0.0078125 -0.015625 0.03125 -0.00048828125 0.0009765625 -0.001953125 0.00390625 -0.0078125 0.015625 -0.03125 0.00048828125 -0.0009765625 0.001953125 -0.00390625 0.0078125 -0.015625 0.03125 -0.00048828125 0.0009765625 -0.001953125 0.00390625 -0.0078125 0.015625 -0.03125 0.00048828125 -0.0009765625 0.001953125 -0.00390625 0.0078125 -0.015625 0.03125 -0.00048828125 0.0009765625 -0.001953125 0.00390625 -0.0078125 0.015625 -0.03125 0.00048828125 -0.0009765625 0.001953125 -0.00390625 0.0078125 -0.015625 0.03125 -0.00048828125 0.0009765625 -0.001953125 0.00390625 -0.0078125 0.015625 -0.03125 0.00048828125 -0.0009765625 0.001953125 -0.00390625 0.0078125 -0.015625 0.03125 -0.00048828125 0.0009765625 -0.001953125 0.00390625 -0.0078125 0.015625 -0.03125 0.00048828125 -0.0009765625 1.001953125 -0.00390625 0.0078125 -0.015625 0.03125 -0.00048828125 0.0009765625 -0.001953125 0.00390625 -0.0078125 0.015625 -0.03125 0.00048828125 -0.0009765625 0.001953125 -0.00390625 0.0078125 -0.015625 0.03125 -0.00048828125 0.0009765625 -0.001953125 0.00390625 -0.0078125 0.015625 -0.03125 0.00048828125 -0.0009765625 0.001953125 -0.00390625 0.0078125 -0.015625 0.03125 -0.00048828125 0.0009765625 -0.001953125 0.00390625 -0.0078125 0.015625 -0.03125 0.00048828125 -0.0009765625 0.001953125 -0.00390625 0.0078125 -0.015625 0.03125 -0.00048828125 0.0009765625 -0.001953125 0.00390625 -0.0078125 0.015625 -0.03125 0.00048828125 -0.0009765625 0.001953125 -0.00390625 0.0078125 -0.015625 0.03125 -0.00048828125 0.0009765625 -0.001953125 0.00390625 -0.0078125 0.015625 -0.03125 0.00048828125 -0.0009765625 0.001953125 -0.00390625 0.0078125 -0.015625 0.03125 -0.00048828125 0.0009765625 -0.001953125 0.00390625 -0.0078125 0.015625 -0.03125 0.00048828125 -0.0009765625 0.001953125 -0.00390625 0.0078125 -0.015625 0.03125 -0.00048828125 0.0009765625 -0.001953125 0.00390625 -0.0078125 0.015625 -0.03125 0.00048828125 -0.0009765625 0.001953125 -0.00390625 0.0078125 -0.015625 0.03125 -0.00048828125 0.0009765625 -0.001953125 0.00390625 -0.0078125 0.015625 -0.03125 0.00048828125 -0.0009765625 0.001953125 -0.00390625 0.0078125 -0.015625 0.03125 -0.00048828125 0.0009765625 -0.001953125 0.00390625 -0.0078125 0.015625 -0.03125 0.00048828125 -0.0009765625 0.001953125 -0.00390625 0.0078125 -0.015625 0.03125 -0.00048828125 0.0009765625 -0.001953125 0.00390625 -0.0078125 0.015625 -0.03125 0.00048828125 -0.0009765625 0.001953125 -0.00390625 0.0078125 -0.015625 0.03125 -0.00048828125 0.0009765625 -0.001953125 0.00390625 -0.0078125 0.015625 -0.03125 0.00048828125 -0.0009765625 0.001953125 -0.00390625 0.0078125 -0.015625 0.03125 -0.00048828125 0.0009765625 -0.001953125 0.00390625
0.0009765625 -0.001953125 0.00390625 -0.0078125 0.015625 -0.03125 0.0625 -0.0009765625 0.001953125 -0.00390625 0.0078125 -0.015625 0.03125 -0.0625 0.0009765625 -0.001953125 0.00390625 -0.0078125 0.015625 -0.03125 0.0625 -0.0009765625 0.001953125 -0.00390625 0.0078125 -0.015625 0.03125 -0.0625 0.0009765625 -0.001953125 0.00390625 -0.0078125 0.015625 -0.03125 0.0625 -0.0009765625 0.001953125 -0.00390625 0.0078125 -0.015625 0.03125 -0.0625 0.0009765625 -0.001953125 0.00390625 -0.0078125 0.015625 -0.03125 0.0625 -0.0009765625 0.001953125 -0.00390625 0.0078125 -0.015625 0.03125 -0.0625 0.0009765625 -0.001953125 0.00390625 -0.0078125 0.015625 -0.03125 0.0625 -0.0009765625 0.001953125 -0.00390625 0.0078125 -0.015625 0.03125 -0.0625 0.0009765625 -0.001953125 0.00390625 -0.0078125 0.015625 -0.03125 0.0625 -0.0009765625 0.001953125 -0.00390625 0.0078125 -0.015625 0.03125 -0.0625 0.0009765625 -0.001953125 0.00390625 -0.0078125 0.015625 -0.03125 0.0625 -0.0009765625 0.001953125 -0.00390625 4.0078125 -0.015625 0.03125 -0.0625 0.0009765625 -0.001953125 0.00390625 -0.0078125 0.015625 -0.03125 0.0625 -0.0009765625 0.001953125 -0.00390625 0.0078125 -0.015625 0.03125 -0.0625 0.0009765625 -0.001953125 0.00390625 -0.0078125 0.015625 -0.03125 0.0625 -0.0009765625 0.001953125 -0.00390625 0.0078125 -0.015625 0.03125 -0.0625 0.0009765625 -0.001953125 0.00390625 -0.0078125 0.015625 -0.03125 0.0625 -0.0009765625 0.001953125 -0.00390625 0.0078125 -0.015625 0.03125 -0.0625 0.0009765625 -0.001953125 0.00390625 -0.0078125 0.015625 -0.03125 0.0625 -0.0009765625 0.001953125 -0.00390625 0.0078125 -0.015625 0.03125 -0.0625 0.0009765625 -0.001953125 0.00390625 -0.0078125 0.015625 -0.03125 0.0625 -0.0009765625 0.001953125 -0.00390625 0.0078125 -0.015625 0.03125 -0.0625 0.0009765625 -0.001953125 0.00390625 -0.0078125 0.015625 -0.03125 0.0625 -0.0009765625 0.001953125 -0.00390625 0.0078125 -0.015625 0.03125 -0.0625 0.0009765625 -0.001953125 0.00390625 -0.0078125 0.015625 -0.03125 0.0625 -0.0009765625 0.001953125 -0.00390625 0.0078125 -0.015625 0.03125 -0.0625 0.0009765625 -0.001953125 0.00390625 -0.0078125 0.015625 -0.03125 0.0625 -0.0009765625 0.001953125 -0.00390625 0.0078125 -0.015625 0.03125 -0.0625 0.0009765625 -0.001953125 0.00390625 -0.0078125 0.015625 -0.03125 0.0625 -0.0009765625 0.001953125 -0.00390625 0.0078125 -0.015625 0.03125 -0.0625 0.0009765625 -0.001953125 0.00390625 -0.0078125 0.015625 -0.03125 0.0625 -0.0009765625 0.001953125 -0.00390625 0.0078125 -0.015625 0.03125 -0.0625 0.0009765625 -0.001953125 0.00390625 -0.0078125 0.015625 -0.03125 0.0625 -0.0009765625 0.001953125 -0.00390625 0.0078125 -0.015625 0.03125 -0.0625 0.0009765625 -0.001953125 0.00390625 -0.0078125
-0.001953125 0.00390625 -0.0078125 0.015625 -0.03125 0.0625 -0.125 0.001953125 -0.00390625 0.0078125 -0.015625 0.03125 -0.0625 0.125 -0.001953125 0.00390625 -0.0078125 0.015625 -0.03125 0.0625 -0.125 0.001953125 -0.00390625 0.0078125 -0.015625 0.03125 -0.0625 0.125 -0.001953125 0.00390625 -0.0078125 0.015625 -0.03125 0.0625 -0.125 0.001953125 -0.00390625 0.0078125 -0.015625 0.03125 -0.0625 0.125 -0.001953125 0.00390625 -0.0078125 0.015625 -0.03125 0.0625 -0.125 0.001953125 -0.00390625 0.0078125 -0.015625 0.03125 -0.0625 0.125 -0.001953125 0.00390625 -0.0078125 0.015625 -0.03125 0.0625 -0.125 0.001953125 -0.00390625 0.0078125 -0.015625 0.03125 -0.0625 0.125 -0.001953125 0.00390625 -0.0078125 0.015625 -0.03125 0.0625 -0.125 0.001953125 -0.00390625 0.0078125 -0.015625 0.03125 -0.0625 0.125 -0.001953125 0.00390625 -0.0078125 0.015625 -0.03125 0.0625 -0.125 0.001953125 -0.00390625 0.0078125 -0.015625 16.03125 -0.0625 0.125 -0.001953125 0.00390625 -0.0078125 0.015625 -0.03125 0.0625 -0.125 0.001953125 -0.00390625 0.0078125 -0.015625 0.03125 -0.0625 0.125 -0.001953125 0.00390625 -0.0078125 0.015625 -0.03125 0.0625 -0.125 0.001953125 -0.00390625 0.0078125 -0.015625 0.03125 -0.0625 0.125 -0.001953125 0.00390625 -0.0078125 0.015625 -0.03125 0.0625 -0.125 0.001953125 -0.00390625 0.0078125 -0.015625 0.03125 -0.0625 0.125 -0.001953125 0.00390625 -0.0078125 0.015625 -0.03125 0.0625 -0.125 0.001953125 -0.00390625 0.0078125 -0.015625 0.03125 -0.0625 0.125 -0.001953125 0.00390625 -0.0078125 0.015625 -0.03125 0.0625 -0.125 0.001953125 -0.00390625 0.0078125 -0.015625 0.03125 -0.0625 0.125 -0.001953125 0.00390625 -0.0078125 0.015625 -0.03125 0.0625 -0.125 0.001953125 -0.00390625 0.0078125 -0.015625 0.03125 -0.0625 0.125 -0.001953125 0.00390625 -0.0078125 0.015625 -0.03125 0.0625 -0.125 0.001953125 -0.00390625 0.0078125 -0.015625 0.03125 -0.0625 0.125 -0.001953125 0.00390625 -0.0078125 0.015625 -0.03125 0.0625 -0.125 0.001953125 -0.00390625 0.0078125 -0.015625 0.03125 -0.0625 0.125 -0.001953125 0.00390625 -0.0078125 0.015625 -0.03125 0.0625 -0.125 0.001953125 -0.00390625 0.0078125 -0.015625 0.03125 -0.0625 0.125 -0.001953125 0.00390625 -0.0078125 0.015625 -0.03125 0.0625 -0.125 0.001953125 -0.00390625 0.0078125 -0.015625 0.03125 -0.0625 0.125 -0.001953125 0.00390625 -0.0078125 0.015625 -0.03125 0.0625 -0.125 0.001953125 -0.00390625 0.0078125 -0.015625 0.03125 -0.0625 0.125 -0.001953125 0.00390625 -0.0078125 0.015625
0.00048828125 -0.0009765625 0.001953125 -0.00390625 0.0078125 -0.015625 0.03125 -0.00048828125 0.0009765625 -0.001953125 0.00390625 -0.0078125 0.015625 -0.03125 0.00048828125 -0.0009765625 0.001953125 -0.00390625 0.0078125 -0.015625 0.03125 -0.00048828125 0.0009765625 -0.001953125 0.00390625 -0.0078125 0.015625 -0.03125 0.00048828125 -0.0009765625 0.001953125 -0.00390625 0.0078125 -0.015625 0.03125 -0.00048828125 0.0009765625 -0.001953125 0.00390625 -0.0078125 0.015625 -0.03125 0.00048828125 -0.0009765625 0.001953125 -0.00390625 0.0078125 -0.015625 0.03125 -0.00048828125 0.0009765625 -0.001953125 0.00390625 -0.0078125 0.015625 -0.03125 0.00048828125 -0.0009765625 0.001953125 -0.00390625 0.0078125 -0.015625 0.03125 -0.00048828125 0.0009765625 -0.001953125 0.00390625 -0.0078125 0.015625 -0.03125 0.00048828125 -0.0009765625 0.001953125 -0.00390625 0.0078125 -0.015625 0.03125 -0.00048828125 0.0009765625 -0.001953125 0.00390625 -0.0078125 0.015625 -0.03125 0.00048828125 -0.0009765625 0.001953125 -0.00390625 0.0078125 -0.015625 0.03125 -0.00048828125 0.0009765625 -0.001953125 0.00390625 -0.0078125 8.015625 -0.03125 0.00048828125 -0.0009765625 0.001953125 -0.00390625 0.0078125 -0.015625 0.03125 -0.00048828125 0.0009765625 -0.001953125 0.00390625 -0.0078125 0.015625 -0.03125 0.00048828125 -0.0009765625 0.001953125 -0.00390625 0.0078125 -0.015625 0.03125 -0.00048828125 0.0009765625 -0.001953125 0.00390625 -0.0078125 0.015625 -0.03125 0.00048828125 -0.0009765625 0.001953125 -0.00390625 0.0078125 -0.015625 0.03125 -0.00048828125 0.0009765625 -0.001953125 0.00390625 -0.0078125 0.015625 -0.03125 0.00048828125 -0.0009765625 0.001953125 -0.00390625 0.0078125 -0.015625 0.03125 -0.00048828125 0.0009765625 -0.001953125 0.00390625 -0.0078125 0.015625 -0.03125 0.00048828125 -0.0009765625 0.001953125 -0.00390625 0.0078125 -0.015625 0.03125 -0.00048828125 0.0009765625 -0.001953125 0.00390625 -0.0078125 0.015625 -0.03125 0.00048828125 -0.0009765625 0.001953125 -0.00390625 0.0078125 -0.015625 0.03125 -0.00048828125 0.0009765625 -0.001953125 0.00390625 -0.0078125 0.015625 -0.03125 0.00048828125 -0.0009765625 0.001953125 -0.00390625 0.0078125 -0.015625 0.03125 -0.00048828125 0.0009765625 -0.001953125 0.00390625 -0.0078125 0.015625 -0.03125 0.00048828125 -0.0009765625 0.001953125 -0.00390625 0.0078125 -0.015625 0.03125 -0.00048828125 0.0009765625 -0.001953125 0.00390625 -0.0078125 0.015625 -0.03125 0.00048828125 -0.0009765625 0.001953125 -0.00390625 0.0078125 -0.015625 0.03125 -0.00048828125 0.0009765625 -0.001953125 0.00390625 -0.0078125 0.015625 -0.03125 0.00048828125 -0.0009765625 0.001953125 -0.00390625 0.0078125 -0.015625 0.03125 -0.00048828125 0.0009765625 -0.001953125 0.00390625 -0.0078125 0.015625 -0.03125 0.00048828125 -0.0009765625 0.001953125 -0.00390625 0.0078125 -0.015625 0.03125 -0.00048828125 0.0009765625 -0.001953125 0.00390625 -0.0078125 0.015625 -0.03125 0.00048828125 -0.0009765625 0.001953125 -0.00390625
-0.0009765625 0.001953125 -0.00390625 0.0078125 -0.015625 0.03125 -0.0625 0.0009765625 -0.001953125 0.00390625 -0.0078125 0.015625 -0.03125 0.0625 -0.0009765625 0.001953125 -0.00390625 0.0078125 -0.015625 0.03125 -0.0625 0.0009765625 -0.001953125 0.00390625 -0.0078125 0.015625 -0.03125 0.0625 -0.0009765625 0.001953125 -0.00390625 0.0078125 -0.015625 0.03125 -0.0625 0.0009765625 -0.001953125 0.00390625 -0.0078125 0.015625 -0.03125 0.0625 -0.0009765625 0.001953125 -0.00390625 0.0078125 -0.015625 0.03125 -0.0625 0.0009765625 -0.001953125 0.00390625 -0.0078125 0.015625 -0.03125 0.0625 -0.0009765625 0.001953125 -0.00390625 0.0078125 -0.015625 0.03125 -0.0625 0.0009765625 -0.001953125 0.00390625 -0.0078125 0.015625 -0.03125 0.0625 -0.0009765625 0.001953125 -0.00390625 0.0078125 -0.015625 0.03125 -0.0625 0.0009765625 -0.001953125 0.00390625 -0.0078125 0.015625 -0.03125 0.0625 -0.0009765625 0.001953125 -0.00390625 0.0078125 -0.015625 0.03125 -0.0625 0.0009765625 -0.001953125 0.00390625 -0.0078125 0.015625 -0.03125 32.0625 -0.0009765625 0.001953125 -0.00390625 0.0078125 -0.015625 0.03125 -0.0625 0.0009765625 -0.001953125 0.00390625 -0.0078125 0.015625 -0.03125 0.0625 -0.0009765625 0.001953125 -0.00390625 0.0078125 -0.015625 0.03125 -0.0625 0.0009765625 -0.001953125 0.00390625 -0.0078125 0.015625 -0.03125 0.0625 -0.0009765625 0.001953125 -0.00390625 0.0078125 -0.015625 0.03125 -0.0625 0.0009765625 -0.001953125 0.00390625 -0.0078125 0.015625 -0.03125 0.0625 -0.0009765625 0.001953125 -0.00390625 0.0078125 -0.015625 0.03125 -0.0625 0.0009765625 -0.001953125 0.00390625 -0.0078125 0.015625 -0.03125 0.0625 -0.0009765625 0.001953125 -0.00390625 0.0078125 -0.015625 0.03125 -0.0625 0.0009765625 -0.001953125 0.00390625 -0.0078125 0.015625 -0.03125 0.0625 -0.0009765625 0.001953125 -0.00390625 0.0078125 -0.015625 0.03125 -0.0625 0.0009765625 -0.001953125 0.00390625 -0.0078125 0.015625 -0.03125 0.0625 -0.0009765625 0.001953125 -0.00390625 0.0078125 -0.015625 0.03125 -0.0625 0.0009765625 -0.001953125 0.00390625 -0.0078125 0.015625 -0.03125 0.0625 -0.0009765625 0.001953125 -0.00390625 0.0078125 -0.015625 0.03125 -0.0625 0.0009765625 -0.001953125 0.00390625 -0.0078125 0.015625 -0.03125 0.0625 -0.0009765625 0.001953125 -0.00390625 0.0078125 -0.015625 0.03125 -0.0625 0.0009765625 -0.001953125 0.00390625 -0.0078125 0.015625 -0.03125 0.0625 -0.0009765625 0.001953125 -0.00390625 0.0078125 -0.015625 0.03125 -0.0625 0.0009765625 -0.001953125 0.00390625 -0.0078125 0.015625 -0.03125 0.0625 -0.0009765625 0.001953125 -0.00390625 0.0078125 -0.015625 0.03125 -0.0625 0.0009765625 -0.001953125 0.00390625 -0.0078125 0.015625 -0.03125 0.0625 -0.0009765625 0.001953125 -0.00390625 0.0078125
0.001953125 -0.00390625 0.0078125 -0.015625 0.03125 -0.0625 0.125 -0.001953125 0.00390625 -0.0078125 0.015625 -0.03125 0.0625 -0.125 0.001953125 -0.00390625 0.0078125 -0.015625 0.03125 -0.0625 0.125 -0.001953125 0.00390625 -0.0078125 0.015625 -0.03125 0.0625 -0.125 0.001953125 -0.00390625 0.0078125 -0.015625 0.03125 -0.0625 0.125 -0.001953125 0.00390625 -0.0078125 0.015625 -0.03125 0.0625 -0.125 0.001953125 -0.00390625 0.0078125 -0.015625 0.03125 -0.0625 0.125 -0.001953125 0.00390625 -0.0078125 0.015625 -0.03125 0.0625 -0.125 0.001953125 -0.00390625 0.0078125 -0.015625 0.03125 -0.0625 0.125 -0.001953125 0.00390625 -0.0078125 0.015625 -0.03125 0.0625 -0.125 0.001953125 -0.00390625 0.0078125 -0.015625 0.03125 -0.0625 0.125 -0.001953125 0.00390625 -0.0078125 0.015625 -0.03125 0.0625 -0.125 0.001953125 -0.00390625 0.0078125 -0.015625 0.03125 -0.0625 0.125 -0.001953125 0.00390625 -0.0078125 0.015625 -0.03125 0.0625 -0.125 1.001953125 -0.00390625 0.0078125 -0.015625 0.03125 -0.0625 0.125 -0.001953125 0.00390625 -0.0078125 0.015625 -0.03125 0.0625 -0.125 0.001953125 -0.00390625 0.0078125 -0.015625 0.03125 -0.0625 0.125 -0.001953125 0.00390625 -0.0078125 0.015625 -0.03125 0.0625 -0.125 0.001953125 -0.00390625 0.0078125 -0.015625 0.03125 -0.0625 0.125 -0.001953125 0.00390625 -0.0078125 0.015625 -0.03125 0.0625 -0.125 0.001953125 -0.00390625 0.0078125 -0.015625 0.03125 -0.0625 0.125 -0.001953125 0.00390625 -0.0078125 0.015625 -0.03125 0.0625 -0.125 0.001953125 -0.00390625 0.0078125 -0.015625 0.03125 -0.0625 0.125 -0.001953125 0.00390625 -0.0078125 0.015625 -0.03125 0.0625 -0.125 0.001953125 -0.00390625 0.0078125 -0.015625 0.03125 -0.0625 0.125 -0.001953125 0.00390625 -0.0078125 0.015625 -0.03125 0.0625 -0.125 0.001953125 -0.00390625 0.0078125 -0.015625 0.03125 -0.0625 0.125 -0.001953125 0.00390625 -0.0078125 0.015625 -0.03125 0.0625 -0.125 0.001953125 -0.00390625 0.0078125 -0.015625 0.03125 -0.0625 0.125 -0.001953125 0.00390625 -0.0078125 0.015625 -0.03125 0.0625 -0.125 0.001953125 -0.00390625 0.0078125 -0.015625 0.03125 -0.0625 0.125 -0.001953125 0.00390625 -0.0078125 0.015625 -0.03125 0.0625 -0.125 0.001953125 -0.00390625 0.0078125 -0.015625 0.03125 -0.0625 0.125 -0.001953125 0.00390625 -0.0078125 0.015625 -0.03125 0.0625 -0.125 0.001953125 -0.00390625 0.0078125 -0.015625 0.03125 -0.0625 0.125 -0.001953125 0.00390625 -0.0078125 0.015625 -0.03125 0.0625 -0.125 0.001953125 -0.00390625 0.0078125 -0.015625
-0.00048828125 0.0009765625 -0.001953125 0.00390625 -0.0078125 0.015625 -0.03125 0.00048828125 -0.0009765625 0.001953125 -0.00390625 0.0078125 -0.015625 0.03125 -0.00048828125 0.0009765625 -0.001953125 0.00390625 -0.0078125 0.015625 -0.03125 0.00048828125 -0.0009765625 0.001953125 -0.00390625 0.0078125 -0.015625 0.03125 -0.00048828125 0.0009765625 -0.001953125 0.00390625 -0.0078125 0.015625 -0.03125 0.00048828125 -0.0009765625 0.001953125 -0.00390625 0.0078125 -0.015625 0.03125 -0.00048828125 0.0009765625 -0.001953125 0.00390625 -0.0078125 0.015625 -0.03125 0.00048828125 -0.0009765625 0.001953125 -0.00390625 0.0078125 -0.015625 0.03125 -0.00048828125 0.0009765625 -0.001953125 0.00390625 -0.0078125 0.015625 -0.03125 0.00048828125 -0.0009765625 0.001953125 -0.00390625 0.0078125 -0.015625 0.03125 -0.00048828125 0.0009765625 -0.001953125 0.00390625 -0.0078125 0.015625 -0.03125 0.00048828125 -0.0009765625 0.001953125 -0.00390625 0.0078125 -0.015625 0.03125 -0.00048828125 0.0009765625 -0.001953125 0.00390625 -0.0078125 0.015625 -0.03125 0.00048828125 -0.0009765625 0.001953125 -0.00390625 0.0078125 -0.015625 0.03125 -0.00048828125 0.5009765625 -0.001953125 0.00390625 -0.0078125 0.015625 -0.03125 0.00048828125 -0.0009765625 0.001953125 -0.00390625 0.0078125 -0.015625 0.03125 -0.00048828125 0.0009765625 -0.001953125 0.00390625 -0.0078125 0.015625 -0.03125 0.00048828125 -0.0009765625 0.001953125 -0.00390625 0.0078125 -0.015625 0.03125 -0.00048828125 0.0009765625 -0.001953125 0.00390625 -0.0078125 0.015625 -0.03125 0.00048828125 -0.0009765625 0.001953125 -0.00390625 0.0078125 -0.015625 0.03125 -0.00048828125 0.0009765625 -0.001953125 0.00390625 -0.0078125 0.015625 -0.03125 0.00048828125 -0.0009765625 0.001953125 -0.00390625 0.0078125 -0.015625 0.03125 -0.00048828125 0.0009765625 -0.001953125 0.00390625 -0.0078125 0.015625 -0.03125 0.00048828125 -0.0009765625 0.001953125 -0.00390625 0.0078125 -0.015625 0.03125 -0.00048828125 0.0009765625 -0.001953125 0.00390625 -0.0078125 0.015625 -0.03125 0.00048828125 -0.0009765625 0.001953125 -0.00390625 0.0078125 -0.015625 0.03125 -0.00048828125 0.0009765625 -0.001953125 0.00390625 -0.0078125 0.015625 -0.03125 0.00048828125 -0.0009765625 0.001953125 -0.00390625 0.0078125 -0.015625 0.03125 -0.00048828125 0.0009765625 -0.001953125 0.00390625 -0.0078125 0.015625 -0.03125 0.00048828125 -0.0009765625 0.001953125 -0.00390625 0.0078125 -0.015625 0.03125 -0.00048828125 0.0009765625 -0.001953125 0.00390625 -0.0078125 0.015625 -0.03125 0.00048828125 -0.0009765625 0.001953125 -0.00390625 0.0078125 -0.015625 0.03125 -0.00048828125 0.0009765625 -0.001953125 0.00390625 -0.0078125 0.015625 -0.03125 0.00048828125 -0.0009765625 0.001953125 -0.00390625 0.0078125 -0.015625 0.03125 -0.00048828125 0.0009765625 -0.001953125 0.00390625 -0.0078125 0.015625 -0.03125 0.00048828125 -0.0009765625 0.001953125 -0.00390625 0.0078125 -0.015625 0.03125 -0.00048828125 0.0009765625 -0.001953125 0.00390625
0.0009765625 -0.001953125 0.00390625 -0.0078125 0.015625 -0.03125 0.0625 -0.0009765625 0.001953125 -0.00390625 0.0078125 -0.015625 0.03125 -0.0625 0.0009765625 -0.001953125 0.00390625 -0.0078125 0.015625 -0.03125 0.0625 -0.0009765625 0.001953125 -0.00390625 0.0078125 -0.015625 0.03125 -0.0625 0.0009765625 -0.001953125 0.00390625 -0.0078125 0.015625 -0.03125 0.0625 -0.0009765625 0.001953125 -0.00390625 0.0078125 -0.015625 0.03125 -0.0625 0.0009765625 -0.001953125 0.00390625 -0.0078125 0.015625 -0.03125 0.0625 -0.0009765625 0.001953125 -0.00390625 0.0078125 -0.015625 0.03125 -0.0625 0.0009765625 -0.001953125 0.00390625 -0.0078125 0.015625 -0.03125 0.0625 -0.0009765625 0.001953125 -0.00390625 0.0078125 -0.015625 0.03125 -0.0625 0.0009765625 -0.001953125 0.00390625 -0.0078125 0.015625 -0.03125 0.0625 -0.0009765625 0.001953125 -0.00390625 0.0078125 -0.015625 0.03125 -0.0625 0.0009765625 -0.001953125 0.00390625 -0.0078125 0.015625 -0.03125 0.0625 -0.0009765625 0.001953125 -0.00390625 0.0078125 -0.015625 0.03125 -0.0625 0.0009765625 -0.001953125 2.00390625 -0.0078125 0.015625 -0.03125 0.0625 -0.0009765625 0.001953125 -0.00390625 0.0078125 -0.015625 0.03125 -0.0625 0.0009765625 -0.001953125 0.00390625 -0.0078125 0.015625 -0.03125 0.0625 -0.0009765625 0.001953125 -0.00390625 0.0078125 -0.015625 0.03125 -0.0625 0.0009765625 -0.001953125 0.00390625 -0.0078125 0.015625 -0.03125 0.0625 -0.0009765625 0.001953125 -0.00390625 0.0078125 -0.015625 0.03125 -0.0625 0.0009765625 -0.001953125 0.00390625 -0.0078125 0.015625 -0.03125 0.0625 -0.0009765625 0.001953125 -0.00390625 0.0078125 -0.015625 0.03125 -0.0625 0.0009765625 -0.001953125 0.00390625 -0.0078125 0.015625 -0.03125 0.0625 -0.0009765625 0.001953125 -0.00390625 0.0078125 -0.015625 0.03125 -0.0625 0.0009765625 -0.001953125 0.00390625 -0.0078125 0.015625 -0.03125 0.0625 -0.0009765625 0.001953125 -0.00390625 0.0078125 -0.015625 0.03125 -0.0625 0.0009765625 -0.001953125 0.00390625 -0.0078125 0.015625 -0.03125 0.0625 -0.0009765625 0.001953125 -0.00390625 0.0078125 -0.015625 0.03125 -0.0625 0.0009765625 -0.001953125 0.00390625 -0.0078125 0.015625 -0.03125 0.0625 -0.0009765625 0.001953125 -0.00390625 0.0078125 -0.015625 0.03125 -0.0625 0.0009765625 -0.001953125 0.00390625 -0.0078125 0.015625 -0.03125 0.0625 -0.0009765625 0.001953125 -0.00390625 0.0078125 -0.015625 0.03125 -0.0625 0.0009765625 -0.001953125 0.00390625 -0.0078125 0.015625 -0.03125 0.0625 -0.0009765625 0.001953125 -0.00390625 0.0078125 -0.015625 0.03125 -0.0625 0.0009765625 -0.001953125 0.00390625 -0.0078125 0.015625 -0.03125 0.0625 -0.0009765625 0.001953125 -0.00390625 0.0078125 -0.015625 0.03125 -0.0625 0.0009765625 -0.001953125 0.00390625 -0.0078125
-0.001953125 0.00390625 -0.0078125 0.015625 -0.03125 0.0625 -0.125 0.001953125 -0.00390625 0.0078125 -0.015625 0.03125 -0.0625 0.125 -0.001953125 0.00390625 -0.0078125 0.015625 -0.03125 0.0625 -0.125 0.001953125 -0.00390625 0.0078125 -0.015625 0.03125 -0.0625 0.125 -0.001953125 0.00390625 -0.0078125 0.015625 -0.03125 0.0625 -0.125 0.001953125 -0.00390625 0.0078125 -0.015625 0.03125 -0.0625 0.125 -0.001953125 0.00390625 -0.0078125 0.015625 -0.03125 0.0625 -0.125 0.001953125 -0.00390625 0.0078125 -0.015625 0.03125 -0.0625 0.125 -0.001953125 0.00390625 -0.0078125 0.015625 -0.03125 0.0625 -0.125 0.001953125 -0.00390625 0.0078125 -0.015625 0.03125 -0.0625 0.125 -0.001953125 0.00390625 -0.0078125 0.015625 -0.03125 0.0625 -0.125 0.001953125 -0.00390625 0.0078125 -0.015625 0.03125 -0.0625 0.125 -0.001953125 0.00390625 -0.0078125 0.015625 -0.03125 0.0625 -0.125 0.001953125 -0.00390625 0.0078125 -0.015625 0.03125 -0.0625 0.125 -0.001953125 0.00390625 -0.0078125 8.015625 -0.03125 0.0625 -0.125 0.001953125 -0.00390625 0.0078125 -0.015625 0.03125 -0.0625 0.125 -0.001953125 0.00390625 -0.0078125 0.015625 -0.03125 0.0625 -0.125 0.001953125 -0.00390625 0.0078125 -0.015625 0.03125 -0.0625 0.125 -0.001953125 0.00390625 -0.0078125 0.015625 -0.03125 0.0625 -0.125 0.001953125 -0.00390625 0.0078125 -0.015625 0.03125 -0.0625 0.125 -0.001953125 0.00390625 -0.0078125 0.015625 -0.03125 0.0625 -0.125 0.001953125 -0.00390625 0.0078125 -0.015625 0.03125 -0.0625 0.125 -0.001953125 0.00390625 -0.0078125 0.015625 -0.03125 0.0625 -0.125 0.001953125 -0.00390625 0.0078125 -0.015625 0.03125 -0.0625 0.125 -0.001953125 0.00390625 -0.0078125 0.015625 -0.03125 0.0625 -0.125 0.001953125 -0.00390625 0.0078125 -0.015625 0.03125 -0.0625 0.125 -0.001953125 0.00390625 -0.0078125 0.015625 -0.03125 0.0625 -0.125 0.001953125 -0.00390625 0.0078125 -0.015625 0.03125 -0.0625 0.125 -0.001953125 0.00390625 -0.0078125 0.015625 -0.03125 0.0625 -0.125 0.001953125 -0.00390625 0.0078125 -0.015625 0.03125 -0.0625 0.125 -0.001953125 0.00390625 -0.0078125 0.015625 -0.03125 0.0625 -0.125 0.001953125 -0.00390625 0.0078125 -0.015625 0.03125 -0.0625 0.125 -0.001953125 0.00390625 -0.0078125 0.015625 -0.03125 0.0625 -0.125 0.001953125 -0.00390625 0.0078125 -0.015625 0.03125 -0.0625 0.125 -0.001953125 0.00390625 -0.0078125 0.015625 -0.03125 0.0625 -0.125 0.001953125 -0.00390625 0.0078125 -0.015625 0.03125 -0.0625 0.125 -0.001953125 0.00390625 -0.0078125 0.015625
0.00048828125 -0.0009765625 0.001953125 -0.00390625 0.0078125 -0.015625 0.03125 -0.00048828125 0.0009765625 -0.001953125 0.00390625 -0.0078125 0.015625 -0.03125 0.00048828125 -0.0009765625 0.001953125 -0.00390625 0.0078125 -0.015625 0.03125 -0.00048828125 0.0009765625 -0.001953125 0.00390625 -0.0078125 0.015625 -0.03125 0.00048828125 -0.0009765625 0.001953125 -0.00390625 0.0078125 -0.015625 0.03125 -0.00048828125 0.0009765625 -0.001953125 0.00390625 -0.0078125 0.015625 -0.03125 0.00048828125 -0.0009765625 0.001953125 -0.00390625 0.0078125 -0.015625 0.03125 -0.00048828125 0.0009765625 -0.001953125 0.00390625 -0.0078125 0.015625 -0.03125 0.00048828125 -0.0009765625 0.001953125 -0.00390625 0.0078125 -0.015625 0.03125 -0.00048828125 0.0009765625 -0.001953125 0.00390625 -0.0078125 0.015625 -0.03125 0.00048828125 -0.0009765625 0.001953125 -0.00390625 0.0078125 -0.015625 0.03125 -0.00048828125 0.0009765625 -0.001953125 0.00390625 -0.0078125 0.015625 -0.03125 0.00048828125 -0.0009765625 0.001953125 -0.00390625 0.0078125 -0.015625 0.03125 -0.00048828125 0.0009765625 -0.001953125 0.00390625 -0.0078125 0.015625 -0.03125 0.00048828125 -0.0009765625 0.001953125 -0.00390625 4.0078125 -0.015625 0.03125 -0.00048828125 0.0009765625 -0.001953125 0.00390625 -0.0078125 0.015625 -0.03125 0.00048828125 -0.0009765625 0.001953125 -0.00390625 0.0078125 -0.015625 0.03125 -0.00048828125 0.0009765625 -0.001953125 0.00390625 -0.0078125 0.015625 -0.03125 0.00048828125 -0.0009765625 0.001953125 -0.00390625 0.0078125 -0.015625 0.03125 -0.00048828125 0.0009765625 -0.001953125 0.00390625 -0.0078125 0.015625 -0.03125 0.00048828125 -0.0009765625 0.001953125 -0.00390625 0.0078125 -0.015625 0.03125 -0.00048828125 0.0009765625 -0.001953125 0.00390625 -0.0078125 0.015625 -0.03125 0.00048828125 -0.0009765625 0.001953125 -0.00390625 0.0078125 -0.015625 0.03125 -0.00048828125 0.0009765625 -0.001953125 0.00390625 -0.0078125 0.015625 -0.03125 0.00048828125 -0.0009765625 0.001953125 -0.00390625 0.0078125 -0.015625 0.03125 -0.00048828125 0.0009765625 -0.001953125 0.00390625 -0.0078125 0.015625 -0.03125 0.00048828125 -0.0009765625 0.001953125 -0.00390625 0.0078125 -0.015625 0.03125 -0.00048828125 0.0009765625 -0.001953125 0.00390625 -0.0078125 0.015625 -0.03125 0.00048828125 -0.0009765625 0.001953125 -0.00390625 0.0078125 -0.015625 0.03125 -0.00048828125 0.0009765625 -0.001953125 0.00390625 -0.0078125 0.015625 -0.03125 0.00048828125 -0.0009765625 0.001953125 -0.00390625 0.0078125 -0.015625 0.03125 -0.00048828125 0.0009765625 -0.001953125 0.00390625 -0.0078125 0.015625 -0.03125 0.00048828125 -0.0009765625 0.001953125 -0.00390625 0.0078125 -0.015625 0.03125 -0.00048828125 0.0009765625 -0.001953125 0.00390625 -0.0078125 0.015625 -0.03125 0.00048828125 -0.0009765625 0.001953125 -0.00390625 0.0078125 -0.015625 0.03125 -0.00048828125 0.0009765625 -0.001953125 0.00390625 -0.0078125 0.015625 -0.03125 0.00048828125 -0.0009765625 0.001953125 -0.00390625
-0.0009765625 0.001953125 -0.00390625 0.0078125 -0.015625 0.03125 -0.0625 0.0009765625 -0.001953125 0.00390625 -0.0078125 0.015625 -0.03125 0.0625 -0.0009765625 0.001953125 -0.00390625 0.0078125 -0.015625 0.03125 -0.0625 0.0009765625 -0.001953125 0.00390625 -0.0078125 0.015625 -0.03125 0.0625 -0.0009765625 0.001953125 -0.00390625 0.0078125 -0.015625 0.03125 -0.0625 0.0009765625 -0.001953125 0.00390625 -0.0078125 0.015625 -0.03125 0.0625 -0.0009765625 0.001953125 -0.00390625 0.0078125 -0.015625 0.03125 -0.0625 0.0009765625 -0.001953125 0.00390625 -0.0078125 0.015625 -0.03125 0.0625 -0.0009765625 0.001953125 -0.00390625 0.0078125 -0.015625 0.03125 -0.0625 0.0009765625 -0.001953125 0.00390625 -0.0078125 0.015625 -0.03125 0.0625 -0.0009765625 0.001953125 -0.00390625 0.0078125 -0.015625 0.03125 -0.0625 0.0009765625 -0.001953125 0.00390625 -0.0078125 0.015625 -0.03125 0.0625 -0.0009765625 0.001953125 -0.00390625 0.0078125 -0.015625 0.03125 -0.0625 0.0009765625 -0.001953125 0.00390625 -0.0078125 0.015625 -0.03125 0.0625 -0.0009765625 0.001953125 -0.00390625 0.0078125 -0.015625 16.03125 -0.0625 0.0009765625 -0.001953125 0.00390625 -0.0078125 0.015625 -0.03125 0.0625 -0.0009765625 0.001953125 -0.00390625 0.0078125 -0.015625 0.03125 -0.0625 0.0009765625 -0.001953125 0.00390625 -0.0078125 0.015625 -0.03125 0.0625 -0.0009765625 0.001953125 -0.00390625 0.0078125 -0.015625 0.03125 -0.0625 0.0009765625 -0.001953125 0.00390625 -0.0078125 0.015625 -0.03125 0.0625 -0.0009765625 0.001953125 -0.00390625 0.0078125 -0.015625 0.03125 -0.0625 0.0009765625 -0.001953125 0.00390625 -0.0078125 0.015625 -0.03125 0.0625 -0.0009765625 0.001953125 -0.00390625 0.0078125 -0.015625 0.03125 -0.0625 0.0009765625 -0.001953125 0.00390625 -0.0078125 0.015625 -0.03125 0.0625 -0.0009765625 0.001953125 -0.00390625 0.0078125 -0.015625 0.03125 -0.0625 0.0009765625 -0.001953125 0.00390625 -0.0078125 0.015625 -0.03125 0.0625 -0.0009765625 0.001953125 -0.00390625 0.0078125 -0.015625 0.03125 -0.0625 0.0009765625 -0.001953125 0.00390625 -0.0078125 0.015625 -0.03125 0.0625 -0.0009765625 0.001953125 -0.00390625 0.0078125 -0.015625 0.03125 -0.0625 0.0009765625 -0.001953125 0.00390625 -0.0078125 0.015625 -0.03125 0.0625 -0.0009765625 0.001953125 -0.00390625 0.0078125 -0.015625 0.03125 -0.0625 0.0009765625 -0.001953125 0.00390625 -0.0078125 0.015625 -0.03125 0.0625 -0.0009765625 0.001953125 -0.00390625 0.0078125 -0.015625 0.03125 -0.0625 0.0009765625 -0.001953125 0.00390625 -0.0078125 0.015625 -0.03125 0.0625 -0.0009765625 0.001953125 -0.00390625 0.0078125 -0.015625 0.03125 -0.0625 0.0009765625 -0.001953125 0.00390625 -0.0078125 0.015625 -0.03125 0.0625 -0.0009765625 0.001953125 -0.00390625 0.0078125
0.001953125 -0.00390625 0.0078125 -0.015625 0.03125 -0.0625 0.125 -0.001953125 0.00390625 -0.0078125 0.015625 -0.03125 0.0625 -0.125 0.001953125 -0.00390625 0.0078125 -0.015625 0.03125 -0.0625 0.125 -0.001953125 0.00390625 -0.0078125 0.015625 -0.03125 0.0625 -0.125 0.001953125 -0.00390625 0.0078125 -0.015625 0.03125 -0.0625 0.125 -0.001953125 0.00390625 -0.0078125 0.015625 -0.03125 0.0625 -0.125 0.001953125 -0.00390625 0.0078125 -0.015625 0.03125 -0.0625 0.125 -0.001953125 0.00390625 -0.0078125 0.015625 -0.03125 0.0625 -0.125 0.001953125 -0.00390625 0.0078125 -0.015625 0.03125 -0.0625 0.125 -0.001953125 0.00390625 -0.0078125 0.015625 -0.03125 0.0625 -0.125 0.001953125 -0.00390625 0.0078125 -0.015625 0.03125 -0.0625 0.125 -0.001953125 0.00390625 -0.0078125 0.015625 -0.03125 0.0625 -0.125 0.001953125 -0.00390625 0.0078125 -0.015625 0.03125 -0.0625 0.125 -0.001953125 0.00390625 -0.0078125 0.015625 -0.03125 0.0625 -0.125 0.001953125 -0.00390625 0.0078125 -0.015625 0.03125 -0.0625 64.125 -0.001953125 0.00390625 -0.0078125 0.015625 -0.03125 0.0625 -0.125 0.001953125 -0.00390625 0.0078125 -0.015625 0.03125 -0.0625 0.125 -0.001953125 0.00390625 -0.0078125 0.015625 -0.03125 0.0625 -0.125 0.001953125 -0.00390625 0.0078125 -0.015625 0.03125 -0.0625 0.125 -0.001953125 0.00390625 -0.0078125 0.015625 -0.03125 0.0625 -0.125 0.001953125 -0.00390625 0.0078125 -0.015625 0.03125 -0.0625 0.125 -0.001953125 0.00390625 -0.0078125 0.015625 -0.03125 0.0625 -0.125 0.001953125 -0.00390625 0.0078125 -0.015625 0.03125 -0.0625 0.125 -0.001953125 0.00390625 -0.0078125 0.015625 -0.03125 0.0625 -0.125 0.001953125 -0.00390625 0.0078125 -0.015625 0.03125 -0.0625 0.125 -0.001953125 0.00390625 -0.0078125 0.015625 -0.03125 0.0625 -0.125 0.001953125 -0.00390625 0.0078125 -0.015625 0.03125 -0.0625 0.125 -0.001953125 0.00390625 -0.0078125 0.015625 -0.03125 0.0625 -0.125 0.001953125 -0.00390625 0.0078125 -0.015625 0.03125 -0.0625 0.125 -0.001953125 0.00390625 -0.0078125 0.015625 -0.03125 0.0625 -0.125 0.001953125 -0.00390625 0.0078125 -0.015625 0.03125 -0.0625 0.125 -0.001953125 0.00390625 -0.0078125 0.015625 -0.03125 0.0625 -0.125 0.001953125 -0.00390625 0.0078125 -0.015625 0.03125 -0.0625 0.125 -0.001953125 0.00390625 -0.0078125 0.015625 -0.03125 0.0625 -0.125 0.001953125 -0.00390625 0.0078125 -0.015625 0.03125 -0.0625 0.125 -0.001953125 0.00390625 -0.0078125 0.015625 -0.03125 0.0625 -0.125 0.001953125 -0.00390625 0.0078125 -0.015625
-0.00048828125 0.0009765625 -0.001953125 0.00390625 -0.0078125 0.015625 -0.03125 0.00048828125 -0.0009765625 0.001953125 -0.00390625 0.0078125 -0.015625 0.03125 -0.00048828125 0.0009765625 -0.001953125 0.00390625 -0.0078125 0.015625 -0.03125 0.00048828125 -0.0009765625 0.001953125 -0.00390625 0.0078125 -0.015625 0.03125 -0.00048828125 0.0009765625 -0.001953125 0.00390625 -0.0078125 0.015625 -0.03125 0.00048828125 -0.0009765625 0.001953125 -0.00390625 0.0078125 -0.015625 0.03125 -0.00048828125 0.0009765625 -0.001953125 0.00390625 -0.0078125 0.015625 -0.03125 0.00048828125 -0.0009765625 0.001953125 -0.00390625 0.0078125 -0.015625 0.03125 -0.00048828125 0.0009765625 -0.001953125 0.00390625 -0.0078125 0.015625 -0.03125 0.00048828125 -0.0009765625 0.001953125 -0.00390625 0.0078125 -0.015625 0.03125 -0.00048828125 0.0009765625 -0.001953125 0.00390625 -0.0078125 0.015625 -0.03125 0.00048828125 -0.0009765625 0.001953125 -0.00390625 0.0078125 -0.015625 0.03125 -0.00048828125 0.0009765625 -0.001953125 0.00390625 -0.0078125 0.015625 -0.03125 0.00048828125 -0.0009765625 0.001953125 -0.00390625 0.0078125 -0.015625 0.03125 -0.00048828125 0.0009765625 -0.001953125 0.00390625 -0.0078125 0.015625 -0.03125 0.25048828125 -0.0009765625 0.001953125 -0.00390625 0.0078125 -0.015625 0.03125 -0.00048828125 0.0009765625 -0.001953125 0.00390625 -0.0078125 0.015625 -0.03125 0.00048828125 -0.0009765625 0.001953125 -0.00390625 0.0078125 -0.015625 0.03125 -0.00048828125 0.0009765625 -0.001953125 0.00390625 -0.0078125 0.015625 -0.03125 0.00048828125 -0.0009765625 0.001953125 -0.00390625 0.0078125 -0.015625 0.03125 -0.00048828125 0.0009765625 -0.001953125 0.00390625 -0.0078125 0.015625 -0.03125 0.00048828125 -0.0009765625 0.001953125 -0.00390625 0.0078125 -0.015625 0.03125 -0.00048828125 0.0009765625 -0.001953125 0.00390625 -0.0078125 0.015625 -0.03125 0.00048828125 -0.0009765625 0.001953125 -0.00390625 0.0078125 -0.015625 0.03125 -0.00048828125 0.0009765625 -0.001953125 0.00390625 -0.0078125 0.015625 -0.03125 0.00048828125 -0.0009765625 0.001953125 -0.00390625 0.0078125 -0.015625 0.03125 -0.00048828125 0.0009765625 -0.001953125 0.00390625 -0.0078125 0.015625 -0.03125 0.00048828125 -0.0009765625 0.001953125 -0.00390625 0.0078125 -0.015625 0.03125 -0.00048828125 0.0009765625 -0.001953125 0.00390625 -0.0078125 0.015625 -0.03125 0.00048828125 -0.0009765625 0.001953125 -0.00390625 0.0078125 -0.015625 0.03125 -0.00048828125 0.0009765625 -0.001953125 0.00390625 -0.0078125 0.015625 -0.03125 0.00048828125 -0.0009765625 0.001953125 -0.00390625 0.0078125 -0.015625 0.03125 -0.00048828125 0.0009765625 -0.001953125 0.00390625 -0.0078125 0.015625 -0.03125 0.00048828125 -0.0009765625 0.001953125 -0.00390625 0.0078125 -0.015625 0.03125 -0.00048828125 0.0009765625 -0.001953125 0.00390625 -0.0078125 0.015625 -0.03125 0.00048828125 -0.0009765625 0.001953125 -0.00390625 0.0078125 -0.015625 0.03125 -0.00048828125 0.0009765625 -0.001953125 0.00390625
0.0009765625 -0.001953125 0.00390625 -0.0078125 0.015625 -0.03125 0.0625 -0.0009765625 0.001953125 -0.00390625 0.0078125 -0.015625 0.03125 -0.0625 0.0009765625 -0.001953125 0.00390625 -0.0078125 0.015625 -0.03125 0.0625 -0.0009765625 0.001953125 -0.00390625 0.0078125 -0.015625 0.03125 -0.0625 0.0009765625 -0.001953125 0.00390625 -0.0078125 0.015625 -0.03125 0.0625 -0.0009765625 0.001953125 -0.00390625 0.0078125 -0.015625 0.03125 -0.0625 0.0009765625 -0.001953125 0.00390625 -0.0078125 0.015625 -0.03125 0.0625 -0.0009765625 0.001953125 -0.00390625 0.0078125 -0.015625 0.03125 -0.0625 0.0009765625 -0.001953125 0.00390625 -0.0078125 0.015625 -0.03125 0.0625 -0.0009765625 0.001953125 -0.00390625 0.0078125 -0.015625 0.03125 -0.0625 0.0009765625 -0.001953125 0.00390625 -0.0078125 0.015625 -0.03125 0.0625 -0.0009765625 0.001953125 -0.00390625 0.0078125 -0.015625 0.03125 -0.0625 0.0009765625 -0.001953125 0.00390625 -0.0078125 0.015625 -0.03125 0.0625 -0.0009765625 0.001953125 -0.00390625 0.0078125 -0.015625 0.03125 -0.0625 0.0009765625 -0.001953125 0.00390625 -0.0078125 0.015625 -0.03125 0.0625 -0.0009765625 1.001953125 -0.00390625 0.0078125 -0.015625 0.03125 -0.0625 0.0009765625 -0.001953125 0.00390625 -0.0078125 0.015625 -0.03125 0.0625 -0.0009765625 0.001953125 -0.00390625 0.0078125 -0.015625 0.03125 -0.0625 0.0009765625 -0.001953125 0.00390625 -0.0078125 0.015625 -0.03125 0.0625 -0.0009765625 0.001953125 -0.00390625 0.0078125 -0.015625 0.03125 -0.0625 0.0009765625 -0.001953125 0.00390625 -0.0078125 0.015625 -0.03125 0.0625 -0.0009765625 0.001953125 -0.00390625 0.0078125 -0.015625 0.03125 -0.0625 0.0009765625 -0.001953125 0.00390625 -0.0078125 0.015625 -0.03125 0.0625 -0.0009765625 0.001953125 -0.00390625 0.0078125 -0.015625 0.03125 -0.0625 0.0009765625 -0.001953125 0.00390625 -0.0078125 0.015625 -0.03125 0.0625 -0.0009765625 0.001953125 -0.00390625 0.0078125 -0.015625 0.03125 -0.0625 0.0009765625 -0.001953125 0.00390625 -0.0078125 0.015625 -0.03125 0.0625 -0.0009765625 0.001953125 -0.00390625 0.0078125 -0.015625 0.03125 -0.0625 0.0009765625 -0.001953125 0.00390625 -0.0078125 0.015625 -0.03125 0.0625 -0.0009765625 0.001953125 -0.00390625 0.0078125 -0.015625 0.03125 -0.0625 0.0009765625 -0.001953125 0.00390625 -0.0078125 0.015625 -0.03125 0.0625 -0.0009765625 0.001953125 -0.00390625 0.0078125 -0.015625 0.03125 -0.0625 0.0009765625 -0.001953125 0.00390625 -0.0078125 0.015625 -0.03125 0.0625 -0.0009765625 0.001953125 -0.00390625 0.0078125 -0.015625 0.03125 -0.0625 0.0009765625 -0.001953125 0.00390625 -0.0078125 0.015625 -0.03125 0.0625 -0.0009765625 0.001953125 -0.00390625 0.0078125 -0.015625 0.03125 -0.0625 0.0009765625 -0.001953125 0.00390625 -0.0078125
-0.001953125 0.00390625 -0.0078125 0.015625 -0.03125 0.0625 -0.125 0.001953125 -0.00390625 0.0078125 -0.015625 0.03125 -0.0625 0.125 -0.001953125 0.00390625 -0.0078125 0.015625 -0.03125 0.0625 -0.125 0.001953125 -0.00390625 0.0078125 -0.015625 0.03125 -0.0625 0.125 -0.001953125 0.00390625 -0.0078125 0.015625 -0.03125 0.0625 -0.125 0.001953125 -0.00390625 0.0078125 -0.015625 0.03125 -0.0625 0.125 -0.001953125 0.00390625 -0.0078125 0.015625 -0.03125 0.0625 -0.125 0.001953125 -0.00390625 0.0078125 -0.015625 0.03125 -0.0625 0.125 -0.001953125 0.00390625 -0.0078125 0.015625 -0.03125 0.0625 -0.125 0.001953125 -0.00390625 0.0078125 -0.015625 0.03125 -0.0625 0.125 -0.001953125 0.00390625 -0.0078125 0.015625 -0.03125 0.0625 -0.125 0.001953125 -0.00390625 0.0078125 -0.015625 0.03125 -0.0625 0.125 -0.001953125 0.00390625 -0.0078125 0.015625 -0.03125 0.0625 -0.125 0.001953125 -0.00390625 0.0078125 -0.015625 0.03125 -0.0625 0.125 -0.001953125 0.00390625 -0.0078125 0.015625 -0.03125 0.0625 -0.125 0.001953125 -0.00390625 4.0078125 -0.015625 0.03125 -0.0625 0.125 -0.001953125 0.00390625 -0.0078125 0.015625 -0.03125 0.0625 -0.125 0.001953125 -0.00390625 0.0078125 -0.015625 0.03125 -0.0625 0.125 -0.001953125 0.00390625 -0.0078125 0.015625 -0.03125 0.0625 -0.125 0.001953125 -0.00390625 0.0078125 -0.015625 0.03125 -0.0625 0.125 -0.001953125 0.00390625 -0.0078125 0.015625 -0.03125 0.0625 -0.125 0.001953125 -0.00390625 0.0078125 -0.015625 0.03125 -0.0625 0.125 -0.001953125 0.00390625 -0.0078125 0.015625 -0.03125 0.0625 -0.125 0.001953125 -0.00390625 0.0078125 -0.015625 0.03125 -0.0625 0.125 -0.001953125 0.00390625 -0.0078125 0.015625 -0.03125 0.0625 -0.125 0.001953125 -0.00390625 0.0078125 -0.015625 0.03125 -0.0625 0.125 -0.001953125 0.00390625 -0.0078125 0.015625 -0.03125 0.0625 -0.125 0.001953125 -0.00390625 0.0078125 -0.015625 0.03125 -0.0625 0.125 -0.001953125 0.00390625 -0.0078125 0.015625 -0.03125 0.0625 -0.125 0.001953125 -0.00390625 0.0078125 -0.015625 0.03125 -0.0625 0.125 -0.001953125 0.00390625 -0.0078125 0.015625 -0.03125 0.0625 -0.125 0.001953125 -0.00390625 0.0078125 -0.015625 0.03125 -0.0625 0.125 -0.001953125 0.00390625 -0.0078125 0.015625 -0.03125 0.0625 -0.125 0.001953125 -0.00390625 0.0078125 -0.015625 0.03125 -0.0625 0.125 -0.001953125 0.00390625 -0.0078125 0.015625 -0.03125 0.0625 -0.125 0.001953125 -0.00390625 0.0078125 -0.015625 0.03125 -0.0625 0.125 -0.001953125 0.00390625 -0.0078125 0.015625
0.00048828125 -0.0009765625 0.001953125 -0.00390625 0.0078125 -0.015625 0.03125 -0.00048828125 0.0009765625 -0.001953125 0.00390625 -0.0078125 0.015625 -0.03125 0.00048828125 -0.0009765625 0.001953125 -0.00390625 0.0078125 -0.015625 0.03125 -0.00048828125 0.0009765625 -0.001953125 0.00390625 -0.0078125 0.015625 -0.03125 0.00048828125 -0.0009765625 0.001953125 -0.00390625 0.0078125 -0.015625 0.03125 -0.00048828125 0.0009765625 -0.001953125 0.00390625 -0.0078125 0.015625 -0.03125 0.00048828125 -0.0009765625 0.001953125 -0.00390625 0.0078125 -0.015625 0.03125 -0.00048828125 0.0009765625 -0.001953125 0.00390625 -0.0078125 0.015625 -0.03125 0.00048828125 -0.0009765625 0.001953125 -0.00390625 0.0078125 -0.015625 0.03125 -0.00048828125 0.0009765625 -0.001953125 0.00390625 -0.0078125 0.015625 -0.03125 0.00048828125 -0.0009765625 0.001953125 -0.00390625 0.0078125 -0.015625 0.03125 -0.00048828125 0.0009765625 -0.001953125 0.00390625 -0.0078125 0.015625 -0.03125 0.00048828125 -0.0009765625 0.001953125 -0.00390625 0.0078125 -0.015625 0.03125 -0.00048828125 0.0009765625 -0.001953125 0.00390625 -0.0078125 0.015625 -0.03125 0.00048828125 -0.0009765625 0.001953125 -0.00390625 0.0078125 -0.015625 0.03125 -0.00048828125 0.0009765625 -0.001953125 2.00390625 -0.0078125 0.015625 -0.03125 0.00048828125 -0.0009765625 0.001953125 -0.00390625 0.0078125 -0.015625 0.03125 -0.00048828125 0.0009765625 -0.001953125 0.00390625 -0.0078125 0.015625 -0.03125 0.00048828125 -0.0009765625 0.001953125 -0.00390625 0.0078125 -0.015625 0.03125 -0.00048828125 0.0009765625 -0.001953125 0.00390625 -0.0078125 0.015625 -0.03125 0.00048828125 -0.0009765625 0.001953125 -0.00390625 0.0078125 -0.015625 0.03125 -0.00048828125 0.0009765625 -0.001953125 0.00390625 -0.0078125 0.015625 -0.03125 0.00048828125 -0.0009765625 0.001953125 -0.00390625 0.0078125 -0.015625 0.03125 -0.00048828125 0.0009765625 -0.001953125 0.00390625 -0.0078125 0.015625 -0.03125 0.00048828125 -0.0009765625 0.001953125 -0.00390625 0.0078125 -0.015625 0.03125 -0.00048828125 0.0009765625 -0.001953125 0.00390625 -0.0078125 0.015625 -0.03125 0.00048828125 -0.0009765625 0.001953125 -0.00390625 0.0078125 -0.015625 0.03125 -0.00048828125 0.0009765625 -0.001953125 0.00390625 -0.0078125 0.015625 -0.03125 0.00048828125 -0.0009765625 0.001953125 -0.00390625 0.0078125 -0.015625 0.03125 -0.00048828125 0.0009765625 -0.001953125 0.00390625 -0.0078125 0.015625 -0.03125 0.00048828125 -0.0009765625 0.001953125 -0.00390625 0.0078125 -0.015625 0.03125 -0.00048828125 0.0009765625 -0.001953125 0.00390625 -0.0078125 0.015625 -0.03125 0.00048828125 -0.0009765625 0.001953125 -0.00390625 0.0078125 -0.015625 0.03125 -0.00048828125 0.0009765625 -0.001953125 0.00390625 -0.0078125 0.015625 -0.03125 0.00048828125 -0.0009765625 0.001953125 -0.00390625 0.0078125 -0.015625 0.03125 -0.00048828125 0.0009765625 -0.001953125 0.00390625 -0.0078125 0.015625 -0.03125 0.00048828125 -0.0009765625 0.001953125 -0.00390625
-0.0009765625 0.001953125 -0.00390625 0.0078125 -0.015625 0.03125 -0.0625 0.0009765625 -0.001953125 0.00390625 -0.0078125 0.015625 -0.03125 0.0625 -0.0009765625 0.001953125 -0.00390625 0.0078125 -0.015625 0.03125 -0.0625 0.0009765625 -0.001953125 0.00390625 -0.0078125 0.015625 -0.03125 0.0625 -0.0009765625 0.001953125 -0.00390625 0.0078125 -0.015625 0.03125 -0.0625 0.0009765625 -0.001953125 0.00390625 -0.0078125 0.015625 -0.03125 0.0625 -0.0009765625 0.001953125 -0.00390625 0.0078125 -0.015625 0.03125 -0.0625 0.0009765625 -0.001953125 0.00390625 -0.0078125 0.015625 -0.03125 0.0625 -0.0009765625 0.001953125 -0.00390625 0.0078125 -0.015625 0.03125 -0.0625 0.0009765625 -0.001953125 0.00390625 -0.0078125 0.015625 -0.03125 0.0625 -0.0009765625 0.001953125 -0.00390625 0.0078125 -0.015625 0.03125 -0.0625 0.0009765625 -0.001953125 0.00390625 -0.0078125 0.015625 -0.03125 0.0625 -0.0009765625 0.001953125 -0.00390625 0.0078125 -0.015625 0.03125 -0.0625 0.0009765625 -0.001953125 0.00390625 -0.0078125 0.015625 -0.03125 0.0625 -0.0009765625 0.001953125 -0.00390625 0.0078125 -0.015625 0.03125 -0.0625 0.0009765625 -0.001953125 0.00390625 -0.0078125 8.015625 -0.03125 0.0625 -0.0009765625 0.001953125 -0.00390625 0.0078125 -0.015625 0.03125 -0.0625 0.0009765625 -0.001953125 0.00390625 -0.0078125 0.015625 -0.03125 0.0625 -0.0009765625 0.001953125 -0.00390625 0.0078125 -0.015625 0.03125 -0.0625 0.0009765625 -0.001953125 0.00390625 -0.0078125 0.015625 -0.03125 0.0625 -0.0009765625 0.001953125 -0.00390625 0.0078125 -0.015625 0.03125 -0.0625 0.0009765625 -0.001953125 0.00390625 -0.0078125 0.015625 -0.03125 0.0625 -0.0009765625 0.001953125 -0.00390625 0.0078125 -0.015625 0.03125 -0.0625 0.0009765625 -0.001953125 0.00390625 -0.0078125 0.015625 -0.03125 0.0625 -0.0009765625 0.001953125 -0.00390625 0.0078125 -0.015625 0.03125 -0.0625 0.0009765625 -0.001953125 0.00390625 -0.0078125 0.015625 -0.03125 0.0625 -0.0009765625 0.001953125 -0.00390625 0.0078125 -0.015625 0.03125 -0.0625 0.0009765625 -0.001953125 0.00390625 -0.0078125 0.015625 -0.03125 0.0625 -0.0009765625 0.001953125 -0.00390625 0.0078125 -0.015625 0.03125 -0.0625 0.0009765625 -0.001953125 0.00390625 -0.0078125 0.015625 -0.03125 0.0625 -0.0009765625 0.001953125 -0.00390625 0.0078125 -0.015625 0.03125 -0.0625 0.0009765625 -0.001953125 0.00390625 -0.0078125 0.015625 -0.03125 0.0625 -0.0009765625 0.001953125 -0.00390625 0.0078125 -0.015625 0.03125 -0.0625 0.0009765625 -0.001953125 0.00390625 -0.0078125 0.015625 -0.03125 0.0625 -0.0009765625 0.001953125 -0.00390625 0.0078125 -0.015625 0.03125 -0.0625 0.0009765625 -0.001953125 0.00390625 -0.0078125 0.015625 -0.03125 0.0625 -0.0009765625 0.001953125 -0.00390625 0.0078125
0.001953125 -0.00390625 0.0078125 -0.015625 0.03125 -0.0625 0.125 -0.001953125 0.00390625 -0.0078125 0.015625 -0.03125 0.0625 -0.125 0.001953125 -0.00390625 0.0078125 -0.015625 0.03125 -0.0625 0.125 -0.001953125 0.00390625 -0.0078125 0.015625 -0.03125 0.0625 -0.125 0.001953125 -0.00390625 0.0078125 -0.015625 0.03125 -0.0625 0.125 -0.001953125 0.00390625 -0.0078125 0.015625 -0.03125 0.0625 -0.125 0.001953125 -0.00390625 0.0078125 -0.015625 0.03125 -0.0625 0.125 -0.001953125 0.00390625 -0.0078125 0.015625 -0.03125 0.0625 -0.125 0.001953125 -0.00390625 0.0078125 -0.015625 0.03125 -0.0625 0.125 -0.001953125 0.00390625 -0.0078125 0.015625 -0.03125 0.0625 -0.125 0.001953125 -0.00390625 0.0078125 -0.015625 0.03125 -0.0625 0.125 -0.001953125 0.00390625 -0.0078125 0.015625 -0.03125 0.0625 -0.125 0.001953125 -0.00390625 0.0078125 -0.015625 0.03125 -0.0625 0.125 -0.001953125 0.00390625 -0.0078125 0.015625 -0.03125 0.0625 -0.125 0.001953125 -0.00390625 0.0078125 -0.015625 0.03125 -0.0625 0.125 -0.001953125 0.00390625 -0.0078125 0.015625 -0.03125 32.0625 -0.125 0.001953125 -0.00390625 0.0078125 -0.015625 0.03125 -0.0625 0.125 -0.001953125 0.00390625 -0.0078125 0.015625 -0.03125 0.0625 -0.125 0.001953125 -0.00390625 0.0078125 -0.015625 0.03125 -0.0625 0.125 -0.001953125 0.00390625 -0.0078125 0.015625 -0.03125 0.0625 -0.125 0.001953125 -0.00390625 0.0078125 -0.015625 0.03125 -0.0625 0.125 -0.001953125 0.00390625 -0.0078125 0.015625 -0.03125 0.0625 -0.125 0.001953125 -0.00390625 0.0078125 -0.015625 0.03125 -0.0625 0.125 -0.001953125 0.00390625 -0.0078125 0.015625 -0.03125 0.0625 -0.125 0.001953125 -0.00390625 0.0078125 -0.015625 0.03125 -0.0625 0.125 -0.001953125 0.00390625 -0.0078125 0.015625 -0.03125 0.0625 -0.125 0.001953125 -0.00390625 0.0078125 -0.015625 0.03125 -0.0625 0.125 -0.001953125 0.00390625 -0.0078125 0.015625 -0.03125 0.0625 -0.125 0.001953125 -0.00390625 0.0078125 -0.015625 0.03125 -0.0625 0.125 -0.001953125 0.00390625 -0.0078125 0.015625 -0.03125 0.0625 -0.125 0.001953125 -0.00390625 0.0078125 -0.015625 0.03125 -0.0625 0.125 -0.001953125 0.00390625 -0.0078125 0.015625 -0.03125 0.0625 -0.125 0.001953125 -0.00390625 0.0078125 -0.015625 0.03125 -0.0625 0.125 -0.001953125 0.00390625 -0.0078125 0.015625 -0.03125 0.0625 -0.125 0.001953125 -0.00390625 0.0078125 -0.015625 0.03125 -0.0625 0.125 -0.001953125 0.00390625 -0.0078125 0.015625 -0.03125 0.0625 -0.125 0.001953125 -0.00390625 0.0078125 -0.015625
-0.00048828125 0.0009765625 -0.001953125 0.00390625 -0.0078125 0.015625 -0.03125 0.00048828125 -0.0009765625 0.001953125 -0.00390625 0.0078125 -0.015625 0.03125 -0.00048828125 0.0009765625 -0.001953125 0.00390625 -0.0078125 0.015625 -0.03125 0.00048828125 -0.0009765625 0.001953125 -0.00390625 0.0078125 -0.015625 0.03125 -0.00048828125 0.0009765625 -0.001953125 0.00390625 -0.0078125 0.015625 -0.03125 0.00048828125 -0.0009765625 0.001953125 -0.00390625 0.0078125 -0.015625 0.03125 -0.00048828125 0.0009765625 -0.001953125 0.00390625 -0.0078125 0.015625 -0.03125 0.00048828125 -0.0009765625 0.001953125 -0.00390625 0.0078125 -0.015625 0.03125 -0.00048828125 0.0009765625 -0.001953125 0.00390625 -0.0078125 0.015625 -0.03125 0.00048828125 -0.0009765625 0.001953125 -0.00390625 0.0078125 -0.015625 0.03125 -0.00048828125 0.0009765625 -0.001953125 0.00390625 -0.0078125 0.015625 -0.03125 0.00048828125 -0.0009765625 0.001953125 -0.00390625 0.0078125 -0.015625 0.03125 -0.00048828125 0.0009765625 -0.001953125 0.00390625 -0.0078125 0.015625 -0.03125 0.00048828125 -0.0009765625 0.001953125 -0.00390625 0.0078125 -0.015625 0.03125 -0.00048828125 0.0009765625 -0.001953125 0.00390625 -0.0078125 0.015625 -0.03125 0.00048828125 -0.0009765625 0.001953125 -0.00390625 0.0078125 -0.015625 16.03125 -0.00048828125 0.0009765625 -0.001953125 0.00390625 -0.0078125 0.015625 -0.03125 0.00048828125 -0.0009765625 0.001953125 -0.00390625 0.0078125 -0.015625 0.03125 -0.00048828125 0.0009765625 -0.001953125 0.00390625 -0.0078125 0.015625 -0.03125 0.00048828125 -0.0009765625 0.001953125 -0.00390625 0.0078125 -0.015625 0.03125 -0.00048828125 0.0009765625 -0.001953125 0.00390625 -0.0078125 0.015625 -0.03125 0.00048828125 -0.0009765625 0.001953125 -0.00390625 0.0078125 -0.015625 0.03125 -0.00048828125 0.0009765625 -0.001953125 0.00390625 -0.0078125 0.015625 -0.03125 0.00048828125 -0.0009765625 0.001953125 -0.00390625 0.0078125 -0.015625 0.03125 -0.00048828125 0.0009765625 -0.001953125 0.00390625 -0.0078125 0.015625 -0.03125 0.00048828125 -0.0009765625 0.001953125 -0.00390625 0.0078125 -0.015625 0.03125 -0.00048828125 0.0009765625 -0.001953125 0.00390625 -0.0078125 0.015625 -0.03125 0.00048828125 -0.0009765625 0.001953125 -0.00390625 0.0078125 -0.015625 0.03125 -0.00048828125 0.0009765625 -0.001953125 0.00390625 -0.0078125 0.015625 -0.03125 0.00048828125 -0.0009765625 0.001953125 -0.00390625 0.0078125 -0.015625 0.03125 -0.00048828125 0.0009765625 -0.001953125 0.00390625 -0.0078125 0.015625 -0.03125 0.00048828125 -0.0009765625 0.001953125 -0.00390625 0.0078125 -0.015625 0.03125 -0.00048828125 0.0009765625 -0.001953125 0.00390625 -0.0078125 0.015625 -0.03125 0.00048828125 -0.0009765625 0.001953125 -0.00390625 0.0078125 -0.015625 0.03125 -0.00048828125 0.0009765625 -0.001953125 0.00390625 -0.0078125 0.015625 -0.03125 0.00048828125 -0.0009765625 0.001953125 -0.00390625 0.0078125 -0.015625 0.03125 -0.00048828125 0.0009765625 -0.001953125 0.00390625
0.0009765625 -0.001953125 0.00390625 -0.0078125 0.015625 -0.03125 0.0625 -0.0009765625 0.001953125 -0.00390625 0.0078125 -0.015625 0.03125 -0.0625 0.0009765625 -0.001953125 0.00390625 -0.0078125 0.015625 -0.03125 0.0625 -0.0009765625 0.001953125 -0.00390625 0.0078125 -0.015625 0.03125 -0.0625 0.0009765625 -0.001953125 0.00390625 -0.0078125 0.015625 -0.03125 0.0625 -0.0009765625 0.001953125 -0.00390625 0.0078125 -0.015625 0.03125 -0.0625 0.0009765625 -0.001953125 0.00390625 -0.0078125 0.015625 -0.03125 0.0625 -0.0009765625 0.001953125 -0.00390625 0.0078125 -0.015625 0.03125 -0.0625 0.0009765625 -0.001953125 0.00390625 -0.0078125 0.015625 -0.03125 0.0625 -0.0009765625 0.001953125 -0.00390625 0.0078125 -0.015625 0.03125 -0.0625 0.0009765625 -0.001953125 0.00390625 -0.0078125 0.015625 -0.03125 0.0625 -0.0009765625 0.001953125 -0.00390625 0.0078125 -0.015625 0.03125 -0.0625 0.0009765625 -0.001953125 0.00390625 -0.0078125 0.015625 -0.03125 0.0625 -0.0009765625 0.001953125 -0.00390625 0.0078125 -0.015625 0.03125 -0.0625 0.0009765625 -0.001953125 0.00390625 -0.0078125 0.015625 -0.03125 0.0625 -0.0009765625 0.001953125 -0.00390625 0.0078125 -0.015625 0.03125 -0.0625 0.5009765625 -0.001953125 0.00390625 -0.0078125 0.015625 -0.03125 0.0625 -0.0009765625 0.001953125 -0.00390625 0.0078125 -0.015625 0.03125 -0.0625 0.0009765625 -0.001953125 0.00390625 -0.0078125 0.015625 -0.03125 0.0625 -0.0009765625 0.001953125 -0.00390625 0.0078125 -0.015625 0.03125 -0.0625 0.0009765625 -0.001953125 0.00390625 -0.0078125 0.015625 -0.03125 0.0625 -0.0009765625 0.001953125 -0.00390625 0.0078125 -0.015625 0.03125 -0.0625 0.0009765625 -0.001953125 0.00390625 -0.0078125 0.015625 -0.03125 0.0625 -0.0009765625 0.001953125 -0.00390625 0.0078125 -0.015625 0.03125 -0.0625 0.0009765625 -0.001953125 0.00390625 -0.0078125 0.015625 -0.03125 0.0625 -0.0009765625 0.001953125 -0.00390625 0.0078125 -0.015625 0.03125 -0.0625 0.0009765625 -0.001953125 0.00390625 -0.0078125 0.015625 -0.03125 0.0625 -0.0009765625 0.001953125 -0.00390625 0.0078125 -0.015625 0.03125 -0.0625 0.0009765625 -0.001953125 0.00390625 -0.0078125 0.015625 -0.03125 0.0625 -0.0009765625 0.001953125 -0.00390625 0.0078125 -0.015625 0.03125 -0.0625 0.0009765625 -0.001953125 0.00390625 -0.0078125 0.015625 -0.03125 0.0625 -0.0009765625 0.001953125 -0.00390625 0.0078125 -0.015625 0.03125 -0.0625 0.0009765625 -0.001953125 0.00390625 -0.0078125 0.015625 -0.03125 0.0625 -0.0009765625 0.001953125 -0.00390625 0.0078125 -0.015625 0.03125 -0.0625 0.0009765625 -0.001953125 0.00390625 -0.0078125 0.015625 -0.03125 0.0625 -0.0009765625 0.001953125 -0.00390625 0.0078125 -0.015625 0.03125 -0.0625 0.0009765625 -0.001953125 0.00390625 -0.0078125
-0.001953125 0.00390625 -0.0078125 0.015625 -0.03125 0.0625 -0.125 0.001953125 -0.00390625 0.0078125 -0.015625 0.03125 -0.0625 0.125 -0.001953125 0.00390625 -0.0078125 0.015625 -0.03125 0.0625 -0.125 0.001953125 -0.00390625 0.0078125 -0.015625 0.03125 -0.0625 0.125 -0.001953125 0.00390625 -0.0078125 0.015625 -0.03125 0.0625 -0.125 0.001953125 -0.00390625 0.0078125 -0.015625 0.03125 -0.0625 0.125 -0.001953125 0.00390625 -0.0078125 0.015625 -0.03125 0.0625 -0.125 0.001953125 -0.00390625 0.0078125 -0.015625 0.03125 -0.0625 0.125 -0.001953125 0.00390625 -0.0078125 0.015625 -0.03125 0.0625 -0.125 0.001953125 -0.00390625 0.0078125 -0.015625 0.03125 -0.0625 0.125 -0.001953125 0.00390625 -0.0078125 0.015625 -0.03125 0.0625 -0.125 0.001953125 -0.00390625 0.0078125 -0.015625 0.03125 -0.0625 0.125 -0.001953125 0.00390625 -0.0078125 0.015625 -0.03125 0.0625 -0.125 0.001953125 -0.00390625 0.0078125 -0.015625 0.03125 -0.0625 0.125 -0.001953125 0.00390625 -0.0078125 0.015625 -0.03125 0.0625 -0.125 0.001953125 -0.00390625 0.0078125 -0.015625 0.03125 -0.0625 0.125 -0.001953125 2.00390625 -0.0078125 0.015625 -0.03125 0.0625 -0.125 0.001953125 -0.00390625 0.0078125 -0.015625 0.03125 -0.0625 0.125 -0.001953125 0.00390625 -0.0078125 0.015625 -0.03125 0.0625 -0.125 0.001953125 -0.00390625 0.0078125 -0.015625 0.03125 -0.0625 0.125 -0.001953125 0.00390625 -0.0078125 0.015625 -0.03125 0.0625 -0.125 0.001953125 -0.00390625 0.0078125 -0.015625 0.03125 -0.0625 0.125 -0.001953125 0.00390625 -0.0078125 0.015625 -0.03125 0.0625 -0.125 0.001953125 -0.00390625 0.0078125 -0.015625 0.03125 -0.0625 0.125 -0.001953125 0.00390625 -0.0078125 0.015625 -0.03125 0.0625 -0.125 0.001953125 -0.00390625 0.0078125 -0.015625 0.03125 -0.0625 0.125 -0.001953125 0.00390625 -0.0078125 0.015625 -0.03125 0.0625 -0.125 0.001953125 -0.00390625 0.0078125 -0.015625 0.03125 -0.0625 0.125 -0.001953125 0.00390625 -0.0078125 0.015625 -0.03125 0.0625 -0.125 0.001953125 -0.00390625 0.0078125 -0.015625 0.03125 -0.0625 0.125 -0.001953125 0.00390625 -0.0078125 0.015625 -0.03125 0.0625 -0.125 0.001953125 -0.00390625 0.0078125 -0.015625 0.03125 -0.0625 0.125 -0.001953125 0.00390625 -0.0078125 0.015625 -0.03125 0.0625 -0.125 0.001953125 -0.00390625 0.0078125 -0.015625 0.03125 -0.0625 0.125 -0.001953125 0.00390625 -0.0078125 0.015625 -0.03125 0.0625 -0.125 0.001953125 -0.00390625 0.0078125 -0.015625 0.03125 -0.0625 0.125 -0.001953125 0.00390625 -0.0078125 0.015625
0.00048828125 -0.0009765625 0.001953125 -0.00390625 0.0078125 -0.015625 0.03125 -0.00048828125 0.0009765625 -0.001953125 0.00390625 -0.0078125 0.015625 -0.03125 0.00048828125 -0.0009765625 0.001953125 -0.00390625 0.0078125 -0.015625 0.03125 -0.00048828125 0.0009765625 -0.001953125 0.00390625 -0.0078125 0.015625 -0.03125 0.00048828125 -0.0009765625 0.001953125 -0.00390625 0.0078125 -0.015625 0.03125 -0.00048828125 0.0009765625 -0.001953125 0.00390625 -0.0078125 0.015625 -0.03125 0.00048828125 -0.0009765625 0.001953125 -0.00390625 0.0078125 -0.015625 0.03125 -0.00048828125 0.0009765625 -0.001953125 0.00390625 -0.0078125 0.015625 -0.03125 0.00048828125 -0.0009765625 0.001953125 -0.00390625 0.0078125 -0.015625 0.03125 -0.00048828125 0.0009765625 -0.001953125 0.00390625 -0.0078125 0.015625 -0.03125 0.00048828125 -0.0009765625 0.001953125 -0.00390625 0.0078125 -0.015625 0.03125 -0.00048828125 0.0009765625 -0.001953125 0.00390625 -0.0078125 0.015625 -0.03125 0.00048828125 -0.0009765625 0.001953125 -0.00390625 0.0078125 -0.015625 0.03125 -0.00048828125 0.0009765625 -0.001953125 0.00390625 -0.0078125 0.015625 -0.03125 0.00048828125 -0.0009765625 0.001953125 -0.00390625 0.0078125 -0.015625 0.03125 -0.00048828125 0.0009765625 -0.001953125 0.00390625 -0.0078125 0.015625 -0.03125 0.00048828125 -0.0009765625 1.001953125 -0.00390625 0.0078125 -0.015625 0.03125 -0.00048828125 0.0009765625 -0.001953125 0.00390625 -0.0078125 0.015625 -0.03125 0.00048828125 -0.0009765625 0.001953125 -0.00390625 0.0078125 -0.015625 0.03125 -0.00048828125 0.0009765625 -0.001953125 0.00390625 -0.0078125 0.015625 -0.03125 0.00048828125 -0.0009765625 0.001953125 -0.00390625 0.0078125 -0.015625 0.03125 -0.00048828125 0.0009765625 -0.001953125 0.00390625 -0.0078125 0.015625 -0.03125 0.00048828125 -0.0009765625 0.001953125 -0.00390625 0.0078125 -0.015625 0.03125 -0.00048828125 0.0009765625 -0.001953125 0.00390625 -0.0078125 0.015625 -0.03125 0.00048828125 -0.0009765625 0.001953125 -0.00390625 0.0078125 -0.015625 0.03125 -0.00048828125 0.0009765625 -0.001953125 0.00390625 -0.0078125 0.015625 -0.03125 0.00048828125 -0.0009765625 0.001953125 -0.00390625 0.0078125 -0.015625 0.03125 -0.00048828125 0.0009765625 -0.001953125 0.00390625 -0.0078125 0.015625 -0.03125 0.00048828125 -0.0009765625 0.001953125 -0.00390625 0.0078125 -0.015625 0.03125 -0.00048828125 0.0009765625 -0.001953125 0.00390625 -0.0078125 0.015625 -0.03125 0.00048828125 -0.0009765625 0.001953125 -0.00390625 0.0078125 -0.015625 0.03125 -0.00048828125 0.0009765625 -0.001953125 0.00390625 -0.0078125 0.015625 -0.03125 0.00048828125 -0.0009765625 0.001953125 -0.00390625 0.0078125 -0.015625 0.03125 -0.00048828125 0.0009765625 -0.001953125 0.00390625 -0.0078125 0.015625 -0.03125 0.00048828125 -0.0009765625 0.001953125 -0.00390625 0.0078125 -0.015625 0.03125 -0.00048828125 0.0009765625 -0.001953125 0.00390625 -0.0078125 0.015625 -0.03125 0.00048828125 -0.0009765625 0.001953125 -0.00390625
-0.0009765625 0.001953125 -0.00390625 0.0078125 -0.015625 0.03125 -0.0625 0.0009765625 -0.001953125 0.00390625 -0.0078125 0.015625 -0.03125 0.0625 -0.0009765625 0.001953125 -0.00390625 0.0078125 -0.015625 0.03125 -0.0625 0.0009765625 -0.001953125 0.00390625 -0.0078125 0.015625 -0.03125 0.0625 -0.0009765625 0.001953125 -0.00390625 0.0078125 -0.015625 0.03125 -0.0625 0.0009765625 -0.001953125 0.00390625 -0.0078125 0.015625 -0.03125 0.0625 -0.0009765625 0.001953125 -0.00390625 0.0078125 -0.015625 0.03125 -0.0625 0.0009765625 -0.001953125 0.00390625 -0.0078125 0.015625 -0.03125 0.0625 -0.0009765625 0.001953125 -0.00390625 0.0078125 -0.015625 0.03125 -0.0625 0.0009765625 -0.001953125 0.00390625 -0.0078125 0.015625 -0.03125 0.0625 -0.0009765625 0.001953125 -0.00390625 0.0078125 -0.015625 0.03125 -0.0625 0.0009765625 -0.001953125 0.00390625 -0.0078125 0.015625 -0.03125 0.0625 -0.0009765625 0.001953125 -0.00390625 0.0078125 -0.015625 0.03125 -0.0625 0.0009765625 -0.001953125 0.00390625 -0.0078125 0.015625 -0.03125 0.0625 -0.0009765625 0.001953125 -0.00390625 0.0078125 -0.015625 0.03125 -0.0625 0.0009765625 -0.001953125 0.00390625 -0.0078125 0.015625 -0.03125 0.0625 -0.0009765625 0.001953125 -0.00390625 4.0078125 -0.015625 0.03125 -0.0625 0.0009765625 -0.001953125 0.00390625 -0.0078125 0.015625 -0.03125 0.0625 -0.0009765625 0.001953125 -0.00390625 0.0078125 -0.015625 0.03125 -0.0625 0.0009765625 -0.001953125 0.00390625 -0.0078125 0.015625 -0.03125 0.0625 -0.0009765625 0.001953125 -0.00390625 0.0078125 -0.015625 0.03125 -0.0625 0.0009765625 -0.001953125 0.00390625 -0.0078125 0.015625 -0.03125 0.0625 -0.0009765625 0.001953125 -0.00390625 0.0078125 -0.015625 0.03125 -0.0625 0.0009765625 -0.001953125 0.00390625 -0.0078125 0.015625 -0.03125 0.0625 -0.0009765625 0.001953125 -0.00390625 0.0078125 -0.015625 0.03125 -0.0625 0.0009765625 -0.001953125 0.00390625 -0.0078125 0.015625 -0.03125 0.0625 -0.0009765625 0.001953125 -0.00390625 0.0078125 -0.015625 0.03125 -0.0625 0.0009765625 -0.001953125 0.00390625 -0.0078125 0.015625 -0.03125 0.0625 -0.0009765625 0.001953125 -0.00390625 0.0078125 -0.015625 0.03125 -0.0625 0.0009765625 -0.001953125 0.00390625 -0.0078125 0.015625 -0.03125 0.0625 -0.0009765625 0.001953125 -0.00390625 0.0078125 -0.015625 0.03125 -0.0625 0.0009765625 -0.001953125 0.00390625 -0.0078125 0.015625 -0.03125 0.0625 -0.0009765625 0.001953125 -0.00390625 0.0078125 -0.015625 0.03125 -0.0625 0.0009765625 -0.001953125 0.00390625 -0.0078125 0.015625 -0.03125 0.0625 -0.0009765625 0.001953125 -0.00390625 0.0078125 -0.015625 0.03125 -0.0625 0.0009765625 -0.001953125 0.00390625 -0.0078125 0.015625 -0.03125 0.0625 -0.0009765625 0.001953125 -0.00390625 0.0078125
0.001953125 -0.00390625 0.0078125 -0.015625 0.03125 -0.0625 0.125 -0.001953125 0.00390625 -0.0078125 0.015625 -0.03125 0.0625 -0.125 0.001953125 -0.00390625 0.0078125 -0.015625 0.03125 -0.0625 0.125 -0.001953125 0.00390625 -0.0078125 0.015625 -0.03125 0.0625 -0.125 0.001953125 -0.00390625 0.0078125 -0.015625 0.03125 -0.0625 0.125 -0.001953125 0.00390625 -0.0078125 0.015625 -0.03125 0.0625 -0.125 0.001953125 -0.00390625 0.0078125 -0.015625 0.03125 -0.0625 0.125 -0.001953125 0.00390625 -0.0078125 0.015625 -0.03125 0.0625 -0.125 0.001953125 -0.00390625 0.0078125 -0.015625 0.03125 -0.0625 0.125 -0.001953125 0.00390625 -0.0078125 0.015625 -0.03125 0.0625 -0.125 0.001953125 -0.00390625 0.0078125 -0.015625 0.03125 -0.0625 0.125 -0.001953125 0.00390625 -0.0078125 0.015625 -0.03125 0.0625 -0.125 0.001953125 -0.00390625 0.0078125 -0.015625 0.03125 -0.0625 0.125 -0.001953125 0.00390625 -0.0078125 0.015625 -0.03125 0.0625 -0.125 0.001953125 -0.00390625 0.0078125 -0.015625 0.03125 -0.0625 0.125 -0.001953125 0.00390625 -0.0078125 0.015625 -0.03125 0.0625 -0.125 0.001953125 -0.00390625 0.0078125 -0.015625 16.03125 -0.0625 0.125 -0.001953125 0.00390625 -0.0078125 0.015625 -0.03125 0.0625 -0.125 0.001953125 -0.00390625 0.0078125 -0.015625 0.03125 -0.0625 0.125 -0.001953125 0.00390625 -0.0078125 0.015625 -0.03125 0.0625 -0.125 0.001953125 -0.00390625 0.0078125 -0.015625 0.03125 -0.0625 0.125 -0.001953125 0.00390625 -0.0078125 0.015625 -0.03125 0.0625 -0.125 0.001953125 -0.00390625 0.0078125 -0.015625 0.03125 -0.0625 0.125 -0.001953125 0.00390625 -0.0078125 0.015625 -0.03125 0.0625 -0.125 0.001953125 -0.00390625 0.0078125 -0.015625 0.03125 -0.0625 0.125 -0.001953125 0.00390625 -0.0078125 0.015625 -0.03125 0.0625 -0.125 0.001953125 -0.00390625 0.0078125 -0.015625 0.03125 -0.0625 0.125 -0.001953125 0.00390625 -0.0078125 0.015625 -0.03125 0.0625 -0.125 0.001953125 -0.00390625 0.0078125 -0.015625 0.03125 -0.0625 0.125 -0.001953125 0.00390625 -0.0078125 0.015625 -0.03125 0.0625 -0.125 0.001953125 -0.00390625 0.0078125 -0.015625 0.03125 -0.0625 0.125 -0.001953125 0.00390625 -0.0078125 0.015625 -0.03125 0.0625 -0.125 0.001953125 -0.00390625 0.0078125 -0.015625 0.03125 -0.0625 0.125 -0.001953125 0.00390625 -0.0078125 0.015625 -0.03125 0.0625 -0.125 0.001953125 -0.00390625 0.0078125 -0.015625 0.03125 -0.0625 0.125 -0.001953125 0.00390625 -0.0078125 0.015625 -0.03125 0.0625 -0.125 0.001953125 -0.00390625 0.0078125 -0.015625
-0.00048828125 0.0009765625 -0.001953125 0.00390625 -0.0078125 0.015625 -0.03125 0.00048828125 -0.0009765625 0.001953125 -0.00390625 0.0078125 -0.015625 0.03125 -0.00048828125 0.0009765625 -0.001953125 0.00390625 -0.0078125 0.015625 -0.03125 0.00048828125 -0.0009765625 0.001953125 -0.00390625 0.0078125 -0.015625 0.03125 -0.00048828125 0.0009765625 -0.001953125 0.00390625 -0.0078125 0.015625 -0.03125 0.00048828125 -0.0009765625 0.001953125 -0.00390625 0.0078125 -0.015625 0.03125 -0.00048828125 0.0009765625 -0.001953125 0.00390625 -0.0078125 0.015625 -0.03125 0.00048828125 -0.0009765625 0.001953125 -0.00390625 0.0078125 -0.015625 0.03125 -0.00048828125 0.0009765625 -0.001953125 0.00390625 -0.0078125 0.015625 -0.03125 0.00048828125 -0.0009765625 0.001953125 -0.00390625 0.0078125 -0.015625 0.03125 -0.00048828125 0.0009765625 -0.001953125 0.00390625 -0.0078125 0.015625 -0.03125 0.00048828125 -0.0009765625 0.001953125 -0.00390625 0.0078125 -0.015625 0.03125 -0.00048828125 0.0009765625 -0.001953125 0.00390625 -0.0078125 0.015625 -0.03125 0.00048828125 -0.0009765625 0.001953125 -0.00390625 0.0078125 -0.015625 0.03125 -0.00048828125 0.0009765625 -0.001953125 0.00390625 -0.0078125 0.015625 -0.03125 0.00048828125 -0.0009765625 0.001953125 -0.00390625 0.0078125 -0.015625 0.03125 -0.00048828125 0.0009765625 -0.001953125 0.00390625 -0.0078125 8.015625 -0.03125 0.00048828125 -0.0009765625 0.001953125 -0.00390625 0.0078125 -0.015625 0.03125 -0.00048828125 0.0009765625 -0.001953125 0.00390625 -0.0078125 0.015625 -0.03125 0.00048828125 -0.0009765625 0.001953125 -0.00390625 0.0078125 -0.015625 0.03125 -0.00048828125 0.0009765625 -0.001953125 0.00390625 -0.0078125 0.015625 -0.03125 0.00048828125 -0.0009765625 0.001953125 -0.00390625 0.0078125 -0.015625 0.03125 -0.00048828125 0.0009765625 -0.001953125 0.00390625 -0.0078125 0.015625 -0.03125 0.00048828125 -0.0009765625 0.001953125 -0.00390625 0.0078125 -0.015625 0.03125 -0.00048828125 0.0009765625 -0.001953125 0.00390625 -0.0078125 0.015625 -0.03125 0.00048828125 -0.0009765625 0.001953125 -0.00390625 0.0078125 -0.015625 0.03125 -0.00048828125 0.0009765625 -0.001953125 0.00390625 -0.0078125 0.015625 -0.03125 0.00048828125 -0.0009765625 0.001953125 -0.00390625 0.0078125 -0.015625 0.03125 -0.00048828125 0.0009765625 -0.001953125 0.00390625 -0.0078125 0.015625 -0.03125 0.00048828125 -0.0009765625 0.001953125 -0.00390625 0.0078125 -0.015625 0.03125 -0.00048828125 0.0009765625 -0.001953125 0.00390625 -0.0078125 0.015625 -0.03125 0.00048828125 -0.0009765625 0.001953125 -0.00390625 0.0078125 -0.015625 0.03125 -0.00048828125 0.0009765625 -0.001953125 0.00390625 -0.0078125 0.015625 -0.03125 0.00048828125 -0.0009765625 0.001953125 -0.00390625 0.0078125 -0.015625 0.03125 -0.00048828125 0.0009765625 -0.001953125 0.00390625 -0.0078125 0.015625 -0.03125 0.00048828125 -0.0009765625 0.001953125 -0.00390625 0.0078125 -0.015625 0.03125 -0.00048828125 0.0009765625 -0.001953125 0.00390625
0.0009765625 -0.001953125 0.00390625 -0.0078125 0.015625 -0.03125 0.0625 -0.0009765625 0.001953125 -0.00390625 0.0078125 -0.015625 0.03125 -0.0625 0.0009765625 -0.001953125 0.00390625 -0.0078125 0.015625 -0.03125 0.0625 -0.0009765625 0.001953125 -0.00390625 0.0078125 -0.015625 0.03125 -0.0625 0.0009765625 -0.001953125 0.00390625 -0.0078125 0.015625 -0.03125 0.0625 -0.0009765625 0.001953125 -0.00390625 0.0078125 -0.015625 0.03125 -0.0625 0.0009765625 -0.001953125 0.00390625 -0.0078125 0.015625 -0.03125 0.0625 -0.0009765625 0.001953125 -0.00390625 0.0078125 -0.015625 0.03125 -0.0625 0.0009765625 -0.001953125 0.00390625 -0.0078125 0.015625 -0.03125 0.0625 -0.0009765625 0.001953125 -0.00390625 0.0078125 -0.015625 0.03125 -0.0625 0.0009765625 -0.001953125 0.00390625 -0.0078125 0.015625 -0.03125 0.0625 -0.0009765625 0.001953125 -0.00390625 0.0078125 -0.015625 0.03125 -0.0625 0.0009765625 -0.001953125 0.00390625 -0.0078125 0.015625 -0.03125 0.0625 -0.0009765625 0.001953125 -0.00390625 0.0078125 -0.015625 0.03125 -0.0625 0.0009765625 -0.001953125 0.00390625 -0.0078125 0.015625 -0.03125 0.0625 -0.0009765625 0.001953125 -0.00390625 0.0078125 -0.015625 0.03125 -0.0625 0.0009765625 -0.001953125 0.00390625 -0.0078125 0.015625 -0.03125 32.0625 -0.0009765625 0.001953125 -0.00390625 0.0078125 -0.015625 0.03125 -0.0625 0.0009765625 -0.001953125 0.00390625 -0.0078125 0.015625 -0.03125 0.0625 -0.0009765625 0.001953125 -0.00390625 0.0078125 -0.015625 0.03125 -0.0625 0.0009765625 -0.001953125 0.00390625 -0.0078125 0.015625 -0.03125 0.0625 -0.0009765625 0.001953125 -0.00390625 0.0078125 -0.015625 0.03125 -0.0625 0.0009765625 -0.001953125 0.00390625 -0.0078125 0.015625 -0.03125 0.0625 -0.0009765625 0.001953125 -0.00390625 0.0078125 -0.015625 0.03125 -0.0625 0.0009765625 -0.001953125 0.00390625 -0.0078125 0.015625 -0.03125 0.0625 -0.0009765625 0.001953125 -0.00390625 0.0078125 -0.015625 0.03125 -0.0625 0.0009765625 -0.001953125 0.00390625 -0.0078125 0.015625 -0.03125 0.0625 -0.0009765625 0.001953125 -0.00390625 0.0078125 -0.015625 0.03125 -0.0625 0.0009765625 -0.001953125 0.00390625 -0.0078125 0.015625 -0.03125 0.0625 -0.0009765625 0.001953125 -0.00390625 0.0078125 -0.015625 0.03125 -0.0625 0.0009765625 -0.001953125 0.00390625 -0.0078125 0.015625 -0.03125 0.0625 -0.0009765625 0.001953125 -0.00390625 0.0078125 -0.015625 0.03125 -0.0625 0.0009765625 -0.001953125 0.00390625 -0.0078125 0.015625 -0.03125 0.0625 -0.0009765625 0.001953125 -0.00390625 0.0078125 -0.015625 0.03125 -0.0625 0.0009765625 -0.001953125 0.00390625 -0.0078125 0.015625 -0.03125 0.0625 -0.0009765625 0.001953125 -0.00390625 0.0078125 -0.015625 0.03125 -0.0625 0.0009765625 -0.001953125 0.00390625 -0.0078125
-0.001953125 0.00390625 -0.0078125 0.015625 -0.03125 0.0625 -0.125 0.001953125 -0.00390625 0.0078125 -0.015625 0.03125 -0.0625 0.125 -0.001953125 0.00390625 -0.0078125 0.015625 -0.03125 0.0625 -0.125 0.001953125 -0.00390625 0.0078125 -0.015625 0.03125 -0.0625 0.125 -0.001953125 0.00390625 -0.0078125 0.015625 -0.03125 0.0625 -0.125 0.001953125 -0.00390625 0.0078125 -0.015625 0.03125 -0.0625 0.125 -0.001953125 0.00390625 -0.0078125 0.015625 -0.03125 0.0625 -0.125 0.001953125 -0.00390625 0.0078125 -0.015625 0.03125 -0.0625 0.125 -0.001953125 0.00390625 -0.0078125 0.015625 -0.03125 0.0625 -0.125 0.001953125 -0.00390625 0.0078125 -0.015625 0.03125 -0.0625 0.125 -0.001953125 0.00390625 -0.0078125 0.015625 -0.03125 0.0625 -0.125 0.001953125 -0.00390625 0.0078125 -0.015625 0.03125 -0.0625 0.125 -0.001953125 0.00390625 -0.0078125 0.015625 -0.03125 0.0625 -0.125 0.001953125 -0.00390625 0.0078125 -0.015625 0.03125 -0.0625 0.125 -0.001953125 0.00390625 -0.0078125 0.015625 -0.03125 0.0625 -0.125 0.001953125 -0.00390625 0.0078125 -0.015625 0.03125 -0.0625 0.125 -0.001953125 0.00390625 -0.0078125 0.015625 -0.03125 0.0625 -0.125 1.001953125 -0.00390625 0.0078125 -0.015625 0.03125 -0.0625 0.125 -0.001953125 0.00390625 -0.0078125 0.015625 -0.03125 0.0625 -0.125 0.001953125 -0.00390625 0.0078125 -0.015625 0.03125 -0.0625 0.125 -0.001953125 0.00390625 -0.0078125 0.015625 -0.03125 0.0625 -0.125 0.001953125 -0.00390625 0.0078125 -0.015625 0.03125 -0.0625 0.125 -0.001953125 0.00390625 -0.0078125 0.015625 -0.03125 0.0625 -0.125 0.001953125 -0.00390625 0.0078125 -0.015625 0.03125 -0.0625 0.125 -0.001953125 0.00390625 -0.0078125 0.015625 -0.03125 0.0625 -0.125 0.001953125 -0.00390625 0.0078125 -0.015625 0.03125 -0.0625 0.125 -0.001953125 0.00390625 -0.0078125 0.015625 -0.03125 0.0625 -0.125 0.001953125 -0.00390625 0.0078125 -0.015625 0.03125 -0.0625 0.125 -0.001953125 0.00390625 -0.0078125 0.015625 -0.03125 0.0625 -0.125 0.001953125 -0.00390625 0.0078125 -0.015625 0.03125 -0.0625 0.125 -0.001953125 0.00390625 -0.0078125 0.015625 -0.03125 0.0625 -0.125 0.001953125 -0.00390625 0.0078125 -0.015625 0.03125 -0.0625 0.125 -0.001953125 0.00390625 -0.0078125 0.015625 -0.03125 0.0625 -0.125 0.001953125 -0.00390625 0.0078125 -0.015625 0.03125 -0.0625 0.125 -0.001953125 0.00390625 -0.0078125 0.015625 -0.03125 0.0625 -0.125 0.001953125 -0.00390625 0.0078125 -0.015625 0.03125 -0.0625 0.125 -0.001953125 0.00390625 -0.0078125 0.015625
0.00048828125 -0.0009765625 0.001953125 -0.00390625 0.0078125 -0.015625 0.03125 -0.00048828125 0.0009765625 -0.001953125 0.00390625 -0.0078125 0.015625 -0.03125 0.00048828125 -0.0009765625 0.001953125 -0.00390625 0.0078125 -0.015625 0.03125 -0.00048828125 0.0009765625 -0.001953125 0.00390625 -0.0078125 0.015625 -0.03125 0.00048828125 -0.0009765625 0.001953125 -0.00390625 0.0078125 -0.015625 0.03125 -0.00048828125 0.0009765625 -0.001953125 0.00390625 -0.0078125 0.015625 -0.03125 0.00048828125 -0.0009765625 0.001953125 -0.00390625 0.0078125 -0.015625 0.03125 -0.00048828125 0.0009765625 -0.001953125 0.00390625 -0.0078125 0.015625 -0.03125 0.00048828125 -0.0009765625 0.001953125 -0.00390625 0.0078125 -0.015625 0.03125 -0.00048828125 0.0009765625 -0.001953125 0.00390625 -0.0078125 0.015625 -0.03125 0.00048828125 -0.0009765625 0.001953125 -0.00390625 0.0078125 -0.015625 0.03125 -0.00048828125 0.0009765625 -0.001953125 0.00390625 -0.0078125 0.015625 -0.03125 0.00048828125 -0.0009765625 0.001953125 -0.00390625 0.0078125 -0.015625 0.03125 -0.00048828125 0.0009765625 -0.001953125 0.00390625 -0.0078125 0.015625 -0.03125 0.00048828125 -0.0009765625 0.001953125 -0.00390625 0.0078125 -0.015625 0.03125 -0.00048828125 0.0009765625 -0.001953125 0.00390625 -0.0078125 0.015625 -0.03125 0.00048828125 -0.0009765625 0.001953125 -0.00390625 0.0078125 -0.015625 0.03125 -0.00048828125 0.5009765625 -0.001953125 0.00390625 -0.0078125 0.015625 -0.03125 0.00048828125 -0.0009765625 0.001953125 -0.00390625 0.0078125 -0.015625 0.03125 -0.00048828125 0.0009765625 -0.001953125 0.00390625 -0.0078125 0.015625 -0.03125 0.00048828125 -0.0009765625 0.001953125 -0.00390625 0.0078125 -0.015625 0.03125 -0.00048828125 0.0009765625 -0.001953125 0.00390625 -0.0078125 0.015625 -0.03125 0.00048828125 -0.0009765625 0.001953125 -0.00390625 0.0078125 -0.015625 0.03125 -0.00048828125 0.0009765625 -0.001953125 0.00390625 -0.0078125 0.015625 -0.03125 0.00048828125 -0.0009765625 0.001953125 -0.00390625 0.0078125 -0.015625 0.03125 -0.00048828125 0.0009765625 -0.001953125 0.00390625 -0.0078125 0.015625 -0.03125 0.00048828125 -0.0009765625 0.001953125 -0.00390625 0.0078125 -0.015625 0.03125 -0.00048828125 0.0009765625 -0.001953125 0.00390625 -0.0078125 0.015625 -0.03125 0.00048828125 -0.0009765625 0.001953125 -0.00390625 0.0078125 -0.015625 0.03125 -0.00048828125 0.0009765625 -0.001953125 0.00390625 -0.0078125 0.015625 -0.03125 0.00048828125 -0.0009765625 0.001953125 -0.00390625 0.0078125 -0.015625 0.03125 -0.00048828125 0.0009765625 -0.001953125 0.00390625 -0.0078125 0.015625 -0.03125 0.00048828125 -0.0009765625 0.001953125 -0.00390625 0.0078125 -0.015625 0.03125 -0.00048828125 0.0009765625 -0.001953125 0.00390625 -0.0078125 0.015625 -0.03125 0.00048828125 -0.0009765625 0.001953125 -0.00390625 0.0078125 -0.015625 0.03125 -0.00048828125 0.0009765625 -0.001953125 0.00390625 -0.0078125 0.015625 -0.03125 0.00048828125 -0.0009765625 0.001953125 -0.00390625
-0.0009765625 0.001953125 -0.00390625 0.0078125 -0.015625 0.03125 -0.0625 0.0009765625 -0.001953125 0.00390625 -0.0078125 0.015625 -0.03125 0.0625 -0.0009765625 0.001953125 -0.00390625 0.0078125 -0.015625 0.03125 -0.0625 0.0009765625 -0.001953125 0.00390625 -0.0078125 0.015625 -0.03125 0.0625 -0.0009765625 0.001953125 -0.00390625 0.0078125 -0.015625 0.03125 -0.0625 0.0009765625 -0.001953125 0.00390625 -0.0078125 0.015625 -0.03125 0.0625 -0.0009765625 0.001953125 -0.00390625 0.0078125 -0.015625 0.03125 -0.0625 0.0009765625 -0.001953125 0.00390625 -0.0078125 0.015625 -0.03125 0.0625 -0.0009765625 0.001953125 -0.00390625 0.0078125 -0.015625 0.03125 -0.0625 0.0009765625 -0.001953125 0.00390625 -0.0078125 0.015625 -0.03125 0.0625 -0.0009765625 0.001953125 -0.00390625 0.0078125 -0.015625 0.03125 -0.0625 0.0009765625 -0.001953125 0.00390625 -0.0078125 0.015625 -0.03125 0.0625 -0.0009765625 0.001953125 -0.00390625 0.0078125 -0.015625 0.03125 -0.0625 0.0009765625 -0.001953125 0.00390625 -0.0078125 0.015625 -0.03125 0.0625 -0.0009765625 0.001953125 -0.00390625 0.0078125 -0.015625 0.03125 -0.0625 0.0009765625 -0.001953125 0.00390625 -0.0078125 0.015625 -0.03125 0.0625 -0.0009765625 0.001953125 -0.00390625 0.0078125 -0.015625 0.03125 -0.0625 0.0009765625 -0.001953125 2.00390625 -0.0078125 0.015625 -0.03125 0.0625 -0.0009765625 0.001953125 -0.00390625 0.0078125 -0.015625 0.03125 -0.0625 0.0009765625 -0.001953125 0.00390625 -0.0078125 0.015625 -0.03125 0.0625 -0.0009765625 0.001953125 -0.00390625 0.0078125 -0.015625 0.03125 -0.0625 0.0009765625 -0.001953125 0.00390625 -0.0078125 0.015625 -0.03125 0.0625 -0.0009765625 0.001953125 -0.00390625 0.0078125 -0.015625 0.03125 -0.0625 0.0009765625 -0.001953125 0.00390625 -0.0078125 0.015625 -0.03125 0.0625 -0.0009765625 0.001953125 -0.00390625 0.0078125 -0.015625 0.03125 -0.0625 0.0009765625 -0.001953125 0.00390625 -0.0078125 0.015625 -0.03125 0.0625 -0.0009765625 0.001953125 -0.00390625 0.0078125 -0.015625 0.03125 -0.0625 0.0009765625 -0.001953125 0.00390625 -0.0078125 0.015625 -0.03125 0.0625 -0.0009765625 0.001953125 -0.00390625 0.0078125 -0.015625 0.03125 -0.0625 0.0009765625 -0.001953125 0.00390625 -0.0078125 0.015625 -0.03125 0.0625 -0.0009765625 0.001953125 -0.00390625 0.0078125 -0.015625 0.03125 -0.0625 0.0009765625 -0.001953125 0.00390625 -0.0078125 0.015625 -0.03125 0.0625 -0.0009765625 0.001953125 -0.00390625 0.0078125 -0.015625 0.03125 -0.0625 0.0009765625 -0.001953125 0.00390625 -0.0078125 0.015625 -0.03125 0.0625 -0.0009765625 0.001953125 -0.00390625 0.0078125 -0.015625 0.03125 -0.0625 0.0009765625 -0.001953125 0.00390625 -0.0078125 0.015625 -0.03125 0.0625 -0.0009765625 0.001953125 -0.00390625 0.0078125
0.001953125 -0.00390625 0.0078125 -0.015625 0.03125 -0.0625 0.125 -0.001953125 0.00390625 -0.0078125 0.015625 -0.03125 0.0625 -0.125 0.001953125 -0.00390625 0.0078125 -0.015625 0.03125 -0.0625 0.125 -0.001953125 0.00390625 -0.0078125 0.015625 -0.03125 0.0625 -0.125 0.001953125 -0.00390625 0.0078125 -0.015625 0.03125 -0.0625 0.125 -0.001953125 0.00390625 -0.0078125 0.015625 -0.03125 0.0625 -0.125 0.001953125 -0.00390625 0.0078125 -0.015625 0.03125 -0.0625 0.125 -0.001953125 0.00390625 -0.0078125 0.015625 -0.03125 0.0625 -0.125 0.001953125 -0.00390625 0.0078125 -0.015625 0.03125 -0.0625 0.125 -0.001953125 0.00390625 -0.0078125 0.015625 -0.03125 0.0625 -0.125 0.001953125 -0.00390625 0.0078125 -0.015625 0.03125 -0.0625 0.125 -0.001953125 0.00390625 -0.0078125 0.015625 -0.03125 0.0625 -0.125 0.001953125 -0.00390625 0.0078125 -0.015625 0.03125 -0.0625 0.125 -0.001953125 0.00390625 -0.0078125 0.015625 -0.03125 0.0625 -0.125 0.001953125 -0.00390625 0.0078125 -0.015625 0.03125 -0.0625 0.125 -0.001953125 0.00390625 -0.0078125 0.015625 -0.03125 0.0625 -0.125 0.001953125 -0.00390625 0.0078125 -0.015625 0.03125 -0.0625 0.125 -0.001953125 0.00390625 -0.0078125 8.015625 -0.03125 0.0625 -0.125 0.001953125 -0.00390625 0.0078125 -0.015625 0.03125 -0.0625 0.125 -0.001953125 0.00390625 -0.0078125 0.015625 -0.03125 0.0625 -0.125 0.001953125 -0.00390625 0.0078125 -0.015625 0.03125 -0.0625 0.125 -0.001953125 0.00390625 -0.0078125 0.015625 -0.03125 0.0625 -0.125 0.001953125 -0.00390625 0.0078125 -0.015625 0.03125 -0.0625 0.125 -0.001953125 0.00390625 -0.0078125 0.015625 -0.03125 0.0625 -0.125 0.001953125 -0.00390625 0.0078125 -0.015625 0.03125 -0.0625 0.125 -0.001953125 0.00390625 -0.0078125 0.015625 -0.03125 0.0625 -0.125 0.001953125 -0.00390625 0.0078125 -0.015625 0.03125 -0.0625 0.125 -0.001953125 0.00390625 -0.0078125 0.015625 -0.03125 0.0625 -0.125 0.001953125 -0.00390625 0.0078125 -0.015625 0.03125 -0.0625 0.125 -0.001953125 0.00390625 -0.0078125 0.015625 -0.03125 0.0625 -0.125 0.001953125 -0.00390625 0.0078125 -0.015625 0.03125 -0.0625 0.125 -0.001953125 0.00390625 -0.0078125 0.015625 -0.03125 0.0625 -0.125 0.001953125 -0.00390625 0.0078125 -0.015625 0.03125 -0.0625 0.125 -0.001953125 0.00390625 -0.0078125 0.015625 -0.03125 0.0625 -0.125 0.001953125 -0.00390625 0.0078125 -0.015625 0.03125 -0.0625 0.125 -0.001953125 0.00390625 -0.0078125 0.015625 -0.03125 0.0625 -0.125 0.001953125 -0.00390625 0.0078125 -0.015625
-0.00048828125 0.0009765625 -0.001953125 0.00390625 -0.0078125 0.015625 -0.03125 0.00048828125 -0.0009765625 0.001953125 -0.00390625 0.0078125 -0.015625 0.03125 -0.00048828125 0.0009765625 -0.001953125 0.00390625 -0.0078125 0.015625 -0.03125 0.00048828125 -0.0009765625 0.001953125 -0.00390625 0.0078125 -0.015625 0.03125 -0.00048828125 0.0009765625 -0.001953125 0.00390625 -0.0078125 0.015625 -0.03125 0.00048828125 -0.0009765625 0.001953125 -0.00390625 0.0078125 -0.015625 0.03125 -0.00048828125 0.0009765625 -0.001953125 0.00390625 -0.0078125 0.015625 -0.03125 0.00048828125 -0.0009765625 0.001953125 -0.00390625 0.0078125 -0.015625 0.03125 -0.00048828125 0.0009765625 -0.001953125 0.00390625 -0.0078125 0.015625 -0.03125 0.00048828125 -0.0009765625 0.001953125 -0.00390625 0.0078125 -0.015625 0.03125 -0.00048828125 0.0009765625 -0.001953125 0.00390625 -0.0078125 0.015625 -0.03125 0.00048828125 -0.0009765625 0.001953125 -0.00390625 0.0078125 -0.015625 0.03125 -0.00048828125 0.0009765625 -0.001953125 0.00390625 -0.0078125 0.015625 -0.03125 0.00048828125 -0.0009765625 0.001953125 -0.00390625 0.0078125 -0.015625 0.03125 -0.00048828125 0.0009765625 -0.001953125 0.00390625 -0.0078125 0.015625 -0.03125 0.00048828125 -0.0009765625 0.001953125 -0.00390625 0.0078125 -0.015625 0.03125 -0.00048828125 0.0009765625 -0.001953125 0.00390625 -0.0078125 0.015625 -0.03125 0.00048828125 -0.0009765625 0.001953125 -0.00390625 4.0078125 -0.015625 0.03125 -0.00048828125 0.0009765625 -0.001953125 0.00390625 -0.0078125 0.015625 -0.03125 0.00048828125 -0.0009765625 0.001953125 -0.00390625 0.0078125 -0.015625 0.03125 -0.00048828125 0.0009765625 -0.001953125 0.00390625 -0.0078125 0.015625 -0.03125 0.00048828125 -0.0009765625 0.001953125 -0.00390625 0.0078125 -0.015625 0.03125 -0.00048828125 0.0009765625 -0.001953125 0.00390625 -0.0078125 0.015625 -0.03125 0.00048828125 -0.0009765625 0.001953125 -0.00390625 0.0078125 -0.015625 0.03125 -0.00048828125 0.0009765625 -0.001953125 0.00390625 -0.0078125 0.015625 -0.03125 0.00048828125 -0.0009765625 0.001953125 -0.00390625 0.0078125 -0.015625 0.03125 -0.00048828125 0.0009765625 -0.001953125 0.00390625 -0.0078125 0.015625 -0.03125 0.00048828125 -0.0009765625 0.001953125 -0.00390625 0.0078125 -0.015625 0.03125 -0.00048828125 0.0009765625 -0.001953125 0.00390625 -0.0078125 0.015625 -0.03125 0.00048828125 -0.0009765625 0.001953125 -0.00390625 0.0078125 -0.015625 0.03125 -0.00048828125 0.0009765625 -0.001953125 0.00390625 -0.0078125 0.015625 -0.03125 0.00048828125 -0.0009765625 0.001953125 -0.00390625 0.0078125 -0.015625 0.03125 -0.00048828125 0.0009765625 -0.001953125 0.00390625 -0.0078125 0.015625 -0.03125 0.00048828125 -0.0009765625 0.001953125 -0.00390625 0.0078125 -0.015625 0.03125 -0.00048828125 0.0009765625 -0.001953125 0.00390625 -0.0078125 0.015625 -0.03125 0.00048828125 -0.0009765625 0.001953125 -0.00390625 0.0078125 -0.015625 0.03125 -0.00048828125 0.0009765625 -0.001953125 0.00390625
0.0009765625 -0.001953125 0.00390625 -0.0078125 0.015625 -0.03125 0.0625 -0.0009765625 0.001953125 -0.00390625 0.0078125 -0.015625 0.03125 -0.0625 0.0009765625 -0.001953125 0.00390625 -0.0078125 0.015625 -0.03125 0.0625 -0.0009765625 0.001953125 -0.00390625 0.0078125 -0.015625 0.03125 -0.0625 0.0009765625 -0.001953125 0.00390625 -0.0078125 0.015625 -0.03125 0.0625 -0.0009765625 0.001953125 -0.00390625 0.0078125 -0.015625 0.03125 -0.0625 0.0009765625 -0.001953125 0.00390625 -0.0078125 0.015625 -0.03125 0.0625 -0.0009765625 0.001953125 -0.00390625 0.0078125 -0.015625 0.03125 -0.0625 0.0009765625 -0.001953125 0.00390625 -0.0078125 0.015625 -0.03125 0.0625 -0.0009765625 0.001953125 -0.00390625 0.0078125 -0.015625 0.03125 -0.0625 0.0009765625 -0.001953125 0.00390625 -0.0078125 0.015625 -0.03125 0.0625 -0.0009765625 0.001953125 -0.00390625 0.0078125 -0.015625 0.03125 -0.0625 0.0009765625 -0.001953125 0.00390625 -0.0078125 0.015625 -0.03125 0.0625 -0.0009765625 0.001953125 -0.00390625 0.0078125 -0.015625 0.03125 -0.0625 0.0009765625 -0.001953125 0.00390625 -0.0078125 0.015625 -0.03125 0.0625 -0.0009765625 0.001953125 -0.00390625 0.0078125 -0.015625 0.03125 -0.0625 0.0009765625 -0.001953125 0.00390625 -0.0078125 0.015625 -0.03125 0.0625 -0.0009765625 0.001953125 -0.00390625 0.0078125 -0.015625 16.03125 -0.0625 0.0009765625 -0.001953125 0.00390625 -0.0078125 0.015625 -0.03125 0.0625 -0.0009765625 0.001953125 -0.00390625 0.0078125 -0.015625 0.03125 -0.0625 0.0009765625 -0.001953125 0.00390625 -0.0078125 0.015625 -0.03125 0.0625 -0.0009765625 0.001953125 -0.00390625 0.0078125 -0.015625 0.03125 -0.0625 0.0009765625 -0.001953125 0.00390625 -0.0078125 0.015625 -0.03125 0.0625 -0.0009765625 0.001953125 -0.00390625 0.0078125 -0.015625 0.03125 -0.0625 0.0009765625 -0.001953125 0.00390625 -0.0078125 0.015625 -0.03125 0.0625 -0.0009765625 0.001953125 -0.00390625 0.0078125 -0.015625 0.03125 -0.0625 0.0009765625 -0.001953125 0.00390625 -0.0078125 0.015625 -0.03125 0.0625 -0.0009765625 0.001953125 -0.00390625 0.0078125 -0.015625 0.03125 -0.0625 0.0009765625 -0.001953125 0.00390625 -0.0078125 0.015625 -0.03125 0.0625 -0.0009765625 0.001953125 -0.00390625 0.0078125 -0.015625 0.03125 -0.0625 0.0009765625 -0.001953125 0.00390625 -0.0078125 0.015625 -0.03125 0.0625 -0.0009765625 0.001953125 -0.00390625 0.0078125 -0.015625 0.03125 -0.0625 0.0009765625 -0.001953125 0.00390625 -0.0078125 0.015625 -0.03125 0.0625 -0.0009765625 0.001953125 -0.00390625 0.0078125 -0.015625 0.03125 -0.0625 0.0009765625 -0.001953125 0.00390625 -0.0078125 0.015625 -0.03125 0.0625 -0.0009765625 0.001953125 -0.00390625 0.0078125 -0.015625 0.03125 -0.0625 0.0009765625 -0.001953125 0.00390625 -0.0078125
-0.001953125 0.00390625 -0.0078125 0.015625 -0.03125 0.0625 -0.125 0.001953125 -0.00390625 0.0078125 -0.015625 0.03125 -0.0625 0.125 -0.001953125 0.00390625 -0.0078125 0.015625 -0.03125 0.0625 -0.125 0.001953125 -0.00390625 0.0078125 -0.015625 0.03125 -0.0625 0.125 -0.001953125 0.00390625 -0.0078125 0.015625 -0.03125 0.0625 -0.125 0.001953125 -0.00390625 0.0078125 -0.015625 0.03125 -0.0625 0.125 -0.001953125 0.00390625 -0.0078125 0.015625 -0.03125 0.0625 -0.125 0.001953125 -0.00390625 0.0078125 -0.015625 0.03125 -0.0625 0.125 -0.001953125 0.00390625 -0.0078125 0.015625 -0.03125 0.0625 -0.125 0.001953125 -0.00390625 0.0078125 -0.015625 0.03125 -0.0625 0.125 -0.001953125 0.00390625 -0.0078125 0.015625 -0.03125 0.0625 -0.125 0.001953125 -0.00390625 0.0078125 -0.015625 0.03125 -0.0625 0.125 -0.001953125 0.00390625 -0.0078125 0.015625 -0.03125 0.0625 -0.125 0.001953125 -0.00390625 0.0078125 -0.015625 0.03125 -0.0625 0.125 -0.001953125 0.00390625 -0.0078125 0.015625 -0.03125 0.0625 -0.125 0.001953125 -0.00390625 0.0078125 -0.015625 0.03125 -0.0625 0.125 -0.001953125 0.00390625 -0.0078125 0.015625 -0.03125 0.0625 -0.125 0.001953125 -0.00390625 0.0078125 -0.015625 0.03125 -0.0625 64.125 -0.001953125 0.00390625 -0.0078125 0.015625 -0.03125 0.0625 -0.125 0.001953125 -0.00390625 0.0078125 -0.015625 0.03125 -0.0625 0.125 -0.001953125 0.00390625 -0.0078125 0.015625 -0.03125 0.0625 -0.125 0.001953125 -0.00390625 0.0078125 -0.015625 0.03125 -0.0625 0.125 -0.001953125 0.00390625 -0.0078125 0.015625 -0.03125 0.0625 -0.125 0.001953125 -0.00390625 0.0078125 -0.015625 0.03125 -0.0625 0.125 -0.001953125 0.00390625 -0.0078125 0.015625 -0.03125 0.0625 -0.125 0.001953125 -0.00390625 0.0078125 -0.015625 0.03125 -0.0625 0.125 -0.001953125 0.00390625 -0.0078125 0.015625 -0.03125 0.0625 -0.125 0.001953125 -0.00390625 0.0078125 -0.015625 0.03125 -0.0625 0.125 -0.001953125 0.00390625 -0.0078125 0.015625 -0.03125 0.0625 -0.125 0.001953125 -0.00390625 0.0078125 -0.015625 0.03125 -0.0625 0.125 -0.001953125 0.00390625 -0.0078125 0.015625 -0.03125 0.0625 -0.125 0.001953125 -0.00390625 0.0078125 -0.015625 0.03125 -0.0625 0.125 -0.001953125 0.00390625 -0.0078125 0.015625 -0.03125 0.0625 -0.125 0.001953125 -0.00390625 0.0078125 -0.015625 0.03125 -0.0625 0.125 -0.001953125 0.00390625 -0.0078125 0.015625 -0.03125 0.0625 -0.125 0.001953125 -0.00390625 0.0078125 -0.015625 0.03125 -0.0625 0.125 -0.001953125 0.00390625 -0.0078125 0.015625
0.00048828125 -0.0009765625 0.001953125 -0.00390625 0.0078125 -0.015625 0.03125 -0.00048828125 0.0009765625 -0.001953125 0.00390625 -0.0078125 0.015625 -0.03125 0.00048828125 -0.0009765625 0.001953125 -0.00390625 0.0078125 -0.015625 0.03125 -0.00048828125 0.0009765625 -0.001953125 0.00390625 -0.0078125 0.015625 -0.03125 0.00048828125 -0.0009765625 0.001953125 -0.00390625 0.0078125 -0.015625 0.03125 -0.00048828125 0.0009765625 -0.001953125 0.00390625 -0.0078125 0.015625 -0.03125 0.00048828125 -0.0009765625 0.001953125 -0.00390625 0.0078125 -0.015625 0.03125 -0.00048828125 0.0009765625 -0.001953125 0.00390625 -0.0078125 0.015625 -0.03125 0.00048828125 -0.0009765625 0.001953125 -0.00390625 0.0078125 -0.015625 0.03125 -0.00048828125 0.0009765625 -0.001953125 0.00390625 -0.0078125 0.015625 -0.03125 0.00048828125 -0.0009765625 0.001953125 -0.00390625 0.0078125 -0.015625 0.03125 -0.00048828125 0.0009765625 -0.001953125 0.00390625 -0.0078125 0.015625 -0.03125 0.00048828125 -0.0009765625 0.001953125 -0.00390625 0.0078125 -0.015625 0.03125 -0.00048828125 0.0009765625 -0.001953125 0.00390625 -0.0078125 0.015625 -0.03125 0.00048828125 -0.0009765625 0.001953125 -0.00390625 0.0078125 -0.015625 0.03125 -0.00048828125 0.0009765625 -0.001953125 0.00390625 -0.0078125 0.015625 -0.03125 0.00048828125 -0.0009765625 0.001953125 -0.00390625 0.0078125 -0.015625 0.03125 -0.00048828125 0.0009765625 -0.001953125 0.00390625 -0.0078125 0.015625 -0.03125 0.25048828125 -0.0009765625 0.001953125 -0.00390625 0.0078125 -0.015625 0.03125 -0.00048828125 0.0009765625 -0.001953125 0.00390625 -0.0078125 0.015625 -0.03125 0.00048828125 -0.0009765625 0.001953125 -0.00390625 0.0078125 -0.015625 0.03125 -0.00048828125 0.0009765625 -0.001953125 0.00390625 -0.0078125 0.015625 -0.03125 0.00048828125 -0.0009765625 0.001953125 -0.00390625 0.0078125 -0.015625 0.03125 -0.00048828125 0.0009765625 -0.001953125 0.00390625 -0.0078125 0.015625 -0.03125 0.00048828125 -0.0009765625 0.001953125 -0.00390625 0.0078125 -0.015625 0.03125 -0.00048828125 0.0009765625 -0.001953125 0.00390625 -0.0078125 0.015625 -0.03125 0.00048828125 -0.0009765625 0.001953125 -0.00390625 0.0078125 -0.015625 0.03125 -0.00048828125 0.0009765625 -0.001953125 0.00390625 -0.0078125 0.015625 -0.03125 0.00048828125 -0.0009765625 0.001953125 -0.00390625 0.0078125 -0.015625 0.03125 -0.00048828125 0.0009765625 -0.001953125 0.00390625 -0.0078125 0.015625 -0.03125 0.00048828125 -0.0009765625 0.001953125 -0.00390625 0.0078125 -0.015625 0.03125 -0.00048828125 0.0009765625 -0.001953125 0.00390625 -0.0078125 0.015625 -0.03125 0.00048828125 -0.0009765625 0.001953125 -0.00390625 0.0078125 -0.015625 0.03125 -0.00048828125 0.0009765625 -0.001953125 0.00390625 -0.0078125 0.015625 -0.03125 0.00048828125 -0.0009765625 0.001953125 -0.00390625 0.0078125 -0.015625 0.03125 -0.00048828125 0.0009765625 -0.001953125 0.00390625 -0.0078125 0.015625 -0.03125 0.00048828125 -0.0009765625 0.001953125 -0.00390625
-0.0009765625 0.001953125 -0.00390625 0.0078125 -0.015625 0.03125 -0.0625 0.0009765625 -0.001953125 0.00390625 -0.0078125 0.015625 -0.03125 0.0625 -0.0009765625 0.001953125 -0.00390625 0.0078125 -0.015625 0.03125 -0.0625 0.0009765625 -0.001953125 0.00390625 -0.0078125 0.015625 -0.03125 0.0625 -0.0009765625 0.001953125 -0.00390625 0.0078125 -0.015625 0.03125 -0.0625 0.0009765625 -0.001953125 0.00390625 -0.0078125 0.015625 -0.03125 0.0625 -0.0009765625 0.001953125 -0.00390625 0.0078125 -0.015625 0.03125 -0.0625 0.0009765625 -0.001953125 0.00390625 -0.0078125 0.015625 -0.03125 0.0625 -0.0009765625 0.001953125 -0.00390625 0.0078125 -0.015625 0.03125 -0.0625 0.0009765625 -0.001953125 0.00390625 -0.0078125 0.015625 -0.03125 0.0625 -0.0009765625 0.001953125 -0.00390625 0.0078125 -0.015625 0.03125 -0.0625 0.0009765625 -0.001953125 0.00390625 -0.0078125 0.015625 -0.03125 0.0625 -0.0009765625 0.001953125 -0.00390625 0.0078125 -0.015625 0.03125 -0.0625 0.0009765625 -0.001953125 0.00390625 -0.0078125 0.015625 -0.03125 0.0625 -0.0009765625 0.001953125 -0.00390625 0.0078125 -0.015625 0.03125 -0.0625 0.0009765625 -0.001953125 0.00390625 -0.0078125 0.015625 -0.03125 0.0625 -0.0009765625 0.001953125 -0.00390625 0.0078125 -0.015625 0.03125 -0.0625 0.0009765625 -0.001953125 0.00390625 -0.0078125 0.015625 -0.03125 0.0625 -0.0009765625 1.001953125 -0.00390625 0.0078125 -0.015625 0.03125 -0.0625 0.0009765625 -0.001953125 0.00390625 -0.0078125 0.015625 -0.03125 0.0625 -0.0009765625 0.001953125 -0.00390625 0.0078125 -0.015625 0.03125 -0.0625 0.0009765625 -0.001953125 0.00390625 -0.0078125 0.015625 -0.03125 0.0625 -0.0009765625 0.001953125 -0.00390625 0.0078125 -0.015625 0.03125 -0.0625 0.0009765625 -0.001953125 0.00390625 -0.0078125 0.015625 -0.03125 0.0625 -0.0009765625 0.001953125 -0.00390625 0.0078125 -0.015625 0.03125 -0.0625 0.0009765625 -0.001953125 0.00390625 -0.0078125 0.015625 -0.03125 0.0625 -0.0009765625 0.001953125 -0.00390625 0.0078125 -0.015625 0.03125 -0.0625 0.0009765625 -0.001953125 0.00390625 -0.0078125 0.015625 -0.03125 0.0625 -0.0009765625 0.001953125 -0.00390625 0.0078125 -0.015625 0.03125 -0.0625 0.0009765625 -0.001953125 0.00390625 -0.0078125 0.015625 -0.03125 0.0625 -0.0009765625 0.001953125 -0.00390625 0.0078125 -0.015625 0.03125 -0.0625 0.0009765625 -0.001953125 0.00390625 -0.0078125 0.015625 -0.03125 0.0625 -0.0009765625 0.001953125 -0.00390625 0.0078125 -0.015625 0.03125 -0.0625 0.0009765625 -0.001953125 0.00390625 -0.0078125 0.015625 -0.03125 0.0625 -0.0009765625 0.001953125 -0.00390625 0.0078125 -0.015625 0.03125 -0.0625 0.0009765625 -0.001953125 0.00390625 -0.0078125 0.015625 -0.03125 0.0625 -0.0009765625 0.001953125 -0.00390625 0.0078125
0.001953125 -0.00390625 0.0078125 -0.015625 0.03125 -0.0625 0.125 -0.001953125 0.00390625 -0.0078125 0.015625 -0.03125 0.0625 -0.125 0.001953125 -0.00390625 0.0078125 -0.015625 0.03125 -0.0625 0.125 -0.001953125 0.00390625 -0.0078125 0.015625 -0.03125 0.0625 -0.125 0.001953125 -0.00390625 0.0078125 -0.015625 0.03125 -0.0625 0.125 -0.001953125 0.00390625 -0.0078125 0.015625 -0.03125 0.0625 -0.125 0.001953125 -0.00390625 0.0078125 -0.015625 0.03125 -0.0625 0.125 -0.001953125 0.00390625 -0.0078125 0.015625 -0.03125 0.0625 -0.125 0.001953125 -0.00390625 0.0078125 -0.015625 0.03125 -0.0625 0.125 -0.001953125 0.00390625 -0.0078125 0.015625 -0.03125 0.0625 -0.125 0.001953125 -0.00390625 0.0078125 -0.015625 0.03125 -0.0625 0.125 -0.001953125 0.00390625 -0.0078125 0.015625 -0.03125 0.0625 -0.125 0.001953125 -0.00390625 0.0078125 -0.015625 0.03125 -0.0625 0.125 -0.001953125 0.00390625 -0.0078125 0.015625 -0.03125 0.0625 -0.125 0.001953125 -0.00390625 0.0078125 -0.015625 0.03125 -0.0625 0.125 -0.001953125 0.00390625 -0.0078125 0.015625 -0.03125 0.0625 -0.125 0.001953125 -0.00390625 0.0078125 -0.015625 0.03125 -0.0625 0.125 -0.001953125 0.00390625 -0.0078125 0.015625 -0.03125 0.0625 -0.125 0.001953125 -0.00390625 4.0078125 -0.015625 0.03125 -0.0625 0.125 -0.001953125 0.00390625 -0.0078125 0.015625 -0.03125 0.0625 -0.125 0.001953125 -0.00390625 0.0078125 -0.015625 0.03125 -0.0625 0.125 -0.001953125 0.00390625 -0.0078125 0.015625 -0.03125 0.0625 -0.125 0.001953125 -0.00390625 0.0078125 -0.015625 0.03125 -0.0625 0.125 -0.001953125 0.00390625 -0.0078125 0.015625 -0.03125 0.0625 -0.125 0.001953125 -0.00390625 0.0078125 -0.015625 0.03125 -0.0625 0.125 -0.001953125 0.00390625 -0.0078125 0.015625 -0.03125 0.0625 -0.125 0.001953125 -0.00390625 0.0078125 -0.015625 0.03125 -0.0625 0.125 -0.001953125 0.00390625 -0.0078125 0.015625 -0.03125 0.0625 -0.125 0.001953125 -0.00390625 0.0078125 -0.015625 0.03125 -0.0625 0.125 -0.001953125 0.00390625 -0.0078125 0.015625 -0.03125 0.0625 -0.125 0.001953125 -0.00390625 0.0078125 -0.015625 0.03125 -0.0625 0.125 -0.001953125 0.00390625 -0.0078125 0.015625 -0.03125 0.0625 -0.125 0.001953125 -0.00390625 0.0078125 -0.015625 0.03125 -0.0625 0.125 -0.001953125 0.00390625 -0.0078125 0.015625 -0.03125 0.0625 -0.125 0.001953125 -0.00390625 0.0078125 -0.015625 0.03125 -0.0625 0.125 -0.001953125 0.00390625 -0.0078125 0.015625 -0.03125 0.0625 -0.125 0.001953125 -0.00390625 0.0078125 -0.015625
-0.00048828125 0.0009765625 -0.001953125 0.00390625 -0.0078125 0.015625 -0.03125 0.00048828125 -0.0009765625 0.001953125 -0.00390625 0.0078125 -0.015625 0.03125 -0.00048828125 0.0009765625 -0.001953125 0.00390625 -0.0078125 0.015625 -0.03125 0.00048828125 -0.0009765625 0.001953125 -0.00390625 0.0078125 -0.015625 0.03125 -0.00048828125 0.0009765625 -0.001953125 0.00390625 -0.0078125 0.015625 -0.03125 0.00048828125 -0.0009765625 0.001953125 -0.00390625 0.0078125 -0.015625 0.03125 -0.00048828125 0.0009765625 -0.001953125 0.00390625 -0.0078125 0.015625 -0.03125 0.00048828125 -0.0009765625 0.001953125 -0.00390625 0.0078125 -0.015625 0.03125 -0.00048828125 0.0009765625 -0.001953125 0.00390625 -0.0078125 0.015625 -0.03125 0.00048828125 -0.0009765625 0.001953125 -0.00390625 0.0078125 -0.015625 0.03125 -0.00048828125 0.0009765625 -0.001953125 0.00390625 -0.0078125 0.015625 -0.03125 0.00048828125 -0.0009765625 0.001953125 -0.00390625 0.0078125 -0.015625 0.03125 -0.00048828125 0.0009765625 -0.001953125 0.00390625 -0.0078125 0.015625 -0.03125 0.00048828125 -0.0009765625 0.001953125 -0.00390625 0.0078125 -0.015625 0.03125 -0.00048828125 0.0009765625 -0.001953125 0.00390625 -0.0078125 0.015625 -0.03125 0.00048828125 -0.0009765625 0.001953125 -0.00390625 0.0078125 -0.015625 0.03125 -0.00048828125 0.0009765625 -0.001953125 0.00390625 -0.0078125 0.015625 -0.03125 0.00048828125 -0.0009765625 0.001953125 -0.00390625 0.0078125 -0.015625 0.03125 -0.00048828125 0.0009765625 -0.001953125 2.00390625 -0.0078125 0.015625 -0.03125 0.00048828125 -0.0009765625 0.001953125 -0.00390625 0.0078125 -0.015625 0.03125 -0.00048828125 0.0009765625 -0.001953125 0.00390625 -0.0078125 0.015625 -0.03125 0.00048828125 -0.0009765625 0.001953125 -0.00390625 0.0078125 -0.015625 0.03125 -0.00048828125 0.0009765625 -0.001953125 0.00390625 -0.0078125 0.015625 -0.03125 0.00048828125 -0.0009765625 0.001953125 -0.00390625 0.0078125 -0.015625 0.03125 -0.00048828125 0.0009765625 -0.001953125 0.00390625 -0.0078125 0.015625 -0.03125 0.00048828125 -0.0009765625 0.001953125 -0.00390625 0.0078125 -0.015625 0.03125 -0.00048828125 0.0009765625 -0.001953125 0.00390625 -0.0078125 0.015625 -0.03125 0.00048828125 -0.0009765625 0.001953125 -0.00390625 0.0078125 -0.015625 0.03125 -0.00048828125 0.0009765625 -0.001953125 0.00390625 -0.0078125 0.015625 -0.03125 0.00048828125 -0.0009765625 0.001953125 -0.00390625 0.0078125 -0.015625 0.03125 -0.00048828125 0.0009765625 -0.001953125 0.00390625 -0.0078125 0.015625 -0.03125 0.00048828125 -0.0009765625 0.001953125 -0.00390625 0.0078125 -0.015625 0.03125 -0.00048828125 0.0009765625 -0.001953125 0.00390625 -0.0078125 0.015625 -0.03125 0.00048828125 -0.0009765625 0.001953125 -0.00390625 0.0078125 -0.015625 0.03125 -0.00048828125 0.0009765625 -0.001953125 0.00390625 -0.0078125 0.015625 -0.03125 0.00048828125 -0.0009765625 0.001953125 -0.00390625 0.0078125 -0.015625 0.03125 -0.00048828125 0.0009765625 -0.001953125 0.00390625
0.0009765625 -0.001953125 0.00390625 -0.0078125 0.015625 -0.03125 0.0625 -0.0009765625 0.001953125 -0.00390625 0.0078125 -0.015625 0.03125 -0.0625 0.0009765625 -0.001953125 0.00390625 -0.0078125 0.015625 -0.03125 0.0625 -0.0009765625 0.001953125 -0.00390625 0.0078125 -0.015625 0.03125 -0.0625 0.0009765625 -0.001953125 0.00390625 -0.0078125 0.015625 -0.03125 0.0625 -0.0009765625 0.001953125 -0.00390625 0.0078125 -0.015625 0.03125 -0.0625 0.0009765625 -0.001953125 0.00390625 -0.0078125 0.015625 -0.03125 0.0625 -0.0009765625 0.001953125 -0.00390625 0.0078125 -0.015625 0.03125 -0.0625 0.0009765625 -0.001953125 0.00390625 -0.0078125 0.015625 -0.03125 0.0625 -0.0009765625 0.001953125 -0.00390625 0.0078125 -0.015625 0.03125 -0.0625 0.0009765625 -0.001953125 0.00390625 -0.0078125 0.015625 -0.03125 0.0625 -0.0009765625 0.001953125 -0.00390625 0.0078125 -0.015625 0.03125 -0.0625 0.0009765625 -0.001953125 0.00390625 -0.0078125 0.015625 -0.03125 0.0625 -0.0009765625 0.001953125 -0.00390625 0.0078125 -0.015625 0.03125 -0.0625 0.0009765625 -0.001953125 0.00390625 -0.0078125 0.015625 -0.03125 0.0625 -0.0009765625 0.001953125 -0.00390625 0.0078125 -0.015625 0.03125 -0.0625 0.0009765625 -0.001953125 0.00390625 -0.0078125 0.015625 -0.03125 0.0625 -0.0009765625 0.001953125 -0.00390625 0.0078125 -0.015625 0.03125 -0.0625 0.0009765625 -0.001953125 0.00390625 -0.0078125 8.015625 -0.03125 0.0625 -0.0009765625 0.001953125 -0.00390625 0.0078125 -0.015625 0.03125 -0.0625 0.0009765625 -0.001953125 0.00390625 -0.0078125 0.015625 -0.03125 0.0625 -0.0009765625 0.001953125 -0.00390625 0.0078125 -0.015625 0.03125 -0.0625 0.0009765625 -0.001953125 0.00390625 -0.0078125 0.015625 -0.03125 0.0625 -0.0009765625 0.001953125 -0.00390625 0.0078125 -0.015625 0.03125 -0.0625 0.0009765625 -0.001953125 0.00390625 -0.0078125 0.015625 -0.03125 0.0625 -0.0009765625 0.001953125 -0.00390625 0.0078125 -0.015625 0.03125 -0.0625 0.0009765625 -0.001953125 0.00390625 -0.0078125 0.015625 -0.03125 0.0625 -0.0009765625 0.001953125 -0.00390625 0.0078125 -0.015625 0.03125 -0.0625 0.0009765625 -0.001953125 0.00390625 -0.0078125 0.015625 -0.03125 0.0625 -0.0009765625 0.001953125 -0.00390625 0.0078125 -0.015625 0.03125 -0.0625 0.0009765625 -0.001953125 0.00390625 -0.0078125 0.015625 -0.03125 0.0625 -0.0009765625 0.001953125 -0.00390625 0.0078125 -0.015625 0.03125 -0.0625 0.0009765625 -0.001953125 0.00390625 -0.0078125 0.015625 -0.03125 0.0625 -0.0009765625 0.001953125 -0.00390625 0.0078125 -0.015625 0.03125 -0.0625 0.0009765625 -0.001953125 0.00390625 -0.0078125 0.015625 -0.03125 0.0625 -0.0009765625 0.001953125 -0.00390625 0.0078125 -0.015625 0.03125 -0.0625 0.0009765625 -0.001953125 0.00390625 -0.0078125
-0.001953125 0.00390625 -0.0078125 0.015625 -0.03125 0.0625 -0.125 0.001953125 -0.00390625 0.0078125 -0.015625 0.03125 -0.0625 0.125 -0.001953125 0.00390625 -0.0078125 0.015625 -0.03125 0.0625 -0.125 0.001953125 -0.00390625 0.0078125 -0.015625 0.03125 -0.0625 0.125 -0.001953125 0.00390625 -0.0078125 0.015625 -0.03125 0.0625 -0.125 0.001953125 -0.00390625 0.0078125 -0.015625 0.03125 -0.0625 0.125 -0.001953125 0.00390625 -0.0078125 0.015625 -0.03125 0.0625 -0.125 0.001953125 -0.00390625 0.0078125 -0.015625 0.03125 -0.0625 0.125 -0.001953125 0.00390625 -0.0078125 0.015625 -0.03125 0.0625 -0.125 0.001953125 -0.00390625 0.0078125 -0.015625 0.03125 -0.0625 0.125 -0.001953125 0.00390625 -0.0078125 0.015625 -0.03125 0.0625 -0.125 0.001953125 -0.00390625 0.0078125 -0.015625 0.03125 -0.0625 0.125 -0.001953125 0.00390625 -0.0078125 0.015625 -0.03125 0.0625 -0.125 0.001953125 -0.00390625 0.0078125 -0.015625 0.03125 -0.0625 0.125 -0.001953125 0.00390625 -0.0078125 0.015625 -0.03125 0.0625 -0.125 0.001953125 -0.00390625 0.0078125 -0.015625 0.03125 -0.0625 0.125 -0.001953125 0.00390625 -0.0078125 0.015625 -0.03125 0.0625 -0.125 0.001953125 -0.00390625 0.0078125 -0.015625 0.03125 -0.0625 0.125 -0.001953125 0.00390625 -0.0078125 0.015625 -0.03125 32.0625 -0.125 0.001953125 -0.00390625 0.0078125 -0.015625 0.03125 -0.0625 0.125 -0.001953125 0.00390625 -0.0078125 0.015625 -0.03125 0.0625 -0.125 0.001953125 -0.00390625 0.0078125 -0.015625 0.03125 -0.0625 0.125 -0.001953125 0.00390625 -0.0078125 0.015625 -0.03125 0.0625 -0.125 0.001953125 -0.00390625 0.0078125 -0.015625 0.03125 -0.0625 0.125 -0.001953125 0.00390625 -0.0078125 0.015625 -0.03125 0.0625 -0.125 0.001953125 -0.00390625 0.0078125 -0.015625 0.03125 -0.0625 0.125 -0.001953125 0.00390625 -0.0078125 0.015625 -0.03125 0.0625 -0.125 0.001953125 -0.00390625 0.0078125 -0.015625 0.03125 -0.0625 0.125 -0.001953125 0.00390625 -0.0078125 0.015625 -0.03125 0.0625 -0.125 0.001953125 -0.00390625 0.0078125 -0.015625 0.03125 -0.0625 0.125 -0.001953125 0.00390625 -0.0078125 0.015625 -0.03125 0.0625 -0.125 0.001953125 -0.00390625 0.0078125 -0.015625 0.03125 -0.0625 0.125 -0.001953125 0.00390625 -0.0078125 0.015625 -0.03125 0.0625 -0.125 0.001953125 -0.00390625 0.0078125 -0.015625 0.03125 -0.0625 0.125 -0.001953125 0.00390625 -0.0078125 0.015625 -0.03125 0.0625 -0.125 0.001953125 -0.00390625 0.0078125 -0.015625 0.03125 -0.0625 0.125 -0.001953125 0.00390625 -0.0078125 0.015625
0.00048828125 -0.0009765625 0.001953125 -0.00390625 0.0078125 -0.015625 0.03125 -0.00048828125 0.0009765625 -0.001953125 0.00390625 -0.0078125 0.015625 -0.03125 0.00048828125 -0.0009765625 0.001953125 -0.00390625 0.0078125 -0.015625 0.03125 -0.00048828125 0.0009765625 -0.001953125 0.00390625 -0.0078125 0.015625 -0.03125 0.00048828125 -0.0009765625 0.001953125 -0.00390625 0.0078125 -0.015625 0.03125 -0.00048828125 0.0009765625 -0.001953125 0.00390625 -0.0078125 0.015625 -0.03125 0.00048828125 -0.0009765625 0.001953125 -0.00390625 0.0078125 -0.015625 0.03125 -0.00048828125 0.0009765625 -0.001953125 0.00390625 -0.0078125 0.015625 -0.03125 0.00048828125 -0.0009765625 0.001953125 -0.00390625 0.0078125 -0.015625 0.03125 -0.00048828125 0.0009765625 -0.001953125 0.00390625 -0.0078125 0.015625 -0.03125 0.00048828125 -0.0009765625 0.001953125 -0.00390625 0.0078125 -0.015625 0.03125 -0.00048828125 0.0009765625 -0.001953125 0.00390625 -0.0078125 0.015625 -0.03125 0.00048828125 -0.0009765625 0.001953125 -0.00390625 0.0078125 -0.015625 0.03125 -0.00048828125 0.0009765625 -0.001953125 0.00390625 -0.0078125 0.015625 -0.03125 0.00048828125 -0.0009765625 0.001953125 -0.00390625 0.0078125 -0.015625 0.03125 -0.00048828125 0.0009765625 -0.001953125 0.00390625 -0.0078125 0.015625 -0.03125 0.00048828125 -0.0009765625 0.001953125 -0.00390625 0.0078125 -0.015625 0.03125 -0.00048828125 0.0009765625 -0.001953125 0.00390625 -0.0078125 0.015625 -0.03125 0.00048828125 -0.0009765625 0.001953125 -0.00390625 0.0078125 -0.015625 16.03125 -0.00048828125 0.0009765625 -0.001953125 0.00390625 -0.0078125 0.015625 -0.03125 0.00048828125 -0.0009765625 0.001953125 -0.00390625 0.0078125 -0.015625 0.03125 -0.00048828125 0.0009765625 -0.001953125 0.00390625 -0.0078125 0.015625 -0.03125 0.00048828125 -0.0009765625 0.001953125 -0.00390625 0.0078125 -0.015625 0.03125 -0.00048828125 0.0009765625 -0.001953125 0.00390625 -0.0078125 0.015625 -0.03125 0.00048828125 -0.0009765625 0.001953125 -0.00390625 0.0078125 -0.015625 0.03125 -0.00048828125 0.0009765625 -0.001953125 0.00390625 -0.0078125 0.015625 -0.03125 0.00048828125 -0.0009765625 0.001953125 -0.00390625 0.0078125 -0.015625 0.03125 -0.00048828125 0.0009765625 -0.001953125 0.00390625 -0.0078125 0.015625 -0.03125 0.00048828125 -0.0009765625 0.001953125 -0.00390625 0.0078125 -0.015625 0.03125 -0.00048828125 0.0009765625 -0.001953125 0.00390625 -0.0078125 0.015625 -0.03125 0.00048828125 -0.0009765625 0.001953125 -0.00390625 0.0078125 -0.015625 0.03125 -0.00048828125 0.0009765625 -0.001953125 0.00390625 -0.0078125 0.015625 -0.03125 0.00048828125 -0.0009765625 0.001953125 -0.00390625 0.0078125 -0.015625 0.03125 -0.00048828125 0.0009765625 -0.001953125 0.00390625 -0.0078125 0.015625 -0.03125 0.00048828125 -0.0009765625 0.001953125 -0.00390625 0.0078125 -0.015625 0.03125 -0.00048828125 0.0009765625 -0.001953125 0.00390625 -0.0078125 0.015625 -0.03125 0.00048828125 -0.0009765625 0.001953125 -0.00390625
-0.0009765625 0.001953125 -0.00390625 0.0078125 -0.015625 0.03125 -0.0625 0.0009765625 -0.001953125 0.00390625 -0.0078125 0.015625 -0.03125 0.0625 -0.0009765625 0.001953125 -0.00390625 0.0078125 -0.015625 0.03125 -0.0625 0.0009765625 -0.001953125 0.00390625 -0.0078125 0.015625 -0.03125 0.0625 -0.0009765625 0.001953125 -0.00390625 0.0078125 -0.015625 0.03125 -0.0625 0.0009765625 -0.001953125 0.00390625 -0.0078125 0.015625 -0.03125 0.0625 -0.0009765625 0.001953125 -0.00390625 0.0078125 -0.015625 0.03125 -0.0625 0.0009765625 -0.001953125 0.00390625 -0.0078125 0.015625 -0.03125 0.0625 -0.0009765625 0.001953125 -0.00390625 0.0078125 -0.015625 0.03125 -0.0625 0.0009765625 -0.001953125 0.00390625 -0.0078125 0.015625 -0.03125 0.0625 -0.0009765625 0.001953125 -0.00390625 0.0078125 -0.015625 0.03125 -0.0625 0.0009765625 -0.001953125 0.00390625 -0.0078125 0.015625 -0.03125 0.0625 -0.0009765625 0.001953125 -0.00390625 0.0078125 -0.015625 0.03125 -0.0625 0.0009765625 -0.001953125 0.00390625 -0.0078125 0.015625 -0.03125 0.0625 -0.0009765625 0.001953125 -0.00390625 0.0078125 -0.015625 0.03125 -0.0625 0.0009765625 -0.001953125 0.00390625 -0.0078125 0.015625 -0.03125 0.0625 -0.0009765625 0.001953125 -0.00390625 0.0078125 -0.015625 0.03125 -0.0625 0.0009765625 -0.001953125 0.00390625 -0.0078125 0.015625 -0.03125 0.0625 -0.0009765625 0.001953125 -0.00390625 0.0078125 -0.015625 0.03125 -0.0625 0.5009765625 -0.001953125 0.00390625 -0.0078125 0.015625 -0.03125 0.0625 -0.0009765625 0.001953125 -0.00390625 0.0078125 -0.015625 0.03125 -0.0625 0.0009765625 -0.001953125 0.00390625 -0.0078125 0.015625 -0.03125 0.0625 -0.0009765625 0.001953125 -0.00390625 0.0078125 -0.015625 0.03125 -0.0625 0.0009765625 -0.001953125 0.00390625 -0.0078125 0.015625 -0.03125 0.0625 -0.0009765625 0.001953125 -0.00390625 0.0078125 -0.015625 0.03125 -0.0625 0.0009765625 -0.001953125 0.00390625 -0.0078125 0.015625 -0.03125 0.0625 -0.0009765625 0.001953125 -0.00390625 0.0078125 -0.015625 0.03125 -0.0625 0.0009765625 -0.001953125 0.00390625 -0.0078125 0.015625 -0.03125 0.0625 -0.0009765625 0.001953125 -0.00390625 0.0078125 -0.015625 0.03125 -0.0625 0.0009765625 -0.001953125 0.00390625 -0.0078125 0.015625 -0.03125 0.0625 -0.0009765625 0.001953125 -0.00390625 0.0078125 -0.015625 0.03125 -0.0625 0.0009765625 -0.001953125 0.00390625 -0.0078125 0.015625 -0.03125 0.0625 -0.0009765625 0.001953125 -0.00390625 0.0078125 -0.015625 0.03125 -0.0625 0.0009765625 -0.001953125 0.00390625 -0.0078125 0.015625 -0.03125 0.0625 -0.0009765625 0.001953125 -0.00390625 0.0078125 -0.015625 0.03125 -0.0625 0.0009765625 -0.001953125 0.00390625 -0.0078125 0.015625 -0.03125 0.0625 -0.0009765625 0.001953125 -0.00390625 0.0078125
0.001953125 -0.00390625 0.0078125 -0.015625 0.03125 -0.0625 0.125 -0.001953125 0.00390625 -0.0078125 0.015625 -0.03125 0.0625 -0.125 0.001953125 -0.00390625 0.0078125 -0.015625 0.03125 -0.0625 0.125 -0.001953125 0.00390625 -0.0078125 0.015625 -0.03125 0.0625 -0.125 0.001953125 -0.00390625 0.0078125 -0.015625 0.03125 -0.0625 0.125 -0.001953125 0.00390625 -0.0078125 0.015625 -0.03125 0.0625 -0.125 0.001953125 -0.00390625 0.0078125 -0.015625 0.03125 -0.0625 0.125 -0.001953125 0.00390625 -0.0078125 0.015625 -0.03125 0.0625 -0.125 0.001953125 -0.00390625 0.0078125 -0.015625 0.03125 -0.0625 0.125 -0.001953125 0.00390625 -0.0078125 0.015625 -0.03125 0.0625 -0.125 0.001953125 -0.00390625 0.0078125 -0.015625 0.03125 -0.0625 0.125 -0.001953125 0.00390625 -0.0078125 0.015625 -0.03125 0.0625 -0.125 0.001953125 -0.00390625 0.0078125 -0.015625 0.03125 -0.0625 0.125 -0.001953125 0.00390625 -0.0078125 0.015625 -0.03125 0.0625 -0.125 0.001953125 -0.00390625 0.0078125 -0.015625 0.03125 -0.0625 0.125 -0.001953125 0.00390625 -0.0078125 0.015625 -0.03125 0.0625 -0.125 0.001953125 -0.00390625 0.0078125 -0.015625 0.03125 -0.0625 0.125 -0.001953125 0.00390625 -0.0078125 0.015625 -0.03125 0.0625 -0.125 0.001953125 -0.00390625 0.0078125 -0.015625 0.03125 -0.0625 0.125 -0.001953125 2.00390625 -0.0078125 0.015625 -0.03125 0.0625 -0.125 0.001953125 -0.00390625 0.0078125 -0.015625 0.03125 -0.0625 0.125 -0.001953125 0.00390625 -0.0078125 0.015625 -0.03125 0.0625 -0.125 0.001953125 -0.00390625 0.0078125 -0.015625 0.03125 -0.0625 0.125 -0.001953125 0.00390625 -0.0078125 0.015625 -0.03125 0.0625 -0.125 0.001953125 -0.00390625 0.0078125 -0.015625 0.03125 -0.0625 0.125 -0.001953125 0.00390625 -0.0078125 0.015625 -0.03125 0.0625 -0.125 0.001953125 -0.00390625 0.0078125 -0.015625 0.03125 -0.0625 0.125 -0.001953125 0.00390625 -0.0078125 0.015625 -0.03125 0.0625 -0.125 0.001953125 -0.00390625 0.0078125 -0.015625 0.03125 -0.0625 0.125 -0.001953125 0.00390625 -0.0078125 0.015625 -0.03125 0.0625 -0.125 0.001953125 -0.00390625 0.0078125 -0.015625 0.03125 -0.0625 0.125 -0.001953125 0.00390625 -0.0078125 0.015625 -0.03125 0.0625 -0.125 0.001953125 -0.00390625 0.0078125 -0.015625 0.03125 -0.0625 0.125 -0.001953125 0.00390625 -0.0078125 0.015625 -0.03125 0.0625 -0.125 0.001953125 -0.00390625 0.0078125 -0.015625 0.03125 -0.0625 0.125 -0.001953125 0.00390625 -0.0078125 0.015625 -0.03125 0.0625 -0.125 0.001953125 -0.00390625 0.0078125 -0.015625
-0.00048828125 0.0009765625 -0.001953125 0.00390625 -0.0078125 0.015625 -0.03125 0.00048828125 -0.0009765625 0.001953125 -0.00390625 0.0078125 -0.015625 0.03125 -0.00048828125 0.0009765625 -0.001953125 0.00390625 -0.0078125 0.015625 -0.03125 0.00048828125 -0.0009765625 0.001953125 -0.00390625 0.0078125 -0.015625 0.03125 -0.00048828125 0.0009765625 -0.001953125 0.00390625 -0.0078125 0.015625 -0.03125 0.00048828125 -0.0009765625 0.001953125 -0.00390625 0.0078125 -0.015625 0.03125 -0.00048828125 0.0009765625 -0.001953125 0.00390625 -0.0078125 0.015625 -0.03125 0.00048828125 -0.0009765625 0.001953125 -0.00390625 0.0078125 -0.015625 0.03125 -0.00048828125 0.0009765625 -0.001953125 0.00390625 -0.0078125 0.015625 -0.03125 0.00048828125 -0.0009765625 0.001953125 -0.00390625 0.0078125 -0.015625 0.03125 -0.00048828125 0.0009765625 -0.001953125 0.00390625 -0.0078125 0.015625 -0.03125 0.00048828125 -0.0009765625 0.001953125 -0.00390625 0.0078125 -0.015625 0.03125 -0.00048828125 0.0009765625 -0.001953125 0.00390625 -0.0078125 0.015625 -0.03125 0.00048828125 -0.0009765625 0.001953125 -0.00390625 0.0078125 -0.015625 0.03125 -0.00048828125 0.0009765625 -0.001953125 0.00390625 -0.0078125 0.015625 -0.03125 0.00048828125 -0.0009765625 0.001953125 -0.00390625 0.0078125 -0.015625 0.03125 -0.00048828125 0.0009765625 -0.001953125 0.00390625 -0.0078125 0.015625 -0.03125 0.00048828125 -0.0009765625 0.001953125 -0.00390625 0.0078125 -0.015625 0.03125 -0.00048828125 0.0009765625 -0.001953125 0.00390625 -0.0078125 0.015625 -0.03125 0.00048828125 -0.0009765625 1.001953125 -0.00390625 0.0078125 -0.015625 0.03125 -0.00048828125 0.0009765625 -0.001953125 0.00390625 -0.0078125 0.015625 -0.03125 0.00048828125 -0.0009765625 0.001953125 -0.00390625 0.0078125 -0.015625 0.03125 -0.00048828125 0.0009765625 -0.001953125 0.00390625 -0.0078125 0.015625 -0.03125 0.00048828125 -0.0009765625 0.001953125 -0.00390625 0.0078125 -0.015625 0.03125 -0.00048828125 0.0009765625 -0.001953125 0.00390625 -0.0078125 0.015625 -0.03125 0.00048828125 -0.0009765625 0.001953125 -0.00390625 0.0078125 -0.015625 0.03125 -0.00048828125 0.0009765625 -0.001953125 0.00390625 -0.0078125 0.015625 -0.03125 0.00048828125 -0.0009765625 0.001953125 -0.00390625 0.0078125 -0.015625 0.03125 -0.00048828125 0.0009765625 -0.001953125 0.00390625 -0.0078125 0.015625 -0.03125 0.00048828125 -0.0009765625 0.001953125 -0.00390625 0.0078125 -0.015625 0.03125 -0.00048828125 0.0009765625 -0.001953125 0.00390625 -0.0078125 0.015625 -0.03125 0.00048828125 -0.0009765625 0.001953125 -0.00390625 0.0078125 -0.015625 0.03125 -0.00048828125 0.0009765625 -0.001953125 0.00390625 -0.0078125 0.015625 -0.03125 0.00048828125 -0.0009765625 0.001953125 -0.00390625 0.0078125 -0.015625 0.03125 -0.00048828125 0.0009765625 -0.001953125 0.00390625 -0.0078125 0.015625 -0.03125 0.00048828125 -0.0009765625 0.001953125 -0.00390625 0.0078125 -0.015625 0.03125 -0.00048828125 0.0009765625 -0.001953125 0.00390625
0.0009765625 -0.001953125 0.00390625 -0.0078125 0.015625 -0.03125 0.0625 -0.0009765625 0.001953125 -0.00390625 0.0078125 -0.015625 0.03125 -0.0625 0.0009765625 -0.001953125 0.00390625 -0.0078125 0.015625 -0.03125 0.0625 -0.0009765625 0.001953125 -0.00390625 0.0078125 -0.015625 0.03125 -0.0625 0.0009765625 -0.001953125 0.00390625 -0.0078125 0.015625 -0.03125 0.0625 -0.0009765625 0.001953125 -0.00390625 0.0078125 -0.015625 0.03125 -0.0625 0.0009765625 -0.001953125 0.00390625 -0.0078125 0.015625 -0.03125 0.0625 -0.0009765625 0.001953125 -0.00390625 0.0078125 -0.015625 0.03125 -0.0625 0.0009765625 -0.001953125 0.00390625 -0.0078125 0.015625 -0.03125 0.0625 -0.0009765625 0.001953125 -0.00390625 0.0078125 -0.015625 0.03125 -0.0625 0.0009765625 -0.001953125 0.00390625 -0.0078125 0.015625 -0.03125 0.0625 -0.0009765625 0.001953125 -0.00390625 0.0078125 -0.015625 0.03125 -0.0625 0.0009765625 -0.001953125 0.00390625 -0.0078125 0.015625 -0.03125 0.0625 -0.0009765625 0.001953125 -0.00390625 0.0078125 -0.015625 0.03125 -0.0625 0.0009765625 -0.001953125 0.00390625 -0.0078125 0.015625 -0.03125 0.0625 -0.0009765625 0.001953125 -0.00390625 0.0078125 -0.015625 0.03125 -0.0625 0.0009765625 -0.001953125 0.00390625 -0.0078125 0.015625 -0.03125 0.0625 -0.0009765625 0.001953125 -0.00390625 0.0078125 -0.015625 0.03125 -0.0625 0.0009765625 -0.001953125 0.00390625 -0.0078125 0.015625 -0.03125 0.0625 -0.0009765625 0.001953125 -0.00390625 4.0078125 -0.015625 0.03125 -0.0625 0.0009765625 -0.001953125 0.00390625 -0.0078125 0.015625 -0.03125 0.0625 -0.0009765625 0.001953125 -0.00390625 0.0078125 -0.015625 0.03125 -0.0625 0.0009765625 -0.001953125 0.00390625 -0.0078125 0.015625 -0.03125 0.0625 -0.0009765625 0.001953125 -0.00390625 0.0078125 -0.015625 0.03125 -0.0625 0.0009765625 -0.001953125 0.00390625 -0.0078125 0.015625 -0.03125 0.0625 -0.0009765625 0.001953125 -0.00390625 0.0078125 -0.015625 0.03125 -0.0625 0.0009765625 -0.001953125 0.00390625 -0.0078125 0.015625 -0.03125 0.0625 -0.0009765625 0.001953125 -0.00390625 0.0078125 -0.015625 0.03125 -0.0625 0.0009765625 -0.001953125 0.00390625 -0.0078125 0.015625 -0.03125 0.0625 -0.0009765625 0.001953125 -0.00390625 0.0078125 -0.015625 0.03125 -0.0625 0.0009765625 -0.001953125 0.00390625 -0.0078125 0.015625 -0.03125 0.0625 -0.0009765625 0.001953125 -0.00390625 0.0078125 -0.015625 0.03125 -0.0625 0.0009765625 -0.001953125 0.00390625 -0.0078125 0.015625 -0.03125 0.0625 -0.0009765625 0.001953125 -0.00390625 0.0078125 -0.015625 0.03125 -0.0625 0.0009765625 -0.001953125 0.00390625 -0.0078125 0.015625 -0.03125 0.0625 -0.0009765625 0.001953125 -0.00390625 0.0078125 -0.015625 0.03125 -0.0625 0.0009765625 -0.001953125 0.00390625 -0.0078125
-0.001953125 0.00390625 -0.0078125 0.015625 -0.03125 0.0625 -0.125 0.001953125 -0.00390625 0.0078125 -0.015625 0.03125 -0.0625 0.125 -0.001953125 0.00390625 -0.0078125 0.015625 -0.03125 0.0625 -0.125 0.001953125 -0.00390625 0.0078125 -0.015625 0.03125 -0.0625 0.125 -0.001953125 0.00390625 -0.0078125 0.015625 -0.03125 0.0625 -0.125 0.001953125 -0.00390625 0.0078125 -0.015625 0.03125 -0.0625 0.125 -0.001953125 0.00390625 -0.0078125 0.015625 -0.03125 0.0625 -0.125 0.001953125 -0.00390625 0.0078125 -0.015625 0.03125 -0.0625 0.125 -0.001953125 0.00390625 -0.0078125 0.015625 -0.03125 0.0625 -0.125 0.001953125 -0.00390625 0.0078125 -0.015625 0.03125 -0.0625 0.125 -0.001953125 0.00390625 -0.0078125 0.015625 -0.03125 0.0625 -0.125 0.001953125 -0.00390625 0.0078125 -0.015625 0.03125 -0.0625 0.125 -0.001953125 0.00390625 -0.0078125 0.015625 -0.03125 0.0625 -0.125 0.001953125 -0.00390625 0.0078125 -0.015625 0.03125 -0.0625 0.125 -0.001953125 0.00390625 -0.0078125 0.015625 -0.03125 0.0625 -0.125 0.001953125 -0.00390625 0.0078125 -0.015625 0.03125 -0.0625 0.125 -0.001953125 0.00390625 -0.0078125 0.015625 -0.03125 0.0625 -0.125 0.001953125 -0.00390625 0.0078125 -0.015625 0.03125 -0.0625 0.125 -0.001953125 0.00390625 -0.0078125 0.015625 -0.03125 0.0625 -0.125 0.001953125 -0.00390625 0.0078125 -0.015625 16.03125 -0.0625 0.125 -0.001953125 0.00390625 -0.0078125 0.015625 -0.03125 0.0625 -0.125 0.001953125 -0.00390625 0.0078125 -0.015625 0.03125 -0.0625 0.125 -0.001953125 0.00390625 -0.0078125 0.015625 -0.03125 0.0625 -0.125 0.001953125 -0.00390625 0.0078125 -0.015625 0.03125 -0.0625 0.125 -0.001953125 0.00390625 -0.0078125 0.015625 -0.03125 0.0625 -0.125 0.001953125 -0.00390625 0.0078125 -0.015625 0.03125 -0.0625 0.125 -0.001953125 0.00390625 -0.0078125 0.015625 -0.03125 0.0625 -0.125 0.001953125 -0.00390625 0.0078125 -0.015625 0.03125 -0.0625 0.125 -0.001953125 0.00390625 -0.0078125 0.015625 -0.03125 0.0625 -0.125 0.001953125 -0.00390625 0.0078125 -0.015625 0.03125 -0.0625 0.125 -0.001953125 0.00390625 -0.0078125 0.015625 -0.03125 0.0625 -0.125 0.001953125 -0.00390625 0.0078125 -0.015625 0.03125 -0.0625 0.125 -0.001953125 0.00390625 -0.0078125 0.015625 -0.03125 0.0625 -0.125 0.001953125 -0.00390625 0.0078125 -0.015625 0.03125 -0.0625 0.125 -0.001953125 0.00390625 -0.0078125 0.015625 -0.03125 0.0625 -0.125 0.001953125 -0.00390625 0.0078125 -0.015625 0.03125 -0.0625 0.125 -0.001953125 0.00390625 -0.0078125 0.015625
0.00048828125 -0.0009765625 0.001953125 -0.00390625 0.0078125 -0.015625 0.03125 -0.00048828125 0.0009765625 -0.001953125 0.00390625 -0.0078125 0.015625 -0.03125 0.00048828125 -0.0009765625 0.001953125 -0.00390625 0.0078125 -0.015625 0.03125 -0.00048828125 0.0009765625 -0.001953125 0.00390625 -0.0078125 0.015625 -0.03125 0.00048828125 -0.0009765625 0.001953125 -0.00390625 0.0078125 -0.015625 0.03125 -0.00048828125 0.0009765625 -0.001953125 0.00390625 -0.0078125 0.015625 -0.03125 0.00048828125 -0.0009765625 0.001953125 -0.00390625 0.0078125 -0.015625 0.03125 -0.00048828125 0.0009765625 -0.001953125 0.00390625 -0.0078125 0.015625 -0.03125 0.00048828125 -0.0009765625 0.001953125 -0.00390625 0.0078125 -0.015625 0.03125 -0.00048828125 0.0009765625 -0.001953125 0.00390625 -0.0078125 0.015625 -0.03125 0.00048828125 -0.0009765625 0.001953125 -0.00390625 0.0078125 -0.015625 0.03125 -0.00048828125 0.0009765625 -0.001953125 0.00390625 -0.0078125 0.015625 -0.03125 0.00048828125 -0.0009765625 0.001953125 -0.00390625 0.0078125 -0.015625 0.03125 -0.00048828125 0.0009765625 -0.001953125 0.00390625 -0.0078125 0.015625 -0.03125 0.00048828125 -0.0009765625 0.001953125 -0.00390625 0.0078125 -0.015625 0.03125 -0.00048828125 0.0009765625 -0.001953125 0.00390625 -0.0078125 0.015625 -0.03125 0.00048828125 -0.0009765625 0.001953125 -0.00390625 0.0078125 -0.015625 0.03125 -0.00048828125 0.0009765625 -0.001953125 0.00390625 -0.0078125 0.015625 -0.03125 0.00048828125 -0.0009765625 0.001953125 -0.00390625 0.0078125 -0.015625 0.03125 -0.00048828125 0.0009765625 -0.001953125 0.00390625 -0.0078125 8.015625 -0.03125 0.00048828125 -0.0009765625 0.001953125 -0.00390625 0.0078125 -0.015625 0.03125 -0.00048828125 0.0009765625 -0.001953125 0.00390625 -0.0078125 0.015625 -0.03125 0.00048828125 -0.0009765625 0.001953125 -0.00390625 0.0078125 -0.015625 0.03125 -0.00048828125 0.0009765625 -0.001953125 0.00390625 -0.0078125 0.015625 -0.03125 0.00048828125 -0.0009765625 0.001953125 -0.00390625 0.0078125 -0.015625 0.03125 -0.00048828125 0.0009765625 -0.001953125 0.00390625 -0.0078125 0.015625 -0.03125 0.00048828125 -0.0009765625 0.001953125 -0.00390625 0.0078125 -0.015625 0.03125 -0.00048828125 0.0009765625 -0.001953125 0.00390625 -0.0078125 0.015625 -0.03125 0.00048828125 -0.0009765625 0.001953125 -0.00390625 0.0078125 -0.015625 0.03125 -0.00048828125 0.0009765625 -0.001953125 0.00390625 -0.0078125 0.015625 -0.03125 0.00048828125 -0.0009765625 0.001953125 -0.00390625 0.0078125 -0.015625 0.03125 -0.00048828125 0.0009765625 -0.001953125 0.00390625 -0.0078125 0.015625 -0.03125 0.00048828125 -0.0009765625 0.001953125 -0.00390625 0.0078125 -0.015625 0.03125 -0.00048828125 0.0009765625 -0.001953125 0.00390625 -0.0078125 0.015625 -0.03125 0.00048828125 -0.0009765625 0.001953125 -0.00390625 0.0078125 -0.015625 0.03125 -0.00048828125 0.0009765625 -0.001953125 0.00390625 -0.0078125 0.015625 -0.03125 0.00048828125 -0.0009765625 0.001953125 -0.00390625
-0.0009765625 0.001953125 -0.00390625 0.0078125 -0.015625 0.03125 -0.0625 0.0009765625 -0.001953125 0.00390625 -0.0078125 0.015625 -0.03125 0.0625 -0.0009765625 0.001953125 -0.00390625 0.0078125 -0.015625 0.03125 -0.0625 0.0009765625 -0.001953125 0.00390625 -0.0078125 0.015625 -0.03125 0.0625 -0.0009765625 0.001953125 -0.00390625 0.0078125 -0.015625 0.03125 -0.0625 0.0009765625 -0.001953125 0.00390625 -0.0078125 0.015625 -0.03125 0.0625 -0.0009765625 0.001953125 -0.00390625 0.0078125 -0.015625 0.03125 -0.0625 0.0009765625 -0.001953125 0.00390625 -0.0078125 0.015625 -0.03125 0.0625 -0.0009765625 0.001953125 -0.00390625 0.0078125 -0.015625 0.03125 -0.0625 0.0009765625 -0.001953125 0.00390625 -0.0078125 0.015625 -0.03125 0.0625 -0.0009765625 0.001953125 -0.00390625 0.0078125 -0.015625 0.03125 -0.0625 0.0009765625 -0.001953125 0.00390625 -0.0078125 0.015625 -0.03125 0.0625 -0.0009765625 0.001953125 -0.00390625 0.0078125 -0.015625 0.03125 -0.0625 0.0009765625 -0.001953125 0.00390625 -0.0078125 0.015625 -0.03125 0.0625 -0.0009765625 0.001953125 -0.00390625 0.0078125 -0.015625 0.03125 -0.0625 0.0009765625 -0.001953125 0.00390625 -0.0078125 0.015625 -0.03125 0.0625 -0.0009765625 0.001953125 -0.00390625 0.0078125 -0.015625 0.03125 -0.0625 0.0009765625 -0.001953125 0.00390625 -0.0078125 0.015625 -0.03125 0.0625 -0.0009765625 0.001953125 -0.00390625 0.0078125 -0.015625 0.03125 -0.0625 0.0009765625 -0.001953125 0.00390625 -0.0078125 0.015625 -0.03125 32.0625 -0.0009765625 0.001953125 -0.00390625 0.0078125 -0.015625 0.03125 -0.0625 0.0009765625 -0.001953125 0.00390625 -0.0078125 0.015625 -0.03125 0.0625 -0.0009765625 0.001953125 -0.00390625 0.0078125 -0.015625 0.03125 -0.0625 0.0009765625 -0.001953125 0.00390625 -0.0078125 0.015625 -0.03125 0.0625 -0.0009765625 0.001953125 -0.00390625 0.0078125 -0.015625 0.03125 -0.0625 0.0009765625 -0.001953125 0.00390625 -0.0078125 0.015625 -0.03125 0.0625 -0.0009765625 0.001953125 -0.00390625 0.0078125 -0.015625 0.03125 -0.0625 0.0009765625 -0.001953125 0.00390625 -0.0078125 0.015625 -0.03125 0.0625 -0.0009765625 0.001953125 -0.00390625 0.0078125 -0.015625 0.03125 -0.0625 0.0009765625 -0.001953125 0.00390625 -0.0078125 0.015625 -0.03125 0.0625 -0.0009765625 0.001953125 -0.00390625 0.0078125 -0.015625 0.03125 -0.0625 0.0009765625 -0.001953125 0.00390625 -0.0078125 0.015625 -0.03125 0.0625 -0.0009765625 0.001953125 -0.00390625 0.0078125 -0.015625 0.03125 -0.0625 0.0009765625 -0.001953125 0.00390625 -0.0078125 0.015625 -0.03125 0.0625 -0.0009765625 0.001953125 -0.00390625 0.0078125 -0.015625 0.03125 -0.0625 0.0009765625 -0.001953125 0.00390625 -0.0078125 0.015625 -0.03125 0.0625 -0.0009765625 0.001953125 -0.00390625 0.0078125
0.001953125 -0.00390625 0.0078125 -0.015625 0.03125 -0.0625 0.125 -0.001953125 0.00390625 -0.0078125 0.015625 -0.03125 0.0625 -0.125 0.001953125 -0.00390625 0.0078125 -0.015625 0.03125 -0.0625 0.125 -0.001953125 0.00390625 -0.0078125 0.015625 -0.03125 0.0625 -0.125 0.001953125 -0.00390625 0.0078125 -0.015625 0.03125 -0.0625 0.125 -0.001953125 0.00390625 -0.0078125 0.015625 -0.03125 0.0625 -0.125 0.001953125 -0.00390625 0.0078125 -0.015625 0.03125 -0.0625 0.125 -0.001953125 0.00390625 -0.0078125 0.015625 -0.03125 0.0625 -0.125 0.001953125 -0.00390625 0.0078125 -0.015625 0.03125 -0.0625 0.125 -0.001953125 0.00390625 -0.0078125 0.015625 -0.03125 0.0625 -0.125 0.001953125 -0.00390625 0.0078125 -0.015625 0.03125 -0.0625 0.125 -0.001953125 0.00390625 -0.0078125 0.015625 -0.03125 0.0625 -0.125 0.001953125 -0.00390625 0.0078125 -0.015625 0.03125 -0.0625 0.125 -0.001953125 0.00390625 -0.0078125 0.015625 -0.03125 0.0625 -0.125 0.001953125 -0.00390625 0.0078125 -0.015625 0.03125 -0.0625 0.125 -0.001953125 0.00390625 -0.0078125 0.015625 -0.03125 0.0625 -0.125 0.001953125 -0.00390625 0.0078125 -0.015625 0.03125 -0.0625 0.125 -0.001953125 0.00390625 -0.0078125 0.015625 -0.03125 0.0625 -0.125 0.001953125 -0.00390625 0.0078125 -0.015625 0.03125 -0.0625 0.125 -0.001953125 0.00390625 -0.0078125 0.015625 -0.03125 0.0625 -0.125 1.001953125 -0.00390625 0.0078125 -0.015625 0.03125 -0.0625 0.125 -0.001953125 0.00390625 -0.0078125 0.015625 -0.03125 0.0625 -0.125 0.001953125 -0.00390625 0.0078125 -0.015625 0.03125 -0.0625 0.125 -0.001953125 0.00390625 -0.0078125 0.015625 -0.03125 0.0625 -0.125 0.001953125 -0.00390625 0.0078125 -0.015625 0.03125 -0.0625 0.125 -0.001953125 0.00390625 -0.0078125 0.015625 -0.03125 0.0625 -0.125 0.001953125 -0.00390625 0.0078125 -0.015625 0.03125 -0.0625 0.125 -0.001953125 0.00390625 -0.0078125 0.015625 -0.03125 0.0625 -0.125 0.001953125 -0.00390625 0.0078125 -0.015625 0.03125 -0.0625 0.125 -0.001953125 0.00390625 -0.0078125 0.015625 -0.03125 0.0625 -0.125 0.001953125 -0.00390625 0.0078125 -0.015625 0.03125 -0.0625 0.125 -0.001953125 0.00390625 -0.0078125 0.015625 -0.03125 0.0625 -0.125 0.001953125 -0.00390625 0.0078125 -0.015625 0.03125 -0.0625 0.125 -0.001953125 0.00390625 -0.0078125 0.015625 -0.03125 0.0625 -0.125 0.001953125 -0.00390625 0.0078125 -0.015625 0.03125 -0.0625 0.125 -0.001953125 0.00390625 -0.0078125 0.015625 -0.03125 0.0625 -0.125 0.001953125 -0.00390625 0.0078125 -0.015625
-0.00048828125 0.0009765625 -0.001953125 0.00390625 -0.0078125 0.015625 -0.03125 0.00048828125 -0.0009765625 0.001953125 -0.00390625 0.0078125 -0.015625 0.03125 -0.00048828125 0.0009765625 -0.001953125 0.00390625 -0.0078125 0.015625 -0.03125 0.00048828125 -0.0009765625 0.001953125 -0.00390625 0.0078125 -0.015625 0.03125 -0.00048828125 0.0009765625 -0.001953125 0.00390625 -0.0078125 0.015625 -0.03125 0.00048828125 -0.0009765625 0.001953125 -0.00390625 0.0078125 -0.015625 0.03125 -0.00048828125 0.0009765625 -0.001953125 0.00390625 -0.0078125 0.015625 -0.03125 0.00048828125 -0.0009765625 0.001953125 -0.00390625 0.0078125 -0.015625 0.03125 -0.00048828125 0.0009765625 -0.001953125 0.00390625 -0.0078125 0.015625 -0.03125 0.00048828125 -0.0009765625 0.001953125 -0.00390625 0.0078125 -0.015625 0.03125 -0.00048828125 0.0009765625 -0.001953125 0.00390625 -0.0078125 0.015625 -0.03125 0.00048828125 -0.0009765625 0.001953125 -0.00390625 0.0078125 -0.015625 0.03125 -0.00048828125 0.0009765625 -0.001953125 0.00390625 -0.0078125 0.015625 -0.03125 0.00048828125 -0.0009765625 0.001953125 -0.00390625 0.0078125 -0.015625 0.03125 -0.00048828125 0.0009765625 -0.001953125 0.00390625 -0.0078125 0.015625 -0.03125 0.00048828125 -0.0009765625 0.001953125 -0.00390625 0.0078125 -0.015625 0.03125 -0.00048828125 0.0009765625 -0.001953125 0.00390625 -0.0078125 0.015625 -0.03125 0.00048828125 -0.0009765625 0.001953125 -0.00390625 0.0078125 -0.015625 0.03125 -0.00048828125 0.0009765625 -0.001953125 0.00390625 -0.0078125 0.015625 -0.03125 0.00048828125 -0.0009765625 0.001953125 -0.00390625 0.0078125 -0.015625 0.03125 -0.00048828125 0.5009765625 -0.001953125 0.00390625 -0.0078125 0.015625 -0.03125 0.00048828125 -0.0009765625 0.001953125 -0.00390625 0.0078125 -0.015625 0.03125 -0.00048828125 0.0009765625 -0.001953125 0.00390625 -0.0078125 0.015625 -0.03125 0.00048828125 -0.0009765625 0.001953125 -0.00390625 0.0078125 -0.015625 0.03125 -0.00048828125 0.0009765625 -0.001953125 0.00390625 -0.0078125 0.015625 -0.03125 0.00048828125 -0.0009765625 0.001953125 -0.00390625 0.0078125 -0.015625 0.03125 -0.00048828125 0.0009765625 -0.001953125 0.00390625 -0.0078125 0.015625 -0.03125 0.00048828125 -0.0009765625 0.001953125 -0.00390625 0.0078125 -0.015625 0.03125 -0.00048828125 0.0009765625 -0.001953125 0.00390625 -0.0078125 0.015625 -0.03125 0.00048828125 -0.0009765625 0.001953125 -0.00390625 0.0078125 -0.015625 0.03125 -0.00048828125 0.0009765625 -0.001953125 0.00390625 -0.0078125 0.015625 -0.03125 0.00048828125 -0.0009765625 0.001953125 -0.00390625 0.0078125 -0.015625 0.03125 -0.00048828125 0.0009765625 -0.001953125 0.00390625 -0.0078125 0.015625 -0.03125 0.00048828125 -0.0009765625 0.001953125 -0.00390625 0.0078125 -0.015625 0.03125 -0.00048828125 0.0009765625 -0.001953125 0.00390625 -0.0078125 0.015625 -0.03125 0.00048828125 -0.0009765625 0.001953125 -0.00390625 0.0078125 -0.015625 0.03125 -0.00048828125 0.0009765625 -0.001953125 0.00390625
0.0009765625 -0.001953125 0.00390625 -0.0078125 0.015625 -0.03125 0.0625 -0.0009765625 0.001953125 -0.00390625 0.0078125 -0.015625 0.03125 -0.0625 0.0009765625 -0.001953125 0.00390625 -0.0078125 0.015625 -0.03125 0.0625 -0.0009765625 0.001953125 -0.00390625 0.0078125 -0.015625 0.03125 -0.0625 0.0009765625 -0.001953125 0.00390625 -0.0078125 0.015625 -0.03125 0.0625 -0.0009765625 0.001953125 -0.00390625 0.0078125 -0.015625 0.03125 -0.0625 0.0009765625 -0.001953125 0.00390625 -0.0078125 0.015625 -0.03125 0.0625 -0.0009765625 0.001953125 -0.00390625 0.0078125 -0.015625 0.03125 -0.0625 0.0009765625 -0.001953125 0.00390625 -0.0078125 0.015625 -0.03125 0.0625 -0.0009765625 0.001953125 -0.00390625 0.0078125 -0.015625 0.03125 -0.0625 0.0009765625 -0.001953125 0.00390625 -0.0078125 0.015625 -0.03125 0.0625 -0.0009765625 0.001953125 -0.00390625 0.0078125 -0.015625 0.03125 -0.0625 0.0009765625 -0.001953125 0.00390625 -0.0078125 0.015625 -0.03125 0.0625 -0.0009765625 0.001953125 -0.00390625 0.0078125 -0.015625 0.03125 -0.0625 0.0009765625 -0.001953125 0.00390625 -0.0078125 0.015625 -0.03125 0.0625 -0.0009765625 0.001953125 -0.00390625 0.0078125 -0.015625 0.03125 -0.0625 0.0009765625 -0.001953125 0.00390625 -0.0078125 0.015625 -0.03125 0.0625 -0.0009765625 0.001953125 -0.00390625 0.0078125 -0.015625 0.03125 -0.0625 0.0009765625 -0.001953125 0.00390625 -0.0078125 0.015625 -0.03125 0.0625 -0.0009765625 0.001953125 -0.00390625 0.0078125 -0.015625 0.03125 -0.0625 0.0009765625 -0.001953125 2.00390625 -0.0078125 0.015625 -0.03125 0.0625 -0.0009765625 0.001953125 -0.00390625 0.0078125 -0.015625 0.03125 -0.0625 0.0009765625 -0.001953125 0.00390625 -0.0078125 0.015625 -0.03125 0.0625 -0.0009765625 0.001953125 -0.00390625 0.0078125 -0.015625 0.03125 -0.0625 0.0009765625 -0.001953125 0.00390625 -0.0078125 0.015625 -0.03125 0.0625 -0.0009765625 0.001953125 -0.00390625 0.0078125 -0.015625 0.03125 -0.0625 0.0009765625 -0.001953125 0.00390625 -0.0078125 0.015625 -0.03125 0.0625 -0.0009765625 0.001953125 -0.00390625 0.0078125 -0.015625 0.03125 -0.0625 0.0009765625 -0.001953125 0.00390625 -0.0078125 0.015625 -0.03125 0.0625 -0.0009765625 0.001953125 -0.00390625 0.0078125 -0.015625 0.03125 -0.0625 0.0009765625 -0.001953125 0.00390625 -0.0078125 0.015625 -0.03125 0.0625 -0.0009765625 0.001953125 -0.00390625 0.0078125 -0.015625 0.03125 -0.0625 0.0009765625 -0.001953125 0.00390625 -0.0078125 0.015625 -0.03125 0.0625 -0.0009765625 0.001953125 -0.00390625 0.0078125 -0.015625 0.03125 -0.0625 0.0009765625 -0.001953125 0.00390625 -0.0078125 0.015625 -0.03125 0.0625 -0.0009765625 0.001953125 -0.00390625 0.0078125 -0.015625 0.03125 -0.0625 0.0009765625 -0.001953125 0.00390625 -0.0078125
-0.001953125 0.00390625 -0.0078125 0.015625 -0.03125 0.0625 -0.125 0.001953125 -0.00390625 0.0078125 -0.015625 0.03125 -0.0625 0.125 -0.001953125 0.00390625 -0.0078125 0.015625 -0.03125 0.0625 -0.125 0.001953125 -0.00390625 0.0078125 -0.015625 0.03125 -0.0625 0.125 -0.001953125 0.00390625 -0.0078125 0.015625 -0.03125 0.0625 -0.125 0.001953125 -0.00390625 0.0078125 -0.015625 0.03125 -0.0625 0.125 -0.001953125 0.00390625 -0.0078125 0.015625 -0.03125 0.0625 -0.125 0.001953125 -0.00390625 0.0078125 -0.015625 0.03125 -0.0625 0.125 -0.001953125 0.00390625 -0.0078125 0.015625 -0.03125 0.0625 -0.125 0.001953125 -0.00390625 0.0078125 -0.015625 0.03125 -0.0625 0.125 -0.001953125 0.00390625 -0.0078125 0.015625 -0.03125 0.0625 -0.125 0.001953125 -0.00390625 0.0078125 -0.015625 0.03125 -0.0625 0.125 -0.001953125 0.00390625 -0.0078125 0.015625 -0.03125 0.0625 -0.125 0.001953125 -0.00390625 0.0078125 -0.015625 0.03125 -0.0625 0.125 -0.001953125 0.00390625 -0.0078125 0.015625 -0.03125 0.0625 -0.125 0.001953125 -0.00390625 0.0078125 -0.015625 0.03125 -0.0625 0.125 -0.001953125 0.00390625 -0.0078125 0.015625 -0.03125 0.0625 -0.125 0.001953125 -0.00390625 0.0078125 -0.015625 0.03125 -0.0625 0.125 -0.001953125 0.00390625 -0.0078125 0.015625 -0.03125 0.0625 -0.125 0.001953125 -0.00390625 0.0078125 -0.015625 0.03125 -0.0625 0.125 -0.001953125 0.00390625 -0.0078125 8.015625 -0.03125 0.0625 -0.125 0.001953125 -0.00390625 0.0078125 -0.015625 0.03125 -0.0625 0.125 -0.001953125 0.00390625 -0.0078125 0.015625 -0.03125 0.0625 -0.125 0.001953125 -0.00390625 0.0078125 -0.015625 0.03125 -0.0625 0.125 -0.001953125 0.00390625 -0.0078125 0.015625 -0.03125 0.0625 -0.125 0.001953125 -0.00390625 0.0078125 -0.015625 0.03125 -0.0625 0.125 -0.001953125 0.00390625 -0.0078125 0.015625 -0.03125 0.0625 -0.125 0.001953125 -0.00390625 0.0078125 -0.015625 0.03125 -0.0625 0.125 -0.001953125 0.00390625 -0.0078125 0.015625 -0.03125 0.0625 -0.125 0.001953125 -0.00390625 0.0078125 -0.015625 0.03125 -0.0625 0.125 -0.001953125 0.00390625 -0.0078125 0.015625 -0.03125 0.0625 -0.125 0.001953125 -0.00390625 0.0078125 -0.015625 0.03125 -0.0625 0.125 -0.001953125 0.00390625 -0.0078125 0.015625 -0.03125 0.0625 -0.125 0.001953125 -0.00390625 0.0078125 -0.015625 0.03125 -0.0625 0.125 -0.001953125 0.00390625 -0.0078125 0.015625 -0.03125 0.0625 -0.125 0.001953125 -0.00390625 0.0078125 -0.015625 0.03125 -0.0625 0.125 -0.001953125 0.00390625 -0.0078125 0.015625
0.00048828125 -0.0009765625 0.001953125 -0.00390625 0.0078125 -0.015625 0.03125 -0.00048828125 0.0009765625 -0.001953125 0.00390625 -0.0078125 0.015625 -0.03125 0.00048828125 -0.0009765625 0.001953125 -0.00390625 0.0078125 -0.015625 0.03125 -0.00048828125 0.0009765625 -0.001953125 0.00390625 -0.0078125 0.015625 -0.03125 0.00048828125 -0.0009765625 0.001953125 -0.00390625 0.0078125 -0.015625 0.03125 -0.00048828125 0.0009765625 -0.001953125 0.00390625 -0.0078125 0.015625 -0.03125 0.00048828125 -0.0009765625 0.001953125 -0.00390625 0.0078125 -0.015625 0.03125 -0.00048828125 0.0009765625 -0.001953125 0.00390625 -0.0078125 0.015625 -0.03125 0.00048828125 -0.0009765625 0.001953125 -0.00390625 0.0078125 -0.015625 0.03125 -0.00048828125 0.0009765625 -0.001953125 0.00390625 -0.0078125 0.015625 -0.03125 0.00048828125 -0.0009765625 0.001953125 -0.00390625 0.0078125 -0.015625 0.03125 -0.00048828125 0.0009765625 -0.001953125 0.00390625 -0.0078125 0.015625 -0.03125 0.00048828125 -0.0009765625 0.001953125 -0.00390625 0.0078125 -0.015625 0.03125 -0.00048828125 0.0009765625 -0.001953125 0.00390625 -0.0078125 0.015625 -0.03125 0.00048828125 -0.0009765625 0.001953125 -0.00390625 0.0078125 -0.015625 0.03125 -0.00048828125 0.0009765625 -0.001953125 0.00390625 -0.0078125 0.015625 -0.03125 0.00048828125 -0.0009765625 0.001953125 -0.00390625 0.0078125 -0.015625 0.03125 -0.00048828125 0.0009765625 -0.001953125 0.00390625 -0.0078125 0.015625 -0.03125 0.00048828125 -0.0009765625 0.001953125 -0.00390625 0.0078125 -0.015625 0.03125 -0.00048828125 0.0009765625 -0.001953125 0.00390625 -0.0078125 0.015625 -0.03125 0.00048828125 -0.0009765625 0.001953125 -0.00390625 4.0078125 -0.015625 0.03125 -0.00048828125 0.0009765625 -0.001953125 0.00390625 -0.0078125 0.015625 -0.03125 0.00048828125 -0.0009765625 0.001953125 -0.00390625 0.0078125 -0.015625 0.03125 -0.00048828125 0.0009765625 -0.001953125 0.00390625 -0.0078125 0.015625 -0.03125 0.00048828125 -0.0009765625 0.001953125 -0.00390625 0.0078125 -0.015625 0.03125 -0.00048828125 0.0009765625 -0.001953125 0.00390625 -0.0078125 0.015625 -0.03125 0.00048828125 -0.0009765625 0.001953125 -0.00390625 0.0078125 -0.015625 0.03125 -0.00048828125 0.0009765625 -0.001953125 0.00390625 -0.0078125 0.015625 -0.03125 0.00048828125 -0.0009765625 0.001953125 -0.00390625 0.0078125 -0.015625 0.03125 -0.00048828125 0.0009765625 -0.001953125 0.00390625 -0.0078125 0.015625 -0.03125 0.00048828125 -0.0009765625 0.001953125 -0.00390625 0.0078125 -0.015625 0.03125 -0.00048828125 0.0009765625 -0.001953125 0.00390625 -0.0078125 0.015625 -0.03125 0.00048828125 -0.0009765625 0.001953125 -0.00390625 0.0078125 -0.015625 0.03125 -0.00048828125 0.0009765625 -0.001953125 0.00390625 -0.0078125 0.015625 -0.03125 0.00048828125 -0.0009765625 0.001953125 -0.00390625 0.0078125 -0.015625 0.03125 -0.00048828125 0.0009765625 -0.001953125 0.00390625 -0.0078125 0.015625 -0.03125 0.00048828125 -0.0009765625 0.001953125 -0.00390625
-0.0009765625 0.001953125 -0.00390625 0.0078125 -0.015625 0.03125 -0.0625 0.0009765625 -0.001953125 0.00390625 -0.0078125 0.015625 -0.03125 0.0625 -0.0009765625 0.001953125 -0.00390625 0.0078125 -0.015625 0.03125 -0.0625 0.0009765625 -0.001953125 0.00390625 -0.0078125 0.015625 -0.03125 0.0625 -0.0009765625 0.001953125 -0.00390625 0.0078125 -0.015625 0.03125 -0.0625 0.0009765625 -0.001953125 0.00390625 -0.0078125 0.015625 -0.03125 0.0625 -0.0009765625 0.001953125 -0.00390625 0.0078125 -0.015625 0.03125 -0.0625 0.0009765625 -0.001953125 0.00390625 -0.0078125 0.015625 -0.03125 0.0625 -0.0009765625 0.001953125 -0.00390625 0.0078125 -0.015625 0.03125 -0.0625 0.0009765625 -0.001953125 0.00390625 -0.0078125 0.015625 -0.03125 0.0625 -0.0009765625 0.001953125 -0.00390625 0.0078125 -0.015625 0.03125 -0.0625 0.0009765625 -0.001953125 0.00390625 -0.0078125 0.015625 -0.03125 0.0625 -0.0009765625 0.001953125 -0.00390625 0.0078125 -0.015625 0.03125 -0.0625 0.0009765625 -0.001953125 0.00390625 -0.0078125 0.015625 -0.03125 0.0625 -0.0009765625 0.001953125 -0.00390625 0.0078125 -0.015625 0.03125 -0.0625 0.0009765625 -0.001953125 0.00390625 -0.0078125 0.015625 -0.03125 0.0625 -0.0009765625 0.001953125 -0.00390625 0.0078125 -0.015625 0.03125 -0.0625 0.0009765625 -0.001953125 0.00390625 -0.0078125 0.015625 -0.03125 0.0625 -0.0009765625 0.001953125 -0.00390625 0.0078125 -0.015625 0.03125 -0.0625 0.0009765625 -0.001953125 0.00390625 -0.0078125 0.015625 -0.03125 0.0625 -0.0009765625 0.001953125 -0.00390625 0.0078125 -0.015625 16.03125 -0.0625 0.0009765625 -0.001953125 0.00390625 -0.0078125 0.015625 -0.03125 0.0625 -0.0009765625 0.001953125 -0.00390625 0.0078125 -0.015625 0.03125 -0.0625 0.0009765625 -0.001953125 0.00390625 -0.0078125 0.015625 -0.03125 0.0625 -0.0009765625 0.001953125 -0.00390625 0.0078125 -0.015625 0.03125 -0.0625 0.0009765625 -0.001953125 0.00390625 -0.0078125 0.015625 -0.03125 0.0625 -0.0009765625 0.001953125 -0.00390625 0.0078125 -0.015625 0.03125 -0.0625 0.0009765625 -0.001953125 0.00390625 -0.0078125 0.015625 -0.03125 0.0625 -0.0009765625 0.001953125 -0.00390625 0.0078125 -0.015625 0.03125 -0.0625 0.0009765625 -0.001953125 0.00390625 -0.0078125 0.015625 -0.03125 0.0625 -0.0009765625 0.001953125 -0.00390625 0.0078125 -0.015625 0.03125 -0.0625 0.0009765625 -0.001953125 0.00390625 -0.0078125 0.015625 -0.03125 0.0625 -0.0009765625 0.001953125 -0.00390625 0.0078125 -0.015625 0.03125 -0.0625 0.0009765625 -0.001953125 0.00390625 -0.0078125 0.015625 -0.03125 0.0625 -0.0009765625 0.001953125 -0.00390625 0.0078125 -0.015625 0.03125 -0.0625 0.0009765625 -0.001953125 0.00390625 -0.0078125 0.015625 -0.03125 0.0625 -0.0009765625 0.001953125 -0.00390625 0.0078125
0.001953125 -0.00390625 0.0078125 -0.015625 0.03125 -0.0625 0.125 -0.001953125 0.00390625 -0.0078125 0.015625 -0.03125 0.0625 -0.125 0.001953125 -0.00390625 0.0078125 -0.015625 0.03125 -0.0625 0.125 -0.001953125 0.00390625 -0.0078125 0.015625 -0.03125 0.0625 -0.125 0.001953125 -0.00390625 0.0078125 -0.015625 0.03125 -0.0625 0.125 -0.001953125 0.00390625 -0.0078125 0.015625 -0.03125 0.0625 -0.125 0.001953125 -0.00390625 0.0078125 -0.015625 0.03125 -0.0625 0.125 -0.001953125 0.00390625 -0.0078125 0.015625 -0.03125 0.0625 -0.125 0.001953125 -0.00390625 0.0078125 -0.015625 0.03125 -0.0625 0.125 -0.001953125 0.00390625 -0.0078125 0.015625 -0.03125 0.0625 -0.125 0.001953125 -0.00390625 0.0078125 -0.015625 0.03125 -0.0625 0.125 -0.001953125 0.00390625 -0.0078125 0.015625 -0.03125 0.0625 -0.125 0.001953125 -0.00390625 0.0078125 -0.015625 0.03125 -0.0625 0.125 -0.001953125 0.00390625 -0.0078125 0.015625 -0.03125 0.0625 -0.125 0.001953125 -0.00390625 0.0078125 -0.015625 0.03125 -0.0625 0.125 -0.001953125 0.00390625 -0.0078125 0.015625 -0.03125 0.0625 -0.125 0.001953125 -0.00390625 0.0078125 -0.015625 0.03125 -0.0625 0.125 -0.001953125 0.00390625 -0.0078125 0.015625 -0.03125 0.0625 -0.125 0.001953125 -0.00390625 0.0078125 -0.015625 0.03125 -0.0625 0.125 -0.001953125 0.00390625 -0.0078125 0.015625 -0.03125 0.0625 -0.125 0.001953125 -0.00390625 0.0078125 -0.015625 0.03125 -0.0625 64.125 -0.001953125 0.00390625 -0.0078125 0.015625 -0.03125 0.0625 -0.125 0.001953125 -0.00390625 0.0078125 -0.015625 0.03125 -0.0625 0.125 -0.001953125 0.00390625 -0.0078125 0.015625 -0.03125 0.0625 -0.125 0.001953125 -0.00390625 0.0078125 -0.015625 0.03125 -0.0625 0.125 -0.001953125 0.00390625 -0.0078125 0.015625 -0.03125 0.0625 -0.125 0.001953125 -0.00390625 0.0078125 -0.015625 0.03125 -0.0625 0.125 -0.001953125 0.00390625 -0.0078125 0.015625 -0.03125 0.0625 -0.125 0.001953125 -0.00390625 0.0078125 -0.015625 0.03125 -0.0625 0.125 -0.001953125 0.00390625 -0.0078125 0.015625 -0.03125 0.0625 -0.125 0.001953125 -0.00390625 0.0078125 -0.015625 0.03125 -0.0625 0.125 -0.001953125 0.00390625 -0.0078125 0.015625 -0.03125 0.0625 -0.125 0.001953125 -0.00390625 0.0078125 -0.015625 0.03125 -0.0625 0.125 -0.001953125 0.00390625 -0.0078125 0.015625 -0.03125 0.0625 -0.125 0.001953125 -0.00390625 0.0078125 -0.015625 0.03125 -0.0625 0.125 -0.001953125 0.00390625 -0.0078125 0.015625 -0.03125 0.0625 -0.125 0.001953125 -0.00390625 0.0078125 -0.015625
-0.00048828125 0.0009765625 -0.001953125 0.00390625 -0.0078125 0.015625 -0.03125 0.00048828125 -0.0009765625 0.001953125 -0.00390625 0.0078125 -0.015625 0.03125 -0.00048828125 0.0009765625 -0.001953125 0.00390625 -0.0078125 0.015625 -0.03125 0.00048828125 -0.0009765625 0.001953125 -0.00390625 0.0078125 -0.015625 0.03125 -0.00048828125 0.0009765625 -0.001953125 0.00390625 -0.0078125 0.015625 -0.03125 0.00048828125 -0.0009765625 0.001953125 -0.00390625 0.0078125 -0.015625 0.03125 -0.00048828125 0.0009765625 -0.001953125 0.00390625 -0.0078125 0.015625 -0.03125 0.00048828125 -0.0009765625 0.001953125 -0.00390625 0.0078125 -0.015625 0.03125 -0.00048828125 0.0009765625 -0.001953125 0.00390625 -0.0078125 0.015625 -0.03125 0.00048828125 -0.0009765625 0.001953125 -0.00390625 0.0078125 -0.015625 0.03125 -0.00048828125 0.0009765625 -0.001953125 0.00390625 -0.0078125 0.015625 -0.03125 0.00048828125 -0.0009765625 0.001953125 -0.00390625 0.0078125 -0.015625 0.03125 -0.00048828125 0.0009765625 -0.001953125 0.00390625 -0.0078125 0.015625 -0.03125 0.00048828125 -0.0009765625 0.001953125 -0.00390625 0.0078125 -0.015625 0.03125 -0.00048828125 0.0009765625 -0.001953125 0.00390625 -0.0078125 0.015625 -0.03125 0.00048828125 -0.0009765625 0.001953125 -0.00390625 0.0078125 -0.015625 0.03125 -0.00048828125 0.0009765625 -0.001953125 0.00390625 -0.0078125 0.015625 -0.03125 0.00048828125 -0.0009765625 0.001953125 -0.00390625 0.0078125 -0.015625 0.03125 -0.00048828125 0.0009765625 -0.001953125 0.00390625 -0.0078125 0.015625 -0.03125 0.00048828125 -0.0009765625 0.001953125 -0.00390625 0.0078125 -0.015625 0.03125 -0.00048828125 0.0009765625 -0.001953125 0.00390625 -0.0078125 0.015625 -0.03125 0.25048828125 -0.0009765625 0.001953125 -0.00390625 0.0078125 -0.015625 0.03125 -0.00048828125 0.0009765625 -0.001953125 0.00390625 -0.0078125 0.015625 -0.03125 0.00048828125 -0.0009765625 0.001953125 -0.00390625 0.0078125 -0.015625 0.03125 -0.00048828125 0.0009765625 -0.001953125 0.00390625 -0.0078125 0.015625 -0.03125 0.00048828125 -0.0009765625 0.001953125 -0.00390625 0.0078125 -0.015625 0.03125 -0.00048828125 0.0009765625 -0.001953125 0.00390625 -0.0078125 0.015625 -0.03125 0.00048828125 -0.0009765625 0.001953125 -0.00390625 0.0078125 -0.015625 0.03125 -0.00048828125 0.0009765625 -0.001953125 0.00390625 -0.0078125 0.015625 -0.03125 0.00048828125 -0.0009765625 0.001953125 -0.00390625 0.0078125 -0.015625 0.03125 -0.00048828125 0.0009765625 -0.001953125 0.00390625 -0.0078125 0.015625 -0.03125 0.00048828125 -0.0009765625 0.001953125 -0.00390625 0.0078125 -0.015625 0.03125 -0.00048828125 0.0009765625 -0.001953125 0.00390625 -0.0078125 0.015625 -0.03125 0.00048828125 -0.0009765625 0.001953125 -0.00390625 0.0078125 -0.015625 0.03125 -0.00048828125 0.0009765625 -0.001953125 0.00390625 -0.0078125 0.015625 -0.03125 0.00048828125 -0.0009765625 0.001953125 -0.00390625 0.0078125 -0.015625 0.03125 -0.00048828125 0.0009765625 -0.001953125 0.00390625
0.0009765625 -0.001953125 0.00390625 -0.0078125 0.015625 -0.03125 0.0625 -0.0009765625 0.001953125 -0.00390625 0.0078125 -0.015625 0.03125 -0.0625 0.0009765625 -0.001953125 0.00390625 -0.0078125 0.015625 -0.03125 0.0625 -0.0009765625 0.001953125 -0.00390625 0.0078125 -0.015625 0.03125 -0.0625 0.0009765625 -0.001953125 0.00390625 -0.0078125 0.015625 -0.03125 0.0625 -0.0009765625 0.001953125 -0.00390625 0.0078125 -0.015625 0.03125 -0.0625 0.0009765625 -0.001953125 0.00390625 -0.0078125 0.015625 -0.03125 0.0625 -0.0009765625 0.001953125 -0.00390625 0.0078125 -0.015625 0.03125 -0.0625 0.0009765625 -0.001953125 0.00390625 -0.0078125 0.015625 -0.03125 0.0625 -0.0009765625 0.001953125 -0.00390625 0.0078125 -0.015625 0.03125 -0.0625 0.0009765625 -0.001953125 0.00390625 -0.0078125 0.015625 -0.03125 0.0625 -0.0009765625 0.001953125 -0.00390625 0.0078125 -0.015625 0.03125 -0.0625 0.0009765625 -0.001953125 0.00390625 -0.0078125 0.015625 -0.03125 0.0625 -0.0009765625 0.001953125 -0.00390625 0.0078125 -0.015625 0.03125 -0.0625 0.0009765625 -0.001953125 0.00390625 -0.0078125 0.015625 -0.03125 0.0625 -0.0009765625 0.001953125 -0.00390625 0.0078125 -0.015625 0.03125 -0.0625 0.0009765625 -0.001953125 0.00390625 -0.0078125 0.015625 -0.03125 0.0625 -0.0009765625 0.001953125 -0.00390625 0.0078125 -0.015625 0.03125 -0.0625 0.0009765625 -0.001953125 0.00390625 -0.0078125 0.015625 -0.03125 0.0625 -0.0009765625 0.001953125 -0.00390625 0.0078125 -0.015625 0.03125 -0.0625 0.0009765625 -0.001953125 0.00390625 -0.0078125 0.015625 -0.03125 0.0625 -0.0009765625 1.001953125 -0.00390625 0.0078125 -0.015625 0.03125 -0.0625 0.0009765625 -0.001953125 0.00390625 -0.0078125 0.015625 -0.03125 0.0625 -0.0009765625 0.001953125 -0.00390625 0.0078125 -0.015625 0.03125 -0.0625 0.0009765625 -0.001953125 0.00390625 -0.0078125 0.015625 -0.03125 0.0625 -0.0009765625 0.001953125 -0.00390625 0.0078125 -0.015625 0.03125 -0.0625 0.0009765625 -0.001953125 0.00390625 -0.0078125 0.015625 -0.03125 0.0625 -0.0009765625 0.001953125 -0.00390625 0.0078125 -0.015625 0.03125 -0.0625 0.0009765625 -0.001953125 0.00390625 -0.0078125 0.015625 -0.03125 0.0625 -0.0009765625 0.001953125 -0.00390625 0.0078125 -0.015625 0.03125 -0.0625 0.0009765625 -0.001953125 0.00390625 -0.0078125 0.015625 -0.03125 0.0625 -0.0009765625 0.001953125 -0.00390625 0.0078125 -0.015625 0.03125 -0.0625 0.0009765625 -0.001953125 0.00390625 -0.0078125 0.015625 -0.03125 0.0625 -0.0009765625 0.001953125 -0.00390625 0.0078125 -0.015625 0.03125 -0.0625 0.0009765625 -0.001953125 0.00390625 -0.0078125 0.015625 -0.03125 0.0625 -0.0009765625 0.001953125 -0.00390625 0.0078125 -0.015625 0.03125 -0.0625 0.0009765625 -0.001953125 0.00390625 -0.0078125
-0.001953125 0.00390625 -0.0078125 0.015625 -0.03125 0.0625 -0.125 0.001953125 -0.00390625 0.0078125 -0.015625 0.03125 -0.0625 0.125 -0.001953125 0.00390625 -0.0078125 0.015625 -0.03125 0.0625 -0.125 0.001953125 -0.00390625 0.0078125 -0.015625 0.03125 -0.0625 0.125 -0.001953125 0.00390625 -0.0078125 0.015625 -0.03125 0.0625 -0.125 0.001953125 -0.00390625 0.0078125 -0.015625 0.03125 -0.0625 0.125 -0.001953125 0.00390625 -0.0078125 0.015625 -0.03125 0.0625 -0.125 0.001953125 -0.00390625 0.0078125 -0.015625 0.03125 -0.0625 0.125 -0.001953125 0.00390625 -0.0078125 0.015625 -0.03125 0.0625 -0.125 0.001953125 -0.00390625 0.0078125 -0.015625 0.03125 -0.0625 0.125 -0.001953125 0.00390625 -0.0078125 0.015625 -0.03125 0.0625 -0.125 0.001953125 -0.00390625 0.0078125 -0.015625 0.03125 -0.0625 0.125 -0.001953125 0.00390625 -0.0078125 0.015625 -0.03125 0.0625 -0.125 0.001953125 -0.00390625 0.0078125 -0.015625 0.03125 -0.0625 0.125 -0.001953125 0.00390625 -0.0078125 0.015625 -0.03125 0.0625 -0.125 0.001953125 -0.00390625 0.0078125 -0.015625 0.03125 -0.0625 0.125 -0.001953125 0.00390625 -0.0078125 0.015625 -0.03125 0.0625 -0.125 0.001953125 -0.00390625 0.0078125 -0.015625 0.03125 -0.0625 0.125 -0.001953125 0.00390625 -0.0078125 0.015625 -0.03125 0.0625 -0.125 0.001953125 -0.00390625 0.0078125 -0.015625 0.03125 -0.0625 0.125 -0.001953125 0.00390625 -0.0078125 0.015625 -0.03125 0.0625 -0.125 0.001953125 -0.00390625 4.0078125 -0.015625 0.03125 -0.0625 0.125 -0.001953125 0.00390625 -0.0078125 0.015625 -0.03125 0.0625 -0.125 0.001953125 -0.00390625 0.0078125 -0.015625 0.03125 -0.0625 0.125 -0.001953125 0.00390625 -0.0078125 0.015625 -0.03125 0.0625 -0.125 0.001953125 -0.00390625 0.0078125 -0.015625 0.03125 -0.0625 0.125 -0.001953125 0.00390625 -0.0078125 0.015625 -0.03125 0.0625 -0.125 0.001953125 -0.00390625 0.0078125 -0.015625 0.03125 -0.0625 0.125 -0.001953125 0.00390625 -0.0078125 0.015625 -0.03125 0.0625 -0.125 0.001953125 -0.00390625 0.0078125 -0.015625 0.03125 -0.0625 0.125 -0.001953125 0.00390625 -0.0078125 0.015625 -0.03125 0.0625 -0.125 0.001953125 -0.00390625 0.0078125 -0.015625 0.03125 -0.0625 0.125 -0.001953125 0.00390625 -0.0078125 0.015625 -0.03125 0.0625 -0.125 0.001953125 -0.00390625 0.0078125 -0.015625 0.03125 -0.0625 0.125 -0.001953125 0.00390625 -0.0078125 0.015625 -0.03125 0.0625 -0.125 0.001953125 -0.00390625 0.0078125 -0.015625 0.03125 -0.0625 0.125 -0.001953125 0.00390625 -0.0078125 0.015625
0.00048828125 -0.0009765625 0.001953125 -0.00390625 0.0078125 -0.015625 0.03125 -0.00048828125 0.0009765625 -0.001953125 0.00390625 -0.0078125 0.015625 -0.03125 0.00048828125 -0.0009765625 0.001953125 -0.00390625 0.0078125 -0.015625 0.03125 -0.00048828125 0.0009765625 -0.001953125 0.00390625 -0.0078125 0.015625 -0.03125 0.00048828125 -0.0009765625 0.001953125 -0.00390625 0.0078125 -0.015625 0.03125 -0.00048828125 0.0009765625 -0.001953125 0.00390625 -0.0078125 0.015625 -0.03125 0.00048828125 -0.0009765625 0.001953125 -0.00390625 0.0078125 -0.015625 0.03125 -0.00048828125 0.0009765625 -0.001953125 0.00390625 -0.0078125 0.015625 -0.03125 0.00048828125 -0.0009765625 0.001953125 -0.00390625 0.0078125 -0.015625 0.03125 -0.00048828125 0.0009765625 -0.001953125 0.00390625 -0.0078125 0.015625 -0.03125 0.00048828125 -0.0009765625 0.001953125 -0.00390625 0.0078125 -0.015625 0.03125 -0.00048828125 0.0009765625 -0.001953125 0.00390625 -0.0078125 0.015625 -0.03125 0.00048828125 -0.0009765625 0.001953125 -0.00390625 0.0078125 -0.015625 0.03125 -0.00048828125 0.0009765625 -0.001953125 0.00390625 -0.0078125 0.015625 -0.03125 0.00048828125 -0.0009765625 0.001953125 -0.00390625 0.0078125 -0.015625 0.03125 -0.00048828125 0.0009765625 -0.001953125 0.00390625 -0.0078125 0.015625 -0.03125 0.00048828125 -0.0009765625 0.001953125 -0.00390625 0.0078125 -0.015625 0.03125 -0.00048828125 0.0009765625 -0.001953125 0.00390625 -0.0078125 0.015625 -0.03125 0.00048828125 -0.0009765625 0.001953125 -0.00390625 0.0078125 -0.015625 0.03125 -0.00048828125 0.0009765625 -0.001953125 0.00390625 -0.0078125 0.015625 -0.03125 0.00048828125 -0.0009765625 0.001953125 -0.00390625 0.0078125 -0.015625 0.03125 -0.00048828125 0.0009765625 -0.001953125 2.00390625 -0.0078125 0.015625 -0.03125 0.00048828125 -0.0009765625 0.001953125 -0.00390625 0.0078125 -0.015625 0.03125 -0.00048828125 0.0009765625 -0.001953125 0.00390625 -0.0078125 0.015625 -0.03125 0.00048828125 -0.0009765625 0.001953125 -0.00390625 0.0078125 -0.015625 0.03125 -0.00048828125 0.0009765625 -0.001953125 0.00390625 -0.0078125 0.015625 -0.03125 0.00048828125 -0.0009765625 0.001953125 -0.00390625 0.0078125 -0.015625 0.03125 -0.00048828125 0.0009765625 -0.001953125 0.00390625 -0.0078125 0.015625 -0.03125 0.00048828125 -0.0009765625 0.001953125 -0.00390625 0.0078125 -0.015625 0.03125 -0.00048828125 0.0009765625 -0.001953125 0.00390625 -0.0078125 0.015625 -0.03125 0.00048828125 -0.0009765625 0.001953125 -0.00390625 0.0078125 -0.015625 0.03125 -0.00048828125 0.0009765625 -0.001953125 0.00390625 -0.0078125 0.015625 -0.03125 0.00048828125 -0.0009765625 0.001953125 -0.00390625 0.0078125 -0.015625 0.03125 -0.00048828125 0.0009765625 -0.001953125 0.00390625 -0.0078125 0.015625 -0.03125 0.00048828125 -0.0009765625 0.001953125 -0.00390625 0.0078125 -0.015625 0.03125 -0.00048828125 0.0009765625 -0.001953125 0.00390625 -0.0078125 0.015625 -0.03125 0.00048828125 -0.0009765625 0.001953125 -0.00390625
-0.0009765625 0.001953125 -0.00390625 0.0078125 -0.015625 0.03125 -0.0625 0.0009765625 -0.001953125 0.00390625 -0.0078125 0.015625 -0.03125 0.0625 -0.0009765625 0.001953125 -0.00390625 0.0078125 -0.015625 0.03125 -0.0625 0.0009765625 -0.001953125 0.00390625 -0.0078125 0.015625 -0.03125 0.0625 -0.0009765625 0.001953125 -0.00390625 0.0078125 -0.015625 0.03125 -0.0625 0.0009765625 -0.001953125 0.00390625 -0.0078125 0.015625 -0.03125 0.0625 -0.0009765625 0.001953125 -0.00390625 0.0078125 -0.015625 0.03125 -0.0625 0.0009765625 -0.001953125 0.00390625 -0.0078125 0.015625 -0.03125 0.0625 -0.0009765625 0.001953125 -0.00390625 0.0078125 -0.015625 0.03125 -0.0625 0.0009765625 -0.001953125 0.00390625 -0.0078125 0.015625 -0.03125 0.0625 -0.0009765625 0.001953125 -0.00390625 0.0078125 -0.015625 0.03125 -0.0625 0.0009765625 -0.001953125 0.00390625 -0.0078125 0.015625 -0.03125 0.0625 -0.0009765625 0.001953125 -0.00390625 0.0078125 -0.015625 0.03125 -0.0625 0.0009765625 -0.001953125 0.00390625 -0.0078125 0.015625 -0.03125 0.0625 -0.0009765625 0.001953125 -0.00390625 0.0078125 -0.015625 0.03125 -0.0625 0.0009765625 -0.001953125 0.00390625 -0.0078125 0.015625 -0.03125 0.0625 -0.0009765625 0.001953125 -0.00390625 0.0078125 -0.015625 0.03125 -0.0625 0.0009765625 -0.001953125 0.00390625 -0.0078125 0.015625 -0.03125 0.0625 -0.0009765625 0.001953125 -0.00390625 0.0078125 -0.015625 0.03125 -0.0625 0.0009765625 -0.001953125 0.00390625 -0.0078125 0.015625 -0.03125 0.0625 -0.0009765625 0.001953125 -0.00390625 0.0078125 -0.015625 0.03125 -0.0625 0.0009765625 -0.001953125 0.00390625 -0.0078125 8.015625 -0.03125 0.0625 -0.0009765625 0.001953125 -0.00390625 0.0078125 -0.015625 0.03125 -0.0625 0.0009765625 -0.001953125 0.00390625 -0.0078125 0.015625 -0.03125 0.0625 -0.0009765625 0.001953125 -0.00390625 0.0078125 -0.015625 0.03125 -0.0625 0.0009765625 -0.001953125 0.00390625 -0.0078125 0.015625 -0.03125 0.0625 -0.0009765625 0.001953125 -0.00390625 0.0078125 -0.015625 0.03125 -0.0625 0.0009765625 -0.001953125 0.00390625 -0.0078125 0.015625 -0.03125 0.0625 -0.0009765625 0.001953125 -0.00390625 0.0078125 -0.015625 0.03125 -0.0625 0.0009765625 -0.001953125 0.00390625 -0.0078125 0.015625 -0.03125 0.0625 -0.0009765625 0.001953125 -0.00390625 0.0078125 -0.015625 0.03125 -0.0625 0.0009765625 -0.001953125 0.00390625 -0.0078125 0.015625 -0.03125 0.0625 -0.0009765625 0.001953125 -0.00390625 0.0078125 -0.015625 0.03125 -0.0625 0.0009765625 -0.001953125 0.00390625 -0.0078125 0.015625 -0.03125 0.0625 -0.0009765625 0.001953125 -0.00390625 0.0078125 -0.015625 0.03125 -0.0625 0.0009765625 -0.001953125 0.00390625 -0.0078125 0.015625 -0.03125 0.0625 -0.0009765625 0.001953125 -0.00390625 0.0078125
0.001953125 -0.00390625 0.0078125 -0.015625 0.03125 -0.0625 0.125 -0.001953125 0.00390625 -0.0078125 0.015625 -0.03125 0.0625 -0.125 0.001953125 -0.00390625 0.0078125 -0.015625 0.03125 -0.0625 0.125 -0.001953125 0.00390625 -0.0078125 0.015625 -0.03125 0.0625 -0.125 0.001953125 -0.00390625 0.0078125 -0.015625 0.03125 -0.0625 0.125 -0.001953125 0.00390625 -0.0078125 0.015625 -0.03125 0.0625 -0.125 0.001953125 -0.00390625 0.0078125 -0.015625 0.03125 -0.0625 0.125 -0.001953125 0.00390625 -0.0078125 0.015625 -0.03125 0.0625 -0.125 0.001953125 -0.00390625 0.0078125 -0.015625 0.03125 -0.0625 0.125 -0.001953125 0.00390625 -0.0078125 0.015625 -0.03125 0.0625 -0.125 0.001953125 -0.00390625 0.0078125 -0.015625 0.03125 -0.0625 0.125 -0.001953125 0.00390625 -0.0078125 0.015625 -0.03125 0.0625 -0.125 0.001953125 -0.00390625 0.0078125 -0.015625 0.03125 -0.0625 0.125 -0.001953125 0.00390625 -0.0078125 0.015625 -0.03125 0.0625 -0.125 0.001953125 -0.00390625 0.0078125 -0.015625 0.03125 -0.0625 0.125 -0.001953125 0.00390625 -0.0078125 0.015625 -0.03125 0.0625 -0.125 0.001953125 -0.00390625 0.0078125 -0.015625 0.03125 -0.0625 0.125 -0.001953125 0.00390625 -0.0078125 0.015625 -0.03125 0.0625 -0.125 0.001953125 -0.00390625 0.0078125 -0.015625 0.03125 -0.0625 0.125 -0.001953125 0.00390625 -0.0078125 0.015625 -0.03125 0.0625 -0.125 0.001953125 -0.00390625 0.0078125 -0.015625 0.03125 -0.0625 0.125 -0.001953125 0.00390625 -0.0078125 0.015625 -0.03125 32.0625 -0.125 0.001953125 -0.00390625 0.0078125 -0.015625 0.03125 -0.0625 0.125 -0.001953125 0.00390625 -0.0078125 0.015625 -0.03125 0.0625 -0.125 0.001953125 -0.00390625 0.0078125 -0.015625 0.03125 -0.0625 0.125 -0.001953125 0.00390625 -0.0078125 0.015625 -0.03125 0.0625 -0.125 0.001953125 -0.00390625 0.0078125 -0.015625 0.03125 -0.0625 0.125 -0.001953125 0.00390625 -0.0078125 0.015625 -0.03125 0.0625 -0.125 0.001953125 -0.00390625 0.0078125 -0.015625 0.03125 -0.0625 0.125 -0.001953125 0.00390625 -0.0078125 0.015625 -0.03125 0.0625 -0.125 0.001953125 -0.00390625 0.0078125 -0.015625 0.03125 -0.0625 0.125 -0.001953125 0.00390625 -0.0078125 0.015625 -0.03125 0.0625 -0.125 0.001953125 -0.00390625 0.0078125 -0.015625 0.03125 -0.0625 0.125 -0.001953125 0.00390625 -0.0078125 0.015625 -0.03125 0.0625 -0.125 0.001953125 -0.00390625 0.0078125 -0.015625 0.03125 -0.0625 0.125 -0.001953125 0.00390625 -0.0078125 0.015625 -0.03125 0.0625 -0.125 0.001953125 -0.00390625 0.0078125 -0.015625
-0.00048828125 0.0009765625 -0.001953125 0.00390625 -0.0078125 0.015625 -0.03125 0.00048828125 -0.0009765625 0.001953125 -0.00390625 0.0078125 -0.015625 0.03125 -0.00048828125 0.0009765625 -0.001953125 0.00390625 -0.0078125 0.015625 -0.03125 0.00048828125 -0.0009765625 0.001953125 -0.00390625 0.0078125 -0.015625 0.03125 -0.00048828125 0.0009765625 -0.001953125 0.00390625 -0.0078125 0.015625 -0.03125 0.00048828125 -0.0009765625 0.001953125 -0.00390625 0.0078125 -0.015625 0.03125 -0.00048828125 0.0009765625 -0.001953125 0.00390625 -0.0078125 0.015625 -0.03125 0.00048828125 -0.0009765625 0.001953125 -0.00390625 0.0078125 -0.015625 0.03125 -0.00048828125 0.0009765625 -0.001953125 0.00390625 -0.0078125 0.015625 -0.03125 0.00048828125 -0.0009765625 0.001953125 -0.00390625 0.0078125 -0.015625 0.03125 -0.00048828125 0.0009765625 -0.001953125 0.00390625 -0.0078125 0.015625 -0.03125 0.00048828125 -0.0009765625 0.001953125 -0.00390625 0.0078125 -0.015625 0.03125 -0.00048828125 0.0009765625 -0.001953125 0.00390625 -0.0078125 0.015625 -0.03125 0.00048828125 -0.0009765625 0.001953125 -0.00390625 0.0078125 -0.015625 0.03125 -0.00048828125 0.0009765625 -0.001953125 0.00390625 -0.0078125 0.015625 -0.03125 0.00048828125 -0.0009765625 0.001953125 -0.00390625 0.0078125 -0.015625 0.03125 -0.00048828125 0.0009765625 -0.001953125 0.00390625 -0.0078125 0.015625 -0.03125 0.00048828125 -0.0009765625 0.001953125 -0.00390625 0.0078125 -0.015625 0.03125 -0.00048828125 0.0009765625 -0.001953125 0.00390625 -0.0078125 0.015625 -0.03125 0.00048828125 -0.0009765625 0.001953125 -0.00390625 0.0078125 -0.015625 0.03125 -0.00048828125 0.0009765625 -0.001953125 0.00390625 -0.0078125 0.015625 -0.03125 0.00048828125 -0.0009765625 0.001953125 -0.00390625 0.0078125 -0.015625 16.03125 -0.00048828125 0.0009765625 -0.001953125 0.00390625 -0.0078125 0.015625 -0.03125 0.00048828125 -0.0009765625 0.001953125 -0.00390625 0.0078125 -0.015625 0.03125 -0.00048828125 0.0009765625 -0.001953125 0.00390625 -0.0078125 0.015625 -0.03125 0.00048828125 -0.0009765625 0.001953125 -0.00390625 0.0078125 -0.015625 0.03125 -0.00048828125 0.0009765625 -0.001953125 0.00390625 -0.0078125 0.015625 -0.03125 0.00048828125 -0.0009765625 0.001953125 -0.00390625 0.0078125 -0.015625 0.03125 -0.00048828125 0.0009765625 -0.001953125 0.00390625 -0.0078125 0.015625 -0.03125 0.00048828125 -0.0009765625 0.001953125 -0.00390625 0.0078125 -0.015625 0.03125 -0.00048828125 0.0009765625 -0.001953125 0.00390625 -0.0078125 0.015625 -0.03125 0.00048828125 -0.0009765625 0.001953125 -0.00390625 0.0078125 -0.015625 0.03125 -0.00048828125 0.0009765625 -0.001953125 0.00390625 -0.0078125 0.015625 -0.03125 0.00048828125 -0.0009765625 0.001953125 -0.00390625 0.0078125 -0.015625 0.03125 -0.00048828125 0.0009765625 -0.001953125 0.00390625 -0.0078125 0.015625 -0.03125 0.00048828125 -0.0009765625 0.001953125 -0.00390625 0.0078125 -0.015625 0.03125 -0.00048828125 0.0009765625 -0.001953125 0.00390625
0.0009765625 -0.001953125 0.00390625 -0.0078125 0.015625 -0.03125 0.0625 -0.0009765625 0.001953125 -0.00390625 0.0078125 -0.015625 0.03125 -0.0625 0.0009765625 -0.001953125 0.00390625 -0.0078125 0.015625 -0.03125 0.0625 -0.0009765625 0.001953125 -0.00390625 0.0078125 -0.015625 0.03125 -0.0625 0.0009765625 -0.001953125 0.00390625 -0.0078125 0.015625 -0.03125 0.0625 -0.0009765625 0.001953125 -0.00390625 0.0078125 -0.015625 0.03125 -0.0625 0.0009765625 -0.001953125 0.00390625 -0.0078125 0.015625 -0.03125 0.0625 -0.0009765625 0.001953125 -0.00390625 0.0078125 -0.015625 0.03125 -0.0625 0.0009765625 -0.001953125 0.00390625 -0.0078125 0.015625 -0.03125 0.0625 -0.0009765625 0.001953125 -0.00390625 0.0078125 -0.015625 0.03125 -0.0625 0.0009765625 -0.001953125 0.00390625 -0.0078125 0.015625 -0.03125 0.0625 -0.0009765625 0.001953125 -0.00390625 0.0078125 -0.015625 0.03125 -0.0625 0.0009765625 -0.001953125 0.00390625 -0.0078125 0.015625 -0.03125 0.0625 -0.0009765625 0.001953125 -0.00390625 0.0078125 -0.015625 0.03125 -0.0625 0.0009765625 -0.001953125 0.00390625 -0.0078125 0.015625 -0.03125 0.0625 -0.0009765625 0.001953125 -0.00390625 0.0078125 -0.015625 0.03125 -0.0625 0.0009765625 -0.001953125 0.00390625 -0.0078125 0.015625 -0.03125 0.0625 -0.0009765625 0.001953125 -0.00390625 0.0078125 -0.015625 0.03125 -0.0625 0.0009765625 -0.001953125 0.00390625 -0.0078125 0.015625 -0.03125 0.0625 -0.0009765625 0.001953125 -0.00390625 0.0078125 -0.015625 0.03125 -0.0625 0.0009765625 -0.001953125 0.00390625 -0.0078125 0.015625 -0.03125 0.0625 -0.0009765625 0.001953125 -0.00390625 0.0078125 -0.015625 0.03125 -0.0625 0.5009765625 -0.001953125 0.00390625 -0.0078125 0.015625 -0.03125 0.0625 -0.0009765625 0.001953125 -0.00390625 0.0078125 -0.015625 0.03125 -0.0625 0.0009765625 -0.001953125 0.00390625 -0.0078125 0.015625 -0.03125 0.0625 -0.0009765625 0.001953125 -0.00390625 0.0078125 -0.015625 0.03125 -0.0625 0.0009765625 -0.001953125 0.00390625 -0.0078125 0.015625 -0.03125 0.0625 -0.0009765625 0.001953125 -0.00390625 0.0078125 -0.015625 0.03125 -0.0625 0.0009765625 -0.001953125 0.00390625 -0.0078125 0.015625 -0.03125 0.0625 -0.0009765625 0.001953125 -0.00390625 0.0078125 -0.015625 0.03125 -0.0625 0.0009765625 -0.001953125 0.00390625 -0.0078125 0.015625 -0.03125 0.0625 -0.0009765625 0.001953125 -0.00390625 0.0078125 -0.015625 0.03125 -0.0625 0.0009765625 -0.001953125 0.00390625 -0.0078125 0.015625 -0.03125 0.0625 -0.0009765625 0.001953125 -0.00390625 0.0078125 -0.015625 0.03125 -0.0625 0.0009765625 -0.001953125 0.00390625 -0.0078125 0.015625 -0.03125 0.0625 -0.0009765625 0.001953125 -0.00390625 0.0078125 -0.015625 0.03125 -0.0625 0.0009765625 -0.001953125 0.00390625 -0.0078125
-0.001953125 0.00390625 -0.0078125 0.015625 -0.03125 0.0625 -0.125 0.001953125 -0.00390625 0.0078125 -0.015625 0.03125 -0.0625 0.125 -0.001953125 0.00390625 -0.0078125 0.015625 -0.03125 0.0625 -0.125 0.001953125 -0.00390625 0.0078125 -0.015625 0.03125 -0.0625 0.125 -0.001953125 0.00390625 -0.0078125 0.015625 -0.03125 0.0625 -0.125 0.001953125 -0.00390625 0.0078125 -0.015625 0.03125 -0.0625 0.125 -0.001953125 0.00390625 -0.0078125 0.015625 -0.03125 0.0625 -0.125 0.001953125 -0.00390625 0.0078125 -0.015625 0.03125 -0.0625 0.125 -0.001953125 0.00390625 -0.0078125 0.015625 -0.03125 0.0625 -0.125 0.001953125 -0.00390625 0.0078125 -0.015625 0.03125 -0.0625 0.125 -0.001953125 0.00390625 -0.0078125 0.015625 -0.03125 0.0625 -0.125 0.001953125 -0.00390625 0.0078125 -0.015625 0.03125 -0.0625 0.125 -0.001953125 0.00390625 -0.0078125 0.015625 -0.03125 0.0625 -0.125 0.001953125 -0.00390625 0.0078125 -0.015625 0.03125 -0.0625 0.125 -0.001953125 0.00390625 -0.0078125 0.015625 -0.03125 0.0625 -0.125 0.001953125 -0.00390625 0.0078125 -0.015625 0.03125 -0.0625 0.125 -0.001953125 0.00390625 -0.0078125 0.015625 -0.03125 0.0625 -0.125 0.001953125 -0.00390625 0.0078125 -0.015625 0.03125 -0.0625 0.125 -0.001953125 0.00390625 -0.0078125 0.015625 -0.03125 0.0625 -0.125 0.001953125 -0.00390625 0.0078125 -0.015625 0.03125 -0.0625 0.125 -0.001953125 0.00390625 -0.0078125 0.015625 -0.03125 0.0625 -0.125 0.001953125 -0.00390625 0.0078125 -0.015625 0.03125 -0.0625 0.125 -0.001953125 2.00390625 -0.0078125 0.015625 -0.03125 0.0625 -0.125 0.001953125 -0.00390625 0.0078125 -0.015625 0.03125 -0.0625 0.125 -0.001953125 0.00390625 -0.0078125 0.015625 -0.03125 0.0625 -0.125 0.001953125 -0.00390625 0.0078125 -0.015625 0.03125 -0.0625 0.125 -0.001953125 0.00390625 -0.0078125 0.015625 -0.03125 0.0625 -0.125 0.001953125 -0.00390625 0.0078125 -0.015625 0.03125 -0.0625 0.125 -0.001953125 0.00390625 -0.0078125 0.015625 -0.03125 0.0625 -0.125 0.001953125 -0.00390625 0.0078125 -0.015625 0.03125 -0.0625 0.125 -0.001953125 0.00390625 -0.0078125 0.015625 -0.03125 0.0625 -0.125 0.001953125 -0.00390625 0.0078125 -0.015625 0.03125 -0.0625 0.125 -0.001953125 0.00390625 -0.0078125 0.015625 -0.03125 0.0625 -0.125 0.001953125 -0.00390625 0.0078125 -0.015625 0.03125 -0.0625 0.125 -0.001953125 0.00390625 -0.0078125 0.015625 -0.03125 0.0625 -0.125 0.001953125 -0.00390625 0.0078125 -0.015625 0.03125 -0.0625 0.125 -0.001953125 0.00390625 -0.0078125 0.015625
0.00048828125 -0.0009765625 0.001953125 -0.00390625 0.0078125 -0.015625 0.03125 -0.00048828125 0.0009765625 -0.001953125 0.00390625 -0.0078125 0.015625 -0.03125 0.00048828125 -0.0009765625 0.001953125 -0.00390625 0.0078125 -0.015625 0.03125 -0.00048828125 0.0009765625 -0.001953125 0.00390625 -0.0078125 0.015625 -0.03125 0.00048828125 -0.0009765625 0.001953125 -0.00390625 0.0078125 -0.015625 0.03125 -0.00048828125 0.0009765625 -0.001953125 0.00390625 -0.0078125 0.015625 -0.03125 0.00048828125 -0.0009765625 0.001953125 -0.00390625 0.0078125 -0.015625 0.03125 -0.00048828125 0.0009765625 -0.001953125 0.00390625 -0.0078125 0.015625 -0.03125 0.00048828125 -0.0009765625 0.001953125 -0.00390625 0.0078125 -0.015625 0.03125 -0.00048828125 0.0009765625 -0.001953125 0.00390625 -0.0078125 0.015625 -0.03125 0.00048828125 -0.0009765625 0.001953125 -0.00390625 0.0078125 -0.015625 0.03125 -0.00048828125 0.0009765625 -0.001953125 0.00390625 -0.0078125 0.015625 -0.03125 0.00048828125 -0.0009765625 0.001953125 -0.00390625 0.0078125 -0.015625 0.03125 -0.00048828125 0.0009765625 -0.001953125 0.00390625 -0.0078125 0.015625 -0.03125 0.00048828125 -0.0009765625 0.001953125 -0.00390625 0.0078125 -0.015625 0.03125 -0.00048828125 0.0009765625 -0.001953125 0.00390625 -0.0078125 0.015625 -0.03125 0.00048828125 -0.0009765625 0.001953125 -0.00390625 0.0078125 -0.015625 0.03125 -0.00048828125 0.0009765625 -0.001953125 0.00390625 -0.0078125 0.015625 -0.03125 0.00048828125 -0.0009765625 0.001953125 -0.00390625 0.0078125 -0.015625 0.03125 -0.00048828125 0.0009765625 -0.001953125 0.00390625 -0.0078125 0.015625 -0.03125 0.00048828125 -0.0009765625 0.001953125 -0.00390625 0.0078125 -0.015625 0.03125 -0.00048828125 0.0009765625 -0.001953125 0.00390625 -0.0078125 0.015625 -0.03125 0.00048828125 -0.0009765625 1.001953125 -0.00390625 0.0078125 -0.015625 0.03125 -0.00048828125 0.0009765625 -0.001953125 0.00390625 -0.0078125 0.015625 -0.03125 0.00048828125 -0.0009765625 0.001953125 -0.00390625 0.0078125 -0.015625 0.03125 -0.00048828125 0.0009765625 -0.001953125 0.00390625 -0.0078125 0.015625 -0.03125 0.00048828125 -0.0009765625 0.001953125 -0.00390625 0.0078125 -0.015625 0.03125 -0.00048828125 0.0009765625 -0.001953125 0.00390625 -0.0078125 0.015625 -0.03125 0.00048828125 -0.0009765625 0.001953125 -0.00390625 0.0078125 -0.015625 0.03125 -0.00048828125 0.0009765625 -0.001953125 0.00390625 -0.0078125 0.015625 -0.03125 0.00048828125 -0.0009765625 0.001953125 -0.00390625 0.0078125 -0.015625 0.03125 -0.00048828125 0.0009765625 -0.001953125 0.00390625 -0.0078125 0.015625 -0.03125 0.00048828125 -0.0009765625 0.001953125 -0.00390625 0.0078125 -0.015625 0.03125 -0.00048828125 0.0009765625 -0.001953125 0.00390625 -0.0078125 0.015625 -0.03125 0.00048828125 -0.0009765625 0.001953125 -0.00390625 0.0078125 -0.015625 0.03125 -0.00048828125 0.0009765625 -0.001953125 0.00390625 -0.0078125 0.015625 -0.03125 0.00048828125 -0.0009765625 0.001953125 -0.00390625
-0.0009765625 0.001953125 -0.00390625 0.0078125 -0.015625 0.03125 -0.0625 0.0009765625 -0.001953125 0.00390625 -0.0078125 0.015625 -0.03125 0.0625 -0.0009765625 0.001953125 -0.00390625 0.0078125 -0.015625 0.03125 -0.0625 0.0009765625 -0.001953125 0.00390625 -0.0078125 0.015625 -0.03125 0.0625 -0.0009765625 0.001953125 -0.00390625 0.0078125 -0.015625 0.03125 -0.0625 0.0009765625 -0.001953125 0.00390625 -0.0078125 0.015625 -0.03125 0.0625 -0.0009765625 0.001953125 -0.00390625 0.0078125 -0.015625 0.03125 -0.0625 0.0009765625 -0.001953125 0.00390625 -0.0078125 0.015625 -0.03125 0.0625 -0.0009765625 0.001953125 -0.00390625 0.0078125 -0.015625 0.03125 -0.0625 0.0009765625 -0.001953125 0.00390625 -0.0078125 0.015625 -0.03125 0.0625 -0.0009765625 0.001953125 -0.00390625 0.0078125 -0.015625 0.03125 -0.0625 0.0009765625 -0.001953125 0.00390625 -0.0078125 0.015625 -0.03125 0.0625 -0.0009765625 0.001953125 -0.00390625 0.0078125 -0.015625 0.03125 -0.0625 0.0009765625 -0.001953125 0.00390625 -0.0078125 0.015625 -0.03125 0.0625 -0.0009765625 0.001953125 -0.00390625 0.0078125 -0.015625 0.03125 -0.0625 0.0009765625 -0.001953125 0.00390625 -0.0078125 0.015625 -0.03125 0.0625 -0.0009765625 0.001953125 -0.00390625 0.0078125 -0.015625 0.03125 -0.0625 0.0009765625 -0.001953125 0.00390625 -0.0078125 0.015625 -0.03125 0.0625 -0.0009765625 0.001953125 -0.00390625 0.0078125 -0.015625 0.03125 -0.0625 0.0009765625 -0.001953125 0.00390625 -0.0078125 0.015625 -0.03125 0.0625 -0.0009765625 0.001953125 -0.00390625 0.0078125 -0.015625 0.03125 -0.0625 0.0009765625 -0.001953125 0.00390625 -0.0078125 0.015625 -0.03125 0.0625 -0.0009765625 0.001953125 -0.00390625 4.0078125 -0.015625 0.03125 -0.0625 0.0009765625 -0.001953125 0.00390625 -0.0078125 0.015625 -0.03125 0.0625 -0.0009765625 0.001953125 -0.00390625 0.0078125 -0.015625 0.03125 -0.0625 0.0009765625 -0.001953125 0.00390625 -0.0078125 0.015625 -0.03125 0.0625 -0.0009765625 0.001953125 -0.00390625 0.0078125 -0.015625 0.03125 -0.0625 0.0009765625 -0.001953125 0.00390625 -0.0078125 0.015625 -0.03125 0.0625 -0.0009765625 0.001953125 -0.00390625 0.0078125 -0.015625 0.03125 -0.0625 0.0009765625 -0.001953125 0.00390625 -0.0078125 0.015625 -0.03125 0.0625 -0.0009765625 0.001953125 -0.00390625 0.0078125 -0.015625 0.03125 -0.0625 0.0009765625 -0.001953125 0.00390625 -0.0078125 0.015625 -0.03125 0.0625 -0.0009765625 0.001953125 -0.00390625 0.0078125 -0.015625 0.03125 -0.0625 0.0009765625 -0.001953125 0.00390625 -0.0078125 0.015625 -0.03125 0.0625 -0.0009765625 0.001953125 -0.00390625 0.0078125 -0.015625 0.03125 -0.0625 0.0009765625 -0.001953125 0.00390625 -0.0078125 0.015625 -0.03125 0.0625 -0.0009765625 0.001953125 -0.00390625 0.0078125
0.001953125 -0.00390625 0.0078125 -0.015625 0.03125 -0.0625 0.125 -0.001953125 0.00390625 -0.0078125 0.015625 -0.03125 0.0625 -0.125 0.001953125 -0.00390625 0.0078125 -0.015625 0.03125 -0.0625 0.125 -0.001953125 0.00390625 -0.0078125 0.015625 -0.03125 0.0625 -0.125 0.001953125 -0.00390625 0.0078125 -0.015625 0.03125 -0.0625 0.125 -0.001953125 0.00390625 -0.0078125 0.015625 -0.03125 0.0625 -0.125 0.001953125 -0.00390625 0.0078125 -0.015625 0.03125 -0.0625 0.125 -0.001953125 0.00390625 -0.0078125 0.015625 -0.03125 0.0625 -0.125 0.001953125 -0.00390625 0.0078125 -0.015625 0.03125 -0.0625 0.125 -0.001953125 0.00390625 -0.0078125 0.015625 -0.03125 0.0625 -0.125 0.001953125 -0.00390625 0.0078125 -0.015625 0.03125 -0.0625 0.125 -0.001953125 0.00390625 -0.0078125 0.015625 -0.03125 0.0625 -0.125 0.001953125 -0.00390625 0.0078125 -0.015625 0.03125 -0.0625 0.125 -0.001953125 0.00390625 -0.0078125 0.015625 -0.03125 0.0625 -0.125 0.001953125 -0.00390625 0.0078125 -0.015625 0.03125 -0.0625 0.125 -0.001953125 0.00390625 -0.0078125 0.015625 -0.03125 0.0625 -0.125 0.001953125 -0.00390625 0.0078125 -0.015625 0.03125 -0.0625 0.125 -0.001953125 0.00390625 -0.0078125 0.015625 -0.03125 0.0625 -0.125 0.001953125 -0.00390625 0.0078125 -0.015625 0.03125 -0.0625 0.125 -0.001953125 0.00390625 -0.0078125 0.015625 -0.03125 0.0625 -0.125 0.001953125 -0.00390625 0.0078125 -0.015625 0.03125 -0.0625 0.125 -0.001953125 0.00390625 -0.0078125 0.015625 -0.03125 0.0625 -0.125 0.001953125 -0.00390625 0.0078125 -0.015625 16.03125 -0.0625 0.125 -0.001953125 0.00390625 -0.0078125 0.015625 -0.03125 0.0625 -0.125 0.001953125 -0.00390625 0.0078125 -0.015625 0.03125 -0.0625 0.125 -0.001953125 0.00390625 -0.0078125 0.015625 -0.03125 0.0625 -0.125 0.001953125 -0.00390625 0.0078125 -0.015625 0.03125 -0.0625 0.125 -0.001953125 0.00390625 -0.0078125 0.015625 -0.03125 0.0625 -0.125 0.001953125 -0.00390625 0.0078125 -0.015625 0.03125 -0.0625 0.125 -0.001953125 0.00390625 -0.0078125 0.015625 -0.03125 0.0625 -0.125 0.001953125 -0.00390625 0.0078125 -0.015625 0.03125 -0.0625 0.125 -0.001953125 0.00390625 -0.0078125 0.015625 -0.03125 0.0625 -0.125 0.001953125 -0.00390625 0.0078125 -0.015625 0.03125 -0.0625 0.125 -0.001953125 0.00390625 -0.0078125 0.015625 -0.03125 0.0625 -0.125 0.001953125 -0.00390625 0.0078125 -0.015625 0.03125 -0.0625 0.125 -0.001953125 0.00390625 -0.0078125 0.015625 -0.03125 0.0625 -0.125 0.001953125 -0.00390625 0.0078125 -0.015625
-0.00048828125 0.0009765625 -0.001953125 0.00390625 -0.0078125 0.015625 -0.03125 0.00048828125 -0.0009765625 0.001953125 -0.00390625 0.0078125 -0.015625 0.03125 -0.00048828125 0.0009765625 -0.001953125 0.00390625 -0.0078125 0.015625 -0.03125 0.00048828125 -0.0009765625 0.001953125 -0.00390625 0.0078125 -0.015625 0.03125 -0.00048828125 0.0009765625 -0.001953125 0.00390625 -0.0078125 0.015625 -0.03125 0.00048828125 -0.0009765625 0.001953125 -0.00390625 0.0078125 -0.015625 0.03125 -0.00048828125 0.0009765625 -0.001953125 0.00390625 -0.0078125 0.015625 -0.03125 0.00048828125 -0.0009765625 0.001953125 -0.00390625 0.0078125 -0.015625 0.03125 -0.00048828125 0.0009765625 -0.001953125 0.00390625 -0.0078125 0.015625 -0.03125 0.00048828125 -0.0009765625 0.001953125 -0.00390625 0.0078125 -0.015625 0.03125 -0.00048828125 0.0009765625 -0.001953125 0.00390625 -0.0078125 0.015625 -0.03125 0.00048828125 -0.0009765625 0.001953125 -0.00390625 0.0078125 -0.015625 0.03125 -0.00048828125 0.0009765625 -0.001953125 0.00390625 -0.0078125 0.015625 -0.03125 0.00048828125 -0.0009765625 0.001953125 -0.00390625 0.0078125 -0.015625 0.03125 -0.00048828125 0.0009765625 -0.001953125 0.00390625 -0.0078125 0.015625 -0.03125 0.00048828125 -0.0009765625 0.001953125 -0.00390625 0.0078125 -0.015625 0.03125 -0.00048828125 0.0009765625 -0.001953125 0.00390625 -0.0078125 0.015625 -0.03125 0.00048828125 -0.0009765625 0.001953125 -0.00390625 0.0078125 -0.015625 0.03125 -0.00048828125 0.0009765625 -0.001953125 0.00390625 -0.0078125 0.015625 -0.03125 0.00048828125 -0.0009765625 0.001953125 -0.00390625 0.0078125 -0.015625 0.03125 -0.00048828125 0.0009765625 -0.001953125 0.00390625 -0.0078125 0.015625 -0.03125 0.00048828125 -0.0009765625 0.001953125 -0.00390625 0.0078125 -0.015625 0.03125 -0.00048828125 0.0009765625 -0.001953125 0.00390625 -0.0078125 8.015625 -0.03125 0.00048828125 -0.0009765625 0.001953125 -0.00390625 0.0078125 -0.015625 0.03125 -0.00048828125 0.0009765625 -0.001953125 0.00390625 -0.0078125 0.015625 -0.03125 0.00048828125 -0.0009765625 0.001953125 -0.00390625 0.0078125 -0.015625 0.03125 -0.00048828125 0.0009765625 -0.001953125 0.00390625 -0.0078125 0.015625 -0.03125 0.00048828125 -0.0009765625 0.001953125 -0.00390625 0.0078125 -0.015625 0.03125 -0.00048828125 0.0009765625 -0.001953125 0.00390625 -0.0078125 0.015625 -0.03125 0.00048828125 -0.0009765625 0.001953125 -0.00390625 0.0078125 -0.015625 0.03125 -0.00048828125 0.0009765625 -0.001953125 0.00390625 -0.0078125 0.015625 -0.03125 0.00048828125 -0.0009765625 0.001953125 -0.00390625 0.0078125 -0.015625 0.03125 -0.00048828125 0.0009765625 -0.001953125 0.00390625 -0.0078125 0.015625 -0.03125 0.00048828125 -0.0009765625 0.001953125 -0.00390625 0.0078125 -0.015625 0.03125 -0.00048828125 0.0009765625 -0.001953125 0.00390625 -0.0078125 0.015625 -0.03125 0.00048828125 -0.0009765625 0.001953125 -0.00390625 0.0078125 -0.015625 0.03125 -0.00048828125 0.0009765625 -0.001953125 0.00390625
0.0009765625 -0.001953125 0.00390625 -0.0078125 0.015625 -0.03125 0.0625 -0.0009765625 0.001953125 -0.00390625 0.0078125 -0.015625 0.03125 -0.0625 0.0009765625 -0.001953125 0.00390625 -0.0078125 0.015625 -0.03125 0.0625 -0.0009765625 0.001953125 -0.00390625 0.0078125 -0.015625 0.03125 -0.0625 0.0009765625 -0.001953125 0.00390625 -0.0078125 0.015625 -0.03125 0.0625 -0.0009765625 0.001953125 -0.00390625 0.0078125 -0.015625 0.03125 -0.0625 0.0009765625 -0.001953125 0.00390625 -0.0078125 0.015625 -0.03125 0.0625 -0.0009765625 0.001953125 -0.00390625 0.0078125 -0.015625 0.03125 -0.0625 0.0009765625 -0.001953125 0.00390625 -0.0078125 0.015625 -0.03125 0.0625 -0.0009765625 0.001953125 -0.00390625 0.0078125 -0.015625 0.03125 -0.0625 0.0009765625 -0.001953125 0.00390625 -0.0078125 0.015625 -0.03125 0.0625 -0.0009765625 0.001953125 -0.00390625 0.0078125 -0.015625 0.03125 -0.0625 0.0009765625 -0.001953125 0.00390625 -0.0078125 0.015625 -0.03125 0.0625 -0.0009765625 0.001953125 -0.00390625 0.0078125 -0.015625 0.03125 -0.0625 0.0009765625 -0.001953125 0.00390625 -0.0078125 0.015625 -0.03125 0.0625 -0.0009765625 0.001953125 -0.00390625 0.0078125 -0.015625 0.03125 -0.0625 0.0009765625 -0.001953125 0.00390625 -0.0078125 0.015625 -0.03125 0.0625 -0.0009765625 0.001953125 -0.00390625 0.0078125 -0.015625 0.03125 -0.0625 0.0009765625 -0.001953125 0.00390625 -0.0078125 0.015625 -0.03125 0.0625 -0.0009765625 0.001953125 -0.00390625 0.0078125 -0.015625 0.03125 -0.0625 0.0009765625 -0.001953125 0.00390625 -0.0078125 0.015625 -0.03125 0.0625 -0.0009765625 0.001953125 -0.00390625 0.0078125 -0.015625 0.03125 -0.0625 0.0009765625 -0.001953125 0.00390625 -0.0078125 0.015625 -0.03125 32.0625 -0.0009765625 0.001953125 -0.00390625 0.0078125 -0.015625 0.03125 -0.0625 0.0009765625 -0.001953125 0.00390625 -0.0078125 0.015625 -0.03125 0.0625 -0.0009765625 0.001953125 -0.00390625 0.0078125 -0.015625 0.03125 -0.0625 0.0009765625 -0.001953125 0.00390625 -0.0078125 0.015625 -0.03125 0.0625 -0.0009765625 0.001953125 -0.00390625 0.0078125 -0.015625 0.03125 -0.0625 0.0009765625 -0.001953125 0.00390625 -0.0078125 0.015625 -0.03125 0.0625 -0.0009765625 0.001953125 -0.00390625 0.0078125 -0.015625 0.03125 -0.0625 0.0009765625 -0.001953125 0.00390625 -0.0078125 0.015625 -0.03125 0.0625 -0.0009765625 0.001953125 -0.00390625 0.0078125 -0.015625 0.03125 -0.0625 0.0009765625 -0.001953125 0.00390625 -0.0078125 0.015625 -0.03125 0.0625 -0.0009765625 0.001953125 -0.00390625 0.0078125 -0.015625 0.03125 -0.0625 0.0009765625 -0.001953125 0.00390625 -0.0078125 0.015625 -0.03125 0.0625 -0.0009765625 0.001953125 -0.00390625 0.0078125 -0.015625 0.03125 -0.0625 0.0009765625 -0.001953125 0.00390625 -0.0078125
-0.001953125 0.00390625 -0.0078125 0.015625 -0.03125 0.0625 -0.125 0.001953125 -0.00390625 0.0078125 -0.015625 0.03125 -0.0625 0.125 -0.001953125 0.00390625 -0.0078125 0.015625 -0.03125 0.0625 -0.125 0.001953125 -0.00390625 0.0078125 -0.015625 0.03125 -0.0625 0.125 -0.001953125 0.00390625 -0.0078125 0.015625 -0.03125 0.0625 -0.125 0.001953125 -0.00390625 0.0078125 -0.015625 0.03125 -0.0625 0.125 -0.001953125 0.00390625 -0.0078125 0.015625 -0.03125 0.0625 -0.125 0.001953125 -0.00390625 0.0078125 -0.015625 0.03125 -0.0625 0.125 -0.001953125 0.00390625 -0.0078125 0.015625 -0.03125 0.0625 -0.125 0.001953125 -0.00390625 0.0078125 -0.015625 0.03125 -0.0625 0.125 -0.001953125 0.00390625 -0.0078125 0.015625 -0.03125 0.0625 -0.125 0.001953125 -0.00390625 0.0078125 -0.015625 0.03125 -0.0625 0.125 -0.001953125 0.00390625 -0.0078125 0.015625 -0.03125 0.0625 -0.125 0.001953125 -0.00390625 0.0078125 -0.015625 0.03125 -0.0625 0.125 -0.001953125 0.00390625 -0.0078125 0.015625 -0.03125 0.0625 -0.125 0.001953125 -0.00390625 0.0078125 -0.015625 0.03125 -0.0625 0.125 -0.001953125 0.00390625 -0.0078125 0.015625 -0.03125 0.0625 -0.125 0.001953125 -0.00390625 0.0078125 -0.015625 0.03125 -0.0625 0.125 -0.001953125 0.00390625 -0.0078125 0.015625 -0.03125 0.0625 -0.125 0.001953125 -0.00390625 0.0078125 -0.015625 0.03125 -0.0625 0.125 -0.001953125 0.00390625 -0.0078125 0.015625 -0.03125 0.0625 -0.125 0.001953125 -0.00390625 0.0078125 -0.015625 0.03125 -0.0625 0.125 -0.001953125 0.00390625 -0.0078125 0.015625 -0.03125 0.0625 -0.125 1.001953125 -0.00390625 0.0078125 -0.015625 0.03125 -0.0625 0.125 -0.001953125 0.00390625 -0.0078125 0.015625 -0.03125 0.0625 -0.125 0.001953125 -0.00390625 0.0078125 -0.015625 0.03125 -0.0625 0.125 -0.001953125 0.00390625 -0.0078125 0.015625 -0.03125 0.0625 -0.125 0.001953125 -0.00390625 0.0078125 -0.015625 0.03125 -0.0625 0.125 -0.001953125 0.00390625 -0.0078125 0.015625 -0.03125 0.0625 -0.125 0.001953125 -0.00390625 0.0078125 -0.015625 0.03125 -0.0625 0.125 -0.001953125 0.00390625 -0.0078125 0.015625 -0.03125 0.0625 -0.125 0.001953125 -0.00390625 0.0078125 -0.015625 0.03125 -0.0625 0.125 -0.001953125 0.00390625 -0.0078125 0.015625 -0.03125 0.0625 -0.125 0.001953125 -0.00390625 0.0078125 -0.015625 0.03125 -0.0625 0.125 -0.001953125 0.00390625 -0.0078125 0.015625 -0.03125 0.0625 -0.125 0.001953125 -0.00390625 0.0078125 -0.015625 0.03125 -0.0625 0.125 -0.001953125 0.00390625 -0.0078125 0.015625
0.00048828125 -0.0009765625 0.001953125 -0.00390625 0.0078125 -0.015625 0.03125 -0.00048828125 0.0009765625 -0.001953125 0.00390625 -0.0078125 0.015625 -0.03125 0.00048828125 -0.0009765625 0.001953125 -0.00390625 0.0078125 -0.015625 0.03125 -0.00048828125 0.0009765625 -0.001953125 0.00390625 -0.0078125 0.015625 -0.03125 0.00048828125 -0.0009765625 0.001953125 -0.00390625 0.0078125 -0.015625 0.03125 -0.00048828125 0.0009765625 -0.001953125 0.00390625 -0.0078125 0.015625 -0.03125 0.00048828125 -0.0009765625 0.001953125 -0.00390625 0.0078125 -0.015625 0.03125 -0.00048828125 0.0009765625 -0.001953125 0.00390625 -0.0078125 0.015625 -0.03125 0.00048828125 -0.0009765625 0.001953125 -0.00390625 0.0078125 -0.015625 0.03125 -0.00048828125 0.0009765625 -0.001953125 0.00390625 -0.0078125 0.015625 -0.03125 0.00048828125 -0.0009765625 0.001953125 -0.00390625 0.0078125 -0.015625 0.03125 -0.00048828125 0.0009765625 -0.001953125 0.00390625 -0.0078125 0.015625 -0.03125 0.00048828125 -0.0009765625 0.001953125 -0.00390625 0.0078125 -0.015625 0.03125 -0.00048828125 0.0009765625 -0.001953125 0.00390625 -0.0078125 0.015625 -0.03125 0.00048828125 -0.0009765625 0.001953125 -0.00390625 0.0078125 -0.015625 0.03125 -0.00048828125 0.0009765625 -0.001953125 0.00390625 -0.0078125 0.015625 -0.03125 0.00048828125 -0.0009765625 0.001953125 -0.00390625 0.0078125 -0.015625 0.03125 -0.00048828125 0.0009765625 -0.001953125 0.00390625 -0.0078125 0.015625 -0.03125 0.00048828125 -0.0009765625 0.001953125 -0.00390625 0.0078125 -0.015625 0.03125 -0.00048828125 0.0009765625 -0.001953125 0.00390625 -0.0078125 0.015625 -0.03125 0.00048828125 -0.0009765625 0.001953125 -0.00390625 0.0078125 -0.015625 0.03125 -0.00048828125 0.0009765625 -0.001953125 0.00390625 -0.0078125 0.015625 -0.03125 0.00048828125 -0.0009765625 0.001953125 -0.00390625 0.0078125 -0.015625 0.03125 -0.00048828125 0.5009765625 -0.001953125 0.00390625 -0.0078125 0.015625 -0.03125 0.00048828125 -0.0009765625 0.001953125 -0.00390625 0.0078125 -0.015625 0.03125 -0.00048828125 0.0009765625 -0.001953125 0.00390625 -0.0078125 0.015625 -0.03125 0.00048828125 -0.0009765625 0.001953125 -0.00390625 0.0078125 -0.015625 0.03125 -0.00048828125 0.0009765625 -0.001953125 0.00390625 -0.0078125 0.015625 -0.03125 0.00048828125 -0.0009765625 0.001953125 -0.00390625 0.0078125 -0.015625 0.03125 -0.00048828125 0.0009765625 -0.001953125 0.00390625 -0.0078125 0.015625 -0.03125 0.00048828125 -0.0009765625 0.001953125 -0.00390625 0.0078125 -0.015625 0.03125 -0.00048828125 0.0009765625 -0.001953125 0.00390625 -0.0078125 0.015625 -0.03125 0.00048828125 -0.0009765625 0.001953125 -0.00390625 0.0078125 -0.015625 0.03125 -0.00048828125 0.0009765625 -0.001953125 0.00390625 -0.0078125 0.015625 -0.03125 0.00048828125 -0.0009765625 0.001953125 -0.00390625 0.0078125 -0.015625 0.03125 -0.00048828125 0.0009765625 -0.001953125 0.00390625 -0.0078125 0.015625 -0.03125 0.00048828125 -0.0009765625 0.001953125 -0.00390625
-0.0009765625 0.001953125 -0.00390625 0.0078125 -0.015625 0.03125 -0.0625 0.0009765625 -0.001953125 0.00390625 -0.0078125 0.015625 -0.03125 0.0625 -0.0009765625 0.001953125 -0.00390625 0.0078125 -0.015625 0.03125 -0.0625 0.0009765625 -0.001953125 0.00390625 -0.0078125 0.015625 -0.03125 0.0625 -0.0009765625 0.001953125 -0.00390625 0.0078125 -0.015625 0.03125 -0.0625 0.0009765625 -0.001953125 0.00390625 -0.0078125 0.015625 -0.03125 0.0625 -0.0009765625 0.001953125 -0.00390625 0.0078125 -0.015625 0.03125 -0.0625 0.0009765625 -0.001953125 0.00390625 -0.0078125 0.015625 -0.03125 0.0625 -0.0009765625 0.001953125 -0.00390625 0.0078125 -0.015625 0.03125 -0.0625 0.0009765625 -0.001953125 0.00390625 -0.0078125 0.015625 -0.03125 0.0625 -0.0009765625 0.001953125 -0.00390625 0.0078125 -0.015625 0.03125 -0.0625 0.0009765625 -0.001953125 0.00390625 -0.0078125 0.015625 -0.03125 0.0625 -0.0009765625 0.001953125 -0.00390625 0.0078125 -0.015625 0.03125 -0.0625 0.0009765625 -0.001953125 0.00390625 -0.0078125 0.015625 -0.03125 0.0625 -0.0009765625 0.001953125 -0.00390625 0.0078125 -0.015625 0.03125 -0.0625 0.0009765625 -0.001953125 0.00390625 -0.0078125 0.015625 -0.03125 0.0625 -0.0009765625 0.001953125 -0.00390625 0.0078125 -0.015625 0.03125 -0.0625 0.0009765625 -0.001953125 0.00390625 -0.0078125 0.015625 -0.03125 0.0625 -0.0009765625 0.001953125 -0.00390625 0.0078125 -0.015625 0.03125 -0.0625 0.0009765625 -0.001953125 0.00390625 -0.0078125 0.015625 -0.03125 0.0625 -0.0009765625 0.001953125 -0.00390625 0.0078125 -0.015625 0.03125 -0.0625 0.0009765625 -0.001953125 0.00390625 -0.0078125 0.015625 -0.03125 0.0625 -0.0009765625 0.001953125 -0.00390625 0.0078125 -0.015625 0.03125 -0.0625 0.0009765625 -0.001953125 2.00390625 -0.0078125 0.015625 -0.03125 0.0625 -0.0009765625 0.001953125 -0.00390625 0.0078125 -0.015625 0.03125 -0.0625 0.0009765625 -0.001953125 0.00390625 -0.0078125 0.015625 -0.03125 0.0625 -0.0009765625 0.001953125 -0.00390625 0.0078125 -0.015625 0.03125 -0.0625 0.0009765625 -0.001953125 0.00390625 -0.0078125 0.015625 -0.03125 0.0625 -0.0009765625 0.001953125 -0.00390625 0.0078125 -0.015625 0.03125 -0.0625 0.0009765625 -0.001953125 0.00390625 -0.0078125 0.015625 -0.03125 0.0625 -0.0009765625 0.001953125 -0.00390625 0.0078125 -0.015625 0.03125 -0.0625 0.0009765625 -0.001953125 0.00390625 -0.0078125 0.015625 -0.03125 0.0625 -0.0009765625 0.001953125 -0.00390625 0.0078125 -0.015625 0.03125 -0.0625 0.0009765625 -0.001953125 0.00390625 -0.0078125 0.015625 -0.03125 0.0625 -0.0009765625 0.001953125 -0.00390625 0.0078125 -0.015625 0.03125 -0.0625 0.0009765625 -0.001953125 0.00390625 -0.0078125 0.015625 -0.03125 0.0625 -0.0009765625 0.001953125 -0.00390625 0.0078125
0.001953125 -0.00390625 0.0078125 -0.015625 0.03125 -0.0625 0.125 -0.001953125 0.00390625 -0.0078125 0.015625 -0.03125 0.0625 -0.125 0.001953125 -0.00390625 0.0078125 -0.015625 0.03125 -0.0625 0.125 -0.001953125 0.00390625 -0.0078125 0.015625 -0.03125 0.0625 -0.125 0.001953125 -0.00390625 0.0078125 -0.015625 0.03125 -0.0625 0.125 -0.001953125 0.00390625 -0.0078125 0.015625 -0.03125 0.0625 -0.125 0.001953125 -0.00390625 0.0078125 -0.015625 0.03125 -0.0625 0.125 -0.001953125 0.00390625 -0.0078125 0.015625 -0.03125 0.0625 -0.125 0.001953125 -0.00390625 0.0078125 -0.015625 0.03125 -0.0625 0.125 -0.001953125 0.00390625 -0.0078125 0.015625 -0.03125 0.0625 -0.125 0.001953125 -0.00390625 0.0078125 -0.015625 0.03125 -0.0625 0.125 -0.001953125 0.00390625 -0.0078125 0.015625 -0.03125 0.0625 -0.125 0.001953125 -0.00390625 0.0078125 -0.015625 0.03125 -0.0625 0.125 -0.001953125 0.00390625 -0.0078125 0.015625 -0.03125 0.0625 -0.125 0.001953125 -0.00390625 0.0078125 -0.015625 0.03125 -0.0625 0.125 -0.001953125 0.00390625 -0.0078125 0.015625 -0.03125 0.0625 -0.125 0.001953125 -0.00390625 0.0078125 -0.015625 0.03125 -0.0625 0.125 -0.001953125 0.00390625 -0.0078125 0.015625 -0.03125 0.0625 -0.125 0.001953125 -0.00390625 0.0078125 -0.015625 0.03125 -0.0625 0.125 -0.001953125 0.00390625 -0.0078125 0.015625 -0.03125 0.0625 -0.125 0.001953125 -0.00390625 0.0078125 -0.015625 0.03125 -0.0625 0.125 -0.001953125 0.00390625 -0.0078125 0.015625 -0.03125 0.0625 -0.125 0.001953125 -0.00390625 0.0078125 -0.015625 0.03125 -0.0625 0.125 -0.001953125 0.00390625 -0.0078125 8.015625 -0.03125 0.0625 -0.125 0.001953125 -0.00390625 0.0078125 -0.015625 0.03125 -0.0625 0.125 -0.001953125 0.00390625 -0.0078125 0.015625 -0.03125 0.0625 -0.125 0.001953125 -0.00390625 0.0078125 -0.015625 0.03125 -0.0625 0.125 -0.001953125 0.00390625 -0.0078125 0.015625 -0.03125 0.0625 -0.125 0.001953125 -0.00390625 0.0078125 -0.015625 0.03125 -0.0625 0.125 -0.001953125 0.00390625 -0.0078125 0.015625 -0.03125 0.0625 -0.125 0.001953125 -0.00390625 0.0078125 -0.015625 0.03125 -0.0625 0.125 -0.001953125 0.00390625 -0.0078125 0.015625 -0.03125 0.0625 -0.125 0.001953125 -0.00390625 0.0078125 -0.015625 0.03125 -0.0625 0.125 -0.001953125 0.00390625 -0.0078125 0.015625 -0.03125 0.0625 -0.125 0.001953125 -0.00390625 0.0078125 -0.015625 0.03125 -0.0625 0.125 -0.001953125 0.00390625 -0.0078125 0.015625 -0.03125 0.0625 -0.125 0.001953125 -0.00390625 0.0078125 -0.015625
-0.00048828125 0.0009765625 -0.001953125 0.00390625 -0.0078125 0.015625 -0.03125 0.00048828125 -0.0009765625 0.001953125 -0.00390625 0.0078125 -0.015625 0.03125 -0.00048828125 0.0009765625 -0.001953125 0.00390625 -0.0078125 0.015625 -0.03125 0.00048828125 -0.0009765625 0.001953125 -0.00390625 0.0078125 -0.015625 0.03125 -0.00048828125 0.0009765625 -0.001953125 0.00390625 -0.0078125 0.015625 -0.03125 0.00048828125 -0.0009765625 0.001953125 -0.00390625 0.0078125 -0.015625 0.03125 -0.00048828125 0.0009765625 -0.001953125 0.00390625 -0.0078125 0.015625 -0.03125 0.00048828125 -0.0009765625 0.001953125 -0.00390625 0.0078125 -0.015625 0.03125 -0.00048828125 0.0009765625 -0.001953125 0.00390625 -0.0078125 0.015625 -0.03125 0.00048828125 -0.0009765625 0.001953125 -0.00390625 0.0078125 -0.015625 0.03125 -0.00048828125 0.0009765625 -0.001953125 0.00390625 -0.0078125 0.015625 -0.03125 0.00048828125 -0.0009765625 0.001953125 -0.00390625 0.0078125 -0.015625 0.03125 -0.00048828125 0.0009765625 -0.001953125 0.00390625 -0.0078125 0.015625 -0.03125 0.00048828125 -0.0009765625 0.001953125 -0.00390625 0.0078125 -0.015625 0.03125 -0.00048828125 0.0009765625 -0.001953125 0.00390625 -0.0078125 0.015625 -0.03125 0.00048828125 -0.0009765625 0.001953125 -0.00390625 0.0078125 -0.015625 0.03125 -0.00048828125 0.0009765625 -0.001953125 0.00390625 -0.0078125 0.015625 -0.03125 0.00048828125 -0.0009765625 0.001953125 -0.00390625 0.0078125 -0.015625 0.03125 -0.00048828125 0.0009765625 -0.001953125 0.00390625 -0.0078125 0.015625 -0.03125 0.00048828125 -0.0009765625 0.001953125 -0.00390625 0.0078125 -0.015625 0.03125 -0.00048828125 0.0009765625 -0.001953125 0.00390625 -0.0078125 0.015625 -0.03125 0.00048828125 -0.0009765625 0.001953125 -0.00390625 0.0078125 -0.015625 0.03125 -0.00048828125 0.0009765625 -0.001953125 0.00390625 -0.0078125 0.015625 -0.03125 0.00048828125 -0.0009765625 0.001953125 -0.00390625 4.0078125 -0.015625 0.03125 -0.00048828125 0.0009765625 -0.001953125 0.00390625 -0.0078125 0.015625 -0.03125 0.00048828125 -0.0009765625 0.001953125 -0.00390625 0.0078125 -0.015625 0.03125 -0.00048828125 0.0009765625 -0.001953125 0.00390625 -0.0078125 0.015625 -0.03125 0.00048828125 -0.0009765625 0.001953125 -0.00390625 0.0078125 -0.015625 0.03125 -0.00048828125 0.0009765625 -0.001953125 0.00390625 -0.0078125 0.015625 -0.03125 0.00048828125 -0.0009765625 0.001953125 -0.00390625 0.0078125 -0.015625 0.03125 -0.00048828125 0.0009765625 -0.001953125 0.00390625 -0.0078125 0.015625 -0.03125 0.00048828125 -0.0009765625 0.001953125 -0.00390625 0.0078125 -0.015625 0.03125 -0.00048828125 0.0009765625 -0.001953125 0.00390625 -0.0078125 0.015625 -0.03125 0.00048828125 -0.0009765625 0.001953125 -0.00390625 0.0078125 -0.015625 0.03125 -0.00048828125 0.0009765625 -0.001953125 0.00390625 -0.0078125 0.015625 -0.03125 0.00048828125 -0.0009765625 0.001953125 -0.00390625 0.0078125 -0.015625 0.03125 -0.00048828125 0.0009765625 -0.001953125 0.00390625
0.0009765625 -0.001953125 0.00390625 -0.0078125 0.015625 -0.03125 0.0625 -0.0009765625 0.001953125 -0.00390625 0.0078125 -0.015625 0.03125 -0.0625 0.0009765625 -0.001953125 0.00390625 -0.0078125 0.015625 -0.03125 0.0625 -0.0009765625 0.001953125 -0.00390625 0.0078125 -0.015625 0.03125 -0.0625 0.0009765625 -0.001953125 0.00390625 -0.0078125 0.015625 -0.03125 0.0625 -0.0009765625 0.001953125 -0.00390625 0.0078125 -0.015625 0.03125 -0.0625 0.0009765625 -0.001953125 0.00390625 -0.0078125 0.015625 -0.03125 0.0625 -0.0009765625 0.001953125 -0.00390625 0.0078125 -0.015625 0.03125 -0.0625 0.0009765625 -0.001953125 0.00390625 -0.0078125 0.015625 -0.03125 0.0625 -0.0009765625 0.001953125 -0.00390625 0.0078125 -0.015625 0.03125 -0.0625 0.0009765625 -0.001953125 0.00390625 -0.0078125 0.015625 -0.03125 0.0625 -0.0009765625 0.001953125 -0.00390625 0.0078125 -0.015625 0.03125 -0.0625 0.0009765625 -0.001953125 0.00390625 -0.0078125 0.015625 -0.03125 0.0625 -0.0009765625 0.001953125 -0.00390625 0.0078125 -0.015625 0.03125 -0.0625 0.0009765625 -0.001953125 0.00390625 -0.0078125 0.015625 -0.03125 0.0625 -0.0009765625 0.001953125 -0.00390625 0.0078125 -0.015625 0.03125 -0.0625 0.0009765625 -0.001953125 0.00390625 -0.0078125 0.015625 -0.03125 0.0625 -0.0009765625 0.001953125 -0.00390625 0.0078125 -0.015625 0.03125 -0.0625 0.0009765625 -0.001953125 0.00390625 -0.0078125 0.015625 -0.03125 0.0625 -0.0009765625 0.001953125 -0.00390625 0.0078125 -0.015625 0.03125 -0.0625 0.0009765625 -0.001953125 0.00390625 -0.0078125 0.015625 -0.03125 0.0625 -0.0009765625 0.001953125 -0.00390625 0.0078125 -0.015625 0.03125 -0.0625 0.0009765625 -0.001953125 0.00390625 -0.0078125 0.015625 -0.03125 0.0625 -0.0009765625 0.001953125 -0.00390625 0.0078125 -0.015625 16.03125 -0.0625 0.0009765625 -0.001953125 0.00390625 -0.0078125 0.015625 -0.03125 0.0625 -0.0009765625 0.001953125 -0.00390625 0.0078125 -0.015625 0.03125 -0.0625 0.0009765625 -0.001953125 0.00390625 -0.0078125 0.015625 -0.03125 0.0625 -0.0009765625 0.001953125 -0.00390625 0.0078125 -0.015625 0.03125 -0.0625 0.0009765625 -0.001953125 0.00390625 -0.0078125 0.015625 -0.03125 0.0625 -0.0009765625 0.001953125 -0.00390625 0.0078125 -0.015625 0.03125 -0.0625 0.0009765625 -0.001953125 0.00390625 -0.0078125 0.015625 -0.03125 0.0625 -0.0009765625 0.001953125 -0.00390625 0.0078125 -0.015625 0.03125 -0.0625 0.0009765625 -0.001953125 0.00390625 -0.0078125 0.015625 -0.03125 0.0625 -0.0009765625 0.001953125 -0.00390625 0.0078125 -0.015625 0.03125 -0.0625 0.0009765625 -0.001953125 0.00390625 -0.0078125 0.015625 -0.03125 0.0625 -0.0009765625 0.001953125 -0.00390625 0.0078125 -0.015625 0.03125 -0.0625 0.0009765625 -0.001953125 0.00390625 -0.0078125
-0.001953125 0.00390625 -0.0078125 0.015625 -0.03125 0.0625 -0.125 0.001953125 -0.00390625 0.0078125 -0.015625 0.03125 -0.0625 0.125 -0.001953125 0.00390625 -0.0078125 0.015625 -0.03125 0.0625 -0.125 0.001953125 -0.00390625 0.0078125 -0.015625 0.03125 -0.0625 0.125 -0.001953125 0.00390625 -0.0078125 0.015625 -0.03125 0.0625 -0.125 0.001953125 -0.00390625 0.0078125 -0.015625 0.03125 -0.0625 0.125 -0.001953125 0.00390625 -0.0078125 0.015625 -0.03125 0.0625 -0.125 0.001953125 -0.00390625 0.0078125 -0.015625 0.03125 -0.0625 0.125 -0.001953125 0.00390625 -0.0078125 0.015625 -0.03125 0.0625 -0.125 0.001953125 -0.00390625 0.0078125 -0.015625 0.03125 -0.0625 0.125 -0.001953125 0.00390625 -0.0078125 0.015625 -0.03125 0.0625 -0.125 0.001953125 -0.00390625 0.0078125 -0.015625 0.03125 -0.0625 0.125 -0.001953125 0.00390625 -0.0078125 0.015625 -0.03125 0.0625 -0.125 0.001953125 -0.00390625 0.0078125 -0.015625 0.03125 -0.0625 0.125 -0.001953125 0.00390625 -0.0078125 0.015625 -0.03125 0.0625 -0.125 0.001953125 -0.00390625 0.0078125 -0.015625 0.03125 -0.0625 0.125 -0.001953125 0.00390625 -0.0078125 0.015625 -0.03125 0.0625 -0.125 0.001953125 -0.00390625 0.0078125 -0.015625 0.03125 -0.0625 0.125 -0.001953125 0.00390625 -0.0078125 0.015625 -0.03125 0.0625 -0.125 0.001953125 -0.00390625 0.0078125 -0.015625 0.03125 -0.0625 0.125 -0.001953125 0.00390625 -0.0078125 0.015625 -0.03125 0.0625 -0.125 0.001953125 -0.00390625 0.0078125 -0.015625 0.03125 -0.0625 0.125 -0.001953125 0.00390625 -0.0078125 0.015625 -0.03125 0.0625 -0.125 0.001953125 -0.00390625 0.0078125 -0.015625 0.03125 -0.0625 64.125 -0.001953125 0.00390625 -0.0078125 0.015625 -0.03125 0.0625 -0.125 0.001953125 -0.00390625 0.0078125 -0.015625 0.03125 -0.0625 0.125 -0.001953125 0.00390625 -0.0078125 0.015625 -0.03125 0.0625 -0.125 0.001953125 -0.00390625 0.0078125 -0.015625 0.03125 -0.0625 0.125 -0.001953125 0.00390625 -0.0078125 0.015625 -0.03125 0.0625 -0.125 0.001953125 -0.00390625 0.0078125 -0.015625 0.03125 -0.0625 0.125 -0.001953125 0.00390625 -0.0078125 0.015625 -0.03125 0.0625 -0.125 0.001953125 -0.00390625 0.0078125 -0.015625 0.03125 -0.0625 0.125 -0.001953125 0.00390625 -0.0078125 0.015625 -0.03125 0.0625 -0.125 0.001953125 -0.00390625 0.0078125 -0.015625 0.03125 -0.0625 0.125 -0.001953125 0.00390625 -0.0078125 0.015625 -0.03125 0.0625 -0.125 0.001953125 -0.00390625 0.0078125 -0.015625 0.03125 -0.0625 0.125 -0.001953125 0.00390625 -0.0078125 0.015625
0.00048828125 -0.0009765625 0.001953125 -0.00390625 0.0078125 -0.015625 0.03125 -0.00048828125 0.0009765625 -0.001953125 0.00390625 -0.0078125 0.015625 -0.03125 0.00048828125 -0.0009765625 0.001953125 -0.00390625 0.0078125 -0.015625 0.03125 -0.00048828125 0.0009765625 -0.001953125 0.00390625 -0.0078125 0.015625 -0.03125 0.00048828125 -0.0009765625 0.001953125 -0.00390625 0.0078125 -0.015625 0.03125 -0.00048828125 0.0009765625 -0.001953125 0.00390625 -0.0078125 0.015625 -0.03125 0.00048828125 -0.0009765625 0.001953125 -0.00390625 0.0078125 -0.015625 0.03125 -0.00048828125 0.0009765625 -0.001953125 0.00390625 -0.0078125 0.015625 -0.03125 0.00048828125 -0.0009765625 0.001953125 -0.00390625 0.0078125 -0.015625 0.03125 -0.00048828125 0.0009765625 -0.001953125 0.00390625 -0.0078125 0.015625 -0.03125 0.00048828125 -0.0009765625 0.001953125 -0.00390625 0.0078125 -0.015625 0.03125 -0.00048828125 0.0009765625 -0.001953125 0.00390625 -0.0078125 0.015625 -0.03125 0.00048828125 -0.0009765625 0.001953125 -0.00390625 0.0078125 -0.015625 0.03125 -0.00048828125 0.0009765625 -0.001953125 0.00390625 -0.0078125 0.015625 -0.03125 0.00048828125 -0.0009765625 0.001953125 -0.00390625 0.0078125 -0.015625 0.03125 -0.00048828125 0.0009765625 -0.001953125 0.00390625 -0.0078125 0.015625 -0.03125 0.00048828125 -0.0009765625 0.001953125 -0.00390625 0.0078125 -0.015625 0.03125 -0.00048828125 0.0009765625 -0.001953125 0.00390625 -0.0078125 0.015625 -0.03125 0.00048828125 -0.0009765625 0.001953125 -0.00390625 0.0078125 -0.015625 0.03125 -0.00048828125 0.0009765625 -0.001953125 0.00390625 -0.0078125 0.015625 -0.03125 0.00048828125 -0.0009765625 0.001953125 -0.00390625 0.0078125 -0.015625 0.03125 -0.00048828125 0.0009765625 -0.001953125 0.00390625 -0.0078125 0.015625 -0.03125 0.00048828125 -0.0009765625 0.001953125 -0.00390625 0.0078125 -0.015625 0.03125 -0.00048828125 0.0009765625 -0.001953125 0.00390625 -0.0078125 0.015625 -0.03125 0.25048828125 -0.0009765625 0.001953125 -0.00390625 0.0078125 -0.015625 0.03125 -0.00048828125 0.0009765625 -0.001953125 0.00390625 -0.0078125 0.015625 -0.03125 0.00048828125 -0.0009765625 0.001953125 -0.00390625 0.0078125 -0.015625 0.03125 -0.00048828125 0.0009765625 -0.001953125 0.00390625 -0.0078125 0.015625 -0.03125 0.00048828125 -0.0009765625 0.001953125 -0.00390625 0.0078125 -0.015625 0.03125 -0.00048828125 0.0009765625 -0.001953125 0.00390625 -0.0078125 0.015625 -0.03125 0.00048828125 -0.0009765625 0.001953125 -0.00390625 0.0078125 -0.015625 0.03125 -0.00048828125 0.0009765625 -0.001953125 0.00390625 -0.0078125 0.015625 -0.03125 0.00048828125 -0.0009765625 0.001953125 -0.00390625 0.0078125 -0.015625 0.03125 -0.00048828125 0.0009765625 -0.001953125 0.00390625 -0.0078125 0.015625 -0.03125 0.00048828125 -0.0009765625 0.001953125 -0.00390625 0.0078125 -0.015625 0.03125 -0.00048828125 0.0009765625 -0.001953125 0.00390625 -0.0078125 0.015625 -0.03125 0.00048828125 -0.0009765625 0.001953125 -0.00390625
-0.0009765625 0.001953125 -0.00390625 0.0078125 -0.015625 0.03125 -0.0625 0.0009765625 -0.001953125 0.00390625 -0.0078125 0.015625 -0.03125 0.0625 -0.0009765625 0.001953125 -0.00390625 0.0078125 -0.015625 0.03125 -0.0625 0.0009765625 -0.001953125 0.00390625 -0.0078125 0.015625 -0.03125 0.0625 -0.0009765625 0.001953125 -0.00390625 0.0078125 -0.015625 0.03125 -0.0625 0.0009765625 -0.001953125 0.00390625 -0.0078125 0.015625 -0.03125 0.0625 -0.0009765625 0.001953125 -0.00390625 0.0078125 -0.015625 0.03125 -0.0625 0.0009765625 -0.001953125 0.00390625 -0.0078125 0.015625 -0.03125 0.0625 -0.0009765625 0.001953125 -0.00390625 0.0078125 -0.015625 0.03125 -0.0625 0.0009765625 -0.001953125 0.00390625 -0.0078125 0.015625 -0.03125 0.0625 -0.0009765625 0.001953125 -0.00390625 0.0078125 -0.015625 0.03125 -0.0625 0.0009765625 -0.001953125 0.00390625 -0.0078125 0.015625 -0.03125 0.0625 -0.0009765625 0.001953125 -0.00390625 0.0078125 -0.015625 0.03125 -0.0625 0.0009765625 -0.001953125 0.00390625 -0.0078125 0.015625 -0.03125 0.0625 -0.0009765625 0.001953125 -0.00390625 0.0078125 -0.015625 0.03125 -0.0625 0.0009765625 -0.001953125 0.00390625 -0.0078125 0.015625 -0.03125 0.0625 -0.0009765625 0.001953125 -0.00390625 0.0078125 -0.015625 0.03125 -0.0625 0.0009765625 -0.001953125 0.00390625 -0.0078125 0.015625 -0.03125 0.0625 -0.0009765625 0.001953125 -0.00390625 0.0078125 -0.015625 0.03125 -0.0625 0.0009765625 -0.001953125 0.00390625 -0.0078125 0.015625 -0.03125 0.0625 -0.0009765625 0.001953125 -0.00390625 0.0078125 -0.015625 0.03125 -0.0625 0.0009765625 -0.001953125 0.00390625 -0.0078125 0.015625 -0.03125 0.0625 -0.0009765625 0.001953125 -0.00390625 0.0078125 -0.015625 0.03125 -0.0625 0.0009765625 -0.001953125 0.00390625 -0.0078125 0.015625 -0.03125 0.0625 -0.0009765625 1.001953125 -0.00390625 0.0078125 -0.015625 0.03125 -0.0625 0.0009765625 -0.001953125 0.00390625 -0.0078125 0.015625 -0.03125 0.0625 -0.0009765625 0.001953125 -0.00390625 0.0078125 -0.015625 0.03125 -0.0625 0.0009765625 -0.001953125 0.00390625 -0.0078125 0.015625 -0.03125 0.0625 -0.0009765625 0.001953125 -0.00390625 0.0078125 -0.015625 0.03125 -0.0625 0.0009765625 -0.001953125 0.00390625 -0.0078125 0.015625 -0.03125 0.0625 -0.0009765625 0.001953125 -0.00390625 0.0078125 -0.015625 0.03125 -0.0625 0.0009765625 -0.001953125 0.00390625 -0.0078125 0.015625 -0.03125 0.0625 -0.0009765625 0.001953125 -0.00390625 0.0078125 -0.015625 0.03125 -0.0625 0.0009765625 -0.001953125 0.00390625 -0.0078125 0.015625 -0.03125 0.0625 -0.0009765625 0.001953125 -0.00390625 0.0078125 -0.015625 0.03125 -0.0625 0.0009765625 -0.001953125 0.00390625 -0.0078125 0.015625 -0.03125 0.0625 -0.0009765625 0.001953125 -0.00390625 0.0078125
0.001953125 -0.00390625 0.0078125 -0.015625 0.03125 -0.0625 0.125 -0.001953125 0.00390625 -0.0078125 0.015625 -0.03125 0.0625 -0.125 0.001953125 -0.00390625 0.0078125 -0.015625 0.03125 -0.0625 0.125 -0.001953125 0.00390625 -0.0078125 0.015625 -0.03125 0.0625 -0.125 0.001953125 -0.00390625 0.0078125 -0.015625 0.03125 -0.0625 0.125 -0.001953125 0.00390625 -0.0078125 0.015625 -0.03125 0.0625 -0.125 0.001953125 -0.00390625 0.0078125 -0.015625 0.03125 -0.0625 0.125 -0.001953125 0.00390625 -0.0078125 0.015625 -0.03125 0.0625 -0.125 0.001953125 -0.00390625 0.0078125 -0.015625 0.03125 -0.0625 0.125 -0.001953125 0.00390625 -0.0078125 0.015625 -0.03125 0.0625 -0.125 0.001953125 -0.00390625 0.0078125 -0.015625 0.03125 -0.0625 0.125 -0.001953125 0.00390625 -0.0078125 0.015625 -0.03125 0.0625 -0.125 0.001953125 -0.00390625 0.0078125 -0.015625 0.03125 -0.0625 0.125 -0.001953125 0.00390625 -0.0078125 0.015625 -0.03125 0.0625 -0.125 0.001953125 -0.00390625 0.0078125 -0.015625 0.03125 -0.0625 0.125 -0.001953125 0.00390625 -0.0078125 0.015625 -0.03125 0.0625 -0.125 0.001953125 -0.00390625 0.0078125 -0.015625 0.03125 -0.0625 0.125 -0.001953125 0.00390625 -0.0078125 0.015625 -0.03125 0.0625 -0.125 0.001953125 -0.00390625 0.0078125 -0.015625 0.03125 -0.0625 0.125 -0.001953125 0.00390625 -0.0078125 0.015625 -0.03125 0.0625 -0.125 0.001953125 -0.00390625 0.0078125 -0.015625 0.03125 -0.0625 0.125 -0.001953125 0.00390625 -0.0078125 0.015625 -0.03125 0.0625 -0.125 0.001953125 -0.00390625 0.0078125 -0.015625 0.03125 -0.0625 0.125 -0.001953125 0.00390625 -0.0078125 0.015625 -0.03125 0.0625 -0.125 0.001953125 -0.00390625 4.0078125 -0.015625 0.03125 -0.0625 0.125 -0.001953125 0.00390625 -0.0078125 0.015625 -0.03125 0.0625 -0.125 0.001953125 -0.00390625 0.0078125 -0.015625 0.03125 -0.0625 0.125 -0.001953125 0.00390625 -0.0078125 0.015625 -0.03125 0.0625 -0.125 0.001953125 -0.00390625 0.0078125 -0.015625 0.03125 -0.0625 0.125 -0.001953125 0.00390625 -0.0078125 0.015625 -0.03125 0.0625 -0.125 0.001953125 -0.00390625 0.0078125 -0.015625 0.03125 -0.0625 0.125 -0.001953125 0.00390625 -0.0078125 0.015625 -0.03125 0.0625 -0.125 0.001953125 -0.00390625 0.0078125 -0.015625 0.03125 -0.0625 0.125 -0.001953125 0.00390625 -0.0078125 0.015625 -0.03125 0.0625 -0.125 0.001953125 -0.00390625 0.0078125 -0.015625 0.03125 -0.0625 0.125 -0.001953125 0.00390625 -0.0078125 0.015625 -0.03125 0.0625 -0.125 0.001953125 -0.00390625 0.0078125 -0.015625
-0.00048828125 0.0009765625 -0.001953125 0.00390625 -0.0078125 0.015625 -0.03125 0.00048828125 -0.0009765625 0.001953125 -0.00390625 0.0078125 -0.015625 0.03125 -0.00048828125 0.0009765625 -0.001953125 0.00390625 -0.0078125 0.015625 -0.03125 0.00048828125 -0.0009765625 0.001953125 -0.00390625 0.0078125 -0.015625 0.03125 -0.00048828125 0.0009765625 -0.001953125 0.00390625 -0.0078125 0.015625 -0.03125 0.00048828125 -0.0009765625 0.001953125 -0.00390625 0.0078125 -0.015625 0.03125 -0.00048828125 0.0009765625 -0.001953125 0.00390625 -0.0078125 0.015625 -0.03125 0.00048828125 -0.0009765625 0.001953125 -0.00390625 0.0078125 -0.015625 0.03125 -0.00048828125 0.0009765625 -0.001953125 0.00390625 -0.0078125 0.015625 -0.03125 0.00048828125 -0.0009765625 0.001953125 -0.00390625 0.0078125 -0.015625 0.03125 -0.00048828125 0.0009765625 -0.001953125 0.00390625 -0.0078125 0.015625 -0.03125 0.00048828125 -0.0009765625 0.001953125 -0.00390625 0.0078125 -0.015625 0.03125 -0.00048828125 0.0009765625 -0.001953125 0.00390625 -0.0078125 0.015625 -0.03125 0.00048828125 -0.0009765625 0.001953125 -0.00390625 0.0078125 -0.015625 0.03125 -0.00048828125 0.0009765625 -0.001953125 0.00390625 -0.0078125 0.015625 -0.03125 0.00048828125 -0.0009765625 0.001953125 -0.00390625 0.0078125 -0.015625 0.03125 -0.00048828125 0.0009765625 -0.001953125 0.00390625 -0.0078125 0.015625 -0.03125 0.00048828125 -0.0009765625 0.001953125 -0.00390625 0.0078125 -0.015625 0.03125 -0.00048828125 0.0009765625 -0.001953125 0.00390625 -0.0078125 0.015625 -0.03125 0.00048828125 -0.0009765625 0.001953125 -0.00390625 0.0078125 -0.015625 0.03125 -0.00048828125 0.0009765625 -0.001953125 0.00390625 -0.0078125 0.015625 -0.03125 0.00048828125 -0.0009765625 0.001953125 -0.00390625 0.0078125 -0.015625 0.03125 -0.00048828125 0.0009765625 -0.001953125 0.00390625 -0.0078125 0.015625 -0.03125 0.00048828125 -0.0009765625 0.001953125 -0.00390625 0.0078125 -0.015625 0.03125 -0.00048828125 0.0009765625 -0.001953125 2.00390625 -0.0078125 0.015625 -0.03125 0.00048828125 -0.0009765625 0.001953125 -0.00390625 0.0078125 -0.015625 0.03125 -0.00048828125 0.0009765625 -0.001953125 0.00390625 -0.0078125 0.015625 -0.03125 0.00048828125 -0.0009765625 0.001953125 -0.00390625 0.0078125 -0.015625 0.03125 -0.00048828125 0.0009765625 -0.001953125 0.00390625 -0.0078125 0.015625 -0.03125 0.00048828125 -0.0009765625 0.001953125 -0.00390625 0.0078125 -0.015625 0.03125 -0.00048828125 0.0009765625 -0.001953125 0.00390625 -0.0078125 0.015625 -0.03125 0.00048828125 -0.0009765625 0.001953125 -0.00390625 0.0078125 -0.015625 0.03125 -0.00048828125 0.0009765625 -0.001953125 0.00390625 -0.0078125 0.015625 -0.03125 0.00048828125 -0.0009765625 0.001953125 -0.00390625 0.0078125 -0.015625 0.03125 -0.00048828125 0.0009765625 -0.001953125 0.00390625 -0.0078125 0.015625 -0.03125 0.00048828125 -0.0009765625 0.001953125 -0.00390625 0.0078125 -0.015625 0.03125 -0.00048828125 0.0009765625 -0.001953125 0.00390625
0.0009765625 -0.001953125 0.00390625 -0.0078125 0.015625 -0.03125 0.0625 -0.0009765625 0.001953125 -0.00390625 0.0078125 -0.015625 0.03125 -0.0625 0.0009765625 -0.001953125 0.00390625 -0.0078125 0.015625 -0.03125 0.0625 -0.0009765625 0.001953125 -0.00390625 0.0078125 -0.015625 0.03125 -0.0625 0.0009765625 -0.001953125 0.00390625 -0.0078125 0.015625 -0.03125 0.0625 -0.0009765625 0.001953125 -0.00390625 0.0078125 -0.015625 0.03125 -0.0625 0.0009765625 -0.001953125 0.00390625 -0.0078125 0.015625 -0.03125 0.0625 -0.0009765625 0.001953125 -0.00390625 0.0078125 -0.015625 0.03125 -0.0625 0.0009765625 -0.001953125 0.00390625 -0.0078125 0.015625 -0.03125 0.0625 -0.0009765625 0.001953125 -0.00390625 0.0078125 -0.015625 0.03125 -0.0625 0.0009765625 -0.001953125 0.00390625 -0.0078125 0.015625 -0.03125 0.0625 -0.0009765625 0.001953125 -0.00390625 0.0078125 -0.015625 0.03125 -0.0625 0.0009765625 -0.001953125 0.00390625 -0.0078125 0.015625 -0.03125 0.0625 -0.0009765625 0.001953125 -0.00390625 0.0078125 -0.015625 0.03125 -0.0625 0.0009765625 -0.001953125 0.00390625 -0.0078125 0.015625 -0.03125 0.0625 -0.0009765625 0.001953125 -0.00390625 0.0078125 -0.015625 0.03125 -0.0625 0.0009765625 -0.001953125 0.00390625 -0.0078125 0.015625 -0.03125 0.0625 -0.0009765625 0.001953125 -0.00390625 0.0078125 -0.015625 0.03125 -0.0625 0.0009765625 -0.001953125 0.00390625 -0.0078125 0.015625 -0.03125 0.0625 -0.0009765625 0.001953125 -0.00390625 0.0078125 -0.015625 0.03125 -0.0625 0.0009765625 -0.001953125 0.00390625 -0.0078125 0.015625 -0.03125 0.0625 -0.0009765625 0.001953125 -0.00390625 0.0078125 -0.015625 0.03125 -0.0625 0.0009765625 -0.001953125 0.00390625 -0.0078125 0.015625 -0.03125 0.0625 -0.0009765625 0.001953125 -0.00390625 0.0078125 -0.015625 0.03125 -0.0625 0.0009765625 -0.001953125 0.00390625 -0.0078125 8.015625 -0.03125 0.0625 -0.0009765625 0.001953125 -0.00390625 0.0078125 -0.015625 0.03125 -0.0625 0.0009765625 -0.001953125 0.00390625 -0.0078125 0.015625 -0.03125 0.0625 -0.0009765625 0.001953125 -0.00390625 0.0078125 -0.015625 0.03125 -0.0625 0.0009765625 -0.001953125 0.00390625 -0.0078125 0.015625 -0.03125 0.0625 -0.0009765625 0.001953125 -0.00390625 0.0078125 -0.015625 0.03125 -0.0625 0.0009765625 -0.001953125 0.00390625 -0.0078125 0.015625 -0.03125 0.0625 -0.0009765625 0.001953125 -0.00390625 0.0078125 -0.015625 0.03125 -0.0625 0.0009765625 -0.001953125 0.00390625 -0.0078125 0.015625 -0.03125 0.0625 -0.0009765625 0.001953125 -0.00390625 0.0078125 -0.015625 0.03125 -0.0625 0.0009765625 -0.001953125 0.00390625 -0.0078125 0.015625 -0.03125 0.0625 -0.0009765625 0.001953125 -0.00390625 0.0078125 -0.015625 0.03125 -0.0625 0.0009765625 -0.001953125 0.00390625 -0.0078125
-0.001953125 0.00390625 -0.0078125 0.015625 -0.03125 0.0625 -0.125 0.001953125 -0.00390625 0.0078125 -0.015625 0.03125 -0.0625 0.125 -0.001953125 0.00390625 -0.0078125 0.015625 -0.03125 0.0625 -0.125 0.001953125 -0.00390625 0.0078125 -0.015625 0.03125 -0.0625 0.125 -0.001953125 0.00390625 -0.0078125 0.015625 -0.03125 0.0625 -0.125 0.001953125 -0.00390625 0.0078125 -0.015625 0.03125 -0.0625 0.125 -0.001953125 0.00390625 -0.0078125 0.015625 -0.03125 0.0625 -0.125 0.001953125 -0.00390625 0.0078125 -0.015625 0.03125 -0.0625 0.125 -0.001953125 0.00390625 -0.0078125 0.015625 -0.03125 0.0625 -0.125 0.001953125 -0.00390625 0.0078125 -0.015625 0.03125 -0.0625 0.125 -0.001953125 0.00390625 -0.0078125 0.015625 -0.03125 0.0625 -0.125 0.001953125 -0.00390625 0.0078125 -0.015625 0.03125 -0.0625 0.125 -0.001953125 0.00390625 -0.0078125 0.015625 -0.03125 0.0625 -0.125 0.001953125 -0.00390625 0.0078125 -0.015625 0.03125 -0.0625 0.125 -0.001953125 0.00390625 -0.0078125 0.015625 -0.03125 0.0625 -0.125 0.001953125 -0.00390625 0.0078125 -0.015625 0.03125 -0.0625 0.125 -0.001953125 0.00390625 -0.0078125 0.015625 -0.03125 0.0625 -0.125 0.001953125 -0.00390625 0.0078125 -0.015625 0.03125 -0.0625 0.125 -0.001953125 0.00390625 -0.0078125 0.015625 -0.03125 0.0625 -0.125 0.001953125 -0.00390625 0.0078125 -0.015625 0.03125 -0.0625 0.125 -0.001953125 0.00390625 -0.0078125 0.015625 -0.03125 0.0625 -0.125 0.001953125 -0.00390625 0.0078125 -0.015625 0.03125 -0.0625 0.125 -0.001953125 0.00390625 -0.0078125 0.015625 -0.03125 0.0625 -0.125 0.001953125 -0.00390625 0.0078125 -0.015625 0.03125 -0.0625 0.125 -0.001953125 0.00390625 -0.0078125 0.015625 -0.03125 32.0625 -0.125 0.001953125 -0.00390625 0.0078125 -0.015625 0.03125 -0.0625 0.125 -0.001953125 0.00390625 -0.0078125 0.015625 -0.03125 0.0625 -0.125 0.001953125 -0.00390625 0.0078125 -0.015625 0.03125 -0.0625 0.125 -0.001953125 0.00390625 -0.0078125 0.015625 -0.03125 0.0625 -0.125 0.001953125 -0.00390625 0.0078125 -0.015625 0.03125 -0.0625 0.125 -0.001953125 0.00390625 -0.0078125 0.015625 -0.03125 0.0625 -0.125 0.001953125 -0.00390625 0.0078125 -0.015625 0.03125 -0.0625 0.125 -0.001953125 0.00390625 -0.0078125 0.015625 -0.03125 0.0625 -0.125 0.001953125 -0.00390625 0.0078125 -0.015625 0.03125 -0.0625 0.125 -0.001953125 0.00390625 -0.0078125 0.015625 -0.03125 0.0625 -0.125 0.001953125 -0.00390625 0.0078125 -0.015625 0.03125 -0.0625 0.125 -0.001953125 0.00390625 -0.0078125 0.015625
0.00048828125 -0.0009765625 0.001953125 -0.00390625 0.0078125 -0.015625 0.03125 -0.00048828125 0.0009765625 -0.001953125 0.00390625 -0.0078125 0.015625 -0.03125 0.00048828125 -0.0009765625 0.001953125 -0.00390625 0.0078125 -0.015625 0.03125 -0.00048828125 0.0009765625 -0.001953125 0.00390625 -0.0078125 0.015625 -0.03125 0.00048828125 -0.0009765625 0.001953125 -0.00390625 0.0078125 -0.015625 0.03125 -0.00048828125 0.0009765625 -0.001953125 0.00390625 -0.0078125 0.015625 -0.03125 0.00048828125 -0.0009765625 0.001953125 -0.00390625 0.0078125 -0.015625 0.03125 -0.00048828125 0.0009765625 -0.001953125 0.00390625 -0.0078125 0.015625 -0.03125 0.00048828125 -0.0009765625 0.001953125 -0.00390625 0.0078125 -0.015625 0.03125 -0.00048828125 0.0009765625 -0.001953125 0.00390625 -0.0078125 0.015625 -0.03125 0.00048828125 -0.0009765625 0.001953125 -0.00390625 0.0078125 -0.015625 0.03125 -0.00048828125 0.0009765625 -0.001953125 0.00390625 -0.0078125 0.015625 -0.03125 0.00048828125 -0.0009765625 0.001953125 -0.00390625 0.0078125 -0.015625 0.03125 -0.00048828125 0.0009765625 -0.001953125 0.00390625 -0.0078125 0.015625 -0.03125 0.00048828125 -0.0009765625 0.001953125 -0.00390625 0.0078125 -0.015625 0.03125 -0.00048828125 0.0009765625 -0.001953125 0.00390625 -0.0078125 0.015625 -0.03125 0.00048828125 -0.0009765625 0.001953125 -0.00390625 0.0078125 -0.015625 0.03125 -0.00048828125 0.0009765625 -0.001953125 0.00390625 -0.0078125 0.015625 -0.03125 0.00048828125 -0.0009765625 0.001953125 -0.00390625 0.0078125 -0.015625 0.03125 -0.00048828125 0.0009765625 -0.001953125 0.00390625 -0.0078125 0.015625 -0.03125 0.00048828125 -0.0009765625 0.001953125 -0.00390625 0.0078125 -0.015625 0.03125 -0.00048828125 0.0009765625 -0.001953125 0.00390625 -0.0078125 0.015625 -0.03125 0.00048828125 -0.0009765625 0.001953125 -0.00390625 0.0078125 -0.015625 0.03125 -0.00048828125 0.0009765625 -0.001953125 0.00390625 -0.0078125 0.015625 -0.03125 0.00048828125 -0.0009765625 0.001953125 -0.00390625 0.0078125 -0.015625 16.03125 -0.00048828125 0.0009765625 -0.001953125 0.00390625 -0.0078125 0.015625 -0.03125 0.00048828125 -0.0009765625 0.001953125 -0.00390625 0.0078125 -0.015625 0.03125 -0.00048828125 0.0009765625 -0.001953125 0.00390625 -0.0078125 0.015625 -0.03125 0.00048828125 -0.0009765625 0.001953125 -0.00390625 0.0078125 -0.015625 0.03125 -0.00048828125 0.0009765625 -0.001953125 0.00390625 -0.0078125 0.015625 -0.03125 0.00048828125 -0.0009765625 0.001953125 -0.00390625 0.0078125 -0.015625 0.03125 -0.00048828125 0.0009765625 -0.001953125 0.00390625 -0.0078125 0.015625 -0.03125 0.00048828125 -0.0009765625 0.001953125 -0.00390625 0.0078125 -0.015625 0.03125 -0.00048828125 0.0009765625 -0.001953125 0.00390625 -0.0078125 0.015625 -0.03125 0.00048828125 -0.0009765625 0.001953125 -0.00390625 0.0078125 -0.015625 0.03125 -0.00048828125 0.0009765625 -0.001953125 0.00390625 -0.0078125 0.015625 -0.03125 0.00048828125 -0.0009765625 0.001953125 -0.00390625
-0.0009765625 0.001953125 -0.00390625 0.0078125 -0.015625 0.03125 -0.0625 0.0009765625 -0.001953125 0.00390625 -0.0078125 0.015625 -0.03125 0.0625 -0.0009765625 0.001953125 -0.00390625 0.0078125 -0.015625 0.03125 -0.0625 0.0009765625 -0.001953125 0.00390625 -0.0078125 0.015625 -0.03125 0.0625 -0.0009765625 0.001953125 -0.00390625 0.0078125 -0.015625 0.03125 -0.0625 0.0009765625 -0.001953125 0.00390625 -0.0078125 0.015625 -0.03125 0.0625 -0.0009765625 0.001953125 -0.00390625 0.0078125 -0.015625 0.03125 -0.0625 0.0009765625 -0.001953125 0.00390625 -0.0078125 0.015625 -0.03125 0.0625 -0.0009765625 0.001953125 -0.00390625 0.0078125 -0.015625 0.03125 -0.0625 0.0009765625 -0.001953125 0.00390625 -0.0078125 0.015625 -0.03125 0.0625 -0.0009765625 0.001953125 -0.00390625 0.0078125 -0.015625 0.03125 -0.0625 0.0009765625 -0.001953125 0.00390625 -0.0078125 0.015625 -0.03125 0.0625 -0.0009765625 0.001953125 -0.00390625 0.0078125 -0.015625 0.03125 -0.0625 0.0009765625 -0.001953125 0.00390625 -0.0078125 0.015625 -0.03125 0.0625 -0.0009765625 0.001953125 -0.00390625 0.0078125 -0.015625 0.03125 -0.0625 0.0009765625 -0.001953125 0.00390625 -0.0078125 0.015625 -0.03125 0.0625 -0.0009765625 0.001953125 -0.00390625 0.0078125 -0.015625 0.03125 -0.0625 0.0009765625 -0.001953125 0.00390625 -0.0078125 0.015625 -0.03125 0.0625 -0.0009765625 0.001953125 -0.00390625 0.0078125 -0.015625 0.03125 -0.0625 0.0009765625 -0.001953125 0.00390625 -0.0078125 0.015625 -0.03125 0.0625 -0.0009765625 0.001953125 -0.00390625 0.0078125 -0.015625 0.03125 -0.0625 0.0009765625 -0.001953125 0.00390625 -0.0078125 0.015625 -0.03125 0.0625 -0.0009765625 0.001953125 -0.00390625 0.0078125 -0.015625 0.03125 -0.0625 0.0009765625 -0.001953125 0.00390625 -0.0078125 0.015625 -0.03125 0.0625 -0.0009765625 0.001953125 -0.00390625 0.0078125 -0.015625 0.03125 -0.0625 0.5009765625 -0.001953125 0.00390625 -0.0078125 0.015625 -0.03125 0.0625 -0.0009765625 0.001953125 -0.00390625 0.0078125 -0.015625 0.03125 -0.0625 0.0009765625 -0.001953125 0.00390625 -0.0078125 0.015625 -0.03125 0.0625 -0.0009765625 0.001953125 -0.00390625 0.0078125 -0.015625 0.03125 -0.0625 0.0009765625 -0.001953125 0.00390625 -0.0078125 0.015625 -0.03125 0.0625 -0.0009765625 0.001953125 -0.00390625 0.0078125 -0.015625 0.03125 -0.0625 0.0009765625 -0.001953125 0.00390625 -0.0078125 0.015625 -0.03125 0.0625 -0.0009765625 0.001953125 -0.00390625 0.0078125 -0.015625 0.03125 -0.0625 0.0009765625 -0.001953125 0.00390625 -0.0078125 0.015625 -0.03125 0.0625 -0.0009765625 0.001953125 -0.00390625 0.0078125 -0.015625 0.03125 -0.0625 0.0009765625 -0.001953125 0.00390625 -0.0078125 0.015625 -0.03125 0.0625 -0.0009765625 0.001953125 -0.00390625 0.0078125
0.001953125 -0.00390625 0.0078125 -0.015625 0.03125 -0.0625 0.125 -0.001953125 0.00390625 -0.0078125 0.015625 -0.03125 0.0625 -0.125 0.001953125 -0.00390625 0.0078125 -0.015625 0.03125 -0.0625 0.125 -0.001953125 0.00390625 -0.0078125 0.015625 -0.03125 0.0625 -0.125 0.001953125 -0.00390625 0.0078125 -0.015625 0.03125 -0.0625 0.125 -0.001953125 0.00390625 -0.0078125 0.015625 -0.03125 0.0625 -0.125 0.001953125 -0.00390625 0.0078125 -0.015625 0.03125 -0.0625 0.125 -0.001953125 0.00390625 -0.0078125 0.015625 -0.03125 0.0625 -0.125 0.001953125 -0.00390625 0.0078125 -0.015625 0.03125 -0.0625 0.125 -0.001953125 0.00390625 -0.0078125 0.015625 -0.03125 0.0625 -0.125 0.001953125 -0.00390625 0.0078125 -0.015625 0.03125 -0.0625 0.125 -0.001953125 0.00390625 -0.0078125 0.015625 -0.03125 0.0625 -0.125 0.001953125 -0.00390625 0.0078125 -0.015625 0.03125 -0.0625 0.125 -0.001953125 0.00390625 -0.0078125 0.015625 -0.03125 0.0625 -0.125 0.001953125 -0.00390625 0.0078125 -0.015625 0.03125 -0.0625 0.125 -0.001953125 0.00390625 -0.0078125 0.015625 -0.03125 0.0625 -0.125 0.001953125 -0.00390625 0.0078125 -0.015625 0.03125 -0.0625 0.125 -0.001953125 0.00390625 -0.0078125 0.015625 -0.03125 0.0625 -0.125 0.001953125 -0.00390625 0.0078125 -0.015625 0.03125 -0.0625 0.125 -0.001953125 0.00390625 -0.0078125 0.015625 -0.03125 0.0625 -0.125 0.001953125 -0.00390625 0.0078125 -0.015625 0.03125 -0.0625 0.125 -0.001953125 0.00390625 -0.0078125 0.015625 -0.03125 0.0625 -0.125 0.001953125 -0.00390625 0.0078125 -0.015625 0.03125 -0.0625 0.125 -0.001953125 0.00390625 -0.0078125 0.015625 -0.03125 0.0625 -0.125 0.001953125 -0.00390625 0.0078125 -0.015625 0.03125 -0.0625 0.125 -0.001953125 2.00390625 -0.0078125 0.015625 -0.03125 0.0625 -0.125 0.001953125 -0.00390625 0.0078125 -0.015625 0.03125 -0.0625 0.125 -0.001953125 0.00390625 -0.0078125 0.015625 -0.03125 0.0625 -0.125 0.001953125 -0.00390625 0.0078125 -0.015625 0.03125 -0.0625 0.125 -0.001953125 0.00390625 -0.0078125 0.015625 -0.03125 0.0625 -0.125 0.001953125 -0.00390625 0.0078125 -0.015625 0.03125 -0.0625 0.125 -0.001953125 0.00390625 -0.0078125 0.015625 -0.03125 0.0625 -0.125 0.001953125 -0.00390625 0.0078125 -0.015625 0.03125 -0.0625 0.125 -0.001953125 0.00390625 -0.0078125 0.015625 -0.03125 0.0625 -0.125 0.001953125 -0.00390625 0.0078125 -0.015625 0.03125 -0.0625 0.125 -0.001953125 0.00390625 -0.0078125 0.015625 -0.03125 0.0625 -0.125 0.001953125 -0.00390625 0.0078125 -0.015625
-0.00048828125 0.0009765625 -0.001953125 0.00390625 -0.0078125 0.015625 -0.03125 0.00048828125 -0.0009765625 0.001953125 -0.00390625 0.0078125 -0.015625 0.03125 -0.00048828125 0.0009765625 -0.001953125 0.00390625 -0.0078125 0.015625 -0.03125 0.00048828125 -0.0009765625 0.001953125 -0.00390625 0.0078125 -0.015625 0.03125 -0.00048828125 0.0009765625 -0.001953125 0.00390625 -0.0078125 0.015625 -0.03125 0.00048828125 -0.0009765625 0.001953125 -0.00390625 0.0078125 -0.015625 0.03125 -0.00048828125 0.0009765625 -0.001953125 0.00390625 -0.0078125 0.015625 -0.03125 0.00048828125 -0.0009765625 0.001953125 -0.00390625 0.0078125 -0.015625 0.03125 -0.00048828125 0.0009765625 -0.001953125 0.00390625 -0.0078125 0.015625 -0.03125 0.00048828125 -0.0009765625 0.001953125 -0.00390625 0.0078125 -0.015625 0.03125 -0.00048828125 0.0009765625 -0.001953125 0.00390625 -0.0078125 0.015625 -0.03125 0.00048828125 -0.0009765625 0.001953125 -0.00390625 0.0078125 -0.015625 0.03125 -0.00048828125 0.0009765625 -0.001953125 0.00390625 -0.0078125 0.015625 -0.03125 0.00048828125 -0.0009765625 0.001953125 -0.00390625 0.0078125 -0.015625 0.03125 -0.00048828125 0.0009765625 -0.001953125 0.00390625 -0.0078125 0.015625 -0.03125 0.00048828125 -0.0009765625 0.001953125 -0.00390625 0.0078125 -0.015625 0.03125 -0.00048828125 0.0009765625 -0.001953125 0.00390625 -0.0078125 0.015625 -0.03125 0.00048828125 -0.0009765625 0.001953125 -0.00390625 0.0078125 -0.015625 0.03125 -0.00048828125 0.0009765625 -0.001953125 0.00390625 -0.0078125 0.015625 -0.03125 0.00048828125 -0.0009765625 0.001953125 -0.00390625 0.0078125 -0.015625 0.03125 -0.00048828125 0.0009765625 -0.001953125 0.00390625 -0.0078125 0.015625 -0.03125 0.00048828125 -0.0009765625 0.001953125 -0.00390625 0.0078125 -0.015625 0.03125 -0.00048828125 0.0009765625 -0.001953125 0.00390625 -0.0078125 0.015625 -0.03125 0.00048828125 -0.0009765625 0.001953125 -0.00390625 0.0078125 -0.015625 0.03125 -0.00048828125 0.0009765625 -0.001953125 0.00390625 -0.0078125 0.015625 -0.03125 0.00048828125 -0.0009765625 1.001953125 -0.00390625 0.0078125 -0.015625 0.03125 -0.00048828125 0.0009765625 -0.001953125 0.00390625 -0.0078125 0.015625 -0.03125 0.00048828125 -0.0009765625 0.001953125 -0.00390625 0.0078125 -0.015625 0.03125 -0.00048828125 0.0009765625 -0.001953125 0.00390625 -0.0078125 0.015625 -0.03125 0.00048828125 -0.0009765625 0.001953125 -0.00390625 0.0078125 -0.015625 0.03125 -0.00048828125 0.0009765625 -0.001953125 0.00390625 -0.0078125 0.015625 -0.03125 0.00048828125 -0.0009765625 0.001953125 -0.00390625 0.0078125 -0.015625 0.03125 -0.00048828125 0.0009765625 -0.001953125 0.00390625 -0.0078125 0.015625 -0.03125 0.00048828125 -0.0009765625 0.001953125 -0.00390625 0.0078125 -0.015625 0.03125 -0.00048828125 0.0009765625 -0.001953125 0.00390625 -0.0078125 0.015625 -0.03125 0.00048828125 -0.0009765625 0.001953125 -0.00390625 0.0078125 -0.015625 0.03125 -0.00048828125 0.0009765625 -0.001953125 0.00390625
0.0009765625 -0.001953125 0.00390625 -0.0078125 0.015625 -0.03125 0.0625 -0.0009765625 0.001953125 -0.00390625 0.0078125 -0.015625 0.03125 -0.0625 0.0009765625 -0.001953125 0.00390625 -0.0078125 0.015625 -0.03125 0.0625 -0.0009765625 0.001953125 -0.00390625 0.0078125 -0.015625 0.03125 -0.0625 0.0009765625 -0.001953125 0.00390625 -0.0078125 0.015625 -0.03125 0.0625 -0.0009765625 0.001953125 -0.00390625 0.0078125 -0.015625 0.03125 -0.0625 0.0009765625 -0.001953125 0.00390625 -0.0078125 0.015625 -0.03125 0.0625 -0.0009765625 0.001953125 -0.00390625 0.0078125 -0.015625 0.03125 -0.0625 0.0009765625 -0.001953125 0.00390625 -0.0078125 0.015625 -0.03125 0.0625 -0.0009765625 0.001953125 -0.00390625 0.0078125 -0.015625 0.03125 -0.0625 0.0009765625 -0.001953125 0.00390625 -0.0078125 0.015625 -0.03125 0.0625 -0.0009765625 0.001953125 -0.00390625 0.0078125 -0.015625 0.03125 -0.0625 0.0009765625 -0.001953125 0.00390625 -0.0078125 0.015625 -0.03125 0.0625 -0.0009765625 0.001953125 -0.00390625 0.0078125 -0.015625 0.03125 -0.0625 0.0009765625 -0.001953125 0.00390625 -0.0078125 0.015625 -0.03125 0.0625 -0.0009765625 0.001953125 -0.00390625 0.0078125 -0.015625 0.03125 -0.0625 0.0009765625 -0.001953125 0.00390625 -0.0078125 0.015625 -0.03125 0.0625 -0.0009765625 0.001953125 -0.00390625 0.0078125 -0.015625 0.03125 -0.0625 0.0009765625 -0.001953125 0.00390625 -0.0078125 0.015625 -0.03125 0.0625 -0.0009765625 0.001953125 -0.00390625 0.0078125 -0.015625 0.03125 -0.0625 0.0009765625 -0.001953125 0.00390625 -0.0078125 0.015625 -0.03125 0.0625 -0.0009765625 0.001953125 -0.00390625 0.0078125 -0.015625 0.03125 -0.0625 0.0009765625 -0.001953125 0.00390625 -0.0078125 0.015625 -0.03125 0.0625 -0.0009765625 0.001953125 -0.00390625 0.0078125 -0.015625 0.03125 -0.0625 0.0009765625 -0.001953125 0.00390625 -0.0078125 0.015625 -0.03125 0.0625 -0.0009765625 0.001953125 -0.00390625 4.0078125 -0.015625 0.03125 -0.0625 0.0009765625 -0.001953125 0.00390625 -0.0078125 0.015625 -0.03125 0.0625 -0.0009765625 0.001953125 -0.00390625 0.0078125 -0.015625 0.03125 -0.0625 0.0009765625 -0.001953125 0.00390625 -0.0078125 0.015625 -0.03125 0.0625 -0.0009765625 0.001953125 -0.00390625 0.0078125 -0.015625 0.03125 -0.0625 0.0009765625 -0.001953125 0.00390625 -0.0078125 0.015625 -0.03125 0.0625 -0.0009765625 0.001953125 -0.00390625 0.0078125 -0.015625 0.03125 -0.0625 0.0009765625 -0.001953125 0.00390625 -0.0078125 0.015625 -0.03125 0.0625 -0.0009765625 0.001953125 -0.00390625 0.0078125 -0.015625 0.03125 -0.0625 0.0009765625 -0.001953125 0.00390625 -0.0078125 0.015625 -0.03125 0.0625 -0.0009765625 0.001953125 -0.00390625 0.0078125 -0.015625 0.03125 -0.0625 0.0009765625 -0.001953125 0.00390625 -0.0078125
-0.001953125 0.00390625 -0.0078125 0.015625 -0.03125 0.0625 -0.125 0.001953125 -0.00390625 0.0078125 -0.015625 0.03125 -0.0625 0.125 -0.001953125 0.00390625 -0.0078125 0.015625 -0.03125 0.0625 -0.125 0.001953125 -0.00390625 0.0078125 -0.015625 0.03125 -0.0625 0.125 -0.001953125 0.00390625 -0.0078125 0.015625 -0.03125 0.0625 -0.125 0.001953125 -0.00390625 0.0078125 -0.015625 0.03125 -0.0625 0.125 -0.001953125 0.00390625 -0.0078125 0.015625 -0.03125 0.0625 -0.125 0.001953125 -0.00390625 0.0078125 -0.015625 0.03125 -0.0625 0.125 -0.001953125 0.00390625 -0.0078125 0.015625 -0.03125 0.0625 -0.125 0.001953125 -0.00390625 0.0078125 -0.015625 0.03125 -0.0625 0.125 -0.001953125 0.00390625 -0.0078125 0.015625 -0.03125 0.0625 -0.125 0.001953125 -0.00390625 0.0078125 -0.015625 0.03125 -0.0625 0.125 -0.001953125 0.00390625 -0.0078125 0.015625 -0.03125 0.0625 -0.125 0.001953125 -0.00390625 0.0078125 -0.015625 0.03125 -0.0625 0.125 -0.001953125 0.00390625 -0.0078125 0.015625 -0.03125 0.0625 -0.125 0.001953125 -0.00390625 0.0078125 -0.015625 0.03125 -0.0625 0.125 -0.001953125 0.00390625 -0.0078125 0.015625 -0.03125 0.0625 -0.125 0.001953125 -0.00390625 0.0078125 -0.015625 0.03125 -0.0625 0.125 -0.001953125 0.00390625 -0.0078125 0.015625 -0.03125 0.0625 -0.125 0.001953125 -0.00390625 0.0078125 -0.015625 0.03125 -0.0625 0.125 -0.001953125 0.00390625 -0.0078125 0.015625 -0.03125 0.0625 -0.125 0.001953125 -0.00390625 0.0078125 -0.015625 0.03125 -0.0625 0.125 -0.001953125 0.00390625 -0.0078125 0.015625 -0.03125 0.0625 -0.125 0.001953125 -0.00390625 0.0078125 -0.015625 0.03125 -0.0625 0.125 -0.001953125 0.00390625 -0.0078125 0.015625 -0.03125 0.0625 -0.125 0.001953125 -0.00390625 0.0078125 -0.015625 16.03125 -0.0625 0.125 -0.001953125 0.00390625 -0.0078125 0.015625 -0.03125 0.0625 -0.125 0.001953125 -0.00390625 0.0078125 -0.015625 0.03125 -0.0625 0.125 -0.001953125 0.00390625 -0.0078125 0.015625 -0.03125 0.0625 -0.125 0.001953125 -0.00390625 0.0078125 -0.015625 0.03125 -0.0625 0.125 -0.001953125 0.00390625 -0.0078125 0.015625 -0.03125 0.0625 -0.125 0.001953125 -0.00390625 0.0078125 -0.015625 0.03125 -0.0625 0.125 -0.001953125 0.00390625 -0.0078125 0.015625 -0.03125 0.0625 -0.125 0.001953125 -0.00390625 0.0078125 -0.015625 0.03125 -0.0625 0.125 -0.001953125 0.00390625 -0.0078125 0.015625 -0.03125 0.0625 -0.125 0.001953125 -0.00390625 0.0078125 -0.015625 0.03125 -0.0625 0.125 -0.001953125 0.00390625 -0.0078125 0.015625
0.00048828125 -0.0009765625 0.001953125 -0.00390625 0.0078125 -0.015625 0.03125 -0.00048828125 0.0009765625 -0.001953125 0.00390625 -0.0078125 0.015625 -0.03125 0.00048828125 -0.0009765625 0.001953125 -0.00390625 0.0078125 -0.015625 0.03125 -0.00048828125 0.0009765625 -0.001953125 0.00390625 -0.0078125 0.015625 -0.03125 0.00048828125 -0.0009765625 0.001953125 -0.00390625 0.0078125 -0.015625 0.03125 -0.00048828125 0.0009765625 -0.001953125 0.00390625 -0.0078125 0.015625 -0.03125 0.00048828125 -0.0009765625 0.001953125 -0.00390625 0.0078125 -0.015625 0.03125 -0.00048828125 0.0009765625 -0.001953125 0.00390625 -0.0078125 0.015625 -0.03125 0.00048828125 -0.0009765625 0.001953125 -0.00390625 0.0078125 -0.015625 0.03125 -0.00048828125 0.0009765625 -0.001953125 0.00390625 -0.0078125 0.015625 -0.03125 0.00048828125 -0.0009765625 0.001953125 -0.00390625 0.0078125 -0.015625 0.03125 -0.00048828125 0.0009765625 -0.001953125 0.00390625 -0.0078125 0.015625 -0.03125 0.00048828125 -0.0009765625 0.001953125 -0.00390625 0.0078125 -0.015625 0.03125 -0.00048828125 0.0009765625 -0.001953125 0.00390625 -0.0078125 0.015625 -0.03125 0.00048828125 -0.0009765625 0.001953125 -0.00390625 0.0078125 -0.015625 0.03125 -0.00048828125 0.0009765625 -0.001953125 0.00390625 -0.0078125 0.015625 -0.03125 0.00048828125 -0.0009765625 0.001953125 -0.00390625 0.0078125 -0.015625 0.03125 -0.00048828125 0.0009765625 -0.001953125 0.00390625 -0.0078125 0.015625 -0.03125 0.00048828125 -0.0009765625 0.001953125 -0.00390625 0.0078125 -0.015625 0.03125 -0.00048828125 0.0009765625 -0.001953125 0.00390625 -0.0078125 0.015625 -0.03125 0.00048828125 -0.0009765625 0.001953125 -0.00390625 0.0078125 -0.015625 0.03125 -0.00048828125 0.0009765625 -0.001953125 0.00390625 -0.0078125 0.015625 -0.03125 0.00048828125 -0.0009765625 0.001953125 -0.00390625 0.0078125 -0.015625 0.03125 -0.00048828125 0.0009765625 -0.001953125 0.00390625 -0.0078125 0.015625 -0.03125 0.00048828125 -0.0009765625 0.001953125 -0.00390625 0.0078125 -0.015625 0.03125 -0.00048828125 0.0009765625 -0.001953125 0.00390625 -0.0078125 8.015625 -0.03125 0.00048828125 -0.0009765625 0.001953125 -0.00390625 0.0078125 -0.015625 0.03125 -0.00048828125 0.0009765625 -0.001953125 0.00390625 -0.0078125 0.015625 -0.03125 0.00048828125 -0.0009765625 0.001953125 -0.00390625 0.0078125 -0.015625 0.03125 -0.00048828125 0.0009765625 -0.001953125 0.00390625 -0.0078125 0.015625 -0.03125 0.00048828125 -0.0009765625 0.001953125 -0.00390625 0.0078125 -0.015625 0.03125 -0.00048828125 0.0009765625 -0.001953125 0.00390625 -0.0078125 0.015625 -0.03125 0.00048828125 -0.0009765625 0.001953125 -0.00390625 0.0078125 -0.015625 0.03125 -0.00048828125 0.0009765625 -0.001953125 0.00390625 -0.0078125 0.015625 -0.03125 0.00048828125 -0.0009765625 0.001953125 -0.00390625 0.0078125 -0.015625 0.03125 -0.00048828125 0.0009765625 -0.001953125 0.00390625 -0.0078125 0.015625 -0.03125 0.00048828125 -0.0009765625 0.001953125 -0.00390625
-0.0009765625 0.001953125 -0.00390625 0.0078125 -0.015625 0.03125 -0.0625 0.0009765625 -0.001953125 0.00390625 -0.0078125 0.015625 -0.03125 0.0625 -0.0009765625 0.001953125 -0.00390625 0.0078125 -0.015625 0.03125 -0.0625 0.0009765625 -0.001953125 0.00390625 -0.0078125 0.015625 -0.03125 0.0625 -0.0009765625 0.001953125 -0.00390625 0.0078125 -0.015625 0.03125 -0.0625 0.0009765625 -0.001953125 0.00390625 -0.0078125 0.015625 -0.03125 0.0625 -0.0009765625 0.001953125 -0.00390625 0.0078125 -0.015625 0.03125 -0.0625 0.0009765625 -0.001953125 0.00390625 -0.0078125 0.015625 -0.03125 0.0625 -0.0009765625 0.001953125 -0.00390625 0.0078125 -0.015625 0.03125 -0.0625 0.0009765625 -0.001953125 0.00390625 -0.0078125 0.015625 -0.03125 0.0625 -0.0009765625 0.001953125 -0.00390625 0.0078125 -0.015625 0.03125 -0.0625 0.0009765625 -0.001953125 0.00390625 -0.0078125 0.015625 -0.03125 0.0625 -0.0009765625 0.001953125 -0.00390625 0.0078125 -0.015625 0.03125 -0.0625 0.0009765625 -0.001953125 0.00390625 -0.0078125 0.015625 -0.03125 0.0625 -0.0009765625 0.001953125 -0.00390625 0.0078125 -0.015625 0.03125 -0.0625 0.0009765625 -0.001953125 0.00390625 -0.0078125 0.015625 -0.03125 0.0625 -0.0009765625 0.001953125 -0.00390625 0.0078125 -0.015625 0.03125 -0.0625 0.0009765625 -0.001953125 0.00390625 -0.0078125 0.015625 -0.03125 0.0625 -0.0009765625 0.001953125 -0.00390625 0.0078125 -0.015625 0.03125 -0.0625 0.0009765625 -0.001953125 0.00390625 -0.0078125 0.015625 -0.03125 0.0625 -0.0009765625 0.001953125 -0.00390625 0.0078125 -0.015625 0.03125 -0.0625 0.0009765625 -0.001953125 0.00390625 -0.0078125 0.015625 -0.03125 0.0625 -0.0009765625 0.001953125 -0.00390625 0.0078125 -0.015625 0.03125 -0.0625 0.0009765625 -0.001953125 0.00390625 -0.0078125 0.015625 -0.03125 0.0625 -0.0009765625 0.001953125 -0.00390625 0.0078125 -0.015625 0.03125 -0.0625 0.0009765625 -0.001953125 0.00390625 -0.0078125 0.015625 -0.03125 32.0625 -0.0009765625 0.001953125 -0.00390625 0.0078125 -0.015625 0.03125 -0.0625 0.0009765625 -0.001953125 0.00390625 -0.0078125 0.015625 -0.03125 0.0625 -0.0009765625 0.001953125 -0.00390625 0.0078125 -0.015625 0.03125 -0.0625 0.0009765625 -0.001953125 0.00390625 -0.0078125 0.015625 -0.03125 0.0625 -0.0009765625 0.001953125 -0.00390625 0.0078125 -0.015625 0.03125 -0.0625 0.0009765625 -0.001953125 0.00390625 -0.0078125 0.015625 -0.03125 0.0625 -0.0009765625 0.001953125 -0.00390625 0.0078125 -0.015625 0.03125 -0.0625 0.0009765625 -0.001953125 0.00390625 -0.0078125 0.015625 -0.03125 0.0625 -0.0009765625 0.001953125 -0.00390625 0.0078125 -0.015625 0.03125 -0.0625 0.0009765625 -0.001953125 0.00390625 -0.0078125 0.015625 -0.03125 0.0625 -0.0009765625 0.001953125 -0.00390625 0.0078125
0.001953125 -0.00390625 0.0078125 -0.015625 0.03125 -0.0625 0.125 -0.001953125 0.00390625 -0.0078125 0.015625 -0.03125 0.0625 -0.125 0.001953125 -0.00390625 0.0078125 -0.015625 0.03125 -0.0625 0.125 -0.001953125 0.00390625 -0.0078125 0.015625 -0.03125 0.0625 -0.125 0.001953125 -0.00390625 0.0078125 -0.015625 0.03125 -0.0625 0.125 -0.001953125 0.00390625 -0.0078125 0.015625 -0.03125 0.0625 -0.125 0.001953125 -0.00390625 0.0078125 -0.015625 0.03125 -0.0625 0.125 -0.001953125 0.00390625 -0.0078125 0.015625 -0.03125 0.0625 -0.125 0.001953125 -0.00390625 0.0078125 -0.015625 0.03125 -0.0625 0.125 -0.001953125 0.00390625 -0.0078125 0.015625 -0.03125 0.0625 -0.125 0.001953125 -0.00390625 0.0078125 -0.015625 0.03125 -0.0625 0.125 -0.001953125 0.00390625 -0.0078125 0.015625 -0.03125 0.0625 -0.125 0.001953125 -0.00390625 0.0078125 -0.015625 0.03125 -0.0625 0.125 -0.001953125 0.00390625 -0.0078125 0.015625 -0.03125 0.0625 -0.125 0.001953125 -0.00390625 0.0078125 -0.015625 0.03125 -0.0625 0.125 -0.001953125 0.00390625 -0.0078125 0.015625 -0.03125 0.0625 -0.125 0.001953125 -0.00390625 0.0078125 -0.015625 0.03125 -0.0625 0.125 -0.001953125 0.00390625 -0.0078125 0.015625 -0.03125 0.0625 -0.125 0.001953125 -0.00390625 0.0078125 -0.015625 0.03125 -0.0625 0.125 -0.001953125 0.00390625 -0.0078125 0.015625 -0.03125 0.0625 -0.125 0.001953125 -0.00390625 0.0078125 -0.015625 0.03125 -0.0625 0.125 -0.001953125 0.00390625 -0.0078125 0.015625 -0.03125 0.0625 -0.125 0.001953125 -0.00390625 0.0078125 -0.015625 0.03125 -0.0625 0.125 -0.001953125 0.00390625 -0.0078125 0.015625 -0.03125 0.0625 -0.125 0.001953125 -0.00390625 0.0078125 -0.015625 0.03125 -0.0625 0.125 -0.001953125 0.00390625 -0.0078125 0.015625 -0.03125 0.0625 -0.125 1.001953125 -0.00390625 0.0078125 -0.015625 0.03125 -0.0625 0.125 -0.001953125 0.00390625 -0.0078125 0.015625 -0.03125 0.0625 -0.125 0.001953125 -0.00390625 0.0078125 -0.015625 0.03125 -0.0625 0.125 -0.001953125 0.00390625 -0.0078125 0.015625 -0.03125 0.0625 -0.125 0.001953125 -0.00390625 0.0078125 -0.015625 0.03125 -0.0625 0.125 -0.001953125 0.00390625 -0.0078125 0.015625 -0.03125 0.0625 -0.125 0.001953125 -0.00390625 0.0078125 -0.015625 0.03125 -0.0625 0.125 -0.001953125 0.00390625 -0.0078125 0.015625 -0.03125 0.0625 -0.125 0.001953125 -0.00390625 0.0078125 -0.015625 0.03125 -0.0625 0.125 -0.001953125 0.00390625 -0.0078125 0.015625 -0.03125 0.0625 -0.125 0.001953125 -0.00390625 0.0078125 -0.015625
-0.00048828125 0.0009765625 -0.001953125 0.00390625 -0.0078125 0.015625 -0.03125 0.00048828125 -0.0009765625 0.001953125 -0.00390625 0.0078125 -0.015625 0.03125 -0.00048828125 0.0009765625 -0.001953125 0.00390625 -0.0078125 0.015625 -0.03125 0.00048828125 -0.0009765625 0.001953125 -0.00390625 0.0078125 -0.015625 0.03125 -0.00048828125 0.0009765625 -0.001953125 0.00390625 -0.0078125 0.015625 -0.03125 0.00048828125 -0.0009765625 0.001953125 -0.00390625 0.0078125 -0.015625 0.03125 -0.00048828125 0.0009765625 -0.001953125 0.00390625 -0.0078125 0.015625 -0.03125 0.00048828125 -0.0009765625 0.001953125 -0.00390625 0.0078125 -0.015625 0.03125 -0.00048828125 0.0009765625 -0.001953125 0.00390625 -0.0078125 0.015625 -0.03125 0.00048828125 -0.0009765625 0.001953125 -0.00390625 0.0078125 -0.015625 0.03125 -0.00048828125 0.0009765625 -0.001953125 0.00390625 -0.0078125 0.015625 -0.03125 0.00048828125 -0.0009765625 0.001953125 -0.00390625 0.0078125 -0.015625 0.03125 -0.00048828125 0.0009765625 -0.001953125 0.00390625 -0.0078125 0.015625 -0.03125 0.00048828125 -0.0009765625 0.001953125 -0.00390625 0.0078125 -0.015625 0.03125 -0.00048828125 0.0009765625 -0.001953125 0.00390625 -0.0078125 0.015625 -0.03125 0.00048828125 -0.0009765625 0.001953125 -0.00390625 0.0078125 -0.015625 0.03125 -0.00048828125 0.0009765625 -0.001953125 0.00390625 -0.0078125 0.015625 -0.03125 0.00048828125 -0.0009765625 0.001953125 -0.00390625 0.0078125 -0.015625 0.03125 -0.00048828125 0.0009765625 -0.001953125 0.00390625 -0.0078125 0.015625 -0.03125 0.00048828125 -0.0009765625 0.001953125 -0.00390625 0.0078125 -0.015625 0.03125 -0.00048828125 0.0009765625 -0.001953125 0.00390625 -0.0078125 0.015625 -0.03125 0.00048828125 -0.0009765625 0.001953125 -0.00390625 0.0078125 -0.015625 0.03125 -0.00048828125 0.0009765625 -0.001953125 0.00390625 -0.0078125 0.015625 -0.03125 0.00048828125 -0.0009765625 0.001953125 -0.00390625 0.0078125 -0.015625 0.03125 -0.00048828125 0.0009765625 -0.001953125 0.00390625 -0.0078125 0.015625 -0.03125 0.00048828125 -0.0009765625 0.001953125 -0.00390625 0.0078125 -0.015625 0.03125 -0.00048828125 0.5009765625 -0.001953125 0.00390625 -0.0078125 0.015625 -0.03125 0.00048828125 -0.0009765625 0.001953125 -0.00390625 0.0078125 -0.015625 0.03125 -0.00048828125 0.0009765625 -0.001953125 0.00390625 -0.0078125 0.015625 -0.03125 0.00048828125 -0.0009765625 0.001953125 -0.00390625 0.0078125 -0.015625 0.03125 -0.00048828125 0.0009765625 -0.001953125 0.00390625 -0.0078125 0.015625 -0.03125 0.00048828125 -0.0009765625 0.001953125 -0.00390625 0.0078125 -0.015625 0.03125 -0.00048828125 0.0009765625 -0.001953125 0.00390625 -0.0078125 0.015625 -0.03125 0.00048828125 -0.0009765625 0.001953125 -0.00390625 0.0078125 -0.015625 0.03125 -0.00048828125 0.0009765625 -0.001953125 0.00390625 -0.0078125 0.015625 -0.03125 0.00048828125 -0.0009765625 0.001953125 -0.00390625 0.0078125 -0.015625 0.03125 -0.00048828125 0.0009765625 -0.001953125 0.00390625
0.0009765625 -0.001953125 0.00390625 -0.0078125 0.015625 -0.03125 0.0625 -0.0009765625 0.001953125 -0.00390625 0.0078125 -0.015625 0.03125 -0.0625 0.0009765625 -0.001953125 0.00390625 -0.0078125 0.015625 -0.03125 0.0625 -0.0009765625 0.001953125 -0.00390625 0.0078125 -0.015625 0.03125 -0.0625 0.0009765625 -0.001953125 0.00390625 -0.0078125 0.015625 -0.03125 0.0625 -0.0009765625 0.001953125 -0.00390625 0.0078125 -0.015625 0.03125 -0.0625 0.0009765625 -0.001953125 0.00390625 -0.0078125 0.015625 -0.03125 0.0625 -0.0009765625 0.001953125 -0.00390625 0.0078125 -0.015625 0.03125 -0.0625 0.0009765625 -0.001953125 0.00390625 -0.0078125 0.015625 -0.03125 0.0625 -0.0009765625 0.001953125 -0.00390625 0.0078125 -0.015625 0.03125 -0.0625 0.0009765625 -0.001953125 0.00390625 -0.0078125 0.015625 -0.03125 0.0625 -0.0009765625 0.001953125 -0.00390625 0.0078125 -0.015625 0.03125 -0.0625 0.0009765625 -0.001953125 0.00390625 -0.0078125 0.015625 -0.03125 0.0625 -0.0009765625 0.001953125 -0.00390625 0.0078125 -0.015625 0.03125 -0.0625 0.0009765625 -0.001953125 0.00390625 -0.0078125 0.015625 -0.03125 0.0625 -0.0009765625 0.001953125 -0.00390625 0.0078125 -0.015625 0.03125 -0.0625 0.0009765625 -0.001953125 0.00390625 -0.0078125 0.015625 -0.03125 0.0625 -0.0009765625 0.001953125 -0.00390625 0.0078125 -0.015625 0.03125 -0.0625 0.0009765625 -0.001953125 0.00390625 -0.0078125 0.015625 -0.03125 0.0625 -0.0009765625 0.001953125 -0.00390625 0.0078125 -0.015625 0.03125 -0.0625 0.0009765625 -0.001953125 0.00390625 -0.0078125 0.015625 -0.03125 0.0625 -0.0009765625 0.001953125 -0.00390625 0.0078125 -0.015625 0.03125 -0.0625 0.0009765625 -0.001953125 0.00390625 -0.0078125 0.015625 -0.03125 0.0625 -0.0009765625 0.001953125 -0.00390625 0.0078125 -0.015625 0.03125 -0.0625 0.0009765625 -0.001953125 0.00390625 -0.0078125 0.015625 -0.03125 0.0625 -0.0009765625 0.001953125 -0.00390625 0.0078125 -0.015625 0.03125 -0.0625 0.0009765625 -0.001953125 2.00390625 -0.0078125 0.015625 -0.03125 0.0625 -0.0009765625 0.001953125 -0.00390625 0.0078125 -0.015625 0.03125 -0.0625 0.0009765625 -0.001953125 0.00390625 -0.0078125 0.015625 -0.03125 0.0625 -0.0009765625 0.001953125 -0.00390625 0.0078125 -0.015625 0.03125 -0.0625 0.0009765625 -0.001953125 0.00390625 -0.0078125 0.015625 -0.03125 0.0625 -0.0009765625 0.001953125 -0.00390625 0.0078125 -0.015625 0.03125 -0.0625 0.0009765625 -0.001953125 0.00390625 -0.0078125 0.015625 -0.03125 0.0625 -0.0009765625 0.001953125 -0.00390625 0.0078125 -0.015625 0.03125 -0.0625 0.0009765625 -0.001953125 0.00390625 -0.0078125 0.015625 -0.03125 0.0625 -0.0009765625 0.001953125 -0.00390625 0.0078125 -0.015625 0.03125 -0.0625 0.0009765625 -0.001953125 0.00390625 -0.0078125
-0.001953125 0.00390625 -0.0078125 0.015625 -0.03125 0.0625 -0.125 0.001953125 -0.00390625 0.0078125 -0.015625 0.03125 -0.0625 0.125 -0.001953125 0.00390625 -0.0078125 0.015625 -0.03125 0.0625 -0.125 0.001953125 -0.00390625 0.0078125 -0.015625 0.03125 -0.0625 0.125 -0.001953125 0.00390625 -0.0078125 0.015625 -0.03125 0.0625 -0.125 0.001953125 -0.00390625 0.0078125 -0.015625 0.03125 -0.0625 0.125 -0.001953125 0.00390625 -0.0078125 0.015625 -0.03125 0.0625 -0.125 0.001953125 -0.00390625 0.0078125 -0.015625 0.03125 -0.0625 0.125 -0.001953125 0.00390625 -0.0078125 0.015625 -0.03125 0.0625 -0.125 0.001953125 -0.00390625 0.0078125 -0.015625 0.03125 -0.0625 0.125 -0.001953125 0.00390625 -0.0078125 0.015625 -0.03125 0.0625 -0.125 0.001953125 -0.00390625 0.0078125 -0.015625 0.03125 -0.0625 0.125 -0.001953125 0.00390625 -0.0078125 0.015625 -0.03125 0.0625 -0.125 0.001953125 -0.00390625 0.0078125 -0.015625 0.03125 -0.0625 0.125 -0.001953125 0.00390625 -0.0078125 0.015625 -0.03125 0.0625 -0.125 0.001953125 -0.00390625 0.0078125 -0.015625 0.03125 -0.0625 0.125 -0.001953125 0.00390625 -0.0078125 0.015625 -0.03125 0.0625 -0.125 0.001953125 -0.00390625 0.0078125 -0.015625 0.03125 -0.0625 0.125 -0.001953125 0.00390625 -0.0078125 0.015625 -0.03125 0.0625 -0.125 0.001953125 -0.00390625 0.0078125 -0.015625 0.03125 -0.0625 0.125 -0.001953125 0.00390625 -0.0078125 0.015625 -0.03125 0.0625 -0.125 0.001953125 -0.00390625 0.0078125 -0.015625 0.03125 -0.0625 0.125 -0.001953125 0.00390625 -0.0078125 0.015625 -0.03125 0.0625 -0.125 0.001953125 -0.00390625 0.0078125 -0.015625 0.03125 -0.0625 0.125 -0.001953125 0.00390625 -0.0078125 0.015625 -0.03125 0.0625 -0.125 0.001953125 -0.00390625 0.0078125 -0.015625 0.03125 -0.0625 0.125 -0.001953125 0.00390625 -0.0078125 8.015625 -0.03125 0.0625 -0.125 0.001953125 -0.00390625 0.0078125 -0.015625 0.03125 -0.0625 0.125 -0.001953125 0.00390625 -0.0078125 0.015625 -0.03125 0.0625 -0.125 0.001953125 -0.00390625 0.0078125 -0.015625 0.03125 -0.0625 0.125 -0.001953125 0.00390625 -0.0078125 0.015625 -0.03125 0.0625 -0.125 0.001953125 -0.00390625 0.0078125 -0.015625 0.03125 -0.0625 0.125 -0.001953125 0.00390625 -0.0078125 0.015625 -0.03125 0.0625 -0.125 0.001953125 -0.00390625 0.0078125 -0.015625 0.03125 -0.0625 0.125 -0.001953125 0.00390625 -0.0078125 0.015625 -0.03125 0.0625 -0.125 0.001953125 -0.00390625 0.0078125 -0.015625 0.03125 -0.0625 0.125 -0.001953125 0.00390625 -0.0078125 0.015625
0.00048828125 -0.0009765625 0.001953125 -0.00390625 0.0078125 -0.015625 0.03125 -0.00048828125 0.0009765625 -0.001953125 0.00390625 -0.0078125 0.015625 -0.03125 0.00048828125 -0.0009765625 0.001953125 -0.00390625 0.0078125 -0.015625 0.03125 -0.00048828125 0.0009765625 -0.001953125 0.00390625 -0.0078125 0.015625 -0.03125 0.00048828125 -0.0009765625 0.001953125 -0.00390625 0.0078125 -0.015625 0.03125 -0.00048828125 0.0009765625 -0.001953125 0.00390625 -0.0078125 0.015625 -0.03125 0.00048828125 -0.0009765625 0.001953125 -0.00390625 0.0078125 -0.015625 0.03125 -0.00048828125 0.0009765625 -0.001953125 0.00390625 -0.0078125 0.015625 -0.03125 0.00048828125 -0.0009765625 0.001953125 -0.00390625 0.0078125 -0.015625 0.03125 -0.00048828125 0.0009765625 -0.001953125 0.00390625 -0.0078125 0.015625 -0.03125 0.00048828125 -0.0009765625 0.001953125 -0.00390625 0.0078125 -0.015625 0.03125 -0.00048828125 0.0009765625 -0.001953125 0.00390625 -0.0078125 0.015625 -0.03125 0.00048828125 -0.0009765625 0.001953125 -0.00390625 0.0078125 -0.015625 0.03125 -0.00048828125 0.0009765625 -0.001953125 0.00390625 -0.0078125 0.015625 -0.03125 0.00048828125 -0.0009765625 0.001953125 -0.00390625 0.0078125 -0.015625 0.03125 -0.00048828125 0.0009765625 -0.001953125 0.00390625 -0.0078125 0.015625 -0.03125 0.00048828125 -0.0009765625 0.001953125 -0.00390625 0.0078125 -0.015625 0.03125 -0.00048828125 0.0009765625 -0.001953125 0.00390625 -0.0078125 0.015625 -0.03125 0.00048828125 -0.0009765625 0.001953125 -0.00390625 0.0078125 -0.015625 0.03125 -0.00048828125 0.0009765625 -0.001953125 0.00390625 -0.0078125 0.015625 -0.03125 0.00048828125 -0.0009765625 0.001953125 -0.00390625 0.0078125 -0.015625 0.03125 -0.00048828125 0.0009765625 -0.001953125 0.00390625 -0.0078125 0.015625 -0.03125 0.00048828125 -0.0009765625 0.001953125 -0.00390625 0.0078125 -0.015625 0.03125 -0.00048828125 0.0009765625 -0.001953125 0.00390625 -0.0078125 0.015625 -0.03125 0.00048828125 -0.0009765625 0.001953125 -0.00390625 0.0078125 -0.015625 0.03125 -0.00048828125 0.0009765625 -0.001953125 0.00390625 -0.0078125 0.015625 -0.03125 0.00048828125 -0.0009765625 0.001953125 -0.00390625 4.0078125 -0.015625 0.03125 -0.00048828125 0.0009765625 -0.001953125 0.00390625 -0.0078125 0.015625 -0.03125 0.00048828125 -0.0009765625 0.001953125 -0.00390625 0.0078125 -0.015625 0.03125 -0.00048828125 0.0009765625 -0.001953125 0.00390625 -0.0078125 0.015625 -0.03125 0.00048828125 -0.0009765625 0.001953125 -0.00390625 0.0078125 -0.015625 0.03125 -0.00048828125 0.0009765625 -0.001953125 0.00390625 -0.0078125 0.015625 -0.03125 0.00048828125 -0.0009765625 0.001953125 -0.00390625 0.0078125 -0.015625 0.03125 -0.00048828125 0.0009765625 -0.001953125 0.00390625 -0.0078125 0.015625 -0.03125 0.00048828125 -0.0009765625 0.001953125 -0.00390625 0.0078125 -0.015625 0.03125 -0.00048828125 0.0009765625 -0.001953125 0.00390625 -0.0078125 0.015625 -0.03125 0.00048828125 -0.0009765625 0.001953125 -0.00390625
-0.0009765625 0.001953125 -0.00390625 0.0078125 -0.015625 0.03125 -0.0625 0.0009765625 -0.001953125 0.00390625 -0.0078125 0.015625 -0.03125 0.0625 -0.0009765625 0.001953125 -0.00390625 0.0078125 -0.015625 0.03125 -0.0625 0.0009765625 -0.001953125 0.00390625 -0.0078125 0.015625 -0.03125 0.0625 -0.0009765625 0.001953125 -0.00390625 0.0078125 -0.015625 0.03125 -0.0625 0.0009765625 -0.001953125 0.00390625 -0.0078125 0.015625 -0.03125 0.0625 -0.0009765625 0.001953125 -0.00390625 0.0078125 -0.015625 0.03125 -0.0625 0.0009765625 -0.001953125 0.00390625 -0.0078125 0.015625 -0.03125 0.0625 -0.0009765625 0.001953125 -0.00390625 0.0078125 -0.015625 0.03125 -0.0625 0.0009765625 -0.001953125 0.00390625 -0.0078125 0.015625 -0.03125 0.0625 -0.0009765625 0.001953125 -0.00390625 0.0078125 -0.015625 0.03125 -0.0625 0.0009765625 -0.001953125 0.00390625 -0.0078125 0.015625 -0.03125 0.0625 -0.0009765625 0.001953125 -0.00390625 0.0078125 -0.015625 0.03125 -0.0625 0.0009765625 -0.001953125 0.00390625 -0.0078125 0.015625 -0.03125 0.0625 -0.0009765625 0.001953125 -0.00390625 0.0078125 -0.015625 0.03125 -0.0625 0.0009765625 -0.001953125 0.00390625 -0.0078125 0.015625 -0.03125 0.0625 -0.0009765625 0.001953125 -0.00390625 0.0078125 -0.015625 0.03125 -0.0625 0.0009765625 -0.001953125 0.00390625 -0.0078125 0.015625 -0.03125 0.0625 -0.0009765625 0.001953125 -0.00390625 0.0078125 -0.015625 0.03125 -0.0625 0.0009765625 -0.001953125 0.00390625 -0.0078125 0.015625 -0.03125 0.0625 -0.0009765625 0.001953125 -0.00390625 0.0078125 -0.015625 0.03125 -0.0625 0.0009765625 -0.001953125 0.00390625 -0.0078125 0.015625 -0.03125 0.0625 -0.0009765625 0.001953125 -0.00390625 0.0078125 -0.015625 0.03125 -0.0625 0.0009765625 -0.001953125 0.00390625 -0.0078125 0.015625 -0.03125 0.0625 -0.0009765625 0.001953125 -0.00390625 0.0078125 -0.015625 0.03125 -0.0625 0.0009765625 -0.001953125 0.00390625 -0.0078125 0.015625 -0.03125 0.0625 -0.0009765625 0.001953125 -0.00390625 0.0078125 -0.015625 16.03125 -0.0625 0.0009765625 -0.001953125 0.00390625 -0.0078125 0.015625 -0.03125 0.0625 -0.0009765625 0.001953125 -0.00390625 0.0078125 -0.015625 0.03125 -0.0625 0.0009765625 -0.001953125 0.00390625 -0.0078125 0.015625 -0.03125 0.0625 -0.0009765625 0.001953125 -0.00390625 0.0078125 -0.015625 0.03125 -0.0625 0.0009765625 -0.001953125 0.00390625 -0.0078125 0.015625 -0.03125 0.0625 -0.0009765625 0.001953125 -0.00390625 0.0078125 -0.015625 0.03125 -0.0625 0.0009765625 -0.001953125 0.00390625 -0.0078125 0.015625 -0.03125 0.0625 -0.0009765625 0.001953125 -0.00390625 0.0078125 -0.015625 0.03125 -0.0625 0.0009765625 -0.001953125 0.00390625 -0.0078125 0.015625 -0.03125 0.0625 -0.0009765625 0.001953125 -0.00390625 0.0078125
0.001953125 -0.00390625 0.0078125 -0.015625 0.03125 -0.0625 0.125 -0.001953125 0.00390625 -0.0078125 0.015625 -0.03125 0.0625 -0.125 0.001953125 -0.00390625 0.0078125 -0.015625 0.03125 -0.0625 0.125 -0.001953125 0.00390625 -0.0078125 0.015625 -0.03125 0.0625 -0.125 0.001953125 -0.00390625 0.0078125 -0.015625 0.03125 -0.0625 0.125 -0.001953125 0.00390625 -0.0078125 0.015625 -0.03125 0.0625 -0.125 0.001953125 -0.00390625 0.0078125 -0.015625 0.03125 -0.0625 0.125 -0.001953125 0.00390625 -0.0078125 0.015625 -0.03125 0.0625 -0.125 0.001953125 -0.00390625 0.0078125 -0.015625 0.03125 -0.0625 0.125 -0.001953125 0.00390625 -0.0078125 0.015625 -0.03125 0.0625 -0.125 0.001953125 -0.00390625 0.0078125 -0.015625 0.03125 -0.0625 0.125 -0.001953125 0.00390625 -0.0078125 0.015625 -0.03125 0.0625 -0.125 0.001953125 -0.00390625 0.0078125 -0.015625 0.03125 -0.0625 0.125 -0.001953125 0.00390625 -0.0078125 0.015625 -0.03125 0.0625 -0.125 0.001953125 -0.00390625 0.0078125 -0.015625 0.03125 -0.0625 0.125 -0.001953125 0.00390625 -0.0078125 0.015625 -0.03125 0.0625 -0.125 0.001953125 -0.00390625 0.0078125 -0.015625 0.03125 -0.0625 0.125 -0.001953125 0.00390625 -0.0078125 0.015625 -0.03125 0.0625 -0.125 0.001953125 -0.00390625 0.0078125 -0.015625 0.03125 -0.0625 0.125 -0.001953125 0.00390625 -0.0078125 0.015625 -0.03125 0.0625 -0.125 0.001953125 -0.00390625 0.0078125 -0.015625 0.03125 -0.0625 0.125 -0.001953125 0.00390625 -0.0078125 0.015625 -0.03125 0.0625 -0.125 0.001953125 -0.00390625 0.0078125 -0.015625 0.03125 -0.0625 0.125 -0.001953125 0.00390625 -0.0078125 0.015625 -0.03125 0.0625 -0.125 0.001953125 -0.00390625 0.0078125 -0.015625 0.03125 -0.0625 0.125 -0.001953125 0.00390625 -0.0078125 0.015625 -0.03125 0.0625 -0.125 0.001953125 -0.00390625 0.0078125 -0.015625 0.03125 -0.0625 64.125 -0.001953125 0.00390625 -0.0078125 0.015625 -0.03125 0.0625 -0.125 0.001953125 -0.00390625 0.0078125 -0.015625 0.03125 -0.0625 0.125 -0.001953125 0.00390625 -0.0078125 0.015625 -0.03125 0.0625 -0.125 0.001953125 -0.00390625 0.0078125 -0.015625 0.03125 -0.0625 0.125 -0.001953125 0.00390625 -0.0078125 0.015625 -0.03125 0.0625 -0.125 0.001953125 -0.00390625 0.0078125 -0.015625 0.03125 -0.0625 0.125 -0.001953125 0.00390625 -0.0078125 0.015625 -0.03125 0.0625 -0.125 0.001953125 -0.00390625 0.0078125 -0.015625 0.03125 -0.0625 0.125 -0.001953125 0.00390625 -0.0078125 0.015625 -0.03125 0.0625 -0.125 0.001953125 -0.00390625 0.0078125 -0.015625
-0.00048828125 0.0009765625 -0.001953125 0.00390625 -0.0078125 0.015625 -0.03125 0.00048828125 -0.0009765625 0.001953125 -0.00390625 0.0078125 -0.015625 0.03125 -0.00048828125 0.0009765625 -0.001953125 0.00390625 -0.0078125 0.015625 -0.03125 0.00048828125 -0.0009765625 0.001953125 -0.00390625 0.0078125 -0.015625 0.03125 -0.00048828125 0.0009765625 -0.001953125 0.00390625 -0.0078125 0.015625 -0.03125 0.00048828125 -0.0009765625 0.001953125 -0.00390625 0.0078125 -0.015625 0.03125 -0.00048828125 0.0009765625 -0.001953125 0.00390625 -0.0078125 0.015625 -0.03125 0.00048828125 -0.0009765625 0.001953125 -0.00390625 0.0078125 -0.015625 0.03125 -0.00048828125 0.0009765625 -0.001953125 0.00390625 -0.0078125 0.015625 -0.03125 0.00048828125 -0.0009765625 0.001953125 -0.00390625 0.0078125 -0.015625 0.03125 -0.00048828125 0.0009765625 -0.001953125 0.00390625 -0.0078125 0.015625 -0.03125 0.00048828125 -0.0009765625 0.001953125 -0.00390625 0.0078125 -0.015625 0.03125 -0.00048828125 0.0009765625 -0.001953125 0.00390625 -0.0078125 0.015625 -0.03125 0.00048828125 -0.0009765625 0.001953125 -0.00390625 0.0078125 -0.015625 0.03125 -0.00048828125 0.0009765625 -0.001953125 0.00390625 -0.0078125 0.015625 -0.03125 0.00048828125 -0.0009765625 0.001953125 -0.00390625 0.0078125 -0.015625 0.03125 -0.00048828125 0.0009765625 -0.001953125 0.00390625 -0.0078125 0.015625 -0.03125 0.00048828125 -0.0009765625 0.001953125 -0.00390625 0.0078125 -0.015625 0.03125 -0.00048828125 0.0009765625 -0.001953125 0.00390625 -0.0078125 0.015625 -0.03125 0.00048828125 -0.0009765625 0.001953125 -0.00390625 0.0078125 -0.015625 0.03125 -0.00048828125 0.0009765625 -0.001953125 0.00390625 -0.0078125 0.015625 -0.03125 0.00048828125 -0.0009765625 0.001953125 -0.00390625 0.0078125 -0.015625 0.03125 -0.00048828125 0.0009765625 -0.001953125 0.00390625 -0.0078125 0.015625 -0.03125 0.00048828125 -0.0009765625 0.001953125 -0.00390625 0.0078125 -0.015625 0.03125 -0.00048828125 0.0009765625 -0.001953125 0.00390625 -0.0078125 0.015625 -0.03125 0.00048828125 -0.0009765625 0.001953125 -0.00390625 0.0078125 -0.015625 0.03125 -0.00048828125 0.0009765625 -0.001953125 0.00390625 -0.0078125 0.015625 -0.03125 0.25048828125 -0.0009765625 0.001953125 -0.00390625 0.0078125 -0.015625 0.03125 -0.00048828125 0.0009765625 -0.001953125 0.00390625 -0.0078125 0.015625 -0.03125 0.00048828125 -0.0009765625 0.001953125 -0.00390625 0.0078125 -0.015625 0.03125 -0.00048828125 0.0009765625 -0.001953125 0.00390625 -0.0078125 0.015625 -0.03125 0.00048828125 -0.0009765625 0.001953125 -0.00390625 0.0078125 -0.015625 0.03125 -0.00048828125 0.0009765625 -0.001953125 0.00390625 -0.0078125 0.015625 -0.03125 0.00048828125 -0.0009765625 0.001953125 -0.00390625 0.0078125 -0.015625 0.03125 -0.00048828125 0.0009765625 -0.001953125 0.00390625 -0.0078125 0.015625 -0.03125 0.00048828125 -0.0009765625 0.001953125 -0.00390625 0.0078125 -0.015625 0.03125 -0.00048828125 0.0009765625 -0.001953125 0.00390625
0.0009765625 -0.001953125 0.00390625 -0.0078125 0.015625 -0.03125 0.0625 -0.0009765625 0.001953125 -0.00390625 0.0078125 -0.015625 0.03125 -0.0625 0.0009765625 -0.001953125 0.00390625 -0.0078125 0.015625 -0.03125 0.0625 -0.0009765625 0.001953125 -0.00390625 0.0078125 -0.015625 0.03125 -0.0625 0.0009765625 -0.001953125 0.00390625 -0.0078125 0.015625 -0.03125 0.0625 -0.0009765625 0.001953125 -0.00390625 0.0078125 -0.015625 0.03125 -0.0625 0.0009765625 -0.001953125 0.00390625 -0.0078125 0.015625 -0.03125 0.0625 -0.0009765625 0.001953125 -0.00390625 0.0078125 -0.015625 0.03125 -0.0625 0.0009765625 -0.001953125 0.00390625 -0.0078125 0.015625 -0.03125 0.0625 -0.0009765625 0.001953125 -0.00390625 0.0078125 -0.015625 0.03125 -0.0625 0.0009765625 -0.001953125 0.00390625 -0.0078125 0.015625 -0.03125 0.0625 -0.0009765625 0.001953125 -0.00390625 0.0078125 -0.015625 0.03125 -0.0625 0.0009765625 -0.001953125 0.00390625 -0.0078125 0.015625 -0.03125 0.0625 -0.0009765625 0.001953125 -0.00390625 0.0078125 -0.015625 0.03125 -0.0625 0.0009765625 -0.001953125 0.00390625 -0.0078125 0.015625 -0.03125 0.0625 -0.0009765625 0.001953125 -0.00390625 0.0078125 -0.015625 0.03125 -0.0625 0.0009765625 -0.001953125 0.00390625 -0.0078125 0.015625 -0.03125 0.0625 -0.0009765625 0.001953125 -0.00390625 0.0078125 -0.015625 0.03125 -0.0625 0.0009765625 -0.001953125 0.00390625 -0.0078125 0.015625 -0.03125 0.0625 -0.0009765625 0.001953125 -0.00390625 0.0078125 -0.015625 0.03125 -0.0625 0.0009765625 -0.001953125 0.00390625 -0.0078125 0.015625 -0.03125 0.0625 -0.0009765625 0.001953125 -0.00390625 0.0078125 -0.015625 0.03125 -0.0625 0.0009765625 -0.001953125 0.00390625 -0.0078125 0.015625 -0.03125 0.0625 -0.0009765625 0.001953125 -0.00390625 0.0078125 -0.015625 0.03125 -0.0625 0.0009765625 -0.001953125 0.00390625 -0.0078125 0.015625 -0.03125 0.0625 -0.0009765625 0.001953125 -0.00390625 0.0078125 -0.015625 0.03125 -0.0625 0.0009765625 -0.001953125 0.00390625 -0.0078125 0.015625 -0.03125 0.0625 -0.0009765625 1.001953125 -0.00390625 0.0078125 -0.015625 0.03125 -0.0625 0.0009765625 -0.001953125 0.00390625 -0.0078125 0.015625 -0.03125 0.0625 -0.0009765625 0.001953125 -0.00390625 0.0078125 -0.015625 0.03125 -0.0625 0.0009765625 -0.001953125 0.00390625 -0.0078125 0.015625 -0.03125 0.0625 -0.0009765625 0.001953125 -0.00390625 0.0078125 -0.015625 0.03125 -0.0625 0.0009765625 -0.001953125 0.00390625 -0.0078125 0.015625 -0.03125 0.0625 -0.0009765625 0.001953125 -0.00390625 0.0078125 -0.015625 0.03125 -0.0625 0.0009765625 -0.001953125 0.00390625 -0.0078125 0.015625 -0.03125 0.0625 -0.0009765625 0.001953125 -0.00390625 0.0078125 -0.015625 0.03125 -0.0625 0.0009765625 -0.001953125 0.00390625 -0.0078125
-0.001953125 0.00390625 -0.0078125 0.015625 -0.03125 0.0625 -0.125 0.001953125 -0.00390625 0.0078125 -0.015625 0.03125 -0.0625 0.125 -0.001953125 0.00390625 -0.0078125 0.015625 -0.03125 0.0625 -0.125 0.001953125 -0.00390625 0.0078125 -0.015625 0.03125 -0.0625 0.125 -0.001953125 0.00390625 -0.0078125 0.015625 -0.03125 0.0625 -0.125 0.001953125 -0.00390625 0.0078125 -0.015625 0.03125 -0.0625 0.125 -0.001953125 0.00390625 -0.0078125 0.015625 -0.03125 0.0625 -0.125 0.001953125 -0.00390625 0.0078125 -0.015625 0.03125 -0.0625 0.125 -0.001953125 0.00390625 -0.0078125 0.015625 -0.03125 0.0625 -0.125 0.001953125 -0.00390625 0.0078125 -0.015625 0.03125 -0.0625 0.125 -0.001953125 0.00390625 -0.0078125 0.015625 -0.03125 0.0625 -0.125 0.001953125 -0.00390625 0.0078125 -0.015625 0.03125 -0.0625 0.125 -0.001953125 0.00390625 -0.0078125 0.015625 -0.03125 0.0625 -0.125 0.001953125 -0.00390625 0.0078125 -0.015625 0.03125 -0.0625 0.125 -0.001953125 0.00390625 -0.0078125 0.015625 -0.03125 0.0625 -0.125 0.001953125 -0.00390625 0.0078125 -0.015625 0.03125 -0.0625 0.125 -0.001953125 0.00390625 -0.0078125 0.015625 -0.03125 0.0625 -0.125 0.001953125 -0.00390625 0.0078125 -0.015625 0.03125 -0.0625 0.125 -0.001953125 0.00390625 -0.0078125 0.015625 -0.03125 0.0625 -0.125 0.001953125 -0.00390625 0.0078125 -0.015625 0.03125 -0.0625 0.125 -0.001953125 0.00390625 -0.0078125 0.015625 -0.03125 0.0625 -0.125 0.001953125 -0.00390625 0.0078125 -0.015625 0.03125 -0.0625 0.125 -0.001953125 0.00390625 -0.0078125 0.015625 -0.03125 0.0625 -0.125 0.001953125 -0.00390625 0.0078125 -0.015625 0.03125 -0.0625 0.125 -0.001953125 0.00390625 -0.0078125 0.015625 -0.03125 0.0625 -0.125 0.001953125 -0.00390625 0.0078125 -0.015625 0.03125 -0.0625 0.125 -0.001953125 0.00390625 -0.0078125 0.015625 -0.03125 0.0625 -0.125 0.001953125 -0.00390625 4.0078125 -0.015625 0.03125 -0.0625 0.125 -0.001953125 0.00390625 -0.0078125 0.015625 -0.03125 0.0625 -0.125 0.001953125 -0.00390625 0.0078125 -0.015625 0.03125 -0.0625 0.125 -0.001953125 0.00390625 -0.0078125 0.015625 -0.03125 0.0625 -0.125 0.001953125 -0.00390625 0.0078125 -0.015625 0.03125 -0.0625 0.125 -0.001953125 0.00390625 -0.0078125 0.015625 -0.03125 0.0625 -0.125 0.001953125 -0.00390625 0.0078125 -0.015625 0.03125 -0.0625 0.125 -0.001953125 0.00390625 -0.0078125 0.015625 -0.03125 0.0625 -0.125 0.001953125 -0.00390625 0.0078125 -0.015625 0.03125 -0.0625 0.125 -0.001953125 0.00390625 -0.0078125 0.015625
0.00048828125 -0.0009765625 0.001953125 -0.00390625 0.0078125 -0.015625 0.03125 -0.00048828125 0.0009765625 -0.001953125 0.00390625 -0.0078125 0.015625 -0.03125 0.00048828125 -0.0009765625 0.001953125 -0.00390625 0.0078125 -0.015625 0.03125 -0.00048828125 0.0009765625 -0.001953125 0.00390625 -0.0078125 0.015625 -0.03125 0.00048828125 -0.0009765625 0.001953125 -0.00390625 0.0078125 -0.015625 0.03125 -0.00048828125 0.0009765625 -0.001953125 0.00390625 -0.0078125 0.015625 -0.03125 0.00048828125 -0.0009765625 0.001953125 -0.00390625 0.0078125 -0.015625 0.03125 -0.00048828125 0.0009765625 -0.001953125 0.00390625 -0.0078125 0.015625 -0.03125 0.00048828125 -0.0009765625 0.001953125 -0.00390625 0.0078125 -0.015625 0.03125 -0.00048828125 0.0009765625 -0.001953125 0.00390625 -0.0078125 0.015625 -0.03125 0.00048828125 -0.0009765625 0.001953125 -0.00390625 0.0078125 -0.015625 0.03125 -0.00048828125 0.0009765625 -0.001953125 0.00390625 -0.0078125 0.015625 -0.03125 0.00048828125 -0.0009765625 0.001953125 -0.00390625 0.0078125 -0.015625 0.03125 -0.00048828125 0.0009765625 -0.001953125 0.00390625 -0.0078125 0.015625 -0.03125 0.00048828125 -0.0009765625 0.001953125 -0.00390625 0.0078125 -0.015625 0.03125 -0.00048828125 0.0009765625 -0.001953125 0.00390625 -0.0078125 0.015625 -0.03125 0.00048828125 -0.0009765625 0.001953125 -0.00390625 0.0078125 -0.015625 0.03125 -0.00048828125 0.0009765625 -0.001953125 0.00390625 -0.0078125 0.015625 -0.03125 0.00048828125 -0.0009765625 0.001953125 -0.00390625 0.0078125 -0.015625 0.03125 -0.00048828125 0.0009765625 -0.001953125 0.00390625 -0.0078125 0.015625 -0.03125 0.00048828125 -0.0009765625 0.001953125 -0.00390625 0.0078125 -0.015625 0.03125 -0.00048828125 0.0009765625 -0.001953125 0.00390625 -0.0078125 0.015625 -0.03125 0.00048828125 -0.0009765625 0.001953125 -0.00390625 0.0078125 -0.015625 0.03125 -0.00048828125 0.0009765625 -0.001953125 0.00390625 -0.0078125 0.015625 -0.03125 0.00048828125 -0.0009765625 0.001953125 -0.00390625 0.0078125 -0.015625 0.03125 -0.00048828125 0.0009765625 -0.001953125 0.00390625 -0.0078125 0.015625 -0.03125 0.00048828125 -0.0009765625 0.001953125 -0.00390625 0.0078125 -0.015625 0.03125 -0.00048828125 0.0009765625 -0.001953125 2.00390625 -0.0078125 0.015625 -0.03125 0.00048828125 -0.0009765625 0.001953125 -0.00390625 0.0078125 -0.015625 0.03125 -0.00048828125 0.0009765625 -0.001953125 0.00390625 -0.0078125 0.015625 -0.03125 0.00048828125 -0.0009765625 0.001953125 -0.00390625 0.0078125 -0.015625 0.03125 -0.00048828125 0.0009765625 -0.001953125 0.00390625 -0.0078125 0.015625 -0.03125 0.00048828125 -0.0009765625 0.001953125 -0.00390625 0.0078125 -0.015625 0.03125 -0.00048828125 0.0009765625 -0.001953125 0.00390625 -0.0078125 0.015625 -0.03125 0.00048828125 -0.0009765625 0.001953125 -0.00390625 0.0078125 -0.015625 0.03125 -0.00048828125 0.0009765625 -0.001953125 0.00390625 -0.0078125 0.015625 -0.03125 0.00048828125 -0.0009765625 0.001953125 -0.00390625
-0.0009765625 0.001953125 -0.00390625 0.0078125 -0.015625 0.03125 -0.0625 0.0009765625 -0.001953125 0.00390625 -0.0078125 0.015625 -0.03125 0.0625 -0.0009765625 0.001953125 -0.00390625 0.0078125 -0.015625 0.03125 -0.0625 0.0009765625 -0.001953125 0.00390625 -0.0078125 0.015625 -0.03125 0.0625 -0.0009765625 0.001953125 -0.00390625 0.0078125 -0.015625 0.03125 -0.0625 0.0009765625 -0.001953125 0.00390625 -0.0078125 0.015625 -0.03125 0.0625 -0.0009765625 0.001953125 -0.00390625 0.0078125 -0.015625 0.03125 -0.0625 0.0009765625 -0.001953125 0.00390625 -0.0078125 0.015625 -0.03125 0.0625 -0.0009765625 0.001953125 -0.00390625 0.0078125 -0.015625 0.03125 -0.0625 0.0009765625 -0.001953125 0.00390625 -0.0078125 0.015625 -0.03125 0.0625 -0.0009765625 0.001953125 -0.00390625 0.0078125 -0.015625 0.03125 -0.0625 0.0009765625 -0.001953125 0.00390625 -0.0078125 0.015625 -0.03125 0.0625 -0.0009765625 0.001953125 -0.00390625 0.0078125 -0.015625 0.03125 -0.0625 0.0009765625 -0.001953125 0.00390625 -0.0078125 0.015625 -0.03125 0.0625 -0.0009765625 0.001953125 -0.00390625 0.0078125 -0.015625 0.03125 -0.0625 0.0009765625 -0.001953125 0.00390625 -0.0078125 0.015625 -0.03125 0.0625 -0.0009765625 0.001953125 -0.00390625 0.0078125 -0.015625 0.03125 -0.0625 0.0009765625 -0.001953125 0.00390625 -0.0078125 0.015625 -0.03125 0.0625 -0.0009765625 0.001953125 -0.00390625 0.0078125 -0.015625 0.03125 -0.0625 0.0009765625 -0.001953125 0.00390625 -0.0078125 0.015625 -0.03125 0.0625 -0.0009765625 0.001953125 -0.00390625 0.0078125 -0.015625 0.03125 -0.0625 0.0009765625 -0.001953125 0.00390625 -0.0078125 0.015625 -0.03125 0.0625 -0.0009765625 0.001953125 -0.00390625 0.0078125 -0.015625 0.03125 -0.0625 0.0009765625 -0.001953125 0.00390625 -0.0078125 0.015625 -0.03125 0.0625 -0.0009765625 0.001953125 -0.00390625 0.0078125 -0.015625 0.03125 -0.0625 0.0009765625 -0.001953125 0.00390625 -0.0078125 0.015625 -0.03125 0.0625 -0.0009765625 0.001953125 -0.00390625 0.0078125 -0.015625 0.03125 -0.0625 0.0009765625 -0.001953125 0.00390625 -0.0078125 8.015625 -0.03125 0.0625 -0.0009765625 0.001953125 -0.00390625 0.0078125 -0.015625 0.03125 -0.0625 0.0009765625 -0.001953125 0.00390625 -0.0078125 0.015625 -0.03125 0.0625 -0.0009765625 0.001953125 -0.00390625 0.0078125 -0.015625 0.03125 -0.0625 0.0009765625 -0.001953125 0.00390625 -0.0078125 0.015625 -0.03125 0.0625 -0.0009765625 0.001953125 -0.00390625 0.0078125 -0.015625 0.03125 -0.0625 0.0009765625 -0.001953125 0.00390625 -0.0078125 0.015625 -0.03125 0.0625 -0.0009765625 0.001953125 -0.00390625 0.0078125 -0.015625 0.03125 -0.0625 0.0009765625 -0.001953125 0.00390625 -0.0078125 0.015625 -0.03125 0.0625 -0.0009765625 0.001953125 -0.00390625 0.0078125
0.001953125 -0.00390625 0.0078125 -0.015625 0.03125 -0.0625 0.125 -0.001953125 0.00390625 -0.0078125 0.015625 -0.03125 0.0625 -0.125 0.001953125 -0.00390625 0.0078125 -0.015625 0.03125 -0.0625 0.125 -0.001953125 0.00390625 -0.0078125 0.015625 -0.03125 0.0625 -0.125 0.001953125 -0.00390625 0.0078125 -0.015625 0.03125 -0.0625 0.125 -0.001953125 0.00390625 -0.0078125 0.015625 -0.03125 0.0625 -0.125 0.001953125 -0.00390625 0.0078125 -0.015625 0.03125 -0.0625 0.125 -0.001953125 0.00390625 -0.0078125 0.015625 -0.03125 0.0625 -0.125 0.001953125 -0.00390625 0.0078125 -0.015625 0.03125 -0.0625 0.125 -0.001953125 0.00390625 -0.0078125 0.015625 -0.03125 0.0625 -0.125 0.001953125 -0.00390625 0.0078125 -0.015625 0.03125 -0.0625 0.125 -0.001953125 0.00390625 -0.0078125 0.015625 -0.03125 0.0625 -0.125 0.001953125 -0.00390625 0.0078125 -0.015625 0.03125 -0.0625 0.125 -0.001953125 0.00390625 -0.0078125 0.015625 -0.03125 0.0625 -0.125 0.001953125 -0.00390625 0.0078125 -0.015625 0.03125 -0.0625 0.125 -0.001953125 0.00390625 -0.0078125 0.015625 -0.03125 0.0625 -0.125 0.001953125 -0.00390625 0.0078125 -0.015625 0.03125 -0.0625 0.125 -0.001953125 0.00390625 -0.0078125 0.015625 -0.03125 0.0625 -0.125 0.001953125 -0.00390625 0.0078125 -0.015625 0.03125 -0.0625 0.125 -0.001953125 0.00390625 -0.0078125 0.015625 -0.03125 0.0625 -0.125 0.001953125 -0.00390625 0.0078125 -0.015625 0.03125 -0.0625 0.125 -0.001953125 0.00390625 -0.0078125 0.015625 -0.03125 0.0625 -0.125 0.001953125 -0.00390625 0.0078125 -0.015625 0.03125 -0.0625 0.125 -0.001953125 0.00390625 -0.0078125 0.015625 -0.03125 0.0625 -0.125 0.001953125 -0.00390625 0.0078125 -0.015625 0.03125 -0.0625 0.125 -0.001953125 0.00390625 -0.0078125 0.015625 -0.03125 0.0625 -0.125 0.001953125 -0.00390625 0.0078125 -0.015625 0.03125 -0.0625 0.125 -0.001953125 0.00390625 -0.0078125 0.015625 -0.03125 32.0625 -0.125 0.001953125 -0.00390625 0.0078125 -0.015625 0.03125 -0.0625 0.125 -0.001953125 0.00390625 -0.0078125 0.015625 -0.03125 0.0625 -0.125 0.001953125 -0.00390625 0.0078125 -0.015625 0.03125 -0.0625 0.125 -0.001953125 0.00390625 -0.0078125 0.015625 -0.03125 0.0625 -0.125 0.001953125 -0.00390625 0.0078125 -0.015625 0.03125 -0.0625 0.125 -0.001953125 0.00390625 -0.0078125 0.015625 -0.03125 0.0625 -0.125 0.001953125 -0.00390625 0.0078125 -0.015625 0.03125 -0.0625 0.125 -0.001953125 0.00390625 -0.0078125 0.015625 -0.03125 0.0625 -0.125 0.001953125 -0.00390625 0.0078125 -0.015625
-0.00048828125 0.0009765625 -0.001953125 0.00390625 -0.0078125 0.015625 -0.03125 0.00048828125 -0.0009765625 0.001953125 -0.00390625 0.0078125 -0.015625 0.03125 -0.00048828125 0.0009765625 -0.001953125 0.00390625 -0.0078125 0.015625 -0.03125 0.00048828125 -0.0009765625 0.001953125 -0.00390625 0.0078125 -0.015625 0.03125 -0.00048828125 0.0009765625 -0.001953125 0.00390625 -0.0078125 0.015625 -0.03125 0.00048828125 -0.0009765625 0.001953125 -0.00390625 0.0078125 -0.015625 0.03125 -0.00048828125 0.0009765625 -0.001953125 0.00390625 -0.0078125 0.015625 -0.03125 0.00048828125 -0.0009765625 0.001953125 -0.00390625 0.0078125 -0.015625 0.03125 -0.00048828125 0.0009765625 -0.001953125 0.00390625 -0.0078125 0.015625 -0.03125 0.00048828125 -0.0009765625 0.001953125 -0.00390625 0.0078125 -0.015625 0.03125 -0.00048828125 0.0009765625 -0.001953125 0.00390625 -0.0078125 0.015625 -0.03125 0.00048828125 -0.0009765625 0.001953125 -0.00390625 0.0078125 -0.015625 0.03125 -0.00048828125 0.0009765625 -0.001953125 0.00390625 -0.0078125 0.015625 -0.03125 0.00048828125 -0.0009765625 0.001953125 -0.00390625 0.0078125 -0.015625 0.03125 -0.00048828125 0.0009765625 -0.001953125 0.00390625 -0.0078125 0.015625 -0.03125 0.00048828125 -0.0009765625 0.001953125 -0.00390625 0.0078125 -0.015625 0.03125 -0.00048828125 0.0009765625 -0.001953125 0.00390625 -0.0078125 0.015625 -0.03125 0.00048828125 -0.0009765625 0.001953125 -0.00390625 0.0078125 -0.015625 0.03125 -0.00048828125 0.0009765625 -0.001953125 0.00390625 -0.0078125 0.015625 -0.03125 0.00048828125 -0.0009765625 0.001953125 -0.00390625 0.0078125 -0.015625 0.03125 -0.00048828125 0.0009765625 -0.001953125 0.00390625 -0.0078125 0.015625 -0.03125 0.00048828125 -0.0009765625 0.001953125 -0.00390625 0.0078125 -0.015625 0.03125 -0.00048828125 0.0009765625 -0.001953125 0.00390625 -0.0078125 0.015625 -0.03125 0.00048828125 -0.0009765625 0.001953125 -0.00390625 0.0078125 -0.015625 0.03125 -0.00048828125 0.0009765625 -0.001953125 0.00390625 -0.0078125 0.015625 -0.03125 0.00048828125 -0.0009765625 0.001953125 -0.00390625 0.0078125 -0.015625 0.03125 -0.00048828125 0.0009765625 -0.001953125 0.00390625 -0.0078125 0.015625 -0.03125 0.00048828125 -0.0009765625 0.001953125 -0.00390625 0.0078125 -0.015625 16.03125 -0.00048828125 0.0009765625 -0.001953125 0.00390625 -0.0078125 0.015625 -0.03125 0.00048828125 -0.0009765625 0.001953125 -0.00390625 0.0078125 -0.015625 0.03125 -0.00048828125 0.0009765625 -0.001953125 0.00390625 -0.0078125 0.015625 -0.03125 0.00048828125 -0.0009765625 0.001953125 -0.00390625 0.0078125 -0.015625 0.03125 -0.00048828125 0.0009765625 -0.001953125 0.00390625 -0.0078125 0.015625 -0.03125 0.00048828125 -0.0009765625 0.001953125 -0.00390625 0.0078125 -0.015625 0.03125 -0.00048828125 0.0009765625 -0.001953125 0.00390625 -0.0078125 0.015625 -0.03125 0.00048828125 -0.0009765625 0.001953125 -0.00390625 0.0078125 -0.015625 0.03125 -0.00048828125 0.0009765625 -0.001953125 0.00390625
0.0009765625 -0.001953125 0.00390625 -0.0078125 0.015625 -0.03125 0.0625 -0.0009765625 0.001953125 -0.00390625 0.0078125 -0.015625 0.03125 -0.0625 0.0009765625 -0.001953125 0.00390625 -0.0078125 0.015625 -0.03125 0.0625 -0.0009765625 0.001953125 -0.00390625 0.0078125 -0.015625 0.03125 -0.0625 0.0009765625 -0.001953125 0.00390625 -0.0078125 0.015625 -0.03125 0.0625 -0.0009765625 0.001953125 -0.00390625 0.0078125 -0.015625 0.03125 -0.0625 0.0009765625 -0.001953125 0.00390625 -0.0078125 0.015625 -0.03125 0.0625 -0.0009765625 0.001953125 -0.00390625 0.0078125 -0.015625 0.03125 -0.0625 0.0009765625 -0.001953125 0.00390625 -0.0078125 0.015625 -0.03125 0.0625 -0.0009765625 0.001953125 -0.00390625 0.0078125 -0.015625 0.03125 -0.0625 0.0009765625 -0.001953125 0.00390625 -0.0078125 0.015625 -0.03125 0.0625 -0.0009765625 0.001953125 -0.00390625 0.0078125 -0.015625 0.03125 -0.0625 0.0009765625 -0.001953125 0.00390625 -0.0078125 0.015625 -0.03125 0.0625 -0.0009765625 0.001953125 -0.00390625 0.0078125 -0.015625 0.03125 -0.0625 0.0009765625 -0.001953125 0.00390625 -0.0078125 0.015625 -0.03125 0.0625 -0.0009765625 0.001953125 -0.00390625 0.0078125 -0.015625 0.03125 -0.0625 0.0009765625 -0.001953125 0.00390625 -0.0078125 0.015625 -0.03125 0.0625 -0.0009765625 0.001953125 -0.00390625 0.0078125 -0.015625 0.03125 -0.0625 0.0009765625 -0.001953125 0.00390625 -0.0078125 0.015625 -0.03125 0.0625 -0.0009765625 0.001953125 -0.00390625 0.0078125 -0.015625 0.03125 -0.0625 0.0009765625 -0.001953125 0.00390625 -0.0078125 0.015625 -0.03125 0.0625 -0.0009765625 0.001953125 -0.00390625 0.0078125 -0.015625 0.03125 -0.0625 0.0009765625 -0.001953125 0.00390625 -0.0078125 0.015625 -0.03125 0.0625 -0.0009765625 0.001953125 -0.00390625 0.0078125 -0.015625 0.03125 -0.0625 0.0009765625 -0.001953125 0.00390625 -0.0078125 0.015625 -0.03125 0.0625 -0.0009765625 0.001953125 -0.00390625 0.0078125 -0.015625 0.03125 -0.0625 0.0009765625 -0.001953125 0.00390625 -0.0078125 0.015625 -0.03125 0.0625 -0.0009765625 0.001953125 -0.00390625 0.0078125 -0.015625 0.03125 -0.0625 0.5009765625 -0.001953125 0.00390625 -0.0078125 0.015625 -0.03125 0.0625 -0.0009765625 0.001953125 -0.00390625 0.0078125 -0.015625 0.03125 -0.0625 0.0009765625 -0.001953125 0.00390625 -0.0078125 0.015625 -0.03125 0.0625 -0.0009765625 0.001953125 -0.00390625 0.0078125 -0.015625 0.03125 -0.0625 0.0009765625 -0.001953125 0.00390625 -0.0078125 0.015625 -0.03125 0.0625 -0.0009765625 0.001953125 -0.00390625 0.0078125 -0.015625 0.03125 -0.0625 0.0009765625 -0.001953125 0.00390625 -0.0078125 0.015625 -0.03125 0.0625 -0.0009765625 0.001953125 -0.00390625 0.0078125 -0.015625 0.03125 -0.0625 0.0009765625 -0.001953125 0.00390625 -0.0078125
-0.001953125 0.00390625 -0.0078125 0.015625 -0.03125 0.0625 -0.125 0.001953125 -0.00390625 0.0078125 -0.015625 0.03125 -0.0625 0.125 -0.001953125 0.00390625 -0.0078125 0.015625 -0.03125 0.0625 -0.125 0.001953125 -0.00390625 0.0078125 -0.015625 0.03125 -0.0625 0.125 -0.001953125 0.00390625 -0.0078125 0.015625 -0.03125 0.0625 -0.125 0.001953125 -0.00390625 0.0078125 -0.015625 0.03125 -0.0625 0.125 -0.001953125 0.00390625 -0.0078125 0.015625 -0.03125 0.0625 -0.125 0.001953125 -0.00390625 0.0078125 -0.015625 0.03125 -0.0625 0.125 -0.001953125 0.00390625 -0.0078125 0.015625 -0.03125 0.0625 -0.125 0.001953125 -0.00390625 0.0078125 -0.015625 0.03125 -0.0625 0.125 -0.001953125 0.00390625 -0.0078125 0.015625 -0.03125 0.0625 -0.125 0.001953125 -0.00390625 0.0078125 -0.015625 0.03125 -0.0625 0.125 -0.001953125 0.00390625 -0.0078125 0.015625 -0.03125 0.0625 -0.125 0.001953125 -0.00390625 0.0078125 -0.015625 0.03125 -0.0625 0.125 -0.001953125 0.00390625 -0.0078125 0.015625 -0.03125 0.0625 -0.125 0.001953125 -0.00390625 0.0078125 -0.015625 0.03125 -0.0625 0.125 -0.001953125 0.00390625 -0.0078125 0.015625 -0.03125 0.0625 -0.125 0.001953125 -0.00390625 0.0078125 -0.015625 0.03125 -0.0625 0.125 -0.001953125 0.00390625 -0.0078125 0.015625 -0.03125 0.0625 -0.125 0.001953125 -0.00390625 0.0078125 -0.015625 0.03125 -0.0625 0.125 -0.001953125 0.00390625 -0.0078125 0.015625 -0.03125 0.0625 -0.125 0.001953125 -0.00390625 0.0078125 -0.015625 0.03125 -0.0625 0.125 -0.001953125 0.00390625 -0.0078125 0.015625 -0.03125 0.0625 -0.125 0.001953125 -0.00390625 0.0078125 -0.015625 0.03125 -0.0625 0.125 -0.001953125 0.00390625 -0.0078125 0.015625 -0.03125 0.0625 -0.125 0.001953125 -0.00390625 0.0078125 -0.015625 0.03125 -0.0625 0.125 -0.001953125 0.00390625 -0.0078125 0.015625 -0.03125 0.0625 -0.125 0.001953125 -0.00390625 0.0078125 -0.015625 0.03125 -0.0625 0.125 -0.001953125 2.00390625 -0.0078125 0.015625 -0.03125 0.0625 -0.125 0.001953125 -0.00390625 0.0078125 -0.015625 0.03125 -0.0625 0.125 -0.001953125 0.00390625 -0.0078125 0.015625 -0.03125 0.0625 -0.125 0.001953125 -0.00390625 0.0078125 -0.015625 0.03125 -0.0625 0.125 -0.001953125 0.00390625 -0.0078125 0.015625 -0.03125 0.0625 -0.125 0.001953125 -0.00390625 0.0078125 -0.015625 0.03125 -0.0625 0.125 -0.001953125 0.00390625 -0.0078125 0.015625 -0.03125 0.0625 -0.125 0.001953125 -0.00390625 0.0078125 -0.015625 0.03125 -0.0625 0.125 -0.001953125 0.00390625 -0.0078125 0.015625
0.00048828125 -0.0009765625 0.001953125 -0.00390625 0.0078125 -0.015625 0.03125 -0.00048828125 0.0009765625 -0.001953125 0.00390625 -0.0078125 0.015625 -0.03125 0.00048828125 -0.0009765625 0.001953125 -0.00390625 0.0078125 -0.015625 0.03125 -0.00048828125 0.0009765625 -0.001953125 0.00390625 -0.0078125 0.015625 -0.03125 0.00048828125 -0.0009765625 0.001953125 -0.00390625 0.0078125 -0.015625 0.03125 -0.00048828125 0.0009765625 -0.001953125 0.00390625 -0.0078125 0.015625 -0.03125 0.00048828125 -0.0009765625 0.001953125 -0.00390625 0.0078125 -0.015625 0.03125 -0.00048828125 0.0009765625 -0.001953125 0.00390625 -0.0078125 0.015625 -0.03125 0.00048828125 -0.0009765625 0.001953125 -0.00390625 0.0078125 -0.015625 0.03125 -0.00048828125 0.0009765625 -0.001953125 0.00390625 -0.0078125 0.015625 -0.03125 0.00048828125 -0.0009765625 0.001953125 -0.00390625 0.0078125 -0.015625 0.03125 -0.00048828125 0.0009765625 -0.001953125 0.00390625 -0.0078125 0.015625 -0.03125 0.00048828125 -0.0009765625 0.001953125 -0.00390625 0.0078125 -0.015625 0.03125 -0.00048828125 0.0009765625 -0.001953125 0.00390625 -0.0078125 0.015625 -0.03125 0.00048828125 -0.0009765625 0.001953125 -0.00390625 0.0078125 -0.015625 0.03125 -0.00048828125 0.0009765625 -0.001953125 0.00390625 -0.0078125 0.015625 -0.03125 0.00048828125 -0.0009765625 0.001953125 -0.00390625 0.0078125 -0.015625 0.03125 -0.00048828125 0.0009765625 -0.001953125 0.00390625 -0.0078125 0.015625 -0.03125 0.00048828125 -0.0009765625 0.001953125 -0.00390625 0.0078125 -0.015625 0.03125 -0.00048828125 0.0009765625 -0.001953125 0.00390625 -0.0078125 0.015625 -0.03125 0.00048828125 -0.0009765625 0.001953125 -0.00390625 0.0078125 -0.015625 0.03125 -0.00048828125 0.0009765625 -0.001953125 0.00390625 -0.0078125 0.015625 -0.03125 0.00048828125 -0.0009765625 0.001953125 -0.00390625 0.0078125 -0.015625 0.03125 -0.00048828125 0.0009765625 -0.001953125 0.00390625 -0.0078125 0.015625 -0.03125 0.00048828125 -0.0009765625 0.001953125 -0.00390625 0.0078125 -0.015625 0.03125 -0.00048828125 0.0009765625 -0.001953125 0.00390625 -0.0078125 0.015625 -0.03125 0.00048828125 -0.0009765625 0.001953125 -0.00390625 0.0078125 -0.015625 0.03125 -0.00048828125 0.0009765625 -0.001953125 0.00390625 -0.0078125 0.015625 -0.03125 0.00048828125 -0.0009765625 1.001953125 -0.00390625 0.0078125 -0.015625 0.03125 -0.00048828125 0.0009765625 -0.001953125 0.00390625 -0.0078125 0.015625 -0.03125 0.00048828125 -0.0009765625 0.001953125 -0.00390625 0.0078125 -0.015625 0.03125 -0.00048828125 0.0009765625 -0.001953125 0.00390625 -0.0078125 0.015625 -0.03125 0.00048828125 -0.0009765625 0.001953125 -0.00390625 0.0078125 -0.015625 0.03125 -0.00048828125 0.0009765625 -0.001953125 0.00390625 -0.0078125 0.015625 -0.03125 0.00048828125 -0.0009765625 0.001953125 -0.00390625 0.0078125 -0.015625 0.03125 -0.00048828125 0.0009765625 -0.001953125 0.00390625 -0.0078125 0.015625 -0.03125 0.00048828125 -0.0009765625 0.001953125 -0.00390625
-0.0009765625 0.001953125 -0.00390625 0.0078125 -0.015625 0.03125 -0.0625 0.0009765625 -0.001953125 0.00390625 -0.0078125 0.015625 -0.03125 0.0625 -0.0009765625 0.001953125 -0.00390625 0.0078125 -0.015625 0.03125 -0.0625 0.0009765625 -0.001953125 0.00390625 -0.0078125 0.015625 -0.03125 0.0625 -0.0009765625 0.001953125 -0.00390625 0.0078125 -0.015625 0.03125 -0.0625 0.0009765625 -0.001953125 0.00390625 -0.0078125 0.015625 -0.03125 0.0625 -0.0009765625 0.001953125 -0.00390625 0.0078125 -0.015625 0.03125 -0.0625 0.0009765625 -0.001953125 0.00390625 -0.0078125 0.015625 -0.03125 0.0625 -0.0009765625 0.001953125 -0.00390625 0.0078125 -0.015625 0.03125 -0.0625 0.0009765625 -0.001953125 0.00390625 -0.0078125 0.015625 -0.03125 0.0625 -0.0009765625 0.001953125 -0.00390625 0.0078125 -0.015625 0.03125 -0.0625 0.0009765625 -0.001953125 0.00390625 -0.0078125 0.015625 -0.03125 0.0625 -0.0009765625 0.001953125 -0.00390625 0.0078125 -0.015625 0.03125 -0.0625 0.0009765625 -0.001953125 0.00390625 -0.0078125 0.015625 -0.03125 0.0625 -0.0009765625 0.001953125 -0.00390625 0.0078125 -0.015625 0.03125 -0.0625 0.0009765625 -0.001953125 0.00390625 -0.0078125 0.015625 -0.03125 0.0625 -0.0009765625 0.001953125 -0.00390625 0.0078125 -0.015625 0.03125 -0.0625 0.0009765625 -0.001953125 0.00390625 -0.0078125 0.015625 -0.03125 0.0625 -0.0009765625 0.001953125 -0.00390625 0.0078125 -0.015625 0.03125 -0.0625 0.0009765625 -0.001953125 0.00390625 -0.0078125 0.015625 -0.03125 0.0625 -0.0009765625 0.001953125 -0.00390625 0.0078125 -0.015625 0.03125 -0.0625 0.0009765625 -0.001953125 0.00390625 -0.0078125 0.015625 -0.03125 0.0625 -0.0009765625 0.001953125 -0.00390625 0.0078125 -0.015625 0.03125 -0.0625 0.0009765625 -0.001953125 0.00390625 -0.0078125 0.015625 -0.03125 0.0625 -0.0009765625 0.001953125 -0.00390625 0.0078125 -0.015625 0.03125 -0.0625 0.0009765625 -0.001953125 0.00390625 -0.0078125 0.015625 -0.03125 0.0625 -0.0009765625 0.001953125 -0.00390625 0.0078125 -0.015625 0.03125 -0.0625 0.0009765625 -0.001953125 0.00390625 -0.0078125 0.015625 -0.03125 0.0625 -0.0009765625 0.001953125 -0.00390625 4.0078125 -0.015625 0.03125 -0.0625 0.0009765625 -0.001953125 0.00390625 -0.0078125 0.015625 -0.03125 0.0625 -0.0009765625 0.001953125 -0.00390625 0.0078125 -0.015625 0.03125 -0.0625 0.0009765625 -0.001953125 0.00390625 -0.0078125 0.015625 -0.03125 0.0625 -0.0009765625 0.001953125 -0.00390625 0.0078125 -0.015625 0.03125 -0.0625 0.0009765625 -0.001953125 0.00390625 -0.0078125 0.015625 -0.03125 0.0625 -0.0009765625 0.001953125 -0.00390625 0.0078125 -0.015625 0.03125 -0.0625 0.0009765625 -0.001953125 0.00390625 -0.0078125 0.015625 -0.03125 0.0625 -0.0009765625 0.001953125 -0.00390625 0.0078125
0.001953125 -0.00390625 0.0078125 -0.015625 0.03125 -0.0625 0.125 -0.001953125 0.00390625 -0.0078125 0.015625 -0.03125 0.0625 -0.125 0.001953125 -0.00390625 0.0078125 -0.015625 0.03125 -0.0625 0.125 -0.001953125 0.00390625 -0.0078125 0.015625 -0.03125 0.0625 -0.125 0.001953125 -0.00390625 0.0078125 -0.015625 0.03125 -0.0625 0.125 -0.001953125 0.00390625 -0.0078125 0.015625 -0.03125 0.0625 -0.125 0.001953125 -0.00390625 0.0078125 -0.015625 0.03125 -0.0625 0.125 -0.001953125 0.00390625 -0.0078125 0.015625 -0.03125 0.0625 -0.125 0.001953125 -0.00390625 0.0078125 -0.015625 0.03125 -0.0625 0.125 -0.001953125 0.00390625 -0.0078125 0.015625 -0.03125 0.0625 -0.125 0.001953125 -0.00390625 0.0078125 -0.015625 0.03125 -0.0625 0.125 -0.001953125 0.00390625 -0.0078125 0.015625 -0.03125 0.0625 -0.125 0.001953125 -0.00390625 0.0078125 -0.015625 0.03125 -0.0625 0.125 -0.001953125 0.00390625 -0.0078125 0.015625 -0.03125 0.0625 -0.125 0.001953125 -0.00390625 0.0078125 -0.015625 0.03125 -0.0625 0.125 -0.001953125 0.00390625 -0.0078125 0.015625 -0.03125 0.0625 -0.125 0.001953125 -0.00390625 0.0078125 -0.015625 0.03125 -0.0625 0.125 -0.001953125 0.00390625 -0.0078125 0.015625 -0.03125 0.0625 -0.125 0.001953125 -0.00390625 0.0078125 -0.015625 0.03125 -0.0625 0.125 -0.001953125 0.00390625 -0.0078125 0.015625 -0.03125 0.0625 -0.125 0.001953125 -0.00390625 0.0078125 -0.015625 0.03125 -0.0625 0.125 -0.001953125 0.00390625 -0.0078125 0.015625 -0.03125 0.0625 -0.125 0.001953125 -0.00390625 0.0078125 -0.015625 0.03125 -0.0625 0.125 -0.001953125 0.00390625 -0.0078125 0.015625 -0.03125 0.0625 -0.125 0.001953125 -0.00390625 0.0078125 -0.015625 0.03125 -0.0625 0.125 -0.001953125 0.00390625 -0.0078125 0.015625 -0.03125 0.0625 -0.125 0.001953125 -0.00390625 0.0078125 -0.015625 0.03125 -0.0625 0.125 -0.001953125 0.00390625 -0.0078125 0.015625 -0.03125 0.0625 -0.125 0.001953125 -0.00390625 0.0078125 -0.015625 16.03125 -0.0625 0.125 -0.001953125 0.00390625 -0.0078125 0.015625 -0.03125 0.0625 -0.125 0.001953125 -0.00390625 0.0078125 -0.015625 0.03125 -0.0625 0.125 -0.001953125 0.00390625 -0.0078125 0.015625 -0.03125 0.0625 -0.125 0.001953125 -0.00390625 0.0078125 -0.015625 0.03125 -0.0625 0.125 -0.001953125 0.00390625 -0.0078125 0.015625 -0.03125 0.0625 -0.125 0.001953125 -0.00390625 0.0078125 -0.015625 0.03125 -0.0625 0.125 -0.001953125 0.00390625 -0.0078125 0.015625 -0.03125 0.0625 -0.125 0.001953125 -0.00390625 0.0078125 -0.015625
-0.00048828125 0.0009765625 -0.001953125 0.00390625 -0.0078125 0.015625 -0.03125 0.00048828125 -0.0009765625 0.001953125 -0.00390625 0.0078125 -0.015625 0.03125 -0.00048828125 0.0009765625 -0.001953125 0.00390625 -0.0078125 0.015625 -0.03125 0.00048828125 -0.0009765625 0.001953125 -0.00390625 0.0078125 -0.015625 0.03125 -0.00048828125 0.0009765625 -0.001953125 0.00390625 -0.0078125 0.015625 -0.03125 0.00048828125 -0.0009765625 0.001953125 -0.00390625 0.0078125 -0.015625 0.03125 -0.00048828125 0.0009765625 -0.001953125 0.00390625 -0.0078125 0.015625 -0.03125 0.00048828125 -0.0009765625 0.001953125 -0.00390625 0.0078125 -0.015625 0.03125 -0.00048828125 0.0009765625 -0.001953125 0.00390625 -0.0078125 0.015625 -0.03125 0.00048828125 -0.0009765625 0.001953125 -0.00390625 0.0078125 -0.015625 0.03125 -0.00048828125 0.0009765625 -0.001953125 0.00390625 -0.0078125 0.015625 -0.03125 0.00048828125 -0.0009765625 0.001953125 -0.00390625 0.0078125 -0.015625 0.03125 -0.00048828125 0.0009765625 -0.001953125 0.00390625 -0.0078125 0.015625 -0.03125 0.00048828125 -0.0009765625 0.001953125 -0.00390625 0.0078125 -0.015625 0.03125 -0.00048828125 0.0009765625 -0.001953125 0.00390625 -0.0078125 0.015625 -0.03125 0.00048828125 -0.0009765625 0.001953125 -0.00390625 0.0078125 -0.015625 0.03125 -0.00048828125 0.0009765625 -0.001953125 0.00390625 -0.0078125 0.015625 -0.03125 0.00048828125 -0.0009765625 0.001953125 -0.00390625 0.0078125 -0.015625 0.03125 -0.00048828125 0.0009765625 -0.001953125 0.00390625 -0.0078125 0.015625 -0.03125 0.00048828125 -0.0009765625 0.001953125 -0.00390625 0.0078125 -0.015625 0.03125 -0.00048828125 0.0009765625 -0.001953125 0.00390625 -0.0078125 0.015625 -0.03125 0.00048828125 -0.0009765625 0.001953125 -0.00390625 0.0078125 -0.015625 0.03125 -0.00048828125 0.0009765625 -0.001953125 0.00390625 -0.0078125 0.015625 -0.03125 0.00048828125 -0.0009765625 0.001953125 -0.00390625 0.0078125 -0.015625 0.03125 -0.00048828125 0.0009765625 -0.001953125 0.00390625 -0.0078125 0.015625 -0.03125 0.00048828125 -0.0009765625 0.001953125 -0.00390625 0.0078125 -0.015625 0.03125 -0.00048828125 0.0009765625 -0.001953125 0.00390625 -0.0078125 0.015625 -0.03125 0.00048828125 -0.0009765625 0.001953125 -0.00390625 0.0078125 -0.015625 0.03125 -0.00048828125 0.0009765625 -0.001953125 0.00390625 -0.0078125 8.015625 -0.03125 0.00048828125 -0.0009765625 0.001953125 -0.00390625 0.0078125 -0.015625 0.03125 -0.00048828125 0.0009765625 -0.001953125 0.00390625 -0.0078125 0.015625 -0.03125 0.00048828125 -0.0009765625 0.001953125 -0.00390625 0.0078125 -0.015625 0.03125 -0.00048828125 0.0009765625 -0.001953125 0.00390625 -0.0078125 0.015625 -0.03125 0.00048828125 -0.0009765625 0.001953125 -0.00390625 0.0078125 -0.015625 0.03125 -0.00048828125 0.0009765625 -0.001953125 0.00390625 -0.0078125 0.015625 -0.03125 0.00048828125 -0.0009765625 0.001953125 -0.00390625 0.0078125 -0.015625 0.03125 -0.00048828125 0.0009765625 -0.001953125 0.00390625
0.0009765625 -0.001953125 0.00390625 -0.0078125 0.015625 -0.03125 0.0625 -0.0009765625 0.001953125 -0.00390625 0.0078125 -0.015625 0.03125 -0.0625 0.0009765625 -0.001953125 0.00390625 -0.0078125 0.015625 -0.03125 0.0625 -0.0009765625 0.001953125 -0.00390625 0.0078125 -0.015625 0.03125 -0.0625 0.0009765625 -0.001953125 0.00390625 -0.0078125 0.015625 -0.03125 0.0625 -0.0009765625 0.001953125 -0.00390625 0.0078125 -0.015625 0.03125 -0.0625 0.0009765625 -0.001953125 0.00390625 -0.0078125 0.015625 -0.03125 0.0625 -0.0009765625 0.001953125 -0.00390625 0.0078125 -0.015625 0.03125 -0.0625 0.0009765625 -0.001953125 0.00390625 -0.0078125 0.015625 -0.03125 0.0625 -0.0009765625 0.001953125 -0.00390625 0.0078125 -0.015625 0.03125 -0.0625 0.0009765625 -0.001953125 0.00390625 -0.0078125 0.015625 -0.03125 0.0625 -0.0009765625 0.001953125 -0.00390625 0.0078125 -0.015625 0.03125 -0.0625 0.0009765625 -0.001953125 0.00390625 -0.0078125 0.015625 -0.03125 0.0625 -0.0009765625 0.001953125 -0.00390625 0.0078125 -0.015625 0.03125 -0.0625 0.0009765625 -0.001953125 0.00390625 -0.0078125 0.015625 -0.03125 0.0625 -0.0009765625 0.001953125 -0.00390625 0.0078125 -0.015625 0.03125 -0.0625 0.0009765625 -0.001953125 0.00390625 -0.0078125 0.015625 -0.03125 0.0625 -0.0009765625 0.001953125 -0.00390625 0.0078125 -0.015625 0.03125 -0.0625 0.0009765625 -0.001953125 0.00390625 -0.0078125 0.015625 -0.03125 0.0625 -0.0009765625 0.001953125 -0.00390625 0.0078125 -0.015625 0.03125 -0.0625 0.0009765625 -0.001953125 0.00390625 -0.0078125 0.015625 -0.03125 0.0625 -0.0009765625 0.001953125 -0.00390625 0.0078125 -0.015625 0.03125 -0.0625 0.0009765625 -0.001953125 0.00390625 -0.0078125 0.015625 -0.03125 0.0625 -0.0009765625 0.001953125 -0.00390625 0.0078125 -0.015625 0.03125 -0.0625 0.0009765625 -0.001953125 0.00390625 -0.0078125 0.015625 -0.03125 0.0625 -0.0009765625 0.001953125 -0.00390625 0.0078125 -0.015625 0.03125 -0.0625 0.0009765625 -0.001953125 0.00390625 -0.0078125 0.015625 -0.03125 0.0625 -0.0009765625 0.001953125 -0.00390625 0.0078125 -0.015625 0.03125 -0.0625 0.0009765625 -0.001953125 0.00390625 -0.0078125 0.015625 -0.03125 32.0625 -0.0009765625 0.001953125 -0.00390625 0.0078125 -0.015625 0.03125 -0.0625 0.0009765625 -0.001953125 0.00390625 -0.0078125 0.015625 -0.03125 0.0625 -0.0009765625 0.001953125 -0.00390625 0.0078125 -0.015625 0.03125 -0.0625 0.0009765625 -0.001953125 0.00390625 -0.0078125 0.015625 -0.03125 0.0625 -0.0009765625 0.001953125 -0.00390625 0.0078125 -0.015625 0.03125 -0.0625 0.0009765625 -0.001953125 0.00390625 -0.0078125 0.015625 -0.03125 0.0625 -0.0009765625 0.001953125 -0.00390625 0.0078125 -0.015625 0.03125 -0.0625 0.0009765625 -0.001953125 0.00390625 -0.0078125
-0.001953125 0.00390625 -0.0078125 0.015625 -0.03125 0.0625 -0.125 0.001953125 -0.00390625 0.0078125 -0.015625 0.03125 -0.0625 0.125 -0.001953125 0.00390625 -0.0078125 0.015625 -0.03125 0.0625 -0.125 0.001953125 -0.00390625 0.0078125 -0.015625 0.03125 -0.0625 0.125 -0.001953125 0.00390625 -0.0078125 0.015625 -0.03125 0.0625 -0.125 0.001953125 -0.00390625 0.0078125 -0.015625 0.03125 -0.0625 0.125 -0.001953125 0.00390625 -0.0078125 0.015625 -0.03125 0.0625 -0.125 0.001953125 -0.00390625 0.0078125 -0.015625 0.03125 -0.0625 0.125 -0.001953125 0.00390625 -0.0078125 0.015625 -0.03125 0.0625 -0.125 0.001953125 -0.00390625 0.0078125 -0.015625 0.03125 -0.0625 0.125 -0.001953125 0.00390625 -0.0078125 0.015625 -0.03125 0.0625 -0.125 0.001953125 -0.00390625 0.0078125 -0.015625 0.03125 -0.0625 0.125 -0.001953125 0.00390625 -0.0078125 0.015625 -0.03125 0.0625 -0.125 0.001953125 -0.00390625 0.0078125 -0.015625 0.03125 -0.0625 0.125 -0.001953125 0.00390625 -0.0078125 0.015625 -0.03125 0.0625 -0.125 0.001953125 -0.00390625 0.0078125 -0.015625 0.03125 -0.0625 0.125 -0.001953125 0.00390625 -0.0078125 0.015625 -0.03125 0.0625 -0.125 0.001953125 -0.00390625 0.0078125 -0.015625 0.03125 -0.0625 0.125 -0.001953125 0.00390625 -0.0078125 0.015625 -0.03125 0.0625 -0.125 0.001953125 -0.00390625 0.0078125 -0.015625 0.03125 -0.0625 0.125 -0.001953125 0.00390625 -0.0078125 0.015625 -0.03125 0.0625 -0.125 0.001953125 -0.00390625 0.0078125 -0.015625 0.03125 -0.0625 0.125 -0.001953125 0.00390625 -0.0078125 0.015625 -0.03125 0.0625 -0.125 0.001953125 -0.00390625 0.0078125 -0.015625 0.03125 -0.0625 0.125 -0.001953125 0.00390625 -0.0078125 0.015625 -0.03125 0.0625 -0.125 0.001953125 -0.00390625 0.0078125 -0.015625 0.03125 -0.0625 0.125 -0.001953125 0.00390625 -0.0078125 0.015625 -0.03125 0.0625 -0.125 0.001953125 -0.00390625 0.0078125 -0.015625 0.03125 -0.0625 0.125 -0.001953125 0.00390625 -0.0078125 0.015625 -0.03125 0.0625 -0.125 1.001953125 -0.00390625 0.0078125 -0.015625 0.03125 -0.0625 0.125 -0.001953125 0.00390625 -0.0078125 0.015625 -0.03125 0.0625 -0.125 0.001953125 -0.00390625 0.0078125 -0.015625 0.03125 -0.0625 0.125 -0.001953125 0.00390625 -0.0078125 0.015625 -0.03125 0.0625 -0.125 0.001953125 -0.00390625 0.0078125 -0.015625 0.03125 -0.0625 0.125 -0.001953125 0.00390625 -0.0078125 0.015625 -0.03125 0.0625 -0.125 0.001953125 -0.00390625 0.0078125 -0.015625 0.03125 -0.0625 0.125 -0.001953125 0.00390625 -0.0078125 0.015625
0.00048828125 -0.0009765625 0.001953125 -0.00390625 0.0078125 -0.015625 0.03125 -0.00048828125 0.0009765625 -0.001953125 0.00390625 -0.0078125 0.015625 -0.03125 0.00048828125 -0.0009765625 0.001953125 -0.00390625 0.0078125 -0.015625 0.03125 -0.00048828125 0.0009765625 -0.001953125 0.00390625 -0.0078125 0.015625 -0.03125 0.00048828125 -0.0009765625 0.001953125 -0.00390625 0.0078125 -0.015625 0.03125 -0.00048828125 0.0009765625 -0.001953125 0.00390625 -0.0078125 0.015625 -0.03125 0.00048828125 -0.0009765625 0.001953125 -0.00390625 0.0078125 -0.015625 0.03125 -0.00048828125 0.0009765625 -0.001953125 0.00390625 -0.0078125 0.015625 -0.03125 0.00048828125 -0.0009765625 0.001953125 -0.00390625 0.0078125 -0.015625 0.03125 -0.00048828125 0.0009765625 -0.001953125 0.00390625 -0.0078125 0.015625 -0.03125 0.00048828125 -0.0009765625 0.001953125 -0.00390625 0.0078125 -0.015625 0.03125 -0.00048828125 0.0009765625 -0.001953125 0.00390625 -0.0078125 0.015625 -0.03125 0.00048828125 -0.0009765625 0.001953125 -0.00390625 0.0078125 -0.015625 0.03125 -0.00048828125 0.0009765625 -0.001953125 0.00390625 -0.0078125 0.015625 -0.03125 0.00048828125 -0.0009765625 0.001953125 -0.00390625 0.0078125 -0.015625 0.03125 -0.00048828125 0.0009765625 -0.001953125 0.00390625 -0.0078125 0.015625 -0.03125 0.00048828125 -0.0009765625 0.001953125 -0.00390625 0.0078125 -0.015625 0.03125 -0.00048828125 0.0009765625 -0.001953125 0.00390625 -0.0078125 0.015625 -0.03125 0.00048828125 -0.0009765625 0.001953125 -0.00390625 0.0078125 -0.015625 0.03125 -0.00048828125 0.0009765625 -0.001953125 0.00390625 -0.0078125 0.015625 -0.03125 0.00048828125 -0.0009765625 0.001953125 -0.00390625 0.0078125 -0.015625 0.03125 -0.00048828125 0.0009765625 -0.001953125 0.00390625 -0.0078125 0.015625 -0.03125 0.00048828125 -0.0009765625 0.001953125 -0.00390625 0.0078125 -0.015625 0.03125 -0.00048828125 0.0009765625 -0.001953125 0.00390625 -0.0078125 0.015625 -0.03125 0.00048828125 -0.0009765625 0.001953125 -0.00390625 0.0078125 -0.015625 0.03125 -0.00048828125 0.0009765625 -0.001953125 0.00390625 -0.0078125 0.015625 -0.03125 0.00048828125 -0.0009765625 0.001953125 -0.00390625 0.0078125 -0.015625 0.03125 -0.00048828125 0.0009765625 -0.001953125 0.00390625 -0.0078125 0.015625 -0.03125 0.00048828125 -0.0009765625 0.001953125 -0.00390625 0.0078125 -0.015625 0.03125 -0.00048828125 0.5009765625 -0.001953125 0.00390625 -0.0078125 0.015625 -0.03125 0.00048828125 -0.0009765625 0.001953125 -0.00390625 0.0078125 -0.015625 0.03125 -0.00048828125 0.0009765625 -0.001953125 0.00390625 -0.0078125 0.015625 -0.03125 0.00048828125 -0.0009765625 0.001953125 -0.00390625 0.0078125 -0.015625 0.03125 -0.00048828125 0.0009765625 -0.001953125 0.00390625 -0.0078125 0.015625 -0.03125 0.00048828125 -0.0009765625 0.001953125 -0.00390625 0.0078125 -0.015625 0.03125 -0.00048828125 0.0009765625 -0.001953125 0.00390625 -0.0078125 0.015625 -0.03125 0.00048828125 -0.0009765625 0.001953125 -0.00390625
-0.0009765625 0.001953125 -0.00390625 0.0078125 -0.015625 0.03125 -0.0625 0.0009765625 -0.001953125 0.00390625 -0.0078125 0.015625 -0.03125 0.0625 -0.0009765625 0.001953125 -0.00390625 0.0078125 -0.015625 0.03125 -0.0625 0.0009765625 -0.001953125 0.00390625 -0.0078125 0.015625 -0.03125 0.0625 -0.0009765625 0.001953125 -0.00390625 0.0078125 -0.015625 0.03125 -0.0625 0.0009765625 -0.001953125 0.00390625 -0.0078125 0.015625 -0.03125 0.0625 -0.0009765625 0.001953125 -0.00390625 0.0078125 -0.015625 0.03125 -0.0625 0.0009765625 -0.001953125 0.00390625 -0.0078125 0.015625 -0.03125 0.0625 -0.0009765625 0.001953125 -0.00390625 0.0078125 -0.015625 0.03125 -0.0625 0.0009765625 -0.001953125 0.00390625 -0.0078125 0.015625 -0.03125 0.0625 -0.0009765625 0.001953125 -0.00390625 0.0078125 -0.015625 0.03125 -0.0625 0.0009765625 -0.001953125 0.00390625 -0.0078125 0.015625 -0.03125 0.0625 -0.0009765625 0.001953125 -0.00390625 0.0078125 -0.015625 0.03125 -0.0625 0.0009765625 -0.001953125 0.00390625 -0.0078125 0.015625 -0.03125 0.0625 -0.0009765625 0.001953125 -0.00390625 0.0078125 -0.015625 0.03125 -0.0625 0.0009765625 -0.001953125 0.00390625 -0.0078125 0.015625 -0.03125 0.0625 -0.0009765625 0.001953125 -0.00390625 0.0078125 -0.015625 0.03125 -0.0625 0.0009765625 -0.001953125 0.00390625 -0.0078125 0.015625 -0.03125 0.0625 -0.0009765625 0.001953125 -0.00390625 0.0078125 -0.015625 0.03125 -0.0625 0.0009765625 -0.001953125 0.00390625 -0.0078125 0.015625 -0.03125 0.0625 -0.0009765625 0.001953125 -0.00390625 0.0078125 -0.015625 0.03125 -0.0625 0.0009765625 -0.001953125 0.00390625 -0.0078125 0.015625 -0.03125 0.0625 -0.0009765625 0.001953125 -0.00390625 0.0078125 -0.015625 0.03125 -0.0625 0.0009765625 -0.001953125 0.00390625 -0.0078125 0.015625 -0.03125 0.0625 -0.0009765625 0.001953125 -0.00390625 0.0078125 -0.015625 0.03125 -0.0625 0.0009765625 -0.001953125 0.00390625 -0.0078125 0.015625 -0.03125 0.0625 -0.0009765625 0.001953125 -0.00390625 0.0078125 -0.015625 0.03125 -0.0625 0.0009765625 -0.001953125 0.00390625 -0.0078125 0.015625 -0.03125 0.0625 -0.0009765625 0.001953125 -0.00390625 0.0078125 -0.015625 0.03125 -0.0625 0.0009765625 -0.001953125 2.00390625 -0.0078125 0.015625 -0.03125 0.0625 -0.0009765625 0.001953125 -0.00390625 0.0078125 -0.015625 0.03125 -0.0625 0.0009765625 -0.001953125 0.00390625 -0.0078125 0.015625 -0.03125 0.0625 -0.0009765625 0.001953125 -0.00390625 0.0078125 -0.015625 0.03125 -0.0625 0.0009765625 -0.001953125 0.00390625 -0.0078125 0.015625 -0.03125 0.0625 -0.0009765625 0.001953125 -0.00390625 0.0078125 -0.015625 0.03125 -0.0625 0.0009765625 -0.001953125 0.00390625 -0.0078125 0.015625 -0.03125 0.0625 -0.0009765625 0.001953125 -0.00390625 0.0078125
0.001953125 -0.00390625 0.0078125 -0.015625 0.03125 -0.0625 0.125 -0.001953125 0.00390625 -0.0078125 0.015625 -0.03125 0.0625 -0.125 0.001953125 -0.00390625 0.0078125 -0.015625 0.03125 -0.0625 0.125 -0.001953125 0.00390625 -0.0078125 0.015625 -0.03125 0.0625 -0.125 0.001953125 -0.00390625 0.0078125 -0.015625 0.03125 -0.0625 0.125 -0.001953125 0.00390625 -0.0078125 0.015625 -0.03125 0.0625 -0.125 0.001953125 -0.00390625 0.0078125 -0.015625 0.03125 -0.0625 0.125 -0.001953125 0.00390625 -0.0078125 0.015625 -0.03125 0.0625 -0.125 0.001953125 -0.00390625 0.0078125 -0.015625 0.03125 -0.0625 0.125 -0.001953125 0.00390625 -0.0078125 0.015625 -0.03125 0.0625 -0.125 0.001953125 -0.00390625 0.0078125 -0.015625 0.03125 -0.0625 0.125 -0.001953125 0.00390625 -0.0078125 0.015625 -0.03125 0.0625 -0.125 0.001953125 -0.00390625 0.0078125 -0.015625 0.03125 -0.0625 0.125 -0.001953125 0.00390625 -0.0078125 0.015625 -0.03125 0.0625 -0.125 0.001953125 -0.00390625 0.0078125 -0.015625 0.03125 -0.0625 0.125 -0.001953125 0.00390625 -0.0078125 0.015625 -0.03125 0.0625 -0.125 0.001953125 -0.00390625 0.0078125 -0.015625 0.03125 -0.0625 0.125 -0.001953125 0.00390625 -0.0078125 0.015625 -0.03125 0.0625 -0.125 0.001953125 -0.00390625 0.0078125 -0.015625 0.03125 -0.0625 0.125 -0.001953125 0.00390625 -0.0078125 0.015625 -0.03125 0.0625 -0.125 0.001953125 -0.00390625 0.0078125 -0.015625 0.03125 -0.0625 0.125 -0.001953125 0.00390625 -0.0078125 0.015625 -0.03125 0.0625 -0.125 0.001953125 -0.00390625 0.0078125 -0.015625 0.03125 -0.0625 0.125 -0.001953125 0.00390625 -0.0078125 0.015625 -0.03125 0.0625 -0.125 0.001953125 -0.00390625 0.0078125 -0.015625 0.03125 -0.0625 0.125 -0.001953125 0.00390625 -0.0078125 0.015625 -0.03125 0.0625 -0.125 0.001953125 -0.00390625 0.0078125 -0.015625 0.03125 -0.0625 0.125 -0.001953125 0.00390625 -0.0078125 0.015625 -0.03125 0.0625 -0.125 0.001953125 -0.00390625 0.0078125 -0.015625 0.03125 -0.0625 0.125 -0.001953125 0.00390625 -0.0078125 8.015625 -0.03125 0.0625 -0.125 0.001953125 -0.00390625 0.0078125 -0.015625 0.03125 -0.0625 0.125 -0.001953125 0.00390625 -0.0078125 0.015625 -0.03125 0.0625 -0.125 0.001953125 -0.00390625 0.0078125 -0.015625 0.03125 -0.0625 0.125 -0.001953125 0.00390625 -0.0078125 0.015625 -0.03125 0.0625 -0.125 0.001953125 -0.00390625 0.0078125 -0.015625 0.03125 -0.0625 0.125 -0.001953125 0.00390625 -0.0078125 0.015625 -0.03125 0.0625 -0.125 0.001953125 -0.00390625 0.0078125 -0.015625
-0.00048828125 0.0009765625 -0.001953125 0.00390625 -0.0078125 0.015625 -0.03125 0.00048828125 -0.0009765625 0.001953125 -0.00390625 0.0078125 -0.015625 0.03125 -0.00048828125 0.0009765625 -0.001953125 0.00390625 -0.0078125 0.015625 -0.03125 0.00048828125 -0.0009765625 0.001953125 -0.00390625 0.0078125 -0.015625 0.03125 -0.00048828125 0.0009765625 -0.001953125 0.00390625 -0.0078125 0.015625 -0.03125 0.00048828125 -0.0009765625 0.001953125 -0.00390625 0.0078125 -0.015625 0.03125 -0.00048828125 0.0009765625 -0.001953125 0.00390625 -0.0078125 0.015625 -0.03125 0.00048828125 -0.0009765625 0.001953125 -0.00390625 0.0078125 -0.015625 0.03125 -0.00048828125 0.0009765625 -0.001953125 0.00390625 -0.0078125 0.015625 -0.03125 0.00048828125 -0.0009765625 0.001953125 -0.00390625 0.0078125 -0.015625 0.03125 -0.00048828125 0.0009765625 -0.001953125 0.00390625 -0.0078125 0.015625 -0.03125 0.00048828125 -0.0009765625 0.001953125 -0.00390625 0.0078125 -0.015625 0.03125 -0.00048828125 0.0009765625 -0.001953125 0.00390625 -0.0078125 0.015625 -0.03125 0.00048828125 -0.0009765625 0.001953125 -0.00390625 0.0078125 -0.015625 0.03125 -0.00048828125 0.0009765625 -0.001953125 0.00390625 -0.0078125 0.015625 -0.03125 0.00048828125 -0.0009765625 0.001953125 -0.00390625 0.0078125 -0.015625 0.03125 -0.00048828125 0.0009765625 -0.001953125 0.00390625 -0.0078125 0.015625 -0.03125 0.00048828125 -0.0009765625 0.001953125 -0.00390625 0.0078125 -0.015625 0.03125 -0.00048828125 0.0009765625 -0.001953125 0.00390625 -0.0078125 0.015625 -0.03125 0.00048828125 -0.0009765625 0.001953125 -0.00390625 0.0078125 -0.015625 0.03125 -0.00048828125 0.0009765625 -0.001953125 0.00390625 -0.0078125 0.015625 -0.03125 0.00048828125 -0.0009765625 0.001953125 -0.00390625 0.0078125 -0.015625 0.03125 -0.00048828125 0.0009765625 -0.001953125 0.00390625 -0.0078125 0.015625 -0.03125 0.00048828125 -0.0009765625 0.001953125 -0.00390625 0.0078125 -0.015625 0.03125 -0.00048828125 0.0009765625 -0.001953125 0.00390625 -0.0078125 0.015625 -0.03125 0.00048828125 -0.0009765625 0.001953125 -0.00390625 0.0078125 -0.015625 0.03125 -0.00048828125 0.0009765625 -0.001953125 0.00390625 -0.0078125 0.015625 -0.03125 0.00048828125 -0.0009765625 0.001953125 -0.00390625 0.0078125 -0.015625 0.03125 -0.00048828125 0.0009765625 -0.001953125 0.00390625 -0.0078125 0.015625 -0.03125 0.00048828125 -0.0009765625 0.001953125 -0.00390625 4.0078125 -0.015625 0.03125 -0.00048828125 0.0009765625 -0.001953125 0.00390625 -0.0078125 0.015625 -0.03125 0.00048828125 -0.0009765625 0.001953125 -0.00390625 0.0078125 -0.015625 0.03125 -0.00048828125 0.0009765625 -0.001953125 0.00390625 -0.0078125 0.015625 -0.03125 0.00048828125 -0.0009765625 0.001953125 -0.00390625 0.0078125 -0.015625 0.03125 -0.00048828125 0.0009765625 -0.001953125 0.00390625 -0.0078125 0.015625 -0.03125 0.00048828125 -0.0009765625 0.001953125 -0.00390625 0.0078125 -0.015625 0.03125 -0.00048828125 0.0009765625 -0.001953125 0.00390625
0.0009765625 -0.001953125 0.00390625 -0.0078125 0.015625 -0.03125 0.0625 -0.0009765625 0.001953125 -0.00390625 0.0078125 -0.015625 0.03125 -0.0625 0.0009765625 -0.001953125 0.00390625 -0.0078125 0.015625 -0.03125 0.0625 -0.0009765625 0.001953125 -0.00390625 0.0078125 -0.015625 0.03125 -0.0625 0.0009765625 -0.001953125 0.00390625 -0.0078125 0.015625 -0.03125 0.0625 -0.0009765625 0.001953125 -0.00390625 0.0078125 -0.015625 0.03125 -0.0625 0.0009765625 -0.001953125 0.00390625 -0.0078125 0.015625 -0.03125 0.0625 -0.0009765625 0.001953125 -0.00390625 0.0078125 -0.015625 0.03125 -0.0625 0.0009765625 -0.001953125 0.00390625 -0.0078125 0.015625 -0.03125 0.0625 -0.0009765625 0.001953125 -0.00390625 0.0078125 -0.015625 0.03125 -0.0625 0.0009765625 -0.001953125 0.00390625 -0.0078125 0.015625 -0.03125 0.0625 -0.0009765625 0.001953125 -0.00390625 0.0078125 -0.015625 0.03125 -0.0625 0.0009765625 -0.001953125 0.00390625 -0.0078125 0.015625 -0.03125 0.0625 -0.0009765625 0.001953125 -0.00390625 0.0078125 -0.015625 0.03125 -0.0625 0.0009765625 -0.001953125 0.00390625 -0.0078125 0.015625 -0.03125 0.0625 -0.0009765625 0.001953125 -0.00390625 0.0078125 -0.015625 0.03125 -0.0625 0.0009765625 -0.001953125 0.00390625 -0.0078125 0.015625 -0.03125 0.0625 -0.0009765625 0.001953125 -0.00390625 0.0078125 -0.015625 0.03125 -0.0625 0.0009765625 -0.001953125 0.00390625 -0.0078125 0.015625 -0.03125 0.0625 -0.0009765625 0.001953125 -0.00390625 0.0078125 -0.015625 0.03125 -0.0625 0.0009765625 -0.001953125 0.00390625 -0.0078125 0.015625 -0.03125 0.0625 -0.0009765625 0.001953125 -0.00390625 0.0078125 -0.015625 0.03125 -0.0625 0.0009765625 -0.001953125 0.00390625 -0.0078125 0.015625 -0.03125 0.0625 -0.0009765625 0.001953125 -0.00390625 0.0078125 -0.015625 0.03125 -0.0625 0.0009765625 -0.001953125 0.00390625 -0.0078125 0.015625 -0.03125 0.0625 -0.0009765625 0.001953125 -0.00390625 0.0078125 -0.015625 0.03125 -0.0625 0.0009765625 -0.001953125 0.00390625 -0.0078125 0.015625 -0.03125 0.0625 -0.0009765625 0.001953125 -0.00390625 0.0078125 -0.015625 0.03125 -0.0625 0.0009765625 -0.001953125 0.00390625 -0.0078125 0.015625 -0.03125 0.0625 -0.0009765625 0.001953125 -0.00390625 0.0078125 -0.015625 16.03125 -0.0625 0.0009765625 -0.001953125 0.00390625 -0.0078125 0.015625 -0.03125 0.0625 -0.0009765625 0.001953125 -0.00390625 0.0078125 -0.015625 0.03125 -0.0625 0.0009765625 -0.001953125 0.00390625 -0.0078125 0.015625 -0.03125 0.0625 -0.0009765625 0.001953125 -0.00390625 0.0078125 -0.015625 0.03125 -0.0625 0.0009765625 -0.001953125 0.00390625 -0.0078125 0.015625 -0.03125 0.0625 -0.0009765625 0.001953125 -0.00390625 0.0078125 -0.015625 0.03125 -0.0625 0.0009765625 -0.001953125 0.00390625 -0.0078125
-0.001953125 0.00390625 -0.0078125 0.015625 -0.03125 0.0625 -0.125 0.001953125 -0.00390625 0.0078125 -0.015625 0.03125 -0.0625 0.125 -0.001953125 0.00390625 -0.0078125 0.015625 -0.03125 0.0625 -0.125 0.001953125 -0.00390625 0.0078125 -0.015625 0.03125 -0.0625 0.125 -0.001953125 0.00390625 -0.0078125 0.015625 -0.03125 0.0625 -0.125 0.001953125 -0.00390625 0.0078125 -0.015625 0.03125 -0.0625 0.125 -0.001953125 0.00390625 -0.0078125 0.015625 -0.03125 0.0625 -0.125 0.001953125 -0.00390625 0.0078125 -0.015625 0.03125 -0.0625 0.125 -0.001953125 0.00390625 -0.0078125 0.015625 -0.03125 0.0625 -0.125 0.001953125 -0.00390625 0.0078125 -0.015625 0.03125 -0.0625 0.125 -0.001953125 0.00390625 -0.0078125 0.015625 -0.03125 0.0625 -0.125 0.001953125 -0.00390625 0.0078125 -0.015625 0.03125 -0.0625 0.125 -0.001953125 0.00390625 -0.0078125 0.015625 -0.03125 0.0625 -0.125 0.001953125 -0.00390625 0.0078125 -0.015625 0.03125 -0.0625 0.125 -0.001953125 0.00390625 -0.0078125 0.015625 -0.03125 0.0625 -0.125 0.001953125 -0.00390625 0.0078125 -0.015625 0.03125 -0.0625 0.125 -0.001953125 0.00390625 -0.0078125 0.015625 -0.03125 0.0625 -0.125 0.001953125 -0.00390625 0.0078125 -0.015625 0.03125 -0.0625 0.125 -0.001953125 0.00390625 -0.0078125 0.015625 -0.03125 0.0625 -0.125 0.001953125 -0.00390625 0.0078125 -0.015625 0.03125 -0.0625 0.125 -0.001953125 0.00390625 -0.0078125 0.015625 -0.03125 0.0625 -0.125 0.001953125 -0.00390625 0.0078125 -0.015625 0.03125 -0.0625 0.125 -0.001953125 0.00390625 -0.0078125 0.015625 -0.03125 0.0625 -0.125 0.001953125 -0.00390625 0.0078125 -0.015625 0.03125 -0.0625 0.125 -0.001953125 0.00390625 -0.0078125 0.015625 -0.03125 0.0625 -0.125 0.001953125 -0.00390625 0.0078125 -0.015625 0.03125 -0.0625 0.125 -0.001953125 0.00390625 -0.0078125 0.015625 -0.03125 0.0625 -0.125 0.001953125 -0.00390625 0.0078125 -0.015625 0.03125 -0.0625 0.125 -0.001953125 0.00390625 -0.0078125 0.015625 -0.03125 0.0625 -0.125 0.001953125 -0.00390625 0.0078125 -0.015625 0.03125 -0.0625 64.125 -0.001953125 0.00390625 -0.0078125 0.015625 -0.03125 0.0625 -0.125 0.001953125 -0.00390625 0.0078125 -0.015625 0.03125 -0.0625 0.125 -0.001953125 0.00390625 -0.0078125 0.015625 -0.03125 0.0625 -0.125 0.001953125 -0.00390625 0.0078125 -0.015625 0.03125 -0.0625 0.125 -0.001953125 0.00390625 -0.0078125 0.015625 -0.03125 0.0625 -0.125 0.001953125 -0.00390625 0.0078125 -0.015625 0.03125 -0.0625 0.125 -0.001953125 0.00390625 -0.0078125 0.015625
0.00048828125 -0.0009765625 0.001953125 -0.00390625 0.0078125 -0.015625 0.03125 -0.00048828125 0.0009765625 -0.001953125 0.00390625 -0.0078125 0.015625 -0.03125 0.00048828125 -0.0009765625 0.001953125 -0.00390625 0.0078125 -0.015625 0.03125 -0.00048828125 0.0009765625 -0.001953125 0.00390625 -0.0078125 0.015625 -0.03125 0.00048828125 -0.0009765625 0.001953125 -0.00390625 0.0078125 -0.015625 0.03125 -0.00048828125 0.0009765625 -0.001953125 0.00390625 -0.0078125 0.015625 -0.03125 0.00048828125 -0.0009765625 0.001953125 -0.00390625 0.0078125 -0.015625 0.03125 -0.00048828125 0.0009765625 -0.001953125 0.00390625 -0.0078125 0.015625 -0.03125 0.00048828125 -0.0009765625 0.001953125 -0.00390625 0.0078125 -0.015625 0.03125 -0.00048828125 0.0009765625 -0.001953125 0.00390625 -0.0078125 0.015625 -0.03125 0.00048828125 -0.0009765625 0.001953125 -0.00390625 0.0078125 -0.015625 0.03125 -0.00048828125 0.0009765625 -0.001953125 0.00390625 -0.0078125 0.015625 -0.03125 0.00048828125 -0.0009765625 0.001953125 -0.00390625 0.0078125 -0.015625 0.03125 -0.00048828125 0.0009765625 -0.001953125 0.00390625 -0.0078125 0.015625 -0.03125 0.00048828125 -0.0009765625 0.001953125 -0.00390625 0.0078125 -0.015625 0.03125 -0.00048828125 0.0009765625 -0.001953125 0.00390625 -0.0078125 0.015625 -0.03125 0.00048828125 -0.0009765625 0.001953125 -0.00390625 0.0078125 -0.015625 0.03125 -0.00048828125 0.0009765625 -0.001953125 0.00390625 -0.0078125 0.015625 -0.03125 0.00048828125 -0.0009765625 0.001953125 -0.00390625 0.0078125 -0.015625 0.03125 -0.00048828125 0.0009765625 -0.001953125 0.00390625 -0.0078125 0.015625 -0.03125 0.00048828125 -0.0009765625 0.001953125 -0.00390625 0.0078125 -0.015625 0.03125 -0.00048828125 0.0009765625 -0.001953125 0.00390625 -0.0078125 0.015625 -0.03125 0.00048828125 -0.0009765625 0.001953125 -0.00390625 0.0078125 -0.015625 0.03125 -0.00048828125 0.0009765625 -0.001953125 0.00390625 -0.0078125 0.015625 -0.03125 0.00048828125 -0.0009765625 0.001953125 -0.00390625 0.0078125 -0.015625 0.03125 -0.00048828125 0.0009765625 -0.001953125 0.00390625 -0.0078125 0.015625 -0.03125 0.00048828125 -0.0009765625 0.001953125 -0.00390625 0.0078125 -0.015625 0.03125 -0.00048828125 0.0009765625 -0.001953125 0.00390625 -0.0078125 0.015625 -0.03125 0.00048828125 -0.0009765625 0.001953125 -0.00390625 0.0078125 -0.015625 0.03125 -0.00048828125 0.0009765625 -0.001953125 0.00390625 -0.0078125 0.015625 -0.03125 0.25048828125 -0.0009765625 0.001953125 -0.00390625 0.0078125 -0.015625 0.03125 -0.00048828125 0.0009765625 -0.001953125 0.00390625 -0.0078125 0.015625 -0.03125 0.00048828125 -0.0009765625 0.001953125 -0.00390625 0.0078125 -0.015625 0.03125 -0.00048828125 0.0009765625 -0.001953125 0.00390625 -0.0078125 0.015625 -0.03125 0.00048828125 -0.0009765625 0.001953125 -0.00390625 0.0078125 -0.015625 0.03125 -0.00048828125 0.0009765625 -0.001953125 0.00390625 -0.0078125 0.015625 -0.03125 0.00048828125 -0.0009765625 0.001953125 -0.00390625
-0.0009765625 0.001953125 -0.00390625 0.0078125 -0.015625 0.03125 -0.0625 0.0009765625 -0.001953125 0.00390625 -0.0078125 0.015625 -0.03125 0.0625 -0.0009765625 0.001953125 -0.00390625 0.0078125 -0.015625 0.03125 -0.0625 0.0009765625 -0.001953125 0.00390625 -0.0078125 0.015625 -0.03125 0.0625 -0.0009765625 0.001953125 -0.00390625 0.0078125 -0.015625 0.03125 -0.0625 0.0009765625 -0.001953125 0.00390625 -0.0078125 0.015625 -0.03125 0.0625 -0.0009765625 0.001953125 -0.00390625 0.0078125 -0.015625 0.03125 -0.0625 0.0009765625 -0.001953125 0.00390625 -0.0078125 0.015625 -0.03125 0.0625 -0.0009765625 0.001953125 -0.00390625 0.0078125 -0.015625 0.03125 -0.0625 0.0009765625 -0.001953125 0.00390625 -0.0078125 0.015625 -0.03125 0.0625 -0.0009765625 0.001953125 -0.00390625 0.0078125 -0.015625 0.03125 -0.0625 0.0009765625 -0.001953125 0.00390625 -0.0078125 0.015625 -0.03125 0.0625 -0.0009765625 0.001953125 -0.00390625 0.0078125 -0.015625 0.03125 -0.0625 0.0009765625 -0.001953125 0.00390625 -0.0078125 0.015625 -0.03125 0.0625 -0.0009765625 0.001953125 -0.00390625 0.0078125 -0.015625 0.03125 -0.0625 0.0009765625 -0.001953125 0.00390625 -0.0078125 0.015625 -0.03125 0.0625 -0.0009765625 0.001953125 -0.00390625 0.0078125 -0.015625 0.03125 -0.0625 0.0009765625 -0.001953125 0.00390625 -0.0078125 0.015625 -0.03125 0.0625 -0.0009765625 0.001953125 -0.00390625 0.0078125 -0.015625 0.03125 -0.0625 0.0009765625 -0.001953125 0.00390625 -0.0078125 0.015625 -0.03125 0.0625 -0.0009765625 0.001953125 -0.00390625 0.0078125 -0.015625 0.03125 -0.0625 0.0009765625 -0.001953125 0.00390625 -0.0078125 0.015625 -0.03125 0.0625 -0.0009765625 0.001953125 -0.00390625 0.0078125 -0.015625 0.03125 -0.0625 0.0009765625 -0.001953125 0.00390625 -0.0078125 0.015625 -0.03125 0.0625 -0.0009765625 0.001953125 -0.00390625 0.0078125 -0.015625 0.03125 -0.0625 0.0009765625 -0.001953125 0.00390625 -0.0078125 0.015625 -0.03125 0.0625 -0.0009765625 0.001953125 -0.00390625 0.0078125 -0.015625 0.03125 -0.0625 0.0009765625 -0.001953125 0.00390625 -0.0078125 0.015625 -0.03125 0.0625 -0.0009765625 0.001953125 -0.00390625 0.0078125 -0.015625 0.03125 -0.0625 0.0009765625 -0.001953125 0.00390625 -0.0078125 0.015625 -0.03125 0.0625 -0.0009765625 1.001953125 -0.00390625 0.0078125 -0.015625 0.03125 -0.0625 0.0009765625 -0.001953125 0.00390625 -0.0078125 0.015625 -0.03125 0.0625 -0.0009765625 0.001953125 -0.00390625 0.0078125 -0.015625 0.03125 -0.0625 0.0009765625 -0.001953125 0.00390625 -0.0078125 0.015625 -0.03125 0.0625 -0.0009765625 0.001953125 -0.00390625 0.0078125 -0.015625 0.03125 -0.0625 0.0009765625 -0.001953125 0.00390625 -0.0078125 0.015625 -0.03125 0.0625 -0.0009765625 0.001953125 -0.00390625 0.0078125
0.001953125 -0.00390625 0.0078125 -0.015625 0.03125 -0.0625 0.125 -0.001953125 0.00390625 -0.0078125 0.015625 -0.03125 0.0625 -0.125 0.001953125 -0.00390625 0.0078125 -0.015625 0.03125 -0.0625 0.125 -0.001953125 0.00390625 -0.0078125 0.015625 -0.03125 0.0625 -0.125 0.001953125 -0.00390625 0.0078125 -0.015625 0.03125 -0.0625 0.125 -0.001953125 0.00390625 -0.0078125 0.015625 -0.03125 0.0625 -0.125 0.001953125 -0.00390625 0.0078125 -0.015625 0.03125 -0.0625 0.125 -0.001953125 0.00390625 -0.0078125 0.015625 -0.03125 0.0625 -0.125 0.001953125 -0.00390625 0.0078125 -0.015625 0.03125 -0.0625 0.125 -0.001953125 0.00390625 -0.0078125 0.015625 -0.03125 0.0625 -0.125 0.001953125 -0.00390625 0.0078125 -0.015625 0.03125 -0.0625 0.125 -0.001953125 0.00390625 -0.0078125 0.015625 -0.03125 0.0625 -0.125 0.001953125 -0.00390625 0.0078125 -0.015625 0.03125 -0.0625 0.125 -0.001953125 0.00390625 -0.0078125 0.015625 -0.03125 0.0625 -0.125 0.001953125 -0.00390625 0.0078125 -0.015625 0.03125 -0.0625 0.125 -0.001953125 0.00390625 -0.0078125 0.015625 -0.03125 0.0625 -0.125 0.001953125 -0.00390625 0.0078125 -0.015625 0.03125 -0.0625 0.125 -0.001953125 0.00390625 -0.0078125 0.015625 -0.03125 0.0625 -0.125 0.001953125 -0.00390625 0.0078125 -0.015625 0.03125 -0.0625 0.125 -0.001953125 0.00390625 -0.0078125 0.015625 -0.03125 0.0625 -0.125 0.001953125 -0.00390625 0.0078125 -0.015625 0.03125 -0.0625 0.125 -0.001953125 0.00390625 -0.0078125 0.015625 -0.03125 0.0625 -0.125 0.001953125 -0.00390625 0.0078125 -0.015625 0.03125 -0.0625 0.125 -0.001953125 0.00390625 -0.0078125 0.015625 -0.03125 0.0625 -0.125 0.001953125 -0.00390625 0.0078125 -0.015625 0.03125 -0.0625 0.125 -0.001953125 0.00390625 -0.0078125 0.015625 -0.03125 0.0625 -0.125 0.001953125 -0.00390625 0.0078125 -0.015625 0.03125 -0.0625 0.125 -0.001953125 0.00390625 -0.0078125 0.015625 -0.03125 0.0625 -0.125 0.001953125 -0.00390625 0.0078125 -0.015625 0.03125 -0.0625 0.125 -0.001953125 0.00390625 -0.0078125 0.015625 -0.03125 0.0625 -0.125 0.001953125 -0.00390625 4.0078125 -0.015625 0.03125 -0.0625 0.125 -0.001953125 0.00390625 -0.0078125 0.015625 -0.03125 0.0625 -0.125 0.001953125 -0.00390625 0.0078125 -0.015625 0.03125 -0.0625 0.125 -0.001953125 0.00390625 -0.0078125 0.015625 -0.03125 0.0625 -0.125 0.001953125 -0.00390625 0.0078125 -0.015625 0.03125 -0.0625 0.125 -0.001953125 0.00390625 -0.0078125 0.015625 -0.03125 0.0625 -0.125 0.001953125 -0.00390625 0.0078125 -0.015625
-0.00048828125 0.0009765625 -0.001953125 0.00390625 -0.0078125 0.015625 -0.03125 0.00048828125 -0.0009765625 0.001953125 -0.00390625 0.0078125 -0.015625 0.03125 -0.00048828125 0.0009765625 -0.001953125 0.00390625 -0.0078125 0.015625 -0.03125 0.00048828125 -0.0009765625 0.001953125 -0.00390625 0.0078125 -0.015625 0.03125 -0.00048828125 0.0009765625 -0.001953125 0.00390625 -0.0078125 0.015625 -0.03125 0.00048828125 -0.0009765625 0.001953125 -0.00390625 0.0078125 -0.015625 0.03125 -0.00048828125 0.0009765625 -0.001953125 0.00390625 -0.0078125 0.015625 -0.03125 0.00048828125 -0.0009765625 0.001953125 -0.00390625 0.0078125 -0.015625 0.03125 -0.00048828125 0.0009765625 -0.001953125 0.00390625 -0.0078125 0.015625 -0.03125 0.00048828125 -0.0009765625 0.001953125 -0.00390625 0.0078125 -0.015625 0.03125 -0.00048828125 0.0009765625 -0.001953125 0.00390625 -0.0078125 0.015625 -0.03125 0.00048828125 -0.0009765625 0.001953125 -0.00390625 0.0078125 -0.015625 0.03125 -0.00048828125 0.0009765625 -0.001953125 0.00390625 -0.0078125 0.015625 -0.03125 0.00048828125 -0.0009765625 0.001953125 -0.00390625 0.0078125 -0.015625 0.03125 -0.00048828125 0.0009765625 -0.001953125 0.00390625 -0.0078125 0.015625 -0.03125 0.00048828125 -0.0009765625 0.001953125 -0.00390625 0.0078125 -0.015625 0.03125 -0.00048828125 0.0009765625 -0.001953125 0.00390625 -0.0078125 0.015625 -0.03125 0.00048828125 -0.0009765625 0.001953125 -0.00390625 0.0078125 -0.015625 0.03125 -0.00048828125 0.0009765625 -0.001953125 0.00390625 -0.0078125 0.015625 -0.03125 0.00048828125 -0.0009765625 0.001953125 -0.00390625 0.0078125 -0.015625 0.03125 -0.00048828125 0.0009765625 -0.001953125 0.00390625 -0.0078125 0.015625 -0.03125 0.00048828125 -0.0009765625 0.001953125 -0.00390625 0.0078125 -0.015625 0.03125 -0.00048828125 0.0009765625 -0.001953125 0.00390625 -0.0078125 0.015625 -0.03125 0.00048828125 -0.0009765625 0.001953125 -0.00390625 0.0078125 -0.015625 0.03125 -0.00048828125 0.0009765625 -0.001953125 0.00390625 -0.0078125 0.015625 -0.03125 0.00048828125 -0.0009765625 0.001953125 -0.00390625 0.0078125 -0.015625 0.03125 -0.00048828125 0.0009765625 -0.001953125 0.00390625 -0.0078125 0.015625 -0.03125 0.00048828125 -0.0009765625 0.001953125 -0.00390625 0.0078125 -0.015625 0.03125 -0.00048828125 0.0009765625 -0.001953125 0.00390625 -0.0078125 0.015625 -0.03125 0.00048828125 -0.0009765625 0.001953125 -0.00390625 0.0078125 -0.015625 0.03125 -0.00048828125 0.0009765625 -0.001953125 2.00390625 -0.0078125 0.015625 -0.03125 0.00048828125 -0.0009765625 0.001953125 -0.00390625 0.0078125 -0.015625 0.03125 -0.00048828125 0.0009765625 -0.001953125 0.00390625 -0.0078125 0.015625 -0.03125 0.00048828125 -0.0009765625 0.001953125 -0.00390625 0.0078125 -0.015625 0.03125 -0.00048828125 0.0009765625 -0.001953125 0.00390625 -0.0078125 0.015625 -0.03125 0.00048828125 -0.0009765625 0.001953125 -0.00390625 0.0078125 -0.015625 0.03125 -0.00048828125 0.0009765625 -0.001953125 0.00390625
0.0009765625 -0.001953125 0.00390625 -0.0078125 0.015625 -0.03125 0.0625 -0.0009765625 0.001953125 -0.00390625 0.0078125 -0.015625 0.03125 -0.0625 0.0009765625 -0.001953125 0.00390625 -0.0078125 0.015625 -0.03125 0.0625 -0.0009765625 0.001953125 -0.00390625 0.0078125 -0.015625 0.03125 -0.0625 0.0009765625 -0.001953125 0.00390625 -0.0078125 0.015625 -0.03125 0.0625 -0.0009765625 0.001953125 -0.00390625 0.0078125 -0.015625 0.03125 -0.0625 0.0009765625 -0.001953125 0.00390625 -0.0078125 0.015625 -0.03125 0.0625 -0.0009765625 0.001953125 -0.00390625 0.0078125 -0.015625 0.03125 -0.0625 0.0009765625 -0.001953125 0.00390625 -0.0078125 0.015625 -0.03125 0.0625 -0.0009765625 0.001953125 -0.00390625 0.0078125 -0.015625 0.03125 -0.0625 0.0009765625 -0.001953125 0.00390625 -0.0078125 0.015625 -0.03125 0.0625 -0.0009765625 0.001953125 -0.00390625 0.0078125 -0.015625 0.03125 -0.0625 0.0009765625 -0.001953125 0.00390625 -0.0078125 0.015625 -0.03125 0.0625 -0.0009765625 0.001953125 -0.00390625 0.0078125 -0.015625 0.03125 -0.0625 0.0009765625 -0.001953125 0.00390625 -0.0078125 0.015625 -0.03125 0.0625 -0.0009765625 0.001953125 -0.00390625 0.0078125 -0.015625 0.03125 -0.0625 0.0009765625 -0.001953125 0.00390625 -0.0078125 0.015625 -0.03125 0.0625 -0.0009765625 0.001953125 -0.00390625 0.0078125 -0.015625 0.03125 -0.0625 0.0009765625 -0.001953125 0.00390625 -0.0078125 0.015625 -0.03125 0.0625 -0.0009765625 0.001953125 -0.00390625 0.0078125 -0.015625 0.03125 -0.0625 0.0009765625 -0.001953125 0.00390625 -0.0078125 0.015625 -0.03125 0.0625 -0.0009765625 0.001953125 -0.00390625 0.0078125 -0.015625 0.03125 -0.0625 0.0009765625 -0.001953125 0.00390625 -0.0078125 0.015625 -0.03125 0.0625 -0.0009765625 0.001953125 -0.00390625 0.0078125 -0.015625 0.03125 -0.0625 0.0009765625 -0.001953125 0.00390625 -0.0078125 0.015625 -0.03125 0.0625 -0.0009765625 0.001953125 -0.00390625 0.0078125 -0.015625 0.03125 -0.0625 0.0009765625 -0.001953125 0.00390625 -0.0078125 0.015625 -0.03125 0.0625 -0.0009765625 0.001953125 -0.00390625 0.0078125 -0.015625 0.03125 -0.0625 0.0009765625 -0.001953125 0.00390625 -0.0078125 0.015625 -0.03125 0.0625 -0.0009765625 0.001953125 -0.00390625 0.0078125 -0.015625 0.03125 -0.0625 0.0009765625 -0.001953125 0.00390625 -0.0078125 8.015625 -0.03125 0.0625 -0.0009765625 0.001953125 -0.00390625 0.0078125 -0.015625 0.03125 -0.0625 0.0009765625 -0.001953125 0.00390625 -0.0078125 0.015625 -0.03125 0.0625 -0.0009765625 0.001953125 -0.00390625 0.0078125 -0.015625 0.03125 -0.0625 0.0009765625 -0.001953125 0.00390625 -0.0078125 0.015625 -0.03125 0.0625 -0.0009765625 0.001953125 -0.00390625 0.0078125 -0.015625 0.03125 -0.0625 0.0009765625 -0.001953125 0.00390625 -0.0078125
-0.001953125 0.00390625 -0.0078125 0.015625 -0.03125 0.0625 -0.125 0.001953125 -0.00390625 0.0078125 -0.015625 0.03125 -0.0625 0.125 -0.001953125 0.00390625 -0.0078125 0.015625 -0.03125 0.0625 -0.125 0.001953125 -0.00390625 0.0078125 -0.015625 0.03125 -0.0625 0.125 -0.001953125 0.00390625 -0.0078125 0.015625 -0.03125 0.0625 -0.125 0.001953125 -0.00390625 0.0078125 -0.015625 0.03125 -0.0625 0.125 -0.001953125 0.00390625 -0.0078125 0.015625 -0.03125 0.0625 -0.125 0.001953125 -0.00390625 0.0078125 -0.015625 0.03125 -0.0625 0.125 -0.001953125 0.00390625 -0.0078125 0.015625 -0.03125 0.0625 -0.125 0.001953125 -0.00390625 0.0078125 -0.015625 0.03125 -0.0625 0.125 -0.001953125 0.00390625 -0.0078125 0.015625 -0.03125 0.0625 -0.125 0.001953125 -0.00390625 0.0078125 -0.015625 0.03125 -0.0625 0.125 -0.001953125 0.00390625 -0.0078125 0.015625 -0.03125 0.0625 -0.125 0.001953125 -0.00390625 0.0078125 -0.015625 0.03125 -0.0625 0.125 -0.001953125 0.00390625 -0.0078125 0.015625 -0.03125 0.0625 -0.125 0.001953125 -0.00390625 0.0078125 -0.015625 0.03125 -0.0625 0.125 -0.001953125 0.00390625 -0.0078125 0.015625 -0.03125 0.0625 -0.125 0.001953125 -0.00390625 0.0078125 -0.015625 0.03125 -0.0625 0.125 -0.001953125 0.00390625 -0.0078125 0.015625 -0.03125 0.0625 -0.125 0.001953125 -0.00390625 0.0078125 -0.015625 0.03125 -0.0625 0.125 -0.001953125 0.00390625 -0.0078125 0.015625 -0.03125 0.0625 -0.125 0.001953125 -0.00390625 0.0078125 -0.015625 0.03125 -0.0625 0.125 -0.001953125 0.00390625 -0.0078125 0.015625 -0.03125 0.0625 -0.125 0.001953125 -0.00390625 0.0078125 -0.015625 0.03125 -0.0625 0.125 -0.001953125 0.00390625 -0.0078125 0.015625 -0.03125 0.0625 -0.125 0.001953125 -0.00390625 0.0078125 -0.015625 0.03125 -0.0625 0.125 -0.001953125 0.00390625 -0.0078125 0.015625 -0.03125 0.0625 -0.125 0.001953125 -0.00390625 0.0078125 -0.015625 0.03125 -0.0625 0.125 -0.001953125 0.00390625 -0.0078125 0.015625 -0.03125 0.0625 -0.125 0.001953125 -0.00390625 0.0078125 -0.015625 0.03125 -0.0625 0.125 -0.001953125 0.00390625 -0.0078125 0.015625 -0.03125 32.0625 -0.125 0.001953125 -0.00390625 0.0078125 -0.015625 0.03125 -0.0625 0.125 -0.001953125 0.00390625 -0.0078125 0.015625 -0.03125 0.0625 -0.125 0.001953125 -0.00390625 0.0078125 -0.015625 0.03125 -0.0625 0.125 -0.001953125 0.00390625 -0.0078125 0.015625 -0.03125 0.0625 -0.125 0.001953125 -0.00390625 0.0078125 -0.015625 0.03125 -0.0625 0.125 -0.001953125 0.00390625 -0.0078125 0.015625
0.00048828125 -0.0009765625 0.001953125 -0.00390625 0.0078125 -0.015625 0.03125 -0.00048828125 0.0009765625 -0.001953125 0.00390625 -0.0078125 0.015625 -0.03125 0.00048828125 -0.0009765625 0.001953125 -0.00390625 0.0078125 -0.015625 0.03125 -0.00048828125 0.0009765625 -0.001953125 0.00390625 -0.0078125 0.015625 -0.03125 0.00048828125 -0.0009765625 0.001953125 -0.00390625 0.0078125 -0.015625 0.03125 -0.00048828125 0.0009765625 -0.001953125 0.00390625 -0.0078125 0.015625 -0.03125 0.00048828125 -0.0009765625 0.001953125 -0.00390625 0.0078125 -0.015625 0.03125 -0.00048828125 0.0009765625 -0.001953125 0.00390625 -0.0078125 0.015625 -0.03125 0.00048828125 -0.0009765625 0.001953125 -0.00390625 0.0078125 -0.015625 0.03125 -0.00048828125 0.0009765625 -0.001953125 0.00390625 -0.0078125 0.015625 -0.03125 0.00048828125 -0.0009765625 0.001953125 -0.00390625 0.0078125 -0.015625 0.03125 -0.00048828125 0.0009765625 -0.001953125 0.00390625 -0.0078125 0.015625 -0.03125 0.00048828125 -0.0009765625 0.001953125 -0.00390625 0.0078125 -0.015625 0.03125 -0.00048828125 0.0009765625 -0.001953125 0.00390625 -0.0078125 0.015625 -0.03125 0.00048828125 -0.0009765625 0.001953125 -0.00390625 0.0078125 -0.015625 0.03125 -0.00048828125 0.0009765625 -0.001953125 0.00390625 -0.0078125 0.015625 -0.03125 0.00048828125 -0.0009765625 0.001953125 -0.00390625 0.0078125 -0.015625 0.03125 -0.00048828125 0.0009765625 -0.001953125 0.00390625 -0.0078125 0.015625 -0.03125 0.00048828125 -0.0009765625 0.001953125 -0.00390625 0.0078125 -0.015625 0.03125 -0.00048828125 0.0009765625 -0.001953125 0.00390625 -0.0078125 0.015625 -0.03125 0.00048828125 -0.0009765625 0.001953125 -0.00390625 0.0078125 -0.015625 0.03125 -0.00048828125 0.0009765625 -0.001953125 0.00390625 -0.0078125 0.015625 -0.03125 0.00048828125 -0.0009765625 0.001953125 -0.00390625 0.0078125 -0.015625 0.03125 -0.00048828125 0.0009765625 -0.001953125 0.00390625 -0.0078125 0.015625 -0.03125 0.00048828125 -0.0009765625 0.001953125 -0.00390625 0.0078125 -0.015625 0.03125 -0.00048828125 0.0009765625 -0.001953125 0.00390625 -0.0078125 0.015625 -0.03125 0.00048828125 -0.0009765625 0.001953125 -0.00390625 0.0078125 -0.015625 0.03125 -0.00048828125 0.0009765625 -0.001953125 0.00390625 -0.0078125 0.015625 -0.03125 0.00048828125 -0.0009765625 0.001953125 -0.00390625 0.0078125 -0.015625 0.03125 -0.00048828125 0.0009765625 -0.001953125 0.00390625 -0.0078125 0.015625 -0.03125 0.00048828125 -0.0009765625 0.001953125 -0.00390625 0.0078125 -0.015625 16.03125 -0.00048828125 0.0009765625 -0.001953125 0.00390625 -0.0078125 0.015625 -0.03125 0.00048828125 -0.0009765625 0.001953125 -0.00390625 0.0078125 -0.015625 0.03125 -0.00048828125 0.0009765625 -0.001953125 0.00390625 -0.0078125 0.015625 -0.03125 0.00048828125 -0.0009765625 0.001953125 -0.00390625 0.0078125 -0.015625 0.03125 -0.00048828125 0.0009765625 -0.001953125 0.00390625 -0.0078125 0.015625 -0.03125 0.00048828125 -0.0009765625 0.001953125 -0.00390625
-0.0009765625 0.001953125 -0.00390625 0.0078125 -0.015625 0.03125 -0.0625 0.0009765625 -0.001953125 0.00390625 -0.0078125 0.015625 -0.03125 0.0625 -0.0009765625 0.001953125 -0.00390625 0.0078125 -0.015625 0.03125 -0.0625 0.0009765625 -0.001953125 0.00390625 -0.0078125 0.015625 -0.03125 0.0625 -0.0009765625 0.001953125 -0.00390625 0.0078125 -0.015625 0.03125 -0.0625 0.0009765625 -0.001953125 0.00390625 -0.0078125 0.015625 -0.03125 0.0625 -0.0009765625 0.001953125 -0.00390625 0.0078125 -0.015625 0.03125 -0.0625 0.0009765625 -0.001953125 0.00390625 -0.0078125 0.015625 -0.03125 0.0625 -0.0009765625 0.001953125 -0.00390625 0.0078125 -0.015625 0.03125 -0.0625 0.0009765625 -0.001953125 0.00390625 -0.0078125 0.015625 -0.03125 0.0625 -0.0009765625 0.001953125 -0.00390625 0.0078125 -0.015625 0.03125 -0.0625 0.0009765625 -0.001953125 0.00390625 -0.0078125 0.015625 -0.03125 0.0625 -0.0009765625 0.001953125 -0.00390625 0.0078125 -0.015625 0.03125 -0.0625 0.0009765625 -0.001953125 0.00390625 -0.0078125 0.015625 -0.03125 0.0625 -0.0009765625 0.001953125 -0.00390625 0.0078125 -0.015625 0.03125 -0.0625 0.0009765625 -0.001953125 0.00390625 -0.0078125 0.015625 -0.03125 0.0625 -0.0009765625 0.001953125 -0.00390625 0.0078125 -0.015625 0.03125 -0.0625 0.0009765625 -0.001953125 0.00390625 -0.0078125 0.015625 -0.03125 0.0625 -0.0009765625 0.001953125 -0.00390625 0.0078125 -0.015625 0.03125 -0.0625 0.0009765625 -0.001953125 0.00390625 -0.0078125 0.015625 -0.03125 0.0625 -0.0009765625 0.001953125 -0.00390625 0.0078125 -0.015625 0.03125 -0.0625 0.0009765625 -0.001953125 0.00390625 -0.0078125 0.015625 -0.03125 0.0625 -0.0009765625 0.001953125 -0.00390625 0.0078125 -0.015625 0.03125 -0.0625 0.0009765625 -0.001953125 0.00390625 -0.0078125 0.015625 -0.03125 0.0625 -0.0009765625 0.001953125 -0.00390625 0.0078125 -0.015625 0.03125 -0.0625 0.0009765625 -0.001953125 0.00390625 -0.0078125 0.015625 -0.03125 0.0625 -0.0009765625 0.001953125 -0.00390625 0.0078125 -0.015625 0.03125 -0.0625 0.0009765625 -0.001953125 0.00390625 -0.0078125 0.015625 -0.03125 0.0625 -0.0009765625 0.001953125 -0.00390625 0.0078125 -0.015625 0.03125 -0.0625 0.0009765625 -0.001953125 0.00390625 -0.0078125 0.015625 -0.03125 0.0625 -0.0009765625 0.001953125 -0.00390625 0.0078125 -0.015625 0.03125 -0.0625 0.5009765625 -0.001953125 0.00390625 -0.0078125 0.015625 -0.03125 0.0625 -0.0009765625 0.001953125 -0.00390625 0.0078125 -0.015625 0.03125 -0.0625 0.0009765625 -0.001953125 0.00390625 -0.0078125 0.015625 -0.03125 0.0625 -0.0009765625 0.001953125 -0.00390625 0.0078125 -0.015625 0.03125 -0.0625 0.0009765625 -0.001953125 0.00390625 -0.0078125 0.015625 -0.03125 0.0625 -0.0009765625 0.001953125 -0.00390625 0.0078125
0.001953125 -0.00390625 0.0078125 -0.015625 0.03125 -0.0625 0.125 -0.001953125 0.00390625 -0.0078125 0.015625 -0.03125 0.0625 -0.125 0.001953125 -0.00390625 0.0078125 -0.015625 0.03125 -0.0625 0.125 -0.001953125 0.00390625 -0.0078125 0.015625 -0.03125 0.0625 -0.125 0.001953125 -0.00390625 0.0078125 -0.015625 0.03125 -0.0625 0.125 -0.001953125 0.00390625 -0.0078125 0.015625 -0.03125 0.0625 -0.125 0.001953125 -0.00390625 0.0078125 -0.015625 0.03125 -0.0625 0.125 -0.001953125 0.00390625 -0.0078125 0.015625 -0.03125 0.0625 -0.125 0.001953125 -0.00390625 0.0078125 -0.015625 0.03125 -0.0625 0.125 -0.001953125 0.00390625 -0.0078125 0.015625 -0.03125 0.0625 -0.125 0.001953125 -0.00390625 0.0078125 -0.015625 0.03125 -0.0625 0.125 -0.001953125 0.00390625 -0.0078125 0.015625 -0.03125 0.0625 -0.125 0.001953125 -0.00390625 0.0078125 -0.015625 0.03125 -0.0625 0.125 -0.001953125 0.00390625 -0.0078125 0.015625 -0.03125 0.0625 -0.125 0.001953125 -0.00390625 0.0078125 -0.015625 0.03125 -0.0625 0.125 -0.001953125 0.00390625 -0.0078125 0.015625 -0.03125 0.0625 -0.125 0.001953125 -0.00390625 0.0078125 -0.015625 0.03125 -0.0625 0.125 -0.001953125 0.00390625 -0.0078125 0.015625 -0.03125 0.0625 -0.125 0.001953125 -0.00390625 0.0078125 -0.015625 0.03125 -0.0625 0.125 -0.001953125 0.00390625 -0.0078125 0.015625 -0.03125 0.0625 -0.125 0.001953125 -0.00390625 0.0078125 -0.015625 0.03125 -0.0625 0.125 -0.001953125 0.00390625 -0.0078125 0.015625 -0.03125 0.0625 -0.125 0.001953125 -0.00390625 0.0078125 -0.015625 0.03125 -0.0625 0.125 -0.001953125 0.00390625 -0.0078125 0.015625 -0.03125 0.0625 -0.125 0.001953125 -0.00390625 0.0078125 -0.015625 0.03125 -0.0625 0.125 -0.001953125 0.00390625 -0.0078125 0.015625 -0.03125 0.0625 -0.125 0.001953125 -0.00390625 0.0078125 -0.015625 0.03125 -0.0625 0.125 -0.001953125 0.00390625 -0.0078125 0.015625 -0.03125 0.0625 -0.125 0.001953125 -0.00390625 0.0078125 -0.015625 0.03125 -0.0625 0.125 -0.001953125 0.00390625 -0.0078125 0.015625 -0.03125 0.0625 -0.125 0.001953125 -0.00390625 0.0078125 -0.015625 0.03125 -0.0625 0.125 -0.001953125 2.00390625 -0.0078125 0.015625 -0.03125 0.0625 -0.125 0.001953125 -0.00390625 0.0078125 -0.015625 0.03125 -0.0625 0.125 -0.001953125 0.00390625 -0.0078125 0.015625 -0.03125 0.0625 -0.125 0.001953125 -0.00390625 0.0078125 -0.015625 0.03125 -0.0625 0.125 -0.001953125 0.00390625 -0.0078125 0.015625 -0.03125 0.0625 -0.125 0.001953125 -0.00390625 0.0078125 -0.015625
-0.00048828125 0.0009765625 -0.001953125 0.00390625 -0.0078125 0.015625 -0.03125 0.00048828125 -0.0009765625 0.001953125 -0.00390625 0.0078125 -0.015625 0.03125 -0.00048828125 0.0009765625 -0.001953125 0.00390625 -0.0078125 0.015625 -0.03125 0.00048828125 -0.0009765625 0.001953125 -0.00390625 0.0078125 -0.015625 0.03125 -0.00048828125 0.0009765625 -0.001953125 0.00390625 -0.0078125 0.015625 -0.03125 0.00048828125 -0.0009765625 0.001953125 -0.00390625 0.0078125 -0.015625 0.03125 -0.00048828125 0.0009765625 -0.001953125 0.00390625 -0.0078125 0.015625 -0.03125 0.00048828125 -0.0009765625 0.001953125 -0.00390625 0.0078125 -0.015625 0.03125 -0.00048828125 0.0009765625 -0.001953125 0.00390625 -0.0078125 0.015625 -0.03125 0.00048828125 -0.0009765625 0.001953125 -0.00390625 0.0078125 -0.015625 0.03125 -0.00048828125 0.0009765625 -0.001953125 0.00390625 -0.0078125 0.015625 -0.03125 0.00048828125 -0.0009765625 0.001953125 -0.00390625 0.0078125 -0.015625 0.03125 -0.00048828125 0.0009765625 -0.001953125 0.00390625 -0.0078125 0.015625 -0.03125 0.00048828125 -0.0009765625 0.001953125 -0.00390625 0.0078125 -0.015625 0.03125 -0.00048828125 0.0009765625 -0.001953125 0.00390625 -0.0078125 0.015625 -0.03125 0.00048828125 -0.0009765625 0.001953125 -0.00390625 0.0078125 -0.015625 0.03125 -0.00048828125 0.0009765625 -0.001953125 0.00390625 -0.0078125 0.015625 -0.03125 0.00048828125 -0.0009765625 0.001953125 -0.00390625 0.0078125 -0.015625 0.03125 -0.00048828125 0.0009765625 -0.001953125 0.00390625 -0.0078125 0.015625 -0.03125 0.00048828125 -0.0009765625 0.001953125 -0.00390625 0.0078125 -0.015625 0.03125 -0.00048828125 0.0009765625 -0.001953125 0.00390625 -0.0078125 0.015625 -0.03125 0.00048828125 -0.0009765625 0.001953125 -0.00390625 0.0078125 -0.015625 0.03125 -0.00048828125 0.0009765625 -0.001953125 0.00390625 -0.0078125 0.015625 -0.03125 0.00048828125 -0.0009765625 0.001953125 -0.00390625 0.0078125 -0.015625 0.03125 -0.00048828125 0.0009765625 -0.001953125 0.00390625 -0.0078125 0.015625 -0.03125 0.00048828125 -0.0009765625 0.001953125 -0.00390625 0.0078125 -0.015625 0.03125 -0.00048828125 0.0009765625 -0.001953125 0.00390625 -0.0078125 0.015625 -0.03125 0.00048828125 -0.0009765625 0.001953125 -0.00390625 0.0078125 -0.015625 0.03125 -0.00048828125 0.0009765625 -0.001953125 0.00390625 -0.0078125 0.015625 -0.03125 0.00048828125 -0.0009765625 0.001953125 -0.00390625 0.0078125 -0.015625 0.03125 -0.00048828125 0.0009765625 -0.001953125 0.00390625 -0.0078125 0.015625 -0.03125 0.00048828125 -0.0009765625 1.001953125 -0.00390625 0.0078125 -0.015625 0.03125 -0.00048828125 0.0009765625 -0.001953125 0.00390625 -0.0078125 0.015625 -0.03125 0.00048828125 -0.0009765625 0.001953125 -0.00390625 0.0078125 -0.015625 0.03125 -0.00048828125 0.0009765625 -0.001953125 0.00390625 -0.0078125 0.015625 -0.03125 0.00048828125 -0.0009765625 0.001953125 -0.00390625 0.0078125 -0.015625 0.03125 -0.00048828125 0.0009765625 -0.001953125 0.00390625
0.0009765625 -0.001953125 0.00390625 -0.0078125 0.015625 -0.03125 0.0625 -0.0009765625 0.001953125 -0.00390625 0.0078125 -0.015625 0.03125 -0.0625 0.0009765625 -0.001953125 0.00390625 -0.0078125 0.015625 -0.03125 0.0625 -0.0009765625 0.001953125 -0.00390625 0.0078125 -0.015625 0.03125 -0.0625 0.0009765625 -0.001953125 0.00390625 -0.0078125 0.015625 -0.03125 0.0625 -0.0009765625 0.001953125 -0.00390625 0.0078125 -0.015625 0.03125 -0.0625 0.0009765625 -0.001953125 0.00390625 -0.0078125 0.015625 -0.03125 0.0625 -0.0009765625 0.001953125 -0.00390625 0.0078125 -0.015625 0.03125 -0.0625 0.0009765625 -0.001953125 0.00390625 -0.0078125 0.015625 -0.03125 0.0625 -0.0009765625 0.001953125 -0.00390625 0.0078125 -0.015625 0.03125 -0.0625 0.0009765625 -0.001953125 0.00390625 -0.0078125 0.015625 -0.03125 0.0625 -0.0009765625 0.001953125 -0.00390625 0.0078125 -0.015625 0.03125 -0.0625 0.0009765625 -0.001953125 0.00390625 -0.0078125 0.015625 -0.03125 0.0625 -0.0009765625 0.001953125 -0.00390625 0.0078125 -0.015625 0.03125 -0.0625 0.0009765625 -0.001953125 0.00390625 -0.0078125 0.015625 -0.03125 0.0625 -0.0009765625 0.001953125 -0.00390625 0.0078125 -0.015625 0.03125 -0.0625 0.0009765625 -0.001953125 0.00390625 -0.0078125 0.015625 -0.03125 0.0625 -0.0009765625 0.001953125 -0.00390625 0.0078125 -0.015625 0.03125 -0.0625 0.0009765625 -0.001953125 0.00390625 -0.0078125 0.015625 -0.03125 0.0625 -0.0009765625 0.001953125 -0.00390625 0.0078125 -0.015625 0.03125 -0.0625 0.0009765625 -0.001953125 0.00390625 -0.0078125 0.015625 -0.03125 0.0625 -0.0009765625 0.001953125 -0.00390625 0.0078125 -0.015625 0.03125 -0.0625 0.0009765625 -0.001953125 0.00390625 -0.0078125 0.015625 -0.03125 0.0625 -0.0009765625 0.001953125 -0.00390625 0.0078125 -0.015625 0.03125 -0.0625 0.0009765625 -0.001953125 0.00390625 -0.0078125 0.015625 -0.03125 0.0625 -0.0009765625 0.001953125 -0.00390625 0.0078125 -0.015625 0.03125 -0.0625 0.0009765625 -0.001953125 0.00390625 -0.0078125 0.015625 -0.03125 0.0625 -0.0009765625 0.001953125 -0.00390625 0.0078125 -0.015625 0.03125 -0.0625 0.0009765625 -0.001953125 0.00390625 -0.0078125 0.015625 -0.03125 0.0625 -0.0009765625 0.001953125 -0.00390625 0.0078125 -0.015625 0.03125 -0.0625 0.0009765625 -0.001953125 0.00390625 -0.0078125 0.015625 -0.03125 0.0625 -0.0009765625 0.001953125 -0.00390625 4.0078125 -0.015625 0.03125 -0.0625 0.0009765625 -0.001953125 0.00390625 -0.0078125 0.015625 -0.03125 0.0625 -0.0009765625 0.001953125 -0.00390625 0.0078125 -0.015625 0.03125 -0.0625 0.0009765625 -0.001953125 0.00390625 -0.0078125 0.015625 -0.03125 0.0625 -0.0009765625 0.001953125 -0.00390625 0.0078125 -0.015625 0.03125 -0.0625 0.0009765625 -0.001953125 0.00390625 -0.0078125
-0.001953125 0.00390625 -0.0078125 0.015625 -0.03125 0.0625 -0.125 0.001953125 -0.00390625 0.0078125 -0.015625 0.03125 -0.0625 0.125 -0.001953125 0.00390625 -0.0078125 0.015625 -0.03125 0.0625 -0.125 0.001953125 -0.00390625 0.0078125 -0.015625 0.03125 -0.0625 0.125 -0.001953125 0.00390625 -0.0078125 0.015625 -0.03125 0.0625 -0.125 0.001953125 -0.00390625 0.0078125 -0.015625 0.03125 -0.0625 0.125 -0.001953125 0.00390625 -0.0078125 0.015625 -0.03125 0.0625 -0.125 0.001953125 -0.00390625 0.0078125 -0.015625 0.03125 -0.0625 0.125 -0.001953125 0.00390625 -0.0078125 0.015625 -0.03125 0.0625 -0.125 0.001953125 -0.00390625 0.0078125 -0.015625 0.03125 -0.0625 0.125 -0.001953125 0.00390625 -0.0078125 0.015625 -0.03125 0.0625 -0.125 0.001953125 -0.00390625 0.0078125 -0.015625 0.03125 -0.0625 0.125 -0.001953125 0.00390625 -0.0078125 0.015625 -0.03125 0.0625 -0.125 0.001953125 -0.00390625 0.0078125 -0.015625 0.03125 -0.0625 0.125 -0.001953125 0.00390625 -0.0078125 0.015625 -0.03125 0.0625 -0.125 0.001953125 -0.00390625 0.0078125 -0.015625 0.03125 -0.0625 0.125 -0.001953125 0.00390625 -0.0078125 0.015625 -0.03125 0.0625 -0.125 0.001953125 -0.00390625 0.0078125 -0.015625 0.03125 -0.0625 0.125 -0.001953125 0.00390625 -0.0078125 0.015625 -0.03125 0.0625 -0.125 0.001953125 -0.00390625 0.0078125 -0.015625 0.03125 -0.0625 0.125 -0.001953125 0.00390625 -0.0078125 0.015625 -0.03125 0.0625 -0.125 0.001953125 -0.00390625 0.0078125 -0.015625 0.03125 -0.0625 0.125 -0.001953125 0.00390625 -0.0078125 0.015625 -0.03125 0.0625 -0.125 0.001953125 -0.00390625 0.0078125 -0.015625 0.03125 -0.0625 0.125 -0.001953125 0.00390625 -0.0078125 0.015625 -0.03125 0.0625 -0.125 0.001953125 -0.00390625 0.0078125 -0.015625 0.03125 -0.0625 0.125 -0.001953125 0.00390625 -0.0078125 0.015625 -0.03125 0.0625 -0.125 0.001953125 -0.00390625 0.0078125 -0.015625 0.03125 -0.0625 0.125 -0.001953125 0.00390625 -0.0078125 0.015625 -0.03125 0.0625 -0.125 0.001953125 -0.00390625 0.0078125 -0.015625 0.03125 -0.0625 0.125 -0.001953125 0.00390625 -0.0078125 0.015625 -0.03125 0.0625 -0.125 0.001953125 -0.00390625 0.0078125 -0.015625 16.03125 -0.0625 0.125 -0.001953125 0.00390625 -0.0078125 0.015625 -0.03125 0.0625 -0.125 0.001953125 -0.00390625 0.0078125 -0.015625 0.03125 -0.0625 0.125 -0.001953125 0.00390625 -0.0078125 0.015625 -0.03125 0.0625 -0.125 0.001953125 -0.00390625 0.0078125 -0.015625 0.03125 -0.0625 0.125 -0.001953125 0.00390625 -0.0078125 0.015625
0.00048828125 -0.0009765625 0.001953125 -0.00390625 0.0078125 -0.015625 0.03125 -0.00048828125 0.0009765625 -0.001953125 0.00390625 -0.0078125 0.015625 -0.03125 0.00048828125 -0.0009765625 0.001953125 -0.00390625 0.0078125 -0.015625 0.03125 -0.00048828125 0.0009765625 -0.001953125 0.00390625 -0.0078125 0.015625 -0.03125 0.00048828125 -0.0009765625 0.001953125 -0.00390625 0.0078125 -0.015625 0.03125 -0.00048828125 0.0009765625 -0.001953125 0.00390625 -0.0078125 0.015625 -0.03125 0.00048828125 -0.0009765625 0.001953125 -0.00390625 0.0078125 -0.015625 0.03125 -0.00048828125 0.0009765625 -0.001953125 0.00390625 -0.0078125 0.015625 -0.03125 0.00048828125 -0.0009765625 0.001953125 -0.00390625 0.0078125 -0.015625 0.03125 -0.00048828125 0.0009765625 -0.001953125 0.00390625 -0.0078125 0.015625 -0.03125 0.00048828125 -0.0009765625 0.001953125 -0.00390625 0.0078125 -0.015625 0.03125 -0.00048828125 0.0009765625 -0.001953125 0.00390625 -0.0078125 0.015625 -0.03125 0.00048828125 -0.0009765625 0.001953125 -0.00390625 0.0078125 -0.015625 0.03125 -0.00048828125 0.0009765625 -0.001953125 0.00390625 -0.0078125 0.015625 -0.03125 0.00048828125 -0.0009765625 0.001953125 -0.00390625 0.0078125 -0.015625 0.03125 -0.00048828125 0.0009765625 -0.001953125 0.00390625 -0.0078125 0.015625 -0.03125 0.00048828125 -0.0009765625 0.001953125 -0.00390625 0.0078125 -0.015625 0.03125 -0.00048828125 0.0009765625 -0.001953125 0.00390625 -0.0078125 0.015625 -0.03125 0.00048828125 -0.0009765625 0.001953125 -0.00390625 0.0078125 -0.015625 0.03125 -0.00048828125 0.0009765625 -0.001953125 0.00390625 -0.0078125 0.015625 -0.03125 0.00048828125 -0.0009765625 0.001953125 -0.00390625 0.0078125 -0.015625 0.03125 -0.00048828125 0.0009765625 -0.001953125 0.00390625 -0.0078125 0.015625 -0.03125 0.00048828125 -0.0009765625 0.001953125 -0.00390625 0.0078125 -0.015625 0.03125 -0.00048828125 0.0009765625 -0.001953125 0.00390625 -0.0078125 0.015625 -0.03125 0.00048828125 -0.0009765625 0.001953125 -0.00390625 0.0078125 -0.015625 0.03125 -0.00048828125 0.0009765625 -0.001953125 0.00390625 -0.0078125 0.015625 -0.03125 0.00048828125 -0.0009765625 0.001953125 -0.00390625 0.0078125 -0.015625 0.03125 -0.00048828125 0.0009765625 -0.001953125 0.00390625 -0.0078125 0.015625 -0.03125 0.00048828125 -0.0009765625 0.001953125 -0.00390625 0.0078125 -0.015625 0.03125 -0.00048828125 0.0009765625 -0.001953125 0.00390625 -0.0078125 0.015625 -0.03125 0.00048828125 -0.0009765625 0.001953125 -0.00390625 0.0078125 -0.015625 0.03125 -0.00048828125 0.0009765625 -0.001953125 0.00390625 -0.0078125 8.015625 -0.03125 0.00048828125 -0.0009765625 0.001953125 -0.00390625 0.0078125 -0.015625 0.03125 -0.00048828125 0.0009765625 -0.001953125 0.00390625 -0.0078125 0.015625 -0.03125 0.00048828125 -0.0009765625 0.001953125 -0.00390625 0.0078125 -0.015625 0.03125 -0.00048828125 0.0009765625 -0.001953125 0.00390625 -0.0078125 0.015625 -0.03125 0.00048828125 -0.0009765625 0.001953125 -0.00390625
-0.0009765625 0.001953125 -0.00390625 0.0078125 -0.015625 0.03125 -0.0625 0.0009765625 -0.001953125 0.00390625 -0.0078125 0.015625 -0.03125 0.0625 -0.0009765625 0.001953125 -0.00390625 0.0078125 -0.015625 0.03125 -0.0625 0.0009765625 -0.001953125 0.00390625 -0.0078125 0.015625 -0.03125 0.0625 -0.0009765625 0.001953125 -0.00390625 0.0078125 -0.015625 0.03125 -0.0625 0.0009765625 -0.001953125 0.00390625 -0.0078125 0.015625 -0.03125 0.0625 -0.0009765625 0.001953125 -0.00390625 0.0078125 -0.015625 0.03125 -0.0625 0.0009765625 -0.001953125 0.00390625 -0.0078125 0.015625 -0.03125 0.0625 -0.0009765625 0.001953125 -0.00390625 0.0078125 -0.015625 0.03125 -0.0625 0.0009765625 -0.001953125 0.00390625 -0.0078125 0.015625 -0.03125 0.0625 -0.0009765625 0.001953125 -0.00390625 0.0078125 -0.015625 0.03125 -0.0625 0.0009765625 -0.001953125 0.00390625 -0.0078125 0.015625 -0.03125 0.0625 -0.0009765625 0.001953125 -0.00390625 0.0078125 -0.015625 0.03125 -0.0625 0.0009765625 -0.001953125 0.00390625 -0.0078125 0.015625 -0.03125 0.0625 -0.0009765625 0.001953125 -0.00390625 0.0078125 -0.015625 0.03125 -0.0625 0.0009765625 -0.001953125 0.00390625 -0.0078125 0.015625 -0.03125 0.0625 -0.0009765625 0.001953125 -0.00390625 0.0078125 -0.015625 0.03125 -0.0625 0.0009765625 -0.001953125 0.00390625 -0.0078125 0.015625 -0.03125 0.0625 -0.0009765625 0.001953125 -0.00390625 0.0078125 -0.015625 0.03125 -0.0625 0.0009765625 -0.001953125 0.00390625 -0.0078125 0.015625 -0.03125 0.0625 -0.0009765625 0.001953125 -0.00390625 0.0078125 -0.015625 0.03125 -0.0625 0.0009765625 -0.001953125 0.00390625 -0.0078125 0.015625 -0.03125 0.0625 -0.0009765625 0.001953125 -0.00390625 0.0078125 -0.015625 0.03125 -0.0625 0.0009765625 -0.001953125 0.00390625 -0.0078125 0.015625 -0.03125 0.0625 -0.0009765625 0.001953125 -0.00390625 0.0078125 -0.015625 0.03125 -0.0625 0.0009765625 -0.001953125 0.00390625 -0.0078125 0.015625 -0.03125 0.0625 -0.0009765625 0.001953125 -0.00390625 0.0078125 -0.015625 0.03125 -0.0625 0.0009765625 -0.001953125 0.00390625 -0.0078125 0.015625 -0.03125 0.0625 -0.0009765625 0.001953125 -0.00390625 0.0078125 -0.015625 0.03125 -0.0625 0.0009765625 -0.001953125 0.00390625 -0.0078125 0.015625 -0.03125 0.0625 -0.0009765625 0.001953125 -0.00390625 0.0078125 -0.015625 0.03125 -0.0625 0.0009765625 -0.001953125 0.00390625 -0.0078125 0.015625 -0.03125 32.0625 -0.0009765625 0.001953125 -0.00390625 0.0078125 -0.015625 0.03125 -0.0625 0.0009765625 -0.001953125 0.00390625 -0.0078125 0.015625 -0.03125 0.0625 -0.0009765625 0.001953125 -0.00390625 0.0078125 -0.015625 0.03125 -0.0625 0.0009765625 -0.001953125 0.00390625 -0.0078125 0.015625 -0.03125 0.0625 -0.0009765625 0.001953125 -0.00390625 0.0078125
0.001953125 -0.00390625 0.0078125 -0.015625 0.03125 -0.0625 0.125 -0.001953125 0.00390625 -0.0078125 0.015625 -0.03125 0.0625 -0.125 0.001953125 -0.00390625 0.0078125 -0.015625 0.03125 -0.0625 0.125 -0.001953125 0.00390625 -0.0078125 0.015625 -0.03125 0.0625 -0.125 0.001953125 -0.00390625 0.0078125 -0.015625 0.03125 -0.0625 0.125 -0.001953125 0.00390625 -0.0078125 0.015625 -0.03125 0.0625 -0.125 0.001953125 -0.00390625 0.0078125 -0.015625 0.03125 -0.0625 0.125 -0.001953125 0.00390625 -0.0078125 0.015625 -0.03125 0.0625 -0.125 0.001953125 -0.00390625 0.0078125 -0.015625 0.03125 -0.0625 0.125 -0.001953125 0.00390625 -0.0078125 0.015625 -0.03125 0.0625 -0.125 0.001953125 -0.00390625 0.0078125 -0.015625 0.03125 -0.0625 0.125 -0.001953125 0.00390625 -0.0078125 0.015625 -0.03125 0.0625 -0.125 0.001953125 -0.00390625 0.0078125 -0.015625 0.03125 -0.0625 0.125 -0.001953125 0.00390625 -0.0078125 0.015625 -0.03125 0.0625 -0.125 0.001953125 -0.00390625 0.0078125 -0.015625 0.03125 -0.0625 0.125 -0.001953125 0.00390625 -0.0078125 0.015625 -0.03125 0.0625 -0.125 0.001953125 -0.00390625 0.0078125 -0.015625 0.03125 -0.0625 0.125 -0.001953125 0.00390625 -0.0078125 0.015625 -0.03125 0.0625 -0.125 0.001953125 -0.00390625 0.0078125 -0.015625 0.03125 -0.0625 0.125 -0.001953125 0.00390625 -0.0078125 0.015625 -0.03125 0.0625 -0.125 0.001953125 -0.00390625 0.0078125 -0.015625 0.03125 -0.0625 0.125 -0.001953125 0.00390625 -0.0078125 0.015625 -0.03125 0.0625 -0.125 0.001953125 -0.00390625 0.0078125 -0.015625 0.03125 -0.0625 0.125 -0.001953125 0.00390625 -0.0078125 0.015625 -0.03125 0.0625 -0.125 0.001953125 -0.00390625 0.0078125 -0.015625 0.03125 -0.0625 0.125 -0.001953125 0.00390625 -0.0078125 0.015625 -0.03125 0.0625 -0.125 0.001953125 -0.00390625 0.0078125 -0.015625 0.03125 -0.0625 0.125 -0.001953125 0.00390625 -0.0078125 0.015625 -0.03125 0.0625 -0.125 0.001953125 -0.00390625 0.0078125 -0.015625 0.03125 -0.0625 0.125 -0.001953125 0.00390625 -0.0078125 0.015625 -0.03125 0.0625 -0.125 0.001953125 -0.00390625 0.0078125 -0.015625 0.03125 -0.0625 0.125 -0.001953125 0.00390625 -0.0078125 0.015625 -0.03125 0.0625 -0.125 1.001953125 -0.00390625 0.0078125 -0.015625 0.03125 -0.0625 0.125 -0.001953125 0.00390625 -0.0078125 0.015625 -0.03125 0.0625 -0.125 0.001953125 -0.00390625 0.0078125 -0.015625 0.03125 -0.0625 0.125 -0.001953125 0.00390625 -0.0078125 0.015625 -0.03125 0.0625 -0.125 0.001953125 -0.00390625 0.0078125 -0.015625
-0.00048828125 0.0009765625 -0.001953125 0.00390625 -0.0078125 0.015625 -0.03125 0.00048828125 -0.0009765625 0.001953125 -0.00390625 0.0078125 -0.015625 0.03125 -0.00048828125 0.0009765625 -0.001953125 0.00390625 -0.0078125 0.015625 -0.03125 0.00048828125 -0.0009765625 0.001953125 -0.00390625 0.0078125 -0.015625 0.03125 -0.00048828125 0.0009765625 -0.001953125 0.00390625 -0.0078125 0.015625 -0.03125 0.00048828125 -0.0009765625 0.001953125 -0.00390625 0.0078125 -0.015625 0.03125 -0.00048828125 0.0009765625 -0.001953125 0.00390625 -0.0078125 0.015625 -0.03125 0.00048828125 -0.0009765625 0.001953125 -0.00390625 0.0078125 -0.015625 0.03125 -0.00048828125 0.0009765625 -0.001953125 0.00390625 -0.0078125 0.015625 -0.03125 0.00048828125 -0.0009765625 0.001953125 -0.00390625 0.0078125 -0.015625 0.03125 -0.00048828125 0.0009765625 -0.001953125 0.00390625 -0.0078125 0.015625 -0.03125 0.00048828125 -0.0009765625 0.001953125 -0.00390625 0.0078125 -0.015625 0.03125 -0.00048828125 0.0009765625 -0.001953125 0.00390625 -0.0078125 0.015625 -0.03125 0.00048828125 -0.0009765625 0.001953125 -0.00390625 0.0078125 -0.015625 0.03125 -0.00048828125 0.0009765625 -0.001953125 0.00390625 -0.0078125 0.015625 -0.03125 0.00048828125 -0.0009765625 0.001953125 -0.00390625 0.0078125 -0.015625 0.03125 -0.00048828125 0.0009765625 -0.001953125 0.00390625 -0.0078125 0.015625 -0.03125 0.00048828125 -0.0009765625 0.001953125 -0.00390625 0.0078125 -0.015625 0.03125 -0.00048828125 0.0009765625 -0.001953125 0.00390625 -0.0078125 0.015625 -0.03125 0.00048828125 -0.0009765625 0.001953125 -0.00390625 0.0078125 -0.015625 0.03125 -0.00048828125 0.0009765625 -0.001953125 0.00390625 -0.0078125 0.015625 -0.03125 0.00048828125 -0.0009765625 0.001953125 -0.00390625 0.0078125 -0.015625 0.03125 -0.00048828125 0.0009765625 -0.001953125 0.00390625 -0.0078125 0.015625 -0.03125 0.00048828125 -0.0009765625 0.001953125 -0.00390625 0.0078125 -0.015625 0.03125 -0.00048828125 0.0009765625 -0.001953125 0.00390625 -0.0078125 0.015625 -0.03125 0.00048828125 -0.0009765625 0.001953125 -0.00390625 0.0078125 -0.015625 0.03125 -0.00048828125 0.0009765625 -0.001953125 0.00390625 -0.0078125 0.015625 -0.03125 0.00048828125 -0.0009765625 0.001953125 -0.00390625 0.0078125 -0.015625 0.03125 -0.00048828125 0.0009765625 -0.001953125 0.00390625 -0.0078125 0.015625 -0.03125 0.00048828125 -0.0009765625 0.001953125 -0.00390625 0.0078125 -0.015625 0.03125 -0.00048828125 0.0009765625 -0.001953125 0.00390625 -0.0078125 0.015625 -0.03125 0.00048828125 -0.0009765625 0.001953125 -0.00390625 0.0078125 -0.015625 0.03125 -0.00048828125 0.5009765625 -0.001953125 0.00390625 -0.0078125 0.015625 -0.03125 0.00048828125 -0.0009765625 0.001953125 -0.00390625 0.0078125 -0.015625 0.03125 -0.00048828125 0.0009765625 -0.001953125 0.00390625 -0.0078125 0.015625 -0.03125 0.00048828125 -0.0009765625 0.001953125 -0.00390625 0.0078125 -0.015625 0.03125 -0.00048828125 0.0009765625 -0.001953125 0.00390625
0.0009765625 -0.001953125 0.00390625 -0.0078125 0.015625 -0.03125 0.0625 -0.0009765625 0.001953125 -0.00390625 0.0078125 -0.015625 0.03125 -0.0625 0.0009765625 -0.001953125 0.00390625 -0.0078125 0.015625 -0.03125 0.0625 -0.0009765625 0.001953125 -0.00390625 0.0078125 -0.015625 0.03125 -0.0625 0.0009765625 -0.001953125 0.00390625 -0.0078125 0.015625 -0.03125 0.0625 -0.0009765625 0.001953125 -0.00390625 0.0078125 -0.015625 0.03125 -0.0625 0.0009765625 -0.001953125 0.00390625 -0.0078125 0.015625 -0.03125 0.0625 -0.0009765625 0.001953125 -0.00390625 0.0078125 -0.015625 0.03125 -0.0625 0.0009765625 -0.001953125 0.00390625 -0.0078125 0.015625 -0.03125 0.0625 -0.0009765625 0.001953125 -0.00390625 0.0078125 -0.015625 0.03125 -0.0625 0.0009765625 -0.001953125 0.00390625 -0.0078125 0.015625 -0.03125 0.0625 -0.0009765625 0.001953125 -0.00390625 0.0078125 -0.015625 0.03125 -0.0625 0.0009765625 -0.001953125 0.00390625 -0.0078125 0.015625 -0.03125 0.0625 -0.0009765625 0.001953125 -0.00390625 0.0078125 -0.015625 0.03125 -0.0625 0.0009765625 -0.001953125 0.00390625 -0.0078125 0.015625 -0.03125 0.0625 -0.0009765625 0.001953125 -0.00390625 0.0078125 -0.015625 0.03125 -0.0625 0.0009765625 -0.001953125 0.00390625 -0.0078125 0.015625 -0.03125 0.0625 -0.0009765625 0.001953125 -0.00390625 0.0078125 -0.015625 0.03125 -0.0625 0.0009765625 -0.001953125 0.00390625 -0.0078125 0.015625 -0.03125 0.0625 -0.0009765625 0.001953125 -0.00390625 0.0078125 -0.015625 0.03125 -0.0625 0.0009765625 -0.001953125 0.00390625 -0.0078125 0.015625 -0.03125 0.0625 -0.0009765625 0.001953125 -0.00390625 0.0078125 -0.015625 0.03125 -0.0625 0.0009765625 -0.001953125 0.00390625 -0.0078125 0.015625 -0.03125 0.0625 -0.0009765625 0.001953125 -0.00390625 0.0078125 -0.015625 0.03125 -0.0625 0.0009765625 -0.001953125 0.00390625 -0.0078125 0.015625 -0.03125 0.0625 -0.0009765625 0.001953125 -0.00390625 0.0078125 -0.015625 0.03125 -0.0625 0.0009765625 -0.001953125 0.00390625 -0.0078125 0.015625 -0.03125 0.0625 -0.0009765625 0.001953125 -0.00390625 0.0078125 -0.015625 0.03125 -0.0625 0.0009765625 -0.001953125 0.00390625 -0.0078125 0.015625 -0.03125 0.0625 -0.0009765625 0.001953125 -0.00390625 0.0078125 -0.015625 0.03125 -0.0625 0.0009765625 -0.001953125 0.00390625 -0.0078125 0.015625 -0.03125 0.0625 -0.0009765625 0.001953125 -0.00390625 0.0078125 -0.015625 0.03125 -0.0625 0.0009765625 -0.001953125 2.00390625 -0.0078125 0.015625 -0.03125 0.0625 -0.0009765625 0.001953125 -0.00390625 0.0078125 -0.015625 0.03125 -0.0625 0.0009765625 -0.001953125 0.00390625 -0.0078125 0.015625 -0.03125 0.0625 -0.0009765625 0.001953125 -0.00390625 0.0078125 -0.015625 0.03125 -0.0625 0.0009765625 -0.001953125 0.00390625 -0.0078125
-0.001953125 0.00390625 -0.0078125 0.015625 -0.03125 0.0625 -0.125 0.001953125 -0.00390625 0.0078125 -0.015625 0.03125 -0.0625 0.125 -0.001953125 0.00390625 -0.0078125 0.015625 -0.03125 0.0625 -0.125 0.001953125 -0.00390625 0.0078125 -0.015625 0.03125 -0.0625 0.125 -0.001953125 0.00390625 -0.0078125 0.015625 -0.03125 0.0625 -0.125 0.001953125 -0.00390625 0.0078125 -0.015625 0.03125 -0.0625 0.125 -0.001953125 0.00390625 -0.0078125 0.015625 -0.03125 0.0625 -0.125 0.001953125 -0.00390625 0.0078125 -0.015625 0.03125 -0.0625 0.125 -0.001953125 0.00390625 -0.0078125 0.015625 -0.03125 0.0625 -0.125 0.001953125 -0.00390625 0.0078125 -0.015625 0.03125 -0.0625 0.125 -0.001953125 0.00390625 -0.0078125 0.015625 -0.03125 0.0625 -0.125 0.001953125 -0.00390625 0.0078125 -0.015625 0.03125 -0.0625 0.125 -0.001953125 0.00390625 -0.0078125 0.015625 -0.03125 0.0625 -0.125 0.001953125 -0.00390625 0.0078125 -0.015625 0.03125 -0.0625 0.125 -0.001953125 0.00390625 -0.0078125 0.015625 -0.03125 0.0625 -0.125 0.001953125 -0.00390625 0.0078125 -0.015625 0.03125 -0.0625 0.125 -0.001953125 0.00390625 -0.0078125 0.015625 -0.03125 0.0625 -0.125 0.001953125 -0.00390625 0.0078125 -0.015625 0.03125 -0.0625 0.125 -0.001953125 0.00390625 -0.0078125 0.015625 -0.03125 0.0625 -0.125 0.001953125 -0.00390625 0.0078125 -0.015625 0.03125 -0.0625 0.125 -0.001953125 0.00390625 -0.0078125 0.015625 -0.03125 0.0625 -0.125 0.001953125 -0.00390625 0.0078125 -0.015625 0.03125 -0.0625 0.125 -0.001953125 0.00390625 -0.0078125 0.015625 -0.03125 0.0625 -0.125 0.001953125 -0.00390625 0.0078125 -0.015625 0.03125 -0.0625 0.125 -0.001953125 0.00390625 -0.0078125 0.015625 -0.03125 0.0625 -0.125 0.001953125 -0.00390625 0.0078125 -0.015625 0.03125 -0.0625 0.125 -0.001953125 0.00390625 -0.0078125 0.015625 -0.03125 0.0625 -0.125 0.001953125 -0.00390625 0.0078125 -0.015625 0.03125 -0.0625 0.125 -0.001953125 0.00390625 -0.0078125 0.015625 -0.03125 0.0625 -0.125 0.001953125 -0.00390625 0.0078125 -0.015625 0.03125 -0.0625 0.125 -0.001953125 0.00390625 -0.0078125 0.015625 -0.03125 0.0625 -0.125 0.001953125 -0.00390625 0.0078125 -0.015625 0.03125 -0.0625 0.125 -0.001953125 0.00390625 -0.0078125 8.015625 -0.03125 0.0625 -0.125 0.001953125 -0.00390625 0.0078125 -0.015625 0.03125 -0.0625 0.125 -0.001953125 0.00390625 -0.0078125 0.015625 -0.03125 0.0625 -0.125 0.001953125 -0.00390625 0.0078125 -0.015625 0.03125 -0.0625 0.125 -0.001953125 0.00390625 -0.0078125 0.015625
0.00048828125 -0.0009765625 0.001953125 -0.00390625 0.0078125 -0.015625 0.03125 -0.00048828125 0.0009765625 -0.001953125 0.00390625 -0.0078125 0.015625 -0.03125 0.00048828125 -0.0009765625 0.001953125 -0.00390625 0.0078125 -0.015625 0.03125 -0.00048828125 0.0009765625 -0.001953125 0.00390625 -0.0078125 0.015625 -0.03125 0.00048828125 -0.0009765625 0.001953125 -0.00390625 0.0078125 -0.015625 0.03125 -0.00048828125 0.0009765625 -0.001953125 0.00390625 -0.0078125 0.015625 -0.03125 0.00048828125 -0.0009765625 0.001953125 -0.00390625 0.0078125 -0.015625 0.03125 -0.00048828125 0.0009765625 -0.001953125 0.00390625 -0.0078125 0.015625 -0.03125 0.00048828125 -0.0009765625 0.001953125 -0.00390625 0.0078125 -0.015625 0.03125 -0.00048828125 0.0009765625 -0.001953125 0.00390625 -0.0078125 0.015625 -0.03125 0.00048828125 -0.0009765625 0.001953125 -0.00390625 0.0078125 -0.015625 0.03125 -0.00048828125 0.0009765625 -0.001953125 0.00390625 -0.0078125 0.015625 -0.03125 0.00048828125 -0.0009765625 0.001953125 -0.00390625 0.0078125 -0.015625 0.03125 -0.00048828125 0.0009765625 -0.001953125 0.00390625 -0.0078125 0.015625 -0.03125 0.00048828125 -0.0009765625 0.001953125 -0.00390625 0.0078125 -0.015625 0.03125 -0.00048828125 0.0009765625 -0.001953125 0.00390625 -0.0078125 0.015625 -0.03125 0.00048828125 -0.0009765625 0.001953125 -0.00390625 0.0078125 -0.015625 0.03125 -0.00048828125 0.0009765625 -0.001953125 0.00390625 -0.0078125 0.015625 -0.03125 0.00048828125 -0.0009765625 0.001953125 -0.00390625 0.0078125 -0.015625 0.03125 -0.00048828125 0.0009765625 -0.001953125 0.00390625 -0.0078125 0.015625 -0.03125 0.00048828125 -0.0009765625 0.001953125 -0.00390625 0.0078125 -0.015625 0.03125 -0.00048828125 0.0009765625 -0.001953125 0.00390625 -0.0078125 0.015625 -0.03125 0.00048828125 -0.0009765625 0.001953125 -0.00390625 0.0078125 -0.015625 0.03125 -0.00048828125 0.0009765625 -0.001953125 0.00390625 -0.0078125 0.015625 -0.03125 0.00048828125 -0.0009765625 0.001953125 -0.00390625 0.0078125 -0.015625 0.03125 -0.00048828125 0.0009765625 -0.001953125 0.00390625 -0.0078125 0.015625 -0.03125 0.00048828125 -0.0009765625 0.001953125 -0.00390625 0.0078125 -0.015625 0.03125 -0.00048828125 0.0009765625 -0.001953125 0.00390625 -0.0078125 0.015625 -0.03125 0.00048828125 -0.0009765625 0.001953125 -0.00390625 0.0078125 -0.015625 0.03125 -0.00048828125 0.0009765625 -0.001953125 0.00390625 -0.0078125 0.015625 -0.03125 0.00048828125 -0.0009765625 0.001953125 -0.00390625 0.0078125 -0.015625 0.03125 -0.00048828125 0.0009765625 -0.001953125 0.00390625 -0.0078125 0.015625 -0.03125 0.00048828125 -0.0009765625 0.001953125 -0.00390625 4.0078125 -0.015625 0.03125 -0.00048828125 0.0009765625 -0.001953125 0.00390625 -0.0078125 0.015625 -0.03125 0.00048828125 -0.0009765625 0.001953125 -0.00390625 0.0078125 -0.015625 0.03125 -0.00048828125 0.0009765625 -0.001953125 0.00390625 -0.0078125 0.015625 -0.03125 0.00048828125 -0.0009765625 0.001953125 -0.00390625
-0.0009765625 0.001953125 -0.00390625 0.0078125 -0.015625 0.03125 -0.0625 0.0009765625 -0.001953125 0.00390625 -0.0078125 0.015625 -0.03125 0.0625 -0.0009765625 0.001953125 -0.00390625 0.0078125 -0.015625 0.03125 -0.0625 0.0009765625 -0.001953125 0.00390625 -0.0078125 0.015625 -0.03125 0.0625 -0.0009765625 0.001953125 -0.00390625 0.0078125 -0.015625 0.03125 -0.0625 0.0009765625 -0.001953125 0.00390625 -0.0078125 0.015625 -0.03125 0.0625 -0.0009765625 0.001953125 -0.00390625 0.0078125 -0.015625 0.03125 -0.0625 0.0009765625 -0.001953125 0.00390625 -0.0078125 0.015625 -0.03125 0.0625 -0.0009765625 0.001953125 -0.00390625 0.0078125 -0.015625 0.03125 -0.0625 0.0009765625 -0.001953125 0.00390625 -0.0078125 0.015625 -0.03125 0.0625 -0.0009765625 0.001953125 -0.00390625 0.0078125 -0.015625 0.03125 -0.0625 0.0009765625 -0.001953125 0.00390625 -0.0078125 0.015625 -0.03125 0.0625 -0.0009765625 0.001953125 -0.00390625 0.0078125 -0.015625 0.03125 -0.0625 0.0009765625 -0.001953125 0.00390625 -0.0078125 0.015625 -0.03125 0.0625 -0.0009765625 0.001953125 -0.00390625 0.0078125 -0.015625 0.03125 -0.0625 0.0009765625 -0.001953125 0.00390625 -0.0078125 0.015625 -0.03125 0.0625 -0.0009765625 0.001953125 -0.00390625 0.0078125 -0.015625 0.03125 -0.0625 0.0009765625 -0.001953125 0.00390625 -0.0078125 0.015625 -0.03125 0.0625 -0.0009765625 0.001953125 -0.00390625 0.0078125 -0.015625 0.03125 -0.0625 0.0009765625 -0.001953125 0.00390625 -0.0078125 0.015625 -0.03125 0.0625 -0.0009765625 0.001953125 -0.00390625 0.0078125 -0.015625 0.03125 -0.0625 0.0009765625 -0.001953125 0.00390625 -0.0078125 0.015625 -0.03125 0.0625 -0.0009765625 0.001953125 -0.00390625 0.0078125 -0.015625 0.03125 -0.0625 0.0009765625 -0.001953125 0.00390625 -0.0078125 0.015625 -0.03125 0.0625 -0.0009765625 0.001953125 -0.00390625 0.0078125 -0.015625 0.03125 -0.0625 0.0009765625 -0.001953125 0.00390625 -0.0078125 0.015625 -0.03125 0.0625 -0.0009765625 0.001953125 -0.00390625 0.0078125 -0.015625 0.03125 -0.0625 0.0009765625 -0.001953125 0.00390625 -0.0078125 0.015625 -0.03125 0.0625 -0.0009765625 0.001953125 -0.00390625 0.0078125 -0.015625 0.03125 -0.0625 0.0009765625 -0.001953125 0.00390625 -0.0078125 0.015625 -0.03125 0.0625 -0.0009765625 0.001953125 -0.00390625 0.0078125 -0.015625 0.03125 -0.0625 0.0009765625 -0.001953125 0.00390625 -0.0078125 0.015625 -0.03125 0.0625 -0.0009765625 0.001953125 -0.00390625 0.0078125 -0.015625 16.03125 -0.0625 0.0009765625 -0.001953125 0.00390625 -0.0078125 0.015625 -0.03125 0.0625 -0.0009765625 0.001953125 -0.00390625 0.0078125 -0.015625 0.03125 -0.0625 0.0009765625 -0.001953125 0.00390625 -0.0078125 0.015625 -0.03125 0.0625 -0.0009765625 0.001953125 -0.00390625 0.0078125
0.001953125 -0.00390625 0.0078125 -0.015625 0.03125 -0.0625 0.125 -0.001953125 0.00390625 -0.0078125 0.015625 -0.03125 0.0625 -0.125 0.001953125 -0.00390625 0.0078125 -0.015625 0.03125 -0.0625 0.125 -0.001953125 0.00390625 -0.0078125 0.015625 -0.03125 0.0625 -0.125 0.001953125 -0.00390625 0.0078125 -0.015625 0.03125 -0.0625 0.125 -0.001953125 0.00390625 -0.0078125 0.015625 -0.03125 0.0625 -0.125 0.001953125 -0.00390625 0.0078125 -0.015625 0.03125 -0.0625 0.125 -0.001953125 0.00390625 -0.0078125 0.015625 -0.03125 0.0625 -0.125 0.001953125 -0.00390625 0.0078125 -0.015625 0.03125 -0.0625 0.125 -0.001953125 0.00390625 -0.0078125 0.015625 -0.03125 0.0625 -0.125 0.001953125 -0.00390625 0.0078125 -0.015625 0.03125 -0.0625 0.125 -0.001953125 0.00390625 -0.0078125 0.015625 -0.03125 0.0625 -0.125 0.001953125 -0.00390625 0.0078125 -0.015625 0.03125 -0.0625 0.125 -0.001953125 0.00390625 -0.0078125 0.015625 -0.03125 0.0625 -0.125 0.001953125 -0.00390625 0.0078125 -0.015625 0.03125 -0.0625 0.125 -0.001953125 0.00390625 -0.0078125 0.015625 -0.03125 0.0625 -0.125 0.001953125 -0.00390625 0.0078125 -0.015625 0.03125 -0.0625 0.125 -0.001953125 0.00390625 -0.0078125 0.015625 -0.03125 0.0625 -0.125 0.001953125 -0.00390625 0.0078125 -0.015625 0.03125 -0.0625 0.125 -0.001953125 0.00390625 -0.0078125 0.015625 -0.03125 0.0625 -0.125 0.001953125 -0.00390625 0.0078125 -0.015625 0.03125 -0.0625 0.125 -0.001953125 0.00390625 -0.0078125 0.015625 -0.03125 0.0625 -0.125 0.001953125 -0.00390625 0.0078125 -0.015625 0.03125 -0.0625 0.125 -0.001953125 0.00390625 -0.0078125 0.015625 -0.03125 0.0625 -0.125 0.001953125 -0.00390625 0.0078125 -0.015625 0.03125 -0.0625 0.125 -0.001953125 0.00390625 -0.0078125 0.015625 -0.03125 0.0625 -0.125 0.001953125 -0.00390625 0.0078125 -0.015625 0.03125 -0.0625 0.125 -0.001953125 0.00390625 -0.0078125 0.015625 -0.03125 0.0625 -0.125 0.001953125 -0.00390625 0.0078125 -0.015625 0.03125 -0.0625 0.125 -0.001953125 0.00390625 -0.0078125 0.015625 -0.03125 0.0625 -0.125 0.001953125 -0.00390625 0.0078125 -0.015625 0.03125 -0.0625 0.125 -0.001953125 0.00390625 -0.0078125 0.015625 -0.03125 0.0625 -0.125 0.001953125 -0.00390625 0.0078125 -0.015625 0.03125 -0.0625 64.125 -0.001953125 0.00390625 -0.0078125 0.015625 -0.03125 0.0625 -0.125 0.001953125 -0.00390625 0.0078125 -0.015625 0.03125 -0.0625 0.125 -0.001953125 0.00390625 -0.0078125 0.015625 -0.03125 0.0625 -0.125 0.001953125 -0.00390625 0.0078125 -0.015625
-0.00048828125 0.0009765625 -0.001953125 0.00390625 -0.0078125 0.015625 -0.03125 0.00048828125 -0.0009765625 0.001953125 -0.00390625 0.0078125 -0.015625 0.03125 -0.00048828125 0.0009765625 -0.001953125 0.00390625 -0.0078125 0.015625 -0.03125 0.00048828125 -0.0009765625 0.001953125 -0.00390625 0.0078125 -0.015625 0.03125 -0.00048828125 0.0009765625 -0.001953125 0.00390625 -0.0078125 0.015625 -0.03125 0.00048828125 -0.0009765625 0.001953125 -0.00390625 0.0078125 -0.015625 0.03125 -0.00048828125 0.0009765625 -0.001953125 0.00390625 -0.0078125 0.015625 -0.03125 0.00048828125 -0.0009765625 0.001953125 -0.00390625 0.0078125 -0.015625 0.03125 -0.00048828125 0.0009765625 -0.001953125 0.00390625 -0.0078125 0.015625 -0.03125 0.00048828125 -0.0009765625 0.001953125 -0.00390625 0.0078125 -0.015625 0.03125 -0.00048828125 0.0009765625 -0.001953125 0.00390625 -0.0078125 0.015625 -0.03125 0.00048828125 -0.0009765625 0.001953125 -0.00390625 0.0078125 -0.015625 0.03125 -0.00048828125 0.0009765625 -0.001953125 0.00390625 -0.0078125 0.015625 -0.03125 0.00048828125 -0.0009765625 0.001953125 -0.00390625 0.0078125 -0.015625 0.03125 -0.00048828125 0.0009765625 -0.001953125 0.00390625 -0.0078125 0.015625 -0.03125 0.00048828125 -0.0009765625 0.001953125 -0.00390625 0.0078125 -0.015625 0.03125 -0.00048828125 0.0009765625 -0.001953125 0.00390625 -0.0078125 0.015625 -0.03125 0.00048828125 -0.0009765625 0.001953125 -0.00390625 0.0078125 -0.015625 0.03125 -0.00048828125 0.0009765625 -0.001953125 0.00390625 -0.0078125 0.015625 -0.03125 0.00048828125 -0.0009765625 0.001953125 -0.00390625 0.0078125 -0.015625 0.03125 -0.00048828125 0.0009765625 -0.001953125 0.00390625 -0.0078125 0.015625 -0.03125 0.00048828125 -0.0009765625 0.001953125 -0.00390625 0.0078125 -0.015625 0.03125 -0.00048828125 0.0009765625 -0.001953125 0.00390625 -0.0078125 0.015625 -0.03125 0.00048828125 -0.0009765625 0.001953125 -0.00390625 0.0078125 -0.015625 0.03125 -0.00048828125 0.0009765625 -0.001953125 0.00390625 -0.0078125 0.015625 -0.03125 0.00048828125 -0.0009765625 0.001953125 -0.00390625 0.0078125 -0.015625 0.03125 -0.00048828125 0.0009765625 -0.001953125 0.00390625 -0.0078125 0.015625 -0.03125 0.00048828125 -0.0009765625 0.001953125 -0.00390625 0.0078125 -0.015625 0.03125 -0.00048828125 0.0009765625 -0.001953125 0.00390625 -0.0078125 0.015625 -0.03125 0.00048828125 -0.0009765625 0.001953125 -0.00390625 0.0078125 -0.015625 0.03125 -0.00048828125 0.0009765625 -0.001953125 0.00390625 -0.0078125 0.015625 -0.03125 0.00048828125 -0.0009765625 0.001953125 -0.00390625 0.0078125 -0.015625 0.03125 -0.00048828125 0.0009765625 -0.001953125 0.00390625 -0.0078125 0.015625 -0.03125 0.25048828125 -0.0009765625 0.001953125 -0.00390625 0.0078125 -0.015625 0.03125 -0.00048828125 0.0009765625 -0.001953125 0.00390625 -0.0078125 0.015625 -0.03125 0.00048828125 -0.0009765625 0.001953125 -0.00390625 0.0078125 -0.015625 0.03125 -0.00048828125 0.0009765625 -0.001953125 0.00390625
0.0009765625 -0.001953125 0.00390625 -0.0078125 0.015625 -0.03125 0.0625 -0.0009765625 0.001953125 -0.00390625 0.0078125 -0.015625 0.03125 -0.0625 0.0009765625 -0.001953125 0.00390625 -0.0078125 0.015625 -0.03125 0.0625 -0.0009765625 0.001953125 -0.00390625 0.0078125 -0.015625 0.03125 -0.0625 0.0009765625 -0.001953125 0.00390625 -0.0078125 0.015625 -0.03125 0.0625 -0.0009765625 0.001953125 -0.00390625 0.0078125 -0.015625 0.03125 -0.0625 0.0009765625 -0.001953125 0.00390625 -0.0078125 0.015625 -0.03125 0.0625 -0.0009765625 0.001953125 -0.00390625 0.0078125 -0.015625 0.03125 -0.0625 0.0009765625 -0.001953125 0.00390625 -0.0078125 0.015625 -0.03125 0.0625 -0.0009765625 0.001953125 -0.00390625 0.0078125 -0.015625 0.03125 -0.0625 0.0009765625 -0.001953125 0.00390625 -0.0078125 0.015625 -0.03125 0.0625 -0.0009765625 0.001953125 -0.00390625 0.0078125 -0.015625 0.03125 -0.0625 0.0009765625 -0.001953125 0.00390625 -0.0078125 0.015625 -0.03125 0.0625 -0.0009765625 0.001953125 -0.00390625 0.0078125 -0.015625 0.03125 -0.0625 0.0009765625 -0.001953125 0.00390625 -0.0078125 0.015625 -0.03125 0.0625 -0.0009765625 0.001953125 -0.00390625 0.0078125 -0.015625 0.03125 -0.0625 0.0009765625 -0.001953125 0.00390625 -0.0078125 0.015625 -0.03125 0.0625 -0.0009765625 0.001953125 -0.00390625 0.0078125 -0.015625 0.03125 -0.0625 0.0009765625 -0.001953125 0.00390625 -0.0078125 0.015625 -0.03125 0.0625 -0.0009765625 0.001953125 -0.00390625 0.0078125 -0.015625 0.03125 -0.0625 0.0009765625 -0.001953125 0.00390625 -0.0078125 0.015625 -0.03125 0.0625 -0.0009765625 0.001953125 -0.00390625 0.0078125 -0.015625 0.03125 -0.0625 0.0009765625 -0.001953125 0.00390625 -0.0078125 0.015625 -0.03125 0.0625 -0.0009765625 0.001953125 -0.00390625 0.0078125 -0.015625 0.03125 -0.0625 0.0009765625 -0.001953125 0.00390625 -0.0078125 0.015625 -0.03125 0.0625 -0.0009765625 0.001953125 -0.00390625 0.0078125 -0.015625 0.03125 -0.0625 0.0009765625 -0.001953125 0.00390625 -0.0078125 0.015625 -0.03125 0.0625 -0.0009765625 0.001953125 -0.00390625 0.0078125 -0.015625 0.03125 -0.0625 0.0009765625 -0.001953125 0.00390625 -0.0078125 0.015625 -0.03125 0.0625 -0.0009765625 0.001953125 -0.00390625 0.0078125 -0.015625 0.03125 -0.0625 0.0009765625 -0.001953125 0.00390625 -0.0078125 0.015625 -0.03125 0.0625 -0.0009765625 0.001953125 -0.00390625 0.0078125 -0.015625 0.03125 -0.0625 0.0009765625 -0.001953125 0.00390625 -0.0078125 0.015625 -0.03125 0.0625 -0.0009765625 1.001953125 -0.00390625 0.0078125 -0.015625 0.03125 -0.0625 0.0009765625 -0.001953125 0.00390625 -0.0078125 0.015625 -0.03125 0.0625 -0.0009765625 0.001953125 -0.00390625 0.0078125 -0.015625 0.03125 -0.0625 0.0009765625 -0.001953125 0.00390625 -0.0078125
-0.001953125 0.00390625 -0.0078125 0.015625 -0.03125 0.0625 -0.125 0.001953125 -0.00390625 0.0078125 -0.015625 0.03125 -0.0625 0.125 -0.001953125 0.00390625 -0.0078125 0.015625 -0.03125 0.0625 -0.125 0.001953125 -0.00390625 0.0078125 -0.015625 0.03125 -0.0625 0.125 -0.001953125 0.00390625 -0.0078125 0.015625 -0.03125 0.0625 -0.125 0.001953125 -0.00390625 0.0078125 -0.015625 0.03125 -0.0625 0.125 -0.001953125 0.00390625 -0.0078125 0.015625 -0.03125 0.0625 -0.125 0.001953125 -0.00390625 0.0078125 -0.015625 0.03125 -0.0625 0.125 -0.001953125 0.00390625 -0.0078125 0.015625 -0.03125 0.0625 -0.125 0.001953125 -0.00390625 0.0078125 -0.015625 0.03125 -0.0625 0.125 -0.001953125 0.00390625 -0.0078125 0.015625 -0.03125 0.0625 -0.125 0.001953125 -0.00390625 0.0078125 -0.015625 0.03125 -0.0625 0.125 -0.001953125 0.00390625 -0.0078125 0.015625 -0.03125 0.0625 -0.125 0.001953125 -0.00390625 0.0078125 -0.015625 0.03125 -0.0625 0.125 -0.001953125 0.00390625 -0.0078125 0.015625 -0.03125 0.0625 -0.125 0.001953125 -0.00390625 0.0078125 -0.015625 0.03125 -0.0625 0.125 -0.001953125 0.00390625 -0.0078125 0.015625 -0.03125 0.0625 -0.125 0.001953125 -0.00390625 0.0078125 -0.015625 0.03125 -0.0625 0.125 -0.001953125 0.00390625 -0.0078125 0.015625 -0.03125 0.0625 -0.125 0.001953125 -0.00390625 0.0078125 -0.015625 0.03125 -0.0625 0.125 -0.001953125 0.00390625 -0.0078125 0.015625 -0.03125 0.0625 -0.125 0.001953125 -0.00390625 0.0078125 -0.015625 0.03125 -0.0625 0.125 -0.001953125 0.00390625 -0.0078125 0.015625 -0.03125 0.0625 -0.125 0.001953125 -0.00390625 0.0078125 -0.015625 0.03125 -0.0625 0.125 -0.001953125 0.00390625 -0.0078125 0.015625 -0.03125 0.0625 -0.125 0.001953125 -0.00390625 0.0078125 -0.015625 0.03125 -0.0625 0.125 -0.001953125 0.00390625 -0.0078125 0.015625 -0.03125 0.0625 -0.125 0.001953125 -0.00390625 0.0078125 -0.015625 0.03125 -0.0625 0.125 -0.001953125 0.00390625 -0.0078125 0.015625 -0.03125 0.0625 -0.125 0.001953125 -0.00390625 0.0078125 -0.015625 0.03125 -0.0625 0.125 -0.001953125 0.00390625 -0.0078125 0.015625 -0.03125 0.0625 -0.125 0.001953125 -0.00390625 0.0078125 -0.015625 0.03125 -0.0625 0.125 -0.001953125 0.00390625 -0.0078125 0.015625 -0.03125 0.0625 -0.125 0.001953125 -0.00390625 4.0078125 -0.015625 0.03125 -0.0625 0.125 -0.001953125 0.00390625 -0.0078125 0.015625 -0.03125 0.0625 -0.125 0.001953125 -0.00390625 0.0078125 -0.015625 0.03125 -0.0625 0.125 -0.001953125 0.00390625 -0.0078125 0.015625
0.00048828125 -0.0009765625 0.001953125 -0.00390625 0.0078125 -0.015625 0.03125 -0.00048828125 0.0009765625 -0.001953125 0.00390625 -0.0078125 0.015625 -0.03125 0.00048828125 -0.0009765625 0.001953125 -0.00390625 0.0078125 -0.015625 0.03125 -0.00048828125 0.0009765625 -0.001953125 0.00390625 -0.0078125 0.015625 -0.03125 0.00048828125 -0.0009765625 0.001953125 -0.00390625 0.0078125 -0.015625 0.03125 -0.00048828125 0.0009765625 -0.001953125 0.00390625 -0.0078125 0.015625 -0.03125 0.00048828125 -0.0009765625 0.001953125 -0.00390625 0.0078125 -0.015625 0.03125 -0.00048828125 0.0009765625 -0.001953125 0.00390625 -0.0078125 0.015625 -0.03125 0.00048828125 -0.0009765625 0.001953125 -0.00390625 0.0078125 -0.015625 0.03125 -0.00048828125 0.0009765625 -0.001953125 0.00390625 -0.0078125 0.015625 -0.03125 0.00048828125 -0.0009765625 0.001953125 -0.00390625 0.0078125 -0.015625 0.03125 -0.00048828125 0.0009765625 -0.001953125 0.00390625 -0.0078125 0.015625 -0.03125 0.00048828125 -0.0009765625 0.001953125 -0.00390625 0.0078125 -0.015625 0.03125 -0.00048828125 0.0009765625 -0.001953125 0.00390625 -0.0078125 0.015625 -0.03125 0.00048828125 -0.0009765625 0.001953125 -0.00390625 0.0078125 -0.015625 0.03125 -0.00048828125 0.0009765625 -0.001953125 0.00390625 -0.0078125 0.015625 -0.03125 0.00048828125 -0.0009765625 0.001953125 -0.00390625 0.0078125 -0.015625 0.03125 -0.00048828125 0.0009765625 -0.001953125 0.00390625 -0.0078125 0.015625 -0.03125 0.00048828125 -0.0009765625 0.001953125 -0.00390625 0.0078125 -0.015625 0.03125 -0.00048828125 0.0009765625 -0.001953125 0.00390625 -0.0078125 0.015625 -0.03125 0.00048828125 -0.0009765625 0.001953125 -0.00390625 0.0078125 -0.015625 0.03125 -0.00048828125 0.0009765625 -0.001953125 0.00390625 -0.0078125 0.015625 -0.03125 0.00048828125 -0.0009765625 0.001953125 -0.00390625 0.0078125 -0.015625 0.03125 -0.00048828125 0.0009765625 -0.001953125 0.00390625 -0.0078125 0.015625 -0.03125 0.00048828125 -0.0009765625 0.001953125 -0.00390625 0.0078125 -0.015625 0.03125 -0.00048828125 0.0009765625 -0.001953125 0.00390625 -0.0078125 0.015625 -0.03125 0.00048828125 -0.0009765625 0.001953125 -0.00390625 0.0078125 -0.015625 0.03125 -0.00048828125 0.0009765625 -0.001953125 0.00390625 -0.0078125 0.015625 -0.03125 0.00048828125 -0.0009765625 0.001953125 -0.00390625 0.0078125 -0.015625 0.03125 -0.00048828125 0.0009765625 -0.001953125 0.00390625 -0.0078125 0.015625 -0.03125 0.00048828125 -0.0009765625 0.001953125 -0.00390625 0.0078125 -0.015625 0.03125 -0.00048828125 0.0009765625 -0.001953125 0.00390625 -0.0078125 0.015625 -0.03125 0.00048828125 -0.0009765625 0.001953125 -0.00390625 0.0078125 -0.015625 0.03125 -0.00048828125 0.0009765625 -0.001953125 2.00390625 -0.0078125 0.015625 -0.03125 0.00048828125 -0.0009765625 0.001953125 -0.00390625 0.0078125 -0.015625 0.03125 -0.00048828125 0.0009765625 -0.001953125 0.00390625 -0.0078125 0.015625 -0.03125 0.00048828125 -0.0009765625 0.001953125 -0.00390625
-0.0009765625 0.001953125 -0.00390625 0.0078125 -0.015625 0.03125 -0.0625 0.0009765625 -0.001953125 0.00390625 -0.0078125 0.015625 -0.03125 0.0625 -0.0009765625 0.001953125 -0.00390625 0.0078125 -0.015625 0.03125 -0.0625 0.0009765625 -0.001953125 0.00390625 -0.0078125 0.015625 -0.03125 0.0625 -0.0009765625 0.001953125 -0.00390625 0.0078125 -0.015625 0.03125 -0.0625 0.0009765625 -0.001953125 0.00390625 -0.0078125 0.015625 -0.03125 0.0625 -0.0009765625 0.001953125 -0.00390625 0.0078125 -0.015625 0.03125 -0.0625 0.0009765625 -0.001953125 0.00390625 -0.0078125 0.015625 -0.03125 0.0625 -0.0009765625 0.001953125 -0.00390625 0.0078125 -0.015625 0.03125 -0.0625 0.0009765625 -0.001953125 0.00390625 -0.0078125 0.015625 -0.03125 0.0625 -0.0009765625 0.001953125 -0.00390625 0.0078125 -0.015625 0.03125 -0.0625 0.0009765625 -0.001953125 0.00390625 -0.0078125 0.015625 -0.03125 0.0625 -0.0009765625 0.001953125 -0.00390625 0.0078125 -0.015625 0.03125 -0.0625 0.0009765625 -0.001953125 0.00390625 -0.0078125 0.015625 -0.03125 0.0625 -0.0009765625 0.001953125 -0.00390625 0.0078125 -0.015625 0.03125 -0.0625 0.0009765625 -0.001953125 0.00390625 -0.0078125 0.015625 -0.03125 0.0625 -0.0009765625 0.001953125 -0.00390625 0.0078125 -0.015625 0.03125 -0.0625 0.0009765625 -0.001953125 0.00390625 -0.0078125 0.015625 -0.03125 0.0625 -0.0009765625 0.001953125 -0.00390625 0.0078125 -0.015625 0.03125 -0.0625 0.0009765625 -0.001953125 0.00390625 -0.0078125 0.015625 -0.03125 0.0625 -0.0009765625 0.001953125 -0.00390625 0.0078125 -0.015625 0.03125 -0.0625 0.0009765625 -0.001953125 0.00390625 -0.0078125 0.015625 -0.03125 0.0625 -0.0009765625 0.001953125 -0.00390625 0.0078125 -0.015625 0.03125 -0.0625 0.0009765625 -0.001953125 0.00390625 -0.0078125 0.015625 -0.03125 0.0625 -0.0009765625 0.001953125 -0.00390625 0.0078125 -0.015625 0.03125 -0.0625 0.0009765625 -0.001953125 0.00390625 -0.0078125 0.015625 -0.03125 0.0625 -0.0009765625 0.001953125 -0.00390625 0.0078125 -0.015625 0.03125 -0.0625 0.0009765625 -0.001953125 0.00390625 -0.0078125 0.015625 -0.03125 0.0625 -0.0009765625 0.001953125 -0.00390625 0.0078125 -0.015625 0.03125 -0.0625 0.0009765625 -0.001953125 0.00390625 -0.0078125 0.015625 -0.03125 0.0625 -0.0009765625 0.001953125 -0.00390625 0.0078125 -0.015625 0.03125 -0.0625 0.0009765625 -0.001953125 0.00390625 -0.0078125 0.015625 -0.03125 0.0625 -0.0009765625 0.001953125 -0.00390625 0.0078125 -0.015625 0.03125 -0.0625 0.0009765625 -0.001953125 0.00390625 -0.0078125 8.015625 -0.03125 0.0625 -0.0009765625 0.001953125 -0.00390625 0.0078125 -0.015625 0.03125 -0.0625 0.0009765625 -0.001953125 0.00390625 -0.0078125 0.015625 -0.03125 0.0625 -0.0009765625 0.001953125 -0.00390625 0.0078125
0.001953125 -0.00390625 0.0078125 -0.015625 0.03125 -0.0625 0.125 -0.001953125 0.00390625 -0.0078125 0.015625 -0.03125 0.0625 -0.125 0.001953125 -0.00390625 0.0078125 -0.015625 0.03125 -0.0625 0.125 -0.001953125 0.00390625 -0.0078125 0.015625 -0.03125 0.0625 -0.125 0.001953125 -0.00390625 0.0078125 -0.015625 0.03125 -0.0625 0.125 -0.001953125 0.00390625 -0.0078125 0.015625 -0.03125 0.0625 -0.125 0.001953125 -0.00390625 0.0078125 -0.015625 0.03125 -0.0625 0.125 -0.001953125 0.00390625 -0.0078125 0.015625 -0.03125 0.0625 -0.125 0.001953125 -0.00390625 0.0078125 -0.015625 0.03125 -0.0625 0.125 -0.001953125 0.00390625 -0.0078125 0.015625 -0.03125 0.0625 -0.125 0.001953125 -0.00390625 0.0078125 -0.015625 0.03125 -0.0625 0.125 -0.001953125 0.00390625 -0.0078125 0.015625 -0.03125 0.0625 -0.125 0.001953125 -0.00390625 0.0078125 -0.015625 0.03125 -0.0625 0.125 -0.001953125 0.00390625 -0.0078125 0.015625 -0.03125 0.0625 -0.125 0.001953125 -0.00390625 0.0078125 -0.015625 0.03125 -0.0625 0.125 -0.001953125 0.00390625 -0.0078125 0.015625 -0.03125 0.0625 -0.125 0.001953125 -0.00390625 0.0078125 -0.015625 0.03125 -0.0625 0.125 -0.001953125 0.00390625 -0.0078125 0.015625 -0.03125 0.0625 -0.125 0.001953125 -0.00390625 0.0078125 -0.015625 0.03125 -0.0625 0.125 -0.001953125 0.00390625 -0.0078125 0.015625 -0.03125 0.0625 -0.125 0.001953125 -0.00390625 0.0078125 -0.015625 0.03125 -0.0625 0.125 -0.001953125 0.00390625 -0.0078125 0.015625 -0.03125 0.0625 -0.125 0.001953125 -0.00390625 0.0078125 -0.015625 0.03125 -0.0625 0.125 -0.001953125 0.00390625 -0.0078125 0.015625 -0.03125 0.0625 -0.125 0.001953125 -0.00390625 0.0078125 -0.015625 0.03125 -0.0625 0.125 -0.001953125 0.00390625 -0.0078125 0.015625 -0.03125 0.0625 -0.125 0.001953125 -0.00390625 0.0078125 -0.015625 0.03125 -0.0625 0.125 -0.001953125 0.00390625 -0.0078125 0.015625 -0.03125 0.0625 -0.125 0.001953125 -0.00390625 0.0078125 -0.015625 0.03125 -0.0625 0.125 -0.001953125 0.00390625 -0.0078125 0.015625 -0.03125 0.0625 -0.125 0.001953125 -0.00390625 0.0078125 -0.015625 0.03125 -0.0625 0.125 -0.001953125 0.00390625 -0.0078125 0.015625 -0.03125 0.0625 -0.125 0.001953125 -0.00390625 0.0078125 -0.015625 0.03125 -0.0625 0.125 -0.001953125 0.00390625 -0.0078125 0.015625 -0.03125 32.0625 -0.125 0.001953125 -0.00390625 0.0078125 -0.015625 0.03125 -0.0625 0.125 -0.001953125 0.00390625 -0.0078125 0.015625 -0.03125 0.0625 -0.125 0.001953125 -0.00390625 0.0078125 -0.015625
-0.00048828125 0.0009765625 -0.001953125 0.00390625 -0.0078125 0.015625 -0.03125 0.00048828125 -0.0009765625 0.001953125 -0.00390625 0.0078125 -0.015625 0.03125 -0.00048828125 0.0009765625 -0.001953125 0.00390625 -0.0078125 0.015625 -0.03125 0.00048828125 -0.0009765625 0.001953125 -0.00390625 0.0078125 -0.015625 0.03125 -0.00048828125 0.0009765625 -0.001953125 0.00390625 -0.0078125 0.015625 -0.03125 0.00048828125 -0.0009765625 0.001953125 -0.00390625 0.0078125 -0.015625 0.03125 -0.00048828125 0.0009765625 -0.001953125 0.00390625 -0.0078125 0.015625 -0.03125 0.00048828125 -0.0009765625 0.001953125 -0.00390625 0.0078125 -0.015625 0.03125 -0.00048828125 0.0009765625 -0.001953125 0.00390625 -0.0078125 0.015625 -0.03125 0.00048828125 -0.0009765625 0.001953125 -0.00390625 0.0078125 -0.015625 0.03125 -0.00048828125 0.0009765625 -0.001953125 0.00390625 -0.0078125 0.015625 -0.03125 0.00048828125 -0.0009765625 0.001953125 -0.00390625 0.0078125 -0.015625 0.03125 -0.00048828125 0.0009765625 -0.001953125 0.00390625 -0.0078125 0.015625 -0.03125 0.00048828125 -0.0009765625 0.001953125 -0.00390625 0.0078125 -0.015625 0.03125 -0.00048828125 0.0009765625 -0.001953125 0.00390625 -0.0078125 0.015625 -0.03125 0.00048828125 -0.0009765625 0.001953125 -0.00390625 0.0078125 -0.015625 0.03125 -0.00048828125 0.0009765625 -0.001953125 0.00390625 -0.0078125 0.015625 -0.03125 0.00048828125 -0.0009765625 0.001953125 -0.00390625 0.0078125 -0.015625 0.03125 -0.00048828125 0.0009765625 -0.001953125 0.00390625 -0.0078125 0.015625 -0.03125 0.00048828125 -0.0009765625 0.001953125 -0.00390625 0.0078125 -0.015625 0.03125 -0.00048828125 0.0009765625 -0.001953125 0.00390625 -0.0078125 0.015625 -0.03125 0.00048828125 -0.0009765625 0.001953125 -0.00390625 0.0078125 -0.015625 0.03125 -0.00048828125 0.0009765625 -0.001953125 0.00390625 -0.0078125 0.015625 -0.03125 0.00048828125 -0.0009765625 0.001953125 -0.00390625 0.0078125 -0.015625 0.03125 -0.00048828125 0.0009765625 -0.001953125 0.00390625 -0.0078125 0.015625 -0.03125 0.00048828125 -0.0009765625 0.001953125 -0.00390625 0.0078125 -0.015625 0.03125 -0.00048828125 0.0009765625 -0.001953125 0.00390625 -0.0078125 0.015625 -0.03125 0.00048828125 -0.0009765625 0.001953125 -0.00390625 0.0078125 -0.015625 0.03125 -0.00048828125 0.0009765625 -0.001953125 0.00390625 -0.0078125 0.015625 -0.03125 0.00048828125 -0.0009765625 0.001953125 -0.00390625 0.0078125 -0.015625 0.03125 -0.00048828125 0.0009765625 -0.001953125 0.00390625 -0.0078125 0.015625 -0.03125 0.00048828125 -0.0009765625 0.001953125 -0.00390625 0.0078125 -0.015625 0.03125 -0.00048828125 0.0009765625 -0.001953125 0.00390625 -0.0078125 0.015625 -0.03125 0.00048828125 -0.0009765625 0.001953125 -0.00390625 0.0078125 -0.015625 16.03125 -0.00048828125 0.0009765625 -0.001953125 0.00390625 -0.0078125 0.015625 -0.03125 0.00048828125 -0.0009765625 0.001953125 -0.00390625 0.0078125 -0.015625 0.03125 -0.00048828125 0.0009765625 -0.001953125 0.00390625
0.0009765625 -0.001953125 0.00390625 -0.0078125 0.015625 -0.03125 0.0625 -0.0009765625 0.001953125 -0.00390625 0.0078125 -0.015625 0.03125 -0.0625 0.0009765625 -0.001953125 0.00390625 -0.0078125 0.015625 -0.03125 0.0625 -0.0009765625 0.001953125 -0.00390625 0.0078125 -0.015625 0.03125 -0.0625 0.0009765625 -0.001953125 0.00390625 -0.0078125 0.015625 -0.03125 0.0625 -0.0009765625 0.001953125 -0.00390625 0.0078125 -0.015625 0.03125 -0.0625 0.0009765625 -0.001953125 0.00390625 -0.0078125 0.015625 -0.03125 0.0625 -0.0009765625 0.001953125 -0.00390625 0.0078125 -0.015625 0.03125 -0.0625 0.0009765625 -0.001953125 0.00390625 -0.0078125 0.015625 -0.03125 0.0625 -0.0009765625 0.001953125 -0.00390625 0.0078125 -0.015625 0.03125 -0.0625 0.0009765625 -0.001953125 0.00390625 -0.0078125 0.015625 -0.03125 0.0625 -0.0009765625 0.001953125 -0.00390625 0.0078125 -0.015625 0.03125 -0.0625 0.0009765625 -0.001953125 0.00390625 -0.0078125 0.015625 -0.03125 0.0625 -0.0009765625 0.001953125 -0.00390625 0.0078125 -0.015625 0.03125 -0.0625 0.0009765625 -0.001953125 0.00390625 -0.0078125 0.015625 -0.03125 0.0625 -0.0009765625 0.001953125 -0.00390625 0.0078125 -0.015625 0.03125 -0.0625 0.0009765625 -0.001953125 0.00390625 -0.0078125 0.015625 -0.03125 0.0625 -0.0009765625 0.001953125 -0.00390625 0.0078125 -0.015625 0.03125 -0.0625 0.0009765625 -0.001953125 0.00390625 -0.0078125 0.015625 -0.03125 0.0625 -0.0009765625 0.001953125 -0.00390625 0.0078125 -0.015625 0.03125 -0.0625 0.0009765625 -0.001953125 0.00390625 -0.0078125 0.015625 -0.03125 0.0625 -0.0009765625 0.001953125 -0.00390625 0.0078125 -0.015625 0.03125 -0.0625 0.0009765625 -0.001953125 0.00390625 -0.0078125 0.015625 -0.03125 0.0625 -0.0009765625 0.001953125 -0.00390625 0.0078125 -0.015625 0.03125 -0.0625 0.0009765625 -0.001953125 0.00390625 -0.0078125 0.015625 -0.03125 0.0625 -0.0009765625 0.001953125 -0.00390625 0.0078125 -0.015625 0.03125 -0.0625 0.0009765625 -0.001953125 0.00390625 -0.0078125 0.015625 -0.03125 0.0625 -0.0009765625 0.001953125 -0.00390625 0.0078125 -0.015625 0.03125 -0.0625 0.0009765625 -0.001953125 0.00390625 -0.0078125 0.015625 -0.03125 0.0625 -0.0009765625 0.001953125 -0.00390625 0.0078125 -0.015625 0.03125 -0.0625 0.0009765625 -0.001953125 0.00390625 -0.0078125 0.015625 -0.03125 0.0625 -0.0009765625 0.001953125 -0.00390625 0.0078125 -0.015625 0.03125 -0.0625 0.0009765625 -0.001953125 0.00390625 -0.0078125 0.015625 -0.03125 0.0625 -0.0009765625 0.001953125 -0.00390625 0.0078125 -0.015625 0.03125 -0.0625 0.5009765625 -0.001953125 0.00390625 -0.0078125 0.015625 -0.03125 0.0625 -0.0009765625 0.001953125 -0.00390625 0.0078125 -0.015625 0.03125 -0.0625 0.0009765625 -0.001953125 0.00390625 -0.0078125
-0.001953125 0.00390625 -0.0078125 0.015625 -0.03125 0.0625 -0.125 0.001953125 -0.00390625 0.0078125 -0.015625 0.03125 -0.0625 0.125 -0.001953125 0.00390625 -0.0078125 0.015625 -0.03125 0.0625 -0.125 0.001953125 -0.00390625 0.0078125 -0.015625 0.03125 -0.0625 0.125 -0.001953125 0.00390625 -0.0078125 0.015625 -0.03125 0.0625 -0.125 0.001953125 -0.00390625 0.0078125 -0.015625 0.03125 -0.0625 0.125 -0.001953125 0.00390625 -0.0078125 0.015625 -0.03125 0.0625 -0.125 0.001953125 -0.00390625 0.0078125 -0.015625 0.03125 -0.0625 0.125 -0.001953125 0.00390625 -0.0078125 0.015625 -0.03125 0.0625 -0.125 0.001953125 -0.00390625 0.0078125 -0.015625 0.03125 -0.0625 0.125 -0.001953125 0.00390625 -0.0078125 0.015625 -0.03125 0.0625 -0.125 0.001953125 -0.00390625 0.0078125 -0.015625 0.03125 -0.0625 0.125 -0.001953125 0.00390625 -0.0078125 0.015625 -0.03125 0.0625 -0.125 0.001953125 -0.00390625 0.0078125 -0.015625 0.03125 -0.0625 0.125 -0.001953125 0.00390625 -0.0078125 0.015625 -0.03125 0.0625 -0.125 0.001953125 -0.00390625 0.0078125 -0.015625 0.03125 -0.0625 0.125 -0.001953125 0.00390625 -0.0078125 0.015625 -0.03125 0.0625 -0.125 0.001953125 -0.00390625 0.0078125 -0.015625 0.03125 -0.0625 0.125 -0.001953125 0.00390625 -0.0078125 0.015625 -0.03125 0.0625 -0.125 0.001953125 -0.00390625 0.0078125 -0.015625 0.03125 -0.0625 0.125 -0.001953125 0.00390625 -0.0078125 0.015625 -0.03125 0.0625 -0.125 0.001953125 -0.00390625 0.0078125 -0.015625 0.03125 -0.0625 0.125 -0.001953125 0.00390625 -0.0078125 0.015625 -0.03125 0.0625 -0.125 0.001953125 -0.00390625 0.0078125 -0.015625 0.03125 -0.0625 0.125 -0.001953125 0.00390625 -0.0078125 0.015625 -0.03125 0.0625 -0.125 0.001953125 -0.00390625 0.0078125 -0.015625 0.03125 -0.0625 0.125 -0.001953125 0.00390625 -0.0078125 0.015625 -0.03125 0.0625 -0.125 0.001953125 -0.00390625 0.0078125 -0.015625 0.03125 -0.0625 0.125 -0.001953125 0.00390625 -0.0078125 0.015625 -0.03125 0.0625 -0.125 0.001953125 -0.00390625 0.0078125 -0.015625 0.03125 -0.0625 0.125 -0.001953125 0.00390625 -0.0078125 0.015625 -0.03125 0.0625 -0.125 0.001953125 -0.00390625 0.0078125 -0.015625 0.03125 -0.0625 0.125 -0.001953125 0.00390625 -0.0078125 0.015625 -0.03125 0.0625 -0.125 0.001953125 -0.00390625 0.0078125 -0.015625 0.03125 -0.0625 0.125 -0.001953125 2.00390625 -0.0078125 0.015625 -0.03125 0.0625 -0.125 0.001953125 -0.00390625 0.0078125 -0.015625 0.03125 -0.0625 0.125 -0.001953125 0.00390625 -0.0078125 0.015625
0.00048828125 -0.0009765625 0.001953125 -0.00390625 0.0078125 -0.015625 0.03125 -0.00048828125 0.0009765625 -0.001953125 0.00390625 -0.0078125 0.015625 -0.03125 0.00048828125 -0.0009765625 0.001953125 -0.00390625 0.0078125 -0.015625 0.03125 -0.00048828125 0.0009765625 -0.001953125 0.00390625 -0.0078125 0.015625 -0.03125 0.00048828125 -0.0009765625 0.001953125 -0.00390625 0.0078125 -0.015625 0.03125 -0.00048828125 0.0009765625 -0.001953125 0.00390625 -0.0078125 0.015625 -0.03125 0.00048828125 -0.0009765625 0.001953125 -0.00390625 0.0078125 -0.015625 0.03125 -0.00048828125 0.0009765625 -0.001953125 0.00390625 -0.0078125 0.015625 -0.03125 0.00048828125 -0.0009765625 0.001953125 -0.00390625 0.0078125 -0.015625 0.03125 -0.00048828125 0.0009765625 -0.001953125 0.00390625 -0.0078125 0.015625 -0.03125 0.00048828125 -0.0009765625 0.001953125 -0.00390625 0.0078125 -0.015625 0.03125 -0.00048828125 0.0009765625 -0.001953125 0.00390625 -0.0078125 0.015625 -0.03125 0.00048828125 -0.0009765625 0.001953125 -0.00390625 0.0078125 -0.015625 0.03125 -0.00048828125 0.0009765625 -0.001953125 0.00390625 -0.0078125 0.015625 -0.03125 0.00048828125 -0.0009765625 0.001953125 -0.00390625 0.0078125 -0.015625 0.03125 -0.00048828125 0.0009765625 -0.001953125 0.00390625 -0.0078125 0.015625 -0.03125 0.00048828125 -0.0009765625 0.001953125 -0.00390625 0.0078125 -0.015625 0.03125 -0.00048828125 0.0009765625 -0.001953125 0.00390625 -0.0078125 0.015625 -0.03125 0.00048828125 -0.0009765625 0.001953125 -0.00390625 0.0078125 -0.015625 0.03125 -0.00048828125 0.0009765625 -0.001953125 0.00390625 -0.0078125 0.015625 -0.03125 0.00048828125 -0.0009765625 0.001953125 -0.00390625 0.0078125 -0.015625 0.03125 -0.00048828125 0.0009765625 -0.001953125 0.00390625 -0.0078125 0.015625 -0.03125 0.00048828125 -0.0009765625 0.001953125 -0.00390625 0.0078125 -0.015625 0.03125 -0.00048828125 0.0009765625 -0.001953125 0.00390625 -0.0078125 0.015625 -0.03125 0.00048828125 -0.0009765625 0.001953125 -0.00390625 0.0078125 -0.015625 0.03125 -0.00048828125 0.0009765625 -0.001953125 0.00390625 -0.0078125 0.015625 -0.03125 0.00048828125 -0.0009765625 0.001953125 -0.00390625 0.0078125 -0.015625 0.03125 -0.00048828125 0.0009765625 -0.001953125 0.00390625 -0.0078125 0.015625 -0.03125 0.00048828125 -0.0009765625 0.001953125 -0.00390625 0.0078125 -0.015625 0.03125 -0.00048828125 0.0009765625 -0.001953125 0.00390625 -0.0078125 0.015625 -0.03125 0.00048828125 -0.0009765625 0.001953125 -0.00390625 0.0078125 -0.015625 0.03125 -0.00048828125 0.0009765625 -0.001953125 0.00390625 -0.0078125 0.015625 -0.03125 0.00048828125 -0.0009765625 0.001953125 -0.00390625 0.0078125 -0.015625 0.03125 -0.00048828125 0.0009765625 -0.001953125 0.00390625 -0.0078125 0.015625 -0.03125 0.00048828125 -0.0009765625 1.001953125 -0.00390625 0.0078125 -0.015625 0.03125 -0.00048828125 0.0009765625 -0.001953125 0.00390625 -0.0078125 0.015625 -0.03125 0.00048828125 -0.0009765625 0.001953125 -0.00390625
-0.0009765625 0.001953125 -0.00390625 0.0078125 -0.015625 0.03125 -0.0625 0.0009765625 -0.001953125 0.00390625 -0.0078125 0.015625 -0.03125 0.0625 -0.0009765625 0.001953125 -0.00390625 0.0078125 -0.015625 0.03125 -0.0625 0.0009765625 -0.001953125 0.00390625 -0.0078125 0.015625 -0.03125 0.0625 -0.0009765625 0.001953125 -0.00390625 0.0078125 -0.015625 0.03125 -0.0625 0.0009765625 -0.001953125 0.00390625 -0.0078125 0.015625 -0.03125 0.0625 -0.0009765625 0.001953125 -0.00390625 0.0078125 -0.015625 0.03125 -0.0625 0.0009765625 -0.001953125 0.00390625 -0.0078125 0.015625 -0.03125 0.0625 -0.0009765625 0.001953125 -0.00390625 0.0078125 -0.015625 0.03125 -0.0625 0.0009765625 -0.001953125 0.00390625 -0.0078125 0.015625 -0.03125 0.0625 -0.0009765625 0.001953125 -0.00390625 0.0078125 -0.015625 0.03125 -0.0625 0.0009765625 -0.001953125 0.00390625 -0.0078125 0.015625 -0.03125 0.0625 -0.0009765625 0.001953125 -0.00390625 0.0078125 -0.015625 0.03125 -0.0625 0.0009765625 -0.001953125 0.00390625 -0.0078125 0.015625 -0.03125 0.0625 -0.0009765625 0.001953125 -0.00390625 0.0078125 -0.015625 0.03125 -0.0625 0.0009765625 -0.001953125 0.00390625 -0.0078125 0.015625 -0.03125 0.0625 -0.0009765625 0.001953125 -0.00390625 0.0078125 -0.015625 0.03125 -0.0625 0.0009765625 -0.001953125 0.00390625 -0.0078125 0.015625 -0.03125 0.0625 -0.0009765625 0.001953125 -0.00390625 0.0078125 -0.015625 0.03125 -0.0625 0.0009765625 -0.001953125 0.00390625 -0.0078125 0.015625 -0.03125 0.0625 -0.0009765625 0.001953125 -0.00390625 0.0078125 -0.015625 0.03125 -0.0625 0.0009765625 -0.001953125 0.00390625 -0.0078125 0.015625 -0.03125 0.0625 -0.0009765625 0.001953125 -0.00390625 0.0078125 -0.015625 0.03125 -0.0625 0.0009765625 -0.001953125 0.00390625 -0.0078125 0.015625 -0.03125 0.0625 -0.0009765625 0.001953125 -0.00390625 0.0078125 -0.015625 0.03125 -0.0625 0.0009765625 -0.001953125 0.00390625 -0.0078125 0.015625 -0.03125 0.0625 -0.0009765625 0.001953125 -0.00390625 0.0078125 -0.015625 0.03125 -0.0625 0.0009765625 -0.001953125 0.00390625 -0.0078125 0.015625 -0.03125 0.0625 -0.0009765625 0.001953125 -0.00390625 0.0078125 -0.015625 0.03125 -0.0625 0.0009765625 -0.001953125 0.00390625 -0.0078125 0.015625 -0.03125 0.0625 -0.0009765625 0.001953125 -0.00390625 0.0078125 -0.015625 0.03125 -0.0625 0.0009765625 -0.001953125 0.00390625 -0.0078125 0.015625 -0.03125 0.0625 -0.0009765625 0.001953125 -0.00390625 0.0078125 -0.015625 0.03125 -0.0625 0.0009765625 -0.001953125 0.00390625 -0.0078125 0.015625 -0.03125 0.0625 -0.0009765625 0.001953125 -0.00390625 4.0078125 -0.015625 0.03125 -0.0625 0.0009765625 -0.001953125 0.00390625 -0.0078125 0.015625 -0.03125 0.0625 -0.0009765625 0.001953125 -0.00390625 0.0078125
0.001953125 -0.00390625 0.0078125 -0.015625 0.03125 -0.0625 0.125 -0.001953125 0.00390625 -0.0078125 0.015625 -0.03125 0.0625 -0.125 0.001953125 -0.00390625 0.0078125 -0.015625 0.03125 -0.0625 0.125 -0.001953125 0.00390625 -0.0078125 0.015625 -0.03125 0.0625 -0.125 0.001953125 -0.00390625 0.0078125 -0.015625 0.03125 -0.0625 0.125 -0.001953125 0.00390625 -0.0078125 0.015625 -0.03125 0.0625 -0.125 0.001953125 -0.00390625 0.0078125 -0.015625 0.03125 -0.0625 0.125 -0.001953125 0.00390625 -0.0078125 0.015625 -0.03125 0.0625 -0.125 0.001953125 -0.00390625 0.0078125 -0.015625 0.03125 -0.0625 0.125 -0.001953125 0.00390625 -0.0078125 0.015625 -0.03125 0.0625 -0.125 0.001953125 -0.00390625 0.0078125 -0.015625 0.03125 -0.0625 0.125 -0.001953125 0.00390625 -0.0078125 0.015625 -0.03125 0.0625 -0.125 0.001953125 -0.00390625 0.0078125 -0.015625 0.03125 -0.0625 0.125 -0.001953125 0.00390625 -0.0078125 0.015625 -0.03125 0.0625 -0.125 0.001953125 -0.00390625 0.0078125 -0.015625 0.03125 -0.0625 0.125 -0.001953125 0.00390625 -0.0078125 0.015625 -0.03125 0.0625 -0.125 0.001953125 -0.00390625 0.0078125 -0.015625 0.03125 -0.0625 0.125 -0.001953125 0.00390625 -0.0078125 0.015625 -0.03125 0.0625 -0.125 0.001953125 -0.00390625 0.0078125 -0.015625 0.03125 -0.0625 0.125 -0.001953125 0.00390625 -0.0078125 0.015625 -0.03125 0.0625 -0.125 0.001953125 -0.00390625 0.0078125 -0.015625 0.03125 -0.0625 0.125 -0.001953125 0.00390625 -0.0078125 0.015625 -0.03125 0.0625 -0.125 0.001953125 -0.00390625 0.0078125 -0.015625 0.03125 -0.0625 0.125 -0.001953125 0.00390625 -0.0078125 0.015625 -0.03125 0.0625 -0.125 0.001953125 -0.00390625 0.0078125 -0.015625 0.03125 -0.0625 0.125 -0.001953125 0.00390625 -0.0078125 0.015625 -0.03125 0.0625 -0.125 0.001953125 -0.00390625 0.0078125 -0.015625 0.03125 -0.0625 0.125 -0.001953125 0.00390625 -0.0078125 0.015625 -0.03125 0.0625 -0.125 0.001953125 -0.00390625 0.0078125 -0.015625 0.03125 -0.0625 0.125 -0.001953125 0.00390625 -0.0078125 0.015625 -0.03125 0.0625 -0.125 0.001953125 -0.00390625 0.0078125 -0.015625 0.03125 -0.0625 0.125 -0.001953125 0.00390625 -0.0078125 0.015625 -0.03125 0.0625 -0.125 0.001953125 -0.00390625 0.0078125 -0.015625 0.03125 -0.0625 0.125 -0.001953125 0.00390625 -0.0078125 0.015625 -0.03125 0.0625 -0.125 0.001953125 -0.00390625 0.0078125 -0.015625 16.03125 -0.0625 0.125 -0.001953125 0.00390625 -0.0078125 0.015625 -0.03125 0.0625 -0.125 0.001953125 -0.00390625 0.0078125 -0.015625
-0.00048828125 0.0009765625 -0.001953125 0.00390625 -0.0078125 0.015625 -0.03125 0.00048828125 -0.0009765625 0.001953125 -0.00390625 0.0078125 -0.015625 0.03125 -0.00048828125 0.0009765625 -0.001953125 0.00390625 -0.0078125 0.015625 -0.03125 0.00048828125 -0.0009765625 0.001953125 -0.00390625 0.0078125 -0.015625 0.03125 -0.00048828125 0.0009765625 -0.001953125 0.00390625 -0.0078125 0.015625 -0.03125 0.00048828125 -0.0009765625 0.001953125 -0.00390625 0.0078125 -0.015625 0.03125 -0.00048828125 0.0009765625 -0.001953125 0.00390625 -0.0078125 0.015625 -0.03125 0.00048828125 -0.0009765625 0.001953125 -0.00390625 0.0078125 -0.015625 0.03125 -0.00048828125 0.0009765625 -0.001953125 0.00390625 -0.0078125 0.015625 -0.03125 0.00048828125 -0.0009765625 0.001953125 -0.00390625 0.0078125 -0.015625 0.03125 -0.00048828125 0.0009765625 -0.001953125 0.00390625 -0.0078125 0.015625 -0.03125 0.00048828125 -0.0009765625 0.001953125 -0.00390625 0.0078125 -0.015625 0.03125 -0.00048828125 0.0009765625 -0.001953125 0.00390625 -0.0078125 0.015625 -0.03125 0.00048828125 -0.0009765625 0.001953125 -0.00390625 0.0078125 -0.015625 0.03125 -0.00048828125 0.0009765625 -0.001953125 0.00390625 -0.0078125 0.015625 -0.03125 0.00048828125 -0.0009765625 0.001953125 -0.00390625 0.0078125 -0.015625 0.03125 -0.00048828125 0.0009765625 -0.001953125 0.00390625 -0.0078125 0.015625 -0.03125 0.00048828125 -0.0009765625 0.001953125 -0.00390625 0.0078125 -0.015625 0.03125 -0.00048828125 0.0009765625 -0.001953125 0.00390625 -0.0078125 0.015625 -0.03125 0.00048828125 -0.0009765625 0.001953125 -0.00390625 0.0078125 -0.015625 0.03125 -0.00048828125 0.0009765625 -0.001953125 0.00390625 -0.0078125 0.015625 -0.03125 0.00048828125 -0.0009765625 0.001953125 -0.00390625 0.0078125 -0.015625 0.03125 -0.00048828125 0.0009765625 -0.001953125 0.00390625 -0.0078125 0.015625 -0.03125 0.00048828125 -0.0009765625 0.001953125 -0.00390625 0.0078125 -0.015625 0.03125 -0.00048828125 0.0009765625 -0.001953125 0.00390625 -0.0078125 0.015625 -0.03125 0.00048828125 -0.0009765625 0.001953125 -0.00390625 0.0078125 -0.015625 0.03125 -0.00048828125 0.0009765625 -0.001953125 0.00390625 -0.0078125 0.015625 -0.03125 0.00048828125 -0.0009765625 0.001953125 -0.00390625 0.0078125 -0.015625 0.03125 -0.00048828125 0.0009765625 -0.001953125 0.00390625 -0.0078125 0.015625 -0.03125 0.00048828125 -0.0009765625 0.001953125 -0.00390625 0.0078125 -0.015625 0.03125 -0.00048828125 0.0009765625 -0.001953125 0.00390625 -0.0078125 0.015625 -0.03125 0.00048828125 -0.0009765625 0.001953125 -0.00390625 0.0078125 -0.015625 0.03125 -0.00048828125 0.0009765625 -0.001953125 0.00390625 -0.0078125 0.015625 -0.03125 0.00048828125 -0.0009765625 0.001953125 -0.00390625 0.0078125 -0.015625 0.03125 -0.00048828125 0.0009765625 -0.001953125 0.00390625 -0.0078125 8.015625 -0.03125 0.00048828125 -0.0009765625 0.001953125 -0.00390625 0.0078125 -0.015625 0.03125 -0.00048828125 0.0009765625 -0.001953125 0.00390625
0.0009765625 -0.001953125 0.00390625 -0.0078125 0.015625 -0.03125 0.0625 -0.0009765625 0.001953125 -0.00390625 0.0078125 -0.015625 0.03125 -0.0625 0.0009765625 -0.001953125 0.00390625 -0.0078125 0.015625 -0.03125 0.0625 -0.0009765625 0.001953125 -0.00390625 0.0078125 -0.015625 0.03125 -0.0625 0.0009765625 -0.001953125 0.00390625 -0.0078125 0.015625 -0.03125 0.0625 -0.0009765625 0.001953125 -0.00390625 0.0078125 -0.015625 0.03125 -0.0625 0.0009765625 -0.001953125 0.00390625 -0.0078125 0.015625 -0.03125 0.0625 -0.0009765625 0.001953125 -0.00390625 0.0078125 -0.015625 0.03125 -0.0625 0.0009765625 -0.001953125 0.00390625 -0.0078125 0.015625 -0.03125 0.0625 -0.0009765625 0.001953125 -0.00390625 0.0078125 -0.015625 0.03125 -0.0625 0.0009765625 -0.001953125 0.00390625 -0.0078125 0.015625 -0.03125 0.0625 -0.0009765625 0.001953125 -0.00390625 0.0078125 -0.015625 0.03125 -0.0625 0.0009765625 -0.001953125 0.00390625 -0.0078125 0.015625 -0.03125 0.0625 -0.0009765625 0.001953125 -0.00390625 0.0078125 -0.015625 0.03125 -0.0625 0.0009765625 -0.001953125 0.00390625 -0.0078125 0.015625 -0.03125 0.0625 -0.0009765625 0.001953125 -0.00390625 0.0078125 -0.015625 0.03125 -0.0625 0.0009765625 -0.001953125 0.00390625 -0.0078125 0.015625 -0.03125 0.0625 -0.0009765625 0.001953125 -0.00390625 0.0078125 -0.015625 0.03125 -0.0625 0.0009765625 -0.001953125 0.00390625 -0.0078125 0.015625 -0.03125 0.0625 -0.0009765625 0.001953125 -0.00390625 0.0078125 -0.015625 0.03125 -0.0625 0.0009765625 -0.001953125 0.00390625 -0.0078125 0.015625 -0.03125 0.0625 -0.0009765625 0.001953125 -0.00390625 0.0078125 -0.015625 0.03125 -0.0625 0.0009765625 -0.001953125 0.00390625 -0.0078125 0.015625 -0.03125 0.0625 -0.0009765625 0.001953125 -0.00390625 0.0078125 -0.015625 0.03125 -0.0625 0.0009765625 -0.001953125 0.00390625 -0.0078125 0.015625 -0.03125 0.0625 -0.0009765625 0.001953125 -0.00390625 0.0078125 -0.015625 0.03125 -0.0625 0.0009765625 -0.001953125 0.00390625 -0.0078125 0.015625 -0.03125 0.0625 -0.0009765625 0.001953125 -0.00390625 0.0078125 -0.015625 0.03125 -0.0625 0.0009765625 -0.001953125 0.00390625 -0.0078125 0.015625 -0.03125 0.0625 -0.0009765625 0.001953125 -0.00390625 0.0078125 -0.015625 0.03125 -0.0625 0.0009765625 -0.001953125 0.00390625 -0.0078125 0.015625 -0.03125 0.0625 -0.0009765625 0.001953125 -0.00390625 0.0078125 -0.015625 0.03125 -0.0625 0.0009765625 -0.001953125 0.00390625 -0.0078125 0.015625 -0.03125 0.0625 -0.0009765625 0.001953125 -0.00390625 0.0078125 -0.015625 0.03125 -0.0625 0.0009765625 -0.001953125 0.00390625 -0.0078125 0.015625 -0.03125 32.0625 -0.0009765625 0.001953125 -0.00390625 0.0078125 -0.015625 0.03125 -0.0625 0.0009765625 -0.001953125 0.00390625 -0.0078125
-0.001953125 0.00390625 -0.0078125 0.015625 -0.03125 0.0625 -0.125 0.001953125 -0.00390625 0.0078125 -0.015625 0.03125 -0.0625 0.125 -0.001953125 0.00390625 -0.0078125 0.015625 -0.03125 0.0625 -0.125 0.001953125 -0.00390625 0.0078125 -0.015625 0.03125 -0.0625 0.125 -0.001953125 0.00390625 -0.0078125 0.015625 -0.03125 0.0625 -0.125 0.001953125 -0.00390625 0.0078125 -0.015625 0.03125 -0.0625 0.125 -0.001953125 0.00390625 -0.0078125 0.015625 -0.03125 0.0625 -0.125 0.001953125 -0.00390625 0.0078125 -0.015625 0.03125 -0.0625 0.125 -0.001953125 0.00390625 -0.0078125 0.015625 -0.03125 0.0625 -0.125 0.001953125 -0.00390625 0.0078125 -0.015625 0.03125 -0.0625 0.125 -0.001953125 0.00390625 -0.0078125 0.015625 -0.03125 0.0625 -0.125 0.001953125 -0.00390625 0.0078125 -0.015625 0.03125 -0.0625 0.125 -0.001953125 0.00390625 -0.0078125 0.015625 -0.03125 0.0625 -0.125 0.001953125 -0.00390625 0.0078125 -0.015625 0.03125 -0.0625 0.125 -0.001953125 0.00390625 -0.0078125 0.015625 -0.03125 0.0625 -0.125 0.001953125 -0.00390625 0.0078125 -0.015625 0.03125 -0.0625 0.125 -0.001953125 0.00390625 -0.0078125 0.015625 -0.03125 0.0625 -0.125 0.001953125 -0.00390625 0.0078125 -0.015625 0.03125 -0.0625 0.125 -0.001953125 0.00390625 -0.0078125 0.015625 -0.03125 0.0625 -0.125 0.001953125 -0.00390625 0.0078125 -0.015625 0.03125 -0.0625 0.125 -0.001953125 0.00390625 -0.0078125 0.015625 -0.03125 0.0625 -0.125 0.001953125 -0.00390625 0.0078125 -0.015625 0.03125 -0.0625 0.125 -0.001953125 0.00390625 -0.0078125 0.015625 -0.03125 0.0625 -0.125 0.001953125 -0.00390625 0.0078125 -0.015625 0.03125 -0.0625 0.125 -0.001953125 0.00390625 -0.0078125 0.015625 -0.03125 0.0625 -0.125 0.001953125 -0.00390625 0.0078125 -0.015625 0.03125 -0.0625 0.125 -0.001953125 0.00390625 -0.0078125 0.015625 -0.03125 0.0625 -0.125 0.001953125 -0.00390625 0.0078125 -0.015625 0.03125 -0.0625 0.125 -0.001953125 0.00390625 -0.0078125 0.015625 -0.03125 0.0625 -0.125 0.001953125 -0.00390625 0.0078125 -0.015625 0.03125 -0.0625 0.125 -0.001953125 0.00390625 -0.0078125 0.015625 -0.03125 0.0625 -0.125 0.001953125 -0.00390625 0.0078125 -0.015625 0.03125 -0.0625 0.125 -0.001953125 0.00390625 -0.0078125 0.015625 -0.03125 0.0625 -0.125 0.001953125 -0.00390625 0.0078125 -0.015625 0.03125 -0.0625 0.125 -0.001953125 0.00390625 -0.0078125 0.015625 -0.03125 0.0625 -0.125 1.001953125 -0.00390625 0.0078125 -0.015625 0.03125 -0.0625 0.125 -0.001953125 0.00390625 -0.0078125 0.015625
0.00048828125 -0.0009765625 0.001953125 -0.00390625 0.0078125 -0.015625 0.03125 -0.00048828125 0.0009765625 -0.001953125 0.00390625 -0.0078125 0.015625 -0.03125 0.00048828125 -0.0009765625 0.001953125 -0.00390625 0.0078125 -0.015625 0.03125 -0.00048828125 0.0009765625 -0.001953125 0.00390625 -0.0078125 0.015625 -0.03125 0.00048828125 -0.0009765625 0.001953125 -0.00390625 0.0078125 -0.015625 0.03125 -0.00048828125 0.0009765625 -0.001953125 0.00390625 -0.0078125 0.015625 -0.03125 0.00048828125 -0.0009765625 0.001953125 -0.00390625 0.0078125 -0.015625 0.03125 -0.00048828125 0.0009765625 -0.001953125 0.00390625 -0.0078125 0.015625 -0.03125 0.00048828125 -0.0009765625 0.001953125 -0.00390625 0.0078125 -0.015625 0.03125 -0.00048828125 0.0009765625 -0.001953125 0.00390625 -0.0078125 0.015625 -0.03125 0.00048828125 -0.0009765625 0.001953125 -0.00390625 0.0078125 -0.015625 0.03125 -0.00048828125 0.0009765625 -0.001953125 0.00390625 -0.0078125 0.015625 -0.03125 0.00048828125 -0.0009765625 0.001953125 -0.00390625 0.0078125 -0.015625 0.03125 -0.00048828125 0.0009765625 -0.001953125 0.00390625 -0.0078125 0.015625 -0.03125 0.00048828125 -0.0009765625 0.001953125 -0.00390625 0.0078125 -0.015625 0.03125 -0.00048828125 0.0009765625 -0.001953125 0.00390625 -0.0078125 0.015625 -0.03125 0.00048828125 -0.0009765625 0.001953125 -0.00390625 0.0078125 -0.015625 0.03125 -0.00048828125 0.0009765625 -0.001953125 0.00390625 -0.0078125 0.015625 -0.03125 0.00048828125 -0.0009765625 0.001953125 -0.00390625 0.0078125 -0.015625 0.03125 -0.00048828125 0.0009765625 -0.001953125 0.00390625 -0.0078125 0.015625 -0.03125 0.00048828125 -0.0009765625 0.001953125 -0.00390625 0.0078125 -0.015625 0.03125 -0.00048828125 0.0009765625 -0.001953125 0.00390625 -0.0078125 0.015625 -0.03125 0.00048828125 -0.0009765625 0.001953125 -0.00390625 0.0078125 -0.015625 0.03125 -0.00048828125 0.0009765625 -0.001953125 0.00390625 -0.0078125 0.015625 -0.03125 0.00048828125 -0.0009765625 0.001953125 -0.00390625 0.0078125 -0.015625 0.03125 -0.00048828125 0.0009765625 -0.001953125 0.00390625 -0.0078125 0.015625 -0.03125 0.00048828125 -0.0009765625 0.001953125 -0.00390625 0.0078125 -0.015625 0.03125 -0.00048828125 0.0009765625 -0.001953125 0.00390625 -0.0078125 0.015625 -0.03125 0.00048828125 -0.0009765625 0.001953125 -0.00390625 0.0078125 -0.015625 0.03125 -0.00048828125 0.0009765625 -0.001953125 0.00390625 -0.0078125 0.015625 -0.03125 0.00048828125 -0.0009765625 0.001953125 -0.00390625 0.0078125 -0.015625 0.03125 -0.00048828125 0.0009765625 -0.001953125 0.00390625 -0.0078125 0.015625 -0.03125 0.00048828125 -0.0009765625 0.001953125 -0.00390625 0.0078125 -0.015625 0.03125 -0.00048828125 0.0009765625 -0.001953125 0.00390625 -0.0078125 0.015625 -0.03125 0.00048828125 -0.0009765625 0.001953125 -0.00390625 0.0078125 -0.015625 0.03125 -0.00048828125 0.5009765625 -0.001953125 0.00390625 -0.0078125 0.015625 -0.03125 0.00048828125 -0.0009765625 0.001953125 -0.00390625
-0.0009765625 0.001953125 -0.00390625 0.0078125 -0.015625 0.03125 -0.0625 0.0009765625 -0.001953125 0.00390625 -0.0078125 0.015625 -0.03125 0.0625 -0.0009765625 0.001953125 -0.00390625 0.0078125 -0.015625 0.03125 -0.0625 0.0009765625 -0.001953125 0.00390625 -0.0078125 0.015625 -0.03125 0.0625 -0.0009765625 0.001953125 -0.00390625 0.0078125 -0.015625 0.03125 -0.0625 0.0009765625 -0.001953125 0.00390625 -0.0078125 0.015625 -0.03125 0.0625 -0.0009765625 0.001953125 -0.00390625 0.0078125 -0.015625 0.03125 -0.0625 0.0009765625 -0.001953125 0.00390625 -0.0078125 0.015625 -0.03125 0.0625 -0.0009765625 0.001953125 -0.00390625 0.0078125 -0.015625 0.03125 -0.0625 0.0009765625 -0.001953125 0.00390625 -0.0078125 0.015625 -0.03125 0.0625 -0.0009765625 0.001953125 -0.00390625 0.0078125 -0.015625 0.03125 -0.0625 0.0009765625 -0.001953125 0.00390625 -0.0078125 0.015625 -0.03125 0.0625 -0.0009765625 0.001953125 -0.00390625 0.0078125 -0.015625 0.03125 -0.0625 0.0009765625 -0.001953125 0.00390625 -0.0078125 0.015625 -0.03125 0.0625 -0.0009765625 0.001953125 -0.00390625 0.0078125 -0.015625 0.03125 -0.0625 0.0009765625 -0.001953125 0.00390625 -0.0078125 0.015625 -0.03125 0.0625 -0.0009765625 0.001953125 -0.00390625 0.0078125 -0.015625 0.03125 -0.0625 0.0009765625 -0.001953125 0.00390625 -0.0078125 0.015625 -0.03125 0.0625 -0.0009765625 0.001953125 -0.00390625 0.0078125 -0.015625 0.03125 -0.0625 0.0009765625 -0.001953125 0.00390625 -0.0078125 0.015625 -0.03125 0.0625 -0.0009765625 0.001953125 -0.00390625 0.0078125 -0.015625 0.03125 -0.0625 0.0009765625 -0.001953125 0.00390625 -0.0078125 0.015625 -0.03125 0.0625 -0.0009765625 0.001953125 -0.00390625 0.0078125 -0.015625 0.03125 -0.0625 0.0009765625 -0.001953125 0.00390625 -0.0078125 0.015625 -0.03125 0.0625 -0.0009765625 0.001953125 -0.00390625 0.0078125 -0.015625 0.03125 -0.0625 0.0009765625 -0.001953125 0.00390625 -0.0078125 0.015625 -0.03125 0.0625 -0.0009765625 0.001953125 -0.00390625 0.0078125 -0.015625 0.03125 -0.0625 0.0009765625 -0.001953125 0.00390625 -0.0078125 0.015625 -0.03125 0.0625 -0.0009765625 0.001953125 -0.00390625 0.0078125 -0.015625 0.03125 -0.0625 0.0009765625 -0.001953125 0.00390625 -0.0078125 0.015625 -0.03125 0.0625 -0.0009765625 0.001953125 -0.00390625 0.0078125 -0.015625 0.03125 -0.0625 0.0009765625 -0.001953125 0.00390625 -0.0078125 0.015625 -0.03125 0.0625 -0.0009765625 0.001953125 -0.00390625 0.0078125 -0.015625 0.03125 -0.0625 0.0009765625 -0.001953125 0.00390625 -0.0078125 0.015625 -0.03125 0.0625 -0.0009765625 0.001953125 -0.00390625 0.0078125 -0.015625 0.03125 -0.0625 0.0009765625 -0.001953125 2.00390625 -0.0078125 0.015625 -0.03125 0.0625 -0.0009765625 0.001953125 -0.00390625 0.0078125
0.001953125 -0.00390625 0.0078125 -0.015625 0.03125 -0.0625 0.125 -0.001953125 0.00390625 -0.0078125 0.015625 -0.03125 0.0625 -0.125 0.001953125 -0.00390625 0.0078125 -0.015625 0.03125 -0.0625 0.125 -0.001953125 0.00390625 -0.0078125 0.015625 -0.03125 0.0625 -0.125 0.001953125 -0.00390625 0.0078125 -0.015625 0.03125 -0.0625 0.125 -0.001953125 0.00390625 -0.0078125 0.015625 -0.03125 0.0625 -0.125 0.001953125 -0.00390625 0.0078125 -0.015625 0.03125 -0.0625 0.125 -0.001953125 0.00390625 -0.0078125 0.015625 -0.03125 0.0625 -0.125 0.001953125 -0.00390625 0.0078125 -0.015625 0.03125 -0.0625 0.125 -0.001953125 0.00390625 -0.0078125 0.015625 -0.03125 0.0625 -0.125 0.001953125 -0.00390625 0.0078125 -0.015625 0.03125 -0.0625 0.125 -0.001953125 0.00390625 -0.0078125 0.015625 -0.03125 0.0625 -0.125 0.001953125 -0.00390625 0.0078125 -0.015625 0.03125 -0.0625 0.125 -0.001953125 0.00390625 -0.0078125 0.015625 -0.03125 0.0625 -0.125 0.001953125 -0.00390625 0.0078125 -0.015625 0.03125 -0.0625 0.125 -0.001953125 0.00390625 -0.0078125 0.015625 -0.03125 0.0625 -0.125 0.001953125 -0.00390625 0.0078125 -0.015625 0.03125 -0.0625 0.125 -0.001953125 0.00390625 -0.0078125 0.015625 -0.03125 0.0625 -0.125 0.001953125 -0.00390625 0.0078125 -0.015625 0.03125 -0.0625 0.125 -0.001953125 0.00390625 -0.0078125 0.015625 -0.03125 0.0625 -0.125 0.001953125 -0.00390625 0.0078125 -0.015625 0.03125 -0.0625 0.125 -0.001953125 0.00390625 -0.0078125 0.015625 -0.03125 0.0625 -0.125 0.001953125 -0.00390625 0.0078125 -0.015625 0.03125 -0.0625 0.125 -0.001953125 0.00390625 -0.0078125 0.015625 -0.03125 0.0625 -0.125 0.001953125 -0.00390625 0.0078125 -0.015625 0.03125 -0.0625 0.125 -0.001953125 0.00390625 -0.0078125 0.015625 -0.03125 0.0625 -0.125 0.001953125 -0.00390625 0.0078125 -0.015625 0.03125 -0.0625 0.125 -0.001953125 0.00390625 -0.0078125 0.015625 -0.03125 0.0625 -0.125 0.001953125 -0.00390625 0.0078125 -0.015625 0.03125 -0.0625 0.125 -0.001953125 0.00390625 -0.0078125 0.015625 -0.03125 0.0625 -0.125 0.001953125 -0.00390625 0.0078125 -0.015625 0.03125 -0.0625 0.125 -0.001953125 0.00390625 -0.0078125 0.015625 -0.03125 0.0625 -0.125 0.001953125 -0.00390625 0.0078125 -0.015625 0.03125 -0.0625 0.125 -0.001953125 0.00390625 -0.0078125 0.015625 -0.03125 0.0625 -0.125 0.001953125 -0.00390625 0.0078125 -0.015625 0.03125 -0.0625 0.125 -0.001953125 0.00390625 -0.0078125 8.015625 -0.03125 0.0625 -0.125 0.001953125 -0.00390625 0.0078125 -0.015625
-0.00048828125 0.0009765625 -0.001953125 0.00390625 -0.0078125 0.015625 -0.03125 0.00048828125 -0.0009765625 0.001953125 -0.00390625 0.0078125 -0.015625 0.03125 -0.00048828125 0.0009765625 -0.001953125 0.00390625 -0.0078125 0.015625 -0.03125 0.00048828125 -0.0009765625 0.001953125 -0.00390625 0.0078125 -0.015625 0.03125 -0.00048828125 0.0009765625 -0.001953125 0.00390625 -0.0078125 0.015625 -0.03125 0.00048828125 -0.0009765625 0.001953125 -0.00390625 0.0078125 -0.015625 0.03125 -0.00048828125 0.0009765625 -0.001953125 0.00390625 -0.0078125 0.015625 -0.03125 0.00048828125 -0.0009765625 0.001953125 -0.00390625 0.0078125 -0.015625 0.03125 -0.00048828125 0.0009765625 -0.001953125 0.00390625 -0.0078125 0.015625 -0.03125 0.00048828125 -0.0009765625 0.001953125 -0.00390625 0.0078125 -0.015625 0.03125 -0.00048828125 0.0009765625 -0.001953125 0.00390625 -0.0078125 0.015625 -0.03125 0.00048828125 -0.0009765625 0.001953125 -0.00390625 0.0078125 -0.015625 0.03125 -0.00048828125 0.0009765625 -0.001953125 0.00390625 -0.0078125 0.015625 -0.03125 0.00048828125 -0.0009765625 0.001953125 -0.00390625 0.0078125 -0.015625 0.03125 -0.00048828125 0.0009765625 -0.001953125 0.00390625 -0.0078125 0.015625 -0.03125 0.00048828125 -0.0009765625 0.001953125 -0.00390625 0.0078125 -0.015625 0.03125 -0.00048828125 0.0009765625 -0.001953125 0.00390625 -0.0078125 0.015625 -0.03125 0.00048828125 -0.0009765625 0.001953125 -0.00390625 0.0078125 -0.015625 0.03125 -0.00048828125 0.0009765625 -0.001953125 0.00390625 -0.0078125 0.015625 -0.03125 0.00048828125 -0.0009765625 0.001953125 -0.00390625 0.0078125 -0.015625 0.03125 -0.00048828125 0.0009765625 -0.001953125 0.00390625 -0.0078125 0.015625 -0.03125 0.00048828125 -0.0009765625 0.001953125 -0.00390625 0.0078125 -0.015625 0.03125 -0.00048828125 0.0009765625 -0.001953125 0.00390625 -0.0078125 0.015625 -0.03125 0.00048828125 -0.0009765625 0.001953125 -0.00390625 0.0078125 -0.015625 0.03125 -0.00048828125 0.0009765625 -0.001953125 0.00390625 -0.0078125 0.015625 -0.03125 0.00048828125 -0.0009765625 0.001953125 -0.00390625 0.0078125 -0.015625 0.03125 -0.00048828125 0.0009765625 -0.001953125 0.00390625 -0.0078125 0.015625 -0.03125 0.00048828125 -0.0009765625 0.001953125 -0.00390625 0.0078125 -0.015625 0.03125 -0.00048828125 0.0009765625 -0.001953125 0.00390625 -0.0078125 0.015625 -0.03125 0.00048828125 -0.0009765625 0.001953125 -0.00390625 0.0078125 -0.015625 0.03125 -0.00048828125 0.0009765625 -0.001953125 0.00390625 -0.0078125 0.015625 -0.03125 0.00048828125 -0.0009765625 0.001953125 -0.00390625 0.0078125 -0.015625 0.03125 -0.00048828125 0.0009765625 -0.001953125 0.00390625 -0.0078125 0.015625 -0.03125 0.00048828125 -0.0009765625 0.001953125 -0.00390625 0.0078125 -0.015625 0.03125 -0.00048828125 0.0009765625 -0.001953125 0.00390625 -0.0078125 0.015625 -0.03125 0.00048828125 -0.0009765625 0.001953125 -0.00390625 4.0078125 -0.015625 0.03125 -0.00048828125 0.0009765625 -0.001953125 0.00390625
0.0009765625 -0.001953125 0.00390625 -0.0078125 0.015625 -0.03125 0.0625 -0.0009765625 0.001953125 -0.00390625 0.0078125 -0.015625 0.03125 -0.0625 0.0009765625 -0.001953125 0.00390625 -0.0078125 0.015625 -0.03125 0.0625 -0.0009765625 0.001953125 -0.00390625 0.0078125 -0.015625 0.03125 -0.0625 0.0009765625 -0.001953125 0.00390625 -0.0078125 0.015625 -0.03125 0.0625 -0.0009765625 0.001953125 -0.00390625 0.0078125 -0.015625 0.03125 -0.0625 0.0009765625 -0.001953125 0.00390625 -0.0078125 0.015625 -0.03125 0.0625 -0.0009765625 0.001953125 -0.00390625 0.0078125 -0.015625 0.03125 -0.0625 0.0009765625 -0.001953125 0.00390625 -0.0078125 0.015625 -0.03125 0.0625 -0.0009765625 0.001953125 -0.00390625 0.0078125 -0.015625 0.03125 -0.0625 0.0009765625 -0.001953125 0.00390625 -0.0078125 0.015625 -0.03125 0.0625 -0.0009765625 0.001953125 -0.00390625 0.0078125 -0.015625 0.03125 -0.0625 0.0009765625 -0.001953125 0.00390625 -0.0078125 0.015625 -0.03125 0.0625 -0.0009765625 0.001953125 -0.00390625 0.0078125 -0.015625 0.03125 -0.0625 0.0009765625 -0.001953125 0.00390625 -0.0078125 0.015625 -0.03125 0.0625 -0.0009765625 0.001953125 -0.00390625 0.0078125 -0.015625 0.03125 -0.0625 0.0009765625 -0.001953125 0.00390625 -0.0078125 0.015625 -0.03125 0.0625 -0.0009765625 0.001953125 -0.00390625 0.0078125 -0.015625 0.03125 -0.0625 0.0009765625 -0.001953125 0.00390625 -0.0078125 0.015625 -0.03125 0.0625 -0.0009765625 0.001953125 -0.00390625 0.0078125 -0.015625 0.03125 -0.0625 0.0009765625 -0.001953125 0.00390625 -0.0078125 0.015625 -0.03125 0.0625 -0.0009765625 0.001953125 -0.00390625 0.0078125 -0.015625 0.03125 -0.0625 0.0009765625 -0.001953125 0.00390625 -0.0078125 0.015625 -0.03125 0.0625 -0.0009765625 0.001953125 -0.00390625 0.0078125 -0.015625 0.03125 -0.0625 0.0009765625 -0.001953125 0.00390625 -0.0078125 0.015625 -0.03125 0.0625 -0.0009765625 0.001953125 -0.00390625 0.0078125 -0.015625 0.03125 -0.0625 0.0009765625 -0.001953125 0.00390625 -0.0078125 0.015625 -0.03125 0.0625 -0.0009765625 0.001953125 -0.00390625 0.0078125 -0.015625 0.03125 -0.0625 0.0009765625 -0.001953125 0.00390625 -0.0078125 0.015625 -0.03125 0.0625 -0.0009765625 0.001953125 -0.00390625 0.0078125 -0.015625 0.03125 -0.0625 0.0009765625 -0.001953125 0.00390625 -0.0078125 0.015625 -0.03125 0.0625 -0.0009765625 0.001953125 -0.00390625 0.0078125 -0.015625 0.03125 -0.0625 0.0009765625 -0.001953125 0.00390625 -0.0078125 0.015625 -0.03125 0.0625 -0.0009765625 0.001953125 -0.00390625 0.0078125 -0.015625 0.03125 -0.0625 0.0009765625 -0.001953125 0.00390625 -0.0078125 0.015625 -0.03125 0.0625 -0.0009765625 0.001953125 -0.00390625 0.0078125 -0.015625 16.03125 -0.0625 0.0009765625 -0.001953125 0.00390625 -0.0078125
-0.001953125 0.00390625 -0.0078125 0.015625 -0.03125 0.0625 -0.125 0.001953125 -0.00390625 0.0078125 -0.015625 0.03125 -0.0625 0.125 -0.001953125 0.00390625 -0.0078125 0.015625 -0.03125 0.0625 -0.125 0.001953125 -0.00390625 0.0078125 -0.015625 0.03125 -0.0625 0.125 -0.001953125 0.00390625 -0.0078125 0.015625 -0.03125 0.0625 -0.125 0.001953125 -0.00390625 0.0078125 -0.015625 0.03125 -0.0625 0.125 -0.001953125 0.00390625 -0.0078125 0.015625 -0.03125 0.0625 -0.125 0.001953125 -0.00390625 0.0078125 -0.015625 0.03125 -0.0625 0.125 -0.001953125 0.00390625 -0.0078125 0.015625 -0.03125 0.0625 -0.125 0.001953125 -0.00390625 0.0078125 -0.015625 0.03125 -0.0625 0.125 -0.001953125 0.00390625 -0.0078125 0.015625 -0.03125 0.0625 -0.125 0.001953125 -0.00390625 0.0078125 -0.015625 0.03125 -0.0625 0.125 -0.001953125 0.00390625 -0.0078125 0.015625 -0.03125 0.0625 -0.125 0.001953125 -0.00390625 0.0078125 -0.015625 0.03125 -0.0625 0.125 -0.001953125 0.00390625 -0.0078125 0.015625 -0.03125 0.0625 -0.125 0.001953125 -0.00390625 0.0078125 -0.015625 0.03125 -0.0625 0.125 -0.001953125 0.00390625 -0.0078125 0.015625 -0.03125 0.0625 -0.125 0.001953125 -0.00390625 0.0078125 -0.015625 0.03125 -0.0625 0.125 -0.001953125 0.00390625 -0.0078125 0.015625 -0.03125 0.0625 -0.125 0.001953125 -0.00390625 0.0078125 -0.015625 0.03125 -0.0625 0.125 -0.001953125 0.00390625 -0.0078125 0.015625 -0.03125 0.0625 -0.125 0.001953125 -0.00390625 0.0078125 -0.015625 0.03125 -0.0625 0.125 -0.001953125 0.00390625 -0.0078125 0.015625 -0.03125 0.0625 -0.125 0.001953125 -0.00390625 0.0078125 -0.015625 0.03125 -0.0625 0.125 -0.001953125 0.00390625 -0.0078125 0.015625 -0.03125 0.0625 -0.125 0.001953125 -0.00390625 0.0078125 -0.015625 0.03125 -0.0625 0.125 -0.001953125 0.00390625 -0.0078125 0.015625 -0.03125 0.0625 -0.125 0.001953125 -0.00390625 0.0078125 -0.015625 0.03125 -0.0625 0.125 -0.001953125 0.00390625 -0.0078125 0.015625 -0.03125 0.0625 -0.125 0.001953125 -0.00390625 0.0078125 -0.015625 0.03125 -0.0625 0.125 -0.001953125 0.00390625 -0.0078125 0.015625 -0.03125 0.0625 -0.125 0.001953125 -0.00390625 0.0078125 -0.015625 0.03125 -0.0625 0.125 -0.001953125 0.00390625 -0.0078125 0.015625 -0.03125 0.0625 -0.125 0.001953125 -0.00390625 0.0078125 -0.015625 0.03125 -0.0625 0.125 -0.001953125 0.00390625 -0.0078125 0.015625 -0.03125 0.0625 -0.125 0.001953125 -0.00390625 0.0078125 -0.015625 0.03125 -0.0625 64.125 -0.001953125 0.00390625 -0.0078125 0.015625
0.00048828125 -0.0009765625 0.001953125 -0.00390625 0.0078125 -0.015625 0.03125 -0.00048828125 0.0009765625 -0.001953125 0.00390625 -0.0078125 0.015625 -0.03125 0.00048828125 -0.0009765625 0.001953125 -0.00390625 0.0078125 -0.015625 0.03125 -0.00048828125 0.0009765625 -0.001953125 0.00390625 -0.0078125 0.015625 -0.03125 0.00048828125 -0.0009765625 0.001953125 -0.00390625 0.0078125 -0.015625 0.03125 -0.00048828125 0.0009765625 -0.001953125 0.00390625 -0.0078125 0.015625 -0.03125 0.00048828125 -0.0009765625 0.001953125 -0.00390625 0.0078125 -0.015625 0.03125 -0.00048828125 0.0009765625 -0.001953125 0.00390625 -0.0078125 0.015625 -0.03125 0.00048828125 -0.0009765625 0.001953125 -0.00390625 0.0078125 -0.015625 0.03125 -0.00048828125 0.0009765625 -0.001953125 0.00390625 -0.0078125 0.015625 -0.03125 0.00048828125 -0.0009765625 0.001953125 -0.00390625 0.0078125 -0.015625 0.03125 -0.00048828125 0.0009765625 -0.001953125 0.00390625 -0.0078125 0.015625 -0.03125 0.00048828125 -0.0009765625 0.001953125 -0.00390625 0.0078125 -0.015625 0.03125 -0.00048828125 0.0009765625 -0.001953125 0.00390625 -0.0078125 0.015625 -0.03125 0.00048828125 -0.0009765625 0.001953125 -0.00390625 0.0078125 -0.015625 0.03125 -0.00048828125 0.0009765625 -0.001953125 0.00390625 -0.0078125 0.015625 -0.03125 0.00048828125 -0.0009765625 0.001953125 -0.00390625 0.0078125 -0.015625 0.03125 -0.00048828125 0.0009765625 -0.001953125 0.00390625 -0.0078125 0.015625 -0.03125 0.00048828125 -0.0009765625 0.001953125 -0.00390625 0.0078125 -0.015625 0.03125 -0.00048828125 0.0009765625 -0.001953125 0.00390625 -0.0078125 0.015625 -0.03125 0.00048828125 -0.0009765625 0.001953125 -0.00390625 0.0078125 -0.015625 0.03125 -0.00048828125 0.0009765625 -0.001953125 0.00390625 -0.0078125 0.015625 -0.03125 0.00048828125 -0.0009765625 0.001953125 -0.00390625 0.0078125 -0.015625 0.03125 -0.00048828125 0.0009765625 -0.001953125 0.00390625 -0.0078125 0.015625 -0.03125 0.00048828125 -0.0009765625 0.001953125 -0.00390625 0.0078125 -0.015625 0.03125 -0.00048828125 0.0009765625 -0.001953125 0.00390625 -0.0078125 0.015625 -0.03125 0.00048828125 -0.0009765625 0.001953125 -0.00390625 0.0078125 -0.015625 0.03125 -0.00048828125 0.0009765625 -0.001953125 0.00390625 -0.0078125 0.015625 -0.03125 0.00048828125 -0.0009765625 0.001953125 -0.00390625 0.0078125 -0.015625 0.03125 -0.00048828125 0.0009765625 -0.001953125 0.00390625 -0.0078125 0.015625 -0.03125 0.00048828125 -0.0009765625 0.001953125 -0.00390625 0.0078125 -0.015625 0.03125 -0.00048828125 0.0009765625 -0.001953125 0.00390625 -0.0078125 0.015625 -0.03125 0.00048828125 -0.0009765625 0.001953125 -0.00390625 0.0078125 -0.015625 0.03125 -0.00048828125 0.0009765625 -0.001953125 0.00390625 -0.0078125 0.015625 -0.03125 0.00048828125 -0.0009765625 0.001953125 -0.00390625 0.0078125 -0.015625 0.03125 -0.00048828125 0.0009765625 -0.001953125 0.00390625 -0.0078125 0.015625 -0.03125 0.25048828125 -0.0009765625 0.001953125 -0.00390625
-0.0009765625 0.001953125 -0.00390625 0.0078125 -0.015625 0.03125 -0.0625 0.0009765625 -0.001953125 0.00390625 -0.0078125 0.015625 -0.03125 0.0625 -0.0009765625 0.001953125 -0.00390625 0.0078125 -0.015625 0.03125 -0.0625 0.0009765625 -0.001953125 0.00390625 -0.0078125 0.015625 -0.03125 0.0625 -0.0009765625 0.001953125 -0.00390625 0.0078125 -0.015625 0.03125 -0.0625 0.0009765625 -0.001953125 0.00390625 -0.0078125 0.015625 -0.03125 0.0625 -0.0009765625 0.001953125 -0.00390625 0.0078125 -0.015625 0.03125 -0.0625 0.0009765625 -0.001953125 0.00390625 -0.0078125 0.015625 -0.03125 0.0625 -0.0009765625 0.001953125 -0.00390625 0.0078125 -0.015625 0.03125 -0.0625 0.0009765625 -0.001953125 0.00390625 -0.0078125 0.015625 -0.03125 0.0625 -0.0009765625 0.001953125 -0.00390625 0.0078125 -0.015625 0.03125 -0.0625 0.0009765625 -0.001953125 0.00390625 -0.0078125 0.015625 -0.03125 0.0625 -0.0009765625 0.001953125 -0.00390625 0.0078125 -0.015625 0.03125 -0.0625 0.0009765625 -0.001953125 0.00390625 -0.0078125 0.015625 -0.03125 0.0625 -0.0009765625 0.001953125 -0.00390625 0.0078125 -0.015625 0.03125 -0.0625 0.0009765625 -0.001953125 0.00390625 -0.0078125 0.015625 -0.03125 0.0625 -0.0009765625 0.001953125 -0.00390625 0.0078125 -0.015625 0.03125 -0.0625 0.0009765625 -0.001953125 0.00390625 -0.0078125 0.015625 -0.03125 0.0625 -0.0009765625 0.001953125 -0.00390625 0.0078125 -0.015625 0.03125 -0.0625 0.0009765625 -0.001953125 0.00390625 -0.0078125 0.015625 -0.03125 0.0625 -0.0009765625 0.001953125 -0.00390625 0.0078125 -0.015625 0.03125 -0.0625 0.0009765625 -0.001953125 0.00390625 -0.0078125 0.015625 -0.03125 0.0625 -0.0009765625 0.001953125 -0.00390625 0.0078125 -0.015625 0.03125 -0.0625 0.0009765625 -0.001953125 0.00390625 -0.0078125 0.015625 -0.03125 0.0625 -0.0009765625 0.001953125 -0.00390625 0.0078125 -0.015625 0.03125 -0.0625 0.0009765625 -0.001953125 0.00390625 -0.0078125 0.015625 -0.03125 0.0625 -0.0009765625 0.001953125 -0.00390625 0.0078125 -0.015625 0.03125 -0.0625 0.0009765625 -0.001953125 0.00390625 -0.0078125 0.015625 -0.03125 0.0625 -0.0009765625 0.001953125 -0.00390625 0.0078125 -0.015625 0.03125 -0.0625 0.0009765625 -0.001953125 0.00390625 -0.0078125 0.015625 -0.03125 0.0625 -0.0009765625 0.001953125 -0.00390625 0.0078125 -0.015625 0.03125 -0.0625 0.0009765625 -0.001953125 0.00390625 -0.0078125 0.015625 -0.03125 0.0625 -0.0009765625 0.001953125 -0.00390625 0.0078125 -0.015625 0.03125 -0.0625 0.0009765625 -0.001953125 0.00390625 -0.0078125 0.015625 -0.03125 0.0625 -0.0009765625 0.001953125 -0.00390625 0.0078125 -0.015625 0.03125 -0.0625 0.0009765625 -0.001953125 0.00390625 -0.0078125 0.015625 -0.03125 0.0625 -0.0009765625 1.001953125 -0.00390625 0.0078125
0.001953125 -0.00390625 0.0078125 -0.015625 0.03125 -0.0625 0.125 -0.001953125 0.00390625 -0.0078125 0.015625 -0.03125 0.0625 -0.125 0.001953125 -0.00390625 0.0078125 -0.015625 0.03125 -0.0625 0.125 -0.001953125 0.00390625 -0.0078125 0.015625 -0.03125 0.0625 -0.125 0.001953125 -0.00390625 0.0078125 -0.015625 0.03125 -0.0625 0.125 -0.001953125 0.00390625 -0.0078125 0.015625 -0.03125 0.0625 -0.125 0.001953125 -0.00390625 0.0078125 -0.015625 0.03125 -0.0625 0.125 -0.001953125 0.00390625 -0.0078125 0.015625 -0.03125 0.0625 -0.125 0.001953125 -0.00390625 0.0078125 -0.015625 0.03125 -0.0625 0.125 -0.001953125 0.00390625 -0.0078125 0.015625 -0.03125 0.0625 -0.125 0.001953125 -0.00390625 0.0078125 -0.015625 0.03125 -0.0625 0.125 -0.001953125 0.00390625 -0.0078125 0.015625 -0.03125 0.0625 -0.125 0.001953125 -0.00390625 0.0078125 -0.015625 0.03125 -0.0625 0.125 -0.001953125 0.00390625 -0.0078125 0.015625 -0.03125 0.0625 -0.125 0.001953125 -0.00390625 0.0078125 -0.015625 0.03125 -0.0625 0.125 -0.001953125 0.00390625 -0.0078125 0.015625 -0.03125 0.0625 -0.125 0.001953125 -0.00390625 0.0078125 -0.015625 0.03125 -0.0625 0.125 -0.001953125 0.00390625 -0.0078125 0.015625 -0.03125 0.0625 -0.125 0.001953125 -0.00390625 0.0078125 -0.015625 0.03125 -0.0625 0.125 -0.001953125 0.00390625 -0.0078125 0.015625 -0.03125 0.0625 -0.125 0.001953125 -0.00390625 0.0078125 -0.015625 0.03125 -0.0625 0.125 -0.001953125 0.00390625 -0.0078125 0.015625 -0.03125 0.0625 -0.125 0.001953125 -0.00390625 0.0078125 -0.015625 0.03125 -0.0625 0.125 -0.001953125 0.00390625 -0.0078125 0.015625 -0.03125 0.0625 -0.125 0.001953125 -0.00390625 0.0078125 -0.015625 0.03125 -0.0625 0.125 -0.001953125 0.00390625 -0.0078125 0.015625 -0.03125 0.0625 -0.125 0.001953125 -0.00390625 0.0078125 -0.015625 0.03125 -0.0625 0.125 -0.001953125 0.00390625 -0.0078125 0.015625 -0.03125 0.0625 -0.125 0.001953125 -0.00390625 0.0078125 -0.015625 0.03125 -0.0625 0.125 -0.001953125 0.00390625 -0.0078125 0.015625 -0.03125 0.0625 -0.125 0.001953125 -0.00390625 0.0078125 -0.015625 0.03125 -0.0625 0.125 -0.001953125 0.00390625 -0.0078125 0.015625 -0.03125 0.0625 -0.125 0.001953125 -0.00390625 0.0078125 -0.015625 0.03125 -0.0625 0.125 -0.001953125 0.00390625 -0.0078125 0.015625 -0.03125 0.0625 -0.125 0.001953125 -0.00390625 0.0078125 -0.015625 0.03125 -0.0625 0.125 -0.001953125 0.00390625 -0.0078125 0.015625 -0.03125 0.0625 -0.125 0.001953125 -0.00390625 4.0078125 -0.015625
-0.00048828125 0.0009765625 -0.001953125 0.00390625 -0.0078125 0.015625 -0.03125 0.00048828125 -0.0009765625 0.001953125 -0.00390625 0.0078125 -0.015625 0.03125 -0.00048828125 0.0009765625 -0.001953125 0.00390625 -0.0078125 0.015625 -0.03125 0.00048828125 -0.0009765625 0.001953125 -0.00390625 0.0078125 -0.015625 0.03125 -0.00048828125 0.0009765625 -0.001953125 0.00390625 -0.0078125 0.015625 -0.03125 0.00048828125 -0.0009765625 0.001953125 -0.00390625 0.0078125 -0.015625 0.03125 -0.00048828125 0.0009765625 -0.001953125 0.00390625 -0.0078125 0.015625 -0.03125 0.00048828125 -0.0009765625 0.001953125 -0.00390625 0.0078125 -0.015625 0.03125 -0.00048828125 0.0009765625 -0.001953125 0.00390625 -0.0078125 0.015625 -0.03125 0.00048828125 -0.0009765625 0.001953125 -0.00390625 0.0078125 -0.015625 0.03125 -0.00048828125 0.0009765625 -0.001953125 0.00390625 -0.0078125 0.015625 -0.03125 0.00048828125 -0.0009765625 0.001953125 -0.00390625 0.0078125 -0.015625 0.03125 -0.00048828125 0.0009765625 -0.001953125 0.00390625 -0.0078125 0.015625 -0.03125 0.00048828125 -0.0009765625 0.001953125 -0.00390625 0.0078125 -0.015625 0.03125 -0.00048828125 0.0009765625 -0.001953125 0.00390625 -0.0078125 0.015625 -0.03125 0.00048828125 -0.0009765625 0.001953125 -0.00390625 0.0078125 -0.015625 0.03125 -0.00048828125 0.0009765625 -0.001953125 0.00390625 -0.0078125 0.015625 -0.03125 0.00048828125 -0.0009765625 0.001953125 -0.00390625 0.0078125 -0.015625 0.03125 -0.00048828125 0.0009765625 -0.001953125 0.00390625 -0.0078125 0.015625 -0.03125 0.00048828125 -0.0009765625 0.001953125 -0.00390625 0.0078125 -0.015625 0.03125 -0.00048828125 0.0009765625 -0.001953125 0.00390625 -0.0078125 0.015625 -0.03125 0.00048828125 -0.0009765625 0.001953125 -0.00390625 0.0078125 -0.015625 0.03125 -0.00048828125 0.0009765625 -0.001953125 0.00390625 -0.0078125 0.015625 -0.03125 0.00048828125 -0.0009765625 0.001953125 -0.00390625 0.0078125 -0.015625 0.03125 -0.00048828125 0.0009765625 -0.001953125 0.00390625 -0.0078125 0.015625 -0.03125 0.00048828125 -0.0009765625 0.001953125 -0.00390625 0.0078125 -0.015625 0.03125 -0.00048828125 0.0009765625 -0.001953125 0.00390625 -0.0078125 0.015625 -0.03125 0.00048828125 -0.0009765625 0.001953125 -0.00390625 0.0078125 -0.015625 0.03125 -0.00048828125 0.0009765625 -0.001953125 0.00390625 -0.0078125 0.015625 -0.03125 0.00048828125 -0.0009765625 0.001953125 -0.00390625 0.0078125 -0.015625 0.03125 -0.00048828125 0.0009765625 -0.001953125 0.00390625 -0.0078125 0.015625 -0.03125 0.00048828125 -0.0009765625 0.001953125 -0.00390625 0.0078125 -0.015625 0.03125 -0.00048828125 0.0009765625 -0.001953125 0.00390625 -0.0078125 0.015625 -0.03125 0.00048828125 -0.0009765625 0.001953125 -0.00390625 0.0078125 -0.015625 0.03125 -0.00048828125 0.0009765625 -0.001953125 0.00390625 -0.0078125 0.015625 -0.03125 0.00048828125 -0.0009765625 0.001953125 -0.00390625 0.0078125 -0.015625 0.03125 -0.00048828125 0.0009765625 -0.001953125 2.00390625
B 0 0
input 256
-0.249755859375 -0.75048828125 -1.9990234375 -0.500244140625 0.00048828125 7.9990234375 8.000244140625 0.37451171875 2.0009765625 -1.000244140625 -2.99951171875 -8.0009765625 -1.999755859375 -0.00048828125 0.2509765625 0.249755859375 1.50048828125 7.9990234375 -3.999755859375 -12.00048828125 -31.9990234375 -0.062744140625 0.00048828125 0.9990234375 1.000244140625 5.99951171875 32.0009765625 -16.000244140625 -0.37451171875 -1.0009765625 -0.249755859375 -0.00048828125 4.0009765625 3.999755859375 24.00048828125 0.9990234375 -0.499755859375 -1.50048828125 -3.9990234375 -1.000244140625 0.00048828125 15.9990234375 0.125244140625 0.74951171875 4.0009765625 -2.000244140625 -5.99951171875 -16.0009765625 -3.999755859375 -0.00048828125 0.5009765625 0.499755859375 3.00048828125 15.9990234375 -7.999755859375 -24.00048828125 -0.4990234375 -0.125244140625 0.00048828125 1.9990234375 2.000244140625 11.99951171875 64.0009765625 -0.250244140625 -0.74951171875 -2.0009765625 -0.499755859375 -0.00048828125 8.0009765625 7.999755859375 0.37548828125 1.9990234375 -0.999755859375 -3.00048828125 -7.9990234375 -2.000244140625 0.00048828125 0.2490234375 0.250244140625 1.49951171875 8.0009765625 -4.000244140625 -11.99951171875 -32.0009765625 -0.062255859375 -0.00048828125 1.0009765625 0.999755859375 6.00048828125 31.9990234375 -15.999755859375 -0.37548828125 -0.9990234375 -0.250244140625 0.00048828125 3.9990234375 4.000244140625 23.99951171875 1.0009765625 -0.500244140625 -1.49951171875 -4.0009765625 -0.999755859375 -0.00048828125 16.0009765625 0.124755859375 0.75048828125 3.9990234375 -1.999755859375 -6.00048828125 -15.9990234375 -4.000244140625 0.00048828125 0.4990234375 0.500244140625 2.99951171875 16.0009765625 -8.000244140625 -23.99951171875 -0.5009765625 -0.124755859375 -0.00048828125 2.0009765625 1.999755859375 12.00048828125 63.9990234375 -0.249755859375 -0.75048828125 -1.9990234375 -0.500244140625 0.00048828125 7.9990234375 8.000244140625 0.37451171875 2.0009765625 -1.000244140625 -2.99951171875 -8.0009765625 -1.999755859375 -0.00048828125 0.2509765625 0.249755859375 1.50048828125 7.9990234375 -3.999755859375 -12.00048828125 -31.9990234375 -0.062744140625 0.00048828125 0.9990234375 1.000244140625 5.99951171875 32.0009765625 -16.000244140625 -0.37451171875 -1.0009765625 -0.249755859375 -0.00048828125 4.0009765625 3.999755859375 24.00048828125 0.9990234375 -0.499755859375 -1.50048828125 -3.9990234375 -1.000244140625 0.00048828125 15.9990234375 0.125244140625 0.74951171875 4.0009765625 -2.000244140625 -5.99951171875 -16.0009765625 -3.999755859375 -0.00048828125 0.5009765625 0.499755859375 3.00048828125 15.9990234375 -7.999755859375 -24.00048828125 -0.4990234375 -0.125244140625 0.00048828125 1.9990234375 2.000244140625 11.99951171875 64.0009765625 -0.250244140625 -0.74951171875 -2.0009765625 -0.499755859375 -0.00048828125 8.0009765625 7.999755859375 0.37548828125 1.9990234375 -0.999755859375 -3.00048828125 -7.9990234375 -2.000244140625 0.00048828125 0.2490234375 0.250244140625 1.49951171875 8.0009765625 -4.000244140625 -11.99951171875 -32.0009765625 -0.062255859375 -0.00048828125 1.0009765625 0.999755859375 6.00048828125 31.9990234375 -15.999755859375 -0.37548828125 -0.9990234375 -0.250244140625 0.00048828125 3.9990234375 4.000244140625 23.99951171875 1.0009765625 -0.500244140625 -1.49951171875 -4.0009765625 -0.999755859375 -0.00048828125 16.0009765625 0.124755859375 0.75048828125 3.9990234375 -1.999755859375 -6.00048828125 -15.9990234375 -4.000244140625 0.00048828125 0.4990234375 0.500244140625 2.99951171875 16.0009765625 -8.000244140625 -23.99951171875 -0.5009765625 -0.124755859375 -0.00048828125 2.0009765625 1.999755859375 12.00048828125 63.9990234375 -0.249755859375 -0.75048828125 -1.9990234375 -0.500244140625
expected 256
-1 -0.75 -0.5 -0.25 0 0.25 0.5 0.75 1 -1 -0.75 -0.5 -0.25 0 0.25 0.5 0.75 1 -1 -0.75 -0.5 -0.25 0 0.25 0.5 0.75 1 -1 -0.75 -0.5 -0.25 0 0.25 0.5 0.75 1 -1 -0.75 -0.5 -0.25 0 0.25 0.5 0.75 1 -1 -0.75 -0.5 -0.25 0 0.25 0.5 0.75 1 -1 -0.75 -0.5 -0.25 0 0.25 0.5 0.75 1 -1 -0.75 -0.5 -0.25 0 0.25 0.5 0.75 1 -1 -0.75 -0.5 -0.25 0 0.25 0.5 0.75 1 -1 -0.75 -0.5 -0.25 0 0.25 0.5 0.75 1 -1 -0.75 -0.5 -0.25 0 0.25 0.5 0.75 1 -1 -0.75 -0.5 -0.25 0 0.25 0.5 0.75 1 -1 -0.75 -0.5 -0.25 0 0.25 0.5 0.75 1 -1 -0.75 -0.5 -0.25 0 0.25 0.5 0.75 1 -1 -0.75 -0.5 -0.25 0 0.25 0.5 0.75 1 -1 -0.75 -0.5 -0.25 0 0.25 0.5 0.75 1 -1 -0.75 -0.5 -0.25 0 0.25 0.5 0.75 1 -1 -0.75 -0.5 -0.25 0 0.25 0.5 0.75 1 -1 -0.75 -0.5 -0.25 0 0.25 0.5 0.75 1 -1 -0.75 -0.5 -0.25 0 0.25 0.5 0.75 1 -1 -0.75 -0.5 -0.25 0 0.25 0.5 0.75 1 -1 -0.75 -0.5 -0.25 0 0.25 0.5 0.75 1 -1 -0.75 -0.5 -0.25 0 0.25 0.5 0.75 1 -1 -0.75 -0.5 -0.25 0 0.25 0.5 0.75 1 -1 -0.75 -0.5 -0.25 0 0.25 0.5 0.75 1 -1 -0.75 -0.5 -0.25 0 0.25 0.5 0.75 1 -1 -0.75 -0.5 -0.25 0 0.25 0.5 0.75 1 -1 -0.75 -0.5 -0.25 0 0.25 0.5 0.75 1 -1 -0.75 -0.5 -0.25
end
